     0   -75.15898812   -75.15898812   -42.09555689   -42.09555689   -41.81217043   -41.81217043   -41.80312201   -41.80312201   -12.41412067   -12.41412067    -2.97681646    -2.97681646     0.42341816     0.42341816     0.42705253     0.42705253     1.59582605     1.59582605     3.63268940     3.63268940     3.63268940     3.63268940     3.63268940     3.63268940     3.63268940     3.63268940
     1   -75.15898787   -75.15898787   -42.09555780   -42.09555780   -41.81217181   -41.81217181   -41.80312239   -41.80312239   -12.41405494   -12.41405494    -2.97675446    -2.97675446     0.42312500     0.42314452     0.42680049     0.42682000     1.59588547     1.59588547     3.63255969     3.63256363     3.63268353     3.63268411     3.63269014     3.63269067     3.63281655     3.63282053
     2   -75.15898714   -75.15898714   -42.09556052   -42.09556052   -41.81217594   -41.81217594   -41.80312353   -41.80312353   -12.41385780   -12.41385780    -2.97656840    -2.97656840     0.42223163     0.42226780     0.42610051     0.42613668     1.59606365     1.59606365     3.63243409     3.63244187     3.63266961     3.63267025     3.63269050     3.63269100     3.63294237     3.63295028
     3   -75.15898595   -75.15898595   -42.09556504   -42.09556504   -41.81218280   -41.81218280   -41.80312542   -41.80312542   -12.41352928   -12.41352928    -2.97625806    -2.97625805     0.42067635     0.42072320     0.42501841     0.42506526     1.59636033     1.59636033     3.63231520     3.63232661     3.63264738     3.63264790     3.63269099     3.63269125     3.63306417     3.63307584
     4   -75.15898432   -75.15898432   -42.09557133   -42.09557133   -41.81219237   -41.81219237   -41.80312804   -41.80312804   -12.41306946   -12.41306946    -2.97582307    -2.97582306     0.41839718     0.41844718     0.42361944     0.42366945     1.59677512     1.59677512     3.63220542     3.63222018     3.63261767     3.63261800     3.63269153     3.63269164     3.63317929     3.63319447
     5   -75.15898229   -75.15898229   -42.09557937   -42.09557937   -41.81220461   -41.81220461   -41.80313137   -41.80313137   -12.41247845   -12.41247845    -2.97526295    -2.97526294     0.41536413     0.41541165     0.42193407     0.42198159     1.59730747     1.59730747     3.63210693     3.63212467     3.63258177     3.63258187     3.63269186     3.63269241     3.63328516     3.63330353
     6   -75.15897991   -75.15897991   -42.09558913   -42.09558913   -41.81221947   -41.81221947   -41.80313540   -41.80313540   -12.41175638   -12.41175637    -2.97457710    -2.97457709     0.41157764     0.41162011     0.41996181     0.42000428     1.59795671     1.59795672     3.63202164     3.63204192     3.63254113     3.63254129     3.63269221     3.63269326     3.63337940     3.63340057
     7   -75.15897724   -75.15897724   -42.09560054   -42.09560054   -41.81223689   -41.81223689   -41.80314007   -41.80314007   -12.41090339   -12.41090339    -2.97376485    -2.97376484     0.40705027     0.40708713     0.41769177     0.41772863     1.59872209     1.59872209     3.63195114     3.63197347     3.63249768     3.63249809     3.63269257     3.63269417     3.63345985     3.63348336
     8   -75.15897433   -75.15897433   -42.09561357   -42.09561357   -41.81225682   -41.81225682   -41.80314537   -41.80314537   -12.40991967   -12.40991967    -2.97282544    -2.97282543     0.40179536     0.40182692     0.41511403     0.41514559     1.59960275     1.59960275     3.63189670     3.63192053     3.63245359     3.63245422     3.63269292     3.63269508     3.63352463     3.63354996
     9   -75.15897126   -75.15897126   -42.09562816   -42.09562816   -41.81227917   -41.81227917   -41.80315125   -41.80315125   -12.40880538   -12.40880537    -2.97175808    -2.97175807     0.39582399     0.39585083     0.41222213     0.41224897     1.60059781     1.60059782     3.63185923     3.63188398     3.63241104     3.63241186     3.63269324     3.63269594     3.63357215     3.63359877
    10   -75.15896809   -75.15896809   -42.09564424   -42.09564424   -41.81230388   -41.81230388   -41.80315767   -41.80315767   -12.40756070   -12.40756069    -2.97056199    -2.97056197     0.38914509     0.38916783     0.40901259     0.40903532     1.60170640     1.60170640     3.63183928     3.63186435     3.63237230     3.63237323     3.63269350     3.63269671     3.63360123     3.63362855
    11   -75.15896488   -75.15896488   -42.09566175   -42.09566175   -41.81233086   -41.81233086   -41.80316457   -41.80316457   -12.40618581   -12.40618580    -2.96923637    -2.96923635     0.38176616     0.38178532     0.40548404     0.40550319     1.60292765     1.60292765     3.63183703     3.63186180     3.63233957     3.63234052     3.63269370     3.63269734     3.63361105     3.63363849
    12   -75.15896169   -75.15896169   -42.09568062   -42.09568062   -41.81236002   -41.81236002   -41.80317191   -41.80317191   -12.40468087   -12.40468087    -2.96778048    -2.96778047     0.37369384     0.37370990     0.40163646     0.40165251     1.60426076     1.60426077     3.63185231     3.63187618     3.63231495     3.63231582     3.63269380     3.63269779     3.63360123     3.63362819
    13   -75.15895858   -75.15895858   -42.09570078   -42.09570078   -41.81239128   -41.81239128   -41.80317964   -41.80317964   -12.40304606   -12.40304605    -2.96619367    -2.96619366     0.36493435     0.36494770     0.39747082     0.39748416     1.60570506     1.60570507     3.63188462     3.63190699     3.63230034     3.63230101     3.63269381     3.63269803     3.63357179     3.63359771
    14   -75.15895559   -75.15895559   -42.09572215   -42.09572215   -41.81242454   -41.81242454   -41.80318771   -41.80318771   -12.40128148   -12.40128148    -2.96447536    -2.96447535     0.35549368     0.35550465     0.39298874     0.39299971     1.60726000     1.60726001     3.63193311     3.63195346     3.63229737     3.63229770     3.63269371     3.63269803     3.63352322     3.63354753
    15   -75.15895276   -75.15895276   -42.09574467   -42.09574467   -41.81245971   -41.81245971   -41.80319606   -41.80319606   -12.39938727   -12.39938726    -2.96262509    -2.96262508     0.34537783     0.34538670     0.38819236     0.38820123     1.60892521     1.60892522     3.63199671     3.63201456     3.63230716     3.63230726     3.63269349     3.63269776     3.63345640     3.63347862
    16   -75.15895011   -75.15895011   -42.09576825   -42.09576825   -41.81249671   -41.81249671   -41.80320463   -41.80320463   -12.39736348   -12.39736348    -2.96064254    -2.96064253     0.33459279     0.33459981     0.38308420     0.38309121     1.61070053     1.61070054     3.63207409     3.63208906     3.63233019     3.63233081     3.63269315     3.63269722     3.63337267     3.63339231
    17   -75.15894766   -75.15894766   -42.09579284   -42.09579284   -41.81253545   -41.81253545   -41.80321338   -41.80321338   -12.39521018   -12.39521018    -2.95852755    -2.95852754     0.32314471     0.32315008     0.37766707     0.37767244     1.61258604     1.61258604     3.63216377     3.63217562     3.63236712     3.63236825     3.63269270     3.63269640     3.63327370     3.63329037
    18   -75.15894540   -75.15894540   -42.09581836   -42.09581836   -41.81257586   -41.81257586   -41.80322224   -41.80322224   -12.39292736   -12.39292736    -2.95628009    -2.95628008     0.31103984     0.31104375     0.37194407     0.37194798     1.61458205     1.61458206     3.63226420     3.63227287     3.63241764     3.63241919     3.63269214     3.63269530     3.63316153     3.63317490
    19   -75.15894331   -75.15894331   -42.09584475   -42.09584475   -41.81261784   -41.81261784   -41.80323119   -41.80323119   -12.39051500   -12.39051500    -2.95390032    -2.95390032     0.29828458     0.29828720     0.36591852     0.36592115     1.61668920     1.61668920     3.63237383     3.63237945     3.63248083     3.63248256     3.63269148     3.63269394     3.63303852     3.63304833
    20   -75.15894137   -75.15894137   -42.09587195   -42.09587195   -41.81266134   -41.81266134   -41.80324015   -41.80324015   -12.38797303   -12.38797303    -2.95138857    -2.95138857     0.28488550     0.28488700     0.35959394     0.35959544     1.61890835     1.61890835     3.63249118     3.63249414     3.63255506     3.63255657     3.63269073     3.63269234     3.63290725     3.63291333
    21   -75.15893952   -75.15893952   -42.09589990   -42.09589990   -41.81270629   -41.81270629   -41.80324910   -41.80324910   -12.38530134   -12.38530134    -2.94874531    -2.94874531     0.27084934     0.27084985     0.35297403     0.35297454     1.62124067     1.62124068     3.63261486     3.63261574     3.63263805     3.63263879     3.63268991     3.63269054     3.63277053     3.63277277
    22   -75.15893771   -75.15893771   -42.09592857   -42.09592857   -41.81275264   -41.81275264   -41.80325799   -41.80325798   -12.38249978   -12.38249978    -2.94597118    -2.94597118     0.25618265     0.25618299     0.34606231     0.34606265     1.62368763     1.62368763     3.63262966     3.63263126     3.63268856     3.63268903     3.63272633     3.63272698     3.63274307     3.63274354
    23   -75.15893586   -75.15893586   -42.09595790   -42.09595790   -41.81280033   -41.81280033   -41.80326677   -41.80326677   -12.37956819   -12.37956819    -2.94306698    -2.94306698     0.24089244     0.24089349     0.33886276     0.33886382     1.62625091     1.62625091     3.63248709     3.63249244     3.63268646     3.63268811     3.63281606     3.63281870     3.63287471     3.63287578
    24   -75.15893389   -75.15893389   -42.09598787   -42.09598787   -41.81284933   -41.81284933   -41.80327543   -41.80327543   -12.37650635   -12.37650635    -2.94003360    -2.94003360     0.22498642     0.22498807     0.33138004     0.33138169     1.62893246     1.62893246     3.63234812     3.63235708     3.63268429     3.63268718     3.63290491     3.63290998     3.63300892     3.63300993
    25   -75.15893171   -75.15893171   -42.09601844   -42.09601844   -41.81289961   -41.81289961   -41.80328394   -41.80328394   -12.37331403   -12.37331403    -2.93687208    -2.93687208     0.20847195     0.20847407     0.32361844     0.32362056     1.63173442     1.63173442     3.63221576     3.63222810     3.63268209     3.63268624     3.63299001     3.63299777     3.63314352     3.63314395
    26   -75.15892922   -75.15892922   -42.09604959   -42.09604959   -41.81295115   -41.81295115   -41.80329226   -41.80329226   -12.36999098   -12.36999098    -2.93358352    -2.93358352     0.19135654     0.19135903     0.31558233     0.31558483     1.63465908     1.63465908     3.63209290     3.63210830     3.63267992     3.63268532     3.63306882     3.63307931     3.63327539     3.63327588
    27   -75.15892631   -75.15892631   -42.09608132   -42.09608132   -41.81300393   -41.81300393   -41.80330039   -41.80330039   -12.36653694   -12.36653693    -2.93016909    -2.93016909     0.17364785     0.17365060     0.30727624     0.30727899     1.63770886     1.63770887     3.63198221     3.63200031     3.63267785     3.63268444     3.63313917     3.63315228     3.63340142     3.63340303
    28   -75.15892288   -75.15892288   -42.09611362   -42.09611362   -41.81305796   -41.81305796   -41.80330831   -41.80330831   -12.36295164   -12.36295163    -2.92663000    -2.92663000     0.15535369     0.15535661     0.29870475     0.29870768     1.64088624     1.64088624     3.63188612     3.63190649     3.63267592     3.63268362     3.63319928     3.63321476     3.63351897     3.63352176
    29   -75.15891883   -75.15891882   -42.09614649   -42.09614649   -41.81311325   -41.81311325   -41.80331602   -41.80331602   -12.35923481   -12.35923481    -2.92296745    -2.92296745     0.13648200     0.13648500     0.28987256     0.28987557     1.64419367     1.64419368     3.63180674     3.63182892     3.63267420     3.63268288     3.63324775     3.63326522     3.63362480     3.63362876
    30   -75.15891405   -75.15891405   -42.09617995   -42.09617994   -41.81316981   -41.81316981   -41.80332351   -41.80332351   -12.35538621   -12.35538621    -2.91918262    -2.91918262     0.11704089     0.11704389     0.28078445     0.28078746     1.64763359     1.64763359     3.63174583     3.63176932     3.63267274     3.63268224     3.63328353     3.63330256     3.63371569     3.63372074
    31   -75.15890847   -75.15890847   -42.09621399   -42.09621399   -41.81322766   -41.81322766   -41.80333078   -41.80333078   -12.35140561   -12.35140560    -2.91527663    -2.91527663     0.09703859     0.09704152     0.27144524     0.27144819     1.65120826     1.65120827     3.63170477     3.63172905     3.63267158     3.63268172     3.63330594     3.63332605     3.63378856     3.63379454
    32   -75.15890200   -75.15890199   -42.09624866   -42.09624866   -41.81328684   -41.81328684   -41.80333786   -41.80333786   -12.34729278   -12.34729277    -2.91125052    -2.91125052     0.07648350     0.07648631     0.26185986     0.26186268     1.65491981     1.65491981     3.63168450     3.63170904     3.63267077     3.63268135     3.63331464     3.63333533     3.63384057     3.63384730
    33   -75.15889456   -75.15889456   -42.09628398   -42.09628398   -41.81334738   -41.81334738   -41.80334475   -41.80334475   -12.34304757   -12.34304756    -2.90710520    -2.90710520     0.05538415     0.05538679     0.25203326     0.25203590     1.65877008     1.65877009     3.63168552     3.63170979     3.63267035     3.63268113     3.63330963     3.63333040     3.63386921     3.63387649
    34   -75.15888612   -75.15888612   -42.09631999   -42.09631999   -41.81340933   -41.81340933   -41.80335146   -41.80335146   -12.33866984   -12.33866983    -2.90284145    -2.90284144     0.03374923     0.03375166     0.24197045     0.24197288     1.66276064     1.66276065     3.63170788     3.63173137     3.63267035     3.63268108     3.63329124     3.63331159     3.63387247     3.63388006
    35   -75.15887663   -75.15887662   -42.09635671   -42.09635671   -41.81347274   -41.81347274   -41.80335803   -41.80335803   -12.33415951   -12.33415951    -2.89845985    -2.89845984     0.01158758     0.01158976     0.23167649     0.23167867     1.66689270     1.66689270     3.63175117     3.63177340     3.63267078     3.63268121     3.63326010     3.63327955     3.63384885     3.63385650
    36   -75.15886607   -75.15886607   -42.09639420   -42.09639420   -41.81353766   -41.81353766   -41.80336448   -41.80336448   -12.32951655   -12.32951654    -2.89396081    -2.89396080    -0.01109182    -0.01108990     0.22115646     0.22115838     1.67116705     1.67116705     3.63181453     3.63183504     3.63267166     3.63268154     3.63321710     3.63323520     3.63379743     3.63380490
    37   -75.15885446   -75.15885446   -42.09643250   -42.09643250   -41.81360414   -41.81360414   -41.80337083   -41.80337083   -12.32474098   -12.32474097    -2.88934451    -2.88934451    -0.03427984    -0.03427820     0.21041547     0.21041712     1.67558407     1.67558408     3.63189665     3.63191504     3.63267298     3.63268207     3.63316340     3.63317975     3.63371798     3.63372503
    38   -75.15884182   -75.15884182   -42.09647165   -42.09647165   -41.81367224   -41.81367224   -41.80337713   -41.80337713   -12.31983288   -12.31983287    -2.88461093    -2.88461092    -0.05796721    -0.05796586     0.19945868     0.19946004     1.68014369     1.68014370     3.63199585     3.63201176     3.63267474     3.63268280     3.63310036     3.63311460     3.63361095     3.63361733
    39   -75.15882819   -75.15882819   -42.09651171   -42.09651171   -41.81374202   -41.81374202   -41.80338339   -41.80338339   -12.31479239   -12.31479239    -2.87975978    -2.87975977    -0.08214453    -0.08214345     0.18829123     0.18829230     1.68484535     1.68484535     3.63211003     3.63212318     3.63267691     3.63268373     3.63302954     3.63304138     3.63347747     3.63348298
    40   -75.15881364   -75.15881364   -42.09655272   -42.09655272   -41.81381354   -41.81381354   -41.80338967   -41.80338967   -12.30961972   -12.30961971    -2.87479054    -2.87479054    -0.10680224    -0.10680145     0.17691828     0.17691908     1.68968801     1.68968801     3.63223679     3.63224695     3.63267945     3.63268484     3.63295262     3.63296182     3.63331941     3.63332383
    41   -75.15879825   -75.15879825   -42.09659474   -42.09659474   -41.81388685   -41.81388685   -41.80339598   -41.80339598   -12.30431511   -12.30431511    -2.86970248    -2.86970248    -0.13193072    -0.13193019     0.16534502     0.16534554     1.69467016     1.69467016     3.63237344     3.63238046     3.63268232     3.63268613     3.63287139     3.63287777     3.63313929     3.63314246
    42   -75.15878213   -75.15878213   -42.09663780   -42.09663780   -41.81396200   -41.81396200   -41.80340238   -41.80340238   -12.29887888   -12.29887888    -2.86449461    -2.86449461    -0.15752020    -0.15751993     0.15357660     0.15357687     1.69978985     1.69978985     3.63251709     3.63252087     3.63268547     3.63268757     3.63278769     3.63279115     3.63294031     3.63294208
    43   -75.15876539   -75.15876539   -42.09668196   -42.09668196   -41.81403905   -41.81403905   -41.80340889   -41.80340889   -12.29331138   -12.29331138    -2.85916576    -2.85916576    -0.18356087    -0.18356083     0.14161819     0.14161823     1.70504470     1.70504470     3.63266465     3.63266519     3.63268883     3.63268913     3.63270338     3.63270388     3.63272625     3.63272651
    44   -75.15874818   -75.15874818   -42.09672725   -42.09672725   -41.81411803   -41.81411803   -41.80341555   -41.80341555   -12.28761302   -12.28761302    -2.85371455    -2.85371455    -0.21004300    -0.21004282     0.12947478     0.12947496     1.71043195     1.71043195     3.63250009     3.63250141     3.63261785     3.63262029     3.63269079     3.63269232     3.63281031     3.63281297
    45   -75.15873063   -75.15873063   -42.09677372   -42.09677372   -41.81419900   -41.81419900   -41.80342239   -41.80342239   -12.28178422   -12.28178422    -2.84813944    -2.84813944    -0.23695652    -0.23695614     0.11715167     0.11715205     1.71594851     1.71594851     3.63226759     3.63227053     3.63253490     3.63254019     3.63269250     3.63269587     3.63295312     3.63295884
    46   -75.15871289   -75.15871289   -42.09682140   -42.09682140   -41.81428198   -41.81428198   -41.80342944   -41.80342944   -12.27582545   -12.27582545    -2.84243879    -2.84243879    -0.26429144    -0.26429090     0.10465402     0.10465457     1.72159102     1.72159103     3.63203415     3.63203869     3.63245675     3.63246472     3.63269422     3.63269940     3.63309053     3.63309914
    47   -75.15869512   -75.15869512   -42.09687031   -42.09687031   -41.81436700   -41.81436700   -41.80343673   -41.80343673   -12.26973719   -12.26973718    -2.83661086    -2.83661085    -0.29203786    -0.29203717     0.09198694     0.09198764     1.72735593     1.72735594     3.63180510     3.63181121     3.63238497     3.63239542     3.63269591     3.63270281     3.63321957     3.63323083
    48   -75.15867748   -75.15867748   -42.09692049   -42.09692049   -41.81445408   -41.81445408   -41.80344429   -41.80344429   -12.26351991   -12.26351990    -2.83065385    -2.83065384    -0.32018591    -0.32018510     0.07915550     0.07915633     1.73323957     1.73323957     3.63158592     3.63159349     3.63232097     3.63233365     3.63269752     3.63270603     3.63333744     3.63335105
    49   -75.15866011   -75.15866011   -42.09697196   -42.09697196   -41.81454325   -41.81454325   -41.80345213   -41.80345213   -12.25717411   -12.25717409    -2.82456599    -2.82456598    -0.34872582    -0.34872491     0.06616475     0.06616568     1.73923819     1.73923820     3.63138204     3.63139096     3.63226596     3.63228057     3.63269901     3.63270896     3.63344158     3.63345721
    50   -75.15864317   -75.15864317   -42.09702472   -42.09702472   -41.81463449   -41.81463449   -41.80346027   -41.80346027   -12.25070024   -12.25070022    -2.81834553    -2.81834552    -0.37764791    -0.37764692     0.05301970     0.05302070     1.74534814     1.74534815     3.63119875     3.63120886     3.63222094     3.63223713     3.63270034     3.63271153     3.63352973     3.63354700
    51   -75.15862678   -75.15862678   -42.09707879   -42.09707879   -41.81472783   -41.81472783   -41.80346873   -41.80346873   -12.24409876   -12.24409874    -2.81199085    -2.81199084    -0.40694265    -0.40694162     0.03972531     0.03972636     1.75156586     1.75156586     3.63104110     3.63105220     3.63218667     3.63220407     3.63270145     3.63271368     3.63359996     3.63361848
    52   -75.15861107   -75.15861107   -42.09713416   -42.09713416   -41.81482324   -41.81482324   -41.80347752   -41.80347752   -12.23737006   -12.23737004    -2.80550045    -2.80550044    -0.43660070    -0.43659964     0.02628653     0.02628760     1.75788800     1.75788800     3.63091368     3.63092556     3.63216365     3.63218188     3.63270233     3.63271533     3.63365076     3.63367012
    53   -75.15859614   -75.15859614   -42.09719084   -42.09719084   -41.81492071   -41.81492071   -41.80348663   -41.80348663   -12.23051452   -12.23051450    -2.79887302    -2.79887301    -0.46661288    -0.46661183     0.01270823     0.01270931     1.76431152     1.76431153     3.63082060     3.63083301     3.63215215     3.63217082     3.63270294     3.63271644     3.63368104     3.63370080
    54   -75.15858208   -75.15858207   -42.09724881   -42.09724881   -41.81502022   -41.81502022   -41.80349607   -41.80349607   -12.22353245   -12.22353242    -2.79210748    -2.79210747    -0.49697027    -0.49696923    -0.00100474    -0.00100368     1.77083376     1.77083377     3.63076532     3.63077799     3.63215219     3.63217089     3.63270325     3.63271698     3.63369014     3.63370990
    55   -75.15856893   -75.15856893   -42.09730806   -42.09730806   -41.81512174   -41.81512174   -41.80350584   -41.80350584   -12.21642409   -12.21642407    -2.78520302    -2.78520301    -0.52766414    -0.52766315    -0.01484759    -0.01484657     1.77745249     1.77745250     3.63075054     3.63076321     3.63216354     3.63218188     3.63270325     3.63271691     3.63367791     3.63369723
    56   -75.15855674   -75.15855674   -42.09736856   -42.09736856   -41.81522524   -41.81522524   -41.80351592   -41.80351592   -12.20918963   -12.20918961    -2.77815911    -2.77815909    -0.55868606    -0.55868512    -0.02881559    -0.02881463     1.78416600     1.78416601     3.63077816     3.63079053     3.63218574     3.63220334     3.63270294     3.63271623     3.63364463     3.63366313
    57   -75.15854551   -75.15854551   -42.09743029   -42.09743029   -41.81533068   -41.81533067   -41.80352630   -41.80352630   -12.20182919   -12.20182916    -2.77097554    -2.77097553    -0.59002782    -0.59002696    -0.04290404    -0.04290316     1.79097315     1.79097316     3.63084914     3.63086095     3.63221810     3.63223460     3.63270231     3.63271495     3.63359106     3.63360837
    58   -75.15853524   -75.15853524   -42.09749323   -42.09749323   -41.81543800   -41.81543800   -41.80353696   -41.80353696   -12.19434278   -12.19434276    -2.76365246    -2.76365245    -0.62168151    -0.62168074    -0.05710833    -0.05710754     1.79787341     1.79787341     3.63096351     3.63097450     3.63225976     3.63227482     3.63270139     3.63271309     3.63351842     3.63353420
    59   -75.15852586   -75.15852586   -42.09755732   -42.09755732   -41.81554716   -41.81554716   -41.80354788   -41.80354788   -12.18673038   -12.18673036    -2.75619032    -2.75619031    -0.65363947    -0.65363880    -0.07142387    -0.07142318     1.80486688     1.80486688     3.63112031     3.63113021     3.63230964     3.63232298     3.63270018     3.63271068     3.63342834     3.63344228
    60   -75.15851732   -75.15851732   -42.09762255   -42.09762255   -41.81565810   -41.81565810   -41.80355905   -41.80355905   -12.17899185   -12.17899184    -2.74858994    -2.74858993    -0.68589431    -0.68589375    -0.08584615    -0.08584557     1.81195433     1.81195433     3.63131757     3.63132614     3.63236653     3.63237790     3.63269871     3.63270778     3.63332281     3.63333466
    61   -75.15850951   -75.15850951   -42.09768886   -42.09768886   -41.81577078   -41.81577078   -41.80357042   -41.80357042   -12.17112701   -12.17112699    -2.74085247    -2.74085247    -0.71843890    -0.71843845    -0.10037071    -0.10037026     1.81913719     1.81913719     3.63155231     3.63155935     3.63242911     3.63243830     3.63269702     3.63270444     3.63320417     3.63321373
    62   -75.15850232   -75.15850232   -42.09775621   -42.09775621   -41.81588512   -41.81588512   -41.80358197   -41.80358197   -12.16313556   -12.16313555    -2.73297938    -2.73297938    -0.75126635    -0.75126602    -0.11499316    -0.11499283     1.82641753     1.82641754     3.63182063     3.63182595     3.63249595     3.63250279     3.63269515     3.63270074     3.63307504     3.63308214
    63   -75.15849560   -75.15849560   -42.09782456   -42.09782456   -41.81600106   -41.81600106   -41.80359368   -41.80359368   -12.15501719   -12.15501718    -2.72497242    -2.72497241    -0.78437000    -0.78436979    -0.12970916    -0.12970895     1.83379805     1.83379805     3.63211770     3.63212117     3.63256554     3.63256993     3.63269313     3.63269677     3.63293824     3.63294279
    64   -75.15848919   -75.15848919   -42.09789385   -42.09789385   -41.81611855   -41.81611855   -41.80360549   -41.80360549   -12.14677147   -12.14677147    -2.71683360    -2.71683360    -0.81774340    -0.81774332    -0.14451443    -0.14451434     1.84128200     1.84128200     3.63243789     3.63243940     3.63263638     3.63263826     3.63269102     3.63269260     3.63279675     3.63279870
    65   -75.15848293   -75.15848293   -42.09796406   -42.09796406   -41.81623753   -41.81623753   -41.80361739   -41.80361739   -12.13839798   -12.13839797    -2.70856518    -2.70856518    -0.85138034    -0.85138031    -0.15940479    -0.15940476     1.84887315     1.84887315     3.63265300     3.63265364     3.63268833     3.63268886     3.63270631     3.63270693     3.63277433     3.63277484
    66   -75.15847663   -75.15847662   -42.09803511   -42.09803511   -41.81635792   -41.81635792   -41.80362933   -41.80362933   -12.12989620   -12.12989619    -2.70016958    -2.70016958    -0.88527477    -0.88527464    -0.17437613    -0.17437600     1.85657571     1.85657571     3.63250881     3.63251199     3.63268406     3.63268670     3.63277264     3.63277572     3.63311906     3.63312160
    67   -75.15847008   -75.15847008   -42.09810698   -42.09810698   -41.81647968   -41.81647968   -41.80364128   -41.80364128   -12.12126562   -12.12126561    -2.69164935    -2.69164935    -0.91942067    -0.91942044    -0.18942429    -0.18942405     1.86439423     1.86439424     3.63236922     3.63237482     3.63267987     3.63268459     3.63283588     3.63284131     3.63346623     3.63347077
    68   -75.15846311   -75.15846311   -42.09817962   -42.09817962   -41.81660274   -41.81660274   -41.80365320   -41.80365320   -12.11250569   -12.11250568    -2.68300713    -2.68300713    -0.95381222    -0.95381189    -0.20454522    -0.20454488     1.87233352     1.87233352     3.63223719     3.63224504     3.63267587     3.63268257     3.63289475     3.63290239     3.63380817     3.63381465
    69   -75.15845552   -75.15845552   -42.09825298   -42.09825298   -41.81672706   -41.81672706   -41.80366507   -41.80366507   -12.10361587   -12.10361585    -2.67424557    -2.67424557    -0.98844369    -0.98844329    -0.21973496    -0.21973455     1.88039849     1.88039850     3.63211548     3.63212538     3.63267213     3.63268069     3.63294809     3.63295774     3.63413711     3.63414539
    70   -75.15844712   -75.15844712   -42.09832703   -42.09832703   -41.81685258   -41.81685258   -41.80367684   -41.80367684   -12.09459562   -12.09459560    -2.66536732    -2.66536731    -1.02330944    -1.02330896    -0.23498961    -0.23498913     1.88859411     1.88859412     3.63200662     3.63201832     3.63266875     3.63267898     3.63299487     3.63300630     3.63444528     3.63445521
    71   -75.15843774   -75.15843774   -42.09840172   -42.09840172   -41.81697925   -41.81697925   -41.80368849   -41.80368849   -12.08544443   -12.08544441    -2.65637490    -2.65637490    -1.05840386    -1.05840333    -0.25030533    -0.25030480     1.89692521     1.89692522     3.63191285     3.63192608     3.63266578     3.63267749     3.63303424     3.63304718     3.63472515     3.63473653
    72   -75.15842722   -75.15842722   -42.09847704   -42.09847704   -41.81710704   -41.81710704   -41.80369999   -41.80369999   -12.07616182   -12.07616179    -2.64727073    -2.64727072    -1.09372139    -1.09372082    -0.26567835    -0.26567778     1.90539642     1.90539644     3.63183606     3.63185051     3.63266331     3.63267623     3.63306550     3.63307966     3.63496959     3.63498219
    73   -75.15841543   -75.15841542   -42.09855293   -42.09855293   -41.81723590   -41.81723590   -41.80371131   -41.80371131   -12.06674737   -12.06674734    -2.63805699    -2.63805699    -1.12925647    -1.12925587    -0.28110496    -0.28110436     1.91401200     1.91401202     3.63177777     3.63179312     3.63266138     3.63267525     3.63308815     3.63310322     3.63517203     3.63518558
    74   -75.15840223   -75.15840223   -42.09862939   -42.09862939   -41.81736581   -41.81736581   -41.80372244   -41.80372244   -12.05720070   -12.05720067    -2.62873566    -2.62873566    -1.16500353    -1.16500292    -0.29658152    -0.29658090     1.92277575     1.92277576     3.63173911     3.63175501     3.63266003     3.63267455     3.63310190     3.63311754     3.63532665     3.63534087
    75   -75.15838755   -75.15838755   -42.09870639   -42.09870639   -41.81749672   -41.81749672   -41.80373334   -41.80373334   -12.04752154   -12.04752151    -2.61930840    -2.61930840    -1.20095699    -1.20095637    -0.31210443    -0.31210382     1.93169086     1.93169087     3.63172075     3.63173686     3.63265930     3.63267416     3.63310663     3.63312252     3.63542851     3.63544309
    76   -75.15837133   -75.15837132   -42.09878391   -42.09878391   -41.81762863   -41.81762863   -41.80374401   -41.80374401   -12.03770967   -12.03770964    -2.60977652    -2.60977652    -1.23711121    -1.23711060    -0.32767020    -0.32766959     1.94075986     1.94075988     3.63172295     3.63173894     3.63265920     3.63267408     3.63310243     3.63311823     3.63547371     3.63548834
    77   -75.15835352   -75.15835351   -42.09886193   -42.09886193   -41.81776151   -41.81776151   -41.80375444   -41.80375444   -12.02776498   -12.02776495    -2.60014100    -2.60014100    -1.27346053    -1.27345994    -0.34327535    -0.34327477     1.94998450     1.94998451     3.63174555     3.63176107     3.63265975     3.63267432     3.63308960     3.63310497     3.63545949     3.63547386
    78   -75.15833412   -75.15833412   -42.09894046   -42.09894046   -41.81789535   -41.81789535   -41.80376460   -41.80376460   -12.01768746   -12.01768742    -2.59040240    -2.59040240    -1.30999923    -1.30999867    -0.35891651    -0.35891596     1.95936567     1.95936568     3.63178792     3.63180266     3.63266092     3.63267488     3.63306858     3.63308321     3.63538434     3.63539814
    79   -75.15831318   -75.15831318   -42.09901948   -42.09901948   -41.81803013   -41.81803013   -41.80377451   -41.80377451   -12.00747718   -12.00747715    -2.58056085    -2.58056085    -1.34672152    -1.34672101    -0.37459034    -0.37458983     1.96890335     1.96890336     3.63184905     3.63186271     3.63266271     3.63267575     3.63304002     3.63305362     3.63524807     3.63526099
    80   -75.15829075   -75.15829075   -42.09909899   -42.09909899   -41.81816587   -41.81816587   -41.80378415   -41.80378415   -11.99713434   -11.99713431    -2.57061607    -2.57061607    -1.38362158    -1.38362112    -0.39029358    -0.39029312     1.97859658     1.97859659     3.63192752     3.63193984     3.63266507     3.63267692     3.63300470     3.63301698     3.63505182     3.63506359
    81   -75.15826693   -75.15826692   -42.09917900   -42.09917900   -41.81830254   -41.81830254   -41.80379353   -41.80379353   -11.98665924   -11.98665921    -2.56056735    -2.56056735    -1.42069351    -1.42069311    -0.40602302    -0.40602262     1.98844343     1.98844345     3.63202157     3.63203231     3.63266795     3.63267836     3.63296351     3.63297424     3.63479812     3.63480848
    82   -75.15824183   -75.15824183   -42.09925951   -42.09925951   -41.81844016   -41.81844016   -41.80380265   -41.80380265   -11.97605226   -11.97605224    -2.55041355    -2.55041355    -1.45793137    -1.45793104    -0.42177551    -0.42177518     1.99844102     1.99844103     3.63212912     3.63213808     3.63267131     3.63268005     3.63291747     3.63292644     3.63449082     3.63449955
    83   -75.15821561   -75.15821561   -42.09934053   -42.09934053   -41.81857873   -41.81857873   -41.80381153   -41.80381153   -11.96531391   -11.96531389    -2.54015310    -2.54015310    -1.49532921    -1.49532895    -0.43754798    -0.43754772     2.00858551     2.00858551     3.63224780     3.63225482     3.63267506     3.63268196     3.63286767     3.63287473     3.63413509     3.63414200
    84   -75.15818844   -75.15818844   -42.09942208   -42.09942208   -41.81871827   -41.81871827   -41.80382017   -41.80382017   -11.95444475   -11.95444474    -2.52978409    -2.52978409    -1.53288102    -1.53288084    -0.45333738    -0.45333720     2.01887218     2.01887218     3.63237501     3.63237999     3.63267914     3.63268405     3.63281526     3.63282027     3.63373731     3.63374224
    85   -75.15816052   -75.15816052   -42.09950416   -42.09950416   -41.81885877   -41.81885877   -41.80382858   -41.80382858   -11.94344545   -11.94344545    -2.51930421    -2.51930421    -1.57058080    -1.57058069    -0.46914076    -0.46914065     2.02929549     2.02929549     3.63250802     3.63251088     3.63268345     3.63268629     3.63276141     3.63276430     3.63330494     3.63330780
    86   -75.15813205   -75.15813205   -42.09958679   -42.09958679   -41.81900025   -41.81900025   -41.80383678   -41.80383678   -11.93231675   -11.93231674    -2.50871090    -2.50871090    -1.60842255    -1.60842253    -0.48495519    -0.48495517     2.03984917     2.03984917     3.63264395     3.63264466     3.63268790     3.63268862     3.63270730     3.63270802     3.63284646     3.63284718
    87   -75.15810325   -75.15810325   -42.09966998   -42.09966998   -41.81914271   -41.81914271   -41.80384479   -41.80384479   -11.92105942   -11.92105941    -2.49800132    -2.49800132    -1.64640038    -1.64640033    -0.50077788    -0.50077782     2.05052631     2.05052631     3.63236967     3.63237111     3.63265264     3.63265407     3.63269099     3.63269240     3.63277847     3.63277988
    88   -75.15807435   -75.15807434   -42.09975376   -42.09975376   -41.81928618   -41.81928618   -41.80385263   -41.80385263   -11.90967429   -11.90967428    -2.48717245    -2.48717245    -1.68450835    -1.68450823    -0.51660599    -0.51660585     2.06131948     2.06131949     3.63188523     3.63188879     3.63259929     3.63260282     3.63269335     3.63269685     3.63290945     3.63291292
    89   -75.15804557   -75.15804557   -42.09983814   -42.09983814   -41.81943067   -41.81943067   -41.80386032   -41.80386032   -11.89816220   -11.89816218    -2.47622115    -2.47622114    -1.72274062    -1.72274043    -0.53243674    -0.53243653     2.07222092     2.07222092     3.63140421     3.63140982     3.63254905     3.63255459     3.63269565     3.63270116     3.63303480     3.63304022
    90   -75.15801715   -75.15801715   -42.09992314   -42.09992314   -41.81957617   -41.81957617   -41.80386788   -41.80386788   -11.88652403   -11.88652400    -2.46514423    -2.46514422    -1.76109147    -1.76109122    -0.54826744    -0.54826716     2.08322259     2.08322260     3.63093720     3.63094473     3.63250290     3.63251030     3.63269784     3.63270521     3.63315188     3.63315911
    91   -75.15798930   -75.15798929   -42.10000877   -42.10000877   -41.81972270   -41.81972270   -41.80387533   -41.80387533   -11.87476060   -11.87476057    -2.45393853    -2.45393851    -1.79955533    -1.79955504    -0.56409544    -0.56409510     2.09431643     2.09431643     3.63049475     3.63050404     3.63246170     3.63247080     3.63269986     3.63270893     3.63325821     3.63326708
    92   -75.15796221   -75.15796221   -42.10009504   -42.10009504   -41.81987027   -41.81987027   -41.80388269   -41.80388269   -11.86287276   -11.86287272    -2.44260099    -2.44260097    -1.83812678    -1.83812645    -0.57991816    -0.57991777     2.10549444     2.10549444     3.63008720     3.63009805     3.63242620     3.63243678     3.63270166     3.63271223     3.63335159     3.63336188
    93   -75.15793609   -75.15793608   -42.10018198   -42.10018198   -41.82001887   -41.82001887   -41.80388998   -41.80388998   -11.85086127   -11.85086123    -2.43112876    -2.43112872    -1.87680058    -1.87680022    -0.59573306    -0.59573261     2.11674889     2.11674890     3.62972437     3.62973655     3.63239700     3.63240882     3.63270320     3.63271504     3.63343010     3.63344157
    94   -75.15791108   -75.15791107   -42.10026958   -42.10026958   -41.82016851   -41.82016851   -41.80389722   -41.80389722   -11.83872687   -11.83872682    -2.41951922    -2.41951917    -1.91557172    -1.91557134    -0.61153764    -0.61153716     2.12807246     2.12807248     3.62941544     3.62942868     3.63237456     3.63238737     3.63270445     3.63271729     3.63349214     3.63350455
    95   -75.15788732   -75.15788732   -42.10035787   -42.10035787   -41.82031918   -41.82031918   -41.80390443   -41.80390443   -11.82647021   -11.82647015    -2.40777010    -2.40777003    -1.95443537    -1.95443499    -0.62732947    -0.62732897     2.13945843     2.13945845     3.62916862     3.62918264     3.63235918     3.63237271     3.63270537     3.63271893     3.63353651     3.63354958
    96   -75.15786493   -75.15786493   -42.10044683   -42.10044683   -41.82047087   -41.82047087   -41.80391163   -41.80391163   -11.81409185   -11.81409179    -2.39587954    -2.39587946    -1.99338696    -1.99338659    -0.64310617    -0.64310565     2.15090079     2.15090080     3.62899102     3.62900553     3.63235103     3.63236499     3.63270593     3.63271993     3.63356241     3.63357585
    97   -75.15784398   -75.15784397   -42.10053648   -42.10053648   -41.82062357   -41.82062357   -41.80391883   -41.80391883   -11.80159224   -11.80159218    -2.38384615    -2.38384605    -2.03242217    -2.03242181    -0.65886539    -0.65886486     2.16239437     2.16239439     3.62888848     3.62890315     3.63235011     3.63236420     3.63270614     3.63272027     3.63356942     3.63358296
    98   -75.15782451   -75.15782450   -42.10062682   -42.10062682   -41.82077727   -41.82077726   -41.80392604   -41.80392604   -11.78897176   -11.78897170    -2.37166908    -2.37166896    -2.07153686    -2.07153654    -0.67460484    -0.67460432     2.17393504     2.17393505     3.62886532     3.62887986     3.63235629     3.63237021     3.63270597     3.63271994     3.63355760     3.63357095
    99   -75.15780653   -75.15780652   -42.10071783   -42.10071783   -41.82093193   -41.82093193   -41.80393327   -41.80393327   -11.77623064   -11.77623057    -2.35934812    -2.35934797    -2.11072713    -2.11072685    -0.69032228    -0.69032179     2.18551972     2.18551973     3.62892430     3.62893840     3.63236929     3.63238275     3.63270544     3.63271895     3.63352740     3.63354028
   100   -75.15779000   -75.15779000   -42.10080951   -42.10080951   -41.82108754   -41.82108754   -41.80394054   -41.80394054   -11.76336898   -11.76336892    -2.34688377    -2.34688361    -2.14998913    -2.14998890    -0.70601552    -0.70601506     2.19714655     2.19714656     3.62906648     3.62907983     3.63238869     3.63240142     3.63270456     3.63271733     3.63347968     3.63349183
   101   -75.15777488   -75.15777488   -42.10090184   -42.10090184   -41.82124407   -41.82124407   -41.80394785   -41.80394784   -11.75038678   -11.75038673    -2.33427770    -2.33427750    -2.18931874    -2.18931857    -0.72168240    -0.72168198     2.20881489     2.20881491     3.62929114     3.62930347     3.63241397     3.63242571     3.63270335     3.63271512     3.63341569     3.63342686
   102   -75.15776106   -75.15776106   -42.10099482   -42.10099482   -41.82140147   -41.82140147   -41.80395519   -41.80395519   -11.73728390   -11.73728386    -2.32153416    -2.32153389    -2.22871004    -2.22870998    -0.73732082    -0.73732045     2.22052542     2.22052544     3.62959576     3.62960680     3.63244450     3.63245501     3.63270186     3.63271238     3.63333704     3.63334701
   103   -75.15774842   -75.15774842   -42.10108841   -42.10108841   -41.82155972   -41.82155972   -41.80396257   -41.80396257   -11.72406009   -11.72406004    -2.30867324    -2.30867277    -2.26814230    -2.26814211    -0.75292872    -0.75292840     2.23228010     2.23228012     3.62997602     3.62998555     3.63247956     3.63248862     3.63270011     3.63270917     3.63324563     3.63325421
   104   -75.15773681   -75.15773680   -42.10118261   -42.10118261   -41.82171877   -41.82171877   -41.80396999   -41.80396999   -11.71071495   -11.71071491    -2.30790812    -2.30790683    -2.29540274    -2.29540167    -0.76850408    -0.76850382     2.24408219     2.24408220     3.63042583     3.63043365     3.63251835     3.63252578     3.63269814     3.63270557     3.63314365     3.63315067
   105   -75.15772603   -75.15772603   -42.10127737   -42.10127737   -41.82187857   -41.82187857   -41.80397744   -41.80397744   -11.69724799   -11.69724796    -2.34734213    -2.34734184    -2.28238612    -2.28238600    -0.78404491    -0.78404471     2.25593619     2.25593620     3.63093745     3.63094340     3.63256000     3.63256566     3.63269602     3.63270167     3.63303348     3.63303881
   106   -75.15771590   -75.15771590   -42.10137268   -42.10137268   -41.82203908   -41.82203908   -41.80398491   -41.80398491   -11.68365863   -11.68365861    -2.38696680    -2.38696666    -2.26910482    -2.26910479    -0.79954928    -0.79954915     2.26784779     2.26784781     3.63150156     3.63150553     3.63260363     3.63260741     3.63269379     3.63269755     3.63291765     3.63292120
   107   -75.15770619   -75.15770619   -42.10146849   -42.10146849   -41.82220024   -41.82220024   -41.80399239   -41.80399239   -11.66994617   -11.66994617    -2.42665586    -2.42665580    -2.25568606    -2.25568605    -0.81501530    -0.81501524     2.27982377     2.27982378     3.63210746     3.63210937     3.63264831     3.63265013     3.63269151     3.63269331     3.63279878     3.63280049
   108   -75.15769668   -75.15769668   -42.10156479   -42.10156479   -41.82236200   -41.82236200   -41.80399987   -41.80399987   -11.65610988   -11.65610988    -2.46640051    -2.46640051    -2.24214077    -2.24214077    -0.83044110    -0.83044110     2.29187184     2.29187185     3.63267936     3.63267951     3.63268905     3.63268921     3.63269295     3.63269312     3.63274304     3.63274321
   109   -75.15768712   -75.15768712   -42.10166152   -42.10166152   -41.82252431   -41.82252431   -41.80400734   -41.80400734   -11.64214893   -11.64214892    -2.50619733    -2.50619727    -2.22847490    -2.22847490    -0.84582493    -0.84582486     2.30400053     2.30400054     3.63256046     3.63256245     3.63268486     3.63268697     3.63273499     3.63273713     3.63339369     3.63339593
   110   -75.15767729   -75.15767729   -42.10175866   -42.10175866   -41.82268710   -41.82268710   -41.80401478   -41.80401478   -11.62806248   -11.62806246    -2.54604391    -2.54604381    -2.21469351    -2.21469349    -0.86116494    -0.86116481     2.31621903     2.31621903     3.63244632     3.63245010     3.63268082     3.63268482     3.63277541     3.63277947     3.63404771     3.63405198
   111   -75.15766694   -75.15766694   -42.10185616   -42.10185616   -41.82285033   -41.82285033   -41.80402216   -41.80402216   -11.61384966   -11.61384963    -2.58593822    -2.58593808    -2.20080139    -2.20080136    -0.87645938    -0.87645919     2.32853691     2.32853692     3.63233935     3.63234482     3.63267703     3.63268280     3.63281339     3.63281930     3.63469107     3.63469724
   112   -75.15765585   -75.15765585   -42.10195399   -42.10195399   -41.82301393   -41.82301393   -41.80402948   -41.80402948   -11.59950959   -11.59950955    -2.62587838    -2.62587821    -2.18680321    -2.18680316    -0.89170654    -0.89170630     2.34096402     2.34096403     3.63224172     3.63224875     3.63267357     3.63268097     3.63284822     3.63285583     3.63530953     3.63531747
   113   -75.15764382   -75.15764381   -42.10205210   -42.10205210   -41.82317785   -41.82317785   -41.80403671   -41.80403671   -11.58504144   -11.58504139    -2.66586252    -2.66586231    -2.17270344    -2.17270337    -0.90690475    -0.90690446     2.35351020     2.35351021     3.63215536     3.63216379     3.63267049     3.63267934     3.63287920     3.63288836     3.63588899     3.63589852
   114   -75.15763064   -75.15763064   -42.10215046   -42.10215046   -41.82334204   -41.82334204   -41.80404383   -41.80404383   -11.57044441   -11.57044436    -2.70588873    -2.70588851    -2.15850634    -2.15850625    -0.92205235    -0.92205202     2.36618505     2.36618507     3.63208193     3.63209157     3.63266786     3.63267796     3.63290578     3.63291629     3.63641581     3.63642671
   115   -75.15761616   -75.15761615   -42.10224903   -42.10224903   -41.82350643   -41.82350643   -41.80405083   -41.80405083   -11.55571777   -11.55571771    -2.74595509    -2.74595484    -2.14421585    -2.14421574    -0.93714776    -0.93714739     2.37899771     2.37899773     3.63202275     3.63203338     3.63266574     3.63267684     3.63292746     3.63293911     3.63687708     3.63688911
   116   -75.15760022   -75.15760021   -42.10234778   -42.10234777   -41.82367099   -41.82367099   -41.80405768   -41.80405768   -11.54086086   -11.54086079    -2.78605955    -2.78605928    -2.12983554    -2.12983543    -0.95218938    -0.95218900     2.39195664     2.39195667     3.63197881     3.63199021     3.63266414     3.63267599     3.63294387     3.63295640     3.63726095     3.63727385
   117   -75.15758273   -75.15758272   -42.10244665   -42.10244665   -41.82383565   -41.82383565   -41.80406436   -41.80406436   -11.52587314   -11.52587308    -2.82619999    -2.82619972    -2.11536854    -2.11536842    -0.96717569    -0.96717529     2.40506936     2.40506939     3.63195075     3.63196267     3.63266310     3.63267544     3.63295473     3.63296789     3.63755691     3.63757039
   118   -75.15756359   -75.15756359   -42.10254564   -42.10254563   -41.82400038   -41.82400038   -41.80407087   -41.80407086   -11.51075419   -11.51075412    -2.86637419    -2.86637391    -2.10081745    -2.10081733    -0.98210518    -0.98210477     2.41834225     2.41834228     3.63193887     3.63195104     3.63266263     3.63267519     3.63295991     3.63297341     3.63775603     3.63776981
   119   -75.15754278   -75.15754277   -42.10264469   -42.10264469   -41.82416514   -41.82416513   -41.80407717   -41.80407717   -11.49550371   -11.49550364    -2.90657979    -2.90657951    -2.08618432    -2.08618419    -0.99697637    -0.99697596     2.43178037     2.43178040     3.63194308     3.63195526     3.63266274     3.63267522     3.63295936     3.63297293     3.63785124     3.63786502
   120   -75.15752028   -75.15752027   -42.10274378   -42.10274378   -41.82432987   -41.82432987   -41.80408325   -41.80408325   -11.48012155   -11.48012148    -2.94681433    -2.94681405    -2.07147058    -2.07147046    -1.01178782    -1.01178741     2.44538724     2.44538727     3.63196298     3.63197490     3.63266340     3.63267555     3.63295317     3.63296652     3.63783751     3.63785099
   121   -75.15749612   -75.15749612   -42.10284289   -42.10284289   -41.82449455   -41.82449455   -41.80408912   -41.80408911   -11.46460772   -11.46460765    -2.98707521    -2.98707494    -2.05667702    -2.05667691    -1.02653810    -1.02653771     2.45916474     2.45916477     3.63199783     3.63200924     3.63266459     3.63267616     3.63294155     3.63295440     3.63771199     3.63772490
   122   -75.15747037   -75.15747037   -42.10294200   -42.10294200   -41.82465914   -41.82465914   -41.80409474   -41.80409474   -11.44896238   -11.44896232    -3.02735974    -3.02735948    -2.04180377    -2.04180368    -1.04122584    -1.04122548     2.47311296     2.47311300     3.63204659     3.63205726     3.63266629     3.63267703     3.63292480     3.63293687     3.63747420     3.63748626
   123   -75.15744313   -75.15744312   -42.10304108   -42.10304108   -41.82482362   -41.82482362   -41.80410012   -41.80410011   -11.43318587   -11.43318581    -3.06766508    -3.06766484    -2.02685030    -2.02685022    -1.05584968    -1.05584934     2.48723015     2.48723018     3.63210793     3.63211764     3.63266845     3.63267815     3.63290332     3.63291438     3.63712601     3.63713698
   124   -75.15741452   -75.15741451   -42.10314011   -42.10314011   -41.82498797   -41.82498797   -41.80410524   -41.80410524   -11.41727865   -11.41727860    -3.10798832    -3.10798811    -2.01181541    -2.01181535    -1.07040829    -1.07040799     2.50151262     2.50151265     3.63218030     3.63218885     3.63267101     3.63267949     3.63287763     3.63288742     3.63667177     3.63668142
   125   -75.15738471   -75.15738470   -42.10323909   -42.10323909   -41.82515216   -41.82515216   -41.80411011   -41.80411011   -11.40124138   -11.40124133    -3.14832644    -3.14832625    -1.99669726    -1.99669722    -1.08490036    -1.08490010     2.51595479     2.51595481     3.63226193     3.63226915     3.63267392     3.63268103     3.63284830     3.63285662     3.63611819     3.63612633
   126   -75.15735388   -75.15735387   -42.10333800   -42.10333800   -41.82531618   -41.82531618   -41.80411473   -41.80411473   -11.38507484   -11.38507481    -3.18867632    -3.18867617    -1.98149342    -1.98149339    -1.09932462    -1.09932441     2.53054916     2.53054918     3.63235087     3.63235662     3.63267711     3.63268272     3.63281597     3.63282263     3.63547431     3.63548079
   127   -75.15732223   -75.15732223   -42.10343684   -42.10343684   -41.82548002   -41.82548002   -41.80411909   -41.80411909   -11.36877996   -11.36877993    -3.22903483    -3.22903471    -1.96620088    -1.96620086    -1.11367981    -1.11367967     2.54528646     2.54528648     3.63244507     3.63244924     3.63268051     3.63268454     3.63278132     3.63278619     3.63475137     3.63475608
   128   -75.15729000   -75.15729000   -42.10353560   -42.10353560   -41.82564366   -41.82564366   -41.80412320   -41.80412320   -11.35235778   -11.35235776    -3.26939873    -3.26939866    -1.95081617    -1.95081617    -1.12796472    -1.12796464     2.56015569     2.56015571     3.63254237     3.63254490     3.63268404     3.63268646     3.63274509     3.63274806     3.63396263     3.63396547
   129   -75.15725742   -75.15725742   -42.10363428   -42.10363428   -41.82580711   -41.82580711   -41.80412708   -41.80412708   -11.33580943   -11.33580943    -3.30976481    -3.30976479    -1.93533540    -1.93533539    -1.14217815    -1.14217812     2.57514431     2.57514432     3.63264061     3.63264146     3.63268762     3.63268842     3.63270802     3.63270902     3.63312309     3.63312404
   130   -75.15722473   -75.15722473   -42.10373289   -42.10373289   -41.82597036   -41.82597036   -41.80413072   -41.80413072   -11.31913616   -11.31913616    -3.35012985    -3.35012982    -1.91975432    -1.91975432    -1.15631893    -1.15631890     2.59023841     2.59023842     3.63224838     3.63224932     3.63266985     3.63267085     3.63269039     3.63269117     3.63273678     3.63273762
   131   -75.15719217   -75.15719217   -42.10383143   -42.10383143   -41.82613341   -41.82613341   -41.80413415   -41.80413415   -11.30233926   -11.30233924    -3.39049062    -3.39049055    -1.90406849    -1.90406848    -1.17038593    -1.17038584     2.60542293     2.60542294     3.63135627     3.63135906     3.63263134     3.63263432     3.63269232     3.63269463     3.63282879     3.63283128
   132   -75.15716000   -75.15715999   -42.10392991   -42.10392991   -41.82629626   -41.82629626   -41.80413737   -41.80413737   -11.28542004   -11.28542001    -3.43084394    -3.43084381    -1.88827331    -1.88827330    -1.18437797    -1.18437783     2.62068193     2.62068193     3.63046636     3.63047092     3.63259422     3.63259914     3.63269417     3.63269790     3.63291552     3.63291960
   133   -75.15712843   -75.15712842   -42.10402833   -42.10402833   -41.82645892   -41.82645892   -41.80414042   -41.80414042   -11.26837984   -11.26837980    -3.47118669    -3.47118651    -1.87236419    -1.87236417    -1.19829396    -1.19829377     2.63599881     2.63599881     3.62959780     3.62960401     3.63255920     3.63256596     3.63269591     3.63270093     3.63299516     3.63300071
   134   -75.15709768   -75.15709768   -42.10412670   -42.10412670   -41.82662139   -41.82662139   -41.80414329   -41.80414329   -11.25121998   -11.25121993    -3.51151586    -3.51151564    -1.85633662    -1.85633658    -1.21213279    -1.21213256     2.65135666     2.65135666     3.62876985     3.62877755     3.63252695     3.63253541     3.63269749     3.63270364     3.63306606     3.63307296
   135   -75.15706796   -75.15706796   -42.10422505   -42.10422505   -41.82678368   -41.82678368   -41.80414602   -41.80414602   -11.23394175   -11.23394168    -3.55182856    -3.55182830    -1.84018631    -1.84018625    -1.22589342    -1.22589315     2.66673854     2.66673854     3.62800145     3.62801046     3.63249806     3.63250805     3.63269887     3.63270599     3.63312683     3.63313491
   136   -75.15703944   -75.15703944   -42.10432337   -42.10432337   -41.82694579   -41.82694579   -41.80414863   -41.80414863   -11.21654637   -11.21654629    -3.59212203    -3.59212174    -1.82390929    -1.82390921    -1.23957479    -1.23957449     2.68212778     2.68212778     3.62731086     3.62732097     3.63247304     3.63248436     3.63270003     3.63270791     3.63317632     3.63318540
   137   -75.15701228   -75.15701227   -42.10442169   -42.10442169   -41.82710773   -41.82710773   -41.80415114   -41.80415114   -11.19903496   -11.19903487    -3.63239369    -3.63239337    -1.80750204    -1.80750193    -1.25317588    -1.25317556     2.69750833     2.69750834     3.62671522     3.62672621     3.63245236     3.63246477     3.63270094     3.63270939     3.63321367     3.63322354
   138   -75.15698658   -75.15698658   -42.10452001   -42.10452001   -41.82726950   -41.82726950   -41.80415357   -41.80415357   -11.18140855   -11.18140845    -3.67264113    -3.67264078    -1.79096157    -1.79096144    -1.26669570    -1.26669537     2.71286507     2.71286507     3.62623021     3.62624183     3.63243638     3.63244963     3.63270158     3.63271039     3.63323834     3.63324878
   139   -75.15696245   -75.15696244   -42.10461835   -42.10461835   -41.82743112   -41.82743112   -41.80415595   -41.80415595   -11.16366803   -11.16366793    -3.71286214    -3.71286178    -1.77428553    -1.77428539    -1.28013327    -1.28013293     2.72818408     2.72818408     3.62586962     3.62588162     3.63242539     3.63243921     3.63270194     3.63271091     3.63325010     3.63326088
   140   -75.15693993   -75.15693992   -42.10471671   -42.10471671   -41.82759257   -41.82759257   -41.80415830   -41.80415830   -11.14581415   -11.14581404    -3.75305472    -3.75305436    -1.75747228    -1.75747213    -1.29348762    -1.29348729     2.74345298     2.74345298     3.62564505     3.62565716     3.63241961     3.63243370     3.63270201     3.63271093     3.63324907     3.63325996
   141   -75.15691904   -75.15691903   -42.10481512   -42.10481511   -41.82775387   -41.82775386   -41.80416064   -41.80416064   -11.12784748   -11.12784738    -3.79321710    -3.79321673    -1.74052097    -1.74052081    -1.30675781    -1.30675749     2.75866118     2.75866119     3.62556558     3.62557754     3.63241917     3.63243323     3.63270181     3.63271048     3.63323567     3.63324643
   142   -75.15689977   -75.15689976   -42.10491356   -42.10491356   -41.82791500   -41.82791500   -41.80416300   -41.80416300   -11.10976843   -11.10976833    -3.83334770    -3.83334735    -1.72343159    -1.72343143    -1.31994291    -1.31994260     2.77380014     2.77380015     3.62563751     3.62564909     3.63242412     3.63243785     3.63270133     3.63270958     3.63321066     3.63322106
   143   -75.15688207   -75.15688206   -42.10501206   -42.10501206   -41.82807597   -41.82807597   -41.80416539   -41.80416539   -11.09157722   -11.09157712    -3.87344521    -3.87344488    -1.70620497    -1.70620482    -1.33304200    -1.33304172     2.78886357     2.78886357     3.62586418     3.62587512     3.63243444     3.63244755     3.63270059     3.63270826     3.63317506     3.63318488
   144   -75.15686585   -75.15686584   -42.10511062   -42.10511062   -41.82823677   -41.82823676   -41.80416784   -41.80416784   -11.07327388   -11.07327378    -3.91350848    -3.91350818    -1.68884285    -1.68884271    -1.34605420    -1.34605394     2.80384759     2.80384760     3.62624573     3.62625582     3.63245004     3.63246224     3.63269963     3.63270657     3.63313016     3.63313920
   145   -75.15685101   -75.15685100   -42.10520923   -42.10520923   -41.82839738   -41.82839738   -41.80417036   -41.80417036   -11.05485824   -11.05485815    -3.95353659    -3.95353632    -1.67134784    -1.67134771    -1.35897859    -1.35897837     2.81875094     2.81875094     3.62677908     3.62678812     3.63247077     3.63248179     3.63269848     3.63270458     3.63307746     3.63308553
   146   -75.15683739   -75.15683739   -42.10530790   -42.10530790   -41.82855780   -41.82855780   -41.80417297   -41.80417296   -11.03632996   -11.03632989    -3.99352880    -3.99352857    -1.65372340    -1.65372329    -1.37181430    -1.37181411     2.83357498     2.83357499     3.62745784     3.62746565     3.63249639     3.63250600     3.63269716     3.63270232     3.63301861     3.63302556
   147   -75.15682484   -75.15682484   -42.10540662   -42.10540662   -41.82871801   -41.82871801   -41.80417567   -41.80417567   -11.01768851   -11.01768845    -4.03348453    -4.03348434    -1.63597380    -1.63597372    -1.38456042    -1.38456026     2.84832381     2.84832382     3.62827234     3.62827877     3.63252662     3.63253460     3.63269572     3.63269988     3.63295539     3.63296108
   148   -75.15681317   -75.15681316   -42.10550538   -42.10550538   -41.82887798   -41.82887798   -41.80417849   -41.80417849   -10.99893318   -10.99893314    -4.07340333    -4.07340319    -1.61810411    -1.61810406    -1.39721603    -1.39721590     2.86300423     2.86300424     3.62920974     3.62921469     3.63256110     3.63256728     3.63269419     3.63269733     3.63288960     3.63289395
   149   -75.15680217   -75.15680217   -42.10560417   -42.10560417   -41.82903770   -41.82903770   -41.80418143   -41.80418143   -10.98006312   -10.98006309    -4.11328488    -4.11328479    -1.60012010    -1.60012007    -1.40978015    -1.40978005     2.87762566     2.87762567     3.63025418     3.63025756     3.63259942     3.63260367     3.63269263     3.63269472     3.63282306     3.63282600
   150   -75.15679163   -75.15679163   -42.10570299   -42.10570299   -41.82919714   -41.82919714   -41.80418450   -41.80418450   -10.96107731   -10.96107729    -4.15312894    -4.15312889    -1.58202824    -1.58202824    -1.42225166    -1.42225161     2.89220006     2.89220007     3.63138701     3.63138877     3.63264110     3.63264333     3.63269106     3.63269212     3.63275748     3.63275900
   151   -75.15678133   -75.15678133   -42.10580181   -42.10580181   -41.82935627   -41.82935627   -41.80418769   -41.80418769   -10.94197463   -10.94197463    -4.19293529    -4.19293529    -1.56383576    -1.56383576    -1.43462917    -1.43462916     2.90674175     2.90674176     3.63258708     3.63258721     3.63268559     3.63268576     3.63268953     3.63268961     3.63269449     3.63269460
   152   -75.15677104   -75.15677104   -42.10590061   -42.10590061   -41.82951506   -41.82951506   -41.80419101   -41.80419101   -10.92275387   -10.92275385    -4.23270381    -4.23270377    -1.54555100    -1.54555099    -1.44691055    -1.44691049     2.92126714     2.92126715     3.63263429     3.63263552     3.63268723     3.63268807     3.63273040     3.63273227     3.63382963     3.63383109
   153   -75.15676055   -75.15676055   -42.10599937   -42.10599937   -41.82967347   -41.82967347   -41.80419445   -41.80419445   -10.90341372   -10.90341369    -4.27243429    -4.27243421    -1.52718507    -1.52718501    -1.45909106    -1.45909090     2.93579451     2.93579452     3.63257932     3.63258179     3.63268503     3.63268670     3.63277661     3.63278045     3.63509102     3.63509403
   154   -75.15674964   -75.15674964   -42.10609806   -42.10609806   -41.82983146   -41.82983146   -41.80419802   -41.80419802   -10.88395283   -10.88395279    -4.31212649    -4.31212638    -1.50876211    -1.50876186    -1.47115310    -1.47115271     2.95034362     2.95034363     3.63253072     3.63253431     3.63268307     3.63268546     3.63282368     3.63282937     3.63634512     3.63634958
   155   -75.15673812   -75.15673811   -42.10619666   -42.10619666   -41.82998900   -41.82998900   -41.80420169   -41.80420169   -10.86436987   -10.86436981    -4.35178016    -4.35178002    -1.49058117    -1.49057918    -1.48280546    -1.48280329     2.96493536     2.96493538     3.63248928     3.63249382     3.63268136     3.63268437     3.63287081     3.63287818     3.63756488     3.63757067
   156   -75.15672579   -75.15672579   -42.10629513   -42.10629513   -41.83014604   -41.83014604   -41.80420547   -41.80420547   -10.84466348   -10.84466341    -4.39139495    -4.39139477    -1.49528913    -1.49528840    -1.47140295    -1.47140201     2.97959134     2.97959136     3.63245549     3.63246080     3.63267994     3.63268344     3.63291712     3.63292597     3.63872300     3.63872997
   157   -75.15671251   -75.15671250   -42.10639345   -42.10639345   -41.83030255   -41.83030255   -41.80420933   -41.80420933   -10.82483238   -10.82483230    -4.43097041    -4.43097021    -1.50702500    -1.50702469    -1.45281632    -1.45281579     2.99433339     2.99433342     3.63242961     3.63243548     3.63267882     3.63268268     3.63296166     3.63297173     3.63979251     3.63980049
   158   -75.15669812   -75.15669812   -42.10649157   -42.10649157   -41.83045847   -41.83045847   -41.80421327   -41.80421327   -10.80487538   -10.80487529    -4.47050598    -4.47050577    -1.51871842    -1.51871825    -1.43412090    -1.43412049     3.00918311     3.00918315     3.63241165     3.63241787     3.63267801     3.63268211     3.63300339     3.63301442     3.64074731     3.64075610
   159   -75.15668254   -75.15668253   -42.10658947   -42.10658947   -41.83061376   -41.83061376   -41.80421726   -41.80421726   -10.78479137   -10.78479128    -4.51000102    -4.51000079    -1.53032516    -1.53032508    -1.41536568    -1.41536534     3.02416137     3.02416141     3.63240141     3.63240776     3.63267750     3.63268171     3.63304124     3.63305293     3.64156275     3.64157216
   160   -75.15666567   -75.15666566   -42.10668710   -42.10668710   -41.83076838   -41.83076838   -41.80422129   -41.80422129   -10.76457943   -10.76457933    -4.54945472    -4.54945448    -1.54183747    -1.54183745    -1.39656274    -1.39656246     3.03928776     3.03928781     3.63239848     3.63240477     3.63267728     3.63268148     3.63307407     3.63308612     3.64221621     3.64222603
   161   -75.15664746   -75.15664745   -42.10678443   -42.10678443   -41.83092227   -41.83092227   -41.80422534   -41.80422534   -10.74423878   -10.74423868    -4.58886619    -4.58886594    -1.55325256    -1.55325254    -1.37771854    -1.37771830     3.05458014     3.05458019     3.63240231     3.63240835     3.63267734     3.63268143     3.63310074     3.63311284     3.64268762     3.64269763
   162   -75.15662791   -75.15662790   -42.10688141   -42.10688141   -41.83107540   -41.83107540   -41.80422939   -41.80422939   -10.72376885   -10.72376875    -4.62823440    -4.62823415    -1.56456891    -1.56456885    -1.35883743    -1.35883723     3.07005409     3.07005414     3.63241224     3.63241787     3.63267766     3.63268155     3.63312011     3.63313198     3.64295998     3.64296996
   163   -75.15660702   -75.15660701   -42.10697802   -42.10697802   -41.83122772   -41.83122772   -41.80423343   -41.80423342   -10.70316931   -10.70316920    -4.66755821    -4.66755797    -1.57578548    -1.57578538    -1.33992248    -1.33992232     3.08572244     3.08572249     3.63242750     3.63243259     3.63267822     3.63268181     3.63313110     3.63314247     3.64301979     3.64302953
   164   -75.15658485   -75.15658484   -42.10707420   -42.10707420   -41.83137918   -41.83137918   -41.80423742   -41.80423742   -10.68244004   -10.68243994    -4.70683638    -4.70683614    -1.58690147    -1.58690134    -1.32097566    -1.32097553     3.10159484     3.10159489     3.63244729     3.63245173     3.63267897     3.63268222     3.63313271     3.63314335     3.64285750     3.64286679
   165   -75.15656146   -75.15656145   -42.10716993   -42.10716993   -41.83152974   -41.83152974   -41.80424136   -41.80424136   -10.66158120   -10.66158111    -4.74606756    -4.74606734    -1.59791615    -1.59791600    -1.30199796    -1.30199786     3.11767736     3.11767741     3.63247075     3.63247450     3.63267990     3.63268276     3.63312409     3.63313378     3.64246780     3.64247647
   166   -75.15653697   -75.15653696   -42.10726517   -42.10726517   -41.83167936   -41.83167936   -41.80424522   -41.80424522   -10.64059322   -10.64059313    -4.78525033    -4.78525012    -1.60882891    -1.60882875    -1.28298940    -1.28298933     3.13397210     3.13397214     3.63249706     3.63250010     3.63268097     3.63268341     3.63310455     3.63311313     3.64184995     3.64185782
   167   -75.15651150   -75.15651150   -42.10735988   -42.10735988   -41.83182799   -41.83182799   -41.80424898   -41.80424898   -10.61947678   -10.61947670    -4.82438315    -4.82438297    -1.61963914    -1.61963897    -1.26394913    -1.26394908     3.15047689     3.15047692     3.63252539     3.63252773     3.63268215     3.63268416     3.63307362     3.63308097     3.64100789     3.64101481
   168   -75.15648521   -75.15648521   -42.10745402   -42.10745402   -41.83197560   -41.83197560   -41.80425264   -41.80425264   -10.59823285   -10.59823278    -4.86346445    -4.86346429    -1.63034627    -1.63034611    -1.24487541    -1.24487538     3.16718509     3.16718512     3.63255496     3.63255666     3.63268340     3.63268499     3.63303109     3.63303713     3.63995038     3.63995623
   169   -75.15645827   -75.15645827   -42.10754757   -42.10754757   -41.83212214   -41.83212214   -41.80425617   -41.80425617   -10.57686263   -10.57686257    -4.90249257    -4.90249244    -1.64094975    -1.64094961    -1.22576573    -1.22576571     3.18408541     3.18408543     3.63258504     3.63258617     3.63268470     3.63268588     3.63297701     3.63298170     3.63869099     3.63869567
   170   -75.15643086   -75.15643086   -42.10764050   -42.10764049   -41.83226760   -41.83226760   -41.80425956   -41.80425956   -10.55536759   -10.55536754    -4.94146578    -4.94146569    -1.65144907    -1.65144895    -1.20661688    -1.20661687     3.20116177     3.20116178     3.63261494     3.63261560     3.63268602     3.63268682     3.63291177     3.63291511     3.63724801     3.63725145
   171   -75.15640318   -75.15640318   -42.10773277   -42.10773277   -41.83241192   -41.83241192   -41.80426280   -41.80426280   -10.53374941   -10.53374938    -4.98038233    -4.98038227    -1.66184369    -1.66184361    -1.18742503    -1.18742503     3.21839335     3.21839336     3.63264406     3.63264437     3.63268733     3.63268778     3.63283604     3.63283806     3.63564427     3.63564642
   172   -75.15637543   -75.15637543   -42.10782436   -42.10782436   -41.83255509   -41.83255509   -41.80426588   -41.80426588   -10.51200998   -10.51200997    -5.01924039    -5.01924037    -1.67213312    -1.67213309    -1.16818585    -1.16818585     3.23575463     3.23575464     3.63267185     3.63267193     3.63268859     3.63268876     3.63275083     3.63275161     3.63390683     3.63390769
   173   -75.15634780   -75.15634780   -42.10791524   -42.10791524   -41.83269706   -41.83269706   -41.80426879   -41.80426879   -10.49015135   -10.49015135    -5.05803812    -5.05803811    -1.68231689    -1.68231687    -1.14889466    -1.14889466     3.25321553     3.25321553     3.63206623     3.63206665     3.63265710     3.63265747     3.63268972     3.63268980     3.63269782     3.63269784
   174   -75.15632051   -75.15632051   -42.10800540   -42.10800540   -41.83283783   -41.83283783   -41.80427153   -41.80427153   -10.46817573   -10.46817570    -5.09677365    -5.09677359    -1.69239452    -1.69239445    -1.12954652    -1.12954652     3.27074161     3.27074162     3.63015645     3.63015810     3.63255615     3.63255756     3.63269066     3.63269091     3.63272163     3.63272163
   175   -75.15629375   -75.15629374   -42.10809482   -42.10809482   -41.83297736   -41.83297736   -41.80427410   -41.80427410   -10.44608537   -10.44608532    -5.13544502    -5.13544492    -1.70236553    -1.70236539    -1.11013642    -1.11013641     3.28829443     3.28829444     3.62821562     3.62821844     3.63245068     3.63245299     3.63269154     3.63269193     3.63274290     3.63274304
   176   -75.15626768   -75.15626767   -42.10818347   -42.10818347   -41.83311563   -41.83311562   -41.80427650   -41.80427650   -10.42388261   -10.42388254    -5.17405031    -5.17405018    -1.71222943    -1.71222923    -1.09065940    -1.09065939     3.30583189     3.30583190     3.62628328     3.62628717     3.63234282     3.63234588     3.63269236     3.63269283     3.63276139     3.63276176
   177   -75.15624248   -75.15624247   -42.10827135   -42.10827135   -41.83325262   -41.83325261   -41.80427872   -41.80427872   -10.40156980   -10.40156972    -5.21258759    -5.21258743    -1.72198578    -1.72198552    -1.07111077    -1.07111075     3.32330865     3.32330866     3.62440055     3.62440540     3.63223489     3.63223854     3.63269309     3.63269359     3.63277692     3.63277761
   178   -75.15621829   -75.15621829   -42.10835844   -42.10835844   -41.83338831   -41.83338831   -41.80428078   -41.80428078   -10.37914927   -10.37914917    -5.25105496    -5.25105476    -1.73163413    -1.73163380    -1.05148618    -1.05148617     3.34067668     3.34067669     3.62260943     3.62261510     3.63212935     3.63213345     3.63269372     3.63269421     3.63278938     3.63279046
   179   -75.15619524   -75.15619523   -42.10844473   -42.10844473   -41.83352269   -41.83352269   -41.80428267   -41.80428267   -10.35662327   -10.35662316    -5.28945055    -5.28945032    -1.74117403    -1.74117366    -1.03178188    -1.03178186     3.35788581     3.35788582     3.62095197     3.62095832     3.63202878     3.63203318     3.63269424     3.63269468     3.63279874     3.63280023
   180   -75.15617343   -75.15617342   -42.10853021   -42.10853021   -41.83365575   -41.83365575   -41.80428440   -41.80428440   -10.33399395   -10.33399382    -5.32777255    -5.32777229    -1.75060507    -1.75060465    -1.01199479    -1.01199477     3.37488432     3.37488434     3.61946952     3.61947640     3.63193580     3.63194035     3.63269463     3.63269500     3.63280501     3.63280694
   181   -75.15615292   -75.15615291   -42.10861488   -42.10861488   -41.83378747   -41.83378747   -41.80428599   -41.80428599   -10.31126331   -10.31126318    -5.36601924    -5.36601897    -1.75992682    -1.75992637    -0.99212268    -0.99212266     3.39161960     3.39161962     3.61820190     3.61820914     3.63185302     3.63185759     3.63269490     3.63269518     3.63280828     3.63281063
   182   -75.15613378   -75.15613377   -42.10869873   -42.10869873   -41.83391785   -41.83391784   -41.80428744   -41.80428744   -10.28843321   -10.28843307    -5.40418904    -5.40418875    -1.76913888    -1.76913841    -0.97216431    -0.97216429     3.40803882     3.40803885     3.61718656     3.61719399     3.63178302     3.63178748     3.63269503     3.63269520     3.63280870     3.63281144
   183   -75.15611601   -75.15611600   -42.10878176   -42.10878176   -41.83404686   -41.83404686   -41.80428877   -41.80428877   -10.26550529   -10.26550515    -5.44228050    -5.44228021    -1.77824085    -1.77824037    -0.95211951    -0.95211950     3.42408964     3.42408967     3.61645778     3.61646523     3.63172826     3.63173251     3.63269502     3.63269509     3.63280645     3.63280953
   184   -75.15609961   -75.15609959   -42.10886396   -42.10886396   -41.83417452   -41.83417452   -41.80428998   -41.80428998   -10.24248098   -10.24248083    -5.48029236    -5.48029207    -1.78723234    -1.78723186    -0.93198930    -0.93198928     3.43972085     3.43972089     3.61604586     3.61605318     3.63169107     3.63169502     3.63269485     3.63269489     3.63280178     3.63280512
   185   -75.15608454   -75.15608453   -42.10894533   -42.10894533   -41.83430080   -41.83430080   -41.80429108   -41.80429108   -10.21936148   -10.21936134    -5.51822356    -5.51822328    -1.79611297    -1.79611251    -0.91177591    -0.91177590     3.45488313     3.45488317     3.61597642     3.61598345     3.63167362     3.63167720     3.63269450     3.63269463     3.63279496     3.63279848
   186   -75.15607074   -75.15607073   -42.10902588   -42.10902588   -41.83442571   -41.83442571   -41.80429209   -41.80429209   -10.19614777   -10.19614764    -5.55607329    -5.55607303    -1.80488237    -1.80488194    -0.89148289    -0.89148288     3.46952963     3.46952967     3.61626963     3.61627623     3.63167783     3.63168100     3.63269406     3.63269426     3.63278631     3.63278990
   187   -75.15605813   -75.15605812   -42.10910560   -42.10910560   -41.83454924   -41.83454924   -41.80429302   -41.80429302   -10.17284061   -10.17284048    -5.59384100    -5.59384075    -1.81354019    -1.81353979    -0.87111504    -0.87111504     3.48361670     3.48361674     3.61693962     3.61694567     3.63170542     3.63170813     3.63269355     3.63269380     3.63277616     3.63277970
   188   -75.15604661   -75.15604660   -42.10918449   -42.10918449   -41.83467138   -41.83467138   -41.80429389   -41.80429388   -10.14944051   -10.14944039    -5.63152638    -5.63152616    -1.82208607    -1.82208572    -0.85067847    -0.85067847     3.49710441     3.49710444     3.61799390     3.61799928     3.63175779     3.63176004     3.63269297     3.63269326     3.63276486     3.63276824
   189   -75.15603605   -75.15603604   -42.10926255   -42.10926255   -41.83479213   -41.83479213   -41.80429469   -41.80429469   -10.12594779   -10.12594769    -5.66912942    -5.66912923    -1.83051967    -1.83051937    -0.83018049    -0.83018049     3.50995712     3.50995715     3.61943287     3.61943750     3.63183609     3.63183788     3.63269237     3.63269266     3.63275275     3.63275585
   190   -75.15602631   -75.15602630   -42.10933978   -42.10933978   -41.83491149   -41.83491149   -41.80429543   -41.80429543   -10.10236257   -10.10236248    -5.70665038    -5.70665022    -1.83884065    -1.83884040    -0.80962954    -0.80962954     3.52214398     3.52214400     3.62124948     3.62125328     3.63194112     3.63194247     3.63269175     3.63269203     3.63274020     3.63274291
   191   -75.15601724   -75.15601724   -42.10941618   -42.10941618   -41.83502946   -41.83502946   -41.80429614   -41.80429614   -10.07868480   -10.07868474    -5.74408976    -5.74408964    -1.84704869    -1.84704850    -0.78903513    -0.78903513     3.53363932     3.53363933     3.62342890     3.62343183     3.63207335     3.63207430     3.63269114     3.63269138     3.63272755     3.63272976
   192   -75.15600869   -75.15600869   -42.10949175   -42.10949175   -41.83514603   -41.83514603   -41.80429681   -41.80429681   -10.05491431   -10.05491427    -5.78144828    -5.78144820    -1.85514346    -1.85514333    -0.76840767    -0.76840767     3.54442298     3.54442299     3.62594843     3.62595046     3.63223288     3.63223348     3.63269055     3.63269073     3.63271511     3.63271672
   193   -75.15600049   -75.15600049   -42.10956649   -42.10956649   -41.83526120   -41.83526120   -41.80429744   -41.80429744   -10.03105080   -10.03105077    -5.81872687    -5.81872682    -1.86312464    -1.86312457    -0.74775834    -0.74775833     3.55448062     3.55448064     3.62877741     3.62877852     3.63241943     3.63241972     3.63269000     3.63269011     3.63270319     3.63270412
   194   -75.15599248   -75.15599248   -42.10964039   -42.10964039   -41.83537496   -41.83537496   -41.80429804   -41.80429804   -10.00709388   -10.00709387    -5.85592656    -5.85592655    -1.87099194    -1.87099192    -0.72709889    -0.72709889     3.56380389     3.56380391     3.63187733     3.63187755     3.63263223     3.63263228     3.63268952     3.63268954     3.63269204     3.63269223
   195   -75.15598450   -75.15598450   -42.10971345   -42.10971345   -41.83548732   -41.83548732   -41.80429861   -41.80429861    -9.98304313    -9.98304312    -5.89304850    -5.89304847    -1.87874508    -1.87874504    -0.70644154    -0.70644154     3.57239055     3.57239056     3.63268130     3.63268189     3.63268903     3.63268909     3.63286991     3.63287004     3.63520143     3.63520207
   196   -75.15597641   -75.15597640   -42.10978567   -42.10978567   -41.83559827   -41.83559827   -41.80429916   -41.80429916    -9.95889811    -9.95889808    -5.93009376    -5.93009370    -1.88638373    -1.88638364    -0.68579871    -0.68579871     3.58024453     3.58024455     3.63267153     3.63267292     3.63268859     3.63268875     3.63313071     3.63313096     3.63869677     3.63869822
   197   -75.15596805   -75.15596804   -42.10985705   -42.10985705   -41.83570782   -41.83570782   -41.80429967   -41.80429967    -9.93465836    -9.93465830    -5.96706337    -5.96706328    -1.89390759    -1.89390746    -0.66518289    -0.66518289     3.58737598     3.58737602     3.63266308     3.63266526     3.63268825     3.63268848     3.63341205     3.63341236     3.64230340     3.64230558
   198   -75.15595930   -75.15595929   -42.10992757   -42.10992757   -41.83581594   -41.83581594   -41.80430015   -41.80430015    -9.91032346    -9.91032339    -6.00395816    -6.00395804    -1.90131637    -1.90131620    -0.64460646    -0.64460644     3.59380125     3.59380133     3.63265606     3.63265900     3.63268800     3.63268829     3.63371032     3.63371065     3.64595491     3.64595775
   199   -75.15595005   -75.15595004   -42.10999723   -42.10999723   -41.83592265   -41.83592265   -41.80430059   -41.80430059    -9.88589307    -9.88589298    -6.04077872    -6.04077858    -1.90860979    -1.90860959    -0.62408146    -0.62408145     3.59954283     3.59954299     3.63265053     3.63265418     3.63268786     3.63268819     3.63402071     3.63402101     3.64957946     3.64958285
   200   -75.15594021   -75.15594020   -42.11006603   -42.11006603   -41.83602794   -41.83602794   -41.80430098   -41.80430098    -9.86136691    -9.86136681    -6.07752530    -6.07752513    -1.91578757    -1.91578735    -0.60361953    -0.60361950     3.60462933     3.60462960     3.63264652     3.63265078     3.63268782     3.63268815     3.63433688     3.63433714     3.65310053     3.65310437
   201   -75.15592970   -75.15592969   -42.11013395   -42.11013395   -41.83613179   -41.83613179   -41.80430132   -41.80430132    -9.83674480    -9.83674469    -6.11419770    -6.11419752    -1.92284945    -1.92284921    -0.58323167    -0.58323164     3.60909538     3.60909577     3.63264400     3.63264877     3.63268789     3.63268819     3.63465068     3.63465089     3.65643789     3.65644207
   202   -75.15591847   -75.15591846   -42.11020099   -42.11020099   -41.83623422   -41.83623422   -41.80430160   -41.80430160    -9.81202667    -9.81202655    -6.15079523    -6.15079504    -1.92979517    -1.92979491    -0.56292820    -0.56292816     3.61298134     3.61298189     3.63264290     3.63264805     3.63268806     3.63268828     3.63495188     3.63495203     3.65950860     3.65951301
   203   -75.15590650   -75.15590649   -42.11026713   -42.11026713   -41.83633521   -41.83633521   -41.80430181   -41.80430181    -9.78721257    -9.78721244    -6.18731664    -6.18731643    -1.93662446    -1.93662419    -0.54271862    -0.54271858     3.61633287     3.61633361     3.63264311     3.63264849     3.63268834     3.63268843     3.63522814     3.63522825     3.66222808     3.66223261
   204   -75.15589377   -75.15589376   -42.11033237   -42.11033237   -41.83643475   -41.83643475   -41.80430195   -41.80430195    -9.76230267    -9.76230254    -6.22376003    -6.22375982    -1.94333709    -1.94333681    -0.52261155    -0.52261151     3.61920002     3.61920098     3.63264451     3.63264995     3.63268861     3.63268871     3.63546537     3.63546547     3.66451127     3.66451581
   205   -75.15588031   -75.15588030   -42.11039670   -42.11039670   -41.83653284   -41.83653284   -41.80430201   -41.80430201    -9.73729728    -9.73729714    -6.26012290    -6.26012268    -1.94993281    -1.94993253    -0.50261471    -0.50261466     3.62163582     3.62163701     3.63264693     3.63265227     3.63268882     3.63268915     3.63564856     3.63564866     3.66627378     3.66627822
   206   -75.15586614   -75.15586613   -42.11046009   -42.11046009   -41.83662948   -41.83662948   -41.80430197   -41.80430197    -9.71219685    -9.71219672    -6.29640204    -6.29640182    -1.95641139    -1.95641110    -0.48273488    -0.48273483     3.62369432     3.62369573     3.63265020     3.63265525     3.63268905     3.63268966     3.63576316     3.63576329     3.66743306     3.66743732
   207   -75.15585133   -75.15585132   -42.11052255   -42.11052255   -41.83672464   -41.83672464   -41.80430184   -41.80430184    -9.68700199    -9.68700186    -6.33259360    -6.33259340    -1.96277259    -1.96277231    -0.46297791    -0.46297786     3.62542837     3.62542998     3.63265412     3.63265873     3.63268928     3.63269021     3.63579674     3.63579691     3.66790963     3.66791361
   208   -75.15583594   -75.15583593   -42.11058407   -42.11058406   -41.83681832   -41.83681832   -41.80430161   -41.80430161    -9.66171344    -9.66171332    -6.36869311    -6.36869291    -1.96901620    -1.96901594    -0.44334878    -0.44334874     3.62688740     3.62688916     3.63265849     3.63266251     3.63268950     3.63269078     3.63574063     3.63574084     3.66762817     3.66763180
   209   -75.15582008   -75.15582007   -42.11064461   -42.11064461   -41.83691052   -41.83691052   -41.80430127   -41.80430127    -9.63633213    -9.63633201    -6.40469547    -6.40469529    -1.97514201    -1.97514176    -0.42385166    -0.42385163     3.62811578     3.62811763     3.63266313     3.63266644     3.63268971     3.63269132     3.63559107     3.63559133     3.66651867     3.66652189
   210   -75.15580383   -75.15580382   -42.11070419   -42.11070419   -41.83700121   -41.83700121   -41.80430083   -41.80430083    -9.61085914    -9.61085903    -6.44059507    -6.44059491    -1.98114979    -1.98114956    -0.40448997    -0.40448994     3.62915176     3.62915362     3.63266785     3.63267038     3.63268988     3.63269179     3.63534971     3.63534999     3.66451748     3.66452025
   211   -75.15578732   -75.15578731   -42.11076278   -42.11076278   -41.83709040   -41.83709040   -41.80430029   -41.80430029    -9.58529575    -9.58529565    -6.47638584    -6.47638570    -1.98703936    -1.98703916    -0.38526651    -0.38526648     3.63002733     3.63002911     3.63267247     3.63267421     3.63269001     3.63269212     3.63502337     3.63502366     3.66156826     3.66157056
   212   -75.15577067   -75.15577066   -42.11082038   -42.11082038   -41.83717805   -41.83717805   -41.80429964   -41.80429964    -9.55964344    -9.55964336    -6.51206134    -6.51206122    -1.99281050    -1.99281033    -0.36618356    -0.36618355     3.63076853     3.63077013     3.63267684     3.63267784     3.63269008     3.63269226     3.63462324     3.63462352     3.65762288     3.65762468
   213   -75.15575400   -75.15575399   -42.11087697   -42.11087697   -41.83726417   -41.83726417   -41.80429890   -41.80429890    -9.53390392    -9.53390387    -6.54761485    -6.54761476    -1.99846304    -1.99846291    -0.34724306    -0.34724305     3.63139621     3.63139753     3.63268084     3.63268123     3.63269008     3.63269210     3.63416384     3.63416409     3.65264216     3.65264346
   214   -75.15573744   -75.15573743   -42.11093254   -42.11093254   -41.83734873   -41.83734873   -41.80429806   -41.80429806    -9.50807916    -9.50807912    -6.58303949    -6.58303943    -2.00399677    -2.00399668    -0.32844672    -0.32844671     3.63192689     3.63192782     3.63268436     3.63268436     3.63268997     3.63269157     3.63366183     3.63366201     3.64659649     3.64659730
   215   -75.15572111   -75.15572111   -42.11098708   -42.11098708   -41.83743173   -41.83743173   -41.80429715   -41.80429715    -9.48217137    -9.48217135    -6.61832831    -6.61832828    -2.00941152    -2.00941148    -0.30979618    -0.30979618     3.63237364     3.63237410     3.63268721     3.63268735     3.63268973     3.63269060     3.63313485     3.63313494     3.63946638     3.63946674
   216   -75.15570515   -75.15570515   -42.11104058   -42.11104058   -41.83751313   -41.83751313   -41.80429617   -41.80429617    -9.45618310    -9.45618310    -6.65347438    -6.65347438    -2.01470711    -2.01470710    -0.29129323    -0.29129323     3.63124274     3.63124281     3.63260057     3.63260059     3.63268912     3.63268932     3.63268977     3.63268982     3.63274678     3.63274688
   217   -75.15568965   -75.15568965   -42.11109304   -42.11109304   -41.83759294   -41.83759294   -41.80429514   -41.80429514    -9.43011724    -9.43011721    -6.68847093    -6.68847089    -2.01988340    -2.01988334    -0.27293993    -0.27293993     3.62192698     3.62192742     3.63207584     3.63207599     3.63268709     3.63268869     3.63269163     3.63269219     3.63305429     3.63305502
   218   -75.15567473   -75.15567473   -42.11114445   -42.11114445   -41.83767112   -41.83767112   -41.80429408   -41.80429408    -9.40397701    -9.40397696    -6.72331132    -6.72331124    -2.02494019    -2.02494007    -0.25473879    -0.25473879     3.61153185     3.61153263     3.63157632     3.63157662     3.63268450     3.63268777     3.63269298     3.63269434     3.63330356     3.63330498
   219   -75.15566048   -75.15566047   -42.11119479   -42.11119479   -41.83774767   -41.83774767   -41.80429300   -41.80429300    -9.37776605    -9.37776598    -6.75798918    -6.75798908    -2.02987728    -2.02987711    -0.23669298    -0.23669297     3.60008046     3.60008151     3.63111576     3.63111622     3.63268139     3.63268652     3.63269391     3.63269629     3.63350049     3.63350264
   220   -75.15564697   -75.15564696   -42.11124407   -42.11124407   -41.83782256   -41.83782255   -41.80429192   -41.80429192    -9.35148844    -9.35148834    -6.79249847    -6.79249833    -2.03469454    -2.03469431    -0.21880644    -0.21880642     3.58760632     3.58760759     3.63070577     3.63070640     3.63267779     3.63268488     3.63269449     3.63269803     3.63365024     3.63365314
   221   -75.15563427   -75.15563426   -42.11129226   -42.11129226   -41.83789577   -41.83789577   -41.80429088   -41.80429088    -9.32514872    -9.32514860    -6.82683341    -6.82683324    -2.03939178    -2.03939150    -0.20108410    -0.20108408     3.57415308     3.57415449     3.63035567     3.63035647     3.63267381     3.63268284     3.63269481     3.63269958     3.63375744     3.63376110
   222   -75.15562243   -75.15562242   -42.11133938   -42.11133938   -41.83796729   -41.83796729   -41.80428988   -41.80428988    -9.29875194    -9.29875181    -6.86098856    -6.86098836    -2.04396885    -2.04396852    -0.18353199    -0.18353195     3.55977392     3.55977542     3.63007236     3.63007334     3.63266956     3.63268042     3.63269496     3.63270092     3.63382641     3.63383079
   223   -75.15561147   -75.15561146   -42.11138541   -42.11138540   -41.83803709   -41.83803709   -41.80428897   -41.80428897    -9.27230370    -9.27230355    -6.89495871    -6.89495849    -2.04842560    -2.04842524    -0.16615737    -0.16615733     3.54453102     3.54453256     3.62986039     3.62986153     3.63266518     3.63267769     3.63269498     3.63270205     3.63386120     3.63386626
   224   -75.15560141   -75.15560140   -42.11143034   -42.11143034   -41.83810517   -41.83810517   -41.80428815   -41.80428815    -9.24581015    -9.24580999    -6.92873887    -6.92873863    -2.05276188    -2.05276149    -0.14896889    -0.14896884     3.52849477     3.52849629     3.62972195     3.62972324     3.63266082     3.63267475     3.63269490     3.63270296     3.63386574     3.63387141
   225   -75.15559225   -75.15559224   -42.11147417   -42.11147417   -41.83817149   -41.83817149   -41.80428746   -41.80428746    -9.21927806    -9.21927789    -6.96232413    -6.96232389    -2.05697756    -2.05697714    -0.13197662    -0.13197657     3.51174294     3.51174440     3.62965706     3.62965849     3.63265667     3.63267173     3.63269475     3.63270363     3.63384384     3.63385002
   226   -75.15558396   -75.15558395   -42.11151690   -42.11151690   -41.83823605   -41.83823605   -41.80428692   -41.80428692    -9.19271487    -9.19271470    -6.99570959    -6.99570934    -2.06107248    -2.06107205    -0.11519219    -0.11519213     3.49435976     3.49436111     3.62966372     3.62966526     3.63265292     3.63266879     3.63269454     3.63270405     3.63379920     3.63380579
   227   -75.15557652   -75.15557651   -42.11155852   -42.11155852   -41.83829882   -41.83829882   -41.80428655   -41.80428655    -9.16612871    -9.16612854    -7.02889018    -7.02888992    -2.06504652    -2.06504609    -0.09862875    -0.09862869     3.47643489     3.47643611     3.62973809     3.62973972     3.63264975     3.63266609     3.63269428     3.63270421     3.63373544     3.63374229
   228   -75.15556987   -75.15556986   -42.11159902   -42.11159902   -41.83835978   -41.83835978   -41.80428638   -41.80428638    -9.13952847    -9.13952830    -7.06186047    -7.06186022    -2.06889955    -2.06889913    -0.08230107    -0.08230102     3.45806239     3.45806346     3.62987476     3.62987644     3.63264736     3.63266381     3.63269397     3.63270410     3.63365605     3.63366301
   229   -75.15556396   -75.15556395   -42.11163841   -42.11163841   -41.83841893   -41.83841893   -41.80428642   -41.80428642    -9.11292390    -9.11292373    -7.09461454    -7.09461430    -2.07263144    -2.07263104    -0.06622545    -0.06622540     3.43933959     3.43934050     3.63006698     3.63006867     3.63264595     3.63266213     3.63269361     3.63270371     3.63356439     3.63357130
   230   -75.15555872   -75.15555871   -42.11167666   -42.11167666   -41.83847623   -41.83847623   -41.80428669   -41.80428669    -9.08632565    -9.08632549    -7.12714568    -7.12714546    -2.07624209    -2.07624172    -0.05041969    -0.05041964     3.42036597     3.42036670     3.63030692     3.63030858     3.63264567     3.63266121     3.63269322     3.63270303     3.63346367     3.63347035
   231   -75.15555406   -75.15555406   -42.11171379   -42.11171379   -41.83853169   -41.83853169   -41.80428720   -41.80428720    -9.05974542    -9.05974528    -7.15944622    -7.15944602    -2.07973138    -2.07973104    -0.03490298    -0.03490294     3.40124198     3.40124255     3.63058594     3.63058752     3.63264670     3.63266120     3.63269279     3.63270206     3.63335688     3.63336316
   232   -75.15554992   -75.15554992   -42.11174977   -42.11174977   -41.83858527   -41.83858527   -41.80428797   -41.80428797    -9.03319611    -9.03319598    -7.19150720    -7.19150703    -2.08309919    -2.08309890    -0.01969579    -0.01969576     3.38206799     3.38206840     3.63089486     3.63089633     3.63264916     3.63266226     3.63269232     3.63270080     3.63324681     3.63325250
   233   -75.15554621   -75.15554620   -42.11178461   -42.11178461   -41.83863698   -41.83863698   -41.80428900   -41.80428900    -9.00669195    -9.00669185    -7.22331812    -7.22331797    -2.08634544    -2.08634520    -0.00481967    -0.00481965     3.36294308     3.36294336     3.63122425     3.63122555     3.63265314     3.63266448     3.63269183     3.63269926     3.63313599     3.63314092
   234   -75.15554283   -75.15554283   -42.11181829   -42.11181829   -41.83868679   -41.83868679   -41.80429029   -41.80429029    -8.98024878    -8.98024870    -7.25486658    -7.25486647    -2.08947002    -2.08946983     0.00970291     0.00970293     3.34396404     3.34396421     3.63156465     3.63156574     3.63265871     3.63266795     3.63269131     3.63269745     3.63302668     3.63303070
   235   -75.15553972   -75.15553972   -42.11185080   -42.11185080   -41.83873469   -41.83873469   -41.80429185   -41.80429185    -8.95388426    -8.95388420    -7.28613797    -7.28613789    -2.09247284    -2.09247270     0.02384885     0.02384885     3.32522436     3.32522445     3.63190684     3.63190766     3.63266587     3.63267271     3.63269077     3.63269538     3.63292089     3.63292385
   236   -75.15553679   -75.15553678   -42.11188214   -42.11188214   -41.83878067   -41.83878067   -41.80429366   -41.80429366    -8.92761824    -8.92761821    -7.31711502    -7.31711497    -2.09535380    -2.09535372     0.03759461     0.03759461     3.30681326     3.30681329     3.63224205     3.63224256     3.63267459     3.63267876     3.63269022     3.63269307     3.63282030     3.63282209
   237   -75.15553396   -75.15553396   -42.11191230   -42.11191230   -41.83882473   -41.83882473   -41.80429573   -41.80429573    -8.90147314    -8.90147313    -7.34777740    -7.34777739    -2.09811282    -2.09811279     0.05091655     0.05091655     3.28881485     3.28881486     3.63256220     3.63256236     3.63268477     3.63268603     3.63268965     3.63269052     3.63272633     3.63272687
   238   -75.15553118   -75.15553118   -42.11194125   -42.11194125   -41.83886685   -41.83886685   -41.80429803   -41.80429803    -8.87547445    -8.87547444    -7.37810121    -7.37810119    -2.10074984    -2.10074981     0.06379120     0.06379120     3.27130744     3.27130745     3.63263934     3.63264010     3.63268778     3.63268906     3.63269443     3.63269624     3.63285983     3.63286007
   239   -75.15552839   -75.15552839   -42.11196900   -42.11196900   -41.83890703   -41.83890702   -41.80430055   -41.80430055    -8.84965129    -8.84965125    -7.40805833    -7.40805828    -2.10326477    -2.10326470     0.07619553     0.07619554     3.25436287     3.25436290     3.63256040     3.63256248     3.63268485     3.63268847     3.63270378     3.63270880     3.63312877     3.63312943
   240   -75.15552554   -75.15552554   -42.11199552   -42.11199552   -41.83894525   -41.83894525   -41.80430327   -41.80430327    -8.82403708    -8.82403702    -7.43761580    -7.43761572    -2.10565752    -2.10565740     0.08810729     0.08810730     3.23804602     3.23804609     3.63249070     3.63249406     3.63268178     3.63268786     3.63271386     3.63272215     3.63336410     3.63336522
   241   -75.15552261   -75.15552260   -42.11202081   -42.11202081   -41.83898152   -41.83898152   -41.80430616   -41.80430616    -8.79867043    -8.79867035    -7.46673501    -7.46673490    -2.10792800    -2.10792784     0.09950523     0.09950526     3.22241447     3.22241460     3.63243065     3.63243523     3.63267859     3.63268725     3.63272440     3.63273597     3.63356200     3.63356360
   242   -75.15551956   -75.15551955   -42.11204485   -42.11204485   -41.83901582   -41.83901582   -41.80430919   -41.80430919    -8.77359607    -8.77359598    -7.49537078    -7.49537065    -2.11007615    -2.11007595     0.11036941     0.11036945     3.20751828     3.20751848     3.63238046     3.63238614     3.63267531     3.63268664     3.63273507     3.63274986     3.63371993     3.63372202
   243   -75.15551639   -75.15551639   -42.11206762   -42.11206762   -41.83904817   -41.83904817   -41.80431234   -41.80431234    -8.74886603    -8.74886592    -7.52347025    -7.52347010    -2.11210189    -2.11210167     0.12068135     0.12068141     3.19339993     3.19340021     3.63234014     3.63234678     3.63267200     3.63268602     3.63274550     3.63276340     3.63383668     3.63383927
   244   -75.15551311   -75.15551310   -42.11208911   -42.11208911   -41.83907854   -41.83907854   -41.80431556   -41.80431556    -8.72454097    -8.72454084    -7.55097161    -7.55097144    -2.11400517    -2.11400492     0.13042429     0.13042436     3.18009441     3.18009475     3.63230954     3.63231695     3.63266868     3.63268540     3.63275531     3.63277614     3.63391234     3.63391542
   245   -75.15550973   -75.15550972   -42.11210930   -42.11210930   -41.83910695   -41.83910695   -41.80431882   -41.80431882    -8.70069171    -8.70069158    -7.57780261    -7.57780243    -2.11578591    -2.11578564     0.13958324     0.13958333     3.16762941     3.16762981     3.63228838     3.63229635     3.63266542     3.63268479     3.63276407     3.63278760     3.63394825     3.63395179
   246   -75.15550627   -75.15550626   -42.11212818   -42.11212818   -41.83913339   -41.83913339   -41.80432209   -41.80432209    -8.67740106    -8.67740092    -7.60387888    -7.60387869    -2.11744407    -2.11744379     0.14814514     0.14814523     3.15602576     3.15602621     3.63227625     3.63228455     3.63266226     3.63268418     3.63277137     3.63279731     3.63394692     3.63395090
   247   -75.15550276   -75.15550275   -42.11214574   -42.11214574   -41.83915785   -41.83915785   -41.80432532   -41.80432532    -8.65476569    -8.65476555    -7.62910205    -7.62910185    -2.11897960    -2.11897931     0.15609879     0.15609889     3.14529786     3.14529834     3.63227263     3.63228102     3.63265927     3.63268358     3.63277681     3.63280484     3.63391190     3.63391626
   248   -75.15549926   -75.15549925   -42.11216195   -42.11216195   -41.83918035   -41.83918035   -41.80432847   -41.80432847    -8.63289826    -8.63289812    -7.65335772    -7.65335751    -2.12039244    -2.12039215     0.16343493     0.16343503     3.13545435     3.13545484     3.63227695     3.63228520     3.63265653     3.63268301     3.63278004     3.63280977     3.63384762     3.63385230
   249   -75.15549580   -75.15549579   -42.11217681   -42.11217681   -41.83920089   -41.83920089   -41.80433151   -41.80433151    -8.61192948    -8.61192934    -7.67651344    -7.67651324    -2.12168256    -2.12168226     0.17014606     0.17014616     3.12649877     3.12649924     3.63228856     3.63229645     3.63265412     3.63268246     3.63278075     3.63281177     3.63375923     3.63376414
   250   -75.15549244   -75.15549243   -42.11219030   -42.11219030   -41.83921945   -41.83921945   -41.80433439   -41.80433439    -8.59200994    -8.59200980    -7.69841697    -7.69841677    -2.12284991    -2.12284962     0.17622638     0.17622647     3.11843038     3.11843082     3.63230680     3.63231411     3.63265213     3.63268196     3.63277875     3.63281058     3.63365235     3.63365737
   251   -75.15548924   -75.15548923   -42.11220241   -42.11220241   -41.83923606   -41.83923606   -41.80433708   -41.80433708    -8.57331137    -8.57331124    -7.71889501    -7.71889482    -2.12389446    -2.12389419     0.18167159     0.18167168     3.11124499     3.11124538     3.63233096     3.63233754     3.63265071     3.63268152     3.63277394     3.63280606     3.63353285     3.63353786
   252   -75.15548624   -75.15548624   -42.11221312   -42.11221312   -41.83925070   -41.83925070   -41.80433955   -41.80433955    -8.55602667    -8.55602654    -7.73775323    -7.73775305    -2.12481619    -2.12481593     0.18647871     0.18647879     3.10493581     3.10493615     3.63236040     3.63236612     3.63265002     3.63268115     3.63276639     3.63279821     3.63340661     3.63341145
   253   -75.15548352   -75.15548351   -42.11222243   -42.11222243   -41.83926339   -41.83926339   -41.80434176   -41.80434176    -8.54036807    -8.54036796    -7.75477811    -7.75477795    -2.12561507    -2.12561483     0.19064584     0.19064590     3.09949438     3.09949465     3.63239449     3.63239929     3.63265025     3.63268091     3.63275637     3.63278717     3.63327918     3.63328368
   254   -75.15548111   -75.15548111   -42.11223033   -42.11223032   -41.83927412   -41.83927412   -41.80434368   -41.80434368    -8.52656250    -8.52656240    -7.76974162    -7.76974148    -2.12629107    -2.12629086     0.19417193     0.19417198     3.09491132     3.09491152     3.63243275     3.63243661     3.63265167     3.63268082     3.63274439     3.63277331     3.63315554     3.63315951
   255   -75.15547908   -75.15547907   -42.11223680   -42.11223679   -41.83928289   -41.83928289   -41.80434529   -41.80434529    -8.51484322    -8.51484314    -7.78240956    -7.78240944    -2.12684419    -2.12684401     0.19705658     0.19705661     3.09117721     3.09117735     3.63247488     3.63247784     3.63265462     3.63268099     3.63273124     3.63275721     3.63303971     3.63304299
   256   -75.15547744   -75.15547744   -42.11224184   -42.11224183   -41.83928971   -41.83928971   -41.80434657   -41.80434657    -8.50543745    -8.50543739    -7.79255395    -7.79255385    -2.12727440    -2.12727426     0.19929979     0.19929981     3.08828328     3.08828336     3.63252089     3.63252302     3.63265949     3.63268155     3.63271802     3.63273970     3.63293451     3.63293697
   257   -75.15547625   -75.15547625   -42.11224544   -42.11224544   -41.83929459   -41.83929459   -41.80434749   -41.80434749    -8.49855019    -8.49855014    -7.79996919    -7.79996913    -2.12758169    -2.12758159     0.20090177     0.20090178     3.08622200     3.08622204     3.63257122     3.63257261     3.63266672     3.63268277     3.63270598     3.63272182     3.63284131     3.63284290
   258   -75.15547553   -75.15547553   -42.11224760   -42.11224760   -41.83929751   -41.83929751   -41.80434805   -41.80434805    -8.49434609    -8.49434606    -7.80449023    -7.80449020    -2.12776607    -2.12776602     0.20186281     0.20186282     3.08498764     3.08498765     3.63262687     3.63262757     3.63267665     3.63268515     3.63269626     3.63270471     3.63276003     3.63276078
   259   -75.15547528   -75.15547528   -42.11224832   -42.11224832   -41.83929848   -41.83929848   -41.80434824   -41.80434824    -8.49293230    -8.49293230    -7.80600967    -7.80600967    -2.12782752    -2.12782752     0.20218314     0.20218314     3.08457659     3.08457659     3.63268940     3.63268940     3.63268940     3.63268940     3.63268940     3.63268940     3.63268940     3.63268940
   260   -75.15547459   -75.15547432   -42.11224856   -42.11224842   -41.83929909   -41.83929891   -41.80434794   -41.80434790    -8.49289393    -8.49289099    -7.80602367    -7.80601831    -2.12828565    -2.12827810     0.20216468     0.20216468     3.08446874     3.08446874     3.63266470     3.63266542     3.63268128     3.63268213     3.63272096     3.63272542     3.63281176     3.63281533
   261   -75.15547205   -75.15547161   -42.11224910   -42.11224883   -41.83930042   -41.83930007   -41.80434735   -41.80434726    -8.49277249    -8.49276780    -7.80605411    -7.80604558    -2.12965357    -2.12964155     0.20211247     0.20211250     3.08414540     3.08414543     3.63264284     3.63264567     3.63267029     3.63267169     3.63277413     3.63278482     3.63315674     3.63316441
   262   -75.15546768   -75.15546730   -42.11224993   -42.11224954   -41.83930244   -41.83930192   -41.80434649   -41.80434636    -8.49256438    -8.49256022    -7.80609435    -7.80608688    -2.13192404    -2.13191354     0.20203594     0.20203602     3.08360738     3.08360749     3.63261832     3.63262324     3.63265401     3.63265418     3.63285272     3.63286923     3.63371648     3.63372693
   263   -75.15546158   -75.15546155   -42.11225103   -42.11225054   -41.83930507   -41.83930442   -41.80434543   -41.80434528    -8.49226441    -8.49226400    -7.80613469    -7.80613426    -2.13508601    -2.13508545     0.20195037     0.20195058     3.08285637     3.08285665     3.63258826     3.63259664     3.63263272     3.63263407     3.63295779     3.63297873     3.63446552     3.63447693
   264   -75.15545462   -75.15545390   -42.11225238   -42.11225181   -41.83930825   -41.83930749   -41.80434425   -41.80434409    -8.49187338    -8.49186609    -7.80617657    -7.80616261    -2.13914479    -2.13912508     0.20187637     0.20187680     3.08189543     3.08189596     3.63254978     3.63256649     3.63261267     3.63261271     3.63308795     3.63311159     3.63536968     3.63537981
   265   -75.15544678   -75.15544490   -42.11225394   -42.11225332   -41.83931189   -41.83931106   -41.80434306   -41.80434290    -8.49138132    -8.49136193    -7.80619967    -7.80616314    -2.14407571    -2.14402422     0.20183908     0.20183982     3.08072956     3.08073047     3.63250225     3.63253423     3.63259260     3.63259827     3.63324042     3.63326498     3.63638793     3.63639418
   266   -75.15543833   -75.15543486   -42.11225569   -42.11225503   -41.83931590   -41.83931502   -41.80434196   -41.80434182    -8.49077988    -8.49074386    -7.80618673    -7.80611914    -2.14985972    -2.14976457     0.20186724     0.20186839     3.07936641     3.07936780     3.63244766     3.63250164     3.63257661     3.63259171     3.63341140     3.63343527     3.63747393     3.63747438
   267   -75.15542959   -75.15542411   -42.11225758   -42.11225692   -41.83932015   -41.83931926   -41.80434108   -41.80434097    -8.49006058    -8.49000357    -7.80611860    -7.80601178    -2.15647651    -2.15632628     0.20199210     0.20199379     3.07781688     3.07781889     3.63238882     3.63247066     3.63256746     3.63259450     3.63359629     3.63361814     3.63857050     3.63858055
   268   -75.15542088   -75.15541302   -42.11225959   -42.11225896   -41.83932455   -41.83932369   -41.80434055   -41.80434048    -8.48921484    -8.48913301    -7.80597425    -7.80582091    -2.16390479    -2.16368934     0.20224629     0.20224866     3.07609576     3.07609852     3.63232871     3.63244332     3.63256745     3.63260778     3.63378982     3.63380871     3.63963523     3.63965773
   269   -75.15541251   -75.15540196   -42.11226168   -42.11226109   -41.83932899   -41.83932818   -41.80434049   -41.80434048    -8.48823440    -8.48812469    -7.80573128    -7.80552555    -2.17212316    -2.17183441     0.20266268     0.20266585     3.07422216     3.07422579     3.63227021     3.63242153     3.63257818     3.63263222     3.63398611     3.63400157     3.64062173     3.64065930
   270   -75.15540475   -75.15539133   -42.11226381   -42.11226329   -41.83933337   -41.83933262   -41.80434107   -41.80434102    -8.48711173    -8.48697213    -7.80536645    -7.80510437    -2.18111096    -2.18074350     0.20327316     0.20327726     3.07221971     3.07222434     3.63221601     3.63240697     3.63260044     3.63266783     3.63417888     3.63419092     3.64148804     3.64154291
   271   -75.15539785   -75.15538147   -42.11226597   -42.11226551   -41.83933759   -41.83933693   -41.80434238   -41.80434225    -8.48584048    -8.48567019    -7.80485634    -7.80453616    -2.19084898    -2.19040059     0.20410754     0.20411269     3.07011658     3.07012233     3.63216840     3.63240094     3.63263404     3.63271394     3.63436161     3.63437067     3.64219855     3.64227244
   272   -75.15539200   -75.15537272   -42.11226812   -42.11226774   -41.83934157   -41.83934101   -41.80434448   -41.80434428    -8.48441576    -8.48421533    -7.80417790    -7.80380036    -2.20132012    -2.20079203     0.20519258     0.20519890     3.06794512     3.06795208     3.63212910     3.63240420     3.63267775     3.63276919     3.63452776     3.63453468     3.64272568     3.64281959
   273   -75.15538737   -75.15536535   -42.11227024   -42.11226995   -41.83934525   -41.83934479   -41.80434747   -41.80434720    -8.48283455    -8.48260589    -7.80330918    -7.80287756    -2.21250982    -2.21190684     0.20655109     0.20655867     3.06574121     3.06574945     3.63209901     3.63241694     3.63272918     3.63283156     3.63467109     3.63467696     3.64305103     3.64316515
   274   -75.15538403   -75.15535958   -42.11227233   -42.11227211   -41.83934858   -41.83934822   -41.80435140   -41.80435107    -8.48109585    -8.48084219    -7.80222994    -7.80174998    -2.22440638    -2.22373673     0.20820125     0.20821014     3.06354328     3.06355286     3.63207809     3.63243870     3.63278475     3.63289850     3.63478602     3.63479197     3.64316616     3.64329970
   275   -75.15538203   -75.15535556   -42.11227437   -42.11227422   -41.83935153   -41.83935126   -41.80435632   -41.80435593    -8.47920088    -8.47892662    -7.80092225    -7.80040197    -2.23700105    -2.23627609     0.21015604     0.21016629     3.06139106     3.06140201     3.63206509     3.63246830     3.63283962     3.63296705     3.63486804     3.63487496     3.64307282     3.64322394
   276   -75.15538133   -75.15535336   -42.11227638   -42.11227628   -41.83935411   -41.83935391   -41.80436225   -41.80436182    -8.47715315    -8.47686368    -7.79937114    -7.79882046    -2.25028796    -2.24952163     0.21242298     0.21243459     3.05932410     3.05933641     3.63205749     3.63250380     3.63288767     3.63303402     3.63491432     3.63492236     3.64278274     3.64294843
   277   -75.15538186   -75.15535298   -42.11227835   -42.11227829   -41.83935633   -41.83935617   -41.80436919   -41.80436873    -8.47495835    -8.47465977    -7.79756505    -7.79699535    -2.26426380    -2.26347196     0.21500397     0.21501691     3.05738003     3.05739367     3.63205126     3.63254222     3.63292171     3.63309618     3.63492429     3.63493226     3.64231678     3.64249283
   278   -75.15538349   -75.15535432   -42.11228032   -42.11228027   -41.83935821   -41.83935809   -41.80437713   -41.80437666    -8.47262423    -8.47232304    -7.79549632    -7.79491983    -2.27892740    -2.27812705     0.21789539     0.21790959     3.05559285     3.05560775     3.63204092     3.63257885     3.63293424     3.63315041     3.63490026     3.63490482     3.64170364     3.64188469
   279   -75.15538607   -75.15535725   -42.11228230   -42.11228225   -41.83935984   -41.83935972   -41.80438605   -41.80438557    -8.47016028    -8.46986309    -7.79316144    -7.79259072    -2.29427911    -2.29348756     0.22108834     0.22110369     3.05399114     3.05400719     3.63201953     3.63260473     3.63292045     3.63319394     3.63484271     3.63484784     3.64097797     3.64115767
   280   -75.15538940   -75.15536153   -42.11228434   -42.11228426   -41.83936126   -41.83936113   -41.80439589   -41.80439543    -8.46757735    -8.46729051    -7.79056134    -7.79000859    -2.31032005    -2.30955404     0.22456909     0.22458545     3.05259639     3.05261345     3.63197926     3.63259894     3.63288756     3.63322447     3.63475131     3.63477533     3.64017793     3.64034932
   281   -75.15539326   -75.15536691   -42.11228646   -42.11228635   -41.83936258   -41.83936242   -41.80440661   -41.80440618    -8.46488713    -8.46461642    -7.78770136    -7.78717783    -2.32705138    -2.32632625     0.22831964     0.22833681     3.05142156     3.05143946     3.63191244     3.63252284     3.63286379     3.63324035     3.63463839     3.63469188     3.63934215     3.63949847
   282   -75.15539743   -75.15537309   -42.11228873   -42.11228857   -41.83936389   -41.83936368   -41.80441815   -41.80441777    -8.46210156    -8.46185195    -7.78459120    -7.78410668    -2.34447339    -2.34380238     0.23231840     0.23233618     3.05046996     3.05048847     3.63181379     3.63235887     3.63286412     3.63324072     3.63451289     3.63460445     3.63850644     3.63864230
   283   -75.15540168   -75.15537974   -42.11229119   -42.11229098   -41.83936531   -41.83936504   -41.80443044   -41.80443011    -8.45923221    -8.45900758    -7.78124470    -7.78080701    -2.36258482    -2.36197844     0.23654098     0.23655912     3.04973445     3.04975332     3.63168344     3.63212957     3.63287471     3.63322551     3.63438279     3.63451562     3.63770052     3.63781340
   284   -75.15540581   -75.15538653   -42.11229390   -42.11229363   -41.83936695   -41.83936662   -41.80444342   -41.80444315    -8.45628957    -8.45609261    -7.77767942    -7.77729411    -2.38138204    -2.38084767     0.24096100     0.24097923     3.04919714     3.04921611     3.63152974     3.63186665     3.63288384     3.63319542     3.63425276     3.63442367     3.63694592     3.63703746
   285   -75.15540963   -75.15539316   -42.11229690   -42.11229659   -41.83936892   -41.83936853   -41.80445703   -41.80445682    -8.45328239    -8.45311448    -7.77391612    -7.77358628    -2.40085855    -2.40040019     0.24555096     0.24556899     3.04882963     3.04884840     3.63136983     3.63160321     3.63288632     3.63315172     3.63412281     3.63432434     3.63625575     3.63633233
   286   -75.15541298   -75.15539932   -42.11230027   -42.11229991   -41.83937133   -41.83937089   -41.80447120   -41.80447106    -8.45021703    -8.45007826    -7.76997815    -7.76970434    -2.42100455    -2.42062280     0.25028306     0.25030061     3.04859367     3.04861193     3.63122699     3.63137179     3.63288011     3.63309608     3.63398882     3.63421255     3.63563662     3.63570865
   287   -75.15541573   -75.15540479   -42.11230405   -42.11230366   -41.83937428   -41.83937381   -41.80448589   -41.80448579    -8.44709691    -8.44698612    -7.76589071    -7.76567110    -2.44180666    -2.44149891     0.25513010     0.25514687     3.04844236     3.04845981     3.63112553     3.63120046     3.63286474     3.63303045     3.63384456     3.63408287     3.63509211     3.63517166
   288   -75.15541779   -75.15540936   -42.11230830   -42.11230788   -41.83937787   -41.83937738   -41.80450103   -41.80450099    -8.44392199    -8.44383698    -7.76168005    -7.76151066    -2.46324798    -2.46300879     0.26006620     0.26008190     3.04832188     3.04833821     3.63108555     3.63110936     3.63284078     3.63295699     3.63368489     3.63392872     3.63462656     3.63472219
   289   -75.15541912   -75.15541292   -42.11231304   -42.11231263   -41.83938218   -41.83938168   -41.80451660   -41.80451659    -8.44068850    -8.44062620    -7.75737268    -7.75724780    -2.48530821    -2.48512985     0.26506752     0.26508190     3.04817349     3.04818842     3.63110858     3.63111912     3.63280957     3.63287825     3.63351055     3.63374225     3.63424679     3.63435484
   290   -75.15541972   -75.15541538   -42.11231833   -42.11231793   -41.83938726   -41.83938679   -41.80453258   -41.80453255    -8.43738872    -8.43734547    -7.75299452    -7.75290720    -2.50796407    -2.50783724     0.27011295     0.27012576     3.04793595     3.04794923     3.63119770     3.63122855     3.63277311     3.63279763     3.63333225     3.63352448     3.63395226     3.63405487
   291   -75.15541961   -75.15541676   -42.11232418   -42.11232382   -41.83939316   -41.83939273   -41.80454891   -41.80454887    -8.43401095    -8.43398280    -7.74857009    -7.74851275    -2.53118982    -2.53110441     0.27518457     0.27519563     3.04754808     3.04755949     3.63136649     3.63140636     3.63272051     3.63273406     3.63316691     3.63330129     3.63371836     3.63380099
   292   -75.15541887   -75.15541713   -42.11233061   -42.11233030   -41.83939991   -41.83939954   -41.80456558   -41.80456553    -8.43053974    -8.43052278    -7.74412185    -7.74408685    -2.55495798    -2.55490387     0.28026816     0.28027730     3.04695139     3.04696079     3.63159645     3.63163647     3.63265534     3.63269610     3.63302724     3.63310476     3.63351383     3.63357395
   293   -75.15541759   -75.15541661   -42.11233763   -42.11233738   -41.83940750   -41.83940721   -41.80458256   -41.80458252    -8.42695627    -8.42694691    -7.73966945    -7.73964979    -2.57924005    -2.57920796     0.28535351     0.28536062     3.04609271     3.04609999     3.63186288     3.63189624     3.63261264     3.63266453     3.63291648     3.63295021     3.63332181     3.63336176
   294   -75.15541587   -75.15541537   -42.11234522   -42.11234505   -41.83941593   -41.83941572   -41.80459986   -41.80459983    -8.42323891    -8.42323418    -7.73522926    -7.73521908    -2.60400734    -2.60398957     0.29043461     0.29043965     3.04492656     3.04493169     3.63213747     3.63215925     3.63260111     3.63264651     3.63283120     3.63283816     3.63313634     3.63315911
   295   -75.15541386   -75.15541362   -42.11235338   -42.11235328   -41.83942517   -41.83942504   -41.80461747   -41.80461745    -8.41936400    -8.41936180    -7.73081383    -7.73080899    -2.62923182    -2.62922288     0.29550981     0.29551278     3.04341722     3.04342022     3.63239177     3.63239980     3.63262281     3.63264889     3.63276119     3.63276576     3.63295560     3.63296479
   296   -75.15541167   -75.15541159   -42.11236207   -42.11236204   -41.83943515   -41.83943512   -41.80463540   -41.80463539    -8.41530683    -8.41530612    -7.72643166    -7.72643009    -2.65488689    -2.65488398     0.30058183     0.30058279     3.04154037     3.04154133     3.63260180     3.63260296     3.63266715     3.63267268     3.63270929     3.63271354     3.63277810     3.63277914
   297   -75.15540952   -75.15540943   -42.11237129   -42.11237126   -41.83944587   -41.83944584   -41.80465364   -41.80465363    -8.41104363    -8.41104274    -7.72208890    -7.72208695    -2.68095140    -2.68094805     0.30565668     0.30565760     3.03928328     3.03928420     3.63259936     3.63260101     3.63266382     3.63267135     3.63270555     3.63270591     3.63276488     3.63277182
   298   -75.15540764   -75.15540725   -42.11238098   -42.11238090   -41.83945723   -41.83945715   -41.80467220   -41.80467219    -8.40655213    -8.40654832    -7.71778768    -7.71777952    -2.70740647    -2.70739354     0.31074553     0.31074816     3.03664731     3.03664991     3.63240630     3.63242076     3.63259408     3.63262977     3.63271530     3.63272475     3.63289808     3.63293342
   299   -75.15540614   -75.15540523   -42.11239105   -42.11239095   -41.83946912   -41.83946900   -41.80469106   -41.80469105    -8.40181191    -8.40180271    -7.71352431    -7.71350488    -2.73423359    -2.73420478     0.31586421     0.31586830     3.03364757     3.03365161     3.63216718     3.63220111     3.63248488     3.63255842     3.63270880     3.63273063     3.63303021     3.63310053
   300   -75.15540520   -75.15540343   -42.11240145   -42.11240135   -41.83948144   -41.83948132   -41.80471023   -41.80471022    -8.39680693    -8.39678887    -7.70929228    -7.70925439    -2.76142027    -2.76136661     0.32103095     0.32103625     3.03031029     3.03031547     3.63182844     3.63186699     3.63236912     3.63245803     3.63270487     3.63274239     3.63316967     3.63327210
   301   -75.15540492   -75.15540188   -42.11241212   -42.11241204   -41.83949411   -41.83949403   -41.80472972   -41.80472968    -8.39152600    -8.39149478    -7.70508085    -7.70501557    -2.78895711    -2.78886749     0.32626696     0.32627314     3.02667241     3.02667844     3.63134284     3.63136873     3.63228258     3.63235776     3.63270656     3.63276429     3.63331123     3.63344042
   302   -75.15540537   -75.15540060   -42.11242301   -42.11242297   -41.83950706   -41.83950704   -41.80474951   -41.80474942    -8.38596378    -8.38591459    -7.70087529    -7.70077245    -2.81683751    -2.81669937     0.33159583     0.33160256     3.02277965     3.02278620     3.63069513     3.63070377     3.63222743     3.63227327     3.63271229     3.63279330     3.63344583     3.63359607
   303   -75.15540654   -75.15539956   -42.11243410   -42.11243406   -41.83952030   -41.83952021   -41.80476960   -41.80476944    -8.38012161    -8.38004939    -7.69665728    -7.69650610    -2.84505734    -2.84485745     0.33704294     0.33704987     3.01868416     3.01869090     3.62988562     3.62989347     3.63219741     3.63220596     3.63272045     3.63282562     3.63356428     3.63373014
   304   -75.15540837   -75.15539869   -42.11244537   -42.11244523   -41.83953374   -41.83953351   -41.80478996   -41.80478972    -8.37400807    -8.37390791    -7.69240539    -7.69219515    -2.87361446    -2.87333983     0.34263476     0.34264155     3.01444178     3.01444838     3.62893520     3.62895790     3.63215285     3.63218499     3.63272989     3.63285737     3.63365863     3.63383564
   305   -75.15541072   -75.15539792   -42.11245676   -42.11245650   -41.83954731   -41.83954691   -41.80481059   -41.80481025    -8.36763925    -8.36750671    -7.68809575    -7.68781653    -2.90250814    -2.90214689     0.34839813     0.34840443     3.01010915     3.01011531     3.62788011     3.62791623     3.63210974     3.63218135     3.63273949     3.63288462     3.63372305     3.63390865
   306   -75.15541341   -75.15539715   -42.11246823   -42.11246783   -41.83956098   -41.83956039   -41.80483148   -41.80483103    -8.36103863    -8.36087011    -7.68370273    -7.68334609    -2.93173843    -2.93128069     0.35435943     0.35436492     3.00574084     3.00574626     3.62675394     3.62680241     3.63207164     3.63217673     3.63274674     3.63290354     3.63375451     3.63394958
   307   -75.15541624   -75.15539624   -42.11247977   -42.11247922   -41.83957473   -41.83957394   -41.80485261   -41.80485204    -8.35423667    -8.35402964    -7.67919978    -7.67875938    -2.96130550    -2.96074418     0.36054377     0.36054819     3.00138653     3.00139094     3.62559500     3.62565503     3.63203264     3.63216191     3.63274575     3.63291062     3.63375328     3.63396418
   308   -75.15541893   -75.15539508   -42.11249137   -42.11249066   -41.83958855   -41.83958755   -41.80487397   -41.80487328    -8.34726988    -8.34702319    -7.67456024    -7.67403244    -2.99120906    -2.99054048     0.36697416     0.36697726     2.99708848     2.99709167     3.62444460     3.62451559     3.63198559     3.63212957     3.63272609     3.63290333     3.63372302     3.63396374
   309   -75.15542122   -75.15539354   -42.11250302   -42.11250216   -41.83960246   -41.83960124   -41.80489556   -41.80489474    -8.34017966    -8.33989367    -7.66975829    -7.66914252    -3.02144770    -3.02067210     0.37367065     0.37367226     2.99287945     2.99288124     3.62334517     3.62342660     3.63192207     3.63207425     3.63267578     3.63288104     3.63367023     3.63396245
   310   -75.15542285   -75.15539150   -42.11251475   -42.11251375   -41.83961647   -41.83961505   -41.80491736   -41.80491642    -8.33301077    -8.33268742    -7.66476977    -7.66406882    -3.05201846    -3.05114023     0.38064961     0.38064961     2.98878111     2.98878136     3.62233825     3.62242955     3.63183303     3.63199056     3.63258930     3.63284609     3.63360265     3.63397140
   311   -75.15542356   -75.15538886   -42.11252658   -42.11252545   -41.83963062   -41.83962902   -41.80493938   -41.80493833    -8.32580958    -8.32545240    -7.65957308    -7.65879317    -3.08291639    -3.08194414     0.38792132     0.38792298     2.98480168     2.98480303     3.62146246     3.62156295     3.63171089     3.63187130     3.63247501     3.63280381     3.63352713     3.63399311
   312   -75.15542312   -75.15538555   -42.11253852   -42.11253729   -41.83964493   -41.83964318   -41.80496160   -41.80496046    -8.31862210    -8.31823609    -7.65414987    -7.65330055    -3.11413435    -3.11308068     0.39549446     0.39549777     2.98093941     2.98094236     3.62075164     3.62086042     3.63155290     3.63170933     3.63235262     3.63276057     3.63344808     3.63402196
   313   -75.15542137   -75.15538151   -42.11255062   -42.11254931   -41.83965946   -41.83965758   -41.80498404   -41.80498282    -8.31149203    -8.31108347    -7.64848574    -7.64757963    -3.14566287    -3.14454398     0.40337070     0.40337560     2.97717964     2.97718414     3.62023324     3.62034910     3.63136348     3.63150535     3.63224036     3.63272096     3.63336747     3.63404894
   314   -75.15541818   -75.15537674   -42.11256291   -42.11256154   -41.83967425   -41.83967228   -41.80500669   -41.80500542    -8.30445877    -8.30403496    -7.64257071    -7.64162300    -3.17749018    -3.17632523     0.41154614     0.41155250     2.97349635     2.97350230     3.61992698     3.62004835     3.63115361     3.63127255     3.63214595     3.63268671     3.63328604     3.63406559
   315   -75.15541350   -75.15537125   -42.11257541   -42.11257402   -41.83968933   -41.83968732   -41.80502957   -41.80502826    -8.29755557    -8.29712453    -7.63639955    -7.63542743    -3.20960236    -3.20841270     0.42001123     0.42001887     2.96985396     2.96986118     3.61984394     3.61996882     3.63093802     3.63103102     3.63206974     3.63265756     3.63320441     3.63406568
   316   -75.15540734   -75.15536510   -42.11258816   -42.11258678   -41.83970474   -41.83970273   -41.80505266   -41.80505135    -8.29080797    -8.29037803    -7.62997191    -7.62899381    -3.24198365    -3.24079187     0.42875103     0.42875972     2.96620936     2.96621764     3.61998605     3.62011201     3.63073235     3.63080075     3.63201063     3.63263264     3.63312385     3.63404562
   317   -75.15539980   -75.15535838   -42.11260118   -42.11259984   -41.83972051   -41.83971855   -41.80507598   -41.80507470    -8.28423244    -8.28381191    -7.62329230    -7.62232711    -3.27461678    -3.27344574     0.43774559     0.43775508     2.96251443     2.96252352     3.62034603     3.62047017     3.63055131     3.63059886     3.63196812     3.63261124     3.63304643     3.63400431
   318   -75.15539103   -75.15535120   -42.11261449   -42.11261322   -41.83973666   -41.83973477   -41.80509953   -41.80509830    -8.27783548    -8.27743227    -7.61636985    -7.61543604    -3.30748342    -3.30635519     0.44697061     0.44698064     2.95871874     2.95872837     3.62090779     3.62102681     3.63040759     3.63043903     3.63194221     3.63259292     3.63297501     3.63394288
   319   -75.15538123   -75.15534372   -42.11262809   -42.11262691   -41.83975317   -41.83975141   -41.80512331   -41.80512214    -8.27161311    -8.27123436    -7.60921792    -7.60833272    -3.34056462    -3.33949954     0.45639826     0.45640854     2.95477248     2.95478235     3.62164729     3.62175749     3.63031121     3.63033138     3.63193298     3.63257740     3.63291318     3.63386442
   320   -75.15537066   -75.15533608   -42.11264197   -42.11264091   -41.83977006   -41.83976845   -41.80514729   -41.80514622    -8.26555080    -8.26520259    -7.60185357    -7.60103218    -3.37384132    -3.37285707     0.46599818     0.46600845     2.95062923     2.95063907     3.62253371     3.62263112     3.63026914     3.63028243     3.63194024     3.63256420     3.63286514     3.63377356
   321   -75.15535961   -75.15532845   -42.11265613   -42.11265519   -41.83978729   -41.83978585   -41.80517148   -41.80517051    -8.25962385    -8.25931095    -7.59429692    -7.59355188    -3.40729480    -3.40640565     0.47573860     0.47574858     2.94624867     2.94625822     3.62353107     3.62361155     3.63028497     3.63029489     3.63196327     3.63255261     3.63283531     3.63367612
   322   -75.15534840   -75.15532100   -42.11267054   -42.11266973   -41.83980482   -41.83980357   -41.80519585   -41.80519500    -8.25379826    -8.25352393    -7.58657049    -7.58591107    -3.44090710    -3.44012333     0.48558751     0.48559696     2.94159894     2.94160796     3.62460001     3.62465947     3.63035881     3.63036774     3.63200081     3.63254235     3.63282717     3.63357855
   323   -75.15533731   -75.15531387   -42.11268514   -42.11268447   -41.83982262   -41.83982156   -41.80522037   -41.80521964    -8.24803190    -8.24779784    -7.57869838    -7.57813030    -3.47466141    -3.47398898     0.49551394     0.49552266     2.93665847     2.93666676     3.62569990     3.62573456     3.63048726     3.63049626     3.63205109     3.63253439     3.63284196     3.63348741
   324   -75.15532665   -75.15530719   -42.11269991   -42.11269937   -41.83984060   -41.83983974   -41.80524501   -41.80524440    -8.24227620    -8.24208250    -7.57070560    -7.57023083    -3.50854241    -3.50798279     0.50548918     0.50549700     2.93141731     2.93142471     3.62679089     3.62679777     3.63066373     3.63067248     3.63211193     3.63253071     3.63287827     3.63340852
   325   -75.15531665   -75.15530105   -42.11271477   -42.11271436   -41.83985872   -41.83985805   -41.80526973   -41.80526925    -8.23647800    -8.23632325    -7.56261725    -7.56223408    -3.54253648    -3.54208680     0.51548796     0.51549477     2.92587775     2.92588416     3.62781365     3.62783614     3.63087890     3.63088582     3.63218099     3.63253312     3.63293254     3.63334609
   326   -75.15530752   -75.15529552   -42.11272968   -42.11272938   -41.83987690   -41.83987640   -41.80529448   -41.80529412    -8.23058172    -8.23046315    -7.55445790    -7.55416118    -3.57663193    -3.57628531     0.52548956     0.52549529     2.92005428     2.92005965     3.62875264     3.62880376     3.63112166     3.63112429     3.63225586     3.63254237     3.63299903     3.63330153
   327   -75.15529939   -75.15529061   -42.11274456   -42.11274436   -41.83989507   -41.83989472   -41.80531924   -41.80531897    -8.22453164    -8.22444533    -7.54625092    -7.54603251    -3.61081901    -3.61056515     0.53547875     0.53548336     2.91397275     2.91397707     3.62959290     3.62966850     3.63137614     3.63138025     3.63233412     3.63255809     3.63306910     3.63327239
   328   -75.15529231   -75.15528630   -42.11275936   -42.11275924   -41.83991315   -41.83991293   -41.80534393   -41.80534375    -8.21827419    -8.21821537    -7.53801790    -7.53786727    -3.64508996    -3.64491589     0.54544652     0.54545007     2.90766893     2.90767223     3.63032161     3.63041295     3.63163173     3.63164344     3.63241311     3.63257898     3.63313067     3.63325151
   329   -75.15528628   -75.15528251   -42.11277402   -42.11277396   -41.83993109   -41.83993097   -41.80536853   -41.80536842    -8.21176020    -8.21172358    -7.52977819    -7.52968316    -3.67943893    -3.67932986     0.55539071     0.55539326     2.90118631     2.90118868     3.63093524     3.63102862     3.63188435     3.63190109     3.63248958     3.63260314     3.63316900     3.63322740
   330   -75.15528121   -75.15527914   -42.11278848   -42.11278848   -41.83994883   -41.83994879   -41.80539298   -41.80539292    -8.20494703    -8.20492713    -7.52154851    -7.52149605    -3.71386175    -3.71380209     0.56531622     0.56531789     2.89457356     2.89457512     3.63143926     3.63151816     3.63212745     3.63214310     3.63255979     3.63262825     3.63316932     3.63318610
   331   -75.15527692   -75.15527602   -42.11280274   -42.11280272   -41.83996635   -41.83996634   -41.80541725   -41.80541723    -8.19780032    -8.19779181    -7.51334261    -7.51331970    -3.74835573    -3.74833008     0.57523502     0.57523597     2.88788146     2.88788235     3.63184731     3.63189948     3.63234757     3.63235732     3.63262001     3.63265186     3.63311485     3.63312060
   332   -75.15527320   -75.15527298   -42.11281673   -42.11281670   -41.83998362   -41.83998359   -41.80544130   -41.80544130    -8.19029550    -8.19029355    -7.50517107    -7.50516556    -3.78291933    -3.78291347     0.58516586     0.58516629     2.88115974     2.88116014     3.63217884     3.63220360     3.63252266     3.63252877     3.63266673     3.63267149     3.63300627     3.63301918
   333   -75.15526983   -75.15526978   -42.11283044   -42.11283042   -41.84000061   -41.84000058   -41.80546512   -41.80546511    -8.18241932    -8.18241876    -7.49704256    -7.49704121    -3.81755356    -3.81755181     0.59513362     0.59513372     2.87445387     2.87445397     3.63245406     3.63246062     3.63263536     3.63264273     3.63268484     3.63269462     3.63286122     3.63287061
   334   -75.15526635   -75.15526635   -42.11284388   -42.11284388   -41.84001732   -41.84001732   -41.80548867   -41.80548867    -8.17416766    -8.17416766    -7.48895700    -7.48895700    -3.85225279    -3.85225279     0.60516829     0.60516829     2.86780204     2.86780204     3.63268940     3.63268940     3.63268940     3.63268940     3.63268940     3.63268940     3.63268940     3.63268940
   335   -75.15526260   -75.15526235   -42.11285710   -42.11285706   -41.84003385   -41.84003381   -41.80551198   -41.80551197    -8.16555107    -8.16554862    -7.48091921    -7.48091247    -3.88702193    -3.88701421     0.61530379     0.61530389     2.86123251     2.86123260     3.63249704     3.63250704     3.63263084     3.63266202     3.63268659     3.63270688     3.63289630     3.63289872
   336   -75.15525824   -75.15525765   -42.11287011   -42.11287004   -41.84005021   -41.84005011   -41.80553504   -41.80553501    -8.15658873    -8.15658320    -7.47292550    -7.47290981    -3.92185844    -3.92184077     0.62557640     0.62557680     2.85476146     2.85476183     3.63231855     3.63233020     3.63251683     3.63256689     3.63267195     3.63270474     3.63308279     3.63309180
   337   -75.15525298   -75.15525209   -42.11288298   -42.11288287   -41.84006647   -41.84006631   -41.80555788   -41.80555782    -8.14731023    -8.14730221    -7.46497068    -7.46494715    -3.95676082    -3.95673483     0.63602310     0.63602397     2.84839150     2.84839231     3.63215612     3.63217623     3.63238008     3.63241344     3.63264715     3.63269110     3.63325595     3.63327025
   338   -75.15524661   -75.15524558   -42.11289577   -42.11289560   -41.84008271   -41.84008248   -41.80558051   -41.80558044    -8.13775355    -8.13774481    -7.45704702    -7.45702003    -3.99172648    -3.99169752     0.64667975     0.64668121     2.84211089     2.84211228     3.63194322     3.63206296     3.63224286     3.63229574     3.63261305     3.63267187     3.63342459     3.63343757
   339   -75.15523896   -75.15523806   -42.11290855   -42.11290834   -41.84009902   -41.84009872   -41.80560299   -41.80560291    -8.12796327    -8.12795656    -7.44914457    -7.44912150    -4.02675152    -4.02672834     0.65757926     0.65758143     2.83589355     2.83589562     3.63167544     3.63187030     3.63219157     3.63230581     3.63257210     3.63265495     3.63360291     3.63360394
   340   -75.15522997   -75.15522954   -42.11292141   -42.11292114   -41.84011550   -41.84011513   -41.80562536   -41.80562527    -8.11798840    -8.11798725    -7.44125162    -7.44124239    -4.06183058    -4.06182468     0.66874995     0.66875287     2.82969984     2.82970266     3.63137861     3.63160212     3.63226662     3.63238427     3.63253129     3.63265793     3.63379454     3.63381616
   341   -75.15522010   -75.15521966   -42.11293444   -42.11293412   -41.84013224   -41.84013181   -41.80564767   -41.80564759    -8.10788856    -8.10788012    -7.43337152    -7.43335510    -4.09698161    -4.09695668     0.68021396     0.68021765     2.82347803     2.82348163     3.63107904     3.63131776     3.63236697     3.63245474     3.63252885     3.63271813     3.63406099     3.63410700
   342   -75.15520987   -75.15520813   -42.11294772   -42.11294734   -41.84014934   -41.84014885   -41.80566997   -41.80566990    -8.09771166    -8.09768939    -7.42549606    -7.42544102    -4.13219169    -4.13212125     0.69198610     0.69199053     2.81716642     2.81717078     3.63079969     3.63104452     3.63236451     3.63247217     3.63264152     3.63281700     3.63447676     3.63453249
   343   -75.15519904   -75.15519559   -42.11296132   -42.11296090   -41.84016688   -41.84016635   -41.80569231   -41.80569227    -8.08750482    -8.08746462    -7.41760188    -7.41749495    -4.16744491    -4.16731414     0.70407299     0.70407807     2.81069604     2.81070109     3.63056154     3.63080381     3.63231940     3.63246777     3.63276684     3.63287704     3.63509217     3.63513850
   344   -75.15518789   -75.15518232   -42.11297534   -42.11297486   -41.84018495   -41.84018437   -41.80571475   -41.80571475    -8.07731129    -8.07724945    -7.40967393    -7.40950244    -4.20272879    -4.20252374     0.71647262     0.71647825     2.80399362     2.80399928     3.63038324     3.63061471     3.63227170     3.63245783     3.63285179     3.63288084     3.63590524     3.63593417
   345   -75.15517671   -75.15516870   -42.11298981   -42.11298929   -41.84020360   -41.84020299   -41.80573737   -41.80573733    -8.06716733    -8.06708087    -7.40169669    -7.40144944    -4.23802858    -4.23773713     0.72917443     0.72918045     2.79698493     2.79699105     3.63028013     3.63049369     3.63222996     3.63244051     3.63285036     3.63289764     3.63688555     3.63689780
   346   -75.15516583   -75.15515514   -42.11300480   -42.11300423   -41.84022288   -41.84022225   -41.80576019   -41.80576009    -8.05710074    -8.05698757    -7.39365461    -7.39332270    -4.27332752    -4.27294030     0.74215977     0.74216602     2.78959809     2.78960452     3.63026287     3.63045356     3.63219852     3.63240339     3.63281922     3.63291610     3.63799384     3.63799516
   347   -75.15515559   -75.15514209   -42.11302032   -42.11301971   -41.84024281   -41.84024216   -41.80578320   -41.80578305    -8.04712965    -8.04698881    -7.38553260    -7.38511009    -4.30860728    -4.30811838     0.75540282     0.75540913     2.78176686     2.78177342     3.63033532     3.63050225     3.63218079     3.63233669     3.63281714     3.63291921     3.63918095     3.63919305
   348   -75.15514635   -75.15513003   -42.11303638   -42.11303573   -41.84026339   -41.84026272   -41.80580644   -41.80580623    -8.03726195    -8.03709368    -7.37731645    -7.37680095    -4.34384837    -4.34325591     0.76887191     0.76887806     2.77343365     2.77344015     3.63049065     3.63064087     3.63218040     3.63225521     3.63285220     3.63291824     3.64041447     3.64043541
   349   -75.15513842   -75.15511939   -42.11305298   -42.11305229   -41.84028459   -41.84028391   -41.80582990   -41.80582963    -8.02749511    -8.02730088    -7.36899337    -7.36838633    -4.37903071    -4.37833718     0.78253104     0.78253685     2.76455222     2.76455846     3.63070256     3.63086049     3.63220135     3.63220332     3.63291699     3.63292474     3.64164762     3.64167620
   350   -75.15513209   -75.15511059   -42.11307007   -42.11306935   -41.84030637   -41.84030569   -41.80585356   -41.80585324    -8.01781652    -8.01759902    -7.36055236    -7.35985926    -4.41413414    -4.41334648     0.79634174     0.79634701     2.75508974     2.75509553     3.63091001     3.63113494     3.63224636     3.63226276     3.63295301     3.63300296     3.64283297     3.64286854
   351   -75.15512757   -75.15510395   -42.11308761   -42.11308686   -41.84032867   -41.84032799   -41.80587740   -41.80587704    -8.00820436    -8.00796735    -7.35198469    -7.35121491    -4.44913899    -4.44826845     0.81026494     0.81026951     2.74502837     2.74503353     3.63103066     3.63140913     3.63238432     3.63247380     3.63302676     3.63310365     3.64392429     3.64396648
   352   -75.15512500   -75.15509972   -42.11310553   -42.11310476   -41.84035139   -41.84035072   -41.80590138   -41.80590098    -7.99862881    -7.99837697    -7.34328427    -7.34245079    -4.48402663    -4.48308832     0.82426298     0.82426669     2.73436605     2.73437041     3.63104869     3.63161058     3.63257575     3.63289163     3.63319840     3.63321517     3.64487849     3.64492705
   353   -75.15512445   -75.15509803   -42.11312376   -42.11312297   -41.84037445   -41.84037379   -41.80592545   -41.80592503    -7.98905368    -7.98879240    -7.33444801    -7.33356684    -4.51877995    -4.51779225     0.83830140     0.83830413     2.72311659     2.72312001     3.63101580     3.63171839     3.63276429     3.63330910     3.63345888     3.63354333     3.64565759     3.64571221
   354   -75.15512588   -75.15509890   -42.11314219   -42.11314140   -41.84039772   -41.84039707   -41.80594955   -41.80594911    -7.97943827    -7.97917336    -7.32547603    -7.32456556    -4.55338376    -4.55236747     0.85235073     0.85235238     2.71130903     2.71131139     3.63097506     3.63176669     3.63290770     3.63342996     3.63404632     3.63406513     3.64623049     3.64629067
   355   -75.15512914   -75.15510220   -42.11316073   -42.11315995   -41.84042110   -41.84042047   -41.80597362   -41.80597318    -7.96973947    -7.96947688    -7.31637193    -7.31545203    -4.58782511    -4.58680249     0.86638792     0.86638843     2.69898615     2.69898738     3.63094827     3.63178643     3.63302885     3.63353573     3.63462632     3.63470380     3.64657447     3.64663944
   356   -75.15513400   -75.15510771   -42.11317929   -42.11317852   -41.84044446   -41.84044386   -41.80599760   -41.80599716    -7.95991378    -7.95965932    -7.30714285    -7.30623394    -4.62209349    -4.62108718     0.88039685     0.88039748     2.68620247     2.68620254     3.63094539     3.63179411     3.63314117     3.63362977     3.63522365     3.63533208     3.64667622     3.64674485
   357   -75.15514013   -75.15511504   -42.11319775   -42.11319701   -41.84046770   -41.84046712   -41.80602140   -41.80602099    -7.94991946    -7.94967850    -7.29779954    -7.29692158    -4.65618084    -4.65521281     0.89437059     0.89437234     2.67302051     2.67302159     3.63097021     3.63179828     3.63324583     3.63370839     3.63579777     3.63591910     3.64653243     3.64660323
   358   -75.15514712   -75.15512373   -42.11321604   -42.11321533   -41.84049069   -41.84049015   -41.80604498   -41.80604460    -7.93971835    -7.93949557    -7.28835621    -7.28752776    -4.69008152    -4.68917193     0.90831135     0.90831414     2.65951091     2.65951310     3.63102292     3.63180365     3.63333947     3.63376798     3.63631709     3.63643792     3.64614982     3.64622095
   359   -75.15515449   -75.15513323   -42.11323406   -42.11323340   -41.84051336   -41.84051286   -41.80606826   -41.80606791    -7.92927759    -7.92907677    -7.27883042    -7.27806771    -4.72379202    -4.72295831     0.92222947     0.92223320     2.64574605     2.64574925     3.63110131     3.63181295     3.63341740     3.63380554     3.63675541     3.63686524     3.64554467     3.64561400
   360   -75.15516174   -75.15514290   -42.11325176   -42.11325115   -41.84053562   -41.84053516   -41.80609119   -41.80609089    -7.91857088    -7.91839475    -7.26924275    -7.26855892    -4.75731064    -4.75656668     0.93614346     0.93614797     2.63179743     2.63180150     3.63120162     3.63182780     3.63347500     3.63381880     3.63709123     3.63718200     3.64474183     3.64480702
   361   -75.15516834   -75.15515212   -42.11326906   -42.11326852   -41.84055741   -41.84055700   -41.80611372   -41.80611347    -7.90757948    -7.90742960    -7.25961649    -7.25902098    -4.79063702    -4.78999247     0.95007893     0.95008406     2.61773243     2.61773720     3.63131912     3.63184919     3.63350839     3.63380645     3.63730791     3.63737398     3.64377320     3.64383185
   362   -75.15517375   -75.15516024   -42.11328595   -42.11328548   -41.84057869   -41.84057833   -41.80613583   -41.80613563    -7.89629266    -7.89616940    -7.24997717    -7.24947532    -4.82377154    -4.82323150     0.96406728     0.96407283     2.60361120     2.60361647     3.63144865     3.63187782     3.63351488     3.63376819     3.63739403     3.63743221     3.64267594     3.64272577
   363   -75.15517750   -75.15516665   -42.11330239   -42.11330200   -41.84059944   -41.84059913   -41.80615748   -41.80615733    -7.88470781    -7.88461042    -7.24035207    -7.23994497    -4.85671479    -4.85627963     0.97814394     0.97814970     2.58948404     2.58948960     3.63158513     3.63191425     3.63349333     3.63370484     3.63734365     3.63735334     3.64149039     3.64152940
   364   -75.15517916   -75.15517082   -42.11331840   -42.11331807   -41.84061967   -41.84061942   -41.80617866   -41.80617855    -7.87283012    -7.87275680    -7.23076971    -7.23045424    -4.88946689    -4.88913240     0.99234634     0.99235209     2.57538931     2.57539493     3.63172400     3.63195911     3.63344439     3.63361840     3.63713955     3.63715643     3.64025785     3.64028455
   365   -75.15517839   -75.15517232   -42.11333399   -42.11333373   -41.84063941   -41.84063921   -41.80619937   -41.80619929    -7.86067181    -7.86061991    -7.22125928    -7.22102847    -4.92202685    -4.92178465     1.00671181     1.00671733     2.56135204     2.56135750     3.63186159     3.63201322     3.63337056     3.63351204     3.63679833     3.63683739     3.63901843     3.63903201
   366   -75.15517495   -75.15517084   -42.11334918   -42.11334899   -41.84065869   -41.84065853   -41.80621961   -41.80621956    -7.84825115    -7.84821733    -7.21185011    -7.21169365    -4.95439202    -4.95423021     1.02127532     1.02128041     2.54738321     2.54738828     3.63199548     3.63207764     3.63327622     3.63339009     3.63634180     3.63639636     3.63780918     3.63780960
   367   -75.15516873   -75.15516622   -42.11336403   -42.11336390   -41.84067757   -41.84067746   -41.80623938   -41.80623936    -7.83559113    -7.83557165    -7.20257115    -7.20247615    -4.98655754    -4.98646153     1.03606746     1.03607193     2.53347982     2.53348429     3.63212460     3.63215377     3.63316736     3.63325783     3.63578569     3.63584685     3.63665073     3.63666292
   368   -75.15515976   -75.15515845   -42.11337860   -42.11337851   -41.84069613   -41.84069605   -41.80625872   -41.80625872    -7.82271797    -7.82270892    -7.19345049    -7.19340236    -5.01851589    -5.01846941     1.05111252     1.05111620     2.51962564     2.51962934     3.63224332     3.63224944     3.63305113     3.63312118     3.63514732     3.63520332     3.63558408     3.63560887
   369   -75.15514820   -75.15514769   -42.11339294   -42.11339288   -41.84071442   -41.84071438   -41.80627765   -41.80627765    -7.80965963    -7.80965719    -7.18451499    -7.18449844    -5.05025657    -5.05024274     1.06642700     1.06642976     2.50579260     2.50579537     3.63234825     3.63237190     3.63293513     3.63298621     3.63444127     3.63447666     3.63463617     3.63467565
   370   -75.15513433   -75.15513426   -42.11340711   -42.11340708   -41.84073255   -41.84073252   -41.80629618   -41.80629618    -7.79644490    -7.79644422    -7.17579002    -7.17578998    -5.08176830    -5.08176585     1.08201855     1.08202026     2.49194275     2.49194447     3.63247050     3.63249507     3.63282653     3.63285848     3.63369438     3.63370983     3.63381512     3.63385457
   371   -75.15511861   -75.15511856   -42.11342117   -42.11342116   -41.84075056   -41.84075056   -41.80631434   -41.80631433    -7.78309938    -7.78309856    -7.16730198    -7.16729900    -5.11303063    -5.11302663     1.09788539     1.09788597     2.47803065     2.47803124     3.63261159     3.63262273     3.63273104     3.63274231     3.63299811     3.63300371     3.63305771     3.63307348
   372   -75.15510143   -75.15510133   -42.11343518   -42.11343517   -41.84076855   -41.84076855   -41.80633214   -41.80633213    -7.76964687    -7.76964558    -7.15906376    -7.15905827    -5.14401854    -5.14401189     1.11401573     1.11401632     2.46400543     2.46400603     3.63231098     3.63232826     3.63240293     3.63240969     3.63264015     3.63265213     3.63275849     3.63277197
   373   -75.15508354   -75.15508311   -42.11344918   -42.11344917   -41.84078656   -41.84078655   -41.80634960   -41.80634958    -7.75610975    -7.75610487    -7.15110409    -7.15108177    -5.17471798    -5.17469189     1.13038953     1.13039132     2.44981484     2.44981663     3.63157929     3.63163394     3.63191342     3.63193725     3.63255235     3.63259051     3.63290487     3.63295030
   374   -75.15506555   -75.15506470   -42.11346319   -42.11346318   -41.84080463   -41.84080461   -41.80636671   -41.80636669    -7.74250336    -7.74249427    -7.14343811    -7.14339422    -5.20509845    -5.20504812     1.14697963     1.14698259     2.43540816     2.43541112     3.63089568     3.63098902     3.63153120     3.63157597     3.63247721     3.63254422     3.63306234     3.63314287
   375   -75.15504814   -75.15504686   -42.11347722   -42.11347721   -41.84082279   -41.84082274   -41.80638348   -41.80638345    -7.72883896    -7.72882591    -7.13608242    -7.13601620    -5.23513089    -5.23505583     1.16375207     1.16375616     2.42073769     2.42074176     3.63027631     3.63040676     3.63124836     3.63131635     3.63241144     3.63250909     3.63322901     3.63334347
   376   -75.15503201   -75.15503037   -42.11349129   -42.11349127   -41.84084102   -41.84084096   -41.80639989   -41.80639984    -7.71512281    -7.71510683    -7.12905243    -7.12896719    -5.26478412    -5.26468821     1.18066860     1.18067374     2.40576190     2.40576699     3.62973457     3.62989770     3.63105395     3.63114532     3.63235084     3.63247970     3.63340122     3.63354407
   377   -75.15501778   -75.15501593   -42.11350535   -42.11350532   -41.84085931   -41.84085923   -41.80641590   -41.80641584    -7.70135631    -7.70133911    -7.12236273    -7.12226569    -5.29402535    -5.29391665     1.19768886     1.19769494     2.39044751     2.39045352     3.62928033     3.62946908     3.63093315     3.63104546     3.63229136     3.63245077     3.63357508     3.63373622
   378   -75.15500603   -75.15500418   -42.11351937   -42.11351932   -41.84087763   -41.84087751   -41.80643147   -41.80643140    -7.68753654    -7.68752037    -7.11602754    -7.11592939    -5.32282077    -5.32271099     1.21477272     1.21477961     2.37477123     2.37477802     3.62891921     3.62912427     3.63086536     3.63099279     3.63223148     3.63241963     3.63374848     3.63391289
   379   -75.15499722   -75.15499562   -42.11353330   -42.11353322   -41.84089589   -41.84089573   -41.80644655   -41.80644648    -7.67365696    -7.67364442    -7.11006116    -7.10997541    -5.35113603    -5.35103979     1.23188258     1.23189013     2.35872083     2.35872824     3.62865167     3.62886199     3.63082170     3.63095364     3.63217651     3.63238991     3.63392261     3.63407008
   380   -75.15499169   -75.15499061   -42.11354704   -42.11354692   -41.84091402   -41.84091381   -41.80646109   -41.80646102    -7.65970842    -7.65970225    -7.10447849    -7.10442052    -5.37893685    -5.37887071     1.24898561     1.24899366     2.34229571     2.34230358     3.62847106     3.62867461     3.63076489     3.63088445     3.63214286     3.63237521     3.63410171     3.63420744
   381   -75.15498962   -75.15498934   -42.11356052   -42.11356034   -41.84093191   -41.84093163   -41.80647501   -41.80647495    -7.64568308    -7.64568020    -7.09929545    -7.09928154    -5.40618941    -5.40617076     1.26605580     1.26606416     2.32550678     2.32551495     3.62835939     3.62854422     3.63065965     3.63074631     3.63215178     3.63239582     3.63429082     3.63432743
   382   -75.15499183   -75.15499106   -42.11357363   -42.11357337   -41.84094944   -41.84094908   -41.80648825   -41.80648819    -7.63157556    -7.63156119    -7.09457558    -7.09452942    -5.43290660    -5.43286075     1.28307559     1.28308411     2.30837576     2.30838408     3.62827797     3.62843428     3.63050074     3.63053762     3.63221073     3.63246418     3.63443331     3.63449225
   383   -75.15499791   -75.15499587   -42.11358625   -42.11358591   -41.84096648   -41.84096603   -41.80650073   -41.80650068    -7.61736883    -7.61734100    -7.09032041    -7.09019956    -5.45904478    -5.45891904     1.30003723     1.30004575     2.29093385     2.29094215     3.62815315     3.62827633     3.63031614     3.63034245     3.63230886     3.63257371     3.63452692     3.63470313
   384   -75.15500726   -75.15500379   -42.11359826   -42.11359783   -41.84098289   -41.84098234   -41.80651237   -41.80651234    -7.60305368    -7.60301102    -7.08653482    -7.08632717    -5.48455195    -5.48433365     1.31694356     1.31695192     2.27321989     2.27322803     3.62788353     3.62797582     3.63018120     3.63028774     3.63243077     3.63270551     3.63460710     3.63491516
   385   -75.15501939   -75.15501438   -42.11360957   -42.11360904   -41.84099853   -41.84099789   -41.80652311   -41.80652309    -7.58862339    -7.58856522    -7.08323885    -7.08293574    -5.50939496    -5.50907521     1.33380828     1.33381637     2.25527813     2.25528599     3.62741286     3.62748008     3.63019628     3.63040513     3.63256512     3.63284001     3.63466943     3.63511664
   386   -75.15503368   -75.15502711   -42.11362005   -42.11361943   -41.84101328   -41.84101254   -41.80653289   -41.80653289    -7.57407443    -7.57400086    -7.08045412    -7.08005113    -5.53354097    -5.53311540     1.35065570     1.35066340     2.23715572     2.23716319     3.62677440     3.62682234     3.63034253     3.63067849     3.63270464     3.63296246     3.63470713     3.63529544
   387   -75.15504940   -75.15504133   -42.11362961   -42.11362889   -41.84102700   -41.84102617   -41.80654167   -41.80654166    -7.55940688    -7.55931879    -7.07820401    -7.07770147    -5.55695744    -5.55642676     1.36751985     1.36752707     2.21890001     2.21890702     3.62603641     3.62606934     3.63057094     3.63105932     3.63284367     3.63306336     3.63471292     3.63544197
   388   -75.15506580   -75.15505636   -42.11363816   -42.11363736   -41.84103960   -41.84103870   -41.80654939   -41.80654937    -7.54462458    -7.54452363    -7.07651382    -7.07591702    -5.57961213    -5.57898233     1.38444305     1.38444974     2.20055601     2.20056249     3.62526203     3.62528233     3.63084097     3.63150505     3.63297561     3.63313735     3.63468166     3.63555152
   389   -75.15508206   -75.15507145   -42.11364564   -42.11364477   -41.84105099   -41.84105002   -41.80655603   -41.80655600    -7.52973498    -7.52962348    -7.07541080    -7.07472989    -5.60147306    -5.60075523     1.40147403     1.40148015     2.18216390     2.18216981     3.62450506     3.62451347     3.63112368     3.63197982     3.63309116     3.63318255     3.63461346     3.63562587
   390   -75.15509741   -75.15508589   -42.11365201   -42.11365109   -41.84106110   -41.84106008   -41.80656158   -41.80656154    -7.51474872    -7.51462949    -7.07492417    -7.07417370    -5.62250840    -5.62171827     1.41866548     1.41867101     2.16375700     2.16376231     3.62380846     3.62381245     3.63139817     3.63244122     3.63317757     3.63320619     3.63451747     3.63567350
   391   -75.15511114   -75.15509899   -42.11365724   -42.11365628   -41.84106989   -41.84106884   -41.80656606   -41.80656601    -7.49967892    -7.49955517    -7.07508491    -7.07428315    -5.64268647    -5.64184356     1.43607139     1.43607633     2.14536011     2.14536482     3.62320752     3.62322530     3.63164895     3.63278532     3.63322074     3.63327134     3.63441770     3.63570769
   392   -75.15512261   -75.15511017   -42.11366134   -42.11366036   -41.84107735   -41.84107629   -41.80656948   -41.80656943    -7.48454034    -7.48441547    -7.07592558    -7.07509344    -5.66197561    -5.66110220     1.45374412     1.45374847     2.12698848     2.12699258     3.62274486     3.62277832     3.63186358     3.63282832     3.63321121     3.63350107     3.63436563     3.63574142
   393   -75.15513132   -75.15511892   -42.11366433   -42.11366336   -41.84108349   -41.84108246   -41.80657190   -41.80657185    -7.46934834    -7.46922573    -7.07747988    -7.07663979    -5.68034421    -5.67946404     1.47173147     1.47173525     2.10864725     2.10865077     3.62244756     3.62249876     3.63202894     3.63267648     3.63315349     3.63369542     3.63445265     3.63578108
   394   -75.15513694   -75.15512489   -42.11366627   -42.11366533   -41.84108837   -41.84108738   -41.80657339   -41.80657334    -7.45411783    -7.45400066    -7.07978223    -7.07895675    -5.69776077    -5.69689762     1.49007388     1.49007712     2.09033159     2.09033455     3.62233442     3.62240522     3.63212592     3.63243805     3.63307378     3.63373768     3.63469094     3.63582324
   395   -75.15513928   -75.15512787   -42.11366724   -42.11366635   -41.84109206   -41.84109113   -41.80657401   -41.80657396    -7.43886209    -7.43875318    -7.08286711    -7.08207764    -5.71419396    -5.71337029     1.50880197     1.50880469     2.07202734     2.07202977     3.62241495     3.62250668     3.63213079     3.63215536     3.63301519     3.63371094     3.63496408     3.63585717
   396   -75.15513832   -75.15512781   -42.11366733   -42.11366652   -41.84109464   -41.84109379   -41.80657388   -41.80657383    -7.42359182    -7.42349348    -7.08676838    -7.08603392    -5.72961285    -5.72884846     1.52793449     1.52793673     2.05371207     2.05371403     3.62268880     3.62280194     3.63186154     3.63204269     3.63300427     3.63366642     3.63520098     3.63586992
   397   -75.15513423   -75.15512481   -42.11366667   -42.11366594   -41.84109625   -41.84109549   -41.80657309   -41.80657305    -7.40831416    -7.40822807    -7.09151849    -7.09085454    -5.74398720    -5.74329815     1.54747700     1.54747881     2.03535668     2.03535821     3.62314568     3.62327944     3.63158617     3.63190216     3.63302735     3.63361757     3.63537510     3.63585024
   398   -75.15512732   -75.15511912   -42.11366538   -42.11366474   -41.84109700   -41.84109635   -41.80657178   -41.80657174    -7.39303201    -7.39295919    -7.09714764    -7.09656542    -5.75728790    -5.75668568     1.56742121     1.56742262     2.01692712     2.01692826     3.62376578     3.62391772     3.63135531     3.63175914     3.63305961     3.63356757     3.63547566     3.63579023
   399   -75.15511805   -75.15511114   -42.11366360   -42.11366306   -41.84109705   -41.84109651   -41.80657005   -41.80657002    -7.37774352    -7.37768429    -7.10368291    -7.10318887    -5.76948748    -5.76897853     1.58774504     1.58774611     1.99838636     1.99838718     3.62452094     3.62468642     3.63119129     3.63165048     3.63308603     3.63351712     3.63549877     3.63568553
   400   -75.15510698   -75.15510135   -42.11366147   -42.11366104   -41.84109656   -41.84109612   -41.80656804   -41.80656801    -7.36244187    -7.36239588    -7.11114744    -7.11074316    -5.78056078    -5.78014640     1.60841361     1.60841439     1.97969647     1.97969703     3.62537641     3.62554808     3.63111204     3.63159998     3.63310007     3.63346626     3.63544476     3.63553489
   401   -75.15509474   -75.15509035   -42.11365915   -42.11365881   -41.84109566   -41.84109532   -41.80656586   -41.80656584    -7.34711533    -7.34708162    -7.11955966    -7.11924211    -5.79048566    -5.79016232     1.62938079     1.62938134     1.96082057     1.96082092     3.62629352     3.62646084     3.63112980     3.63162108     3.63309983     3.63341468     3.63531714     3.63533948
   402   -75.15508201   -75.15507874   -42.11365677   -42.11365652   -41.84109452   -41.84109427   -41.80656365   -41.80656364    -7.33174762    -7.33172475    -7.12893266    -7.12869482    -5.79924385    -5.79900382     1.65059157     1.65059193     1.94172475     1.94172495     3.62723319     3.62738269     3.63124870     3.63171719     3.63308591     3.63336183     3.63510235     3.63512199
   403   -75.15506948   -75.15506719   -42.11365446   -42.11365429   -41.84109326   -41.84109309   -41.80656152   -41.80656151    -7.31631853    -7.31630467    -7.13927374    -7.13910546    -5.80682174    -5.80665406     1.67198476     1.67198499     1.92237971     1.92237980     3.62816048     3.62827760     3.63146085     3.63188039     3.63306050     3.63330676     3.63482784     3.63486755
   404   -75.15505778   -75.15505629   -42.11365234   -42.11365223   -41.84109202   -41.84109191   -41.80655955   -41.80655954    -7.30080483    -7.30079793    -7.15058413    -7.15047322    -5.81321123    -5.81310280     1.69349621     1.69349634     1.90276221     1.90276225     3.62904918     3.62912269     3.63174179     3.63208980     3.63302678     3.63324804     3.63452119     3.63456372
   405   -75.15504748   -75.15504661   -42.11365049   -42.11365043   -41.84109089   -41.84109083   -41.80655785   -41.80655784    -7.28518137    -7.28517934    -7.16285892    -7.16279233    -5.81841039    -5.81834725     1.71506205     1.71506212     1.88285620     1.88285620     3.62988487     3.62991248     3.63204947     3.63231168     3.63298848     3.63318331     3.63418812     3.63422159
   406   -75.15503907   -75.15503863   -42.11364901   -42.11364898   -41.84108996   -41.84108993   -41.80655647   -41.80655646    -7.26942341    -7.26942261    -7.17608707    -7.17605204    -5.82242411    -5.82239263     1.73662208     1.73662212     1.86265351     1.86265352     3.63065523     3.63066417     3.63233192     3.63250428     3.63294855     3.63310820     3.63383441     3.63385287
   407   -75.15503288   -75.15503271   -42.11364793   -42.11364792   -41.84108928   -41.84108927   -41.80655546   -41.80655546    -7.25350661    -7.25350478    -7.19025092    -7.19023599    -5.82526447    -5.82525244     1.75812277     1.75812278     1.84215438     1.84215440     3.63136276     3.63138995     3.63254319     3.63263113     3.63290362     3.63301380     3.63346533     3.63346905
   408   -75.15502913   -75.15502910   -42.11364729   -42.11364729   -41.84108887   -41.84108887   -41.80655486   -41.80655486    -7.23741554    -7.23741412    -7.20531995    -7.20531580    -5.82695090    -5.82694840     1.77951948     1.77951949     1.82136797     1.82136798     3.63204151     3.63206526     3.63266005     3.63268427     3.63283039     3.63288245     3.63307990     3.63308424
   409   -75.15502790   -75.15502790   -42.11364708   -42.11364708   -41.84108874   -41.84108874   -41.80655466   -41.80655466    -7.22236556    -7.22236555    -7.22003415    -7.22003415    -5.82751011    -5.82751011     1.80008177     1.80008177     1.80100901     1.80100901     3.63268940     3.63268940     3.63268940     3.63268940     3.63268940     3.63268940     3.63268940     3.63268940
   410   -75.15502776   -75.15502776   -42.11364693   -42.11364693   -41.84108846   -41.84108846   -41.80655457   -41.80655457    -7.23809228    -7.23809227    -7.20472015    -7.20472015    -5.82698383    -5.82698382     1.78016680     1.78016680     1.82099249     1.82099249     3.63231384     3.63231436     3.63262760     3.63263114     3.63270908     3.63271310     3.63314254     3.63315061
   411   -75.15502738   -75.15502738   -42.11364643   -42.11364643   -41.84108759   -41.84108759   -41.80655430   -41.80655430    -7.25614170    -7.25614169    -7.18786259    -7.18786258    -5.82545867    -5.82545866     1.75921780     1.75921780     1.84215504     1.84215504     3.63198089     3.63198272     3.63258659     3.63258895     3.63273031     3.63273548     3.63363090     3.63364025
   412   -75.15502676   -75.15502676   -42.11364557   -42.11364557   -41.84108610   -41.84108610   -41.80655382   -41.80655382    -7.27508202    -7.27508200    -7.17085520    -7.17085518    -5.82297987    -5.82297987     1.73815898     1.73815899     1.86358412     1.86358412     3.63169135     3.63169355     3.63256825     3.63256888     3.63275269     3.63275584     3.63415948     3.63416419
   413   -75.15502593   -75.15502593   -42.11364431   -42.11364431   -41.84108395   -41.84108395   -41.80655310   -41.80655310    -7.29486285    -7.29486283    -7.15370728    -7.15370725    -5.81959356    -5.81959355     1.71698703     1.71698704     1.88529178     1.88529178     3.63144279     3.63144393     3.63257437     3.63257584     3.63277389     3.63277578     3.63472900     3.63473350
   414   -75.15502493   -75.15502493   -42.11364261   -42.11364261   -41.84108112   -41.84108112   -41.80655211   -41.80655211    -7.31543897    -7.31543897    -7.13642068    -7.13642064    -5.81534569    -5.81534566     1.69569839     1.69569839     1.90728704     1.90728706     3.63122412     3.63123587     3.63260718     3.63261100     3.63279072     3.63279929     3.63534144     3.63535794
   415   -75.15502380   -75.15502379   -42.11364043   -42.11364043   -41.84107756   -41.84107756   -41.80655082   -41.80655082    -7.33676451    -7.33676448    -7.11899640    -7.11899635    -5.81028121    -5.81028112     1.67428938     1.67428939     1.92957547     1.92957549     3.63103017     3.63106361     3.63266036     3.63267503     3.63281295     3.63282355     3.63600767     3.63603702
   416   -75.15502258   -75.15502258   -42.11363776   -42.11363776   -41.84107325   -41.84107325   -41.80654919   -41.80654919    -7.35879265    -7.35879257    -7.10143550    -7.10143542    -5.80444318    -5.80444302     1.65275635     1.65275638     1.95215881     1.95215887     3.63085383     3.63092337     3.63272876     3.63273621     3.63285156     3.63287237     3.63673234     3.63677359
   417   -75.15502132   -75.15502132   -42.11363454   -42.11363454   -41.84106814   -41.84106814   -41.80654720   -41.80654720    -7.38147610    -7.38147595    -7.08373922    -7.08373911    -5.79787220    -5.79787195     1.63109577     1.63109581     1.97503481     1.97503490     3.63068920     3.63081161     3.63275781     3.63279417     3.63289686     3.63300483     3.63751766     3.63756842
   418   -75.15502009   -75.15502009   -42.11363074   -42.11363074   -41.84106221   -41.84106221   -41.80654481   -41.80654481    -7.40476758    -7.40476736    -7.06590912    -7.06590896    -5.79060584    -5.79060547     1.60930432     1.60930437     1.99819698     1.99819712     3.63053209     3.63072526     3.63275913     3.63283168     3.63297931     3.63318796     3.63836263     3.63841960
   419   -75.15501895   -75.15501895   -42.11362634   -42.11362634   -41.84105542   -41.84105542   -41.80654199   -41.80654199    -7.42862031    -7.42862002    -7.04794697    -7.04794673    -5.78267830    -5.78267778     1.58737900     1.58737906     2.02163458     2.02163479     3.63038000     3.63066169     3.63275260     3.63284883     3.63308647     3.63340462     3.63926251     3.63932211
   420   -75.15501795   -75.15501795   -42.11362129   -42.11362129   -41.84104774   -41.84104774   -41.80653872   -41.80653872    -7.45298844    -7.45298808    -7.02985474    -7.02985439    -5.77412017    -5.77411949     1.56531720     1.56531726     2.04533266     2.04533294     3.63023189     3.63061870     3.63274193     3.63285653     3.63320309     3.63364542     3.64020871     3.64026755
   421   -75.15501717   -75.15501717   -42.11361557   -42.11361557   -41.84103913   -41.84103913   -41.80653498   -41.80653498    -7.47782739    -7.47782698    -7.01163457    -7.01163408    -5.76495840    -5.76495753     1.54311677     1.54311682     2.06927220     2.06927257     3.63008785     3.63059437     3.63272895     3.63285798     3.63332247     3.63390245     3.64118892     3.64124413
   422   -75.15501666   -75.15501666   -42.11360915   -42.11360915   -41.84102956   -41.84102956   -41.80653074   -41.80653074    -7.50309419    -7.50309373    -6.99328867    -6.99328801    -5.75521627    -5.75521521     1.52077608     1.52077610     2.09343040     2.09343086     3.62994886     3.63058697     3.63271499     3.63285430     3.63344084     3.63416830     3.64218752     3.64223698
   423   -75.15501649   -75.15501649   -42.11360200   -42.11360200   -41.84101901   -41.84101901   -41.80652600   -41.80652600    -7.52874769    -7.52874720    -6.97481933    -6.97481846    -5.74491366    -5.74491238     1.49829401     1.49829402     2.11778102     2.11778159     3.62981657     3.63059481     3.63270109     3.63284621     3.63355561     3.63443601     3.64318616     3.64322848
   424   -75.15501672   -75.15501672   -42.11359411   -42.11359411   -41.84100744   -41.84100744   -41.80652075   -41.80652075    -7.55474876    -7.55474828    -6.95622880    -6.95622769    -5.73406723    -5.73406572     1.47567005     1.47567011     2.14229491     2.14229558     3.62969313     3.63061626     3.63268812     3.63283443     3.63366492     3.63469906     3.64416443     3.64419891
   425   -75.15501740   -75.15501740   -42.11358545   -42.11358545   -41.84099484   -41.84099484   -41.80651498   -41.80651498    -7.58106050    -7.58106003    -6.93751928    -6.93751790    -5.72269082    -5.72268907     1.45290432     1.45290442     2.16694050     2.16694129     3.62958105     3.63064969     3.63267674     3.63281975     3.63376727     3.63495139     3.64510055     3.64512708
   426   -75.15501858   -75.15501858   -42.11357601   -42.11357601   -41.84098118   -41.84098118   -41.80650870   -41.80650870    -7.60764827    -7.60764784    -6.91869288    -6.91869120    -5.71079585    -5.71079386     1.42999749     1.42999766     2.19168454     2.19168543     3.62948309     3.63069352     3.63266740     3.63280309     3.63386144     3.63518743     3.64597208     3.64599102
   427   -75.15502031   -75.15502031   -42.11356578   -42.11356578   -41.84096644   -41.84096644   -41.80650191   -41.80650191    -7.63447982    -7.63447946    -6.89975154    -6.89974954    -5.69839182    -5.69838960     1.40695086     1.40695109     2.21649275     2.21649374     3.62940211     3.63074621     3.63266039     3.63278538     3.63394637     3.63540205     3.64675666     3.64676870
   428   -75.15502261   -75.15502260   -42.11355474   -42.11355474   -41.84095060   -41.84095060   -41.80649462   -41.80649462    -7.66152533    -7.66152505    -6.88069701    -6.88069471    -5.68548679    -5.68548436     1.38376630     1.38376660     2.24133063     2.24133171     3.62934098     3.63080635     3.63265578     3.63276757     3.63402102     3.63559059     3.64743268     3.64743872
   429   -75.15502549   -75.15502549   -42.11354290   -42.11354290   -41.84093366   -41.84093366   -41.80648685   -41.80648685    -7.68875744    -7.68875725    -6.86153085    -6.86152826    -5.67208791    -5.67208530     1.36044625     1.36044660     2.26616427     2.26616542     3.62930245     3.63087270     3.63265352     3.63275052     3.63408439     3.63574890     3.64797994     3.64798100
   430   -75.15502898   -75.15502897   -42.11353024   -42.11353024   -41.84091559   -41.84091559   -41.80647861   -41.80647861    -7.71615122    -7.71615112    -6.84225437    -6.84225152    -5.65820194    -5.65819918     1.33699367     1.33699407     2.29096118     2.29096238     3.62928902     3.63094424     3.63265341     3.63273499     3.63413547     3.63587332     3.64837742     3.64838027
   431   -75.15503306   -75.15503306   -42.11351677   -42.11351677   -41.84089639   -41.84089639   -41.80646994   -41.80646994    -7.74368417    -7.74368415    -6.82286863    -6.82286558    -5.64383573    -5.64383287     1.31341204     1.31341249     2.31569113     2.31569235     3.62930288     3.63102022     3.63265516     3.63272152     3.63417323     3.63596078     3.64861235     3.64861808
   432   -75.15503772   -75.15503771   -42.11350250   -42.11350250   -41.84087605   -41.84087605   -41.80646085   -41.80646085    -7.77133622    -7.77133615    -6.80337446    -6.80337127    -5.62899674    -5.62899382     1.28970534     1.28970582     2.34032692     2.34032814     3.62934573     3.63110017     3.63265842     3.63271046     3.63419666     3.63600884     3.64867320     3.64868084
   433   -75.15504292   -75.15504292   -42.11348743   -42.11348743   -41.84085457   -41.84085457   -41.80645139   -41.80645139    -7.79908948    -7.79908935    -6.78377240    -6.78376914    -5.61369338    -5.61369047     1.26587796     1.26587845     2.36484522     2.36484642     3.62941882     3.63118388     3.63266282     3.63270193     3.63420474     3.63601569     3.64855085     3.64855954
   434   -75.15504863   -75.15504863   -42.11347156   -42.11347156   -41.84083195   -41.84083195   -41.80644157   -41.80644157    -7.82692835    -7.82692816    -6.76406277    -6.76405954    -5.59793544    -5.59793261     1.24193474     1.24193522     2.38922724     2.38922838     3.62952277     3.63127138     3.63266793     3.63269585     3.63419655     3.63598021     3.64823996     3.64824895
   435   -75.15505478   -75.15505478   -42.11345492   -42.11345492   -41.84080819   -41.84080819   -41.80643143   -41.80643143    -7.85483935    -7.85483913    -6.74424566    -6.74424254    -5.58173434    -5.58173165     1.21788085     1.21788132     2.41345933     2.41346040     3.62965762     3.63136286     3.63267339     3.63269195     3.63417127     3.63590204     3.64773922     3.64774793
   436   -75.15506132   -75.15506132   -42.11343751   -42.11343751   -41.84078330   -41.84078330   -41.80642101   -41.80642101    -7.88281104    -7.88281080    -6.72432094    -6.72431801    -5.56510337    -5.56510087     1.19372186     1.19372229     2.43753357     2.43753455     3.62982272     3.63145862     3.63267882     3.63268987     3.63412823     3.63578155     3.64705153     3.64705950
   437   -75.15506816   -75.15506815   -42.11341935   -42.11341935   -41.84075727   -41.84075727   -41.80641033   -41.80641033    -7.91083385    -7.91083361    -6.70428830    -6.70428565    -5.54805779    -5.54805554     1.16946361     1.16946399     2.46144817     2.46144903     3.63001681     3.63155895     3.63268390     3.63268915     3.63406695     3.63561984     3.64618400     3.64619092
   438   -75.15507521   -75.15507521   -42.11340045   -42.11340045   -41.84073013   -41.84073013   -41.80639943   -41.80639943    -7.93889996    -7.93889974    -6.68414729    -6.68414496    -5.53061490    -5.53061294     1.14511223     1.14511256     2.48520772     2.48520846     3.63023795     3.63166408     3.63268838     3.63268934     3.63398724     3.63541880     3.64514788     3.64515358
   439   -75.15508239   -75.15508239   -42.11338083   -42.11338083   -41.84070186   -41.84070186   -41.80638835   -41.80638835    -7.96700318    -7.96700298    -6.66389732    -6.66389537    -5.51279396    -5.51279232     1.12067410     1.12067436     2.50882341     2.50882401     3.63048361     3.63177406     3.63269002     3.63269205     3.63388915     3.63518100     3.64395836     3.64396278
   440   -75.15508959   -75.15508959   -42.11336049   -42.11336049   -41.84067249   -41.84067249   -41.80637710   -41.80637710    -7.99513873    -7.99513856    -6.64353774    -6.64353618    -5.49461613    -5.49461482     1.09615578     1.09615599     2.53231295     2.53231342     3.63075068     3.63188880     3.63269084     3.63269475     3.63377309     3.63490970     3.64263434     3.64263753
   441   -75.15509672   -75.15509672   -42.11333946   -42.11333946   -41.84064203   -41.84064203   -41.80636571   -41.80636571    -8.02330314    -8.02330301    -6.62306783    -6.62306666    -5.47610418    -5.47610320     1.07156405     1.07156420     2.55570047     2.55570082     3.63103555     3.63200795     3.63269152     3.63269643     3.63363979     3.63460879     3.64119797     3.64120006
   442   -75.15510368   -75.15510368   -42.11331774   -42.11331774   -41.84061047   -41.84061047   -41.80635421   -41.80635421    -8.05149405    -8.05149396    -6.60248687    -6.60248606    -5.45728230    -5.45728162     1.04690578     1.04690588     2.57901620     2.57901644     3.63133419     3.63213092     3.63269190     3.63269705     3.63349033     3.63428270     3.63967423     3.63967541
   443   -75.15511037   -75.15511037   -42.11329535   -42.11329535   -41.84057784   -41.84057784   -41.80634262   -41.80634262    -8.07971005    -8.07971000    -6.58179417    -6.58179367    -5.43817567    -5.43817526     1.02218798     1.02218804     2.60229596     2.60229610     3.63164223     3.63225690     3.63269188     3.63269666     3.63332617     3.63393634     3.63809036     3.63809087
   444   -75.15511670   -75.15511669   -42.11327229   -42.11327229   -41.84054413   -41.84054413   -41.80633094   -41.80633094    -8.10795053    -8.10795051    -6.56098911    -6.56098886    -5.41881017    -5.41880996     0.99741769     0.99741772     2.62558056     2.62558063     3.63195505     3.63238487     3.63269148     3.63269535     3.63314906     3.63357498     3.63647527     3.63647535
   445   -75.15512258   -75.15512258   -42.11324857   -42.11324857   -41.84050936   -41.84050936   -41.80631919   -41.80631919    -8.13621548    -8.13621547    -6.54007114    -6.54007105    -5.39921186    -5.39921178     0.97260199     0.97260200     2.64891504     2.64891507     3.63226791     3.63251361     3.63269075     3.63269326     3.63296112     3.63320417     3.63485872     3.63485882
   446   -75.15512796   -75.15512796   -42.11322419   -42.11322419   -41.84047352   -41.84047352   -41.80630736   -41.80630736    -8.16450535    -8.16450535    -6.51903986    -6.51903986    -5.37940658    -5.37940658     0.94774797     0.94774797     2.67234772     2.67234772     3.63257604     3.63264178     3.63268979     3.63269054     3.63276471     3.63282964     3.63327115     3.63327121
   447   -75.15513277   -75.15513277   -42.11319914   -42.11319914   -41.84043661   -41.84043661   -41.80629547   -41.80629547    -8.19282091    -8.19282091    -6.49789502    -6.49789500    -5.35941951    -5.35941949     0.92286262     0.92286262     2.69592918     2.69592919     3.63174223     3.63174238     3.63245714     3.63256246     3.63268740     3.63268875     3.63276794     3.63287475
   448   -75.15513697   -75.15513697   -42.11317344   -42.11317344   -41.84039865   -41.84039865   -41.80628351   -41.80628351    -8.22116306    -8.22116305    -6.47663653    -6.47663642    -5.33927463    -5.33927454     0.89795286     0.89795287     2.71971114     2.71971117     3.63030055     3.63030103     3.63209239     3.63235719     3.63268403     3.63268775     3.63289061     3.63315956
   449   -75.15514054   -75.15514054   -42.11314706   -42.11314706   -41.84035961   -41.84035961   -41.80627147   -41.80627147    -8.24953275    -8.24953273    -6.45526451    -6.45526423    -5.31899438    -5.31899413     0.87302549     0.87302551     2.74374521     2.74374529     3.62897306     3.62897392     3.63174092     3.63215185     3.63268064     3.63268694     3.63300832     3.63342629
   450   -75.15514347   -75.15514347   -42.11312000   -42.11312000   -41.84031950   -41.84031950   -41.80625933   -41.80625933    -8.27793080    -8.27793077    -6.43377927    -6.43377877    -5.29859915    -5.29859871     0.84808711     0.84808715     2.76808162     2.76808177     3.62778422     3.62778544     3.63140801     3.63194951     3.63267742     3.63268642     3.63311966     3.63367116
   451   -75.15514578   -75.15514578   -42.11309225   -42.11309225   -41.84027830   -41.84027830   -41.80624708   -41.80624708    -8.30635783    -8.30635777    -6.41218133    -6.41218057    -5.27810699    -5.27810632     0.82314411     0.82314417     2.79276788     2.79276811     3.62675548     3.62675694     3.63109857     3.63175326     3.63267456     3.63268626     3.63322334     3.63389087
   452   -75.15514749   -75.15514749   -42.11306378   -42.11306378   -41.84023601   -41.84023601   -41.80623470   -41.80623470    -8.33481410    -8.33481403    -6.39047143    -6.39047039    -5.25753326    -5.25753233     0.79820265     0.79820272     2.81784747     2.81784779     3.62590468     3.62590621     3.63081707     3.63156619     3.63267220     3.63268647     3.63331820     3.63408270
   453   -75.15514867   -75.15514867   -42.11303458   -42.11303458   -41.84019260   -41.84019260   -41.80622216   -41.80622216    -8.36329948    -8.36329941    -6.36865051    -6.36864920    -5.23689033    -5.23688915     0.77326860     0.77326868     2.84335850     2.84335890     3.62524566     3.62524701     3.63056749     3.63139135     3.63267045     3.63268702     3.63340332     3.63424455
   454   -75.15514940   -75.15514940   -42.11300463   -42.11300463   -41.84014806   -41.84014806   -41.80620945   -41.80620945    -8.39181335    -8.39181329    -6.34671971    -6.34671817    -5.21618746    -5.21618605     0.74834749     0.74834758     2.86933244     2.86933292     3.62478781     3.62478866     3.63035329     3.63123172     3.63266939     3.63268780     3.63347796     3.63437502
   455   -75.15514975   -75.15514975   -42.11297389   -42.11297389   -41.84010236   -41.84010236   -41.80619654   -41.80619654    -8.42035455    -8.42035449    -6.32468035    -6.32467862    -5.19543063    -5.19542902     0.72344454     0.72344462     2.89579292     2.89579348     3.62453576     3.62453578     3.63017742     3.63109024     3.63266903     3.63268866     3.63354167     3.63447342
   456   -75.15514985   -75.15514985   -42.11294235   -42.11294235   -41.84005547   -41.84005547   -41.80618339   -41.80618339    -8.44892129    -8.44892125    -6.30253392    -6.30253204    -5.17462248    -5.17462072     0.69856459     0.69856466     2.92275465     2.92275527     3.62448796     3.62448912     3.63004243     3.63096982     3.63266935     3.63268940     3.63359428     3.63453979
   457   -75.15514981   -75.15514981   -42.11290997   -42.11290997   -41.84000739   -41.84000739   -41.80616999   -41.80616999    -8.47751121    -8.47751118    -6.28028202    -6.28028008    -5.15376236    -5.15376052     0.67371206     0.67371212     2.95022242     2.95022309     3.62463958     3.62464218     3.62995059     3.63087354     3.63267026     3.63268978     3.63363588     3.63457495
   458   -75.15514978   -75.15514978   -42.11287672   -42.11287672   -41.83995806   -41.83995806   -41.80615631   -41.80615631    -8.50612128    -8.50612128    -6.25792638    -6.25792444    -5.13284645    -5.13284458     0.64889099     0.64889104     2.97819029     2.97819098     3.62497947     3.62498357     3.62990437     3.63080489     3.63267163     3.63268954     3.63366690     3.63458044
   459   -75.15514990   -75.15514990   -42.11284258   -42.11284258   -41.83990748   -41.83990748   -41.80614232   -41.80614232    -8.53474790    -8.53474787    -6.23546879    -6.23546693    -5.11186788    -5.11186605     0.62410498     0.62410501     3.00664096     3.00664165     3.62549045     3.62549558     3.62990718     3.63076840     3.63267329     3.63268847     3.63368806     3.63455856
   460   -75.15515032   -75.15515032   -42.11280752   -42.11280752   -41.83985560   -41.83985560   -41.80612801   -41.80612801    -8.56338678    -8.56338673    -6.21291110    -6.21290937    -5.09081703    -5.09081529     0.59935718     0.59935719     3.03554527     3.03554595     3.62614812     3.62615260     3.62996520     3.63077094     3.63267507     3.63268647     3.63370046     3.63451240
   461   -75.15515120   -75.15515120   -42.11277151   -42.11277151   -41.83980240   -41.83980240   -41.80611334   -41.80611334    -8.59203311    -8.59203304    -6.19025514    -6.19025359    -5.06968179    -5.06968020     0.57465029     0.57465030     3.06486203     3.06486267     3.62691723     3.62691813     3.63009142     3.63082462     3.63267685     3.63268368     3.63370564     3.63444590
   462   -75.15515268   -75.15515268   -42.11273453   -42.11273453   -41.83974785   -41.83974785   -41.80609832   -41.80609832    -8.62068155    -8.62068146    -6.16750273    -6.16750139    -5.04844799    -5.04844659     0.54998655     0.54998658     3.09453792     3.09453851     3.62773126     3.62774969     3.63031473     3.63095305     3.63267882     3.63268088     3.63370591     3.63436413
   463   -75.15515493   -75.15515493   -42.11269654   -42.11269654   -41.83969192   -41.83969192   -41.80608292   -41.80608292    -8.64932630    -8.64932620    -6.14465561    -6.14465451    -5.02709979    -5.02709861     0.52536778     0.52536781     3.12450773     3.12450825     3.62850163     3.62856313     3.63069290     3.63120225     3.63268054     3.63268211     3.63370533     3.63427411
   464   -75.15515808   -75.15515807   -42.11265754   -42.11265754   -41.83963459   -41.83963458   -41.80606714   -41.80606714    -8.67796117    -8.67796107    -6.12171542    -6.12171456    -5.00562014    -5.00561919     0.50079530     0.50079534     3.15469478     3.15469524     3.62911924     3.62924773     3.63128879     3.63163491     3.63269179     3.63269205     3.63371316     3.63418761
   465   -75.15516225   -75.15516225   -42.11261750   -42.11261750   -41.83957583   -41.83957583   -41.80605098   -41.80605098    -8.70657968    -8.70657959    -6.09868368    -6.09868305    -4.98399133    -4.98399060     0.47627002     0.47627005     3.18501161     3.18501198     3.62955729     3.62972958     3.63203746     3.63220489     3.63274027     3.63277292     3.63376082     3.63413285
   466   -75.15516757   -75.15516757   -42.11257641   -42.11257641   -41.83951563   -41.83951563   -41.80603444   -41.80603444    -8.73517514    -8.73517506    -6.07556174    -6.07556131    -4.96219546    -4.96219495     0.45179238     0.45179241     3.21536080     3.21536109     3.62988088     3.63004667     3.63249204     3.63249771     3.63306438     3.63312303     3.63399868     3.63421720
   467   -75.15517413   -75.15517413   -42.11253426   -42.11253426   -41.83945397   -41.83945397   -41.80601752   -41.80601752    -8.76374073    -8.76374068    -6.05235076    -6.05235051    -4.94021504    -4.94021472     0.42736244     0.42736245     3.24563610     3.24563632     3.63014957     3.63027558     3.63253113     3.63255538     3.63334029     3.63339420     3.63468548     3.63473315
   468   -75.15518202   -75.15518201   -42.11249105   -42.11249105   -41.83939084   -41.83939084   -41.80600023   -41.80600023    -8.79226964    -8.79226961    -6.02905171    -6.02905159    -4.91803348    -4.91803332     0.40297983     0.40297983     3.27572374     3.27572388     3.63039241     3.63046464     3.63253078     3.63255068     3.63337742     3.63342563     3.63558028     3.63558427
   469   -75.15519128   -75.15519128   -42.11244677   -42.11244677   -41.83932624   -41.83932624   -41.80598260   -41.80598260    -8.82075511    -8.82075511    -6.00566533    -6.00566531    -4.89563563    -4.89563560     0.37864383     0.37864384     3.30550381     3.30550389     3.63062112     3.63063665     3.63252156     3.63253053     3.63336597     3.63337294     3.63646798     3.63646847
   470   -75.15520195   -75.15520195   -42.11240144   -42.11240144   -41.83926016   -41.83926016   -41.80596465   -41.80596465    -8.84919061    -8.84919059    -5.98219218    -5.98219214    -4.87300836    -4.87300830     0.35435341     0.35435343     3.33485195     3.33485197     3.63080169     3.63083972     3.63250323     3.63251030     3.63330375     3.63333704     3.63727473     3.63727700
   471   -75.15521405   -75.15521405   -42.11235507   -42.11235507   -41.83919261   -41.83919261   -41.80594640   -41.80594640    -8.87756980    -8.87756976    -5.95863247    -5.95863240    -4.85014075    -4.85014063     0.33010722     0.33010726     3.36364100     3.36364102     3.63096393     3.63104885     3.63247291     3.63249979     3.63323516     3.63329931     3.63795917     3.63796526
   472   -75.15522756   -75.15522755   -42.11230766   -42.11230766   -41.83912359   -41.83912359   -41.80592788   -41.80592788    -8.90588673    -8.90588667    -5.93498622    -5.93498615    -4.82702472    -4.82702459     0.30590368     0.30590373     3.39174292     3.39174297     3.63112475     3.63124770     3.63244328     3.63249170     3.63317203     3.63325609     3.63849502     3.63850454
   473   -75.15524244   -75.15524244   -42.11225925   -42.11225925   -41.83905313   -41.83905313   -41.80590912   -41.80590912    -8.93413585    -8.93413578    -5.91125326    -5.91125321    -4.80365532    -4.80365518     0.28174101     0.28174106     3.41903063     3.41903070     3.63128411     3.63143494     3.63241801     3.63248717     3.63311512     3.63320898     3.63886349     3.63887568
   474   -75.15525864   -75.15525864   -42.11220985   -42.11220985   -41.83898124   -41.83898124   -41.80589016   -41.80589016    -8.96231211    -8.96231203    -5.88743318    -5.88743314    -4.78003088    -4.78003076     0.25761726     0.25761732     3.44537988     3.44537996     3.63144130     3.63160916     3.63240047     3.63248697     3.63306365     3.63315902     3.63905230     3.63906632
   475   -75.15527608   -75.15527608   -42.11215949   -42.11215949   -41.83890795   -41.83890795   -41.80587104   -41.80587104    -8.99041095    -8.99041087    -5.86352534    -5.86352533    -4.75615325    -4.75615316     0.23353041     0.23353047     3.47067119     3.47067128     3.63159530     3.63176916     3.63239338     3.63249162     3.63301635     3.63310698     3.63905523     3.63907026
   476   -75.15529466   -75.15529466   -42.11210821   -42.11210821   -41.83883328   -41.83883328   -41.80585180   -41.80585180    -9.01842839    -9.01842831    -5.83952894    -5.83952892    -4.73202777    -4.73202770     0.20947838     0.20947844     3.49479173     3.49479181     3.63174501     3.63191412     3.63239855     3.63250130     3.63297201     3.63305360     3.63887197     3.63888721
   477   -75.15531427   -75.15531427   -42.11205605   -42.11205605   -41.83875727   -41.83875727   -41.80583248   -41.80583248    -9.04636101    -9.04636095    -5.81544298    -5.81544294    -4.70766324    -4.70766320     0.18545914     0.18545919     3.51763703     3.51763711     3.63188940     3.63204391     3.63241664     3.63251594     3.63292970     3.63299964     3.63850794     3.63852269
   478   -75.15533478   -75.15533478   -42.11200303   -42.11200303   -41.83867996   -41.83867996   -41.80581312   -41.80581312    -9.07420597    -9.07420592    -5.79126628    -5.79126624    -4.68307179    -4.68307177     0.16147070     0.16147074     3.53911275     3.53911282     3.63202760     3.63215935     3.63244688     3.63253517     3.63288885     3.63294591     3.63797416     3.63798778
   479   -75.15535606   -75.15535606   -42.11194920   -42.11194920   -41.83860138   -41.83860138   -41.80579375   -41.80579375    -9.10196098    -9.10196094    -5.76699756    -5.76699752    -4.65826859    -4.65826858     0.13751123     0.13751126     3.55913613     3.55913618     3.63215898     3.63226266     3.63248684     3.63255835     3.63284922     3.63289331     3.63728689     3.63729884
   480   -75.15537797   -75.15537797   -42.11189459   -42.11189459   -41.83852158   -41.83852158   -41.80577442   -41.80577442    -9.12962429    -9.12962426    -5.74263542    -5.74263539    -4.63327152    -4.63327151     0.11357906     0.11357907     3.57763736     3.57763740     3.63228320     3.63235727     3.63253258     3.63258461     3.63281094     3.63284278     3.63646727     3.63647710
   481   -75.15540036   -75.15540036   -42.11183926   -42.11183926   -41.83844059   -41.83844059   -41.80575517   -41.80575517    -9.15719463    -9.15719461    -5.71817838    -5.71817836    -4.60810075    -4.60810075     0.08967275     0.08967276     3.59456077     3.59456081     3.63240026     3.63244703     3.63257961     3.63261282     3.63277442     3.63279535     3.63554075     3.63554813
   482   -75.15542308   -75.15542308   -42.11178323   -42.11178323   -41.83835846   -41.83835846   -41.80573603   -41.80573602    -9.18467119    -9.18467118    -5.69362490    -5.69362489    -4.58277827    -4.58277826     0.06579115     0.06579115     3.60986574     3.60986577     3.63251049     3.63253499     3.63262417     3.63264167     3.63274035     3.63275205     3.63453646     3.63454120
   483   -75.15544600   -75.15544600   -42.11172655   -42.11172655   -41.83827522   -41.83827522   -41.80571702   -41.80571702    -9.21205353    -9.21205353    -5.66897341    -5.66897341    -4.55732729    -4.55732729     0.04193339     0.04193339     3.62352741     3.62352742     3.63261464     3.63262294     3.63266378     3.63266975     3.63270962     3.63271395     3.63348645     3.63348846
   484   -75.15546897   -75.15546897   -42.11166924   -42.11166924   -41.83819093   -41.83819093   -41.80569818   -41.80569818    -9.23934156    -9.23934156    -5.64422232    -5.64422232    -4.53177172    -4.53177172     0.01809893     0.01809893     3.63242417     3.63242483     3.63268207     3.63268330     3.63269557     3.63269711     3.63271168     3.63271380     3.63553709     3.63553709
   485   -75.15549189   -75.15549189   -42.11161135   -42.11161135   -41.83810560   -41.83810560   -41.80567953   -41.80567953    -9.26653541    -9.26653540    -5.61937006    -5.61937006    -4.50613554    -4.50613553    -0.00571241    -0.00571240     3.63138373     3.63138684     3.63265741     3.63266252     3.63271771     3.63272361     3.63280154     3.63280946     3.64590248     3.64590251
   486   -75.15551462   -75.15551462   -42.11155289   -42.11155289   -41.83801928   -41.83801928   -41.80566108   -41.80566108    -9.29363539    -9.29363538    -5.59441510    -5.59441508    -4.48044222    -4.48044221    -0.02950045    -0.02950044     3.63040268     3.63040789     3.63264080     3.63264837     3.63273493     3.63274309     3.63289298     3.63290355     3.65464760     3.65464766
   487   -75.15553708   -75.15553708   -42.11149390   -42.11149390   -41.83793199   -41.83793199   -41.80564286   -41.80564286    -9.32064192    -9.32064191    -5.56935594    -5.56935591    -4.45471413    -4.45471411    -0.05326466    -0.05326465     3.62951561     3.62952245     3.63263287     3.63264173     3.63274630     3.63275558     3.63298711     3.63299852     3.66181240     3.66181249
   488   -75.15555918   -75.15555918   -42.11143439   -42.11143439   -41.83784376   -41.83784376   -41.80562487   -41.80562487    -9.34755545    -9.34755543    -5.54419118    -5.54419113    -4.42897202    -4.42897199    -0.07700417    -0.07700416     3.62875510     3.62876291     3.63263376     3.63264291     3.63275145     3.63276131     3.63308620     3.63309754     3.66745217     3.66745230
   489   -75.15558086   -75.15558086   -42.11137437   -42.11137437   -41.83775460   -41.83775460   -41.80560712   -41.80560712    -9.37437637    -9.37437636    -5.51891948    -5.51891942    -4.40323452    -4.40323448    -0.10071775    -0.10071774     3.62815039     3.62815837     3.63264242     3.63265095     3.63275128     3.63276131     3.63319417     3.63320492     3.67163668     3.67163684
   490   -75.15560207   -75.15560207   -42.11131386   -42.11131386   -41.83766453   -41.83766453   -41.80558961   -41.80558961    -9.40110498    -9.40110496    -5.49353961    -5.49353955    -4.37751768    -4.37751763    -0.12440387    -0.12440386     3.62772602     3.62773321     3.63265432     3.63266139     3.63275014     3.63275951     3.63331723     3.63332669     3.67444908     3.67444927
   491   -75.15562278   -75.15562277   -42.11125286   -42.11125286   -41.83757355   -41.83757355   -41.80557233   -41.80557232    -9.42774137    -9.42774136    -5.46805045    -5.46805040    -4.35183467    -4.35183463    -0.14806072    -0.14806071     3.62750010     3.62750534     3.63265716     3.63266238     3.63276002     3.63276680     3.63346468     3.63347166     3.67598463     3.67598483
   492   -75.15564296   -75.15564296   -42.11119135   -42.11119135   -41.83748166   -41.83748166   -41.80555527   -41.80555527    -9.45428544    -9.45428544    -5.44245099    -5.44245097    -4.32619545    -4.32619543    -0.17168624    -0.17168624     3.62748205     3.62748396     3.63263991     3.63264251     3.63279132     3.63279344     3.63365009     3.63365306     3.67634915     3.67634932
   493   -75.15566263   -75.15566263   -42.11112934   -42.11112934   -41.83738886   -41.83738885   -41.80553843   -41.80553843    -9.48073678    -9.48073677    -5.41674038    -5.41674035    -4.30060661    -4.30060658    -0.19527817    -0.19527817     3.62766644     3.62766940     3.63260427     3.63260615     3.63283611     3.63283956     3.63389109     3.63389341     3.67565744     3.67565749
   494   -75.15568180   -75.15568180   -42.11106681   -42.11106681   -41.83729512   -41.83729512   -41.80552179   -41.80552179    -9.50709467    -9.50709465    -5.39091786    -5.39091776    -4.27507118    -4.27507110    -0.21883409    -0.21883408     3.62803390     3.62804331     3.63255306     3.63256105     3.63288947     3.63289829     3.63421666     3.63422425     3.67403125     3.67403142
   495   -75.15570048   -75.15570048   -42.11100375   -42.11100375   -41.83720043   -41.83720043   -41.80550533   -41.80550532    -9.53335805    -9.53335802    -5.36498279    -5.36498260    -4.24958860    -4.24958844    -0.24235146    -0.24235143     3.62854621     3.62856300     3.63249267     3.63250731     3.63295119     3.63296349     3.63467570     3.63468645     3.67159777     3.67159834
   496   -75.15571872   -75.15571872   -42.11094012   -42.11094012   -41.83710477   -41.83710477   -41.80548903   -41.80548903    -9.55952547    -9.55952542    -5.33893465    -5.33893435    -4.22415474    -4.22415448    -0.26582766    -0.26582762     3.62913971     3.62916231     3.63242696     3.63244664     3.63302064     3.63303231     3.63533077     3.63534078     3.66848755     3.66848879
   497   -75.15573655   -75.15573655   -42.11087590   -42.11087590   -41.83700810   -41.83700810   -41.80547287   -41.80547287    -9.58559511    -9.58559506    -5.31277306    -5.31277265    -4.19876201    -4.19876163    -0.28926008    -0.28926003     3.62973617     3.62975712     3.63236096     3.63238054     3.63309795     3.63310253     3.63625153     3.63625707     3.66483252     3.66483482
   498   -75.15575401   -75.15575401   -42.11081107   -42.11081107   -41.83691039   -41.83691039   -41.80545683   -41.80545683    -9.61156481    -9.61156475    -5.28649774    -5.28649722    -4.17339947    -4.17339896    -0.31264612    -0.31264606     3.63026802     3.63027015     3.63230160     3.63231052     3.63317231     3.63318324     3.63748909     3.63748925     3.66076410     3.66076806
   499   -75.15577115   -75.15577115   -42.11074558   -42.11074558   -41.83681161   -41.83681161   -41.80544089   -41.80544089    -9.63743201    -9.63743195    -5.26010856    -5.26010793    -4.14805309    -4.14805245    -0.33598325    -0.33598319     3.63065768     3.63070256     3.63223817     3.63225794     3.63323983     3.63327598     3.63904812     3.63905260     3.65641151     3.65641807
   500   -75.15578800   -75.15578800   -42.11067941   -42.11067941   -41.83671171   -41.83671171   -41.80542503   -41.80542503    -9.66319384    -9.66319379    -5.23360546    -5.23360474    -4.12270599    -4.12270523    -0.35926906    -0.35926900     3.63091253     3.63104098     3.63216525     3.63223952     3.63330286     3.63337423     3.64090186     3.64090846     3.65190043     3.65191105
   501   -75.15580460   -75.15580460   -42.11061253   -42.11061253   -41.83661065   -41.83661065   -41.80540922   -41.80540922    -9.68884714    -9.68884710    -5.20698853    -5.20698773    -4.09733880    -4.09733792    -0.38250128    -0.38250122     3.63105011     3.63129889     3.63209394     3.63225118     3.63335777     3.63347381     3.64299229     3.64300034     3.64735357     3.64737007
   502   -75.15582096   -75.15582096   -42.11054489   -42.11054489   -41.83650839   -41.83650839   -41.80539344   -41.80539344    -9.71438851    -9.71438849    -5.18025793    -5.18025709    -4.07192999    -4.07192901    -0.40567781    -0.40567775     3.63109607     3.63148779     3.63202823     3.63228798     3.63339674     3.63356608     3.64287256     3.64291177     3.64527036     3.64527211
   503   -75.15583711   -75.15583711   -42.11047647   -42.11047647   -41.83640489   -41.83640489   -41.80537769   -41.80537768    -9.73981436    -9.73981435    -5.15341395    -5.15341310    -4.04645634    -4.04645529    -0.42879675    -0.42879670     3.63107115     3.63159122     3.63198142     3.63233840     3.63339349     3.63362487     3.63862505     3.63869364     3.64764159     3.64764174
   504   -75.15585304   -75.15585304   -42.11040723   -42.11040723   -41.83630011   -41.83630011   -41.80536193   -41.80536193    -9.76512099    -9.76512096    -5.12645697    -5.12645614    -4.02089343    -4.02089234    -0.45185641    -0.45185638     3.63094152     3.63145948     3.63198832     3.63239152     3.63315723     3.63339428     3.63499021     3.63511478     3.65005570     3.65005780
   505   -75.15586874   -75.15586874   -42.11033716   -42.11033716   -41.83619401   -41.83619401   -41.80534616   -41.80534616    -9.79030465    -9.79030458    -5.09938745    -5.09938667    -3.99521614    -3.99521504    -0.47485534    -0.47485532     3.62991137     3.62991233     3.63163216     3.63201996     3.63225867     3.63244707     3.63390249     3.63409634     3.65244367     3.65244803
   506   -75.15588419   -75.15588419   -42.11026621   -42.11026621   -41.83608656   -41.83608656   -41.80533038   -41.80533038    -9.81536162    -9.81536153    -5.07220598    -5.07220528    -3.96939926    -3.96939817    -0.49779229    -0.49779228     3.62693761     3.62700615     3.63125291     3.63192956     3.63218976     3.63249298     3.63379243     3.63409050     3.65473645     3.65474298
   507   -75.15589935   -75.15589935   -42.11019438   -42.11019438   -41.83597773   -41.83597773   -41.80531457   -41.80531457    -9.84028833    -9.84028821    -5.04491323    -5.04491262    -3.94341806    -3.94341702    -0.52066624    -0.52066624     3.62414461     3.62420025     3.63117710     3.63186743     3.63226178     3.63253454     3.63377338     3.63412657     3.65686382     3.65687225
   508   -75.15591416   -75.15591416   -42.11012164   -42.11012164   -41.83586749   -41.83586749   -41.80529873   -41.80529873    -9.86508142    -9.86508127    -5.01750995    -5.01750946    -3.91724898    -3.91724801    -0.54347639    -0.54347637     3.62178983     3.62183616     3.63115460     3.63183725     3.63233655     3.63257086     3.63376483     3.63415655     3.65875471     3.65876466
   509   -75.15592856   -75.15592856   -42.11004800   -42.11004800   -41.83575584   -41.83575584   -41.80528286   -41.80528286    -9.88973782    -9.88973765    -4.98999703    -4.98999666    -3.89087027    -3.89086940    -0.56622208    -0.56622205     3.61993650     3.61997638     3.63116168     3.63182721     3.63240614     3.63260215     3.63375165     3.63416987     3.66033794     3.66034899
   510   -75.15594248   -75.15594248   -42.10997343   -42.10997343   -41.83564275   -41.83564275   -41.80526697   -41.80526697    -9.91425488    -9.91425470    -4.96237543    -4.96237516    -3.86426267    -3.86426191    -0.58890284    -0.58890280     3.61860939     3.61864438     3.63119355     3.63183380     3.63246913     3.63262876     3.63372873     3.63416228     3.66154314     3.66155485
   511   -75.15595583   -75.15595583   -42.10989795   -42.10989795   -41.83552823   -41.83552823   -41.80525106   -41.80525106    -9.93863039    -9.93863021    -4.93464620    -4.93464605    -3.83741002    -3.83740938    -0.61151832    -0.61151827     3.61781421     3.61784515     3.63124866     3.63185564     3.63252514     3.63265102     3.63369382     3.63413171     3.66230172     3.66231365
   512   -75.15596854   -75.15596853   -42.10982156   -42.10982156   -41.83541228   -41.83541228   -41.80523514   -41.80523514    -9.96286271    -9.96286254    -4.90681054    -4.90681047    -3.81029991    -3.81029940    -0.63406825    -0.63406820     3.61754239     3.61756973     3.63132597     3.63189191     3.63257404     3.63266923     3.63364590     3.63407724     3.66254802     3.66255975
   513   -75.15598050   -75.15598050   -42.10974427   -42.10974427   -41.83529491   -41.83529491   -41.80521922   -41.80521922    -9.98695080    -9.98695065    -4.87886972    -4.87886971    -3.78292424    -3.78292383    -0.65655241    -0.65655236     3.61777321     3.61779721     3.63142422     3.63194179     3.63261574     3.63268368     3.63358465     3.63399883     3.66222030     3.66223146
   514   -75.15599164   -75.15599164   -42.10966611   -42.10966611   -41.83517613   -41.83517613   -41.80520332   -41.80520332   -10.01089426   -10.01089413    -4.85082515    -4.85082511    -3.75527962    -3.75527931    -0.67897059    -0.67897055     3.61847533     3.61849613     3.63154168     3.63200434     3.63265017     3.63269460     3.63351024     3.63389718     3.66126185     3.66127211
   515   -75.15600187   -75.15600187   -42.10958709   -42.10958709   -41.83505598   -41.83505598   -41.80518745   -41.80518745   -10.03469339   -10.03469329    -4.82267827    -4.82267821    -3.72736777    -3.72736756    -0.70132252    -0.70132249     3.61960815     3.61962581     3.63167617     3.63207842     3.63267731     3.63270223     3.63342325     3.63377363     3.65962187     3.65963096
   516   -75.15601113   -75.15601113   -42.10950724   -42.10950724   -41.83493449   -41.83493449   -41.80517163   -41.80517163   -10.05834921   -10.05834913    -4.79443068    -4.79443061    -3.69919573    -3.69919559    -0.72360786    -0.72360783     3.62112317     3.62113776     3.63182504     3.63216265     3.63269716     3.63270679     3.63332458     3.63363012     3.65725635     3.65726406
   517   -75.15601936   -75.15601936   -42.10942659   -42.10942659   -41.83481168   -41.83481168   -41.80515587   -41.80515587   -10.08186344   -10.08186338    -4.76608406    -4.76608401    -3.67077591    -3.67077583    -0.74582612    -0.74582610     3.62296554     3.62297710     3.63198524     3.63225547     3.63270848     3.63270978     3.63321546     3.63346913     3.65412869     3.65413489
   518   -75.15602652   -75.15602652   -42.10934519   -42.10934519   -41.83468761   -41.83468761   -41.80514019   -41.80514019   -10.10523848   -10.10523845    -4.73764022    -4.73764018    -3.64212598    -3.64212594    -0.76797664    -0.76797663     3.62507548     3.62508406     3.63215338     3.63235513     3.63270751     3.63271528     3.63309734     3.63329359     3.65021019     3.65021482
   519   -75.15603259   -75.15603259   -42.10926306   -42.10926306   -41.83456233   -41.83456233   -41.80512460   -41.80512460   -10.12847742   -10.12847740    -4.70910103    -4.70910101    -3.61326856    -3.61326854    -0.79005855    -0.79005855     3.62738982     3.62739552     3.63232583     3.63245973     3.63270408     3.63271389     3.63297188     3.63310682     3.64548032     3.64548337
   520   -75.15603757   -75.15603757   -42.10918025   -42.10918025   -41.83443587   -41.83443587   -41.80510913   -41.80510913   -10.15158394   -10.15158393    -4.68046846    -4.68046845    -3.58423077    -3.58423077    -0.81207073    -0.81207073     3.62984358     3.62984651     3.63249883     3.63256732     3.63269836     3.63270587     3.63284092     3.63291243     3.63992676     3.63992831
   521   -75.15604148   -75.15604148   -42.10909679   -42.10909679   -41.83430829   -41.83430829   -41.80509379   -41.80509379   -10.17456227   -10.17456227    -4.65174453    -4.65174453    -3.55504357    -3.55504357    -0.83401181    -0.83401181     3.63237143     3.63237175     3.63266860     3.63267587     3.63269052     3.63269160     3.63270637     3.63271425     3.63354522     3.63354539
   522   -75.15604440   -75.15604440   -42.10901273   -42.10901273   -41.83417966   -41.83417966   -41.80507858   -41.80507858   -10.19741709   -10.19741709    -4.62293133    -4.62293133    -3.52574091    -3.52574091    -0.85588010    -0.85588010     3.62633801     3.62633907     3.63251618     3.63257023     3.63267153     3.63268072     3.63278338     3.63283142     3.63490707     3.63490918
   523   -75.15604638   -75.15604638   -42.10892811   -42.10892810   -41.83405001   -41.83405001   -41.80506351   -41.80506351   -10.22015347   -10.22015346    -4.59403098    -4.59403096    -3.49635882    -3.49635881    -0.87767364    -0.87767364     3.61831660     3.61831868     3.63232212     3.63243446     3.63264619     3.63266905     3.63288794     3.63298379     3.63739082     3.63739512
   524   -75.15604756   -75.15604756   -42.10884295   -42.10884295   -41.83391940   -41.83391940   -41.80504860   -41.80504860   -10.24277671   -10.24277669    -4.56504560    -4.56504556    -3.46693432    -3.46693430    -0.89939018    -0.89939018     3.60949784     3.60950072     3.63213588     3.63230097     3.63261617     3.63265557     3.63298774     3.63312251     3.63976510     3.63977133
   525   -75.15604805   -75.15604805   -42.10875731   -42.10875731   -41.83378788   -41.83378788   -41.80503384   -41.80503384   -10.26529229   -10.26529224    -4.53597734    -4.53597727    -3.43750424    -3.43750421    -0.92102718    -0.92102717     3.59990374     3.59990720     3.63196101     3.63217156     3.63258216     3.63264029     3.63308115     3.63324482     3.64197695     3.64198481
   526   -75.15604804   -75.15604804   -42.10867121   -42.10867121   -41.83365550   -41.83365550   -41.80501924   -41.80501924   -10.28770569   -10.28770563    -4.50682832    -4.50682823    -3.40810413    -3.40810408    -0.94258182    -0.94258180     3.58956065     3.58956444     3.63180076     3.63204784     3.63254490     3.63262312     3.63316677     3.63334849     3.64397930     3.64398847
   527   -75.15604770   -75.15604770   -42.10858467   -42.10858467   -41.83352229   -41.83352229   -41.80500480   -41.80500480   -10.31002234   -10.31002226    -4.47760061    -4.47760049    -3.37876706    -3.37876699    -0.96405107    -0.96405105     3.57849815     3.57850207     3.63165794     3.63193119     3.63250519     3.63260388     3.63324346     3.63343193     3.64573184     3.64574198
   528   -75.15604725   -75.15604725   -42.10849773   -42.10849773   -41.83338831   -41.83338831   -41.80499050   -41.80499050   -10.33224744   -10.33224735    -4.44829623    -4.44829610    -3.34952257    -3.34952246    -0.98543169    -0.98543166     3.56674803     3.56675188     3.63153484     3.63182271     3.63246389     3.63258226     3.63331037     3.63349431     3.64720166     3.64721241
   529   -75.15604691   -75.15604691   -42.10841040   -42.10841040   -41.83325357   -41.83325357   -41.80497635   -41.80497635   -10.35438590   -10.35438580    -4.41891709    -4.41891697    -3.32039567    -3.32039553    -1.00672026    -1.00672023     3.55434321     3.55434683     3.63143312     3.63172318     3.63242194     3.63255780     3.63336697     3.63353563     3.64836373     3.64837475
   530   -75.15604693   -75.15604693   -42.10832269   -42.10832269   -41.83311811   -41.83311811   -41.80496232   -41.80496232   -10.37644220   -10.37644209    -4.38946503    -4.38946493    -3.29140611    -3.29140593    -1.02791329    -1.02791325     3.54131683     3.54132009     3.63135373     3.63163300     3.63238032     3.63252989     3.63341305     3.63355677     3.64920122     3.64921217
   531   -75.15604756   -75.15604756   -42.10823462   -42.10823462   -41.83298194   -41.83298194   -41.80494842   -41.80494842   -10.39842032   -10.39842020    -4.35994173    -4.35994167    -3.26256774    -3.26256751    -1.04900722    -1.04900718     3.52770143     3.52770425     3.63129683     3.63155222     3.63234008     3.63249775     3.63344871     3.63355961     3.64970557     3.64971612
   532   -75.15604905   -75.15604905   -42.10814618   -42.10814618   -41.83284508   -41.83284508   -41.80493461   -41.80493461   -10.42032364   -10.42032353    -4.33034873    -4.33034873    -3.23388812    -3.23388785    -1.06999849    -1.06999845     3.51352833     3.51353065     3.63126163     3.63148046     3.63230233     3.63246055     3.63347435     3.63354695     3.64987642     3.64988629
   533   -75.15605167   -75.15605166   -42.10805738   -42.10805738   -41.83270753   -41.83270753   -41.80492089   -41.80492089   -10.44215489   -10.44215479    -4.30068746    -4.30068739    -3.20536845    -3.20536814    -1.09088363    -1.09088359     3.49882712     3.49882894     3.63124632     3.63141699     3.63226820     3.63241758     3.63349060     3.63352249     3.64972138     3.64973034
   534   -75.15605565   -75.15605565   -42.10796822   -42.10796822   -41.83256929   -41.83256929   -41.80490723   -41.80490723   -10.46391610   -10.46391601    -4.27095905    -4.27095891    -3.17700363    -3.17700328    -1.11165927    -1.11165924     3.48362545     3.48362677     3.63124778     3.63136076     3.63223881     3.63236862     3.63349053     3.63349833     3.64925564     3.64926349
   535   -75.15606124   -75.15606124   -42.10787868   -42.10787868   -41.83243036   -41.83243036   -41.80489362   -41.80489362   -10.48560856   -10.48560849    -4.24116447    -4.24116425    -3.14878268    -3.14878230    -1.13232226    -1.13232223     3.46794890     3.46794979     3.63126132     3.63131050     3.63221521     3.63231463     3.63345563     3.63349847     3.64850135     3.64850799
   536   -75.15606866   -75.15606865   -42.10778875   -42.10778875   -41.83229073   -41.83229073   -41.80488004   -41.80488004   -10.50723281   -10.50723276    -4.21130447    -4.21130419    -3.12068926    -3.12068887    -1.15286968    -1.15286965     3.45182118     3.45182170     3.63126483     3.63128023     3.63219823     3.63225866     3.63342204     3.63349202     3.64748706     3.64749246
   537   -75.15607811   -75.15607810   -42.10769841   -42.10769841   -41.83215039   -41.83215039   -41.80486647   -41.80486647   -10.52878866   -10.52878862    -4.18137959    -4.18137928    -3.09270254    -3.09270215    -1.17329890    -1.17329887     3.43526433     3.43526457     3.63122246     3.63129535     3.63218837     3.63220661     3.63339311     3.63347983     3.64624692     3.64625117
   538   -75.15608976   -75.15608976   -42.10760766   -42.10760766   -41.83200930   -41.83200930   -41.80485289   -41.80485289   -10.55027516   -10.55027514    -4.15139014    -4.15138982    -3.06479806    -3.06479770    -1.19360768    -1.19360765     3.41829919     3.41829922     3.63118219     3.63129564     3.63216711     3.63218564     3.63337087     3.63346249     3.64481998     3.64482329
   539   -75.15610377   -75.15610376   -42.10751646   -42.10751646   -41.83186746   -41.83186746   -41.80483929   -41.80483929   -10.57169071   -10.57169071    -4.12133621    -4.12133590    -3.03694882    -3.03694851    -1.21379413    -1.21379410     3.40094578     3.40094586     3.63114304     3.63127093     3.63214858     3.63218946     3.63335566     3.63344003     3.64324950     3.64325225
   540   -75.15612023   -75.15612023   -42.10742481   -42.10742481   -41.83172483   -41.83172483   -41.80482565   -41.80482565   -10.59303308   -10.59303308    -4.09121766    -4.09121741    -3.00912637    -3.00912614    -1.23385681    -1.23385677     3.38322419     3.38322431     3.63110397     3.63121664     3.63215427     3.63219849     3.63334578     3.63341158     3.64158267     3.64158545
   541   -75.15613924   -75.15613924   -42.10733268   -42.10733268   -41.83158140   -41.83158140   -41.80481196   -41.80481196   -10.61429947   -10.61429947    -4.06103415    -4.06103399    -2.98130194    -2.98130180    -1.25379472    -1.25379468     3.36515478     3.36515488     3.63106340     3.63113530     3.63218003     3.63221041     3.63333645     3.63337441     3.63987114     3.63987479
   542   -75.15616083   -75.15616083   -42.10724007   -42.10724006   -41.83143714   -41.83143714   -41.80479821   -41.80479820   -10.63548661   -10.63548660    -4.03078515    -4.03078510    -2.95344747    -2.95344746    -1.27360734    -1.27360730     3.34675883     3.34675887     3.63101790     3.63103218     3.63221735     3.63222113     3.63331688     3.63332198     3.63817431     3.63817976
   543   -75.15618501   -75.15618501   -42.10714694   -42.10714694   -41.83129202   -41.83129202   -41.80478439   -41.80478439   -10.65659083   -10.65659082    -4.00047002    -4.00046993    -2.92553678    -2.92553666    -1.29329461    -1.29329457     3.32805897     3.32805902     3.63090835     3.63095869     3.63222217     3.63225676     3.63323829     3.63326051     3.63657163     3.63657806
   544   -75.15621174   -75.15621174   -42.10705330   -42.10705330   -41.83114604   -41.83114603   -41.80477051   -41.80477051   -10.67760820   -10.67760819    -3.97008786    -3.97008762    -2.89754600    -2.89754576    -1.31285697    -1.31285692     3.30907961     3.30907977     3.63075118     3.63086104     3.63219021     3.63228510     3.63308421     3.63309188     3.63519941     3.63520685
   545   -75.15624095   -75.15624095   -42.10695913   -42.10695913   -41.83099916   -41.83099916   -41.80475656   -41.80475656   -10.69853459   -10.69853456    -3.93963761    -3.93963722    -2.86945466    -2.86945429    -1.33229528    -1.33229522     3.28984722     3.28984748     3.63051131     3.63065007     3.63205092     3.63223921     3.63269551     3.63282504     3.63426744     3.63434766
   546   -75.15627255   -75.15627255   -42.10686443   -42.10686443   -41.83085138   -41.83085138   -41.80474255   -41.80474255   -10.71936578   -10.71936574    -3.90911815    -3.90911764    -2.84124608    -2.84124560    -1.35161086    -1.35161081     3.27039030     3.27039065     3.63006706     3.63016339     3.63176774     3.63183441     3.63248923     3.63263401     3.63384387     3.63401861
   547   -75.15630640   -75.15630640   -42.10676920   -42.10676920   -41.83070269   -41.83070269   -41.80472849   -41.80472849   -10.74009757   -10.74009752    -3.87852831    -3.87852768    -2.81290774    -2.81290717    -1.37080545    -1.37080539     3.25073937     3.25073978     3.62935625     3.62938907     3.63146628     3.63157999     3.63248762     3.63257878     3.63366534     3.63390338
   548   -75.15634235   -75.15634235   -42.10667345   -42.10667345   -41.83055309   -41.83055308   -41.80471439   -41.80471439   -10.76072588   -10.76072583    -3.84786686    -3.84786616    -2.78443142    -2.78443079    -1.38988111    -1.38988105     3.23092675     3.23092720     3.62856919     3.62857264     3.63130919     3.63152108     3.63250796     3.63257269     3.63356621     3.63384665
   549   -75.15638020   -75.15638020   -42.10657719   -42.10657719   -41.83040258   -41.83040258   -41.80470026   -41.80470026   -10.78124684   -10.78124678    -3.81713259    -3.81713186    -2.75581317    -2.75581252    -1.40884025    -1.40884019     3.21098629     3.21098674     3.62788328     3.62789051     3.63126605     3.63152932     3.63253080     3.63258232     3.63349362     3.63380156
   550   -75.15641977   -75.15641977   -42.10648043   -42.10648043   -41.83025118   -41.83025118   -41.80468613   -41.80468613   -10.80165684   -10.80165678    -3.78632431    -3.78632359    -2.72705315    -2.72705252    -1.42768552    -1.42768547     3.19095288     3.19095331     3.62739367     3.62740461     3.63128821     3.63157618     3.63255283     3.63259729     3.63342918     3.63375102
   551   -75.15646085   -75.15646085   -42.10638320   -42.10638320   -41.83009890   -41.83009890   -41.80467201   -41.80467201   -10.82195264   -10.82195259    -3.75544092    -3.75544025    -2.69815535    -2.69815476    -1.44641979    -1.44641974     3.17086198     3.17086237     3.62713669     3.62714848     3.63135635     3.63165006     3.63257337     3.63261359     3.63336499     3.63368743
   552   -75.15650320   -75.15650320   -42.10628552   -42.10628552   -41.82994577   -41.82994577   -41.80465793   -41.80465793   -10.84213142   -10.84213137    -3.72448141    -3.72448082    -2.66912710    -2.66912659    -1.46504603    -1.46504599     3.15074902     3.15074934     3.62712701     3.62713831     3.63146121     3.63174533     3.63259239     3.63262942     3.63329709     3.63360718
   553   -75.15654662   -75.15654661   -42.10618743   -42.10618743   -41.82979182   -41.82979182   -41.80464391   -41.80464391   -10.86219078   -10.86219074    -3.69344491    -3.69344443    -2.63997866    -2.63997825    -1.48356729    -1.48356726     3.13064883     3.13064908     3.62736839     3.62737848     3.63159698     3.63185856     3.63261004     3.63264387     3.63322333     3.63350883
   554   -75.15659087   -75.15659087   -42.10608896   -42.10608896   -41.82963708   -41.82963708   -41.80462998   -41.80462998   -10.88212882   -10.88212879    -3.66233072    -3.66233036    -2.61072268    -2.61072238    -1.50198661    -1.50198659     3.11059506     3.11059524     3.62785653     3.62786501     3.63175896     3.63198710     3.63262651     3.63265651     3.63314257     3.63339236
   555   -75.15663575   -75.15663575   -42.10599015   -42.10599015   -41.82948160   -41.82948160   -41.80461616   -41.80461616   -10.90194411   -10.90194409    -3.63113830    -3.63113807    -2.58137365    -2.58137344    -1.52030695    -1.52030694     3.09061963     3.09061974     3.62858051     3.62858715     3.63194266     3.63212853     3.63264196     3.63266714     3.63305432     3.63325882
   556   -75.15668105   -75.15668105   -42.10589103   -42.10589103   -41.82932542   -41.82932542   -41.80460249   -41.80460249   -10.92163572   -10.92163571    -3.59986735    -3.59986723    -2.55194736    -2.55194724    -1.53853114    -1.53853113     3.07075224     3.07075229     3.62952370     3.62952840     3.63214355     3.63228044     3.63265650     3.63267576     3.63295857     3.63311007
   557   -75.15672660   -75.15672660   -42.10579166   -42.10579166   -41.82916860   -41.82916860   -41.80458897   -41.80458897   -10.94120315   -10.94120315    -3.56851779    -3.56851774    -2.52246046    -2.52246042    -1.55666177    -1.55666176     3.05101996     3.05101998     3.63066457     3.63066733     3.63235687     3.63244033     3.63267024     3.63268247     3.63285568     3.63294863
   558   -75.15677221   -75.15677221   -42.10569208   -42.10569208   -41.82901119   -41.82901119   -41.80457564   -41.80457564   -10.96064636   -10.96064636    -3.53708975    -3.53708975    -2.49293000    -2.49293000    -1.57470118    -1.57470118     3.03144692     3.03144692     3.63197745     3.63197833     3.63257772     3.63260559     3.63268320     3.63268747     3.63274628     3.63277753
   559   -75.15681773   -75.15681773   -42.10559234   -42.10559234   -41.82885325   -41.82885325   -41.80456252   -41.80456252   -10.97996566   -10.97996565    -3.50558363    -3.50558363    -2.46337305    -2.46337305    -1.59265140    -1.59265140     3.01205407     3.01205408     3.63260016     3.63263124     3.63269102     3.63269541     3.63277356     3.63280108     3.63343238     3.63343323
   560   -75.15686305   -75.15686305   -42.10549247   -42.10549247   -41.82869482   -41.82869482   -41.80454963   -41.80454963   -10.99916166   -10.99916166    -3.47400007    -3.47400002    -2.43380640    -2.43380635    -1.61051407    -1.61051406     2.99285906     2.99285908     3.63242019     3.63251158     3.63269346     3.63270684     3.63294152     3.63302194     3.63499781     3.63500019
   561   -75.15690804   -75.15690804   -42.10539252   -42.10539252   -41.82853598   -41.82853598   -41.80453698   -41.80453698   -11.01823524   -11.01823523    -3.44233994    -3.44233980    -2.40424626    -2.40424614    -1.62829044    -1.62829043     2.97387613     2.97387618     3.63224137     3.63238845     3.63269517     3.63271742     3.63310683     3.63323538     3.63664110     3.63664479
   562   -75.15695263   -75.15695263   -42.10529254   -42.10529254   -41.82837677   -41.82837677   -41.80452459   -41.80452459   -11.03718741   -11.03718739    -3.41060436    -3.41060411    -2.37470811    -2.37470789    -1.64598134    -1.64598132     2.95511621     2.95511629     3.63206743     3.63226307     3.63269654     3.63272710     3.63326690     3.63343677     3.63832769     3.63833243
   563   -75.15699673   -75.15699673   -42.10519255   -42.10519255   -41.82821725   -41.82821725   -41.80451245   -41.80451245   -11.05601923   -11.05601921    -3.37879468    -3.37879431    -2.34520651    -2.34520617    -1.66358714    -1.66358711     2.93658695     2.93658706     3.63190197     3.63213669     3.63269794     3.63273577     3.63341934     3.63362182     3.64002277     3.64002828
   564   -75.15704031   -75.15704031   -42.10509260   -42.10509260   -41.82805747   -41.82805747   -41.80450059   -41.80450059   -11.07473177   -11.07473174    -3.34691247    -3.34691197    -2.31575499    -2.31575451    -1.68110779    -1.68110773     2.91829285     2.91829299     3.63174832     3.63201056     3.63269975     3.63274331     3.63356198     3.63378676     3.64169204     3.64169803
   565   -75.15708332   -75.15708332   -42.10499272   -42.10499272   -41.82789748   -41.82789748   -41.80448899   -41.80448899   -11.09332593   -11.09332589    -3.31495949    -3.31495887    -2.28636589    -2.28636530    -1.69854276    -1.69854268     2.90023542     2.90023559     3.63160940     3.63188590     3.63270225     3.63274959     3.63369299     3.63392846     3.64330244     3.64330866
   566   -75.15712573   -75.15712573   -42.10489292   -42.10489292   -41.82773731   -41.82773731   -41.80447764   -41.80447764   -11.11180241   -11.11180237    -3.28293768    -3.28293699    -2.25705033    -2.25704964    -1.71589111    -1.71589101     2.88241339     2.88241356     3.63148764     3.63176387     3.63270563     3.63275449     3.63381089     3.63404453     3.64482288     3.64482906
   567   -75.15716752   -75.15716752   -42.10479323   -42.10479323   -41.82757701   -41.82757701   -41.80446655   -41.80446655   -11.13016159   -11.13016154    -3.25084915    -3.25084842    -2.22781805    -2.22781731    -1.73315152    -1.73315140     2.86482281     2.86482297     3.63138489     3.63164558     3.63270995     3.63275783     3.63391460     3.63413344     3.64622481     3.64623075
   568   -75.15720867   -75.15720867   -42.10469367   -42.10469367   -41.82741661   -41.82741661   -41.80445569   -41.80445569   -11.14840344   -11.14840339    -3.21869611    -3.21869542    -2.19867736    -2.19867662    -1.75032228    -1.75032212     2.84745730     2.84745745     3.63130227     3.63153205     3.63271510     3.63275945     3.63400356     3.63419460     3.64748278     3.64748832
   569   -75.15724915   -75.15724915   -42.10459423   -42.10459423   -41.82725613   -41.82725613   -41.80444505   -41.80444505   -11.16652747   -11.16652743    -3.18648090    -3.18648032    -2.16963501    -2.16963434    -1.76740134    -1.76740117     2.83030819     2.83030830     3.63124013     3.63142423     3.63272080     3.63275917     3.63407763     3.63422845     3.64857495     3.64857998
   570   -75.15728892   -75.15728892   -42.10449493   -42.10449493   -41.82709559   -41.82709559   -41.80443460   -41.80443460   -11.18453264   -11.18453262    -3.15420595    -3.15420554    -2.14069612    -2.14069559    -1.78438639    -1.78438621     2.81336469     2.81336476     3.63119796     3.63132297     3.63272654     3.63275677     3.63413721     3.63423651     3.64948341     3.64948789
   571   -75.15732795   -75.15732795   -42.10439577   -42.10439577   -41.82693500   -41.82693500   -41.80442432   -41.80442432   -11.20241735   -11.20241734    -3.12187370    -3.12187354    -2.11186407    -2.11186377    -1.80127488    -1.80127471     2.79661406     2.79661408     3.63117436     3.63122905     3.63273162     3.63275200     3.63418314     3.63422144     3.65019445     3.65019843
   572   -75.15736617   -75.15736617   -42.10429673   -42.10429673   -41.82677437   -41.82677437   -41.80441417   -41.80441417   -11.22017937   -11.22017937    -3.08948679    -3.08948664    -2.08314047    -2.08314046    -1.81806405    -1.81806392     2.78004177     2.78004179     3.63114318     3.63116694     3.63273518     3.63274462     3.63418704     3.63421666     3.65069881     3.65070240
   573   -75.15740349   -75.15740349   -42.10419780   -42.10419780   -41.82661371   -41.82661371   -41.80440413   -41.80440413   -11.23781584   -11.23781583    -3.05704774    -3.05704724    -2.05452553    -2.05452510    -1.83475097    -1.83475094     2.76363174     2.76363179     3.63106599     3.63117237     3.63273438     3.63273626     3.63413819     3.63423934     3.65099167     3.65099505
   574   -75.15743980   -75.15743980   -42.10409897   -42.10409897   -41.82645300   -41.82645300   -41.80439417   -41.80439417   -11.25532330   -11.25532326    -3.02455882    -3.02455794    -2.02601708    -2.02601611    -1.85133266    -1.85133249     2.74736656     2.74736662     3.63099805     3.63118643     3.63272110     3.63273389     3.63408070     3.63425289     3.65107266     3.65107609
   575   -75.15747499   -75.15747499   -42.10400022   -42.10400022   -41.82629224   -41.82629223   -41.80438424   -41.80438424   -11.27269767   -11.27269763    -2.99202236    -2.99202111    -1.99761193    -1.99761020    -1.86780555    -1.86780498     2.73122767     2.73122774     3.63093988     3.63120413     3.63270486     3.63272723     3.63402098     3.63425907     3.65094576     3.65094957
   576   -75.15750888   -75.15750888   -42.10390153   -42.10390153   -41.82613141   -41.82613141   -41.80437431   -41.80437431   -11.28993439   -11.28993434    -2.95944064    -2.95943904    -1.96930692    -1.96930396    -1.88416458    -1.88416313     2.71519571     2.71519577     3.63089196     3.63122011     3.63268611     3.63271571     3.63396540     3.63425940     3.65061905     3.65062363
   577   -75.15754130   -75.15754130   -42.10380287   -42.10380287   -41.82597050   -41.82597050   -41.80436435   -41.80436435   -11.30702840   -11.30702835    -2.92681582    -2.92681391    -1.94110884    -1.94110261    -1.90039464    -1.90039025     2.69925084     2.69925086     3.63085475     3.63122926     3.63266590     3.63269918     3.63391959     3.63425504     3.65010445     3.65011022
   578   -75.15757203   -75.15757203   -42.10370422   -42.10370422   -41.82580950   -41.82580950   -41.80435433   -41.80435432   -11.32397431   -11.32397426    -2.89414996    -2.89414780    -1.91708334    -1.91703197    -1.91245889    -1.91240962     2.68337308     2.68337311     3.63082870     3.63122759     3.63264577     3.63267798     3.63388742     3.63424665     3.64941733     3.64942475
   579   -75.15760086   -75.15760086   -42.10360556   -42.10360556   -41.82564838   -41.82564838   -41.80434420   -41.80434420   -11.34076647   -11.34076642    -2.86144495    -2.86144262    -1.93264667    -1.93264053    -1.88479695    -1.88479314     2.66754280     2.66754288     3.63081425     3.63121324     3.63262743     3.63265297     3.63387047     3.63423432     3.64857607     3.64858562
   580   -75.15762752   -75.15762752   -42.10350686   -42.10350686   -41.82548714   -41.82548713   -41.80433394   -41.80433394   -11.35739910   -11.35739906    -2.82870260    -2.82870018    -1.94852862    -1.94852485    -1.85679993    -1.85679861     2.65174115     2.65174130     3.63081190     3.63118714     3.63261219     3.63262543     3.63386778     3.63421756     3.64760164     3.64761377
   581   -75.15765178   -75.15765177   -42.10340810   -42.10340810   -41.82532574   -41.82532574   -41.80432352   -41.80432352   -11.37386646   -11.37386643    -2.79592454    -2.79592212    -1.96430355    -1.96430067    -1.82883968    -1.82883929     2.63595050     2.63595072     3.63082212     3.63115301     3.63259699     3.63260062     3.63387622     3.63419546     3.64651698     3.64653214
   582   -75.15767335   -75.15767334   -42.10330927   -42.10330927   -41.82516418   -41.82516417   -41.80431292   -41.80431292   -11.39016297   -11.39016296    -2.76311228    -2.76310996    -1.97996014    -1.97995777    -1.80091443    -1.80091433     2.62015491     2.62015520     3.63084548     3.63111657     3.63256938     3.63259259     3.63389118     3.63416676     3.64534654     3.64536512
   583   -75.15769197   -75.15769197   -42.10321035   -42.10321035   -41.82500244   -41.82500244   -41.80430211   -41.80430211   -11.40628341   -11.40628341    -2.73026721    -2.73026505    -1.99549524    -1.99549324    -1.77301587    -1.77301550     2.60434060     2.60434095     3.63088252     3.63108455     3.63254433     3.63258759     3.63390728     3.63413007     3.64411568     3.64413800
   584   -75.15770740   -75.15770740   -42.10311132   -42.10311132   -41.82484053   -41.82484052   -41.80429108   -41.80429108   -11.42222304   -11.42222302    -2.69739059    -2.69738865    -2.01090743    -2.01090574    -1.74513490    -1.74513440     2.58849634     2.58849674     3.63093386     3.63106364     3.63252335     3.63258504     3.63391899     3.63408398     3.64285009     3.64287640
   585   -75.15771938   -75.15771938   -42.10301218   -42.10301218   -41.82467843   -41.82467842   -41.80427982   -41.80427982   -11.43797773   -11.43797771    -2.66448359    -2.66448191    -2.02619601    -2.02619460    -1.71726363    -1.71726308     2.57261387     2.57261429     3.63100006     3.63105983     3.63250765     3.63258452     3.63392117     3.63402721     3.64157529     3.64160571
   586   -75.15772772   -75.15772772   -42.10291294   -42.10291294   -41.82451614   -41.82451614   -41.80426832   -41.80426831   -11.45354420   -11.45354416    -2.63154726    -2.63154588    -2.04136072    -2.04135955    -1.68939554    -1.68939501     2.55668814     2.55668856     3.63107806     3.63108165     3.63249810     3.63258576     3.63390930     3.63395867     3.64031605     3.64035060
   587   -75.15773224   -75.15773224   -42.10281359   -42.10281359   -41.82435369   -41.82435369   -41.80425657   -41.80425656   -11.46892007   -11.46892002    -2.59858263    -2.59858153    -2.05640163    -2.05640071    -1.66152587    -1.66152540     2.54071757     2.54071797     3.63112207     3.63117904     3.63249514     3.63258866     3.63387757     3.63387972     3.63909594     3.63913449
   588   -75.15773280   -75.15773280   -42.10271414   -42.10271414   -41.82419108   -41.82419108   -41.80424457   -41.80424457   -11.48410400   -11.48410396    -2.56559065    -2.56558983    -2.07131913    -2.07131842    -1.63365181    -1.63365142     2.52470416     2.52470452     3.63119435     3.63129250     3.63249888     3.63259323     3.63378347     3.63382968     3.63793683     3.63797911
   589   -75.15772931   -75.15772931   -42.10261461   -42.10261461   -41.82402834   -41.82402834   -41.80423234   -41.80423234   -11.49909583   -11.49909579    -2.53257227    -2.53257170    -2.08611381    -2.08611329    -1.60577267    -1.60577235     2.50865352     2.50865383     3.63129616     3.63142203     3.63250903     3.63259950     3.63367627     3.63375736     3.63685854     3.63690413
   590   -75.15772177   -75.15772177   -42.10251503   -42.10251503   -41.82386549   -41.82386549   -41.80421988   -41.80421988   -11.51389659   -11.51389656    -2.49952845    -2.49952809    -2.10078645    -2.10078609    -1.57788988    -1.57788965     2.49257479     2.49257505     3.63142763     3.63156740     3.63252505     3.63260753     3.63355624     3.63366192     3.63587847     3.63592678
   591   -75.15771022   -75.15771022   -42.10241542   -42.10241542   -41.82370258   -41.82370258   -41.80420722   -41.80420722   -11.52850860   -11.52850857    -2.46646020    -2.46645999    -2.11533797    -2.11533774    -1.55000702    -1.55000686     2.47648048     2.47648067     3.63158778     3.63172802     3.63254616     3.63261735     3.63342403     3.63354340     3.63501134     3.63506161
   592   -75.15769476   -75.15769476   -42.10231581   -42.10231581   -41.82353963   -41.82353963   -41.80419436   -41.80419436   -11.54293546   -11.54293543    -2.43336859    -2.43336849    -2.12976936    -2.12976923    -1.52212966    -1.52212956     2.46038615     2.46038628     3.63177465     3.63190298     3.63257141     3.63262898     3.63328066     3.63340270     3.63426896     3.63432022
   593   -75.15767559   -75.15767559   -42.10221623   -42.10221623   -41.82337670   -41.82337670   -41.80418132   -41.80418132   -11.55718201   -11.55718200    -2.40025482    -2.40025479    -2.14408164    -2.14408158    -1.49426521    -1.49426516     2.44431012     2.44431020     3.63198540     3.63209100     3.63259975     3.63264235     3.63312759     3.63324150     3.63366011     3.63371100
   594   -75.15765297   -75.15765297   -42.10211674   -42.10211674   -41.82321384   -41.82321384   -41.80416815   -41.80416815   -11.57125437   -11.57125437    -2.36712030    -2.36712030    -2.15827575    -2.15827573    -1.46642268    -1.46642266     2.42827299     2.42827302     3.63221643     3.63229053     3.63263012     3.63265737     3.63296722     3.63306205     3.63319052     3.63323851
   595   -75.15762725   -75.15762725   -42.10201737   -42.10201737   -41.82305110   -41.82305110   -41.80415485   -41.80415485   -11.58515977   -11.58515977    -2.33396678    -2.33396678    -2.17235236    -2.17235236    -1.43861240    -1.43861240     2.41229716     2.41229717     3.63246357     3.63249978     3.63266154     3.63267388     3.63280682     3.63285848     3.63287155     3.63289934
   596   -75.15759883   -75.15759883   -42.10191817   -42.10191817   -41.82288856   -41.82288856   -41.80414147   -41.80414147   -11.59890651   -11.59890651    -2.30079683    -2.30079683    -2.18631139    -2.18631139    -1.41084574    -1.41084574     2.39640633     2.39640634     3.63266314     3.63266350     3.63267360     3.63267680     3.63269169     3.63269341     3.63271692     3.63272220
   597   -75.15756822   -75.15756822   -42.10181919   -42.10181919   -41.82272626   -41.82272626   -41.80412803   -41.80412803   -11.61250379   -11.61250379    -2.26761635    -2.26761632    -2.20014954    -2.20014952    -1.38313477    -1.38313476     2.38062493     2.38062495     3.63244970     3.63247238     3.63262295     3.63263146     3.63271063     3.63272662     3.63294041     3.63298759
   598   -75.15753594   -75.15753594   -42.10172049   -42.10172049   -41.82256427   -41.82256427   -41.80411456   -41.80411456   -11.62596157   -11.62596156    -2.23447028    -2.23446985    -2.21382480    -2.21382440    -1.35549195    -1.35549193     2.36497757     2.36497761     3.63223302     3.63229374     3.63268307     3.63269964     3.63273249     3.63277384     3.63316980     3.63325531
   599   -75.15750262   -75.15750262   -42.10162211   -42.10162211   -41.82240267   -41.82240267   -41.80410110   -41.80410110   -11.63929038   -11.63929036    -2.22760076    -2.22759992    -2.20109729    -2.20109650    -1.32792984    -1.32792979     2.34948846     2.34948855     3.63201735     3.63212118     3.63274415     3.63274795     3.63290180     3.63291615     3.63340773     3.63352210
   600   -75.15746891   -75.15746891   -42.10152410   -42.10152410   -41.82224152   -41.82224151   -41.80408767   -41.80408767   -11.65250114   -11.65250110    -2.24106709    -2.24106648    -2.16790967    -2.16790915    -1.30046079    -1.30046070     2.33418095     2.33418109     3.63180704     3.63195490     3.63276770     3.63277101     3.63317311     3.63320156     3.63366576     3.63378847
   601   -75.15743549   -75.15743549   -42.10142651   -42.10142651   -41.82208087   -41.82208087   -41.80407430   -41.80407430   -11.66560491   -11.66560485    -2.25445461    -2.25445399    -2.13468005    -2.13467955    -1.27309667    -1.27309653     2.31907696     2.31907716     3.63160631     3.63179643     3.63278636     3.63278685     3.63347254     3.63357238     3.63397717     3.63406791
   602   -75.15740308   -75.15740308   -42.10132940   -42.10132940   -41.82192080   -41.82192080   -41.80406103   -41.80406102   -11.67861270   -11.67861263    -2.26773514    -2.26773446    -2.10143898    -2.10143846    -1.24584868    -1.24584846     2.30419659     2.30419685     3.63141916     3.63164755     3.63279569     3.63280366     3.63374440     3.63394073     3.63439059     3.63441464
   603   -75.15737240   -75.15737240   -42.10123281   -42.10123281   -41.82176138   -41.82176138   -41.80404787   -41.80404786   -11.69153524   -11.69153514    -2.28090501    -2.28090429    -2.06819258    -2.06819202    -1.21872710    -1.21872678     2.28955769     2.28955800     3.63124922     3.63150994     3.63279822     3.63281907     3.63396378     3.63421657     3.63489893     3.63491192
   604   -75.15734417   -75.15734417   -42.10113677   -42.10113677   -41.82160264   -41.82160264   -41.80403484   -41.80403484   -11.70438273   -11.70438262    -2.29396289    -2.29396213    -2.03494463    -2.03494402    -1.19174119    -1.19174075     2.27517553     2.27517589     3.63109963     3.63138507     3.63279465     3.63283198     3.63414276     3.63440906     3.63549177     3.63551009
   605   -75.15731909   -75.15731908   -42.10104134   -42.10104134   -41.82144466   -41.82144466   -41.80402198   -41.80402198   -11.71716466   -11.71716454    -2.30690784    -2.30690707    -2.00169846    -2.00169777    -1.16489903    -1.16489843     2.26106256     2.26106294     3.63097298     3.63127409     3.63278519     3.63284175     3.63429115     3.63454923     3.63614265     3.63615635
   606   -75.15729781   -75.15729780   -42.10094653   -42.10094653   -41.82128749   -41.82128748   -41.80400929   -41.80400928   -11.72988957   -11.72988943    -2.31973897    -2.31973820    -1.96845731    -1.96845652    -1.13820743    -1.13820666     2.24722811     2.24722851     3.63087114     3.63117781     3.63277019     3.63284771     3.63441283     3.63464824     3.63682176     3.63682822
   607   -75.15728095   -75.15728094   -42.10085239   -42.10085239   -41.82113116   -41.82113115   -41.80399678   -41.80399678   -11.74256487   -11.74256472    -2.33245528    -2.33245454    -1.93522445    -1.93522354    -1.11167192    -1.11167095     2.23367834     2.23367873     3.63079525     3.63109663     3.63275021     3.63284916     3.63450917     3.63471008     3.63750647     3.63750771
   608   -75.15726905   -75.15726905   -42.10075894   -42.10075894   -41.82097572   -41.82097572   -41.80398447   -41.80398446   -11.75519667   -11.75519651    -2.34505571    -2.34505501    -1.90200321    -1.90200217    -1.08529669    -1.08529551     2.22041608     2.22041645     3.63074561     3.63103055     3.63272596     3.63284542     3.63458076     3.63473726     3.63817364     3.63818232
   609   -75.15726260   -75.15726260   -42.10066620   -42.10066620   -41.82082121   -41.82082120   -41.80397235   -41.80397235   -11.76778964   -11.76778949    -2.35753910    -2.35753846    -1.86879696    -1.86879578    -1.05908460    -1.05908322     2.20744087     2.20744121     3.63072163     3.63097912     3.63269841     3.63283581     3.63462816     3.63473244     3.63881373     3.63882918
   610   -75.15726196   -75.15726196   -42.10057419   -42.10057419   -41.82066765   -41.82066765   -41.80396044   -41.80396043   -11.78034691   -11.78034676    -2.36990424    -2.36990367    -1.83560912    -1.83560779    -1.03303726    -1.03303568     2.19474897     2.19474926     3.63072179     3.63094149     3.63266868     3.63281975     3.63465216     3.63469908     3.63941211     3.63943343
   611   -75.15726743   -75.15726743   -42.10048292   -42.10048292   -41.82051509   -41.82051508   -41.80394872   -41.80394871   -11.79286996   -11.79286982    -2.38214988    -2.38214939    -1.80244313    -1.80244167    -1.00715503    -1.00715328     2.18233350     2.18233374     3.63074356     3.63091641     3.63263813     3.63279681     3.63464147     3.63465388     3.63995562     3.63998179
   612   -75.15727918   -75.15727918   -42.10039239   -42.10039239   -41.82036353   -41.82036352   -41.80393719   -41.80393718   -11.80535861   -11.80535849    -2.39427478    -2.39427437    -1.76930246    -1.76930089    -0.98143715    -0.98143527     2.17018460     2.17018478     3.63078337     3.63090230     3.63260823     3.63276696     3.63456477     3.63463485     3.64043275     3.64046260
   613   -75.15729728   -75.15729728   -42.10030263   -42.10030262   -41.82021299   -41.82021299   -41.80392584   -41.80392584   -11.81781100   -11.81781089    -2.40627774    -2.40627741    -1.73619057    -1.73618893    -0.95588185    -0.95587990     2.15828969     2.15828982     3.63083656     3.63089736     3.63258055     3.63273079     3.63447475     3.63459691     3.64083371     3.64086601
   614   -75.15732167   -75.15732167   -42.10021361   -42.10021361   -41.82006350   -41.82006350   -41.80391466   -41.80391466   -11.83022361   -11.83022352    -2.41815762    -2.41815736    -1.70311092    -1.70310926    -0.93048648    -0.93048452     2.14663374     2.14663382     3.63089736     3.63089968     3.63255666     3.63268990     3.63437742     3.63454223     3.64115056     3.64118404
   615   -75.15735220   -75.15735220   -42.10012535   -42.10012535   -41.81991506   -41.81991506   -41.80390363   -41.80390363   -11.84259137   -11.84259129    -2.42991336    -2.42991317    -1.67006696    -1.67006534    -0.90524767    -0.90524578     2.13519969     2.13519972     3.63090746     3.63095901     3.63253799     3.63264730     3.63427854     3.63447318     3.64137723     3.64141065
   616   -75.15738858   -75.15738857   -42.10003784   -42.10003784   -41.81976769   -41.81976768   -41.80389274   -41.80389273   -11.85490771   -11.85490765    -2.44154404    -2.44154391    -1.63706210    -1.63706060    -0.88016153    -0.88015978     2.12396877     2.12396878     3.63091923     3.63101411     3.63252563     3.63260748     3.63418307     3.63439229     3.64150960     3.64154176
   617   -75.15743042   -75.15743042   -42.09995107   -42.09995107   -41.81962138   -41.81962137   -41.80388196   -41.80388195   -11.86716478   -11.86716474    -2.45304887    -2.45304879    -1.60409976    -1.60409843    -0.85522383    -0.85522230     2.11292102     2.11292103     3.63093402     3.63105565     3.63252023     3.63257588     3.63409474     3.63430208     3.64154545     3.64157524
   618   -75.15747726   -75.15747726   -42.09986503   -42.09986503   -41.81947614   -41.81947614   -41.80387127   -41.80387126   -11.87935357   -11.87935354    -2.46442723    -2.46442718    -1.57118331    -1.57118221    -0.83043024    -0.83042899     2.10203578     2.10203580     3.63095161     3.63107869     3.63252182     3.63255734     3.63401577     3.63420505     3.64148441     3.64151086
   619   -75.15752851   -75.15752850   -42.09977971   -42.09977971   -41.81933198   -41.81933198   -41.80386065   -41.80386065   -11.89146413   -11.89146411    -2.47567866    -2.47567863    -1.53831610    -1.53831529    -0.80577654    -0.80577562     2.09129216     2.09129218     3.63097256     3.63108234     3.63252980     3.63255415     3.63394691     3.63410351     3.64132791     3.64135023
   620   -75.15758352   -75.15758352   -42.09969511   -42.09969511   -41.81918890   -41.81918890   -41.80385008   -41.80385008   -11.90348582   -11.90348580    -2.48680286    -2.48680284    -1.50550151    -1.50550100    -0.78125886    -0.78125828     2.08066958     2.08066960     3.63099821     3.63107064     3.63254302     3.63256485     3.63388759     3.63399955     3.64107905     3.64109665
   621   -75.15764159   -75.15764158   -42.09961121   -42.09961121   -41.81904690   -41.81904690   -41.80383954   -41.80383954   -11.91540752   -11.91540752    -2.49779974    -2.49779972    -1.47274287    -1.47274267    -0.75687388    -0.75687366     2.07014829     2.07014830     3.63103051     3.63105159     3.63255992     3.63258505     3.63383614     3.63389490     3.64074246     3.64075497
   622   -75.15770195   -75.15770195   -42.09952801   -42.09952801   -41.81890599   -41.81890599   -41.80382900   -41.80382900   -11.92721794   -11.92721794    -2.50866934    -2.50866932    -1.44004367    -1.44004357    -0.73261919    -0.73261908     2.05970989     2.05970990     3.63103497     3.63107185     3.63257875     3.63260935     3.63378993     3.63379095     3.64032415     3.64033146
   623   -75.15776384   -75.15776384   -42.09944549   -42.09944549   -41.81876617   -41.81876617   -41.80381844   -41.80381844   -11.93890583   -11.93890583    -2.51941188    -2.51941186    -1.40740735    -1.40740699    -0.70849330    -0.70849290     2.04933776     2.04933779     3.63103034     3.63112477     3.63259784     3.63263309     3.63368863     3.63374560     3.63983134     3.63983358
   624   -75.15782646   -75.15782646   -42.09936365   -42.09936365   -41.81862745   -41.81862745   -41.80380784   -41.80380784   -11.95046028   -11.95046028    -2.53002772    -2.53002770    -1.37483716    -1.37483659    -0.68449555    -0.68449493     2.03901756     2.03901760     3.63104594     3.63119176     3.63261577     3.63265323     3.63358845     3.63369930     3.63926980     3.63927224
   625   -75.15788904   -75.15788903   -42.09928249   -42.09928248   -41.81848983   -41.81848983   -41.80379719   -41.80379719   -11.96187097   -11.96187097    -2.54051734    -2.54051731    -1.34233660    -1.34233589    -0.66062675    -0.66062599     2.02873752     2.02873756     3.63108822     3.63127507     3.63263151     3.63266839     3.63349047     3.63364701     3.63864940     3.63865591
   626   -75.15795081   -75.15795081   -42.09920198   -42.09920198   -41.81835332   -41.81835332   -41.80378646   -41.80378646   -11.97312837   -11.97312837    -2.55088131    -2.55088128    -1.30990927    -1.30990851    -0.63688907    -0.63688825     2.01848875     2.01848879     3.63116183     3.63137655     3.63264449     3.63267846     3.63339439     3.63358496     3.63798225     3.63799200
   627   -75.15801108   -75.15801108   -42.09912214   -42.09912214   -41.81821793   -41.81821793   -41.80377564   -41.80377564   -11.98422403   -11.98422403    -2.56112027    -2.56112024    -1.27755892    -1.27755818    -0.61328604    -0.61328524     2.00826546     2.00826551     3.63126967     3.63149753     3.63265462     3.63268414     3.63329959     3.63351000     3.63727861     3.63729059
   628   -75.15806921   -75.15806921   -42.09904297   -42.09904297   -41.81808366   -41.81808366   -41.80376472   -41.80376472   -11.99515068   -11.99515068    -2.57123492    -2.57123490    -1.24528941    -1.24528876    -0.58982257    -0.58982188     1.99806509     1.99806513     3.63141305     3.63163877     3.63266221     3.63268652     3.63320528     3.63341983     3.63654889     3.63656197
   629   -75.15812464   -75.15812463   -42.09896445   -42.09896445   -41.81795055   -41.81795055   -41.80375369   -41.80375369   -12.00590248   -12.00590248    -2.58122596    -2.58122594    -1.21310479    -1.21310427    -0.56650489    -0.56650434     1.98788828     1.98788831     3.63159180     3.63180036     3.63266786     3.63268682     3.63311059     3.63331321     3.63580349     3.63581647
   630   -75.15817689   -75.15817689   -42.09888660   -42.09888660   -41.81781858   -41.81781858   -41.80374255   -41.80374255   -12.01647504   -12.01647504    -2.59109408    -2.59109406    -1.18100928    -1.18100893    -0.54334039    -0.54334001     1.97773883     1.97773885     3.63180442     3.63198177     3.63267237     3.63268621     3.63301473     3.63318992     3.63505261     3.63506426
   631   -75.15822560   -75.15822560   -42.09880942   -42.09880942   -41.81768779   -41.81768779   -41.80373128   -41.80373128   -12.02686559   -12.02686559    -2.60083992    -2.60083991    -1.14900733    -1.14900714    -0.52033750    -0.52033730     1.96762353     1.96762354     3.63204818     3.63218177     3.63267662     3.63268573     3.63291708     3.63305074     3.63430607     3.63431524
   632   -75.15827052   -75.15827052   -42.09873292   -42.09873292   -41.81755819   -41.81755819   -41.80371990   -41.80371990   -12.03707293   -12.03707293    -2.61046407    -2.61046407    -1.11710359    -1.11710352    -0.49750553    -0.49750546     1.95755192     1.95755192     3.63231929     3.63239855     3.63268143     3.63268625     3.63281729     3.63289735     3.63357319     3.63357881
   633   -75.15831148   -75.15831148   -42.09865710   -42.09865710   -41.81742978   -41.81742978   -41.80370839   -41.80370839   -12.04709749   -12.04709749    -2.61996703    -2.61996703    -1.08530294    -1.08530294    -0.47485437    -0.47485436     1.94753593     1.94753593     3.63261305     3.63262970     3.63268758     3.63268850     3.63271525     3.63273219     3.63286261     3.63286383
   634   -75.15834848   -75.15834848   -42.09858198   -42.09858198   -41.81730260   -41.81730260   -41.80369677   -41.80369677   -12.05694124   -12.05694124    -2.62934920    -2.62934920    -1.05361052    -1.05361049    -0.45239433    -0.45239430     1.93758951     1.93758951     3.63217843     3.63218227     3.63255829     3.63261114     3.63269304     3.63269570     3.63287233     3.63292401
   635   -75.15838158   -75.15838157   -42.09850755   -42.09850755   -41.81717665   -41.81717665   -41.80368504   -41.80368504   -12.06660760   -12.06660760    -2.63861083    -2.63861083    -1.02203169    -1.02203153    -0.43013586    -0.43013569     1.92772820     1.92772821     3.63152998     3.63153923     3.63237911     3.63250535     3.63270029     3.63270629     3.63312314     3.63324614
   636   -75.15841097   -75.15841097   -42.09843385   -42.09843385   -41.81705195   -41.81705195   -41.80367322   -41.80367322   -12.07610130   -12.07610130    -2.64775209    -2.64775208    -0.99057208    -0.99057167    -0.40808932    -0.40808889     1.91796860     1.91796862     3.63092498     3.63093969     3.63219839     3.63239844     3.63271053     3.63271972     3.63337852     3.63357308
   637   -75.15843694   -75.15843694   -42.09836086   -42.09836086   -41.81692852   -41.81692852   -41.80366132   -41.80366132   -12.08542823   -12.08542823    -2.65677299    -2.65677296    -0.95923758    -0.95923681    -0.38626475    -0.38626395     1.90832790     1.90832794     3.63036902     3.63038893     3.63201992     3.63229105     3.63272396     3.63273625     3.63363469     3.63389825
   638   -75.15845988   -75.15845988   -42.09828862   -42.09828862   -41.81680637   -41.81680637   -41.80364935   -41.80364935   -12.09459522   -12.09459522    -2.66567340    -2.66567336    -0.92803432    -0.92803309    -0.36467165    -0.36467037     1.89882341     1.89882347     3.62986674     3.62989127     3.63184741     3.63218382     3.63274063     3.63275601     3.63388782     3.63421515
   639   -75.15848022   -75.15848022   -42.09821713   -42.09821713   -41.81668552   -41.81668552   -41.80363733   -41.80363733   -12.10360979   -12.10360979    -2.67445310    -2.67445304    -0.89696868    -0.89696691    -0.34331883    -0.34331700     1.88947198     1.88947206     3.62942181     3.62945011     3.63168426     3.63207736     3.63276052     3.63277901     3.63413414     3.63451753
   640   -75.15849847   -75.15849847   -42.09814641   -42.09814641   -41.81656598   -41.81656598   -41.80362528   -41.80362528   -12.11247995   -12.11247994    -2.68311171    -2.68311164    -0.86604729    -0.86604494    -0.32221427    -0.32221185     1.88028961     1.88028971     3.62903691     3.62906790     3.63153345     3.63197214     3.63278351     3.63280515     3.63437014     3.63479960
   641   -75.15851518   -75.15851518   -42.09807646   -42.09807646   -41.81644776   -41.81644776   -41.80361322   -41.80361322   -12.12121389   -12.12121388    -2.69164880    -2.69164871    -0.83527701    -0.83527408    -0.30136498    -0.30136197     1.87129096     1.87129109     3.62871378     3.62874624     3.63139732     3.63186851     3.63280941     3.63283418     3.63459263     3.63505629
   642   -75.15853091   -75.15853091   -42.09800731   -42.09800731   -41.81633087   -41.81633087   -41.80360118   -41.80360118   -12.12981974   -12.12981973    -2.70006380    -2.70006371    -0.80466493    -0.80466148    -0.28077698    -0.28077342     1.86248901     1.86248916     3.62845318     3.62848583     3.63127751     3.63176664     3.63283792     3.63286572     3.63479891     3.63528336
   643   -75.15854622   -75.15854622   -42.09793896   -42.09793896   -41.81621532   -41.81621532   -41.80358917   -41.80358917   -12.13830528   -12.13830526    -2.70835612    -2.70835602    -0.77421838    -0.77421448    -0.26045526    -0.26045125     1.85389468     1.85389484     3.62825497     3.62828657     3.63117477     3.63166651     3.63286869     3.63289918     3.63498685     3.63547766
   644   -75.15856166   -75.15856166   -42.09787144   -42.09787144   -41.81610113   -41.81610113   -41.80357723   -41.80357723   -12.14667770   -12.14667769    -2.71652511    -2.71652500    -0.74394488    -0.74394066    -0.24040379    -0.24039946     1.84551657     1.84551674     3.62811812     3.62814759     3.63108896     3.63156796     3.63290124     3.63293377     3.63515500     3.63563726
   645   -75.15857772   -75.15857772   -42.09780475   -42.09780475   -41.81598831   -41.81598831   -41.80356538   -41.80356538   -12.15494335   -12.15494334    -2.72457009    -2.72456999    -0.71385213    -0.71384776    -0.22062558    -0.22062110     1.83736079     1.83736095     3.62804076     3.62806727     3.63101899     3.63147074     3.63293497     3.63296851     3.63530261     3.63576157
   646   -75.15859485   -75.15859485   -42.09773891   -42.09773891   -41.81587685   -41.81587685   -41.80355364   -41.80355363   -12.16310752   -12.16310751    -2.73249041    -2.73249032    -0.68394804    -0.68394370    -0.20112276    -0.20111830     1.82943075     1.82943090     3.62802024     3.62804332     3.63096285     3.63137452     3.63296914     3.63300215     3.63542965     3.63585145
   647   -75.15861341   -75.15861341   -42.09767393   -42.09767392   -41.81576678   -41.81576677   -41.80354203   -41.80354203   -12.17117424   -12.17117423    -2.74028543    -2.74028535    -0.65424066    -0.65423654    -0.18189662    -0.18189239     1.82172713     1.82172727     3.62805314     3.62807275     3.63091770     3.63127906     3.63300282     3.63303331     3.63553676     3.63590918
   648   -75.15863368   -75.15863368   -42.09760982   -42.09760982   -41.81565809   -41.81565809   -41.80353059   -41.80353059   -12.17914612   -12.17914611    -2.74795456    -2.74795450    -0.62473820    -0.62473446    -0.16294782    -0.16294399     1.81424788     1.81424800     3.62813534     3.62815196     3.63088005     3.63118423     3.63303486     3.63306046     3.63562514     3.63593846
   649   -75.15865581   -75.15865581   -42.09754660   -42.09754660   -41.81555080   -41.81555080   -41.80351933   -41.80351933   -12.18702425   -12.18702425    -2.75549731    -2.75549726    -0.59544898    -0.59544578    -0.14427642    -0.14427314     1.80698822     1.80698831     3.62826203     3.62827674     3.63084605     3.63109024     3.63306390     3.63308207     3.63569638     3.63594417
   650   -75.15867986   -75.15867986   -42.09748427   -42.09748427   -41.81544492   -41.81544492   -41.80350828   -41.80350828   -12.19480812   -12.19480811    -2.76291323    -2.76291320    -0.56638142    -0.56637887    -0.12588206    -0.12587944     1.79994080     1.79994087     3.62842770     3.62844226     3.63081182     3.63099776     3.63308844     3.63309678     3.63575222     3.63593205
   651   -75.15870577   -75.15870576   -42.09742287   -42.09742287   -41.81534046   -41.81534045   -41.80349746   -41.80349746   -12.20249556   -12.20249555    -2.77020201    -2.77020200    -0.53754405    -0.53754221    -0.10776405    -0.10776216     1.79309587     1.79309592     3.62862605     3.62864306     3.63077401     3.63090824     3.63310349     3.63310697     3.63579430     3.63590813
   652   -75.15873333   -75.15873333   -42.09736238   -42.09736238   -41.81523742   -41.81523742   -41.80348689   -41.80348688   -12.21008281   -12.21008280    -2.77736346    -2.77736346    -0.50894543    -0.50894431    -0.08992152    -0.08992037     1.78644150     1.78644152     3.62884975     3.62887289     3.63073041     3.63082431     3.63310161     3.63311820     3.63582386     3.63587808
   653   -75.15876224   -75.15876224   -42.09730284   -42.09730284   -41.81513583   -41.81513583   -41.80347658   -41.80347658   -12.21756455   -12.21756455    -2.78439749    -2.78439748    -0.48059419    -0.48059374    -0.07235353    -0.07235307     1.77996386     1.77996386     3.62908982     3.62912438     3.63068090     3.63075056     3.63309105     3.63312133     3.63584159     3.63584642
   654   -75.15879207   -75.15879207   -42.09724425   -42.09724425   -41.81503570   -41.81503570   -41.80346656   -41.80346655   -12.22493405   -12.22493405    -2.79130414    -2.79130411    -0.45249908    -0.45249896    -0.05505930    -0.05505917     1.77364750     1.77364752     3.62933431     3.62938795     3.63062907     3.63069505     3.63307233     3.63311625     3.63581583     3.63584740
   655   -75.15882229   -75.15882229   -42.09718662   -42.09718662   -41.81493704   -41.81493704   -41.80345683   -41.80345683   -12.23218327   -12.23218327    -2.79808357    -2.79808354    -0.42466896    -0.42466841    -0.03803824    -0.03803764     1.76747585     1.76747588     3.62956577     3.62964854     3.63058584     3.63067199     3.63304650     3.63310356     3.63578675     3.63584047
   656   -75.15885226   -75.15885226   -42.09712997   -42.09712997   -41.81483987   -41.81483987   -41.80344740   -41.80344740   -12.23930313   -12.23930313    -2.80473606    -2.80473602    -0.39711200    -0.39711119    -0.02128928    -0.02128841     1.76143147     1.76143150     3.62975905     3.62987619     3.63057907     3.63070392     3.63301497     3.63308446     3.63575742     3.63581926
   657   -75.15888129   -75.15888129   -42.09707431   -42.09707431   -41.81474420   -41.81474420   -41.80343829   -41.80343829   -12.24628370   -12.24628370    -2.81126200    -2.81126197    -0.36983685    -0.36983595    -0.00481217    -0.00481120     1.75549653     1.75549657     3.62989089     3.63001792     3.63066160     3.63081223     3.63297941     3.63306043     3.63572422     3.63578171
   658   -75.15890860   -75.15890860   -42.09701964   -42.09701964   -41.81465007   -41.81465007   -41.80342950   -41.80342950   -12.25311450   -12.25311450    -2.81766188    -2.81766186    -0.34285215    -0.34285134     0.01139296     0.01139385     1.74965329     1.74965333     3.62996525     3.63005768     3.63085101     3.63099181     3.63294154     3.63303293     3.63568224     3.63572536
   659   -75.15893340   -75.15893340   -42.09696599   -42.09696599   -41.81455748   -41.81455748   -41.80342102   -41.80342102   -12.25978477   -12.25978477    -2.82393627    -2.82393626    -0.31616656    -0.31616600     0.02732556     0.02732622     1.74388450     1.74388453     3.63001122     3.63005087     3.63109465     3.63121301     3.63290299     3.63300325     3.63562598     3.63564762
   660   -75.15895487   -75.15895487   -42.09691335   -42.09691335   -41.81446647   -41.81446647   -41.80341286   -41.80341286   -12.26628380   -12.26628379    -2.83008579    -2.83008578    -0.28978879    -0.28978858     0.04298455     0.04298486     1.73817386     1.73817388     3.63004299     3.63005627     3.63135047     3.63144831     3.63286526     3.63297239     3.63554596     3.63554985
   661   -75.15897222   -75.15897222   -42.09686174   -42.09686174   -41.81437705   -41.81437705   -41.80340501   -41.80340501   -12.27260121   -12.27260121    -2.83611110    -2.83611110    -0.26372774    -0.26372753     0.05836824     0.05836834     1.73250649     1.73250650     3.63005682     3.63011799     3.63159938     3.63168042     3.63282957     3.63294111     3.63541802     3.63544859
   662   -75.15898468   -75.15898468   -42.09681117   -42.09681117   -41.81428924   -41.81428924   -41.80339747   -41.80339747   -12.27872734   -12.27872733    -2.84201286    -2.84201286    -0.23799217    -0.23799156     0.07347428     0.07347479     1.72686932     1.72686932     3.63010553     3.63020730     3.63183182     3.63189896     3.63279693     3.63290994     3.63526182     3.63531763
   663   -75.15899155   -75.15899155   -42.09676163   -42.09676163   -41.81420308   -41.81420308   -41.80339021   -41.80339021   -12.28465348   -12.28465347    -2.84779174    -2.84779173    -0.21259065    -0.21258970     0.08830036     0.08830123     1.72125146     1.72125146     3.63019810     3.63033143     3.63204197     3.63209726     3.63276813     3.63287931     3.63507582     3.63515319
   664   -75.15899223   -75.15899223   -42.09671314   -42.09671314   -41.81411857   -41.81411857   -41.80338323   -41.80338323   -12.29037220   -12.29037220    -2.85344834    -2.85344832    -0.18753201    -0.18753083     0.10284336     0.10284447     1.71564454     1.71564455     3.63034091     3.63049536     3.63222597     3.63227080     3.63274376     3.63284956     3.63485907     3.63495248
   665   -75.15898621   -75.15898621   -42.09666570   -42.09666570   -41.81403574   -41.81403574   -41.80337651   -41.80337651   -12.29587763   -12.29587762    -2.85898321    -2.85898320    -0.16282521    -0.16282394     0.11709963     0.11710085     1.71004300     1.71004301     3.63053834     3.63070243     3.63238118     3.63241643     3.63272429     3.63282101     3.63461118     3.63471374
   666   -75.15897313   -75.15897313   -42.09661929   -42.09661929   -41.81395462   -41.81395462   -41.80337003   -41.80337003   -12.30116563   -12.30116563    -2.86439683    -2.86439682    -0.13847934    -0.13847815     0.13106512     0.13106627     1.70444424     1.70444425     3.63079289     3.63095452     3.63250594     3.63253189     3.63271024     3.63279395     3.63433248     3.63443630
   667   -75.15895277   -75.15895277   -42.09657393   -42.09657393   -41.81387521   -41.81387521   -41.80336375   -41.80336375   -12.30623405   -12.30623405    -2.86968954    -2.86968953    -0.11450366    -0.11450268     0.14473537     0.14473631     1.69884879     1.69884879     3.63110527     3.63125221     3.63259942     3.63261499     3.63270284     3.63276870     3.63402396     3.63412058
   668   -75.15892507   -75.15892507   -42.09652961   -42.09652961   -41.81379753   -41.81379753   -41.80335767   -41.80335767   -12.31108281   -12.31108281    -2.87486158    -2.87486158    -0.09090758    -0.09090693     0.15810569     0.15810632     1.69326031     1.69326031     3.63147446     3.63159478     3.63266152     3.63266178     3.63270576     3.63274559     3.63368732     3.63376807
   669   -75.15889016   -75.15889015   -42.09648631   -42.09648631   -41.81372161   -41.81372161   -41.80335173   -41.80335173   -12.31571402   -12.31571402    -2.87991304    -2.87991304    -0.06770075    -0.06770045     0.17117119     0.17117149     1.68768558     1.68768558     3.63189775     3.63198025     3.63267717     3.63269273     3.63271447     3.63272502     3.63332494     3.63338132
   670   -75.15884832   -75.15884832   -42.09644404   -42.09644404   -41.81364744   -41.81364744   -41.80334593   -41.80334593   -12.32013200   -12.32013200    -2.88484384    -2.88484384    -0.04489302    -0.04489297     0.18392697     0.18392702     1.68213435     1.68213435     3.63237088     3.63240541     3.63268443     3.63269587     3.63270574     3.63270664     3.63293992     3.63296391
   671   -75.15880004   -75.15880004   -42.09640277   -42.09640277   -41.81357503   -41.81357503   -41.80334022   -41.80334022   -12.32434324   -12.32434324    -2.88965376    -2.88965376    -0.02249445    -0.02249442     0.19636820     0.19636822     1.67661914     1.67661914     3.63252031     3.63253596     3.63267444     3.63267603     3.63268470     3.63269284     3.63286591     3.63288812
   672   -75.15874596   -75.15874596   -42.09636250   -42.09636250   -41.81350440   -41.81350440   -41.80333457   -41.80333457   -12.32835635   -12.32835635    -2.89434241    -2.89434241    -0.00051530    -0.00051494     0.20849030     0.20849066     1.67115491     1.67115491     3.63205585     3.63211738     3.63261832     3.63262517     3.63267246     3.63270391     3.63335630     3.63344242
   673   -75.15868690   -75.15868690   -42.09632321   -42.09632321   -41.81343554   -41.81343554   -41.80332894   -41.80332894   -12.33218186   -12.33218186    -2.89890922    -2.89890921     0.02103392     0.02103517     0.22028903     0.22029027     1.66575876     1.66575877     3.63157659     3.63168901     3.63254056     3.63255297     3.63266225     3.63271767     3.63387021     3.63402562
   674   -75.15862384   -75.15862384   -42.09628489   -42.09628489   -41.81336845   -41.81336845   -41.80332332   -41.80332332   -12.33583209   -12.33583209    -2.90335348    -2.90335346     0.04214257     0.04214539     0.23176067     0.23176347     1.66044947     1.66044949     3.63108918     3.63125613     3.63244413     3.63246207     3.63265462     3.63273384     3.63440039     3.63462859
   675   -75.15855787   -75.15855787   -42.09624750   -42.09624750   -41.81330314   -41.81330314   -41.80331765   -41.80331765   -12.33932085   -12.33932085    -2.90767434    -2.90767431     0.06279979     0.06280503     0.24290209     0.24290729     1.65524705     1.65524707     3.63060071     3.63082437     3.63233238     3.63235578     3.63264969     3.63275199     3.63493896     3.63524147
   676   -75.15849020   -75.15849020   -42.09621105   -42.09621105   -41.81323959   -41.81323959   -41.80331192   -41.80331192   -12.34266317   -12.34266316    -2.91187081    -2.91187077     0.08299463     0.08300324     0.25371085     0.25371941     1.65017225     1.65017227     3.63011859     3.63039961     3.63220891     3.63223770     3.63264741     3.63277165     3.63547752     3.63585392
   677   -75.15842213   -75.15842213   -42.09617551   -42.09617551   -41.81317781   -41.81317781   -41.80330610   -41.80330610   -12.34587494   -12.34587494    -2.91594179    -2.91594174     0.10271601     0.10272903     0.26418526     0.26419820     1.64524603     1.64524606     3.62965034     3.62998787     3.63207745     3.63211156     3.63264765     3.63279232     3.63600733     3.63645535
   678   -75.15835501   -75.15835501   -42.09614086   -42.09614086   -41.81311778   -41.81311778   -41.80330015   -41.80330015   -12.34897261   -12.34897260    -2.91988612    -2.91988605     0.12195281     0.12197130     0.27432440     0.27434279     1.64048908     1.64048913     3.62920343     3.62959517     3.63194178     3.63198113     3.63265021     3.63281350     3.63651957     3.63703515
   679   -75.15829022   -75.15829022   -42.09610709   -42.09610709   -41.81305950   -41.81305950   -41.80329406   -41.80329406   -12.35197273   -12.35197272    -2.92370256    -2.92370248     0.14069389     0.14071887     0.28412814     0.28415301     1.63592134     1.63592139     3.62878512     3.62922740     3.63180565     3.63185016     3.63265484     3.63283469     3.63700547     3.63758296
   680   -75.15822912   -75.15822912   -42.09607418   -42.09607418   -41.81300295   -41.81300295   -41.80328781   -41.80328781   -12.35489163   -12.35489162    -2.92738986    -2.92738976     0.15892811     0.15896052     0.29359706     0.29362935     1.63156147     1.63156152     3.62840231     3.62889023     3.63167266     3.63172225     3.63266123     3.63285541     3.63745656     3.63808891
   681   -75.15817303   -75.15817303   -42.09604212   -42.09604212   -41.81294814   -41.81294814   -41.80328137   -41.80328137   -12.35774496   -12.35774495    -2.93094676    -2.93094664     0.17664441     0.17668503     0.30273240     0.30277289     1.62742648     1.62742654     3.62806131     3.62858893     3.63154626     3.63160082     3.63266906     3.63287520     3.63786484     3.63854386
   682   -75.15812319   -75.15812319   -42.09601091   -42.09601090   -41.81289505   -41.81289505   -41.80327475   -41.80327475   -12.36054737   -12.36054736    -2.93437204    -2.93437192     0.19383183     0.19388123     0.31153594     0.31158520     1.62353135     1.62353140     3.62776776     3.62832828     3.63142960     3.63148903     3.63267795     3.63289366     3.63822300     3.63893960
   683   -75.15808075   -75.15808075   -42.09598052   -42.09598052   -41.81284368   -41.81284368   -41.80326793   -41.80326793   -12.36331207   -12.36331206    -2.93766457    -2.93766445     0.21047953     0.21053801     0.32000985     0.32006819     1.61988866     1.61988871     3.62752647     3.62811244     3.63132554     3.63138970     3.63268754     3.63291039     3.63852458     3.63926903
   684   -75.15804670   -75.15804670   -42.09595097   -42.09595097   -41.81279403   -41.81279403   -41.80326093   -41.80326093   -12.36605055   -12.36605054    -2.94082331    -2.94082318     0.22657682     0.22664440     0.32815656     0.32822400     1.61650840     1.61650843     3.62734126     3.62794485     3.63123653     3.63130529     3.63269744     3.63292507     3.63876413     3.63952639
   685   -75.15802187   -75.15802187   -42.09592225   -42.09592225   -41.81274610   -41.81274610   -41.80325373   -41.80325373   -12.36877225   -12.36877224    -2.94384733    -2.94384720     0.24211323     0.24218956     0.33597859     0.33605480     1.61339770     1.61339773     3.62721494     3.62782812     3.63116465     3.63123780     3.63270730     3.63293743     3.63893737     3.63970732
   686   -75.15800691   -75.15800691   -42.09589438   -42.09589438   -41.81269989   -41.81269989   -41.80324637   -41.80324637   -12.37148428   -12.37148427    -2.94673589    -2.94673577     0.25707844     0.25716288     0.34347840     0.34356272     1.61056078     1.61056079     3.62714916     3.62776397     3.63111147     3.63118881     3.63271675     3.63294722     3.63904128     3.63980902
   687   -75.15800224   -75.15800224   -42.09586735   -42.09586735   -41.81265541   -41.81265541   -41.80323885   -41.80323884   -12.37419126   -12.37419125    -2.94948842    -2.94948831     0.27146237     0.27155392     0.35065818     0.35074963     1.60799880     1.60799880     3.62714444     3.62775315     3.63107814     3.63115938     3.63272548     3.63295429     3.63907422     3.63983030
   688   -75.15800808   -75.15800807   -42.09584119   -42.09584119   -41.81261267   -41.81261267   -41.80323119   -41.80323119   -12.37689514   -12.37689513    -2.95210454    -2.95210444     0.28525512     0.28535252     0.35751980     0.35761710     1.60570991     1.60570992     3.62720006     3.62779543     3.63106527     3.63115009     3.63273322     3.63295854     3.63903596     3.63977163
   689   -75.15802439   -75.15802439   -42.09581593   -42.09581593   -41.81257169   -41.81257169   -41.80322344   -41.80322344   -12.37959512   -12.37959511    -2.95458409    -2.95458400     0.29844704     0.29854875     0.36406461     0.36416624     1.60368930     1.60368932     3.62731414     3.62788955     3.63107299     3.63116100     3.63273974     3.63295991     3.63892771     3.63963510
   690   -75.15805092   -75.15805092   -42.09579157   -42.09579157   -41.81253249   -41.81253248   -41.80321563   -41.80321563   -12.38228762   -12.38228762    -2.95692712    -2.95692705     0.31102865     0.31113297     0.37029342     0.37039767     1.60192928     1.60192930     3.62748363     3.62803323     3.63110096     3.63119167     3.63274488     3.63295843     3.63875214     3.63942443
   691   -75.15808717   -75.15808717   -42.09576817   -42.09576817   -41.81249508   -41.81249508   -41.80320779   -41.80320779   -12.38496634   -12.38496633    -2.95913392    -2.95913386     0.32299068     0.32309578     0.37620643     0.37631147     1.60041945     1.60041947     3.62770439     3.62822323     3.63114832     3.63124116     3.63274851     3.63295416     3.63851331     3.63914482
   692   -75.15813241   -75.15813241   -42.09574575   -42.09574574   -41.81245951   -41.81245951   -41.80319998   -41.80319997   -12.38762235   -12.38762235    -2.96120499    -2.96120494     0.33432407     0.33442810     0.38180324     0.38190721     1.59914690     1.59914693     3.62797128     3.62845534     3.63121380     3.63130809     3.63275059     3.63294724     3.63821662     3.63880291
   693   -75.15818571   -75.15818571   -42.09572434   -42.09572434   -41.81242580   -41.81242580   -41.80319223   -41.80319223   -12.39024429   -12.39024429    -2.96314104    -2.96314101     0.34501993     0.34512107     0.38708284     0.38718394     1.59809647     1.59809650     3.62827824     3.62872453     3.63129569     3.63139066     3.63275115     3.63293786     3.63786868     3.63840660
   694   -75.15824594   -75.15824594   -42.09570400   -42.09570400   -41.81239399   -41.81239399   -41.80318462   -41.80318462   -12.39281859   -12.39281859    -2.96494298    -2.96494296     0.35506953     0.35516609     0.39204374     0.39214027     1.59725101     1.59725104     3.62861844     3.62902495     3.63139193     3.63148668     3.63275027     3.63292623     3.63747724     3.63796487
   695   -75.15831180   -75.15831179   -42.09568478   -42.09568478   -41.81236412   -41.81236412   -41.80317719   -41.80317719   -12.39532976   -12.39532976    -2.96661189    -2.96661187     0.36446430     0.36455479     0.39668404     0.39677449     1.59659175     1.59659178     3.62898444     3.62935014     3.63150010     3.63159366     3.63274808     3.63291263     3.63705097     3.63748759
   696   -75.15838183   -75.15838183   -42.09566671   -42.09566671   -41.81233623   -41.81233623   -41.80317000   -41.80317000   -12.39776073   -12.39776073    -2.96814900    -2.96814899     0.37319583     0.37327898     0.40100156     0.40108468     1.59609859     1.59609861     3.62936833     3.62969309     3.63161756     3.63170882     3.63274478     3.63289737     3.63659930     3.63698532
   697   -75.15845451   -75.15845451   -42.09564984   -42.09564984   -41.81231035   -41.81231035   -41.80316311   -41.80316310   -12.40009326   -12.40009325    -2.96955565    -2.96955565     0.38125577     0.38133060     0.40499407     0.40506888     1.59575053     1.59575055     3.62976192     3.63004639     3.63174143     3.63182922     3.63274061     3.63288078     3.63613223     3.63646903
   698   -75.15852820   -75.15852819   -42.09563424   -42.09563424   -41.81228654   -41.81228654   -41.80315657   -41.80315657   -12.40230829   -12.40230828    -2.97083329    -2.97083329     0.38863579     0.38870162     0.40865946     0.40872527     1.59552607     1.59552609     3.63015688     3.63040244     3.63186871     3.63195179     3.63273585     3.63286320     3.63566013     3.63594993
   699   -75.15860124   -75.15860124   -42.09561994   -42.09561994   -41.81226484   -41.81226483   -41.80315045   -41.80315045   -12.40438644   -12.40438643    -2.97198339    -2.97198339     0.39532749     0.39538392     0.41199608     0.41205249     1.59540360     1.59540361     3.63054501     3.63075356     3.63199633     3.63207338     3.63273079     3.63284499     3.63519349     3.63543916
   700   -75.15867199   -75.15867199   -42.09560699   -42.09560699   -41.81224528   -41.81224528   -41.80314481   -41.80314481   -12.40630843   -12.40630843    -2.97300745    -2.97300745     0.40132214     0.40136903     0.41500302     0.41504991     1.59536187     1.59536188     3.63091833     3.63109220     3.63212119     3.63219091     3.63272575     3.63282648     3.63474271     3.63494757
   701   -75.15873883   -75.15873883   -42.09559545   -42.09559545   -41.81222792   -41.81222792   -41.80313969   -41.80313969   -12.40805554   -12.40805553    -2.97390694    -2.97390694     0.40661047     0.40664792     0.41768060     0.41771805     1.59538040     1.59538041     3.63126934     3.63141109     3.63224026     3.63230136     3.63272100     3.63280799     3.63431784     3.63448548
   702   -75.15880025   -75.15880024   -42.09558535   -42.09558535   -41.81221278   -41.81221278   -41.80313514   -41.80313514   -12.40961001   -12.40961001    -2.97468327    -2.97468327     0.41118237     0.41121068     0.42003070     0.42005901     1.59543992     1.59543993     3.63159119     3.63170351     3.63235059     3.63240188     3.63271677     3.63278978     3.63392842     3.63406245
   703   -75.15885482   -75.15885482   -42.09557673   -42.09557673   -41.81219991   -41.81219991   -41.80313122   -41.80313122   -12.41095554   -12.41095554    -2.97533772    -2.97533772     0.41502703     0.41504674     0.42205672     0.42207643     1.59552277     1.59552277     3.63187789     3.63196347     3.63244937     3.63248986     3.63271320     3.63277198     3.63358318     3.63368703
   704   -75.15890130   -75.15890130   -42.09556963   -42.09556963   -41.81218933   -41.81218933   -41.80312795   -41.80312795   -12.41207757   -12.41207756    -2.97587148    -2.97587148     0.41813482     0.41814681     0.42376170     0.42377369     1.59561327     1.59561327     3.63212460     3.63218608     3.63253391     3.63256303     3.63271017     3.63275452     3.63328985     3.63336655
   705   -75.15893861   -75.15893861   -42.09556407   -42.09556407   -41.81218108   -41.81218108   -41.80312537   -41.80312537   -12.41296370   -12.41296370    -2.97628553    -2.97628553     0.42050328     0.42050908     0.42514224     0.42514803     1.59569809     1.59569809     3.63232798     3.63236809     3.63260167     3.63261965     3.63270711     3.63273696     3.63305474     3.63310671
   706   -75.15896590   -75.15896590   -42.09556009   -42.09556009   -41.81217517   -41.81217517   -41.80312351   -41.80312351   -12.41360399   -12.41360399    -2.97658069    -2.97658069     0.42214767     0.42214949     0.42617825     0.42618007     1.59576653     1.59576653     3.63248695     3.63250874     3.63265043     3.63265891     3.63270265     3.63271845     3.63288171     3.63291083
   707   -75.15898253   -75.15898253   -42.09555769   -42.09555769   -41.81217162   -41.81217162   -41.80312238   -41.80312238   -12.41399112   -12.41399112    -2.97675755    -2.97675755     0.42310521     0.42310541     0.42682939     0.42682959     1.59581077     1.59581077     3.63260415     3.63261169     3.63267905     3.63268136     3.63269550     3.63269979     3.63276752     3.63277703
   708   -75.15898812   -75.15898812   -42.09555689   -42.09555689   -41.81217043   -41.81217043   -41.80312201   -41.80312201   -12.41412067   -12.41412067    -2.97681646    -2.97681646     0.42341816     0.42341816     0.42705253     0.42705253     1.59582605     1.59582605     3.63268940     3.63268940     3.63268940     3.63268940     3.63268940     3.63268940     3.63268940     3.63268940
   709   -75.15898856   -75.15898856   -42.09555728   -42.09555728   -41.81217081   -41.81217081   -41.80312241   -41.80312241   -12.41406405   -12.41406405    -2.97734509    -2.97734508     0.42343971     0.42343971     0.42707409     0.42707409     1.59654799     1.59654799     3.63268919     3.63268919     3.63268939     3.63268939     3.63268942     3.63268942     3.63268963     3.63268963
   710   -75.15898988   -75.15898988   -42.09555844   -42.09555844   -41.81217194   -41.81217194   -41.80312364   -41.80312364   -12.41389422   -12.41389422    -2.97892929    -2.97892929     0.42350435     0.42350435     0.42713879     0.42713879     1.59870911     1.59870911     3.63268901     3.63268901     3.63268938     3.63268938     3.63268943     3.63268943     3.63268988     3.63268988
   711   -75.15899200   -75.15899200   -42.09556036   -42.09556036   -41.81217380   -41.81217380   -41.80312568   -41.80312568   -12.41361128   -12.41361128    -2.98156409    -2.98156409     0.42361207     0.42361207     0.42724660     0.42724660     1.60229551     1.60229551     3.63268885     3.63268885     3.63268938     3.63268938     3.63268944     3.63268944     3.63269014     3.63269014
   712   -75.15899482   -75.15899481   -42.09556304   -42.09556304   -41.81217637   -41.81217637   -41.80312856   -41.80312856   -12.41321535   -12.41321535    -2.98524132    -2.98524132     0.42376285     0.42376285     0.42739751     0.42739751     1.60728451     1.60728451     3.63268872     3.63268872     3.63268937     3.63268937     3.63268946     3.63268946     3.63269039     3.63269039
   713   -75.15899818   -75.15899818   -42.09556647   -42.09556647   -41.81217961   -41.81217961   -41.80313229   -41.80313229   -12.41270664   -12.41270664    -2.98994988    -2.98994988     0.42395667     0.42395667     0.42759148     0.42759148     1.61364535     1.61364535     3.63268861     3.63268862     3.63268937     3.63268937     3.63268947     3.63268947     3.63269064     3.63269064
   714   -75.15900192   -75.15900191   -42.09557062   -42.09557062   -41.81218348   -41.81218348   -41.80313689   -41.80313689   -12.41208539   -12.41208539    -2.99567603    -2.99567603     0.42419349     0.42419349     0.42782848     0.42782848     1.62134020     1.62134020     3.63268853     3.63268853     3.63268936     3.63268936     3.63268948     3.63268948     3.63269085     3.63269085
   715   -75.15900582   -75.15900582   -42.09557547   -42.09557547   -41.81218792   -41.81218792   -41.80314237   -41.80314237   -12.41135185   -12.41135185    -3.00240376    -3.00240376     0.42447326     0.42447326     0.42810846     0.42810846     1.63032528     1.63032528     3.63268847     3.63268847     3.63268936     3.63268936     3.63268949     3.63268950     3.63269104     3.63269104
   716   -75.15900968   -75.15900968   -42.09558101   -42.09558101   -41.81219286   -41.81219286   -41.80314876   -41.80314876   -12.41050635   -12.41050635    -3.01011517    -3.01011517     0.42479593     0.42479593     0.42843136     0.42843136     1.64055229     1.64055229     3.63268843     3.63268843     3.63268936     3.63268936     3.63268950     3.63268951     3.63269117     3.63269117
   717   -75.15901326   -75.15901326   -42.09558719   -42.09558719   -41.81219823   -41.81219823   -41.80315607   -41.80315607   -12.40954919   -12.40954919    -3.01879091    -3.01879091     0.42516144     0.42516144     0.42879711     0.42879711     1.65196983     1.65196983     3.63268841     3.63268841     3.63268936     3.63268936     3.63268951     3.63268951     3.63269125     3.63269125
   718   -75.15901634   -75.15901634   -42.09559398   -42.09559398   -41.81220397   -41.81220397   -41.80316431   -41.80316431   -12.40848070   -12.40848070    -3.02841058    -3.02841057     0.42556972     0.42556972     0.42920566     0.42920566     1.66452499     1.66452499     3.63268840     3.63268841     3.63268936     3.63268936     3.63268951     3.63268951     3.63269127     3.63269127
   719   -75.15901870   -75.15901870   -42.09560134   -42.09560134   -41.81220998   -41.81220998   -41.80317350   -41.80317350   -12.40730122   -12.40730122    -3.03895314    -3.03895313     0.42602069     0.42602069     0.42965690     0.42965690     1.67816495     1.67816495     3.63268841     3.63268842     3.63268936     3.63268936     3.63268951     3.63268951     3.63269123     3.63269123
   720   -75.15902015   -75.15902015   -42.09560922   -42.09560922   -41.81221617   -41.81221617   -41.80318363   -41.80318363   -12.40601104   -12.40601103    -3.05039729    -3.05039729     0.42651425     0.42651425     0.43015076     0.43015076     1.69283852     1.69283852     3.63268845     3.63268845     3.63268936     3.63268936     3.63268950     3.63268950     3.63269113     3.63269113
   721   -75.15902053   -75.15902052   -42.09561758   -42.09561758   -41.81222247   -41.81222247   -41.80319470   -41.80319470   -12.40461045   -12.40461044    -3.06272181    -3.06272180     0.42705030     0.42705030     0.43068712     0.43068712     1.70849768     1.70849768     3.63268850     3.63268850     3.63268936     3.63268936     3.63268949     3.63268949     3.63269097     3.63269097
   722   -75.15901968   -75.15901968   -42.09562636   -42.09562636   -41.81222878   -41.81222878   -41.80320670   -41.80320670   -12.40309969   -12.40309969    -3.07590575    -3.07590575     0.42762874     0.42762874     0.43126589     0.43126589     1.72509892     1.72509892     3.63268857     3.63268857     3.63268936     3.63268937     3.63268948     3.63268948     3.63269077     3.63269077
   723   -75.15901754   -75.15901754   -42.09563549   -42.09563549   -41.81223501   -41.81223501   -41.80321960   -41.80321960   -12.40147899   -12.40147899    -3.08992874    -3.08992874     0.42824943     0.42824943     0.43188695     0.43188695     1.74260448     1.74260448     3.63268866     3.63268866     3.63268937     3.63268937     3.63268947     3.63268947     3.63269054     3.63269054
   724   -75.15901405   -75.15901405   -42.09564492   -42.09564492   -41.81224108   -41.81224108   -41.80323336   -41.80323336   -12.39974847   -12.39974847    -3.10477107    -3.10477106     0.42891226     0.42891226     0.43255017     0.43255017     1.76098341     1.76098341     3.63268878     3.63268878     3.63268937     3.63268937     3.63268945     3.63268945     3.63269029     3.63269029
   725   -75.15900923   -75.15900923   -42.09565457   -42.09565457   -41.81224688   -41.81224688   -41.80324795   -41.80324795   -12.39790825   -12.39790825    -3.12041375    -3.12041375     0.42961709     0.42961709     0.43325541     0.43325541     1.78021236     1.78021236     3.63268892     3.63268892     3.63268938     3.63268938     3.63268944     3.63268944     3.63269003     3.63269003
   726   -75.15900313   -75.15900313   -42.09566438   -42.09566438   -41.81225236   -41.81225236   -41.80326329   -41.80326329   -12.39595836   -12.39595836    -3.13683861    -3.13683861     0.43036376     0.43036376     0.43400254     0.43400254     1.80027620     1.80027620     3.63268908     3.63268908     3.63268939     3.63268939     3.63268942     3.63268942     3.63268978     3.63268978
   727   -75.15899585   -75.15899585   -42.09567427   -42.09567427   -41.81225741   -41.81225741   -41.80327933   -41.80327933   -12.39389878   -12.39389878    -3.15402818    -3.15402818     0.43115214     0.43115214     0.43479140     0.43479140     1.82116829     1.82116829     3.63268928     3.63268928     3.63268940     3.63268940     3.63268941     3.63268941     3.63268954     3.63268954
   728   -75.15898758   -75.15898758   -42.09568417   -42.09568417   -41.81226198   -41.81226198   -41.80329599   -41.80329599   -12.39172941   -12.39172941    -3.17196565    -3.17196565     0.43198205     0.43198205     0.43562184     0.43562184     1.84289063     1.84289063     3.63268932     3.63268932     3.63268940     3.63268940     3.63268941     3.63268941     3.63268949     3.63268949
   729   -75.15897850   -75.15897850   -42.09569400   -42.09569400   -41.81226601   -41.81226601   -41.80331318   -41.80331317   -12.38945013   -12.38945013    -3.19063474    -3.19063474     0.43285332     0.43285332     0.43649368     0.43649368     1.86545356     1.86545356     3.63268912     3.63268912     3.63268939     3.63268939     3.63268942     3.63268942     3.63268973     3.63268973
   730   -75.15896888   -75.15896888   -42.09570370   -42.09570370   -41.81226943   -41.81226943   -41.80333080   -41.80333080   -12.38706074   -12.38706074    -3.21001959    -3.21001959     0.43376579     0.43376579     0.43740674     0.43740674     1.88887539     1.88887539     3.63268895     3.63268895     3.63268938     3.63268938     3.63268943     3.63268943     3.63268998     3.63268998
   731   -75.15895898   -75.15895898   -42.09571318   -42.09571318   -41.81227219   -41.81227219   -41.80334877   -41.80334877   -12.38456103   -12.38456103    -3.23010452    -3.23010452     0.43471927     0.43471927     0.43836085     0.43836085     1.91318159     1.91318159     3.63268881     3.63268881     3.63268937     3.63268938     3.63268945     3.63268945     3.63269024     3.63269024
   732   -75.15894912   -75.15894912   -42.09572240   -42.09572240   -41.81227427   -41.81227427   -41.80336698   -41.80336698   -12.38195074   -12.38195074    -3.25087392    -3.25087392     0.43571356     0.43571356     0.43935581     0.43935581     1.93840391     1.93840391     3.63268869     3.63268870     3.63268937     3.63268937     3.63268946     3.63268947     3.63269049     3.63269049
   733   -75.15893962   -75.15893962   -42.09573129   -42.09573129   -41.81227563   -41.81227563   -41.80338533   -41.80338533   -12.37922961   -12.37922961    -3.27231205    -3.27231205     0.43674847     0.43674847     0.44039142     0.44039142     1.96457914     1.96457914     3.63268860     3.63268861     3.63268937     3.63268937     3.63268948     3.63268948     3.63269073     3.63269073
   734   -75.15893080   -75.15893080   -42.09573979   -42.09573979   -41.81227627   -41.81227627   -41.80340373   -41.80340373   -12.37639738   -12.37639738    -3.29440285    -3.29440285     0.43782380     0.43782380     0.44146745     0.44146745     1.99174779     1.99174779     3.63268854     3.63268855     3.63268936     3.63268937     3.63268949     3.63268950     3.63269094     3.63269094
   735   -75.15892297   -75.15892297   -42.09574786   -42.09574786   -41.81227616   -41.81227616   -41.80342208   -41.80342208   -12.37345379   -12.37345379    -3.31712980    -3.31712979     0.43893931     0.43893931     0.44258371     0.44258371     2.01995251     2.01995251     3.63268849     3.63268850     3.63268936     3.63268936     3.63268950     3.63268951     3.63269111     3.63269111
   736   -75.15891645   -75.15891645   -42.09575546   -42.09575546   -41.81227533   -41.81227533   -41.80344030   -41.80344030   -12.37039864   -12.37039864    -3.34047574    -3.34047574     0.44009480     0.44009480     0.44373995     0.44373995     2.04923643     2.04923643     3.63268846     3.63268848     3.63268936     3.63268936     3.63268951     3.63268952     3.63269123     3.63269123
   737   -75.15891150   -75.15891150   -42.09576258   -42.09576258   -41.81227379   -41.81227379   -41.80345831   -41.80345831   -12.36723176   -12.36723176    -3.36442280    -3.36442280     0.44129002     0.44129002     0.44493594     0.44493594     2.07964143     2.07964143     3.63268845     3.63268847     3.63268936     3.63268936     3.63268951     3.63268953     3.63269129     3.63269129
   738   -75.15890836   -75.15890836   -42.09576919   -42.09576919   -41.81227155   -41.81227155   -41.80347605   -41.80347605   -12.36395304   -12.36395304    -3.38895226    -3.38895226     0.44252473     0.44252473     0.44617144     0.44617144     2.11120625     2.11120626     3.63268845     3.63268847     3.63268936     3.63268936     3.63268951     3.63268953     3.63269129     3.63269129
   739   -75.15890721   -75.15890721   -42.09577530   -42.09577530   -41.81226868   -41.81226867   -41.80349348   -41.80349348   -12.36056247   -12.36056247    -3.41404449    -3.41404449     0.44379867     0.44379868     0.44744619     0.44744619     2.14396474     2.14396474     3.63268848     3.63268849     3.63268936     3.63268937     3.63268951     3.63268952     3.63269122     3.63269122
   740   -75.15890818   -75.15890818   -42.09578093   -42.09578093   -41.81226519   -41.81226519   -41.80351056   -41.80351056   -12.35706011   -12.35706011    -3.43967890    -3.43967890     0.44511159     0.44511159     0.44875992     0.44875992     2.17794395     2.17794395     3.63268852     3.63268853     3.63268936     3.63268937     3.63268950     3.63268951     3.63269109     3.63269110
   741   -75.15891133   -75.15891133   -42.09578609   -42.09578609   -41.81226117   -41.81226117   -41.80352730   -41.80352730   -12.35344611   -12.35344611    -3.46583398    -3.46583398     0.44646321     0.44646321     0.45011238     0.45011238     2.21316247     2.21316247     3.63268857     3.63268859     3.63268936     3.63268937     3.63268949     3.63268950     3.63269092     3.63269092
   742   -75.15891667   -75.15891667   -42.09579082   -42.09579082   -41.81225665   -41.81225665   -41.80354370   -41.80354370   -12.34972075   -12.34972075    -3.49248729    -3.49248729     0.44785324     0.44785324     0.45150327     0.45150327     2.24962877     2.24962877     3.63268865     3.63268866     3.63268937     3.63268937     3.63268948     3.63268949     3.63269070     3.63269070
   743   -75.15892413   -75.15892413   -42.09579519   -42.09579519   -41.81225173   -41.81225173   -41.80355979   -41.80355979   -12.34588441   -12.34588441    -3.51961553    -3.51961553     0.44928140     0.44928140     0.45293231     0.45293231     2.28733973     2.28733973     3.63268874     3.63268875     3.63268937     3.63268937     3.63268946     3.63268947     3.63269045     3.63269045
   744   -75.15893357   -75.15893357   -42.09579925   -42.09579925   -41.81224646   -41.81224646   -41.80357563   -41.80357563   -12.34193758   -12.34193758    -3.54719467    -3.54719467     0.45074738     0.45074738     0.45439920     0.45439920     2.32627933     2.32627933     3.63268886     3.63268887     3.63268938     3.63268938     3.63268945     3.63268945     3.63269019     3.63269019
   745   -75.15894477   -75.15894477   -42.09580308   -42.09580308   -41.81224094   -41.81224094   -41.80359130   -41.80359130   -12.33788086   -12.33788086    -3.57520006    -3.57520006     0.45225088     0.45225088     0.45590363     0.45590363     2.36641764     2.36641764     3.63268900     3.63268901     3.63268938     3.63268938     3.63268943     3.63268943     3.63268993     3.63268993
   746   -75.15895746   -75.15895746   -42.09580677   -42.09580677   -41.81223524   -41.81223524   -41.80360687   -41.80360687   -12.33371496   -12.33371496    -3.60360661    -3.60360661     0.45379158     0.45379158     0.45744530     0.45744530     2.40770993     2.40770993     3.63268917     3.63268917     3.63268939     3.63268939     3.63268942     3.63268942     3.63268968     3.63268968
   747   -75.15897131   -75.15897131   -42.09581042   -42.09581042   -41.81222944   -41.81222944   -41.80362248   -41.80362248   -12.32944068   -12.32944068    -3.63238899    -3.63238899     0.45536916     0.45536916     0.45902389     0.45902389     2.45009623     2.45009623     3.63268936     3.63268936     3.63268940     3.63268940     3.63268941     3.63268941     3.63268945     3.63268945
   748   -75.15898595   -75.15898595   -42.09581413   -42.09581413   -41.81222363   -41.81222363   -41.80363824   -41.80363824   -12.32505891   -12.32505891    -3.66152184    -3.66152184     0.45698328     0.45698328     0.46063905     0.46063905     2.49350099     2.49350099     3.63268924     3.63268924     3.63268940     3.63268940     3.63268941     3.63268941     3.63268958     3.63268958
   749   -75.15900094   -75.15900094   -42.09581801   -42.09581801   -41.81221789   -41.81221789   -41.80365431   -41.80365431   -12.32057063   -12.32057063    -3.69098002    -3.69098002     0.45863360     0.45863360     0.46229045     0.46229045     2.53783322     2.53783322     3.63268907     3.63268907     3.63268939     3.63268939     3.63268943     3.63268943     3.63268982     3.63268982
   750   -75.15901584   -75.15901584   -42.09582217   -42.09582217   -41.81221231   -41.81221231   -41.80367082   -41.80367082   -12.31597685   -12.31597684    -3.72073885    -3.72073885     0.46031979     0.46031979     0.46397775     0.46397775     2.58298682     2.58298683     3.63268893     3.63268894     3.63268938     3.63268938     3.63268944     3.63268945     3.63269009     3.63269009
   751   -75.15903019   -75.15903019   -42.09582674   -42.09582674   -41.81220695   -41.81220695   -41.80368796   -41.80368796   -12.31127863   -12.31127863    -3.75077435    -3.75077435     0.46204149     0.46204149     0.46570058     0.46570058     2.62884128     2.62884128     3.63268881     3.63268883     3.63268938     3.63268938     3.63268946     3.63268947     3.63269036     3.63269036
   752   -75.15904351   -75.15904351   -42.09583181   -42.09583181   -41.81220188   -41.81220188   -41.80370587   -41.80370587   -12.30647708   -12.30647708    -3.78106353    -3.78106353     0.46379834     0.46379834     0.46745859     0.46745859     2.67526261     2.67526261     3.63268873     3.63268875     3.63268937     3.63268938     3.63268948     3.63268949     3.63269064     3.63269064
   753   -75.15905536   -75.15905536   -42.09583751   -42.09583751   -41.81219718   -41.81219718   -41.80372473   -41.80372473   -12.30157328   -12.30157328    -3.81158457    -3.81158456     0.46558996     0.46558996     0.46925141     0.46925141     2.72210464     2.72210464     3.63268867     3.63268869     3.63268937     3.63268938     3.63268950     3.63268952     3.63269091     3.63269091
   754   -75.15906531   -75.15906531   -42.09584393   -42.09584393   -41.81219289   -41.81219289   -41.80374470   -41.80374469   -12.29656830   -12.29656830    -3.84231707    -3.84231707     0.46741599     0.46741599     0.47107865     0.47107865     2.76921049     2.76921049     3.63268863     3.63268866     3.63268937     3.63268938     3.63268952     3.63268955     3.63269115     3.63269115
   755   -75.15907297   -75.15907297   -42.09585117   -42.09585117   -41.81218906   -41.81218906   -41.80376592   -41.80376592   -12.29146318   -12.29146318    -3.87324224    -3.87324224     0.46927604     0.46927604     0.47293992     0.47293992     2.81641432     2.81641432     3.63268860     3.63268864     3.63268937     3.63268938     3.63268953     3.63268957     3.63269135     3.63269135
   756   -75.15907801   -75.15907801   -42.09585933   -42.09585933   -41.81218572   -41.81218572   -41.80378854   -41.80378854   -12.28625892   -12.28625892    -3.90434303    -3.90434303     0.47116971     0.47116971     0.47483483     0.47483483     2.86354323     2.86354323     3.63268859     3.63268864     3.63268937     3.63268938     3.63268955     3.63268959     3.63269149     3.63269150
   757   -75.15908016   -75.15908016   -42.09586846   -42.09586846   -41.81218292   -41.81218292   -41.80381269   -41.80381269   -12.28095641   -12.28095641    -3.93560422    -3.93560422     0.47309660     0.47309660     0.47676298     0.47676298     2.91041938     2.91041939     3.63268860     3.63268865     3.63268937     3.63268938     3.63268955     3.63268960     3.63269157     3.63269157
   758   -75.15907923   -75.15907923   -42.09587862   -42.09587862   -41.81218065   -41.81218065   -41.80383847   -41.80383846   -12.27555647   -12.27555647    -3.96701254    -3.96701254     0.47505630     0.47505630     0.47872395     0.47872395     2.95686218     2.95686218     3.63268862     3.63268867     3.63268938     3.63268938     3.63268956     3.63268961     3.63269157     3.63269158
   759   -75.15907510   -75.15907510   -42.09588987   -42.09588987   -41.81217894   -41.81217894   -41.80386595   -41.80386595   -12.27005983   -12.27005983    -3.99855663    -3.99855663     0.47704839     0.47704839     0.48071732     0.48071732     3.00269053     3.00269053     3.63268865     3.63268870     3.63268938     3.63268939     3.63268955     3.63268960     3.63269149     3.63269150
   760   -75.15906776   -75.15906776   -42.09590222   -42.09590222   -41.81217777   -41.81217777   -41.80389521   -41.80389521   -12.26446708   -12.26446708    -4.03022704    -4.03022704     0.47907244     0.47907244     0.48274265     0.48274265     3.04772517     3.04772518     3.63268870     3.63268874     3.63268938     3.63268939     3.63268954     3.63268959     3.63269133     3.63269134
   761   -75.15905727   -75.15905726   -42.09591567   -42.09591567   -41.81217713   -41.81217713   -41.80392626   -41.80392626   -12.25877870   -12.25877870    -4.06201611    -4.06201611     0.48112800     0.48112800     0.48479953     0.48479953     3.09179099     3.09179099     3.63268875     3.63268880     3.63268938     3.63268939     3.63268953     3.63268957     3.63269110     3.63269111
   762   -75.15904378   -75.15904378   -42.09593023   -42.09593023   -41.81217699   -41.81217699   -41.80395911   -41.80395911   -12.25299504   -12.25299504    -4.09391789    -4.09391789     0.48321464     0.48321464     0.48688749     0.48688749     3.13471923     3.13471923     3.63268882     3.63268886     3.63268938     3.63268939     3.63268951     3.63268954     3.63269082     3.63269082
   763   -75.15902756   -75.15902756   -42.09594584   -42.09594584   -41.81217733   -41.81217733   -41.80399373   -41.80399373   -12.24711631   -12.24711631    -4.12592793    -4.12592793     0.48533189     0.48533189     0.48900608     0.48900608     3.17634967     3.17634968     3.63268891     3.63268893     3.63268939     3.63268939     3.63268948     3.63268951     3.63269050     3.63269050
   764   -75.15900893   -75.15900893   -42.09596248   -42.09596248   -41.81217809   -41.81217809   -41.80403006   -41.80403006   -12.24114261   -12.24114261    -4.15804307    -4.15804307     0.48747928     0.48747929     0.49115485     0.49115485     3.21653265     3.21653265     3.63268901     3.63268902     3.63268939     3.63268939     3.63268946     3.63268947     3.63269017     3.63269017
   765   -75.15898831   -75.15898831   -42.09598006   -42.09598006   -41.81217922   -41.81217922   -41.80406802   -41.80406802   -12.23507390   -12.23507390    -4.19026124    -4.19026124     0.48965636     0.48965636     0.49333333     0.49333333     3.25513092     3.25513092     3.63268912     3.63268913     3.63268939     3.63268939     3.63268943     3.63268944     3.63268985     3.63268985
   766   -75.15896616   -75.15896616   -42.09599850   -42.09599850   -41.81218067   -41.81218067   -41.80410747   -41.80410747   -12.22891005   -12.22891005    -4.22258117    -4.22258117     0.49186264     0.49186264     0.49554103     0.49554103     3.29202131     3.29202131     3.63268926     3.63268927     3.63268940     3.63268940     3.63268941     3.63268942     3.63268958     3.63268958
   767   -75.15894303   -75.15894303   -42.09601771   -42.09601771   -41.81218238   -41.81218238   -41.80414829   -41.80414829   -12.22265083   -12.22265083    -4.25500212    -4.25500212     0.49409763     0.49409763     0.49777748     0.49777748     3.32709617     3.32709617     3.63268937     3.63268937     3.63268940     3.63268940     3.63268941     3.63268941     3.63268944     3.63268944
   768   -75.15891949   -75.15891949   -42.09603757   -42.09603757   -41.81218426   -41.81218426   -41.80419031   -41.80419031   -12.21629594   -12.21629594    -4.28752363    -4.28752363     0.49636084     0.49636084     0.50004219     0.50004219     3.36026456     3.36026456     3.63268921     3.63268922     3.63268939     3.63268940     3.63268942     3.63268943     3.63268969     3.63268969
   769   -75.15889613   -75.15889613   -42.09605795   -42.09605795   -41.81218626   -41.81218626   -41.80423333   -41.80423333   -12.20984501   -12.20984501    -4.32014523    -4.32014523     0.49865178     0.49865178     0.50233465     0.50233465     3.39145320     3.39145320     3.63268911     3.63268913     3.63268939     3.63268940     3.63268945     3.63268947     3.63269005     3.63269005
   770   -75.15887356   -75.15887356   -42.09607872   -42.09607872   -41.81218829   -41.81218829   -41.80427716   -41.80427716   -12.20329766   -12.20329766    -4.35286618    -4.35286618     0.50096993     0.50096993     0.50465435     0.50465435     3.42060707     3.42060707     3.63268905     3.63268908     3.63268939     3.63268940     3.63268950     3.63268954     3.63269057     3.63269058
   771   -75.15885238   -75.15885237   -42.09609975   -42.09609975   -41.81219028   -41.81219028   -41.80432157   -41.80432157   -12.19665350   -12.19665350    -4.38568525    -4.38568525     0.50331480     0.50331480     0.50700079     0.50700079     3.44768986     3.44768986     3.63268900     3.63268906     3.63268939     3.63268940     3.63268956     3.63268962     3.63269132     3.63269133
   772   -75.15883315   -75.15883315   -42.09612089   -42.09612089   -41.81219216   -41.81219216   -41.80436635   -41.80436635   -12.18991217   -12.18991217    -4.41860050    -4.41860050     0.50568585     0.50568585     0.50937344     0.50937344     3.47268398     3.47268398     3.63268897     3.63268904     3.63268939     3.63268940     3.63268962     3.63268970     3.63269231     3.63269232
   773   -75.15881642   -75.15881642   -42.09614200   -42.09614200   -41.81219385   -41.81219385   -41.80441127   -41.80441127   -12.18307336   -12.18307336    -4.45160911    -4.45160911     0.50808257     0.50808257     0.51177177     0.51177177     3.49559043     3.49559043     3.63268894     3.63268903     3.63268940     3.63268940     3.63268968     3.63268978     3.63269358     3.63269359
   774   -75.15880266   -75.15880266   -42.09616293   -42.09616293   -41.81219530   -41.81219530   -41.80445610   -41.80445610   -12.17613687   -12.17613687    -4.48470724    -4.48470723     0.51050441     0.51050441     0.51419524     0.51419524     3.51642827     3.51642827     3.63268892     3.63268903     3.63268940     3.63268940     3.63268973     3.63268984     3.63269511     3.63269512
   775   -75.15879225   -75.15879225   -42.09618356   -42.09618356   -41.81219643   -41.81219643   -41.80450062   -41.80450062   -12.16910259   -12.16910259    -4.51788993    -4.51788993     0.51295085     0.51295085     0.51664332     0.51664332     3.53523395     3.53523395     3.63268892     3.63268903     3.63268940     3.63268940     3.63268977     3.63268989     3.63269688     3.63269689
   776   -75.15878552   -75.15878552   -42.09620376   -42.09620376   -41.81219720   -41.81219720   -41.80454463   -41.80454463   -12.16197055   -12.16197055    -4.55115107    -4.55115107     0.51542133     0.51542133     0.51911545     0.51911545     3.55206029     3.55206029     3.63268892     3.63268903     3.63268940     3.63268940     3.63268980     3.63268992     3.63269885     3.63269885
   777   -75.15878269   -75.15878269   -42.09622341   -42.09622341   -41.81219755   -41.81219755   -41.80458793   -41.80458793   -12.15474097   -12.15474096    -4.58448336    -4.58448335     0.51791529     0.51791529     0.52161106     0.52161106     3.56697530     3.56697530     3.63268893     3.63268904     3.63268940     3.63268940     3.63268981     3.63268993     3.63270095     3.63270095
   778   -75.15878386   -75.15878386   -42.09624242   -42.09624242   -41.81219744   -41.81219744   -41.80463035   -41.80463035   -12.14741421   -12.14741421    -4.61787834    -4.61787834     0.52043217     0.52043217     0.52412960     0.52412960     3.58006078     3.58006079     3.63268894     3.63268906     3.63268940     3.63268940     3.63268981     3.63268993     3.63270307     3.63270307
   779   -75.15878904   -75.15878904   -42.09626069   -42.09626069   -41.81219684   -41.81219684   -41.80467174   -41.80467174   -12.13999087   -12.13999087    -4.65132650    -4.65132649     0.52297140     0.52297140     0.52667050     0.52667050     3.59141080     3.59141080     3.63268897     3.63268908     3.63268940     3.63268940     3.63268979     3.63268990     3.63270508     3.63270508
   780   -75.15879814   -75.15879813   -42.09627816   -42.09627816   -41.81219574   -41.81219574   -41.80471199   -41.80471199   -12.13247174   -12.13247174    -4.68481733    -4.68481732     0.52553238     0.52553238     0.52923316     0.52923316     3.60112993     3.60112993     3.63268900     3.63268910     3.63268940     3.63268940     3.63268976     3.63268986     3.63270680     3.63270680
   781   -75.15881092   -75.15881092   -42.09629478   -42.09629478   -41.81219411   -41.81219411   -41.80475099   -41.80475099   -12.12485783   -12.12485783    -4.71833949    -4.71833948     0.52811454     0.52811454     0.53181701     0.53181701     3.60933149     3.60933149     3.63268905     3.63268914     3.63268940     3.63268940     3.63268972     3.63268981     3.63270801     3.63270801
   782   -75.15882708   -75.15882708   -42.09631052   -42.09631052   -41.81219196   -41.81219196   -41.80478869   -41.80478869   -12.11715037   -12.11715037    -4.75188096    -4.75188096     0.53071728     0.53071728     0.53442145     0.53442145     3.61613563     3.61613563     3.63268910     3.63268918     3.63268940     3.63268940     3.63268967     3.63268975     3.63270842     3.63270842
   783   -75.15884619   -75.15884619   -42.09632537   -42.09632537   -41.81218929   -41.81218929   -41.80482505   -41.80482505   -12.10935081   -12.10935081    -4.78542924    -4.78542924     0.53333998     0.53333998     0.53704587     0.53704587     3.62166747     3.62166747     3.63268916     3.63268922     3.63268940     3.63268940     3.63268961     3.63268968     3.63270768     3.63270768
   784   -75.15886775   -75.15886775   -42.09633934   -42.09633934   -41.81218613   -41.81218613   -41.80486009   -41.80486009   -12.10146079   -12.10146079    -4.81897150    -4.81897150     0.53598205     0.53598205     0.53968967     0.53968967     3.62605513     3.62605514     3.63268922     3.63268927     3.63268940     3.63268940     3.63268955     3.63268960     3.63270534     3.63270534
   785   -75.15889117   -75.15889117   -42.09635246   -42.09635246   -41.81218248   -41.81218248   -41.80489383   -41.80489383   -12.09348212   -12.09348212    -4.85249481    -4.85249481     0.53864285     0.53864285     0.54235224     0.54235224     3.62942792     3.62942792     3.63268930     3.63268932     3.63268940     3.63268940     3.63268949     3.63268952     3.63270082     3.63270082
   786   -75.15891582   -75.15891582   -42.09636478   -42.09636478   -41.81217840   -41.81217840   -41.80492635   -41.80492635   -12.08541682   -12.08541682    -4.88598634    -4.88598634     0.54132178     0.54132178     0.54503296     0.54503296     3.63191450     3.63191450     3.63268937     3.63268938     3.63268940     3.63268940     3.63268943     3.63268944     3.63269340     3.63269340
   787   -75.15894101   -75.15894101   -42.09637636   -42.09637636   -41.81217391   -41.81217391   -41.80495774   -41.80495774   -12.07726700   -12.07726700    -4.91943355    -4.91943355     0.54401819     0.54401819     0.54773119     0.54773119     3.63268207     3.63268207     3.63268936     3.63268937     3.63268940     3.63268940     3.63268944     3.63268945     3.63364122     3.63364122
   788   -75.15896603   -75.15896603   -42.09638729   -42.09638729   -41.81216908   -41.81216908   -41.80498812   -41.80498812   -12.06903492   -12.06903492    -4.95282435    -4.95282435     0.54673147     0.54673147     0.55044630     0.55044630     3.63266546     3.63266546     3.63268928     3.63268931     3.63268940     3.63268940     3.63268950     3.63268953     3.63473067     3.63473067
   789   -75.15899016   -75.15899016   -42.09639766   -42.09639766   -41.81216394   -41.81216394   -41.80501764   -41.80501764   -12.06072289   -12.06072289    -4.98614732    -4.98614732     0.54946096     0.54946096     0.55317765     0.55317765     3.63264154     3.63264154     3.63268921     3.63268926     3.63268940     3.63268940     3.63268956     3.63268961     3.63530042     3.63530042
   790   -75.15901271   -75.15901271   -42.09640757   -42.09640757   -41.81215856   -41.81215856   -41.80504647   -41.80504647   -12.05233328   -12.05233328    -5.01939182    -5.01939182     0.55220602     0.55220602     0.55592459     0.55592459     3.63260718     3.63260718     3.63268915     3.63268922     3.63268941     3.63268941     3.63268961     3.63268968     3.63546218     3.63546219
   791   -75.15903301   -75.15903301   -42.09641715   -42.09641715   -41.81215300   -41.81215300   -41.80507477   -41.80507477   -12.04386845   -12.04386845    -5.05254810    -5.05254810     0.55496601     0.55496601     0.55868648     0.55868648     3.63255726     3.63255728     3.63268910     3.63268918     3.63268941     3.63268941     3.63268966     3.63268974     3.63532157     3.63532158
   792   -75.15905044   -75.15905043   -42.09642652   -42.09642652   -41.81214731   -41.81214731   -41.80510275   -41.80510274   -12.03533076   -12.03533076    -5.08560747    -5.08560747     0.55774027     0.55774027     0.56146266     0.56146266     3.63248301     3.63248303     3.63268906     3.63268915     3.63268941     3.63268941     3.63268971     3.63268980     3.63497887     3.63497889
   793   -75.15906446   -75.15906446   -42.09643579   -42.09643579   -41.81214156   -41.81214156   -41.80513059   -41.80513059   -12.02672247   -12.02672247    -5.11856229    -5.11856229     0.56052814     0.56052815     0.56425245     0.56425245     3.63236925     3.63236927     3.63268902     3.63268913     3.63268941     3.63268941     3.63268974     3.63268985     3.63453101     3.63453103
   794   -75.15907461   -75.15907461   -42.09644509   -42.09644508   -41.81213580   -41.81213580   -41.80515849   -41.80515849   -12.01804577   -12.01804577    -5.15140608    -5.15140608     0.56332896     0.56332896     0.56705519     0.56705519     3.63219272     3.63219275     3.63268900     3.63268911     3.63268941     3.63268941     3.63268977     3.63268988     3.63407280     3.63407283
   795   -75.15908054   -75.15908054   -42.09645453   -42.09645453   -41.81213010   -41.81213010   -41.80518665   -41.80518665   -12.00930270   -12.00930270    -5.18413350    -5.18413350     0.56614204     0.56614204     0.56987020     0.56987020     3.63193217     3.63193221     3.63268899     3.63268910     3.63268941     3.63268941     3.63268979     3.63268990     3.63368654     3.63368657
   796   -75.15908200   -75.15908200   -42.09646423   -42.09646423   -41.81212450   -41.81212450   -41.80521524   -41.80521524   -12.00049517   -12.00049517    -5.21674036    -5.21674036     0.56896672     0.56896672     0.57269681     0.57269681     3.63159947     3.63159950     3.63268898     3.63268910     3.63268941     3.63268941     3.63268979     3.63268991     3.63341088     3.63341091
   797   -75.15907886   -75.15907886   -42.09647430   -42.09647430   -41.81211905   -41.81211905   -41.80524443   -41.80524443   -11.99162488   -11.99162488    -5.24922358    -5.24922358     0.57180230     0.57180230     0.57553432     0.57553432     3.63125059     3.63125062     3.63268899     3.63268910     3.63268941     3.63268941     3.63268978     3.63268990     3.63322986     3.63322989
   798   -75.15907112   -75.15907112   -42.09648483   -42.09648483   -41.81211379   -41.81211379   -41.80527438   -41.80527438   -11.98269336   -11.98269335    -5.28158113    -5.28158112     0.57464810     0.57464810     0.57838205     0.57838205     3.63095014     3.63095016     3.63268900     3.63268911     3.63268941     3.63268941     3.63268977     3.63268988     3.63310886     3.63310888
   799   -75.15905888   -75.15905888   -42.09649588   -42.09649588   -41.81210876   -41.81210876   -41.80530520   -41.80530520   -11.97370190   -11.97370190    -5.31381193    -5.31381192     0.57750341     0.57750341     0.58123929     0.58123929     3.63074434     3.63074436     3.63268902     3.63268913     3.63268941     3.63268941     3.63268974     3.63268985     3.63302200     3.63302202
   800   -75.15904240   -75.15904240   -42.09650753   -42.09650753   -41.81210397   -41.81210397   -41.80533701   -41.80533701   -11.96465160   -11.96465160    -5.34591578    -5.34591578     0.58036753     0.58036753     0.58410534     0.58410534     3.63065941     3.63065942     3.63268906     3.63268915     3.63268941     3.63268941     3.63268970     3.63268980     3.63295448     3.63295450
   801   -75.15902202   -75.15902202   -42.09651982   -42.09651982   -41.81209945   -41.81209945   -41.80536988   -41.80536988   -11.95554335   -11.95554335    -5.37789324    -5.37789324     0.58323975     0.58323975     0.58697949     0.58697949     3.63070660     3.63070662     3.63268910     3.63268918     3.63268941     3.63268941     3.63268966     3.63268975     3.63289833     3.63289834
   802   -75.15899821   -75.15899821   -42.09653278   -42.09653278   -41.81209521   -41.81209521   -41.80540386   -41.80540386   -11.94637780   -11.94637780    -5.40974546    -5.40974546     0.58611935     0.58611935     0.58986105     0.58986105     3.63088632     3.63088633     3.63268915     3.63268922     3.63268941     3.63268941     3.63268961     3.63268968     3.63284922     3.63284923
   803   -75.15897152   -75.15897152   -42.09654641   -42.09654641   -41.81209124   -41.81209124   -41.80543895   -41.80543895   -11.93715545   -11.93715545    -5.44147407    -5.44147407     0.58900563     0.58900563     0.59274927     0.59274927     3.63119076     3.63119076     3.63268920     3.63268926     3.63268940     3.63268940     3.63268956     3.63268962     3.63280476     3.63280477
   804   -75.15894260   -75.15894260   -42.09656071   -42.09656071   -41.81208754   -41.81208754   -41.80547516   -41.80547516   -11.92787660   -11.92787660    -5.47308103    -5.47308102     0.59189784     0.59189784     0.59564346     0.59564346     3.63160584     3.63160585     3.63268926     3.63268930     3.63268940     3.63268940     3.63268951     3.63268954     3.63276367     3.63276368
   805   -75.15891213   -75.15891213   -42.09657565   -42.09657565   -41.81208409   -41.81208409   -41.80551242   -41.80551242   -11.91854142   -11.91854142    -5.50456846    -5.50456846     0.59479527     0.59479527     0.59854287     0.59854287     3.63211278     3.63211279     3.63268933     3.63268935     3.63268940     3.63268940     3.63268945     3.63268947     3.63272531     3.63272531
   806   -75.15888087   -75.15888087   -42.09659117   -42.09659117   -41.81208086   -41.81208086   -41.80555068   -41.80555068   -11.90914998   -11.90914998    -5.53593851    -5.53593851     0.59769719     0.59769719     0.60144678     0.60144678     3.63268940     3.63268940     3.63268940     3.63268940     3.63268940     3.63268940     3.63268940     3.63268940     3.63268940     3.63268940
   807   -75.15884958   -75.15884958   -42.09660722   -42.09660722   -41.81207783   -41.81207783   -41.80558982   -41.80558982   -11.89970225   -11.89970225    -5.56719321    -5.56719320     0.60060286     0.60060286     0.60435447     0.60435447     3.63265595     3.63265595     3.63268934     3.63268936     3.63268940     3.63268940     3.63268946     3.63268948     3.63331136     3.63331137
   808   -75.15881903   -75.15881903   -42.09662372   -42.09662372   -41.81207495   -41.81207495   -41.80562974   -41.80562973   -11.89019820   -11.89019820    -5.59833430    -5.59833430     0.60351154     0.60351154     0.60726518     0.60726518     3.63262507     3.63262508     3.63268927     3.63268931     3.63268940     3.63268940     3.63268951     3.63268955     3.63395330     3.63395330
   809   -75.15878998   -75.15878997   -42.09664057   -42.09664057   -41.81207218   -41.81207218   -41.80567027   -41.80567027   -11.88063780   -11.88063780    -5.62936314    -5.62936314     0.60642250     0.60642250     0.61017819     0.61017819     3.63259701     3.63259702     3.63268922     3.63268927     3.63268940     3.63268940     3.63268956     3.63268962     3.63458985     3.63458985
   810   -75.15876313   -75.15876313   -42.09665769   -42.09665769   -41.81206948   -41.81206948   -41.80571126   -41.80571126   -11.87102109   -11.87102109    -5.66028057    -5.66028057     0.60933500     0.60933500     0.61309274     0.61309274     3.63257205     3.63257206     3.63268917     3.63268924     3.63268940     3.63268940     3.63268961     3.63268968     3.63519657     3.63519658
   811   -75.15873915   -75.15873915   -42.09667496   -42.09667495   -41.81206679   -41.81206679   -41.80575253   -41.80575253   -11.86134820   -11.86134820    -5.69108682    -5.69108682     0.61224829     0.61224829     0.61600810     0.61600810     3.63255049     3.63255050     3.63268913     3.63268921     3.63268940     3.63268940     3.63268966     3.63268974     3.63575081     3.63575081
   812   -75.15871861   -75.15871861   -42.09669226   -42.09669226   -41.81206406   -41.81206406   -41.80579390   -41.80579390   -11.85161944   -11.85161944    -5.72178141    -5.72178141     0.61516163     0.61516163     0.61892351     0.61892351     3.63253262     3.63253263     3.63268909     3.63268919     3.63268940     3.63268940     3.63268969     3.63268979     3.63623233     3.63623233
   813   -75.15870201   -75.15870201   -42.09670948   -42.09670948   -41.81206124   -41.81206124   -41.80583519   -41.80583519   -11.84183529   -11.84183528    -5.75236311    -5.75236311     0.61807427     0.61807427     0.62183821     0.62183821     3.63251872     3.63251873     3.63268907     3.63268918     3.63268940     3.63268940     3.63268972     3.63268983     3.63662397     3.63662397
   814   -75.15868972   -75.15868972   -42.09672651   -42.09672651   -41.81205828   -41.81205828   -41.80587620   -41.80587620   -11.83199648   -11.83199647    -5.78282988    -5.78282987     0.62098546     0.62098546     0.62475146     0.62475146     3.63250900     3.63250901     3.63268905     3.63268917     3.63268940     3.63268940     3.63268974     3.63268986     3.63691203     3.63691204
   815   -75.15868201   -75.15868201   -42.09674325   -42.09674325   -41.81205513   -41.81205513   -41.80591677   -41.80591676   -11.82210401   -11.82210401    -5.81317884    -5.81317883     0.62389444     0.62389444     0.62766249     0.62766249     3.63250365     3.63250366     3.63268904     3.63268916     3.63268940     3.63268940     3.63268975     3.63268987     3.63708662     3.63708662
   816   -75.15867902   -75.15867902   -42.09675957   -42.09675957   -41.81205175   -41.81205175   -41.80595671   -41.80595670   -11.81215918   -11.81215918    -5.84340630    -5.84340629     0.62680045     0.62680045     0.63057055     0.63057055     3.63250275     3.63250276     3.63268904     3.63268916     3.63268940     3.63268940     3.63268975     3.63268987     3.63714179     3.63714180
   817   -75.15868077   -75.15868077   -42.09677540   -42.09677540   -41.81204809   -41.81204809   -41.80599587   -41.80599587   -11.80216362   -11.80216362    -5.87350775    -5.87350775     0.62970274     0.62970274     0.63347487     0.63347487     3.63250635     3.63250635     3.63268905     3.63268917     3.63268940     3.63268940     3.63268974     3.63268986     3.63707564     3.63707565
   818   -75.15868715   -75.15868714   -42.09679065   -42.09679065   -41.81204413   -41.81204413   -41.80603412   -41.80603412   -11.79211928   -11.79211927    -5.90347793    -5.90347792     0.63260053     0.63260053     0.63637468     0.63637468     3.63251437     3.63251437     3.63268907     3.63268918     3.63268940     3.63268940     3.63268972     3.63268983     3.63689016     3.63689017
   819   -75.15869791   -75.15869791   -42.09680525   -42.09680525   -41.81203984   -41.81203984   -41.80607134   -41.80607134   -11.78202846   -11.78202846    -5.93331086    -5.93331085     0.63549306     0.63549306     0.63926922     0.63926923     3.63252667     3.63252667     3.63268909     3.63268920     3.63268940     3.63268940     3.63268969     3.63268980     3.63659111     3.63659111
   820   -75.15871272   -75.15871271   -42.09681915   -42.09681915   -41.81203520   -41.81203520   -41.80610744   -41.80610744   -11.77189383   -11.77189383    -5.96299993    -5.96299992     0.63837955     0.63837955     0.64215773     0.64215773     3.63254301     3.63254302     3.63268912     3.63268922     3.63268940     3.63268940     3.63268966     3.63268975     3.63618765     3.63618765
   821   -75.15873110   -75.15873110   -42.09683231   -42.09683231   -41.81203020   -41.81203020   -41.80614235   -41.80614235   -11.76171835   -11.76171835    -5.99253800    -5.99253799     0.64125925     0.64125925     0.64503942     0.64503942     3.63256307     3.63256307     3.63268916     3.63268924     3.63268940     3.63268940     3.63268962     3.63268970     3.63569201     3.63569201
   822   -75.15875250   -75.15875250   -42.09684473   -42.09684473   -41.81202484   -41.81202484   -41.80617605   -41.80617605   -11.75150533   -11.75150533    -6.02191747    -6.02191747     0.64413136     0.64413136     0.64791353     0.64791353     3.63258642     3.63258643     3.63268920     3.63268927     3.63268940     3.63268940     3.63268957     3.63268964     3.63511900     3.63511901
   823   -75.15877629   -75.15877629   -42.09685638   -42.09685638   -41.81201913   -41.81201913   -41.80620852   -41.80620852   -11.74125834   -11.74125834    -6.05113045    -6.05113045     0.64699511     0.64699511     0.65077929     0.65077929     3.63261258     3.63261258     3.63268925     3.63268930     3.63268940     3.63268940     3.63268952     3.63268957     3.63448549     3.63448549
   824   -75.15880178   -75.15880178   -42.09686731   -42.09686731   -41.81201308   -41.81201308   -41.80623979   -41.80623979   -11.73098125   -11.73098125    -6.08016881    -6.08016880     0.64984974     0.64984974     0.65363592     0.65363592     3.63264096     3.63264096     3.63268931     3.63268934     3.63268940     3.63268940     3.63268948     3.63268951     3.63380984     3.63380985
   825   -75.15882822   -75.15882822   -42.09687754   -42.09687754   -41.81200673   -41.81200673   -41.80626991   -41.80626991   -11.72067810   -11.72067810    -6.10902434    -6.10902433     0.65269446     0.65269446     0.65648265     0.65648265     3.63267094     3.63267094     3.63268937     3.63268938     3.63268940     3.63268940     3.63268943     3.63268944     3.63311133     3.63311133
   826   -75.15885486   -75.15885486   -42.09688713   -42.09688713   -41.81200010   -41.81200010   -41.80629895   -41.80629895   -11.71035314   -11.71035314    -6.13768884    -6.13768884     0.65552849     0.65552849     0.65931871     0.65931871     3.63240955     3.63240955     3.63268938     3.63268939     3.63268940     3.63268940     3.63268942     3.63268943     3.63270182     3.63270182
   827   -75.15888094   -75.15888094   -42.09689614   -42.09689614   -41.81199324   -41.81199324   -41.80632702   -41.80632702   -11.70001074   -11.70001074    -6.16615429    -6.16615428     0.65835108     0.65835108     0.66214332     0.66214332     3.63172382     3.63172382     3.63268932     3.63268935     3.63268940     3.63268940     3.63268946     3.63268949     3.63273287     3.63273287
   828   -75.15890573   -75.15890573   -42.09690467   -42.09690467   -41.81198620   -41.81198620   -41.80635424   -41.80635424   -11.68965533   -11.68965533    -6.19441288    -6.19441287     0.66116143     0.66116143     0.66495570     0.66495570     3.63107266     3.63107267     3.63268926     3.63268931     3.63268940     3.63268940     3.63268950     3.63268955     3.63276335     3.63276335
   829   -75.15892852   -75.15892852   -42.09691280   -42.09691280   -41.81197903   -41.81197903   -41.80638075   -41.80638075   -11.67929139   -11.67929139    -6.22245717    -6.22245717     0.66395879     0.66395879     0.66775509     0.66775509     3.63047326     3.63047326     3.63268922     3.63268928     3.63268940     3.63268941     3.63268954     3.63268960     3.63279249     3.63279250
   830   -75.15894868   -75.15894868   -42.09692064   -42.09692064   -41.81197179   -41.81197179   -41.80640670   -41.80640670   -11.66892336   -11.66892336    -6.25028015    -6.25028015     0.66674238     0.66674238     0.67054071     0.67054071     3.62994099     3.62994100     3.63268918     3.63268925     3.63268941     3.63268941     3.63268958     3.63268966     3.63281956     3.63281957
   831   -75.15896565   -75.15896565   -42.09692831   -42.09692831   -41.81196454   -41.81196454   -41.80643227   -41.80643227   -11.65855560   -11.65855560    -6.27787532    -6.27787531     0.66951144     0.66951144     0.67331180     0.67331180     3.62948907     3.62948908     3.63268914     3.63268923     3.63268941     3.63268941     3.63268961     3.63268970     3.63284384     3.63284385
   832   -75.15897897   -75.15897896   -42.09693591   -42.09693591   -41.81195735   -41.81195735   -41.80645763   -41.80645763   -11.64819238   -11.64819238    -6.30523673    -6.30523672     0.67226520     0.67226520     0.67606757     0.67606757     3.62912820     3.62912821     3.63268911     3.63268922     3.63268941     3.63268941     3.63268964     3.63268974     3.63286467     3.63286467
   833   -75.15898825   -75.15898825   -42.09694356   -42.09694356   -41.81195028   -41.81195028   -41.80648295   -41.80648295   -11.63783779   -11.63783779    -6.33235904    -6.33235903     0.67500289     0.67500289     0.67880726     0.67880726     3.62886634     3.62886635     3.63268910     3.63268921     3.63268941     3.63268941     3.63268965     3.63268977     3.63288144     3.63288145
   834   -75.15899327   -75.15899326   -42.09695139   -42.09695139   -41.81194340   -41.81194340   -41.80650840   -41.80650840   -11.62749571   -11.62749571    -6.35923755    -6.35923754     0.67772375     0.67772375     0.68153011     0.68153011     3.62870855     3.62870855     3.63268909     3.63268920     3.63268941     3.63268941     3.63268967     3.63268978     3.63289366     3.63289366
   835   -75.15899387   -75.15899387   -42.09695949   -42.09695949   -41.81193676   -41.81193676   -41.80653415   -41.80653415   -11.61716983   -11.61716983    -6.38586817    -6.38586817     0.68042702     0.68042702     0.68423534     0.68423534     3.62865691     3.62865692     3.63268908     3.63268920     3.63268941     3.63268941     3.63268967     3.63268979     3.63290089     3.63290090
   836   -75.15899006   -75.15899006   -42.09696797   -42.09696797   -41.81193042   -41.81193042   -41.80656035   -41.80656035   -11.60686357   -11.60686357    -6.41224746    -6.41224745     0.68311193     0.68311193     0.68692219     0.68692219     3.62871059     3.62871059     3.63268909     3.63268920     3.63268941     3.63268941     3.63268967     3.63268979     3.63290284     3.63290285
   837   -75.15898194   -75.15898194   -42.09697693   -42.09697693   -41.81192443   -41.81192443   -41.80658714   -41.80658714   -11.59658011   -11.59658011    -6.43837252    -6.43837252     0.68577773     0.68577773     0.68958990     0.68958990     3.62886585     3.62886586     3.63268910     3.63268921     3.63268941     3.63268941     3.63268965     3.63268977     3.63289934     3.63289935
   838   -75.15896974   -75.15896974   -42.09698643   -42.09698643   -41.81191885   -41.81191885   -41.80661464   -41.80661464   -11.58632237   -11.58632237    -6.46424105    -6.46424105     0.68842365     0.68842365     0.69223772     0.69223772     3.62911633     3.62911634     3.63268911     3.63268922     3.63268941     3.63268941     3.63268964     3.63268974     3.63289032     3.63289033
   839   -75.15895380   -75.15895380   -42.09699656   -42.09699656   -41.81191370   -41.81191370   -41.80664293   -41.80664293   -11.57609301   -11.57609301    -6.48985120    -6.48985120     0.69104893     0.69104893     0.69486489     0.69486489     3.62945321     3.62945321     3.63268914     3.63268924     3.63268941     3.63268941     3.63268961     3.63268971     3.63287589     3.63287589
   840   -75.15893454   -75.15893454   -42.09700735   -42.09700735   -41.81190902   -41.81190902   -41.80667209   -41.80667209   -11.56589448   -11.56589447    -6.51520154    -6.51520154     0.69365283     0.69365283     0.69747064     0.69747064     3.62986553     3.62986553     3.63268917     3.63268926     3.63268941     3.63268941     3.63268958     3.63268967     3.63285626     3.63285626
   841   -75.15891249   -75.15891249   -42.09701883   -42.09701883   -41.81190482   -41.81190482   -41.80670217   -41.80670217   -11.55572897   -11.55572897    -6.54029098    -6.54029098     0.69623459     0.69623459     0.70005424     0.70005424     3.63034059     3.63034060     3.63268920     3.63268928     3.63268941     3.63268941     3.63268955     3.63268962     3.63283179     3.63283179
   842   -75.15888824   -75.15888824   -42.09703103   -42.09703103   -41.81190111   -41.81190111   -41.80673317   -41.80673317   -11.54559855   -11.54559855    -6.56511866    -6.56511866     0.69879345     0.69879345     0.70261494     0.70261494     3.63086431     3.63086431     3.63268925     3.63268930     3.63268940     3.63268940     3.63268951     3.63268957     3.63280298     3.63280298
   843   -75.15886242   -75.15886242   -42.09704393   -42.09704393   -41.81189790   -41.81189790   -41.80676508   -41.80676508   -11.53550511   -11.53550511    -6.58968387    -6.58968387     0.70132869     0.70132869     0.70515200     0.70515200     3.63142164     3.63142165     3.63268929     3.63268933     3.63268940     3.63268940     3.63268948     3.63268952     3.63277044     3.63277044
   844   -75.15883571   -75.15883571   -42.09705750   -42.09705750   -41.81189518   -41.81189518   -41.80679786   -41.80679786   -11.52545046   -11.52545045    -6.61398595    -6.61398595     0.70383954     0.70383954     0.70766468     0.70766468     3.63199705     3.63199705     3.63268934     3.63268936     3.63268940     3.63268940     3.63268944     3.63268947     3.63273488     3.63273488
   845   -75.15880879   -75.15880879   -42.09707171   -42.09707171   -41.81189292   -41.81189292   -41.80683144   -41.80683144   -11.51543636   -11.51543636    -6.63802417    -6.63802417     0.70632530     0.70632530     0.71015225     0.71015225     3.63257490     3.63257490     3.63268939     3.63268940     3.63268940     3.63268940     3.63268941     3.63268941     3.63269714     3.63269714
   846   -75.15878234   -75.15878234   -42.09708650   -42.09708650   -41.81189109   -41.81189109   -41.80686572   -41.80686572   -11.50546459   -11.50546459    -6.66179768    -6.66179768     0.70878521     0.70878521     0.71261397     0.71261397     3.63265810     3.63265810     3.63268936     3.63268938     3.63268940     3.63268940     3.63268943     3.63268945     3.63313992     3.63313992
   847   -75.15875703   -75.15875703   -42.09710177   -42.09710177   -41.81188966   -41.81188966   -41.80690058   -41.80690058   -11.49553701   -11.49553701    -6.68530537    -6.68530537     0.71121858     0.71121858     0.71504914     0.71504914     3.63261871     3.63261871     3.63268932     3.63268935     3.63268940     3.63268940     3.63268946     3.63268950     3.63367760     3.63367760
   848   -75.15873346   -75.15873346   -42.09711745   -42.09711745   -41.81188858   -41.81188858   -41.80693588   -41.80693588   -11.48565557   -11.48565557    -6.70854581    -6.70854580     0.71362467     0.71362467     0.71745702     0.71745702     3.63257997     3.63257997     3.63268928     3.63268933     3.63268940     3.63268940     3.63268950     3.63268955     3.63417457     3.63417458
   849   -75.15871219   -75.15871219   -42.09713343   -42.09713343   -41.81188779   -41.81188779   -41.80697145   -41.80697145   -11.47582242   -11.47582242    -6.73151715    -6.73151715     0.71600278     0.71600278     0.71983692     0.71983692     3.63254289     3.63254289     3.63268924     3.63268931     3.63268940     3.63268940     3.63268953     3.63268960     3.63461893     3.63461894
   850   -75.15869370   -75.15869370   -42.09714959   -42.09714959   -41.81188723   -41.81188723   -41.80700712   -41.80700712   -11.46603994   -11.46603994    -6.75421711    -6.75421711     0.71835221     0.71835221     0.72218812     0.72218812     3.63250845     3.63250845     3.63268921     3.63268929     3.63268940     3.63268941     3.63268955     3.63268964     3.63500052     3.63500053
   851   -75.15867839   -75.15867839   -42.09716582   -42.09716582   -41.81188685   -41.81188685   -41.80704270   -41.80704270   -11.45631078   -11.45631078    -6.77664288    -6.77664288     0.72067227     0.72067227     0.72450993     0.72450993     3.63247761     3.63247762     3.63268919     3.63268928     3.63268940     3.63268941     3.63268958     3.63268967     3.63531116     3.63531116
   852   -75.15866654   -75.15866654   -42.09718198   -42.09718198   -41.81188657   -41.81188657   -41.80707800   -41.80707800   -11.44663791   -11.44663791    -6.79879109    -6.79879109     0.72296227     0.72296227     0.72680165     0.72680165     3.63245129     3.63245129     3.63268917     3.63268927     3.63268940     3.63268941     3.63268959     3.63268970     3.63554481     3.63554482
   853   -75.15865836   -75.15865836   -42.09719794   -42.09719794   -41.81188632   -41.81188632   -41.80711282   -41.80711282   -11.43702465   -11.43702465    -6.82065781    -6.82065781     0.72522153     0.72522153     0.72906261     0.72906261     3.63243028     3.63243029     3.63268916     3.63268927     3.63268940     3.63268941     3.63268961     3.63268972     3.63569768     3.63569769
   854   -75.15865394   -75.15865394   -42.09721358   -42.09721358   -41.81188604   -41.81188604   -41.80714698   -41.80714698   -11.42747470   -11.42747470    -6.84223851    -6.84223850     0.72744937     0.72744937     0.73129211     0.73129211     3.63241532     3.63241533     3.63268916     3.63268927     3.63268940     3.63268941     3.63268961     3.63268973     3.63576826     3.63576826
   855   -75.15865326   -75.15865325   -42.09722877   -42.09722877   -41.81188565   -41.81188565   -41.80718029   -41.80718029   -11.41799214   -11.41799214    -6.86352809    -6.86352809     0.72964512     0.72964512     0.73348950     0.73348950     3.63240699     3.63240700     3.63268916     3.63268927     3.63268940     3.63268941     3.63268961     3.63268973     3.63575728     3.63575728
   856   -75.15865619   -75.15865619   -42.09724340   -42.09724340   -41.81188510   -41.81188510   -41.80721256   -41.80721256   -11.40858144   -11.40858144    -6.88452092    -6.88452092     0.73180812     0.73180812     0.73565411     0.73565411     3.63240574     3.63240574     3.63268916     3.63268927     3.63268940     3.63268941     3.63268960     3.63268972     3.63566764     3.63566764
   857   -75.15866253   -75.15866253   -42.09725736   -42.09725736   -41.81188432   -41.81188432   -41.80724365   -41.80724365   -11.39924746   -11.39924746    -6.90521082    -6.90521081     0.73393773     0.73393773     0.73778528     0.73778528     3.63241184     3.63241185     3.63268917     3.63268928     3.63268940     3.63268941     3.63268959     3.63268970     3.63550426     3.63550426
   858   -75.15867196   -75.15867196   -42.09727056   -42.09727056   -41.81188327   -41.81188327   -41.80727342   -41.80727342   -11.38999546   -11.38999545    -6.92559115    -6.92559115     0.73603327     0.73603328     0.73988236     0.73988236     3.63242541     3.63242542     3.63268919     3.63268929     3.63268940     3.63268941     3.63268957     3.63268968     3.63527387     3.63527388
   859   -75.15868410   -75.15868410   -42.09728291   -42.09728291   -41.81188189   -41.81188189   -41.80730173   -41.80730173   -11.38083099   -11.38083099    -6.94565488    -6.94565487     0.73809413     0.73809413     0.74194472     0.74194472     3.63244638     3.63244639     3.63268921     3.63268930     3.63268940     3.63268941     3.63268955     3.63268965     3.63498479     3.63498480
   860   -75.15869850   -75.15869850   -42.09729434   -42.09729434   -41.81188014   -41.81188014   -41.80732850   -41.80732850   -11.37175998   -11.37175998    -6.96539460    -6.96539460     0.74011966     0.74011966     0.74397173     0.74397173     3.63247450     3.63247451     3.63268924     3.63268931     3.63268940     3.63268941     3.63268953     3.63268961     3.63464663     3.63464664
   861   -75.15871465   -75.15871465   -42.09730481   -42.09730481   -41.81187801   -41.81187801   -41.80735365   -41.80735365   -11.36278857   -11.36278857    -6.98480267    -6.98480266     0.74210924     0.74210924     0.74596276     0.74596276     3.63250931     3.63250932     3.63268927     3.63268933     3.63268940     3.63268941     3.63268950     3.63268957     3.63427000     3.63427000
   862   -75.15873202   -75.15873202   -42.09731429   -42.09731429   -41.81187547   -41.81187547   -41.80737715   -41.80737715   -11.35392315   -11.35392314    -7.00387124    -7.00387123     0.74406226     0.74406226     0.74791721     0.74791721     3.63255019     3.63255019     3.63268930     3.63268935     3.63268940     3.63268941     3.63268947     3.63268952     3.63386616     3.63386616
   863   -75.15875005   -75.15875005   -42.09732277   -42.09732277   -41.81187252   -41.81187252   -41.80739899   -41.80739898   -11.34517026   -11.34517026    -7.02259236    -7.02259236     0.74597810     0.74597810     0.74983446     0.74983446     3.63259632     3.63259632     3.63268933     3.63268937     3.63268940     3.63268940     3.63268945     3.63268948     3.63344673     3.63344673
   864   -75.15876819   -75.15876819   -42.09733026   -42.09733026   -41.81186915   -41.81186915   -41.80741916   -41.80741916   -11.33653658   -11.33653658    -7.04095808    -7.04095807     0.74785618     0.74785618     0.75171393     0.75171393     3.63264674     3.63264674     3.63268937     3.63268939     3.63268940     3.63268940     3.63268942     3.63268944     3.63302334     3.63302335
   865   -75.15878590   -75.15878590   -42.09733678   -42.09733678   -41.81186539   -41.81186539   -41.80743772   -41.80743772   -11.32802878   -11.32802878    -7.05896048    -7.05896048     0.74969591     0.74969591     0.75355504     0.75355504     3.63260731     3.63260731     3.63268940     3.63268940     3.63268940     3.63268940     3.63268941     3.63268941     3.63270031     3.63270031
   866   -75.15880267   -75.15880267   -42.09734239   -42.09734239   -41.81186126   -41.81186126   -41.80745474   -41.80745474   -11.31965357   -11.31965357    -7.07659183    -7.07659183     0.75149672     0.75149672     0.75535721     0.75535721     3.63220933     3.63220933     3.63268936     3.63268938     3.63268940     3.63268940     3.63268943     3.63268945     3.63275580     3.63275580
   867   -75.15881804   -75.15881804   -42.09734713   -42.09734713   -41.81185680   -41.81185680   -41.80747031   -41.80747031   -11.31141756   -11.31141756    -7.09384456    -7.09384456     0.75325805     0.75325805     0.75711988     0.75711988     3.63183922     3.63183923     3.63268932     3.63268936     3.63268940     3.63268940     3.63268945     3.63268949     3.63281186     3.63281186
   868   -75.15883159   -75.15883159   -42.09735110   -42.09735110   -41.81185205   -41.81185205   -41.80748454   -41.80748454   -11.30332722   -11.30332722    -7.11071143    -7.11071143     0.75497935     0.75497935     0.75884251     0.75884251     3.63150570     3.63150570     3.63268929     3.63268935     3.63268940     3.63268941     3.63268947     3.63268952     3.63286706     3.63286706
   869   -75.15884300   -75.15884299   -42.09735438   -42.09735438   -41.81184706   -41.81184706   -41.80749757   -41.80749757   -11.29538886   -11.29538886    -7.12718550    -7.12718550     0.75666009     0.75666009     0.76052455     0.76052455     3.63121613     3.63121613     3.63268927     3.63268934     3.63268941     3.63268941     3.63268949     3.63268956     3.63291995     3.63291995
   870   -75.15885199   -75.15885199   -42.09735708   -42.09735708   -41.81184190   -41.81184190   -41.80750956   -41.80750956   -11.28760857   -11.28760857    -7.14326022    -7.14326022     0.75829974     0.75829974     0.76216547     0.76216547     3.63097643     3.63097644     3.63268925     3.63268933     3.63268941     3.63268941     3.63268950     3.63268959     3.63296906     3.63296906
   871   -75.15885841   -75.15885840   -42.09735931   -42.09735931   -41.81183663   -41.81183663   -41.80752067   -41.80752067   -11.27999216   -11.27999216    -7.15892946    -7.15892946     0.75989779     0.75989779     0.76376476     0.76376476     3.63079093     3.63079093     3.63268924     3.63268932     3.63268941     3.63268941     3.63268951     3.63268961     3.63301296     3.63301296
   872   -75.15886214   -75.15886214   -42.09736119   -42.09736119   -41.81183132   -41.81183132   -41.80753106   -41.80753106   -11.27254518   -11.27254518    -7.17418751    -7.17418751     0.76145374     0.76145374     0.76532191     0.76532192     3.63066231     3.63066231     3.63268923     3.63268932     3.63268941     3.63268942     3.63268952     3.63268963     3.63305028     3.63305028
   873   -75.15886319   -75.15886318   -42.09736285   -42.09736285   -41.81182605   -41.81182605   -41.80754093   -41.80754093   -11.26527284   -11.26527284    -7.18902911    -7.18902911     0.76296710     0.76296710     0.76683644     0.76683644     3.63059161     3.63059161     3.63268922     3.63268932     3.63268941     3.63268942     3.63268953     3.63268964     3.63307976     3.63307976
   874   -75.15886162   -75.15886162   -42.09736440   -42.09736440   -41.81182088   -41.81182088   -41.80755045   -41.80755045   -11.25818006   -11.25818006    -7.20344943    -7.20344943     0.76443740     0.76443740     0.76830787     0.76830787     3.63057825     3.63057826     3.63268922     3.63268932     3.63268941     3.63268942     3.63268953     3.63268964     3.63310027     3.63310028
   875   -75.15885760   -75.15885760   -42.09736598   -42.09736598   -41.81181590   -41.81181590   -41.80755979   -41.80755979   -11.25127144   -11.25127144    -7.21744405    -7.21744405     0.76586417     0.76586417     0.76973572     0.76973572     3.63062014     3.63062014     3.63268922     3.63268932     3.63268941     3.63268942     3.63268952     3.63268964     3.63311087     3.63311088
   876   -75.15885134   -75.15885134   -42.09736770   -42.09736770   -41.81181118   -41.81181118   -41.80756912   -41.80756912   -11.24455128   -11.24455128    -7.23100896    -7.23100896     0.76724695     0.76724695     0.77111954     0.77111954     3.63071374     3.63071374     3.63268923     3.63268933     3.63268941     3.63268942     3.63268952     3.63268963     3.63311082     3.63311083
   877   -75.15884313   -75.15884313   -42.09736967   -42.09736967   -41.81180679   -41.81180679   -41.80757861   -41.80757861   -11.23802358   -11.23802358    -7.24414049    -7.24414049     0.76858531     0.76858531     0.77245890     0.77245890     3.63085429     3.63085429     3.63268924     3.63268933     3.63268941     3.63268942     3.63268951     3.63268961     3.63309961     3.63309961
   878   -75.15883330   -75.15883330   -42.09737198   -42.09737198   -41.81180278   -41.81180278   -41.80758838   -41.80758838   -11.23169209   -11.23169209    -7.25683527    -7.25683527     0.76987882     0.76987882     0.77375335     0.77375335     3.63103595     3.63103596     3.63268926     3.63268934     3.63268941     3.63268942     3.63268949     3.63268959     3.63307698     3.63307698
   879   -75.15882223   -75.15882222   -42.09737474   -42.09737474   -41.81179921   -41.81179921   -41.80759857   -41.80759857   -11.22556032   -11.22556032    -7.26909018    -7.26909018     0.77112705     0.77112705     0.77500250     0.77500250     3.63125202     3.63125203     3.63268927     3.63268935     3.63268941     3.63268942     3.63268948     3.63268956     3.63304296     3.63304296
   880   -75.15881029   -75.15881029   -42.09737801   -42.09737801   -41.81179614   -41.81179614   -41.80760928   -41.80760927   -11.21963159   -11.21963159    -7.28090233    -7.28090233     0.77232962     0.77232962     0.77620594     0.77620594     3.63149517     3.63149517     3.63268929     3.63268936     3.63268941     3.63268941     3.63268947     3.63268953     3.63299786     3.63299786
   881   -75.15879790   -75.15879790   -42.09738186   -42.09738186   -41.81179359   -41.81179359   -41.80762058   -41.80762058   -11.21390908   -11.21390908    -7.29226893    -7.29226893     0.77348611     0.77348612     0.77736329     0.77736329     3.63175766     3.63175766     3.63268932     3.63268936     3.63268941     3.63268941     3.63268945     3.63268950     3.63294228     3.63294228
   882   -75.15878546   -75.15878546   -42.09738631   -42.09738631   -41.81179161   -41.81179161   -41.80763253   -41.80763253   -11.20839584   -11.20839584    -7.30318729    -7.30318729     0.77459617     0.77459617     0.77847416     0.77847416     3.63203159     3.63203159     3.63268934     3.63268938     3.63268940     3.63268941     3.63268944     3.63268947     3.63287713     3.63287713
   883   -75.15877335   -75.15877335   -42.09739140   -42.09739140   -41.81179019   -41.81179019   -41.80764516   -41.80764516   -11.20309485   -11.20309485    -7.31365473    -7.31365473     0.77565944     0.77565944     0.77953821     0.77953821     3.63230912     3.63230912     3.63268937     3.63268939     3.63268940     3.63268940     3.63268942     3.63268944     3.63280360     3.63280360
   884   -75.15876191   -75.15876191   -42.09739712   -42.09739712   -41.81178936   -41.81178936   -41.80765846   -41.80765846   -11.19800907   -11.19800907    -7.32366856    -7.32366856     0.77667555     0.77667555     0.78055509     0.78055509     3.63258269     3.63258269     3.63268939     3.63268940     3.63268940     3.63268940     3.63268941     3.63268941     3.63272314     3.63272314
   885   -75.15875146   -75.15875146   -42.09740347   -42.09740347   -41.81178909   -41.81178909   -41.80767242   -41.80767242   -11.19314146   -11.19314146    -7.33322601    -7.33322601     0.77764420     0.77764420     0.78152448     0.78152448     3.63263749     3.63263749     3.63268939     3.63268940     3.63268940     3.63268940     3.63268941     3.63268942     3.63284521     3.63284521
   886   -75.15874226   -75.15874226   -42.09741040   -42.09741040   -41.81178939   -41.81178939   -41.80768698   -41.80768698   -11.18849501   -11.18849501    -7.34232417    -7.34232417     0.77856506     0.77856506     0.78244605     0.78244605     3.63254859     3.63254859     3.63268936     3.63268939     3.63268940     3.63268941     3.63268942     3.63268945     3.63309026     3.63309026
   887   -75.15873452   -75.15873452   -42.09741787   -42.09741787   -41.81179021   -41.81179021   -41.80770205   -41.80770205   -11.18407277   -11.18407277    -7.35096004    -7.35096004     0.77943784     0.77943784     0.78331952     0.78331952     3.63245856     3.63245856     3.63268934     3.63268938     3.63268940     3.63268941     3.63268943     3.63268947     3.63331220     3.63331220
   888   -75.15872837   -75.15872837   -42.09742581   -42.09742581   -41.81179152   -41.81179152   -41.80771755   -41.80771755   -11.17987787   -11.17987787    -7.35913043    -7.35913043     0.78026226     0.78026226     0.78414460     0.78414460     3.63236971     3.63236971     3.63268933     3.63268937     3.63268941     3.63268942     3.63268944     3.63268950     3.63350632     3.63350632
   889   -75.15872389   -75.15872389   -42.09743412   -42.09743412   -41.81179327   -41.81179327   -41.80773333   -41.80773333   -11.17591351   -11.17591351    -7.36683200    -7.36683200     0.78103805     0.78103805     0.78492103     0.78492103     3.63228441     3.63228442     3.63268932     3.63268936     3.63268941     3.63268943     3.63268945     3.63268952     3.63366892     3.63366892
   890   -75.15872110   -75.15872110   -42.09744272   -42.09744272   -41.81179540   -41.81179540   -41.80774927   -41.80774927   -11.17218299   -11.17218299    -7.37406125    -7.37406125     0.78176498     0.78176498     0.78564854     0.78564854     3.63220512     3.63220513     3.63268931     3.63268935     3.63268941     3.63268944     3.63268946     3.63268954     3.63379734     3.63379734
   891   -75.15871995   -75.15871995   -42.09745149   -42.09745149   -41.81179785   -41.81179785   -41.80776520   -41.80776520   -11.16868966   -11.16868966    -7.38081455    -7.38081455     0.78244280     0.78244280     0.78632692     0.78632692     3.63213427     3.63213427     3.63268930     3.63268935     3.63268941     3.63268944     3.63268947     3.63268955     3.63389000     3.63389001
   892   -75.15872031   -75.15872031   -42.09746032   -42.09746031   -41.81180055   -41.81180055   -41.80778095   -41.80778095   -11.16543693   -11.16543693    -7.38708816    -7.38708816     0.78307131     0.78307131     0.78695593     0.78695593     3.63207421     3.63207422     3.63268930     3.63268934     3.63268941     3.63268945     3.63268948     3.63268956     3.63394640     3.63394640
   893   -75.15872204   -75.15872204   -42.09746907   -42.09746907   -41.81180341   -41.81180341   -41.80779635   -41.80779635   -11.16242824   -11.16242824    -7.39287826    -7.39287826     0.78365029     0.78365029     0.78753538     0.78753538     3.63202719     3.63202720     3.63268930     3.63268934     3.63268942     3.63268945     3.63268948     3.63268956     3.63396702     3.63396703
   894   -75.15872491   -75.15872491   -42.09747762   -42.09747762   -41.81180637   -41.81180637   -41.80781120   -41.80781120   -11.15966700   -11.15966700    -7.39818103    -7.39818103     0.78417957     0.78417957     0.78806507     0.78806507     3.63199524     3.63199524     3.63268930     3.63268934     3.63268942     3.63268945     3.63268949     3.63268956     3.63395332     3.63395332
   895   -75.15872870   -75.15872869   -42.09748585   -42.09748585   -41.81180935   -41.81180935   -41.80782533   -41.80782533   -11.15715658   -11.15715657    -7.40299267    -7.40299267     0.78465898     0.78465898     0.78854484     0.78854484     3.63198012     3.63198013     3.63268930     3.63268934     3.63268942     3.63268945     3.63268949     3.63268956     3.63390757     3.63390757
   896   -75.15873311   -75.15873311   -42.09749362   -42.09749362   -41.81181226   -41.81181226   -41.80783855   -41.80783854   -11.15490023   -11.15490023    -7.40730948    -7.40730948     0.78508835     0.78508835     0.78897453     0.78897453     3.63198328     3.63198329     3.63268931     3.63268934     3.63268942     3.63268944     3.63268949     3.63268955     3.63383280     3.63383281
   897   -75.15873789   -75.15873788   -42.09750080   -42.09750080   -41.81181504   -41.81181504   -41.80785068   -41.80785068   -11.15290107   -11.15290107    -7.41112791    -7.41112791     0.78546755     0.78546755     0.78935399     0.78935399     3.63200577     3.63200578     3.63268932     3.63268934     3.63268942     3.63268944     3.63268948     3.63268953     3.63373266     3.63373266
   898   -75.15874273   -75.15874273   -42.09750729   -42.09750729   -41.81181760   -41.81181760   -41.80786156   -41.80786156   -11.15116200   -11.15116200    -7.41444465    -7.41444465     0.78579645     0.78579645     0.78968311     0.78968311     3.63204820     3.63204820     3.63268932     3.63268935     3.63268942     3.63268943     3.63268948     3.63268951     3.63361124     3.63361124
   899   -75.15874737   -75.15874737   -42.09751297   -42.09751297   -41.81181989   -41.81181989   -41.80787105   -41.80787105   -11.14968565   -11.14968565    -7.41725667    -7.41725667     0.78607494     0.78607494     0.78996178     0.78996178     3.63211067     3.63211067     3.63268934     3.63268935     3.63268941     3.63268942     3.63268947     3.63268950     3.63347298     3.63347298
   900   -75.15875155   -75.15875155   -42.09751776   -42.09751776   -41.81182185   -41.81182185   -41.80787900   -41.80787900   -11.14847436   -11.14847436    -7.41956129    -7.41956129     0.78630293     0.78630293     0.79018991     0.79018991     3.63219278     3.63219278     3.63268935     3.63268936     3.63268941     3.63268942     3.63268946     3.63268948     3.63332248     3.63332248
   901   -75.15875505   -75.15875505   -42.09752157   -42.09752157   -41.81182342   -41.81182342   -41.80788531   -41.80788531   -11.14753012   -11.14753012    -7.42135623    -7.42135623     0.78648034     0.78648034     0.79036742     0.79036742     3.63229354     3.63229354     3.63268936     3.63268937     3.63268941     3.63268941     3.63268945     3.63268946     3.63316441     3.63316441
   902   -75.15875769   -75.15875769   -42.09752434   -42.09752434   -41.81182458   -41.81182458   -41.80788988   -41.80788988   -11.14685449   -11.14685449    -7.42263967    -7.42263967     0.78660710     0.78660710     0.79049425     0.79049425     3.63241141     3.63241141     3.63268937     3.63268938     3.63268941     3.63268941     3.63268943     3.63268944     3.63300335     3.63300335
   903   -75.15875932   -75.15875932   -42.09752602   -42.09752602   -41.81182528   -41.81182528   -41.80789265   -41.80789265   -11.14644865   -11.14644865    -7.42341028    -7.42341027     0.78668317     0.78668317     0.79057037     0.79057037     3.63254425     3.63254425     3.63268939     3.63268939     3.63268940     3.63268940     3.63268942     3.63268942     3.63284366     3.63284366
   904   -75.15875988   -75.15875988   -42.09752658   -42.09752658   -41.81182552   -41.81182552   -41.80789358   -41.80789358   -11.14631329   -11.14631329    -7.42366723    -7.42366723     0.78670854     0.78670854     0.79059574     0.79059574     3.63268940     3.63268940     3.63268940     3.63268940     3.63268940     3.63268940     3.63268940     3.63268940     3.63268940     3.63268940
   905   -75.15875986   -75.15875986   -42.09752716   -42.09752716   -41.81182654   -41.81182654   -41.80789372   -41.80789372   -11.14625440   -11.14625440    -7.42359351    -7.42359351     0.78643934     0.78644044     0.79036427     0.79036537     3.63239041     3.63239041     3.63268253     3.63268262     3.63268956     3.63268958     3.63269579     3.63269586     3.63298362     3.63298363
   906   -75.15875978   -75.15875978   -42.09752891   -42.09752891   -41.81182959   -41.81182959   -41.80789413   -41.80789413   -11.14607773   -11.14607772    -7.42337228    -7.42337228     0.78561860     0.78562068     0.78968562     0.78968771     3.63209292     3.63209293     3.63267536     3.63267556     3.63269003     3.63269009     3.63270166     3.63270179     3.63326700     3.63326700
   907   -75.15875963   -75.15875963   -42.09753181   -42.09753181   -41.81183467   -41.81183467   -41.80789482   -41.80789482   -11.14578328   -11.14578327    -7.42300339    -7.42300338     0.78420803     0.78421088     0.78859909     0.78860194     3.63180329     3.63180331     3.63266804     3.63266835     3.63269078     3.63269091     3.63270696     3.63270711     3.63353377     3.63353379
   908   -75.15875940   -75.15875940   -42.09753585   -42.09753585   -41.81184177   -41.81184177   -41.80789576   -41.80789576   -11.14537105   -11.14537105    -7.42248656    -7.42248655     0.78216200     0.78216526     0.78715192     0.78715518     3.63152781     3.63152784     3.63266072     3.63266115     3.63269178     3.63269199     3.63271161     3.63271176     3.63377862     3.63377866
   909   -75.15875905   -75.15875905   -42.09754103   -42.09754103   -41.81185087   -41.81185087   -41.80789696   -41.80789696   -11.14484107   -11.14484107    -7.42182143    -7.42182143     0.77944806     0.77945138     0.78537866     0.78538198     3.63127256     3.63127261     3.63265358     3.63265413     3.63269296     3.63269328     3.63271558     3.63271570     3.63399679     3.63399684
   910   -75.15875855   -75.15875855   -42.09754733   -42.09754732   -41.81186195   -41.81186195   -41.80789840   -41.80789840   -11.14419334   -11.14419334    -7.42100756    -7.42100756     0.77605534     0.77605847     0.78329273     0.78329586     3.63104333     3.63104339     3.63264680     3.63264745     3.63269425     3.63269471     3.63271883     3.63271890     3.63418413     3.63418420
   911   -75.15875785   -75.15875785   -42.09755472   -42.09755472   -41.81187499   -41.81187499   -41.80790005   -41.80790005   -11.14342786   -11.14342786    -7.42004443    -7.42004443     0.77198798     0.77199081     0.78089311     0.78089593     3.63084542     3.63084551     3.63264055     3.63264131     3.63269559     3.63269619     3.63272135     3.63272137     3.63433721     3.63433730
   912   -75.15875692   -75.15875692   -42.09756318   -42.09756318   -41.81188996   -41.81188996   -41.80790192   -41.80790191   -11.14254466   -11.14254466    -7.41893150    -7.41893149     0.76725562     0.76725811     0.77817389     0.77817638     3.63068359     3.63068369     3.63263503     3.63263587     3.63269689     3.63269763     3.63272307     3.63272320     3.63445335     3.63445346
   913   -75.15875571   -75.15875570   -42.09757270   -42.09757270   -41.81190684   -41.81190684   -41.80790396   -41.80790396   -11.14154376   -11.14154375    -7.41766815    -7.41766815     0.76186818     0.76187033     0.77512948     0.77513163     3.63056188     3.63056200     3.63263041     3.63263132     3.63269807     3.63269896     3.63272408     3.63272432     3.63453069     3.63453083
   914   -75.15875416   -75.15875415   -42.09758325   -42.09758325   -41.81192560   -41.81192560   -41.80790617   -41.80790617   -11.14042515   -11.14042515    -7.41625379    -7.41625378     0.75583432     0.75583617     0.77175611     0.77175795     3.63048357     3.63048371     3.63262686     3.63262782     3.63269905     3.63270009     3.63272440     3.63272478     3.63456822     3.63456838
   915   -75.15875222   -75.15875222   -42.09759480   -42.09759480   -41.81194619   -41.81194619   -41.80790853   -41.80790853   -11.13918887   -11.13918886    -7.41468782    -7.41468782     0.74916142     0.74916299     0.76805185     0.76805341     3.63045108     3.63045123     3.63262454     3.63262553     3.63269976     3.63270093     3.63272408     3.63272459     3.63456575     3.63456593
   916   -75.15874986   -75.15874986   -42.09760732   -42.09760732   -41.81196861   -41.81196861   -41.80791100   -41.80791100   -11.13783492   -11.13783492    -7.41296968    -7.41296968     0.74185591     0.74185722     0.76401624     0.76401755     3.63046589     3.63046605     3.63262358     3.63262457     3.63270016     3.63270143     3.63272316     3.63272379     3.63452394     3.63452413
   917   -75.15874704   -75.15874703   -42.09762080   -42.09762080   -41.81199281   -41.81199281   -41.80791358   -41.80791358   -11.13636332   -11.13636331    -7.41109886    -7.41109886     0.73392364     0.73392473     0.75964989     0.75965098     3.63052848     3.63052864     3.63262408     3.63262506     3.63270021     3.63270154     3.63272168     3.63272239     3.63444424     3.63444444
   918   -75.15874370   -75.15874370   -42.09763520   -42.09763520   -41.81201876   -41.81201876   -41.80791623   -41.80791623   -11.13477408   -11.13477407    -7.40907492    -7.40907492     0.72537013     0.72537103     0.75495423     0.75495512     3.63063835     3.63063851     3.63262613     3.63262707     3.63269990     3.63270124     3.63271966     3.63272043     3.63432888     3.63432909
   919   -75.15873983   -75.15873983   -42.09765050   -42.09765050   -41.81204644   -41.81204644   -41.80791894   -41.80791894   -11.13306721   -11.13306721    -7.40689750    -7.40689750     0.71620080     0.71620151     0.74993129     0.74993201     3.63079397     3.63079413     3.63262976     3.63263063     3.63269924     3.63270054     3.63271713     3.63271792     3.63418078     3.63418099
   920   -75.15873539   -75.15873539   -42.09766668   -42.09766668   -41.81207583   -41.81207583   -41.80792169   -41.80792169   -11.13124272   -11.13124272    -7.40456636    -7.40456635     0.70642099     0.70642155     0.74458360     0.74458416     3.63099281     3.63099295     3.63263498     3.63263577     3.63269826     3.63269946     3.63271412     3.63271488     3.63400352     3.63400372
   921   -75.15873039   -75.15873039   -42.09768373   -42.09768373   -41.81210690   -41.81210690   -41.80792447   -41.80792447   -11.12930063   -11.12930063    -7.40208134    -7.40208134     0.69603615     0.69603657     0.73891404     0.73891447     3.63123136     3.63123149     3.63264175     3.63264243     3.63269700     3.63269805     3.63271064     3.63271132     3.63380121     3.63380138
   922   -75.15872480   -75.15872480   -42.09770162   -42.09770162   -41.81213964   -41.81213964   -41.80792725   -41.80792725   -11.12724092   -11.12724092    -7.39944244    -7.39944244     0.68505179     0.68505210     0.73292584     0.73292614     3.63150522     3.63150533     3.63265000     3.63265055     3.63269552     3.63269638     3.63270670     3.63270727     3.63357841     3.63357857
   923   -75.15871865   -75.15871865   -42.09772036   -42.09772036   -41.81217403   -41.81217403   -41.80793003   -41.80793003   -11.12506361   -11.12506361    -7.39664978    -7.39664978     0.67347359     0.67347379     0.72662246     0.72662267     3.63180914     3.63180923     3.63265960     3.63266001     3.63269389     3.63269453     3.63270234     3.63270277     3.63334008     3.63334019
   924   -75.15871194   -75.15871194   -42.09773992   -42.09773992   -41.81221006   -41.81221006   -41.80793280   -41.80793280   -11.12276870   -11.12276870    -7.39370360    -7.39370360     0.66130735     0.66130747     0.72000764     0.72000776     3.63213715     3.63213720     3.63267039     3.63267064     3.63269217     3.63269256     3.63269758     3.63269785     3.63309137     3.63309145
   925   -75.15870471   -75.15870471   -42.09776031   -42.09776031   -41.81224774   -41.81224774   -41.80793556   -41.80793556   -11.12035618   -11.12035618    -7.39060428    -7.39060428     0.64855904     0.64855908     0.71308530     0.71308534     3.63248262     3.63248264     3.63268217     3.63268226     3.63269041     3.63269056     3.63269250     3.63269260     3.63283762     3.63283765
   926   -75.15869698   -75.15869698   -42.09778152   -42.09778152   -41.81228707   -41.81228707   -41.80793829   -41.80793829   -11.11782604   -11.11782604    -7.38735232    -7.38735232     0.63523477     0.63523479     0.70585953     0.70585955     3.63258416     3.63258418     3.63268708     3.63268715     3.63268859     3.63268869     3.63269463     3.63269470     3.63283844     3.63283846
   927   -75.15868881   -75.15868881   -42.09780357   -42.09780357   -41.81232805   -41.81232805   -41.80794101   -41.80794101   -11.11517828   -11.11517828    -7.38394834    -7.38394834     0.62134081     0.62134089     0.69833460     0.69833468     3.63233623     3.63233631     3.63268139     3.63268163     3.63268671     3.63268706     3.63270749     3.63270772     3.63319717     3.63319722
   928   -75.15868025   -75.15868025   -42.09782646   -42.09782646   -41.81237069   -41.81237069   -41.80794371   -41.80794371   -11.11241289   -11.11241289    -7.38039307    -7.38039307     0.60688366     0.60688378     0.69051499     0.69051511     3.63209896     3.63209910     3.63267564     3.63267603     3.63268498     3.63268554     3.63272054     3.63272094     3.63355117     3.63355126
   929   -75.15867136   -75.15867136   -42.09785021   -42.09785021   -41.81241502   -41.81241502   -41.80794640   -41.80794640   -11.10952985   -11.10952985    -7.37668732    -7.37668732     0.59186991     0.59187006     0.68240527     0.68240543     3.63187712     3.63187732     3.63266995     3.63267049     3.63268343     3.63268419     3.63273349     3.63273405     3.63389276     3.63389289
   930   -75.15866221   -75.15866221   -42.09787482   -42.09787482   -41.81246105   -41.81246105   -41.80794909   -41.80794909   -11.10652916   -11.10652916    -7.37283197    -7.37283197     0.57630631     0.57630649     0.67401014     0.67401032     3.63167514     3.63167540     3.63266445     3.63266511     3.63268209     3.63268303     3.63274601     3.63274672     3.63421439     3.63421456
   931   -75.15865286   -75.15865286   -42.09790034   -42.09790034   -41.81250882   -41.81250882   -41.80795180   -41.80795179   -11.10341080   -11.10341080    -7.36882797    -7.36882797     0.56019973     0.56019992     0.66533441     0.66533461     3.63149694     3.63149727     3.63265927     3.63266004     3.63268100     3.63268208     3.63275779     3.63275864     3.63450880     3.63450901
   932   -75.15864340   -75.15864340   -42.09792677   -42.09792677   -41.81255835   -41.81255835   -41.80795453   -41.80795453   -11.10017477   -11.10017477    -7.36467628    -7.36467628     0.54355719     0.54355740     0.65638300     0.65638321     3.63134594     3.63134632     3.63265454     3.63265539     3.63268015     3.63268135     3.63276852     3.63276949     3.63476920     3.63476944
   933   -75.15863388   -75.15863388   -42.09795416   -42.09795416   -41.81260969   -41.81260969   -41.80795730   -41.80795730   -11.09682104   -11.09682103    -7.36037788    -7.36037788     0.52638582     0.52638603     0.64716091     0.64716112     3.63122492     3.63122536     3.63265039     3.63265131     3.63267956     3.63268084     3.63277789     3.63277896     3.63498940     3.63498967
   934   -75.15862439   -75.15862439   -42.09798252   -42.09798252   -41.81266287   -41.81266287   -41.80796014   -41.80796014   -11.09334960   -11.09334960    -7.35593372    -7.35593371     0.50869287     0.50869308     0.63767324     0.63767345     3.63113603     3.63113652     3.63264694     3.63264791     3.63267922     3.63268055     3.63278564     3.63278678     3.63516398     3.63516427
   935   -75.15861499   -75.15861499   -42.09801189   -42.09801189   -41.81271792   -41.81271792   -41.80796306   -41.80796306   -11.08976045   -11.08976045    -7.35134471    -7.35134471     0.49048570     0.49048590     0.62792516     0.62792536     3.63108073     3.63108125     3.63264431     3.63264529     3.63267913     3.63268048     3.63279150     3.63279270     3.63528840     3.63528871
   936   -75.15860574   -75.15860574   -42.09804230   -42.09804230   -41.81277490   -41.81277490   -41.80796608   -41.80796608   -11.08605358   -11.08605358    -7.34661170    -7.34661170     0.47177174     0.47177194     0.61792189     0.61792209     3.63105976     3.63106031     3.63264258     3.63264356     3.63267927     3.63268061     3.63279529     3.63279651     3.63535914     3.63535946
   937   -75.15859670   -75.15859670   -42.09807379   -42.09807379   -41.81283384   -41.81283384   -41.80796923   -41.80796923   -11.08222898   -11.08222898    -7.34173544    -7.34173544     0.45255854     0.45255873     0.60766873     0.60766891     3.63107316     3.63107372     3.63264182     3.63264278     3.63267963     3.63268093     3.63279683     3.63279806     3.63537378     3.63537410
   938   -75.15858790   -75.15858790   -42.09810639   -42.09810639   -41.81289478   -41.81289478   -41.80797252   -41.80797252   -11.07828665   -11.07828665    -7.33671657    -7.33671657     0.43285372     0.43285389     0.59717100     0.59717117     3.63112027     3.63112083     3.63264211     3.63264303     3.63268018     3.63268142     3.63279601     3.63279722     3.63533107     3.63533139
   939   -75.15857939   -75.15857939   -42.09814013   -42.09814013   -41.81295776   -41.81295776   -41.80797598   -41.80797598   -11.07422659   -11.07422659    -7.33155560    -7.33155560     0.41266495     0.41266510     0.58643410     0.58643425     3.63119973     3.63120028     3.63264345     3.63264432     3.63268089     3.63268204     3.63279279     3.63279394     3.63523100     3.63523131
   940   -75.15857118   -75.15857118   -42.09817504   -42.09817504   -41.81302283   -41.81302283   -41.80797962   -41.80797961   -11.07004881   -11.07004881    -7.32625287    -7.32625287     0.39199999     0.39200012     0.57546341     0.57546355     3.63130954     3.63131007     3.63264587     3.63264666     3.63268174     3.63268279     3.63278715     3.63278823     3.63507478     3.63507507
   941   -75.15856328   -75.15856328   -42.09821115   -42.09821115   -41.81309000   -41.81309000   -41.80798346   -41.80798346   -11.06575332   -11.06575332    -7.32080859    -7.32080858     0.37086664     0.37086675     0.56426440     0.56426451     3.63144712     3.63144761     3.63264935     3.63265005     3.63268271     3.63268363     3.63277917     3.63278015     3.63486490     3.63486516
   942   -75.15855569   -75.15855569   -42.09824849   -42.09824849   -41.81315932   -41.81315932   -41.80798752   -41.80798752   -11.06134012   -11.06134012    -7.31522275    -7.31522275     0.34927273     0.34927283     0.55284250     0.55284259     3.63160932     3.63160976     3.63265383     3.63265443     3.63268375     3.63268454     3.63276895     3.63276981     3.63460503     3.63460526
   943   -75.15854838   -75.15854838   -42.09828708   -42.09828708   -41.81323082   -41.81323082   -41.80799180   -41.80799180   -11.05680924   -11.05680924    -7.30949521    -7.30949520     0.32722616     0.32722624     0.54120318     0.54120326     3.63179256     3.63179293     3.63265925     3.63265974     3.63268485     3.63268550     3.63275668     3.63275740     3.63430001     3.63430020
   944   -75.15854133   -75.15854133   -42.09832693   -42.09832693   -41.81330450   -41.81330449   -41.80799633   -41.80799633   -11.05216070   -11.05216070    -7.30362560    -7.30362560     0.30473483     0.30473489     0.52935193     0.52935198     3.63199282     3.63199313     3.63266550     3.63266588     3.63268598     3.63268647     3.63274259     3.63274315     3.63395574     3.63395590
   945   -75.15853450   -75.15853450   -42.09836806   -42.09836806   -41.81338038   -41.81338038   -41.80800111   -41.80800111   -11.04739452   -11.04739452    -7.29761340    -7.29761339     0.28180666     0.28180670     0.51729421     0.51729425     3.63220584     3.63220605     3.63267248     3.63267275     3.63268710     3.63268743     3.63272696     3.63272735     3.63357909     3.63357920
   946   -75.15852781   -75.15852781   -42.09841048   -42.09841048   -41.81345847   -41.81345847   -41.80800614   -41.80800614   -11.04251073   -11.04251073    -7.29145790    -7.29145790     0.25844960     0.25844962     0.50503550     0.50503552     3.63242707     3.63242719     3.63268005     3.63268019     3.63268819     3.63268837     3.63271011     3.63271033     3.63317772     3.63317778
   947   -75.15852120   -75.15852120   -42.09845418   -42.09845418   -41.81353877   -41.81353877   -41.80801142   -41.80801142   -11.03750936   -11.03750936    -7.28515826    -7.28515826     0.23467157     0.23467158     0.49258127     0.49258127     3.63265191     3.63265193     3.63268804     3.63268806     3.63268924     3.63268926     3.63269241     3.63269244     3.63276000     3.63276001
   948   -75.15851459   -75.15851459   -42.09849917   -42.09849917   -41.81362128   -41.81362128   -41.80801695   -41.80801695   -11.03239045   -11.03239045    -7.27871346    -7.27871346     0.21048051     0.21048052     0.47993694     0.47993696     3.63233471     3.63233475     3.63267409     3.63267424     3.63269009     3.63269021     3.63269619     3.63269629     3.63287559     3.63287568
   949   -75.15850788   -75.15850788   -42.09854543   -42.09854543   -41.81370597   -41.81370597   -41.80802273   -41.80802273   -11.02715403   -11.02715403    -7.27212238    -7.27212238     0.18588433     0.18588436     0.46710796     0.46710799     3.63191103     3.63191113     3.63265568     3.63265602     3.63269084     3.63269110     3.63270441     3.63270462     3.63309359     3.63309378
   950   -75.15850100   -75.15850100   -42.09859296   -42.09859296   -41.81379283   -41.81379283   -41.80802873   -41.80802873   -11.02180015   -11.02180015    -7.26538381    -7.26538381     0.16089094     0.16089098     0.45409974     0.45409978     3.63149823     3.63149838     3.63263763     3.63263815     3.63269150     3.63269189     3.63271252     3.63271283     3.63330149     3.63330179
   951   -75.15849383   -75.15849382   -42.09864173   -42.09864173   -41.81388182   -41.81388182   -41.80803495   -41.80803495   -11.01632883   -11.01632883    -7.25849647    -7.25849647     0.13550819     0.13550824     0.44091764     0.44091769     3.63110546     3.63110565     3.63262037     3.63262106     3.63269207     3.63269256     3.63272033     3.63272075     3.63349510     3.63349551
   952   -75.15848627   -75.15848627   -42.09869171   -42.09869171   -41.81397292   -41.81397292   -41.80804136   -41.80804136   -11.01074012   -11.01074012    -7.25145904    -7.25145904     0.10974392     0.10974398     0.42756701     0.42756707     3.63074156     3.63074180     3.63260431     3.63260515     3.63269253     3.63269312     3.63272768     3.63272818     3.63367055     3.63367106
   953   -75.15847822   -75.15847822   -42.09874288   -42.09874288   -41.81406607   -41.81406607   -41.80804796   -41.80804796   -11.00503407   -11.00503407    -7.24427020    -7.24427020     0.08360591     0.08360597     0.41405316     0.41405323     3.63041489     3.63041517     3.63258983     3.63259081     3.63269289     3.63269356     3.63273437     3.63273494     3.63382438     3.63382499
   954   -75.15846959   -75.15846959   -42.09879520   -42.09879520   -41.81416123   -41.81416123   -41.80805470   -41.80805470   -10.99921070   -10.99921070    -7.23692867    -7.23692867     0.05710187     0.05710195     0.40038136     0.40038143     3.63013309     3.63013340     3.63257729     3.63257839     3.63269314     3.63269388     3.63274025     3.63274088     3.63395360     3.63395428
   955   -75.15846029   -75.15846029   -42.09884863   -42.09884863   -41.81425834   -41.81425834   -41.80806156   -41.80806156   -10.99327006   -10.99327006    -7.22943325    -7.22943325     0.03023949     0.03023957     0.38655681     0.38655689     3.62990290     3.62990324     3.63256700     3.63256820     3.63269330     3.63269407     3.63274516     3.63274583     3.63405570     3.63405645
   956   -75.15845023   -75.15845023   -42.09890313   -42.09890313   -41.81435734   -41.81435734   -41.80806852   -41.80806852   -10.98721218   -10.98721218    -7.22178282    -7.22178282     0.00302636     0.00302644     0.37258471     0.37258478     3.62973002     3.62973038     3.63255924     3.63256051     3.63269335     3.63269415     3.63274896     3.63274967     3.63412877     3.63412958
   957   -75.15843934   -75.15843934   -42.09895866   -42.09895866   -41.81445818   -41.81445817   -41.80807554   -41.80807554   -10.98103709   -10.98103708    -7.21397643    -7.21397643    -0.02452998    -0.02452990     0.35847016     0.35847024     3.62961894     3.62961931     3.63255422     3.63255553     3.63269331     3.63269412     3.63275157     3.63275229     3.63417149     3.63417234
   958   -75.15842755   -75.15842755   -42.09901515   -42.09901515   -41.81456077   -41.81456077   -41.80808259   -41.80808259   -10.97474482   -10.97474481    -7.20601326    -7.20601326    -0.05242208    -0.05242201     0.34421825     0.34421832     3.62957283     3.62957321     3.63255208     3.63255340     3.63269319     3.63269399     3.63275287     3.63275359     3.63418313     3.63418400
   959   -75.15841483   -75.15841483   -42.09907257   -42.09907257   -41.81466505   -41.81466505   -41.80808964   -41.80808963   -10.96833539   -10.96833539    -7.19789273    -7.19789273    -0.08064256    -0.08064249     0.32983397     0.32983405     3.62959343     3.62959380     3.63255291     3.63255422     3.63269300     3.63269377     3.63275284     3.63275354     3.63416361     3.63416448
   960   -75.15840115   -75.15840114   -42.09913086   -42.09913086   -41.81477095   -41.81477095   -41.80809664   -41.80809664   -10.96180883   -10.96180883    -7.18961445    -7.18961445    -0.10918413    -0.10918406     0.31532231     0.31532237     3.62968099     3.62968135     3.63255672     3.63255799     3.63269274     3.63269347     3.63275142     3.63275210     3.63411345     3.63411430
   961   -75.15838648   -75.15838648   -42.09918996   -42.09918996   -41.81487840   -41.81487840   -41.80810357   -41.80810357   -10.95516515   -10.95516515    -7.18117828    -7.18117828    -0.13803958    -0.13803952     0.30068814     0.30068820     3.62983424     3.62983459     3.63256346     3.63256466     3.63269243     3.63269310     3.63274864     3.63274927     3.63403377     3.63403459
   962   -75.15837084   -75.15837084   -42.09924984   -42.09924984   -41.81498733   -41.81498733   -41.80811039   -41.80811039   -10.94840436   -10.94840436    -7.17258433    -7.17258433    -0.16720179    -0.16720174     0.28593630     0.28593636     3.63005041     3.63005073     3.63257300     3.63257411     3.63269208     3.63269268     3.63274452     3.63274509     3.63392627     3.63392703
   963   -75.15835424   -75.15835424   -42.09931044   -42.09931044   -41.81509767   -41.81509767   -41.80811707   -41.80811707   -10.94152648   -10.94152648    -7.16383296    -7.16383296    -0.19666375    -0.19666370     0.27107158     0.27107163     3.63032523     3.63032552     3.63258514     3.63258613     3.63269170     3.63269222     3.63273912     3.63273963     3.63379318     3.63379386
   964   -75.15833674   -75.15833674   -42.09937172   -42.09937172   -41.81520935   -41.81520935   -41.80812359   -41.80812359   -10.93453150   -10.93453150    -7.15492483    -7.15492483    -0.22641851    -0.22641847     0.25609868     0.25609872     3.63065304     3.63065329     3.63259963     3.63260048     3.63269130     3.63269174     3.63273254     3.63273298     3.63363719     3.63363779
   965   -75.15831839   -75.15831839   -42.09943362   -42.09943362   -41.81532232   -41.81532232   -41.80812990   -41.80812990   -10.92741943   -10.92741943    -7.14586080    -7.14586080    -0.25645924    -0.25645921     0.24102224     0.24102227     3.63102687     3.63102707     3.63261615     3.63261685     3.63269088     3.63269124     3.63272490     3.63272525     3.63346146     3.63346195
   966   -75.15829926   -75.15829926   -42.09949612   -42.09949612   -41.81543651   -41.81543651   -41.80813600   -41.80813600   -10.92019025   -10.92019025    -7.13664203    -7.13664203    -0.28677920    -0.28677917     0.22584684     0.22584686     3.63143861     3.63143876     3.63263433     3.63263485     3.63269047     3.63269073     3.63271633     3.63271659     3.63326947     3.63326985
   967   -75.15827945   -75.15827945   -42.09955918   -42.09955918   -41.81555187   -41.81555187   -41.80814185   -41.80814185   -10.91284397   -10.91284397    -7.12726988    -7.12726988    -0.31737173    -0.31737172     0.21057700     0.21057702     3.63187915     3.63187925     3.63265376     3.63265410     3.63269007     3.63269023     3.63270700     3.63270717     3.63306503     3.63306527
   968   -75.15825906   -75.15825906   -42.09962276   -42.09962276   -41.81566835   -41.81566835   -41.80814744   -41.80814744   -10.90538058   -10.90538058    -7.11774592    -7.11774592    -0.34823030    -0.34823029     0.19521717     0.19521718     3.63233863     3.63233867     3.63267399     3.63267413     3.63268968     3.63268975     3.63269710     3.63269717     3.63285213     3.63285224
   969   -75.15823821   -75.15823821   -42.09968683   -42.09968683   -41.81578592   -41.81578592   -41.80815276   -41.80815275   -10.89780005   -10.89780005    -7.10807191    -7.10807191    -0.37934842    -0.37934842     0.17977172     0.17977173     3.63263489     3.63263493     3.63268678     3.63268681     3.63268929     3.63268931     3.63269450     3.63269455     3.63280660     3.63280661
   970   -75.15821701   -75.15821701   -42.09975139   -42.09975139   -41.81590454   -41.81590454   -41.80815779   -41.80815779   -10.89010237   -10.89010237    -7.09824975    -7.09824975    -0.41071975    -0.41071974     0.16424496     0.16424497     3.63241745     3.63241763     3.63267622     3.63267634     3.63268886     3.63268897     3.63271472     3.63271496     3.63327229     3.63327236
   971   -75.15819561   -75.15819561   -42.09981642   -42.09981642   -41.81602418   -41.81602418   -41.80816253   -41.80816253   -10.88228754   -10.88228754    -7.08828144    -7.08828144    -0.44233799    -0.44233797     0.14864114     0.14864116     3.63220412     3.63220444     3.63266570     3.63266591     3.63268847     3.63268866     3.63273432     3.63273475     3.63372496     3.63372509
   972   -75.15817414   -75.15817414   -42.09988191   -42.09988191   -41.81614483   -41.81614483   -41.80816698   -41.80816698   -10.87435553   -10.87435553    -7.07816907    -7.07816907    -0.47419697    -0.47419694     0.13296444     0.13296446     3.63199899     3.63199945     3.63265544     3.63265572     3.63268812     3.63268837     3.63275284     3.63275345     3.63415404     3.63415423
   973   -75.15815273   -75.15815273   -42.09994785   -42.09994785   -41.81626648   -41.81626648   -41.80817114   -41.80817114   -10.86630634   -10.86630634    -7.06791476    -7.06791476    -0.50629057    -0.50629055     0.11721895     0.11721898     3.63180603     3.63180662     3.63264564     3.63264600     3.63268781     3.63268813     3.63276984     3.63277062     3.63454947     3.63454971
   974   -75.15813152   -75.15813152   -42.10001425   -42.10001425   -41.81638912   -41.81638912   -41.80817502   -41.80817502   -10.85813994   -10.85813994    -7.05752059    -7.05752058    -0.53861281    -0.53861277     0.10140873     0.10140876     3.63162896     3.63162966     3.63263651     3.63263694     3.63268755     3.63268791     3.63278493     3.63278586     3.63490194     3.63490222
   975   -75.15811063   -75.15811063   -42.10008113   -42.10008113   -41.81651275   -41.81651275   -41.80817864   -41.80817864   -10.84985633   -10.84985633    -7.04698859    -7.04698859    -0.57115774    -0.57115770     0.08553773     0.08553777     3.63147121     3.63147201     3.63262825     3.63262874     3.63268733     3.63268773     3.63279776     3.63279881     3.63520313     3.63520346
   976   -75.15809018   -75.15809018   -42.10014850   -42.10014850   -41.81663738   -41.81663738   -41.80818201   -41.80818201   -10.84145551   -10.84145550    -7.03632071    -7.03632071    -0.60391953    -0.60391949     0.06960985     0.06960989     3.63133590     3.63133678     3.63262104     3.63262157     3.63268716     3.63268759     3.63280802     3.63280918     3.63544600     3.63544637
   977   -75.15807027   -75.15807027   -42.10021637   -42.10021637   -41.81676304   -41.81676304   -41.80818515   -41.80818515   -10.83293746   -10.83293746    -7.02551873    -7.02551873    -0.63689242    -0.63689238     0.05362894     0.05362898     3.63122574     3.63122670     3.63261505     3.63261561     3.63268703     3.63268748     3.63281550     3.63281674     3.63562496     3.63562536
   978   -75.15805101   -75.15805101   -42.10028478   -42.10028478   -41.81688974   -41.81688974   -41.80818808   -41.80818808   -10.82430219   -10.82430219    -7.01458425    -7.01458425    -0.67007074    -0.67007070     0.03759873     0.03759878     3.63114307     3.63114407     3.63261042     3.63261101     3.63268696     3.63268741     3.63282004     3.63282133     3.63573608     3.63573650
   979   -75.15803246   -75.15803246   -42.10035375   -42.10035375   -41.81701751   -41.81701751   -41.80819083   -41.80819083   -10.81554971   -10.81554971    -7.00351865    -7.00351864    -0.70344889    -0.70344885     0.02152294     0.02152299     3.63108976     3.63109079     3.63260727     3.63260787     3.63268692     3.63268737     3.63282157     3.63282288     3.63577719     3.63577763
   980   -75.15801468   -75.15801468   -42.10042332   -42.10042332   -41.81714638   -41.81714638   -41.80819343   -41.80819343   -10.80668003   -10.80668003    -6.99232304    -6.99232304    -0.73702136    -0.73702132     0.00540519     0.00540523     3.63106728     3.63106831     3.63260572     3.63260632     3.63268694     3.63268736     3.63282010     3.63282140     3.63574803     3.63574848
   981   -75.15799771   -75.15799771   -42.10049352   -42.10049352   -41.81727639   -41.81727638   -41.80819591   -41.80819590   -10.79769317   -10.79769317    -6.98099828    -6.98099828    -0.77078271    -0.77078267    -0.01075098    -0.01075094     3.63107665     3.63107765     3.63260584     3.63260642     3.63268699     3.63268739     3.63281570     3.63281697     3.63565027     3.63565072
   982   -75.15798156   -75.15798156   -42.10056439   -42.10056439   -41.81740756   -41.81740756   -41.80819830   -41.80819829   -10.78858915   -10.78858915    -6.96954489    -6.96954489    -0.80472758    -0.80472754    -0.02694207    -0.02694203     3.63111846     3.63111941     3.63260768     3.63260823     3.63268709     3.63268745     3.63280857     3.63280977     3.63548749     3.63548793
   983   -75.15796623   -75.15796623   -42.10063597   -42.10063597   -41.81753995   -41.81753995   -41.80820063   -41.80820063   -10.77936801   -10.77936801    -6.95796310    -6.95796309    -0.83885069    -0.83885066    -0.04316465    -0.04316462     3.63119292     3.63119381     3.63261128     3.63261179     3.63268723     3.63268755     3.63279893     3.63280004     3.63526517     3.63526559
   984   -75.15795170   -75.15795170   -42.10070829   -42.10070829   -41.81767359   -41.81767358   -41.80820294   -41.80820294   -10.77002978   -10.77002977    -6.94625277    -6.94625277    -0.87314683    -0.87314680    -0.05941538    -0.05941535     3.63129989     3.63130069     3.63261664     3.63261711     3.63268740     3.63268768     3.63278711     3.63278811     3.63499051     3.63499091
   985   -75.15793790   -75.15793790   -42.10078140   -42.10078140   -41.81780850   -41.81780850   -41.80820527   -41.80820527   -10.76057450   -10.76057450    -6.93441347    -6.93441347    -0.90761087    -0.90761085    -0.07569095    -0.07569092     3.63143893     3.63143963     3.63262376     3.63262417     3.63268762     3.63268785     3.63277349     3.63277436     3.63467229     3.63467265
   986   -75.15792478   -75.15792478   -42.10085534   -42.10085534   -41.81794474   -41.81794474   -41.80820763   -41.80820763   -10.75100222   -10.75100222    -6.92244441    -6.92244441    -0.94223776    -0.94223774    -0.09198814    -0.09198812     3.63160935     3.63160993     3.63263261     3.63263295     3.63268788     3.63268805     3.63275850     3.63275922     3.63432059     3.63432090
   987   -75.15791224   -75.15791224   -42.10093013   -42.10093013   -41.81808234   -41.81808234   -41.80821007   -41.80821007   -10.74131301   -10.74131300    -6.91034450    -6.91034450    -0.97702252    -0.97702251    -0.10830378    -0.10830377     3.63181033     3.63181078     3.63264313     3.63264340     3.63268817     3.63268830     3.63274261     3.63274317     3.63394651     3.63394676
   988   -75.15790017   -75.15790017   -42.10100580   -42.10100580   -41.81822131   -41.81822131   -41.80821261   -41.80821261   -10.73150690   -10.73150690    -6.89811236    -6.89811236    -1.01196025    -1.01196024    -0.12463478    -0.12463477     3.63204094     3.63204125     3.63265527     3.63265546     3.63268850     3.63268858     3.63272631     3.63272669     3.63356178     3.63356197
   989   -75.15788845   -75.15788845   -42.10108240   -42.10108240   -41.81836169   -41.81836169   -41.80821527   -41.80821527   -10.72158398   -10.72158398    -6.88574632    -6.88574632    -1.04704613    -1.04704612    -0.14097808    -0.14097807     3.63230028     3.63230046     3.63266894     3.63266905     3.63268886     3.63268891     3.63271008     3.63271030     3.63317837     3.63317849
   990   -75.15787694   -75.15787694   -42.10115993   -42.10115993   -41.81850350   -41.81850350   -41.80821809   -41.80821809   -10.71154431   -10.71154431    -6.87324449    -6.87324449    -1.08227541    -1.08227540    -0.15733070    -0.15733070     3.63258755     3.63258760     3.63268406     3.63268409     3.63268926     3.63268927     3.63269442     3.63269447     3.63280802     3.63280805
   991   -75.15786551   -75.15786551   -42.10123842   -42.10123842   -41.81864674   -41.81864674   -41.80822107   -41.80822107   -10.70138795   -10.70138795    -6.86060479    -6.86060479    -1.11764342    -1.11764342    -0.17368973    -0.17368972     3.63246168     3.63246174     3.63267967     3.63267977     3.63268968     3.63268969     3.63270046     3.63270052     3.63290205     3.63290214
   992   -75.15785399   -75.15785399   -42.10131788   -42.10131788   -41.81879143   -41.81879143   -41.80822423   -41.80822423   -10.69111497   -10.69111497    -6.84782499    -6.84782499    -1.15314558    -1.15314557    -0.19005229    -0.19005228     3.63214918     3.63214934     3.63266630     3.63266654     3.63269012     3.63269015     3.63271806     3.63271821     3.63324345     3.63324365
   993   -75.15784224   -75.15784224   -42.10139832   -42.10139832   -41.81893755   -41.81893755   -41.80822758   -41.80822758   -10.68072546   -10.68072545    -6.83490274    -6.83490274    -1.18877738    -1.18877737    -0.20641557    -0.20641556     3.63187869     3.63187894     3.63265469     3.63265505     3.63269060     3.63269063     3.63273674     3.63273697     3.63361166     3.63361195
   994   -75.15783010   -75.15783010   -42.10147973   -42.10147973   -41.81908511   -41.81908511   -41.80823114   -41.80823114   -10.67021947   -10.67021946    -6.82183566    -6.82183566    -1.22453440    -1.22453438    -0.22277682    -0.22277681     3.63165621     3.63165656     3.63264511     3.63264556     3.63269110     3.63269113     3.63275634     3.63275664     3.63400675     3.63400712
   995   -75.15781741   -75.15781741   -42.10156212   -42.10156212   -41.81923408   -41.81923408   -41.80823489   -41.80823489   -10.65959708   -10.65959707    -6.80862141    -6.80862140    -1.26041228    -1.26041226    -0.23913335    -0.23913333     3.63148532     3.63148577     3.63263771     3.63263822     3.63269163     3.63269164     3.63277663     3.63277701     3.63442880     3.63442922
   996   -75.15780404   -75.15780404   -42.10164547   -42.10164547   -41.81938444   -41.81938444   -41.80823884   -41.80823884   -10.64885835   -10.64885835    -6.79525766    -6.79525766    -1.29640678    -1.29640675    -0.25548251    -0.25548248     3.63136701     3.63136755     3.63263254     3.63263308     3.63269215     3.63269216     3.63279736     3.63279780     3.63487761     3.63487806
   997   -75.15778985   -75.15778985   -42.10172975   -42.10172975   -41.81953615   -41.81953615   -41.80824298   -41.80824298   -10.63800336   -10.63800336    -6.78174227    -6.78174227    -1.33251371    -1.33251368    -0.27182170    -0.27182167     3.63129968     3.63130030     3.63262956     3.63263010     3.63269266     3.63269270     3.63281816     3.63281865     3.63535215     3.63535261
   998   -75.15777473   -75.15777473   -42.10181496   -42.10181496   -41.81968918   -41.81968918   -41.80824730   -41.80824730   -10.62703216   -10.62703216    -6.76807324    -6.76807324    -1.36872898    -1.36872896    -0.28814840    -0.28814837     3.63127944     3.63128011     3.63262864     3.63262914     3.63269314     3.63269323     3.63283858     3.63283910     3.63584986     3.63585031
   999   -75.15775858   -75.15775858   -42.10190104   -42.10190104   -41.81984347   -41.81984347   -41.80825178   -41.80825178   -10.61594482   -10.61594482    -6.75424884    -6.75424884    -1.40504859    -1.40504856    -0.30446013    -0.30446009     3.63130052     3.63130123     3.63262955     3.63262999     3.63269359     3.63269372     3.63285804     3.63285858     3.63636569     3.63636611
  1000   -75.15774130   -75.15774130   -42.10198797   -42.10198797   -41.81999896   -41.81999896   -41.80825640   -41.80825640   -10.60474138   -10.60474138    -6.74026762    -6.74026762    -1.44146861    -1.44146858    -0.32075444    -0.32075440     3.63135599     3.63135671     3.63263201     3.63263238     3.63269398     3.63269417     3.63287583     3.63287637     3.63689104     3.63689141
  1001   -75.15772286   -75.15772286   -42.10207570   -42.10207570   -41.82015560   -41.82015560   -41.80826114   -41.80826113   -10.59342191   -10.59342190    -6.72612847    -6.72612846    -1.47798520    -1.47798517    -0.33702895    -0.33702892     3.63143842     3.63143913     3.63263573     3.63263601     3.63269431     3.63269455     3.63289113     3.63289164     3.63741261     3.63741293
  1002   -75.15770320   -75.15770320   -42.10216419   -42.10216419   -41.82031331   -41.82031331   -41.80826596   -41.80826596   -10.58198643   -10.58198643    -6.71183063    -6.71183063    -1.51459461    -1.51459458    -0.35328135    -0.35328131     3.63154059     3.63154125     3.63264038     3.63264056     3.63269455     3.63269483     3.63290300     3.63290346     3.63791141     3.63791168
  1003   -75.15768232   -75.15768232   -42.10225338   -42.10225338   -41.82047202   -41.82047201   -41.80827085   -41.80827085   -10.57043499   -10.57043499    -6.69737380    -6.69737380    -1.55129315    -1.55129312    -0.36950933    -0.36950930     3.63165598     3.63165657     3.63264566     3.63264574     3.63269469     3.63269501     3.63291048     3.63291088     3.63836189     3.63836210
  1004   -75.15766023   -75.15766023   -42.10234321   -42.10234321   -41.82063164   -41.82063164   -41.80827577   -41.80827577   -10.55876763   -10.55876763    -6.68275805    -6.68275805    -1.58807724    -1.58807721    -0.38571067    -0.38571064     3.63177910     3.63177960     3.63265128     3.63265129     3.63269470     3.63269505     3.63291260     3.63291292     3.63873135     3.63873151
  1005   -75.15763696   -75.15763696   -42.10243364   -42.10243364   -41.82079211   -41.82079211   -41.80828068   -41.80828067   -10.54698437   -10.54698437    -6.66798394    -6.66798394    -1.62494336    -1.62494333    -0.40188319    -0.40188316     3.63190558     3.63190599     3.63265696     3.63265704     3.63269457     3.63269494     3.63290850     3.63290875     3.63897970     3.63897983
  1006   -75.15761259   -75.15761259   -42.10252459   -42.10252459   -41.82095332   -41.82095332   -41.80828554   -41.80828554   -10.53508523   -10.53508523    -6.65305244    -6.65305244    -1.66188807    -1.66188804    -0.41802472    -0.41802470     3.63203213     3.63203243     3.63266258     3.63266272     3.63269429     3.63269466     3.63289753     3.63289769     3.63905942     3.63905951
  1007   -75.15758719   -75.15758719   -42.10261600   -42.10261600   -41.82111520   -41.82111520   -41.80829033   -41.80829033   -10.52307024   -10.52307024    -6.63796498    -6.63796498    -1.69890801    -1.69890799    -0.43413320    -0.43413317     3.63215633     3.63215654     3.63266800     3.63266818     3.63269385     3.63269420     3.63287924     3.63287934     3.63891571     3.63891577
  1008   -75.15756088   -75.15756088   -42.10270781   -42.10270781   -41.82127766   -41.82127766   -41.80829500   -41.80829500   -10.51093940   -10.51093940    -6.62272342    -6.62272342    -1.73599989    -1.73599987    -0.45020654    -0.45020653     3.63227650     3.63227662     3.63267314     3.63267332     3.63269325     3.63269355     3.63285352     3.63285356     3.63848687     3.63848690
  1009   -75.15753378   -75.15753378   -42.10279996   -42.10279996   -41.82144061   -41.82144061   -41.80829953   -41.80829953   -10.49869274   -10.49869273    -6.60733000    -6.60733000    -1.77316049    -1.77316048    -0.46624276    -0.46624275     3.63239142     3.63239148     3.63267790     3.63267807     3.63269247     3.63269273     3.63282056     3.63282056     3.63770474     3.63770477
  1010   -75.15750604   -75.15750604   -42.10289239   -42.10289239   -41.82160396   -41.82160396   -41.80830386   -41.80830386   -10.48633024   -10.48633024    -6.59178733    -6.59178732    -1.81038665    -1.81038665    -0.48223987    -0.48223986     3.63250023     3.63250025     3.63268226     3.63268239     3.63269155     3.63269173     3.63278088     3.63278089     3.63649528     3.63649529
  1011   -75.15747780   -75.15747780   -42.10298503   -42.10298503   -41.82176763   -41.82176763   -41.80830798   -41.80830798   -10.47385193   -10.47385192    -6.57609832    -6.57609832    -1.84767530    -1.84767530    -0.49819596    -0.49819596     3.63260227     3.63260227     3.63268619     3.63268626     3.63269048     3.63269057     3.63273534     3.63273536     3.63477917     3.63477917
  1012   -75.15744925   -75.15744925   -42.10307784   -42.10307784   -41.82193153   -41.82193153   -41.80831186   -41.80831186   -10.46125779   -10.46125779    -6.56026617    -6.56026617    -1.88502340    -1.88502340    -0.51410913    -0.51410913     3.63247251     3.63247251     3.63268506     3.63268506     3.63268929     3.63268930     3.63268967     3.63268968     3.63269701     3.63269701
  1013   -75.15742055   -75.15742055   -42.10317075   -42.10317075   -41.82209561   -41.82209561   -41.80831545   -41.80831545   -10.44854785   -10.44854785    -6.54429426    -6.54429426    -1.92242798    -1.92242798    -0.52997755    -0.52997754     3.62948763     3.62948764     3.63263132     3.63263136     3.63268792     3.63268804     3.63269264     3.63269273     3.63278396     3.63278398
  1014   -75.15739188   -75.15739188   -42.10326372   -42.10326372   -41.82225977   -41.82225977   -41.80831874   -41.80831874   -10.43572209   -10.43572209    -6.52818612    -6.52818612    -1.95988614    -1.95988613    -0.54579939    -0.54579938     3.62573391     3.62573392     3.63257561     3.63257570     3.63268649     3.63268672     3.63269517     3.63269536     3.63286270     3.63286277
  1015   -75.15736342   -75.15736342   -42.10335670   -42.10335669   -41.82242396   -41.82242396   -41.80832171   -41.80832171   -10.42278053   -10.42278053    -6.51194535    -6.51194535    -1.99739500    -1.99739499    -0.56157288    -0.56157287     3.62111865     3.62111866     3.63251953     3.63251969     3.63268505     3.63268540     3.63269728     3.63269758     3.63293284     3.63293296
  1016   -75.15733534   -75.15733534   -42.10344964   -42.10344964   -41.82258812   -41.82258812   -41.80832434   -41.80832433   -10.40972317   -10.40972317    -6.49557554    -6.49557554    -2.03495176    -2.03495174    -0.57729630    -0.57729628     3.61554806     3.61554806     3.63246471     3.63246494     3.63268365     3.63268411     3.63269900     3.63269941     3.63299401     3.63299420
  1017   -75.15730781   -75.15730781   -42.10354253   -42.10354253   -41.82275219   -41.82275219   -41.80832661   -41.80832661   -10.39655002   -10.39655002    -6.47908019    -6.47908019    -2.07255365    -2.07255363    -0.59296793    -0.59296791     3.60892820     3.60892821     3.63241275     3.63241306     3.63268233     3.63268289     3.63270035     3.63270085     3.63304590     3.63304616
  1018   -75.15728096   -75.15728096   -42.10363532   -42.10363532   -41.82291613   -41.82291613   -41.80832851   -41.80832851   -10.38326110   -10.38326110    -6.46246269    -6.46246269    -2.11019795    -2.11019793    -0.60858613    -0.60858611     3.60116608     3.60116609     3.63236522     3.63236561     3.63268113     3.63268179     3.63270134     3.63270194     3.63308826     3.63308859
  1019   -75.15725495   -75.15725495   -42.10372799   -42.10372799   -41.82307990   -41.82307990   -41.80833005   -41.80833005   -10.36985643   -10.36985643    -6.44572617    -6.44572617    -2.14788199    -2.14788196    -0.62414925    -0.62414923     3.59217066     3.59217067     3.63232353     3.63232399     3.63268010     3.63268083     3.63270201     3.63270268     3.63312090     3.63312131
  1020   -75.15722988   -75.15722988   -42.10382054   -42.10382054   -41.82324346   -41.82324346   -41.80833122   -41.80833121   -10.35633603   -10.35633603    -6.42887350    -6.42887349    -2.18560312    -2.18560309    -0.63965571    -0.63965569     3.58185393     3.58185394     3.63228896     3.63228950     3.63267927     3.63268007     3.63270237     3.63270310     3.63314375     3.63314422
  1021   -75.15720584   -75.15720584   -42.10391293   -42.10391293   -41.82340680   -41.82340680   -41.80833202   -41.80833201   -10.34269994   -10.34269994    -6.41190719    -6.41190719    -2.22335874    -2.22335872    -0.65510395    -0.65510393     3.57013197     3.57013198     3.63226261     3.63226320     3.63267867     3.63267951     3.63270244     3.63270322     3.63315681     3.63315734
  1022   -75.15718292   -75.15718292   -42.10400518   -42.10400518   -41.82356990   -41.82356990   -41.80833246   -41.80833246   -10.32894820   -10.32894819    -6.39482938    -6.39482937    -2.26114629    -2.26114627    -0.67049244    -0.67049242     3.55692601     3.55692602     3.63224533     3.63224596     3.63267831     3.63267918     3.63270225     3.63270306     3.63316022     3.63316080
  1023   -75.15716115   -75.15716115   -42.10409728   -42.10409728   -41.82373274   -41.82373274   -41.80833255   -41.80833255   -10.31508085   -10.31508084    -6.37764173    -6.37764173    -2.29896324    -2.29896322    -0.68581969    -0.68581966     3.54216342     3.54216343     3.63223774     3.63223841     3.63267821     3.63267909     3.63270182     3.63270265     3.63315423     3.63315485
  1024   -75.15714055   -75.15714055   -42.10418923   -42.10418923   -41.82389533   -41.82389533   -41.80833232   -41.80833232   -10.30109795   -10.30109794    -6.36034545    -6.36034545    -2.33680709    -2.33680707    -0.70108423    -0.70108421     3.52577866     3.52577867     3.63224022     3.63224091     3.63267837     3.63267924     3.63270118     3.63270200     3.63313923     3.63313986
  1025   -75.15712112   -75.15712112   -42.10428105   -42.10428105   -41.82405767   -41.82405767   -41.80833178   -41.80833178   -10.28699956   -10.28699955    -6.34294123    -6.34294123    -2.37467538    -2.37467536    -0.71628464    -0.71628462     3.50771423     3.50771424     3.63225288     3.63225357     3.63267880     3.63267963     3.63270035     3.63270115     3.63311572     3.63311636
  1026   -75.15710283   -75.15710283   -42.10437276   -42.10437276   -41.82421977   -41.82421977   -41.80833095   -41.80833095   -10.27278576   -10.27278575    -6.32542925    -6.32542925    -2.41256568    -2.41256566    -0.73141951    -0.73141949     3.48792143     3.48792145     3.63227558     3.63227624     3.63267946     3.63268025     3.63269936     3.63270011     3.63308433     3.63308496
  1027   -75.15708561   -75.15708561   -42.10446437   -42.10446437   -41.82438164   -41.82438164   -41.80832986   -41.80832986   -10.25845662   -10.25845662    -6.30780917    -6.30780916    -2.45047558    -2.45047556    -0.74648748    -0.74648746     3.46636116     3.46636118     3.63230790     3.63230852     3.63268036     3.63268108     3.63269823     3.63269892     3.63304583     3.63304642
  1028   -75.15706937   -75.15706937   -42.10455591   -42.10455591   -41.82454331   -41.82454331   -41.80832855   -41.80832855   -10.24401224   -10.24401224    -6.29008011    -6.29008011    -2.48840272    -2.48840270    -0.76148720    -0.76148719     3.44300449     3.44300451     3.63234921     3.63234978     3.63268145     3.63268209     3.63269699     3.63269760     3.63300106     3.63300160
  1029   -75.15705402   -75.15705402   -42.10464740   -42.10464740   -41.82470479   -41.82470479   -41.80832703   -41.80832703   -10.22945271   -10.22945270    -6.27224073    -6.27224073    -2.52634475    -2.52634474    -0.77641737    -0.77641735     3.41783324     3.41783325     3.63239864     3.63239913     3.63268270     3.63268325     3.63269566     3.63269619     3.63295100     3.63295147
  1030   -75.15703942   -75.15703942   -42.10473888   -42.10473888   -41.82486611   -41.82486611   -41.80832535   -41.80832535   -10.21477812   -10.21477812    -6.25428921    -6.25428921    -2.56429938    -2.56429937    -0.79127669    -0.79127668     3.39084031     3.39084033     3.63245513     3.63245553     3.63268409     3.63268453     3.63269428     3.63269470     3.63289668     3.63289706
  1031   -75.15702543   -75.15702543   -42.10483038   -42.10483038   -41.82502731   -41.82502731   -41.80832353   -41.80832353   -10.19998859   -10.19998858    -6.23622330    -6.23622330    -2.60226433    -2.60226432    -0.80606392    -0.80606391     3.36203002     3.36203004     3.63251744     3.63251774     3.63268557     3.63268589     3.63269287     3.63269318     3.63283921     3.63283949
  1032   -75.15701188   -75.15701188   -42.10492193   -42.10492193   -41.82518840   -41.82518840   -41.80832162   -41.80832162   -10.18508422   -10.18508422    -6.21804039    -6.21804039    -2.64023735    -2.64023735    -0.82077781    -0.82077780     3.33141820     3.33141821     3.63258420     3.63258438     3.63268710     3.63268730     3.63269147     3.63269165     3.63277974     3.63277992
  1033   -75.15699862   -75.15699862   -42.10501356   -42.10501356   -41.82534943   -41.82534943   -41.80831965   -41.80831965   -10.17006514   -10.17006514    -6.19973755    -6.19973755    -2.67821625    -2.67821625    -0.83541716    -0.83541715     3.29903218     3.29903220     3.63265392     3.63265398     3.63268864     3.63268871     3.63269008     3.63269014     3.63271947     3.63271953
  1034   -75.15698546   -75.15698546   -42.10510530   -42.10510530   -41.82551042   -41.82551042   -41.80831765   -41.80831765   -10.15493146   -10.15493146    -6.18131162    -6.18131162    -2.71619886    -2.71619885    -0.84998079    -0.84998079     3.26491068     3.26491070     3.63265951     3.63265958     3.63268868     3.63268874     3.63269009     3.63269015     3.63272498     3.63272504
  1035   -75.15697222   -75.15697222   -42.10519719   -42.10519719   -41.82567141   -41.82567141   -41.80831566   -41.80831566   -10.13968331   -10.13968331    -6.16275927    -6.16275927    -2.75418303    -2.75418302    -0.86446754    -0.86446754     3.22910349     3.22910350     3.63260104     3.63260123     3.63268729     3.63268748     3.63269140     3.63269160     3.63279579     3.63279599
  1036   -75.15695873   -75.15695873   -42.10528926   -42.10528926   -41.82583241   -41.82583241   -41.80831370   -41.80831370   -10.12432080   -10.12432080    -6.14407706    -6.14407706    -2.79216667    -2.79216666    -0.87887629    -0.87887628     3.19167106     3.19167107     3.63254525     3.63254557     3.63268599     3.63268630     3.63269262     3.63269294     3.63286484     3.63286517
  1037   -75.15694482   -75.15694482   -42.10538154   -42.10538154   -41.82599346   -41.82599346   -41.80831182   -41.80831182   -10.10884406   -10.10884406    -6.12526159    -6.12526159    -2.83014772    -2.83014771    -0.89320591    -0.89320589     3.15268393     3.15268395     3.63249321     3.63249365     3.63268481     3.63268524     3.63269371     3.63269415     3.63293058     3.63293103
  1038   -75.15693031   -75.15693031   -42.10547404   -42.10547404   -41.82615458   -41.82615458   -41.80831004   -41.80831004   -10.09325321   -10.09325321    -6.10630950    -6.10630950    -2.86812416    -2.86812414    -0.90745531    -0.90745530     3.11222209     3.11222210     3.63244592     3.63244649     3.63268377     3.63268431     3.63269465     3.63269520     3.63299153     3.63299210
  1039   -75.15691506   -75.15691506   -42.10556681   -42.10556681   -41.82631579   -41.82631579   -41.80830839   -41.80830838   -10.07754838   -10.07754838    -6.08721763    -6.08721763    -2.90609400    -2.90609399    -0.92162344    -0.92162342     3.07037410     3.07037411     3.63240428     3.63240495     3.63268288     3.63268351     3.63269543     3.63269608     3.63304633     3.63304701
  1040   -75.15689894   -75.15689894   -42.10565985   -42.10565985   -41.82647710   -41.82647710   -41.80830689   -41.80830689   -10.06172968   -10.06172968    -6.06798304    -6.06798304    -2.94405531    -2.94405529    -0.93570924    -0.93570922     3.02723627     3.02723627     3.63236906     3.63236983     3.63268216     3.63268287     3.63269603     3.63269676     3.63309376     3.63309454
  1041   -75.15688184   -75.15688184   -42.10575317   -42.10575317   -41.82663852   -41.82663852   -41.80830556   -41.80830556   -10.04579723   -10.04579723    -6.04860314    -6.04860314    -2.98200618    -2.98200616    -0.94971170    -0.94971168     2.98291158     2.98291159     3.63234090     3.63234175     3.63268161     3.63268239     3.63269645     3.63269724     3.63313274     3.63313361
  1042   -75.15686366   -75.15686366   -42.10584680   -42.10584680   -41.82680006   -41.82680005   -41.80830444   -41.80830443   -10.02975115   -10.02975114    -6.02907575    -6.02907575    -3.01994475    -3.01994473    -0.96362981    -0.96362979     2.93750867     2.93750867     3.63232031     3.63232123     3.63268124     3.63268207     3.63269668     3.63269753     3.63316241     3.63316334
  1043   -75.15684433   -75.15684433   -42.10594074   -42.10594074   -41.82696171   -41.82696171   -41.80830352   -41.80830352   -10.01359154   -10.01359153    -6.00939915    -6.00939915    -3.05786922    -3.05786920    -0.97746259    -0.97746256     2.89114060     2.89114060     3.63230763     3.63230859     3.63268105     3.63268191     3.63269673     3.63269761     3.63318208     3.63318307
  1044   -75.15682382   -75.15682381   -42.10603499   -42.10603499   -41.82712348   -41.82712348   -41.80830283   -41.80830283    -9.99731851    -9.99731850    -5.98957213    -5.98957213    -3.09577779    -3.09577777    -0.99120908    -0.99120905     2.84392373     2.84392374     3.63230304     3.63230403     3.63268104     3.63268192     3.63269661     3.63269751     3.63319132     3.63319233
  1045   -75.15680210   -75.15680210   -42.10612955   -42.10612955   -41.82728535   -41.82728535   -41.80830238   -41.80830238    -9.98093215    -9.98093215    -5.96959411    -5.96959410    -3.13366874    -3.13366872    -1.00486833    -1.00486831     2.79597645     2.79597645     3.63230657     3.63230757     3.63268121     3.63268208     3.63269634     3.63269722     3.63318988     3.63319089
  1046   -75.15677921   -75.15677920   -42.10622442   -42.10622442   -41.82744731   -41.82744731   -41.80830217   -41.80830217    -9.96443258    -9.96443258    -5.94946506    -5.94946506    -3.17154038    -3.17154036    -1.01843943    -1.01843941     2.74741790     2.74741791     3.63231807     3.63231905     3.63268154     3.63268239     3.63269592     3.63269678     3.63317777     3.63317877
  1047   -75.15675516   -75.15675516   -42.10631958   -42.10631958   -41.82760933   -41.82760933   -41.80830221   -41.80830221    -9.94781988    -9.94781988    -5.92918565    -5.92918565    -3.20939104    -3.20939102    -1.03192148    -1.03192146     2.69836678     2.69836679     3.63233723     3.63233818     3.63268203     3.63268284     3.63269538     3.63269620     3.63315524     3.63315620
  1048   -75.15673004   -75.15673004   -42.10641502   -42.10641502   -41.82777140   -41.82777139   -41.80830250   -41.80830250    -9.93109415    -9.93109414    -5.90875715    -5.90875715    -3.24721911    -3.24721909    -1.04531360    -1.04531358     2.64894007     2.64894008     3.63236360     3.63236450     3.63268265     3.63268341     3.63269474     3.63269550     3.63312274     3.63312364
  1049   -75.15670393   -75.15670393   -42.10651071   -42.10651071   -41.82793347   -41.82793347   -41.80830304   -41.80830304    -9.91425545    -9.91425545    -5.88818151    -5.88818151    -3.28502301    -3.28502299    -1.05861491    -1.05861489     2.59925183     2.59925184     3.63239658     3.63239739     3.63268340     3.63268408     3.63269403     3.63269471     3.63308096     3.63308178
  1050   -75.15667695   -75.15667695   -42.10660665   -42.10660665   -41.82809552   -41.82809552   -41.80830383   -41.80830383    -9.89730390    -9.89730389    -5.86746131    -5.86746131    -3.32280119    -3.32280118    -1.07182457    -1.07182456     2.54941210     2.54941211     3.63243542     3.63243614     3.63268426     3.63268485     3.63269326     3.63269386     3.63303076     3.63303149
  1051   -75.15664923   -75.15664923   -42.10670280   -42.10670280   -41.82825750   -41.82825750   -41.80830486   -41.80830486    -9.88023955    -9.88023954    -5.84659970    -5.84659970    -3.36055215    -3.36055214    -1.08494176    -1.08494175     2.49952577     2.49952578     3.63247929     3.63247989     3.63268519     3.63268568     3.63269247     3.63269296     3.63297322     3.63297382
  1052   -75.15662093   -75.15662093   -42.10679914   -42.10679914   -41.82841938   -41.82841938   -41.80830613   -41.80830613    -9.86306249    -9.86306248    -5.82560044    -5.82560044    -3.39827440    -3.39827439    -1.09796566    -1.09796565     2.44969164     2.44969165     3.63252722     3.63252769     3.63268619     3.63268657     3.63269168     3.63269206     3.63290953     3.63291000
  1053   -75.15659221   -75.15659221   -42.10689562   -42.10689562   -41.82858110   -41.82858110   -41.80830762   -41.80830762    -9.84577280    -9.84577279    -5.80446774    -5.80446774    -3.43596648    -3.43596648    -1.11089547    -1.11089547     2.40000147     2.40000149     3.63257820     3.63257852     3.63268723     3.63268749     3.63269090     3.63269116     3.63284105     3.63284138
  1054   -75.15656324   -75.15656324   -42.10699223   -42.10699222   -41.82874262   -41.82874262   -41.80830933   -41.80830933    -9.82837055    -9.82837055    -5.78320629    -5.78320629    -3.47362699    -3.47362699    -1.12373043    -1.12373042     2.35053924     2.35053926     3.63263114     3.63263131     3.63268828     3.63268841     3.63269015     3.63269029     3.63276922     3.63276940
  1055   -75.15653422   -75.15653422   -42.10708891   -42.10708891   -41.82890390   -41.82890390   -41.80831124   -41.80831124    -9.81085583    -9.81085583    -5.76182111    -5.76182111    -3.51125452    -3.51125452    -1.13646975    -1.13646975     2.30138045     2.30138046     3.63268492     3.63268493     3.63268932     3.63268933     3.63268946     3.63268947     3.63269557     3.63269559
  1056   -75.15650532   -75.15650532   -42.10718564   -42.10718564   -41.82906487   -41.82906487   -41.80831335   -41.80831335    -9.79322871    -9.79322871    -5.74031752    -5.74031752    -3.54884769    -3.54884768    -1.14911270    -1.14911270     2.25259158     2.25259159     3.63262151     3.63262166     3.63268871     3.63268883     3.63269022     3.63269033     3.63273827     3.63273842
  1057   -75.15647673   -75.15647673   -42.10728238   -42.10728238   -41.82922548   -41.82922548   -41.80831563   -41.80831563    -9.77548928    -9.77548928    -5.71870099    -5.71870099    -3.58640514    -3.58640514    -1.16165854    -1.16165853     2.20422970     2.20422972     3.63254873     3.63254905     3.63268804     3.63268827     3.63269106     3.63269129     3.63279021     3.63279052
  1058   -75.15644862   -75.15644862   -42.10737909   -42.10737909   -41.82938569   -41.82938569   -41.80831807   -41.80831807    -9.75763763    -9.75763763    -5.69697709    -5.69697709    -3.62392555    -3.62392554    -1.17410655    -1.17410654     2.15634219     2.15634221     3.63247881     3.63247928     3.63268745     3.63268780     3.63269183     3.63269218     3.63283968     3.63284015
  1059   -75.15642118   -75.15642118   -42.10747573   -42.10747573   -41.82954544   -41.82954544   -41.80832067   -41.80832067    -9.73967385    -9.73967384    -5.67515138    -5.67515138    -3.66140758    -3.66140757    -1.18645602    -1.18645601     2.10896660     2.10896662     3.63241321     3.63241384     3.63268696     3.63268741     3.63269253     3.63269298     3.63288566     3.63288629
  1060   -75.15639454   -75.15639454   -42.10757225   -42.10757225   -41.82970467   -41.82970467   -41.80832341   -41.80832341    -9.72159803    -9.72159803    -5.65322929    -5.65322929    -3.69884992    -3.69884991    -1.19870626    -1.19870625     2.06213068     2.06213069     3.63235335     3.63235412     3.63268657     3.63268710     3.63269314     3.63269367     3.63292722     3.63292799
  1061   -75.15636885   -75.15636885   -42.10766863   -42.10766863   -41.82986334   -41.82986334   -41.80832626   -41.80832626    -9.70341030    -9.70341029    -5.63121602    -5.63121602    -3.73625129    -3.73625128    -1.21085659    -1.21085658     2.01585248     2.01585249     3.63230050     3.63230139     3.63268627     3.63268688     3.63269365     3.63269426     3.63296352     3.63296441
  1062   -75.15634423   -75.15634423   -42.10776482   -42.10776482   -41.83002139   -41.83002139   -41.80832923   -41.80832923    -9.68511075    -9.68511075    -5.60911649    -5.60911649    -3.77361040    -3.77361038    -1.22290636    -1.22290634     1.97014068     1.97014070     3.63225578     3.63225678     3.63268608     3.63268674     3.63269405     3.63269472     3.63299382     3.63299482
  1063   -75.15632078   -75.15632078   -42.10786079   -42.10786079   -41.83017878   -41.83017877   -41.80833230   -41.80833229    -9.66669953    -9.66669952    -5.58693519    -5.58693518    -3.81092596    -3.81092595    -1.23485490    -1.23485488     1.92499498     1.92499500     3.63222017     3.63222126     3.63268597     3.63268668     3.63269435     3.63269505     3.63301754     3.63301863
  1064   -75.15629856   -75.15629856   -42.10795649   -42.10795649   -41.83033545   -41.83033545   -41.80833544   -41.80833544    -9.64817676    -9.64817675    -5.56467612    -5.56467612    -3.84819672    -3.84819670    -1.24670159    -1.24670156     1.88040659     1.88040661     3.63219443     3.63219559     3.63268596     3.63268668     3.63269452     3.63269525     3.63303422     3.63303538
  1065   -75.15627763   -75.15627763   -42.10805191   -42.10805191   -41.83049137   -41.83049137   -41.80833867   -41.80833866    -9.62954259    -9.62954258    -5.54234274    -5.54234274    -3.88542140    -3.88542138    -1.25844579    -1.25844576     1.83635889     1.83635890     3.63217913     3.63218033     3.63268602     3.63268674     3.63269459     3.63269532     3.63304356     3.63304476
  1066   -75.15625801   -75.15625801   -42.10814700   -42.10814700   -41.83064649   -41.83064648   -41.80834195   -41.80834195    -9.61079719    -9.61079718    -5.51993789    -5.51993789    -3.92259875    -3.92259873    -1.27008689    -1.27008687     1.79282813     1.79282815     3.63217461     3.63217583     3.63268615     3.63268686     3.63269455     3.63269526     3.63304539     3.63304662
  1067   -75.15623970   -75.15623970   -42.10824173   -42.10824173   -41.83080076   -41.83080076   -41.80834528   -41.80834528    -9.59194071    -9.59194071    -5.49746374    -5.49746374    -3.95972751    -3.95972750    -1.28162431    -1.28162429     1.74978427     1.74978428     3.63218099     3.63218220     3.63268634     3.63268702     3.63269440     3.63269508     3.63303974     3.63304096
  1068   -75.15622265   -75.15622265   -42.10833607   -42.10833607   -41.83095417   -41.83095417   -41.80834865   -41.80834865    -9.57297336    -9.57297335    -5.47492177    -5.47492177    -3.99680645    -3.99680643    -1.29305745    -1.29305743     1.70719179     1.70719180     3.63219815     3.63219933     3.63268659     3.63268721     3.63269415     3.63269478     3.63302675     3.63302794
  1069   -75.15620683   -75.15620683   -42.10843000   -42.10843000   -41.83110666   -41.83110666   -41.80835205   -41.80835205    -9.55389531    -9.55389531    -5.45231274    -5.45231274    -4.03383430    -4.03383428    -1.30438574    -1.30438572     1.66501069     1.66501070     3.63222575     3.63222687     3.63268687     3.63268743     3.63269381     3.63269438     3.63300674     3.63300787
  1070   -75.15619214   -75.15619213   -42.10852349   -42.10852349   -41.83125820   -41.83125820   -41.80835547   -41.80835547    -9.53470679    -9.53470679    -5.42963670    -5.42963670    -4.07080983    -4.07080981    -1.31560863    -1.31560861     1.62319737     1.62319738     3.63226322     3.63226426     3.63268718     3.63268767     3.63269340     3.63269389     3.63298017     3.63298121
  1071   -75.15617848   -75.15617848   -42.10861652   -42.10861652   -41.83140878   -41.83140878   -41.80835891   -41.80835891    -9.51540802    -9.51540801    -5.40689300    -5.40689300    -4.10773180    -4.10773179    -1.32672556    -1.32672554     1.58170568     1.58170568     3.63230978     3.63231071     3.63268751     3.63268792     3.63269291     3.63269332     3.63294761     3.63294855
  1072   -75.15616574   -75.15616574   -42.10870906   -42.10870906   -41.83155835   -41.83155835   -41.80836235   -41.80836235    -9.49599922    -9.49599921    -5.38408034    -5.38408034    -4.14459897    -4.14459896    -1.33773600    -1.33773598     1.54048784     1.54048785     3.63236446     3.63236526     3.63268786     3.63268819     3.63269236     3.63269270     3.63290978     3.63291058
  1073   -75.15615378   -75.15615377   -42.10880109   -42.10880109   -41.83170689   -41.83170689   -41.80836578   -41.80836578    -9.47648065    -9.47648064    -5.36119678    -5.36119677    -4.18141012    -4.18141011    -1.34863941    -1.34863940     1.49949547     1.49949547     3.63242610     3.63242676     3.63268821     3.63268845     3.63269177     3.63269202     3.63286748     3.63286814
  1074   -75.15614244   -75.15614244   -42.10889260   -42.10889260   -41.83185439   -41.83185439   -41.80836921   -41.80836921    -9.45685256    -9.45685256    -5.33823982    -5.33823982    -4.21816402    -4.21816401    -1.35943530    -1.35943529     1.45868047     1.45868047     3.63249341     3.63249390     3.63268855     3.63268872     3.63269115     3.63269131     3.63282162     3.63282212
  1075   -75.15613157   -75.15613157   -42.10898355   -42.10898355   -41.83200081   -41.83200081   -41.80837261   -41.80837261    -9.43711523    -9.43711522    -5.31520652    -5.31520652    -4.25485944    -4.25485944    -1.37012315    -1.37012315     1.41799597     1.41799597     3.63256494     3.63256525     3.63268889     3.63268898     3.63269050     3.63269059     3.63277317     3.63277348
  1076   -75.15612100   -75.15612100   -42.10907394   -42.10907394   -41.83214614   -41.83214614   -41.80837598   -41.80837598    -9.41726892    -9.41726892    -5.29209351    -5.29209351    -4.29149518    -4.29149518    -1.38070247    -1.38070247     1.37739715     1.37739715     3.63263918     3.63263931     3.63268920     3.63268924     3.63268984     3.63268988     3.63272313     3.63272325
  1077   -75.15611057   -75.15611057   -42.10916375   -42.10916375   -41.83229035   -41.83229035   -41.80837932   -41.80837932    -9.39731395    -9.39731395    -5.26889715    -5.26889715    -4.32807003    -4.32807003    -1.39117278    -1.39117278     1.33684202     1.33684202     3.63267248     3.63267255     3.63268917     3.63268919     3.63268948     3.63268950     3.63271449     3.63271455
  1078   -75.15610010   -75.15610010   -42.10925296   -42.10925296   -41.83243344   -41.83243344   -41.80838261   -41.80838261    -9.37725059    -9.37725059    -5.24561362    -5.24561362    -4.36458278    -4.36458278    -1.40153359    -1.40153359     1.29629211     1.29629211     3.63262223     3.63262248     3.63268850     3.63268855     3.63268972     3.63268977     3.63278917     3.63278943
  1079   -75.15608944   -75.15608944   -42.10934156   -42.10934156   -41.83257538   -41.83257538   -41.80838584   -41.80838584    -9.35707916    -9.35707916    -5.22223903    -5.22223903    -4.40103226    -4.40103225    -1.41178445    -1.41178444     1.25571307     1.25571308     3.63257352     3.63257397     3.63268786     3.63268793     3.63268994     3.63269001     3.63286177     3.63286222
  1080   -75.15607844   -75.15607844   -42.10942952   -42.10942952   -41.83271616   -41.83271615   -41.80838902   -41.80838901    -9.33679998    -9.33679998    -5.19876957    -5.19876957    -4.43741726    -4.43741726    -1.42192490    -1.42192488     1.21507522     1.21507523     3.63252736     3.63252800     3.63268728     3.63268735     3.63269015     3.63269022     3.63293073     3.63293136
  1081   -75.15606695   -75.15606695   -42.10951684   -42.10951684   -41.83285575   -41.83285575   -41.80839211   -41.80839211    -9.31641337    -9.31641337    -5.17520159    -5.17520159    -4.47373664    -4.47373663    -1.43195448    -1.43195446     1.17435391     1.17435392     3.63248472     3.63248552     3.63268676     3.63268682     3.63269034     3.63269039     3.63299456     3.63299536
  1082   -75.15605486   -75.15605486   -42.10960349   -42.10960349   -41.83299415   -41.83299415   -41.80839513   -41.80839513    -9.29591967    -9.29591966    -5.15153175    -5.15153175    -4.50998921    -4.50998920    -1.44187275    -1.44187274     1.13352985     1.13352986     3.63244645     3.63244741     3.63268631     3.63268634     3.63269050     3.63269053     3.63305191     3.63305286
  1083   -75.15604206   -75.15604206   -42.10968946   -42.10968946   -41.83313133   -41.83313133   -41.80839805   -41.80839805    -9.27531920    -9.27531919    -5.12775715    -5.12775715    -4.54617384    -4.54617383    -1.45167929    -1.45167928     1.09258930     1.09258931     3.63241335     3.63241445     3.63268592     3.63268593     3.63269063     3.63269065     3.63310153     3.63310262
  1084   -75.15602846   -75.15602846   -42.10977474   -42.10977474   -41.83326729   -41.83326729   -41.80840087   -41.80840087    -9.25461232    -9.25461232    -5.10387542    -5.10387542    -4.58228938    -4.58228936    -1.46137368    -1.46137366     1.05152417     1.05152418     3.63238609     3.63238731     3.63268558     3.63268564     3.63269070     3.63269077     3.63314237     3.63314358
  1085   -75.15601400   -75.15601400   -42.10985930   -42.10985930   -41.83340200   -41.83340199   -41.80840357   -41.80840357    -9.23379939    -9.23379938    -5.07988483    -5.07988483    -4.61833469    -4.61833468    -1.47095549    -1.47095547     1.01033199     1.01033199     3.63236523     3.63236654     3.63268531     3.63268543     3.63269073     3.63269086     3.63317356     3.63317486
  1086   -75.15599863   -75.15599863   -42.10994314   -42.10994314   -41.83353544   -41.83353544   -41.80840615   -41.80840614    -9.21288077    -9.21288076    -5.05578441    -5.05578441    -4.65430866    -4.65430865    -1.48042433    -1.48042431     0.96901579     0.96901580     3.63235120     3.63235258     3.63268513     3.63268530     3.63269074     3.63269092     3.63319444     3.63319581
  1087   -75.15598235   -75.15598235   -42.11002623   -42.11002623   -41.83366760   -41.83366760   -41.80840858   -41.80840858    -9.19185682    -9.19185681    -5.03157400    -5.03157400    -4.69021016    -4.69021015    -1.48977980    -1.48977977     0.92758392     0.92758392     3.63234428     3.63234569     3.63268503     3.63268526     3.63269071     3.63269096     3.63320457     3.63320597
  1088   -75.15596516   -75.15596516   -42.11010856   -42.11010856   -41.83379846   -41.83379846   -41.80841087   -41.80841087    -9.17072793    -9.17072792    -5.00725438    -5.00725437    -4.72603805    -4.72603804    -1.49902150    -1.49902148     0.88604968     0.88604968     3.63234462     3.63234604     3.63268502     3.63268531     3.63269065     3.63269096     3.63320375     3.63320515
  1089   -75.15594709   -75.15594709   -42.11019010   -42.11019010   -41.83392799   -41.83392799   -41.80841300   -41.80841300    -9.14949449    -9.14949448    -4.98282727    -4.98282726    -4.76179118    -4.76179116    -1.50814907    -1.50814905     0.84443102     0.84443102     3.63235220     3.63235359     3.63268509     3.63268544     3.63269058     3.63269093     3.63319201     3.63319339
  1090   -75.15592819   -75.15592819   -42.11027084   -42.11027084   -41.83405619   -41.83405619   -41.80841496   -41.80841496    -9.12815690    -9.12815689    -4.95829552    -4.95829551    -4.79746825    -4.79746824    -1.51716214    -1.51716211     0.80275001     0.80275002     3.63236688     3.63236821     3.63268526     3.63268564     3.63269048     3.63269087     3.63316962     3.63317095
  1091   -75.15590854   -75.15590854   -42.11035077   -42.11035077   -41.83418303   -41.83418302   -41.80841674   -41.80841674    -9.10671557    -9.10671556    -4.93366341    -4.93366341    -4.83306754    -4.83306753    -1.52606033    -1.52606031     0.76103238     0.76103238     3.63238834     3.63238959     3.63268552     3.63268592     3.63269037     3.63269078     3.63313708     3.63313833
  1092   -75.15588823   -75.15588822   -42.11042985   -42.11042985   -41.83430848   -41.83430848   -41.80841833   -41.80841832    -9.08517093    -9.08517093    -4.90894023    -4.90894021    -4.86858331    -4.86858330    -1.53484330    -1.53484328     0.71930691     0.71930691     3.63241615     3.63241730     3.63268586     3.63268626     3.63269024     3.63269066     3.63309512     3.63309625
  1093   -75.15586736   -75.15586736   -42.11050808   -42.11050808   -41.83443253   -41.83443253   -41.80841972   -41.80841971    -9.06352343    -9.06352342    -4.90406611    -4.90406607    -4.88407994    -4.88407991    -1.54351070    -1.54351068     0.67760485     0.67760486     3.63244974     3.63245075     3.63268627     3.63268667     3.63269011     3.63269052     3.63304464     3.63304564
  1094   -75.15584606   -75.15584606   -42.11058544   -42.11058544   -41.83455516   -41.83455515   -41.80842090   -41.80842090    -9.04177351    -9.04177350    -4.93941134    -4.93941132    -4.85919250    -4.85919250    -1.55206219    -1.55206218     0.63595930     0.63595930     3.63248841     3.63248926     3.63268676     3.63268712     3.63268998     3.63269035     3.63298675     3.63298759
  1095   -75.15582447   -75.15582447   -42.11066191   -42.11066191   -41.83467634   -41.83467634   -41.80842187   -41.80842187    -9.01992166    -9.01992166    -4.97469204    -4.97469203    -4.83421121    -4.83421121    -1.56049745    -1.56049744     0.59440453     0.59440453     3.63253137     3.63253204     3.63268731     3.63268762     3.63268984     3.63269015     3.63292271     3.63292337
  1096   -75.15580273   -75.15580273   -42.11073746   -42.11073746   -41.83479605   -41.83479605   -41.80842263   -41.80842263    -8.99796838    -8.99796838    -5.00989223    -5.00989223    -4.80915907    -4.80915906    -1.56881615    -1.56881614     0.55297539     0.55297539     3.63257773     3.63257821     3.63268791     3.63268815     3.63268970     3.63268994     3.63285390     3.63285437
  1097   -75.15578097   -75.15578097   -42.11081209   -42.11081209   -41.83491428   -41.83491428   -41.80842317   -41.80842317    -8.97591420    -8.97591420    -5.04500968    -5.04500968    -4.78404604    -4.78404604    -1.57701797    -1.57701797     0.51170664     0.51170664     3.63262653     3.63262680     3.63268856     3.63268870     3.63268957     3.63268971     3.63278179     3.63278206
  1098   -75.15575936   -75.15575936   -42.11088578   -42.11088578   -41.83503100   -41.83503100   -41.80842348   -41.80842348    -8.95375966    -8.95375966    -5.08004299    -5.08004298    -4.75888182    -4.75888182    -1.58510261    -1.58510261     0.47063238     0.47063238     3.63267675     3.63267680     3.63268923     3.63268926     3.63268944     3.63268947     3.63270795     3.63270801
  1099   -75.15573802   -75.15573802   -42.11095851   -42.11095851   -41.83514619   -41.83514619   -41.80842358   -41.80842358    -8.93150535    -8.93150535    -5.11499090    -5.11499090    -4.73367638    -4.73367638    -1.59306975    -1.59306975     0.42978546     0.42978546     3.63263378     3.63263394     3.63268921     3.63268931     3.63268983     3.63268992     3.63272718     3.63272735
  1100   -75.15571711   -75.15571711   -42.11103027   -42.11103027   -41.83525984   -41.83525984   -41.80842345   -41.80842345    -8.90915188    -8.90915188    -5.14985222    -5.14985221    -4.70844001    -4.70844001    -1.60091911    -1.60091911     0.38919694     0.38919695     3.63256097     3.63256135     3.63268896     3.63268919     3.63269038     3.63269061     3.63277688     3.63277726
  1101   -75.15569675   -75.15569675   -42.11110105   -42.11110105   -41.83537192   -41.83537192   -41.80842311   -41.80842311    -8.88669990    -8.88669990    -5.18462572    -5.18462572    -4.68318315    -4.68318315    -1.60865039    -1.60865039     0.34889568     0.34889569     3.63249112     3.63249171     3.63268870     3.63268907     3.63269092     3.63269129     3.63282487     3.63282546
  1102   -75.15567707   -75.15567706   -42.11117083   -42.11117083   -41.83548243   -41.83548243   -41.80842256   -41.80842256    -8.86415011    -8.86415011    -5.21931019    -5.21931018    -4.65791632    -4.65791632    -1.61626331    -1.61626330     0.30890788     0.30890788     3.63242571     3.63242649     3.63268845     3.63268897     3.63269142     3.63269193     3.63287012     3.63287091
  1103   -75.15565815   -75.15565815   -42.11123961   -42.11123961   -41.83559134   -41.83559134   -41.80842181   -41.80842181    -8.84150324    -8.84150323    -5.25390435    -5.25390434    -4.63265000    -4.63265000    -1.62375757    -1.62375756     0.26925674     0.26925675     3.63236610     3.63236706     3.63268820     3.63268886     3.63269189     3.63269254     3.63291169     3.63291266
  1104   -75.15564011   -75.15564011   -42.11130737   -42.11130737   -41.83569864   -41.83569864   -41.80842087   -41.80842087    -8.81876006    -8.81876006    -5.28840691    -5.28840690    -4.60739448    -4.60739448    -1.63113291    -1.63113290     0.22996227     0.22996227     3.63231354     3.63231467     3.63268797     3.63268877     3.63269230     3.63269308     3.63294869     3.63294982
  1105   -75.15562300   -75.15562300   -42.11137412   -42.11137412   -41.83580432   -41.83580432   -41.80841975   -41.80841975    -8.79592143    -8.79592143    -5.32281652    -5.32281651    -4.58215974    -4.58215974    -1.63838907    -1.63838905     0.19104101     0.19104101     3.63226913     3.63227039     3.63268776     3.63268868     3.63269265     3.63269356     3.63298033     3.63298161
  1106   -75.15560689   -75.15560689   -42.11143983   -42.11143983   -41.83590837   -41.83590837   -41.80841846   -41.80841846    -8.77298824    -8.77298823    -5.35713181    -5.35713179    -4.55695537    -4.55695537    -1.64552576    -1.64552575     0.15250598     0.15250599     3.63223377     3.63223515     3.63268757     3.63268860     3.63269294     3.63269395     3.63300594     3.63300733
  1107   -75.15559180   -75.15559180   -42.11150452   -42.11150452   -41.83601078   -41.83601078   -41.80841702   -41.80841702    -8.74996145    -8.74996144    -5.39135132    -5.39135131    -4.53179046    -4.53179046    -1.65254275    -1.65254273     0.11436667     0.11436667     3.63220819     3.63220965     3.63268742     3.63268853     3.63269315     3.63269425     3.63302494     3.63302642
  1108   -75.15557775   -75.15557775   -42.11156817   -42.11156817   -41.83611154   -41.83611154   -41.80841544   -41.80841544    -8.72684207    -8.72684206    -5.42547356    -5.42547355    -4.50667352    -4.50667351    -1.65943978    -1.65943976     0.07662902     0.07662903     3.63219288     3.63219440     3.63268729     3.63268847     3.63269329     3.63269445     3.63303693     3.63303846
  1109   -75.15556474   -75.15556474   -42.11163080   -42.11163080   -41.83621064   -41.83621064   -41.80841375   -41.80841375    -8.70363122    -8.70363121    -5.45949696    -5.45949695    -4.48161241    -4.48161241    -1.66621660    -1.66621658     0.03929565     0.03929566     3.63218813     3.63218967     3.63268721     3.63268842     3.63269334     3.63269454     3.63304161     3.63304317
  1110   -75.15555273   -75.15555273   -42.11169238   -42.11169238   -41.83630809   -41.83630809   -41.80841196   -41.80841196    -8.68033007    -8.68033006    -5.49341989    -5.49341988    -4.45661433    -4.45661433    -1.67287299    -1.67287297     0.00236597     0.00236598     3.63219400     3.63219554     3.63268717     3.63268839     3.63269331     3.63269452     3.63303887     3.63304042
  1111   -75.15554170   -75.15554170   -42.11175294   -42.11175294   -41.83640387   -41.83640387   -41.80841010   -41.80841010    -8.65693990    -8.65693989    -5.52724063    -5.52724062    -4.43168578    -4.43168578    -1.67940870    -1.67940868    -0.03416350    -0.03416349     3.63221033     3.63221182     3.63268718     3.63268839     3.63269320     3.63269439     3.63302874     3.63303024
  1112   -75.15553157   -75.15553157   -42.11181247   -42.11181247   -41.83649800   -41.83649799   -41.80840817   -41.80840817    -8.63346205    -8.63346205    -5.56095739    -5.56095738    -4.40683257    -4.40683257    -1.68582351    -1.68582350    -0.07029881    -0.07029880     3.63223671     3.63223813     3.63268724     3.63268840     3.63269300     3.63269415     3.63301139     3.63301282
  1113   -75.15552228   -75.15552228   -42.11187097   -42.11187097   -41.83659046   -41.83659045   -41.80840622   -41.80840622    -8.60989801    -8.60989800    -5.59456827    -5.59456826    -4.38205986    -4.38205986    -1.69211722    -1.69211720    -0.10604822    -0.10604821     3.63227256     3.63227387     3.63268735     3.63268843     3.63269273     3.63269380     3.63298716     3.63298849
  1114   -75.15551375   -75.15551375   -42.11192846   -42.11192846   -41.83668125   -41.83668125   -41.80840425   -41.80840425    -8.58624933    -8.58624932    -5.62807129    -5.62807128    -4.35737218    -4.35737218    -1.69828960    -1.69828958    -0.14142176    -0.14142175     3.63231707     3.63231825     3.63268751     3.63268850     3.63269239     3.63269336     3.63295654     3.63295773
  1115   -75.15550587   -75.15550587   -42.11198493   -42.11198493   -41.83677039   -41.83677039   -41.80840229   -41.80840229    -8.56251771    -8.56251771    -5.66146434    -5.66146433    -4.33277356    -4.33277356    -1.70434045    -1.70434043    -0.17643077    -0.17643077     3.63236926     3.63237027     3.63268773     3.63268859     3.63269198     3.63269283     3.63292013     3.63292116
  1116   -75.15549854   -75.15549854   -42.11204039   -42.11204039   -41.83685787   -41.83685787   -41.80840036   -41.80840035    -8.53870498    -8.53870498    -5.69474520    -5.69474520    -4.30826757    -4.30826757    -1.71026957    -1.71026956    -0.21108745    -0.21108745     3.63242798     3.63242881     3.63268799     3.63268870     3.63269151     3.63269222     3.63287868     3.63287952
  1117   -75.15549166   -75.15549166   -42.11209485   -42.11209485   -41.83694370   -41.83694369   -41.80839848   -41.80839847    -8.51481309    -8.51481309    -5.72791152    -5.72791151    -4.28385751    -4.28385751    -1.71607677    -1.71607676    -0.24540431    -0.24540431     3.63249196     3.63249259     3.63268831     3.63268885     3.63269100     3.63269154     3.63283303     3.63283367
  1118   -75.15548513   -75.15548512   -42.11214832   -42.11214832   -41.83702787   -41.83702787   -41.80839667   -41.80839667    -8.49084417    -8.49084417    -5.76096079    -5.76096079    -4.25954647    -4.25954647    -1.72176186    -1.72176185    -0.27939373    -0.27939373     3.63255981     3.63256023     3.63268866     3.63268902     3.63269045     3.63269081     3.63278412     3.63278455
  1119   -75.15547882   -75.15547882   -42.11220080   -42.11220080   -41.83711040   -41.83711040   -41.80839495   -41.80839495    -8.46680051    -8.46680051    -5.79389036    -5.79389036    -4.23533755    -4.23533755    -1.72732465    -1.72732465    -0.31306739    -0.31306739     3.63263008     3.63263028     3.63268905     3.63268922     3.63268989     3.63269005     3.63273298     3.63273317
  1120   -75.15547264   -75.15547264   -42.11225229   -42.11225229   -41.83719129   -41.83719129   -41.80839334   -41.80839334    -8.44268456    -8.44268456    -5.82669739    -5.82669739    -4.21123402    -4.21123402    -1.73276497    -1.73276497    -0.34643586    -0.34643586     3.63268061     3.63268065     3.63268927     3.63268931     3.63268944     3.63268948     3.63270123     3.63270127
  1121   -75.15546649   -75.15546649   -42.11230281   -42.11230281   -41.83727054   -41.83727054   -41.80839185   -41.80839185    -8.41849902    -8.41849902    -5.85937884    -5.85937884    -4.18723948    -4.18723948    -1.73808263    -1.73808263    -0.37950810    -0.37950810     3.63262796     3.63262823     3.63268849     3.63268873     3.63268968     3.63268992     3.63277157     3.63277184
  1122   -75.15546028   -75.15546028   -42.11235236   -42.11235236   -41.83734816   -41.83734816   -41.80839050   -41.80839050    -8.39424679    -8.39424678    -5.89193148    -5.89193148    -4.16335809    -4.16335809    -1.74327748    -1.74327747    -0.41229103    -0.41229103     3.63257633     3.63257683     3.63268773     3.63268817     3.63268993     3.63269037     3.63283981     3.63284031
  1123   -75.15545392   -75.15545392   -42.11240094   -42.11240094   -41.83742414   -41.83742414   -41.80838931   -41.80838931    -8.36993100    -8.36993100    -5.92435182    -5.92435181    -4.13959474    -4.13959474    -1.74834932    -1.74834931    -0.44478915    -0.44478915     3.63252680     3.63252753     3.63268700     3.63268763     3.63269018     3.63269082     3.63290451     3.63290523
  1124   -75.15544736   -75.15544736   -42.11244855   -42.11244855   -41.83749850   -41.83749849   -41.80838828   -41.80838828    -8.34555510    -8.34555509    -5.95663610    -5.95663609    -4.11595527    -4.11595527    -1.75329801    -1.75329800    -0.47700419    -0.47700419     3.63248045     3.63248137     3.63268632     3.63268713     3.63269043     3.63269125     3.63296431     3.63296523
  1125   -75.15544054   -75.15544053   -42.11249520   -42.11249520   -41.83757122   -41.83757122   -41.80838743   -41.80838743    -8.32112282    -8.32112281    -5.98878026    -5.98878025    -4.09244665    -4.09244665    -1.75812337    -1.75812336    -0.50893483    -0.50893482     3.63243824     3.63243936     3.63268571     3.63268669     3.63269068     3.63269167     3.63301797     3.63301907
  1126   -75.15543341   -75.15543341   -42.11254089   -42.11254089   -41.83764232   -41.83764232   -41.80838675   -41.80838675    -8.29663824    -8.29663824    -6.02077993    -6.02077992    -4.06907720    -4.06907719    -1.76282526    -1.76282524    -0.54057641    -0.54057641     3.63240111     3.63240239     3.63268517     3.63268629     3.63269091     3.63269204     3.63306437     3.63306564
  1127   -75.15542595   -75.15542595   -42.11258562   -42.11258562   -41.83771179   -41.83771179   -41.80838627   -41.80838626    -8.27210584    -8.27210583    -6.05263033    -6.05263031    -4.04585673    -4.04585672    -1.76740351    -1.76740349    -0.57192083    -0.57192083     3.63236985     3.63237127     3.63268472     3.63268597     3.63269111     3.63269238     3.63310257     3.63310398
  1128   -75.15541815   -75.15541815   -42.11262938   -42.11262938   -41.83777963   -41.83777963   -41.80838597   -41.80838597    -8.24753053    -8.24753052    -6.08432627    -6.08432626    -4.02279674    -4.02279674    -1.77185797    -1.77185795    -0.60295636    -0.60295636     3.63234516     3.63234669     3.63268437     3.63268572     3.63269129     3.63269266     3.63313181     3.63313333
  1129   -75.15541002   -75.15541002   -42.11267217   -42.11267217   -41.83784584   -41.83784583   -41.80838586   -41.80838586    -8.22291770    -8.22291769    -6.11586208    -6.11586207    -3.99991056    -3.99991056    -1.77618851    -1.77618849    -0.63366762    -0.63366762     3.63232761     3.63232921     3.63268412     3.63268555     3.63269143     3.63269287     3.63315152     3.63315311
  1130   -75.15540158   -75.15540157   -42.11271400   -42.11271400   -41.83791040   -41.83791040   -41.80838594   -41.80838594    -8.19827331    -8.19827330    -6.14723154    -6.14723153    -3.97721346    -3.97721346    -1.78039498    -1.78039496    -0.66403559    -0.66403559     3.63231760     3.63231924     3.63268399     3.63268545     3.63269153     3.63269301     3.63316133     3.63316296
  1131   -75.15539284   -75.15539284   -42.11275484   -42.11275484   -41.83797332   -41.83797331   -41.80838621   -41.80838621    -8.17360395    -8.17360394    -6.17842781    -6.17842780    -3.95472275    -3.95472275    -1.78447725    -1.78447722    -0.69403765    -0.69403765     3.63231540     3.63231705     3.63268397     3.63268545     3.63269158     3.63269308     3.63316110     3.63316273
  1132   -75.15538387   -75.15538387   -42.11279469   -42.11279469   -41.83803458   -41.83803457   -41.80838666   -41.80838666    -8.14891694    -8.14891693    -6.20944334    -6.20944333    -3.93245787    -3.93245786    -1.78843518    -1.78843516    -0.72364774    -0.72364774     3.63232110     3.63232272     3.63268407     3.63268552     3.63269159     3.63269306     3.63315089     3.63315250
  1133   -75.15537472   -75.15537472   -42.11283355   -42.11283355   -41.83809417   -41.83809417   -41.80838729   -41.80838728    -8.12422039    -8.12422038    -6.24026978    -6.24026977    -3.91044037    -3.91044037    -1.79226866    -1.79226864    -0.75283654    -0.75283654     3.63233464     3.63233620     3.63268427     3.63268568     3.63269154     3.63269296     3.63313099     3.63313254
  1134   -75.15536544   -75.15536544   -42.11287139   -42.11287139   -41.83815208   -41.83815208   -41.80838808   -41.80838808    -8.09952337    -8.09952336    -6.27089783    -6.27089782    -3.88869399    -3.88869399    -1.79597757    -1.79597755    -0.78157170    -0.78157170     3.63235579     3.63235725     3.63268459     3.63268592     3.63269144     3.63269278     3.63310189     3.63310334
  1135   -75.15535611   -75.15535611   -42.11290821   -42.11290821   -41.83820831   -41.83820831   -41.80838903   -41.80838902    -8.07483602    -8.07483602    -6.30131715    -6.30131714    -3.86724454    -3.86724454    -1.79956179    -1.79956177    -0.80981817    -0.80981817     3.63238415     3.63238549     3.63268501     3.63268623     3.63269130     3.63269252     3.63306425     3.63306558
  1136   -75.15534680   -75.15534680   -42.11294399   -42.11294399   -41.83826283   -41.83826283   -41.80839012   -41.80839012    -8.05016974    -8.05016973    -6.33151614    -6.33151613    -3.84611988    -3.84611988    -1.80302122    -1.80302121    -0.83753847    -0.83753847     3.63241917     3.63242036     3.63268553     3.63268660     3.63269110     3.63269219     3.63301895     3.63302013
  1137   -75.15533759   -75.15533759   -42.11297872   -42.11297872   -41.83831562   -41.83831562   -41.80839135   -41.80839135    -8.02553732    -8.02553731    -6.36148181    -6.36148181    -3.82534977    -3.82534977    -1.80635576    -1.80635575    -0.86469312    -0.86469312     3.63246017     3.63246118     3.63268613     3.63268704     3.63269086     3.63269178     3.63296700     3.63296799
  1138   -75.15532856   -75.15532856   -42.11301238   -42.11301238   -41.83836668   -41.83836668   -41.80839270   -41.80839269    -8.00095322    -8.00095322    -6.39119951    -6.39119951    -3.80496575    -3.80496575    -1.80956531    -1.80956530    -0.89124102    -0.89124102     3.63250633     3.63250713     3.63268679     3.63268752     3.63269058     3.63269132     3.63290954     3.63291033
  1139   -75.15531978   -75.15531978   -42.11304495   -42.11304495   -41.83841598   -41.83841598   -41.80839415   -41.80839415    -7.97643384    -7.97643384    -6.42065268    -6.42065268    -3.78500092    -3.78500092    -1.81264978    -1.81264977    -0.91713988    -0.91713987     3.63255670     3.63255728     3.63268752     3.63268804     3.63269027     3.63269080     3.63284783     3.63284840
  1140   -75.15531132   -75.15531132   -42.11307642   -42.11307642   -41.83846350   -41.83846350   -41.80839569   -41.80839569    -7.95199777    -7.95199777    -6.44982254    -6.44982254    -3.76548976    -3.76548976    -1.81560908    -1.81560908    -0.94234664    -0.94234664     3.63261026     3.63261060     3.63268828     3.63268860     3.63268992     3.63269024     3.63278321     3.63278355
  1141   -75.15530325   -75.15530325   -42.11310675   -42.11310675   -41.83850922   -41.83850922   -41.80839731   -41.80839731    -7.92766623    -7.92766623    -6.47868771    -6.47868771    -3.74646783    -3.74646783    -1.81844313    -1.81844313    -0.96681797    -0.96681797     3.63266589     3.63266599     3.63268907     3.63268916     3.63268956     3.63268965     3.63271707     3.63271717
  1142   -75.15529563   -75.15529563   -42.11313594   -42.11313594   -41.83855312   -41.83855312   -41.80839899   -41.80839899    -7.90346348    -7.90346348    -6.50722378    -6.50722378    -3.72797152    -3.72797152    -1.82115184    -1.82115184    -0.99051066    -0.99051065     3.63265069     3.63265083     3.63268905     3.63268918     3.63268974     3.63268987     3.63272229     3.63272243
  1143   -75.15528851   -75.15528851   -42.11316395   -42.11316395   -41.83859518   -41.83859518   -41.80840072   -41.80840072    -7.87941733    -7.87941733    -6.53540278    -6.53540277    -3.71003778    -3.71003778    -1.82373513    -1.82373513    -1.01338206    -1.01338206     3.63258550     3.63258588     3.63268844     3.63268880     3.63269030     3.63269065     3.63277831     3.63277870
  1144   -75.15528192   -75.15528192   -42.11319077   -42.11319077   -41.83863538   -41.83863538   -41.80840247   -41.80840247    -7.85555979    -7.85555979    -6.56319254    -6.56319254    -3.69270374    -3.69270374    -1.82619293    -1.82619292    -1.03539055    -1.03539055     3.63252297     3.63252359     3.63268784     3.63268842     3.63269084     3.63269141     3.63283288     3.63283350
  1145   -75.15527590   -75.15527590   -42.11321638   -42.11321638   -41.83867369   -41.83867368   -41.80840423   -41.80840423    -7.83192780    -7.83192780    -6.59055600    -6.59055599    -3.67600646    -3.67600646    -1.82852516    -1.82852515    -1.05649585    -1.05649585     3.63246442     3.63246526     3.63268727     3.63268805     3.63269135     3.63269213     3.63288481     3.63288565
  1146   -75.15527046   -75.15527046   -42.11324076   -42.11324076   -41.83871008   -41.83871008   -41.80840600   -41.80840600    -7.80856409    -7.80856409    -6.61745028    -6.61745027    -3.65998256    -3.65998256    -1.83073174    -1.83073173    -1.07665943    -1.07665943     3.63241105     3.63241209     3.63268673     3.63268770     3.63269182     3.63269278     3.63293299     3.63293404
  1147   -75.15526562   -75.15526562   -42.11326388   -42.11326388   -41.83874455   -41.83874454   -41.80840774   -41.80840774    -7.78551824    -7.78551823    -6.64382567    -6.64382566    -3.64466795    -3.64466795    -1.83281260    -1.83281259    -1.09584479    -1.09584478     3.63236394     3.63236517     3.63268624     3.63268738     3.63269223     3.63269336     3.63297638     3.63297761
  1148   -75.15526137   -75.15526137   -42.11328572   -42.11328572   -41.83877705   -41.83877705   -41.80840946   -41.80840946    -7.76284786    -7.76284785    -6.66962444    -6.66962443    -3.63009748    -3.63009748    -1.83476767    -1.83476766    -1.11401771    -1.11401771     3.63232405     3.63232543     3.63268580     3.63268709     3.63269258     3.63269385     3.63301400     3.63301539
  1149   -75.15525768   -75.15525768   -42.11330626   -42.11330626   -41.83880758   -41.83880758   -41.80841113   -41.80841113    -7.74062001    -7.74062000    -6.69477941    -6.69477940    -3.61630470    -3.61630469    -1.83659688    -1.83659687    -1.13114650    -1.13114649     3.63229217     3.63229367     3.63268544     3.63268685     3.63269286     3.63269425     3.63304502     3.63304653
  1150   -75.15525455   -75.15525455   -42.11332549   -42.11332549   -41.83883611   -41.83883611   -41.80841274   -41.80841274    -7.71891280    -7.71891279    -6.71921237    -6.71921235    -3.60332158    -3.60332158    -1.83830017    -1.83830016    -1.14720209    -1.14720209     3.63226890     3.63227050     3.63268515     3.63268665     3.63269306     3.63269454     3.63306872     3.63307033
  1151   -75.15525194   -75.15525193   -42.11334337   -42.11334337   -41.83886262   -41.83886262   -41.80841428   -41.80841428    -7.69781714    -7.69781713    -6.74283228    -6.74283226    -3.59117832    -3.59117832    -1.83987748    -1.83987747    -1.16215818    -1.16215817     3.63225467     3.63225633     3.63268495     3.63268651     3.63269317     3.63269472     3.63308455     3.63308623
  1152   -75.15524979   -75.15524979   -42.11335990   -42.11335990   -41.83888709   -41.83888709   -41.80841574   -41.80841574    -7.67743869    -7.67743868    -6.76553340    -6.76553339    -3.57990311    -3.57990311    -1.84132876    -1.84132874    -1.17599120    -1.17599120     3.63224972     3.63225141     3.63268484     3.63268643     3.63269321     3.63269478     3.63309211     3.63309381
  1153   -75.15524808   -75.15524808   -42.11337506   -42.11337506   -41.83890950   -41.83890950   -41.80841711   -41.80841711    -7.65789969    -7.65789968    -6.78719341    -6.78719339    -3.56952204    -3.56952203    -1.84265395    -1.84265394    -1.18868038    -1.18868037     3.63225408     3.63225576     3.63268483     3.63268640     3.63269316     3.63269472     3.63309117     3.63309286
  1154   -75.15524675   -75.15524675   -42.11338882   -42.11338882   -41.83892983   -41.83892983   -41.80841838   -41.80841838    -7.63934070    -7.63934069    -6.80767164    -6.80767163    -3.56005892    -3.56005892    -1.84385302    -1.84385301    -1.20020758    -1.20020757     3.63226758     3.63226922     3.63268491     3.63268645     3.63269304     3.63269455     3.63308169     3.63308333
  1155   -75.15524575   -75.15524575   -42.11340118   -42.11340118   -41.83894807   -41.83894807   -41.80841954   -41.80841953    -7.62192172    -7.62192172    -6.82680804    -6.82680803    -3.55153528    -3.55153528    -1.84492593    -1.84492592    -1.21055723    -1.21055722     3.63228988     3.63229144     3.63268510     3.63268655     3.63269283     3.63269428     3.63306380     3.63306536
  1156   -75.15524502   -75.15524502   -42.11341211   -42.11341211   -41.83896420   -41.83896420   -41.80842057   -41.80842057    -7.60582226    -7.60582226    -6.84442302    -6.84442301    -3.54397026    -3.54397026    -1.84587266    -1.84587265    -1.21971616    -1.21971615     3.63232044     3.63232188     3.63268537     3.63268673     3.63269256     3.63269390     3.63303781     3.63303926
  1157   -75.15524451   -75.15524451   -42.11342162   -42.11342162   -41.83897820   -41.83897820   -41.80842149   -41.80842149    -7.59123960    -7.59123960    -6.86031926    -6.86031925    -3.53738064    -3.53738064    -1.84669319    -1.84669318    -1.22767341    -1.22767340     3.63235854     3.63235984     3.63268574     3.63268696     3.63269222     3.63269342     3.63300422     3.63300553
  1158   -75.15524417   -75.15524417   -42.11342968   -42.11342968   -41.83899008   -41.83899008   -41.80842227   -41.80842227    -7.57838450    -7.57838450    -6.87428593    -6.87428592    -3.53178084    -3.53178084    -1.84738749    -1.84738748    -1.23442003    -1.23442002     3.63240334     3.63240446     3.63268620     3.63268725     3.63269182     3.63269287     3.63296368     3.63296481
  1159   -75.15524396   -75.15524396   -42.11343629   -42.11343629   -41.83899980   -41.83899980   -41.80842292   -41.80842292    -7.56747352    -7.56747351    -6.88610643    -6.88610642    -3.52718294    -3.52718294    -1.84795557    -1.84795556    -1.23994888    -1.23994888     3.63245383     3.63245476     3.63268673     3.63268760     3.63269138     3.63269225     3.63291700     3.63291794
  1160   -75.15524384   -75.15524384   -42.11344144   -42.11344144   -41.83900738   -41.83900738   -41.80842343   -41.80842343    -7.55871748    -7.55871748    -6.89556991    -6.89556991    -3.52359676    -3.52359676    -1.84839740    -1.84839740    -1.24425444    -1.24425444     3.63250890     3.63250962     3.63268733     3.63268800     3.63269091     3.63269158     3.63286512     3.63286584
  1161   -75.15524378   -75.15524378   -42.11344512   -42.11344512   -41.83901280   -41.83901279   -41.80842379   -41.80842379    -7.55230657    -7.55230656    -6.90248616    -6.90248616    -3.52102984    -3.52102984    -1.84871300    -1.84871300    -1.24733263    -1.24733262     3.63256737     3.63256785     3.63268798     3.63268844     3.63269042     3.63269087     3.63280911     3.63280960
  1162   -75.15524375   -75.15524375   -42.11344733   -42.11344733   -41.83901605   -41.83901605   -41.80842401   -41.80842401    -7.54839349    -7.54839349    -6.90670245    -6.90670245    -3.51948755    -3.51948755    -1.84890236    -1.84890236    -1.24918062    -1.24918062     3.63262797     3.63262821     3.63268868     3.63268891     3.63268991     3.63269014     3.63275013     3.63275038
  1163   -75.15524374   -75.15524374   -42.11344807   -42.11344807   -41.83901713   -41.83901713   -41.80842408   -41.80842408    -7.54707762    -7.54707762    -6.90811939    -6.90811939    -3.51897310    -3.51897310    -1.84896548    -1.84896548    -1.24979680    -1.24979680     3.63268940     3.63268940     3.63268940     3.63268940     3.63268940     3.63268940     3.63268940     3.63268940
  1164   -75.15524268   -75.15524268   -42.11344770   -42.11344769   -41.83901652   -41.83901650   -41.80842421   -41.80842420    -7.54701562    -7.54701518    -6.90808016    -6.90807916    -3.51883050    -3.51883050    -1.84930395    -1.84930268    -1.24974739    -1.24974739     3.63264496     3.63264731     3.63268525     3.63268576     3.63269504     3.63269645     3.63272238     3.63272298
  1165   -75.15523953   -75.15523953   -42.11344657   -42.11344655   -41.83901492   -41.83901489   -41.80842434   -41.80842433    -7.54682678    -7.54682591    -6.90795504    -6.90795308    -3.51840515    -3.51840512    -1.85032552    -1.85032305    -1.24959994    -1.24959993     3.63259342     3.63259730     3.63268106     3.63268204     3.63270027     3.63270326     3.63274776     3.63274801
  1166   -75.15523438   -75.15523438   -42.11344470   -42.11344467   -41.83901239   -41.83901235   -41.80842451   -41.80842449    -7.54651192    -7.54651065    -6.90774306    -6.90774020    -3.51770421    -3.51770412    -1.85202962    -1.85202605    -1.24935674    -1.24935669     3.63253540     3.63253995     3.63267702     3.63267836     3.63270490     3.63270960     3.63276476     3.63276579
  1167   -75.15522736   -75.15522735   -42.11344217   -42.11344214   -41.83900902   -41.83900898   -41.80842474   -41.80842472    -7.54607241    -7.54607077    -6.90744269    -6.90743901    -3.51673937    -3.51673915    -1.85441520    -1.85441070    -1.24902155    -1.24902143     3.63247172     3.63247613     3.63267328     3.63267487     3.63270876     3.63271529     3.63277379     3.63277698
  1168   -75.15521866   -75.15521865   -42.11343908   -42.11343906   -41.83900492   -41.83900489   -41.80842511   -41.80842508    -7.54551012    -7.54550815    -6.90705190    -6.90704751    -3.51552637    -3.51552596    -1.85748074    -1.85747552    -1.24859956    -1.24859933     3.63240338     3.63240693     3.63266998     3.63267168     3.63271169     3.63272013     3.63277595     3.63278202
  1169   -75.15520852   -75.15520851   -42.11343555   -42.11343555   -41.83900024   -41.83900023   -41.80842567   -41.80842564    -7.54482738    -7.54482514    -6.90656822    -6.90656326    -3.51408449    -3.51408381    -1.86122425    -1.86121855    -1.24809728    -1.24809689     3.63233151     3.63233368     3.63266725     3.63266889     3.63271356     3.63272399     3.63277234     3.63278179
  1170   -75.15519722   -75.15519720   -42.11343175   -42.11343173   -41.83899516   -41.83899513   -41.80842652   -41.80842648    -7.54402692    -7.54402448    -6.90598883    -6.90598347    -3.51243584    -3.51243481    -1.86564325    -1.86563734    -1.24752244    -1.24752185     3.63225740     3.63225790     3.63266518     3.63266657     3.63271426     3.63272676     3.63276421     3.63277731
  1171   -75.15518506   -75.15518503   -42.11342781   -42.11342776   -41.83898985   -41.83898978   -41.80842776   -41.80842771    -7.54311177    -7.54310920    -6.90531061    -6.90530502    -3.51060458    -3.51060318    -1.87073479    -1.87072894    -1.24688383    -1.24688300     3.63218123     3.63218247     3.63266382     3.63266476     3.63271371     3.63272838     3.63275297     3.63276974
  1172   -75.15517237   -75.15517233   -42.11342391   -42.11342382   -41.83898448   -41.83898436   -41.80842947   -41.80842942    -7.54208519    -7.54208258    -6.90453027    -6.90452465    -3.50861613    -3.50861432    -1.87649539    -1.87648987    -1.24619115    -1.24619007     3.63210541     3.63210822     3.63266317     3.63266346     3.63271184     3.63272879     3.63274006     3.63276030
  1173   -75.15515950   -75.15515944   -42.11342020   -42.11342007   -41.83897925   -41.83897907   -41.80843178   -41.80843171    -7.54095057    -7.54094800    -6.90364441    -6.90363897    -3.50649623    -3.50649403    -1.88292109    -1.88291615    -1.24545483    -1.24545349     3.63203224     3.63203627     3.63266261     3.63266318     3.63270862     3.63272589     3.63272898     3.63275023
  1174   -75.15514679   -75.15514673   -42.11341685   -42.11341667   -41.83897434   -41.83897409   -41.80843478   -41.80843471    -7.53971132    -7.53970889    -6.90264966    -6.90264460    -3.50427011    -3.50426756    -1.89000743    -1.89000329    -1.24468576    -1.24468420     3.63196349     3.63196829     3.63266211     3.63266370     3.63270420     3.63271403     3.63272673     3.63274059
  1175   -75.15513460   -75.15513452   -42.11341402   -42.11341379   -41.83896991   -41.83896959   -41.80843859   -41.80843850    -7.53837080    -7.53836859    -6.90154274    -6.90153826    -3.50196162    -3.50195883    -1.89774945    -1.89774627    -1.24389511    -1.24389337     3.63190093     3.63190597     3.63266178     3.63266446     3.63269914     3.63270372     3.63272401     3.63273207
  1176   -75.15512324   -75.15512315   -42.11341186   -42.11341157   -41.83896613   -41.83896574   -41.80844328   -41.80844319    -7.53693217    -7.53693029    -6.90032058    -6.90031689    -3.49959249    -3.49958957    -1.90614167    -1.90613960    -1.24309401    -1.24309217     3.63184619     3.63185098     3.63266147     3.63266502     3.63269455     3.63269626     3.63272049     3.63272481
  1177   -75.15511302   -75.15511292   -42.11341048   -42.11341015   -41.83896314   -41.83896267   -41.80844895   -41.80844885    -7.53539837    -7.53539690    -6.89898042    -6.89897770    -3.49718157    -3.49717871    -1.91517816    -1.91517725    -1.24229328    -1.24229147     3.63180076     3.63180489     3.63266123     3.63266492     3.63269169     3.63269202     3.63271634     3.63271864
  1178   -75.15510420   -75.15510410   -42.11341000   -42.11340962   -41.83896105   -41.83896052   -41.80845567   -41.80845556    -7.53377198    -7.53377099    -6.89751985    -6.89751826    -3.49474434    -3.49474174    -1.92485276    -1.92485249    -1.24150320    -1.24150153     3.63176596     3.63176913     3.63266149     3.63266419     3.63269065     3.63269116     3.63271182     3.63271336
  1179   -75.15509701   -75.15509691   -42.11341050   -42.11341009   -41.83895995   -41.83895938   -41.80846349   -41.80846338    -7.53205515    -7.53205473    -6.89593693    -6.89593662    -3.49229241    -3.49229032    -1.93515918    -1.93515779    -1.24073311    -1.24073176     3.63174282     3.63174491     3.63266277     3.63266357     3.63269120     3.63269236     3.63270741     3.63270902
  1180   -75.15509163   -75.15509152   -42.11341204   -42.11341160   -41.83895992   -41.83895931   -41.80847246   -41.80847235    -7.53024979    -7.53024959    -6.89423128    -6.89423021    -3.48983327    -3.48983195    -1.94608916    -1.94608677    -1.23999124    -1.23999035     3.63173213     3.63173316     3.63266386     3.63266522     3.63269204     3.63269395     3.63270445     3.63270618
  1181   -75.15508816   -75.15508806   -42.11341466   -42.11341420   -41.83896098   -41.83896036   -41.80848259   -41.80848248    -7.52835730    -7.52835644    -6.89240132    -6.89239880    -3.48737013    -3.48736983    -1.95763493    -1.95763170    -1.23928433    -1.23928410     3.63173431     3.63173446     3.63266542     3.63266841     3.63269079     3.63269409     3.63270542     3.63270611
  1182   -75.15508666   -75.15508658   -42.11341835   -42.11341789   -41.83896315   -41.83896252   -41.80849388   -41.80849378    -7.52637787    -7.52637631    -6.89044638    -6.89044238    -3.48490291    -3.48490194    -1.96978837    -1.96978451    -1.23861808    -1.23861749     3.63174903     3.63174945     3.63266818     3.63267096     3.63268855     3.63269257     3.63270876     3.63271013
  1183   -75.15508714   -75.15508707   -42.11342310   -42.11342265   -41.83896640   -41.83896579   -41.80850633   -41.80850624    -7.52431149    -7.52430924    -6.88836666    -6.88836120    -3.48242603    -3.48242357    -1.98254103    -1.98253676    -1.23799552    -1.23799396     3.63177669     3.63177727     3.63267065     3.63267170     3.63268868     3.63269087     3.63271262     3.63271686
  1184   -75.15508951   -75.15508946   -42.11342886   -42.11342843   -41.83897069   -41.83897011   -41.80851990   -41.80851982    -7.52215763    -7.52215469    -6.88616296    -6.88615609    -3.47993023    -3.47992609    -1.99588414    -1.99587972    -1.23741759    -1.23741493     3.63181681     3.63181711     3.63266726     3.63267516     3.63269007     3.63269170     3.63271684     3.63272470
  1185   -75.15509365   -75.15509362   -42.11343557   -42.11343517   -41.83897594   -41.83897542   -41.80853454   -41.80853447    -7.51991516    -7.51991157    -6.88383662    -6.88382845    -3.47740317    -3.47739723    -2.00980870    -2.00980438    -1.23688338    -1.23687953     3.63186793     3.63186839     3.63266259     3.63267744     3.63269109     3.63269584     3.63272104     3.63273296
  1186   -75.15509937   -75.15509936   -42.11344313   -42.11344277   -41.83898207   -41.83898162   -41.80855019   -41.80855014    -7.51758246    -7.51757829    -6.88138948    -6.88138017    -3.47482964    -3.47482184    -2.02430548    -2.02430151    -1.23638986    -1.23638478     3.63192835     3.63192999     3.63265772     3.63267817     3.63269393     3.63270013     3.63272500     3.63274095
  1187   -75.15510645   -75.15510644   -42.11345146   -42.11345115   -41.83898897   -41.83898860   -41.80856678   -41.80856674    -7.51515744    -7.51515276    -6.87882387    -6.87881361    -3.47219219    -3.47218255    -2.03936508    -2.03936167    -1.23593194    -1.23592563     3.63199670     3.63199986     3.63265311     3.63267810     3.63269751     3.63270418     3.63272848     3.63274806
  1188   -75.15511461   -75.15511457   -42.11346043   -42.11346018   -41.83899652   -41.83899624   -41.80858423   -41.80858420    -7.51263762    -7.51263253    -6.87614248    -6.87613150    -3.46947173    -3.46946035    -2.05497793    -2.05497525    -1.23550263    -1.23549517     3.63207100     3.63207594     3.63264904     3.63267788     3.63270091     3.63270782     3.63273126     3.63275375
  1189   -75.15512352   -75.15512346   -42.11346993   -42.11346974   -41.83900459   -41.83900440   -41.80860245   -41.80860244    -7.51002017    -7.51001479    -6.87334836    -6.87333691    -3.46664825    -3.46663532    -2.07113434    -2.07113252    -1.23509328    -1.23508479     3.63214912     3.63215595     3.63264571     3.63267779     3.63270374     3.63271093     3.63273309     3.63275763
  1190   -75.15513285   -75.15513277   -42.11347984   -42.11347972   -41.83901306   -41.83901297   -41.80862136   -41.80862135    -7.50730205    -7.50729650    -6.87044474    -6.87043310    -3.46370143    -3.46368723    -2.08782456    -2.08782367    -1.23469387    -1.23468451     3.63222876     3.63223747     3.63264330     3.63267791     3.63270582     3.63271340     3.63273377     3.63275945
  1191   -75.15514226   -75.15514216   -42.11349004   -42.11348998   -41.83902179   -41.83902179   -41.80864087   -41.80864085    -7.50448002    -7.50447446    -6.86743504    -6.86742350    -3.46061133    -3.46059622    -2.10503879    -2.10503873    -1.23429334    -1.23428337     3.63230759     3.63231801     3.63264195     3.63267830     3.63270714     3.63271515     3.63273318     3.63275914
  1192   -75.15515141   -75.15515129   -42.11350041   -42.11350040   -41.83903075   -41.83903067   -41.80866090   -41.80866087    -7.50155084    -7.50154540    -6.86432271    -6.86431155    -3.45735897    -3.45734337    -2.12276793    -2.12276697    -1.23388011    -1.23386980     3.63238331     3.63239513     3.63264181     3.63267896     3.63270773     3.63271610     3.63273127     3.63275673
  1193   -75.15515997   -75.15515985   -42.11351089   -42.11351085   -41.83903972   -41.83903957   -41.80868136   -41.80868132    -7.49851127    -7.49850608    -6.86111115    -6.86110066    -3.45392684    -3.45391124    -2.14100111    -2.14099935    -1.23344243    -1.23343210     3.63245372     3.63246650     3.63264299     3.63267993     3.63270767     3.63271621     3.63272811     3.63275242
  1194   -75.15516765   -75.15516752   -42.11352136   -42.11352127   -41.83904860   -41.83904840   -41.80870219   -41.80870215    -7.49535819    -7.49535341    -6.85780364    -6.85779408    -3.45029939    -3.45028432    -2.15972833    -2.15972595    -1.23296894    -1.23295893     3.63251684     3.63252998     3.63264562     3.63268124     3.63270704     3.63271544     3.63272388     3.63274651
  1195   -75.15517418   -75.15517406   -42.11353171   -42.11353159   -41.83905731   -41.83905708   -41.80872334   -41.80872329    -7.49208873    -7.49208448    -6.85440322    -6.85439483    -3.44646338    -3.44644935    -2.17893959    -2.17893679    -1.23244909    -1.23243977     3.63257090     3.63258366     3.63264987     3.63268294     3.63270597     3.63271381     3.63271882     3.63273940
  1196   -75.15517936   -75.15517925   -42.11354189   -42.11354176   -41.83906577   -41.83906553   -41.80874476   -41.80874471    -7.48870029    -7.48869668    -6.85091265    -6.85090561    -3.44240813    -3.44239569    -2.19862488    -2.19862193    -1.23187366    -1.23186537     3.63261451     3.63262552     3.63265632     3.63268507     3.63270464     3.63271133     3.63271323     3.63273158
  1197   -75.15518302   -75.15518293   -42.11355186   -42.11355173   -41.83907393   -41.83907370   -41.80876641   -41.80876636    -7.48519064    -7.48518776    -6.84733431    -6.84732876    -3.43812573    -3.43811537    -2.21877422    -2.21877139    -1.23123513    -1.23122821     3.63264666     3.63265190     3.63266766     3.63268758     3.63270327     3.63270751     3.63270801     3.63272362
  1198   -75.15518506   -75.15518499   -42.11356159   -42.11356148   -41.83908176   -41.83908157   -41.80878828   -41.80878825    -7.48155799    -7.48155590    -6.84367015    -6.84366619    -3.43361111    -3.43360330    -2.23937760    -2.23937521    -1.23052803    -1.23052280     3.63266446     3.63266744     3.63268190     3.63268983     3.63270105     3.63270306     3.63270375     3.63271599
  1199   -75.15518545   -75.15518540   -42.11357108   -42.11357101   -41.83908926   -41.83908913   -41.80881037   -41.80881035    -7.47780101    -7.47779975    -6.83992167    -6.83991932    -3.42886204    -3.42885715    -2.26042505    -2.26042340    -1.22974927    -1.22974599     3.63267427     3.63267931     3.63268918     3.63269065     3.63269614     3.63269844     3.63270094     3.63270815
  1200   -75.15518420   -75.15518418   -42.11358035   -42.11358032   -41.83909643   -41.83909638   -41.80883268   -41.80883267    -7.47391887    -7.47391845    -6.83608985    -6.83608909    -3.42387904    -3.42387736    -2.28190658    -2.28190596    -1.22889828    -1.22889714     3.63268424     3.63268654     3.63268998     3.63269013     3.63269149     3.63269243     3.63269492     3.63269716
  1201   -75.15518141   -75.15518140   -42.11358946   -42.11358943   -41.83910336   -41.83910331   -41.80885524   -41.80885523    -7.46991167    -7.46991127    -6.83217589    -6.83217516    -3.41866693    -3.41866522    -2.30381290    -2.30381222    -1.22797827    -1.22797711     3.63267986     3.63268204     3.63268646     3.63268749     3.63268833     3.63268881     3.63269205     3.63269467
  1202   -75.15517722   -75.15517717   -42.11359845   -42.11359835   -41.83911011   -41.83910994   -41.80887808   -41.80887805    -7.46577962    -7.46577845    -6.82817963    -6.82817756    -3.41323123    -3.41322607    -2.32613420    -2.32613197    -1.22699394    -1.22699044     3.63265548     3.63266200     3.63268096     3.63268415     3.63268592     3.63268789     3.63269707     3.63270545
  1203   -75.15517180   -75.15517171   -42.11360736   -42.11360719   -41.83911668   -41.83911639   -41.80890122   -41.80890116    -7.46152299    -7.46152114    -6.82409971    -6.82409651    -3.40757769    -3.40756914    -2.34885980    -2.34885584    -1.22595124    -1.22594541     3.63262506     3.63263594     3.63267612     3.63268139     3.63268393     3.63268765     3.63270204     3.63271639
  1204   -75.15516535   -75.15516523   -42.11361626   -42.11361600   -41.83912315   -41.83912272   -41.80892469   -41.80892462    -7.45714299    -7.45714058    -6.81993508    -6.81993100    -3.40171555    -3.40170378    -2.37197966    -2.37197383    -1.22485951    -1.22485147     3.63259052     3.63260572     3.63267197     3.63267915     3.63268284     3.63268832     3.63270711     3.63272727
  1205   -75.15515813   -75.15515798   -42.11362520   -42.11362485   -41.83912959   -41.83912903   -41.80894855   -41.80894845    -7.45264128    -7.45263844    -6.81568425    -6.81567958    -3.39565546    -3.39564080    -2.39548370    -2.39547594    -1.22373005    -1.22371998     3.63255418     3.63257353     3.63266854     3.63267741     3.63268282     3.63268990     3.63271229     3.63273787
  1206   -75.15515039   -75.15515023   -42.11363426   -42.11363383   -41.83913609   -41.83913539   -41.80897282   -41.80897270    -7.44801991    -7.44801679    -6.81134539    -6.81134045    -3.38940919    -3.38939206    -2.41936183    -2.41935215    -1.22257572    -1.22256391     3.63251859     3.63254175     3.63266591     3.63267619     3.63268380     3.63269227     3.63271757     3.63274796
  1207   -75.15514241   -75.15514223   -42.11364352   -42.11364301   -41.83914272   -41.83914190   -41.80899755   -41.80899741    -7.44328129    -7.44327806    -6.80691635    -6.80691147    -3.38298922    -3.38297014    -2.44360397    -2.44359245    -1.22141054    -1.22139732     3.63248626     3.63251277     3.63266413     3.63267552     3.63268558     3.63269520     3.63272286     3.63275735
  1208   -75.15513445   -75.15513426   -42.11365304   -42.11365246   -41.83914957   -41.83914864   -41.80902276   -41.80902261    -7.43842807    -7.43842490    -6.80239477    -6.80239028    -3.37640843    -3.37638799    -2.46820005    -2.46818681    -1.22024914    -1.22023492     3.63245964     3.63248890     3.63266325     3.63267541     3.63268787     3.63269842     3.63272806     3.63276585
  1209   -75.15512675   -75.15512655   -42.11366288   -42.11366224   -41.83915671   -41.83915569   -41.80904848   -41.80904832    -7.43346312    -7.43346020    -6.79777813    -6.79777437    -3.36967972    -3.36965856    -2.49313999    -2.49312525    -1.21910632    -1.21909154     3.63244089     3.63247217     3.63266328     3.63267588     3.63269031     3.63270163     3.63273305     3.63277332
  1210   -75.15511952   -75.15511932   -42.11367311   -42.11367241   -41.83916423   -41.83916313   -41.80907474   -41.80907456    -7.42838943    -7.42838691    -6.79306386    -6.79306114    -3.36281569    -3.36279450    -2.51841378    -2.51839779    -1.21799651    -1.21798165     3.63243182     3.63246430     3.63266416     3.63267689     3.63269258     3.63270458     3.63273766     3.63277963
  1211   -75.15511294   -75.15511275   -42.11368377   -42.11368303   -41.83917218   -41.83917102   -41.80910153   -41.80910135    -7.42321000    -7.42320804    -6.78824941    -6.78824799    -3.35582837    -3.35580782    -2.54401145    -2.54399449    -1.21693331    -1.21691885     3.63243375     3.63246652     3.63266583     3.63267841     3.63269436     3.63270702     3.63274180     3.63278471
  1212   -75.15510716   -75.15510699   -42.11369489   -42.11369413   -41.83918061   -41.83917942   -41.80912887   -41.80912868    -7.41792778    -7.41792652    -6.78333243    -6.78333232    -3.34872889    -3.34870965    -2.56992308    -2.56990549    -1.21592908    -1.21591547     3.63244740     3.63247947     3.63266816     3.63268037     3.63269542     3.63270879     3.63274542     3.63278853
  1213   -75.15510226   -75.15510211   -42.11370649   -42.11370572   -41.83918956   -41.83918836   -41.80915673   -41.80915654    -7.41254561    -7.41254516    -6.77831214    -6.77831032    -3.34152730    -3.34150996    -2.59613886    -2.59612097    -1.21499454    -1.21498223     3.63247282     3.63250307     3.63267101     3.63268268     3.63269560     3.63270976     3.63274866     3.63279122
  1214   -75.15509828   -75.15509816   -42.11371860   -42.11371783   -41.83919906   -41.83919788   -41.80918510   -41.80918492    -7.40706654    -7.40706609    -6.77318503    -6.77318139    -3.33423233    -3.33421742    -2.62264908    -2.62263122    -1.21413857    -1.21412794     3.63250918     3.63253624     3.63267420     3.63268526     3.63269486     3.63270986     3.63275213     3.63279313
  1215   -75.15509523   -75.15509514   -42.11373120   -42.11373045   -41.83920912   -41.83920798   -41.80921396   -41.80921379    -7.40149297    -7.40149157    -6.76794935    -6.76794383    -3.32685121    -3.32683915    -2.64944415    -2.64942664    -1.21336793    -1.21335929     3.63255443     3.63257633     3.63267755     3.63268802     3.63269328     3.63270908     3.63275742     3.63279518
  1216   -75.15509305   -75.15509299   -42.11374429   -42.11374356   -41.83921974   -41.83921865   -41.80924326   -41.80924310    -7.39582640    -7.39582403    -6.76260371    -6.76259631    -3.31938957    -3.31938067    -2.67651462    -2.67649774    -1.21268727    -1.21268086     3.63260435     3.63261763     3.63268088     3.63269093     3.63269132     3.63270754     3.63276858     3.63279970
  1217   -75.15509165   -75.15509163   -42.11375783   -42.11375714   -41.83923090   -41.83922989   -41.80927296   -41.80927281    -7.39006842    -7.39006508    -6.75714713    -6.75713793    -3.31185130    -3.31184574    -2.70385118    -2.70383518    -1.21209908    -1.21209506     3.63264934     3.63264988     3.63268339     3.63269148     3.63269401     3.63270554     3.63279361     3.63281253
  1218   -75.15509093   -75.15509091   -42.11377179   -42.11377115   -41.83924258   -41.83924166   -41.80930301   -41.80930288    -7.38422015    -7.38421591    -6.75157910    -6.75156824    -3.30423855    -3.30423639    -2.73144469    -2.73142975    -1.21160388    -1.21160228     3.63266504     3.63267095     3.63268385     3.63269658     3.63270094     3.63270387     3.63283813     3.63284383
  1219   -75.15509074   -75.15509069   -42.11378613   -42.11378555   -41.83925473   -41.83925391   -41.80933336   -41.80933324    -7.37828230    -7.37827721    -6.74589961    -6.74588726    -3.29655284    -3.29655168    -2.75928618    -2.75927244    -1.21120112    -1.21120034     3.63266708     3.63267133     3.63268499     3.63269649     3.63270391     3.63270952     3.63289637     3.63289655
  1220   -75.15509089   -75.15509081   -42.11380080   -42.11380027   -41.83926731   -41.83926660   -41.80936394   -41.80936384    -7.37225505    -7.37224924    -6.74010911    -6.74009551    -3.28879355    -3.28878928    -2.78736685    -2.78735438    -1.21088869    -1.21088567     3.63266249     3.63266671     3.63268521     3.63269382     3.63270521     3.63270998     3.63296011     3.63296016
  1221   -75.15509121   -75.15509111   -42.11381573   -42.11381527   -41.83928027   -41.83927966   -41.80939469   -41.80939461    -7.36613817    -7.36613176    -6.73420856    -6.73419397    -3.28095532    -3.28094826    -2.81567804    -2.81566687    -1.21066093    -1.21065589     3.63265460     3.63266059     3.63268349     3.63269000     3.63270660     3.63270677     3.63302291     3.63302556
  1222   -75.15509152   -75.15509140   -42.11383087   -42.11383047   -41.83929353   -41.83929302   -41.80942555   -41.80942549    -7.35993094    -7.35992407    -6.72819939    -6.72818412    -3.27303340    -3.27302396    -2.84421130    -2.84420140    -1.21051304    -1.21050627     3.63264504     3.63265336     3.63267961     3.63268566     3.63270321     3.63270773     3.63308056     3.63308687
  1223   -75.15509167   -75.15509152   -42.11384615   -42.11384581   -41.83930703   -41.83930663   -41.80945646   -41.80945642    -7.35363219    -7.35362504    -6.72208351    -6.72206784    -3.26502161    -3.26501028    -2.87295831    -2.87294960    -1.21043987    -1.21043171     3.63263481     3.63264498     3.63267438     3.63268113     3.63270038     3.63270849     3.63312986     3.63314005
  1224   -75.15509149   -75.15509134   -42.11386150   -42.11386123   -41.83932071   -41.83932040   -41.80948737   -41.80948734    -7.34724040    -7.34723312    -6.71586320    -6.71584746    -3.25691256    -3.25689988    -2.90191090    -2.90190328    -1.21043637    -1.21042721     3.63262464     3.63263555     3.63266917     3.63267669     3.63269809     3.63270884     3.63316824     3.63318218
  1225   -75.15509087   -75.15509071   -42.11387686   -42.11387665   -41.83933448   -41.83933425   -41.80951820   -41.80951818    -7.34075365    -7.34074642    -6.70954114    -6.70952563    -3.24869785    -3.24868438    -2.93106107    -2.93105439    -1.21049795    -1.21048820     3.63261513     3.63262559     3.63266481     3.63267255     3.63269598     3.63270875     3.63319377     3.63321112
  1226   -75.15508972   -75.15508956   -42.11389218   -42.11389202   -41.83934829   -41.83934813   -41.80954890   -41.80954890    -7.33416976    -7.33416273    -6.70312032    -6.70310533    -3.24036833    -3.24035463    -2.96040089    -2.96039502    -1.21062086    -1.21061092     3.63260678     3.63261585     3.63266156     3.63266890     3.63269390     3.63270823     3.63320520     3.63322546
  1227   -75.15508798   -75.15508782   -42.11390738   -42.11390727   -41.83936206   -41.83936197   -41.80957944   -41.80957943    -7.32748630    -7.32747963    -6.69660398    -6.69658976    -3.23191438    -3.23190098    -2.98992259    -2.98991737    -1.21080248    -1.21079273     3.63260003     3.63260706     3.63265942     3.63266590     3.63269185     3.63270731     3.63320201     3.63322458
  1228   -75.15508561   -75.15508547   -42.11392243   -42.11392235   -41.83937574   -41.83937570   -41.80960974   -41.80960972    -7.32070070    -7.32069450    -6.68999553    -6.68998232    -3.22332619    -3.22331357    -3.01961845    -3.01961375    -1.21104153    -1.21103232     3.63259523     3.63259987     3.63265831     3.63266370     3.63268989     3.63270604     3.63318442     3.63320861
  1229   -75.15508262   -75.15508249   -42.11393726   -42.11393721   -41.83938928   -41.83938927   -41.80963977   -41.80963975    -7.31381026    -7.31380466    -6.68329852    -6.68328651    -3.21459407    -3.21458262    -3.04948083    -3.04947654    -1.21133824    -1.21132986     3.63259265     3.63259477     3.63265815     3.63266237     3.63268813     3.63270447     3.63315340     3.63317848
  1230   -75.15507905   -75.15507894   -42.11395183   -42.11395181   -41.83940264   -41.83940262   -41.80966948   -41.80966945    -7.30681231    -7.30680737    -6.67651655    -6.67650587    -3.20570876    -3.20569878    -3.07950210    -3.07949814    -1.21169436    -1.21168704     3.63259216     3.63259247     3.63265887     3.63266199     3.63268667     3.63270267     3.63311063     3.63313584
  1231   -75.15507497   -75.15507488   -42.11396612   -42.11396612   -41.83941578   -41.83941573   -41.80969884   -41.80969881    -7.29970421    -7.29970000    -6.66965318    -6.66964394    -3.19666188    -3.19665357    -3.10967453    -3.10967084    -1.21211322    -1.21210710     3.63259231     3.63259481     3.63266039     3.63266257     3.63268560     3.63270072     3.63305844     3.63308301
  1232   -75.15507045   -75.15507038   -42.11398010   -42.11398009   -41.83942864   -41.83942859   -41.80972780   -41.80972778    -7.29248347    -7.29248000    -6.66271189    -6.66270413    -3.18744693    -3.18744035    -3.13998942    -3.13998601    -1.21259955    -1.21259470     3.63259543     3.63259972     3.63266267     3.63266412     3.63268498     3.63269871     3.63299969     3.63302283
  1233   -75.15506560   -75.15506555   -42.11399374   -42.11399373   -41.83944121   -41.83944117   -41.80975635   -41.80975633    -7.28514777    -7.28514503    -6.65569601    -6.65568974    -3.17808513    -3.17808002    -3.17041160    -3.17040874    -1.21315935    -1.21315577     3.63260170     3.63260721     3.63266564     3.63266658     3.63268482     3.63269671     3.63293760     3.63295855
  1234   -75.15506054   -75.15506051   -42.11400703   -42.11400701   -41.83945350   -41.83945345   -41.80978446   -41.80978444    -7.27769507    -7.27769304    -6.64860866    -6.64860385    -3.20104342    -3.20104056    -3.16846157    -3.16845841    -1.21379967    -1.21379726     3.63261126     3.63261732     3.63266927     3.63266989     3.63268511     3.63269480     3.63287560     3.63289361
  1235   -75.15505537   -75.15505535   -42.11401995   -42.11401993   -41.83946549   -41.83946545   -41.80981210   -41.80981208    -7.27012365    -7.27012227    -6.64145270    -6.64144928    -3.23174482    -3.23174247    -3.15870526    -3.15870341    -1.21452834    -1.21452693     3.63262432     3.63263014     3.63267352     3.63267395     3.63268580     3.63269306     3.63281706     3.63283140
  1236   -75.15505021   -75.15505020   -42.11403251   -42.11403250   -41.83947719   -41.83947717   -41.80983926   -41.80983925    -7.26243214    -7.26243132    -6.63423071    -6.63422857    -3.26256481    -3.26256309    -3.14875781    -3.14875696    -1.21535368    -1.21535303     3.63264123     3.63264594     3.63267833     3.63267864     3.63268680     3.63269154     3.63276505     3.63277507
  1237   -75.15504515   -75.15504515   -42.11404472   -42.11404472   -41.83948862   -41.83948861   -41.80986593   -41.80986593    -7.25461956    -7.25461921    -6.62694494    -6.62694395    -3.29349336    -3.29349242    -3.13862151    -3.13862130    -1.21628419    -1.21628402     3.63266260     3.63266532     3.63268365     3.63268384     3.63268804     3.63269031     3.63272201     3.63272717
  1238   -75.15504030   -75.15504030   -42.11405660   -42.11405660   -41.83949982   -41.83949982   -41.80989211   -41.80989211    -7.24668536    -7.24668536    -6.61959728    -6.61959728    -3.32452283    -3.32452283    -3.12829796    -3.12829796    -1.21732831    -1.21732831     3.63268940     3.63268940     3.63268940     3.63268940     3.63268940     3.63268940     3.63268940     3.63268940
  1239   -75.15503570   -75.15503570   -42.11406818   -42.11406817   -41.83951080   -41.83951080   -41.80991780   -41.80991779    -7.23862964    -7.23862941    -6.61219011    -6.61218928    -3.35564704    -3.35564595    -3.11779001    -3.11778979    -1.21849413    -1.21849397     3.63266237     3.63266741     3.63268885     3.63269081     3.63269516     3.63269547     3.63272000     3.63272313
  1240   -75.15503141   -75.15503140   -42.11407947   -42.11407945   -41.83952162   -41.83952160   -41.80994300   -41.80994299    -7.23045236    -7.23045202    -6.60472362    -6.60472214    -3.38685788    -3.38685555    -3.10710182    -3.10710096    -1.21978922    -1.21978856     3.63264547     3.63265484     3.63268865     3.63269219     3.63270094     3.63270169     3.63275963     3.63276575
  1241   -75.15502746   -75.15502744   -42.11409052   -42.11409049   -41.83953229   -41.83953227   -41.80996772   -41.80996771    -7.22215425    -7.22215391    -6.59719868    -6.59719673    -3.41814823    -3.41814457    -3.09623881    -3.09623692    -1.22122043    -1.22121897     3.63263704     3.63264944     3.63268881     3.63269348     3.63270653     3.63270790     3.63281107     3.63281944
  1242   -75.15502383   -75.15502380   -42.11410135   -42.11410132   -41.83954287   -41.83954285   -41.80999199   -41.80999197    -7.21373644    -7.21373622    -6.58961583    -6.58961360    -3.44951106    -3.44950601    -3.08520742    -3.08520419    -1.22279385    -1.22279132     3.63263485     3.63264865     3.63268931     3.63269464     3.63271171     3.63271388     3.63287662     3.63288615
  1243   -75.15502052   -75.15502047   -42.11411202   -42.11411198   -41.83955341   -41.83955340   -41.81001584   -41.81001582    -7.20520044    -7.20520044    -6.58197538    -6.58197303    -3.48093934    -3.48093291    -3.07401488    -3.07401007    -1.22451472    -1.22451093     3.63263667     3.63265027     3.63269009     3.63269564     3.63271625     3.63271938     3.63295738     3.63296695
  1244   -75.15501747   -75.15501740   -42.11412257   -42.11412252   -41.83956396   -41.83956395   -41.81003930   -41.81003927    -7.19654835    -7.19654807    -6.57427740    -6.57427510    -3.51242613    -3.51241840    -3.06266890    -3.06266237    -1.22638752    -1.22638234     3.63264067     3.63265285     3.63269112     3.63269646     3.63271995     3.63272419     3.63305291     3.63306164
  1245   -75.15501463   -75.15501454   -42.11413306   -42.11413300   -41.83957457   -41.83957457   -41.81006240   -41.81006238    -7.18778206    -7.18778143    -6.56652179    -6.56651969    -3.54396451    -3.54395563    -3.05117742    -3.05116915    -1.22841605    -1.22840945     3.63264559     3.63265555     3.63269231     3.63269711     3.63272263     3.63272806     3.63316138     3.63316874
  1246   -75.15501193   -75.15501182   -42.11414353   -42.11414347   -41.83958529   -41.83958529   -41.81008521   -41.81008518    -7.17890382    -7.17890281    -6.55870836    -6.55870662    -3.57554761    -3.57553782    -3.03954827    -3.03953835    -1.23060356    -1.23059558     3.63265064     3.63265800     3.63269359     3.63269757     3.63272419     3.63273084     3.63327981     3.63328557
  1247   -75.15500929   -75.15500916   -42.11415403   -42.11415397   -41.83959618   -41.83959617   -41.81010778   -41.81010775    -7.16991606    -7.16991466    -6.55083689    -6.55083564    -3.60716862    -3.60715822    -3.02778892    -3.02777755    -1.23295295    -1.23294374     3.63265540     3.63266006     3.63269488     3.63269785     3.63272459     3.63273240     3.63340444     3.63340857
  1248   -75.15500662   -75.15500648   -42.11416463   -42.11416457   -41.83960727   -41.83960725   -41.81013016   -41.81013013    -7.16082127    -7.16081948    -6.54290722    -6.54290658    -3.63882073    -3.63881012    -3.01590620    -3.01589370    -1.23546694    -1.23545677     3.63265968     3.63266175     3.63269611     3.63269793     3.63272389     3.63273268     3.63353095     3.63353358
  1249   -75.15500386   -75.15500370   -42.11417538   -42.11417531   -41.83961862   -41.83961860   -41.81015242   -41.81015239    -7.15162193    -7.15161980    -6.53491939    -6.53491930    -3.67049721    -3.67048683    -3.00390603    -3.00389282    -1.23814836    -1.23813754     3.63266315     3.63266346     3.63269723     3.63269780     3.63272220     3.63273169     3.63365476     3.63365611
  1250   -75.15500092   -75.15500075   -42.11418632   -42.11418625   -41.83963026   -41.83963023   -41.81017461   -41.81017460    -7.14232046    -7.14231803    -6.52687420    -6.52687330    -3.70219129    -3.70218165    -2.99179331    -2.99177988    -1.24100029    -1.24098922     3.63266438     3.63266677     3.63269744     3.63269818     3.63271969     3.63272951     3.63377128     3.63377160
  1251   -75.15499773   -75.15499756   -42.11419750   -42.11419744   -41.83964222   -41.83964219   -41.81019682   -41.81019681    -7.13291911    -7.13291646    -6.51877146    -6.51876966    -3.73389625    -3.73388785    -2.97957168    -2.97955858    -1.24402626    -1.24401541     3.63266554     3.63266972     3.63269683     3.63269890     3.63271659     3.63272628     3.63387568     3.63387610
  1252   -75.15499426   -75.15499408   -42.11420896   -42.11420891   -41.83965454   -41.83965451   -41.81021909   -41.81021909    -7.12341994    -7.12341716    -6.51061198    -6.51060921    -3.76560530    -3.76559870    -2.96724352    -2.96723133    -1.24723043    -1.24722029     3.63266672     3.63267239     3.63269595     3.63269932     3.63271320     3.63272219     3.63396436     3.63396523
  1253   -75.15499046   -75.15499028   -42.11422074   -42.11422069   -41.83966724   -41.83966721   -41.81024149   -41.81024149    -7.11382476    -7.11382194    -6.50239699    -6.50239319    -3.79731163    -3.79730735    -2.95480984    -2.95479917    -1.25061768    -1.25060876     3.63266799     3.63267488     3.63269484     3.63269931     3.63270988     3.63271743     3.63403424     3.63403528
  1254   -75.15498630   -75.15498613   -42.11423287   -42.11423283   -41.83968032   -41.83968030   -41.81026407   -41.81026406    -7.10413504    -7.10413227    -6.49412823    -6.49412338    -3.82900838    -3.82900689    -2.94227036    -2.94226178    -1.25419366    -1.25418645     3.63266938     3.63267722     3.63269357     3.63269862     3.63270716     3.63271225     3.63408265     3.63408363
  1255   -75.15498180   -75.15498164   -42.11424536   -42.11424533   -41.83969380   -41.83969380   -41.81028687   -41.81028685    -7.09435190    -7.09434929    -6.48580801    -6.48580208    -3.86069027    -3.86068855    -2.92962357    -2.92961759    -1.25796479    -1.25795976     3.63267083     3.63267932     3.63269229     3.63269704     3.63270552     3.63270688     3.63410780     3.63410851
  1256   -75.15497696   -75.15497681   -42.11425823   -42.11425821   -41.83970769   -41.83970769   -41.81030992   -41.81030989    -7.08447609    -7.08447374    -6.47743924    -6.47743224    -3.89235031    -3.89234503    -2.91686683    -2.91686391    -1.26193822    -1.26193576     3.63267222     3.63268091     3.63269133     3.63269493     3.63270159     3.63270492     3.63410883     3.63410913
  1257   -75.15497180   -75.15497167   -42.11427148   -42.11427147   -41.83972197   -41.83972196   -41.81033325   -41.81033321    -7.07450794    -7.07450594    -6.46902547    -6.46901743    -3.92397961    -3.92397055    -2.90399703    -2.90399656    -1.26612212    -1.26612169     3.63267331     3.63268148     3.63269092     3.63269298     3.63269689     3.63270501     3.63408564     3.63408584
  1258   -75.15496638   -75.15496626   -42.11428510   -42.11428510   -41.83973663   -41.83973660   -41.81035686   -41.81035681    -7.06444741    -7.06444583    -6.46057094    -6.46056190    -3.95557060    -3.95555765    -2.89101248    -2.89100840    -1.27052697    -1.27052342     3.63267380     3.63268089     3.63268916     3.63269168     3.63269506     3.63270563     3.63403919     3.63403990
  1259   -75.15496073   -75.15496063   -42.11429909   -42.11429908   -41.83975164   -41.83975159   -41.81038075   -41.81038068    -7.05429404    -7.05429293    -6.45208058    -6.45207062    -3.98711542    -3.98709862    -2.87790522    -2.87789742    -1.27515868    -1.27515190     3.63267350     3.63267965     3.63268515     3.63269119     3.63269661     3.63270675     3.63397178     3.63397295
  1260   -75.15495491   -75.15495483   -42.11431340   -42.11431338   -41.83976697   -41.83976691   -41.81040490   -41.81040482    -7.04404700    -7.04404640    -6.44355998    -6.44354921    -4.01860600    -4.01858550    -2.86466985    -2.86465839    -1.28002569    -1.28001570     3.63267250     3.63267824     3.63268101     3.63269129     3.63269904     3.63270837     3.63388624     3.63388771
  1261   -75.15494898   -75.15494892   -42.11432801   -42.11432798   -41.83978258   -41.83978251   -41.81042927   -41.81042919    -7.03370512    -7.03370506    -6.43501547    -6.43500402    -4.05003392    -4.05001003    -2.85130082    -2.85128590    -1.28513629    -1.28512323     3.63267105     3.63267638     3.63267778     3.63269162     3.63270161     3.63271041     3.63378600     3.63378755
  1262   -75.15494301   -75.15494297   -42.11434288   -42.11434283   -41.83979843   -41.83979836   -41.81045384   -41.81045375    -7.02326741    -7.02326694    -6.42645401    -6.42644204    -4.08139048    -4.08136364    -2.83779271    -2.83777464    -1.29049844    -1.29048256     3.63266938     3.63267319     3.63267659     3.63269187     3.63270403     3.63271266     3.63367499     3.63367630
  1263   -75.15493704   -75.15493702   -42.11435795   -42.11435788   -41.83981450   -41.83981441   -41.81047853   -41.81047843    -7.01273171    -7.01273074    -6.41788322    -6.41787091    -4.11266660    -4.11263739    -2.82414032    -2.82411958    -1.29611956    -1.29610124     3.63266764     3.63267016     3.63267605     3.63269186     3.63270611     3.63271486     3.63355742     3.63355807
  1264   -75.15493115   -75.15493114   -42.11437317   -42.11437310   -41.83983072   -41.83983063   -41.81050328   -41.81050318    -7.00209605    -7.00209462    -6.40931133    -6.40929890    -4.14385288    -4.14382195    -2.81033894    -2.81031608    -1.30200637    -1.30198610     3.63266588     3.63266761     3.63267584     3.63269146     3.63270771     3.63271675     3.63343705     3.63343757
  1265   -75.15492537   -75.15492536   -42.11438850   -42.11438842   -41.83984706   -41.83984697   -41.81052801   -41.81052792    -6.99135838    -6.99135656    -6.40074717    -6.40073484    -4.17493948    -4.17490759    -2.79638440    -2.79636010    -1.30816484    -1.30814319     3.63266411     3.63266565     3.63267583     3.63269060     3.63270870     3.63271806     3.63331735     3.63331960
  1266   -75.15491975   -75.15491973   -42.11440387   -42.11440379   -41.83986347   -41.83986339   -41.81055265   -41.81055256    -6.98051659    -6.98051445    -6.39220008    -6.39218809    -4.20591618    -4.20588415    -2.78227322    -2.78224820    -1.31460005    -1.31457766     3.63266226     3.63266432     3.63267587     3.63268926     3.63270902     3.63271861     3.63320276     3.63320737
  1267   -75.15491431   -75.15491428   -42.11441925   -42.11441916   -41.83987993   -41.83987985   -41.81057711   -41.81057702    -6.96956858    -6.96956623    -6.38367994    -6.38366852    -4.23677231    -4.23674098    -2.76800268    -2.76797769    -1.32131625    -1.32129379     3.63266018     3.63266367     3.63267575     3.63268751     3.63270863     3.63271826     3.63309663     3.63310419
  1268   -75.15490907   -75.15490904   -42.11443457   -42.11443448   -41.83989640   -41.83989633   -41.81060130   -41.81060121    -6.95851234    -6.95850989    -6.37519707    -6.37518647    -4.26749675    -4.26746694    -2.75357079    -2.75354661    -1.32831684    -1.32829501     3.63265764     3.63266370     3.63267531     3.63268560     3.63270756     3.63271698     3.63300171     3.63301270
  1269   -75.15490404   -75.15490401   -42.11444980   -42.11444971   -41.83991286   -41.83991279   -41.81062512   -41.81062504    -6.94734599    -6.94734354    -6.36676227    -6.36675270    -4.29807787    -4.29805039    -2.73897636    -2.73895373    -1.33560450    -1.33558398     3.63265450     3.63266434     3.63267445     3.63268392     3.63270592     3.63271479     3.63292001     3.63293457
  1270   -75.15489923   -75.15489920   -42.11446489   -42.11446481   -41.83992928   -41.83992922   -41.81064851   -41.81064844    -6.93606784    -6.93606551    -6.35838673    -6.35837838    -4.32850352    -4.32847911    -2.72421889    -2.72419852    -1.34318130    -1.34316274     3.63265105     3.63266528     3.63267343     3.63268285     3.63270385     3.63271182     3.63285269     3.63287031
  1271   -75.15489463   -75.15489461   -42.11447981   -42.11447974   -41.83994565   -41.83994561   -41.81067137   -41.81067131    -6.92467646    -6.92467436    -6.35008207    -6.35007512    -4.35876100    -4.35874027    -2.70929857    -2.70928107    -1.35104885    -1.35103284     3.63264836     3.63266578     3.63267329     3.63268260     3.63270151     3.63270823     3.63279985     3.63281908
  1272   -75.15489024   -75.15489022   -42.11449454   -42.11449449   -41.83996198   -41.83996195   -41.81069364   -41.81069359    -6.91317069    -6.91316892    -6.34186033    -6.34185489    -4.38883698    -4.38882045    -2.69421616    -2.69420204    -1.35920852    -1.35919555     3.63264824     3.63266568     3.63267508     3.63268316     3.63269902     3.63270422     3.63276033     3.63277888
  1273   -75.15488605   -75.15488603   -42.11450906   -42.11450902   -41.83997826   -41.83997823   -41.81071525   -41.81071521    -6.90154968    -6.90154833    -6.33373401    -6.33373014    -4.41871747    -4.41870552    -2.67897289    -2.67896256    -1.36766155    -1.36765203     3.63265261     3.63266701     3.63267832     3.63268440     3.63269641     3.63269997     3.63273177     3.63274707
  1274   -75.15488202   -75.15488201   -42.11452336   -42.11452334   -41.83999449   -41.83999448   -41.81073614   -41.81073611    -6.88981292    -6.88981207    -6.32571604    -6.32571377    -4.44838778    -4.44838060    -2.66357041    -2.66356413    -1.37640932    -1.37640351     3.63266280     3.63267211     3.63268240     3.63268615     3.63269370     3.63269566     3.63271116     3.63272116
  1275   -75.15487816   -75.15487816   -42.11453744   -42.11453743   -41.84001070   -41.84001070   -41.81075626   -41.81075625    -6.87796025    -6.87795996    -6.31781992    -6.31781919    -4.47783242    -4.47783006    -2.64801064    -2.64800854    -1.38545339    -1.38545144     3.63267913     3.63268231     3.63268699     3.63268826     3.63269086     3.63269144     3.63269577     3.63269925
  1276   -75.15487444   -75.15487444   -42.11455129   -42.11455128   -41.84002689   -41.84002689   -41.81077559   -41.81077559    -6.86599213    -6.86599183    -6.31006041    -6.31005972    -4.50703737    -4.50703506    -2.63229779    -2.63229572    -1.39479762    -1.39479569     3.63268016     3.63268369     3.63268744     3.63268793     3.63269059     3.63269187     3.63269771     3.63270089
  1277   -75.15487086   -75.15487085   -42.11456492   -42.11456489   -41.84004308   -41.84004307   -41.81079411   -41.81079409    -6.85390904    -6.85390813    -6.30245216    -6.30245021    -4.53598510    -4.53597842    -2.61643401    -2.61642792    -1.40444425    -1.40443856     3.63266325     3.63267382     3.63268381     3.63268495     3.63269302     3.63269684     3.63271736     3.63272668
  1278   -75.15486739   -75.15486737   -42.11457833   -42.11457828   -41.84005927   -41.84005925   -41.81081177   -41.81081174    -6.84171146    -6.84170993    -6.29500991    -6.29500693    -4.56465477    -4.56464418    -2.60041941    -2.60040958    -1.41439397    -1.41438475     3.63264828     3.63266560     3.63268064     3.63268202     3.63269545     3.63270173     3.63273966     3.63275464
  1279   -75.15486401   -75.15486399   -42.11459151   -42.11459145   -41.84007545   -41.84007544   -41.81082857   -41.81082853    -6.82940040    -6.82939828    -6.28775010    -6.28774637    -4.59302683    -4.59301292    -2.58425626    -2.58424310    -1.42464979    -1.42463741     3.63263522     3.63265877     3.63267803     3.63267924     3.63269776     3.63270635     3.63276279     3.63278276
  1280   -75.15486073   -75.15486071   -42.11460446   -42.11460438   -41.84009163   -41.84009162   -41.81084452   -41.81084447    -6.81697709    -6.81697442    -6.28069018    -6.28068602    -4.62108051    -4.62106400    -2.56794688    -2.56793087    -1.43521504    -1.43519994     3.63262419     3.63265326     3.63267603     3.63267674     3.63269987     3.63271053     3.63278489     3.63280908
  1281   -75.15485754   -75.15485751   -42.11461717   -42.11461708   -41.84010778   -41.84010777   -41.81085959   -41.81085954    -6.80444294    -6.80443977    -6.27384881    -6.27384457    -4.64879378    -4.64877545    -2.55149360    -2.55147531    -1.44609320    -1.44607590     3.63261534     3.63264905     3.63267464     3.63267470     3.63270170     3.63271413     3.63280431     3.63283187
  1282   -75.15485443   -75.15485440   -42.11462962   -42.11462952   -41.84012387   -41.84012387   -41.81087381   -41.81087375    -6.79179948    -6.79179589    -6.26724602    -6.26724204    -4.67614318    -4.67612386    -2.53489879    -2.53487885    -1.45728774    -1.45726881     3.63260883     3.63264616     3.63267304     3.63267403     3.63270321     3.63271701     3.63281969     3.63284969
  1283   -75.15485140   -75.15485136   -42.11464179   -42.11464167   -41.84013986   -41.84013986   -41.81088718   -41.81088712    -6.77904830    -6.77904437    -6.26090330    -6.26089994    -4.70310378    -4.70308433    -2.51816489    -2.51814392    -1.46880192    -1.46878196     3.63260478     3.63264460     3.63267204     3.63267401     3.63270436     3.63271906     3.63283007     3.63286153
  1284   -75.15484845   -75.15484841   -42.11465363   -42.11465351   -41.84015568   -41.84015567   -41.81089971   -41.81089964    -6.76619099    -6.76618683    -6.25484381    -6.25484141    -4.72964907    -4.72963030    -2.50129437    -2.50127302    -1.48063856    -1.48061818     3.63260324     3.63264436     3.63267167     3.63267458     3.63270512     3.63272023     3.63283489     3.63286680
  1285   -75.15484558   -75.15484554   -42.11466510   -42.11466498   -41.84017126   -41.84017124   -41.81091139   -41.81091133    -6.75322914    -6.75322483    -6.24909249    -6.24909134    -4.75575084    -4.75573352    -2.48428980    -2.48426867    -1.49279986    -1.49277964     3.63260419     3.63264538     3.63267197     3.63267565     3.63270552     3.63272046     3.63283398     3.63286537
  1286   -75.15484278   -75.15484275   -42.11467615   -42.11467603   -41.84018649   -41.84018646   -41.81092225   -41.81092220    -6.74016421    -6.74015986    -6.24367652    -6.24367618    -4.78137917    -4.78136396    -2.46715377    -2.46713343    -1.50528723    -1.50526771     3.63260750     3.63264759     3.63267291     3.63267713     3.63270558     3.63271977     3.63282758     3.63285750
  1287   -75.15484007   -75.15484004   -42.11468670   -42.11468658   -41.84020127   -41.84020123   -41.81093229   -41.81093224    -6.72699754    -6.72699324    -6.23862573    -6.23862372    -4.80650230    -4.80648975    -2.44988894    -2.44986988    -1.51810112    -1.51808278     3.63261296     3.63265088     3.63267442     3.63267887     3.63270538     3.63271818     3.63281627     3.63284383
  1288   -75.15483743   -75.15483741   -42.11469668   -42.11469656   -41.84021547   -41.84021542   -41.81094151   -41.81094147    -6.71373031    -6.71372615    -6.23396979    -6.23396599    -4.83108666    -4.83107719    -2.43249795    -2.43248058    -1.53124097    -1.53122421     3.63262028     3.63265509     3.63267640     3.63268072     3.63270502     3.63271579     3.63280088     3.63282528
  1289   -75.15483486   -75.15483484   -42.11470601   -42.11470590   -41.84022897   -41.84022891   -41.81094992   -41.81094988    -6.70036348    -6.70035955    -6.22974156    -6.22973596    -4.85509686    -4.85509072    -2.41498341    -2.41496803    -1.54470515    -1.54469028     3.63262904     3.63266003     3.63267873     3.63268251     3.63270466     3.63271270     3.63278245     3.63280301
  1290   -75.15483235   -75.15483234   -42.11471461   -42.11471450   -41.84024163   -41.84024156   -41.81095752   -41.81095748    -6.68689780    -6.68689416    -6.22597598    -6.22596865    -4.87849573    -4.87849300    -2.39734777    -2.39733460    -1.55849101    -1.55847824     3.63263874     3.63266546     3.63268121     3.63268406     3.63270450     3.63270908     3.63276217     3.63277831
  1291   -75.15482990   -75.15482989   -42.11472239   -42.11472229   -41.84025332   -41.84025325   -41.81096431   -41.81096428    -6.67333377    -6.67333048    -6.22270993    -6.22270100    -4.90124503    -4.90124441    -2.37959328    -2.37958244    -1.57259497    -1.57258443     3.63264876     3.63267108     3.63268363     3.63268523     3.63270479     3.63270511     3.63274134     3.63275252
  1292   -75.15482750   -75.15482749   -42.11472928   -42.11472919   -41.84026392   -41.84026384   -41.81097030   -41.81097028    -6.65967167    -6.65966877    -6.21998206    -6.21997176    -4.92330629    -4.92330253    -2.36172192    -2.36171340    -1.58701272    -1.58700443     3.63265830     3.63267637     3.63268562     3.63268601     3.63270082     3.63270565     3.63272167     3.63272713
  1293   -75.15482513   -75.15482513   -42.11473520   -42.11473512   -41.84027331   -41.84027322   -41.81097550   -41.81097549    -6.64591153    -6.64590904    -6.21783260    -6.21782122    -4.94463499    -4.94462846    -2.34373524    -2.34372897    -1.60173938    -1.60173327     3.63266628     3.63268023     3.63268588     3.63268633     3.63269536     3.63270157     3.63270726     3.63270952
  1294   -75.15482279   -75.15482279   -42.11474011   -42.11474003   -41.84028139   -41.84028130   -41.81097993   -41.81097992    -6.63205316    -6.63205109    -6.21630300    -6.21629087    -4.96518840    -4.96517956    -2.32563430    -2.32563013    -1.61676979    -1.61676574     3.63267094     3.63267633     3.63267882     3.63268159     3.63269000     3.63269371     3.63270291     3.63271190
  1295   -75.15482048   -75.15482048   -42.11474395   -42.11474388   -41.84028809   -41.84028799   -41.81098359   -41.81098359    -6.61809617    -6.61809452    -6.21543553    -6.21542304    -4.98492323    -4.98491261    -2.30741963    -2.30741733    -1.63209881    -1.63209658     3.63265908     3.63266314     3.63267517     3.63267966     3.63269080     3.63269596     3.63270366     3.63271641
  1296   -75.15481818   -75.15481817   -42.11474672   -42.11474666   -41.84029337   -41.84029326   -41.81098652   -41.81098652    -6.60404000    -6.60403874    -6.21527280    -6.21526031    -5.00379611    -5.00378430    -2.28909108    -2.28909038    -1.64772153    -1.64772089     3.63264394     3.63265172     3.63267568     3.63267681     3.63269209     3.63269774     3.63270643     3.63272163
  1297   -75.15481588   -75.15481588   -42.11474840   -42.11474835   -41.84029719   -41.84029709   -41.81098875   -41.81098875    -6.58988394    -6.58988305    -6.21585712    -6.21584501    -5.02176415    -5.02175175    -2.27064846    -2.27064785    -1.66363429    -1.66363365     3.63263240     3.63264322     3.63267387     3.63267551     3.63269284     3.63269873     3.63270971     3.63272667
  1298   -75.15481360   -75.15481359   -42.11474904   -42.11474898   -41.84029959   -41.84029949   -41.81099032   -41.81099032    -6.57562718    -6.57562660    -6.21722985    -6.21721846    -5.03878561    -5.03877319    -2.25209004    -2.25208844    -1.67983326    -1.67983163     3.63262472     3.63263781     3.63267127     3.63267511     3.63269302     3.63269912     3.63271266     3.63273082
  1299   -75.15481132   -75.15481132   -42.11474867   -42.11474862   -41.84030061   -41.84030051   -41.81099127   -41.81099127    -6.56126882    -6.56126852    -6.21943069    -6.21942031    -5.05482054    -5.05480861    -2.23341294    -2.23341066    -1.69631527    -1.69631295     3.63262082     3.63263537     3.63266923     3.63267475     3.63269275     3.63269900     3.63271495     3.63273366
  1300   -75.15480906   -75.15480905   -42.11474738   -42.11474733   -41.84030035   -41.84030025   -41.81099167   -41.81099167    -6.54680796    -6.54680788    -6.22249684    -6.22248768    -5.06983159    -5.06982058    -2.21461435    -2.21461168    -1.71307897    -1.71307625     3.63262036     3.63263559     3.63266787     3.63267456     3.63269215     3.63269846     3.63271644     3.63273498
  1301   -75.15480682   -75.15480682   -42.11474526   -42.11474522   -41.84029891   -41.84029883   -41.81099158   -41.81099158    -6.53224375    -6.53224366    -6.22646224    -6.22645445    -5.08378470    -5.08377495    -2.19569092    -2.19568811    -1.73012422    -1.73012136     3.63262286     3.63263803     3.63266724     3.63267462     3.63269137     3.63269756     3.63271709     3.63273475
  1302   -75.15480463   -75.15480463   -42.11474245   -42.11474242   -41.84029647   -41.84029639   -41.81099107   -41.81099107    -6.51757527    -6.51757507    -6.23135676    -6.23135040    -5.09664989    -5.09664162    -2.17663884    -2.17663610    -1.74745207    -1.74744928     3.63262775     3.63264218     3.63266734     3.63267498     3.63269051     3.63269638     3.63271694     3.63273307
  1303   -75.15480250   -75.15480249   -42.11473909   -42.11473906   -41.84029320   -41.84029313   -41.81099023   -41.81099023    -6.50280163    -6.50280135    -6.23720550    -6.23720054    -5.10840195    -5.10839524    -2.15745400    -2.15745149    -1.76506468    -1.76506211     3.63263440     3.63264754     3.63266813     3.63267563     3.63268967     3.63269503     3.63271604     3.63273013
  1304   -75.15480044   -75.15480044   -42.11473534   -42.11473531   -41.84028930   -41.84028924   -41.81098914   -41.81098913    -6.48792211    -6.48792181    -6.24402812    -6.24402446    -5.11902101    -5.11901585    -2.13813214    -2.13812998    -1.78296506    -1.78296284     3.63264216     3.63265359     3.63266952     3.63267656     3.63268892     3.63269359     3.63271450     3.63272616
  1305   -75.15479850   -75.15479850   -42.11473136   -42.11473133   -41.84028500   -41.84028494   -41.81098787   -41.81098787    -6.47293613    -6.47293583    -6.25183834    -6.25183582    -5.12849302    -5.12848930    -2.11866906    -2.11866730    -1.80115685    -1.80115505     3.63265042     3.63265987     3.63267143     3.63267773     3.63268835     3.63269216     3.63271244     3.63272146
  1306   -75.15479669   -75.15479669   -42.11472733   -42.11472731   -41.84028051   -41.84028047   -41.81098652   -41.81098652    -6.45784323    -6.45784296    -6.26064360    -6.26064203    -5.13681014    -5.13680766    -2.09906081    -2.09905948    -1.81964394    -1.81964256     3.63265863     3.63266600     3.63267371     3.63267910     3.63268798     3.63269084     3.63270997     3.63271635
  1307   -75.15479505   -75.15479504   -42.11472342   -42.11472341   -41.84027608   -41.84027604   -41.81098517   -41.81098517    -6.44264309    -6.44264287    -6.27044487    -6.27044402    -5.14397080    -5.14396931    -2.07930403    -2.07930310    -1.83842996    -1.83842899     3.63266632     3.63267167     3.63267624     3.63268060     3.63268785     3.63268971     3.63270723     3.63271113
  1308   -75.15479359   -75.15479359   -42.11471980   -42.11471979   -41.84027191   -41.84027188   -41.81098389   -41.81098388    -6.42733555    -6.42733538    -6.28123671    -6.28123635    -5.14997974    -5.14997899    -2.05939628    -2.05939569    -1.85751770    -1.85751708     3.63267313     3.63267661     3.63267889     3.63268215     3.63268795     3.63268886     3.63270431     3.63270610
  1309   -75.15479236   -75.15479236   -42.11471662   -42.11471661   -41.84026820   -41.84026818   -41.81098275   -41.81098274    -6.41192061    -6.41192049    -6.29300738    -6.29300731    -5.15484781    -5.15484753    -2.03933686    -2.03933654    -1.87690812    -1.87690777     3.63267878     3.63268046     3.63268174     3.63268371     3.63268823     3.63268837     3.63270131     3.63270151
  1310   -75.15479136   -75.15479136   -42.11471401   -42.11471400   -41.84026512   -41.84026511   -41.81098180   -41.81098180    -6.39639842    -6.39639835    -6.30573932    -6.30573927    -5.15859153    -5.15859150    -2.01912865    -2.01912851    -1.89659818    -1.89659802     3.63268309     3.63268312     3.63268474     3.63268528     3.63268830     3.63268863     3.63269753     3.63269828
  1311   -75.15479064   -75.15479064   -42.11471207   -42.11471207   -41.84026283   -41.84026283   -41.81098109   -41.81098109    -6.38076947    -6.38076944    -6.31940933    -6.31940927    -5.16123272    -5.16123268    -1.99878542    -1.99878538    -1.91657336    -1.91657330     3.63268519     3.63268598     3.63268694     3.63268713     3.63268860     3.63268905     3.63269426     3.63269527
  1312   -75.15479019   -75.15479019   -42.11471088   -42.11471088   -41.84026141   -41.84026141   -41.81098066   -41.81098066    -6.36503545    -6.36503543    -6.33398849    -6.33398846    -5.16279761    -5.16279759    -1.97838156    -1.97838156    -1.93675770    -1.93675769     3.63268719     3.63268779     3.63268845     3.63268866     3.63268910     3.63268940     3.63269163     3.63269231
  1313   -75.15479004   -75.15479004   -42.11471048   -42.11471048   -41.84026093   -41.84026093   -41.81098052   -41.81098052    -6.34975767    -6.34975767    -6.34888440    -6.34888440    -5.16331649    -5.16331649    -1.96107203    -1.96107203    -1.95399369    -1.95399369     3.63268940     3.63268940     3.63268940     3.63268940     3.63268940     3.63268940     3.63268940     3.63268940
  1314   -75.15479013   -75.15479013   -42.11471049   -42.11471049   -41.84026085   -41.84026085   -41.81098057   -41.81098057    -6.36543810    -6.36543810    -6.33358454    -6.33358454    -5.16279741    -5.16279741    -1.97850023    -1.97850023    -1.93662858    -1.93662858     3.63268819     3.63268848     3.63268923     3.63268939     3.63268965     3.63268975     3.63269039     3.63269063
  1315   -75.15479038   -75.15479038   -42.11471052   -42.11471052   -41.84026058   -41.84026058   -41.81098072   -41.81098072    -6.38263321    -6.38263321    -6.31747970    -6.31747970    -5.16129227    -5.16129227    -1.99962717    -1.99962717    -1.91568149    -1.91568149     3.63268674     3.63268725     3.63268922     3.63268941     3.63269022     3.63269022     3.63269192     3.63269224
  1316   -75.15479081   -75.15479081   -42.11471055   -42.11471055   -41.84026010   -41.84026010   -41.81098097   -41.81098097    -6.40060530    -6.40060530    -6.30126841    -6.30126841    -5.15883947    -5.15883947    -2.02112267    -2.02112267    -1.89447853    -1.89447853     3.63268505     3.63268569     3.63268923     3.63268943     3.63269087     3.63269106     3.63269408     3.63269433
  1317   -75.15479142   -75.15479142   -42.11471053   -42.11471053   -41.84025937   -41.84025937   -41.81098129   -41.81098129    -6.41931305    -6.41931305    -6.28495165    -6.28495165    -5.15547868    -5.15547868    -2.04290626    -2.04290626    -1.87309626    -1.87309626     3.63268317     3.63268381     3.63268919     3.63268940     3.63269173     3.63269208     3.63269690     3.63269698
  1318   -75.15479221   -75.15479221   -42.11471046   -42.11471046   -41.84025836   -41.84025836   -41.81098165   -41.81098165    -6.43871527    -6.43871527    -6.26852965    -6.26852965    -5.15125017    -5.15125017    -2.06495743    -2.06495743    -1.85155129    -1.85155129     3.63268114     3.63268163     3.63268908     3.63268932     3.63269276     3.63269322     3.63270021     3.63270041
  1319   -75.15479318   -75.15479318   -42.11471027   -42.11471027   -41.84025703   -41.84025703   -41.81098203   -41.81098203    -6.45877086    -6.45877086    -6.25200254    -6.25200254    -5.14619426    -5.14619426    -2.08726544    -2.08726544    -1.82985054    -1.82985053     3.63267900     3.63267921     3.63268891     3.63268914     3.63269390     3.63269442     3.63270404     3.63270459
  1320   -75.15479434   -75.15479434   -42.11470994   -42.11470994   -41.84025533   -41.84025533   -41.81098238   -41.81098238    -6.47943912    -6.47943912    -6.23537045    -6.23537045    -5.14035088    -5.14035088    -2.10982218    -2.10982218    -1.80799830    -1.80799830     3.63267658     3.63267682     3.63268865     3.63268882     3.63269510     3.63269564     3.63270845     3.63270941
  1321   -75.15479569   -75.15479569   -42.11470940   -42.11470940   -41.84025321   -41.84025321   -41.81098266   -41.81098266    -6.50068020    -6.50068020    -6.21863351    -6.21863351    -5.13375914    -5.13375914    -2.13262038    -2.13262038    -1.78599804    -1.78599804     3.63267380     3.63267463     3.63268831     3.63268835     3.63269630     3.63269685     3.63271340     3.63271481
  1322   -75.15479722   -75.15479722   -42.11470862   -42.11470862   -41.84025062   -41.84025062   -41.81098284   -41.81098284    -6.52245534    -6.52245534    -6.20179188    -6.20179188    -5.12645703    -5.12645703    -2.15565303    -2.15565303    -1.76385291    -1.76385290     3.63267092     3.63267247     3.63268770     3.63268789     3.63269748     3.63269802     3.63271882     3.63272073
  1323   -75.15479893   -75.15479893   -42.11470754   -42.11470754   -41.84024750   -41.84024750   -41.81098285   -41.81098285    -6.54472715    -6.54472715    -6.18484575    -6.18484575    -5.11848118    -5.11848118    -2.17891321    -2.17891321    -1.74156589    -1.74156589     3.63266799     3.63267039     3.63268686     3.63268738     3.63269858     3.63269913     3.63272463     3.63272707
  1324   -75.15480083   -75.15480083   -42.11470609   -42.11470609   -41.84024380   -41.84024380   -41.81098266   -41.81098266    -6.56745976    -6.56745976    -6.16779534    -6.16779534    -5.10986670    -5.10986670    -2.20239395    -2.20239395    -1.71913991    -1.71913990     3.63266504     3.63266841     3.63268585     3.63268679     3.63269959     3.63270014     3.63273073     3.63273372
  1325   -75.15480290   -75.15480290   -42.11470422   -42.11470422   -41.84023944   -41.84023944   -41.81098221   -41.81098221    -6.59061896    -6.59061896    -6.15064087    -6.15064086    -5.10064703    -5.10064703    -2.22608828    -2.22608827    -1.69657777    -1.69657777     3.63266213     3.63266655     3.63268469     3.63268614     3.63270049     3.63270104     3.63273701     3.63274054
  1326   -75.15480515   -75.15480515   -42.11470187   -42.11470187   -41.84023436   -41.84023436   -41.81098146   -41.81098146    -6.61417227    -6.61417226    -6.13338259    -6.13338259    -5.09085389    -5.09085388    -2.24998918    -2.24998917    -1.67388215    -1.67388215     3.63265929     3.63266483     3.63268342     3.63268543     3.63270126     3.63270181     3.63274333     3.63274740
  1327   -75.15480757   -75.15480757   -42.11469897   -42.11469897   -41.84022849   -41.84022849   -41.81098034   -41.81098034    -6.63808893    -6.63808893    -6.11602079    -6.11602078    -5.08051724    -5.08051723    -2.27408963    -2.27408962    -1.65105555    -1.65105555     3.63265658     3.63266325     3.63268210     3.63268470     3.63270191     3.63270242     3.63274954     3.63275414
  1328   -75.15481015   -75.15481015   -42.11469546   -42.11469546   -41.84022178   -41.84022178   -41.81097882   -41.81097881    -6.66233998    -6.66233998    -6.09855573    -6.09855573    -5.06966529    -5.06966529    -2.29838264    -2.29838263    -1.62810026    -1.62810025     3.63265402     3.63266180     3.63268081     3.63268397     3.63270242     3.63270288     3.63275550     3.63276058
  1329   -75.15481289   -75.15481289   -42.11469128   -42.11469128   -41.84021415   -41.84021415   -41.81097683   -41.81097683    -6.68689817    -6.68689817    -6.08098773    -6.08098773    -5.05832455    -5.05832454    -2.32286126    -2.32286125    -1.60501830    -1.60501829     3.63265167     3.63266048     3.63267962     3.63268326     3.63270280     3.63270315     3.63276105     3.63276657
  1330   -75.15481578   -75.15481578   -42.11468637   -42.11468637   -41.84020553   -41.84020553   -41.81097434   -41.81097434    -6.71173794    -6.71173793    -6.06331707    -6.06331707    -5.04651984    -5.04651983    -2.34751862    -2.34751861    -1.58181142    -1.58181141     3.63264958     3.63265930     3.63267861     3.63268262     3.63270306     3.63270325     3.63276602     3.63277192
  1331   -75.15481880   -75.15481880   -42.11468067   -42.11468067   -41.84019588   -41.84019588   -41.81097130   -41.81097130    -6.73683535    -6.73683534    -6.04554405    -6.04554405    -5.03427436    -5.03427435    -2.37234800    -2.37234799    -1.55848101    -1.55848100     3.63264778     3.63265825     3.63267784     3.63268207     3.63270316     3.63270319     3.63277027     3.63277648
  1332   -75.15482196   -75.15482196   -42.11467413   -42.11467413   -41.84018511   -41.84018511   -41.81096768   -41.81096768    -6.76216804    -6.76216803    -6.02766896    -6.02766896    -5.02160981    -5.02160980    -2.39734278    -2.39734276    -1.53502817    -1.53502816     3.63264635     3.63265738     3.63267735     3.63268163     3.63270289     3.63270321     3.63277366     3.63278010
  1333   -75.15482525   -75.15482525   -42.11466670   -42.11466670   -41.84017319   -41.84017319   -41.81096343   -41.81096343    -6.78771511    -6.78771510    -6.00969210    -6.00969210    -5.00854640    -5.00854639    -2.42249654    -2.42249653    -1.51145363    -1.51145362     3.63264532     3.63265672     3.63267717     3.63268133     3.63270246     3.63270312     3.63277606     3.63278264
  1334   -75.15482865   -75.15482865   -42.11465832   -42.11465832   -41.84016004   -41.84016004   -41.81095852   -41.81095852    -6.81345708    -6.81345707    -5.99161372    -5.99161372    -4.99510298    -4.99510297    -2.44780307    -2.44780306    -1.48775775    -1.48775774     3.63264476     3.63265634     3.63267728     3.63268119     3.63270187     3.63270293     3.63277736     3.63278399
  1335   -75.15483216   -75.15483216   -42.11464897   -42.11464897   -41.84014564   -41.84014564   -41.81095294   -41.81095294    -6.83937580    -6.83937579    -5.97343409    -5.97343409    -4.98129713    -4.98129712    -2.47325637    -2.47325636    -1.46394058    -1.46394057     3.63264470     3.63265630     3.63267767     3.63268119     3.63270114     3.63270265     3.63277750     3.63278408
  1336   -75.15483578   -75.15483578   -42.11463859   -42.11463859   -41.84012992   -41.84012992   -41.81094665   -41.81094665    -6.86545436    -6.86545435    -5.95515342    -5.95515342    -4.96714521    -4.96714520    -2.49885069    -2.49885068    -1.44000183    -1.44000182     3.63264520     3.63265666     3.63267829     3.63268135     3.63270030     3.63270228     3.63277643     3.63278285
  1337   -75.15483950   -75.15483950   -42.11462716   -42.11462716   -41.84011286   -41.84011286   -41.81093965   -41.81093965    -6.89167701    -6.89167701    -5.93677193    -5.93677193    -4.95266246    -4.95266246    -2.52458055    -2.52458054    -1.41594088    -1.41594087     3.63264627     3.63265747     3.63267911     3.63268166     3.63269936     3.63270184     3.63277413     3.63278030
  1338   -75.15484332   -75.15484332   -42.11461466   -42.11461466   -41.84009441   -41.84009441   -41.81093192   -41.81093192    -6.91802910    -6.91802910    -5.91828979    -5.91828979    -4.93786310    -4.93786310    -2.55044073    -2.55044072    -1.39175688    -1.39175687     3.63264792     3.63265875     3.63268007     3.63268210     3.63269835     3.63270134     3.63277062     3.63277644
  1339   -75.15484723   -75.15484723   -42.11460106   -42.11460106   -41.84007456   -41.84007456   -41.81092347   -41.81092347    -6.94449699    -6.94449698    -5.89970715    -5.89970715    -4.92276036    -4.92276036    -2.57642629    -2.57642628    -1.36744872    -1.36744872     3.63265013     3.63266052     3.63268113     3.63268266     3.63269731     3.63270079     3.63276598     3.63277136
  1340   -75.15485124   -75.15485124   -42.11458635   -42.11458635   -41.84005329   -41.84005329   -41.81091428   -41.81091428    -6.97106798    -6.97106797    -5.88102411    -5.88102411    -4.90736661    -4.90736661    -2.60253257    -2.60253256    -1.34301511    -1.34301510     3.63265288     3.63266275     3.63268225     3.63268332     3.63269626     3.63270020     3.63276031     3.63276517
  1341   -75.15485534   -75.15485534   -42.11457053   -42.11457053   -41.84003058   -41.84003058   -41.81090438   -41.81090438    -6.99773025    -6.99773025    -5.86224077    -5.86224077    -4.89169337    -4.89169337    -2.62875518    -2.62875517    -1.31845459    -1.31845458     3.63265608     3.63266539     3.63268338     3.63268406     3.63269523     3.63269959     3.63275374     3.63275801
  1342   -75.15485953   -75.15485953   -42.11455359   -42.11455359   -41.84000642   -41.84000642   -41.81089378   -41.81089378    -7.02447281    -7.02447281    -5.84335716    -5.84335716    -4.87575141    -4.87575141    -2.65509000    -2.65509000    -1.29376562    -1.29376561     3.63265967     3.63266836     3.63268449     3.63268484     3.63269425     3.63269896     3.63274645     3.63275009
  1343   -75.15486383   -75.15486383   -42.11453554   -42.11453554   -41.83998082   -41.83998082   -41.81088249   -41.81088249    -7.05128541    -7.05128541    -5.82437331    -5.82437331    -4.85955082    -4.85955082    -2.68153317    -2.68153317    -1.26894660    -1.26894659     3.63266352     3.63267155     3.63268555     3.63268564     3.63269335     3.63269831     3.63273865     3.63274163
  1344   -75.15486824   -75.15486824   -42.11451640   -42.11451640   -41.83995378   -41.83995378   -41.81087055   -41.81087055    -7.07815849    -7.07815849    -5.80528919    -5.80528919    -4.84310100    -4.84310100    -2.70808107    -2.70808106    -1.24399592    -1.24399592     3.63266751     3.63267484     3.63268642     3.63268652     3.63269255     3.63269766     3.63273058     3.63273290
  1345   -75.15487276   -75.15487276   -42.11449619   -42.11449619   -41.83992531   -41.83992531   -41.81085798   -41.81085798    -7.10508316    -7.10508316    -5.78610476    -5.78610476    -4.82641080    -4.82641080    -2.73473028    -2.73473028    -1.21891201    -1.21891201     3.63267151     3.63267807     3.63268716     3.63268737     3.63269189     3.63269699     3.63272249     3.63272417
  1346   -75.15487741   -75.15487741   -42.11447491   -42.11447491   -41.83989543   -41.83989543   -41.81084481   -41.81084481    -7.13205112    -7.13205112    -5.76681994    -5.76681994    -4.80948850    -4.80948850    -2.76147761    -2.76147761    -1.19369338    -1.19369338     3.63267538     3.63268109     3.63268782     3.63268807     3.63269139     3.63269625     3.63271466     3.63271575
  1347   -75.15488219   -75.15488219   -42.11445261   -42.11445261   -41.83986416   -41.83986416   -41.81083110   -41.81083110    -7.15905462    -7.15905462    -5.74743464    -5.74743464    -4.79234185    -4.79234185    -2.78832001    -2.78832001    -1.16833864    -1.16833864     3.63267903     3.63268374     3.63268836     3.63268859     3.63269103     3.63269537     3.63270736     3.63270795
  1348   -75.15488713   -75.15488713   -42.11442931   -42.11442931   -41.83983154   -41.83983154   -41.81081687   -41.81081687    -7.18608641    -7.18608641    -5.72794874    -5.72794874    -4.77497816    -4.77497816    -2.81525458    -2.81525458    -1.14284656    -1.14284656     3.63268240     3.63268593     3.63268879     3.63268893     3.63269074     3.63269421     3.63270085     3.63270105
  1349   -75.15489222   -75.15489222   -42.11440505   -42.11440505   -41.83979759   -41.83979759   -41.81080217   -41.81080217    -7.21313974    -7.21313974    -5.70836210    -5.70836210    -4.75740430    -4.75740430    -2.84227855    -2.84227855    -1.11721606    -1.11721606     3.63268548     3.63268764     3.63268910     3.63268915     3.63269036     3.63269258     3.63269533     3.63269533
  1350   -75.15489750   -75.15489750   -42.11437987   -42.11437987   -41.83976234   -41.83976234   -41.81078706   -41.81078706    -7.24020826    -7.24020826    -5.68867458    -5.68867458    -4.73962671    -4.73962671    -2.86938920    -2.86938920    -1.09144624    -1.09144624     3.63268835     3.63268896     3.63268933     3.63268934     3.63268971     3.63269033     3.63269086     3.63269087
  1351   -75.15490296   -75.15490296   -42.11435380   -42.11435380   -41.83972583   -41.83972583   -41.81077157   -41.81077157    -7.26728606    -7.26728606    -5.66888604    -5.66888604    -4.72165147    -4.72165147    -2.89658388    -2.89658388    -1.06553641    -1.06553641     3.63268688     3.63268709     3.63268805     3.63268892     3.63268951     3.63268954     3.63269012     3.63269118
  1352   -75.15490863   -75.15490863   -42.11432689   -42.11432689   -41.83968810   -41.83968810   -41.81075577   -41.81075577    -7.29436755    -7.29436755    -5.64899631    -5.64899631    -4.70348431    -4.70348431    -2.92385996    -2.92385996    -1.03948604    -1.03948604     3.63268194     3.63268312     3.63268680     3.63268855     3.63268970     3.63268982     3.63269146     3.63269427
  1353   -75.15491451   -75.15491451   -42.11429918   -42.11429918   -41.83964919   -41.83964919   -41.81073968   -41.81073968    -7.32144754    -7.32144754    -5.62900525    -5.62900525    -4.68513063    -4.68513063    -2.95121477    -2.95121477    -1.01329481    -1.01329481     3.63267542     3.63267801     3.63268660     3.63268889     3.63268993     3.63269030     3.63269360     3.63269812
  1354   -75.15492063   -75.15492063   -42.11427071   -42.11427071   -41.83960914   -41.83960914   -41.81072338   -41.81072338    -7.34852109    -7.34852109    -5.60891272    -5.60891272    -4.66659550    -4.66659550    -2.97864561    -2.97864561    -0.98696257    -0.98696257     3.63266700     3.63267126     3.63268690     3.63268933     3.63269043     3.63269108     3.63269738     3.63270342
  1355   -75.15492698   -75.15492698   -42.11424151   -42.11424151   -41.83956798   -41.83956798   -41.81070690   -41.81070690    -7.37558359    -7.37558359    -5.58871860    -5.58871860    -4.64788374    -4.64788374    -3.00614973    -3.00614973    -0.96048931    -0.96048930     3.63265651     3.63266264     3.63268725     3.63268949     3.63269124     3.63269213     3.63270336     3.63271083
  1356   -75.15493359   -75.15493359   -42.11421163   -42.11421163   -41.83952575   -41.83952575   -41.81069028   -41.81069028    -7.40263069    -7.40263069    -5.56842277    -5.56842277    -4.62899987    -4.62899986    -3.03372424    -3.03372424    -0.93387515    -0.93387515     3.63264380     3.63265201     3.63268752     3.63268952     3.63269213     3.63269328     3.63271166     3.63272073
  1357   -75.15494046   -75.15494046   -42.11418111   -42.11418111   -41.83948248   -41.83948248   -41.81067357   -41.81067357    -7.42965826    -7.42965826    -5.54802516    -5.54802516    -4.60994815    -4.60994814    -3.06136616    -3.06136616    -0.90712034    -0.90712034     3.63262882     3.63263934     3.63268772     3.63268952     3.63269303     3.63269440     3.63272223     3.63273319
  1358   -75.15494760   -75.15494760   -42.11414996   -42.11414996   -41.83943820   -41.83943820   -41.81065682   -41.81065682    -7.45666242    -7.45666242    -5.52752572    -5.52752571    -4.59073261    -4.59073261    -3.08907236    -3.08907236    -0.88022518    -0.88022517     3.63261155     3.63262461     3.63268789     3.63268954     3.63269393     3.63269545     3.63273493     3.63274812
  1359   -75.15495501   -75.15495501   -42.11411822   -42.11411822   -41.83939293   -41.83939293   -41.81064004   -41.81064004    -7.48363947    -7.48363947    -5.50692440    -5.50692440    -4.57135707    -4.57135706    -3.11683956    -3.11683955    -0.85319001    -0.85319000     3.63259206     3.63260790     3.63268808     3.63268961     3.63269480     3.63269643     3.63274958     3.63276533
  1360   -75.15496269   -75.15496269   -42.11408592   -42.11408592   -41.83934671   -41.83934671   -41.81062329   -41.81062328    -7.51058593    -7.51058593    -5.48622122    -5.48622122    -4.55182509    -4.55182508    -3.14466431    -3.14466429    -0.82601519    -0.82601518     3.63257048     3.63258931     3.63268828     3.63268974     3.63269564     3.63269735     3.63276596     3.63278454
  1361   -75.15497064   -75.15497064   -42.11405307   -42.11405307   -41.83929954   -41.83929954   -41.81060657   -41.81060657    -7.53749846    -7.53749846    -5.46541623    -5.46541623    -4.53214008    -4.53214006    -3.17254297    -3.17254295    -0.79870105    -0.79870104     3.63254701     3.63256902     3.63268850     3.63268994     3.63269642     3.63269821     3.63278376     3.63280543
  1362   -75.15497886   -75.15497886   -42.11401969   -42.11401969   -41.83925144   -41.83925144   -41.81058992   -41.81058992    -7.56437390    -7.56437389    -5.44450950    -5.44450949    -4.51230521    -4.51230518    -3.20047177    -3.20047174    -0.77124787    -0.77124785     3.63252192     3.63254725     3.63268875     3.63269025     3.63269712     3.63269901     3.63280265     3.63282761
  1363   -75.15498734   -75.15498734   -42.11398578   -42.11398578   -41.83920241   -41.83920241   -41.81057335   -41.81057335    -7.59120923    -7.59120922    -5.42350114    -5.42350114    -4.49232351    -4.49232347    -3.22844673    -3.22844669    -0.74365584    -0.74365581     3.63249552     3.63252430     3.63268902     3.63269064     3.63269773     3.63269976     3.63282224     3.63285063
  1364   -75.15499607   -75.15499607   -42.11395134   -42.11395134   -41.83915246   -41.83915246   -41.81055687   -41.81055687    -7.61800156    -7.61800156    -5.40239132    -5.40239131    -4.47219781    -4.47219775    -3.25646371    -3.25646366    -0.71592505    -0.71592501     3.63246821     3.63250048     3.63268930     3.63269114     3.63269822     3.63270046     3.63284213     3.63287403
  1365   -75.15500503   -75.15500503   -42.11391639   -42.11391639   -41.83910157   -41.83910157   -41.81054049   -41.81054049    -7.64474815    -7.64474814    -5.38118022    -5.38118021    -4.45193080    -4.45193073    -3.28451844    -3.28451837    -0.68805547    -0.68805542     3.63244042     3.63247618     3.63268960     3.63269173     3.63269860     3.63270110     3.63286186     3.63289728
  1366   -75.15501422   -75.15501421   -42.11388090   -42.11388090   -41.83904975   -41.83904974   -41.81052421   -41.81052421    -7.67144634    -7.67144633    -5.35986807    -5.35986807    -4.43152502    -4.43152494    -3.31260648    -3.31260640    -0.66004694    -0.66004688     3.63241263     3.63245180     3.63268990     3.63269239     3.63269886     3.63270168     3.63288098     3.63291985
  1367   -75.15502360   -75.15502360   -42.11384486   -42.11384486   -41.83899696   -41.83899696   -41.81050802   -41.81050802    -7.69809360    -7.69809359    -5.33845514    -5.33845513    -4.41098287    -4.41098277    -3.34072331    -3.34072321    -0.63189916    -0.63189909     3.63238537     3.63242781     3.63269020     3.63269310     3.63269901     3.63270220     3.63289903     3.63294122
  1368   -75.15503318   -75.15503318   -42.11380827   -42.11380826   -41.83894319   -41.83894319   -41.81049193   -41.81049193    -7.72468750    -7.72468748    -5.31694172    -5.31694171    -4.39030661    -4.39030650    -3.36886428    -3.36886417    -0.60361169    -0.60361161     3.63235918     3.63240468     3.63269049     3.63269383     3.63269906     3.63270265     3.63291555     3.63296085
  1369   -75.15504292   -75.15504292   -42.11377108   -42.11377108   -41.83888842   -41.83888842   -41.81047591   -41.81047590    -7.75122570    -7.75122568    -5.29532813    -5.29532811    -4.36949841    -4.36949829    -3.39702470    -3.39702458    -0.57518397    -0.57518388     3.63233463     3.63238290     3.63269077     3.63269451     3.63269905     3.63270301     3.63293011     3.63297823
  1370   -75.15505280   -75.15505280   -42.11373329   -42.11373329   -41.83883262   -41.83883262   -41.81045994   -41.81045994    -7.77770595    -7.77770594    -5.27361472    -5.27361470    -4.34856030    -4.34856017    -3.42519984    -3.42519970    -0.54661532    -0.54661522     3.63231230     3.63236297     3.63269102     3.63269505     3.63269907     3.63270328     3.63294232     3.63299288
  1371   -75.15506281   -75.15506281   -42.11369486   -42.11369486   -41.83877575   -41.83877575   -41.81044402   -41.81044402    -7.80412610    -7.80412608    -5.25180186    -5.25180184    -4.32749424    -4.32749410    -3.45338494    -3.45338479    -0.51790497    -0.51790486     3.63229275     3.63234538     3.63269124     3.63269533     3.63269922     3.63270346     3.63295181     3.63300437
  1372   -75.15507292   -75.15507292   -42.11365575   -42.11365575   -41.83871777   -41.83871777   -41.81042811   -41.81042811    -7.83048405    -7.83048404    -5.22988994    -5.22988992    -4.30630208    -4.30630192    -3.48157530    -3.48157514    -0.48905207    -0.48905196     3.63227653     3.63233063     3.63269143     3.63269527     3.63269956     3.63270352     3.63295828     3.63301234
  1373   -75.15508311   -75.15508311   -42.11361594   -42.11361594   -41.83865866   -41.83865866   -41.81041219   -41.81041218    -7.85677781    -7.85677779    -5.20787936    -5.20787934    -4.28498560    -4.28498543    -3.50976624    -3.50976607    -0.46005577    -0.46005565     3.63226416     3.63231919     3.63269158     3.63269490     3.63270004     3.63270347     3.63296149     3.63301649
  1374   -75.15509337   -75.15509337   -42.11357539   -42.11357538   -41.83859837   -41.83859837   -41.81039622   -41.81039622    -7.88300545    -7.88300543    -5.18577053    -5.18577051    -4.26354649    -4.26354633    -3.53795319    -3.53795302    -0.43091518    -0.43091506     3.63225614     3.63231147     3.63269168     3.63269433     3.63270055     3.63270329     3.63296127     3.63301659
  1375   -75.15510367   -75.15510366   -42.11353405   -42.11353405   -41.83853686   -41.83853685   -41.81038019   -41.81038019    -7.90916511    -7.90916509    -5.16356387    -5.16356384    -4.24198642    -4.24198625    -3.56613169    -3.56613152    -0.40162947    -0.40162936     3.63225289     3.63230789     3.63269175     3.63269364     3.63270101     3.63270299     3.63295752     3.63301252
  1376   -75.15511399   -75.15511399   -42.11349191   -42.11349191   -41.83847409   -41.83847409   -41.81036406   -41.81036406    -7.93525501    -7.93525499    -5.14125978    -5.14125976    -4.22030695    -4.22030678    -3.59429744    -3.59429727    -0.37219789    -0.37219778     3.63225478     3.63230877     3.63269176     3.63269288     3.63270136     3.63270255     3.63295024     3.63300423
  1377   -75.15512434   -75.15512434   -42.11344892   -42.11344891   -41.83841003   -41.83841002   -41.81034780   -41.81034780    -7.96127344    -7.96127342    -5.11885868    -5.11885866    -4.19850963    -4.19850947    -3.62244630    -3.62244614    -0.34261978    -0.34261968     3.63226212     3.63231442     3.63269174     3.63269209     3.63270154     3.63270197     3.63293949     3.63299179
  1378   -75.15513470   -75.15513470   -42.11340504   -42.11340504   -41.83834463   -41.83834463   -41.81033139   -41.81033139    -7.98721875    -7.98721874    -5.09636097    -5.09636095    -4.17659597    -4.17659582    -3.65057435    -3.65057419    -0.31289466    -0.31289457     3.63227514     3.63232506     3.63269132     3.63269167     3.63270127     3.63270154     3.63292544     3.63297534
  1379   -75.15514506   -75.15514506   -42.11336025   -42.11336025   -41.83827787   -41.83827787   -41.81031479   -41.81031479    -8.01308938    -8.01308937    -5.07376703    -5.07376701    -4.15456744    -4.15456730    -3.67867785    -3.67867771    -0.28302221    -0.28302213     3.63229397     3.63234084     3.63269059     3.63269155     3.63270043     3.63270132     3.63290829     3.63295514
  1380   -75.15515543   -75.15515542   -42.11331451   -42.11331451   -41.83820972   -41.83820972   -41.81029798   -41.81029798    -8.03888381    -8.03888380    -5.05107723    -5.05107721    -4.13242548    -4.13242535    -3.70675334    -3.70675321    -0.25300232    -0.25300225     3.63231867     3.63236185     3.63268994     3.63269140     3.63269948     3.63270086     3.63288838     3.63293152
  1381   -75.15516580   -75.15516580   -42.11326781   -42.11326781   -41.83814014   -41.83814014   -41.81028093   -41.81028093    -8.06460062    -8.06460061    -5.02829192    -5.02829190    -4.11017152    -4.11017142    -3.73479758    -3.73479747    -0.22283513    -0.22283508     3.63234921     3.63238810     3.63268938     3.63269122     3.63269841     3.63270016     3.63286606     3.63290490
  1382   -75.15517619   -75.15517619   -42.11322011   -42.11322011   -41.83806913   -41.83806913   -41.81026364   -41.81026364    -8.09023842    -8.09023841    -5.00541143    -5.00541142    -4.08780702    -4.08780693    -3.76280758    -3.76280749    -0.19252103    -0.19252099     3.63238547     3.63241952     3.63268895     3.63269100     3.63269724     3.63269922     3.63284178     3.63287578
  1383   -75.15518660   -75.15518660   -42.11317141   -42.11317141   -41.83799665   -41.83799665   -41.81024607   -41.81024607    -8.11579591    -8.11579590    -4.98243607    -4.98243606    -4.06533344    -4.06533337    -3.79078057    -3.79078049    -0.16206065    -0.16206062     3.63242723     3.63245598     3.63268865     3.63269076     3.63269598     3.63269802     3.63281600     3.63284469
  1384   -75.15519706   -75.15519706   -42.11312168   -42.11312168   -41.83792269   -41.83792269   -41.81022822   -41.81022822    -8.14127185    -8.14127185    -4.95936610    -4.95936609    -4.04275235    -4.04275229    -3.81871395    -3.81871389    -0.13145489    -0.13145487     3.63247420     3.63249725     3.63268850     3.63269049     3.63269465     3.63269659     3.63278925     3.63281226
  1385   -75.15520758   -75.15520758   -42.11307093   -42.11307093   -41.83784726   -41.83784726   -41.81021008   -41.81021008    -8.16666507    -8.16666507    -4.93620178    -4.93620177    -4.02006553    -4.02006549    -3.84660517    -3.84660513    -0.10070491    -0.10070490     3.63252600     3.63254307     3.63268851     3.63269022     3.63269328     3.63269493     3.63276206     3.63277909
  1386   -75.15521819   -75.15521819   -42.11301914   -42.11301914   -41.83777034   -41.83777034   -41.81019164   -41.81019164    -8.19197445    -8.19197445    -4.91294333    -4.91294332    -3.99727553    -3.99727551    -3.87445115    -3.87445113    -0.06981210    -0.06981209     3.63258217     3.63259307     3.63268869     3.63268992     3.63269187     3.63269307     3.63273497     3.63274585
  1387   -75.15522891   -75.15522891   -42.11296632   -42.11296632   -41.83769195   -41.83769195   -41.81017290   -41.81017290    -8.21719895    -8.21719895    -4.88959094    -4.88959094    -3.97438837    -3.97438836    -3.90224564    -3.90224564    -0.03877805    -0.03877805     3.63264220     3.63264686     3.63268904     3.63268963     3.63269046     3.63269103     3.63270852     3.63271317
  1388   -75.15523977   -75.15523977   -42.11291248   -42.11291248   -41.83761208   -41.83761208   -41.81015387   -41.81015387    -8.24233758    -8.24233758    -4.86614477    -4.86614477    -3.95145435    -3.95145435    -3.92993832    -3.92993831    -0.00760454    -0.00760454     3.63268167     3.63268321     3.63268884     3.63268906     3.63268933     3.63268954     3.63270396     3.63270550
  1389   -75.15525080   -75.15525080   -42.11285762   -42.11285762   -41.83753076   -41.83753076   -41.81013456   -41.81013456    -8.26738941    -8.26738941    -4.84260498    -4.84260498    -3.95781782    -3.95781778    -3.92818504    -3.92818501     0.02370651     0.02370651     3.63265195     3.63265952     3.63268655     3.63268769     3.63268903     3.63269020     3.63276388     3.63277147
  1390   -75.15526204   -75.15526204   -42.11280176   -42.11280176   -41.83744800   -41.83744800   -41.81011498   -41.81011498    -8.29235357    -8.29235356    -4.81897168    -4.81897168    -3.98543912    -3.98543909    -3.90502579    -3.90502576     0.05515308     0.05515308     3.63262454     3.63263786     3.63268418     3.63268639     3.63268875     3.63269100     3.63282608     3.63283944
  1391   -75.15527352   -75.15527352   -42.11274493   -42.11274493   -41.83736382   -41.83736382   -41.81009514   -41.81009514    -8.31722924    -8.31722923    -4.79524496    -4.79524495    -4.01304597    -4.01304593    -3.88173348    -3.88173344     0.08673310     0.08673311     3.63259990     3.63261859     3.63268177     3.63268516     3.63268847     3.63269192     3.63288997     3.63290873
  1392   -75.15528528   -75.15528527   -42.11268714   -42.11268714   -41.83727824   -41.83727824   -41.81007506   -41.81007506    -8.34201566    -8.34201565    -4.77142490    -4.77142489    -4.04060916    -4.04060913    -3.85833801    -3.85833797     0.11844450     0.11844452     3.63257842     3.63260201     3.63267939     3.63268404     3.63268821     3.63269294     3.63295497     3.63297865
  1393   -75.15529733   -75.15529733   -42.11262841   -42.11262841   -41.83719131   -41.83719131   -41.81005478   -41.81005478    -8.36671212    -8.36671211    -4.74751157    -4.74751155    -4.06812465    -4.06812462    -3.83484429    -3.83484425     0.15028526     0.15028529     3.63256039     3.63258830     3.63267705     3.63268303     3.63268797     3.63269404     3.63302047     3.63304849
  1394   -75.15530972   -75.15530972   -42.11256879   -42.11256879   -41.83710304   -41.83710304   -41.81003431   -41.81003431    -8.39131795    -8.39131795    -4.72350502    -4.72350500    -4.09559105    -4.09559103    -3.81125462    -3.81125458     0.18225344     0.18225348     3.63254601     3.63257759     3.63267482     3.63268215     3.63268775     3.63269519     3.63308586     3.63311758
  1395   -75.15532246   -75.15532246   -42.11250830   -42.11250830   -41.83701348   -41.83701348   -41.81001369   -41.81001369    -8.41583254    -8.41583253    -4.69940530    -4.69940526    -4.12300773    -4.12300772    -3.78757066    -3.78757062     0.21434726     0.21434730     3.63253536     3.63256992     3.63267273     3.63268142     3.63268756     3.63269635     3.63315053     3.63318523
  1396   -75.15533559   -75.15533559   -42.11244697   -42.11244697   -41.83692265   -41.83692265   -41.80999294   -41.80999294    -8.44025530    -8.44025529    -4.67521243    -4.67521239    -4.15037426    -4.15037426    -3.76379383    -3.76379380     0.24656509     0.24656514     3.63252844     3.63256521     3.63267083     3.63268084     3.63268740     3.63269752     3.63321387     3.63325079
  1397   -75.15534912   -75.15534912   -42.11238483   -42.11238483   -41.83683060   -41.83683060   -41.80997210   -41.80997210    -8.46458568    -8.46458568    -4.65092648    -4.65092643    -4.17769037    -4.17769035    -3.73992548    -3.73992545     0.27890551     0.27890557     3.63252513     3.63256335     3.63266915     3.63268041     3.63268728     3.63269865     3.63327528     3.63331365
  1398   -75.15536306   -75.15536306   -42.11232193   -42.11232193   -41.83673735   -41.83673735   -41.80995121   -41.80995121    -8.48882319    -8.48882318    -4.62654748    -4.62654741    -4.20495575    -4.20495572    -3.71596688    -3.71596686     0.31136736     0.31136742     3.63252522     3.63256412     3.63266773     3.63268014     3.63268719     3.63269972     3.63333417     3.63337323
  1399   -75.15537743   -75.15537743   -42.11225829   -42.11225829   -41.83664294   -41.83664293   -41.80993029   -41.80993029    -8.51296733    -8.51296732    -4.60207549    -4.60207541    -4.23217012    -4.23217007    -3.69191928    -3.69191926     0.34394967     0.34394974     3.63252841     3.63256724     3.63266660     3.63268003     3.63268716     3.63270070     3.63338999     3.63342897
  1400   -75.15539222   -75.15539222   -42.11219395   -42.11219395   -41.83654740   -41.83654739   -41.80990938   -41.80990937    -8.53701765    -8.53701764    -4.57751058    -4.57751049    -4.25933310    -4.25933304    -3.66778388    -3.66778386     0.37665175     0.37665181     3.63253433     3.63257239     3.63266577     3.63268005     3.63268718     3.63270157     3.63344216     3.63348037
  1401   -75.15540743   -75.15540743   -42.11212893   -42.11212893   -41.83645076   -41.83645076   -41.80988851   -41.80988850    -8.56097371    -8.56097370    -4.55285284    -4.55285272    -4.28644427    -4.28644418    -3.64356188    -3.64356187     0.40947311     0.40947317     3.63254257     3.63257921     3.63266527     3.63268020     3.63268726     3.63270231     3.63349015     3.63352696
  1402   -75.15542305   -75.15542305   -42.11206327   -42.11206327   -41.83635305   -41.83635304   -41.80986771   -41.80986771    -8.58483509    -8.58483508    -4.52810237    -4.52810224    -4.31350305    -4.31350294    -3.61925445    -3.61925444     0.44241347     0.44241353     3.63255266     3.63258732     3.63266512     3.63268044     3.63268742     3.63270290     3.63353343     3.63356829
  1403   -75.15543906   -75.15543906   -42.11199699   -42.11199699   -41.83625428   -41.83625428   -41.80984701   -41.80984701    -8.60860139    -8.60860138    -4.50325933    -4.50325916    -4.34050876    -4.34050862    -3.59486272    -3.59486271     0.47547273     0.47547279     3.63256412     3.63259632     3.63266530     3.63268076     3.63268766     3.63270332     3.63357151     3.63360395
  1404   -75.15545544   -75.15545544   -42.11193011   -42.11193011   -41.83615450   -41.83615449   -41.80982645   -41.80982644    -8.63227221    -8.63227220    -4.47832393    -4.47832371    -4.36746052    -4.36746031    -3.57038784    -3.57038783     0.50865088     0.50865094     3.63257647     3.63260584     3.63266583     3.63268113     3.63268800     3.63270358     3.63360388     3.63363357
  1405   -75.15547216   -75.15547216   -42.11186266   -42.11186266   -41.83605369   -41.83605369   -41.80980603   -41.80980603    -8.65584716    -8.65584715    -4.45329670    -4.45329633    -4.39435707    -4.39435671    -3.54583090    -3.54583089     0.54194799     0.54194804     3.63258926     3.63261553     3.63266669     3.63268151     3.63268842     3.63270365     3.63363008     3.63365679
  1406   -75.15548918   -75.15548918   -42.11179466   -42.11179466   -41.83595189   -41.83595189   -41.80978580   -41.80978580    -8.67932586    -8.67932585    -4.42818825    -4.42818555    -4.42118894    -4.42118625    -3.52119300    -3.52119300     0.57536410     0.57536414     3.63260208     3.63262506     3.63266786     3.63268188     3.63268894     3.63270356     3.63364969     3.63367330
  1407   -75.15550646   -75.15550646   -42.11172610   -42.11172610   -41.83584910   -41.83584909   -41.80976576   -41.80976576    -8.70270790    -8.70270790    -4.44798539    -4.44798503    -4.40296141    -4.40296105    -3.49647522    -3.49647522     0.60889918     0.60889921     3.63261456     3.63263417     3.63266933     3.63268224     3.63268953     3.63270329     3.63366228     3.63368278
  1408   -75.15552396   -75.15552396   -42.11165702   -42.11165702   -41.83574531   -41.83574531   -41.80974593   -41.80974593    -8.72599291    -8.72599290    -4.47470945    -4.47470931    -4.37765872    -4.37765858    -3.47167861    -3.47167861     0.64255301     0.64255303     3.63262640     3.63264264     3.63267107     3.63268257     3.63269016     3.63270287     3.63366751     3.63368498
  1409   -75.15554162   -75.15554162   -42.11158741   -42.11158741   -41.83564054   -41.83564054   -41.80972633   -41.80972633    -8.74918047    -8.74918047    -4.50137388    -4.50137381    -4.35226408    -4.35226401    -3.44680422    -3.44680422     0.67632512     0.67632514     3.63263736     3.63265030     3.63267303     3.63268288     3.63269079     3.63270229     3.63366506     3.63367967
  1410   -75.15555940   -75.15555940   -42.11151727   -42.11151727   -41.83553477   -41.83553477   -41.80970696   -41.80970696    -8.77227020    -8.77227019    -4.52797631    -4.52797627    -4.32677830    -4.32677826    -3.42185308    -3.42185308     0.71021472     0.71021474     3.63264730     3.63265706     3.63267517     3.63268317     3.63269139     3.63270159     3.63365469     3.63366667
  1411   -75.15557723   -75.15557723   -42.11144660   -42.11144660   -41.83542800   -41.83542800   -41.80968783   -41.80968783    -8.79526166    -8.79526166    -4.55451468    -4.55451465    -4.30120182    -4.30120179    -3.39682622    -3.39682622     0.74422059     0.74422060     3.63265609     3.63266288     3.63267742     3.63268347     3.63269192     3.63270079     3.63363625     3.63364586
  1412   -75.15559508   -75.15559508   -42.11137541   -42.11137541   -41.83532021   -41.83532021   -41.80966894   -41.80966894    -8.81815443    -8.81815443    -4.58098686    -4.58098684    -4.27553503    -4.27553501    -3.37172464    -3.37172464     0.77834101     0.77834102     3.63266368     3.63266781     3.63267968     3.63268379     3.63269237     3.63269990     3.63360965     3.63361719
  1413   -75.15561287   -75.15561287   -42.11130368   -42.11130368   -41.83521140   -41.83521140   -41.80965030   -41.80965030    -8.84094809    -8.84094809    -4.60739063    -4.60739062    -4.24977835    -4.24977834    -3.34654936    -3.34654936     0.81257372     0.81257373     3.63267004     3.63267193     3.63268184     3.63268418     3.63269273     3.63269896     3.63357493     3.63358072
  1414   -75.15563057   -75.15563057   -42.11123141   -42.11123141   -41.83510154   -41.83510154   -41.80963190   -41.80963190    -8.86364217    -8.86364217    -4.63372369    -4.63372368    -4.22393222    -4.22393221    -3.32130138    -3.32130138     0.84691586     0.84691586     3.63267513     3.63267538     3.63268379     3.63268472     3.63269301     3.63269801     3.63353224     3.63353656
  1415   -75.15564812   -75.15564812   -42.11115858   -42.11115858   -41.83499062   -41.83499062   -41.80961373   -41.80961373    -8.88623622    -8.88623622    -4.65998362    -4.65998361    -4.19799709    -4.19799709    -3.29598169    -3.29598169     0.88136391     0.88136391     3.63267827     3.63267882     3.63268544     3.63268556     3.63269327     3.63269707     3.63348185     3.63348498
  1416   -75.15566547   -75.15566547   -42.11108518   -42.11108518   -41.83487862   -41.83487862   -41.80959579   -41.80959579    -8.90872977    -8.90872977    -4.68616795    -4.68616795    -4.17197346    -4.17197345    -3.27059130    -3.27059130     0.91591372     0.91591372     3.63268068     3.63268107     3.63268675     3.63268678     3.63269357     3.63269619     3.63342414     3.63342634
  1417   -75.15568259   -75.15568259   -42.11101120   -42.11101120   -41.83476552   -41.83476552   -41.80957808   -41.80957808    -8.93112233    -8.93112233    -4.71227418    -4.71227418    -4.14586180    -4.14586180    -3.24513121    -3.24513121     0.95056049     0.95056050     3.63268227     3.63268266     3.63268774     3.63268804     3.63269400     3.63269540     3.63335964     3.63336113
  1418   -75.15569945   -75.15569945   -42.11093663   -42.11093663   -41.83465129   -41.83465129   -41.80956057   -41.80956057    -8.95341342    -8.95341342    -4.73829976    -4.73829976    -4.11966263    -4.11966263    -3.21960244    -3.21960243     0.98529884     0.98529884     3.63268297     3.63268425     3.63268843     3.63268891     3.63269454     3.63269472     3.63328901     3.63328998
  1419   -75.15571602   -75.15571602   -42.11086144   -42.11086144   -41.83453591   -41.83453591   -41.80954326   -41.80954326    -8.97560255    -8.97560255    -4.76424217    -4.76424217    -4.09337649    -4.09337649    -3.19400598    -3.19400598     1.02012280     1.02012280     3.63268352     3.63268549     3.63268888     3.63268937     3.63269415     3.63269503     3.63321301     3.63321361
  1420   -75.15573228   -75.15573228   -42.11078563   -42.11078563   -41.83441937   -41.83441937   -41.80952614   -41.80952614    -8.99768920    -8.99768920    -4.79009887    -4.79009887    -4.06700389    -4.06700389    -3.16834287    -3.16834287     1.05502597     1.05502597     3.63268407     3.63268641     3.63268914     3.63268956     3.63269368     3.63269525     3.63313254     3.63313288
  1421   -75.15574822   -75.15574822   -42.11070919   -42.11070919   -41.83430166   -41.83430166   -41.80950920   -41.80950920    -9.01967288    -9.01967288    -4.81586738    -4.81586738    -4.04054540    -4.04054540    -3.14261415    -3.14261415     1.09000158     1.09000158     3.63268471     3.63268710     3.63268928     3.63268962     3.63269321     3.63269508     3.63304859     3.63304877
  1422   -75.15576384   -75.15576384   -42.11063210   -42.11063210   -41.83418274   -41.83418274   -41.80949241   -41.80949241    -9.04155309    -9.04155309    -4.84154530    -4.84154530    -4.01400156    -4.01400156    -3.11682085    -3.11682085     1.12504267     1.12504267     3.63268551     3.63268764     3.63268936     3.63268961     3.63269264     3.63269446     3.63296222     3.63296230
  1423   -75.15577914   -75.15577914   -42.11055434   -42.11055434   -41.83406262   -41.83406262   -41.80947578   -41.80947578    -9.06332932    -9.06332932    -4.86713026    -4.86713026    -3.98737292    -3.98737292    -3.09096404    -3.09096404     1.16014223     1.16014223     3.63268650     3.63268814     3.63268941     3.63268956     3.63269190     3.63269335     3.63287456     3.63287459
  1424   -75.15579416   -75.15579416   -42.11047592   -42.11047592   -41.83394128   -41.83394128   -41.80945929   -41.80945929    -9.08500107    -9.08500107    -4.89262001    -4.89262001    -3.96066003    -3.96066003    -3.06504478    -3.06504478     1.19529340     1.19529340     3.63268773     3.63268868     3.63268943     3.63268950     3.63269089     3.63269176     3.63278680     3.63278680
  1425   -75.15580891   -75.15580891   -42.11039683   -42.11039683   -41.83381871   -41.83381871   -41.80944293   -41.80944293    -9.10656786    -9.10656786    -4.91801243    -4.91801243    -3.93386346    -3.93386346    -3.03906418    -3.03906418     1.23048966     1.23048966     3.63268920     3.63268931     3.63268941     3.63268942     3.63268959     3.63268969     3.63270011     3.63270011
  1426   -75.15582343   -75.15582343   -42.11031706   -42.11031706   -41.83369492   -41.83369492   -41.80942669   -41.80942669    -9.12802920    -9.12802920    -4.94330547    -4.94330547    -3.90698374    -3.90698374    -3.01302332    -3.01302332     1.26572508     1.26572508     3.63261566     3.63261566     3.63268717     3.63268796     3.63268931     3.63268935     3.63269009     3.63269092
  1427   -75.15583776   -75.15583776   -42.11023661   -42.11023661   -41.83356989   -41.83356989   -41.80941056   -41.80941056    -9.14938465    -9.14938465    -4.96849726    -4.96849726    -3.88002142    -3.88002142    -2.98692334    -2.98692334     1.30099457     1.30099457     3.63253458     3.63253461     3.63268421     3.63268601     3.63268919     3.63268923     3.63269101     3.63269288
  1428   -75.15585195   -75.15585195   -42.11015549   -42.11015549   -41.83344365   -41.83344365   -41.80939454   -41.80939454    -9.17063373    -9.17063373    -4.99358605    -4.99358605    -3.85297705    -3.85297705    -2.96076537    -2.96076537     1.33629407     1.33629407     3.63245791     3.63245799     3.63268087     3.63268374     3.63268904     3.63268906     3.63269209     3.63269507
  1429   -75.15586607   -75.15586607   -42.11007369   -42.11007369   -41.83331619   -41.83331619   -41.80937861   -41.80937861    -9.19177603    -9.19177603    -5.01857023    -5.01857023    -3.82585115    -3.82585115    -2.93455055    -2.93455055     1.37162085     1.37162085     3.63238658     3.63238679     3.63267719     3.63268117     3.63268886     3.63268888     3.63269333     3.63269749
  1430   -75.15588017   -75.15588017   -42.10999123   -42.10999123   -41.83318752   -41.83318752   -41.80936278   -41.80936278    -9.21281113    -9.21281113    -5.04344836    -5.04344836    -3.79864424    -3.79864424    -2.90828007    -2.90828007     1.40697372     1.40697372     3.63232140     3.63232183     3.63267327     3.63267834     3.63268867     3.63268871     3.63269469     3.63270015
  1431   -75.15589432   -75.15589432   -42.10990811   -42.10990811   -41.83305767   -41.83305767   -41.80934705   -41.80934705    -9.23373865    -9.23373865    -5.06821914    -5.06821914    -3.77135684    -3.77135683    -2.88195509    -2.88195509     1.44235328     1.44235328     3.63226297     3.63226380     3.63266921     3.63267528     3.63268855     3.63268857     3.63269618     3.63270308
  1432   -75.15590860   -75.15590860   -42.10982434   -42.10982434   -41.83292664   -41.83292664   -41.80933140   -41.80933140    -9.25455822    -9.25455822    -5.09288143    -5.09288143    -3.74398945    -3.74398944    -2.85557683    -2.85557683     1.47776213     1.47776214     3.63221175     3.63221320     3.63266514     3.63267204     3.63268843     3.63268867     3.63269776     3.63270635
  1433   -75.15592306   -75.15592306   -42.10973995   -42.10973995   -41.83279446   -41.83279446   -41.80931585   -41.80931585    -9.27526950    -9.27526950    -5.11743424    -5.11743424    -3.71654256    -3.71654256    -2.82914648    -2.82914648     1.51320504     1.51320504     3.63216795     3.63217035     3.63266121     3.63266868     3.63268836     3.63268913     3.63269941     3.63271005
  1434   -75.15593780   -75.15593780   -42.10965493   -42.10965493   -41.83266115   -41.83266115   -41.80930038   -41.80930038    -9.29587219    -9.29587219    -5.14187673    -5.14187673    -3.68901668    -3.68901668    -2.80266528    -2.80266528     1.54868910     1.54868910     3.63213155     3.63213534     3.63265761     3.63266527     3.63268837     3.63269017     3.63270111     3.63271436
  1435   -75.15595287   -75.15595287   -42.10956932   -42.10956932   -41.83252674   -41.83252674   -41.80928501   -41.80928501    -9.31636600    -9.31636600    -5.16620818    -5.16620818    -3.66141228    -3.66141228    -2.77613446    -2.77613446     1.58422386     1.58422386     3.63210228     3.63210803     3.63265451     3.63266187     3.63268849     3.63269207     3.63270286     3.63271955
  1436   -75.15596834   -75.15596834   -42.10948312   -42.10948312   -41.83239126   -41.83239126   -41.80926973   -41.80926973    -9.33675068    -9.33675068    -5.19042803    -5.19042803    -3.63372983    -3.63372983    -2.74955527    -2.74955527     1.61982138     1.61982138     3.63207966     3.63208806     3.63265204     3.63265856     3.63268875     3.63269510     3.63270471     3.63272597
  1437   -75.15598427   -75.15598427   -42.10939636   -42.10939636   -41.83225472   -41.83225472   -41.80925453   -41.80925453    -9.35702600    -9.35702599    -5.21453582    -5.21453582    -3.60596981    -3.60596981    -2.72292896    -2.72292896     1.65549624     1.65549624     3.63206299     3.63207486     3.63265031     3.63265540     3.63268914     3.63269936     3.63270696     3.63273413
  1438   -75.15600073   -75.15600073   -42.10930906   -42.10930906   -41.83211716   -41.83211716   -41.80923943   -41.80923943    -9.37719175    -9.37719175    -5.23853122    -5.23853122    -3.57813269    -3.57813269    -2.69625681    -2.69625681     1.69126553     1.69126553     3.63205140     3.63206765     3.63264931     3.63265245     3.63268965     3.63270385     3.63271105     3.63274463
  1439   -75.15601776   -75.15601776   -42.10922123   -42.10922123   -41.83197861   -41.83197861   -41.80922443   -41.80922443    -9.39724777    -9.39724777    -5.26241399    -5.26241399    -3.55021893    -3.55021893    -2.66954009    -2.66954009     1.72714870     1.72714870     3.63204394     3.63206549     3.63264895     3.63264977     3.63269025     3.63270657     3.63271946     3.63275815
  1440   -75.15603541   -75.15603540   -42.10913289   -42.10913289   -41.83183909   -41.83183909   -41.80920951   -41.80920951    -9.41719391    -9.41719391    -5.28618398    -5.28618397    -3.52222901    -3.52222900    -2.64278008    -2.64278008     1.76316746     1.76316746     3.63203966     3.63206739     3.63264740     3.63264908     3.63269088     3.63270814     3.63273198     3.63277530
  1441   -75.15605370   -75.15605370   -42.10904407   -42.10904407   -41.83169863   -41.83169863   -41.80919469   -41.80919469    -9.43703005    -9.43703005    -5.30984111    -5.30984110    -3.49416338    -3.49416337    -2.61597808    -2.61597808     1.79934548     1.79934549     3.63203770     3.63207233     3.63264538     3.63264952     3.63269149     3.63270925     3.63274826     3.63279650
  1442   -75.15607266   -75.15607266   -42.10895477   -42.10895477   -41.83155726   -41.83155726   -41.80917996   -41.80917996    -9.45675609    -9.45675608    -5.33338537    -5.33338536    -3.46602253    -3.46602252    -2.58913539    -2.58913538     1.83570817     1.83570818     3.63203740     3.63207939     3.63264373     3.63265015     3.63269204     3.63271004     3.63276824     3.63282182
  1443   -75.15609230   -75.15609230   -42.10886501   -42.10886501   -41.83141500   -41.83141500   -41.80916531   -41.80916531    -9.47637193    -9.47637193    -5.35681680    -5.35681679    -3.43780695    -3.43780693    -2.56225330    -2.56225328     1.87228226     1.87228227     3.63203835     3.63208784     3.63264249     3.63265087     3.63269250     3.63271057     3.63279177     3.63285096
  1444   -75.15611263   -75.15611263   -42.10877481   -42.10877481   -41.83127187   -41.83127187   -41.80915075   -41.80915074    -9.49587754    -9.49587754    -5.38013547    -5.38013546    -3.40951711    -3.40951710    -2.53533313    -2.53533311     1.90909540     1.90909542     3.63204039     3.63209719     3.63264167     3.63265164     3.63269284     3.63271085     3.63281839     3.63288321
  1445   -75.15613364   -75.15613363   -42.10868418   -42.10868418   -41.83112789   -41.83112789   -41.80913625   -41.80913625    -9.51527285    -9.51527285    -5.40334149    -5.40334148    -3.38115353    -3.38115351    -2.50837620    -2.50837618     1.94617569     1.94617570     3.63204362     3.63210720     3.63264128     3.63265246     3.63269308     3.63271087     3.63284736     3.63291754
  1446   -75.15615530   -75.15615529   -42.10859313   -42.10859313   -41.83098309   -41.83098309   -41.80912183   -41.80912183    -9.53455783    -9.53455783    -5.42643496    -5.42643494    -3.35271671    -3.35271670    -2.48138384    -2.48138382     1.98355109     1.98355111     3.63204834     3.63211790     3.63264133     3.63265336     3.63269319     3.63271065     3.63287767     3.63295266
  1447   -75.15617758   -75.15617758   -42.10850166   -42.10850166   -41.83083746   -41.83083746   -41.80910747   -41.80910747    -9.55373246    -9.55373246    -5.44941599    -5.44941597    -3.32420720    -3.32420718    -2.45435738    -2.45435735     2.02124892     2.02124895     3.63205498     3.63212953     3.63264183     3.63265435     3.63269321     3.63271019     3.63290812     3.63298713
  1448   -75.15620045   -75.15620044   -42.10840979   -42.10840979   -41.83069104   -41.83069104   -41.80909315   -41.80909315    -9.57279672    -9.57279672    -5.47228469    -5.47228467    -3.29562553    -3.29562551    -2.42729815    -2.42729812     2.05929515     2.05929518     3.63206407     3.63214245     3.63264277     3.63265546     3.63269313     3.63270950     3.63293740     3.63301947
  1449   -75.15622385   -75.15622385   -42.10831752   -42.10831752   -41.83054382   -41.83054382   -41.80907888   -41.80907888    -9.59175060    -9.59175060    -5.49504113    -5.49504111    -3.26697227    -3.26697226    -2.40020751    -2.40020748     2.09771379     2.09771382     3.63207614     3.63215712     3.63264414     3.63265671     3.63269297     3.63270860     3.63296416     3.63304820
  1450   -75.15624773   -75.15624772   -42.10822485   -42.10822485   -41.83039582   -41.83039582   -41.80906463   -41.80906463    -9.61059409    -9.61059409    -5.51768538    -5.51768536    -3.23824802    -3.23824800    -2.37308682    -2.37308678     2.13652618     2.13652621     3.63209174     3.63217403     3.63264592     3.63265813     3.63269274     3.63270751     3.63298709     3.63307194
  1451   -75.15627201   -75.15627201   -42.10813179   -42.10813179   -41.83024705   -41.83024705   -41.80905040   -41.80905040    -9.62932717    -9.62932717    -5.54021744    -5.54021741    -3.20945337    -3.20945335    -2.34593745    -2.34593741     2.17575033     2.17575037     3.63211137     3.63219364     3.63264810     3.63265972     3.63269246     3.63270625     3.63300500     3.63308944
  1452   -75.15629664   -75.15629664   -42.10803834   -42.10803834   -41.83009750   -41.83009750   -41.80903616   -41.80903616    -9.64794984    -9.64794984    -5.56263729    -5.56263727    -3.18058895    -3.18058894    -2.31876078    -2.31876075     2.21540021     2.21540025     3.63213547     3.63221641     3.63265064     3.63266150     3.63269214     3.63270485     3.63301683     3.63309962
  1453   -75.15632154   -75.15632154   -42.10794449   -42.10794449   -41.82994719   -41.82994719   -41.80902192   -41.80902192    -9.66646206    -9.66646206    -5.58494485    -5.58494483    -3.15165543    -3.15165542    -2.29155822    -2.29155818     2.25548508     2.25548511     3.63216440     3.63224269     3.63265352     3.63266346     3.63269179     3.63270333     3.63302172     3.63310161
  1454   -75.15634662   -75.15634662   -42.10785025   -42.10785025   -41.82979612   -41.82979612   -41.80900766   -41.80900766    -9.68486381    -9.68486381    -5.60714000    -5.60713999    -3.12265348    -3.12265347    -2.26433117    -2.26433114     2.29600882     2.29600885     3.63219842     3.63227278     3.63265669     3.63266560     3.63269143     3.63270173     3.63301901     3.63309477
  1455   -75.15637180   -75.15637180   -42.10775562   -42.10775562   -41.82964429   -41.82964429   -41.80899336   -41.80899336    -9.70315505    -9.70315504    -5.62922255    -5.62922254    -3.09358381    -3.09358380    -2.23708106    -2.23708104     2.33696937     2.33696940     3.63223770     3.63230691     3.63266012     3.63266792     3.63269107     3.63270008     3.63300827     3.63307870
  1456   -75.15639701   -75.15639701   -42.10766060   -42.10766060   -41.82949170   -41.82949170   -41.80897902   -41.80897902    -9.72133571    -9.72133571    -5.65119226    -5.65119225    -3.06444713    -3.06444713    -2.20980935    -2.20980933     2.37835813     2.37835815     3.63228231     3.63234521     3.63266377     3.63267041     3.63269073     3.63269841     3.63298930     3.63305324
  1457   -75.15642217   -75.15642217   -42.10756519   -42.10756518   -41.82933836   -41.82933836   -41.80896462   -41.80896462    -9.73940575    -9.73940575    -5.67304880    -5.67304879    -3.03524422    -3.03524422    -2.18251750    -2.18251748     2.42015946     2.42015948     3.63233222     3.63238769     3.63266758     3.63267305     3.63269040     3.63269676     3.63296215     3.63301852
  1458   -75.15644720   -75.15644720   -42.10746939   -42.10746939   -41.82918427   -41.82918427   -41.80895017   -41.80895017    -9.75736506    -9.75736506    -5.69479181    -5.69479180    -3.00597585    -3.00597585    -2.15520701    -2.15520699     2.46235031     2.46235032     3.63238726     3.63243432     3.63267151     3.63267582     3.63269011     3.63269516     3.63292708     3.63297488
  1459   -75.15647202   -75.15647202   -42.10737321   -42.10737321   -41.82902945   -41.82902945   -41.80893564   -41.80893564    -9.77521356    -9.77521356    -5.71642084    -5.71642083    -2.97664283    -2.97664282    -2.12787937    -2.12787936     2.50489984     2.50489985     3.63244719     3.63248493     3.63267551     3.63267871     3.63268986     3.63269365     3.63288459     3.63292293
  1460   -75.15649659   -75.15649659   -42.10727665   -42.10727665   -41.82887390   -41.82887390   -41.80892105   -41.80892105    -9.79295113    -9.79295113    -5.73793538    -5.73793538    -2.94724598    -2.94724598    -2.10053614    -2.10053614     2.54776924     2.54776924     3.63251164     3.63253930     3.63267954     3.63268169     3.63268965     3.63269224     3.63283540     3.63286350
  1461   -75.15652083   -75.15652083   -42.10717973   -42.10717973   -41.82871763   -41.82871763   -41.80890640   -41.80890640    -9.81057763    -9.81057763    -5.75933487    -5.75933486    -2.91778617    -2.91778617    -2.07317888    -2.07317887     2.59091155     2.59091155     3.63258017     3.63259712     3.63268354     3.63268475     3.63268951     3.63269098     3.63278041     3.63279762
  1462   -75.15654470   -75.15654470   -42.10708246   -42.10708246   -41.82856066   -41.82856066   -41.80889167   -41.80889167    -9.82809292    -9.82809292    -5.78061866    -5.78061866    -2.88826428    -2.88826428    -2.04580916    -2.04580916     2.63427170     2.63427170     3.63265224     3.63265797     3.63268748     3.63268785     3.63268942     3.63268988     3.63272067     3.63272650
  1463   -75.15656816   -75.15656816   -42.10698484   -42.10698484   -41.82840301   -41.82840301   -41.80887689   -41.80887689    -9.84549684    -9.84549684    -5.80178608    -5.80178608    -2.85868121    -2.85868121    -2.01842862    -2.01842862     2.67778657     2.67778657     3.63265152     3.63265741     3.63268897     3.63268940     3.63269096     3.63269130     3.63272141     3.63272721
  1464   -75.15659118   -75.15659118   -42.10688691   -42.10688691   -41.82824470   -41.82824470   -41.80886206   -41.80886206    -9.86278921    -9.86278920    -5.82283636    -5.82283636    -2.82903789    -2.82903789    -1.99103890    -1.99103889     2.72138525     2.72138526     3.63257415     3.63259193     3.63268826     3.63268945     3.63269407     3.63269497     3.63278691     3.63280442
  1465   -75.15661373   -75.15661373   -42.10678868   -42.10678868   -41.82808576   -41.82808576   -41.80884719   -41.80884719    -9.87996982    -9.87996982    -5.84376871    -5.84376870    -2.79933528    -2.79933527    -1.96364166    -1.96364166     2.76498940     2.76498941     3.63249595     3.63252563     3.63268776     3.63268956     3.63269714     3.63269844     3.63285390     3.63288310
  1466   -75.15663580   -75.15663580   -42.10669018   -42.10669018   -41.82792621   -41.82792621   -41.80883230   -41.80883230    -9.89703849    -9.89703849    -5.86458227    -5.86458227    -2.76957433    -2.76957433    -1.93623862    -1.93623861     2.80851368     2.80851369     3.63241852     3.63245993     3.63268748     3.63268973     3.63270014     3.63270170     3.63292176     3.63296247
  1467   -75.15665740   -75.15665740   -42.10659144   -42.10659144   -41.82776610   -41.82776610   -41.80881741   -41.80881741    -9.91399500    -9.91399500    -5.88527616    -5.88527615    -2.73975606    -2.73975605    -1.90883151    -1.90883149     2.85186638     2.85186640     3.63234346     3.63239625     3.63268742     3.63268997     3.63270305     3.63270469     3.63298985     3.63304173
  1468   -75.15667853   -75.15667853   -42.10649248   -42.10649248   -41.82760547   -41.82760547   -41.80880253   -41.80880253    -9.93083911    -9.93083911    -5.90584945    -5.90584944    -2.70988146    -2.70988146    -1.88142208    -1.88142205     2.89495012     2.89495015     3.63227234     3.63233597     3.63268758     3.63269027     3.63270584     3.63270741     3.63305751     3.63312004
  1469   -75.15669922   -75.15669922   -42.10639335   -42.10639335   -41.82744435   -41.82744435   -41.80878770   -41.80878770    -9.94757061    -9.94757060    -5.92630118    -5.92630116    -2.67995159    -2.67995158    -1.85401215    -1.85401211     2.93766266     2.93766270     3.63220663     3.63228042     3.63268795     3.63269061     3.63270847     3.63270982     3.63312409     3.63319658
  1470   -75.15671949   -75.15671949   -42.10629409   -42.10629409   -41.82728278   -41.82728278   -41.80877294   -41.80877294    -9.96418924    -9.96418924    -5.94663036    -5.94663034    -2.64996748    -2.64996748    -1.82660353    -1.82660348     2.97989784     2.97989789     3.63214768     3.63223078     3.63268850     3.63269100     3.63271092     3.63271191     3.63318895     3.63327056
  1471   -75.15673938   -75.15673938   -42.10619473   -42.10619473   -41.82712083   -41.82712083   -41.80875828   -41.80875828    -9.98069479    -9.98069479    -5.96683601    -5.96683598    -2.61993023    -2.61993022    -1.79919808    -1.79919802     3.02154655     3.02154660     3.63209669     3.63218812     3.63268923     3.63269142     3.63271316     3.63271367     3.63325144     3.63334119
  1472   -75.15675893   -75.15675893   -42.10609532   -42.10609532   -41.82695855   -41.82695855   -41.80874374   -41.80874374    -9.99708700    -9.99708700    -5.98691711    -5.98691707    -2.58984091    -2.58984090    -1.77179769    -1.77179761     3.06249783     3.06249789     3.63205468     3.63215330     3.63269011     3.63269187     3.63271510     3.63271517     3.63331099     3.63340778
  1473   -75.15677820   -75.15677820   -42.10599590   -42.10599590   -41.82679598   -41.82679598   -41.80872937   -41.80872937   -10.01336566   -10.01336565    -6.00687265    -6.00687261    -2.55970065    -2.55970064    -1.74440427    -1.74440418     3.10264002     3.10264008     3.63202244     3.63212701     3.63269111     3.63269233     3.63271619     3.63271693     3.63336703     3.63346965
  1474   -75.15679724   -75.15679724   -42.10589652   -42.10589652   -41.82663318   -41.82663318   -41.80871518   -41.80871518   -10.02953052   -10.02953051    -6.02670163    -6.02670159    -2.52951058    -2.52951057    -1.71701976    -1.71701967     3.14186192     3.14186198     3.63200051     3.63210970     3.63269220     3.63269279     3.63271695     3.63271841     3.63341909     3.63352622
  1475   -75.15681612   -75.15681612   -42.10579723   -42.10579723   -41.82647022   -41.82647022   -41.80870122   -41.80870122   -10.04558137   -10.04558136    -6.04640308    -6.04640303    -2.49927185    -2.49927183    -1.68964615    -1.68964605     3.18005403     3.18005409     3.63198918     3.63210159     3.63269325     3.63269333     3.63271740     3.63271960     3.63346672     3.63357700
  1476   -75.15683489   -75.15683489   -42.10569808   -42.10569808   -41.82630714   -41.82630714   -41.80868751   -41.80868751   -10.06151799   -10.06151799    -6.06597601    -6.06597596    -2.46898563    -2.46898562    -1.66228543    -1.66228533     3.21710979     3.21710985     3.63198849     3.63210264     3.63269368     3.63269448     3.63271755     3.63272048     3.63350956     3.63362157
  1477   -75.15685362   -75.15685362   -42.10559910   -42.10559910   -41.82614401   -41.82614401   -41.80867408   -41.80867408   -10.07734019   -10.07734018    -6.08541949    -6.08541944    -2.43865312    -2.43865311    -1.63493963    -1.63493952     3.25292676     3.25292681     3.63199817     3.63211259     3.63269409     3.63269560     3.63271745     3.63272104     3.63354733     3.63365963
  1478   -75.15687237   -75.15687237   -42.10550036   -42.10550036   -41.82598089   -41.82598089   -41.80866096   -41.80866096   -10.09304777   -10.09304777    -6.10473263    -6.10473258    -2.40827553    -2.40827552    -1.60761080    -1.60761070     3.28740787     3.28740791     3.63201771     3.63213089     3.63269446     3.63269662     3.63271712     3.63272129     3.63357981     3.63369096
  1479   -75.15689122   -75.15689122   -42.10540188   -42.10540188   -41.82581782   -41.82581782   -41.80864818   -41.80864818   -10.10864057   -10.10864057    -6.12391455    -6.12391451    -2.37785411    -2.37785410    -1.58030103    -1.58030093     3.32046254     3.32046257     3.63204632     3.63215681     3.63269478     3.63269751     3.63271663     3.63272120     3.63360686     3.63371546
  1480   -75.15691021   -75.15691021   -42.10530370   -42.10530370   -41.82565487   -41.82565486   -41.80863576   -41.80863575   -10.12411844   -10.12411843    -6.14296446    -6.14296441    -2.34739010    -2.34739009    -1.55301241    -1.55301231     3.35200779     3.35200780     3.63208297     3.63218935     3.63269504     3.63269820     3.63271604     3.63272080     3.63362839     3.63373310
  1481   -75.15692942   -75.15692942   -42.10520588   -42.10520588   -41.82549207   -41.82549207   -41.80862371   -41.80862371   -10.13948122   -10.13948121    -6.16188159    -6.16188155    -2.31688480    -2.31688480    -1.52574707    -1.52574698     3.38196927     3.38196928     3.63212644     3.63222738     3.63269525     3.63269862     3.63271541     3.63272009     3.63364440     3.63374395
  1482   -75.15694888   -75.15694888   -42.10510844   -42.10510844   -41.82532948   -41.82532947   -41.80861205   -41.80861205   -10.15472880   -10.15472879    -6.18066524    -6.18066520    -2.28633952    -2.28633951    -1.49850716    -1.49850708     3.41028218     3.41028221     3.63217530     3.63226958     3.63269539     3.63269873     3.63271482     3.63271909     3.63365491     3.63374815
  1483   -75.15696865   -75.15696864   -42.10501141   -42.10501141   -41.82516713   -41.82516713   -41.80860080   -41.80860080   -10.16986107   -10.16986107    -6.19931478    -6.19931475    -2.25575558    -2.25575557    -1.47129484    -1.47129477     3.43689211     3.43689216     3.63222801     3.63231455     3.63269547     3.63269850     3.63271431     3.63271781     3.63365995     3.63374591
  1484   -75.15698876   -75.15698876   -42.10491481   -42.10491481   -41.82500507   -41.82500506   -41.80858997   -41.80858996   -10.18487796   -10.18487796    -6.21782964    -6.21782962    -2.22513435    -2.22513435    -1.44411231    -1.44411224     3.46175571     3.46175578     3.63228294     3.63236085     3.63269548     3.63269793     3.63271392     3.63271628     3.63365958     3.63373745
  1485   -75.15700926   -75.15700926   -42.10481867   -42.10481867   -41.82484331   -41.82484331   -41.80857954   -41.80857954   -10.19977939   -10.19977939    -6.23620933    -6.23620931    -2.19447722    -2.19447722    -1.41696176    -1.41696170     3.48484128     3.48484136     3.63233844     3.63240704     3.63269544     3.63269707     3.63271363     3.63271454     3.63365382     3.63372300
  1486   -75.15703016   -75.15703016   -42.10472299   -42.10472299   -41.82468190   -41.82468190   -41.80856953   -41.80856953   -10.21456532   -10.21456532    -6.25445341    -6.25445339    -2.16378560    -2.16378560    -1.38984543    -1.38984538     3.50612919     3.50612929     3.63239289     3.63245174     3.63269534     3.63269601     3.63271263     3.63271341     3.63364260     3.63370276
  1487   -75.15705149   -75.15705149   -42.10462780   -42.10462780   -41.82452084   -41.82452084   -41.80855992   -41.80855992   -10.22923571   -10.22923571    -6.27256153    -6.27256152    -2.13306095    -2.13306095    -1.36276555    -1.36276551     3.52561217     3.52561228     3.63244480     3.63249373     3.63269484     3.63269520     3.63271057     3.63271321     3.63362580     3.63367686
  1488   -75.15707326   -75.15707326   -42.10453309   -42.10453309   -41.82436015   -41.82436015   -41.80855070   -41.80855070   -10.24379054   -10.24379054    -6.29053341    -6.29053340    -2.10230474    -2.10230474    -1.33572439    -1.33572436     3.54329542     3.54329554     3.63249286     3.63253200     3.63269365     3.63269502     3.63270844     3.63271299     3.63360316     3.63364533
  1489   -75.15709546   -75.15709546   -42.10443885   -42.10443885   -41.82419984   -41.82419984   -41.80854187   -41.80854187   -10.25822982   -10.25822982    -6.30836883    -6.30836882    -2.07151849    -2.07151849    -1.30872422    -1.30872420     3.55919658     3.55919671     3.63253601     3.63256577     3.63269252     3.63269482     3.63270627     3.63271271     3.63357428     3.63360804
  1490   -75.15711810   -75.15711809   -42.10434510   -42.10434510   -41.82403990   -41.82403990   -41.80853338   -41.80853338   -10.27255356   -10.27255356    -6.32606766    -6.32606765    -2.04070375    -2.04070375    -1.28176734    -1.28176732     3.57334557     3.57334570     3.63257348     3.63259457     3.63269154     3.63269462     3.63270413     3.63271234     3.63353864     3.63356472
  1491   -75.15714115   -75.15714115   -42.10425180   -42.10425180   -41.82388034   -41.82388034   -41.80852523   -41.80852523   -10.28676177   -10.28676177    -6.34362982    -6.34362981    -2.00986209    -2.00986209    -1.25485606    -1.25485605     3.58578420     3.58578433     3.63260483     3.63261824     3.63269075     3.63269442     3.63270212     3.63271184     3.63349560     3.63351493
  1492   -75.15716460   -75.15716460   -42.10415895   -42.10415895   -41.82372115   -41.82372115   -41.80851739   -41.80851739   -10.30085449   -10.30085449    -6.36105529    -6.36105529    -1.97899514    -1.97899514    -1.22799272    -1.22799271     3.59656572     3.59656584     3.63262998     3.63263695     3.63269020     3.63269418     3.63270033     3.63271114     3.63344443     3.63345809
  1493   -75.15718843   -75.15718843   -42.10406652   -42.10406652   -41.82356230   -41.82356230   -41.80850981   -41.80850981   -10.31483176   -10.31483176    -6.37834414    -6.37834413    -1.94810456    -1.94810456    -1.20117966    -1.20117965     3.60575415     3.60575426     3.63264915     3.63265115     3.63268988     3.63269384     3.63269894     3.63271012     3.63338440     3.63339351
  1494   -75.15721259   -75.15721259   -42.10397449   -42.10397449   -41.82340378   -41.82340378   -41.80850247   -41.80850247   -10.32869362   -10.32869362    -6.39549644    -6.39549644    -1.91719204    -1.91719204    -1.17441925    -1.17441925     3.61342355     3.61342366     3.63266158     3.63266292     3.63268976     3.63269324     3.63269808     3.63270866     3.63331483     3.63332049
  1495   -75.15723706   -75.15723706   -42.10388283   -42.10388283   -41.82324557   -41.82324557   -41.80849533   -41.80849533   -10.34244013   -10.34244013    -6.41251236    -6.41251236    -1.88625932    -1.88625932    -1.14771388    -1.14771388     3.61965711     3.61965720     3.63266912     3.63267217     3.63268974     3.63269239     3.63269764     3.63270663     3.63323514     3.63323834
  1496   -75.15726178   -75.15726178   -42.10379152   -42.10379152   -41.82308765   -41.82308765   -41.80848835   -41.80848835   -10.35607134   -10.35607134    -6.42939208    -6.42939208    -1.85530818    -1.85530818    -1.12106596    -1.12106596     3.62454614     3.62454620     3.63267468     3.63267810     3.63268974     3.63269147     3.63269713     3.63270395     3.63314493     3.63314653
  1497   -75.15728671   -75.15728671   -42.10370051   -42.10370051   -41.82292998   -41.82292998   -41.80848150   -41.80848150   -10.36958729   -10.36958729    -6.44613580    -6.44613580    -1.82434044    -1.82434044    -1.09447792    -1.09447791     3.62818902     3.62818907     3.63267904     3.63268195     3.63268967     3.63269065     3.63269608     3.63270067     3.63304399     3.63304464
  1498   -75.15731180   -75.15731180   -42.10360978   -42.10360978   -41.82277255   -41.82277255   -41.80847473   -41.80847473   -10.38298804   -10.38298804    -6.46274377    -6.46274377    -1.79335798    -1.79335798    -1.06795221    -1.06795221     3.63069016     3.63069019     3.63268279     3.63268474     3.63268955     3.63269002     3.63269429     3.63269692     3.63293221     3.63293240
  1499   -75.15733700   -75.15733700   -42.10351929   -42.10351929   -41.82261531   -41.82261531   -41.80846800   -41.80846800   -10.39627363   -10.39627363    -6.47921622    -6.47921622    -1.76236269    -1.76236269    -1.04149132    -1.04149132     3.63215915     3.63215917     3.63268632     3.63268718     3.63268942     3.63268960     3.63269185     3.63269293     3.63280919     3.63280922
  1500   -75.15736225   -75.15736225   -42.10342902   -42.10342902   -41.82245825   -41.82245825   -41.80846128   -41.80846128   -10.40944410   -10.40944410    -6.49555342    -6.49555342    -1.73135655    -1.73135655    -1.01509776    -1.01509776     3.63267058     3.63267058     3.63268890     3.63268904     3.63268939     3.63268941     3.63268974     3.63268985     3.63271319     3.63271319
  1501   -75.15738749   -75.15738749   -42.10333893   -42.10333893   -41.82230135   -41.82230135   -41.80845453   -41.80845453   -10.42249948   -10.42249948    -6.51175561    -6.51175561    -1.70034156    -1.70034156    -0.98877405    -0.98877405     3.63239793     3.63239794     3.63258562     3.63258573     3.63268508     3.63268615     3.63268948     3.63268969     3.63269281     3.63269356
  1502   -75.15741269   -75.15741269   -42.10324899   -42.10324899   -41.82214457   -41.82214457   -41.80844772   -41.80844772   -10.43543979   -10.43543979    -6.52782302    -6.52782302    -1.66931976    -1.66931976    -0.96252275    -0.96252275     3.63146682     3.63146686     3.63241720     3.63241741     3.63268150     3.63268341     3.63268970     3.63269041     3.63269651     3.63269747
  1503   -75.15743777   -75.15743777   -42.10315918   -42.10315918   -41.82198790   -41.82198790   -41.80844081   -41.80844081   -10.44826506   -10.44826506    -6.54375584    -6.54375584    -1.63829327    -1.63829327    -0.93634647    -0.93634647     3.62993650     3.62993657     3.63226412     3.63226464     3.63267826     3.63268100     3.63269014     3.63269178     3.63270112     3.63270164
  1504   -75.15746269   -75.15746269   -42.10306948   -42.10306948   -41.82183133   -41.82183133   -41.80843378   -41.80843378   -10.46097528   -10.46097528    -6.55955426    -6.55955426    -1.60726424    -1.60726424    -0.91024781    -0.91024781     3.62793668     3.62793675     3.63211071     3.63211177     3.63267535     3.63267900     3.63269078     3.63269399     3.63270607     3.63270677
  1505   -75.15748740   -75.15748740   -42.10297988   -42.10297988   -41.82167484   -41.82167484   -41.80842661   -41.80842661   -10.47357044   -10.47357044    -6.57521840    -6.57521840    -1.57623487    -1.57623487    -0.88422943    -0.88422943     3.62557819     3.62557828     3.63195718     3.63195901     3.63267273     3.63267742     3.63269162     3.63269717     3.63271075     3.63271353
  1506   -75.15751185   -75.15751185   -42.10289036   -42.10289036   -41.82151844   -41.82151844   -41.80841927   -41.80841927   -10.48605052   -10.48605052    -6.59074835    -6.59074834    -1.54520743    -1.54520743    -0.85829402    -0.85829402     3.62296622     3.62296632     3.63180528     3.63180814     3.63267033     3.63267625     3.63269262     3.63270138     3.63271565     3.63272145
  1507   -75.15753600   -75.15753600   -42.10280091   -42.10280091   -41.82136213   -41.82136213   -41.80841175   -41.80841175   -10.49841548   -10.49841548    -6.60614413    -6.60614413    -1.51418423    -1.51418423    -0.83244429    -0.83244429     3.62020025     3.62020035     3.63165719     3.63166129     3.63266812     3.63267544     3.63269378     3.63270661     3.63272076     3.63273048
  1508   -75.15755980   -75.15755979   -42.10271155   -42.10271155   -41.82120592   -41.82120592   -41.80840405   -41.80840405   -10.51066529   -10.51066529    -6.62140573    -6.62140572    -1.48316763    -1.48316763    -0.80668301    -0.80668300     3.61737330     3.61737341     3.63151521     3.63152074     3.63266606     3.63267493     3.63269506     3.63271274     3.63272608     3.63274053
  1509   -75.15758321   -75.15758321   -42.10262227   -42.10262227   -41.82104983   -41.82104983   -41.80839615   -41.80839615   -10.52279988   -10.52279988    -6.63653304    -6.63653304    -1.45216006    -1.45216006    -0.78101294    -0.78101294     3.61457116     3.61457126     3.63138168     3.63138878     3.63266413     3.63267466     3.63269642     3.63271952     3.63273166     3.63275142
  1510   -75.15760620   -75.15760620   -42.10253308   -42.10253308   -41.82089388   -41.82089388   -41.80838806   -41.80838806   -10.53481919   -10.53481919    -6.65152594    -6.65152593    -1.42116401    -1.42116401    -0.75543692    -0.75543691     3.61187159     3.61187169     3.63125888     3.63126763     3.63266234     3.63267460     3.63269785     3.63272654     3.63273768     3.63276294
  1511   -75.15762874   -75.15762874   -42.10244401   -42.10244401   -41.82073811   -41.82073810   -41.80837978   -41.80837978   -10.54672313   -10.54672313    -6.66638419    -6.66638418    -1.39018201    -1.39018201    -0.72995781    -0.72995780     3.60934376     3.60934384     3.63114895     3.63115939     3.63266067     3.63267471     3.63269928     3.63273325     3.63274440     3.63277484
  1512   -75.15765081   -75.15765081   -42.10235508   -42.10235508   -41.82058255   -41.82058255   -41.80837133   -41.80837133   -10.55851162   -10.55851162    -6.68110752    -6.68110752    -1.35921668    -1.35921667    -0.70457848    -0.70457847     3.60704770     3.60704777     3.63105389     3.63106599     3.63265914     3.63267494     3.63270069     3.63273917     3.63275198     3.63278683
  1513   -75.15767239   -75.15767239   -42.10226633   -42.10226633   -41.82042725   -41.82042725   -41.80836271   -41.80836271   -10.57018455   -10.57018455    -6.69569561    -6.69569560    -1.32827067    -1.32827067    -0.67930187    -0.67930185     3.60503404     3.60503410     3.63097543     3.63098911     3.63265776     3.63267527     3.63270202     3.63274423     3.63276019     3.63279862
  1514   -75.15769345   -75.15769345   -42.10217779   -42.10217779   -41.82027228   -41.82027227   -41.80835395   -41.80835395   -10.58174183   -10.58174182    -6.71014806    -6.71014805    -1.29734672    -1.29734672    -0.65413094    -0.65413092     3.60334373     3.60334377     3.63091503     3.63093017     3.63265653     3.63267569     3.63270325     3.63274855     3.63276860     3.63280991
  1515   -75.15771399   -75.15771399   -42.10208950   -42.10208950   -41.82011768   -41.82011767   -41.80834507   -41.80834506   -10.59318333   -10.59318333    -6.72446444    -6.72446443    -1.26644764    -1.26644763    -0.62906867    -0.62906865     3.60200801     3.60200803     3.63087385     3.63089027     3.63265548     3.63267616     3.63270432     3.63275221     3.63277679     3.63282041
  1516   -75.15773400   -75.15773400   -42.10200151   -42.10200151   -41.81996352   -41.81996352   -41.80833608   -41.80833608   -10.60450894   -10.60450894    -6.73864426    -6.73864425    -1.23557627    -1.23557626    -0.60411809    -0.60411807     3.60104847     3.60104848     3.63085268     3.63087017     3.63265462     3.63267669     3.63270522     3.63275525     3.63278445     3.63282986
  1517   -75.15775348   -75.15775348   -42.10191386   -42.10191386   -41.81980988   -41.81980988   -41.80832703   -41.80832703   -10.61571855   -10.61571855    -6.75268701    -6.75268700    -1.20473557    -1.20473557    -0.57928226    -0.57928223     3.60047727     3.60047730     3.63085192     3.63087023     3.63265396     3.63267726     3.63270592     3.63275765     3.63279133     3.63283802
  1518   -75.15777244   -75.15777244   -42.10182663   -42.10182663   -41.81965683   -41.81965683   -41.80831795   -41.80831795   -10.62681203   -10.62681203    -6.76659213    -6.76659212    -1.17392855    -1.17392854    -0.55456425    -0.55456423     3.60029751     3.60029757     3.63087159     3.63089047     3.63265351     3.63267785     3.63270640     3.63275940     3.63279722     3.63284468
  1519   -75.15779088   -75.15779088   -42.10173985   -42.10173985   -41.81950444   -41.81950444   -41.80830885   -41.80830885   -10.63778926   -10.63778926    -6.78035905    -6.78035904    -1.14315829    -1.14315828    -0.52996719    -0.52996717     3.60050364     3.60050373     3.63091130     3.63093045     3.63265328     3.63267845     3.63270664     3.63276048     3.63280196     3.63284968
  1520   -75.15780882   -75.15780882   -42.10165358   -42.10165358   -41.81935281   -41.81935281   -41.80829979   -41.80829979   -10.64865013   -10.64865012    -6.79398721    -6.79398720    -1.11242795    -1.11242794    -0.50549422    -0.50549420     3.60108208     3.60108219     3.63097022     3.63098938     3.63265329     3.63267907     3.63270665     3.63276087     3.63280543     3.63285290
  1521   -75.15782628   -75.15782627   -42.10156790   -42.10156790   -41.81920200   -41.81920200   -41.80829079   -41.80829079   -10.65939450   -10.65939450    -6.80747601    -6.80747600    -1.08174078    -1.08174077    -0.48114850    -0.48114847     3.60201185     3.60201199     3.63104715     3.63106603     3.63265355     3.63267968     3.63270642     3.63276056     3.63280753     3.63285427
  1522   -75.15784327   -75.15784327   -42.10148285   -42.10148285   -41.81905210   -41.81905210   -41.80828188   -41.80828188   -10.67002229   -10.67002229    -6.82082488    -6.82082487    -1.05110010    -1.05110010    -0.45693321    -0.45693319     3.60326539     3.60326554     3.63114047     3.63115882     3.63265405     3.63268029     3.63270597     3.63275955     3.63280823     3.63285375
  1523   -75.15785984   -75.15785984   -42.10139848   -42.10139848   -41.81890320   -41.81890320   -41.80827309   -41.80827309   -10.68053337   -10.68053337    -6.83403326    -6.83403326    -1.02050933    -1.02050933    -0.43285158    -0.43285156     3.60480931     3.60480949     3.63124822     3.63126579     3.63265482     3.63268090     3.63270532     3.63275786     3.63280752     3.63285136
  1524   -75.15787602   -75.15787602   -42.10131487   -42.10131487   -41.81875536   -41.81875536   -41.80826447   -41.80826447   -10.69092765   -10.69092765    -6.84710062    -6.84710061    -0.98997196    -0.98997195    -0.40890683    -0.40890681     3.60660539     3.60660558     3.63136808     3.63138466     3.63265584     3.63268149     3.63270449     3.63275551     3.63280542     3.63284717
  1525   -75.15789184   -75.15789184   -42.10123205   -42.10123205   -41.81860867   -41.81860867   -41.80825603   -41.80825603   -10.70120504   -10.70120504    -6.86002644    -6.86002644    -0.95949157    -0.95949157    -0.38510221    -0.38510219     3.60861143     3.60861163     3.63149745     3.63151286     3.63265712     3.63268208     3.63270350     3.63275254     3.63280200     3.63284127
  1526   -75.15790735   -75.15790735   -42.10115009   -42.10115009   -41.81846319   -41.81846319   -41.80824780   -41.80824780   -10.71136546   -10.71136546    -6.87281026    -6.87281026    -0.92907185    -0.92907184    -0.36144098    -0.36144097     3.61078225     3.61078246     3.63163348     3.63164757     3.63265866     3.63268267     3.63270240     3.63274899     3.63279734     3.63283380
  1527   -75.15792260   -75.15792260   -42.10106901   -42.10106901   -41.81831899   -41.81831899   -41.80823981   -41.80823981   -10.72140883   -10.72140883    -6.88545166    -6.88545165    -0.89871656    -0.89871655    -0.33792642    -0.33792642     3.61307070     3.61307090     3.63177311     3.63178577     3.63266045     3.63268328     3.63270121     3.63274492     3.63279157     3.63282491
  1528   -75.15793763   -75.15793763   -42.10098887   -42.10098887   -41.81817614   -41.81817614   -41.80823207   -41.80823207   -10.73133509   -10.73133509    -6.89795025    -6.89795024    -0.86842956    -0.86842956    -0.31456183    -0.31456183     3.61542855     3.61542875     3.63191315     3.63192431     3.63266249     3.63268390     3.63269997     3.63274041     3.63278481     3.63281480
  1529   -75.15795251   -75.15795251   -42.10090970   -42.10090970   -41.81803468   -41.81803468   -41.80822460   -41.80822460   -10.74114419   -10.74114419    -6.91030571    -6.91030571    -0.83821483    -0.83821483    -0.29135050    -0.29135050     3.61780754     3.61780774     3.63205031     3.63205996     3.63266476     3.63268456     3.63269871     3.63273552     3.63277722     3.63280368
  1530   -75.15796728   -75.15796728   -42.10083153   -42.10083153   -41.81789467   -41.81789467   -41.80821741   -41.80821741   -10.75083609   -10.75083609    -6.92251777    -6.92251777    -0.80807642    -0.80807642    -0.26829574    -0.26829573     3.62016026     3.62016044     3.63218131     3.63218944     3.63266724     3.63268527     3.63269746     3.63273033     3.63276896     3.63279176
  1531   -75.15798201   -75.15798201   -42.10075437   -42.10075437   -41.81775614   -41.81775614   -41.80821051   -41.80821051   -10.76041075   -10.76041075    -6.93458621    -6.93458621    -0.77801851    -0.77801851    -0.24540086    -0.24540086     3.62244100     3.62244116     3.63230288     3.63230957     3.63266992     3.63268607     3.63269625     3.63272495     3.63276020     3.63277927
  1532   -75.15799677   -75.15799676   -42.10067826   -42.10067826   -41.81761913   -41.81761913   -41.80820390   -41.80820390   -10.76986815   -10.76986815    -6.94651086    -6.94651086    -0.74804536    -0.74804535    -0.22266919    -0.22266919     3.62460662     3.62460676     3.63241191     3.63241723     3.63267278     3.63268697     3.63269510     3.63271943     3.63275109     3.63276642
  1533   -75.15801159   -75.15801159   -42.10060319   -42.10060319   -41.81748366   -41.81748366   -41.80819758   -41.80819758   -10.77920828   -10.77920828    -6.95829161    -6.95829161    -0.71816134    -0.71816134    -0.20010405    -0.20010405     3.62661727     3.62661738     3.63250544     3.63250952     3.63267580     3.63268797     3.63269404     3.63271385     3.63274180     3.63275341
  1534   -75.15802656   -75.15802656   -42.10052917   -42.10052917   -41.81734975   -41.81734975   -41.80819154   -41.80819154   -10.78843113   -10.78843113    -6.96992839    -6.96992839    -0.68837095    -0.68837095    -0.17770877    -0.17770877     3.62843706     3.62843715     3.63258084     3.63258387     3.63267893     3.63268903     3.63269312     3.63270826     3.63273239     3.63274038
  1535   -75.15804172   -75.15804172   -42.10045621   -42.10045621   -41.81721741   -41.81721741   -41.80818578   -41.80818578   -10.79753670   -10.79753670    -6.98142117    -6.98142117    -0.65867878    -0.65867878    -0.15548667    -0.15548667     3.63003466     3.63003473     3.63263605     3.63263823     3.63268217     3.63268989     3.63269247     3.63270264     3.63272271     3.63272729
  1536   -75.15805713   -75.15805713   -42.10038429   -42.10038429   -41.81708664   -41.81708664   -41.80818027   -41.80818027   -10.80652502   -10.80652502    -6.99276996    -6.99276996    -0.62908953    -0.62908953    -0.13344111    -0.13344111     3.63138376     3.63138379     3.63267038     3.63267192     3.63268545     3.63269003     3.63269209     3.63269691     3.63271164     3.63271338
  1537   -75.15807285   -75.15807285   -42.10031340   -42.10031340   -41.81695744   -41.81695744   -41.80817502   -41.80817502   -10.81539608   -10.81539608    -7.00397478    -7.00397478    -0.59960802    -0.59960802    -0.11157539    -0.11157539     3.63246347     3.63246348     3.63268706     3.63268753     3.63268866     3.63268956     3.63269035     3.63269095     3.63269522     3.63269539
  1538   -75.15808891   -75.15808891   -42.10024352   -42.10024352   -41.81682979   -41.81682979   -41.80816998   -41.80816998   -10.82414993   -10.82414993    -7.01503570    -7.01503570    -0.57023920    -0.57023920    -0.08989287    -0.08989287     3.63266543     3.63266554     3.63268465     3.63268527     3.63268892     3.63269094     3.63269269     3.63269422     3.63325863     3.63325865
  1539   -75.15810535   -75.15810535   -42.10017464   -42.10017464   -41.81670369   -41.81670369   -41.80816515   -41.80816515   -10.83278657   -10.83278657    -7.02595277    -7.02595277    -0.54098811    -0.54098811    -0.06839686    -0.06839686     3.63261471     3.63261481     3.63267787     3.63267812     3.63268826     3.63269049     3.63269598     3.63269840     3.63376008     3.63376013
  1540   -75.15812222   -75.15812222   -42.10010671   -42.10010671   -41.81657911   -41.81657911   -41.80816049   -41.80816049   -10.84130604   -10.84130604    -7.03672606    -7.03672606    -0.51185991    -0.51185991    -0.04709072    -0.04709072     3.63253831     3.63253859     3.63266991     3.63267157     3.63268765     3.63268881     3.63269931     3.63270192     3.63396487     3.63396493
  1541   -75.15813953   -75.15813953   -42.10003973   -42.10003973   -41.81645602   -41.81645602   -41.80815598   -41.80815597   -10.84970838   -10.84970838    -7.04735561    -7.04735561    -0.48285992    -0.48285992    -0.02597776    -0.02597776     3.63243376     3.63243407     3.63266228     3.63266523     3.63268707     3.63268711     3.63270263     3.63270539     3.63387671     3.63387679
  1542   -75.15815729   -75.15815729   -42.09997365   -42.09997365   -41.81633441   -41.81633441   -41.80815158   -41.80815158   -10.85799361   -10.85799361    -7.05784145    -7.05784145    -0.45399353    -0.45399352    -0.00506133    -0.00506133     3.63229690     3.63229710     3.63265530     3.63265928     3.63268574     3.63268656     3.63270591     3.63270895     3.63350802     3.63350811
  1543   -75.15817552   -75.15817551   -42.09990844   -42.09990844   -41.81621423   -41.81621423   -41.80814728   -41.80814728   -10.86616176   -10.86616176    -7.06818359    -7.06818359    -0.42526627    -0.42526627     0.01565525     0.01565525     3.63210825     3.63210825     3.63264905     3.63265376     3.63268477     3.63268608     3.63270912     3.63271253     3.63289293     3.63289295
  1544   -75.15819419   -75.15819419   -42.09984407   -42.09984407   -41.81609546   -41.81609546   -41.80814304   -41.80814304   -10.87421287   -10.87421287    -7.07838198    -7.07838198    -0.39668382    -0.39668382     0.03616864     0.03616864     3.63168917     3.63168929     3.63222914     3.63222956     3.63264402     3.63264910     3.63268434     3.63268575     3.63271227     3.63271648
  1545   -75.15821330   -75.15821330   -42.09978051   -42.09978051   -41.81597808   -41.81597807   -41.80813882   -41.80813882   -10.88214695   -10.88214695    -7.08843653    -7.08843653    -0.36825196    -0.36825195     0.05647552     0.05647552     3.63068069     3.63068081     3.63190260     3.63190339     3.63263957     3.63264486     3.63268419     3.63268545     3.63271532     3.63272026
  1546   -75.15823281   -75.15823281   -42.09971772   -42.09971772   -41.81586203   -41.81586203   -41.80813462   -41.80813461   -10.88996404   -10.88996404    -7.09834711    -7.09834711    -0.33997659    -0.33997658     0.07657254     0.07657254     3.62935865     3.62935876     3.63166710     3.63166833     3.63263600     3.63264129     3.63268434     3.63268523     3.63271828     3.63272402
  1547   -75.15825267   -75.15825267   -42.09965568   -42.09965568   -41.81574732   -41.81574732   -41.80813038   -41.80813038   -10.89766416   -10.89766416    -7.10811350    -7.10811350    -0.31186375    -0.31186375     0.09645639     0.09645639     3.62784489     3.62784500     3.63143519     3.63143687     3.63263322     3.63263838     3.63268470     3.63268511     3.63272114     3.63272767
  1548   -75.15827283   -75.15827283   -42.09959434   -42.09959434   -41.81563389   -41.81563389   -41.80812610   -41.80812609   -10.90524732   -10.90524732    -7.11773545    -7.11773544    -0.28391963    -0.28391963     0.11612374     0.11612374     3.62618601     3.62618611     3.63119807     3.63120021     3.63263118     3.63263610     3.63268509     3.63268519     3.63272388     3.63273114
  1549   -75.15829321   -75.15829321   -42.09953370   -42.09953370   -41.81552174   -41.81552174   -41.80812174   -41.80812174   -10.91271352   -10.91271352    -7.12721260    -7.12721260    -0.25615051    -0.25615051     0.13557125     0.13557126     3.62442183     3.62442192     3.63095647     3.63095904     3.63262980     3.63263444     3.63268518     3.63268575     3.63272648     3.63273435
  1550   -75.15831374   -75.15831374   -42.09947373   -42.09947373   -41.81541085   -41.81541085   -41.80811728   -41.80811728   -10.92006279   -10.92006279    -7.13654457    -7.13654456    -0.22856284    -0.22856284     0.15479562     0.15479562     3.62259192     3.62259201     3.63071335     3.63071631     3.63262901     3.63263335     3.63268537     3.63268630     3.63272891     3.63273722
  1551   -75.15833432   -75.15833432   -42.09941441   -42.09941441   -41.81530121   -41.81530121   -41.80811271   -41.80811271   -10.92729511   -10.92729511    -7.14573087    -7.14573087    -0.20116318    -0.20116317     0.17379351     0.17379352     3.62073632     3.62073639     3.63047248     3.63047578     3.63262874     3.63263279     3.63268567     3.63268682     3.63273113     3.63273970
  1552   -75.15835485   -75.15835485   -42.09935572   -42.09935572   -41.81519281   -41.81519281   -41.80810802   -41.80810802   -10.93441049   -10.93441049    -7.15477098    -7.15477098    -0.17395822    -0.17395822     0.19256161     0.19256162     3.61889515     3.61889521     3.63023800     3.63024155     3.63262891     3.63263271     3.63268607     3.63268727     3.63273311     3.63274171
  1553   -75.15837522   -75.15837521   -42.09929767   -42.09929767   -41.81508564   -41.81508564   -41.80810318   -41.80810318   -10.94140890   -10.94140890    -7.16366431    -7.16366431    -0.14695481    -0.14695481     0.21109662     0.21109663     3.61710808     3.61710812     3.63001418     3.63001792     3.63262947     3.63263304     3.63268656     3.63268765     3.63273479     3.63274322
  1554   -75.15839529   -75.15839529   -42.09924023   -42.09924023   -41.81497972   -41.81497972   -41.80809820   -41.80809820   -10.94829033   -10.94829033    -7.17241022    -7.17241021    -0.12015992    -0.12015992     0.22939522     0.22939523     3.61541370     3.61541373     3.62980531     3.62980916     3.63263036     3.63263371     3.63268713     3.63268797     3.63273613     3.63274420
  1555   -75.15841496   -75.15841496   -42.09918343   -42.09918343   -41.81487505   -41.81487505   -41.80809306   -41.80809306   -10.95505476   -10.95505476    -7.18100802    -7.18100801    -0.09358067    -0.09358066     0.24745412     0.24745413     3.61384889     3.61384890     3.62961563     3.62961950     3.63263151     3.63263468     3.63268776     3.63268825     3.63273709     3.63274463
  1556   -75.15843410   -75.15843410   -42.09912725   -42.09912725   -41.81477166   -41.81477166   -41.80808777   -41.80808776   -10.96170216   -10.96170216    -7.18945701    -7.18945700    -0.06722429    -0.06722428     0.26527003     0.26527004     3.61244820     3.61244820     3.62944917     3.62945298     3.63263290     3.63263587     3.63268842     3.63268850     3.63273764     3.63274450
  1557   -75.15845257   -75.15845256   -42.09907172   -42.09907172   -41.81466956   -41.81466956   -41.80808232   -41.80808232   -10.96823250   -10.96823250    -7.19775646    -7.19775645    -0.04109817    -0.04109817     0.28283968     0.28283969     3.61124332     3.61124333     3.62930971     3.62931339     3.63263449     3.63263724     3.63268876     3.63268909     3.63273775     3.63274383
  1558   -75.15847024   -75.15847024   -42.09901685   -42.09901685   -41.81456879   -41.81456879   -41.80807672   -41.80807672   -10.97464575   -10.97464575    -7.20590563    -7.20590563    -0.01520986    -0.01520985     0.30015979     0.30015980     3.61026253     3.61026255     3.62920072     3.62920421     3.63263626     3.63263874     3.63268904     3.63268974     3.63273741     3.63274265
  1559   -75.15848700   -75.15848699   -42.09896266   -42.09896266   -41.81446937   -41.81446937   -41.80807099   -41.80807099   -10.98094185   -10.98094185    -7.21390381    -7.21390381     0.01043300     0.01043301     0.31722713     0.31722714     3.60953028     3.60953031     3.62912527     3.62912851     3.63263819     3.63264035     3.63268935     3.63269034     3.63273663     3.63274100
  1560   -75.15850272   -75.15850271   -42.09890917   -42.09890917   -41.81437136   -41.81437136   -41.80806512   -41.80806512   -10.98712077   -10.98712077    -7.22175030    -7.22175030     0.03582260     0.03582260     0.33403846     0.33403847     3.60906680     3.60906683     3.62908597     3.62908890     3.63264027     3.63264205     3.63268969     3.63269086     3.63273543     3.63273893
  1561   -75.15851729   -75.15851729   -42.09885640   -42.09885640   -41.81427479   -41.81427479   -41.80805914   -41.80805914   -10.99318247   -10.99318247    -7.22944443    -7.22944443     0.06095099     0.06095099     0.35059057     0.35059058     3.60888777     3.60888781     3.62908491     3.62908751     3.63264250     3.63264385     3.63269005     3.63269128     3.63273382     3.63273649
  1562   -75.15853062   -75.15853062   -42.09880440   -42.09880440   -41.81417970   -41.81417970   -41.80805306   -41.80805306   -10.99912690   -10.99912690    -7.23698560    -7.23698560     0.08581009     0.08581009     0.36688027     0.36688028     3.60900413     3.60900417     3.62912363     3.62912589     3.63264488     3.63264576     3.63269040     3.63269158     3.63273185     3.63273376
  1563   -75.15854262   -75.15854262   -42.09875319   -42.09875319   -41.81408615   -41.81408615   -41.80804690   -41.80804690   -11.00495401   -11.00495401    -7.24437328    -7.24437327     0.11039169     0.11039169     0.38290440     0.38290441     3.60942189     3.60942193     3.62920310     3.62920501     3.63264742     3.63264781     3.63269072     3.63269176     3.63272956     3.63273077
  1564   -75.15855322   -75.15855322   -42.09870281   -42.09870281   -41.81399419   -41.81399419   -41.80804068   -41.80804068   -11.01066376   -11.01066376    -7.25160699    -7.25160699     0.13468744     0.13468744     0.39865982     0.39865983     3.61014209     3.61014213     3.62932365     3.62932522     3.63265004     3.63265011     3.63269097     3.63269181     3.63272699     3.63272761
  1565   -75.15856238   -75.15856238   -42.09865329   -42.09865329   -41.81390387   -41.81390387   -41.80803442   -41.80803442   -11.01625609   -11.01625609    -7.25868639    -7.25868639     0.15868885     0.15868885     0.41414343     0.41414343     3.61116079     3.61116083     3.62948499     3.62948624     3.63265248     3.63265298     3.63269114     3.63269174     3.63272419     3.63272431
  1566   -75.15857005   -75.15857005   -42.09860466   -42.09860466   -41.81381524   -41.81381524   -41.80802813   -41.80802813   -11.02173096   -11.02173096    -7.26561120    -7.26561120     0.18238731     0.18238731     0.42935215     0.42935215     3.61246921     3.61246924     3.62968620     3.62968715     3.63265516     3.63265602     3.63269119     3.63269156     3.63272091     3.63272121
  1567   -75.15857623   -75.15857623   -42.09855697   -42.09855697   -41.81372835   -41.81372835   -41.80802186   -41.80802186   -11.02708833   -11.02708833    -7.27238127    -7.27238127     0.20577408     0.20577408     0.44428296     0.44428296     3.61405385     3.61405388     3.62992571     3.62992641     3.63265812     3.63265924     3.63269114     3.63269131     3.63271745     3.63271806
  1568   -75.15858093   -75.15858092   -42.09851024   -42.09851024   -41.81364325   -41.81364325   -41.80801561   -41.80801561   -11.03232816   -11.03232816    -7.27899657    -7.27899657     0.22884031     0.22884031     0.45893285     0.45893285     3.61589678     3.61589680     3.63020136     3.63020184     3.63266137     3.63266265     3.63269098     3.63269100     3.63271393     3.63271477
  1569   -75.15858417   -75.15858417   -42.09846451   -42.09846451   -41.81355999   -41.81355999   -41.80800940   -41.80800940   -11.03745040   -11.03745040    -7.28545719    -7.28545719     0.25157703     0.25157703     0.47329887     0.47329887     3.61797593     3.61797594     3.63051040     3.63051071     3.63266491     3.63266625     3.63269068     3.63269075     3.63271038     3.63271135
  1570   -75.15858602   -75.15858602   -42.09841982   -42.09841982   -41.81347861   -41.81347861   -41.80800327   -41.80800327   -11.04245502   -11.04245502    -7.29176333    -7.29176333     0.27397513     0.27397513     0.48737812     0.48737812     3.62026548     3.62026549     3.63084952     3.63084970     3.63266875     3.63267003     3.63269036     3.63269046     3.63270679     3.63270780
  1571   -75.15858654   -75.15858654   -42.09837619   -42.09837619   -41.81339916   -41.81339916   -41.80799723   -41.80799723   -11.04734199   -11.04734199    -7.29791532    -7.29791532     0.29602544     0.29602544     0.50116773     0.50116773     3.62273634     3.62273634     3.63121492     3.63121502     3.63267285     3.63267399     3.63269007     3.63269016     3.63270315     3.63270411
  1572   -75.15858585   -75.15858585   -42.09833365   -42.09833365   -41.81332166   -41.81332166   -41.80799131   -41.80799131   -11.05211127   -11.05211127    -7.30391362    -7.30391362     0.31771865     0.31771865     0.51466489     0.51466489     3.62535656     3.62535656     3.63160236     3.63160240     3.63267720     3.63267810     3.63268982     3.63268988     3.63269946     3.63270027
  1573   -75.15858405   -75.15858405   -42.09829221   -42.09829221   -41.81324615   -41.81324615   -41.80798551   -41.80798551   -11.05676284   -11.05676284    -7.30975880    -7.30975880     0.33904539     0.33904539     0.52786684     0.52786684     3.62809193     3.62809193     3.63200721     3.63200722     3.63268174     3.63268235     3.63268962     3.63268965     3.63269570     3.63269626
  1574   -75.15858128   -75.15858128   -42.09825191   -42.09825191   -41.81317265   -41.81317265   -41.80797987   -41.80797987   -11.06129667   -11.06129667    -7.31545151    -7.31545151     0.35999619     0.35999619     0.54077086     0.54077086     3.63090651     3.63090651     3.63242453     3.63242453     3.63268643     3.63268668     3.63268947     3.63268948     3.63269185     3.63269209
  1575   -75.15857770   -75.15857770   -42.09821276   -42.09821276   -41.81310119   -41.81310119   -41.80797439   -41.80797439   -11.06571275   -11.06571275    -7.32099252    -7.32099252     0.38056151     0.38056151     0.55337431     0.55337431     3.63268776     3.63268791     3.63268936     3.63268937     3.63269104     3.63269120     3.63284916     3.63284916     3.63376323     3.63376323
  1576   -75.15857348   -75.15857348   -42.09817477   -42.09817477   -41.81303179   -41.81303179   -41.80796908   -41.80796908   -11.07001106   -11.07001106    -7.32638267    -7.32638267     0.40073175     0.40073175     0.56567459     0.56567459     3.63268327     3.63268385     3.63268927     3.63268929     3.63269537     3.63269599     3.63327577     3.63327577     3.63662447     3.63662447
  1577   -75.15856879   -75.15856879   -42.09813794   -42.09813794   -41.81296444   -41.81296444   -41.80796397   -41.80796397   -11.07419158   -11.07419158    -7.33162288    -7.33162288     0.42049726     0.42049726     0.57766915     0.57766915     3.63267864     3.63267965     3.63268914     3.63268923     3.63269960     3.63270074     3.63369897     3.63369899     3.63945270     3.63945270
  1578   -75.15856382   -75.15856382   -42.09810230   -42.09810230   -41.81289917   -41.81289917   -41.80795905   -41.80795905   -11.07825431   -11.07825431    -7.33671409    -7.33671409     0.43984834     0.43984834     0.58935552     0.58935553     3.63267388     3.63267528     3.63268890     3.63268917     3.63270365     3.63270540     3.63411337     3.63411345     3.64221103     3.64221103
  1579   -75.15855877   -75.15855877   -42.09806782   -42.09806782   -41.81283596   -41.81283596   -41.80795434   -41.80795434   -11.08219925   -11.08219925    -7.34165729    -7.34165729     0.45877527     0.45877527     0.60073128     0.60073128     3.63266903     3.63267069     3.63268846     3.63268910     3.63270741     3.63270989     3.63451373     3.63451389     3.64486382     3.64486383
  1580   -75.15855382   -75.15855382   -42.09803453   -42.09803453   -41.81277482   -41.81277482   -41.80794984   -41.80794984   -11.08602637   -11.08602637    -7.34645348    -7.34645348     0.47726830     0.47726830     0.61179407     0.61179407     3.63266410     3.63266585     3.63268768     3.63268901     3.63271081     3.63271419     3.63489495     3.63489525     3.64737726     3.64737727
  1581   -75.15854918   -75.15854918   -42.09800240   -42.09800240   -41.81271573   -41.81271573   -41.80794556   -41.80794556   -11.08973569   -11.08973569    -7.35110364    -7.35110364     0.49531770     0.49531771     0.62254159     0.62254160     3.63265912     3.63266067     3.63268644     3.63268890     3.63271375     3.63271826     3.63525225     3.63525274     3.64971984     3.64971985
  1582   -75.15854503   -75.15854503   -42.09797144   -42.09797144   -41.81265868   -41.81265868   -41.80794149   -41.80794149   -11.09332721   -11.09332721    -7.35560873    -7.35560873     0.51291375     0.51291375     0.63297161     0.63297162     3.63265409     3.63265510     3.63268462     3.63268876     3.63271616     3.63272208     3.63558120     3.63558194     3.65186288     3.65186290
  1583   -75.15854154   -75.15854154   -42.09794162   -42.09794162   -41.81260367   -41.81260367   -41.80793764   -41.80793764   -11.09680092   -11.09680092    -7.35996966    -7.35996966     0.53004675     0.53004675     0.64308196     0.64308197     3.63264899     3.63264902     3.63268208     3.63268860     3.63271799     3.63272563     3.63587777     3.63587884     3.65378097     3.65378099
  1584   -75.15853888   -75.15853888   -42.09791295   -42.09791295   -41.81255066   -41.81255066   -41.80793400   -41.80793400   -11.10015683   -11.10015683    -7.36418726    -7.36418726     0.54670704     0.54670705     0.65287054     0.65287056     3.63264233     3.63264379     3.63267875     3.63268844     3.63271919     3.63272890     3.63613846     3.63613993     3.65545232     3.65545233
  1585   -75.15853720   -75.15853720   -42.09788541   -42.09788541   -41.81249964   -41.81249964   -41.80793058   -41.80793058   -11.10339495   -11.10339495    -7.36826228    -7.36826228     0.56288505     0.56288506     0.66233531     0.66233533     3.63263491     3.63263838     3.63267463     3.63268829     3.63271974     3.63273188     3.63636033     3.63636225     3.65685908     3.65685910
  1586   -75.15853662   -75.15853662   -42.09785898   -42.09785898   -41.81245060   -41.81245060   -41.80792736   -41.80792736   -11.10651528   -11.10651528    -7.37219537    -7.37219536     0.57857127     0.57857128     0.67147430     0.67147433     3.63262662     3.63263256     3.63266981     3.63268816     3.63271967     3.63273455     3.63654102     3.63654347     3.65798766     3.65798767
  1587   -75.15853726   -75.15853726   -42.09783365   -42.09783365   -41.81240350   -41.81240350   -41.80792434   -41.80792434   -11.10951783   -11.10951783    -7.37598704    -7.37598703     0.59375629     0.59375630     0.68028561     0.68028564     3.63261733     3.63262604     3.63266452     3.63268807     3.63271902     3.63273690     3.63667884     3.63668186     3.65882882     3.65882883
  1588   -75.15853919   -75.15853918   -42.09780939   -42.09780939   -41.81235832   -41.81235832   -41.80792151   -41.80792151   -11.11240260   -11.11240260    -7.37963769    -7.37963768     0.60843082     0.60843084     0.68876741     0.68876745     3.63260693     3.63261838     3.63265916     3.63268802     3.63271785     3.63273891     3.63677276     3.63677640     3.65937788     3.65937789
  1589   -75.15854246   -75.15854246   -42.09778620   -42.09778620   -41.81231505   -41.81231505   -41.80791887   -41.80791887   -11.11516960   -11.11516960    -7.38314755    -7.38314754     0.62258571     0.62258572     0.69691794     0.69691799     3.63259529     3.63260913     3.63265419     3.63268802     3.63271626     3.63274055     3.63682245     3.63682674     3.65963471     3.65963472
  1590   -75.15854710   -75.15854710   -42.09776406   -42.09776406   -41.81227367   -41.81227367   -41.80791641   -41.80791641   -11.11781884   -11.11781884    -7.38651673    -7.38651672     0.63621194     0.63621195     0.70473552     0.70473557     3.63258234     3.63259794     3.63264996     3.63268804     3.63271436     3.63274181     3.63682826     3.63683322     3.65960370     3.65960372
  1591   -75.15855312   -75.15855312   -42.09774296   -42.09774296   -41.81223415   -41.81223415   -41.80791412   -41.80791412   -11.12035032   -11.12035032    -7.38974515    -7.38974514     0.64930068     0.64930069     0.71221853     0.71221859     3.63256805     3.63258468     3.63264668     3.63268807     3.63271227     3.63274265     3.63679127     3.63679689     3.65929371     3.65929374
  1592   -75.15856047   -75.15856047   -42.09772287   -42.09772287   -41.81219647   -41.81219647   -41.80791199   -41.80791199   -11.12276405   -11.12276405    -7.39283259    -7.39283258     0.66184327     0.66184329     0.71936546     0.71936552     3.63255242     3.63256945     3.63264434     3.63268806     3.63271012     3.63274306     3.63671319     3.63671946     3.65871784     3.65871787
  1593   -75.15856911   -75.15856911   -42.09770379   -42.09770379   -41.81216063   -41.81216063   -41.80791001   -41.80791001   -11.12506004   -11.12506004    -7.39577867    -7.39577866     0.67383128     0.67383130     0.72617487     0.72617494     3.63253551     3.63255246     3.63264287     3.63268794     3.63270805     3.63274304     3.63659640     3.63660327     3.65789322     3.65789326
  1594   -75.15857893   -75.15857893   -42.09768571   -42.09768571   -41.81212661   -41.81212661   -41.80790817   -41.80790817   -11.12723828   -11.12723828    -7.39858285    -7.39858284     0.68525647     0.68525649     0.73264542     0.73264549     3.63251745     3.63253395     3.63264219     3.63268765     3.63270620     3.63274257     3.63644388     3.63645128     3.65684072     3.65684077
  1595   -75.15858983   -75.15858983   -42.09766861   -42.09766861   -41.81209440   -41.81209440   -41.80790648   -41.80790648   -11.12929878   -11.12929878    -7.40124447    -7.40124446     0.69611081     0.69611083     0.73877587     0.73877594     3.63249842     3.63251422     3.63264220     3.63268711     3.63270468     3.63274165     3.63625913     3.63626700     3.65558457     3.65558462
  1596   -75.15860166   -75.15860166   -42.09765249   -42.09765249   -41.81206400   -41.81206400   -41.80790491   -41.80790491   -11.13124154   -11.13124154    -7.40376271    -7.40376270     0.70638655     0.70638657     0.74456510     0.74456517     3.63247864     3.63249360     3.63264283     3.63268628     3.63270358     3.63274031     3.63604617     3.63605440     3.65415196     3.65415200
  1597   -75.15861426   -75.15861426   -42.09763734   -42.09763734   -41.81203540   -41.81203540   -41.80790346   -41.80790346   -11.13306657   -11.13306657    -7.40613665    -7.40613664     0.71607613     0.71607615     0.75001214     0.75001220     3.63245841     3.63247241     3.63264401     3.63268520     3.63270288     3.63273854     3.63580943     3.63581790     3.65257257     3.65257261
  1598   -75.15862746   -75.15862746   -42.09762315   -42.09762315   -41.81200860   -41.81200860   -41.80790213   -41.80790213   -11.13477387   -11.13477387    -7.40836525    -7.40836524     0.72517225     0.72517227     0.75511617     0.75511623     3.63243808     3.63245104     3.63264569     3.63268394     3.63270250     3.63273638     3.63555365     3.63556224     3.65087811     3.65087815
  1599   -75.15864104   -75.15864104   -42.09760994   -42.09760994   -41.81198360   -41.81198360   -41.80790091   -41.80790091   -11.13636343   -11.13636343    -7.41044740    -7.41044740     0.73366779     0.73366781     0.75987658     0.75987664     3.63241803     3.63242990     3.63264781     3.63268263     3.63270235     3.63273386     3.63528386     3.63529242     3.64910175     3.64910178
  1600   -75.15865481   -75.15865481   -42.09759768   -42.09759768   -41.81196040   -41.81196040   -41.80789980   -41.80789980   -11.13783526   -11.13783526    -7.41238193    -7.41238193     0.74155583     0.74155584     0.76429302     0.76429307     3.63239872     3.63240947     3.63265031     3.63268138     3.63270231     3.63273101     3.63500521     3.63501358     3.64727759     3.64727761
  1601   -75.15866855   -75.15866855   -42.09758639   -42.09758639   -41.81193901   -41.81193901   -41.80789878   -41.80789878   -11.13918935   -11.13918935    -7.41416762    -7.41416762     0.74882955     0.74882957     0.76836548     0.76836552     3.63238066     3.63239026     3.63265312     3.63268027     3.63270228     3.63272788     3.63472292     3.63473095     3.64544011     3.64544012
  1602   -75.15868203   -75.15868203   -42.09757607   -42.09757607   -41.81191944   -41.81191944   -41.80789786   -41.80789786   -11.14042571   -11.14042571    -7.41580324    -7.41580323     0.75548217     0.75548218     0.77209437     0.77209441     3.63236444     3.63237286     3.63265620     3.63267939     3.63270219     3.63272452     3.63444217     3.63444971     3.64362355     3.64362356
  1603   -75.15869504   -75.15869504   -42.09756671   -42.09756671   -41.81190169   -41.81190169   -41.80789704   -41.80789704   -11.14154432   -11.14154432    -7.41728755    -7.41728755     0.76150679     0.76150680     0.77548073     0.77548077     3.63235074     3.63235797     3.63265948     3.63267878     3.63270198     3.63272096     3.63416800     3.63417489     3.64186140     3.64186142
  1604   -75.15870736   -75.15870735   -42.09755832   -42.09755832   -41.81188577   -41.81188577   -41.80789631   -41.80789631   -11.14254520   -11.14254520    -7.41861937    -7.41861937     0.76689626     0.76689627     0.77852634     0.77852637     3.63234036     3.63234641     3.63266291     3.63267849     3.63270159     3.63271727     3.63390518     3.63391129     3.64018576     3.64018580
  1605   -75.15871877   -75.15871877   -42.09755090   -42.09755090   -41.81187170   -41.81187170   -41.80789567   -41.80789567   -11.14342833   -11.14342833    -7.41979754    -7.41979754     0.77164303     0.77164304     0.78123390     0.78123392     3.63233432     3.63233919     3.63266643     3.63267854     3.63270099     3.63271350     3.63365816     3.63366338     3.63862682     3.63862686
  1606   -75.15872910   -75.15872910   -42.09754447   -42.09754447   -41.81185948   -41.81185948   -41.80789511   -41.80789511   -11.14419372   -11.14419372    -7.42082101    -7.42082100     0.77573926     0.77573926     0.78360694     0.78360696     3.63233387     3.63233761     3.63266998     3.63267896     3.63270015     3.63270971     3.63343095     3.63343519     3.63721217     3.63721223
  1607   -75.15873816   -75.15873816   -42.09753901   -42.09753901   -41.81184913   -41.81184913   -41.80789464   -41.80789464   -11.14484136   -11.14484136    -7.42168878    -7.42168878     0.77917770     0.77917770     0.78564894     0.78564896     3.63234078     3.63234344     3.63267351     3.63267976     3.63269904     3.63270595     3.63322713     3.63323037     3.63596621     3.63596628
  1608   -75.15874579   -75.15874579   -42.09753454   -42.09753454   -41.81184064   -41.81184064   -41.80789426   -41.80789426   -11.14537125   -11.14537125    -7.42240001    -7.42240001     0.78195438     0.78195439     0.78736067     0.78736067     3.63235758     3.63235929     3.63267697     3.63268094     3.63269765     3.63270226     3.63304991     3.63305217     3.63490913     3.63490921
  1609   -75.15875188   -75.15875188   -42.09753106   -42.09753106   -41.81183403   -41.81183403   -41.80789396   -41.80789396   -11.14578339   -11.14578339    -7.42295398    -7.42295397     0.78407372     0.78407372     0.78873506     0.78873507     3.63238843     3.63238936     3.63268032     3.63268250     3.63269598     3.63269871     3.63290251     3.63290391     3.63405540     3.63405548
  1610   -75.15875630   -75.15875630   -42.09752857   -42.09752857   -41.81182930   -41.81182930   -41.80789375   -41.80789375   -11.14607778   -11.14607778    -7.42335009    -7.42335009     0.78555347     0.78555348     0.78975231     0.78975231     3.63244098     3.63244135     3.63268350     3.63268442     3.63269401     3.63269534     3.63278900     3.63278971     3.63341066     3.63341072
  1611   -75.15875898   -75.15875898   -42.09752708   -42.09752708   -41.81182647   -41.81182647   -41.80789362   -41.80789362   -11.14625441   -11.14625441    -7.42358793    -7.42358792     0.78642258     0.78642258     0.79038200     0.79038200     3.63253089     3.63253096     3.63268650     3.63268670     3.63269176     3.63269218     3.63271546     3.63271574     3.63296576     3.63296579
  1612   -75.15875988   -75.15875988   -42.09752658   -42.09752658   -41.81182552   -41.81182552   -41.80789358   -41.80789358   -11.14631329   -11.14631329    -7.42366723    -7.42366723     0.78670854     0.78670854     0.79059574     0.79059574     3.63268940     3.63268940     3.63268940     3.63268940     3.63268940     3.63268940     3.63268940     3.63268940     3.63268940     3.63268940
  1613   -75.15524374   -75.15524374   -42.11344807   -42.11344807   -41.83901713   -41.83901713   -41.80842408   -41.80842408    -7.54707762    -7.54707762    -6.90811939    -6.90811939    -3.51897310    -3.51897310    -1.84896548    -1.84896548    -1.24979680    -1.24979680     3.63268940     3.63268940     3.63268940     3.63268940     3.63268940     3.63268940     3.63268940     3.63268940
  1614   -75.15524379   -75.15524378   -42.11344804   -42.11344804   -41.83901714   -41.83901714   -41.80842399   -41.80842399    -7.54716766    -7.54716758    -6.90819548    -6.90819530    -3.51877146    -3.51877146    -1.84898494    -1.84898471    -1.24960321    -1.24960321     3.63265024     3.63266275     3.63267653     3.63268921     3.63268948     3.63270203     3.63271477     3.63272761
  1615   -75.15524391   -75.15524391   -42.11344798   -42.11344797   -41.83901717   -41.83901717   -41.80842370   -41.80842370    -7.54743769    -7.54743753    -6.90842362    -6.90842325    -3.51816661    -3.51816660    -1.84904296    -1.84904249    -1.24902244    -1.24902244     3.63261110     3.63263550     3.63266368     3.63268901     3.63268956     3.63271405     3.63273822     3.63276388
  1616   -75.15524412   -75.15524412   -42.11344786   -42.11344786   -41.83901723   -41.83901723   -41.80842321   -41.80842320    -7.54788750    -7.54788726    -6.90880366    -6.90880313    -3.51715876    -3.51715875    -1.84913950    -1.84913882    -1.24805454    -1.24805454     3.63257301     3.63260839     3.63265118     3.63268882     3.63268962     3.63272516     3.63275921     3.63279735
  1617   -75.15524440   -75.15524440   -42.11344770   -42.11344770   -41.83901733   -41.83901732   -41.80842251   -41.80842250    -7.54851676    -7.54851645    -6.90933540    -6.90933471    -3.51574826    -3.51574826    -1.84927454    -1.84927366    -1.24669957    -1.24669956     3.63253699     3.63258217     3.63263938     3.63268865     3.63268968     3.63273509     3.63277728     3.63282721
  1618   -75.15524475   -75.15524474   -42.11344750   -42.11344749   -41.83901746   -41.83901745   -41.80842158   -41.80842158    -7.54932500    -7.54932464    -6.91001851    -6.91001769    -3.51393562    -3.51393561    -1.84944800    -1.84944695    -1.24495762    -1.24495762     3.63250404     3.63255764     3.63262860     3.63268848     3.63268972     3.63274363     3.63279210     3.63285281
  1619   -75.15524516   -75.15524516   -42.11344725   -42.11344724   -41.83901764   -41.83901763   -41.80842043   -41.80842042    -7.55031165    -7.55031123    -6.91085262    -6.91085167    -3.51172147    -3.51172146    -1.84965983    -1.84965863    -1.24282885    -1.24282884     3.63247509     3.63253555     3.63261914     3.63268834     3.63268976     3.63275060     3.63280341     3.63287360
  1620   -75.15524562   -75.15524562   -42.11344695   -42.11344695   -41.83901787   -41.83901786   -41.80841902   -41.80841902    -7.55147597    -7.55147551    -6.91183722    -6.91183619    -3.50910659    -3.50910658    -1.84990994    -1.84990862    -1.24031344    -1.24031343     3.63245102     3.63251662     3.63261128     3.63268823     3.63268978     3.63275584     3.63281110     3.63288916
  1621   -75.15524612   -75.15524612   -42.11344662   -42.11344661   -41.83901818   -41.83901817   -41.80841735   -41.80841734    -7.55281711    -7.55281663    -6.91297178    -6.91297067    -3.50609188    -3.50609187    -1.85019823    -1.85019683    -1.23741165    -1.23741164     3.63243257     3.63250151     3.63260527     3.63268814     3.63268979     3.63275927     3.63281514     3.63289923
  1622   -75.15524666   -75.15524666   -42.11344623   -42.11344622   -41.83901856   -41.83901855   -41.80841538   -41.80841537    -7.55433412    -7.55433361    -6.91425563    -6.91425449    -3.50267841    -3.50267840    -1.85052460    -1.85052314    -1.23412381    -1.23412380     3.63242037     3.63249082     3.63260130     3.63268808     3.63268979     3.63276085     3.63281562     3.63290370
  1623   -75.15524722   -75.15524722   -42.11344580   -42.11344579   -41.83901904   -41.83901903   -41.80841310   -41.80841309    -7.55602588    -7.55602537    -6.91568806    -6.91568691    -3.49886734    -3.49886733    -1.85088893    -1.85088746    -1.23045032    -1.23045031     3.63241490     3.63248503     3.63259954     3.63268805     3.63268978     3.63276057     3.63281273     3.63290258
  1624   -75.15524779   -75.15524778   -42.11344532   -42.11344531   -41.83901962   -41.83901961   -41.80841047   -41.80841046    -7.55789119    -7.55789069    -6.91726826    -6.91726713    -3.49466000    -3.49465999    -1.85129108    -1.85128963    -1.22639170    -1.22639169     3.63241646     3.63248450     3.63260007     3.63268806     3.63268976     3.63275848     3.63280672     3.63289606
  1625   -75.15524836   -75.15524836   -42.11344479   -42.11344478   -41.83902031   -41.83902030   -41.80840747   -41.80840747    -7.55992870    -7.55992823    -6.91899537    -6.91899429    -3.49005782    -3.49005781    -1.85173092    -1.85172954    -1.22194857    -1.22194856     3.63242520     3.63248945     3.63260295     3.63268810     3.63268974     3.63275468     3.63279796     3.63288444
  1626   -75.15524892   -75.15524892   -42.11344419   -42.11344419   -41.83902113   -41.83902112   -41.80840408   -41.80840407    -7.56213698    -7.56213654    -6.92086842    -6.92086742    -3.48506238    -3.48506237    -1.85220829    -1.85220701    -1.21712167    -1.21712167     3.63244106     3.63249999     3.63260815     3.63268818     3.63268970     3.63274931     3.63278686     3.63286814
  1627   -75.15524948   -75.15524948   -42.11344354   -42.11344353   -41.83902207   -41.83902206   -41.80840026   -41.80840025    -7.56451445    -7.56451406    -6.92288641    -6.92288551    -3.47967535    -3.47967534    -1.85272305    -1.85272190    -1.21191188    -1.21191188     3.63246380     3.63251604     3.63261561     3.63268829     3.63268966     3.63274254     3.63277387     3.63284770
  1628   -75.15525001   -75.15525001   -42.11344281   -42.11344280   -41.83902315   -41.83902315   -41.80839597   -41.80839597    -7.56705946    -7.56705912    -6.92504823    -6.92504746    -3.47389854    -3.47389854    -1.85327502    -1.85327403    -1.20632021    -1.20632021     3.63249301     3.63253739     3.63262517     3.63268843     3.63268961     3.63273457     3.63275949     3.63282376
  1629   -75.15525052   -75.15525052   -42.11344200   -42.11344199   -41.83902437   -41.83902437   -41.80839119   -41.80839119    -7.56977022    -7.56976994    -6.92735273    -6.92735211    -3.46773389    -3.46773388    -1.85386403    -1.85386323    -1.20034782    -1.20034782     3.63252808     3.63256365     3.63263664     3.63268860     3.63268957     3.63272563     3.63274421     3.63279701
  1630   -75.15525102   -75.15525101   -42.11344109   -42.11344109   -41.83902573   -41.83902572   -41.80838589   -41.80838589    -7.57264485    -7.57264465    -6.92979869    -6.92979823    -3.46118340    -3.46118340    -1.85448990    -1.85448931    -1.19399603    -1.19399603     3.63256823     3.63259430     3.63264977     3.63268880     3.63268952     3.63271598     3.63272855     3.63276820
  1631   -75.15525148   -75.15525148   -42.11344008   -42.11344007   -41.83902722   -41.83902722   -41.80838003   -41.80838002    -7.57568139    -7.57568126    -6.93238483    -6.93238454    -3.45424924    -3.45424924    -1.85515244    -1.85515206    -1.18726630    -1.18726630     3.63261254     3.63262868     3.63266426     3.63268902     3.63268947     3.63270587     3.63271298     3.63273814
  1632   -75.15525193   -75.15525193   -42.11343894   -42.11343894   -41.83902884   -41.83902884   -41.80837357   -41.80837357    -7.57887776    -7.57887771    -6.93510978    -6.93510967    -3.44693363    -3.44693363    -1.85585144    -1.85585130    -1.18016026    -1.18016026     3.63265995     3.63266599     3.63267977     3.63268925     3.63268943     3.63269556     3.63269797     3.63270761
  1633   -75.15525237   -75.15525237   -42.11343766   -42.11343766   -41.83903058   -41.83903057   -41.80836650   -41.80836650    -7.58223184    -7.58223180    -6.93797223    -6.93797215    -3.43923891    -3.43923891    -1.85658681    -1.85658671    -1.17267968    -1.17267968     3.63267741     3.63268392     3.63268534     3.63268939     3.63268950     3.63269591     3.63270532     3.63270930
  1634   -75.15525279   -75.15525279   -42.11343622   -42.11343621   -41.83903242   -41.83903241   -41.80835877   -41.80835877    -7.58574138    -7.58574127    -6.94097073    -6.94097047    -3.43116753    -3.43116753    -1.85735836    -1.85735803    -1.16482647    -1.16482647     3.63264831     3.63267119     3.63267545     3.63268935     3.63268976     3.63271228     3.63274568     3.63275934
  1635   -75.15525322   -75.15525322   -42.11343459   -42.11343459   -41.83903434   -41.83903434   -41.80835036   -41.80835036    -7.58940402    -7.58940383    -6.94410364    -6.94410321    -3.42272200    -3.42272200    -1.85816574    -1.85816519    -1.15660268    -1.15660267     3.63262101     3.63266007     3.63266614     3.63268933     3.63269003     3.63272845     3.63278603     3.63280878
  1636   -75.15525366   -75.15525365   -42.11343276   -42.11343276   -41.83903634   -41.83903633   -41.80834124   -41.80834123    -7.59321735    -7.59321709    -6.94736938    -6.94736879    -3.41390494    -3.41390493    -1.85900871    -1.85900795    -1.14801047    -1.14801046     3.63259617     3.63265077     3.63265764     3.63268931     3.63269029     3.63274401     3.63282526     3.63285631
  1637   -75.15525411   -75.15525411   -42.11343069   -42.11343069   -41.83903837   -41.83903836   -41.80833137   -41.80833137    -7.59717888    -7.59717855    -6.95076631    -6.95076557    -3.40471904    -3.40471903    -1.85988702    -1.85988607    -1.13905212    -1.13905212     3.63257436     3.63264344     3.63265015     3.63268929     3.63269054     3.63275852     3.63286229     3.63290065
  1638   -75.15525459   -75.15525459   -42.11342837   -42.11342837   -41.83904042   -41.83904041   -41.80832074   -41.80832074    -7.60128605    -7.60128567    -6.95429272    -6.95429185    -3.39516708    -3.39516707    -1.86080042    -1.86079931    -1.12973001    -1.12973000     3.63255605     3.63263813     3.63264385     3.63268929     3.63269078     3.63277159     3.63289602     3.63294054
  1639   -75.15525512   -75.15525512   -42.11342576   -42.11342576   -41.83904245   -41.83904244   -41.80830933   -41.80830932    -7.60553626    -7.60553582    -6.95794688    -6.95794591    -3.38525190    -3.38525189    -1.86174866    -1.86174741    -1.12004656    -1.12004655     3.63254163     3.63263481     3.63263890     3.63268929     3.63269099     3.63278283     3.63292545     3.63297485
  1640   -75.15525569   -75.15525569   -42.11342284   -42.11342284   -41.83904443   -41.83904442   -41.80829710   -41.80829710    -7.60992682    -7.60992635    -6.96172698    -6.96172592    -3.37497644    -3.37497642    -1.86273145    -1.86273009    -1.11000429    -1.11000427     3.63253134     3.63263322     3.63263560     3.63268929     3.63269119     3.63279191     3.63294963     3.63300254
  1641   -75.15525633   -75.15525633   -42.11341958   -42.11341957   -41.83904633   -41.83904632   -41.80828405   -41.80828405    -7.61445499    -7.61445450    -6.96563116    -6.96563005    -3.36434367    -3.36434365    -1.86374852    -1.86374709    -1.09960571    -1.09960569     3.63252536     3.63263229     3.63263494     3.63268931     3.63269135     3.63279854     3.63296773     3.63302272
  1642   -75.15525703   -75.15525703   -42.11341595   -42.11341594   -41.83904811   -41.83904810   -41.80827016   -41.80827016    -7.61911799    -7.61911749    -6.96965754    -6.96965640    -3.35335667    -3.35335665    -1.86479958    -1.86479811    -1.08885338    -1.08885336     3.63252371     3.63263189     3.63263688     3.63268933     3.63269148     3.63280248     3.63297906     3.63303468
  1643   -75.15525781   -75.15525781   -42.11341193   -42.11341192   -41.83904974   -41.83904973   -41.80825542   -41.80825541    -7.62391299    -7.62391248    -6.97380414    -6.97380301    -3.34201854    -3.34201852    -1.86588431    -1.86588285    -1.07774985    -1.07774983     3.63252634     3.63263276     3.63264041     3.63268935     3.63269157     3.63280356     3.63298310     3.63303792
  1644   -75.15525867   -75.15525867   -42.11340748   -42.11340747   -41.83905118   -41.83905117   -41.80823981   -41.80823981    -7.62883709    -7.62883660    -6.97806899    -6.97806788    -3.33033246    -3.33033244    -1.86700239    -1.86700098    -1.06629763    -1.06629762     3.63253304     3.63263500     3.63264512     3.63268937     3.63269162     3.63280169     3.63297949     3.63303213
  1645   -75.15525962   -75.15525961   -42.11340259   -42.11340259   -41.83905240   -41.83905239   -41.80822334   -41.80822333    -7.63388739    -7.63388693    -6.98245002    -6.98244898    -3.31830166    -3.31830164    -1.86815351    -1.86815217    -1.05449923    -1.05449921     3.63254356     3.63263856     3.63265067     3.63268939     3.63269161     3.63279684     3.63296809     3.63301726
  1646   -75.15526064   -75.15526064   -42.11339724   -42.11339723   -41.83905336   -41.83905335   -41.80820599   -41.80820599    -7.63906093    -7.63906050    -6.98694516    -6.98694421    -3.30592942    -3.30592941    -1.86933731    -1.86933608    -1.04235708    -1.04235707     3.63255751     3.63264333     3.63265675     3.63268941     3.63269156     3.63278907     3.63294894     3.63299348
  1647   -75.15526175   -75.15526175   -42.11339140   -42.11339140   -41.83905404   -41.83905403   -41.80818778   -41.80818778    -7.64435471    -7.64435434    -6.99155228    -6.99155144    -3.29321908    -3.29321907    -1.87055343    -1.87055234    -1.02987357    -1.02987356     3.63257446     3.63264915     3.63266305     3.63268943     3.63269144     3.63277850     3.63292231     3.63296118
  1648   -75.15526293   -75.15526293   -42.11338507   -42.11338506   -41.83905440   -41.83905439   -41.80816871   -41.80816871    -7.64976574    -7.64976542    -6.99626920    -6.99626849    -3.28017400    -3.28017399    -1.87180150    -1.87180058    -1.01705100    -1.01705099     3.63259388     3.63265588     3.63266927     3.63268944     3.63269125     3.63276535     3.63288867     3.63292102
  1649   -75.15526418   -75.15526418   -42.11337822   -42.11337821   -41.83905443   -41.83905442   -41.80814879   -41.80814878    -7.65529095    -7.65529070    -7.00109370    -7.00109315    -3.26679759    -3.26679758    -1.87308113    -1.87308041    -1.00389162    -1.00389162     3.63261523     3.63266330     3.63267516     3.63268944     3.63269099     3.63274990     3.63284869     3.63287386
  1650   -75.15526549   -75.15526548   -42.11337085   -42.11337085   -41.83905410   -41.83905410   -41.80812802   -41.80812802    -7.66092730    -7.66092713    -7.00602355    -7.00602316    -3.25309330    -3.25309330    -1.87439192    -1.87439142    -0.99039760    -0.99039759     3.63263790     3.63267123     3.63268048     3.63268944     3.63269063     3.63273249     3.63280326     3.63282076
  1651   -75.15526684   -75.15526684   -42.11336297   -42.11336297   -41.83905341   -41.83905341   -41.80810645   -41.80810644    -7.66667172    -7.66667162    -7.01105647    -7.01105625    -3.23906462    -3.23906462    -1.87573346    -1.87573318    -0.97657102    -0.97657101     3.63266128     3.63267946     3.63268505     3.63268943     3.63269016     3.63271354     3.63275339     3.63276297
  1652   -75.15526822   -75.15526822   -42.11335457   -42.11335457   -41.83905234   -41.83905234   -41.80808407   -41.80808407    -7.67252110    -7.67252108    -7.01619013    -7.01619010    -3.22471506    -3.22471506    -1.87710531    -1.87710526    -0.96241390    -0.96241390     3.63268475     3.63268775     3.63268877     3.63268941     3.63268955     3.63269350     3.63270030     3.63270188
  1653   -75.15526962   -75.15526962   -42.11334566   -42.11334566   -41.83905090   -41.83905089   -41.80806093   -41.80806092    -7.67847242    -7.67847235    -7.02142235    -7.02142221    -3.21004814    -3.21004814    -1.87850721    -1.87850702    -0.94792823    -0.94792823     3.63263902     3.63264528     3.63267287     3.63268875     3.63268938     3.63269157     3.63269592     3.63270772
  1654   -75.15527102   -75.15527102   -42.11333625   -42.11333625   -41.83904908   -41.83904907   -41.80803704   -41.80803704    -7.68452251    -7.68452237    -7.02675065    -7.02675033    -3.19506743    -3.19506743    -1.87993858    -1.87993816    -0.93311591    -0.93311590     3.63257599     3.63258975     3.63265218     3.63268770     3.63268934     3.63269349     3.63270374     3.63272961
  1655   -75.15527239   -75.15527239   -42.11332637   -42.11332636   -41.83904689   -41.83904689   -41.80801246   -41.80801245    -7.69066826    -7.69066804    -7.03217260    -7.03217211    -3.17977651    -3.17977651    -1.88139887    -1.88139824    -0.91797883    -0.91797882     3.63251442     3.63253516     3.63263197     3.63268634     3.63268930     3.63269460     3.63271103     3.63274989
  1656   -75.15527374   -75.15527373   -42.11331603   -42.11331603   -41.83904436   -41.83904436   -41.80798721   -41.80798720    -7.69690655    -7.69690626    -7.03768580    -7.03768516    -3.16417898    -3.16417897    -1.88288763    -1.88288679    -0.90251887    -0.90251885     3.63245597     3.63248300     3.63261278     3.63268458     3.63268925     3.63269507     3.63271761     3.63276810
  1657   -75.15527502   -75.15527502   -42.11330527   -42.11330526   -41.83904152   -41.83904151   -41.80796133   -41.80796133    -7.70323427    -7.70323392    -7.04328782    -7.04328704    -3.14827843    -3.14827842    -1.88440434    -1.88440332    -0.88673790    -0.88673789     3.63240222     3.63243471     3.63259513     3.63268237     3.63268920     3.63269509     3.63272334     3.63278381
  1658   -75.15527624   -75.15527624   -42.11329412   -42.11329411   -41.83903838   -41.83903837   -41.80793488   -41.80793488    -7.70964832    -7.70964792    -7.04897623    -7.04897532    -3.13207849    -3.13207847    -1.88594851    -1.88594733    -0.87063784    -0.87063782     3.63235470     3.63239169     3.63257952     3.63267969     3.63268915     3.63269482     3.63272809     3.63279670
  1659   -75.15527738   -75.15527737   -42.11328262   -42.11328262   -41.83903499   -41.83903498   -41.80790791   -41.80790791    -7.71614561    -7.71614516    -7.05474858    -7.05474758    -3.11558279    -3.11558277    -1.88751964    -1.88751833    -0.85422064    -0.85422062     3.63231479     3.63235524     3.63256642     3.63267662     3.63268910     3.63269441     3.63273175     3.63280651
  1660   -75.15527842   -75.15527841   -42.11327083   -42.11327082   -41.83903139   -41.83903137   -41.80788046   -41.80788046    -7.72272304    -7.72272256    -7.06060244    -7.06060137    -3.09879495    -3.09879493    -1.88911720    -1.88911581    -0.83748832    -0.83748830     3.63228371     3.63232652     3.63255622     3.63267332     3.63268905     3.63269394     3.63273425     3.63281308
  1661   -75.15527936   -75.15527935   -42.11325878   -42.11325877   -41.83902763   -41.83902761   -41.80785260   -41.80785259    -7.72937756    -7.72937706    -7.06653535    -7.06653424    -3.08171862    -3.08171859    -1.89074069    -1.89073924    -0.82044301    -0.82044298     3.63226249     3.63230650     3.63254925     3.63266999     3.63268901     3.63269345     3.63273556     3.63281632
  1662   -75.15528018   -75.15528018   -42.11324653   -42.11324652   -41.83902376   -41.83902375   -41.80782437   -41.80782437    -7.73610610    -7.73610559    -7.07254487    -7.07254375    -3.06435743    -3.06435740    -1.89238959    -1.89238812    -0.80308692    -0.80308689     3.63225189     3.63229597     3.63254579     3.63266689     3.63268898     3.63269298     3.63273567     3.63281624
  1663   -75.15528090   -75.15528089   -42.11323414   -42.11323414   -41.83901984   -41.83901983   -41.80779584   -41.80779584    -7.74290564    -7.74290513    -7.07862857    -7.07862747    -3.04671502    -3.04671499    -1.89406338    -1.89406193    -0.78542243    -0.78542240     3.63225246     3.63229548     3.63254599     3.63266426     3.63268896     3.63269252     3.63273460     3.63281293
  1664   -75.15528151   -75.15528150   -42.11322168   -42.11322167   -41.83901594   -41.83901593   -41.80776708   -41.80776707    -7.74977315    -7.74977266    -7.08478401    -7.08478295    -3.02879501    -3.02879498    -1.89576153    -1.89576014    -0.76745203    -0.76745200     3.63226444     3.63230532     3.63254994     3.63266236     3.63268896     3.63269208     3.63273240     3.63280656
  1665   -75.15528201   -75.15528201   -42.11320919   -42.11320919   -41.83901211   -41.83901210   -41.80773813   -41.80773812    -7.75670564    -7.75670519    -7.09100877    -7.09100778    -3.01060104    -3.01060101    -1.89748354    -1.89748223    -0.74917840    -0.74917837     3.63228778     3.63232554     3.63255762     3.63266141     3.63268896     3.63269166     3.63272915     3.63279738
  1666   -75.15528242   -75.15528242   -42.11319675   -42.11319675   -41.83900843   -41.83900842   -41.80770906   -41.80770906    -7.76370014    -7.76369974    -7.09730043    -7.09729954    -2.99213672    -2.99213670    -1.89922887    -1.89922770    -0.73060437    -0.73060434     3.63232214     3.63235588     3.63256892     3.63266160     3.63268899     3.63269127     3.63272496     3.63278569
  1667   -75.15528275   -75.15528275   -42.11318442   -42.11318442   -41.83900495   -41.83900494   -41.80767993   -41.80767993    -7.77075372    -7.77075336    -7.10365660    -7.10365583    -2.97340566    -2.97340565    -1.90099703    -1.90099601    -0.71173294    -0.71173292     3.63236689     3.63239584     3.63258363     3.63266308     3.63268903     3.63269089     3.63271995     3.63277187
  1668   -75.15528302   -75.15528301   -42.11317226   -42.11317226   -41.83900174   -41.83900173   -41.80765081   -41.80765080    -7.77786344    -7.77786315    -7.11007489    -7.11007426    -2.95441147    -2.95441146    -1.90278749    -1.90278666    -0.69256731    -0.69256730     3.63242109     3.63244463     3.63260143     3.63266594     3.63268908     3.63269054     3.63271426     3.63275631
  1669   -75.15528324   -75.15528324   -42.11316033   -42.11316033   -41.83899886   -41.83899886   -41.80762174   -41.80762174    -7.78502643    -7.78502621    -7.11655294    -7.11655245    -2.93515772    -2.93515771    -1.90459976    -1.90459913    -0.67311083    -0.67311082     3.63248355     3.63250120     3.63262193     3.63267023     3.63268915     3.63269020     3.63270806     3.63273946
  1670   -75.15528345   -75.15528344   -42.11314869   -42.11314869   -41.83899638   -41.83899638   -41.80759278   -41.80759278    -7.79223982    -7.79223967    -7.12308837    -7.12308806    -2.91564799    -2.91564799    -1.90643333    -1.90643292    -0.65336702    -0.65336702     3.63255284     3.63256429     3.63264466     3.63267592     3.63268923     3.63268989     3.63270151     3.63272179
  1671   -75.15528365   -75.15528365   -42.11313739   -42.11313739   -41.83899435   -41.83899435   -41.80756399   -41.80756399    -7.79950078    -7.79950071    -7.12967886    -7.12967872    -2.89588583    -2.89588583    -1.90828771    -1.90828752    -0.63333955    -0.63333955     3.63262731     3.63263240     3.63266907     3.63268294     3.63268932     3.63268961     3.63269479     3.63270376
  1672   -75.15528390   -75.15528390   -42.11312648   -42.11312648   -41.83899282   -41.83899282   -41.80753541   -41.80753541    -7.80680653    -7.80680651    -7.13632211    -7.13632207    -2.87587479    -2.87587479    -1.91016244    -1.91016239    -0.61303222    -0.61303222     3.63268585     3.63268807     3.63268935     3.63268942     3.63269113     3.63269456     3.63270389     3.63270515
  1673   -75.15528420   -75.15528420   -42.11311602   -42.11311602   -41.83899184   -41.83899183   -41.80750708   -41.80750708    -7.81415435    -7.81415426    -7.14301591    -7.14301569    -2.85561837    -2.85561837    -1.91205717    -1.91205689    -0.59244895    -0.59244895     3.63266851     3.63268152     3.63268912     3.63268953     3.63270029     3.63272048     3.63277695     3.63278439
  1674   -75.15528460   -75.15528459   -42.11310603   -42.11310603   -41.83899144   -41.83899143   -41.80747904   -41.80747903    -7.82154145    -7.82154128    -7.14975781    -7.14975743    -2.83512010    -2.83512009    -1.91397124    -1.91397073    -0.57159373    -0.57159372     3.63265216     3.63267530     3.63268892     3.63268964     3.63271018     3.63274616     3.63284972     3.63286300
  1675   -75.15528511   -75.15528510   -42.11309655   -42.11309655   -41.83899166   -41.83899165   -41.80745131   -41.80745131    -7.82896513    -7.82896488    -7.15654552    -7.15654498    -2.81438344    -2.81438343    -1.91590415    -1.91590343    -0.55047060    -0.55047058     3.63263720     3.63266957     3.63268875     3.63268974     3.63272048     3.63277093     3.63292026     3.63293893
  1676   -75.15528577   -75.15528576   -42.11308761   -42.11308761   -41.83899252   -41.83899251   -41.80742394   -41.80742393    -7.83642270    -7.83642239    -7.16337677    -7.16337608    -2.79341187    -2.79341186    -1.91785541    -1.91785449    -0.52908365    -0.52908363     3.63262397     3.63266446     3.63268861     3.63268984     3.63273088     3.63279412     3.63298667     3.63301013
  1677   -75.15528660   -75.15528659   -42.11307922   -42.11307921   -41.83899403   -41.83899402   -41.80739692   -41.80739692    -7.84391156    -7.84391118    -7.17024928    -7.17024846    -2.77220884    -2.77220882    -1.91982454    -1.91982346    -0.50743695    -0.50743692     3.63261275     3.63266008     3.63268850     3.63268994     3.63274100     3.63281507     3.63304709     3.63307463
  1678   -75.15528762   -75.15528760   -42.11307138   -42.11307138   -41.83899620   -41.83899619   -41.80737028   -41.80737027    -7.85142910    -7.85142867    -7.17716079    -7.17715987    -2.75077778    -2.75077776    -1.92181106    -1.92180984    -0.48553451    -0.48553447     3.63260379     3.63265655     3.63268842     3.63269002     3.63275047     3.63283320     3.63309976     3.63313059
  1679   -75.15528885   -75.15528883   -42.11306411   -42.11306410   -41.83899903   -41.83899902   -41.80734400   -41.80734400    -7.85897275    -7.85897229    -7.18410906    -7.18410805    -2.72912211    -2.72912208    -1.92381449    -1.92381315    -0.46338028    -0.46338024     3.63259724     3.63265392     3.63268837     3.63269009     3.63275893     3.63284797     3.63314309     3.63317637
  1680   -75.15529030   -75.15529029   -42.11305738   -42.11305737   -41.83900250   -41.83900248   -41.80731810   -41.80731810    -7.86654001    -7.86653952    -7.19109184    -7.19109077    -2.70724523    -2.70724520    -1.92583434    -1.92583292    -0.44097810    -0.44097805     3.63259322     3.63265225     3.63268835     3.63269014     3.63276600     3.63285891     3.63317570     3.63321051
  1681   -75.15529199   -75.15529197   -42.11305119   -42.11305118   -41.83900658   -41.83900657   -41.80729255   -41.80729255    -7.87412838    -7.87412787    -7.19810690    -7.19810580    -2.68515055    -2.68515051    -1.92787012    -1.92786866    -0.41833166    -0.41833161     3.63259175     3.63265155     3.63268835     3.63269017     3.63277135     3.63286566     3.63319645     3.63323188
  1682   -75.15529392   -75.15529390   -42.11304550   -42.11304549   -41.83901126   -41.83901125   -41.80726733   -41.80726733    -7.88173542    -7.88173491    -7.20515202    -7.20515092    -2.66284143    -2.66284139    -1.92992133    -1.92991987    -0.39544449    -0.39544444     3.63259281     3.63265184     3.63268838     3.63269019     3.63277468     3.63286796     3.63320447     3.63323960
  1683   -75.15529609   -75.15529607   -42.11304029   -42.11304028   -41.83901649   -41.83901647   -41.80724241   -41.80724241    -7.88935871    -7.88935821    -7.21222498    -7.21222391    -2.64032126    -2.64032122    -1.93198748    -1.93198605    -0.37231991    -0.37231986     3.63259630     3.63265307     3.63268844     3.63269018     3.63277576     3.63286564     3.63319922     3.63323316
  1684   -75.15529849   -75.15529847   -42.11303550   -42.11303549   -41.83902221   -41.83902220   -41.80721776   -41.80721776    -7.89699588    -7.89699541    -7.21932357    -7.21932255    -2.61759340    -2.61759337    -1.93406805    -1.93406669    -0.34896104    -0.34896099     3.63260207     3.63265521     3.63268851     3.63269015     3.63277438     3.63285868     3.63318048     3.63321240
  1685   -75.15530111   -75.15530110   -42.11303110   -42.11303109   -41.83902839   -41.83902837   -41.80719333   -41.80719333    -7.90464460    -7.90464416    -7.22644559    -7.22644465    -2.59466124    -2.59466121    -1.93616251    -1.93616125    -0.32537075    -0.32537071     3.63260991     3.63265818     3.63268860     3.63269011     3.63277045     3.63284716     3.63314840     3.63317752
  1686   -75.15530394   -75.15530393   -42.11302702   -42.11302701   -41.83903494   -41.83903493   -41.80716907   -41.80716907    -7.91230256    -7.91230217    -7.23358885    -7.23358801    -2.57152812    -2.57152810    -1.93827033    -1.93826921    -0.30155170    -0.30155166     3.63261956     3.63266188     3.63268871     3.63269004     3.63276392     3.63283129     3.63310345     3.63312911
  1687   -75.15530696   -75.15530695   -42.11302320   -42.11302319   -41.83904182   -41.83904181   -41.80714492   -41.80714492    -7.91996750    -7.91996717    -7.24075117    -7.24075046    -2.54819742    -2.54819741    -1.94039096    -1.94039001    -0.27750628    -0.27750625     3.63263074     3.63266620     3.63268883     3.63268995     3.63275483     3.63281140     3.63304649     3.63306809
  1688   -75.15531014   -75.15531013   -42.11301958   -42.11301957   -41.83904895   -41.83904894   -41.80712083   -41.80712083    -7.92763721    -7.92763694    -7.24793038    -7.24792981    -2.52467252    -2.52467251    -1.94252383    -1.94252307    -0.25323664    -0.25323662     3.63264311     3.63267104     3.63268895     3.63268984     3.63274331     3.63278793     3.63297869     3.63299578
  1689   -75.15531344   -75.15531343   -42.11301608   -42.11301608   -41.83905625   -41.83905625   -41.80709672   -41.80709672    -7.93530949    -7.93530930    -7.25512433    -7.25512391    -2.50095680    -2.50095680    -1.94466836    -1.94466781    -0.22874472    -0.22874470     3.63265634     3.63267624     3.63268909     3.63268973     3.63272956     3.63276143     3.63290155     3.63291378
  1690   -75.15531684   -75.15531684   -42.11301264   -42.11301264   -41.83906365   -41.83906365   -41.80707252   -41.80707252    -7.94298220    -7.94298209    -7.26233086    -7.26233062    -2.47705365    -2.47705364    -1.94682395    -1.94682362    -0.20403223    -0.20403222     3.63267006     3.63268168     3.63268922     3.63268960     3.63271389     3.63273253     3.63281683     3.63282401
  1691   -75.15532031   -75.15532031   -42.11300918   -42.11300918   -41.83907108   -41.83907108   -41.80704817   -41.80704817    -7.95065323    -7.95065319    -7.26954787    -7.26954780    -2.45296646    -2.45296646    -1.94898997    -1.94898987    -0.17910068    -0.17910068     3.63268391     3.63268720     3.63268935     3.63268946     3.63269665     3.63270194     3.63272657     3.63272861
  1692   -75.15532380   -75.15532380   -42.11300563   -42.11300563   -41.83907846   -41.83907846   -41.80702360   -41.80702360    -7.95832054    -7.95832049    -7.27677334    -7.27677323    -2.42869865    -2.42869865    -1.95116593    -1.95116579    -0.15395145    -0.15395144     3.63262995     3.63263298     3.63267044     3.63267826     3.63268932     3.63268948     3.63269267     3.63269753
  1693   -75.15532728   -75.15532727   -42.11300191   -42.11300191   -41.83908571   -41.83908571   -41.80699872   -41.80699871    -7.96598210    -7.96598197    -7.28400515    -7.28400487    -2.40425366    -2.40425366    -1.95335113    -1.95335076    -0.12858575    -0.12858574     3.63253051     3.63253843     3.63263883     3.63265921     3.63268918     3.63268960     3.63269795     3.63271058
  1694   -75.15533071   -75.15533070   -42.11299795   -42.11299795   -41.83909278   -41.83909277   -41.80697346   -41.80697346    -7.97363585    -7.97363564    -7.29124117    -7.29124073    -2.37963493    -2.37963492    -1.95554479    -1.95554420    -0.10300472    -0.10300470     3.63243286     3.63244536     3.63260794     3.63264002     3.63268904     3.63268971     3.63270291     3.63272276
  1695   -75.15533405   -75.15533404   -42.11299369   -42.11299369   -41.83909958   -41.83909958   -41.80694777   -41.80694777    -7.98127983    -7.98127955    -7.29847935    -7.29847876    -2.35484591    -2.35484590    -1.95774623    -1.95774543    -0.07720945    -0.07720942     3.63233958     3.63235625     3.63257859     3.63262124     3.63268891     3.63268981     3.63270742     3.63273376
  1696   -75.15533727   -75.15533726   -42.11298907   -42.11298906   -41.83910607   -41.83910607   -41.80692156   -41.80692156    -7.98891213    -7.98891178    -7.30571769    -7.30571696    -2.32989009    -2.32989008    -1.95995473    -1.95995375    -0.05120102    -0.05120098     3.63225322     3.63227353     3.63255159     3.63260342     3.63268879     3.63268990     3.63271139     3.63274334
  1697   -75.15534034   -75.15534032   -42.11298402   -42.11298401   -41.83911219   -41.83911218   -41.80689479   -41.80689479    -7.99653083    -7.99653042    -7.31295419    -7.31295334    -2.30477098    -2.30477095    -1.96216959    -1.96216845    -0.02498055    -0.02498051     3.63217617     3.63219954     3.63252768     3.63258714     3.63268868     3.63268997     3.63271471     3.63275129
  1698   -75.15534323   -75.15534321   -42.11297850   -42.11297849   -41.83911790   -41.83911789   -41.80686740   -41.80686740    -8.00413408    -8.00413363    -7.32018691    -7.32018597    -2.27949208    -2.27949205    -1.96439008    -1.96438880     0.00145073     0.00145078     3.63211066     3.63213643     3.63250754     3.63257290     3.63268859     3.63269002     3.63271733     3.63275745
  1699   -75.15534591   -75.15534589   -42.11297246   -42.11297245   -41.83912315   -41.83912314   -41.80683934   -41.80683934    -8.01172006    -8.01171958    -7.32741394    -7.32741292    -2.25405695    -2.25405692    -1.96661547    -1.96661410     0.02809148     0.02809153     3.63205868     3.63208614     3.63249178     3.63256121     3.63268852     3.63269006     3.63271918     3.63276173
  1700   -75.15534837   -75.15534835   -42.11296588   -42.11296587   -41.83912793   -41.83912791   -41.80681057   -41.80681057    -8.01928699    -8.01928648    -7.33463338    -7.33463231    -2.22846915    -2.22846911    -1.96884503    -1.96884359     0.05494016     0.05494022     3.63202189     3.63205030     3.63248089     3.63255251     3.63268847     3.63269008     3.63272023     3.63276404
  1701   -75.15535059   -75.15535057   -42.11295872   -42.11295871   -41.83913220   -41.83913219   -41.80678106   -41.80678106    -8.02683311    -8.02683260    -7.34184339    -7.34184231    -2.20273227    -2.20273223    -1.97107801    -1.97107654     0.08199502     0.08199509     3.63200162     3.63203024     3.63247523     3.63254716     3.63268845     3.63269008     3.63272048     3.63276439
  1702   -75.15535257   -75.15535255   -42.11295098   -42.11295097   -41.83913597   -41.83913596   -41.80675079   -41.80675079    -8.03435671    -8.03435620    -7.34904217    -7.34904109    -2.17684993    -2.17684989    -1.97331366    -1.97331221     0.10925405     0.10925412     3.63199879     3.63202689     3.63247504     3.63254545     3.63268845     3.63269006     3.63271993     3.63276283
  1703   -75.15535431   -75.15535428   -42.11294264   -42.11294263   -41.83913923   -41.83913922   -41.80671975   -41.80671975    -8.04185611    -8.04185561    -7.35622794    -7.35622690    -2.15082580    -2.15082577    -1.97555124    -1.97554983     0.13671495     0.13671501     3.63201389     3.63204076     3.63248043     3.63254755     3.63268847     3.63269003     3.63271862     3.63275943
  1704   -75.15535580   -75.15535578   -42.11293372   -42.11293371   -41.83914199   -41.83914198   -41.80668794   -41.80668794    -8.04932965    -8.04932918    -7.36339896    -7.36339799    -2.12466360    -2.12466357    -1.97778994    -1.97778862     0.16437509     0.16437515     3.63204695     3.63207194     3.63249135     3.63255357     3.63268852     3.63268998     3.63271658     3.63275434
  1705   -75.15535707   -75.15535705   -42.11292422   -42.11292421   -41.83914427   -41.83914426   -41.80665537   -41.80665537    -8.05677572    -8.05677529    -7.37055355    -7.37055267    -2.09836717    -2.09836715    -1.98002889    -1.98002768     0.19223153     0.19223159     3.63209755     3.63212006     3.63250761     3.63256347     3.63268860     3.63268992     3.63271390     3.63274773
  1706   -75.15535812   -75.15535811   -42.11291417   -42.11291416   -41.83914610   -41.83914609   -41.80662207   -41.80662207    -8.06419274    -8.06419237    -7.37769005    -7.37768927    -2.07194062    -2.07194060    -1.98226697    -1.98226592     0.22028098     0.22028103     3.63216480     3.63218431     3.63252887     3.63257712     3.63268869     3.63268985     3.63271064     3.63273981
  1707   -75.15535899   -75.15535897   -42.11290360   -42.11290359   -41.83914751   -41.83914751   -41.80658805   -41.80658805    -8.07157917    -8.07157886    -7.38480682    -7.38480617    -2.04538894    -2.04538892    -1.98450225    -1.98450137     0.24851980     0.24851983     3.63224735     3.63226342     3.63255465     3.63259428     3.63268880     3.63268977     3.63270691     3.63273082
  1708   -75.15535969   -75.15535967   -42.11289255   -42.11289255   -41.83914855   -41.83914855   -41.80655338   -41.80655337    -8.07893348    -8.07893324    -7.39190227    -7.39190178    -2.01872184    -2.01872183    -1.98672805    -1.98672737     0.27694401     0.27694404     3.63234343     3.63235572     3.63258436     3.63261458     3.63268894     3.63268968     3.63270280     3.63272100
  1709   -75.15536025   -75.15536024   -42.11288108   -42.11288108   -41.83914927   -41.83914927   -41.80651809   -41.80651808    -8.08625419    -8.08625403    -7.39897486    -7.39897452    -1.99216616    -1.99216614    -1.98872067    -1.98872022     0.30554934     0.30554936     3.63245085     3.63245914     3.63261727     3.63263758     3.63268908     3.63268959     3.63269844     3.63271064
  1710   -75.15536071   -75.15536071   -42.11286923   -42.11286923   -41.83914972   -41.83914971   -41.80648224   -41.80648224    -8.09353985    -8.09353976    -7.40602305    -7.40602288    -1.99125879    -1.99125856    -1.96494636    -1.96494636     0.33433120     0.33433121     3.63256711     3.63257127     3.63265258     3.63266273     3.63268924     3.63268950     3.63269393     3.63270002
  1711   -75.15536111   -75.15536111   -42.11285708   -42.11285708   -41.83914995   -41.83914995   -41.80644592   -41.80644592    -8.10078902    -8.10078902    -7.41304535    -7.41304535    -1.99347289    -1.99347289    -1.93793517    -1.93793517     0.36328474     0.36328474     3.63268940     3.63268940     3.63268940     3.63268940     3.63268940     3.63268940     3.63268940     3.63268940
  1712   -75.15536148   -75.15536148   -42.11284467   -42.11284467   -41.83915004   -41.83915004   -41.80640919   -41.80640919    -8.10800041    -8.10800033    -7.42004044    -7.42004027    -1.99569557    -1.99569533    -1.91080344    -1.91080344     0.39240490     0.39240491     3.63267907     3.63268496     3.63268931     3.63268957     3.63271692     3.63272679     3.63281062     3.63281469
  1713   -75.15536186   -75.15536185   -42.11283210   -42.11283209   -41.83915004   -41.83915004   -41.80637213   -41.80637213    -8.11517255    -8.11517239    -7.42700672    -7.42700638    -1.99791692    -1.99791646    -1.88356414    -1.88356413     0.42168646     0.42168648     3.63266927     3.63268073     3.63268923     3.63268973     3.63274454     3.63276376     3.63293184     3.63293978
  1714   -75.15536229   -75.15536227   -42.11281941   -42.11281941   -41.83915002   -41.83915001   -41.80633483   -41.80633483    -8.12230412    -8.12230388    -7.43394274    -7.43394224    -2.00013475    -2.00013407    -1.85622278    -1.85622277     0.45112407     0.45112410     3.63266024     3.63267680     3.63268915     3.63268989     3.63277153     3.63279936     3.63304989     3.63306143
  1715   -75.15536279   -75.15536278   -42.11280669   -42.11280669   -41.83915004   -41.83915003   -41.80629738   -41.80629737    -8.12939379    -8.12939348    -7.44084710    -7.44084646    -2.00234801    -2.00234714    -1.82878378    -1.82878377     0.48071233     0.48071237     3.63265220     3.63267327     3.63268908     3.63269004     3.63279712     3.63283261     3.63316162     3.63317639
  1716   -75.15536341   -75.15536339   -42.11279401   -42.11279400   -41.83915015   -41.83915015   -41.80625986   -41.80625986    -8.13644029    -8.13643991    -7.44771840    -7.44771763    -2.00455600    -2.00455494    -1.80125129    -1.80125127     0.51044583     0.51044588     3.63264532     3.63267023     3.63268902     3.63269017     3.63282058     3.63286261     3.63326395     3.63328149
  1717   -75.15536417   -75.15536415   -42.11278143   -42.11278143   -41.83915043   -41.83915042   -41.80622238   -41.80622238    -8.14344235    -8.14344192    -7.45455527    -7.45455439    -2.00675812    -2.00675692    -1.77362937    -1.77362934     0.54031924     0.54031930     3.63263974     3.63266773     3.63268897     3.63269028     3.63284120     3.63288853     3.63335395     3.63337377
  1718   -75.15536510   -75.15536507   -42.11276903   -42.11276902   -41.83915091   -41.83915089   -41.80618501   -41.80618501    -8.15039875    -8.15039828    -7.46135634    -7.46135538    -2.00895385    -2.00895253    -1.74592208    -1.74592205     0.57032735     0.57032741     3.63263558     3.63266584     3.63268894     3.63269037     3.63285835     3.63290963     3.63342896     3.63345050
  1719   -75.15536621   -75.15536618   -42.11275685   -42.11275685   -41.83915164   -41.83915162   -41.80614785   -41.80614785    -8.15730829    -8.15730778    -7.46812027    -7.46811925    -2.01114272    -2.01114131    -1.71813350    -1.71813346     0.60046513     0.60046520     3.63263289     3.63266459     3.63268891     3.63269044     3.63287148     3.63292529     3.63348663     3.63350930
  1720   -75.15536752   -75.15536749   -42.11274497   -42.11274496   -41.83915266   -41.83915265   -41.80611098   -41.80611098    -8.16416978    -8.16416926    -7.47484572    -7.47484466    -2.01332424    -2.01332279    -1.69026775    -1.69026772     0.63072781     0.63072789     3.63263172     3.63266400     3.63268890     3.63269048     3.63288012     3.63293502     3.63352499     3.63354820
  1721   -75.15536905   -75.15536902   -42.11273342   -42.11273341   -41.83915401   -41.83915400   -41.80607446   -41.80607446    -8.17098208    -8.17098155    -7.48153136    -7.48153029    -2.01549798    -2.01549652    -1.66232902    -1.66232898     0.66111091     0.66111098     3.63263205     3.63266407     3.63268891     3.63269049     3.63288393     3.63293850     3.63354255     3.63356568
  1722   -75.15537080   -75.15537077   -42.11272224   -42.11272223   -41.83915571   -41.83915569   -41.80603838   -41.80603838    -8.17774405    -8.17774353    -7.48817587    -7.48817483    -2.01766349    -2.01766205    -1.63432152    -1.63432148     0.69161027     0.69161035     3.63263383     3.63266478     3.63268892     3.63269048     3.63288268     3.63293554     3.63353827     3.63356076
  1723   -75.15537276   -75.15537273   -42.11271148   -42.11271147   -41.83915776   -41.83915775   -41.80600279   -41.80600279    -8.18445460    -8.18445410    -7.49477797    -7.49477697    -2.01982034    -2.01981896    -1.60624956    -1.60624952     0.72222215     0.72222222     3.63263698     3.63266610     3.63268894     3.63269043     3.63287631     3.63292614     3.63351172     3.63353298
  1724   -75.15537492   -75.15537489   -42.11270114   -42.11270113   -41.83916019   -41.83916018   -41.80596774   -41.80596774    -8.19111264    -8.19111217    -7.50133634    -7.50133541    -2.02196809    -2.02196681    -1.57811749    -1.57811746     0.75294316     0.75294322     3.63264139     3.63266800     3.63268898     3.63269036     3.63286486     3.63291048     3.63346297     3.63348250
  1725   -75.15537728   -75.15537726   -42.11269125   -42.11269125   -41.83916299   -41.83916297   -41.80593328   -41.80593328    -8.19771711    -8.19771670    -7.50784971    -7.50784888    -2.02410632    -2.02410517    -1.54992977    -1.54992975     0.78377036     0.78377042     3.63264689     3.63267039     3.63268903     3.63269027     3.63284853     3.63288890     3.63339272     3.63341005
  1726   -75.15537982   -75.15537980   -42.11268182   -42.11268181   -41.83916613   -41.83916612   -41.80589943   -41.80589943    -8.20426700    -8.20426664    -7.51431682    -7.51431611    -2.02623459    -2.02623360    -1.52169091    -1.52169089     0.81470124     0.81470129     3.63265334     3.63267323     3.63268908     3.63269015     3.63282765     3.63286189     3.63330222     3.63331696
  1727   -75.15538251   -75.15538249   -42.11267282   -42.11267282   -41.83916962   -41.83916961   -41.80586622   -41.80586622    -8.21076128    -8.21076099    -7.52073640    -7.52073582    -2.02835248    -2.02835168    -1.49340553    -1.49340552     0.84573368     0.84573372     3.63266053     3.63267642     3.63268915     3.63269001     3.63280271     3.63283011     3.63319328     3.63320512
  1728   -75.15538533   -75.15538531   -42.11266426   -42.11266426   -41.83917341   -41.83917340   -41.80583365   -41.80583365    -8.21719897    -8.21719875    -7.52710722    -7.52710679    -2.03045954    -2.03045895    -1.46507833    -1.46507833     0.87686598     0.87686601     3.63266827     3.63267987     3.63268921     3.63268985     3.63277430     3.63279434     3.63306826     3.63307695
  1729   -75.15538824   -75.15538823   -42.11265611   -42.11265611   -41.83917747   -41.83917746   -41.80580172   -41.80580172    -8.22357910    -8.22357897    -7.53342805    -7.53342778    -2.03255536    -2.03255498    -1.43671412    -1.43671412     0.90809679     0.90809680     3.63267634     3.63268349     3.63268928     3.63268969     3.63274310     3.63275549     3.63292999     3.63293537
  1730   -75.15539122   -75.15539122   -42.11264833   -42.11264833   -41.83918176   -41.83918175   -41.80577042   -41.80577042    -8.22990073    -8.22990068    -7.53969768    -7.53969758    -2.03463947    -2.03463933    -1.40831781    -1.40831781     0.93942508     0.93942508     3.63268452     3.63268719     3.63268936     3.63268951     3.63270991     3.63271454     3.63278170     3.63278371
  1731   -75.15539423   -75.15539423   -42.11264089   -42.11264089   -41.83918623   -41.83918623   -41.80573973   -41.80573973    -8.23616298    -8.23616294    -7.54591499    -7.54591492    -2.03671153    -2.03671144    -1.37989442    -1.37989442     0.97085008     0.97085009     3.63262566     3.63262699     3.63267256     3.63267560     3.63268933     3.63268943     3.63269087     3.63269262
  1732   -75.15539724   -75.15539724   -42.11263375   -42.11263375   -41.83919083   -41.83919082   -41.80570960   -41.80570960    -8.24236495    -8.24236483    -7.55207885    -7.55207862    -2.03877114    -2.03877081    -1.35144909    -1.35144909     1.00237125     1.00237127     3.63246516     3.63246973     3.63263064     3.63264106     3.63268915     3.63268951     3.63269443     3.63270041
  1733   -75.15540022   -75.15540020   -42.11262684   -42.11262684   -41.83919550   -41.83919549   -41.80568001   -41.80568001    -8.24850571    -8.24850551    -7.55818800    -7.55818761    -2.04081768    -2.04081713    -1.32298709    -1.32298709     1.03398815     1.03398818     3.63230632     3.63231394     3.63258989     3.63260721     3.63268898     3.63268957     3.63269778     3.63270772
  1734   -75.15540312   -75.15540310   -42.11262012   -42.11262012   -41.83920018   -41.83920017   -41.80565090   -41.80565090    -8.25458441    -8.25458413    -7.56424132    -7.56424078    -2.04285068    -2.04284993    -1.29451381    -1.29451380     1.06570039     1.06570043     3.63215332     3.63216372     3.63255139     3.63257498     3.63268882     3.63268964     3.63270086     3.63271436
  1735   -75.15540593   -75.15540590   -42.11261353   -42.11261352   -41.83920482   -41.83920481   -41.80562221   -41.80562221    -8.26060019    -8.26059984    -7.57023771    -7.57023703    -2.04486969    -2.04486874    -1.26603479    -1.26603478     1.09750755     1.09750760     3.63201028     3.63202314     3.63251617     3.63254526     3.63268867     3.63268970     3.63270357     3.63272019
  1736   -75.15540860   -75.15540857   -42.11260700   -42.11260699   -41.83920935   -41.83920934   -41.80559389   -41.80559388    -8.26655223    -8.26655182    -7.57617609    -7.57617529    -2.04687420    -2.04687308    -1.23755571    -1.23755569     1.12940905     1.12940911     3.63188119     3.63189613     3.63248520     3.63251888     3.63268854     3.63268975     3.63270587     3.63272508
  1737   -75.15541112   -75.15541109   -42.11260047   -42.11260046   -41.83921372   -41.83921371   -41.80556586   -41.80556586    -8.27243974    -8.27243928    -7.58205541    -7.58205451    -2.04886374    -2.04886249    -1.20908239    -1.20908237     1.16140410     1.16140417     3.63176978     3.63178638     3.63245930     3.63249660     3.63268843     3.63268979     3.63270770     3.63272893
  1738   -75.15541346   -75.15541343   -42.11259389   -42.11259388   -41.83921787   -41.83921785   -41.80553806   -41.80553806    -8.27826193    -8.27826143    -7.58787466    -7.58787369    -2.05083782    -2.05083646    -1.18062084    -1.18062081     1.19349159     1.19349166     3.63167942     3.63169720     3.63243921     3.63247907     3.63268835     3.63268982     3.63270902     3.63273166
  1739   -75.15541562   -75.15541558   -42.11258720   -42.11258719   -41.83922175   -41.83922173   -41.80551043   -41.80551043    -8.28401802    -8.28401750    -7.59363285    -7.59363182    -2.05279594    -2.05279451    -1.15217719    -1.15217716     1.22566999     1.22567007     3.63161301     3.63163151     3.63242548     3.63246681     3.63268829     3.63268984     3.63270981     3.63273325
  1740   -75.15541757   -75.15541753   -42.11258034   -42.11258033   -41.83922531   -41.83922530   -41.80548290   -41.80548290    -8.28970729    -8.28970675    -7.59932901    -7.59932796    -2.05473762    -2.05473616    -1.12375779    -1.12375775     1.25793728     1.25793736     3.63157294     3.63159166     3.63241852     3.63246023     3.63268827     3.63268985     3.63271007     3.63273368
  1741   -75.15541931   -75.15541927   -42.11257326   -42.11257325   -41.83922852   -41.83922851   -41.80545540   -41.80545540    -8.29532900    -8.29532846    -7.60496222    -7.60496117    -2.05666234    -2.05666089    -1.09536911    -1.09536908     1.29029087     1.29029095     3.63156095     3.63157940     3.63241855     3.63245956     3.63268827     3.63268984     3.63270979     3.63273296
  1742   -75.15542084   -75.15542081   -42.11256592   -42.11256591   -41.83923134   -41.83923133   -41.80542788   -41.80542788    -8.30088243    -8.30088191    -7.61053157    -7.61053055    -2.05856963    -2.05856821    -1.06701786    -1.06701783     1.32272754     1.32272761     3.63157810     3.63159583     3.63242560     3.63246489     3.63268830     3.63268983     3.63270900     3.63273116
  1743   -75.15542217   -75.15542213   -42.11255829   -42.11255828   -41.83923375   -41.83923374   -41.80540029   -41.80540028    -8.30636691    -8.30636642    -7.61603618    -7.61603522    -2.06045896    -2.06045762    -1.03871090    -1.03871087     1.35524335     1.35524342     3.63162474     3.63164131     3.63243952     3.63247613     3.63268835     3.63268980     3.63270772     3.63272834
  1744   -75.15542330   -75.15542327   -42.11255033   -42.11255032   -41.83923574   -41.83923572   -41.80537257   -41.80537257    -8.31178176    -8.31178131    -7.62147522    -7.62147434    -2.06232986    -2.06232864    -1.01045528    -1.01045526     1.38783365     1.38783372     3.63170046     3.63171548     3.63245998     3.63249305     3.63268844     3.63268977     3.63270601     3.63272461
  1745   -75.15542425   -75.15542422   -42.11254203   -42.11254202   -41.83923728   -41.83923727   -41.80534469   -41.80534469    -8.31712632    -8.31712592    -7.62684785    -7.62684708    -2.06418183    -2.06418075    -0.98225826    -0.98225825     1.42049302     1.42049308     3.63180408     3.63181719     3.63248645     3.63251525     3.63268855     3.63268972     3.63270391     3.63272007
  1746   -75.15542503   -75.15542501   -42.11253337   -42.11253337   -41.83923839   -41.83923838   -41.80531663   -41.80531663    -8.32239996    -8.32239962    -7.63215329    -7.63215263    -2.06601438    -2.06601347    -0.95412731    -0.95412730     1.45321526     1.45321530     3.63193365     3.63194456     3.63251825     3.63254216     3.63268868     3.63268967     3.63270149     3.63271488
  1747   -75.15542567   -75.15542565   -42.11252437   -42.11252436   -41.83923908   -41.83923907   -41.80528837   -41.80528837    -8.32760204    -8.32760177    -7.63739075    -7.63739023    -2.06782703    -2.06782631    -0.92607007    -0.92607006     1.48599339     1.48599342     3.63208651     3.63209500     3.63255457     3.63257312     3.63268884     3.63268961     3.63269881     3.63270918
  1748   -75.15542619   -75.15542617   -42.11251501   -42.11251501   -41.83923936   -41.83923936   -41.80525989   -41.80525989    -8.33273197    -8.33273178    -7.64255948    -7.64255911    -2.06961930    -2.06961879    -0.89809442    -0.89809441     1.51881970     1.51881972     3.63225932     3.63226522     3.63259444     3.63260731     3.63268900     3.63268955     3.63269595     3.63270314
  1749   -75.15542661   -75.15542660   -42.11250533   -42.11250533   -41.83923927   -41.83923926   -41.80523120   -41.80523120    -8.33778915    -8.33778905    -7.64765874    -7.64765854    -2.07139073    -2.07139045    -0.87020842    -0.87020842     1.55168576     1.55168578     3.63244810     3.63245133     3.63263682     3.63264384     3.63268918     3.63268948     3.63269299     3.63269690
  1750   -75.15542696   -75.15542696   -42.11249535   -42.11249535   -41.83923883   -41.83923883   -41.80520232   -41.80520232    -8.34277301    -8.34277300    -7.65268784    -7.65268780    -2.07314086    -2.07314081    -0.84242038    -0.84242038     1.58458249     1.58458250     3.63264839     3.63264893     3.63268059     3.63268175     3.63268937     3.63268942     3.63269000     3.63269064
  1751   -75.15542729   -75.15542728   -42.11248511   -42.11248511   -41.83923809   -41.83923809   -41.80517327   -41.80517327    -8.34768306    -8.34768299    -7.65764618    -7.65764605    -2.07486943    -2.07486925    -0.81473880    -0.81473880     1.61750021     1.61750022     3.63268452     3.63268706     3.63268935     3.63268955     3.63272001     3.63272457     3.63285316     3.63285527
  1752   -75.15542760   -75.15542759   -42.11247465   -42.11247465   -41.83923710   -41.83923710   -41.80514409   -41.80514409    -8.35251870    -8.35251855    -7.66253299    -7.66253269    -2.07657588    -2.07657546    -0.78717240    -0.78717239     1.65042875     1.65042877     3.63267869     3.63268424     3.63268929     3.63268974     3.63275760     3.63276760     3.63305887     3.63306350
  1753   -75.15542793   -75.15542791   -42.11246402   -42.11246402   -41.83923592   -41.83923591   -41.80511483   -41.80511483    -8.35727938    -8.35727914    -7.66734755    -7.66734710    -2.07825971    -2.07825908    -0.75973013    -0.75973012     1.68335753     1.68335756     3.63267329     3.63268161     3.63268923     3.63268991     3.63279351     3.63280853     3.63326071     3.63326770
  1754   -75.15542830   -75.15542828   -42.11245328   -42.11245328   -41.83923460   -41.83923459   -41.80508553   -41.80508553    -8.36196458    -8.36196426    -7.67208920    -7.67208861    -2.07992053    -2.07991969    -0.73242117    -0.73242116     1.71627567     1.71627571     3.63266845     3.63267924     3.63268917     3.63269007     3.63282674     3.63284627     3.63345330     3.63346240
  1755   -75.15542874   -75.15542871   -42.11244250   -42.11244249   -41.83923320   -41.83923319   -41.80505627   -41.80505627    -8.36657378    -8.36657340    -7.67675728    -7.67675656    -2.08155794    -2.08155692    -0.70525494    -0.70525492     1.74917209     1.74917214     3.63266427     3.63267718     3.63268912     3.63269022     3.63285641     3.63287980     3.63363131     3.63364224
  1756   -75.15542926   -75.15542923   -42.11243173   -42.11243172   -41.83923178   -41.83923177   -41.80502711   -41.80502711    -8.37110651    -8.37110607    -7.68135115    -7.68135031    -2.08317155    -2.08317037    -0.67824106    -0.67824104     1.78203561     1.78203568     3.63266084     3.63267547     3.63268908     3.63269034     3.63288169     3.63290825     3.63378966     3.63380210
  1757   -75.15542989   -75.15542985   -42.11242105   -42.11242104   -41.83923042   -41.83923041   -41.80499813   -41.80499813    -8.37556228    -8.37556180    -7.68587016    -7.68586923    -2.08476100    -2.08475970    -0.65138943    -0.65138941     1.81485513     1.81485520     3.63265823     3.63267415     3.63268905     3.63269044     3.63290191     3.63293085     3.63392364     3.63393722
  1758   -75.15543064   -75.15543059   -42.11241052   -42.11241051   -41.83922917   -41.83922915   -41.80496941   -41.80496941    -8.37994063    -8.37994011    -7.69031368    -7.69031269    -2.08632593    -2.08632454    -0.62471016    -0.62471013     1.84761963     1.84761971     3.63265648     3.63267325     3.63268903     3.63269052     3.63291651     3.63294703     3.63402902     3.63404338
  1759   -75.15543151   -75.15543146   -42.11240022   -42.11240021   -41.83922809   -41.83922808   -41.80494103   -41.80494103    -8.38424110    -8.38424056    -7.69468110    -7.69468008    -2.08786601    -2.08786456    -0.59821362    -0.59821360     1.88031840     1.88031847     3.63265561     3.63267277     3.63268902     3.63269056     3.63292511     3.63295639     3.63410223     3.63411698
  1760   -75.15543251   -75.15543246   -42.11239022   -42.11239021   -41.83922724   -41.83922723   -41.80491308   -41.80491308    -8.38846325    -8.38846270    -7.69897181    -7.69897077    -2.08938091    -2.08937945    -0.57191044    -0.57191041     1.91294101     1.91294109     3.63265562     3.63267273     3.63268902     3.63269058     3.63292748     3.63295870     3.63414042     3.63415518
  1761   -75.15543365   -75.15543360   -42.11238057   -42.11238056   -41.83922667   -41.83922666   -41.80488564   -41.80488564    -8.39260666    -8.39260611    -7.70318520    -7.70318417    -2.09087033    -2.09086888    -0.54581149    -0.54581147     1.94547751     1.94547758     3.63265649     3.63267311     3.63268902     3.63269056     3.63292360     3.63295395     3.63414160     3.63415598
  1762   -75.15543492   -75.15543487   -42.11237135   -42.11237134   -41.83922644   -41.83922642   -41.80485879   -41.80485879    -8.39667090    -8.39667037    -7.70732068    -7.70731969    -2.09233396    -2.09233257    -0.51992791    -0.51992788     1.97791838     1.97791846     3.63265818     3.63267389     3.63268904     3.63269052     3.63291360     3.63294235     3.63410469     3.63411833
  1763   -75.15543632   -75.15543627   -42.11236259   -42.11236258   -41.83922657   -41.83922656   -41.80483261   -41.80483260    -8.40065557    -8.40065508    -7.71137766    -7.71137674    -2.09377151    -2.09377022    -0.49427109    -0.49427107     2.01025469     2.01025475     3.63266061     3.63267505     3.63268906     3.63269044     3.63289781     3.63292426     3.63402960     3.63404217
  1764   -75.15543783   -75.15543779   -42.11235435   -42.11235434   -41.83922711   -41.83922709   -41.80480716   -41.80480716    -8.40456029    -8.40455984    -7.71535558    -7.71535475    -2.09518272    -2.09518155    -0.46885269    -0.46885268     2.04247800     2.04247806     3.63266371     3.63267655     3.63268910     3.63269034     3.63287670     3.63290025     3.63391724     3.63392845
  1765   -75.15543945   -75.15543941   -42.11234668   -42.11234667   -41.83922807   -41.83922806   -41.80478253   -41.80478253    -8.40838466    -8.40838427    -7.71925388    -7.71925315    -2.09656731    -2.09656630    -0.44368466    -0.44368465     2.07458048     2.07458053     3.63266738     3.63267834     3.63268914     3.63269022     3.63285093     3.63287106     3.63376955     3.63377916
  1766   -75.15544115   -75.15544113   -42.11233959   -42.11233958   -41.83922947   -41.83922946   -41.80475875   -41.80475875    -8.41212831    -8.41212800    -7.72307200    -7.72307141    -2.09792503    -2.09792419    -0.41877920    -0.41877919     2.10655478     2.10655482     3.63267152     3.63268039     3.63268919     3.63269007     3.63282126     3.63283756     3.63358950     3.63359730
  1767   -75.15544293   -75.15544291   -42.11233312   -42.11233311   -41.83923132   -41.83923132   -41.80473589   -41.80473589    -8.41579090    -8.41579066    -7.72680942    -7.72680897    -2.09925561    -2.09925497    -0.39414878    -0.39414877     2.13839404     2.13839407     3.63267601     3.63268262     3.63268924     3.63268991     3.63278857     3.63280075     3.63338098     3.63338681
  1768   -75.15544477   -75.15544475   -42.11232727   -42.11232727   -41.83923362   -41.83923362   -41.80471398   -41.80471398    -8.41937206    -8.41937190    -7.73046562    -7.73046532    -2.10055881    -2.10055840    -0.36980616    -0.36980616     2.17009177     2.17009179     3.63268073     3.63268499     3.63268930     3.63268973     3.63275384     3.63276170     3.63314879     3.63315256
  1769   -75.15544663   -75.15544663   -42.11232205   -42.11232205   -41.83923636   -41.83923636   -41.80469305   -41.80469304    -8.42287145    -8.42287138    -7.73404009    -7.73403996    -2.10183439    -2.10183421    -0.34576437    -0.34576437     2.20164176     2.20164177     3.63268555     3.63268744     3.63268936     3.63268955     3.63271807     3.63272155     3.63289850     3.63290017
  1770   -75.15544851   -75.15544851   -42.11231745   -42.11231745   -41.83923951   -41.83923951   -41.80467311   -41.80467311    -8.42628877    -8.42628876    -7.73753239    -7.73753236    -2.10308216    -2.10308211    -0.32203671    -0.32203671     2.23303791     2.23303792     3.63263593     3.63263634     3.63268144     3.63268230     3.63268937     3.63268942     3.63268989     3.63269036
  1771   -75.15545039   -75.15545038   -42.11231346   -42.11231345   -41.83924304   -41.83924304   -41.80465418   -41.80465418    -8.42962375    -8.42962364    -7.74094214    -7.74094195    -2.10430201    -2.10430173    -0.29863675    -0.29863675     2.26427410     2.26427411     3.63236664     3.63236907     3.63264250     3.63264754     3.63268918     3.63268947     3.63269231     3.63269503
  1772   -75.15545225   -75.15545223   -42.11231004   -42.11231004   -41.83924693   -41.83924692   -41.80463625   -41.80463625    -8.43287600    -8.43287581    -7.74426876    -7.74426841    -2.10549352    -2.10549301    -0.27557833    -0.27557832     2.29534395     2.29534397     3.63209943     3.63210376     3.63260580     3.63261477     3.63268901     3.63268953     3.63269462     3.63269946
  1773   -75.15545406   -75.15545403   -42.11230717   -42.11230717   -41.83925112   -41.83925111   -41.80461931   -41.80461931    -8.43604522    -8.43604494    -7.74751181    -7.74751130    -2.10665645    -2.10665573    -0.25287553    -0.25287552     2.32624062     2.32624065     3.63184160     3.63184767     3.63257233     3.63258487     3.63268884     3.63268958     3.63269677     3.63270354
  1774   -75.15545580   -75.15545577   -42.11230480   -42.11230480   -41.83925556   -41.83925555   -41.80460334   -41.80460333    -8.43913110    -8.43913076    -7.75067087    -7.75067022    -2.10779055    -2.10778964    -0.23054271    -0.23054270     2.35695660     2.35695663     3.63160038     3.63160797     3.63254295     3.63255864     3.63268869     3.63268963     3.63269873     3.63270718
  1775   -75.15545747   -75.15545744   -42.11230289   -42.11230288   -41.83926021   -41.83926020   -41.80458829   -41.80458829    -8.44213338    -8.44213297    -7.75374554    -7.75374477    -2.10889561    -2.10889452    -0.20859446    -0.20859445     2.38748337     2.38748341     3.63138275     3.63139164     3.63251839     3.63253673     3.63268856     3.63268967     3.63270043     3.63271030
  1776   -75.15545905   -75.15545901   -42.11230138   -42.11230137   -41.83926499   -41.83926498   -41.80457413   -41.80457413    -8.44505176    -8.44505129    -7.75673543    -7.75673456    -2.10997138    -2.10997015    -0.18704559    -0.18704558     2.41781120     2.41781125     3.63119523     3.63120515     3.63249921     3.63251965     3.63268845     3.63268970     3.63270186     3.63271284
  1777   -75.15546053   -75.15546049   -42.11230021   -42.11230020   -41.83926985   -41.83926984   -41.80456082   -41.80456082    -8.44788598    -8.44788547    -7.75964018    -7.75963923    -2.11101762    -2.11101628    -0.16591114    -0.16591112     2.44792885     2.44792891     3.63104367     3.63105434     3.63248579     3.63250773     3.63268836     3.63268973     3.63270297     3.63271475
  1778   -75.15546191   -75.15546186   -42.11229932   -42.11229931   -41.83927473   -41.83927472   -41.80454829   -41.80454829    -8.45063578    -8.45063524    -7.76245944    -7.76245843    -2.11203412    -2.11203271    -0.14520633    -0.14520631     2.47782326     2.47782331     3.63093304     3.63094417     3.63247831     3.63250116     3.63268831     3.63268975     3.63270375     3.63271599
  1779   -75.15546318   -75.15546313   -42.11229865   -42.11229864   -41.83927956   -41.83927954   -41.80453649   -41.80453649    -8.45330090    -8.45330035    -7.76519287    -7.76519184    -2.11302065    -2.11301919    -0.12494657    -0.12494655     2.50747927     2.50747932     3.63086729     3.63087857     3.63247679     3.63249992     3.63268828     3.63268975     3.63270418     3.63271655
  1780   -75.15546433   -75.15546428   -42.11229813   -42.11229811   -41.83928427   -41.83928426   -41.80452536   -41.80452536    -8.45588111    -8.45588055    -7.76784016    -7.76783912    -2.11397698    -2.11397551    -0.10514742    -0.10514740     2.53687935     2.53687940     3.63084912     3.63086028     3.63248103     3.63250384     3.63268828     3.63268975     3.63270425     3.63271642
  1781   -75.15546537   -75.15546532   -42.11229769   -42.11229768   -41.83928882   -41.83928880   -41.80451483   -41.80451482    -8.45837615    -8.45837561    -7.77040100    -7.77039999    -2.11490289    -2.11490146    -0.08582456    -0.08582454     2.56600331     2.56600336     3.63087993     3.63089068     3.63249067     3.63251260     3.63268831     3.63268974     3.63270396     3.63271563
  1782   -75.15546631   -75.15546626   -42.11229729   -42.11229728   -41.83929313   -41.83929312   -41.80450484   -41.80450483    -8.46078581    -8.46078529    -7.77287510    -7.77287414    -2.11579818    -2.11579682    -0.06699377    -0.06699376     2.59482806     2.59482811     3.63095963     3.63096971     3.63250521     3.63252571     3.63268836     3.63268972     3.63270331     3.63271420
  1783   -75.15546714   -75.15546710   -42.11229686   -42.11229685   -41.83929717   -41.83929715   -41.80449532   -41.80449532    -8.46310986    -8.46310938    -7.77526218    -7.77526130    -2.11666262    -2.11666137    -0.04867092    -0.04867090     2.62332736     2.62332740     3.63108667     3.63109584     3.63252398     3.63254258     3.63268845     3.63268969     3.63270233     3.63271217
  1784   -75.15546788   -75.15546784   -42.11229634   -42.11229633   -41.83930087   -41.83930086   -41.80448622   -41.80448622    -8.46534808    -8.46534766    -7.77756198    -7.77756119    -2.11749604    -2.11749492    -0.03087187    -0.03087186     2.65147162     2.65147166     3.63125793     3.63126599     3.63254624     3.63256251     3.63268855     3.63268966     3.63270101     3.63270960
  1785   -75.15546853   -75.15546849   -42.11229570   -42.11229569   -41.83930421   -41.83930420   -41.80447748   -41.80447748    -8.46750028    -8.46749991    -7.77977422    -7.77977355    -2.11829821    -2.11829727    -0.01361250    -0.01361250     2.67922769     2.67922772     3.63146883     3.63147560     3.63257112     3.63258474     3.63268868     3.63268962     3.63269940     3.63270656
  1786   -75.15546910   -75.15546907   -42.11229489   -42.11229488   -41.83930715   -41.83930714   -41.80446905   -41.80446905    -8.46956624    -8.46956595    -7.78189865    -7.78189812    -2.11906897    -2.11906821     0.00309135     0.00309136     2.70655877     2.70655879     3.63171334     3.63171868     3.63259776     3.63260846     3.63268883     3.63268957     3.63269750     3.63270310
  1787   -75.15546960   -75.15546958   -42.11229388   -42.11229387   -41.83930967   -41.83930966   -41.80446089   -41.80446089    -8.47154578    -8.47154557    -7.78393504    -7.78393465    -2.11980813    -2.11980758     0.01922397     0.01922397     2.73342421     2.73342423     3.63198415     3.63198797     3.63262524     3.63263284     3.63268899     3.63268953     3.63269536     3.63269932
  1788   -75.15547005   -75.15547004   -42.11229264   -42.11229264   -41.83931174   -41.83931174   -41.80445295   -41.80445295    -8.47343871    -8.47343859    -7.78588313    -7.78588290    -2.12051552    -2.12051519     0.03476973     0.03476973     2.75977955     2.75977956     3.63227287     3.63227511     3.63265267     3.63265709     3.63268916     3.63268948     3.63269300     3.63269529
  1789   -75.15547045   -75.15547045   -42.11229117   -42.11229117   -41.83931337   -41.83931337   -41.80444521   -41.80444521    -8.47524486    -8.47524482    -7.78774268    -7.78774262    -2.12119097    -2.12119088     0.04971324     0.04971324     2.78557639     2.78557640     3.63257023     3.63257087     3.63267921     3.63268046     3.63268933     3.63268942     3.63269046     3.63269110
  1790   -75.15547082   -75.15547082   -42.11228945   -42.11228944   -41.83931456   -41.83931456   -41.80443765   -41.80443765    -8.47696410    -8.47696405    -7.78951357    -7.78951348    -2.12183448    -2.12183434     0.06403930     0.06403930     2.81076247     2.81076247     3.63268684     3.63268778     3.63268937     3.63268951     3.63270226     3.63270409     3.63286546     3.63286640
  1791   -75.15547117   -75.15547115   -42.11228748   -42.11228748   -41.83931531   -41.83931531   -41.80443025   -41.80443025    -8.47859625    -8.47859611    -7.79119553    -7.79119527    -2.12244586    -2.12244548     0.07773302     0.07773302     2.83528171     2.83528171     3.63268260     3.63268499     3.63268932     3.63268968     3.63272190     3.63272664     3.63314887     3.63315133
  1792   -75.15547149   -75.15547147   -42.11228528   -42.11228528   -41.83931564   -41.83931564   -41.80442301   -41.80442301    -8.48014112    -8.48014089    -7.79278825    -7.79278783    -2.12302486    -2.12302426     0.09077983     0.09077983     2.85907433     2.85907434     3.63267845     3.63268213     3.63268927     3.63268984     3.63273891     3.63274631     3.63341125     3.63341512
  1793   -75.15547180   -75.15547178   -42.11228287   -42.11228286   -41.83931559   -41.83931558   -41.80441594   -41.80441593    -8.48159854    -8.48159824    -7.79429151    -7.79429094    -2.12357136    -2.12357056     0.10316557     0.10316557     2.88207704     2.88207705     3.63267448     3.63267925     3.63268923     3.63268999     3.63275293     3.63276266     3.63364329     3.63364846
  1794   -75.15547211   -75.15547207   -42.11228027   -42.11228026   -41.83931517   -41.83931516   -41.80440903   -41.80440903    -8.48296839    -8.48296801    -7.79570507    -7.79570437    -2.12408524    -2.12408425     0.11487651     0.11487651     2.90422323     2.90422324     3.63267076     3.63267639     3.63268919     3.63269012     3.63276375     3.63277541     3.63383672     3.63384302
  1795   -75.15547241   -75.15547237   -42.11227751   -42.11227750   -41.83931444   -41.83931443   -41.80440232   -41.80440232    -8.48425051    -8.48425007    -7.79702871    -7.79702790    -2.12456639    -2.12456524     0.12589941     0.12589942     2.92544332     2.92544334     3.63266737     3.63267359     3.63268915     3.63269023     3.63277126     3.63278444     3.63398469     3.63399194
  1796   -75.15547271   -75.15547266   -42.11227463   -42.11227462   -41.83931343   -41.83931342   -41.80439583   -41.80439583    -8.48544479    -8.48544430    -7.79826221    -7.79826131    -2.12501472    -2.12501344     0.13622161     0.13622162     2.94566511     2.94566513     3.63266436     3.63267090     3.63268912     3.63269031     3.63277551     3.63278973     3.63408219     3.63409019
  1797   -75.15547300   -75.15547295   -42.11227169   -42.11227168   -41.83931220   -41.83931219   -41.80438959   -41.80438958    -8.48655109    -8.48655056    -7.79940535    -7.79940438    -2.12543013    -2.12542875     0.14583102     0.14583103     2.96481426     2.96481428     3.63266180     3.63266837     3.63268909     3.63269037     3.63277665     3.63279143     3.63412643     3.63413497
  1798   -75.15547329   -75.15547324   -42.11226872   -42.11226871   -41.83931080   -41.83931078   -41.80438363   -41.80438363    -8.48756931    -8.48756875    -7.80045792    -7.80045690    -2.12581255    -2.12581111     0.15471623     0.15471624     2.98281488     2.98281489     3.63265974     3.63266607     3.63268907     3.63269040     3.63277495     3.63278979     3.63411716     3.63412601
  1799   -75.15547358   -75.15547353   -42.11226578   -42.11226577   -41.83930928   -41.83930926   -41.80437800   -41.80437799    -8.48849933    -8.48849877    -7.80141971    -7.80141868    -2.12616191    -2.12616044     0.16286652     0.16286653     2.99959019     2.99959020     3.63265824     3.63266407     3.63268905     3.63269041     3.63277075     3.63278517     3.63405681     3.63406574
  1800   -75.15547386   -75.15547381   -42.11226292   -42.11226290   -41.83930769   -41.83930768   -41.80437273   -41.80437273    -8.48934107    -8.48934051    -7.80229055    -7.80228952    -2.12647814    -2.12647669     0.17027193     0.17027194     3.01506342     3.01506343     3.63265733     3.63266243     3.63268904     3.63269038     3.63276447     3.63277802     3.63395058     3.63395937
  1801   -75.15547413   -75.15547407   -42.11226018   -42.11226017   -41.83930610   -41.83930608   -41.80436788   -41.80436787    -8.49009443    -8.49009389    -7.80307023    -7.80306924    -2.12676120    -2.12675980     0.17692329     0.17692330     3.02915877     3.02915878     3.63265706     3.63266125     3.63268904     3.63269032     3.63275657     3.63276885     3.63380634     3.63381476
  1802   -75.15547438   -75.15547433   -42.11225763   -42.11225762   -41.83930455   -41.83930454   -41.80436347   -41.80436347    -8.49075933    -8.49075882    -7.80375860    -7.80375767    -2.12701105    -2.12700973     0.18281229     0.18281230     3.04180259     3.04180259     3.63265747     3.63266063     3.63268904     3.63269024     3.63274751     3.63275820     3.63363430     3.63364214
  1803   -75.15547460   -75.15547456   -42.11225531   -42.11225531   -41.83930310   -41.83930308   -41.80435956   -41.80435955    -8.49133572    -8.49133525    -7.80435550    -7.80435465    -2.12722764    -2.12722644     0.18793149     0.18793150     3.05292465     3.05292465     3.63265861     3.63266070     3.63268906     3.63269014     3.63273776     3.63274661     3.63344653     3.63345359
  1804   -75.15547481   -75.15547477   -42.11225327   -42.11225326   -41.83930178   -41.83930177   -41.80435618   -41.80435617    -8.49182351    -8.49182311    -7.80486079    -7.80486005    -2.12741094    -2.12740989     0.19227436     0.19227436     3.06245963     3.06245963     3.63266050     3.63266159     3.63268908     3.63269001     3.63272775     3.63273464     3.63325628     3.63326237
  1805   -75.15547498   -75.15547495   -42.11225154   -42.11225153   -41.83930064   -41.83930063   -41.80435336   -41.80435336    -8.49222268    -8.49222234    -7.80527435    -7.80527374    -2.12756093    -2.12756006     0.19583531     0.19583532     3.07034865     3.07034865     3.63266316     3.63266349     3.63268910     3.63268987     3.63271787     3.63272279     3.63307711     3.63308206
  1806   -75.15547511   -75.15547509   -42.11225015   -42.11225015   -41.83929972   -41.83929972   -41.80435114   -41.80435113    -8.49253316    -8.49253290    -7.80559609    -7.80559561    -2.12767760    -2.12767692     0.19860977     0.19860977     3.07654080     3.07654080     3.63266636     3.63266687     3.63268914     3.63268971     3.63270847     3.63271154     3.63292191     3.63292558
  1807   -75.15547521   -75.15547520   -42.11224915   -42.11224914   -41.83929904   -41.83929904   -41.80434953   -41.80434953    -8.49275494    -8.49275476    -7.80582592    -7.80582559    -2.12776092    -2.12776046     0.20059411     0.20059411     3.08099464     3.08099464     3.63267073     3.63267144     3.63268918     3.63268955     3.63269992     3.63270138     3.63280184     3.63280410
  1808   -75.15547527   -75.15547526   -42.11224853   -42.11224853   -41.83929863   -41.83929862   -41.80434856   -41.80434856    -8.49288799    -8.49288790    -7.80596379    -7.80596362    -2.12781090    -2.12781066     0.20178575     0.20178575     3.08367952     3.08367952     3.63267710     3.63267754     3.63268923     3.63268938     3.63269287     3.63269319     3.63272467     3.63272547
  1809   -75.15547528   -75.15547528   -42.11224832   -42.11224832   -41.83929848   -41.83929848   -41.80434824   -41.80434824    -8.49293230    -8.49293230    -7.80600967    -7.80600967    -2.12782752    -2.12782752     0.20218314     0.20218314     3.08457659     3.08457659     3.63268940     3.63268940     3.63268940     3.63268940     3.63268940     3.63268940     3.63268940     3.63268940
  1810   -75.15502790   -75.15502790   -42.11364708   -42.11364708   -41.84108874   -41.84108874   -41.80655466   -41.80655466    -7.22236556    -7.22236555    -7.22003415    -7.22003415    -5.82751011    -5.82751011     1.80008177     1.80008177     1.80100901     1.80100901     3.63268940     3.63268940     3.63268940     3.63268940     3.63268940     3.63268940     3.63268940     3.63268940
  1811   -75.15502792   -75.15502792   -42.11364749   -42.11364749   -41.84108897   -41.84108897   -41.80655539   -41.80655539    -7.22232288    -7.22232288    -7.21999159    -7.21999157    -5.82747307    -5.82747307     1.79964208     1.79964210     1.80056903     1.80056904     3.63268934     3.63268934     3.63268940     3.63268941     3.63268941     3.63268942     3.63268947     3.63268947
  1812   -75.15502799   -75.15502799   -42.11364870   -42.11364870   -41.84108966   -41.84108966   -41.80655756   -41.80655756    -7.22219485    -7.22219484    -7.21986394    -7.21986386    -5.82736195    -5.82736195     1.79832373     1.79832379     1.79924979     1.79924986     3.63268927     3.63268927     3.63268940     3.63268943     3.63268943     3.63268946     3.63268953     3.63268953
  1813   -75.15502810   -75.15502810   -42.11365071   -42.11365071   -41.84109079   -41.84109079   -41.80656115   -41.80656115    -7.22198149    -7.22198149    -7.21965121    -7.21965104    -5.82717676    -5.82717676     1.79612876     1.79612890     1.79705345     1.79705360     3.63268920     3.63268920     3.63268941     3.63268946     3.63268946     3.63268952     3.63268959     3.63268959
  1814   -75.15502825   -75.15502825   -42.11365346   -42.11365346   -41.84109234   -41.84109234   -41.80656609   -41.80656609    -7.22168285    -7.22168285    -7.21935344    -7.21935315    -5.82691752    -5.82691752     1.79306061     1.79306085     1.79398355     1.79398380     3.63268914     3.63268914     3.63268941     3.63268950     3.63268950     3.63268960     3.63268964     3.63268964
  1815   -75.15502844   -75.15502843   -42.11365691   -42.11365691   -41.84109427   -41.84109426   -41.80657231   -41.80657231    -7.22129899    -7.22129898    -7.21897069    -7.21897026    -5.82658428    -5.82658427     1.78912407     1.78912441     1.79004503     1.79004541     3.63268908     3.63268908     3.63268941     3.63268954     3.63268954     3.63268969     3.63268970     3.63268970
  1816   -75.15502865   -75.15502865   -42.11366099   -42.11366099   -41.84109654   -41.84109653   -41.80657972   -41.80657972    -7.22082998    -7.22082997    -7.21850302    -7.21850243    -5.82617706    -5.82617706     1.78432521     1.78432567     1.78524417     1.78524471     3.63268902     3.63268902     3.63268941     3.63268957     3.63268958     3.63268976     3.63268976     3.63268980
  1817   -75.15502888   -75.15502888   -42.11366564   -42.11366564   -41.84109910   -41.84109908   -41.80658819   -41.80658819    -7.22027590    -7.22027589    -7.21795052    -7.21794977    -5.82569593    -5.82569593     1.77867142     1.77867199     1.77958860     1.77958930     3.63268897     3.63268897     3.63268942     3.63268960     3.63268960     3.63268982     3.63268982     3.63268991
  1818   -75.15502912   -75.15502912   -42.11367078   -42.11367078   -41.84110189   -41.84110187   -41.80659761   -41.80659761    -7.21963687    -7.21963686    -7.21731329    -7.21731237    -5.82514095    -5.82514095     1.77217131     1.77217198     1.77308718     1.77308805     3.63268893     3.63268894     3.63268942     3.63268961     3.63268962     3.63268988     3.63268988     3.63269002
  1819   -75.15502936   -75.15502936   -42.11367630   -42.11367630   -41.84110484   -41.84110482   -41.80660784   -41.80660784    -7.21891301    -7.21891299    -7.21659144    -7.21659037    -5.82451219    -5.82451218     1.76483470     1.76483545     1.76575000     1.76575105     3.63268891     3.63268891     3.63268942     3.63268962     3.63268962     3.63268993     3.63268994     3.63269011
  1820   -75.15502959   -75.15502959   -42.11368213   -42.11368213   -41.84110789   -41.84110787   -41.80661873   -41.80661873    -7.21810444    -7.21810442    -7.21578509    -7.21578390    -5.82380973    -5.82380973     1.75667254     1.75667335     1.75758830     1.75758950     3.63268889     3.63268889     3.63268942     3.63268962     3.63268962     3.63268998     3.63268998     3.63269019
  1821   -75.15502979   -75.15502979   -42.11368815   -42.11368815   -41.84111098   -41.84111095   -41.80663014   -41.80663014    -7.21721132    -7.21721130    -7.21489439    -7.21489310    -5.82303367    -5.82303367     1.74769688     1.74769771     1.74861439     1.74861573     3.63268889     3.63268889     3.63268942     3.63268961     3.63268961     3.63269001     3.63269001     3.63269025
  1822   -75.15502997   -75.15502997   -42.11369427   -42.11369427   -41.84111402   -41.84111399   -41.80664191   -41.80664191    -7.21623380    -7.21623378    -7.21391948    -7.21391814    -5.82218413    -5.82218412     1.73792078     1.73792160     1.73884159     1.73884302     3.63268890     3.63268890     3.63268942     3.63268959     3.63268959     3.63269002     3.63269002     3.63269028
  1823   -75.15503010   -75.15503010   -42.11370039   -42.11370039   -41.84111694   -41.84111691   -41.80665389   -41.80665389    -7.21517206    -7.21517203    -7.21286054    -7.21285920    -5.82126120    -5.82126120     1.72735825     1.72735902     1.72828414     1.72828562     3.63268893     3.63268893     3.63268942     3.63268957     3.63268957     3.63269001     3.63269001     3.63269028
  1824   -75.15503018   -75.15503018   -42.11370642   -42.11370642   -41.84111969   -41.84111966   -41.80666595   -41.80666595    -7.21402626    -7.21402624    -7.21171774    -7.21171644    -5.82026504    -5.82026504     1.71602419     1.71602489     1.71695713     1.71695861     3.63268897     3.63268897     3.63268942     3.63268954     3.63268955     3.63268998     3.63268998     3.63269024
  1825   -75.15503019   -75.15503019   -42.11371226   -42.11371226   -41.84112218   -41.84112215   -41.80667796   -41.80667796    -7.21279662    -7.21279660    -7.21049126    -7.21049007    -5.81919579    -5.81919579     1.70393431     1.70393491     1.70487642     1.70487782     3.63268902     3.63268902     3.63268941     3.63268952     3.63268952     3.63268993     3.63268993     3.63269016
  1826   -75.15503013   -75.15503013   -42.11371783   -42.11371783   -41.84112435   -41.84112433   -41.80668978   -41.80668978    -7.21148332    -7.21148330    -7.20918131    -7.20918028    -5.81805360    -5.81805360     1.69110505     1.69110553     1.69205854     1.69205978     3.63268909     3.63268909     3.63268941     3.63268949     3.63268949     3.63268985     3.63268985     3.63269006
  1827   -75.15502998   -75.15502998   -42.11372306   -42.11372306   -41.84112616   -41.84112614   -41.80670132   -41.80670132    -7.21008658    -7.21008656    -7.20778810    -7.20778729    -5.81683865    -5.81683864     1.67755350     1.67755385     1.67852063     1.67852163     3.63268916     3.63268916     3.63268941     3.63268946     3.63268947     3.63268975     3.63268975     3.63268991
  1828   -75.15502975   -75.15502975   -42.11372787   -42.11372787   -41.84112754   -41.84112752   -41.80671249   -41.80671249    -7.20860661    -7.20860660    -7.20631183    -7.20631130    -5.81555112    -5.81555111     1.66329731     1.66329753     1.66428033     1.66428101     3.63268925     3.63268925     3.63268940     3.63268944     3.63268944     3.63268963     3.63268963     3.63268974
  1829   -75.15502942   -75.15502942   -42.11373223   -42.11373223   -41.84112845   -41.84112844   -41.80672323   -41.80672323    -7.20704364    -7.20704363    -7.20475275    -7.20475253    -5.81419121    -5.81419121     1.64835464     1.64835472     1.64935574     1.64935602     3.63268934     3.63268934     3.63268940     3.63268942     3.63268942     3.63268949     3.63268949     3.63268953
  1830   -75.15502899   -75.15502899   -42.11373608   -42.11373608   -41.84112886   -41.84112886   -41.80673347   -41.80673347    -7.20539790    -7.20539789    -7.20311122    -7.20311107    -5.81275915    -5.81275915     1.63274397     1.63274402     1.63376511     1.63376531     3.63268931     3.63268934     3.63268934     3.63268940     3.63268940     3.63268940     3.63268944     3.63268944
  1831   -75.15502845   -75.15502845   -42.11373940   -42.11373940   -41.84112875   -41.84112873   -41.80674320   -41.80674320    -7.20366963    -7.20366962    -7.20138760    -7.20138705    -5.81125515    -5.81125515     1.61648416     1.61648432     1.61752704     1.61752777     3.63268908     3.63268918     3.63268918     3.63268938     3.63268938     3.63268941     3.63268955     3.63268955
  1832   -75.15502782   -75.15502782   -42.11374218   -42.11374218   -41.84112808   -41.84112806   -41.80675242   -41.80675242    -7.20185906    -7.20185904    -7.19958189    -7.19958093    -5.80967948    -5.80967948     1.59959439     1.59959466     1.60066078     1.60066209     3.63268883     3.63268902     3.63268902     3.63268937     3.63268937     3.63268941     3.63268965     3.63268965
  1833   -75.15502707   -75.15502707   -42.11374442   -42.11374442   -41.84112686   -41.84112683   -41.80676114   -41.80676114    -7.19996645    -7.19996643    -7.19769436    -7.19769297    -5.80803238    -5.80803238     1.58209394     1.58209429     1.58318547     1.58318739     3.63268859     3.63268886     3.63268886     3.63268936     3.63268936     3.63268941     3.63268975     3.63268975
  1834   -75.15502622   -75.15502622   -42.11374613   -42.11374613   -41.84112507   -41.84112503   -41.80676940   -41.80676940    -7.19799205    -7.19799202    -7.19572523    -7.19572342    -5.80631415    -5.80631414     1.56400218     1.56400260     1.56512033     1.56512285     3.63268836     3.63268871     3.63268871     3.63268935     3.63268935     3.63268942     3.63268984     3.63268984
  1835   -75.15502527   -75.15502527   -42.11374733   -42.11374733   -41.84112273   -41.84112268   -41.80677727   -41.80677727    -7.19593612    -7.19593608    -7.19367477    -7.19367256    -5.80452505    -5.80452505     1.54533849     1.54533896     1.54648459     1.54648770     3.63268815     3.63268857     3.63268857     3.63268935     3.63268935     3.63268943     3.63268992     3.63268992
  1836   -75.15502423   -75.15502423   -42.11374808   -42.11374808   -41.84111985   -41.84111979   -41.80678482   -41.80678482    -7.19379891    -7.19379886    -7.19154322    -7.19154065    -5.80266542    -5.80266541     1.52612223     1.52612272     1.52729748     1.52730114     3.63268796     3.63268845     3.63268845     3.63268935     3.63268935     3.63268944     3.63269000     3.63269000
  1837   -75.15502309   -75.15502309   -42.11374841   -42.11374841   -41.84111645   -41.84111639   -41.80679216   -41.80679216    -7.19158069    -7.19158064    -7.18933085    -7.18932797    -5.80073556    -5.80073556     1.50637264     1.50637315     1.50757813     1.50758227     3.63268781     3.63268835     3.63268835     3.63268936     3.63268936     3.63268945     3.63269006     3.63269006
  1838   -75.15502187   -75.15502187   -42.11374838   -42.11374838   -41.84111257   -41.84111250   -41.80679939   -41.80679939    -7.18928173    -7.18928167    -7.18703792    -7.18703479    -5.79873582    -5.79873582     1.48610884     1.48610935     1.48734555     1.48735007     3.63268769     3.63268827     3.63268827     3.63268936     3.63268937     3.63268946     3.63269010     3.63269010
  1839   -75.15502058   -75.15502058   -42.11374807   -42.11374807   -41.84110824   -41.84110817   -41.80680664   -41.80680664    -7.18690232    -7.18690225    -7.18466471    -7.18466140    -5.79666655    -5.79666654     1.46534973     1.46535023     1.46661854     1.46662335     3.63268762     3.63268823     3.63268823     3.63268937     3.63268938     3.63268947     3.63269013     3.63269013
  1840   -75.15501921   -75.15501921   -42.11374755   -42.11374755   -41.84110350   -41.84110342   -41.80681404   -41.80681404    -7.18444272    -7.18444265    -7.18221149    -7.18220808    -5.79452812    -5.79452811     1.44411399     1.44411445     1.44541571     1.44542069     3.63268760     3.63268821     3.63268821     3.63268938     3.63268938     3.63268948     3.63269014     3.63269014
  1841   -75.15501779   -75.15501779   -42.11374690   -42.11374690   -41.84109840   -41.84109832   -41.80682174   -41.80682174    -7.18190322    -7.18190315    -7.17967853    -7.17967512    -5.79232091    -5.79232090     1.42242001     1.42242043     1.42375542     1.42376041     3.63268762     3.63268823     3.63268823     3.63268939     3.63268939     3.63268949     3.63269013     3.63269013
  1842   -75.15501632   -75.15501632   -42.11374620   -42.11374620   -41.84109297   -41.84109290   -41.80682987   -41.80682987    -7.17928411    -7.17928404    -7.17706614    -7.17706281    -5.79004531    -5.79004531     1.40028588     1.40028627     1.40165571     1.40166058     3.63268770     3.63268828     3.63268828     3.63268940     3.63268940     3.63268949     3.63269010     3.63269010
  1843   -75.15501482   -75.15501482   -42.11374554   -42.11374554   -41.84108728   -41.84108721   -41.80683859   -41.80683859    -7.17658568    -7.17658562    -7.17437459    -7.17437146    -5.78770175    -5.78770174     1.37772939     1.37772973     1.37913433     1.37913893     3.63268782     3.63268837     3.63268837     3.63268941     3.63268941     3.63268949     3.63269005     3.63269005
  1844   -75.15501328   -75.15501328   -42.11374499   -42.11374499   -41.84108138   -41.84108131   -41.80684802   -41.80684802    -7.17380824    -7.17380818    -7.17160419    -7.17160135    -5.78529064    -5.78529063     1.35476795     1.35476823     1.35620870     1.35621288     3.63268799     3.63268848     3.63268848     3.63268941     3.63268942     3.63268949     3.63268998     3.63268998
  1845   -75.15501173   -75.15501173   -42.11374464   -42.11374464   -41.84107530   -41.84107525   -41.80685831   -41.80685831    -7.17095209    -7.17095204    -7.16875525    -7.16875280    -5.78281242    -5.78281242     1.33141862     1.33141885     1.33289586     1.33289947     3.63268820     3.63268862     3.63268862     3.63268942     3.63268942     3.63268948     3.63268989     3.63268990
  1846   -75.15501017   -75.15501017   -42.11374456   -42.11374456   -41.84106911   -41.84106906   -41.80686958   -41.80686958    -7.16801754    -7.16801750    -7.16582808    -7.16582610    -5.78026754    -5.78026754     1.30769808     1.30769825     1.30921249     1.30921541     3.63268845     3.63268878     3.63268878     3.63268942     3.63268942     3.63268947     3.63268979     3.63268980
  1847   -75.15500861   -75.15500861   -42.11374482   -42.11374482   -41.84106283   -41.84106280   -41.80688193   -41.80688193    -7.16500491    -7.16500488    -7.16282301    -7.16282158    -5.77765648    -5.77765647     1.28362262     1.28362274     1.28517491     1.28517701     3.63268873     3.63268896     3.63268896     3.63268942     3.63268942     3.63268945     3.63268968     3.63268968
  1848   -75.15500705   -75.15500705   -42.11374549   -42.11374549   -41.84105653   -41.84105651   -41.80689548   -41.80689548    -7.16191452    -7.16191451    -7.15974035    -7.15973955    -5.77497969    -5.77497969     1.25920816     1.25920822     1.26079903     1.26080022     3.63268903     3.63268916     3.63268916     3.63268941     3.63268941     3.63268943     3.63268956     3.63268956
  1849   -75.15500552   -75.15500552   -42.11374662   -42.11374662   -41.84105023   -41.84105023   -41.80691029   -41.80691029    -7.15874672    -7.15874672    -7.15658046    -7.15658032    -5.77223768    -5.77223768     1.23447021     1.23447022     1.23610036     1.23610057     3.63268934     3.63268936     3.63268936     3.63268941     3.63268941     3.63268941     3.63268943     3.63268943
  1850   -75.15500400   -75.15500400   -42.11374825   -42.11374825   -41.84104399   -41.84104397   -41.80692644   -41.80692644    -7.15550184    -7.15550183    -7.15334424    -7.15334368    -5.76943094    -5.76943094     1.20942385     1.20942389     1.21109322     1.21109405     3.63268930     3.63268930     3.63268938     3.63268939     3.63268939     3.63268957     3.63268957     3.63268966
  1851   -75.15500251   -75.15500251   -42.11375042   -42.11375042   -41.84103781   -41.84103778   -41.80694397   -41.80694397    -7.15218023    -7.15218020    -7.15003164    -7.15003035    -5.76655998    -5.76655998     1.18408386     1.18408394     1.18579296     1.18579484     3.63268916     3.63268916     3.63268935     3.63268938     3.63268938     3.63268977     3.63268977     3.63268997
  1852   -75.15500105   -75.15500105   -42.11375315   -42.11375315   -41.84103172   -41.84103167   -41.80696291   -41.80696291    -7.14878224    -7.14878220    -7.14664285    -7.14664085    -5.76362534    -5.76362534     1.15846460     1.15846471     1.16021416     1.16021708     3.63268903     3.63268903     3.63268932     3.63268937     3.63268937     3.63268996     3.63268996     3.63269027
  1853   -75.15499963   -75.15499963   -42.11375646   -42.11375646   -41.84102574   -41.84102568   -41.80698326   -41.80698326    -7.14530824    -7.14530818    -7.14317823    -7.14317554    -5.76062753    -5.76062753     1.13258004     1.13258018     1.13437081     1.13437474     3.63268891     3.63268891     3.63268928     3.63268935     3.63268935     3.63269014     3.63269014     3.63269055
  1854   -75.15499824   -75.15499824   -42.11376035   -42.11376035   -41.84101987   -41.84101980   -41.80700502   -41.80700502    -7.14175860    -7.14175852    -7.13963815    -7.13963482    -5.75756712    -5.75756712     1.10644379     1.10644396     1.10827655     1.10828141     3.63268879     3.63268880     3.63268925     3.63268933     3.63268934     3.63269030     3.63269030     3.63269080
  1855   -75.15499689   -75.15499689   -42.11376481   -42.11376481   -41.84101413   -41.84101405   -41.80702815   -41.80702815    -7.13813369    -7.13813361    -7.13602296    -7.13601905    -5.75444465    -5.75444465     1.08006910     1.08006929     1.08194463     1.08195032     3.63268869     3.63268870     3.63268922     3.63268932     3.63268932     3.63269043     3.63269043     3.63269101
  1856   -75.15499557   -75.15499557   -42.11376984   -42.11376984   -41.84100852   -41.84100842   -41.80705261   -41.80705261    -7.13443392    -7.13443382    -7.13233306    -7.13232865    -5.75126070    -5.75126069     1.05346885     1.05346905     1.05538793     1.05539432     3.63268861     3.63268862     3.63268919     3.63268930     3.63268931     3.63269054     3.63269054     3.63269118
  1857   -75.15499428   -75.15499428   -42.11377540   -42.11377540   -41.84100303   -41.84100292   -41.80707834   -41.80707834    -7.13065968    -7.13065957    -7.12856882    -7.12856403    -5.74801584    -5.74801583     1.02665560     1.02665580     1.02861899     1.02862593     3.63268855     3.63268855     3.63268916     3.63268929     3.63268929     3.63269062     3.63269062     3.63269131
  1858   -75.15499302   -75.15499302   -42.11378147   -42.11378147   -41.84099765   -41.84099754   -41.80710526   -41.80710526    -7.12681138    -7.12681127    -7.12473066    -7.12472559    -5.74471066    -5.74471066     0.99964153     0.99964174     1.00164998     1.00165731     3.63268850     3.63268851     3.63268914     3.63268928     3.63268928     3.63269066     3.63269066     3.63269138
  1859   -75.15499179   -75.15499179   -42.11378801   -42.11378801   -41.84099238   -41.84099226   -41.80713329   -41.80713329    -7.12288945    -7.12288933    -7.12081899    -7.12081376    -5.74134577    -5.74134577     0.97243854     0.97243875     0.97449276     0.97450029     3.63268848     3.63268849     3.63268913     3.63268927     3.63268928     3.63269067     3.63269068     3.63269140
  1860   -75.15499058   -75.15499058   -42.11379497   -42.11379497   -41.84098720   -41.84098708   -41.80716234   -41.80716234    -7.11889431    -7.11889419    -7.11683422    -7.11682898    -5.73792178    -5.73792178     0.94505818     0.94505838     0.94715884     0.94716637     3.63268849     3.63268849     3.63268912     3.63268927     3.63268927     3.63269065     3.63269065     3.63269137
  1861   -75.15498939   -75.15498939   -42.11380232   -42.11380232   -41.84098210   -41.84098199   -41.80719229   -41.80719229    -7.11482641    -7.11482629    -7.11277682    -7.11277170    -5.73443932    -5.73443932     0.91751169     0.91751188     0.91965940     0.91966673     3.63268852     3.63268852     3.63268912     3.63268927     3.63268927     3.63269060     3.63269060     3.63269129
  1862   -75.15498821   -75.15498821   -42.11381000   -42.11381000   -41.84097706   -41.84097696   -41.80722305   -41.80722305    -7.11068621    -7.11068609    -7.10864721    -7.10864236    -5.73089902    -5.73089902     0.88981002     0.88981019     0.89200532     0.89201225     3.63268857     3.63268857     3.63268913     3.63268927     3.63268927     3.63269052     3.63269052     3.63269116
  1863   -75.15498703   -75.15498703   -42.11381797   -42.11381797   -41.84097208   -41.84097198   -41.80725452   -41.80725452    -7.10647416    -7.10647406    -7.10444588    -7.10444143    -5.72730153    -5.72730153     0.86196379     0.86196394     0.86420717     0.86421351     3.63268864     3.63268865     3.63268915     3.63268928     3.63268928     3.63269040     3.63269040     3.63269099
  1864   -75.15498586   -75.15498586   -42.11382618   -42.11382618   -41.84096712   -41.84096704   -41.80728658   -41.80728658    -7.10219075    -7.10219066    -7.10017331    -7.10016939    -5.72364752    -5.72364752     0.83398336     0.83398348     0.83627520     0.83628077     3.63268874     3.63268874     3.63268918     3.63268929     3.63268929     3.63269027     3.63269027     3.63269077
  1865   -75.15498468   -75.15498468   -42.11383458   -42.11383458   -41.84096219   -41.84096212   -41.80731914   -41.80731914    -7.09783646    -7.09783638    -7.09582998    -7.09582672    -5.71993765    -5.71993765     0.80587877     0.80587887     0.80821940     0.80822402     3.63268885     3.63268885     3.63268922     3.63268931     3.63268931     3.63269011     3.63269011     3.63269052
  1866   -75.15498349   -75.15498349   -42.11384314   -42.11384314   -41.84095727   -41.84095721   -41.80735210   -41.80735210    -7.09341180    -7.09341174    -7.09141642    -7.09141391    -5.71617263    -5.71617262     0.77765981     0.77765989     0.78004943     0.78005298     3.63268898     3.63268898     3.63268926     3.63268933     3.63268933     3.63268993     3.63268994     3.63269025
  1867   -75.15498229   -75.15498229   -42.11385182   -42.11385182   -41.84095235   -41.84095231   -41.80738539   -41.80738539    -7.08891728    -7.08891724    -7.08693314    -7.08693147    -5.71235314    -5.71235313     0.74933597     0.74933602     0.75177472     0.75177707     3.63268912     3.63268913     3.63268931     3.63268935     3.63268935     3.63268975     3.63268975     3.63268995
  1868   -75.15498107   -75.15498107   -42.11386058   -42.11386058   -41.84094742   -41.84094741   -41.80741892   -41.80741892    -7.08435342    -7.08435340    -7.08238069    -7.08237993    -5.70847990    -5.70847990     0.72091646     0.72091648     0.72340438     0.72340545     3.63268928     3.63268928     3.63268936     3.63268938     3.63268938     3.63268956     3.63268956     3.63268965
  1869   -75.15497983   -75.15497983   -42.11386941   -42.11386941   -41.84094249   -41.84094249   -41.80745262   -41.80745262    -7.07972078    -7.07972077    -7.07775981    -7.07775962    -5.70455365    -5.70455364     0.69241024     0.69241025     0.69494702     0.69494729     3.63268934     3.63268936     3.63268936     3.63268941     3.63268941     3.63268941     3.63268943     3.63268944
  1870   -75.15497856   -75.15497856   -42.11387828   -42.11387828   -41.84093758   -41.84093755   -41.80748646   -41.80748646    -7.07501991    -7.07501988    -7.07307166    -7.07307050    -5.70057512    -5.70057512     0.66382598     0.66382601     0.66641041     0.66641203     3.63268904     3.63268918     3.63268918     3.63268944     3.63268944     3.63268947     3.63268959     3.63268959
  1871   -75.15497727   -75.15497727   -42.11388719   -42.11388719   -41.84093266   -41.84093261   -41.80752039   -41.80752039    -7.07025138    -7.07025133    -7.06831604    -7.06831391    -5.69654507    -5.69654507     0.63517211     0.63517216     0.63780400     0.63780695     3.63268875     3.63268900     3.63268900     3.63268947     3.63268947     3.63268953     3.63268975     3.63268975
  1872   -75.15497594   -75.15497594   -42.11389613   -42.11389613   -41.84092774   -41.84092767   -41.80755439   -41.80755439    -7.06541576    -7.06541568    -7.06349352    -7.06349047    -5.69246428    -5.69246428     0.60645682     0.60645689     0.60913592     0.60914015     3.63268848     3.63268883     3.63268883     3.63268950     3.63268950     3.63268959     3.63268990     3.63268990
  1873   -75.15497460   -75.15497460   -42.11390509   -42.11390509   -41.84092284   -41.84092275   -41.80758843   -41.80758843    -7.06051366    -7.06051355    -7.05860469    -7.05860077    -5.68833353    -5.68833353     0.57768801     0.57768810     0.58041405     0.58041947     3.63268824     3.63268868     3.63268868     3.63268952     3.63268953     3.63268964     3.63269004     3.63269004
  1874   -75.15497322   -75.15497322   -42.11391410   -42.11391410   -41.84091797   -41.84091787   -41.80762253   -41.80762253    -7.05554567    -7.05554554    -7.05365015    -7.05364545    -5.68415363    -5.68415363     0.54887335     0.54887346     0.55164604     0.55165252     3.63268804     3.63268855     3.63268856     3.63268955     3.63268955     3.63268969     3.63269016     3.63269016
  1875   -75.15497182   -75.15497182   -42.11392316   -42.11392316   -41.84091314   -41.84091302   -41.80765670   -41.80765670    -7.05051244    -7.05051229    -7.04863053    -7.04862516    -5.67992540    -5.67992539     0.52002027     0.52002039     0.52283929     0.52284668     3.63268787     3.63268845     3.63268845     3.63268957     3.63268958     3.63268974     3.63269026     3.63269027
  1876   -75.15497040   -75.15497040   -42.11393229   -42.11393229   -41.84090837   -41.84090824   -41.80769096   -41.80769096    -7.04541460    -7.04541444    -7.04354647    -7.04354055    -5.67564966    -5.67564965     0.49113596     0.49113608     0.49400098     0.49400910     3.63268775     3.63268837     3.63268838     3.63268959     3.63268959     3.63268977     3.63269035     3.63269035
  1877   -75.15496896   -75.15496896   -42.11394152   -42.11394152   -41.84090369   -41.84090355   -41.80772533   -41.80772533    -7.04025283    -7.04025265    -7.03839862    -7.03839229    -5.67132726    -5.67132725     0.46222737     0.46222750     0.46513807     0.46514672     3.63268767     3.63268833     3.63268833     3.63268960     3.63268961     3.63268980     3.63269041     3.63269041
  1878   -75.15496750   -75.15496750   -42.11395087   -42.11395087   -41.84089910   -41.84089895   -41.80775986   -41.80775986    -7.03502779    -7.03502760    -7.03318765    -7.03318108    -5.66695907    -5.66695907     0.43330125     0.43330137     0.43625729     0.43626625     3.63268763     3.63268831     3.63268831     3.63268961     3.63268962     3.63268982     3.63269044     3.63269045
  1879   -75.15496603   -75.15496603   -42.11396037   -42.11396037   -41.84089462   -41.84089448   -41.80779459   -41.80779459    -7.02974019    -7.02974000    -7.02791426    -7.02790762    -5.66254597    -5.66254597     0.40436410     0.40436422     0.40736517     0.40737421     3.63268764     3.63268832     3.63268832     3.63268961     3.63268962     3.63268982     3.63269045     3.63269045
  1880   -75.15496454   -75.15496454   -42.11397005   -42.11397005   -41.84089028   -41.84089014   -41.80782957   -41.80782957    -7.02439074    -7.02439055    -7.02257917    -7.02257262    -5.65808885    -5.65808885     0.37542224     0.37542236     0.37846805     0.37847692     3.63268770     3.63268835     3.63268835     3.63268961     3.63268962     3.63268982     3.63269043     3.63269044
  1881   -75.15496306   -75.15496306   -42.11397994   -42.11397994   -41.84088609   -41.84088595   -41.80786483   -41.80786483    -7.01898018    -7.01897998    -7.01718309    -7.01717682    -5.65358863    -5.65358862     0.34648179     0.34648190     0.34957203     0.34958052     3.63268780     3.63268841     3.63268842     3.63268960     3.63268961     3.63268980     3.63269038     3.63269039
  1882   -75.15496157   -75.15496157   -42.11399005   -42.11399005   -41.84088206   -41.84088193   -41.80790043   -41.80790043    -7.01350924    -7.01350906    -7.01172680    -7.01172096    -5.64904621    -5.64904621     0.31754865     0.31754875     0.32068308     0.32069096     3.63268794     3.63268850     3.63268850     3.63268959     3.63268959     3.63268977     3.63269031     3.63269032
  1883   -75.15496008   -75.15496008   -42.11400041   -42.11400041   -41.84087820   -41.84087809   -41.80793641   -41.80793641    -7.00797871    -7.00797855    -7.00621105    -7.00620582    -5.64446255    -5.64446255     0.28862858     0.28862867     0.29180696     0.29181401     3.63268811     3.63268861     3.63268861     3.63268957     3.63268957     3.63268973     3.63269022     3.63269022
  1884   -75.15495860   -75.15495860   -42.11401104   -42.11401104   -41.84087452   -41.84087443   -41.80797280   -41.80797280    -7.00238938    -7.00238923    -7.00063665    -7.00063216    -5.63983860    -5.63983859     0.25972715     0.25972722     0.26294926     0.26295528     3.63268832     3.63268874     3.63268874     3.63268955     3.63268955     3.63268969     3.63269010     3.63269010
  1885   -75.15495713   -75.15495713   -42.11402194   -42.11402194   -41.84087102   -41.84087094   -41.80800963   -41.80800963    -6.99674204    -6.99674192    -6.99500441    -6.99500079    -5.63517531    -5.63517531     0.23084975     0.23084980     0.23411541     0.23412025     3.63268854     3.63268888     3.63268888     3.63268952     3.63268952     3.63268963     3.63268996     3.63268996
  1886   -75.15495567   -75.15495567   -42.11403313   -42.11403313   -41.84086770   -41.84086764   -41.80804692   -41.80804692    -6.99103754    -6.99103746    -6.98931516    -6.98931252    -5.63047369    -5.63047369     0.20200164     0.20200168     0.20531070     0.20531422     3.63268879     3.63268903     3.63268903     3.63268949     3.63268949     3.63268957     3.63268981     3.63268981
  1887   -75.15495422   -75.15495422   -42.11404460   -42.11404460   -41.84086454   -41.84086451   -41.80808467   -41.80808467    -6.98527673    -6.98527667    -6.98356976    -6.98356819    -5.62573471    -5.62573471     0.17318794     0.17318797     0.17654027     0.17654237     3.63268904     3.63268918     3.63268918     3.63268945     3.63268945     3.63268950     3.63268964     3.63268965
  1888   -75.15495279   -75.15495279   -42.11405634   -42.11405634   -41.84086154   -41.84086153   -41.80812289   -41.80812289    -6.97946046    -6.97946044    -6.97776908    -6.97776863    -5.62095939    -5.62095939     0.14441364     0.14441364     0.14780913     0.14780974     3.63268930     3.63268934     3.63268934     3.63268942     3.63268942     3.63268943     3.63268947     3.63268947
  1889   -75.15495137   -75.15495137   -42.11406833   -42.11406833   -41.84085868   -41.84085867   -41.80816155   -41.80816155    -6.97358965    -6.97358963    -6.97191472    -6.97191403    -5.61614876    -5.61614876     0.11568357     0.11568358     0.11912126     0.11912217     3.63268930     3.63268930     3.63268936     3.63268938     3.63268938     3.63268950     3.63268950     3.63268956
  1890   -75.15494996   -75.15494996   -42.11408055   -42.11408055   -41.84085595   -41.84085591   -41.80820064   -41.80820064    -6.96766521    -6.96766515    -6.96600735    -6.96600552    -5.61130384    -5.61130384     0.08700250     0.08700253     0.09048173     0.09048415     3.63268912     3.63268913     3.63268929     3.63268934     3.63268935     3.63268965     3.63268965     3.63268980
  1891   -75.15494856   -75.15494856   -42.11409297   -42.11409297   -41.84085330   -41.84085324   -41.80824010   -41.80824010    -6.96168806    -6.96168795    -6.96004742    -6.96004449    -5.60642568    -5.60642568     0.05837509     0.05837513     0.06189587     0.06189974     3.63268896     3.63268896     3.63268922     3.63268931     3.63268931     3.63268978     3.63268979     3.63269003
  1892   -75.15494717   -75.15494717   -42.11410554   -42.11410554   -41.84085070   -41.84085061   -41.80827990   -41.80827990    -6.95565913    -6.95565897    -6.95403586    -6.95403190    -5.60151536    -5.60151535     0.02980587     0.02980592     0.03336828     0.03337352     3.63268880     3.63268880     3.63268916     3.63268928     3.63268928     3.63268991     3.63268991     3.63269024
  1893   -75.15494578   -75.15494578   -42.11411822   -42.11411822   -41.84084811   -41.84084800   -41.80831996   -41.80831996    -6.94957940    -6.94957921    -6.94797363    -6.94796872    -5.59657392    -5.59657392     0.00129933     0.00129939     0.00490348     0.00490994     3.63268866     3.63268866     3.63268910     3.63268925     3.63268925     3.63269002     3.63269002     3.63269042
  1894   -75.15494440   -75.15494439   -42.11413096   -42.11413096   -41.84084549   -41.84084536   -41.80836022   -41.80836022    -6.94344987    -6.94344964    -6.94186169    -6.94185595    -5.59160248    -5.59160248    -0.02714016    -0.02714009    -0.02349411    -0.02348657     3.63268853     3.63268854     3.63268905     3.63268922     3.63268922     3.63269011     3.63269011     3.63269057
  1895   -75.15494300   -75.15494300   -42.11414371   -42.11414371   -41.84084279   -41.84084265   -41.80840059   -41.80840059    -6.93727155    -6.93727128    -6.93570104    -6.93569462    -5.58660212    -5.58660211    -0.05550827    -0.05550819    -0.05182014    -0.05181172     3.63268843     3.63268844     3.63268901     3.63268920     3.63268920     3.63269018     3.63269018     3.63269068
  1896   -75.15494160   -75.15494160   -42.11415639   -42.11415639   -41.84083998   -41.84083984   -41.80844099   -41.80844099    -6.93104546    -6.93104516    -6.92949270    -6.92948576    -5.58157395    -5.58157395    -0.08380075    -0.08380067    -0.08007033    -0.08006123     3.63268836     3.63268836     3.63268898     3.63268918     3.63268919     3.63269023     3.63269023     3.63269077
  1897   -75.15494018   -75.15494018   -42.11416896   -42.11416896   -41.84083702   -41.84083686   -41.80848133   -41.80848133    -6.92477268    -6.92477235    -6.92323772    -6.92323043    -5.57651910    -5.57651910    -0.11201341    -0.11201333    -0.10824047    -0.10823094     3.63268831     3.63268831     3.63268896     3.63268917     3.63268918     3.63269026     3.63269026     3.63269081
  1898   -75.15493874   -75.15493874   -42.11418135   -42.11418135   -41.84083384   -41.84083369   -41.80852152   -41.80852152    -6.91845427    -6.91845393    -6.91693715    -6.91692971    -5.57143870    -5.57143870    -0.14014212    -0.14014204    -0.13632642    -0.13631669     3.63268828     3.63268829     3.63268895     3.63268917     3.63268917     3.63269026     3.63269026     3.63269082
  1899   -75.15493727   -75.15493727   -42.11419350   -42.11419350   -41.84083043   -41.84083027   -41.80856145   -41.80856145    -6.91209133    -6.91209099    -6.91059210    -6.91058469    -5.56633391    -5.56633390    -0.16818280    -0.16818272    -0.16432410    -0.16431443     3.63268829     3.63268830     3.63268895     3.63268917     3.63268918     3.63269024     3.63269024     3.63269079
  1900   -75.15493577   -75.15493577   -42.11420535   -42.11420535   -41.84082673   -41.84082657   -41.80860104   -41.80860104    -6.90568500    -6.90568465    -6.90420369    -6.90419650    -5.56120587    -5.56120587    -0.19613140    -0.19613133    -0.19222949    -0.19222013     3.63268833     3.63268833     3.63268897     3.63268918     3.63268918     3.63269020     3.63269020     3.63269072
  1901   -75.15493422   -75.15493422   -42.11421685   -42.11421685   -41.84082271   -41.84082256   -41.80864021   -41.80864021    -6.89923641    -6.89923608    -6.89777305    -6.89776628    -5.55605577    -5.55605577    -0.22398395    -0.22398388    -0.22003861    -0.22002981     3.63268839     3.63268840     3.63268900     3.63268919     3.63268920     3.63269014     3.63269014     3.63269063
  1902   -75.15493263   -75.15493263   -42.11422795   -42.11422795   -41.84081834   -41.84081820   -41.80867887   -41.80867887    -6.89274674    -6.89274642    -6.89130136    -6.89129518    -5.55088479    -5.55088479    -0.25173650    -0.25173643    -0.24774757    -0.24773954     3.63268848     3.63268849     3.63268903     3.63268921     3.63268922     3.63269007     3.63269007     3.63269050
  1903   -75.15493099   -75.15493099   -42.11423861   -42.11423861   -41.84081359   -41.84081347   -41.80871695   -41.80871695    -6.88621717    -6.88621688    -6.88478981    -6.88478440    -5.54569413    -5.54569413    -0.27938515    -0.27938509    -0.27535248    -0.27534545     3.63268859     3.63268860     3.63268908     3.63268924     3.63268924     3.63268998     3.63268998     3.63269035
  1904   -75.15492929   -75.15492929   -42.11424879   -42.11424879   -41.84080845   -41.84080835   -41.80875439   -41.80875439    -6.87964892    -6.87964868    -6.87823964    -6.87823512    -5.54048500    -5.54048499    -0.30692605    -0.30692601    -0.30284954    -0.30284368     3.63268873     3.63268873     3.63268914     3.63268927     3.63268927     3.63268987     3.63268987     3.63269018
  1905   -75.15492753   -75.15492753   -42.11425846   -42.11425846   -41.84080290   -41.84080282   -41.80879115   -41.80879115    -6.87304324    -6.87304305    -6.87165209    -6.87164859    -5.53525861    -5.53525861    -0.33435539    -0.33435536    -0.33023499    -0.33023045     3.63268888     3.63268888     3.63268920     3.63268930     3.63268930     3.63268976     3.63268976     3.63269000
  1906   -75.15492571   -75.15492571   -42.11426761   -42.11426761   -41.84079693   -41.84079688   -41.80882719   -41.80882719    -6.86640139    -6.86640125    -6.86502844    -6.86502605    -5.53001622    -5.53001622    -0.36166940    -0.36166938    -0.35750509    -0.35750200     3.63268905     3.63268905     3.63268926     3.63268933     3.63268933     3.63268964     3.63268964     3.63268980
  1907   -75.15492384   -75.15492384   -42.11427624   -42.11427624   -41.84079055   -41.84079053   -41.80886249   -41.80886249    -6.85972465    -6.85972458    -6.85836999    -6.85836878    -5.52475906    -5.52475906    -0.38886437    -0.38886435    -0.38465618    -0.38465462     3.63268922     3.63268922     3.63268933     3.63268937     3.63268937     3.63268952     3.63268952     3.63268960
  1908   -75.15492189   -75.15492189   -42.11428434   -42.11428434   -41.84078377   -41.84078377   -41.80889705   -41.80889705    -6.85301435    -6.85301435    -6.85167808    -6.85167808    -5.51948840    -5.51948840    -0.41593660    -0.41593660    -0.41168464    -0.41168464     3.63268940     3.63268940     3.63268940     3.63268940     3.63268940     3.63268940     3.63268940     3.63268940
  1909   -75.15491989   -75.15491989   -42.11429193   -42.11429193   -41.84077663   -41.84077660   -41.80893088   -41.80893088    -6.84627190    -6.84627182    -6.84495527    -6.84495405    -5.51420552    -5.51420552    -0.44288247    -0.44288246    -0.43858844    -0.43858687     3.63268921     3.63268929     3.63268929     3.63268944     3.63268944     3.63268947     3.63268958     3.63268958
  1910   -75.15491783   -75.15491783   -42.11429904   -42.11429904   -41.84076912   -41.84076907   -41.80896400   -41.80896400    -6.83949860    -6.83949844    -6.83820170    -6.83819931    -5.50891171    -5.50891171    -0.46969840    -0.46969838    -0.46536243    -0.46535934     3.63268903     3.63268918     3.63268918     3.63268947     3.63268947     3.63268954     3.63268976     3.63268976
  1911   -75.15491572   -75.15491572   -42.11430570   -42.11430570   -41.84076127   -41.84076120   -41.80899646   -41.80899646    -6.83269584    -6.83269560    -6.83141876    -6.83141525    -5.50360826    -5.50360826    -0.49638082    -0.49638079    -0.49200308    -0.49199855     3.63268886     3.63268908     3.63268908     3.63268950     3.63268951     3.63268960     3.63268992     3.63268992
  1912   -75.15491356   -75.15491355   -42.11431195   -42.11431195   -41.84075312   -41.84075303   -41.80902832   -41.80902832    -6.82586505    -6.82586473    -6.82460785    -6.82460332    -5.49829649    -5.49829649    -0.52292625    -0.52292622    -0.51850690    -0.51850104     3.63268871     3.63268899     3.63268899     3.63268953     3.63268954     3.63268966     3.63269007     3.63269008
  1913   -75.15491135   -75.15491135   -42.11431784   -42.11431784   -41.84074472   -41.84074460   -41.80905963   -41.80905963    -6.81900766    -6.81900726    -6.81777040    -6.81776497    -5.49297773    -5.49297773    -0.54933124    -0.54933119    -0.54487043    -0.54486340     3.63268859     3.63268891     3.63268891     3.63268956     3.63268956     3.63268971     3.63269021     3.63269021
  1914   -75.15490910   -75.15490910   -42.11432343   -42.11432343   -41.84073609   -41.84073596   -41.80909048   -41.80909048    -6.81212516    -6.81212469    -6.81090789    -6.81090169    -5.48765332    -5.48765332    -0.57559237    -0.57559232    -0.57109027    -0.57108226     3.63268848     3.63268885     3.63268885     3.63268958     3.63268958     3.63268975     3.63269032     3.63269032
  1915   -75.15490683   -75.15490683   -42.11432879   -42.11432879   -41.84072731   -41.84072716   -41.80912096   -41.80912096    -6.80521906    -6.80521853    -6.80402180    -6.80401501    -5.48232461    -5.48232461    -0.60170629    -0.60170623    -0.59716306    -0.59715427     3.63268841     3.63268881     3.63268881     3.63268959     3.63268960     3.63268978     3.63269041     3.63269041
  1916   -75.15490453   -75.15490453   -42.11433397   -42.11433397   -41.84071840   -41.84071825   -41.80915116   -41.80915116    -6.79829089    -6.79829030    -6.79711366    -6.79710645    -5.47699297    -5.47699297    -0.62766967    -0.62766962    -0.62308548    -0.62307614     3.63268836     3.63268878     3.63268878     3.63268960     3.63268961     3.63268980     3.63269047     3.63269047
  1917   -75.15490222   -75.15490222   -42.11433905   -42.11433905   -41.84070943   -41.84070928   -41.80918117   -41.80918117    -6.79134221    -6.79134158    -6.79018502    -6.79017759    -5.47165977    -5.47165976    -0.65347925    -0.65347919    -0.64885424    -0.64884460     3.63268834     3.63268877     3.63268877     3.63268961     3.63268961     3.63268982     3.63269050     3.63269051
  1918   -75.15489991   -75.15489991   -42.11434410   -42.11434410   -41.84070045   -41.84070030   -41.80921111   -41.80921111    -6.78437463    -6.78437396    -6.78323748    -6.78323001    -5.46632639    -5.46632639    -0.67913178    -0.67913172    -0.67446611    -0.67445641     3.63268835     3.63268877     3.63268878     3.63268961     3.63268961     3.63268981     3.63269051     3.63269052
  1919   -75.15489760   -75.15489760   -42.11434920   -42.11434920   -41.84069151   -41.84069136   -41.80924106   -41.80924106    -6.77738975    -6.77738907    -6.77627264    -6.77626533    -5.46099425    -5.46099424    -0.70462406    -0.70462400    -0.69991786    -0.69990836     3.63268839     3.63268879     3.63268880     3.63268960     3.63268961     3.63268980     3.63269049     3.63269049
  1920   -75.15489531   -75.15489531   -42.11435439   -42.11435439   -41.84068266   -41.84068252   -41.80927113   -41.80927113    -6.77038925    -6.77038857    -6.76929216    -6.76928520    -5.45566474    -5.45566474    -0.72995293    -0.72995287    -0.72520635    -0.72519728     3.63268845     3.63268883     3.63268883     3.63268959     3.63268960     3.63268978     3.63269044     3.63269044
  1921   -75.15489304   -75.15489304   -42.11435976   -42.11435976   -41.84067395   -41.84067382   -41.80930140   -41.80930140    -6.76337480    -6.76337415    -6.76229772    -6.76229129    -5.45033929    -5.45033929    -0.75511525    -0.75511520    -0.75032841    -0.75032002     3.63268853     3.63268888     3.63268888     3.63268958     3.63268958     3.63268975     3.63269036     3.63269036
  1922   -75.15489080   -75.15489080   -42.11436535   -42.11436535   -41.84066542   -41.84066530   -41.80933195   -41.80933195    -6.75634813    -6.75634752    -6.75529102    -6.75528529    -5.44501932    -5.44501932    -0.78010791    -0.78010787    -0.77528095    -0.77527344     3.63268863     3.63268894     3.63268894     3.63268956     3.63268956     3.63268971     3.63269026     3.63269026
  1923   -75.15488860   -75.15488860   -42.11437121   -42.11437121   -41.84065711   -41.84065700   -41.80936286   -41.80936286    -6.74931099    -6.74931043    -6.74827382    -6.74826892    -5.43970628    -5.43970627    -0.80492784    -0.80492780    -0.80006086    -0.80005442     3.63268875     3.63268901     3.63268902     3.63268954     3.63268954     3.63268967     3.63269014     3.63269014
  1924   -75.15488645   -75.15488645   -42.11437739   -42.11437739   -41.84064904   -41.84064896   -41.80939418   -41.80939418    -6.74226515    -6.74226468    -6.74124788    -6.74124393    -5.43440160    -5.43440160    -0.82957196    -0.82957194    -0.82466509    -0.82465988     3.63268888     3.63268909     3.63268909     3.63268951     3.63268951     3.63268962     3.63269000     3.63269000
  1925   -75.15488435   -75.15488435   -42.11438392   -42.11438392   -41.84064125   -41.84064118   -41.80942596   -41.80942596    -6.73521243    -6.73521206    -6.73421500    -6.73421210    -5.42910674    -5.42910674    -0.85403724    -0.85403722    -0.84909057    -0.84908672     3.63268903     3.63268918     3.63268918     3.63268948     3.63268948     3.63268956     3.63268984     3.63268984
  1926   -75.15488230   -75.15488230   -42.11439082   -42.11439082   -41.84063374   -41.84063371   -41.80945823   -41.80945823    -6.72815466    -6.72815442    -6.72717704    -6.72717523    -5.42382317    -5.42382317    -0.87832064    -0.87832062    -0.87333428    -0.87333187     3.63268917     3.63268926     3.63268926     3.63268945     3.63268945     3.63268950     3.63268968     3.63268968
  1927   -75.15488031   -75.15488031   -42.11439811   -42.11439811   -41.84062654   -41.84062653   -41.80949100   -41.80949100    -6.72109374    -6.72109364    -6.72013584    -6.72013516    -5.41855234    -5.41855234    -0.90241912    -0.90241912    -0.89739317    -0.89739227     3.63268932     3.63268935     3.63268935     3.63268942     3.63268942     3.63268944     3.63268951     3.63268951
  1928   -75.15487838   -75.15487838   -42.11440578   -42.11440578   -41.84061966   -41.84061965   -41.80952427   -41.80952427    -6.71403163    -6.71403156    -6.71309375    -6.71309330    -5.41329574    -5.41329574    -0.92632967    -0.92632967    -0.92126484    -0.92126424     3.63268933     3.63268933     3.63268938     3.63268939     3.63268939     3.63268944     3.63268944     3.63268946
  1929   -75.15487652   -75.15487652   -42.11441382   -42.11441382   -41.84061310   -41.84061306   -41.80955802   -41.80955802    -6.70697030    -6.70697006    -6.70605289    -6.70605135    -5.40805483    -5.40805483    -0.95004927    -0.95004926    -0.94494653    -0.94494445     3.63268917     3.63268917     3.63268932     3.63268936     3.63268936     3.63268952     3.63268952     3.63268960
  1930   -75.15487471   -75.15487471   -42.11442222   -42.11442222   -41.84060682   -41.84060677   -41.80959220   -41.80959220    -6.69991165    -6.69991121    -6.69901450    -6.69901194    -5.40283111    -5.40283111    -0.97357489    -0.97357488    -0.96843428    -0.96843078     3.63268900     3.63268901     3.63268927     3.63268933     3.63268934     3.63268959     3.63268959     3.63268972
  1931   -75.15487296   -75.15487296   -42.11443095   -42.11443095   -41.84060082   -41.84060075   -41.80962678   -41.80962678    -6.69285765    -6.69285702    -6.69198055    -6.69197704    -5.39762606    -5.39762605    -0.99690350    -0.99690347    -0.99172502    -0.99172021     3.63268886     3.63268886     3.63268922     3.63268931     3.63268931     3.63268966     3.63268966     3.63268984
  1932   -75.15487128   -75.15487128   -42.11443996   -42.11443996   -41.84059508   -41.84059498   -41.80966168   -41.80966168    -6.68581034    -6.68580951    -6.68495300    -6.68494868    -5.39244116    -5.39244116    -1.02003204    -1.02003202    -1.01481568    -1.01480970     3.63268872     3.63268873     3.63268917     3.63268929     3.63268929     3.63268972     3.63268972     3.63268994
  1933   -75.15486964   -75.15486964   -42.11444922   -42.11444922   -41.84058956   -41.84058945   -41.80969683   -41.80969683    -6.67877177    -6.67877074    -6.67793389    -6.67792889    -5.38727792    -5.38727792    -1.04295749    -1.04295745    -1.03770318    -1.03769620     3.63268861     3.63268861     3.63268914     3.63268927     3.63268927     3.63268977     3.63268977     3.63269002
  1934   -75.15486805   -75.15486805   -42.11445866   -42.11445866   -41.84058423   -41.84058411   -41.80973213   -41.80973213    -6.67174403    -6.67174282    -6.67092524    -6.67091972    -5.38213783    -5.38213782    -1.06567675    -1.06567672    -1.06038445    -1.06037665     3.63268852     3.63268852     3.63268911     3.63268925     3.63268926     3.63268981     3.63268981     3.63269008
  1935   -75.15486650   -75.15486650   -42.11446824   -42.11446824   -41.84057907   -41.84057893   -41.80976749   -41.80976749    -6.66472923    -6.66472785    -6.66392916    -6.66392327    -5.37702238    -5.37702238    -1.08818677    -1.08818673    -1.08285638    -1.08284798     3.63268845     3.63268845     3.63268909     3.63268924     3.63268925     3.63268983     3.63268983     3.63269013
  1936   -75.15486499   -75.15486499   -42.11447788   -42.11447788   -41.84057402   -41.84057388   -41.80980281   -41.80980281    -6.65772953    -6.65772800    -6.65694774    -6.65694166    -5.37193309    -5.37193308    -1.11048443    -1.11048439    -1.10511589    -1.10510710     3.63268840     3.63268841     3.63268907     3.63268924     3.63268924     3.63268985     3.63268985     3.63269015
  1937   -75.15486351   -75.15486351   -42.11448753   -42.11448753   -41.84056906   -41.84056892   -41.80983798   -41.80983798    -6.65074709    -6.65074544    -6.64998313    -6.64997703    -5.36687144    -5.36687143    -1.13256663    -1.13256659    -1.12715985    -1.12715092     3.63268839     3.63268839     3.63268907     3.63268924     3.63268924     3.63268985     3.63268985     3.63269015
  1938   -75.15486205   -75.15486205   -42.11449713   -42.11449713   -41.84056415   -41.84056401   -41.80987289   -41.80987289    -6.64378411    -6.64378238    -6.64303751    -6.64303155    -5.36183894    -5.36183893    -1.15443023    -1.15443020    -1.14898515    -1.14897630     3.63268840     3.63268840     3.63268908     3.63268924     3.63268924     3.63268984     3.63268984     3.63269014
  1939   -75.15486060   -75.15486060   -42.11450661   -42.11450661   -41.84055925   -41.84055912   -41.80990743   -41.80990743    -6.63684284    -6.63684107    -6.63611308    -6.63610741    -5.35683709    -5.35683708    -1.17607210    -1.17607206    -1.17058865    -1.17058011     3.63268843     3.63268844     3.63268909     3.63268925     3.63268925     3.63268982     3.63268982     3.63269010
  1940   -75.15485916   -75.15485916   -42.11451591   -42.11451591   -41.84055433   -41.84055421   -41.80994151   -41.80994151    -6.62992553    -6.62992377    -6.62921207    -6.62920684    -5.35186740    -5.35186739    -1.19748906    -1.19748903    -1.19196722    -1.19195920     3.63268849     3.63268850     3.63268911     3.63268926     3.63268926     3.63268979     3.63268979     3.63269005
  1941   -75.15485772   -75.15485772   -42.11452498   -42.11452498   -41.84054937   -41.84054926   -41.80997503   -41.80997503    -6.62303447    -6.62303278    -6.62233676    -6.62233209    -5.34693136    -5.34693136    -1.21867794    -1.21867791    -1.21311770    -1.21311041     3.63268858     3.63268858     3.63268914     3.63268927     3.63268927     3.63268975     3.63268975     3.63268998
  1942   -75.15485628   -75.15485628   -42.11453377   -42.11453377   -41.84054433   -41.84054423   -41.81000790   -41.81000790    -6.61617198    -6.61617041    -6.61548943    -6.61548542    -5.34203048    -5.34203048    -1.23963555    -1.23963553    -1.23403694    -1.23403055     3.63268868     3.63268868     3.63268917     3.63268929     3.63268929     3.63268970     3.63268970     3.63268991
  1943   -75.15485483   -75.15485483   -42.11454225   -42.11454225   -41.84053920   -41.84053912   -41.81004005   -41.81004005    -6.60934040    -6.60933901    -6.60867242    -6.60866914    -5.33716626    -5.33716626    -1.26035870    -1.26035868    -1.25472176    -1.25471643     3.63268880     3.63268880     3.63268921     3.63268931     3.63268931     3.63268965     3.63268965     3.63268982
  1944   -75.15485337   -75.15485337   -42.11455038   -42.11455038   -41.84053397   -41.84053390   -41.81007143   -41.81007143    -6.60254211    -6.60254096    -6.60188808    -6.60188557    -5.33234020    -5.33234020    -1.28084416    -1.28084414    -1.27516901    -1.27516484     3.63268893     3.63268894     3.63268926     3.63268933     3.63268933     3.63268959     3.63268959     3.63268972
  1945   -75.15485189   -75.15485189   -42.11455814   -42.11455814   -41.84052862   -41.84052858   -41.81010198   -41.81010198    -6.59577950    -6.59577866    -6.59513877    -6.59513706    -5.32755380    -5.32755380    -1.30108872    -1.30108871    -1.29537549    -1.29537259     3.63268908     3.63268908     3.63268930     3.63268935     3.63268935     3.63268953     3.63268953     3.63268962
  1946   -75.15485039   -75.15485039   -42.11456552   -42.11456552   -41.84052317   -41.84052315   -41.81013168   -41.81013168    -6.58905502    -6.58905453    -6.58842690    -6.58842599    -5.32280855    -5.32280855    -1.32108915    -1.32108914    -1.31533804    -1.31533644     3.63268922     3.63268922     3.63268935     3.63268938     3.63268938     3.63268947     3.63268947     3.63268952
  1947   -75.15484887   -75.15484887   -42.11457252   -42.11457252   -41.84051761   -41.84051761   -41.81016052   -41.81016052    -6.58237110    -6.58237102    -6.58175490    -6.58175476    -5.31810594    -5.31810594    -1.34084223    -1.34084223    -1.33505346    -1.33505319     3.63268937     3.63268937     3.63268939     3.63268940     3.63268940     3.63268941     3.63268941     3.63268942
  1948   -75.15484733   -75.15484733   -42.11457915   -42.11457915   -41.84051198   -41.84051197   -41.81018850   -41.81018850    -6.57573059    -6.57573023    -6.57512579    -6.57512522    -5.31344746    -5.31344746    -1.36034474    -1.36034474    -1.35451961    -1.35451857     3.63268933     3.63268936     3.63268936     3.63268942     3.63268942     3.63268944     3.63268952     3.63268952
  1949   -75.15484578   -75.15484578   -42.11458544   -42.11458544   -41.84050629   -41.84050625   -41.81021565   -41.81021565    -6.56913574    -6.56913492    -6.56854153    -6.56854032    -5.30883461    -5.30883461    -1.37959344    -1.37959343    -1.37373249    -1.37373019     3.63268924     3.63268930     3.63268930     3.63268944     3.63268944     3.63268948     3.63268966     3.63268966
  1950   -75.15484421   -75.15484421   -42.11459140   -42.11459140   -41.84050055   -41.84050050   -41.81024199   -41.81024199    -6.56258897    -6.56258767    -6.56200446    -6.56200270    -5.30426886    -5.30426886    -1.39858511    -1.39858510    -1.39268860    -1.39268513     3.63268915     3.63268926     3.63268926     3.63268946     3.63268946     3.63268952     3.63268979     3.63268979
  1951   -75.15484263   -75.15484263   -42.11459709   -42.11459709   -41.84049480   -41.84049473   -41.81026758   -41.81026758    -6.55609283    -6.55609105    -6.55551709    -6.55551486    -5.29975170    -5.29975169    -1.41731653    -1.41731651    -1.41138473    -1.41138021     3.63268908     3.63268921     3.63268921     3.63268948     3.63268948     3.63268956     3.63268991     3.63268991
  1952   -75.15484105   -75.15484105   -42.11460254   -42.11460254   -41.84048907   -41.84048899   -41.81029249   -41.81029249    -6.54964985    -6.54964762    -6.54908192    -6.54907934    -5.29528459    -5.29528458    -1.43578449    -1.43578447    -1.42981769    -1.42981226     3.63268902     3.63268918     3.63268918     3.63268949     3.63268949     3.63268958     3.63269001     3.63269001
  1953   -75.15483947   -75.15483947   -42.11460780   -42.11460780   -41.84048340   -41.84048331   -41.81031679   -41.81031679    -6.54326261    -6.54325996    -6.54270151    -6.54269868    -5.29086900    -5.29086899    -1.45398579    -1.45398577    -1.44798428    -1.44797809     3.63268897     3.63268915     3.63268915     3.63268950     3.63268951     3.63268961     3.63269009     3.63269010
  1954   -75.15483790   -75.15483790   -42.11461295   -42.11461295   -41.84047784   -41.84047774   -41.81034057   -41.81034057    -6.53693369    -6.53693066    -6.53637842    -6.53637545    -5.28650639    -5.28650639    -1.47191724    -1.47191722    -1.46588131    -1.46587455     3.63268894     3.63268913     3.63268913     3.63268951     3.63268951     3.63268963     3.63269016     3.63269016
  1955   -75.15483635   -75.15483635   -42.11461803   -42.11461803   -41.84047242   -41.84047232   -41.81036392   -41.81036392    -6.53066569    -6.53066235    -6.53011523    -6.53011222    -5.28219822    -5.28219822    -1.48957566    -1.48957563    -1.48350562    -1.48349848     3.63268892     3.63268911     3.63268912     3.63268952     3.63268952     3.63268964     3.63269020     3.63269020
  1956   -75.15483482   -75.15483482   -42.11462311   -42.11462311   -41.84046719   -41.84046708   -41.81038692   -41.81038692    -6.52446121    -6.52445765    -6.52391455    -6.52391160    -5.27794593    -5.27794593    -1.50695787    -1.50695785    -1.50085404    -1.50084671     3.63268891     3.63268911     3.63268911     3.63268952     3.63268952     3.63268964     3.63269022     3.63269022
  1957   -75.15483332   -75.15483332   -42.11462825   -42.11462825   -41.84046219   -41.84046208   -41.81040969   -41.81040969    -6.51832288    -6.51831919    -6.51777901    -6.51777618    -5.27375096    -5.27375096    -1.52406074    -1.52406072    -1.51792344    -1.51791611     3.63268892     3.63268911     3.63268911     3.63268952     3.63268952     3.63268964     3.63269022     3.63269022
  1958   -75.15483187   -75.15483186   -42.11463350   -42.11463350   -41.84045745   -41.84045735   -41.81043231   -41.81043231    -6.51225333    -6.51224961    -6.51171123    -6.51170860    -5.26961474    -5.26961473    -1.54088112    -1.54088110    -1.53471068    -1.53470355     3.63268893     3.63268912     3.63268913     3.63268951     3.63268952     3.63268963     3.63269019     3.63269020
  1959   -75.15483046   -75.15483046   -42.11463893   -42.11463893   -41.84045301   -41.84045291   -41.81045488   -41.81045488    -6.50625519    -6.50625155    -6.50571387    -6.50571150    -5.26553867    -5.26553867    -1.55741588    -1.55741586    -1.55121265    -1.55120590     3.63268896     3.63268914     3.63268914     3.63268951     3.63268951     3.63268962     3.63269015     3.63269016
  1960   -75.15482910   -75.15482910   -42.11464459   -42.11464459   -41.84044890   -41.84044881   -41.81047746   -41.81047746    -6.50033112    -6.50032766    -6.49978959    -6.49978751    -5.26152417    -5.26152416    -1.57366192    -1.57366190    -1.56742626    -1.56742005     3.63268900     3.63268916     3.63268917     3.63268950     3.63268950     3.63268960     3.63269009     3.63269009
  1961   -75.15482781   -75.15482781   -42.11465050   -42.11465050   -41.84044514   -41.84044506   -41.81050015   -41.81050015    -6.49448376    -6.49448059    -6.49394105    -6.49393929    -5.25757262    -5.25757262    -1.58961614    -1.58961613    -1.58334842    -1.58334290     3.63268905     3.63268919     3.63268919     3.63268949     3.63268949     3.63268958     3.63269001     3.63269002
  1962   -75.15482658   -75.15482658   -42.11465670   -42.11465670   -41.84044175   -41.84044168   -41.81052298   -41.81052298    -6.48871577    -6.48871299    -6.48817094    -6.48816951    -5.25368541    -5.25368540    -1.60527547    -1.60527546    -1.59897608    -1.59897136     3.63268910     3.63268923     3.63268923     3.63268947     3.63268948     3.63268955     3.63268992     3.63268993
  1963   -75.15482542   -75.15482542   -42.11466322   -42.11466322   -41.84043872   -41.84043867   -41.81054601   -41.81054601    -6.48302979    -6.48302748    -6.48248193    -6.48248083    -5.24986389    -5.24986389    -1.62063684    -1.62063683    -1.61430617    -1.61430236     3.63268916     3.63268926     3.63268926     3.63268946     3.63268946     3.63268952     3.63268982     3.63268983
  1964   -75.15482433   -75.15482433   -42.11467006   -42.11467006   -41.84043607   -41.84043603   -41.81056926   -41.81056926    -6.47742848    -6.47742672    -6.47687671    -6.47687593    -5.24610941    -5.24610941    -1.63569721    -1.63569720    -1.62933568    -1.62933284     3.63268923     3.63268930     3.63268930     3.63268944     3.63268945     3.63268949     3.63268972     3.63268972
  1965   -75.15482332   -75.15482332   -42.11467721   -42.11467721   -41.84043377   -41.84043374   -41.81059275   -41.81059275    -6.47191448    -6.47191332    -6.47135796    -6.47135749    -5.24242331    -5.24242331    -1.65045355    -1.65045354    -1.64406159    -1.64405977     3.63268929     3.63268934     3.63268934     3.63268943     3.63268943     3.63268946     3.63268960     3.63268961
  1966   -75.15482238   -75.15482238   -42.11468467   -42.11468467   -41.84043181   -41.84043180   -41.81061646   -41.81061646    -6.46649044    -6.46648992    -6.46592836    -6.46592816    -5.23880689    -5.23880689    -1.66490284    -1.66490284    -1.65848091    -1.65848011     3.63268935     3.63268937     3.63268937     3.63268941     3.63268942     3.63268943     3.63268949     3.63268949
  1967   -75.15482151   -75.15482151   -42.11469240   -42.11469240   -41.84043016   -41.84043016   -41.81064036   -41.81064036    -6.46115910    -6.46115897    -6.46059062    -6.46059057    -5.23526146    -5.23526146    -1.67904210    -1.67904210    -1.67259086    -1.67259066     3.63268938     3.63268938     3.63268940     3.63268940     3.63268940     3.63268941     3.63268941     3.63268942
  1968   -75.15482070   -75.15482070   -42.11470036   -42.11470036   -41.84042880   -41.84042878   -41.81066441   -41.81066441    -6.45592348    -6.45592270    -6.45534752    -6.45534726    -5.23178827    -5.23178827    -1.69286835    -1.69286835    -1.68638904    -1.68638788     3.63268928     3.63268928     3.63268937     3.63268939     3.63268939     3.63268944     3.63268944     3.63268947
  1969   -75.15481997   -75.15481997   -42.11470850   -42.11470850   -41.84042766   -41.84042763   -41.81068854   -41.81068854    -6.45078563    -6.45078423    -6.45020152    -6.45020107    -5.22838860    -5.22838860    -1.70637864    -1.70637863    -1.69987168    -1.69986964     3.63268918     3.63268918     3.63268934     3.63268937     3.63268937     3.63268948     3.63268948     3.63268952
  1970   -75.15481928   -75.15481928   -42.11471675   -42.11471675   -41.84042669   -41.84042665   -41.81071267   -41.81071267    -6.44574812    -6.44574615    -6.44515524    -6.44515465    -5.22506366    -5.22506366    -1.71957003    -1.71957002    -1.71303586    -1.71303302     3.63268909     3.63268909     3.63268932     3.63268936     3.63268936     3.63268950     3.63268950     3.63268957
  1971   -75.15481865   -75.15481865   -42.11472504   -42.11472504   -41.84042583   -41.84042578   -41.81073669   -41.81073669    -6.44081349    -6.44081102    -6.44021130    -6.44021060    -5.22181468    -5.22181468    -1.73243960    -1.73243960    -1.72587865    -1.72587513     3.63268901     3.63268902     3.63268930     3.63268935     3.63268935     3.63268953     3.63268953     3.63268961
  1972   -75.15481806   -75.15481806   -42.11473329   -42.11473329   -41.84042502   -41.84042496   -41.81076049   -41.81076049    -6.43598428    -6.43598137    -6.43537230    -6.43537152    -5.21864283    -5.21864283    -1.74498449    -1.74498448    -1.73839719    -1.73839310     3.63268895     3.63268896     3.63268928     3.63268934     3.63268935     3.63268954     3.63268954     3.63268964
  1973   -75.15481750   -75.15481750   -42.11474140   -42.11474140   -41.84042418   -41.84042412   -41.81078396   -41.81078396    -6.43126298    -6.43125974    -6.43064081    -6.43063999    -5.21554928    -5.21554927    -1.75720183    -1.75720181    -1.75058861    -1.75058410     3.63268891     3.63268891     3.63268927     3.63268934     3.63268934     3.63268956     3.63268956     3.63268966
  1974   -75.15481696   -75.15481696   -42.11474928   -42.11474928   -41.84042325   -41.84042318   -41.81080695   -41.81080695    -6.42665207    -6.42664859    -6.42601938    -6.42601853    -5.21253516    -5.21253516    -1.76908879    -1.76908877    -1.76245010    -1.76244531     3.63268888     3.63268888     3.63268926     3.63268933     3.63268934     3.63268957     3.63268957     3.63268968
  1975   -75.15481643   -75.15481643   -42.11475684   -42.11475684   -41.84042216   -41.84042209   -41.81082933   -41.81082933    -6.42215401    -6.42215040    -6.42151051    -6.42150968    -5.20960160    -5.20960159    -1.78064258    -1.78064257    -1.77397889    -1.77397396     3.63268886     3.63268886     3.63268926     3.63268933     3.63268934     3.63268957     3.63268957     3.63268968
  1976   -75.15481590   -75.15481590   -42.11476397   -42.11476397   -41.84042083   -41.84042076   -41.81085096   -41.81085096    -6.41777121    -6.41776757    -6.41711671    -6.41711590    -5.20674966    -5.20674966    -1.79186045    -1.79186043    -1.78517224    -1.78516731     3.63268886     3.63268886     3.63268926     3.63268933     3.63268934     3.63268957     3.63268957     3.63268968
  1977   -75.15481536   -75.15481536   -42.11477059   -42.11477059   -41.84041920   -41.84041913   -41.81087169   -41.81087169    -6.41350607    -6.41350249    -6.41284041    -6.41283965    -5.20398043    -5.20398042    -1.80273967    -1.80273966    -1.79602745    -1.79602265     3.63268888     3.63268888     3.63268926     3.63268934     3.63268934     3.63268956     3.63268956     3.63268967
  1978   -75.15481479   -75.15481479   -42.11477660   -42.11477660   -41.84041720   -41.84041714   -41.81089140   -41.81089139    -6.40936091    -6.40935750    -6.40868401    -6.40868332    -5.20129492    -5.20129491    -1.81327758    -1.81327757    -1.80654188    -1.80653734     3.63268891     3.63268891     3.63268927     3.63268934     3.63268934     3.63268955     3.63268955     3.63268966
  1979   -75.15481420   -75.15481420   -42.11478191   -42.11478191   -41.84041478   -41.84041472   -41.81090994   -41.81090994    -6.40533807    -6.40533490    -6.40464990    -6.40464928    -5.19869414    -5.19869413    -1.82347155    -1.82347154    -1.81671293    -1.81670875     3.63268895     3.63268895     3.63268928     3.63268934     3.63268935     3.63268954     3.63268954     3.63268964
  1980   -75.15481356   -75.15481356   -42.11478646   -42.11478646   -41.84041189   -41.84041184   -41.81092721   -41.81092721    -6.40143980    -6.40143696    -6.40074038    -6.40073984    -5.19617906    -5.19617906    -1.83331901    -1.83331900    -1.82653805    -1.82653433     3.63268900     3.63268900     3.63268930     3.63268935     3.63268935     3.63268952     3.63268953     3.63268961
  1981   -75.15481287   -75.15481287   -42.11479018   -42.11479018   -41.84040849   -41.84040845   -41.81094310   -41.81094310    -6.39766832    -6.39766586    -6.39695772    -6.39695727    -5.19375064    -5.19375063    -1.84281744    -1.84281743    -1.83601477    -1.83601157     3.63268905     3.63268905     3.63268931     3.63268936     3.63268936     3.63268951     3.63268951     3.63268958
  1982   -75.15481213   -75.15481213   -42.11479302   -42.11479302   -41.84040455   -41.84040451   -41.81095752   -41.81095752    -6.39402580    -6.39402377    -6.39330415    -6.39330379    -5.19140979    -5.19140978    -1.85196439    -1.85196438    -1.84514066    -1.84513803     3.63268912     3.63268912     3.63268933     3.63268937     3.63268937     3.63268949     3.63268949     3.63268955
  1983   -75.15481133   -75.15481133   -42.11479494   -42.11479494   -41.84040005   -41.84040003   -41.81097041   -41.81097041    -6.39051436    -6.39051279    -6.38978181    -6.38978155    -5.18915739    -5.18915739    -1.86075745    -1.86075745    -1.85391335    -1.85391133     3.63268918     3.63268918     3.63268935     3.63268938     3.63268938     3.63268947     3.63268947     3.63268951
  1984   -75.15481046   -75.15481046   -42.11479591   -42.11479591   -41.84039499   -41.84039497   -41.81098172   -41.81098172    -6.38713606    -6.38713496    -6.38639283    -6.38639264    -5.18699431    -5.18699430    -1.86919431    -1.86919431    -1.86233055    -1.86232915     3.63268925     3.63268925     3.63268936     3.63268938     3.63268939     3.63268945     3.63268945     3.63268948
  1985   -75.15480953   -75.15480953   -42.11479594   -42.11479594   -41.84038937   -41.84038936   -41.81099142   -41.81099142    -6.38389290    -6.38389228    -6.38313922    -6.38313912    -5.18492136    -5.18492136    -1.87727271    -1.87727271    -1.87039005    -1.87038926     3.63268932     3.63268932     3.63268938     3.63268939     3.63268939     3.63268943     3.63268943     3.63268945
  1986   -75.15480854   -75.15480854   -42.11479504   -42.11479504   -41.84038322   -41.84038321   -41.81099950   -41.81099950    -6.38078682    -6.38078665    -6.38002297    -6.38002295    -5.18293935    -5.18293935    -1.88499049    -1.88499049    -1.87808970    -1.87808949     3.63268938     3.63268938     3.63268940     3.63268940     3.63268940     3.63268941     3.63268941     3.63268941
  1987   -75.15480749   -75.15480749   -42.11479322   -42.11479322   -41.84037656   -41.84037656   -41.81100601   -41.81100600    -6.37781994    -6.37781970    -6.37704603    -6.37704599    -5.18104903    -5.18104903    -1.89234554    -1.89234554    -1.88542775    -1.88542744     3.63268939     3.63268939     3.63268939     3.63268941     3.63268941     3.63268941     3.63268944     3.63268944
  1988   -75.15480638   -75.15480638   -42.11479055   -42.11479055   -41.84036945   -41.84036944   -41.81101096   -41.81101096    -6.37499395    -6.37499333    -6.37421020    -6.37421011    -5.17925113    -5.17925113    -1.89933585    -1.89933585    -1.89240205    -1.89240126     3.63268936     3.63268938     3.63268938     3.63268941     3.63268941     3.63268943     3.63268949     3.63268949
  1989   -75.15480522   -75.15480522   -42.11478708   -42.11478708   -41.84036194   -41.84036193   -41.81101445   -41.81101445    -6.37231039    -6.37230945    -6.37151722    -6.37151708    -5.17754636    -5.17754635    -1.90595950    -1.90595950    -1.89901047    -1.89900929     3.63268934     3.63268937     3.63268937     3.63268942     3.63268942     3.63268944     3.63268953     3.63268953
  1990   -75.15480402   -75.15480402   -42.11478289   -42.11478289   -41.84035410   -41.84035408   -41.81101655   -41.81101655    -6.36977092    -6.36976972    -6.36896877    -6.36896859    -5.17593536    -5.17593536    -1.91221466    -1.91221466    -1.90525120    -1.90524969     3.63268932     3.63268936     3.63268936     3.63268942     3.63268942     3.63268945     3.63268957     3.63268957
  1991   -75.15480279   -75.15480279   -42.11477807   -42.11477807   -41.84034601   -41.84034599   -41.81101738   -41.81101738    -6.36737711    -6.36737571    -6.36656644    -6.36656625    -5.17441878    -5.17441877    -1.91809959    -1.91809959    -1.91112250    -1.91112075     3.63268931     3.63268935     3.63268935     3.63268942     3.63268943     3.63268945     3.63268959     3.63268959
  1992   -75.15480154   -75.15480154   -42.11477272   -42.11477272   -41.84033776   -41.84033773   -41.81101707   -41.81101707    -6.36513045    -6.36512893    -6.36431177    -6.36431156    -5.17299720    -5.17299719    -1.92361264    -1.92361264    -1.91662274    -1.91662084     3.63268930     3.63268934     3.63268935     3.63268943     3.63268943     3.63268946     3.63268961     3.63268961
  1993   -75.15480029   -75.15480029   -42.11476696   -42.11476696   -41.84032944   -41.84032942   -41.81101576   -41.81101576    -6.36303235    -6.36303077    -6.36220618    -6.36220597    -5.17167118    -5.17167117    -1.92875228    -1.92875227    -1.92175039    -1.92174842     3.63268930     3.63268934     3.63268934     3.63268943     3.63268943     3.63268946     3.63268962     3.63268962
  1994   -75.15479905   -75.15479905   -42.11476091   -42.11476091   -41.84032116   -41.84032114   -41.81101361   -41.81101361    -6.36108416    -6.36108258    -6.36025103    -6.36025082    -5.17044125    -5.17044124    -1.93351705    -1.93351704    -1.92650401    -1.92650204     3.63268930     3.63268934     3.63268934     3.63268942     3.63268943     3.63268946     3.63268961     3.63268962
  1995   -75.15479783   -75.15479783   -42.11475471   -42.11475471   -41.84031303   -41.84031300   -41.81101078   -41.81101078    -6.35928711    -6.35928559    -6.35844756    -6.35844736    -5.16930789    -5.16930789    -1.93790561    -1.93790561    -1.93088227    -1.93088038     3.63268930     3.63268934     3.63268935     3.63268942     3.63268943     3.63268946     3.63268961     3.63268961
  1996   -75.15479665   -75.15479664   -42.11474847   -42.11474847   -41.84030514   -41.84030511   -41.81100745   -41.81100745    -6.35764236    -6.35764095    -6.35679694    -6.35679676    -5.16827156    -5.16827156    -1.94191673    -1.94191673    -1.93488394    -1.93488219     3.63268931     3.63268935     3.63268935     3.63268942     3.63268943     3.63268945     3.63268959     3.63268959
  1997   -75.15479552   -75.15479552   -42.11474234   -42.11474234   -41.84029761   -41.84029759   -41.81100378   -41.81100378    -6.35615098    -6.35614971    -6.35530024    -6.35530008    -5.16733267    -5.16733266    -1.94554928    -1.94554927    -1.93850790    -1.93850634     3.63268932     3.63268935     3.63268936     3.63268942     3.63268942     3.63268945     3.63268957     3.63268957
  1998   -75.15479446   -75.15479446   -42.11473644   -42.11473644   -41.84029054   -41.84029052   -41.81099995   -41.81099995    -6.35481393    -6.35481284    -6.35395845    -6.35395831    -5.16649159    -5.16649158    -1.94880221    -1.94880221    -1.94175313    -1.94175179     3.63268933     3.63268936     3.63268936     3.63268942     3.63268942     3.63268944     3.63268955     3.63268955
  1999   -75.15479349   -75.15479349   -42.11473090   -42.11473090   -41.84028404   -41.84028402   -41.81099613   -41.81099613    -6.35363209    -6.35363119    -6.35277242    -6.35277231    -5.16574865    -5.16574865    -1.95167462    -1.95167462    -1.94461872    -1.94461761     3.63268934     3.63268937     3.63268937     3.63268941     3.63268942     3.63268944     3.63268952     3.63268952
  2000   -75.15479262   -75.15479262   -42.11472584   -42.11472584   -41.84027819   -41.84027818   -41.81099246   -41.81099246    -6.35260624    -6.35260553    -6.35174295    -6.35174287    -5.16510417    -5.16510417    -1.95416569    -1.95416569    -1.94710386    -1.94710300     3.63268936     3.63268938     3.63268938     3.63268941     3.63268942     3.63268943     3.63268950     3.63268950
  2001   -75.15479186   -75.15479186   -42.11472136   -42.11472136   -41.84027309   -41.84027308   -41.81098910   -41.81098910    -6.35173705    -6.35173654    -6.35087071    -6.35087065    -5.16455840    -5.16455839    -1.95627472    -1.95627472    -1.94920786    -1.94920722     3.63268937     3.63268938     3.63268939     3.63268941     3.63268941     3.63268942     3.63268947     3.63268947
  2002   -75.15479122   -75.15479122   -42.11471755   -42.11471755   -41.84026880   -41.84026879   -41.81098616   -41.81098616    -6.35102511    -6.35102477    -6.35015627    -6.35015623    -5.16411155    -5.16411155    -1.95800110    -1.95800110    -1.95093011    -1.95092969     3.63268938     3.63268939     3.63268939     3.63268940     3.63268941     3.63268942     3.63268945     3.63268945
  2003   -75.15479071   -75.15479071   -42.11471451   -42.11471451   -41.84026540   -41.84026539   -41.81098376   -41.81098376    -6.35047088    -6.35047068    -6.34960010    -6.34960008    -5.16376382    -5.16376382    -1.95934435    -1.95934435    -1.95227015    -1.95226990     3.63268939     3.63268939     3.63268940     3.63268940     3.63268941     3.63268941     3.63268943     3.63268943
  2004   -75.15479034   -75.15479034   -42.11471228   -42.11471228   -41.84026293   -41.84026293   -41.81098198   -41.81098198    -6.35007474    -6.35007465    -6.34920258    -6.34920257    -5.16351534    -5.16351534    -1.96030408    -1.96030408    -1.95322758    -1.95322747     3.63268940     3.63268940     3.63268940     3.63268940     3.63268941     3.63268941     3.63268941     3.63268942
  2005   -75.15479012   -75.15479012   -42.11471093   -42.11471093   -41.84026143   -41.84026143   -41.81098089   -41.81098089    -6.34983695    -6.34983693    -6.34896396    -6.34896395    -5.16336621    -5.16336621    -1.96088003    -1.96088003    -1.95380215    -1.95380212     3.63268940     3.63268940     3.63268940     3.63268940     3.63268940     3.63268941     3.63268941     3.63268941
  2006   -75.15479004   -75.15479004   -42.11471048   -42.11471048   -41.84026093   -41.84026093   -41.81098052   -41.81098052    -6.34975767    -6.34975767    -6.34888440    -6.34888440    -5.16331649    -5.16331649    -1.96107203    -1.96107203    -1.95399369    -1.95399369     3.63268940     3.63268940     3.63268940     3.63268940     3.63268940     3.63268940     3.63268940     3.63268940
