     0   -11.39920573    -0.80779112    -0.80779112    -0.80779112     3.15602535     4.51652328     4.51652329     4.51652329     8.83621098     8.83621098     9.77601024     9.77601024     9.77601024    10.07318356    10.07318356    10.07318356    10.09821531    10.09821531    10.09821531    10.09821531    10.09821531    10.09821531    10.09821531    10.09821531    10.09821531    10.09821531    10.09821531    10.09821531    10.09821531    10.09821531    10.09821531    10.09821531
     1   -11.39902466    -0.80799507    -0.80791618    -0.80781401     3.15622048     4.51616020     4.51640910     4.51715963     8.83590756     8.83621855     9.77581413     9.77602302     9.77618908    10.07255421    10.07314768    10.07376998    10.09812405    10.09814217    10.09818310    10.09819420    10.09820108    10.09820585    10.09820948    10.09821436    10.09821664    10.09822174    10.09822615    10.09823027    10.09823792    10.09824996    10.09832178    10.09837173
     2   -11.39848224    -0.80860676    -0.80819064    -0.80798340     3.15680580     4.51599849     4.51613759     4.51806991     8.83499737     8.83624159     9.77560014     9.77606099     9.77635167    10.07188275    10.07304243    10.07431284    10.09806806    10.09809400    10.09815320    10.09817476    10.09818771    10.09819763    10.09820428    10.09821377    10.09821837    10.09822870    10.09823838    10.09824588    10.09826191    10.09828731    10.09846985    10.09862066
     3   -11.39758081    -0.80962573    -0.80861590    -0.80829801     3.15778107     4.51545250     4.51629543     4.51925267     8.83348066     8.83628105     9.77536798     9.77612300     9.77649971    10.07117038    10.07287460    10.07481157    10.09802767    10.09806197    10.09812555    10.09815716    10.09817532    10.09819049    10.09819969    10.09821348    10.09822044    10.09823604    10.09825175    10.09826212    10.09828714    10.09832771    10.09866645    10.09897592
     4   -11.39632428    -0.81105124    -0.80919315    -0.80875674     3.15914587     4.51463555     4.51677047     4.52070595     8.83135782     8.83633853     9.77511760     9.77620666     9.77663602    10.07041893    10.07265430    10.07526556    10.09799408    10.09803813    10.09810004    10.09814151    10.09816394    10.09818434    10.09819562    10.09821343    10.09822281    10.09824365    10.09826579    10.09827900    10.09831343    10.09837157    10.09891612    10.09943793
     5   -11.39471808    -0.81288222    -0.80992340    -0.80935879     3.16089963     4.51358270     4.51752883     4.52242755     8.82862941     8.83641624     9.77484913     9.77630763     9.77676533    10.06963099    10.07239348    10.07567421    10.09796334    10.09801769    10.09807644    10.09812787    10.09815354    10.09817914    10.09819200    10.09821357    10.09822539    10.09825145    10.09827997    10.09829648    10.09834058    10.09841926    10.09922108    10.09999881
     6   -11.39276913    -0.81511733    -0.81080740    -0.81010365     3.16304164     4.51229631     4.51856917     4.52441508     8.82529617     8.83651698     9.77456288     9.77641841     9.77689556    10.06881007    10.07210460    10.07603699    10.09793346    10.09799836    10.09805446    10.09811612    10.09814405    10.09817486    10.09818881    10.09821388    10.09822815    10.09825935    10.09829389    10.09831445    10.09836835    10.09847102    10.09958155    10.10064674
     7   -11.39048584    -0.81775491    -0.81184565    -0.81099108     3.16557098     4.51077751     4.51989127     4.52666605     8.82135898     8.83664413     9.77425934     9.77652756     9.77703852    10.06796047    10.07179949    10.07635347    10.09790356    10.09797911    10.09803377    10.09810597    10.09813538    10.09817138    10.09818603    10.09821435    10.09823104    10.09826732    10.09830729    10.09833266    10.09839652    10.09852686    10.09999632    10.10136852
     8   -11.38787801    -0.82079305    -0.81303844    -0.81202112     3.16848662     4.50902728     4.52149485     4.52917786     8.81681895     8.83680162     9.77393912     9.77662217     9.77720755    10.06708715    10.07148871    10.07662341    10.09787336    10.09795953    10.09801415    10.09809702    10.09812750    10.09816853    10.09818373    10.09821496    10.09823405    10.09827531    10.09832006    10.09835087    10.09842485    10.09858659    10.10046307    10.10215108
     9   -11.38495684    -0.82422954    -0.81438586    -0.81319404     3.17178734     4.50704667     4.52337942     4.53194783     8.81167733     8.83699390     9.77360300     9.77669386     9.77741146    10.06619550    10.07118118    10.07684683    10.09784283    10.09793951    10.09799543    10.09808882    10.09812043    10.09816604    10.09818195    10.09821573    10.09823720    10.09828330    10.09833214    10.09836886    10.09845315    10.09864980    10.10097865    10.10298225
    10   -11.38173481    -0.82806188    -0.81588783    -0.81451029     3.17547178     4.50483680     4.52554419     4.53497327     8.80593561     8.83722586     9.77325192     9.77674155     9.77765179    10.06529110    10.07088414    10.07702402    10.09781205    10.09791906    10.09797751    10.09808093    10.09811424    10.09816367    10.09818075    10.09821664    10.09824049    10.09829126    10.09834347    10.09838647    10.09848124    10.09871592    10.10153916    10.10385119
    11   -11.37822565    -0.83228733    -0.81754416    -0.81597050     3.17953841     4.50239885     4.52798813     4.53825146     8.79959547     8.83750288     9.77288693     9.77676821     9.77792609    10.06437947    10.07060324    10.07715556    10.09778116    10.09789826    10.09796037    10.09807302    10.09810896    10.09816122    10.09818009    10.09821771    10.09824395    10.09829919    10.09835405    10.09840355    10.09850895    10.09878424    10.10214010    10.10474857
    12   -11.37444426    -0.83690289    -0.81935450    -0.81757543     3.18398555     4.49973412     4.53070986     4.54177971     8.79265880     8.83783068     9.77250922     9.77677747     9.77823127    10.06346596    10.07034266    10.07724233    10.09775024    10.09787721    10.09794399    10.09806488    10.09810455    10.09815856    10.09817989    10.09821893    10.09824760    10.09830706    10.09836386    10.09842001    10.09853614    10.09885396    10.10277638    10.10566660
    13   -11.37040663    -0.84190530    -0.82131843    -0.81932594     3.18881137     4.49684396     4.53370776     4.54555536     8.78512773     8.83821534     9.77212013     9.77677245     9.77856483    10.06255557    10.07010529    10.07728555    10.09771939    10.09785604    10.09792838    10.09805643    10.09810092    10.09815564    10.09818000    10.09822028    10.09825146    10.09831487    10.09837290    10.09843577    10.09856265    10.09892424    10.10344232    10.10659909
    14   -11.36612974    -0.84729106    -0.82343544    -0.82122301     3.19401389     4.49372979     4.53697991     4.54957583     8.77700463     8.83866326     9.77172112     9.77675573     9.77892482    10.06165294    10.06989285    10.07728675    10.09768868    10.09783485    10.09791355    10.09804765    10.09809793    10.09815246    10.09818030    10.09822174    10.09825554    10.09832259    10.09838117    10.09845077    10.09858832    10.09899421    10.10413165    10.10754137
    15   -11.36163150    -0.85305647    -0.82570495    -0.82326764     3.19959098     4.49039308     4.54052410     4.55383862     8.76829214     8.83918106     9.77131375     9.77672950     9.77930975    10.06076228    10.06970600    10.07724781    10.09765813    10.09781376    10.09789952    10.09803859    10.09809544    10.09814900    10.09818067    10.09822329    10.09825980    10.09833022    10.09838869    10.09846496    10.09861299    10.09906305    10.10483744    10.10849025
    16   -11.35693062    -0.85919757    -0.82812629    -0.82546093     3.20554034     4.48683536     4.54433788     4.55834135     8.75899315     8.83977555     9.77089971     9.77669575     9.77971837    10.05988737    10.06954444    10.07717102    10.09762777    10.09779288    10.09788631    10.09802926    10.09809332    10.09814528    10.09818104    10.09822491    10.09826423    10.09833772    10.09839549    10.09847830    10.09863650    10.09912998    10.10555215    10.10944393
    17   -11.35204653    -0.86571025    -0.83069878    -0.82780397     3.21185954     4.48305821     4.54841856     4.56308177     8.74911083     8.84045368     9.77048077     9.77665637     9.78014959    10.05903161    10.06940692    10.07705915    10.09759759    10.09777230    10.09787392    10.09801968    10.09809147    10.09814131    10.09818139    10.09822656    10.09826877    10.09834507    10.09840158    10.09849076    10.09865867    10.09919431    10.10626763    10.11040189
    18   -11.34699928    -0.87259015    -0.83342166    -0.83029788     3.21854601     4.47906321     4.55276321     4.56805775     8.73864867     8.84122251     9.77005882     9.77661315     9.78060243    10.05819801    10.06929128    10.07691549    10.09756756    10.09775211    10.09786239    10.09800987    10.09808978    10.09813714    10.09818170    10.09822823    10.09827336    10.09835222    10.09840702    10.09850229    10.09867935    10.09925543    10.10697521    10.11136466
    19   -11.34180942    -0.87983279    -0.83629413    -0.83294378     3.22559699     4.47485201     4.55736872     4.57326735     8.72761046     8.84208911     9.76963580     9.77656786     9.78107599    10.05738922    10.06919442    10.07674399    10.09753761    10.09773240    10.09785172    10.09799983    10.09808815    10.09813281    10.09818196    10.09822991    10.09827793    10.09835913    10.09841187    10.09851286    10.09869837    10.09931286    10.10766597    10.11233354
    20   -11.33649790    -0.88743348    -0.83931536    -0.83574277     3.23300961     4.47042624     4.56223180     4.57870874     8.71600030     8.84306053     9.76921372     9.77652225     9.78156937    10.05660758    10.06911230    10.07654937    10.09750766    10.09771325    10.09784193    10.09798953    10.09808647    10.09812843    10.09818218    10.09823160    10.09828241    10.09836571    10.09841620    10.09852242    10.09871560    10.09936623    10.10833097    10.11331018
    21   -11.33108596    -0.89538741    -0.84248448    -0.83869593     3.24078082     4.46578758     4.56734900     4.58438027     8.70382268     8.84414375     9.76879465     9.77647805     9.78208173    10.05585514    10.06903988    10.07633724    10.09747758    10.09769472    10.09783300    10.09797897    10.09808465    10.09812412    10.09818235    10.09823328    10.09828675    10.09837187    10.09842012    10.09853092    10.09873093    10.09941529    10.10896169    10.11429616
    22   -11.32559502    -0.90368961    -0.84580058    -0.84180427     3.24890743     4.46093771     4.57271678     4.59028046     8.69108240     8.84534566     9.76838069     9.77643696     9.78261223    10.05513368    10.06897113    10.07611420    10.09744721    10.09767689    10.09782493    10.09796812    10.09808256    10.09812002    10.09818249    10.09823495    10.09829091    10.09837750    10.09842375    10.09853829    10.09874429    10.09945990    10.10955037    10.11529255
    23   -11.32004655    -0.91233499    -0.84926275    -0.84506875     3.25738609     4.45587834     4.57833154     4.59640795     8.67778469     8.84667292     9.76797398     9.77640065     9.78316003    10.05444478    10.06889900    10.07588791    10.09741638    10.09765980    10.09781770    10.09795699    10.09808009    10.09811630    10.09818257    10.09823663    10.09829484    10.09838245    10.09842723    10.09854445    10.09875566    10.09950000    10.11009031    10.11629955
    24   -11.31446197    -0.92131836    -0.85287001    -0.84849027     3.26621327     4.45061117     4.58418962     4.60276151     8.66393514     8.84813202     9.76757665     9.77637077     9.78372428    10.05378980    10.06881567    10.07566694    10.09738486    10.09764351    10.09781126    10.09794556    10.09807717    10.09811309    10.09818258    10.09823830    10.09829853    10.09838660    10.09843070    10.09854933    10.09876508    10.09953563    10.11057608    10.11731626
    25   -11.30886255    -0.93063444    -0.85662139    -0.85206961     3.27538529     4.44513794     4.59028741     4.60934001     8.64953976     8.84972917     9.76719084     9.77634892     9.78430411    10.05316994    10.06871280    10.07546054    10.09735236    10.09762806    10.09780553    10.09793389    10.09807379    10.09811046    10.09818251    10.09823996    10.09830196    10.09838985    10.09843428    10.09855283    10.09877264    10.09956687    10.11100348    10.11834068
    26   -11.30326928    -0.94027785    -0.86051588    -0.85580747     3.28489829     4.43946042     4.59662132     4.61614243     8.63460502     8.85147027     9.76681869     9.77633663     9.78489863    10.05258624    10.06858224    10.07527804    10.09731858    10.09761349    10.09780039    10.09792206    10.09807004    10.09810840    10.09818233    10.09824161    10.09830513    10.09839216    10.09843805    10.09855486    10.09877851    10.09959385    10.11136956    10.11936969
    27   -11.29770276    -0.95024315    -0.86455246    -0.85970442     3.29474820     4.43358039     4.60318791     4.62316777     8.61913783     8.85336089     9.76646228     9.77633538     9.78550690    10.05203963    10.06841683    10.07512801    10.09728316    10.09759981    10.09779566    10.09791023    10.09806604    10.09810686    10.09818200    10.09824324    10.09830804    10.09839357    10.09844198    10.09855534    10.09878291    10.09961672    10.11167238    10.12039926
    28   -11.29218313    -0.96052486    -0.86873007    -0.86376090     3.30493080     4.42749968     4.60998386     4.63041508     8.60314555     8.85540619     9.76612368     9.77634656     9.78612796    10.05153095    10.06821146    10.07501728    10.09724569    10.09758704    10.09779111    10.09789865    10.09806195    10.09810571    10.09818148    10.09824485    10.09831070    10.09839418    10.09844603    10.09855425    10.09878610    10.09963563    10.11191090    10.12142464
    29   -11.28672990    -0.97111743    -0.87304765    -0.86797721     3.31544161     4.42122016     4.61700607     4.63788338     8.58663607     8.85761094     9.76580489     9.77637147     9.78676079    10.05106093    10.06796385    10.07495011    10.09720569    10.09757521    10.09778640    10.09788769    10.09805792    10.09810487    10.09818074    10.09824644    10.09831311    10.09839416    10.09845008    10.09855157    10.09878836    10.09965071    10.11208480    10.12244046
    30   -11.28136193    -0.98201531    -0.87750411    -0.87235348     3.32627599     4.41474376     4.62425168     4.64557166     8.56961776     8.85997944     9.76550786     9.77641131     9.78740432    10.05063027    10.06767498    10.07492786    10.09716264    10.09756432    10.09778111    10.09787780    10.09805406    10.09810423    10.09817972    10.09824800    10.09831526    10.09839367    10.09845403    10.09854741    10.09878996    10.09966210    10.11219434    10.12344098
    31   -11.27609727    -0.99321291    -0.88209836    -0.87688970     3.33742902     4.40807250     4.63171812     4.65347881     8.55209954     8.86251554     9.76523448     9.77646717     9.78805745    10.05023962    10.06734880    10.07494910    10.09711599    10.09755437    10.09777482    10.09786951    10.09805046    10.09810375    10.09817840    10.09824952    10.09831713    10.09839287    10.09845773    10.09854192    10.09879114    10.09966991    10.11224028    10.12442016
    32   -11.27095311    -1.00470465    -0.88682928    -0.88158564     3.34889555     4.40120847     4.63940311     4.66160363     8.53409086     8.86522257     9.76498656     9.77654000     9.78871900    10.04988962    10.06699161    10.07501033    10.09706511    10.09754539    10.09776722    10.09786323    10.09804715    10.09810335    10.09817673    10.09825099    10.09831869    10.09839193    10.09846106    10.09853540    10.09879211    10.09967423    10.11222382    10.12537178
    33   -11.26594567    -1.01648496    -0.89169572    -0.88644093     3.36067016     4.39415388     4.64730475     4.66994481     8.51560173     8.86810334     9.76476580     9.77663065     9.78938778    10.04958089    10.06661117    10.07510678    10.09700934    10.09753736    10.09775825    10.09785916    10.09804418    10.09810300    10.09817470    10.09825243    10.09831991    10.09839099    10.09846380    10.09852826    10.09879299    10.09967513    10.11214650    10.12628956
    34   -11.26109016    -1.02854827    -0.89669653    -0.89145495     3.37274716     4.38691104     4.65542150     4.67850085     8.49664275     8.87116014     9.76457386     9.77673981     9.79006252    10.04931408    10.06621589    10.07523317    10.09694802    10.09753032    10.09774813    10.09785721    10.09804152    10.09810269    10.09817231    10.09825381    10.09832073    10.09839013    10.09846569    10.09852106    10.09879388    10.09967267    10.11201027    10.12716721
    35   -11.25640066    -1.04088904    -0.90183054    -0.89662692     3.38512054     4.37948244     4.66375216     4.68727010     8.47722510     8.87439467     9.76441227     9.77686802     9.79074196    10.04908987    10.06581422    10.07538423    10.09688043    10.09752428    10.09773731    10.09785707    10.09803918    10.09810238    10.09816957    10.09825514    10.09832114    10.09838942    10.09846629    10.09851456    10.09879481    10.09966693    10.11181738    10.12799850
    36   -11.25189008    -1.05350177    -0.90709655    -0.90195582     3.39778395     4.37187070     4.67229597     4.69625075     8.45736056     8.87780810     9.76428247     9.77701567     9.79142479    10.04890896    10.06541430    10.07555504    10.09680589    10.09751925    10.09772626    10.09785841    10.09803710    10.09810207    10.09816653    10.09825640    10.09832110    10.09838884    10.09846511    10.09850959    10.09879579    10.09965794    10.11157043    10.12877735
    37   -11.24757011    -1.06638100    -0.91249337    -0.90744042     3.41073072     4.36407864     4.68105248     4.70544079     8.43706153     8.88140102     9.76418580     9.77718302     9.79210972    10.04877211    10.06502369    10.07574121    10.09672367    10.09751527    10.09771540    10.09786089    10.09803525    10.09810176    10.09816328    10.09825758    10.09832062    10.09838832    10.09846190    10.09850673    10.09879681    10.09964579    10.11127233    10.12949783
    38   -11.24345116    -1.07952133    -0.91801976    -0.91307926     3.42395379     4.35610930     4.69002165     4.71483805     8.41634102     8.88517344     9.76412352     9.77737015     9.79279544    10.04868012    10.06464926    10.07593889    10.09663306    10.09751237    10.09770511    10.09786425    10.09803356    10.09810145    10.09815992    10.09825867    10.09831974    10.09838771    10.09845702    10.09850593    10.09879781    10.09963054    10.11092634    10.13015428
    39   -11.23954230    -1.09291738    -0.92367448    -0.91887065     3.43744570     4.34796594     4.69920376     4.72444019     8.39521265     8.88912480     9.76409674     9.77757699     9.79348071    10.04863382    10.06429720    10.07614478    10.09653336    10.09751058    10.09769564    10.09786825    10.09803198    10.09810115    10.09815656    10.09825966    10.09831851    10.09838683    10.09845124    10.09850667    10.09879877    10.09961229    10.11053604    10.13074133
    40   -11.23585126    -1.10656388    -0.92945625    -0.92481268     3.45119855     4.33965210     4.70859941     4.73424473     8.37369070     8.89325398     9.76410649     9.77780330     9.79416429    10.04863411    10.06397291    10.07635605    10.09642381    10.09750993    10.09768719    10.09787274    10.09803045    10.09810086    10.09815334    10.09826052    10.09831697    10.09838547    10.09844531    10.09850837    10.09879964    10.09959113    10.11010534    10.13125393
    41   -11.23238437    -1.12045559    -0.93536381    -0.93090320     3.46520401     4.33117157     4.71820946     4.74424904     8.35179004     8.89755926     9.76415370     9.77804870     9.79484504    10.04868187    10.06368110    10.07657033    10.09630366    10.09751047    10.09767989    10.09787757    10.09802893    10.09810058    10.09815041    10.09826125    10.09831521    10.09838348    10.09843973    10.09851064    10.09880036    10.09956720    10.10963848    10.13168743
    42   -11.22914657    -1.13458735    -0.94139583    -0.93713983     3.47945322     4.32252851     4.72803504     4.75445039     8.32952618     8.90203840     9.76423916     9.77831268     9.79552188    10.04877801    10.06342574    10.07678565    10.09617207    10.09751223    10.09767381    10.09788267    10.09802737    10.09810031    10.09814788    10.09826183    10.09831328    10.09838077    10.09843472    10.09851319    10.09880088    10.09954064    10.10914004    10.13203762
    43   -11.22614138    -1.14895407    -0.94755100    -0.94351997     3.49393682     4.31372740     4.73807748     4.76484596     8.30691522     8.90668862     9.76436358     9.77859455     9.79619384    10.04892339    10.06321010    10.07700033    10.09602817    10.09751522    10.09766900    10.09788794    10.09802577    10.09810006    10.09814587    10.09826224    10.09831122    10.09837738    10.09843031    10.09851582    10.09880114    10.09951159    10.10861491    10.13230072
    44   -11.22337089    -1.16355076    -0.95382798    -0.95004077     3.50864489     4.30477310     4.74833826     4.77543284     8.28397388     8.91150659     9.76452752     9.77889351     9.79686005    10.04911881    10.06303679    10.07721303    10.09587104    10.09751948    10.09766549    10.09789333    10.09802414    10.09809983    10.09814444    10.09826247    10.09830910    10.09837341    10.09842639    10.09851836    10.09880110    10.09948025    10.10806827    10.13247348
    45   -11.22083580    -1.17837246    -0.96022541    -0.95669916     3.52356689     4.29567093     4.75881902     4.78620809     8.26071946     8.91648849     9.76473147     9.77920863     9.79751976    10.04936497    10.06290777    10.07742261    10.09569970    10.09752502    10.09766326    10.09789880    10.09802252    10.09809964    10.09814365    10.09826250    10.09830693    10.09836905    10.09842275    10.09852062    10.09880068    10.09944680    10.10750560    10.13255318
    46   -11.21853538    -1.19341432    -0.96674195    -0.96349185     3.53869163     4.28642664     4.76952145     4.79716874     8.23716984     8.92163004     9.76497577     9.77953886     9.79817238    10.04966240    10.06282440    10.07762819    10.09551313    10.09753183    10.09766231    10.09790432    10.09802095    10.09809951    10.09814348    10.09826233    10.09830477    10.09836444    10.09841923    10.09852248    10.09879981    10.09941143    10.10693258    10.13253766
    47   -11.21646755    -1.20867157    -0.97337622    -0.97041530     3.55400722     4.27704653     4.78044728     4.80831181     8.21334344     8.92692647     9.76526066     9.77988305     9.79881744    10.05001148    10.06278745    10.07782905    10.09531037    10.09753991    10.09766262    10.09790987    10.09801952    10.09809948    10.09814390    10.09826193    10.09830264    10.09835971    10.09841566    10.09852377    10.09879841    10.09937436    10.10635508    10.13242533
    48   -11.21462887    -1.22413949    -0.98012690    -0.97746575     3.56950100     4.26753745     4.79159827     4.81963434     8.18925919     8.93237260     9.76558626     9.78023996     9.79945462    10.05041230    10.06279721    10.07802461    10.09509056    10.09754925    10.09766418    10.09791543    10.09801831    10.09809959    10.09814485    10.09826130    10.09830056    10.09835496    10.09841195    10.09852437    10.09879639    10.09933581    10.10577901    10.13221521
    49   -11.21301457    -1.23981347    -0.98699272    -0.98463915     3.58515946     4.25790694     4.80297611     4.83113338     8.16493655     8.93796288     9.76595258     9.78060825     9.80008376    10.05086471    10.06285348    10.07821444    10.09485306    10.09755982    10.09766696    10.09792100    10.09801742    10.09809987    10.09814625    10.09826042    10.09829856    10.09835024    10.09840803    10.09852418    10.09879365    10.09929598    10.10521025    10.13190694
    50   -11.21161861    -1.25568895    -0.99397254    -0.99193114     3.60096817     4.24816326     4.81458245     4.84280606     8.14039542     8.94369137     9.76635948     9.78098654     9.80070483    10.05136824    10.06295564    10.07839818    10.09459760    10.09757158    10.09767095    10.09792658    10.09801695    10.09810038    10.09814801    10.09825929    10.09829664    10.09834558    10.09840384    10.09852311    10.09879008    10.09925509    10.10465444    10.13150078
    51   -11.21043375    -1.27176146    -1.00106547    -0.99933692     3.61691163     4.23831551     4.82641879     4.85464955     8.11565615     8.94955184     9.76680672     9.78137336     9.80131795    10.05192205    10.06310272    10.07857556    10.09432448    10.09758448    10.09767614    10.09793215    10.09801697    10.09810115    10.09815005    10.09825791    10.09829480    10.09834098    10.09839938    10.09852109    10.09878557    10.09921335    10.10411683    10.13099760
    52   -11.20945154    -1.28802658    -1.00827122    -1.00685093     3.63297318     4.22837379     4.83848652     4.86666108     8.09073949     8.95553776     9.76729394     9.78176720     9.80192341    10.05252496    10.06329342    10.07874634    10.09403472    10.09759846    10.09768251    10.09793773    10.09801758    10.09810222    10.09815230    10.09825630    10.09829304    10.09833645    10.09839465    10.09851809    10.09878000    10.09917097    10.10360203    10.13039892
    53   -11.20866245    -1.30447997    -1.01559080    -1.01446614     3.64913479     4.21834936     4.85078685     4.87883800     8.06566652     8.96164237     9.76782062     9.78216654     9.80252158    10.05317538    10.06352616    10.07891026    10.09373029    10.09761347    10.09769006    10.09794332    10.09801884    10.09810361    10.09815468    10.09825448    10.09829131    10.09833198    10.09838964    10.09851408    10.09877328    10.09912813    10.10311389    10.12970687
    54   -11.20805587    -1.32111737    -1.02302854    -1.02217210     3.66537681     4.20825489     4.86332076     4.89117773     8.04045868     8.96785875     9.76838614     9.78256977     9.80311300    10.05387134    10.06379916    10.07906706    10.09341426    10.09762942    10.09769879    10.09794895    10.09802080    10.09810536    10.09815713    10.09825248    10.09828959    10.09832758    10.09838438    10.09850907    10.09876528    10.09908503    10.10265529    10.12892420
    55   -11.20762026    -1.33793456    -1.03059702    -1.02994997     3.68167773     4.19810471     4.87608904     4.90367778     8.01513765     8.97417979     9.76898973     9.78297532     9.80369832    10.05461046    10.06411043    10.07921640    10.09309085    10.09764625    10.09770871    10.09795465    10.09802350    10.09810747    10.09815960    10.09825034    10.09828783    10.09832322    10.09837887    10.09850307    10.09875592    10.09904183    10.10222806    10.12805425
    56   -11.20734313    -1.35492738    -1.03832282    -1.03776684     3.69801371     4.18791528     4.88909220     4.91633578     7.98972538     8.98059834     9.76963049     9.78338157     9.80427828    10.05538999    10.06445785    10.07935785    10.09276545    10.09766387    10.09771981    10.09796045    10.09802693    10.09810997    10.09816204    10.09824810    10.09828598    10.09831892    10.09837313    10.09849611    10.09874512    10.09899870    10.10183300    10.12710094
    57   -11.20721119    -1.37209175    -1.04622214    -1.04560008     3.71435810     4.17770565     4.90233048     4.92914949     7.96424398     8.98710718     9.77030739     9.78378689     9.80485376    10.05620679    10.06483917    10.07949086    10.09244457    10.09768221    10.09773212    10.09796641    10.09803109    10.09811285    10.09816441    10.09824579    10.09828401    10.09831465    10.09836719    10.09848824    10.09873280    10.09895576    10.10146996    10.12606875
    58   -11.20721040    -1.38942360    -1.05426542    -1.05347279     3.73068070     4.16749822     4.91580381     4.94211674     7.93871571     8.99369910     9.77101925     9.78418968     9.80542571    10.05705735    10.06525204    10.07961474    10.09213559    10.09770116    10.09774564    10.09797259    10.09803596    10.09811612    10.09816670    10.09824345    10.09828188    10.09831041    10.09836106    10.09847951    10.09871893    10.09891316    10.10113796    10.12496269
    59   -11.20732605    -1.40691894    -1.06241656    -1.06141457     3.74694676     4.15731973     4.92951183     4.95523552     7.91316293     9.00036700     9.77176477     9.78458831     9.80599518    10.05793784    10.06569405    10.07972864    10.09184663    10.09772067    10.09776040    10.09797905    10.09804149    10.09811978    10.09816886    10.09824112    10.09827955    10.09830619    10.09835476    10.09846998    10.09870348    10.09887100    10.10083541    10.12378826
    60   -11.20754287    -1.42457383    -1.07065566    -1.06943880     3.76311565     4.14720259     4.94345381     4.96850391     7.88760804     9.00710385     9.77254250     9.78498121     9.80656328    10.05884411    10.06616272    10.07983162    10.09158625    10.09774064    10.09777639    10.09798587    10.09804762    10.09812381    10.09817091    10.09823884    10.09827701    10.09830197    10.09834830    10.09845971    10.09868644    10.09882939    10.10056031    10.12255144
    61   -11.20784507    -1.44238434    -1.07897188    -1.07754983     3.77913896     4.13718676     4.95762872     4.98192013     7.86207345     9.01390284     9.77335088     9.78536681     9.80713121    10.05977174    10.06665552    10.07992268    10.09136314    10.09776103    10.09779363    10.09799311    10.09805430    10.09812819    10.09817281    10.09823662    10.09827426    10.09829774    10.09834170    10.09844877    10.09866784    10.09878840    10.10031043    10.12125864
    62   -11.20821648    -1.46034661    -1.08735794    -1.08574848     3.79495787     4.12732244     4.97203514     4.99548251     7.83658151     9.02075738     9.77418821     9.78574359     9.80770023    10.06071605    10.06716983    10.08000091    10.09118593    10.09778182    10.09781208    10.09800082    10.09806148    10.09813289    10.09817459    10.09823450    10.09827129    10.09829347    10.09833497    10.09843722    10.09864772    10.09874811    10.10008345    10.11991666
    63   -11.20864060    -1.47845679    -1.09580807    -1.09403412     3.81049940     4.11767371     4.98667129     5.00918951     7.81115452     9.02766117     9.77505268     9.78611009     9.80827161    10.06167220    10.06770296    10.08006559    10.09106279    10.09780301    10.09783170    10.09800906    10.09806910    10.09813787    10.09817625    10.09823250    10.09826813    10.09828915    10.09832813    10.09842514    10.09862612    10.09870858    10.09987712    10.11853264
    64   -11.20910069    -1.49671109    -1.10431721    -1.10240547     3.82567121     4.10832385     5.00153502     5.02303969     7.78581460     9.03460826     9.77594236     9.78646493     9.80884668    10.06263520    10.06825203    10.08011644    10.09100123    10.09782466    10.09785239    10.09801787    10.09807711    10.09814309    10.09817780    10.09823063    10.09826479    10.09828474    10.09832118    10.09841259    10.09860313    10.09866987    10.09968928    10.11711404
    65   -11.20957989    -1.51510571    -1.11288077    -1.11086090     3.84035433     4.09938251     5.01662380     5.03703174     7.76058373     9.04159311     9.77685522     9.78680684     9.80942676    10.06360006    10.06881396    10.08015379    10.09100783    10.09784685    10.09787405    10.09802729    10.09808546    10.09814848    10.09817929    10.09822891    10.09826130    10.09828025    10.09831413    10.09839964    10.09857885    10.09863200    10.09951794    10.11566860
    66   -11.21006125    -1.53363691    -1.12149444    -1.11939862     3.85439332     4.09099559     5.03193473     5.05116446     7.73548365     9.04861062     9.77778915     9.78713464     9.81001317    10.06456183    10.06938531    10.08017875    10.09108801    10.09786966    10.09789658    10.09803734    10.09809412    10.09815400    10.09818076    10.09822734    10.09825769    10.09827565    10.09830697    10.09838635    10.09855338    10.09859502    10.09936131    10.11420428
    67   -11.21052785    -1.55230097    -1.13015418    -1.12801670     3.86758403     4.08335749     5.04746451     5.06543678     7.71053587     9.05565620     9.77874197     9.78744733     9.81060719    10.06551582    10.06996216    10.08019335    10.09124592    10.09789317    10.09791988    10.09804807    10.09810304    10.09815957    10.09818226    10.09822591    10.09825399    10.09827096    10.09829972    10.09837278    10.09852684    10.09855896    10.09921780    10.11272921
    68   -11.21096290    -1.57109418    -1.13885617    -1.13671315     3.87966047     4.07672420     5.06320948     5.07984771     7.68576161     9.06272583     9.77971143     9.78774409     9.81121003    10.06645772    10.07053991    10.08020053    10.09148445    10.09791745    10.09794388    10.09805947    10.09811221    10.09816512    10.09818385    10.09822461    10.09825022    10.09826616    10.09829238    10.09835897    10.09849934    10.09852385    10.09908600    10.11125169
    69   -11.21134974    -1.59001286    -1.14759684    -1.14548593     3.89028694     4.07142119     5.07916560     5.09439640     7.66118174     9.06981606     9.78069525     9.78802427     9.81182283    10.06738384    10.07111309    10.08020407    10.09180527    10.09794256    10.09796852    10.09807158    10.09812160    10.09817057    10.09818563    10.09822343    10.09824641    10.09826127    10.09828494    10.09834499    10.09847103    10.09848971    10.09896470    10.10978014
    70   -11.21167203    -1.60905335    -1.15637281    -1.15433296     3.89906871     4.06783271     5.09532849     5.10908206     7.63681681     9.07692410     9.78169111     9.78828748     9.81244659    10.06829125    10.07167526    10.08020844    10.09220893    10.09796855    10.09799376    10.09808440    10.09813120    10.09817584    10.09818768    10.09822236    10.09824260    10.09825631    10.09827742    10.09833086    10.09844207    10.09845653    10.09885284    10.10832304
    71   -11.21191370    -1.62821201    -1.16518097    -1.16325214     3.90560089     4.06635295     5.11169338     5.12390404     7.61268699     9.08404783     9.78269670     9.78853356     9.81308222    10.06917794    10.07221891    10.08021854    10.09269504    10.09799545    10.09801958    10.09809796    10.09814099    10.09818085    10.09819012    10.09822136    10.09823881    10.09825128    10.09826980    10.09831663    10.09841266    10.09842427    10.09874953    10.10688895
    72   -11.21205911    -1.64748522    -1.17401842    -1.17224135     3.90956473     4.06728966     5.12825518     5.13886176     7.58881204     9.09118583     9.78370974     9.78876264     9.81373041    10.07004291    10.07273559    10.08023941    10.09326239    10.09802333    10.09804594    10.09811227    10.09815097    10.09818554    10.09819303    10.09822043    10.09823508    10.09824620    10.09826212    10.09830230    10.09838307    10.09839280    10.09865400    10.10548645
    73   -11.21209308    -1.66686937    -1.18288254    -1.18129848     3.91083882     4.07075303     5.14500849     5.15395475     7.56521130     9.09833744     9.78472795     9.78897512     9.81439173    10.07088612    10.07321628    10.08027579    10.09390903    10.09805224    10.09807285    10.09812735    10.09816115    10.09818997    10.09819641    10.09821953    10.09823143    10.09824109    10.09825436    10.09828791    10.09835361    10.09836198    10.09856563    10.10412415
    74   -11.21200094    -1.68636088    -1.19177092    -1.19042139     3.90955066     4.07660403     5.16194756     5.16918260     7.54190367     9.10550273     9.78574912     9.78917168     9.81506652    10.07170833    10.07365200    10.08033156    10.09463229    10.09808224    10.09810029    10.09814323    10.09817152    10.09819433    10.09820012    10.09821866    10.09822790    10.09823595    10.09824656    10.09827346    10.09832455    10.09833168    10.09848388    10.10281066
    75   -11.21176862    -1.70595619    -1.20068143    -1.19960796     3.90602509     4.08450608     5.17906640     5.18454500     7.51890761     9.11268256     9.78677114     9.78935329     9.81575495    10.07251091    10.07403472    10.08040911    10.09542886    10.09811341    10.09812825    10.09815992    10.09818211    10.09819886    10.09820398    10.09821780    10.09822450    10.09823079    10.09823874    10.09825897    10.09829608    10.09830185    10.09840830    10.10155456
    76   -11.21138265    -1.72565175    -1.20961222    -1.20885606     3.90067187     4.09403736     5.19635872     5.20004171     7.49624113     9.11987858     9.78779195     9.78952122     9.81645697    10.07329552    10.07435834    10.08050861    10.09629474    10.09814588    10.09815673    10.09817747    10.09819292    10.09820379    10.09820784    10.09821694    10.09822126    10.09822562    10.09823090    10.09824444    10.09826833    10.09827248    10.09833854    10.10036439
    77   -11.21083027    -1.74544404    -1.21856166    -1.21816358     3.89388768     4.10478883     5.21381800     5.21567257     7.47392175     9.12709321     9.78880961     9.78967697     9.81717234    10.07406387    10.07461940    10.08062758    10.09722530    10.09817978    10.09818575    10.09819592    10.09820398    10.09820924    10.09821162    10.09821611    10.09821820    10.09822046    10.09822308    10.09822988    10.09824139    10.09824361    10.09827429    10.09924858
    78   -11.21009940    -1.76532958    -1.22752841    -1.22752841     3.88600650     4.11641389     5.23143748     5.23143748     7.45196657     9.13432965     9.78982231     9.78982231     9.81790065    10.07481743    10.07481743    10.08076095    10.09821531    10.09821531    10.09821531    10.09821531    10.09821531    10.09821531    10.09821531    10.09821531    10.09821531    10.09821531    10.09821531    10.09821531    10.09821531    10.09821531    10.09821531    10.09821531
    79   -11.20917877    -1.78530489    -1.23694848    -1.23651140     3.87728906     4.12863890     5.24733640     5.24921025     7.43039218     9.14159189     9.78995922     9.79082836     9.81864128    10.07495458    10.07555720    10.08090173    10.09727235    10.09816136    10.09818762    10.09819014    10.09820073    10.09820761    10.09821018    10.09821259    10.09821456    10.09821892    10.09822200    10.09822694    10.09823568    10.09824544    10.09825271    10.09925897
    80   -11.20805783    -1.80536654    -1.24642171    -1.24550980     3.86793138     4.14125459     5.26336935     5.26712919     7.40921476     9.14888465     9.79008984     9.79182619     9.81939349    10.07503475    10.07628345    10.08104232    10.09642679    10.09811227    10.09816061    10.09816594    10.09818619    10.09820001    10.09820511    10.09821002    10.09821392    10.09822251    10.09822934    10.09823890    10.09825708    10.09827618    10.09829233    10.10035005
    81   -11.20672691    -1.82551112    -1.25594606    -1.25452305     3.85807859     4.15410233     5.27953640     5.28518709     7.38845002     9.15621338     9.79021649     9.79281440     9.82015638    10.07506264    10.07699548    10.08117608    10.09568458    10.09806785    10.09813434    10.09814275    10.09817172    10.09819255    10.09820010    10.09820759    10.09821341    10.09822611    10.09823727    10.09825122    10.09827953    10.09830761    10.09833460    10.10148193
    82   -11.20517713    -1.84573527    -1.26551952    -1.26355085     3.84783778     4.16706117     5.29583766     5.30337661     7.36811325     9.16358423     9.79034159     9.79379173     9.82092894    10.07504282    10.07769116    10.08129904    10.09505011    10.09802791    10.09810885    10.09812065    10.09815736    10.09818526    10.09819520    10.09820528    10.09821309    10.09822979    10.09824575    10.09826391    10.09830304    10.09833980    10.09838011    10.10264774
    83   -11.20340049    -1.86603564    -1.27514010    -1.27259314     3.83728829     4.18003765     5.31227331     5.32169035     7.34821932     9.17100399     9.79046762     9.79475705     9.82171007    10.07497925    10.07836610    10.08141168    10.09452563    10.09799226    10.09808421    10.09809972    10.09814319    10.09817817    10.09819042    10.09820306    10.09821301    10.09823363    10.09825471    10.09827698    10.09832756    10.09837290    10.09842963    10.10384044
    84   -11.20138985    -1.88640896    -1.28480583    -1.28165008     3.82648927     4.19295817     5.32884352     5.34012088     7.32878271     9.17848006     9.79059712     9.79570939     9.82249860    10.07487499    10.07901200    10.08152115    10.09411091    10.09796065    10.09806049    10.09808005    10.09812926    10.09817131    10.09818581    10.09820094    10.09821320    10.09823768    10.09826409    10.09829043    10.09835301    10.09840703    10.09848419    10.10505287
    85   -11.19913892    -1.90685198    -1.29451480    -1.29072209     3.81548515     4.20576357     5.34554852     5.35866076     7.30981753     9.18602040     9.79073261     9.79664793     9.82329332    10.07473230    10.07961311    10.08164480    10.09380299    10.09793281    10.09803775    10.09806178    10.09811566    10.09816471    10.09818140    10.09819890    10.09821369    10.09824202    10.09827380    10.09830423    10.09837926    10.09844237    10.09854513    10.10627788
    86   -11.19664233    -1.92736151    -1.30426512    -1.29980978     3.80430955     4.21840520     5.36238856     5.37730259     7.29133751     9.19363345     9.79087656     9.79757196     9.82409298    10.07455277    10.08014076    10.08181530    10.09359639    10.09790836    10.09801612    10.09804505    10.09810247    10.09815842    10.09817723    10.09819697    10.09821453    10.09824673    10.09828378    10.09831835    10.09840612    10.09847908    10.09861424    10.10750836
    87   -11.19389554    -1.94793442    -1.31405493    -1.30891400     3.79298804     4.23084218     5.37936392     5.39603905     7.27335610     9.20132808     9.79103140     9.79848092     9.82489635    10.07433764    10.08055517    10.08207800    10.09348343    10.09788689    10.09799569    10.09803006    10.09808977    10.09815244    10.09817335    10.09819518    10.09821573    10.09825186    10.09829397    10.09833274    10.09843339    10.09851730    10.09869380    10.10873727
    88   -11.19089491    -1.96856762    -1.32388243    -1.31803576     3.78154013     4.24303942     5.39647486     5.41486291     7.25588641     9.20911353     9.79119944     9.79937436     9.82570219    10.07408807    10.08083890    10.08245651    10.09345490    10.09786786    10.09797659    10.09801699    10.09807764    10.09814681    10.09816979    10.09819354    10.09821734    10.09825749    10.09830432    10.09834734    10.09846086    10.09855712    10.09878676    10.10995775
    89   -11.18763764    -1.98925810    -1.33374584    -1.32717626     3.76998073     4.25496617     5.41372169     5.43376710     7.23894131     9.21699931     9.79138284     9.80025196     9.82650929    10.07380532    10.08102694    10.08292179    10.09350051    10.09785071    10.09795895    10.09800603    10.09806620    10.09814154    10.09816659    10.09819212    10.09821937    10.09826366    10.09831481    10.09836211    10.09848837    10.09859860    10.09889687    10.11116307
    90   -11.18412177    -2.01000291    -1.34364344    -1.33633687     3.75832123     4.26659498     5.43110469     5.45274472     7.22253340     9.22499516     9.79158365     9.80111347     9.82731648    10.07349095    10.08117072    10.08342747    10.09360930    10.09783487    10.09794282    10.09799731    10.09805556    10.09813665    10.09816379    10.09819097    10.09822189    10.09827043    10.09832540    10.09837701    10.09851579    10.09864175    10.09902876    10.11234674
    91   -11.18034618    -2.03079918    -1.35357355    -1.34551911     3.74657023     4.27790097     5.44862415     5.47178909     7.20667508     9.23311094     9.79180369     9.80195877     9.82812264    10.07314681    10.08130552    10.08394219    10.09376978    10.09781986    10.09792822    10.09799079    10.09804587    10.09813215    10.09816139    10.09819013    10.09822495    10.09827783    10.09833607    10.09839200    10.09854302    10.09868653    10.09918814    10.11350249
    92   -11.17631051    -2.05164411    -1.36353452    -1.35472462     3.73473422     4.28886121     5.46628036     5.49089378     7.19137855     9.24135657     9.79204464     9.80278780     9.82892668    10.07277504    10.08145085    10.08444917    10.09397000    10.09780533    10.09791511    10.09798618    10.09803735    10.09812803    10.09815939    10.09818967    10.09822861    10.09828588    10.09834680    10.09840706    10.09857002    10.09873290    10.09938173    10.11462434
    93   -11.17201523    -2.07253496    -1.37352476    -1.36395515     3.72281796     4.29945432     5.48407358     5.51005268     7.17665584     9.24974191     9.79230793     9.80360059     9.82972760    10.07237797    10.08161715    10.08493977    10.09419761    10.09779113    10.09790338    10.09798292    10.09803031    10.09812430    10.09815777    10.09818963    10.09823298    10.09829458    10.09835759    10.09842219    10.09859679    10.09878083    10.09961710    10.11570658
    94   -11.16746152    -2.09346911    -1.38354272    -1.37321256     3.71082489     4.30966016     5.50200407     5.52925997     7.16251884     9.25827674     9.79259479     9.80439723     9.83052442    10.07195806    10.08180975    10.08540969    10.09444015    10.09777722    10.09789295    10.09798021    10.09802512    10.09812096    10.09815647    10.09819003    10.09823812    10.09830391    10.09836842    10.09843741    10.09862336    10.09883028    10.09990222    10.11674387
    95   -11.16265129    -2.11444400    -1.39358689    -1.38249878     3.69875739     4.31945957     5.52007202     5.54851022     7.14897931     9.26697062     9.79290622     9.80517786     9.83131623    10.07151782    10.08203100    10.08585716    10.09468574    10.09776369    10.09788372    10.09797723    10.09802205    10.09811801    10.09815542    10.09819089    10.09824411    10.09831381    10.09837930    10.09845274    10.09864979    10.09888124    10.10024463    10.11773117
    96   -11.15758710    -2.13545717    -1.40365583    -1.39181579     3.68661700     4.32883423     5.53827765     5.56779839     7.13604889     9.27583282     9.79324300     9.80594268     9.83210219    10.07105980    10.08228125    10.08628205    10.09492398    10.09775062    10.09787563    10.09797354    10.09802104    10.09811545    10.09815457    10.09819215    10.09825098    10.09832419    10.09839022    10.09846823    10.09867616    10.09893374    10.10065041    10.11866386
    97   -11.15227221    -2.15650626    -1.41374811    -1.40116562     3.67440460     4.33776651     5.55662109     5.58711987     7.12373912     9.28487227     9.79360568     9.80669192     9.83288149    10.07058654    10.08255952    10.08668526    10.09514687    10.09773814    10.09786860    10.09796917    10.09802161    10.09811329    10.09815384    10.09819374    10.09825872    10.09833492    10.09840117    10.09848391    10.09870256    10.09898781    10.10112319    10.11953771
    98   -11.14671043    -2.17758899    -1.42386235    -1.41055032     3.66212057     4.34623937     5.57510244     5.60647053     7.11206147     9.29409745     9.79399456     9.80742585     9.83365337    10.07010061    10.08286388    10.08706840    10.09534940    10.09772632    10.09786261    10.09796439    10.09802313    10.09811155    10.09815319    10.09819559    10.09826723    10.09834585    10.09841214    10.09849982    10.09872911    10.09904354    10.10166361    10.12034890
    99   -11.14090616    -2.19870320    -1.43399725    -1.41997191     3.64976489     4.35423636     5.59372175     5.62584673     7.10102728     9.30351633     9.79440974     9.80814475     9.83441712    10.06960460    10.08319166    10.08743345    10.09552944    10.09771522    10.09785759    10.09795950    10.09802511    10.09811022    10.09815262    10.09819761    10.09827640    10.09835678    10.09842313    10.09851597    10.09875590    10.09910104    10.10226936    10.12109406
   100   -11.13486433    -2.21984681    -1.44415150    -1.42943243     3.63733729     4.36174152     5.61247901     5.64524537     7.09064783     9.31313626     9.79485109     9.80884892     9.83517207    10.06910118    10.08353971    10.08778256    10.09568726    10.09770486    10.09785350    10.09795473    10.09802720    10.09810932    10.09815212    10.09819972    10.09828606    10.09836753    10.09843411    10.09853237    10.09878305    10.09916045    10.10293585    10.12177027
   101   -11.12859032    -2.24101786    -1.45432386    -1.43893385     3.62483726     4.36873944     5.63137414     5.66466391     7.08093426     9.32296398     9.79531827     9.80953867     9.83591757    10.06859308    10.08390449    10.08811785    10.09582463    10.09769524    10.09785028    10.09795021    10.09802924    10.09810884    10.09815173    10.09820189    10.09829600    10.09837793    10.09844505    10.09854896    10.09881061    10.09922194    10.10365699    10.12237506
   102   -11.12208998    -2.26221449    -1.46451313    -1.44847809     3.61226419     4.37521521     5.65040698     5.68410040     7.07189762     9.33300547     9.79581074     9.81021432     9.83665302    10.06808314    10.08428224    10.08844132    10.09594412    10.09768634    10.09784785    10.09794605    10.09803114    10.09810876    10.09815153    10.09820410    10.09830607    10.09838785    10.09845592    10.09856567    10.09883863    10.09928568    10.10442596    10.12290645
   103   -11.11536952    -2.28343495    -1.47471813    -1.45806700     3.59961740     4.38115449     5.66957729     5.70355351     7.06354878     9.34326593     9.79632779     9.81087616     9.83737784    10.06757428    10.08466909    10.08875472    10.09604851    10.09767813    10.09784612    10.09794228    10.09803289    10.09810900    10.09815163    10.09820633    10.09831608    10.09839719    10.09846668    10.09858240    10.09886711    10.09935187    10.10523581    10.12336293
   104   -11.10843551    -2.30467759    -1.48493773    -1.46770232     3.58689620     4.38654355     5.68888472     5.72302256     7.05589847     9.35374975     9.79686850     9.81152448     9.83809147    10.06706955    10.08506116    10.08905948    10.09614046    10.09767058    10.09784500    10.09793895    10.09803448    10.09810947    10.09815217    10.09820859    10.09832588    10.09840592    10.09847728    10.09859904    10.09889598    10.09942068    10.10607974    10.12374345
   105   -11.10129481    -2.32594087    -1.49517083    -1.47738568     3.57409994     4.39136930     5.70832882     5.74250753     7.04895720     9.36446040     9.79743184     9.81215953     9.83879341    10.06657206    10.08545469    10.08935673    10.09622235    10.09766363    10.09784438    10.09793606    10.09803594    10.09811001    10.09815340    10.09821089    10.09833533    10.09841404    10.09848769    10.09861546    10.09892514    10.09949228    10.10695127    10.12404745
   106   -11.09395456    -2.34722337    -1.50541637    -1.48711858     3.56122804     4.39561937     5.72790903     5.76200910     7.04273522     9.37540044     9.79801659     9.81278155     9.83948314    10.06608504    10.08584616    10.08964719    10.09629617    10.09765726    10.09784414    10.09793362    10.09803727    10.09811043    10.09815556    10.09821325    10.09834430    10.09842161    10.09849785    10.09863158    10.09895440    10.09956679    10.10784423    10.12427481
   107   -11.08642208    -2.36852374    -1.51567329    -1.49690236     3.54828002     4.39928218     5.74762463     5.78152866     7.03724251     9.38657143     9.79862144     9.81339073     9.84016020    10.06561177    10.08623232    10.08993120    10.09636359    10.09765144    10.09784418    10.09793160    10.09803850    10.09811054    10.09815890    10.09821571    10.09835265    10.09842872    10.09850772    10.09864731    10.09898357    10.09964425    10.10875272    10.12442589
   108   -11.07870487    -2.38984078    -1.52594058    -1.50673823     3.53525553     4.40234701     5.76747478     5.80106833     7.03248870     9.39797395     9.79924494     9.81398722     9.84082415    10.06515556    10.08661037    10.09020871    10.09642595    10.09764615    10.09784439    10.09792997    10.09803961    10.09811022    10.09816358    10.09821828    10.09836026    10.09843545    10.09851727    10.09866258    10.09901239    10.09972465    10.10967108    10.12450148
   109   -11.07081055    -2.41117337    -1.53621726    -1.51662720     3.52215441     4.40480408     5.78745845     5.82063100     7.02848302     9.40960753     9.79988559     9.81457112     9.84147460    10.06471976    10.08697793    10.09047928    10.09648431    10.09764139    10.09784470    10.09792871    10.09804061    10.09810943    10.09816965    10.09822102    10.09836703    10.09844194    10.09852643    10.09867737    10.09904060    10.09980784    10.11059377    10.12450278
   110   -11.06274681    -2.43252049    -1.54650236    -1.52657007     3.50897663     4.40664465     5.80757441     5.84022030     7.02523426     9.42147067     9.80054178     9.81514248     9.84211119    10.06430771    10.08733316    10.09074213    10.09653950    10.09763716    10.09784503    10.09792775    10.09804149    10.09810827    10.09817702    10.09822399    10.09837287    10.09844828    10.09853516    10.09869165    10.09906791    10.09989357    10.11151535    10.12443143
   111   -11.05452140    -2.45388122    -1.55679492    -1.53656748     3.49572240     4.40786110     5.82782125     5.85984067     7.02275068     9.43356076     9.80121186     9.81570129     9.84273359    10.06392271    10.08767467    10.09099619    10.09659212    10.09763347    10.09784535    10.09792703    10.09804220    10.09810685    10.09818545    10.09822732    10.09837771    10.09845457    10.09854341    10.09870540    10.09909405    10.09998145    10.11243039    10.12428947
   112   -11.04614206    -2.47525474    -1.56709401    -1.54661983     3.48239212     4.40844701     5.84819727     5.87949737     7.02104001     9.44587415     9.80189415     9.81624747     9.84334155    10.06356801    10.08800157    10.09124018    10.09664263    10.09763036    10.09784563    10.09792651    10.09804275    10.09810533    10.09819456    10.09823122    10.09838153    10.09846086    10.09855113    10.09871861    10.09911875    10.10007093    10.11333338    10.12407933
   113   -11.03761648    -2.49664032    -1.57739872    -1.55672730     3.46898641     4.40839723     5.86870052     5.89919644     7.02010931     9.45840608     9.80258694     9.81678090     9.84393486    10.06324675    10.08831338    10.09147270    10.09669131    10.09762787    10.09784589    10.09792612    10.09804310    10.09810387    10.09820374    10.09823608    10.09838435    10.09846718    10.09855827    10.09873128    10.09914173    10.10016134    10.11421874    10.12380392
   114   -11.02895229    -2.51803733    -1.58770815    -1.56688984     3.45550614     4.40770798     5.88932874     5.91894481     7.01996498     9.47115072     9.80328853     9.81730138     9.84451338    10.06296196    10.08860995    10.09169232    10.09673836    10.09762605    10.09784613    10.09792581    10.09804324    10.09810261    10.09821218    10.09824248    10.09838623    10.09847351    10.09856479    10.09874337    10.09916275    10.10025183    10.11508061    10.12346660
   115   -11.02015703    -2.53944520    -1.59802138    -1.57710718     3.44195241     4.40637689     5.91007927     5.93875026     7.02061269     9.48410114     9.80399723     9.81780867     9.84507703    10.06271651    10.08889138    10.09189769    10.09678383    10.09762496    10.09784639    10.09792553    10.09804318    10.09810168    10.09821912    10.09825088    10.09838724    10.09847981    10.09857064    10.09875485    10.09918156    10.10034144    10.11591271    10.12307148
   116   -11.01123806    -2.56086346    -1.60833754    -1.58737877     3.42832657     4.40440310     5.93094908     5.95862145     7.02205731     9.49724938     9.80471137     9.81830245     9.84562581    10.06251310    10.08915795    10.09208759    10.09682772    10.09762467    10.09784672    10.09792526    10.09804296    10.09810116    10.09822445    10.09826114    10.09838750    10.09848604    10.09857580    10.09876567    10.09919791    10.10042910    10.11670784    10.12262378
   117   -11.00220260    -2.58229170    -1.61865574    -1.59770385     3.41463024     4.40178727     5.95193467     5.97856796     7.02430287     9.51058640     9.80542935     9.81878237     9.84615979    10.06235420    10.08941002    10.09226100    10.09686994    10.09762527    10.09784714    10.09792498    10.09804264    10.09810109    10.09822854    10.09827253    10.09838713    10.09849212    10.09858023    10.09877576    10.09921159    10.10051364    10.11745662    10.12213113
   118   -10.99305768    -2.60372958    -1.62897511    -1.60808141     3.40086527     4.39853167     5.97303201     5.99860028     7.02735254     9.52410218     9.80614961     9.81924804     9.84667913    10.06224206    10.08964796    10.09241714    10.09691038    10.09762683    10.09784773    10.09792470    10.09804231    10.09810147    10.09823180    10.09828432    10.09838624    10.09849799    10.09858392    10.09878503    10.09922235    10.10059384    10.11814366    10.12160733
   119   -10.98381008    -2.62517685    -1.63929476    -1.61851016     3.38703381     4.39464015     5.99423653     6.01872986     7.03120856     9.53778565     9.80687065     9.81969904     9.84718408    10.06217867    10.08987211    10.09255546    10.09694887    10.09762946    10.09784852    10.09792442    10.09804205    10.09810229    10.09823451    10.09829589    10.09838499    10.09850356    10.09858686    10.09879341    10.09922999    10.10066849    10.11873313    10.12108690
   120   -10.97446638    -2.64663327    -1.64961382    -1.62898859     3.37313824     4.39011821     6.01554311     6.03896902     7.03587226     9.55162480     9.80759107     9.82013491     9.84767493    10.06216572    10.09008272    10.09267564    10.09698522    10.09763323    10.09784958    10.09792419    10.09804197    10.09810350    10.09823681    10.09830673    10.09838352    10.09850874    10.09858907    10.09880076    10.09923427    10.10073640    10.11910677    10.12068694
   121   -10.96503286    -2.66809870    -1.65993140    -1.63951495     3.35918124     4.38497297     6.03694604     6.05933096     7.04134399     9.56560670     9.80830957     9.82055523     9.84815210    10.06220461    10.09027994    10.09277760    10.09701925    10.09763822    10.09785095    10.09792406    10.09804216    10.09810505    10.09823876    10.09831640    10.09838203    10.09851345    10.09859054    10.09880700    10.09923499    10.10079643    10.11899927    10.12067181
   122   -10.95551553    -2.68957300    -1.67024662    -1.65008723     3.34516573     4.37921316     6.05843919     6.07982955     7.04762316     9.57971749     9.80902491     9.82095956     9.84861605    10.06229639    10.09046371    10.09286145    10.09705079    10.09764450    10.09785269    10.09792410    10.09804268    10.09810689    10.09824040    10.09832451    10.09838072    10.09851755    10.09859130    10.09881199    10.09923196    10.10084755    10.11847172    10.12097970
   123   -10.94592013    -2.71105611    -1.68055860    -1.66070321     3.33109492     4.37284913     6.08001614     6.10047914     7.05470817     9.59394248     9.80973601     9.82134750     9.84906730    10.06244180    10.09063381    10.09292748    10.09707969    10.09765211    10.09785485    10.09792439    10.09804359    10.09810895    10.09824175    10.09833068    10.09837982    10.09852093    10.09859138    10.09881563    10.09922500    10.10088887    10.11778195    10.12135230
   124   -10.93625206    -2.73254796    -1.69086645    -1.67136041     3.31697226     4.36589276     6.10167061     6.12129412     7.06259650     9.60826614     9.81044186     9.82171873     9.84950644    10.06264120    10.09078978    10.09297620    10.09710583    10.09766107    10.09785747    10.09792500    10.09804492    10.09811120    10.09824280    10.09833469    10.09837945    10.09852343    10.09859079    10.09881781    10.09921398    10.10091964    10.11702113    10.12169816
   125   -10.92651642    -2.75404855    -1.70116925    -1.68205618     3.30280150     4.35835743     6.12339693     6.14228833     7.07128462     9.62267219     9.81114163     9.82207297     9.84993411    10.06289460    10.09093083    10.09300829    10.09712914    10.09767135    10.09786060    10.09792604    10.09804667    10.09811359    10.09824356    10.09833656    10.09837957    10.09852491    10.09858956    10.09881844    10.09919878    10.10093927    10.11621716    10.12198939
   126   -10.91671800    -2.77555787    -1.71146612    -1.69278762     3.28858663     4.35025798     6.14519080     6.16347433     7.08076810     9.63714356     9.81183460     9.82241008     9.85035096    10.06320164    10.09105585    10.09302473    10.09714959    10.09768289    10.09786427    10.09792758    10.09804886    10.09811608    10.09824402    10.09833655    10.09837988    10.09852524    10.09858768    10.09881745    10.09917939    10.10094732    10.11538205    10.12221425
   127   -10.90686124    -2.79707593    -1.72175613    -1.70355167     3.27433189     4.34161058     6.16705011     6.18486244     7.09104157     9.65166248     9.81252023     9.82273001     9.85075766    10.06356157    10.09116327    10.09302677    10.09716719    10.09769559    10.09786850    10.09792970    10.09805147    10.09811864    10.09824419    10.09833512    10.09837997    10.09852430    10.09858511    10.09881478    10.09915581    10.10094355    10.11452285    10.12236628
   128   -10.89695026    -2.81860273    -1.73203837    -1.71434506     3.26004179     4.33243269     6.18897574     6.20645998     7.10209877     9.66621045     9.81319819     9.82303290     9.85115489    10.06397329    10.09125099    10.09301605    10.09718197    10.09770932    10.09787331    10.09793249    10.09805448    10.09812123    10.09824406    10.09833267    10.09837949    10.09852201    10.09858179    10.09881040    10.09912818    10.10092783    10.11364468    10.12244128
   129   -10.88698885    -2.84013831    -1.74231192    -1.72516437     3.24572108     4.32274294     6.21097213     6.22827055     7.11393261     9.68076824     9.81386841     9.82331910     9.85154331    10.06443530    10.09131635    10.09299467    10.09719398    10.09772393    10.09787869    10.09793600    10.09805787    10.09812383    10.09824364    10.09832951    10.09837820    10.09851834    10.09857762    10.09880429    10.09909669    10.10090020    10.11275179    10.12243629
   130   -10.87698047    -2.86168265    -1.75257583    -1.73600602     3.23137473     4.31256101     6.23304745     6.25029388     7.12653515     9.69531577     9.81453115     9.82358919     9.85192355    10.06494574    10.09135609    10.09296512    10.09720328    10.09773925    10.09788464    10.09794028    10.09806161    10.09812642    10.09824295    10.09832584    10.09837600    10.09851329    10.09857249    10.09879646    10.09906165    10.10086078    10.11184800    10.12234918
   131   -10.86692826    -2.88323577    -1.76282917    -1.74686631     3.21700795     4.30190754     6.25521329     6.27252607     7.13989770     9.70983194     9.81518723     9.82384414     9.85229622    10.06550240    10.09136658    10.09293017    10.09720987    10.09775513    10.09789111    10.09794539    10.09806567    10.09812896    10.09824199    10.09832180    10.09837285    10.09850688    10.09856628    10.09878693    10.09902345    10.10080982    10.11093690    10.12217852
   132   -10.85683504    -2.90479764    -1.77307100    -1.75774140     3.20262615     4.29080401     6.27748390     6.29496030     7.15401081     9.72429421     9.81583828     9.82408542     9.85266187    10.06610270    10.09134422    10.09289235    10.09721372    10.09777142    10.09789806    10.09795133    10.09807003    10.09813145    10.09824078    10.09831747    10.09836877    10.09849915    10.09855890    10.09877572    10.09898260    10.10074765    10.11002203    10.12192349
   133   -10.84670332    -2.92636821    -1.78330036    -1.76862737     3.18823496     4.27927260     6.29987525     6.31758769     7.16886436     9.73867765     9.81648740     9.82431535     9.85302102    10.06674368    10.09128606    10.09285343    10.09721473    10.09778799    10.09790543    10.09795812    10.09807463    10.09813386    10.09823935    10.09831290    10.09836381    10.09849012    10.09855030    10.09876288    10.09893967    10.10067468    10.10910697    10.12158381
   134   -10.83653531    -2.94794740    -1.79351630    -1.77952021     3.17384016     4.26733607     6.32240403     6.34039831     7.18444757     9.75295291     9.81714059     9.82453786     9.85337417    10.06742207    10.09119039    10.09281373    10.09721268    10.09780474    10.09791318    10.09796575    10.09807946    10.09813618    10.09823773    10.09830811    10.09835808    10.09847982    10.09854046    10.09874842    10.09889528    10.10059138    10.10819544    10.12115977
   135   -10.82633292    -2.96953510    -1.80371787    -1.79041584     3.15944772     4.25501764     6.34508681     6.36338190     7.20074907     9.76708092     9.81781013     9.82476026     9.85372180    10.06813422    10.09105698    10.09277187    10.09720723    10.09782159    10.09792125    10.09797416    10.09808448    10.09813841    10.09823595    10.09830313    10.09835166    10.09846826    10.09852946    10.09873232    10.09885018    10.10049830    10.10729146    10.12065219
   136   -10.81609781    -2.99113117    -1.81390412    -1.80131015     3.14506374     4.24234084     6.36793947     6.38652850     7.21775693     9.78099721     9.81852473     9.82499885     9.85406450    10.06887615    10.09088680    10.09272500    10.09719788    10.09783846    10.09792960    10.09798330    10.09808964    10.09814054    10.09823403    10.09829796    10.09834467    10.09845546    10.09851737    10.09871445    10.09880515    10.10039607    10.10639944    10.12006242
   137   -10.80583133    -3.01273542    -1.82407408    -1.81219900     3.13069442     4.22932943     6.39097678     6.40982872     7.23545871     9.79455240     9.81936679     9.82530103     9.85440310    10.06964351    10.09068155    10.09266919    10.09718392    10.09785530    10.09793822    10.09799307    10.09809491    10.09814257    10.09823203    10.09829260    10.09833724    10.09844145    10.09850434    10.09869443    10.09876125    10.10028543    10.10552441    10.11939237
   138   -10.79553464    -3.03434760    -1.83422680    -1.82307825     3.11634608     4.21600723     6.41421219     6.43327398     7.25384150     9.80718390     9.82065889     9.82588658     9.85473921    10.07043159    10.09044308    10.09259993    10.09716438    10.09787202    10.09794714    10.09800339    10.09810026    10.09814452    10.09822999    10.09828706    10.09832948    10.09842630    10.09849054    10.09867128    10.09872008    10.10016718    10.10467214    10.11864447
   139   -10.78520862    -3.05596744    -1.84436133    -1.83394377     3.10202507     4.20239800     6.43765776     6.45685654     7.27289195     9.81598071     9.82322929     9.82881574     9.85507698    10.07123527    10.09017301    10.09251242    10.09713804    10.09788856    10.09795642    10.09801415    10.09810564    10.09814641    10.09822794    10.09828133    10.09832151    10.09841016    10.09847611    10.09864310    10.09868405    10.10004228    10.10384936    10.11782169
   140   -10.77485395    -3.07759458    -1.85447672    -1.84479148     3.08773781     4.18852536     6.46132415     6.48056943     7.29259633     9.81874968     9.82456587     9.83875957     9.85543251    10.07204902    10.08987250    10.09240168    10.09710335    10.09790478    10.09796618    10.09802525    10.09811101    10.09814830    10.09822592    10.09827545    10.09831345    10.09839324    10.09846120    10.09860937    10.09865415    10.09991176    10.10306391    10.11692753
   141   -10.76447112    -3.09922864    -1.86457205    -1.85561733     3.07349068     4.17441265     6.48522064     6.50440644     7.31294054     9.81981992     9.82496447     9.85089881     9.85598229    10.07286684    10.08954215    10.09226266    10.09705857    10.09792055    10.09797660    10.09803660    10.09811634    10.09815025    10.09822399    10.09826944    10.09830540    10.09837583    10.09844590    10.09857298    10.09862786    10.09977675    10.10232479    10.11596608
   142   -10.75406042    -3.12086916    -1.87464638    -1.86641736     3.05929004     4.16008283     6.50935524     6.52836199     7.33391018     9.82054128     9.82518081     9.85575701     9.86407976    10.07368226    10.08918189    10.09209045    10.09700192    10.09793569    10.09798792    10.09804812    10.09812162    10.09815234    10.09822216    10.09826334    10.09829745    10.09835832    10.09843027    10.09853670    10.09860271    10.09963843    10.10164196    10.11494194
   143   -10.74362200    -3.14251564    -1.88469879    -1.87718771     3.04514219     4.14555839     6.53373468     6.55243108     7.35549055     9.82114048     9.82533561     9.85617231     9.87652223    10.07448820    10.08879098    10.09188054    10.09693213    10.09795012    10.09800034    10.09805976    10.09812682    10.09815467    10.09822047    10.09825723    10.09828964    10.09834108    10.09841435    10.09850181    10.09857761    10.09949796    10.10102570    10.11386032
   144   -10.73315583    -3.16416749    -1.89472838    -1.88792460     3.03105329     4.13086125     6.55836451     6.57660919     7.37766666     9.82167869     9.82546092     9.85649346     9.88885103    10.07527703    10.08836794    10.09162936    10.09684941    10.09796387    10.09801400    10.09807147    10.09813197    10.09815733    10.09821893    10.09825118    10.09828203    10.09832453    10.09839814    10.09846888    10.09855218    10.09935642    10.10048527    10.11272700
   145   -10.72266179    -3.18582410    -1.90473426    -1.89862439     3.01702938     4.11601268     6.58324916     6.60089219     7.40042333     9.82217879     9.82556914     9.85679226     9.90094281    10.07604050    10.08791070    10.09133496    10.09675676    10.09797723    10.09802885    10.09808321    10.09813714    10.09816037    10.09821755    10.09824529    10.09827465    10.09830899    10.09838163    10.09843817    10.09852628    10.09921472    10.10002704    10.11154840
   146   -10.71213962    -3.20748476    -1.91471557    -1.90928360     3.00307628     4.10103320     6.60839194     6.62527634     7.42374513     9.82265128     9.82566639     9.85707899     9.91275482    10.07676974    10.08741670    10.09099758    10.09666125    10.09799065    10.09804468    10.09809496    10.09814240    10.09816382    10.09821630    10.09823966    10.09826751    10.09829472    10.09836482    10.09840978    10.09849985    10.09907378    10.09965227    10.11033158
   147   -10.70158900    -3.22914873    -1.92467145    -1.91989888     2.98919959     4.08594257     6.63379512     6.64975816     7.44761646     9.82310174     9.82575625     9.85735667     9.92425943    10.07745541    10.08688330    10.09061985    10.09657436    10.09800466    10.09806127    10.09810671    10.09814788    10.09816767    10.09821516    10.09823442    10.09826063    10.09828185    10.09834771    10.09838373    10.09847291    10.09893517    10.09935561    10.10908432
   148   -10.69100951    -3.25081520    -1.93460106    -1.93046706     2.97540464     4.07075966     6.65945992     6.67433446     7.47202155     9.82353349     9.82584109     9.85762652     9.93543461    10.07808787    10.08630823    10.09020639    10.09651074    10.09801975    10.09807835    10.09811845    10.09815367    10.09817188    10.09821407    10.09822971    10.09825403    10.09827040    10.09833039    10.09835994    10.09844549    10.09880218    10.09912494    10.10781518
   149   -10.68040068    -3.27248329    -1.94450359    -1.94098513     2.96169646     4.05550243     6.68538660     6.69900227     7.49694445     9.82394873     9.82592267     9.85788919     9.94626097    10.07865756    10.08569009    10.08976276    10.09648592    10.09803636    10.09809574    10.09813019    10.09815987    10.09817639    10.09821299    10.09822569    10.09824772    10.09826031    10.09831305    10.09833818    10.09841764    10.09867995    10.09894383    10.10653353
   150   -10.66976201    -3.29415209    -1.95437827    -1.95145031     2.94807971     4.04018787     6.71157439     6.72375880     7.52236910     9.82434903     9.82600239     9.85814512     9.95672047    10.07915551    10.08502888    10.08929424    10.09651419    10.09805481    10.09811326    10.09814193    10.09816652    10.09818116    10.09821190    10.09822248    10.09824174    10.09825144    10.09829604    10.09831809    10.09838940    10.09857285    10.09879644    10.10524970
   151   -10.65909296    -3.31582060    -1.96422432    -1.96186001     2.93455867     4.02483199     6.73802161     6.74860144     7.54827930     9.82473567     9.82608141     9.85839469     9.96679570    10.07957395    10.08432621    10.08880493    10.09660713    10.09807535    10.09813077    10.09815370    10.09817365    10.09818618    10.09821091    10.09822008    10.09823610    10.09824365    10.09827972    10.09829926    10.09836084    10.09848233    10.09867135    10.10397501
   152   -10.64839301    -3.33748780    -1.97404102    -1.97221182     2.92113720     4.00944975     6.76472561     6.77352775     7.57465876     9.82510970     9.82616074     9.85863827     9.97646933    10.07990693    10.08358527    10.08829740    10.09677307    10.09809814    10.09814818    10.09816555    10.09818125    10.09819143    10.09821022    10.09821837    10.09823085    10.09823677    10.09826441    10.09828133    10.09833200    10.09840723    10.09856161    10.10272189
   153   -10.63766160    -3.35915260    -1.98382764    -1.98250360     2.90781870     3.99405505     6.79168283     6.79853539     7.60149105     9.82547210     9.82624131     9.85887629     9.98572358    10.08015081    10.08281065    10.08777304    10.09701683    10.09812335    10.09816538    10.09817753    10.09818927    10.09819693    10.09821013    10.09821717    10.09822606    10.09823064    10.09825029    10.09826408    10.09830295    10.09834527    10.09846318    10.10150396
   154   -10.62689823    -3.38081388    -1.99358352    -1.99273339     2.89460610     3.97866069     6.81888883     6.82362217     7.62875968     9.82582382     9.82632399     9.85910920     9.99453963    10.08030437    10.08200806    10.08723283    10.09733984    10.09815112    10.09818232    10.09818975    10.09819766    10.09820271    10.09821086    10.09821630    10.09822181    10.09822511    10.09823742    10.09824736    10.09827376    10.09829402    10.09837363    10.10033603
   155   -10.61610242    -3.40247046    -2.00330799    -2.00289950     2.88150180     3.96327842     6.84633826     6.84878602     7.65644806     9.82616579     9.82640960     9.85933756    10.00289683    10.08036865    10.08118415    10.08667826    10.09774057    10.09818166    10.09819895    10.09820230    10.09820636    10.09820881    10.09821257    10.09821569    10.09821821    10.09822004    10.09822579    10.09823111    10.09824451    10.09825131    10.09829137    10.09923412
   156   -10.60527372    -3.42412112    -2.01300044    -2.01300044     2.86850768     3.94791883     6.87402494     6.87402494     7.68453950     9.82649898     9.82649898     9.85956197    10.01077177    10.08034653    10.08034653    10.08611221    10.09821531    10.09821531    10.09821531    10.09821531    10.09821531    10.09821531    10.09821531    10.09821531    10.09821531    10.09821531    10.09821531    10.09821531    10.09821531    10.09821531    10.09821531    10.09821531
   157   -10.59441175    -3.44576461    -2.02303497    -2.02266026     2.85562507     3.93259145     6.89933705     6.90194184     7.71301728     9.82659296     9.82682440     9.85978310    10.01813698    10.07950392    10.08024241    10.08553964    10.09729760    10.09814466    10.09818432    10.09818647    10.09819994    10.09820586    10.09821083    10.09821309    10.09821522    10.09821902    10.09822228    10.09822443    10.09822884    10.09823149    10.09825261    10.09875911
   158   -10.58351618    -3.46739966    -2.03300209    -2.03228688     2.84285475     3.91730469     6.92472053     6.93008114     7.74186455     9.82669239     9.82714309     9.86000172    10.02495948    10.07866636    10.08006218    10.08496807    10.09649959    10.09807888    10.09815575    10.09815960    10.09818504    10.09819729    10.09820656    10.09821147    10.09821556    10.09822361    10.09822981    10.09823370    10.09824283    10.09824781    10.09829448    10.09936686
   159   -10.57258675    -3.48902495    -2.04290103    -2.04187977     2.83019690     3.90206584     6.95017365     6.95843421     7.77106443     9.82679814     9.82745618     9.86021868    10.03119911    10.07784529    10.07981386    10.08440775    10.09584012    10.09801760    10.09812707    10.09813642    10.09817062    10.09818947    10.09820245    10.09821027    10.09821650    10.09822891    10.09823793    10.09824314    10.09825698    10.09826485    10.09834246    10.10003421
   160   -10.56162330    -3.51063914    -2.05273125    -2.05143840     2.81765117     3.88688113     6.97569476     6.98699171     7.80059996     9.82691115     9.82776484     9.86043490    10.03680732    10.07705292    10.07950894    10.08387161    10.09533761    10.09796062    10.09809845    10.09811628    10.09815673    10.09818224    10.09819851    10.09820929    10.09821816    10.09823476    10.09824657    10.09825284    10.09827093    10.09828328    10.09839916    10.10075844
   161   -10.55062573    -3.53224089    -2.06249246    -2.06096228     2.80521660     3.87175572     7.00128225     7.01574354     7.83045409     9.82703237     9.82807033     9.86065141    10.04172758    10.07630025    10.07916380    10.08337518    10.09500886    10.09790790    10.09807011    10.09809858    10.09814341    10.09817550    10.09819472    10.09820841    10.09822056    10.09824104    10.09825554    10.09826301    10.09828445    10.09830360    10.09846899    10.10153909
   162   -10.53959404    -3.55382882    -2.07218457    -2.07045095     2.79289169     3.85669370     7.02693458     7.04467894     7.86060971     9.82716283     9.82837396     9.86086931    10.04589994    10.07559302    10.07880014    10.08293660    10.09486641    10.09785956    10.09804219    10.09808299    10.09813072    10.09816911    10.09819111    10.09820756    10.09822357    10.09824763    10.09826457    10.09827393    10.09829754    10.09832604    10.09855953    10.10237848
   163   -10.52852830    -3.57540155    -2.08180773    -2.07990393     2.78067441     3.84169814     7.05265024     7.07378649     7.89104964     9.82730357     9.82867710     9.86108980    10.04927286    10.07492600    10.07844187    10.08257656    10.09491307    10.09781586    10.09801480    10.09806927    10.09811875    10.09816300    10.09818769    10.09820671    10.09822697    10.09825442    10.09827340    10.09828583    10.09831029    10.09835056    10.09868370    10.10328197
   164   -10.51742871    -3.59695770    -2.09136232    -2.08932081     2.76856215     3.82677111     7.07842778     7.10305419     7.92175660     9.82745572     9.82898120     9.86131416    10.05182337    10.07427952    10.07810676    10.08231630    10.09513276    10.09777718    10.09798807    10.09805724    10.09810762    10.09815708    10.09818449    10.09820586    10.09823046    10.09826131    10.09828190    10.09829880    10.09832283    10.09837693    10.09886310    10.10425772
   165   -10.50629553    -3.61849587    -2.10084892    -2.09870114     2.75655185     3.81191373     7.10426577     7.13246943     7.95271323     9.82762043     9.82928775     9.86154378    10.05357833    10.07362401    10.07779593    10.08217105    10.09547965    10.09774398    10.09796210    10.09804666    10.09809746    10.09815129    10.09818155    10.09820502    10.09823376    10.09826821    10.09829000    10.09831279    10.09833536    10.09840475    10.09913118    10.10531551
   166   -10.49512914    -3.64001468    -2.11026831    -2.10804451     2.74463993     3.79712614     7.13016282     7.16201910     7.98390208     9.82779889     9.82959829     9.86178013    10.05462140    10.07293234    10.07749296    10.08213983    10.09587621    10.09771663    10.09793703    10.09803724    10.09808847    10.09814557    10.09817888    10.09820419    10.09823658    10.09827505    10.09829767    10.09832756    10.09834817    10.09843349    10.09952990    10.10646392
   167   -10.48393000    -3.66151276    -2.11962149    -2.11735047     2.73282238     3.78240762     7.15611755     7.19168963     8.01530561     9.82799235     9.82991441     9.86202481    10.05507623    10.07218980    10.07717735    10.08220046    10.09623690    10.09769521    10.09791297    10.09802863    10.09808079    10.09813990    10.09817650    10.09820339    10.09823872    10.09828178    10.09830486    10.09834265    10.09836170    10.09846267    10.10008898    10.10770591
   168   -10.47269868    -3.68298873    -2.12890965    -2.12661860     2.72109478     3.76775658     7.18212858     7.22146698     8.04690616     9.82820205     9.83023772     9.86227948    10.05507654    10.07139436    10.07683855    10.08231791    10.09650993    10.09767924    10.09789007    10.09802043    10.09807450    10.09813424    10.09817442    10.09820263    10.09824003    10.09828836    10.09831156    10.09835735    10.09837656    10.09849185    10.10079664    10.10903365
   169   -10.46143581    -3.70444123    -2.13813418    -2.13584843     2.70945233     3.75317062     7.20819455     7.25133677     8.07868596     9.82842926     9.83056986     9.86254593    10.05474193    10.07055148    10.07647781    10.08245907    10.09669149    10.09766761    10.09786848    10.09801237    10.09806955    10.09812859    10.09817263    10.09820193    10.09824044    10.09829476    10.09831778    10.09837110    10.09839321    10.09852068    10.10160117    10.11042555
   170   -10.45014213    -3.72586894    -2.14729666    -2.14503943     2.69788992     3.73864658     7.23431409     7.28128426     8.11062709     9.82867528     9.83091247     9.86282605    10.05416773    10.06966920    10.07610266    10.08260133    10.09680258    10.09765874    10.09784834    10.09800428    10.09806573    10.09812295    10.09817110    10.09820129    10.09823994    10.09830094    10.09832354    10.09838385    10.09841157    10.09854892    10.10244403    10.11184788
   171   -10.43881846    -3.74727054    -2.15639889    -2.15419103     2.68640213     3.72418058     7.26048581     7.31129445     8.14271154     9.82894137     9.83126719     9.86312183    10.05342532    10.06875569    10.07572187    10.08273287    10.09686616    10.09765110    10.09782982    10.09799614    10.09806273    10.09811732    10.09816980    10.09820069    10.09823861    10.09830686    10.09832890    10.09839584    10.09843128    10.09857639    10.10328351    10.11326043
   172   -10.42746567    -3.76864475    -2.16544287    -2.16330256     2.67498331     3.70976810     7.28670830     7.34135211     8.17492111     9.82922879     9.83163565     9.86343539    10.05256670    10.06781838    10.07534311    10.08284925    10.09689938    10.09764350    10.09781310    10.09798802    10.09806022    10.09811172    10.09816867    10.09820010    10.09823657    10.09831243    10.09833391    10.09840728    10.09845201    10.09860298    10.10409737    10.11462338
   173   -10.41608474    -3.78999029    -2.17443085    -2.17237321     2.66362764     3.69540400     7.31298010     7.37144183     8.20723747     9.82953877     9.83201946     9.86376896    10.05162949    10.06686382    10.07497232    10.08294990    10.09691351    10.09763518    10.09779836    10.09798002    10.09805795    10.09810616    10.09816764    10.09819943    10.09823403    10.09831758    10.09833865    10.09841830    10.09847355    10.09862862    10.10487668    10.11590237
   174   -10.40467669    -3.81130596    -2.18336534    -2.18140200     2.65232913     3.68108263     7.33929975     7.40154812     8.23964210     9.82987249     9.83242019     9.86412490    10.05064111    10.06589785    10.07461388    10.08303593    10.09691575    10.09762575    10.09778579    10.09797222    10.09805569    10.09810069    10.09816665    10.09819853    10.09823128    10.09832220    10.09834317    10.09842891    10.09849581    10.09865327    10.10561960    10.11707100
   175   -10.39324258    -3.83259054    -2.19224915    -2.19038768     2.64108171     3.66679786     7.36566571     7.43165540     8.27211632     9.83023109     9.83283935     9.86450573    10.04962182    10.06492579    10.07427084    10.08310897    10.09691064    10.09761505    10.09777552    10.09796472    10.09805332    10.09809533    10.09816564    10.09819719    10.09822868    10.09832622    10.09834753    10.09843912    10.09851870    10.09867693    10.10632728    10.11811114
   176   -10.38178355    -3.85384289    -2.20108548    -2.19932872     2.62987927     3.65254315     7.39207637     7.46174810     8.30464124     9.83061562     9.83327839     9.86491409    10.04858677    10.06395259    10.07394530    10.08317060    10.09690110    10.09760303    10.09776765    10.09795758    10.09805076    10.09809013    10.09816455    10.09819516    10.09822658    10.09832959    10.09835173    10.09844890    10.09854220    10.09869961    10.10700169    10.11901219
   177   -10.37030077    -3.87506187    -2.20987793    -2.20822315     2.61871568     3.63831165     7.41853008     7.49181068     8.33719777     9.83102705     9.83373869     9.86535282    10.04754752    10.06298296    10.07363858    10.08322219    10.09688902    10.09758975    10.09776219    10.09795087    10.09804797    10.09808513    10.09816333    10.09819230    10.09822527    10.09833227    10.09835576    10.09845821    10.09856628    10.09872136    10.10764449    10.11977000
   178   -10.35879542    -3.89624642    -2.21863056    -2.21706862     2.60758487     3.62409624     7.44502511     7.52182775     8.36976661     9.83146626     9.83422154     9.86582494    10.04651303    10.06202141    10.07335150    10.08326486    10.09687564    10.09757527    10.09775906    10.09794464    10.09804496    10.09808039    10.09816193    10.09818867    10.09822481    10.09833430    10.09835956    10.09846702    10.09859089    10.09874221    10.10825646    10.12038574
   179   -10.34726873    -3.91739548    -2.22734773    -2.22586239     2.59648088     3.60988963     7.47155961     7.55178403     8.40232822     9.83193402     9.83472811     9.86633368    10.04549033    10.06107236    10.07308446    10.08329958    10.09686180    10.09755969    10.09775810    10.09793894    10.09804175    10.09807592    10.09816032    10.09818451    10.09822507    10.09833568    10.09836308    10.09847526    10.09861600    10.09876222    10.10883731    10.12086497
   180   -10.33572194    -3.93850805    -2.23603388    -2.23460168     2.58539783     3.59568444     7.49813167     7.58166448     8.43486283     9.83243097     9.83525946     9.86688252    10.04448508    10.06014010    10.07283762    10.08332716    10.09684805    10.09754310    10.09775907    10.09793382    10.09803840    10.09807178    10.09815842    10.09818016    10.09822586    10.09833646    10.09836625    10.09848289    10.09864152    10.09878148    10.10938542    10.12121688
   181   -10.32415628    -3.95958317    -2.24469289    -2.24328418     2.57433008     3.58147324     7.52473927     7.61145433     8.46735043     9.83295761     9.83581652     9.86747520    10.04350188    10.05922889    10.07261096    10.08334833    10.09683477    10.09752556    10.09776165    10.09792933    10.09803499    10.09806798    10.09815617    10.09817595    10.09822698    10.09833666    10.09836901    10.09848985    10.09866733    10.09880009    10.10989770    10.12145384
   182   -10.31257299    -3.98061992    -2.25332744    -2.25190873     2.56327213     3.56724870     7.55138026     7.64113911     8.49977074     9.83351431     9.83640005     9.86811578    10.04254457    10.05834289    10.07240433    10.08336380    10.09682220    10.09750711    10.09776548    10.09792552    10.09803161    10.09806454    10.09815352    10.09817215    10.09822825    10.09833631    10.09837134    10.09849611    10.09869323    10.09881814    10.11036945    10.12159094
   183   -10.30097329    -4.00161742    -2.26193846    -2.26047584     2.55221877     3.55300361     7.57805238     7.67070472     8.53210322     9.83410127     9.83701068     9.86880866    10.04161647    10.05748617    10.07221757    10.08337423    10.09681052    10.09748777    10.09777017    10.09792245    10.09802836    10.09806148    10.09815050    10.09816892    10.09822957    10.09833543    10.09837319    10.09850162    10.09871897    10.09883581    10.11079422    10.12164581
   184   -10.28935840    -4.02257483    -2.27052512    -2.26898767     2.54116503     3.53873099     7.60475325     7.70013747     8.56432705     9.83471851     9.83764886     9.86955859    10.04072047    10.05666273    10.07205051    10.08338028    10.09679985    10.09746753    10.09777529    10.09792018    10.09802532    10.09805882    10.09814725    10.09816628    10.09823081    10.09833404    10.09837455    10.09850635    10.09874419    10.09885329    10.11116373    10.12163827
   185   -10.27772949    -4.04349133    -2.27908540    -2.27744748     2.53010627     3.52442417     7.63148033     7.72942410     8.59642116     9.83536587     9.83831484     9.87037075    10.03985928    10.05587644    10.07190301    10.08338257    10.09679029    10.09744634    10.09778044    10.09791877    10.09802258    10.09805659    10.09814396    10.09816418    10.09823193    10.09833213    10.09837542    10.09851030    10.09876839    10.09887082    10.11146811    10.12158988
   186   -10.26608770    -4.06436615    -2.28761670    -2.28585893     2.51903814     3.51007687     7.65823096     7.75855187     8.62836415     9.83604303     9.83900874     9.87125074    10.03903541    10.05513106    10.07177499    10.08338171    10.09678191    10.09742415    10.09778523    10.09791824    10.09802017    10.09805480    10.09814087    10.09816249    10.09823285    10.09832974    10.09837579    10.09851345    10.09879101    10.09888870    10.11169648    10.12152313
   187   -10.25443414    -4.08519857    -2.29611643    -2.29422558     2.50795667     3.49568327     7.68500231     7.78750857     8.66013438     9.83674942     9.83973048     9.87220462    10.03825139    10.05443019    10.07166646    10.08337824    10.09677479    10.09740090    10.09778934    10.09791859    10.09801814    10.09805347    10.09813817    10.09816115    10.09823355    10.09832685    10.09837567    10.09851583    10.09881145    10.09890721    10.11183817    10.12146001
   188   -10.24276986    -4.10598787    -2.30458226    -2.30255056     2.49685821     3.48123808     7.71179142     7.81628253     8.69170991     9.83748431     9.84047983     9.87323894    10.03750975    10.05377725    10.07157754    10.08337266    10.09676901    10.09737650    10.09779255    10.09791976    10.09801649    10.09805260    10.09813602    10.09816009    10.09823401    10.09832349    10.09837507    10.09851744    10.09882922    10.09892646    10.11188460    10.12142002
   189   -10.23109585    -4.12673338    -2.31301217    -2.31083650     2.48573953     3.46673664     7.73859513     7.84486272     8.72306850     9.83824672     9.84125647     9.87436068    10.03681315    10.05317549    10.07150843    10.08336538    10.09676465    10.09735087    10.09779477    10.09792160    10.09801523    10.09805216    10.09813455    10.09815928    10.09823423    10.09831965    10.09837400    10.09851834    10.09884401    10.09894632    10.11183140    10.12141787
   190   -10.21941305    -4.14743444    -2.32140448    -2.31908554     2.47459777     3.45217494     7.76541014     7.87323869     8.75418765     9.83903547     9.84205997     9.87557729    10.03616439    10.05262792    10.07145943    10.08335673    10.09676180    10.09732390    10.09779599    10.09792394    10.09801434    10.09805210    10.09813387    10.09815871    10.09823422    10.09831535    10.09837247    10.09851856    10.09885580    10.09896639    10.11168004    10.12146177
   191   -10.20772234    -4.16809043    -2.32975774    -2.32729939     2.46343049     3.43754972     7.79223298     7.90140069     8.78504458     9.83984914     9.84288990     9.87689662    10.03556646    10.05213732    10.07143095    10.08334697    10.09676053    10.09729552    10.09779628    10.09792658    10.09801383    10.09805234    10.09813403    10.09815838    10.09823398    10.09831062    10.09837051    10.09851816    10.09886469    10.09898613    10.11143817    10.12155297
   192   -10.19602451    -4.18870073    -2.33807070    -2.33547937     2.45223564     3.42285851     7.81905999     7.92933962     8.81561626     9.84068607     9.84374587     9.87832692    10.03502258    10.05170625    10.07142347    10.08333630    10.09676095    10.09726566    10.09779578    10.09792931    10.09801367    10.09805278    10.09813503    10.09815830    10.09823354    10.09830547    10.09836814    10.09851719    10.09887082    10.09900492    10.11111849    10.12168679
   193   -10.18432031    -4.20926474    -2.34634226    -2.34362646     2.44101162     3.40809968     7.84588734     7.95704709     8.84587939     9.84154442     9.84462759     9.87987669    10.03453620    10.05133699    10.07143754    10.08332485    10.09676313    10.09723427    10.09779460    10.09793199    10.09801387    10.09805332    10.09813679    10.09815852    10.09823293    10.09829997    10.09836539    10.09851571    10.09887433    10.09902222    10.11073680    10.12185455
   194   -10.17261039    -4.22978187    -2.35457139    -2.35174136     2.42975722     3.39327248     7.87271101     7.98451540     8.87581046     9.84242215     9.84553497     9.88155466    10.03411098    10.05103157    10.07147376    10.08331274    10.09676717    10.09720133    10.09779290    10.09793448    10.09801438    10.09805391    10.09813916    10.09815909    10.09823216    10.09829419    10.09836229    10.09851377    10.09887531    10.09903754    10.11030983    10.12204556
   195   -10.16089533    -4.25025155    -2.36275716    -2.35982449     2.41847169     3.37837709     7.89952682     8.01173759     8.90538574     9.84331708     9.84646808     9.88336969    10.03375084    10.05079175    10.07153274    10.08330011    10.09677313    10.09716689    10.09779077    10.09793675    10.09801518    10.09805451    10.09814188    10.09816011    10.09823124    10.09828826    10.09835888    10.09851143    10.09887382    10.09905049    10.10985368    10.12224874
   196   -10.14917564    -4.27067318    -2.37089864    -2.36787602     2.40715470     3.36341462     7.92633038     8.03870745     8.93458135     9.84422697     9.84742725     9.88533063    10.03345987    10.05061902    10.07161511    10.08328714    10.09678106    10.09713105    10.09778830    10.09793878    10.09801619    10.09805513    10.09814460    10.09816171    10.09823013    10.09828235    10.09835518    10.09850873    10.09886991    10.09906077    10.10938283    10.12245347
   197   -10.13745175    -4.29104619    -2.37899494    -2.37589592     2.39580636     3.34838714     7.95311714     8.06541947     8.96337323     9.84514965     9.84841297     9.88744628    10.03324233    10.05051463    10.07172148    10.08327412    10.09679098    10.09709402    10.09778556    10.09794059    10.09801735    10.09805578    10.09814700    10.09816395    10.09822880    10.09827671    10.09835122    10.09850570    10.09886365    10.09906816    10.10890965    10.12265008
   198   -10.12572402    -4.31136997    -2.38704520    -2.38388390     2.38442719     3.33329769     7.97988236     8.09186890     8.99173725     9.84608313     9.84942585     9.88972523    10.03310263    10.05047956    10.07185241    10.08326144    10.09680288    10.09705611    10.09778261    10.09794224    10.09801857    10.09805648    10.09814890    10.09816675    10.09822716    10.09827166    10.09834705    10.09850239    10.09885511    10.09907252    10.10844425    10.12282996
   199   -10.11399274    -4.33164393    -2.39504853    -2.39183953     2.37301817     3.31815030     8.00662111     8.11805174     9.01964924     9.84702578     9.85046649     9.89217582    10.03304525    10.05051455    10.07200843    10.08324969    10.09681660    10.09701785    10.09777946    10.09794380    10.09801977    10.09805727    10.09815029    10.09816978    10.09822511    10.09826758    10.09834270    10.09849882    10.09884442    10.09907382    10.10799454    10.12298547
   200   -10.10225810    -4.35186743    -2.40300406    -2.39976213     2.36158072     3.30294995     8.03332829     8.14396470     9.04708503     9.84797646     9.85153536     9.89480606    10.03307468    10.05062012    10.07218999    10.08323965    10.09683175    10.09698014    10.09777616    10.09794531    10.09802091    10.09805815    10.09815124    10.09817263    10.09822270    10.09826477    10.09833819    10.09849501    10.09883176    10.09907210    10.10756637    10.12310990
   201   -10.09052027    -4.37203984    -2.41091091    -2.40765090     2.35011667     3.28770255     8.05999865     8.16960523     9.07402058     9.84893464     9.85263268     9.89762354    10.03319539    10.05079656    10.07239744    10.08323231    10.09684692    10.09694495    10.09777273    10.09794686    10.09802195    10.09805910    10.09815182    10.09817488    10.09822017    10.09826336    10.09833357    10.09849099    10.09881732    10.09906747    10.10716364    10.12319732
   202   -10.07877933    -4.39216047    -2.41876817    -2.41550482     2.33862828     3.27241496     8.08662673     8.19497149     9.10043199     9.84990049     9.85375832     9.90063539    10.03341178    10.05104397    10.07263107    10.08322889    10.09685607    10.09691898    10.09776920    10.09794848    10.09802289    10.09806011    10.09815203    10.09817619    10.09821797    10.09826325    10.09832887    10.09848676    10.09880137    10.09906007    10.10678856    10.12324251
   203   -10.06703530    -4.41222863    -2.42657495    -2.42332276     2.32711827     3.25709490     8.11320693     8.22006234     9.12629569     9.85087482     9.85491174     9.90384824    10.03372805    10.05136227    10.07289109    10.08323083    10.09684425    10.09691791    10.09776561    10.09795021    10.09802377    10.09806114    10.09815182    10.09817643    10.09821656    10.09826419    10.09832416    10.09848234    10.09878419    10.09905013    10.10644186    10.12324084
   204   -10.05528816    -4.43224357    -2.43433033    -2.43110341     2.31558974     3.24175094     8.13973350     8.24487732     9.15158849     9.85185910     9.85609203     9.90726812    10.03414822    10.05175120    10.07317759    10.08323976    10.09681786    10.09693610    10.09776202    10.09795207    10.09802464    10.09806217    10.09815110    10.09817578    10.09821617    10.09826584    10.09831951    10.09847774    10.09876606    10.09903786    10.10612298    10.12318824
   205   -10.04353785    -4.45220451    -2.44203338    -2.43884533     2.30404624     3.22639246     8.16620051     8.26941664     9.17628776     9.85285530     9.85729788     9.91090043    10.03467601    10.05221037    10.07349061    10.08325746    10.09679022    10.09696101    10.09775851    10.09795408    10.09802557    10.09806317    10.09814981    10.09817469    10.09821671    10.09826785    10.09831502    10.09847295    10.09874728    10.09902348    10.10583033    10.12308116
   206   -10.03178426    -4.47211062    -2.44968318    -2.44654696     2.29249171     3.21102954     8.19260192     8.29368114     9.20037156     9.85386578     9.85852770     9.91474987    10.03531480    10.05273924    10.07383011    10.08328586    10.09676539    10.09698929    10.09775519    10.09795624    10.09802664    10.09806415    10.09814799    10.09817363    10.09821794    10.09826984    10.09831087    10.09846798    10.09872811    10.09900723    10.10556157    10.12291653
   207   -10.02002726    -4.49196102    -2.45727878    -2.45420664     2.28093052     3.19567296     8.21893154     8.31767229     9.22381883     9.85489314     9.85977964     9.91882031    10.03606757    10.05333716    10.07419598    10.08332693    10.09674494    10.09702002    10.09775217    10.09795855    10.09802794    10.09806512    10.09814580    10.09817290    10.09821957    10.09827143    10.09830727    10.09846282    10.09870876    10.09898930    10.10531374    10.12269175
   208   -10.00826668    -4.51175480    -2.46481924    -2.46182259     2.26936742     3.18033410     8.24518304     8.34139213     9.24660958     9.85594013     9.86105164     9.92311472    10.03693687    10.05400337    10.07458806    10.08338265    10.09672978    10.09705280    10.09774962    10.09796099    10.09802955    10.09806611    10.09814348    10.09817256    10.09822140    10.09827221    10.09830448    10.09845744    10.09868940    10.09896987    10.10508356    10.12240468
   209    -9.99650237    -4.53149095    -2.47230362    -2.46939296     2.25780756     3.16502484     8.27134999     8.36484327     9.26872507     9.85700949     9.86234155     9.92763500    10.03792474    10.05473703    10.07500615    10.08345500    10.09672050    10.09708740    10.09774770    10.09796356    10.09803154    10.09806716    10.09814128    10.09817257    10.09822326    10.09827186    10.09830274    10.09845183    10.09867015    10.09894910    10.10486751    10.12205365
   210    -9.98473414    -4.55116845    -2.47973096    -2.47691582     2.24625644     3.14975753     8.29742587     8.38802883     9.29014807     9.85810385     9.86364707     9.93238186    10.03903267    10.05553721    10.07545001    10.08354583    10.09671750    10.09712364    10.09774659    10.09796628    10.09803399    10.09806832    10.09813940    10.09817286    10.09822502    10.09827035    10.09830203    10.09844596    10.09865108    10.09892712    10.10466206    10.12163744
   211    -9.97296182    -4.57078617    -2.48710032    -2.48438918     2.23471994     3.13454488     8.32340404     8.41095244     9.31086306     9.85922569     9.86496589     9.93735463    10.04026159    10.05640293    10.07591940    10.08365690    10.09672097    10.09716136    10.09774648    10.09796914    10.09803692    10.09806965    10.09813793    10.09817337    10.09822657    10.09826790    10.09830207    10.09843980    10.09863221    10.09890403    10.10446370    10.12115530
   212    -9.96118527    -4.59034296    -2.49441075    -2.49181100     2.22320427     3.11939989     8.34927778     8.43361817     9.33085649     9.86037728     9.86629562     9.94255109    10.04161181    10.05733311    10.07641406    10.08378981    10.09673095    10.09720044    10.09774757    10.09797218    10.09804036    10.09807119    10.09813695    10.09817406    10.09822780    10.09826490    10.09830249    10.09843329    10.09861353    10.09887993    10.10426906    10.12060696
   213    -9.94940435    -4.60983756    -2.50166132    -2.49917923     2.21171596     3.10433574     8.37504032     8.45603051     9.35011696     9.86156057     9.86763389     9.94796732    10.04308301    10.05832662    10.07693372    10.08394599    10.09674733    10.09724073    10.09775002    10.09797544    10.09804430    10.09807299    10.09813647    10.09817488    10.09822862    10.09826169    10.09830295    10.09842642    10.09859502    10.09885487    10.10407497    10.11999263
   214    -9.93761897    -4.62926867    -2.50885110    -2.50649180     2.20026185     3.08936572     8.40068482     8.47819432     9.36863550     9.86277725     9.86897832     9.95359744    10.04467421    10.05938230    10.07747811    10.08412669    10.09676984    10.09728211    10.09775402    10.09797896    10.09804871    10.09807509    10.09813649    10.09817582    10.09822895    10.09825851    10.09830322    10.09841914    10.09857661    10.09882889    10.10387849    10.11931301
   215    -9.92582907    -4.64863491    -2.51597916    -2.51374662     2.18884903     3.07450315     8.42620440     8.50011483     9.38640570     9.86402867     9.87032656     9.95943356    10.04638374    10.06049889    10.07804697    10.08433301    10.09679815    10.09732446    10.09775970    10.09798278    10.09805355    10.09807750    10.09813698    10.09817685    10.09822874    10.09825554    10.09830314    10.09841143    10.09855827    10.09880204    10.10367693    10.11856931
   216    -9.91403465    -4.66793482    -2.52304459    -2.52094163     2.17748484     3.05976129     8.45159214     8.52179753     9.40342390     9.86531586     9.87167629     9.96546552    10.04820921    10.06167509    10.07864001    10.08456588    10.09683182    10.09736767    10.09776720    10.09798697    10.09805878    10.09808026    10.09813793    10.09817798    10.09822798    10.09825285    10.09830261    10.09840326    10.09853994    10.09877432    10.10346787    10.11776324
   217    -9.90223578    -4.68716687    -2.53004648    -2.52807482     2.16617682     3.04515324     8.47684112     8.54324818     9.41968931     9.86663951     9.87302525     9.97168087    10.05014751    10.06290954    10.07925697    10.08482614    10.09687038    10.09741164    10.09777662    10.09799158    10.09806434    10.09808336    10.09813932    10.09817918    10.09822673    10.09825045    10.09830153    10.09839462    10.09852156    10.09874573    10.10324920    10.11689701
   218    -9.89043258    -4.70632945    -2.53698392    -2.53514422     2.15493268     3.03069190     8.50194441     8.56447275     9.43520409     9.86800003     9.87437125     9.97806472    10.05219480    10.06420083    10.07989754    10.08511455    10.09691330    10.09745626    10.09778802    10.09799666    10.09807017    10.09808681    10.09814112    10.09818045    10.09822510    10.09824828    10.09829986    10.09838553    10.09850311    10.09871629    10.10301906    10.11597339
   219    -9.87862528    -4.72542090    -2.54385602    -2.54214790     2.14376026     3.01638983     8.52689509     8.58547737     9.44997330     9.86939750     9.87571222     9.98459974    10.05434638    10.06554748    10.08056145    10.08543185    10.09696006    10.09750144    10.09780146    10.09800226    10.09807621    10.09809061    10.09814331    10.09818178    10.09822324    10.09824624    10.09829755    10.09837598    10.09848455    10.09868597    10.10277594    10.11499568
   220    -9.86681418    -4.74443944    -2.55066187    -2.54908406     2.13266748     3.00225926     8.55168627     8.60626832     9.46400492     9.87083175     9.87704616     9.99126615    10.05659674    10.06694799    10.08124840    10.08577885    10.09701012    10.09754710    10.09781695    10.09800845    10.09808242    10.09809476    10.09814589    10.09818316    10.09822130    10.09824423    10.09829458    10.09836602    10.09846588    10.09865478    10.10251864    10.11396774
   221    -9.85499968    -4.76338325    -2.55740057    -2.55595099     2.12166229     2.98831195     8.57631111     8.62685192     9.47730967     9.87230236     9.87837122     9.99804168    10.05893936    10.06840089    10.08195815    10.08615654    10.09706298    10.09759316    10.09783447    10.09801529    10.09808874    10.09809924    10.09814883    10.09818458    10.09821938    10.09824215    10.09829093    10.09835568    10.09844708    10.09862274    10.10224633    10.11289402
   222    -9.84318228    -4.78225043    -2.56407121    -2.56274709     2.11075264     2.97455918     8.60076281     8.64723456     9.48990090     9.87380868     9.87968569    10.00490167    10.06136657    10.06990472    10.08269061    10.08656618    10.09711818    10.09763955    10.09785398    10.09802284    10.09809513    10.09810406    10.09815215    10.09818603    10.09821759    10.09823996    10.09828661    10.09834501    10.09842819    10.09858987    10.10195854    10.11177958
   223    -9.83136262    -4.80103899    -2.57067284    -2.56947092     2.09994640     2.96101164     8.62503465     8.66742261     9.50179427     9.87534991     9.88098803    10.01181894    10.06386926    10.07145827    10.08344592    10.08700951    10.09717531    10.09768620    10.09787540    10.09803117    10.09810153    10.09810924    10.09815582    10.09818752    10.09821599    10.09823760    10.09828163    10.09833407    10.09840920    10.09855624    10.10165529    10.11063012
   224    -9.81954143    -4.81974688    -2.57720450    -2.57612119     2.08925134     2.94767945     8.64911999     8.68742240     9.51300757     9.87692507     9.88227688    10.01876377    10.06643629    10.07306071    10.08422483    10.08748899    10.09723409    10.09773307    10.09789865    10.09804036    10.09810789    10.09811481    10.09815983    10.09818903    10.09821461    10.09823504    10.09827605    10.09832294    10.09839017    10.09852196    10.10133711    10.10945209
   225    -9.80771958    -4.83837197    -2.58366518    -2.58269680     2.07867503     2.93457203     8.67301228     8.70724014     9.52356034     9.87853308     9.88355110    10.02570346    10.06905352    10.07471205    10.08502922    10.08800822    10.09729432    10.09778009    10.09792361    10.09805048    10.09811419    10.09812081    10.09816417    10.09819058    10.09821347    10.09823229    10.09826996    10.09831168    10.09837114    10.09848720    10.10100523    10.10825271
   226    -9.79589807    -4.85691207    -2.59005385    -2.58919686     2.06822484     2.92169813     8.69670511     8.72688195     9.53347356     9.88017278     9.88480975    10.03260170    10.07170202    10.07641396    10.08586317    10.08857253    10.09735603    10.09782724    10.09795014    10.09806161    10.09812046    10.09812725    10.09816883    10.09819219    10.09821255    10.09822935    10.09826348    10.09830037    10.09835214    10.09845222    10.10066170    10.10704009
   227    -9.78407804    -4.87536491    -2.59636942    -2.59562064     2.05790784     2.90906577     8.72019215     8.74635375     9.54276932     9.88184297     9.88605213    10.03941709    10.07435461    10.07817111    10.08673515    10.08919011    10.09741956    10.09787450    10.09797809    10.09807379    10.09812682    10.09813414    10.09817377    10.09819388    10.09821181    10.09822628    10.09825678    10.09828907    10.09833325    10.09841736    10.10030968    10.10582334
   228    -9.77226076    -4.89372817    -2.60261075    -2.60196767     2.04773075     2.89668221     8.74346725     8.76566126     9.55147047     9.88354243     9.88727779    10.04610047    10.07697027    10.07999292    10.08766213    10.08987405    10.09748575    10.09792185    10.09800734    10.09808705    10.09813349    10.09814153    10.09817898    10.09819569    10.09821120    10.09822322    10.09825006    10.09827785    10.09831453    10.09838308    10.09995376    10.10461272
   229    -9.76044767    -4.91199946    -2.60877669    -2.60823765     2.03769992     2.88455391     8.76652438     8.78480996     9.55960032     9.88526995     9.88848656    10.05258987    10.07948887    10.08189087    10.08867792    10.09064629    10.09755632    10.09796932    10.09803777    10.09810131    10.09814080    10.09814956    10.09818444    10.09819769    10.09821068    10.09822042    10.09824351    10.09826676    10.09829609    10.09834992    10.09960037    10.10341974
   230    -9.74864033    -4.93017632    -2.61486604    -2.61443051     2.02782126     2.87268654     8.78935768     8.80380504     9.56718232     9.88702435     9.88967852    10.05880144    10.08184392    10.08385170    10.08984760    10.09154541    10.09763452    10.09801697    10.09806934    10.09811638    10.09814944    10.09815856    10.09819012    10.09819997    10.09821028    10.09821819    10.09823726    10.09825585    10.09827808    10.09831845    10.09925807    10.10225727
   231    -9.73684047    -4.94825625    -2.62087763    -2.62054633     2.01810017     2.86108497     8.81196146     8.82265138     9.57423983     9.88880452     9.89085404    10.06461381    10.08401400    10.08577319    10.09128071    10.09264065    10.09772620    10.09806485    10.09810211    10.09813226    10.09816056    10.09816906    10.09819603    10.09820266    10.09821026    10.09821672    10.09823138    10.09824518    10.09826072    10.09828919    10.09893758    10.10113947
   232    -9.72504997    -4.96623667    -2.62681030    -2.62658536     2.00854153     2.84975323     8.83433021     8.84135353     9.58079584     9.89060945     9.89201377    10.06984716    10.08604777    10.08747243    10.09310200    10.09404797    10.09784158    10.09811309    10.09813641    10.09815044    10.09817534    10.09818167    10.09820218    10.09820599    10.09821101    10.09821590    10.09822581    10.09823482    10.09824431    10.09826237    10.09865078    10.10008172
   233    -9.71327086    -4.98411498    -2.63266296    -2.63254796     1.99914966     2.83869451     8.85645861     8.85991566     9.58687285     9.89243820     9.89315866    10.07425706    10.08800736    10.08884340    10.09538307    10.09590338    10.09799699    10.09816190    10.09817284    10.09817645    10.09819386    10.09819698    10.09820858    10.09821018    10.09821273    10.09821549    10.09822048    10.09822483    10.09822912    10.09823787    10.09840820    10.09910063
   234    -9.70150531    -5.00188850    -2.63843460    -2.63843460     1.98992825     2.82791119     8.87834153     8.87834153     9.59249270     9.89428995     9.89428995    10.07760433    10.08991523    10.08991523    10.09821531    10.09821531    10.09821531    10.09821531    10.09821531    10.09821531    10.09821531    10.09821531    10.09821531    10.09821531    10.09821531    10.09821531    10.09821531    10.09821531    10.09821531    10.09821531    10.09821531    10.09821531
   235    -9.68975568    -5.01955452    -2.64424579    -2.64412432     1.98088037     2.81740481     8.89663450     8.89997406     9.59767640     9.89540914     9.89616400    10.07981724    10.09075054    10.09174142    10.09745261    10.09806993    10.09819418    10.09820279    10.09820631    10.09821026    10.09821524    10.09821854    10.09822125    10.09822243    10.09823648    10.09823889    10.09826183    10.09826707    10.09829905    10.09852219    10.10081846    10.10170406
   236    -9.67802444    -5.03711030    -2.64998212    -2.64973138     1.97200843     2.80717609     8.91479750     8.92135148     9.60244415     9.89651804     9.89805977    10.08105622    10.09138013    10.09340691    10.09686443    10.09796370    10.09817407    10.09819135    10.09819783    10.09820535    10.09821522    10.09822224    10.09822780    10.09823004    10.09825980    10.09826402    10.09831243    10.09833072    10.09846305    10.09893928    10.10356189    10.10575142
   237    -9.66631424    -5.05455303    -2.65564415    -2.65525518     1.96331418     2.79722491     8.93283297     8.94246933     9.60681523     9.89761871     9.89997684    10.08157982    10.09178923    10.09471928    10.09657819    10.09788651    10.09815469    10.09818072    10.09818975    10.09820062    10.09821522    10.09822627    10.09823478    10.09823816    10.09828432    10.09829025    10.09836442    10.09841590    10.09880956    10.09948291    10.10636474    10.11012313
   238    -9.65462787    -5.07187990    -2.66123247    -2.66069528     1.95479868     2.78755038     8.95074290     8.96332331     9.61080797     9.89871348     9.90191490    10.08161473    10.09193064    10.09536921    10.09676048    10.09783029    10.09813589    10.09817069    10.09818186    10.09819615    10.09821522    10.09823053    10.09824206    10.09824677    10.09830916    10.09831720    10.09841738    10.09853391    10.09949475    10.10019247    10.10918369    10.11460809
   239    -9.64296825    -5.08908805    -2.66674767    -2.66605142     1.94646230     2.77815077     8.96852881     8.98390941     9.61443982     9.89980491     9.90387379    10.08132464    10.09178645    10.09563644    10.09707236    10.09779007    10.09811759    10.09816114    10.09817392    10.09819199    10.09821524    10.09823493    10.09824959    10.09825585    10.09833365    10.09834454    10.09847123    10.09869978    10.10041184    10.10123004    10.11199227    10.11906300
   240    -9.63133845    -5.10617458    -2.67219030    -2.67132350     1.93830475     2.76902361     8.98619171     9.00422379     9.61772730     9.90089581     9.90585347    10.08082200    10.09141477    10.09590111    10.09724860    10.09776285    10.09809978    10.09815199    10.09816575    10.09818816    10.09821526    10.09823938    10.09825730    10.09826536    10.09835734    10.09837202    10.09852588    10.09893267    10.10127177    10.10267459    10.11477212    10.12339824
   241    -9.61974169    -5.12313658    -2.67756092    -2.67651159     1.93032505     2.76016563     9.00373211     9.02426288     9.62068607     9.90198919     9.90785406    10.08018394    10.09089999    10.09618213    10.09733209    10.09774591    10.09808250    10.09814319    10.09815726    10.09818463    10.09821530    10.09824384    10.09826513    10.09827528    10.09837992    10.09839943    10.09858121    10.09925267    10.10210498    10.10430987    10.11750923    10.12755805
   242    -9.60818130    -5.13997111    -2.68286006    -2.68161592     1.92252160     2.75157285     9.02115004     9.04402333     9.62333099     9.90308823     9.90987579    10.07946387    10.09030246    10.09643248    10.09737093    10.09773602    10.09806580    10.09813471    10.09814843    10.09818133    10.09821537    10.09824827    10.09827303    10.09828558    10.09840123    10.09842657    10.09863704    10.09967282    10.10294730    10.10600857    10.12019221    10.13150727
   243    -9.59666074    -5.15667523    -2.68808823    -2.68663684     1.91489215     2.74324055     9.03844500     9.06350200     9.62567612     9.90419631     9.91191902    10.07869941    10.08965619    10.09662515    10.09739097    10.09773012    10.09804972    10.09812646    10.09813935    10.09817820    10.09821549    10.09825261    10.09828094    10.09829625    10.09842118    10.09845332    10.09869319    10.10019179    10.10380222    10.10772143    10.12281135    10.13522353
   244    -9.58518360    -5.17324595    -2.69324592    -2.69157488     1.90743386     2.73516330     9.05561602     9.08269601     9.62773486     9.90531692     9.91398423    10.07791748    10.08897977    10.09675665    10.09740570    10.09772610    10.09803431    10.09811833    10.09813026    10.09817516    10.09821565    10.09825686    10.09828881    10.09830725    10.09843972    10.09847954    10.09874949    10.10079521    10.10466632    10.10942512    10.12535819    10.13869278
   245    -9.57375357    -5.18968028    -2.69833362    -2.69643067     1.90014335     2.72733503     9.07266163     9.10160267     9.62951993     9.90645370     9.91607200    10.07713770    10.08828397    10.09683634    10.09742107    10.09772287    10.09801960    10.09811003    10.09812155    10.09817218    10.09821589    10.09826098    10.09829659    10.09831854    10.09845688    10.09850515    10.09880574    10.10146346    10.10553534    10.11110590    10.12782520    10.14190676
   246    -9.56237446    -5.20597524    -2.70335177    -2.70120495     1.89301671     2.71974900     9.08957987     9.12021955     9.63104349     9.90761037     9.91818303    10.07637459    10.08757564    10.09687765    10.09743793    10.09772002    10.09800555    10.09810129    10.09811370    10.09816920    10.09821622    10.09826497    10.09830423    10.09833008    10.09847268    10.09853009    10.09886174    10.10217814    10.10640547    10.11275424    10.13020568    10.14486144
   247    -9.55105016    -5.22212780    -2.70830081    -2.70589859     1.88604955     2.71239788     9.10636833     9.13854441     9.63231717     9.90879070     9.92031810    10.07563906    10.08685960    10.09689325    10.09745463    10.09771743    10.09799207    10.09809203    10.09810701    10.09816621    10.09821667    10.09826881    10.09831171    10.09834179    10.09848719    10.09855431    10.09891730    10.10292423    10.10727364    10.11436255    10.13249364    10.14755599
   248    -9.53978467    -5.23813495    -2.71318116    -2.71051253     1.87923707     2.70527378     9.12302411     9.15657522     9.63335214     9.90999852     9.92247807    10.07493937    10.08613961    10.09689284    10.09746928    10.09771512    10.09797899    10.09808256    10.09810149    10.09816318    10.09821727    10.09827249    10.09831900    10.09835363    10.09850049    10.09857778    10.09897225    10.10368988    10.10813744    10.11592434    10.13468376    10.14999225
   249    -9.52858205    -5.25399366    -2.71799320    -2.71504781     1.87257408     2.69836825     9.13954389     9.17431018     9.63415916     9.91123768     9.92466387    10.07428178    10.08541881    10.09688306    10.09748077    10.09771311    10.09796609    10.09807323    10.09809704    10.09816009    10.09821808    10.09827600    10.09832608    10.09836551    10.09851269    10.09860048    10.09902640    10.10446550    10.10899507    10.11743365    10.13677135    10.15217418
   250    -9.51744645    -5.26970090    -2.72273732    -2.71950553     1.86605509     2.69167237     9.15592393     9.19174767     9.63474863     9.91251200     9.92687650    10.07367103    10.08470000    10.09686815    10.09748876    10.09771137    10.09795310    10.09806436    10.09809364    10.09815695    10.09821916    10.09827936    10.09833293    10.09837736    10.09852390    10.09862242    10.09907958    10.10524304    10.10984519    10.11888485    10.13875235    10.15410763
   251    -9.50638209    -5.28525365    -2.72741384    -2.72388686     1.85967433     2.68517679     9.17216008     9.20888626     9.63513068     9.91382529     9.92911698    10.07311066    10.08398576    10.09685080    10.09749344    10.09770984    10.09793978    10.09805615    10.09809125    10.09815373    10.09822060    10.09828254    10.09833954    10.09838910    10.09853424    10.09864359    10.09913164    10.10601542    10.11068684    10.12027245    10.14062330    10.15580010
   252    -9.49539324    -5.30064884    -2.73202308    -2.72819300     1.85342582     2.67887174     9.18824779     9.22572472     9.63531514     9.91518129     9.93138639    10.07260320    10.08327855    10.09683269    10.09749526    10.09770842    10.09792596    10.09804868    10.09808985    10.09815045    10.09822246    10.09828556    10.09834592    10.09840065    10.09854383    10.09866402    10.09918242    10.10677625    10.11151926    10.12159107    10.14238135    10.15726050
   253    -9.48448422    -5.31588346    -2.73656532    -2.73242522     1.84730344     2.67274716     9.20418219     9.24226198     9.63531163     9.91658364     9.93368581    10.07215038    10.08258073    10.09681489    10.09749476    10.09770702    10.09791161    10.09804192    10.09808934    10.09814709    10.09822487    10.09828843    10.09835207    10.09841195    10.09855281    10.09868372    10.09923178    10.10751969    10.11234176    10.12283530    10.14402423    10.15849908
   254    -9.47365939    -5.33095444    -2.74104081    -2.73658481     1.84130094     2.66679266     9.21995807     9.25849714     9.63512959     9.91803591     9.93601631    10.07175319    10.08189463    10.09679806    10.09749247    10.09770553    10.09789681    10.09803581    10.09808958    10.09814365    10.09822790    10.09829114    10.09835800    10.09842293    10.09856128    10.09870273    10.09927958    10.10824042    10.11315353    10.12399971    10.14555029    10.15952724
   255    -9.46292314    -5.34585875    -2.74544974    -2.74067307     1.83541206     2.66099769     9.23556989     9.27442946     9.63477831     9.91954153     9.93837897    10.07141202    10.08122253    10.09678259    10.09748887    10.09770384    10.09788180    10.09803021    10.09809031    10.09814017    10.09823161    10.09829373    10.09836374    10.09843353    10.09856938    10.09872107    10.09932569    10.10893368    10.11395349    10.12507884    10.14695846    10.16035744
   256    -9.45227988    -5.36059332    -2.74979230    -2.74469133     1.82963053     2.65535150     9.25101188     9.29005834     9.63426694     9.92110378     9.94077482    10.07112668    10.08056672    10.09676867    10.09748438    10.09770177    10.09786691    10.09802503    10.09809125    10.09813667    10.09823602    10.09829622    10.09836930    10.09844374    10.09857720    10.09873879    10.09937001    10.10959534    10.11474013    10.12606715    10.14824823    10.16100308
   257    -9.44173405    -5.37515510    -2.75406859    -2.74864089     1.82395013     2.64984330     9.26627800     9.30538334     9.63360454     9.92272578     9.94320485    10.07089646    10.07992947    10.09675636    10.09747932    10.09769915    10.09785260    10.09802016    10.09809207    10.09813326    10.09824107    10.09829865    10.09837473    10.09845354    10.09858484    10.09875592    10.09941241    10.11022194    10.11551139    10.12695909    10.14941969    10.16147836
   258    -9.43129007    -5.38954102    -2.75827869    -2.75252308     1.81836475     2.64446224     9.28136199     9.32040412     9.63280008     9.92441049     9.94567000    10.07072010    10.07931316    10.09674560    10.09747393    10.09769572    10.09783940    10.09801554    10.09809241    10.09813006    10.09824658    10.09830106    10.09838005    10.09846297    10.09859238    10.09877252    10.09945282    10.11081076    10.11626463    10.12774914    10.15047344    10.16179817
   259    -9.42095239    -5.40374802    -2.76242263    -2.75633919     1.81286843     2.63919758     9.29625744     9.33512048     9.63186246     9.92616065     9.94817113    10.07059582    10.07872022    10.09673627    10.09746835    10.09769122    10.09782789    10.09801111    10.09809195    10.09812727    10.09825231    10.09830354    10.09838529    10.09847207    10.09859987    10.09878863    10.09949115    10.11135973    10.11699653    10.12843190    10.15141059    10.16197793
   260    -9.41072541    -5.41777302    -2.76650038    -2.76009049     1.80745539     2.63403868     9.31095775     9.34953231     9.63080052     9.92797881     9.95070899    10.07052124    10.07815331    10.09672818    10.09746262    10.09768544    10.09781860    10.09800684    10.09809039    10.09812510    10.09825792    10.09830616    10.09839047    10.09848092    10.09860736    10.09880429    10.09952733    10.11186745    10.11770321    10.12900228    10.15223273    10.16203338
   261    -9.40061354    -5.43161292    -2.77051187    -2.76377822     1.80212009     2.62897511     9.32545625     9.36363964     9.62962305     9.92986730     9.95328425    10.07049333    10.07761536    10.09672112    10.09745670    10.09767837    10.09781191    10.09800269    10.09808761    10.09812365    10.09826302    10.09830899    10.09839557    10.09848962    10.09861489    10.09881956    10.09956131    10.11233300    10.11838026    10.12945568    10.15294178    10.16198041
   262    -9.39062116    -5.44526463    -2.77445697    -2.76740357     1.79685724     2.62399673     9.33974615     9.37744256     9.62833882     9.93182824     9.95589744    10.07050820    10.07710977    10.09671485    10.09745040    10.09767029    10.09780794    10.09799864    10.09808364    10.09812290    10.09826731    10.09831203    10.09840054    10.09849825    10.09862250    10.09883447    10.09959305    10.11275589    10.11902283    10.12978829    10.15353993    10.16183483
   263    -9.38075261    -5.45872504    -2.77833547    -2.77096769     1.79166186     2.61909376     9.35382061     9.39094127     9.62695654     9.93386347     9.95854898    10.07056094    10.07664068    10.09670914    10.09744347    10.09766173    10.09780656    10.09799466    10.09807869    10.09812273    10.09827055    10.09831521    10.09840529    10.09850687    10.09863021    10.09884906    10.09962254    10.11313587    10.11962566    10.12999749    10.15402946    10.16161212
   264    -9.37101219    -5.47199100    -2.78214714    -2.77447167     1.78652929     2.61425682     9.36767279     9.40413602     9.62548489     9.93597464     9.96123913    10.07064525    10.07621329    10.09670374    10.09743556    10.09765339    10.09780746    10.09799073    10.09807299    10.09812299    10.09827268    10.09831839    10.09840968    10.09851548    10.09863804    10.09886337    10.09964976    10.11347282    10.12018318    10.13008224    10.15441250    10.16132723
   265    -9.36140415    -5.48505939    -2.78589167    -2.77791654     1.78145521     2.60947705     9.38129583     9.41702719     9.62393251     9.93816311     9.96396799    10.07075299    10.07583435    10.09669846    10.09742628    10.09764596    10.09781031    10.09798682    10.09806675    10.09812354    10.09827376    10.09832137    10.09841358    10.09852400    10.09864601    10.09887741    10.09967475    10.11376659    10.12068950    10.13004359    10.15469082    10.16099442
   266    -9.35193269    -5.49792702    -2.78956869    -2.78130325     1.77643567     2.60474615     9.39468291     9.42961518     9.62230800     9.94043000     9.96673549    10.07087367    10.07551274    10.09669309    10.09741531    10.09764002    10.09781475    10.09798290    10.09806017    10.09812431    10.09827387    10.09832398    10.09841686    10.09853225    10.09865412    10.09889117    10.09969753    10.11401689    10.12113831    10.12988524    10.15486550    10.16062707
   267    -9.34260196    -5.51059071    -2.79317779    -2.78463270     1.77146712     2.60005645     9.40782730     9.44190049     9.62061991     9.94277620     9.96954137    10.07099409    10.07525979    10.09668748    10.09740238    10.09763594    10.09782046    10.09797893    10.09805342    10.09812523    10.09827315    10.09832612    10.09841940    10.09854000    10.09866233    10.09890462    10.09971816    10.11422308    10.12152275    10.12961408    10.15493679    10.16023757
   268    -9.33341603    -5.52304725    -2.79671847    -2.78790568     1.76654642     2.59540097     9.42072232     9.45388367     9.61887675     9.94520230     9.97238519    10.07109883    10.07508887    10.09668147    10.09738738    10.09763386    10.09782716    10.09797487    10.09804668    10.09812626    10.09827170    10.09832772    10.09842117    10.09854700    10.09867053    10.09891769    10.09973670    10.11438403    10.12183511    10.12924081    10.15490414    10.15983701
   269    -9.32437891    -5.53529341    -2.80019020    -2.79112292     1.76167086     2.59077344     9.43336141     9.46556534     9.61708698     9.94770867     9.97526630    10.07117250    10.07501316    10.09667494    10.09737032    10.09763372    10.09783455    10.09797070    10.09804011    10.09812738    10.09826959    10.09832877    10.09842215    10.09855301    10.09867856    10.09893024    10.09975324    10.11449789    10.12206645    10.12878057    10.15476661    10.15943467
   270    -9.31549454    -5.54732593    -2.80359238    -2.79428505     1.75683814     2.58616841     9.44573809     9.47694618     9.61525902     9.95029539     9.97818380    10.07120396    10.07504148    10.09666776    10.09735128    10.09763533    10.09784234    10.09796637    10.09803387    10.09812856    10.09826691    10.09832929    10.09842237    10.09855787    10.09868620    10.09894208    10.09976787    10.11456188    10.12220606    10.12825353    10.15452383    10.15903716
   271    -9.30676676    -5.55914151    -2.80692436    -2.79739260     1.75204643     2.58158125     9.45784603     9.48802692     9.61340126     9.95296231     9.98113661    10.07119049    10.07517412    10.09665979    10.09733035    10.09763845    10.09785019    10.09796188    10.09802815    10.09812977    10.09826372    10.09832930    10.09842186    10.09856148    10.09869321    10.09895297    10.09978068    10.11457196    10.12224127    10.12768520    10.15417702    10.15864748
   272    -9.29819936    -5.57073685    -2.81018545    -2.80044601     1.74729434     2.57700818     9.46967897     9.49880838     9.61152208     9.95570900     9.98412338    10.07113833    10.07540238    10.09665086    10.09730763    10.09764278    10.09785774    10.09795721    10.09802315    10.09813098    10.09826009    10.09832883    10.09842069    10.09856380    10.09869931    10.09896259    10.09979174    10.11452255    10.12215826    10.12710551    10.15372977    10.15826461
   273    -9.28979603    -5.58210860    -2.81337488    -2.80344563     1.74258095     2.57244632     9.48123067     9.50929141     9.60962994     9.95853477     9.98714251    10.07105916    10.07571211    10.09664073    10.09728318    10.09764811    10.09786460    10.09795239    10.09801907    10.09813216    10.09825611    10.09832791    10.09841893    10.09856485    10.09870430    10.09897060    10.09980113    10.11440622    10.12194568    10.12654518    10.15318786    10.15788387
   274    -9.28156036    -5.59325339    -2.81649185    -2.80639171     1.73790581     2.56789368     9.49249487     9.51947693     9.60773343     9.96143869     9.99019217    10.07096568    10.07608817    10.09662908    10.09725703    10.09765421    10.09787035    10.09794745    10.09801612    10.09813327    10.09825185    10.09832657    10.09841665    10.09856470    10.09870797    10.09897664    10.09980886    10.11421360    10.12160171    10.12602831    10.15255845    10.15749814
   275    -9.27349587    -5.60416782    -2.81953553    -2.80928438     1.73326892     2.56334922     9.50346509     9.52936594     9.60584147     9.96441956     9.99327026    10.07086897    10.07651713    10.09661546    10.09722918    10.09766093    10.09787460    10.09794244    10.09801450    10.09813427    10.09824741    10.09832482    10.09841394    10.09856341    10.09871022    10.09898036    10.09981493    10.11393377    10.12114126    10.12556450    10.15184894    10.15709922
   276    -9.26560598    -5.61484848    -2.82250502    -2.81212369     1.72867078     2.55881278     9.51413427     9.53895946     9.60396366     9.96747593     9.99637441    10.07077771    10.07698803    10.09659918    10.09719970    10.09766815    10.09787706    10.09793738    10.09801436    10.09813511    10.09824292    10.09832270    10.09841086    10.09856106    10.09871096    10.09898147    10.09981927    10.11355552    10.12059595    10.12514728    10.15106616    10.15667895
   277    -9.25789401    -5.62529190    -2.82539940    -2.81490957     1.72411233     2.55428514     9.52449422     9.54825859     9.60211084     9.97060606     9.99950200    10.07069842    10.07749219    10.09657928    10.09716872    10.09767578    10.09787765    10.09793226    10.09801572    10.09813573    10.09823851    10.09832023    10.09840751    10.09855775    10.09871018    10.09897973    10.09982178    10.11306976    10.12000464    10.12476093    10.15021599    10.15622976
   278    -9.25036321    -5.63549461    -2.82821772    -2.81764187     1.71959501     2.54976797     9.53453440     9.55726444     9.60029641     9.97380799    10.00265014    10.07063599    10.07802273    10.09655440    10.09713657    10.09768377    10.09787647    10.09792706    10.09801846    10.09813607    10.09823431    10.09831742    10.09840395    10.09855356    10.09870789    10.09897499    10.09982227    10.11247287    10.11940140    10.12438903    10.14930330    10.15574485
   279    -9.24301670    -5.64545313    -2.83095901    -2.82032030     1.71512072     2.54526381     9.54423924     9.56597806     9.59853894     9.97707946    10.00581571    10.07059410    10.07857408    10.09652264    10.09710386    10.09769208    10.09787383    10.09792176    10.09802235    10.09813606    10.09823047    10.09831430    10.09840026    10.09854858    10.09870414    10.09896719    10.09982054    10.11176947    10.11880780    10.12401923    10.14833208    10.15521824
   280    -9.23585753    -5.65516395    -2.83362224    -2.82294452     1.71069182     2.54077605     9.55358199     9.57440019     9.59686874     9.98041797    10.00899532    10.07057565    10.07914163    10.09648150    10.09707158    10.09770070    10.09787009    10.09791641    10.09802707    10.09813568    10.09822712    10.09831090    10.09839649    10.09854291    10.09869900    10.09895636    10.09981635    10.11097292    10.11823148    10.12364416    10.14730560    10.15464466
   281    -9.22888865    -5.66462353    -2.83620640    -2.82551405     1.70631112     2.53630890     9.56250756     9.58252988     9.59534623     9.98382074    10.01218536    10.07058300    10.07972141    10.09642788    10.09704104    10.09770962    10.09786565    10.09791115    10.09803232    10.09813490    10.09822433    10.09830727    10.09839267    10.09853663    10.09869254    10.09894260    10.09980944    10.11010329    10.11766908    10.12326044    10.14622662    10.15401942
   282    -9.22211289    -5.67382836    -2.83871045    -2.82802834     1.70198190     2.53186733     9.57087663     9.59034491     9.59413751     9.98728473    10.01538203    10.07061811    10.08030993    10.09635828    10.09701370    10.09771884    10.09786084    10.09790614    10.09803782    10.09813375    10.09822215    10.09830344    10.09838885    10.09852982    10.09868484    10.09892609    10.09979955    10.10918391    10.11711119    10.12286731    10.14509752    10.15333833
   283    -9.21553302    -5.68277488    -2.84113334    -2.83048673     1.69770787     2.52745702     9.57824521     9.59354346     9.59799308     9.99080663    10.01858129    10.07068267    10.08090402    10.09626911    10.09699090    10.09772837    10.09785599    10.09790160    10.09804335    10.09813232    10.09822057    10.09829945    10.09838503    10.09852256    10.09867599    10.09890702    10.09978641    10.10823830    10.11654663    10.12246525    10.14392040    10.15259765
   284    -9.20915168    -5.69145956    -2.84347403    -2.83288849     1.69349316     2.52308433     9.58319744     9.59521140     9.60524774     9.99438285    10.02177896    10.07077815    10.08150068    10.09615711    10.09697349    10.09773821    10.09785137    10.09789771    10.09804876    10.09813070    10.09821953    10.09829534    10.09838121    10.09851491    10.09866607    10.09888564    10.09976981    10.10728840    10.11596535    10.12205500    10.14269718    10.15179398
   285    -9.20297144    -5.69987887    -2.84573148    -2.83523280     1.68934233     2.51875620     9.58454024     9.60020962     9.61223855     9.99800955    10.02497073    10.07090580    10.08209699    10.09601955    10.09696179    10.09774838    10.09784723    10.09789467    10.09805391    10.09812903    10.09821891    10.09829116    10.09837737    10.09850695    10.09865515    10.09886220    10.09974953    10.10635384    10.11535990    10.12163671    10.14142971    10.15092426
   286    -9.19699476    -5.70802930    -2.84790465    -2.83751874     1.68526031     2.51448011     9.58404353     9.60678695     9.61895177    10.00168265    10.02815214    10.07106669    10.08269001    10.09585438    10.09695570    10.09775887    10.09784378    10.09789266    10.09805871    10.09812746    10.09821862    10.09828694    10.09837349    10.09849871    10.09864332    10.09883698    10.09972539    10.10545180    10.11472583    10.12120956    10.14011981    10.14998571
   287    -9.19122402    -5.71590734    -2.84999252    -2.83974533     1.68125243     2.51026402     9.58300439     9.61365142     9.62538730    10.00539779    10.03131865    10.07126164    10.08327664    10.09566045    10.09695487    10.09776969    10.09784119    10.09789182    10.09806310    10.09812613    10.09821854    10.09828271    10.09836952    10.09849023    10.09863063    10.09881023    10.09969726    10.10459701    10.11406157    10.12077154    10.13876928    10.14897583
   288    -9.18566147    -5.72350953    -2.85199408    -2.84191152     1.67732435     2.50611628     9.58180290     9.62042665     9.63154653    10.00915040    10.03446568    10.07149118    10.08385352    10.09543804    10.09695891    10.09778083    10.09783956    10.09789228    10.09806703    10.09812516    10.09821858    10.09827848    10.09836544    10.09848154    10.09861716    10.09878222    10.09966499    10.10380161    10.11336801    10.12031958    10.13738001    10.14789236
   289    -9.18030931    -5.73083243    -2.85390838    -2.84401620     1.67348206     2.50204558     9.58056110     9.62699390     9.63743122    10.01293567    10.03758857    10.07175553    10.08441691    10.09518956    10.09696745    10.09779229    10.09783896    10.09789415    10.09807047    10.09812466    10.09821863    10.09827428    10.09836120    10.09847265    10.09860295    10.09875322    10.09962848    10.10307485    10.11264791    10.11984975    10.13595398    10.14673327
   290    -9.17516963    -5.73787265    -2.85573446    -2.84605818     1.66973184     2.49806084     9.57932796     9.63330734     9.64304326    10.01674861    10.04068265    10.07205451    10.08496254    10.09492047    10.09698019    10.09780407    10.09783945    10.09789752    10.09807343    10.09812468    10.09821865    10.09827012    10.09835677    10.09846358    10.09858807    10.09872348    10.09958761    10.10242260    10.11190535    10.11935757    10.13449325    10.14549674
   291    -9.17024443    -5.74462686    -2.85747141    -2.84803623     1.66608023     2.49417119     9.57812675     9.63934669     9.64838466    10.02058402    10.04374322    10.07238745    10.08548550    10.09464002    10.09699690    10.09781613    10.09784105    10.09790244    10.09807593    10.09812525    10.09821857    10.09826599    10.09835211    10.09845431    10.09857257    10.09869326    10.09954224    10.10184705    10.11114523    10.11883831    10.13300003    10.14418118
   292    -9.16553560    -5.75109176    -2.85911838    -2.84994908     1.66253398     2.49038586     9.57696992     9.64510238     9.65345742    10.02443656    10.04676552    10.07275320    10.08598023    10.09436153    10.09701744    10.09782846    10.09784378    10.09790893    10.09807806    10.09812635    10.09821838    10.09826190    10.09834719    10.09844483    10.09855650    10.09866282    10.09949220    10.10134676    10.11037286    10.11828724    10.13147664    10.14278518
   293    -9.16104496    -5.75726417    -2.86067456    -2.85179539     1.65910004     2.48671411     9.57586470     9.65056993     9.65826361    10.02830075    10.04974470    10.07315002    10.08644069    10.09410181    10.09704169    10.09784097    10.09784778    10.09791695    10.09807992    10.09812791    10.09821804    10.09825785    10.09834200    10.09843512    10.09853994    10.09863242    10.09943729    10.10091724    10.10959368    10.11769977    10.12992553    10.14130750
   294    -9.15677425    -5.76314094    -2.86213917    -2.85357380     1.65578547     2.48316518     9.57481540     9.65574761     9.66280526    10.03217101    10.05267564    10.07357562    10.08686099    10.09387985    10.09706960    10.09785168    10.09785503    10.09792644    10.09808162    10.09812987    10.09821755    10.09825384    10.09833650    10.09842514    10.09852293    10.09860230    10.09937719    10.10055198    10.10881304    10.11707169    10.12834926    10.13974711
   295    -9.15272509    -5.76871904    -2.86351151    -2.85528295     1.65259744     2.47974822     9.57382467     9.66063524     9.66708439    10.03604166    10.05555277    10.07402731    10.08723676    10.09371454    10.09710112    10.09785841    10.09786781    10.09793729    10.09808327    10.09813215    10.09821692    10.09824987    10.09833069    10.09841485    10.09850554    10.09857271    10.09931155    10.10024354    10.10803609    10.11639917    10.12675044    10.13810313
   296    -9.14889904    -5.77399553    -2.86479094    -2.85692140     1.64954316     2.47647222     9.57289403     9.66523360     9.67110298    10.03990697    10.05836958    10.07450236    10.08756734    10.09362167    10.09713624    10.09786589    10.09788143    10.09794935    10.09808500    10.09813466    10.09821612    10.09824596    10.09832456    10.09840419    10.09848787    10.09854388    10.09924002    10.09998446    10.10726761    10.11567892    10.12513176    10.13637483
   297    -9.14529755    -5.77896758    -2.86597689    -2.85848775     1.64662983     2.47334594     9.57202423     9.66954406     9.67486298    10.04376115    10.06111779    10.07499888    10.08785834    10.09361088    10.09717494    10.09787458    10.09789553    10.09796246    10.09808690    10.09813736    10.09821518    10.09824212    10.09831809    10.09839311    10.09846998    10.09851603    10.09916244    10.09976767    10.10651203    10.11490822    10.12349586    10.13456168
   298    -9.14192199    -5.78363246    -2.86706884    -2.85998056     1.64386456     2.47037787     9.57121552     9.67356837     9.67836621    10.04759836    10.06378559    10.07551772    10.08812337    10.09368353    10.09721722    10.09788451    10.09791012    10.09797647    10.09808906    10.09814020    10.09821408    10.09823838    10.09831129    10.09838157    10.09845199    10.09848933    10.09907925    10.09958643    10.10577329    10.11408497    10.12184531    10.13266325
   299    -9.13877365    -5.78798759    -2.86806636    -2.86139839     1.64125438     2.46757620     9.57046771     9.67730853     9.68161443    10.05141264    10.06635401    10.07606646    10.08838351    10.09383291    10.09726306    10.09789571    10.09792524    10.09799120    10.09809158    10.09814316    10.09821283    10.09823479    10.09830414    10.09836953    10.09843398    10.09846392    10.09899187    10.09943405    10.10505492    10.11320782    10.12018250    10.13067928
   300    -9.13585371    -5.79203051    -2.86896910    -2.86273982     1.63880612     2.46494870     9.56978036     9.68076668     9.68460925    10.05519779    10.06878909    10.07666811    10.08866425    10.09404675    10.09731245    10.09790814    10.09794092    10.09800649    10.09809453    10.09814624    10.09821143    10.09823140    10.09829666    10.09835699    10.09841602    10.09843991    10.09890275    10.09930376    10.10435991    10.11227622    10.11850953    10.12860967
   301    -9.13316329    -5.79575891    -2.86977677    -2.86400343     1.63652639     2.46250277     9.56915279     9.68394507     9.68735216    10.05894702    10.07102574    10.07737848    10.08899144    10.09431062    10.09736537    10.09792176    10.09795719    10.09802220    10.09809800    10.09814944    10.09820987    10.09822828    10.09828883    10.09834403    10.09839811    10.09841737    10.09881477    10.09918920    10.10369074    10.11129054    10.11682806    10.12645445
   302    -9.13070340    -5.79917062    -2.87048919    -2.86518783     1.63442152     2.46024531     9.56858417     9.68684599     9.68984446    10.06265207    10.07294659    10.07830935    10.08938755    10.09461069    10.09742177    10.09793646    10.09797401    10.09803820    10.09810210    10.09815281    10.09820819    10.09822547    10.09828068    10.09833077    10.09838017    10.09839633    10.09873043    10.09908514    10.10304933    10.11025220    10.11513923    10.12421382
   303    -9.12847497    -5.80226365    -2.87110623    -2.86629164     1.63249749     2.45818275     9.56807360     9.68947174     9.69208723    10.06630024    10.07441331    10.07960108    10.08986935    10.09493527    10.09748156    10.09795214    10.09799134    10.09805438    10.09810698    10.09815639    10.09820643    10.09822301    10.09827227    10.09831742    10.09836207    10.09837677    10.09865140    10.09898772    10.10243707    10.10916378    10.11344344    10.12188815
   304    -9.12647885    -5.80503616    -2.87162788    -2.86731351     1.63075990     2.45632100     9.56762012     9.69182463     9.69408135    10.06986226    10.07542633    10.08127564    10.09044700    10.09527524    10.09754464    10.09796864    10.09800903    10.09807064    10.09811281    10.09816024    10.09820467    10.09822092    10.09826368    10.09830417    10.09834382    10.09835847    10.09857856    10.09889437    10.10185471    10.10802913    10.11174035    10.11947800
   305    -9.12471579    -5.80748649    -2.87205420    -2.86825214     1.62921390     2.45466540     9.56722275     9.69390698     9.69582744    10.07321072    10.07624421    10.08319866    10.09112429    10.09562403    10.09761080    10.09798577    10.09802684    10.09808695    10.09811983    10.09816445    10.09820303    10.09821918    10.09825505    10.09829120    10.09832561    10.09834099    10.09851220    10.09880349    10.10130244    10.10685344    10.11002875    10.11698420
   306    -9.12318646    -5.80961316    -2.87238532    -2.86910628     1.62786417     2.45322072     9.56688056     9.69572106     9.69732585    10.07547340    10.07787728    10.08523158    10.09189969    10.09597727    10.09767973    10.09800326    10.09804447    10.09810335    10.09812830    10.09816911    10.09820169    10.09821775    10.09824659    10.09827861    10.09830768    10.09832385    10.09845229    10.09871414    10.10077981    10.10564320    10.10830677    10.11440790
   307    -9.12189142    -5.81141487    -2.87262150    -2.86987470     1.62671484     2.45199114     9.56659266     9.69726915     9.69857662    10.07613311    10.08092412    10.08729385    10.09276779    10.09633243    10.09775092    10.09802074    10.09806167    10.09811998    10.09813848    10.09817434    10.09820084    10.09821661    10.09823858    10.09826647    10.09829023    10.09830668    10.09839862    10.09862586    10.10028581    10.10440606    10.10657224    10.11175082
   308    -9.12083118    -5.81289052    -2.87276306    -2.87055624     1.62576949     2.45098022     9.56635827     9.69855348     9.69957951    10.07639371    10.08422247    10.08934374    10.09372071    10.09668852    10.09782346    10.09803759    10.09807867    10.09813711    10.09815045    10.09818028    10.09820074    10.09821573    10.09823130    10.09825480    10.09827339    10.09828923    10.09835091    10.09853856    10.09981886    10.10315053    10.10482358    10.10901568
   309    -9.12000614    -5.81403919    -2.87281041    -2.87114981     1.62503107     2.45019088     9.56617671     9.69957626     9.70033394    10.07653736    10.08750970    10.09135629    10.09474931    10.09704565    10.09789552    10.09805294    10.09809695    10.09815498    10.09816416    10.09818710    10.09820173    10.09821510    10.09822510    10.09824367    10.09825730    10.09827135    10.09830891    10.09845249    10.09937698    10.10188539    10.10306209    10.10620763
   310    -9.11941660    -5.81486019    -2.87276404    -2.87165436     1.62450195     2.44962543     9.56604743     9.70033966     9.70083906    10.07662080    10.09073066    10.09330546    10.09584421    10.09740445    10.09796340    10.09806642    10.09812057    10.09817362    10.09817962    10.09819501    10.09820426    10.09821472    10.09822027    10.09823319    10.09824209    10.09825298    10.09827244    10.09836842    10.09895825    10.10061771    10.10130013    10.10333950
   311    -9.11906278    -5.81535299    -2.87262455    -2.87206892     1.62418379     2.44928550     9.56597003     9.70084575     9.70109371    10.07666488    10.09381841    10.09511367    10.09699753    10.09776419    10.09802448    10.09808442    10.09815778    10.09819330    10.09819683    10.09820432    10.09820875    10.09821471    10.09821702    10.09822361    10.09822799    10.09823421    10.09824135    10.09828806    10.09856281    10.09934151    10.09960573    10.10046521
   312    -9.11894483    -5.81551729    -2.87239259    -2.87239259     1.62407763     2.44917208     9.56594425     9.70109649     9.70109649    10.07667868    10.09607011    10.09607011    10.09821531    10.09821531    10.09821531    10.09821531    10.09821531    10.09821531    10.09821531    10.09821531    10.09821531    10.09821531    10.09821531    10.09821531    10.09821531    10.09821531    10.09821531    10.09821531    10.09821531    10.09821531    10.09821531    10.09821531
   313    -9.11893170    -5.81547386    -2.87248118    -2.87244651     1.62428207     2.44935877     9.56586519     9.70098212     9.70102357    10.07661586    10.09519349    10.09567831    10.09727663    10.09730101    10.09808130    10.09812119    10.09816339    10.09819850    10.09820768    10.09820988    10.09821236    10.09821519    10.09821609    10.09821854    10.09822223    10.09822354    10.09823623    10.09826577    10.09842616    10.09875387    10.09941098    10.09955246
   314    -9.11889234    -5.81534367    -2.87274691    -2.87260831     1.62489519     2.44991878     9.56562779     9.70063859     9.70080509    10.07642605    10.09353676    10.09469557    10.09654153    10.09669619    10.09799565    10.09810514    10.09811561    10.09818554    10.09820072    10.09820575    10.09820973    10.09821531    10.09821796    10.09822203    10.09823083    10.09823227    10.09826070    10.09831219    10.09868806    10.09953421    10.10071850    10.10108111
   315    -9.11882692    -5.81512709    -2.87318963    -2.87287812     1.62591641     2.45085184     9.56523137     9.70006458     9.70044193    10.07610558    10.09165733    10.09349436    10.09589847    10.09617286    10.09791653    10.09807757    10.09809285    10.09817529    10.09819443    10.09820263    10.09820745    10.09821557    10.09822091    10.09822572    10.09824131    10.09824137    10.09828788    10.09835386    10.09896187    10.10036581    10.10206919    10.10262580
   316    -9.11873567    -5.81482470    -2.87380908    -2.87325619     1.62734474     2.45215757     9.56467480     9.69925790     9.69993555    10.07564947    10.08964683    10.09223888    10.09533563    10.09563177    10.09782548    10.09804884    10.09808135    10.09816653    10.09818876    10.09820025    10.09820550    10.09821596    10.09822482    10.09822957    10.09825071    10.09825393    10.09831710    10.09839085    10.09922537    10.10122439    10.10343870    10.10414066
   317    -9.11861894    -5.81443730    -2.87460491    -2.87374281     1.62917882     2.45383539     9.56395655     9.69821548     9.69928797    10.07505242    10.08752466    10.09097572    10.09485492    10.09505418    10.09771888    10.09802527    10.09807130    10.09815843    10.09818363    10.09819840    10.09820388    10.09821654    10.09822953    10.09823354    10.09826017    10.09826900    10.09834799    10.09842353    10.09946877    10.10210686    10.10481567    10.10561285
   318    -9.11847716    -5.81396593    -2.87557670    -2.87433838     1.63141690     2.45588459     9.56307464     9.69693337     9.69850177    10.07430887    10.08529814    10.08972047    10.09443744    10.09445664    10.09759643    10.09800369    10.09806325    10.09815051    10.09817895    10.09819691    10.09820256    10.09821733    10.09823488    10.09823758    10.09826965    10.09828678    10.09838057    10.09845237    10.09968813    10.10301486    10.10619315    10.10703818
   319    -9.11831087    -5.81341184    -2.87672388    -2.87504337     1.63405686     2.45830429     9.56202672     9.69540671     9.69758008    10.07341103    10.08297677    10.08847908    10.09378217    10.09413635    10.09745793    10.09798244    10.09805731    10.09814252    10.09817463    10.09819566    10.09820148    10.09821838    10.09824075    10.09824167    10.09827908    10.09830726    10.09841527    10.09847783    10.09988217    10.10395170    10.10756600    10.10841545
   320    -9.11812068    -5.81277649    -2.87804584    -2.87585832     1.63709621     2.46109348     9.56081007     9.69362977     9.69652653    10.07234304    10.08058132    10.08725334    10.09309001    10.09388474    10.09730295    10.09796075    10.09805323    10.09813431    10.09817061    10.09819455    10.09820060    10.09821974    10.09824574    10.09824699    10.09828842    10.09833001    10.09845305    10.09850036    10.10005092    10.10492094    10.10892998    10.10974505
   321    -9.11790730    -5.81206154    -2.87954186    -2.87678383     1.64053211     2.46425101     9.55942161     9.69159591     9.69534527    10.07106942    10.07815578    10.08604250    10.09236337    10.09368890    10.09713106    10.09793825    10.09805052    10.09812586    10.09816683    10.09819354    10.09819986    10.09822143    10.09824978    10.09825353    10.09829763    10.09835406    10.09849529    10.09852034    10.10019505    10.10592499    10.11028136    10.11102880
   322    -9.11767152    -5.81126883    -2.88121113    -2.87782055     1.64436138     2.46777559     9.55785796     9.68929757     9.69404089    10.06951865    10.07578317    10.08484372    10.09160549    10.09353410    10.09694185    10.09791476    10.09804849    10.09811725    10.09816326    10.09819254    10.09819921    10.09822346    10.09825374    10.09826028    10.09830668    10.09837803    10.09853810    10.09854347    10.10031565    10.10696389    10.11161677    10.11227026
   323    -9.11741419    -5.81040039    -2.88305277    -2.87896919     1.64858048     2.47166580     9.55611548     9.68672630     9.69261844    10.06758165    10.07358598    10.08365213    10.09082077    10.09340560    10.09673504    10.09789019    10.09804636    10.09810875    10.09815987    10.09819153    10.09819861    10.09822582    10.09825760    10.09826718    10.09831558    10.09840064    10.09855393    10.09859859    10.10041399    10.10803397    10.11293309    10.11347528
   324    -9.11713626    -5.80945840    -2.88506582    -2.88023046     1.65318559     2.47592012     9.55419026     9.68387274     9.69108334    10.06517183    10.07166540    10.08246077    10.09001492    10.09328996    10.09651054    10.09786448    10.09804317    10.09810088    10.09815663    10.09819047    10.09819803    10.09822847    10.09826131    10.09827417    10.09832430    10.09842104    10.09856806    10.09866075    10.10049146    10.10912678    10.11422744    10.11465271
   325    -9.11683873    -5.80844522    -2.88724926    -2.88160512     1.65817256     2.48053690     9.55207821     9.68072662     9.68944138    10.06230451    10.07002118    10.08126050    10.08919519    10.09317586    10.09626846    10.09783759    10.09803795    10.09809432    10.09815353    10.09818934    10.09819744    10.09823136    10.09826484    10.09828122    10.09833284    10.09843893    10.09858069    10.09872913    10.10054949    10.11022817    10.11549717    10.11581506
   326    -9.11652265    -5.80736331    -2.88960197    -2.88309392     1.66353696     2.48551442     9.54977505     9.67727680     9.68769863    10.05906566    10.06858265    10.08004004    10.08837042    10.09305439    10.09600910    10.09780948    10.09802995    10.09808968    10.09815056    10.09818813    10.09819681    10.09823441    10.09826817    10.09828826    10.09834119    10.09845439    10.09859198    10.09880224    10.10058951    10.11131807    10.11673979    10.11697876
   327    -9.11618916    -5.80621527    -2.89212281    -2.88469763     1.66927409     2.49085084     9.54727636     9.67351122     9.68586144    10.05553614    10.06728422    10.07878618    10.08755083    10.09291898    10.09573300    10.09778009    10.09801903    10.09808704    10.09814770    10.09818683    10.09819614    10.09823756    10.09827128    10.09829525    10.09834934    10.09846765    10.09860208    10.09887830    10.10061294    10.11237148    10.11795300    10.11816331
   328    -9.11583941    -5.80500380    -2.89481054    -2.88641697     1.67537901     2.49654426     9.54457761     9.66941701     9.68393635    10.05176951    10.06608763    10.07748437    10.08674759    10.09276507    10.09544088    10.09774937    10.09800559    10.09808601    10.09814494    10.09818546    10.09819540    10.09824074    10.09827415    10.09830213    10.09835725    10.09847904    10.09861109    10.09895548    10.10062116    10.11336140    10.11913467    10.11938867
   329    -9.11547462    -5.80373171    -2.89766391    -2.88825265     1.68184652     2.50259270     9.54167417     9.66498046     9.68193009    10.04779947    10.06497445    10.07611950    10.08597202    10.09258976    10.09513370    10.09771723    10.09799017    10.09808616    10.09814226    10.09818403    10.09819460    10.09824388    10.09827675    10.09830883    10.09836492    10.09848889    10.09861912    10.09903207    10.10061549    10.11426336    10.12028280    10.12067106
   330    -9.11509604    -5.80240183    -2.90068158    -2.89020533     1.68867124     2.50899412     9.53856136     9.66018709     9.67984947    10.04364890    10.06393714    10.07467698    10.08523462    10.09239142    10.09481258    10.09768360    10.09797323    10.09808711    10.09813964    10.09818254    10.09819374    10.09824694    10.09827908    10.09831529    10.09837231    10.09849750    10.09862626    10.09910657    10.10059724    10.11505995    10.12139556    10.12201873
   331    -9.11470493    -5.80101710    -2.90386219    -2.89227561     1.69584759     2.51574645     9.53523441     9.65502168     9.67770140    10.03933536    10.06297355    10.07314371    10.08454412    10.09216940    10.09447885    10.09764837    10.09795514    10.09808865    10.09813705    10.09818103    10.09819281    10.09824988    10.09828114    10.09832146    10.09837939    10.09850516    10.09863259    10.09917775    10.10056767    10.11574278    10.12247121    10.12343036
   332    -9.11430261    -5.79958045    -2.90720435    -2.89446402     1.70336980     2.52284756     9.53168848     9.64946842     9.67549280    10.03487397    10.06208410    10.07150887    10.08390676    10.09192374    10.09413404    10.09761147    10.09793616    10.09809064    10.09813449    10.09817949    10.09819183    10.09825265    10.09828292    10.09832725    10.09838611    10.09851210    10.09863821    10.09924463    10.10052801    10.11631136    10.12350815    10.12489637
   333    -9.11389037    -5.79809485    -2.91070660    -2.89677100     1.71123199     2.53029529     9.52791866     9.64351088     9.67323061    10.03027889    10.06127025    10.06976431    10.08332594    10.09165504    10.09377990    10.09757277    10.09791653    10.09809296    10.09813191    10.09817797    10.09819079    10.09825524    10.09828444    10.09833263    10.09839244    10.09851851    10.09864319    10.09930644    10.10047948    10.11677021    10.12450485    10.12640211
   334    -9.11346953    -5.79656326    -2.91436749    -2.89919688     1.71942812     2.53808748     9.52391992     9.63713224     9.67092175    10.02556408    10.06053377    10.06790451    10.08280229    10.09136432    10.09341840    10.09753220    10.09789642    10.09809556    10.09812928    10.09817649    10.09818970    10.09825762    10.09828569    10.09833754    10.09839834    10.09852453    10.09864763    10.09936265    10.10042330    10.11712614    10.12545986    10.12793072
   335    -9.11304141    -5.79498863    -2.91818553    -2.90174189     1.72795208     2.54622193     9.51968710     9.63031529     9.66857309    10.02074366    10.05987626    10.06592626    10.08233397    10.09105292    10.09305181    10.09748966    10.09787598    10.09809836    10.09812658    10.09817507    10.09818857    10.09825978    10.09828671    10.09834194    10.09840375    10.09853028    10.09865162    10.09941288    10.10036068    10.11738646    10.12637180    10.12946505
   336    -9.11260733    -5.79337385    -2.92215918    -2.90440612     1.73679767     2.55469647     9.51521487     9.62304268     9.66619144    10.01583211    10.05929898    10.06382828    10.08191713    10.09072249    10.09268277    10.09744510    10.09785533    10.09810130    10.09812376    10.09817374    10.09818741    10.09826171    10.09828750    10.09834582    10.09840865    10.09853582    10.09865525    10.09945690    10.10029281    10.11755814    10.12723933    10.13098864
   337    -9.11216856    -5.79172178    -2.92628691    -2.90718953     1.74595863     2.56350891     9.51049765     9.61529700     9.66378359    10.01084425    10.05880265    10.06161074    10.08154634    10.09037496    10.09231432    10.09739849    10.09783457    10.09810431    10.09812079    10.09817254    10.09818624    10.09826341    10.09828811    10.09834916    10.09841298    10.09854118    10.09865862    10.09949461    10.10022089    10.11764756    10.12806116    10.13248601
   338    -9.11172639    -5.79003519    -2.93056718    -2.91009191     1.75542869     2.57265709     9.50552959     9.60706097     9.66135626    10.00579521    10.05838744    10.05927499    10.08121488    10.09001249    10.09194997    10.09734985    10.09781378    10.09810730    10.09811763    10.09817151    10.09818507    10.09826488    10.09828856    10.09835196    10.09841671    10.09854636    10.09866185    10.09952598    10.10014607    10.11766048    10.12883602    10.13394281
   339    -9.11128205    -5.78831677    -2.93499840    -2.91311291     1.76520156     2.58213888     9.50030448     9.59831764     9.65891613    10.00070038    10.05682323    10.05805291    10.08091505    10.08963750    10.09159382    10.09729927    10.09779301    10.09811020    10.09811426    10.09817068    10.09818393    10.09826612    10.09828887    10.09835424    10.09841981    10.09855135    10.09866502    10.09955107    10.10006947    10.11760212    10.12956265    10.13534579
   340    -9.11083674    -5.78656909    -2.93957899    -2.91625198     1.77527097     2.59195215     9.49481570     9.58905055     9.65646987     9.99557520    10.05425844    10.05779798    10.08063836    10.08925266    10.09125054    10.09724690    10.09777231    10.09811063    10.09811291    10.09817008    10.09818282    10.09826714    10.09828909    10.09835601    10.09842225    10.09855610    10.09866825    10.09957000    10.09999215    10.11747730    10.13023981    10.13668269
   341    -9.11039163    -5.78479462    -2.94430735    -2.91950839     1.78563069     2.60209482     9.48905616     9.57924392     9.65402412     9.99043506    10.05158420    10.05762098    10.08037568    10.08886089    10.09092540    10.09719299    10.09775167    10.09810673    10.09811535    10.09816974    10.09818179    10.09826796    10.09828924    10.09835731    10.09842402    10.09856057    10.09867161    10.09958293    10.09991508    10.11729046    10.13086628    10.13794222
   342    -9.10994783    -5.78299568    -2.94918188    -2.92288124     1.79627457     2.61256486     9.48301822     9.56888286     9.65158552     9.98529514    10.04880473    10.05751963    10.08011749    10.08846535    10.09062412    10.09713788    10.09773112    10.09810256    10.09811744    10.09816964    10.09818084    10.09826859    10.09828935    10.09835816    10.09842511    10.09856471    10.09867520    10.09959008    10.09983913    10.11704583    10.13144084    10.13911405
   343    -9.10950639    -5.78117445    -2.95420094    -2.92636939     1.80719652     2.62336026     9.47669368     9.55795354     9.64916072     9.98017023    10.04592478    10.05749106    10.07985416    10.08806946    10.09035272    10.09708200    10.09771063    10.09809812    10.09811914    10.09816978    10.09817999    10.09826906    10.09828943    10.09835860    10.09842553    10.09856845    10.09867908    10.09959168    10.09976509    10.11674740    10.13196228    10.14018873
   344    -9.10906830    -5.77933294    -2.95936292    -2.92997154     1.81839058     2.63447907     9.47007371     9.54644335     9.64675638     9.97507455    10.04294965    10.05753187    10.07957636    10.08767685    10.09011713    10.09702587    10.09769019    10.09809345    10.09812042    10.09817007    10.09817925    10.09826942    10.09828950    10.09835865    10.09842529    10.09857172    10.09868329    10.09958800    10.09969358    10.11639903    10.13242940    10.14115775
   345    -9.10863450    -5.77747300    -2.96466616    -2.93368614     1.82985090     2.64591939     9.46314882     9.53434106     9.64437915     9.97002168    10.03988520    10.05763814    10.07927557    10.08729139    10.08992277    10.09697013    10.09766975    10.09808858    10.09812128    10.09817042    10.09817863    10.09826971    10.09828957    10.09835835    10.09842442    10.09857448    10.09868785    10.09957932    10.09962515    10.11600440    10.13284102    10.14201347
   346    -9.10820583    -5.77559629    -2.97010899    -2.93751143     1.84157180     2.65767936     9.45590887     9.52163695     9.64203568     9.96502433    10.03673783    10.05780551    10.07894461    10.08691713    10.08977406    10.09691545    10.09764927    10.09808356    10.09812175    10.09817071    10.09817813    10.09826996    10.09828963    10.09835772    10.09842294    10.09857667    10.09869276    10.09956022    10.09956594    10.11556715    10.13319601    10.14274917
   347    -9.10778308    -5.77370430    -2.97568975    -2.94144546     1.85354776     2.66975718     9.44834308     9.50832287     9.63973261     9.96009432    10.03351444    10.05802921    10.07857812    10.08655829    10.08967395    10.09686258    10.09762868    10.09807847    10.09812189    10.09817080    10.09817775    10.09827024    10.09828969    10.09835678    10.09842091    10.09857823    10.09869798    10.09949911    10.09954816    10.11509076    10.13349324    10.14335906
   348    -9.10736694    -5.77179830    -2.98140673    -2.94548602     1.86577343     2.68215108     9.44044000     9.49439238     9.63747650     9.95524244    10.03022244    10.05830415    10.07817290    10.08621917    10.08962363    10.09681231    10.09760791    10.09807338    10.09812174    10.09817056    10.09817748    10.09827057    10.09828973    10.09835556    10.09841835    10.09857912    10.09870343    10.09944209    10.09952627    10.11457870    10.13373165    10.14383826
   349    -9.10695802    -5.76987937    -2.98725822    -2.94963071     1.87824367     2.69485937     9.43218763     9.47984072     9.63527381     9.95047841    10.02686972    10.05862498    10.07772799    10.08590415    10.08962246    10.09676542    10.09758687    10.09806838    10.09812134    10.09816988    10.09817730    10.09827099    10.09828973    10.09835406    10.09841532    10.09857931    10.09870899    10.09938938    10.09950059    10.11403435    10.13391023    10.14418282
   350    -9.10655686    -5.76794839    -2.99324247    -2.95387690     1.89095359     2.70788039     9.42357341     9.46466489     9.63313086     9.94581085    10.02346461    10.05898624    10.07724458    10.08561755    10.08966811    10.09672272    10.09756546    10.09806355    10.09812074    10.09816867    10.09817721    10.09827151    10.09828968    10.09835230    10.09841187    10.09857876    10.09871447    10.09934117    10.09947140    10.11346106    10.13402804    10.14438975
   351    -9.10616389    -5.76600601    -2.99935770    -2.95822176     1.90389847     2.72121252     9.41458432     9.44886356     9.63105376     9.94124727    10.02001581    10.05938239    10.07672565    10.08536358    10.08975686    10.09668495    10.09754354    10.09805897    10.09811996    10.09816692    10.09817717    10.09827211    10.09828956    10.09835030    10.09840803    10.09857745    10.09871961    10.09929771    10.09943899    10.11286215    10.13408423    10.14445699
   352    -9.10577945    -5.76405271    -3.00560212    -2.96266224     1.91707389     2.73485418     9.40520699     9.43243710     9.62904838     9.93679407    10.01653239    10.05980802    10.07617564    10.08514620    10.08988404    10.09665282    10.09752098    10.09805474    10.09811900    10.09816461    10.09817718    10.09827277    10.09828935    10.09834804    10.09840385    10.09857537    10.09872408    10.09925926    10.09940363    10.11224095    10.13407804    10.14438343
   353    -9.10540380    -5.76208873    -3.01197387    -2.96719507     1.93047566     2.74880384     9.39542773     9.41538745     9.62712022     9.93245661    10.01302370    10.06025792    10.07560003    10.08496901    10.09004442    10.09662700    10.09749760    10.09805092    10.09811785    10.09816181    10.09817722    10.09827341    10.09828904    10.09834556    10.09839936    10.09857249    10.09872745    10.09922616    10.09936558    10.11160076    10.13400883    10.14416888
   354    -9.10503709    -5.76011412    -3.01847107    -2.97181682     1.94409986     2.76305999     9.38523273     9.39771810     9.62527443     9.92823921    10.00949930    10.06072728    10.07500501    10.08483513    10.09023250    10.09660804    10.09747319    10.09804760    10.09811648    10.09815862    10.09817727    10.09827397    10.09828859    10.09834286    10.09839460    10.09856882    10.09872921    10.09919882    10.09932508    10.11094493    10.13387606    10.14381412
   355    -9.10467940    -5.75812872    -3.02509178    -2.97652384     1.95794283     2.77762115     9.37460810     9.37943394     9.62351567     9.92414525    10.00596892    10.06121180    10.07439721    10.08474700    10.09044285    10.09659643    10.09744751    10.09804484    10.09811482    10.09815516    10.09817731    10.09827435    10.09828801    10.09833995    10.09838961    10.09856436    10.09872885    10.09917766    10.09928237    10.11027683    10.13367934    10.14332081
   356    -9.10433069    -5.75613217    -3.03183402    -2.98131233     1.97200120     2.79248585     9.36054118     9.36354004     9.62184810     9.92017725    10.00244234    10.06170788    10.07378359    10.08470632    10.09067024    10.09659254    10.09742026    10.09804271    10.09811278    10.09815162    10.09817733    10.09827445    10.09828728    10.09833687    10.09838441    10.09855912    10.09872587    10.09916304    10.09923766    10.10959987    10.13341844    10.14269153
   357    -9.10399084    -5.75412394    -3.03869573    -2.98617829     1.98627190     2.80765265     9.34104724     9.35201493     9.62027529     9.91633690     9.99892938    10.06221270    10.07317123    10.08471387    10.09090976    10.09659663    10.09739110    10.09804125    10.09811027    10.09814818    10.09817732    10.09827417    10.09828638    10.09833365    10.09837904    10.09855310    10.09871997    10.09915517    10.09919115    10.10891753    10.13309327    10.14192975
   358    -9.10365965    -5.75210330    -3.04567481    -2.99111760     2.00075212     2.82312009     9.32096061     9.34001943     9.61880022     9.91262519     9.99543973    10.06272435    10.07256734    10.08476946    10.09115694    10.09660882    10.09735959    10.09804052    10.09810717    10.09814504    10.09817725    10.09827340    10.09828533    10.09833034    10.09837350    10.09854631    10.09871107    10.09914304    10.09915400    10.10823335    10.13270391    10.14103978
   359    -9.10333681    -5.75006936    -3.05276909    -2.99612597     2.01543934     2.83888673     9.30029075     9.32754067     9.61742519     9.90904243     9.99198297    10.06324190    10.07197918    10.08487184    10.09140778    10.09662908    10.09732525    10.09804056    10.09810341    10.09814237    10.09817714    10.09827204    10.09828410    10.09832697    10.09836784    10.09853877    10.09869933    10.09909354    10.09915920    10.10755095    10.13225063    10.14002676
   360    -9.10302193    -5.74802105    -3.05997629    -3.00119901     2.03033134     2.85495111     9.27904800     9.31456627     9.61615180     9.90558839     9.98856841    10.06376536    10.07141407    10.08501876    10.09165876    10.09665721    10.09728747    10.09804138    10.09809900    10.09814024    10.09817697    10.09827000    10.09828272    10.09832361    10.09836207    10.09853049    10.09868515    10.09904285    10.09917022    10.10687405    10.13173388    10.13889660
   361    -9.10271456    -5.74595716    -3.06729410    -3.00633220     2.04542618     2.87131175     9.25724342     9.30108447     9.61498098     9.90226234     9.98520503    10.06429568    10.07087931    10.08520693    10.09190690    10.09669285    10.09724554    10.09804301    10.09809400    10.09813867    10.09817673    10.09826722    10.09828117    10.09832028    10.09835621    10.09852146    10.09866899    10.09899121    10.09918633    10.10620645    10.13115432    10.13765600
   362    -9.10241413    -5.74387636    -3.07472010    -3.01152091     2.06072217     2.88796715     9.23488870     9.28708423     9.61391291     9.89906311     9.98190145    10.06483465    10.07038225    10.08543222    10.09214974    10.09673544    10.09719864    10.09804546    10.09808856    10.09813761    10.09817644    10.09826365    10.09827946    10.09831701    10.09835028    10.09851167    10.09865137    10.09893888    10.09920675    10.10555202    10.13051279    10.13631234
   363    -9.10212004    -5.74177718    -3.08225177    -3.01676048     2.07621794     2.90491576     9.21199611     9.27255531     9.61294710     9.89598914     9.97866579    10.06538471    10.06993022    10.08568973    10.09238537    10.09678427    10.09714579    10.09804872    10.09808280    10.09813699    10.09817609    10.09825930    10.09827760    10.09831378    10.09834429    10.09850111    10.09863272    10.09888619    10.09923064    10.10491473    10.12981035    10.13487366
   364    -9.10183159    -5.73965803    -3.08988652    -3.02204613     2.09191234     2.92215601     9.18857835     9.25748830     9.61208235     9.89303859     9.97550565    10.06594885    10.06953052    10.08597400    10.09261238    10.09683845    10.09708593    10.09805278    10.09807689    10.09813676    10.09817570    10.09825422    10.09827559    10.09831058    10.09833828    10.09848972    10.09861342    10.09883354    10.09925714    10.10429858    10.12904829    10.13334864
   365    -9.10154803    -5.73751726    -3.09762164    -3.02737307     2.10780451     2.93968624     9.16464849     9.24187470     9.61131682     9.89020931     9.97242804    10.06653037    10.06919041    10.08627918    10.09282989    10.09689699    10.09701789    10.09805759    10.09807096    10.09813683    10.09817527    10.09824847    10.09827345    10.09830734    10.09833225    10.09847742    10.09859376    10.09878141    10.09928533    10.10370754    10.12822810    10.13174650
   366    -9.10126854    -5.73535312    -3.10545434    -3.03273649     2.12389379     2.95750478     9.14021989     9.22570696     9.61064802     9.88749897     9.96943932    10.06713273    10.06891705    10.08659922    10.09303744    10.09694051    10.09695882    10.09806312    10.09806513    10.09813718    10.09817482    10.09824216    10.09827118    10.09830399    10.09832623    10.09846408    10.09857398    10.09873044    10.09931421    10.10314551    10.12735149    10.13007698
   367    -9.10099225    -5.73316381    -3.11338170    -3.03813154     2.14017980     2.97560985     9.11530614     9.20897850     9.61007288     9.88490501     9.96654515    10.06775931    10.06871752    10.08692809    10.09323498    10.09685272    10.09702285    10.09805951    10.09806930    10.09813775    10.09817438    10.09823538    10.09826879    10.09830045    10.09832024    10.09844952    10.09855423    10.09868134    10.09934271    10.10261610    10.12642040    10.12835030
   368    -9.10071827    -5.73094748    -3.12140071    -3.04355340     2.15666232     2.99399960     9.08992101     9.19168373     9.60958784     9.88242473     9.96375047    10.06841332    10.06859871    10.08725988    10.09342278    10.09675377    10.09708802    10.09805419    10.09807606    10.09813851    10.09817395    10.09822826    10.09826630    10.09829663    10.09831428    10.09843351    10.09853466    10.09863499    10.09936965    10.10212251    10.12543700    10.12657708
   369    -9.10044563    -5.72870228    -3.12950825    -3.04899729     2.17334137     3.01267212     9.06407833     9.17381807     9.60918883     9.88005530     9.96105947    10.06856732    10.06909761    10.08758899    10.09360133    10.09664346    10.09715339    10.09804925    10.09808331    10.09813943    10.09817357    10.09822091    10.09826370    10.09829242    10.09830839    10.09841584    10.09851535    10.09859229    10.09939373    10.10166728    10.12440367    10.12476827
   370    -9.10017336    -5.72642632    -3.13770106    -3.05445844     2.19021713     3.03162538     9.03779203     9.15537795     9.60887139     9.87779379     9.95847554    10.06862980    10.06981451    10.08791024    10.09377131    10.09652242    10.09721813    10.09804478    10.09809095    10.09814048    10.09817327    10.09821344    10.09826101    10.09828767    10.09830257    10.09839642    10.09849637    10.09855402    10.09941360    10.10125197    10.12293517    10.12332304
   371    -9.09990045    -5.72411776    -3.14597581    -3.05993219     2.20728994     3.05085728     9.01107602     9.13636078     9.60863073     9.87563718     9.95600133    10.06879226    10.07056579    10.08821897    10.09393349    10.09639234    10.09728158    10.09804082    10.09809886    10.09814164    10.09817309    10.09820596    10.09825824    10.09828216    10.09829684    10.09837558    10.09847777    10.09852064    10.09942787    10.10087701    10.12108931    10.12219793
   372    -9.09962587    -5.72177475    -3.15432901    -3.06541393     2.22456029     3.07036559     8.98394420     9.11676496     9.60846176     9.87358238     9.95363868    10.06906047    10.07135247    10.08851117    10.09408865    10.09625610    10.09734327    10.09803741    10.09810692    10.09814286    10.09817305    10.09819857    10.09825540    10.09827554    10.09829121    10.09835423    10.09845959    10.09849201    10.09943512    10.10054156    10.11924242    10.12103142
   373    -9.09934859    -5.71939551    -3.16275709    -3.07089916     2.24202877     3.09014800     8.95641039     9.09658983     9.60835922     9.87162625     9.95138866    10.06943971    10.07217477    10.08878356    10.09423754    10.09611773    10.09740287    10.09803458    10.09811500    10.09814410    10.09817322    10.09819136    10.09825252    10.09826735    10.09828569    10.09833389    10.09844184    10.09846748    10.09943400    10.10024356    10.11740642    10.11982680
   374    -9.09906758    -5.71697834    -3.17125635    -3.07638349     2.25969608     3.11020205     8.92848831     9.07583570     9.60831769     9.86976563     9.94925161    10.06993477    10.07303190    10.08903371    10.09438087    10.09598213    10.09746023    10.09803230    10.09812295    10.09814531    10.09817364    10.09818441    10.09824960    10.09825714    10.09828029    10.09831620    10.09842456    10.09844612    10.09942325    10.09998001    10.11559333    10.11858760
   375    -9.09878181    -5.71452158    -3.17982299    -3.08186267     2.27756298     3.13052521     8.90019156     9.05450375     9.60833168     9.86799730     9.94722713    10.07054983    10.07392194    10.08926022    10.09451920    10.09585470    10.09751529    10.09803057    10.09813062    10.09814639    10.09817438    10.09817778    10.09824510    10.09824666    10.09827503    10.09830205    10.09840773    10.09842705    10.09940176    10.09974728    10.11381525    10.11731754
   376    -9.09849025    -5.71202371    -3.18845309    -3.08733258     2.29563030     3.15111480     8.87153358     9.03259604     9.60839570     9.86631806     9.94531416    10.07128840    10.07484159    10.08946285    10.09465298    10.09574097    10.09756812    10.09802931    10.09813787    10.09814716    10.09817160    10.09817552    10.09823242    10.09824373    10.09826989    10.09829112    10.09839138    10.09840959    10.09936866    10.09954154    10.11208429    10.11602063
   377    -9.09819193    -5.70948330    -3.19714262    -3.09278928     2.31389886     3.17196801     8.84252765     9.01011547     9.60850430     9.86472467     9.94351098    10.07215316    10.07578578    10.08964288    10.09478252    10.09564625    10.09761885    10.09802845    10.09814453    10.09814724    10.09816619    10.09817716    10.09822068    10.09824082    10.09826489    10.09828240    10.09837551    10.09839323    10.09932329    10.09935911    10.11041249    10.11470107
   378    -9.09788586    -5.70689906    -3.20588747    -3.09822900     2.33236951     3.19308193     8.81318684     8.98706576     9.60865212     9.86321390     9.94181529    10.07314595    10.07674722    10.08980351    10.09490795    10.09557548    10.09766766    10.09802788    10.09814594    10.09815047    10.09816230    10.09817937    10.09821104    10.09823795    10.09826002    10.09827500    10.09836011    10.09837764    10.09919665    10.09926535    10.10881172    10.11336335
   379    -9.09757111    -5.70426983    -3.21468340    -3.10364813     2.35104304     3.21445352     8.78352403     8.96345136     9.60883395     9.86178253     9.94022424    10.07426754    10.07771561    10.08995061    10.09502926    10.09553319    10.09771475    10.09802747    10.09814279    10.09815562    10.09816067    10.09818219    10.09820398    10.09823515    10.09825529    10.09826836    10.09834519    10.09836260    10.09905134    10.09919491    10.10729354    10.11201221
   380    -9.09724681    -5.70159461    -3.22352610    -3.10904328     2.36992020     3.23607959     8.75355185     8.93927746     9.60904476     9.86042735     9.93873452    10.07551747    10.07867669    10.09009374    10.09514625    10.09552352    10.09776036    10.09802709    10.09813863    10.09816003    10.09816097    10.09818553    10.09819942    10.09823245    10.09825070    10.09826218    10.09833075    10.09834797    10.09892087    10.09911249    10.10586892    10.11065274
   381    -9.09691210    -5.69887258    -3.23241116    -3.11441127     2.38900166     3.25795687     8.72328273     8.91454995     9.60927973     9.85914516     9.93734238    10.07689381    10.07961095    10.09024762    10.09525869    10.09555034    10.09780472    10.09802656    10.09813477    10.09816255    10.09816387    10.09818923    10.09819695    10.09822986    10.09824625    10.09825629    10.09831679    10.09833364    10.09880345    10.09901918    10.10454795    10.10929036
   382    -9.09656621    -5.69610308    -3.24133411    -3.11974910     2.40828797     3.28008191     8.69272884     8.88927538     9.60953428     9.85793277     9.93604373    10.07839267    10.08049241    10.09043362    10.09536641    10.09561733    10.09784809    10.09802572    10.09813210    10.09816510    10.09816736    10.09819304    10.09819609    10.09822741    10.09824196    10.09825063    10.09830332    10.09831957    10.09869774    10.09891673    10.10333942    10.10793097
   383    -9.09620842    -5.69328566    -3.25029036    -3.12505403     2.42777957     3.30245120     8.66190209     8.86346090     9.60980408     9.85678703     9.93483416    10.08000752    10.08128847    10.09068031    10.09546975    10.09572799    10.09789072    10.09802442    10.09813121    10.09816854    10.09817076    10.09819645    10.09819678    10.09822511    10.09823782    10.09824515    10.09829033    10.09830572    10.09860280    10.09880769    10.10225042    10.10658108
   384    -9.09583807    -5.69042005    -3.25927531    -3.13032351     2.44747671     3.32506106     8.63081416     8.83711427     9.61008510     9.85570480     9.93370905    10.08172769    10.08196261    10.09102090    10.09557061    10.09588568    10.09793292    10.09802255    10.09813252    10.09817286    10.09817425    10.09819769    10.09820030    10.09822299    10.09823385    10.09823987    10.09827785    10.09829208    10.09851804    10.09869552    10.10128603    10.10524797
   385    -9.09545459    -5.68750618    -3.26828427    -3.13555525     2.46737948     3.34790774     8.59947646     8.81024378     9.61037354     9.85468297     9.93266356    10.08248210    10.08353559    10.09148524    10.09567482    10.09609383    10.09797508    10.09802020    10.09813642    10.09817804    10.09817805    10.09819961    10.09820352    10.09822108    10.09823009    10.09823481    10.09826589    10.09827864    10.09844316    10.09858463    10.10044934    10.10394005
   386    -9.09505747    -5.68454420    -3.27731249    -3.14074716     2.48748774     3.37098734     8.56790013     8.78285827     9.61066591     9.85371845     9.93169273    10.08282888    10.08540048    10.09208727    10.09579794    10.09635648    10.09801771    10.09801805    10.09814334    10.09818240    10.09818404    10.09820204    10.09820640    10.09821938    10.09822655    10.09823003    10.09825447    10.09826543    10.09837809    10.09848023    10.09974203    10.10266733
   387    -9.09464629    -5.68153447    -3.28635520    -3.14589741     2.50780112     3.39429589     8.53609608     8.75496705     9.61095898     9.85280818     9.93079152    10.08300689    10.08726437    10.09281375    10.09597912    10.09667979    10.09801877    10.09806158    10.09815381    10.09818765    10.09819081    10.09820488    10.09820895    10.09821794    10.09822327    10.09822560    10.09824364    10.09825245    10.09832296    10.09838775    10.09916555    10.10144200
   388    -9.09422073    -5.67847757    -3.29540759    -3.15100439     2.52831902     3.41782931     8.50407494     8.72657991     9.61124980     9.85194914     9.92995482    10.08303945    10.08901166    10.09361843    10.09631163    10.09707583    10.09803095    10.09810785    10.09816857    10.09819432    10.09819831    10.09820807    10.09821121    10.09821677    10.09822029    10.09822160    10.09823345    10.09823974    10.09827778    10.09831175    10.09872182    10.10027914
   389    -9.09378053    -5.67537429    -3.30446483    -3.15606673     2.54904052     3.44158341     8.47184710     8.69770707     9.61153566     9.85113832     9.92917753    10.08295962    10.09042958    10.09441684    10.09698333    10.09757097    10.09807917    10.09815829    10.09818862    10.09820320    10.09820649    10.09821155    10.09821329    10.09821590    10.09821763    10.09821814    10.09822397    10.09822734    10.09824223    10.09825458    10.09841003    10.09919697
   390    -9.09332554    -5.67222565    -3.31352207    -3.16108327     2.56996442     3.46555395     8.43942272     8.66835917     9.61181410     9.85037275     9.92845459    10.08280081    10.09127203    10.09508633    10.09821531    10.09821531    10.09821531    10.09821531    10.09821531    10.09821531    10.09821531    10.09821531    10.09821531    10.09821531    10.09821531    10.09821531    10.09821531    10.09821531    10.09821531    10.09821531    10.09821531    10.09821531
   391    -9.09285571    -5.66903288    -3.32257447    -3.16605309     2.59108922     3.48973658     8.40681170     8.63854721     9.61208290     9.84964949     9.92778097    10.08259164    10.09149936    10.09552256    10.09735037    10.09810289    10.09819009    10.09819536    10.09820372    10.09820755    10.09821320    10.09821332    10.09821495    10.09821746    10.09821932    10.09822473    10.09823149    10.09825042    10.09828175    10.09849350    10.09906211    10.10002775
   392    -9.09237108    -5.66579743    -3.33161718    -3.17097548     2.61241304     3.51412691     8.37402373     8.60828257     9.61234005     9.84896561     9.92715175    10.08235444    10.09127990    10.09573829    10.09660620    10.09803612    10.09817396    10.09818046    10.09819269    10.09820079    10.09821164    10.09821189    10.09821476    10.09821992    10.09822358    10.09823473    10.09825196    10.09829635    10.09836017    10.09891257    10.10010972    10.10224644
   393    -9.09187177    -5.66252093    -3.34064539    -3.17584995     2.63393369     3.53872048     8.34106827     8.57757696     9.61258375     9.84831824     9.92656209    10.08210553    10.09078401    10.09582782    10.09596944    10.09799247    10.09816272    10.09816882    10.09818243    10.09819501    10.09821022    10.09821139    10.09821464    10.09822281    10.09822810    10.09824528    10.09827613    10.09835617    10.09845207    10.09943148    10.10130477    10.10471299
   394    -9.09135802    -5.65920527    -3.34965430    -3.18067621     2.65564857     3.56351277     8.30795459     8.54644240     9.61281236     9.84770454     9.92600728    10.08185621    10.09012719    10.09541430    10.09586861    10.09796130    10.09815374    10.09815893    10.09817318    10.09819013    10.09820900    10.09821165    10.09821454    10.09822620    10.09823287    10.09825636    10.09830294    10.09843378    10.09855764    10.10001692    10.10259395    10.10733607
   395    -9.09083014    -5.65585248    -3.35863915    -3.18545414     2.67755472     3.58849923     8.27469177     8.51489120     9.61302446     9.84712168     9.92548278    10.08161388    10.08938543    10.09491331    10.09590085    10.09793777    10.09814572    10.09814972    10.09816518    10.09818601    10.09820793    10.09821259    10.09821443    10.09823006    10.09823788    10.09826791    10.09833135    10.09853401    10.09867601    10.10065070    10.10394192    10.11006465
   396    -9.09028857    -5.65246483    -3.36759524    -3.19018385     2.69964878     3.61367527     8.24128872     8.48293594     9.61321874     9.84656688     9.92498417    10.08138303    10.08860874    10.09444464    10.09594133    10.09791951    10.09813812    10.09814066    10.09815843    10.09818248    10.09820698    10.09821408    10.09821434    10.09823433    10.09824314    10.09827991    10.09836054    10.09866260    10.09880582    10.10132259    10.10532712    10.11286699
   397    -9.08973381    -5.64904473    -3.37651792    -3.19486556     2.72192698     3.63903630     8.20775418     8.45058943     9.61339410     9.84603742     9.92450725    10.08116607    10.08782981    10.09399346    10.09599479    10.09790517    10.09813072    10.09813165    10.09815273    10.09817942    10.09820611    10.09821427    10.09821600    10.09823893    10.09824862    10.09829231    10.09838996    10.09882592    10.09894555    10.10202556    10.10673616    10.11572059
   398    -9.08916646    -5.64559479    -3.38540260    -3.19949971     2.74438513     3.66457768     8.17409677     8.41786471     9.61354953     9.84553059     9.92404798    10.08096407    10.08707007    10.09355062    10.09605978    10.09789384    10.09812278    10.09812348    10.09814779    10.09817674    10.09820531    10.09821426    10.09821824    10.09824381    10.09825431    10.09830506    10.09841922    10.09903048    10.09909375    10.10275374    10.10816041    10.11860760
   399    -9.08858722    -5.64211776    -3.39424479    -3.20408684     2.76701862     3.69029481     8.14032498     8.38477502     9.61368418     9.84504376     9.92360254    10.08077729    10.08634374    10.09311081    10.09613202    10.09788486    10.09811416    10.09811640    10.09814342    10.09817440    10.09820458    10.09821432    10.09822069    10.09824889    10.09826018    10.09831811    10.09844806    10.09924916    10.09928202    10.10350154    10.10959426    10.12151268
   400    -9.08799686    -5.63861653    -3.40304005    -3.20862763     2.78982241     3.71618306     8.10644720     8.35133379     9.61379733     9.84457433     9.92316734    10.08060560    10.08566039    10.09267113    10.09620639    10.09787771    10.09810589    10.09810949    10.09813949    10.09817236    10.09820393    10.09821446    10.09822329    10.09825410    10.09826621    10.09833139    10.09847630    10.09941065    10.09958452    10.10426340    10.11103405    10.12442196
   401    -9.08739624    -5.63509416    -3.41178407    -3.21312290     2.81279103     3.74223784     8.07247176     8.31755458     9.61388838     9.84411976     9.92273901    10.08044875    10.08502648    10.09223025    10.09627845    10.09787199    10.09809801    10.09810276    10.09813591    10.09817061    10.09820339    10.09821469    10.09822597    10.09825941    10.09827236    10.09834485    10.09850379    10.09957727    10.09993931    10.10503368    10.11247753    10.12732250
   402    -9.08678628    -5.63155379    -3.42047261    -3.21757353     2.83591856     3.76845459     8.03840693     8.28345111     9.61395683     9.84367758     9.92231445    10.08030662    10.08444630    10.09178783    10.09634510    10.09786738    10.09809057    10.09809624    10.09813263    10.09816913    10.09820299    10.09821500    10.09822871    10.09826475    10.09827861    10.09835844    10.09853044    10.09974819    10.10034466    10.10580663    10.11392340    10.13020204
   403    -9.08616798    -5.62799868    -3.42910157    -3.22198052     2.85919867     3.79482877     8.00426096     8.24903720     9.61400231     9.84324541     9.92189080    10.08017925    10.08392249    10.09134420    10.09640471    10.09786361    10.09808360    10.09808993    10.09812963    10.09816791    10.09820275    10.09821539    10.09823147    10.09827009    10.09828494    10.09837211    10.09855617    10.09992268    10.10079583    10.10657658    10.11537100    10.13304885
   404    -9.08554242    -5.62443219    -3.43766695    -3.22634493     2.88262456     3.82135592     7.97004209     8.21432678     9.61402455     9.84282090     9.92146549    10.08006693    10.08345634    10.09090019    10.09645689    10.09786047    10.09807712    10.09808385    10.09812686    10.09816696    10.09820270    10.09821584    10.09823425    10.09827537    10.09829131    10.09838580    10.09858090    10.10010008    10.10128563    10.10733805    10.11681999    10.13585167
   405    -9.08491071    -5.62085773    -3.44616486    -3.23066784     2.90618901     3.84803158     7.93575861     8.17933384     9.61402341     9.84240182     9.92103624    10.07997015    10.08304799    10.09045705    10.09650201    10.09785782    10.09807115    10.09807800    10.09812433    10.09816625    10.09820289    10.09821636    10.09823705    10.09828057    10.09829769    10.09839948    10.09860458    10.10027980    10.10180490    10.10808598    10.11827013    10.13859966
   406    -9.08427404    -5.61727879    -3.45459156    -3.23495041     2.92988439     3.87485141     7.90141883     8.14407242     9.61399883     9.84198603     9.92060104    10.07988957    10.08269651    10.09001646    10.09654090    10.09785551    10.09806569    10.09807240    10.09812199    10.09816578    10.09820334    10.09821692    10.09823984    10.09828563    10.09830408    10.09841312    10.09862719    10.10046129    10.10234316    10.10881596    10.11972095    10.14128245
   407    -9.08363362    -5.61369888    -3.46294344    -3.23919379     2.95370260     3.90181112     7.86703117     8.10855660     9.61395087     9.84157147     9.92015821    10.07982598    10.08239991    10.08958052    10.09657449    10.09785345    10.09806075    10.09806706    10.09811983    10.09816553    10.09820408    10.09821753    10.09824265    10.09829054    10.09831045    10.09842668    10.09864867    10.10064400    10.10288898    10.10952446    10.12117156    10.14389007
   408    -9.08299072    -5.61012155    -3.47121701    -3.24339913     2.97763515     3.92890648     7.83260416     8.07280047     9.61387967     9.84115619     9.91970634    10.07978019    10.08215509    10.08915186    10.09660373    10.09785154    10.09805633    10.09806200    10.09811782    10.09816547    10.09820512    10.09821817    10.09824546    10.09829526    10.09831677    10.09844015    10.09866902    10.10082744    10.10343030    10.11020905    10.12262040    10.14641306
   409    -9.08234663    -5.60655037    -3.47940892    -3.24756758     3.00167311     3.95613338     7.79814647     8.03681812     9.61378548     9.84073836     9.91924434    10.07975300    10.08195773    10.08873382    10.09662947    10.09784972    10.09805243    10.09805721    10.09811595    10.09816560    10.09820649    10.09821885    10.09824828    10.09829976    10.09832303    10.09845351    10.09868821    10.10101111    10.10395474    10.11086849    10.12406515    10.14884242
   410    -9.08170267    -5.60298886    -3.48751599    -3.25170025     3.02580718     3.98348778     7.76366694     8.00062361     9.61366865     9.84031626     9.91877140    10.07974516    10.08180216    10.08833058    10.09665245    10.09784794    10.09804903    10.09805272    10.09811420    10.09816589    10.09820818    10.09821954    10.09825110    10.09830403    10.09832921    10.09846675    10.09870625    10.10119451    10.10444981    10.11150279    10.12550258    10.15116964
   411    -9.08106018    -5.59944057    -3.49553516    -3.25579820     3.05002762     4.01096574     7.72917463     7.96423095     9.61352961     9.83988831     9.91828702    10.07975727    10.08168118    10.08794743    10.09667327    10.09784613    10.09804611    10.09804854    10.09811254    10.09816630    10.09821020    10.09822026    10.09825392    10.09830805    10.09833528    10.09847989    10.09872315    10.10137715    10.10490323    10.11211305    10.12692852    10.15338675
   412    -9.08042049    -5.59590896    -3.50346351    -3.25986241     3.07432432     4.03856343     7.69467883     7.92765409     9.61336886     9.83945305     9.91779096    10.07978981    10.08158580    10.08759105    10.09669241    10.09784426    10.09804365    10.09804467    10.09811095    10.09816682    10.09821252    10.09822102    10.09825674    10.09831181    10.09834122    10.09849291    10.09873890    10.10155854    10.10530333    10.11270117    10.12833795    10.15548632
   413    -9.07978494    -5.59239747    -3.51129828    -3.26389382     3.09868677     4.06627712     7.66018912     7.89090692     9.61318700     9.83900916     9.91728326    10.07984304    10.08150513    10.08726964    10.09671027    10.09784228    10.09804112    10.09804163    10.09810942    10.09816742    10.09821510    10.09822183    10.09825953    10.09831533    10.09834700    10.09850585    10.09875355    10.10173819    10.10563947    10.11326945    10.12972498    10.15746146
   414    -9.07915489    -5.58890946    -3.51903685    -3.26789325     3.12310409     4.09410318     7.62571536     7.85400323     9.61298470     9.83855546     9.91676423    10.07991706    10.08142651    10.08699290    10.09672714    10.09784016    10.09803791    10.09804000    10.09810794    10.09816806    10.09821783    10.09822275    10.09826230    10.09831860    10.09835261    10.09851872    10.09876711    10.10191557    10.10590254    10.11382008    10.13108306    10.15930587
   415    -9.07853165    -5.58544820    -3.52667674    -3.27186141     3.14756506     4.12203811     7.59126779     7.81695668     9.61276267     9.83809094     9.91623438    10.08001174    10.08133607    10.08677147    10.09674323    10.09783785    10.09803505    10.09803872    10.09810650    10.09816872    10.09822045    10.09822401    10.09826502    10.09832166    10.09835799    10.09853154    10.09877962    10.10209019    10.10608539    10.11435465    10.13240505    10.16101384
   416    -9.07791652    -5.58201687    -3.53421562    -3.27579890     3.17205805     4.15007850     7.55685700     7.77978085     9.61252172     9.83761473     9.91569446    10.08012672    10.08122014    10.08661561    10.09675869    10.09783532    10.09803253    10.09803775    10.09810508    10.09816936    10.09822241    10.09822612    10.09826768    10.09832453    10.09836314    10.09854435    10.09879113    10.10226150    10.10618307    10.11487385    10.13368339    10.16258026
   417    -9.07731078    -5.57861853    -3.54165128    -3.27970619     3.19657112     4.17822104     7.52249399     7.74248916     9.61226266     9.83712611     9.91514542    10.08026143    10.08106725    10.08653323    10.09677358    10.09783250    10.09803038    10.09803702    10.09810370    10.09816996    10.09822362    10.09822906    10.09827024    10.09832727    10.09836799    10.09855717    10.09880168    10.10242897    10.10619294    10.11537724    10.13491029    10.16400061
   418    -9.07671566    -5.57525613    -3.54898165    -3.28358361     3.22109196     4.20646255     7.48819023     7.70509489     9.61198639     9.83662452     9.91458837    10.08041510    10.08087013    10.08652796    10.09678792    10.09782934    10.09802858    10.09803647    10.09810235    10.09817047    10.09822455    10.09823230    10.09827270    10.09832993    10.09837253    10.09857003    10.09881132    10.10259204    10.10611452    10.11586336    10.13607783    10.16527101
   419    -9.07613234    -5.57193249    -3.55620481    -3.28743132     3.24560794     4.23479993     7.45395766     7.66761118     9.61169380     9.83610960     9.91402458    10.08058674    10.08062667    10.08659825    10.09680166    10.09782575    10.09802715    10.09803604    10.09810105    10.09817086    10.09822537    10.09823558    10.09827502    10.09833258    10.09837671    10.09858296    10.09882012    10.10275014    10.10594926    10.11632989    10.13717814    10.16638821
   420    -9.07556198    -5.56865028    -3.56331894    -3.29124934     3.27010609     4.26323018     7.41980873     7.63005102     9.61138584     9.83558111     9.91345545    10.08033936    10.08077514    10.08673797    10.09681466    10.09782163    10.09802609    10.09803563    10.09809980    10.09817109    10.09822614    10.09823872    10.09827718    10.09833531    10.09838049    10.09859596    10.09882812    10.10290268    10.10570020    10.11677391    10.13820352    10.16734956
   421    -9.07500566    -5.56541204    -3.57032234    -3.29503751     3.29457309     4.29175039     7.38575646     7.59242721     9.61106346     9.83503900     9.91288248    10.08001365    10.08097892    10.08693811    10.09682673    10.09781683    10.09802539    10.09803518    10.09809862    10.09817112    10.09822688    10.09824164    10.09827915    10.09833818    10.09838384    10.09860905    10.09883539    10.10304906    10.10537166    10.11719216    10.13914656    10.16815307
   422    -9.07446438    -5.56222012    -3.57721343    -3.29879550     3.31899530     4.32035772     7.35181445     7.55475241     9.61072761     9.83448338     9.91230727    10.07965620    10.08119651    10.08718859    10.09683751    10.09781116    10.09802506    10.09803460    10.09809752    10.09817090    10.09822758    10.09824424    10.09828092    10.09834126    10.09838673    10.09862222    10.09884198    10.10318866    10.10496900    10.11758129    10.14000026    10.16879737
   423    -9.07393912    -5.55907674    -3.58399074    -3.30252278     3.34335877     4.34904940     7.31799692     7.51703912     9.61037925     9.83391453     9.91173144    10.07927370    10.08142618    10.08747950    10.09684652    10.09780435    10.09802508    10.09803378    10.09809650    10.09817040    10.09822823    10.09824647    10.09828245    10.09834460    10.09838912    10.09863546    10.09884796    10.10332083    10.10449847    10.11793802    10.14075807    10.16928170
   424    -9.07343074    -5.55598395    -3.59065288    -3.30621868     3.36764919     4.37782270     7.28431877     7.47929966     9.61001934     9.83333288     9.91115669    10.07887218    10.08166603    10.08780181    10.09685300    10.09779599    10.09802546    10.09803264    10.09809556    10.09816958    10.09822878    10.09824834    10.09828373    10.09834822    10.09839099    10.09864873    10.09885337    10.10344491    10.10396719    10.11825925    10.14141405    10.16960594
   425    -9.07294004    -5.55294363    -3.59719857    -3.30988230     3.39185191     4.40667495     7.25079557     7.44154621     9.60964880     9.83273903     9.91058470    10.07845687    10.08191402    10.08814756    10.09685580    10.09778553    10.09802618    10.09803109    10.09809469    10.09816839    10.09822921    10.09824986    10.09828472    10.09835211    10.09839232    10.09866197    10.09885825    10.10338323    10.10356022    10.11854212    10.14196287    10.16977058
   426    -9.07246775    -5.54995747    -3.60362659    -3.31351256     3.41595197     4.43560346     7.21744364     7.40379079     9.60926854     9.83213373     9.91001716    10.07803223    10.08216794    10.08850992    10.09685311    10.09777212    10.09802723    10.09802901    10.09809384    10.09816680    10.09822947    10.09825110    10.09828541    10.09835621    10.09839310    10.09867511    10.09886264    10.10275593    10.10366608    10.11878407    10.14239992    10.16977670
   427    -9.07201448    -5.54702702    -3.60993581    -3.31710821     3.43993402     4.46460555     7.18428006     7.36604529     9.60887946     9.83151789     9.90945574    10.07760208    10.08242545    10.08888302    10.09684187    10.09775452    10.09802631    10.09802859    10.09809298    10.09816480    10.09822952    10.09825215    10.09828575    10.09836047    10.09839330    10.09868804    10.09886658    10.10209655    10.10376176    10.11898283    10.14272129    10.16962600
   428    -9.07158079    -5.54415365    -3.61612516    -3.32066779     3.46378236     4.49367850     7.15132269     7.32832150     9.60848240     9.83089255     9.90890206    10.07716975    10.08268406    10.08926189    10.09681677    10.09773091    10.09802288    10.09803026    10.09809205    10.09816236    10.09822933    10.09825310    10.09828572    10.09836478    10.09839293    10.09870062    10.09887006    10.10141948    10.10384655    10.11913645    10.14292390    10.16932071
   429    -9.07116712    -5.54133856    -3.62219362    -3.32418968     3.48748091     4.52281955     7.11859023     7.29063107     9.60807818     9.83025890     9.90835765    10.07673823    10.08294110    10.08964230    10.09676806    10.09769880    10.09801862    10.09803221    10.09809096    10.09815947    10.09822887    10.09825402    10.09828525    10.09836905    10.09839196    10.09871266    10.09887308    10.10074455    10.10391972    10.11924323    10.14300544    10.16886366
   430    -9.07077382    -5.53858279    -3.62814020    -3.32767205     3.51101319     4.55202580     7.08610226     7.25298562     9.60766756     9.82961824     9.90782400    10.07631029    10.08319373    10.09002069    10.09667746    10.09765545    10.09801345    10.09803442    10.09808967    10.09815616    10.09822815    10.09825498    10.09828426    10.09837316    10.09839036    10.09872385    10.09887564    10.10010071    10.10398055    10.11930176    10.14296446    10.16825817
   431    -9.07040117    -5.53588724    -3.63396398    -3.33111291     3.53436233     4.58129425     7.05387922     7.21539670     9.60725127     9.82897200     9.90730249    10.07588855    10.08343884    10.09039411    10.09651263    10.09760016    10.09800739    10.09803686    10.09808810    10.09815245    10.09822720    10.09825600    10.09828264    10.09837702    10.09838810    10.09873355    10.09887768    10.09952953    10.10402833    10.11931089    10.14280034    10.16750809
   432    -9.07004932    -5.53325262    -3.63966404    -3.33451010     3.55751098     4.61062170     7.02194249     7.17787586     9.60683001     9.82832172     9.90679439    10.07547558    10.08367305    10.09076009    10.09622977    10.09753856    10.09800058    10.09803949    10.09808626    10.09814837    10.09822605    10.09825708    10.09828020    10.09838053    10.09838504    10.09873923    10.09887916    10.09907990    10.10406234    10.11926970    10.14251332    10.16661777
   433    -9.06971834    -5.53067955    -3.64523948    -3.33786130     3.58044136     4.64000471     6.99031441     7.14043468     9.60640442     9.82766904     9.90630084    10.07507394    10.08389261    10.09111668    10.09580190    10.09748268    10.09799337    10.09804228    10.09808416    10.09814400    10.09822474    10.09825821    10.09827662    10.09838092    10.09838359    10.09870724    10.09880912    10.09888001    10.10408194    10.11917750    10.14210448    10.16559198
   434    -9.06940822    -5.52816847    -3.65068940    -3.34116403     3.60313521     4.66943958     6.95901826     7.10308483     9.60597509     9.82701567     9.90582287    10.07468624    10.08409328    10.09146232    10.09524899    10.09744151    10.09798626    10.09804519    10.09808189    10.09813941    10.09822332    10.09825936    10.09827143    10.09837508    10.09838613    10.09855853    10.09877678    10.09888012    10.10408649    10.11903382    10.14157576    10.16443593
   435    -9.06911884    -5.52571972    -3.65601290    -3.34441567     3.62557373     4.69892222     6.92807837     7.06583813     9.60554259     9.82636340     9.90536135    10.07431513    10.08427023    10.09179583    10.09462027    10.09741577    10.09797974    10.09804814    10.09807958    10.09813470    10.09822182    10.09826050    10.09826403    10.09836569    10.09838810    10.09845837    10.09877907    10.09887941    10.10407543    10.11883839    10.14092991    10.16315521
   436    -9.06884998    -5.52333353    -3.66120909    -3.34761346     3.64773760     4.72844813     6.89752005     7.02870661     9.60510744     9.82571409     9.90491702    10.07396338    10.08441791    10.09211640    10.09396216    10.09740203    10.09797421    10.09805107    10.09807735    10.09812998    10.09822026    10.09825416    10.09826160    10.09835008    10.09838945    10.09840968    10.09878282    10.09887773    10.10404827    10.11859112    10.14017050    10.16175578
   437    -9.06860137    -5.52101002    -3.66627703    -3.35075453     3.66960692     4.75801228     6.86736967     6.99170260     9.60467013     9.82506962     9.90449048    10.07363386    10.08453006    10.09242349    10.09330910    10.09739665    10.09796986    10.09805387    10.09807531    10.09812542    10.09821866    10.09824282    10.09826262    10.09833238    10.09838975    10.09839015    10.09878562    10.09887498    10.10400461    10.11829212    10.13930189    10.16024389
   438    -9.06837261    -5.51874921    -3.67121577    -3.35383589     3.69116119     4.78760901     6.83765466     6.95483883     9.60423114     9.82443192     9.90408215    10.07332953    10.08459981    10.09268651    10.09271686    10.09739692    10.09796676    10.09805640    10.09807354    10.09812117    10.09821703    10.09823186    10.09826355    10.09831912    10.09837970    10.09839018    10.09878681    10.09887101    10.10394414    10.11794168    10.13832918    10.15862608
   439    -9.06816325    -5.51655106    -3.67602429    -3.35685446     3.71237927     4.81723192     6.80840352     6.91812853     9.60379089     9.82380294     9.90369233    10.07305349    10.08462020    10.09211422    10.09299648    10.09740099    10.09796485    10.09805850    10.09807210    10.09811747    10.09821539    10.09822258    10.09826436    10.09831010    10.09837254    10.09838953    10.09878605    10.09886569    10.10386670    10.11754028    10.13725816    10.15690913
   440    -9.06797275    -5.51441545    -3.68070158    -3.35980708     3.73323939     4.84687372     6.77964581     6.88158559     9.60334983     9.82318462     9.90332115    10.07280894    10.08458533    10.09160786    10.09326254    10.09740759    10.09796405    10.09805997    10.09807098    10.09811454    10.09821375    10.09821524    10.09826502    10.09830361    10.09836636    10.09838821    10.09878313    10.09885891    10.10377223    10.11708856    10.13609529    10.15510002
   441    -9.06780050    -5.51234225    -3.68524652    -3.36269053     3.75371906     4.87652608     6.75141218     6.84522471     9.60290839     9.82257888     9.90296861    10.07259918    10.08449192    10.09117854    10.09351539    10.09741587    10.09796425    10.09806059    10.09807020    10.09811263    10.09820959    10.09821210    10.09826551    10.09829852    10.09836053    10.09838624    10.09877790    10.09885054    10.10366084    10.11658739    10.13484763    10.15320587
   442    -9.06764582    -5.51033123    -3.68965798    -3.36550151     3.77379510     4.90617942     6.72373432     6.80906155     9.60246698     9.82198764     9.90263459    10.07242760    10.08434121    10.09083175    10.09375552    10.09742520    10.09796537    10.09806026    10.09806975    10.09811188    10.09820530    10.09821046    10.09826583    10.09829420    10.09835483    10.09838364    10.09877022    10.09884050    10.10353279    10.11603781    10.13352278    10.15123396
   443    -9.06750799    -5.50838220    -3.69393474    -3.36823673     3.79344364     4.93582268     6.69664501     6.77311305     9.60202605     9.82141275     9.90231882    10.07229764    10.08414005    10.09056662    10.09398352    10.09743514    10.09796731    10.09805896    10.09806962    10.09811232    10.09820203    10.09820884    10.09826595    10.09829032    10.09834916    10.09838043    10.09876005    10.09882869    10.10338849    10.11544112    10.13212880    10.14919161
   444    -9.06738621    -5.50649493    -3.69807552    -3.37089285     3.81264003     4.96544306     6.67017803     6.73739759     9.60158605     9.82085603     9.90202096    10.07221278    10.08390044    10.09037656    10.09420008    10.09744535    10.09796999    10.09805687    10.09806980    10.09811382    10.09819954    10.09820724    10.09826587    10.09828668    10.09834346    10.09837667    10.09874735    10.09881508    10.10322853    10.11479885    10.13067413    10.14708623
   445    -9.06727964    -5.50466919    -3.70207896    -3.37346653     3.83135892     4.99502569     6.64436815     6.70193542     9.60114748     9.82031922     9.90174054    10.07217649    10.08363774    10.09025121    10.09440595    10.09745556    10.09797335    10.09805420    10.09807028    10.09811615    10.09819763    10.09820567    10.09826557    10.09828316    10.09833771    10.09837237    10.09873214    10.09879964    10.10305368    10.11411282    10.12916748    10.14492524
   446    -9.06718741    -5.50290479    -3.70594365    -3.37595446     3.84957425     5.02455319     6.61925109     6.66674897     9.60071085     9.81980398     9.90147703    10.07219223    10.08336823    10.09017891    10.09460192    10.09746554    10.09797732    10.09805118    10.09807105    10.09811912    10.09819618    10.09820416    10.09826505    10.09827971    10.09833192    10.09836759    10.09871450    10.09878237    10.10286485    10.11338519    10.12761778    10.14271603
   447    -9.06710860    -5.50120157    -3.70966808    -3.37835335     3.86725924     5.05400525     6.59486345     6.63186342     9.60027672     9.81931190     9.90122986    10.07226336    10.08310722    10.09014860    10.09478883    10.09747512    10.09798182    10.09804801    10.09807211    10.09812252    10.09819509    10.09820271    10.09826432    10.09827627    10.09832608    10.09836237    10.09869453    10.09876331    10.10266314    10.11261851    10.12603400    10.14046597
   448    -9.06704227    -5.49955940    -3.71325066    -3.38065996     3.88438646     5.08335799     6.57124259     6.59730718     9.59984571     9.81884445     9.90099839    10.07239312    10.08286795    10.09015097    10.09496750    10.09748411    10.09798681    10.09804483    10.09807346    10.09812622    10.09819428    10.09820135    10.09826336    10.09827282    10.09832020    10.09835674    10.09867240    10.09874251    10.10244978    10.11181580    10.12442506    10.13818239
   449    -9.06698746    -5.49797821    -3.71668976    -3.38287111     3.90092788     5.11258327     6.54842663     6.56311273     9.59941850     9.81840299     9.90078200    10.07258456    10.08266123    10.09017874    10.09513878    10.09749236    10.09799220    10.09804176    10.09807512    10.09813011    10.09819371    10.09820010    10.09826218    10.09826934    10.09831427    10.09835075    10.09864833    10.09872007    10.10222617    10.11098060    10.12279966    10.13587253
   450    -9.06694321    -5.49645803    -3.71998362    -3.38498371     3.91685492     5.14164779     6.52645421     6.52931741     9.59899582     9.81798879     9.90058005    10.07284051    10.08249547    10.09022672    10.09530353    10.09749972    10.09799794    10.09803888    10.09807712    10.09813412    10.09819333    10.09819897    10.09826078    10.09826582    10.09830832    10.09834444    10.09862257    10.09869610    10.10199382    10.11011709    10.12116618    10.13354358
   451    -9.06690853    -5.49499891    -3.72313045    -3.38699477     3.93213856     5.17051198     6.49596454     6.50536444     9.59857847     9.81760297     9.90039192    10.07316351    10.08237687    10.09029148    10.09546257    10.09750601    10.09800395    10.09803625    10.09807947    10.09813818    10.09819311    10.09819800    10.09825918    10.09826227    10.09830235    10.09833785    10.09859541    10.09867074    10.10175434    10.10923014    10.11953250    10.13120261
   452    -9.06688247    -5.49360104    -3.72612838    -3.38890139     3.94674948     5.19912869     6.46310483     6.48519669     9.59816731     9.81724654     9.90021706    10.07355572    10.08230965    10.09037120    10.09561675    10.09751106    10.09801014    10.09803393    10.09808223    10.09814225    10.09819304    10.09819721    10.09825737    10.09825867    10.09829636    10.09833102    10.09856719    10.09864415    10.10150946    10.10832542    10.11790588    10.12885667
   453    -9.06686406    -5.49226468    -3.72897544    -3.39070083     3.96065814     5.22744147     6.43079798     6.46599042     9.59776328     9.81692037     9.90005496    10.07401887    10.08229621    10.09046548    10.09576691    10.09751465    10.09801642    10.09803198    10.09808546    10.09814630    10.09819309    10.09819663    10.09825505    10.09825538    10.09829039    10.09832399    10.09853825    10.09861651    10.10126095    10.10740942    10.11629285    10.12651271
   454    -9.06685236    -5.49099020    -3.73166965    -3.39239047     3.97383499     5.25538251     6.39911479     6.44778498     9.59736739     9.81662519     9.89990518    10.07455418    10.08233715    10.09057525    10.09591386    10.09751655    10.09802270    10.09803043    10.09808922    10.09815031    10.09819325    10.09819627    10.09825139    10.09825322    10.09828445    10.09831678    10.09850898    10.09858801    10.10101065    10.10648945    10.11469916    10.12417770
   455    -9.06684646    -5.48977807    -3.73420894    -3.39396786     3.98625065     5.28287007     6.36813975     6.43061933     9.59698070     9.81636161     9.89976737    10.07516226    10.08243132    10.09070277    10.09605843    10.09751642    10.09802887    10.09802935    10.09809360    10.09815428    10.09819349    10.09819617    10.09824773    10.09825090    10.09827856    10.09830943    10.09847975    10.09855885    10.10076040    10.10557365    10.11312978    10.12185859
   456    -9.06684547    -5.48862887    -3.73659120    -3.39543069     3.99787611     5.30980534     6.33797415     6.41453181     9.59660433     9.81613009     9.89964129    10.07584299    10.08257570    10.09085171    10.09620148    10.09751384    10.09802880    10.09803485    10.09809868    10.09815819    10.09819381    10.09819632    10.09824408    10.09824844    10.09827275    10.09830198    10.09845094    10.09852925    10.10051203    10.10467080    10.11158896    10.11956245
   457    -9.06684854    -5.48754331    -3.73881429    -3.39677686     4.00868298     5.33606867     6.30873989     6.39955986     9.59623948     9.81593096     9.89952677    10.07659541    10.08276532    10.09102723    10.09634386    10.09750822    10.09802889    10.09804057    10.09810451    10.09816207    10.09819418    10.09819675    10.09824047    10.09824586    10.09826704    10.09829445    10.09842291    10.09849942    10.10026735    10.10379013    10.11008048    10.11729656
   458    -9.06685490    -5.48652219    -3.74087603    -3.39800445     4.01864374     5.36151502     6.28058398     6.38573969     9.59588737     9.81576439     9.89942377    10.07741747    10.08299311    10.09123612    10.09648644    10.09749865    10.09802971    10.09804602    10.09811114    10.09816594    10.09819461    10.09819744    10.09823695    10.09824318    10.09826146    10.09828687    10.09839599    10.09846958    10.10002808    10.10294112    10.10860792    10.11506854
   459    -9.06686378    -5.48556646    -3.74277422    -3.39911174     4.02773200     5.38596892     6.25368361     6.37310599     9.59554926     9.81563046     9.89933233    10.07830583    10.08324992    10.09148668    10.09663017    10.09748372    10.09803144    10.09805123    10.09811859    10.09816983    10.09819510    10.09819838    10.09823355    10.09824042    10.09825605    10.09827927    10.09837046    10.09843994    10.09979587    10.10213313    10.10717523    10.11288663
   460    -9.06687450    -5.48467716    -3.74450665    -3.40009723     4.03592284     5.40921903     6.22825163     6.36169160     9.59522643     9.81552908     9.89925259    10.07925541    10.08352465    10.09178846    10.09677602    10.09746110    10.09803428    10.09805635    10.09812682    10.09817379    10.09819567    10.09819955    10.09823035    10.09823760    10.09825081    10.09827168    10.09834653    10.09841073    10.09957223    10.10137517    10.10578739    10.11076002
   461    -9.06688644    -5.48385543    -3.74607112    -3.40095961     4.04319301     5.43101312     6.20454152     6.35152712     9.59492020     9.81546004     9.89918478    10.08025873    10.08380482    10.09215121    10.09692506    10.09742681    10.09803853    10.09806165    10.09813580    10.09817789    10.09819639    10.09820094    10.09822741    10.09823473    10.09824577    10.09826412    10.09832435    10.09838215    10.09935852    10.10067590    10.10445159    10.10869950
   462    -9.06689903    -5.48310255    -3.74746543    -3.40169781     4.04952130     5.45105470     6.18285076     6.34264066     9.59463185     9.81542302     9.89912921    10.08130492    10.08407745    10.09258283    10.09707848    10.09737393    10.09804463    10.09806760    10.09814548    10.09818216    10.09819734    10.09820250    10.09822477    10.09823185    10.09824092    10.09825663    10.09830399    10.09835439    10.09915593    10.10004416    10.10317898    10.10671838
   463    -9.06691178    -5.48241987    -3.74868744    -3.40231100     4.05488881     5.46900366     6.16352026     6.33505746     9.59436268     9.81541756     9.89908626    10.08237799    10.08433025    10.09308518    10.09723760    10.09729122    10.09805321    10.09807502    10.09815579    10.09818668    10.09819864    10.09820422    10.09822248    10.09822897    10.09823627    10.09824924    10.09828544    10.09832766    10.09896544    10.09949057    10.10198722    10.10483413
   464    -9.06692429    -5.48180884    -3.74973500    -3.40279857     4.05927916     5.48448387     6.14692670     6.32879963     9.59411394     9.81544310     9.89905634    10.08345379    10.08455277    10.09364413    10.09716604    10.09740405    10.09806528    10.09808531    10.09816669    10.09819151    10.09820044    10.09820609    10.09822053    10.09822612    10.09823179    10.09824198    10.09826860    10.09830212    10.09878784    10.09903002    10.10090370    10.10307107
   465    -9.06693622    -5.48127101    -3.75060606    -3.40316012     4.06267882     5.49710146     6.13346427     6.32388583     9.59388684     9.81549898     9.89903992    10.08449516    10.08473687    10.09420044    10.09701471    10.09757993    10.09808252    10.09810068    10.09817813    10.09819670    10.09820290    10.09820810    10.09821889    10.09822330    10.09822748    10.09823490    10.09825334    10.09827796    10.09862369    10.09867968    10.09996544    10.10146478
   466    -9.06694731    -5.48080799    -3.75129862    -3.40339553     4.06507725     5.50647609     6.12351342     6.32033106     9.59368255     9.81558440     9.89903749    10.08487620    10.08544429    10.09457017    10.09699039    10.09776839    10.09810800    10.09812445    10.09819007    10.09820234    10.09820614    10.09821028    10.09821751    10.09822055    10.09822330    10.09822806    10.09823949    10.09825533    10.09844350    10.09847337    10.09920658    10.10006836
   467    -9.06695738    -5.48042144    -3.75181075    -3.40350488     4.06646709     5.51228386     6.11739794     6.31814646     9.59350214     9.81569851     9.89904953    10.08496456    10.08621461    10.09447699    10.09739032    10.09797534    10.09814792    10.09816099    10.09820247    10.09820850    10.09821026    10.09821265    10.09821634    10.09821788    10.09821925    10.09822150    10.09822687    10.09823439    10.09829959    10.09833713    10.09863296    10.09895710
   468    -9.06696635    -5.48011310    -3.75214065    -3.40348849     4.06684431     5.51430426     6.11533803     6.31733916     9.59334661     9.81584035     9.89907654    10.08499355    10.08669411    10.09398731    10.09821531    10.09821531    10.09821531    10.09821531    10.09821531    10.09821531    10.09821531    10.09821531    10.09821531    10.09821531    10.09821531    10.09821531    10.09821531    10.09821531    10.09821531    10.09821531    10.09821531    10.09821531
   469    -9.06698349    -5.47992355    -3.75236700    -3.40320664     4.06647418     5.51340837     6.11580430     6.31826289     9.59325103     9.81595931     9.89911446    10.08482206    10.08656336    10.09346205    10.09769499    10.09783973    10.09812685    10.09817840    10.09819336    10.09820191    10.09820837    10.09821131    10.09821337    10.09821656    10.09821751    10.09822374    10.09823534    10.09825107    10.09826845    10.09844766    10.09882207    10.09933256
   470    -9.06702190    -5.47973396    -3.75271610    -3.40246739     4.06553635     5.51061117     6.11735275     6.32104040     9.59316447     9.81609697     9.89918010    10.08425851    10.08588442    10.09287589    10.09734285    10.09774876    10.09807629    10.09814792    10.09817437    10.09819165    10.09820191    10.09820853    10.09821350    10.09821867    10.09822012    10.09823306    10.09825607    10.09829210    10.09834256    10.09893647    10.09958635    10.10085176
   471    -9.06707992    -5.47954668    -3.75319373    -3.40126527     4.06401630     5.50596588     6.12017441     6.32544841     9.59308590     9.81625174     9.89927452    10.08310608    10.08514937    10.09228896    10.09703475    10.09776839    10.09803992    10.09812166    10.09815822    10.09818400    10.09819572    10.09820643    10.09821566    10.09822159    10.09822355    10.09824333    10.09827735    10.09833694    10.09843841    10.09968357    10.10056620    10.10267589
   472    -9.06715611    -5.47936417    -3.75380372    -3.39959730     4.06189939     5.49956794     6.12439064     6.33129039     9.59301379     9.81642174     9.89939902    10.08145408    10.08456191    10.09170293    10.09677854    10.09778580    10.09800894    10.09809862    10.09814449    10.09817834    10.09818975    10.09820486    10.09821888    10.09822507    10.09822867    10.09825463    10.09829914    10.09838500    10.09855373    10.10052357    10.10181371    10.10473287
   473    -9.06724923    -5.47918895    -3.75454791    -3.39746300     4.05917099     5.49154870     6.13005588     6.33839994     9.59294618     9.81660485     9.89955507    10.07957199    10.08403417    10.09112942    10.09657166    10.09779090    10.09798001    10.09807854    10.09813276    10.09817416    10.09818397    10.09820379    10.09822222    10.09822909    10.09823603    10.09826708    10.09832150    10.09843600    10.09868666    10.10137866    10.10327894    10.10696485
   474    -9.06735825    -5.47902363    -3.75542624    -3.39486436     4.05581660     5.48206652     6.13716761     6.34663954     9.59288063     9.81679872     9.89974426    10.07760252    10.08352521    10.09058073    10.09640982    10.09778725    10.09795203    10.09806150    10.09812269    10.09817106    10.09817839    10.09820316    10.09822536    10.09823375    10.09824544    10.09828086    10.09834458    10.09848973    10.09883671    10.10224541    10.10488742    10.10932498
   475    -9.06748237    -5.47887088    -3.75643685    -3.39180571     4.05182207     5.47129678     6.14567958     6.35589719     9.59281422     9.81700080     9.89996823    10.07560923    10.08303011    10.09006492    10.09628834    10.09777758    10.09792487    10.09804763    10.09811403    10.09816879    10.09817306    10.09820292    10.09822834    10.09823908    10.09825649    10.09829618    10.09836864    10.09854594    10.09900466    10.10312628    10.10659240    10.11177663
   476    -9.06762100    -5.47873342    -3.75757629    -3.38829359     4.04717374     5.45942229     6.15551532     6.36608229     9.59274360     9.81720837     9.90022857    10.07362312    10.08255323    10.08958641    10.09620233    10.09776319    10.09789884    10.09803700    10.09810660    10.09816674    10.09816850    10.09820300    10.09823123    10.09824502    10.09826877    10.09831325    10.09839413    10.09860434    10.09919225    10.10402080    10.10836676    10.11429167
   477    -9.06777376    -5.47861399    -3.75883964    -3.38433652     4.04185863     5.44662508     6.16658013     6.37712159     9.59266497     9.81741858     9.90052683    10.07166026    10.08210028    10.08914715    10.09614664    10.09774473    10.09787431    10.09802964    10.09810024    10.09816248    10.09816711    10.09820335    10.09823412    10.09825154    10.09828186    10.09833214    10.09842173    10.09866455    10.09940196    10.10492763    10.11019211    10.11684837
   478    -9.06794050    -5.47851535    -3.76022087    -3.37994481     4.03586467     5.43308017     6.17877074     6.38895569     9.59257408     9.81762847     9.90086439    10.06972878    10.08167615    10.08874766    10.09611587    10.09772276    10.09785149    10.09802542    10.09809485    10.09815777    10.09816716    10.09820397    10.09823703    10.09825865    10.09829541    10.09835266    10.09845243    10.09872612    10.09963666    10.10584600    10.11205341    10.11942979
   479    -9.06812128    -5.47844027    -3.76171298    -3.37513028     4.02918087     5.41895124     6.19198226     6.40153610     9.59246626     9.81783498     9.90124243    10.06783206    10.08128433    10.08838760    10.09610445    10.09769801    10.09783027    10.09802406    10.09809033    10.09815324    10.09816808    10.09820482    10.09824001    10.09826634    10.09830915    10.09837421    10.09848754    10.09878862    10.09989930    10.10677641    10.11393648    10.12202263
   480    -9.06831635    -5.47839149    -3.76330834    -3.36990601     4.02179757     5.40438808     6.20611309     6.41482285     9.59233642     9.81803502     9.90166186    10.06597032    10.08092690    10.08806621    10.09610682    10.09767142    10.09781035    10.09802514    10.09808658    10.09814895    10.09816988    10.09820594    10.09824311    10.09827464    10.09832293    10.09839594    10.09852850    10.09885169    10.10019244    10.10772091    10.11582682    10.12461639
   481    -9.06852616    -5.47837171    -3.76499888    -3.36428608     4.01370660     5.38952535     6.22106772     6.42878257     9.59217908     9.81822544     9.90212329    10.06414141    10.08060465    10.08778255    10.09611764    10.09764398    10.09779141    10.09802808    10.09808355    10.09814495    10.09817258    10.09820734    10.09824639    10.09828358    10.09833667    10.09841704    10.09857654    10.09891526    10.10051780    10.10868311    10.11770921    10.12720285
   482    -9.06875138    -5.47838360    -3.76677640    -3.35828535     4.00490150     5.37448244     6.23675838     6.44338696     9.59198838     9.81840308     9.90262692    10.06234139    10.08031732    10.08753563    10.09613207    10.09761660    10.09777319    10.09803217    10.09808123    10.09814130    10.09817618    10.09820906    10.09824991    10.09829318    10.09835033    10.09843690    10.09863221    10.09897974    10.10087586    10.10966810    10.11956763    10.12977565
   483    -9.06899281    -5.47842977    -3.76863270    -3.35191919     3.99537771     5.35936384     6.25310563     6.45861166     9.59175810     9.81856480     9.90317257    10.06056480    10.08006380    10.08732441    10.09614595    10.09759007    10.09775553    10.09803663    10.09807966    10.09813804    10.09818064    10.09821115    10.09825377    10.09830350    10.09836389    10.09845525    10.09869511    10.09904639    10.10126563    10.11068226    10.12138540    10.13232983
   484    -9.06925145    -5.47851274    -3.77055985    -3.34520332     3.98513271     5.34426001     6.27003831     6.47443524     9.59148169     9.81870748     9.90375954    10.05880499    10.07984248    10.08714776    10.09615602    10.09756500    10.09773839    10.09804067    10.09807898    10.09813523    10.09818580    10.09821368    10.09825805    10.09831456    10.09837734    10.09847199    10.09876350    10.09911777    10.10168455    10.11173286    10.12314557    10.13486149
   485    -9.06952846    -5.47863496    -3.77255031    -3.33815361     3.97416616     5.32924843     6.28749318     6.49083853     9.59115226     9.81882803     9.90438666    10.05705437    10.07965151    10.08700418    10.09615993    10.09754185    10.09772182    10.09804357    10.09807930    10.09813290    10.09819140    10.09821673    10.09826287    10.09832639    10.09839068    10.09848712    10.09883397    10.09919812    10.10212879    10.11282764    10.12483135    10.13736731
   486    -9.06982511    -5.47879875    -3.77459706    -3.33078592     3.96248004     5.31439467     6.30541434     6.50780395     9.59076264     9.81892344     9.90505217    10.05530465    10.07948912    10.08689157    10.09615627    10.09752086    10.09770594    10.09804497    10.09808057    10.09813107    10.09819701    10.09822044    10.09826835    10.09833900    10.09840390    10.09850073    10.09890175    10.09929300    10.10259360    10.11397424    10.12642670    10.13984410
   487    -9.07014282    -5.47900635    -3.77669373    -3.32311597     3.95007870     5.29975360     6.32375255     6.52531513     9.59030542     9.81899079     9.90575376    10.05354714    10.07935388    10.08680690    10.09614445    10.09750204    10.09769092    10.09804490    10.09808252    10.09812974    10.09820218    10.09822493    10.09827456    10.09835234    10.09841701    10.09851293    10.09896236    10.09940766    10.10307400    10.11517956    10.12791687    10.14228842
   488    -9.07048312    -5.47925987    -3.77883468    -3.31515926     3.93696890     5.28537037     6.34246452     6.54335649     9.58977290     9.81902724     9.90648848    10.05177305    10.07924496    10.08674589    10.09612462    10.09748522    10.09767701    10.09804364    10.09808474    10.09812889    10.09820653    10.09823018    10.09828153    10.09836632    10.09843002    10.09852389    10.09901353    10.09954486    10.10356537    10.11644911    10.12928902    10.14469620
   489    -9.07084761    -5.47956127    -3.78101502    -3.30693091     3.92315984     5.27128148     6.36151227     6.56191296     9.58915720     9.81903007     9.90725278    10.04997379    10.07916216    10.08670277    10.09609752    10.09747001    10.09766451    10.09804151    10.09808690    10.09812850    10.09820995    10.09823601    10.09828918    10.09838073    10.09844294    10.09853391    10.09905552    10.09970443    10.10406408    10.11778637    10.13053267    10.14706254
   490    -9.07123797    -5.47991240    -3.78323068    -3.29844570     3.90866312     5.25751569     6.38086252     6.58096975     9.58845024     9.81899672     9.90804248    10.04814126    10.07910595    10.08667024    10.09606437    10.09745584    10.09765382    10.09803875    10.09808881    10.09812853    10.09821253    10.09824212    10.09829734    10.09839527    10.09845576    10.09854344    10.09908992    10.09988424    10.10456803    10.11919226    10.13164020    10.14938161
   491    -9.07165596    -5.48031493    -3.78547839    -3.28971790     3.89349268     5.24409493     6.40048608     6.60051220     9.58764378     9.81892475     9.90885275    10.04626816    10.07907731    10.08663948    10.09602670    10.09744207    10.09764537    10.09803550    10.09809033    10.09812901    10.09821439    10.09824826    10.09830578    10.09840953    10.09846832    10.09855313    10.09911856    10.10008103    10.10507692    10.12066456    10.13260735    10.15164663
   492    -9.07210335    -5.48077041    -3.78775571    -3.28076133     3.87766469     5.23103502     6.42035745     6.62052561     9.58672946     9.81881192     9.90967818    10.04434820    10.07907745    10.08660051    10.09598618    10.09742799    10.09763963    10.09803185    10.09809137    10.09812997    10.09821568    10.09825430    10.09831424    10.09842308    10.09848028    10.09856390    10.09914309    10.10029064    10.10559234    10.12219722    10.13343389    10.15385008
   493    -9.07258192    -5.48128022    -3.79006096    -3.27158928     3.86119745     5.21834646     6.44045427     6.64099519     9.58569881     9.81865618     9.91051274    10.04237632    10.07910748    10.08654263    10.09594451    10.09741293    10.09763704    10.09802784    10.09809184    10.09813144    10.09821649    10.09826012    10.09832247    10.09843555    10.09849109    10.09857684    10.09916494    10.10050792    10.10611766    10.12377940    10.13412470    10.15598381
   494    -9.07309348    -5.48184557    -3.79239322    -3.26221450     3.84411121     5.20603507     6.46075703     6.66190595     9.58454333     9.81845567     9.91134984    10.04034877    10.07916800    10.08645514    10.09590315    10.09739637    10.09763790    10.09802348    10.09809169    10.09813346    10.09821693    10.09826566    10.09833024    10.09844673    10.09850023    10.09859282    10.09918531    10.10072673    10.10665757    10.12539331    10.13469203    10.15803938
   495    -9.07363978    -5.48246752    -3.79475229    -3.25264919     3.82642802     5.19410266     6.48124865     6.68324270     9.58325450     9.81820878     9.91218239    10.03826321    10.07925858    10.08632809    10.09586316    10.09737798    10.09764238    10.09801877    10.09809087    10.09813604    10.09821708    10.09827087    10.09833738    10.09845657    10.09850755    10.09861217    10.09920526    10.10094009    10.10721743    10.12700983    10.13516005    10.16000822
   496    -9.07422256    -5.48314696    -3.79713861    -3.24290503     3.80817156     5.18254751     6.50191425     6.70499002     9.58182380     9.81791412     9.91300284    10.03611864    10.07937719    10.08615333    10.09582498    10.09735763    10.09765041    10.09801371    10.09808943    10.09813911    10.09821706    10.09827565    10.09834374    10.09846515    10.09851336    10.09863458    10.09922574    10.10114061    10.10780246    10.12857897    10.13557457    10.16188197
   497    -9.07484348    -5.48388461    -3.79955320    -3.23299314     3.78936688     5.17136498     6.52274081     6.72713227     9.58024283     9.81757054     9.91380321    10.03391533    10.07951933    10.08592563    10.09578831    10.09733537    10.09766173    10.09800833    10.09808741    10.09814259    10.09821693    10.09827995    10.09834923    10.09847259    10.09851816    10.09865935    10.09924763    10.10132111    10.10841672    10.13001183    10.13602124    10.16365266
   498    -9.07550412    -5.48468104    -3.80199763    -3.22292410     3.77004027     5.16054795     6.54371702     6.74965361     9.57850333     9.81717717     9.91457522    10.03165470    10.07967663    10.08564433    10.09575206    10.09731143    10.09767590    10.09800265    10.09808491    10.09814637    10.09821679    10.09828367    10.09835380    10.09847896    10.09852246    10.09868561    10.09927175    10.10147522    10.10906220    10.13116411    10.13664222    10.16531297
   499    -9.07620596    -5.48553662    -3.80447392    -3.21270798     3.75021900     5.15008727     6.56483300     6.77253805     9.57659721     9.81673336     9.91531033    10.02933909    10.07983452    10.08531579    10.09571433    10.09728615    10.09769230    10.09799678    10.09808205    10.09815035    10.09821669    10.09828674    10.09835743    10.09848432    10.09852665    10.09871245    10.09929883    10.10159805    10.10973806    10.13188554    10.13758694    10.16685639
   500    -9.07695037    -5.48645158    -3.80698447    -3.20235433     3.72993116     5.13997216     6.58608014     6.79576947     9.57451669     9.81623872     9.91599985    10.02697165    10.07996811    10.08495750    10.09567264    10.09725995    10.09771017    10.09799085    10.09807891    10.09815441    10.09821667    10.09828908    10.09836015    10.09848863    10.09853101    10.09873893    10.09932947    10.10168644    10.11044012    10.13215592    10.13887622    10.16827746
   501    -9.07773858    -5.48742598    -3.80953198    -3.19187220     3.70920544     5.13019054     6.60745096     6.81933167     9.57225429     9.81569311     9.91663497    10.02455603    10.08003606    10.08460407    10.09562402    10.09723334    10.09772861    10.09798506    10.09807561    10.09815848    10.09821675    10.09829062    10.09836201    10.09849182    10.09853569    10.09876413    10.09936399    10.10173912    10.11116065    10.13208777    10.14039981    10.16957194
   502    -9.07857169    -5.48845971    -3.81211939    -3.18127015     3.68807097     5.12072942     6.62893892     6.84320847     9.56980300     9.81509658     9.91720692    10.02209626    10.07997616    10.08431163    10.09556525    10.09720687    10.09774665    10.09797972    10.09807221    10.09816247    10.09821691    10.09829132    10.09836307    10.09849381    10.09854070    10.09878717    10.09940235    10.10175657    10.11188829    10.13180238    10.14204059    10.17073695
   503    -9.07945060    -5.48955250    -3.81474979    -3.17055630     3.66655713     5.11157513     6.65053831     6.86738374     9.56715626     9.81444940     9.91770701    10.01959656    10.07971650    10.08414652    10.09549307    10.09718105    10.09776327    10.09797517    10.09806879    10.09816631    10.09821712    10.09829115    10.09836338    10.09849455    10.09854595    10.09880737    10.09944395    10.10174079    10.11260804    10.13138403    10.14372059    10.17177117
   504    -9.08037606    -5.49070393    -3.81742638    -3.15973830     3.64469341     5.10271359     6.67224413     6.89184147     9.56430812     9.81375197     9.91812672    10.01706116    10.07921172    10.08414900    10.09540429    10.09715635    10.09777751    10.09797180    10.09806537    10.09816991    10.09821736    10.09829010    10.09836298    10.09849399    10.09855126    10.09882423    10.09948757    10.10169499    10.11330120    10.13089102    10.14539035    10.17267500
   505    -9.08134863    -5.49191342    -3.82015233    -3.14882339     3.62250925     5.09413055     6.69405197     6.91656583     9.56125325     9.81300485     9.91845778    10.01449420    10.07846750    10.08430883    10.09529596    10.09713315    10.09778853    10.09796993    10.09806199    10.09817318    10.09821759    10.09828817    10.09836189    10.09849211    10.09855643    10.09883749    10.09953134    10.10162337    10.11394526    10.13036944    10.14701527    10.17345070
   506    -9.08236865    -5.49318021    -3.82293076    -3.13781839     3.60003392     5.08581176     6.71595794     6.94154124     9.55798708     9.81220866     9.91869222    10.01189968    10.07751984    10.08458596    10.09516544    10.09711165    10.09779581    10.09796972    10.09805867    10.09817594    10.09821781    10.09828540    10.09836015    10.09848884    10.09856123    10.09884711    10.09957277    10.10153084    10.11451407    10.12986065    10.14856815    10.17410255
   507    -9.08343626    -5.49450342    -3.82576468    -3.12672974     3.57729642     5.07774314     6.73795855     6.96675242     9.55450580     9.81136405     9.91882248    10.00928139    10.07640606    10.08493960    10.09501060    10.09709191    10.09779919    10.09797100    10.09805544    10.09817800    10.09821804    10.09828183    10.09835775    10.09848411    10.09856548    10.09885321    10.09960889    10.10142284    10.11497876    10.12940409    10.15002543    10.17463697
   508    -9.08455137    -5.49588200    -3.82865688    -3.11556352     3.55432538     5.06991094     6.76005067     6.99218444     9.55080645     9.81047166     9.91884140    10.00664293    10.07515499    10.08533782    10.09482999    10.09707381    10.09779889    10.09797329    10.09805233    10.09817904    10.09821836    10.09827753    10.09835472    10.09847781    10.09856901    10.09885598    10.09963645    10.10130511    10.11531028    10.12903650    10.15136546    10.17506247
   509    -9.08571368    -5.49731476    -3.83160990    -3.10432547     3.53114897     5.06230183     6.78223141     7.01782279     9.54688698     9.80953209     9.91874232    10.00398773    10.07378838    10.08575598    10.09462324    10.09705710    10.09779535    10.09797589    10.09804938    10.09817876    10.09821884    10.09827261    10.09835107    10.09846983    10.09857170    10.09885568    10.09965216    10.10118340    10.11548391    10.12878822    10.15256780    10.17538966
   510    -9.08692265    -5.49880036    -3.83462597    -3.09302102     3.50779481     5.05490300     6.80449812     7.04365339     9.54274625     9.80854582     9.91851913    10.00131909    10.07232394    10.08617301    10.09439168    10.09704141    10.09778903    10.09797806    10.09804666    10.09817684    10.09821949    10.09826723    10.09834681    10.09846010    10.09857344    10.09885260    10.09965307    10.10106306    10.11548513    10.12867772    10.15361308    10.17563085
   511    -9.08817749    -5.50033729    -3.83770694    -3.08165529     3.48428996     5.04770225     6.82684830     7.06966263     9.53838403     9.80751316     9.91816631     9.99864025    10.07077763    10.08656819    10.09413933    10.09702629    10.09778027    10.09797913    10.09804421    10.09817306    10.09822018    10.09826162    10.09834196    10.09844859    10.09857418    10.09884703    10.09963717    10.10094844    10.11531407    10.12870731    10.15448345    10.17579952
   512    -9.08947721    -5.50192394    -3.84085428    -3.07023314     3.46066083     5.04068804     6.84927955     7.09583741     9.53380107     9.80643427     9.91767904     9.99595439    10.06916492    10.08691840    10.09387445    10.09701120    10.09776919    10.09797860    10.09804207    10.09816734    10.09822055    10.09825613    10.09833652    10.09843539    10.09857386    10.09883928    10.09960395    10.10084230    10.11498536    10.12886329    10.15516344    10.17590936
   513    -9.09082053    -5.50355851    -3.84406895    -3.05875919     3.43693317     5.03384954     6.87178955     7.12216513     9.52899900     9.80530911     9.91705327     9.99326464    10.06750142    10.08719561    10.09361127    10.09699554    10.09775569    10.09797612    10.09804018    10.09815969    10.09822001    10.09825129    10.09833046    10.09842073    10.09857246    10.09882968    10.09955481    10.10074539    10.11452345    10.12912066    10.15564120    10.17597306
   514    -9.09220598    -5.50523909    -3.84735147    -3.04723785     3.41313202     5.02717667     6.89437600     7.14863369     9.52398035     9.80413741     9.91628591     9.99057406    10.06580309    10.08736525    10.09337136    10.09697863    10.09773942    10.09797155    10.09803839    10.09815025    10.09821785    10.09824768    10.09832379    10.09840505    10.09856996    10.09881856    10.09949287    10.10065659    10.11395604    10.12944959    10.15590991    10.17600090
   515    -9.09363184    -5.50696361    -3.85070180    -3.03567332     3.38928171     5.02066009     6.91703663     7.17523150     9.51874847     9.80291872     9.91537492     9.98788550    10.06408634    10.08738763    10.09318202    10.09695970    10.09771984    10.09796494    10.09803655    10.09813918    10.09821367    10.09824554    10.09831650    10.09838899    10.09856635    10.09880631    10.09942225    10.10057367    10.11330891    10.12982058    10.15596902    10.17599957
   516    -9.09509616    -5.50872986    -3.85411938    -3.02406967     3.36540583     5.01429127     6.93976913     7.20194745     9.51330749     9.80165240     9.91431958     9.98520147    10.06236781    10.08722532    10.09306899    10.09693788    10.09769624    10.09795645    10.09803455    10.09812669    10.09820774    10.09824441    10.09830868    10.09837334    10.09856163    10.09879335    10.09934714    10.10049421    10.11260320    10.13020723    10.15582500    10.17597146
   517    -9.09659678    -5.51053549    -3.85760306    -3.01243081     3.34152721     5.00806244     6.96257115     7.22877089     9.50766222     9.80033770     9.91312065     9.98252389    10.06066426    10.08685457    10.09304498    10.09691213    10.09766789    10.09794636    10.09803237    10.09811299    10.09820065    10.09824349    10.09830060    10.09835885    10.09855581    10.09878013    10.09927104    10.10041632    10.11185469    10.13058704    10.15549121    10.17591470
   518    -9.09813130    -5.51237800    -3.86115112    -3.00076057     3.31766795     5.00196663     6.98544031     7.25569155     9.50181810     9.79897378     9.91178060     9.97985387    10.05899225    10.08627164    10.09310347    10.09688126    10.09763427    10.09793504    10.09803015    10.09809819    10.09819287    10.09824203    10.09829276    10.09834603    10.09854897    10.09876710    10.09919647    10.10033896    10.11107429    10.13094117    10.15498710    10.17582393
   519    -9.09969716    -5.51425477    -3.86476124    -2.98906268     3.29384939     4.99599763     7.00837416     7.28269951     9.49578107     9.79755986     9.91030380     9.97719142    10.05736790    10.08548760    10.09322401    10.09684384    10.09759531    10.09792287    10.09802808    10.09808238    10.09818469    10.09823953    10.09828583    10.09833503    10.09854120    10.09875471    10.09912495    10.10026188    10.11026904    10.13125385    10.15433668    10.17569159
   520    -9.10129157    -5.51616302    -3.86843053    -2.97734086     3.27009213     4.99015000     7.03137017     7.30978515     9.48955747     9.79609524     9.90869663     9.97453525    10.05580655    10.08451828    10.09338247    10.09679818    10.09755156    10.09791018    10.09802631    10.09806564    10.09817621    10.09823591    10.09828022    10.09832573    10.09853270    10.09874334    10.09905721    10.10018547    10.10944334    10.13151186    10.15356682    10.17550923
   521    -9.10291158    -5.51809982    -3.87215552    -2.96559878     3.24641604     4.98441905     7.05442575     7.33693904     9.48315400     9.79457952     9.90696753     9.97188255    10.05432237    10.08337763    10.09355785    10.09674228    10.09750420    10.09789716    10.09802477    10.09804822    10.09816738    10.09823149    10.09827586    10.09831787    10.09852367    10.09873327    10.09899341    10.10011046    10.10860017    10.13170413    10.15270555    10.17526867
   522    -9.10455407    -5.52006214    -3.87593214    -2.95384017     3.22284024     4.97880082     7.07753824     7.36415185     9.47657756     9.79301266     9.90512695     9.96922895    10.05292793    10.08207600    10.09373432    10.09667381    10.09745484    10.09788390    10.09802134    10.09803227    10.09815819    10.09822674    10.09827230    10.09831117    10.09851437    10.09872464    10.09893340    10.10003772    10.10774233    10.13182161    10.15178042    10.17496289
   523    -9.10621578    -5.52204676    -3.87975578    -2.94206876     3.19938317     4.97329204     7.10070491     7.39141428     9.46983520     9.79139518     9.90318714     9.96656843    10.05163367    10.08062112    10.09390083    10.09659006    10.09740529    10.09787037    10.09800651    10.09802722    10.09814869    10.09822179    10.09826906    10.09830545    10.09850505    10.09871739    10.09887692    10.09996805    10.10687362    10.13185734    10.15081703    10.17458643
   524    -9.10789329    -5.52405038    -3.88362131    -2.93028840     3.17606255     4.96789013     7.12392293     7.41871693     9.46293402     9.78972826     9.90116189     9.96389352    10.05044720    10.07901989    10.09404988    10.09648786    10.09735718    10.09785649    10.09798631    10.09802676    10.09813906    10.09821648    10.09826567    10.09830068    10.09849586    10.09871121    10.09882380    10.09990202    10.10599985    10.13180677    10.14983765    10.17413567
   525    -9.10958309    -5.52606952    -3.88752308    -2.91850303     3.15289541     4.96259316     7.14718944     7.44605021     9.45588108     9.78801393     9.89906614     9.96119536    10.04937253    10.07728058    10.09417635    10.09636351    10.09731182    10.09784207    10.09796464    10.09802672    10.09812957    10.09821048    10.09826148    10.09829705    10.09848687    10.09870527    10.09877421    10.09983996    10.10512974    10.13166802    10.14886009    10.17360880
   526    -9.11128156    -5.52810059    -3.89145494    -2.90671673     3.12989813     4.95739982     7.17050148     7.47340418     9.44868336     9.78625520     9.89691547     9.95846400    10.04840891    10.07541514    10.09427613    10.09621289    10.09727008    10.09782672    10.09794202    10.09802639    10.09812048    10.09820357    10.09825578    10.09829485    10.09847795    10.09869635    10.09873066    10.09978184    10.10427556    10.13144226    10.14789674    10.17300568
   527    -9.11298500    -5.53013990    -3.89541035    -2.89493374     3.10708646     4.95230937     7.19385606     7.50076846     9.44134768     9.78445614     9.89472570     9.95568859    10.04754942    10.07344179    10.09434441    10.09603220    10.09723243    10.09780971    10.09791898    10.09802538    10.09811204    10.09819569    10.09824813    10.09829408    10.09846882    10.09867046    10.09870644    10.09972725    10.10345341    10.13113366    10.14695424    10.17232767
   528    -9.11468965    -5.53218359    -3.89938233    -2.88315851     3.08447550     4.94732163     7.21725006     7.52813211     9.43388066     9.78262198     9.89251232     9.95285762    10.04677897    10.07138801    10.09437242    10.09582068    10.09719896    10.09778987    10.09789639    10.09802339    10.09810439    10.09818695    10.09823860    10.09829425    10.09845892    10.09863189    10.09869675    10.09967528    10.10268285    10.13074914    10.14603357    10.17157739
   529    -9.11639172    -5.53422774    -3.90336356    -2.87139570     3.06207978     4.94243696     7.24068034     7.55548347     9.42628868     9.78075915     9.89029009     9.94995913    10.04607170    10.06929398    10.09434083    10.09558782    10.09716954    10.09776565    10.09787549    10.09802023    10.09809760    10.09817750    10.09822754    10.09829463    10.09844746    10.09859444    10.09868773    10.09962444    10.10198542    10.13029766    10.14513087    10.17075844
   530    -9.11808739    -5.53626828    -3.90734641    -2.85965023     3.03991325     4.93765615     7.26414364     7.58281005     9.41857788     9.77887529     9.88807266     9.94698085    10.04538783    10.06721632    10.09421031    10.09536495    10.09714382    10.09773578    10.09785744    10.09801577    10.09809164    10.09816754    10.09821537    10.09829443    10.09843346    10.09856144    10.09867671    10.09957242    10.10138158    10.12978928    10.14423872    10.16987521
   531    -9.11977282    -5.53830109    -3.91132299    -2.84792726     3.01798931     4.93298045     7.28763660     7.61009840     9.41075409     9.77697914     9.88587221     9.94391043    10.04467088    10.06523102    10.09393164    10.09519862    10.09712134    10.09769999    10.09784267    10.09800998    10.09808639    10.09815723    10.09820250    10.09829281    10.09841643    10.09853456    10.09866302    10.09951599    10.10088631    10.12923419    10.14334755    10.16893254
   532    -9.12144422    -5.54032194    -3.91528521    -2.83623229     2.99632084     4.92841152     7.31115574     7.63733401     9.40282289     9.77508049     9.88369925     9.94073559    10.04384811    10.06343300    10.09349544    10.09510374    10.09710159    10.09765928    10.09783087    10.09800296    10.09808159    10.09814668    10.09818935    10.09828878    10.09839757    10.09851421    10.09864664    10.09945142    10.10050504    10.12864182    10.14244716    10.16793559
   533    -9.12309783    -5.54232653    -3.91922480    -2.82457110     2.97492023     4.92395135     7.33469746     7.66450115     9.39478956     9.77319002     9.88156243     9.93744445    10.04283939    10.06192672    10.09293834    10.09505757    10.09708403    10.09761556    10.09782147    10.09799490    10.09807690    10.09813582    10.09817645    10.09828146    10.09837994    10.09849916    10.09862802    10.09937643    10.10023136    10.12802027    10.14152792    10.16688949
   534    -9.12472994    -5.54431051    -3.92313343    -2.81294981     2.95379940     4.91960224     7.35825797     7.69158280     9.38665915     9.77131906     9.87946836     9.93402591    10.04157864    10.06080401    10.09230206    10.09503758    10.09706816    10.09757116    10.09781390    10.09798608    10.09807186    10.09812450    10.09816459    10.09827087    10.09836641    10.09848749    10.09860797    10.09929333    10.10004728    10.12737599    10.14058171    10.16579926
   535    -9.12633693    -5.54626949    -3.92700270    -2.80137490     2.93296985     4.91536677     7.38183329     7.71856051     9.37843646     9.76947942     9.87742157     9.93047026    10.04004075    10.06011617    10.09161897    10.09503199    10.09705353    10.09752849    10.09780774    10.09797685    10.09806590    10.09811263    10.09815470    10.09825857    10.09835761    10.09847750    10.09858743    10.09920917    10.09992791    10.12671373    10.13960246    10.16466956
   536    -9.12791525    -5.54819905    -3.93082422    -2.78985318     2.91244264     4.91124772     7.40541918     7.74541434     9.37012608     9.76768309     9.87542428     9.92676998    10.03825426    10.05986002    10.09091353    10.09503556    10.09703981    10.09748967    10.09780264    10.09796755    10.09805843    10.09810065    10.09814743    10.09824672    10.09835243    10.09846799    10.09856735    10.09913100    10.09984994    10.12603662    10.13858656    10.16350458
   537    -9.12946150    -5.55009478    -3.93458968    -2.77839186     2.89222848     4.90724807     7.42901115     7.77212276     9.36173248     9.76594200     9.87347620     9.92292075    10.03628882    10.05998916    10.09020470    10.09504608    10.09702683    10.09745628    10.09779830    10.09795842    10.09804913    10.09808954    10.09814283    10.09823675    10.09834954    10.09845810    10.09854847    10.09906236    10.09979692    10.12534637    10.13753290    10.16230799
   538    -9.13097239    -5.55195225    -3.93829090    -2.76699852     2.87233771     4.90337091     7.45260440     7.79866256     9.35326000     9.76426775     9.87157418     9.91892274    10.03423023    10.06043748    10.08950790    10.09506268    10.09701458    10.09742932    10.09779443    10.09794960    10.09803834    10.09808009    10.09814051    10.09822921    10.09834800    10.09844737    10.09853126    10.09900378    10.09975892    10.12464350    10.13644287    10.16108287
   539    -9.13244477    -5.55376710    -3.94191986    -2.75568112     2.85278035     4.89961942     7.47619373     7.82500880     9.34471297     9.76267135     9.86971156     9.91478214    10.03216082    10.06113731    10.08883646    10.09508505    10.09700321    10.09740921    10.09779072    10.09794104    10.09802714    10.09807244    10.09813994    10.09822415    10.09834725    10.09843574    10.09851579    10.09895445    10.09973028    10.12392755    10.13532019    10.15983172
   540    -9.13387567    -5.55553501    -3.94546877    -2.74444800     2.83356611     4.89599680     7.49977356     7.85113476     9.33609572     9.76116298     9.86787726     9.91051296    10.03015045    10.06202710    10.08820298    10.09511309    10.09699302    10.09739597    10.09778692    10.09793260    10.09801679    10.09806634    10.09814064    10.09822142    10.09834690    10.09842351    10.09850176    10.09891340    10.09970778    10.12319728    10.13417071    10.15855654
   541    -9.13526227    -5.55725174    -3.94893013    -2.73330789     2.81470444     4.89250627     7.52333784     7.87701189     9.32741275     9.75975179     9.86605431     9.90613907    10.02825444    10.06305214    10.08762050    10.09514678    10.09698437    10.09738927    10.09778275    10.09792407    10.09800827    10.09806154    10.09814223    10.09822090    10.09834666    10.09841128    10.09848876    10.09887987    10.09968963    10.12245092    10.13300209    10.15725887
   542    -9.13660197    -5.55891316    -3.95229676    -2.72226990     2.79620453     4.88915098     7.54688003     7.90260979     9.31866875     9.75844568     9.86421778     9.90169678    10.02651459    10.06416261    10.08710354    10.09518605    10.09697764    10.09738863    10.09777801    10.09791541    10.09800208    10.09805787    10.09814439    10.09822246    10.09834619    10.09839979    10.09847639    10.09885344    10.09967484    10.12168633    10.13182344    10.15593992
   543    -9.13789233    -5.56051527    -3.95556185    -2.71134348     2.77807536     4.88593400     7.57039302     7.92789620     9.30986874     9.75725117     9.86233192     9.89723775    10.02496093    10.06531105    10.08666894    10.09523081    10.09697314    10.09739342    10.09777251    10.09790679    10.09799825    10.09805517    10.09814684    10.09822597    10.09834510    10.09838980    10.09846449    10.09883403    10.09966293    10.12090136    10.13064490    10.15460065
   544    -9.13913114    -5.56205421    -3.95871900    -2.70053848     2.76032568     4.88285824     7.59386913     7.95283698     9.30101819     9.75617327     9.86034690     9.89283210    10.02361350    10.06645052    10.08633634    10.09528090    10.09697109    10.09740297    10.09776617    10.09789858    10.09799646    10.09805328    10.09814928    10.09823119    10.09834303    10.09838205    10.09845318    10.09882189    10.09965379    10.12009407    10.12947717    10.15324188
   545    -9.14031641    -5.56352632    -3.96176227    -2.68986505     2.74296407     4.87992645     7.61730001     7.97739617     9.29212315     9.75521540     9.85819619     9.88857062    10.02248395    10.06753394    10.08612779    10.09533611    10.09697161    10.09741652    10.09775898    10.09789118    10.09799625    10.09805210    10.09815142    10.09823765    10.09833992    10.09837683    10.09844287    10.09881760    10.09964762    10.11926323    10.12833091    10.15186434
   546    -9.14144635    -5.56492812    -3.96468618    -2.67933367     2.72599895     4.87714117     7.64067666     8.00153598     9.28319036     9.75437935     9.85579781     9.88456279    10.02157695    10.06851536    10.08606576    10.09539620    10.09697470    10.09743326    10.09775105    10.09788491    10.09799714    10.09805157    10.09815301    10.09824446    10.09833627    10.09837385    10.09843419    10.09882206    10.09964489    10.11840873    10.12721617    10.15046878
   547    -9.14251943    -5.56625638    -3.96748580    -2.66895512     2.70943856     4.87450468     7.66398935     8.02521686     9.27422745     9.75366524     9.85306456     9.88092591    10.02089143    10.06935374    10.08616893    10.09546090    10.09698027    10.09745232    10.09774259    10.09787994    10.09799871    10.09805170    10.09815387    10.09825047    10.09833258    10.09837256    10.09842778    10.09883638    10.09964648    10.11753208    10.12614177    10.14905595
   548    -9.14353431    -5.56750810    -3.97015670    -2.65874045     2.69329104     4.87201898     7.68722757     8.04839757     9.26524304     9.75307154     9.84992630     9.87776189    10.02042165    10.07001892    10.08644606    10.09552993    10.09698815    10.09747278    10.09773393    10.09787632    10.09800066    10.09805263    10.09815400    10.09825469    10.09832874    10.09837267    10.09842396    10.09886154    10.09965377    10.11663669    10.12511490    10.14762666
   549    -9.14448993    -5.56868057    -3.97269503    -2.64870095     2.67756438     4.86968578     7.71038006     8.07103532     9.25624695     9.75259517     9.84635700     9.87512940    10.02015810    10.07049743    10.08689025    10.09560301    10.09699812    10.09749373    10.09772545    10.09787396    10.09800284    10.09805446    10.09815353    10.09825678    10.09832422    10.09837396    10.09842248    10.09889777    10.09966888    10.11572806    10.12414083    10.14618176
   550    -9.14538542    -5.56977137    -3.97509753    -2.63884810     2.66226646     4.86750641     7.73343469     8.09308582     9.24725030     9.75223150     9.84238788     9.87302996    10.02008826    10.07079471    10.08747696    10.09567987    10.09700995    10.09751431    10.09771760    10.09787274    10.09800521    10.09805732    10.09815271    10.09825707    10.09831877    10.09837589    10.09842251    10.09894354    10.09969492    10.11481349    10.12322307    10.14472212
   551    -9.14622017    -5.57077839    -3.97736150    -2.62919357     2.64740505     4.86548187     7.75637849     8.11450349     9.23826569     9.75197452     9.83809566     9.87141893    10.02019711    10.07093228    10.08816756    10.09576020    10.09702338    10.09753381    10.09771080    10.09787252    10.09800789    10.09806122    10.09815186    10.09825607    10.09831267    10.09837775    10.09842301    10.09899497    10.09973590    10.11390162    10.12236360    10.14324861
   552    -9.14699380    -5.57169986    -3.97948485    -2.61974914     2.63298781     4.86361278     7.77919758     8.13524163     9.22930735     9.75181696     9.83357712     9.87023031    10.02046762    10.07094128    10.08891662    10.09584362    10.09703824    10.09755174    10.09770547    10.09787320    10.09801108    10.09806611    10.09815128    10.09825418    10.09830642    10.09837904    10.09842323    10.09904598    10.09979591    10.11300168    10.12156341    10.14176207
   553    -9.14770615    -5.57253434    -3.98146610    -2.61052670     2.61902230     4.86189933     7.80187713     8.15525267     9.22039121     9.75175047     9.82892760     9.86939764    10.02088097    10.07085619    10.08967955    10.09592961    10.09705444    10.09756790    10.09770195    10.09787472    10.09801494    10.09807188    10.09815122    10.09825161    10.09830044    10.09837941    10.09842280    10.09909006    10.09987687    10.11212257    10.12082289    10.14026327
   554    -9.14835729    -5.57328077    -3.98330436    -2.60153818     2.60551598     4.86034132     7.82440132     8.17448840     9.21153503     9.75176577     9.82423029     9.86886422    10.02141675    10.07071069    10.09041815    10.09601741    10.09707208    10.09758236    10.09770051    10.09787710    10.09801958    10.09807842    10.09815185    10.09824847    10.09829500    10.09837867    10.09842172    10.09912275    10.09997577    10.11127208    10.12014197    10.13875289
   555    -9.14894749    -5.57393844    -3.98499931    -2.59279548     2.59247620     4.85893813     7.84675329     8.19290035     9.20275846     9.75185288     9.81955372     9.86858516    10.02205309    10.07053595    10.09110372    10.09610590    10.09709150    10.09759548    10.09770129    10.09788038    10.09802502    10.09808560    10.09815324    10.09824482    10.09829020    10.09837667    10.09842013    10.09914271    10.10008363    10.11045600    10.11952000    10.13723149
   556    -9.14947725    -5.57450705    -3.98655126    -2.58431049     2.57991019     4.85768872     7.86891506     8.21044013     9.19408299     9.75200135     9.81495291     9.86852586    10.02276669    10.07036040    10.09171797    10.09619348    10.09711334    10.09760781    10.09770433    10.09788463    10.09803120    10.09809330    10.09815537    10.09824076    10.09828605    10.09837335    10.09841822    10.09915087    10.10018715    10.10967758    10.11895513    10.13569949
   557    -9.14994726    -5.57498666    -3.98796104    -2.57609498     2.56782507     4.85659160     7.89086745     8.22705990     9.18553198     9.75220049     9.81047155     9.86865944    10.02353294    10.07021022    10.09225244    10.09627808    10.09713856    10.09761996    10.09770961    10.09788990    10.09803804    10.09810133    10.09815817    10.09823644    10.09828243    10.09836875    10.09841609    10.09914893    10.10027188    10.10893708    10.11844341    10.13415720
   558    -9.15035839    -5.57537771    -3.98923004    -2.56816055     2.55622783     4.85564486     7.91258998     8.24271289     9.17713049     9.75243956     9.80614404     9.86896449    10.02432612    10.07010990    10.09270664    10.09635723    10.09716833    10.09763252    10.09771712    10.09789623    10.09804544    10.09810953    10.09816153    10.09823199    10.09827921    10.09836300    10.09841371    10.09913845    10.10032540    10.10823181    10.11797775    10.13260479
   559    -9.15071171    -5.57568103    -3.99036020    -2.56051863     2.54512532     4.85484620     7.93406074     8.25735396     9.16890515     9.75270807     9.80199707     9.86942321    10.02511973    10.07008257    10.09308563    10.09642842    10.09720384    10.09764594    10.09772687    10.09790361    10.09805335    10.09811768    10.09816526    10.09822760    10.09827624    10.09835630    10.09841101    10.09912058    10.10033975    10.10755668    10.11754701    10.13104236
   560    -9.15100844    -5.57589784    -3.99135392    -2.55318038     2.53452422     4.85419289     7.95525625     8.27094034     9.16088389     9.75299596     9.79805079     9.87002005    10.02588705    10.07014994    10.09339766    10.09648957    10.09724581    10.09766056    10.09773887    10.09791202    10.09806169    10.09812560    10.09816916    10.09822342    10.09827339    10.09834885    10.09840787    10.09909606    10.10031249    10.10690526    10.11713575    10.12946996
   561    -9.15124996    -5.57602972    -3.99221409    -2.54615666     2.52443107     4.85368180     7.97615123     8.28343234     9.15309562     9.75329381     9.79431970     9.87074079    10.02660197    10.07033187    10.09365220    10.09653958    10.09729413    10.09767666    10.09775313    10.09792144    10.09807041    10.09813313    10.09817299    10.09821962    10.09827055    10.09834088    10.09840415    10.09906533    10.10024645    10.10627109    10.11672463    10.12788763
   562    -9.15143779    -5.57607861    -3.99294405    -2.53945795     2.51485220     4.85330943     7.99671836     8.29479425     9.14556982     9.75359302     9.79081329     9.87157174    10.02724009    10.07064555    10.09385865    10.09657849    10.09734766    10.09769453    10.09776956    10.09793184    10.09807948    10.09814014    10.09817644    10.09821636    10.09826763    10.09833259    10.09839974    10.09902866    10.10014821    10.10564895    10.11629157    10.12629546
   563    -9.15157358    -5.57604681    -3.99354750    -2.53309435     2.50579374     4.85307193     8.01692796     8.30499524     9.13833614     9.75388591     9.78753658     9.87249932    10.02777989    10.07110445    10.09402566    10.09660729    10.09740445    10.09771452    10.09778799    10.09794320    10.09808883    10.09814657    10.09817919    10.09821380    10.09826456    10.09832414    10.09839456    10.09898627    10.10002623    10.10503566    10.11581343    10.12469360
   564    -9.15165907    -5.57593693    -3.99402855    -2.52707550     2.49726161     4.85296512     8.03674753     8.31401047     9.13142383     9.75416584     9.78449060     9.87350967    10.02820400    10.07171722    10.09416090    10.09662737    10.09746219    10.09773706    10.09780818    10.09795549    10.09809840    10.09815239    10.09818098    10.09821205    10.09826129    10.09831573    10.09838853    10.09893841    10.09988906    10.10443030    10.11526766    10.12308227
   565    -9.15169612    -5.57575191    -3.99439160    -2.52141052     2.48926148     4.85298450     8.05614125     8.32182222     9.12486125     9.75442720     9.78167288     9.87458844    10.02850014    10.07248682    10.09427107    10.09664004    10.09751872    10.09776255    10.09782984    10.09796871    10.09810810    10.09815760    10.09818176    10.09821104    10.09825776    10.09830751    10.09838160    10.09888549    10.09974422    10.10383400    10.11463390    10.12146165
   566    -9.15168666    -5.57549499    -3.99464134    -2.51610800     2.48179874     4.85312531     8.07506920     8.32842119     9.11867535     9.75466530     9.77907797     9.87572058    10.02866162    10.07341005    10.09436198    10.09664619    10.09757235    10.09779126    10.09785267    10.09798285    10.09811783    10.09816216    10.09818174    10.09821053    10.09825393    10.09829960    10.09837376    10.09882815    10.09959754    10.10324949    10.11389525    10.11983172
   567    -9.15163270    -5.57516964    -3.99478270    -2.51117592     2.47487853     4.85338253     8.09348638     8.33380801     9.11289114     9.75487624     9.77669804     9.87689034    10.02868733    10.07447767    10.09443867    10.09664622    10.09762218    10.09782303    10.09787639    10.09799792    10.09812749    10.09816600    10.09818132    10.09821019    10.09824978    10.09829210    10.09836501    10.09876735    10.09945300    10.10268048    10.11303933    10.11819183
   568    -9.15153626    -5.57477961    -3.99482080    -2.50662166     2.46850567     4.85375095     8.11134129     8.33799498     9.10753129     9.75505662     9.77452355     9.87808119    10.02858112    10.07567496    10.09450535    10.09664005    10.09766823    10.09785713    10.09790086    10.09801390    10.09813696    10.09816892    10.09818102    10.09820977    10.09824533    10.09828502    10.09835538    10.09870433    10.09931296    10.10213123    10.11205922    10.11654029
   569    -9.15139943    -5.57432883    -3.99476091    -2.50245191     2.46268464     4.85422515     8.12857402     8.34100825     9.10261576     9.75520303     9.77254410     9.87927589    10.02835089    10.07698271    10.09456523    10.09662739    10.09771123    10.09789212    10.09792616    10.09803073    10.09814609    10.09817063    10.09818139    10.09820920    10.09824068    10.09827832    10.09834493    10.09864057    10.09917851    10.10160603    10.11095429    10.11487384
   570    -9.15122431    -5.57382144    -3.99460841    -2.49867269     2.45741961     4.85479961     8.14511336     8.34289075     9.09816161     9.75531153     9.77074944     9.88045663    10.02800743    10.07837822    10.09462004    10.09660813    10.09775234    10.09792594    10.09795289    10.09804831    10.09815467    10.09817121    10.09818259    10.09820851    10.09823600    10.09827186    10.09833374    10.09857763    10.09904994    10.10110889    10.10973055    10.11318765
   571    -9.15101298    -5.57326173    -3.99436872    -2.49528928     2.45271436     4.85546867     8.16087272     8.34370617     9.09418290     9.75537683     9.76913057     9.88160512    10.02756339    10.07983620    10.09466903    10.09658303    10.09779269    10.09795640    10.09798204    10.09806641    10.09816213    10.09817147    10.09818433    10.09820783    10.09823152    10.09826551    10.09832190    10.09851700    10.09892723    10.10064323    10.10840038    10.11147623
   572    -9.15076754    -5.57265410    -3.99404729    -2.49230623     2.44857229     4.85622662     8.17574398     8.34354485     9.09069073     9.75539139     9.76768106     9.88270284    10.02703234    10.08132921    10.09470711    10.09655500    10.09783313    10.09798304    10.09801319    10.09808467    10.09816620    10.09817398    10.09818638    10.09820731    10.09822751    10.09825913    10.09830954    10.09845991    10.09881041    10.10021162    10.10698165    10.10973551
   573    -9.15049003    -5.57200304    -3.99364953    -2.48972732     2.44499641     4.85706772     8.18958853     8.34253225     9.08769346     9.75534448     9.76639833     9.88373134    10.02642810    10.08282758    10.09472135    10.09653112    10.09787405    10.09800727    10.09804448    10.09810253    10.09816643    10.09817945    10.09818887    10.09820703    10.09822423    10.09825264    10.09829676    10.09840733    10.09869980    10.09981561    10.10549722    10.10796563
   574    -9.15018248    -5.57131310    -3.99318078    -2.48755557     2.44198933     4.85798624     8.20222446     8.34084130     9.08519696     9.75522170     9.76528448     9.88467249    10.02576424    10.08429813    10.09468548    10.09652504    10.09791516    10.09803029    10.09807460    10.09811915    10.09816656    10.09818495    10.09819212    10.09820704    10.09822183    10.09824605    10.09828368    10.09835992    10.09859611    10.09945563    10.10397679    10.10617375
   575    -9.14984685    -5.57058886    -3.99264627    -2.48579319     2.43955321     4.85897648     8.21340980     8.33870838     9.08320503     9.75500560     9.76434602     9.88550886    10.02505381    10.08570094    10.09455394    10.09655724    10.09795482    10.09805317    10.09810271    10.09813374    10.09816947    10.09818997    10.09819619    10.09820744    10.09822022    10.09823942    10.09827038    10.09831823    10.09850033    10.09913124    10.10246386    10.10437593
   576    -9.14948505    -5.56983488    -3.99205106    -2.48444164     2.43768977     4.86003284     8.22282576     8.33644955     9.08171973     9.75467846     9.76359134     9.88622414    10.02430917    10.08698124    10.09426207    10.09664683    10.09798859    10.09807843    10.09812763    10.09814828    10.09817732    10.09819509    10.09820064    10.09820839    10.09821912    10.09823288    10.09825689    10.09828270    10.09841356    10.09884169    10.10102923    10.10259827
   577    -9.14909888    -5.56905569    -3.99140003    -2.48350158     2.43640029     4.86114981     8.23007385     8.33446267     9.08074182     9.75422730     9.76302602     9.88680352    10.02354190    10.08804711    10.09375086    10.09678962    10.09801171    10.09811175    10.09815023    10.09816798    10.09818902    10.09820087    10.09820515    10.09821006    10.09821813    10.09822659    10.09824322    10.09825375    10.09833677    10.09858763    10.09978070    10.10088147
   578    -9.14869011    -5.56825573    -3.99069784    -2.48297289     2.43568561     4.86232205     8.23471749     8.33318528     9.08027103     9.75364891     9.76264802     9.88723409    10.02276282    10.08870332    10.09307172    10.09689335    10.09804716    10.09815688    10.09817794    10.09819132    10.09820210    10.09820758    10.09820988    10.09821243    10.09821692    10.09822069    10.09822936    10.09823145    10.09827060    10.09837454    10.09883050    10.09931644
   579    -9.14826037    -5.56743937    -3.98994887    -2.48285470     2.43554608     4.86354437     8.23639792     8.33297819     9.08030634     9.75295143     9.76244627     9.88750525    10.02198200    10.08855586    10.09255838    10.09654017    10.09821531    10.09821531    10.09821531    10.09821531    10.09821531    10.09821531    10.09821531    10.09821531    10.09821531    10.09821531    10.09821531    10.09821531    10.09821531    10.09821531    10.09821531    10.09821531
   580    -9.15016544    -5.56355502    -3.99674567    -2.47623098     2.44531195     4.90055820     8.21318127     8.30934995     9.07053927     9.75159645     9.75302004     9.88536339    10.02187156    10.08859315    10.09247882    10.09622528    10.09792588    10.09818400    10.09820151    10.09820355    10.09820692    10.09820826    10.09821253    10.09821522    10.09821662    10.09822129    10.09822616    10.09823160    10.09823652    10.09831057    10.09840966    10.09850437
   581    -9.15215782    -5.55968336    -4.00329439    -2.46956365     2.45512250     4.93757465     8.18997544     8.28559873     9.06087569     9.74024493     9.75311840     9.88343619    10.02176039    10.08860823    10.09230104    10.09586466    10.09767795    10.09815880    10.09818818    10.09819230    10.09819918    10.09820159    10.09820987    10.09821523    10.09821918    10.09822758    10.09823721    10.09824839    10.09825982    10.09841237    10.09864800    10.09881714
   582    -9.15423880    -5.55582574    -4.00959215    -2.46285312     2.46497781     4.97458170     8.16678471     8.26173074     9.05132490     9.72842312     9.75324170     9.88169275    10.02164774    10.08860488    10.09202470    10.09548794    10.09745916    10.09813699    10.09817528    10.09818135    10.09819205    10.09819511    10.09820733    10.09821533    10.09822267    10.09823414    10.09824842    10.09826561    10.09828447    10.09851505    10.09892293    10.09914856
   583    -9.15640961    -5.55198342    -4.01563618    -2.45609980     2.47487798     5.01156690     8.14361318     8.23775224     9.04189646     9.71615859     9.75338518     9.88010622    10.02153298    10.08858659    10.09165429    10.09511080    10.09726100    10.09811723    10.09816277    10.09817058    10.09818545    10.09818877    10.09820486    10.09821549    10.09822682    10.09824095    10.09825975    10.09828321    10.09830997    10.09861551    10.09922789    10.09949383
   584    -9.15867145    -5.54815756    -4.02142391    -2.44930413     2.48482309     5.04851737     8.12046485     8.21366950     9.03260010     9.70347525     9.75354414     9.87865359    10.02141549    10.08855649    10.09119886    10.09473769    10.09707834    10.09809885    10.09815064    10.09815991    10.09817932    10.09818251    10.09820247    10.09821571    10.09823141    10.09824796    10.09827118    10.09830116    10.09833595    10.09871188    10.09955759    10.09984852
   585    -9.16102543    -5.54434918    -4.02695288    -2.44246654     2.49481320     5.08541972     8.09734358     8.18948881     9.02344582     9.69039375     9.75371393     9.87731530    10.02129478    10.08851728    10.09067015    10.09436616    10.09690806    10.09808146    10.09813884    10.09814930    10.09817361    10.09817633    10.09820013    10.09821596    10.09823629    10.09825515    10.09828272    10.09831940    10.09836213    10.09880307    10.09990776    10.10020866
   586    -9.16347263    -5.54055916    -4.03222085    -2.43558745     2.50484839     5.12226011     8.07425309     8.16521646     9.01444388     9.67693191     9.75388998     9.87607482    10.02117038    10.08847126    10.09008020    10.09399090    10.09674812    10.09806484    10.09812733    10.09813874    10.09816826    10.09817021    10.09819783    10.09821625    10.09824130    10.09826248    10.09829437    10.09833790    10.09838828    10.09888841    10.10027501    10.10057069
   587    -9.16601406    -5.53678826    -4.03722571    -2.42866733     2.51492872     5.15902418     8.05119698     8.14085876     9.00560479     9.66310520     9.75406778     9.87491818    10.02104189    10.08842033    10.08943968    10.09360631    10.09659704    10.09804885    10.09811610    10.09812821    10.09816322    10.09816417    10.09819557    10.09821656    10.09824634    10.09826992    10.09830611    10.09835664    10.09841420    10.09896761    10.10065662    10.10093149
   588    -9.16865068    -5.53303709    -4.04196555    -2.42170662     2.52505424     5.19569702     8.02817868     8.11642202     8.99693939     9.64892710     9.75424294     9.87383360    10.02090897    10.08836607    10.08875717    10.09320780    10.09645360    10.09803337    10.09810510    10.09811769    10.09815820    10.09815847    10.09819334    10.09821689    10.09825131    10.09827745    10.09831795    10.09837558    10.09843973    10.09904060    10.10105042    10.10128831
   589    -9.17138337    -5.52930609    -4.04643866    -2.41470578     2.53522501     5.23226321     8.00520151     8.09191253     8.98845879     9.63440951     9.75441113     9.87281108    10.02077133    10.08803924    10.08830974    10.09279204    10.09631677    10.09801834    10.09809432    10.09810718    10.09815229    10.09815396    10.09819113    10.09821722    10.09825612    10.09828502    10.09832988    10.09839469    10.09846473    10.09910750    10.10145465    10.10163875
   590    -9.17421298    -5.52559555    -4.05064349    -2.40766526     2.54544107     5.26870674     7.98226866     8.06733657     8.98017446     9.61956301     9.75456813     9.87184215    10.02062871    10.08729076    10.08825237    10.09235683    10.09618566    10.09800370    10.09808373    10.09809667    10.09814647    10.09814968    10.09818894    10.09821755    10.09826072    10.09829261    10.09834189    10.09841396    10.09848909    10.09916858    10.10186786    10.10198074
   591    -9.17714031    -5.52190559    -4.05457873    -2.40058555     2.55570246     5.30501104     7.95938317     8.04270041     8.97209820     9.60439711     9.75470982     9.87091958    10.02048088    10.08651533    10.08819473    10.09190089    10.09605953    10.09798938    10.09807332    10.09808616    10.09814071    10.09814560    10.09818677    10.09821788    10.09826506    10.09830019    10.09835396    10.09843336    10.09851271    10.09922418    10.10228883    10.10231246
   592    -9.18016607    -5.51823614    -4.05824323    -2.39346712     2.56600923     5.34115892     7.93654794     8.01801029     8.96424218     9.58892051     9.75483222     9.87003721    10.02032765    10.08571559    10.08813743    10.09142360    10.09593774    10.09797535    10.09806308    10.09807565    10.09813502    10.09814169    10.09818462    10.09821819    10.09826910    10.09830774    10.09836609    10.09845287    10.09853550    10.09927471    10.10263234    10.10271649
   593    -9.18329095    -5.51458698    -4.06163608    -2.38631045     2.57636138     5.37713261     7.91376575     7.99327242     8.95661893     9.57314121     9.75493144     9.86918975    10.02016882    10.08489352    10.08808092    10.09092486    10.09581978    10.09796157    10.09805300    10.09806513    10.09812939    10.09813794    10.09818248    10.09821850    10.09827283    10.09831522    10.09837826    10.09847245    10.09855742    10.09932061    10.10293904    10.10314989
   594    -9.18651557    -5.51095768    -4.06475657    -2.37911603     2.58675896     5.41291371     7.89103923     7.96849297     8.94924138     9.55706668     9.75500373     9.86837261    10.02000421    10.08405062    10.08802553    10.09040496    10.09570523    10.09794799    10.09804310    10.09805460    10.09812382    10.09813433    10.09818036    10.09821880    10.09827622    10.09832262    10.09839045    10.09849209    10.09857842    10.09936233    10.10323140    10.10358816
   595    -9.18984050    -5.50734762    -4.06760419    -2.37188435     2.59720198     5.44848318     7.86837089     7.94367808     8.94212285     9.54070400     9.75504550     9.86758186    10.01983363    10.08318807    10.08797144    10.08986449    10.09559377    10.09793457    10.09803338    10.09804405    10.09811830    10.09813082    10.09817826    10.09821907    10.09827927    10.09832990    10.09840265    10.09851176    10.09859848    10.09940034    10.10350842    10.10403046
   596    -9.19326625    -5.50375602    -4.07017866    -2.36461593     2.60769044     5.48382136     7.84576309     7.91883383     8.93527705     9.52405991     9.75505329     9.86681406    10.01965687    10.08230682    10.08791879    10.08930431    10.09548514    10.09792126    10.09802386    10.09803347    10.09811282    10.09812742    10.09817619    10.09821933    10.09828200    10.09833704    10.09841483    10.09853143    10.09861757    10.09943506    10.10376928    10.10447598
   597    -9.19679329    -5.50018186    -4.07247991    -2.35731126     2.61822435     5.51890794     7.82321809     7.89396626     8.92871814     9.50714089     9.75502379     9.86606622    10.01947369    10.08140771    10.08786759    10.08872550    10.09537915    10.09790805    10.09801457    10.09802286    10.09810739    10.09812409    10.09817414    10.09821958    10.09828439    10.09834402    10.09842698    10.09855107    10.09863572    10.09946689    10.10401329    10.10492393
   598    -9.20042203    -5.49662397    -4.07450810    -2.34997087     2.62880371     5.55372199     7.80073798     7.86908134     8.92246066     9.48995327     9.75495387     9.86533573    10.01928380    10.08049150    10.08781782    10.08812933    10.09527564    10.09789487    10.09800553    10.09801220    10.09810201    10.09812082    10.09817212    10.09821980    10.09828648    10.09835083    10.09843907    10.09857065    10.09865292    10.09949621    10.10423990    10.10537355
   599    -9.20415285    -5.49308097    -4.07626357    -2.34259528     2.63942851     5.58824192     7.77832476     7.84418497     8.91651958     9.47250324     9.75484057     9.86462029    10.01908688    10.07955896    10.08751724    10.08776939    10.09517451    10.09788172    10.09799678    10.09800149    10.09809667    10.09811759    10.09817014    10.09822001    10.09828827    10.09835743    10.09845109    10.09859013    10.09866921    10.09952335    10.10444867    10.10582404
   600    -9.20798607    -5.48955127    -4.07774691    -2.33518501     2.65009871     5.62244553     7.75598027     7.81928301     8.91091025     9.45479688     9.75468109     9.86391788    10.01888252    10.07861088    10.08689080    10.08772216    10.09507568    10.09786854    10.09798834    10.09799071    10.09809137    10.09811437    10.09816821    10.09822021    10.09828979    10.09836381    10.09846302    10.09860948    10.09868461    10.09954860    10.10463930    10.10627462
   601    -9.21192195    -5.48603312    -4.07895891    -2.32774061     2.66081429     5.65631000     7.73370626     7.79438120     8.90564846     9.43684026     9.75447285     9.86322672    10.01867026    10.07764817    10.08625171    10.08767596    10.09497910    10.09785534    10.09797984    10.09798025    10.09808614    10.09811116    10.09816633    10.09822039    10.09829105    10.09836995    10.09847484    10.09862865    10.09869917    10.09957221    10.10481157    10.10672452
   602    -9.21596074    -5.48252456    -4.07990056    -2.32026260     2.67157520     5.68981192     7.71150432     7.76948524     8.90075035     9.41863939     9.75421345     9.86254524    10.01844952    10.07667185    10.08560176    10.08763057    10.09488474    10.09784209    10.09796886    10.09797254    10.09808098    10.09810792    10.09816450    10.09822056    10.09829209    10.09837584    10.09848653    10.09864760    10.09871292    10.09959438    10.10496537    10.10717294
   603    -9.22010261    -5.47902346    -4.08057305    -2.31275154     2.68238139     5.72292730     7.68937597     7.74460073     8.89623242     9.40020028     9.75390070     9.86187203    10.01821966    10.07568310    10.08494280    10.08758576    10.09479257    10.09782879    10.09795775    10.09796522    10.09807591    10.09810464    10.09816274    10.09822071    10.09829290    10.09838146    10.09849807    10.09866628    10.09872592    10.09961530    10.10510069    10.10761910
   604    -9.22434770    -5.47552749    -4.08097780    -2.30520798     2.69323280     5.75563162     7.66732256     7.71973315     8.89211153     9.38152898     9.75353263     9.86120585    10.01797989    10.07468333    10.08427670    10.08754125    10.09470258    10.09781546    10.09794648    10.09795832    10.09807094    10.09810131    10.09816105    10.09822086    10.09829352    10.09838681    10.09850943    10.09868463    10.09873820    10.09963509    10.10521761    10.10806221
   605    -9.22869614    -5.47203418    -4.08111638    -2.29763248     2.70412933     5.78789988     7.64534537     7.69488793     8.88840482     9.36263154     9.75310747     9.86054561    10.01772935    10.07367415    10.08360538    10.08749677    10.09461479    10.09780210    10.09793502    10.09795186    10.09806610    10.09809790    10.09815944    10.09822101    10.09829395    10.09839186    10.09852061    10.09870261    10.09874982    10.09965387    10.10531629    10.10850148
   606    -9.23314797    -5.46854086    -4.08099057    -2.29002561     2.71507090     5.81970659     7.62344554     7.67007037     8.88512968     9.34351409     9.75262371     9.85989031    10.01746702    10.07265744    10.08293072    10.08745200    10.09452919    10.09778875    10.09792334    10.09794583    10.09806141    10.09809441    10.09815790    10.09822116    10.09829422    10.09839661    10.09853157    10.09872016    10.09876080    10.09967173    10.10539700    10.10893611
   607    -9.23770323    -5.46504471    -4.08060232    -2.28238793     2.72605740     5.85102591     7.60162412     7.64528565     8.88230372     9.32418278     9.75208004     9.85923909    10.01719176    10.07163537    10.08225457    10.08740664    10.09444579    10.09777544    10.09791138    10.09794024    10.09805690    10.09809082    10.09815646    10.09822131    10.09829432    10.09840105    10.09854230    10.09873721    10.09877121    10.09968872    10.10546005    10.10936534
   608    -9.24236191    -5.46154277    -4.07995377    -2.27472001     2.73708869     5.88183164     7.57988205     7.62053887     8.87994469     9.30464383     9.75147543     9.85859116    10.01690232    10.07061037    10.08157873    10.08736035    10.09436461    10.09776221    10.09789910    10.09793509    10.09805260    10.09808713    10.09815510    10.09822146    10.09829427    10.09840517    10.09855277    10.09875370    10.09878106    10.09970489    10.10550586    10.10978837
   609    -9.24712397    -5.45803192    -4.07904720    -2.26702245     2.74816463     5.91209733     7.55822016     7.59583499     8.87807044     9.28490353     9.75080905     9.85794584    10.01659731    10.06958519    10.08090493    10.08731280    10.09428566    10.09774911    10.09788644    10.09793037    10.09804853    10.09808333    10.09815383    10.09822163    10.09829408    10.09840898    10.09856296    10.09876957    10.09879039    10.09972026    10.10553490    10.11020445
   610    -9.25198933    -5.45450891    -4.07788504    -2.25929581     2.75928507     5.94179639     7.53663920     7.57117886     8.87669879     9.26496824     9.75008037     9.85730250    10.01627521    10.06856287    10.08023481    10.08726364    10.09420897    10.09773620    10.09787335    10.09792606    10.09804472    10.09807942    10.09815265    10.09822181    10.09829374    10.09841246    10.09857283    10.09878474    10.09879925    10.09973485    10.10554771    10.11061280
   611    -9.25695789    -5.45097038    -4.07646988    -2.25154070     2.77044981     5.97090211     7.51513981     7.54657518     8.87584749     9.24484438     9.74928909     9.85666059    10.01593441    10.06754673    10.07956992    10.08721252    10.09413455    10.09772352    10.09785976    10.09792214    10.09804120    10.09807541    10.09815155    10.09822201    10.09829326    10.09841561    10.09858237    10.09879915    10.09880764    10.09974867    10.10554491    10.11101268
   612    -9.26202952    -5.44741283    -4.07480443    -2.24375771     2.78165866     5.99938785     7.49372254     7.52202854     8.87553411     9.22453844     9.74843518     9.85601963    10.01557319    10.06654035    10.07891173    10.08715911    10.09406241    10.09771113    10.09784559    10.09791859    10.09803799    10.09807130    10.09815053    10.09822224    10.09829264    10.09841843    10.09859155    10.09881273    10.09881561    10.09976170    10.10552717    10.11140336
   613    -9.26720405    -5.44383268    -4.07289153    -2.23594743     2.79291138     6.02722710     7.47238787     7.49754339     8.87577593     9.20405699     9.74751886     9.85537918    10.01518977    10.06554755    10.07826158    10.08710305    10.09399259    10.09769908    10.09783077    10.09791540    10.09803513    10.09806711    10.09814959    10.09822250    10.09829188    10.09842093    10.09860033    10.09882317    10.09882541    10.09977395    10.10549520    10.11178411
   614    -9.27248129    -5.44022625    -4.07073412    -2.22811046     2.80420774     6.05439362     7.45113619     7.47312403     8.87658983     9.18340669     9.74654064     9.85473887    10.01478233    10.06457234    10.07762074    10.08704400    10.09392509    10.09768742    10.09781519    10.09791253    10.09803263    10.09806285    10.09814872    10.09822278    10.09829098    10.09842310    10.09860868    10.09883034    10.09883712    10.09978540    10.10544978    10.11215422
   615    -9.27786103    -5.43658977    -4.06833526    -2.22024742     2.81554746     6.08086156     7.42996779     7.44877462     8.87799214     9.16259423     9.74550128     9.85409835    10.01434906    10.06361885    10.07699037    10.08698161    10.09385993    10.09767620    10.09779878    10.09790996    10.09803052    10.09805854    10.09814792    10.09822310    10.09828994    10.09842496    10.09861658    10.09883715    10.09884780    10.09979604    10.10539173    10.11251300
   616    -9.28334303    -5.43291941    -4.06569808    -2.21235892     2.82693023     6.10660564     7.40888290     7.42449918     8.87999856     9.14162640     9.74440183     9.85345734    10.01388819    10.06269133    10.07637153    10.08691557    10.09379713    10.09766547    10.09778143    10.09790766    10.09802882    10.09805420    10.09814717    10.09822346    10.09828876    10.09842650    10.09862398    10.09884360    10.09885738    10.09980584    10.10532190    10.11285979
   617    -9.28892703    -5.42921128    -4.06282579    -2.20444555     2.83835575     6.13160126     7.38788170     7.40030154     8.88262397     9.12051004     9.74324359     9.85281557    10.01339807    10.06179400    10.07576520    10.08684555    10.09373671    10.09765527    10.09776303    10.09790560    10.09802754    10.09804986    10.09814647    10.09822386    10.09828744    10.09842773    10.09863086    10.09884971    10.09886582    10.09981479    10.10524118    10.11319394
   618    -9.29461274    -5.42546144    -4.05972168    -2.19650795     2.84982366     6.15582465     7.36696427     7.37618543     8.88588232     9.09925206     9.74202814     9.85217282    10.01287719    10.06093104    10.07517230    10.08677125    10.09367869    10.09764564    10.09774348    10.09790378    10.09802671    10.09804554    10.09814582    10.09822430    10.09828599    10.09842866    10.09863718    10.09885549    10.09887306    10.09982287    10.10515047    10.11351481
   619    -9.30039987    -5.42166593    -4.05638908    -2.18854672     2.86133358     6.17925307     7.34613064     7.35215437     8.88978645     9.07785943     9.74075734     9.85152892    10.01232430    10.06010648    10.07459364    10.08669238    10.09362306    10.09763661    10.09772268    10.09790215    10.09802632    10.09804126    10.09814520    10.09822479    10.09828441    10.09842929    10.09864292    10.09886096    10.09887905    10.09983006    10.10505072    10.11382179
   620    -9.30628808    -5.41782074    -4.05283137    -2.18056250     2.87288510     6.20186492     7.32538078     7.32821173     8.89434800     9.05633917     9.73943328     9.85088369    10.01173843    10.05932412    10.07403001    10.08660868    10.09356986    10.09762822    10.09770051    10.09790069    10.09802640    10.09803707    10.09814461    10.09822532    10.09828271    10.09842965    10.09864804    10.09886612    10.09888377    10.09983633    10.10494286    10.11411430
   621    -9.31227706    -5.41392187    -4.04905196    -2.17255590     2.88447779     6.22363995     7.30436074     7.30471462     8.89957718     9.03469836     9.73805835     9.85023701    10.01111896    10.05858748    10.07348211    10.08651989    10.09351909    10.09762047    10.09767687    10.09789940    10.09802694    10.09803297    10.09814405    10.09822590    10.09828088    10.09842974    10.09865251    10.09887098    10.09888718    10.09984169    10.10482783    10.11439178
   622    -9.31836643    -5.40996531    -4.04505429    -2.16452755     2.89611119     6.24455934     7.28060441     7.28413201     8.90548270     9.01294411     9.73663518     9.84958876    10.01046572    10.05789966    10.07295061    10.08642580    10.09347077    10.09761341    10.09765166    10.09789825    10.09802794    10.09802900    10.09814351    10.09822652    10.09827893    10.09842956    10.09865632    10.09887554    10.09888928    10.09984609    10.10470657    10.11465369
   623    -9.32455582    -5.40594707    -4.04084182    -2.15647807     2.90778478     6.26460594     7.25694563     7.26363277     8.91207159     8.99108360     9.73516664     9.84893887    10.00977898    10.05726336    10.07243613    10.08632623    10.09342490    10.09760704    10.09762479    10.09789724    10.09802518    10.09802940    10.09814298    10.09822718    10.09827688    10.09842914    10.09865944    10.09887981    10.09889006    10.09984954    10.10457999    10.11489951
   624    -9.33084486    -5.40186317    -4.03641798    -2.14840810     2.91949804     6.28376434     7.23338707     7.24321669     8.91934909     8.96912403     9.73365587     9.84828726    10.00905955    10.05668075    10.07193926    10.08622103    10.09338150    10.09759618    10.09760138    10.09789634    10.09802153    10.09803130    10.09814247    10.09822788    10.09827472    10.09842849    10.09866184    10.09888377    10.09888953    10.09985201    10.10444900    10.11512877
   625    -9.33723314    -5.39770965    -4.03178624    -2.14031826     2.93125040     6.30202104     7.20993126     7.22288350     8.92731852     8.94707263     9.73210624     9.84763391    10.00830874    10.05615350    10.07146057    10.08611007    10.09334058    10.09756576    10.09759643    10.09789556    10.09801807    10.09803364    10.09814197    10.09822862    10.09827248    10.09842761    10.09866353    10.09888743    10.09888771    10.09985349    10.10431446    10.11534101
   626    -9.34372025    -5.39348262    -4.02695002    -2.13220919     2.94304126     6.31936455     7.18658052     7.20263291     8.92493665     8.93598118     9.73052133     9.84697877    10.00752842    10.05568273    10.07100060    10.08599328    10.09330215    10.09753348    10.09759220    10.09789489    10.09801482    10.09803640    10.09814147    10.09822939    10.09827016    10.09842652    10.09866448    10.09888464    10.09889078    10.09985397    10.10417719    10.11553578
   627    -9.35030576    -5.38917820    -4.02191273    -2.12408151     2.95486998     6.33578550     7.16333701     7.18246458     8.90272340     8.94533624     9.72890496     9.84632185    10.00672099    10.05526899    10.07055989    10.08587064    10.09326621    10.09749931    10.09758870    10.09789433    10.09801180    10.09803955    10.09814098    10.09823019    10.09826778    10.09842524    10.09866470    10.09888037    10.09889381    10.09985343    10.10403796    10.11571269
   628    -9.35698924    -5.38479262    -4.01667775    -2.11593586     2.96673590     6.35127670     7.14020270     7.16237818     8.88044018     8.95538070     9.72726115     9.84566316    10.00588936    10.05491231    10.07013897    10.08574216    10.09323279    10.09746324    10.09758593    10.09789387    10.09800901    10.09804309    10.09814050    10.09823101    10.09826534    10.09842377    10.09866418    10.09887494    10.09889650    10.09985187    10.10389750    10.11587135
   629    -9.36377023    -5.38032211    -4.01124840    -2.10777287     2.97863831     6.36583324     7.11717939     7.14237331     8.85809428     8.96610935     9.72559410     9.84500271    10.00503688    10.05461222    10.06973838    10.08560792    10.09320189    10.09742529    10.09758387    10.09789351    10.09800646    10.09804697    10.09814002    10.09823186    10.09826286    10.09842213    10.09866294    10.09886843    10.09889885    10.09984928    10.10375645    10.11601144
   630    -9.37064827    -5.37576304    -4.00562798    -2.09959317     2.99057646     6.37945252     7.09426869     7.12244961     8.83569305     8.97751467     9.72390823     9.84434054    10.00416733    10.05436780    10.06935864    10.08546803    10.09317352    10.09738550    10.09758252    10.09789326    10.09800417    10.09805118    10.09813955    10.09823271    10.09826035    10.09842034    10.09866097    10.09886090    10.09890082    10.09984564    10.10361539    10.11613262
   631    -9.37762290    -5.37111181    -3.99981973    -2.09139739     3.00254956     6.39213423     7.07147203     7.10260664     8.81324380     8.98958689     9.72220810     9.84367670    10.00328487    10.05417768    10.06900031    10.08532267    10.09314768    10.09734394    10.09758188    10.09789313    10.09800212    10.09805570    10.09813909    10.09823358    10.09825783    10.09841839    10.09865829    10.09885245    10.09890241    10.09984096    10.10347486    10.11623461
   632    -9.38469362    -5.36636494    -3.99382683    -2.08318617     3.01455681     6.40388040     7.04879064     7.08284401     8.79075384     9.00231400     9.72049843     9.84301125    10.00239394    10.05404017    10.06866397    10.08517208    10.09312441    10.09730069    10.09758194    10.09789310    10.09800034    10.09806048    10.09813863    10.09823444    10.09825532    10.09841631    10.09865492    10.09884316    10.09890359    10.09983523    10.10333528    10.11631716
   633    -9.39185995    -5.36151902    -3.98765239    -2.07496015     3.02659735     6.41469535     7.02622562     7.06316127     8.76823049     9.01568173     9.71878408     9.84234427    10.00149921    10.05395326    10.06835020    10.08501653    10.09310370    10.09725588    10.09758267    10.09789319    10.09799882    10.09806551    10.09813819    10.09823531    10.09825283    10.09841409    10.09865088    10.09883310    10.09890435    10.09982844    10.10319703    10.11638005
   634    -9.39912139    -5.35657075    -3.98129946    -2.06671993     3.03867026     6.42458563     7.00377784     7.04355800     8.74568104     9.02967367     9.71707004     9.84167583    10.00060554    10.05391469    10.06805964    10.08485637    10.09308557    10.09720966    10.09758406    10.09789340    10.09799755    10.09807076    10.09813776    10.09823616    10.09825038    10.09841176    10.09864619    10.09882238    10.09890466    10.09982060    10.10306041    10.11642307
   635    -9.40647741    -5.35151693    -3.97477101    -2.05846617     3.05077463     6.43355998     6.98144802     7.02403377     8.72311275     9.04427131     9.71536140     9.84100603     9.99971793    10.05392198    10.06779293    10.08469200    10.09307003    10.09716219    10.09758610    10.09789373    10.09799655    10.09807618    10.09813735    10.09823699    10.09824798    10.09840932    10.09864088    10.09881107    10.09890451    10.09981170    10.10292564    10.11644608
   636    -9.41392749    -5.34635449    -3.96806994    -2.05019949     3.06290947     6.44162922     6.95923672     7.00458816     8.70053288     9.05945416     9.71366334     9.84033497     9.99884145    10.05397253    10.06755079    10.08452386    10.09305711    10.09711366    10.09758877    10.09789420    10.09799580    10.09808176    10.09813696    10.09823781    10.09824565    10.09840678    10.09863496    10.09879927    10.09890387    10.09980174    10.10279288    10.11644894
   637    -9.42147110    -5.34108043    -3.96119907    -2.04192051     3.07507378     6.44880615     6.93714432     6.98522073     8.67794863     9.07519982     9.71198111     9.83966275     9.99798118    10.05406359    10.06733394    10.08435245    10.09304681    10.09706428    10.09759205    10.09789479    10.09799530    10.09808746    10.09813659    10.09823859    10.09824342    10.09840413    10.09862849    10.09878704    10.09890272    10.09979073    10.10266224    10.11643157
   638    -9.42910769    -5.33569189    -3.95416113    -2.03362986     3.08726649     6.45510544     6.91517103     6.96593108     8.65536718     9.09148418     9.71032003     9.83898950     9.99714225    10.05419235    10.06714319    10.08417829    10.09303917    10.09701427    10.09759591    10.09789553    10.09799505    10.09809325    10.09813624    10.09823935    10.09824130    10.09840140    10.09862147    10.09877447    10.09890105    10.09977867    10.10253377    10.11639390
   639    -9.43683669    -5.33018614    -3.94695878    -2.02532817     3.09948651     6.46054346     6.89331693     6.94671879     8.63279566     9.10828146     9.70868544     9.83831534     9.99632974    10.05435591    10.06697937    10.08400197    10.09303419    10.09696384    10.09760033    10.09789640    10.09799505    10.09809909    10.09813592    10.09823931    10.09824006    10.09839858    10.09861395    10.09876162    10.09889884    10.09976556    10.10240746    10.11633591
   640    -9.44465754    -5.32456054    -3.93959459    -2.01701606     3.11173271     6.46513818     6.87158195     6.92758350     8.61024116     9.12556444     9.70708270     9.83764039     9.99554868    10.05455137    10.06684336    10.08382409    10.09303192    10.09691324    10.09760530    10.09789743    10.09799529    10.09810496    10.09813564    10.09823747    10.09824074    10.09839567    10.09860595    10.09874856    10.09889607    10.09975141    10.10228329    10.11625761
   641    -9.45256965    -5.31881260    -3.93207103    -2.00869416     3.12400393     6.46890901     6.84996587     6.90852481     8.58771071     9.14330457     9.70551719     9.83696479     9.99480406    10.05477582    10.06673609    10.08364528    10.09303236    10.09686269    10.09761077    10.09789861    10.09799577    10.09811080    10.09813539    10.09823581    10.09824136    10.09839268    10.09859752    10.09873533    10.09889274    10.09973623    10.10216119    10.11615904
   642    -9.46057243    -5.31293992    -3.92439051    -2.00036307     3.13629894     6.47187660     6.82846837     6.88954238     8.56521129     9.16147210     9.70399425     9.83628869     9.99410077    10.05502634    10.06665854    10.08346619    10.09303556    10.09681242    10.09761673    10.09789995    10.09799648    10.09811659    10.09813517    10.09823435    10.09824194    10.09838961    10.09858868    10.09872200    10.09888882    10.09972003    10.10204108    10.11604030
   643    -9.46866525    -5.30694026    -3.91655532    -1.99202344     3.14861649     6.47406274     6.80708900     6.87063588     8.54274980     9.18003630     9.70251921     9.83561223     9.99344366    10.05530006    10.06661169    10.08328751    10.09304154    10.09676265    10.09762315    10.09790146    10.09799742    10.09812229    10.09813500    10.09823311    10.09824246    10.09838647    10.09857947    10.09870859    10.09888432    10.09970282    10.10192284    10.11590149
   644    -9.47684749    -5.30081148    -3.90856770    -1.98367586     3.16095529     6.47549013     6.78582725     6.85180499     8.52033309     9.19896553     9.70109737     9.83493556     9.99283749    10.05559416    10.06659655    10.08310989    10.09305035    10.09671361    10.09762999    10.09790314    10.09799859    10.09812786    10.09813487    10.09823212    10.09824292    10.09838325    10.09856992    10.09869516    10.09887921    10.09968461    10.10180636    10.11574279
   645    -9.48511852    -5.29455157    -3.90042977    -1.97532096     3.17331402     6.47618226     6.76468252     6.83304945     8.49796794     9.21822744     9.69973396     9.83425884     9.99228691    10.05590591    10.06661412    10.08293401    10.09306201    10.09666548    10.09763724    10.09790501    10.09799997    10.09813324    10.09813479    10.09823140    10.09824332    10.09837996    10.09856006    10.09868172    10.09887350    10.09966541    10.10169153    10.11556437
   646    -9.49347766    -5.28815865    -3.89214358    -1.96695935     3.18569130     6.47616322     6.74365420     6.81436898     8.47566103     9.23778909     9.69843416     9.83358223     9.99179655    10.05623271    10.06666533    10.08276054    10.09307659    10.09661847    10.09764487    10.09790707    10.09800157    10.09813476    10.09813841    10.09823099    10.09824365    10.09837660    10.09854994    10.09866831    10.09886718    10.09964525    10.10157822    10.11536648
   647    -9.50192424    -5.28163095    -3.88371110    -1.95859164     3.19808573     6.47545753     6.72274168     6.79576338     8.45341899     9.25761703     9.69720311     9.83290589     9.99137094    10.05657211    10.06675105    10.08259013    10.09309412    10.09657276    10.09765283    10.09790932    10.09800337    10.09813478    10.09814332    10.09823091    10.09824392    10.09837316    10.09853958    10.09865496    10.09886025    10.09962414    10.10146634    10.11514938
   648    -9.51045756    -5.27496684    -3.87513421    -1.95021845     3.21049586     6.47408995     6.70194439     6.77723243     8.43124834     9.27767749     9.69604589     9.83222998     9.99101454    10.05692187    10.06687201    10.08242342    10.09311465    10.09652852    10.09766111    10.09791179    10.09800539    10.09813486    10.09814793    10.09823118    10.09824412    10.09836965    10.09852902    10.09864167    10.09885269    10.09960209    10.10135577    10.11491340
   649    -9.51907692    -5.26816479    -3.86641471    -1.94184038     3.22292021     6.47208535     6.68126191     6.75877598     8.40915553     9.29793638     9.69496753     9.83155469     9.99073177    10.05728001    10.06702877    10.08226101    10.09313825    10.09648592    10.09766967    10.09791447    10.09800760    10.09813500    10.09815220    10.09823182    10.09824425    10.09836606    10.09851829    10.09862847    10.09884452    10.09957913    10.10124644    10.11465888
   650    -9.52778156    -5.26122340    -3.85755434    -1.93345804     3.23535726     6.46946842     6.66069402     6.74039390     8.38714690     9.31835942     9.69397306     9.83088017     9.99052700    10.05764486    10.06722164    10.08210348    10.09316498    10.09644510    10.09767849    10.09791738    10.09801001    10.09813521    10.09815611    10.09823284    10.09824431    10.09836241    10.09850742    10.09861536    10.09883574    10.09955528    10.10113828    10.11438620
   651    -9.53657073    -5.25414138    -3.84855473    -1.92507204     3.24780545     6.46626349     6.64024087     6.72208608     8.36522870     9.33891218     9.69306755     9.83020660     9.99040455    10.05801512    10.06745067    10.08195138    10.09319490    10.09640622    10.09768753    10.09792053    10.09801261    10.09813547    10.09815965    10.09823424    10.09824430    10.09835868    10.09849645    10.09860237    10.09882634    10.09953056    10.10103122    10.11409582
   652    -9.54544366    -5.24691756    -3.83941746    -1.91668298     3.26026318     6.46249427     6.61990314     6.70385247     8.34340708     9.35956005     9.69225617     9.82953416     9.99036872    10.05838987    10.06771559    10.08180520    10.09322809    10.09636941    10.09769676    10.09792392    10.09801540    10.09813581    10.09816281    10.09823599    10.09824421    10.09835489    10.09848540    10.09858949    10.09881634    10.09950499    10.10092523    10.11378820
   653    -9.55439953    -5.23955088    -3.83014405    -1.90829147     3.27272882     6.45818340     6.59968237     6.68569303     8.32168808     9.38026822     9.69154429     9.82886303     9.99042377    10.05876863    10.06801579    10.08166539    10.09326463    10.09633481    10.09770617    10.09792756    10.09801837    10.09813622    10.09816561    10.09823807    10.09824405    10.09835102    10.09847432    10.09857675    10.09880573    10.09947860    10.10082029    10.11346387
   654    -9.56343751    -5.23204038    -3.82073593    -1.89989810     3.28520071     6.45335200     6.57958138     6.66760779     8.30007764     9.40100162     9.69093762     9.82819338     9.99057396    10.05915132    10.06835031    10.08153238    10.09330460    10.09630256    10.09771571    10.09793147    10.09802153    10.09813670    10.09816807    10.09824043    10.09824382    10.09834709    10.09846322    10.09856413    10.09879452    10.09945142    10.10071640    10.11312337
   655    -9.57255675    -5.22438523    -3.81119448    -1.89150347     3.29767715     6.44801881     6.55960504     6.64959677     8.27858158     9.42172470     9.69044245     9.82752539     9.99082356    10.05953831    10.06871789    10.08140652    10.09334810    10.09627279    10.09772537    10.09793564    10.09802486    10.09813726    10.09817024    10.09824302    10.09824351    10.09834309    10.09845213    10.09855166    10.09878272    10.09942346    10.10061358    10.11276732
   656    -9.58175637    -5.21658467    -3.80152102    -1.88310820     3.31015640     6.44219889     6.53976154     6.63166007     8.25720563     9.44240115     9.69006597     9.82685925     9.99117680    10.05993035    10.06911692    10.08128810    10.09339522    10.09624565    10.09773511    10.09794009    10.09802836    10.09813790    10.09817214    10.09824313    10.09824578    10.09833903    10.09844109    10.09853933    10.09877035    10.09939477    10.10051185    10.11239636
   657    -9.59103544    -5.20863805    -3.79171680    -1.87471287     3.32263669     6.43590132     6.52006462     6.61379779     8.23595537     9.46299343     9.68981679     9.82619512     9.99163796    10.06032853    10.06954561    10.08117740    10.09344606    10.09622128    10.09774493    10.09794482    10.09803202    10.09813862    10.09817383    10.09824267    10.09824865    10.09833491    10.09843012    10.09852715    10.09875741    10.09936535    10.10041128    10.11201118
   658    -9.60039303    -5.20054484    -3.78178304    -1.86631808     3.33511621     6.42912483     6.50053792     6.59601010     8.21483628     9.48346202     9.68970567     9.82553321     9.99221133    10.06073423    10.07000193    10.08107459    10.09350075    10.09619983    10.09775479    10.09794984    10.09803585    10.09813942    10.09817535    10.09824215    10.09825156    10.09833073    10.09841924    10.09851513    10.09874391    10.09933526    10.10031190    10.11161252
   659    -9.60982817    -5.19230456    -3.77172089    -1.85792444     3.34759312     6.42184916     6.48122359     6.57829719     8.19385371     9.50376415     9.68974681     9.82487367     9.99290125    10.06114908    10.07048376    10.08097982    10.09355938    10.09618146    10.09776469    10.09795513    10.09803984    10.09814031    10.09817674    10.09824155    10.09825447    10.09832650    10.09840848    10.09850326    10.09872988    10.09930450    10.10021381    10.11120115
   660    -9.61933984    -5.18391686    -3.76153147    -1.84953253     3.36006556     6.41401632     6.46220099     6.56065927     8.17301290     9.52385185     9.68995983     9.82421671     9.99371208    10.06157489    10.07098892    10.08089318    10.09362210    10.09616635    10.09777460    10.09796072    10.09804399    10.09814129    10.09817802    10.09824088    10.09825731    10.09832222    10.09839787    10.09849155    10.09871532    10.09927311    10.10011708    10.11077789
   661    -9.62892702    -5.17538144    -3.75121585    -1.84114296     3.37253162     6.40548805     6.44362921     6.54309661     8.15231895     9.54366848     9.69037319     9.82356248     9.99464825    10.06201360    10.07151521    10.08081468    10.09368902    10.09615468    10.09778451    10.09796658    10.09804828    10.09814235    10.09817923    10.09824015    10.09826005    10.09831790    10.09838742    10.09848000    10.09870025    10.09924113    10.10002180    10.11034360
   662    -9.63858863    -5.16669810    -3.74077507    -1.83275632     3.38498936     6.39595188     6.42584103     6.52560950     8.13177684     9.56314274     9.69103018     9.82291118     9.99571428    10.06246727    10.07206051    10.08074429    10.09376029    10.09614665    10.09779443    10.09797271    10.09805272    10.09814351    10.09818039    10.09823935    10.09826264    10.09831355    10.09837716    10.09846861    10.09868469    10.09920857    10.09992808    10.10989919
   663    -9.64832357    -5.15786671    -3.73021013    -1.82437320     3.39743682     6.38478390     6.40948010     6.50819828     8.11139142     9.58217767     9.69199992     9.82226299     9.99691475    10.06293804    10.07262276    10.08068193    10.09383603    10.09614247    10.09780433    10.09797912    10.09805731    10.09814476    10.09818153    10.09823849    10.09826504    10.09830917    10.09836710    10.09845739    10.09866867    10.09917548    10.09983600    10.10944560
   664    -9.65813069    -5.14888723    -3.71952199    -1.81599421     3.40987199     6.37123709     6.39531262     6.49086330     8.09116740     9.60062979     9.69339812     9.82161807     9.99825439    10.06342811    10.07320005    10.08062746    10.09391641    10.09614237    10.09781423    10.09798578    10.09806203    10.09814611    10.09818264    10.09823756    10.09826723    10.09830478    10.09835728    10.09844634    10.09865219    10.09914187    10.09974568    10.10898382
   665    -9.66800883    -5.13975966    -3.70871160    -1.80761994     3.42229285     6.35536543     6.38330324     6.47360496     8.07110938     9.61826903     9.69542719     9.82097661     9.99973802    10.06393975    10.07379060    10.08058070    10.09400155    10.09614658    10.09782412    10.09799268    10.09806689    10.09814755    10.09818375    10.09823658    10.09826917    10.09830037    10.09834769    10.09843545    10.09863530    10.09910777    10.09965722    10.10851486
   666    -9.67795676    -5.13048409    -3.69777990    -1.79925099     3.43469733     6.33804929     6.37258965     6.45642368     8.05122179     9.63470597     9.69844890     9.82033877    10.00137064    10.06447529    10.07439283    10.08054140    10.09409162    10.09615536    10.09783401    10.09799982    10.09807188    10.09814910    10.09818486    10.09823554    10.09827083    10.09829597    10.09833837    10.09842472    10.09861801    10.09907323    10.09957071    10.10803979
   667    -9.68797323    -5.12106065    -3.68672777    -1.79088796     3.44708334     6.32002634     6.36245171     6.43931991     8.03150896     9.64929705     9.70307912     9.81970474    10.00315745    10.06503713    10.07500534    10.08050928    10.09418677    10.09616899    10.09784391    10.09800716    10.09807699    10.09815074    10.09818598    10.09823445    10.09827219    10.09829158    10.09832933    10.09841417    10.09860035    10.09903825    10.09948626    10.10755969
   668    -9.69805697    -5.11148956    -3.67555613    -1.78253144     3.45944876     6.30167531     6.35252763     6.42229414     8.01197507     9.66119068     9.71014164     9.81907467    10.00510384    10.06562776    10.07562693    10.08048403    10.09428714    10.09618772    10.09785382    10.09801471    10.09808222    10.09815248    10.09818711    10.09823331    10.09827322    10.09828721    10.09832060    10.09840378    10.09858235    10.09900288    10.09940395    10.10707569
   669    -9.70820664    -5.10177105    -3.66426583    -1.77418203     3.47179143     6.28317500     6.34265505     6.40534686     7.99262417     9.66986396     9.72013144     9.81844875    10.00721547    10.06624972    10.07625665    10.08046529    10.09439289    10.09621185    10.09786377    10.09802243    10.09808757    10.09815432    10.09818824    10.09823212    10.09827389    10.09828288    10.09831220    10.09839355    10.09856404    10.09896714    10.09932386    10.10658894
   670    -9.71842087    -5.09190543    -3.65285777    -1.76584033     3.48410917     6.26461390     6.33276137     6.38847862     7.97346017     9.67572959     9.73260760     9.81782713    10.00949830    10.06690570    10.07689383    10.08045267    10.09450415    10.09624166    10.09787376    10.09803031    10.09809304    10.09815627    10.09818937    10.09823090    10.09827416    10.09827860    10.09830417    10.09838349    10.09854547    10.09893106    10.09924607    10.10610061
   671    -9.72869827    -5.08189305    -3.64133280    -1.75750695     3.49639977     6.24603906     6.32281493     6.37168996     7.95448684     9.67973493     9.74659427     9.81720997    10.01195859    10.06759841    10.07753809    10.08044575    10.09462108    10.09627745    10.09788383    10.09803834    10.09809861    10.09815832    10.09819050    10.09822964    10.09827395    10.09827437    10.09829659    10.09837358    10.09852667    10.09889466    10.09917065    10.10561190
   672    -9.73903739    -5.07173430    -3.62969180    -1.74918249     3.50866098     6.22747726     6.31280381     6.35498146     7.93570782     9.68266564     9.76127694     9.81659745    10.01460296    10.06833067    10.07818940    10.08044410    10.09474379    10.09631950    10.09789397    10.09804648    10.09810429    10.09816048    10.09819162    10.09822836    10.09827022    10.09827312    10.09828960    10.09836384    10.09850767    10.09885799    10.09909764    10.10512402
   673    -9.74943676    -5.06142960    -3.61793564    -1.74086756     3.52089053     6.20894465     6.30272624     6.33835371     7.91712663     9.68499335     9.77615471     9.81598971    10.01743840    10.06910527    10.07884819    10.08044728    10.09487240    10.09636810    10.09790422    10.09805474    10.09811007    10.09816274    10.09819272    10.09822705    10.09826615    10.09827135    10.09828351    10.09835424    10.09848854    10.09882105    10.09902709    10.10463819
   674    -9.75989485    -5.05097943    -3.60606520    -1.73256274     3.53308612     6.19045150     6.29258585     6.32180734     7.89874661     9.68697769     9.79093826     9.81538691    10.02047220    10.06992494    10.07951542    10.08045483    10.09500702    10.09642351    10.09791460    10.09806309    10.09811594    10.09816511    10.09819380    10.09822574    10.09826218    10.09826816    10.09827882    10.09834480    10.09846931    10.09878390    10.09895903    10.10415563
   675    -9.77041010    -5.04038427    -3.59408137    -1.72426867     3.54524541     6.17200463     6.28238925     6.30534296     7.88057102     9.68876228     9.80545391     9.81478920    10.02371194    10.07079218    10.08019279    10.08046629    10.09514773    10.09648599    10.09792512    10.09807151    10.09812191    10.09816759    10.09819483    10.09822444    10.09825831    10.09826357    10.09827551    10.09833549    10.09845004    10.09874655    10.09889347    10.10367759
   676    -9.78098093    -5.02964466    -3.58198505    -1.71598594     3.55736603     6.15360880     6.27214467     6.28896122     7.86260294     9.69042913     9.81419673     9.81958934    10.02716535    10.07170904    10.08048120    10.08088291    10.09529460    10.09655576    10.09793582    10.09808001    10.09812796    10.09817018    10.09819582    10.09822314    10.09825455    10.09825830    10.09827285    10.09832633    10.09843080    10.09870904    10.09883044    10.10320528
   677    -9.79160570    -5.01876113    -3.56977715    -1.70771517     3.56944560     6.13526746     6.26186120     6.27266278     7.84484535     9.69202664     9.81360965     9.83326581    10.03084006    10.07267675    10.08049912    10.08158970    10.09544767    10.09663303    10.09794670    10.09808857    10.09813409    10.09817287    10.09819674    10.09822187    10.09825091    10.09825296    10.09827027    10.09831731    10.09841164    10.09867140    10.09876991    10.10273995
   678    -9.80228274    -5.00773425    -3.55745862    -1.69945696     3.58148168     6.11698326     6.25154833     6.25644830     7.82730108     9.69358406     9.81302810     9.84642407    10.03474324    10.07369523    10.08051964    10.08231888    10.09560694    10.09671795    10.09795781    10.09809719    10.09814031    10.09817567    10.09819761    10.09822065    10.09824739    10.09824779    10.09826751    10.09830842    10.09839263    10.09863368    10.09871188    10.10228282
   679    -9.81301035    -4.99656461    -3.54503039    -1.69121194     3.59347182     6.09875831     6.24031844     6.24121564     7.80997282     9.69511927     9.81245221     9.85901711    10.03888115    10.07476231    10.08054234    10.08307863    10.09577241    10.09681067    10.09796916    10.09810586    10.09814660    10.09817858    10.09819840    10.09821949    10.09824292    10.09824399    10.09826448    10.09829965    10.09837387    10.09859590    10.09865632    10.10183513
   680    -9.82378678    -4.98525283    -3.53249346    -1.68298072     3.60541352     6.08059441     6.22427389     6.23087269     7.79286317     9.69664310     9.81188212     9.87100658    10.04325840    10.07587270    10.08056685    10.08388057    10.09594403    10.09691126    10.09798080    10.09811462    10.09815296    10.09818161    10.09819912    10.09821840    10.09823842    10.09824072    10.09826113    10.09829100    10.09835543    10.09855810    10.09860321    10.10139811
   681    -9.83461027    -4.97379950    -3.51984881    -1.67476392     3.61730427     6.06249314     6.20831533     6.22052883     7.77597456     9.69816190     9.81131796     9.88236111    10.04787710    10.07701677    10.08059283    10.08474097    10.09612174    10.09701976    10.09799278    10.09812346    10.09815940    10.09818474    10.09819981    10.09821741    10.09823431    10.09823757    10.09825743    10.09828247    10.09833740    10.09852035    10.09855249    10.10097306
   682    -9.84547901    -4.96220526    -3.50709749    -1.66656216     3.62914152     6.04445594     6.19244343     6.21019320     7.75930931     9.69967906     9.81075986     9.89305588    10.05273574    10.07817933    10.08061997    10.08568179    10.09630544    10.09713615    10.09800521    10.09813244    10.09816589    10.09818798    10.09820049    10.09821654    10.09823064    10.09823454    10.09825340    10.09827405    10.09831988    10.09848268    10.09850412    10.10056135
   683    -9.85639116    -4.95047073    -3.49424055    -1.65837607     3.64092267     6.02648420     6.17665888     6.19987464     7.74286962     9.70119600     9.81020793     9.90307279    10.05782789    10.07933932    10.08064801    10.08673108    10.09649505    10.09726035    10.09801825    10.09814162    10.09817245    10.09819134    10.09820123    10.09821580    10.09822739    10.09823162    10.09824903    10.09826574    10.09830299    10.09844514    10.09845804    10.10016448
   684    -9.86734485    -4.93859657    -3.48127906    -1.65020626     3.65264512     6.00857926     6.16096235     6.18958170     7.72665756     9.70271279     9.80966231     9.91240088    10.06314044    10.08047179    10.08067673    10.08792134    10.09669060    10.09739225    10.09803224    10.09815109    10.09817907    10.09819481    10.09820213    10.09821522    10.09822458    10.09822880    10.09824434    10.09825752    10.09828681    10.09840781    10.09841420    10.09978427
   685    -9.87833818    -4.92658340    -3.46821417    -1.64205337     3.66430620     5.99074247     6.14535451     6.17932261     7.71067509     9.70422862     9.80912309     9.92103689    10.06865053    10.08070593    10.08155379    10.08928506    10.09689241    10.09753164    10.09804785    10.09816101    10.09818575    10.09819840    10.09820333    10.09821481    10.09822217    10.09822609    10.09823935    10.09824941    10.09827144    10.09837074    10.09837252    10.09942307
   686    -9.88936924    -4.91443187    -3.45504701    -1.63391802     3.67590323     5.97297517     6.12983604     6.16910530     7.69492404     9.70574203     9.80859040     9.92898547    10.07431667    10.08073550    10.08257640    10.09084943    10.09710191    10.09767830    10.09806645    10.09817157    10.09819248    10.09820210    10.09820498    10.09821458    10.09822012    10.09822347    10.09823409    10.09824139    10.09825696    10.09833295    10.09833401    10.09908426
   687    -9.90043608    -4.90214262    -3.44177878    -1.62580085     3.68743350     5.95527870     6.11440757     6.15893736     7.67940614     9.70725117     9.80806433     9.93625905    10.08001781    10.08076533    10.08360083    10.09263653    10.09732446    10.09783192    10.09809097    10.09818305    10.09819927    10.09820592    10.09820722    10.09821455    10.09821839    10.09822093    10.09822862    10.09823346    10.09824341    10.09829541    10.09829771    10.09877315
   688    -9.91153672    -4.88971628    -3.42841069    -1.61770249     3.69889424     5.93765445     6.09906976     6.14882609     7.66412298     9.70875392     9.80754498     9.94287733    10.08079538    10.08391643    10.08635889    10.09468423    10.09758199    10.09799213    10.09812744    10.09819578    10.09820611    10.09820986    10.09821018    10.09821473    10.09821692    10.09821848    10.09822297    10.09822562    10.09823079    10.09825982    10.09826194    10.09849866
   689    -9.92266917    -4.87715348    -3.41494402    -1.60962357     3.71028267     5.92010381     6.08382323     6.13877850     7.64907607     9.71024802     9.80703246     9.94886630    10.08082563    10.08488468    10.09162882    10.09717141    10.09798260    10.09815854    10.09818736    10.09821011    10.09821300    10.09821390    10.09821392    10.09821513    10.09821568    10.09821609    10.09821723    10.09821787    10.09821904    10.09822613    10.09822684    10.09827527
   690    -9.93383142    -4.86445486    -3.40138004    -1.60156473     3.72159596     5.90262819     6.06866859     6.12880130     7.63426680     9.71173116     9.80652686     9.95425693    10.08085610    10.08561299    10.09530003    10.09812009    10.09819255    10.09819425    10.09820807    10.09821020    10.09821146    10.09821376    10.09821463    10.09821574    10.09821811    10.09821836    10.09821994    10.09822640    10.09828640    10.09833068    10.09904026    10.10093013
   691    -9.94502143    -4.85162101    -3.38772010    -1.59352660     3.73283126     5.88522903     6.05360644     6.11890093     7.61969644     9.71320098     9.80602825     9.95908380    10.08088687    10.08626361    10.09633654    10.09803514    10.09815930    10.09816412    10.09819774    10.09820262    10.09820571    10.09821149    10.09821376    10.09821658    10.09822243    10.09822347    10.09822694    10.09824497    10.09843264    10.09850805    10.10119527    10.10633918
   692    -9.95623718    -4.83865256    -3.37396557    -1.58550983     3.74398566     5.86790776     6.03863735     6.10908360     7.60536619     9.71465520     9.80553672     9.96338369    10.08091801    10.08686033    10.09646404    10.09799639    10.09812740    10.09813566    10.09818791    10.09819511    10.09820005    10.09820928    10.09821307    10.09821764    10.09822688    10.09822914    10.09823399    10.09826611    10.09861802    10.09869011    10.10375259    10.11232968
   693    -9.96747659    -4.82555010    -3.36011785    -1.57751505     3.75505623     5.85066584     6.02376187     6.09935524     7.59127712     9.71609156     9.80505236     9.96719425    10.08094964    10.08741299    10.09637840    10.09797735    10.09809731    10.09810881    10.09817847    10.09818769    10.09819450    10.09820711    10.09821258    10.09821890    10.09823147    10.09823524    10.09824109    10.09829010    10.09882898    10.09887628    10.10645028    10.11845049
   694    -9.97873760    -4.81231420    -3.34617839    -1.56954290     3.76604002     5.83350473     6.00898055     6.08972157     7.57743022     9.71750793     9.80457521     9.97055301    10.08098190    10.08792703    10.09622874    10.09796405    10.09806975    10.09808351    10.09816936    10.09818034    10.09818906    10.09820498    10.09821232    10.09822037    10.09823619    10.09824167    10.09824825    10.09831721    10.09905587    10.09906594    10.10924242    10.12456922
   695    -9.99001813    -4.79894545    -3.33214868    -1.56159403     3.77693400     5.81642589     5.99429387     6.08018809     7.56382639     9.71890225     9.80410537     9.97349650    10.08101494    10.08840561    10.09605999    10.09795064    10.09804566    10.09805968    10.09816058    10.09817308    10.09818371    10.09820289    10.09821233    10.09822204    10.09824106    10.09824834    10.09825548    10.09834778    10.09925848    10.09929335    10.11210568    10.13062581
   696   -10.00131611    -4.78544441    -3.31803023    -1.55366907     3.78773515     5.79943077     5.97970232     6.07076009     7.55046642     9.72027259     9.80364288     9.97605964    10.08104893    10.08885037    10.09588969    10.09793456    10.09802595    10.09803728    10.09815220    10.09816590    10.09817840    10.09820084    10.09821265    10.09822387    10.09824608    10.09825518    10.09826277    10.09838218    10.09945322    10.09953852    10.11501870    10.13658303
   697   -10.01262946    -4.77181161    -3.30382460    -1.54576867     3.79844040     5.78252080     5.96520634     6.06144269     7.53735104     9.72161714     9.80318780     9.97827532    10.08108403    10.08926196    10.09572593    10.09791505    10.09801073    10.09801623    10.09814438    10.09815880    10.09817312    10.09819882    10.09821334    10.09822587    10.09825124    10.09826214    10.09827013    10.09842086    10.09964952    10.09978976    10.11795973    10.14241414
   698   -10.02395608    -4.75804759    -3.28953338    -1.53789346     3.80904663     5.76569743     5.95080636     6.05224081     7.52448088     9.72293420     9.80274019     9.98017421    10.08112042    10.08964031    10.09557295    10.09789273    10.09799650    10.09799908    10.09813734    10.09815179    10.09816780    10.09819682    10.09821445    10.09822801    10.09825655    10.09826918    10.09827757    10.09846433    10.09984669    10.10004611    10.12090654    10.14809884
   699   -10.03529391    -4.74415286    -3.27515820    -1.53004410     3.81955070     5.74896205     5.93650277     6.04315922     7.51185649     9.72422218     9.80230008     9.98178461    10.08115827    10.08998489    10.09543315    10.09786868    10.09797803    10.09798961    10.09813136    10.09814486    10.09816245    10.09819486    10.09821604    10.09823027    10.09826200    10.09827629    10.09828509    10.09851312    10.10004406    10.10030694    10.12383662    10.15362136
   700   -10.04664086    -4.73012794    -3.26070073    -1.52222121     3.82994944     5.73231606     5.92229591     6.03420253     7.49947835     9.72547961     9.80186751     9.98313241    10.08119775    10.09029494    10.09530794    10.09784381    10.09796077    10.09798105    10.09812671    10.09813802    10.09815704    10.09819291    10.09821819    10.09823263    10.09826761    10.09828346    10.09829270    10.09856779    10.10024096    10.10057180    10.12672754    10.15896949
   701   -10.05799486    -4.71597330    -3.24616265    -1.51442544     3.84023965     5.71576080     5.90818612     6.02537519     7.48734685     9.72670514     9.80144253     9.98424121    10.08123902    10.09056972    10.09519804    10.09781873    10.09794469    10.09797242    10.09812360    10.09813127    10.09815163    10.09819099    10.09822097    10.09823508    10.09827336    10.09829067    10.09830041    10.09862887    10.10043672    10.10084036    10.12955729    10.16413379
   702   -10.06935387    -4.70168941    -3.23154570    -1.50665743     3.85041808     5.69929760     5.89417368     6.01668152     7.47546234     9.72789750     9.80102515     9.98513235    10.08128221    10.09080870    10.09510365    10.09779379    10.09792973    10.09796303    10.09812202    10.09812462    10.09814634    10.09818909    10.09822445    10.09823758    10.09827925    10.09829794    10.09830823    10.09869678    10.10063069    10.10111228    10.13230453    10.16910691
   703   -10.08071583    -4.68727675    -3.21685162    -1.49891781     3.86048148     5.68292775     5.88025885     6.00812573     7.46382507     9.72905554     9.80061541     9.98582509    10.08132747    10.09101188    10.09502440    10.09776918    10.09791587    10.09795244    10.09811806    10.09812159    10.09814151    10.09818721    10.09822872    10.09824013    10.09828527    10.09830530    10.09831617    10.09877180    10.10082223    10.10138724    10.13494899    10.17388312
   704   -10.09207871    -4.67273574    -3.20208220    -1.49120722     3.87042655     5.66665251     5.86644183     5.99971189     7.45243525     9.73017817     9.80021332     9.98633673    10.08137490    10.09117989    10.09495931    10.09774500    10.09790306    10.09794045    10.09811161    10.09812115    10.09813809    10.09818534    10.09823383    10.09824269    10.09829141    10.09831276    10.09832423    10.09885399    10.10101073    10.10166485    10.13747171    10.17845771
   705   -10.10344051    -4.65806682    -3.18723926    -1.48352628     3.88024998     5.65047307     5.85272281     5.99144396     7.44129301     9.73126440     9.79981888     9.98668277    10.08142457    10.09131415    10.09490687    10.09772131    10.09789129    10.09792699    10.09810526    10.09811888    10.09813756    10.09818349    10.09823983    10.09824526    10.09829766    10.09832039    10.09833242    10.09894316    10.10119560    10.10194467    10.13985531    10.18282656
   706   -10.11479924    -4.64327042    -3.17232463    -1.47587563     3.88994843     5.63439063     5.83910193     5.98332577     7.43039844     9.73231330     9.79943211     9.98687706    10.08147657    10.09141688    10.09486504    10.09769813    10.09788052    10.09791214    10.09809903    10.09811437    10.09813995    10.09818165    10.09824673    10.09824783    10.09830401    10.09832822    10.09834077    10.09903882    10.10137627    10.10222615    10.14208421    10.18698577
   707   -10.12615292    -4.62834692    -3.15734017    -1.46825590     3.89951855     5.61840628     5.82557929     5.97536107     7.41975157     9.73332399     9.79905301     9.98693195    10.08153092    10.09149094    10.09483143    10.09767545    10.09787072    10.09789599    10.09809291    10.09810858    10.09814391    10.09817982    10.09825036    10.09825445    10.09831045    10.09833636    10.09834926    10.09914024    10.10155221    10.10250866    10.14414483    10.19093125
   708   -10.13749962    -4.61329673    -3.14228777    -1.46066770     3.90895697     5.60252112     5.81215495     5.96755349     7.40935237     9.73429567     9.79868157     9.98685842    10.08158763    10.09153959    10.09480351    10.09765324    10.09786188    10.09787867    10.09808692    10.09810217    10.09814850    10.09817800    10.09825285    10.09826289    10.09831696    10.09834489    10.09835792    10.09924640    10.10172291    10.10279142    10.14602567    10.19465850
   709   -10.14883743    -4.59812022    -3.12716933    -1.45311165     3.91826030     5.58673618     5.79882894     5.95990658     7.39920077     9.73522756     9.79831777     9.98666624    10.08164669    10.09156627    10.09477884    10.09763147    10.09785397    10.09786032    10.09808106    10.09809540    10.09815323    10.09817618    10.09825530    10.09827182    10.09832352    10.09835393    10.09836675    10.09935617    10.10188793    10.10307356    10.14771745    10.19816236
   710   -10.16016446    -4.58281777    -3.11198677    -1.44558838     3.92742515     5.57105243     5.78560124     5.95242375     7.38929666     9.73611894     9.79796161     9.98636407    10.08170803    10.09157433    10.09475521    10.09761011    10.09784104    10.09784696    10.09807534    10.09808839    10.09815788    10.09817437    10.09825768    10.09828100    10.09833014    10.09836359    10.09837576    10.09946826    10.10204683    10.10335410    10.14921307    10.20143690
   711   -10.17147886    -4.56738974    -3.09674202    -1.43809848     3.93644813     5.55547082     5.77247179     5.94510836     7.37963988     9.73696909     9.79761306     9.98595956    10.08177157    10.09156685    10.09473080    10.09758912    10.09782095    10.09784085    10.09806977    10.09808122    10.09816230    10.09817257    10.09825998    10.09829015    10.09833678    10.09837400    10.09838495    10.09958137    10.10219922    10.10363195    10.15050764    10.20447530
   712   -10.18277881    -4.55183648    -3.08143704    -1.43064256     3.94532584     5.53999221     5.75944051     5.93796362     7.37023023     9.73777733     9.79727209     9.98545946    10.08183720    10.09154653    10.09470416    10.09756843    10.09780015    10.09783562    10.09806436    10.09807393    10.09816647    10.09817077    10.09826222    10.09829903    10.09834343    10.09838524    10.09839433    10.09969425    10.10234478    10.10390594    10.15159836    10.20726987
   713   -10.19406255    -4.53615833    -3.06607379    -1.42322122     3.95405491     5.52461746     5.74650726     5.93099269     7.36106749     9.73854298     9.79693867     9.98486973    10.08190477    10.09151567    10.09467422    10.09754799    10.09777876    10.09783124    10.09805912    10.09806654    10.09816896    10.09817035    10.09826436    10.09830742    10.09835009    10.09839734    10.09840389    10.09980572    10.10248319    10.10417482    10.15248444    10.20981208
   714   -10.20532832    -4.52035564    -3.05065424    -1.41583506     3.96263195     5.50934733     5.73367187     5.92419859     7.35215138     9.73926538     9.79661276     9.98419559    10.08197408    10.09147615    10.09464026    10.09752774    10.09775687    10.09782770    10.09805407    10.09805908    10.09816716    10.09817396    10.09826642    10.09831520    10.09835674    10.09841029    10.09841364    10.09991470    10.10261421    10.10443729    10.15316692    10.21209261
   715   -10.21657443    -4.50442874    -3.03518038    -1.40848466     3.97105361     5.49418257     5.72093413     5.91758424     7.34348162     9.73994384     9.79629432     9.98344163    10.08204493    10.09142949    10.09460178    10.09750761    10.09773459    10.09782497    10.09804921    10.09805158    10.09816535    10.09817732    10.09826839    10.09832230    10.09836337    10.09842359    10.09842399    10.10002028    10.10273764    10.10469203    10.15364855    10.21410147
   716   -10.22779922    -4.48837797    -3.01965417    -1.40117059     3.97931655     5.47912386     5.70829379     5.91115245     7.33505787     9.74057768     9.79598329     9.98261184    10.08211705    10.09137689    10.09455850    10.09748751    10.09771203    10.09782304    10.09804405    10.09804457    10.09816353    10.09818042    10.09827026    10.09832870    10.09836997    10.09843372    10.09843834    10.10012167    10.10285331    10.10493768    10.15393359    10.21582813
   717   -10.23900108    -4.47220363    -3.00407763    -1.39389345     3.98741749     5.46417183     5.69575056     5.90490593     7.32687981     9.74116619     9.79567962     9.98170971    10.08219017    10.09131927    10.09451025    10.09746736    10.09768931    10.09782188    10.09803652    10.09804016    10.09816171    10.09818329    10.09827203    10.09833443    10.09837653    10.09844405    10.09845321    10.10021822    10.10296112    10.10517287    10.15402760    10.21726168
   718   -10.25017844    -4.45590608    -2.98845272    -1.38665377     3.99535314     5.44932708     5.68330413     5.89884726     7.31894704     9.74170861     9.79538324     9.98073824    10.08226396    10.09125731    10.09445697    10.09744705    10.09766654    10.09782146    10.09802899    10.09803601    10.09815988    10.09818592    10.09827371    10.09833950    10.09838304    10.09845456    10.09846845    10.10030943    10.10306100    10.10539623    10.15393729    10.21839095
   719   -10.26132978    -4.43948563    -2.97278144    -1.37945214     4.00312031     5.43459013     5.67095413     5.89297888     7.31125920     9.74220416     9.79509411     9.97970006    10.08233808    10.09119150    10.09439862    10.09742647    10.09764385    10.09782175    10.09802148    10.09803214    10.09815804    10.09818831    10.09827529    10.09834395    10.09838950    10.09846527    10.09848395    10.10039488    10.10315295    10.10560640    10.15367032    10.21920472
   720   -10.27245361    -4.42294260    -2.95706578    -1.37228908     4.01071582     5.41996148     5.65870018     5.88730311     7.30381586     9.74265201     9.79481213     9.97859740    10.08241213    10.09112218    10.09433517    10.09740552    10.09762138    10.09782270    10.09801401    10.09802858    10.09815619    10.09819045    10.09827677    10.09834780    10.09839588    10.09847616    10.09849958    10.10047427    10.10323699    10.10580203    10.15323510    10.21969183
   721   -10.28354853    -4.40627734    -2.94130771    -1.36516515     4.01813659     5.40544158     5.64654184     5.88182213     7.29661661     9.74305124     9.79453725     9.97743221    10.08248572    10.09104953    10.09426659    10.09738406    10.09759924    10.09782428    10.09800659    10.09802536    10.09815432    10.09819233    10.09827817    10.09835106    10.09840220    10.09848724    10.09851525    10.10054739    10.10331322    10.10598177    10.15264069    10.21984139
   722   -10.29461315    -4.38949018    -2.92550920    -1.35808087     4.02537958     5.39103082     5.63447865     5.87653796     7.28966103     9.74340087     9.79426938     9.97620615    10.08255839    10.09097361    10.09419283    10.09736196    10.09757759    10.09782642    10.09799921    10.09802252    10.09815244    10.09819393    10.09827947    10.09835373    10.09840842    10.09849850    10.09853085    10.10061410    10.10338176    10.10614426    10.15189654    10.21964290
   723   -10.30564615    -4.37258146    -2.90967222    -1.35103677     4.03244184     5.37672955     5.62251013     5.87145247     7.28294865     9.74369982     9.79400842     9.97492066    10.08262970    10.09089438    10.09411375    10.09733910    10.09755652    10.09782907    10.09799190    10.09802011    10.09815055    10.09819522    10.09828069    10.09835580    10.09841456    10.09850994    10.09854633    10.10067430    10.10344280    10.10628815    10.15101243    10.21908645
   724   -10.31664626    -4.35555152    -2.89379871    -1.34403335     4.03932053     5.36253809     5.61063576     5.86656735     7.27647903     9.74394691     9.79375431     9.97357699    10.08269915    10.09081165    10.09402917    10.09731534    10.09753615    10.09783213    10.09798464    10.09801818    10.09814865    10.09819617    10.09828183    10.09835724    10.09842059    10.09852156    10.09856160    10.10072796    10.10349657    10.10641205    10.14999822    10.21816291
   725   -10.32761224    -4.33840073    -2.87789062    -1.33707112     4.04601288     5.34845669     5.59885498     5.86188412     7.27025171     9.74414081     9.79350694     9.97217625    10.08276624    10.09072513    10.09393883    10.09729057    10.09751657    10.09783553    10.09797745    10.09801677    10.09814674    10.09819672    10.09828288    10.09835803    10.09842651    10.09853336    10.09857660    10.10077508    10.10354333    10.10651453    10.14886382    10.21686409
   726   -10.33854294    -4.32112945    -2.86194986    -1.33015056     4.05251625     5.33448559     5.58716722     5.85740412     7.26426623     9.74428006     9.79326622     9.97071943    10.08283044    10.09063440    10.09384233    10.09726468    10.09749783    10.09783917    10.09797031    10.09801595    10.09814482    10.09819684    10.09828387    10.09835813    10.09843230    10.09854534    10.09859128    10.10081571    10.10358339    10.10659408    10.14761891    10.21518298
   727   -10.34943724    -4.30373806    -2.84597835    -1.32327216     4.05882809     5.32062496     5.57557186     5.85312847     7.25852211     9.74436303     9.79303204     9.96920743    10.08289123    10.09053885    10.09373916    10.09723756    10.09747996    10.09784294    10.09796322    10.09801576    10.09814290    10.09819644    10.09828479    10.09835748    10.09843797    10.09855747    10.09860559    10.10084989    10.10361711    10.10664909    10.14627292    10.21311402
   728   -10.36029406    -4.28622695    -2.82997797    -1.31643639     4.06494602     5.30687495     5.56406829     5.84905809     7.25301890     9.74438786     9.79280430     9.96764112    10.08294806    10.09043766    10.09362862    10.09720912    10.09746298    10.09784674    10.09795615    10.09801628    10.09814098    10.09819544    10.09828565    10.09835604    10.09844349    10.09856976    10.09861947    10.10087772    10.10364488    10.10667780    10.14483475    10.21065339
   729   -10.37111240    -4.26859653    -2.81395059    -1.30964369     4.07086775     5.29323565     5.55265585     5.84519367     7.24775611     9.74435248     9.79258291     9.96602138    10.08300038    10.09032975    10.09350982    10.09717923    10.09744685    10.09785044    10.09794910    10.09801754    10.09813906    10.09819371    10.09828645    10.09835374    10.09844886    10.09858218    10.09863289    10.10089928    10.10366712    10.10667819    10.14331266    10.20779937
   730   -10.38189129    -4.25084721    -2.79789805    -1.30289453     4.07659118     5.27970713     5.54133386     5.84153568     7.24273329     9.74425456     9.79236773     9.96434906    10.08304765    10.09021360    10.09338156    10.09714776    10.09743155    10.09785395    10.09794201    10.09801959    10.09813717    10.09819110    10.09828720    10.09835053    10.09845406    10.09859471    10.09864579    10.10091468    10.10368428    10.10664797    10.14171406    10.20455292
   731   -10.39262982    -4.23297943    -2.78182219    -1.29618932     4.08211434     5.26628942     5.53010163     5.83808433     7.23794997     9.74409143     9.79215867     9.96262509    10.08308933    10.09008713    10.09324233    10.09711452    10.09741702    10.09785716    10.09793484    10.09802242    10.09813531    10.09818740    10.09828791    10.09834636    10.09845909    10.09860733    10.09865815    10.10092404    10.10369685    10.10658438    10.14004527    10.20091822
   732   -10.40332713    -4.21499365    -2.76572479    -1.28952849     4.08743543     5.25298250     5.51895846     5.83483957     7.23340568     9.74386009     9.79195560     9.96085045    10.08312489    10.08994738    10.09309019    10.09707926    10.09740320    10.09786002    10.09792751    10.09802602    10.09813350    10.09818233    10.09828858    10.09834119    10.09846393    10.09861999    10.09866992    10.10092747    10.10370533    10.10648410    10.13831127    10.19690362
   733   -10.41398242    -4.19689035    -2.74960764    -1.28291244     4.09255282     5.23978633     5.50790360     5.83180109     7.22909998     9.74355711     9.79175841     9.95902623    10.08315383    10.08979002    10.09292267    10.09704162    10.09739001    10.09786246    10.09791989    10.09803034    10.09813176    10.09817549    10.09828922    10.09833504    10.09846857    10.09863266    10.09868107    10.10092510    10.10371023    10.10634296    10.13651539    10.19252282
   734   -10.42459491    -4.17867000    -2.73347249    -1.27634158     4.09746506     5.22670083     5.49693631     5.82896829     7.22503241     9.74317858     9.79156698     9.95715358    10.08317565    10.08960848    10.09273676    10.09700112    10.09737736    10.09786447    10.09791180    10.09803529    10.09813012    10.09816636    10.09828983    10.09832797    10.09847299    10.09864527    10.09869156    10.10091706    10.10371207    10.10615574    10.13465906    10.18779647
   735   -10.43516390    -4.16033315    -2.71732106    -1.26981628     4.10217091     5.21372589     5.48605584     5.82634028     7.22120254     9.74272004     9.79138119     9.95523380    10.08318989    10.08939248    10.09252891    10.09695704    10.09736517    10.09786605    10.09790296    10.09804074    10.09812864    10.09815427    10.09829041    10.09832011    10.09847720    10.09865776    10.09870135    10.10090344    10.10371139    10.10591575    10.13274149    10.18275444
   736   -10.44568873    -4.14188031    -2.70115505    -1.26333692     4.10666930     5.20086138     5.47526142     5.82391586     7.21760994     9.74217637     9.79120091     9.95326826    10.08319614    10.08912529    10.09229536    10.09690837    10.09735331    10.09786721    10.09789287    10.09804654    10.09812736    10.09813839    10.09829098    10.09831169    10.09848116    10.09867004    10.09871042    10.10088435    10.10370871    10.10561445    10.13075972    10.17743890
   737   -10.45616876    -4.12331205    -2.68497612    -1.25690384     4.11095938     5.18810713     5.46455226     5.82169351     7.21425417     9.74154174     9.79102602     9.95125847    10.08319401    10.08877879    10.09203314    10.09685364    10.09734161    10.09786799    10.09788069    10.09805248    10.09811787    10.09812637    10.09829153    10.09830302    10.09848488    10.09868203    10.09871873    10.10085985    10.10370454    10.10524119    10.12870926    10.17190826
   738   -10.46660343    -4.10462897    -2.66878592    -1.25051740     4.11504048     5.17546293     5.45392757     5.81967139     7.21113483     9.74080940     9.79085639     9.94920600    10.08318316    10.08830478    10.09174211    10.09679065    10.09732987    10.09786488    10.09786844    10.09805834    10.09809209    10.09812578    10.09829207    10.09829442    10.09848834    10.09869362    10.09872624    10.10082993    10.10369936    10.10478347    10.12658619    10.16624200
   739   -10.47699221    -4.08583167    -2.65258605    -1.24417791     4.11891218     5.16292857     5.44338657     5.81784732     7.20825151     9.73997164     9.79069190     9.94711249    10.08316330    10.08762097    10.09142809    10.09671613    10.09731775    10.09784262    10.09786860    10.09806139    10.09806387    10.09812571    10.09828615    10.09829259    10.09849154    10.09870469    10.09873292    10.10079447    10.10369365    10.10422892    10.12439230    10.16054507
   740   -10.48733460    -4.06692079    -2.63637811    -1.23788570     4.12257425     5.15050381     5.43292844     5.81621877     7.20560381     9.73901954     9.79053243     9.94497959    10.08313421    10.08659276    10.09110484    10.09662515    10.09730469    10.09780902    10.09786852    10.09802802    10.09806879    10.09812633    10.09827840    10.09829311    10.09849445    10.09871514    10.09873875    10.10075302    10.10357122    10.10368782    10.12214482    10.15494933
   741   -10.49763015    -4.04789700    -2.62016364    -1.23164107     4.12602669     5.13818840     5.42255238     5.81478284     7.20319137     9.73794281     9.79037784     9.94280893    10.08309570    10.08501813    10.09079073    10.09651063    10.09728976    10.09775767    10.09786825    10.09799642    10.09807288    10.09812778    10.09827122    10.09829361    10.09849707    10.09872484    10.09874367    10.10070431    10.10282287    10.10368226    10.11989005    10.14960631
   742   -10.50787845    -4.02876100    -2.60394416    -1.22544430     4.12926970     5.12598204     5.41225759     5.81353629     7.20101381     9.73672958     9.79022801     9.94060201    10.08263163    10.08304767    10.09050018    10.09636348    10.09727119    10.09768518    10.09786783    10.09797069    10.09807595    10.09813013    10.09826458    10.09829410    10.09849940    10.09873366    10.09874764    10.10064442    10.10203332    10.10367729    10.11771170    10.14466573
   743   -10.51807913    -4.00951350    -2.58772117    -1.21929566     4.13230372     5.11388444     5.40204326     5.81247548     7.19907076     9.73536609     9.79008281     9.93836013    10.07915227    10.08299007    10.09023818    10.09617531    10.09724571    10.09759734    10.09786730    10.09795167    10.09807798    10.09813334    10.09825837    10.09829457    10.09850142    10.09874149    10.09875063    10.10055698    10.10130065    10.10367317    10.11571549    10.14024155
   744   -10.52823183    -3.99015527    -2.57149614    -1.21319543     4.13512941     5.10189531     5.39190858     5.81159639     7.19736189     9.73383639     9.78994213     9.93608424    10.07438108    10.08292290    10.09000219    10.09594506    10.09720800    10.09751012    10.09786669    10.09793785    10.09807906    10.09813727    10.09825251    10.09829502    10.09850313    10.09874821    10.09875258    10.10035603    10.10079491    10.10367012    10.11398568    10.13638233
   745   -10.53833626    -3.97068708    -2.55527050    -1.20714383     4.13774764     5.09001432     5.38185273     5.81089464     7.19588686     9.73212202     9.78980584     9.93377478    10.06828259    10.08284627    10.08978670    10.09568477    10.09715354    10.09744123    10.09786604    10.09792752    10.09807935    10.09814170    10.09824688    10.09829544    10.09850452    10.09875342    10.09875372    10.09999022    10.10060693    10.10366825    10.11254814    10.13306721
   746   -10.54839212    -3.95110975    -2.53904566    -1.20114111     4.14015949     5.07824116     5.37187493     5.81036543     7.19464535     9.73020151     9.78967382     9.93143146    10.06097335    10.08276030    10.08958615    10.09541544    10.09708548    10.09739638    10.09786536    10.09791952    10.09807904    10.09814641    10.09824140    10.09829582    10.09850558    10.09875307    10.09875793    10.09966851    10.10051528    10.10366762    10.11137424    10.13022885
   747   -10.55839918    -3.93142412    -2.52282301    -1.19518749     4.14236625     5.06657550     5.36197436     5.81000355     7.19363704     9.72804998     9.78954596     9.92905293    10.05264565    10.08266523    10.08939598    10.09515580    10.09701271    10.09736922    10.09786469    10.09791309    10.09807829    10.09815121    10.09823600    10.09829616    10.09850631    10.09875146    10.09876078    10.09943466    10.10044059    10.10366821    10.11041082    10.12778401
   748   -10.56835720    -3.91163108    -2.50660389    -1.18928317     4.14436944     5.05501702     5.35215025     5.80980342     7.19286164     9.72563859     9.78942212     9.92663643    10.04350154    10.08256131    10.08921279    10.09491615    10.09694129    10.09735236    10.09786405    10.09790780    10.09807723    10.09815597    10.09823061    10.09829645    10.09850670    10.09874844    10.09876222    10.09926784    10.10036976    10.10366992    10.10960495    10.12565458
   749   -10.57826598    -3.89173153    -2.49038963    -1.18342833     4.14617073     5.04356541     5.34240179     5.80975902     7.19231887     9.72293396     9.78930221     9.92417714    10.03372395    10.08244890    10.08903408    10.09469939    10.09687306    10.09734140    10.09786344    10.09790338    10.09807596    10.09816058    10.09822519    10.09829667    10.09850675    10.09874389    10.09876223    10.09914692    10.10029963    10.10367258    10.10891404    10.12377622
   750   -10.58812534    -3.87172640    -2.47418155    -1.17762317     4.14777204     5.03222036     5.33272822     5.80986396     7.19200844     9.71989758     9.78918611     9.92166746    10.02347279    10.08232838    10.08885803    10.09450432    10.09680794    10.09733411    10.09786290    10.09789964    10.09807455    10.09816498    10.09821972    10.09829682    10.09850646    10.09873763    10.09876080    10.09905710    10.10022929    10.10367594    10.10830690    10.12209915
   751   -10.59793512    -3.85161668    -2.45798091    -1.17186784     4.14917542     5.02098156     5.32312876     5.81011140     7.19193008     9.71648525     9.78907372     9.91909589    10.01289123    10.08220020    10.08868336    10.09432804    10.09674527    10.09732933    10.09786243    10.09789647    10.09807306    10.09816913    10.09821416    10.09829688    10.09850581    10.09872945    10.09875794    10.09898883    10.10015856    10.10367968    10.10776163    10.12058579
   752   -10.60769518    -3.83140337    -2.44178896    -1.16616249     4.15038312     5.00984876     5.31360266     5.81049411     7.19208355     9.71264663     9.78896492     9.91644546    10.00211425    10.08206485    10.08850912    10.09416732    10.09668441    10.09732644    10.09786204    10.09789380    10.09807153    10.09817301    10.09820851    10.09829685    10.09850482    10.09871920    10.09875371    10.09893598    10.10008757    10.10368343    10.10726310    10.11920788
   753   -10.61740539    -3.81108751    -2.42560696    -1.16050726     4.15139754     4.99882167     5.30414917     5.81100446     7.19246860     9.70832488     9.78885963     9.91369154     9.99127669    10.08192288    10.08833461    10.09401909    10.09662491    10.09732507    10.09786176    10.09789158    10.09806999    10.09817659    10.09820275    10.09829671    10.09850348    10.09870678    10.09874815    10.09889447    10.10001655    10.10368677    10.10680090    10.11794395
   754   -10.62706564    -3.79067016    -2.40943609    -1.15490228     4.15222125     4.98790009     5.29476754     5.81163438     7.19308498     9.70345676     9.78875774     9.91079891     9.98052051    10.08177485    10.08815931    10.09388064    10.09656649    10.09732501    10.09786158    10.09788977    10.09806846    10.09817989    10.09819690    10.09829645    10.09850178    10.09869228    10.09874134    10.09886147    10.09994583    10.10368921    10.10636786    10.11677745
   755   -10.63667580    -3.77015244    -2.39327757    -1.14934766     4.15285692     4.97708379     5.28545705     5.81237542     7.19393246     9.69797318     9.78865916     9.90771812     9.97000082    10.08162139    10.08798278    10.09374967    10.09650908    10.09732610    10.09786152    10.09788836    10.09806698    10.09818290    10.09819096    10.09829607    10.09849973    10.09867598    10.09873338    10.09883479    10.09987576    10.10369025    10.10595902    10.11569534
   756   -10.64623580    -3.74953547    -2.37713255    -1.14384350     4.15330738     4.96637262     5.27621700     5.81321873     7.19501083     9.69180043     9.78856381     9.90438209     9.95989017    10.08146312    10.08780468    10.09362424    10.09645275    10.09732827    10.09786158    10.09788732    10.09806555    10.09818494    10.09818565    10.09829555    10.09849733    10.09865833    10.09872435    10.09881267    10.09980668    10.10368935    10.10557091    10.11468717
   757   -10.65574554    -3.72882042    -2.36100220    -1.13838989     4.15357556     4.95576644     5.26704667     5.81415503     7.19631985     9.68486237     9.78847161     9.90070581     9.95037822    10.08130071    10.08762467    10.09350274    10.09639771    10.09733145    10.09786179    10.09788665    10.09806420    10.09817885    10.09818813    10.09829490    10.09849457    10.09863982    10.09871436    10.09879371    10.09973892    10.10368593    10.10520106    10.11374442
   758   -10.66520492    -3.70800849    -2.34488765    -1.13298690     4.15366448     4.94526515     5.25794538     5.81517467     7.19785933     9.67708352     9.78838248     9.89659553     9.94166041    10.08113484    10.08744243    10.09338388    10.09634429    10.09733560    10.09786213    10.09788635    10.09806293    10.09817274    10.09819036    10.09829410    10.09849146    10.09862087    10.09870353    10.09877681    10.09967277    10.10367944    10.10484764    10.11286002
   759   -10.67461387    -3.68710091    -2.32879003    -1.12763460     4.15357724     4.93486873     5.24891247     5.81626760     7.19962904     9.66839311     9.78829634     9.89197570     9.93390771    10.08096619    10.08725761    10.09326663    10.09629286    10.09734067    10.09786263    10.09788641    10.09806177    10.09816661    10.09819236    10.09829316    10.09848800    10.09860180    10.09869195    10.09876120    10.09960850    10.10366928    10.10450924    10.11202809
   760   -10.68397229    -3.66609894    -2.31271046    -1.12233303     4.15331701     4.92457716     5.23994727     5.81742339     7.20162879     9.65872961     9.78821314     9.88683284     9.92721877    10.08079546    10.08706983    10.09315023    10.09624383    10.09734666    10.09786329    10.09788683    10.09806072    10.09816050    10.09819415    10.09829207    10.09848419    10.09858281    10.09867975    10.09874633    10.09954630    10.10365489    10.10418474    10.11124365
   761   -10.69328011    -3.64500388    -2.29665003    -1.11708224     4.15288703     4.91439052     5.23104914     5.81863124     7.20385835     9.64804527     9.78813281     9.88125025     9.92158099    10.08062335    10.08687869    10.09303414    10.09619764    10.09735352    10.09786411    10.09788762    10.09805979    10.09815445    10.09819574    10.09829084    10.09848003    10.09856406    10.09866703    10.09873185    10.09948633    10.10363569    10.10387312    10.11050250
   762   -10.70253721    -3.62381705    -2.28060983    -1.11188226     4.15229055     4.90430891     5.22221745     5.81987996     7.20631754     9.63630995     9.78805530     9.87539793     9.91687706    10.08045055    10.08668374    10.09291808    10.09615469    10.09736126    10.09786510    10.09788879    10.09805900    10.09814849    10.09819714    10.09828946    10.09847552    10.09854560    10.09865389    10.09871751    10.09942868    10.10357346    10.10361113    10.10980107
   763   -10.71174352    -3.60253979    -2.26459095    -1.10673311     4.15153085     4.89433251     5.21345159     5.82115801     7.20900613     9.62351334     9.78798057     9.86947990     9.91293562    10.08027773    10.08648452    10.09280191    10.09611532    10.09736985    10.09786627    10.09789033    10.09805835    10.09814266    10.09819838    10.09828794    10.09847068    10.09852750    10.09864044    10.09870317    10.09937341    10.10328491    10.10358069    10.10913637
   764   -10.72089891    -3.58117350    -2.24859447    -1.10163479     4.15061122     4.88446158     5.20475095     5.82245351     7.21192391     9.60966538     9.78790856     9.86367958     9.90958556    10.08010558    10.08628055    10.09268570    10.09607983    10.09737928    10.09786763    10.09789225    10.09805785    10.09813700    10.09819946    10.09828629    10.09846550    10.09850977    10.09862675    10.09868873    10.09932049    10.10300659    10.10354387    10.10850587
   765   -10.73000328    -3.55971958    -2.23262145    -1.09658731     4.14953495     4.87469640     5.19611496     5.82375423     7.21507067     9.59479482     9.78783925     9.85813225     9.90668514    10.07993473    10.08607134    10.09256961    10.09604843    10.09738954    10.09786918    10.09789456    10.09805752    10.09813154    10.09820040    10.09828451    10.09845999    10.09849244    10.09861293    10.09867415    10.09926988    10.10273767    10.10350019    10.10790742
   766   -10.73905649    -3.53817947    -2.21667297    -1.09159064     4.14830528     4.86503736     5.18754304     5.82504760     7.21844618     9.57894622     9.78777261     9.85292230     9.90412781    10.07976583    10.08585646    10.09245387    10.09602125    10.09740061    10.09787093    10.09789726    10.09805736    10.09812633    10.09820121    10.09828260    10.09845415    10.09847550    10.09859903    10.09865941    10.09922150    10.10247736    10.10344922    10.10733923
   767   -10.74805841    -3.51655463    -2.20075007    -1.08664478     4.14692545     4.85548491     5.17903464     5.82632076     7.22205022     9.56217612     9.78770861     9.84809238     9.90183689    10.07959947    10.08563551    10.09233874    10.09599834    10.09741249    10.09787288    10.09790036    10.09805738    10.09812139    10.09820190    10.09828059    10.09844800    10.09845897    10.09858513    10.09864450    10.09917524    10.10222491    10.10339057    10.10679981
   768   -10.75700889    -3.49484656    -2.18485384    -1.08174968     4.14539861     4.84603956     5.17058921     5.82756051     7.22588252     9.54454918     9.78764724     9.84365499     9.89975798    10.07943623    10.08540818    10.09222441    10.09597972    10.09742517    10.09787505    10.09790386    10.09805759    10.09811677    10.09820249    10.09827847    10.09844154    10.09844284    10.09857129    10.09862945    10.09913098    10.10197963    10.10332389    10.10628784
   769   -10.76590774    -3.47305677    -2.16898533    -1.07690532     4.14372788     4.83670192     5.16220623     5.82875339     7.22994286     9.52613450     9.78758849     9.83960277     9.89785226    10.07927664    10.08517426    10.09211098    10.09596533    10.09743864    10.09787744    10.09790776    10.09805801    10.09811250    10.09820298    10.09827626    10.09842712    10.09843478    10.09855756    10.09861428    10.09908856    10.10174096    10.10324887    10.10580223
   770   -10.77475480    -3.45118681    -2.15314560    -1.07211163     4.14191628     4.82747265     5.15388519     5.82988566     7.23423094     9.50700277     9.78753235     9.83591628     9.89609169    10.07912121    10.08493367    10.09199842    10.09595510    10.09745290    10.09788006    10.09791207    10.09805863    10.09810860    10.09820339    10.09827396    10.09841180    10.09842775    10.09854398    10.09859901    10.09904785    10.10150844    10.10316527    10.10534197
   771   -10.78354986    -3.42923823    -2.13733574    -1.06736856     4.13996676     4.81835249     5.14562558     5.83094331     7.23874649     9.48722411     9.78747884     9.83256954     9.89445554    10.07897039    10.08468645    10.09188649    10.09594895    10.09746794    10.09788291    10.09791680    10.09805947    10.09810510    10.09820372    10.09827160    10.09839688    10.09842045    10.09853058    10.09858370    10.09900870    10.10128179    10.10307287    10.10490610
   772   -10.79229270    -3.40721264    -2.12155680    -1.06267606     4.13788216     4.80934227     5.13742692     5.83191211     7.24348920     9.46686663     9.78742796     9.82953378     9.89292814    10.07882461    10.08443283    10.09177473    10.09594684    10.09748376    10.09788601    10.09792194    10.09806054    10.09810203    10.09820398    10.09826918    10.09838235    10.09841291    10.09851739    10.09856836    10.09897097    10.10106091    10.10297153    10.10449371
   773   -10.80098307    -3.38511164    -2.10580988    -1.05803404     4.13566521     4.80044289     5.12928874     5.83277759     7.24845875     9.44599560     9.78737972     9.82677981     9.89149731    10.07868423    10.08417315    10.09166246    10.09594874    10.09750037    10.09788936    10.09792749    10.09806185    10.09809940    10.09820419    10.09826672    10.09836824    10.09840515    10.09850443    10.09855304    10.09893452    10.10084588    10.10286118    10.10410383
   774   -10.80962073    -3.36293687    -2.09009605    -1.05344242     4.13331852     4.79165531     5.12121057     5.83352511     7.25365480     9.42467310     9.78733416     9.82427948     9.89015329    10.07854956    10.08390792    10.09154875    10.09595469    10.09751776    10.09789298    10.09793346    10.09806341    10.09809724    10.09820434    10.09826422    10.09835452    10.09839719    10.09849170    10.09853778    10.09889923    10.10063699    10.10274177    10.10373543
   775   -10.81820539    -3.34068997    -2.07441642    -1.04890112     4.13084461     4.78298058     5.11319195     5.83413984     7.25907696     9.40295784     9.78729129     9.82200647     9.88888804    10.07842086    10.08363777    10.09143248    10.09596480    10.09753595    10.09789687    10.09793986    10.09806523    10.09809555    10.09820445    10.09826171    10.09834123    10.09838907    10.09847920    10.09852261    10.09886499    10.10043471    10.10261336    10.10338742
   776   -10.82673676    -3.31837263    -2.05877209    -1.04441004     4.12824581     4.77441981     5.10523246     5.83460680     7.26472485     9.38090535     9.78725115     9.81993665     9.88769472    10.07829834    10.08336345    10.09131232    10.09597926    10.09755493    10.09790105    10.09794666    10.09806732    10.09809434    10.09820453    10.09825918    10.09832836    10.09838082    10.09846694    10.09850756    10.09883170    10.10023967    10.10247604    10.10305859
   777   -10.83521452    -3.29598654    -2.04316417    -1.03996908     4.12552434     4.76597418     5.09733166     5.83491090     7.27059803     9.35856817     9.78721378     9.81804822     9.88656737    10.07818212    10.08308580    10.09118682    10.09599837    10.09757472    10.09790554    10.09795389    10.09806969    10.09809364    10.09820458    10.09825666    10.09831593    10.09837247    10.09845490    10.09849267    10.09879926    10.10005260    10.10232999    10.10274767
   778   -10.84363833    -3.27353340    -2.02759380    -1.03557814     4.12268229     4.75764493     5.08948913     5.83503696     7.27669605     9.33599608     9.78717922     9.81632166     9.88550065    10.07807229    10.08280572    10.09105446    10.09602248    10.09759532    10.09791035    10.09796153    10.09807234    10.09809343    10.09820461    10.09825415    10.09830398    10.09836405    10.09844307    10.09847795    10.09876759    10.09987429    10.10217546    10.10245332
   779   -10.85200783    -3.25101494    -2.01206210    -1.03123710     4.11972158     4.74943336     5.08170446     5.83496972     7.28301841     9.31323645     9.78714753     9.81473958     9.88448964    10.07796882    10.08252415    10.09091372    10.09605203    10.09761674    10.09791550    10.09796957    10.09807530    10.09809374    10.09820462    10.09825166    10.09829252    10.09835559    10.09843143    10.09846344    10.09873663    10.09970548    10.10201278    10.10217418
   780   -10.86032264    -3.22843290    -1.99657024    -1.02694585     4.11664398     4.74134083     5.07397726     5.83469394     7.28956457     9.29033445     9.78711875     9.81328657     9.88352975    10.07787166    10.08224203    10.09076315    10.09608751    10.09763899    10.09792101    10.09797802    10.09807856    10.09809455    10.09820464    10.09824921    10.09828158    10.09834714    10.09841997    10.09844914    10.09870631    10.09954685    10.10184234    10.10190888
   781   -10.86858237    -3.20578905    -1.98111938    -1.02270425     4.11345111     4.73336875     5.06630713     5.83419434     7.29633397     9.26733331     9.78709295     9.81194897     9.88261665    10.07778065    10.08196027    10.09060147    10.09612942    10.09766206    10.09792691    10.09798687    10.09808214    10.09809588    10.09820465    10.09824681    10.09827122    10.09833873    10.09840867    10.09843507    10.09867660    10.09939893    10.10165609    10.10166463
   782   -10.87678658    -3.18308516    -1.96571071    -1.01851218     4.11014443     4.72551856     5.05869368     5.83345574     7.30332600     9.24427458     9.78707019     9.81071473     9.88174613    10.07769554    10.08167972    10.09042763    10.09617825    10.09768597    10.09793322    10.09799610    10.09808605    10.09809773    10.09820467    10.09824445    10.09826146    10.09833038    10.09839751    10.09842125    10.09864743    10.09926203    10.10141456    10.10148022
   783   -10.88493486    -3.16032300    -1.95034541    -1.01436951     4.10672526     4.71779176     5.05113654     5.83246304     7.31054000     9.22119825     9.78705053     9.80957316     9.88091416    10.07761601    10.08140114    10.09024087    10.09623446    10.09771070    10.09793998    10.09800571    10.09809029    10.09810009    10.09820471    10.09824216    10.09825234    10.09832212    10.09838648    10.09840767    10.09861879    10.09913628    10.10118311    10.10128977
   784   -10.89302673    -3.13750439    -1.93502470    -1.01027610     4.10319476     4.71018987     5.04363534     5.83120126     7.31797527     9.19814293     9.78703404     9.80851484     9.88011678    10.07754164    10.08112517    10.09004077    10.09629841    10.09773624    10.09794723    10.09801568    10.09809488    10.09810298    10.09820478    10.09823993    10.09824392    10.09831398    10.09837556    10.09839434    10.09859065    10.09902157    10.10096067    10.10109402
   785   -10.90106174    -3.11463112    -1.91974982    -1.00623181     4.09955391     4.70271441     5.03618972     5.82965563     7.32563105     9.17514601     9.78702080     9.80753141     9.87935011    10.07747191    10.08085228    10.08982729    10.09637036    10.09776258    10.09795502    10.09802601    10.09809982    10.09810640    10.09820488    10.09823624    10.09823777    10.09830599    10.09836475    10.09838127    10.09856298    10.09891761    10.10074631    10.10089381
   786   -10.90903939    -3.09170502    -1.90452200    -1.00223648     4.09580360     4.69536696     5.02879931     5.82781163     7.33350655     9.15224367     9.78701087     9.80661546     9.87861035    10.07740622    10.08058278    10.08960076    10.09645044    10.09778970    10.09796341    10.09803667    10.09810512    10.09811035    10.09820502    10.09822933    10.09823569    10.09829816    10.09835402    10.09836845    10.09853577    10.09882393    10.10053918    10.10069008
   787   -10.91695917    -3.06872793    -1.88934251    -0.99828997     4.09194451     4.68814906     5.02146377     5.82565500     7.34160090     9.12947102     9.78700433     9.80576041     9.87789379    10.07734384    10.08031673    10.08936190    10.09653867    10.09781755    10.09797245    10.09804765    10.09811078    10.09811483    10.09820520    10.09822322    10.09823368    10.09829052    10.09834337    10.09835588    10.09850901    10.09873993    10.10033858    10.10048386
   788   -10.92482058    -3.04570168    -1.87421262    -0.99439213     4.08797723     4.68106227     5.01418275     5.82317187     7.34991319     9.10686211     9.78700126     9.80496041     9.87719675    10.07728396    10.08005394    10.08911178    10.09663494    10.09784612    10.09798224    10.09805895    10.09811682    10.09811986    10.09820545    10.09821795    10.09823176    10.09828308    10.09833281    10.09834355    10.09848270    10.09866490    10.10014391    10.10027627
   789   -10.93262308    -3.02262813    -1.85913364    -0.99054279     4.08390218     4.67410815     5.00695590     5.82034873     7.35844245     9.08444997     9.78700172     9.80421025     9.87651565    10.07722564    10.07979395    10.08885186    10.09673900    10.09787535    10.09799286    10.09807055    10.09812323    10.09812543    10.09820576    10.09821353    10.09822992    10.09827586    10.09832231    10.09833146    10.09845682    10.09859810    10.09995467    10.10006852
   790   -10.94036613    -2.99950913    -1.84410688    -0.98674180     4.07971967     4.66728821     4.99978290     5.81717257     7.36718764     9.06226662     9.78700581     9.80350527     9.87584698    10.07716785    10.07953595    10.08858391    10.09685053    10.09790520    10.09800443    10.09808244    10.09813002    10.09813154    10.09820614    10.09820997    10.09822817    10.09826887    10.09831189    10.09831959    10.09843138    10.09853878    10.09977046    10.09986192
   791   -10.94804918    -2.97634654    -1.82913366    -0.98298899     4.07542989     4.66060395     4.99266339     5.81363088     7.37614766     9.04034308     9.78701359     9.80284130     9.87518730    10.07710945    10.07927880    10.08831006    10.09696912    10.09793562    10.09801710    10.09809461    10.09813719    10.09813821    10.09820661    10.09820726    10.09822650    10.09826212    10.09830154    10.09830794    10.09840638    10.09848619    10.09959098    10.09965784
   792   -10.95567168    -2.95314225    -1.81421533    -0.97928420     4.07103290     4.65405681     4.98559706     5.80971178     7.38532134     9.01870930     9.78702513     9.80221460     9.87453330    10.07704920    10.07902098    10.08803273    10.09709430    10.09796655    10.09803104    10.09810709    10.09814474    10.09814541    10.09820539    10.09820716    10.09822491    10.09825562    10.09829126    10.09829651    10.09838182    10.09843962    10.09941600    10.09945775
   793   -10.96323306    -2.92989813    -1.79935326    -0.97562725     4.06652867     4.64764819     4.97858357     5.80540399     7.39470744     8.99739420     9.78704052     9.80162181     9.87388175    10.07698576    10.07876058    10.08775467    10.09722555    10.09799794    10.09804646    10.09811987    10.09815268    10.09815313    10.09820435    10.09820782    10.09822340    10.09824939    10.09828105    10.09828529    10.09835770    10.09839840    10.09924534    10.09926313
   794   -10.97073275    -2.90661608    -1.78454882    -0.97201798     4.06191706     4.64137942     4.97162260     5.80069698     7.40430467     8.97642561     9.78705981     9.80105989     9.87322954    10.07691771    10.07849531    10.08747891    10.09736233    10.09802973    10.09806363    10.09813298    10.09816101    10.09816135    10.09820408    10.09820858    10.09822197    10.09824344    10.09827092    10.09827426    10.09833403    10.09836193    10.09907552    10.09907891
   795   -10.97817018    -2.88329798    -1.76980342    -0.96845620     4.05719785     4.63525177     4.96471383     5.79558100     7.41411163     8.95583021     9.78708308     9.80052610     9.87257366    10.07684357    10.07822248    10.08720870    10.09750409    10.09806188    10.09808288    10.09814645    10.09816971    10.09817004    10.09820457    10.09820946    10.09822062    10.09823777    10.09826088    10.09826342    10.09831085    10.09832963    10.09889647    10.09891665
   796   -10.98554478    -2.85994574    -1.75511845    -0.96494175     4.05237073     4.62926642     4.95785694     5.79004711     7.42412687     8.93563354     9.78711038     9.80001797     9.87191128    10.07676180    10.07793913    10.08694754    10.09765026    10.09809434    10.09810461    10.09816032    10.09817880    10.09817915    10.09820575    10.09821046    10.09821935    10.09823239    10.09825093    10.09825277    10.09828827    10.09830092    10.09872747    10.09875856
   797   -10.99285598    -2.83656126    -1.74049535    -0.96147445     4.04743533     4.62342444     4.95105161     5.78408731     7.43434886     8.91585987     9.78714177     9.79953324     9.87123968    10.07667082    10.07764203    10.08669900    10.09780030    10.09812705    10.09812934    10.09817462    10.09818826    10.09818864    10.09820759    10.09821159    10.09821815    10.09822731    10.09824107    10.09824231    10.09826653    10.09827511    10.09856996    10.09860466
   798   -11.00010321    -2.81314646    -1.72593556    -0.95805411     4.04239121     4.61772682     4.94429753     5.77769452     7.44477597     8.89653224     9.78717732     9.79906985     9.87055628    10.07656906    10.07732784    10.08646666    10.09795367    10.09815770    10.09815999    10.09818942    10.09819810    10.09819844    10.09821003    10.09821286    10.09821703    10.09822254    10.09823132    10.09823203    10.09824601    10.09825149    10.09842522    10.09845502
   799   -11.00728592    -2.78970325    -1.71144052    -0.95468055     4.03723788     4.61217444     4.93759439     5.77086271     7.45540651     8.87767235     9.78721705     9.79862594     9.86985869    10.07645496    10.07699325    10.08625395    10.09810986    10.09819050    10.09819312    10.09820476    10.09820830    10.09820849    10.09821303    10.09821427    10.09821597    10.09821809    10.09822167    10.09822193    10.09822703    10.09822940    10.09829438    10.09830971
   800   -11.01440355    -2.76623357    -1.69701171    -0.95135359     4.03197481     4.60676804     4.93094188     5.76358689     7.46623869     8.85930054     9.78726102     9.79819980     9.86914464    10.07632703    10.07663516    10.08606399    10.09816885    10.09817829    10.09820842    10.09820972    10.09821203    10.09821214    10.09821397    10.09821498    10.09821585    10.09821652    10.09821874    10.09821887    10.09822068    10.09822643    10.09822872    10.09826837
   801   -11.02145556    -2.74273935    -1.68265060    -0.94807304     4.02660144     4.60150824     4.92433970     5.75586319     7.47727064     8.84143571     9.78730925     9.79778983     9.86841206    10.07618388    10.07625081    10.08589944    10.09803255    10.09807745    10.09818835    10.09819405    10.09820233    10.09820274    10.09821017    10.09821406    10.09821759    10.09822047    10.09822913    10.09822979    10.09823723    10.09825989    10.09827359    10.09842874
   802   -11.02844140    -2.71922253    -1.66835868    -0.94483871     4.02111716     4.59639554     4.91778754     5.74768890     7.48850040     8.82409534     9.78736178     9.79739460     9.86765903    10.07583800    10.07602421    10.08576234    10.09790095    10.09799202    10.09816907    10.09817991    10.09819285    10.09819347    10.09820671    10.09821320    10.09821950    10.09822482    10.09823962    10.09824105    10.09825443    10.09829352    10.09832660    10.09859053
   803   -11.03536058    -2.69568505    -1.65413744    -0.94165041     4.01552137     4.59143027     4.91128511     5.73906247     7.49992592     8.80729539     9.78741861     9.79701277     9.86688381    10.07539510    10.07584691    10.08565405    10.09777418    10.09792167    10.09815054    10.09816713    10.09818362    10.09818434    10.09820360    10.09821241    10.09822159    10.09822953    10.09825014    10.09825265    10.09827232    10.09832732    10.09838949    10.09875333
   804   -11.04221257    -2.67212887    -1.63998841    -0.93850795     4.00981345     4.58661263     4.90483210     5.72998361     7.51154506     8.79105031     9.78747975     9.79664310     9.86608484    10.07492120    10.07565105    10.08557516    10.09765240    10.09786563    10.09813276    10.09815553    10.09817467    10.09817536    10.09820082    10.09821168    10.09822388    10.09823455    10.09826068    10.09826457    10.09829089    10.09836132    10.09846429    10.09891677
   805   -11.04899690    -2.64855597    -1.62591308    -0.93541113     4.00399279     4.58194267     4.89842823     5.72045322     7.52335557     8.77537297     9.78754521     9.79628443     9.86526073    10.07441601    10.07543590    10.08552555    10.09753576    10.09782269    10.09811571    10.09814494    10.09816606    10.09816654    10.09819839    10.09821101    10.09822636    10.09823984    10.09827120    10.09827681    10.09831014    10.09839557    10.09855323    10.09908048
   806   -11.05571311    -2.62496831    -1.61191300    -0.93235976     3.99805878     4.57742028     4.89207321     5.71047349     7.53535512     8.76027471     9.78761496     9.79593571     9.86441026    10.07387987    10.07520096    10.08550444    10.09742442    10.09779127    10.09809941    10.09813515    10.09815785    10.09815788    10.09819629    10.09821040    10.09822906    10.09824534    10.09828167    10.09828934    10.09833006    10.09843013    10.09865869    10.09924416
   807   -11.06236074    -2.60136789    -1.59798967    -0.92935365     3.99201080     4.57304517     4.88576676     5.70004784     7.54754129     8.74576524     9.78768899     9.79559593     9.86353239    10.07331365    10.07494598    10.08551050    10.09731853    10.09776958    10.09808387    10.09812599    10.09814938    10.09815012    10.09819453    10.09820985    10.09823198    10.09825102    10.09829208    10.09830217    10.09835062    10.09846508    10.09878300    10.09940753
   808   -11.06893937    -2.57775670    -1.58414465    -0.92639258     3.98584829     4.56881692     4.87950859     5.68918096     7.55991154     8.73185271     9.78776726     9.79526416     9.86262625    10.07271862    10.07467094    10.08554194    10.09721825    10.09775572    10.09806912    10.09811725    10.09814107    10.09814295    10.09819309    10.09820938    10.09823513    10.09825683    10.09830242    10.09831527    10.09837178    10.09850050    10.09892833    10.09957033
   809   -11.07544862    -2.55413676    -1.57037946    -0.92347637     3.97957069     4.56473492     4.87329843     5.67787877     7.57246323     8.71854366     9.78784972     9.79493953     9.86169113    10.07209637    10.07437605    10.08559663    10.09712374    10.09774789    10.09805516    10.09810878    10.09813293    10.09813641    10.09819196    10.09820897    10.09823851    10.09826273    10.09831269    10.09832863    10.09839346    10.09853652    10.09909652    10.09973235
   810   -11.08188811    -2.53051009    -1.55669566    -0.92060480     3.97317747     4.56079841     4.86713602     5.66614844     7.58519365     8.70584309     9.78793632     9.79462122     9.86072649    10.07144872    10.07406175    10.08567221    10.09703516    10.09774448    10.09804201    10.09810044    10.09812498    10.09813053    10.09819111    10.09820864    10.09824215    10.09826866    10.09832289    10.09834223    10.09841561    10.09857326    10.09928900    10.09989340
   811   -11.08825750    -2.50687875    -1.54309477    -0.91777768     3.96666815     4.55700647     4.86102110     5.65399831     7.59809994     8.69375442     9.78802697     9.79430847     9.85973195    10.07077764    10.07372867    10.08576618    10.09695266    10.09774415    10.09802970    10.09809215    10.09811722    10.09812534    10.09819054    10.09820839    10.09824605    10.09827458    10.09833302    10.09835605    10.09843812    10.09861087    10.09950670    10.10005336
   812   -11.09455649    -2.48324479    -1.52957835    -0.91499478     3.96004226     4.55335800     4.85495340     5.64143789     7.61117918     8.68227955     9.78812161     9.79400056     9.85870729    10.07008519    10.07337764    10.08587593    10.09687637    10.09774581    10.09801824    10.09808386    10.09810965    10.09812079    10.09819020    10.09820823    10.09825021    10.09828044    10.09834309    10.09837009    10.09846092    10.09864948    10.09975007    10.10021212
   813   -11.10078478    -2.45961030    -1.51614793    -0.91225591     3.95329940     4.54985176     4.84893268     5.62847782     7.62442831     8.67141890     9.78822011     9.79369680     9.85765243    10.06937349    10.07300962    10.08599885    10.09680643    10.09774867    10.09800765    10.09807556    10.09810229    10.09811685    10.09819007    10.09820816    10.09825464    10.09828620    10.09835310    10.09838431    10.09848389    10.09868925    10.10001914    10.10036962
   814   -11.10694215    -2.43597739    -1.50280506    -0.90956085     3.94643922     4.54648634     4.84295871     5.61512980     7.63784419     8.66117144     9.78832238     9.79339656     9.85656744    10.06864468    10.07262573    10.08613230    10.09674296    10.09775215    10.09799792    10.09806726    10.09809512    10.09811344    10.09819011    10.09820821    10.09825935    10.09829181    10.09836306    10.09839871    10.09850693    10.09873034    10.10031355    10.10052585
   815   -11.11302837    -2.41234817    -1.48955127    -0.90690939     3.93946139     4.54326020     4.83703125     5.60140654     7.65142355     8.65153472     9.78842828     9.79309924     9.85545253    10.06790090    10.07222716    10.08627371    10.09668605    10.09775584    10.09798909    10.09805898    10.09808816    10.09811049    10.09819028    10.09820838    10.09826434    10.09829724    10.09837297    10.09841325    10.09852993    10.09877286    10.10063267    10.10068084
   816   -11.11904328    -2.38872481    -1.47638809    -0.90430130     3.93236567     4.54017163     4.83115009     5.58732171     7.66516303     8.64250499     9.78853767     9.79280426     9.85430805    10.06714429    10.07181522    10.08642054    10.09663577    10.09775947    10.09798114    10.09805076    10.09808140    10.09810795    10.09819055    10.09820868    10.09826960    10.09830244    10.09838283    10.09842792    10.09855280    10.09881693    10.10083467    10.10097560
   817   -11.12498672    -2.36510949    -1.46331705    -0.90173637     3.92515184     4.53721879     4.82531500     5.57288987     7.67905915     8.63407720     9.78865039     9.79251112     9.85313445    10.06637699    10.07139123    10.08657037    10.09659217    10.09776288    10.09797407    10.09804262    10.09807485    10.09810576    10.09819087    10.09820912    10.09827514    10.09830738    10.09839264    10.09844270    10.09857544    10.09886263    10.10098750    10.10134128
   818   -11.13085860    -2.34150442    -1.45033967    -0.89921438     3.91781976     4.53439971     4.81952580     5.55812636     7.69310833     8.62624508     9.78876627     9.79221929     9.85193234    10.06560110    10.07095658    10.08672084    10.09655525    10.09776595    10.09796786    10.09803461    10.09806850    10.09810386    10.09819120    10.09820972    10.09828094    10.09831204    10.09840239    10.09845757    10.09859777    10.09890999    10.10113949    10.10172852
   819   -11.13665884    -2.31791186    -1.43745747    -0.89673509     3.91036934     4.53171228     4.81378230     5.54304729     7.70730688     8.61900123     9.78888511     9.79192832     9.85070243    10.06481874    10.07051268    10.08686975    10.09652495    10.09776865    10.09796249    10.09802678    10.09806236    10.09810221    10.09819153    10.09821047    10.09828699    10.09831639    10.09841208    10.09847250    10.09861972    10.09895899    10.10129090    10.10213602
   820   -11.14238742    -2.29433408    -1.42467193    -0.89429829     3.90280058     4.52915429     4.80808432     5.52766941     7.72165099     8.61233718     9.78900672     9.79163778     9.84944552    10.06403196    10.07006093    10.08701501    10.09650117    10.09777094    10.09795789    10.09801920    10.09805642    10.09810078    10.09819182    10.09821138    10.09829329    10.09832042    10.09842168    10.09848746    10.09864124    10.09900955    10.10144201    10.10256244
   821   -11.14804435    -2.27077341    -1.41198457    -0.89190372     3.89511351     4.52672338     4.80243170     5.51201007     7.73613674     8.60624346     9.78913086     9.79134726     9.84816254    10.06324285    10.06960272    10.08715469    10.09648375    10.09777284    10.09795398    10.09801196    10.09805068    10.09809954    10.09819206    10.09821243    10.09829981    10.09832412    10.09843117    10.09850244    10.09866229    10.09906155    10.10159318    10.10300636
   822   -11.15362968    -2.24723221    -1.39939685    -0.88955117     3.88730825     4.52441711     4.79682429     5.49608707     7.75076011     8.60070969     9.78925731     9.79105638     9.84685452    10.06245345    10.06913944    10.08728704    10.09647245    10.09777435    10.09795063    10.09800521    10.09804516    10.09809847    10.09819224    10.09821361    10.09830654    10.09832748    10.09844054    10.09851741    10.09868283    10.09911476    10.10174478    10.10346638
   823   -11.15914348    -2.22371291    -1.38691024    -0.88724039     3.87938499     4.52223296     4.79126197     5.47991869     7.76551696     8.59572465     9.78938581     9.79076481     9.84552258    10.06166577    10.06867245    10.08741049    10.09646698    10.09777552    10.09794763    10.09799914    10.09803983    10.09809755    10.09819237    10.09821490    10.09831345    10.09833049    10.09844975    10.09853234    10.09870284    10.09916890    10.10189725    10.10394104
   824   -11.16458588    -2.20021795    -1.37452621    -0.88497114     3.87134401     4.52016828     4.78574460     5.46352350     7.78040305     8.59127635     9.78951608     9.79047222     9.84416792    10.06088183    10.06820308    10.08752367    10.09646697    10.09777636    10.09794473    10.09799399    10.09803470    10.09809679    10.09819244    10.09821629    10.09832052    10.09833317    10.09845879    10.09854721    10.09872232    10.09922363    10.10205102    10.10442889
   825   -11.16995704    -2.17674985    -1.36224619    -0.88274317     3.86318565     4.51822036     4.78027210     5.44692034     7.79541402     8.58735212     9.78964785     9.79017833     9.84279183    10.06010358    10.06773260    10.08762543    10.09647200    10.09777691    10.09794158    10.09799007    10.09802978    10.09809618    10.09819246    10.09821774    10.09832773    10.09833552    10.09846763    10.09856199    10.09874124    10.09927851    10.10220655    10.10492849
   826   -11.17525717    -2.15331119    -1.35007161    -0.88055622     3.85491035     4.51638642     4.77484437     5.43012823     7.81054538     8.58393869     9.78978081     9.78988289     9.84139568    10.05933299    10.06726229    10.08771482    10.09648156    10.09777722    10.09793789    10.09798764    10.09802505    10.09809574    10.09819243    10.09821925    10.09833505    10.09833754    10.09847624    10.09857665    10.09875962    10.09933306    10.10236429    10.10543839
   827   -11.18048648    -2.12990459    -1.33800387    -0.87841005     3.84651863     4.51466360     4.76946136     5.41316630     7.82579257     8.58102225     9.78958566     9.78991464     9.83998093    10.05857195    10.06679334    10.08779111    10.09649514    10.09777730    10.09793347    10.09798684    10.09802052    10.09809549    10.09819236    10.09822080    10.09833926    10.09834245    10.09848459    10.09859118    10.09877745    10.09938674    10.10252465    10.10595714
   828   -11.18564525    -2.10653273    -1.32604438    -0.87630438     3.83801112     4.51304901     4.76412302     5.39605370     7.84115089     8.57858852     9.78928646     9.79004902     9.83854908    10.05782236    10.06632692    10.08785376    10.09651218    10.09777721    10.09792831    10.09798760    10.09801619    10.09809548    10.09819225    10.09822236    10.09834068    10.09834991    10.09849266    10.09860553    10.09879473    10.09943900    10.10268800    10.10648332
   829   -11.19073379    -2.08319840    -1.31419449    -0.87423897     3.82938853     4.51153967     4.75882931     5.37880954     7.85661553     8.57662285     9.78898510     9.79018359     9.83710173    10.05708602    10.06586417    10.08790245    10.09653211    10.09777697    10.09792252    10.09798971    10.09801205    10.09809575    10.09819210    10.09822393    10.09834182    10.09835740    10.09850044    10.09861969    10.09881147    10.09948925    10.10285462    10.10701549
   830   -11.19575242    -2.05990440    -1.30245558    -0.87221353     3.82065170     4.51013260     4.75358024     5.36145284     7.87218159     8.57511022     9.78868144     9.79031798     9.83564052    10.05636475    10.06540616    10.08793701    10.09655437    10.09777661    10.09791627    10.09799291    10.09800810    10.09809637    10.09819192    10.09822550    10.09834272    10.09836489    10.09850789    10.09863362    10.09882768    10.09953692    10.10302469    10.10755225
   831   -11.20070153    -2.03665367    -1.29082898    -0.87022779     3.81180158     4.50882475     4.74837581     5.34400245     7.88784403     8.57403540     9.78837538     9.79045182     9.83416715    10.05566025    10.06495394    10.08795744    10.09657840    10.09777617    10.09790969    10.09799688    10.09800435    10.09809744    10.09819171    10.09822705    10.09834337    10.09837235    10.09851501    10.09864730    10.09884335    10.09958146    10.10319830    10.10809218
   832   -11.20558149    -2.01344917    -1.27931600    -0.86828147     3.80283921     4.50761308     4.74321606     5.32647699     7.90359773     8.57338290     9.78806683     9.79058471     9.83268339    10.05497422    10.06450849    10.08796388    10.09660370    10.09777566    10.09790291    10.09800080    10.09800135    10.09809906    10.09819148    10.09822857    10.09834382    10.09837977    10.09852177    10.09866070    10.09885850    10.09962239    10.10337538    10.10863390
   833   -11.21039274    -1.99029399    -1.26791794    -0.86637429     3.79376580     4.50649450     4.73810105     5.30889481     7.91943744     8.57313712     9.78775573     9.79071625     9.83119102    10.05430826    10.06407076    10.08795659    10.09662979    10.09777511    10.09789602    10.09799744    10.09800604    10.09810135    10.09819121    10.09823006    10.09834409    10.09838711    10.09852816    10.09867380    10.09887313    10.09965928    10.10355575    10.10917602
   834   -11.21513573    -1.96719128    -1.25663608    -0.86450596     3.78458267     4.50546591     4.73303086     5.29127393     7.93535781     8.57328234     9.78744205     9.79084600     9.82969192    10.05366392    10.06364167    10.08793590    10.09665627    10.09777455    10.09788908    10.09799427    10.09801067    10.09810445    10.09819092    10.09823152    10.09834421    10.09839435    10.09853418    10.09868656    10.09888723    10.09969178    10.10373905    10.10971716
   835   -11.21981095    -1.94414430    -1.24547167    -0.86267619     3.77529130     4.50452423     4.72800560     5.27363200     7.95135338     8.57380280     9.78712578     9.79097354     9.82818795    10.05304267    10.06322208    10.08790224    10.09668276    10.09777400    10.09788214    10.09799129    10.09801500    10.09810846    10.09819060    10.09823292    10.09834421    10.09840147    10.09853981    10.09869896    10.09890081    10.09971964    10.10392484    10.11025597
   836   -11.22441887    -1.92115641    -1.23442595    -0.86088466     3.76589329     4.50366636     4.72302537     5.25598628     7.96741858     8.57468273     9.78680694     9.79109840     9.82668106    10.05244590    10.06281281    10.08785609    10.09670895    10.09777348    10.09787523    10.09798851    10.09801884    10.09811345    10.09819026    10.09823428    10.09834412    10.09840844    10.09854505    10.09871097    10.09891386    10.09974270    10.10411251    10.11079109
   837   -11.22896004    -1.89823105    -1.22350012    -0.85913108     3.75639044     4.50288920     4.71809035     5.23835355     7.98354774     8.57590639     9.78648559     9.79122014     9.82517319    10.05187493    10.06241466    10.08779799    10.09673461    10.09777300    10.09786840    10.09798592    10.09802206    10.09811944    10.09818988    10.09823559    10.09834399    10.09841524    10.09854989    10.09872256    10.09892639    10.09976089    10.10430137    10.11132117
   838   -11.23343498    -1.87537181    -1.21269538    -0.85741513     3.74678468     4.50218967     4.71320071     5.22075015     7.99973509     8.57745811     9.78616178     9.79133827     9.82366632    10.05133099    10.06202835    10.08772848    10.09675953    10.09777258    10.09786166    10.09798353    10.09802461    10.09812634    10.09818948    10.09823684    10.09834385    10.09842185    10.09855434    10.09873372    10.09893839    10.09977422    10.10449062    10.11184488
   839   -11.23784425    -1.85258234    -1.20201289    -0.85573649     3.73707814     4.50156471     4.70835664     5.20319187     8.01597473     8.57932235     9.78583561     9.79145230     9.82216245    10.05081520    10.06165461    10.08764815    10.09678356    10.09777224    10.09785503    10.09798134    10.09802649    10.09813402    10.09818905    10.09823803    10.09834375    10.09842825    10.09855837    10.09874440    10.09894984    10.09978279    10.10467939    10.11236091
   840   -11.24218841    -1.82986644    -1.19145380    -0.85409484     3.72727313     4.50101127     4.70355837     5.18569402     8.03226067     8.58148368     9.78550718     9.79156174     9.82066359    10.05032861    10.06129408    10.08755761    10.09680658    10.09777198    10.09784854    10.09797934    10.09802778    10.09814229    10.09818859    10.09823917    10.09834373    10.09843442    10.09856201    10.09875460    10.09896075    10.09978676    10.10486676    10.11286796
   841   -11.24646804    -1.80722803    -1.18101923    -0.85248985     3.71737213     4.50052634     4.69880616     5.16827133     8.04858683     8.58392683     9.78517663     9.79166608     9.81917178    10.04987217    10.06094741    10.08745747    10.09682853    10.09777182    10.09784221    10.09797754    10.09802855    10.09815096    10.09818809    10.09824024    10.09834386    10.09844035    10.09856523    10.09876428    10.09897108    10.09978634    10.10505177    10.11336472
   842   -11.25068372    -1.78467114    -1.17071027    -0.85092119     3.70737785     4.50010693     4.69410028     5.15093799     8.06494700     8.58663674     9.78484411     9.79176480     9.81768903    10.04944672    10.06061518    10.08734835    10.09684935    10.09777177    10.09783604    10.09797594    10.09802890    10.09815980    10.09818757    10.09824124    10.09834418    10.09844601    10.09856805    10.09877342    10.09898084    10.09978181    10.10523344    10.11384992
   843   -11.25483605    -1.76219996    -1.16052801    -0.84938851     3.69729320     4.49975010     4.68944104     5.13370758     8.08133489     8.58959854     9.78450978     9.79185737     9.81621737    10.04905301    10.06029796    10.08723090    10.09686903    10.09777184    10.09783006    10.09797454    10.09802891    10.09816863    10.09818701    10.09824218    10.09834476    10.09845139    10.09857045    10.09878200    10.09899000    10.09977346    10.10541078    10.11432230
   844   -11.25892561    -1.73981878    -1.15047350    -0.84789146     3.68712128     4.49945292     4.68482876     5.11659313     8.09774409     8.59279760     9.78417380     9.79194326     9.81475883    10.04869167    10.05999625    10.08710575    10.09688756    10.09777204    10.09782428    10.09797334    10.09802864    10.09817724    10.09818641    10.09824306    10.09834565    10.09845648    10.09857244    10.09879000    10.09899854    10.09976163    10.10558280    10.11478062
   845   -11.26295299    -1.71753205    -1.14054777    -0.84642969     3.67686543     4.49921253     4.68026381     5.09960706     8.11416810     8.59621952     9.78383639     9.79202192     9.81331539    10.04836324    10.05971054    10.08697356    10.09690497    10.09777237    10.09781872    10.09797234    10.09802818    10.09818549    10.09818578    10.09824386    10.09834690    10.09846127    10.09857401    10.09879739    10.09900643    10.09974668    10.10574853    10.11522366
   846   -11.26691878    -1.69534438    -1.13075183    -0.84500284     3.66652923     4.49902609     4.67574656     5.08276120     8.13060033     8.59985018     9.78349772     9.79209281     9.81188906    10.04806816    10.05944129    10.08683499    10.09692126    10.09777284    10.09781340    10.09797154    10.09802756    10.09818511    10.09819322    10.09824461    10.09834857    10.09846573    10.09857516    10.09880416    10.09901365    10.09972895    10.10590703    10.11565022
   847   -11.27082356    -1.67326049    -1.12108667    -0.84361054     3.65611648     4.49889084     4.67127743     5.06606680     8.14703406     8.60367570     9.78315802     9.79215537     9.81048177    10.04780675    10.05918892    10.08669072    10.09693649    10.09777346    10.09780831    10.09797095    10.09802684    10.09818440    10.09820031    10.09824528    10.09835069    10.09846986    10.09857589    10.09881028    10.09902016    10.09970882    10.10605738    10.11605912
   848   -11.27466790    -1.65128530    -1.11155326    -0.84225243     3.64563120     4.49880405     4.66685684     5.04953451     8.16346251     8.60768252     9.78281749     9.79220906     9.80909545    10.04757923    10.05895380    10.08654143    10.09695068    10.09777423    10.09780350    10.09797056    10.09802606    10.09818366    10.09820669    10.09824589    10.09835327    10.09847365    10.09857617    10.09881574    10.09902591    10.09968666    10.10619870    10.11644920
   849   -11.27845236    -1.62942384    -1.10215254    -0.84092812     3.63507769     4.49876303     4.66248526     5.03317439     8.17987877     8.61185732     9.78247637     9.79225330     9.80773199    10.04738572    10.05873631    10.08638781    10.09696390    10.09777516    10.09779895    10.09797037    10.09802525    10.09818288    10.09821231    10.09824643    10.09835631    10.09847708    10.09857602    10.09882053    10.09903087    10.09966284    10.10633014    10.11681936
   850   -11.28217749    -1.60768135    -1.09288545    -0.83963724     3.62446047     4.49876517     4.65816318     5.01699594     8.19627586     8.61618713     9.78213486     9.79228756     9.80639322    10.04722624    10.05853675    10.08623057    10.09697618    10.09777625    10.09779470    10.09797039    10.09802443    10.09818205    10.09821715    10.09824691    10.09835978    10.09848016    10.09857541    10.09882462    10.09903499    10.09963770    10.10645090    10.11716850
   851   -11.28584381    -1.58606319    -1.08375288    -0.83837938     3.61378432     4.49880791     4.65389110     5.00100806     8.21264667     8.62065923     9.78179320     9.79231126     9.80508091    10.04710069    10.05835543    10.08607041    10.09698758    10.09777751    10.09779074    10.09797061    10.09802364    10.09818119    10.09822123    10.09824732    10.09836363    10.09848287    10.09857434    10.09882801    10.09903819    10.09961160    10.10656022    10.11749556
   852   -11.28945183    -1.56457492    -1.07475573    -0.83715417     3.60305428     4.49888874     4.64966957     4.98521912     8.22898403     8.62526125     9.78145163     9.79232385     9.80379677    10.04700891    10.05819260    10.08590806    10.09699816    10.09777893    10.09778711    10.09797103    10.09802289    10.09818028    10.09822460    10.09824767    10.09836777    10.09848520    10.09857281    10.09883069    10.09904043    10.09958487    10.10665737    10.11779952
   853   -11.29300204    -1.54322227    -1.06589486    -0.83596120     3.59227561     4.49900523     4.64549913     4.96963695     8.24528067     8.62998109     9.78111038     9.79232479     9.80254245    10.04695060    10.05804851    10.08574423    10.09700797    10.09778052    10.09778379    10.09797165    10.09802222    10.09817934    10.09822733    10.09824795    10.09837213    10.09848716    10.09857080    10.09883263    10.09904162    10.09955783    10.10674169    10.11807941
   854   -11.29649490    -1.52201113    -1.05717113    -0.83480007     3.58145388     4.49915499     4.64138038     4.95426883     8.26152919     8.63480698     9.78076969     9.79231353     9.80131950    10.04692539    10.05792337    10.08557967    10.09701707    10.09778082    10.09778229    10.09797247    10.09802163    10.09817836    10.09822948    10.09824817    10.09837660    10.09848873    10.09856830    10.09883384    10.09904169    10.09953079    10.10681257    10.11833428
   855   -11.29993083    -1.50094759    -1.04858536    -0.83367037     3.57059486     4.49933570     4.63731393     4.93912155     8.27772215     8.63972747     9.78042981     9.79228955     9.80012939    10.04693282    10.05781735    10.08541509    10.09702553    10.09777819    10.09778423    10.09797348    10.09802115    10.09817733    10.09823115    10.09824833    10.09838111    10.09848992    10.09856531    10.09883431    10.09904056    10.09950403    10.10686942    10.11856323
   856   -11.30331026    -1.48003790    -1.04013837    -0.83257168     3.55970461     4.49954511     4.63330039     4.92420138     8.29385199     8.64473139     9.78009101     9.79225231     9.79897349    10.04697234    10.05773062    10.08525122    10.09703339    10.09777592    10.09778635    10.09797469    10.09802078    10.09817628    10.09823242    10.09824843    10.09838557    10.09849072    10.09856183    10.09883404    10.09903814    10.09947781    10.10691173    10.11876543
   857   -11.30663354    -1.45928850    -1.03183096    -0.83150358     3.54878943     4.49978104     4.62934043     4.90951412     8.30991104     8.64980792     9.77975355     9.79220132     9.79785305    10.04704332    10.05766330    10.08508878    10.09704073    10.09777401    10.09778865    10.09797609    10.09802055    10.09817518    10.09823334    10.09824847    10.09838989    10.09849112    10.09855786    10.09883301    10.09903436    10.09945238    10.10693902    10.11894008
   858   -11.30990101    -1.43870602    -1.02366391    -0.83046567     3.53785586     4.50004136     4.62543472     4.89506514     8.32589158     8.65494652     9.77941773     9.79213607     9.79676919    10.04714506    10.05761550    10.08492848    10.09704761    10.09777248    10.09779112    10.09797768    10.09802047    10.09817405    10.09823399    10.09824845    10.09839402    10.09849114    10.09855340    10.09883124    10.09902914    10.09942792    10.10695089    10.11908644
   859   -11.31311299    -1.41829728    -1.01563798    -0.82945750     3.52691071     4.50032401     4.62158395     4.88085932     8.34178578     8.66013697     9.77908387     9.79205611     9.79572292    10.04727678    10.05758731    10.08477099    10.09705409    10.09777132    10.09779378    10.09797945    10.09802056    10.09817290    10.09823442    10.09824837    10.09839789    10.09849077    10.09854845    10.09882872    10.09902245    10.09940461    10.10694696    10.11920382
   860   -11.31626973    -1.39806928    -1.00775394    -0.82847866     3.51596100     4.50062700     4.61778883     4.86690117     8.35758570     8.66536934     9.77875233     9.79196097     9.79471507    10.04743763    10.05757877    10.08461699    10.09706023    10.09777054    10.09779661    10.09798140    10.09802081    10.09817171    10.09823469    10.09824823    10.09840146    10.09849001    10.09854304    10.09882545    10.09901424    10.09938255    10.10692693    10.11929161
   861   -11.31937147    -1.37802920    -1.00001252    -0.82752870     3.50501401     4.50094842     4.61405009     4.85319476     8.37328336     8.67063403     9.77842348     9.79185025     9.79374633    10.04762672    10.05758994    10.08446711    10.09706612    10.09777015    10.09779963    10.09798352    10.09802124    10.09817049    10.09823482    10.09824804    10.09840469    10.09848886    10.09853719    10.09882145    10.09900454    10.09936181    10.10689056    10.11934924
   862   -11.32241839    -1.35818442    -0.99241444    -0.82660720     3.49407724     4.50128640     4.61036849     4.83974381     8.38887065     8.67592171     9.77809777     9.79172355     9.79281722    10.04784309    10.05762082    10.08432194    10.09707180    10.09777015    10.09780283    10.09798581    10.09802186    10.09816925    10.09823484    10.09824780    10.09840752    10.09848733    10.09853091    10.09881671    10.09899339    10.09934238    10.10683766    10.11937623
   863   -11.32541065    -1.33854250    -0.98496041    -0.82571371     3.48315842     4.50163915     4.60674479     4.82655168     8.40433939     8.68122335     9.77777570     9.79158051     9.79192806    10.04808573    10.05767140    10.08418204    10.09707735    10.09777054    10.09780621    10.09798827    10.09802268    10.09816800    10.09823479    10.09824750    10.09840994    10.09848542    10.09852425    10.09881125    10.09898088    10.09932421    10.10676811    10.11937215
   864   -11.32834836    -1.31911118    -0.97765113    -0.82484780     3.47226550     4.50200495     4.60317976     4.81362139     8.41968131     8.68653023     9.77745782     9.79107899     9.79142081    10.04835361    10.05774166    10.08404791    10.09708285    10.09777132    10.09780976    10.09799087    10.09802370    10.09816672    10.09823469    10.09824715    10.09841190    10.09848314    10.09851726    10.09880508    10.09896714    10.09930719    10.10668186    10.11933665
   865   -11.33123157    -1.29989840    -0.97048730    -0.82400902     3.46140663     4.50238214     4.59967421     4.80095564     8.43488806     8.69183390     9.77714476     9.79026994     9.79124417    10.04864564    10.05783154    10.08391999    10.09708835    10.09777249    10.09781350    10.09799363    10.09802493    10.09816544    10.09823453    10.09824674    10.09841336    10.09848050    10.09850999    10.09879821    10.09895231    10.09929118    10.10657891    10.11926946
   866   -11.33406031    -1.28091227    -0.96346958    -0.82319694     3.45059016     4.50276912     4.59622894     4.78855685     8.44995120     8.69712619     9.77683721     9.78950063     9.79105037    10.04896072    10.05794098    10.08379866    10.09709393    10.09777406    10.09781742    10.09799652    10.09802636    10.09816415    10.09823435    10.09824629    10.09841427    10.09847749    10.09850251    10.09879067    10.09893655    10.09927599    10.10645935    10.11917038
   867   -11.33683456    -1.26216106    -0.95659864    -0.82241111     3.43982463     4.50316437     4.59284477     4.77642715     8.46486222     8.70239921     9.77653594     9.78877060     9.79083920    10.04929773    10.05806987    10.08368420    10.09709966    10.09777601    10.09782151    10.09799954    10.09802800    10.09816286    10.09823413    10.09824579    10.09841457    10.09847413    10.09849492    10.09878246    10.09892005    10.09926143    10.10632334    10.11903929
   868   -11.33955426    -1.24365323    -0.94987514    -0.82165108     3.42911879     4.50356642     4.58952253     4.76456844     8.47961252     8.70764534     9.77624179     9.78807915     9.79061056    10.04965554    10.05821812    10.08357683    10.09710559    10.09777836    10.09782578    10.09800268    10.09802986    10.09816158    10.09823388    10.09824524    10.09841420    10.09847043    10.09848732    10.09877361    10.09890294    10.09924733    10.10617113    10.11887616
   869   -11.34221931    -1.22539742    -0.94329972    -0.82091642     3.41848151     4.50397388     4.58626307     4.75298237     8.49419342     8.71285724     9.77595565     9.78742540     9.79036437    10.05003300    10.05838557    10.08347665    10.09711181    10.09778109    10.09783022    10.09800593    10.09803192    10.09816031    10.09823361    10.09824464    10.09841305    10.09846639    10.09847985    10.09876414    10.09888539    10.09923348    10.10600305    10.11868105
   870   -11.34482954    -1.20740240    -0.93687301    -0.82020668     3.40792186     4.50438539     4.58306722     4.74167038     8.50859616     8.71802782     9.77567847     9.78680830     9.79010063    10.05042900    10.05857208    10.08338368    10.09711837    10.09778422    10.09783483    10.09800928    10.09803418    10.09815905    10.09823331    10.09824400    10.09841103    10.09846202    10.09847265    10.09875409    10.09886751    10.09921971    10.10581949    10.11845409
   871   -11.34738479    -1.18967712    -0.93059564    -0.81952141     3.39744905     4.50479969     4.57993584     4.73063370     8.52281193     8.72315024     9.77541122     9.78622661     9.78981941    10.05084241    10.05877746    10.08329781    10.09712533    10.09778773    10.09783960    10.09801271    10.09803665    10.09815783    10.09823297    10.09824332    10.09840803    10.09845735    10.09846587    10.09874346    10.09884943    10.09920588    10.10562098    10.11819550
   872   -11.34988480    -1.17223065    -0.92446822    -0.81886018     3.38707241     4.50521555     4.57686979     4.71987340     8.53683181     8.72821791     9.77515492     9.78567896     9.78952085    10.05127212    10.05900152    10.08321878    10.09713276    10.09779162    10.09784455    10.09801622    10.09803931    10.09815664    10.09823259    10.09824260    10.09840398    10.09845237    10.09845963    10.09873229    10.09883122    10.09919182    10.10540811    10.11790562
   873   -11.35232932    -1.15507224    -0.91849136    -0.81822254     3.37680140     4.50563182     4.57386994     4.70939037     8.55064684     8.73322451     9.77491055     9.78516384     9.78920518    10.05171708    10.05924403    10.08314624    10.09714071    10.09779590    10.09784965    10.09801979    10.09804215    10.09815550    10.09823216    10.09824184    10.09839885    10.09844710    10.09845398    10.09872062    10.09881296    10.09917743    10.10518159    10.11758486
   874   -11.35471804    -1.13821121    -0.91266566    -0.81760807     3.36664561     4.50604740     4.57093715     4.69918538     8.56424798     8.73816394     9.77467910     9.78467965     9.78887269    10.05217623    10.05950473    10.08307966    10.09714923    10.09780055    10.09785491    10.09802340    10.09804518    10.09815441    10.09823167    10.09824104    10.09839272    10.09844155    10.09844892    10.09870847    10.09879470    10.09916259    10.10494222    10.11723372
   875   -11.35705060    -1.12165706    -0.90699171    -0.81701633     3.35661469     4.50646124     4.56807227     4.68925904     8.57762615     8.74303032     9.77446149     9.78422472     9.78852379    10.05264859    10.05978335    10.08301837    10.09715839    10.09780558    10.09786031    10.09802705    10.09804838    10.09815339    10.09823111    10.09824020    10.09838573    10.09843575    10.09844433    10.09869588    10.09877648    10.09914721    10.10469095    10.11685281
   876   -11.35932663    -1.10541934    -0.90147008    -0.81644689     3.34671840     4.50687235     4.56527619     4.67961185     8.59077218     8.74781804     9.77425859     9.78379733     9.78815897    10.05313319    10.06007958    10.08296153    10.09716823    10.09781099    10.09786586    10.09803071    10.09805173    10.09815245    10.09823048    10.09823933    10.09837807    10.09842969    10.09844008    10.09868288    10.09875834    10.09913121    10.10442880    10.11644284
   877   -11.36154571    -1.08950773    -0.89610135    -0.81589933     3.33696655     4.50727979     4.56254976     4.67024421     8.60367688     8.75252166     9.77407119     9.78339573     9.78777882    10.05362915    10.06039307    10.08290813    10.09717880    10.09781678    10.09787155    10.09803437    10.09805524    10.09815161    10.09822975    10.09823844    10.09836991    10.09842341    10.09843602    10.09866950    10.09874029    10.09911451    10.10415693    10.11600461
   878   -11.36370739    -1.07393198    -0.89088608    -0.81537321     3.32736900     4.50768270     4.55989384     4.66115643     8.61633099     8.75713600     9.77389999     9.78301816     9.78738402    10.05413562    10.06072346    10.08285700    10.09719014    10.09782293    10.09787736    10.09803801    10.09805888    10.09815086    10.09822891    10.09823751    10.09836143    10.09841691    10.09843204    10.09865579    10.09872235    10.09909706    10.10387662    10.11553901
   879   -11.36581119    -1.05870188    -0.88582481    -0.81486814     3.31793565     4.50808022     4.55730928     4.65234873     8.62872524     8.76165608     9.77374557     9.78266288     9.78697538    10.05465182    10.06107033    10.08280677    10.09720229    10.09782945    10.09788329    10.09804163    10.09806265    10.09815024    10.09822796    10.09823656    10.09835275    10.09841022    10.09842801    10.09864177    10.09870453    10.09907880    10.10358928    10.11504707
   880   -11.36785660    -1.04382731    -0.88091810    -0.81438370     3.30867640     4.50847160     4.55479692     4.64382126     8.64085031     8.76607712     9.77360839     9.78232820     9.78655380    10.05517702    10.06143323    10.08275593    10.09721531    10.09783634    10.09788933    10.09804520    10.09806654    10.09814976    10.09822687    10.09823559    10.09834400    10.09840335    10.09842388    10.09862750    10.09868683    10.09905969    10.10329642    10.11452988
   881   -11.36984310    -1.02931814    -0.87616648    -0.81391948     3.29960117     4.50885609     4.55235762     4.63557413     8.65269686     8.77039455     9.77348881     9.78201244     9.78612030    10.05571057    10.06181165    10.08270275    10.09722922    10.09784359    10.09789547    10.09804870    10.09807052    10.09814943    10.09822563    10.09823460    10.09833527    10.09839633    10.09841958    10.09861299    10.09866925    10.09903969    10.10299970    10.11398867
   882   -11.37177014    -1.01518427    -0.87157046    -0.81347509     3.29071984     4.50923301     4.54999219     4.62760736     8.66425554     8.77460398     9.77338705     9.78171399     9.78567601    10.05625188    10.06220505    10.08264538    10.09724406    10.09785120    10.09790168    10.09805214    10.09807459    10.09814927    10.09822423    10.09823360    10.09832664    10.09838916    10.09841507    10.09859830    10.09865179    10.09901878    10.10270085    10.11342476
   883   -11.37363713    -1.00143560    -0.86713058    -0.81305015     3.28204227     4.50960172     4.54770146     4.61992095     8.67551701     8.77870124     9.77330320     9.78143131     9.78522216    10.05680041    10.06261282    10.08258179    10.09725989    10.09785916    10.09790796    10.09805549    10.09807873    10.09814930    10.09822265    10.09823258    10.09831817    10.09838189    10.09841032    10.09858345    10.09863444    10.09899691    10.10240174    10.11283958
   884   -11.37544348    -0.98808199    -0.86284732    -0.81264426     3.27357824     4.50996164     4.54548622     4.61251487     8.68647193     8.78268233     9.77323726     9.78116290     9.78476012    10.05735569    10.06303428    10.08250984    10.09727672    10.09786748    10.09791428    10.09805875    10.09808293    10.09814953    10.09822086    10.09823156    10.09830992    10.09837451    10.09840530    10.09856849    10.09861721    10.09897407    10.10210427    10.11223468
   885   -11.37718860    -0.97513325    -0.85872118    -0.81225706     3.26533746     4.51031222     4.54334727     4.60538903     8.69711100     8.78654342     9.77318909     9.78090735     9.78429135    10.05791732    10.06346869    10.08242728    10.09729462    10.09787615    10.09792062    10.09806192    10.09808718    10.09814998    10.09821887    10.09823054    10.09830195    10.09836707    10.09839999    10.09855344    10.09860009    10.09895024    10.10181044    10.11161172
   886   -11.37887186    -0.96259913    -0.85475263    -0.81188818     3.25732953     4.51065295     4.54128538     4.59854333     8.70742494     8.79028089     9.77315846     9.78066331     9.78381743    10.05848494    10.06391522    10.08233180    10.09731361    10.09788516    10.09792695    10.09806501    10.09809146    10.09815065    10.09821664    10.09822952    10.09829430    10.09835959    10.09839438    10.09853835    10.09858306    10.09892540    10.10152225    10.11097250
   887   -11.38049264    -0.95048928    -0.85094216    -0.81153727     3.24956396     4.51098338     4.53930130     4.59197764     8.71740455     8.79389126     9.77314501     9.78042951     9.78334004    10.05905822    10.06437294    10.08222106    10.09733375    10.09789451    10.09793325    10.09806804    10.09809576    10.09815155    10.09821418    10.09822850    10.09828702    10.09835208    10.09838845    10.09852324    10.09856614    10.09889954    10.10124170    10.11031891
   888   -11.38205031    -0.93881321    -0.84729021    -0.81120399     3.24205008     4.51130310     4.53739578     4.58569182     8.72704069     8.79737125     9.77314832     9.78020475     9.78286096    10.05963692    10.06484084    10.08209275    10.09735509    10.09790421    10.09793948    10.09807103    10.09810005    10.09815269    10.09821147    10.09822750    10.09828014    10.09834458    10.09838221    10.09850815    10.09854930    10.09887265    10.10097070    10.10965300
   889   -11.38354423    -0.92758033    -0.84379723    -0.81088800     3.23479706     4.51161173     4.53556953     4.57968569     8.73632433     8.80071771     9.77316787     9.77998790     9.78238208    10.06022078    10.06531777    10.08194466    10.09737768    10.09791423    10.09794561    10.09807403    10.09810433    10.09815406    10.09820854    10.09822651    10.09827369    10.09833710    10.09837564    10.09849310    10.09853254    10.09884472    10.10071107    10.10897696
   890   -11.38497378    -0.91679984    -0.84046365    -0.81058898     3.22781390     4.51190897     4.53382325     4.57395906     8.74524655     8.80392769     9.77320308     9.77977791     9.78190533    10.06080960    10.06580244    10.08177469    10.09740160    10.09792458    10.09795158    10.09807706    10.09810859    10.09815567    10.09820539    10.09822554    10.09826768    10.09832967    10.09836875    10.09847811    10.09851587    10.09881576    10.10046446    10.10829312
   891   -11.38633832    -0.90648078    -0.83728987    -0.81030662     3.22110938     4.51219454     4.53215761     4.56851172     8.75379857     8.80699838     9.77325330     9.77957379     9.78143278    10.06140319    10.06629343    10.08158097    10.09742691    10.09793526    10.09795737    10.09808021    10.09811279    10.09815748    10.09820209    10.09822460    10.09826213    10.09832232    10.09836155    10.09846322    10.09849926    10.09878577    10.10023229    10.10760397
   892   -11.38763724    -0.89663194    -0.83427631    -0.81004061     3.21469204     4.51246822     4.53057327     4.56334344     8.76197177     8.80992712     9.77331781     9.77937462     9.78096651    10.06200138    10.06678913    10.08136190    10.09745368    10.09794627    10.09796293    10.09808353    10.09811693    10.09815950    10.09819868    10.09822368    10.09825702    10.09831507    10.09835403    10.09844845    10.09848273    10.09875479    10.10001570    10.10691219
   893   -11.38886992    -0.88726189    -0.83142334    -0.80979068     3.20857016     4.51272986     4.52907084     4.55845395     8.76975773     8.81271141     9.77339588     9.77917957     9.78050869    10.06260398    10.06728774    10.08111617    10.09748199    10.09795760    10.09796821    10.09808709    10.09812099    10.09816171    10.09819526    10.09822280    10.09825233    10.09830794    10.09834623    10.09843380    10.09846626    10.09872285    10.09981548    10.10622064
   894   -11.39003577    -0.87837890    -0.82873133    -0.80955655     3.20275174     4.51297937     4.52765092     4.55384294     8.77714823     8.81534890     9.77348671     9.77898786     9.78006149    10.06321080    10.06778724    10.08084283    10.09751193    10.09796925    10.09797318    10.09809097    10.09812494    10.09816408    10.09819195    10.09822196    10.09824803    10.09830095    10.09833816    10.09841931    10.09844987    10.09869003    10.09963207    10.10553238
   895   -11.39113421    -0.86999096    -0.82620064    -0.80933795     3.19724448     4.51321675     4.52631408     4.54951004     8.78413532     8.81783738     9.77358949     9.77879879     9.77962714    10.06382164    10.06828538    10.08054131    10.09754358    10.09797783    10.09798124    10.09809523    10.09812877    10.09816661    10.09818888    10.09822116    10.09824409    10.09829412    10.09832985    10.09840498    10.09843354    10.09865645    10.09946550    10.10485069
   896   -11.39216467    -0.86210572    -0.82383159    -0.80913465     3.19205575     4.51344210     4.52506087     4.54545483     8.79071130     8.82017480     9.77370339     9.77861173     9.77920786    10.06443628    10.06877961    10.08021144    10.09757700    10.09798215    10.09799355    10.09809994    10.09813246    10.09816926    10.09818619    10.09822040    10.09824046    10.09828747    10.09832135    10.09839083    10.09841731    10.09862226    10.09931538    10.10417911
   897   -11.39312661    -0.85473050    -0.82162451    -0.80894640     3.18719257     4.51365565     4.52389180     4.54167677     8.79686879     8.82235923     9.77382755     9.77842610     9.77880584    10.06505444    10.06926712    10.07985341    10.09761225    10.09798616    10.09800621    10.09810514    10.09813601    10.09817203    10.09818402    10.09821969    10.09823713    10.09828100    10.09831270    10.09837687    10.09840117    10.09858768    10.09918094    10.10352141
   898   -11.39401953    -0.84787223    -0.81957969    -0.80877300     3.18266159     4.51385780     4.52280734     4.53817516     8.80260073     8.82438891     9.77396113     9.77824141     9.77842327    10.06567582    10.06974473    10.07946777    10.09764938    10.09798993    10.09801922    10.09811085    10.09813943    10.09817490    10.09818253    10.09821903    10.09823405    10.09827473    10.09830397    10.09836311    10.09838514    10.09855299    10.09906105    10.10288167
   899   -11.39484292    -0.84153742    -0.81769741    -0.80861423     3.17846905     4.51404920     4.52180795     4.53494914     8.80790045     8.82626217     9.77410327     9.77805724     9.77806226    10.06630007    10.07020897    10.07905539    10.09768838    10.09799354    10.09803260    10.09811709    10.09814278    10.09817785    10.09818181    10.09821843    10.09823121    10.09826867    10.09829523    10.09834955    10.09836927    10.09851851    10.09895425    10.10226420
   900   -11.39559633    -0.83573218    -0.81597792    -0.80846990     3.17462080     4.51423080     4.52089404     4.53199750     8.81276165     8.82797754     9.77425315     9.77772486     9.77787322    10.06692677    10.07065598    10.07861743    10.09772925    10.09799715    10.09804639    10.09812386    10.09814617    10.09818088    10.09818193    10.09821788    10.09822859    10.09826282    10.09828654    10.09833620    10.09835356    10.09848461    10.09885892    10.10167362
   901   -11.39627933    -0.83046217    -0.81442146    -0.80833985     3.17112224     4.51440401     4.52006599     4.52931863     8.81717847     8.82953363     9.77440994     9.77741304     9.77768905    10.06755544    10.07108159    10.07815525    10.09777191    10.09800095    10.09806059    10.09813114    10.09814976    10.09818286    10.09818399    10.09821738    10.09822620    10.09825719    10.09827798    10.09832307    10.09833806    10.09845160    10.09877333    10.10111475
   902   -11.39689153    -0.82573258    -0.81302825    -0.80822392     3.16797830     4.51457091     4.51932416     4.52691029     8.82114549     8.83092921     9.77457283     9.77712863     9.77750452    10.06818552    10.07148129    10.07767041    10.09781628    10.09800523    10.09807527    10.09813891    10.09815375    10.09818454    10.09818716    10.09821694    10.09822402    10.09825177    10.09826963    10.09831016    10.09832282    10.09841978    10.09869575    10.10059262
   903   -11.39743258    -0.82154809    -0.81179849    -0.80812197     3.16519348     4.51473450     4.51866886     4.52476931     8.82465780     8.83216319     9.77474105     9.77687336     9.77731946    10.06881640    10.07185032    10.07716457    10.09786223    10.09801043    10.09809045    10.09814714    10.09815834    10.09818688    10.09819040    10.09821655    10.09822206    10.09824656    10.09826155    10.09829747    10.09830786    10.09838933    10.09862459    10.10011230
   904   -11.39790215    -0.81791290    -0.81073234    -0.80803386     3.16277176     4.51489920     4.51810036     4.52289113     8.82771097     8.83323458     9.77491386     9.77664878     9.77713380    10.06944736    10.07218376    10.07663949    10.09790960    10.09801718    10.09810618    10.09815580    10.09816371    10.09818977    10.09819371    10.09821621    10.09822032    10.09824156    10.09825379    10.09828501    10.09829324    10.09836036    10.09855845    10.09967876
   905   -11.39829996    -0.81483067    -0.80982996    -0.80795950     3.16071663     4.51507141     4.51761890     4.52126924     8.83030114     8.83414256     9.77509053     9.77645629     9.77694749    10.07007760    10.07247666    10.07609695    10.09795824    10.09802646    10.09812252    10.09816486    10.09816998    10.09819312    10.09819709    10.09821593    10.09821883    10.09823675    10.09824640    10.09827278    10.09827900    10.09833289    10.09849613    10.09929654
   906   -11.39862577    -0.81230453    -0.80909149    -0.80789878     3.15903106     4.51526040     4.51722471     4.51989428     8.83242497     8.83488642     9.77527042     9.77629710     9.77676060    10.07070624    10.07272422    10.07553874    10.09800798    10.09803990    10.09813953    10.09817430    10.09817719    10.09819687    10.09820054    10.09821571    10.09821758    10.09823213    10.09823940    10.09826079    10.09826519    10.09830686    10.09843668    10.09896935
   907   -11.39887938    -0.81033703    -0.80851704    -0.80785163     3.15771750     4.51547932     4.51691793     4.51875302     8.83407972     8.83546558     9.77545288     9.77617221     9.77657322    10.07133229    10.07292202    10.07496662    10.09805866    10.09806010    10.09815725    10.09818408    10.09818538    10.09820098    10.09820408    10.09821553    10.09821659    10.09822769    10.09823280    10.09824904    10.09825186    10.09828219    10.09837936    10.09869940
   908   -11.39906065    -0.80893015    -0.80810674    -0.80781800     3.15677787     4.51574624     4.51669872     4.51782733     8.83526323     8.83587958     9.77563735     9.77608242     9.77638553    10.07195466    10.07306629    10.07438230    10.09809131    10.09811015    10.09817574    10.09819419    10.09819450    10.09820542    10.09820771    10.09821541    10.09821588    10.09822341    10.09822659    10.09823753    10.09823906    10.09825878    10.09832359    10.09848659
   909   -11.39916945    -0.80808496    -0.80786101    -0.80779784     3.15621355     4.51608470     4.51656715     4.51709361     8.83597396     8.83612811     9.77582329     9.77602831     9.77619777    10.07257218    10.07315408    10.07378743    10.09814005    10.09816238    10.09819507    10.09820450    10.09820460    10.09821020    10.09821145    10.09821533    10.09821545    10.09821929    10.09822077    10.09822629    10.09822685    10.09823651    10.09826900    10.09832755
   910   -11.39920573    -0.80779112    -0.80779112    -0.80779112     3.15602535     4.51652328     4.51652329     4.51652329     8.83621098     8.83621098     9.77601024     9.77601024     9.77601024    10.07318356    10.07318356    10.07318356    10.09821531    10.09821531    10.09821531    10.09821531    10.09821531    10.09821531    10.09821531    10.09821531    10.09821531    10.09821531    10.09821531    10.09821531    10.09821531    10.09821531    10.09821531    10.09821531
   911   -11.39908832    -0.80809615    -0.80783173    -0.80779740     3.15617991     4.51607388     4.51659818     4.51707573     8.83604250     8.83604439     9.77582144     9.77601517     9.77619638    10.07256255    10.07315298    10.07377912    10.09814694    10.09815083    10.09817961    10.09819851    10.09819980    10.09820806    10.09821239    10.09821522    10.09821615    10.09821846    10.09822464    10.09823138    10.09823295    10.09825273    10.09829617    10.09834264
   912   -11.39873652    -0.80898619    -0.80793130    -0.80786338     3.15664338     4.51571931     4.51682302     4.51773936     8.83553734     8.83554490     9.77563017     9.77602986     9.77637982    10.07191732    10.07306245    10.07434848    10.09809984    10.09811246    10.09814525    10.09818241    10.09818495    10.09820231    10.09820972    10.09821531    10.09821817    10.09822186    10.09823651    10.09824791    10.09825169    10.09829244    10.09839613    10.09855247
   913   -11.39815167    -0.81046852    -0.80808631    -0.80798461     3.15741506     4.51545175     4.51719827     4.51852184     8.83469635     8.83471331     9.77543680     9.77605407     9.77656070    10.07124960    10.07291539    10.07489126    10.09805973    10.09809444    10.09811200    10.09816688    10.09817082    10.09819756    10.09820728    10.09821549    10.09822118    10.09822548    10.09825096    10.09826482    10.09827179    10.09833512    10.09851756    10.09885718
   914   -11.39733594    -0.81254204    -0.80829673    -0.80816115     3.15849382     4.51526413     4.51772459     4.51943004     8.83352093     8.83355097     9.77524186     9.77608736     9.77673929    10.07056163    10.07271706    10.07540745    10.09802794    10.09807968    10.09808412    10.09815189    10.09815744    10.09819348    10.09820507    10.09821574    10.09822489    10.09822933    10.09826752    10.09828204    10.09829345    10.09838156    10.09866233    10.09925807
   915   -11.39629239    -0.81520506    -0.80856263    -0.80839311     3.15987806     4.51515048     4.51840276     4.52046981     8.83201303     8.83205976     9.77504606     9.77612916     9.77691600    10.06985618    10.07247389    10.07589727    10.09800224    10.09804858    10.09807723    10.09813743    10.09814483    10.09818987    10.09820308    10.09821605    10.09822905    10.09823340    10.09828554    10.09829950    10.09831670    10.09843249    10.09883172    10.09974962
   916   -11.39502493    -0.81845543    -0.80888416    -0.80868061     3.16156574     4.51510616     4.51923354     4.52164588     8.83017514     8.83024207     9.77485024     9.77617877     9.77709136    10.06913643    10.07219293    10.07636117    10.09798047    10.09801903    10.09807208    10.09812352    10.09813301    10.09818663    10.09820130    10.09821643    10.09823351    10.09823766    10.09830440    10.09831716    10.09834129    10.09848847    10.09902640    10.10032280
   917   -11.39353828    -0.82229048    -0.80926144    -0.80902379     3.16355438     4.51512792     4.52021758     4.52296188     8.82801029     8.82810080     9.77465544     9.77623540     9.77726602    10.06840592    10.07188126    10.07679980    10.09796004    10.09799237    10.09806772    10.09811021    10.09812197    10.09818369    10.09819971    10.09821687    10.09823819    10.09824212    10.09832375    10.09833497    10.09836679    10.09854976    10.09924641    10.10096704
   918   -11.39183800    -0.82670713    -0.80969466    -0.80942283     3.16584106     4.51521397     4.52135532     4.52442034     8.82552199     8.82563934     9.77446283     9.77629817     9.77744067    10.06766841    10.07154561    10.07721393    10.09793771    10.09797090    10.09806367    10.09809758    10.09811171    10.09818099    10.09819830    10.09821736    10.09824299    10.09824676    10.09834338    10.09835290    10.09839273    10.09861632    10.09949125    10.10167130
   919   -11.38993043    -0.83170182    -0.81018400    -0.80987793     3.16842245     4.51536390     4.52264694     4.52602286     8.82271427     8.82286154     9.77427373     9.77636621     9.77761604    10.06692775    10.07119212    10.07760446    10.09791215    10.09795524    10.09805956    10.09808579    10.09810223    10.09817852    10.09819705    10.09821791    10.09824786    10.09825156    10.09836319    10.09837093    10.09841871    10.09868776    10.09975993    10.10242468
   920   -11.38782265    -0.83727056    -0.81072969    -0.81038933     3.17129479     4.51557857     4.52409235     4.52777021     8.81959162     8.81977174     9.77408959     9.77643864     9.77779288    10.06618778    10.07082623    10.07797242    10.09788483    10.09794344    10.09805498    10.09807516    10.09809352    10.09817625    10.09819594    10.09821850    10.09825278    10.09825650    10.09838304    10.09838909    10.09844444    10.09876351    10.10005102    10.10321675
   921   -11.38552250    -0.84340895    -0.81133196    -0.81095729     3.17445393     4.51586005     4.52569112     4.52966242     8.81615899     8.81637468     9.77391198     9.77651466     9.77797187    10.06545222    10.07045269    10.07831892    10.09785705    10.09793387    10.09804932    10.09806628    10.09808556    10.09817417    10.09819497    10.09821914    10.09825771    10.09826156    10.09840271    10.09840751    10.09846973    10.09884283    10.10036272    10.10403780
   922   -11.38303850    -0.85011215    -0.81199106    -0.81158207     3.17789531     4.51621142     4.52744254     4.53169892     8.81242176     8.81267552     9.77374257     9.77659362     9.77815366    10.06472457    10.07007554    10.07864513    10.09782940    10.09792570    10.09804210    10.09805959    10.09807837    10.09817226    10.09819411    10.09821981    10.09826263    10.09826669    10.09842177    10.09842651    10.09849444    10.09892490    10.10069294    10.10487883
   923   -11.38037982    -0.85737496    -0.81270726    -0.81226398     3.18161400     4.51663674     4.52934560     4.53387863     8.80838569     8.80867983     9.77358313     9.77667498     9.77833876    10.06400808    10.06969827    10.07895228    10.09780216    10.09791851    10.09803374    10.09805467    10.09807191    10.09817051    10.09819337    10.09822051    10.09826754    10.09827186    10.09844003    10.09844618    10.09851849    10.09900884    10.10103929    10.10573160
   924   -11.37755626    -0.86519178    -0.81348082    -0.81300335     3.18560471     4.51714089     4.53139901     4.53620004     8.80405693     8.80439351     9.77343549     9.77675842     9.77852757    10.06330568    10.06932386    10.07924159    10.09777549    10.09791206    10.09802503    10.09805072    10.09806620    10.09816892    10.09819272    10.09822124    10.09827241    10.09827705    10.09845769    10.09846619    10.09854183    10.09909375    10.10139923    10.10658860
   925   -11.37457819    -0.87355666    -0.81431206    -0.81380052     3.18986176     4.51772949     4.53360121     4.53866126     8.79944197     8.79982282     9.77330153     9.77684385     9.77872037    10.06261997    10.06895489    10.07951430    10.09774949    10.09790621    10.09801645    10.09804725    10.09806123    10.09816747    10.09819217    10.09822199    10.09827724    10.09828221    10.09847492    10.09848625    10.09856444    10.09917878    10.10177003    10.10744300
   926   -11.37145651    -0.88246330    -0.81520126    -0.81465584     3.19437917     4.51840882     4.53595042     4.54126011     8.79454765     8.79497432     9.77318312     9.77693138     9.77891728    10.06195323    10.06859360    10.07977159    10.09772424    10.09790088    10.09800823    10.09804402    10.09805698    10.09816616    10.09819169    10.09822276    10.09828200    10.09828732    10.09849175    10.09850616    10.09858630    10.09926306    10.10214887    10.10828856
   927   -11.36820260    -0.89190508    -0.81614875    -0.81556970     3.19915061     4.51918573     4.53844460     4.54399411     8.78938106     8.78985486     9.77308217     9.77702138     9.77911834    10.06130739    10.06824201    10.08001458    10.09769981    10.09789601    10.09800048    10.09804094    10.09805344    10.09816497    10.09819128    10.09822354    10.09828669    10.09829234    10.09850816    10.09852578    10.09860744    10.09934579    10.10253288    10.10911962
   928   -11.36482827    -0.90187507    -0.81715483    -0.81654248     3.20416944     4.52006760     4.54108154     4.54686058     8.78394959     8.78447154     9.77300050     9.77711445     9.77932344    10.06068407    10.06790192    10.08024430    10.09767626    10.09789157    10.09799325    10.09803799    10.09805055    10.09816390    10.09819095    10.09822432    10.09829129    10.09829727    10.09852411    10.09854497    10.09862785    10.09942622    10.10291917    10.10993101
   929   -11.36134570    -0.91236606    -0.81821982    -0.81757457     3.20942871     4.52106227     4.54385881     4.54985662     8.77826084     8.77883171     9.77293989     9.77721142     9.77953245    10.06008460    10.06757502    10.08046169    10.09765365    10.09788755    10.09798656    10.09803519    10.09804824    10.09816294    10.09819067    10.09822510    10.09829577    10.09830207    10.09853956    10.09856359    10.09864757    10.09950364    10.10330488    10.11071804
   930   -11.35776740    -0.92337057    -0.81934406    -0.81866640     3.21492118     4.52217795     4.54677382     4.55297916     8.77232263     8.77294290     9.77290199     9.77731333     9.77974513    10.05951001    10.06726286    10.08066754    10.09763202    10.09788393    10.09798044    10.09803258    10.09804644    10.09816209    10.09819045    10.09822588    10.09830013    10.09830673    10.09855445    10.09858151    10.09866664    10.09957740    10.10368720    10.11147642
   931   -11.35410614    -0.93488088    -0.82052785    -0.81981836     3.22063936     4.52342325     4.54982382     4.55622498     8.76614296     8.76681285     9.77288829     9.77742143     9.77996127    10.05896113    10.06696693    10.08086254    10.09761144    10.09788073    10.09797489    10.09803019    10.09804507    10.09816134    10.09819028    10.09822664    10.09830434    10.09831122    10.09856872    10.09859858    10.09868507    10.09964693    10.10406340    10.11220226
   932   -11.35037490    -0.94688904    -0.82177153    -0.82103088     3.22657546     4.52480705     4.55300589     4.55959072     8.75973000     8.76044942     9.77290008     9.77753720     9.78018063    10.05843856    10.06668868    10.08104724    10.09759194    10.09787795    10.09796990    10.09802804    10.09804407    10.09816069    10.09819015    10.09822739    10.09830838    10.09831552    10.09858232    10.09861466    10.09870289    10.09971173    10.10443085    10.11289201
   933   -11.34658681    -0.95938689    -0.82307541    -0.82230438     3.23272145     4.52633852     4.55631699     4.56307290     8.75309202     8.75386063     9.77293843     9.77766229     9.78040303    10.05794271    10.06642946    10.08122204    10.09757358    10.09787559    10.09796550    10.09802616    10.09804342    10.09816012    10.09819007    10.09822812    10.09831224    10.09831962    10.09859520    10.09862964    10.09872011    10.09977133    10.10478706    10.11354245
   934   -11.34275510    -0.97236610    -0.82443980    -0.82363926     3.23906908     4.52802703     4.55975397     4.56666796     8.74623743     8.74705459     9.77300406     9.77779858     9.78062834    10.05747391    10.06619063    10.08138722    10.09755639    10.09787365    10.09796166    10.09802456    10.09804307    10.09815964    10.09819003    10.09822883    10.09831591    10.09832351    10.09860727    10.09864340    10.09873671    10.09982536    10.10512966    10.11415069
   935   -11.33889301    -0.98581816    -0.82586500    -0.82503593     3.24560984     4.52988215     4.56331353     4.57037222     8.73917469     8.74003951     9.77309739     9.77794811     9.78085653    10.05703235    10.06597346    10.08154293    10.09754042    10.09787215    10.09795839    10.09802323    10.09804300    10.09815924    10.09819003    10.09822951    10.09831936    10.09832716    10.09861850    10.09865588    10.09875267    10.09987351    10.10545645    10.11471410
   936   -11.33501377    -0.99973442    -0.82735131    -0.82649481     3.25233502     4.53191359     4.56699231     4.57418195     8.73191232     8.73282365     9.77321840     9.77811314     9.78108772    10.05661821    10.06577917    10.08168920    10.09752571    10.09787109    10.09795568    10.09802219    10.09804318    10.09815892    10.09819007    10.09823015    10.09832259    10.09833057    10.09862880    10.09866704    10.09876790    10.09991553    10.10576536    10.11523035
   937   -11.33113050    -1.01410610    -0.82889900    -0.82801626     3.25923567     4.53413119     4.57078684     4.57809334     8.72445891     8.72541533     9.77336662     9.77829607     9.78132216    10.05623164    10.06560894    10.08182595    10.09751229    10.09787048    10.09795353    10.09802143    10.09804358    10.09815867    10.09819013    10.09823076    10.09832557    10.09833371    10.09863812    10.09867684    10.09878231    10.09995123    10.10605451    10.11569737
   938   -11.32725618    -1.02892432    -0.83050833    -0.82960068     3.26630267     4.53654484     4.57469358     4.58210255     8.71682304     8.71782287     9.77354112     9.77849943     9.78156036    10.05587284    10.06546383    10.08195300    10.09750020    10.09787031    10.09795192    10.09802096    10.09804420    10.09815849    10.09819022    10.09823132    10.09832829    10.09833658    10.09864639    10.09868531    10.09879579    10.09998048    10.10632218    10.11611335
   939   -11.32340357    -1.04418009    -0.83217955    -0.83124841     3.27352669     4.53916448     4.57870890     4.58620570     8.70901328     8.71005462     9.77374042     9.77872578     9.78180313    10.05554208    10.06534481    10.08207009    10.09748947    10.09787058    10.09795084    10.09802078    10.09804501    10.09815838    10.09819035    10.09823184    10.09833075    10.09833917    10.09865354    10.09869247    10.09880820    10.10000322    10.10656683    10.11647674
   940   -11.31958517    -1.05986438    -0.83391289    -0.83295981     3.28089819     4.54200006     4.58282914     4.59039887     8.70103821     8.70211890     9.77396259     9.77897757     9.78205166    10.05523974    10.06525273    10.08217687    10.09748013    10.09787130    10.09795030    10.09802089    10.09804599    10.09815834    10.09819049    10.09823230    10.09833292    10.09834146    10.09865949    10.09869836    10.09881942    10.10001944    10.10678707    10.11678620
   941   -11.31581314    -1.07596807    -0.83570853    -0.83473517     3.28840748     4.54506150     4.58705059     4.59467813     8.69290634     8.69402403     9.77420525     9.77925691     9.78230772    10.05496634    10.06518833    10.08227293    10.09747221    10.09787247    10.09795026    10.09802128    10.09804713    10.09815836    10.09819066    10.09823272    10.09833480    10.09834344    10.09866419    10.09870304    10.09882929    10.10002917    10.10698171    10.11704066
   942   -11.31209925    -1.09248203    -0.83756667    -0.83657479     3.29604468     4.54835867     4.59136950     4.59903957     8.68462616     8.68577827     9.77446567     9.77956525     9.78257386    10.05472260    10.06515218    10.08235782    10.09746574    10.09787408    10.09795073    10.09802196    10.09804841    10.09815844    10.09819086    10.09823308    10.09833638    10.09834510    10.09866757    10.09870657    10.09883768    10.10003251    10.10714973    10.11723926
   943   -11.30845485    -1.10939710    -0.83948745    -0.83847894     3.30379972     4.55190134     4.59578208     4.60347926     8.67620609     8.67738983     9.77474095     9.77990283     9.78285370    10.05450938    10.06514470    10.08243103    10.09746073    10.09787612    10.09795168    10.09802293    10.09804983    10.09815859    10.09819107    10.09823338    10.09833766    10.09834644    10.09866957    10.09870898    10.09884445    10.10002960    10.10729026    10.11738139
   944   -11.30489076    -1.12670410    -0.84147100    -0.84044783     3.31166238     4.55569917     4.60028456     4.60799332     8.66765445     8.66886687     9.77502821     9.78026814     9.78315236    10.05432779    10.06516616    10.08249204    10.09745721    10.09787859    10.09795310    10.09802418    10.09805136    10.09815881    10.09819131    10.09823362    10.09833861    10.09834745    10.09867016    10.09871033    10.09884949    10.10002060    10.10740263    10.11746664
   945   -11.30141729    -1.14439387    -0.84351740    -0.84248167     3.31962228     4.55976166     4.60487313     4.61257789     8.65897950     8.66021745     9.77532480     9.78065714     9.78347693    10.05417914    10.06521663    10.08254030    10.09745520    10.09788149    10.09795499    10.09802572    10.09805301    10.09815908    10.09819156    10.09823380    10.09833924    10.09834812    10.09866932    10.09871065    10.09885268    10.10000573    10.10748631    10.11749483
   946   -11.29804414    -1.16245728    -0.84562670    -0.84458061     3.32766886     4.56409812     4.60954401     4.61722915     8.65018939     8.65144958     9.77562847     9.78106273     9.78383690    10.05406494    10.06529605    10.08257524    10.09745472    10.09788481    10.09795731    10.09802755    10.09805477    10.09815942    10.09819183    10.09823391    10.09833954    10.09834845    10.09866704    10.09870994    10.09885393    10.09998525    10.10754095    10.11746599
   947   -11.29478036    -1.18088521    -0.84779894    -0.84674477     3.33579143     4.56871765     4.61429343     4.62194335     8.64129217     8.64257114     9.77593749     9.78147467     9.78424399    10.05398694    10.06540416    10.08259630    10.09745577    10.09788853    10.09796006    10.09802967    10.09805662    10.09815983    10.09819212    10.09823396    10.09833951    10.09834843    10.09866335    10.09870821    10.09885316    10.09995943    10.10756635    10.11738039
   948   -11.29163433    -1.19966861    -0.85003410    -0.84897422     3.34397913     4.57362911     4.61911767     4.62671682     8.63229577     8.63358994     9.77625077     9.78188073     9.78471103    10.05394706    10.06554058    10.08260292    10.09745838    10.09789265    10.09796321    10.09803208    10.09805856    10.09816031    10.09819243    10.09823394    10.09833914    10.09834806    10.09865827    10.09870545    10.09885031    10.09992859    10.10756246    10.11723847
   949   -11.28861370    -1.21879847    -0.85233212    -0.85126901     3.35222098     4.57884106     4.62401304     4.63154597     8.62320800     8.62451367     9.77656775     9.78226925     9.78524936    10.05394742    10.06570475    10.08259456    10.09746254    10.09789716    10.09796676    10.09803477    10.09806061    10.09816085    10.09819275    10.09823386    10.09833843    10.09834734    10.09865185    10.09870164    10.09884534    10.09989303    10.10752939    10.11704091
   950   -11.28572536    -1.23826587    -0.85469289    -0.85362910     3.36050585     4.58436172     4.62897589     4.63642733     8.61403655     8.61534991     9.77688838     9.78263216     9.78586593    10.05399029    10.06589596    10.08257068    10.09746827    10.09790204    10.09797067    10.09803774    10.09806275    10.09816147    10.09819309    10.09823371    10.09833739    10.09834627    10.09864413    10.09869677    10.09883826    10.09985311    10.10746739    10.11678859
   951   -11.28297540    -1.25806195    -0.85711630    -0.85605444     3.36882246     4.59019898     4.63400269     4.64135755     8.60478898     8.60610613     9.77721299     9.78296647     9.78656192    10.05407808    10.06611341    10.08253081    10.09747558    10.09790729    10.09797494    10.09804100    10.09806500    10.09816216    10.09819345    10.09823349    10.09833601    10.09834484    10.09863519    10.09869082    10.09882906    10.09980919    10.10737684    10.11648259
   952   -11.28036910    -1.27817794    -0.85960214    -0.85854491     3.37715944     4.59636028     4.63908996     4.64633345     8.59547272     8.59678968     9.77754211     9.78327351     9.78733364    10.05421328    10.06635611    10.08247447    10.09748445    10.09791290    10.09797953    10.09804454    10.09806736    10.09816292    10.09819382    10.09823321    10.09833429    10.09834307    10.09862506    10.09868377    10.09881778    10.09976161    10.10725826    10.11612420
   953   -11.27791087    -1.29860517    -0.86215020    -0.86110034     3.38550528     4.60285257     4.64423436     4.65135205     8.58609506     8.58740778     9.77787645     9.78355694     9.78817467    10.05439848    10.06662302    10.08240124    10.09749491    10.09791885    10.09798444    10.09804836    10.09806985    10.09816376    10.09819422    10.09823287    10.09833225    10.09834095    10.09861382    10.09867562    10.09880449    10.09971075    10.10711228    10.11571491
   954   -11.27560427    -1.31933509    -0.86476019    -0.86372051     3.39384838     4.60968222     4.64943271     4.65641061     8.57666316     8.57796755     9.77821673     9.78382098     9.78907769    10.05463630    10.06691294    10.08231074    10.09750694    10.09792514    10.09798963    10.09805246    10.09807248    10.09816469    10.09819463    10.09823247    10.09832987    10.09833849    10.09860152    10.09866636    10.09878926    10.09965697    10.10693966    10.11525641
   955   -11.27345196    -1.34035922    -0.86743179    -0.86640514     3.40217704     4.61685490     4.65468202     4.66150672     8.56718404     8.56847597     9.77856365     9.78406947     9.79003555    10.05492934    10.06722459    10.08220266    10.09752054    10.09793176    10.09799509    10.09805684    10.09807528    10.09816570    10.09819507    10.09823201    10.09832718    10.09833569    10.09858821    10.09865601    10.09877222    10.09960061    10.10674126    10.11475060
   956   -11.27145570    -1.36166925    -0.87016462    -0.86915389     3.41047948     4.62437535     4.65997955     4.66663843     8.55766459     8.55893990     9.77891782     9.78430557     9.79104163    10.05528019    10.06755658    10.08207673    10.09753570    10.09793871    10.09800081    10.09806150    10.09807826    10.09816679    10.09819553    10.09823149    10.09832417    10.09833256    10.09857397    10.09864457    10.09875348    10.09954202    10.10651805    10.11419958
   957   -11.26961633    -1.38325695    -0.87295826    -0.87196637     3.41874386     4.63224709     4.66532297     4.67180443     8.54811157     8.54936608     9.77927978     9.78453174     9.79208992    10.05569132    10.06790742    10.08193275    10.09755242    10.09794598    10.09800675    10.09806642    10.09808146    10.09816797    10.09819601    10.09823093    10.09832086    10.09832911    10.09855887    10.09863206    10.09873319    10.09948153    10.10627108    10.11360566
   958   -11.26793379    -1.40511424    -0.87581223    -0.87484212     3.42695829     4.64047188     4.67071049     4.67700443     8.53853159     8.53976115     9.77964992     9.78474986     9.79317494    10.05616512    10.06827551    10.08177058    10.09757069    10.09795356    10.09801291    10.09807161    10.09808490    10.09816924    10.09819652    10.09823031    10.09831726    10.09832536    10.09854296    10.09861850    10.09871152    10.09941945    10.10600150    10.11297135
   959   -11.26640708    -1.42723315    -0.87872601    -0.87778062     3.43511083     4.64904863     4.67614128     4.68223980     8.52893116     8.53013160     9.78002852     9.78496135     9.79429166    10.05670381    10.06865915    10.08159016    10.09759049    10.09796148    10.09801927    10.09807706    10.09808862    10.09817060    10.09819706    10.09822965    10.09831337    10.09832130    10.09852632    10.09860391    10.09868865    10.09935608    10.10571051    10.11229940
   960   -11.26503431    -1.44960588    -0.88169900    -0.88078130     3.44318956     4.65797143     4.68161608     4.68751494     8.51931664     8.52048384     9.78041577     9.78516728     9.79543543    10.05730938    10.06905651    10.08139151    10.09761181    10.09796973    10.09802582    10.09808275    10.09809266    10.09817205    10.09819763    10.09822895    10.09830922    10.09831696    10.09850904    10.09858833    10.09866474    10.09929168    10.10539942    10.11159274
   961   -11.26381267    -1.47222473    -0.88473058    -0.88384352     3.45118253     4.66722499     4.68713877     4.69284030     8.50969429     8.51082414     9.78081169     9.78536850     9.79660190    10.05798361    10.06946564    10.08117473    10.09763463    10.09797834    10.09803255    10.09808868    10.09809704    10.09817359    10.09819823    10.09822822    10.09830482    10.09831235    10.09849118    10.09857178    10.09863999    10.09922651    10.10506954    10.11085458
   962   -11.26273846    -1.49508216    -0.88782005    -0.88696656     3.45907785     4.67677355     4.69271985     4.69823989     8.50007024     8.50115871     9.78121626     9.78556562     9.79778701    10.05872797    10.06988445    10.08093998    10.09765894    10.09798732    10.09803947    10.09809483    10.09810180    10.09817523    10.09819886    10.09822745    10.09830018    10.09830747    10.09847285    10.09855431    10.09861457    10.09916082    10.10472229    10.11008834
   963   -11.26180708    -1.51817077    -0.89096668    -0.89014967     3.46686367     4.68652981     4.69838587     4.70377304     8.49045051     8.49149362     9.78162930     9.78575915     9.79898697    10.05954361    10.07031069    10.08068755    10.09768472    10.09799670    10.09804658    10.09810117    10.09810698    10.09817696    10.09819953    10.09822666    10.09829533    10.09830236    10.09845413    10.09853596    10.09858865    10.09909480    10.10435908    10.10929769
   964   -11.26101310    -1.54148331    -0.89416966    -0.89339202     3.47452821     4.69625714     4.70420478     4.70960670     8.48084105     8.48183487     9.78205060     9.78594948     9.80019827    10.06043128    10.07074192    10.08041779    10.09771195    10.09800653    10.09805391    10.09810768    10.09811261    10.09817878    10.09820025    10.09822585    10.09829027    10.09829702    10.09843514    10.09851677    10.09856239    10.09902866    10.10398139    10.10848660
   965   -11.26035024    -1.56501265    -0.89742816    -0.89669271     3.48205981     4.70531095     4.71031250     4.71624761     8.47124766     8.47218837     9.78247983     9.78613691     9.80141765    10.06139133    10.07117554    10.08013116    10.09774061    10.09801686    10.09806148    10.09811433    10.09811870    10.09818070    10.09820100    10.09822502    10.09828505    10.09829148    10.09841597    10.09849680    10.09853594    10.09896260    10.10359071    10.10765930
   966   -11.25981141    -1.58875183    -0.90074126    -0.90005079     3.48944691     4.71281486     4.71660156     4.72467740     8.46167610     8.46255994     9.78291660     9.78632169     9.80264212    10.06242361    10.07160871    10.07982823    10.09777067    10.09802773    10.09806933    10.09812113    10.09812524    10.09818271    10.09820180    10.09822418    10.09827966    10.09828574    10.09839674    10.09847610    10.09850942    10.09889678    10.10318853    10.10682035
   967   -11.25938875    -1.61269401    -0.90410802    -0.90346526     3.49667813     4.71914142     4.72256545     4.73502757     8.45213202     8.45295535     9.78336047     9.78650402     9.80386901    10.06352739    10.07203838    10.07950970    10.09780212    10.09803921    10.09807753    10.09812811    10.09813217    10.09818482    10.09820265    10.09822333    10.09827415    10.09827984    10.09837758    10.09845474    10.09848294    10.09883138    10.10277636    10.10597464
   968   -11.25907365    -1.63683251    -0.90752742    -0.90693503     3.50374227     4.72504961     4.72821210     4.74652844     8.44262100     8.44338029     9.78381095     9.78668409     9.80509592    10.06470131    10.07246131    10.07917642    10.09783493    10.09805136    10.09808612    10.09813530    10.09813942    10.09818702    10.09820356    10.09822249    10.09826853    10.09827379    10.09835859    10.09843278    10.09845657    10.09876657    10.10235573    10.10512741
   969   -11.25885679    -1.66116078    -0.91099842    -0.91045897     3.51062831     4.73081914     4.73370369     4.75873514     8.43314858     8.43384040     9.78426749     9.78686204     9.80632077    10.06594314    10.07287407    10.07882952    10.09786909    10.09806427    10.09809521    10.09814274    10.09814692    10.09818933    10.09820452    10.09822164    10.09826284    10.09826761    10.09833992    10.09841031    10.09843039    10.09870250    10.10192813    10.10428427
   970   -11.25872818    -1.68567242    -0.91451992    -0.91403589     3.51732549     4.73653453     4.73911984     4.77148020     8.42372022     8.42434127     9.78472952     9.78703799     9.80754181    10.06724945    10.07327319    10.07847051    10.09790457    10.09807801    10.09810490    10.09815044    10.09815462    10.09819173    10.09820553    10.09822081    10.09825709    10.09826132    10.09832170    10.09838743    10.09840441    10.09863935    10.10149505    10.10345124
   971   -11.25867723    -1.71036115    -0.91809074    -0.91766454     3.52382330     4.74222576     4.74449511     4.78469554     8.41434133     8.41488846     9.78519643     9.78721207     9.80875760    10.06861488    10.07365552    10.07810173    10.09794138    10.09809266    10.09811531    10.09815839    10.09816248    10.09819425    10.09820661    10.09821999    10.09825133    10.09825496    10.09830406    10.09836425    10.09837864    10.09857730    10.10105796    10.10263471
   972   -11.25869274    -1.73522086    -0.92170971    -0.92134362     3.53011150     4.74790506     4.74984563     4.79834890     8.40501730     8.40548748     9.78566758     9.78738440     9.80996705    10.07003014    10.07401912    10.07772733    10.09797951    10.09810829    10.09812660    10.09816658    10.09817045    10.09819689    10.09820775    10.09821918    10.09824556    10.09824854    10.09828716    10.09834092    10.09835307    10.09851653    10.10061829    10.10184145
   973   -11.25876300    -1.76024554    -0.92537557    -0.92507176     3.53618016     4.75357787     4.75517965     4.81242248     8.39575349     8.39614385     9.78614234     9.78755508     9.81116939    10.07147585    10.07436623    10.07735651    10.09801897    10.09812498    10.09813896    10.09817500    10.09817852    10.09819967    10.09820896    10.09821840    10.09823983    10.09824211    10.09827117    10.09831756    10.09832768    10.09845725    10.10017747    10.10107855
   974   -11.25887581    -1.78542932    -0.92908704    -0.92884757     3.54201968     4.75924663     4.76050166     4.82690493     8.38655523     8.38686306     9.78662005     9.78772422     9.81236419    10.07289781    10.07471488    10.07701673    10.09805981    10.09814280    10.09815261    10.09818361    10.09818665    10.09820261    10.09821024    10.09821765    10.09823416    10.09823570    10.09825627    10.09829430    10.09830245    10.09839968    10.09973686    10.10035331
   975   -11.25901853    -1.81076647    -0.93284278    -0.93266959     3.54762081     4.76491233     4.76581428     4.84178791     8.37742786     8.37765061     9.78710005     9.78789193     9.81355130    10.07409503    10.07513347    10.07683117    10.09810210    10.09816183    10.09816785    10.09819242    10.09819482    10.09820577    10.09821160    10.09821693    10.09822857    10.09822942    10.09824266    10.09827126    10.09827735    10.09834405    10.09929779    10.09967308
   976   -11.25917814    -1.83625139    -0.93664144    -0.93653630     3.55297464     4.77057524     4.77111912     4.85706459     8.36837671     8.36851199     9.78758168     9.78805834     9.81473092    10.07471531    10.07543249    10.07733161    10.09814596    10.09818214    10.09818503    10.09820141    10.09820302    10.09820923    10.09821302    10.09821624    10.09822305    10.09822343    10.09823053    10.09824856    10.09825241    10.09829063    10.09886157    10.09904506
   977   -11.25934133    -1.86187857    -0.94048159    -0.94044616     3.55807267     4.77623522     4.77641724     4.87272879     8.35940712     8.35945272     9.78806428     9.78822355     9.81590352    10.07497642    10.07523296    10.07866900    10.09819165    10.09820385    10.09820455    10.09821060    10.09821121    10.09821312    10.09821453    10.09821561    10.09821770    10.09821793    10.09821999    10.09822627    10.09822762    10.09823972    10.09842945    10.09847592
   978   -11.25949446    -1.88764265    -0.94439759    -0.94436181     3.56290678     4.78170936     4.78189193     4.88877461     8.35047837     8.35052445     9.78838769     9.78854721     9.81706982    10.07485359    10.07510816    10.08028444    10.09797151    10.09800265    10.09819163    10.09820304    10.09820448    10.09821097    10.09821274    10.09821324    10.09821502    10.09821611    10.09821771    10.09821940    10.09822010    10.09822674    10.09822729    10.09823960
   979   -11.25962372    -1.91353839    -0.94838895    -0.94828061     3.56746926     4.78699605     4.78754492     4.90519615     8.34159450     8.34173411     9.78855089     9.78902984     9.81823082    10.07441918    10.07515971    10.08199355    10.09753633    10.09758246    10.09814667    10.09817870    10.09818324    10.09820311    10.09820776    10.09821046    10.09821453    10.09821777    10.09822340    10.09822758    10.09823018    10.09825129    10.09825364    10.09829057
   980   -11.25971512    -1.93956064    -0.95241857    -0.95223650     3.57175282     4.79227778     4.79319368     4.92198743     8.33280676     8.33304154     9.78871327     9.78951154     9.81938771    10.07395841    10.07514318    10.08374497    10.09716637    10.09717705    10.09810515    10.09815464    10.09816263    10.09819599    10.09820298    10.09820979    10.09821419    10.09821951    10.09823070    10.09823579    10.09824166    10.09827781    10.09828446    10.09834605
   981   -11.25975456    -1.96570438    -0.95648476    -0.95622795     3.57575059     4.79755494     4.79883771     4.93914230     8.32412084     8.32445221     9.78887499     9.78999172     9.82054189    10.07348057    10.07506396    10.08551266    10.09676541    10.09688498    10.09806733    10.09813092    10.09814267    10.09818928    10.09819842    10.09821071    10.09821435    10.09822135    10.09823946    10.09824410    10.09825679    10.09830664    10.09832113    10.09840907
   982   -11.25972789    -1.99196469    -0.96058579    -0.96025339     3.57945614     4.80282791     4.80447647     4.95665441     8.31554249     8.31597168     9.78903617     9.79046978     9.82169492    10.07298962    10.07492678    10.08727422    10.09637201    10.09666825    10.09803337    10.09810759    10.09812341    10.09818281    10.09819408    10.09821150    10.09821588    10.09822328    10.09824844    10.09825263    10.09827885    10.09833866    10.09836530    10.09848617
   983   -11.25962096    -2.01833675    -0.96471990    -0.96431125     3.58286349     4.80809706     4.81010943     4.97451719     8.30707753     8.30760557     9.78919695     9.79094518     9.82284849    10.07248767    10.07473721    10.08900237    10.09599051    10.09652168    10.09800325    10.09808470    10.09810489    10.09817653    10.09818997    10.09821152    10.09821865    10.09822532    10.09825683    10.09826137    10.09830882    10.09837524    10.09841909    10.09859195
   984   -11.25941970    -2.04481586    -0.96888532    -0.96839993     3.58596709     4.81336276     4.81573609     4.99272386     8.29873189     8.29935957     9.78935749     9.79141735     9.82400440    10.07197614    10.07450197    10.09065665    10.09562384    10.09644136    10.09797677    10.09806232    10.09808710    10.09817039    10.09818609    10.09821128    10.09822169    10.09822750    10.09826468    10.09827013    10.09834351    10.09841752    10.09848436    10.09875736
   985   -11.25911012    -2.07139739    -0.97308024    -0.97251783     3.58876183     4.81862533     4.82135594     5.01126746     8.29051157     8.29123945     9.78951792     9.79188579     9.82516453    10.07145627    10.07422865    10.09217008    10.09527869    10.09642253    10.09795354    10.09804049    10.09807007    10.09816441    10.09818244    10.09821099    10.09822462    10.09822985    10.09827218    10.09827879    10.09837875    10.09846477    10.09856218    10.09903934
   986   -11.25867840    -2.09807683    -0.97730285    -0.97666331     3.59124307     4.82388513     4.82696845     5.03014082     8.28242266     8.28325110     9.78967839     9.79234998     9.82633080    10.07092938    10.07392534    10.09342550    10.09498128    10.09645932    10.09793300    10.09801926    10.09805379    10.09815857    10.09817902    10.09821068    10.09822736    10.09823239    10.09827941    10.09828729    10.09841288    10.09851461    10.09865390    10.09952484
   987   -11.25811094    -2.12484975    -0.98155133    -0.98083474     3.59340659     4.82914246     4.83257313     5.04933664     8.27447136     8.27540047     9.78983902     9.79280945     9.82750515    10.07039704    10.07360013    10.09414251    10.09491509    10.09654155    10.09791460    10.09799868    10.09803826    10.09815289    10.09817582    10.09821040    10.09822988    10.09823509    10.09828640    10.09829561    10.09844601    10.09856502    10.09876195    10.10030736
   988   -11.25739440    -2.15171180    -0.98582384    -0.98503049     3.59524865     4.83439763     4.83816944     5.06884747     8.26666401     8.26769365     9.78999997     9.79326372     9.82868951    10.06986119    10.07326075    10.09407661    10.09530313    10.09664914    10.09789779    10.09797878    10.09802345    10.09814737    10.09817284    10.09821013    10.09823222    10.09823792    10.09829314    10.09830372    10.09847854    10.09861499    10.09888896    10.10141330
   989   -11.25651574    -2.17865874    -0.99011853    -0.98924889     3.59676591     4.83965088     4.84375684     5.08866577     8.25900703     8.26013684     9.79016134     9.79371234     9.82988578    10.06932418    10.07291423    10.09381390    10.09564447    10.09675531    10.09788219    10.09795961    10.09800934    10.09814203    10.09817006    10.09820988    10.09823443    10.09824082    10.09829964    10.09831161    10.09851071    10.09866419    10.09903691    10.10276926
   990   -11.25546229    -2.20568641    -0.99443356    -0.99348831     3.59795550     4.84490243     4.84933474     5.10878390     8.25150698     8.25273634     9.79032326     9.79415486     9.83109579    10.06878874    10.07256673    10.09353259    10.09586834    10.09684249    10.09786748    10.09794118    10.09799592    10.09813686    10.09816748    10.09820965    10.09823654    10.09824374    10.09830589    10.09831927    10.09854261    10.09871254    10.09920679    10.10427161
   991   -11.25422178    -2.23279070    -0.99876710    -0.99774711     3.59881498     4.85015244     4.85490252     5.12919420     8.24417056     8.24549860     9.79048583     9.79459086     9.83232131    10.06825796    10.07222347    10.09325595    10.09602041    10.09690769    10.09785349    10.09792354    10.09798315    10.09813188    10.09816508    10.09820944    10.09823858    10.09824667    10.09831189    10.09832667    10.09857426    10.09876003    10.09939827    10.10584241
   992   -11.25278236    -2.25996762    -1.00311729    -1.00202365     3.59934236     4.85540099     4.86045953     5.14988894     8.23700457     8.23843016     9.79064916     9.79501991     9.83356399    10.06773519    10.07188877    10.09298980    10.09612912    10.09695501    10.09784010    10.09790670    10.09797102    10.09812710    10.09816285    10.09820925    10.09824056    10.09824956    10.09831761    10.09833381    10.09860557    10.09880665    10.09960979    10.10743318
   993   -11.25113268    -2.28721323    -1.00748233    -1.00631629     3.59953604     4.86064811     4.86600503     5.17086044     8.23001599     8.23153775     9.79081332     9.79544158     9.83482536    10.06722395    10.07156612    10.09273634    10.09620880    10.09698946    10.09782727    10.09789067    10.09795950    10.09812252    10.09816080    10.09820908    10.09824246    10.09825242    10.09832306    10.09834066    10.09863647    10.09885238    10.09983860    10.10901414
   994   -11.24926189    -2.31452368    -1.01186038    -1.01062344     3.59939487     4.86589372     4.87153823     5.19210100     8.22321189     8.22482817     9.79097838     9.79585547     9.83610684    10.06672779    10.07125830    10.09249660    10.09626723    10.09701496    10.09781498    10.09787546    10.09794857    10.09811815    10.09815889    10.09820892    10.09824430    10.09825523    10.09832822    10.09834721    10.09866684    10.09889717    10.10008115    10.11056587
   995   -11.24715972    -2.34189518    -1.01624966    -1.01494348     3.59891814     4.87113764     4.87705826     5.21360302     8.21659953     8.21830842     9.79114440     9.79626116     9.83740967    10.06625024    10.07096751    10.09227117    10.09630929    10.09703417    10.09780322    10.09786107    10.09793823    10.09811399    10.09815714    10.09820877    10.09824606    10.09825797    10.09833309    10.09835345    10.09869655    10.09894095    10.10033338    10.11207478
   996   -11.24481646    -2.36932402    -1.02064839    -1.01927484     3.59810552     4.87637959     4.88256414     5.23535893     8.21018627     8.21198558     9.79131142     9.79665821     9.83873494    10.06579469    10.07069548    10.09206039    10.09633855    10.09704879    10.09779202    10.09784750    10.09792845    10.09811006    10.09815552    10.09820864    10.09824774    10.09826064    10.09833765    10.09835937    10.09872547    10.09898365    10.10059107    10.11353066
   997   -11.24222301    -2.39680655    -1.02505481    -1.02361597     3.59695712     4.88161915     4.88805484     5.25736129     8.20397963     8.20586692     9.79147945     9.79704622     9.84008354    10.06536435    10.07044359    10.09186448    10.09635783    10.09705991    10.09778140    10.09783476    10.09791922    10.09810635    10.09815403    10.09820852    10.09824934    10.09826323    10.09834191    10.09836496    10.09875346    10.09902516    10.10085007    10.11492544
   998   -11.23937094    -2.42433920    -1.02946720    -1.02796531     3.59547345     4.88685579     4.89352916     5.27960273     8.19798727     8.19995981     9.79164852     9.79742476     9.84145621    10.06496220    10.07021294    10.09168356    10.09636940    10.09706823    10.09777139    10.09782282    10.09791055    10.09810288    10.09815267    10.09820840    10.09825084    10.09826572    10.09834585    10.09837020    10.09878040    10.09906539    10.10110648    10.11625248
   999   -11.23625247    -2.45191846    -1.03388387    -1.03232139     3.59365541     4.89208882     4.89898585     5.30207604     8.19221698     8.19427179     9.79181861     9.79779339     9.84285348    10.06459096    10.07000440    10.09151769    10.09637515    10.09707425    10.09776200    10.09781169    10.09790243    10.09809964    10.09815142    10.09820829    10.09825224    10.09826812    10.09834947    10.09837508    10.09880613    10.09910422    10.10135671    10.11750618
  1000   -11.23286048    -2.47954087    -1.03830316    -1.03668270     3.59150433     4.89731740     4.90442348     5.32477415     8.18667669     8.18881050     9.79198969     9.79815167     9.84427565    10.06425307    10.06981868    10.09136689    10.09637657    10.09707833    10.09775326    10.09780136    10.09789485    10.09809664    10.09815029    10.09820819    10.09825354    10.09827042    10.09835276    10.09837959    10.09883054    10.09914152    10.10159751    10.11868176
  1001   -11.22918860    -2.50720305    -1.04272343    -1.04104783     3.58902192     4.90254054     4.90984052     5.34769015     8.18137446     8.18358375     9.79216173     9.79849917     9.84572285    10.06395070    10.06965635    10.09123113    10.09637488    10.09708077    10.09774520    10.09779182    10.09788782    10.09809389    10.09814926    10.09820809    10.09825473    10.09827260    10.09835572    10.09838372    10.09885350    10.09917718    10.10182602    10.11977512
  1002   -11.22523116    -2.53490168    -1.04714312    -1.04541535     3.58621028     4.90775706     4.91523531     5.37081727     8.17631848     8.17859944     9.79233467     9.79883543     9.84719497    10.06368575    10.06951790    10.09111039    10.09637107    10.09708181    10.09773784    10.09778307    10.09788134    10.09809140    10.09814835    10.09820800    10.09825580    10.09827466    10.09835835    10.09838748    10.09887488    10.09921106    10.10203967    10.12078274
  1003   -11.22098321    -2.56263348    -1.05156068    -1.04978391     3.58307192     4.91296561     4.92060601     5.39414894     8.17151705     8.17386561     9.79250844     9.79916002     9.84869170    10.06345983    10.06940369    10.09100457    10.09636589    10.09708167    10.09773118    10.09777511    10.09787541    10.09808915    10.09814753    10.09820791    10.09825675    10.09827659    10.09836064    10.09839084    10.09889456    10.09924302    10.10223626    10.12170162
  1004   -11.21644057    -2.59039526    -1.05597463    -1.05415217     3.57960972     4.91816467     4.92595066     5.41767877     8.16697858     8.16939043     9.79268298     9.79947247     9.85021250    10.06327428    10.06931403    10.09091360    10.09636000    10.09708052    10.09772523    10.09776794    10.09787004    10.09808717    10.09814681    10.09820783    10.09825757    10.09827839    10.09836259    10.09839380    10.09891244    10.09927294    10.10241385    10.12252929
  1005   -11.21159981    -2.61818387    -1.06038351    -1.05851886     3.57582695     4.92335250     4.93126714     5.44140055     8.16271160     8.16518215     9.79285819     9.79977235     9.85175661    10.06313019    10.06924915    10.09083737    10.09635387    10.09707852    10.09772001    10.09776156    10.09786524    10.09808544    10.09814619    10.09820774    10.09825826    10.09828004    10.09836421    10.09839636    10.09892843    10.09930066    10.10257079    10.12326372
  1006   -11.20645823    -2.64599621    -1.06478593    -1.06288274     3.57172726     4.92852720     4.93655317     5.46530824     8.15872472     8.16124912     9.79303396     9.80005921     9.85332307    10.06302840    10.06920920    10.09077576    10.09634792    10.09707580    10.09771552    10.09775599    10.09786100    10.09808399    10.09814566    10.09820766    10.09825882    10.09828155    10.09836547    10.09839851    10.09894242    10.09932606    10.10270569    10.12390333
  1007   -11.20101392    -2.67382925    -1.06918057    -1.06724262     3.56731469     4.93368664     4.94180631     5.48939602     8.15502662     8.15759981     9.79321021     9.80033261     9.85491067    10.06296949    10.06919430    10.09072866    10.09634248    10.09707245    10.09771175    10.09775124    10.09785734    10.09808279    10.09814523    10.09820758    10.09825924    10.09828291    10.09836640    10.09840025    10.09895435    10.09934899    10.10281738    10.12444698
  1008   -11.19526571    -2.70168001    -1.07356615    -1.07159736     3.56259363     4.93882850     4.94702396     5.51365822     8.15162607     8.15424273     9.79338682     9.80059214     9.85651803    10.06295380    10.06920448    10.09069593    10.09633781    10.09706856    10.09770869    10.09774733    10.09785426    10.09808187    10.09814488    10.09820750    10.09825953    10.09828411    10.09836699    10.09840157    10.09896413    10.09936932    10.10290494    10.12489395
  1009   -11.18921320    -2.72954557    -1.07794144    -1.07594586     3.55756887     4.94395027     4.95220336     5.53808937     8.14853189     8.15118647     9.79356368     9.80083737     9.85814353    10.06298144    10.06923973    10.09067745    10.09633411    10.09706417    10.09770635    10.09774427    10.09785178    10.09808121    10.09814463    10.09820743    10.09825967    10.09828514    10.09836724    10.09840248    10.09897172    10.09938691    10.10296765    10.12524389
  1010   -11.18285673    -2.75742306    -1.08230528    -1.08028710     3.55224555     4.94904921     4.95734158     5.56268419     8.14575294     8.14843969     9.79374068     9.80106793     9.85978536    10.06305229    10.06929998    10.09067307    10.09633154    10.09705932    10.09770471    10.09774209    10.09784989    10.09808083    10.09814447    10.09820736    10.09825968    10.09828601    10.09836715    10.09840297    10.09897706    10.09940162    10.10300500    10.12549688
  1011   -11.17619738    -2.78530966    -1.08665657    -1.08462010     3.54662916     4.95412238     4.96243555     5.58743753     8.14329809     8.14601105     9.79391769     9.80128345     9.86144151    10.06316599    10.06938510    10.09068268    10.09633025    10.09705401    10.09770376    10.09774080    10.09784860    10.09808072    10.09814440    10.09820729    10.09825954    10.09828670    10.09836672    10.09840304    10.09898012    10.09941333    10.10301671    10.12565334
  1012   -11.16923697    -2.81320260    -1.09099429    -1.08894391     3.54072558     4.95916668     4.96748203     5.61234443     8.14117624     8.14390926     9.79409463     9.80148357     9.86310980    10.06332197    10.06949493    10.09070613    10.09633030    10.09704822    10.09770351    10.09774043    10.09784793    10.09808089    10.09814442    10.09820723    10.09825927    10.09828720    10.09836596    10.09840269    10.09898089    10.09942191    10.10300267    10.12571408
  1013   -11.16197804    -2.84109917    -1.09531747    -1.09325768     3.53454103     4.96417875     4.97247763     5.63740006     8.13939626     8.14214303     9.79427138     9.80166798     9.86478787    10.06351941    10.06962924    10.09074329    10.09633176    10.09704191    10.09770394    10.09774099    10.09784787    10.09808132    10.09814453    10.09820717    10.09825886    10.09828753    10.09836488    10.09840192    10.09897934    10.09942723    10.10296298    10.12568023
  1014   -11.15442382    -2.86899671    -1.09962521    -1.09756059     3.52808206     4.96915510     4.97741882     5.66259973     8.13796700     8.14072104     9.79444784     9.80183641     9.86647320    10.06375728    10.06978776    10.09079404    10.09633464    10.09703502    10.09770506    10.09774249    10.09784844    10.09808203    10.09814474    10.09820712    10.09825832    10.09828766    10.09836347    10.09840074    10.09897548    10.09942918    10.10289796    10.12555327
  1015   -11.14657824    -2.89689262    -1.10391668    -1.10185188     3.52135558     4.97409200     4.98230193     5.68793889     8.13689727     8.13965195     9.79462393     9.80198862     9.86816312    10.06403430    10.06997017    10.09085825    10.09633891    10.09702748    10.09770690    10.09774493    10.09784963    10.09808302    10.09814503    10.09820707    10.09825765    10.09828760    10.09836175    10.09839915    10.09896933    10.09942765    10.10280812    10.12533497
  1016   -11.13844589    -2.92478432    -1.10819111    -1.10613086     3.51436884     4.97898557     4.98712315     5.71341308     8.13619577     8.13894436     9.79479958     9.80212440     9.86985483    10.06434898    10.07017613    10.09093581    10.09634450    10.09701918    10.09770945    10.09774833    10.09785146    10.09808428    10.09814541    10.09820704    10.09825686    10.09828735    10.09835972    10.09839715    10.09896092    10.09942254    10.10269420    10.12502740
  1017   -11.13003200    -2.95266933    -1.11244781    -1.11039688     3.50712941     4.98383178     4.99187858     5.73901794     8.13587114     8.13860680     9.79497473     9.80224360     9.87154540    10.06469957    10.07040523    10.09102658    10.09635127    10.09701003    10.09771277    10.09775265    10.09785391    10.09808581    10.09814588    10.09820701    10.09825594    10.09828689    10.09835738    10.09839475    10.09895029    10.09941377    10.10255717    10.12463290
  1018   -11.12134244    -2.98054518    -1.11668615    -1.11464937     3.49964518     4.98862639     4.99656418     5.76474919     8.13593188     8.13864770     9.79514932     9.80234611     9.87323184    10.06508407    10.07065706    10.09113047    10.09635902    10.09699994    10.09771686    10.09775790    10.09785700    10.09808760    10.09814645    10.09820699    10.09825491    10.09828622    10.09835475    10.09839194    10.09893750    10.09940124    10.10239823    10.12415409
  1019   -11.11238366    -3.00840946    -1.12090560    -1.11888780     3.49192434     4.99336507     5.00117582     5.79060260     8.13638634     8.13907535     9.79532333     9.80243188     9.87491104    10.06550024    10.07093114    10.09124735    10.09636742    10.09698881    10.09772179    10.09776406    10.09786073    10.09808967    10.09814711    10.09820698    10.09825377    10.09828535    10.09835183    10.09838875    10.09892260    10.09938489    10.10221885    10.12359379
  1020   -11.10316268    -3.03625981    -1.12510565    -1.12311172     3.48397540     4.99804332     5.00570930     5.81657400     8.13724272     8.13989792     9.79549674     9.80250091     9.87657986    10.06594557    10.07122698    10.09137712    10.09637603    10.09697664    10.09772758    10.09777111    10.09786508    10.09809199    10.09814787    10.09820699    10.09825252    10.09828426    10.09834863    10.09838517    10.09890568    10.09936467    10.10202077    10.12295505
  1021   -11.09368709    -3.06409393    -1.12928590    -1.12732072     3.47580714     5.00265652     5.01016033     5.84265923     8.13850900     8.14112339     9.79566956     9.80255325     9.87823509    10.06641729    10.07154403    10.09151966    10.09638419    10.09696347    10.09773428    10.09777902    10.09787007    10.09809458    10.09814873    10.09820701    10.09825118    10.09828296    10.09834516    10.09838121    10.09888683    10.09934052    10.10180603    10.12224111
  1022   -11.08396496    -3.09190956    -1.13344601    -1.13151445     3.46742865     5.00719998     5.01452459     5.86885415     8.14019295     8.14275955     9.79584183     9.80258903     9.87987353    10.06691239    10.07188166    10.09167486    10.09639099    10.09694956    10.09774192    10.09778779    10.09787568    10.09809742    10.09814969    10.09820704    10.09824976    10.09828145    10.09834142    10.09837688    10.09886615    10.09931243    10.10157700    10.12145536
  1023   -11.07400485    -3.11970448    -1.13758570    -1.13569262     3.45884925     5.01166889     5.01879770     5.89515459     8.14230207     8.14481395     9.79601358     9.80260843     9.88149199    10.06742757    10.07223919    10.09184261    10.09639517    10.09693536    10.09775056    10.09779738    10.09788191    10.09810051    10.09815075    10.09820709    10.09824825    10.09827971    10.09833744    10.09837220    10.09884374    10.09928038    10.10133640    10.12060136
  1024   -11.06381579    -3.14747653    -1.14170476    -1.13985499     3.45007854     5.01605839     5.02297528     5.92155636     8.14484360     8.14729391     9.79618491     9.80261168     9.88308728    10.06795935    10.07261576    10.09202279    10.09639503    10.09692171    10.09776023    10.09780778    10.09788875    10.09810385    10.09815192    10.09820716    10.09824668    10.09827776    10.09833323    10.09836717    10.09881973    10.09924438    10.10108728    10.11968279
  1025   -11.05340721    -3.17522361    -1.14580305    -1.14400140     3.44112635     5.02036357     5.02705291     5.94805521     8.14782445     8.15020644     9.79635590     9.80259911     9.88465630    10.06850403    10.07301034    10.09221526    10.09638842    10.09690979    10.09777097    10.09781896    10.09789618    10.09810743    10.09815321    10.09820725    10.09824504    10.09827557    10.09832878    10.09836179    10.09879423    10.09920446    10.10083308    10.11870345
  1026   -11.04278892    -3.20294364    -1.14988051    -1.14813171     3.43200274     5.02457947     5.03102624     5.97464683     8.15125121     8.15355828     9.79652668     9.80257108     9.88619602    10.06905779    10.07342157    10.09241987    10.09637288    10.09690110    10.09778280    10.09783091    10.09790420    10.09811124    10.09815462    10.09820736    10.09824335    10.09827316    10.09832412    10.09835610    10.09876738    10.09916068    10.10057755    10.11766720
  1027   -11.03197110    -3.23063461    -1.15393712    -1.15224586     3.42271798     5.02870115     5.03489091     6.00132679     8.15513010     8.15735578     9.79669741     9.80252805     9.88770350    10.06961679    10.07384771    10.09263648    10.09634612    10.09689709    10.09779575    10.09784359    10.09791280    10.09811528    10.09815615    10.09820749    10.09824162    10.09827052    10.09831926    10.09835008    10.09873932    10.09911312    10.10032469    10.11657801
  1028   -11.02096422    -3.25829454    -1.15797294    -1.15634381     3.41328252     5.03272366     5.03864262     6.02809059     8.15946693     8.16160498     9.79686826     9.80247052     9.88917594    10.07017722    10.07428641    10.09286491    10.09630657    10.09689873    10.09780984    10.09785697    10.09792195    10.09811954    10.09815781    10.09820764    10.09823985    10.09826764    10.09831421    10.09834377    10.09871019    10.09906191    10.10007862    10.11543993
  1029   -11.00977905    -3.28592152    -1.16198808    -1.16042560     3.40370701     5.03664209     5.04227717     6.05493358     8.16426711     8.16631149     9.79703944     9.80239910     9.89061070    10.07073549    10.07473459    10.09310494    10.09625401    10.09690615    10.09782508    10.09787103    10.09793164    10.09812401    10.09815961    10.09820782    10.09823806    10.09826453    10.09830899    10.09833718    10.09868011    10.09900721    10.09984335    10.11425708
  1030   -10.99842657    -3.31351367    -1.16598272    -1.16449130     3.39400225     5.04045158     5.04579043     6.08185094     8.16953559     8.17148051     9.79721117     9.80231442     9.89200531    10.07128831    10.07518826    10.09335636    10.09618990    10.09691861    10.09784147    10.09788569    10.09794187    10.09812868    10.09816156    10.09820802    10.09823626    10.09826116    10.09830361    10.09833031    10.09864924    10.09894924    10.09962246    10.11303370
  1031   -10.98691799    -3.34106915    -1.16995709    -1.16854103     3.38417916     5.04414735     5.04917839     6.10883772     8.17527684     8.17711679     9.79738373     9.80221721     9.89335751    10.07183283    10.07564238    10.09361889    10.09611743    10.09693465    10.09785899    10.09790090    10.09795265    10.09813354    10.09816367    10.09820825    10.09823444    10.09825753    10.09829808    10.09832319    10.09861770    10.09888833    10.09941886    10.11177421
  1032   -10.97526469    -3.36858619    -1.17391148    -1.17257496     3.37424881     5.04772472     5.05243715     6.13588875     8.18149483     8.18322460     9.79755739     9.80210826     9.89466526    10.07236669    10.07609075    10.09389222    10.09604156    10.09695227    10.09787764    10.09791655    10.09796399    10.09813858    10.09816595    10.09820851    10.09823262    10.09825363    10.09829243    10.09831584    10.09858561    10.09882492    10.09923441    10.11048329
  1033   -10.96347816    -3.39606306    -1.17784623    -1.17659328     3.36422235     5.05117911     5.05556300     6.16299870     8.18819302     8.18980773     9.79773249     9.80198844     9.89592677    10.07288806    10.07652604    10.09417600    10.09596895    10.09696889    10.09789735    10.09793248    10.09797598    10.09814379    10.09816840    10.09820879    10.09823079    10.09824944    10.09828667    10.09830826    10.09855306    10.09875963    10.09906980    10.10916613
  1034   -10.95157000    -3.42349805    -1.18176172    -1.18059623     3.35411101     5.05450611     5.05855237     6.19016198     8.19537429     8.19686941     9.79790936     9.80185866     9.89714051    10.07339562    10.07693991    10.09446980    10.09590775    10.09698094    10.09791803    10.09794847    10.09798877    10.09814916    10.09817104    10.09820909    10.09822895    10.09824494    10.09828081    10.09830050    10.09852010    10.09869333    10.09892461    10.10782875
  1035   -10.93955187    -3.45088953    -1.18565841    -1.18458411     3.34392610     5.05770144     5.06140189     6.21737278     8.20304096     8.20441234     9.79808837     9.80171991     9.89830525    10.07388844    10.07732326    10.09477311    10.09586726    10.09698316    10.09793948    10.09796429    10.09800261    10.09815468    10.09817388    10.09820941    10.09822705    10.09824014    10.09827487    10.09829256    10.09848667    10.09862719    10.09879753    10.10647871
  1036   -10.92743543    -3.47823589    -1.18953676    -1.18855721     3.33367895     5.06076101     5.06410837     6.24462506     8.21119478     8.21243865     9.79826994     9.80157324     9.89942005    10.07436598    10.07766662    10.09508526    10.09585732    10.09696698    10.09796109    10.09798004    10.09801784    10.09816033    10.09817694    10.09820974    10.09822498    10.09823509    10.09826888    10.09828448    10.09845258    10.09856265    10.09868698    10.10512648
  1037   -10.91523235    -3.50553560    -1.19339731    -1.19251588     3.32338089     5.06368095     5.06666887     6.27191249     8.21983684     8.22094986     9.79845448     9.80141977     9.90048427    10.07482792    10.07796075    10.09540525    10.09588760    10.09691766    10.09798095    10.09799729    10.09803468    10.09816610    10.09818021    10.09821002    10.09822238    10.09823011    10.09826285    10.09827630    10.09841728    10.09850155    10.09859168    10.10378814
  1038   -10.90295424    -3.53278713    -1.19724061    -1.19646049     3.31304328     5.06645757     5.06908067     6.29922847     8.22896764     8.22994690     9.79864245     9.80126066     9.90149761    10.07527406    10.07819722    10.09573066    10.09596692    10.09680908    10.09799663    10.09801866    10.09805318    10.09817197    10.09818371    10.09821008    10.09821853    10.09822609    10.09825679    10.09826806    10.09838002    10.09844634    10.09851097    10.10249092
  1039   -10.89061262    -3.55998902    -1.20106727    -1.20039143     3.30267742     5.06908744     5.07134128     6.32656613     8.23858703     8.23943005     9.79883434     9.80109714     9.90246009    10.07570432    10.07836908    10.09604110    10.09611150    10.09660076    10.09801005    10.09804329    10.09807317    10.09817793    10.09818745    10.09820888    10.09821426    10.09822345    10.09825073    10.09825984    10.09834133    10.09839935    10.09844398    10.10128324
  1040   -10.87821891    -3.58713985    -1.20487790    -1.20430913     3.29229458     5.07156737     5.07344849     6.35391828     8.24869417     8.24939895     9.79903065     9.80093047     9.90337208    10.07611859    10.07847151    10.09606593    10.09633865    10.09646692    10.09802505    10.09806965    10.09809447    10.09818394    10.09819143    10.09820442    10.09821295    10.09822157    10.09824469    10.09825170    10.09830534    10.09836021    10.09838874    10.10024421
  1041   -10.86578436    -3.61423824    -1.20867318    -1.20821401     3.28190593     5.07389443     5.07540036     6.38127743     8.25928759     8.25985259     9.79923190     9.80076198     9.90423425    10.07651676    10.07850210    10.09541199    10.09657800    10.09678435    10.09804544    10.09809717    10.09811687    10.09818995    10.09819558    10.09820025    10.09821308    10.09822002    10.09823868    10.09824377    10.09827651    10.09832627    10.09834274    10.09945876
  1042   -10.85332005    -3.64128287    -1.21245379    -1.21210654     3.27152256     5.07606597     5.07719522     6.40863579     8.27036512     8.27078926     9.79943866     9.80059304     9.90504765    10.07689861    10.07846102    10.09441646    10.09689932    10.09713429    10.09807418    10.09812560    10.09814024    10.09819564    10.09819885    10.09820060    10.09821352    10.09821866    10.09823272    10.09823613    10.09825521    10.09829543    10.09830384    10.09893773
  1043   -10.84083686    -3.66827242    -1.21622043    -1.21598718     3.26115544     5.07807963     5.07883168     6.43598523     8.28192389     8.28220660     9.79965149     9.80042506     9.90581361    10.07726380    10.07835078    10.09319951    10.09728380    10.09749117    10.09811250    10.09815483    10.09816449    10.09820025    10.09820317    10.09820511    10.09821406    10.09821743    10.09822683    10.09822884    10.09823923    10.09826671    10.09827051    10.09860556
  1044   -10.82834539    -3.69520567    -1.21997382    -1.21985641     3.25081539     5.07993334     5.08030865     6.46331729     8.29396038     8.29410155     9.79987098     9.80025947     9.90653381    10.07761178    10.07817575    10.09185191    10.09772471    10.09785203    10.09815996    10.09818476    10.09818953    10.09820652    10.09820914    10.09821008    10.09821466    10.09821632    10.09822102    10.09822191    10.09822638    10.09823987    10.09824148    10.09838123
  1045   -10.81585601    -3.72208138    -1.22371471    -1.22371471     3.24051307     5.08162534     5.08162534     6.49062321     8.30647035     8.30647035     9.80009777     9.80009777     9.90721020    10.07794163    10.07794163    10.09043025    10.09821531    10.09821531    10.09821531    10.09821531    10.09821531    10.09821531    10.09821531    10.09821531    10.09821531    10.09821531    10.09821531    10.09821531    10.09821531    10.09821531    10.09821531    10.09821531
  1046   -10.80337878    -3.74889839    -1.22756257    -1.22744384     3.23025894     5.08278125     5.08315417     6.51789385     8.31930855     8.31944885     9.79994144     9.80033246     9.90784505    10.07765480    10.07825179    10.08896659    10.09808227    10.09819098    10.09819332    10.09820526    10.09820898    10.09820969    10.09821438    10.09821598    10.09822077    10.09822152    10.09822602    10.09824176    10.09824640    10.09827710    10.09857974    10.09874830
  1047   -10.79092343    -3.77565556    -1.23140049    -1.23116197     3.22006326     5.08377618     5.08451870     6.54511977     8.33261100     8.33289028     9.79979204     9.80057572     9.90844087    10.07732179    10.07853938    10.08748086    10.09796914    10.09816812    10.09817371    10.09819587    10.09820289    10.09820419    10.09821355    10.09821669    10.09822645    10.09822773    10.09823813    10.09826883    10.09827798    10.09834408    10.09894411    10.09931616
  1048   -10.77849936    -3.80235181    -1.23522895    -1.23486987     3.20993607     5.08461024     5.08571811     6.57229121     8.34637187     8.34678833     9.79965110     9.80082820     9.90900044    10.07694883    10.07879867    10.08598921    10.09786905    10.09814662    10.09815615    10.09818694    10.09819699    10.09819880    10.09821280    10.09821741    10.09823231    10.09823394    10.09825123    10.09829646    10.09830996    10.09841514    10.09930722    10.09991148
  1049   -10.76611560    -3.82898605    -1.23904845    -1.23856829     3.19988715     5.08528382     5.08675189     6.59939804     8.36058462     8.36113601     9.79952019     9.80109057     9.90952673    10.07654139    10.07901672    10.08451184    10.09777823    10.09812642    10.09814033    10.09817838    10.09819126    10.09819354    10.09821213    10.09821815    10.09823831    10.09824014    10.09826501    10.09832460    10.09834228    10.09848941    10.09966785    10.10052717
  1050   -10.75378078    -3.85555727    -1.24285944    -1.24225799     3.18992599     5.08579762     5.08761985     6.62642984     8.37524205     8.37592566     9.79940089     9.80136352     9.91002293    10.07610369    10.07915920    10.08308922    10.09769451    10.09810746    10.09812597    10.09817016    10.09818566    10.09818842    10.09821153    10.09821891    10.09824439    10.09824635    10.09827925    10.09835318    10.09837487    10.09856616    10.10002479    10.10115661
  1051   -10.74150314    -3.88206448    -1.24666241    -1.24593972     3.18006183     5.08615261     5.08832213     6.65337585     8.39033625     8.39114897     9.79929479     9.80164774     9.91049239    10.07563783    10.07911844    10.08183564    10.09761658    10.09808970    10.09811286    10.09816224    10.09818020    10.09818345    10.09821100    10.09821968    10.09825047    10.09825262    10.09829380    10.09838214    10.09840767    10.09864475    10.10037682    10.10179374
  1052   -10.72929050    -3.90850670    -1.25045781    -1.24961423     3.17030357     5.08635005     5.08885917     6.68022503     8.40585868     8.40679698     9.79920348     9.80194392     9.91093860    10.07514192    10.07861827    10.08103679    10.09754364    10.09807309    10.09810079    10.09815464    10.09817485    10.09817864    10.09821054    10.09822045    10.09825645    10.09825900    10.09830851    10.09841138    10.09844060    10.09872466    10.10072271    10.10243307
  1053   -10.71715023    -3.93488301    -1.25424607    -1.25328224     3.16065979     5.08639148     5.08923170     6.70696602     8.42180014     8.42286009     9.79912852     9.80225277     9.91136514    10.07460506    10.07756334    10.08080570    10.09747520    10.09805758    10.09808962    10.09814736    10.09816963    10.09817401    10.09821014    10.09822122    10.09826227    10.09826551    10.09832328    10.09844084    10.09847358    10.09880538    10.10106127    10.10306961
  1054   -10.70508926    -3.96119249    -1.25802761    -1.25694446     3.15113872     5.08627870     5.08944077     6.73358718     8.43815079     8.43932810     9.79907151     9.80257498     9.91177569    10.07399303    10.07629774    10.08083865    10.09741090    10.09804311    10.09807921    10.09814041    10.09816451    10.09816957    10.09820980    10.09822199    10.09826789    10.09827213    10.09833802    10.09847043    10.09850656    10.09888650    10.10139129    10.10369892
  1055   -10.69311406    -3.98743426    -1.26180284    -1.26060157     3.14174826     5.08601375     5.08948771     6.76007659     8.45490018     8.45619020     9.79903401     9.80291126     9.91217396    10.07321606    10.07509831    10.08095425    10.09735053    10.09802961    10.09806947    10.09813379    10.09815952    10.09816532    10.09820952    10.09822276    10.09827333    10.09827882    10.09835267    10.09850006    10.09853945    10.09896760    10.10171163    10.10431699
  1056   -10.68123061    -4.01360747    -1.26557211    -1.26425424     3.13249589     5.08559892     5.08937413     6.78642209     8.47203723     8.47343502     9.79901755     9.80326231     9.91256367    10.07215060    10.07415092    10.08109555    10.09729393    10.09801701    10.09806029    10.09812752    10.09815465    10.09816127    10.09820928    10.09822351    10.09827856    10.09828553    10.09836715    10.09852962    10.09857217    10.09904829    10.10202113    10.10492026
  1057   -10.66944445    -4.03971126    -1.26933578    -1.26790311     3.12338874     5.08503674     5.08910190     6.81261128     8.48955032     8.49105061     9.79902368     9.80362882     9.91294855    10.07082572    10.07345116    10.08124299    10.09724098    10.09800525    10.09805160    10.09812160    10.09814991    10.09815743    10.09820909    10.09822426    10.09828359    10.09829223    10.09838140    10.09855903    10.09860465    10.09912823    10.10231871    10.10550551
  1058   -10.65776061    -4.06574482    -1.27309417    -1.27154877     3.11443353     5.08432995     5.08867318     6.83863155     8.50742724     8.50902451     9.79905388     9.80401146     9.91333225    10.06937177    10.07288166    10.08138855    10.09719159    10.09799426    10.09804336    10.09811602    10.09814531    10.09815379    10.09820895    10.09822499    10.09828842    10.09829888    10.09839537    10.09858817    10.09863681    10.09920704    10.10260331    10.10606989
  1059   -10.64618362    -4.09170735    -1.27684757    -1.27519182     3.10563655     5.08348149     5.08809034     6.86447008     8.52565526     8.52734373     9.79910964     9.80441092     9.91371837    10.06786475    10.07237498    10.08152856    10.09714568    10.09798398    10.09803551    10.09811078    10.09814087    10.09815036    10.09820884    10.09822570    10.09829301    10.09830545    10.09840901    10.09861695    10.09866856    10.09928442    10.10287393    10.10661085
  1060   -10.63471756    -4.11759803    -1.28059622    -1.27883277     3.09700367     5.08249450     5.08735598     6.89011391     8.54422114     8.54599482     9.79919240     9.80482785     9.91411039    10.06633725    10.07190520    10.08166117    10.09710317    10.09797434    10.09802802    10.09810587    10.09813659    10.09814714    10.09820877    10.09822638    10.09829738    10.09831189    10.09842228    10.09864525    10.09869981    10.09936002    10.10312962    10.10712610
  1061   -10.62336599    -4.14341609    -1.28434034    -1.28247212     3.08854035     5.08137227     5.08647296     6.91554992     8.56311112     8.56496386     9.79930355     9.80526290     9.91451166    10.06480497    10.07146245    10.08178543    10.09706400    10.09796530    10.09802086    10.09810127    10.09813249    10.09814414    10.09820873    10.09822704    10.09830150    10.09831818    10.09843514    10.09867298    10.09873047    10.09943356    10.10336948    10.10761364
  1062   -10.61213199    -4.16916075    -1.28808012    -1.28611034     3.08025159     5.08011827     5.08544430     6.94076490     8.58231101     8.58423647     9.79944445     9.80571670     9.91492537    10.06327712    10.07104288    10.08190088    10.09702811    10.09795679    10.09801400    10.09809695    10.09812858    10.09814133    10.09820872    10.09822767    10.09830536    10.09832429    10.09844754    10.09870002    10.09876045    10.09950471    10.10359268    10.10807166
  1063   -10.60101816    -4.19483121    -1.29181570    -1.28974783     3.07214194     5.07873613     5.08427322     6.96574553     8.60180618     8.60379791     9.79961644     9.80618985     9.91535453    10.06176029    10.07064510    10.08200733    10.09699542    10.09794878    10.09800744    10.09809288    10.09812486    10.09813873    10.09820873    10.09822826    10.09830896    10.09833018    10.09845945    10.09872628    10.09878965    10.09957322    10.10379846    10.10849859
  1064   -10.59002662    -4.22042669    -1.29554718    -1.29338495     3.06421549     5.07722958     5.08296312     6.99047849     8.62158156     8.62363303     9.79982077     9.80668294     9.91580194    10.06025990    10.07026883    10.08210472    10.09696587    10.09794123    10.09800116    10.09808905    10.09812134    10.09813633    10.09820877    10.09822882    10.09831228    10.09833583    10.09847084    10.09875165    10.09881797    10.09963880    10.10398611    10.10889306
  1065   -10.57915903    -4.24594642    -1.29927462    -1.29702202     3.05647590     5.07560247     5.08151757     7.01495041     8.64162173     8.64372633     9.80005867     9.80719654     9.91627015    10.05878090    10.06991430    10.08219314    10.09693939    10.09793410    10.09799516    10.09808542    10.09811804    10.09813413    10.09820881    10.09822935    10.09831531    10.09834120    10.09848166    10.09877604    10.09884531    10.09970120    10.10415499    10.10925389
  1066   -10.56841655    -4.27138958    -1.30299803    -1.30065931     3.04892634     5.07385877     5.07994026     7.03914799     8.66191089     8.66406199     9.80033131     9.80773118     9.91676149    10.05732808    10.06958195    10.08227271    10.09691592    10.09792736    10.09798944    10.09808195    10.09811494    10.09813211    10.09820887    10.09822983    10.09831805    10.09834629    10.09849190    10.09879935    10.09887158    10.09976019    10.10430456    10.10958005
  1067   -10.55779993    -4.29675537    -1.30671740    -1.30429703     3.04156952     5.07200252     5.07823502     7.06305797     8.68243294     8.68462389     9.80063980     9.80828738     9.91727795    10.05590625    10.06927236    10.08234361    10.09689539    10.09792100    10.09798399    10.09807862    10.09811204    10.09813028    10.09820895    10.09823027    10.09832048    10.09835104    10.09850152    10.09882149    10.09889668    10.09981553    10.10443431    10.10987071
  1068   -10.54730946    -4.32204295    -1.31043264    -1.30793532     3.03440769     5.07003783     5.07640579     7.08666721     8.70317143     8.70539563     9.80098522     9.80886562     9.91782127    10.05452030    10.06898609    10.08240604    10.09687772    10.09791499    10.09797882    10.09807542    10.09810935    10.09812863    10.09820902    10.09823067    10.09832260    10.09835546    10.09851050    10.09884236    10.09892052    10.09986702    10.10454384    10.11012518
  1069   -10.53694499    -4.34725148    -1.31414364    -1.31157431     3.02744265     5.06796888     5.07445662     7.10996273     8.72410969     8.72636057     9.80136855     9.80946638     9.91839284    10.05317528    10.06872373    10.08246024    10.09686286    10.09790932    10.09797393    10.09807231    10.09810685    10.09812714    10.09820910    10.09823102    10.09832441    10.09835951    10.09851881    10.09886188    10.09894299    10.09991447    10.10463280    10.11034294
  1070   -10.52670597    -4.37238008    -1.31785024    -1.31521402     3.02067571     5.06579986     5.07239162     7.13293174     8.74523076     8.74750187     9.80179075     9.81009008     9.91899371    10.05187641    10.06848583    10.08250648    10.09685073    10.09790396    10.09796934    10.09806927    10.09810454    10.09812582    10.09820919    10.09823132    10.09832589    10.09836317    10.09852643    10.09887996    10.09896403    10.09995771    10.10470093    10.11052360
  1071   -10.51659144    -4.39742783    -1.32155221    -1.31885445     3.01410774     5.06353504     5.07021500     7.15556172     8.76651749     8.76880248     9.80225271     9.81073713     9.91962456    10.05062908    10.06827291    10.08254502    10.09684125    10.09789892    10.09796503    10.09806630    10.09810240    10.09812466    10.09820927    10.09823157    10.09832704    10.09836643    10.09853334    10.09889652    10.09898355    10.09999660    10.10474805    10.11066694
  1072   -10.50660007    -4.42239381    -1.32524931    -1.32249553     3.00773914     5.06117867     5.06793100     7.17784042     8.78795251     8.79024517     9.80275526     9.81140791     9.92028569    10.04943887    10.06808544    10.08257615    10.09683437    10.09789417    10.09796103    10.09806338    10.09810043    10.09812366    10.09820934    10.09823177    10.09832787    10.09836927    10.09853952    10.09891148    10.09900147    10.10003099    10.10477405    10.11077284
  1073   -10.49673015    -4.44727702    -1.32894122    -1.32613712     3.00156988     5.05873501     5.06554393     7.19975593     8.80951829     8.81181261     9.80329917     9.81210278     9.92097700    10.04831153    10.06792385    10.08260019    10.09683001    10.09788970    10.09795733    10.09806050    10.09809861    10.09812280    10.09820941    10.09823193    10.09832836    10.09837168    10.09854496    10.09892476    10.09901772    10.10006078    10.10477891    10.11084134
  1074   -10.48697963    -4.47207643    -1.33262758    -1.32977903     2.99559947     5.05620833     5.06305811     7.22129676     8.83119717     8.83348732     9.80388518     9.81282208     9.92169795    10.04725296    10.06778854    10.08261746    10.09682811    10.09788549    10.09795395    10.09805764    10.09809695    10.09812209    10.09820947    10.09823203    10.09832852    10.09837364    10.09854963    10.09893629    10.09903224    10.10008587    10.10476267    10.11087260
  1075   -10.47734612    -4.49679099    -1.33630801    -1.33342102     2.98982700     5.05360286     5.06047788     7.24245182     8.85297135     8.85525173     9.80451396     9.81356613     9.92244760    10.04626923    10.06767987    10.08262831    10.09682860    10.09788154    10.09795090    10.09805479    10.09809544    10.09812152    10.09820953    10.09823208    10.09832834    10.09837515    10.09855353    10.09894601    10.09904498    10.10010620    10.10472547    10.11086692
  1076   -10.46782694    -4.52141956    -1.33998204    -1.33706276     2.98425110     5.05092282     5.05780759     7.26321055     8.87482294     8.87708821     9.80518613     9.81433522     9.92322455    10.04536651    10.06759815    10.08263310    10.09683140    10.09787781    10.09794817    10.09805196    10.09809408    10.09812110    10.09820957    10.09823208    10.09832783    10.09837620    10.09855665    10.09895384    10.09905589    10.10012170    10.10466752    10.11082470
  1077   -10.45841911    -4.54596096    -1.34364917    -1.34070388     2.97887003     5.04817238     5.05505159     7.28356289     8.89673398     8.89897907     9.80590228     9.81512965     9.92402695    10.04455106    10.06754366    10.08263221    10.09683647    10.09787428    10.09794578    10.09804912    10.09809289    10.09812081    10.09820961    10.09823203    10.09832700    10.09837679    10.09855898    10.09895974    10.09906491    10.10013235    10.10458914    10.11074649
  1078   -10.44911940    -4.57041396    -1.34730888    -1.34434395     2.97368161     5.04535568     5.05221422     7.30349941     8.91868645     8.92090662     9.80666295     9.81594970     9.92485250    10.04382920    10.06751664    10.08262603    10.09684372    10.09787092    10.09794374    10.09804629    10.09809186    10.09812067    10.09820964    10.09823193    10.09832584    10.09837691    10.09856050    10.09896364    10.09907203    10.10013813    10.10449070    10.11063293
  1079   -10.43992430    -4.59477724    -1.35096056    -1.34798248     2.96868328     5.04247679     5.04929979     7.32301127     8.94066231     8.94285311     9.80746866     9.81679566     9.92569846    10.04320730    10.06751733    10.08261499    10.09685310    10.09786769    10.09794205    10.09804344    10.09809101    10.09812068    10.09820966    10.09823178    10.09832436    10.09837656    10.09856123    10.09896550    10.09907719    10.10013904    10.10437267    10.11048478
  1080   -10.43083011    -4.61904943    -1.35460359    -1.35161891     2.96387209     5.03953973     5.04631258     7.34209036     8.96264349     8.96480084     9.80831991     9.81766781     9.92656165    10.04269166    10.06754588    10.08259953    10.09686454    10.09786454    10.09794072    10.09804061    10.09809036    10.09812083    10.09820967    10.09823159    10.09832257    10.09837575    10.09856115    10.09896528    10.09908038    10.10013510    10.10423563    10.11030294
  1081   -10.42183292    -4.64322908    -1.35823729    -1.35525263     2.95924472     5.03654843     5.04325682     7.36072924     8.98461194     8.98673213     9.80921716     9.81856648     9.92743848    10.04228854    10.06760248    10.08258010    10.09687798    10.09786141    10.09793976    10.09803779    10.09808992    10.09812112    10.09820967    10.09823134    10.09832047    10.09837447    10.09856027    10.09896296    10.09908157    10.10012636    10.10408022    10.11008838
  1082   -10.41292865    -4.66731468    -1.36186095    -1.35888297     2.95479753     5.03350676     5.04013671     7.37892128     9.00654963     9.00862931     9.81016088     9.81949198     9.92832498    10.04200403    10.06768723    10.08255718    10.09689336    10.09785824    10.09793917    10.09803502    10.09808971    10.09812156    10.09820966    10.09823106    10.09831807    10.09837275    10.09855858    10.09895849    10.09908075    10.10011286    10.10390720    10.10984220
  1083   -10.40411304    -4.69130462    -1.36547380    -1.36250921     2.95052649     5.03041852     5.03695638     7.39666065     9.02843857     9.03047479     9.81115156     9.82044468     9.92921682    10.04184402    10.06780024    10.08253124    10.09691061    10.09785493    10.09793897    10.09803233    10.09808973    10.09812215    10.09820965    10.09823073    10.09831538    10.09837057    10.09855610    10.09895188    10.09907790    10.10009467    10.10371742    10.10956560
  1084   -10.39538173    -4.71519721    -1.36907506    -1.36613058     2.94642730     5.02728739     5.03371991     7.41394234     9.05026082     9.05225105     9.81218967     9.82142501     9.93010941    10.04181414    10.06794157    10.08250279    10.09692966    10.09785139    10.09793915    10.09802977    10.09809001    10.09812288    10.09820963    10.09823037    10.09831242    10.09836797    10.09855282    10.09894310    10.09907301    10.10007187    10.10351184    10.10925990
  1085   -10.38673022    -4.73899069    -1.37266389    -1.36974623     2.94249531     5.02411700     5.03043129     7.43076222     9.07199852     9.07394062     9.81327575     9.82243343     9.93099790    10.04191959    10.06811126    10.08247233    10.09695046    10.09784750    10.09793973    10.09802740    10.09809054    10.09812376    10.09820961    10.09822996    10.09830919    10.09836494    10.09854875    10.09893215    10.09906608    10.10004455    10.10329151    10.10892650
  1086   -10.37815395    -4.76268319    -1.37623943    -1.37335528     2.93872563     5.02091086     5.02709448     7.44711709     9.09363387     9.09552613     9.81441035     9.82347049     9.93187730    10.04216515    10.06830930    10.08244037    10.09697295    10.09784312    10.09794069    10.09802528    10.09809134    10.09812479    10.09820958    10.09822952    10.09830571    10.09836150    10.09854391    10.09891904    10.09905710    10.10001281    10.10305763    10.10856691
  1087   -10.36964829    -4.78627276    -1.37980076    -1.37695681     2.93511306     5.01767239     5.02371331     7.46300464     9.11514920     9.11699029     9.81559410     9.82453683     9.93274253    10.04255501    10.06853566    10.08240741    10.09699705    10.09783810    10.09794205    10.09802350    10.09809240    10.09812596    10.09820956    10.09822904    10.09830199    10.09835767    10.09853831    10.09890378    10.09904608    10.09997678    10.10281150    10.10818275
  1088   -10.36120855    -4.80975737    -1.38334697    -1.38054982     2.93165219     5.01440490     5.02029159     7.47842353     9.13652691     9.13831590     9.81682770     9.82563319     9.93358852    10.04309270    10.06879026    10.08237393    10.09702270    10.09783224    10.09794381    10.09802214    10.09809375    10.09812727    10.09820953    10.09822854    10.09829804    10.09835347    10.09853195    10.09888638    10.09903302    10.09993656    10.10255458    10.10777574
  1089   -10.35283002    -4.83313487    -1.38687709    -1.38413331     2.92833734     5.01111161     5.01683298     7.49337337     9.15774954     9.15948586     9.81811194     9.82676044     9.93441029    10.04378099    10.06907297    10.08234041    10.09704984    10.09782536    10.09794595    10.09802129    10.09809536    10.09812873    10.09820950    10.09822800    10.09829387    10.09834891    10.09852486    10.09886687    10.09901794    10.09989229    10.10228847    10.10734771
  1090   -10.34450802    -4.85640302    -1.39039013    -1.38770619     2.92516266     5.00779564     5.01334111     7.50785474     9.17879973     9.18048313     9.81944775     9.82791958     9.93520307    10.04462179    10.06938361    10.08230728    10.09707838    10.09781720    10.09794847    10.09802103    10.09809725    10.09813032    10.09820947    10.09822743    10.09828952    10.09834402    10.09851705    10.09884528    10.09900084    10.09984411    10.10201492    10.10690058
  1091   -10.33623787    -4.87955949    -1.39388507    -1.39126736     2.92212209     5.00445999     5.00981950     7.52186919     9.19966028     9.20129078     9.82083616     9.82911181     9.93596232    10.04561608    10.06972193    10.08227493    10.09710827    10.09780750    10.09795137    10.09802143    10.09809941    10.09813206    10.09820945    10.09822684    10.09828498    10.09833883    10.09850853    10.09882164    10.09898175    10.09979214    10.10173589    10.10643639
  1092   -10.32801492    -4.90260185    -1.39736089    -1.39481568     2.91920939     5.00110757     5.00627156     7.53541924     9.22031410     9.22189196     9.82227840     9.83033849     9.93668385    10.04676380    10.07008761    10.08224369    10.09713940    10.09779595    10.09795462    10.09802256    10.09810184    10.09813393    10.09820942    10.09822622    10.09828029    10.09833334    10.09849933    10.09879599    10.09896068    10.09973655    10.10145353    10.10595731
  1093   -10.31983460    -4.92552756    -1.40081654    -1.39834996     2.91641821     4.99774117     5.00270064     7.54850839     9.24074427     9.24226988     9.82377586     9.83160120     9.93736388    10.04806386    10.07048025    10.08221381    10.09717170    10.09778220    10.09795821    10.09802446    10.09810453    10.09813594    10.09820940    10.09822558    10.09827546    10.09832760    10.09848948    10.09876837    10.09893768    10.09967746    10.10117023    10.10546561
  1094   -10.31169241    -4.94833398    -1.40425093    -1.40186899     2.91374204     4.99436348     4.99910998     7.56114106     9.26093399     9.26240780     9.82533015     9.83290176     9.93799908    10.04951405    10.07089934    10.08218546    10.09720504    10.09776583    10.09796212    10.09802717    10.09810748    10.09813808    10.09820939    10.09822492    10.09827051    10.09832162    10.09847898    10.09873884    10.09891277    10.09961502    10.10088861    10.10496371
  1095   -10.30358396    -4.97101838    -1.40766299    -1.40537153     2.91117429     4.99097710     4.99550272     7.57332263     9.28086663     9.28228903     9.82694311     9.83424226     9.93858657    10.05111107    10.07134425    10.08215869    10.09723929    10.09774637    10.09796633    10.09803071    10.09811070    10.09814036    10.09820939    10.09822424    10.09826547    10.09831543    10.09846788    10.09870747    10.09888599    10.09954935    10.10061158    10.10445418
  1096   -10.29550495    -4.99357792    -1.41105163    -1.40885631     2.90870826     4.98758450     4.99188192     7.58505936     9.30052570     9.30189694     9.82861684     9.83562507     9.93912399    10.05285050    10.07181421    10.08213341    10.09727425    10.09772333    10.09797080    10.09803508    10.09811416    10.09814277    10.09820939    10.09822353    10.09826037    10.09830907    10.09845618    10.09867435    10.09885739    10.09948057    10.10034234    10.10393974
  1097   -10.28745125    -5.01600967    -1.41441572    -1.41232204     2.90633722     4.98418807     4.98825053     7.59635839     9.31989485     9.32121490     9.83035374     9.83705291     9.93960945    10.05472685    10.07230830    10.08210940    10.09730962    10.09769625    10.09797551    10.09804027    10.09811787    10.09814531    10.09820940    10.09822280    10.09825524    10.09830256    10.09844392    10.09863963    10.09882702    10.09940876    10.10008435    10.10342328
  1098   -10.27941884    -5.03831058    -1.41775418    -1.41576740     2.90405438     4.98079008     4.98461143     7.60722773     9.33895788     9.34022630     9.83215652     9.83852882     9.94004150    10.05673363    10.07282537    10.08208626    10.09734485    10.09766494    10.09798041    10.09804628    10.09812183    10.09814799    10.09820942    10.09822204    10.09825014    10.09829593    10.09843112    10.09860350    10.09879493    10.09933388    10.09984129    10.10290794
  1099   -10.27140389    -5.06047753    -1.42106588    -1.41919108     2.90185295     4.97739273     4.98096739     7.61767614     9.35769871     9.35891454     9.83402825     9.84005623     9.94041914    10.05886333    10.07336410    10.08206342    10.09737880    10.09763003    10.09798546    10.09805308    10.09812602    10.09815081    10.09820946    10.09822124    10.09824511    10.09828922    10.09841782    10.09856628    10.09876118    10.09925571    10.09961697    10.10239707
  1100   -10.26340274    -5.08250729    -1.42434971    -1.42259173     2.89972613     4.97399809     4.97732108     7.62771317     9.37610141     9.37726304     9.83597233     9.84163899     9.94074176    10.06110757    10.07392287    10.08204010    10.09740844    10.09759448    10.09799057    10.09806064    10.09813046    10.09815376    10.09820951    10.09822038    10.09824022    10.09828246    10.09840403    10.09852841    10.09872584    10.09917356    10.09941526    10.10189432
  1101   -10.25541192    -5.10439653    -1.42760456    -1.42596800     2.89766716     4.97060816     4.97367510     7.63734906     9.39415015     9.39525522     9.83799258     9.84328136     9.94100906    10.06345704    10.07449983    10.08201539    10.09742523    10.09756773    10.09799566    10.09806895    10.09813514    10.09815687    10.09820958    10.09821944    10.09823556    10.09827569    10.09838978    10.09849052    10.09868898    10.09908546    10.09924041    10.10140365
  1102   -10.24742817    -5.12614184    -1.43082932    -1.42931852     2.89566930     4.96722484     4.97003194     7.64659472     9.41182922     9.41287453     9.84009319     9.84498806     9.94122105    10.06590155    10.07509288    10.08198821    10.09741503    10.09756619    10.09800059    10.09807798    10.09814006    10.09816013    10.09820967    10.09821837    10.09823127    10.09826895    10.09837508    10.09845340    10.09865066    10.09898778    10.09909702    10.10092942
  1103   -10.23944843    -5.14773972    -1.43402290    -1.43264195     2.89372591     4.96384994     4.96639402     7.65546164     9.42912301     9.43010444     9.84227877     9.84676428     9.94137795    10.06842974    10.07569983    10.08195746    10.09738260    10.09758908    10.09800519    10.09808771    10.09814523    10.09816356    10.09820978    10.09821709    10.09822751    10.09826229    10.09835994    10.09841795    10.09861095    10.09888146    10.09898351    10.10047648
  1104   -10.23146989    -5.16918658    -1.43718421    -1.43593692     2.89183042     4.96048519     4.96276367     7.66396187     9.44601604     9.44692851     9.84455431     9.84861568     9.94148019    10.07102821    10.07631910    10.08192226    10.09734687    10.09762303    10.09800922    10.09809813    10.09815066    10.09816719    10.09820992    10.09821554    10.09822445    10.09825575    10.09834433    10.09838505    10.09856994    10.09877760    10.09888675    10.10005018
  1105   -10.22348996    -5.19047875    -1.44031218    -1.43920207     2.88997638     4.95713222     4.95914312     7.67210790     9.46249293     9.46333040     9.84692521     9.85054839     9.94152830    10.07367722    10.07695334    10.08188263    10.09732110    10.09766156    10.09801237    10.09810921    10.09815637    10.09817104    10.09821006    10.09821377    10.09822217    10.09824939    10.09832818    10.09835543    10.09852767    10.09868367    10.09879641    10.09965651
  1106   -10.21550631    -5.21161248    -1.44340575    -1.44243606     2.88815746     4.95379261     4.95553454     7.67991269     9.47853849     9.47929394     9.84939720     9.85256899     9.94152295    10.07630969    10.07764763    10.08184230    10.09731481    10.09770246    10.09801425    10.09812096    10.09816240    10.09817517    10.09821011    10.09821215    10.09822052    10.09824328    10.09831133    10.09832959    10.09848420    10.09860044    10.09870873    10.09930211
  1107   -10.20751684    -5.23258396    -1.44646389    -1.44563754     2.88636748     4.95046784     4.95194000     7.68738952     9.49413771     9.49480322     9.85197630     9.85468449     9.94146487    10.07800058    10.07927972    10.08182912    10.09733605    10.09774508    10.09801455    10.09813337    10.09816879    10.09817965    10.09820970    10.09821140    10.09821930    10.09823748    10.09829381    10.09830760    10.09843956    10.09852631    10.09862276    10.09899421
  1108   -10.19951975    -5.25338929    -1.44948559    -1.44880518     2.88460044     4.94715933     4.94836151     7.69455196     9.50927584     9.50984266     9.85466874     9.85690225     9.94135481    10.07868194    10.08130439    10.08243547    10.09739188    10.09778959    10.09801358    10.09814647    10.09817561    10.09818455    10.09820908    10.09821154    10.09821832    10.09823210    10.09827635    10.09828854    10.09839381    10.09845935    10.09853862    10.09873996
  1109   -10.19151347    -5.27402451    -1.45246984    -1.45193769     2.88285049     4.94386843     4.94480099     7.70141381     9.52393849     9.52439718     9.85748088     9.85922990     9.94119358    10.07927918    10.08146431    10.08497081    10.09748839    10.09783718    10.09801391    10.09816027    10.09818297    10.09819000    10.09820901    10.09821199    10.09821751    10.09822722    10.09826002    10.09827108    10.09834724    10.09839798    10.09845705    10.09854456
  1110   -10.18349673    -5.29448561    -1.45541570    -1.45503376     2.88111201     4.94059641     4.94126030     7.70798904     9.53811176     9.53845233     9.86041902     9.86167526     9.94098199    10.07983861    10.08138705    10.08773578    10.09763073    10.09789140    10.09802390    10.09817484    10.09819101    10.09819613    10.09820975    10.09821265    10.09821679    10.09822294    10.09824531    10.09825441    10.09830121    10.09834109    10.09837934    10.09840660
  1111   -10.17546852    -5.31476852    -1.45832223    -1.45809213     2.87937959     4.93734449     4.93774122     7.71429170     9.55178238     9.55199452     9.86348925     9.86424615     9.94072086    10.08035933    10.08127109    10.09049978    10.09782312    10.09796303    10.09806066    10.09819025    10.09819989    10.09820307    10.09821134    10.09821352    10.09821615    10.09821934    10.09823224    10.09823829    10.09825975    10.09828797    10.09830736    10.09831329
  1112   -10.16742813    -5.33486912    -1.46118852    -1.46111157     2.87764805     4.93411385     4.93424546     7.72033589     9.56493790     9.56501120     9.86669724     9.86695023     9.94041101    10.08083553    10.08113193    10.09319231    10.09806843    10.09809122    10.09814691    10.09820666    10.09820985    10.09821097    10.09821378    10.09821464    10.09821558    10.09821647    10.09822063    10.09822277    10.09822759    10.09823842    10.09824356    10.09824495
  1113   -10.15937512    -5.35478323    -1.46409086    -1.46401371     2.87591246     4.93077467     4.93090557     7.72613569     9.57749116     9.57756697     9.86979474     9.87004801     9.94005327    10.08097348    10.08126104    10.09560571    10.09818731    10.09818919    10.09819397    10.09820515    10.09820812    10.09821028    10.09821431    10.09821505    10.09821605    10.09821702    10.09821991    10.09822110    10.09822429    10.09830338    10.09837226    10.09846156
  1114   -10.15130934    -5.37450667    -1.46702882    -1.46679697     2.87416815     4.92733044     4.92772072     7.73170507     9.58942482     9.58965953     9.87278628     9.87354561     9.93964850    10.08079770    10.08163081    10.09697799    10.09813427    10.09814092    10.09815951    10.09818965    10.09819491    10.09820106    10.09821280    10.09821458    10.09821780    10.09822097    10.09822995    10.09823381    10.09824348    10.09854442    10.09873236    10.09982484
  1115   -10.14323094    -5.39403518    -1.46992431    -1.46953750     2.87241072     4.92391430     4.92456030     7.73705789     9.60080452     9.60120719     9.87593049     9.87719288     9.93919757    10.08060629    10.08194178    10.09731350    10.09808352    10.09809508    10.09813720    10.09817836    10.09818411    10.09819292    10.09821182    10.09821416    10.09821990    10.09822557    10.09824108    10.09824801    10.09826461    10.09887750    10.09915274    10.10216331
  1116   -10.13514035    -5.41336451    -1.47277622    -1.47223455     2.87063606     4.92052770     4.92142527     7.74220781     9.61162482     9.61220349     9.87923174     9.88099113     9.93870141    10.08040100    10.08219337    10.09737295    10.09803412    10.09805061    10.09812288    10.09816971    10.09817656    10.09818617    10.09821123    10.09821380    10.09822235    10.09823072    10.09825328    10.09826358    10.09828806    10.09930403    10.09963500    10.10470983
  1117   -10.12703829    -5.43249037    -1.47558350    -1.47488741     2.86884036     4.91717207     4.91831656     7.74716823     9.62188285     9.62264425     9.88269279     9.88493983     9.93816103    10.08018377    10.08238752    10.09735447    10.09798568    10.09800729    10.09811102    10.09816281    10.09817166    10.09818216    10.09821094    10.09821351    10.09822511    10.09823635    10.09826650    10.09828028    10.09831399    10.09981995    10.10018163    10.10726168
  1118   -10.11892577    -5.45140847    -1.47834510    -1.47749541     2.86702009     4.91384875     4.91523505     7.75195228     9.63157851     9.63252786     9.88631451     9.88903636     9.93757753    10.07995672    10.08252842    10.09730413    10.09793804    10.09796510    10.09809864    10.09815690    10.09816681    10.09818289    10.09821084    10.09821334    10.09822816    10.09824241    10.09828066    10.09829789    10.09834226    10.10041604    10.10079654    10.10976801
  1119   -10.11080408    -5.47011450    -1.48106007    -1.48005791     2.86517206     4.91055906     4.91218159     7.75657273     9.64071471     9.64185557     9.89009556     9.89327582     9.93695220    10.07972204    10.08262191    10.09723792    10.09789117    10.09792402    10.09808527    10.09815160    10.09816137    10.09818728    10.09821088    10.09821334    10.09823143    10.09824883    10.09829571    10.09831620    10.09837245    10.10107891    10.10148504    10.11220717
  1120   -10.10267481    -5.48860416    -1.48372746    -1.48257436     2.86329340     4.90730425     4.90915699     7.76104200     9.64929749     9.65063166     9.89403219     9.89765077     9.93628659    10.07948203    10.08267482    10.09716296    10.09784510    10.09788407    10.09807121    10.09814674    10.09815589    10.09819317    10.09821099    10.09821367    10.09823490    10.09825559    10.09831157    10.09833508    10.09840403    10.10179440    10.10225129    10.11456591
  1121   -10.09453980    -5.50687315    -1.48634640    -1.48504421     2.86138155     4.90408554     4.90616203     7.76537206     9.65733606     9.65886357     9.89811809     9.90215114     9.93558274    10.07923896    10.08269430    10.09708289    10.09779988    10.09784529    10.09805682    10.09814223    10.09815061    10.09819911    10.09821113    10.09821468    10.09823851    10.09826265    10.09832819    10.09835445    10.09843645    10.10255260    10.10309411    10.11683430
  1122   -10.08640121    -5.52491717    -1.48891605    -1.48746698     2.85943429     4.90090408     4.90319750     7.76957446     9.66484270     9.66656192     9.90234424     9.90676396     9.93484358    10.07899510    10.08268738    10.09699979    10.09775559    10.09780771    10.09804234    10.09813804    10.09814561    10.09820383    10.09821132    10.09821710    10.09824223    10.09826998    10.09834550    10.09837423    10.09846923    10.10334911    10.10400624    10.11900415
  1123   -10.07826143    -5.54273196    -1.49143564    -1.48984224     2.85744973     4.89776101     4.90026411     7.77366026     9.67183260     9.67374037     9.90669889     9.91147269     9.93407398    10.07875260    10.08266057    10.09691494    10.09771233    10.09777136    10.09802793    10.09813413    10.09814089    10.09820651    10.09821155    10.09822146    10.09824603    10.09827754    10.09836346    10.09839438    10.09850195    10.10418227    10.10497753    10.12106840
  1124   -10.07012314    -5.56031326    -1.49390444    -1.49216960     2.85542632     4.89465740     4.89736260     7.77763998     9.67832357     9.68041541     9.91116728     9.91625498     9.93328377    10.07851356    10.08261970    10.09682918    10.09767018    10.09773629    10.09801370    10.09813048    10.09813647    10.09820768    10.09821184    10.09822708    10.09824988    10.09828530    10.09838200    10.09841486    10.09853430    10.10505062    10.10599771    10.12302087
  1125   -10.06198929    -5.57765687    -1.49632179    -1.49444874     2.85336286     4.89159431     4.89449366     7.78152363     9.68433568     9.68660603     9.91573055     9.92107294     9.93249923    10.07827993    10.08256985    10.09674307    10.09762926    10.09770253    10.09799974    10.09812707    10.09813235    10.09820816    10.09821217    10.09823309    10.09825376    10.09829323    10.09840107    10.09843560    10.09856599    10.10595204    10.10705735    10.12485612
  1126   -10.05386305    -5.59475860    -1.49868708    -1.49667937     2.85125846     4.88857274     4.89165798     7.78532068     9.68989086     9.69233332     9.92036025     9.92580745     9.93183510    10.07805352    10.08251536    10.09665703    10.09758964    10.09767014    10.09798609    10.09812389    10.09812852    10.09820835    10.09821253    10.09823906    10.09825763    10.09830127    10.09842062    10.09845656    10.09859681    10.10688368    10.10814790    10.12656941
  1127   -10.04574788    -5.61161432    -1.50099975    -1.49886125     2.84911260     4.88559367     4.88885623     7.78903997     9.69501242     9.69762000     9.92497525     9.92935417     9.93244257    10.07783600    10.08245986    10.09657138    10.09755144    10.09763914    10.09797282    10.09812092    10.09812500    10.09820841    10.09821291    10.09824482    10.09826149    10.09830938    10.09844058    10.09847768    10.09862656    10.10784212    10.10926156    10.12815666
  1128   -10.03764744    -5.62821994    -1.50325931    -1.50099421     2.84692507     4.88265803     4.88608907     7.79268981     9.69972459     9.70248992     9.92837480     9.93066435     9.93653627    10.07762890    10.08240632    10.09648635    10.09751475    10.09760960    10.09795996    10.09811816    10.09812178    10.09820841    10.09821330    10.09825032    10.09826529    10.09831751    10.09846091    10.09849890    10.09865509    10.10882348    10.11039111    10.12961439
  1129   -10.02956566    -5.64457143    -1.50546533    -1.50307812     2.84469600     4.87976674     4.88335716     7.79627787     9.70405211     9.70696758     9.92803221     9.93497247     9.94137393    10.07743360    10.08235719    10.09640214    10.09747966    10.09758154    10.09794756    10.09811557    10.09811889    10.09820838    10.09821370    10.09825551    10.09826903    10.09832559    10.09848153    10.09852016    10.09868227    10.10982347    10.11152974    10.13093979
  1130   -10.02150666    -5.66066481    -1.50761743    -1.50511290     2.84242584     4.87692068     4.88066113     7.79981123     9.70801979     9.71107772     9.92712804     9.93972931     9.94629085    10.07725131    10.08231441    10.09631891    10.09744625    10.09755502    10.09793564    10.09811314    10.09811634    10.09820834    10.09821410    10.09826039    10.09827268    10.09833359    10.09850237    10.09854138    10.09870800    10.11083750    10.11267098    10.13213064
  1131   -10.01347481    -5.67649619    -1.50971530    -1.50709852     2.84011538     4.87412069     4.87800163     7.80329633     9.71165219     9.71484485     9.92612081     9.94452936     9.95120245    10.07708312    10.08227950    10.09623677    10.09741462    10.09753007    10.09792424    10.09811087    10.09811411    10.09820830    10.09821450    10.09826495    10.09827622    10.09834143    10.09852337    10.09856249    10.09873218    10.11186066    10.11380863    10.13318534
  1132   -10.00547464    -5.69206172    -1.51175868    -1.50903501     2.83776570     4.87136759     4.87537930     7.80673903     9.71497329     9.71829298     9.92506145     9.94932367     9.95607766    10.07692995    10.08225361    10.09615584    10.09738485    10.09750672    10.09791338    10.09810876    10.09811220    10.09820826    10.09821490    10.09826920    10.09827963    10.09834909    10.09854444    10.09858341    10.09875474    10.11288779    10.11493668    10.13410290
  1133    -9.99751092    -5.70735765    -1.51374738    -1.51092243     2.83537819     4.86866220     4.87279475     7.81014453     9.71800629     9.72144531     9.92396536     9.95408956     9.96089741    10.07679261    10.08223760    10.09607621    10.09735700    10.09748502    10.09790308    10.09810682    10.09811058    10.09820823    10.09821530    10.09827313    10.09828290    10.09835650    10.09856549    10.09860405    10.09877562    10.11391353    10.11604927    10.13488292
  1134    -9.98958857    -5.72238029    -1.51568127    -1.51276090     2.83295456     4.86600527     4.87024862     7.81351745     9.72077339     9.72432405     9.92283978     9.95881081     9.96564743    10.07667177    10.08223204    10.09599794    10.09733115    10.09746498    10.09789338    10.09810507    10.09810923    10.09820822    10.09821569    10.09827673    10.09828602    10.09836362    10.09858645    10.09862433    10.09879477    10.11493232    10.11714068    10.13552562
  1135    -9.98171271    -5.73712607    -1.51756027    -1.51455059     2.83049677     4.86339755     4.86774154     7.81686177     9.72329570     9.72695027     9.92168920     9.96347430     9.97031639    10.07656797    10.08223730    10.09592110    10.09730737    10.09744665    10.09788429    10.09810352    10.09810814    10.09820821    10.09821608    10.09827999    10.09828898    10.09837042    10.09860720    10.09864416    10.09881216    10.11593843    10.11820531    10.13603178
  1136    -9.97388861    -5.75159146    -1.51938437    -1.51629170     2.82800710     4.86083977     4.86527414     7.82018089     9.72559314     9.72934384     9.92051701     9.96806909     9.97489513    10.07648165    10.08225354    10.09584573    10.09728571    10.09743004    10.09787583    10.09810218    10.09810728    10.09820822    10.09821645    10.09828288    10.09829181    10.09837686    10.09862765    10.09866343    10.09882778    10.11692603    10.11923766    10.13640281
  1137    -9.96612168    -5.76577306    -1.52115362    -1.51798450     2.82548805     4.85833264     4.86284703     7.82347760     9.72768442     9.73152333     9.91932609     9.97258611     9.97937642    10.07641311    10.08228074    10.09577187    10.09726622    10.09741518    10.09786802    10.09810106    10.09810664    10.09820825    10.09821681    10.09828539    10.09829450    10.09838290    10.09864768    10.09868206    10.09884164    10.11788923    10.12023237    10.13664071
  1138    -9.95841749    -5.77966755    -1.52286811    -1.51962927     2.82294240     4.85587682     4.86046086     7.82675412     9.72958699     9.73350609     9.91811908     9.97701798     9.98375471    10.07636257    10.08231875    10.09569955    10.09724895    10.09740208    10.09786087    10.09810015    10.09810622    10.09820828    10.09821716    10.09828749    10.09829705    10.09838851    10.09866717    10.09869993    10.09885374    10.11882209    10.12118416    10.13674809
  1139    -9.95078174    -5.79327172    -1.52452800    -1.52122636     2.82037318     4.85347300     4.85811625     7.83001209     9.73131710     9.73530820     9.91689850     9.98135886     9.98802599    10.07633013    10.08236732    10.09562878    10.09723395    10.09739076    10.09785441    10.09809945    10.09810600    10.09820833    10.09821748    10.09828916    10.09829947    10.09839367    10.09868597    10.09871696    10.09886413    10.11971865    10.12208786    10.13672817
  1140    -9.94322021    -5.80658245    -1.52613350    -1.52277615     2.81778362     4.85112179     4.85581383     7.83325260     9.73288981     9.73694457     9.91566679     9.98560435     9.99218761    10.07631583    10.08242605    10.09555956    10.09722125    10.09738122    10.09784864    10.09809896    10.09810598    10.09820839    10.09821779    10.09829040    10.09830175    10.09839833    10.09870392    10.09873304    10.09887287    10.12057300    10.12293844    10.13658486
  1141    -9.93573881    -5.81959674    -1.52768487    -1.52427904     2.81517717     4.84882383     4.85355424     7.83647621     9.73431907     9.73842894     9.91442640     9.98975131     9.99623818    10.07631957    10.08249448    10.09549190    10.09721087    10.09737349    10.09784357    10.09809869    10.09810614    10.09820846    10.09821807    10.09829121    10.09830388    10.09840248    10.09872082    10.09874812    10.09888005    10.12137927    10.12373090    10.13632279
  1142    -9.92834355    -5.83231167    -1.52918243    -1.52573550     2.81255749     4.84657972     4.85133811     7.83968297     9.73561772     9.73977400     9.91317975     9.99379780    10.00017738    10.07634123    10.08257209    10.09542579    10.09720283    10.09736755    10.09783922    10.09809862    10.09810649    10.09820854    10.09821833    10.09829159    10.09830583    10.09840610    10.09873640    10.09876215    10.09888579    10.12213161    10.12446032    10.13594740
  1143    -9.92104048    -5.84472446    -1.53062655    -1.52714599     2.80992841     4.84439004     4.84916608     7.84287240     9.73679760     9.74099143     9.91192925     9.99774288    10.00400586    10.07638056    10.08265828    10.09536119    10.09719715    10.09736340    10.09783560    10.09809875    10.09810702    10.09820863    10.09821857    10.09829155    10.09830760    10.09840916    10.09875033    10.09877518    10.09889022    10.12282417    10.12512171    10.13546517
  1144    -9.91383575    -5.85683242    -1.53201763    -1.52851102     2.80729394     4.84225535     4.84703879     7.84604357     9.73786959     9.74209195     9.91067733    10.00158654    10.00772506    10.07643728    10.08275241    10.09529807    10.09719383    10.09736105    10.09783271    10.09809908    10.09810771    10.09820874    10.09821877    10.09829108    10.09830917    10.09841165    10.09876216    10.09878729    10.09889352    10.12345096    10.12570990    10.13488391
  1145    -9.90673552    -5.86863298    -1.53335614    -1.52983115     2.80465822     4.84017621     4.84495688     7.84919510     9.73884369     9.74308545     9.90942643    10.00532951    10.01133712    10.07651102    10.08285381    10.09523639    10.09719288    10.09736049    10.09783056    10.09809960    10.09810857    10.09820885    10.09821894    10.09829020    10.09831052    10.09841356    10.09877145    10.09879862    10.09889588    10.12400558    10.12621922    10.13421335
  1146    -9.89974603    -5.88012366    -1.53464257    -1.53110694     2.80202555     4.83815315     4.84292099     7.85232516     9.73972907     9.74398099     9.90817895    10.00897320    10.01484473    10.07660137    10.08296179    10.09517608    10.09719428    10.09736170    10.09782916    10.09810031    10.09810959    10.09820896    10.09821908    10.09828889    10.09831164    10.09841486    10.09877787    10.09880918    10.09889746    10.12448066    10.12664304    10.13346624
  1147    -9.89287351    -5.89130212    -1.53587747    -1.53233896     2.79940032     4.83618667     4.84093177     7.85543154     9.74053412     9.74478689     9.90693732    10.01251958    10.01825102    10.07670786    10.08307564    10.09511707    10.09719802    10.09736466    10.09782850    10.09810121    10.09811077    10.09820908    10.09821919    10.09828718    10.09831253    10.09841554    10.09878127    10.09881885    10.09889840    10.12486672    10.12697288    10.13266035
  1148    -9.88612420    -5.90216612    -1.53706141    -1.53352783     2.79678706     4.83427727     4.83898985     7.85851162     9.74126654     9.74551081     9.90570395    10.01597104    10.02155949    10.07682998    10.08319466    10.09505926    10.09720408    10.09736937    10.09782859    10.09810228    10.09811209    10.09820921    10.09821925    10.09828506    10.09831316    10.09841561    10.09878167    10.09882745    10.09889879    10.12514965    10.12719719    10.13182228
  1149    -9.87950435    -5.91271353    -1.53819500    -1.53467418     2.79419034     4.83242543     4.83709588     7.86156245     9.74193337     9.74615975     9.90448123    10.01933033    10.02477388    10.07696718    10.08331816    10.09500253    10.09721244    10.09737579    10.09782944    10.09810352    10.09811356    10.09820933    10.09821928    10.09828253    10.09831354    10.09841504    10.09877919    10.09883478    10.09889859    10.12530523    10.12730074    10.13099350
  1150    -9.87302019    -5.92294231    -1.53927891    -1.53577863     2.79161484     4.83063161     4.83525049     7.86458075     9.74254103     9.74674015     9.90327153    10.02260044    10.02789808    10.07711889    10.08344546    10.09494675    10.09722304    10.09738391    10.09783103    10.09810493    10.09811517    10.09820945    10.09821926    10.09827961    10.09831366    10.09841385    10.09877403    10.09884068    10.09889770    10.12528877    10.12727040    10.13023492
  1151    -9.86667790    -5.93285057    -1.54031380    -1.53684185     2.78906525     4.82889626     4.83345433     7.86756294     9.74309539     9.74725794     9.90207720    10.02578456    10.03093610    10.07728452    10.08357593    10.09489176    10.09723586    10.09739370    10.09783338    10.09810651    10.09811692    10.09820957    10.09821920    10.09827631    10.09831351    10.09841203    10.09876642    10.09884502    10.09889597    10.12502732    10.12711958    10.12961023
  1152    -9.86048363    -5.94243648    -1.54130037    -1.53786448     2.78654634     4.82721980     4.83170803     7.87050517     9.74360182     9.74771853     9.90090055    10.02888598    10.03389195    10.07746345    10.08370896    10.09483736    10.09725084    10.09740512    10.09783647    10.09810823    10.09811879    10.09820968    10.09821909    10.09827263    10.09831309    10.09840958    10.09875662    10.09884770    10.09889319    10.12445432    10.12690594    10.12913355
  1153    -9.85444346    -5.95169836    -1.54223936    -1.53884720     2.78406286     4.82560265     4.83001222     7.87340335     9.74406518     9.74812688     9.89974385    10.03190801    10.03676962    10.07765510    10.08384401    10.09478331    10.09726792    10.09741815    10.09784030    10.09811011    10.09812079    10.09820977    10.09821893    10.09826859    10.09831240    10.09840652    10.09874488    10.09884863    10.09888919    10.12358468    10.12667530    10.12875030
  1154    -9.84856342    -5.96063460    -1.54313150    -1.53979067     2.78161959     4.82404518     4.82836753     7.87625319     9.74448992     9.74848757     9.89860932    10.03485395    10.03957302    10.07785888    10.08398061    10.09472936    10.09728706    10.09743274    10.09784487    10.09811213    10.09812292    10.09820983    10.09821870    10.09826422    10.09831142    10.09840285    10.09873143    10.09884775    10.09888381    10.12250020    10.12642258    10.12839091
  1155    -9.84284942    -5.96924370    -1.54397758    -1.54069555     2.77922126     4.82254779     4.82677457     7.87905019     9.74488006     9.74880476     9.89749914    10.03772699    10.04230589    10.07807424    10.08411839    10.09467516    10.09730817    10.09744887    10.09785017    10.09811429    10.09812517    10.09820985    10.09821841    10.09825954    10.09831017    10.09839860    10.09871649    10.09884501    10.09887690    10.12127787    10.12612605    10.12800812
  1156    -9.83730729    -5.97752426    -1.54477836    -1.54156250     2.77687262     4.82111082     4.82523397     7.88178973     9.74523926     9.74908226     9.89641542    10.04053020    10.04497182    10.07830070    10.08425707    10.09462033    10.09733119    10.09746649    10.09785618    10.09811659    10.09812753    10.09820980    10.09821805    10.09825462    10.09830865    10.09839378    10.09870026    10.09884036    10.09886836    10.11996835    10.12576978    10.12757608
  1157    -9.83194274    -5.98547498    -1.54553464    -1.54239219     2.77457832     4.81973463     4.82374632     7.88446706     9.74557081     9.74932359     9.89536021    10.04326643    10.04757414    10.07853784    10.08439651    10.09456440    10.09735604    10.09748556    10.09786290    10.09811902    10.09813001    10.09820964    10.09821761    10.09824950    10.09830685    10.09838842    10.09868289    10.09883379    10.09885810    10.11860363    10.12534484    10.12708136
  1158    -9.82676137    -5.99309465    -1.54624722    -1.54318525     2.77234299     4.81841952     4.82231222     7.88707732     9.74587771     9.74953192     9.89433550    10.04593827    10.05011591    10.07878538    10.08453674    10.09450683    10.09738263    10.09750603    10.09787031    10.09812157    10.09813260    10.09820929    10.09821707    10.09824431    10.09830478    10.09838255    10.09866457    10.09882527    10.09884607    10.11720539    10.12484674    10.12651711
  1159    -9.82176862    -6.00038213    -1.54691690    -1.54394233     2.77017115     4.81716580     4.82093227     7.88961560     9.74616264     9.74971018     9.89334319    10.04854796    10.05259986    10.07904319    10.08467800    10.09444696    10.09741088    10.09752787    10.09787841    10.09812425    10.09813529    10.09820860    10.09821646    10.09823921    10.09830245    10.09837620    10.09864542    10.09881479    10.09883224    10.11578987    10.12427360    10.12588003
  1160    -9.81696981    -6.00733638    -1.54754449    -1.54466403     2.76806727     4.81597376     4.81960703     7.89207697     9.74642800     9.74986103     9.89238512    10.05109735    10.05502828    10.07931139    10.08482079    10.09438399    10.09744071    10.09755103    10.09788717    10.09812704    10.09813809    10.09820731    10.09821581    10.09823444    10.09829986    10.09836942    10.09862560    10.09880235    10.09881660    10.11437034    10.12362504    10.12516883
  1161    -9.81237006    -6.01395646    -1.54813078    -1.54535096     2.76603566     4.81484366     4.81833708     7.89445648     9.74667596     9.74998688     9.89146303    10.05358776    10.05740294    10.07959042    10.08496597    10.09431698    10.09747201    10.09757546    10.09789657    10.09812995    10.09814098    10.09820507    10.09821523    10.09823030    10.09829702    10.09836226    10.09860521    10.09878796    10.09879917    10.11295841    10.12290168    10.12438344
  1162    -9.80797436    -6.02024148    -1.54867659    -1.54600370     2.76408057     4.81377576     4.81712296     7.89674920     9.74690843     9.75008994     9.89057859    10.05601986    10.05972497    10.07988120    10.08511483    10.09424480    10.09750469    10.09760110    10.09790660    10.09813297    10.09814397    10.09820162    10.09821479    10.09822702    10.09829393    10.09835475    10.09858437    10.09877160    10.09877999    10.11156474    10.12210478    10.12352465
  1163    -9.80378748    -6.02619062    -1.54918269    -1.54662280     2.76220606     4.81277027     4.81596522     7.89895028     9.74712711     9.75017221     9.88973337    10.05839353    10.06199460    10.08018531    10.08526929    10.09416609    10.09753866    10.09762791    10.09791722    10.09813610    10.09814705    10.09819702    10.09821451    10.09822460    10.09829063    10.09834696    10.09856320    10.09875326    10.09875914    10.11019940    10.12123607    10.12259378
  1164    -9.79981401    -6.03180317    -1.54964988    -1.54720879     2.76041609     4.81182742     4.81486438     7.90105493     9.74733351     9.75023552     9.88892885    10.06070756    10.06421082    10.08050538    10.08543206    10.09407925    10.09757381    10.09765584    10.09792842    10.09813932    10.09815019    10.09819157    10.09821437    10.09822287    10.09828710    10.09833894    10.09854177    10.09873283    10.09873684    10.10887214    10.12029761    10.12159258
  1165    -9.79605835    -6.03707844    -1.55007890    -1.54776218     2.75871443     4.81094739     4.81382095     7.90305847     9.74752896     9.75028149     9.88816642    10.06295940    10.06637087    10.08084560    10.08560700    10.09398240    10.09761004    10.09768483    10.09794015    10.09814261    10.09815338    10.09818568    10.09821430    10.09822160    10.09828338    10.09833074    10.09852018    10.09870997    10.09871350    10.10759250    10.11929173    10.12052313
  1166    -9.79252466    -6.04201583    -1.55047052    -1.54828343     2.75710471     4.81013034     4.81283543     7.90495637     9.74771459     9.75031164     9.88744739    10.06514463    10.06846927    10.08121262    10.08579956    10.09387342    10.09764726    10.09771481    10.09795238    10.09814593    10.09815654    10.09817976    10.09821430    10.09822061    10.09827947    10.09832241    10.09849850    10.09868470    10.09868926    10.10636992    10.11822094    10.11938774
  1167    -9.78921689    -6.04661479    -1.55082546    -1.54877298     2.75559036     4.80937643     4.81190829     7.90674424     9.74789141     9.75032729     9.88677295    10.06725634    10.07049635    10.08161701    10.08601738    10.09374995    10.09768535    10.09774574    10.09796505    10.09814914    10.09815951    10.09817440    10.09821433    10.09821982    10.09827539    10.09831402    10.09847680    10.09865755    10.09866372    10.10521369    10.11708794    10.11818893
  1168    -9.78613877    -6.05087484    -1.55114442    -1.54923125     2.75417462     4.80868579     4.81103999     7.90841791     9.74806026     9.75032967     9.88614421    10.06928426    10.07243573    10.08207571    10.08627124    10.09360958    10.09772422    10.09777755    10.09797813    10.09815181    10.09816170    10.09817085    10.09821438    10.09821914    10.09827116    10.09830561    10.09845513    10.09862887    10.09863667    10.10413289    10.11589554    10.11692939
  1169    -9.78329375    -6.05479554    -1.55142809    -1.54965858     2.75286053     4.80805852     4.81023097     7.90997337     9.74822188     9.75031987     9.88556220    10.07121366    10.07426070    10.08261549    10.08657616    10.09345012    10.09776376    10.09781016    10.09799152    10.09815261    10.09816281    10.09817097    10.09821445    10.09821856    10.09826680    10.09829722    10.09843356    10.09859884    10.09860812    10.10313609    10.11464666    10.11561192
  1170    -9.78068508    -6.05837649    -1.55167712    -1.55005531     2.75165094     4.80749471     4.80948165     7.91140689     9.74837686     9.75029888     9.88502782    10.07302424    10.07593050    10.08327648    10.08695265    10.09327012    10.09780388    10.09784350    10.09800516    10.09815076    10.09816507    10.09817361    10.09821452    10.09821804    10.09826233    10.09828891    10.09841212    10.09856760    10.09857810    10.10223098    10.11334435    10.11423947
  1171    -9.77831572    -6.06161735    -1.55189212    -1.55042172     2.75054845     4.80699442     4.80879244     7.91271497     9.74852571     9.75026758     9.88454192    10.07468980    10.07739187    10.08411019    10.08742731    10.09306960    10.09784447    10.09787747    10.09801894    10.09814817    10.09816860    10.09817706    10.09821460    10.09821758    10.09825776    10.09828070    10.09839086    10.09853527    10.09854668    10.10142363    10.11199175    10.11281507
  1172    -9.77618838    -6.06451782    -1.55207369    -1.55075806     2.74955546     4.80655770     4.80816372     7.91389436     9.74866882     9.75022676     9.88410523    10.07618002    10.07859632    10.08516151    10.08803144    10.09285096    10.09788544    10.09791198    10.09803277    10.09814640    10.09817273    10.09818083    10.09821468    10.09821717    10.09825312    10.09827263    10.09836982    10.09850196    10.09851394    10.10071778    10.11059214    10.11134183
  1173    -9.77430550    -6.06707764    -1.55222238    -1.55106454     2.74867413     4.80618457     4.80759584     7.91494215     9.74880650     9.75017714     9.88371842    10.07746659    10.07952997    10.08643804    10.08879549    10.09262005    10.09792667    10.09794686    10.09804663    10.09814630    10.09817720    10.09818478    10.09821475    10.09821680    10.09824841    10.09826473    10.09834902    10.09846779    10.09847997    10.10011409    10.10914899    10.10982298
  1174    -9.77266924    -6.06929658    -1.55233871    -1.55134130     2.74790638     4.80587503     4.80708915     7.91585569     9.74893898     9.75011936     9.88338206    10.07853312    10.08022226    10.08790000    10.08973911    10.09238751    10.09796806    10.09798189    10.09806070    10.09814847    10.09818195    10.09818886    10.09821483    10.09821648    10.09824368    10.09825701    10.09832853    10.09843288    10.09844485    10.09960983    10.10766600    10.10826184
  1175    -9.77128150    -6.07117445    -1.55242315    -1.55158846     2.74725387     4.80562906     4.80664397     7.91663268     9.74906642     9.75005398     9.88309663    10.07938360    10.08072057    10.08948142    10.09086078    10.09217437    10.09800944    10.09801672    10.09807568    10.09815336    10.09818693    10.09819305    10.09821490    10.09821620    10.09823891    10.09824950    10.09830837    10.09839735    10.09840867    10.09919906    10.10614726    10.10666184
  1176    -9.77014387    -6.07271110    -1.55247614    -1.55180608     2.74671805     4.80544660     4.80626059     7.91727113     9.74918889     9.74998151     9.88286255    10.08004149    10.08106538    10.09105633    10.09200481    10.09220361    10.09804909    10.09805218    10.09809331    10.09816114    10.09819215    10.09819734    10.09821497    10.09821595    10.09823415    10.09824220    10.09828861    10.09836131    10.09837154    10.09887344    10.10459736    10.10502656
  1177    -9.76925768    -6.07390640    -1.55249808    -1.55199419     2.74630007     4.80532759     4.80593929     7.91776942     9.74930643     9.74990240     9.88268014    10.08053933    10.08128428    10.09160709    10.09303994    10.09356775    10.09808162    10.09809283    10.09811638    10.09817165    10.09819759    10.09820172    10.09821505    10.09821574    10.09822939    10.09823513    10.09826932    10.09832492    10.09833354    10.09862313    10.10302172    10.10335983
  1178    -9.76862395    -6.07476026    -1.55248932    -1.55215275     2.74600087     4.80527195     4.80568032     7.91812626     9.74941900     9.74981703     9.88254967    10.08090738    10.08139515    10.09152107    10.09473237    10.09506570    10.09811417    10.09813393    10.09814596    10.09818449    10.09820326    10.09820618    10.09821512    10.09821557    10.09822466    10.09822829    10.09825058    10.09828831    10.09829477    10.09843751    10.10142689    10.10166577
  1179    -9.76824342    -6.07527260    -1.55245016    -1.55228169     2.74582108     4.80527954     4.80548390     7.91834073     9.74952651     9.74972574     9.88247132    10.08116770    10.08140942    10.09144423    10.09647209    10.09662370    10.09815529    10.09817481    10.09817970    10.09819919    10.09820917    10.09821071    10.09821521    10.09821542    10.09821996    10.09822168    10.09823252    10.09825168    10.09825533    10.09830545    10.09982116    10.09994906
  1180    -9.76811652    -6.07544338    -1.55238088    -1.55238088     2.74576110     4.80535025     4.80535025     7.91841228     9.74962882     9.74962882     9.88244519    10.08133329    10.08133329    10.09141662    10.09821531    10.09821531    10.09821531    10.09821531    10.09821531    10.09821531    10.09821531    10.09821531    10.09821531    10.09821531    10.09821531    10.09821531    10.09821531    10.09821531    10.09821531    10.09821531    10.09821531    10.09821531
  1181    -9.76811274    -6.07540877    -1.55270416    -1.55236458     2.74602401     4.80518442     4.80552705     7.91847965     9.74953832     9.74971297     9.88248414    10.08108140    10.08142417    10.09115978    10.09674680    10.09761652    10.09812946    10.09819446    10.09820344    10.09820409    10.09821124    10.09821251    10.09821392    10.09821670    10.09821820    10.09821945    10.09822656    10.09822788    10.09823655    10.09832230    10.09879181    10.10013289
  1182    -9.76810137    -6.07530494    -1.55347241    -1.55251698     2.74681231     4.80476235     4.80598226     7.91868155     9.74943865     9.74979347     9.88260107    10.08060970    10.08140164    10.09047855    10.09577385    10.09700496    10.09806095    10.09817395    10.09819218    10.09819311    10.09820722    10.09820980    10.09821256    10.09821809    10.09822119    10.09822368    10.09823775    10.09824113    10.09825825    10.09845358    10.09934189    10.10236976
  1183    -9.76808228    -6.07513193    -1.55472895    -1.55279384     2.74812478     4.80406224     4.80673831     7.91901739     9.74932708     9.74987258     9.88279621    10.07986661    10.08129577    10.08962019    10.09515617    10.09640252    10.09800591    10.09815372    10.09818110    10.09818283    10.09820325    10.09820715    10.09821125    10.09821944    10.09822427    10.09822803    10.09824883    10.09825495    10.09828045    10.09861119    10.09986392    10.10482062
  1184    -9.76805529    -6.07488980    -1.55648108    -1.55318636     2.74995937     4.80308455     4.80779583     7.91948616     9.74920124     9.74995190     9.88306993    10.07883479    10.08112269    10.08882875    10.09467262    10.09585629    10.09796083    10.09813371    10.09817004    10.09817343    10.09819932    10.09820455    10.09820999    10.09822073    10.09822742    10.09823255    10.09825974    10.09826922    10.09830323    10.09879584    10.10035750    10.10741736
  1185    -9.76802013    -6.07457863    -1.55872895    -1.55369230     2.75231321     4.80183119     4.80915438     7.92008646     9.74905923     9.75003230     9.88342274    10.07754901    10.08089036    10.08821645    10.09414617    10.09543224    10.09792288    10.09811387    10.09815907    10.09816482    10.09819543    10.09820197    10.09820878    10.09822195    10.09823062    10.09823724    10.09827042    10.09828377    10.09832661    10.09900703    10.10082293    10.11011567
  1186    -9.76797646    -6.07419852    -1.56147082    -1.55431071     2.75518264     4.80030483     4.81081322     7.92081651     9.74889966     9.75011385     9.88385527    10.07608247    10.08060225    10.08778733    10.09350931    10.09514673    10.09788988    10.09809414    10.09814826    10.09815690    10.09819158    10.09819941    10.09820763    10.09822309    10.09823384    10.09824214    10.09828083    10.09829848    10.09835063    10.09924331    10.10126087    10.11288450
  1187    -9.76792384    -6.07374961    -1.56470402    -1.55504101     2.75856320     4.79850871     4.81277146     7.92167411     9.74872165     9.75019586     9.88436828    10.07451514    10.08025903    10.08750073    10.09278867    10.09495409    10.09786030    10.09807447    10.09813762    10.09814958    10.09818778    10.09819687    10.09820652    10.09822412    10.09823704    10.09824725    10.09829091    10.09831319    10.09837534    10.09950259    10.10167221    10.11570018
  1188    -9.76786180    -6.07323203    -1.56842531    -1.55588262     2.76244964     4.79644670     4.81502801     7.92265670     9.74852473     9.75027700     9.88496261    10.07291317    10.07985920    10.08730951    10.09202462    10.09481198    10.09783305    10.09805481    10.09812720    10.09814279    10.09818403    10.09819433    10.09820544    10.09822504    10.09824021    10.09825258    10.09830064    10.09832777    10.09840075    10.09978236    10.10205791    10.11854332
  1189    -9.76778976    -6.07264597    -1.57263088    -1.55683501     2.76683591     4.79412321     4.81758161     7.92376132     9.74830879     9.75035536     9.88563916    10.07132463    10.07939926    10.08717092    10.09124956    10.09469800    10.09780739    10.09803513    10.09811702    10.09813645    10.09818034    10.09819182    10.09820437    10.09822584    10.09824334    10.09825810    10.09830996    10.09834212    10.09842688    10.10007993    10.10241901    10.12139706
  1190    -9.76770708    -6.07199161    -1.57731646    -1.55789755     2.77171524     4.79154328     4.82043087     7.92498464     9.74807402     9.75042856     9.88639890    10.06978273    10.07887381    10.08704348    10.09049720    10.09460123    10.09778286    10.09801537    10.09810709    10.09813048    10.09817672    10.09818932    10.09820332    10.09822653    10.09824640    10.09826379    10.09831885    10.09835613    10.09845374    10.10039249    10.10275654    10.12424607
  1191    -9.76761305    -6.07126916    -1.58247730    -1.55906961     2.77708006     4.78871248     4.82357422     7.92632295     9.74782085     9.75049385     9.88724281    10.06831017    10.07827568    10.08687837    10.08981351    10.09451617    10.09775912    10.09799550    10.09809742    10.09812484    10.09817316    10.09818686    10.09820226    10.09822709    10.09824940    10.09826961    10.09832728    10.09836971    10.09848133    10.10071721    10.10307153    10.12707602
  1192    -9.76750688    -6.07047886    -1.58810823    -1.56035048     2.78292211     4.78563696     4.82700997     7.92777218     9.74754987     9.75054817     9.88817187    10.06692245    10.07759617    10.08661521    10.08926049    10.09443993    10.09773597    10.09797548    10.09808804    10.09811949    10.09816967    10.09818444    10.09820118    10.09822752    10.09825233    10.09827554    10.09833526    10.09838282    10.09850964    10.10105126    10.10336498    10.12987317
  1193    -9.76738773    -6.06962095    -1.59420368    -1.56173939     2.78923239     4.78232342     4.83073626     7.92932792     9.74726182     9.75058826     9.88918701    10.06563020    10.07682579    10.08620642    10.08889041    10.09437093    10.09771326    10.09795528    10.09807893    10.09811437    10.09816625    10.09818207    10.09820009    10.09822783    10.09825519    10.09828150    10.09834277    10.09839539    10.09853865    10.10139177    10.10363789    10.13262423
  1194    -9.76725468    -6.06869571    -1.60075769    -1.56323554     2.79600118     4.77877913     4.83475109     7.93098537     9.74695754     9.75061070     9.89028910    10.06444049    10.07595526    10.08566324    10.08869822    10.09430831    10.09769092    10.09793486    10.09807012    10.09810947    10.09816290    10.09817976    10.09819896    10.09822802    10.09825797    10.09828746    10.09834985    10.09840739    10.09856834    10.10173590    10.10389128    10.13531619
  1195    -9.76710673    -6.06770343    -1.60776393    -1.56483805     2.80321810     4.77501188     4.83905235     7.93273943     9.74663794     9.75061199     9.89147891    10.06335776    10.07497683    10.08504376    10.08863166    10.09425169    10.09766886    10.09791420    10.09806161    10.09810476    10.09815963    10.09817752    10.09819780    10.09822808    10.09826067    10.09829334    10.09835651    10.09841879    10.09859867    10.10208071    10.10412619    10.13793627
  1196    -9.76694284    -6.06664439    -1.61521575    -1.56654602     2.81087208     4.77103002     4.84363779     7.93458464     9.74630399     9.75058860     9.89275707    10.06238425    10.07388568    10.08440256    10.08864013    10.09420094    10.09764707    10.09789326    10.09805340    10.09810024    10.09815642    10.09817536    10.09819661    10.09822802    10.09826328    10.09829907    10.09836282    10.09842958    10.09862958    10.10242319    10.10434378    10.14047186
  1197    -9.76676189    -6.06551893    -1.62310617    -1.56835847     2.81895141     4.76684242     4.84850504     7.93651522     9.74595667     9.75053705     9.89412405    10.06152018    10.07268084    10.08377325    10.08869121    10.09415616    10.09762550    10.09787203    10.09804549    10.09809588    10.09815328    10.09817327    10.09819537    10.09822785    10.09826580    10.09830457    10.09836884    10.09843975    10.09866102    10.10276014    10.10454540    10.14291052
  1198    -9.76656272    -6.06432738    -1.63142794    -1.57027440     2.82744374     4.76245848     4.85365160     7.93852508     9.74559695     9.75045393     9.89558009    10.06076364    10.07136570    10.08317302    10.08876573    10.09411760    10.09760415    10.09785048    10.09803789    10.09809170    10.09815020    10.09817127    10.09819411    10.09822756    10.09826821    10.09830975    10.09837466    10.09844930    10.09869292    10.10308806    10.10473269    10.14523999
  1199    -9.76634408    -6.06307008    -1.64017353    -1.57229274     2.83633609     4.75788813     4.85907487     7.94060783     9.74522580     9.75033598     9.89712524    10.06011001    10.06994812    10.08260922    10.08885185    10.09408567    10.09758299    10.09782860    10.09803059    10.09808769    10.09814716    10.09816936    10.09819281    10.09822716    10.09827051    10.09831453    10.09838037    10.09845822    10.09872518    10.10340304    10.10490778    10.14744818
  1200    -9.76610469    -6.06174739    -1.64933518    -1.57441241     2.84561488     4.75314181     4.86477217     7.94275675     9.74484414     9.75018009     9.89875926    10.05955056    10.06844105    10.08208367    10.08894147    10.09406088    10.09756200    10.09780637    10.09802361    10.09808385    10.09814416    10.09816753    10.09819150    10.09822666    10.09827267    10.09831882    10.09838607    10.09846653    10.09875770    10.10370051    10.10507345    10.14952322
  1201    -9.76584320    -6.06035968    -1.65890494    -1.57663228     2.85526594     4.74823045     4.87074070     7.94496489     9.74445282     9.74998340     9.90048163    10.05906931    10.06686498    10.08159526    10.08902851    10.09404386    10.09754120    10.09778379    10.09801695    10.09808019    10.09814119    10.09816578    10.09819016    10.09822607    10.09827467    10.09832257    10.09839184    10.09847423    10.09879036    10.10397514    10.10523334    10.15145347
  1202    -9.76555822    -6.05890734    -1.66887463    -1.57895116     2.86527453     4.74316551     4.87697758     7.94722497     9.74405261     9.74974330     9.90229154    10.05863533    10.06525488    10.08114161    10.08910794    10.09403531    10.09752056    10.09776086    10.09801061    10.09807673    10.09813822    10.09816410    10.09818883    10.09822539    10.09827650    10.09832574    10.09839776    10.09848133    10.09882303    10.10422093    10.10539184    10.15322755
  1203    -9.76524831    -6.05739074    -1.67923595    -1.58136787     2.87562533     4.73795897     4.88347984     7.94952948     9.74364415     9.74945747     9.90418782    10.05818428    10.06367834    10.08071993    10.08917532    10.09403599    10.09750008    10.09773758    10.09800460    10.09807347    10.09813523    10.09816248    10.09818752    10.09822463    10.09827812    10.09832832    10.09840387    10.09848786    10.09885556    10.10443188    10.10555345    10.15483441
  1204    -9.76491195    -6.05581030    -1.68998043    -1.58388117     2.88630247     4.73262326     4.89024448     7.95187063     9.74322794     9.74912393     9.90616897    10.05758155    10.06227230    10.08032752    10.08922656    10.09404669    10.09747976    10.09771397    10.09799894    10.09807044    10.09813222    10.09816090    10.09818624    10.09822380    10.09827950    10.09833035    10.09841016    10.09849383    10.09888778    10.10460352    10.10572125    10.15626333
  1205    -9.76454763    -6.05416640    -1.70109950    -1.58648980     2.89728957     4.72717136     4.89726838     7.95424040     9.74280427     9.74874109     9.90823315    10.05661453    10.06125067    10.07996197    10.08925781    10.09406813    10.09745960    10.09769003    10.09799362    10.09806766    10.09812915    10.09815933    10.09818501    10.09822291    10.09828063    10.09833190    10.09841664    10.09849925    10.09891952    10.10473450    10.10589541    10.15750401
  1206    -9.76415375    -6.05245947    -1.71258450    -1.58919249     2.90856967     4.72161673     4.90454842     7.95663053     9.74237320     9.74830778     9.91037810    10.05516783    10.06072925    10.07962125    10.08926536    10.09410093    10.09743961    10.09766581    10.09798865    10.09806516    10.09812602    10.09815774    10.09818385    10.09822198    10.09828147    10.09833303    10.09842324    10.09850416    10.09895060    10.10482683    10.10607292    10.15854660
  1207    -9.76372869    -6.05068992    -1.72442669    -1.59198794     2.92012533     4.71597330     4.91208139     7.95903255     9.74193447     9.74782330     9.91260123    10.05334812    10.06060089    10.07930370    10.08924565    10.09414554    10.09741980    10.09764135    10.09798405    10.09806297    10.09812282    10.09815610    10.09818278    10.09822101    10.09828201    10.09833386    10.09842992    10.09850857    10.09898081    10.10488455    10.10624894    10.15938176
  1208    -9.76327080    -6.04885816    -1.73661727    -1.59487482     2.93193856     4.71025556     4.91986407     7.96143774     9.74148740     9.74728756     9.91489953    10.05129836    10.06072143    10.07900799    10.08919524    10.09420220    10.09740019    10.09761671    10.09797980    10.09806114    10.09811952    10.09815438    10.09818181    10.09822002    10.09828223    10.09833446    10.09843660    10.09851252    10.09900996    10.10491208    10.10641855    10.16000074
  1209    -9.76277839    -6.04696462    -1.74914744    -1.59785180     2.94399089     4.70447843     4.92789320     7.96383720     9.74103078     9.74670113     9.91726963    10.04910105    10.06100651    10.07873311    10.08911080    10.09427085    10.09738081    10.09759197    10.09797591    10.09805971    10.09811612    10.09815256    10.09818095    10.09821904    10.09828216    10.09833493    10.09844320    10.09851605    10.09903786    10.10491330    10.10657766    10.16039542
  1210    -9.76224972    -6.04500972    -1.76200836    -1.60091754     2.95626331     4.69865740     4.93616552     7.96622185     9.74056264     9.74606545     9.91970774    10.04679743    10.06141241    10.07847830    10.08898900    10.09435119    10.09736170    10.09756724    10.09797235    10.09805874    10.09811262    10.09815061    10.09818019    10.09821807    10.09828181    10.09833534    10.09844963    10.09851920    10.09906431    10.10489130    10.10672329    10.16055841
  1211    -9.76168306    -6.04299388    -1.77519121    -1.60407068     2.96873632     4.69280841     4.94467772     7.96858238     9.74008004     9.74538308     9.92220970    10.04440945    10.06191416    10.07824304    10.08882652    10.09444267    10.09734289    10.09754266    10.09796910    10.09805829    10.09810900    10.09814854    10.09817951    10.09821714    10.09828124    10.09833574    10.09845581    10.09852202    10.09908913    10.10484857    10.10685348    10.16048313
  1212    -9.76107662    -6.04091753    -1.78868720    -1.60730987     2.98138994     4.68694795     4.95342654     7.97090936     9.73957861     9.74465804     9.92477094    10.04195022    10.06249516    10.07802704    10.08861986    10.09454449    10.09732445    10.09751843    10.09796613    10.09805844    10.09810527    10.09814634    10.09817890    10.09821625    10.09828050    10.09833618    10.09846165    10.09852456    10.09911215    10.10478715    10.10696711    10.16016392
  1213    -9.76042861    -6.03878107    -1.80248755    -1.61063372     2.99420366     4.68109300     4.96240868     7.97319315     9.73905211     9.74389634     9.92738649    10.03942851    10.06314260    10.07783021    10.08836530    10.09465570    10.09730641    10.09749480    10.09796339    10.09805925    10.09810142    10.09814403    10.09817834    10.09821543    10.09827968    10.09833669    10.09846704    10.09852691    10.09913320    10.10470885    10.10706375    10.15959610
  1214    -9.75973721    -6.03658493    -1.81658358    -1.61404089     3.00715647     4.67526107     4.97162090     7.97542397     9.73849169     9.74310660     9.93005098    10.03685084    10.06384543    10.07765275    10.08805872    10.09477516    10.09728882    10.09747213    10.09796082    10.09806081    10.09809748    10.09814166    10.09817779    10.09821469    10.09827887    10.09833730    10.09847190    10.09852912    10.09915215    10.10461545    10.10714351    10.15877617
  1215    -9.75900059    -6.03432952    -1.83096663    -1.61752999     3.02022690     4.66947019     4.98105994     7.97759191     9.73788535     9.74230063     9.93275862    10.03422245    10.06459324    10.07749509    10.08769560    10.09490158    10.09727167    10.09745091    10.09795837    10.09806317    10.09809345    10.09813924    10.09817726    10.09821402    10.09827816    10.09833805    10.09847614    10.09853129    10.09916886    10.10450876    10.10720701    10.15770192
  1216    -9.75821691    -6.03201526    -1.84562816    -1.62109967     3.03339294     4.66373889     4.99072261     7.97968688     9.73721767     9.74149364     9.93550317    10.03154787    10.06537567    10.07735808    10.08727085    10.09503349    10.09725488    10.09743182    10.09795598    10.09806638    10.09808940    10.09813685    10.09817672    10.09821344    10.09827764    10.09833898    10.09847970    10.09853347    10.09918323    10.10439079    10.10725523    10.15637259
  1217    -9.75738431    -6.02964254    -1.86055969    -1.62474857     3.04663211     4.65808626     5.00060576     7.98169870     9.73647094     9.74070311     9.93827797    10.02883118    10.06618192    10.07724302    10.08677885    10.09516916    10.09723830    10.09741577    10.09795358    10.09807037    10.09808543    10.09813454    10.09817619    10.09821293    10.09827740    10.09834016    10.09848255    10.09853572    10.09919513    10.10426381    10.10728952    10.15478911
  1218    -9.75650096    -6.02721175    -1.87575285    -1.62847533     3.05992143     4.65253190     5.01070626     7.98361704     9.73562814     9.73994579     9.94107586    10.02607621    10.06700027    10.07715185    10.08621343    10.09530655    10.09722162    10.09740396    10.09795112    10.09807460    10.09808219    10.09813242    10.09817568    10.09821250    10.09827752    10.09834170    10.09848469    10.09853808    10.09920444    10.10413045    10.10731154    10.15295438
  1219    -9.75556498    -6.02472330    -1.89119940    -1.63227862     3.07323746     4.64709594     5.02102109     7.98543149     9.73467729     9.73923331     9.94388915    10.02328663    10.06781759    10.07708733    10.08556796    10.09544316    10.09720443    10.09739781    10.09794853    10.09807510    10.09808364    10.09813061    10.09817523    10.09821215    10.09827805    10.09834376    10.09848618    10.09854056    10.09921102    10.10399376    10.10732318    10.15087351
  1220    -9.75457453    -6.02217757    -1.90689120    -1.63615711     3.08655625     4.64179900     5.03154724     7.98713149     9.73361437     9.73856926     9.94670957    10.02046607    10.06861865    10.07705325    10.08483564    10.09557601    10.09718633    10.09739882    10.09794578    10.09807197    10.09808958    10.09812936    10.09817489    10.09821189    10.09827904    10.09834657    10.09848712    10.09854317    10.09921466    10.10385729    10.10732661    10.14855427
  1221    -9.75352776    -6.01957493    -1.92282024    -1.64010947     3.09985341     4.63666226     5.04228183     7.98870642     9.73244277     9.73794972     9.94952820    10.01761814    10.06938524    10.07705435    10.08401016    10.09570159    10.09716704    10.09740820    10.09794282    10.09806860    10.09809627    10.09812917    10.09817471    10.09821176    10.09828049    10.09835046    10.09848765    10.09854591    10.09921511    10.10372517    10.10732417    10.14600752
  1222    -9.75242284    -6.01691574    -1.93897864    -1.64413441     3.11310409     4.63170736     5.05322204     7.99014556     9.73117014     9.73736642     9.95233532    10.01474651    10.07009512    10.07709561    10.08308729    10.09581607    10.09714646    10.09742647    10.09793960    10.09806559    10.09810226    10.09813092    10.09817482    10.09821180    10.09828238    10.09835588    10.09848798    10.09854881    10.09921202    10.10360215    10.10731840    10.14324782
  1223    -9.75125795    -6.01420038    -1.95535867    -1.64823063     3.12628304     4.62695642     5.06436513     7.99143810     9.72980517     9.73680985     9.95512028    10.01185501    10.07072060    10.07717907    10.08206914    10.09591563    10.09712467    10.09745291    10.09793609    10.09806320    10.09810621    10.09813558    10.09817535    10.09821211    10.09828461    10.09836339    10.09848836    10.09855197    10.09920495    10.10349360    10.10731203    10.14029409
  1224    -9.75003128    -6.01142918    -1.97195273    -1.65239687     3.13936458     4.62243203     5.07570848     7.99257316     9.72835581     9.73627118     9.95787128    10.00894769    10.07122659    10.07729261    10.08097702    10.09599700    10.09710186    10.09748504    10.09793224    10.09806160    10.09810789    10.09814278    10.09817655    10.09821281    10.09828702    10.09837346    10.09848914    10.09855557    10.09919338    10.10340539    10.10730793    10.13717046
  1225    -9.74874106    -6.00860250    -1.98875337    -1.65663188     3.15232271     4.61815717     5.08724957     7.99353980     9.72682858     9.73574280     9.96057502    10.00602900    10.07156547    10.07736654    10.07989973    10.09605792    10.09707823    10.09751851    10.09792806    10.09806091    10.09810818    10.09815066    10.09817876    10.09821408    10.09828941    10.09838602    10.09849081    10.09855988    10.09917686    10.10334361    10.10730915    10.13390724
  1226    -9.74738554    -6.00572066    -2.00575330    -1.66093442     3.16513108     4.61415524     5.09898598     7.99432702     9.72522862     9.73521835     9.96321617    10.00310407    10.07166077    10.07713098    10.07915236    10.09609715    10.09705394    10.09754754    10.09792360    10.09806107    10.09810784    10.09815741    10.09818216    10.09821612    10.09829158    10.09839983    10.09849393    10.09856524    10.09915521    10.10331391    10.10731882    10.13054210
  1227    -9.74596299    -6.00278398    -2.02294538    -1.66530328     3.17776311     4.61044992     5.11091543     7.99492377     9.72355988     9.73469246     9.96577656    10.00017916    10.07136805    10.07635584    10.07907561    10.09611390    10.09702911    10.09756605    10.09791901    10.09806183    10.09810726    10.09816232    10.09818629    10.09821905    10.09829337    10.09841220    10.09849871    10.09857169    10.09912899    10.10332045    10.10733997    10.12712132
  1228    -9.74447173    -5.99979280    -2.04032260    -1.66973726     3.19019202     4.60706518     5.12303574     7.99531898     9.72182543     9.73416049     9.96823374     9.99726269    10.07046143    10.07552849    10.07937237    10.09610687    10.09700379    10.09756864    10.09791458    10.09806274    10.09810658    10.09816587    10.09819025    10.09822272    10.09829467    10.09842034    10.09850429    10.09857792    10.09910008    10.10336418    10.10737495    10.12370149
  1229    -9.74291010    -5.99674740    -2.05787814    -1.67423521     3.20239091     4.60402516     5.13534488     7.99550151     9.72002766     9.73361828     9.97055821     9.99436726    10.06881129    10.07499255    10.07979294    10.09607269    10.09697798    10.09755099    10.09791062    10.09806320    10.09810579    10.09816876    10.09819352    10.09822674    10.09829534    10.09842290    10.09850887    10.09858042    10.09907196    10.10344061    10.10742393    10.12035221
  1230    -9.74127652    -5.99364809    -2.07560531    -1.67879596     3.21433287     4.60135410     5.14784096     7.99546024     9.71816841     9.73306204     9.97270754     9.99151466    10.06651546    10.07470346    10.08025120    10.09600392    10.09695153    10.09750979    10.09790740    10.09806257    10.09810483    10.09817143    10.09819613    10.09823070    10.09829517    10.09841954    10.09851090    10.09857538    10.09904892    10.10353653    10.10748054    10.11716225
  1231    -9.73956942    -5.99049517    -2.09349758    -1.68341840     3.22599106     4.59907625     5.16052220     7.99518403     9.71624915     9.73248816     9.97461157     9.98874937    10.06371235    10.07453783    10.08070666    10.09588584    10.09692410    10.09744333    10.09790504    10.09806016    10.09810364    10.09817403    10.09819824    10.09823430    10.09829371    10.09840945    10.09850941    10.09856352    10.09903377    10.10362424    10.10751837    10.11425736
  1232    -9.73778728    -5.98728891    -2.11154859    -1.68810141     3.23733886     4.59721573     5.17338699     7.99466173     9.71427099     9.73189317     9.97612930     9.98617981    10.06048735    10.07442392    10.08113286    10.09569196    10.09689500    10.09735376    10.09790354    10.09805513    10.09810225    10.09817657    10.09819987    10.09823732    10.09829003    10.09839204    10.09850397    10.09855133    10.09902600    10.10364792    10.10744915    10.11185486
  1233    -9.73592868    -5.98402960    -2.12975211    -1.69284393     3.24834997     4.59579642     5.18643386     7.99388224     9.71223482     9.73127367     9.97692403     9.98410068    10.05690054    10.07432864    10.08150839    10.09538049    10.09686299    10.09725057    10.09790284    10.09804630    10.09810078    10.09817897    10.09820076    10.09823932    10.09828271    10.09837045    10.09849647    10.09854379    10.09902271    10.10349320    10.10707147    10.11034425
  1234    -9.73399221    -5.98071752    -2.14810208    -1.69764487     3.25899856     4.59484180     5.19966149     7.99283446     9.71014126     9.73062630     9.97640031     9.98305261    10.05301680    10.07423640    10.08181265    10.09490080    10.09682623    10.09715032    10.09790288    10.09803202    10.09809940    10.09818103    10.09820012    10.09823890    10.09827187    10.09835196    10.09848973    10.09854021    10.09902060    10.10299122    10.10645956    10.10988885
  1235    -9.73197655    -5.97735292    -2.16659257    -1.70250322     3.26925945     4.59437482     5.21306873     7.99150736     9.70799074     9.72994770     9.97456628     9.98295560    10.04892208    10.07413885    10.08202286    10.09422132    10.09678315    10.09706870    10.09790352    10.09801016    10.09809818    10.09818202    10.09819653    10.09823373    10.09826370    10.09834061    10.09848443    10.09853881    10.09901707    10.10216786    10.10609514    10.11002640
  1236    -9.72988043    -5.97393609    -2.18521782    -1.70741795     3.27910826     4.59441771     5.22665455     7.98988997     9.70578352     9.72923449     9.97211541     9.98302283    10.04473115    10.07403044    10.08211194    10.09336921    10.09673428    10.09701148    10.09790413    10.09797864    10.09809709    10.09817780    10.09819188    10.09822746    10.09826198    10.09833472    10.09847998    10.09853870    10.09901014    10.10132333    10.10600723    10.11042019
  1237    -9.72770268    -5.97046727    -2.20397218    -1.71238806     3.28852158     4.59499185     5.24041812     7.98797142     9.70351964     9.72848331     9.96943905     9.98274555    10.04058937    10.07390634    10.08204859    10.09244038    10.09668215    10.09697510    10.09789999    10.09793975    10.09809599    10.09816554    10.09819175    10.09822461    10.09826326    10.09833178    10.09847567    10.09853951    10.09899809    10.10064687    10.10605399    10.11095383
  1238    -9.72544219    -5.96694675    -2.22285018    -1.71741259     3.29747715     4.59611753     5.25435874     7.98574093     9.70119898     9.72769076     9.96667382     9.98184986    10.03666637    10.07376114    10.08180288    10.09155968    10.09662884    10.09695343    10.09786055    10.09792258    10.09809468    10.09815239    10.09819333    10.09822402    10.09826546    10.09833036    10.09847107    10.09854102    10.09897916    10.10016052    10.10616071    10.11158169
  1239    -9.72309791    -5.96337478    -2.24184645    -1.72249057     3.30595407     4.59781382     5.26847589     7.98318787     9.69882122     9.72685345     9.96386928     9.98014611    10.03313662    10.07358792    10.08135969    10.09082812    10.09657477    10.09694180    10.09778841    10.09792465    10.09809294    10.09814129    10.09819529    10.09822438    10.09826784    10.09832979    10.09846591    10.09854299    10.09895184    10.09982936    10.10629725    10.11227948
  1240    -9.72066890    -5.95975164    -2.26095577    -1.72762107     3.31393293     4.60009837     5.28276919     7.98030175     9.69638586     9.72596800     9.96104272     9.97750708    10.03014479    10.07337722    10.08073425    10.09029381    10.09651928    10.09693726    10.09770114    10.09793042    10.09809058    10.09813254    10.09819735    10.09822515    10.09827011    10.09832979    10.09846015    10.09854514    10.09891622    10.09961406    10.10645152    10.11303110
  1241    -9.71815430    -5.95607759    -2.28017305    -1.73280317     3.32139602     4.60298727     5.29723845     7.97707230     9.69389220     9.72503103     9.95819341     9.97389131    10.02776728    10.07311602    10.07997574    10.08995321    10.09646125    10.09693789    10.09760451    10.09793803    10.09808748    10.09812582    10.09819944    10.09822607    10.09827212    10.09833022    10.09845382    10.09854715    10.09887567    10.09948116    10.10661857    10.11382442
  1242    -9.71555333    -5.95235291    -2.29949332    -1.73803597     3.32832748     4.60649483     5.31188361     7.97348944     9.69133930     9.72403920     9.95530071     9.96936275    10.02599410    10.07278723    10.07915389    10.08977252    10.09639945    10.09694222    10.09750411    10.09794711    10.09808366    10.09812070    10.09820155    10.09822699    10.09827380    10.09833107    10.09844701    10.09854877    10.09883605    10.09940330    10.10679630    10.11464977
  1243    -9.71286531    -5.94857790    -2.31891171    -1.74331858     3.33471343     4.61063351     5.32670479     7.96954338     9.68872600     9.72298922     9.95230426     9.96409466    10.02474483    10.07237086    10.07834046    10.08971090    10.09633268    10.09694890    10.09740571    10.09795744    10.09807934    10.09811669    10.09820366    10.09822782    10.09827513    10.09833234    10.09843982    10.09854983    10.09880238    10.09936033    10.10698373    10.11549915
  1244    -9.71008966    -5.94475285    -2.33842350    -1.74865014     3.34054211     4.61541374     5.34170226     7.96522458     9.68605092     9.72187786     9.94903751     9.95840012    10.02390483    10.07184881    10.07759524    10.08973312    10.09625983    10.09695619    10.09731490    10.09796878    10.09807477    10.09811336    10.09820580    10.09822848    10.09827614    10.09833405    10.09843233    10.09855035    10.09877691    10.09933952    10.10718028    10.11636575
  1245    -9.70722589    -5.94087807    -2.35802405    -1.75402979     3.34580396     4.62084385     5.35687644     7.96052386     9.68331239     9.72070200     9.94505560     9.95287169    10.02335802    10.07121326    10.07695648    10.08981274    10.09617999    10.09696142    10.09723728    10.09798077    10.09807028    10.09811041    10.09820795    10.09822889    10.09827688    10.09833625    10.09842458    10.09855053    10.09875967    10.09933368    10.10738546    10.11724367
  1246    -9.70427361    -5.93695389    -2.37770883    -1.75945667     3.35049172     4.62692998     5.37222791     7.95543241     9.68050847     9.71945861     9.93967642     9.94832297    10.02300466    10.07047332    10.07643633    10.08993098    10.09609258    10.09696013    10.09717912    10.09799277    10.09806622    10.09810767    10.09821013    10.09822902    10.09827739    10.09833896    10.09841666    10.09855072    10.09874964    10.09933904    10.10759873    10.11812769
  1247    -9.70123254    -5.93298064    -2.39747340    -1.76492997     3.35460044     4.63367607     5.38775739     7.94994184     9.67763695     9.71814479     9.93293548     9.94482880    10.02276654    10.06965315    10.07602537    10.09007461    10.09599738    10.09694736    10.09714615    10.09800382    10.09806301    10.09810519    10.09821234    10.09822886    10.09827770    10.09834227    10.09840870    10.09855132    10.09874557    10.09935370    10.10781955    10.11901310
  1248    -9.69810250    -5.92895868    -2.41731343    -1.77044885     3.35812749     4.64108380     5.40346575     7.94404422     9.67469528     9.71675782     9.92542194     9.94189083    10.02258564    10.06878303    10.07570355    10.09023420    10.09589449    10.09692380    10.09713758    10.09801251    10.09806111    10.09810327    10.09821455    10.09822846    10.09827783    10.09834623    10.09840092    10.09855263    10.09874630    10.09937683    10.10804730    10.11989555
  1249    -9.69488342    -5.92488841    -2.43722466    -1.77601250     3.36107256     4.64915265     5.41935400     7.93773214     9.67168063     9.71529513     9.91750112     9.93921870    10.02242058    10.06789103    10.07544988    10.09040280    10.09578425    10.09689661    10.09714549    10.09801750    10.09806045    10.09810259    10.09821672    10.09822789    10.09827782    10.09835093    10.09839363    10.09855485    10.09875096    10.09940820    10.10828135    10.12077098
  1250    -9.69157534    -5.92077022    -2.45720292    -1.78162011     3.36343755     4.65787993     5.43542329     7.93099875     9.66858982     9.71375438     9.90934879     9.93669944    10.02224291    10.06699937    10.07524706    10.09057523    10.09566704    10.09687179    10.09716264    10.09801861    10.09805962    10.09810391    10.09821868    10.09822728    10.09827782    10.09835645    10.09838713    10.09855805    10.09875887    10.09944790    10.10852109    10.12163552
  1251    -9.68817841    -5.91660455    -2.47724409    -1.78727088     3.36522657     4.66726087     5.45167488     7.92383783     9.66541939     9.71213342     9.90106470     9.93428708    10.02203408    10.06612411    10.07508231    10.09074750    10.09554316    10.09685189    10.09718501    10.09801683    10.09805687    10.09810720    10.09821980    10.09822712    10.09827816    10.09836281    10.09838170    10.09856218    10.09876951    10.09949616    10.10876594    10.12248545
  1252    -9.68469290    -5.91239187    -2.49734415    -1.79296401     3.36644572     4.67728873     5.46811017     7.91624383     9.66216555     9.71043038     9.89271673     9.93196069    10.02178299    10.06527633    10.07494665    10.09091656    10.09541283    10.09683739    10.09721057    10.09801318    10.09805175    10.09811129    10.09821891    10.09822827    10.09827932    10.09836995    10.09837751    10.09856716    10.09878243    10.09955319    10.10901536    10.12331712
  1253    -9.68111916    -5.90813266    -2.51749913    -1.79869870     3.36710306     4.68795490     5.48473069     7.90821192     9.65882425     9.70864361     9.88435722     9.92970972    10.02148416    10.06446332    10.07483395    10.09108009    10.09527613    10.09682786    10.09723814    10.09800811    10.09804483    10.09811486    10.09821579    10.09823062    10.09828175    10.09837423    10.09837808    10.09857285    10.09879724    10.09961904    10.10926889    10.12412701
  1254    -9.67745768    -5.90382747    -2.53770510    -1.80447415     3.36720836     4.69924907     5.50153805     7.89973806     9.65539119     9.70677177     9.87602977     9.92752838    10.02113630    10.06368974    10.07474005    10.09123643    10.09513303    10.09682254    10.09726693    10.09800153    10.09803702    10.09811722    10.09821094    10.09823350    10.09828564    10.09837242    10.09838632    10.09857914    10.09881350    10.09969346    10.10952613    10.12491161
  1255    -9.67370907    -5.89947685    -2.55795819    -1.81028958     3.36677301     4.71115937     5.51853398     7.89081906     9.65186191     9.70481380     9.86777242     9.92541319    10.02074125    10.06295831    10.07466222    10.09138444    10.09498350    10.09682056    10.09729636    10.09799298    10.09802932    10.09811824    10.09820479    10.09823658    10.09829080    10.09837143    10.09839492    10.09858587    10.09883080    10.09977582    10.10978675    10.12566751
  1256    -9.66987402    -5.89508142    -2.57825458    -1.81614417     3.36580976     4.72367256     5.53572030     7.88145261     9.64823183     9.70276895     9.85961933     9.92336185    10.02030311    10.06227045    10.07459870    10.09152340    10.09482752    10.09682110    10.09732594    10.09798205    10.09802257    10.09811811    10.09819771    10.09823971    10.09829688    10.09837120    10.09840354    10.09859292    10.09884874    10.09986503    10.11005046    10.12639137
  1257    -9.66595337    -5.89064182    -2.59859047    -1.82203714     3.36433263     4.73677417     5.55309892     7.87163733     9.64449639     9.70063676     9.85160164     9.92137263    10.01982757    10.06162670    10.07454841    10.09165294    10.09466513    10.09682343    10.09735526    10.09796877    10.09801712    10.09811707    10.09819005    10.09824284    10.09830347    10.09837157    10.09841198    10.09860016    10.09886698    10.09995960    10.11031701    10.12707993
  1258    -9.66194803    -5.88615876    -2.61896211    -1.82796766     3.36235664     4.75044868     5.57067183     7.86137286     9.64065114     9.69841711     9.84374799     9.91944408    10.01932133    10.06102702    10.07451078    10.09177285    10.09449657    10.09682693    10.09738398    10.09795361    10.09801284    10.09811537    10.09818210    10.09824596    10.09831022    10.09837243    10.09842010    10.09860748    10.09888522    10.10005771    10.11058617    10.12773004
  1259    -9.65785907    -5.88163298    -2.63936575    -1.83393494     3.35989767     4.76467969     5.58844109     7.85065988     9.63669190     9.69611019     9.83608470     9.91757484    10.01879178    10.06047100    10.07448559    10.09188299    10.09432235    10.09683113    10.09741183    10.09793716    10.09800950    10.09811319    10.09817408    10.09824906    10.09831687    10.09837371    10.09842783    10.09861477    10.09890325    10.10015733    10.11085767    10.12833870
  1260    -9.65368761    -5.87706528    -2.65979767    -1.83993814     3.35697227     4.77945006     5.60640880     7.83950013     9.63261493     9.69371652     9.82863589     9.91576355    10.01824655    10.05995807    10.07447285    10.09198296    10.09414340    10.09683565    10.09743861    10.09791993    10.09800690    10.09811062    10.09816619    10.09825213    10.09832321    10.09837536    10.09843518    10.09862192    10.09892093    10.10025635    10.11113122    10.12890306
  1261    -9.64943492    -5.87245650    -2.68025418    -1.84597644     3.35359751     4.79474205     5.62457713     7.82789652     9.62841711     9.69123692     9.82142344     9.91400877    10.01769336    10.05948761    10.07447276    10.09207189    10.09396138    10.09684022    10.09746414    10.09790236    10.09800489    10.09810772    10.09815858    10.09825517    10.09832910    10.09837733    10.09844217    10.09862886    10.09893816    10.10035273    10.11140646    10.12942046
  1262    -9.64510237    -5.86780756    -2.70073155    -1.85204900     3.34979080     4.81053749     5.64294827     7.81585309     9.62409608     9.68867253     9.81446687     9.91230898    10.01713976    10.05905900    10.07448559    10.09214780    10.09377916    10.09684466    10.09748834    10.09788480    10.09800338    10.09810446    10.09815145    10.09825817    10.09833443    10.09837959    10.09844889    10.09863549    10.09895489    10.10044461    10.11168296    10.12988843
  1263    -9.64069141    -5.86311941    -2.72122610    -1.85815497     3.34556978     4.82681784     5.66152446     7.80337510     9.61965046     9.68602481     9.80778331     9.91066255    10.01659304    10.05867171    10.07451172    10.09220678    10.09360168    10.09684885    10.09751111    10.09786756    10.09800227    10.09810081    10.09814497    10.09826112    10.09833912    10.09838207    10.09845542    10.09864174    10.09897110    10.10053040    10.11196020    10.13030476
  1264    -9.63620361    -5.85839309    -2.74173410    -1.86429349     3.34095214     4.84356432     5.68030793     7.79046901     9.61508000     9.68329549     9.80138730     9.90906774    10.01606013    10.05832532    10.07455153    10.09224148    10.09343740    10.09685272    10.09753242    10.09785091    10.09800147    10.09809675    10.09813929    10.09826403    10.09834314    10.09838469    10.09846185    10.09864753    10.09898679    10.10060878    10.11223758    10.13066747
  1265    -9.63164062    -5.85362968    -2.76225184    -1.87046368     3.33595557     4.86075801     5.69930094     7.77714257     9.61038565     9.68048659     9.79529075     9.90752270    10.01554753    10.05801951    10.07460540    10.09223985    10.09329957    10.09685625    10.09755223    10.09783509    10.09800087    10.09809229    10.09813453    10.09826687    10.09834652    10.09838735    10.09846828    10.09865281    10.09900196    10.10067880    10.11251439    10.13097487
  1266    -9.62700421    -5.84883033    -2.78277557    -1.87666464     3.33059760     4.87837986     5.71850573     7.76340475     9.60556971     9.67760040     9.78950283     9.90602551    10.01506125    10.05775411    10.07467368    10.09218747    10.09320390    10.09685944    10.09757052    10.09782032    10.09800033    10.09808755    10.09813073    10.09826965    10.09834930    10.09838993    10.09847476    10.09865754    10.09901664    10.10073981    10.11278986    10.13122552
  1267    -9.62229621    -5.84399626    -2.80330154    -1.88289548     3.32489557     4.89641080     5.73792451     7.74926584     9.60063580     9.67463949     9.78403002     9.90457414    10.01460684    10.05752904    10.07475667    10.09207723    10.09315885    10.09686233    10.09758729    10.09780680    10.09799970    10.09808273    10.09812786    10.09827235    10.09835153    10.09839232    10.09848134    10.09866166    10.09903082    10.10079146    10.11306316    10.13141829
  1268    -9.61751856    -5.83912876    -2.82382594    -1.88915526     3.31886649     4.91483173     5.75755947     7.73473741     9.59558884     9.67160665     9.77887609     9.90316653    10.01418937    10.05734433    10.07485463    10.09191660    10.09315841    10.09686497    10.09760248    10.09779475    10.09799878    10.09807809    10.09812584    10.09827495    10.09835329    10.09839443    10.09848805    10.09866516    10.09904452    10.10083366    10.11333338    10.13155237
  1269    -9.61267326    -5.83422918    -2.84434495    -1.89544306     3.31252704     4.93362356     5.77741276     7.71983230     9.59043496     9.66850488     9.77404226     9.90180057    10.01381341    10.05720008    10.07496772    10.09172048    10.09318919    10.09686741    10.09761607    10.09778437    10.09799738    10.09807394    10.09812458    10.09827746    10.09835462    10.09839620    10.09849489    10.09866801    10.09905774    10.10086658    10.11359961    10.13162722
  1270    -9.60776241    -5.82929896    -2.86485471    -1.90175791     3.30589349     4.95276724     5.79748647     7.70456467     9.58518134     9.66533745     9.76952733     9.90047411    10.01348307    10.05709648    10.07509603    10.09150188    10.09323983    10.09686974    10.09762799    10.09777587    10.09799530    10.09807051    10.09812400    10.09827985    10.09835556    10.09839760    10.09850182    10.09867020    10.09907046    10.10089053    10.11386092    10.13164264
  1271    -9.60278817    -5.82433958    -2.88535130    -1.90809883     3.29898168     4.97224368     5.81778260     7.68894998     9.57983600     9.66210776     9.76532792     9.89918501    10.01320198    10.05703378    10.07523955    10.09126973    10.09330311    10.09687203    10.09763818    10.09776945    10.09799243    10.09806798    10.09812405    10.09828211    10.09835613    10.09839864    10.09850881    10.09867174    10.09908267    10.10090599    10.11411637    10.13159873
  1272    -9.59775277    -5.81935264    -2.90583078    -1.91446485     3.29180694     4.99203379     5.83830310     7.67300495     9.57440762     9.65881946     9.76143873     9.89793114    10.01297334    10.05701224    10.07539821    10.09102995    10.09337490    10.09687436    10.09764662    10.09776528    10.09798872    10.09806641    10.09812469    10.09828423    10.09835637    10.09839933    10.09851580    10.09867264    10.09909437    10.10091354    10.11436503    10.13149589
  1273    -9.59265850    -5.81433976    -2.92628912    -1.92085493     3.28438415     5.01211842     5.85904979     7.65674761     9.56890523     9.65547631     9.75785278     9.89671040    10.01279990    10.05703219    10.07557179    10.09078681    10.09345287    10.09687683    10.09765334    10.09776341    10.09798426    10.09806573    10.09812589    10.09828618    10.09835627    10.09839970    10.09852274    10.09867294    10.09910553    10.10091380    10.11460600    10.13133485
  1274    -9.58750774    -5.80930268    -2.94672226    -1.92726806     3.27672766     5.03247835     5.88002439     7.64019724     9.56333800     9.65208227     9.75456173     9.89552074    10.01268398    10.05709398    10.07576001    10.09054362    10.09353565    10.09687951    10.09765855    10.09776378    10.09797920    10.09806581    10.09812762    10.09828795    10.09835583    10.09839980    10.09852954    10.09867267    10.09911612    10.10090748    10.11483841    10.13111665
  1275    -9.58230287    -5.80424320    -2.96712608    -1.93370318     3.26885131     5.05309416     5.90122850     7.62337440     9.55771500     9.64864142     9.75155615     9.89436016    10.01262751    10.05719795    10.07596249    10.09030322    10.09362246    10.09688250    10.09766258    10.09776612    10.09797370    10.09806648    10.09812985    10.09828952    10.09835507    10.09839966    10.09853615    10.09867188    10.09912613    10.10089525    10.11506142    10.13084264
  1276    -9.57704638    -5.79916317    -2.98749637    -1.94015923     3.26076841     5.07394625     5.92266358     7.60630092     9.55204498     9.64515798     9.74882577     9.89322675    10.01263199    10.05734449    10.07617875    10.09006821    10.09371282    10.09688589    10.09766586    10.09777009    10.09796796    10.09806757    10.09813256    10.09829087    10.09835398    10.09839933    10.09854246    10.09867064    10.09913553    10.10087782    10.11527419    10.13051448
  1277    -9.57174075    -5.79406455    -3.00782889    -1.94663511     3.25249177     5.09501472     5.94433093     7.58899986     9.54633617     9.64163628     9.74635973     9.89211867    10.01269851    10.05753399    10.07640822    10.08984099    10.09380643    10.09688974    10.09766884    10.09777531    10.09796216    10.09806895    10.09813570    10.09829196    10.09835258    10.09839883    10.09854841    10.09866905    10.09914430    10.10085585    10.11547591    10.13013417
  1278    -9.56638853    -5.78894937    -3.02811929    -1.95312971     3.24403367     5.11627929     5.96623168     7.57149557     9.54059617     9.63808077     9.74414679     9.89103421    10.01282775    10.05776687    10.07665026    10.08962390    10.09390314    10.09689415    10.09767191    10.09778145    10.09795644    10.09807052    10.09813922    10.09829277    10.09835088    10.09839819    10.09855388    10.09866720    10.09915243    10.10082999    10.11566577    10.12970401
  1279    -9.56099230    -5.78381971    -3.04836316    -1.95964192     3.23540591     5.13771926     5.98836680     7.55381362     9.53483179     9.63449599     9.74217548     9.88997174    10.01302000    10.05804359    10.07690415    10.08941919    10.09400282    10.09689916    10.09767536    10.09778827    10.09795095    10.09807220    10.09814305    10.09829327    10.09834892    10.09839741    10.09855876    10.09866521    10.09915989    10.10080087    10.11584290    10.12922668
  1280    -9.55555467    -5.77867774    -3.06855602    -1.96617058     3.22661978     5.15931332     6.01073703     7.53598086     9.52904900     9.63088658     9.74043428     9.88892976    10.01327514    10.05836462    10.07716914    10.08922901    10.09410543    10.09690484    10.09767940    10.09779556    10.09794581    10.09807397    10.09814715    10.09829343    10.09834673    10.09839651    10.09856293    10.09866324    10.09916669    10.10076905    10.11600637    10.12870523
  1281    -9.55007825    -5.77352570    -3.08869331    -1.97271453     3.21768611     5.18103953     6.03334293     7.51802544     9.52325290     9.62725725     9.73891170     9.88790687    10.01359261    10.05873049    10.07744443    10.08905544    10.09421092    10.09691124    10.09768417    10.09780321    10.09794117    10.09807580    10.09815144    10.09829321    10.09834435    10.09839547    10.09856626    10.09866143    10.09917283    10.10073509    10.11615510    10.12814314
  1282    -9.54456569    -5.76836591    -3.10877038    -1.97927259     3.20861523     5.20287519     6.05618483     7.49997677     9.51744766     9.62361279     9.73759640     9.88690182    10.01397144    10.05914176    10.07772919    10.08890041    10.09431925    10.09691840    10.09768976    10.09781113    10.09793714    10.09807768    10.09815585    10.09829259    10.09834184    10.09839428    10.09856861    10.09865994    10.09917832    10.10069950    10.11628783    10.12754436
  1283    -9.53901965    -5.76320074    -3.12878249    -1.98584357     3.19941705     5.22479669     6.07926282     7.48186563     9.51163654     9.61995807     9.73647722     9.88591348    10.01441023    10.05959909    10.07802263    10.08876571    10.09443042    10.09692634    10.09769617    10.09781924    10.09793389    10.09807961    10.09816034    10.09829152    10.09833925    10.09839292    10.09856988    10.09865892    10.09918318    10.10066276    10.11640293    10.12691347
  1284    -9.53344278    -5.75803265    -3.14872482    -1.99242625     3.19010105     5.24677943     6.10257674     7.46372413     9.50582196     9.61629802     9.73554326     9.88494086    10.01490714    10.06010316    10.07832399    10.08865292    10.09454438    10.09693508    10.09770341    10.09782747    10.09793161    10.09808160    10.09816483    10.09828999    10.09833664    10.09839137    10.09857001    10.09865844    10.09918745    10.10062534    10.11649831    10.12625576
  1285    -9.52783776    -5.75286413    -3.16859247    -1.99901941     3.18067627     5.26879764     6.12612616     7.44558580     9.50000548     9.61263762     9.73478391     9.88398308    10.01545988    10.06065475    10.07863256    10.08856338    10.09466108    10.09694462    10.09771139    10.09783575    10.09793052    10.09808368    10.09816929    10.09828798    10.09833404    10.09838960    10.09856901    10.09865853    10.09919117    10.10058767    10.11657114    10.12557750
  1286    -9.52220724    -5.74769778    -3.18838044    -2.00562180     3.17115137     5.29082429     6.14991039     7.42748563     9.49418790     9.60898193     9.73418884     9.88303941    10.01606571    10.06125471    10.07894776    10.08849818    10.09478047    10.09695497    10.09772004    10.09784394    10.09793091    10.09808584    10.09817367    10.09828549    10.09833150    10.09838759    10.09856696    10.09865913    10.09919440    10.10055018    10.11661755    10.12488623
  1287    -9.51655388    -5.74253623    -3.20808365    -2.01223216     3.16153461     5.31283093     6.17392843     7.40946015     9.48836929     9.60533604     9.73374805     9.88210925    10.01672146    10.06190394    10.07926911    10.08845805    10.09490244    10.09696611    10.09772921    10.09785190    10.09793315    10.09808811    10.09817794    10.09828253    10.09832903    10.09838532    10.09856401    10.09866011    10.09919720    10.10051331    10.11663221    10.12419116
  1288    -9.51088031    -5.73738218    -3.22769692    -2.01884923     3.15183389     5.33478755     6.19817900     7.39154745     9.48254907     9.60170510     9.73345188     9.88119212    10.01742350    10.06260339    10.07959632    10.08844342    10.09502686    10.09697803    10.09773873    10.09785942    10.09793764    10.09809051    10.09818205    10.09827914    10.09832664    10.09838276    10.09856033    10.09866131    10.09919966    10.10047748    10.11660778    10.12350375
  1289    -9.50518915    -5.73223837    -3.24721497    -2.02547173     3.14205677     5.35666242     6.22266049     7.37378731     9.47672612     9.59809431     9.73329096     9.88028767    10.01816780    10.06335403    10.07992925    10.08845430    10.09515353    10.09699070    10.09774841    10.09786634    10.09794475    10.09809306    10.09818599    10.09827535    10.09832433    10.09837991    10.09855611    10.09866255    10.09920189    10.10044316    10.11653438    10.12283819
  1290    -9.49948300    -5.72710762    -3.26663245    -2.03209836     3.13221045     5.37842195     6.24737097     7.35622126     9.47089876     9.59450892     9.73325629     9.87939566    10.01894991    10.06415683    10.08026797    10.08849034    10.09528220    10.09700411    10.09775804    10.09787262    10.09795471    10.09809578    10.09818974    10.09827122    10.09832208    10.09837676    10.09855153    10.09866362    10.09920401    10.10041082    10.11639946    10.12221155
  1291    -9.49376443    -5.72199277    -3.28594392    -2.03872784     3.12230183     5.40003055     6.27230817     7.33889267     9.46506490     9.59095421     9.73333918     9.87851599    10.01976503    10.06501264    10.08061274    10.08855080    10.09541251    10.09701825    10.09776743    10.09787835    10.09796754    10.09809873    10.09819329    10.09826681    10.09831989    10.09837330    10.09854676    10.09866433    10.09920616    10.10038099    10.11618878    10.12164280
  1292    -9.48803599    -5.71689674    -3.30514382    -2.04535885     3.11233751     5.42145047     6.29746949     7.32184682     9.45922210     9.58743552     9.73353127     9.87764864    10.02060804    10.06592221    10.08096397    10.08863454    10.09554402    10.09703314    10.09777643    10.09788373    10.09798307    10.09810194    10.09819662    10.09826218    10.09831774    10.09836955    10.09854193    10.09866447    10.09920853    10.10035428    10.11588945    10.12114981
  1293    -9.48230017    -5.71182246    -3.32422652    -2.05199008     3.10232377     5.44264169     6.32285195     7.30513100     9.45336758     9.58395822     9.73382451     9.87679373    10.02147357    10.06688598    10.08132228    10.08874014    10.09567613    10.09704881    10.09778493    10.09788897    10.09800096    10.09810549    10.09819974    10.09825740    10.09831563    10.09836552    10.09853718    10.09866378    10.09921131    10.10033135    10.11549471    10.12074453
  1294    -9.47655944    -5.70677293    -3.34318631    -2.05862022     3.09226665     5.46356179     6.34845221     7.28879458     9.44749836     9.58052771     9.73421120     9.87595145    10.02235606    10.06790404    10.08168840    10.08886587    10.09580811    10.09706536    10.09779289    10.09789424    10.09802070    10.09810953    10.09820265    10.09825254    10.09831356    10.09836124    10.09853260    10.09866201    10.09921479    10.10031300    10.11500807    10.12042893
  1295    -9.47081624    -5.70175117    -3.36201737    -2.06524795     3.08217190     5.48416582     6.37426656     7.27288905     9.44161127     9.57714943     9.73468394     9.87512210    10.02324987    10.06897594    10.08206315    10.08900978    10.09593901    10.09708296    10.09780036    10.09789963    10.09804156    10.09811427    10.09820538    10.09824770    10.09831154    10.09835673    10.09852826    10.09865883    10.09921926    10.10030014    10.11444322    10.12019508
  1296    -9.46507293    -5.69676022    -3.38071382    -2.07187194     3.07204505     5.50440629     6.40029090     7.25746809     9.43570303     9.57382887     9.73523564     9.87430607    10.02414933    10.07010049    10.08244743    10.08916980    10.09606765    10.09710188    10.09780739    10.09790517    10.09806248    10.09812021    10.09820795    10.09824300    10.09830958    10.09835204    10.09852417    10.09865384    10.09922507    10.10029388    10.11382003    10.12002926
  1297    -9.45933185    -5.69180317    -3.39926966    -2.07849087     3.06189135     5.52423307     6.42652075     7.24258751     9.42977028     9.57057152     9.73585954     9.87350382    10.02504889    10.07127554    10.08284222    10.08934380    10.09619257    10.09712252    10.09781412    10.09791087    10.09808179    10.09812821    10.09821046    10.09823861    10.09830771    10.09834722    10.09852029    10.09864659    10.09923261    10.10029556    10.11315973    10.11991675
  1298    -9.45359528    -5.68688314    -3.41767884    -2.08510343     3.05171587     5.54359345     6.45295120     7.22830530     9.42380969     9.56738293     9.73654914     9.87271590    10.02594318    10.07249768    10.08324851    10.08952969    10.09631195    10.09714551    10.09782070    10.09791666    10.09809744    10.09813931    10.09821301    10.09823483    10.09830597    10.09834234    10.09851644    10.09863660    10.09924223    10.10030680    10.11248209    10.11984480
  1299    -9.44786546    -5.68200325    -3.43593521    -2.09170829     3.04152343     5.56243219     6.47957697     7.21468144     9.41781792     9.56426865     9.73729829     9.87194291    10.02682716    10.07376190    10.08366740    10.08972552    10.09642363    10.09717167    10.09782729    10.09792251    10.09810866    10.09815285    10.09821584    10.09823221    10.09830443    10.09833748    10.09851225    10.09862350    10.09925415    10.10032963    10.11180457    10.11980353
  1300    -9.44214455    -5.67716664    -3.45403257    -2.09830414     3.03131867     5.58069167     6.50639235     7.20177780     9.41179174     9.56123426     9.73810108     9.87118551    10.02769612    10.07506117    10.08410013    10.08992959    10.09652507    10.09720206    10.09783413    10.09792834    10.09811680    10.09816565    10.09821899    10.09823188    10.09830317    10.09833274    10.09850689    10.09860724    10.09926835    10.10036650    10.11114260    10.11978572
  1301    -9.43643466    -5.67237648    -3.47196461    -2.10488967     3.02110603     5.59831212     6.53339123     7.18965783     9.40572803     9.55828536     9.73895190     9.87044444    10.02854588    10.07638589    10.08454817    10.09014062    10.09661361    10.09723768    10.09784148    10.09793411    10.09812335    10.09817442    10.09822161    10.09823579    10.09830233    10.09832826    10.09849866    10.09858875    10.09928444    10.10042045    10.11051018    10.11978629
  1302    -9.43073787    -5.66763593    -3.48972498    -2.11146358     3.01088976     5.61523196     6.56056707     7.17838629     9.39962385     9.55542756     9.73984542     9.86972045    10.02937272    10.07772322    10.08501338    10.09035786    10.09668687    10.09727908    10.09784976    10.09793974    10.09812914    10.09817822    10.09822333    10.09824379    10.09830218    10.09832422    10.09848435    10.09857069    10.09930155    10.10049512    10.10992054    10.11980174
  1303    -9.42505617    -5.66294816    -3.50730724    -2.11802458     3.00067394     5.63138825     6.58791292     7.16802872     9.39347643     9.55266650     9.74077654     9.86901437    10.03017353    10.07905632    10.08549808    10.09058142    10.09674341    10.09732559    10.09785956    10.09794520    10.09813445    10.09817838    10.09822494    10.09825268    10.09830301    10.09832097    10.09846020    10.09855677    10.09931841    10.10059477    10.10938654    10.11982977
  1304    -9.41939150    -5.65831635    -3.52470492    -2.12457138     2.99046249     5.64671723     6.61542139     7.15865091     9.38728325     9.55000778     9.74174043     9.86832702    10.03094574    10.08036366    10.08600492    10.09081262    10.09678316    10.09737490    10.09787174    10.09795046    10.09813933    10.09817655    10.09822675    10.09825968    10.09830475    10.09831933    10.09842569    10.09854836    10.09933351    10.10072426    10.10892101    10.11986890
  1305    -9.41374573    -5.65374366    -3.54191146    -2.13110272     2.98025917     5.66115506     6.64308469     7.15031818     9.38104201     9.54745706     9.74273249     9.86765927    10.03168739    10.08161884    10.08653609    10.09105450    10.09680723    10.09742319    10.09788750    10.09795556    10.09814356    10.09817388    10.09822867    10.09826335    10.09830588    10.09832109    10.09838448    10.09854404    10.09934547    10.10088887    10.10853694    10.11991834
  1306    -9.40812068    -5.64923325    -3.55892026    -2.13761732     2.97006759     5.67463863     6.67089461     7.14309455     9.37475075     9.54501995     9.74374833     9.86701201    10.03239705    10.08279209    10.08709084    10.09131240    10.09681744    10.09746600    10.09790805    10.09796075    10.09814656    10.09817122    10.09823037    10.09826308    10.09830452    10.09832593    10.09834418    10.09854231    10.09935329    10.10109401    10.10824765    10.11997787
  1307    -9.40251812    -5.64478826    -3.57572469    -2.14411396     2.95989121     5.68710648     6.69884250     7.13704179     9.36840775     9.54270206     9.74478378     9.86638614    10.03307381    10.08385496    10.08766050    10.09159426    10.09681604    10.09749947    10.09793315    10.09796737    10.09814718    10.09816944    10.09823071    10.09825673    10.09829614    10.09831268    10.09833925    10.09854241    10.09935659    10.10134450    10.10806709    10.12004776
  1308    -9.39693972    -5.64041182    -3.59231806    -2.15059139     2.94973337     5.69849990     6.72691930     7.13221841     9.36201167     9.54050901     9.74583484     9.86578255    10.03371724    10.08478836    10.08822258    10.09190931    10.09680595    10.09752166    10.09795442    10.09798330    10.09814423    10.09816906    10.09822403    10.09824564    10.09828385    10.09830767    10.09835089    10.09854413    10.09935566    10.10164326    10.10801032    10.12012884
  1309    -9.39138713    -5.63610702    -3.60869364    -2.15704841     2.93959727     5.70876400     6.75511556     7.12867849     9.35556148     9.53844635     9.74689773     9.86520213    10.03432731    10.08558912    10.08874102    10.09226332    10.09679128    10.09753332    10.09796242    10.09801441    10.09813863    10.09816903    10.09820928    10.09824313    10.09827972    10.09830639    10.09836567    10.09854761    10.09935136    10.10198901    10.10809396    10.12022258
  1310    -9.38586193    -5.63187695    -3.62484471    -2.16348382     2.92948600     5.71784884     6.78342139     7.12647063     9.34905652     9.53651964     9.74796880     9.86464579    10.03490435    10.08626872    10.08917946    10.09265059    10.09677750    10.09753730    10.09796547    10.09804382    10.09813637    10.09816767    10.09820257    10.09824471    10.09827879    10.09830594    10.09838389    10.09855330    10.09934493    10.10237377    10.10833570    10.12033124
  1311    -9.38036562    -5.62772463    -3.64076448    -2.16989645     2.91940253     5.72571062     6.81182653     7.12563675     9.34249651     9.53473439     9.74904458     9.86411440    10.03544896    10.08684443    10.08951950    10.09304966    10.09677086    10.09753718    10.09796682    10.09805781    10.09814410    10.09816550    10.09820724    10.09824919    10.09827914    10.09830605    10.09840630    10.09856199    10.09933787    10.10278198    10.10875149    10.12045823
  1312    -9.37489967    -5.62365307    -3.65644619    -2.17628515     2.90934970     5.73231264     6.84032030     7.12621114     9.33588155     9.53309605     9.75012172     9.86360881    10.03596201    10.08733038    10.08976686    10.09343093    10.09677677    10.09753606    10.09796718    10.09805881    10.09815221    10.09816543    10.09821866    10.09825999    10.09828057    10.09830694    10.09843323    10.09857505    10.09933177    10.10319354    10.10934930    10.12060852
  1313    -9.36946549    -5.61966523    -3.67188305    -2.18264877     2.89933029     5.73762624     6.86889166     7.12821950     9.32921212     9.53161004     9.75119702     9.86312985    10.03644452    10.08773283    10.08994412    10.09377080    10.09679789    10.09753601    10.09796698    10.09805616    10.09815281    10.09816796    10.09822703    10.09827451    10.09828734    10.09830999    10.09846344    10.09859479    10.09932829    10.10359035    10.11012153    10.12078944
  1314    -9.36406442    -5.61576401    -3.68706830    -2.18898620     2.88934693     5.74163152     6.89752917     7.13167829     9.32248912     9.53028169     9.75226739     9.86267831    10.03689765    10.08804932    10.09008179    10.09405964    10.09683325    10.09753815    10.09796652    10.09805359    10.09815068    10.09816958    10.09823084    10.09827833    10.09830014    10.09832234    10.09849342    10.09862405    10.09932914    10.10396190    10.11104082    10.12101163
  1315    -9.35869776    -5.61195226    -3.70199515    -2.19529637     2.87940219     5.74431776     6.92622105     7.13659429     9.31571386     9.52911628     9.75332985     9.86225496    10.03732263    10.08827147    10.09021181    10.09430021    10.09687890    10.09754292    10.09796606    10.09805181    10.09814794    10.09816990    10.09823247    10.09827939    10.09830500    10.09834424    10.09851954    10.09866378    10.09933618    10.10430597    10.11206210    10.12129048
  1316    -9.35336677    -5.60823278    -3.71665689    -2.20157820     2.86949855     5.74568367     6.95495514     7.14296435     9.30888802     9.52811898     9.75438151     9.86186051    10.03772076    10.08839308    10.09035965    10.09450174    10.09692970    10.09755037    10.09796578    10.09805069    10.09814493    10.09816937    10.09823294    10.09827999    10.09830813    10.09836588    10.09854122    10.09871074    10.09935136    10.10462547    10.11312821    10.12164745
  1317    -9.34807266    -5.60460829    -3.73104681    -2.20783065     2.85963837     5.74573726     6.98371897     7.15077560     9.30201373     9.52729489     9.75541961     9.86149562    10.03809333    10.08841960    10.09053573    10.09467457    10.09698109    10.09756027    10.09796578    10.09804997    10.09814175    10.09816834    10.09823255    10.09828044    10.09831132    10.09838529    10.09856003    10.09875961    10.09937661    10.10492493    10.11417592    10.12211015
  1318    -9.34281658    -5.60108143    -3.74515825    -2.21405270     2.84982396     5.74449551     7.01249970     7.16000574     9.29509353     9.52664899     9.75644145     9.86116091    10.03844163    10.08836893    10.09073545    10.09482725    10.09702989    10.09757227    10.09796611    10.09804942    10.09813842    10.09816700    10.09823149    10.09828086    10.09831483    10.09840245    10.09857745    10.09880584    10.09941349    10.10520841    10.11514295    10.12270871
  1319    -9.33759966    -5.59765477    -3.75898461    -2.22024338     2.84005754     5.74198371     7.04128419     7.17062372     9.28813034     9.52618612     9.75744441     9.86085694    10.03876690    10.08826330    10.09094780    10.09496576    10.09707441    10.09758591    10.09796681    10.09804891    10.09813496    10.09816549    10.09822990    10.09828130    10.09831862    10.09841748    10.09859437    10.09884672    10.09946271    10.10547875    10.11597888    10.12346582
  1320    -9.33242299    -5.59433081    -3.77251936    -2.22640171     2.83034126     5.73823467     7.07005897     7.18259061     9.28112753     9.52591102     9.75842596     9.86058421    10.03907030    10.08812236    10.09116262    10.09509381    10.09711408    10.09760069    10.09796785    10.09804834    10.09813144    10.09816388    10.09822796    10.09828178    10.09832256    10.09843045    10.09861124    10.09888133    10.09952382    10.10573758    10.11665762    10.12438411
  1321    -9.32728762    -5.59111191    -3.78575605    -2.23252677     2.82067720     5.73328776     7.09881024     7.19586058     9.27408884     9.52582825     9.75938366     9.86034315    10.03935295    10.08796118    10.09137285    10.09521344    10.09714902    10.09761609    10.09796924    10.09804770    10.09812790    10.09816219    10.09822583    10.09828229    10.09832654    10.09844139    10.09862823    10.09891016    10.09959530    10.10598550    10.11718152    10.12544143
  1322    -9.32219458    -5.58800038    -3.79868833    -2.23861763     2.81106735     5.72718776     7.12752387     7.21038206     9.26701843     9.52594222     9.76031513     9.86013412    10.03961585    10.08779075    10.09157424    10.09532565    10.09717974    10.09763167    10.09797091    10.09804697    10.09812438    10.09816045    10.09822367    10.09828283    10.09833041    10.09845030    10.09864532    10.09893446    10.09967507    10.10622240    10.11757230    10.12659922
  1323    -9.31714486    -5.58499838    -3.81130994    -2.24467343     2.80151366     5.71998384     7.15618533     7.22609889     9.25992087     9.52625715     9.76121806     9.85995744    10.03985988    10.08761908    10.09176444    10.09543083    10.09720689    10.09764701    10.09797283    10.09804621    10.09812093    10.09815867    10.09822160    10.09828339    10.09833409    10.09845721    10.09866234    10.09895562    10.09976088    10.10644763    10.11785743    10.12781556
  1324    -9.31213945    -5.58210798    -3.82361476    -2.25069330     2.79201800     5.71172838     7.18477964     7.24295159     9.25280110     9.52677706     9.76209022     9.85981332    10.04008581    10.08745202    10.09194239    10.09552909    10.09723110    10.09766183    10.09797492    10.09804546    10.09811758    10.09815687    10.09821970    10.09828395    10.09833749    10.09846224    10.09867898    10.09897489    10.09985066    10.10666023    10.11806131    10.12905350
  1325    -9.30717930    -5.57933112    -3.83559680    -2.25667642     2.78258220     5.70247596     7.21329116     7.26087862     9.24566448     9.52750577     9.76292946     9.85970193    10.04029428    10.08729388    10.09210778    10.09562041    10.09725295    10.09767591    10.09797711    10.09804480    10.09811435    10.09815506    10.09821803    10.09828450    10.09834055    10.09846550    10.09869489    10.09899323    10.09994252    10.10685900    10.11820250    10.13028350
  1326    -9.30226536    -5.57666959    -3.84725022    -2.26262199     2.77320800     5.69228238     7.24170324     7.27981772     9.23851672     9.52844684     9.76373370     9.85962335    10.04048580    10.08714786    10.09226078    10.09570482    10.09727290    10.09768915    10.09797933    10.09804429    10.09811127    10.09815326    10.09821662    10.09828500    10.09834323    10.09846719    10.09870968    10.09901128    10.10003482    10.10704262    10.11829409    10.13148273
  1327    -9.29739856    -5.57412505    -3.85856933    -2.26852925     2.76389711     5.68120383     7.26999740     7.29970762     9.23136393     9.52960358     9.76450094     9.85957758    10.04066070    10.08701632    10.09240182    10.09578239    10.09729135    10.09770149    10.09798150    10.09804402    10.09810834    10.09815149    10.09821547    10.09828545    10.09834551    10.09846751    10.09872299    10.09902941    10.10012612    10.10720972    10.11834505    10.13263363
  1328    -9.29257984    -5.57169903    -3.86954864    -2.27439744     2.75465119     5.66929615     7.29815147     7.32049069     9.22421261     9.53097902     9.76522927     9.85956458    10.04081920    10.08690102    10.09253150    10.09585325    10.09730857    10.09771296    10.09798355    10.09804404    10.09810560    10.09814977    10.09821459    10.09828581    10.09834735    10.09846664    10.09873455    10.09904776    10.10021513    10.10735892    10.11836136    10.13372255
  1329    -9.28781012    -5.56939287    -3.88018286    -2.28022585     2.74547182     5.65661421     7.32613452     7.34211862     9.21706960     9.53257591     9.76591684     9.85958419    10.04096133    10.08680323    10.09265049    10.09591767    10.09732479    10.09772359    10.09798544    10.09804438    10.09810305    10.09814812    10.09821396    10.09828608    10.09834875    10.09846480    10.09874418    10.09906625    10.10030070    10.10748888    10.11834699    10.13473868
  1330    -9.28309035    -5.56720776    -3.89046688    -2.28601379     2.73636055     5.64321144     7.35389128     7.36456857     9.20994214     9.53439665     9.76656191     9.85963624    10.04108699    10.08672387    10.09275947    10.09597593    10.09734015    10.09773348    10.09798715    10.09804506    10.09810072    10.09814654    10.09821356    10.09828623    10.09834971    10.09846214    10.09875180    10.09908465    10.10038182    10.10759833    10.11830449    10.13567337
  1331    -9.27842145    -5.56514471    -3.90039585    -2.29176060     2.72731889     5.62913948     7.38128489     7.38790074     9.20283781     9.53644332     9.76716282     9.85972043    10.04119592    10.08666361    10.09285911    10.09602840    10.09735478    10.09774270    10.09798865    10.09804604    10.09809865    10.09814504    10.09821336    10.09828623    10.09835021    10.09845881    10.09875740    10.09910262    10.10045761    10.10768608    10.11823549    10.13651966
  1332    -9.27380438    -5.56320455    -3.90996514    -2.29746565     2.71834828     5.61444785     7.40792520     7.41243049     9.19576457     9.53871761     9.76771799     9.85983645    10.04128768    10.08662287    10.09295004    10.09607546    10.09736876    10.09775135    10.09798999    10.09804729    10.09809687    10.09814362    10.09821334    10.09828609    10.09835028    10.09845496    10.09876105    10.09911976    10.10052731    10.10775106    10.11814092    10.13727185
  1333    -9.26924011    -5.56138792    -3.91917037    -2.30312831     2.70945013     5.59918381     7.43346975     7.43842748     9.18873076     9.54122083     9.76822597     9.85998389    10.04136174    10.08660193    10.09303285    10.09611752    10.09738216    10.09775952    10.09799118    10.09804870    10.09809542    10.09814227    10.09821346    10.09828577    10.09834993    10.09845066    10.09876284    10.09913565    10.10059027    10.10779231    10.11802127    10.13792538
  1334    -9.26472962    -5.55969525    -3.92800747    -2.30874801     2.70062582     5.58339225     7.45861724     7.46512241     9.18174505     9.54395389     9.76868538     9.86016232    10.04141737    10.08660094    10.09310807    10.09615499    10.09739506    10.09776731    10.09799227    10.09805021    10.09809434    10.09814100    10.09821371    10.09828529    10.09834918    10.09844602    10.09876286    10.09914984    10.10064598    10.10780902    10.11787669    10.13847656
  1335    -9.26027392    -5.55812677    -3.93647260    -2.31432419     2.69187666     5.56711560     7.48393113     7.49188349     9.17481650     9.54691723     9.76909495     9.86037122    10.04145376    10.08661996    10.09317617    10.09618825    10.09740751    10.09777478    10.09799331    10.09805173    10.09809367    10.09813979    10.09821406    10.09828462    10.09834805    10.09844109    10.09876124    10.09916193    10.10069402    10.10780051    10.11770715    10.13892251
  1336    -9.25587405    -5.55668249    -3.94456226    -2.31985631     2.68320394     5.55039386     7.50954228     7.51851375     9.16795456     9.55011085     9.76945355     9.86061005    10.04146996    10.08665895    10.09323757    10.09621767    10.09741957    10.09778202    10.09799432    10.09805317    10.09809344    10.09813866    10.09821448    10.09828377    10.09834658    10.09843590    10.09875808    10.09917153    10.10073406    10.10776625    10.11751244    10.13926104
  1337    -9.25153106    -5.55536221    -3.95227325    -2.32534386     2.67460891     5.53326463     7.53545488     7.54494522     9.16116904     9.55353425     9.76976012     9.86087824    10.04146491    10.08671783    10.09329263    10.09624360    10.09743132    10.09778908    10.09799535    10.09805450    10.09809365    10.09813760    10.09821495    10.09828274    10.09834479    10.09843051    10.09875348    10.09917829    10.10076589    10.10770589    10.11729227    10.13949060
  1338    -9.24724607    -5.55416549    -3.95960270    -2.33078634     2.66609278     5.51576316     7.56163936     7.57114590     9.15447014     9.55718642     9.77001376     9.86117517    10.04143748    10.08679643    10.09334164    10.09626632    10.09744283    10.09779603    10.09799640    10.09805570    10.09809427    10.09813662    10.09821544    10.09828155    10.09834273    10.09842492    10.09874754    10.09918189    10.10078938    10.10761923    10.11704632    10.13961021
  1339    -9.24302021    -5.55309166    -3.96654806    -2.33618329     2.65765671     5.49792245     7.58805462     7.59709745     9.14786848     9.56106582     9.77021368     9.86150020    10.04138645    10.08689454    10.09338485    10.09628609    10.09745418    10.09780292    10.09799751    10.09805680    10.09809526    10.09813574    10.09821592    10.09828020    10.09834041    10.09841916    10.09874034    10.09918208    10.10080446    10.10750624    10.11677423    10.13961942
  1340    -9.23885465    -5.55213981    -3.97310715    -2.34153425     2.64930186     5.47977334     7.61465293     7.62279030     9.14137510     9.56517036     9.77035921     9.86185269    10.04131056    10.08701190    10.09342247    10.09630313    10.09746545    10.09780978    10.09799869    10.09805783    10.09809655    10.09813495    10.09821638    10.09827873    10.09833786    10.09841323    10.09873197    10.09917861    10.10081116    10.10736707    10.11647569    10.13951827
  1341    -9.23475061    -5.55130879    -3.97927813    -2.34683881     2.64102933     5.46134460     7.64137664     7.64822669     9.13500145     9.56949735     9.77044985     9.86223198    10.04120852    10.08714817    10.09345467    10.09631760    10.09747674    10.09781667    10.09799994    10.09805885    10.09809805    10.09813430    10.09821677    10.09827714    10.09833511    10.09840715    10.09872248    10.09917132    10.10080955    10.10720205    10.11615039    10.13930727
  1342    -9.23070935    -5.55059720    -3.98505953    -2.35209655     2.63284020     5.44266307     7.66814007     7.67343882     9.12875947     9.57404354     9.77048522     9.86263743    10.04107902    10.08730296    10.09348154    10.09632961    10.09748814    10.09782360    10.09800129    10.09805991    10.09809970    10.09813380    10.09821708    10.09827547    10.09833217    10.09840094    10.09871196    10.09916006    10.10079976    10.10701169    10.11579809    10.13898734
  1343    -9.22673219    -5.55000340    -3.99045027    -2.35730708     2.62473551     5.42375374     7.69475074     7.69856740     9.12266157     9.57880503     9.77046512     9.86306841    10.04092073    10.08747579    10.09350319    10.09633921    10.09749974    10.09783061    10.09800274    10.09806108    10.09810142    10.09813349    10.09821726    10.09827373    10.09832904    10.09839460    10.09870047    10.09914476    10.10078197    10.10679667    10.11541862    10.13855982
  1344    -9.22282048    -5.54952549    -3.99544962    -2.36247004     2.61671627     5.40463991     7.72067171     7.72409925     9.11672067     9.58377730     9.77038948     9.86352432    10.04073239    10.08766610    10.09351965    10.09634639    10.09751164    10.09783772    10.09800431    10.09806239    10.09810316    10.09813339    10.09821730    10.09827197    10.09832573    10.09838815    10.09868806    10.09912539    10.10075639    10.10655789    10.11501190    10.13802643
  1345    -9.21897563    -5.54916133    -4.00005725    -2.36758506     2.60878348     5.38534322     7.74543329     7.75045544     9.11095021     9.58895519     9.77025843     9.86400460    10.04051273    10.08787324    10.09353095    10.09635109    10.09752393    10.09784496    10.09800601    10.09806387    10.09810487    10.09813356    10.09821716    10.09827019    10.09832224    10.09838163    10.09867480    10.09910198    10.10072326    10.10629641    10.11457794    10.13738925
  1346    -9.21519911    -5.54890853    -4.00427322    -2.37265181     2.60093809     5.36588384     7.76941862     7.77720556     9.10536423     9.59433288     9.77007226     9.86450876    10.04026056    10.08809642    10.09353708    10.09635317    10.09753670    10.09785234    10.09800788    10.09806555    10.09810653    10.09813402    10.09821683    10.09826842    10.09831856    10.09837504    10.09866074    10.09907463    10.10068286    10.10601348    10.11411684    10.13665068
  1347    -9.21149241    -5.54876444    -4.00809797    -2.37766995     2.59318105     5.34628048     7.79290921     7.80402216     9.09997736     9.59990387     9.76983147     9.86503637    10.03997477    10.08833476    10.09353800    10.09635243    10.09755006    10.09785987    10.09800993    10.09806745    10.09810814    10.09813480    10.09821628    10.09826667    10.09831469    10.09836843    10.09864594    10.09904350    10.10063547    10.10571055    10.11362883    10.13581346
  1348    -9.20785712    -5.54872620    -4.01153232    -2.38263919     2.58551326     5.32655057     7.81598347     7.83078192     9.09480490     9.60566098     9.76953674     9.86558709    10.03965430    10.08858721    10.09353366    10.09634862    10.09756409    10.09786756    10.09801219    10.09806957    10.09810968    10.09813591    10.09821552    10.09826496    10.09831063    10.09836180    10.09863045    10.09900882    10.10058139    10.10538924    10.11311430    10.13488062
  1349    -9.20429484    -5.54879068    -4.01457750    -2.38755922     2.57793560     5.30671029     7.83866264     7.85741980     9.08986279     9.61159635     9.76918896     9.86616069    10.03929819    10.08885258    10.09352399    10.09634141    10.09757889    10.09787543    10.09801469    10.09807192    10.09811120    10.09813735    10.09821454    10.09826327    10.09830637    10.09835519    10.09861431    10.09897092    10.10052093    10.10505135    10.11257373    10.13385546
  1350    -9.20080726    -5.54895453    -4.01723511    -2.39242975     2.57044893     5.28677464     7.86095163     7.88388791     9.08516774     9.61770142     9.76878923     9.86675708    10.03890560    10.08912948    10.09350886    10.09633044    10.09759455    10.09788347    10.09801746    10.09807451    10.09811274    10.09813911    10.09821336    10.09826161    10.09830193    10.09834862    10.09859758    10.09893016    10.10045438    10.10469885    10.11200781    10.13274155
  1351    -9.19739609    -5.54921417    -4.01950712    -2.39725052     2.56305410     5.26675758     7.88284995     7.91014456     9.08073719     9.62396693     9.76833889     9.86737630    10.03847577    10.08941629    10.09348818    10.09631534    10.09761116    10.09789171    10.09802054    10.09807734    10.09811434    10.09814117    10.09821199    10.09825995    10.09829732    10.09834209    10.09858031    10.09888703    10.10038206    10.10433387    10.11141735    10.13154273
  1352    -9.19406311    -5.54956581    -4.02139588    -2.40202125     2.55575192     5.24667204     7.90435521     7.93615062     9.07658938     9.63038294     9.76783951     9.86801858    10.03800806    10.08971113    10.09346180    10.09629574    10.09762882    10.09790012    10.09802396    10.09808043    10.09811606    10.09814351    10.09821049    10.09825826    10.09829257    10.09833562    10.09856254    10.09884203    10.10030426    10.10395869    10.11080340    10.13026304
  1353    -9.19081015    -5.55000543    -4.02290411    -2.40674169     2.54854319     5.22652998     7.92546444     7.96186809     9.07274337     9.63693878     9.76729288     9.86868435    10.03750192    10.09001180    10.09342958    10.09627134    10.09764759    10.09790873    10.09802777    10.09808377    10.09811796    10.09814608    10.09820887    10.09825651    10.09828771    10.09832920    10.09854431    10.09879577    10.10022125    10.10357571    10.11016720    10.12890677
  1354    -9.18763908    -5.55052885    -4.02403489    -2.41141160     2.54142868     5.20634251     7.94617471     7.98725942     9.06921907     9.64362310     9.76670106     9.86937428    10.03695695    10.09031563    10.09339141    10.09624201    10.09766756    10.09791753    10.09803199    10.09808739    10.09812009    10.09814886    10.09820720    10.09825467    10.09828280    10.09832283    10.09852567    10.09874887    10.10013331    10.10318747    10.10951023    10.12747838
  1355    -9.18455183    -5.55113165    -4.02479163    -2.41603073     2.53440914     5.18611988     7.96648334     8.01228716     9.06603722     9.65042384     9.76606636     9.87008929    10.03637284    10.09061934    10.09334723    10.09620789    10.09768878    10.09792651    10.09803667    10.09809129    10.09812250    10.09815183    10.09820553    10.09825268    10.09827790    10.09831649    10.09850666    10.09870199    10.10004069    10.10279661    10.10883424    10.12598257
  1356    -9.18155037    -5.55180926    -4.02517809    -2.42059886     2.52748530     5.16587156     7.98638808     8.03691380     9.06321938     9.65732825     9.76539133     9.87083061    10.03574941    10.09091877    10.09329716    10.09616956    10.09771130    10.09793568    10.09804186    10.09809550    10.09812524    10.09815494    10.09820390    10.09825051    10.09827308    10.09831016    10.09848733    10.09865577    10.09994360    10.10240585    10.10814127    10.12442419
  1357    -9.17863669    -5.55255695    -4.02519833    -2.42511575     2.52065788     5.14560629     8.00588714     8.06110162     9.06078794     9.66432286     9.76467881     9.87159984    10.03508660    10.09120842    10.09324169    10.09612829    10.09773515    10.09794503    10.09804761    10.09810004    10.09812834    10.09815818    10.09820238    10.09824811    10.09826841    10.09830384    10.09846772    10.09861081    10.09984226    10.10201797    10.10743372    10.12280829
  1358    -9.17581286    -5.55336981    -4.02485675    -2.42958119     2.51392757     5.12533208     8.02497926     8.08481271     9.05876599     9.67139351     9.76393187     9.87239894    10.03438445    10.09148061    10.09318224    10.09608634    10.09776032    10.09795457    10.09805396    10.09810492    10.09813184    10.09816152    10.09820103    10.09824546    10.09826395    10.09829751    10.09844787    10.09856765    10.09973686    10.10163582    10.10671434    10.12114009
  1359    -9.17308096    -5.55424281    -4.02415803    -2.43399496     2.50729504     5.10505631     8.04366366     8.10800898     9.05717725     9.67852531     9.76315388     9.87323035    10.03364318    10.09172408    10.09312212    10.09604733    10.09778679    10.09796430    10.09806096    10.09811019    10.09813576    10.09816493    10.09819990    10.09824255    10.09825974    10.09829114    10.09842783    10.09852672    10.09962757    10.10126223    10.10598633    10.11942497
  1360    -9.17044311    -5.55517078    -4.02310711    -2.43835685     2.50076093     5.08478573     8.06194006     8.13065223     9.05604593     9.68570268     9.76234846     9.87409700    10.03286310    10.09192167    10.09306852    10.09601660    10.09781447    10.09797425    10.09806868    10.09811586    10.09814012    10.09816838    10.09819904    10.09823943    10.09825578    10.09828474    10.09840766    10.09848836    10.09951453    10.10090005    10.10525333    10.11766850
  1361    -9.16790145    -5.55614843    -4.02170923    -2.44266664     2.49432588     5.06452650     8.07980867     8.15270433     9.05539653     9.69290926     9.76151947     9.87500240    10.03204468    10.09204869    10.09303393    10.09600139    10.09784324    10.09798449    10.09807716    10.09812197    10.09814492    10.09817186    10.09819853    10.09823615    10.09825203    10.09827830    10.09838744    10.09845275    10.09939788    10.10055201    10.10451946    10.11587644
  1362    -9.16545816    -5.55717039    -4.01996983    -2.44692414     2.48799051     5.04428419     8.09727016     8.17412738     9.05525357     9.70012799     9.76067107     9.87595067    10.03118856    10.09207959    10.09302992    10.09601036    10.09787287    10.09799512    10.09808644    10.09812855    10.09815017    10.09817535    10.09819840    10.09823283    10.09824842    10.09827182    10.09836727    10.09841994    10.09927776    10.10022076    10.10378933    10.11405478
  1363    -9.16311543    -5.55823118    -4.01789463    -2.45112913     2.48175538     5.02406388     8.11432560     8.19488406     9.05564131     9.70734100     9.75980766     9.87694668    10.03029551    10.09200636    10.09305017    10.09605209    10.09790300    10.09800643    10.09809658    10.09813563    10.09815587    10.09817884    10.09819870    10.09822957    10.09824489    10.09826532    10.09834730    10.09838985    10.09915429    10.09990872    10.10306799    10.11220981
  1364    -9.16087547    -5.55932524    -4.01548952    -2.45528142     2.47562107     5.00387011     8.13097650     8.21493790     9.05658332     9.71452963     9.75893389     9.87799606    10.02936652    10.09184056    10.09307108    10.09613253    10.09793295    10.09801898    10.09810761    10.09814325    10.09816201    10.09818235    10.09819947    10.09822648    10.09824137    10.09825881    10.09832770    10.09836225    10.09902766    10.09961804    10.10236082    10.11034819
  1365    -9.15874051    -5.56044697    -4.01276060    -2.45938080     2.46958813     4.98370696     8.14722469     8.23425375     9.05810206     9.72167442     9.75805467     9.87910532    10.02840274    10.09159443    10.09307290    10.09625249    10.09796155    10.09803389    10.09811957    10.09815143    10.09816856    10.09818592    10.09820070    10.09822364    10.09823782    10.09825232    10.09830870    10.09833684    10.09889820    10.09935050    10.10167332    10.10847721
  1366    -9.15671278    -5.56159071    -4.00971416    -2.46342708     2.46365705     4.96357804     8.16307236     8.25279826     9.06021837     9.72875501     9.75717520     9.88028189    10.02740554    10.09127300    10.09304849    10.09640648    10.09798705    10.09805304    10.09813251    10.09816024    10.09817551    10.09818964    10.09820239    10.09822112    10.09823420    10.09824587    10.09829052    10.09831330    10.09876661    10.09910730    10.10101081    10.10660524
  1367    -9.15479450    -5.56275075    -4.00635662    -2.46742004     2.45782834     4.94348654     8.17852200     8.27054039     9.06295092     9.73575011     9.75630102     9.88153422    10.02637650    10.09087693    10.09299894    10.09658286    10.09800857    10.09807795    10.09814649    10.09816972    10.09818283    10.09819364    10.09820447    10.09821900    10.09823051    10.09823949    10.09827333    10.09829130    10.09863457    10.09888876    10.10037814    10.10474264
  1368    -9.15298790    -5.56392138    -4.00269458    -2.47135948     2.45210247     4.92343523     8.19357632     8.28745201     9.06631556     9.74263706     9.75543840     9.88287175    10.02531743    10.09040601    10.09292764    10.09676257    10.09802883    10.09810812    10.09816161    10.09817992    10.09819050    10.09819808    10.09820687    10.09821733    10.09822674    10.09823323    10.09825722    10.09827061    10.09850583    10.09869374    10.09977926    10.10290437
  1369    -9.15129521    -5.56509685    -3.99873471    -2.47524521     2.44647987     4.90342648     8.20823829     8.30350847     9.07032477     9.74938824     9.75459807     9.88430498    10.02423040    10.08986085    10.09283587    10.09691028    10.09805621    10.09814184    10.09817801    10.09819090    10.09819849    10.09820310    10.09820952    10.09821614    10.09822292    10.09822710    10.09824222    10.09825109    10.09838721    10.09851920    10.09921711    10.10111803
  1370    -9.14971864    -5.56627142    -3.99448385    -2.47907702     2.44096094     4.88346231     8.22251105     8.31868920     9.07498704     9.75372573     9.75604055     9.88584538    10.02311773    10.08924328    10.09271886    10.09693635    10.09810907    10.09817781    10.09819584    10.09820269    10.09820677    10.09820882    10.09821235    10.09821547    10.09821909    10.09822113    10.09822827    10.09823265    10.09828797    10.09836094    10.09869406    10.09945915
  1371    -9.14826037    -5.56743937    -3.98994887    -2.48285470     2.43554608     4.86354437     8.23639792     8.33297819     9.08030634     9.75295143     9.76244627     9.88750525    10.02198200    10.08855586    10.09255838    10.09654017    10.09821531    10.09821531    10.09821531    10.09821531    10.09821531    10.09821531    10.09821531    10.09821531    10.09821531    10.09821531    10.09821531    10.09821531    10.09821531    10.09821531    10.09821531    10.09821531
  1372    -9.14865585    -5.56820187    -3.99047074    -2.48324001     2.43575637     4.86233560     8.23415966     8.33367663     9.08076475     9.75369332     9.76228726     9.88712830    10.02336845    10.08803395    10.09306230    10.09707516    10.09801290    10.09814324    10.09817171    10.09819144    10.09820409    10.09820748    10.09820996    10.09821623    10.09821846    10.09822543    10.09823320    10.09823900    10.09827539    10.09832495    10.09874377    10.09923236
  1373    -9.14904105    -5.56894029    -3.99096504    -2.48403377     2.43655870     4.86118302     8.22885567     8.33556913     9.08173883     9.75424005     9.76238720     9.88655857    10.02473707    10.08670399    10.09387137    10.09706661    10.09798511    10.09809912    10.09813214    10.09816833    10.09819442    10.09820007    10.09820405    10.09821782    10.09822229    10.09823607    10.09825215    10.09826546    10.09834101    10.09849458    10.09966878    10.10056214
  1374    -9.14941413    -5.56965088    -3.99143004    -2.48523310     2.43795279     4.86009051     8.22092986     8.33821122     9.08322206     9.75455637     9.76279337     9.88580659    10.02606480    10.08502639    10.09453691    10.09695364    10.09797410    10.09807287    10.09810269    10.09814658    10.09818695    10.09819297    10.09819770    10.09822037    10.09822698    10.09824710    10.09827044    10.09829624    10.09840929    10.09874855    10.10084571    10.10204212
  1375    -9.14977308    -5.57032972    -3.99186370    -2.48683441     2.43993769     4.85906216     8.21087339     8.34111132     9.08520769     9.75465245     9.76351027     9.88488519    10.02732942    10.08318635    10.09491811    10.09688191    10.09794514    10.09804250    10.09808950    10.09812746    10.09818084    10.09818662    10.09819187    10.09822416    10.09823257    10.09825833    10.09828673    10.09833162    10.09847883    10.09909045    10.10221821    10.10359139
  1376    -9.15011567    -5.57097274    -3.99226368    -2.48883335     2.44251177     4.85810214     8.19910907     8.34384666     9.08768864     9.75457988     9.76450321     9.88380894    10.02851008    10.08126601    10.09504068    10.09686881    10.09790664    10.09800695    10.09807651    10.09811204    10.09817207    10.09818185    10.09818915    10.09822937    10.09823902    10.09826959    10.09830053    10.09837063    10.09854841    10.09950007    10.10372118    10.10518710
  1377    -9.15043953    -5.57157576    -3.99262729    -2.49122490     2.44567276     4.85721479     8.18596285     8.34609260     9.09065724     9.75440263     9.76572700     9.88259374    10.02958747    10.07931374    10.09499321    10.09688859    10.09786360    10.09796889    10.09805839    10.09809862    10.09816061    10.09817649    10.09819010    10.09823572    10.09824642    10.09828071    10.09831183    10.09841219    10.09861690    10.09994836    10.10528227    10.10682987
  1378    -9.15074213    -5.57213453    -3.99295158    -2.49400336     2.44941773     4.85640451     8.17167663     8.34761034     9.09410491     9.75417514     9.76714723     9.88125635    10.03054409    10.07736513    10.09485226    10.09691516    10.09781733    10.09792829    10.09803755    10.09808496    10.09814753    10.09817073    10.09819224    10.09824228    10.09825522    10.09829152    10.09832095    10.09845560    10.09868330    10.10041165    10.10683914    10.10852929
  1379    -9.15102080    -5.57264476    -3.99323331    -2.49716243     2.45374314     4.85567582     8.15643009     8.34822608     9.09802175     9.75393689     9.76874529     9.87981416    10.03136425    10.07545035    10.09466137    10.09693688    10.09776755    10.09788538    10.09801550    10.09807036    10.09813346    10.09816476    10.09819444    10.09824798    10.09826586    10.09830171    10.09832847    10.09850045    10.09874676    10.10087481    10.10834943    10.11029086
  1380    -9.15127276    -5.57310210    -3.99346898    -2.50069519     2.45864485     4.85503325     8.14035921     8.34781320     9.10239614     9.75371445     9.77051567     9.87828491    10.03203425    10.07359700    10.09444151    10.09695098    10.09771294    10.09784126    10.09799275    10.09805475    10.09811891    10.09815858    10.09819643    10.09825234    10.09827810    10.09831085    10.09833525    10.09854645    10.09880660    10.10132895    10.10979359    10.11210808
  1381    -9.15149512    -5.57350227    -3.99365483    -2.50459424     2.46411817     4.85448137     8.12356959     8.34627968     9.10721439     9.75352497     9.77246191     9.87668656    10.03254256    10.07183099    10.09420218    10.09695778    10.09765171    10.09779770    10.09796942    10.09803820    10.09810439    10.09815218    10.09819816    10.09825530    10.09829129    10.09831830    10.09834234    10.09859335    10.09886228    10.10176902    10.11116797    10.11396541
  1382    -9.15168495    -5.57384102    -3.99378691    -2.50885164     2.47015784     4.85402476     8.10614549     8.34355977     9.11246045     9.75337876     9.77459346     9.87503726    10.03288031    10.07017635    10.09394736    10.09695808    10.09758248    10.09775640    10.09794550    10.09802083    10.09809026    10.09814552    10.09819964    10.09825688    10.09830465    10.09832380    10.09835060    10.09864077    10.09891339    10.10219231    10.11247560    10.11584526
  1383    -9.15183924    -5.57411419    -3.99386107    -2.51345906     2.47675811     4.85366796     8.08815582     8.33960840     9.11811581     9.75328111     9.77692319     9.87335525    10.03304209    10.06865443    10.09367830    10.09695212    10.09750513    10.09771831    10.09792095    10.09800282    10.09807677    10.09813861    10.09820085    10.09825713    10.09831674    10.09832851    10.09836015    10.09868822    10.09895973    10.10259780    10.11372106    10.11773173
  1384    -9.15195495    -5.57431775    -3.99387301    -2.51840774     2.48391277     4.85341545     8.06965816     8.33439745     9.12415944     9.75323364     9.77946554     9.87165898    10.03302699    10.06728257    10.09339487    10.09693898    10.09742124    10.09768366    10.09789573    10.09798443    10.09806406    10.09813146    10.09820179    10.09825615    10.09832372    10.09833645    10.09837068    10.09873496    10.09900141    10.10298573    10.11490900    10.11961145
  1385    -9.15202905    -5.57444784    -3.99381828    -2.52368863     2.49161517     4.85327164     8.05070153     8.32791310     9.13056797     9.75323527     9.78223497     9.86996714    10.03283966    10.06607273    10.09309617    10.09691578    10.09733450    10.09765227    10.09786987    10.09796598    10.09805216    10.09812411    10.09820237    10.09825407    10.09832587    10.09834758    10.09838185    10.09877986    10.09903901    10.10335750    10.11604393    10.12147327
  1386    -9.15205854    -5.57450078    -3.99369234    -2.52929236     2.49985826     4.85324081     8.03132825     8.32015384     9.13731592     9.75328309     9.78524450     9.86829881    10.03249116    10.06503036    10.09278096    10.09687658    10.09725159    10.09762386    10.09784347    10.09794778    10.09804106    10.09811659    10.09820253    10.09825111    10.09832656    10.09835876    10.09839339    10.09882132    10.09907381    10.10371549    10.11713038    10.12330787
  1387    -9.15204045    -5.57447314    -3.99349059    -2.53520937     2.50863463     4.85332712     8.01157537     8.31112875     9.14437611     9.75337317     9.78850443     9.86667367    10.03199912    10.06415393    10.09244779    10.09681299    10.09718157    10.09759814    10.09781679    10.09793012    10.09803069    10.09810898    10.09820216    10.09824752    10.09832681    10.09836922    10.09840497    10.09885716    10.09910786    10.10406289    10.11817296    10.12510747
  1388    -9.15197190    -5.57436175    -3.99320841    -2.54142990     2.51793658     4.85353455     7.99147563     8.30085617     9.15172010     9.75350117     9.79202098     9.86511228    10.03138711    10.06343536    10.09209528    10.09671977    10.09713051    10.09757480    10.09779021    10.09791323    10.09802103    10.09810138    10.09820112    10.09824360    10.09832701    10.09837890    10.09841627    10.09888495    10.09914374    10.10440357    10.11917632    10.12686564
  1389    -9.15185011    -5.57416372    -3.99284117    -2.54794407     2.52775610     4.85386691     7.97105820     8.28936233     9.15931870     9.75366301     9.79579503     9.86363654    10.03068325    10.06286125    10.09172232    10.09660000    10.09709644    10.09755352    10.09776429    10.09789727    10.09801201    10.09809391    10.09819932    10.09823963    10.09832739    10.09838787    10.09842698    10.09890291    10.09918362    10.10474177    10.12014514    10.12857712
  1390    -9.15167242    -5.57387649    -3.99238430    -2.55474193     2.53808497     4.85432777     7.95034930     8.27668018     9.16714249     9.75385525     9.79982069     9.86227046    10.02991839    10.06241462    10.09132829    10.09646112    10.09707345    10.09753395    10.09773971    10.09788235    10.09800359    10.09808670    10.09819671    10.09823585    10.09832811    10.09839620    10.09843687    10.09891073    10.09922847    10.10508196    10.12108399    10.13023775
  1391    -9.15143631    -5.57349788    -3.99183332    -2.56181349     2.54891476     4.85492051     7.92937261     8.26284831     9.17516233     9.75407550     9.80408355     9.86104136    10.02912431    10.06207665    10.09091345    10.09631004    10.09705672    10.09751573    10.09771720    10.09786850    10.09799576    10.09807992    10.09819334    10.09823239    10.09832924    10.09840396    10.09844579    10.09890955    10.09927789    10.10542856    10.12199728    10.13184438
  1392    -9.15113946    -5.57302606    -3.99118386    -2.56914880     2.56023686     4.85564821     7.90814965     8.24790989     9.18334978     9.75432257     9.80855831     9.85998187    10.02833226    10.06182828    10.09047919    10.09615222    10.09704330    10.09749848    10.09769745    10.09785573    10.09798850    10.09807373    10.09818935    10.09822926    10.09833083    10.09841118    10.09845369    10.09890124    10.09933085    10.10578580    10.12288907    10.13339475
  1393    -9.15077973    -5.57245959    -3.99043173    -2.57673794     2.57204256     4.85651372     7.88670007     8.23191172     9.19167759     9.75459660     9.81320516     9.85913339    10.02757192    10.06165127    10.09002840    10.09599220    10.09703156    10.09748192    10.09768102    10.09784399    10.09798182    10.09806830    10.09818497    10.09822641    10.09833285    10.09841783    10.09846064    10.09888775    10.09938616    10.10615760    10.12376308    10.13488747
  1394    -9.15035519    -5.57179746    -3.98957293    -2.58457111     2.58432304     4.85751957     7.86504187     8.21490340     9.20011992     9.75489905     9.81796399     9.85855180    10.02687086    10.06152896    10.08956564    10.09583388    10.09702058    10.09746587    10.09766822    10.09783323    10.09797573    10.09806379    10.09818043    10.09822375    10.09833522    10.09842385    10.09846678    10.09887084    10.09944275    10.10654751    10.12462256    10.13632187
  1395    -9.14986418    -5.57103909    -3.98860371    -2.59263862     2.59706942     4.85866803     7.84319162     8.19693649     9.20865271     9.75523258     9.82274518     9.85831672    10.02625440    10.06144667    10.08909721    10.09568066    10.09700989    10.09745029    10.09765907    10.09782338    10.09797028    10.09806034    10.09817592    10.09822120    10.09833777    10.09842915    10.09847233    10.09885196    10.09949965    10.10695872    10.12547025    10.13769799
  1396    -9.14930527    -5.57018433    -3.98752058    -2.60093096     2.61027276     4.85996103     7.82116460     8.17806390     9.21725377     9.75560095     9.82741656     9.85854471    10.02574564    10.06139191    10.08863102    10.09553537    10.09699928    10.09743530    10.09765331    10.09781437    10.09796549    10.09805805    10.09817160    10.09821869    10.09834029    10.09843369    10.09847756    10.09883235    10.09955602    10.10739407    10.12630833    10.13901647
  1397    -9.14867731    -5.56923351    -3.98632038    -2.60943883     2.62392415     4.86140020     7.79897496     8.15833920     9.22590297     9.75600877     9.83179191     9.85940101    10.02536565    10.06135458    10.08817627    10.09540020    10.09698873    10.09742107    10.09765051    10.09780618    10.09796141    10.09805700    10.09816758    10.09821621    10.09834249    10.09843753    10.09848260    10.09881306    10.09961106    10.10785612    10.12713844    10.14027850
  1398    -9.14797945    -5.56818738    -3.98500029    -2.61815310     2.63801466     4.86298685     7.77663579     8.13781614     9.23458222     9.75646126     9.83564383     9.86108706    10.02513369    10.06132704    10.08774298    10.09527677    10.09697831    10.09740778    10.09765012    10.09779879    10.09795805    10.09805722    10.09816392    10.09821375    10.09834405    10.09844087    10.09848747    10.09879507    10.09966397    10.10834720    10.12796165    10.14148575
  1399    -9.14721115    -5.56704716    -3.98355785    -2.62706493     2.65253540     4.86472194     7.75415928     8.11654818     9.24327553     9.75696403     9.83877925     9.86376541    10.02506730    10.06130431    10.08734135    10.09516612    10.09696816    10.09739556    10.09765160    10.09779228    10.09795544    10.09805868    10.09816067    10.09821130    10.09834463    10.09844409    10.09849192    10.09877930    10.09971399    10.10886948    10.12877850    10.14264029
  1400    -9.14637215    -5.56581453    -3.98199103    -2.63616571     2.66747752     4.86660616     7.73155674     8.09458809     9.25196887     9.75752273     9.84115634     9.86744337    10.02518239    10.06128419    10.08698122    10.09506878    10.09695847    10.09738450    10.09765440    10.09778675    10.09795359    10.09806130    10.09815783    10.09820891    10.09834400    10.09844758    10.09849553    10.09876671    10.09976039    10.10942504    10.12958904    10.14374460
  1401    -9.14546255    -5.56449160    -3.98029821    -2.64544710     2.68283223     4.86863983     7.70883872     8.07198766     9.26065016     9.75814281     9.84291059     9.87194760    10.02549311    10.06126744    10.08667139    10.09498491    10.09694942    10.09737463    10.09765806    10.09778235    10.09795254    10.09806492    10.09815540    10.09820659    10.09834203    10.09845158    10.09849786    10.09875822    10.09980243    10.11001589    10.13039286    10.14480143
  1402    -9.14448276    -5.56308092    -3.97847823    -2.65490106     2.69859081     4.87082299     7.68601506     8.04879736     9.26930906     9.75882926     9.84425184     9.87702788    10.02601156    10.06125787    10.08641923    10.09491436    10.09694117    10.09736592    10.09766222    10.09777930    10.09795230    10.09806935    10.09815338    10.09820439    10.09833883    10.09845609    10.09849863    10.09875466    10.09983944    10.11064402    10.13118922    10.14581381
  1403    -9.14343353    -5.56158548    -3.97653040    -2.66451982     2.71474461     4.87315535     7.66309493     8.02506616     9.27793688     9.75958632     9.84536461     9.88245772    10.02674721    10.06126237    10.08623026    10.09485677    10.09693391    10.09735833    10.09766660    10.09777778    10.09795293    10.09807431    10.09815182    10.09820238    10.09833464    10.09846056    10.09849817    10.09875662    10.09987079    10.11131143    10.13197709    10.14678499
  1404    -9.14231594    -5.56000866    -3.97445452    -2.67429592     2.73128505     4.87563637     7.64008691     8.00084133     9.28652641     9.76041733     9.84637835     9.88806521    10.02770617    10.06129086    10.08610807    10.09481162    10.09692776    10.09735183    10.09767107    10.09777797    10.09795446    10.09807951    10.09815075    10.09820060    10.09832980    10.09846361    10.09849793    10.09876431    10.09989594    10.11202016    10.13275530    10.14771841
  1405    -9.14113142    -5.55835422    -3.97225090    -2.68422216     2.74820361     4.87826518     7.61699902     7.97616832     9.29507171     9.76132448     9.84737601     9.89372567    10.02889009    10.06135613    10.08605427    10.09477831    10.09692286    10.09734639    10.09767563    10.09777998    10.09795695    10.09808461    10.09815030    10.09819912    10.09832468    10.09846323    10.09850031    10.09877763    10.09991444    10.11277228    10.13352269    10.14861766
  1406    -9.13988170    -5.55662632    -3.96992034    -2.69429167     2.76549185     4.88104069     7.59383880     7.95109058     9.30356796     9.76230876     9.84840924     9.89934781    10.03029489    10.06147375    10.08606869    10.09475623    10.09691932    10.09734206    10.09768037    10.09778387    10.09796043    10.09808928    10.09815060    10.09819800    10.09831967    10.09845891    10.09850638    10.09879632    10.09992597    10.11356993    10.13427821    10.14948646
  1407    -9.13856886    -5.55482941    -3.96746415    -2.70449784     2.78314138     4.88396157     7.57061333     7.92564953     9.31201129     9.76336982     9.84950986     9.90486364    10.03190926    10.06166187    10.08614953    10.09474478    10.09691725    10.09733896    10.09768548    10.09778965    10.09796491    10.09809325    10.09815180    10.09819730    10.09831506    10.09845222    10.09851525    10.09882015    10.09993037    10.11441523    10.13502114    10.15032869
  1408    -9.13719529    -5.55296830    -3.96488416    -2.71483433     2.80114384     4.88702624     7.54732927     7.89988445     9.32039859     9.76450604     9.85069727     9.91022243    10.03371321    10.06194115    10.08629365    10.09474340    10.09691676    10.09733731    10.09769113    10.09779730    10.09797040    10.09809639    10.09815393    10.09819712    10.09831111    10.09844479    10.09852590    10.09884901    10.09992763    10.11531027    10.13575124    10.15114840
  1409    -9.13576368    -5.55104806    -3.96218270    -2.72529508     2.81949091     4.89023296     7.52399295     7.87383248     9.32872734     9.76571450     9.85198284     9.91538741    10.03567671    10.06233466    10.08649673    10.09475169    10.09691796    10.09733745    10.09769743    10.09780686    10.09797686    10.09809874    10.09815687    10.09819759    10.09830803    10.09843776    10.09853776    10.09888298    10.09991795    10.11625696    10.13646895    10.15194987
  1410    -9.13427700    -5.54907402    -3.95936259    -2.73587428     2.83817424     4.89357981     7.50061040     7.84752855     9.33699543     9.76699114     9.85337259     9.92033394    10.03775909    10.06286764    10.08675340    10.09476942    10.09692100    10.09733983    10.09770435    10.09781837    10.09798422    10.09810051    10.09816028    10.09819899    10.09830595    10.09843192    10.09855058    10.09892232    10.09990179    10.11725676    10.13717558    10.15273771
  1411    -9.13273854    -5.54705173    -3.95642714    -2.74656635     2.85718550     4.89706474     7.47718735     7.82100541     9.34520108     9.76833085     9.85486880     9.92504827    10.03990948    10.06356662    10.08705723    10.09479660    10.09692604    10.09734493    10.09771180    10.09783192    10.09799238    10.09810200    10.09816372    10.09820168    10.09830495    10.09842791    10.09856422    10.09896740    10.09987993    10.11831035    10.13787346    10.15351705
  1412    -9.13115179    -5.54498693    -3.95338012    -2.75736594     2.87651628     4.90068560     7.45372936     7.79429364     9.35334259     9.76972772     9.85647093     9.92952637    10.04206937    10.06445739    10.08740070    10.09483365    10.09693326    10.09735326    10.09771954    10.09784755    10.09800121    10.09810351    10.09816678    10.09820605    10.09830504    10.09842629    10.09857870    10.09901857    10.09985362    10.11941709    10.13856611    10.15429372
  1413    -9.12952052    -5.54288551    -3.95022575    -2.76826789     2.89615811     4.90444014     7.43024181     7.76742162     9.36141829     9.77117518     9.85817627     9.93377267    10.04417772    10.06556099    10.08777499    10.09488142    10.09694287    10.09736527    10.09772735    10.09786520    10.09801053    10.09810535    10.09816931    10.09821230    10.09830622    10.09842766    10.09859413    10.09907584    10.09982489    10.12057428    10.13925826    10.15507457
  1414    -9.12784871    -5.54075349    -3.94696864    -2.77926723     2.91610239     4.90832611     7.40672993     7.74041566     9.36942642     9.77266630     9.85998026     9.93779854    10.04617893    10.06688769    10.08816981    10.09494137    10.09695510    10.09738123    10.09773499    10.09788468    10.09802014    10.09810776    10.09817150    10.09822035    10.09830847    10.09843267    10.09861078    10.09913825    10.09979716    10.12177630    10.13995580    10.15586782
  1415    -9.12614053    -5.53859697    -3.94361381    -2.79035915     2.93634039     4.91234123     7.38319889     7.71329998     9.37736495     9.77419397     9.86187672     9.94162064    10.04803169    10.06843056    10.08857331    10.09501559    10.09697019    10.09740124    10.09774228    10.09790556    10.09802981    10.09811101    10.09817375    10.09822988    10.09831175    10.09844207    10.09862914    10.09920250    10.09977654    10.12301370    10.14066541    10.15668345
  1416    -9.12440031    -5.53642210    -3.94016664    -2.80153898     2.95686320     4.91648328     7.35965380     7.68609679     9.38523160     9.77575113     9.86385807     9.94525924    10.04971522    10.07016186    10.08897212    10.09510673    10.09698840    10.09742512    10.09774912    10.09792724    10.09803928    10.09811535    10.09817649    10.09824043    10.09831609    10.09845676    10.09865008    10.09926070    10.09977398    10.12427249    10.14139390    10.15753364
  1417    -9.12263254    -5.53423504    -3.93663281    -2.81280218     2.97766165     4.92075007     7.33609974     7.65882643     9.39302365     9.77733095     9.86591540     9.94873662    10.05122981    10.07203513    10.08935178    10.09521758    10.09701006    10.09745242    10.09775549    10.09794893    10.09804828    10.09812102    10.09818009    10.09825144    10.09832151    10.09847755    10.09867508    10.09929993    10.09980565    10.12553393    10.14214699    10.15843296
  1418    -9.12084182    -5.53204195    -3.93301830    -2.82414427     2.99872635     4.92513958     7.31254180     7.63150737     9.40073798     9.77892701     9.86803866     9.95207569    10.05259156    10.07399267    10.08969759    10.09535034    10.09703567    10.09748248    10.09776150    10.09796977    10.09805666    10.09812817    10.09818478    10.09826232    10.09832809    10.09850477    10.09870666    10.09931066    10.09988442    10.12677535    10.14292757    10.15939839
  1419    -9.11903284    -5.52984891    -3.92932933    -2.83556087     3.02004756     4.92964991     7.28898507     7.60415639     9.40837095     9.78053341     9.87021678     9.95529878    10.05382468    10.07597475    10.08999593    10.09550521    10.09706606    10.09751450    10.09776736    10.09798894    10.09806436    10.09813676    10.09819065    10.09827254    10.09833587    10.09853747    10.09874879    10.09929731    10.10000972    10.12797207    10.14373366    10.16044856
  1420    -9.11721035    -5.52766195    -3.92557231    -2.84704764     3.04161523     4.93427935     7.26543470     7.57678866     9.41591844     9.78214481     9.87243789     9.95842679    10.05495495    10.07792696    10.09023583    10.09567881    10.09710244    10.09754761    10.09777348    10.09800579    10.09807156    10.09814656    10.09819763    10.09828172    10.09834491    10.09857292    10.09880595    10.09927368    10.10017360    10.12910046    10.14455678    10.16160220
  1421    -9.11537914    -5.52548696    -3.92175381    -2.85860026     3.06341887     4.93902644     7.24189585     7.54941789     9.42337577     9.78375650     9.87468944     9.96147853    10.05600578    10.07980407    10.09041024    10.09586277    10.09714640    10.09758097    10.09778048    10.09801994    10.09807855    10.09815714    10.09820552    10.09828967    10.09835523    10.09860767    10.09887698    10.09925915    10.10037001    10.13014115    10.14538174    10.16287532
  1422    -9.11354399    -5.52332970    -3.91788054    -2.87021440     3.08544757     4.94389000     7.21837371     7.52205642     9.43073775     9.78536435     9.87695850     9.96447034    10.05699677    10.08157101    10.09051640    10.09604398    10.09719931    10.09761378    10.09778932    10.09803128    10.09808564    10.09816801    10.09821407    10.09829627    10.09836677    10.09863973    10.09893952    10.09928956    10.10059727    10.13108142    10.14618858    10.16427775
  1423    -9.11170966    -5.52119573    -3.91395925    -2.88188573     3.10768992     4.94886915     7.19487351     7.49471542     9.43799871     9.78696477     9.87923192     9.96741584    10.05794363    10.08320224    10.09055542    10.09620751    10.09726096    10.09764526    10.09780128    10.09804000    10.09809305    10.09817868    10.09822304    10.09830148    10.09837937    10.09866890    10.09895763    10.09940729    10.10085895    10.13191581    10.14695663    10.16580968
  1424    -9.10988086    -5.51909044    -3.90999673    -2.89360985     3.13013398     4.95396339     7.17140047     7.46740498     9.44515249     9.78855466     9.88149657     9.97032588    10.05885880    10.08468046    10.09053124    10.09634190    10.09732791    10.09767462    10.09781789    10.09804648    10.09810078    10.09818874    10.09823229    10.09830528    10.09839277    10.09869532    10.09893858    10.09960167    10.10116496    10.13264491    10.14766909    10.16745961
  1425    -9.10806220    -5.51701898    -3.90599976    -2.90538229     3.15276721     4.95917260     7.14795982     7.44013433     9.45219254     9.79013126     9.88373957     9.97320862    10.05975214    10.08599515    10.09045017    10.09644349    10.09739349    10.09770130    10.09784038    10.09805120    10.09810876    10.09819790    10.09824180    10.09830765    10.09840659    10.09871794    10.09890756    10.09983255    10.10153103    10.13327292    10.14831640    10.16920460
  1426    -9.10625821    -5.51498624    -3.90197504    -2.91719849     3.17557648     4.96449712     7.12455676     7.41291190     9.45911196     9.79169208     9.88594842     9.97606970    10.06063157    10.08713969    10.09032217    10.09651582    10.09745081    10.09772534    10.09786881    10.09805467    10.09811687    10.09820595    10.09825160    10.09830857    10.09842040    10.09873266    10.09888073    10.10006321    10.10197259    10.13380504    10.14889736    10.17101282
  1427    -9.10447325    -5.51299687    -3.89792920    -2.92905379     3.19854794     4.96993778     7.10119639     7.38574557     9.46590358     9.79323481     9.88811117     9.97891247    10.06150345    10.08810149    10.09016951    10.09656578    10.09749590    10.09774728    10.09790167    10.09805733    10.09812507    10.09821284    10.09826181    10.09830804    10.09843380    10.09873204    10.09887076    10.10026696    10.10249411    10.13424535    10.14941814    10.17284722
  1428    -9.10271154    -5.51105518    -3.89386870    -2.94094339     3.22166707     4.97549589     7.07788378     7.35864274     9.47256004     9.79475717     9.89021653     9.98173839    10.06237287    10.08881599    10.09007133    10.09660019    10.09752841    10.09776746    10.09793645    10.09805962    10.09813337    10.09821856    10.09827260    10.09830617    10.09844641    10.09871522    10.09888112    10.10043161    10.10308379    10.13459554    10.14989014    10.17466931
  1429    -9.10097712    -5.50916523    -3.88979984    -2.95286232     3.24491857     4.98117338     7.05462385     7.33161054     9.47907390     9.79625685     9.89225394     9.98454734    10.06324368    10.08906283    10.09026568    10.09662459    10.09755025    10.09778565    10.09797038    10.09806205    10.09814182    10.09822311    10.09828421    10.09830330    10.09845795    10.09869160    10.09890388    10.10055651    10.10371867    10.13485456    10.15032743    10.17644215
  1430    -9.09927379    -5.50733070    -3.88572871    -2.96480546     3.26828634     4.98697273     7.03142139     7.30465593     9.48543774     9.79773144     9.89421357     9.98733807    10.06411855    10.08887576    10.09073775    10.09664310    10.09756392    10.09780116    10.09800077    10.09806536    10.09815043    10.09822638    10.09829601    10.09830122    10.09846816    10.09866882    10.09893221    10.10064643    10.10437306    10.13501906    10.15074425    10.17813231
  1431    -9.09760516    -5.50555496    -3.88166116    -2.97676750     3.29175347     4.99289707     7.00828102     7.27778583     9.49164422     9.79917835     9.89608639     9.99010862    10.06499879    10.08852416    10.09123686    10.09665873    10.09757156    10.09781333    10.09802487    10.09807077    10.09815895    10.09822813    10.09829607    10.09831359    10.09847684    10.09865046    10.09896286    10.10070759    10.10502400    10.13508456    10.15115280    10.17971083
  1432    -9.09597457    -5.50384105    -3.87760276    -2.98874292     3.31530218     4.99895020     6.98520718     7.25100729     9.49768625     9.80059480     9.89786414     9.99285672    10.06588430    10.08809428    10.09169437    10.09667366    10.09757471    10.09782174    10.09804057    10.09807954    10.09816669    10.09822812    10.09829472    10.09833194    10.09848383    10.09863804    10.09899419    10.10074611    10.10565356    10.13504685    10.15156141    10.18115367
  1433    -9.09438511    -5.50219161    -3.87355880    -3.00072599     3.33891378     5.00513661     6.96220407     7.22432754     9.50355704     9.80197779     9.89953931     9.99558015    10.06677345    10.08760944    10.09210303    10.09668939    10.09757438    10.09782635    10.09804894    10.09809057    10.09817265    10.09822658    10.09829530    10.09835372    10.09848911    10.09863214    10.09902519    10.10076756    10.10624919    10.13490345    10.15197325    10.18244159
  1434    -9.09283959    -5.50060894    -3.86953425    -3.01271075     3.36256868     5.01146153     6.93927572     7.19775414     9.50925021     9.80332413     9.90110521     9.99827706    10.06766297    10.08708005    10.09246711    10.09670694    10.09757122    10.09782756    10.09805319    10.09810138    10.09817608    10.09822435    10.09829763    10.09837799    10.09849290    10.09863278    10.09905508    10.10077683    10.10680327    10.13465473    10.15238575    10.18355990
  1435    -9.09134052    -5.49909498    -3.86553374    -3.02469099     3.38624634     5.01793091     6.91642590     7.17129505     9.51475986     9.80463043     9.90255592    10.00094613    10.06854801    10.08651361    10.09279264    10.09672688    10.09756569    10.09782610    10.09805520    10.09811107    10.09817697    10.09822230    10.09830104    10.09840275    10.09849566    10.09863968    10.09908320    10.10077798    10.10731216    10.13430443    10.15279080    10.18449805
  1436    -9.08989013    -5.49765127    -3.86156158    -3.03666026     3.40992525     5.02455151     6.89365815     7.14495871     9.52008070     9.80589318     9.90388637    10.00358670    10.06942215    10.08591731    10.09308524    10.09674940    10.09755819    10.09782294    10.09805559    10.09811982    10.09817602    10.09822083    10.09830489    10.09842542    10.09849818    10.09865233    10.09910896    10.10077422    10.10777519    10.13385967    10.15317555    10.18524919
  1437    -9.08849034    -5.49627900    -3.85762171    -3.04861184     3.43358295     5.03133083     6.87097579     7.11875407     9.52520806     9.80710879     9.90509241    10.00619876    10.07027758    10.08529892    10.09334960    10.09677439    10.09754917    10.09781904    10.09805464    10.09812795    10.09817414    10.09821988    10.09830878    10.09844349    10.09850148    10.09866991    10.09913177    10.10076780    10.10819352    10.13333062    10.15352374    10.18580976
  1438    -9.08714275    -5.49497899    -3.85371774    -3.06053874     3.45719598     5.03827719     6.84838194     7.09269070     9.53013797     9.80827366     9.90617088    10.00878278    10.07110523    10.08466725    10.09358946    10.09680144    10.09753920    10.09781527    10.09805258    10.09813559    10.09817201    10.09821931    10.09831248    10.09845527    10.09850650    10.09869121    10.09915114    10.10075993    10.10856906    10.13272986    10.15381698    10.18617900
  1439    -9.08584866    -5.49375168    -3.84985292    -3.07243370     3.48073994     5.04539968     6.82587952     7.06677879     9.53486721     9.80938427     9.90711969    10.01133954    10.07189503    10.08403240    10.09380775    10.09682993    10.09752901    10.09781228    10.09804968    10.09814265    10.09817005    10.09821908    10.09831589    10.09846094    10.09851307    10.09871464    10.09916663    10.10075082    10.10890345    10.13207188    10.15403613    10.18635855
  1440    -9.08460904    -5.49259716    -3.84603017    -3.08428916     3.50418944     5.05270817     6.80347130     7.04102914     9.53939332     9.81043724     9.90793793    10.01386979    10.07263599    10.08340600    10.09400677    10.09685904    10.09751942    10.09781051    10.09804621    10.09814888    10.09816853    10.09821924    10.09831892    10.09846221    10.09851993    10.09873858    10.09917796    10.10073974    10.10919714    10.13137253    10.15416237    10.18635203
  1441    -9.08342456    -5.49151516    -3.84225206    -3.09609728     3.52751817     5.06021330     6.78115990     7.01545322     9.54371462     9.81142945     9.90862594    10.01637398    10.07331631    10.08280160    10.09418834    10.09688779    10.09751136    10.09781018    10.09804241    10.09815372    10.09816785    10.09821985    10.09832156    10.09846077    10.09852596    10.09876171    10.09918501    10.10072523    10.10944870    10.13064864    10.15417808    10.18616465
  1442    -9.08229560    -5.49050506    -3.83852087    -3.10784994     3.55069891     5.06792642     6.75894788     6.99006316     9.54783023     9.81235810     9.90918533    10.01885184    10.07392334    10.08223493    10.09435395    10.09691520    10.09750571    10.09781139    10.09803848    10.09815644    10.09816856    10.09822101    10.09832379    10.09845762    10.09853068    10.09878309    10.09918782    10.10070540    10.10965434    10.12991755    10.15406749    10.18580275
  1443    -9.08122221    -5.48956594    -3.83483859    -3.11953869     3.57370357     5.07585954     6.73683777     6.96487170     9.55174003     9.81322077     9.90961905    10.02130212    10.07444363    10.08172408    10.09450488    10.09694030    10.09750325    10.09781415    10.09803458    10.09815703    10.09817056    10.09822273    10.09832560    10.09845327    10.09853395    10.09880218    10.09918661    10.10067825    10.10980790    10.12919661    10.15381717    10.18527349
  1444    -9.08020417    -5.48869652    -3.83120695    -3.13115479     3.59650326     5.08402530     6.71483214     6.93989219     9.55544465     9.81401551     9.90993134    10.02372233    10.07486370    10.08128882    10.09464225    10.09696232    10.09750453    10.09781842    10.09803083    10.09815649    10.09817284    10.09822490    10.09832701    10.09844799    10.09853577    10.09881869    10.09918172    10.10064201    10.10990125    10.12850248    10.15341639    10.18458441
  1445    -9.07924098    -5.48789524    -3.82762742    -3.14268920     3.61906838     5.09243684     6.69293366     6.91513853     9.55894546     9.81474089     9.91012767    10.02610856    10.07517236    10.08094832    10.09476707    10.09698082    10.09750974    10.09782413    10.09802735    10.09815552    10.09817475    10.09822734    10.09832803    10.09844196    10.09853616    10.09883253    10.09917361    10.10059545    10.10992526    10.12785012    10.15285731    10.18374310
  1446    -9.07833188    -5.48716024    -3.82410132    -3.15413255     3.64136864     5.10110772     6.67114517     6.89062517     9.56224450     9.81539605     9.91021464    10.02845542    10.07536553    10.08071613    10.09488031    10.09699574    10.09751870    10.09783121    10.09802422    10.09815440    10.09817612    10.09822979    10.09832868    10.09843528    10.09853515    10.09884370    10.09916276    10.10053799    10.10987128    10.12725152    10.15213513    10.18275692
  1447    -9.07747585    -5.48648940    -3.82062979    -3.16547514     3.66337325     5.11005176     6.64946982     6.86636702     9.56534447     9.81598071     9.91019983    10.03075610    10.07545190    10.08059433    10.09498285    10.09700744    10.09753086    10.09783960    10.09802152    10.09815323    10.09817698    10.09823199    10.09832899    10.09842806    10.09853277    10.09885216    10.09914973    10.10046981    10.10973287    10.12671435    10.15124815    10.18163277
  1448    -9.07667165    -5.48588035    -3.81721384    -3.17670699     3.68505098     5.11928289     6.62791111     6.84237938     9.56824866     9.81649520     9.91009162    10.03300253    10.07545472    10.08057139    10.09507552    10.09701662    10.09754541    10.09784922    10.09801931    10.09815198    10.09817740    10.09823368    10.09832899    10.09842040    10.09852905    10.09885784    10.09913509    10.10039176    10.10950740    10.12624082    10.15019768    10.18037686
  1449    -9.07591781    -5.48533047    -3.81385444    -3.18781774     3.70637034     5.12881500     6.60647305     6.81867791     9.57096094     9.81694044     9.90989904    10.03518579    10.07540661    10.08062695    10.09515911    10.09702414    10.09756145    10.09786000    10.09801762    10.09815057    10.09817748    10.09823467    10.09832870    10.09841239    10.09852402    10.09886054    10.09911943    10.10030530    10.10919700    10.12582714    10.14898794    10.17899472
  1450    -9.07521268    -5.48483695    -3.81055253    -3.19879673     3.72729969     5.13866165     6.58516024     6.79527855     9.57348565     9.81731797     9.90963152    10.03729650    10.07534084    10.08074004    10.09523437    10.09703094    10.09757812    10.09787183    10.09801649    10.09814885    10.09817732    10.09823480    10.09832815    10.09840415    10.09851776    10.09885997    10.09910334    10.10021233    10.10880869    10.12546391    10.14762581    10.17749112
  1451    -9.07455444    -5.48439679    -3.80730908    -3.20963293     3.74780750     5.14883583     6.56397805     6.77219742     9.57582762     9.81762986     9.90929874    10.03932558    10.07528487    10.08089498    10.09530207    10.09703794    10.09759470    10.09788460    10.09801591    10.09814659    10.09817701    10.09823400    10.09832735    10.09839580    10.09851032    10.09885582    10.09908733    10.10011503    10.10835349    10.12513729    10.14612056    10.17587018
  1452    -9.07394111    -5.48400682    -3.80412516    -3.22031499     3.76786244     5.15934972     6.54293276     6.74945080     9.57799208     9.81787873     9.90891038    10.04126494    10.07525763    10.08108339    10.09536296    10.09704591    10.09761065    10.09789813    10.09801588    10.09814351    10.09817668    10.09823224    10.09832629    10.09838747    10.09850183    10.09884776    10.09907177    10.10001574    10.10784506    10.12483068    10.14448351    10.17413554
  1453    -9.07337060    -5.48366375    -3.80100196    -3.23083118     3.78743367     5.17021430     6.52203173     6.72705502     9.57998465     9.81806768     9.90847602    10.04310840    10.07526942    10.08130362    10.09541787    10.09705551    10.09762561    10.09791225    10.09801636    10.09813930    10.09817645    10.09822957    10.09832497    10.09837928    10.09849241    10.09883567    10.09905671    10.09991680    10.10729808    10.12452649    10.14272768    10.17229043
  1454    -9.07284069    -5.48336414    -3.79794087    -3.24116944     3.80649104     5.18143900     6.50128355     6.70502639     9.58181126     9.81820022     9.90800490    10.04485254    10.07532273    10.08155925    10.09546768    10.09706725    10.09763939    10.09792673    10.09801732    10.09813370    10.09817641    10.09822613    10.09832338    10.09837132    10.09848224    10.09881966    10.09904187    10.09982043    10.10672693    10.12420758    10.14086745    10.17033798
  1455    -9.07234910    -5.48310450    -3.79494352    -3.25131731     3.82500531     5.19303129     6.48069831     6.68338118     9.58347816     9.81828024     9.90750585    10.04649742    10.07541357    10.08185723    10.09551332    10.09708147    10.09765189    10.09794130    10.09801870    10.09812652    10.09817662    10.09822210    10.09832151    10.09836367    10.09847149    10.09880012    10.09902658    10.09972863    10.10614473    10.12385822    10.13891822    10.16828128
  1456    -9.07189352    -5.48288126    -3.79201184    -3.26126199     3.84294839     5.20499623     6.46028779     6.66213553     9.58499182     9.81831191     9.90698715    10.04804707    10.07553334    10.08220574    10.09555581    10.09709834    10.09766315    10.09795565    10.09802046    10.09811779    10.09817710    10.09821766    10.09831934    10.09835638    10.09846037    10.09877760    10.09900993    10.09964304    10.10556280    10.12346466    10.13689617    10.16612363
  1457    -9.07147157    -5.48269082    -3.78914811    -3.27099032     3.86029360     5.21733597     6.44006572     6.64130543     9.58635896     9.81829968     9.90645646    10.04950951    10.07567127    10.08261181    10.09559611    10.09711791    10.09767320    10.09796935    10.09802262    10.09810778    10.09817782    10.09821301    10.09831687    10.09834946    10.09844905    10.09875275    10.09899099    10.09956488    10.10499044    10.12301520    10.13481808    10.16386863
  1458    -9.07108089    -5.48252956    -3.78635497    -3.28048875     3.87701589     5.23004923     6.42004806     6.62090668     9.58758647     9.81824813     9.90592072    10.05089643    10.07581710    10.08307914    10.09563515    10.09714012    10.09768213    10.09798176    10.09802527    10.09809708    10.09817872    10.09820833    10.09831405    10.09834291    10.09843770    10.09872621    10.09896895    10.09949474    10.10443494    10.12250006    10.13270129    10.16152027
  1459    -9.07071914    -5.48239389    -3.78363550    -3.28974339     3.89309208     5.24313068     6.40025334     6.60095491     9.58868142     9.81816198     9.90538619    10.05222242    10.07596353    10.08360649    10.09567369    10.09716482    10.09769002    10.09799178    10.09802884    10.09808666    10.09817972    10.09820379    10.09831086    10.09833671    10.09842645    10.09869857    10.09894337    10.09943249    10.10390176    10.12191088    10.13056383    10.15908303
  1460    -9.07038404    -5.48228025    -3.78099321    -3.29874003     3.90850105     5.25657034     6.38070298     6.58146559     9.58965096     9.81804601     9.90485835    10.05350394    10.07610753    10.08418729    10.09571220    10.09719181    10.09769696    10.09799777    10.09803398    10.09807789    10.09818067    10.09819958    10.09830725    10.09833084    10.09841538    10.09867031    10.09891427    10.09937722    10.10339471    10.12123990    10.12842491    10.15656189
  1461    -9.07007336    -5.48218517    -3.77843209    -3.30746413     3.92322395     5.27035288     6.36142170     6.56245406     9.59050237     9.81790500     9.90434197    10.05475826    10.07625059    10.08481060    10.09575083    10.09722088    10.09770301    10.09799864    10.09804075    10.09807233    10.09818123    10.09819605    10.09830319    10.09832526    10.09840453    10.09864188    10.09888214    10.09932731    10.10291624    10.12047852    10.12630601    10.15396236
  1462    -9.06978496    -5.48210524    -3.77595658    -3.31590087     3.93724435     5.28445691     6.34243798     6.54393563     9.59124298     9.81774368     9.90384106    10.05600250    10.07639779    10.08546279    10.09578927    10.09725183    10.09770826    10.09799512    10.09804778    10.09807115    10.09818083    10.09819382    10.09829868    10.09831991    10.09839392    10.09861362    10.09884775    10.09928064    10.10246758    10.11961465    10.12423321    10.15129049
  1463    -9.06951684    -5.48203720    -3.77357159    -3.32403522     3.95054839     5.29885412     6.32378452     6.52592569     9.59188014     9.81756671     9.90335897    10.05725275    10.07655667    10.08612950    10.09582676    10.09728447    10.09771281    10.09798912    10.09805356    10.09807445    10.09817906    10.09819334    10.09829375    10.09831469    10.09838351    10.09858580    10.09881198    10.09923495    10.10204903    10.11862818    10.12224147    10.14855281
  1464    -9.06926712    -5.48197791    -3.77128242    -3.33185196     3.96312483     5.31350849     6.30549884     6.50843987     9.59242121     9.81737861     9.90289838    10.05852354    10.07673595    10.08679723    10.09586207    10.09731857    10.09771683    10.09798254    10.09805815    10.09808070    10.09817638    10.09819421    10.09828849    10.09830949    10.09837328    10.09855863    10.09877560    10.09918807    10.10166002    10.11748626    10.12037909    10.14575636
  1465    -9.06903407    -5.48192440    -3.76909477    -3.33933582     3.97496515     5.32837532     6.28762384     6.49149425     9.59287352     9.81718376     9.90246139    10.05982743    10.07694456    10.08745444    10.09589358    10.09735388    10.09772058    10.09797673    10.09806244    10.09808789    10.09817353    10.09819578    10.09828298    10.09830419    10.09836316    10.09853224    10.09873922    10.09913817    10.10129926    10.11615381    10.11869700    10.14290863
  1466    -9.06881614    -5.48187387    -3.76701464    -3.34647152     3.98606355     5.34340023     6.27020848     6.47510568     9.59324433     9.81698634     9.90204955    10.06117488    10.07719100    10.08809211    10.09591934    10.09739000    10.09772449    10.09797253    10.09806695    10.09809483    10.09817101    10.09819768    10.09827732    10.09829874    10.09835311    10.09850669    10.09870327    10.09908392    10.10096482    10.11464045    10.11720162    10.14001759
  1467    -9.06861197    -5.48182375    -3.76504823    -3.35324394     3.99641690     5.35851810     6.25330841     6.45929205     9.59354081     9.81679033     9.90166394    10.06257411    10.07748284    10.08870382    10.09593730    10.09742628    10.09772918    10.09797035    10.09807180    10.09810093    10.09816916    10.09819968    10.09827158    10.09829310    10.09834309    10.09848199    10.09866800    10.09902462    10.10065426    10.11302297    10.11583228    10.13709159
  1468    -9.06842039    -5.48177165    -3.76320182    -3.35963823     4.00602470     5.37365201     6.23698669     6.44407286     9.59377001     9.81659948     9.90130525    10.06403113    10.07782639    10.08928555    10.09594547    10.09746180    10.09773558    10.09797031    10.09807700    10.09810596    10.09816821    10.09820166    10.09826583    10.09828730    10.09833305    10.09845808    10.09863357    10.09896029    10.10036480    10.11138881    10.11451746    10.13413944
  1469    -9.06824047    -5.48171544    -3.76148163    -3.36564000     4.01488896     5.38871209     6.22131430     6.42946968     9.59393885     9.81641725     9.90097383    10.06554979    10.07822653    10.08983522    10.09594224    10.09749524    10.09774490    10.09797236    10.09808246    10.09810993    10.09816829    10.09820352    10.09826012    10.09828138    10.09832297    10.09843489    10.09860000    10.09889169    10.10009372    10.10979711    10.11321362    10.13117039
  1470    -9.06807149    -5.48165323    -3.75989365    -3.37123550     4.02301407     5.40359456     6.20637055     6.41550695     9.59405405     9.81624687     9.90066975    10.06713177    10.07868638    10.09035205    10.09592677    10.09752515    10.09775847    10.09797633    10.09808806    10.09811312    10.09816936    10.09820520    10.09825448    10.09827543    10.09831286    10.09841234    10.09856727    10.09882019    10.09983875    10.10828254    10.11190097    10.12819416
  1471    -9.06791295    -5.48158339    -3.75844344    -3.37641182     4.03040663     5.41818088     6.19224308     6.40221286     9.59412213     9.81609123     9.90039291    10.06877658    10.07920713    10.09083590    10.09589971    10.09755038    10.09777729    10.09798202    10.09809355    10.09811611    10.09817123    10.09820664    10.09824898    10.09826948    10.09830276    10.09839035    10.09853530    10.09874760    10.09959863    10.10686575    10.11057271    10.12522102
  1472    -9.06776463    -5.48150454    -3.75713593    -3.38115715     4.03707524     5.43233734     6.17902728     6.38962054     9.59414939     9.81595295     9.90014306    10.07048143    10.07978768    10.09128657    10.09586419    10.09757081    10.09780138    10.09798925    10.09809865    10.09811966    10.09817364    10.09820782    10.09824364    10.09826361    10.09829272    10.09836893    10.09850396    10.09867590    10.09937352    10.10555912    10.10922873    10.12226194
  1473    -9.06762653    -5.48141560    -3.75597522    -3.38546093     4.04303031     5.44591527     6.16682474     6.37776947     9.59414185     9.81583428     9.89991987    10.07224090    10.08042419    10.09170322    10.09582742    10.09758760    10.09782958    10.09799796    10.09810316    10.09812443    10.09817633    10.09820874    10.09823850    10.09825782    10.09828284    10.09834813    10.09847308    10.09860702    10.09916502    10.10436914    10.10787271    10.11932879
  1474    -9.06749889    -5.48131573    -3.75496432    -3.38931418     4.04828386     5.45875221     6.15574047     6.36670742     9.59410529     9.81573715     9.89972299    10.07404640    10.08110948    10.09208430    10.09580221    10.09760286    10.09785989    10.09800834    10.09810733    10.09813065    10.09817910    10.09820942    10.09823363    10.09825212    10.09827325    10.09832810    10.09844249    10.09854256    10.09897567    10.10329722    10.10651105    10.11643472
  1475    -9.06738223    -5.48120440    -3.75410497    -3.39270961     4.05284924     5.47067442     6.14587819     6.35649267     9.59404513     9.81566311     9.89955211    10.07588492    10.08183233    10.09242882    10.09580746    10.09761908    10.09788998    10.09802099    10.09811180    10.09813810    10.09818183    10.09820993    10.09822910    10.09824650    10.09826408    10.09830906    10.09841200    10.09848371    10.09880800    10.10234013    10.10515284    10.11359484
  1476    -9.06727730    -5.48108131    -3.75339746    -3.39564192     4.05674096     5.48150112     6.13733348     6.34719697     9.59396652     9.81561335     9.89940694    10.07773681    10.08257682    10.09273985    10.09586554    10.09763884    10.09791763    10.09803701    10.09811719    10.09814652    10.09818450    10.09821035    10.09822504    10.09824098    10.09825548    10.09829126    10.09838146    10.09843111    10.09866356    10.10149073    10.10381073    10.11082722
  1477    -9.06718509    -5.48094648    -3.75284042    -3.39810788     4.05997440     5.49105057     6.13018442     6.33890890     9.59387420     9.81558864     9.89928734    10.07957104    10.08332265    10.09302995    10.09599600    10.09766479    10.09794146    10.09805753    10.09812398    10.09815574    10.09818725    10.09821077    10.09822157    10.09823560    10.09824752    10.09827491    10.09835085    10.09838477    10.09854236    10.10073922    10.10250339    10.10815495
  1478    -9.06710686    -5.48080014    -3.75243078    -3.40010651     4.06256567     5.49914813     6.12447980     6.33173786     9.59377258     9.81558939     9.89919325    10.08133457    10.08404941    10.09332293    10.09620895    10.09769986    10.09796221    10.09808275    10.09813261    10.09816568    10.09819038    10.09821130    10.09821882    10.09823048    10.09824021    10.09826013    10.09832040    10.09834399    10.09844306    10.10007449    10.10126084    10.10560965
  1479    -9.06704406    -5.48064279    -3.75216361    -3.40163911     4.06453136     5.50563569     6.12022580     6.32581810     9.59366566     9.81561558     9.89912478    10.08292550    10.08475443    10.09364105    10.09650546    10.09774831    10.09798401    10.09811161    10.09814378    10.09817641    10.09819439    10.09821200    10.09821684    10.09822577    10.09823343    10.09824691    10.09829080    10.09830746    10.09836347    10.09948431    10.10013586    10.10323834
  1480    -9.06699839    -5.48047517    -3.75203218    -3.40270934     4.06588835     5.51038157     6.11737279     6.32131225     9.59355700     9.81566676     9.89908218    10.08414135    10.08549217    10.09396479    10.09689132    10.09782025    10.09801645    10.09814233    10.09815946    10.09818809    10.09819974    10.09821291    10.09821560    10.09822162    10.09822706    10.09823513    10.09826288    10.09827384    10.09830118    10.09895071    10.09922479    10.10111715
  1481    -9.06697178    -5.48029823    -3.75202794    -3.40332310     4.06665367     5.51328935     6.11580520     6.31841277     9.59344976     9.81574211     9.89906590    10.08479851    10.08624513    10.09416149    10.09741557    10.09794994    10.09808062    10.09817387    10.09818364    10.09820097    10.09820673    10.09821402    10.09821508    10.09821811    10.09822102    10.09822464    10.09823736    10.09824275    10.09825327    10.09848255    10.09862485    10.09937677
  1482    -9.06696635    -5.48011310    -3.75214065    -3.40348849     4.06684431     5.51430426     6.11533803     6.31733916     9.59334661     9.81584035     9.89907654    10.08499355    10.08669411    10.09398731    10.09821531    10.09821531    10.09821531    10.09821531    10.09821531    10.09821531    10.09821531    10.09821531    10.09821531    10.09821531    10.09821531    10.09821531    10.09821531    10.09821531    10.09821531    10.09821531    10.09821531    10.09821531
  1483    -9.06702056    -5.48010077    -3.75235684    -3.40313206     4.06676051     5.51425110     6.11430916     6.31865352     9.59329695     9.81581426     9.89906937    10.08494958    10.08657850    10.09392116    10.09769686    10.09804585    10.09809356    10.09818708    10.09820332    10.09820834    10.09820871    10.09821311    10.09821464    10.09821588    10.09821765    10.09822208    10.09822276    10.09822824    10.09824839    10.09831027    10.09835679    10.09883645
  1484    -9.06718317    -5.48006385    -3.75300217    -3.40206594     4.06650930     5.51408994     6.11130726     6.32251340     9.59314782     9.81573606     9.89904781    10.08480952    10.08624363    10.09372753    10.09728543    10.09783639    10.09795012    10.09816340    10.09819210    10.09820153    10.09820257    10.09821110    10.09821388    10.09821639    10.09822011    10.09822890    10.09823078    10.09824228    10.09828603    10.09838112    10.09848285    10.09954005
  1485    -9.06745405    -5.48000261    -3.75406714    -3.40029950     4.06609127     5.51381572     6.10656092     6.32869472     9.59289880     9.81560590     9.89901163    10.08453900    10.08573393    10.09342356    10.09695507    10.09757698    10.09780025    10.09814369    10.09818154    10.09819473    10.09819693    10.09820927    10.09821303    10.09821682    10.09822263    10.09823572    10.09823923    10.09825750    10.09832674    10.09843354    10.09860692    10.10030346
  1486    -9.06783299    -5.47991748    -3.75553642    -3.39784784     4.06550738     5.51342009     6.10038219     6.33689289     9.59254920     9.81542402     9.89896047    10.08404609    10.08515418    10.09303749    10.09665352    10.09726283    10.09766516    10.09812724    10.09817157    10.09818793    10.09819166    10.09820759    10.09821208    10.09821721    10.09822519    10.09824253    10.09824793    10.09827382    10.09836780    10.09847298    10.09874255    10.10110745
  1487    -9.06831970    -5.47980906    -3.75738949    -3.39473113     4.06475898     5.51289140     6.09310429     6.34678508     9.59209801     9.81519079     9.89889383    10.08322057    10.08462662    10.09259772    10.09632879    10.09689585    10.09756013    10.09811327    10.09816215    10.09818112    10.09818667    10.09820602    10.09821108    10.09821755    10.09822774    10.09824932    10.09825666    10.09829094    10.09840640    10.09850343    10.09890063    10.10193729
  1488    -9.06891381    -5.47967812    -3.75960157    -3.39097371     4.06384779     5.51221483     6.08503918     6.35807255     9.59154395     9.81490662     9.89881101    10.08208579    10.08413674    10.09212382    10.09595237    10.09648414    10.09748516    10.09810105    10.09815327    10.09817428    10.09818188    10.09820448    10.09821004    10.09821785    10.09823027    10.09825608    10.09826529    10.09830849    10.09844100    10.09852755    10.09908655    10.10278198
  1489    -9.06961486    -5.47952561    -3.76214453    -3.38660321     4.06277591     5.51137251     6.07645802     6.37050007     9.59088540     9.81457203     9.89871118    10.08071239    10.08361862    10.09162469    10.09551863    10.09604042    10.09743022    10.09808992    10.09814486    10.09816740    10.09817726    10.09820289    10.09820901    10.09821812    10.09823276    10.09826279    10.09827369    10.09832606    10.09847158    10.09854705    10.09929986    10.10363346
  1490    -9.07042232    -5.47935263    -3.76498786    -3.38164950     4.06154575     5.51034369     6.06758767     6.38385922     9.59012041     9.81418760     9.89859328    10.07913469    10.08303885    10.09110073    10.09503426    10.09557930    10.09738505    10.09807940    10.09813685    10.09816046    10.09817280    10.09820116    10.09820804    10.09821837    10.09823519    10.09826943    10.09828178    10.09834334    10.09849888    10.09856311    10.09953642    10.10448569
  1491    -9.07133559    -5.47916044    -3.76809959    -3.37614388     4.06016011     5.50910501     6.05861511     6.39798381     9.58924668     9.81375394     9.89845605    10.07736452    10.08238379    10.09054678    10.09451192    10.09511456    10.09734305    10.09806916    10.09812916    10.09815346    10.09816847    10.09819925    10.09820715    10.09821859    10.09823757    10.09827599    10.09828951    10.09836008    10.09852374    10.09857662    10.09979066    10.10533415
  1492    -9.07235398    -5.47895049    -3.77144709    -3.37011816     4.05862209     5.50763077     6.04969437     6.41274255     9.58826153     9.81327171     9.89829801    10.07540394    10.08164808    10.08995520    10.09396621    10.09465844    10.09730081    10.09805904    10.09812167    10.09814639    10.09816429    10.09819713    10.09820634    10.09821879    10.09823990    10.09828247    10.09829686    10.09837614    10.09854676    10.09858832    10.10005714    10.10617538
  1493    -9.07347671    -5.47872436    -3.77499775    -3.36360408     4.05693511     5.50589338     6.04095347     6.42803182     9.58716187     9.81274158     9.89811739    10.07325055    10.08083048    10.08931913    10.09340964    10.09422235    10.09725679    10.09804894    10.09811428    10.09813925    10.09816025    10.09819480    10.09820562    10.09821897    10.09824216    10.09828883    10.09830382    10.09839146    10.09856812    10.09859898    10.10033122    10.10700666
  1494    -9.07470297    -5.47848378    -3.77871955    -3.35663269     4.05510287     5.50386379     6.03250012     6.44376940     9.58594414     9.81216421     9.89791217    10.07090009    10.07993236    10.08863524    10.09285017    10.09381655    10.09721046    10.09803884    10.09810689    10.09813207    10.09815634    10.09819225    10.09820495    10.09821913    10.09824436    10.09829507    10.09831038    10.09840601    10.09858734    10.09860974    10.10060920    10.10782583
  1495    -9.07603184    -5.47823065    -3.78258145    -3.34923398     4.05312937     5.50151215     6.02442615     6.45988954     9.58460435     9.81154023     9.89767995    10.06834794    10.07895683    10.08790518    10.09229140    10.09344860    10.09716172    10.09802874    10.09809942    10.09812486    10.09815256    10.09818951    10.09820433    10.09821927    10.09824651    10.09830118    10.09831654    10.09841980    10.09860283    10.09862264    10.10088821    10.10863110
  1496    -9.07746235    -5.47796701    -3.78655372    -3.34143657     4.05101885     5.49880840     6.01681064     6.47633910     9.58313793     9.81087021     9.89741798    10.06559022    10.07790838    10.08713515    10.09173444    10.09312200    10.09711070    10.09801867    10.09809180    10.09811764    10.09814889    10.09818660    10.09820374    10.09821940    10.09824859    10.09830712    10.09832233    10.09843286    10.09861376    10.09863877    10.10116613    10.10942100
  1497    -9.07899346    -5.47769503    -3.79060807    -3.33326755     4.04877580     5.49572310     6.00972212     6.49307470     9.58153976     9.81015466     9.89712310    10.06262449    10.07679247    10.08633409    10.09117966    10.09283619    10.09705760    10.09800864    10.09808396    10.09811046    10.09814533    10.09818353    10.09820317    10.09821951    10.09825062    10.09831290    10.09832776    10.09844520    10.09862206    10.09865641    10.10144136    10.11019425
  1498    -9.08062406    -5.47741702    -3.79471781    -3.32475235     4.04640493     5.49222819     6.00321994     6.51006044     9.57980411     9.80939393     9.89679164    10.05945021    10.07561531    10.08551179    10.09062764    10.09258772    10.09700264    10.09799868    10.09807587    10.09810335    10.09814186    10.09818032    10.09820261    10.09821961    10.09825258    10.09831850    10.09833284    10.09845684    10.09862922    10.09867417    10.10171273    10.11094976
  1499    -9.08235300    -5.47713542    -3.79885784    -3.31591471     4.04391113     5.48829784     5.99735515     6.52726632     9.57792452     9.80858826     9.89641943    10.05606912    10.07438359    10.08467744    10.09007921    10.09237179    10.09694607    10.09798881    10.09806748    10.09809632    10.09813846    10.09817699    10.09820205    10.09821970    10.09825447    10.09832390    10.09833759    10.09846780    10.09863587    10.09869153    10.10197941    10.11168655
  1500    -9.08417903    -5.47685278    -3.80300467    -3.30677674     4.04129950     5.48390923     5.99217089     6.54466695     9.57589380     9.80773768     9.89600166    10.05248542    10.07310433    10.08383895    10.08953534    10.09218336    10.09688809    10.09797904    10.09805879    10.09808939    10.09813514    10.09817355    10.09820150    10.09821977    10.09825631    10.09832908    10.09834203    10.09847811    10.09864227    10.09870826    10.10224082    10.11240377
  1501    -9.08610090    -5.47657180    -3.80713636    -3.29735892     4.03857526     5.47904335     5.98770268     6.56224059     9.57370394     9.80684201     9.89553288    10.04870597    10.07178469    10.08300274    10.08899699    10.09201775    10.09682894    10.09796940    10.09804979    10.09808259    10.09813188    10.09817004    10.09820094    10.09821984    10.09825807    10.09833403    10.09834617    10.09848776    10.09864854    10.09872427    10.10249655    10.11310064
  1502    -9.08811726    -5.47629525    -3.81123243    -3.28768020     4.03574381     5.47368554     5.98397853     6.57996845     9.57134601     9.80590080     9.89500686    10.04474037    10.07043179    10.08217384    10.08846501    10.09187089    10.09676881    10.09795988    10.09804049    10.09807590    10.09812866    10.09816646    10.09820038    10.09821990    10.09825976    10.09833875    10.09835003    10.09849677    10.09865478    10.09873948    10.10274636    10.11377645
  1503    -9.09022674    -5.47602602    -3.81527382    -3.27775812     4.03281063     5.46782603     5.98101906     6.59783405     9.56881010     9.80491329     9.89441658    10.04060110    10.06905260    10.08135613    10.08794013    10.09173936    10.09670791    10.09795049    10.09803089    10.09806933    10.09812550    10.09816283    10.09819981    10.09821996    10.09826137    10.09834320    10.09835363    10.09850516    10.09866100    10.09875389    10.10299012    10.11443057
  1504    -9.09242790    -5.47576711    -3.81924272    -3.26760886     4.02978133     5.46146013     5.97883767     6.61582285     9.56608524     9.80387838     9.89375411    10.03630366    10.06765389    10.08055259    10.08742301    10.09162036    10.09664645    10.09794124    10.09802102    10.09806288    10.09812237    10.09815919    10.09819924    10.09822002    10.09826291    10.09834739    10.09835698    10.09851295    10.09866723    10.09876746    10.10322778    10.11506244
  1505    -9.09471927    -5.47552157    -3.82312255    -3.25724737     4.02666156     5.45458834     5.97744088     6.63392185     9.56315929     9.80279454     9.89301061    10.03186664    10.06624212    10.07976547    10.08691420    10.09151157    10.09658462    10.09793213    10.09801090    10.09805652    10.09811926    10.09815554    10.09819866    10.09822007    10.09826437    10.09835129    10.09836010    10.09852015    10.09867345    10.09878020    10.10345938    10.11567153
  1506    -9.09709936    -5.47529255    -3.82689783    -3.24668748     4.02345705     5.44721619     5.97682875     6.65211931     9.56001886     9.80165982     9.89217629    10.02731182    10.06482343    10.07899656    10.08641419    10.09141112    10.09652263    10.09792315    10.09800057    10.09805027    10.09811618    10.09815192    10.09819808    10.09822012    10.09826574    10.09835488    10.09836301    10.09852680    10.09867964    10.09879211    10.10368500    10.11625739
  1507    -9.09956659    -5.47508328    -3.83055406    -3.23594199     4.02017358     5.43935387     5.97699545     6.67040452     9.55664923     9.80047176     9.89124045    10.02266428    10.06340361    10.07824725    10.08592344    10.09131748    10.09646067    10.09791430    10.09799004    10.09804410    10.09811311    10.09814834    10.09819748    10.09822017    10.09826703    10.09835815    10.09836574    10.09853291    10.09868576    10.09880322    10.10390478    10.11681960
  1508    -9.10211941    -5.47489702    -3.83407770    -3.22502274     4.01681694     5.43101578     5.97792996     6.68876765     9.55303425     9.79922735     9.89019156    10.01795233    10.06198815    10.07751869    10.08544237    10.09122940    10.09639896    10.09790556    10.09797936    10.09803803    10.09811005    10.09814482    10.09819688    10.09822022    10.09826823    10.09836107    10.09836830    10.09853853    10.09869178    10.09881353    10.10411888    10.11735781
  1509    -9.10475619    -5.47473710    -3.83745603    -3.21394074     4.01339292     5.42221990     5.97961682     6.70719953     9.54915626     9.79792302     9.88901753    10.01320743    10.06058215    10.07681183    10.08497137    10.09114587    10.09633769    10.09789694    10.09796855    10.09803205    10.09810699    10.09814139    10.09819627    10.09822027    10.09826934    10.09836364    10.09837071    10.09854368    10.09869765    10.09882309    10.10432749    10.11787171
  1510    -9.10747529    -5.47460690    -3.84067713    -3.20270621     4.00990730     5.41298713     5.98203690     6.72569158     9.54499606     9.79655455     9.88770598    10.00846391    10.05919045    10.07612749    10.08451085    10.09106607    10.09627706    10.09788840    10.09795766    10.09802615    10.09810393    10.09813806    10.09819566    10.09822032    10.09827035    10.09836585    10.09837299    10.09854840    10.09870332    10.09883191    10.10453083    10.11836104
  1511    -9.11027505    -5.47450981    -3.84372976    -3.19132868     4.00636583     5.40334062     5.98516824     6.74423567     9.54053285     9.79511714     9.88624483    10.00375850    10.05781754    10.07546642    10.08406117    10.09098933    10.09621729    10.09787992    10.09794673    10.09802033    10.09810086    10.09813485    10.09819503    10.09822038    10.09827126    10.09836770    10.09837514    10.09855270    10.09870875    10.09884003    10.10472911    10.11882561
  1512    -9.11315378    -5.47444924    -3.84660334    -3.17981704     4.00277424     5.39330508     5.98898677     6.76282404     9.53574419     9.79360535     9.88462300     9.99912958    10.05646765    10.07482928    10.08362272    10.09091510    10.09615858    10.09787147    10.09793582    10.09801461    10.09809777    10.09813179    10.09819439    10.09822043    10.09827209    10.09836920    10.09837715    10.09855661    10.09871388    10.09884748    10.10492258    10.11926524
  1513    -9.11610979    -5.47442863    -3.84928790    -3.16817962     3.99913818     5.38290617     5.99346701     6.78144920     9.53060608     9.79201318     9.88283135     9.99461622    10.05514473    10.07421668    10.08319584    10.09084297    10.09610114    10.09786302    10.09792498    10.09800898    10.09809467    10.09812888    10.09819373    10.09822049    10.09827281    10.09837038    10.09837901    10.09856017    10.09871869    10.09885431    10.10511148    10.11967985
  1514    -9.11914136    -5.47445141    -3.85177400    -3.15642423     3.99546324     5.37216999     5.99858270     6.80010387     9.52509300     9.79033414     9.88086379     9.99025687    10.05385249    10.07362920    10.08278090    10.09077258    10.09604516    10.09785452    10.09791429    10.09800346    10.09809156    10.09812613    10.09819307    10.09822053    10.09827344    10.09837125    10.09838071    10.09856338    10.09872313    10.09886054    10.10529604    10.12006938
  1515    -9.12224675    -5.47452098    -3.85405272    -3.14455820     3.99175493     5.36112256     6.00430726     6.81878094     9.51917802     9.78856143     9.87871854     9.98608789    10.05259439    10.07306742    10.08237825    10.09070369    10.09599085    10.09784591    10.09790383    10.09799804    10.09808844    10.09812355    10.09819239    10.09822058    10.09827397    10.09837184    10.09838224    10.09856626    10.09872718    10.09886621    10.10547651    10.12043382
  1516    -9.12542422    -5.47464075    -3.85611563    -3.13258846     3.98801866     5.34978948     6.01061430     6.83747337     9.51283304     9.78668813     9.87639926     9.98214197    10.05137367    10.07253185    10.08198822    10.09063609    10.09593840    10.09783714    10.09789368    10.09799273    10.09808531    10.09812114    10.09819170    10.09822061    10.09827442    10.09837216    10.09838359    10.09856884    10.09873081    10.09887134    10.10565312    10.12077324
  1517    -9.12867204    -5.47481406    -3.85795472    -3.12052153     3.98425974     5.33819561     6.01747788     6.85617413     9.50602903     9.78470755     9.87391603     9.97844659    10.05019337    10.07202301    10.08161114    10.09056964    10.09588801    10.09782816    10.09788392    10.09798754    10.09808219    10.09811891    10.09819099    10.09822063    10.09827478    10.09837222    10.09838477    10.09857112    10.09873403    10.09887597    10.10582609    10.12108773
  1518    -9.13198845    -5.47504425    -3.85956242    -3.10836362     3.98048337     5.32636486     6.02487282     6.87487623     9.49873636     9.78261362     9.87128584     9.97502282    10.04905634    10.07154140    10.08124733    10.09050425    10.09583986    10.09781891    10.09787464    10.09798249    10.09807909    10.09811684    10.09819026    10.09822062    10.09827505    10.09837204    10.09838577    10.09857311    10.09873680    10.09888012    10.10599564    10.12137744
  1519    -9.13537170    -5.47533457    -3.86093155    -3.09612058     3.97669462     5.31432003     6.03277486     6.89357255     9.49092528     9.78040141     9.86853249     9.97188453    10.04796524    10.07108749    10.08089709    10.09043986    10.09579414    10.09780937    10.09786590    10.09797758    10.09807600    10.09811495    10.09818952    10.09822059    10.09827525    10.09837161    10.09838661    10.09857484    10.09873914    10.09888382    10.10616196    10.12164259
  1520    -9.13882005    -5.47568821    -3.86205530    -3.08379800     3.97289845     5.30208270     6.04116077     6.91225591     9.48256635     9.77806766     9.86568570     9.96903817    10.04692253    10.07066176    10.08056071    10.09037646    10.09575102    10.09779953    10.09785774    10.09797283    10.09807295    10.09811322    10.09818877    10.09822053    10.09827539    10.09837094    10.09838727    10.09857630    10.09874105    10.09888708    10.10632524    10.12188342
  1521    -9.14233174    -5.47610830    -3.86292725    -3.07140122     3.96909965     5.28967321     6.05000846     6.93091896     9.47363107     9.77561144     9.86277962     9.96648318    10.04593055    10.07026465    10.08023847    10.09031404    10.09571067    10.09778943    10.09785016    10.09796824    10.09806994    10.09811165    10.09818800    10.09822043    10.09827546    10.09837005    10.09838777    10.09857750    10.09874253    10.09888992    10.10648563    10.12210026
  1522    -9.14590505    -5.47659786    -3.86354130    -3.05893532     3.96530290     5.27711060     6.05929699     6.94955411     9.46409245     9.77303469     9.85985083     9.96421285    10.04499144    10.06989658    10.07993062    10.09025265    10.09567325    10.09777910    10.09784317    10.09796382    10.09806699    10.09811022    10.09818721    10.09822027    10.09827549    10.09836894    10.09838812    10.09857846    10.09874361    10.09889237    10.10664328    10.12229346
  1523    -9.14953824    -5.47715983    -3.86389170    -3.04640517     3.96151269     5.26441262     6.06900658     6.96815357     9.45392568     9.77034268     9.85693604     9.96221552    10.04410720    10.06955797    10.07963741    10.09019232    10.09563892    10.09776861    10.09783673    10.09795960    10.09806410    10.09810893    10.09818641    10.09822005    10.09827547    10.09836762    10.09838831    10.09857918    10.09874429    10.09889443    10.10679829    10.12246344
  1524    -9.15322958    -5.47779705    -3.86397303    -3.03381544     3.95773339     5.25159581     6.07911858     6.98670923     9.44310870     9.76754427     9.85406991     9.96047593    10.04327968    10.06924920    10.07935906    10.09013312    10.09560780    10.09775805    10.09783081    10.09795557    10.09806129    10.09810778    10.09818560    10.09821976    10.09827543    10.09836608    10.09838836    10.09857968    10.09874460    10.09889611    10.10695075    10.12261065
  1525    -9.15697739    -5.47851221    -3.86378020    -3.02117062     3.95396918     5.23867549     6.08961546     7.00521263     9.43162287     9.76465193     9.85128323     9.95897651    10.04251059    10.06897064    10.07909579    10.09007512    10.09558005    10.09774750    10.09782538    10.09795176    10.09805856    10.09810675    10.09818477    10.09821940    10.09827537    10.09836434    10.09838827    10.09857995    10.09874455    10.09889744    10.10710072    10.12273562
  1526    -9.16077995    -5.47930792    -3.86330840    -3.00847503     3.95022409     5.22566587     6.10048070     7.02365493     9.41945341     9.76168142     9.84860160     9.95769855    10.04180148    10.06872263    10.07884777    10.09001841    10.09555578    10.09773703    10.09782041    10.09794816    10.09805593    10.09810585    10.09818394    10.09821894    10.09827530    10.09836241    10.09838805    10.09858002    10.09874417    10.09889843    10.10724822    10.12283889
  1527    -9.16463560    -5.48018663    -3.86255318    -2.99573284     3.94650198     5.21258007     6.11169879     7.04202681     9.40658986     9.75865122     9.84604475     9.95662307    10.04115375    10.06850549    10.07861520    10.08996307    10.09553510    10.09772672    10.09781586    10.09794481    10.09805339    10.09810504    10.09818310    10.09821839    10.09827524    10.09836029    10.09838769    10.09857989    10.09874347    10.09889910    10.10739324    10.12292110
  1528    -9.16854266    -5.48115065    -3.86151037    -2.98294806     3.94280653     5.19943021     6.12325515     7.06031848     9.39302639     9.75558172     9.84362641     9.95573152    10.04056867    10.06831950    10.07839822    10.08990919    10.09551811    10.09771665    10.09781171    10.09794170    10.09805096    10.09810435    10.09818226    10.09821774    10.09827519    10.09835799    10.09838722    10.09857956    10.09874247    10.09889946    10.10753572    10.12298288
  1529    -9.17249951    -5.48220214    -3.86017609    -2.97012459     3.93914124     5.18622745     6.13513603     7.07851956     9.37876197     9.75249426     9.84135472     9.95500622    10.04004735    10.06816493    10.07819697    10.08985685    10.09550491    10.09770688    10.09780795    10.09793884    10.09804864    10.09810374    10.09818141    10.09821698    10.09827516    10.09835552    10.09838663    10.09857906    10.09874118    10.09889954    10.10767557    10.12302496
  1530    -9.17650451    -5.48334312    -3.85854679    -2.95726618     3.93550944     5.17298210     6.14732849     7.09661905     9.36380041     9.74941018     9.83923289     9.95443068    10.03959076    10.06804200    10.07801157    10.08980615    10.09549557    10.09769749    10.09780454    10.09793626    10.09804644    10.09810323    10.09818057    10.09821611    10.09827515    10.09835289    10.09838593    10.09857838    10.09873961    10.09889936    10.10781267    10.12304808
  1531    -9.18055608    -5.48457544    -3.85661921    -2.94437648     3.93191429     5.15970364     6.15982030     7.11460525     9.34815031     9.74634997     9.83726013     9.95398967    10.03919970    10.06795090    10.07784214    10.08975716    10.09549016    10.09768854    10.09780148    10.09793395    10.09804437    10.09810279    10.09817973    10.09821513    10.09827518    10.09835011    10.09838512    10.09857754    10.09873778    10.09889896    10.10794683    10.12305305
  1532    -9.18465261    -5.48590079    -3.85439037    -2.93145903     3.92835873     5.14640084     6.17259986     7.13246567     9.33182494     9.74333251     9.83543253     9.95366931    10.03887481    10.06789178    10.07768876    10.08970997    10.09548872    10.09768010    10.09779876    10.09793193    10.09804242    10.09810243    10.09817890    10.09821404    10.09827523    10.09834719    10.09838422    10.09857654    10.09873567    10.09889837    10.10807782    10.12304070
  1533    -9.18879257    -5.48732068    -3.85185760    -2.91851726     3.92484556     5.13308174     6.18565620     7.15018699     9.31484195     9.74037460     9.83374397     9.95345702    10.03861657    10.06786475    10.07755150    10.08966465    10.09549130    10.09767221    10.09779636    10.09793021    10.09804061    10.09810214    10.09817809    10.09821284    10.09827531    10.09834416    10.09838321    10.09857540    10.09873330    10.09889761    10.10820537    10.12301191
  1534    -9.19297442    -5.48883645    -3.84901852    -2.90555451     3.92137737     5.11975376     6.19897881     7.16775495     9.29722317     9.73749058     9.83218684     9.95334144    10.03842528    10.06786987    10.07743043    10.08962127    10.09549789    10.09766493    10.09779428    10.09792879    10.09803893    10.09810191    10.09817728    10.09821154    10.09827541    10.09834102    10.09838211    10.09857412    10.09873066    10.09889675    10.10832915    10.12296762
  1535    -9.19719664    -5.49044927    -3.84587103    -2.89257403     3.91795656     5.10642375     6.21255770     7.18515423     9.27899427     9.73469229     9.83075270     9.95331237    10.03830106    10.06790717    10.07732559    10.08957991    10.09550851    10.09765833    10.09779250    10.09792768    10.09803739    10.09810174    10.09817649    10.09821016    10.09827554    10.09833779    10.09838093    10.09857270    10.09872774    10.09889580    10.10844878    10.12290877
  1536    -9.20145777    -5.49216013    -3.84241334    -2.87957898     3.91458538     5.09309803     6.22638324     7.20236841     9.26018450     9.73198902     9.82943272     9.95336064    10.03824386    10.06797661    10.07723702    10.08954064    10.09552314    10.09765244    10.09779102    10.09792690    10.09803600    10.09810162    10.09817573    10.09820869    10.09827567    10.09833448    10.09837966    10.09857115    10.09872453    10.09889483    10.10856383    10.12283637
  1537    -9.20575633    -5.49396984    -3.83864393    -2.86657242     3.91126584     5.07978240     6.24044614     7.21937981     9.24082640     9.72938773     9.82821804     9.95347803    10.03825340    10.06807808    10.07716473    10.08950351    10.09554173    10.09764733    10.09778984    10.09792644    10.09803475    10.09810155    10.09817499    10.09820716    10.09827581    10.09833112    10.09837832    10.09856947    10.09872101    10.09889387    10.10867381    10.12275144
  1538    -9.21009089    -5.49587902    -3.83456156    -2.85355737     3.90799981     5.06648225     6.25473740     7.23616940     9.22095561     9.72689320     9.82710001     9.95365716    10.03832925    10.06821144    10.07710874    10.08946859    10.09556424    10.09764302    10.09778894    10.09792631    10.09803366    10.09810153    10.09817427    10.09820558    10.09827593    10.09832772    10.09837690    10.09856768    10.09871718    10.09889298    10.10877817    10.12265502
  1539    -9.21446005    -5.49788812    -3.83016527    -2.84053674     3.90478896     5.05320254     6.26924825     7.25271668     9.20061067     9.72450834     9.82607039     9.95389143    10.03847073    10.06837646    10.07706906    10.08943595    10.09559057    10.09763957    10.09778832    10.09792652    10.09803271    10.09810156    10.09817357    10.09820396    10.09827604    10.09832430    10.09837541    10.09856576    10.09871301    10.09889220    10.10887632    10.12254819
  1540    -9.21886243    -5.49999743    -3.82545440    -2.82751336     3.90163476     5.03994786     6.28397007     7.26899952     9.17983288     9.72223445     9.82512136     9.95417491    10.03867699    10.06857283    10.07704569    10.08940566    10.09562064    10.09763701    10.09778797    10.09792707    10.09803191    10.09810163    10.09817291    10.09820232    10.09827612    10.09832089    10.09837386    10.09856373    10.09870849    10.09889158    10.10896761    10.12243203
  1541    -9.22329666    -5.50220704    -3.82042853    -2.81449004     3.89853851     5.02672247     6.29889438     7.28499407     9.15866622     9.72007151     9.82424565     9.95450230    10.03894694    10.06880017    10.07703862    10.08937780    10.09565432    10.09763538    10.09778789    10.09792796    10.09803127    10.09810174    10.09817227    10.09820067    10.09827615    10.09831749    10.09837226    10.09856159    10.09870362    10.09889115    10.10905136    10.12230763
  1542    -9.22776143    -5.50451686    -3.81508753    -2.80146945     3.89550133     5.01353031     6.31401273     7.30067454     9.13715733     9.71801840     9.82343649     9.95486884    10.03927931    10.06905799    10.07704786    10.08935244    10.09569147    10.09763470    10.09778806    10.09792919    10.09803078    10.09810190    10.09817166    10.09819904    10.09827612    10.09831414    10.09837059    10.09855933    10.09869837    10.09889096    10.10912684    10.12217607
  1543    -9.23225542    -5.50692667    -3.80943152    -2.78845426     3.89252415     5.00037503     6.32931668     7.31601315     9.11535550     9.71607317     9.82268765     9.95527030    10.03967259    10.06934572    10.07707341    10.08932967    10.09573193    10.09763501    10.09778849    10.09793077    10.09803045    10.09810211    10.09817107    10.09819745    10.09827603    10.09831084    10.09836888    10.09855695    10.09869274    10.09889104    10.10919327    10.12203842
  1544    -9.23677737    -5.50943604    -3.80346089    -2.77544702     3.88960771     4.98726003     6.34479775     7.33097986     9.09331274     9.71423320     9.82199337     9.95570287    10.04012510    10.06966265    10.07711531    10.08930959    10.09577550    10.09763631    10.09778917    10.09793269    10.09803026    10.09810238    10.09817051    10.09819591    10.09827584    10.09830764    10.09836713    10.09855447    10.09868674    10.09889142    10.10924988    10.12189571
  1545    -9.24132600    -5.51204441    -3.79717628    -2.76245026     3.88675259     4.97418849     6.36044731     7.34554234     9.07108387     9.71249542     9.82134838     9.95616318    10.04063496    10.07000795    10.07717359    10.08929232    10.09582200    10.09763863    10.09779008    10.09793495    10.09803023    10.09810270    10.09816998    10.09819443    10.09827555    10.09830453    10.09836533    10.09855186    10.09868035    10.09889211    10.10929587    10.12174894
  1546    -9.24590010    -5.51475105    -3.79057857    -2.74946642     3.88395917     4.96116335     6.37625657     7.35966573     9.04872660     9.71085642     9.82074782     9.95664824    10.04120007    10.07038065    10.07724834    10.08927798    10.09587121    10.09764197    10.09779124    10.09793754    10.09803035    10.09810308    10.09816946    10.09819305    10.09827514    10.09830155    10.09836349    10.09854914    10.09867359    10.09889313    10.10933044    10.12159903
  1547    -9.25049846    -5.51755508    -3.78366889    -2.73649788     3.88122766     4.94818739     6.39221648     7.37331255     9.02630164     9.70931260     9.82018726     9.95715536    10.04181821    10.07077959    10.07733968    10.08926672    10.09592287    10.09764634    10.09779262    10.09794046    10.09803063    10.09810354    10.09816897    10.09819178    10.09827460    10.09829872    10.09836161    10.09854631    10.09866647    10.09889449    10.10935283    10.12144682
  1548    -9.25511989    -5.52045549    -3.77644860    -2.72354697     3.87855808     4.93526318     6.40831765     7.38644257     9.00387290     9.70786022     9.81966261     9.95768223    10.04248697    10.07120343    10.07744781    10.08925870    10.09597676    10.09765173    10.09779423    10.09794369    10.09803105    10.09810408    10.09816849    10.09819062    10.09827391    10.09829606    10.09835970    10.09854335    10.09865901    10.09889619    10.10936228    10.12129304
  1549    -9.25976325    -5.52345113    -3.76891928    -2.71061595     3.87595030     4.92239318     6.42455033     7.39901276     8.98150748     9.70649554     9.81917011     9.95822676    10.04320381    10.07165060    10.07757300    10.08925413    10.09603260    10.09765813    10.09779607    10.09794723    10.09803162    10.09810471    10.09816804    10.09818960    10.09827306    10.09829359    10.09835776    10.09854027    10.09865121    10.09889822    10.10935812    10.12113830
  1550    -9.26442739    -5.52654070    -3.76108275    -2.69770704     3.87340397     4.90957967     6.44090422     7.41097722     8.95927588     9.70521483     9.81870632     9.95878717    10.04396605    10.07211927    10.07771566    10.08925321    10.09609014    10.09766553    10.09779812    10.09795105    10.09803235    10.09810544    10.09816761    10.09818872    10.09827204    10.09829131    10.09835578    10.09853707    10.09864311    10.09890056    10.10933975    10.12098306
  1551    -9.26911120    -5.52972281    -3.75294102    -2.68482239     3.87091860     4.89682484     6.45736847     7.42228721     8.93725194     9.70401442     9.81826805     9.95936189    10.04477095    10.07260729    10.07787635    10.08925619    10.09614909    10.09767389    10.09780039    10.09795515    10.09803324    10.09810628    10.09816722    10.09818799    10.09827086    10.09828924    10.09835377    10.09853375    10.09863473    10.09890321    10.10930665    10.12082761
  1552    -9.27381359    -5.53299592    -3.74449632    -2.67196408     3.86849352     4.88413076     6.47393153     7.43289129     8.91551287     9.70289077     9.81785238     9.95994956    10.04561566    10.07311213    10.07805586    10.08926336    10.09620918    10.09768319    10.09780288    10.09795950    10.09803429    10.09810725    10.09816686    10.09818742    10.09826952    10.09828736    10.09835173    10.09853030    10.09862609    10.09890613    10.10925842    10.12067202
  1553    -9.27853348    -5.53635841    -3.73575107    -2.65913415     3.86612787     4.87149941     6.49058101     7.44273548     8.89413913     9.70184047     9.81745661     9.96054901    10.04649730    10.07363082    10.07825522    10.08927505    10.09627013    10.09769337    10.09780559    10.09796407    10.09803552    10.09810834    10.09816655    10.09818699    10.09826804    10.09828566    10.09834965    10.09852671    10.09861722    10.09890929    10.10919479    10.12051619
  1554    -9.28326983    -5.53980854    -3.72670789    -2.64633458     3.86382062     4.85893270     6.50730354     7.45176369     8.87321421     9.70086024     9.81707826     9.96115926    10.04741293    10.07415990    10.07847585    10.08929163    10.09633167    10.09770439    10.09780851    10.09796883    10.09803693    10.09810958    10.09816630    10.09818672    10.09826646    10.09828411    10.09834753    10.09852299    10.09860815    10.09891266    10.10911560    10.12035978
  1555    -9.28802160    -5.54334450    -3.71736956    -2.63356729     3.86157058     4.84643246     6.52408467     7.45991814     8.85282426     9.69994700     9.81671502     9.96177946    10.04835965    10.07469526    10.07871955    10.08931354    10.09639355    10.09771617    10.09781165    10.09797374    10.09803854    10.09811097    10.09816613    10.09818659    10.09826480    10.09828268    10.09834536    10.09851913    10.09859890    10.09891619    10.10902085    10.12020223
  1556    -9.29278777    -5.54696437    -3.70773906    -2.62083416     3.85937636     4.83400048     6.54090857     7.46714011     8.83305758     9.69909779     9.81636477     9.96240889    10.04933454    10.07523218    10.07898858    10.08934126    10.09645550    10.09772865    10.09781502    10.09797877    10.09804038    10.09811251    10.09816604    10.09818659    10.09826309    10.09828135    10.09834316    10.09851512    10.09858951    10.09891982    10.10891069    10.12004273
  1557    -9.29756735    -5.55066618    -3.69781952    -2.60813698     3.85723642     4.82163851     6.55775791     7.47337086     8.81400390     9.69830986     9.81602555     9.96304694    10.05033473    10.07576532    10.07928562    10.08937537    10.09651730    10.09774174    10.09781862    10.09798386    10.09804248    10.09811421    10.09816605    10.09818672    10.09826136    10.09828010    10.09834090    10.09851095    10.09858001    10.09892351    10.10878538    10.11988027
  1558    -9.30235936    -5.55444786    -3.68761423    -2.59547754     3.85514903     4.80934827     6.57461354     7.47855277     8.79575348     9.69758061     9.81569554     9.96369311    10.05135742    10.07628890    10.07961358    10.08941653    10.09657872    10.09775535    10.09782248    10.09798897    10.09804485    10.09811606    10.09816617    10.09818698    10.09825963    10.09827889    10.09833859    10.09850662    10.09857041    10.09892718    10.10864533    10.11971360
  1559    -9.30716283    -5.55830731    -3.67712662    -2.58285752     3.85311229     4.79713147     6.59145418     7.48263078     8.77839601     9.69690761     9.81537307     9.96434697    10.05239988    10.07679717    10.07997512    10.08946552    10.09663957    10.09776934    10.09782662    10.09799403    10.09804755    10.09811807    10.09816641    10.09818734    10.09825791    10.09827773    10.09833622    10.09850211    10.09856076    10.09893075    10.10849104    10.11954128
  1560    -9.31197682    -5.56224234    -3.66636029    -2.57027858     3.85112412     4.78498982     6.60825610     7.48555406     8.76201921     9.69628859     9.81505659     9.96500814    10.05345945    10.07728505    10.08037201    10.08952322    10.09669966    10.09778359    10.09783110    10.09799900    10.09805060    10.09812023    10.09816678    10.09818781    10.09825620    10.09827659    10.09833378    10.09849740    10.09855109    10.09893414    10.10832311    10.11936170
  1561    -9.31680038    -5.56625075    -3.65531894    -2.55774233     3.84918225     4.77292502     6.62499261     7.48727797     8.74670740     9.69572144     9.81474468     9.96567633    10.05453361    10.07774903    10.08080424    10.08959067    10.09675885    10.09779787    10.09783602    10.09800384    10.09805402    10.09812252    10.09816728    10.09818838    10.09825453    10.09827546    10.09833127    10.09849248    10.09854141    10.09893725    10.10814222    10.11917304
  1562    -9.32163261    -5.57033027    -3.64400642    -2.54525031     3.84728424     4.76093883     6.64163362     7.48776616     8.73253982     9.69520419     9.81443604     9.96635124    10.05561992    10.07818767    10.08126945    10.08966906    10.09681701    10.09781187    10.09784164    10.09800850    10.09805784    10.09812495    10.09816791    10.09818904    10.09825288    10.09827435    10.09832869    10.09848733    10.09853177    10.09893996    10.10794909    10.11897340
  1563    -9.32647258    -5.57447861    -3.63242668    -2.53280401     3.84542747     4.74903300     6.65814493     7.48699296     8.71958894     9.69473502     9.81412946     9.96703262    10.05671608    10.07860174    10.08176290    10.08975978    10.09687402    10.09782497    10.09784847    10.09801298    10.09806205    10.09812749    10.09816867    10.09818979    10.09825126    10.09827323    10.09832602    10.09848190    10.09852220    10.09894214    10.10774447    10.11876070
  1564    -9.33131940    -5.57869345    -3.62058380    -2.52040488     3.84360913     4.73720937     6.67448752     7.48494576     8.70791876     9.69431225     9.81382385     9.96772025    10.05781989    10.07899364    10.08227795    10.08986440    10.09692981    10.09783622    10.09785739    10.09801728    10.09806663    10.09813013    10.09816956    10.09819062    10.09824966    10.09827211    10.09832327    10.09847618    10.09851273    10.09894367    10.10752913    10.11853281
  1565    -9.33617220    -5.58297244    -3.60848195    -2.50805431     3.84182621     4.72546981     6.69061663     7.48162748     8.69758324     9.69393430     9.81351821     9.96841388    10.05892926    10.07936659    10.08280692    10.08998470    10.09698432    10.09784511    10.09786883    10.09802143    10.09807154    10.09813285    10.09817058    10.09819153    10.09824809    10.09827097    10.09832042    10.09847012    10.09850340    10.09894440    10.10730380    10.11828751
  1566    -9.34103008    -5.58731323    -3.59612541    -2.49575366     3.84007553     4.71381628     6.70648066     7.47705900     8.68862502     9.69359972     9.81321163     9.96911328    10.06004224    10.07972391    10.08334194    10.09012262    10.09703751    10.09785237    10.09788199    10.09802546    10.09807674    10.09813564    10.09817170    10.09819251    10.09824653    10.09826981    10.09831748    10.09846368    10.09849424    10.09894417    10.10706922    10.11802253
  1567    -9.34589220    -5.59171344    -3.58351852    -2.48350421     3.83835368     4.70225081     6.72201989     7.47128142     8.68107434     9.69330719     9.81290329     9.96981821    10.06115695    10.08006848    10.08387542    10.09028022    10.09708936    10.09785890    10.09789591    10.09802942    10.09808215    10.09813848    10.09817293    10.09819356    10.09824500    10.09826861    10.09831443    10.09845683    10.09848526    10.09894280    10.10682605    10.11773557
  1568    -9.35075770    -5.59617070    -3.57066574    -2.47130721     3.83665707     4.69077555     6.73716490     7.46435819     8.67494851     9.69305546     9.81259248     9.97052840    10.06227162    10.08040257    10.08440048    10.09045958    10.09713986    10.09786520    10.09791006    10.09803338    10.09808774    10.09814137    10.09817424    10.09819467    10.09824347    10.09826736    10.09831128    10.09844956    10.09847648    10.09894012    10.10657490    10.11742434
  1569    -9.35562573    -5.60068263    -3.55757157    -2.45916386     3.83498190     4.67939273     6.75183484     7.45637706     8.67025174     9.69284338     9.81227854     9.97124357    10.06338454    10.08072780    10.08491118    10.09066259    10.09718901    10.09787148    10.09792419    10.09803738    10.09809344    10.09814428    10.09817562    10.09819583    10.09824196    10.09826605    10.09830803    10.09844185    10.09846787    10.09893596    10.10631631    10.11708652
  1570    -9.36049545    -5.60524686    -3.54424062    -2.44707532     3.83332415     4.66810473     6.76593528     7.44745175     8.66697545     9.69266989     9.81196091     9.97196338    10.06449408    10.08104519    10.08540270    10.09089073    10.09723683    10.09787788    10.09793818    10.09804148    10.09809921    10.09814721    10.09817705    10.09819704    10.09824047    10.09826467    10.09830467    10.09843375    10.09845939    10.09893013    10.10605073    10.11671984
  1571    -9.36536604    -5.60986101    -3.53067753    -2.43504269     3.83167960     4.65691408     6.77935603     7.43772348     8.66509910     9.69253401     9.81163912     9.97268749    10.06559863    10.08135526    10.08587160    10.09114474    10.09728333    10.09788444    10.09795195    10.09804572    10.09810501    10.09815016    10.09817852    10.09819829    10.09823898    10.09826319    10.09830120    10.09842529    10.09845096    10.09892246    10.10577854    10.11632209
  1572    -9.37023668    -5.61452275    -3.51688701    -2.42306704     3.83004378     4.64582344     6.79196870     7.42736218     8.66459123     9.69243482     9.81131275     9.97341550    10.06669660    10.08165810    10.08631604    10.09142437    10.09732854    10.09789124    10.09796547    10.09805014    10.09811080    10.09815312    10.09818001    10.09819957    10.09823751    10.09826161    10.09829764    10.09841654    10.09844250    10.09891276    10.10550000    10.11589110
  1573    -9.37510654    -5.61922973    -3.50287382    -2.41114939     3.82841199     4.63483566     6.80362445     7.41656733     8.66541096     9.69237148     9.81098147     9.97414697    10.06778637    10.08195351    10.08673588    10.09172820    10.09737247    10.09789831    10.09797871    10.09805479    10.09811658    10.09815609    10.09818150    10.09820087    10.09823605    10.09825992    10.09829398    10.09840754    10.09843393    10.09890087    10.10521528    10.11542478
  1574    -9.37997483    -5.62397963    -3.48864276    -2.39929070     3.82677932     4.62395374     6.81415234     7.40556804     8.66750951     9.69234318     9.81064503     9.97488142    10.06886628    10.08224109    10.08713264    10.09205358    10.09741515    10.09790572    10.09799169    10.09805970    10.09812232    10.09815908    10.09818299    10.09820217    10.09823460    10.09825811    10.09829023    10.09839834    10.09842517    10.09888665    10.10492446    10.11492115
  1575    -9.38484074    -5.62877014    -3.47419869    -2.38749192     3.82514058     4.61318092     6.82335872     7.39462193     8.67083193     9.69234920     9.81030325     9.97561830    10.06993460    10.08252027    10.08750927    10.09239686    10.09745658    10.09791352    10.09800439    10.09806489    10.09812800    10.09816208    10.09818447    10.09820346    10.09823318    10.09825616    10.09828639    10.09838899    10.09841618    10.09886996    10.10462751    10.11437834
  1576    -9.38970347    -5.63359900    -3.45954648    -2.37575395     3.82349035     4.60252064     6.83102881     7.38401195     8.67531868     9.69238882     9.80995602     9.97635703    10.07098944    10.08279047    10.08786974    10.09275371    10.09749679    10.09792177    10.09801685    10.09807040    10.09813362    10.09816509    10.09818594    10.09820473    10.09823178    10.09825409    10.09828249    10.09837951    10.09840688    10.09885069    10.10432430    10.11379464
  1577    -9.39456223    -5.63846395    -3.44469104    -2.36407762     3.82182293     4.59197655     6.83693150     7.37403994     8.68090724     9.69246139     9.80960330     9.97709696    10.07202873    10.08305116    10.08821858    10.09311952    10.09753576    10.09793057    10.09802906    10.09807624    10.09813917    10.09816812    10.09818740    10.09820597    10.09823040    10.09825189    10.09827852    10.09836992    10.09839726    10.09882875    10.10401460    10.11316848
  1578    -9.39941624    -5.64336278    -3.42963730    -2.35246376     3.82013236     4.58155256     6.84082841     7.36501625     8.68753344     9.69256628     9.80924512     9.97783739    10.07305012    10.08330198    10.08856044    10.09348980    10.09757351    10.09794001    10.09804106    10.09808244    10.09814465    10.09817116    10.09818886    10.09820716    10.09822906    10.09824957    10.09827449    10.09836023    10.09838729    10.09880408    10.10369811    10.11249851
  1579    -9.40426470    -5.64829329    -3.41439023    -2.34091316     3.81841242     4.57125283     6.84248799     7.35724436     8.69513273     9.69270291     9.80888159     9.97857754    10.07405095    10.08354280    10.08889974    10.09386044    10.09761005    10.09795021    10.09805288    10.09808902    10.09815006    10.09817422    10.09819031    10.09820828    10.09822775    10.09824714    10.09827042    10.09835045    10.09837695    10.09877665    10.10337445    10.11178360
  1580    -9.40910686    -5.65325332    -3.39895479    -2.32942654     3.81665658     4.56108180     6.84170382     7.35100159     8.70364113     9.69287070     9.80851287     9.97931659    10.07502807    10.08377387    10.08924044    10.09422793    10.09764538    10.09796131    10.09806453    10.09809599    10.09815538    10.09817729    10.09819177    10.09820934    10.09822649    10.09824462    10.09826632    10.09834059    10.09836624    10.09874647    10.10304317    10.11102288
  1581    -9.41394193    -5.65824075    -3.38333596    -2.31800462     3.81485805     4.55104418     6.83831505     7.34651784     8.71299606     9.69306909     9.80813921     9.98005365    10.07597778    10.08399592    10.08958591    10.09458942    10.09767955    10.09797345    10.09807606    10.09810337    10.09816063    10.09818037    10.09819324    10.09821032    10.09822527    10.09824203    10.09826219    10.09833066    10.09835518    10.09871359    10.10270379    10.11021583
  1582    -9.41876914    -5.66325348    -3.36753872    -2.30664808     3.81300972     4.54114497     6.83222468     7.34395668     8.72313698     9.69329757     9.80776091     9.98078775    10.07689564    10.08421019    10.08993888    10.09494278    10.09771267    10.09798678    10.09808750    10.09811116    10.09816579    10.09818346    10.09819474    10.09821121    10.09822410    10.09823939    10.09825804    10.09832067    10.09834377    10.09867808    10.10235580    10.10936225
  1583    -9.42358772    -5.66828945    -3.35156806    -2.29535756     3.81110421     4.53138949     6.82341131     7.34340317     8.73400577     9.69355560     9.80737835     9.98151787    10.07777630    10.08441852    10.09030142    10.09528657    10.09774489    10.09800146    10.09809889    10.09811938    10.09817087    10.09818655    10.09819628    10.09821201    10.09822298    10.09823673    10.09825387    10.09831061    10.09833206    10.09864010    10.10199872    10.10846246
  1584    -9.42839693    -5.67334665    -3.33542898    -2.28413367     3.80913382     4.52178337     6.81193095     7.34486170     8.74554709     9.69384267     9.80699198     9.98224291    10.07861335    10.08462334    10.09067498    10.09562003    10.09777654    10.09801761    10.09811027    10.09812801    10.09817586    10.09818963    10.09819788    10.09821272    10.09822193    10.09823408    10.09824970    10.09830050    10.09832008    10.09859982    10.10163212    10.10751728
  1585    -9.43319600    -5.67842309    -3.31912643    -2.27297700     3.80709057     4.51233253     6.79790863     7.34826423     8.75770852     9.69415828     9.80660231     9.98296168    10.07939924    10.08482752    10.09106038    10.09594305    10.09780812    10.09803533    10.09812170    10.09813706    10.09818076    10.09819271    10.09819954    10.09821332    10.09822093    10.09823146    10.09824553    10.09829034    10.09830788    10.09855749    10.10125572    10.10652824
  1586    -9.43798417    -5.68351682    -3.30266540    -2.26188810     3.80496619     4.50304325     6.78152241     7.35348620     8.77044066     9.69450194     9.80620991     9.98367294    10.08012539    10.08503401    10.09145778    10.09625617    10.09784040    10.09805465    10.09813324    10.09814650    10.09818558    10.09819577    10.09820128    10.09821383    10.09822000    10.09822891    10.09824137    10.09828017    10.09829551    10.09851342    10.10086940    10.10549774
  1587    -9.44276070    -5.68862593    -3.28605084    -2.25086751     3.80275209     4.49392211     6.76298415     7.36036573     8.78369709     9.69487313     9.80581545     9.98437535    10.08078266    10.08524495    10.09186654    10.09656057    10.09787457    10.09807556    10.09814495    10.09815631    10.09819032    10.09819882    10.09820312    10.09821424    10.09821914    10.09822645    10.09823722    10.09826998    10.09828304    10.09846797    10.10047340    10.10442927
  1588    -9.44752484    -5.69374855    -3.26928769    -2.23991573     3.80043944     4.48497601     6.74252120     7.36872202     8.79743435     9.69527137     9.80541963     9.98506751    10.08136248    10.08546020    10.09228495    10.09685818    10.09791229    10.09809801    10.09815691    10.09816646    10.09819498    10.09820183    10.09820507    10.09821456    10.09821833    10.09822410    10.09823310    10.09825981    10.09827052    10.09842159    10.10006847    10.10332780
  1589    -9.45227584    -5.69888283    -3.25238086    -2.22903325     3.79801912     4.47621216     6.72036151     7.37837030     8.81161182     9.69569615     9.80502324     9.98574790    10.08185850    10.08567515    10.09270967    10.09715174    10.09795596    10.09812189    10.09816917    10.09817690    10.09819957    10.09820483    10.09820715    10.09821480    10.09821759    10.09822188    10.09822902    10.09824970    10.09825802    10.09837477    10.09965610    10.10220018
  1590    -9.45701298    -5.70402697    -3.23533524    -2.21822052     3.79548175     4.46763808     6.69672331     7.38913232     8.82619157     9.69614696     9.80462714     9.98641493    10.08226823    10.08587845    10.09313491    10.09744500    10.09800892    10.09814710    10.09818181    10.09818761    10.09820410    10.09820780    10.09820935    10.09821499    10.09821689    10.09821981    10.09822499    10.09823967    10.09824562    10.09832805    10.09923907    10.10105582
  1591    -9.46173551    -5.70917922    -3.21815570    -2.20747800     3.79281776     4.45926156     6.67180893     7.40084267     8.84113824     9.69662329     9.80423225     9.98706692    10.08259356    10.08605073    10.09355098    10.09774310    10.09807573    10.09817354    10.09819486    10.09819855    10.09820859    10.09821078    10.09821167    10.09821512    10.09821623    10.09821789    10.09822104    10.09822977    10.09823335    10.09828198    10.09882210    10.09990744
  1592    -9.46644271    -5.71433784    -3.20084709    -2.19680610     3.79001733     4.45109066     6.64580186     7.41335183     8.85641883     9.69712462     9.80383958     9.98770208    10.08283945    10.08616521    10.09394244    10.09805304    10.09816235    10.09820111    10.09820837    10.09820968    10.09821307    10.09821378    10.09821408    10.09821525    10.09821561    10.09821613    10.09821719    10.09822007    10.09822127    10.09823712    10.09841307    10.09877183
  1593    -9.47113385    -5.71950115    -3.18341419    -2.18620524     3.78707053     4.44313368     6.61886619     7.42652701     8.87200259     9.69765043     9.80345017     9.98831850    10.08301075    10.08619051    10.09428588    10.09767029    10.09802487    10.09819398    10.09820940    10.09821061    10.09821346    10.09821452    10.09821501    10.09821537    10.09821654    10.09821685    10.09821756    10.09822097    10.09822236    10.09822976    10.09827593    10.09838431
  1594    -9.47580821    -5.72466748    -3.16586179    -2.17567579     3.78396724     4.43539911     6.59114732     7.44025152     8.88786080     9.69820019     9.80306519     9.98891417    10.08310772    10.08609608    10.09454884    10.09662771    10.09767737    10.09815297    10.09819778    10.09820146    10.09820988    10.09821303    10.09821442    10.09821553    10.09821902    10.09822003    10.09822210    10.09823241    10.09823681    10.09825945    10.09842351    10.09874922
  1595    -9.48046507    -5.72983521    -3.14819460    -2.16521815     3.78069729     4.42789561     6.56277344     7.45442344     8.90396663     9.69877333     9.80268583     9.98948695    10.08311910    10.08586306    10.09469273    10.09567011    10.09739650    10.09811439    10.09818640    10.09819266    10.09820647    10.09821164    10.09821386    10.09821574    10.09822147    10.09822334    10.09822677    10.09824398    10.09825173    10.09829014    10.09860952    10.09916206
  1596    -9.48510372    -5.73500276    -3.13041733    -2.15483268     3.77725048     4.42063194     6.53385740     7.46895401     8.92029495     9.69936932     9.80231340     9.99003457    10.08300926    10.08550464    10.09464564    10.09486046    10.09720361    10.09807840    10.09817527    10.09818427    10.09820327    10.09821032    10.09821333    10.09821601    10.09822387    10.09822677    10.09823161    10.09825565    10.09826707    10.09832180    10.09883341    10.09963594
  1597    -9.48972345    -5.74016858    -3.11253463    -2.14451973     3.77361662     4.41361694     6.50449850     7.48376591     8.93682223     9.69998759     9.80194927     9.99055461    10.08270034    10.08509282    10.09400165    10.09461282    10.09709725    10.09804504    10.09816437    10.09817631    10.09820029    10.09820904    10.09821285    10.09821636    10.09822620    10.09823030    10.09823669    10.09826742    10.09828281    10.09835442    10.09908984    10.10017857
  1598    -9.49432356    -5.74533114    -3.09455109    -2.13427965     3.76978560     4.40685947     6.47478426     7.49879167     8.95352634     9.70062755     9.80159488     9.99104451    10.08209103    10.08474351    10.09330631    10.09440329    10.09705207    10.09801420    10.09815371    10.09816878    10.09819756    10.09820775    10.09821242    10.09821680    10.09822846    10.09823391    10.09824208    10.09827929    10.09829889    10.09838794    10.09937154    10.10079004
  1599    -9.49890335    -5.75048896    -3.07647128    -2.12411277     3.76574747     4.40036830     6.44479203     7.51397219     8.97038646     9.70128863     9.80125177     9.99150153    10.08115369    10.08451473    10.09264448    10.09416221    10.09703915    10.09798572    10.09814327    10.09816169    10.09819507    10.09820644    10.09821206    10.09821731    10.09823064    10.09823756    10.09824781    10.09829125    10.09831526    10.09842230    10.09967210    10.10146450
  1600    -9.50346214    -5.75564058    -3.05829971    -2.11401942     3.76149249     4.39415209     6.41459034     7.52925555     8.98738291     9.70197022     9.80092157     9.99192276    10.07995460    10.08437677    10.09198951    10.09391697    10.09703930    10.09795937    10.09813305    10.09815500    10.09819284    10.09820507    10.09821178    10.09821790    10.09823274    10.09824124    10.09825389    10.09830331    10.09833188    10.09845741    10.09998677    10.10219351
  1601    -9.50799923    -5.76078457    -3.04004085    -2.10399993     3.75701124     4.38821933     6.38424013     7.54459584     9.00449707     9.70267171     9.80060600     9.99230509    10.07857187    10.08428648    10.09132142    10.09367993    10.09704262    10.09793492    10.09812304    10.09814871    10.09819085    10.09820364    10.09821156    10.09821855    10.09823477    10.09824493    10.09826032    10.09831547    10.09834870    10.09849316    10.10031201    10.10296863
  1602    -9.51251395    -5.76591954    -3.02169912    -2.09405463     3.75229466     4.38257821     6.35379579     7.55995232     9.02171123     9.70339248     9.80030688     9.99264522    10.07706148    10.08421752    10.09062999    10.09345235    10.09704459    10.09791211    10.09811324    10.09814276    10.09818910    10.09820217    10.09821139    10.09821926    10.09823673    10.09824862    10.09826703    10.09832776    10.09836568    10.09852943    10.10064490    10.10378253
  1603    -9.51700563    -5.77104412    -3.00327889    -2.08418382     3.74733412     4.37723661     6.32330600     7.57528863     9.03900852     9.70413190     9.80002611     9.99293963    10.07546125    10.08415583    10.08991195    10.09323070    10.09704324    10.09789072    10.09810365    10.09813713    10.09818754    10.09820065    10.09821128    10.09822000    10.09823862    10.09825231    10.09827398    10.09834018    10.09838277    10.09856610    10.10098276    10.10462932
  1604    -9.52147360    -5.77615697    -2.98478447    -2.07438783     3.74212155     4.37220198     6.29281449     7.59057212     9.05637281     9.70488931     9.79976574     9.99318458    10.07379794    10.08409317    10.08916812    10.09301055    10.09703777    10.09787057    10.09809426    10.09813180    10.09818614    10.09819911    10.09821121    10.09822077    10.09824045    10.09825599    10.09828106    10.09835273    10.09839996    10.09860305    10.10132300    10.10550435
  1605    -9.52591719    -5.78125679    -2.96622012    -2.06466697     3.73664945     4.36748130     6.26236066     7.60577339     9.07378859     9.70566406     9.79952792     9.99337613    10.07209174    10.08402333    10.08840194    10.09278828    10.09702785    10.09785146    10.09808506    10.09812673    10.09818484    10.09819759    10.09821116    10.09822155    10.09824221    10.09825966    10.09828817    10.09836541    10.09841721    10.09864014    10.10166306    10.10640399
  1606    -9.53033577    -5.78634228    -2.94759007    -2.05502156     3.73091101     4.36308099     6.23198011     7.62086578     9.09124093     9.70645547     9.79931493     9.99351011    10.07035885    10.08393947    10.08761964    10.09256144    10.09701340    10.09783324    10.09807606    10.09812190    10.09818359    10.09819612    10.09821115    10.09822234    10.09824392    10.09826333    10.09829523    10.09837819    10.09843451    10.09867727    10.10200042    10.10732536
  1607    -9.53472868    -5.79141219    -2.92889847    -2.04545192     3.72490013     4.35900688     6.20170510     7.63582505     9.10871539     9.70726284     9.79912918     9.99358213    10.06861297    10.08383089    10.08683224    10.09232870    10.09699448    10.09781576    10.09806724    10.09811730    10.09818230    10.09819476    10.09821115    10.09822313    10.09824558    10.09826699    10.09830213    10.09839106    10.09845184    10.09871435    10.10233269    10.10826616
  1608    -9.53909528    -5.79646529    -2.91014945    -2.03595837     3.71861150     4.35526413     6.17156488     7.65062905     9.12619791     9.70808546     9.79897324     9.99358766    10.06686628    10.08367650    10.08606160    10.09208960    10.09697118    10.09779892    10.09805859    10.09811291    10.09818089    10.09819357    10.09821117    10.09822390    10.09824718    10.09827064    10.09830879    10.09840396    10.09846919    10.09875129    10.10265759    10.10922449
  1609    -9.54343495    -5.80150037    -2.89134706    -2.02654125     3.71204065     4.35185719     6.14158607     7.66525749     9.14367480     9.70892260     9.79884985     9.99352202    10.06512989    10.08343144    10.08535355    10.09184430    10.09694363    10.09778260    10.09805012    10.09810872    10.09817931    10.09819257    10.09821120    10.09822468    10.09824874    10.09827428    10.09831516    10.09841683    10.09848655    10.09878802    10.10297298    10.11019872
  1610    -9.54774706    -5.80651624    -2.87249533    -2.01720087     3.70518397     4.34878979     6.11179292     7.67969174     9.16113265     9.70977351     9.79876192     9.99338044    10.06341422    10.08301899    10.08478591    10.09159343    10.09691199    10.09776671    10.09804182    10.09810472    10.09817750    10.09819179    10.09821125    10.09822545    10.09825024    10.09827791    10.09832116    10.09842960    10.09850391    10.09882448    10.10327691    10.11118740
  1611    -9.55203101    -5.81151174    -2.85359822    -2.00793759     3.69803875     4.34606488     6.08220751     7.69391462     9.17855827     9.71063739     9.79871256     9.99315819    10.06172915    10.08239261    10.08440631    10.09133792    10.09687641    10.09775118    10.09803368    10.09810089    10.09817548    10.09819120    10.09821132    10.09822623    10.09825169    10.09828152    10.09832677    10.09844220    10.09852125    10.09886062    10.10356762    10.11218918
  1612    -9.55628618    -5.81648573    -2.83465965    -1.99875173     3.69060316     4.34368464     6.05285001     7.70791029     9.19593861     9.71151346     9.79870511     9.99285063    10.06008404    10.08160306    10.08416517    10.09107894    10.09683704    10.09773596    10.09802570    10.09809724    10.09817323    10.09819077    10.09821142    10.09822702    10.09825309    10.09828512    10.09833197    10.09845455    10.09853856    10.09889639    10.10384350    10.11320277
  1613    -9.56051199    -5.82143710    -2.81568350    -1.98964367     3.68287631     4.34165046     6.02373880     7.72166413     9.21326075     9.71240086     9.79874313     9.99245337    10.05848775    10.08072088    10.08399312    10.09081779    10.09679402    10.09772099    10.09801788    10.09809375    10.09817080    10.09819044    10.09821154    10.09822784    10.09825445    10.09828870    10.09833674    10.09846657    10.09855583    10.09893174    10.10410314    10.11422689
  1614    -9.56470783    -5.82636474    -2.79667361    -1.98061375     3.67485821     4.33996297     5.99489066     7.73516261     9.23051183     9.71329872     9.79883046     9.99196240    10.05694854    10.07978606    10.08385144    10.09055590    10.09674747    10.09770624    10.09801022    10.09809040    10.09816820    10.09819017    10.09821169    10.09822868    10.09825574    10.09829225    10.09834108    10.09847820    10.09857302    10.09896664    10.10434531    10.11526024
  1615    -9.56887315    -5.83126758    -2.77763377    -1.97166235     3.66654972     4.33862205     5.96632090     7.74839324     9.24767897     9.71420612     9.79897121     9.99137425    10.05547396    10.07881792    10.08372212    10.09029474    10.09669750    10.09769168    10.09800273    10.09808721    10.09816545    10.09818992    10.09821187    10.09822957    10.09825699    10.09829577    10.09834499    10.09848936    10.09859011    10.09900104    10.10456897    10.11630146
  1616    -9.57300735    -5.83614457    -2.75856774    -1.96278985     3.65795261     4.33762682     5.93804345     7.76134450     9.26474926     9.71512210     9.79916982     9.99068618    10.05407070    10.07782660    10.08359640    10.09003583    10.09664420    10.09767732    10.09799540    10.09808415    10.09816257    10.09818964    10.09821208    10.09823051    10.09825817    10.09829926    10.09834849    10.09850003    10.09860707    10.09903489    10.10477323    10.11734914
  1617    -9.57710990    -5.84099465    -2.73947924    -1.95399663     3.64906941     4.33697575     5.91007099     7.77400574     9.28170967     9.71604565     9.79943110     9.98989630    10.05274445    10.07681827    10.08346964    10.08978067    10.09658763    10.09766312    10.09798825    10.09808123    10.09815958    10.09818932    10.09821231    10.09823151    10.09825930    10.09830272    10.09835159    10.09851014    10.09862387    10.09906815    10.10495738    10.11840179
  1618    -9.58118023    -5.84581682    -2.72037197    -1.94528309     3.63990348     4.33666663     5.88241502     7.78636720     9.29854704     9.71697570     9.79976021     9.98900376    10.05149976    10.07579727    10.08333913    10.08953072    10.09652785    10.09764911    10.09798127    10.09807844    10.09815649    10.09818893    10.09821257    10.09823258    10.09826037    10.09830613    10.09835430    10.09851967    10.09864047    10.09910075    10.10512088    10.11945786
  1619    -9.58521780    -5.85061006    -2.70124959    -1.93664965     3.63045887     4.33669663     5.85508599     7.79841989     9.31524800     9.71791113     9.80016276     9.98800878    10.05033994    10.07476707    10.08320324    10.08928738    10.09646488    10.09763528    10.09797448    10.09807576    10.09815330    10.09818847    10.09821284    10.09823372    10.09826139    10.09830950    10.09835665    10.09852859    10.09865683    10.09913265    10.10526335    10.12051570
  1620    -9.58922208    -5.85537340    -2.68211573    -1.92809672     3.62074034     4.33706239     5.82809328     7.81015562     9.33179894     9.71885075     9.80064482     9.98691280    10.04926697    10.07373071    10.08306098    10.08905196    10.09639874    10.09762163    10.09796789    10.09807321    10.09815002    10.09818793    10.09821312    10.09823492    10.09826234    10.09831281    10.09835865    10.09853690    10.09867291    10.09916379    10.10538455    10.12157358
  1621    -9.59319255    -5.86010586    -2.66297402    -1.91962474     3.61075325     4.33776000     5.80144537     7.82156693     9.34818592     9.71979330     9.80121295     9.98571839    10.04828152    10.07269102    10.08291184    10.08882559    10.09632941    10.09760819    10.09796149    10.09807076    10.09814667    10.09818730    10.09821339    10.09823619    10.09826323    10.09831607    10.09836032    10.09854457    10.09868866    10.09919411    10.10548443    10.12262972
  1622    -9.59712870    -5.86480649    -2.64382807    -1.91123415     3.60050354     4.33878514     5.77514983     7.83264709     9.36439469     9.72073746     9.80187427     9.98442926    10.04738298    10.07165074    10.08275564    10.08860927    10.09625687    10.09759497    10.09795531    10.09806843    10.09814324    10.09818660    10.09821366    10.09823753    10.09826406    10.09831926    10.09836169    10.09855161    10.09870405    10.09922356    10.10556304    10.12368223
  1623    -9.60103002    -5.86947436    -2.62468145    -1.90292540     3.58999766     4.34013303     5.74921340     7.84339004     9.38041057     9.72168184     9.80263646     9.98305013    10.04656951    10.07061264    10.08259255    10.08840377    10.09618107    10.09758199    10.09794935    10.09806621    10.09813975    10.09818583    10.09821390    10.09823891    10.09826482    10.09832237    10.09836278    10.09855802    10.09871901    10.09925206    10.10562061    10.12472917
  1624    -9.60489603    -5.87410853    -2.60553776    -1.89469897     3.57924252     4.34179856     5.72364204     7.85379041     9.39621841     9.72262497     9.80350787     9.98158659    10.04583824    10.06957950    10.08242302    10.08820966    10.09610197    10.09756925    10.09794361    10.09806409    10.09813620    10.09818499    10.09821413    10.09824034    10.09826552    10.09832540    10.09836361    10.09856380    10.09873350    10.09927958    10.10565752    10.12576855
  1625    -9.60872623    -5.87870810    -2.58640059    -1.88655534     3.56824543     4.34377631     5.69844099     7.86384350     9.41180260     9.72356532     9.80449748     9.98004492    10.04518536    10.06855422    10.08224777    10.08802730    10.09601947    10.09755678    10.09793810    10.09806207    10.09813258    10.09818410    10.09821433    10.09824179    10.09826616    10.09832833    10.09836422    10.09856898    10.09874748    10.09930604    10.10567426    10.12679832
  1626    -9.61252015    -5.88327219    -2.56727352    -1.87849499     3.55701407     4.34606057     5.67361476     7.87354522     9.42714697     9.72450132     9.80561496     9.97843189    10.04460630    10.06753978    10.08206777    10.08785683    10.09593350    10.09754460    10.09793284    10.09806016    10.09812892    10.09818317    10.09821450    10.09824327    10.09826673    10.09833114    10.09836462    10.09857355    10.09876087    10.09933139    10.10567148    10.12781638
  1627    -9.61627733    -5.88779990    -2.54816014    -1.87051843     3.54555641     4.34864540     5.64916726     7.88289212     9.44223476     9.72543132     9.80687073     9.97675461    10.04409596    10.06653930    10.08188420    10.08769819    10.09584396    10.09753272    10.09792782    10.09805835    10.09812522    10.09818219    10.09821465    10.09824474    10.09826724    10.09833382    10.09836485    10.09857754    10.09877364    10.09935559    10.10564994    10.12882061
  1628    -9.61999732    -5.89229038    -2.52906407    -1.86262616     3.53388071     4.35152468     5.62510175     7.89188137     9.45704864     9.72635366     9.80827588     9.97502030    10.04364876    10.06555604    10.08169841    10.08755116    10.09575072    10.09752116    10.09792306    10.09805663    10.09812148    10.09818120    10.09821476    10.09824619    10.09826770    10.09833635    10.09836494    10.09858097    10.09878571    10.09937860    10.10561055    10.12980884
  1629    -9.62367966    -5.89674277    -2.50998894    -1.85481873     3.52199544     4.35469212     5.60142093     7.90051072     9.47157064     9.72726664     9.80984225     9.97323617    10.04325889    10.06459343    10.08151191    10.08741539    10.09565367    10.09750993    10.09791856    10.09805501    10.09811771    10.09818018    10.09821485    10.09824762    10.09826809    10.09833869    10.09836493    10.09858385    10.09879703    10.09940037    10.10555433    10.13077892
  1630    -9.62732392    -5.90115623    -2.49093842    -1.84709665     3.50990928     4.35814127     5.57812696     7.90877851     9.48578223     9.72816856     9.81158234     9.97140931    10.04292034    10.06365507    10.08132626    10.08729040    10.09555270    10.09749906    10.09791433    10.09805349    10.09811392    10.09817916    10.09821490    10.09824900    10.09826842    10.09834081    10.09836487    10.09858620    10.09880752    10.09942089    10.10548240    10.13172868
  1631    -9.63092967    -5.90552993    -2.47191620    -1.83946048     3.49763105     4.36186560     5.55522149     7.91668367     9.49966432     9.72905775     9.81350923     9.96954651    10.04262705    10.06274473    10.08114312    10.08717564    10.09544769    10.09748856    10.09791036    10.09805206    10.09811012    10.09817813    10.09821493    10.09825032    10.09826871    10.09834267    10.09836481    10.09858805    10.09881712    10.09944012    10.10539600    10.13265595
  1632    -9.63449649    -5.90986306    -2.45292602    -1.83191078     3.48516974     4.36585844     5.53270570     7.92422566     9.51319738     9.72993258     9.81563650     9.96765427    10.04237297    10.06186637    10.08096411    10.08707055    10.09533853    10.09747844    10.09790666    10.09805073    10.09810632    10.09817711    10.09821494    10.09825156    10.09826896    10.09834421    10.09836481    10.09858943    10.09882576    10.09945806    10.10529646    10.13355857
  1633    -9.63802397    -5.91415482    -2.43397166    -1.82444810     3.47253442     4.37011308     5.51058033     7.93140451     9.52636155     9.73079148     9.81797803     9.96573869    10.04215210    10.06102412    10.08079089    10.08697450    10.09522513    10.09746872    10.09790324    10.09804948    10.09810253    10.09817610    10.09821492    10.09825269    10.09826917    10.09834537    10.09836492    10.09859035    10.09883336    10.09947471    10.10518519    10.13443443
  1634    -9.64151172    -5.91840441    -2.41505696    -1.81707303     3.45973427     4.37462271     5.48884567     7.93822079     9.53913688     9.73163302     9.82054780     9.96380548    10.04195859    10.06022225    10.08062503    10.08688690    10.09510744    10.09745941    10.09790010    10.09804831    10.09809877    10.09817510    10.09821488    10.09825371    10.09826937    10.09834613    10.09836519    10.09859083    10.09883985    10.09949010    10.10506366    10.13528144
  1635    -9.64495933    -5.92261106    -2.39618581    -1.80978615     3.44677854     4.37938045     5.46750168     7.94467558     9.55150355     9.73245584     9.82335955     9.96185991    10.04178677    10.05946513    10.08046805    10.08680714    10.09498543    10.09745052    10.09789723    10.09804723    10.09809505    10.09817413    10.09821481    10.09825458    10.09826956    10.09834647    10.09836564    10.09859091    10.09884514    10.09950424    10.10493341    10.13609753
  1636    -9.64836641    -5.92677399    -2.37736220    -1.80258804     3.43367656     4.38437939     5.44654791     7.95077049     9.56344228     9.73325877     9.82642639     9.95990686    10.04163124    10.05875717    10.08032138    10.08673466    10.09485915    10.09744207    10.09789463    10.09804622    10.09809140    10.09817319    10.09821473    10.09825529    10.09826976    10.09834640    10.09836624    10.09859061    10.09884916    10.09951719    10.10479598    10.13688073
  1637    -9.65173260    -5.93089246    -2.35859016    -1.79547931     3.42043767     4.38961253     5.42598361     7.95650761     9.57493475     9.73404080     9.82976038     9.95795080    10.04148695    10.05810270    10.08018635    10.08666892    10.09472869    10.09743406    10.09789232    10.09804527    10.09808783    10.09817229    10.09821463    10.09825581    10.09826999    10.09834598    10.09836695    10.09858995    10.09885184    10.09952899    10.10465294    10.13762909
  1638    -9.65505751    -5.93496570    -2.33987383    -1.78846057     3.40707130     4.39507282     5.40580771     7.96188953     9.58596407     9.73480113     9.83337194     9.95599586    10.04134934    10.05750587    10.08006417    10.08660941    10.09459424    10.09742650    10.09789027    10.09804437    10.09808437    10.09817142    10.09821451    10.09825613    10.09827026    10.09834527    10.09836772    10.09858895    10.09885311    10.09953974    10.10450586    10.13834075
  1639    -9.65834079    -5.93899300    -2.32121742    -1.78153243     3.39358689     4.40075315     5.38601884     7.96691931     9.59651542     9.73553912     9.83726923     9.95404587    10.04121445    10.05697047    10.07995593    10.08655566    10.09445608    10.09741941    10.09788850    10.09804351    10.09808104    10.09817059    10.09821438    10.09825624    10.09827059    10.09834433    10.09836846    10.09858764    10.09885292    10.09954951    10.10435625    10.13901393
  1640    -9.66158208    -5.94297362    -2.30262525    -1.77469550     3.37999392     4.40664635     5.36661540     7.97160049     9.60657660     9.73625439     9.84145756     9.95210440    10.04107909    10.05649978    10.07986258    10.08650723    10.09431463    10.09741279    10.09788699    10.09804267    10.09807789    10.09816981    10.09821423    10.09825613    10.09827096    10.09834320    10.09836915    10.09858604    10.09885120    10.09955841    10.10420556    10.13964691
  1641    -9.66478102    -5.94690684    -2.28410175    -1.76795040     3.36630189     4.41274516     5.34759553     7.97593704     9.61613865     9.73694674     9.84593870     9.95017487    10.04094101    10.05609633    10.07978495    10.08646374    10.09417040    10.09740665    10.09788574    10.09804183    10.09807495    10.09816908    10.09821408    10.09825582    10.09827139    10.09834192    10.09836973    10.09858417    10.09884793    10.09956654    10.10405518    10.14023808
  1642    -9.66793728    -5.95079198    -2.26565146    -1.76129777     3.35252034     4.41904226     5.32895718     7.97993337     9.62519636     9.73761619     9.85071029     9.94826069    10.04079902    10.05576183    10.07972371    10.08642483    10.09402408    10.09740100    10.09788476    10.09804097    10.09807227    10.09816841    10.09821391    10.09825531    10.09827185    10.09834053    10.09837017    10.09858206    10.09884310    10.09957404    10.10390636    10.14078593
  1643    -9.67105050    -5.95462832    -2.24727902    -1.75473823     3.33865882     4.42553023     5.31069808     7.98359431     9.63374869     9.73826295     9.85576533     9.94636536    10.04065308    10.05549699    10.07967937    10.08639021    10.09387649    10.09739586    10.09788403    10.09804006    10.09806987    10.09816779    10.09821373    10.09825462    10.09827233    10.09833906    10.09837045    10.09857972    10.09883672    10.09958103    10.10376026    10.14128903
  1644    -9.67412036    -5.95841519    -2.22898924    -1.74827242     3.32472693     4.43220156     5.29281582     7.98692512     9.64179900     9.73888740     9.86109175     9.94449277    10.04050431    10.05530151    10.07965228    10.08635965    10.09372861    10.09739121    10.09788356    10.09803910    10.09806780    10.09816723    10.09821354    10.09825377    10.09827281    10.09833751    10.09837053    10.09857716    10.09882882    10.09958764    10.10361788    10.14174608
  1645    -9.67714654    -5.96215192    -2.21078703    -1.74190097     3.31073428     4.43904863     5.27530779     7.98993143     9.64935509     9.73949009     9.86667202     9.94264756    10.04035493    10.05517411    10.07964263    10.08633296    10.09358157    10.09738709    10.09788333    10.09803806    10.09806609    10.09816673    10.09821335    10.09825278    10.09827330    10.09833590    10.09837041    10.09857441    10.09881946    10.09959400    10.10348006    10.14215589
  1646    -9.68012870    -5.96583784    -2.19267745    -1.73562451     3.29669053     4.44606371     5.25817129     7.99261926     9.65642899     9.74007172     9.87248288     9.94083568    10.04020814    10.05511265    10.07965041    10.08631009    10.09343663    10.09738349    10.09788334    10.09803696    10.09806475    10.09816630    10.09821315    10.09825166    10.09827376    10.09833425    10.09837008    10.09857148    10.09880873    10.09960024    10.10334750    10.14251736
  1647    -9.68306652    -5.96947230    -2.17466571    -1.72944368     3.28260536     4.45323896     5.24140349     7.99499502     9.66303658     9.74063306     9.87849463     9.93906557    10.04006790    10.05511427    10.07967543    10.08629105    10.09329519    10.09738042    10.09788360    10.09803582    10.09806379    10.09816594    10.09821295    10.09825043    10.09827420    10.09833256    10.09836951    10.09856837    10.09879676    10.09960646    10.10322073    10.14282953
  1648    -9.68595970    -5.97305466    -2.15675718    -1.72335913     3.26848849     4.46056639     5.22500145     7.99706544     9.66919700     9.74117501     9.88466982     9.93735011    10.03993870    10.05517565    10.07971731    10.08627603    10.09315874    10.09737789    10.09788409    10.09803467    10.09806318    10.09816565    10.09821275    10.09824910    10.09827461    10.09833083    10.09836872    10.09856509    10.09878369    10.09961280    10.10310012    10.14309156
  1649    -9.68880791    -5.97658428    -2.13895739    -1.71737147     3.25434969     4.46803788     5.20896215     7.99883762     9.67493195     9.74169850     9.89095978     9.93571082    10.03982540    10.05529315    10.07977542    10.08626536    10.09302882    10.09737592    10.09788483    10.09803356    10.09806290    10.09816543    10.09821255    10.09824770    10.09827498    10.09832907    10.09836769    10.09856164    10.09876967    10.09961934    10.10298591    10.14330273
  1650    -9.69161086    -5.98006054    -2.12127202    -1.71148134     3.24019876     4.47564515     5.19328251     8.00031897     9.68026492     9.74220451     9.89729614     9.93418718    10.03973294    10.05546303    10.07984893    10.08625959    10.09290703    10.09737451    10.09788580    10.09803254    10.09806292    10.09816528    10.09821235    10.09824622    10.09827530    10.09832729    10.09836642    10.09855802    10.09875490    10.09962619    10.10287820    10.14346244
  1651    -9.69436824    -5.98348284    -2.10370695    -1.70568938     3.22604558     4.48337978     5.17795939     8.00151722     9.68522046     9.74269403     9.90356855     9.93285975    10.03966625    10.05568158    10.07993677    10.08625951    10.09279490    10.09737367    10.09788701    10.09803166    10.09806320    10.09816521    10.09821215    10.09824469    10.09827557    10.09832548    10.09836492    10.09855421    10.09873956    10.09963342    10.10277696    10.14357022
  1652    -9.69707974    -5.98685055    -2.08626821    -1.69999621     3.21190006     4.49123317     5.16298962     8.00244041     9.68982350     9.74316803     9.90956245     9.93191308    10.03963005    10.05594522    10.08003761    10.08626620    10.09269393    10.09737342    10.09788847    10.09803096    10.09806371    10.09816522    10.09821196    10.09824312    10.09827579    10.09832365    10.09836320    10.09855019    10.09872387    10.09964111    10.10268208    10.14362572
  1653    -9.69974506    -5.99016310    -2.06896203    -1.69440244     3.19777218     4.49919656     5.14836998     8.00309686     9.69409868     9.74362745     9.91479239     9.93180310    10.03962885    10.05625061    10.08014989    10.08628101    10.09260551    10.09737377    10.09789017    10.09803049    10.09806442    10.09816530    10.09821177    10.09824152    10.09827595    10.09832180    10.09836126    10.09854595    10.09870801    10.09964934    10.10259335    10.14362872
  1654    -9.70236392    -5.99341990    -2.05179481    -1.68890870     3.18367196     4.50726100     5.13409726     8.00349515     9.69806996     9.74407318     9.91831374     9.93344589    10.03966680    10.05659462    10.08027177    10.08630566    10.09253087    10.09737473    10.09789213    10.09803028    10.09806530    10.09816547    10.09821159    10.09823990    10.09827605    10.09831992    10.09835912    10.09854144    10.09869220    10.09965817    10.10251052    10.14357911
  1655    -9.70493601    -5.99662038    -2.03477316    -1.68351560     3.16960952     4.51541738     5.12016822     8.00364415     9.70176018     9.74450604     9.91955511     9.93738572    10.03974774    10.05697444    10.08040122    10.08634217    10.09247106    10.09737630    10.09789436    10.09803035    10.09806633    10.09816571    10.09821142    10.09823827    10.09827608    10.09831802    10.09835679    10.09853662    10.09867663    10.09966766    10.10243326    10.14347693
  1656    -9.70746105    -5.99976397    -2.01790386    -1.67822375     3.15559502     4.52365638     5.10657965     8.00355294     9.70519083     9.74492677     9.91929003     9.94282363    10.03987515    10.05738747    10.08053602    10.08639282    10.09242692    10.09737851    10.09789685    10.09803073    10.09806749    10.09816603    10.09821125    10.09823665    10.09827605    10.09831610    10.09835429    10.09853144    10.09866149    10.09967790    10.10236124    10.14332231
  1657    -9.70993873    -6.00285012    -2.00119389    -1.67303373     3.14163872     4.53196852     5.09332834     8.00323087     9.70838190     9.74533599     9.91835839     9.94889618    10.04005218    10.05783138    10.08067382    10.08646015    10.09239908    10.09738137    10.09789963    10.09803143    10.09806877    10.09816644    10.09821109    10.09823505    10.09827595    10.09831416    10.09835163    10.09852586    10.09864694    10.09968893    10.10229409    10.14311552
  1658    -9.71236878    -6.00587829    -1.98465042    -1.66794614     3.12775093     4.54034408     5.08041111     8.00268748     9.71135185     9.74573424     9.91714182     9.95520013    10.04028166    10.05830405    10.08081225    10.08654675    10.09238795    10.09738488    10.09790270    10.09803244    10.09807014    10.09816692    10.09821094    10.09823348    10.09827577    10.09831221    10.09834885    10.09851980    10.09863315    10.09970085    10.10223144    10.14285692
  1659    -9.71475090    -6.00884794    -1.96828083    -1.66296157     3.11394205     4.54877320     5.06782480     8.00193255     9.71411754     9.74612190     9.91579560     9.96156055    10.04056614    10.05880358    10.08094907    10.08665522    10.09239373    10.09738906    10.09790608    10.09803379    10.09807159    10.09816747    10.09821081    10.09823195    10.09827551    10.09831023    10.09834595    10.09851324    10.09862023    10.09971373    10.10217291    10.14254700
  1660    -9.71708481    -6.01175856    -1.95209269    -1.65808059     3.10022256     4.55724580     5.05556629     8.00097602     9.71669435     9.74649924     9.91438929     9.96789020    10.04090791    10.05932822    10.08108227    10.08678788    10.09241643    10.09739392    10.09790977    10.09803545    10.09807312    10.09816810    10.09821068    10.09823046    10.09827516    10.09830824    10.09834296    10.09850613    10.09860827    10.09972766    10.10211813    10.14218635
  1661    -9.71937022    -6.01460964    -1.93609375    -1.65330375     3.08660301     4.56575162     5.04363253     7.99982804     9.71909624     9.74686638     9.91295793     9.97413816    10.04130905    10.05987635    10.08121027    10.08694667    10.09245589    10.09739945    10.09791378    10.09803743    10.09807471    10.09816880    10.09821055    10.09822904    10.09827473    10.09830625    10.09833990    10.09849849    10.09859731    10.09974276    10.10206677    10.14177566
  1662    -9.72160685    -6.01740066    -1.92029196    -1.64863163     3.07309404     4.57428020     5.03202049     7.99849891     9.72133588     9.74722328     9.91152118     9.98027060    10.04177149    10.06044649    10.08133201    10.08713295    10.09251184    10.09740569    10.09791811    10.09803971    10.09807636    10.09816957    10.09821044    10.09822769    10.09827421    10.09830425    10.09833679    10.09849035    10.09858734    10.09975913    10.10201850    10.14131572
  1663    -9.72379441    -6.02013114    -1.90469545    -1.64406475     3.05970636     4.58282090     5.02072720     7.99699909     9.72342472     9.74756976     9.91009112     9.98626287    10.04229707    10.06103724    10.08144705    10.08734738    10.09258388    10.09741261    10.09792278    10.09804228    10.09807806    10.09817039    10.09821034    10.09822641    10.09827358    10.09830226    10.09833366    10.09848178    10.09857829    10.09977690    10.10197299    10.14080743
  1664    -9.72593262    -6.02280061    -1.88931255    -1.63960365     3.04645075     4.59136290     5.00974977     7.99533919     9.72537319     9.74790548     9.90867578     9.99209568    10.04288762    10.06164730    10.08155561    10.08758985    10.09267156    10.09742024    10.09792777    10.09804512    10.09807981    10.09817128    10.09821024    10.09822522    10.09827286    10.09830029    10.09833052    10.09847290    10.09857006    10.09979623    10.10192999    10.14025173
  1665    -9.72802119    -6.02540858    -1.87415176    -1.63524887     3.03333809     4.59989523     4.99908535     7.99352993     9.72719079     9.74822992     9.90728090     9.99775324    10.04354503    10.06227539    10.08165846    10.08785951    10.09277436    10.09742856    10.09793309    10.09804821    10.09808161    10.09817221    10.09821014    10.09822413    10.09827203    10.09829835    10.09832739    10.09846380    10.09856254    10.09981727    10.10188925    10.13964969
  1666    -9.73005986    -6.02795461    -1.85922174    -1.63100090     3.02037929     4.60840672     4.98873117     7.99158216     9.72888621     9.74854246     9.90591084    10.00322207    10.04427144    10.06292030    10.08175688    10.08815482    10.09289176    10.09743759    10.09793874    10.09805153    10.09808347    10.09817319    10.09821005    10.09822313    10.09827109    10.09829646    10.09832427    10.09845460    10.09855559    10.09984019    10.10185057    10.13900244
  1667    -9.73204833    -6.03043824    -1.84453134    -1.62686024     3.00758536     4.61688607     4.97868452     7.98950682     9.73046745     9.74884228     9.90456909    10.00849021    10.04506938    10.06358086    10.08185249    10.08847369    10.09302324    10.09744730    10.09794470    10.09805504    10.09808538    10.09817420    10.09820997    10.09822225    10.09827004    10.09829461    10.09832119    10.09844540    10.09854909    10.09986519    10.10181377    10.13831116
  1668    -9.73398633    -6.03285903    -1.83008952    -1.62282739     2.99496734     4.62532184     4.96894279     7.98731494     9.73194190     9.74912848     9.90325852    10.01354665    10.04594201    10.06425589    10.08194713    10.08881352    10.09316830    10.09745771    10.09795096    10.09805873    10.09808737    10.09817524    10.09820988    10.09822147    10.09826888    10.09829283    10.09831814    10.09843627    10.09854294    10.09989245    10.10177878    10.13757712
  1669    -9.73587359    -6.03521657    -1.81590543    -1.61890281     2.98253635     4.63370243     4.95950341     7.98501762     9.73331647     9.74940005     9.90198160    10.01838069    10.04689343    10.06494426    10.08204274    10.08917135    10.09332648    10.09746879    10.09795752    10.09806255    10.09808944    10.09817630    10.09820979    10.09822080    10.09826762    10.09829113    10.09831514    10.09842728    10.09853705    10.09992216    10.10174556    10.13680162
  1670    -9.73770982    -6.03751042    -1.80198833    -1.61508697     2.97030352     4.64201616     4.95036390     7.98262601     9.73459760     9.74965589     9.90074046    10.02298140    10.04792908    10.06564481    10.08214123    10.08954391    10.09349733    10.09748053    10.09796434    10.09806648    10.09809163    10.09817738    10.09820971    10.09822025    10.09826627    10.09828949    10.09831219    10.09841847    10.09853134    10.09995450    10.10171416    10.13598605
  1671    -9.73949476    -6.03974020    -1.78834760    -1.61138032     2.95828003     4.65025123     4.94152187     7.98015131     9.73579134     9.74989487     9.89953697    10.02733701    10.04905628    10.06635641    10.08224451    10.08992768    10.09368045    10.09749293    10.09797142    10.09807047    10.09809395    10.09817846    10.09820963    10.09821980    10.09826483    10.09828794    10.09830928    10.09840987    10.09852574    10.09998960    10.10168479    10.13513179
  1672    -9.74122813    -6.04190550    -1.77499273    -1.60778328     2.94647708     4.65839575     4.93297499     7.97760472     9.73690344     9.75011585     9.89837276    10.03143427    10.05028462    10.06707794    10.08235435    10.09031893    10.09387543    10.09750596    10.09797873    10.09807448    10.09809646    10.09817953    10.09820954    10.09821947    10.09826333    10.09828646    10.09830642    10.09840149    10.09852020    10.10002748    10.10165777    10.13424031
  1673    -9.74290967    -6.04400594    -1.76193329    -1.60429629     2.93490587     4.66643779     4.92472102     7.97499745     9.73793928     9.75031775     9.89724925    10.03525824    10.05162621    10.06780824    10.08247244    10.09071379    10.09408182    10.09751960    10.09798624    10.09807845    10.09809918    10.09818061    10.09820946    10.09821924    10.09826178    10.09828504    10.09830362    10.09839334    10.09851468    10.10006806    10.10163367    10.13331308
  1674    -9.74453910    -6.04604116    -1.74917893    -1.60091975     2.92357759     4.67436535     4.91675780     7.97234072     9.73890398     9.75049955     9.89616764    10.03879298    10.05309487    10.06854619    10.08260041    10.09110829    10.09429907    10.09753384    10.09799393    10.09808235    10.09810215    10.09818167    10.09820939    10.09821910    10.09826019    10.09828368    10.09830086    10.09838542    10.09850915    10.10011099    10.10161333    10.13235160
  1675    -9.74611617    -6.04801078    -1.73673935    -1.59765406     2.91250341     4.68216642     4.90908324     7.96964568     9.73980237     9.75066038     9.89512895    10.04202436    10.05470322    10.06929067    10.08273983    10.09149851    10.09452637    10.09754865    10.09800177    10.09808615    10.09810542    10.09818272    10.09820933    10.09821905    10.09825858    10.09828234    10.09829816    10.09837773    10.09850357    10.10015561    10.10159798    10.13135739
  1676    -9.74764061    -6.04991448    -1.72462428    -1.59449958     2.90169446     4.68982899     4.90169534     7.96692346     9.74063899     9.75079952     9.89413397    10.04494600    10.05645671    10.07004059    10.08289231    10.09188069    10.09476255    10.09756399    10.09800972    10.09808982    10.09810898    10.09818376    10.09820928    10.09821907    10.09825696    10.09828101    10.09829553    10.09837026    10.09849792    10.10020073    10.10158929    10.13033199
  1677    -9.74911217    -6.05175190    -1.71284347    -1.59145670     2.89116182     4.69734107     4.89459218     7.96418510     9.74141810     9.75091647     9.89318331    10.04756710    10.05834563    10.07079492    10.08305956    10.09225144    10.09500594    10.09757986    10.09801777    10.09809338    10.09811284    10.09818478    10.09820925    10.09821916    10.09825534    10.09827967    10.09829297    10.09836299    10.09849217    10.10024456    10.10158948    10.12927693
  1678    -9.75053060    -6.05352272    -1.70140665    -1.58852576     2.88091648     4.70469073     4.88777192     7.96144154     9.74214368     9.75101096     9.89227736    10.04991712    10.06034030    10.07155272    10.08324345    10.09260797    10.09525418    10.09759620    10.09802588    10.09809686    10.09811696    10.09818580    10.09820924    10.09821930    10.09825373    10.09827827    10.09829050    10.09835591    10.09848632    10.10028460    10.10160123    10.12819375
  1679    -9.75189564    -6.05522663    -1.69032353    -1.58570710     2.87096932     4.71186610     4.88123278     7.95870362     9.74281944     9.75108300     9.89141633    10.05204204    10.06239457    10.07231327    10.08344618    10.09294824    10.09550428    10.09761301    10.09803402    10.09810031    10.09812130    10.09818680    10.09820925    10.09821947    10.09825213    10.09827679    10.09828816    10.09834901    10.09848034    10.10031777    10.10162746    10.12708401
  1680    -9.75320706    -6.05686333    -1.67960374    -1.58300105     2.86133113     4.71885545     4.87497308     7.95598203     9.74344878     9.75113287     9.89060021    10.05399368    10.06445622    10.07307621    10.08367035    10.09327106    10.09575266    10.09763024    10.09804215    10.09810379    10.09812581    10.09818780    10.09820930    10.09821967    10.09825055    10.09827516    10.09828595    10.09834227    10.09847422    10.10034079    10.10167068    10.12594922
  1681    -9.75446461    -6.05843253    -1.66925684    -1.58040792     2.85201251     4.72564715     4.86899121     7.95328730     9.74403484     9.75116112     9.88982884    10.05581928    10.06647687    10.07384180    10.08391918    10.09357606    10.09599540    10.09764786    10.09805025    10.09810735    10.09813043    10.09818879    10.09820938    10.09821989    10.09824898    10.09827337    10.09828391    10.09833568    10.09846793    10.10035084    10.10173224    10.12479091
  1682    -9.75566806    -6.05993395    -1.65929228    -1.57792799     2.84302391     4.73222975     4.86328565     7.95062978     9.74458048     9.75116861     9.88910184    10.05755619    10.06841657    10.07461143    10.08419657    10.09386356    10.09622866    10.09766585    10.09805830    10.09811104    10.09813513    10.09818978    10.09820949    10.09822010    10.09824743    10.09827139    10.09828203    10.09832923    10.09846147    10.10034609    10.10181150    10.12361060
  1683    -9.75681719    -6.06136733    -1.64971937    -1.57556156     2.83437561     4.73859200     4.85785492     7.94801960     9.74508830     9.75115646     9.88841870    10.05923131    10.07024338    10.07538838    10.08450734    10.09413437    10.09644904    10.09768419    10.09806627    10.09811490    10.09813987    10.09819077    10.09820965    10.09822030    10.09824588    10.09826922    10.09828028    10.09832290    10.09845482    10.10032597    10.10190553    10.12240979
  1684    -9.75791178    -6.06273240    -1.64054723    -1.57330889     2.82607762     4.74472289     4.85269765     7.94546666     9.74556063     9.75112605     9.88777874    10.06086276    10.07193039    10.07617890    10.08485723    10.09438960    10.09665387    10.09770286    10.09807415    10.09811895    10.09814461    10.09819178    10.09820983    10.09822048    10.09824435    10.09826688    10.09827864    10.09831669    10.09844795    10.10029094    10.10200928    10.12118996
  1685    -9.75895161    -6.06402894    -1.63178482    -1.57117024     2.81813972     4.75061164     4.84781254     7.94298060     9.74599957     9.75107897     9.88718115    10.06246195    10.07345286    10.07699299    10.08525281    10.09463048    10.09684145    10.09772185    10.09808192    10.09812323    10.09814933    10.09819279    10.09821006    10.09822063    10.09824282    10.09826441    10.09827704    10.09831058    10.09844085    10.10024202    10.10211619    10.11995262
  1686    -9.75993648    -6.06525670    -1.62344085    -1.56914585     2.81057142     4.75624780     4.84319834     7.94057075     9.74640700     9.75101704     9.88662500    10.06403535    10.07478838    10.07784273    10.08570108    10.09485822    10.09701101    10.09774118    10.09808959    10.09812772    10.09815401    10.09819382    10.09821032    10.09822073    10.09824130    10.09826182    10.09827544    10.09830459    10.09843348    10.10018045    10.10221876    10.11869926
  1687    -9.76086619    -6.06641547    -1.61552377    -1.56723594     2.80338191     4.76162123     4.83885390     7.93824617     9.74678458     9.75094224     9.88610926    10.06558574    10.07592432    10.07873424    10.08620854    10.09507400    10.09716258    10.09776089    10.09809716    10.09813244    10.09815861    10.09819487    10.09821061    10.09822078    10.09823978    10.09825915    10.09827379    10.09829869    10.09842582    10.10010742    10.10230918    10.11743138
  1688    -9.76174056    -6.06750505    -1.60804177    -1.56544073     2.79658005     4.76672215     4.83477812     7.93601553     9.74713377     9.75085666     9.88563283    10.06711306    10.07686912    10.07965682    10.08677987    10.09527888    10.09729681    10.09778108    10.09810464    10.09813737    10.09816313    10.09819593    10.09821093    10.09822077    10.09823825    10.09825641    10.09827203    10.09829291    10.09841784    10.10002399    10.10237974    10.11615054
  1689    -9.76255939    -6.06852525    -1.60100270    -1.56376042     2.79017435     4.77154118     4.83096999     7.93388716     9.74745589     9.75076252     9.88519455    10.06861483    10.07765186    10.08058441    10.08741620    10.09547386    10.09741470    10.09780193    10.09811207    10.09814247    10.09816755    10.09819703    10.09821127    10.09822070    10.09823672    10.09825362    10.09827012    10.09828723    10.09840948    10.09993107    10.10242322    10.11485837
  1690    -9.76332253    -6.06947587    -1.59441408    -1.56219518     2.78417290     4.77606936     4.82742856     7.93186901     9.74775206     9.75066207     9.88479323    10.07008641    10.07830688    10.08149180    10.08811391    10.09565985    10.09751737    10.09782375    10.09811948    10.09814772    10.09817185    10.09819814    10.09821163    10.09822056    10.09823520    10.09825080    10.09826802    10.09828167    10.09840071    10.09982949    10.10243308    10.11355660
  1691    -9.76402981    -6.07035675    -1.58828304    -1.56074521     2.77858340     4.78029820     4.82415295     7.92996858     9.74802328     9.75055758     9.88442766    10.07152098    10.07886159    10.08236666    10.08886463    10.09583769    10.09760585    10.09784704    10.09812688    10.09815308    10.09817603    10.09819929    10.09821200    10.09822034    10.09823366    10.09824796    10.09826566    10.09827626    10.09839148    10.09972001    10.10240372    10.11224714
  1692    -9.76468108    -6.07116774    -1.58261634    -1.55941065     2.77341310     4.78421968     4.82114234     7.92819295     9.74827045     9.75045129     9.88409663    10.07290941    10.07933474    10.08320997    10.08965646    10.09600823    10.09768095    10.09787257    10.09813432    10.09815850    10.09818006    10.09820046    10.09821238    10.09822005    10.09823213    10.09824511    10.09826301    10.09827102    10.09838172    10.09960341    10.10233046    10.11093217
  1693    -9.76527621    -6.07190870    -1.57742027    -1.55819165     2.76866876     4.78782632     4.81839599     7.92654872     9.74849432     9.75034541     9.88379895    10.07424011    10.07973905    10.08403121    10.09047615    10.09617229    10.09774327    10.09790127    10.09814180    10.09816395    10.09818396    10.09820166    10.09821276    10.09821969    10.09823059    10.09824226    10.09825996    10.09826601    10.09837136    10.09948053    10.10220966    10.10961427
  1694    -9.76581505    -6.07257948    -1.57270071    -1.55708835     2.76435666     4.79111116     4.81591322     7.92504202     9.74869561     9.75024200     9.88353349    10.07549902    10.08008374    10.08484374    10.09131092    10.09633073    10.09779377    10.09793369    10.09814934    10.09816940    10.09818771    10.09820290    10.09821313    10.09821926    10.09822905    10.09823942    10.09825644    10.09826128    10.09836034    10.09935228    10.10203868    10.10829664
  1695    -9.76629749    -6.07317998    -1.56846304    -1.55610087     2.76048256     4.79406785     4.81369343     7.92367846     9.74887493     9.75014300     9.88329917    10.07666991    10.08037605    10.08566138    10.09214966    10.09648446    10.09783463    10.09796916    10.09815692    10.09817481    10.09819130    10.09820416    10.09821349    10.09821877    10.09822751    10.09823660    10.09825241    10.09825683    10.09834857    10.09921976    10.10181582    10.10698338
  1696    -9.76672344    -6.07371008    -1.56471213    -1.55522931     2.75705168     4.79669060     4.81173607     7.92246310     9.74903292     9.75005015     9.88309497    10.07773538    10.08062187    10.08649577    10.09298327    10.09663462    10.09786921    10.09800591    10.09816454    10.09818016    10.09819475    10.09820546    10.09821382    10.09821824    10.09822597    10.09823382    10.09824802    10.09825252    10.09833596    10.09908421    10.10154023    10.10568001
  1697    -9.76709278    -6.07416969    -1.56145234    -1.55447376     2.75406865     4.79897426     4.81004065     7.92140047     9.74917020     9.74996492     9.88291997    10.07867872    10.08082611    10.08735325    10.09380452    10.09678274    10.09790111    10.09804212    10.09817216    10.09818543    10.09819805    10.09820678    10.09821413    10.09821769    10.09822443    10.09823107    10.09824343    10.09824812    10.09832243    10.09894712    10.10121187    10.10439425
  1698    -9.76740544    -6.07455873    -1.55868749    -1.55383432     2.75153757     4.80091434     4.80860676     7.92049453     9.74928751     9.74988843     9.88277336    10.07948610    10.08099274    10.08823089    10.09460769    10.09693144    10.09793359    10.09807663    10.09817973    10.09819062    10.09820120    10.09820814    10.09821441    10.09821714    10.09822289    10.09822838    10.09823878    10.09824349    10.09830785    10.09881027    10.10083135    10.10313734
  1699    -9.76766135    -6.07487713    -1.55642085    -1.55331104     2.74946189     4.80250698     4.80743406     7.91974866     9.74938581     9.74982133     9.88265440    10.08014846    10.08112497    10.08911122    10.09538814    10.09708586    10.09796972    10.09810892    10.09818722    10.09819573    10.09820423    10.09820952    10.09821464    10.09821662    10.09822136    10.09822572    10.09823411    10.09823855    10.09829214    10.09867577    10.10039984    10.10192615
  1700    -9.76786046    -6.07512483    -1.55465509    -1.55290399     2.74784449     4.80374901     4.80652226     7.91916564     9.74946646     9.74976356     9.88256251    10.08066189    10.08122521    10.08995542    10.09614197    10.09725701    10.09801278    10.09813884    10.09819458    10.09820074    10.09820714    10.09821093    10.09821484    10.09821616    10.09821983    10.09822310    10.09822943    10.09823327    10.09827516    10.09854610    10.09991891    10.10078662
  1701    -9.76800271    -6.07530179    -1.55339232    -1.55261321     2.74668759     4.80463795     4.80587113     7.91874763     9.74953155     9.74971405     9.88249722    10.08102669    10.08129505    10.09069417    10.09686583    10.09746864    10.09806619    10.09816645    10.09820174    10.09820567    10.09820994    10.09821237    10.09821501    10.09821579    10.09821831    10.09822051    10.09822475    10.09822763    10.09825679    10.09842412    10.09939018    10.09975783
  1702    -9.76808807    -6.07540798    -1.55263406    -1.55243873     2.74599281     4.80517203     4.80548051     7.91849620     9.74958423     9.74967043     9.88245818    10.08124629    10.08133435    10.09122139    10.09755698    10.09776652    10.09813307    10.09819188    10.09820866    10.09821052    10.09821265    10.09821383    10.09821515    10.09821550    10.09821680    10.09821792    10.09822004    10.09822164    10.09823689    10.09831292    10.09881316    10.09889377
  1703    -9.76811652    -6.07544338    -1.55238088    -1.55238088     2.74576110     4.80535025     4.80535025     7.91841228     9.74962882     9.74962882     9.88244519    10.08133329    10.08133329    10.09141662    10.09821531    10.09821531    10.09821531    10.09821531    10.09821531    10.09821531    10.09821531    10.09821531    10.09821531    10.09821531    10.09821531    10.09821531    10.09821531    10.09821531    10.09821531    10.09821531    10.09821531    10.09821531
  1704    -9.76811677    -6.07540207    -1.55271597    -1.55235284     2.74602664     4.80518632     4.80552019     7.91846234     9.74947226     9.74979337     9.88249174    10.08120919    10.08141891    10.09130465    10.09662866    10.09756040    10.09813549    10.09819697    10.09819873    10.09820679    10.09821281    10.09821375    10.09821471    10.09821593    10.09821687    10.09821782    10.09822386    10.09823157    10.09823428    10.09831058    10.09883543    10.09999779
  1705    -9.76811744    -6.07527817    -1.55349128    -1.55249836     2.74682283     4.80475814     4.80596667     7.91861245     9.74932110     9.74996825     9.88263143    10.08104537    10.08146539    10.09093890    10.09532468    10.09687069    10.09806937    10.09817924    10.09818189    10.09819832    10.09821028    10.09821221    10.09821414    10.09821657    10.09821843    10.09822040    10.09823245    10.09824747    10.09825395    10.09842270    10.09942118    10.10192055
  1706    -9.76811840    -6.07507181    -1.55475349    -1.55276991     2.74814841     4.80404723     4.80670891     7.91886237     9.74917263     9.75015539     9.88286428    10.08083886    10.08146970    10.09027324    10.09438718    10.09614676    10.09801500    10.09816208    10.09816482    10.09818993    10.09820769    10.09821069    10.09821359    10.09821722    10.09821997    10.09822308    10.09824104    10.09826298    10.09827433    10.09855258    10.09997323    10.10395018
  1707    -9.76811939    -6.07478320    -1.55651181    -1.55315677     2.75000131     4.80305441     4.80774732     7.91921174     9.74902424     9.75035611     9.88319036    10.08058506    10.08142591    10.08935533    10.09379748    10.09539032    10.09797042    10.09814544    10.09814759    10.09818161    10.09820502    10.09820917    10.09821306    10.09821788    10.09822146    10.09822591    10.09824961    10.09827805    10.09829549    10.09870053    10.10049244    10.10606490
  1708    -9.76812005    -6.07441261    -1.55876704    -1.55365612     2.75237860     4.80178179     4.80908151     7.91966002     9.74887350     9.75057109     9.88360975    10.08027764    10.08132467    10.08833125    10.09343413    10.09460605    10.09793380    10.09812910    10.09813042    10.09817339    10.09820227    10.09820765    10.09821254    10.09821853    10.09822290    10.09822891    10.09825817    10.09829264    10.09831747    10.09886629    10.10097983    10.10824874
  1709    -9.76811993    -6.07396042    -1.56151765    -1.55426687     2.75527655     4.80023217     4.81071090     7.92020651     9.74871822     9.75080024     9.88412252    10.07990877    10.08115362    10.08733655    10.09317172    10.09381397    10.09790353    10.09811209    10.09811429    10.09816526    10.09819941    10.09820611    10.09821202    10.09821915    10.09822427    10.09823210    10.09826668    10.09830671    10.09834031    10.09904909    10.10143646    10.11048870
  1710    -9.76811848    -6.07342707    -1.56476110    -1.55498838     2.75869061     4.79840900     4.81263475     7.92085037     9.74855656     9.75104273     9.88472875    10.07947018    10.08090014    10.08645687    10.09276493    10.09320229    10.09787823    10.09809446    10.09809917    10.09815723    10.09819645    10.09820455    10.09821148    10.09821975    10.09822557    10.09823545    10.09827514    10.09832024    10.09836405    10.09924777    10.10186350    10.11277323
  1711    -9.76811503    -6.07281308    -1.56849417    -1.55582012     2.76261540     4.79631634     4.81485217     7.92159056     9.74838697     9.75129702     9.88542849    10.07895590    10.08055707    10.08573646    10.09197076    10.09298892    10.09785678    10.09807665    10.09808463    10.09814930    10.09819340    10.09820293    10.09821092    10.09822029    10.09822681    10.09823894    10.09828354    10.09833319    10.09838874    10.09946088    10.10226209    10.11509156
  1712    -9.76810884    -6.07211905    -1.57271312    -1.55676161     2.76704480     4.79395888     4.81736214     7.92242588     9.74820822     9.75156086     9.88622173    10.07836665    10.08012789    10.08518455    10.09108897    10.09286545    10.09783824    10.09805872    10.09807062    10.09814148    10.09819026    10.09820126    10.09821032    10.09822078    10.09822798    10.09824255    10.09829188    10.09834554    10.09841442    10.09968678    10.10263342    10.11743318
  1713    -9.76809907    -6.07134564    -1.57741367    -1.55781230     2.77197185     4.79134190     4.82016353     7.92335493     9.74801934     9.75183144     9.88710843    10.07771284    10.07962480    10.08478226    10.09018374    10.09276774    10.09782188    10.09804069    10.09805714    10.09813377    10.09818705    10.09819953    10.09820967    10.09822119    10.09822910    10.09824622    10.09830014    10.09835727    10.09844111    10.09992374    10.10297864    10.11978769
  1714    -9.76808477    -6.07049360    -1.58259112    -1.55897166     2.77738887     4.78847128     4.82325507     7.92437612     9.74781961     9.75210538     9.88808845    10.07701243    10.07906071    10.08449638    10.08927094    10.09268518    10.09780712    10.09802257    10.09804417    10.09812615    10.09818376    10.09819771    10.09820895    10.09822152    10.09823017    10.09824991    10.09830833    10.09836837    10.09846884    10.10016997    10.10329890    10.12214463
  1715    -9.76806492    -6.06956373    -1.58824030    -1.56023907     2.78328739     4.78535350     4.82663536     7.92548766     9.74760852     9.75237889     9.88916155    10.07628395    10.07844428    10.08429299    10.08836289    10.09261435    10.09779348    10.09800435    10.09803175    10.09811864    10.09818043    10.09819582    10.09820816    10.09822175    10.09823120    10.09825355    10.09831645    10.09837882    10.09849762    10.10042369    10.10359532    10.12449338
  1716    -9.76803840    -6.06855691    -1.59435566    -1.56161388     2.78965822     4.78199560     4.83030290     7.92668753     9.74738572     9.75264781     9.89032735    10.07553882    10.07778207    10.08414370    10.08747284    10.09255391    10.09778060    10.09798602    10.09801986    10.09811122    10.09817705    10.09819383    10.09820728    10.09822187    10.09823220    10.09825710    10.09832450    10.09838864    10.09852747    10.10068315    10.10386895    10.12682318
  1717    -9.76800398    -6.06747407    -1.60093122    -1.56309540     2.79649145     4.77840523     4.83425605     7.92797351     9.74715101     9.75290770     9.89158534    10.07477562    10.07708463    10.08402496    10.08661655    10.09250339    10.09776817    10.09796758    10.09800855    10.09810388    10.09817365    10.09819175    10.09820631    10.09822187    10.09823317    10.09826050    10.09833248    10.09839781    10.09855837    10.10094663    10.10412084    10.12912307
  1718    -9.76796040    -6.06631621    -1.60796066    -1.56468289     2.80377646     4.77459057     4.83849307     7.92934311     9.74690431     9.75315394     9.89293481    10.07397624    10.07637322    10.08391209    10.08581602    10.09246269    10.09775594    10.09794900    10.09799781    10.09809664    10.09817023    10.09818956    10.09820522    10.09822175    10.09823412    10.09826373    10.09834040    10.09840634    10.09859033    10.10121244    10.10435198    10.13138190
  1719    -9.76790625    -6.06508437    -1.61543732    -1.56637556     2.81150192     4.77056037     4.84301213     7.93079361     9.74664563     9.75338177     9.89437486    10.07310602    10.07568265    10.08376351    10.08511240    10.09243194    10.09774373    10.09793026    10.09798766    10.09808947    10.09816682    10.09818727    10.09820402    10.09822148    10.09823506    10.09826673    10.09834823    10.09841426    10.09862332    10.10147897    10.10456332    10.13358838
  1720    -9.76784009    -6.06377966    -1.62335420    -1.56817258     2.81965586     4.76632394     4.84781127     7.93232204     9.74637505     9.75358638     9.89590439    10.07212390    10.07505344    10.08349216    10.08459242    10.09241133    10.09773139    10.09791133    10.09797812    10.09808237    10.09816343    10.09818487    10.09820270    10.09822107    10.09823600    10.09826950    10.09835598    10.09842156    10.09865731    10.10174462    10.10475577    10.13573107
  1721    -9.76776039    -6.06240323    -1.63170401    -1.57007308     2.82822564     4.76189112     4.85288844     7.93392515     9.74609272     9.75376298     9.89752204    10.07100104    10.07451456    10.08303307    10.08431965    10.09240109    10.09771878    10.09789218    10.09796919    10.09807534    10.09816006    10.09818236    10.09820125    10.09822051    10.09823693    10.09827203    10.09836363    10.09842828    10.09869225    10.10200788    10.10493021    10.13779842
  1722    -9.76766554    -6.06095627    -1.64047920    -1.57207614     2.83719797     4.75727227     4.85824149     7.93559942     9.74579881     9.75390684     9.89922619    10.06973038    10.07407407    10.08247351    10.08420405    10.09240145    10.09770582    10.09787279    10.09796086    10.09806837    10.09815674    10.09817973    10.09819966    10.09821979    10.09823787    10.09827431    10.09837117    10.09843442    10.09872811    10.10226726    10.10508747    10.13977884
  1723    -9.76755385    -6.05944001    -1.64967195    -1.57418082     2.84655896     4.75247830     4.86386821     7.93734103     9.74549354     9.75401335     9.90101496    10.06832005    10.07372550    10.08190080    10.08415452    10.09241263    10.09769245    10.09785310    10.09795315    10.09806147    10.09815346    10.09817700    10.09819794    10.09821892    10.09823882    10.09827638    10.09837856    10.09844002    10.09876481    10.10252136    10.10522836    10.14166070
  1724    -9.76742358    -6.05785571    -1.65927423    -1.57638613     2.85629408     4.74752062     4.86976626     7.93914588     9.74517716     9.75407806     9.90288619    10.06678309    10.07345738    10.08134623    10.08413565    10.09243485    10.09767861    10.09783310    10.09794602    10.09805463    10.09815024    10.09817417    10.09819607    10.09821789    10.09823979    10.09827825    10.09838580    10.09844510    10.09880229    10.10276879    10.10535367    10.14343239
  1725    -9.76727291    -6.05620468    -1.66927782    -1.57869104     2.86638822     4.74241115     4.87593326     7.94100956     9.74484990     9.75409675     9.90483743    10.06513220    10.07325801    10.08081858    10.08413480    10.09246829    10.09766429    10.09781273    10.09793946    10.09804787    10.09814708    10.09817124    10.09819407    10.09821671    10.09824078    10.09827996    10.09839285    10.09844968    10.09884046    10.10300826    10.10546416    10.14508242
  1726    -9.76709998    -6.05448824    -1.67967431    -1.58109450     2.87682572     4.73716233     4.88236675     7.94292734     9.74451201     9.75406540     9.90686593    10.06337820    10.07311653    10.08031949    10.08414711    10.09251314    10.09764949    10.09779197    10.09793343    10.09804118    10.09814398    10.09816822    10.09819192    10.09821540    10.09824180    10.09828155    10.09839969    10.09845379    10.09887923    10.10323853    10.10556059    10.14659941
  1727    -9.76690286    -6.05270773    -1.69045513    -1.58359541     2.88759029     4.73178708     4.88906419     7.94489417     9.74416374     9.75398027     9.90896864    10.06152997    10.07302279    10.07984836    10.08417084    10.09256955    10.09763421    10.09777078    10.09792789    10.09803461    10.09814092    10.09816514    10.09818964    10.09821397    10.09824285    10.09828307    10.09840628    10.09845746    10.09891849    10.10345843    10.10564372    10.14797222
  1728    -9.76667955    -6.05086451    -1.70161161    -1.58619267     2.89866515     4.72629883     4.89602298     7.94690469     9.74380531     9.75383792     9.91114223    10.05959481    10.07296698    10.07940397    10.08420571    10.09263770    10.09761849    10.09774912    10.09792278    10.09802818    10.09813791    10.09816202    10.09818723    10.09821245    10.09824394    10.09828456    10.09841262    10.09846071    10.09895811    10.10366685    10.10571429    10.14918997
  1729    -9.76642804    -6.04895996    -1.71313494    -1.58888514     2.91003293     4.72071148     4.90324048     7.94895319     9.74343691     9.75363520     9.91338307    10.05757876    10.07293941    10.07898505    10.08425231    10.09271775    10.09760237    10.09772697    10.09791803    10.09802193    10.09813493    10.09815890    10.09818470    10.09821085    10.09824508    10.09828608    10.09841867    10.09846357    10.09899796    10.10386275    10.10577309    10.15024214
  1730    -9.76614623    -6.04699545    -1.72501626    -1.59167163     2.92167575     4.71503945     4.91071399     7.95103364     9.74305873     9.75336926     9.91568725    10.05548687    10.07293041    10.07859040    10.08431166    10.09280987    10.09758591    10.09770431    10.09791358    10.09801594    10.09813197    10.09815580    10.09818206    10.09820922    10.09824627    10.09828766    10.09842442    10.09846606    10.09903786    10.10404519    10.10582094    10.15111862
  1731    -9.76583201    -6.04497237    -1.73724660    -1.59455097     2.93357519     4.70929762     4.91844079     7.95313967     9.74267088     9.75303758     9.91805058    10.05332346    10.07293041    10.07821885    10.08438504    10.09291421    10.09756917    10.09768113    10.09790933    10.09801028    10.09812900    10.09815277    10.09817933    10.09820758    10.09824753    10.09828936    10.09842984    10.09846821    10.09907765    10.10421327    10.10585873    10.15180984
  1732    -9.76548322    -6.04289210    -1.74981700    -1.59752195     2.94571231     4.70350137     4.92641808     7.95526456     9.74227343     9.75263795     9.92046861    10.05109225    10.07293013    10.07786909    10.08447372    10.09303094    10.09755224    10.09765743    10.09790517    10.09800505    10.09812601    10.09814986    10.09817653    10.09820597    10.09824885    10.09829121    10.09843494    10.09847004    10.09911709    10.10436617    10.10588740    10.15230681
  1733    -9.76509767    -6.04075601    -1.76271843    -1.60058333     2.95806768     4.69766654     4.93464308     7.95740125     9.74186640     9.75216851     9.92293663    10.04879654    10.07292082    10.07753947    10.08457877    10.09316019    10.09753521    10.09763326    10.09790099    10.09800038    10.09812298    10.09814712    10.09817369    10.09820441    10.09825026    10.09829328    10.09843970    10.09847157    10.09915596    10.10450316    10.10590801    10.15260128
  1734    -9.76467314    -6.03856546    -1.77594188    -1.60373388     2.97062133     4.69180949     4.94311296     7.95954235     9.74144970     9.75162767     9.92544969    10.04643929    10.07289460    10.07722785    10.08470079    10.09330205    10.09751816    10.09760870    10.09789668    10.09799637    10.09811992    10.09814457    10.09817084    10.09820293    10.09825175    10.09829561    10.09844412    10.09847284    10.09919395    10.10462356    10.10592173    10.15268578
  1735    -9.76420739    -6.03632179    -1.78947835    -1.60697233     2.98335282     4.68594703     4.95182488     7.96168011     9.74102316     9.75101421     9.92800258    10.04402318    10.07284462    10.07693150    10.08483971    10.09345650    10.09750112    10.09758393    10.09789213    10.09799317    10.09811682    10.09814225    10.09816803    10.09820157    10.09825335    10.09829826    10.09844822    10.09847385    10.09923074    10.10472682    10.10592985    10.15255379
  1736    -9.76369814    -6.03402632    -1.80331885    -1.61029741     2.99624118     4.68009649     4.96077599     7.96380646     9.74058647     9.75032723     9.93058988    10.04155072    10.07276514    10.07664722    10.08499461    10.09362335    10.09748406    10.09755928    10.09788724    10.09799088    10.09811370    10.09814018    10.09816532    10.09820034    10.09825505    10.09830131    10.09845199    10.09847463    10.09926593    10.10481257    10.10593374    10.15219985
  1737    -9.76314313    -6.03168034    -1.81745445    -1.61370784     3.00926499     4.67427566     4.96996345     7.96591297     9.74013916     9.74956616     9.93320593    10.03902426    10.07265120    10.07637166    10.08516357    10.09380215    10.09746672    10.09753535    10.09788196    10.09798958    10.09811059    10.09813836    10.09816277    10.09819928    10.09825688    10.09830486    10.09845546    10.09847522    10.09929907    10.10488069    10.10593476    10.15161973
  1738    -9.76254005    -6.02928513    -1.83187627    -1.61720233     3.02240230     4.66850282     4.97938440     7.96799090     9.73968056     9.74873080     9.93584486    10.03644603    10.07249800    10.07610198    10.08534364    10.09399206    10.09744849    10.09751321    10.09787627    10.09798930    10.09810752    10.09813679    10.09816047    10.09819839    10.09825883    10.09830903    10.09845864    10.09847566    10.09932960    10.10493149    10.10593417    10.15081059
  1739    -9.76188663    -6.02684191    -1.84657551    -1.62077959     3.03563070     4.66279676     4.98903603     7.97003116     9.73920967     9.74782140     9.93850055    10.03381819    10.07229996    10.07583666    10.08553098    10.09419172    10.09742835    10.09749444    10.09787020    10.09799003    10.09810450    10.09813548    10.09815852    10.09819771    10.09826091    10.09831399    10.09846155    10.09847603    10.09935691    10.10496593    10.10593298    10.14977119
  1740    -9.76118055    -6.02435187    -1.86154344    -1.62443832     3.04892729     4.65717673     4.99891551     7.97202435     9.73872513     9.74683871     9.94116664    10.03114284    10.07204972    10.07557625    10.08572100    10.09439905    10.09740542    10.09748060    10.09786382    10.09799169    10.09810159    10.09813441    10.09815706    10.09819727    10.09826311    10.09831994    10.09846412    10.09847652    10.09938024    10.10498568    10.10593178    10.14850211
  1741    -9.76041952    -6.02181616    -1.87677144    -1.62817720     3.06226872     4.65166248     5.00902006     7.97396073     9.73822494     9.74578419     9.94383651    10.02842204    10.07173733    10.07532391    10.08590862    10.09461114    10.09737961    10.09747259    10.09785724    10.09799414    10.09809879    10.09813359    10.09815624    10.09819708    10.09826542    10.09832716    10.09846619    10.09847751    10.09939876    10.10499327    10.10593075    10.14700604
  1742    -9.75960127    -6.01923588    -1.89225099    -1.63199495     3.07563117     4.64627422     5.01934692     7.97583028     9.73770616     9.74466027     9.94650327    10.02565783    10.07135001    10.07508517    10.08608856    10.09482403    10.09735148    10.09747074    10.09785062    10.09799720    10.09809613    10.09813300    10.09815624    10.09819720    10.09826782    10.09833594    10.09846742    10.09847969    10.09941150    10.10499197    10.10592974    10.14528811
  1743    -9.75872352    -6.01661209    -1.90797368    -1.63589024     3.08899036     4.64103265     5.02989338     7.97762266     9.73716436     9.74347097     9.94915967    10.02285223    10.07087280    10.07486702    10.08625558    10.09503275    10.09732170    10.09747525    10.09784417    10.09800058    10.09809364    10.09813265    10.09815724    10.09819768    10.09827026    10.09834657    10.09846764    10.09848380    10.09941741    10.10498562    10.10592838    10.14335624
  1744    -9.75778401    -6.01394577    -1.92393122    -1.63986178     3.10232160     4.63595892     5.04065676     7.97932724     9.73659248     9.74222290     9.95179811    10.02000728    10.07028965    10.07467624    10.08640466    10.09523138    10.09729080    10.09748627    10.09783816    10.09800394    10.09809132    10.09813253    10.09815936    10.09819860    10.09827273    10.09835909    10.09846707    10.09849076    10.09941539    10.10497843    10.10592627    10.14122163
  1745    -9.75678052    -6.01123788    -1.94011548    -1.64390828     3.11559977     4.63107462     5.05163445     7.98093310     9.73597884     9.74092734     9.95441050    10.01712503    10.06958446    10.07451800    10.08653114    10.09541342    10.09725913    10.09750348    10.09783300    10.09800689    10.09808919    10.09813263    10.09816261    10.09820009    10.09827516    10.09837287    10.09846601    10.09850218    10.09940441    10.10497471    10.10592309    10.13889930
  1746    -9.75571085    -6.00848929    -1.95651843    -1.64802842     3.12879941     4.62640177     5.06282387     7.98242906     9.73530326     9.73960399     9.95698820    10.01420755    10.06874137    10.07439518    10.08663076    10.09557247    10.09722697    10.09752560    10.09782923    10.09800903    10.09808726    10.09813294    10.09816679    10.09820231    10.09827754    10.09838618    10.09846473    10.09852084    10.09938365    10.10497861    10.10591870    10.13640867
  1747    -9.75457283    -6.00570083    -1.97313221    -1.65222094     3.14189466     4.62196275     5.07422254     7.98380367     9.73453077     9.73828732     9.95952188    10.01125697    10.06774412    10.07430859    10.08669955    10.09570315    10.09719456    10.09754990    10.09782753    10.09801004    10.09808555    10.09813347    10.09817145    10.09820545    10.09827981    10.09839637    10.09846349    10.09854977    10.09935281    10.10499370    10.10591313    10.13377430
  1748    -9.75336434    -6.00287326    -1.98994911    -1.65648454     3.15485938     4.61778034     5.08582803     7.98504524     9.73360634     9.73703179     9.96200127    10.00827542    10.06657518    10.07425768    10.08673378    10.09580180    10.09716208    10.09757236    10.09782854    10.09800976    10.09808404    10.09813422    10.09817602    10.09820966    10.09828197    10.09840142    10.09846258    10.09858974    10.09931267    10.10502252    10.10590668    10.13102662
  1749    -9.75208328    -6.00000726    -2.00696155    -1.66081795     3.16766719     4.61387759     5.09763797     7.98614184     9.73246759     9.73589911     9.96441496    10.00526513    10.06521502    10.07424122    10.08672976    10.09586672    10.09712972    10.09758861    10.09783231    10.09800823    10.09808273    10.09813519    10.09818008    10.09821486    10.09828400    10.09840073    10.09846217    10.09863706    10.09926591    10.10506580    10.10589997    10.12820275
  1750    -9.75072763    -5.99710346    -2.02416215    -1.66521990     3.18029147     4.61027783     5.10965011     7.98708133     9.73108719     9.73491586     9.96675001    10.00222838    10.06364203    10.07425773    10.08668362    10.09589750    10.09709764    10.09759538    10.09783755    10.09800582    10.09808160    10.09813638    10.09818350    10.09822075    10.09828589    10.09839441    10.09846229    10.09868315    10.09921853    10.10512138    10.10589428    10.12534725
  1751    -9.74929541    -5.99416242    -2.04154366    -1.66968915     3.19270551     4.60700455     5.12186225     7.98785137     9.72949213     9.73405417     9.96899144     9.99916754    10.06183324    10.07430575    10.08659115    10.09589392    10.09706597    10.09759100    10.09784129    10.09800332    10.09808063    10.09813779    10.09818637    10.09822690    10.09828767    10.09838243    10.09846285    10.09871506    10.09918100    10.10518238    10.10589217    10.12251292
  1752    -9.74778468    -5.99118462    -2.05909900    -1.67422444     3.20488255     4.60408139     5.13427230     7.98843942     9.72772885     9.73326661     9.97112151     9.99608513    10.05976601    10.07438389    10.08644759    10.09585466    10.09703486    10.09757455    10.09783959    10.09800198    10.09807981    10.09813940    10.09818886    10.09823277    10.09828933    10.09836451    10.09846371    10.09872034    10.09916495    10.10523435    10.10589861    10.11976154
  1753    -9.74619360    -5.98817048    -2.07682125    -1.67882455     3.21679585     4.60153198     5.14687828     7.98883280     9.72583352     9.73251580     9.97311870     9.99298386    10.05742092    10.07449087    10.08624751    10.09577631    10.09700440    10.09754452    10.09782902    10.09800308    10.09807912    10.09814120    10.09819112    10.09823762    10.09829089    10.09834088    10.09846482    10.09869863    10.09917228    10.10525214    10.10592120    10.11716514
  1754    -9.74452038    -5.98512034    -2.09470367    -1.68348826     3.22841887     4.59937989     5.15967828     7.98901869     9.72382848     9.73177813     9.97495615     9.98986690    10.05478577    10.07462544    10.08598482    10.09565274    10.09697468    10.09749833    10.09780856    10.09800709    10.09807857    10.09814315    10.09819323    10.09823965    10.09829235    10.09831437    10.09846612    10.09866348    10.09919199    10.10520005    10.10596524    10.11480819
  1755    -9.74276329    -5.98203448    -2.11273969    -1.68821436     3.23972531     4.59764849     5.17267052     7.98898411     9.72172679     9.73103903     9.97659898     9.98673864    10.05186065    10.07478635    10.08565303    10.09547546    10.09694577    10.09743377    10.09778034    10.09801342    10.09807815    10.09814520    10.09819521    10.09823428    10.09829135    10.09829537    10.09846762    10.09862867    10.09921118    10.10503422    10.10602493    10.11279018
  1756    -9.74092071    -5.97891311    -2.13092288    -1.69300165     3.25068930     4.59636083     5.18585331     7.98871604     9.71953620     9.73028908     9.97799743     9.98360910    10.04866352    10.07497231    10.08524587    10.09523552    10.09691768    10.09735191    10.09774817    10.09802097    10.09807788    10.09814725    10.09819684    10.09821812    10.09828383    10.09829607    10.09846931    10.09860056    10.09922121    10.10470223    10.10608580    10.11121901
  1757    -9.73899107    -5.97575636    -2.14924701    -1.69784895     3.26128550     4.59553950     5.19922510     7.98820134     9.71726149     9.72952166     9.97900892     9.98056845    10.04523581    10.07518190    10.08475830    10.09492739    10.09689033    10.09725861    10.09771472    10.09802877    10.09807774    10.09814909    10.09819349    10.09820305    10.09828391    10.09829808    10.09847121    10.09857993    10.09921733    10.10416900    10.10613711    10.11016735
  1758    -9.73697292    -5.97256429    -2.16770600    -1.70275510     3.27148929     4.59520647     5.21278445     7.98742688     9.71490567     9.72873169     9.97717237     9.98000883    10.04164714    10.07541350    10.08418802    10.09455380    10.09686347    10.09716190    10.09768046    10.09803610    10.09807772    10.09815006    10.09817815    10.09820300    10.09828634    10.09830076    10.09847332    10.09856555    10.09919716    10.10347849    10.10617844    10.10959982
  1759    -9.73486487    -5.96933692    -2.18629391    -1.70771895     3.28127691     4.59538297     5.22653002     7.98637947     9.71247070     9.72791496     9.97404970     9.98027905    10.03799840    10.07566516    10.08353687    10.09412811    10.09683628    10.09706840    10.09764428    10.09804251    10.09807775    10.09814798    10.09816730    10.09820495    10.09828870    10.09830420    10.09847567    10.09855602    10.09916003    10.10274473    10.10621606    10.10938371
  1760    -9.73266565    -5.96607417    -2.20500502    -1.71273935     3.29062565     4.59608926     5.24046061     7.98504597     9.70995785     9.72706777     9.97089369     9.98001560    10.03442103    10.07593435    10.08281190    10.09367199    10.09680656    10.09698248    10.09760436    10.09804772    10.09807769    10.09814057    10.09816434    10.09820714    10.09829029    10.09830813    10.09847827    10.09855026    10.09910679    10.10206590    10.10625661    10.10938429
  1761    -9.73037409    -5.96277593    -2.22383370    -1.71781518     3.29951399     4.59734452     5.25457514     7.98341330     9.70736792     9.72618666     9.96773309     9.97906356    10.03106860    10.07621743    10.08202553    10.09320918    10.09676830    10.09690911    10.09755863    10.09805165    10.09807726    10.09813107    10.09816529    10.09820940    10.09829107    10.09831204    10.09848113    10.09854740    10.09904011    10.10148659    10.10630445    10.10951244
  1762    -9.72798910    -5.95944201    -2.24277454    -1.72294533     3.30792179     4.59916666     5.26887268     7.98146846     9.70470135     9.72526834     9.96457447     9.97729321    10.02809596    10.07650837    10.08119551    10.09275934    10.09671063    10.09685602    10.09750515    10.09805426    10.09807606    10.09812152    10.09816736    10.09821166    10.09829114    10.09831549    10.09848423    10.09854662    10.09896493    10.10101262    10.10636192    10.10971757
  1763    -9.72550974    -5.95607216    -2.26182223    -1.72812870     3.31583047     4.60157216     5.28335239     7.97919860     9.70195833     9.72430959     9.96142115     9.97461207    10.02562635    10.07679481    10.08034690    10.09233501    10.09662827    10.09682387    10.09744270    10.09805537    10.09807355    10.09811242    10.09816983    10.09821388    10.09829061    10.09831828    10.09848752    10.09854682    10.09888850    10.10063187    10.10643026    10.10997165
  1764    -9.72293513    -5.95266610    -2.28097165    -1.73336421     3.32322315     4.60457588     5.29801360     7.97659103     9.69913881     9.72330721     9.95827475     9.97099393    10.02371939    10.07704404    10.07952443    10.09194173    10.09652362    10.09680464    10.09737159    10.09805403    10.09806956    10.09810455    10.09817246    10.09821603    10.09828963    10.09832045    10.09849086    10.09854640    10.09881954    10.10032670    10.10651009    10.11025871
  1765    -9.72026456    -5.94922348    -2.30021780    -1.73865078     3.33008481     4.60819097     5.31285574     7.97363330     9.69624260     9.72225801     9.95513424     9.96648972    10.02236028    10.07714549    10.07884897    10.09157992    10.09639607    10.09679281    10.09729442    10.09804764    10.09806591    10.09809886    10.09817515    10.09821811    10.09828847    10.09832218    10.09849386    10.09854331    10.09876625    10.10007990    10.10660177    10.11056926
  1766    -9.71749739    -5.94574390    -2.31955584    -1.74398737     3.33640240     4.61242871     5.32787840     7.97031323     9.69326933     9.72115881     9.95199166     9.96121406    10.02147715    10.07683969    10.07858809    10.09124680    10.09624254    10.09678601    10.09721585    10.09803555    10.09806400    10.09809537    10.09817784    10.09822016    10.09828749    10.09832369    10.09849552    10.09853663    10.09873333    10.09987708    10.10670544    10.11089745
  1767    -9.71463314    -5.94222694    -2.33898105    -1.74937291     3.34216496     4.61729839     5.34308128     7.96661894     9.69021849     9.72000639     9.94881373     9.95533240    10.02097198    10.07614385    10.07873069    10.09093788    10.09606097    10.09678304    10.09714107    10.09802067    10.09806278    10.09809336    10.09818046    10.09822223    10.09828701    10.09832513    10.09849337    10.09852958    10.09871964    10.09970746    10.10682117    10.11123951
  1768    -9.71167143    -5.93867213    -2.35848885    -1.75480639     3.34736371     4.62280727     5.35846422     7.96253895     9.68708948     9.71879757     9.94541917     9.94915781    10.02074664    10.07531315    10.07902584    10.09064786    10.09585221    10.09678286    10.09707424    10.09800542    10.09806154    10.09809222    10.09818299    10.09822439    10.09828722    10.09832657    10.09848521    10.09852738    10.09871969    10.09956357    10.10694893    10.11159291
  1769    -9.70861202    -5.93507897    -2.37807479    -1.76028678     3.35199211     4.62896047     5.37402720     7.95806220     9.68388157     9.71752916     9.94064849     9.94396752    10.02071642    10.07445068    10.07937333    10.09037107    10.09562016    10.09678394    10.09701820    10.09799112    10.09806007    10.09809158    10.09818542    10.09822669    10.09828812    10.09832799    10.09847362    10.09852989    10.09872777    10.09944062    10.10708861    10.11195582
  1770    -9.70545479    -5.93144693    -2.39773453    -1.76581306     3.35604586     4.63576099     5.38977032     7.95317813     9.68059395     9.71619800     9.93389111     9.94047221    10.02081392    10.07358876    10.07974259    10.09010164    10.09537079    10.09678351    10.09697558    10.09797838    10.09805831    10.09809122    10.09818772    10.09822914    10.09828961    10.09832933    10.09846181    10.09853476    10.09873979    10.09933583    10.10724008    10.11232688
  1771    -9.70219976    -5.92777545    -2.41746387    -1.77138424     3.35952291     4.64320966     5.40569382     7.94787670     9.67722576     9.71480099     9.92650488     9.93739770    10.02098779    10.07274072    10.08012119    10.08983363    10.09511113    10.09677733    10.09694976    10.09796738    10.09805624    10.09809100    10.09818991    10.09823174    10.09829152    10.09833049    10.09845083    10.09854086    10.09875284    10.09924796    10.10740315    10.11270491
  1772    -9.69884706    -5.92406397    -2.43725868    -1.77699932     3.36242343     4.65130523     5.42179804     7.94214851     9.67377608     9.71333509     9.91885720     9.93444675    10.02119995    10.07191359    10.08050222    10.08956119    10.09484862    10.09676217    10.09694293    10.09795807    10.09805385    10.09809078    10.09819197    10.09823444    10.09829368    10.09833134    10.09844071    10.09854774    10.09876449    10.09917692    10.10757761    10.11308886
  1773    -9.69539699    -5.92031191    -2.45711498    -1.78265731     3.36474976     4.66004438     5.43808347     7.93598482     9.67024396     9.71179737     9.91105672     9.93157034    10.02142260    10.07111182    10.08088072    10.08927879    10.09459072    10.09673944    10.09695269    10.09795032    10.09805114    10.09809047    10.09819390    10.09823719    10.09829596    10.09833176    10.09843117    10.09855518    10.09877250    10.09912343    10.10776324    10.11347765
  1774    -9.69184995    -5.91651869    -2.47702886    -1.78835726     3.36650629     4.66942182     5.45455070     7.92937760     9.66662846     9.71018502     9.90316658     9.92875689    10.02163582    10.07033850    10.08125234    10.08898164    10.09434453    10.09671302    10.09697429    10.09794393    10.09804808    10.09809000    10.09819570    10.09823993    10.09829822    10.09833161    10.09842196    10.09856307    10.09877524    10.09908814    10.10795978    10.11387020
  1775    -9.68820648    -5.91268373    -2.49699650    -1.79409817     3.36769933     4.67943042     5.47120046     7.92231967     9.66292866     9.70849538     9.89523449     9.92600396    10.02182565    10.06959590    10.08161276    10.08866631    10.09411643    10.09668576    10.09700410    10.09793873    10.09804462    10.09808928    10.09819732    10.09824257    10.09830034    10.09833078    10.09841296    10.09857129    10.09877271    10.09907034    10.10816695    10.11426532
  1776    -9.68446728    -5.90880645    -2.51701418    -1.79987911     3.36833704     4.69006130     5.48803358     7.91480465     9.65914374     9.70672599     9.88730028     9.92331214    10.02198271    10.06888568    10.08195715    10.08833148    10.09391165    10.09665909    10.09703994    10.09793454    10.09804069    10.09808825    10.09819874    10.09824502    10.09830218    10.09832926    10.09840428    10.09857979    10.09876707    10.09906720    10.10838446    10.11466175
  1777    -9.68063316    -5.90488630    -2.53707825    -1.80569909     3.36842921     4.70130401     5.50505099     7.90682713     9.65527295     9.70487461     9.87939865     9.92068315    10.02210112    10.06820907    10.08227958    10.08797882    10.09373389    10.09663367    10.09708045    10.09793120    10.09803621    10.09808686    10.09819987    10.09824716    10.09830357    10.09832719    10.09839625    10.09858849    10.09876155    10.09907473    10.10861198    10.11505810
  1778    -9.67670506    -5.90092272    -2.55718513    -1.81155719     3.36798712     4.71314666     5.52225374     7.89838266     9.65131571     9.70293922     9.87156057     9.91811913    10.02217774    10.06756686    10.08257212    10.08761401    10.09358521    10.09660976    10.09712461    10.09792855    10.09803106    10.09808511    10.09820066    10.09824892    10.09830428    10.09832507    10.09838927    10.09859739    10.09875883    10.09908927    10.10884915    10.11545291
  1779    -9.67268407    -5.89691521    -2.57733130    -1.81745244     3.36702337     4.72557608     5.53964296     7.88946782     9.64727161     9.70091812     9.86381403     9.91562233    10.02221157    10.06695947    10.08282354    10.08724801    10.09346610    10.09658750    10.09717151    10.09792641    10.09802516    10.09808303    10.09820101    10.09825027    10.09830412    10.09832358    10.09838365    10.09860655    10.09876039    10.09910816    10.10909556    10.11584461
  1780    -9.66857140    -5.89286329    -2.59751333    -1.82338391     3.36555169     4.73857802     5.55721987     7.88008032     9.64314049     9.69880989     9.85618446     9.91319491    10.02220328    10.06638701    10.08301732    10.08689870    10.09337573    10.09656692    10.09722028    10.09792460    10.09801850    10.09808071    10.09820089    10.09825129    10.09830323    10.09832319    10.09837946    10.09861607    10.09876676    10.09912967    10.10935075    10.11623158
  1781    -9.66436840    -5.88876651    -2.61772780    -1.82935064     3.36358678     4.75213726     5.57498580     7.87021898     9.63892246     9.69661344     9.84869503     9.91083890    10.02215485    10.06584928    10.08313016    10.08659205    10.09331237    10.09654804    10.09727005    10.09792285    10.09801118    10.09807825    10.09820035    10.09825219    10.09830215    10.09832386    10.09837660    10.09862612    10.09877785    10.09915269    10.10961419    10.11661211
  1782    -9.66007653    -5.88462448    -2.63797134    -1.83535171     3.36114413     4.76623779     5.59294214     7.85988383     9.63461798     9.69432807     9.84136680     9.90855609    10.02206929    10.06534583    10.08313438    10.08635934    10.09327373    10.09653083    10.09731994    10.09792084    10.09800352    10.09807582    10.09819953    10.09825322    10.09830133    10.09832525    10.09837490    10.09863685    10.09879335    10.09917648    10.10988529    10.11698451
  1783    -9.65569740    -5.88043685    -2.65824065    -1.84138617     3.35823982     4.78086297     5.61109035     7.84907616     9.63022786     9.69195341     9.83421883     9.90634800    10.02195035    10.06487599    10.08300943    10.08622532    10.09325729    10.09651528    10.09736908    10.09791815    10.09799609    10.09807353    10.09819867    10.09825460    10.09830093    10.09832708    10.09837422    10.09864837    10.09881289    10.09920057    10.11016336    10.11734701
  1784    -9.65123270    -5.87620334    -2.67853241    -1.84745307     3.35489042     4.79599564     5.62943195     7.83779848     9.62575329     9.68948952     9.82726822     9.90421587    10.02180235    10.06443890    10.08275727    10.08619260    10.09326051    10.09650138    10.09741663    10.09791432    10.09798958    10.09807147    10.09819800    10.09825637    10.09830086    10.09832915    10.09837443    10.09866076    10.09883610    10.09922463    10.11044766    10.11769790
  1785    -9.64668429    -5.87192372    -2.69884337    -1.85355148     3.35111281     4.81161825     5.64796852     7.82605466     9.62119591     9.68693685     9.82053016     9.90216061    10.02163000    10.06403355    10.08240267    10.08624122    10.09328096    10.09648909    10.09746186    10.09790900    10.09798468    10.09806969    10.09819769    10.09825851    10.09830100    10.09833129    10.09837546    10.09867405    10.09886262    10.09924844    10.11073735    10.11803546
  1786    -9.64205412    -5.86759786    -2.71917027    -1.85968045     3.34692405     4.82771298     5.66670169     7.81384988     9.61655778     9.68429625     9.81401795     9.90018283    10.02143825    10.06365887    10.08197786    10.08634386    10.09331640    10.09647840    10.09750412    10.09790215    10.09798174    10.09806821    10.09819785    10.09826089    10.09830127    10.09833337    10.09837720    10.09868821    10.09889209    10.09927184    10.11103148    10.11835804
  1787    -9.63734424    -5.86322566    -2.73950984    -1.86583904     3.34234126     4.84426183     5.68563311     7.80119067     9.61184138     9.68156899     9.80774305     9.89828280    10.02123213    10.06331369    10.08151052    10.08647784    10.09336479    10.09646928    10.09754294    10.09789414    10.09798073    10.09806703    10.09819852    10.09826340    10.09830162    10.09833530    10.09837956    10.09870321    10.09892408    10.09929474    10.11132907    10.11866404
  1788    -9.63255682    -5.85880715    -2.75985886    -1.87202630     3.33738152     4.86124668     5.70476449     7.78808494     9.60704961     9.67875675     9.80171506     9.89646047    10.02101673    10.06299685    10.08102110    10.08662775    10.09342433    10.09646170    10.09757796    10.09788554    10.09798133    10.09806612    10.09819970    10.09826588    10.09830205    10.09833702    10.09838237    10.09871900    10.09895810    10.09931707    10.11162902    10.11895193
  1789    -9.62769414    -5.85434242    -2.78021406    -1.87824126     3.33206178     4.87864936     5.72409751     7.77454196     9.60218575     9.67586158     9.79594183     9.89471545    10.02079702    10.06270724    10.08052425    10.08678396    10.09349340    10.09645565    10.09760900    10.09787701    10.09798313    10.09806547    10.09820138    10.09826823    10.09830258    10.09833850    10.09838547    10.09873550    10.09899355    10.09933882    10.11193020    10.11922027
  1790    -9.62275856    -5.84983167    -2.80057217    -1.88448298     3.32639876     4.89645170     5.74363389     7.76057238     9.59725339     9.67288596     9.79042949     9.89304707    10.02057785    10.06244378    10.08003086    10.08694060    10.09357055    10.09645110    10.09763598    10.09786907    10.09798577    10.09806505    10.09820351    10.09827034    10.09830326    10.09833977    10.09838870    10.09875263    10.09902979    10.09935997    10.11223139    10.11946773
  1791    -9.61775255    -5.84527517    -2.82092990    -1.89075049     3.32040891     4.91463555     5.76337534     7.74618824     9.59225641     9.66983269     9.78518254     9.89145435    10.02036386    10.06220553    10.07954933    10.08709418    10.09365449    10.09644805    10.09765896    10.09786219    10.09798897    10.09806485    10.09820606    10.09827214    10.09830411    10.09834084    10.09839188    10.09877031    10.09906611    10.09938053    10.11253137    10.11969308
  1792    -9.61267866    -5.84067334    -2.84128395    -1.89704283     3.31410832     4.93318281     5.78332354     7.73140293     9.58719885     9.66670495     9.78020392     9.88993605    10.02015945    10.06199171    10.07908650    10.08724270    10.09374409    10.09644646    10.09767806    10.09785672    10.09799250    10.09806483    10.09820897    10.09827359    10.09830514    10.09834175    10.09839490    10.09878846    10.09910180    10.09940051    10.11282886    10.11989521
  1793    -9.60753951    -5.83602667    -2.86163096    -1.90335900     3.30751273     4.95207541     5.80348017     7.71623121     9.58208488     9.66350624     9.77549513     9.88849067    10.01996875    10.06180175    10.07864812    10.08738509    10.09383831    10.09644633    10.09769350    10.09785292    10.09799616    10.09806499    10.09821219    10.09827469    10.09830633    10.09834253    10.09839764    10.09880699    10.09913620    10.09941991    10.11312257    10.12007312
  1794    -9.60233782    -5.83133577    -2.88196754    -1.90969804     3.30063743     4.97129531     5.82384685     7.70068917     9.57691867     9.66024036     9.77105637     9.88711650    10.01979555    10.06163533    10.07823912    10.08752088    10.09393622    10.09644766    10.09770559    10.09785090    10.09799984    10.09806530    10.09821566    10.09827547    10.09830763    10.09834319    10.09840003    10.09882579    10.09916872    10.09943868    10.11341123    10.12022595
  1795    -9.59707636    -5.82660138    -2.90229025    -1.91605895     3.29349727     4.99082449     5.84442514     7.68479421     9.57170432     9.65691138     9.76688660     9.88581160    10.01964335    10.06149243    10.07786375    10.08765002    10.09403698    10.09645042    10.09771477    10.09785064    10.09800342    10.09806575    10.09821933    10.09827598    10.09830900    10.09834375    10.09840203    10.09884475    10.09919886    10.09945678    10.11369357    10.12035296
  1796    -9.59175797    -5.82182435    -2.92259561    -1.92244073     3.28610667     5.01064487     5.86521657     7.66856506     9.56644579     9.65352364     9.76298370     9.88457388    10.01951529    10.06137339    10.07752570    10.08777272    10.09413983    10.09645464    10.09772161    10.09785193    10.09800683    10.09806632    10.09822313    10.09827627    10.09831038    10.09834423    10.09840361    10.09886376    10.09922631    10.09947408    10.11396832    10.12045354
  1797    -9.58638554    -5.81700566    -2.94288006    -1.92884239     3.27847954     5.03073833     5.88622257     7.65202172     9.56114680     9.65008170     9.75934458     9.88340111    10.01941416    10.06127895    10.07722811    10.08788934    10.09424410    10.09646029    10.09772672    10.09785447    10.09801004    10.09806700    10.09822698    10.09827640    10.09831171    10.09834463    10.09840475    10.09888267    10.09925086    10.09949040    10.11423428    10.12052723
  1798    -9.58096202    -5.81214640    -2.96313999    -1.93526289     3.27062931     5.05108659     5.90744448     7.63518544     9.55581074     9.64659032     9.75596529     9.88229092    10.01934239    10.06121029    10.07697356    10.08800037    10.09434916    10.09646741    10.09773073    10.09785793    10.09801300    10.09806778    10.09823083    10.09827643    10.09831295    10.09834495    10.09840548    10.09890132    10.09927245    10.09950556    10.11449027    10.12057371
  1799    -9.57549041    -5.80724780    -2.98337172    -1.94170123     3.26256895     5.07167117     5.92888355     7.61807875     9.55044068     9.64305446     9.75284113     9.88124086    10.01930205    10.06116904    10.07676412    10.08810637    10.09445446    10.09647600    10.09773419    10.09786197    10.09801572    10.09806863    10.09823461    10.09827640    10.09831406    10.09834519    10.09840579    10.09891956    10.09929114    10.09951935    10.11473513    10.12059280
  1800    -9.56997372    -5.80231123    -3.00357148    -1.94815638     3.25431095     5.09247336     5.95054091     7.60072537     9.54503926     9.63947921     9.74996673     9.88024841    10.01929481    10.06115732    10.07660133    10.08820794    10.09455949    10.09648608    10.09773753    10.09786637    10.09801820    10.09806956    10.09823825    10.09827635    10.09831503    10.09834533    10.09840571    10.09893717    10.09930704    10.09953157    10.11496775    10.12058447
  1801    -9.56441502    -5.79733818    -3.02373543    -1.95462728     3.24586730     5.11347405     5.97241757     7.58315028     9.53960871     9.63586982     9.74733616     9.87931101    10.01932198    10.06117773    10.07648619    10.08830568    10.09466380    10.09649768    10.09774112    10.09787093    10.09802046    10.09807054    10.09824170    10.09827634    10.09831586    10.09834537    10.09840527    10.09895397    10.09932028    10.09954212    10.11518706    10.12054888
  1802    -9.55881738    -5.79233027    -3.04385963    -1.96111290     3.23724957     5.13465371     5.99451439     7.56537966     9.53415078     9.63223165     9.74494301     9.87842608    10.01938449    10.06123332    10.07641921    10.08840020    10.09476700    10.09651083    10.09774518    10.09787555    10.09802250    10.09807158    10.09824489    10.09827639    10.09831654    10.09834530    10.09840449    10.09896973    10.09933099    10.09955096    10.11539198    10.12048636
  1803    -9.55318390    -5.78728927    -3.06394007    -1.96761217     3.22846884     5.15599227     6.01683208     7.54744089     9.52866679     9.62857016     9.74278043     9.87759102    10.01948289    10.06132757    10.07640042    10.08849210    10.09486870    10.09652558    10.09774992    10.09788013    10.09802433    10.09807268    10.09824776    10.09827654    10.09831711    10.09834511    10.09840341    10.09898423    10.09933926    10.09955817    10.11558142    10.12039747
  1804    -9.54751769    -5.78221709    -3.08397263    -1.97412403     3.21953578     5.17746903     6.03937118     7.52936259     9.52315759     9.62489089     9.74084123     9.87680329    10.01961734    10.06146434    10.07642942    10.08858195    10.09496860    10.09654198    10.09775545    10.09788464    10.09802599    10.09807384    10.09825023    10.09827684    10.09831758    10.09834481    10.09840205    10.09899725    10.09934510    10.09956394    10.11575423    10.12028301
  1805    -9.54182185    -5.77711574    -3.10395308    -1.98064741     3.21046062     5.19906251     6.06213204     7.51117463     9.51762361     9.62119946     9.73911790     9.87606034    10.01978765    10.06164779    10.07650542    10.08867032    10.09506641    10.09656008    10.09776185    10.09788904    10.09802746    10.09807507    10.09825223    10.09827732    10.09831798    10.09834442    10.09840045    10.09900855    10.09934846    10.09956862    10.11590915    10.12014412
  1806    -9.53609949    -5.77198740    -3.12387710    -1.98718122     3.20125318     5.22075037     6.08511483     7.49290812     9.51206486     9.61750153     9.73760268     9.87535971    10.01999326    10.06188230    10.07662728    10.08875772    10.09516186    10.09657994    10.09776917    10.09789333    10.09802878    10.09807638    10.09825370    10.09827801    10.09831835    10.09834397    10.09839866    10.09901795    10.09934919    10.09957262    10.11604471    10.11998232
  1807    -9.53035369    -5.76683437    -3.14374025    -1.99372438     3.19192289     5.24250927     6.10831950     7.47459548     9.50648099     9.61380279     9.73628763     9.87469898    10.02023327    10.06217243    10.07679359    10.08884465    10.09525475    10.09660164    10.09777742    10.09789750    10.09802993    10.09807780    10.09825460    10.09827888    10.09831871    10.09834350    10.09839672    10.09902524    10.09934711    10.09957648    10.11615911    10.11979967
  1808    -9.52458755    -5.76165909    -3.16353799    -2.00027578     3.18247881     5.26431474     6.13174580     7.45627046     9.50087128     9.61010900     9.73516459     9.87407581    10.02050646    10.06252274    10.07700269    10.08893157    10.09534486    10.09662525    10.09778658    10.09790154    10.09803095    10.09807934    10.09825492    10.09827990    10.09831909    10.09834308    10.09839469    10.09903028    10.09934202    10.09958075    10.11625001    10.11959893
  1809    -9.51880410    -5.75646412    -3.18326565    -2.00683432     3.17292963     5.28614104     6.15539321     7.43796820     9.49523471     9.60642590     9.73422532     9.87348794    10.02081131    10.06293778    10.07725274    10.08901892    10.09543204    10.09665087    10.09779662    10.09790545    10.09803184    10.09808101    10.09825468    10.09828097    10.09831948    10.09834279    10.09839265    10.09903293    10.09933376    10.09958597    10.11631430    10.11938386
  1810    -9.51300638    -5.75125217    -3.20291847    -2.01339888     3.16328368     5.30796102     6.17926099     7.41972531     9.48957000     9.60275926     9.73346145     9.87293323    10.02114606    10.06342192    10.07754177    10.08910709    10.09551614    10.09667856    10.09780744    10.09790924    10.09803263    10.09808284    10.09825393    10.09828199    10.09831985    10.09834268    10.09839071    10.09903309    10.09932224    10.09959260    10.11634778    10.11915949
  1811    -9.50719736    -5.74602606    -3.22249152    -2.01996835     3.15354898     5.32974597     6.20334813     7.40157991     9.48387563     9.59911485     9.73286458     9.87240960    10.02150870    10.06397928    10.07786771    10.08919644    10.09559704    10.09670842    10.09781896    10.09791292    10.09803338    10.09808483    10.09825273    10.09828287    10.09832016    10.09834280    10.09838904    10.09903068    10.09930749    10.09960105    10.11634481    10.11893244
  1812    -9.50137998    -5.74078875    -3.24197981    -2.02654160     3.14373322     5.35146547     6.22765335     7.38357173     9.47814990     9.59549843     9.73242627     9.87191510    10.02189710    10.06461361    10.07822843    10.08928732    10.09567466    10.09674053    10.09783103    10.09791650    10.09803414    10.09808699    10.09825111    10.09828355    10.09832034    10.09834309    10.09838787    10.09902568    10.09928966    10.09961163    10.11629833    10.11871096
  1813    -9.49555716    -5.73554329    -3.26137816    -2.03311750     3.13384379     5.37308722     6.25217508     7.36574219     9.47239095     9.59191576     9.73213810     9.87144789    10.02230895    10.06532818    10.07862175    10.08938001    10.09574892    10.09677495    10.09784345    10.09792000    10.09803501    10.09808930    10.09824913    10.09828397    10.09832037    10.09834337    10.09838751    10.09901804    10.09926895    10.09962463    10.11620054    10.11850421
  1814    -9.48973172    -5.73029288    -3.28068132    -2.03969491     3.12388779     5.39457693     6.27691145     7.34813450     9.46659683     9.58837258     9.73199168     9.87100621    10.02274193    10.06612567    10.07904550    10.08947480    10.09581980    10.09681172    10.09785599    10.09792346    10.09803610    10.09809177    10.09824685    10.09828414    10.09832025    10.09834335    10.09838831    10.09900778    10.09924559    10.09964036    10.11604479    10.11832039
  1815    -9.48390646    -5.72504084    -3.29988389    -2.04627269     3.11387203     5.41589813     6.30186031     7.33079375     9.46076549     9.58487462     9.73197869     9.87058845    10.02319368    10.06700805    10.07949753    10.08957191    10.09588729    10.09685087    10.09786833    10.09792697    10.09803756    10.09809436    10.09824432    10.09828406    10.09831999    10.09834274    10.09839056    10.09899491    10.09921983    10.09965919    10.11582816    10.11816414
  1816    -9.47808409    -5.71979056    -3.31898032    -2.05284970     3.10380309     5.43701202     6.32701914     7.31376699     9.45489487     9.58142759     9.73209094     9.87019309    10.02366190    10.06797649    10.07997574    10.08967155    10.09595143    10.09689239    10.09788007    10.09793068    10.09803958    10.09809706    10.09824160    10.09828375    10.09831962    10.09834138    10.09839440    10.09897949    10.09919187    10.09968159    10.11555297    10.11803505
  1817    -9.47226728    -5.71454558    -3.33796498    -2.05942479     3.09368728     5.45787737     6.35238514     7.29710333     9.44898288     9.57803715     9.73232034     9.86981873    10.02414436    10.06903118    10.08047811    10.08977391    10.09601227    10.09693620    10.09789067    10.09793481    10.09804235    10.09809985    10.09823876    10.09828326    10.09831918    10.09833932    10.09839975    10.09896159    10.09916188    10.09970818    10.11522582    10.11792860
  1818    -9.46645861    -5.70930951    -3.35683207    -2.06599682     3.08353064     5.47845041     6.37795513     7.28085403     9.44302747     9.57470895     9.73265897     9.86946407    10.02463899    10.07017128    10.08100276    10.08987913    10.09606990    10.09698220    10.09789956    10.09793964    10.09804610    10.09810268    10.09823586    10.09828260    10.09831862    10.09833673    10.09840642    10.09894133    10.09912996    10.09973977    10.11485522    10.11783860
  1819    -9.46066058    -5.70408608    -3.37557569    -2.07256462     3.07333904     5.49868468     6.40372562     7.26507251     9.43702665     9.57144862     9.73309907     9.86912792    10.02514386    10.07139468    10.08154802    10.08998734    10.09612444    10.09703021    10.09790635    10.09794532    10.09805102    10.09810553    10.09823297    10.09828180    10.09831789    10.09833386    10.09841415    10.09891888    10.09909614    10.09977737    10.11444957    10.11775912
  1820    -9.45487563    -5.69887908    -3.39418979    -2.07912706     3.06311808     5.51853104     6.42969272     7.24981440     9.43097850     9.56826175     9.73363310     9.86880922    10.02565724    10.07269786    10.08211252    10.09009863    10.09617602    10.09707999    10.09791099    10.09795166    10.09805726    10.09810838    10.09823016    10.09828090    10.09831683    10.09833104    10.09842270    10.09889444    10.09906043    10.09982225    10.11401631    10.11768547
  1821    -9.44910610    -5.69369242    -3.41266823    -2.08568298     3.05287317     5.53793763     6.45585222     7.23513753     9.42488123     9.56515389     9.73425373     9.86850697    10.02617759    10.07407552    10.08269544    10.09021308    10.09622478    10.09713121    10.09791386    10.09795824    10.09806487    10.09811119    10.09822747    10.09827991    10.09831520    10.09832862    10.09843180    10.09886825    10.09902282    10.09987602    10.11356179    10.11761425
  1822    -9.44335427    -5.68853006    -3.43100472    -2.09223122     3.04260952     5.55684992     6.48219949     7.22110186     9.41873316     9.56213055     9.73495385     9.86822032    10.02670355    10.07552020    10.08329677    10.09033073    10.09627084    10.09718346    10.09791544    10.09796462    10.09807377    10.09811394    10.09822498    10.09827883    10.09831284    10.09832686    10.09844114    10.09884060    10.09898334    10.09994069    10.11309157    10.11754317
  1823    -9.43762229    -5.68339604    -3.44919285    -2.09877066     3.03233213     5.57521080     6.50872954     7.20776934     9.41253280     9.55919722     9.73572660     9.86794846    10.02723396    10.07702141    10.08391800    10.09045160    10.09631436    10.09723624    10.09791614    10.09797059    10.09808382    10.09811660    10.09822271    10.09827766    10.09830982    10.09832577    10.09845033    10.09881181    10.09894216    10.10001879    10.11261069    10.11747078
  1824    -9.43191228    -5.67829447    -3.46722612    -2.10530013     3.02204584     5.59296081     6.53543702     7.19520368     9.40627881     9.55635933     9.73656538     9.86769072    10.02776783    10.07856423    10.08456326    10.09057571    10.09635545    10.09728892    10.09791627    10.09797609    10.09809478    10.09811920    10.09822071    10.09827637    10.09830640    10.09832516    10.09845881    10.09878228    10.09889967    10.10011356    10.11212397    10.11739620
  1825    -9.42622621    -5.67322951    -3.48509789    -2.11181849     3.01175529     5.61003842     6.56231613     7.18347010     9.39997005     9.55362229     9.73746382     9.86744649    10.02830430    10.08012668    10.08524156    10.09070305    10.09639425    10.09734077    10.09791605    10.09798118    10.09810641    10.09812179    10.09821899    10.09827490    10.09830286    10.09832480    10.09846564    10.09875261    10.09885662    10.10022920    10.11163635    10.11731900
  1826    -9.42056600    -5.66820539    -3.50280141    -2.11832462     3.00146496     5.62638041     6.58936074     7.17263486     9.39360562     9.55099144     9.73841581     9.86721525    10.02884264    10.08167486    10.08597104    10.09083363    10.09643090    10.09739093    10.09791563    10.09798595    10.09811788    10.09812507    10.09821756    10.09827315    10.09829939    10.09832452    10.09846930    10.09872391    10.09881418    10.10037118    10.11115311    10.11723902
  1827    -9.41493347    -5.66322637    -3.52032986    -2.12481738     2.99117916     5.64192246     6.61656427     7.16276475     9.38718482     9.54847210     9.73941551     9.86699655    10.02938220    10.08315575    10.08678527    10.09096750    10.09646567    10.09743844    10.09791504    10.09799047    10.09812425    10.09813398    10.09821642    10.09827100    10.09829611    10.09832417    10.09846739    10.09869835    10.09877387    10.10054677    10.11068020    10.11715628
  1828    -9.40933032    -5.65829673    -3.53767629    -2.13129564     2.98090203     5.65659975     6.64391976     7.15392640     9.38070722     9.54606953     9.74045733     9.86679003    10.02992240    10.08449529    10.08773360    10.09110488    10.09649903    10.09748227    10.09791421    10.09799481    10.09812670    10.09814738    10.09821553    10.09826834    10.09829295    10.09832366    10.09845708    10.09867937    10.09873722    10.10076571    10.11022478    10.11707097
  1829    -9.40375819    -5.65342080    -3.55483366    -2.13775830     2.97063757     5.67034780     6.67141985     7.14618554     9.37417265     9.54378893     9.74153589     9.86659537    10.03046270    10.08562777    10.08884944    10.09124655    10.09653193    10.09752129    10.09791297    10.09799903    10.09812853    10.09816199    10.09821484    10.09826512    10.09828959    10.09832292    10.09843747    10.09866970    10.09870586    10.10104088    10.10979590    10.11698337
  1830    -9.39821862    -5.64860293    -3.57179486    -2.14420423     2.96038963     5.68310336     6.69905677     7.13960599     9.36758120     9.54163545     9.74264607     9.86641233    10.03100255    10.08655034    10.09009046    10.09139639    10.09656639    10.09755430    10.09791121    10.09800314    10.09813008    10.09817708    10.09821430    10.09826133    10.09828548    10.09832192    10.09841265    10.09866368    10.09868688    10.10138862    10.10940597    10.11689378
  1831    -9.39271304    -5.64384746    -3.58855269    -2.15063234     2.95016190     5.69480547     6.72682236     7.13424873     9.36093325     9.53961419     9.74378298     9.86624074    10.03154142    10.08731604    10.09128344    10.09162098    10.09660646    10.09757999    10.09790937    10.09800720    10.09813140    10.09819063    10.09821379    10.09825697    10.09828095    10.09832068    10.09839123    10.09864572    10.09869513    10.10182707    10.10907335    10.11680258
  1832    -9.38724282    -5.63915876    -3.60509988    -2.15704153     2.93995795     5.70539656     6.75470805     7.13017069     9.35422947     9.53773016     9.74494193     9.86608044    10.03207873    10.08797892    10.09164218    10.09258601    10.09665974    10.09759682    10.09790930    10.09801128    10.09813253    10.09819764    10.09821284    10.09825223    10.09828013    10.09831910    10.09838242    10.09862653    10.09872001    10.10236886    10.10882770    10.11671014
  1833    -9.38180921    -5.63454116    -3.62142910    -2.16343074     2.92978120     5.71482364     6.78270488     7.12742366     9.34747085     9.53598835     9.74611841     9.86593137    10.03261387    10.08857259    10.09180248    10.09354950    10.09673814    10.09760355    10.09791473    10.09801548    10.09813349    10.09819406    10.09821083    10.09824778    10.09828744    10.09831702    10.09839263    10.09861042    10.09876034    10.10300296    10.10871999    10.11661686
  1834    -9.37641339    -5.62999901    -3.63753298    -2.16979889     2.91963494     5.72303948     6.81080349     7.12605308     9.34065865     9.53439361     9.74730814     9.86579346    10.03314617    10.08911497    10.09195587    10.09424439    10.09685189    10.09760071    10.09792967    10.09802002    10.09813430    10.09818441    10.09820823    10.09824378    10.09829798    10.09831456    10.09842445    10.09859800    10.09882363    10.10366635    10.10883627    10.11652315
  1835    -9.37105645    -5.62553659    -3.65340407    -2.17614492     2.90952234     5.73000366     6.83899414     7.12609695     9.33379448     9.53295078     9.74850698     9.86566672    10.03367492    10.08961524    10.09210873    10.09464690    10.09699178    10.09759200    10.09795441    10.09802530    10.09813499    10.09817513    10.09820467    10.09824031    10.09830662    10.09831239    10.09847204    10.09858955    10.09892328    10.10423776    10.10929252    10.11642948
  1836    -9.36573941    -5.62115818    -3.66903494    -2.18246779     2.89944644     5.73568366     6.86726671     7.12758489     9.32688024     9.53166456     9.74971096     9.86555117    10.03419933    10.09007815    10.09226199    10.09480525    10.09712448    10.09758304    10.09798298    10.09803255    10.09813560    10.09816855    10.09819994    10.09823756    10.09830861    10.09831571    10.09852126    10.09858592    10.09907077    10.10461201    10.11016252    10.11633642
  1837    -9.36046320    -5.61686800    -3.68441810    -2.18876647     2.88941015     5.74005556     6.89561072     7.13053727     9.31991818     9.53053958     9.75091625     9.86544686    10.03471855    10.09050619    10.09241557    10.09479339    10.09722400    10.09757818    10.09800549    10.09804446    10.09813617    10.09816475    10.09819432    10.09823555    10.09830690    10.09832290    10.09855718    10.09859180    10.09926168    10.10479131    10.11140009    10.11624501
  1838    -9.35522867    -5.61267020    -3.69954607    -2.19503995     2.87941627     5.74310471     6.92401532     7.13496471     9.31291085     9.52958037     9.75211917     9.86535386    10.03523165    10.09090075    10.09256894    10.09466955    10.09728933    10.09757857    10.09801725    10.09806079    10.09813670    10.09816307    10.09818849    10.09823411    10.09830551    10.09833067    10.09857073    10.09861413    10.09947710    10.10484789    10.11288792    10.11615797
  1839    -9.35003662    -5.60856887    -3.71441136    -2.20128723     2.86946748     5.74482602     6.95246929     7.14086771     9.30586111     9.52879135     9.75331616     9.86527228    10.03573765    10.09126263    10.09272082    10.09447088    10.09733160    10.09758279    10.09802271    10.09807558    10.09813708    10.09816255    10.09818349    10.09823308    10.09830472    10.09833908    10.09857690    10.09863969    10.09969786    10.10484820    10.11450922    10.11608968
  1840    -9.34488775    -5.60456802    -3.72900653    -2.20750731     2.85956636     5.74522394     6.98096111     7.14823671     9.29877219     9.52817681     9.75450376     9.86520221    10.03623551    10.09159220    10.09286826    10.09422261    10.09736136    10.09758885    10.09802523    10.09808611    10.09813710    10.09816201    10.09818046    10.09823229    10.09830459    10.09834814    10.09858366    10.09866245    10.09991117    10.10483354    10.11579284    10.11644109
  1841    -9.33978273    -5.60067157    -3.74332414    -2.21369924     2.84971538     5.74431224     7.00947890     7.15705235     9.29164760     9.52774093     9.75567864     9.86514380    10.03672410    10.09188907    10.09300293    10.09394874    10.09738521    10.09759545    10.09802580    10.09809282    10.09813663    10.09816080    10.09817970    10.09823170    10.09830508    10.09835770    10.09859218    10.09868254    10.10010967    10.10482684    10.11581822    10.11808635
  1842    -9.33472215    -5.59688332    -3.75735681    -2.21986207     2.83991687     5.74211347     7.03801048     7.16728601     9.28449118     9.52748774     9.75683755     9.86509716    10.03720227    10.09215011    10.09309364    10.09369495    10.09740653    10.09760211    10.09802466    10.09809686    10.09813585    10.09815938    10.09818018    10.09823124    10.09830614    10.09836758    10.09860259    10.09870066    10.10028925    10.10484017    10.11573995    10.11983913
  1843    -9.32970656    -5.59320696    -3.77109724    -2.22599485     2.83017310     5.73865813     7.06654337     7.17890061     9.27730710     9.52742113     9.75797734     9.86506243    10.03766879    10.09235919    10.09304410    10.09358292    10.09742685    10.09760878    10.09802195    10.09809925    10.09813517    10.09815825    10.09818073    10.09823091    10.09830766    10.09837755    10.09861475    10.09871746    10.10044775    10.10487913    10.11565213    10.12158225
  1844    -9.32473644    -5.58964607    -3.78453820    -2.23209667     2.82048622     5.73398380     7.09506480     7.19185160     9.27009985     9.52754482     9.75909496     9.86503976    10.03812239    10.09242490    10.09291903    10.09364722    10.09744670    10.09761563    10.09801786    10.09810067    10.09813497    10.09815750    10.09818077    10.09823067    10.09830954    10.09838740    10.09862836    10.09873356    10.10058442    10.10494514    10.11556134    10.12329154
  1845    -9.31981226    -5.58620405    -3.79767254    -2.23816663     2.81085828     5.72813400     7.12356173     7.20608800     9.26287422     9.52786235     9.76018741     9.86502929    10.03856176    10.09220767    10.09298248    10.09377034    10.09746618    10.09762290    10.09801267    10.09810159    10.09813541    10.09815701    10.09818017    10.09823052    10.09831166    10.09839694    10.09864297    10.09874962    10.10069964    10.10503681    10.11546885    10.12495161
  1846    -9.31493442    -5.58288417    -3.81049325    -2.24420386     2.80129124     5.72115710     7.15202083     7.22155364     9.25563531     9.52837710     9.76125180     9.86503116    10.03898555    10.09186205    10.09313163    10.09390678    10.09748518    10.09763082    10.09800673    10.09810228    10.09813641    10.09815668    10.09817896    10.09823044    10.09831389    10.09840602    10.09865795    10.09876636    10.10079469    10.10515083    10.11537482    10.12655057
  1847    -9.31010332    -5.57968953    -3.82299346    -2.25020748     2.79178696     5.71310515     7.18042851     7.23818829     9.24838853     9.52909222     9.76228533     9.86504550    10.03939238    10.09148403    10.09328807    10.09404462    10.09750353    10.09763956    10.09800037    10.09810293    10.09813779    10.09815646    10.09817729    10.09823041    10.09831614    10.09841451    10.09867258    10.09878455    10.10087149    10.10528272    10.11527902    10.12807868
  1848    -9.30531930    -5.57662303    -3.83516644    -2.25617667     2.78234721     5.70403279     7.20877087     7.25592883     9.24113960     9.53001067     9.76328525     9.86507245    10.03978084    10.09109698    10.09343782    10.09417955    10.09752108    10.09764925    10.09799388    10.09810362    10.09813927    10.09815635    10.09817537    10.09823043    10.09831831    10.09842231    10.09868608    10.09880491    10.10093223    10.10542746    10.11518099    10.12952772
  1849    -9.30058270    -5.57368739    -3.84700562    -2.26211058     2.77297369     5.69399624     7.23703361     7.27471036     9.23389454     9.53113515     9.76424891     9.86511213    10.04014949    10.09071007    10.09357828    10.09430962    10.09753773    10.09765989    10.09798749    10.09810442    10.09814062    10.09815635    10.09817343    10.09823050    10.09832033    10.09842934    10.09869788    10.09882789    10.10097914    10.10557991    10.11508017    10.13089062
  1850    -9.29589385    -5.57088511    -3.85850465    -2.26800843     2.76366799     5.68305240     7.26520190     7.29446740     9.22665966     9.53246814     9.76517374     9.86516466    10.04049690    10.09032862    10.09370927    10.09443390    10.09755347    10.09767143    10.09798137    10.09810531    10.09814162    10.09815636    10.09817179    10.09823060    10.09832212    10.09843556    10.09870771    10.09885355    10.10101426    10.10573522    10.11497587    10.13216132
  1851    -9.29125307    -5.56821849    -3.86965738    -2.27386943     2.75443162     5.67125803     7.29325983     7.31513510     9.21944156     9.53401185     9.76605725     9.86523016    10.04082161    10.08995644    10.09383113    10.09455204    10.09756838    10.09768369    10.09797566    10.09810625    10.09814223    10.09815615    10.09817086    10.09823073    10.09832367    10.09844092    10.09871557    10.09888162    10.10103933    10.10588894    10.11486731    10.13333458
  1852    -9.28666067    -5.56568955    -3.88045788    -2.27969280     2.74526605     5.65866911     7.32118906     7.33665139     9.21224715     9.53576819     9.76689705     9.86530874    10.04112215    10.08959655    10.09394431    10.09466401    10.09758263    10.09769644    10.09797044    10.09810713    10.09814255    10.09815546    10.09817094    10.09823090    10.09832493    10.09844538    10.09872163    10.09891158    10.10105580    10.10603714    10.11475363    10.13440593
  1853    -9.28211696    -5.56330011    -3.89090048    -2.28547781     2.73617261     5.64534029     7.34896415     7.35896221     9.20508362     9.53773882     9.76769083     9.86540049    10.04139709    10.08925148    10.09404921    10.09477002    10.09759638    10.09770943    10.09796576    10.09810778    10.09814280    10.09815427    10.09817202    10.09823108    10.09832590    10.09844893    10.09872609    10.09894280    10.10106477    10.10617644    10.11463392    10.13537160
  1854    -9.27762228    -5.56105170    -3.90097979    -2.29122374     2.72715262     5.63132450     7.37652952     7.38204499     9.19795847     9.53992503     9.76843638     9.86550551    10.04164496    10.08892342    10.09414616    10.09487039    10.09760984    10.09772240    10.09796167    10.09810804    10.09814317    10.09815287    10.09817382    10.09823129    10.09832657    10.09845158    10.09872914    10.09897460    10.10106706    10.10630395    10.11450721    10.13622845
  1855    -9.27317698    -5.55894559    -3.91069069    -2.29692987     2.71820727     5.61667262     7.40360979     7.40609862     9.19087947     9.54232781     9.76913161     9.86562390    10.04186435    10.08861428    10.09423542    10.09496553    10.09762316    10.09773514    10.09795819    10.09810772    10.09814372    10.09815172    10.09817606    10.09823150    10.09832696    10.09845331    10.09873095    10.09900631    10.10106326    10.10641725    10.11437245    10.13697398
  1856    -9.26878143    -5.55698276    -3.92002838    -2.30259551     2.70933774     5.60143324     7.42916010     7.43209345     9.18385471     9.54494779     9.76977450     9.86575575    10.04205386    10.08832573    10.09431720    10.09505589    10.09763649    10.09774749    10.09795533    10.09810677    10.09814402    10.09815150    10.09817852    10.09823173    10.09832706    10.09845415    10.09873163    10.09903725    10.10105377    10.10651432    10.11422861    10.13760624
  1857    -9.26443602    -5.55516390    -3.92898839    -2.30822001     2.70054509     5.58565258     7.45413177     7.45900570     9.17689256     9.54778523     9.77036318     9.86590114    10.04221210    10.08805927    10.09439167    10.09514191    10.09764993    10.09775931    10.09795309    10.09810520    10.09814352    10.09815286    10.09818109    10.09823196    10.09832689    10.09845412    10.09873125    10.09906676    10.10103884    10.10659351    10.11407460    10.13812387
  1858    -9.26014119    -5.55348939    -3.93756656    -2.31380271     2.69183037     5.56937438     7.47941199     7.48587799     9.17000173     9.55084000     9.77089587     9.86606018    10.04233775    10.08781623    10.09445896    10.09522403    10.09766354    10.09777055    10.09795146    10.09810314    10.09814236    10.09815561    10.09818369    10.09823221    10.09832647    10.09845324    10.09872987    10.09909419    10.10101861    10.10665348    10.11390934    10.13852603
  1859    -9.25589742    -5.55195931    -3.94575914    -2.31934299     2.68319453     5.55263987     7.50506840     7.51257467     9.16319122     9.55411156     9.77137094     9.86623296    10.04242954    10.08759778    10.09451916    10.09530266    10.09767736    10.09778115    10.09795044    10.09810073    10.09814094    10.09815921    10.09818627    10.09823247    10.09832581    10.09845155    10.09872751    10.09911891    10.10099313    10.10669315    10.11373177    10.13881238
  1860    -9.25170522    -5.55057342    -3.95356270    -2.32484023     2.67463848     5.53548785     7.53107226     7.53905876     9.15647036     9.55759894     9.77178687     9.86641960    10.04248623    10.08740496    10.09457237    10.09537815    10.09769143    10.09779112    10.09795002    10.09809811    10.09813947    10.09816330    10.09818881    10.09823275    10.09832493    10.09844909    10.09872419    10.09914033    10.10096241    10.10671165    10.11354084    10.13898309
  1861    -9.24756517    -5.54933113    -3.96097424    -2.33029385     2.66616309     5.51795467     7.55737971     7.56531060     9.14984883     9.56130074     9.77214230     9.86662022    10.04250666    10.08723869    10.09461863    10.09545082    10.09770572    10.09780049    10.09795018    10.09809540    10.09813803    10.09816765    10.09819130    10.09823305    10.09832383    10.09844591    10.09871991    10.09915791    10.10092643    10.10670832    10.11333556    10.13903878
  1862    -9.24347790    -5.54823155    -3.96799113    -2.33570328     2.65776916     5.50007440     7.58394309     7.59131645     9.14333667     9.56521508     9.77243600     9.86683497    10.04248976    10.08709975    10.09465794    10.09552095    10.09772024    10.09780928    10.09795090    10.09809269    10.09813667    10.09817205    10.09819374    10.09823338    10.09832253    10.09844204    10.09871467    10.09917114    10.10088515    10.10668266    10.11311498    10.13898053
  1863    -9.23944409    -5.54727345    -3.97461117    -2.34106795     2.64945745     5.48187882     7.61071215     7.61706724     9.13694428     9.56933961     9.77266690     9.86706402    10.04243453    10.08698883    10.09469029    10.09558876    10.09773496    10.09781757    10.09795217    10.09809006    10.09813542    10.09817635    10.09819615    10.09823374    10.09832104    10.09843755    10.09870846    10.09917958    10.10083853    10.10663430    10.11287824    10.13880983
  1864    -9.23546450    -5.54645525    -3.98083255    -2.34638733     2.64122869     5.46339763     7.63762915     7.64256337     9.13068247     9.57367148     9.77283412     9.86730758    10.04234006    10.08690649    10.09471558    10.09565441    10.09774983    10.09782542    10.09795397    10.09808758    10.09813431    10.09818041    10.09819854    10.09823414    10.09831938    10.09843249    10.09870128    10.09918287    10.10078656    10.10656301    10.11262456    10.13852856
  1865    -9.23153995    -5.54577504    -3.98665392    -2.35166090     2.63308356     5.44465849     7.66460017     7.66784324     9.12456245     9.57820734     9.77293691     9.86756587    10.04220556    10.08685319    10.09473368    10.09571804    10.09776482    10.09783291    10.09795629    10.09808529    10.09813334    10.09818411    10.09820092    10.09823457    10.09831754    10.09842689    10.09869311    10.09918071    10.10072924    10.10646863    10.11235327    10.13813899
  1866    -9.22767134    -5.54523060    -3.99207435    -2.35688816     2.62502270     5.42568716     7.69126507     7.69321322     9.11859592     9.58294328     9.77297475     9.86783920    10.04203033    10.08682930    10.09474436    10.09577973    10.09777986    10.09784011    10.09795909    10.09808323    10.09813255    10.09818738    10.09820331    10.09823501    10.09831554    10.09842081    10.09868397    10.09917288    10.10066662    10.10635112    10.11206380    10.13764370
  1867    -9.22385963    -5.54481934    -3.99709333    -2.36206863     2.61704671     5.40650761     7.71658454     7.71966049     9.11279500     9.58787489     9.77294727     9.86812789    10.04181380    10.08683505    10.09474731    10.09583951    10.09779489    10.09784714    10.09796236    10.09808144    10.09813194    10.09819016    10.09820568    10.09823543    10.09831339    10.09841431    10.09867384    10.09915929    10.10059878    10.10621050    10.11175571    10.13704563
  1868    -9.22010588    -5.54453837    -4.00171081    -2.36720183     2.60915618     5.38714214     7.74097551     7.74671749     9.10717238     9.59299719     9.77285432     9.86843237    10.04155552    10.08687059    10.09474212    10.09589739    10.09780979    10.09785411    10.09796607    10.09807995    10.09813154    10.09819248    10.09820800    10.09823581    10.09831110    10.09840743    10.09866273    10.09913991    10.10052585    10.10604690    10.11142869    10.13634798
  1869    -9.21641122    -5.54438447    -4.00592716    -2.37228731     2.60135167     5.36761147     7.76492119     7.77385172     9.10174126     9.59830462     9.77269599     9.86875310    10.04125519    10.08693595    10.09472828    10.09595332    10.09782442    10.09786120    10.09797021    10.09807880    10.09813135    10.09819436    10.09821022    10.09823610    10.09830868    10.09840021    10.09865065    10.09911483    10.10044802    10.10586051    10.11108256    10.13555422
  1870    -9.21277687    -5.54435412    -4.00974318    -2.37732463     2.59363369     5.34793485     7.78849251     7.80094424     9.09651544     9.60379106     9.77247254     9.86909065    10.04091263    10.08703107    10.09470515    10.09600721    10.09783850    10.09786868    10.09797476    10.09807800    10.09813140    10.09819588    10.09821229    10.09823623    10.09830615    10.09839270    10.09863762    10.09908427    10.10036553    10.10565159    10.11071730    10.13466806
  1871    -9.20920411    -5.54444348    -4.01316012    -2.38231336     2.58600275     5.32813016     7.81169925     7.82793841     9.09150934     9.60944982     9.77218451     9.86944570    10.04052781    10.08715576    10.09467197    10.09605891    10.09785161    10.09787700    10.09797970    10.09807760    10.09813171    10.09819709    10.09821416    10.09823615    10.09830351    10.09838494    10.09862367    10.09904855    10.10027867    10.10542051    10.11033301    10.13369343
  1872    -9.20569435    -5.54464844    -4.01617965    -2.38725311     2.57845935     5.30821399     7.83453951     7.85479027     9.08673808     9.61527359     9.77183265     9.86981902    10.04010082    10.08730973    10.09462784    10.09610825    10.09786317    10.09788674    10.09798501    10.09807760    10.09813227    10.09819804    10.09821583    10.09823580    10.09830078    10.09837697    10.09860882    10.09900812    10.10018777    10.10516773    10.10992996    10.13263444
  1873    -9.20224906    -5.54496459    -4.01880383    -2.39214347     2.57100394     5.28820174     7.85700833     7.88145980     9.08221745     9.62125448     9.77141798     9.87021154    10.03963195    10.08749256    10.09457175    10.09615497    10.09787292    10.09789817    10.09799067    10.09807804    10.09813311    10.09819879    10.09821727    10.09823512    10.09829796    10.09836884    10.09859310    10.09896355    10.10009323    10.10489383    10.10950854    10.13149534
  1874    -9.19886979    -5.54538728    -4.02103516    -2.39698405     2.56363700     5.26810767     7.87910000     7.90790855     9.07796402     9.62738400     9.77094178     9.87062433    10.03912158    10.08770371    10.09450256    10.09619874    10.09788123    10.09791091    10.09799668    10.09807894    10.09813424    10.09819937    10.09821850    10.09823410    10.09829506    10.09836057    10.09857657    10.09891552    10.09999548    10.10459951    10.10906929    10.13028056
  1875    -9.19555820    -5.54591159    -4.02287652    -2.40177450     2.55635896     5.24794502     7.90080879     7.93409876     9.07399513     9.63365305     9.77040559     9.87105862    10.03857027    10.08794251    10.09441903    10.09623915    10.09788873    10.09792435    10.09800303    10.09808033    10.09813566    10.09819981    10.09821949    10.09823272    10.09829208    10.09835220    10.09855926    10.09886482    10.09989496    10.10428567    10.10861289    10.12899462
  1876    -9.19231601    -5.54653239    -4.02433116    -2.40651445     2.54917027     5.22772603     7.92212927     7.95999294     9.07032894     9.64005189     9.76981124     9.87151585    10.03797873    10.08820815    10.09431982    10.09627571    10.09789585    10.09793808    10.09800970    10.09808224    10.09813738    10.09820013    10.09822023    10.09823102    10.09828902    10.09834377    10.09854122    10.09881233    10.09979216    10.10395336    10.10814013    10.12764213
  1877    -9.18914506    -5.54724431    -4.02540272    -2.41120357     2.54207135     5.20746201     7.94305648     7.98555366     9.06698446     9.64657021     9.76916082     9.87199768    10.03734778    10.08849964    10.09420357    10.09630780    10.09790287    10.09795184    10.09801670    10.09808467    10.09813941    10.09820035    10.09822067    10.09822910    10.09828586    10.09833529    10.09852251    10.09875899    10.09968756    10.10360391    10.10765194    10.12622780
  1878    -9.18604725    -5.54804180    -4.02609518    -2.41584151     2.53506264     5.18716342     7.96358595     8.01074343     9.06398152     9.65319704     9.76845673     9.87250604    10.03667841    10.08881578    10.09406891    10.09633466    10.09790995    10.09796550    10.09802403    10.09808766    10.09814174    10.09820049    10.09822065    10.09822715    10.09828258    10.09832682    10.09850318    10.09870575    10.09958167    10.10323894    10.10714934    10.12475639
  1879    -9.18302455    -5.54891914    -4.02641285    -2.42042795     2.52814456     5.16683992     7.98371378     8.03552456     9.06134080     9.65992079     9.76770165     9.87304313    10.03597172    10.08915515    10.09391450    10.09635537    10.09791721    10.09797898    10.09803170    10.09809122    10.09814437    10.09820054    10.09821987    10.09822559    10.09827916    10.09831836    10.09848329    10.09865357    10.09947497    10.10286041    10.10663344    10.12323270
  1880    -9.18007905    -5.54987043    -4.02636038    -2.42496259     2.52131753     5.14650037     8.00343660     8.05985920     9.05908379     9.66672925     9.76689856     9.87361147    10.03522896    10.08951598    10.09373916    10.09636884    10.09792477    10.09799223    10.09803972    10.09809537    10.09814731    10.09820052    10.09821812    10.09822471    10.09827559    10.09830996    10.09846290    10.09860331    10.09936797    10.10247074    10.10610544    10.12166159
  1881    -9.17721288    -5.55088964    -4.02594269    -2.42944512     2.51458199     5.12615296     8.02275163     8.08370928     9.05723269     9.67360954     9.76605073     9.87421398    10.03445148    10.08989602    10.09354189    10.09637378    10.09793270    10.09800521    10.09804812    10.09810011    10.09815055    10.09820041    10.09821578    10.09822426    10.09827185    10.09830164    10.09844205    10.09855576    10.09926115    10.10207291    10.10556659    10.12004793
  1882    -9.17442825    -5.55197063    -4.02516500    -2.43387526     2.50793835     5.10580516     8.04165662     8.10703659     9.05581035     9.68054814     9.76516172     9.87485397    10.03364076    10.09029228    10.09332210    10.09636875    10.09794109    10.09801791    10.09805693    10.09810545    10.09815407    10.09820019    10.09821331    10.09822395    10.09826791    10.09829343    10.09842080    10.09851155    10.09915503    10.10167051    10.10501821    10.11839662
  1883    -9.17172746    -5.55310714    -4.02403279    -2.43825271     2.50138706     5.08546381     8.06014987     8.12980286     9.05484012     9.68753084     9.76423539     9.87553524    10.03279838    10.09070043    10.09307995    10.09635227    10.09794996    10.09803035    10.09806621    10.09811140    10.09815788    10.09819985    10.09821102    10.09822363    10.09826377    10.09828538    10.09839924    10.09847113    10.09905017    10.10126789    10.10446166    10.11671258
  1884    -9.16911284    -5.55429284    -4.02255177    -2.44257720     2.49492855     5.06513516     8.07823023     8.15196993     9.05434564     9.69454274     9.76327587     9.87626212    10.03192602    10.09111305    10.09281775    10.09632309    10.09795929    10.09804256    10.09807602    10.09811796    10.09816196    10.09819937    10.09820912    10.09822324    10.09825942    10.09827752    10.09837748    10.09843471    10.09894717    10.10087021    10.10389830    10.11500077
  1885    -9.16658683    -5.55552133    -4.02072789    -2.44684848     2.48856325     5.04482486     8.09589703     8.17349994     9.05435064     9.70156823     9.76228759     9.87703952    10.03102546    10.09151227    10.09254663    10.09628089    10.09796896    10.09805466    10.09808643    10.09812512    10.09816631    10.09819881    10.09820777    10.09822276    10.09825487    10.09826991    10.09835577    10.09840223    10.09884674    10.10048342    10.10332956    10.11326617
  1886    -9.16415187    -5.55678619    -4.01856728    -2.45106627     2.48229162     5.02453805     8.11315008     8.19435563     9.05487855     9.70859093     9.76127524     9.87787305    10.03009856    10.09180946    10.09234561    10.09622760    10.09797871    10.09806686    10.09809753    10.09813289    10.09817090    10.09819830    10.09820697    10.09822219    10.09825015    10.09826257    10.09833450    10.09837333    10.09874973    10.10011401    10.10275687    10.11151387
  1887    -9.16181048    -5.55808093    -4.01607628    -2.45523034     2.47611410     5.00427931     8.12998968     8.21450067     9.05595220     9.71559371     9.76024377     9.87876903    10.02914725    10.09170313    10.09250165    10.09616989    10.09798811    10.09807954    10.09810936    10.09814126    10.09817573    10.09819809    10.09820666    10.09822152    10.09824530    10.09825555    10.09831419    10.09834740    10.09865711    10.09976849    10.10218166    10.10974909
  1888    -9.15956524    -5.55939909    -4.01326137    -2.45934043     2.47003117     4.98405276     8.14641654     8.23390010     9.05759334     9.72255861     9.75919841     9.87973461    10.02817355    10.09136926    10.09281603    10.09612317    10.09799666    10.09809322    10.09812199    10.09815023    10.09818078    10.09819839    10.09820677    10.09822077    10.09824040    10.09824886    10.09829530    10.09832382    10.09857001    10.09945251    10.10160541    10.10797732
  1889    -9.15741874    -5.56073418    -4.01012918    -2.46339632     2.46404328     4.96386206     8.16243178     8.25252074     9.05982216     9.72946683     9.75814460     9.88077780    10.02717954    10.09097689    10.09308569    10.09611527    10.09800393    10.09810846    10.09813542    10.09815978    10.09818605    10.09819936    10.09820725    10.09821994    10.09823555    10.09824249    10.09827808    10.09830210    10.09848966    10.09916981    10.10102962    10.10620462
  1890    -9.15537361    -5.56207976    -4.00668647    -2.46739776     2.45815090     4.94371042     8.17803691     8.27033181     9.06265670     9.73629872     9.75708808     9.88190756    10.02616737    10.09054919    10.09324580    10.09618270    10.09801013    10.09812571    10.09814969    10.09816989    10.09819152    10.09820109    10.09820808    10.09821905    10.09823087    10.09823644    10.09826261    10.09828191    10.09841718    10.09892144    10.10045580    10.10443830
  1891    -9.15343252    -5.56342941    -4.00294009    -2.47134454     2.45235450     4.92360061     8.19323378     8.28730542     9.06611234     9.74303366     9.75603488     9.88313383    10.02513924    10.09009140    10.09326108    10.09634869    10.09801710    10.09814517    10.09816481    10.09818054    10.09819719    10.09820359    10.09820929    10.09821812    10.09822646    10.09823068    10.09824879    10.09826314    10.09835346    10.09870571    10.09988551    10.10268895
  1892    -9.15159816    -5.56477675    -3.99889701    -2.47523643     2.44665458     4.90353505     8.20802456     8.30341715     9.07020111     9.74964937     9.75499210     9.88446751    10.02409742    10.08960568    10.09313242    10.09659096    10.09803133    10.09816677    10.09818078    10.09819168    10.09820305    10.09820685    10.09821088    10.09821717    10.09822238    10.09822523    10.09823644    10.09824575    10.09829888    10.09851896    10.09932035    10.10097766
  1893    -9.14987320    -5.56611549    -3.99456424    -2.47907322     2.44105161     4.88351574     8.22241170     8.31864667     9.07493119     9.75395315     9.75613673     9.88592044    10.02304421    10.08909342    10.09288773    10.09679900    10.09807483    10.09819026    10.09819761    10.09820328    10.09820909    10.09821078    10.09821289    10.09821622    10.09821866    10.09822009    10.09822535    10.09822978    10.09825315    10.09835677    10.09876208    10.09937330
  1894    -9.14826037    -5.56743937    -3.98994887    -2.48285470     2.43554608     4.86354437     8.23639792     8.33297819     9.08030634     9.75295143     9.76244627     9.88750525    10.02198200    10.08855586    10.09255838    10.09654017    10.09821531    10.09821531    10.09821531    10.09821531    10.09821531    10.09821531    10.09821531    10.09821531    10.09821531    10.09821531    10.09821531    10.09821531    10.09821531    10.09821531    10.09821531    10.09821531
  1895    -9.14826037    -5.56743937    -3.98994887    -2.48285470     2.43554608     4.86354437     8.23639792     8.33297819     9.08030634     9.75295143     9.76244627     9.88750525    10.02198200    10.08855586    10.09255838    10.09654017    10.09821531    10.09821531    10.09821531    10.09821531    10.09821531    10.09821531    10.09821531    10.09821531    10.09821531    10.09821531    10.09821531    10.09821531    10.09821531    10.09821531    10.09821531    10.09821531
  1896    -9.14672009    -5.57105104    -3.98308404    -2.48938917     2.42604075     4.82685346     8.25932306     8.35627148     9.09001472     9.75328589     9.77287726     9.89000232    10.02195778    10.08819549    10.09283051    10.09669765    10.09780682    10.09810538    10.09815129    10.09819532    10.09820061    10.09820789    10.09821092    10.09821416    10.09821674    10.09822014    10.09822236    10.09822712    10.09823155    10.09824420    10.09826455    10.09838329
  1897    -9.14525744    -5.57467362    -3.97597412    -2.49587916     2.41657127     4.79017976     8.28224884     8.37943700     9.09979193     9.75365296     9.78274119     9.89278806    10.02194325    10.08780769    10.09298535    10.09657428    10.09761526    10.09803955    10.09810435    10.09817636    10.09818724    10.09820214    10.09820712    10.09821351    10.09821889    10.09822502    10.09823003    10.09823992    10.09825015    10.09828161    10.09832569    10.09864288
  1898    -9.14387055    -5.57830597    -3.96862203    -2.50232430     2.40713719     4.75353404     8.30517087     8.40246904     9.10962927     9.75405700     9.79199913     9.89590043    10.02193946    10.08739689    10.09299093    10.09631174    10.09751777    10.09799092    10.09808794    10.09815919    10.09817531    10.09819797    10.09820399    10.09821354    10.09822184    10.09822996    10.09823834    10.09825398    10.09827084    10.09832708    10.09840105    10.09901634
  1899    -9.14255753    -5.58194685    -3.96103084    -2.50872421     2.39773806     4.71692669     8.32808468     8.42536192     9.11951828     9.75450189     9.80061469     9.89937544    10.02194745    10.08696690    10.09282387    10.09609113    10.09742117    10.09794300    10.09808513    10.09814496    10.09816500    10.09819504    10.09820158    10.09821440    10.09822560    10.09823497    10.09824740    10.09826953    10.09829393    10.09837838    10.09848758    10.09947533
  1900    -9.14131644    -5.58559500    -3.95320377    -2.51507854     2.38837345     4.68036785     8.35098566     8.44811003     9.12945069     9.75499147     9.80855787     9.90324293    10.02196832    10.08652127    10.09249089    10.09596024    10.09732263    10.09789965    10.09807874    10.09813443    10.09815662    10.09819287    10.09819990    10.09821622    10.09823001    10.09824016    10.09825729    10.09828660    10.09832062    10.09843457    10.09858136    10.09998424
  1901    -9.14014534    -5.58924905    -3.94514413    -2.52138694     2.37904294     4.64386733     8.37386912     8.47070776     9.13941844     9.75552955     9.81581007     9.90752142    10.02200312    10.08606348    10.09202832    10.09589806    10.09723045    10.09786307    10.09806671    10.09812641    10.09815037    10.09819108    10.09819889    10.09821897    10.09823479    10.09824569    10.09826808    10.09830485    10.09835290    10.09849561    10.09868055    10.10052099
  1902    -9.13904226    -5.59290761    -3.93685535    -2.52764907     2.36974609     4.60743469     8.39673021     8.49314959     9.14941364     9.75611997     9.82236878     9.91221344    10.02205295    10.08559701    10.09147818    10.09586645    10.09715146    10.09783354    10.09805140    10.09811909    10.09814602    10.09818940    10.09819845    10.09822253    10.09823961    10.09825177    10.09827974    10.09832373    10.09839321    10.09856165    10.09878486    10.10107338
  1903    -9.13800520    -5.59656923    -3.92834100    -2.53386458     2.36048251     4.57107922     8.41956403     8.51543004     9.15942858     9.75676653     9.82825058     9.91730251    10.02211890    10.08512533    10.09087225    10.09583436    10.09709076    10.09781036    10.09803473    10.09811182    10.09814290    10.09818773    10.09819846    10.09822668    10.09824425    10.09825854    10.09829223    10.09834275    10.09844364    10.09863270    10.09889475    10.10163439
  1904    -9.13703215    -5.60023241    -3.91960471    -2.54003314     2.35125178     4.53481000     8.44236553     8.53754370     9.16945572     9.75747304     9.83349104     9.92275316    10.02220207    10.08465199    10.09023084    10.09578315    10.09705086    10.09779234    10.09801769    10.09810467    10.09814044    10.09818601    10.09819886    10.09823118    10.09824869    10.09826608    10.09830551    10.09836164    10.09850557    10.09870856    10.09901097    10.10219974
  1905    -9.13612107    -5.60389565    -3.91065025    -2.54615443     2.34205352     4.49863586     8.46512959     8.55948520     9.17948767     9.75824329     9.83814155     9.92851414    10.02230355    10.08418053    10.08956631    10.09570519    10.09703065    10.09777814    10.09800079    10.09809779    10.09813831    10.09818421    10.09819955    10.09823575    10.09825303    10.09827438    10.09831958    10.09838032    10.09857956    10.09878876    10.09913436    10.10276678
  1906    -9.13526993    -5.60755741    -3.90148146    -2.55222811     2.33288731     4.46256544     8.48785097     8.58124927     9.18951720     9.75908104     9.84226392     9.93452373    10.02242444    10.08371455    10.08888634    10.09560046    10.09702603    10.09776651    10.09798436    10.09809129    10.09813636    10.09818234    10.09820047    10.09824012    10.09825743    10.09828343    10.09833450    10.09839878    10.09866550    10.09887273    10.09926559    10.10333384
  1907    -9.13447666    -5.61121612    -3.89210228    -2.55825388     2.32375278     4.42660718     8.51052434     8.60283070     9.19953723     9.75999003     9.84592433     9.94071577    10.02256583    10.08325767    10.08819590    10.09547269    10.09703187    10.09775639    10.09796861    10.09808523    10.09813454    10.09818040    10.09820156    10.09824409    10.09826201    10.09829321    10.09835032    10.09841702    10.09876276    10.09896002    10.09940511    10.10389990
  1908    -9.13373920    -5.61487022    -3.88251673    -2.56423140     2.31464954     4.39076935     8.53314430     8.62422437     9.20954083     9.76097394     9.84918817     9.94702482    10.02272881    10.08281352    10.08749845    10.09532645    10.09704367    10.09774702    10.09795371    10.09807964    10.09813284    10.09817840    10.09820280    10.09824755    10.09826683    10.09830367    10.09836714    10.09843506    10.09887004    10.09905065    10.09955302    10.10446438
  1909    -9.13305548    -5.61851814    -3.87272892    -2.57016037     2.30557719     4.35506005     8.55570532     8.64542523     9.21952119     9.76203643     9.85211632     9.95338973    10.02291447    10.08238568    10.08679672    10.09516578    10.09705817    10.09773783    10.09793978    10.09807454    10.09813124    10.09817635    10.09820415    10.09825050    10.09827187    10.09831471    10.09838506    10.09845295    10.09898501    10.09914583    10.09970918    10.10502706
  1910    -9.13242341    -5.62215831    -3.86274302    -2.57604048     2.29653536     4.31948725     8.57820181     8.66642834     9.22947165     9.76318106     9.85476323     9.95975558    10.02312390    10.08197761    10.08609322    10.09499395    10.09707327    10.09772847    10.09792691    10.09806994    10.09812977    10.09817426    10.09820559    10.09825301    10.09827708    10.09832622    10.09840419    10.09847072    10.09910307    10.09924914    10.09987328    10.10558790
  1911    -9.13184092    -5.62578916    -3.85256330    -2.58187143     2.28752364     4.28405876     8.60062809     8.68722885     9.23938568     9.76441136     9.85717612     9.96607433    10.02335822    10.08159238    10.08539073    10.09481345    10.09708772    10.09771873    10.09791518    10.09806585    10.09812841    10.09817214    10.09820711    10.09825517    10.09828239    10.09833808    10.09842466    10.09848843    10.09921677    10.09936708    10.10004504    10.10614707
  1912    -9.13130592    -5.62940915    -3.84219407    -2.58765291     2.27854165     4.24878227     8.62297840     8.70782201     9.24925690     9.76573074     9.85939523     9.97230457    10.02361856    10.08123229    10.08469296    10.09462624    10.09710083    10.09770848    10.09790461    10.09806224    10.09812718    10.09816999    10.09820870    10.09825704    10.09828775    10.09835014    10.09844657    10.09850617    10.09932037    10.09950445    10.10022428    10.10670485
  1913    -9.13081634    -5.63301674    -3.83163974    -2.59338462     2.26958900     4.21366537     8.64524691     8.72820316     9.25907905     9.76714255     9.86145437     9.97841075    10.02390609    10.08089793    10.08400562    10.09443393    10.09711227    10.09769770    10.09789520    10.09805912    10.09812607    10.09816784    10.09821034    10.09825869    10.09829315    10.09836229    10.09847003    10.09852406    10.09941462    10.09965940    10.10041111    10.10726161
  1914    -9.13037011    -5.63661042    -3.82090476    -2.59906627     2.26066526     4.17871555     8.66742771     8.74836779     9.26884603     9.76865001     9.86338180     9.98436223    10.02422213    10.08058633    10.08333841    10.09423782    10.09712194    10.09768641    10.09788691    10.09805647    10.09812509    10.09816568    10.09821203    10.09826017    10.09829857    10.09837439    10.09849508    10.09854234    10.09950271    10.09982744    10.10060596    10.10781781
  1915    -9.12996515    -5.64018871    -3.80999367    -2.60469757     2.25177004     4.14394018     8.68951481     8.76831146     9.27855186     9.77025624     9.86520107     9.99013224    10.02456818    10.08028717    10.08270888    10.09403908    10.09712986    10.09767468    10.09787967    10.09805428    10.09812422    10.09816353    10.09821377    10.09826152    10.09830400    10.09838631    10.09852159    10.09856149    10.09958676    10.10000492    10.10080960    10.10837393
  1916    -9.12959942    -5.64375015    -3.79891106    -2.61027821     2.24290291     4.10934659     8.71150218     8.78802990     9.28819074     9.77196418     9.86693182     9.99569680    10.02494610    10.07997662    10.08214875    10.09383877    10.09713614    10.09766261    10.09787341    10.09805252    10.09812346    10.09816141    10.09821556    10.09826278    10.09830945    10.09839794    10.09854878    10.09858267    10.09966784    10.10018897    10.10102313    10.10893053
  1917    -9.12927088    -5.64729332    -3.78766157    -2.61580792     2.23406342     4.07494202     8.73338371     8.80751895     9.29775700     9.77377668     9.86859045    10.00103369    10.02535849    10.07961373    10.08170750    10.09363784    10.09714092    10.09765030    10.09786804    10.09805117    10.09812280    10.09815933    10.09821738    10.09826396    10.09831491    10.09840917    10.09857470    10.09860837    10.09974644    10.10037712    10.10124793    10.10948818
  1918    -9.12897750    -5.65081683    -3.77624992    -2.62128639     2.22525114     4.04073365     8.75515322     8.82677457     9.30724515     9.77569638     9.87019074    10.00612105    10.02580940    10.07915752    10.08143529    10.09343722    10.09714436    10.09763786    10.09786348    10.09805021    10.09812222    10.09815731    10.09821925    10.09826510    10.09832038    10.09841991    10.09859747    10.09864104    10.09982283    10.10056711    10.10148546    10.11004747
  1919    -9.12871726    -5.65431934    -3.76468089    -2.62671335     2.21646560     4.00672860     8.77680451     8.84579289     9.31664986     9.77772574     9.87174433    10.01093527    10.02630603    10.07860090    10.08134895    10.09323783    10.09714665    10.09762539    10.09785964    10.09804960    10.09812172    10.09815536    10.09822114    10.09826621    10.09832588    10.09843008    10.09861773    10.09868079    10.09989714    10.10075699    10.10173712    10.11060901
  1920    -9.12848819    -5.65779953    -3.75295930    -2.63208852     2.20770631     3.97293396     8.79833128     8.86457016     9.32596601     9.77986703     9.87326110    10.01544624    10.02686332    10.07796861    10.08143377    10.09304053    10.09714794    10.09761300    10.09785645    10.09804931    10.09812128    10.09815351    10.09822307    10.09826731    10.09833141    10.09843961    10.09863678    10.09872726    10.09996944    10.10094519    10.10200407    10.11117343
  1921    -9.12828832    -5.66125615    -3.74109006    -2.63741159     2.19897277     3.93935678     8.81972722     8.88310282     9.33518864     9.78212229     9.87474951    10.01960292    10.02751831    10.07728834    10.08167194    10.09284623    10.09714841    10.09760078    10.09785383    10.09804931    10.09812087    10.09815179    10.09822503    10.09826842    10.09833697    10.09844845    10.09865529    10.09878089    10.10003975    10.10113060    10.10228711    10.11174139
  1922    -9.12811570    -5.66468797    -3.72907812    -2.64268230     2.19026447     3.90600406     8.84098595     8.90138743     9.34431302     9.78449334     9.87621689    10.02327962    10.02838434    10.07657877    10.08205381    10.09265586    10.09714821    10.09758880    10.09785175    10.09804956    10.09812048    10.09815020    10.09822701    10.09826955    10.09834257    10.09845658    10.09867354    10.09884284    10.10010809    10.10131260    10.10258673    10.11231354
  1923    -9.12796844    -5.66809382    -3.71692850    -2.64790036     2.18158085     3.87288282     8.86210105     8.91942076     9.35333464     9.78698171     9.87766957    10.02611093    10.02981658    10.07585106    10.08257539    10.09247039    10.09714747    10.09757714    10.09785014    10.09805002    10.09812010    10.09814878    10.09822902    10.09827071    10.09834820    10.09846397    10.09869163    10.09891482    10.10017448    10.10149098    10.10290317    10.11289054
  1924    -9.12784463    -5.67147257    -3.70464628    -2.65306548     2.17292137     3.84000001     8.88306605     8.93719972     9.36224922     9.78958868     9.87911317    10.02775697    10.03214779    10.07511195    10.08323393    10.09229092    10.09714632    10.09756587    10.09784897    10.09805067    10.09811970    10.09814755    10.09823105    10.09827192    10.09835387    10.09847064    10.09870961    10.09899910    10.10023893    10.10166585    10.10323659    10.11347308
  1925    -9.12774244    -5.67482315    -3.69223659    -2.65817740     2.16428542     3.80736260     8.90387443     8.95472145     9.37105273     9.79231521     9.88055263    10.02875892    10.03483377    10.07436585    10.08402428    10.09211876    10.09714489    10.09755504    10.09784820    10.09805146    10.09811926    10.09814653    10.09823309    10.09827318    10.09835958    10.09847660    10.09872746    10.09909870    10.10030148    10.10183753    10.10358717    10.11406185
  1926    -9.12766006    -5.67814452    -3.67970465    -2.66323582     2.15567240     3.77497755     8.92451965     8.97198326     9.37974139     9.79516196     9.88199240    10.02957371    10.03741974    10.07361593    10.08493614    10.09195569    10.09714328    10.09754470    10.09784781    10.09805235    10.09811878    10.09814572    10.09823514    10.09827450    10.09836533    10.09848188    10.09874519    10.09921752    10.10036217    10.10200658    10.10395532    10.11465755
  1927    -9.12759569    -5.68143571    -3.66705573    -2.66824046     2.14708168     3.74285180     8.94499507     8.98898268     9.38831172     9.79812925     9.88343648    10.03033839    10.03977655    10.07286475    10.08595168    10.09180441    10.09714159    10.09753490    10.09784776    10.09805332    10.09811826    10.09814515    10.09823721    10.09827589    10.09837111    10.09848650    10.09876276    10.09936065    10.10042109    10.10217376    10.10434176    10.11526091
  1928    -9.12754762    -5.68469578    -3.65429517    -2.67319106     2.13851259     3.71099231     8.96529401     9.00571749     9.39676051     9.80121706     9.88488854    10.03109488    10.04187608    10.07211456    10.08704324    10.09166990    10.09713990    10.09752567    10.09784804    10.09805433    10.09811768    10.09814480    10.09823928    10.09827735    10.09837692    10.09849050    10.09878013    10.09953455    10.10047845    10.10234014    10.10474776    10.11587262
  1929    -9.12751413    -5.68792385    -3.64142838    -2.67808732     2.12996444     3.67940602     8.98540970     9.02218572     9.40508486     9.80442500     9.88635196    10.03185856    10.04372196    10.07136753    10.08816902    10.09156347    10.09713830    10.09751705    10.09784863    10.09805535    10.09811708    10.09814467    10.09824134    10.09827888    10.09838276    10.09849394    10.09879729    10.09974712    10.10053471    10.10250729    10.10517528    10.11649340
  1930    -9.12749358    -5.69111909    -3.62846083    -2.68292897     2.12143653     3.64809990     9.00533521     9.03838576     9.41328218     9.80775229     9.88782987    10.03263565    10.04533101    10.07062588    10.08925828    10.09151835    10.09713687    10.09750907    10.09784951    10.09805637    10.09811645    10.09814475    10.09824340    10.09828049    10.09838861    10.09849685    10.09881419    10.10000669    10.10059132    10.10267761    10.10562721    10.11712394
  1931    -9.12748435    -5.69428070    -3.61539809    -2.68771573     2.11292813     3.61708089     9.02506341     9.05431637     9.42135020     9.81119776     9.88932523    10.03342845    10.04672623    10.06989196    10.09014883    10.09165412    10.09713568    10.09750175    10.09785067    10.09805735    10.09811581    10.09814501    10.09824546    10.09828218    10.09839448    10.09849929    10.09883081    10.10031602    10.10065531    10.10285507    10.10610768    10.11776487
  1932    -9.12748489    -5.69740794    -3.60224577    -2.69244733     2.10443848     3.58635596     9.04458677     9.06997694     9.42928698     9.81475986     9.89084083    10.03423730    10.04793319    10.06916834    10.09056965    10.09219790    10.09713479    10.09749513    10.09785209    10.09805828    10.09811519    10.09814545    10.09824749    10.09828396    10.09840035    10.09850131    10.09884713    10.10060247    10.10080538    10.10304651    10.10662234    10.11841676
  1933    -9.12749369    -5.70050012    -3.58900959    -2.69712348     2.09596681     3.55593210     9.06389701     9.08536782     9.43709092     9.81843662     9.89237934    10.03506134    10.04897772    10.06845787    10.09063982    10.09299153    10.09713426    10.09748922    10.09785376    10.09805916    10.09811459    10.09814604    10.09824950    10.09828581    10.09840621    10.09850295    10.09886311    10.10070008    10.10120242    10.10326421    10.10717848    10.11908008
  1934    -9.12750928    -5.70355660    -3.57569532    -2.70174391     2.08751233     3.52581626     9.08298421     9.10049120     9.44476074     9.82222565     9.89394332    10.03589886    10.04988446    10.06776375    10.09060564    10.09376205    10.09713416    10.09748405    10.09785566    10.09805996    10.09811403    10.09814677    10.09825149    10.09828773    10.09841205    10.09850427    10.09887874    10.10075341    10.10167568    10.10352968    10.10778479    10.11975510
  1935    -9.12753025    -5.70657675    -3.56230882    -2.70630833     2.07907425     3.49601544     9.10183433     9.11535365     9.45229551     9.82612418     9.89553525    10.03674746    10.05067594    10.06708961    10.09054443    10.09442337    10.09713454    10.09747962    10.09785778    10.09806069    10.09811351    10.09814761    10.09825343    10.09828974    10.09841785    10.09850531    10.09889399    10.10079888    10.10213740    10.10387394    10.10845026    10.12044185
  1936    -9.12755526    -5.70956003    -3.54885605    -2.71081649     2.07065174     3.46653660     9.12042044     9.12997482     9.45969462     9.83012900     9.89715756    10.03760404    10.05137222    10.06643957    10.09047802    10.09496231    10.09713546    10.09747597    10.09786011    10.09806134    10.09811306    10.09814857    10.09825533    10.09829181    10.09842358    10.09850614    10.09890884    10.10084057    10.10252827    10.10431948    10.10918180    10.12114006
  1937    -9.12758300    -5.71250591    -3.53534302    -2.71526808     2.06224400     3.43738673     9.13865871     9.14443155     9.46695780     9.83423654     9.89881260    10.03846481    10.05199081    10.06581834    10.09041432    10.09539073    10.09713697    10.09747310    10.09786265    10.09806192    10.09811266    10.09814962    10.09825718    10.09829394    10.09842924    10.09850680    10.09892328    10.10087949    10.10282834    10.10484965    10.10998114    10.12184905
  1938    -9.12761223    -5.71541391    -3.52177585    -2.71966285     2.05385020     3.40857278     9.15605220     9.15921400     9.47408507     9.83844281     9.90050270    10.03932519    10.05254675    10.06523128    10.09035685    10.09572834    10.09713914    10.09747104    10.09786537    10.09806244    10.09811232    10.09815076    10.09825897    10.09829614    10.09843478    10.09850735    10.09893729    10.10091597    10.10305607    10.10541717    10.11084235    10.12256762
  1939    -9.12764177    -5.71828357    -3.50816074    -2.72400051     2.04546953     3.38010172     9.17110181     9.17581477     9.48107678     9.84274347     9.90223015    10.04017972    10.05305293    10.06468449    10.09030743    10.09599479    10.09714201    10.09746978    10.09786827    10.09806289    10.09811205    10.09815199    10.09826069    10.09829838    10.09844017    10.09850784    10.09895085    10.10095019    10.10323665    10.10598029    10.11175195    10.12329405
  1940    -9.12767050    -5.72111450    -3.49450399    -2.72828080     2.03710120     3.35198047     9.18481411     9.19322106     9.48793353     9.84713382     9.90399722    10.04102195    10.05352043    10.06418480    10.09026710    10.09620664    10.09714565    10.09746935    10.09787135    10.09806328    10.09811183    10.09815329    10.09826233    10.09830066    10.09844538    10.09850836    10.09896396    10.10098221    10.10338736    10.10651635    10.11269184    10.12402600
  1941    -9.12769735    -5.72390632    -3.48081197    -2.73250343     2.02874444     3.32421594     9.19806539     9.21055061     9.49465620     9.85160883     9.90580615    10.04184427    10.05395896    10.06373982    10.09023648    10.09637676    10.09715012    10.09746976    10.09787458    10.09806363    10.09811169    10.09815465    10.09826390    10.09830298    10.09845034    10.09850895    10.09897658    10.10101207    10.10351818    10.10701703    10.11364316    10.12476054
  1942    -9.12772131    -5.72665869    -3.46709116    -2.73666813     2.02039850     3.29681499     9.21098871     9.22766467     9.50124592     9.85616316     9.90765916    10.04263787    10.05437733    10.06335769    10.09021596    10.09651482    10.09715549    10.09747101    10.09787797    10.09806394    10.09811160    10.09815608    10.09826538    10.09830531    10.09845500    10.09850971    10.09898871    10.10103978    10.10363479    10.10748143    10.11458935    10.12549422
  1943    -9.12774145    -5.72937130    -3.45334811    -2.74077464     2.01206269     3.26978444     9.22361475     9.24452716     9.50770402     9.86079120     9.90955844    10.04339269    10.05478401    10.06304689    10.09020579    10.09662800    10.09716182    10.09747312    10.09788150    10.09806422    10.09811158    10.09815758    10.09826677    10.09830765    10.09845928    10.09851071    10.09900034    10.10106535    10.10374051    10.10791155    10.11551751    10.12622321
  1944    -9.12775690    -5.73204387    -3.43958950    -2.74482268     2.00373634     3.24313106     9.23595456     9.26112195     9.51403203     9.86548708     9.91150619    10.04409765    10.05518761    10.06281563    10.09020610    10.09672159    10.09716918    10.09747608    10.09788517    10.09806448    10.09811163    10.09815912    10.09826806    10.09830999    10.09846310    10.09851205    10.09901145    10.10108876    10.10383741    10.10831003    10.11641852    10.12694339
  1945    -9.12776683    -5.73467615    -3.42582207    -2.74881198     1.99541887     3.21686153     9.24801357     9.27743877     9.52023164     9.87024472     9.91350456    10.04474118    10.05559725    10.06267122    10.09021696    10.09679956    10.09717763    10.09747991    10.09788897    10.09806472    10.09811174    10.09816072    10.09826926    10.09831230    10.09846641    10.09851379    10.09902202    10.10111001    10.10392681    10.10867923    10.11728655    10.12765062
  1946    -9.12777050    -5.73726791    -3.41205267    -2.75274227     1.98710979     3.19098246     9.25979527     9.29346971     9.52630468     9.87505783     9.91555567    10.04531218    10.05602247    10.06261925    10.09023839    10.09686490    10.09718721    10.09748458    10.09789290    10.09806495    10.09811193    10.09816236    10.09827036    10.09831458    10.09846913    10.09851599    10.09903203    10.10112908    10.10400962    10.10902092    10.11811829    10.12834086
  1947    -9.12776722    -5.73981895    -3.39828824    -2.75661329     1.97880866     3.16550037     9.27130233     9.30920790     9.53225307     9.87992001     9.91766162    10.04580138    10.05647267    10.06266296    10.09027033    10.09691990    10.09719793    10.09749009    10.09789694    10.09806518    10.09811219    10.09816403    10.09827137    10.09831681    10.09847127    10.09851867    10.09904147    10.10114593    10.10408649    10.10933634    10.11891222    10.12901038
  1948    -9.12775637    -5.74232908    -3.38453582    -2.76042478     1.97051518     3.14042165     9.28253715     9.32464715     9.53807882     9.88482468     9.91982445    10.04620295    10.05695598    10.06280288    10.09031271    10.09696640    10.09720977    10.09749643    10.09790111    10.09806541    10.09811253    10.09816575    10.09827227    10.09831897    10.09847284    10.09852179    10.09905031    10.10116055    10.10415793    10.10962619    10.11966802    10.12965587
  1949    -9.12773739    -5.74479815    -3.37080255    -2.76417646     1.96222917     3.11575257     9.29350203     9.33978167     9.54378399     9.88976520     9.92204617    10.04651574    10.05747795    10.06303694    10.09036542    10.09700591    10.09722261    10.09750356    10.09790538    10.09806566    10.09811296    10.09816749    10.09827307    10.09832106    10.09847389    10.09852531    10.09905854    10.10117289    10.10422432    10.10989083    10.12038609    10.13027450
  1950    -9.12770978    -5.74722602    -3.35709565    -2.76786809     1.95395057     3.09149924     9.30419933     9.35460604     9.54937064     9.89473485     9.92432873    10.04674373    10.05804071    10.06336091    10.09042830    10.09703974    10.09723628    10.09751145    10.09790975    10.09806592    10.09811347    10.09816925    10.09827378    10.09832306    10.09847449    10.09852915    10.09906611    10.10118291    10.10428600    10.11013029    10.12106720    10.13086398
  1951    -9.12767312    -5.74961256    -3.34342243    -2.77149939     1.94567950     3.06766762     9.31463143     9.36911512     9.55484085     9.89972688     9.92667399    10.04689555    10.05864294    10.06376905    10.09050119    10.09706902    10.09725054    10.09752006    10.09791423    10.09806621    10.09811407    10.09817103    10.09827439    10.09832496    10.09847471    10.09853323    10.09907302    10.10119059    10.10434325    10.11034444    10.12171227    10.13142256
  1952    -9.12762704    -5.75195766    -3.32979032    -2.77507012     1.93741625     3.04426348     9.32480084     9.38330408     9.56019665     9.90473449     9.92908378    10.04698307    10.05928073    10.06425462    10.09058389    10.09709475    10.09726513    10.09752934    10.09791880    10.09806653    10.09811476    10.09817281    10.09827490    10.09832674    10.09847461    10.09853747    10.09907923    10.10119586    10.10439635    10.11053299    10.12232220    10.13194895
  1953    -9.12757124    -5.75426123    -3.31620680    -2.77858003     1.92916129     3.02129237     9.33471018     9.39716838     9.56544004     9.90975086     9.93155985    10.04701985    10.05994886    10.06481026    10.09067616    10.09711780    10.09727980    10.09753923    10.09792347    10.09806689    10.09811554    10.09817460    10.09827532    10.09832840    10.09847424    10.09854181    10.09908470    10.10119868    10.10444552    10.11069559    10.12289779    10.13244230
  1954    -9.12750547    -5.75652318    -3.30267947    -2.78202885     1.92091535     2.99875963     9.34436216     9.41070382     9.57057292     9.91476915     9.93410391    10.04701969    10.06064204    10.06542819    10.09077775    10.09713889    10.09729434    10.09754967    10.09792822    10.09806730    10.09811641    10.09817638    10.09827566    10.09832991    10.09847364    10.09854620    10.09908940    10.10119899    10.10449100    10.11083185    10.12343972    10.13290213
  1955    -9.12742955    -5.75874344    -3.28921601    -2.78541635     1.91267934     2.97667035     9.35375962     9.42390652     9.57559711     9.91978245     9.93671764    10.04699568    10.06135573    10.06610038    10.09088838    10.09715859    10.09730859    10.09756061    10.09793304    10.09806777    10.09811738    10.09817815    10.09827590    10.09833129    10.09847285    10.09855058    10.09909330    10.10119674    10.10453300    10.11094140    10.12394850    10.13332819
  1956    -9.12734337    -5.76092195    -3.27582416    -2.78874227     1.90445447     2.95502935     9.36290550     9.43677295     9.58051435     9.92478367     9.93940283    10.04695965    10.06208658    10.06681867    10.09100776    10.09717735    10.09732246    10.09757199    10.09793795    10.09806832    10.09811844    10.09817990    10.09827606    10.09833251    10.09847186    10.09855494    10.09909636    10.10119188    10.10457171    10.11102391    10.12442450    10.13372047
  1957    -9.12724687    -5.76305865    -3.26251177    -2.79200639     1.89624221     2.93384114     9.37180282     9.44930000     9.58532622     9.92976537     9.94216155    10.04692204    10.06283242    10.06757499    10.09113555    10.09719551    10.09733589    10.09758376    10.09794292    10.09806895    10.09811959    10.09818162    10.09827614    10.09833356    10.09847071    10.09855923    10.09909853    10.10118433    10.10460733    10.11107913    10.12486794    10.13407905
  1958    -9.12714003    -5.76515349    -3.24928676    -2.79520845     1.88804432     2.91310996     9.38045471     9.46148494     9.59003421     9.93471934     9.94499651    10.04689184    10.06359206    10.06836154    10.09127140    10.09721332    10.09734888    10.09759587    10.09794795    10.09806967    10.09812083    10.09818332    10.09827614    10.09833445    10.09846939    10.09856342    10.09909978    10.10117403    10.10464003    10.11110691    10.12527896    10.13440403
  1959    -9.12702292    -5.76720643    -3.23615709    -2.79834823     1.87986289     2.89283968     9.38886438     9.47332552     9.59463966     9.93963568     9.94791207    10.04687677    10.06436499    10.06917098    10.09141494    10.09723098    10.09736144    10.09760829    10.09795303    10.09807050    10.09812216    10.09818498    10.09827606    10.09833517    10.09846791    10.09856751    10.09910006    10.10116094    10.10466993    10.11110721    10.12565760    10.13469551
  1960    -9.12689565    -5.76921743    -3.22313084    -2.80142549     1.87170034     2.87303384     9.39703509     9.48481993     9.59914377     9.94450047     9.95091643    10.04688342    10.06515108    10.06999662    10.09156575    10.09724861    10.09737359    10.09762098    10.09795815    10.09807145    10.09812357    10.09818660    10.09827590    10.09833571    10.09846627    10.09857145    10.09909933    10.10114499    10.10469718    10.11108014    10.12600384    10.13495353
  1961    -9.12675838    -5.77118646    -3.21021611    -2.80444001     1.86355943     2.85369561     9.40497018     9.49596689     9.60354761     9.94928947     9.95402802    10.04691741    10.06595038    10.07083243    10.09172340    10.09726630    10.09738537    10.09763391    10.09796331    10.09807253    10.09812506    10.09818818    10.09827567    10.09833607    10.09846447    10.09857525    10.09909755    10.10112613    10.10472183    10.11102596    10.12631762    10.13517796
  1962    -9.12661133    -5.77311347    -3.19742108    -2.80739156     1.85544330     2.83482777     9.41267302     9.50676562     9.60785210     9.95394890     9.95729469    10.04698354    10.06676290    10.07167311    10.09188743    10.09728412    10.09739682    10.09764708    10.09796850    10.09807375    10.09812662    10.09818970    10.09827537    10.09833625    10.09846251    10.09857888    10.09909467    10.10110430    10.10474393    10.11094510    10.12659886    10.13536857
  1963    -9.12645476    -5.77499845    -3.18475398    -2.81027993     1.84735545     2.81643269     9.42014703     9.51721591     9.61205804     9.95834689     9.96084218    10.04708592    10.06758856    10.07251408    10.09205736    10.09730210    10.09740799    10.09766045    10.09797369    10.09807512    10.09812826    10.09819118    10.09827499    10.09833624    10.09846037    10.09858231    10.09909066    10.10107948    10.10476345    10.11083816    10.12684744    10.13552493
  1964    -9.12628898    -5.77684135    -3.17222308    -2.81310490     1.83929978     2.79851234     9.42739565     9.52731811     9.61616607     9.96230677     9.96484092    10.04722806    10.06842709    10.07335137    10.09223266    10.09732025    10.09741892    10.09767402    10.09797890    10.09807665    10.09812998    10.09819260    10.09827454    10.09833606    10.09845807    10.09858555    10.09908548    10.10105161    10.10478031    10.11070593    10.12706325    10.13564645
  1965    -9.12611437    -5.77864214    -3.15983668    -2.81586626     1.83128060     2.78106826     9.43442232     9.53707315     9.62017674     9.96592086     9.96919211    10.04741294    10.06927804    10.07418167    10.09241280    10.09733853    10.09742968    10.09768778    10.09798410    10.09807835    10.09813176    10.09819397    10.09827402    10.09833569    10.09845559    10.09858856    10.09907910    10.10102069    10.10479432    10.11054940    10.12724617    10.13573233
  1966    -9.12593132    -5.78040080    -3.14760314    -2.81856380     1.82330261     2.76410155     9.44123050     9.54648254     9.62409045     9.96941500     9.97366336    10.04764309    10.07014077    10.07500219    10.09259719    10.09735691    10.09744035    10.09770172    10.09798928    10.09808022    10.09813361    10.09819528    10.09827342    10.09833515    10.09845293    10.09859134    10.09907149    10.10098670    10.10480521    10.11036976    10.12739604    10.13578162
  1967    -9.12574028    -5.78211728    -3.13553082    -2.82119733     1.81537092     2.74761289     9.44782364     9.55554843     9.62790750     9.97289523     9.97814180    10.04792065    10.07101444    10.07581064    10.09278524    10.09737528    10.09745103    10.09771583    10.09799444    10.09808227    10.09813553    10.09819653    10.09827275    10.09833443    10.09845008    10.09859385    10.09906263    10.10094963    10.10481259    10.11016840    10.12751272    10.13579321
  1968    -9.12554174    -5.78379155    -3.12362811    -2.82376664     1.80749104     2.73160248     9.45420515     9.56427351     9.63162810     9.97639726     9.98258479    10.04824736    10.07189800    10.07660518    10.09297632    10.09739350    10.09746188    10.09773010    10.09799958    10.09808449    10.09813752    10.09819773    10.09827201    10.09833353    10.09844705    10.09859609    10.09905251    10.10090951    10.10481590    10.10994694    10.12759601    10.13576586
  1969    -9.12533621    -5.78542356    -3.11190340    -2.82627155     1.79966890     2.71607013     9.46037843     9.57266108     9.63525235     9.97993276     9.98697356    10.04862462    10.07279025    10.07738437    10.09316980    10.09741133    10.09747313    10.09774453    10.09800467    10.09808689    10.09813956    10.09819887    10.09827120    10.09833247    10.09844383    10.09859802    10.09904113    10.10086636    10.10481443    10.10970721    10.12764569    10.13569822
  1970    -9.12512427    -5.78701329    -3.10036508    -2.82871187     1.79191080     2.70101516     9.46634682     9.58071503     9.63878030     9.98350455     9.99129801    10.04905352    10.07368982    10.07814716    10.09336501    10.09742842    10.09748513    10.09775910    10.09800973    10.09808947    10.09814168    10.09819995    10.09827031    10.09833125    10.09844042    10.09859963    10.09902848    10.10082024    10.10480724    10.10945130    10.12766148    10.13558883
  1971    -9.12490649    -5.78856068    -3.08902153    -2.83108742     1.78422345     2.68643651     9.47211364     9.58843977     9.64221192     9.98711165     9.99555176    10.04953481    10.07459516    10.07889282    10.09356128    10.09744435    10.09749829    10.09777380    10.09801475    10.09809220    10.09814385    10.09820098    10.09826935    10.09832987    10.09843681    10.09860089    10.09901459    10.10077118    10.10479315    10.10918158    10.12764307    10.13543621
  1972    -9.12468351    -5.79006569    -3.07788112    -2.83339801     1.77661393     2.67233265     9.47768211     9.59584022     9.64554712     9.99075110     9.99973028    10.05006894    10.07550456    10.07962100    10.09375794    10.09745871    10.09751299    10.09778862    10.09801973    10.09809509    10.09814608    10.09820196    10.09826832    10.09832833    10.09843301    10.09860175    10.09899948    10.10071929    10.10477067    10.10890069    10.12759005    10.13523885
  1973    -9.12445595    -5.79152826    -3.06695217    -2.83564348     1.76908964     2.65870170     9.48305541     9.60292182     9.64878576     9.99441886    10.00383011    10.05065604    10.07641616    10.08033160    10.09395430    10.09747131    10.09752941    10.09780354    10.09802468    10.09809811    10.09814838    10.09820288    10.09826722    10.09832665    10.09842902    10.09860220    10.09898320    10.10066463    10.10473796    10.10861163    10.12750198    10.13499522
  1974    -9.12422450    -5.79294833    -3.05624299    -2.83782367     1.76165835     2.64554133     9.48823663     9.60969041     9.65192770     9.99811012    10.00784847    10.05129597    10.07732791    10.08102490    10.09414969    10.09748227    10.09754740    10.09781855    10.09802959    10.09810125    10.09815073    10.09820376    10.09826604    10.09832482    10.09842483    10.09860217    10.09896582    10.10060731    10.10469277    10.10831777    10.12737833    10.13470383
  1975    -9.12398984    -5.79432586    -3.04576180    -2.83993840     1.75432812     2.63284888     9.49322880     9.61615224     9.65497275    10.00181958    10.01178311    10.05198823    10.07823756    10.08170149    10.09434347    10.09749187    10.09756666    10.09783362    10.09803449    10.09810450    10.09815315    10.09820459    10.09826480    10.09832286    10.09842045    10.09860163    10.09894739    10.10054745    10.10463241    10.10802284    10.12721847    10.13436326
  1976    -9.12375269    -5.79566077    -3.03551679    -2.84198753     1.74710728     2.62062135     9.49803484     9.62231393     9.65792072    10.00554162    10.01563220    10.05273207    10.07914261    10.08236230    10.09453499    10.09750042    10.09758685    10.09784874    10.09803938    10.09810782    10.09815562    10.09820537    10.09826349    10.09832078    10.09841587    10.09860051    10.09892804    10.10048517    10.10455379    10.10773095    10.12702172    10.13397213
  1977    -9.12351376    -5.79695300    -3.02551604    -2.84397090     1.74000444     2.60885538     9.50265757     9.62818236     9.66077141    10.00927032    10.01939423    10.05352638    10.08004029    10.08300870    10.09472365    10.09750814    10.09760773    10.09786387    10.09804426    10.09811120    10.09815814    10.09820612    10.09826211    10.09831857    10.09841109    10.09859874    10.09890786    10.10042060    10.10445351    10.10744640    10.12678731    10.13352919
  1978    -9.12327379    -5.79820249    -3.01576758    -2.84588837     1.73302838     2.59754735     9.50709974     9.63376465     9.66352464    10.01299966    10.02306804    10.05436976    10.08092740    10.08364255    10.09490889    10.09751519    10.09762910    10.09787900    10.09804916    10.09811462    10.09816071    10.09820682    10.09826068    10.09831625    10.09840612    10.09859624    10.09888701    10.10035387    10.10432823    10.10717338    10.12651438    10.13303326
  1979    -9.12303354    -5.79940915    -3.00627932    -2.84773979     1.72618810     2.58669336     9.51136398     9.63906813     9.66618023    10.01672348    10.02665270    10.05526048    10.08180028    10.08426631    10.09509020    10.09752168    10.09765083    10.09789410    10.09805408    10.09811806    10.09816333    10.09820748    10.09825918    10.09831383    10.09840095    10.09859291    10.09886564    10.10028514    10.10417510    10.10691549    10.12620199    10.13248331
  1980    -9.12279374    -5.80057292    -2.99705906    -2.84952504     1.71949274     2.57628928     9.51545281     9.64410022     9.66873803    10.02043563    10.03014756    10.05619652    10.08265454    10.08488325    10.09526709    10.09752767    10.09767281    10.09790914    10.09805905    10.09812149    10.09816598    10.09820811    10.09825763    10.09831130    10.09839558    10.09858862    10.09884394    10.10021455    10.10399249    10.10667504    10.12584914    10.13187844
  1981    -9.12255516    -5.80169372    -2.98811447    -2.85124398     1.71295151     2.56633077     9.51936865     9.64886845     9.67119791    10.02412997    10.03355218    10.05717554    10.08348500    10.08549752    10.09543917    10.09753324    10.09769497    10.09792410    10.09806405    10.09812490    10.09816865    10.09820870    10.09825603    10.09830868    10.09839002    10.09858326    10.09882213    10.10014224    10.10378047    10.10645251    10.12545472    10.13121790
  1982    -9.12231856    -5.80277147    -2.97945308    -2.85289648     1.70657372     2.55681335     9.52311381     9.65338034     9.67355978    10.02780045    10.03686628    10.05819494    10.08428564    10.08611425    10.09560607    10.09753840    10.09771723    10.09793893    10.09806912    10.09812829    10.09817135    10.09820926    10.09825439    10.09830597    10.09838425    10.09857666    10.09880043    10.10006836    10.10354108    10.10624635    10.12501757    10.13050109
  1983    -9.12208468    -5.80380608    -2.97108228    -2.85448243     1.70036870     2.54773237     9.52669050     9.65764339     9.67582357    10.03144117    10.04008968    10.05925189    10.08505003    10.08673905    10.09576750    10.09754319    10.09773954    10.09795362    10.09807426    10.09813164    10.09817404    10.09820979    10.09825270    10.09830318    10.09837829    10.09856868    10.09877908    10.09999306    10.10327801    10.10605330    10.12453645    10.12972756
  1984    -9.12185427    -5.80479748    -2.96300928    -2.85600172     1.69434575     2.53908310     9.53010079     9.66166501     9.67798926    10.03504635    10.04322224    10.06034344    10.08577258    10.08737680    10.09592324    10.09754764    10.09776184    10.09796812    10.09807947    10.09813494    10.09817673    10.09821028    10.09825098    10.09830032    10.09837212    10.09855917    10.09875831    10.09991647    10.10299599    10.10586895    10.12401005    10.12889705
  1985    -9.12162808    -5.80574558    -2.95524113    -2.85745422     1.68851414     2.53086073     9.53334667     9.66545252     9.68005684    10.03861045    10.04626364    10.06146664    10.08645054    10.08802968    10.09607312    10.09755178    10.09778409    10.09798242    10.09808476    10.09813820    10.09817939    10.09821075    10.09824922    10.09829738    10.09836573    10.09854803    10.09873830    10.09983874    10.10270009    10.10568852    10.12343698    10.12800946
  1986    -9.12140684    -5.80665029    -2.94778466    -2.85883985     1.68288300     2.52306044     9.53643000     9.66901305     9.68202637    10.04212813    10.04921317    10.06261879    10.08708548    10.08869565    10.09621703    10.09755564    10.09780624    10.09799647    10.09809013    10.09814141    10.09818200    10.09821118    10.09824744    10.09829437    10.09835914    10.09853522    10.09871915    10.09975999    10.10239524    10.10550730    10.12281580    10.12706484
  1987    -9.12119127    -5.80751153    -2.94064652    -2.86015850     1.67746136     2.51567739     9.53935255     9.67235354     9.68389792    10.04559424    10.05206932    10.06379789    10.08768301    10.08936876    10.09635492    10.09755925    10.09782825    10.09801025    10.09809559    10.09814459    10.09818456    10.09821159    10.09824564    10.09829130    10.09835233    10.09852078    10.09870086    10.09968035    10.10208594    10.10532100    10.12214501    10.12606345
  1988    -9.12098205    -5.80832922    -2.93383312    -2.86141008     1.67225806     2.50870677     9.54211596     9.67548071     9.68567160    10.04900385    10.05482909    10.06500334    10.08825078    10.09004119    10.09648680    10.09756266    10.09785006    10.09802371    10.09810115    10.09814774    10.09818703    10.09821196    10.09824381    10.09828817    10.09834530    10.09850486    10.09868332    10.09959994    10.10177618    10.10512582    10.12142302    10.12500570
  1989    -9.12077989    -5.80910327    -2.92735065    -2.86259450     1.66728173     2.50214384     9.54472178     9.67840101     9.68734757    10.05235209    10.05748681    10.06623722    10.08879653    10.09070512    10.09661272    10.09756594    10.09787165    10.09803684    10.09810679    10.09815087    10.09818941    10.09821230    10.09824196    10.09828497    10.09833805    10.09848771    10.09866627    10.09951886    10.10146945    10.10491848    10.12064820    10.12389218
  1990    -9.12058542    -5.80983361    -2.92120503    -2.86371168     1.66254075     2.49598396     9.54717145     9.68112063     9.68892598    10.05563392    10.06003238    10.06750637    10.08932706    10.09135382    10.09673275    10.09756920    10.09789296    10.09804959    10.09811253    10.09815400    10.09819168    10.09821261    10.09824010    10.09828171    10.09833058    10.09846964    10.09864939    10.09943722    10.10116880    10.10469614    10.11981884    10.12272368
  1991    -9.12039930    -5.81052014    -2.91540196    -2.86476154     1.65804319     2.49022259     9.54946632     9.68364544     9.69040704    10.05884340    10.06244864    10.06882572    10.08984802    10.09198183    10.09684700    10.09757258    10.09791397    10.09806193    10.09811836    10.09815715    10.09819382    10.09821289    10.09823821    10.09827839    10.09832289    10.09845096    10.09863226    10.09935510    10.10087691    10.10445640    10.11893316    10.12150117
  1992    -9.12022214    -5.81116279    -2.90994683    -2.86574400     1.65379684     2.48485536     9.55160762     9.68598100     9.69179096    10.06197108    10.06471021    10.07022208    10.09036407    10.09258472    10.09695557    10.09757633    10.09793461    10.09807383    10.09812429    10.09816032    10.09819582    10.09821313    10.09823630    10.09827501    10.09831499    10.09843200    10.09861444    10.09927260    10.10059618    10.10419720    10.11798930    10.12022583
  1993    -9.12005451    -5.81176149    -2.90484476    -2.86665899     1.64980910     2.47987805     9.55359651     9.68813256     9.69307797    10.06499147    10.06679626    10.07173398    10.09087909    10.09315890    10.09705853    10.09758084    10.09795486    10.09808525    10.09813033    10.09816354    10.09819766    10.09821335    10.09823436    10.09827156    10.09830689    10.09841303    10.09859543    10.09918978    10.10032875    10.10391682    10.11698524    10.11889910
  1994    -9.11989696    -5.81231616    -2.90010059    -2.86750647     1.64608702     2.47528664     9.55543403     9.69010500     9.69426832    10.06776323    10.06880475    10.07339722    10.09139631    10.09370135    10.09715584    10.09758672    10.09797468    10.09809617    10.09813649    10.09816683    10.09819933    10.09821354    10.09823238    10.09826803    10.09829863    10.09839430    10.09857476    10.09910675    10.10007652    10.10361386    10.11591880    10.11752271
  1995    -9.11975002    -5.81282673    -2.89571882    -2.86828635     1.64263721     2.47107733     9.55712115     9.69190287     9.69536225    10.06975142    10.07125793    10.07521725    10.09191838    10.09420940    10.09724726    10.09759504    10.09799401    10.09810656    10.09814277    10.09817020    10.09820081    10.09821370    10.09823037    10.09826441    10.09829025    10.09837599    10.09855190    10.09902364    10.09984115    10.10328720    10.11478744    10.11609888
  1996    -9.11961418    -5.81329314    -2.89170365    -2.86899860     1.63946588     2.46724656     9.55865874     9.69353036     9.69636003    10.07113954    10.07399876    10.07716073    10.09244744    10.09468057    10.09733214    10.09760758    10.09801281    10.09811641    10.09814920    10.09817365    10.09820208    10.09821384    10.09822832    10.09826070    10.09828181    10.09835824    10.09852638    10.09894063    10.09962395    10.10293603    10.11358803    10.11463060
  1997    -9.11948987    -5.81371532    -2.88805895    -2.86964316     1.63657875     2.46379101     9.56004758     9.69499130     9.69726189    10.07227223    10.07672426    10.07917953    10.09298499    10.09511237    10.09740921    10.09762724    10.09803104    10.09812576    10.09815578    10.09817720    10.09820312    10.09821397    10.09822625    10.09825688    10.09827342    10.09834111    10.09849777    10.09885806    10.09942576    10.10255984    10.11231617    10.11312227
  1998    -9.11937752    -5.81409322    -2.88478826    -2.87022000     1.63398106     2.46070763     9.56128839     9.69628916     9.69806808    10.07323421    10.07938360    10.08123372    10.09353192    10.09550209    10.09747695    10.09765795    10.09804864    10.09813467    10.09816248    10.09818084    10.09820389    10.09821410    10.09822417    10.09825293    10.09826516    10.09832465    10.09846586    10.09877645    10.09924667    10.10215846    10.11096508    10.11158087
  1999    -9.11927749    -5.81442679    -2.88189475    -2.87072906     1.63167758     2.45799366     9.56238178     9.69742703     9.69877883    10.07405859    10.08196439    10.08329692    10.09408834    10.09584657    10.09753616    10.09770235    10.09806556    10.09814328    10.09816927    10.09818456    10.09820438    10.09821423    10.09822216    10.09824883    10.09825719    10.09830884    10.09843080    10.09869649    10.09908578    10.10173206    10.10952495    10.11001680
  2000    -9.11919012    -5.81471598    -2.87938125    -2.87117031     1.62967254     2.45564665     9.56332831     9.69840766     9.69939434    10.07476136    10.08446093    10.08535331    10.09465355    10.09614228    10.09759338    10.09775860    10.09808175    10.09815176    10.09817608    10.09818833    10.09820457    10.09821437    10.09822029    10.09824456    10.09824965    10.09829364    10.09839336    10.09861892    10.09894100    10.10128120    10.10798860    10.10843824
  2001    -9.11911569    -5.81496075    -2.87725023    -2.87154373     1.62796962     2.45366442     9.56412843     9.69923342     9.69991481    10.07535049    10.08686754    10.08739453    10.09522589    10.09638616    10.09765885    10.09782179    10.09809722    10.09816035    10.09818281    10.09819212    10.09820459    10.09821452    10.09821869    10.09824004    10.09824269    10.09827899    10.09835505    10.09854421    10.09880917    10.10080682    10.10636533    10.10683785
  2002    -9.11905445    -5.81516107    -2.87550379    -2.87184929     1.62657199     2.45204513     9.56478255     9.69990631     9.70034041    10.07582996    10.08916845    10.08942390    10.09580206    10.09657908    10.09774062    10.09788776    10.09811213    10.09816934    10.09818935    10.09819589    10.09820477    10.09821468    10.09821743    10.09823510    10.09823656    10.09826486    10.09831798    10.09847238    10.09868639    10.10031034    10.10467776    10.10519678
  2003    -9.11900661    -5.81531690    -2.87414365    -2.87208697     1.62548223     2.45078728     9.56529098     9.70042797     9.70067128    10.07620174    10.09129373    10.09149296    10.09637154    10.09673707    10.09784040    10.09795388    10.09812719    10.09817898    10.09819548    10.09819975    10.09820572    10.09821483    10.09821653    10.09822972    10.09823125    10.09825124    10.09828433    10.09840310    10.09856862    10.09979368    10.10294771    10.10350151
  2004    -9.11897233    -5.81542822    -2.87317116    -2.87225676     1.62470238     2.44988966     9.56565397     9.70079967     9.70090754    10.07646684    10.09323867    10.09355704    10.09679658    10.09702568    10.09795126    10.09801954    10.09814484    10.09818954    10.09820098    10.09820430    10.09820798    10.09821499    10.09821593    10.09822452    10.09822609    10.09823820    10.09825575    10.09833622    10.09845222    10.09925959    10.10120000    10.10174938
  2005    -9.11895171    -5.81549502    -2.87258728    -2.87235863     1.62423389     2.44935143     9.56587169     9.70102233     9.70104925    10.07662574    10.09502335    10.09535081    10.09709976    10.09757843    10.09804893    10.09810117    10.09817166    10.09820137    10.09820699    10.09820971    10.09821132    10.09821513    10.09821555    10.09821972    10.09822079    10.09822600    10.09823291    10.09827254    10.09833460    10.09871377    10.09950193    10.09995554
  2006    -9.11894483    -5.81551729    -2.87239259    -2.87239259     1.62407763     2.44917208     9.56594425     9.70109649     9.70109649    10.07667868    10.09607011    10.09607011    10.09821531    10.09821531    10.09821531    10.09821531    10.09821531    10.09821531    10.09821531    10.09821531    10.09821531    10.09821531    10.09821531    10.09821531    10.09821531    10.09821531    10.09821531    10.09821531    10.09821531    10.09821531    10.09821531    10.09821531
