-36.00000 0.000000000000000e+00
-35.99240 0.000000000000000e+00
-35.98480 0.000000000000000e+00
-35.97720 0.000000000000000e+00
-35.96959 0.000000000000000e+00
-35.96199 0.000000000000000e+00
-35.95439 0.000000000000000e+00
-35.94679 0.000000000000000e+00
-35.93919 0.000000000000000e+00
-35.93159 0.000000000000000e+00
-35.92398 0.000000000000000e+00
-35.91638 0.000000000000000e+00
-35.90878 0.000000000000000e+00
-35.90118 0.000000000000000e+00
-35.89358 0.000000000000000e+00
-35.88598 0.000000000000000e+00
-35.87838 0.000000000000000e+00
-35.87077 0.000000000000000e+00
-35.86317 0.000000000000000e+00
-35.85557 0.000000000000000e+00
-35.84797 0.000000000000000e+00
-35.84037 0.000000000000000e+00
-35.83277 0.000000000000000e+00
-35.82517 0.000000000000000e+00
-35.81756 0.000000000000000e+00
-35.80996 0.000000000000000e+00
-35.80236 0.000000000000000e+00
-35.79476 0.000000000000000e+00
-35.78716 0.000000000000000e+00
-35.77956 0.000000000000000e+00
-35.77195 0.000000000000000e+00
-35.76435 0.000000000000000e+00
-35.75675 0.000000000000000e+00
-35.74915 0.000000000000000e+00
-35.74155 0.000000000000000e+00
-35.73395 0.000000000000000e+00
-35.72635 0.000000000000000e+00
-35.71874 0.000000000000000e+00
-35.71114 0.000000000000000e+00
-35.70354 0.000000000000000e+00
-35.69594 0.000000000000000e+00
-35.68834 0.000000000000000e+00
-35.68074 0.000000000000000e+00
-35.67313 0.000000000000000e+00
-35.66553 0.000000000000000e+00
-35.65793 0.000000000000000e+00
-35.65033 0.000000000000000e+00
-35.64273 0.000000000000000e+00
-35.63513 0.000000000000000e+00
-35.62753 0.000000000000000e+00
-35.61992 0.000000000000000e+00
-35.61232 0.000000000000000e+00
-35.60472 0.000000000000000e+00
-35.59712 0.000000000000000e+00
-35.58952 0.000000000000000e+00
-35.58192 0.000000000000000e+00
-35.57431 0.000000000000000e+00
-35.56671 0.000000000000000e+00
-35.55911 0.000000000000000e+00
-35.55151 0.000000000000000e+00
-35.54391 0.000000000000000e+00
-35.53631 0.000000000000000e+00
-35.52871 0.000000000000000e+00
-35.52110 0.000000000000000e+00
-35.51350 0.000000000000000e+00
-35.50590 0.000000000000000e+00
-35.49830 0.000000000000000e+00
-35.49070 0.000000000000000e+00
-35.48310 0.000000000000000e+00
-35.47550 0.000000000000000e+00
-35.46789 0.000000000000000e+00
-35.46029 0.000000000000000e+00
-35.45269 0.000000000000000e+00
-35.44509 0.000000000000000e+00
-35.43749 0.000000000000000e+00
-35.42989 0.000000000000000e+00
-35.42228 0.000000000000000e+00
-35.41468 0.000000000000000e+00
-35.40708 0.000000000000000e+00
-35.39948 0.000000000000000e+00
-35.39188 0.000000000000000e+00
-35.38428 0.000000000000000e+00
-35.37668 0.000000000000000e+00
-35.36907 0.000000000000000e+00
-35.36147 0.000000000000000e+00
-35.35387 0.000000000000000e+00
-35.34627 0.000000000000000e+00
-35.33867 0.000000000000000e+00
-35.33107 0.000000000000000e+00
-35.32346 0.000000000000000e+00
-35.31586 0.000000000000000e+00
-35.30826 0.000000000000000e+00
-35.30066 0.000000000000000e+00
-35.29306 0.000000000000000e+00
-35.28546 0.000000000000000e+00
-35.27786 0.000000000000000e+00
-35.27025 0.000000000000000e+00
-35.26265 0.000000000000000e+00
-35.25505 0.000000000000000e+00
-35.24745 0.000000000000000e+00
-35.23985 0.000000000000000e+00
-35.23225 0.000000000000000e+00
-35.22464 0.000000000000000e+00
-35.21704 0.000000000000000e+00
-35.20944 0.000000000000000e+00
-35.20184 0.000000000000000e+00
-35.19424 0.000000000000000e+00
-35.18664 0.000000000000000e+00
-35.17904 0.000000000000000e+00
-35.17143 0.000000000000000e+00
-35.16383 0.000000000000000e+00
-35.15623 0.000000000000000e+00
-35.14863 0.000000000000000e+00
-35.14103 0.000000000000000e+00
-35.13343 0.000000000000000e+00
-35.12583 0.000000000000000e+00
-35.11822 0.000000000000000e+00
-35.11062 0.000000000000000e+00
-35.10302 0.000000000000000e+00
-35.09542 0.000000000000000e+00
-35.08782 0.000000000000000e+00
-35.08022 0.000000000000000e+00
-35.07261 0.000000000000000e+00
-35.06501 0.000000000000000e+00
-35.05741 0.000000000000000e+00
-35.04981 0.000000000000000e+00
-35.04221 0.000000000000000e+00
-35.03461 0.000000000000000e+00
-35.02701 0.000000000000000e+00
-35.01940 0.000000000000000e+00
-35.01180 0.000000000000000e+00
-35.00420 0.000000000000000e+00
-34.99660 0.000000000000000e+00
-34.98900 0.000000000000000e+00
-34.98140 0.000000000000000e+00
-34.97379 0.000000000000000e+00
-34.96619 0.000000000000000e+00
-34.95859 0.000000000000000e+00
-34.95099 0.000000000000000e+00
-34.94339 0.000000000000000e+00
-34.93579 0.000000000000000e+00
-34.92819 0.000000000000000e+00
-34.92058 0.000000000000000e+00
-34.91298 0.000000000000000e+00
-34.90538 0.000000000000000e+00
-34.89778 0.000000000000000e+00
-34.89018 0.000000000000000e+00
-34.88258 0.000000000000000e+00
-34.87497 0.000000000000000e+00
-34.86737 0.000000000000000e+00
-34.85977 0.000000000000000e+00
-34.85217 0.000000000000000e+00
-34.84457 0.000000000000000e+00
-34.83697 0.000000000000000e+00
-34.82937 0.000000000000000e+00
-34.82176 0.000000000000000e+00
-34.81416 0.000000000000000e+00
-34.80656 0.000000000000000e+00
-34.79896 0.000000000000000e+00
-34.79136 0.000000000000000e+00
-34.78376 0.000000000000000e+00
-34.77616 0.000000000000000e+00
-34.76855 0.000000000000000e+00
-34.76095 0.000000000000000e+00
-34.75335 0.000000000000000e+00
-34.74575 0.000000000000000e+00
-34.73815 0.000000000000000e+00
-34.73055 0.000000000000000e+00
-34.72294 0.000000000000000e+00
-34.71534 0.000000000000000e+00
-34.70774 0.000000000000000e+00
-34.70014 0.000000000000000e+00
-34.69254 0.000000000000000e+00
-34.68494 0.000000000000000e+00
-34.67734 0.000000000000000e+00
-34.66973 0.000000000000000e+00
-34.66213 0.000000000000000e+00
-34.65453 0.000000000000000e+00
-34.64693 0.000000000000000e+00
-34.63933 0.000000000000000e+00
-34.63173 0.000000000000000e+00
-34.62412 0.000000000000000e+00
-34.61652 0.000000000000000e+00
-34.60892 0.000000000000000e+00
-34.60132 0.000000000000000e+00
-34.59372 0.000000000000000e+00
-34.58612 0.000000000000000e+00
-34.57852 0.000000000000000e+00
-34.57091 0.000000000000000e+00
-34.56331 0.000000000000000e+00
-34.55571 0.000000000000000e+00
-34.54811 0.000000000000000e+00
-34.54051 0.000000000000000e+00
-34.53291 0.000000000000000e+00
-34.52531 0.000000000000000e+00
-34.51770 0.000000000000000e+00
-34.51010 0.000000000000000e+00
-34.50250 0.000000000000000e+00
-34.49490 0.000000000000000e+00
-34.48730 0.000000000000000e+00
-34.47970 0.000000000000000e+00
-34.47209 0.000000000000000e+00
-34.46449 0.000000000000000e+00
-34.45689 0.000000000000000e+00
-34.44929 0.000000000000000e+00
-34.44169 0.000000000000000e+00
-34.43409 0.000000000000000e+00
-34.42649 0.000000000000000e+00
-34.41888 0.000000000000000e+00
-34.41128 0.000000000000000e+00
-34.40368 0.000000000000000e+00
-34.39608 0.000000000000000e+00
-34.38848 0.000000000000000e+00
-34.38088 0.000000000000000e+00
-34.37327 0.000000000000000e+00
-34.36567 0.000000000000000e+00
-34.35807 0.000000000000000e+00
-34.35047 0.000000000000000e+00
-34.34287 0.000000000000000e+00
-34.33527 0.000000000000000e+00
-34.32767 0.000000000000000e+00
-34.32006 0.000000000000000e+00
-34.31246 0.000000000000000e+00
-34.30486 0.000000000000000e+00
-34.29726 0.000000000000000e+00
-34.28966 0.000000000000000e+00
-34.28206 0.000000000000000e+00
-34.27445 0.000000000000000e+00
-34.26685 0.000000000000000e+00
-34.25925 0.000000000000000e+00
-34.25165 0.000000000000000e+00
-34.24405 0.000000000000000e+00
-34.23645 0.000000000000000e+00
-34.22885 0.000000000000000e+00
-34.22124 0.000000000000000e+00
-34.21364 0.000000000000000e+00
-34.20604 0.000000000000000e+00
-34.19844 0.000000000000000e+00
-34.19084 0.000000000000000e+00
-34.18324 0.000000000000000e+00
-34.17564 0.000000000000000e+00
-34.16803 0.000000000000000e+00
-34.16043 0.000000000000000e+00
-34.15283 0.000000000000000e+00
-34.14523 0.000000000000000e+00
-34.13763 0.000000000000000e+00
-34.13003 0.000000000000000e+00
-34.12242 0.000000000000000e+00
-34.11482 0.000000000000000e+00
-34.10722 0.000000000000000e+00
-34.09962 0.000000000000000e+00
-34.09202 0.000000000000000e+00
-34.08442 0.000000000000000e+00
-34.07682 0.000000000000000e+00
-34.06921 0.000000000000000e+00
-34.06161 0.000000000000000e+00
-34.05401 0.000000000000000e+00
-34.04641 0.000000000000000e+00
-34.03881 0.000000000000000e+00
-34.03121 0.000000000000000e+00
-34.02360 0.000000000000000e+00
-34.01600 0.000000000000000e+00
-34.00840 0.000000000000000e+00
-34.00080 0.000000000000000e+00
-33.99320 0.000000000000000e+00
-33.98560 0.000000000000000e+00
-33.97800 0.000000000000000e+00
-33.97039 0.000000000000000e+00
-33.96279 0.000000000000000e+00
-33.95519 0.000000000000000e+00
-33.94759 0.000000000000000e+00
-33.93999 0.000000000000000e+00
-33.93239 0.000000000000000e+00
-33.92478 0.000000000000000e+00
-33.91718 0.000000000000000e+00
-33.90958 0.000000000000000e+00
-33.90198 0.000000000000000e+00
-33.89438 0.000000000000000e+00
-33.88678 0.000000000000000e+00
-33.87918 0.000000000000000e+00
-33.87157 0.000000000000000e+00
-33.86397 0.000000000000000e+00
-33.85637 0.000000000000000e+00
-33.84877 0.000000000000000e+00
-33.84117 0.000000000000000e+00
-33.83357 0.000000000000000e+00
-33.82597 0.000000000000000e+00
-33.81836 0.000000000000000e+00
-33.81076 0.000000000000000e+00
-33.80316 0.000000000000000e+00
-33.79556 0.000000000000000e+00
-33.78796 0.000000000000000e+00
-33.78036 0.000000000000000e+00
-33.77275 0.000000000000000e+00
-33.76515 0.000000000000000e+00
-33.75755 0.000000000000000e+00
-33.74995 0.000000000000000e+00
-33.74235 0.000000000000000e+00
-33.73475 0.000000000000000e+00
-33.72715 0.000000000000000e+00
-33.71954 0.000000000000000e+00
-33.71194 0.000000000000000e+00
-33.70434 0.000000000000000e+00
-33.69674 0.000000000000000e+00
-33.68914 0.000000000000000e+00
-33.68154 0.000000000000000e+00
-33.67393 0.000000000000000e+00
-33.66633 0.000000000000000e+00
-33.65873 0.000000000000000e+00
-33.65113 0.000000000000000e+00
-33.64353 0.000000000000000e+00
-33.63593 0.000000000000000e+00
-33.62833 0.000000000000000e+00
-33.62072 0.000000000000000e+00
-33.61312 0.000000000000000e+00
-33.60552 0.000000000000000e+00
-33.59792 0.000000000000000e+00
-33.59032 0.000000000000000e+00
-33.58272 0.000000000000000e+00
-33.57512 0.000000000000000e+00
-33.56751 0.000000000000000e+00
-33.55991 0.000000000000000e+00
-33.55231 0.000000000000000e+00
-33.54471 0.000000000000000e+00
-33.53711 0.000000000000000e+00
-33.52951 0.000000000000000e+00
-33.52190 0.000000000000000e+00
-33.51430 0.000000000000000e+00
-33.50670 0.000000000000000e+00
-33.49910 0.000000000000000e+00
-33.49150 0.000000000000000e+00
-33.48390 0.000000000000000e+00
-33.47630 0.000000000000000e+00
-33.46869 0.000000000000000e+00
-33.46109 0.000000000000000e+00
-33.45349 0.000000000000000e+00
-33.44589 0.000000000000000e+00
-33.43829 0.000000000000000e+00
-33.43069 0.000000000000000e+00
-33.42308 0.000000000000000e+00
-33.41548 0.000000000000000e+00
-33.40788 0.000000000000000e+00
-33.40028 0.000000000000000e+00
-33.39268 0.000000000000000e+00
-33.38508 0.000000000000000e+00
-33.37748 0.000000000000000e+00
-33.36987 0.000000000000000e+00
-33.36227 0.000000000000000e+00
-33.35467 0.000000000000000e+00
-33.34707 0.000000000000000e+00
-33.33947 0.000000000000000e+00
-33.33187 0.000000000000000e+00
-33.32426 0.000000000000000e+00
-33.31666 0.000000000000000e+00
-33.30906 0.000000000000000e+00
-33.30146 0.000000000000000e+00
-33.29386 0.000000000000000e+00
-33.28626 0.000000000000000e+00
-33.27866 0.000000000000000e+00
-33.27105 0.000000000000000e+00
-33.26345 0.000000000000000e+00
-33.25585 0.000000000000000e+00
-33.24825 0.000000000000000e+00
-33.24065 0.000000000000000e+00
-33.23305 0.000000000000000e+00
-33.22545 0.000000000000000e+00
-33.21784 0.000000000000000e+00
-33.21024 0.000000000000000e+00
-33.20264 0.000000000000000e+00
-33.19504 0.000000000000000e+00
-33.18744 0.000000000000000e+00
-33.17984 0.000000000000000e+00
-33.17223 0.000000000000000e+00
-33.16463 0.000000000000000e+00
-33.15703 0.000000000000000e+00
-33.14943 0.000000000000000e+00
-33.14183 0.000000000000000e+00
-33.13423 0.000000000000000e+00
-33.12663 0.000000000000000e+00
-33.11902 0.000000000000000e+00
-33.11142 0.000000000000000e+00
-33.10382 0.000000000000000e+00
-33.09622 0.000000000000000e+00
-33.08862 0.000000000000000e+00
-33.08102 0.000000000000000e+00
-33.07341 0.000000000000000e+00
-33.06581 0.000000000000000e+00
-33.05821 0.000000000000000e+00
-33.05061 0.000000000000000e+00
-33.04301 0.000000000000000e+00
-33.03541 0.000000000000000e+00
-33.02781 0.000000000000000e+00
-33.02020 0.000000000000000e+00
-33.01260 0.000000000000000e+00
-33.00500 0.000000000000000e+00
-32.99740 0.000000000000000e+00
-32.98980 0.000000000000000e+00
-32.98220 0.000000000000000e+00
-32.97459 0.000000000000000e+00
-32.96699 0.000000000000000e+00
-32.95939 0.000000000000000e+00
-32.95179 0.000000000000000e+00
-32.94419 0.000000000000000e+00
-32.93659 0.000000000000000e+00
-32.92899 0.000000000000000e+00
-32.92138 0.000000000000000e+00
-32.91378 0.000000000000000e+00
-32.90618 0.000000000000000e+00
-32.89858 0.000000000000000e+00
-32.89098 0.000000000000000e+00
-32.88338 0.000000000000000e+00
-32.87578 0.000000000000000e+00
-32.86817 0.000000000000000e+00
-32.86057 0.000000000000000e+00
-32.85297 0.000000000000000e+00
-32.84537 0.000000000000000e+00
-32.83777 0.000000000000000e+00
-32.83017 0.000000000000000e+00
-32.82256 0.000000000000000e+00
-32.81496 0.000000000000000e+00
-32.80736 0.000000000000000e+00
-32.79976 0.000000000000000e+00
-32.79216 0.000000000000000e+00
-32.78456 0.000000000000000e+00
-32.77696 0.000000000000000e+00
-32.76935 0.000000000000000e+00
-32.76175 0.000000000000000e+00
-32.75415 0.000000000000000e+00
-32.74655 0.000000000000000e+00
-32.73895 0.000000000000000e+00
-32.73135 0.000000000000000e+00
-32.72374 0.000000000000000e+00
-32.71614 0.000000000000000e+00
-32.70854 0.000000000000000e+00
-32.70094 0.000000000000000e+00
-32.69334 0.000000000000000e+00
-32.68574 0.000000000000000e+00
-32.67814 0.000000000000000e+00
-32.67053 0.000000000000000e+00
-32.66293 0.000000000000000e+00
-32.65533 0.000000000000000e+00
-32.64773 0.000000000000000e+00
-32.64013 0.000000000000000e+00
-32.63253 0.000000000000000e+00
-32.62492 0.000000000000000e+00
-32.61732 0.000000000000000e+00
-32.60972 0.000000000000000e+00
-32.60212 0.000000000000000e+00
-32.59452 0.000000000000000e+00
-32.58692 0.000000000000000e+00
-32.57932 0.000000000000000e+00
-32.57171 0.000000000000000e+00
-32.56411 0.000000000000000e+00
-32.55651 0.000000000000000e+00
-32.54891 0.000000000000000e+00
-32.54131 0.000000000000000e+00
-32.53371 0.000000000000000e+00
-32.52611 0.000000000000000e+00
-32.51850 0.000000000000000e+00
-32.51090 0.000000000000000e+00
-32.50330 0.000000000000000e+00
-32.49570 0.000000000000000e+00
-32.48810 0.000000000000000e+00
-32.48050 0.000000000000000e+00
-32.47289 0.000000000000000e+00
-32.46529 0.000000000000000e+00
-32.45769 0.000000000000000e+00
-32.45009 0.000000000000000e+00
-32.44249 0.000000000000000e+00
-32.43489 0.000000000000000e+00
-32.42729 0.000000000000000e+00
-32.41968 0.000000000000000e+00
-32.41208 0.000000000000000e+00
-32.40448 0.000000000000000e+00
-32.39688 0.000000000000000e+00
-32.38928 0.000000000000000e+00
-32.38168 0.000000000000000e+00
-32.37407 0.000000000000000e+00
-32.36647 0.000000000000000e+00
-32.35887 0.000000000000000e+00
-32.35127 0.000000000000000e+00
-32.34367 0.000000000000000e+00
-32.33607 0.000000000000000e+00
-32.32847 0.000000000000000e+00
-32.32086 0.000000000000000e+00
-32.31326 0.000000000000000e+00
-32.30566 0.000000000000000e+00
-32.29806 0.000000000000000e+00
-32.29046 0.000000000000000e+00
-32.28286 0.000000000000000e+00
-32.27526 0.000000000000000e+00
-32.26765 0.000000000000000e+00
-32.26005 0.000000000000000e+00
-32.25245 0.000000000000000e+00
-32.24485 0.000000000000000e+00
-32.23725 0.000000000000000e+00
-32.22965 0.000000000000000e+00
-32.22204 0.000000000000000e+00
-32.21444 0.000000000000000e+00
-32.20684 0.000000000000000e+00
-32.19924 0.000000000000000e+00
-32.19164 0.000000000000000e+00
-32.18404 0.000000000000000e+00
-32.17644 0.000000000000000e+00
-32.16883 0.000000000000000e+00
-32.16123 0.000000000000000e+00
-32.15363 0.000000000000000e+00
-32.14603 0.000000000000000e+00
-32.13843 0.000000000000000e+00
-32.13083 0.000000000000000e+00
-32.12322 0.000000000000000e+00
-32.11562 0.000000000000000e+00
-32.10802 0.000000000000000e+00
-32.10042 0.000000000000000e+00
-32.09282 0.000000000000000e+00
-32.08522 0.000000000000000e+00
-32.07762 0.000000000000000e+00
-32.07001 0.000000000000000e+00
-32.06241 0.000000000000000e+00
-32.05481 0.000000000000000e+00
-32.04721 0.000000000000000e+00
-32.03961 0.000000000000000e+00
-32.03201 0.000000000000000e+00
-32.02440 0.000000000000000e+00
-32.01680 0.000000000000000e+00
-32.00920 0.000000000000000e+00
-32.00160 0.000000000000000e+00
-31.99400 0.000000000000000e+00
-31.98640 0.000000000000000e+00
-31.97880 0.000000000000000e+00
-31.97119 0.000000000000000e+00
-31.96359 0.000000000000000e+00
-31.95599 0.000000000000000e+00
-31.94839 0.000000000000000e+00
-31.94079 0.000000000000000e+00
-31.93319 0.000000000000000e+00
-31.92559 0.000000000000000e+00
-31.91798 0.000000000000000e+00
-31.91038 0.000000000000000e+00
-31.90278 0.000000000000000e+00
-31.89518 0.000000000000000e+00
-31.88758 0.000000000000000e+00
-31.87998 0.000000000000000e+00
-31.87237 0.000000000000000e+00
-31.86477 0.000000000000000e+00
-31.85717 0.000000000000000e+00
-31.84957 0.000000000000000e+00
-31.84197 0.000000000000000e+00
-31.83437 0.000000000000000e+00
-31.82677 0.000000000000000e+00
-31.81916 0.000000000000000e+00
-31.81156 0.000000000000000e+00
-31.80396 0.000000000000000e+00
-31.79636 0.000000000000000e+00
-31.78876 0.000000000000000e+00
-31.78116 0.000000000000000e+00
-31.77355 0.000000000000000e+00
-31.76595 0.000000000000000e+00
-31.75835 0.000000000000000e+00
-31.75075 0.000000000000000e+00
-31.74315 0.000000000000000e+00
-31.73555 0.000000000000000e+00
-31.72795 0.000000000000000e+00
-31.72034 0.000000000000000e+00
-31.71274 0.000000000000000e+00
-31.70514 0.000000000000000e+00
-31.69754 0.000000000000000e+00
-31.68994 0.000000000000000e+00
-31.68234 0.000000000000000e+00
-31.67473 0.000000000000000e+00
-31.66713 0.000000000000000e+00
-31.65953 0.000000000000000e+00
-31.65193 0.000000000000000e+00
-31.64433 0.000000000000000e+00
-31.63673 0.000000000000000e+00
-31.62913 0.000000000000000e+00
-31.62152 0.000000000000000e+00
-31.61392 0.000000000000000e+00
-31.60632 0.000000000000000e+00
-31.59872 0.000000000000000e+00
-31.59112 0.000000000000000e+00
-31.58352 0.000000000000000e+00
-31.57592 0.000000000000000e+00
-31.56831 0.000000000000000e+00
-31.56071 0.000000000000000e+00
-31.55311 0.000000000000000e+00
-31.54551 0.000000000000000e+00
-31.53791 0.000000000000000e+00
-31.53031 0.000000000000000e+00
-31.52270 0.000000000000000e+00
-31.51510 0.000000000000000e+00
-31.50750 0.000000000000000e+00
-31.49990 0.000000000000000e+00
-31.49230 0.000000000000000e+00
-31.48470 0.000000000000000e+00
-31.47710 0.000000000000000e+00
-31.46949 0.000000000000000e+00
-31.46189 0.000000000000000e+00
-31.45429 0.000000000000000e+00
-31.44669 0.000000000000000e+00
-31.43909 0.000000000000000e+00
-31.43149 0.000000000000000e+00
-31.42388 0.000000000000000e+00
-31.41628 0.000000000000000e+00
-31.40868 0.000000000000000e+00
-31.40108 0.000000000000000e+00
-31.39348 0.000000000000000e+00
-31.38588 0.000000000000000e+00
-31.37828 0.000000000000000e+00
-31.37067 0.000000000000000e+00
-31.36307 0.000000000000000e+00
-31.35547 0.000000000000000e+00
-31.34787 0.000000000000000e+00
-31.34027 0.000000000000000e+00
-31.33267 0.000000000000000e+00
-31.32507 0.000000000000000e+00
-31.31746 0.000000000000000e+00
-31.30986 0.000000000000000e+00
-31.30226 0.000000000000000e+00
-31.29466 0.000000000000000e+00
-31.28706 0.000000000000000e+00
-31.27946 0.000000000000000e+00
-31.27185 0.000000000000000e+00
-31.26425 0.000000000000000e+00
-31.25665 0.000000000000000e+00
-31.24905 0.000000000000000e+00
-31.24145 0.000000000000000e+00
-31.23385 0.000000000000000e+00
-31.22625 0.000000000000000e+00
-31.21864 0.000000000000000e+00
-31.21104 0.000000000000000e+00
-31.20344 0.000000000000000e+00
-31.19584 0.000000000000000e+00
-31.18824 0.000000000000000e+00
-31.18064 0.000000000000000e+00
-31.17303 0.000000000000000e+00
-31.16543 0.000000000000000e+00
-31.15783 0.000000000000000e+00
-31.15023 0.000000000000000e+00
-31.14263 0.000000000000000e+00
-31.13503 0.000000000000000e+00
-31.12743 0.000000000000000e+00
-31.11982 0.000000000000000e+00
-31.11222 0.000000000000000e+00
-31.10462 0.000000000000000e+00
-31.09702 0.000000000000000e+00
-31.08942 0.000000000000000e+00
-31.08182 0.000000000000000e+00
-31.07421 0.000000000000000e+00
-31.06661 0.000000000000000e+00
-31.05901 0.000000000000000e+00
-31.05141 0.000000000000000e+00
-31.04381 0.000000000000000e+00
-31.03621 0.000000000000000e+00
-31.02861 0.000000000000000e+00
-31.02100 0.000000000000000e+00
-31.01340 0.000000000000000e+00
-31.00580 0.000000000000000e+00
-30.99820 0.000000000000000e+00
-30.99060 0.000000000000000e+00
-30.98300 0.000000000000000e+00
-30.97540 0.000000000000000e+00
-30.96779 0.000000000000000e+00
-30.96019 0.000000000000000e+00
-30.95259 0.000000000000000e+00
-30.94499 0.000000000000000e+00
-30.93739 0.000000000000000e+00
-30.92979 0.000000000000000e+00
-30.92218 0.000000000000000e+00
-30.91458 0.000000000000000e+00
-30.90698 0.000000000000000e+00
-30.89938 0.000000000000000e+00
-30.89178 0.000000000000000e+00
-30.88418 0.000000000000000e+00
-30.87658 0.000000000000000e+00
-30.86897 0.000000000000000e+00
-30.86137 0.000000000000000e+00
-30.85377 0.000000000000000e+00
-30.84617 0.000000000000000e+00
-30.83857 0.000000000000000e+00
-30.83097 0.000000000000000e+00
-30.82336 0.000000000000000e+00
-30.81576 0.000000000000000e+00
-30.80816 0.000000000000000e+00
-30.80056 0.000000000000000e+00
-30.79296 0.000000000000000e+00
-30.78536 0.000000000000000e+00
-30.77776 0.000000000000000e+00
-30.77015 0.000000000000000e+00
-30.76255 0.000000000000000e+00
-30.75495 0.000000000000000e+00
-30.74735 0.000000000000000e+00
-30.73975 0.000000000000000e+00
-30.73215 0.000000000000000e+00
-30.72454 0.000000000000000e+00
-30.71694 0.000000000000000e+00
-30.70934 0.000000000000000e+00
-30.70174 0.000000000000000e+00
-30.69414 0.000000000000000e+00
-30.68654 0.000000000000000e+00
-30.67894 0.000000000000000e+00
-30.67133 0.000000000000000e+00
-30.66373 0.000000000000000e+00
-30.65613 0.000000000000000e+00
-30.64853 0.000000000000000e+00
-30.64093 0.000000000000000e+00
-30.63333 0.000000000000000e+00
-30.62573 0.000000000000000e+00
-30.61812 0.000000000000000e+00
-30.61052 0.000000000000000e+00
-30.60292 0.000000000000000e+00
-30.59532 0.000000000000000e+00
-30.58772 0.000000000000000e+00
-30.58012 0.000000000000000e+00
-30.57251 0.000000000000000e+00
-30.56491 0.000000000000000e+00
-30.55731 0.000000000000000e+00
-30.54971 0.000000000000000e+00
-30.54211 0.000000000000000e+00
-30.53451 0.000000000000000e+00
-30.52691 0.000000000000000e+00
-30.51930 0.000000000000000e+00
-30.51170 0.000000000000000e+00
-30.50410 0.000000000000000e+00
-30.49650 0.000000000000000e+00
-30.48890 0.000000000000000e+00
-30.48130 0.000000000000000e+00
-30.47369 0.000000000000000e+00
-30.46609 0.000000000000000e+00
-30.45849 0.000000000000000e+00
-30.45089 0.000000000000000e+00
-30.44329 0.000000000000000e+00
-30.43569 0.000000000000000e+00
-30.42809 0.000000000000000e+00
-30.42048 0.000000000000000e+00
-30.41288 0.000000000000000e+00
-30.40528 0.000000000000000e+00
-30.39768 0.000000000000000e+00
-30.39008 0.000000000000000e+00
-30.38248 0.000000000000000e+00
-30.37487 0.000000000000000e+00
-30.36727 0.000000000000000e+00
-30.35967 0.000000000000000e+00
-30.35207 0.000000000000000e+00
-30.34447 0.000000000000000e+00
-30.33687 0.000000000000000e+00
-30.32927 0.000000000000000e+00
-30.32166 0.000000000000000e+00
-30.31406 0.000000000000000e+00
-30.30646 0.000000000000000e+00
-30.29886 0.000000000000000e+00
-30.29126 0.000000000000000e+00
-30.28366 0.000000000000000e+00
-30.27606 0.000000000000000e+00
-30.26845 0.000000000000000e+00
-30.26085 0.000000000000000e+00
-30.25325 0.000000000000000e+00
-30.24565 0.000000000000000e+00
-30.23805 0.000000000000000e+00
-30.23045 0.000000000000000e+00
-30.22284 0.000000000000000e+00
-30.21524 0.000000000000000e+00
-30.20764 0.000000000000000e+00
-30.20004 0.000000000000000e+00
-30.19244 0.000000000000000e+00
-30.18484 0.000000000000000e+00
-30.17724 0.000000000000000e+00
-30.16963 0.000000000000000e+00
-30.16203 0.000000000000000e+00
-30.15443 0.000000000000000e+00
-30.14683 0.000000000000000e+00
-30.13923 0.000000000000000e+00
-30.13163 0.000000000000000e+00
-30.12402 0.000000000000000e+00
-30.11642 0.000000000000000e+00
-30.10882 0.000000000000000e+00
-30.10122 0.000000000000000e+00
-30.09362 0.000000000000000e+00
-30.08602 0.000000000000000e+00
-30.07842 0.000000000000000e+00
-30.07081 0.000000000000000e+00
-30.06321 0.000000000000000e+00
-30.05561 0.000000000000000e+00
-30.04801 0.000000000000000e+00
-30.04041 0.000000000000000e+00
-30.03281 0.000000000000000e+00
-30.02521 0.000000000000000e+00
-30.01760 0.000000000000000e+00
-30.01000 0.000000000000000e+00
-30.00240 0.000000000000000e+00
-29.99480 0.000000000000000e+00
-29.98720 0.000000000000000e+00
-29.97960 0.000000000000000e+00
-29.97199 0.000000000000000e+00
-29.96439 0.000000000000000e+00
-29.95679 0.000000000000000e+00
-29.94919 0.000000000000000e+00
-29.94159 0.000000000000000e+00
-29.93399 0.000000000000000e+00
-29.92639 0.000000000000000e+00
-29.91878 0.000000000000000e+00
-29.91118 0.000000000000000e+00
-29.90358 0.000000000000000e+00
-29.89598 0.000000000000000e+00
-29.88838 0.000000000000000e+00
-29.88078 0.000000000000000e+00
-29.87317 0.000000000000000e+00
-29.86557 0.000000000000000e+00
-29.85797 0.000000000000000e+00
-29.85037 0.000000000000000e+00
-29.84277 0.000000000000000e+00
-29.83517 0.000000000000000e+00
-29.82757 0.000000000000000e+00
-29.81996 0.000000000000000e+00
-29.81236 0.000000000000000e+00
-29.80476 0.000000000000000e+00
-29.79716 0.000000000000000e+00
-29.78956 0.000000000000000e+00
-29.78196 0.000000000000000e+00
-29.77435 0.000000000000000e+00
-29.76675 0.000000000000000e+00
-29.75915 0.000000000000000e+00
-29.75155 0.000000000000000e+00
-29.74395 0.000000000000000e+00
-29.73635 0.000000000000000e+00
-29.72875 0.000000000000000e+00
-29.72114 0.000000000000000e+00
-29.71354 0.000000000000000e+00
-29.70594 0.000000000000000e+00
-29.69834 0.000000000000000e+00
-29.69074 0.000000000000000e+00
-29.68314 0.000000000000000e+00
-29.67554 0.000000000000000e+00
-29.66793 0.000000000000000e+00
-29.66033 0.000000000000000e+00
-29.65273 0.000000000000000e+00
-29.64513 0.000000000000000e+00
-29.63753 0.000000000000000e+00
-29.62993 0.000000000000000e+00
-29.62232 0.000000000000000e+00
-29.61472 0.000000000000000e+00
-29.60712 0.000000000000000e+00
-29.59952 0.000000000000000e+00
-29.59192 0.000000000000000e+00
-29.58432 0.000000000000000e+00
-29.57672 0.000000000000000e+00
-29.56911 0.000000000000000e+00
-29.56151 0.000000000000000e+00
-29.55391 0.000000000000000e+00
-29.54631 0.000000000000000e+00
-29.53871 0.000000000000000e+00
-29.53111 0.000000000000000e+00
-29.52350 0.000000000000000e+00
-29.51590 0.000000000000000e+00
-29.50830 0.000000000000000e+00
-29.50070 0.000000000000000e+00
-29.49310 0.000000000000000e+00
-29.48550 0.000000000000000e+00
-29.47790 0.000000000000000e+00
-29.47029 0.000000000000000e+00
-29.46269 0.000000000000000e+00
-29.45509 0.000000000000000e+00
-29.44749 0.000000000000000e+00
-29.43989 0.000000000000000e+00
-29.43229 0.000000000000000e+00
-29.42468 0.000000000000000e+00
-29.41708 0.000000000000000e+00
-29.40948 0.000000000000000e+00
-29.40188 0.000000000000000e+00
-29.39428 0.000000000000000e+00
-29.38668 0.000000000000000e+00
-29.37908 0.000000000000000e+00
-29.37147 0.000000000000000e+00
-29.36387 0.000000000000000e+00
-29.35627 0.000000000000000e+00
-29.34867 0.000000000000000e+00
-29.34107 0.000000000000000e+00
-29.33347 0.000000000000000e+00
-29.32587 0.000000000000000e+00
-29.31826 0.000000000000000e+00
-29.31066 0.000000000000000e+00
-29.30306 0.000000000000000e+00
-29.29546 0.000000000000000e+00
-29.28786 0.000000000000000e+00
-29.28026 0.000000000000000e+00
-29.27265 0.000000000000000e+00
-29.26505 0.000000000000000e+00
-29.25745 0.000000000000000e+00
-29.24985 0.000000000000000e+00
-29.24225 0.000000000000000e+00
-29.23465 0.000000000000000e+00
-29.22705 0.000000000000000e+00
-29.21944 0.000000000000000e+00
-29.21184 0.000000000000000e+00
-29.20424 0.000000000000000e+00
-29.19664 0.000000000000000e+00
-29.18904 0.000000000000000e+00
-29.18144 0.000000000000000e+00
-29.17383 0.000000000000000e+00
-29.16623 0.000000000000000e+00
-29.15863 0.000000000000000e+00
-29.15103 0.000000000000000e+00
-29.14343 0.000000000000000e+00
-29.13583 0.000000000000000e+00
-29.12823 0.000000000000000e+00
-29.12062 0.000000000000000e+00
-29.11302 0.000000000000000e+00
-29.10542 0.000000000000000e+00
-29.09782 0.000000000000000e+00
-29.09022 0.000000000000000e+00
-29.08262 0.000000000000000e+00
-29.07502 0.000000000000000e+00
-29.06741 0.000000000000000e+00
-29.05981 0.000000000000000e+00
-29.05221 0.000000000000000e+00
-29.04461 0.000000000000000e+00
-29.03701 0.000000000000000e+00
-29.02941 0.000000000000000e+00
-29.02180 0.000000000000000e+00
-29.01420 0.000000000000000e+00
-29.00660 0.000000000000000e+00
-28.99900 0.000000000000000e+00
-28.99140 0.000000000000000e+00
-28.98380 0.000000000000000e+00
-28.97620 0.000000000000000e+00
-28.96859 0.000000000000000e+00
-28.96099 0.000000000000000e+00
-28.95339 0.000000000000000e+00
-28.94579 0.000000000000000e+00
-28.93819 0.000000000000000e+00
-28.93059 0.000000000000000e+00
-28.92298 0.000000000000000e+00
-28.91538 0.000000000000000e+00
-28.90778 0.000000000000000e+00
-28.90018 0.000000000000000e+00
-28.89258 0.000000000000000e+00
-28.88498 0.000000000000000e+00
-28.87738 0.000000000000000e+00
-28.86977 0.000000000000000e+00
-28.86217 0.000000000000000e+00
-28.85457 0.000000000000000e+00
-28.84697 0.000000000000000e+00
-28.83937 0.000000000000000e+00
-28.83177 0.000000000000000e+00
-28.82416 0.000000000000000e+00
-28.81656 0.000000000000000e+00
-28.80896 0.000000000000000e+00
-28.80136 0.000000000000000e+00
-28.79376 0.000000000000000e+00
-28.78616 0.000000000000000e+00
-28.77856 0.000000000000000e+00
-28.77095 0.000000000000000e+00
-28.76335 0.000000000000000e+00
-28.75575 0.000000000000000e+00
-28.74815 0.000000000000000e+00
-28.74055 0.000000000000000e+00
-28.73295 0.000000000000000e+00
-28.72535 0.000000000000000e+00
-28.71774 0.000000000000000e+00
-28.71014 0.000000000000000e+00
-28.70254 0.000000000000000e+00
-28.69494 0.000000000000000e+00
-28.68734 0.000000000000000e+00
-28.67974 0.000000000000000e+00
-28.67213 0.000000000000000e+00
-28.66453 0.000000000000000e+00
-28.65693 0.000000000000000e+00
-28.64933 0.000000000000000e+00
-28.64173 0.000000000000000e+00
-28.63413 0.000000000000000e+00
-28.62653 0.000000000000000e+00
-28.61892 0.000000000000000e+00
-28.61132 0.000000000000000e+00
-28.60372 0.000000000000000e+00
-28.59612 0.000000000000000e+00
-28.58852 0.000000000000000e+00
-28.58092 0.000000000000000e+00
-28.57331 0.000000000000000e+00
-28.56571 0.000000000000000e+00
-28.55811 0.000000000000000e+00
-28.55051 0.000000000000000e+00
-28.54291 0.000000000000000e+00
-28.53531 0.000000000000000e+00
-28.52771 0.000000000000000e+00
-28.52010 0.000000000000000e+00
-28.51250 0.000000000000000e+00
-28.50490 0.000000000000000e+00
-28.49730 0.000000000000000e+00
-28.48970 0.000000000000000e+00
-28.48210 0.000000000000000e+00
-28.47449 0.000000000000000e+00
-28.46689 0.000000000000000e+00
-28.45929 0.000000000000000e+00
-28.45169 0.000000000000000e+00
-28.44409 0.000000000000000e+00
-28.43649 0.000000000000000e+00
-28.42889 0.000000000000000e+00
-28.42128 0.000000000000000e+00
-28.41368 0.000000000000000e+00
-28.40608 0.000000000000000e+00
-28.39848 0.000000000000000e+00
-28.39088 0.000000000000000e+00
-28.38328 0.000000000000000e+00
-28.37568 0.000000000000000e+00
-28.36807 0.000000000000000e+00
-28.36047 0.000000000000000e+00
-28.35287 0.000000000000000e+00
-28.34527 0.000000000000000e+00
-28.33767 0.000000000000000e+00
-28.33007 0.000000000000000e+00
-28.32246 0.000000000000000e+00
-28.31486 0.000000000000000e+00
-28.30726 0.000000000000000e+00
-28.29966 0.000000000000000e+00
-28.29206 0.000000000000000e+00
-28.28446 0.000000000000000e+00
-28.27686 0.000000000000000e+00
-28.26925 0.000000000000000e+00
-28.26165 0.000000000000000e+00
-28.25405 0.000000000000000e+00
-28.24645 0.000000000000000e+00
-28.23885 0.000000000000000e+00
-28.23125 0.000000000000000e+00
-28.22364 0.000000000000000e+00
-28.21604 0.000000000000000e+00
-28.20844 0.000000000000000e+00
-28.20084 0.000000000000000e+00
-28.19324 0.000000000000000e+00
-28.18564 0.000000000000000e+00
-28.17804 0.000000000000000e+00
-28.17043 0.000000000000000e+00
-28.16283 0.000000000000000e+00
-28.15523 0.000000000000000e+00
-28.14763 0.000000000000000e+00
-28.14003 0.000000000000000e+00
-28.13243 0.000000000000000e+00
-28.12482 0.000000000000000e+00
-28.11722 0.000000000000000e+00
-28.10962 0.000000000000000e+00
-28.10202 0.000000000000000e+00
-28.09442 0.000000000000000e+00
-28.08682 0.000000000000000e+00
-28.07922 0.000000000000000e+00
-28.07161 0.000000000000000e+00
-28.06401 0.000000000000000e+00
-28.05641 0.000000000000000e+00
-28.04881 0.000000000000000e+00
-28.04121 0.000000000000000e+00
-28.03361 0.000000000000000e+00
-28.02601 0.000000000000000e+00
-28.01840 0.000000000000000e+00
-28.01080 0.000000000000000e+00
-28.00320 0.000000000000000e+00
-27.99560 0.000000000000000e+00
-27.98800 0.000000000000000e+00
-27.98040 0.000000000000000e+00
-27.97279 0.000000000000000e+00
-27.96519 0.000000000000000e+00
-27.95759 0.000000000000000e+00
-27.94999 0.000000000000000e+00
-27.94239 0.000000000000000e+00
-27.93479 0.000000000000000e+00
-27.92719 0.000000000000000e+00
-27.91958 0.000000000000000e+00
-27.91198 0.000000000000000e+00
-27.90438 0.000000000000000e+00
-27.89678 0.000000000000000e+00
-27.88918 0.000000000000000e+00
-27.88158 0.000000000000000e+00
-27.87397 0.000000000000000e+00
-27.86637 0.000000000000000e+00
-27.85877 0.000000000000000e+00
-27.85117 0.000000000000000e+00
-27.84357 0.000000000000000e+00
-27.83597 0.000000000000000e+00
-27.82837 0.000000000000000e+00
-27.82076 0.000000000000000e+00
-27.81316 0.000000000000000e+00
-27.80556 0.000000000000000e+00
-27.79796 0.000000000000000e+00
-27.79036 0.000000000000000e+00
-27.78276 0.000000000000000e+00
-27.77516 0.000000000000000e+00
-27.76755 0.000000000000000e+00
-27.75995 0.000000000000000e+00
-27.75235 0.000000000000000e+00
-27.74475 0.000000000000000e+00
-27.73715 0.000000000000000e+00
-27.72955 0.000000000000000e+00
-27.72194 0.000000000000000e+00
-27.71434 0.000000000000000e+00
-27.70674 0.000000000000000e+00
-27.69914 0.000000000000000e+00
-27.69154 0.000000000000000e+00
-27.68394 0.000000000000000e+00
-27.67634 0.000000000000000e+00
-27.66873 0.000000000000000e+00
-27.66113 0.000000000000000e+00
-27.65353 0.000000000000000e+00
-27.64593 0.000000000000000e+00
-27.63833 0.000000000000000e+00
-27.63073 0.000000000000000e+00
-27.62312 0.000000000000000e+00
-27.61552 0.000000000000000e+00
-27.60792 0.000000000000000e+00
-27.60032 0.000000000000000e+00
-27.59272 0.000000000000000e+00
-27.58512 0.000000000000000e+00
-27.57752 0.000000000000000e+00
-27.56991 0.000000000000000e+00
-27.56231 0.000000000000000e+00
-27.55471 0.000000000000000e+00
-27.54711 0.000000000000000e+00
-27.53951 0.000000000000000e+00
-27.53191 0.000000000000000e+00
-27.52430 0.000000000000000e+00
-27.51670 0.000000000000000e+00
-27.50910 0.000000000000000e+00
-27.50150 0.000000000000000e+00
-27.49390 0.000000000000000e+00
-27.48630 0.000000000000000e+00
-27.47870 0.000000000000000e+00
-27.47109 0.000000000000000e+00
-27.46349 0.000000000000000e+00
-27.45589 0.000000000000000e+00
-27.44829 0.000000000000000e+00
-27.44069 0.000000000000000e+00
-27.43309 0.000000000000000e+00
-27.42549 0.000000000000000e+00
-27.41788 0.000000000000000e+00
-27.41028 0.000000000000000e+00
-27.40268 0.000000000000000e+00
-27.39508 0.000000000000000e+00
-27.38748 0.000000000000000e+00
-27.37988 0.000000000000000e+00
-27.37227 0.000000000000000e+00
-27.36467 0.000000000000000e+00
-27.35707 0.000000000000000e+00
-27.34947 0.000000000000000e+00
-27.34187 0.000000000000000e+00
-27.33427 0.000000000000000e+00
-27.32667 0.000000000000000e+00
-27.31906 0.000000000000000e+00
-27.31146 0.000000000000000e+00
-27.30386 0.000000000000000e+00
-27.29626 0.000000000000000e+00
-27.28866 0.000000000000000e+00
-27.28106 0.000000000000000e+00
-27.27345 0.000000000000000e+00
-27.26585 0.000000000000000e+00
-27.25825 0.000000000000000e+00
-27.25065 0.000000000000000e+00
-27.24305 0.000000000000000e+00
-27.23545 0.000000000000000e+00
-27.22785 0.000000000000000e+00
-27.22024 0.000000000000000e+00
-27.21264 0.000000000000000e+00
-27.20504 0.000000000000000e+00
-27.19744 0.000000000000000e+00
-27.18984 0.000000000000000e+00
-27.18224 0.000000000000000e+00
-27.17463 0.000000000000000e+00
-27.16703 0.000000000000000e+00
-27.15943 0.000000000000000e+00
-27.15183 0.000000000000000e+00
-27.14423 0.000000000000000e+00
-27.13663 0.000000000000000e+00
-27.12903 0.000000000000000e+00
-27.12142 0.000000000000000e+00
-27.11382 0.000000000000000e+00
-27.10622 0.000000000000000e+00
-27.09862 0.000000000000000e+00
-27.09102 0.000000000000000e+00
-27.08342 0.000000000000000e+00
-27.07582 0.000000000000000e+00
-27.06821 0.000000000000000e+00
-27.06061 0.000000000000000e+00
-27.05301 0.000000000000000e+00
-27.04541 0.000000000000000e+00
-27.03781 0.000000000000000e+00
-27.03021 0.000000000000000e+00
-27.02260 0.000000000000000e+00
-27.01500 0.000000000000000e+00
-27.00740 0.000000000000000e+00
-26.99980 0.000000000000000e+00
-26.99220 0.000000000000000e+00
-26.98460 0.000000000000000e+00
-26.97700 0.000000000000000e+00
-26.96939 0.000000000000000e+00
-26.96179 0.000000000000000e+00
-26.95419 0.000000000000000e+00
-26.94659 0.000000000000000e+00
-26.93899 0.000000000000000e+00
-26.93139 0.000000000000000e+00
-26.92378 0.000000000000000e+00
-26.91618 0.000000000000000e+00
-26.90858 0.000000000000000e+00
-26.90098 0.000000000000000e+00
-26.89338 0.000000000000000e+00
-26.88578 0.000000000000000e+00
-26.87818 0.000000000000000e+00
-26.87057 0.000000000000000e+00
-26.86297 0.000000000000000e+00
-26.85537 0.000000000000000e+00
-26.84777 0.000000000000000e+00
-26.84017 0.000000000000000e+00
-26.83257 0.000000000000000e+00
-26.82496 0.000000000000000e+00
-26.81736 0.000000000000000e+00
-26.80976 0.000000000000000e+00
-26.80216 0.000000000000000e+00
-26.79456 0.000000000000000e+00
-26.78696 0.000000000000000e+00
-26.77936 0.000000000000000e+00
-26.77175 0.000000000000000e+00
-26.76415 0.000000000000000e+00
-26.75655 0.000000000000000e+00
-26.74895 0.000000000000000e+00
-26.74135 0.000000000000000e+00
-26.73375 0.000000000000000e+00
-26.72615 0.000000000000000e+00
-26.71854 0.000000000000000e+00
-26.71094 0.000000000000000e+00
-26.70334 0.000000000000000e+00
-26.69574 0.000000000000000e+00
-26.68814 0.000000000000000e+00
-26.68054 0.000000000000000e+00
-26.67293 0.000000000000000e+00
-26.66533 0.000000000000000e+00
-26.65773 0.000000000000000e+00
-26.65013 0.000000000000000e+00
-26.64253 0.000000000000000e+00
-26.63493 0.000000000000000e+00
-26.62733 0.000000000000000e+00
-26.61972 0.000000000000000e+00
-26.61212 0.000000000000000e+00
-26.60452 0.000000000000000e+00
-26.59692 0.000000000000000e+00
-26.58932 0.000000000000000e+00
-26.58172 0.000000000000000e+00
-26.57411 0.000000000000000e+00
-26.56651 0.000000000000000e+00
-26.55891 0.000000000000000e+00
-26.55131 0.000000000000000e+00
-26.54371 0.000000000000000e+00
-26.53611 0.000000000000000e+00
-26.52851 0.000000000000000e+00
-26.52090 0.000000000000000e+00
-26.51330 0.000000000000000e+00
-26.50570 0.000000000000000e+00
-26.49810 0.000000000000000e+00
-26.49050 0.000000000000000e+00
-26.48290 0.000000000000000e+00
-26.47530 0.000000000000000e+00
-26.46769 0.000000000000000e+00
-26.46009 0.000000000000000e+00
-26.45249 0.000000000000000e+00
-26.44489 0.000000000000000e+00
-26.43729 0.000000000000000e+00
-26.42969 0.000000000000000e+00
-26.42208 0.000000000000000e+00
-26.41448 0.000000000000000e+00
-26.40688 0.000000000000000e+00
-26.39928 0.000000000000000e+00
-26.39168 0.000000000000000e+00
-26.38408 0.000000000000000e+00
-26.37648 0.000000000000000e+00
-26.36887 0.000000000000000e+00
-26.36127 0.000000000000000e+00
-26.35367 0.000000000000000e+00
-26.34607 0.000000000000000e+00
-26.33847 0.000000000000000e+00
-26.33087 0.000000000000000e+00
-26.32326 0.000000000000000e+00
-26.31566 0.000000000000000e+00
-26.30806 0.000000000000000e+00
-26.30046 0.000000000000000e+00
-26.29286 0.000000000000000e+00
-26.28526 0.000000000000000e+00
-26.27766 0.000000000000000e+00
-26.27005 0.000000000000000e+00
-26.26245 0.000000000000000e+00
-26.25485 0.000000000000000e+00
-26.24725 0.000000000000000e+00
-26.23965 0.000000000000000e+00
-26.23205 0.000000000000000e+00
-26.22444 0.000000000000000e+00
-26.21684 0.000000000000000e+00
-26.20924 0.000000000000000e+00
-26.20164 0.000000000000000e+00
-26.19404 0.000000000000000e+00
-26.18644 0.000000000000000e+00
-26.17884 0.000000000000000e+00
-26.17123 0.000000000000000e+00
-26.16363 0.000000000000000e+00
-26.15603 0.000000000000000e+00
-26.14843 0.000000000000000e+00
-26.14083 0.000000000000000e+00
-26.13323 0.000000000000000e+00
-26.12563 0.000000000000000e+00
-26.11802 0.000000000000000e+00
-26.11042 0.000000000000000e+00
-26.10282 0.000000000000000e+00
-26.09522 0.000000000000000e+00
-26.08762 0.000000000000000e+00
-26.08002 0.000000000000000e+00
-26.07241 0.000000000000000e+00
-26.06481 0.000000000000000e+00
-26.05721 0.000000000000000e+00
-26.04961 0.000000000000000e+00
-26.04201 0.000000000000000e+00
-26.03441 0.000000000000000e+00
-26.02681 0.000000000000000e+00
-26.01920 0.000000000000000e+00
-26.01160 0.000000000000000e+00
-26.00400 0.000000000000000e+00
-25.99640 0.000000000000000e+00
-25.98880 0.000000000000000e+00
-25.98120 0.000000000000000e+00
-25.97359 0.000000000000000e+00
-25.96599 0.000000000000000e+00
-25.95839 0.000000000000000e+00
-25.95079 0.000000000000000e+00
-25.94319 0.000000000000000e+00
-25.93559 0.000000000000000e+00
-25.92799 0.000000000000000e+00
-25.92038 0.000000000000000e+00
-25.91278 0.000000000000000e+00
-25.90518 0.000000000000000e+00
-25.89758 0.000000000000000e+00
-25.88998 0.000000000000000e+00
-25.88238 0.000000000000000e+00
-25.87477 0.000000000000000e+00
-25.86717 0.000000000000000e+00
-25.85957 0.000000000000000e+00
-25.85197 0.000000000000000e+00
-25.84437 0.000000000000000e+00
-25.83677 0.000000000000000e+00
-25.82917 0.000000000000000e+00
-25.82156 0.000000000000000e+00
-25.81396 0.000000000000000e+00
-25.80636 0.000000000000000e+00
-25.79876 0.000000000000000e+00
-25.79116 0.000000000000000e+00
-25.78356 0.000000000000000e+00
-25.77596 0.000000000000000e+00
-25.76835 0.000000000000000e+00
-25.76075 0.000000000000000e+00
-25.75315 0.000000000000000e+00
-25.74555 0.000000000000000e+00
-25.73795 0.000000000000000e+00
-25.73035 0.000000000000000e+00
-25.72274 0.000000000000000e+00
-25.71514 0.000000000000000e+00
-25.70754 0.000000000000000e+00
-25.69994 0.000000000000000e+00
-25.69234 0.000000000000000e+00
-25.68474 0.000000000000000e+00
-25.67714 0.000000000000000e+00
-25.66953 0.000000000000000e+00
-25.66193 0.000000000000000e+00
-25.65433 0.000000000000000e+00
-25.64673 0.000000000000000e+00
-25.63913 0.000000000000000e+00
-25.63153 0.000000000000000e+00
-25.62392 0.000000000000000e+00
-25.61632 0.000000000000000e+00
-25.60872 0.000000000000000e+00
-25.60112 0.000000000000000e+00
-25.59352 0.000000000000000e+00
-25.58592 0.000000000000000e+00
-25.57832 0.000000000000000e+00
-25.57071 0.000000000000000e+00
-25.56311 0.000000000000000e+00
-25.55551 0.000000000000000e+00
-25.54791 0.000000000000000e+00
-25.54031 0.000000000000000e+00
-25.53271 0.000000000000000e+00
-25.52511 0.000000000000000e+00
-25.51750 0.000000000000000e+00
-25.50990 0.000000000000000e+00
-25.50230 0.000000000000000e+00
-25.49470 0.000000000000000e+00
-25.48710 0.000000000000000e+00
-25.47950 0.000000000000000e+00
-25.47189 0.000000000000000e+00
-25.46429 0.000000000000000e+00
-25.45669 0.000000000000000e+00
-25.44909 0.000000000000000e+00
-25.44149 0.000000000000000e+00
-25.43389 0.000000000000000e+00
-25.42629 0.000000000000000e+00
-25.41868 0.000000000000000e+00
-25.41108 0.000000000000000e+00
-25.40348 0.000000000000000e+00
-25.39588 0.000000000000000e+00
-25.38828 0.000000000000000e+00
-25.38068 0.000000000000000e+00
-25.37307 0.000000000000000e+00
-25.36547 0.000000000000000e+00
-25.35787 0.000000000000000e+00
-25.35027 0.000000000000000e+00
-25.34267 0.000000000000000e+00
-25.33507 0.000000000000000e+00
-25.32747 0.000000000000000e+00
-25.31986 0.000000000000000e+00
-25.31226 0.000000000000000e+00
-25.30466 0.000000000000000e+00
-25.29706 0.000000000000000e+00
-25.28946 0.000000000000000e+00
-25.28186 0.000000000000000e+00
-25.27425 0.000000000000000e+00
-25.26665 0.000000000000000e+00
-25.25905 0.000000000000000e+00
-25.25145 0.000000000000000e+00
-25.24385 0.000000000000000e+00
-25.23625 0.000000000000000e+00
-25.22865 0.000000000000000e+00
-25.22104 0.000000000000000e+00
-25.21344 0.000000000000000e+00
-25.20584 0.000000000000000e+00
-25.19824 0.000000000000000e+00
-25.19064 0.000000000000000e+00
-25.18304 0.000000000000000e+00
-25.17544 0.000000000000000e+00
-25.16783 0.000000000000000e+00
-25.16023 0.000000000000000e+00
-25.15263 0.000000000000000e+00
-25.14503 0.000000000000000e+00
-25.13743 0.000000000000000e+00
-25.12983 0.000000000000000e+00
-25.12222 0.000000000000000e+00
-25.11462 0.000000000000000e+00
-25.10702 0.000000000000000e+00
-25.09942 0.000000000000000e+00
-25.09182 0.000000000000000e+00
-25.08422 0.000000000000000e+00
-25.07662 0.000000000000000e+00
-25.06901 0.000000000000000e+00
-25.06141 0.000000000000000e+00
-25.05381 0.000000000000000e+00
-25.04621 0.000000000000000e+00
-25.03861 0.000000000000000e+00
-25.03101 0.000000000000000e+00
-25.02340 0.000000000000000e+00
-25.01580 0.000000000000000e+00
-25.00820 0.000000000000000e+00
-25.00060 0.000000000000000e+00
-24.99300 0.000000000000000e+00
-24.98540 0.000000000000000e+00
-24.97780 0.000000000000000e+00
-24.97019 0.000000000000000e+00
-24.96259 0.000000000000000e+00
-24.95499 0.000000000000000e+00
-24.94739 0.000000000000000e+00
-24.93979 0.000000000000000e+00
-24.93219 0.000000000000000e+00
-24.92458 0.000000000000000e+00
-24.91698 0.000000000000000e+00
-24.90938 0.000000000000000e+00
-24.90178 0.000000000000000e+00
-24.89418 0.000000000000000e+00
-24.88658 0.000000000000000e+00
-24.87898 0.000000000000000e+00
-24.87137 0.000000000000000e+00
-24.86377 0.000000000000000e+00
-24.85617 0.000000000000000e+00
-24.84857 0.000000000000000e+00
-24.84097 0.000000000000000e+00
-24.83337 0.000000000000000e+00
-24.82577 0.000000000000000e+00
-24.81816 0.000000000000000e+00
-24.81056 0.000000000000000e+00
-24.80296 0.000000000000000e+00
-24.79536 0.000000000000000e+00
-24.78776 0.000000000000000e+00
-24.78016 0.000000000000000e+00
-24.77255 0.000000000000000e+00
-24.76495 0.000000000000000e+00
-24.75735 0.000000000000000e+00
-24.74975 0.000000000000000e+00
-24.74215 0.000000000000000e+00
-24.73455 0.000000000000000e+00
-24.72695 0.000000000000000e+00
-24.71934 0.000000000000000e+00
-24.71174 0.000000000000000e+00
-24.70414 0.000000000000000e+00
-24.69654 0.000000000000000e+00
-24.68894 0.000000000000000e+00
-24.68134 0.000000000000000e+00
-24.67373 0.000000000000000e+00
-24.66613 0.000000000000000e+00
-24.65853 0.000000000000000e+00
-24.65093 0.000000000000000e+00
-24.64333 0.000000000000000e+00
-24.63573 0.000000000000000e+00
-24.62813 0.000000000000000e+00
-24.62052 0.000000000000000e+00
-24.61292 0.000000000000000e+00
-24.60532 0.000000000000000e+00
-24.59772 0.000000000000000e+00
-24.59012 0.000000000000000e+00
-24.58252 0.000000000000000e+00
-24.57491 0.000000000000000e+00
-24.56731 0.000000000000000e+00
-24.55971 0.000000000000000e+00
-24.55211 0.000000000000000e+00
-24.54451 0.000000000000000e+00
-24.53691 0.000000000000000e+00
-24.52931 0.000000000000000e+00
-24.52170 0.000000000000000e+00
-24.51410 0.000000000000000e+00
-24.50650 0.000000000000000e+00
-24.49890 0.000000000000000e+00
-24.49130 0.000000000000000e+00
-24.48370 0.000000000000000e+00
-24.47610 0.000000000000000e+00
-24.46849 0.000000000000000e+00
-24.46089 0.000000000000000e+00
-24.45329 0.000000000000000e+00
-24.44569 0.000000000000000e+00
-24.43809 0.000000000000000e+00
-24.43049 0.000000000000000e+00
-24.42288 0.000000000000000e+00
-24.41528 0.000000000000000e+00
-24.40768 0.000000000000000e+00
-24.40008 0.000000000000000e+00
-24.39248 0.000000000000000e+00
-24.38488 0.000000000000000e+00
-24.37728 0.000000000000000e+00
-24.36967 0.000000000000000e+00
-24.36207 0.000000000000000e+00
-24.35447 0.000000000000000e+00
-24.34687 0.000000000000000e+00
-24.33927 0.000000000000000e+00
-24.33167 0.000000000000000e+00
-24.32406 0.000000000000000e+00
-24.31646 0.000000000000000e+00
-24.30886 0.000000000000000e+00
-24.30126 0.000000000000000e+00
-24.29366 0.000000000000000e+00
-24.28606 0.000000000000000e+00
-24.27846 0.000000000000000e+00
-24.27085 0.000000000000000e+00
-24.26325 0.000000000000000e+00
-24.25565 0.000000000000000e+00
-24.24805 0.000000000000000e+00
-24.24045 0.000000000000000e+00
-24.23285 0.000000000000000e+00
-24.22525 0.000000000000000e+00
-24.21764 0.000000000000000e+00
-24.21004 0.000000000000000e+00
-24.20244 0.000000000000000e+00
-24.19484 0.000000000000000e+00
-24.18724 0.000000000000000e+00
-24.17964 0.000000000000000e+00
-24.17203 0.000000000000000e+00
-24.16443 0.000000000000000e+00
-24.15683 0.000000000000000e+00
-24.14923 0.000000000000000e+00
-24.14163 0.000000000000000e+00
-24.13403 0.000000000000000e+00
-24.12643 0.000000000000000e+00
-24.11882 0.000000000000000e+00
-24.11122 0.000000000000000e+00
-24.10362 0.000000000000000e+00
-24.09602 0.000000000000000e+00
-24.08842 0.000000000000000e+00
-24.08082 0.000000000000000e+00
-24.07321 0.000000000000000e+00
-24.06561 0.000000000000000e+00
-24.05801 0.000000000000000e+00
-24.05041 0.000000000000000e+00
-24.04281 0.000000000000000e+00
-24.03521 0.000000000000000e+00
-24.02761 0.000000000000000e+00
-24.02000 0.000000000000000e+00
-24.01240 0.000000000000000e+00
-24.00480 0.000000000000000e+00
-23.99720 0.000000000000000e+00
-23.98960 0.000000000000000e+00
-23.98200 0.000000000000000e+00
-23.97439 0.000000000000000e+00
-23.96679 0.000000000000000e+00
-23.95919 0.000000000000000e+00
-23.95159 0.000000000000000e+00
-23.94399 0.000000000000000e+00
-23.93639 0.000000000000000e+00
-23.92879 0.000000000000000e+00
-23.92118 0.000000000000000e+00
-23.91358 0.000000000000000e+00
-23.90598 0.000000000000000e+00
-23.89838 0.000000000000000e+00
-23.89078 0.000000000000000e+00
-23.88318 0.000000000000000e+00
-23.87558 0.000000000000000e+00
-23.86797 0.000000000000000e+00
-23.86037 0.000000000000000e+00
-23.85277 0.000000000000000e+00
-23.84517 0.000000000000000e+00
-23.83757 0.000000000000000e+00
-23.82997 0.000000000000000e+00
-23.82236 0.000000000000000e+00
-23.81476 0.000000000000000e+00
-23.80716 0.000000000000000e+00
-23.79956 0.000000000000000e+00
-23.79196 0.000000000000000e+00
-23.78436 0.000000000000000e+00
-23.77676 0.000000000000000e+00
-23.76915 0.000000000000000e+00
-23.76155 0.000000000000000e+00
-23.75395 0.000000000000000e+00
-23.74635 0.000000000000000e+00
-23.73875 0.000000000000000e+00
-23.73115 0.000000000000000e+00
-23.72354 0.000000000000000e+00
-23.71594 0.000000000000000e+00
-23.70834 0.000000000000000e+00
-23.70074 0.000000000000000e+00
-23.69314 0.000000000000000e+00
-23.68554 0.000000000000000e+00
-23.67794 0.000000000000000e+00
-23.67033 0.000000000000000e+00
-23.66273 0.000000000000000e+00
-23.65513 0.000000000000000e+00
-23.64753 0.000000000000000e+00
-23.63993 0.000000000000000e+00
-23.63233 0.000000000000000e+00
-23.62472 0.000000000000000e+00
-23.61712 0.000000000000000e+00
-23.60952 0.000000000000000e+00
-23.60192 0.000000000000000e+00
-23.59432 0.000000000000000e+00
-23.58672 0.000000000000000e+00
-23.57912 0.000000000000000e+00
-23.57151 0.000000000000000e+00
-23.56391 0.000000000000000e+00
-23.55631 0.000000000000000e+00
-23.54871 0.000000000000000e+00
-23.54111 0.000000000000000e+00
-23.53351 0.000000000000000e+00
-23.52591 0.000000000000000e+00
-23.51830 0.000000000000000e+00
-23.51070 0.000000000000000e+00
-23.50310 0.000000000000000e+00
-23.49550 0.000000000000000e+00
-23.48790 0.000000000000000e+00
-23.48030 0.000000000000000e+00
-23.47269 0.000000000000000e+00
-23.46509 0.000000000000000e+00
-23.45749 0.000000000000000e+00
-23.44989 0.000000000000000e+00
-23.44229 0.000000000000000e+00
-23.43469 0.000000000000000e+00
-23.42709 0.000000000000000e+00
-23.41948 0.000000000000000e+00
-23.41188 0.000000000000000e+00
-23.40428 0.000000000000000e+00
-23.39668 0.000000000000000e+00
-23.38908 0.000000000000000e+00
-23.38148 0.000000000000000e+00
-23.37387 0.000000000000000e+00
-23.36627 0.000000000000000e+00
-23.35867 0.000000000000000e+00
-23.35107 0.000000000000000e+00
-23.34347 0.000000000000000e+00
-23.33587 0.000000000000000e+00
-23.32827 0.000000000000000e+00
-23.32066 0.000000000000000e+00
-23.31306 0.000000000000000e+00
-23.30546 0.000000000000000e+00
-23.29786 0.000000000000000e+00
-23.29026 0.000000000000000e+00
-23.28266 0.000000000000000e+00
-23.27506 0.000000000000000e+00
-23.26745 0.000000000000000e+00
-23.25985 0.000000000000000e+00
-23.25225 0.000000000000000e+00
-23.24465 0.000000000000000e+00
-23.23705 0.000000000000000e+00
-23.22945 0.000000000000000e+00
-23.22184 0.000000000000000e+00
-23.21424 0.000000000000000e+00
-23.20664 0.000000000000000e+00
-23.19904 0.000000000000000e+00
-23.19144 0.000000000000000e+00
-23.18384 0.000000000000000e+00
-23.17624 0.000000000000000e+00
-23.16863 0.000000000000000e+00
-23.16103 0.000000000000000e+00
-23.15343 0.000000000000000e+00
-23.14583 0.000000000000000e+00
-23.13823 0.000000000000000e+00
-23.13063 0.000000000000000e+00
-23.12302 0.000000000000000e+00
-23.11542 0.000000000000000e+00
-23.10782 0.000000000000000e+00
-23.10022 0.000000000000000e+00
-23.09262 0.000000000000000e+00
-23.08502 0.000000000000000e+00
-23.07742 0.000000000000000e+00
-23.06981 0.000000000000000e+00
-23.06221 0.000000000000000e+00
-23.05461 0.000000000000000e+00
-23.04701 0.000000000000000e+00
-23.03941 0.000000000000000e+00
-23.03181 0.000000000000000e+00
-23.02420 0.000000000000000e+00
-23.01660 0.000000000000000e+00
-23.00900 0.000000000000000e+00
-23.00140 0.000000000000000e+00
-22.99380 0.000000000000000e+00
-22.98620 0.000000000000000e+00
-22.97860 0.000000000000000e+00
-22.97099 0.000000000000000e+00
-22.96339 0.000000000000000e+00
-22.95579 0.000000000000000e+00
-22.94819 0.000000000000000e+00
-22.94059 0.000000000000000e+00
-22.93299 0.000000000000000e+00
-22.92539 0.000000000000000e+00
-22.91778 0.000000000000000e+00
-22.91018 0.000000000000000e+00
-22.90258 0.000000000000000e+00
-22.89498 0.000000000000000e+00
-22.88738 0.000000000000000e+00
-22.87978 0.000000000000000e+00
-22.87217 0.000000000000000e+00
-22.86457 0.000000000000000e+00
-22.85697 0.000000000000000e+00
-22.84937 0.000000000000000e+00
-22.84177 0.000000000000000e+00
-22.83417 0.000000000000000e+00
-22.82657 0.000000000000000e+00
-22.81896 0.000000000000000e+00
-22.81136 0.000000000000000e+00
-22.80376 0.000000000000000e+00
-22.79616 0.000000000000000e+00
-22.78856 0.000000000000000e+00
-22.78096 0.000000000000000e+00
-22.77335 0.000000000000000e+00
-22.76575 0.000000000000000e+00
-22.75815 0.000000000000000e+00
-22.75055 0.000000000000000e+00
-22.74295 0.000000000000000e+00
-22.73535 0.000000000000000e+00
-22.72775 0.000000000000000e+00
-22.72014 0.000000000000000e+00
-22.71254 0.000000000000000e+00
-22.70494 0.000000000000000e+00
-22.69734 0.000000000000000e+00
-22.68974 0.000000000000000e+00
-22.68214 0.000000000000000e+00
-22.67453 0.000000000000000e+00
-22.66693 0.000000000000000e+00
-22.65933 0.000000000000000e+00
-22.65173 0.000000000000000e+00
-22.64413 0.000000000000000e+00
-22.63653 0.000000000000000e+00
-22.62893 0.000000000000000e+00
-22.62132 0.000000000000000e+00
-22.61372 0.000000000000000e+00
-22.60612 0.000000000000000e+00
-22.59852 0.000000000000000e+00
-22.59092 0.000000000000000e+00
-22.58332 0.000000000000000e+00
-22.57572 0.000000000000000e+00
-22.56811 0.000000000000000e+00
-22.56051 0.000000000000000e+00
-22.55291 0.000000000000000e+00
-22.54531 0.000000000000000e+00
-22.53771 0.000000000000000e+00
-22.53011 0.000000000000000e+00
-22.52250 0.000000000000000e+00
-22.51490 0.000000000000000e+00
-22.50730 0.000000000000000e+00
-22.49970 0.000000000000000e+00
-22.49210 0.000000000000000e+00
-22.48450 0.000000000000000e+00
-22.47690 0.000000000000000e+00
-22.46929 0.000000000000000e+00
-22.46169 0.000000000000000e+00
-22.45409 0.000000000000000e+00
-22.44649 0.000000000000000e+00
-22.43889 0.000000000000000e+00
-22.43129 0.000000000000000e+00
-22.42368 0.000000000000000e+00
-22.41608 0.000000000000000e+00
-22.40848 0.000000000000000e+00
-22.40088 0.000000000000000e+00
-22.39328 0.000000000000000e+00
-22.38568 0.000000000000000e+00
-22.37808 0.000000000000000e+00
-22.37047 0.000000000000000e+00
-22.36287 0.000000000000000e+00
-22.35527 0.000000000000000e+00
-22.34767 0.000000000000000e+00
-22.34007 0.000000000000000e+00
-22.33247 0.000000000000000e+00
-22.32486 0.000000000000000e+00
-22.31726 0.000000000000000e+00
-22.30966 0.000000000000000e+00
-22.30206 0.000000000000000e+00
-22.29446 0.000000000000000e+00
-22.28686 0.000000000000000e+00
-22.27926 0.000000000000000e+00
-22.27165 0.000000000000000e+00
-22.26405 0.000000000000000e+00
-22.25645 0.000000000000000e+00
-22.24885 0.000000000000000e+00
-22.24125 0.000000000000000e+00
-22.23365 0.000000000000000e+00
-22.22605 0.000000000000000e+00
-22.21844 0.000000000000000e+00
-22.21084 0.000000000000000e+00
-22.20324 0.000000000000000e+00
-22.19564 0.000000000000000e+00
-22.18804 0.000000000000000e+00
-22.18044 0.000000000000000e+00
-22.17283 0.000000000000000e+00
-22.16523 0.000000000000000e+00
-22.15763 0.000000000000000e+00
-22.15003 0.000000000000000e+00
-22.14243 0.000000000000000e+00
-22.13483 0.000000000000000e+00
-22.12723 0.000000000000000e+00
-22.11962 0.000000000000000e+00
-22.11202 0.000000000000000e+00
-22.10442 0.000000000000000e+00
-22.09682 0.000000000000000e+00
-22.08922 0.000000000000000e+00
-22.08162 0.000000000000000e+00
-22.07401 0.000000000000000e+00
-22.06641 0.000000000000000e+00
-22.05881 0.000000000000000e+00
-22.05121 0.000000000000000e+00
-22.04361 0.000000000000000e+00
-22.03601 0.000000000000000e+00
-22.02841 0.000000000000000e+00
-22.02080 0.000000000000000e+00
-22.01320 0.000000000000000e+00
-22.00560 0.000000000000000e+00
-21.99800 0.000000000000000e+00
-21.99040 0.000000000000000e+00
-21.98280 0.000000000000000e+00
-21.97520 0.000000000000000e+00
-21.96759 0.000000000000000e+00
-21.95999 0.000000000000000e+00
-21.95239 0.000000000000000e+00
-21.94479 0.000000000000000e+00
-21.93719 0.000000000000000e+00
-21.92959 0.000000000000000e+00
-21.92198 0.000000000000000e+00
-21.91438 0.000000000000000e+00
-21.90678 0.000000000000000e+00
-21.89918 0.000000000000000e+00
-21.89158 0.000000000000000e+00
-21.88398 0.000000000000000e+00
-21.87638 0.000000000000000e+00
-21.86877 0.000000000000000e+00
-21.86117 0.000000000000000e+00
-21.85357 0.000000000000000e+00
-21.84597 0.000000000000000e+00
-21.83837 0.000000000000000e+00
-21.83077 0.000000000000000e+00
-21.82316 0.000000000000000e+00
-21.81556 0.000000000000000e+00
-21.80796 0.000000000000000e+00
-21.80036 0.000000000000000e+00
-21.79276 0.000000000000000e+00
-21.78516 0.000000000000000e+00
-21.77756 0.000000000000000e+00
-21.76995 0.000000000000000e+00
-21.76235 0.000000000000000e+00
-21.75475 0.000000000000000e+00
-21.74715 0.000000000000000e+00
-21.73955 0.000000000000000e+00
-21.73195 0.000000000000000e+00
-21.72434 0.000000000000000e+00
-21.71674 0.000000000000000e+00
-21.70914 0.000000000000000e+00
-21.70154 0.000000000000000e+00
-21.69394 0.000000000000000e+00
-21.68634 0.000000000000000e+00
-21.67874 0.000000000000000e+00
-21.67113 0.000000000000000e+00
-21.66353 0.000000000000000e+00
-21.65593 0.000000000000000e+00
-21.64833 0.000000000000000e+00
-21.64073 0.000000000000000e+00
-21.63313 0.000000000000000e+00
-21.62553 0.000000000000000e+00
-21.61792 0.000000000000000e+00
-21.61032 0.000000000000000e+00
-21.60272 0.000000000000000e+00
-21.59512 0.000000000000000e+00
-21.58752 0.000000000000000e+00
-21.57992 0.000000000000000e+00
-21.57231 0.000000000000000e+00
-21.56471 0.000000000000000e+00
-21.55711 0.000000000000000e+00
-21.54951 0.000000000000000e+00
-21.54191 0.000000000000000e+00
-21.53431 0.000000000000000e+00
-21.52671 0.000000000000000e+00
-21.51910 0.000000000000000e+00
-21.51150 0.000000000000000e+00
-21.50390 0.000000000000000e+00
-21.49630 0.000000000000000e+00
-21.48870 0.000000000000000e+00
-21.48110 0.000000000000000e+00
-21.47349 0.000000000000000e+00
-21.46589 0.000000000000000e+00
-21.45829 0.000000000000000e+00
-21.45069 0.000000000000000e+00
-21.44309 0.000000000000000e+00
-21.43549 0.000000000000000e+00
-21.42789 0.000000000000000e+00
-21.42028 0.000000000000000e+00
-21.41268 0.000000000000000e+00
-21.40508 0.000000000000000e+00
-21.39748 0.000000000000000e+00
-21.38988 0.000000000000000e+00
-21.38228 0.000000000000000e+00
-21.37467 0.000000000000000e+00
-21.36707 0.000000000000000e+00
-21.35947 0.000000000000000e+00
-21.35187 0.000000000000000e+00
-21.34427 0.000000000000000e+00
-21.33667 0.000000000000000e+00
-21.32907 0.000000000000000e+00
-21.32146 0.000000000000000e+00
-21.31386 0.000000000000000e+00
-21.30626 0.000000000000000e+00
-21.29866 0.000000000000000e+00
-21.29106 0.000000000000000e+00
-21.28346 0.000000000000000e+00
-21.27586 0.000000000000000e+00
-21.26825 0.000000000000000e+00
-21.26065 0.000000000000000e+00
-21.25305 0.000000000000000e+00
-21.24545 0.000000000000000e+00
-21.23785 0.000000000000000e+00
-21.23025 0.000000000000000e+00
-21.22264 0.000000000000000e+00
-21.21504 0.000000000000000e+00
-21.20744 0.000000000000000e+00
-21.19984 0.000000000000000e+00
-21.19224 0.000000000000000e+00
-21.18464 0.000000000000000e+00
-21.17704 0.000000000000000e+00
-21.16943 0.000000000000000e+00
-21.16183 0.000000000000000e+00
-21.15423 0.000000000000000e+00
-21.14663 0.000000000000000e+00
-21.13903 0.000000000000000e+00
-21.13143 0.000000000000000e+00
-21.12382 0.000000000000000e+00
-21.11622 0.000000000000000e+00
-21.10862 0.000000000000000e+00
-21.10102 0.000000000000000e+00
-21.09342 0.000000000000000e+00
-21.08582 0.000000000000000e+00
-21.07822 0.000000000000000e+00
-21.07061 0.000000000000000e+00
-21.06301 0.000000000000000e+00
-21.05541 0.000000000000000e+00
-21.04781 0.000000000000000e+00
-21.04021 0.000000000000000e+00
-21.03261 0.000000000000000e+00
-21.02501 0.000000000000000e+00
-21.01740 0.000000000000000e+00
-21.00980 0.000000000000000e+00
-21.00220 0.000000000000000e+00
-20.99460 0.000000000000000e+00
-20.98700 0.000000000000000e+00
-20.97940 0.000000000000000e+00
-20.97179 0.000000000000000e+00
-20.96419 0.000000000000000e+00
-20.95659 0.000000000000000e+00
-20.94899 0.000000000000000e+00
-20.94139 0.000000000000000e+00
-20.93379 0.000000000000000e+00
-20.92619 0.000000000000000e+00
-20.91858 0.000000000000000e+00
-20.91098 0.000000000000000e+00
-20.90338 0.000000000000000e+00
-20.89578 0.000000000000000e+00
-20.88818 0.000000000000000e+00
-20.88058 0.000000000000000e+00
-20.87297 0.000000000000000e+00
-20.86537 0.000000000000000e+00
-20.85777 0.000000000000000e+00
-20.85017 0.000000000000000e+00
-20.84257 0.000000000000000e+00
-20.83497 0.000000000000000e+00
-20.82737 0.000000000000000e+00
-20.81976 0.000000000000000e+00
-20.81216 0.000000000000000e+00
-20.80456 0.000000000000000e+00
-20.79696 0.000000000000000e+00
-20.78936 0.000000000000000e+00
-20.78176 0.000000000000000e+00
-20.77415 0.000000000000000e+00
-20.76655 0.000000000000000e+00
-20.75895 0.000000000000000e+00
-20.75135 0.000000000000000e+00
-20.74375 0.000000000000000e+00
-20.73615 0.000000000000000e+00
-20.72855 0.000000000000000e+00
-20.72094 0.000000000000000e+00
-20.71334 0.000000000000000e+00
-20.70574 0.000000000000000e+00
-20.69814 0.000000000000000e+00
-20.69054 0.000000000000000e+00
-20.68294 0.000000000000000e+00
-20.67534 0.000000000000000e+00
-20.66773 0.000000000000000e+00
-20.66013 0.000000000000000e+00
-20.65253 0.000000000000000e+00
-20.64493 0.000000000000000e+00
-20.63733 0.000000000000000e+00
-20.62973 0.000000000000000e+00
-20.62212 0.000000000000000e+00
-20.61452 0.000000000000000e+00
-20.60692 0.000000000000000e+00
-20.59932 0.000000000000000e+00
-20.59172 0.000000000000000e+00
-20.58412 0.000000000000000e+00
-20.57652 0.000000000000000e+00
-20.56891 0.000000000000000e+00
-20.56131 0.000000000000000e+00
-20.55371 0.000000000000000e+00
-20.54611 0.000000000000000e+00
-20.53851 0.000000000000000e+00
-20.53091 0.000000000000000e+00
-20.52330 0.000000000000000e+00
-20.51570 0.000000000000000e+00
-20.50810 0.000000000000000e+00
-20.50050 0.000000000000000e+00
-20.49290 0.000000000000000e+00
-20.48530 0.000000000000000e+00
-20.47770 0.000000000000000e+00
-20.47009 0.000000000000000e+00
-20.46249 0.000000000000000e+00
-20.45489 0.000000000000000e+00
-20.44729 0.000000000000000e+00
-20.43969 0.000000000000000e+00
-20.43209 0.000000000000000e+00
-20.42448 0.000000000000000e+00
-20.41688 0.000000000000000e+00
-20.40928 0.000000000000000e+00
-20.40168 0.000000000000000e+00
-20.39408 0.000000000000000e+00
-20.38648 0.000000000000000e+00
-20.37888 0.000000000000000e+00
-20.37127 0.000000000000000e+00
-20.36367 0.000000000000000e+00
-20.35607 0.000000000000000e+00
-20.34847 0.000000000000000e+00
-20.34087 0.000000000000000e+00
-20.33327 0.000000000000000e+00
-20.32567 0.000000000000000e+00
-20.31806 0.000000000000000e+00
-20.31046 0.000000000000000e+00
-20.30286 0.000000000000000e+00
-20.29526 0.000000000000000e+00
-20.28766 0.000000000000000e+00
-20.28006 0.000000000000000e+00
-20.27245 0.000000000000000e+00
-20.26485 0.000000000000000e+00
-20.25725 0.000000000000000e+00
-20.24965 0.000000000000000e+00
-20.24205 0.000000000000000e+00
-20.23445 0.000000000000000e+00
-20.22685 0.000000000000000e+00
-20.21924 0.000000000000000e+00
-20.21164 0.000000000000000e+00
-20.20404 0.000000000000000e+00
-20.19644 0.000000000000000e+00
-20.18884 0.000000000000000e+00
-20.18124 0.000000000000000e+00
-20.17363 0.000000000000000e+00
-20.16603 0.000000000000000e+00
-20.15843 0.000000000000000e+00
-20.15083 0.000000000000000e+00
-20.14323 0.000000000000000e+00
-20.13563 0.000000000000000e+00
-20.12803 0.000000000000000e+00
-20.12042 0.000000000000000e+00
-20.11282 0.000000000000000e+00
-20.10522 0.000000000000000e+00
-20.09762 0.000000000000000e+00
-20.09002 0.000000000000000e+00
-20.08242 0.000000000000000e+00
-20.07481 0.000000000000000e+00
-20.06721 0.000000000000000e+00
-20.05961 0.000000000000000e+00
-20.05201 0.000000000000000e+00
-20.04441 0.000000000000000e+00
-20.03681 0.000000000000000e+00
-20.02921 0.000000000000000e+00
-20.02160 0.000000000000000e+00
-20.01400 0.000000000000000e+00
-20.00640 0.000000000000000e+00
-19.99880 0.000000000000000e+00
-19.99120 0.000000000000000e+00
-19.98360 0.000000000000000e+00
-19.97600 0.000000000000000e+00
-19.96839 0.000000000000000e+00
-19.96079 0.000000000000000e+00
-19.95319 0.000000000000000e+00
-19.94559 0.000000000000000e+00
-19.93799 0.000000000000000e+00
-19.93039 0.000000000000000e+00
-19.92278 0.000000000000000e+00
-19.91518 0.000000000000000e+00
-19.90758 0.000000000000000e+00
-19.89998 0.000000000000000e+00
-19.89238 0.000000000000000e+00
-19.88478 0.000000000000000e+00
-19.87718 0.000000000000000e+00
-19.86957 0.000000000000000e+00
-19.86197 0.000000000000000e+00
-19.85437 0.000000000000000e+00
-19.84677 0.000000000000000e+00
-19.83917 0.000000000000000e+00
-19.83157 0.000000000000000e+00
-19.82396 0.000000000000000e+00
-19.81636 0.000000000000000e+00
-19.80876 0.000000000000000e+00
-19.80116 0.000000000000000e+00
-19.79356 0.000000000000000e+00
-19.78596 0.000000000000000e+00
-19.77836 0.000000000000000e+00
-19.77075 0.000000000000000e+00
-19.76315 0.000000000000000e+00
-19.75555 0.000000000000000e+00
-19.74795 0.000000000000000e+00
-19.74035 0.000000000000000e+00
-19.73275 0.000000000000000e+00
-19.72515 0.000000000000000e+00
-19.71754 0.000000000000000e+00
-19.70994 0.000000000000000e+00
-19.70234 0.000000000000000e+00
-19.69474 0.000000000000000e+00
-19.68714 0.000000000000000e+00
-19.67954 0.000000000000000e+00
-19.67193 0.000000000000000e+00
-19.66433 0.000000000000000e+00
-19.65673 0.000000000000000e+00
-19.64913 0.000000000000000e+00
-19.64153 0.000000000000000e+00
-19.63393 0.000000000000000e+00
-19.62633 0.000000000000000e+00
-19.61872 0.000000000000000e+00
-19.61112 0.000000000000000e+00
-19.60352 0.000000000000000e+00
-19.59592 0.000000000000000e+00
-19.58832 0.000000000000000e+00
-19.58072 0.000000000000000e+00
-19.57311 0.000000000000000e+00
-19.56551 0.000000000000000e+00
-19.55791 0.000000000000000e+00
-19.55031 0.000000000000000e+00
-19.54271 0.000000000000000e+00
-19.53511 0.000000000000000e+00
-19.52751 0.000000000000000e+00
-19.51990 0.000000000000000e+00
-19.51230 0.000000000000000e+00
-19.50470 0.000000000000000e+00
-19.49710 0.000000000000000e+00
-19.48950 0.000000000000000e+00
-19.48190 0.000000000000000e+00
-19.47429 0.000000000000000e+00
-19.46669 0.000000000000000e+00
-19.45909 0.000000000000000e+00
-19.45149 0.000000000000000e+00
-19.44389 0.000000000000000e+00
-19.43629 0.000000000000000e+00
-19.42869 0.000000000000000e+00
-19.42108 0.000000000000000e+00
-19.41348 0.000000000000000e+00
-19.40588 0.000000000000000e+00
-19.39828 0.000000000000000e+00
-19.39068 0.000000000000000e+00
-19.38308 0.000000000000000e+00
-19.37548 0.000000000000000e+00
-19.36787 0.000000000000000e+00
-19.36027 0.000000000000000e+00
-19.35267 0.000000000000000e+00
-19.34507 0.000000000000000e+00
-19.33747 0.000000000000000e+00
-19.32987 0.000000000000000e+00
-19.32226 0.000000000000000e+00
-19.31466 0.000000000000000e+00
-19.30706 0.000000000000000e+00
-19.29946 0.000000000000000e+00
-19.29186 0.000000000000000e+00
-19.28426 0.000000000000000e+00
-19.27666 0.000000000000000e+00
-19.26905 0.000000000000000e+00
-19.26145 0.000000000000000e+00
-19.25385 0.000000000000000e+00
-19.24625 0.000000000000000e+00
-19.23865 0.000000000000000e+00
-19.23105 0.000000000000000e+00
-19.22344 0.000000000000000e+00
-19.21584 0.000000000000000e+00
-19.20824 0.000000000000000e+00
-19.20064 0.000000000000000e+00
-19.19304 0.000000000000000e+00
-19.18544 0.000000000000000e+00
-19.17784 0.000000000000000e+00
-19.17023 0.000000000000000e+00
-19.16263 0.000000000000000e+00
-19.15503 0.000000000000000e+00
-19.14743 0.000000000000000e+00
-19.13983 0.000000000000000e+00
-19.13223 0.000000000000000e+00
-19.12462 0.000000000000000e+00
-19.11702 0.000000000000000e+00
-19.10942 0.000000000000000e+00
-19.10182 0.000000000000000e+00
-19.09422 0.000000000000000e+00
-19.08662 0.000000000000000e+00
-19.07902 0.000000000000000e+00
-19.07141 0.000000000000000e+00
-19.06381 0.000000000000000e+00
-19.05621 0.000000000000000e+00
-19.04861 0.000000000000000e+00
-19.04101 0.000000000000000e+00
-19.03341 0.000000000000000e+00
-19.02581 0.000000000000000e+00
-19.01820 0.000000000000000e+00
-19.01060 0.000000000000000e+00
-19.00300 0.000000000000000e+00
-18.99540 0.000000000000000e+00
-18.98780 0.000000000000000e+00
-18.98020 0.000000000000000e+00
-18.97259 0.000000000000000e+00
-18.96499 0.000000000000000e+00
-18.95739 0.000000000000000e+00
-18.94979 0.000000000000000e+00
-18.94219 0.000000000000000e+00
-18.93459 0.000000000000000e+00
-18.92699 0.000000000000000e+00
-18.91938 0.000000000000000e+00
-18.91178 0.000000000000000e+00
-18.90418 0.000000000000000e+00
-18.89658 0.000000000000000e+00
-18.88898 0.000000000000000e+00
-18.88138 0.000000000000000e+00
-18.87377 0.000000000000000e+00
-18.86617 0.000000000000000e+00
-18.85857 0.000000000000000e+00
-18.85097 0.000000000000000e+00
-18.84337 0.000000000000000e+00
-18.83577 0.000000000000000e+00
-18.82817 0.000000000000000e+00
-18.82056 0.000000000000000e+00
-18.81296 0.000000000000000e+00
-18.80536 0.000000000000000e+00
-18.79776 0.000000000000000e+00
-18.79016 0.000000000000000e+00
-18.78256 0.000000000000000e+00
-18.77495 0.000000000000000e+00
-18.76735 0.000000000000000e+00
-18.75975 0.000000000000000e+00
-18.75215 0.000000000000000e+00
-18.74455 0.000000000000000e+00
-18.73695 0.000000000000000e+00
-18.72935 0.000000000000000e+00
-18.72174 0.000000000000000e+00
-18.71414 0.000000000000000e+00
-18.70654 0.000000000000000e+00
-18.69894 0.000000000000000e+00
-18.69134 0.000000000000000e+00
-18.68374 0.000000000000000e+00
-18.67614 0.000000000000000e+00
-18.66853 0.000000000000000e+00
-18.66093 0.000000000000000e+00
-18.65333 0.000000000000000e+00
-18.64573 0.000000000000000e+00
-18.63813 0.000000000000000e+00
-18.63053 0.000000000000000e+00
-18.62292 0.000000000000000e+00
-18.61532 0.000000000000000e+00
-18.60772 0.000000000000000e+00
-18.60012 0.000000000000000e+00
-18.59252 0.000000000000000e+00
-18.58492 0.000000000000000e+00
-18.57732 0.000000000000000e+00
-18.56971 0.000000000000000e+00
-18.56211 0.000000000000000e+00
-18.55451 0.000000000000000e+00
-18.54691 0.000000000000000e+00
-18.53931 0.000000000000000e+00
-18.53171 0.000000000000000e+00
-18.52410 0.000000000000000e+00
-18.51650 0.000000000000000e+00
-18.50890 0.000000000000000e+00
-18.50130 0.000000000000000e+00
-18.49370 0.000000000000000e+00
-18.48610 0.000000000000000e+00
-18.47850 0.000000000000000e+00
-18.47089 0.000000000000000e+00
-18.46329 0.000000000000000e+00
-18.45569 0.000000000000000e+00
-18.44809 0.000000000000000e+00
-18.44049 0.000000000000000e+00
-18.43289 0.000000000000000e+00
-18.42529 0.000000000000000e+00
-18.41768 0.000000000000000e+00
-18.41008 0.000000000000000e+00
-18.40248 0.000000000000000e+00
-18.39488 0.000000000000000e+00
-18.38728 0.000000000000000e+00
-18.37968 0.000000000000000e+00
-18.37207 0.000000000000000e+00
-18.36447 0.000000000000000e+00
-18.35687 0.000000000000000e+00
-18.34927 0.000000000000000e+00
-18.34167 0.000000000000000e+00
-18.33407 0.000000000000000e+00
-18.32647 0.000000000000000e+00
-18.31886 0.000000000000000e+00
-18.31126 0.000000000000000e+00
-18.30366 0.000000000000000e+00
-18.29606 0.000000000000000e+00
-18.28846 0.000000000000000e+00
-18.28086 0.000000000000000e+00
-18.27325 0.000000000000000e+00
-18.26565 0.000000000000000e+00
-18.25805 0.000000000000000e+00
-18.25045 0.000000000000000e+00
-18.24285 0.000000000000000e+00
-18.23525 0.000000000000000e+00
-18.22765 0.000000000000000e+00
-18.22004 0.000000000000000e+00
-18.21244 0.000000000000000e+00
-18.20484 0.000000000000000e+00
-18.19724 0.000000000000000e+00
-18.18964 0.000000000000000e+00
-18.18204 0.000000000000000e+00
-18.17443 0.000000000000000e+00
-18.16683 0.000000000000000e+00
-18.15923 0.000000000000000e+00
-18.15163 0.000000000000000e+00
-18.14403 0.000000000000000e+00
-18.13643 0.000000000000000e+00
-18.12883 0.000000000000000e+00
-18.12122 0.000000000000000e+00
-18.11362 0.000000000000000e+00
-18.10602 0.000000000000000e+00
-18.09842 0.000000000000000e+00
-18.09082 0.000000000000000e+00
-18.08322 0.000000000000000e+00
-18.07562 0.000000000000000e+00
-18.06801 0.000000000000000e+00
-18.06041 0.000000000000000e+00
-18.05281 0.000000000000000e+00
-18.04521 0.000000000000000e+00
-18.03761 0.000000000000000e+00
-18.03001 0.000000000000000e+00
-18.02240 0.000000000000000e+00
-18.01480 0.000000000000000e+00
-18.00720 0.000000000000000e+00
-17.99960 0.000000000000000e+00
-17.99200 0.000000000000000e+00
-17.98440 0.000000000000000e+00
-17.97680 0.000000000000000e+00
-17.96919 0.000000000000000e+00
-17.96159 0.000000000000000e+00
-17.95399 0.000000000000000e+00
-17.94639 0.000000000000000e+00
-17.93879 0.000000000000000e+00
-17.93119 0.000000000000000e+00
-17.92358 0.000000000000000e+00
-17.91598 0.000000000000000e+00
-17.90838 0.000000000000000e+00
-17.90078 0.000000000000000e+00
-17.89318 0.000000000000000e+00
-17.88558 0.000000000000000e+00
-17.87798 0.000000000000000e+00
-17.87037 0.000000000000000e+00
-17.86277 0.000000000000000e+00
-17.85517 0.000000000000000e+00
-17.84757 0.000000000000000e+00
-17.83997 0.000000000000000e+00
-17.83237 0.000000000000000e+00
-17.82476 0.000000000000000e+00
-17.81716 0.000000000000000e+00
-17.80956 0.000000000000000e+00
-17.80196 0.000000000000000e+00
-17.79436 0.000000000000000e+00
-17.78676 0.000000000000000e+00
-17.77916 0.000000000000000e+00
-17.77155 0.000000000000000e+00
-17.76395 0.000000000000000e+00
-17.75635 0.000000000000000e+00
-17.74875 0.000000000000000e+00
-17.74115 0.000000000000000e+00
-17.73355 0.000000000000000e+00
-17.72595 0.000000000000000e+00
-17.71834 0.000000000000000e+00
-17.71074 0.000000000000000e+00
-17.70314 0.000000000000000e+00
-17.69554 0.000000000000000e+00
-17.68794 0.000000000000000e+00
-17.68034 0.000000000000000e+00
-17.67273 0.000000000000000e+00
-17.66513 0.000000000000000e+00
-17.65753 0.000000000000000e+00
-17.64993 0.000000000000000e+00
-17.64233 0.000000000000000e+00
-17.63473 0.000000000000000e+00
-17.62713 0.000000000000000e+00
-17.61952 0.000000000000000e+00
-17.61192 0.000000000000000e+00
-17.60432 0.000000000000000e+00
-17.59672 0.000000000000000e+00
-17.58912 0.000000000000000e+00
-17.58152 0.000000000000000e+00
-17.57391 0.000000000000000e+00
-17.56631 0.000000000000000e+00
-17.55871 0.000000000000000e+00
-17.55111 0.000000000000000e+00
-17.54351 0.000000000000000e+00
-17.53591 0.000000000000000e+00
-17.52831 0.000000000000000e+00
-17.52070 0.000000000000000e+00
-17.51310 0.000000000000000e+00
-17.50550 0.000000000000000e+00
-17.49790 0.000000000000000e+00
-17.49030 0.000000000000000e+00
-17.48270 0.000000000000000e+00
-17.47510 0.000000000000000e+00
-17.46749 0.000000000000000e+00
-17.45989 0.000000000000000e+00
-17.45229 0.000000000000000e+00
-17.44469 0.000000000000000e+00
-17.43709 0.000000000000000e+00
-17.42949 0.000000000000000e+00
-17.42188 0.000000000000000e+00
-17.41428 0.000000000000000e+00
-17.40668 0.000000000000000e+00
-17.39908 0.000000000000000e+00
-17.39148 0.000000000000000e+00
-17.38388 0.000000000000000e+00
-17.37628 0.000000000000000e+00
-17.36867 0.000000000000000e+00
-17.36107 0.000000000000000e+00
-17.35347 0.000000000000000e+00
-17.34587 0.000000000000000e+00
-17.33827 0.000000000000000e+00
-17.33067 0.000000000000000e+00
-17.32306 0.000000000000000e+00
-17.31546 0.000000000000000e+00
-17.30786 0.000000000000000e+00
-17.30026 0.000000000000000e+00
-17.29266 0.000000000000000e+00
-17.28506 0.000000000000000e+00
-17.27746 0.000000000000000e+00
-17.26985 0.000000000000000e+00
-17.26225 0.000000000000000e+00
-17.25465 0.000000000000000e+00
-17.24705 0.000000000000000e+00
-17.23945 0.000000000000000e+00
-17.23185 0.000000000000000e+00
-17.22424 0.000000000000000e+00
-17.21664 0.000000000000000e+00
-17.20904 0.000000000000000e+00
-17.20144 0.000000000000000e+00
-17.19384 0.000000000000000e+00
-17.18624 0.000000000000000e+00
-17.17864 0.000000000000000e+00
-17.17103 0.000000000000000e+00
-17.16343 0.000000000000000e+00
-17.15583 0.000000000000000e+00
-17.14823 0.000000000000000e+00
-17.14063 0.000000000000000e+00
-17.13303 0.000000000000000e+00
-17.12543 0.000000000000000e+00
-17.11782 0.000000000000000e+00
-17.11022 0.000000000000000e+00
-17.10262 0.000000000000000e+00
-17.09502 0.000000000000000e+00
-17.08742 0.000000000000000e+00
-17.07982 0.000000000000000e+00
-17.07221 0.000000000000000e+00
-17.06461 0.000000000000000e+00
-17.05701 0.000000000000000e+00
-17.04941 0.000000000000000e+00
-17.04181 0.000000000000000e+00
-17.03421 0.000000000000000e+00
-17.02661 0.000000000000000e+00
-17.01900 0.000000000000000e+00
-17.01140 0.000000000000000e+00
-17.00380 0.000000000000000e+00
-16.99620 0.000000000000000e+00
-16.98860 0.000000000000000e+00
-16.98100 0.000000000000000e+00
-16.97339 0.000000000000000e+00
-16.96579 0.000000000000000e+00
-16.95819 0.000000000000000e+00
-16.95059 0.000000000000000e+00
-16.94299 0.000000000000000e+00
-16.93539 0.000000000000000e+00
-16.92779 0.000000000000000e+00
-16.92018 0.000000000000000e+00
-16.91258 0.000000000000000e+00
-16.90498 0.000000000000000e+00
-16.89738 0.000000000000000e+00
-16.88978 0.000000000000000e+00
-16.88218 0.000000000000000e+00
-16.87457 0.000000000000000e+00
-16.86697 0.000000000000000e+00
-16.85937 0.000000000000000e+00
-16.85177 0.000000000000000e+00
-16.84417 0.000000000000000e+00
-16.83657 0.000000000000000e+00
-16.82897 0.000000000000000e+00
-16.82136 0.000000000000000e+00
-16.81376 0.000000000000000e+00
-16.80616 0.000000000000000e+00
-16.79856 0.000000000000000e+00
-16.79096 0.000000000000000e+00
-16.78336 0.000000000000000e+00
-16.77576 0.000000000000000e+00
-16.76815 0.000000000000000e+00
-16.76055 0.000000000000000e+00
-16.75295 0.000000000000000e+00
-16.74535 0.000000000000000e+00
-16.73775 0.000000000000000e+00
-16.73015 0.000000000000000e+00
-16.72254 0.000000000000000e+00
-16.71494 0.000000000000000e+00
-16.70734 0.000000000000000e+00
-16.69974 0.000000000000000e+00
-16.69214 0.000000000000000e+00
-16.68454 0.000000000000000e+00
-16.67694 0.000000000000000e+00
-16.66933 0.000000000000000e+00
-16.66173 0.000000000000000e+00
-16.65413 0.000000000000000e+00
-16.64653 0.000000000000000e+00
-16.63893 0.000000000000000e+00
-16.63133 0.000000000000000e+00
-16.62372 0.000000000000000e+00
-16.61612 0.000000000000000e+00
-16.60852 0.000000000000000e+00
-16.60092 0.000000000000000e+00
-16.59332 0.000000000000000e+00
-16.58572 0.000000000000000e+00
-16.57812 0.000000000000000e+00
-16.57051 0.000000000000000e+00
-16.56291 0.000000000000000e+00
-16.55531 0.000000000000000e+00
-16.54771 0.000000000000000e+00
-16.54011 0.000000000000000e+00
-16.53251 0.000000000000000e+00
-16.52490 0.000000000000000e+00
-16.51730 0.000000000000000e+00
-16.50970 0.000000000000000e+00
-16.50210 0.000000000000000e+00
-16.49450 0.000000000000000e+00
-16.48690 0.000000000000000e+00
-16.47930 0.000000000000000e+00
-16.47169 0.000000000000000e+00
-16.46409 0.000000000000000e+00
-16.45649 0.000000000000000e+00
-16.44889 0.000000000000000e+00
-16.44129 0.000000000000000e+00
-16.43369 0.000000000000000e+00
-16.42609 0.000000000000000e+00
-16.41848 0.000000000000000e+00
-16.41088 0.000000000000000e+00
-16.40328 0.000000000000000e+00
-16.39568 0.000000000000000e+00
-16.38808 0.000000000000000e+00
-16.38048 0.000000000000000e+00
-16.37287 0.000000000000000e+00
-16.36527 0.000000000000000e+00
-16.35767 0.000000000000000e+00
-16.35007 0.000000000000000e+00
-16.34247 0.000000000000000e+00
-16.33487 0.000000000000000e+00
-16.32727 0.000000000000000e+00
-16.31966 0.000000000000000e+00
-16.31206 0.000000000000000e+00
-16.30446 0.000000000000000e+00
-16.29686 0.000000000000000e+00
-16.28926 0.000000000000000e+00
-16.28166 0.000000000000000e+00
-16.27405 0.000000000000000e+00
-16.26645 0.000000000000000e+00
-16.25885 0.000000000000000e+00
-16.25125 0.000000000000000e+00
-16.24365 0.000000000000000e+00
-16.23605 0.000000000000000e+00
-16.22845 0.000000000000000e+00
-16.22084 0.000000000000000e+00
-16.21324 0.000000000000000e+00
-16.20564 0.000000000000000e+00
-16.19804 0.000000000000000e+00
-16.19044 0.000000000000000e+00
-16.18284 0.000000000000000e+00
-16.17524 0.000000000000000e+00
-16.16763 0.000000000000000e+00
-16.16003 0.000000000000000e+00
-16.15243 0.000000000000000e+00
-16.14483 0.000000000000000e+00
-16.13723 0.000000000000000e+00
-16.12963 0.000000000000000e+00
-16.12202 0.000000000000000e+00
-16.11442 0.000000000000000e+00
-16.10682 0.000000000000000e+00
-16.09922 0.000000000000000e+00
-16.09162 0.000000000000000e+00
-16.08402 0.000000000000000e+00
-16.07642 0.000000000000000e+00
-16.06881 0.000000000000000e+00
-16.06121 0.000000000000000e+00
-16.05361 0.000000000000000e+00
-16.04601 0.000000000000000e+00
-16.03841 0.000000000000000e+00
-16.03081 0.000000000000000e+00
-16.02320 0.000000000000000e+00
-16.01560 0.000000000000000e+00
-16.00800 0.000000000000000e+00
-16.00040 0.000000000000000e+00
-15.99280 0.000000000000000e+00
-15.98520 0.000000000000000e+00
-15.97760 0.000000000000000e+00
-15.96999 0.000000000000000e+00
-15.96239 0.000000000000000e+00
-15.95479 0.000000000000000e+00
-15.94719 0.000000000000000e+00
-15.93959 0.000000000000000e+00
-15.93199 0.000000000000000e+00
-15.92438 0.000000000000000e+00
-15.91678 0.000000000000000e+00
-15.90918 0.000000000000000e+00
-15.90158 0.000000000000000e+00
-15.89398 0.000000000000000e+00
-15.88638 0.000000000000000e+00
-15.87878 0.000000000000000e+00
-15.87117 0.000000000000000e+00
-15.86357 0.000000000000000e+00
-15.85597 0.000000000000000e+00
-15.84837 0.000000000000000e+00
-15.84077 0.000000000000000e+00
-15.83317 0.000000000000000e+00
-15.82557 0.000000000000000e+00
-15.81796 0.000000000000000e+00
-15.81036 0.000000000000000e+00
-15.80276 0.000000000000000e+00
-15.79516 0.000000000000000e+00
-15.78756 0.000000000000000e+00
-15.77996 0.000000000000000e+00
-15.77235 0.000000000000000e+00
-15.76475 0.000000000000000e+00
-15.75715 0.000000000000000e+00
-15.74955 0.000000000000000e+00
-15.74195 0.000000000000000e+00
-15.73435 0.000000000000000e+00
-15.72675 0.000000000000000e+00
-15.71914 0.000000000000000e+00
-15.71154 0.000000000000000e+00
-15.70394 0.000000000000000e+00
-15.69634 0.000000000000000e+00
-15.68874 0.000000000000000e+00
-15.68114 0.000000000000000e+00
-15.67353 0.000000000000000e+00
-15.66593 0.000000000000000e+00
-15.65833 3.864904628192423e-311
-15.65073 8.121938920353247e-294
-15.64313 5.373817742364371e-277
-15.63553 1.119459595437090e-260
-15.62793 7.342368733584209e-245
-15.62032 1.516234022270028e-229
-15.61272 9.858221340180679e-215
-15.60512 2.018055832677224e-200
-15.59752 1.300678863068992e-186
-15.58992 2.639424803486257e-173
-15.58232 1.686362100814214e-160
-15.57471 3.392303834927519e-148
-15.56711 2.148528392032990e-136
-15.55951 4.284400148906742e-125
-15.55191 2.689934858973599e-114
-15.54431 5.317368108313087e-104
-15.53671 3.309448773553911e-94
-15.52911 6.485148285209325e-85
-15.52150 4.001214837457170e-76
-15.51390 7.772770742186232e-68
-15.50630 4.754224084163392e-60
-15.49870 9.156242145636627e-53
-15.49110 5.552826516767673e-46
-15.48350 1.060513462559338e-39
-15.47590 6.379802349284140e-34
-15.46829 1.209316469797597e-28
-15.46069 7.227603464583857e-24
-15.45309 1.363597826885123e-19
-15.44549 8.139102947879394e-16
-15.43789 1.543418414172899e-12
-15.43029 9.374660092453849e-10
-15.42268 1.854695175186612e-07
-15.41508 1.240113127060026e-05
-15.40748 3.051834431985283e-04
-15.39988 3.300322270957429e-03
-15.39228 1.962940283622476e-02
-15.38468 6.920217940086343e-02
-15.37708 1.459279066723423e-01
-15.36947 2.293269470715490e-01
-15.36187 3.141359198195295e-01
-15.35427 3.688129467421766e-01
-15.34667 4.523890215683327e-01
-15.33907 5.553563584198004e-01
-15.33147 5.957454934404292e-01
-15.32386 6.173440472307898e-01
-15.31626 6.239879932257367e-01
-15.30866 6.438511314602261e-01
-15.30106 6.178033439976691e-01
-15.29346 5.936936477624724e-01
-15.28586 6.322985986481267e-01
-15.27826 6.516914360852738e-01
-15.27065 6.785906878889068e-01
-15.26305 6.733168254681631e-01
-15.25545 6.518776842645266e-01
-15.24785 7.064712580453431e-01
-15.24025 7.704428029487836e-01
-15.23265 7.351620168871540e-01
-15.22505 6.901241027802395e-01
-15.21744 7.698610209378367e-01
-15.20984 9.054699520362829e-01
-15.20224 9.484268221783750e-01
-15.19464 9.601145130764818e-01
-15.18704 9.838005670274024e-01
-15.17944 1.000404030705742e+00
-15.17183 1.020855363577440e+00
-15.16423 1.041980146994969e+00
-15.15663 1.145048263813933e+00
-15.14903 1.270436401900126e+00
-15.14143 1.344285683858910e+00
-15.13383 1.359784366100324e+00
-15.12623 1.400275335952001e+00
-15.11862 1.507785353179422e+00
-15.11102 1.575825012673351e+00
-15.10342 1.596051318126340e+00
-15.09582 1.697480737101256e+00
-15.08822 1.865657284190852e+00
-15.08062 1.992549615592667e+00
-15.07301 2.254945998629886e+00
-15.06541 2.699993862053363e+00
-15.05781 3.024549486062263e+00
-15.05021 3.225798540310032e+00
-15.04261 3.596981705080769e+00
-15.03501 4.078326662252521e+00
-15.02741 4.550297321607955e+00
-15.01980 5.157710675990773e+00
-15.01220 5.904753449312153e+00
-15.00460 6.548224104563240e+00
-14.99700 7.292101678850711e+00
-14.98940 8.510446071599302e+00
-14.98180 1.007430981731714e+01
-14.97419 1.080611322063039e+01
-14.96659 1.019001883649445e+01
-14.95899 9.313238990362926e+00
-14.95139 8.461402116138677e+00
-14.94379 7.527314858302032e+00
-14.93619 7.131198593263422e+00
-14.92859 7.317398859238160e+00
-14.92098 7.496536286931284e+00
-14.91338 7.550035705316965e+00
-14.90578 7.487204856281723e+00
-14.89818 7.130966569422108e+00
-14.89058 6.756220276690013e+00
-14.88298 6.466364095851757e+00
-14.87538 6.514159551679788e+00
-14.86777 6.742365556978839e+00
-14.86017 6.743968089558456e+00
-14.85257 6.691301755759484e+00
-14.84497 7.001661973847122e+00
-14.83737 7.401925830732344e+00
-14.82977 7.526118406896246e+00
-14.82216 7.541575114912032e+00
-14.81456 7.752627606228280e+00
-14.80696 7.917896724832694e+00
-14.79936 8.337584834906849e+00
-14.79176 9.005786015915266e+00
-14.78416 9.552087631663797e+00
-14.77656 9.952332932494821e+00
-14.76895 1.018908654653573e+01
-14.76135 1.032394367405143e+01
-14.75375 1.037539466752400e+01
-14.74615 1.001431612638428e+01
-14.73855 9.164652893087410e+00
-14.73095 8.018592686070036e+00
-14.72334 6.585803233914242e+00
-14.71574 5.225586465964843e+00
-14.70814 4.033637660149567e+00
-14.70054 3.288724721259883e+00
-14.69294 3.274343609846502e+00
-14.68534 4.138796797777384e+00
-14.67774 5.660306779435524e+00
-14.67013 7.383009807305323e+00
-14.66253 8.996084958687810e+00
-14.65493 1.032851928083686e+01
-14.64733 1.112521335880013e+01
-14.63973 1.110618646626068e+01
-14.63213 1.043517161223448e+01
-14.62452 9.922357431495060e+00
-14.61692 9.586338312930547e+00
-14.60932 9.531202025047712e+00
-14.60172 9.888264566189047e+00
-14.59412 1.019674969594925e+01
-14.58652 1.020733171830836e+01
-14.57892 9.850861322805795e+00
-14.57131 9.276771626434273e+00
-14.56371 8.799399099105406e+00
-14.55611 8.186208642583129e+00
-14.54851 7.182700419531685e+00
-14.54091 6.271678452091569e+00
-14.53331 5.647184321910921e+00
-14.52571 5.233753490838080e+00
-14.51810 4.747621893919267e+00
-14.51050 4.116152058989385e+00
-14.50290 3.535046970190659e+00
-14.49530 2.998386736899587e+00
-14.48770 2.574473831607956e+00
-14.48010 2.369515309727583e+00
-14.47249 2.382206953993158e+00
-14.46489 2.332980283847309e+00
-14.45729 2.087647162893136e+00
-14.44969 1.917740639153381e+00
-14.44209 1.949810268099735e+00
-14.43449 2.018066005340302e+00
-14.42689 2.004017173045002e+00
-14.41928 1.833050983541857e+00
-14.41168 1.712506108606616e+00
-14.40408 1.739023254589459e+00
-14.39648 1.712701582640066e+00
-14.38888 1.559287736891284e+00
-14.38128 1.513516274182343e+00
-14.37367 1.542080068207626e+00
-14.36607 1.505852435287601e+00
-14.35847 1.446408354124903e+00
-14.35087 1.405903299921786e+00
-14.34327 1.333397890167682e+00
-14.33567 1.268561636246048e+00
-14.32807 1.262925386397665e+00
-14.32046 1.241477180463388e+00
-14.31286 1.141869967295412e+00
-14.30526 1.072040789609659e+00
-14.29766 1.062749687452362e+00
-14.29006 1.036773619489159e+00
-14.28246 1.038291012478964e+00
-14.27485 9.794956742049367e-01
-14.26725 8.713011431399869e-01
-14.25965 8.108871253208927e-01
-14.25205 7.563605880973600e-01
-14.24445 7.048563417216639e-01
-14.23685 7.056750959185234e-01
-14.22925 7.417942819167862e-01
-14.22164 7.601639149267433e-01
-14.21404 7.129147230754206e-01
-14.20644 6.408403576823971e-01
-14.19884 6.151184635759679e-01
-14.19124 5.858076872397827e-01
-14.18364 4.819019848181489e-01
-14.17604 4.084856777592509e-01
-14.16843 3.616106728080186e-01
-14.16083 2.845597579439242e-01
-14.15323 2.131361260608401e-01
-14.14563 1.807547412684176e-01
-14.13803 1.515104803436745e-01
-14.13043 1.007323723573728e-01
-14.12282 5.736767174034497e-02
-14.11522 3.265298120881888e-02
-14.10762 1.826917403961726e-02
-14.10002 9.576760934661491e-03
-14.09242 4.608473266091948e-03
-14.08482 1.535157850239183e-03
-14.07722 2.357207129166118e-04
-14.06961 1.318692606713581e-05
-14.06201 2.447149409943347e-07
-14.05441 1.456671194012187e-09
-14.04681 2.748472822229972e-12
-14.03921 1.636823485558716e-15
-14.03161 3.071972539450326e-19
-14.02400 1.815879753530086e-23
-14.01640 3.380001386761113e-28
-14.00880 1.980938565834667e-33
-14.00120 3.655408171779513e-39
-13.99360 2.123764211603987e-45
-13.98600 3.884903873461466e-52
-13.97840 2.237469136520570e-59
-13.97079 4.057292646682026e-67
-13.96319 2.316423735368209e-75
-13.95559 4.163916650021780e-84
-13.94799 2.356613607646678e-93
-13.94039 4.199301532675097e-103
-13.93279 2.355960817273253e-113
-13.92519 4.161610097548105e-124
-13.91758 2.314499205609710e-135
-13.90998 4.052798442123992e-147
-13.90238 2.234371056033901e-159
-13.89478 3.878447438744685e-172
-13.88718 2.119643606190010e-185
-13.87958 3.647288376085750e-199
-13.87197 1.975966973977045e-213
-13.86437 3.370478665801417e-228
-13.85677 1.810113491532632e-243
-13.84917 3.060711181545032e-259
-13.84157 1.629450668546267e-275
-13.83397 2.731255980958716e-292
-13.82637 1.441404640182474e-309
-13.81876 0.000000000000000e+00
-13.81116 0.000000000000000e+00
-13.80356 0.000000000000000e+00
-13.79596 0.000000000000000e+00
-13.78836 0.000000000000000e+00
-13.78076 0.000000000000000e+00
-13.77315 0.000000000000000e+00
-13.76555 0.000000000000000e+00
-13.75795 0.000000000000000e+00
-13.75035 0.000000000000000e+00
-13.74275 0.000000000000000e+00
-13.73515 0.000000000000000e+00
-13.72755 0.000000000000000e+00
-13.71994 0.000000000000000e+00
-13.71234 0.000000000000000e+00
-13.70474 0.000000000000000e+00
-13.69714 0.000000000000000e+00
-13.68954 0.000000000000000e+00
-13.68194 0.000000000000000e+00
-13.67433 0.000000000000000e+00
-13.66673 0.000000000000000e+00
-13.65913 0.000000000000000e+00
-13.65153 0.000000000000000e+00
-13.64393 0.000000000000000e+00
-13.63633 0.000000000000000e+00
-13.62873 0.000000000000000e+00
-13.62112 0.000000000000000e+00
-13.61352 0.000000000000000e+00
-13.60592 0.000000000000000e+00
-13.59832 0.000000000000000e+00
-13.59072 0.000000000000000e+00
-13.58312 0.000000000000000e+00
-13.57552 0.000000000000000e+00
-13.56791 0.000000000000000e+00
-13.56031 0.000000000000000e+00
-13.55271 0.000000000000000e+00
-13.54511 0.000000000000000e+00
-13.53751 0.000000000000000e+00
-13.52991 0.000000000000000e+00
-13.52230 0.000000000000000e+00
-13.51470 0.000000000000000e+00
-13.50710 0.000000000000000e+00
-13.49950 0.000000000000000e+00
-13.49190 0.000000000000000e+00
-13.48430 0.000000000000000e+00
-13.47670 0.000000000000000e+00
-13.46909 0.000000000000000e+00
-13.46149 0.000000000000000e+00
-13.45389 0.000000000000000e+00
-13.44629 0.000000000000000e+00
-13.43869 0.000000000000000e+00
-13.43109 0.000000000000000e+00
-13.42348 0.000000000000000e+00
-13.41588 0.000000000000000e+00
-13.40828 0.000000000000000e+00
-13.40068 0.000000000000000e+00
-13.39308 0.000000000000000e+00
-13.38548 0.000000000000000e+00
-13.37788 0.000000000000000e+00
-13.37027 0.000000000000000e+00
-13.36267 0.000000000000000e+00
-13.35507 0.000000000000000e+00
-13.34747 0.000000000000000e+00
-13.33987 0.000000000000000e+00
-13.33227 0.000000000000000e+00
-13.32466 0.000000000000000e+00
-13.31706 0.000000000000000e+00
-13.30946 0.000000000000000e+00
-13.30186 0.000000000000000e+00
-13.29426 0.000000000000000e+00
-13.28666 0.000000000000000e+00
-13.27906 0.000000000000000e+00
-13.27145 0.000000000000000e+00
-13.26385 0.000000000000000e+00
-13.25625 0.000000000000000e+00
-13.24865 0.000000000000000e+00
-13.24105 0.000000000000000e+00
-13.23345 0.000000000000000e+00
-13.22585 0.000000000000000e+00
-13.21824 0.000000000000000e+00
-13.21064 0.000000000000000e+00
-13.20304 0.000000000000000e+00
-13.19544 0.000000000000000e+00
-13.18784 0.000000000000000e+00
-13.18024 0.000000000000000e+00
-13.17263 0.000000000000000e+00
-13.16503 0.000000000000000e+00
-13.15743 0.000000000000000e+00
-13.14983 0.000000000000000e+00
-13.14223 0.000000000000000e+00
-13.13463 0.000000000000000e+00
-13.12703 0.000000000000000e+00
-13.11942 0.000000000000000e+00
-13.11182 0.000000000000000e+00
-13.10422 0.000000000000000e+00
-13.09662 0.000000000000000e+00
-13.08902 0.000000000000000e+00
-13.08142 0.000000000000000e+00
-13.07381 0.000000000000000e+00
-13.06621 0.000000000000000e+00
-13.05861 0.000000000000000e+00
-13.05101 0.000000000000000e+00
-13.04341 0.000000000000000e+00
-13.03581 0.000000000000000e+00
-13.02821 0.000000000000000e+00
-13.02060 0.000000000000000e+00
-13.01300 0.000000000000000e+00
-13.00540 0.000000000000000e+00
-12.99780 2.322051334952763e-307
-12.99020 3.792680813369814e-290
-12.98260 1.950863895167272e-273
-12.97499 3.160237836098840e-257
-12.96739 1.612246311179875e-241
-12.95979 2.590415661958083e-226
-12.95219 1.310818715629387e-211
-12.94459 2.089107615000239e-197
-12.93699 1.048661444632029e-183
-12.92939 1.657979099968717e-170
-12.92178 8.256708003031839e-158
-12.91418 1.295197540394827e-145
-12.90658 6.400088733044318e-134
-12.89898 9.962759119643858e-123
-12.89138 4.885885705626857e-112
-12.88378 7.549319014477993e-102
-12.87618 3.675438585528842e-92
-12.86857 5.638846842135025e-83
-12.86097 2.726481779855439e-74
-12.85337 4.155362748980082e-66
-12.84577 1.996585274400831e-58
-12.83817 3.025102336979412e-51
-12.83057 1.445767767628138e-44
-12.82296 2.180440729465103e-38
-12.81536 1.038319551556228e-32
-12.80776 1.562512238466917e-27
-12.80016 7.439701134030362e-23
-12.79256 1.122839599946815e-18
-12.78496 5.386199864587313e-15
-12.77736 8.244742200709200e-12
-12.76975 4.050625901246148e-09
-12.76215 6.441990132253391e-07
-12.75455 3.361519967932006e-05
-12.74695 5.908899497973824e-04
-12.73935 3.734736483334803e-03
-12.73175 9.906493096508968e-03
-12.72414 1.347463818100828e-02
-12.71654 1.085836698156257e-02
-12.70894 1.309231915191905e-02
-12.70134 2.468763064096566e-02
-12.69374 2.957400603853633e-02
-12.68614 2.730959894717137e-02
-12.67854 3.126521200987231e-02
-12.67093 4.161555702634227e-02
-12.66333 6.271597414436217e-02
-12.65573 9.081281502369802e-02
-12.64813 9.405169409421701e-02
-12.64053 7.031982402659839e-02
-12.63293 4.490810596625141e-02
-12.62533 3.577978593928133e-02
-12.61772 4.654805695613930e-02
-12.61012 5.101384852774636e-02
-12.60252 4.169325149077772e-02
-12.59492 4.656982997243080e-02
-12.58732 6.208338325919781e-02
-12.57972 7.855758317372306e-02
-12.57211 8.741901232718551e-02
-12.56451 5.976961870930637e-02
-12.55691 4.263997320061050e-02
-12.54931 4.802591899593056e-02
-12.54171 6.011513648368651e-02
-12.53411 6.220986692866640e-02
-12.52651 5.494179681535021e-02
-12.51890 7.236635657143910e-02
-12.51130 1.103021039175357e-01
-12.50370 1.205088484588468e-01
-12.49610 9.454317316229487e-02
-12.48850 7.215223471473073e-02
-12.48090 7.127212627079858e-02
-12.47329 6.162338198360883e-02
-12.46569 4.237258249920229e-02
-12.45809 6.342067690262669e-02
-12.45049 1.133667209202807e-01
-12.44289 1.409302044464416e-01
-12.43529 1.406490044694285e-01
-12.42769 1.217494434153953e-01
-12.42008 1.025415897922453e-01
-12.41248 1.044998507891042e-01
-12.40488 9.237675356301613e-02
-12.39728 6.217426596938869e-02
-12.38968 5.392762239739703e-02
-12.38208 7.241442874427355e-02
-12.37447 1.334932378312152e-01
-12.36687 1.929656036520087e-01
-12.35927 1.841160907426459e-01
-12.35167 1.353962827381058e-01
-12.34407 1.003463517649701e-01
-12.33647 9.815925858905604e-02
-12.32887 1.094165908808827e-01
-12.32126 1.255808975092809e-01
-12.31366 1.088947437733210e-01
-12.30606 8.945539998511755e-02
-12.29846 1.018475851961890e-01
-12.29086 1.300952645602320e-01
-12.28326 1.715669140523041e-01
-12.27566 1.780758323908010e-01
-12.26805 1.605380486098190e-01
-12.26045 1.648697902074752e-01
-12.25285 1.671685771161061e-01
-12.24525 1.322235522865320e-01
-12.23765 9.120936716998283e-02
-12.23005 8.773095338276790e-02
-12.22244 1.110537235910542e-01
-12.21484 1.409807515714619e-01
-12.20724 1.706908909979526e-01
-12.19964 1.784680796238219e-01
-12.19204 1.598685993744413e-01
-12.18444 1.676727937319432e-01
-12.17684 1.992405415440283e-01
-12.16923 1.790824186137451e-01
-12.16163 1.253367689714035e-01
-12.15403 1.259139995564565e-01
-12.14643 1.562685542893187e-01
-12.13883 1.403354266760455e-01
-12.13123 1.107335474546316e-01
-12.12362 1.418150261495733e-01
-12.11602 1.878259002419698e-01
-12.10842 1.974117759102162e-01
-12.10082 2.069111399004205e-01
-12.09322 1.991082334471147e-01
-12.08562 1.624979895043459e-01
-12.07802 1.485298107000068e-01
-12.07041 1.670184947020922e-01
-12.06281 1.809945309562126e-01
-12.05521 1.576296632389347e-01
-12.04761 1.445676301667326e-01
-12.04001 1.841097076252456e-01
-12.03241 1.940448634203830e-01
-12.02480 1.753738891068500e-01
-12.01720 1.510626115472587e-01
-12.00960 1.403483292366032e-01
-12.00200 1.581644672385573e-01
-11.99440 2.094145046154756e-01
-11.98680 2.738634813595804e-01
-11.97920 2.636155560307491e-01
-11.97159 2.126347421112550e-01
-11.96399 1.748911237827891e-01
-11.95639 1.499880402977627e-01
-11.94879 1.712650239190779e-01
-11.94119 1.909735997030796e-01
-11.93359 1.921062620692410e-01
-11.92599 1.785746215763756e-01
-11.91838 1.771861009363837e-01
-11.91078 1.998075643416365e-01
-11.90318 2.083617182933477e-01
-11.89558 2.243194412400882e-01
-11.88798 2.275934807976753e-01
-11.88038 2.406113746236830e-01
-11.87277 2.300249294330961e-01
-11.86517 2.073474863944484e-01
-11.85757 2.364189612351235e-01
-11.84997 2.351863729021088e-01
-11.84237 2.227830741367166e-01
-11.83477 2.273641615894103e-01
-11.82717 2.336820309775020e-01
-11.81956 2.275873221385528e-01
-11.81196 1.983110649090421e-01
-11.80436 1.866554349962916e-01
-11.79676 1.905536301612925e-01
-11.78916 2.246196095441506e-01
-11.78156 2.787116527816143e-01
-11.77395 2.794746347448267e-01
-11.76635 2.327514288141345e-01
-11.75875 2.050152125901158e-01
-11.75115 2.076931854139809e-01
-11.74355 2.404887722958212e-01
-11.73595 2.984457745176562e-01
-11.72835 3.116015068523151e-01
-11.72074 3.086485380223463e-01
-11.71314 2.765546327574644e-01
-11.70554 2.368055108537536e-01
-11.69794 2.083073622164276e-01
-11.69034 1.844292925746752e-01
-11.68274 1.722843837253868e-01
-11.67514 1.755755277238071e-01
-11.66753 2.232016651501999e-01
-11.65993 2.982286434636599e-01
-11.65233 3.597418161716758e-01
-11.64473 3.447615864361197e-01
-11.63713 2.761604823946791e-01
-11.62953 2.563985707263282e-01
-11.62192 2.787052817092713e-01
-11.61432 2.813742469300130e-01
-11.60672 2.463967558543148e-01
-11.59912 2.703632880609922e-01
-11.59152 2.836760212736652e-01
-11.58392 2.253322449949797e-01
-11.57632 2.024253460548389e-01
-11.56871 2.452044715473258e-01
-11.56111 3.063505539998526e-01
-11.55351 3.114855544129280e-01
-11.54591 2.421842978542313e-01
-11.53831 2.141277562252273e-01
-11.53071 2.593433136233642e-01
-11.52310 2.969047958819224e-01
-11.51550 3.247332194403656e-01
-11.50790 3.825203178429971e-01
-11.50030 3.850232679864098e-01
-11.49270 3.348588113032337e-01
-11.48510 2.611873201797772e-01
-11.47750 2.315182213329776e-01
-11.46989 2.554393497502784e-01
-11.46229 2.598597132261958e-01
-11.45469 2.971126080703292e-01
-11.44709 3.468875109403595e-01
-11.43949 3.016671067884679e-01
-11.43189 2.722618505832449e-01
-11.42428 2.887639853555548e-01
-11.41668 2.753630569844889e-01
-11.40908 2.633288552177698e-01
-11.40148 2.969271644888608e-01
-11.39388 3.503699136974960e-01
-11.38628 3.613763559431607e-01
-11.37868 3.884935190712548e-01
-11.37107 4.156428861147982e-01
-11.36347 3.726089091854477e-01
-11.35587 3.387106697067354e-01
-11.34827 3.422565880663831e-01
-11.34067 3.004664645724509e-01
-11.33307 2.672991379873371e-01
-11.32547 2.800162826416254e-01
-11.31786 3.395539554221926e-01
-11.31026 3.953959127333172e-01
-11.30266 3.451231667213189e-01
-11.29506 3.084293417092830e-01
-11.28746 3.159428148295020e-01
-11.27986 3.207120173458201e-01
-11.27225 3.917521754868100e-01
-11.26465 4.627329707256175e-01
-11.25705 4.402128013767706e-01
-11.24945 3.907446286488881e-01
-11.24185 3.670291371044880e-01
-11.23425 3.743622386302428e-01
-11.22665 3.958359361209033e-01
-11.21904 3.900046367013333e-01
-11.21144 3.663293877355756e-01
-11.20384 3.349016299354616e-01
-11.19624 3.306395931286271e-01
-11.18864 3.479817880622027e-01
-11.18104 3.653525095966684e-01
-11.17343 4.324483861605766e-01
-11.16583 4.650229933761965e-01
-11.15823 4.375182836220596e-01
-11.15063 4.552272540782282e-01
-11.14303 5.091663619032019e-01
-11.13543 4.863311176398112e-01
-11.12783 4.484936232155359e-01
-11.12022 4.673704650450039e-01
-11.11262 4.171830303651007e-01
-11.10502 3.491248137739822e-01
-11.09742 3.471651116496399e-01
-11.08982 4.178529259209222e-01
-11.08222 5.110908027251959e-01
-11.07461 4.785673516853310e-01
-11.06701 4.384265929248052e-01
-11.05941 4.768511135351507e-01
-11.05181 4.718910098653755e-01
-11.04421 4.548195237515700e-01
-11.03661 4.836897407091152e-01
-11.02901 5.570705229956215e-01
-11.02140 5.808823650378722e-01
-11.01380 5.557101203166871e-01
-11.00620 5.160479478197811e-01
-10.99860 5.024561607903020e-01
-10.99100 5.075619678878582e-01
-10.98340 4.711486333649625e-01
-10.97580 5.410346787582687e-01
-10.96819 6.511261173332149e-01
-10.96059 6.273957374191498e-01
-10.95299 5.421695003483505e-01
-10.94539 5.109053159694344e-01
-10.93779 5.234149809380609e-01
-10.93019 4.419626158435486e-01
-10.92258 3.979253918231042e-01
-10.91498 4.872632011725072e-01
-10.90738 6.255674975457620e-01
-10.89978 7.569859463342549e-01
-10.89218 8.411891528362889e-01
-10.88458 8.435611904136646e-01
-10.87698 7.719762406829747e-01
-10.86937 7.194611272916142e-01
-10.86177 7.266449425038262e-01
-10.85417 7.284378408100801e-01
-10.84657 6.750615007031723e-01
-10.83897 6.176572577229607e-01
-10.83137 5.926927537763271e-01
-10.82376 6.053124365174384e-01
-10.81616 6.182209813633737e-01
-10.80856 5.856046545356943e-01
-10.80096 6.266484152800824e-01
-10.79336 7.571949493960898e-01
-10.78576 8.536657985247631e-01
-10.77816 8.786586147098586e-01
-10.77055 8.534677112536626e-01
-10.76295 7.670450742217547e-01
-10.75535 6.367888666646698e-01
-10.74775 5.761616775144254e-01
-10.74015 6.370358071405857e-01
-10.73255 6.740732816703517e-01
-10.72494 6.276007383317378e-01
-10.71734 6.647435130722350e-01
-10.70974 7.329430674242502e-01
-10.70214 6.439112792661811e-01
-10.69454 5.340455949287114e-01
-10.68694 5.599274662042900e-01
-10.67934 7.607718794839010e-01
-10.67173 9.510566195048371e-01
-10.66413 8.347301755228190e-01
-10.65653 6.020922848655134e-01
-10.64893 4.928359917366392e-01
-10.64133 5.148938820106775e-01
-10.63373 6.088302916575450e-01
-10.62613 7.399753168611847e-01
-10.61852 7.584670533849711e-01
-10.61092 6.644873895549600e-01
-10.60332 6.425006846469244e-01
-10.59572 6.712415840770205e-01
-10.58812 6.248496041346483e-01
-10.58052 6.375255723702284e-01
-10.57291 7.624207947537688e-01
-10.56531 7.742670797019385e-01
-10.55771 6.686886094804230e-01
-10.55011 5.859659555741661e-01
-10.54251 5.695303725817996e-01
-10.53491 5.918835177722078e-01
-10.52731 6.794101255402367e-01
-10.51970 7.886429681686131e-01
-10.51210 7.775853446943111e-01
-10.50450 6.842883990533832e-01
-10.49690 6.789508492139088e-01
-10.48930 7.078899979453386e-01
-10.48170 7.217549576327393e-01
-10.47409 7.475101224026837e-01
-10.46649 6.364995462071521e-01
-10.45889 5.236916063476873e-01
-10.45129 5.709346036263134e-01
-10.44369 7.642782309900462e-01
-10.43609 9.165302285219195e-01
-10.42849 8.501627507869900e-01
-10.42088 7.228890112804678e-01
-10.41328 6.691073311116393e-01
-10.40568 6.165702908855004e-01
-10.39808 5.866223838071906e-01
-10.39048 6.332882432911964e-01
-10.38288 7.048960774282186e-01
-10.37528 7.789548282521831e-01
-10.36767 8.253983691236687e-01
-10.36007 7.718928548512214e-01
-10.35247 6.785785334129275e-01
-10.34487 6.057044719043920e-01
-10.33727 6.205138325467010e-01
-10.32967 6.917569596940710e-01
-10.32206 7.553200890015509e-01
-10.31446 7.240545340616932e-01
-10.30686 7.034988237761691e-01
-10.29926 7.432978667752054e-01
-10.29166 7.367394981092519e-01
-10.28406 6.754182367730511e-01
-10.27646 6.497677199651043e-01
-10.26885 6.920557449997001e-01
-10.26125 7.483591399176281e-01
-10.25365 8.095728864806099e-01
-10.24605 8.134789814955032e-01
-10.23845 7.786823829837958e-01
-10.23085 7.569432595680005e-01
-10.22324 7.504562384288873e-01
-10.21564 8.022100702385877e-01
-10.20804 9.296750459168069e-01
-10.20044 1.025129985792322e+00
-10.19284 1.091095847839794e+00
-10.18524 1.076846468955239e+00
-10.17764 1.059443759113114e+00
-10.17003 9.783453290492597e-01
-10.16243 7.704531093475809e-01
-10.15483 5.799456168087627e-01
-10.14723 5.026994566125513e-01
-10.13963 4.382674384943508e-01
-10.13203 4.044893667692033e-01
-10.12442 3.643087788927406e-01
-10.11682 2.418262396029077e-01
-10.10922 1.013470955434038e-01
-10.10162 2.236561891543895e-02
-10.09402 2.183739003820588e-03
-10.08642 8.756631769637716e-05
-10.07882 1.370313777812940e-06
-10.07121 7.795061099729718e-09
-10.06361 1.510508351140589e-11
-10.05601 9.574153124968308e-15
-10.04841 1.944413911837010e-18
-10.04081 1.253217487753817e-22
-10.03321 2.552332637111428e-27
-10.02561 1.639366764159680e-32
-10.01800 3.317859990683702e-38
-10.01040 2.114973374745695e-44
-10.00280 4.245538847782228e-51
-9.99520 2.683500553674985e-58
-9.98760 5.340624510462136e-66
-9.98000 3.346526826350771e-74
-9.97239 6.602428794492401e-83
-9.96479 4.101265643882668e-92
-9.95719 8.021131232805141e-102
-9.94959 4.939196162953357e-112
-9.94199 9.575898681428952e-123
-9.93439 5.845279219637658e-134
-9.92679 1.123397228257613e-145
-9.91918 6.797727607140177e-158
-9.91158 1.295079617742140e-170
-9.90398 7.768397996183346e-184
-9.89638 1.467130511672525e-197
-9.88878 8.723852415559014e-212
-9.88118 1.633240527328814e-226
-9.87357 9.627072947902939e-242
-9.86597 1.786654811686801e-257
-9.85837 1.043973127387099e-273
-9.85077 1.920614758855826e-290
-9.84317 1.112483246740051e-307
-9.83557 0.000000000000000e+00
-9.82797 0.000000000000000e+00
-9.82036 0.000000000000000e+00
-9.81276 0.000000000000000e+00
-9.80516 0.000000000000000e+00
-9.79756 0.000000000000000e+00
-9.78996 0.000000000000000e+00
-9.78236 0.000000000000000e+00
-9.77475 0.000000000000000e+00
-9.76715 0.000000000000000e+00
-9.75955 0.000000000000000e+00
-9.75195 0.000000000000000e+00
-9.74435 0.000000000000000e+00
-9.73675 0.000000000000000e+00
-9.72915 0.000000000000000e+00
-9.72154 0.000000000000000e+00
-9.71394 0.000000000000000e+00
-9.70634 0.000000000000000e+00
-9.69874 0.000000000000000e+00
-9.69114 0.000000000000000e+00
-9.68354 0.000000000000000e+00
-9.67594 0.000000000000000e+00
-9.66833 0.000000000000000e+00
-9.66073 0.000000000000000e+00
-9.65313 0.000000000000000e+00
-9.64553 0.000000000000000e+00
-9.63793 0.000000000000000e+00
-9.63033 0.000000000000000e+00
-9.62272 0.000000000000000e+00
-9.61512 0.000000000000000e+00
-9.60752 0.000000000000000e+00
-9.59992 0.000000000000000e+00
-9.59232 0.000000000000000e+00
-9.58472 0.000000000000000e+00
-9.57712 0.000000000000000e+00
-9.56951 0.000000000000000e+00
-9.56191 0.000000000000000e+00
-9.55431 0.000000000000000e+00
-9.54671 0.000000000000000e+00
-9.53911 0.000000000000000e+00
-9.53151 0.000000000000000e+00
-9.52390 0.000000000000000e+00
-9.51630 0.000000000000000e+00
-9.50870 0.000000000000000e+00
-9.50110 0.000000000000000e+00
-9.49350 0.000000000000000e+00
-9.48590 0.000000000000000e+00
-9.47830 0.000000000000000e+00
-9.47069 0.000000000000000e+00
-9.46309 0.000000000000000e+00
-9.45549 0.000000000000000e+00
-9.44789 0.000000000000000e+00
-9.44029 0.000000000000000e+00
-9.43269 0.000000000000000e+00
-9.42509 0.000000000000000e+00
-9.41748 0.000000000000000e+00
-9.40988 0.000000000000000e+00
-9.40228 0.000000000000000e+00
-9.39468 0.000000000000000e+00
-9.38708 0.000000000000000e+00
-9.37948 0.000000000000000e+00
-9.37187 0.000000000000000e+00
-9.36427 0.000000000000000e+00
-9.35667 0.000000000000000e+00
-9.34907 0.000000000000000e+00
-9.34147 0.000000000000000e+00
-9.33387 0.000000000000000e+00
-9.32627 0.000000000000000e+00
-9.31866 0.000000000000000e+00
-9.31106 0.000000000000000e+00
-9.30346 0.000000000000000e+00
-9.29586 0.000000000000000e+00
-9.28826 0.000000000000000e+00
-9.28066 0.000000000000000e+00
-9.27305 0.000000000000000e+00
-9.26545 0.000000000000000e+00
-9.25785 0.000000000000000e+00
-9.25025 0.000000000000000e+00
-9.24265 0.000000000000000e+00
-9.23505 0.000000000000000e+00
-9.22745 0.000000000000000e+00
-9.21984 0.000000000000000e+00
-9.21224 0.000000000000000e+00
-9.20464 0.000000000000000e+00
-9.19704 0.000000000000000e+00
-9.18944 0.000000000000000e+00
-9.18184 0.000000000000000e+00
-9.17423 0.000000000000000e+00
-9.16663 0.000000000000000e+00
-9.15903 0.000000000000000e+00
-9.15143 0.000000000000000e+00
-9.14383 0.000000000000000e+00
-9.13623 0.000000000000000e+00
-9.12863 0.000000000000000e+00
-9.12102 0.000000000000000e+00
-9.11342 0.000000000000000e+00
-9.10582 0.000000000000000e+00
-9.09822 0.000000000000000e+00
-9.09062 0.000000000000000e+00
-9.08302 0.000000000000000e+00
-9.07542 0.000000000000000e+00
-9.06781 0.000000000000000e+00
-9.06021 0.000000000000000e+00
-9.05261 0.000000000000000e+00
-9.04501 0.000000000000000e+00
-9.03741 0.000000000000000e+00
-9.02981 0.000000000000000e+00
-9.02220 0.000000000000000e+00
-9.01460 0.000000000000000e+00
-9.00700 0.000000000000000e+00
-8.99940 0.000000000000000e+00
-8.99180 0.000000000000000e+00
-8.98420 0.000000000000000e+00
-8.97660 0.000000000000000e+00
-8.96899 0.000000000000000e+00
-8.96139 0.000000000000000e+00
-8.95379 0.000000000000000e+00
-8.94619 0.000000000000000e+00
-8.93859 0.000000000000000e+00
-8.93099 0.000000000000000e+00
-8.92338 0.000000000000000e+00
-8.91578 0.000000000000000e+00
-8.90818 0.000000000000000e+00
-8.90058 0.000000000000000e+00
-8.89298 0.000000000000000e+00
-8.88538 0.000000000000000e+00
-8.87778 0.000000000000000e+00
-8.87017 0.000000000000000e+00
-8.86257 0.000000000000000e+00
-8.85497 0.000000000000000e+00
-8.84737 0.000000000000000e+00
-8.83977 0.000000000000000e+00
-8.83217 0.000000000000000e+00
-8.82456 0.000000000000000e+00
-8.81696 0.000000000000000e+00
-8.80936 0.000000000000000e+00
-8.80176 0.000000000000000e+00
-8.79416 0.000000000000000e+00
-8.78656 0.000000000000000e+00
-8.77896 0.000000000000000e+00
-8.77135 0.000000000000000e+00
-8.76375 0.000000000000000e+00
-8.75615 0.000000000000000e+00
-8.74855 0.000000000000000e+00
-8.74095 0.000000000000000e+00
-8.73335 0.000000000000000e+00
-8.72575 0.000000000000000e+00
-8.71814 0.000000000000000e+00
-8.71054 0.000000000000000e+00
-8.70294 0.000000000000000e+00
-8.69534 0.000000000000000e+00
-8.68774 0.000000000000000e+00
-8.68014 0.000000000000000e+00
-8.67253 0.000000000000000e+00
-8.66493 0.000000000000000e+00
-8.65733 0.000000000000000e+00
-8.64973 0.000000000000000e+00
-8.64213 0.000000000000000e+00
-8.63453 0.000000000000000e+00
-8.62693 0.000000000000000e+00
-8.61932 0.000000000000000e+00
-8.61172 0.000000000000000e+00
-8.60412 0.000000000000000e+00
-8.59652 0.000000000000000e+00
-8.58892 0.000000000000000e+00
-8.58132 0.000000000000000e+00
-8.57371 0.000000000000000e+00
-8.56611 0.000000000000000e+00
-8.55851 0.000000000000000e+00
-8.55091 0.000000000000000e+00
-8.54331 0.000000000000000e+00
-8.53571 0.000000000000000e+00
-8.52811 0.000000000000000e+00
-8.52050 0.000000000000000e+00
-8.51290 0.000000000000000e+00
-8.50530 0.000000000000000e+00
-8.49770 0.000000000000000e+00
-8.49010 0.000000000000000e+00
-8.48250 0.000000000000000e+00
-8.47489 0.000000000000000e+00
-8.46729 0.000000000000000e+00
-8.45969 0.000000000000000e+00
-8.45209 0.000000000000000e+00
-8.44449 0.000000000000000e+00
-8.43689 0.000000000000000e+00
-8.42929 0.000000000000000e+00
-8.42168 0.000000000000000e+00
-8.41408 0.000000000000000e+00
-8.40648 0.000000000000000e+00
-8.39888 0.000000000000000e+00
-8.39128 0.000000000000000e+00
-8.38368 0.000000000000000e+00
-8.37608 0.000000000000000e+00
-8.36847 0.000000000000000e+00
-8.36087 0.000000000000000e+00
-8.35327 0.000000000000000e+00
-8.34567 0.000000000000000e+00
-8.33807 0.000000000000000e+00
-8.33047 0.000000000000000e+00
-8.32286 0.000000000000000e+00
-8.31526 0.000000000000000e+00
-8.30766 0.000000000000000e+00
-8.30006 0.000000000000000e+00
-8.29246 0.000000000000000e+00
-8.28486 0.000000000000000e+00
-8.27726 0.000000000000000e+00
-8.26965 0.000000000000000e+00
-8.26205 0.000000000000000e+00
-8.25445 0.000000000000000e+00
-8.24685 0.000000000000000e+00
-8.23925 0.000000000000000e+00
-8.23165 0.000000000000000e+00
-8.22404 0.000000000000000e+00
-8.21644 0.000000000000000e+00
-8.20884 0.000000000000000e+00
-8.20124 0.000000000000000e+00
-8.19364 0.000000000000000e+00
-8.18604 0.000000000000000e+00
-8.17844 0.000000000000000e+00
-8.17083 0.000000000000000e+00
-8.16323 0.000000000000000e+00
-8.15563 0.000000000000000e+00
-8.14803 0.000000000000000e+00
-8.14043 0.000000000000000e+00
-8.13283 0.000000000000000e+00
-8.12523 0.000000000000000e+00
-8.11762 0.000000000000000e+00
-8.11002 0.000000000000000e+00
-8.10242 0.000000000000000e+00
-8.09482 0.000000000000000e+00
-8.08722 0.000000000000000e+00
-8.07962 0.000000000000000e+00
-8.07201 0.000000000000000e+00
-8.06441 0.000000000000000e+00
-8.05681 0.000000000000000e+00
-8.04921 0.000000000000000e+00
-8.04161 0.000000000000000e+00
-8.03401 0.000000000000000e+00
-8.02641 0.000000000000000e+00
-8.01880 0.000000000000000e+00
-8.01120 0.000000000000000e+00
-8.00360 0.000000000000000e+00
-7.99600 0.000000000000000e+00
-7.98840 0.000000000000000e+00
-7.98080 0.000000000000000e+00
-7.97319 0.000000000000000e+00
-7.96559 0.000000000000000e+00
-7.95799 0.000000000000000e+00
-7.95039 0.000000000000000e+00
-7.94279 0.000000000000000e+00
-7.93519 0.000000000000000e+00
-7.92759 0.000000000000000e+00
-7.91998 0.000000000000000e+00
-7.91238 0.000000000000000e+00
-7.90478 0.000000000000000e+00
-7.89718 0.000000000000000e+00
-7.88958 0.000000000000000e+00
-7.88198 0.000000000000000e+00
-7.87437 0.000000000000000e+00
-7.86677 0.000000000000000e+00
-7.85917 0.000000000000000e+00
-7.85157 0.000000000000000e+00
-7.84397 0.000000000000000e+00
-7.83637 0.000000000000000e+00
-7.82877 0.000000000000000e+00
-7.82116 0.000000000000000e+00
-7.81356 0.000000000000000e+00
-7.80596 0.000000000000000e+00
-7.79836 0.000000000000000e+00
-7.79076 0.000000000000000e+00
-7.78316 0.000000000000000e+00
-7.77556 0.000000000000000e+00
-7.76795 0.000000000000000e+00
-7.76035 0.000000000000000e+00
-7.75275 0.000000000000000e+00
-7.74515 0.000000000000000e+00
-7.73755 0.000000000000000e+00
-7.72995 0.000000000000000e+00
-7.72234 0.000000000000000e+00
-7.71474 0.000000000000000e+00
-7.70714 0.000000000000000e+00
-7.69954 0.000000000000000e+00
-7.69194 0.000000000000000e+00
-7.68434 0.000000000000000e+00
-7.67674 0.000000000000000e+00
-7.66913 0.000000000000000e+00
-7.66153 0.000000000000000e+00
-7.65393 0.000000000000000e+00
-7.64633 0.000000000000000e+00
-7.63873 0.000000000000000e+00
-7.63113 0.000000000000000e+00
-7.62352 0.000000000000000e+00
-7.61592 0.000000000000000e+00
-7.60832 0.000000000000000e+00
-7.60072 0.000000000000000e+00
-7.59312 0.000000000000000e+00
-7.58552 0.000000000000000e+00
-7.57792 0.000000000000000e+00
-7.57031 0.000000000000000e+00
-7.56271 0.000000000000000e+00
-7.55511 0.000000000000000e+00
-7.54751 0.000000000000000e+00
-7.53991 0.000000000000000e+00
-7.53231 0.000000000000000e+00
-7.52470 0.000000000000000e+00
-7.51710 0.000000000000000e+00
-7.50950 0.000000000000000e+00
-7.50190 0.000000000000000e+00
-7.49430 0.000000000000000e+00
-7.48670 0.000000000000000e+00
-7.47910 0.000000000000000e+00
-7.47149 0.000000000000000e+00
-7.46389 0.000000000000000e+00
-7.45629 0.000000000000000e+00
-7.44869 0.000000000000000e+00
-7.44109 0.000000000000000e+00
-7.43349 0.000000000000000e+00
-7.42589 0.000000000000000e+00
-7.41828 0.000000000000000e+00
-7.41068 0.000000000000000e+00
-7.40308 0.000000000000000e+00
-7.39548 0.000000000000000e+00
-7.38788 0.000000000000000e+00
-7.38028 0.000000000000000e+00
-7.37267 0.000000000000000e+00
-7.36507 0.000000000000000e+00
-7.35747 0.000000000000000e+00
-7.34987 0.000000000000000e+00
-7.34227 0.000000000000000e+00
-7.33467 0.000000000000000e+00
-7.32707 0.000000000000000e+00
-7.31946 0.000000000000000e+00
-7.31186 0.000000000000000e+00
-7.30426 0.000000000000000e+00
-7.29666 0.000000000000000e+00
-7.28906 0.000000000000000e+00
-7.28146 0.000000000000000e+00
-7.27385 0.000000000000000e+00
-7.26625 0.000000000000000e+00
-7.25865 0.000000000000000e+00
-7.25105 0.000000000000000e+00
-7.24345 0.000000000000000e+00
-7.23585 0.000000000000000e+00
-7.22825 0.000000000000000e+00
-7.22064 0.000000000000000e+00
-7.21304 0.000000000000000e+00
-7.20544 0.000000000000000e+00
-7.19784 0.000000000000000e+00
-7.19024 0.000000000000000e+00
-7.18264 0.000000000000000e+00
-7.17504 0.000000000000000e+00
-7.16743 0.000000000000000e+00
-7.15983 0.000000000000000e+00
-7.15223 0.000000000000000e+00
-7.14463 0.000000000000000e+00
-7.13703 0.000000000000000e+00
-7.12943 0.000000000000000e+00
-7.12182 0.000000000000000e+00
-7.11422 0.000000000000000e+00
-7.10662 0.000000000000000e+00
-7.09902 0.000000000000000e+00
-7.09142 6.422853395936205e-323
-7.08382 2.955063885031625e-305
-7.07622 4.404722451117170e-288
-7.06861 2.067737893478397e-271
-7.06101 3.057088818414774e-255
-7.05341 1.423533719976632e-239
-7.04581 2.087792830861526e-224
-7.03821 9.644535253965319e-210
-7.03061 1.403348528550303e-195
-7.02300 6.432180818474194e-182
-7.01540 9.287096107984795e-169
-7.00780 4.224292623108157e-156
-7.00020 6.053508059707622e-144
-6.99260 2.733191249689805e-132
-6.98500 3.888464229128717e-121
-6.97740 1.743301302156602e-110
-6.96979 2.463206850010695e-100
-6.96219 1.097032024322096e-90
-6.95459 1.540257483880461e-81
-6.94699 6.818678165792811e-73
-6.93939 9.519872085925650e-65
-6.93179 4.192702833155012e-57
-6.92418 5.826627751357749e-50
-6.91658 2.555954852405865e-43
-6.90898 3.540655812897032e-37
-6.90138 1.549625013829369e-31
-6.89378 2.144093657348971e-26
-6.88618 9.385384726611995e-22
-6.87858 1.300884764463524e-17
-6.87097 5.715879196312133e-14
-6.86337 7.972377437263175e-11
-6.85577 3.536188516842675e-08
-6.84817 5.000567036142053e-06
-6.84057 2.264534064955676e-04
-6.83297 3.328470415046430e-03
-6.82537 1.696214794794137e-02
-6.81776 4.102702610984024e-02
-6.81016 8.168855073694929e-02
-6.80256 1.121333287888605e-01
-6.79496 9.559298240300873e-02
-6.78736 1.091358990340748e-01
-6.77976 1.379294425045621e-01
-6.77215 1.628000849175242e-01
-6.76455 2.200645420261689e-01
-6.75695 2.177125338945126e-01
-6.74935 1.852157021496393e-01
-6.74175 2.418359796233238e-01
-6.73415 2.667903571245457e-01
-6.72655 2.420681969561815e-01
-6.71894 3.080839705400609e-01
-6.71134 3.793002270431810e-01
-6.70374 3.570129800997632e-01
-6.69614 3.974243154558536e-01
-6.68854 4.468113293425043e-01
-6.68094 4.151602992043439e-01
-6.67333 4.092851941575547e-01
-6.66573 4.522835494839322e-01
-6.65813 4.936813474995331e-01
-6.65053 5.158620620985934e-01
-6.64293 6.280239203543007e-01
-6.63533 8.372255546293739e-01
-6.62773 9.657471061147079e-01
-6.62012 9.786662976945814e-01
-6.61252 8.865714063882585e-01
-6.60492 8.225437881376706e-01
-6.59732 9.038972841037186e-01
-6.58972 9.883136756929816e-01
-6.58212 9.891805622049368e-01
-6.57451 8.708087912335023e-01
-6.56691 7.884100171612591e-01
-6.55931 9.164430424408140e-01
-6.55171 1.330972895409246e+00
-6.54411 1.715206310710328e+00
-6.53651 1.627614409710059e+00
-6.52891 1.149096219267713e+00
-6.52130 9.195903435622007e-01
-6.51370 1.094478256805755e+00
-6.50610 1.410763294737214e+00
-6.49850 1.823067738736670e+00
-6.49090 2.083145248416914e+00
-6.48330 1.915715102666915e+00
-6.47570 1.719501796396829e+00
-6.46809 1.649583002985116e+00
-6.46049 1.638378366304527e+00
-6.45289 1.417285155003662e+00
-6.44529 1.128044031547709e+00
-6.43769 1.139492549103274e+00
-6.43009 1.137766536816120e+00
-6.42248 9.006325344555228e-01
-6.41488 7.501766103537086e-01
-6.40728 8.667336365819800e-01
-6.39968 9.250600907628762e-01
-6.39208 8.689912388269527e-01
-6.38448 8.058899800157384e-01
-6.37688 7.310644599361658e-01
-6.36927 7.559647368769111e-01
-6.36167 8.526869915347951e-01
-6.35407 8.842534626132244e-01
-6.34647 9.393312946283727e-01
-6.33887 9.619922465282583e-01
-6.33127 7.290682137541658e-01
-6.32366 4.952391293107553e-01
-6.31606 4.383292181014410e-01
-6.30846 5.198205775927431e-01
-6.30086 5.558180209155991e-01
-6.29326 6.133770949600964e-01
-6.28566 7.273764079893030e-01
-6.27806 7.255838302664671e-01
-6.27045 5.901902552396511e-01
-6.26285 4.564235158664882e-01
-6.25525 5.048013838238821e-01
-6.24765 5.931389200515456e-01
-6.24005 5.925941591782005e-01
-6.23245 6.358904192458621e-01
-6.22484 5.986130194614676e-01
-6.21724 5.521135610474901e-01
-6.20964 6.145072569026490e-01
-6.20204 5.773512815463084e-01
-6.19444 4.599677546156575e-01
-6.18684 4.100657562589466e-01
-6.17924 3.341622741938583e-01
-6.17163 3.073683106753869e-01
-6.16403 4.222275764213781e-01
-6.15643 5.268732022915389e-01
-6.14883 5.530273567147349e-01
-6.14123 5.504650435374597e-01
-6.13363 5.411709409926464e-01
-6.12603 4.905310877554512e-01
-6.11842 4.105283330930538e-01
-6.11082 3.413559530475653e-01
-6.10322 3.816668124575225e-01
-6.09562 4.648135297014973e-01
-6.08802 4.961113059909932e-01
-6.08042 4.346265863698801e-01
-6.07281 3.505388019415065e-01
-6.06521 3.361754959780698e-01
-6.05761 3.803471602608099e-01
-6.05001 4.102985371542681e-01
-6.04241 4.173707806386693e-01
-6.03481 4.479294463402808e-01
-6.02721 4.149556895209419e-01
-6.01960 3.692859461378298e-01
-6.01200 3.377859142087906e-01
-6.00440 3.702378519469230e-01
-5.99680 3.717305710453670e-01
-5.98920 2.802054921060318e-01
-5.98160 2.563935965748355e-01
-5.97399 3.618935018064640e-01
-5.96639 4.190015482476586e-01
-5.95879 3.894497198526671e-01
-5.95119 3.952772165183109e-01
-5.94359 4.786448282984869e-01
-5.93599 4.822804750497609e-01
-5.92839 3.734820229716793e-01
-5.92078 2.674016526526862e-01
-5.91318 1.902768701710477e-01
-5.90558 1.734864478476599e-01
-5.89798 2.273415440700363e-01
-5.89038 2.654610830237972e-01
-5.88278 2.616590971831845e-01
-5.87518 3.075187545278397e-01
-5.86757 4.390518045657065e-01
-5.85997 5.151423469398977e-01
-5.85237 4.882580141471159e-01
-5.84477 3.989484954905442e-01
-5.83717 2.811144907615880e-01
-5.82957 2.188393803901846e-01
-5.82196 2.085105560482908e-01
-5.81436 1.824976352726728e-01
-5.80676 1.637665037874989e-01
-5.79916 2.744887923943423e-01
-5.79156 3.440617136756260e-01
-5.78396 2.999676390056237e-01
-5.77636 3.537679181076882e-01
-5.76875 4.236479300542875e-01
-5.76115 3.353682397970955e-01
-5.75355 2.296024532653870e-01
-5.74595 2.487591577541427e-01
-5.73835 2.915255318106486e-01
-5.73075 2.908497499027670e-01
-5.72314 2.376133028118159e-01
-5.71554 1.664177842186018e-01
-5.70794 1.357564442125483e-01
-5.70034 1.959689382501160e-01
-5.69274 2.895485170481682e-01
-5.68514 3.827816958314859e-01
-5.67754 4.680886022357863e-01
-5.66993 4.025070288973747e-01
-5.66233 2.586075169394463e-01
-5.65473 1.736246916433492e-01
-5.64713 1.654035902424968e-01
-5.63953 2.065610154629994e-01
-5.63193 2.234570934475303e-01
-5.62432 1.953877592087633e-01
-5.61672 1.667209254134749e-01
-5.60912 2.084266448913193e-01
-5.60152 2.922514785667936e-01
-5.59392 3.187261634798844e-01
-5.58632 3.750449494844356e-01
-5.57872 3.549362294403705e-01
-5.57111 2.217964078361157e-01
-5.56351 1.609939615173782e-01
-5.55591 1.630234450037666e-01
-5.54831 1.434064819984576e-01
-5.54071 1.267512426987539e-01
-5.53311 1.718759412453359e-01
-5.52551 2.393670227239216e-01
-5.51790 2.424109726938140e-01
-5.51030 1.990596788885942e-01
-5.50270 2.202090845057679e-01
-5.49510 3.202690059276752e-01
-5.48750 3.916612463040972e-01
-5.47990 3.814937403293290e-01
-5.47229 2.918046925409087e-01
-5.46469 1.913502548594913e-01
-5.45709 1.232716719870589e-01
-5.44949 8.287457853740536e-02
-5.44189 1.212468168078687e-01
-5.43429 2.118193068897454e-01
-5.42669 2.436336556113981e-01
-5.41908 1.589390492255048e-01
-5.41148 7.841472209151296e-02
-5.40388 8.891984598280855e-02
-5.39628 1.602215671480382e-01
-5.38868 2.487441161194452e-01
-5.38108 3.436286434827550e-01
-5.37347 3.789275433484455e-01
-5.36587 3.178873226340328e-01
-5.35827 2.528468422486600e-01
-5.35067 1.925216016565161e-01
-5.34307 1.037535343220578e-01
-5.33547 4.327179135784522e-02
-5.32787 5.697114241031734e-02
-5.32026 1.122658777713355e-01
-5.31266 1.797099415703481e-01
-5.30506 2.146242995368270e-01
-5.29746 1.990605783977795e-01
-5.28986 1.971507948934360e-01
-5.28226 2.480633470178915e-01
-5.27465 3.290843342251412e-01
-5.26705 3.352111441408372e-01
-5.25945 2.326778466458225e-01
-5.25185 1.553911186604493e-01
-5.24425 1.458766938009746e-01
-5.23665 1.424539175567578e-01
-5.22905 1.248517909519445e-01
-5.22144 1.040482707351795e-01
-5.21384 1.126521632345230e-01
-5.20624 1.363978686552965e-01
-5.19864 1.565054536016074e-01
-5.19104 1.661842697818181e-01
-5.18344 1.452667111843898e-01
-5.17584 1.357112758331997e-01
-5.16823 1.766106703075378e-01
-5.16063 2.500390644730213e-01
-5.15303 2.441759129970553e-01
-5.14543 1.705379946903660e-01
-5.13783 1.290603191661379e-01
-5.13023 1.143308861096767e-01
-5.12262 1.520296744336503e-01
-5.11502 2.154192180265380e-01
-5.10742 1.771373990636607e-01
-5.09982 9.696574602591114e-02
-5.09222 1.156558785648533e-01
-5.08462 1.824015548734070e-01
-5.07702 2.165808876806707e-01
-5.06941 2.029520087727206e-01
-5.06181 1.766897868150184e-01
-5.05421 2.141018765485095e-01
-5.04661 2.555163696460641e-01
-5.03901 2.087604842457321e-01
-5.03141 1.298348715333887e-01
-5.02380 8.726073795033916e-02
-5.01620 8.587846554753908e-02
-5.00860 1.148376723115181e-01
-5.00100 1.450721317755594e-01
-4.99340 1.140814715013887e-01
-4.98580 7.198444468415433e-02
-4.97820 7.252434239643832e-02
-4.97059 7.610914130229632e-02
-4.96299 9.993572223859618e-02
-4.95539 1.782563937222191e-01
-4.94779 2.335208733581246e-01
-4.94019 2.324090749264657e-01
-4.93259 2.153179921262620e-01
-4.92498 2.440012731798257e-01
-4.91738 2.330774536623786e-01
-4.90978 1.371611847438657e-01
-4.90218 4.735112506071160e-02
-4.89458 2.718332670599182e-02
-4.88698 5.189001115057115e-02
-4.87938 7.542528259765391e-02
-4.87177 1.074079845948085e-01
-4.86417 1.645940133693244e-01
-4.85657 2.049814613043631e-01
-4.84897 1.815507162045897e-01
-4.84137 1.218670295063076e-01
-4.83377 1.288277990793502e-01
-4.82617 1.769971831080135e-01
-4.81856 1.921978692187791e-01
-4.81096 1.856399536136776e-01
-4.80336 2.122500903852575e-01
-4.79576 1.771427462658966e-01
-4.78816 1.000531754466671e-01
-4.78056 9.807113587891990e-02
-4.77295 9.166175896679214e-02
-4.76535 5.427667368743792e-02
-4.75775 7.207435892911064e-02
-4.75015 8.621223634132549e-02
-4.74255 7.577326948256170e-02
-4.73495 1.008567174741298e-01
-4.72735 1.329948783155952e-01
-4.71974 1.392100105075396e-01
-4.71214 1.268006293119634e-01
-4.70454 9.554975100022758e-02
-4.69694 9.173273576365909e-02
-4.68934 1.462075083265853e-01
-4.68174 2.055496351687775e-01
-4.67413 1.988602149408611e-01
-4.66653 1.336478537171917e-01
-4.65893 1.003182438307918e-01
-4.65133 1.128152075143891e-01
-4.64373 1.349635228567592e-01
-4.63613 9.904835143558029e-02
-4.62853 7.772858036547051e-02
-4.62092 1.048554721598124e-01
-4.61332 1.028190881341085e-01
-4.60572 9.939893260592991e-02
-4.59812 1.480559582769711e-01
-4.59052 1.732083554286395e-01
-4.58292 1.257730629261859e-01
-4.57532 9.206709078799720e-02
-4.56771 1.031206640033530e-01
-4.56011 1.256994923547116e-01
-4.55251 1.212583771815032e-01
-4.54491 1.046377022325431e-01
-4.53731 1.027899740800615e-01
-4.52971 1.072341056085585e-01
-4.52210 1.434195665593457e-01
-4.51450 1.484210085692500e-01
-4.50690 8.833343755883996e-02
-4.49930 5.829714903215621e-02
-4.49170 4.778458206594198e-02
-4.48410 4.393570938535905e-02
-4.47650 9.449796687591709e-02
-4.46889 1.215365075619422e-01
-4.46129 1.056285199921240e-01
-4.45369 1.313136748168293e-01
-4.44609 1.411000607182346e-01
-4.43849 1.079711776627479e-01
-4.43089 9.002833750133249e-02
-4.42328 1.266751761023534e-01
-4.41568 1.385760593929670e-01
-4.40808 8.365126143386360e-02
-4.40048 3.486862873590185e-02
-4.39288 3.893901880244488e-02
-4.38528 5.452584081611600e-02
-4.37768 8.341159109796582e-02
-4.37007 1.385185550270963e-01
-4.36247 1.379857617791097e-01
-4.35487 1.237699373374885e-01
-4.34727 1.340032307909970e-01
-4.33967 1.406743977338996e-01
-4.33207 1.363046952589277e-01
-4.32446 1.183176968216739e-01
-4.31686 1.322092790579060e-01
-4.30926 1.176220528040179e-01
-4.30166 8.581699095161328e-02
-4.29406 7.972668569660919e-02
-4.28646 7.449953340496934e-02
-4.27886 7.330584103167524e-02
-4.27125 7.245088655256890e-02
-4.26365 4.899007941613429e-02
-4.25605 4.326829619757292e-02
-4.24845 7.580539513593934e-02
-4.24085 9.667069802518574e-02
-4.23325 9.304856017267329e-02
-4.22565 1.128375146472336e-01
-4.21804 1.146072081535440e-01
-4.21044 7.504140515983442e-02
-4.20284 2.874687182133795e-02
-4.19524 1.153306031948782e-02
-4.18764 2.651979866566101e-02
-4.18004 6.009316275574413e-02
-4.17243 1.328783974991663e-01
-4.16483 1.914745078632333e-01
-4.15723 1.408479235269295e-01
-4.14963 1.083477516104796e-01
-4.14203 1.160347972148074e-01
-4.13443 1.127789006350658e-01
-4.12683 1.173497712991050e-01
-4.11922 7.082035218539144e-02
-4.11162 1.714440736628640e-02
-4.10402 1.543647434406847e-02
-4.09642 6.248997471316427e-02
-4.08882 1.176638589586675e-01
-4.08122 9.916316897932158e-02
-4.07361 6.579678297442469e-02
-4.06601 7.627983468547464e-02
-4.05841 8.677456702090713e-02
-4.05081 6.867132754201583e-02
-4.04321 7.265129501860552e-02
-4.03561 1.087231214620720e-01
-4.02801 1.271716591285809e-01
-4.02040 1.085342137571620e-01
-4.01280 9.169532688609223e-02
-4.00520 9.660640148499224e-02
-3.99760 6.970195926048724e-02
-3.99000 3.620255269475373e-02
-3.98240 7.216093166477716e-02
-3.97479 1.521051143043170e-01
-3.96719 1.672936185836545e-01
-3.95959 1.473372894667446e-01
-3.95199 1.587078873387167e-01
-3.94439 1.645585663760621e-01
-3.93679 1.744013001224197e-01
-3.92919 1.965929705210658e-01
-3.92158 2.420458946357891e-01
-3.91398 2.961022093802461e-01
-3.90638 3.630400471824407e-01
-3.89878 3.956191994202053e-01
-3.89118 3.342596326858439e-01
-3.88358 2.788158861106110e-01
-3.87598 3.011821834373435e-01
-3.86837 3.854865914294541e-01
-3.86077 4.258557780123316e-01
-3.85317 3.932052531163050e-01
-3.84557 4.024772590052460e-01
-3.83797 4.166771625550638e-01
-3.83037 4.009488768521410e-01
-3.82276 4.572444688467572e-01
-3.81516 5.478007346545409e-01
-3.80756 5.681199887278451e-01
-3.79996 5.059317979132435e-01
-3.79236 4.552931367772839e-01
-3.78476 4.511295265176046e-01
-3.77716 4.468285037441142e-01
-3.76955 5.043443667067001e-01
-3.76195 6.237654772492294e-01
-3.75435 6.611763695592597e-01
-3.74675 6.526246679615181e-01
-3.73915 7.006908406993027e-01
-3.73155 7.411635380043387e-01
-3.72394 7.595983139166493e-01
-3.71634 7.490101867367933e-01
-3.70874 6.918497025496322e-01
-3.70114 6.544222049674961e-01
-3.69354 5.004187067302974e-01
-3.68594 4.432269480224996e-01
-3.67834 6.771545821660373e-01
-3.67073 8.732264234545459e-01
-3.66313 8.301131535406712e-01
-3.65553 6.982782537160680e-01
-3.64793 6.000632398452008e-01
-3.64033 5.862155431787178e-01
-3.63273 6.115310659202021e-01
-3.62513 6.953219178453248e-01
-3.61752 7.224478186871931e-01
-3.60992 6.333658159279704e-01
-3.60232 5.746511009477121e-01
-3.59472 5.691953296187821e-01
-3.58712 5.722583839759257e-01
-3.57952 6.411027493679375e-01
-3.57191 6.723585900943851e-01
-3.56431 7.270247204872986e-01
-3.55671 7.869249743188039e-01
-3.54911 6.320608008076836e-01
-3.54151 4.810266986372606e-01
-3.53391 4.985710738310999e-01
-3.52631 5.000976781388291e-01
-3.51870 4.646421910549307e-01
-3.51110 5.559702109586426e-01
-3.50350 7.047897098345975e-01
-3.49590 7.018722285302519e-01
-3.48830 6.124853974263337e-01
-3.48070 5.819588834867522e-01
-3.47309 6.429199247939064e-01
-3.46549 7.711023270895446e-01
-3.45789 7.442451036469742e-01
-3.45029 5.858788314403787e-01
-3.44269 5.215121854092537e-01
-3.43509 4.600107303801152e-01
-3.42749 3.762022712151062e-01
-3.41988 3.504164116124320e-01
-3.41228 4.111172066672695e-01
-3.40468 5.717347388697280e-01
-3.39708 6.569022954939806e-01
-3.38948 6.140588961133108e-01
-3.38188 5.477000615060650e-01
-3.37427 4.561408225426190e-01
-3.36667 4.380863851660423e-01
-3.35907 5.977680352444601e-01
-3.35147 6.962124016807448e-01
-3.34387 6.056548864301124e-01
-3.33627 6.094111634117505e-01
-3.32867 5.429440378528640e-01
-3.32106 4.383588308352808e-01
-3.31346 4.772965912413260e-01
-3.30586 5.234250276409433e-01
-3.29826 5.209575743785662e-01
-3.29066 4.662147739407172e-01
-3.28306 4.298738375540959e-01
-3.27546 4.834402445924728e-01
-3.26785 6.443179836527555e-01
-3.26025 6.686297691897172e-01
-3.25265 5.591422400916686e-01
-3.24505 5.491146989897994e-01
-3.23745 5.667653897058961e-01
-3.22985 6.126341165595655e-01
-3.22224 6.062967046453084e-01
-3.21464 5.283858935318307e-01
-3.20704 5.143607562957255e-01
-3.19944 5.010312211833698e-01
-3.19184 4.405527363583348e-01
-3.18424 4.809972144240818e-01
-3.17664 5.506037823351357e-01
-3.16903 5.530594572661214e-01
-3.16143 5.602635118748818e-01
-3.15383 6.095865926775919e-01
-3.14623 6.248381293474107e-01
-3.13863 5.479048662094649e-01
-3.13103 5.638290577874573e-01
-3.12342 6.821133305299916e-01
-3.11582 6.534693897251842e-01
-3.10822 5.272615526192884e-01
-3.10062 4.165440201793406e-01
-3.09302 4.536674602712084e-01
-3.08542 6.284453069131367e-01
-3.07782 6.820730900843233e-01
-3.07021 5.120887010612549e-01
-3.06261 3.589918311224921e-01
-3.05501 4.298075225834105e-01
-3.04741 5.383043531082491e-01
-3.03981 5.214998367562219e-01
-3.03221 5.559609319051351e-01
-3.02460 5.509352542357507e-01
-3.01700 5.351858595076769e-01
-3.00940 5.932735603992844e-01
-3.00180 6.704987472571805e-01
-2.99420 7.192004705894927e-01
-2.98660 7.610028027948056e-01
-2.97900 6.979626651790598e-01
-2.97139 6.758402620242392e-01
-2.96379 7.329510651301705e-01
-2.95619 6.731966444521547e-01
-2.94859 5.069620422849336e-01
-2.94099 4.356582808111843e-01
-2.93339 5.025362227918739e-01
-2.92579 4.525477120568301e-01
-2.91818 3.639007091859167e-01
-2.91058 4.370180501808040e-01
-2.90298 5.399251634041612e-01
-2.89538 6.721385219551045e-01
-2.88778 8.053032516717810e-01
-2.88018 7.490250742424124e-01
-2.87257 6.349835877536681e-01
-2.86497 5.783000404167136e-01
-2.85737 5.678251341171245e-01
-2.84977 6.400783240071197e-01
-2.84217 6.818088796179600e-01
-2.83457 6.712710693776673e-01
-2.82697 6.290551221408199e-01
-2.81936 6.191670183126685e-01
-2.81176 6.777270182921412e-01
-2.80416 7.446073181818255e-01
-2.79656 8.074863394364559e-01
-2.78896 7.856729061752563e-01
-2.78136 7.260718831230920e-01
-2.77375 7.341479925721405e-01
-2.76615 6.850702159881961e-01
-2.75855 5.613501621186734e-01
-2.75095 4.872989689932004e-01
-2.74335 5.616887032745564e-01
-2.73575 5.930017823611072e-01
-2.72815 5.922452029961616e-01
-2.72054 6.518762022898374e-01
-2.71294 7.243671610508854e-01
-2.70534 7.966173758642328e-01
-2.69774 7.328965629407445e-01
-2.69014 6.742669226948954e-01
-2.68254 7.887568397840464e-01
-2.67493 9.687730394932648e-01
-2.66733 1.077949165814697e+00
-2.65973 9.411335198752653e-01
-2.65213 6.698649133616361e-01
-2.64453 5.466421417319123e-01
-2.63693 6.633486723005263e-01
-2.62933 9.197786284592528e-01
-2.62172 1.056202473557550e+00
-2.61412 8.981902468666670e-01
-2.60652 7.516089871178263e-01
-2.59892 6.910435497343979e-01
-2.59132 6.845077134522740e-01
-2.58372 7.557531397371083e-01
-2.57612 8.071373806345523e-01
-2.56851 8.371660154599135e-01
-2.56091 8.526609139189200e-01
-2.55331 8.305565612324103e-01
-2.54571 7.466507993786167e-01
-2.53811 7.288505852458846e-01
-2.53051 7.980456677843633e-01
-2.52290 8.212610353732996e-01
-2.51530 8.217968395738567e-01
-2.50770 9.106244033308654e-01
-2.50010 1.030100239380378e+00
-2.49250 9.809346409793503e-01
-2.48490 7.402117157600890e-01
-2.47730 6.197241953065560e-01
-2.46969 6.808811980034259e-01
-2.46209 6.394652830839113e-01
-2.45449 6.070032860881053e-01
-2.44689 7.445145973235612e-01
-2.43929 8.567375858331436e-01
-2.43169 8.335983456692677e-01
-2.42408 7.639485305660004e-01
-2.41648 6.554763273406800e-01
-2.40888 6.112704491827622e-01
-2.40128 6.204921767687945e-01
-2.39368 6.596129753250233e-01
-2.38608 7.389584365157441e-01
-2.37848 8.623693632479952e-01
-2.37087 8.763662091798011e-01
-2.36327 8.180408502989714e-01
-2.35567 9.074559447659833e-01
-2.34807 9.970149339876604e-01
-2.34047 9.445196017141586e-01
-2.33287 8.908513810203714e-01
-2.32527 9.129777689904619e-01
-2.31766 9.582530903244180e-01
-2.31006 8.652678053979304e-01
-2.30246 6.208603228062924e-01
-2.29486 5.350607457742800e-01
-2.28726 5.836323383122980e-01
-2.27966 5.655246988641350e-01
-2.27205 5.329260951438991e-01
-2.26445 5.988085770497931e-01
-2.25685 6.892566559065236e-01
-2.24925 7.328766123655482e-01
-2.24165 7.984886212500686e-01
-2.23405 9.054269527180063e-01
-2.22645 8.957646162727270e-01
-2.21884 8.177764779474755e-01
-2.21124 7.823786550207273e-01
-2.20364 7.274081346165893e-01
-2.19604 7.633373355038510e-01
-2.18844 8.295304877233883e-01
-2.18084 9.377634452455232e-01
-2.17323 9.748306925441557e-01
-2.16563 7.444155545943191e-01
-2.15803 6.470832107310212e-01
-2.15043 6.695160909566631e-01
-2.14283 5.872024766805193e-01
-2.13523 5.183583374598780e-01
-2.12763 5.724101864998090e-01
-2.12002 6.075382257395909e-01
-2.11242 6.815650950995367e-01
-2.10482 8.043143910453562e-01
-2.09722 8.681573584661079e-01
-2.08962 8.731803058355505e-01
-2.08202 8.279457491567538e-01
-2.07441 7.544337051028686e-01
-2.06681 7.345774765246400e-01
-2.05921 7.939198483461348e-01
-2.05161 7.463211186491500e-01
-2.04401 5.821197069510210e-01
-2.03641 4.459991969393247e-01
-2.02881 5.016173883703952e-01
-2.02120 7.558570683863434e-01
-2.01360 9.478589516958568e-01
-2.00600 8.935466329896016e-01
-1.99840 7.791522651122770e-01
-1.99080 8.347791282550456e-01
-1.98320 7.585661600507834e-01
-1.97560 6.497381091595363e-01
-1.96799 6.691954690110721e-01
-1.96039 7.443311152719079e-01
-1.95279 7.553732763104506e-01
-1.94519 7.408240014226694e-01
-1.93759 6.818490160342107e-01
-1.92999 6.483631546588826e-01
-1.92238 6.549100438886361e-01
-1.91478 6.227660604392335e-01
-1.90718 6.389631995482800e-01
-1.89958 6.718596809078816e-01
-1.89198 7.297909421375984e-01
-1.88438 7.434537458573439e-01
-1.87678 7.133345892491780e-01
-1.86917 7.534122208617250e-01
-1.86157 7.278786343304026e-01
-1.85397 6.129406055114497e-01
-1.84637 4.872630554977603e-01
-1.83877 4.714078537212487e-01
-1.83117 6.487034113476572e-01
-1.82356 8.077571688115026e-01
-1.81596 8.062884603298894e-01
-1.80836 8.417719352054767e-01
-1.80076 9.107179309413511e-01
-1.79316 8.703490142329594e-01
-1.78556 8.110728824866552e-01
-1.77796 7.855174921387698e-01
-1.77035 7.616440649287102e-01
-1.76275 6.832455546317371e-01
-1.75515 5.794899089470338e-01
-1.74755 6.383517187622393e-01
-1.73995 6.956343920196409e-01
-1.73235 5.999445173841942e-01
-1.72474 5.398642751952299e-01
-1.71714 5.809573449604684e-01
-1.70954 6.582780990932933e-01
-1.70194 6.755110668816425e-01
-1.69434 5.805553612249569e-01
-1.68674 5.766262197597959e-01
-1.67914 7.277571044888654e-01
-1.67153 8.354531948754128e-01
-1.66393 8.048845218764290e-01
-1.65633 8.776823988560704e-01
-1.64873 8.658062401352974e-01
-1.64113 6.215043925016287e-01
-1.63353 3.975730942230203e-01
-1.62593 3.020219672615758e-01
-1.61832 4.156751569273910e-01
-1.61072 6.104630565256993e-01
-1.60312 6.604261581803488e-01
-1.59552 6.823323559672262e-01
-1.58792 7.717229551042332e-01
-1.58032 9.435362110915542e-01
-1.57271 1.024583573267887e+00
-1.56511 8.769998428859136e-01
-1.55751 7.353984168127349e-01
-1.54991 6.801616463943690e-01
-1.54231 6.474218136456374e-01
-1.53471 6.990845976702817e-01
-1.52711 6.548812995972789e-01
-1.51950 5.205492384558457e-01
-1.51190 5.509752308829635e-01
-1.50430 6.256007373717956e-01
-1.49670 6.008331905092504e-01
-1.48910 5.938247229960564e-01
-1.48150 6.394036035911138e-01
-1.47389 5.910326994476247e-01
-1.46629 5.792609137920299e-01
-1.45869 6.878862590867502e-01
-1.45109 7.631183141191822e-01
-1.44349 7.462411406130853e-01
-1.43589 6.081136726233941e-01
-1.42829 4.958469540403218e-01
-1.42068 5.468392880287906e-01
-1.41308 6.824509934065643e-01
-1.40548 8.454323826485005e-01
-1.39788 7.606906438951819e-01
-1.39028 5.154951268159622e-01
-1.38268 4.566718012604133e-01
-1.37508 5.005528981512202e-01
-1.36747 5.824302336879299e-01
-1.35987 6.877547104343553e-01
-1.35227 7.856569175859061e-01
-1.34467 8.928650262406579e-01
-1.33707 7.927399160404629e-01
-1.32947 5.866389042854012e-01
-1.32186 6.026961886046031e-01
-1.31426 7.285072736454736e-01
-1.30666 7.186997624205429e-01
-1.29906 6.289192555412477e-01
-1.29146 5.128992467745649e-01
-1.28386 4.684940173114092e-01
-1.27626 4.998818061817312e-01
-1.26865 5.756758344913422e-01
-1.26105 6.333183665810734e-01
-1.25345 6.274320723345486e-01
-1.24585 5.762433690857308e-01
-1.23825 5.841449981148046e-01
-1.23065 7.084385239542560e-01
-1.22304 8.864501713354670e-01
-1.21544 8.954585876029353e-01
-1.20784 6.859078333209755e-01
-1.20024 5.580438502538521e-01
-1.19264 5.504189277124807e-01
-1.18504 5.073122020205093e-01
-1.17744 4.859889330551603e-01
-1.16983 4.954586529343057e-01
-1.16223 5.381004560473732e-01
-1.15463 6.791766433684675e-01
-1.14703 8.126854853475471e-01
-1.13943 8.054012846981177e-01
-1.13183 6.758930109749286e-01
-1.12422 5.533502470880288e-01
-1.11662 5.458275391588235e-01
-1.10902 5.133259312828290e-01
-1.10142 4.299433353449174e-01
-1.09382 4.341638118149662e-01
-1.08622 4.501625681770757e-01
-1.07862 4.281301433229687e-01
-1.07101 4.017762482080234e-01
-1.06341 3.860671852222505e-01
-1.05581 4.477987208572436e-01
-1.04821 5.434461937626635e-01
-1.04061 5.437399532928977e-01
-1.03301 5.058523321180212e-01
-1.02541 4.989702800598953e-01
-1.01780 4.419055445232973e-01
-1.01020 3.701497173495291e-01
-1.00260 3.198630794040891e-01
-0.99500 3.213034438124558e-01
-0.98740 3.376461154295780e-01
-0.97980 3.596462367158123e-01
-0.97219 4.854381043891886e-01
-0.96459 5.596254559059382e-01
-0.95699 4.590051864743334e-01
-0.94939 3.543502983646484e-01
-0.94179 3.716892320082648e-01
-0.93419 3.978511396698958e-01
-0.92659 3.684061477380531e-01
-0.91898 3.219870589605641e-01
-0.91138 3.202297890973135e-01
-0.90378 3.812242124474858e-01
-0.89618 4.264314829005179e-01
-0.88858 4.142543551750008e-01
-0.88098 3.402565248957911e-01
-0.87337 2.684566003239821e-01
-0.86577 2.492950549996374e-01
-0.85817 2.496188035101363e-01
-0.85057 3.098637894308491e-01
-0.84297 3.423298892672478e-01
-0.83537 3.073348175220137e-01
-0.82777 3.390167185057068e-01
-0.82016 4.016269194552734e-01
-0.81256 4.634890496579930e-01
-0.80496 4.360907804728276e-01
-0.79736 3.290122224341313e-01
-0.78976 2.026380430391197e-01
-0.78216 1.153103533156869e-01
-0.77455 1.013824455548541e-01
-0.76695 1.976072037979149e-01
-0.75935 3.636410953978977e-01
-0.75175 4.105932535607554e-01
-0.74415 3.434287686015947e-01
-0.73655 3.093064856629108e-01
-0.72895 3.657680581088491e-01
-0.72134 3.966013880825257e-01
-0.71374 3.184618748334980e-01
-0.70614 2.298138404265375e-01
-0.69854 1.889426888477728e-01
-0.69094 1.499007757576628e-01
-0.68334 1.493316244411943e-01
-0.67574 1.666152519006050e-01
-0.66813 1.981586115805661e-01
-0.66053 3.088168804812214e-01
-0.65293 3.294675598660197e-01
-0.64533 2.701405864928115e-01
-0.63773 2.737563370628361e-01
-0.63013 3.146275684359948e-01
-0.62252 3.354166258361710e-01
-0.61492 2.540316166715549e-01
-0.60732 1.691698927245742e-01
-0.59972 1.229379310800562e-01
-0.59212 1.143839404777064e-01
-0.58452 1.686636212742459e-01
-0.57692 2.059623123190008e-01
-0.56931 2.091574350271309e-01
-0.56171 2.489983166705894e-01
-0.55411 2.798004147329953e-01
-0.54651 3.213532543044240e-01
-0.53891 3.170911163101671e-01
-0.53131 2.647247404998695e-01
-0.52370 2.015043617609485e-01
-0.51610 1.487864436752850e-01
-0.50850 1.371949100294643e-01
-0.50090 1.541857156703709e-01
-0.49330 1.311663323430768e-01
-0.48570 9.609666364385806e-02
-0.47810 9.450593969897361e-02
-0.47049 1.694761594580292e-01
-0.46289 2.587767090421689e-01
-0.45529 2.798023364967517e-01
-0.44769 2.668456318027136e-01
-0.44009 2.800833397729796e-01
-0.43249 2.029010066922293e-01
-0.42488 1.121117019533573e-01
-0.41728 8.325193442056426e-02
-0.40968 9.427222483473088e-02
-0.40208 1.279125221989016e-01
-0.39448 1.446470277702444e-01
-0.38688 1.291008054049936e-01
-0.37928 1.149729577721158e-01
-0.37167 1.840557565431801e-01
-0.36407 2.812708217358103e-01
-0.35647 2.565331606084352e-01
-0.34887 1.911533298323258e-01
-0.34127 1.264935513866902e-01
-0.33367 7.067058730276431e-02
-0.32607 6.247443536934288e-02
-0.31846 7.280426113777121e-02
-0.31086 1.001894649432184e-01
-0.30326 1.124769943336058e-01
-0.29566 1.232191554240194e-01
-0.28806 1.464263092509891e-01
-0.28046 1.917467379813404e-01
-0.27285 2.237353185528305e-01
-0.26525 1.892113093130133e-01
-0.25765 1.353418825691292e-01
-0.25005 8.665943438680315e-02
-0.24245 4.596926708826778e-02
-0.23485 5.623491567484426e-02
-0.22725 9.838432779605252e-02
-0.21964 1.198416474530306e-01
-0.21204 1.300116569168857e-01
-0.20444 1.641995818601769e-01
-0.19684 1.477355739605368e-01
-0.18924 9.009427142755068e-02
-0.18164 7.138388170048855e-02
-0.17403 5.773552850731820e-02
-0.16643 4.275861396491839e-02
-0.15883 5.854509827429423e-02
-0.15123 8.952063462235685e-02
-0.14363 1.131555987571818e-01
-0.13603 1.240138259358765e-01
-0.12843 1.052493671676951e-01
-0.12082 7.838058919988848e-02
-0.11322 5.173576066516724e-02
-0.10562 5.141921484114985e-02
-0.09802 6.835633332022208e-02
-0.09042 5.868001641664557e-02
-0.08282 5.235354366665432e-02
-0.07522 7.409738469589970e-02
-0.06761 7.483331740687586e-02
-0.06001 4.818742373855096e-02
-0.05241 3.185133375083907e-02
-0.04481 3.482120715171967e-02
-0.03721 4.501389055662952e-02
-0.02961 3.746285471194938e-02
-0.02200 2.199624772273539e-02
-0.01440 1.936253501940077e-02
-0.00680 2.086656472693506e-02
0.00080 1.661018419894698e-02
0.00840 9.363756584052986e-03
0.01600 3.179710208110800e-03
0.02360 5.521426195143199e-04
0.03121 4.040862399128317e-05
0.03881 1.058873107217304e-06
0.04641 9.162875073402061e-09
0.05401 2.539752464141999e-11
0.06161 2.231321661526725e-14
0.06921 6.191454852606762e-18
0.07682 5.419323340080492e-22
0.08442 1.495631463273293e-26
0.09202 1.301230965050927e-31
0.09962 3.568603361704123e-37
0.10722 3.084850481728854e-43
0.11482 8.405129815998922e-50
0.12242 7.217937232973241e-57
0.13003 1.953549022139420e-64
0.13763 1.666334382760968e-72
0.14523 4.479304447644573e-81
0.15283 3.794490304075705e-90
0.16043 1.012918679703257e-99
0.16803 8.520358222004303e-110
0.17564 2.258329287061980e-120
0.18324 1.886023097887393e-131
0.19084 4.962739965174494e-143
0.19844 4.114296236760873e-155
0.20604 1.074618304074739e-167
0.21364 8.842662577269986e-181
0.22124 2.292281532752895e-194
0.22885 1.871954704750351e-208
0.23645 4.815618426790299e-223
0.24405 3.902343692026397e-238
0.25165 9.961014023999526e-254
0.25925 8.008930965876305e-270
0.26685 2.028277624656685e-286
0.27445 1.367053898199131e-295
0.28206 9.992062156859420e-279
0.28966 2.299465494018160e-262
0.29726 1.666099531814659e-246
0.30486 3.800819655171149e-231
0.31246 2.729957334713122e-216
0.32006 6.173575043459978e-202
0.32767 4.395617350948366e-188
0.33527 9.853835364725395e-175
0.34287 6.954933796085440e-162
0.35047 1.545549696537908e-149
0.35807 1.081372257393053e-137
0.36567 2.382153530328603e-126
0.37327 1.652214954698026e-115
0.38088 3.607992487797332e-105
0.38848 2.480658470051105e-95
0.39608 5.369954461486770e-86
0.40368 3.659961400096837e-77
0.41128 7.853887623542750e-69
0.41888 5.306340764643897e-61
0.42649 1.128776255065034e-53
0.43409 7.560018692471625e-47
0.44169 1.594190251519990e-40
0.44929 1.058424061772474e-34
0.45689 2.212491113992451e-29
0.46449 1.456148413492408e-24
0.47209 3.017394004848090e-20
0.47970 1.968614503354332e-16
0.48730 4.043818111770741e-13
0.49490 2.615319917655887e-10
0.50250 5.325498969842782e-08
0.51010 3.414271589058858e-06
0.51770 6.891886219285322e-05
0.52531 4.380063523732865e-04
0.53291 8.764456598839938e-04
0.54051 5.521687904799502e-04
0.54811 1.095269496381725e-04
0.55571 6.840256772236939e-06
0.56331 1.345011793484389e-07
0.57091 8.326875197101887e-10
0.57852 1.623081374745559e-12
0.58612 9.960951104129109e-16
0.59372 1.924702444375022e-19
0.60132 1.170923879478327e-23
0.60892 2.242828176941700e-28
0.61652 1.352588278871990e-33
0.62412 2.568251268018800e-39
0.63173 1.549486909937280e-45
0.63933 3.564867647174106e-41
0.64693 2.833389873898456e-35
0.65453 7.090650071089568e-30
0.66213 5.587316923328022e-25
0.66973 1.386467826469323e-20
0.67734 1.083766811994159e-16
0.68494 2.670635713305529e-13
0.69254 2.078793996304468e-10
0.70014 5.138106519909628e-08
0.70774 4.088649535190515e-06
0.71534 1.084533273821006e-04
0.72294 1.033766631170014e-03
0.73055 3.945320647835004e-03
0.73815 6.346473128652151e-03
0.74575 4.024238829189726e-03
0.75335 9.107720437968175e-04
0.76095 7.074811404419605e-05
0.76855 5.082445624669822e-05
0.77616 4.945227023299774e-04
0.78376 1.682973644568460e-03
0.79136 2.759705088089791e-03
0.79896 3.761882337291550e-03
0.80656 2.795020531330036e-03
0.81416 7.263422777824945e-04
0.82176 6.035504081944388e-05
0.82937 1.585321234290644e-06
0.83697 1.314460236146894e-08
0.84457 3.439646800463986e-11
0.85217 2.840421297318633e-14
0.85977 7.582972055898893e-18
0.86737 1.144022874523524e-15
0.87497 2.284296740146513e-12
0.88258 1.446107604666645e-09
0.89018 2.907441911409863e-07
0.89778 1.860154825690358e-05
0.90538 3.795742019436980e-04
0.91298 2.476532121565543e-03
0.92058 5.191185398481990e-03
0.92819 3.729537901532879e-03
0.93579 2.350987765712161e-03
0.94339 3.838428073144660e-03
0.95099 3.927614187380479e-03
0.95859 2.116188411538097e-03
0.96619 5.712096082447931e-04
0.97379 6.805618459419309e-05
0.98140 1.560934180617572e-04
0.98900 1.709472165410191e-03
0.99660 6.682218289714538e-03
1.00420 1.024764304830461e-02
1.01180 1.038004356197356e-02
1.01940 1.578809715879512e-02
1.02701 1.951378578086168e-02
1.03461 2.129559947360518e-02
1.04221 1.918420456583803e-02
1.04981 1.109433761857094e-02
1.05741 7.891942227951325e-03
1.06501 2.049419594042732e-02
1.07261 5.211868401865449e-02
1.08022 6.569428282079676e-02
1.08782 5.081888180304822e-02
1.09542 3.326380100634339e-02
1.10302 3.527065794001027e-02
1.11062 3.591041855053194e-02
1.11822 2.709486192964233e-02
1.12583 3.104563799821803e-02
1.13343 3.349846547447119e-02
1.14103 2.573354464878102e-02
1.14863 1.342726123331371e-02
1.15623 8.634029658663875e-03
1.16383 1.884561574817767e-02
1.17143 3.031772210486544e-02
1.17904 3.641152250569784e-02
1.18664 3.259229827059507e-02
1.19424 2.928780805493844e-02
1.20184 4.969336996990366e-02
1.20944 8.049139668598691e-02
1.21704 7.657787809692698e-02
1.22464 6.756958628213532e-02
1.23225 6.789970552352544e-02
1.23985 4.531664931114510e-02
1.24745 4.736919781023369e-02
1.25505 6.335983250194455e-02
1.26265 7.439031005958588e-02
1.27025 9.249391208744941e-02
1.27786 9.877467220613793e-02
1.28546 1.112898477796017e-01
1.29306 9.728854889860723e-02
1.30066 6.192934762198250e-02
1.30826 5.091225533280867e-02
1.31586 4.905314615783362e-02
1.32346 6.188680985220939e-02
1.33107 7.582270672614981e-02
1.33867 6.190570283213873e-02
1.34627 4.311536656722136e-02
1.35387 4.372063385189225e-02
1.36147 2.873581564807291e-02
1.36907 2.505471167295398e-02
1.37668 5.931707918378631e-02
1.38428 6.533883662192014e-02
1.39188 4.324225251789917e-02
1.39948 4.459179829040332e-02
1.40708 4.276120447889755e-02
1.41468 4.768537587709134e-02
1.42228 1.132203748492025e-01
1.42989 2.124925514658261e-01
1.43749 2.493267048178750e-01
1.44509 2.159247561059399e-01
1.45269 1.672345168968359e-01
1.46029 1.621225563235721e-01
1.46789 1.663435759262645e-01
1.47550 1.358669483835755e-01
1.48310 1.429435277878844e-01
1.49070 1.950333783563603e-01
1.49830 2.048143205758254e-01
1.50590 2.032681791915707e-01
1.51350 1.901250121618515e-01
1.52110 1.750613204491721e-01
1.52871 2.298499460552237e-01
1.53631 2.314822500311105e-01
1.54391 1.631933542769274e-01
1.55151 1.620618547856124e-01
1.55911 2.255512872825319e-01
1.56671 2.420186811668269e-01
1.57431 2.507087126256919e-01
1.58192 2.105619827778082e-01
1.58952 1.418882663351626e-01
1.59712 1.493532078273778e-01
1.60472 2.046158718193780e-01
1.61232 2.629742969499620e-01
1.61992 2.970071967329403e-01
1.62753 2.966147067455302e-01
1.63513 2.997242119812450e-01
1.64273 3.106070075682695e-01
1.65033 3.053073728306819e-01
1.65793 2.487362546186839e-01
1.66553 2.128778753343515e-01
1.67313 2.446529353430627e-01
1.68074 3.212030748667757e-01
1.68834 4.108636705151501e-01
1.69594 4.622084131625538e-01
1.70354 4.373817634751719e-01
1.71114 4.251125354464053e-01
1.71874 4.038525874315431e-01
1.72635 3.106660538051697e-01
1.73395 2.712096599446709e-01
1.74155 2.631112322632413e-01
1.74915 2.737678491997944e-01
1.75675 3.795449884564850e-01
1.76435 4.353766449895615e-01
1.77195 4.343392086121257e-01
1.77956 4.146625011502701e-01
1.78716 3.240648212390687e-01
1.79476 2.672597484969749e-01
1.80236 2.914016580959894e-01
1.80996 4.241609124334660e-01
1.81756 5.741645081629564e-01
1.82517 5.950782700398252e-01
1.83277 5.274438045023817e-01
1.84037 3.679951530328920e-01
1.84797 2.704971064350098e-01
1.85557 3.142078351711037e-01
1.86317 3.755197034257188e-01
1.87077 3.777456106986744e-01
1.87838 3.900675510854599e-01
1.88598 4.162578964454915e-01
1.89358 4.091957606211812e-01
1.90118 3.646055182237796e-01
1.90878 3.239113620303599e-01
1.91638 3.827705125854168e-01
1.92398 5.077725390457846e-01
1.93159 4.987317155384544e-01
1.93919 4.263028115676332e-01
1.94679 4.237675642844513e-01
1.95439 4.179912521485256e-01
1.96199 4.193502152868956e-01
1.96959 5.054114057117729e-01
1.97720 7.260298997380830e-01
1.98480 8.368102209439132e-01
1.99240 6.781494077970143e-01
2.00000 4.998269805645172e-01
