0	 376.37626	 369.67170	 2.65359	 1.64689	 2.61239	 2.43058	 1.47894	 2.45288	 147.03467	 144.09822	-0.38053	-0.52769	-0.37135	-0.19933	-0.28944	 0.12105	-0.01845	 0.13470	-0.10894	 0.09974	
1	 375.27310	 368.59883	 2.64301	 1.64681	 2.63598	 2.44380	 1.46769	 2.44605	 146.74269	 143.81361	-0.34237	-0.53355	-0.40110	-0.20065	-0.28645	 0.13563	-0.03362	 0.13357	-0.08778	 0.07908	
2	 371.99694	 365.39203	 2.62838	 1.63441	 2.65769	 2.45290	 1.44440	 2.43815	 145.87449	 142.96028	-0.29634	-0.53836	-0.43402	-0.20297	-0.27955	 0.15505	-0.05232	 0.12835	-0.03414	 0.02604	
3	 366.58226	 360.08479	 2.60964	 1.60985	 2.67708	 2.45762	 1.40944	 2.42888	 144.43106	 141.53940	-0.24290	-0.54204	-0.46979	-0.20594	-0.26911	 0.17934	-0.07440	 0.11889	 0.02902	-0.03640	
4	 359.08565	 352.73238	 2.58664	 1.57338	 2.69356	 2.45768	 1.36326	 2.41781	 142.41436	 139.55319	-0.18259	-0.54446	-0.50804	-0.20898	-0.25573	 0.20844	-0.09964	 0.10512	 0.07706	-0.08360	
5	 349.58503	 343.41101	 2.55920	 1.52540	 2.70642	 2.45274	 1.30646	 2.40436	 139.82766	 137.00515	-0.11613	-0.54550	-0.54832	-0.21131	-0.24028	 0.24220	-0.12775	 0.08702	 0.10185	-0.10741	
6	 338.17847	 332.21672	 2.52704	 1.46636	 2.71483	 2.44240	 1.23972	 2.38784	 136.67587	 133.90046	-0.04434	-0.54499	-0.59008	-0.21204	-0.22373	 0.28038	-0.15842	 0.06462	 0.10873	-0.11317	
7	 324.98281	 319.26404	 2.48983	 1.39685	 2.71785	 2.42621	 1.16377	 2.36747	 132.96600	 130.24637	 0.03184	-0.54277	-0.63269	-0.21033	-0.20702	 0.32263	-0.19125	 0.03808	 0.10531	-0.10847	
8	 310.13196	 304.68432	 2.44717	 1.31754	 2.71449	 2.40367	 1.07947	 2.34239	 128.70768	 126.05272	 0.11135	-0.53868	-0.67542	-0.20555	-0.19090	 0.36849	-0.22582	 0.00760	 0.09669	-0.09841	
9	 293.77501	 288.62385	 2.39863	 1.22916	 2.70366	 2.37427	 0.98769	 2.31167	 123.91369	 121.33248	 0.19300	-0.53256	-0.71746	-0.19740	-0.17581	 0.41738	-0.26168	-0.02646	 0.08563	-0.08569	
10	 276.07408	 271.24178	 2.34370	 1.13255	 2.68428	 2.33744	 0.88937	 2.27438	 118.60055	 116.10225	 0.27553	-0.52427	-0.75792	-0.18588	-0.16192	 0.46861	-0.29833	-0.06365	 0.07344	-0.07165	
11	 257.20209	 252.70789	 2.28184	 1.02857	 2.65522	 2.29260	 0.78546	 2.22958	 112.78901	 110.38282	 0.35761	-0.51367	-0.79584	-0.17124	-0.14915	 0.52137	-0.33529	-0.10340	 0.06079	-0.05690	
12	 237.34031	 233.20025	 2.21249	 0.91819	 2.61539	 2.23915	 0.67697	 2.17637	 106.50462	 104.19964	 0.43782	-0.50067	-0.83018	-0.15390	-0.13727	 0.57471	-0.37206	-0.14498	 0.04802	-0.04177	
13	 216.67588	 212.90272	 2.13508	 0.80237	 2.56376	 2.17650	 0.56489	 2.11389	 99.77808	 97.58320	 0.51471	-0.48519	-0.85987	-0.13431	-0.12603	 0.62758	-0.40812	-0.18756	 0.03532	-0.02645	
14	 195.39933	 192.00253	 2.04902	 0.68214	 2.49936	 2.10410	 0.45022	 2.04136	 92.64559	 90.56938	 0.58682	-0.46717	-0.88382	-0.11297	-0.11517	 0.67886	-0.44300	-0.23018	 0.02287	-0.01107	
15	 173.70201	 170.68778	 1.95379	 0.55856	 2.42133	 2.02143	 0.33396	 1.95814	 85.14906	 83.19959	 0.65269	-0.44660	-0.90094	-0.09032	-0.10447	 0.72730	-0.47622	-0.27177	 0.01078	 0.00423	
16	 151.77369	 149.14502	 1.84890	 0.43268	 2.32897	 1.92804	 0.21707	 1.86367	 77.33608	 75.52080	 0.71090	-0.42346	-0.91016	-0.06675	-0.09378	 0.77161	-0.50732	-0.31118	-0.00082	 0.01935	
17	 129.80015	 127.55693	 1.73393	 0.30559	 2.22172	 1.82357	 0.10052	 1.75756	 69.25985	 67.58541	 0.76009	-0.39778	-0.91049	-0.04263	-0.08301	 0.81048	-0.53584	-0.34722	-0.01180	 0.03416	
18	 107.96102	 106.10016	 1.60858	 0.17835	 2.09923	 1.70777	-0.01475	 1.63961	 60.97878	 59.45088	 0.79900	-0.36958	-0.90103	-0.01828	-0.07210	 0.84255	-0.56134	-0.37867	-0.02204	 0.04851	
19	 86.42768	 84.94327	 1.47266	 0.05204	 1.96136	 1.58055	-0.12785	 1.50976	 52.55600	 51.17927	 0.82649	-0.33890	-0.88101	 0.00603	-0.06105	 0.86653	-0.58339	-0.40436	-0.03144	 0.06229	
20	 65.36150	 64.24498	 1.32614	-0.07231	 1.80820	 1.44195	-0.23791	 1.36815	 44.05864	 42.83645	 0.84159	-0.30579	-0.84982	 0.03004	-0.04990	 0.88113	-0.60152	-0.42320	-0.03989	 0.07533	
21	 44.91221	 44.15259	 1.16916	-0.19365	 1.64009	 1.29220	-0.34409	 1.21513	 35.55692	 34.49126	 0.84352	-0.27029	-0.80708	 0.05352	-0.03871	 0.88519	-0.61524	-0.43421	-0.04727	 0.08750	
22	 25.21657	 24.80063	 1.00205	-0.31100	 1.45762	 1.13173	-0.44558	 1.05122	 27.12305	 26.21447	 0.83171	-0.23244	-0.75260	 0.07626	-0.02755	 0.87763	-0.62400	-0.43662	-0.05352	 0.09864	
23	 6.39735	 6.30988	 0.82533	-0.42340	 1.26164	 0.96116	-0.54162	 0.87715	 18.83006	 18.07754	 0.80584	-0.19228	-0.68647	 0.09808	-0.01653	 0.85749	-0.62719	-0.42986	-0.05856	 0.10862	
24	-11.43752	-11.21350	 0.63976	-0.52994	 1.05326	 0.78133	-0.63149	 0.69384	 10.75044	 10.15139	 0.76587	-0.14986	-0.60905	 0.11879	-0.00576	 0.82394	-0.62406	-0.41363	-0.06234	 0.11729	
25	-28.19538	-27.67838	 0.44629	-0.62976	 0.83384	 0.59326	-0.71450	 0.50240	 2.95483	 2.50504	 0.71203	-0.10522	-0.52098	 0.13823	 0.00465	 0.77626	-0.61375	-0.38792	-0.06481	 0.12452	
26	-43.79916	-43.00897	 0.24607	-0.72205	 0.60497	 0.39822	-0.79002	 0.30407	-4.48947	-4.79574	 0.64489	-0.05842	-0.42320	 0.15626	 0.01458	 0.71381	-0.59520	-0.35301	-0.06596	 0.13019	
27	-58.18738	-57.14481	 0.04045	-0.80608	 0.36845	 0.19761	-0.85744	 0.10030	-11.51978	-11.68974	 0.56529	-0.00954	-0.31691	 0.17273	 0.02393	 0.63596	-0.56711	-0.30948	-0.06579	 0.13421	
28	-71.31386	-70.04055	-0.16901	-0.88118	 0.12626	-0.00697	-0.91624	-0.10737	-18.07935	-18.12149	 0.47439	 0.04132	-0.20360	 0.18754	 0.03258	 0.54202	-0.52786	-0.25820	-0.06433	 0.13648	
29	-83.14737	-81.66552	-0.38063	-0.94677	-0.11944	-0.21378	-0.96594	-0.31727	-24.11851	-24.04243	 0.37363	 0.09401	-0.08498	 0.20058	 0.04043	 0.43112	-0.47542	-0.20028	-0.06160	 0.13694	
30	-93.67102	-92.00316	-0.59259	-1.00235	-0.36638	-0.42097	-1.00612	-0.52762	-29.59560	-29.41176	 0.26472	 0.14832	 0.03701	 0.21176	 0.04743	 0.30202	-0.40726	-0.13707	-0.05769	 0.13557	
31	-102.88148	-101.05025	-0.80297	-1.04751	-0.61222	-0.62661	-1.03644	-0.73659	-34.47779	-34.19721	 0.14960	 0.20400	 0.16033	 0.22102	 0.05349	 0.15287	-0.32009	-0.07006	-0.05266	 0.13237	
32	-110.78818	-108.81612	-1.00979	-1.08192	-0.85456	-0.82874	-1.05665	-0.94232	-38.74153	-38.37547	 0.03038	 0.26071	 0.28279	 0.22831	 0.05859	-0.01901	-0.20971	-0.00082	-0.04661	 0.12735	
33	-117.41230	-115.32166	-1.21104	-1.10540	-1.09099	-1.02536	-1.06658	-1.14290	-42.37287	-41.93252	-0.09068	 0.31806	 0.40220	 0.23359	 0.06270	-0.21763	-0.07062	 0.06899	-0.03967	 0.12059	
34	-122.78582	-120.59834	-1.40474	-1.11781	-1.31915	-1.21452	-1.06615	-1.33646	-45.36739	-44.86358	-0.21129	 0.37556	 0.51640	 0.23684	 0.06582	-0.44877	 0.10442	 0.13777	-0.03195	 0.11216	
35	-126.95042	-124.68721	-1.58894	-1.11918	-1.53678	-1.39433	-1.05540	-1.52117	-47.73004	-47.17290	-0.32913	 0.43266	 0.62331	 0.23806	 0.06798	-0.72068	 0.32503	 0.20398	-0.02360	 0.10221	
36	-129.95645	-127.63775	-1.76179	-1.10961	-1.74169	-1.56300	-1.03445	-1.69526	-49.47457	-48.87334	-0.44197	 0.48878	 0.72105	 0.23728	 0.06923	-1.04494	 0.60398	 0.26620	-0.01477	 0.09087	
37	-131.86178	-129.50691	-1.92157	-1.08933	-1.93189	-1.71888	-1.00356	-1.85707	-50.62288	-49.98572	-0.54773	 0.54324	 0.80790	 0.23453	 0.06962	-1.43734	 0.95811	 0.32319	-0.00563	 0.07833	
38	-132.73080	-130.35797	-2.06671	-1.05868	-2.10555	-1.86046	-0.96308	-2.00505	-51.20413	-50.53805	-0.64453	 0.59540	 0.88245	 0.22986	 0.06923	-1.91854	 1.40889	 0.37388	 0.00368	 0.06479	
39	-132.63329	-130.25955	-2.19582	-1.01810	-2.26109	-1.98645	-0.91348	-2.13782	-51.25378	-50.56455	-0.73074	 0.64458	 0.94357	 0.22335	 0.06816	-2.51309	 1.98146	 0.41742	 0.01297	 0.05046	
40	-131.64342	-129.28454	-2.30771	-0.96813	-2.39714	-2.09573	-0.85534	-2.25415	-50.81243	-50.10470	-0.80507	 0.69015	 0.99046	 0.21509	 0.06649	-3.24342	 2.69863	 0.45318	 0.02208	 0.03556	
41	-129.83875	-127.50917	-2.40142	-0.90943	-2.51260	-2.18742	-0.78934	-2.35301	-49.92474	-49.20214	-0.86656	 0.73154	 1.02262	 0.20517	 0.06433	-4.10980	 3.56082	 0.48074	 0.03086	 0.02034	
42	-127.29920	-125.01203	-2.47624	-0.84273	-2.60665	-2.26087	-0.71625	-2.43358	-48.63829	-47.90356	-0.91461	 0.76824	 1.03990	 0.19372	 0.06179	-5.03730	 4.49303	 0.49988	 0.03914	 0.00503	
43	-124.10618	-121.87312	-2.53168	-0.76884	-2.67875	-2.31568	-0.63694	-2.49526	-47.00242	-46.25768	-0.94901	 0.79990	 1.04246	 0.18086	 0.05896	-5.76639	 5.23549	 0.51058	 0.04677	-0.01014	
44	-120.34165	-118.17304	-2.56752	-0.68867	-2.72865	-2.35166	-0.55235	-2.53767	-45.06724	-44.31414	-0.96992	 0.82624	 1.03073	 0.16675	 0.05595	-5.72925	 5.21995	 0.51297	 0.05363	-0.02493	
45	-116.08730	-113.99210	-2.58378	-0.60316	-2.75636	-2.36887	-0.46347	-2.56067	-42.88262	-42.12260	-0.97781	 0.84715	 1.00539	 0.15153	 0.05286	-4.21317	 3.73317	 0.50736	 0.05958	-0.03913	
46	-111.42374	-109.40954	-2.58071	-0.51331	-2.76219	-2.36761	-0.37136	-2.56436	-40.49739	-39.73183	-0.97350	 0.86267	 0.96732	 0.13536	 0.04976	-1.20197	 0.75827	 0.49414	 0.06451	-0.05253	
47	-106.42974	-104.50285	-2.55880	-0.42016	-2.74669	-2.34839	-0.27710	-2.54905	-37.95854	-37.18894	-0.95803	 0.87294	 0.91760	 0.11842	 0.04675	 2.03742	-2.43858	 0.47384	 0.06834	-0.06495	
48	-101.18159	-99.34701	-2.51877	-0.32478	-2.71067	-2.31191	-0.18178	-2.51529	-35.31065	-34.53871	-0.93266	 0.87825	 0.85742	 0.10089	 0.04388	 4.15499	-4.50821	 0.44703	 0.07099	-0.07622	
49	-95.75242	-94.01393	-2.46151	-0.22824	-2.65514	-2.25908	-0.08652	-2.46383	-32.59539	-31.82306	-0.89881	 0.87898	 0.78806	 0.08294	 0.04122	 4.93685	-5.23758	 0.41436	 0.07239	-0.08618	
50	-90.21167	-88.57188	-2.38812	-0.13161	-2.58133	-2.19095	 0.00759	-2.39562	-29.85114	-29.08059	-0.85798	 0.87557	 0.71087	 0.06476	 0.03882	 4.87454	-5.11917	 0.37653	 0.07253	-0.09473	
51	-84.62456	-83.08496	-2.29985	-0.03595	-2.49065	-2.10874	 0.09949	-2.31179	-27.11272	-26.34631	-0.81169	 0.86853	 0.62722	 0.04652	 0.03673	 4.44740	-4.63320	 0.33424	 0.07138	-0.10174	
52	-79.05172	-77.61271	-2.19807	 0.05771	-2.38465	-2.01378	 0.18816	-2.21362	-24.41125	-23.65141	-0.76146	 0.85838	 0.53849	 0.02843	 0.03497	 3.92448	-4.04962	 0.28821	 0.06895	-0.10715	
53	-73.54877	-72.20977	-2.08428	 0.14838	-2.26500	-1.90751	 0.27263	-2.10254	-21.77409	-21.02316	-0.70871	 0.84561	 0.44601	 0.01065	 0.03357	 3.42134	-3.48488	 0.23917	 0.06527	-0.11090	
54	-68.16608	-66.92556	-1.96006	 0.23510	-2.13347	-1.79145	 0.35200	-1.98009	-19.22483	-18.48492	-0.65478	 0.83070	 0.35111	-0.00665	 0.03255	 2.97621	-2.97804	 0.18784	 0.06038	-0.11297	
55	-62.94855	-61.80410	-1.82706	 0.31699	-1.99190	-1.66716	 0.42543	-1.84789	-16.78338	-16.05621	-0.60085	 0.81406	 0.25504	-0.02328	 0.03192	 2.59459	-2.53539	 0.13493	 0.05436	-0.11334	
56	-57.93547	-56.88386	-1.68697	 0.39324	-1.84217	-1.53624	 0.49221	-1.70764	-14.46613	-13.75283	-0.54793	 0.79603	 0.15900	-0.03910	 0.03169	 2.27020	-2.15141	 0.08111	 0.04730	-0.11203	
57	-53.16045	-52.19773	-1.54147	 0.46310	-1.68618	-1.40032	 0.55168	-1.56107	-12.28606	-11.58709	-0.49687	 0.77686	 0.06412	-0.05395	 0.03184	 1.99376	-1.81751	 0.02705	 0.03929	-0.10909	
58	-48.65145	-47.77300	-1.39226	 0.52591	-1.52582	-1.26099	 0.60330	-1.40995	-10.25307	-9.56804	-0.44831	 0.75674	-0.02856	-0.06770	 0.03237	 1.75629	-1.52532	-0.02660	 0.03047	-0.10457	
59	-44.43083	-43.63145	-1.24101	 0.58110	-1.36292	-1.11984	 0.64664	-1.25601	-8.37410	-7.70175	-0.40272	 0.73572	-0.11804	-0.08021	 0.03326	 1.55019	-1.26781	-0.07924	 0.02097	-0.09855	
60	-40.51549	-39.78947	-1.08932	 0.62819	-1.19931	-0.97838	 0.68138	-1.10099	-6.65349	-5.99160	-0.36039	 0.71380	-0.20343	-0.09137	 0.03450	 1.36938	-1.03940	-0.13030	 0.01094	-0.09115	
61	-36.91707	-36.25830	-0.93875	 0.66681	-1.03671	-0.83810	 0.70729	-0.94655	-5.09318	-4.43862	-0.32142	 0.69089	-0.28390	-0.10109	 0.03606	 1.20918	-0.83581	-0.17922	 0.00054	-0.08247	
62	-33.64218	-33.04424	-0.79076	 0.69668	-0.87676	-0.70036	 0.72427	-0.79431	-3.69301	-3.04177	-0.28580	 0.66684	-0.35872	-0.10928	 0.03792	 1.06602	-0.65384	-0.22550	-0.01006	-0.07265	
63	-30.69272	-30.14895	-0.64673	 0.71763	-0.72100	-0.56648	 0.73234	-0.64579	-2.45101	-1.79832	-0.25335	 0.64143	-0.42721	-0.11588	 0.04003	 0.93725	-0.49108	-0.26866	-0.02068	-0.06183	
64	-28.06618	-27.56978	-0.50792	 0.72958	-0.57084	-0.43764	 0.73160	-0.50242	-1.36365	-0.70406	-0.22382	 0.61443	-0.48879	-0.12083	 0.04235	 0.82086	-0.34573	-0.30828	-0.03115	-0.05018	
65	-25.75602	-25.30018	-0.37548	 0.73256	-0.42760	-0.31495	 0.72228	-0.36550	-0.42609	 0.24631	-0.19688	 0.58561	-0.54294	-0.12411	 0.04486	 0.71536	-0.21643	-0.34396	-0.04128	-0.03787	
66	-23.75205	-23.33001	-0.25044	 0.72670	-0.29241	-0.19936	 0.70469	-0.23623	 0.36758	 1.05898	-0.17216	 0.55476	-0.58923	-0.12570	 0.04750	 0.61961	-0.10206	-0.37536	-0.05089	-0.02506	
67	-22.04086	-21.64603	-0.13370	 0.71224	-0.16629	-0.09173	 0.67924	-0.11565	 1.02406	 1.74076	-0.14929	 0.52169	-0.62730	-0.12560	 0.05023	 0.53271	-0.00169	-0.40219	-0.05982	-0.01195	
68	-20.60624	-20.23225	-0.02603	 0.68950	-0.05012	 0.00722	 0.64643	-0.00468	 1.55069	 2.29885	-0.12793	 0.48634	-0.65688	-0.12383	 0.05299	 0.45390	 0.08551	-0.42420	-0.06789	 0.00128	
69	-19.42959	-19.07042	 0.07196	 0.65890	 0.05541	 0.09689	 0.60682	 0.09593	 1.95524	 2.74068	-0.10780	 0.44871	-0.67778	-0.12043	 0.05573	 0.38255	 0.16037	-0.44119	-0.07495	 0.01444	
70	-18.49037	-18.14038	 0.15975	 0.62093	 0.14973	 0.17681	 0.56107	 0.18556	 2.24572	 3.07372	-0.08868	 0.40893	-0.68986	-0.11545	 0.05839	 0.31806	 0.22370	-0.45302	-0.08086	 0.02735	
71	-17.76653	-17.42057	 0.23700	 0.57618	 0.23244	 0.24665	 0.50987	 0.26376	 2.43027	 3.30535	-0.07048	 0.36726	-0.69309	-0.10896	 0.06093	 0.25987	 0.27638	-0.45962	-0.08548	 0.03983	
72	-17.23491	-16.88833	 0.30347	 0.52528	 0.30329	 0.30618	 0.45396	 0.33023	 2.51701	 3.44278	-0.05313	 0.32404	-0.68753	-0.10105	 0.06327	 0.20743	 0.31928	-0.46094	-0.08871	 0.05170	
73	-16.87164	-16.52036	 0.35906	 0.46895	 0.36216	 0.35532	 0.39414	 0.38483	 2.51395	 3.49295	-0.03667	 0.27971	-0.67328	-0.09181	 0.06537	 0.16021	 0.35334	-0.45702	-0.09044	 0.06279	
74	-16.65251	-16.29306	 0.40379	 0.40794	 0.40910	 0.39408	 0.33120	 0.42755	 2.42892	 3.46248	-0.02114	 0.23475	-0.65055	-0.08135	 0.06716	 0.11771	 0.37950	-0.44795	-0.09062	 0.07295	
75	-16.55334	-16.18289	 0.43782	 0.34306	 0.44429	 0.42261	 0.26599	 0.45855	 2.26951	 3.35769	-0.00657	 0.18964	-0.61962	-0.06979	 0.06858	 0.07945	 0.39870	-0.43385	-0.08919	 0.08203	
76	-16.55033	-16.16663	 0.46138	 0.27515	 0.46802	 0.44116	 0.19933	 0.47812	 2.04305	 3.18452	 0.00705	 0.14483	-0.58087	-0.05727	 0.06959	 0.04501	 0.41188	-0.41493	-0.08612	 0.08989	
77	-16.62028	-16.22176	 0.47484	 0.20506	 0.48074	 0.45007	 0.13204	 0.48666	 1.75657	 2.94861	 0.01979	 0.10070	-0.53472	-0.04393	 0.07014	 0.01402	 0.41991	-0.39144	-0.08140	 0.09642	
78	-16.74094	-16.32663	 0.47865	 0.13365	 0.48298	 0.44978	 0.06495	 0.48472	 1.41683	 2.65532	 0.03182	 0.05754	-0.48169	-0.02991	 0.07016	-0.01380	 0.42362	-0.36365	-0.07508	 0.10152	
79	-16.89121	-16.46072	 0.47337	 0.06181	 0.47539	 0.44083	-0.00117	 0.47293	 1.03032	 2.30974	 0.04338	 0.01558	-0.42235	-0.01537	 0.06962	-0.03866	 0.42375	-0.33192	-0.06718	 0.10510	
80	-17.05133	-16.60485	 0.45960	-0.00961	 0.45871	 0.42382	-0.06557	 0.45204	 0.60328	 1.91679	 0.05476	-0.02504	-0.35736	-0.00045	 0.06848	-0.06069	 0.42094	-0.29662	-0.05778	 0.10710	
81	-17.20310	-16.74131	 0.43807	-0.07978	 0.43374	 0.39943	-0.12752	 0.42288	 0.14174	 1.48124	 0.06630	-0.06422	-0.28743	 0.01467	 0.06670	-0.07992	 0.41576	-0.25816	-0.04697	 0.10748	
82	-17.32995	-16.85404	 0.40951	-0.14787	 0.40138	 0.36841	-0.18636	 0.38633	-0.34844	 1.00781	 0.07833	-0.10186	-0.21329	 0.02984	 0.06426	-0.09629	 0.40864	-0.21699	-0.03489	 0.10621	
83	-17.41713	-16.92866	 0.37475	-0.21313	 0.36255	 0.33155	-0.24150	 0.34337	-0.86154	 0.50118	 0.09114	-0.13789	-0.13577	 0.04490	 0.06114	-0.10970	 0.39993	-0.17359	-0.02166	 0.10330	
84	-17.45169	-16.95264	 0.33463	-0.27483	 0.31825	 0.28967	-0.29238	 0.29497	-1.39196	-0.03391	 0.10499	-0.17220	-0.05570	 0.05969	 0.05733	-0.11998	 0.38989	-0.12843	-0.00744	 0.09876	
85	-17.42264	-16.91524	 0.29006	-0.33230	 0.26947	 0.24367	-0.33852	 0.24217	-1.93417	-0.59264	 0.12008	-0.20465	 0.02606	 0.07407	 0.05282	-0.12690	 0.37869	-0.08202	 0.00758	 0.09265	
86	-17.32087	-16.80763	 0.24193	-0.38494	 0.21723	 0.19442	-0.37950	 0.18601	-2.48273	-1.17007	 0.13653	-0.23508	 0.10861	 0.08789	 0.04763	-0.13025	 0.36643	-0.03487	 0.02322	 0.08503	
87	-17.13923	-16.62283	 0.19116	-0.43223	 0.16257	 0.14283	-0.41499	 0.12752	-3.03220	-1.76110	 0.15441	-0.26330	 0.19108	 0.10101	 0.04177	-0.12982	 0.35319	 0.01251	 0.03926	 0.07598	
88	-16.87244	-16.35568	 0.13869	-0.47370	 0.10649	 0.08980	-0.44472	 0.06773	-3.57724	-2.36049	 0.17371	-0.28911	 0.27257	 0.11330	 0.03528	-0.12543	 0.33900	 0.05961	 0.05550	 0.06563	
89	-16.51709	-16.00285	 0.08543	-0.50897	 0.04998	 0.03624	-0.46848	 0.00765	-4.11255	-2.96286	 0.19436	-0.31231	 0.35221	 0.12464	 0.02820	-0.11698	 0.32392	 0.10593	 0.07171	 0.05411	
90	-16.07153	-15.56271	 0.03226	-0.53775	-0.00599	-0.01697	-0.48616	-0.05177	-4.63291	-3.56268	 0.21627	-0.33269	 0.42914	 0.13492	 0.02058	-0.10443	 0.30802	 0.15100	 0.08766	 0.04157	
91	-15.53582	-15.03529	-0.01995	-0.55983	-0.06052	-0.06900	-0.49771	-0.10961	-5.13321	-4.15435	 0.23928	-0.35006	 0.50256	 0.14405	 0.01248	-0.08789	 0.29141	 0.19435	 0.10313	 0.02818	
92	-14.91164	-14.42219	-0.07037	-0.57508	-0.11275	-0.11903	-0.50316	-0.16501	-5.60851	-4.73220	 0.26321	-0.36428	 0.57170	 0.15194	 0.00400	-0.06760	 0.27428	 0.23554	 0.11790	 0.01414	
93	-14.20212	-13.72642	-0.11823	-0.58346	-0.16190	-0.16631	-0.50258	-0.21718	-6.05408	-5.29063	 0.28785	-0.37522	 0.63584	 0.15851	-0.00480	-0.04392	 0.25691	 0.27416	 0.13174	-0.00036	
94	-13.41178	-12.95235	-0.16282	-0.58501	-0.20723	-0.21013	-0.49616	-0.26539	-6.46543	-5.82408	 0.31295	-0.38278	 0.69432	 0.16372	-0.01379	-0.01742	 0.23966	 0.30983	 0.14446	-0.01509	
95	-12.54633	-12.10554	-0.20347	-0.57986	-0.24811	-0.24986	-0.48411	-0.30902	-6.83841	-6.32718	 0.33826	-0.38692	 0.74658	 0.16751	-0.02289	 0.01121	 0.22300	 0.34221	 0.15586	-0.02982	
96	-11.61262	-11.19259	-0.23961	-0.56821	-0.28398	-0.28494	-0.46672	-0.34750	-7.16925	-6.79483	 0.36350	-0.38765	 0.79208	 0.16986	-0.03196	 0.04110	 0.20750	 0.37098	 0.16577	-0.04433	
97	-10.61840	-10.22104	-0.27075	-0.55034	-0.31439	-0.31489	-0.44433	-0.38036	-7.45463	-7.22225	 0.38838	-0.38501	 0.83043	 0.17075	-0.04087	 0.07125	 0.19381	 0.39587	 0.17401	-0.05836	
98	-9.57222	-9.19920	-0.29647	-0.52659	-0.33894	-0.33932	-0.41734	-0.40722	-7.69173	-7.60507	 0.41262	-0.37910	 0.86126	 0.17018	-0.04951	 0.10051	 0.18265	 0.41667	 0.18047	-0.07170	
99	-8.48326	-8.13599	-0.31645	-0.49737	-0.35737	-0.35792	-0.38618	-0.42780	-7.87828	-7.93944	 0.43591	-0.37006	 0.88434	 0.16816	-0.05772	 0.12767	 0.17479	 0.43318	 0.18502	-0.08410	
100	-7.36119	-7.04083	-0.33045	-0.46315	-0.36948	-0.37049	-0.35133	-0.44189	-8.01263	-8.22204	 0.45797	-0.35810	 0.89949	 0.16471	-0.06537	 0.15146	 0.17101	 0.44526	 0.18758	-0.09533	
101	-6.21601	-5.92342	-0.33835	-0.42444	-0.37520	-0.37691	-0.31332	-0.44939	-8.09374	-8.45022	 0.47855	-0.34348	 0.90664	 0.15988	-0.07233	 0.17060	 0.17206	 0.45282	 0.18808	-0.10518	
102	-5.05789	-4.79369	-0.34010	-0.38182	-0.37452	-0.37716	-0.27268	-0.45028	-8.12126	-8.62196	 0.49738	-0.32652	 0.90579	 0.15370	-0.07845	 0.18385	 0.17864	 0.45581	 0.18650	-0.11346	
103	-3.89704	-3.66156	-0.33575	-0.33587	-0.36754	-0.37129	-0.22998	-0.44462	-8.09549	-8.73595	 0.51427	-0.30757	 0.89704	 0.14624	-0.08361	 0.19008	 0.19131	 0.45423	 0.18282	-0.11999	
104	-2.74358	-2.53689	-0.32545	-0.28722	-0.35443	-0.35949	-0.18579	-0.43257	-8.01742	-8.79160	 0.52903	-0.28707	 0.88057	 0.13757	-0.08769	 0.18830	 0.21049	 0.44812	 0.17708	-0.12461	
105	-1.60735	-1.42928	-0.30943	-0.23652	-0.33547	-0.34199	-0.14069	-0.41435	-7.88868	-8.78907	 0.54154	-0.26547	 0.85662	 0.12775	-0.09057	 0.17774	 0.23637	 0.43757	 0.16931	-0.12719	
106	-0.49787	-0.34800	-0.28801	-0.18441	-0.31100	-0.31911	-0.09528	-0.39027	-7.71154	-8.72918	 0.55170	-0.24329	 0.82551	 0.11688	-0.09215	 0.15787	 0.26893	 0.42272	 0.15961	-0.12764	
107	 0.57583	 0.69818	-0.26159	-0.13156	-0.28142	-0.29126	-0.05013	-0.36069	-7.48884	-8.61348	 0.55946	-0.22107	 0.78762	 0.10503	-0.09235	 0.12845	 0.30784	 0.40375	 0.14809	-0.12589	
108	 1.60533	 1.70102	-0.23062	-0.07862	-0.24721	-0.25891	-0.00581	-0.32605	-7.22399	-8.44414	 0.56483	-0.19935	 0.74340	 0.09231	-0.09110	 0.08957	 0.35249	 0.38088	 0.13486	-0.12193	
109	 2.58285	 2.65294	-0.19564	-0.02623	-0.20890	-0.22258	 0.03715	-0.28684	-6.92084	-8.22394	 0.56783	-0.17870	 0.69334	 0.07881	-0.08836	 0.04168	 0.40197	 0.35437	 0.12010	-0.11575	
110	 3.50139	 3.54713	-0.15721	 0.02500	-0.16706	-0.18284	 0.07823	-0.24361	-6.58366	-7.95619	 0.56851	-0.15967	 0.63798	 0.06462	-0.08410	-0.01445	 0.45502	 0.32455	 0.10398	-0.10740	
111	 4.35475	 4.37756	-0.11598	 0.07446	-0.12233	-0.14031	 0.11694	-0.19695	-6.21704	-7.64466	 0.56696	-0.14277	 0.57789	 0.04984	-0.07832	-0.07769	 0.51014	 0.29174	 0.08669	-0.09697	
112	 5.13763	 5.13903	-0.07259	 0.12160	-0.07535	-0.09563	 0.15284	-0.14747	-5.82581	-7.29353	 0.56324	-0.12846	 0.51367	 0.03457	-0.07104	-0.14659	 0.56552	 0.25633	 0.06844	-0.08459	
113	 5.84565	 5.82729	-0.02771	 0.16591	-0.02679	-0.04946	 0.18552	-0.09583	-5.41497	-6.90730	 0.55743	-0.11712	 0.44596	 0.01890	-0.06230	-0.21945	 0.61918	 0.21872	 0.04947	-0.07042	
114	 6.47537	 6.43897	 0.01794	 0.20689	 0.02266	-0.00248	 0.21464	-0.04270	-4.98959	-6.49070	 0.54956	-0.10905	 0.37539	 0.00293	-0.05217	-0.29431	 0.66897	 0.17934	 0.03000	-0.05466	
115	 7.02429	 6.97163	 0.06369	 0.24414	 0.07231	 0.04465	 0.23989	 0.01122	-4.55471	-6.04862	 0.53963	-0.10443	 0.30262	-0.01326	-0.04074	-0.36911	 0.71266	 0.13866	 0.01027	-0.03755	
116	 7.49091	 7.42379	 0.10885	 0.27728	 0.12148	 0.09126	 0.26103	 0.06524	-4.11531	-5.58608	 0.52758	-0.10330	 0.22830	-0.02958	-0.02812	-0.44169	 0.74803	 0.09715	-0.00947	-0.01936	
117	 7.87463	 7.79486	 0.15274	 0.30599	 0.16948	 0.13672	 0.27786	 0.11868	-3.67619	-5.10808	 0.51326	-0.10551	 0.15308	-0.04594	-0.01445	-0.50989	 0.77295	 0.05527	-0.02898	-0.00038	
118	 8.17581	 8.08516	 0.19473	 0.33003	 0.21566	 0.18042	 0.29025	 0.17085	-3.24191	-4.61961	 0.49639	-0.11077	 0.07759	-0.06227	 0.00011	-0.57170	 0.78550	 0.01353	-0.04803	 0.01906	
119	 8.39566	 8.29586	 0.23422	 0.34919	 0.25940	 0.22177	 0.29813	 0.22109	-2.81676	-4.12552	 0.47657	-0.11851	 0.00247	-0.07849	 0.01540	-0.62525	 0.78400	-0.02759	-0.06638	 0.03861	
120	 8.53624	 8.42892	 0.27064	 0.36335	 0.30010	 0.26025	 0.30147	 0.26877	-2.40467	-3.63053	 0.45323	-0.12795	-0.07173	-0.09450	 0.03122	-0.66896	 0.76713	-0.06762	-0.08384	 0.05791	
121	 8.60038	 8.48709	 0.30349	 0.37244	 0.33721	 0.29537	 0.30032	 0.31329	-2.00919	-3.13917	 0.42555	-0.13798	-0.14444	-0.11022	 0.04739	-0.70159	 0.73400	-0.10610	-0.10019	 0.07658	
122	 8.59161	 8.47375	 0.33232	 0.37645	 0.37024	 0.32670	 0.29478	 0.35408	-1.63344	-2.65571	 0.39244	-0.14713	-0.21518	-0.12554	 0.06368	-0.72227	 0.68417	-0.14258	-0.11526	 0.09424	
123	 8.51412	 8.39295	 0.35673	 0.37544	 0.39874	 0.35386	 0.28498	 0.39063	-1.28011	-2.18415	 0.35245	-0.15353	-0.28355	-0.14030	 0.07989	-0.73058	 0.61772	-0.17666	-0.12889	 0.11048	
124	 8.37262	 8.24924	 0.37640	 0.36953	 0.42233	 0.37655	 0.27115	 0.42249	-0.95144	-1.72821	 0.30366	-0.15475	-0.34925	-0.15427	 0.09579	-0.72648	 0.53520	-0.20797	-0.14096	 0.12492	
125	 8.17232	 8.04765	 0.39108	 0.35888	 0.44068	 0.39451	 0.25351	 0.44926	-0.64919	-1.29126	 0.24355	-0.14769	-0.41220	-0.16711	 0.11117	-0.71041	 0.43769	-0.23616	-0.15136	 0.13718	
126	 7.91879	 7.79357	 0.40057	 0.34371	 0.45353	 0.40756	 0.23236	 0.47059	-0.37467	-0.87637	 0.16881	-0.12844	-0.47260	-0.17818	 0.12581	-0.68318	 0.32671	-0.26096	-0.16002	 0.14687	
127	 7.61791	 7.49267	 0.40477	 0.32430	 0.46071	 0.41558	 0.20803	 0.48624	-0.12874	-0.48626	 0.07510	-0.09200	-0.53134	-0.18627	 0.13950	-0.64593	 0.20418	-0.28212	-0.16691	 0.15365	
128	 7.27577	 7.15083	 0.40363	 0.30097	 0.46209	 0.41850	 0.18088	 0.49599	 0.08817	-0.12330	-0.04327	-0.03196	-0.59071	-0.18879	 0.15206	-0.60012	 0.07235	-0.29946	-0.17200	 0.15717	
129	 6.89857	 6.77407	 0.39717	 0.27407	 0.45765	 0.41632	 0.15129	 0.49974	 0.27605	 0.21050	-0.19377	 0.05987	-0.65686	-0.17936	 0.16330	-0.54742	-0.06627	-0.31286	-0.17533	 0.15711	
130	 6.49254	 6.36840	 0.38548	 0.24400	 0.44740	 0.40912	 0.11967	 0.49742	 0.43527	 0.51346	-0.38609	 0.19395	-0.74928	-0.13836	 0.17304	-0.48962	-0.20900	-0.32226	-0.17697	 0.15320	
131	 6.06388	 5.93983	 0.36872	 0.21117	 0.43146	 0.39700	 0.08645	 0.48908	 0.56656	 0.78426	-0.63259	 0.38340	-0.95631	 0.02266	 0.18116	-0.42859	-0.35310	-0.32766	-0.17700	 0.14519	
132	 5.61865	 5.49424	 0.34710	 0.17604	 0.41000	 0.38014	 0.05208	 0.47481	 0.67095	 1.02192	-0.94835	 0.64408	-2.27425	 1.30000	 0.18753	-0.36618	-0.49583	-0.32911	-0.17555	 0.13285	
133	 5.16272	 5.03730	 0.32089	 0.13906	 0.38324	 0.35876	 0.01698	 0.45478	 0.74979	 1.22579	-1.35001	 0.99339	 10.07028	-11.07975	 0.19205	-0.30416	-0.63453	-0.32675	-0.17279	 0.11601	
134	 4.70169	 4.57449	 0.29041	 0.10071	 0.35151	 0.33313	-0.01840	 0.42924	 0.80468	 1.39554	-1.85143	 1.44597	 0.10524	-1.14469	 0.19464	-0.24414	-0.76672	-0.32075	-0.16890	 0.09455	
135	 4.24085	 4.11093	 0.25604	 0.06148	 0.31516	 0.30356	-0.05362	 0.39851	 0.83741	 1.53120	-2.45241	 2.00235	-0.23785	-0.82652	 0.19528	-0.18758	-0.89014	-0.31137	-0.16409	 0.06838	
136	 3.78513	 3.65142	 0.21817	 0.02183	 0.27461	 0.27040	-0.08826	 0.36294	 0.84998	 1.63304	-3.11465	 2.62494	-0.32979	-0.75468	 0.19395	-0.13566	-1.00280	-0.29891	-0.15860	 0.03746	
137	 3.33903	 3.20036	 0.17725	-0.01775	 0.23032	 0.23403	-0.12192	 0.32297	 0.84452	 1.70170	-3.72347	 3.19975	-0.37619	-0.72390	 0.19066	-0.08932	-1.10303	-0.28372	-0.15266	 0.00180	
138	 2.90661	 2.76173	 0.13375	-0.05680	 0.18280	 0.19486	-0.15420	 0.27908	 0.82328	 1.73804	-4.05975	 3.50830	-0.40903	-0.70256	 0.18548	-0.04921	-1.18951	-0.26625	-0.14651	-0.03852	
139	 2.49145	 2.33905	 0.08818	-0.09489	 0.13260	 0.15332	-0.18475	 0.23177	 0.78857	 1.74323	-3.85911	 3.28679	-0.43697	-0.68247	 0.17848	-0.01571	-1.26129	-0.24700	-0.14035	-0.08339	
140	 2.09665	 1.93538	 0.04103	-0.13158	 0.08029	 0.10986	-0.21323	 0.18162	 0.74275	 1.71869	-3.01853	 2.43278	-0.46314	-0.66097	 0.16978	 0.01111	-1.31779	-0.22663	-0.13427	-0.13264	
141	 1.72479	 1.55328	-0.00717	-0.16648	 0.02645	 0.06494	-0.23936	 0.12920	 0.68819	 1.66605	-1.77658	 1.18532	-0.48896	-0.63721	 0.15951	 0.03147	-1.35881	-0.20610	-0.12811	-0.18605	
142	 1.37795	 1.19486	-0.05589	-0.19923	-0.02830	 0.01903	-0.26287	 0.07512	 0.62724	 1.58718	-0.56530	-0.02311	-0.51519	-0.61105	 0.14786	 0.04582	-1.38451	-0.18731	-0.12077	-0.24334	
143	 1.05771	 0.86171	-0.10461	-0.22949	-0.08335	-0.02740	-0.28353	 0.01998	 0.56218	 1.48414	 0.32197	-0.89874	-0.54232	-0.58265	 0.13502	 0.05489	-1.39538	-0.17613	-0.10717	-0.30420	
144	 0.76516	 0.55498	-0.15281	-0.25699	-0.13809	-0.07386	-0.30116	-0.03558	 0.49523	 1.35914	 0.84205	-1.39806	-0.57074	-0.55235	 0.12121	 0.05958	-1.39226	-1.84569	 1.58502	-0.36825	
145	 0.50091	 0.27537	-0.19998	-0.28148	-0.19193	-0.11991	-0.31562	-0.09096	 0.42848	 1.21456	 1.08997	-1.61573	-0.60080	-0.52058	 0.10667	 0.06100	-1.37627	-0.18413	-0.05685	-0.43507	
146	 0.26512	 0.02311	-0.24563	-0.30274	-0.24428	-0.16507	-0.32682	-0.14555	 0.36392	 1.05288	 1.17960	-1.66532	-0.63289	-0.48780	 0.09166	 0.06039	-1.34875	-0.16910	-0.05587	-0.50421	
147	 0.05754	-0.20192	-0.28931	-0.32061	-0.29458	-0.20893	-0.33469	-0.19876	 0.30336	 0.87667	 1.19575	-1.63130	-0.66746	-0.45450	 0.07645	 0.05905	-1.31126	-0.17184	-0.04153	-0.57517	
148	-0.12250	-0.40024	-0.33057	-0.33499	-0.34230	-0.25104	-0.33922	-0.25005	 0.24842	 0.68857	 1.19048	-1.56534	-0.70508	-0.42118	 0.06132	 0.05839	-1.26554	-0.18127	-0.02553	-0.64743	
149	-0.27599	-0.57272	-0.36901	-0.34581	-0.38696	-0.29103	-0.34044	-0.29888	 0.20055	 0.49125	 1.19252	-1.49572	-0.74646	-0.38832	 0.04656	 0.05977	-1.21339	-0.19552	-0.01037	-0.72041	
150	-0.40425	-0.72050	-0.40426	-0.35305	-0.42811	-0.32853	-0.33842	-0.34476	 0.16097	 0.28735	 1.21643	-1.43642	-0.79252	-0.35638	 0.03245	 0.06455	-1.15670	-0.21411	 0.00294	-0.79354	
151	-0.50885	-0.84499	-0.43599	-0.35673	-0.46534	-0.36319	-0.33327	-0.38727	 0.13068	 0.07953	 1.26878	-1.39319	-0.84441	-0.32580	 0.01925	 0.07401	-1.09736	-0.23695	 0.01383	-0.86621	
152	-0.59162	-0.94781	-0.46393	-0.35692	-0.49831	-0.39472	-0.32512	-0.42600	 0.11045	-0.12966	 1.35162	-1.36712	-0.90357	-0.29697	 0.00724	 0.08933	-1.03721	-0.26406	 0.02192	-0.93781	
153	-0.65454	-1.03076	-0.48782	-0.35373	-0.52672	-0.42285	-0.31417	-0.46061	 0.10079	-0.33773	 1.46431	-1.35644	-0.97163	-0.27026	-0.00336	 0.11157	-0.97804	-0.29547	 0.02695	-1.00771	
154	-0.69974	-1.09577	-0.50749	-0.34732	-0.55034	-0.44737	-0.30061	-0.49081	 0.10197	-0.54230	 1.60392	-1.35739	-1.05000	-0.24596	-0.01231	 0.14164	-0.92152	-0.33126	 0.02872	-1.07530	
155	-0.72942	-1.14483	-0.52277	-0.33787	-0.56898	-0.46808	-0.28468	-0.51637	 0.11402	-0.74113	 1.76436	-1.36454	-1.13859	-0.22433	-0.01946	 0.18033	-0.86921	-0.37148	 0.02711	-1.13995	
156	-0.74585	-1.18000	-0.53359	-0.32561	-0.58253	-0.48486	-0.26666	-0.53713	 0.13671	-0.93214	 1.93290	-1.37098	-1.23225	-0.20558	-0.02463	 0.22830	-0.82254	-0.41616	 0.02206	-1.20107	
157	-0.75128	-1.20332	-0.53990	-0.31079	-0.59093	-0.49760	-0.24681	-0.55296	 0.16959	-1.11343	 2.08092	-1.36857	-1.31117	-0.18985	-0.02775	 0.28611	-0.78279	-0.46536	 0.01355	-1.25807	
158	-0.74792	-1.21679	-0.54171	-0.29369	-0.59418	-0.50625	-0.22545	-0.56380	 0.21198	-1.28327	 2.14174	-1.34848	-1.31818	-0.17722	-0.02876	 0.35432	-0.75117	-0.51914	 0.00161	-1.31039	
159	-0.73791	-1.22236	-0.53907	-0.27461	-0.59235	-0.51081	-0.20288	-0.56967	 0.26298	-1.44016	 1.96992	-1.30235	-1.11692	-0.16772	-0.02768	 0.43350	-0.72884	-0.57757	-0.01365	-1.35750	
160	-0.72328	-1.22183	-0.53209	-0.25388	-0.58554	-0.51132	-0.17942	-0.57061	 0.32152	-1.58277	 1.32405	-1.22372	-0.47316	-0.16133	-0.02458	 0.52442	-0.71696	-0.64080	-0.03211	-1.39893	
161	-0.70591	-1.21689	-0.52092	-0.23182	-0.57393	-0.50785	-0.15539	-0.56674	 0.38636	-1.71002	 0.06634	-1.10985	 0.74747	-0.15796	-0.01961	 0.62813	-0.71682	-0.70903	-0.05358	-1.43422	
162	-0.68749	-1.20906	-0.50575	-0.20878	-0.55774	-0.50052	-0.13113	-0.55820	 0.45609	-1.82104	-1.38707	-0.96291	 2.13029	-0.15748	-0.01301	 0.74624	-0.73003	-0.78262	-0.07785	-1.46298	
163	-0.66953	-1.19967	-0.48682	-0.18510	-0.53723	-0.48950	-0.10696	-0.54521	 0.52922	-1.91515	-2.30459	-0.79011	 2.95027	-0.15971	-0.00510	 0.88124	-0.75871	-0.86207	-0.10464	-1.48486	
164	-0.65331	-1.18985	-0.46438	-0.16113	-0.51270	-0.47498	-0.08317	-0.52801	 0.60414	-1.99192	-2.53120	-0.60247	 3.06277	-0.16442	 0.00369	 1.03685	-0.80592	-0.94808	-0.13365	-1.49958	
165	-0.63990	-1.18049	-0.43875	-0.13719	-0.48450	-0.45717	-0.06008	-0.50688	 0.67922	-2.05109	-2.38503	-0.41240	 2.79772	-0.17135	 0.01281	 1.21877	-0.87623	-1.04159	-0.16456	-1.50689	
166	-0.63011	-1.17229	-0.41024	-0.11363	-0.45300	-0.43634	-0.03795	-0.48213	 0.75278	-2.09261	-2.13506	-0.23116	 2.43487	-0.18018	 0.02154	 1.43555	-0.97677	-1.14363	-0.19698	-1.50664	
167	-0.62450	-1.16569	-0.37921	-0.09074	-0.41859	-0.41276	-0.01706	-0.45412	 0.82315	-2.11663	-1.89469	-0.06708	 2.09541	-0.19059	 0.02900	 1.70000	-1.11902	-1.25483	-0.23053	-1.49871	
168	-0.62340	-1.16091	-0.34601	-0.06883	-0.38169	-0.38672	 0.00237	-0.42320	 0.88871	-2.12344	-1.69345	 0.07518	 1.81314	-0.20221	 0.03403	 2.03114	-1.32232	-1.37386	-0.26478	-1.48307	
169	-0.62688	-1.15795	-0.31103	-0.04816	-0.34272	-0.35855	 0.02011	-0.38975	 0.94791	-2.11352	-1.53122	 0.19430	 1.58888	-0.21467	 0.03510	 2.45641	-1.62082	-1.49254	-0.29929	-1.45972	
170	-0.63478	-1.15661	-0.27465	-0.02898	-0.30213	-0.32855	 0.03600	-0.35418	 0.99928	-2.08747	-1.40042	 0.29142	 1.41363	-0.22758	 0.03015	 3.01227	-2.07906	-1.58069	-0.33360	-1.42876	
171	-0.64672	-1.15645	-0.23725	-0.01150	-0.26035	-0.29706	 0.04988	-0.31687	 1.04149	-2.04601	-1.29315	 0.36915	 1.27666	-0.24053	 0.01620	 3.73378	-2.83022	-1.53711	-0.36723	-1.39032	
172	-0.66211	-1.15689	-0.19920	 0.00410	-0.21781	-0.26440	 0.06163	-0.27824	 1.07336	-1.99000	-1.20296	 0.43072	 1.16816	-0.25312	-0.01118	 4.59550	-4.18499	-1.02100	-0.39971	-1.34459	
173	-0.68018	-1.15715	-0.16089	 0.01768	-0.17492	-0.23091	 0.07116	-0.23867	 1.09388	-1.92037	-1.12498	 0.47939	 1.07991	-0.26493	-0.05918	 5.27650	-7.01052	 1.16320	-0.43055	-1.29184	
174	-0.70000	-1.15633	-0.12267	 0.02911	-0.13210	-0.19689	 0.07845	-0.19855	 1.10223	-1.83812	-1.05563	 0.51814	 1.00535	-0.27558	-0.14032	 4.55642	-14.53611	 9.47804	-0.45927	-1.23237	
175	-0.72048	-1.15343	-0.08486	 0.03833	-0.08973	-0.16265	 0.08346	-0.15825	 1.09780	-1.74431	-0.99228	 0.54952	 0.93941	-0.28468	-0.27868	 0.55750	-47.84382	 46.90790	-0.48540	-1.16653	
176	-0.74045	-1.14733	-0.04780	 0.04529	-0.04816	-0.12849	 0.08623	-0.11813	 1.08019	-1.64006	-0.93301	 0.57556	 0.87827	-0.29186	-0.52640	-4.51820	-981.64958	 986.01932	-0.50848	-1.09471	
177	-0.75864	-1.13687	-0.01175	 0.05001	-0.00772	-0.09467	 0.08681	-0.07851	 1.04923	-1.52648	-0.87643	 0.59784	 0.81919	-0.29678	-1.01642	-5.77059	 115.69996	-109.60757	-0.52807	-1.01734	
178	-0.77374	-1.12087	 0.02301	 0.05251	 0.03128	-0.06143	 0.08529	-0.03970	 1.00498	-1.40471	-0.82152	 0.61750	 0.76026	-0.29912	-2.18028	-3.78298	 28.38009	-23.13254	-0.54375	-0.93488	
179	-0.78442	-1.09815	 0.05628	 0.05288	 0.06860	-0.02900	 0.08180	-0.00198	 0.94773	-1.27587	-0.76752	 0.63532	 0.70031	-0.29858	-6.16154	 1.41157	 14.06540	-10.05282	-0.55515	-0.84780	
180	-0.78935	-1.06755	 0.08785	 0.05123	 0.10402	 0.00242	 0.07649	 0.03442	 0.87799	-1.14108	-0.71391	 0.65175	 0.63873	-0.29491	-44.87600	 41.07780	 8.82030	-5.78096	-0.56191	-0.75662	
181	-0.78728	-1.02798	 0.11758	 0.04769	 0.13734	 0.03268	 0.06954	 0.06929	 0.79650	-1.00139	-0.66031	 0.66694	 0.57543	-0.28790	 101.90428	-105.03869	 6.21899	-3.86385	-0.56373	-0.66182	
182	-0.77698	-0.97846	 0.14535	 0.04244	 0.16845	 0.06164	 0.06115	 0.10245	 0.70420	-0.85783	-0.60646	 0.68081	 0.51070	-0.27737	 5.83663	-8.51566	 4.71549	-2.83421	-0.56036	-0.56393	
183	-0.75736	-0.91809	 0.17109	 0.03569	 0.19723	 0.08920	 0.05155	 0.13378	 0.60222	-0.71136	-0.55220	 0.69305	 0.44519	-0.26320	 0.53756	-2.90085	 3.76048	-2.21061	-0.55160	-0.46345	
184	-0.72745	-0.84615	 0.19474	 0.02767	 0.22364	 0.11527	 0.04099	 0.16317	 0.49188	-0.56289	-0.49746	 0.70313	 0.37986	-0.24530	-0.65141	-1.48952	 3.11260	-1.79698	-0.53728	-0.36086	
185	-0.68641	-0.76205	 0.21632	 0.01861	 0.24766	 0.13983	 0.02971	 0.19056	 0.37465	-0.41323	-0.44221	 0.71038	 0.31590	-0.22363	-1.01530	-0.96710	 2.65092	-1.50102	-0.51734	-0.25665	
186	-0.63359	-0.66540	 0.23586	 0.00878	 0.26932	 0.16286	 0.01800	 0.21593	 0.25212	-0.26314	-0.38647	 0.71394	 0.25472	-0.19821	-1.11957	-0.74914	 2.30918	-1.27452	-0.49174	-0.15126	
187	-0.56851	-0.55600	 0.25340	-0.00152	 0.28868	 0.18437	 0.00612	 0.23930	 0.12602	-0.11327	-0.33033	 0.71285	 0.19790	-0.16912	-1.12053	-0.66671	 2.04861	-1.09038	-0.46053	-0.04510	
188	-0.49093	-0.43387	 0.26907	-0.01203	 0.30584	 0.20441	-0.00565	 0.26070	-0.00185	 0.03579	-0.27389	 0.70600	 0.14716	-0.13647	-1.07347	-0.65571	 1.84533	-0.93266	-0.42379	 0.06144	
189	-0.40077	-0.29924	 0.28297	-0.02243	 0.32092	 0.22304	-0.01703	 0.28020	-0.12964	 0.18354	-0.21727	 0.69223	 0.10430	-0.10044	-1.00118	-0.68650	 1.68397	-0.79190	-0.38171	 0.16804	
190	-0.29820	-0.15256	 0.29525	-0.03245	 0.33409	 0.24035	-0.02775	 0.29792	-0.25548	 0.32959	-0.16063	 0.67029	 0.07118	-0.06124	-0.91420	-0.74265	 1.55427	-0.66291	-0.33452	 0.27441	
191	-0.18361	 0.00550	 0.30608	-0.04178	 0.34553	 0.25645	-0.03755	 0.31397	-0.37747	 0.47358	-0.10414	 0.63891	 0.04967	-0.01915	-0.81789	-0.81301	 1.44912	-0.54354	-0.28250	 0.38033	
192	-0.05761	 0.17404	 0.31564	-0.05016	 0.35542	 0.27145	-0.04618	 0.32850	-0.49378	 0.61526	-0.04798	 0.59683	 0.04163	 0.02551	-0.71525	-0.88844	 1.36336	-0.43403	-0.22601	 0.48561	
193	 0.07899	 0.35196	 0.32414	-0.05730	 0.36399	 0.28550	-0.05342	 0.34167	-0.60261	 0.75443	 0.00764	 0.54278	 0.04884	 0.07239	-0.60814	-0.96040	 1.29310	-0.33647	-0.16545	 0.59015	
194	 0.22515	 0.53796	 0.33177	-0.06296	 0.37145	 0.29872	-0.05904	 0.35365	-0.70226	 0.89095	 0.06251	 0.47558	 0.07298	 0.12106	-0.49790	-1.02053	 1.23522	-0.25414	-0.10129	 0.69389	
195	 0.37965	 0.73052	 0.33875	-0.06691	 0.37804	 0.31128	-0.06287	 0.36462	-0.79117	 1.02473	 0.11644	 0.39413	 0.11557	 0.17111	-0.38557	-1.06097	 1.18707	-0.19065	-0.03402	 0.79685	
196	 0.54107	 0.92801	 0.34527	-0.06894	 0.38398	 0.32330	-0.06473	 0.37478	-0.86788	 1.15572	 0.16920	 0.29746	 0.17795	 0.22206	-0.27205	-1.07500	 1.14627	-0.14899	 0.03581	 0.89909	
197	 0.70787	 1.12859	 0.35154	-0.06886	 0.38949	 0.33494	-0.06450	 0.38429	-0.93112	 1.28389	 0.22058	 0.18480	 0.26117	 0.27340	-0.15820	-1.05776	 1.11054	-0.13052	 0.10763	 1.00075	
198	 0.87832	 1.33034	 0.35775	-0.06654	 0.39478	 0.34634	-0.06208	 0.39334	-0.97982	 1.40921	 0.27036	 0.05568	 0.36592	 0.32462	-0.04481	-1.00678	 1.07766	-0.13439	 0.18083	 1.10202	
199	 1.05061	 1.53122	 0.36407	-0.06185	 0.40005	 0.35761	-0.05739	 0.40209	-1.01310	 1.53167	 0.31834	-0.08998	 0.49244	 0.37517	 0.06733	-0.92205	 1.04538	-0.15745	 0.25481	 1.20312	
200	 1.22281	 1.72912	 0.37066	-0.05471	 0.40548	 0.36888	-0.05040	 0.41069	-1.03031	 1.65126	 0.36430	-0.25167	 0.64024	 0.42452	 0.17746	-0.80548	 1.01146	-0.19465	 0.32891	 1.30437	
201	 1.39297	 1.92188	 0.37765	-0.04508	 0.41122	 0.38024	-0.04110	 0.41928	-1.03101	 1.76791	 0.40805	-0.42794	 0.80787	 0.47208	 0.28485	-0.66024	 0.97360	-0.23988	 0.40250	 1.40608	
202	 1.55906	 2.10736	 0.38516	-0.03294	 0.41740	 0.39177	-0.02953	 0.42797	-1.01505	 1.88156	 0.44940	-0.61605	 0.99245	 0.51730	 0.38878	-0.48987	 0.92957	-0.28677	 0.47495	 1.50862	
203	 1.71906	 2.28339	 0.39327	-0.01834	 0.42412	 0.40352	-0.01575	 0.43684	-0.98247	 1.99209	 0.48816	-0.81128	 1.18909	 0.55960	 0.48862	-0.29772	 0.87718	-0.32939	 0.54562	 1.61239	
204	 1.87100	 2.44789	 0.40202	-0.00134	 0.43145	 0.41553	 0.00014	 0.44596	-0.93361	 2.09934	 0.52415	-1.00623	 1.39009	 0.59839	 0.58375	-0.08663	 0.81443	-0.36264	 0.61389	 1.71779	
205	 2.01293	 2.59885	 0.41145	 0.01796	 0.43943	 0.42781	 0.01800	 0.45536	-0.86901	 2.20309	 0.55723	-1.18995	 1.58415	 0.63309	 0.67368	 0.14113	 0.73954	-0.38240	 0.67916	 1.82525	
206	 2.14300	 2.73436	 0.42154	 0.03941	 0.44806	 0.44034	 0.03768	 0.46505	-0.78948	 2.30306	 0.58723	-1.34746	 1.75587	 0.66309	 0.75799	 0.38379	 0.65102	-0.38551	 0.74087	 1.93518	
207	 2.25948	 2.85265	 0.43224	 0.06283	 0.45730	 0.45308	 0.05896	 0.47501	-0.69602	 2.39893	 0.61403	-1.46019	 1.88618	 0.68775	 0.83640	 0.63977	 0.54781	-0.36963	 0.79847	 2.04798	
208	 2.36075	 2.95213	 0.44347	 0.08800	 0.46709	 0.46595	 0.08164	 0.48517	-0.58986	 2.49031	 0.63750	-1.50837	 1.95476	 0.70637	 0.90877	 0.90754	 0.42929	-0.33308	 0.85145	 2.16402	
209	 2.44539	 3.03140	 0.45512	 0.11468	 0.47732	 0.47885	 0.10547	 0.49545	-0.47242	 2.57676	 0.65753	-1.47615	 1.94516	 0.71818	 0.97519	 1.18542	 0.29537	-0.27475	 0.89934	 2.28365	
210	 2.51213	 3.08924	 0.46706	 0.14261	 0.48787	 0.49167	 0.13017	 0.50574	-0.34527	 2.65778	 0.67404	-1.35860	 1.85178	 0.72225	 1.03600	 1.47138	 0.14651	-0.19394	 0.94172	 2.40714	
211	 2.55993	 3.12471	 0.47910	 0.17147	 0.49856	 0.50425	 0.15545	 0.51590	-0.21014	 2.73283	 0.68695	-1.16740	 1.68563	 0.71746	 1.09187	 1.76300	-0.01627	-0.09032	 0.97821	 2.53473	
212	 2.58796	 3.13708	 0.49104	 0.20096	 0.50921	 0.51643	 0.18102	 0.52576	-0.06886	 2.80134	 0.69619	-0.93034	 1.47380	 0.70236	 1.14395	 2.05744	-0.19141	 0.03614	 1.00849	 2.66657	
213	 2.59562	 3.12590	 0.50267	 0.23073	 0.51959	 0.52801	 0.20655	 0.53514	 0.07664	 2.86269	 0.70172	-0.68287	 1.25102	 0.67500	 1.19400	 2.35145	-0.37684	 0.18520	 1.03226	 2.80273	
214	 2.58258	 3.09099	 0.51373	 0.26044	 0.52946	 0.53879	 0.23172	 0.54384	 0.22439	 2.91628	 0.70352	-0.45588	 1.04746	 0.63270	 1.24469	 2.64141	-0.57006	 0.35635	 1.04932	 2.94321	
215	 2.54873	 3.03243	 0.52397	 0.28972	 0.53858	 0.54854	 0.25621	 0.55162	 0.37237	 2.96146	 0.70156	-0.26735	 0.88040	 0.57169	 1.29988	 2.92345	-0.76820	 0.54885	 1.05948	 3.08788	
216	 2.49423	 2.95060	 0.53311	 0.31822	 0.54665	 0.55704	 0.27968	 0.55826	 0.51861	 2.99763	 0.69586	-0.12149	 0.75336	 0.48662	 1.36517	 3.19354	-0.96818	 0.76168	 1.06264	 3.23652	
217	 2.41950	 2.84612	 0.54088	 0.34556	 0.55342	 0.56405	 0.30182	 0.56353	 0.66112	 3.02417	 0.68644	-0.01334	 0.66070	 0.36998	 1.44846	 3.44766	-1.16679	 0.99362	 1.05875	 3.38881	
218	 2.32520	 2.71991	 0.54697	 0.37140	 0.55858	 0.56933	 0.32231	 0.56717	 0.79801	 3.04052	 0.67332	 0.06576	 0.59317	 0.21166	 1.56037	 3.68189	-1.36081	 1.24316	 1.04779	 3.54430	
219	 2.21223	 2.57313	 0.55112	 0.39537	 0.56187	 0.57264	 0.34085	 0.56894	 0.92749	 3.04615	 0.65657	 0.12423	 0.54179	-0.00035	 1.71353	 3.89258	-1.54714	 1.50859	 1.02985	 3.70243	
220	 2.08172	 2.40719	 0.55305	 0.41716	 0.56299	 0.57376	 0.35716	 0.56861	 1.04788	 3.04059	 0.63626	 0.16861	 0.49949	-0.27558	 1.91822	 4.07648	-1.72296	 1.78795	 1.00502	 3.86251	
221	 1.93503	 2.22371	 0.55250	 0.43644	 0.56170	 0.57246	 0.37097	 0.56596	 1.15762	 3.02343	 0.61247	 0.20330	 0.46145	-0.60752	 2.16879	 4.23085	-1.88580	 2.07907	 0.97350	 4.02376	
222	 1.77369	 2.02453	 0.54922	 0.45292	 0.55774	 0.56854	 0.38204	 0.56077	 1.25536	 2.99435	 0.58530	 0.23091	 0.42467	-0.94654	 2.41655	 4.35362	-2.03366	 2.37957	 0.93550	 4.18527	
223	 1.59943	 1.81167	 0.54300	 0.46634	 0.55088	 0.56181	 0.39017	 0.55285	 1.33990	 2.95310	 0.55487	 0.25284	 0.38749	-1.17822	 2.54810	 4.44343	-2.16510	 2.68690	 0.89132	 4.34604	
224	 1.41412	 1.58729	 0.53363	 0.47647	 0.54092	 0.55212	 0.39517	 0.54204	 1.41025	 2.89955	 0.52132	 0.26973	 0.34904	-1.17416	 2.43617	 4.49973	-2.27933	 2.99833	 0.84129	 4.50496	
225	 1.21976	 1.35370	 0.52096	 0.48310	 0.52769	 0.53933	 0.39690	 0.52818	 1.46563	 2.83363	 0.48480	 0.28181	 0.30899	-0.92762	 2.07518	 4.52285	-2.37624	 3.31100	 0.78578	 4.66083	
226	 1.01844	 1.11329	 0.50485	 0.48607	 0.51106	 0.52334	 0.39525	 0.51118	 1.50547	 2.75541	 0.44547	 0.28912	 0.26723	-0.58470	 1.61244	 4.51403	-2.45647	 3.62195	 0.72525	 4.81238	
227	 0.81234	 0.86852	 0.48523	 0.48526	 0.49094	 0.50408	 0.39014	 0.49094	 1.52944	 2.66506	 0.40352	 0.29165	 0.22385	-0.29627	 1.20007	 4.47542	-2.52141	 3.92812	 0.66014	 4.95827	
228	 0.60366	 0.62188	 0.46204	 0.48060	 0.46725	 0.48153	 0.38155	 0.46744	 1.53739	 2.56285	 0.35914	 0.28939	 0.17898	-0.11834	 0.89535	 4.41007	-2.57317	 4.22641	 0.59098	 5.09710	
229	 0.39463	 0.37586	 0.43528	 0.47204	 0.44000	 0.45568	 0.36947	 0.44066	 1.52944	 2.44915	 0.31255	 0.28241	 0.13276	-0.03897	 0.68765	 4.32185	-2.61455	 4.51373	 0.51829	 5.22745	
230	 0.18746	 0.13293	 0.40500	 0.45959	 0.40920	 0.42659	 0.35396	 0.41064	 1.50589	 2.32447	 0.26396	 0.27078	 0.08541	-0.02779	 0.54787	 4.21537	-2.64895	 4.78698	 0.44266	 5.34785	
231	-0.01571	-0.10451	 0.37129	 0.44331	 0.37495	 0.39435	 0.33511	 0.37747	 1.46725	 2.18939	 0.21364	 0.25467	 0.03711	-0.05855	 0.45105	 4.09575	-2.68015	 5.04313	 0.36467	 5.45683	
232	-0.21280	-0.33416	 0.33428	 0.42328	 0.33737	 0.35909	 0.31305	 0.34126	 1.41420	 2.04460	 0.16182	 0.23425	-0.01189	-0.11331	 0.38048	 3.96829	-2.71201	 5.27925	 0.28493	 5.55294	
233	-0.40182	-0.55382	 0.29416	 0.39966	 0.29664	 0.32097	 0.28793	 0.30217	 1.34764	 1.89089	 0.10879	 0.20973	-0.06132	-0.18065	 0.32598	 3.83798	-2.74801	 5.49252	 0.20405	 5.63473	
234	-0.58093	-0.76146	 0.25115	 0.37262	 0.25296	 0.28021	 0.25997	 0.26041	 1.26857	 1.72913	 0.05482	 0.18129	-0.11085	-0.25340	 0.28157	 3.70876	-2.79048	 5.68029	 0.12268	 5.70079	
235	-0.74843	-0.95522	 0.20554	 0.34239	 0.20661	 0.23706	 0.22941	 0.21623	 1.17817	 1.56025	 0.00023	 0.14910	-0.16011	-0.32697	 0.24378	 3.58243	-2.83957	 5.84009	 0.04144	 5.74977	
236	-0.90279	-1.13342	 0.15762	 0.30924	 0.15790	 0.19181	 0.19652	 0.16989	 1.07772	 1.38527	-0.05468	 0.11327	-0.20867	-0.39825	 0.21061	 3.45725	-2.89186	 5.96965	-0.03902	 5.78038	
237	-1.04270	-1.29461	 0.10777	 0.27346	 0.10717	 0.14478	 0.16160	 0.12174	 0.96858	 1.20522	-0.10956	 0.07384	-0.25601	-0.46505	 0.18091	 3.32636	-2.93881	 6.06693	-0.11805	 5.79140	
238	-1.16700	-1.43757	 0.05635	 0.23539	 0.05481	 0.09632	 0.12498	 0.07210	 0.85220	 1.02118	-0.16405	 0.03073	-0.30154	-0.52567	 0.15398	 3.17647	-2.96546	 6.13013	-0.19499	 5.78170	
239	-1.27480	-1.56130	 0.00379	 0.19539	 0.00123	 0.04680	 0.08701	 0.02138	 0.73007	 0.83424	-0.21775	-0.01629	-0.34459	-0.57870	 0.12943	 2.98782	-2.95041	 6.15768	-0.26910	 5.75025	
240	-1.36541	-1.66506	-0.04947	 0.15385	-0.05312	-0.00337	 0.04808	-0.03004	 0.60369	 0.64543	-0.27018	-0.06766	-0.38439	-0.62286	 0.10698	 2.73680	-2.86845	 6.14814	-0.33956	 5.69612	
241	-1.43836	-1.74839	-0.10298	 0.11118	-0.10778	-0.05377	 0.00855	-0.08172	 0.47457	 0.45566	-0.32073	-0.12413	-0.42006	-0.65689	 0.08646	 2.40260	-2.69725	 6.10015	-0.40529	 5.61851	
242	-1.49344	-1.81103	-0.15625	 0.06780	-0.16227	-0.10398	-0.03117	-0.13321	 0.34420	 0.26550	-0.36844	-0.18690	-0.45056	-0.67934	 0.06770	 1.97714	-2.42732	 6.01203	-0.46461	 5.51673	
243	-1.53065	-1.85303	-0.20880	 0.02415	-0.21609	-0.15356	-0.07067	-0.18406	 0.21402	 0.07453	-0.41137	-0.25783	-0.47473	-0.68845	 0.05058	 1.47456	-2.07145	 5.88085	-0.51430	 5.39020	
244	-1.55021	-1.87466	-0.26014	-0.01933	-0.26875	-0.20206	-0.10956	-0.23382	 0.08542	-0.12161	-0.44369	-0.33985	-0.49116	-0.68171	 0.03494	 0.93350	-1.66710	 5.69922	-0.54639	 5.23851	
245	-1.55257	-1.87641	-0.30980	-0.06219	-0.31973	-0.24904	-0.14743	-0.28201	-0.04031	-0.35473	-0.43214	-0.43766	-0.49815	-0.65529	 0.02063	 0.40796	-1.26721	 5.44163	-0.53453	 5.06133	
246	-1.53838	-1.85903	-0.35728	-0.10399	-0.36857	-0.29407	-0.18390	-0.32820	-0.16195	-2.61849	 1.61831	-0.55907	-0.49361	-0.60277	 0.00748	-0.05004	-0.92287	 4.97333	-0.34280	 4.85852	
247	-1.50848	-1.82345	-0.40214	-0.14429	-0.41477	-0.33674	-0.21857	-0.37193	-0.27842	-0.51494	-0.68896	-0.71771	-0.47489	-0.51267	-0.00471	-0.40642	-0.66743	 2.48303	 1.84145	 4.63003	
248	-1.46387	-1.77081	-0.44394	-0.18268	-0.45788	-0.37664	-0.25109	-0.41279	-0.38873	-0.63440	-0.76240	-0.93865	-0.43853	-0.36295	-0.01615	-0.65169	-0.50978	-237.77209	 241.76268	 4.37597	
249	-1.40571	-1.70241	-0.48224	-0.21877	-0.49746	-0.41340	-0.28111	-0.45036	-0.49203	-0.67418	-0.90356	-1.27094	-0.37993	-0.10893	-0.02704	-0.79741	-0.43796	-1.45639	 5.08712	 4.09658	
250	-1.33530	-1.61969	-0.51669	-0.25216	-0.53313	-0.44667	-0.30832	-0.48429	-0.58762	-0.70327	-1.04241	-1.81550	-0.29286	 0.34419	-0.03762	-0.86755	-0.42776	-0.87591	 4.12283	 3.79223	
251	-1.25405	-1.52422	-0.54692	-0.28251	-0.56451	-0.47612	-0.33242	-0.51423	-0.67490	-0.72681	-1.17287	-2.77782	-0.16892	 1.19345	-0.04812	-0.88993	-0.45132	-0.85400	 3.69540	 3.46344	
252	-1.16344	-1.41767	-0.57263	-0.30952	-0.59129	-0.50148	-0.35317	-0.53989	-0.75345	-0.74556	-1.29338	-4.47255	 0.00289	 2.74229	-0.05877	-0.89050	-0.48283	-0.86434	 3.28086	 3.11084	
253	-1.06502	-1.30177	-0.59355	-0.33289	-0.61318	-0.52252	-0.37033	-0.56100	-0.82296	-0.75953	-1.40323	-6.67057	 0.23539	 4.74844	-0.06982	-0.89066	-0.50117	-0.87336	 2.84815	 2.73521	
254	-0.96037	-1.17831	-0.60948	-0.35239	-0.62995	-0.53902	-0.38373	-0.57736	-0.88326	-0.76862	-1.50196	-7.04088	 0.53801	 4.87100	-0.08148	-0.90669	-0.49055	-0.87672	 2.39549	 2.33747	
255	-0.85111	-1.04907	-0.62024	-0.36783	-0.64144	-0.55083	-0.39322	-0.58880	-0.93430	-0.77267	-1.58930	-4.74262	 0.89868	 2.28056	-0.09398	-0.95023	-0.43997	-0.87378	 1.92488	 1.91865	
256	-0.73881	-0.91586	-0.62572	-0.37904	-0.64753	-0.55786	-0.39870	-0.59522	-0.97618	-0.77154	-1.66508	-2.55717	 1.24008	-0.16491	-0.10751	-1.02913	-0.34239	-0.86454	 1.43900	 1.47994	
257	-0.62502	-0.78042	-0.62586	-0.38593	-0.64815	-0.56004	-0.40011	-0.59656	-1.00907	-0.76511	-1.72925	-1.33306	 1.37101	-1.42652	-0.12225	-1.14821	-0.19389	-0.84916	 0.94071	 1.02266	
258	-0.51123	-0.64444	-0.62067	-0.38844	-0.64329	-0.55737	-0.39744	-0.59281	-1.03327	-0.75330	-1.78186	-0.68532	 1.08652	-1.68527	-0.13837	-1.30988	 0.00687	-0.82782	 0.43283	 0.54824	
259	-0.39885	-0.50955	-0.61018	-0.38656	-0.63301	-0.54988	-0.39071	-0.58404	-1.04917	-0.73605	-1.82305	-0.30651	 0.48827	-1.35129	-0.15598	-1.51434	 0.25891	-0.80070	-0.08181	 0.05827	
260	-0.28920	-0.37726	-0.59452	-0.38033	-0.61741	-0.53768	-0.38002	-0.57035	-1.05724	-0.71333	-1.85306	-0.05196	-0.05396	-0.94016	-0.17520	-1.75950	 0.55890	-0.76802	-0.60043	-0.44553	
261	-0.18349	-0.24897	-0.57383	-0.36985	-0.59667	-0.52090	-0.36546	-0.55189	-1.05799	-0.68515	-1.87220	 0.14232	-0.36042	-0.69683	-0.19610	-2.04049	 0.90065	-0.73000	-1.12033	-0.96131	
262	-0.08277	-0.12594	-0.54833	-0.35526	-0.57099	-0.49973	-0.34721	-0.52888	-1.05201	-0.65155	-1.88085	 0.30547	-0.48850	-0.59432	-0.21869	-2.34888	 1.27433	-0.68689	-1.63888	-1.48707	
263	 0.01201	-0.00927	-0.51829	-0.33674	-0.54066	-0.47441	-0.32548	-0.50158	-1.03994	-0.61262	-1.87948	 0.45133	-0.53249	-0.55346	-0.24299	-2.67157	 1.66547	-0.63894	-2.15354	-2.02070	
264	 0.10008	 0.10006	-0.48401	-0.31453	-0.50600	-0.44522	-0.30049	-0.47029	-1.02242	-0.56845	-1.86859	 0.58672	-0.54812	-0.52669	-0.26896	-2.98977	 2.05384	-0.58646	-2.66187	-2.55994	
265	 0.18081	 0.20127	-0.44585	-0.28890	-0.46736	-0.41247	-0.27254	-0.43535	-1.00012	-0.51921	-1.84876	 0.71498	-0.55972	-0.49434	-0.29652	-3.27858	 2.41317	-0.52975	-3.16153	-3.10239	
266	 0.25373	 0.29374	-0.40420	-0.26018	-0.42515	-0.37651	-0.24194	-0.39716	-0.97372	-0.46508	-1.82058	 0.83770	-0.57622	-0.45043	-0.32556	-3.50809	 2.71218	-0.46918	-3.65030	-3.64554	
267	 0.31853	 0.37702	-0.35950	-0.22870	-0.37982	-0.33775	-0.20902	-0.35613	-0.94389	-0.40628	-1.78469	 0.95552	-0.60018	-0.39436	-0.35594	-3.64693	 2.91821	-0.40511	-4.12607	-4.18677	
268	 0.37507	 0.45083	-0.31219	-0.19485	-0.33183	-0.29659	-0.17417	-0.31270	-0.91128	-0.34306	-1.74175	 1.06857	-0.63177	-0.32738	-0.38748	-3.66864	 3.00359	-0.33795	-4.58685	-4.72332	
269	 0.42334	 0.51506	-0.26278	-0.15904	-0.28169	-0.25348	-0.13778	-0.26733	-0.87653	-0.27572	-1.69244	 1.17666	-0.67029	-0.25127	-0.41997	-3.55936	 2.95334	-0.26813	-5.03077	-5.25234	
270	 0.46350	 0.56975	-0.21175	-0.12171	-0.22990	-0.20887	-0.10025	-0.22052	-0.84023	-0.20457	-1.63744	 1.27947	-0.71477	-0.16787	-0.45317	-3.32371	 2.77110	-0.19609	-5.45606	-5.77089	
271	 0.49584	 0.61510	-0.15965	-0.08331	-0.17701	-0.16324	-0.06202	-0.17276	-0.80293	-0.12997	-1.57745	 1.37656	-0.76415	-0.07896	-0.48682	-2.98522	 2.47951	-0.12233	-5.86108	-6.27592	
272	 0.52075	 0.65144	-0.10699	-0.04429	-0.12354	-0.11707	-0.02351	-0.12454	-0.76516	-0.05229	-1.51313	 1.46750	-0.81732	 0.01374	-0.52065	-2.58022	 2.11418	-0.04734	-6.24428	-6.76435	
273	 0.53878	 0.67925	-0.05431	-0.00513	-0.07004	-0.07084	 0.01483	-0.07638	-0.72738	 0.02805	-1.44518	 1.55182	-0.87308	 0.10851	-0.55434	-2.14806	 1.71392	 0.02835	-6.60426	-7.23302	
274	 0.55055	 0.69909	-0.00215	 0.03369	-0.01705	-0.02505	 0.05256	-0.02876	-0.69000	 0.11062	-1.37424	 1.62907	-0.93014	 0.20362	-0.58758	-1.72232	 1.31188	 0.10420	-6.93967	-7.67876	
275	 0.55674	 0.71163	 0.04898	 0.07171	 0.03492	 0.01983	 0.08926	 0.01782	-0.65338	 0.19497	-1.30097	 1.69882	-0.98710	 0.29730	-0.62006	-1.32613	 0.93098	 0.17968	-7.24929	-8.09836	
276	 0.55814	 0.71764	 0.09858	 0.10846	 0.08534	 0.06335	 0.12451	 0.06290	-0.61782	 0.28063	-1.22599	 1.76070	-1.04245	 0.38772	-0.65144	-0.97202	 0.58367	 0.25421	-7.53201	-8.48863	
277	 0.55555	 0.71791	 0.14614	 0.14351	 0.13373	 0.10505	 0.15789	 0.10602	-0.58356	 0.36711	-1.14990	 1.81435	-1.09457	 0.47304	-0.68139	-0.66430	 0.27438	 0.32724	-7.78680	-8.84642	
278	 0.54983	 0.71329	 0.19121	 0.17641	 0.17962	 0.14450	 0.18903	 0.14676	-0.55079	 0.45391	-1.07328	 1.85949	-1.14178	 0.55138	-0.70959	-0.40213	 0.00254	 0.39821	-8.01272	-9.16863	
279	 0.54182	 0.70467	 0.23335	 0.20677	 0.22259	 0.18133	 0.21756	 0.18473	-0.51965	 0.54051	-0.99668	 1.89585	-1.18247	 0.62101	-0.73572	-0.18212	-0.23482	 0.46656	-8.20896	-9.45224	
280	 0.53237	 0.69293	 0.27218	 0.23421	 0.26222	 0.21515	 0.24315	 0.21956	-0.49023	 0.62641	-0.92063	 1.92324	-1.21530	 0.68053	-0.75947	-0.00000	-0.44139	 0.53175	-8.37477	-9.69434	
281	 0.52232	 0.67893	 0.30732	 0.25839	 0.29817	 0.24564	 0.26551	 0.25093	-0.46255	 0.71107	-0.84563	 1.94150	-1.23958	 0.72923	-0.78055	 0.14839	-0.62061	 0.59326	-8.50953	-9.89216	
282	 0.51244	 0.66352	 0.33846	 0.27900	 0.33011	 0.27252	 0.28437	 0.27855	-0.43662	 0.79398	-0.77216	 1.95054	-1.25594	 0.76776	-0.79868	 0.26674	-0.77533	 0.65059	-8.61270	-10.04311	
283	 0.50347	 0.64750	 0.36532	 0.29578	 0.35777	 0.29554	 0.29951	 0.30219	-0.41238	 0.87463	-0.70065	 1.95030	-1.26748	 0.79929	-0.81361	 0.35808	-0.90765	 0.70326	-8.68387	-10.14478	
284	 0.49607	 0.63161	 0.38770	 0.30850	 0.38093	 0.31448	 0.31076	 0.32163	-0.38974	 0.95252	-0.63152	 1.94080	-1.28162	 0.83139	-0.82512	 0.42486	-1.01899	 0.75082	-8.72273	-10.19498	
285	 0.49084	 0.61652	 0.40540	 0.31699	 0.39941	 0.32920	 0.31796	 0.33674	-0.36858	 1.02714	-0.56516	 1.92206	-1.31290	 0.87871	-0.83299	 0.46905	-1.11020	 0.79287	-8.72908	-10.19181	
286	 0.48827	 0.60283	 0.41831	 0.32113	 0.41308	 0.33958	 0.32103	 0.34740	-0.34877	 1.09803	-0.50194	 1.89420	-1.38621	 0.96633	-0.83706	 0.49219	-1.18171	 0.82905	-8.70286	-10.13362	
287	 0.48876	 0.59104	 0.42635	 0.32083	 0.42188	 0.34556	 0.31992	 0.35356	-0.33013	 1.16471	-0.44218	 1.85733	-1.53854	 1.13145	-0.83719	 0.49557	-1.23361	 0.85902	-8.64411	-10.01909	
288	 0.49263	 0.58156	 0.42951	 0.31606	 0.42578	 0.34713	 0.31464	 0.35521	-0.31249	 1.22676	-0.38619	 1.81166	-1.81305	 1.41746	-0.83325	 0.48030	-1.26584	 0.88252	-8.55302	-9.84722	
289	 0.50006	 0.57468	 0.42782	 0.30684	 0.42482	 0.34432	 0.30523	 0.35240	-0.29564	 1.28376	-0.33423	 1.75740	-2.23531	 1.85014	-0.82519	 0.44749	-1.27836	 0.89933	-8.42993	-9.61739	
290	 0.51114	 0.57063	 0.42136	 0.29326	 0.41906	 0.33722	 0.29178	 0.34520	-0.27939	 1.33533	-0.28655	 1.69481	-2.76851	 2.39295	-0.81295	 0.39839	-1.27127	 0.90926	-8.27530	-9.32935	
291	 0.52585	 0.56949	 0.41027	 0.27542	 0.40865	 0.32594	 0.27443	 0.33376	-0.26353	 1.38110	-0.24334	 1.62419	-3.27922	 2.91268	-0.79653	 0.33459	-1.24508	 0.91222	-8.08975	-8.98327	
292	 0.54407	 0.57127	 0.39471	 0.25349	 0.39375	 0.31065	 0.25336	 0.31824	-0.24787	 1.42077	-0.20479	 1.54588	-3.57907	 3.22122	-0.77597	 0.25829	-1.20099	 0.90813	-7.87403	-8.57973	
293	 0.56557	 0.57586	 0.37492	 0.22770	 0.37459	 0.29158	 0.22879	 0.29886	-0.23221	 1.45405	-0.17101	 1.46024	-3.54428	 3.19504	-0.75132	 0.17253	-1.14113	 0.89699	-7.62907	-8.11974	
294	 0.59003	 0.58307	 0.35115	 0.19829	 0.35143	 0.26896	 0.20098	 0.27588	-0.21636	 1.48068	-0.14212	 1.36766	-3.19379	 2.85328	-0.72270	 0.08146	-1.06883	 0.87887	-7.35593	-7.60477	
295	 0.61704	 0.59262	 0.32371	 0.16557	 0.32457	 0.24308	 0.17023	 0.24960	-0.20017	 1.50046	-0.11817	 1.26859	-2.64702	 2.31559	-0.69025	-0.00958	-0.98872	 0.85387	-7.05583	-7.03673	
296	 0.64611	 0.60415	 0.29293	 0.12988	 0.29434	 0.21425	 0.13685	 0.22033	-0.18348	 1.51322	-0.09918	 1.16346	-2.03320	 1.71140	-0.65414	-0.09428	-0.90654	 0.82216	-6.73015	-6.41800	
297	 0.67669	 0.61723	 0.25917	 0.09158	 0.26110	 0.18281	 0.10122	 0.18842	-0.16616	 1.51883	-0.08512	 1.05277	-1.43980	 1.12837	-0.61459	-0.16597	-0.82852	 0.78396	-6.38040	-5.75141	
298	 0.70817	 0.63138	 0.22282	 0.05108	 0.22525	 0.14913	 0.06370	 0.15425	-0.14811	 1.51721	-0.07593	 0.93701	-0.90865	 0.60845	-0.57184	-0.21861	-0.76040	 0.73954	-6.00826	-5.04023	
299	 0.73989	 0.64606	 0.18430	 0.00880	 0.18719	 0.11359	 0.02469	 0.11821	-0.12924	 1.50831	-0.07150	 0.81670	-0.45101	 0.16307	-0.52616	-0.24798	-0.70623	 0.68924	-5.61552	-4.28819	
300	 0.77116	 0.66071	 0.14402	-0.03481	 0.14736	 0.07659	-0.01538	 0.08071	-0.10950	 1.49214	-0.07167	 0.69241	-0.06260	-0.21196	-0.47786	-0.25262	-0.66747	 0.63344	-5.20411	-3.49942	
301	 0.80127	 0.67475	 0.10243	-0.07930	 0.10618	 0.03853	-0.05611	 0.04217	-0.08886	 1.46875	-0.07626	 0.56469	 0.26693	-0.52689	-0.42729	-0.23397	-0.64283	 0.57255	-4.77609	-2.67848	
302	 0.82951	 0.68757	 0.05996	-0.12420	 0.06412	-0.00017	-0.09704	 0.00301	-0.06733	 1.43822	-0.08502	 0.43414	 0.54898	-0.79307	-0.37478	-0.19575	-0.62884	 0.50704	-4.33363	-1.83029	
303	 0.85518	 0.69859	 0.01707	-0.16901	 0.02160	-0.03910	-0.13775	-0.03634	-0.04492	 1.40069	-0.09767	 0.30134	 0.79388	-1.02078	-0.32072	-0.14278	-0.62111	 0.43742	-3.87899	-0.96015	
304	 0.87759	 0.70723	-0.02582	-0.21328	-0.02091	-0.07785	-0.17780	-0.07547	-0.02169	 1.35634	-0.11389	 0.16692	 1.01005	-1.21845	-0.26552	-0.07970	-0.61554	 0.36423	-3.41452	-0.07366	
305	 0.89608	 0.71295	-0.06826	-0.25652	-0.06300	-0.11603	-0.21678	-0.11397	 0.00226	 1.30538	-0.13333	 0.03151	 1.20386	-1.39245	-0.20957	-0.01021	-0.60911	 0.28804	-2.94264	 0.82329	
306	 0.91005	 0.71523	-0.10983	-0.29827	-0.10423	-0.15324	-0.25426	-0.15143	 0.02684	 1.24808	-0.15557	-0.10426	 1.37972	-1.54722	-0.15330	 0.06323	-0.60012	 0.20947	-2.46584	 1.72458	
307	 0.91895	 0.71363	-0.15014	-0.33810	-0.14421	-0.18911	-0.28985	-0.18750	 0.05191	 1.18474	-0.18020	-0.23971	 1.54026	-1.68546	-0.09712	 0.13922	-0.58804	 0.12914	-1.98663	 2.62387	
308	 0.92228	 0.70775	-0.18879	-0.37556	-0.18254	-0.22330	-0.32317	-0.22179	 0.07731	 1.11569	-0.20676	-0.37421	 1.68655	-1.80832	-0.04147	 0.21708	-0.57317	 0.04770	-1.50756	 3.51469	
309	 0.91962	 0.69724	-0.22543	-0.41025	-0.21887	-0.25546	-0.35387	-0.25400	 0.10287	 1.04130	-0.23476	-0.50706	 1.81834	-1.91564	 0.01323	 0.29647	-0.55620	-0.03420	-1.03117	 4.39046	
310	 0.91063	 0.68186	-0.25972	-0.44180	-0.25287	-0.28530	-0.38162	-0.28382	 0.12839	 0.96200	-0.26369	-0.63761	 1.93433	-2.00625	 0.06658	 0.37718	-0.53799	-0.11587	-0.56000	 5.24459	
311	 0.89507	 0.66143	-0.29137	-0.46986	-0.28425	-0.31256	-0.40612	-0.31098	 0.15366	 0.87821	-0.29304	-0.76518	 2.03247	-2.07821	 0.11818	 0.45888	-0.51936	-0.19665	-0.09654	 6.07046	
312	 0.87275	 0.63583	-0.32011	-0.49413	-0.31273	-0.33698	-0.42711	-0.33526	 0.17846	 0.79040	-0.32226	-0.88908	 2.11028	-2.12919	 0.16765	 0.54114	-0.50100	-0.27586	 0.35676	 6.86155	
313	 0.84360	 0.60506	-0.34570	-0.51433	-0.33810	-0.35836	-0.44437	-0.35644	 0.20256	 0.69907	-0.35084	-1.00865	 2.16524	-2.15684	 0.21464	 0.62333	-0.48346	-0.35283	 0.79751	 7.61147	
314	 0.80764	 0.56919	-0.36796	-0.53023	-0.36017	-0.37654	-0.45769	-0.37439	 0.22571	 0.60473	-0.37822	-1.12321	 2.19520	-2.15916	 0.25881	 0.70473	-0.46714	-0.42691	 1.22344	 8.31400	
315	 0.76497	 0.52837	-0.38672	-0.54164	-0.37879	-0.39138	-0.46694	-0.38897	 0.24768	 0.50791	-0.40388	-1.23210	 2.19877	-2.13492	 0.29989	 0.78447	-0.45231	-0.49747	 1.63236	 8.96320	
316	 0.71578	 0.48283	-0.40188	-0.54842	-0.39385	-0.40278	-0.47200	-0.40012	 0.26823	 0.40917	-0.42731	-1.33469	 2.17561	-2.08398	 0.33759	 0.86167	-0.43915	-0.56390	 2.02223	 9.55341	
317	 0.66035	 0.43289	-0.41337	-0.55048	-0.40529	-0.41070	-0.47279	-0.40778	 0.28712	 0.30906	-0.44801	-1.43032	 2.12673	-2.00750	 0.37171	 0.93542	-0.42775	-0.62561	 2.39112	 10.07934	
318	 0.59903	 0.37893	-0.42114	-0.54775	-0.41308	-0.41511	-0.46930	-0.41197	 0.30412	 0.20814	-0.46551	-1.51840	 2.05458	-1.90810	 0.40206	 1.00484	-0.41818	-0.68208	 2.73728	 10.53611	
319	 0.53226	 0.32139	-0.42521	-0.54023	-0.41725	-0.41604	-0.46153	-0.41273	 0.31904	 0.10698	-0.47939	-1.59832	 1.96295	-1.78974	 0.42850	 1.06910	-0.41047	-0.73279	 3.05914	 10.91932	
320	 0.46054	 0.26080	-0.42562	-0.52797	-0.41784	-0.41354	-0.44954	-0.41012	 0.33166	 0.00614	-0.48924	-1.66952	 1.85675	-1.65749	 0.45094	 1.12747	-0.40462	-0.77730	 3.35530	 11.22505	
321	 0.38441	 0.19770	-0.42247	-0.51103	-0.41495	-0.40770	-0.43342	-0.40426	 0.34183	-0.09382	-0.49472	-1.73149	 1.74164	-1.51715	 0.46932	 1.17932	-0.40067	-0.81521	 3.62454	 11.44997	
322	 0.30450	 0.13271	-0.41588	-0.48956	-0.40870	-0.39866	-0.41329	-0.39529	 0.34938	-0.19237	-0.49552	-1.78371	 1.62350	-1.37474	 0.48363	 1.22415	-0.39863	-0.84619	 3.86588	 11.59131	
323	 0.22144	 0.06646	-0.40600	-0.46370	-0.39927	-0.38657	-0.38933	-0.38340	 0.35419	-0.28898	-0.49141	-1.82574	 1.50794	-1.23599	 0.49391	 1.26161	-0.39855	-0.86995	 4.07852	 11.64695	
324	 0.13593	-0.00040	-0.39302	-0.43368	-0.38683	-0.37162	-0.36174	-0.36877	 0.35617	-0.38314	-0.48221	-1.85718	 1.39985	-1.10588	 0.50023	 1.29146	-0.40049	-0.88629	 4.26191	 11.61539	
325	 0.04865	-0.06718	-0.37716	-0.39972	-0.37161	-0.35403	-0.33074	-0.35164	 0.35528	-0.47439	-0.46779	-1.87766	 1.30295	-0.98822	 0.50272	 1.31366	-0.40451	-0.89507	 4.41568	 11.49583	
326	-0.03967	-0.13321	-0.35867	-0.36211	-0.35385	-0.33403	-0.29659	-0.33226	 0.35147	-0.56227	-0.44811	-1.88689	 1.21963	-0.88548	 0.50152	 1.32826	-0.41069	-0.89622	 4.53972	 11.28813	
327	-0.12832	-0.19782	-0.33781	-0.32114	-0.33382	-0.31188	-0.25959	-0.31088	 0.34479	-0.64638	-0.42318	-1.88464	 1.15085	-0.79863	 0.49684	 1.33547	-0.41912	-0.88976	 4.63410	 10.99286	
328	-0.21660	-0.26035	-0.31486	-0.27714	-0.31179	-0.28786	-0.22002	-0.28779	 0.33528	-0.72633	-0.39310	-1.87071	 1.09619	-0.72730	 0.48888	 1.33561	-0.42984	-0.87575	 4.69915	 10.61127	
329	-0.30381	-0.32019	-0.29013	-0.23047	-0.28806	-0.26226	-0.17822	-0.26328	 0.32304	-0.80180	-0.35802	-1.84503	 1.05408	-0.66990	 0.47791	 1.32908	-0.44286	-0.85437	 4.73537	 10.14531	
330	-0.38929	-0.37673	-0.26391	-0.18149	-0.26294	-0.23536	-0.13451	-0.23763	 0.30822	-0.87248	-0.31819	-1.80754	 1.02200	-0.62392	 0.46419	 1.31630	-0.45811	-0.82585	 4.74349	 9.59761	
331	-0.47242	-0.42942	-0.23653	-0.13058	-0.23671	-0.20748	-0.08925	-0.21116	 0.29100	-0.93813	-0.27390	-1.75831	 0.99690	-0.58623	 0.44803	 1.29772	-0.47542	-0.79049	 4.72442	 8.97143	
332	-0.55259	-0.47775	-0.20830	-0.07814	-0.20971	-0.17890	-0.04280	-0.18414	 0.27161	-0.99853	-0.22553	-1.69745	 0.97540	-0.55341	 0.42973	 1.27371	-0.49444	-0.74870	 4.67926	 8.27070	
333	-0.62928	-0.52129	-0.17953	-0.02456	-0.18222	-0.14994	 0.00451	-0.15687	 0.25031	-1.05351	-0.17352	-1.62517	 0.95419	-0.52208	 0.40962	 1.24457	-0.51465	-0.70091	 4.60929	 7.49994	
334	-0.70200	-0.55963	-0.15053	 0.02976	-0.15454	-0.12088	 0.05231	-0.12963	 0.22740	-1.10295	-0.11837	-1.54177	 0.93025	-0.48911	 0.38803	 1.21044	-0.53531	-0.64764	 4.51591	 6.66422	
335	-0.77030	-0.59245	-0.12159	 0.08443	-0.12696	-0.09199	 0.10026	-0.10269	 0.20322	-1.14677	-0.06063	-1.44764	 0.90106	-0.45189	 0.36529	 1.17129	-0.55544	-0.58949	 4.40071	 5.76915	
336	-0.83383	-0.61950	-0.09299	 0.13907	-0.09974	-0.06355	 0.14801	-0.07630	 0.17812	-1.18491	-0.00092	-1.34324	 0.86477	-0.40845	 0.34175	 1.12697	-0.57387	-0.52708	 4.26536	 4.82084	
337	-0.89228	-0.64059	-0.06500	 0.19329	-0.07315	-0.03580	 0.19525	-0.05069	 0.15249	-1.21736	 0.06011	-1.22913	 0.82032	-0.35759	 0.31773	 1.07719	-0.58929	-0.46110	 4.11167	 3.82579	
338	-0.94539	-0.65560	-0.03785	 0.24673	-0.04740	-0.00897	 0.24165	-0.02608	 0.12675	-1.24415	 0.12177	-1.10595	 0.76740	-0.29889	 0.29355	 1.02168	-0.60036	-0.39228	 3.94153	 2.79089	
339	-0.99298	-0.66447	-0.01175	 0.29905	-0.02271	 0.01674	 0.28692	-0.00265	 0.10130	-1.26532	 0.18333	-0.97443	 0.70650	-0.23271	 0.26953	 0.96027	-0.60586	-0.32138	 3.75689	 1.72337	
340	-1.03494	-0.66723	 0.01310	 0.34993	 0.00075	 0.04115	 0.33080	 0.01942	 0.07657	-1.28093	 0.24403	-0.83539	 0.63880	-0.16008	 0.24597	 0.89307	-0.60485	-0.24922	 3.55978	 0.63068	
341	-1.07119	-0.66395	 0.03655	 0.39907	 0.02282	 0.06412	 0.37302	 0.04002	 0.05298	-1.29108	 0.30313	-0.68972	 0.56601	-0.08261	 0.22314	 0.82063	-0.59683	-0.17659	 3.35224	-0.47950	
342	-1.10171	-0.65479	 0.05847	 0.44620	 0.04338	 0.08551	 0.41337	 0.05902	 0.03093	-1.29586	 0.35983	-0.53840	 0.49024	-0.00230	 0.20130	 0.74396	-0.58186	-0.10432	 3.13635	-1.59939	
343	-1.12656	-0.63994	 0.07875	 0.49108	 0.06235	 0.10525	 0.45163	 0.07637	 0.01082	-1.29537	 0.41338	-0.38246	 0.41380	 0.07867	 0.18070	 0.66461	-0.56056	-0.03326	 2.91418	-2.72112	
344	-1.14579	-0.61966	 0.09735	 0.53348	 0.07966	 0.12326	 0.48765	 0.09200	-0.00700	-1.28970	 0.46301	-0.22301	 0.33900	 0.15807	 0.16154	 0.58455	-0.53405	 0.03578	 2.68780	-3.83681	
345	-1.15951	-0.59424	 0.11423	 0.57323	 0.09529	 0.13954	 0.52127	 0.10591	-0.02223	-1.27895	 0.50798	-0.06122	 0.26798	 0.23383	 0.14401	 0.50603	-0.50378	 0.10198	 2.45923	-4.93867	
346	-1.16787	-0.56402	 0.12938	 0.61018	 0.10924	 0.15407	 0.55237	 0.11812	-0.03462	-1.26318	 0.54758	 0.10170	 0.20256	 0.30421	 0.12828	 0.43133	-0.47137	 0.16456	 2.23046	-6.01901	
347	-1.17098	-0.52938	 0.14285	 0.64421	 0.12155	 0.16689	 0.58088	 0.12866	-0.04400	-1.24241	 0.58112	 0.26449	 0.14412	 0.36786	 0.11447	 0.36258	-0.43838	 0.22276	 2.00340	-7.07033	
348	-1.16899	-0.49070	 0.15469	 0.67524	 0.13229	 0.17806	 0.60672	 0.13762	-0.05028	-1.21665	 0.60798	 0.42584	 0.09356	 0.42391	 0.10271	 0.30158	-0.40610	 0.27585	 1.77990	-8.08536	
349	-1.16199	-0.44840	 0.16499	 0.70321	 0.14154	 0.18768	 0.62986	 0.14510	-0.05352	-1.18580	 0.62757	 0.58444	 0.05130	 0.47198	 0.09305	 0.24966	-0.37554	 0.32318	 1.56171	-9.05716	
350	-1.15003	-0.40291	 0.17387	 0.72810	 0.14943	 0.19586	 0.65031	 0.15123	-0.05393	-1.14970	 0.63937	 0.73897	 0.01726	 0.51213	 0.08556	 0.20769	-0.34730	 0.36412	 1.35045	-9.97912	
351	-1.13307	-0.35465	 0.18146	 0.74993	 0.15608	 0.20274	 0.66807	 0.15616	-0.05193	-1.10805	 0.64293	 0.88807	-0.00896	 0.54477	 0.08025	 0.17603	-0.32163	 0.39812	 1.14764	-10.84504	
352	-1.11090	-0.30403	 0.18791	 0.76874	 0.16164	 0.20848	 0.68320	 0.16006	-0.04826	-1.06038	 0.63786	 1.03043	-0.02809	 0.57062	 0.07712	 0.15465	-0.29851	 0.42470	 0.95460	-11.64917	
353	-1.08305	-0.25148	 0.19336	 0.78459	 0.16627	 0.21325	 0.69575	 0.16312	-0.04408	-1.00591	 0.62385	 1.16473	-0.04098	 0.59055	 0.07615	 0.14323	-0.27770	 0.44346	 0.77247	-12.38626	
354	-1.04863	-0.19738	 0.19796	 0.79760	 0.17010	 0.21726	 0.70581	 0.16556	-0.04125	-0.94343	 0.60069	 1.28970	-0.04850	 0.60550	 0.07727	 0.14119	-0.25889	 0.45406	 0.60209	-13.05159	
355	-1.00595	-0.14210	 0.20183	 0.80789	 0.17326	 0.22069	 0.71349	 0.16758	-0.04275	-0.87097	 0.56824	 1.40409	-0.05139	 0.61637	 0.08041	 0.14786	-0.24174	 0.45626	 0.44391	-13.64100	
356	-0.95181	-0.08597	 0.20499	 0.81564	 0.17578	 0.22376	 0.71890	 0.16941	-0.05359	-0.78520	 0.52647	 1.50671	-0.05003	 0.62393	 0.08548	 0.16248	-0.22595	 0.44991	 0.29765	-14.15094	
357	-0.87980	-0.02929	 0.20733	 0.82109	 0.17752	 0.22668	 0.72217	 0.17129	-0.08278	-0.68024	 0.47541	 1.59646	-0.04415	 0.62874	 0.09237	 0.18433	-0.21136	 0.43494	 0.16167	-14.57847	
358	-0.77544	 0.02767	 0.20827	 0.82462	 0.17791	 0.22963	 0.72344	 0.17345	-0.14811	-0.54481	 0.41523	 1.67229	-0.03197	 0.63112	 0.10097	 0.21268	-0.19794	 0.41139	 0.03106	-14.92134	
359	-0.59920	 0.08471	 0.20593	 0.82706	 0.17501	 0.23278	 0.72286	 0.17615	-0.29045	-0.35525	 0.34614	 1.73319	-0.00755	 0.63100	 0.11121	 0.24685	-0.18589	 0.37940	-0.10892	-15.17798	
360	-1.51630	-0.13817	 1.03858	 1.54937	 0.42882	 0.29110	 0.84075	 0.18645	-0.39930	-0.14106	 0.44544	 1.72552	-0.32830	 0.66499	-0.01756	 0.18351	-0.16832	 0.31849	 0.21051	-7.30881	
361	-1.44367	-0.11376	 1.00100	 1.48675	 0.39022	 0.28325	 0.84045	 0.19478	-0.86757	 0.45405	 0.40018	 1.75950	-0.27822	 0.65489	-0.02301	 0.20195	-0.16153	 0.27119	 13.83661	-21.16807	
362	 4.19929	-0.34797	 0.53517	 1.73275	 0.67087	 0.21714	 0.78007	 0.33563	-4.75958	 1.84838	 0.50160	 1.69115	 0.57386	 0.70304	 0.19807	 0.12336	-0.13088	 0.25185	-33.21877	 20.97337	
363	 1.42777	-0.33187	 0.67295	 1.63915	 0.78497	 0.22344	 0.79277	 0.33286	-11.35335	 9.75939	 0.44773	 1.70697	 0.15545	 0.70472	 0.19005	 0.15352	-0.12247	 0.18720	-22.80938	 11.92302	
364	 0.98464	-0.31023	 0.70728	 1.60240	 0.82328	 0.24022	 0.78628	 0.32836	 8.16502	-9.42540	 0.38494	 1.69663	 0.06623	 0.69419	 0.20099	 0.18821	-0.12001	 0.11520	-24.62404	 14.93982	
365	 0.87510	-0.28934	 0.73080	 1.57454	 0.85154	 0.25861	 0.77685	 0.32626	 2.72671	-3.79047	 0.31711	 1.66584	 0.02546	 0.67785	 0.21435	 0.22640	-0.12105	 0.03708	-26.54547	 18.25584	
366	 0.87540	-0.27005	 0.75261	 1.54912	 0.87671	 0.27767	 0.76620	 0.32700	 0.81925	-1.72751	 0.24550	 1.61513	 0.00177	 0.65622	 0.22828	 0.26767	-0.12567	-0.04637	-28.30896	 21.63138	
367	 0.92488	-0.25262	 0.77489	 1.52435	 0.90071	 0.29724	 0.75480	 0.33069	 0.27978	-1.04805	 0.17113	 1.54467	-0.01344	 0.62963	 0.24217	 0.31164	-0.13412	-0.13433	-29.81815	 24.96404	
368	 1.00010	-0.23712	 0.79833	 1.49961	 0.92436	 0.31732	 0.74287	 0.33729	 0.10210	-0.73640	 0.09499	 1.45473	-0.02370	 0.59853	 0.25568	 0.35789	-0.14654	-0.22595	-30.96068	 28.12470	
369	 1.08993	-0.22353	 0.82312	 1.47463	 0.94810	 0.33794	 0.73055	 0.34671	 0.05789	-0.56020	 0.01808	 1.34573	-0.03096	 0.56350	 0.26859	 0.40594	-0.16299	-0.32036	-31.60358	 30.95797	
370	 1.18827	-0.21180	 0.84923	 1.44933	 0.97217	 0.35916	 0.71791	 0.35881	 0.07537	-0.44589	-0.05861	 1.21825	-0.03651	 0.52523	 0.28072	 0.45521	-0.18342	-0.41665	-31.60318	 33.29444	
371	 1.29141	-0.20181	 0.87657	 1.42369	 0.99672	 0.38100	 0.70502	 0.37342	 0.12630	-0.36455	-0.13408	 1.07306	-0.04138	 0.48446	 0.29190	 0.50508	-0.20764	-0.51388	-30.82261	 34.96956	
372	 1.39687	-0.19344	 0.90496	 1.39770	 1.02181	 0.40345	 0.69193	 0.39033	 0.19763	-0.30303	-0.20737	 0.91109	-0.04638	 0.44193	 0.30199	 0.55486	-0.23537	-0.61111	-29.15567	 35.84845	
373	 1.50285	-0.18653	 0.93421	 1.37139	 1.04743	 0.42648	 0.67867	 0.40930	 0.28247	-0.25473	-0.27757	 0.73347	-0.05213	 0.39835	 0.31083	 0.60381	-0.26619	-0.70737	-26.55245	 35.85219	
374	 1.60794	-0.18090	 0.96410	 1.34477	 1.07350	 0.45001	 0.66524	 0.43009	 0.37674	-0.21605	-0.34379	 0.54151	-0.05914	 0.35434	 0.31829	 0.65117	-0.29964	-0.80170	-23.03857	 34.97754	
375	 1.71097	-0.17638	 0.99437	 1.31784	 1.09991	 0.47394	 0.65165	 0.45243	 0.47774	-0.18492	-0.40525	 0.33671	-0.06774	 0.31043	 0.32424	 0.69616	-0.33516	-0.89312	-18.72013	 33.30218	
376	 1.81088	-0.17279	 1.02475	 1.29058	 1.12647	 0.49812	 0.63788	 0.47601	 0.58347	-0.16005	-0.46125	 0.12072	-0.07812	 0.26708	 0.32853	 0.73803	-0.37216	-0.98070	-13.77076	 30.97199	
377	 1.90670	-0.16997	 1.05493	 1.26297	 1.15296	 0.52236	 0.62389	 0.50051	 0.69233	-0.14056	-0.51115	-0.10461	-0.09036	 0.22465	 0.33105	 0.77604	-0.41003	-1.06349	-8.40459	 28.17424	
378	 1.99748	-0.16776	 1.08461	 1.23495	 1.17910	 0.54644	 0.60962	 0.52562	 0.80290	-0.12584	-0.55447	-0.33728	-0.10443	 0.18339	 0.33167	 0.80951	-0.44815	-1.14059	-2.84416	 25.10557	
379	 2.08227	-0.16603	 1.11343	 1.20646	 1.20459	 0.57013	 0.59500	 0.55097	 0.91391	-0.11535	-0.59080	-0.57515	-0.12019	 0.14350	 0.33027	 0.83782	-0.48591	-1.21113	 2.70728	 21.94451	
380	 2.16008	-0.16466	 1.14103	 1.17741	 1.22909	 0.59316	 0.57996	 0.57621	 1.02412	-0.10860	-0.61984	-0.81596	-0.13743	 0.10510	 0.32674	 0.86038	-0.52273	-1.27427	 8.08305	 18.83419	
381	 2.22994	-0.16357	 1.16704	 1.14770	 1.25224	 0.61523	 0.56440	 0.60096	 1.13234	-0.10510	-0.64143	-1.05734	-0.15588	 0.06827	 0.32099	 0.87671	-0.55803	-1.32923	 13.15939	 15.87621	
382	 2.29078	-0.16271	 1.19107	 1.11722	 1.27365	 0.63604	 0.54822	 0.62483	 1.23740	-0.10436	-0.65547	-1.29684	-0.17523	 0.03301	 0.31292	 0.88633	-0.59127	-1.37525	 17.85318	 13.13298	
383	 2.34152	-0.16205	 1.21272	 1.08584	 1.29292	 0.65526	 0.53129	 0.64743	 1.33815	-0.10580	-0.66198	-1.53201	-0.19513	-0.00071	 0.30245	 0.88887	-0.62195	-1.41168	 22.11503	 10.63474	
384	 2.38101	-0.16160	 1.23157	 1.05343	 1.30964	 0.67258	 0.51349	 0.66838	 1.43347	-0.10885	-0.66101	-1.76037	-0.21520	-0.03296	 0.28954	 0.88398	-0.64958	-1.43787	 25.92091	 8.38805	
385	 2.40807	-0.16140	 1.24724	 1.01985	 1.32338	 0.68765	 0.49471	 0.68729	 1.52226	-0.11284	-0.65272	-1.97948	-0.23507	-0.06382	 0.27413	 0.87134	-0.67371	-1.45328	 29.26431	 6.38374	
386	 2.42144	-0.16152	 1.25931	 0.98494	 1.33373	 0.70014	 0.47481	 0.70376	 1.60347	-0.11708	-0.63728	-2.18697	-0.25436	-0.09343	 0.25620	 0.85072	-0.69392	-1.45742	 32.14997	 4.60331	
387	 2.41986	-0.16205	 1.26740	 0.94856	 1.34028	 0.70973	 0.45366	 0.71743	 1.67607	-0.12084	-0.61492	-2.38057	-0.27274	-0.12192	 0.23577	 0.82188	-0.70982	-1.44987	 34.58920	 3.02362	
388	 2.40197	-0.16313	 1.27112	 0.91056	 1.34263	 0.71611	 0.43113	 0.72793	 1.73912	-0.12335	-0.58588	-2.55816	-0.28988	-0.14944	 0.21287	 0.78466	-0.72105	-1.43030	 36.59680	 1.62019	
389	 2.36644	-0.16489	 1.27012	 0.87080	 1.34039	 0.71898	 0.40711	 0.73493	 1.79171	-0.12379	-0.55040	-2.71775	-0.30552	-0.17611	 0.18757	 0.73893	-0.72730	-1.39845	 38.18907	 0.36916	
390	 2.31188	-0.16750	 1.26406	 0.82913	 1.33321	 0.71805	 0.38146	 0.73810	 1.83304	-0.12135	-0.50876	-2.85755	-0.31949	-0.20206	 0.15996	 0.68463	-0.72831	-1.35417	 39.38266	-0.75141	
391	 2.23690	-0.17111	 1.25264	 0.78542	 1.32075	 0.71307	 0.35410	 0.73715	 1.86235	-0.11521	-0.46123	-2.97596	-0.33166	-0.22740	 0.13019	 0.62176	-0.72387	-1.29737	 40.19402	-1.76099	
392	 2.14013	-0.17591	 1.23559	 0.73957	 1.30273	 0.70381	 0.32492	 0.73181	 1.87900	-0.10454	-0.40811	-3.07159	-0.34203	-0.25219	 0.09845	 0.55042	-0.71385	-1.22811	 40.63915	-2.67627	
393	 2.02022	-0.18204	 1.21266	 0.69146	 1.27887	 0.69007	 0.29383	 0.72185	 1.88246	-0.08853	-0.34968	-3.14329	-0.35068	-0.27645	 0.06495	 0.47081	-0.69818	-1.14654	 40.73359	-3.51116	
394	 1.87586	-0.18966	 1.18366	 0.64101	 1.24896	 0.67168	 0.26076	 0.70708	 1.87226	-0.06641	-0.28627	-3.19010	-0.35781	-0.30015	 0.02997	 0.38329	-0.67690	-1.05295	 40.49256	-4.27685	
395	 1.70585	-0.19887	 1.14845	 0.58815	 1.21283	 0.64853	 0.22568	 0.68734	 1.84809	-0.03746	-0.21822	-3.21132	-0.36373	-0.32324	-0.00619	 0.28834	-0.65011	-0.94776	 39.93108	-4.98207	
396	 1.50906	-0.20975	 1.10693	 0.53283	 1.17036	 0.62052	 0.18853	 0.66251	 1.80973	-0.00100	-0.14591	-3.20647	-0.36884	-0.34558	-0.04320	 0.18667	-0.61804	-0.83160	 39.06417	-5.63328	
397	 1.28453	-0.22232	 1.05905	 0.47504	 1.12148	 0.58760	 0.14930	 0.63253	 1.75707	 0.04354	-0.06975	-3.17529	-0.37365	-0.36701	-0.08070	 0.07916	-0.58100	-0.70525	 37.90704	-6.23491	
398	 1.03148	-0.23653	 1.00482	 0.41477	 1.06618	 0.54979	 0.10800	 0.59736	 1.69014	 0.09665	 0.00978	-3.11778	-0.37871	-0.38731	-0.11829	-0.03303	-0.53939	-0.56972	 36.47521	-6.78968	
399	 0.74933	-0.25225	 0.94430	 0.35205	 1.00449	 0.50711	 0.06465	 0.55704	 1.60908	 0.15871	 0.09218	-3.03412	-0.38463	-0.40625	-0.15559	-0.14853	-0.49370	-0.42626	 34.78471	-7.29880	
400	 0.43781	-0.26925	 0.87761	 0.28693	 0.93654	 0.45966	 0.01930	 0.51163	 1.51417	 0.22997	 0.17686	-2.92475	-0.39205	-0.42356	-0.19225	-0.26566	-0.44448	-0.27636	 32.85216	-7.76234	
401	 0.09697	-0.28717	 0.80494	 0.21950	 0.86247	 0.40757	-0.02799	 0.46125	 1.40579	 0.31051	 0.26319	-2.79031	-0.40155	-0.43898	-0.22791	-0.38250	-0.39234	-0.12179	 30.69491	-8.17942	
402	-0.27278	-0.30551	 0.72653	 0.14988	 0.78252	 0.35103	-0.07711	 0.40607	 1.28447	 0.40027	 0.35042	-2.63165	-0.41368	-0.45223	-0.26228	-0.49688	-0.33790	 0.03543	 28.33110	-8.54856	
403	-0.67056	-0.32360	 0.64266	 0.07819	 0.69697	 0.29026	-0.12796	 0.34630	 1.15084	 0.49898	 0.43776	-2.44981	-0.42887	-0.46306	-0.29513	-0.60640	-0.28178	 0.19301	 25.77972	-8.86792	
404	-1.09500	-0.34055	 0.55371	 0.00461	 0.60617	 0.22554	-0.18041	 0.28221	 1.00566	 0.60618	 0.52428	-2.24606	-0.44743	-0.47125	-0.32631	-0.70848	-0.22459	 0.34847	 23.06069	-9.13557	
405	-1.54416	-0.35520	 0.46006	-0.07066	 0.51051	 0.15717	-0.23430	 0.21410	 0.84980	 0.72117	 0.60892	-2.02179	-0.46951	-0.47661	-0.35575	-0.80045	-0.16687	 0.49917	 20.19488	-9.34975	
406	-2.01546	-0.36606	 0.36219	-0.14741	 0.41045	 0.08552	-0.28944	 0.14233	 0.68424	 0.84304	 0.69046	-1.77862	-0.49507	-0.47902	-0.38345	-0.87961	-0.10911	 0.64241	 17.20411	-9.50908	
407	-2.50562	-0.37118	 0.26060	-0.22539	 0.30650	 0.01099	-0.34565	 0.06728	 0.51009	 0.97058	 0.76742	-1.51825	-0.52389	-0.47840	-0.40951	-0.94338	-0.05170	 0.77557	 14.11122	-9.61273	
408	-3.01058	-0.36794	 0.15585	-0.30433	 0.19919	-0.06599	-0.40271	-0.01060	 0.32853	 1.10231	 0.83796	-1.24252	-0.55553	-0.47472	-0.43407	-0.98936	 0.00505	 0.89622	 10.94001	-9.66055	
409	-3.52536	-0.35277	 0.04851	-0.38396	 0.08913	-0.14493	-0.46039	-0.09084	 0.14089	 1.23642	 0.89967	-0.95330	-0.58936	-0.46804	-0.45730	-1.01543	 0.06090	 1.00230	 7.71531	-9.65304	
410	-4.04395	-0.32064	-0.06077	-0.46400	-0.02308	-0.22533	-0.51844	-0.17295	-0.05145	 1.37074	 0.94925	-0.65245	-0.62457	-0.45847	-0.47936	-1.01985	 0.11571	 1.09231	 4.46291	-9.59131	
411	-4.55909	-0.26411	-0.17137	-0.54415	-0.13679	-0.30663	-0.57660	-0.25638	-0.24695	 1.50261	 0.98186	-0.34160	-0.66014	-0.44618	-0.50037	-1.00122	 0.16942	 1.16548	 1.20970	-9.47678	
412	-5.06187	-0.17178	-0.28262	-0.62415	-0.25137	-0.38824	-0.63460	-0.34055	-0.44400	 1.62879	 0.99001	-0.02193	-0.69489	-0.43139	-0.52030	-0.95837	 0.22200	 1.22196	-2.01624	-9.31059	
413	-5.54119	-0.02530	-0.39388	-0.70375	-0.36617	-0.46950	-0.69215	-0.42486	-0.64084	 1.74520	 0.96150	 0.30639	-0.72737	-0.41437	-0.53895	-0.89003	 0.27348	 1.26312	-5.18526	-9.09258	
414	-5.98282	 0.20616	-0.50453	-0.78276	-0.48060	-0.54974	-0.74893	-0.50868	-0.83554	 1.84660	 0.87536	 0.64531	-0.75583	-0.39540	-0.55583	-0.79416	 0.32392	 1.29193	-8.26539	-8.81922	
415	-6.36809	 0.57631	-0.61409	-0.86109	-0.59416	-0.62820	-0.80458	-0.59132	-1.02599	 1.92609	 0.69409	 1.00117	-0.77795	-0.37477	-0.57007	-0.66654	 0.37343	 1.31355	-11.22076	-8.47960	
416	-6.67295	 1.17989	-0.72230	-0.93870	-0.70652	-0.70416	-0.85861	-0.67207	-1.20983	 1.97486	 0.34933	 1.38940	-0.79046	-0.35268	-0.58046	-0.49832	 0.42220	 1.33640	-14.00891	-8.04763	
417	-6.87165	 2.17426	-0.82941	-1.01547	-0.81754	-0.77717	-0.91031	-0.75023	-1.38473	 1.98396	-0.27768	 1.84264	-0.78872	-0.32919	-0.58595	-0.27254	 0.47054	 1.37292	-16.57805	-7.46975	
418	-6.95909	 3.75413	-0.93627	-1.09054	-0.92705	-0.84781	-0.95857	-0.82542	-1.54928	 1.95359	-1.34846	 2.41674	-0.76784	-0.30420	-0.58773	 0.03453	 0.51878	 1.43642	-18.87383	-6.66327	
419	-7.00331	 5.93073	-1.04314	-1.16094	-1.03359	-0.91852	-1.00237	-0.89811	-1.70498	 1.91339	-2.92025	 3.16132	-0.72945	-0.27798	-0.59259	 0.42779	 0.56647	 1.52553	-20.88051	-5.59146	
420	-7.14147	 8.22428	-1.14669	-1.22249	-1.13322	-0.99154	-1.04225	-0.96932	-1.85508	 1.91716	-4.70239	 4.03954	-0.69000	-0.25199	-0.60952	 0.84986	 0.61144	 1.60875	-22.67078	-4.42016	
421	-7.42994	 10.04730	-1.24143	-1.27438	-1.22251	-1.06483	-1.08012	-1.03872	-1.99818	 1.98152	-6.28381	 4.95054	-0.66752	-0.22818	-0.63791	 1.22045	 0.65134	 1.65497	-24.33076	-3.42196	
422	-7.80971	 11.29349	-1.32509	-1.31910	-1.30137	-1.13424	-1.11668	-1.10450	-2.12769	 2.07693	-7.57804	 5.86115	-0.66402	-0.20730	-0.67029	 1.51628	 0.68577	 1.66480	-25.86071	-2.69376	
423	-8.21788	 12.13741	-1.39833	-1.35871	-1.37112	-1.19731	-1.15123	-1.16504	-2.23619	 2.17372	-8.71455	 6.80495	-0.67294	-0.18921	-0.70207	 1.75407	 0.71537	 1.65211	-27.21467	-2.18492	
424	-8.62549	 12.74105	-1.46221	-1.39400	-1.43266	-1.25317	-1.18287	-1.21939	-2.31515	 2.25418	-9.78865	 7.78861	-0.68850	-0.17370	-0.73218	 1.95255	 0.74070	 1.62730	-28.35023	-1.82844	
425	-9.02358	 13.19953	-1.51738	-1.42504	-1.48632	-1.30161	-1.21095	-1.26703	-2.35122	 2.30300	-10.68530	 8.64456	-0.70734	-0.16070	-0.76088	 2.12327	 0.76201	 1.59605	-29.23624	-1.58160	
426	-9.41069	 13.56330	-1.56410	-1.45172	-1.53212	-1.34254	-1.23504	-1.30762	-2.31878	 2.29511	-10.95501	 8.89489	-0.72771	-0.15021	-0.78869	 2.27238	 0.77943	 1.56134	-29.84763	-1.42435	
427	-9.78753	 13.85914	-1.60243	-1.47386	-1.56993	-1.37594	-1.25487	-1.34095	-2.16167	 2.17554	-10.19670	 8.12301	-0.74871	-0.14227	-0.81605	 2.40311	 0.79300	 1.52480	-30.15922	-1.35449	
428	-10.15515	 14.10170	-1.63232	-1.49128	-1.59958	-1.40179	-1.27028	-1.36687	-1.74347	 1.80894	-8.74492	 6.65469	-0.76991	-0.13691	-0.84325	 2.51718	 0.80277	 1.48735	-30.13525	-1.39119	
429	-10.51436	 14.29929	-1.65368	-1.50383	-1.62091	-1.42007	-1.28119	-1.38531	-0.73777	 0.86981	-7.31640	 5.20147	-0.79116	-0.13413	-0.87046	 2.61560	 0.80885	 1.44948	-29.69420	-1.60644	
430	-10.86557	 14.45671	-1.66644	-1.51142	-1.63378	-1.43080	-1.28757	-1.39625	 1.18118	-0.96701	-6.33268	 4.18187	-0.81245	-0.13387	-0.89773	 2.69899	 0.81141	 1.41141	-28.46790	-2.36410	
431	 0.21903	-3.53348	-1.87419	-1.23757	-1.63814	-1.70831	-1.08788	-1.39974	-1.37783	-2.32978	 3.62558	 3.73819	 0.00677	-0.12169	-0.11011	 0.44227	 0.82136	 0.11719	 1314993451678.35547	-1242992546754.83594	
432	-0.81783	-0.33564	-1.66841	-1.51206	-1.63604	-1.43225	-1.28787	-1.39793	-1.20565	-2.16978	 1.92987	 3.70473	-0.10197	-0.13675	-0.10736	 0.54533	 0.81986	 0.58325	 73.80810	-114.26538	
433	-0.81409	-0.33393	-1.66202	-1.50641	-1.62984	-1.42678	-1.28316	-1.39263	-1.55121	-1.80362	 1.92204	 3.68604	-0.09924	-0.13571	-0.11097	 0.53821	 0.81513	 0.58711	 14.78184	-55.31584	
434	-0.80788	-0.33114	-1.65140	-1.49702	-1.61951	-1.41769	-1.27533	-1.38383	-1.85837	-1.46658	 1.91127	 3.65287	-0.09465	-0.13413	-0.11684	 0.52624	 0.80729	 0.59351	-4.94656	-35.53489	
435	-0.79920	-0.32729	-1.63657	-1.48391	-1.60509	-1.40499	-1.26440	-1.37155	-2.07919	-1.20674	 1.89859	 3.60433	-0.08827	-0.13203	-0.12488	 0.50947	 0.79641	 0.60241	-14.73595	-25.56130	
436	-0.78809	-0.32238	-1.61759	-1.46712	-1.58661	-1.38872	-1.25040	-1.35582	-2.22009	-1.01784	 1.88536	 3.53933	-0.08021	-0.12943	-0.13498	 0.48802	 0.78255	 0.61370	-20.45662	-19.52308	
437	-0.77459	-0.31643	-1.59450	-1.44670	-1.56413	-1.36893	-1.23337	-1.33669	-2.29735	-0.88380	 1.87339	 3.45633	-0.07062	-0.12634	-0.14693	 0.46210	 0.76581	 0.62719	-24.06465	-15.46300	
438	-0.75874	-0.30944	-1.56737	-1.42270	-1.53771	-1.34567	-1.21335	-1.31422	-2.32531	-0.79049	 1.86525	 3.35315	-0.05973	-0.12277	-0.16051	 0.43201	 0.74627	 0.64258	-26.39833	-12.54231	
439	-0.74059	-0.30146	-1.53628	-1.39520	-1.50742	-1.31902	-1.19041	-1.28845	-2.31555	-0.72656	 1.86462	 3.22653	-0.04783	-0.11876	-0.17538	 0.39824	 0.72406	 0.65945	-27.87722	-10.34167	
440	-0.72020	-0.29248	-1.50131	-1.36428	-1.47334	-1.28905	-1.16460	-1.25948	-2.27742	-0.68295	 1.87706	 3.07141	-0.03526	-0.11432	-0.19115	 0.36143	 0.69929	 0.67721	-28.73517	-8.62804	
441	-0.69764	-0.28255	-1.46258	-1.33002	-1.43558	-1.25584	-1.13600	-1.22738	-2.21831	-0.65253	 1.91119	 2.87973	-0.02248	-0.10946	-0.20735	 0.32238	 0.67208	 0.69508	-29.11359	-7.26158	
442	-0.67298	-0.27169	-1.42018	-1.29251	-1.39424	-1.21949	-1.10470	-1.19223	-2.14401	-0.62983	 1.98083	 2.63828	-0.00998	-0.10422	-0.22345	 0.28210	 0.64258	 0.71216	-29.10376	-6.15318	
443	-0.64632	-0.25993	-1.37424	-1.25188	-1.34944	-1.18011	-1.07077	-1.15415	-2.05891	-0.61077	 2.10881	 2.32490	 0.00167	-0.09860	-0.23884	 0.24167	 0.61092	 0.72742	-28.76802	-5.24335	
444	-0.61773	-0.24730	-1.32489	-1.20823	-1.30130	-1.13781	-1.03431	-1.11323	-1.96630	-0.59241	 2.33316	 1.90228	 0.01192	-0.09264	-0.25293	 0.20223	 0.57726	 0.73983	-28.15119	-4.49078	
445	-0.58733	-0.23385	-1.27226	-1.16169	-1.24995	-1.09271	-0.99542	-1.06959	-1.86860	-0.57269	 2.71374	 1.31133	 0.02022	-0.08635	-0.26513	 0.16484	 0.54175	 0.74843	-27.28706	-3.86581	
446	-0.55520	-0.21960	-1.21653	-1.11238	-1.19555	-1.04494	-0.95422	-1.02335	-1.76757	-0.55020	 3.31513	 0.48828	 0.02611	-0.07974	-0.27495	 0.13038	 0.50455	 0.75244	-26.20226	-3.34657	
447	-0.52146	-0.20461	-1.15783	-1.06047	-1.13824	-0.99463	-0.91082	-0.97465	-1.66449	-0.52405	 4.02021	-0.44887	 0.02924	-0.07285	-0.28199	 0.09948	 0.46583	 0.75134	-24.91870	-2.91650	
448	-0.48622	-0.18891	-1.09634	-1.00607	-1.07819	-0.94194	-0.86533	-0.92361	-1.56029	-0.49370	 3.76543	-0.43569	 0.02943	-0.06569	-0.28603	 0.07245	 0.42578	 0.74493	-23.45510	-2.56275	
449	-0.44961	-0.17255	-1.03223	-0.94937	-1.01557	-0.88701	-0.81789	-0.87038	-1.45563	-0.45888	 0.90417	 2.17539	 0.02664	-0.05829	-0.28699	 0.04930	 0.38459	 0.73331	-21.82806	-2.27518	
450	-0.41174	-0.15558	-0.96569	-0.89050	-0.95054	-0.83000	-0.76863	-0.81511	-1.35102	-0.41951	-1.62439	 4.44614	 0.02102	-0.05068	-0.28498	 0.02976	 0.34246	 0.71686	-20.05269	-2.04561	
451	-0.37275	-0.13804	-0.89691	-0.82965	-0.88331	-0.77107	-0.71767	-0.75795	-1.24684	-0.37560	-1.74619	 4.30351	 0.01286	-0.04288	-0.28021	 0.01340	 0.29961	 0.69611	-18.14310	-1.86732	
452	-0.33277	-0.12000	-0.82608	-0.76698	-0.81404	-0.71040	-0.66518	-0.69907	-1.14338	-0.32730	-1.16155	 3.44883	 0.00254	-0.03493	-0.27304	-0.00034	 0.25626	 0.67172	-16.11271	-1.73469	
453	-0.29192	-0.10149	-0.75340	-0.70267	-0.74294	-0.64815	-0.61128	-0.63862	-1.04089	-0.27476	-0.68681	 2.69946	-0.00949	-0.02687	-0.26386	-0.01205	 0.21264	 0.64437	-13.97450	-1.64293	
454	-0.25036	-0.08259	-0.67908	-0.63690	-0.67021	-0.58450	-0.55612	-0.57677	-0.93959	-0.21822	-0.41117	 2.14567	-0.02277	-0.01872	-0.25307	-0.02226	 0.16899	 0.61470	-11.74110	-1.58792	
455	-0.20823	-0.06334	-0.60333	-0.56985	-0.59605	-0.51964	-0.49987	-0.51369	-0.83968	-0.15788	-0.28466	 1.73855	-0.03683	-0.01054	-0.24107	-0.03147	 0.12553	 0.58328	-9.42495	-1.56601	
456	-0.16565	-0.04379	-0.52637	-0.50171	-0.52067	-0.45374	-0.44266	-0.44956	-0.74134	-0.09398	-0.25724	 1.42911	-0.05127	-0.00237	-0.22823	-0.04005	 0.08251	 0.55061	-7.03833	-1.57398	
457	-0.12278	-0.02402	-0.44841	-0.43267	-0.44427	-0.38700	-0.38467	-0.38455	-0.64480	-0.02676	-0.29478	 1.18430	-0.06572	 0.00577	-0.21486	-0.04832	 0.04016	 0.51706	-4.59337	-1.60890	
458	-0.07977	-0.00407	-0.36968	-0.36292	-0.36708	-0.31960	-0.32604	-0.31885	-0.55024	 0.04357	-0.37532	 0.98322	-0.07989	 0.01382	-0.20121	-0.05647	-0.00131	 0.48294	-2.10212	-1.66807	
459	-0.03676	 0.01598	-0.29039	-0.29266	-0.28930	-0.25174	-0.26693	-0.25263	-0.45790	 0.11681	-0.48462	 0.81269	-0.09352	 0.02176	-0.18747	-0.06464	-0.04167	 0.44850	 0.42348	-1.74902	
460	 0.00612	 0.03609	-0.21077	-0.22208	-0.21115	-0.18360	-0.20751	-0.18607	-0.36801	 0.19275	-0.61316	 0.66424	-0.10642	 0.02955	-0.17380	-0.07291	-0.08072	 0.41389	 2.97160	-1.84939	
461	 0.04871	 0.05619	-0.13104	-0.15137	-0.13285	-0.11538	-0.14794	-0.11937	-0.28081	 0.27123	-0.75436	 0.53230	-0.11845	 0.03714	-0.16030	-0.08130	-0.11826	 0.37925	 5.53054	-1.96697	
462	 0.09087	 0.07622	-0.05143	-0.08073	-0.05461	-0.04726	-0.08836	-0.05269	-0.19657	 0.35208	-0.90345	 0.41312	-0.12951	 0.04452	-0.14705	-0.08981	-0.15411	 0.34468	 8.08874	-2.09963	
463	 0.13246	 0.09612	 0.02784	-0.01035	 0.02335	 0.02055	-0.02895	 0.01378	-0.11556	 0.43516	-1.05688	 0.30414	-0.13950	 0.05165	-0.13410	-0.09840	-0.18809	 0.31024	 10.63483	-2.24528	
464	 0.17334	 0.11583	 0.10655	 0.05959	 0.10081	 0.08788	 0.03014	 0.07986	-0.03807	 0.52033	-1.21188	 0.20354	-0.14839	 0.05850	-0.12147	-0.10703	-0.22004	 0.27599	 13.15761	-2.40192	
465	 0.21338	 0.13528	 0.18449	 0.12888	 0.17756	 0.15453	 0.08875	 0.14537	 0.03562	 0.60748	-1.36624	 0.11004	-0.15612	 0.06505	-0.10918	-0.11564	-0.24982	 0.24196	 15.64611	-2.56755	
466	 0.25244	 0.15441	 0.26143	 0.19735	 0.25340	 0.22032	 0.14673	 0.21013	 0.10522	 0.69649	-1.51816	 0.02270	-0.16270	 0.07128	-0.09725	-0.12416	-0.27730	 0.20821	 18.08962	-2.74018	
467	 0.29040	 0.17317	 0.33717	 0.26481	 0.32812	 0.28508	 0.20393	 0.27396	 0.17043	 0.78723	-1.66610	-0.05914	-0.16809	 0.07717	-0.08566	-0.13251	-0.30235	 0.17475	 20.47766	-2.91780	
468	 0.32712	 0.19149	 0.41149	 0.33108	 0.40151	 0.34861	 0.26020	 0.33671	 0.23099	 0.87957	-1.80876	-0.13600	-0.17231	 0.08270	-0.07442	-0.14065	-0.32488	 0.14162	 22.80003	-3.09837	
469	 0.36250	 0.20933	 0.48419	 0.39599	 0.47337	 0.41075	 0.31540	 0.39819	 0.28664	 0.97337	-1.94501	-0.20825	-0.17536	 0.08787	-0.06351	-0.14849	-0.34481	 0.10885	 25.04683	-3.27976	
470	 0.39641	 0.22661	 0.55508	 0.45937	 0.54351	 0.47134	 0.36938	 0.45825	 0.33715	 1.06847	-2.07385	-0.27616	-0.17726	 0.09264	-0.05295	-0.15598	-0.36205	 0.07647	 27.20838	-3.45972	
471	 0.42875	 0.24329	 0.62397	 0.52105	 0.61175	 0.53020	 0.42200	 0.51672	 0.38233	 1.16467	-2.19444	-0.33995	-0.17801	 0.09703	-0.04271	-0.16306	-0.37657	 0.04452	 29.27525	-3.63582	
472	 0.45940	 0.25931	 0.69066	 0.58088	 0.67790	 0.58718	 0.47314	 0.57345	 0.42203	 1.26172	-2.30602	-0.39976	-0.17765	 0.10102	-0.03279	-0.16968	-0.38831	 0.01303	 31.23809	-3.80530	
473	 0.48828	 0.27461	 0.75499	 0.63871	 0.74178	 0.64213	 0.52266	 0.62829	 0.45617	 1.35934	-2.40794	-0.45571	-0.17620	 0.10461	-0.02320	-0.17578	-0.39726	-0.01796	 33.08755	-3.96488	
474	 0.51529	 0.28915	 0.81677	 0.69438	 0.80323	 0.69490	 0.57045	 0.68110	 0.48470	 1.45718	-2.49963	-0.50787	-0.17368	 0.10779	-0.01391	-0.18132	-0.40342	-0.04843	 34.81388	-4.11045	
475	 0.54034	 0.30288	 0.87586	 0.74776	 0.86209	 0.74536	 0.61639	 0.73174	 0.50767	 1.55485	-2.58064	-0.55628	-0.17013	 0.11057	-0.00495	-0.18626	-0.40680	-0.07833	 36.40636	-4.23640	
476	 0.56336	 0.31575	 0.93209	 0.79872	 0.91820	 0.79338	 0.66037	 0.78007	 0.52519	 1.65186	-2.65058	-0.60097	-0.16559	 0.11296	 0.00371	-0.19057	-0.40741	-0.10762	 37.85198	-4.33432	
477	 0.58428	 0.32771	 0.98533	 0.84713	 0.97142	 0.83883	 0.70228	 0.82598	 0.53744	 1.74767	-2.70918	-0.64192	-0.16009	 0.11494	 0.01206	-0.19422	-0.40532	-0.13627	 39.13251	-4.39006	
478	 0.60303	 0.33873	 1.03543	 0.89289	 1.02160	 0.88160	 0.74203	 0.86934	 0.54467	 1.84170	-2.75624	-0.67909	-0.15367	 0.11654	 0.02011	-0.19718	-0.40057	-0.16424	 40.21699	-4.37619	
479	 0.61955	 0.34876	 1.08227	 0.93588	 1.06864	 0.92159	 0.77953	 0.91005	 0.54722	 1.93328	-2.79166	-0.71243	-0.14638	 0.11776	 0.02784	-0.19944	-0.39323	-0.19149	 41.03824	-4.22851	
480	 0.63381	 0.35777	 1.12574	 0.97600	 1.11240	 0.95870	 0.81468	 0.94801	 0.54546	 2.02171	-2.81545	-0.74182	-0.13827	 0.11862	 0.03526	-0.20097	-0.38340	-0.21798	 41.39239	-3.74562	
481	 0.64575	 0.36573	 1.16574	 1.01318	 1.15279	 0.99283	 0.84743	 0.98311	 0.53982	 2.10624	-2.82774	-0.76710	-0.12938	 0.11912	 0.04238	-0.20177	-0.37118	-0.24367	 40.11535	-1.76532	
482	 0.62222	 0.34993	 1.20134	 1.04495	 1.18699	 1.02419	 0.87599	 1.01477	 0.62511	 2.25562	-2.83196	-0.81290	-0.11197	 0.12009	 0.13735	-0.21728	-0.35129	-0.32241	 284.43166	-285.47709	
483	 0.63028	 0.35607	 1.23432	 1.07586	 1.22060	 1.05207	 0.90374	 1.04381	 0.62286	 2.33049	-2.82755	-0.82838	-0.10476	 0.11962	 0.14208	-0.21553	-0.33559	-0.34485	 39.11262	-39.92034	
484	 0.63604	 0.36113	 1.26358	 1.10361	 1.25059	 1.07678	 0.92890	 1.06975	 0.61781	 2.39808	-2.81348	-0.83865	-0.09685	 0.11890	 0.14632	-0.21299	-0.31780	-0.36626	 20.33090	-20.89673	
485	 0.63951	 0.36509	 1.28907	 1.12815	 1.27689	 1.09825	 0.95142	 1.09255	 0.61038	 2.45770	-2.79063	-0.84307	-0.08826	 0.11795	 0.15008	-0.20970	-0.29804	-0.38661	 13.48327	-13.80397	
486	 0.64068	 0.36793	 1.31075	 1.14943	 1.29946	 1.11646	 0.97127	 1.11214	 0.60093	 2.50873	-2.76025	-0.84066	-0.07905	 0.11678	 0.15338	-0.20567	-0.27647	-0.40589	 9.98462	-10.05789	
487	 0.63955	 0.36962	 1.32857	 1.16743	 1.31824	 1.13136	 0.98841	 1.12848	 0.58981	 2.55063	-2.72416	-0.82995	-0.06927	 0.11542	 0.15622	-0.20092	-0.25323	-0.42407	 7.89552	-7.72008	
488	 0.63613	 0.37016	 1.34251	 1.18212	 1.33321	 1.14296	 1.00281	 1.14156	 0.57731	 2.58295	-2.68506	-0.80863	-0.05897	 0.11388	 0.15861	-0.19548	-0.22851	-0.44115	 6.53382	-6.10934	
489	 0.63046	 0.36953	 1.35255	 1.19349	 1.34433	 1.15122	 1.01448	 1.15134	 0.56365	 2.60532	-2.64717	-0.77297	-0.04820	 0.11218	 0.16056	-0.18938	-0.20247	-0.45710	 5.59742	-4.92460	
490	 0.62255	 0.36774	 1.35870	 1.20155	 1.35160	 1.15617	 1.02340	 1.15781	 0.54902	 2.61750	-2.61740	-0.71653	-0.03701	 0.11035	 0.16209	-0.18265	-0.17529	-0.47191	 4.93162	-4.01210	
491	 0.61243	 0.36476	 1.36097	 1.20630	 1.35502	 1.15780	 1.02956	 1.16097	 0.53353	 2.61930	-2.60795	-0.62768	-0.02546	 0.10839	 0.16322	-0.17533	-0.14715	-0.48559	 4.44867	-3.28508	
492	 0.60017	 0.36061	 1.35937	 1.20775	 1.35459	 1.15614	 1.03299	 1.16082	 0.51726	 2.61066	-2.64215	-0.48370	-0.01361	 0.10633	 0.16395	-0.16745	-0.11826	-0.49811	 4.09487	-2.69075	
493	 0.58579	 0.35529	 1.35394	 1.20594	 1.35035	 1.15122	 1.03370	 1.15739	 0.50023	 2.59160	-2.76924	-0.23597	-0.00151	 0.10418	 0.16431	-0.15905	-0.08879	-0.50948	 3.83531	-2.19512	
494	 0.56937	 0.34880	 1.34472	 1.20090	 1.34232	 1.14308	 1.03172	 1.15070	 0.48244	 2.56220	-3.10515	 0.23073	 0.01077	 0.10196	 0.16432	-0.15019	-0.05895	-0.51970	 3.64617	-1.77524	
495	 0.55096	 0.34116	 1.33178	 1.19268	 1.33055	 1.13177	 1.02707	 1.14078	 0.46387	 2.52263	-3.93081	 1.19660	 0.02317	 0.09968	 0.16398	-0.14090	-0.02894	-0.52877	 3.51053	-1.41498	
496	 0.53064	 0.33238	 1.31517	 1.18132	 1.31509	 1.11735	 1.01980	 1.12768	 0.44446	 2.47310	-4.77135	 2.18604	 0.03564	 0.09734	 0.16332	-0.13122	 0.00106	-0.53668	 3.41590	-1.10265	
497	 0.50848	 0.32248	 1.29497	 1.16691	 1.29601	 1.09989	 1.00995	 1.11145	 0.42417	 2.41388	 33.24313	-35.67166	 0.04812	 0.09497	 0.16236	-0.12122	 0.03084	-0.54346	 3.35282	-0.82951	
498	 0.48456	 0.31147	 1.27127	 1.14950	 1.27338	 1.07946	 0.99757	 1.09215	 0.40295	 2.34528	 13.19717	-15.46186	 0.06053	 0.09255	 0.16112	-0.11093	 0.06022	-0.54910	 3.31395	-0.58885	
499	 0.45898	 0.29939	 1.24417	 1.12917	 1.24729	 1.05615	 0.98274	 1.06986	 0.38076	 2.26766	 3.23827	-5.33289	 0.07284	 0.09010	 0.15962	-0.10041	 0.08900	-0.55362	 3.29341	-0.37542	
500	 0.43182	 0.28626	 1.21377	 1.10602	 1.21784	 1.03006	 0.96551	 1.04465	 0.35756	 2.18139	 0.94878	-2.86795	 0.08497	 0.08763	 0.15788	-0.08970	 0.11701	-0.55703	 3.28645	-0.18500	
501	 0.40320	 0.27211	 1.18019	 1.08014	 1.18513	 1.00129	 0.94595	 1.01662	 0.33335	 2.08687	 0.14984	-1.88909	 0.09688	 0.08512	 0.15593	-0.07887	 0.14406	-0.55934	 3.28914	-0.01416	
502	 0.37320	 0.25698	 1.14356	 1.05163	 1.14926	 0.96994	 0.92415	 0.98585	 0.30813	 1.98451	-0.20289	-1.35285	 0.10850	 0.08258	 0.15379	-0.06795	 0.16999	-0.56058	 3.29822	 0.13997	
503	 0.34194	 0.24091	 1.10400	 1.02059	 1.11038	 0.93612	 0.90019	 0.95246	 0.28194	 1.87476	-0.37967	-0.98985	 0.11979	 0.08001	 0.15147	-0.05701	 0.19463	-0.56075	 3.31093	 0.27978	
504	 0.30954	 0.22394	 1.06167	 0.98715	 1.06860	 0.89997	 0.87416	 0.91655	 0.25482	 1.75807	-0.47355	-0.70797	 0.13069	 0.07739	 0.14900	-0.04609	 0.21783	-0.55989	 3.32490	 0.40734	
505	 0.27610	 0.20612	 1.01670	 0.95142	 1.02407	 0.86161	 0.84616	 0.87824	 0.22684	 1.63491	-0.52319	-0.46943	 0.14116	 0.07472	 0.14641	-0.03525	 0.23945	-0.55801	 3.33814	 0.52443	
506	 0.24175	 0.18748	 0.96925	 0.91353	 0.97694	 0.82118	 0.81628	 0.83765	 0.19810	 1.50574	-0.54698	-0.25677	 0.15116	 0.07199	 0.14372	-0.02453	 0.25934	-0.55513	 3.34893	 0.63259	
507	 0.20661	 0.16809	 0.91948	 0.87361	 0.92735	 0.77880	 0.78462	 0.79493	 0.16869	 1.37108	-0.55456	-0.06123	 0.16063	 0.06919	 0.14094	-0.01398	 0.27740	-0.55129	 3.35578	 0.73320	
508	 0.17080	 0.14800	 0.86757	 0.83180	 0.87547	 0.73463	 0.75131	 0.75020	 0.13875	 1.23141	-0.55144	 0.12182	 0.16954	 0.06630	 0.13811	-0.00366	 0.29350	-0.54652	 3.35743	 0.82745	
509	 0.13445	 0.12726	 0.81368	 0.78823	 0.82147	 0.68882	 0.71643	 0.70361	 0.10841	 1.08727	-0.54095	 0.29482	 0.17786	 0.06331	 0.13524	 0.00640	 0.30756	-0.54083	 3.35281	 0.91643	
510	 0.09769	 0.10594	 0.75800	 0.74305	 0.76551	 0.64152	 0.68012	 0.65530	 0.07782	 0.93916	-0.52524	 0.45908	 0.18554	 0.06020	 0.13235	 0.01613	 0.31948	-0.53427	 3.34099	 1.00111	
511	 0.06064	 0.08410	 0.70069	 0.69641	 0.70778	 0.59287	 0.64247	 0.60543	 0.04713	 0.78764	-0.50575	 0.61522	 0.19257	 0.05695	 0.12947	 0.02551	 0.32920	-0.52686	 3.32123	 1.08235	
512	 0.02344	 0.06179	 0.64195	 0.64844	 0.64845	 0.54305	 0.60363	 0.55416	 0.01650	 0.63326	-0.48351	 0.76345	 0.19891	 0.05354	 0.12661	 0.03449	 0.33666	-0.51865	 3.29288	 1.16093	
513	-0.01378	 0.03910	 0.58197	 0.59931	 0.58772	 0.49220	 0.56370	 0.50164	-0.01390	 0.47658	-0.45928	 0.90375	 0.20454	 0.04996	 0.12380	 0.04302	 0.34182	-0.50965	 3.25544	 1.23755	
514	-0.05090	 0.01609	 0.52093	 0.54916	 0.52577	 0.44050	 0.52280	 0.44804	-0.04391	 0.31815	-0.43363	 1.03597	 0.20945	 0.04617	 0.12105	 0.05108	 0.34464	-0.49991	 3.20850	 1.31286	
515	-0.08778	-0.00718	 0.45903	 0.49815	 0.46279	 0.38810	 0.48107	 0.39353	-0.07336	 0.15857	-0.40702	 1.15985	 0.21361	 0.04217	 0.11838	 0.05862	 0.34511	-0.48947	 3.15177	 1.38742	
516	-0.12430	-0.03062	 0.39646	 0.44644	 0.39898	 0.33517	 0.43862	 0.33827	-0.10208	-0.00159	-0.37983	 1.27509	 0.21702	 0.03793	 0.11582	 0.06560	 0.34323	-0.47836	 3.08502	 1.46178	
517	-0.16032	-0.05417	 0.33341	 0.39417	 0.33453	 0.28187	 0.39558	 0.28243	-0.12991	-0.16175	-0.35236	 1.38138	 0.21966	 0.03344	 0.11336	 0.07201	 0.33901	-0.46662	 3.00811	 1.53640	
518	-0.19573	-0.07774	 0.27008	 0.34150	 0.26965	 0.22837	 0.35207	 0.22619	-0.15670	-0.32130	-0.32489	 1.47840	 0.22154	 0.02866	 0.11104	 0.07781	 0.33248	-0.45429	 2.92096	 1.61175	
519	-0.23041	-0.10127	 0.20665	 0.28858	 0.20452	 0.17482	 0.30822	 0.16971	-0.18229	-0.47968	-0.29763	 1.56585	 0.22265	 0.02358	 0.10886	 0.08297	 0.32368	-0.44142	 2.82354	 1.68826	
520	-0.26423	-0.12467	 0.14332	 0.23556	 0.13934	 0.12140	 0.26414	 0.11317	-0.20653	-0.63628	-0.27081	 1.64344	 0.22299	 0.01820	 0.10683	 0.08748	 0.31266	-0.42803	 2.71585	 1.76635	
521	-0.29707	-0.14787	 0.08028	 0.18260	 0.07431	 0.06825	 0.21998	 0.05674	-0.22929	-0.79053	-0.24459	 1.71092	 0.22257	 0.01247	 0.10497	 0.09131	 0.29949	-0.41418	 2.59788	 1.84647	
522	-0.32882	-0.17078	 0.01771	 0.12983	 0.00963	 0.01553	 0.17583	 0.00060	-0.25044	-0.94185	-0.21914	 1.76807	 0.22140	 0.00641	 0.10329	 0.09445	 0.28423	-0.39991	 2.46962	 1.92910	
523	-0.35938	-0.19333	-0.04421	 0.07742	-0.05452	-0.03659	 0.13182	-0.05510	-0.26985	-1.08969	-0.19460	 1.81469	 0.21948	-0.00002	 0.10179	 0.09688	 0.26699	-0.38525	 2.33095	 2.01482	
524	-0.38863	-0.21544	-0.10529	 0.02548	-0.11794	-0.08798	 0.08807	-0.11018	-0.28742	-1.23347	-0.17110	 1.85065	 0.21685	-0.00681	 0.10049	 0.09860	 0.24786	-0.37025	 2.18160	 2.10441	
525	-0.41648	-0.23703	-0.16536	-0.02583	-0.18045	-0.13847	 0.04469	-0.16449	-0.30304	-1.37266	-0.14877	 1.87584	 0.21351	-0.01398	 0.09938	 0.09959	 0.22695	-0.35495	 2.02097	 2.19895	
526	-0.44283	-0.25803	-0.22424	-0.07638	-0.24186	-0.18794	 0.00179	-0.21785	-0.31661	-1.50675	-0.12769	 1.89021	 0.20948	-0.02153	 0.09848	 0.09985	 0.20438	-0.33939	 1.84790	 2.30011	
527	-0.46759	-0.27835	-0.28179	-0.12605	-0.30200	-0.23625	-0.04053	-0.27011	-0.32807	-1.63521	-0.10796	 1.89373	 0.20479	-0.02947	 0.09779	 0.09938	 0.18026	-0.32361	 1.66005	 2.41074	
528	-0.49067	-0.29792	-0.33782	-0.17470	-0.36070	-0.28325	-0.08215	-0.32112	-0.33733	-1.75756	-0.08965	 1.88645	 0.19947	-0.03779	 0.09730	 0.09818	 0.15474	-0.30766	 1.45270	 2.53609	
529	-0.51199	-0.31667	-0.39220	-0.22222	-0.41777	-0.32882	-0.12298	-0.37073	-0.34434	-1.87335	-0.07283	 1.86843	 0.19354	-0.04649	 0.09702	 0.09626	 0.12796	-0.29157	 1.21533	 2.68716	
530	-0.53148	-0.33452	-0.44476	-0.26850	-0.47307	-0.37284	-0.16292	-0.41879	-0.34906	-1.98213	-0.05755	 1.83982	 0.18704	-0.05557	 0.09694	 0.09363	 0.10005	-0.27539	 0.92082	 2.89160	
531	-0.54908	-0.35141	-0.49538	-0.31342	-0.52644	-0.41519	-0.20189	-0.46517	-0.35143	-2.08348	-0.04386	 1.80077	 0.18000	-0.06500	 0.09707	 0.09030	 0.07117	-0.25916	 0.47545	 3.24363	
532	-0.56471	-0.36726	-0.54393	-0.35688	-0.57773	-0.45577	-0.23979	-0.50974	-0.35145	-2.17702	-0.03178	 1.75150	 0.17246	-0.07479	 0.09740	 0.08628	 0.04147	-0.24292	-0.78059	 4.40356	
533	-0.60336	-0.39951	-0.59406	-0.39595	-0.63179	-0.49490	-0.27855	-0.55149	-0.40964	-2.09009	-0.06419	 1.93794	 0.17197	-0.09673	 0.13334	 0.07850	-0.01165	-0.23965	-35.21838	 7.31121	
534	-0.61464	-0.41296	-0.63806	-0.43628	-0.67825	-0.53199	-0.31413	-0.59230	-0.40109	-2.17944	-0.05465	 1.86007	 0.16297	-0.10686	 0.13418	 0.07355	-0.04172	-0.22320	-36.14551	 7.48290	
535	-0.62374	-0.42514	-0.67964	-0.47487	-0.72223	-0.56701	-0.34840	-0.63094	-0.39028	-2.26101	-0.04664	 1.77233	 0.15362	-0.11724	 0.13508	 0.06797	-0.07208	-0.20683	-36.97721	 7.65160	
536	-0.63063	-0.43598	-0.71871	-0.51164	-0.76362	-0.59990	-0.38129	-0.66730	-0.37724	-2.33448	-0.04013	 1.67513	 0.14395	-0.12786	 0.13603	 0.06177	-0.10259	-0.19058	-37.69414	 7.79857	
537	-0.63529	-0.44543	-0.75517	-0.54653	-0.80230	-0.63057	-0.41276	-0.70129	-0.36199	-2.39960	-0.03513	 1.56893	 0.13399	-0.13869	 0.13704	 0.05499	-0.13310	-0.17448	-38.29404	 7.92177	
538	-0.63771	-0.45346	-0.78895	-0.57946	-0.83818	-0.65896	-0.44272	-0.73281	-0.34458	-2.45613	-0.03159	 1.45422	 0.12380	-0.14969	 0.13810	 0.04764	-0.16345	-0.15857	-38.77607	 8.02031	
539	-0.63788	-0.46002	-0.81996	-0.61039	-0.87117	-0.68501	-0.47115	-0.76178	-0.32509	-2.50385	-0.02948	 1.33153	 0.11341	-0.16083	 0.13918	 0.03977	-0.19351	-0.14289	-39.14000	 8.09357	
540	-0.63579	-0.46507	-0.84816	-0.63925	-0.90119	-0.70866	-0.49798	-0.78813	-0.30357	-2.54261	-0.02875	 1.20142	 0.10287	-0.17206	 0.14030	 0.03140	-0.22314	-0.12748	-39.38606	 8.14110	
541	-0.63145	-0.46858	-0.87348	-0.66602	-0.92818	-0.72988	-0.52318	-0.81179	-0.28010	-2.57226	-0.02936	 1.06449	 0.09222	-0.18335	 0.14143	 0.02258	-0.25220	-0.11235	-39.51490	 8.16254	
542	-0.62488	-0.47052	-0.89588	-0.69064	-0.95208	-0.74861	-0.54672	-0.83271	-0.25479	-2.59268	-0.03123	 0.92136	 0.08150	-0.19466	 0.14256	 0.01332	-0.28056	-0.09755	-39.52753	 8.15764	
543	-0.61609	-0.47086	-0.91533	-0.71310	-0.97283	-0.76485	-0.56855	-0.85084	-0.22772	-2.60381	-0.03429	 0.77268	 0.07075	-0.20592	 0.14368	 0.00368	-0.30810	-0.08311	-39.42536	 8.12625	
544	-0.60511	-0.46961	-0.93180	-0.73337	-0.99040	-0.77856	-0.58867	-0.86615	-0.19901	-2.60561	-0.03848	 0.61911	 0.06001	-0.21711	 0.14478	-0.00630	-0.33470	-0.06905	-39.21014	 8.06830	
545	-0.59198	-0.46673	-0.94527	-0.75143	-1.00475	-0.78974	-0.60704	-0.87861	-0.16877	-2.59807	-0.04370	 0.46136	 0.04933	-0.22815	 0.14584	-0.01659	-0.36025	-0.05539	-38.88396	 7.98380	
546	-0.57675	-0.46222	-0.95574	-0.76728	-1.01588	-0.79838	-0.62366	-0.88819	-0.13714	-2.58122	-0.04987	 0.30012	 0.03875	-0.23901	 0.14686	-0.02714	-0.38464	-0.04217	-38.44928	 7.87285	
547	-0.55945	-0.45609	-0.96322	-0.78091	-1.02377	-0.80450	-0.63853	-0.89490	-0.10425	-2.55511	-0.05689	 0.13611	 0.02829	-0.24963	 0.14781	-0.03791	-0.40779	-0.02940	-37.90885	 7.73567	
548	-0.54014	-0.44834	-0.96770	-0.79234	-1.02843	-0.80809	-0.65162	-0.89873	-0.07023	-2.51985	-0.06466	-0.02992	 0.01801	-0.25994	 0.14868	-0.04885	-0.42959	-0.01711	-37.26573	 7.57251	
549	-0.51890	-0.43897	-0.96922	-0.80157	-1.02986	-0.80919	-0.66296	-0.89968	-0.03523	-2.47556	-0.07308	-0.19725	 0.00793	-0.26989	 0.14946	-0.05993	-0.44999	-0.00531	-36.52329	 7.38376	
550	-0.49578	-0.42801	-0.96780	-0.80862	-1.02809	-0.80782	-0.67254	-0.89779	 0.00059	-2.42240	-0.08204	-0.36513	-0.00190	-0.27943	 0.15012	-0.07108	-0.46890	 0.00598	-35.68515	 7.16986	
551	-0.47087	-0.41548	-0.96348	-0.81351	-1.02314	-0.80403	-0.68038	-0.89307	 0.03708	-2.36058	-0.09143	-0.53282	-0.01146	-0.28850	 0.15066	-0.08227	-0.48627	 0.01675	-34.75520	 6.93135	
552	-0.44423	-0.40140	-0.95632	-0.81629	-1.01507	-0.79784	-0.68650	-0.88556	 0.07409	-2.29031	-0.10114	-0.69957	-0.02072	-0.29704	 0.15106	-0.09345	-0.50204	 0.02698	-33.73760	 6.66885	
553	-0.41597	-0.38581	-0.94635	-0.81698	-1.00393	-0.78933	-0.69092	-0.87532	 0.11144	-2.21187	-0.11106	-0.86465	-0.02965	-0.30499	 0.15129	-0.10458	-0.51618	 0.03667	-32.63670	 6.38305	
554	-0.38617	-0.36875	-0.93366	-0.81562	-0.98976	-0.77853	-0.69366	-0.86239	 0.14898	-2.12554	-0.12107	-1.02733	-0.03821	-0.31230	 0.15135	-0.11561	-0.52865	 0.04579	-31.45708	 6.07473	
555	-0.35493	-0.35027	-0.91831	-0.81227	-0.97265	-0.76553	-0.69475	-0.84684	 0.18654	-2.03165	-0.13107	-1.18689	-0.04639	-0.31891	 0.15122	-0.12649	-0.53942	 0.05436	-30.20349	 5.74475	
556	-0.32236	-0.33040	-0.90037	-0.80697	-0.95266	-0.75038	-0.69423	-0.82874	 0.22395	-1.93055	-0.14095	-1.34263	-0.05416	-0.32476	 0.15088	-0.13718	-0.54848	 0.06235	-28.88088	 5.39403	
557	-0.28855	-0.30922	-0.87995	-0.79978	-0.92989	-0.73317	-0.69214	-0.80817	 0.26106	-1.82262	-0.15059	-1.49386	-0.06151	-0.32982	 0.15031	-0.14763	-0.55582	 0.06978	-27.49432	 5.02358	
558	-0.25362	-0.28678	-0.85711	-0.79077	-0.90443	-0.71399	-0.68852	-0.78521	 0.29770	-1.70827	-0.15990	-1.63992	-0.06841	-0.33402	 0.14950	-0.15780	-0.56144	 0.07663	-26.04903	 4.63445	
559	-0.21768	-0.26314	-0.83198	-0.77999	-0.87638	-0.69291	-0.68341	-0.75997	 0.33371	-1.58794	-0.16877	-1.78016	-0.07486	-0.33732	 0.14844	-0.16766	-0.56536	 0.08291	-24.55034	 4.22778	
560	-0.18085	-0.23838	-0.80464	-0.76753	-0.84586	-0.67004	-0.67686	-0.73253	 0.36894	-1.46208	-0.17711	-1.91396	-0.08084	-0.33968	 0.14711	-0.17715	-0.56758	 0.08862	-23.00368	 3.80476	
561	-0.14326	-0.21258	-0.77522	-0.75344	-0.81297	-0.64548	-0.66892	-0.70302	 0.40324	-1.33119	-0.18482	-2.04073	-0.08635	-0.34106	 0.14549	-0.18625	-0.56814	 0.09376	-21.41453	 3.36666	
562	-0.10501	-0.18581	-0.74383	-0.73781	-0.77785	-0.61931	-0.65965	-0.67154	 0.43645	-1.19577	-0.19182	-2.15991	-0.09138	-0.34142	 0.14357	-0.19490	-0.56705	 0.09834	-19.78845	 2.91476	
563	-0.06625	-0.15817	-0.71059	-0.72071	-0.74062	-0.59166	-0.64910	-0.63821	 0.46845	-1.05635	-0.19804	-2.27097	-0.09594	-0.34073	 0.14135	-0.20308	-0.56437	 0.10236	-18.13101	 2.45043	
564	-0.02710	-0.12973	-0.67562	-0.70223	-0.70141	-0.56264	-0.63733	-0.60316	 0.49909	-0.91347	-0.20339	-2.37340	-0.10003	-0.33896	 0.13880	-0.21075	-0.56013	 0.10584	-16.44782	 1.97506	
565	 0.01232	-0.10059	-0.63905	-0.68244	-0.66037	-0.53235	-0.62440	-0.56652	 0.52824	-0.76770	-0.20783	-2.46674	-0.10367	-0.33609	 0.13591	-0.21787	-0.55437	 0.10878	-14.74446	 1.49011	
566	 0.05188	-0.07085	-0.60102	-0.66144	-0.61765	-0.50091	-0.61036	-0.52842	 0.55580	-0.61962	-0.21129	-2.55056	-0.10688	-0.33210	 0.13266	-0.22440	-0.54716	 0.11120	-13.02651	 0.99705	
567	 0.09144	-0.04061	-0.56167	-0.63931	-0.57338	-0.46844	-0.59528	-0.48900	 0.58165	-0.46982	-0.21372	-2.62446	-0.10970	-0.32697	 0.12903	-0.23031	-0.53854	 0.11310	-11.29949	 0.49738	
568	 0.13087	-0.00996	-0.52112	-0.61612	-0.52773	-0.43507	-0.57923	-0.44841	 0.60569	-0.31890	-0.21510	-2.68806	-0.11216	-0.32070	 0.12489	-0.23545	-0.52858	 0.11450	-9.56886	-0.00734	
569	 0.17005	 0.02098	-0.47952	-0.59198	-0.48086	-0.40090	-0.56226	-0.40678	 0.62782	-0.16747	-0.21539	-2.74103	-0.11434	-0.31329	 0.10862	-0.22816	-0.51733	 0.11542	-7.84002	-0.51556	
570	 0.20884	 0.05211	-0.43701	-0.56698	-0.43291	-0.36607	-0.54445	-0.36426	 0.64796	-0.01615	-0.21458	-2.78305	-0.11632	-0.30473	-0.24513	 0.11690	-0.50487	 0.11588	-6.11826	-1.02570	
571	 0.24712	 0.08333	-0.39374	-0.54118	-0.38406	-0.33070	-0.52585	-0.32100	 0.66605	 0.13446	-0.21265	-2.81379	-0.11824	-0.29503	-0.24824	 0.11163	-0.49126	 0.11588	-4.40876	-1.53616	
572	 0.28476	 0.11452	-0.34984	-0.51470	-0.33446	-0.29490	-0.50654	-0.27716	 0.68200	 0.28372	-0.20962	-2.83295	-0.12027	-0.28422	-0.25083	 0.10616	-0.47656	 0.11545	-2.71660	-2.04536	
573	 0.32163	 0.14557	-0.30546	-0.48760	-0.28428	-0.25880	-0.48656	-0.23288	 0.69579	 0.43102	-0.20550	-2.84015	-0.12270	-0.27230	-0.25273	 0.10035	-0.46084	 0.11460	-1.04668	-2.55169	
574	 0.35761	 0.17638	-0.26075	-0.45998	-0.23368	-0.22252	-0.46600	-0.18831	 0.70735	 0.57575	-0.20030	-2.83493	-0.12596	-0.25931	-0.25394	 0.09418	-0.44418	 0.11336	 0.59623	-3.05355	
575	 0.39259	 0.20683	-0.21584	-0.43193	-0.18284	-0.18618	-0.44491	-0.14360	 0.71665	 0.71731	-0.19407	-2.81661	-0.13073	-0.24527	-0.25442	 0.08765	-0.42665	 0.11175	 2.20754	-3.54935	
576	 0.42644	 0.23681	-0.17088	-0.40351	-0.13191	-0.14990	-0.42335	-0.09891	 0.72368	 0.85510	-0.18685	-2.78411	-0.13817	-0.23023	-0.25417	 0.08075	-0.40830	 0.10979	 3.78281	-4.03753	
577	 0.45905	 0.26621	-0.12600	-0.37483	-0.08105	-0.11379	-0.40139	-0.05438	 0.72843	 0.98855	-0.17868	-2.73551	-0.15029	-0.21422	-0.25318	 0.07348	-0.38921	 0.10749	 5.31784	-4.51653	
578	 0.49031	 0.29493	-0.08135	-0.34595	-0.03044	-0.07796	-0.37908	-0.01015	 0.73088	 1.11708	-0.16964	-2.66721	-0.17085	-0.19729	-0.25147	 0.06586	-0.36945	 0.10489	 6.80859	-4.98481	
579	 0.52012	 0.32285	-0.03706	-0.31695	 0.01978	-0.04253	-0.35649	 0.03362	 0.73105	 1.24016	-0.15979	-2.57185	-0.20743	-0.17950	-0.24902	 0.05789	-0.34908	 0.10200	 8.25126	-5.44087	
580	 0.54838	 0.34987	 0.00674	-0.28791	 0.06944	-0.00760	-0.33367	 0.07680	 0.72896	 1.35727	-0.14921	-2.43303	-0.27666	-0.16090	-0.24584	 0.04958	-0.32816	 0.09884	 9.64226	-5.88325	
581	 0.57499	 0.37589	 0.04993	-0.25890	 0.11839	 0.02673	-0.31067	 0.11926	 0.72462	 1.46790	-0.13799	-2.21010	-0.41950	-0.14156	-0.24195	 0.04094	-0.30677	 0.09545	 10.97822	-6.31051	
582	 0.59985	 0.40081	 0.09238	-0.22999	 0.16648	 0.06036	-0.28755	 0.16084	 0.71808	 1.57158	-0.12622	-1.78680	-0.75253	-0.12155	-0.23736	 0.03198	-0.28494	 0.09183	 12.25602	-6.72128	
583	 0.62289	 0.42453	 0.13396	-0.20124	 0.21356	 0.09320	-0.26436	 0.20144	 0.70937	 1.66788	-0.11401	-0.76522	-1.67406	-0.10094	-0.23207	 0.02272	-0.26276	 0.08803	 13.47278	-7.11421	
584	 0.64402	 0.44695	 0.17456	-0.17271	 0.25949	 0.12515	-0.24114	 0.24092	 0.69856	 1.75639	-0.10147	 2.46941	-4.79926	-0.07980	-0.22611	 0.01317	-0.24027	 0.08405	 14.62587	-7.48803	
585	 0.66318	 0.46800	 0.21408	-0.14447	 0.30414	 0.15614	-0.21796	 0.27916	 0.68569	 1.83673	-0.08869	 12.24714	-14.45866	-0.05821	-0.21950	 0.00335	-0.21752	 0.07992	 15.71290	-7.84150	
586	 0.68029	 0.48757	 0.25240	-0.11656	 0.34737	 0.18607	-0.19484	 0.31606	 0.67083	 1.90856	-0.07580	 13.14386	-15.22863	-0.03626	-0.21225	-0.00672	-0.19458	 0.07567	 16.73174	-8.17347	
587	 0.69529	 0.50561	 0.28943	-0.08905	 0.38907	 0.21489	-0.17183	 0.35150	 0.65405	 1.97159	-0.06292	 4.48138	-6.43152	-0.01404	-0.20439	-0.01703	-0.17148	 0.07132	 17.68053	-8.48283	
588	 0.70813	 0.52201	 0.32507	-0.06198	 0.42910	 0.24251	-0.14896	 0.38538	 0.63543	 2.02556	-0.05016	 1.54677	-3.35494	 0.00838	-0.19595	-0.02754	-0.14829	 0.06689	 18.55764	-8.76856	
589	 0.71876	 0.53673	 0.35923	-0.03539	 0.46736	 0.26889	-0.12629	 0.41760	 0.61506	 2.07026	-0.03764	 0.64981	-2.30929	 0.03089	-0.18696	-0.03823	-0.12504	 0.06239	 19.36174	-9.02969	
590	 0.72715	 0.54968	 0.39184	-0.00932	 0.50375	 0.29396	-0.10384	 0.44809	 0.59301	 2.10550	-0.02550	 0.31692	-1.82158	 0.05342	-0.17744	-0.04909	-0.10179	 0.05787	 20.09174	-9.26536	
591	 0.73325	 0.56082	 0.42281	 0.01618	 0.53816	 0.31767	-0.08163	 0.47676	 0.56939	 2.13118	-0.01384	 0.17147	-1.51585	 0.07586	-0.16742	-0.06008	-0.07857	 0.05332	 20.74679	-9.47475	
592	 0.73705	 0.57009	 0.45207	 0.04110	 0.57052	 0.33998	-0.05971	 0.50354	 0.54429	 2.14719	-0.00279	 0.10031	-1.27958	 0.09813	-0.15695	-0.07118	-0.05544	 0.04878	 21.32632	-9.65714	
593	 0.73852	 0.57744	 0.47957	 0.06539	 0.60073	 0.36085	-0.03809	 0.52837	 0.51779	 2.15352	 0.00753	 0.06287	-1.07289	 0.12014	-0.14606	-0.08236	-0.03242	 0.04427	 21.83001	-9.81192	
594	 0.73765	 0.58284	 0.50525	 0.08903	 0.62872	 0.38024	-0.01681	 0.55118	 0.49002	 2.15017	 0.01702	 0.04236	-0.87971	 0.14179	-0.13478	-0.09359	-0.00958	 0.03980	 22.25780	-9.93851	
595	 0.73444	 0.58625	 0.52907	 0.11200	 0.65444	 0.39814	 0.00413	 0.57193	 0.46106	 2.13721	 0.02556	 0.03106	-0.69300	 0.16300	-0.12315	-0.10484	 0.01306	 0.03540	 22.60987	-10.03647	
596	 0.72890	 0.58764	 0.55097	 0.13429	 0.67782	 0.41453	 0.02469	 0.59058	 0.43102	 2.11474	 0.03305	 0.02506	-0.50957	 0.18367	-0.11121	-0.11608	 0.03546	 0.03107	 22.88663	-10.10543	
597	 0.72103	 0.58700	 0.57092	 0.15588	 0.69882	 0.42938	 0.04488	 0.60711	 0.40001	 2.08291	 0.03940	 0.02223	-0.32803	 0.20373	-0.09901	-0.12728	 0.05758	 0.02685	 23.08874	-10.14511	
598	 0.71086	 0.58430	 0.58891	 0.17676	 0.71740	 0.44270	 0.06466	 0.62147	 0.36813	 2.04192	 0.04451	 0.02136	-0.14788	 0.22310	-0.08658	-0.13840	 0.07937	 0.02274	 23.21710	-10.15532	
599	 0.69840	 0.57956	 0.60491	 0.19693	 0.73353	 0.45449	 0.08403	 0.63367	 0.33549	 1.99202	 0.04830	 0.02171	 0.03089	 0.24168	-0.07396	-0.14942	 0.10080	 0.01875	 23.27283	-10.13598	
600	 0.68370	 0.57276	 0.61891	 0.21637	 0.74720	 0.46474	 0.10298	 0.64370	 0.30219	 1.93351	 0.05069	 0.02280	 0.20802	 0.25942	-0.06120	-0.16029	 0.12184	 0.01492	 23.25726	-10.08708	
601	 0.66679	 0.56393	 0.63091	 0.23510	 0.75839	 0.47347	 0.12151	 0.65155	 0.26834	 1.86670	 0.05163	 0.02432	 0.38312	 0.27623	-0.04835	-0.17100	 0.14245	 0.01124	 23.17194	-10.00872	
602	 0.64772	 0.55306	 0.64090	 0.25310	 0.76711	 0.48071	 0.13961	 0.65724	 0.23404	 1.79198	 0.05105	 0.02607	 0.55568	 0.29205	-0.03544	-0.18150	 0.16258	 0.00772	 23.01861	-9.90110	
603	 0.62655	 0.54020	 0.64890	 0.27040	 0.77336	 0.48646	 0.15727	 0.66079	 0.19939	 1.70974	 0.04891	 0.02789	 0.72516	 0.30683	-0.02252	-0.19176	 0.18222	 0.00440	 22.79922	-9.76450	
604	 0.60333	 0.52536	 0.65492	 0.28699	 0.77716	 0.49076	 0.17450	 0.66222	 0.16449	 1.62046	 0.04516	 0.02968	 0.89099	 0.32050	-0.00963	-0.20175	 0.20130	 0.00126	 22.51591	-9.59929	
605	 0.57814	 0.50860	 0.65900	 0.30289	 0.77854	 0.49365	 0.19130	 0.66157	 0.12944	 1.52460	 0.03979	 0.03135	 1.05259	 0.33302	 0.00319	-0.21145	 0.21982	-0.00167	 22.17097	-9.40594	
606	 0.55104	 0.48994	 0.66115	 0.31812	 0.77754	 0.49516	 0.20766	 0.65888	 0.09433	 1.42267	 0.03278	 0.03284	 1.20937	 0.34434	 0.01589	-0.22080	 0.23772	-0.00440	 21.76688	-9.18502	
607	 0.52212	 0.46945	 0.66142	 0.33268	 0.77420	 0.49532	 0.22360	 0.65420	 0.05927	 1.31524	 0.02411	 0.03411	 1.36078	 0.35443	 0.02843	-0.22980	 0.25498	-0.00690	 21.30626	-8.93716	
608	 0.49147	 0.44718	 0.65984	 0.34659	 0.76857	 0.49421	 0.23912	 0.64760	 0.02433	 1.20286	 0.01381	 0.03513	 1.50625	 0.36325	 0.04076	-0.23840	 0.27156	-0.00918	 20.79189	-8.66311	
609	 0.45916	 0.42319	 0.65648	 0.35988	 0.76072	 0.49185	 0.25422	 0.63912	-0.01039	 1.08612	 0.00187	 0.03585	 1.64525	 0.37077	 0.05286	-0.24657	 0.28743	-0.01122	 20.22667	-8.36367	
610	 0.42531	 0.39757	 0.65138	 0.37257	 0.75071	 0.48831	 0.26892	 0.62885	-0.04480	 0.96565	-0.01167	 0.03628	 1.77727	 0.37698	 0.06467	-0.25430	 0.30255	-0.01303	 19.61363	-8.03974	
611	 0.39000	 0.37037	 0.64461	 0.38467	 0.73862	 0.48365	 0.28321	 0.61686	-0.07883	 0.84206	-0.02677	 0.03637	 1.90184	 0.38186	 0.07617	-0.26154	 0.31690	-0.01460	 18.95592	-7.69230	
612	 0.35335	 0.34169	 0.63622	 0.39621	 0.72455	 0.47793	 0.29712	 0.60323	-0.11240	 0.71601	-0.04339	 0.03614	 2.01851	 0.38541	 0.08731	-0.26827	 0.33045	-0.01593	 18.25677	-7.32241	
613	 0.31546	 0.31162	 0.62631	 0.40723	 0.70856	 0.47121	 0.31064	 0.58805	-0.14542	 0.58815	-0.06147	 0.03556	 2.12687	 0.38763	 0.09806	-0.27447	 0.34316	-0.01701	 17.51952	-6.93117	
614	 0.27645	 0.28024	 0.61493	 0.41773	 0.69078	 0.46356	 0.32380	 0.57142	-0.17783	 0.45913	-0.08094	 0.03464	 2.22653	 0.38852	 0.10838	-0.28012	 0.35501	-0.01785	 16.74756	-6.51979	
615	 0.23643	 0.24765	 0.60217	 0.42775	 0.67129	 0.45506	 0.33659	 0.55342	-0.20955	 0.32963	-0.10173	 0.03338	 2.31717	 0.38810	 0.11825	-0.28518	 0.36598	-0.01844	 15.94438	-6.08953	
616	 0.19553	 0.21396	 0.58812	 0.43731	 0.65021	 0.44577	 0.34904	 0.53417	-0.24051	 0.20030	-0.12376	 0.03176	 2.39847	 0.38638	 0.12763	-0.28964	 0.37603	-0.01879	 15.11348	-5.64168	
617	 0.15386	 0.17926	 0.57286	 0.44645	 0.62765	 0.43576	 0.36115	 0.51377	-0.27065	 0.07180	-0.14692	 0.02981	 2.47016	 0.38341	 0.13649	-0.29348	 0.38515	-0.01889	 14.25842	-5.17763	
618	 0.11155	 0.14368	 0.55648	 0.45518	 0.60373	 0.42512	 0.37292	 0.49233	-0.29991	-0.05522	-0.17113	 0.02752	 2.53199	 0.37925	 0.14481	-0.29667	 0.39331	-0.01875	 13.38279	-4.69880	
619	 0.06873	 0.10732	 0.53909	 0.46353	 0.57858	 0.41392	 0.38439	 0.46995	-0.32823	-0.18010	-0.19627	 0.02491	 2.58337	 0.37437	 0.15257	-0.29920	 0.40050	-0.01838	 12.49019	-4.20665	
620	 0.02552	 0.07029	 0.52077	 0.47153	 0.55232	 0.40223	 0.39554	 0.44675	-0.35554	-0.30224	-0.22222	 0.02197	 0.36580	 2.62717	 0.15974	-0.30106	 0.40670	-0.01777	 11.58420	-3.70269	
621	-0.01795	 0.03271	 0.50163	 0.47920	 0.52507	 0.39013	 0.40639	 0.42285	-0.38180	-0.42100	-0.24887	 0.01874	 0.35861	 2.65829	 0.16631	-0.30222	 0.41190	-0.01693	 10.66841	-3.18848	
622	-0.06156	-0.00529	 0.48177	 0.48656	 0.49698	 0.37770	 0.41696	 0.39836	-0.40695	-0.53582	-0.27609	 0.01521	 0.34980	 2.67972	 0.17225	-0.30268	 0.41609	-0.01586	 9.74639	-2.66558	
623	-0.10516	-0.04360	 0.46130	 0.49365	 0.46816	 0.36501	 0.42725	 0.37340	-0.43095	-0.64612	-0.30373	 0.01140	 0.33988	 2.69104	 0.17756	-0.30243	 0.41925	-0.01458	 8.82164	-2.13561	
624	-0.14864	-0.08209	 0.44030	 0.50047	 0.43877	 0.35213	 0.43726	 0.34809	-0.45374	-0.75139	-0.33162	 0.00733	 0.32894	 2.69226	 0.18223	-0.30145	 0.42138	-0.01308	 7.89765	-1.60019	
625	-0.19186	-0.12065	 0.41889	 0.50705	 0.40892	 0.33915	 0.44700	 0.32253	-0.47529	-0.85126	-0.35949	 0.00302	 0.31703	 2.68348	 0.18625	-0.29974	 0.42248	-0.01138	 6.97781	-1.06096	
626	-0.23470	-0.15915	 0.39718	 0.51342	 0.37877	 0.32612	 0.45648	 0.29685	-0.49554	-0.94981	-0.38263	-0.00151	 0.30424	 2.66484	 0.18960	-0.29730	 0.42254	-0.00948	 6.06545	-0.51957	
627	-0.27704	-0.19746	 0.37526	 0.51958	 0.34843	 0.31313	 0.46570	 0.27116	-0.51447	-0.41748	-1.02999	-0.00625	 0.29060	 2.63653	 0.19230	-0.29412	 0.42158	-0.00739	 5.16384	 0.02233	
628	-0.31875	-0.23548	 0.35323	 0.52555	 0.31805	 0.30024	 0.47467	 0.24557	-0.53203	-0.44489	-1.11039	-0.01117	 0.27620	 2.59878	 0.19435	-0.29021	 0.41960	-0.00511	 4.27610	 0.56307	
629	-0.35971	-0.27307	 0.33121	 0.53135	 0.28775	 0.28751	 0.48339	 0.22019	-0.54819	-0.47226	-1.18307	-0.01626	 0.26108	 2.55189	 0.19575	-0.28556	 0.41661	-0.00266	 3.40529	 1.10102	
630	-0.39981	-0.31013	 0.30928	 0.53698	 0.25766	 0.27501	 0.49185	 0.19513	-0.56293	-0.49920	-1.24795	-0.02149	 0.24530	 2.49616	 0.19650	-0.28017	 0.41262	-0.00004	 2.55432	 1.63453	
631	-0.43893	-0.34652	 0.28755	 0.54246	 0.22792	 0.26280	 0.50006	 0.17049	-0.57620	-0.52550	-1.30475	-0.02684	 0.22892	 2.43196	 0.19663	-0.27407	 0.40765	 0.00274	 1.72599	 2.16198	
632	-0.47695	-0.38215	 0.26611	 0.54780	 0.19863	 0.25094	 0.50802	 0.14637	-0.58799	-0.55102	-1.35321	-0.03228	 0.21201	 2.35969	 0.19615	-0.26724	 0.40171	 0.00568	 0.92294	 2.68177	
633	-0.51378	-0.41689	 0.24506	 0.55299	 0.16993	 0.23947	 0.51572	 0.12286	-0.59827	-0.57563	-1.39310	-0.03782	 0.19461	 2.27978	 0.19509	-0.25972	 0.39483	 0.00876	 0.14769	 3.19235	
634	-0.54931	-0.45065	 0.22447	 0.55805	 0.14192	 0.22845	 0.52315	 0.10005	-0.60702	-0.59918	-1.42415	-0.04348	 0.17678	 2.19271	 0.19347	-0.25150	 0.38704	 0.01199	-0.59742	 3.69216	
635	-0.58344	-0.48331	 0.20444	 0.56298	 0.11471	 0.21793	 0.53032	 0.07804	-0.61423	-0.62156	-0.04861	-1.44685	 0.15857	 2.09896	 0.19132	-0.24261	 0.37837	 0.01535	-1.31020	 4.17972	
636	-0.61608	-0.51479	 0.18505	 0.56777	 0.08841	 0.20794	 0.53721	 0.05690	-0.61988	-0.64262	-0.05439	-1.45989	 0.14001	 1.99909	 0.18869	-0.23307	 0.36884	 0.01884	-1.98864	 4.65356	
637	-0.64715	-0.54497	 0.16638	 0.57242	 0.06312	 0.19852	 0.54381	 0.03671	-0.62395	-0.66227	-0.05998	-1.46401	 0.12115	 1.89365	 0.18561	-0.22289	 0.35849	 0.02247	-2.63091	 5.11228	
638	-0.67655	-0.57378	 0.14849	 0.57692	 0.03892	 0.18972	 0.55012	 0.01753	-0.62645	-0.68039	-0.06551	-1.45906	 0.10202	 1.78323	 0.18214	-0.21210	 0.34736	 0.02622	-3.23534	 5.55452	
639	-0.70421	-0.60113	 0.13145	 0.58127	 0.01590	 0.18155	 0.55613	-0.00057	-0.62736	-0.69688	-0.07096	-1.44503	 0.08263	 1.66848	 0.17829	-0.20073	 0.33548	 0.03011	-3.80049	 5.97898	
640	-0.73007	-0.62693	 0.11533	 0.58546	-0.00586	 0.17404	 0.56181	-0.01754	-0.62669	-0.71163	-0.07631	-1.42199	 0.06299	 1.55037	 0.17380	-0.18879	 0.32291	 0.03415	-4.32507	 6.38443	
641	-0.75405	-0.65112	 0.10018	 0.58948	-0.02628	 0.16721	 0.56716	-0.03332	-0.62443	-0.72456	-0.08156	-1.39004	 0.04309	 0.17182	 1.42649	-0.17633	 0.30968	 0.03835	-4.80801	 6.76969	
642	-0.77610	-0.67361	 0.08605	 0.59331	-0.04531	 0.16107	 0.57216	-0.04787	-0.62060	-0.73558	-0.08666	-1.34934	 0.02291	 0.16683	 1.30311	-0.16337	 0.29583	 0.04272	-5.24845	 7.13366	
643	-0.79617	-0.69436	 0.07299	 0.59693	-0.06290	 0.15565	 0.57680	-0.06116	-0.61521	-0.74463	-0.09162	-1.30008	 0.00239	 0.16269	 1.17717	-0.14994	 0.28143	 0.04731	-5.64572	 7.47529	
644	-0.81420	-0.71330	 0.06103	 0.60033	-0.07898	 0.15093	 0.58106	-0.07315	-0.60827	-0.75163	-0.09639	-1.24248	-0.01855	 0.15894	 1.04999	-0.13609	 0.26652	 0.05217	-5.99937	 7.79364	
645	-0.83017	-0.73039	 0.05020	 0.60350	-0.09353	 0.14694	 0.58491	-0.08382	-0.59979	-0.75654	-0.10097	-1.17683	-0.04003	 0.15569	 0.92230	-0.12185	 0.25114	 0.05736	-6.30916	 8.08783	
646	-0.84403	-0.74557	 0.04054	 0.60640	-0.10651	 0.14365	 0.58835	-0.09316	-0.58980	-0.75929	-0.10534	-1.10345	-0.06221	 0.15320	 0.79480	-0.10725	 0.23535	 0.06300	-6.57509	 8.35705	
647	-0.85577	-0.75882	 0.03206	 0.60901	-0.11789	 0.14106	 0.59134	-0.10116	-0.57833	-0.75987	-0.10948	-1.02268	-0.08531	 0.15174	 0.66814	-0.09235	 0.21921	 0.06923	-6.79737	 8.60060	
648	-0.86536	-0.77010	 0.02477	 0.61132	-0.12767	 0.13917	 0.59388	-0.10781	-0.56541	-0.75823	-0.11337	-0.93492	-0.10961	 0.15170	 0.54301	-0.07717	 0.20276	 0.07629	-6.97650	 8.81784	
649	-0.87279	-0.77939	 0.01868	 0.61329	-0.13584	 0.13795	 0.59594	-0.11311	-0.55107	-0.75436	-0.11700	-0.84060	-0.13548	 0.15348	 0.42006	-0.06176	 0.18606	 0.08453	-7.11327	 9.00823	
650	-0.87806	-0.78667	 0.01379	 0.61490	-0.14239	 0.13738	 0.59749	-0.11709	-0.53535	-0.74826	-0.12035	-0.74019	-0.16332	 0.15760	 0.29994	-0.04617	 0.16917	 0.09450	-7.20886	 9.17131	
651	-0.88117	-0.79193	 0.01009	 0.61612	-0.14734	 0.13744	 0.59853	-0.11976	-0.51829	-0.73992	-0.12342	-0.63417	-0.19360	 0.16457	 0.18326	-0.03044	 0.15214	 0.10707	-7.26494	 9.30673	
652	-0.88212	-0.79518	 0.00756	 0.61692	-0.15071	 0.13810	 0.59901	-0.12115	-0.49994	-0.72935	-0.12618	-0.52309	-0.22670	 0.17484	 0.07066	-0.01462	 0.13503	 0.12376	-7.28397	 9.41421	
653	-0.88094	-0.79640	 0.00618	 0.61727	-0.15251	 0.13933	 0.59893	-0.12127	-0.48036	-0.71658	-0.12863	-0.40749	-0.26272	 0.18860	-0.03730	 0.00125	 0.11788	 0.14720	-7.26970	 9.49357	
654	-0.87763	-0.79561	 0.00593	 0.61715	-0.15280	 0.14108	 0.59826	-0.12018	-0.45959	-0.70163	-0.13075	-0.28798	-0.30112	 0.20536	-0.14003	 0.01713	 0.10076	 0.18238	-7.22840	 9.54472	
655	-0.87224	-0.79283	 0.00677	 0.61652	-0.15160	 0.14333	 0.59698	-0.11792	-0.43770	-0.68456	-0.13255	-0.16516	-0.34012	 0.22339	-0.23700	 0.03295	 0.08371	 0.23951	-7.17167	 9.56767	
656	-0.86478	-0.78808	 0.00866	 0.61535	-0.14897	 0.14602	 0.59507	-0.11453	-0.41475	-0.66540	-0.13400	-0.03968	-0.37596	 0.23901	-0.32770	 0.04869	 0.06678	 0.34156	-7.12404	 9.56250	
657	-0.85531	-0.78140	 0.01156	 0.61361	-0.14495	 0.14911	 0.59251	-0.11006	-0.39081	-0.64422	-0.13511	 0.08782	-0.40273	 0.24636	-0.41165	 0.06429	 0.05004	 0.54755	-7.14618	 9.52941	
658	-0.84386	-0.77280	 0.01542	 0.61127	-0.13963	 0.15255	 0.58927	-0.10458	-0.36595	-0.62109	-0.13587	 0.21664	-0.41345	 0.23851	-0.48841	 0.07970	 0.03352	 1.03733	-7.41974	 9.46867	
659	-0.83050	-0.76235	 0.02017	 0.60830	-0.13305	 0.15630	 0.58534	-0.09816	-0.34025	-0.59608	-0.13628	 0.34609	-0.40319	 0.21058	-0.55757	 0.09488	 0.01727	 2.49289	-8.62858	 9.38064	
660	-0.81526	-0.75007	 0.02576	 0.60467	-0.12530	 0.16029	 0.58069	-0.09085	-0.31377	-0.56928	-0.13633	 0.47546	-0.37261	 0.16327	-0.61876	 0.10978	 0.00134	 7.90474	-13.76519	 9.26577	
661	-0.79822	-0.73603	 0.03212	 0.60035	-0.11647	 0.16447	 0.57532	-0.08272	-0.28660	-0.54079	-0.13602	 0.60404	-0.32859	 0.10351	-0.67166	 0.12437	-0.01422	 17.09994	-22.65869	 9.12460	
662	-0.77943	-0.72028	 0.03918	 0.59532	-0.10662	 0.16878	 0.56920	-0.07387	-0.25883	-0.51070	-0.13535	 0.73109	-0.28089	 0.04111	-0.71596	 0.13858	-0.02938	 3.24483	-8.47757	 8.95774	
663	-0.75897	-0.70288	 0.04685	 0.58954	-0.09586	 0.17318	 0.56231	-0.06435	-0.23054	-0.47912	-0.13433	 0.85587	-0.23761	-0.01580	-0.75144	 0.15240	-0.04408	-2.79397	-2.09065	 8.76589	
664	-0.73692	-0.68390	 0.05507	 0.58298	-0.08428	 0.17759	 0.55465	-0.05426	-0.20182	-0.44617	-0.13295	 0.97766	-0.20294	-0.06300	-0.77790	 0.16576	-0.05831	-3.87368	-0.64293	 8.54982	
665	-0.71334	-0.66341	 0.06375	 0.57563	-0.07197	 0.18195	 0.54620	-0.04367	-0.17275	-0.41197	-0.13121	 1.09571	-0.17766	-0.09967	-0.79518	 0.17863	-0.07201	-3.91009	-0.22093	 8.31039	
666	-0.68833	-0.64148	 0.07280	 0.56746	-0.05904	 0.18622	 0.53694	-0.03268	-0.14344	-0.37664	-0.12913	 1.20930	-0.16062	-0.12692	-0.80318	 0.19098	-0.08515	-3.66553	-0.06464	 8.04851	
667	-0.66196	-0.61820	 0.08214	 0.55845	-0.04560	 0.19032	 0.52687	-0.02137	-0.11397	-0.34031	-0.12671	 1.31770	-0.15001	-0.14653	-0.80184	 0.20277	-0.09771	-3.32026	 0.00387	 7.76518	
668	-0.63431	-0.59364	 0.09168	 0.54857	-0.03174	 0.19419	 0.51598	-0.00982	-0.08443	-0.30312	-0.12394	 1.42020	-0.14406	-0.16024	-0.79117	 0.21396	-0.10965	-2.92969	 0.03766	 7.46144	
669	-0.60549	-0.56788	 0.10132	 0.53782	-0.01758	 0.19779	 0.50425	 0.00188	-0.05493	-0.26521	-0.12085	 1.51609	-0.14129	-0.16948	-0.77119	 0.22453	-0.12095	-2.51519	 0.05575	 7.13841	
670	-0.57558	-0.54101	 0.11097	 0.52616	-0.00322	 0.20104	 0.49170	 0.01363	-0.02555	-0.22672	-0.11744	 1.60469	-0.14058	-0.17537	-0.74201	 0.23444	-0.13159	-2.08692	 0.06597	 6.79726	
671	-0.54468	-0.51312	 0.12054	 0.51360	 0.01123	 0.20389	 0.47831	 0.02536	 0.00360	-0.18780	-0.11372	 1.68532	-0.14104	-0.17870	-0.70377	 0.24366	-0.14153	-1.65078	 0.07190	 6.43921	
672	-0.51287	-0.48430	 0.12994	 0.50011	 0.02565	 0.20629	 0.46408	 0.03696	 0.03244	-0.14858	-0.10969	 1.75733	-0.14206	-0.18007	-0.65667	 0.25218	-0.15077	-1.21083	 0.07532	 6.06552	
673	-0.48025	-0.45465	 0.13907	 0.48569	 0.03995	 0.20818	 0.44902	 0.04837	 0.06087	-0.10921	-0.10537	 1.82007	-0.14311	-0.17989	-0.60093	 0.25998	-0.15929	-0.77027	 0.07717	 5.67752	
674	-0.44692	-0.42424	 0.14784	 0.47033	 0.05400	 0.20951	 0.43312	 0.05949	 0.08879	-0.06984	-0.10077	 1.87291	-0.14381	-0.17848	-0.53686	 0.26703	-0.16708	-0.33183	 0.07799	 5.27654	
675	-0.41297	-0.39318	 0.15615	 0.45402	 0.06772	 0.21022	 0.41640	 0.07023	 0.11612	-0.03062	-0.09590	 1.91521	-0.14377	-0.17605	-0.46479	 0.27334	-0.17411	 0.10203	 0.07808	 4.86398	
676	-0.37850	-0.36156	 0.16393	 0.43677	 0.08099	 0.21028	 0.39885	 0.08053	 0.14277	 0.00831	-0.09078	 1.94631	-0.14262	-0.17277	-0.38511	 0.27888	-0.18040	 0.52903	 0.07763	 4.44124	
677	-0.34361	-0.32947	 0.17109	 0.41858	 0.09371	 0.20964	 0.38049	 0.09031	 0.16864	 0.04680	-0.08542	 1.96549	-0.13993	-0.16878	-0.29825	 0.28366	-0.18592	 0.94702	 0.07677	 4.00977	
678	-0.30838	-0.29699	 0.17754	 0.39944	 0.10579	 0.20824	 0.36134	 0.09948	 0.19366	 0.08473	-0.07982	 1.97193	-0.13512	-0.16417	-0.20470	 0.28768	-0.19069	 1.35396	 0.07558	 3.57102	
679	-0.27291	-0.26423	 0.18320	 0.37938	 0.11714	 0.20607	 0.34139	 0.10798	 0.21775	 0.12195	-0.07401	 1.96458	-0.12735	-0.15901	-0.10499	 0.29095	-0.19469	 1.74794	 0.07410	 3.12646	
680	-0.23729	-0.23128	 0.18800	 0.35838	 0.12766	 0.20308	 0.32068	 0.11575	 0.24082	 0.15832	-0.06801	 1.94197	-0.11533	-0.15337	 0.00032	 0.29350	-0.19793	 2.12712	 0.07238	 2.67758	
681	-0.20160	-0.19821	 0.19186	 0.33647	 0.13728	 0.19923	 0.29922	 0.12272	 0.26280	 0.19373	-0.06181	 1.90184	-0.09693	-0.14730	 0.11060	 0.29536	-0.20041	 2.48976	 0.07045	 2.22585	
682	-0.16595	-0.16511	 0.19471	 0.31367	 0.14591	 0.19452	 0.27703	 0.12883	 0.28362	 0.22805	-0.05545	 1.84037	-0.06838	-0.14086	 0.22518	 0.29656	-0.20215	 2.83424	 0.06833	 1.77277	
683	-0.13040	-0.13208	 0.19650	 0.28999	 0.15348	 0.18890	 0.25413	 0.13403	 0.30323	 0.26116	-0.04894	 1.75053	-0.02266	-0.13407	 0.34336	 0.29718	-0.20315	 3.15900	 0.06604	 1.31981	
684	-0.09504	-0.09919	 0.19717	 0.26545	 0.15993	 0.18237	 0.23055	 0.13828	 0.32154	 0.29295	-0.04228	 1.61836	 0.05426	-0.12696	 0.46437	 0.29730	-0.20342	 3.46261	 0.06359	 0.86845	
685	-0.05996	-0.06651	 0.19667	 0.24008	 0.16519	 0.17490	 0.20632	 0.14153	 0.33852	 0.32332	-0.03550	 1.41348	 0.19290	-0.11957	 0.58738	 0.29703	-0.20298	 3.74374	 0.06099	 0.42013	
686	-0.02522	-0.03413	 0.19495	 0.21391	 0.16921	 0.16648	 0.18146	 0.14373	 0.35411	 0.35218	-0.02862	 1.06327	 0.46608	-0.11192	 0.71149	 0.29655	-0.20184	 4.00113	 0.05826	-0.02369	
687	 0.00910	-0.00212	 0.19197	 0.18696	 0.17194	 0.15712	 0.15601	 0.14487	 0.36826	 0.37943	-0.02164	 0.37612	 1.06569	-0.10402	 0.83573	 0.29608	-0.20002	 4.23365	 0.05540	-0.46162	
688	 0.04293	 0.02947	 0.18770	 0.15927	 0.17335	 0.14681	 0.12999	 0.14492	 0.38095	 0.40500	-0.01459	-1.18096	 2.52509	-0.09588	 0.95900	 0.29595	-0.19754	 4.44027	 0.05243	-0.89225	
689	 0.07622	 0.06055	 0.18212	 0.13087	 0.17339	 0.13555	 0.10346	 0.14384	 0.39212	 0.42881	-0.00747	-4.72340	 5.96012	-0.08752	 1.08004	 0.29664	-0.19443	 4.62006	 0.04936	-1.31423	
690	 0.10889	 0.09107	 0.17520	 0.10180	 0.17205	 0.12335	 0.07643	 0.14164	 0.40177	 0.45081	-0.00031	-8.69432	 9.81443	-0.07892	 1.19732	 0.29887	-0.19070	 4.77217	 0.04620	-1.72625	
691	 0.14090	 0.12098	 0.16694	 0.07211	 0.16931	 0.11022	 0.04895	 0.13830	 0.40987	 0.47095	 0.00688	-6.42560	 7.42046	-0.07009	 1.30894	 0.30374	-0.18639	 4.89588	 0.04296	-2.12703	
692	 0.17219	 0.15022	 0.15733	 0.04183	 0.16516	 0.09618	 0.02107	 0.13382	 0.41640	 0.48917	 0.01408	-2.98972	 3.85137	-0.06101	 1.41230	 0.31304	-0.18151	 4.99056	 0.03966	-2.51531	
693	 0.20271	 0.17875	 0.14638	 0.01101	 0.15959	 0.08124	-0.00718	 0.12820	 0.42137	 0.50544	 0.02129	-1.40736	 2.12854	-0.05163	 1.50360	 0.32974	-0.17611	 5.05568	 0.03632	-2.88993	
694	 0.23242	 0.20651	 0.13409	-0.02029	 0.15262	 0.06544	-0.03576	 0.12145	 0.42477	 0.51976	 0.02848	-0.75356	 1.32781	-0.04193	 1.57681	 0.35905	-0.17021	 5.09080	 0.03300	-3.24976	
695	 0.26128	 0.23348	 0.12049	-0.05204	 0.14424	 0.04881	-0.06461	 0.11359	 0.42661	 0.53209	 0.03565	-0.45630	 0.87801	-0.03184	 1.62140	 0.41066	-0.16383	 5.09559	 0.02984	-3.59384	
696	 0.28926	 0.25961	 0.10560	-0.08417	 0.13450	 0.03137	-0.09370	 0.10464	 0.42691	 0.54244	 0.04278	-0.30386	 0.56831	-0.02127	 1.61730	 0.50382	-0.15703	 5.06980	 0.02771	-3.92196	
697	 0.31632	 0.28488	 0.08945	-0.11663	 0.12340	 0.01317	-0.12297	 0.09462	 0.42568	 0.55082	 0.04985	-0.21632	 0.31975	-0.01010	 1.52227	 0.67995	-0.14983	 5.01329	-4.22037	 0.01385	
698	 0.34245	 0.30926	 0.07208	-0.14937	 0.11100	-0.00575	-0.15237	 0.08357	 0.42296	 0.55724	 0.05686	-0.16063	 0.10023	 0.00180	 1.23806	 1.03648	-0.14226	 4.92600	-4.51604	 0.01623	
699	 0.36762	 0.33273	 0.05353	-0.18233	 0.09733	-0.02535	-0.18186	 0.07153	 0.41878	 0.56173	 0.06379	-0.12178	-0.10428	 0.01467	 0.51265	 1.82460	-0.13439	 4.80798	-4.78642	 0.01321	
700	 0.39181	 0.35527	 0.03387	-0.21544	 0.08244	-0.04557	-0.21139	 0.05854	 0.41319	 0.56432	 0.07064	-0.09237	-0.30018	 0.02876	-1.32496	 3.71451	-0.12625	 4.65936	-5.03561	 0.00975	
701	 0.41502	 0.37687	 0.01315	-0.24865	 0.06639	-0.06637	-0.24090	 0.04465	 0.40623	 0.56507	 0.07738	-0.06854	-0.49044	 0.04445	-5.54713	 7.97777	-0.11814	 4.48060	-5.26310	 0.00617	
702	 0.43722	 0.39753	-0.00857	-0.28190	 0.04924	-0.08769	-0.27035	 0.02991	 0.39796	 0.56402	 0.08402	-0.04812	-0.67637	 0.06224	-10.05304	 12.51273	 4.27065	-0.10874	-5.46819	 0.00253	
703	 0.45843	 0.41723	-0.03121	-0.31512	 0.03106	-0.10946	-0.29968	 0.01437	 0.38844	 0.56124	 0.09053	-0.02987	-0.85854	 0.08282	-7.44126	 9.91717	 4.03192	-0.10014	-5.65018	-0.00113	
704	 0.47864	 0.43598	-0.05470	-0.34825	 0.01193	-0.13164	-0.32884	-0.00189	 0.37773	 0.55681	 0.09692	-0.01303	-1.03723	 0.10714	-3.43318	 5.91167	 3.76379	-0.09127	-5.80838	-0.00479	
705	 0.49785	 0.45377	-0.07895	-0.38123	-0.00808	-0.15414	-0.35777	-0.01881	 0.36592	 0.55080	 0.10317	 0.00285	-1.21280	 0.13649	-1.53279	 3.99941	 3.46696	-0.08230	-5.94215	-0.00843	
706	 0.51608	 0.47063	-0.10388	-0.41398	-0.02888	-0.17692	-0.38643	-0.03633	 0.35308	 0.54330	 0.10927	 0.01807	-1.38591	 0.17269	-0.74654	 3.18601	 3.14210	-0.07332	-6.05084	-0.01205	
707	 0.53332	 0.48656	-0.12939	-0.44645	-0.05038	-0.19989	-0.41476	-0.05438	 0.33929	 0.53440	 0.11522	 0.03280	-1.55785	 0.21826	-0.40073	 2.79695	 2.78995	-0.06436	-6.13382	-0.01563	
708	 0.54960	 0.50157	-0.15539	-0.47857	-0.07248	-0.22299	-0.44272	-0.07287	 0.32463	 0.52421	 0.12102	 0.04715	-1.73078	 0.27662	-0.23663	 2.57259	 2.41137	-0.05548	-6.19046	-0.01916	
709	 0.56494	 0.51567	-0.18178	-0.51028	-0.09509	-0.24615	-0.47023	-0.09172	 0.30921	 0.51283	 0.12664	 0.06119	-1.90792	 0.35228	-0.15474	 2.41254	 2.00733	-0.04675	-6.22012	-0.02265	
710	 0.57935	 0.52890	-0.20846	-0.54150	-0.11812	-0.26929	-0.49727	-0.11087	 0.29312	 0.50038	 0.13209	 0.07496	-2.09333	 0.45057	-0.11347	 2.27424	 1.57890	-0.03823	-6.22211	-0.02607	
711	 0.59285	 0.54127	-0.23533	-0.57217	-0.14145	-0.29235	-0.52377	-0.13022	 0.27645	 0.48697	 0.13737	 0.08847	-2.29033	 0.57600	-0.09381	 2.13765	 1.12726	-0.02997	-6.19570	-0.02943	
712	 0.60547	 0.55281	-0.26227	-0.60224	-0.16498	-0.31524	-0.54969	-0.14969	 0.25930	 0.47272	 0.14246	 0.10172	-2.49644	 0.72719	-0.08635	 1.99223	 0.65375	-0.02205	-6.14008	-0.03271	
713	 0.61724	 0.56354	-0.28919	-0.63164	-0.18861	-0.33790	-0.57497	-0.16920	 0.24179	 0.45775	 0.14736	 0.11471	-2.69143	 0.88489	-0.08610	 1.83172	 0.15984	-0.01455	-6.05432	-0.03591	
714	 0.62819	 0.57349	-0.31596	-0.66030	-0.21223	-0.36025	-0.59957	-0.18866	 0.22401	 0.44220	 0.15208	 0.12741	-2.81871	 0.99336	-0.09025	 1.65194	-0.35280	-0.00753	-5.93737	-0.03902	
715	 0.63833	 0.58269	-0.34249	-0.68816	-0.23573	-0.38222	-0.62344	-0.20800	 0.20607	 0.42618	 0.15660	 0.13980	-2.78115	 0.95612	-0.09714	 1.44963	-0.88235	-0.00108	-5.78798	-0.04204	
716	 0.64772	 0.59118	-0.36867	-0.71517	-0.25901	-0.40373	-0.64653	-0.22711	 0.18807	 0.40983	 0.16092	 0.15186	-2.49776	 0.69261	-0.10574	 1.22197	-1.42678	 0.00471	-5.60472	-0.04495	
717	 0.65637	 0.59897	-0.39438	-0.74127	-0.28196	-0.42471	-0.66881	-0.24592	 0.17013	 0.39328	 0.16503	 0.16357	-2.00440	 0.23889	-0.11537	 0.96623	-1.98380	 0.00978	-5.38587	-0.04777	
718	 0.66432	 0.60612	-0.41952	-0.76639	-0.30446	-0.44509	-0.69022	-0.26435	 0.15234	 0.37665	 0.16895	 0.17489	-1.45158	-0.25464	-0.12560	 0.67961	-2.55091	 0.01404	-5.12942	-0.05047	
719	 0.67160	 0.61264	-0.44399	-0.79050	-0.32643	-0.46481	-0.71072	-0.28231	 0.13482	 0.36007	 0.17266	 0.18580	-0.97652	-0.65118	-0.13610	 0.35912	-3.12533	 0.01743	-4.83306	-0.05305	
720	 0.67824	 0.61858	-0.46768	-0.81352	-0.34776	-0.48380	-0.73028	-0.29973	 0.11766	 0.34367	 0.17616	 0.19626	-0.62795	-0.90279	-0.14666	 0.00167	-3.70413	 0.01992	-4.49410	-0.05551	
721	 0.68429	 0.62396	-0.49049	-0.83542	-0.36834	-0.50199	-0.74886	-0.31652	 0.10097	 0.32756	 0.17946	 0.20626	-0.39243	-1.02410	-0.15710	-4.62454	-0.05569	 0.02153	-4.10955	-0.05785	
722	 0.68976	 0.62882	-0.51232	-0.85614	-0.38809	-0.51932	-0.76642	-0.33261	 0.08484	 0.31188	 0.18254	 0.21576	-0.23866	-1.04800	-0.16730	-4.85786	-0.84172	 0.02236	-3.67619	-0.06006	
723	 0.69470	 0.63318	-0.53309	-0.87565	-0.40690	-0.53573	-0.78292	-0.34793	 0.06937	 0.29673	 0.18541	 0.22473	-0.13893	-1.00422	-0.17716	-5.42701	-1.33342	 0.02260	-3.19070	-0.06213	
724	 0.69913	 0.63709	-0.55270	-0.89388	-0.42471	-0.55117	-0.79834	-0.36242	 0.05464	 0.28222	 0.18807	 0.23315	-0.07375	-0.91473	-0.18661	-5.98424	-1.87791	 0.02263	-2.65003	-0.06406	
725	 0.70308	 0.64057	-0.57108	-0.91082	-0.44141	-0.56557	-0.81263	-0.37599	 0.04075	 0.26846	 0.19052	 0.24099	-0.03054	-0.79501	-0.19557	-6.52494	-2.47836	 0.02305	-2.05191	-0.06586	
726	 0.70657	 0.64364	-0.58813	-0.92641	-0.45694	-0.57890	-0.82578	-0.38861	 0.02777	 0.25554	 0.19275	 0.24823	-0.00141	-0.65622	-0.20398	-7.04407	-3.13668	 0.02469	-1.39561	-0.06750	
727	 0.70965	 0.64633	-0.60379	-0.94062	-0.47122	-0.59111	-0.83776	-0.40020	 0.01578	 0.24357	 0.19477	 0.25485	 0.01855	-0.50693	-0.21182	-7.53634	-3.85235	 0.02869	-0.68315	-0.06900	
728	 0.71233	 0.64867	-0.61799	-0.95343	-0.48418	-0.60214	-0.84855	-0.41071	 0.00485	 0.23262	 0.19657	 0.26083	 0.03243	-0.35411	-0.21903	-7.99632	-4.62080	 0.03641	 0.07921	-0.07035	
729	 0.71463	 0.65068	-0.63067	-0.96479	-0.49576	-0.61198	-0.85811	-0.42010	-0.00496	 0.22277	 0.19817	 0.26615	 0.04219	-0.20382	-0.22558	-8.41857	-5.43143	 0.04924	 0.87918	-0.07154	
730	 0.71657	 0.65238	-0.64178	-0.97469	-0.50591	-0.62057	-0.86644	-0.42833	-0.01359	 0.21408	 0.19954	 0.27079	 0.04911	-0.06144	-0.23143	-8.79771	-6.26542	 0.06824	 1.69660	-0.07258	
731	 0.71817	 0.65379	-0.65126	-0.98311	-0.51459	-0.62789	-0.87352	-0.43536	-0.02099	 0.20664	 0.20070	 0.27475	 0.05400	 0.06818	-0.23657	-9.12864	-7.09387	 0.09358	 2.50218	-0.07346	
732	 0.71946	 0.65492	-0.65907	-0.99002	-0.52174	-0.63391	-0.87932	-0.44115	-0.02712	 0.20047	 0.20165	 0.27800	 0.05742	 0.18071	-0.24096	-9.40664	-7.87721	 0.12394	 3.25745	-0.07418	
733	 0.72043	 0.65578	-0.66519	-0.99542	-0.52735	-0.63862	-0.88385	-0.44568	-0.03195	 0.19563	 0.20238	 0.28054	 0.05973	 0.27243	-0.24457	-9.62760	-8.56690	 0.15610	 3.91693	-0.07474	
734	 0.72110	 0.65639	-0.66958	-0.99928	-0.53137	-0.64200	-0.88710	-0.44893	-0.03544	 0.19215	 0.20290	 0.28236	 0.06118	 0.34028	-0.24738	-9.78809	-9.11047	 0.18512	 4.43296	-0.07514	
735	 0.72148	 0.65676	-0.67222	-1.00160	-0.53379	-0.64403	-0.88904	-0.45089	-0.03757	 0.19006	 0.20320	 0.28345	 0.06190	 0.38202	-0.24937	-9.88557	-9.45969	 0.20546	 4.76277	-0.07538	
736	 0.72157	 0.65687	-0.67311	-1.00237	-0.53461	-0.64471	-0.88969	-0.45154	-0.03834	 0.18936	 0.20329	 0.28382	 0.06199	 0.39624	-0.25053	-9.91846	-9.58025	 0.21266	 4.87643	-0.07545	
737	 0.72923	 0.66457	-0.67196	-1.00177	-0.53232	-0.64329	-0.88944	-0.45035	-0.03484	 0.19321	 0.20444	 0.28367	 0.06287	 0.39118	-0.22291	-9.92061	-9.56850	 0.21056	 4.87056	-0.08118	
738	 0.75212	 0.68756	-0.66754	-0.99989	-0.52653	-0.63972	-0.88825	-0.44650	-0.02380	 0.20423	 0.20722	 0.28372	 0.06495	 0.38567	-0.18874	-9.87977	-9.54681	 0.20427	 4.86215	-0.10185	
739	 0.78992	 0.72553	-0.65989	-0.99678	-0.51729	-0.63402	-0.88612	-0.44006	-0.00535	 0.22229	 0.21159	 0.28396	 0.06824	 0.37977	-0.14787	-9.79676	-9.51551	 0.19405	 4.85106	-0.13718	
740	 0.84213	 0.77795	-0.64904	-0.99246	-0.50469	-0.62622	-0.88310	-0.43108	 0.02032	 0.24717	 0.21750	 0.28437	 0.07272	 0.37351	-0.10007	-9.67286	-9.47508	 0.18032	 4.83698	-0.18663	
741	 0.90803	 0.84409	-0.63509	-0.98703	-0.48883	-0.61639	-0.87924	-0.41967	 0.05295	 0.27855	 0.22487	 0.28494	 0.07839	 0.36692	-0.04506	-9.50984	-9.42611	 0.16362	 4.81948	-0.24949	
742	 0.98673	 0.92305	-0.61811	-0.98056	-0.46984	-0.60461	-0.87458	-0.40594	 0.09220	 0.31604	 0.23359	 0.28565	 0.08526	 0.36006	 0.01753	-9.30992	-9.36927	 0.14452	 4.79802	-0.32485	
743	 1.07716	 1.01374	-0.59823	-0.97315	-0.44789	-0.59095	-0.86922	-0.39003	 0.13764	 0.35915	 0.24356	 0.28647	 0.09331	 0.35297	 0.08817	-9.07579	-9.30529	 0.12367	 4.77195	-0.41162	
744	 1.17809	 1.11488	-0.57558	-0.96493	-0.42316	-0.57551	-0.86324	-0.37212	 0.18880	 0.40734	 0.25465	 0.28739	 0.10255	 0.34570	 0.16749	-8.81061	-9.23487	 0.10166	 4.74058	-0.50858	
745	 1.28813	 1.22509	-0.55032	-0.95602	-0.39586	-0.55842	-0.85674	-0.35238	 0.24514	 0.46000	 0.26672	 0.28836	 0.11297	 0.33830	 0.25628	-8.51805	-9.15873	 0.07906	 4.70314	-0.61434	
746	 1.40579	 1.34283	-0.52261	-0.94656	-0.36621	-0.53978	-0.84984	-0.33101	 0.30607	 0.51645	 0.27961	 0.28937	 0.12457	 0.33082	 0.35558	-8.20227	-9.07752	 0.05637	 4.65888	-0.72744	
747	 1.52945	 1.46645	-0.49264	-0.93672	-0.33446	-0.51974	-0.84266	-0.30821	 0.37095	 0.57595	 0.29317	 0.29038	 0.13736	 0.32332	 0.46674	-7.86800	-8.99185	 0.03401	 4.60703	-0.84631	
748	 1.65741	 1.59422	-0.46061	-0.92665	-0.30085	-0.49843	-0.83532	-0.28421	 0.43910	 0.63773	 0.30722	 0.29136	 0.15132	 0.31585	 0.59155	-7.52062	-8.90227	 0.01234	 4.54688	-0.96935	
749	 1.78791	 1.72435	-0.42673	-0.91652	-0.26566	-0.47601	-0.82797	-0.25922	 0.50982	 0.70098	 0.32160	 0.29229	 0.16646	 0.30848	 0.73244	-7.16628	-8.80928	-0.00839	 4.47778	-1.09491	
750	 1.91913	 1.85500	-0.39123	-0.90648	-0.22916	-0.45262	-0.82074	-0.23349	 0.58236	 0.76487	 0.33613	 0.29314	 0.18277	 0.30127	 0.89268	-6.81214	-8.71331	-0.02799	 4.39913	-1.22134	
751	 2.04927	 1.98432	-0.35434	-0.89672	-0.19163	-0.42842	-0.81378	-0.20722	 0.65599	 0.82854	 0.35063	 0.29388	 0.20026	 0.29429	 1.07685	-6.46670	-8.61476	-0.04633	 4.31048	-1.34701	
752	 2.17649	 2.11046	-0.31630	-0.88739	-0.15335	-0.40358	-0.80723	-0.18067	 0.72993	 0.89114	 0.36494	 0.29449	 0.21891	 0.28761	 1.29147	-6.14047	-8.51397	-0.06334	 4.21145	-1.47033	
753	 2.29901	 2.23161	-0.27736	-0.87866	-0.11461	-0.37824	-0.80123	-0.15404	 0.80346	 0.95182	 0.37889	 0.29495	 0.23873	 0.28129	 1.54612	-5.84701	-8.41125	-0.07899	 4.10182	-1.58976	
754	 2.41511	 2.34601	-0.23774	-0.87068	-0.07568	-0.35258	-0.79593	-0.12756	 0.87582	 1.00974	 0.39232	 0.29525	 0.25970	 0.27541	 1.85540	-5.60483	-8.30685	-0.09330	 3.98147	-1.70387	
755	 2.52312	 2.45200	-0.19771	-0.86358	-0.03685	-0.32675	-0.79143	-0.10143	 0.94629	 1.06410	 0.40509	 0.29537	 0.28181	 0.27005	 2.24260	-5.44109	-8.20099	-0.10629	 3.85046	-1.81129	
756	 2.62150	 2.54801	-0.15749	-0.85751	 0.00163	-0.30089	-0.78788	-0.07586	 1.01419	 1.11414	 0.41705	 0.29531	 0.30506	 0.26527	 2.74725	-5.39902	-8.09385	-0.11803	 3.70895	-1.91079	
757	 2.70881	 2.63259	-0.11733	-0.85257	 0.03950	-0.27516	-0.78536	-0.05104	 1.07886	 1.15915	 0.42807	 0.29505	 0.32943	 0.26115	 3.44200	-5.55482	-7.98556	-0.12858	 3.55728	-2.00126	
758	 2.78376	 2.70445	-0.07745	-0.84887	 0.07651	-0.24970	-0.78397	-0.02713	 1.13970	 1.19846	 0.43805	 0.29459	 0.35490	 0.25776	 4.47611	-6.06112	-7.87623	-0.13803	 3.39589	-2.08171	
759	 2.84523	 2.76244	-0.03807	-0.84649	 0.11243	-0.22464	-0.78379	-0.00430	 1.19615	 1.23150	 0.44689	 0.29393	 0.38145	 0.25518	 6.21164	-7.28312	-7.76588	-0.14644	 3.22537	-2.15130	
760	 2.89225	 2.80563	 0.00059	-0.84549	 0.14704	-0.20009	-0.78487	 0.01731	 1.24772	 1.25777	 0.45449	 0.29308	 0.40904	 0.25348	 9.80640	-10.38151	-7.65453	-0.15390	 3.04642	-2.20933	
761	 2.92406	 2.83325	 0.03835	-0.84590	 0.18016	-0.17618	-0.78724	 0.03757	 1.29398	 1.27683	 0.46081	 0.29203	 0.43764	 0.25272	 21.85686	-21.95537	-7.54211	-0.16050	 2.85986	-2.25527	
762	 2.94009	 2.84473	 0.07502	-0.84776	 0.21159	-0.15300	-0.79093	 0.05637	 1.33458	 1.28837	 0.46579	 0.29079	 0.46721	 0.25296	 56.09812	-55.74212	-7.42852	-0.16631	 2.66661	-2.28871	
763	 2.93998	 2.83974	 0.11044	-0.85105	 0.24119	-0.13063	-0.79593	 0.07362	 1.36923	 1.29215	 0.46941	 0.28938	 0.49771	 0.25426	 15.08753	-14.30113	-7.31360	-0.17141	 2.46767	-2.30944	
764	 2.92358	 2.81815	 0.14447	-0.85574	 0.26882	-0.10916	-0.80220	 0.08924	 1.39773	 1.28806	 0.47165	 0.28779	 0.52909	 0.25666	 9.08417	-7.89317	-7.19716	-0.17585	 2.26411	-2.31735	
765	 2.89097	 2.78006	 0.17696	-0.86178	 0.29435	-0.08865	-0.80969	 0.10317	 1.41995	 1.27606	 0.47253	 0.28605	 0.56128	 0.26020	 6.95068	-5.38228	-7.07893	-0.17970	 2.05706	-2.31250	
766	 2.84242	 2.72576	 0.20781	-0.86911	 0.31769	-0.06914	-0.81834	 0.11538	 1.43586	 1.25624	 0.47206	 0.28417	 0.59424	 0.26492	 5.94887	-4.03132	-6.95863	-0.18302	 1.84771	-2.29510	
767	 2.77844	 2.65581	 0.23693	-0.87763	 0.33878	-0.05068	-0.82803	 0.12584	 1.44549	 1.22879	 0.47031	 0.28217	 0.62788	 0.27083	 5.41642	-3.17874	-6.83593	-0.18584	 1.63726	-2.26549	
768	 2.69974	 2.57092	 0.26423	-0.88721	 0.35755	-0.03328	-0.83865	 0.13455	 1.44896	 1.19401	 0.46733	 0.28008	 0.66214	 0.27793	 5.11439	-2.58603	-6.71045	-0.18821	 1.42693	-2.22414	
769	 2.60721	 2.47205	 0.28966	-0.89773	 0.37398	-0.01696	-0.85007	 0.14153	 1.44649	 1.15228	 0.46320	 0.27790	 0.69694	 0.28622	 4.93584	-2.14642	-6.58180	-0.19015	 1.21794	-2.17164	
770	 2.50195	 2.36032	 0.31318	-0.90903	 0.38807	-0.00172	-0.86212	 0.14680	 1.43834	 1.10411	 0.45803	 0.27568	 0.73220	 0.29568	 4.82603	-1.80505	-6.44956	-0.19169	 1.01152	-2.10870	
771	 2.38524	 2.23704	 0.33475	-0.92094	 0.39982	 0.01245	-0.87465	 0.15041	 1.42487	 1.05006	 0.45192	 0.27345	 0.76783	 0.30627	 4.75433	-1.53093	-6.31330	-0.19284	 0.80883	-2.03613	
772	 2.25848	 2.10365	 0.35439	-0.93327	 0.40926	 0.02557	-0.88747	 0.15243	 1.40648	 0.99080	 0.44502	 0.27124	 0.80377	 0.31794	 4.70253	-1.30525	-6.17258	-0.19360	 0.61102	-1.95483	
773	 2.12326	 1.96177	 0.37207	-0.94584	 0.41644	 0.03767	-0.90039	 0.15294	 1.38366	 0.92706	 0.43745	 0.26909	 0.83991	 0.33060	 4.65943	-1.11601	-6.02695	-0.19398	 0.41919	-1.86580	
774	 1.98124	 1.81311	 0.38783	-0.95843	 0.42144	 0.04877	-0.91321	 0.15201	 1.35692	 0.85965	 0.42937	 0.26704	 0.87618	 0.34417	 4.61799	-0.95521	-5.87599	-0.19395	 0.23436	-1.77008	
775	 1.83422	 1.65948	 0.40169	-0.97085	 0.42433	 0.05893	-0.92572	 0.14977	 1.32685	 0.78942	 0.42095	 0.26516	 0.91249	 0.35854	 4.57384	-0.81738	-5.71925	-0.19352	 0.05748	-1.66880	
776	 1.68404	 1.50275	 0.41369	-0.98287	 0.42520	 0.06817	-0.93773	 0.14632	 1.29406	 0.71726	 0.41234	 0.26348	 0.94877	 0.37357	 4.52436	-0.69867	-5.55633	-0.19265	-0.11056	-1.56311	
777	 1.53260	 1.34487	 0.42387	-0.99429	 0.42416	 0.07654	-0.94902	 0.14177	 1.25918	 0.64411	 0.40372	 0.26208	 0.98494	 0.38911	 4.46808	-0.59636	-5.38682	-0.19132	-0.26897	-1.45421	
778	 1.38185	 1.18779	 0.43228	-1.00490	 0.42133	 0.08410	-0.95941	 0.13627	 1.22288	 0.57090	 0.39527	 0.26100	 1.02092	 0.40497	 4.40440	-0.50852	-5.21033	-0.18949	-0.41707	-1.34331	
779	 1.23370	 1.03344	 0.43898	-1.01450	 0.41683	 0.09088	-0.96869	 0.12995	 1.18581	 0.49858	 0.38716	 0.26032	 1.05664	 0.42095	 4.33326	-0.43380	-5.02650	-0.18715	-0.55426	-1.23162	
780	 1.09006	 0.88375	 0.44402	-1.02289	 0.41079	 0.09693	-0.97670	 0.12294	 1.14865	 0.42809	 0.37956	 0.26010	 1.09203	 0.43681	 4.25502	-0.37130	-4.83494	-0.18424	-0.68005	-1.12036	
781	 0.95279	 0.74059	 0.44746	-1.02989	 0.40333	 0.10228	-0.98327	 0.11537	 1.11205	 0.36036	 0.37263	 0.26042	 1.12703	 0.45230	 4.17034	-0.32051	-4.63527	-0.18074	-0.79405	-1.01072	
782	 0.82367	 0.60573	 0.44937	-1.03534	 0.39459	 0.10697	-0.98824	 0.10738	 1.07665	 0.29626	 0.36653	 0.26134	 1.16155	 0.46710	 4.08005	-0.28124	-4.42706	-0.17661	-0.89597	-0.90384	
783	 0.70437	 0.48087	 0.44978	-1.03909	 0.38470	 0.11103	-0.99147	 0.09911	 1.04305	 0.23664	 0.36140	 0.26293	 1.19551	 0.48089	 3.98514	-0.25367	-4.20978	-0.17181	-0.98564	-0.80083	
784	 0.59648	 0.36755	 0.44875	-1.04100	 0.37376	 0.11447	-0.99286	 0.09066	 1.01182	 0.18228	 0.35737	 0.26527	 1.22881	 0.49329	 3.88667	-0.23836	-3.98272	-0.16633	-1.06298	-0.70275	
785	 0.50140	 0.26721	 0.44633	-1.04098	 0.36192	 0.11731	-0.99231	 0.08217	 0.98347	 0.13389	 0.35456	 0.26842	 1.26134	 0.50387	 3.78577	-0.23646	-3.74476	-0.16013	-1.12801	-0.61058	
786	 0.42040	 0.18108	 0.44256	-1.03893	 0.34926	 0.11955	-0.98974	 0.07372	 0.95847	 0.09211	 0.35306	 0.27245	 1.29292	 0.51217	 3.68359	-0.25002	-3.49407	-0.15319	-1.18084	-0.52522	
787	 0.35458	 0.11025	 0.43747	-1.03479	 0.33589	 0.12117	-0.98510	 0.06540	 0.93720	 0.05748	 0.35294	 0.27741	 1.32333	 0.51764	 3.58137	-0.28245	-3.22758	-0.14550	-1.22168	-0.44748	
788	 0.30484	 0.05560	 0.43107	-1.02854	 0.32189	 0.12217	-0.97837	 0.05729	 0.91997	 0.03043	 0.35426	 0.28336	 1.35229	 0.51965	 3.48036	-0.33890	-2.94065	-0.13706	-1.25083	-0.37808	
789	 0.27188	 0.01780	 0.42339	-1.02016	 0.30734	 0.12252	-0.96955	 0.04944	 0.90703	 0.01132	 0.35706	 0.29035	 1.37939	 0.51752	 3.38192	-0.42548	-2.62777	-0.12786	-1.26864	-0.31765	
790	 0.25619	-0.00269	 0.41444	-1.00967	 0.29229	 0.12217	-0.95864	 0.04189	 0.89853	 0.00037	 0.36132	 0.29841	 1.40411	 0.51043	 3.28754	-0.54581	-2.28601	-0.11792	-1.27555	-0.26668	
791	 0.25804	-0.00560	 0.40420	-0.99711	 0.27678	 0.12109	-0.94571	 0.03466	 0.89451	-0.00231	 0.36705	 0.30759	 1.42575	 0.49743	 3.19886	-0.69514	-1.92091	-0.10727	-1.27208	-0.22557	
792	 0.27748	 0.00908	 0.39267	-0.98257	 0.26084	 0.11922	-0.93081	 0.02775	 0.89494	 0.00327	 0.37418	 0.31789	 1.44343	 0.47742	 3.11779	-0.85665	-1.55015	-0.09592	-1.25876	-0.19462	
793	 0.31436	 0.04116	 0.37984	-0.96615	 0.24447	 0.11648	-0.91403	 0.02113	 0.89969	 0.01698	 0.38266	 0.32935	 1.45602	 0.44914	 3.04650	-1.00611	-1.19887	-0.08393	-1.23622	-0.17397	
794	 0.36828	 0.09022	 0.36566	-0.94795	 0.22767	 0.11282	-0.89550	 0.01478	 0.90849	 0.03856	 0.39240	 0.34196	 1.46215	 0.41106	 2.98755	-1.12250	-0.88903	-0.07133	-1.20508	-0.16370	
795	 0.43865	 0.15565	 0.35012	-0.92814	 0.21042	 0.10815	-0.87534	 0.00863	 0.92102	 0.06763	 0.40327	 0.35571	 1.46023	 0.36146	 2.94387	-1.19552	-0.63188	-0.05820	-1.16604	-0.16373	
796	 0.52465	 0.23662	 0.33316	-0.90689	 0.19268	 0.10239	-0.85371	 0.00261	 0.93684	 0.10370	 0.41515	 0.37059	 1.44845	 0.29833	 2.91876	-1.22563	-0.42792	-0.04460	-1.11978	-0.17390	
797	 0.62530	 0.33210	 0.31474	-0.88438	 0.17440	 0.09546	-0.83079	-0.00337	 0.95539	 0.14616	 0.42788	 0.38658	 1.42494	 0.21950	 2.91571	-1.21980	-0.27112	-0.03060	-1.06704	-0.19391	
798	 0.73941	 0.44092	 0.29482	-0.86083	 0.15552	 0.08725	-0.80676	-0.00940	 0.97604	 0.19429	 0.44128	 0.40364	 1.38788	 0.12278	 2.93812	-1.18724	-0.15315	-0.01629	-1.00854	-0.22340	
799	 0.86563	 0.56170	 0.27334	-0.83647	 0.13596	 0.07770	-0.78182	-0.01560	 0.99807	 0.24726	 0.45517	 0.42171	 1.33573	 0.00642	 2.98862	-1.13689	-0.06593	-0.00176	-0.94502	-0.26188	
800	 1.00248	 0.69296	 0.25025	-0.81153	 0.11564	 0.06671	-0.75621	-0.02210	 1.02067	 0.30417	 0.46934	 0.44074	 1.26749	-0.12992	 3.06791	-1.07635	-0.00261	 0.01290	-0.87721	-0.30879	
801	 1.14834	 0.83308	 0.22549	-0.78627	 0.09449	 0.05419	-0.73014	-0.02901	 1.04296	 0.36402	 0.48358	 0.46066	 1.18288	-0.28351	 3.17291	-1.01168	 0.04221	 0.02758	-0.80584	-0.36348	
802	 1.30148	 0.98035	 0.19902	-0.76093	 0.07240	 0.04007	-0.70385	-0.03648	 1.06401	 0.42574	 0.49767	 0.48136	 1.08247	-0.44611	 3.29416	-0.94758	 0.07264	 0.04218	-0.73162	-0.42522	
803	 1.46010	 1.13298	 0.17080	-0.73579	 0.04929	 0.02428	-0.67758	-0.04462	 1.08282	 0.48823	 0.51138	 0.50274	 0.96767	-0.60186	 3.41390	-0.88760	 0.09180	 0.05659	-0.65524	-0.49324	
804	 1.62234	 1.28915	 0.14078	-0.71111	 0.02507	 0.00676	-0.65158	-0.05358	 1.09835	 0.55031	 0.52448	 0.52466	 0.84051	-0.72861	 3.50742	-0.83438	 0.10202	 0.07070	-0.57739	-0.56669	
805	 1.78631	 1.44698	 0.10894	-0.68714	-0.00036	-0.01254	-0.62608	-0.06347	 1.10956	 0.61080	 0.53675	 0.54694	 0.70331	-0.80537	 3.55105	-0.78987	 0.10507	 0.08441	-0.49872	-0.64469	
806	 1.95012	 1.60464	 0.07527	-0.66414	-0.02707	-0.03366	-0.60134	-0.07442	 1.11539	 0.66851	 0.54795	 0.56938	 0.55839	-0.82331	 3.53345	-0.75544	 0.10231	 0.09761	-0.41984	-0.72632	
807	 2.11190	 1.76030	 0.03974	-0.64235	-0.05513	-0.05663	-0.57758	-0.08654	 1.11476	 0.72225	 0.55786	 0.59165	 0.40769	-0.79044	 3.46059	-0.73201	 0.09478	 0.11019	-0.34134	-0.81064	
808	 2.26982	 1.91219	 0.00239	-0.62201	-0.08460	-0.08144	-0.55501	-0.09992	 1.10666	 0.77086	 0.56626	 0.61333	 0.25275	-0.72542	 3.34982	-0.72010	 0.08333	 0.12205	-0.26379	-0.89668	
809	 2.42214	 2.05863	-0.03678	-0.60333	-0.11554	-0.10809	-0.53387	-0.11466	 1.09008	 0.81322	 0.57296	 0.63376	 0.09472	-0.64756	 3.21984	-0.71994	 0.06861	 0.13310	-0.18769	-0.98349	
810	 2.56719	 2.19803	-0.07772	-0.58651	-0.14798	-0.13654	-0.51432	-0.13082	 1.06409	 0.84826	 0.57775	 0.65183	-0.06529	-0.57077	 3.08456	-0.73145	 0.05118	 0.14323	-0.11354	-1.07009	
811	 2.70346	 2.32894	-0.12036	-0.57173	-0.18193	-0.16674	-0.49656	-0.14845	 1.02782	 0.87501	 0.58047	 0.66558	-0.22561	-0.50271	 2.95211	-0.75435	 0.03148	 0.15238	-0.04177	-1.15554	
812	 2.82955	 2.45005	-0.16463	-0.55914	-0.21739	-0.19862	-0.48072	-0.16760	 0.98048	 0.89257	 0.58094	 0.67107	-0.38275	-0.44641	 2.82622	-0.78810	 0.00992	 0.16045	 0.02722	-1.23891	
813	 2.94424	 2.56022	-0.21042	-0.54886	-0.25433	-0.23210	-0.46695	-0.18828	 0.92140	 0.90016	 0.57902	 0.65959	-0.52838	-0.40209	 2.70798	-0.83202	-0.01318	 0.16737	 0.09306	-1.31931	
814	 3.04648	 2.65850	-0.25761	-0.54099	-0.29273	-0.26705	-0.45534	-0.21048	 0.85000	 0.89712	 0.57458	 0.60893	-0.64057	-0.36862	 2.59709	-0.88524	-0.03750	 0.17307	 0.15545	-1.39587	
815	 3.13540	 2.74411	-0.30604	-0.53559	-0.33250	-0.30333	-0.44597	-0.23420	 0.76586	 0.88293	 0.56753	 0.45556	-0.65582	-0.34436	 2.49266	-0.94679	-0.06277	 0.17751	 0.21410	-1.46779	
816	 3.21037	 2.81649	-0.35557	-0.53271	-0.37357	-0.34080	-0.43888	-0.25939	 0.66867	 0.85722	 0.55779	 0.02911	-0.40361	-0.32756	 2.39364	-1.01555	-0.08874	 0.18063	 0.26878	-1.53429	
817	 3.27094	 2.87531	-0.40598	-0.53234	-0.41583	-0.37927	-0.43408	-0.28598	 0.55827	 0.81975	 0.54530	-0.75801	 0.20408	-0.31661	 2.29897	-1.09033	-0.11518	 0.18239	 0.31930	-1.59468	
818	 3.31690	 2.92042	-0.45708	-0.53445	-0.45915	-0.41855	-0.43158	-0.31391	 0.43467	 0.77047	 0.53003	-1.34698	 0.60909	-0.31013	 2.20772	-1.16988	-0.14186	 0.18277	 0.36551	-1.64832	
819	 3.34824	 2.95191	-0.50864	-0.53899	-0.50338	-0.45842	-0.43131	-0.34306	 0.29801	 0.70949	 0.51199	-1.68914	 0.76356	-0.30697	 2.11910	-1.25289	-0.16858	 0.18173	 0.40730	-1.69463	
820	 3.36520	 2.97009	-0.56041	-0.54586	-0.54834	-0.49865	-0.43320	-0.37332	 0.14861	 0.63709	 0.49119	-1.95901	 0.84304	-0.30617	 2.03245	-1.33803	-0.19513	 0.17926	 0.44459	-1.73312	
821	 3.36820	 2.97547	-0.61212	-0.55494	-0.59385	-0.53900	-0.43715	-0.40457	-0.01306	 0.55371	 0.46771	-2.20171	 0.89375	-0.30698	 1.94726	-1.42396	-0.22133	 0.17536	 0.47736	-1.76337	
822	 3.35789	 2.96875	-0.66349	-0.56606	-0.63969	-0.57919	-0.44302	-0.43664	-0.18637	 0.45995	 0.44161	-2.43055	 0.93028	-0.30882	 1.86313	-1.50938	-0.24698	 0.17003	 0.50561	-1.78502	
823	 3.33512	 2.95085	-0.71425	-0.57904	-0.68564	-0.61897	-0.45066	-0.46937	-0.37052	 0.35660	 0.41302	-2.65028	 0.95868	-0.31122	 1.77973	-1.59300	-0.27191	 0.16327	 0.52935	-1.79782	
824	 3.30092	 2.92285	-0.76408	-0.59368	-0.73147	-0.65806	-0.45987	-0.50258	-0.56459	 0.24457	 0.38208	-2.86232	 0.98174	-0.31381	 1.69687	-1.67359	-0.29593	 0.15511	 0.54867	-1.80158	
825	 3.25648	 2.88596	-0.81270	-0.60975	-0.77692	-0.69618	-0.47046	-0.53609	-0.76749	 0.12491	 0.34896	-3.06665	 1.00086	-0.31635	 1.61440	-1.75000	-0.31889	 0.14556	 0.56364	-1.79620	
826	 3.20315	 2.84158	-0.85978	-0.62697	-0.82172	-0.73304	-0.48220	-0.56968	-0.97802	-0.00119	 0.31386	-3.26258	 1.01674	-0.31863	 1.53223	-1.82114	-0.34063	 0.13465	 0.57439	-1.78165	
827	 3.14241	 2.79118	-0.90502	-0.64509	-0.86561	-0.76836	-0.49484	-0.60316	-1.19484	-0.13243	 0.27702	-3.44911	 1.02978	-0.32052	 1.45033	-1.88602	-0.36099	 0.12241	 0.58104	-1.75798	
828	 3.07584	 2.73635	-0.94813	-0.66382	-0.90832	-0.80187	-0.50814	-0.63630	-1.41652	-0.26743	 0.23869	-3.62509	 1.04018	-0.32193	 1.36871	-1.94377	-0.37982	 0.10888	 0.58375	-1.72533	
829	 3.00509	 2.67874	-0.98880	-0.68285	-0.94958	-0.83330	-0.52183	-0.66890	-1.64154	-0.40475	 0.19913	-3.78935	 1.04805	-0.32283	 1.28743	-1.99361	-0.39699	 0.09409	 0.58268	-1.68389	
830	 2.93189	 2.62004	-1.02675	-0.70187	-0.98910	-0.86239	-0.53564	-0.70072	-1.86827	-0.54286	 0.15866	-3.94072	 1.05345	-0.32319	 1.20655	-2.03488	-0.41238	 0.07809	 0.57799	-1.63392	
831	 2.85797	 2.56195	-1.06172	-0.72059	-1.02663	-0.88890	-0.54930	-0.73155	-2.09504	-0.68025	 0.11759	-4.07812	 1.05642	-0.32303	 1.12619	-2.06704	-0.42586	 0.06091	 0.56986	-1.57574	
832	 2.78509	 2.50616	-1.09344	-0.73869	-1.06190	-0.91261	-0.56254	-0.76118	-2.32014	-0.81539	 0.07624	-4.20055	 1.05697	-0.32240	 1.04646	-2.08967	-0.43732	 0.04260	 0.55845	-1.50970	
833	 2.71497	 2.45433	-1.12168	-0.75586	-1.09466	-0.93330	-0.57509	-0.78939	-2.54182	-0.94676	 0.03496	-4.30713	 1.05511	-0.32133	 0.96749	-2.10247	-0.44668	 0.02320	 0.54390	-1.43622	
834	 2.64926	 2.40803	-1.14624	-0.77180	-1.12468	-0.95080	-0.58670	-0.81599	-2.75832	-1.07289	-0.00591	-4.39712	 1.05086	-0.31991	 0.88944	-2.10524	-0.45385	 0.00276	 0.52632	-1.35572	
835	 2.58956	 2.36876	-1.16693	-0.78624	-1.15175	-0.96495	-0.59713	-0.84078	-2.96790	-1.19239	-0.04600	-4.46994	 1.04423	-0.31820	 0.81245	-2.09791	-0.45876	-0.01869	 0.50580	-1.26862	
836	 2.53734	 2.33787	-1.18360	-0.79889	-1.17566	-0.97563	-0.60613	-0.86360	-3.16884	-1.30396	-0.08497	-4.52514	 1.03525	-0.31631	 0.73668	-2.08050	-0.46136	-0.04110	 0.48233	-1.17533	
837	 2.49394	 2.31660	-1.19612	-0.80951	-1.19624	-0.98274	-0.61349	-0.88427	-3.35947	-1.40640	-0.12248	-4.56247	 1.02394	-0.31432	 0.66229	-2.05313	-0.46162	-0.06443	 0.45583	-1.07619	
838	 2.46057	 2.30601	-1.20439	-0.81786	-1.21334	-0.98620	-0.61903	-0.90268	-3.53820	-1.49865	-0.15818	-4.58182	 1.01034	-0.31232	 0.58943	-2.01601	-0.45952	-0.08865	 0.42603	-0.97142	
839	 2.43823	 2.30698	-1.20837	-0.82374	-1.22685	-0.98599	-0.62257	-0.91869	-3.70350	-1.57980	-0.19176	-4.58328	 0.99448	-0.31043	 0.51824	-1.96943	-0.45505	-0.11372	 0.39245	-0.86102	
840	 2.42777	 2.32018	-1.20802	-0.82698	-1.23666	-0.98209	-0.62397	-0.93221	-3.85398	-1.64911	-0.22292	-4.56708	 0.97640	-0.30872	 0.44889	-1.91375	-0.44825	-0.13961	 0.35416	-0.74459	
841	 2.42978	 2.34606	-1.20336	-0.82743	-1.24271	-0.97455	-0.62310	-0.94316	-3.98834	-1.70600	-0.25139	-4.53364	 0.95617	-0.30731	 0.38149	-1.84938	-0.43915	-0.16628	 0.30948	-0.62099	
842	 2.44468	 2.38487	-1.19443	-0.82497	-1.24497	-0.96343	-0.61987	-0.95151	-4.10545	-1.75010	-0.27690	-4.48351	 0.93384	-0.30627	 0.31617	-1.77679	-0.42782	-0.19370	 0.25523	-0.48760	
843	 2.47264	 2.43661	-1.18132	-0.81953	-1.24346	-0.94882	-0.61422	-0.95723	-4.20432	-1.78123	-0.29925	-4.41740	 0.90947	-0.30569	 0.25305	-1.69648	-0.41436	-0.22185	 0.18490	-0.33846	
844	 2.51358	 2.50102	-1.16414	-0.81105	-1.23819	-0.93086	-0.60612	-0.96033	-4.28414	-1.79938	-0.31825	-4.33617	 0.88313	-0.30565	 0.19222	-1.60900	-0.39890	-0.25068	 0.08316	-0.15881	
845	 2.56719	 2.57764	-1.14304	-0.79954	-1.22924	-0.90971	-0.59557	-0.96084	-4.34429	-1.80478	-0.33375	-4.24076	 0.85490	-0.30622	 0.13376	-1.51490	-0.38158	-0.28018	-0.09558	 0.09639	
846	 2.63294	 2.66573	-1.11821	-0.78501	-1.21671	-0.88555	-0.58259	-0.95883	-4.38435	-1.79782	-0.34563	-4.13225	 0.82485	-0.30744	 0.07775	-1.41473	-0.36259	-0.31031	-0.57172	 0.64698	
847	 2.71004	 2.76436	-1.08986	-0.76754	-1.20073	-0.85861	-0.56724	-0.95437	-4.40408	-1.77909	-0.35384	-4.01180	 0.79307	-0.30938	 0.02423	-1.30906	-0.34216	-0.34104	-8.06048	 8.20766	
848	 2.79748	 2.87235	-1.05824	-0.74721	-1.18146	-0.82912	-0.54961	-0.94759	-4.40351	-1.74937	-0.35834	-3.88062	 0.75965	-0.31205	-0.02675	-1.19844	-0.32055	-0.37233	-1.07170	 1.28776	
849	 2.89405	 2.98831	-1.02361	-0.72417	-1.15909	-0.79735	-0.52982	-0.93862	-4.38282	-1.70957	-0.35914	-3.73998	 0.72468	-0.31549	-0.07520	-1.08341	-0.29807	-0.40414	-0.48527	 0.76669	
850	 2.99833	 3.11068	-0.98627	-0.69858	-1.13383	-0.76358	-0.50802	-0.92761	-4.34248	-1.66078	-0.35629	-3.59121	 0.68827	-0.31971	-0.12111	-0.96446	-0.27506	-0.43645	-0.23656	 0.57936	
851	 3.10871	 3.23771	-0.94652	-0.67064	-1.10594	-0.72812	-0.48437	-0.91474	-4.28312	-1.60421	-0.34989	-3.43562	 0.65053	-0.32469	-0.16451	-0.84207	-0.25190	-0.46920	-0.07457	 0.47434	
852	 3.22343	 3.36751	-0.90472	-0.64058	-1.07565	-0.69128	-0.45909	-0.90019	-4.20561	-1.54119	-0.34005	-3.27453	 0.61156	-0.33042	-0.20544	-0.71668	-0.22901	-0.50234	 0.04997	 0.40200	
853	 3.34059	 3.49806	-0.86119	-0.60866	-1.04326	-0.65339	-0.43238	-0.88419	-4.11102	-1.47313	-0.32694	-3.10925	 0.57148	-0.33687	-0.24398	-0.58871	-0.20682	-0.53582	 0.15318	 0.34586	
854	 3.45819	 3.62725	-0.81629	-0.57515	-1.00906	-0.61476	-0.40450	-0.86693	-4.00060	-1.40151	-0.31076	-2.94104	 0.53041	-0.34400	-0.28021	-0.45859	-0.18574	-0.56959	 0.24183	 0.29887	
855	 3.57415	 3.75292	-0.77040	-0.54035	-0.97334	-0.57574	-0.37570	-0.84865	-3.87580	-1.32784	-0.29172	-2.77112	 0.48847	-0.35174	-0.31426	-0.32678	-0.16611	-0.60358	 0.31922	 0.25747	
856	 3.68633	 3.87286	-0.72388	-0.50458	-0.93642	-0.53665	-0.34625	-0.82957	-3.73820	-1.25368	-0.27008	-2.60067	 0.44580	-0.36003	-0.34628	-0.19389	-0.14810	-0.63772	 0.38717	 0.21963	
857	 3.79259	 3.98488	-0.67709	-0.46817	-0.89862	-0.49781	-0.31644	-0.80991	-3.58952	-1.18054	-0.24612	-2.43077	 0.40252	-0.36879	-0.37646	-0.06081	-0.13157	-0.67195	 0.44678	 0.18412	
858	 3.89080	 4.08681	-0.63040	-0.43146	-0.86024	-0.45956	-0.28657	-0.78991	-3.43161	-1.10993	-0.22011	-2.26245	 0.35876	-0.37794	-0.40502	 0.07121	-0.11592	-0.70618	 0.49880	 0.15009	
859	 3.97889	 4.17656	-0.58415	-0.39478	-0.82160	-0.42218	-0.25694	-0.76978	-3.26636	-1.04328	-0.19237	-2.09665	 0.31465	-0.38737	-0.43223	 0.20034	-0.09992	-0.74035	 0.54375	 0.11694	
860	 4.05487	 4.25217	-0.53870	-0.35849	-0.78301	-0.38597	-0.22784	-0.74974	-3.09576	-0.98193	-0.16322	-1.93420	 0.27032	-0.39698	-0.45844	 0.32420	-0.08170	-0.77439	 0.58211	 0.08425	
861	 4.11688	 4.31179	-0.49436	-0.32292	-0.74476	-0.35120	-0.19957	-0.72998	-2.92179	-0.92715	-0.13299	-1.77588	 0.22590	-0.40667	-0.48407	 0.44010	-0.05896	-0.80822	 0.61427	 0.05167	
862	 4.16321	 4.35377	-0.45144	-0.28840	-0.70714	-0.31811	-0.17243	-0.71069	-2.74645	-0.88004	-0.10201	-1.62235	 0.18151	-0.41634	-0.50965	 0.54568	-0.02954	-0.84178	 0.64064	 0.01891	
863	 4.19235	 4.37665	-0.41023	-0.25527	-0.67040	-0.28694	-0.14670	-0.69204	-2.57167	-0.84158	-0.07062	-1.47419	 0.13727	-0.42587	-0.53589	 0.63970	 0.00778	-0.87504	 0.66164	-0.01424	
864	 4.20299	 4.37921	-0.37098	-0.22382	-0.63480	-0.25787	-0.12263	-0.67420	-2.39935	-0.81257	-0.03915	-1.33188	 0.09328	-0.43516	-0.56374	 0.72274	 0.05271	-0.90797	 0.67771	-0.04797	
865	 4.19408	 4.36051	-0.33392	-0.19434	-0.60057	-0.23108	-0.10049	-0.65728	-2.23126	-0.79364	-0.00793	-1.19583	 0.04967	-0.44410	-0.59454	 0.79738	 0.10344	-0.94059	 0.68937	-0.08244	
866	 4.16483	 4.31986	-0.29926	-0.16710	-0.56790	-0.20670	-0.08049	-0.64141	-2.06905	-0.78522	 0.02271	-1.06635	 0.00651	-0.45258	-0.63030	 0.86784	 0.15722	-0.97302	 0.69719	-0.11776	
867	 4.11475	 4.25691	-0.26714	-0.14232	-0.53698	-0.18484	-0.06285	-0.62667	-1.91424	-0.78754	 0.05247	-0.94368	-0.03612	-0.46049	-0.67423	 0.93971	 0.21119	-1.00545	 0.70189	-0.15405	
868	 4.04365	 4.17162	-0.23772	-0.12022	-0.50796	-0.16557	-0.04773	-0.61315	-1.76814	-0.80062	 0.08103	-0.82799	-0.07815	-0.46771	-0.73188	 1.02051	 0.26300	-1.03830	 0.70438	-0.19138	
869	 3.95167	 4.06428	-0.21107	-0.10098	-0.48097	-0.14894	-0.03529	-0.60089	-1.63189	-0.82426	 0.10811	-0.71936	-0.11955	-0.47414	-0.81399	 1.12232	 0.31100	-1.07232	 0.70592	-0.22978	
870	 3.83927	 3.93551	-0.18727	-0.08474	-0.45610	-0.13494	-0.02564	-0.58991	-1.50639	-0.85805	 0.13344	-0.61784	-0.16029	-0.47965	-0.94468	 1.26995	 0.35420	-1.10899	 0.70849	-0.26930	
871	 3.70725	 3.78629	-0.16634	-0.07160	-0.43342	-0.12355	-0.01885	-0.58023	-1.39235	-0.90136	 0.15677	-0.52340	-0.20034	-0.48414	-1.19247	 1.53220	 0.39215	-1.15133	 0.71561	-0.30993	
872	 3.55676	 3.61793	-0.14826	-0.06163	-0.41297	-0.11472	-0.01499	-0.57182	-1.29020	-0.95335	 0.17786	-0.43596	-0.23968	-0.48752	-1.86128	 2.21302	 0.42469	-1.20632	 0.73477	-0.35165	
873	 3.38924	 3.43207	-0.13300	-0.05488	-0.39476	-0.10835	-0.01405	-0.56465	-1.20014	-1.01299	 0.19651	-0.35540	-0.27826	-0.48975	-9.70871	 10.06986	 0.45191	-1.29417	 0.78665	-0.39443	
874	 3.20649	 3.23067	-0.12046	-0.05134	-0.37879	-0.10433	-0.01603	-0.55866	-1.12214	-1.07905	 0.21253	-0.28156	-0.31599	-0.49084	-1.14562	 1.51337	 0.47400	-1.50476	 0.96158	-0.43819	
875	 3.01059	 3.01600	-0.11054	-0.05096	-0.36501	-0.10250	-0.02085	-0.55378	-1.05591	-1.15013	 0.22575	-0.21425	-0.35270	-0.49087	-0.08961	 0.46097	 0.49121	-3.94634	 3.36827	-0.48284	
876	 2.80392	 2.79061	-0.10309	-0.05368	-0.35334	-0.10271	-0.02842	-0.54993	-1.00091	-1.22466	 0.23606	-0.15324	-0.38817	-0.49004	 0.22925	 0.14253	 0.50385	-0.10729	-0.50451	-0.52829	
877	 2.58910	 2.55728	-0.09796	-0.05938	-0.34371	-0.10476	-0.03864	-0.54698	-0.95641	-1.30095	 0.24334	-0.09829	-0.42209	-0.48863	 0.38194	-0.01308	 0.51223	 0.18710	-0.83106	-0.57440	
878	 2.36900	 2.31904	-0.09495	-0.06792	-0.33599	-0.10844	-0.05133	-0.54483	-0.92143	-1.37719	 0.24752	-0.04914	-0.45411	-0.48698	 0.46939	-0.10685	 0.51667	 0.25518	-0.92939	-0.62103	
879	 2.14667	 2.07909	-0.09384	-0.07912	-0.33007	-0.11353	-0.06631	-0.54335	-0.89481	-1.45146	 0.24855	-0.00550	-0.48383	-0.48557	 0.52364	-0.17082	 0.51748	 0.27336	-0.97558	-0.66800	
880	 1.92533	 1.84079	-0.09442	-0.09279	-0.32578	-0.11979	-0.08338	-0.54239	-0.87522	-1.52180	 0.24643	 0.03292	-0.51089	-0.48492	 0.55818	-0.21836	 0.51497	 0.27261	-1.00032	-0.71515	
881	 1.70831	 1.60761	-0.09644	-0.10870	-0.32298	-0.12699	-0.10231	-0.54181	-0.86117	-1.58619	 0.24116	 0.06639	-0.53491	-0.48577	 0.57996	-0.25602	 0.50944	 0.26284	-1.01326	-0.76227	
882	 1.49904	 1.38307	-0.09966	-0.12659	-0.32148	-0.13486	-0.12283	-0.54147	-0.85107	-1.64261	 0.23279	 0.09524	-0.55560	-0.48925	 0.59348	-0.28741	 0.50115	 0.24827	-1.01844	-0.80915	
883	 1.30095	 1.17071	-0.10383	-0.14621	-0.32110	-0.14318	-0.14470	-0.54120	-0.84320	-1.68907	 0.22141	 0.11975	-0.57271	-0.49783	 0.60316	-0.31464	 0.49038	 0.23107	-1.01784	-0.85559	
884	 1.11748	 0.97406	-0.10869	-0.16727	-0.32166	-0.15170	-0.16762	-0.54087	-0.83582	-1.72362	 0.20711	 0.14021	-0.58606	-0.51952	 0.61828	-0.33905	 0.47736	 0.21249	-1.01259	-0.90134	
885	 0.95198	 0.79654	-0.11401	-0.18947	-0.32297	-0.16018	-0.19131	-0.54032	-0.82713	-1.74442	 0.19003	 0.15694	-0.59552	-0.61178	 0.69718	-0.36150	 0.46233	 0.19332	-1.00338	-0.94619	
886	 0.80772	 0.64145	-0.11954	-0.21252	-0.32485	-0.16842	-0.21548	-0.53941	-0.81535	-1.74971	 0.17034	 0.17020	-0.60100	 0.25902	-0.19314	-0.38253	 0.44547	 0.17408	-0.99070	-0.98990	
887	 0.68777	 0.51193	-0.12507	-0.23612	-0.32710	-0.17621	-0.23984	-0.53802	-0.79874	-1.73791	 0.14823	 0.18028	-0.60241	 0.43333	-0.39265	-0.40252	 0.42700	 0.15514	-0.97491	-1.03223	
888	 0.59501	 0.41086	-0.13038	-0.25997	-0.32957	-0.18336	-0.26409	-0.53601	-0.77562	-1.70759	 0.12389	 0.18746	-0.59962	 0.43542	-0.42528	-0.42172	 0.40709	 0.13678	-0.95631	-1.07294	
889	 0.53205	 0.34088	-0.13530	-0.28376	-0.33207	-0.18972	-0.28797	-0.53329	-0.74444	-1.65755	 0.09758	 0.19199	-0.59240	 0.41488	-0.44050	-0.44026	 0.38591	 0.11918	-0.93517	-1.11181	
890	 0.50119	 0.30427	-0.13966	-0.30723	-0.33447	-0.19515	-0.31121	-0.52976	-0.70377	-1.58679	 0.06952	 0.19414	-0.58033	 0.38382	-0.45050	-0.45823	 0.36361	 0.10249	-0.91173	-1.14860	
891	 0.50440	 0.30299	-0.14333	-0.33009	-0.33664	-0.19955	-0.33354	-0.52535	-0.65235	-1.49460	 0.04000	 0.19415	-0.56259	 0.34469	-0.45831	-0.47564	 0.34036	 0.08681	-0.88622	-1.18312	
892	 0.54324	 0.33855	-0.14620	-0.35209	-0.33846	-0.20284	-0.35474	-0.52001	-0.58913	-1.38051	 0.00928	 0.19224	-0.53759	 0.29718	-0.46496	-0.49249	 0.31629	 0.07221	-0.85888	-1.21514	
893	 0.61883	 0.41206	-0.14818	-0.37299	-0.33984	-0.20497	-0.37460	-0.51370	-0.51327	-1.24438	-0.02235	 0.18866	-0.50197	 0.23855	-0.47087	-0.50872	 0.29157	 0.05871	-0.82993	-1.24448	
894	 0.73187	 0.52414	-0.14924	-0.39259	-0.34072	-0.20594	-0.39292	-0.50642	-0.42420	-1.08635	-0.05459	 0.18360	-0.44786	 0.16130	-0.47626	-0.52427	 0.26633	 0.04633	-0.79961	-1.27097	
895	 0.88253	 0.67491	-0.14936	-0.41070	-0.34104	-0.20575	-0.40955	-0.49819	-0.32160	-0.90690	-0.08716	 0.17728	-0.35245	 0.04286	-0.48122	-0.53904	 0.24073	 0.03507	-0.76817	-1.29443	
896	 1.07050	 0.86398	-0.14857	-0.42717	-0.34080	-0.20446	-0.42434	-0.48905	-0.20543	-0.70682	-0.11976	 0.16987	-0.11391	-0.21842	-0.48582	-0.55293	 0.21491	 0.02490	-0.73582	-1.31474	
897	 1.29493	 1.09043	-0.14690	-0.44186	-0.34000	-0.20216	-0.43720	-0.47907	-0.07595	-0.48724	-0.15210	 0.16157	 2.81544	-3.17006	-0.49013	-0.56582	 0.18902	 0.01579	-0.70282	-1.33176	
898	 1.55443	 1.35278	-0.14445	-0.45468	-0.33868	-0.19896	-0.44806	-0.46833	 0.06626	-0.24962	-0.18389	 0.15252	 0.87288	-1.24922	-0.49422	-0.57756	 0.16321	 0.00769	-0.66940	-1.34540	
899	 1.84708	 1.64904	-0.14132	-0.46558	-0.33690	-0.19500	-0.45687	-0.45695	 0.22034	 0.00427	-0.21487	 0.14289	 0.46343	-0.86079	-0.49819	-0.58799	 0.13763	 0.00055	-0.63579	-1.35559	
900	 2.17043	 1.97665	-0.13766	-0.47452	-0.33473	-0.19044	-0.46364	-0.44507	 0.38513	 0.27232	-0.24478	 0.13282	 0.31628	-0.73386	-0.50216	-0.59693	 0.11243	-0.00570	-0.60223	-1.36225	
901	 2.52149	 2.33255	-0.13363	-0.48152	-0.33229	-0.18549	-0.46837	-0.43286	 0.55915	 0.55217	-0.27337	 0.12242	 0.22660	-0.66347	-0.50629	-0.60419	 0.08774	-0.01112	-0.56894	-1.36536	
902	 2.89680	 2.71316	-0.12942	-0.48661	-0.32970	-0.18035	-0.47115	-0.42047	 0.74065	 0.84114	-0.30042	 0.11180	 0.15928	-0.61443	-0.51075	-0.60955	 0.06369	-0.01579	-0.53613	-1.36492	
903	 3.29238	 3.11442	-0.12523	-0.48987	-0.32711	-0.17525	-0.47204	-0.40812	 0.92762	 1.13634	-0.32571	 0.10107	 0.10348	-0.57577	-0.51573	-0.61278	 0.04042	-0.01978	-0.50403	-1.36093	
904	 3.70386	 3.53187	-0.12130	-0.49141	-0.32467	-0.17044	-0.47117	-0.39601	 1.11780	 1.43463	-0.34906	 0.09029	 0.05481	-0.54302	-0.52139	-0.61371	 0.01802	-0.02316	-0.47282	-1.35344	
905	 4.12644	 3.96062	-0.11785	-0.49136	-0.32256	-0.16616	-0.46870	-0.38435	 1.30870	 1.73271	-0.37031	 0.07954	 0.01126	-0.51406	-0.52774	-0.61230	-0.00340	-0.02600	-0.44269	-1.34251	
906	 4.55498	 4.39544	-0.11513	-0.48988	-0.32096	-0.16268	-0.46478	-0.37336	 1.49766	 2.02711	-0.38933	 0.06886	-0.02821	-0.48777	-0.53455	-0.60877	-0.02378	-0.02836	-0.41381	-1.32823	
907	 4.98407	 4.83085	-0.11337	-0.48717	-0.32004	-0.16025	-0.45963	-0.36327	 1.68186	 2.31427	-0.40599	 0.05830	-0.06414	-0.46352	-0.54127	-0.60367	-0.04306	-0.03031	-0.38632	-1.31070	
908	 5.40805	 5.26111	-0.11283	-0.48343	-0.31999	-0.15911	-0.45345	-0.35429	 1.85835	 2.59057	-0.42023	 0.04786	-0.09683	-0.44096	-0.54710	-0.59779	-0.06120	-0.03191	-0.36036	-1.29006	
909	 5.82114	 5.68038	-0.11373	-0.47891	-0.32099	-0.15951	-0.44649	-0.34665	 2.02414	 2.85236	-0.43197	 0.03756	-0.12642	-0.41984	-0.55124	-0.59192	-0.07820	-0.03320	-0.33605	-1.26646	
910	 6.21746	 6.08271	-0.11630	-0.47384	-0.32320	-0.16167	-0.43898	-0.34054	 2.17618	 3.09604	-0.44119	 0.02739	-0.15300	-0.40004	-0.55314	-0.58661	-0.09407	-0.03424	-0.31347	-1.24006	
911	 6.59115	 6.46219	-0.12074	-0.46848	-0.32678	-0.16580	-0.43120	-0.33614	 2.31147	 3.31809	-0.44790	 0.01734	-0.17662	-0.38147	-0.55256	-0.58210	-0.10883	-0.03505	-0.29271	-1.21105	
912	 6.93645	 6.81301	-0.12724	-0.46310	-0.33186	-0.17206	-0.42341	-0.33363	 2.42706	 3.51512	-0.45210	 0.00739	-0.19730	-0.36405	-0.54952	-0.57837	-0.12254	-0.03567	-0.27380	-1.17965	
913	 7.24775	 7.12954	-0.13594	-0.45796	-0.33857	-0.18062	-0.41588	-0.33314	 2.52012	 3.68395	-0.45387	-0.00251	-0.21505	-0.34776	-0.54414	-0.57529	-0.13527	-0.03611	-0.25679	-1.14606	
914	 7.51975	 7.40644	-0.14698	-0.45332	-0.34699	-0.19159	-0.40887	-0.33479	 2.58801	 3.82162	-0.45327	-0.01239	-0.22992	-0.33254	-0.53661	-0.57270	-0.14712	-0.03641	-0.24167	-1.11053	
915	 7.74749	 7.63875	-0.16045	-0.44946	-0.35719	-0.20504	-0.40266	-0.33866	 2.62830	 3.92547	-0.45041	-0.02229	-0.24192	-0.31837	-0.52711	-0.57042	-0.15819	-0.03656	-0.22843	-1.07330	
916	 7.92648	 7.82194	-0.17638	-0.44661	-0.36918	-0.22101	-0.39748	-0.34479	 2.63884	 3.99320	-0.44540	-0.03227	-0.25112	-0.30522	-0.51585	-0.56829	-0.16859	-0.03656	-0.21705	-1.03462	
917	 8.05275	 7.95207	-0.19481	-0.44500	-0.38298	-0.23950	-0.39359	-0.35319	 2.61781	 4.02286	-0.43841	-0.04237	-0.25756	-0.29306	-0.50299	-0.56615	-0.17844	-0.03643	-0.20744	-0.99475	
918	 8.12298	 8.02581	-0.21567	-0.44485	-0.39852	-0.26044	-0.39120	-0.36384	 2.56377	 4.01297	-0.42957	-0.05265	-0.26135	-0.28184	-0.48874	-0.56387	-0.18788	-0.03614	-0.19956	-0.95396	
919	 8.13455	 8.04057	-0.23890	-0.44635	-0.41573	-0.28375	-0.39050	-0.37665	 2.47567	 3.96252	-0.41908	-0.06316	-0.26257	-0.27154	-0.47325	-0.56133	-0.19702	-0.03569	-0.19329	-0.91252	
920	 8.08564	 7.99453	-0.26436	-0.44966	-0.43448	-0.30926	-0.39167	-0.39151	 2.35296	 3.87100	-0.40712	-0.07394	-0.26134	-0.26210	-0.45672	-0.55843	-0.20600	-0.03508	-0.18853	-0.87071	
921	 7.97528	 7.88675	-0.29185	-0.45490	-0.45460	-0.33678	-0.39486	-0.40827	 2.19557	 3.73847	-0.39389	-0.08504	-0.25781	-0.25349	-0.43929	-0.55509	-0.21492	-0.03427	-0.18515	-0.82879	
922	 7.80341	 7.71721	-0.32116	-0.46218	-0.47589	-0.36606	-0.40018	-0.42670	 2.00397	 3.56557	-0.37958	-0.09649	-0.25211	-0.24565	-0.42114	-0.55125	-0.22390	-0.03327	-0.18301	-0.78703	
923	 7.57096	 7.48686	-0.35199	-0.47154	-0.49807	-0.39678	-0.40769	-0.44657	 1.77920	 3.35353	-0.36439	-0.10835	-0.24444	-0.23853	-0.40242	-0.54686	-0.23304	-0.03205	-0.18195	-0.74569	
924	 7.27987	 7.19769	-0.38401	-0.48302	-0.52087	-0.42861	-0.41745	-0.46758	 1.52289	 3.10423	-0.34854	-0.12063	-0.23496	-0.23208	-0.38330	-0.54189	-0.24242	-0.03060	-0.18182	-0.70503	
925	 6.93315	 6.85271	-0.41684	-0.49660	-0.54394	-0.46115	-0.42946	-0.48940	 1.23727	 2.82017	-0.33221	-0.13336	-0.22388	-0.22624	-0.36392	-0.53633	-0.25210	-0.02892	-0.18245	-0.66529	
926	 6.53484	 6.45602	-0.45006	-0.51221	-0.56691	-0.49396	-0.44368	-0.51166	 0.92521	 2.50453	-0.31560	-0.14656	-0.21140	-0.22095	-0.34443	-0.53017	-0.26216	-0.02701	-0.18366	-0.62670	
927	 6.09011	 6.01279	-0.48320	-0.52975	-0.58936	-0.52658	-0.46004	-0.53394	 0.59018	 2.16111	-0.29887	-0.16024	-0.19776	-0.21616	-0.32498	-0.52342	-0.27262	-0.02485	-0.18527	-0.58949	
928	 5.60517	 5.52927	-0.51576	-0.54909	-0.61085	-0.55848	-0.47841	-0.55580	 0.23630	 1.79437	-0.28219	-0.17441	-0.18318	-0.21180	-0.30569	-0.51612	-0.28351	-0.02247	-0.18710	-0.55385	
929	 5.08733	 5.01276	-0.54722	-0.57004	-0.63092	-0.58915	-0.49866	-0.57678	-0.13167	 1.40944	-0.26572	-0.18907	-0.16789	-0.20782	-0.28669	-0.50828	-0.29485	-0.01986	-0.18898	-0.51998	
930	 4.54491	 4.47159	-0.57700	-0.59238	-0.64906	-0.61801	-0.52058	-0.59637	-0.50840	 1.01201	-0.24958	-0.20420	-0.15214	-0.20415	-0.26811	-0.49994	-0.30661	-0.01704	-0.19073	-0.48803	
931	 3.98724	 3.91507	-0.60454	-0.61587	-0.66475	-0.64449	-0.54395	-0.61407	-0.88795	 0.60842	-0.23388	-0.21978	-0.13616	-0.20073	-0.25006	-0.49115	-0.31880	-0.01405	-0.19219	-0.45815	
932	 3.42458	 3.35343	-0.62923	-0.64020	-0.67748	-0.66801	-0.56850	-0.62934	-1.26382	 0.20553	-0.21873	-0.23581	-0.12019	-0.19752	-0.23265	-0.48194	-0.33136	-0.01091	-0.19320	-0.43048	
933	 2.86807	 2.79778	-0.65049	-0.66506	-0.68670	-0.68797	-0.59395	-0.64166	-1.62899	-0.18927	-0.20419	-0.25224	-0.10447	-0.19447	-0.21596	-0.47234	-0.34427	-0.00765	-0.19361	-0.40510	
934	 2.32964	 2.26000	-0.66772	-0.69012	-0.69187	-0.70379	-0.61998	-0.65047	-1.97596	-0.56811	-0.19033	-0.26903	-0.08922	-0.19151	-0.20008	-0.46241	-0.35747	-0.00433	-0.19329	-0.38210	
935	 1.82193	 1.75263	-0.68032	-0.71499	-0.69247	-0.71489	-0.64623	-0.65525	-2.29680	-0.92272	-0.17718	-0.28613	-0.07468	-0.18861	-0.18509	-0.45217	-0.37090	-0.00099	-0.19211	-0.36154	
936	 1.35817	 1.28883	-0.68773	-0.73930	-0.68798	-0.72073	-0.67235	-0.65548	-2.58322	-1.24448	-0.16477	-0.30349	-0.06103	-0.18572	-0.17105	-0.44166	-0.38449	 0.00231	-0.18997	-0.34344	
937	 0.95207	 0.88221	-0.68939	-0.76264	-0.67790	-0.72077	-0.69795	-0.65066	-2.82663	-1.52450	-0.15310	-0.32104	-0.04849	-0.18280	-0.15803	-0.43090	-0.39815	 0.00551	-0.18678	-0.32781	
938	 0.61772	 0.54673	-0.68480	-0.78461	-0.66178	-0.71452	-0.72264	-0.64032	-3.01822	-1.75369	-0.14218	-0.33870	-0.03722	-0.17983	-0.14606	-0.41992	-0.41181	 0.00855	-0.18246	-0.31463	
939	 0.36941	 0.29654	-0.67348	-0.80479	-0.63918	-0.70153	-0.74603	-0.62403	-3.14904	-1.92286	-0.13200	-0.35638	-0.02740	-0.17677	-0.13518	-0.40873	-0.42536	 0.01135	-0.17698	-0.30385	
940	 0.22155	 0.14590	-0.65500	-0.82279	-0.60972	-0.68140	-0.76770	-0.60138	-3.21008	-2.02280	-0.12252	-0.37399	-0.01916	-0.17359	-0.12543	-0.39735	-0.43872	 0.01385	-0.17030	-0.29542	
941	 0.18846	 0.10894	-0.62899	-0.83819	-0.57308	-0.65379	-0.78727	-0.57203	-3.19239	-2.04440	-0.11372	-0.39142	-0.01263	-0.17027	-0.11681	-0.38581	-0.45177	 0.01597	-0.16240	-0.28925	
942	 0.28424	 0.19962	-0.59513	-0.85062	-0.52897	-0.61841	-0.80434	-0.53569	-3.08720	-1.97874	-0.10557	-0.40855	-0.00790	-0.16680	-0.10934	-0.37411	-0.46439	 0.01765	-0.15330	-0.28522	
943	 0.52261	 0.43145	-0.55319	-0.85969	-0.47720	-0.57505	-0.81854	-0.49213	-2.88597	-1.81722	-0.09804	-0.42527	-0.00505	-0.16316	-0.10302	-0.36228	-0.47648	 0.01881	-0.14302	-0.28321	
944	 0.91676	 0.81742	-0.50298	-0.86508	-0.41764	-0.52356	-0.82953	-0.44119	-2.58056	-1.55163	-0.09109	-0.44144	-0.00414	-0.15934	-0.09784	-0.35035	-0.48790	 0.01938	-0.13160	-0.28308	
945	 1.47914	 1.36980	-0.44442	-0.86645	-0.35022	-0.46388	-0.83696	-0.38278	-2.16332	-1.17434	-0.08471	-0.45691	-0.00518	-0.15535	-0.09379	-0.33835	-0.49852	 0.01930	-0.11912	-0.28468	
946	 2.22134	 2.09997	-0.37749	-0.86353	-0.27499	-0.39603	-0.84053	-0.31689	-1.62723	-0.67836	-0.07887	-0.47156	-0.00817	-0.15116	-0.09085	-0.32630	-0.50821	 0.01851	-0.10566	-0.28782	
947	 3.15386	 3.01826	-0.30226	-0.85606	-0.19204	-0.32010	-0.83999	-0.24359	-0.96598	-0.05749	-0.07355	-0.48523	-0.01309	-0.14679	-0.08899	-0.31426	-0.51682	 0.01696	-0.09131	-0.29233	
948	 4.28602	 4.13378	-0.21889	-0.84386	-0.10158	-0.23628	-0.83509	-0.16302	-0.17414	 0.69361	-0.06874	-0.49777	-0.01988	-0.14224	-0.08818	-0.30229	-0.52421	 0.01459	-0.07619	-0.29801	
949	 5.62572	 5.45428	-0.12762	-0.82675	-0.00389	-0.14484	-0.82565	-0.07542	 0.75275	 1.57923	-0.06444	-0.50906	-0.02847	-0.13751	-0.08837	-0.29044	-0.53025	 0.01137	-0.06042	-0.30467	
950	 7.17936	 6.98599	-0.02879	-0.80462	 0.10064	-0.04615	-0.81152	 0.01890	 1.81808	 2.60258	-0.06066	-0.51893	-0.03875	-0.13260	-0.08953	-0.27879	-0.53479	 0.00727	-0.04414	-0.31211	
951	 8.95160	 8.73344	 0.07718	-0.77743	 0.21156	 0.05937	-0.79261	 0.11954	 3.02407	 3.76567	-0.05739	-0.52727	-0.05060	-0.12752	-0.09160	-0.26742	-0.53771	 0.00226	-0.02749	-0.32011	
952	 10.94531	 10.69937	 0.18980	-0.74516	 0.32833	 0.17118	-0.76886	 0.22603	 4.37166	 5.06922	-0.05466	-0.53395	-0.06388	-0.12229	-0.09454	-0.25642	-0.53888	-0.00365	-0.01063	-0.32848	
953	 13.16137	 12.88461	 0.30847	-0.70786	 0.45031	 0.28868	-0.74028	 0.33783	 5.86042	 6.51260	-0.05249	-0.53887	-0.07841	-0.11690	-0.09829	-0.24587	-0.53818	-0.01047	 0.00630	-0.33702	
954	 15.59862	 15.28791	 0.43254	-0.66564	 0.57682	 0.41120	-0.70692	 0.45429	 7.48856	 8.09376	-0.05089	-0.54194	-0.09401	-0.11137	-0.10278	-0.23588	-0.53553	-0.01819	 0.02312	-0.34552	
955	 18.25371	 17.90591	 0.56127	-0.61865	 0.70710	 0.53798	-0.66888	 0.57475	 9.25280	 9.80924	-0.04989	-0.54308	-0.11048	-0.10571	-0.10795	-0.22653	-0.53084	-0.02678	 0.03968	-0.35381	
956	 21.12105	 20.73303	 0.69387	-0.56713	 0.84031	 0.66821	-0.62632	 0.69846	 11.14839	 11.65410	-0.04951	-0.54225	-0.12761	-0.09991	-0.11374	-0.21791	-0.52406	-0.03620	 0.05583	-0.36168	
957	 24.19276	 23.76144	 0.82947	-0.51133	 0.97560	 0.80103	-0.57946	 0.82463	 13.16910	 13.62197	-0.04976	-0.53943	-0.14516	-0.09399	-0.12008	-0.21013	-0.51516	-0.04639	 0.07140	-0.36898	
958	 27.45862	 26.98102	 0.96718	-0.45159	 1.11205	 0.93554	-0.52855	 0.95242	 15.30724	 15.70502	-0.05065	-0.53461	-0.16291	-0.08796	-0.12690	-0.20324	-0.50414	-0.05730	 0.08625	-0.37553	
959	 30.90610	 30.37935	 1.10604	-0.38827	 1.24873	 1.07078	-0.47390	 1.08096	 17.55368	 17.89408	-0.05218	-0.52782	-0.18061	-0.08182	-0.13412	-0.19731	-0.49103	-0.06885	 0.10024	-0.38120	
960	 34.52033	 33.94173	 1.24508	-0.32181	 1.38468	 1.20578	-0.41587	 1.20938	 19.89796	 20.17867	-0.05436	-0.51913	-0.19802	-0.07558	-0.14168	-0.19241	-0.47589	-0.08095	 0.11323	-0.38584	
961	 38.28421	 37.65127	 1.38331	-0.25266	 1.51892	 1.33955	-0.35485	 1.33677	 22.32830	 22.54708	-0.05716	-0.50862	-0.21490	-0.06924	-0.14951	-0.18856	-0.45882	-0.09350	 0.12510	-0.38934	
962	 42.17846	 41.48893	 1.51972	-0.18134	 1.65052	 1.47111	-0.29130	 1.46222	 24.83180	 24.98649	-0.06057	-0.49640	-0.23102	-0.06280	-0.15751	-0.18577	-0.43993	-0.10639	 0.13574	-0.39158	
963	 46.18176	 45.43364	 1.65330	-0.10838	 1.77851	 1.59946	-0.22568	 1.58486	 27.39448	 27.48312	-0.06454	-0.48261	-0.24612	-0.05626	-0.16564	-0.18405	-0.41940	-0.11952	 0.14506	-0.39249	
964	 50.27086	 49.46250	 1.78308	-0.03436	 1.90200	 1.72364	-0.15852	 1.70381	 30.00147	 30.02232	-0.06902	-0.46742	-0.26000	-0.04964	-0.17380	-0.18338	-0.39741	-0.13275	 0.15296	-0.39198	
965	 54.42081	 53.55087	 1.90808	 0.04014	 2.02009	 1.84272	-0.09034	 1.81823	 32.63714	 32.58876	-0.07397	-0.45103	-0.27243	-0.04292	-0.18194	-0.18370	-0.37419	-0.14596	 0.15938	-0.39000	
966	 58.60518	 57.67268	 2.02737	 0.11450	 2.13196	 1.95580	-0.02172	 1.92732	 35.28532	 35.16658	-0.07931	-0.43363	-0.28321	-0.03612	-0.18998	-0.18496	-0.34996	-0.15902	 0.16427	-0.38651	
967	 62.79622	 61.80059	 2.14009	 0.18811	 2.23683	 2.06204	 0.04677	 2.03033	 37.92938	 37.73956	-0.08497	-0.41545	-0.29217	-0.02924	-0.19787	-0.18708	-0.32502	-0.17179	 0.16759	-0.38149	
968	 66.96527	 65.90631	 2.24541	 0.26035	 2.33400	 2.16067	 0.11455	 2.12656	 40.55249	 40.29125	-0.09087	-0.39674	-0.29914	-0.02228	-0.20553	-0.18996	-0.29962	-0.18413	 0.16932	-0.37494	
969	 71.08294	 69.96088	 2.34257	 0.33059	 2.42283	 2.25099	 0.18101	 2.21539	 43.13776	 42.80520	-0.09693	-0.37775	-0.30398	-0.01525	-0.21291	-0.19348	-0.27408	-0.19591	 0.16945	-0.36687	
970	 75.11950	 73.93499	 2.43090	 0.39824	 2.50277	 2.33237	 0.24556	 2.29625	 45.66842	 45.26507	-0.10306	-0.35872	-0.30657	-0.00814	-0.21997	-0.19753	-0.24870	-0.20701	 0.16800	-0.35731	
971	 79.04524	 77.79934	 2.50982	 0.46272	 2.57334	 2.40429	 0.30762	 2.36866	 48.12798	 47.65480	-0.10917	-0.33991	-0.30681	-0.00098	-0.22664	-0.20197	-0.22377	-0.21729	 0.16500	-0.34629	
972	 82.83079	 81.52498	 2.57881	 0.52346	 2.63418	 2.46630	 0.36664	 2.43222	 50.50040	 49.95877	-0.11518	-0.32157	-0.30464	 0.00622	-0.23288	-0.20666	-0.19959	-0.22664	 0.16048	-0.33388	
973	 86.44753	 85.08370	 2.63750	 0.57996	 2.68498	 2.51808	 0.42207	 2.48662	 52.77024	 52.16194	-0.12101	-0.30394	-0.30003	 0.01346	-0.23867	-0.21146	-0.17645	-0.23495	 0.15450	-0.32015	
974	 89.86797	 88.44840	 2.68557	 0.63174	 2.72558	 2.55939	 0.47341	 2.53162	 54.92277	 54.24996	-0.12658	-0.28726	-0.29295	 0.02072	-0.24396	-0.21625	-0.15463	-0.24213	 0.14715	-0.30519	
975	 93.06613	 91.59347	 2.72285	 0.67836	 2.75587	 2.59012	 0.52019	 2.56708	 56.94416	 56.20931	-0.13183	-0.27174	-0.28344	 0.02798	-0.24873	-0.22088	-0.13436	-0.24808	 0.13850	-0.28910	
976	 96.01795	 94.49520	 2.74927	 0.71947	 2.77586	 2.61025	 0.56199	 2.59297	 58.82152	 58.02739	-0.13669	-0.25757	-0.27154	 0.03520	-0.25296	-0.22523	-0.11587	-0.25274	 0.12865	-0.27199	
977	 98.70165	 97.13211	 2.76486	 0.75474	 2.78568	 2.61989	 0.59844	 2.60931	 60.54306	 59.69266	-0.14110	-0.24493	-0.25734	 0.04238	-0.25662	-0.22919	-0.09935	-0.25606	 0.11771	-0.25397	
978	 101.09810	 99.48538	 2.76977	 0.78393	 2.78551	 2.61924	 0.62924	 2.61625	 62.09816	 61.19467	-0.14503	-0.23397	-0.24095	 0.04947	-0.25972	-0.23266	-0.08495	-0.25799	 0.10580	-0.23519	
979	 103.19119	 101.53911	 2.76426	 0.80686	 2.77567	 2.60863	 0.65412	 2.61400	 63.47747	 62.52421	-0.14843	-0.22482	-0.22250	 0.05645	-0.26224	-0.23554	-0.07280	-0.25851	 0.09305	-0.21576	
980	 104.96814	 103.28074	 2.74872	 0.82342	 2.75655	 2.58847	 0.67293	 2.60287	 64.67298	 63.67336	-0.15127	-0.21759	-0.20218	 0.06327	-0.26418	-0.23776	-0.06298	-0.25763	 0.07960	-0.19585	
981	 106.41979	 104.70127	 2.72360	 0.83358	 2.72865	 2.55928	 0.68553	 2.58325	 65.67811	 64.63557	-0.15351	-0.21235	-0.18018	 0.06990	-0.26555	-0.23926	-0.05554	-0.25535	 0.06558	-0.17560	
982	 107.54088	 105.79556	 2.68950	 0.83738	 2.69255	 2.52168	 0.69190	 2.55562	 66.48778	 65.40577	-0.15511	-0.20918	-0.15673	 0.07628	-0.26635	-0.23999	-0.05047	-0.25172	 0.05115	-0.15516	
983	 108.33031	 106.56255	 2.64707	 0.83493	 2.64890	 2.47637	 0.69206	 2.52051	 67.09852	 65.98042	-0.15604	-0.20811	-0.13209	 0.08238	-0.26659	-0.23992	-0.04775	-0.24679	 0.03646	-0.13469	
984	 108.79125	 107.00547	 2.59707	 0.82642	 2.59845	 2.42413	 0.68613	 2.47854	 67.50851	 66.35762	-0.15627	-0.20915	-0.10653	 0.08814	-0.26628	-0.23901	-0.04731	-0.24063	 0.02165	-0.11434	
985	 108.93138	 107.13195	 2.54033	 0.81210	 2.54201	 2.36581	 0.67429	 2.43040	 67.71768	 66.53718	-0.15573	-0.21231	-0.08035	 0.09351	-0.26543	-0.23724	-0.04907	-0.23334	 0.00688	-0.09426	
986	 108.76292	 106.95413	 2.47776	 0.79229	 2.48046	 2.30231	 0.65678	 2.37682	 67.72780	 66.52076	-0.15437	-0.21757	-0.05388	 0.09844	-0.26406	-0.23459	-0.05289	-0.22503	-0.00770	-0.07461	
987	 108.30271	 106.48873	 2.41029	 0.76738	 2.41474	 2.23461	 0.63394	 2.31858	 67.54261	 66.31192	-0.15212	-0.22490	-0.02746	 0.10286	-0.26218	-0.23105	-0.05864	-0.21584	-0.02193	-0.05554	
988	 107.57219	 105.75701	 2.33893	 0.73783	 2.34583	 2.16368	 0.60614	 2.25652	 67.16786	 65.91628	-0.14888	-0.23428	-0.00143	 0.10673	-0.25981	-0.22659	-0.06614	-0.20590	-0.03567	-0.03719	
989	 106.59735	 104.78476	 2.26471	 0.70412	 2.27475	 2.09057	 0.57384	 2.19150	 66.61145	 65.34159	-0.14456	-0.24564	 0.02384	 0.10999	-0.25697	-0.22120	-0.07522	-0.19538	-0.04879	-0.01969	
990	 105.40864	 103.60213	 2.18866	 0.66681	 2.20256	 2.01631	 0.53754	 2.12440	 65.88352	 64.59789	-0.13902	-0.25893	 0.04797	 0.11257	-0.25366	-0.21484	-0.08569	-0.18444	-0.06114	-0.00317	
991	 104.04076	 102.24351	 2.11184	 0.62648	 2.13032	 1.94194	 0.49780	 2.05612	 64.99653	 63.69756	-0.13214	-0.27409	 0.07057	 0.11444	-0.24991	-0.20746	-0.09736	-0.17329	-0.07259	 0.01226	
992	 102.53248	 100.74730	 2.03529	 0.58376	 2.05911	 1.86849	 0.45521	 1.98755	 63.96539	 62.65548	-0.12376	-0.29105	 0.09128	 0.11552	-0.24573	-0.19902	-0.11003	-0.16210	-0.08304	 0.02648	
993	 100.92632	 99.15561	 1.96000	 0.53931	 1.98999	 1.79697	 0.41042	 1.91958	 62.80749	 61.48904	-0.11371	-0.30972	 0.10969	 0.11579	-0.24113	-0.18946	-0.12351	-0.15107	-0.09237	 0.03940	
994	 99.26827	 97.51394	 1.88697	 0.49380	 1.92400	 1.72833	 0.36409	 1.85308	 61.54275	 60.21827	-0.10182	-0.33002	 0.12544	 0.11518	-0.23612	-0.17869	-0.13762	-0.14041	-0.10048	 0.05095	
995	 97.60736	 95.87080	 1.81710	 0.44790	 1.86214	 1.66351	 0.31691	 1.78887	 60.19366	 58.86579	-0.08791	-0.35186	 0.13815	 0.11366	-0.23073	-0.16664	-0.15217	-0.13033	-0.10729	 0.06104	
996	 95.99524	 94.27724	 1.75125	 0.40231	 1.80536	 1.60335	 0.26956	 1.72774	 58.78524	 57.45684	-0.07179	-0.37514	 0.14747	 0.11120	-0.22496	-0.15321	-0.16699	-0.12101	-0.11272	 0.06963	
997	 94.48568	 92.78640	 1.69020	 0.35772	 1.75453	 1.54864	 0.22277	 1.67041	 57.34498	 56.01914	-0.05327	-0.39974	 0.15306	 0.10777	-0.21884	-0.13832	-0.18192	-0.11266	-0.11671	 0.07667	
998	 93.13408	 91.45297	 1.63463	 0.31479	 1.71045	 1.50008	 0.17720	 1.61753	 55.90271	 54.58278	-0.03219	-0.42554	 0.15459	 0.10334	-0.21239	-0.12186	-0.19682	-0.10545	-0.11922	 0.08212	
999	 91.99683	 90.33258	 1.58514	 0.27418	 1.67381	 1.45827	 0.13356	 1.56970	 54.49035	 53.17995	-0.00838	-0.45240	 0.15176	 0.09791	-0.20564	-0.10375	-0.21153	-0.09956	-0.12021	 0.08598	
1000	 91.13073	 89.48120	 1.54220	 0.23651	 1.64520	 1.42371	 0.09247	 1.52741	 53.14168	 51.84463	 0.01828	-0.48016	 0.14433	 0.09147	-0.19861	-0.08390	-0.22593	-0.09515	-0.11965	 0.08822	
1001	 90.59234	 88.95450	 1.50619	 0.20237	 1.62508	 1.39680	 0.05457	 1.49105	 51.89193	 50.61215	 0.04790	-0.50865	 0.13205	 0.08404	-0.19135	-0.06224	-0.23991	-0.09234	-0.11753	 0.08886	
1002	 90.43728	 88.80718	 1.47737	 0.17232	 1.61377	 1.37782	 0.02042	 1.46095	 50.77733	 49.51871	 0.08055	-0.53767	 0.11474	 0.07562	-0.18390	-0.03873	-0.25335	-0.09125	-0.11386	 0.08791	
1003	 90.71954	 89.09222	 1.45588	 0.14685	 1.61147	 1.36691	-0.00946	 1.43731	 49.83449	 48.60069	 0.11623	-0.56701	 0.09225	 0.06626	-0.17631	-0.01333	-0.26617	-0.09194	-0.10866	 0.08537	
1004	 91.49074	 89.86024	 1.44173	 0.12641	 1.61820	 1.36412	-0.03460	 1.42026	 49.09978	 47.89400	 0.15490	-0.59642	 0.06451	 0.05598	-0.16864	 0.01396	-0.27827	-0.09447	-0.10193	 0.08129	
1005	 92.79942	 91.15870	 1.43486	 0.11138	 1.63386	 1.36936	-0.05460	 1.40982	 48.60855	 47.43327	 0.19644	-0.62564	 0.03148	 0.04485	-0.16097	 0.04310	-0.28960	-0.09884	-0.09373	 0.07569	
1006	 94.69027	 93.03126	 1.43505	 0.10211	 1.65818	 1.38242	-0.06912	 1.40591	 48.39430	 47.25098	 0.24064	-0.65438	-0.00678	 0.03291	-0.15337	 0.07404	-0.30010	-0.10501	-0.08410	 0.06862	
1007	 97.20343	 95.51701	 1.44202	 0.09884	 1.69077	 1.40299	-0.07791	 1.40839	 48.48779	 47.37660	 0.28723	-0.68231	-0.05015	 0.02026	-0.14592	 0.10667	-0.30975	-0.11290	-0.07309	 0.06011	
1008	 100.37377	 98.64979	 1.45540	 0.10176	 1.73108	 1.43063	-0.08077	 1.41702	 48.91613	 47.83571	 0.33579	-0.70909	-0.09843	 0.00696	-0.13871	 0.14087	-0.31854	-0.12238	-0.06078	 0.05023	
1009	 104.23019	 102.45757	 1.47473	 0.11101	 1.77843	 1.46481	-0.07759	 1.43149	 49.70193	 48.64919	 0.38582	-0.73437	-0.15128	-0.00689	-0.13185	 0.17645	-0.32651	-0.13327	-0.04723	 0.03902	
1010	 108.79499	 106.96175	 1.49949	 0.12664	 1.83206	 1.50491	-0.06831	 1.45145	 50.86240	 49.83241	 0.43669	-0.75776	-0.20829	-0.02119	-0.12541	 0.21322	-0.33369	-0.14530	-0.03254	 0.02656	
1011	 114.08326	 112.17668	 1.52913	 0.14861	 1.89107	 1.55024	-0.05295	 1.47647	 52.40870	 51.39464	 0.48763	-0.77890	-0.26889	-0.03584	-0.11951	 0.25091	-0.34019	-0.15818	-0.01680	 0.01291	
1012	 120.10232	 118.10905	 1.56306	 0.17686	 1.95451	 1.60004	-0.03160	 1.50608	 54.34526	 53.33856	 0.53777	-0.79740	-0.33238	-0.05072	-0.11424	 0.28923	-0.34612	-0.17153	-0.00012	-0.00182	
1013	 126.85129	 124.75752	 1.60066	 0.21121	 2.02136	 1.65352	-0.00441	 1.53981	 56.66948	 55.65996	 0.58611	-0.81292	-0.39795	-0.06572	-0.10968	 0.32785	-0.35163	-0.18494	 0.01737	-0.01755	
1014	 134.32068	 132.11230	 1.64134	 0.25145	 2.09058	 1.70986	 0.02845	 1.57711	 59.37148	 58.34767	 0.63153	-0.82517	-0.46460	-0.08071	-0.10593	 0.36637	-0.35687	-0.19791	 0.03556	-0.03416	
1015	 142.49207	 140.15492	 1.68449	 0.29729	 2.16110	 1.76823	 0.06670	 1.61746	 62.43419	 61.38371	 0.67288	-0.83389	-0.53124	-0.09558	-0.10306	 0.40436	-0.36200	-0.20993	 0.05428	-0.05151	
1016	 151.33800	 148.85804	 1.72957	 0.34838	 2.23187	 1.82780	 0.11007	 1.66030	 65.83364	 64.74362	 0.70895	-0.83894	-0.59663	-0.11020	-0.10114	 0.44130	-0.36719	-0.22041	 0.07339	-0.06947	
1017	 160.82184	 158.18541	 1.77602	 0.40432	 2.30187	 1.88779	 0.15823	 1.70509	 69.53951	 68.39707	 0.73854	-0.84025	-0.65947	-0.12445	-0.10022	 0.47663	-0.37250	-0.22880	 0.09271	-0.08786	
1018	 170.89788	 168.09189	 1.82338	 0.46464	 2.37013	 1.94744	 0.21080	 1.75129	 73.51587	 72.30857	 0.76056	-0.83787	-0.71842	-0.13819	-0.10037	 0.50970	-0.37798	-0.23451	 0.11205	-0.10649	
1019	 181.51150	 178.52372	 1.87121	 0.52886	 2.43576	 2.00607	 0.26739	 1.79835	 77.72212	 76.43839	 0.77403	-0.83199	-0.77220	-0.15132	-0.10161	 0.53979	-0.38352	-0.23702	 0.13120	-0.12516	
1020	 192.59953	 189.41877	 1.91913	 0.59640	 2.49795	 2.06303	 0.32757	 1.84577	 82.11403	 80.74354	 0.77821	-0.82287	-0.81960	-0.16371	-0.10398	 0.56611	-0.38889	-0.23590	 0.14995	-0.14363	
1021	 204.09071	 200.70704	 1.96683	 0.66669	 2.55597	 2.11776	 0.39091	 1.89307	 86.64487	 85.17882	 0.77261	-0.81090	-0.85959	-0.17524	-0.10748	 0.58787	-0.39373	-0.23080	 0.16804	-0.16166	
1022	 215.90628	 212.31124	 2.01404	 0.73910	 2.60923	 2.16979	 0.45691	 1.93979	 91.26653	 89.69789	 0.75702	-0.79651	-0.89140	-0.18581	-0.11213	 0.60425	-0.39752	-0.22155	 0.18520	-0.17895	
1023	 227.96073	 224.14751	 2.06053	 0.81297	 2.65723	 2.21871	 0.52509	 1.98552	 95.93068	 94.25429	 0.73159	-0.78019	-0.91450	-0.19531	-0.11793	 0.61453	-0.39963	-0.20816	 0.20115	-0.19519	
1024	 240.16270	 236.12629	 2.10615	 0.88763	 2.69958	 2.26417	 0.59492	 2.02988	 100.58972	 98.80238	 0.69674	-0.76244	-0.92868	-0.20366	-0.12484	 0.61811	-0.39939	-0.19083	 0.21556	-0.21005	
1025	 252.41590	 248.15322	 2.15075	 0.96239	 2.73602	 2.30593	 0.66588	 2.07256	 105.19775	 103.29815	 0.65317	-0.74377	-0.93401	-0.21078	-0.13285	 0.61463	-0.39612	-0.16994	 0.22806	-0.22315	
1026	 264.62025	 260.13025	 2.19424	 1.03654	 2.76639	 2.34378	 0.73741	 2.11328	 109.71130	 107.69996	 0.60182	-0.72463	-0.93082	-0.21660	-0.14190	 0.60397	-0.38928	-0.14606	 0.23827	-0.23406	
1027	 276.67301	 271.95673	 2.23653	 1.10937	 2.79065	 2.37758	 0.80894	 2.15182	 114.08992	 111.96906	 0.54377	-0.70545	-0.91966	-0.22108	-0.15192	 0.58635	-0.37846	-0.11989	 0.24572	-0.24231	
1028	 288.47002	 283.53064	 2.27755	 1.18018	 2.80882	 2.40726	 0.87988	 2.18802	 118.29665	 116.06999	 0.48022	-0.68658	-0.90124	-0.22421	-0.16282	 0.56226	-0.36350	-0.09221	 0.24991	-0.24738	
1029	 299.90700	 294.74983	 2.31724	 1.24827	 2.82103	 2.43276	 0.94963	 2.22177	 122.29824	 119.97084	 0.41239	-0.66835	-0.87636	-0.22601	-0.17450	 0.53251	-0.34449	-0.06382	 0.25026	-0.24868	
1030	 310.88079	 305.51325	 2.35553	 1.31297	 2.82748	 2.45409	 1.01757	 2.25302	 126.06532	 123.64335	 0.34150	-0.65099	-0.84589	-0.22651	-0.18680	 0.49810	-0.32173	-0.03551	 0.24614	-0.24554	
1031	 321.29073	 315.72227	 2.39236	 1.37362	 2.82844	 2.47125	 1.08310	 2.28176	 129.57236	 127.06287	 0.26869	-0.63468	-0.81071	-0.22582	-0.19954	 0.46019	-0.29577	-0.00800	 0.23684	-0.23725	
1032	 331.03987	 325.28191	 2.42762	 1.42962	 2.82420	 2.48429	 1.14560	 2.30804	 132.79754	 130.20828	 0.19506	-0.61956	-0.77169	-0.22406	-0.21250	 0.42000	-0.26727	 0.01810	 0.22160	-0.22304	
1033	 340.03627	 334.10204	 2.46123	 1.48037	 2.81511	 2.49328	 1.20445	 2.33193	 135.72255	 133.06172	 0.12157	-0.60568	-0.72967	-0.22141	-0.22544	 0.37875	-0.23703	 0.04226	 0.19968	-0.20213	
1034	 348.19416	 342.09858	 2.49306	 1.52536	 2.80154	 2.49828	 1.25907	 2.35354	 138.33231	 135.60842	 0.04910	-0.59306	-0.68543	-0.21809	-0.23804	 0.33759	-0.20586	 0.06409	 0.17041	-0.17386	
1035	 355.43503	 349.19454	 2.52299	 1.56410	 2.78386	 2.49939	 1.30888	 2.37301	 140.61465	 137.83628	-0.02161	-0.58163	-0.63973	-0.21436	-0.25000	 0.29756	-0.17455	 0.08328	 0.13344	-0.13788	
1036	 361.68868	 355.32105	 2.55086	 1.59619	 2.76247	 2.49670	 1.35332	 2.39049	 142.55995	 139.73567	-0.08992	-0.57128	-0.59327	-0.21050	-0.26096	 0.25956	-0.14387	 0.09961	 0.08909	-0.09446	
1037	 366.89411	 360.41825	 2.57651	 1.62126	 2.73774	 2.49033	 1.39189	 2.40611	 144.16086	 141.29900	-0.15531	-0.56184	-0.54669	-0.20682	-0.27058	 0.22434	-0.11446	 0.11294	 0.03887	-0.04513	
1038	 371.00033	 364.43606	 2.59979	 1.63903	 2.71004	 2.48040	 1.42412	 2.42005	 145.41192	 142.52051	-0.21734	-0.55308	-0.50064	-0.20362	-0.27851	 0.19251	-0.08687	 0.12318	-0.01362	 0.00652	
1039	 373.96696	 367.33482	 2.62051	 1.64931	 2.67971	 2.46703	 1.44959	 2.43242	 146.30931	 143.39596	-0.27570	-0.54470	-0.45570	-0.20117	-0.28444	 0.16451	-0.06151	 0.13024	-0.06189	 0.05402	
1040	 375.76482	 369.08582	 2.63850	 1.65195	 2.64706	 2.45037	 1.46796	 2.44333	 146.85062	 143.92245	-0.33014	-0.53637	-0.41243	-0.19969	-0.28814	 0.14064	-0.03865	 0.13410	-0.09672	 0.08815	
1041	 376.37626	 369.67170	 2.65359	 1.64689	 2.61239	 2.43058	 1.47894	 2.45288	 147.03467	 144.09822	-0.38053	-0.52769	-0.37135	-0.19933	-0.28944	 0.12105	-0.01845	 0.13470	-0.10894	 0.09974	
1042	 374.77911	 368.12245	 2.63474	 1.65971	 2.65007	 2.45270	 1.47419	 2.43702	 146.65747	 143.73237	-0.34341	-0.53788	-0.39469	-0.19933	-0.28580	 0.10143	-0.02757	 0.16042	-0.09871	 0.09155	
1043	 370.04706	 363.49663	 2.60720	 1.67536	 2.68015	 2.46746	 1.47320	 2.41454	 145.53772	 142.63480	-0.34870	-0.54598	-0.36935	-0.20005	-0.27499	 0.00021	-0.00975	 0.23586	-0.05630	 0.05379	
1044	 362.24472	 355.85678	 2.57105	 1.69346	 2.70210	 2.47455	 1.47592	 2.38519	 143.67333	 140.80469	-0.39673	-0.55263	-0.29447	-0.20321	-0.25535	-0.17904	 0.02905	 0.36349	 0.05221	-0.04748	
1045	 351.47798	 345.30593	 2.52630	 1.71351	 2.71531	 2.47363	 1.48209	 2.34861	 141.06227	 138.24121	-0.48671	-0.56090	-0.16797	-0.21053	-0.22530	-0.42960	 0.07800	 0.54757	 0.27006	-0.25551	
1046	 337.89219	 331.98587	 2.47291	 1.73476	 2.71907	 2.46429	 1.49129	 2.30437	 137.70358	 134.94439	-0.61667	-0.57628	 0.01340	-0.22368	-0.18336	-0.74118	 0.12126	 0.79387	 0.63692	-0.60999	
1047	 321.66965	 316.07470	 2.41082	 1.75635	 2.71258	 2.44609	 1.50286	 2.25197	 133.59863	 130.91631	-0.78329	-0.60674	 0.25397	-0.24431	-0.12812	-1.09970	 0.13812	 1.10925	 1.18098	-1.13913	
1048	 303.02645	 297.78373	 2.33988	 1.77720	 2.69497	 2.41851	 1.51596	 2.19087	 128.75270	 126.16259	-0.98184	-0.66253	 0.55887	-0.27402	-0.05825	-1.48742	 0.10388	 1.50098	 1.91633	-1.85707	
1049	 282.20874	 277.35388	 2.25990	 1.79610	 2.66535	 2.38100	 1.52955	 2.12052	 123.17675	 120.69410	-1.20607	-0.75586	 0.93358	-0.31441	 0.02752	-1.88380	-0.00819	 1.97560	 2.84419	-2.76503	
1050	 259.48842	 255.05147	 2.17065	 1.81173	 2.62280	 2.33296	 1.54240	 2.04040	 116.88927	 114.52871	-1.44823	-0.90012	 1.38323	-0.36705	 0.13037	-2.26716	-0.22359	 2.53733	 3.95573	-3.85424	
1051	 235.15841	 231.16359	 2.07187	 1.82262	 2.56640	 2.27380	 1.55316	 1.95003	 109.91819	 107.69319	-1.69928	-1.10864	 1.91152	-0.43346	 0.25146	-2.61697	-0.56224	 3.18596	 5.23508	-5.10885	
1052	 209.52754	 205.99316	 1.96328	 1.82728	 2.49531	 2.20289	 1.56032	 1.84897	 102.30271	 100.22495	-1.94929	-1.39281	 2.51926	-0.51516	 0.39187	-2.91625	-1.03362	 3.91446	 6.66143	-6.50808	
1053	 182.91516	 179.85369	 1.84459	 1.82418	 2.40874	 2.11966	 1.56233	 1.73691	 94.09490	 92.17368	-2.18805	-1.75965	 3.20261	-0.61361	 0.55260	-3.15360	-1.63257	 4.70674	 8.21009	-8.02729	
1054	 155.64571	 153.06386	 1.71555	 1.81179	 2.30605	 2.02358	 1.55756	 1.61364	 85.36091	 83.60264	-2.40584	-2.20920	 3.95114	-0.73022	 0.73460	-3.32410	-2.33715	 5.53642	 9.85242	-9.63787	
1055	 128.04313	 125.94218	 1.57600	 1.78868	 2.18673	 1.91420	 1.54445	 1.47909	 76.18186	 74.58947	-2.59422	-2.73213	 4.74634	-0.86628	 0.93871	-3.42905	-3.10955	 6.36750	 11.55477	-11.30622	
1056	 100.42552	 98.80166	 1.42583	 1.75355	 2.05051	 1.79124	 1.52149	 1.33337	 66.65396	 65.22660	-2.74678	-3.30861	 5.56114	-1.02299	 1.16563	-3.47467	-3.90085	 7.15774	 13.27654	-12.99175	
1057	 73.10000	 71.94474	 1.26511	 1.70531	 1.89733	 1.65455	 1.48736	 1.17675	 56.88803	 55.62084	-2.85956	-3.90920	 6.36133	-1.20132	 1.41586	-3.47024	-4.65872	 7.86458	 14.96739	-14.64416	
1058	 46.35791	 45.65862	 1.09405	 1.64311	 1.72743	 1.50421	 1.44094	 1.00971	 47.00828	 45.89230	-2.93123	-4.49821	 7.10904	-1.40200	 1.68967	-3.42623	-5.33642	 8.45224	 16.56386	-16.20002	
1059	 20.47063	 20.21100	 0.91308	 1.56643	 1.54135	 1.34056	 1.38141	 0.83293	 37.15013	 36.17256	-2.96288	-5.03929	 7.76814	-1.62542	 1.98698	-3.35284	-5.90045	 8.89783	 17.98562	-17.57903	
1060	-4.31414	-4.15355	 0.72285	 1.47511	 1.33998	 1.16420	 1.30830	 0.64731	 27.45736	 26.60199	-2.95760	-5.50168	 8.31005	-1.87151	 2.30732	-3.25900	-6.33465	 9.19453	 19.13179	-18.68034	
1061	-27.77531	-27.21661	 0.52428	 1.36941	 1.12455	 0.97602	 1.22153	 0.45399	 18.07848	 17.32634	-2.91981	-5.86542	 8.71833	-2.13967	 2.64965	-3.15197	-6.63989	 9.35083	 19.87862	-19.38022	
1062	-49.72074	-48.78822	 0.31853	 1.25002	 0.89666	 0.77725	 1.12150	 0.25432	 9.16237	 8.49268	-2.85466	-6.12371	 8.99041	-2.42861	 3.01230	-3.03721	-6.83025	 9.38661	 20.08024	-19.53281	
1063	-69.98867	-68.70844	 0.10705	 1.11809	 0.65826	 0.56941	 1.00903	 0.04987	 0.85366	 0.24489	-2.76740	-6.28214	 9.13623	-2.73622	 3.39281	-2.91858	-6.92754	 9.32779	 19.57583	-18.97736	
1064	-88.44864	-86.84818	-0.10847	 0.97524	 0.41163	 0.35432	 0.88546	-0.15758	-6.71221	-7.28113	-2.66300	-6.35535	 9.17451	-3.05948	 3.78783	-2.79859	-6.95604	 9.20135	 18.20773	-17.55619	
1065	-105.00155	-103.10943	-0.32610	 0.82352	 0.15939	 0.13409	 0.75257	-0.36605	-13.41382	-13.96226	-2.54583	-6.36283	 9.12822	-3.39429	 4.19296	-2.67867	-6.93857	 9.03173	 15.85526	-15.14870	
1066	-119.57924	-117.42482	-0.54372	 0.66536	-0.09559	-0.08895	 0.61256	-0.57340	-19.14826	-19.69270	-2.41951	-6.32497	 9.02053	-3.73542	 4.60272	-2.55948	-6.89434	 8.83890	 12.48780	-11.72428	
1067	-132.14351	-129.75661	-0.75902	 0.50356	-0.35024	-0.31227	 0.46803	-0.77736	-23.83488	-24.38795	-2.28691	-6.26036	 8.87207	-4.07641	 5.01042	-2.44112	-6.83823	 8.63783	 8.23280	-7.41044	
1068	-142.68475	-140.09536	-0.96963	 0.34117	-0.60134	-0.53319	 0.32186	-0.97557	-27.41833	-27.98802	-2.15016	-6.18429	 8.69952	-4.40955	 5.40816	-2.32330	-6.78090	 8.43890	 3.44119	-2.55815	
1069	-151.22020	-148.45819	-1.17310	 0.18145	-0.84559	-0.74899	 0.17717	-1.16563	-29.87033	-30.45961	-2.01075	-6.10844	 8.51536	-4.72592	 5.78687	-2.20547	-6.72953	 8.24866	-1.28510	 2.23060	
1070	-157.79200	-154.88681	-1.36700	 0.02772	-1.07973	-0.95692	 0.03719	-1.34514	-31.19043	-31.79716	-1.86966	-6.04108	 8.32825	-5.01552	 6.13643	-2.08697	-6.68860	 8.07079	-5.14598	 6.15564	
1071	-162.46516	-159.44543	-1.54897	-0.11667	-1.30058	-1.15430	-0.09481	-1.51179	-31.40546	-32.02271	-1.72742	-5.98774	 8.14372	-5.26740	 6.44581	-1.96705	-6.66064	 7.90688	-7.29727	 8.37274	
1072	-165.32529	-162.21855	-1.71678	-0.24852	-1.50518	-1.33860	-0.21568	-1.66340	-30.56796	-31.18464	-1.58428	-5.95180	 7.96499	-5.46994	 6.70336	-1.84495	-6.64689	 7.75718	-7.07176	 8.21458	
1073	-166.47640	-163.30873	-1.86842	-0.36481	-1.69082	-1.50746	-0.32243	-1.79800	-28.75350	-29.35524	-1.44020	-5.93514	 7.79363	-5.61120	 6.89710	-1.71995	-6.64774	 7.62109	-4.17554	 5.38719	
1074	-166.03866	-162.83432	-2.00210	-0.46284	-1.85516	-1.65879	-0.41237	-1.91385	-26.05729	-26.62758	-1.29502	-5.93863	 7.63012	-5.67924	 7.01517	-1.59140	-6.66308	 7.49753	 1.23705	 0.04483	
1075	-164.14605	-160.92724	-2.11631	-0.54030	-1.99627	-1.79078	-0.48319	-2.00957	-22.59030	-23.11154	-1.14846	-5.96247	 7.47433	-5.66261	 7.04618	-1.45872	-6.69256	 7.38523	 8.64174	-7.28833	
1076	-160.94416	-157.73074	-2.20989	-0.59532	-2.11269	-1.90200	-0.53301	-2.08412	-18.47495	-18.92965	-1.00016	-6.00647	 7.32576	-5.55079	 6.97970	-1.32145	-6.73567	 7.28286	 17.32288	-15.89673	
1077	-156.58786	-153.39718	-2.28204	-0.62658	-2.20346	-1.99136	-0.56048	-2.13687	-13.84088	-14.21264	-0.84973	-6.07021	 7.18380	-5.33455	 6.80667	-1.17923	-6.79191	 7.18915	 26.56093	-25.06090	
1078	-151.23902	-148.08579	-2.33229	-0.63328	-2.26816	-2.05819	-0.56475	-2.16762	-8.82083	-9.09519	-0.69679	-6.15319	 7.04781	-5.00639	 6.51977	-1.03183	-6.86073	 7.10294	 35.76143	-34.18649	
1079	-145.06428	-141.96051	-2.36060	-0.61520	-2.30691	-2.10221	-0.54558	-2.17662	-3.54683	-3.71189	-0.54095	-6.25483	 6.91727	-4.56082	 6.11372	-0.87913	-6.94166	 7.02323	 44.50787	-42.85705	
1080	-138.23275	-135.18776	-2.36729	-0.57271	-2.32033	-2.12356	-0.50325	-2.16455	 1.85304	 1.80625	-0.38182	-6.37457	 6.79174	-3.99456	 5.58549	-0.72117	-7.03422	 6.94918	 52.55623	-50.82866	
1081	-130.91381	-127.93431	-2.35307	-0.50673	-2.30956	-2.12278	-0.43863	-2.13251	 7.25746	 7.33480	-0.21906	-6.51186	 6.67096	-3.30666	 4.93440	-0.55808	-7.13794	 6.88007	 59.79972	-57.99458	
1082	-123.27496	-120.36516	-2.31899	-0.41871	-2.27618	-2.10081	-0.35307	-2.08200	 12.55402	 12.75831	-0.05235	-6.66614	 6.55479	-2.49847	 4.16210	-0.39013	-7.25238	 6.81534	 66.22624	-64.34280	
1083	-115.47975	-112.64151	-2.26647	-0.31062	-2.22217	-2.05894	-0.24844	-2.01487	 17.64084	 17.97205	 0.11858	-6.83686	 6.44321	-1.57357	 3.27248	-0.21768	-7.37707	 6.75457	 71.88101	-69.91861	
1084	-107.68579	-104.91881	-2.19723	-0.18486	-2.14986	-1.99882	-0.12702	-1.93329	 22.42757	 22.88320	 0.29400	-7.02346	 6.33634	-0.53753	 2.27143	-0.04120	-7.51153	 6.69742	 76.83871	-74.79674	
1085	-100.04290	-97.34496	-2.11329	-0.04419	-2.06188	-1.92240	 0.00854	-1.83965	 26.83603	 27.41149	 0.47409	-7.22538	 6.23439	 0.60232	 1.16661	 0.13875	-7.65524	 6.64366	 81.18478	-79.06270	
1086	-92.69149	-90.05863	-2.01691	 0.10827	-1.96104	-1.83191	 0.15528	-1.73654	 30.80031	 31.48941	 0.65904	-7.44200	 6.13765	 1.83721	-0.03286	 0.32157	-7.80764	 6.59313	 85.00418	-82.80149	
1087	-85.76103	-83.18780	-1.91056	 0.26919	-1.85032	-1.72981	 0.31000	-1.62667	 34.26661	 35.06199	 0.84895	-7.67267	 6.04647	 3.15723	-1.31675	 0.50657	-7.96815	 6.54573	 88.37522	-86.09148	
1088	-79.36877	-76.84844	-1.79690	 0.43506	-1.73276	-1.61875	 0.46936	-1.51281	 37.19278	 38.08636	 1.04392	-7.91667	 5.96122	 4.55168	-2.67402	 0.69306	-8.13613	 6.50141	 91.36678	-89.00160	
1089	-73.61865	-71.14345	-1.67869	 0.60228	-1.61143	-1.50152	 0.62990	-1.39773	 39.54768	 40.53102	 1.24397	-8.17323	 5.88230	 6.00932	-4.09311	 0.88031	-8.31092	 6.46015	 94.03754	-91.59055	
1090	-68.60045	-66.16177	-1.55881	 0.76721	-1.48937	-1.38103	 0.78815	-1.28415	 41.31040	 42.37503	 1.44909	-8.44149	 5.81013	 7.51865	-5.56224	 1.06762	-8.49180	 6.42195	 96.43624	-93.90710	
1091	-64.38920	-61.97778	-1.44013	 0.92627	-1.36950	-1.26022	 0.94067	-1.17467	 42.46945	 43.60708	 1.65922	-8.72054	 5.74507	 9.06813	-7.06958	 1.25429	-8.67807	 6.38682	 98.60258	-95.99099	
1092	-61.04471	-58.65086	-1.32556	 1.07598	-1.25464	-1.14205	 1.08414	-1.07176	 43.02190	 44.22457	 1.87425	-9.00938	 5.68747	 10.64638	-8.60349	 1.43969	-8.86899	 6.35477	 100.56833	-97.87400	
1093	-58.61148	-56.22525	-1.21791	 1.21304	-1.14740	-1.02944	 1.21536	-0.97769	 42.97248	 44.23268	 2.09405	-9.30694	 5.63765	 12.24226	-10.15261	 1.62325	-9.06382	 6.32580	 102.35843	-99.58109	
1094	-57.11865	-54.73001	-1.11993	 1.33436	-1.05022	-0.92521	 1.33137	-0.89452	 42.33286	 43.64349	 2.31844	-9.61207	 5.59584	 13.84504	-11.70601	 1.80447	-9.26187	 6.29990	 103.99209	-101.13149	
1095	-56.58032	-54.17936	-1.03419	 1.43712	-0.96528	-0.83205	 1.42945	-0.82408	 41.12083	 42.47522	 2.54719	-9.92357	 5.56222	 15.44441	-13.25323	 1.98294	-9.46242	 6.27705	 105.48379	-102.53969	
1096	-56.99596	-54.57300	-0.96307	 1.51882	-0.89454	-0.75249	 1.50717	-0.76792	 39.35967	 40.75142	 2.78006	-10.24020	 5.53689	 17.03059	-14.78437	 2.15839	-9.66484	 6.25720	 106.84414	-103.81630	
1097	-58.35104	-55.89681	-0.90875	 1.57728	-0.83968	-0.68881	 1.56242	-0.72736	 37.07751	 38.50042	 3.01678	-10.56066	 5.51987	 18.59433	-16.29010	 2.33063	-9.86853	 6.24030	 108.08066	-104.96885	
1098	-60.61777	-58.12356	-0.87312	 1.61070	-0.80212	-0.64307	 1.59342	-0.70343	 34.30683	 35.75471	 3.25707	-10.88364	 5.51107	 20.12695	-17.76170	 2.49964	-10.07295	 6.22623	 109.19845	-106.00244	
1099	-63.75610	-61.21386	-0.85778	 1.61767	-0.78297	-0.61704	 1.59878	-0.69688	 31.08398	 32.55048	 3.50062	-11.20781	 5.51035	 21.62036	-19.19108	 2.66549	-10.27765	 6.21490	 110.20075	-106.92033	
1100	-67.71469	-65.11718	-0.86400	 1.59717	-0.78311	-0.61215	 1.57747	-0.70820	 27.44873	 28.92722	 3.74713	-11.53185	 5.51746	 23.06707	-20.57081	 2.82841	-10.48223	 6.20616	 111.08951	-107.72444	
1101	-72.43211	-69.77298	-0.89271	 1.54857	-0.80309	-0.62952	 1.52884	-0.73762	 23.44394	 24.92732	 3.99626	-11.85446	 5.53204	 24.46026	-21.89414	 2.98877	-10.68641	 6.19986	 111.86574	-108.41581	
1102	-77.83806	-75.11195	-0.94448	 1.47169	-0.84321	-0.66991	 1.45265	-0.78509	 19.11523	 20.59581	 4.24769	-12.17434	 5.55369	 25.79375	-23.15504	 3.14704	-10.88999	 6.19583	 112.52993	-108.99494	
1103	-83.85471	-81.05731	-1.01952	 1.36672	-0.90348	-0.73372	 1.34903	-0.85033	 14.51058	 15.98004	 4.50107	-12.49026	 5.58191	 27.06206	-24.34819	 3.30382	-11.09284	 6.19389	 113.08239	-109.46213	
1104	-90.39801	-87.52610	-1.11766	 1.23424	-0.98364	-0.82097	 1.21851	-0.93280	 9.68006	 11.12936	 4.75606	-12.80100	 5.61612	 28.26043	-25.46905	 3.45985	-11.29496	 6.19384	 113.52345	-109.81775	
1105	-97.37908	-94.43060	-1.23836	 1.07525	-1.08316	-0.93133	 1.06196	-1.03176	 4.67548	 6.09491	 5.01224	-13.10540	 5.65569	 29.38484	-26.51383	 3.61592	-11.49642	 6.19550	 113.85373	-110.06244	
1106	-104.70561	-101.67963	-1.38075	 0.89107	-1.20127	-1.06410	 0.88065	-1.14621	-0.45002	 0.92922	 5.26918	-13.40232	 5.69994	 30.43202	-27.47954	 3.77296	-11.69737	 6.19866	 114.07429	-110.19728	
1107	-112.28323	-109.17997	-1.54359	 0.68340	-1.33693	-1.21825	 0.67615	-1.27500	-5.64233	-4.31405	 5.52638	-13.69065	 5.74814	 31.39947	-28.36401	 3.93192	-11.89806	 6.20314	 114.18676	-110.22394	
1108	-120.01683	-116.83761	-1.72538	 0.45425	-1.48886	-1.39240	 0.45038	-1.41675	-10.84685	-9.58055	 5.78326	-13.96932	 5.79955	 32.28547	-29.16582	 4.09383	-12.09881	 6.20876	 114.19344	-110.14477	
1109	-127.81188	-124.55911	-1.92428	 0.20593	-1.65558	-1.58491	 0.20555	-1.56992	-16.00898	-14.81568	 6.03913	-14.23723	 5.85339	 33.08903	-29.88437	 4.25976	-12.30000	 6.21537	 114.09734	-109.96282	
1110	-135.57565	-132.25274	-2.13825	-0.05900	-1.83539	-1.79384	-0.05586	-1.73283	-21.07467	-19.96503	 6.29316	-14.49328	 5.90889	 33.80992	-30.51978	 4.43077	-12.50207	 6.22282	 113.90221	-109.68191	
1111	-143.21836	-139.82967	-2.36502	-0.33775	-2.02640	-2.01704	-0.33115	-1.90366	-25.99099	-24.97502	 6.54437	-14.73634	 5.96530	 34.44861	-31.07291	 4.60793	-12.70552	 6.23100	 113.61252	-109.30659	
1112	-150.65425	-147.20499	-2.60215	-0.62731	-2.22657	-2.25214	-0.61739	-2.08046	-30.70678	-29.79340	 6.79163	-14.96522	 6.02187	 35.00621	-31.54528	 4.79228	-12.91085	 6.23981	 113.23341	-108.84208	
1113	-157.80255	-154.29869	-2.84706	-0.92454	-2.43370	-2.49665	-0.91149	-2.26123	-35.17330	-34.36998	 7.03358	-15.17867	 6.07789	 35.48446	-31.93902	 4.98478	-13.11859	 6.24919	 112.77065	-108.29425	
1114	-164.58832	-161.03651	-3.09712	-1.22618	-2.64548	-2.74794	-1.21022	-2.44386	-39.34489	-38.65728	 7.26868	-15.37536	 6.13270	 35.88562	-32.25679	 5.18635	-13.32926	 6.25910	 112.23055	-107.66953	
1115	-170.94319	-167.35065	-3.34963	-1.52889	-2.85955	-3.00332	-1.51029	-2.62625	-43.17963	-42.61122	 7.49518	-15.55389	 6.18567	 36.21243	-32.50175	 5.39776	-13.54336	 6.26950	 111.61987	-106.97478	
1116	-176.80602	-173.18039	-3.60190	-1.82931	-3.07347	-3.26006	-1.80833	-2.80625	-46.64001	-46.19184	 7.71114	-15.71278	 6.23626	 36.46805	-32.67744	 5.61969	-13.76133	 6.28041	 110.94570	-106.21724	
1117	-182.12334	-178.47263	-3.85126	-2.12409	-3.28481	-3.51547	-2.10098	-2.98176	-49.69350	-49.36397	 7.91448	-15.85054	 6.28397	 36.65595	-32.78772	 5.85263	-13.98355	 6.29183	 110.21534	-105.40435	
1118	-186.84975	-183.18222	-4.09516	-2.40995	-3.49116	-3.76688	-2.38495	-3.15072	-52.31310	-52.09783	 8.10299	-15.96565	 6.32835	 36.77987	-32.83669	 6.09690	-14.21030	 6.30379	 109.43622	-104.54370	
1119	-190.94820	-187.27222	-4.33114	-2.68371	-3.69017	-4.01173	-2.65700	-3.31118	-54.47784	-54.36966	 8.27442	-16.05666	 6.36904	 36.84375	-32.82864	 6.35261	-14.44175	 6.31630	 108.61575	-103.64287	
1120	-194.39008	-190.71409	-4.55688	-2.94233	-3.87961	-4.24758	-2.91405	-3.46129	-56.17307	-56.16209	 8.42656	-16.12226	 6.40574	 36.85162	-32.76796	 6.61965	-14.67793	 6.32939	 107.76125	-102.70936	
1121	-197.15529	-193.48765	-4.77027	-3.18297	-4.05740	-4.47215	-3.15321	-3.59934	-57.39076	-57.46459	 8.55737	-16.16138	 6.43821	 36.80761	-32.65908	 6.89767	-14.91872	 6.34306	 106.87980	-101.75044	
1122	-199.23213	-195.58107	-4.96937	-3.40301	-4.22162	-4.68334	-3.37181	-3.72383	-58.12961	-58.27361	 8.66503	-16.17326	 6.46626	 36.71583	-32.50639	 7.18606	-15.16382	 6.35731	 105.97822	-100.77313	
1123	-200.61712	-196.99066	-5.15249	-3.60010	-4.37058	-4.87926	-3.56742	-3.83344	-58.39503	-58.59270	 8.74811	-16.15757	 6.48977	 36.58036	-32.31423	 7.48396	-15.41277	 6.37209	 105.06294	-99.78405	
1124	-201.31472	-197.72058	-5.31817	-3.77220	-4.50282	-5.05826	-3.73793	-3.92710	-58.19903	-58.43244	 8.80568	-16.11453	 6.50867	 36.40519	-32.08683	 7.79029	-15.66491	 6.38734	 104.13997	-98.78942	
1125	-201.33701	-197.78256	-5.46524	-3.91756	-4.61718	-5.21894	-3.88157	-4.00398	-57.55988	-57.81016	 8.83738	-16.04495	 6.52294	 36.19417	-31.82826	 8.10369	-15.91944	 6.40297	 103.21483	-97.79499	
1126	-200.70321	-197.19539	-5.59276	-4.03482	-4.71276	-5.36016	-3.99689	-4.06352	-56.50179	-56.74962	 8.84351	-15.95032	 6.53257	 35.95102	-31.54238	 8.42262	-16.17537	 6.41885	 102.29255	-96.80600	
1127	-199.43918	-195.98451	-5.70009	-4.12294	-4.78898	-5.48108	-4.08285	-4.10543	-55.05433	-55.28044	 8.82506	-15.83283	 6.53763	 35.67925	-31.23287	 8.74535	-16.43159	 6.43482	 101.37763	-95.82714	
1128	-197.57691	-194.18138	-5.78688	-4.18130	-4.84559	-5.58111	-4.13878	-4.12973	-53.25182	-53.43749	 8.78372	-15.69534	 6.53820	 35.38220	-30.90315	 9.06999	-16.68686	 6.45070	 100.47402	-94.86261	
1129	-195.15385	-191.82295	-5.85306	-4.20963	-4.88263	-5.65997	-4.16440	-4.13669	-51.13269	-51.26012	 8.72187	-15.54133	 6.53441	 35.06295	-30.55641	 9.39455	-16.93984	 6.46629	 99.58517	-93.91603	
1130	-192.21232	-188.95097	-5.89882	-4.20805	-4.90047	-5.71769	-4.15983	-4.12687	-48.73863	-48.79138	 8.64246	-15.37484	 6.52639	 34.72439	-30.19557	 9.71698	-17.18915	 6.48135	 98.71399	-92.99052	
1131	-188.79877	-185.61134	-5.92466	-4.17708	-4.89978	-5.75457	-4.12558	-4.10110	-46.11388	-46.07711	 8.54893	-15.20032	 6.51431	 34.36915	-29.82325	 10.03519	-17.43336	 6.49565	 97.86290	-92.08870	
1132	-184.96313	-181.85343	-5.93133	-4.11758	-4.88152	-5.77118	-4.06253	-4.06044	-43.30437	-43.16506	 8.44511	-15.02252	 6.49838	 33.99962	-29.44185	 10.34709	-17.67102	 6.50895	 97.03386	-91.21270	
1133	-180.75807	-177.72931	-5.91983	-4.03076	-4.84689	-5.76841	-3.97193	-4.00619	-40.35690	-40.10402	 8.33509	-14.84634	 6.47879	 33.61797	-29.05346	 10.65064	-17.90070	 6.52102	 96.22837	-90.36420	
1134	-176.23828	-173.29312	-5.89141	-3.91817	-4.79737	-5.74737	-3.85534	-3.93982	-37.31838	-36.94291	 8.22308	-14.67670	 6.45580	 33.22610	-28.65990	 10.94385	-18.12096	 6.53164	 95.44755	-89.54444	
1135	-171.45974	-168.60025	-5.84754	-3.78164	-4.73462	-5.70945	-3.71463	-3.86300	-34.23504	-33.73003	 8.11334	-14.51844	 6.42963	 32.82570	-28.26272	 11.22482	-18.33041	 6.54059	 94.69212	-88.75430	
1136	-166.47901	-163.70672	-5.78989	-3.62328	-4.66047	-5.65626	-3.55194	-3.77751	-31.15177	-30.51224	 8.01007	-14.37620	 6.40055	 32.41820	-27.86323	 11.49170	-18.52760	 6.54769	 93.96248	-87.99428	
1137	-161.35256	-158.66843	-5.72031	-3.44543	-4.57690	-5.58961	-3.36965	-3.68524	-28.11149	-27.33437	 7.91734	-14.25436	 6.36883	 32.00483	-27.46245	 11.74271	-18.71111	 6.55277	 93.25870	-87.26454	
1138	-156.13604	-153.54053	-5.64082	-3.25060	-4.48600	-5.51150	-3.17030	-3.58815	-25.15457	-24.23857	 7.83910	-14.15700	 6.33471	 31.58658	-27.06116	 11.97611	-18.87943	 6.55570	 92.58060	-86.56498	
1139	-150.88373	-148.37674	-5.55355	-3.04148	-4.38991	-5.42408	-2.95662	-3.48824	-22.31837	-21.26389	 7.77912	-14.08789	 6.29845	 31.16426	-26.65993	 12.19015	-19.03097	 6.55638	 91.92775	-85.89519	
1140	-145.64784	-143.22880	-5.46074	-2.82086	-4.29082	-5.32963	-2.73142	-3.38748	-19.63688	-18.44585	 7.74099	-14.05045	 6.26029	 30.73843	-26.25904	 12.38308	-19.16398	 6.55473	 91.29949	-85.25455	
1141	-140.47803	-138.14587	-5.36469	-2.59159	-4.19089	-5.23052	-2.49760	-3.28784	-17.14040	-15.81617	 7.72816	-14.04778	 6.22043	 30.30951	-25.85860	 12.55304	-19.27651	 6.55069	 90.69499	-84.64222	
1142	-135.42086	-133.17406	-5.26777	-2.35656	-4.09229	-5.12918	-2.25804	-3.19123	-14.85531	-13.40255	 7.74393	-14.08269	 6.17904	 29.87770	-25.45847	 12.69806	-19.36636	 6.54424	 90.11326	-84.05717	
1143	-130.51936	-128.35595	-5.17231	-2.11863	-3.99708	-5.02804	-2.01566	-3.09947	-12.80397	-11.22857	 7.79146	-14.15767	 6.13623	 29.44302	-25.05831	 12.81601	-19.43103	 6.53539	 89.55317	-83.49820	
1144	-125.81262	-123.73021	-5.08064	-1.88061	-3.90726	-4.92954	-1.77328	-3.01426	-11.00463	-9.31361	 7.87373	-14.27491	 6.09204	 29.00536	-24.65758	 12.90453	-19.46768	 6.52414	 89.01347	-82.96396	
1145	-121.33547	-119.33128	-4.99504	-1.64521	-3.82470	-4.83607	-1.53365	-2.93718	-9.47145	-7.67289	 7.99356	-14.43626	 6.04642	 28.56440	-24.25553	 12.96104	-19.47308	 6.51052	 88.49280	-82.45300	
1146	-117.11820	-115.18909	-4.91769	-1.41503	-3.75115	-4.74993	-1.29939	-2.86969	-8.21456	-6.31754	 8.15353	-14.64320	 5.99920	 28.11971	-23.85122	 12.98271	-19.44361	 6.49460	 87.98975	-81.96372	
1147	-113.18636	-111.32888	-4.85063	-1.19249	-3.68820	-4.67329	-1.07297	-2.81306	-7.24015	-5.25471	 8.35587	-14.89676	 5.95009	 27.67069	-23.44351	 12.96647	-19.37526	 6.47640	 87.50283	-81.49447	
1148	-109.56066	-107.77102	-4.79579	-0.97984	-3.63728	-4.60819	-0.85666	-2.76842	-6.55066	-4.48773	 8.60236	-15.19741	 5.89862	 27.21661	-23.03105	 12.90903	-19.26368	 6.45601	 87.03050	-81.04350	
1149	-106.25683	-104.53102	-4.75489	-0.77910	-3.59962	-4.55649	-0.65255	-2.73671	-6.14496	-4.01633	 8.89419	-15.54490	 5.84412	 26.75662	-22.61228	 12.80700	-19.10423	 6.43347	 86.57120	-80.60900	
1150	-103.28566	-101.61945	-4.72948	-0.59209	-3.57630	-4.51984	-0.46248	-2.71870	-6.01854	-3.83678	 9.23168	-15.93809	 5.78567	 26.28973	-22.18543	 12.65691	-18.89211	 6.40884	 86.12334	-80.18914	
1151	-100.65309	-99.04205	-4.72087	-0.42035	-3.56818	-4.49967	-0.28806	-2.71498	-6.16380	-3.94221	 9.61417	-16.37478	 5.72207	 25.81486	-21.74845	 12.45546	-18.62245	 6.38219	 85.68533	-79.78203	
1152	-98.36024	-96.79984	-4.73014	-0.26517	-3.57593	-4.49716	-0.13066	-2.72597	-6.57025	-4.32278	 10.03972	-16.85147	 5.65172	 25.33082	-21.29903	 12.19960	-18.29056	 6.35358	 85.25557	-79.38577	
1153	-96.40367	-94.88929	-4.75812	-0.12760	-3.60003	-4.51324	 0.00864	-2.75189	-7.22481	-4.96599	 10.50489	-17.36315	 5.57260	 24.83633	-20.83454	 11.88683	-17.89208	 6.32304	 84.83251	-78.99847	
1154	-94.77556	-93.30256	-4.80540	-0.00839	-3.64075	-4.54857	 0.12901	-2.79280	-8.11206	-5.85688	 11.00463	-17.90320	 5.48211	 24.33005	-20.35194	 11.51542	-17.42326	 6.29064	 84.41458	-78.61824	
1155	-93.46402	-92.02775	-4.87226	 0.09197	-3.69817	-4.60352	 0.22991	-2.84859	-9.21454	-6.97835	 11.53210	-18.46330	 5.37693	 23.81059	-19.84773	 11.08471	-16.88122	 6.25641	 84.00030	-78.24320	
1156	-92.45336	-91.04926	-4.95875	 0.17325	-3.77217	-4.67821	 0.31103	-2.91898	-10.51300	-8.31137	 12.07878	-19.03346	 5.25283	 23.27658	-19.31780	 10.59542	-16.26425	 6.22039	 83.58818	-77.87151	
1157	-91.72449	-90.34812	-5.06466	 0.23547	-3.86243	-4.77247	 0.37236	-3.00354	-11.98669	-9.83527	 12.63461	-19.60225	 5.10437	 22.72665	-18.75727	 10.04997	-15.57206	 6.18263	 83.17683	-77.50137	
1158	-91.25529	-89.90236	-5.18948	 0.27892	-3.96847	-4.88587	 0.41413	-3.10167	-13.61364	-11.52795	 13.18834	-20.15718	 4.92454	 22.15958	-18.16025	 9.45282	-14.80612	 6.14315	 82.76491	-77.13105	
1159	-91.02101	-89.68745	-5.33251	 0.30410	-4.08960	-5.01772	 0.43683	-3.21265	-15.37093	-13.36622	 13.72808	-20.68526	 4.70421	 21.57438	-17.51948	 8.81080	-13.96983	 6.10200	 82.35113	-76.75887	
1160	-90.99472	-89.67668	-5.49277	 0.31176	-4.22499	-5.16709	 0.44115	-3.33562	-17.23495	-15.32597	 14.24199	-21.17365	 4.43133	 20.97044	-16.82589	 8.13347	-13.06883	 6.05921	 81.93431	-76.38323	
1161	-91.14771	-89.84166	-5.66908	 0.30281	-4.37362	-5.33283	 0.42803	-3.46958	-19.18168	-17.38245	 14.71902	-21.61053	 4.08982	 20.34780	-16.06780	 7.43342	-12.11113	 6.01482	 81.51334	-76.00260	
1162	-91.45000	-90.15270	-5.86008	 0.27837	-4.53436	-5.51359	 0.39860	-3.61344	-21.18693	-19.51054	 15.14972	-21.98583	 3.65793	 19.70758	-15.22997	 6.72660	-11.10721	 5.96886	 81.08719	-75.61554	
1163	-91.87072	-90.57929	-6.06422	 0.23971	-4.70592	-5.70783	 0.35415	-3.76600	-23.22662	-21.68496	 15.52689	-22.29195	 3.10568	 19.05255	-14.29199	 6.03261	-10.07007	 5.92139	 80.65493	-75.22074	
1164	-92.37858	-91.09050	-6.27978	 0.18826	-4.88687	-5.91387	 0.29617	-3.92598	-25.27700	-23.88054	 15.84615	-22.52431	 2.39107	 18.38825	-13.22595	 5.37509	-9.01504	 5.87244	 80.21574	-74.81694	
1165	-92.94230	-91.65545	-6.50495	 0.12553	-5.07573	-6.12987	 0.22623	-4.09200	-27.31489	-26.07246	 16.10620	-22.68162	 1.45410	 17.72460	-11.99280	 4.78195	-7.95950	 5.82204	 79.76889	-74.40300	
1166	-93.53101	-92.24365	-6.73780	 0.05313	-5.27087	-6.35391	 0.14607	-4.26264	-29.31791	-28.23646	 16.30883	-22.76593	 0.20735	 17.07889	-10.53682	 4.28589	-6.92235	 5.77021	 79.31377	-73.97790	
1167	-94.11465	-92.82545	-6.97633	-0.02723	-5.47063	-6.58400	 0.05746	-4.43643	-31.26469	-30.34911	 16.45879	-22.78245	-1.47942	 16.48078	-8.77675	 3.92501	-5.92317	 5.71697	 78.84985	-73.54069	
1168	-94.66431	-93.37236	-7.21851	-0.11384	-5.67328	-6.81809	-0.03772	-4.61186	-33.13506	-32.38801	 16.56331	-22.73909	-3.80442	 15.98126	-6.59187	 3.74400	-4.98108	 5.66227	 78.37674	-73.09054	
1169	-95.15260	-93.85736	-7.46226	-0.20495	-5.87708	-7.05410	-0.13760	-4.78742	-34.91025	-34.33201	 16.63163	-22.64601	-7.07594	 15.66914	-3.80014	 3.79646	-4.11332	 5.60607	 77.89415	-72.62670	
1170	-95.55391	-94.25527	-7.70554	-0.29882	-6.08026	-7.28998	-0.24027	-4.96160	-36.57303	-36.16142	 16.67441	-22.51497	-11.78252	 15.70155	-0.12477	 4.14944	-3.33349	 5.54822	 77.40189	-72.14850	
1171	-95.84472	-94.54293	-7.94632	-0.39373	-6.28105	-7.52368	-0.34386	-5.13289	-38.10787	-37.85820	 16.70316	-22.35880	-18.70678	 16.36056	 4.85218	 4.89206	-2.64944	 5.48851	 76.89993	-71.65532	
1172	-96.00379	-94.69948	-8.18264	-0.48802	-6.47775	-7.75324	-0.44654	-5.29983	-39.50106	-39.40613	 16.72973	-22.19081	-29.09044	 18.15101	 11.73753	 6.15199	-2.06015	 5.42661	 76.38831	-71.14661	
1173	-96.01239	-94.70654	-8.41261	-0.58009	-6.66869	-7.97676	-0.54652	-5.46102	-40.74081	-40.79095	 16.76586	-22.02441	-44.77507	 21.91901	 21.31258	 8.12602	-1.54976	 5.36203	 75.86725	-70.62184	
1174	-95.85443	-94.54833	-8.63444	-0.66844	-6.85226	-8.19242	-0.64214	-5.61510	-41.81734	-42.00052	 16.82279	-21.87262	-67.81019	 28.68152	 34.23992	 11.13583	-1.07146	 5.29408	 75.33709	-70.08044	
1175	-95.51658	-94.21184	-8.84648	-0.75166	-7.02698	-8.39856	-0.73183	-5.76084	-42.72291	-43.02490	 16.91097	-21.74781	-97.35487	 37.47174	 49.97208	 15.72364	-0.49573	 5.22177	 74.79837	-69.52183	
1176	-94.98837	-93.68685	-9.04719	-0.82846	-7.19144	-8.59361	-0.81416	-5.89705	-43.45184	-43.85643	 17.03975	-21.66133	-119.58476	 37.35592	 64.32927	 22.77417	 0.58035	 5.14377	 74.25180	-68.94529	
1177	-94.26219	-92.96602	-9.23518	-0.89771	-7.34439	-8.77618	-0.88783	-6.02271	-44.00056	-44.48980	 17.21714	-21.62327	-105.80421	 7.12013	 67.26197	 33.37406	 3.63633	 5.05822	 73.69837	-68.34994	
1178	-93.33332	-92.04484	-9.40923	-0.95839	-7.48471	-8.94503	-0.95172	-6.13688	-44.36754	-44.92203	 17.44957	-21.64219	-61.31676	-40.05706	 45.80906	 46.31642	 14.96366	 4.96261	 73.13939	-67.73463	
1179	-92.19989	-90.92163	-9.56830	-1.00965	-7.61142	-9.09909	-1.00488	-6.23877	-44.55325	-45.15247	 17.74170	-21.72487	-24.93105	-65.61593	-8.26497	 46.28082	 58.36568	 4.85348	 72.57660	-67.09777	
1180	-90.86281	-89.59747	-9.71152	-1.05079	-7.72373	-9.23746	-1.04651	-6.32775	-44.56011	-45.18275	 18.09619	-21.87613	-6.88236	-67.25210	-90.51844	 19.30224	 151.29522	 4.72611	 72.01235	-66.43718	
1181	-89.32569	-88.07609	-9.83820	-1.08130	-7.82099	-9.35946	-1.07605	-6.40330	-44.39236	-45.01673	 18.51373	-22.09874	 0.09952	-59.35919	-157.18133	 8.22749	 214.25752	 4.57391	 71.44984	-65.74977	
1182	-87.59469	-86.36376	-9.94785	-1.10080	-7.90276	-9.46457	-1.09308	-6.46507	-44.05597	-44.66035	 18.99305	-22.39347	 1.96605	-50.57943	-145.86994	 8.59465	 192.02029	 4.38768	 70.89354	-65.03114	
1183	-85.67836	-84.46910	-10.04017	-1.10909	-7.96874	-9.55246	-1.09739	-6.51289	-43.55851	-44.12149	 19.53131	-22.75940	 1.58926	-43.67099	-90.34317	 9.80837	 128.82283	 4.15427	 70.34974	-64.27486	
1184	-83.58750	-82.40298	-10.11502	-1.10613	-8.01884	-9.62301	-1.08896	-6.54669	-42.90896	-43.40988	 20.12462	-23.19450	 0.23602	-38.90539	-45.60207	 10.81927	 79.71925	 3.85458	 69.82760	-63.47146	
1185	-81.33494	-80.17823	-10.17249	-1.09205	-8.05312	-9.67627	-1.06793	-6.56660	-42.11760	-42.53684	 20.76894	-23.69642	-1.51696	-35.80687	-19.06718	 11.69940	 51.00474	 3.46022	 69.34074	-62.60673	
1186	-78.93532	-77.80948	-10.21281	-1.06710	-8.07182	-9.71248	-1.03461	-6.57286	-41.19581	-41.51511	 21.46123	-24.26364	-3.38259	-33.74006	-3.87138	 12.48053	 34.85729	 2.92788	 68.90997	-61.65877	
1187	-76.40484	-75.31293	-10.23639	-1.03170	-8.07532	-9.73205	-0.98949	-6.56586	-40.15586	-40.35867	 22.20072	-24.89677	-5.19838	-32.08336	 5.07001	 13.12288	 25.44749	 2.18950	 68.56816	-60.59299	
1188	-73.76108	-72.70609	-10.24380	-0.98637	-8.06418	-9.73558	-0.93319	-6.54613	-39.01078	-39.08247	 22.99039	-25.59991	-6.85919	-30.32101	 10.32987	 13.53883	 19.66887	 1.13436	 68.36889	-59.35293	
1189	-71.02266	-70.00751	-10.23578	-0.93177	-8.03906	-9.72379	-0.86645	-6.51430	-37.77413	-37.70225	 23.83829	-26.38210	-8.29109	-28.13770	 13.23286	 13.60217	 15.93372	-0.42462	 68.40279	-57.84282	
1190	-68.20906	-67.23657	-10.21317	-0.86865	-8.00078	-9.69758	-0.79014	-6.47112	-36.45985	-36.23430	 24.75885	-27.25846	-9.44271	-25.47578	 14.66700	 13.15067	 13.40732	-2.81738	 68.82910	-55.89264	
1191	-65.34031	-64.41319	-10.17696	-0.79785	-7.95023	-9.65795	-0.70523	-6.41742	-35.08204	-34.69523	 25.77377	-28.25119	-10.28366	-22.49873	 15.41608	 11.99325	 11.63045	-6.65357	 69.93848	-53.18408	
1192	-62.43676	-61.55755	-10.12824	-0.72028	-7.88843	-9.60604	-0.61275	-6.35413	-33.65481	-33.10175	 26.91258	-29.39005	-10.80467	-19.47359	 16.19921	 9.93390	 10.33833	-13.11373	 72.27691	-49.08323	
1193	-59.51880	-58.68989	-10.06818	-0.63691	-7.81644	-9.54306	-0.51381	-6.28221	-32.19212	-31.47051	 28.21229	-30.71205	-11.01675	-16.64732	 17.58485	 6.82226	 9.37163	-24.56975	 76.86368	-42.23812	
1194	-56.60660	-55.83021	-9.99805	-0.54874	-7.73542	-9.47034	-0.40956	-6.20272	-30.70760	-29.81787	 29.71537	-32.25939	-10.94838	-14.17848	 19.89235	 2.62661	 8.63076	-45.74811	 85.34248	-29.56656	
1195	-53.71992	-52.99804	-9.91915	-0.45681	-7.64655	-9.38923	-0.30116	-6.11671	-29.21446	-28.15974	 31.46406	-34.07378	-10.64075	-12.13007	 23.13880	-2.50046	 8.05142	-84.43445	 98.24744	-3.81756	
1196	-50.87781	-50.21222	-9.83283	-0.36215	-7.55104	-9.30114	-0.18980	-6.02528	-27.72529	-26.51140	 33.48686	-36.18297	-10.14207	-10.49549	 27.06155	-8.21060	 7.59092	-141.79470	 101.90348	 49.84943	
1197	-48.09845	-47.49068	-9.74046	-0.26577	-7.45012	-9.20752	-0.07664	-5.92952	-26.25204	-24.88740	 35.76928	-38.57145	-9.50202	-9.23006	 31.22200	-14.02956	 7.22023	-172.72973	 43.93055	 138.71492	
1198	-45.39893	-44.85023	-9.64341	-0.16869	-7.34501	-9.10980	 0.03717	-5.83052	-24.80584	-23.30139	 38.19549	-41.12215	-8.76721	-8.27506	 35.15459	-19.48200	 6.91922	-119.92493	-61.58697	 191.37959	
1199	-42.79503	-42.30639	-9.54304	-0.07185	-7.23693	-9.00941	 0.15053	-5.72935	-23.39700	-21.76604	 40.44885	-43.51696	-7.97815	-7.57181	 38.49616	-24.20681	 6.67366	-43.80831	-93.88696	 147.50910	
1200	-40.30113	-39.87325	-9.44068	 0.02384	-7.12703	-8.90775	 0.26241	-5.62705	-22.03487	-20.29297	 41.89237	-45.11724	-7.16769	-7.06834	 41.04759	-28.01178	 6.47339	 3.33656	-81.58554	 88.00297	
1201	-37.93003	-37.56328	-9.33762	 0.11754	-7.01648	-8.80615	 0.37180	-5.52461	-20.72787	-18.89263	 41.57182	-44.96689	-6.36075	-6.72148	 42.76603	-30.86272	 6.31103	 26.81153	-68.80761	 51.68418	
1202	-35.69281	-35.38725	-9.23506	 0.20847	-6.90633	-8.70590	 0.47783	-5.42298	-19.48339	-17.57428	 38.64981	-42.22650	-5.57489	-6.49680	 43.71807	-32.83550	 6.18120	 38.31959	-61.16781	 32.46443	
1203	-33.59879	-33.35416	-9.13416	 0.29596	-6.79762	-8.60820	 0.57967	-5.32305	-18.30785	-16.34597	 33.30568	-37.07326	-4.82130	-6.36740	 44.02682	-34.06258	 6.07992	 44.14616	-56.75074	 22.14301	
1204	-31.65543	-31.47111	-9.03599	 0.37941	-6.69128	-8.51414	 0.67661	-5.22562	-17.20662	-15.21446	 27.07020	-31.03567	-4.10612	-6.31264	 43.83106	-34.69200	 6.00423	 47.17010	-54.01945	 16.30432	
1205	-29.86827	-29.74334	-8.94149	 0.45834	-6.58818	-8.42474	 0.76803	-5.13144	-16.18408	-14.18529	 21.68114	-25.84913	-3.43155	-6.31676	 43.26097	-34.86285	 5.95189	 48.72548	-52.16993	 12.81060	
1206	-28.24097	-28.17414	-8.85154	 0.53233	-6.48911	-8.34087	 0.85343	-5.04116	-15.24362	-13.26271	 17.85502	-22.22778	-2.79702	-6.36779	 42.42698	-34.69410	 5.92123	 49.46393	-50.80061	 10.60902	
1207	-26.77525	-26.76492	-8.76688	 0.60111	-6.39474	-8.26329	 0.93241	-4.95538	-14.38768	-12.44976	 15.38273	-19.96006	-2.20010	-6.45661	 41.41713	-34.28179	 5.91093	 49.72329	-49.70592	 9.15668	
1208	-25.47097	-25.51519	-8.68815	 0.66447	-6.30566	-8.19263	 1.00470	-4.87457	-13.61778	-11.74824	 13.79515	-18.57443	-1.63723	-6.57617	 40.29864	-33.70053	 5.91998	 49.68883	-48.77626	 8.15928	
1209	-24.32614	-24.42269	-8.61584	 0.72232	-6.22236	-8.12940	 1.07011	-4.79914	-12.93458	-11.15880	 12.72338	-17.69966	-1.10435	-6.72089	 39.12124	-33.00682	 5.94753	 49.46744	-47.95064	 7.44957	
1210	-23.33706	-23.48339	-8.55035	 0.77467	-6.14524	-8.07395	 1.12860	-4.72942	-12.33793	-10.68096	 11.94858	-17.11458	-0.59731	-6.88623	 37.92079	-32.24262	 5.99287	 49.12363	-47.19378	 6.92849	
1211	-22.49835	-22.69164	-8.49195	 0.82162	-6.07459	-8.02651	 1.18021	-4.66562	-11.82690	-10.31317	 11.35422	-16.70051	-0.11227	-7.06825	 36.72254	-31.43866	 6.05536	 48.69792	-46.48450	 6.53514	
1212	-21.80311	-22.04027	-8.44078	 0.86336	-6.01058	-7.98719	 1.22508	-4.60789	-11.39990	-10.05286	 10.87963	-16.39476	 0.35415	-7.26340	 35.54384	-30.61711	 6.13441	 48.21665	-45.80971	 6.23093	
1213	-21.24301	-21.52075	-8.39686	 0.90015	-5.95331	-7.95594	 1.26348	-4.55628	-11.05468	-9.89655	 10.49210	-16.16277	 0.80466	-7.46829	 34.39620	-29.79381	 6.22940	 47.69752	-45.16108	 5.99074	
1214	-20.80850	-21.12330	-8.36011	 0.93234	-5.90278	-7.93261	 1.29573	-4.51077	-10.78844	-9.83987	 10.17256	-15.98383	 1.24125	-7.67962	 33.28697	-28.97987	 6.33973	 47.15275	-44.53315	 5.79786	
1215	-20.48890	-20.83708	-8.33035	 0.96032	-5.85888	-7.91692	 1.32226	-4.47125	-10.59788	-9.87768	 9.90873	-15.84423	 1.66520	-7.89404	 32.22047	-28.18293	 6.46471	 46.59103	-43.92230	 5.64096	
1216	-20.27262	-20.65036	-8.30728	 0.98457	-5.82143	-7.90850	 1.34356	-4.43755	-10.47928	-10.00415	 9.69180	-15.73402	 2.07709	-8.10823	 31.19891	-27.40812	 6.60362	 46.01865	-43.32603	 5.51229	
1217	-20.14730	-20.55069	-8.29051	 1.00557	-5.79016	-7.90685	 1.36018	-4.40942	-10.42854	-10.21281	 9.51494	-15.64549	 2.47689	-8.31887	 30.22302	-26.65868	 6.75567	 45.44026	-42.74264	 5.40652	
1218	-20.10003	-20.52507	-8.27960	 1.02386	-5.76473	-7.91142	 1.37273	-4.38654	-10.44129	-10.49670	 9.37247	-15.57236	 2.86409	-8.52273	 29.29250	-25.93655	 6.91996	 44.85941	-42.17087	 5.31995	
1219	-20.11749	-20.56018	-8.27400	 1.04002	-5.74473	-7.92154	 1.38186	-4.36855	-10.51290	-10.84842	 9.25947	-15.50940	 3.23780	-8.71676	 28.40636	-25.24269	 7.09552	 44.27879	-41.60986	 5.25001	
1220	-20.18616	-20.64248	-8.27312	 1.05459	-5.72968	-7.93651	 1.38824	-4.35503	-10.63859	-11.26023	 9.17148	-15.45217	 3.59690	-8.89820	 27.56314	-24.57736	 7.28127	 43.70051	-41.05891	 5.19500	
1221	-20.29248	-20.75849	-8.27631	 1.06817	-5.71907	-7.95557	 1.39256	-4.34552	-10.81344	-11.72417	 9.10437	-15.39684	 3.94015	-9.06461	 26.76113	-23.94033	 7.47605	 43.12622	-40.51754	 5.15377	
1222	-20.42306	-20.89488	-8.28289	 1.08131	-5.71234	-7.97789	 1.39551	-4.33952	-11.03250	-12.23211	 9.05411	-15.34001	 4.26635	-9.21404	 25.99840	-23.33102	 7.67859	 42.55723	-39.98534	 5.12560	
1223	-20.56479	-21.03868	-8.29216	 1.09456	-5.70888	-8.00266	 1.39779	-4.33650	-11.29079	-12.77590	 9.01674	-15.27861	 4.57444	-9.34504	 25.27296	-22.74862	 7.88751	 41.99456	-39.46198	 5.11006	
1224	-20.70504	-21.17742	-8.30338	 1.10843	-5.70809	-8.02903	 1.40006	-4.33592	-11.58335	-13.34740	 8.98813	-15.20972	 4.86355	-9.45675	 24.58278	-22.19214	 8.10135	 41.43901	-38.94718	 5.10693	
1225	-20.83180	-21.29929	-8.31582	 1.12341	-5.70933	-8.05614	 1.40296	-4.33721	-11.90532	-13.93862	 8.96390	-15.13041	 5.13313	-9.54892	 23.92585	-21.66050	 8.31856	 40.89119	-38.44068	 5.11613	
1226	-20.93381	-21.39325	-8.32876	 1.13994	-5.71196	-8.08316	 1.40709	-4.33982	-12.25193	-14.54175	 8.93925	-15.03761	 5.38296	-9.62193	 23.30017	-21.15255	 8.53749	 40.35157	-37.94225	 5.13766	
1227	-21.00065	-21.44914	-8.34148	 1.15840	-5.71536	-8.10928	 1.41301	-4.34317	-12.61857	-15.14930	 8.90881	-14.92787	 5.61320	-9.67677	 22.70381	-20.66712	 8.75644	 39.82045	-37.45164	 5.17158	
1228	-21.02290	-21.45781	-8.35331	 1.17912	-5.71891	-8.13371	 1.42121	-4.34673	-13.00076	-15.75412	 8.86645	-14.79720	 5.82437	-9.71501	 22.13489	-20.20302	 8.97362	 39.29802	-36.96863	 5.21792	
1229	-20.99216	-21.41119	-8.36360	 1.20238	-5.72203	-8.15571	 1.43213	-4.34996	-13.39425	-16.34949	 8.80515	-14.64089	 6.01734	-9.73875	 21.59159	-19.75906	 9.18720	 38.78435	-36.49296	 5.27670	
1230	-20.90117	-21.30235	-8.37174	 1.22838	-5.72416	-8.17460	 1.44613	-4.35237	-13.79495	-16.92917	 8.71682	-14.45330	 6.19329	-9.75055	 21.07219	-19.33409	 9.39528	 38.27941	-36.02435	 5.34789	
1231	-20.74386	-21.12555	-8.37718	 1.25726	-5.72477	-8.18977	 1.46351	-4.35346	-14.19903	-17.48746	 8.59226	-14.22781	 6.35368	-9.75329	 20.57500	-18.92694	 9.59596	 37.78305	-35.56252	 5.43136	
1232	-20.51535	-20.87628	-8.37943	 1.28909	-5.72340	-8.20064	 1.48446	-4.35283	-14.60282	-18.01922	 8.42120	-13.95678	 6.50013	-9.75016	 20.09844	-18.53652	 9.78729	 37.29506	-35.10714	 5.52689	
1233	-20.21199	-20.55127	-8.37804	 1.32388	-5.71962	-8.20675	 1.50914	-4.35007	-15.00293	-18.51994	 8.19261	-13.63187	 6.63441	-9.74445	 19.64097	-18.16173	 9.96735	 36.81512	-34.65785	 5.63416	
1234	-19.83137	-20.14848	-8.37266	 1.36156	-5.71307	-8.20770	 1.53760	-4.34485	-15.39615	-18.98570	 7.89538	-13.24468	 6.75831	-9.73954	 19.20116	-17.80154	 10.13420	 36.34283	-34.21428	 5.75271	
1235	-19.37231	-19.66710	-8.36298	 1.40199	-5.70345	-8.20316	 1.56982	-4.33688	-15.77949	-19.41326	 7.51960	-12.78800	 6.87368	-9.73876	 18.77762	-17.45494	 10.28594	 35.87772	-33.77598	 5.88193	
1236	-18.83477	-19.10750	-8.34878	 1.44499	-5.69050	-8.19291	 1.60569	-4.32594	-16.15018	-19.80000	 7.05854	-12.25774	 6.98227	-9.74533	 18.36905	-17.12096	 10.42072	 35.41927	-33.34250	 6.02107	
1237	-18.21990	-18.47117	-8.32992	 1.49030	-5.67406	-8.17679	 1.64504	-4.31185	-16.50563	-20.14396	 6.51139	-11.65565	 7.08584	-9.76232	 17.97423	-16.79868	 10.53672	 34.96687	-32.91334	 6.16922	
1238	-17.52990	-17.76070	-8.30631	 1.53762	-5.65400	-8.15475	 1.68764	-4.29450	-16.84344	-20.44379	 5.88634	-10.99237	 7.18603	-9.79262	 17.59200	-16.48721	 10.63223	 34.51986	-32.48795	 6.32532	
1239	-16.76800	-16.97966	-8.27794	 1.58659	-5.63028	-8.12681	 1.73317	-4.27385	-17.16136	-20.69874	 5.20290	-10.28976	 7.28450	-9.83894	 17.22129	-16.18572	 10.70561	 34.07756	-32.06574	 6.48815	
1240	-15.93835	-16.13254	-8.24488	 1.63680	-5.60291	-8.09308	 1.78126	-4.24989	-17.45733	-20.90868	 4.49188	-9.58079	 7.38291	-9.90383	 16.86108	-15.89340	 10.75531	 33.63922	-31.64609	 6.65634	
1241	-15.04594	-15.22465	-8.20724	 1.68782	-5.57196	-8.05374	 1.83150	-4.22270	-17.72938	-21.07396	 3.79094	-8.90513	 7.48297	-9.98971	 16.51046	-15.60951	 10.77992	 33.20408	-31.22834	 6.82836	
1242	-14.09650	-14.26202	-8.16523	 1.73918	-5.53757	-8.00904	 1.88341	-4.19239	-17.97569	-21.19549	 3.13548	-8.29997	 7.58657	-10.09897	 16.16859	-15.33335	 10.77815	 32.77136	-30.81178	 7.00257	
1243	-13.09642	-13.25129	-8.11908	 1.79040	-5.49992	-7.95930	 1.93650	-4.15915	-18.19453	-21.27459	 2.54733	-7.78876	 7.69583	-10.23400	 15.83469	-15.06424	 10.74884	 32.34027	-30.39565	 7.17719	
1244	-12.05258	-12.19959	-8.06908	 1.84095	-5.45925	-7.90490	 1.99023	-4.12320	-18.38427	-21.31302	 2.02672	-7.37305	 7.81322	-10.39732	 15.50807	-14.80159	 10.69101	 31.91000	-29.97916	 7.35034	
1245	-10.97231	-11.11446	-8.01557	 1.89034	-5.41584	-7.84627	 2.04403	-4.08481	-18.54335	-21.31287	 1.55243	-7.03278	 7.94166	-10.59168	 15.18813	-14.54481	 10.60382	 31.47976	-29.56148	 7.52006	
1246	-9.86323	-10.00369	-7.95892	 1.93803	-5.37001	-7.78389	 2.09735	-4.04429	-18.67028	-21.27653	 1.09067	-6.73502	 8.08462	-10.82013	 14.87434	-14.29340	 10.48657	 31.04877	-29.14169	 7.68431	
1247	-8.73314	-8.87523	-7.89954	 1.98353	-5.32210	-7.71827	 2.14960	-4.00198	-18.76364	-21.20665	 0.60757	-6.44655	 8.24628	-11.08622	 14.56623	-14.04687	 10.33876	 30.61628	-28.71884	 7.84103	
1248	-7.58993	-7.73707	-7.83784	 2.02633	-5.27251	-7.64994	 2.20021	-3.95826	-18.82205	-21.10605	 0.07916	-6.14374	 8.43163	-11.39408	 14.26342	-13.80480	 10.16001	 30.18154	-28.29190	 7.98811	
1249	-6.44146	-6.59714	-7.77427	 2.06596	-5.22163	-7.57946	 2.24861	-3.91351	-18.84418	-20.97768	-0.50484	-5.81645	 8.64662	-11.74860	 13.96560	-13.56679	 9.95012	 29.74384	-27.85972	 8.12346	
1250	-5.29546	-5.46319	-7.70926	 2.10198	-5.16988	-7.50739	 2.29426	-3.86816	-18.82874	-20.82459	-1.14240	-5.46656	 8.89825	-12.15552	 13.67252	-13.33250	 9.70898	 29.30251	-27.42104	 8.24504	
1251	-4.15942	-4.34270	-7.64327	 2.13396	-5.11767	-7.43429	 2.33663	-3.82263	-18.77451	-20.64984	-1.82334	-5.10387	 9.19468	-12.62155	 13.38400	-13.10162	 9.43658	 28.85690	-26.97442	 8.35084	
1252	-3.04050	-3.24280	-7.57672	 2.16152	-5.06543	-7.36072	 2.37523	-3.77733	-18.68030	-20.45645	-2.53368	-4.74174	 9.54512	-13.15431	 13.09991	-12.87389	 9.13295	 28.40637	-26.51821	 8.43895	
1253	-1.94547	-2.17016	-7.51003	 2.18435	-5.01358	-7.28720	 2.40961	-3.73269	-18.54498	-20.24740	-3.25890	-4.39386	 9.95959	-13.76210	 12.82016	-12.64906	 8.79811	 27.95032	-26.05045	 8.50758	
1254	-0.88061	-1.13094	-7.44362	 2.20215	-4.96252	-7.21425	 2.43936	-3.68913	-18.36748	-20.02555	-3.98587	-4.07228	 10.44805	-14.45306	 12.54472	-12.42692	 8.43193	 27.48814	-25.56876	 8.55507	
1255	 0.14834	-0.13073	-7.37784	 2.21470	-4.91264	-7.14234	 2.46412	-3.64704	-18.14679	-19.79359	-4.70374	-3.78662	 11.01860	-15.23335	 12.27360	-12.20732	 8.03405	 27.01920	-25.07021	 8.57993	
1256	 1.13623	 0.82553	-7.31304	 2.22181	-4.86431	-7.07192	 2.48359	-3.60679	-17.88199	-19.55405	-5.40418	-3.54379	 11.67364	-16.10344	 12.00683	-11.99008	 7.60362	 26.54284	-24.55107	 8.58083	
1257	 2.07858	 1.73355	-7.24953	 2.22336	-4.81787	-7.00336	 2.49750	-3.56874	-17.57221	-19.30924	-6.08119	-3.34822	 12.40283	-17.05100	 11.74446	-11.77509	 7.13905	 26.05832	-24.00654	 8.55670	
1258	 2.97156	 2.58978	-7.18757	 2.21931	-4.77363	-6.93702	 2.50567	-3.53320	-17.21669	-19.06123	-6.73088	-3.20214	 13.17108	-18.03903	 11.48656	-11.56224	 6.63761	 25.56476	-23.43023	 8.50665	
1259	 3.81205	 3.39135	-7.12738	 2.20963	-4.73184	-6.87318	 2.50797	-3.50046	-16.81476	-18.81187	-7.35113	-3.10588	 13.90169	-18.98888	 11.23322	-11.35143	 6.09473	 25.06113	-22.81356	 8.43009	
1260	 4.59763	 4.13616	-7.06915	 2.19441	-4.69276	-6.81208	 2.50434	-3.47077	-16.36583	-18.56272	-7.94132	-3.05822	 14.46055	-19.76466	 10.98451	-11.14259	 5.50313	 24.54608	-22.14470	 8.32667	
1261	 5.32659	 4.82280	-7.01299	 2.17374	-4.65655	-6.75389	 2.49476	-3.44431	-15.86945	-18.31513	-8.50206	-3.05667	 14.66096	-20.17796	 10.74052	-10.93565	 4.85130	 24.01793	-21.40701	 8.19634	
1262	 5.99792	 5.45060	-6.95900	 2.14781	-4.62337	-6.69872	 2.47931	-3.42126	-15.32521	-18.07020	-9.03497	-3.09766	 14.31657	-20.04085	 10.50130	-10.73056	 4.12113	 23.47441	-20.57651	 8.03934	
1263	 6.61131	 6.01957	-6.90721	 2.11684	-4.59331	-6.64662	 2.45809	-3.40171	-14.73284	-17.82887	-9.54246	-3.17684	 13.34153	-19.26612	 10.26693	-10.52728	 3.28401	 22.91255	-19.61788	 7.85624	
1264	 7.16705	 6.53037	-6.85761	 2.08111	-4.56642	-6.59758	 2.43131	-3.38572	-14.09214	-17.59197	-10.02747	-3.28925	 11.82487	-17.94161	 10.03743	-10.32576	 2.29422	 22.32835	-18.47751	 7.64792	
1265	 7.66608	 6.98429	-6.81014	 2.04096	-4.54268	-6.55155	 2.39920	-3.37330	-13.40301	-17.36035	-10.49319	-3.42951	 9.99386	-16.29362	 9.81282	-10.12598	 1.07728	 21.71648	-17.07160	 7.41561	
1266	 8.10990	 7.38315	-6.76470	 1.99676	-4.52205	-6.50839	 2.36205	-3.36440	-12.66541	-17.13517	-10.94274	-3.59201	 8.09485	-14.56776	 9.59309	-9.92793	-0.49146	 21.06988	-15.26443	 7.16086	
1267	 8.50050	 7.72931	-6.72114	 1.94891	-4.50444	-6.46792	 2.32023	-3.35894	-11.87936	-16.91832	-11.37859	-3.77102	 6.30172	-12.93746	 9.37822	-9.73159	-2.62772	 20.37954	-12.82719	 6.88557	
1268	 8.84035	 8.02557	-6.67928	 1.89786	-4.48968	-6.42993	 2.27413	-3.35676	-11.04492	-16.71333	-11.80165	-3.96082	 4.70016	-11.48817	 9.16815	-9.53696	-5.72080	 19.63506	-9.35611	 6.59198	
1269	 9.13231	 8.27508	-6.63890	 1.84410	-4.47760	-6.39413	 2.22419	-3.35769	-10.16218	-16.52726	-12.20943	-4.15571	 3.31549	-10.24530	 8.96279	-9.34406	-10.50864	 18.82834	-4.10116	 6.28265	
1270	 9.37954	 8.48134	-6.59975	 1.78811	-4.46794	-6.36021	 2.17089	-3.36147	-9.23121	-16.37506	-12.59190	-4.34987	 2.14434	-9.20582	 8.76206	-9.15291	-18.47020	 17.96919	 4.41078	 5.96050	
1271	 9.58550	 8.64807	-6.56155	 1.73043	-4.46045	-6.32781	 2.11475	-3.36783	-8.25206	-16.29047	-12.92097	-4.53699	 1.17459	-8.35820	 8.56582	-8.96353	-32.74549	 17.14846	 19.23266	 5.62874	
1272	 9.75382	 8.77914	-6.52400	 1.67157	-4.45481	-6.29656	 2.05629	-3.37646	-7.22472	-16.35778	-13.12016	-4.70899	 0.39243	-7.68952	 8.37393	-8.77599	-60.30400	 16.81722	 46.88657	 5.29090	
1273	 9.88824	 8.87854	-6.48677	 1.61207	-4.45068	-6.26605	 1.99609	-3.38700	-6.14910	-16.82076	-12.95989	-4.85183	-0.22295	-7.18007	 8.18624	-8.59035	-116.41461	 19.25959	 100.36080	 4.95077	
1274	 9.99256	 8.95028	-6.44952	 1.55247	-4.44769	-6.23586	 1.93470	-3.39906	-5.02496	-18.56339	-11.59504	-4.92728	-0.72029	-6.78248	 8.00258	-8.40667	-229.55264	 38.44930	 194.16014	 4.61242	
1275	 10.07059	 8.99832	-6.41192	 1.49329	-4.44544	-6.20553	 1.87272	-3.41224	-3.85190	-26.25569	-4.54872	-4.74342	-1.21457	-6.38337	 7.82277	-8.22507	-438.32122	 151.15114	 290.12599	 4.28015	
1276	 10.12604	 9.02653	-6.37360	 1.43505	-4.44353	-6.17463	 1.81071	-3.42610	-2.62930	-91.96647	 57.12014	-1.17432	-1.91681	-5.77345	 7.64662	-8.04563	-318.85701	 51.72225	 270.04057	 3.95846	
1277	 10.16250	 9.03859	-6.33420	 1.37825	-4.44154	-6.14271	 1.74925	-3.44020	-1.35628	-1844.59932	-300.98637	 2109.07901	-3.05847	-4.72323	 7.47393	-7.86849	-60.14449	-105.54077	 168.59416	 3.65200	
1278	 10.18338	 9.03800	-6.29339	 1.32337	-4.43903	-6.10933	 1.68891	-3.45408	-0.03163	-109.86292	-8.65196	 81.50568	-4.62217	-3.25216	 7.30453	-7.69378	-4.58785	-84.63136	 92.18648	 3.36554	
1279	 10.19183	 9.02795	-6.25081	 1.27085	-4.43558	-6.07407	 1.63023	-3.46727	 1.34626	-30.63695	-6.85709	-0.03827	-6.13953	-1.83082	 7.13821	-7.52163	 9.64268	-58.26419	 51.70409	 3.10393	
1280	 10.19077	 9.01137	-6.20614	 1.22112	-4.43075	-6.03650	 1.57372	-3.47933	 2.77946	-22.24889	-6.67648	-9.15560	-7.00893	-1.06309	 6.97479	-7.35221	 14.43006	-42.44109	 31.26719	 2.87205	
1281	 10.18278	 8.99082	-6.15907	 1.17456	-4.42414	-5.99624	 1.51989	-3.48980	 4.27062	-20.72436	-6.76052	-11.17624	-6.99670	-1.18497	 6.81408	-7.18566	 16.30029	-33.39507	 20.58365	 2.67473	
1282	 10.17012	 8.96852	-6.10931	 1.13152	-4.41534	-5.95293	 1.46920	-3.49823	 5.82305	-20.63314	-6.98351	-11.66312	-6.26388	-2.03776	 6.65591	-7.02214	 17.05806	-28.01193	 14.73505	 2.51672	
1283	 10.15468	 8.94630	-6.05659	 1.09229	-4.40397	-5.90624	 1.42206	-3.50422	 7.44086	-20.93256	-7.35608	-11.65637	-5.08885	-3.34539	 6.50010	-6.86182	 17.32708	-24.61926	 11.42526	 2.40262	
1284	 10.13802	 8.92559	-6.00067	 1.05713	-4.38967	-5.85588	 1.37885	-3.50737	 9.12910	-21.28621	-7.93602	-11.44401	-3.68840	-4.89334	 6.34649	-6.70482	 17.35979	-22.35326	 9.53760	 2.33681	
1285	 10.12128	 8.90744	-5.94135	 1.02627	-4.37210	-5.80158	 1.33992	-3.50731	 10.89397	-21.51047	-8.81636	-11.12737	-2.18731	-6.55906	 6.19493	-6.55131	 17.27079	-20.75562	 8.49823	 2.32341	
1286	 10.10527	 8.89251	-5.87847	 0.99987	-4.35099	-5.74315	 1.30554	-3.50372	 12.74303	-21.44955	-10.12311	-10.74857	-0.64454	-8.28567	 6.04527	-6.40141	 17.11675	-19.57276	 7.99549	 2.36619	
1287	 10.09042	 8.88107	-5.81187	 0.97803	-4.32605	-5.68041	 1.27596	-3.49630	 14.68547	-20.94590	-12.00796	-10.32754	 0.91750	-10.05277	 5.89738	-6.25523	 16.92749	-18.65813	 7.85112	 2.46853	
1288	 10.07683	 8.87306	-5.74147	 0.96085	-4.29708	-5.61325	 1.25135	-3.48480	 16.73244	-19.84942	-14.62660	-9.87482	 2.49365	-11.85702	 5.75114	-6.11286	 16.71946	-17.92350	 7.95808	 2.63333	
1289	 10.06426	 8.86805	-5.66720	 0.94833	-4.26390	-5.54160	 1.23185	-3.46901	 18.89749	-18.05432	-18.09711	-9.39666	 4.08490	-13.70108	 5.60644	-5.97440	 16.50200	-17.31372	 8.24904	 2.86299	
1290	 10.05219	 8.86534	-5.58905	 0.94045	-4.22638	-5.46543	 1.21753	-3.44878	 21.19708	-15.55357	-22.44375	-8.89719	 5.69226	-15.58748	 5.46318	-5.83988	 16.28049	-16.79309	 8.67965	 3.15933	
1291	 10.03983	 8.86396	-5.50703	 0.93713	-4.18442	-5.38478	 1.20842	-3.42401	 23.65128	-12.48545	-27.54999	-8.37947	 7.31327	-17.51504	 5.32127	-5.70934	 16.05797	-16.33779	 9.21924	 3.52353	
1292	 10.02617	 8.86270	-5.42121	 0.93827	-4.13799	-5.29973	 1.20448	-3.39462	 26.28455	-9.13637	-33.15601	-7.84596	 8.93983	-19.47679	 5.18065	-5.58279	 15.83612	-15.93145	 9.84556	 3.95613	
1293	 10.01001	 8.86017	-5.33169	 0.94370	-4.08710	-5.21041	 1.20562	-3.36061	 29.12693	-5.88175	-38.91849	-7.29882	 10.55703	-21.45869	 5.04127	-5.46020	 15.61575	-15.56249	 10.54164	 4.45696	
1294	 9.98999	 8.85484	-5.23861	 0.95322	-4.03179	-5.11698	 1.21170	-3.32204	 32.21539	-3.09158	-44.50640	-6.73999	 12.14284	-23.43943	 4.90308	-5.34153	 15.39714	-15.22257	 11.29380	 5.02510	
1295	 9.96468	 8.84510	-5.14214	 0.96659	-3.97218	-5.01968	 1.22253	-3.27898	 35.59582	-1.05867	-49.67443	-6.17129	 13.66897	-25.39117	 4.76607	-5.22671	 15.18024	-14.90550	 12.09053	 5.65889	
1296	 9.93257	 8.82928	-5.04251	 0.98354	-3.90840	-4.91877	 1.23787	-3.23159	 39.32556	 0.00583	-54.27007	-5.59441	 15.10302	-27.28180	 4.63022	-5.11564	 14.96478	-14.60660	 12.92169	 6.35591	
1297	 9.89215	 8.80571	-4.93995	 1.00376	-3.84066	-4.81454	 1.25744	-3.18006	 43.47693	-0.09269	-58.17183	-5.01094	 16.41183	-29.07824	 4.49556	-5.00820	 14.75039	-14.32228	 13.77805	 7.11295	
1298	 9.84194	 8.77276	-4.83476	 1.02690	-3.76918	-4.70734	 1.28090	-3.12461	 48.14208	-1.64516	-61.18132	-4.42233	 17.56576	-30.75073	 4.36211	-4.90425	 14.53661	-14.04973	 14.65097	 7.92605	
1299	 9.78053	 8.72892	-4.72723	 1.05262	-3.69423	-4.59755	 1.30789	-3.06553	 53.43999	-5.18136	-62.88755	-3.82986	 18.54273	-32.27690	 4.22992	-4.80364	 14.32296	-13.78671	 15.53220	 8.79051	
1300	 9.70662	 8.67277	-4.61771	 1.08053	-3.61613	-4.48557	 1.33799	-3.00314	 59.52636	-11.63454	-62.51230	-3.23468	 19.33133	-33.64487	 4.09906	-4.70619	 14.10899	-13.53146	 16.41375	 9.70088	
1301	 9.61908	 8.60308	-4.50655	 1.11021	-3.53522	-4.37184	 1.37077	-2.93778	 66.60839	-22.49406	-58.77220	-2.63769	 19.93202	-34.85452	 3.96962	-4.61169	 13.89426	-13.28252	 17.28786	 10.65105	
1302	 9.51695	 8.51882	-4.39415	 1.14126	-3.45187	-4.25679	 1.40576	-2.86983	 74.96689	-39.78074	-49.92553	-2.03959	 20.35636	-35.91667	 3.84168	-4.51994	 13.67836	-13.03874	 18.14693	 11.63423	
1303	 9.39947	 8.41918	-4.28088	 1.17325	-3.36649	-4.14092	 1.44246	-2.79970	 84.99041	-65.32854	-34.52461	-1.44082	 20.62454	-36.85072	 3.71537	-4.43072	 13.46093	-12.79915	 18.98352	 12.64307	
1304	 9.26614	 8.30361	-4.16718	 1.20573	-3.27949	-4.02469	 1.48037	-2.72783	 97.22868	-98.33334	-13.92059	-0.84155	 20.76222	-37.68143	 3.59081	-4.34379	 13.24169	-12.56298	 19.79038	 13.66965	
1305	 9.11670	 8.17182	-4.05345	 1.23828	-3.19132	-3.90859	 1.51894	-2.65466	 112.47753	-130.65920	 2.95795	-0.24161	 20.79733	-38.43580	 3.46814	-4.25894	 13.02038	-12.32960	 20.56045	 14.70558	
1306	 8.95117	 8.02381	-3.94012	 1.27044	-3.10243	-3.79314	 1.55765	-2.58066	 131.91202	-144.23394	-3.13263	 0.35947	 20.75751	-39.14057	 3.34750	-4.17590	 12.79683	-12.09851	 21.28692	 15.74208	
1307	 8.76982	 7.85987	-3.82764	 1.30179	-3.01329	-3.67881	 1.59595	-2.50629	 157.27707	-120.98804	-52.00278	 0.96252	 20.66852	-39.82060	 3.22905	-4.09445	 12.57091	-11.86928	 21.96327	 16.77001	
1308	 8.57324	 7.68058	-3.71642	 1.33189	-2.92437	-3.56610	 1.63329	-2.43204	 191.04788	-61.96204	-145.08289	 1.56877	 20.55335	-40.49812	 3.11293	-4.01433	 12.34255	-11.64160	 22.58328	 17.78002	
1309	 8.36226	 7.48679	-3.60690	 1.36033	-2.83615	-3.45548	 1.66914	-2.35838	 235.85894	 11.68560	-263.84440	 2.17984	 20.43221	-41.19265	 2.99931	-3.93532	 12.11175	-11.41519	 23.14111	 18.76255	
1310	 8.13798	 7.27965	-3.49950	 1.38670	-2.74911	-3.34743	 1.70296	-2.28578	 289.25209	 78.32159	-384.19109	 2.79778	 20.32274	-41.92136	 2.88835	-3.85718	 11.87852	-11.18986	 23.63132	 19.70797	
1311	 7.90176	 7.06056	-3.39463	 1.41062	-2.66370	-3.24238	 1.73424	-2.21471	 321.53459	 127.85216	-466.33154	 3.42509	 20.24066	-42.69978	 2.78018	-3.77968	 11.64296	-10.96546	 24.04895	 20.60665	
1312	 7.65519	 6.83113	-3.29268	 1.43171	-2.58038	-3.14078	 1.76250	-2.14562	 291.40670	 159.19345	-467.87717	 4.06475	 20.20051	-43.54249	 2.67494	-3.70262	 11.40519	-10.74185	 24.38952	 21.44906	
1313	 7.40006	 6.59321	-3.19403	 1.44964	-2.49961	-3.04301	 1.78724	-2.07894	 245.27935	 174.50553	-437.39401	 4.72025	 20.21638	-44.46406	 2.57277	-3.62579	 11.16538	-10.51896	 24.64907	 22.22579	
1314	 7.13835	 6.34883	-3.09905	 1.46408	-2.42180	-2.94945	 1.80805	-2.01510	 172.98564	 176.04763	-366.96945	 5.39561	 20.30285	-45.47998	 2.47378	-3.54901	 10.92373	-10.29674	 24.82422	 22.92773	
1315	 6.87218	 6.10015	-3.00806	 1.47475	-2.34736	-2.86045	 1.82449	-1.95450	 113.96809	 165.39624	-297.61774	 6.09544	 20.47588	-46.60767	 2.37806	-3.47210	 10.68048	-10.07514	 24.91215	 23.54606	
1316	 6.60379	 5.84945	-2.92138	 1.48138	-2.27668	-2.77631	 1.83622	-1.89749	 83.51806	 143.73696	-245.81127	 6.82495	 20.75393	-47.86765	 2.28570	-3.39493	 10.43591	-9.85417	 24.91067	 24.07239	
1317	 6.33549	 5.59908	-2.83930	 1.48375	-2.21011	-2.69730	 1.84289	-1.84443	 77.23058	 112.45253	-208.52350	 7.59005	 21.15927	-49.28499	 2.19675	-3.31736	 10.19032	-9.63385	 24.81817	 24.49879	
1318	 6.06962	 5.35143	-2.76207	 1.48166	-2.14796	-2.62366	 1.84422	-1.79563	 88.45076	 73.61687	-181.16950	 8.39734	 21.71970	-50.89109	 2.11125	-3.23928	 9.94405	-9.41422	 24.63365	 24.81787	
1319	 5.80853	 5.10888	-2.68992	 1.47496	-2.09055	-2.55558	 1.83997	-1.75136	 110.98297	 30.18383	-160.50391	 9.25427	 22.47080	-52.72614	 2.02922	-3.16062	 9.69749	-9.19534	 24.35674	 25.02286	
1320	 5.55454	 4.87374	-2.62305	 1.46351	-2.03813	-2.49321	 1.82996	-1.71188	 139.08325	-14.18781	-144.43839	 10.16916	 23.45912	-54.84232	 1.95065	-3.08131	 9.45104	-8.97733	 23.98761	 25.10762	
1321	 5.30986	 4.64826	-2.56161	 1.44723	-1.99092	-2.43668	 1.81403	-1.67740	 167.46620	-55.55458	-131.62829	 11.15136	 24.74658	-57.30846	 1.87550	-3.00134	 9.20516	-8.76032	 23.52705	 25.06676	
1322	 5.07659	 4.43455	-2.50573	 1.42607	-1.94911	-2.38604	 1.79211	-1.64808	 191.45220	-90.12131	-121.18703	 12.21139	 26.41680	-60.21655	 1.80373	-2.92068	 8.96034	-8.54447	 22.97633	 24.89560	
1323	 4.85669	 4.23455	-2.45551	 1.40002	-1.91286	-2.34133	 1.76416	-1.62407	 207.04856	-114.49510	-112.51312	 13.36112	 28.58410	-63.69084	 1.73525	-2.83938	 8.71708	-8.33000	 22.33725	 24.59028	
1324	 4.65192	 4.05001	-2.41101	 1.36911	-1.88226	-2.30253	 1.73020	-1.60546	 210.91371	-125.75281	-105.18704	 14.61400	 31.40585	-67.90066	 1.66999	-2.75749	 8.47596	-8.11715	 21.61207	 24.14772	
1325	 4.46383	 3.88244	-2.37226	 1.33340	-1.85740	-2.26961	 1.69031	-1.59230	 200.40038	-121.54665	-98.90871	 15.98537	 35.09848	-73.07656	 1.60781	-2.67509	 8.23757	-7.90622	 20.80345	 23.56571	
1326	 4.29369	 3.73310	-2.33923	 1.29299	-1.83830	-2.24246	 1.64460	-1.58462	 174.07003	-100.65755	-93.45865	 17.49286	 39.95336	-79.52670	 1.54860	-2.59230	 8.00254	-7.69754	 19.91441	 22.84287	
1327	 4.14254	 3.60298	-2.31191	 1.24801	-1.82496	-2.22096	 1.59326	-1.58240	 133.05926	-64.38635	-88.67311	 19.15685	 46.33672	-87.63726	 1.49222	-2.50926	 7.77152	-7.49148	 18.94831	 21.97868	
1328	 4.01112	 3.49276	-2.29020	 1.19863	-1.81733	-2.20494	 1.53651	-1.58556	 83.07434	-18.56455	-84.42788	 21.00115	 54.61880	-97.80221	 1.43851	-2.42615	 7.54519	-7.28844	 17.90873	 20.97347	
1329	 3.89985	 3.40281	-2.27401	 1.14505	-1.81532	-2.19422	 1.47462	-1.59402	 35.26419	 25.56181	-80.62730	 23.05384	 64.87504	-110.12541	 1.38733	-2.34316	 7.32423	-7.08886	 16.79950	 19.82842	
1330	 3.80886	 3.33319	-2.26321	 1.08751	-1.81882	-2.18856	 1.40791	-1.60764	 3.08767	 54.45732	-77.19680	 25.34840	 76.01665	-123.55224	 1.33850	-2.26051	 7.10934	-6.89319	 15.62457	 18.54553	
1331	 3.73794	 3.28362	-2.25763	 1.02625	-1.82766	-2.18772	 1.33673	-1.62624	-4.88312	 59.48875	-74.07755	 27.92519	 84.10857	-134.18904	 1.29188	-2.17845	 6.90120	-6.70191	 14.38801	 17.12762	
1332	 3.68660	 3.25352	-2.25708	 0.96158	-1.84166	-2.19141	 1.26147	-1.64963	 9.77342	 42.18497	-71.22277	 30.83349	 81.68268	-134.61841	 1.24728	-2.09725	 6.70046	-6.51549	 13.09396	 15.57829	
1333	 3.65402	 3.24198	-2.26136	 0.89378	-1.86060	-2.19933	 1.18257	-1.67755	 37.63114	 11.93155	-68.59488	 34.13434	 63.47800	-119.64208	 1.20456	-2.01718	 6.50775	-6.33437	 11.74657	 13.90188	
1334	 3.63906	 3.24780	-2.27022	 0.82320	-1.88423	-2.21116	 1.10047	-1.70976	 68.27072	-20.88582	-66.16354	 37.90433	 35.27407	-95.11819	 1.16356	-1.93853	 6.32364	-6.15898	 10.34996	 12.10344	
1335	 3.64034	 3.26948	-2.28342	 0.75017	-1.91227	-2.22656	 1.01566	-1.74595	 94.93832	-49.54149	-63.90405	 42.24119	 8.39899	-72.47480	 1.12413	-1.86159	 6.14862	-5.98972	 8.90821	 10.18870	
1336	 3.65619	 3.30528	-2.30067	 0.67506	-1.94443	-2.24518	 0.92864	-1.78580	 115.05409	-71.47942	-61.79622	 47.27173	-11.96235	-57.02604	 1.08611	-1.78667	 5.98312	-5.82692	 7.42531	 8.16400	
1337	 3.68471	 3.35320	-2.32169	 0.59822	-1.98038	-2.26665	 0.83992	-1.82898	 128.69186	-86.79380	-59.82342	 53.16361	-26.66978	-48.08232	 1.04937	-1.71404	 5.82745	-5.67084	 5.90514	 6.03625	
1338	 3.72379	 3.41103	-2.34618	 0.52004	-2.01978	-2.29061	 0.75002	-1.87514	 137.04453	-96.69503	-57.97192	 60.14319	-38.05267	-43.54330	 1.01376	-1.64399	 5.68181	-5.52166	 4.35147	 3.81291	
1339	 3.77114	 3.47640	-2.37380	 0.44090	-2.06230	-2.31668	 0.65949	-1.92389	 141.51462	-102.60079	-56.23027	 68.52318	-47.97689	-41.85860	 0.97916	-1.57676	 5.54630	-5.37950	 2.76794	 1.50188	
1340	 3.82432	 3.54677	-2.40424	 0.36117	-2.10756	-2.34448	 0.56885	-1.97488	 143.32771	-105.74993	-54.58890	 78.74701	-57.71802	-42.19877	 0.94543	-1.51259	 5.42089	-5.24434	 1.15803	-0.88850	
1341	 3.88079	 3.61952	-2.43716	 0.28123	-2.15519	-2.37363	 0.47862	-2.02770	 143.43137	-107.10160	-53.03972	 91.46166	-68.23539	-44.25415	 0.91244	-1.45168	 5.30540	-5.11609	-0.47491	-3.34951	
1342	 3.93794	 3.69193	-2.47222	 0.20145	-2.20483	-2.40375	 0.38935	-2.08198	 142.51352	-107.35399	-51.57587	 107.64063	-80.42973	-48.10010	 0.88007	-1.39419	 5.19954	-4.99456	-2.12766	-5.87212	
1343	 3.99311	 3.76128	-2.50907	 0.12219	-2.25610	-2.43447	 0.30153	-2.13732	 141.05630	-106.99829	-50.19144	 128.79271	-95.35450	-54.19437	 0.84817	-1.34024	 5.10289	-4.87945	-3.79713	-8.44704	
1344	 4.04367	 3.82485	-2.54736	 0.04381	-2.30862	-2.46543	 0.21567	-2.19336	 139.39080	-106.37361	-48.88128	 157.29682	-114.40623	-63.52158	 0.81662	-1.28992	 5.01492	-4.77038	-5.48037	-11.06472	
1345	 4.08702	 3.87996	-2.58674	-0.03337	-2.36203	-2.49625	 0.13224	-2.24971	 137.74174	-105.71183	-47.64086	 196.75818	-139.46201	-77.81180	 0.78530	-1.24324	 4.93497	-4.66690	-7.17449	-13.71545	
1346	 4.12065	 3.92401	-2.62687	-0.10902	-2.41596	-2.52660	 0.05170	-2.30603	 136.26082	-105.17098	-46.46613	 251.04069	-174.01341	-97.43905	 0.75406	-1.20019	 4.86231	-4.56848	-8.87674	-16.38937	
1347	 4.14219	 3.95455	-2.66740	-0.18284	-2.47007	-2.55613	-0.02550	-2.36196	 135.05034	-104.85898	-45.35339	 315.77932	-301.88559	-34.21445	 0.72279	-1.16070	 4.79614	-4.47455	-10.58440	-19.07650	
1348	 4.14940	 3.96926	-2.70799	-0.25456	-2.52401	-2.58451	-0.09896	-2.41718	 134.17954	-104.85006	-44.29924	 410.79206	 1205.92820	-1636.96370	 0.69135	-1.12467	 4.73558	-4.38449	-12.29481	-21.76678	
1349	 4.14024	 3.96602	-2.74832	-0.32393	-2.57745	-2.61142	-0.16829	-2.47139	 133.69563	-105.19583	-43.30048	 459.70912	 286.95861	-766.84822	 0.65965	-1.09193	 4.67974	-4.29768	-14.00533	-24.45010	
1350	 4.11292	 3.94294	-2.78805	-0.39070	-2.63008	-2.63656	-0.23313	-2.52429	 133.63103	-105.93257	-42.35405	 332.26146	 143.78982	-496.18321	 0.62757	-1.06229	 4.62771	-4.21349	-15.71335	-27.11630	
1351	 4.06586	 3.89835	-2.82688	-0.45468	-2.68160	-2.65963	-0.29314	-2.57564	 134.00799	-107.08590	-41.45699	 236.56298	 94.25958	-350.91997	 0.59502	-1.03552	 4.57857	-4.13132	-17.41622	-29.75520	
1352	 3.99779	 3.83085	-2.86450	-0.51567	-2.73174	-2.68035	-0.34799	-2.62519	 134.84118	-108.67341	-40.60643	 179.07483	 69.71678	-268.86764	 0.56193	-1.01134	 4.53145	-4.05060	-19.11128	-32.35657	
1353	 3.90771	 3.73934	-2.90063	-0.57352	-2.78023	-2.69844	-0.39739	-2.67272	 136.13902	-110.70600	-39.79951	 142.79860	 55.09874	-217.96373	 0.52824	-0.98948	 4.48551	-3.97080	-20.79581	-34.91016	
1354	 3.79494	 3.62298	-2.93499	-0.62809	-2.82683	-2.71364	-0.44104	-2.71803	 137.90385	-113.18812	-39.03340	 118.38148	 45.30486	-183.75283	 0.49392	-0.96962	 4.43996	-3.89146	-22.46703	-37.40564	
1355	 3.65912	 3.48126	-2.96732	-0.67928	-2.87131	-2.72567	-0.47865	-2.76096	 140.13132	-116.11716	-38.30530	 101.10778	 38.12454	-159.30606	 0.45895	-0.95144	 4.39412	-3.81220	-24.12208	-39.83254	
1356	 3.50023	 3.31392	-2.99738	-0.72699	-2.91347	-2.73426	-0.50991	-2.80133	 142.80930	-119.48238	-37.61238	 88.49295	 32.41685	-140.99464	 0.42336	-0.93462	 4.34738	-3.73269	-25.75802	-42.18020	
1357	 3.31857	 3.12104	-3.02492	-0.77116	-2.95310	-2.73913	-0.53448	-2.83900	 145.91634	-123.26345	-36.95182	 79.16995	 27.49681	-126.76252	 0.38719	-0.91883	 4.29921	-3.65271	-27.37180	-44.43761	
1358	 3.11478	 2.90294	-3.04975	-0.81175	-2.99005	-2.73996	-0.55198	-2.87381	 149.42019	-127.42890	-36.32083	 72.37862	 22.88609	-115.36626	 0.35051	-0.90373	 4.24923	-3.57210	-28.96029	-46.59318	
1359	 2.88981	 2.66020	-3.07166	-0.84870	-3.02414	-2.73637	-0.56190	-2.90561	 153.27646	-131.93490	-35.71659	 67.71909	 18.19691	-106.01217	 0.31340	-0.88902	 4.19713	-3.49080	-30.52025	-48.63446	
1360	 2.64493	 2.39365	-3.09045	-0.88202	-3.05524	-2.72792	-0.56359	-2.93420	 157.42800	-136.72460	-35.13635	 65.02406	 13.07381	-98.17005	 0.27599	-0.87440	 4.14274	-3.40880	-32.04835	-50.54757	
1361	 2.38171	 2.10428	-3.10595	-0.91168	-3.08322	-2.71403	-0.55618	-2.95932	 161.80519	-141.72848	-34.57735	 64.28258	 7.16840	-91.47126	 0.23843	-0.85957	 4.08599	-3.32615	-33.54116	-52.31639	
1362	 2.10201	 1.79328	-3.11798	-0.93766	-3.10796	-2.69391	-0.53842	-2.98061	 166.32744	-146.86584	-34.03693	 65.57920	 0.14200	-85.64966	 0.20087	-0.84427	 4.02692	-3.24296	-34.99519	-53.92110	
1363	 1.80791	 1.46194	-3.12635	-0.95994	-3.12935	-2.66641	-0.50848	-2.99748	 170.90615	-152.04782	-33.51246	 69.02440	-8.29977	-80.50551	 0.16349	-0.82826	 3.96569	-3.15934	-36.40685	-55.33580	
1364	 1.50175	 1.11171	-3.13087	-0.97846	-3.14731	-2.62986	-0.46367	-3.00898	 175.44881	-157.18147	-33.00141	 74.66174	-18.33555	-75.88185	 0.12650	-0.81131	 3.90253	-3.07544	-37.77254	-56.52425	
1365	 1.18607	 0.74431	-3.13128	-0.99312	-3.16174	-2.58165	-0.39982	-3.01343	 179.86403	-162.17485	-32.50136	 82.35225	-29.92615	-71.64749	 0.09010	-0.79323	 3.83772	-2.99133	-39.08858	-57.43191	
1366	 0.86355	 0.36220	-3.12726	-1.00370	-3.17254	-2.51759	-0.31040	-3.00777	 184.06667	-166.94215	-32.01001	 91.66470	-42.71266	-67.68283	 0.05451	-0.77381	 3.77152	-2.90708	-40.35132	-57.97072	
1367	 0.53702	-0.03018	-3.11834	-1.00983	-3.17963	-2.43075	-0.18488	-2.98611	 187.98249	-171.40832	-31.52519	 101.83095	-55.97534	-63.86531	 0.01994	-0.75287	 3.70390	-2.82266	-41.55707	-57.98821	
1368	 0.20943	-0.42266	-3.10380	-1.01079	-3.18287	-2.30931	-0.00608	-2.93644	 191.55143	-175.51237	-31.04488	 111.83080	-68.71712	-60.05170	-0.01338	-0.73017	 3.63391	-2.73805	-42.70214	-57.20274	
1369	-0.11624	-0.78868	-3.08256	-1.00539	-3.18205	-2.13339	 0.25334	-2.83298	 194.72916	-179.20883	-30.56718	 120.61814	-79.88234	-56.05796	-0.04524	-0.70536	 3.55777	-2.65346	-43.78280	-55.06627	
1370	-0.43694	-1.05557	-3.05330	-0.99191	-3.17674	-1.87315	 0.62962	-2.61871	 197.48677	-182.46722	-30.09034	 127.40550	-88.63191	-51.66252	-0.07548	-0.67779	 3.46291	-2.57007	-44.79513	-50.50414	
1371	-0.74957	-1.03577	-3.01608	-0.96906	-3.16594	-1.50396	 1.13106	-2.17748	 199.80900	-185.26993	-29.61267	 131.85647	-94.57156	-46.77176	-0.10413	-0.64633	 3.31155	-2.49145	-45.73466	-41.70427	
1372	-1.05082	-0.39038	-2.97748	-0.93808	-3.14785	-1.06441	 1.59218	-1.37685	 201.69064	-187.60897	-29.13266	 134.04879	-97.95459	-42.05006	-0.13163	-0.60990	 3.02008	-2.42433	-46.59622	-27.56530	
1373	-1.33744	 0.90240	-2.94956	-0.89556	-3.12297	-0.62550	 1.63247	-0.42883	 203.12832	-189.48317	-28.64999	 134.26879	-99.66306	-39.03767	-0.15770	-0.57026	 2.55951	-2.38246	-47.37750	-12.82468	
1374	-1.60737	 1.99633	-2.92973	-0.83920	-3.09738	-0.18320	 1.30642	 0.12164	 204.11924	-190.89653	-28.16594	 133.03144	-100.28795	-37.60130	-0.18041	-0.53177	 2.14078	-2.37648	-48.08339	-4.66271	
1375	-1.85885	 2.44831	-2.90750	-0.78734	-3.07246	 0.17623	 1.00696	 0.29991	 204.67170	-191.85521	-27.67997	 131.03122	-100.05581	-36.43024	-0.19955	-0.49503	 1.87870	-2.37400	-48.71419	-1.87622	
1376	-2.08944	 2.49884	-2.88007	-0.74650	-3.04564	 0.42226	 0.82650	 0.35101	 204.79730	-192.36633	-27.19076	 128.81680	-99.38324	-35.16852	-0.21590	-0.45856	 1.70677	-2.35295	-49.26512	-1.15549	
1377	-2.29679	 2.37077	-2.84793	-0.71299	-3.01564	 0.58842	 0.72631	 0.37411	 204.50800	-192.43999	-26.69792	 126.74560	-98.66790	-33.85387	-0.22982	-0.42157	 1.57181	-2.31480	-49.73289	-1.11443	
1378	-2.47891	 2.17101	-2.81172	-0.68315	-2.98213	 0.70541	 0.67187	 0.39509	 203.81958	-192.09120	-26.20162	 125.03990	-98.17533	-32.53424	-0.24139	-0.38382	 1.45198	-2.26493	-50.11579	-1.31011	
1379	-2.63416	 1.94878	-2.77189	-0.65474	-2.94507	 0.79191	 0.64366	 0.41972	 202.75414	-191.34154	-25.70236	 123.82197	-98.05536	-31.23384	-0.25065	-0.34530	 1.33875	-2.20722	-50.41294	-1.59269	
1380	-2.76120	 1.72843	-2.72875	-0.62649	-2.90454	 0.85878	 0.63100	 0.44888	 201.34141	-190.22028	-25.20087	 123.14103	-98.37435	-29.96328	-0.25767	-0.30607	 1.22853	-2.14393	-50.62399	-1.90480	
1381	-2.85904	 1.52309	-2.68253	-0.59765	-2.86066	 0.91248	 0.62790	 0.48231	 199.61907	-188.76466	-24.69807	 122.99554	-99.14213	-28.72678	-0.26251	-0.26622	 1.11966	-2.07630	-50.74906	-2.22135	
1382	-2.92700	 1.34031	-2.63339	-0.56779	-2.81353	 0.95703	 0.63082	 0.51959	 197.63200	-187.01918	-24.19512	 123.35074	-100.33197	-27.52567	-0.26527	-0.22588	 1.01131	-2.00494	-50.78873	-2.52980	
1383	-2.96473	 1.18457	-2.58149	-0.53663	-2.76329	 0.99509	 0.63759	 0.56038	 195.43064	-185.03391	-23.69333	 124.15165	-101.89500	-26.36001	-0.26605	-0.18518	 0.90304	-1.93012	-50.74397	-2.82298	
1384	-2.97222	 1.05851	-2.52698	-0.50403	-2.71008	 1.02845	 0.64686	 0.60443	 193.06876	-182.86230	-23.19421	 125.33253	-103.77033	-25.22943	-0.26498	-0.14423	 0.79460	-1.85188	-50.61620	-3.09618	
1385	-2.94979	 0.96355	-2.47000	-0.46991	-2.65407	 1.05839	 0.65778	 0.65157	 190.60105	-180.55875	-22.69946	 126.82381	-105.89242	-24.13345	-0.26220	-0.10319	 0.68589	-1.77016	-50.40720	-3.34598	
1386	-2.89809	 0.90024	-2.41069	-0.43424	-2.59541	 1.08584	 0.66980	 0.70169	 188.08079	-178.17622	-22.21092	 128.55706	-108.19630	-23.07174	-0.25785	-0.06220	 0.57687	-1.68485	-50.11914	-3.56967	
1387	-2.81807	 0.86844	-2.34920	-0.39704	-2.53430	 1.11149	 0.68255	 0.75472	 185.55791	-175.76437	-21.73061	 130.46872	-110.62143	-22.04418	-0.25210	-0.02139	 0.46760	-1.59584	-49.75456	-3.76498	
1388	-2.71101	 0.86749	-2.28570	-0.35834	-2.47094	 1.13591	 0.69584	 0.81062	 183.07758	-173.36801	-21.26071	 132.50272	-113.11443	-21.05091	-0.24507	 0.01908	 0.35818	-1.50304	-49.31629	-3.93000	
1389	-2.57848	 0.89627	-2.22035	-0.31822	-2.40556	 1.15949	 0.70953	 0.86938	 180.67921	-171.02620	-20.80358	 134.61218	-115.63072	-20.09235	-0.23693	 0.05905	 0.24878	-1.40642	-48.80744	-4.06309	
1390	-2.42228	 0.95328	-2.15335	-0.27679	-2.33841	 1.18257	 0.72356	 0.93098	 178.39613	-168.77178	-20.36175	 136.76015	-118.13542	-19.16923	-0.22779	 0.09839	 0.13960	-1.30601	-48.23139	-4.16289	
1391	-2.24449	 1.03669	-2.08491	-0.23415	-2.26974	 1.20541	 0.73790	 0.99546	 176.25544	-166.63128	-19.93796	 138.91974	-120.60335	-18.28257	-0.21777	 0.13692	 0.03091	-1.20190	-47.59167	-4.22826	
1392	-2.04741	 1.14439	-2.01526	-0.19046	-2.19984	 1.22821	 0.75257	 1.06283	 174.27836	-164.62511	-19.53518	 141.07341	-123.01832	-17.43372	-0.20696	 0.17448	-0.07700	-1.09427	-46.89199	-4.25830	
1393	-1.83351	 1.27406	-1.94465	-0.14589	-2.12904	 1.25111	 0.76757	 1.13317	 172.48060	-162.76798	-19.15664	 143.21183	-125.37197	-16.62439	-0.19545	 0.21092	-0.18381	-0.98335	-46.13614	-4.25231	
1394	-1.60542	 1.42318	-1.87335	-0.10062	-2.05764	 1.27423	 0.78294	 1.20656	 170.87297	-161.06936	-18.80591	 145.33234	-127.66208	-15.85667	-0.18328	 0.24606	-0.28919	-0.86947	-45.32796	-4.20980	
1395	-1.36592	 1.58908	-1.80164	-0.05488	-1.98602	 1.29764	 0.79870	 1.28312	 169.46194	-159.53393	-18.48698	 147.43717	-129.89079	-15.13310	-0.17047	 0.27974	-0.39280	-0.75301	-44.47128	-4.13041	
1396	-1.11785	 1.76902	-1.72984	-0.00889	-1.91454	 1.32137	 0.81489	 1.36303	 168.25024	-158.16211	-18.20433	 149.53170	-132.06261	-14.45676	-0.15702	 0.31178	-0.49431	-0.63441	-43.56990	-4.01389	
1397	-0.86414	 1.96018	-1.65829	 0.03707	-1.84359	 1.34545	 0.83152	 1.44653	 167.23740	-156.95041	-17.96312	 151.62270	-134.18258	-13.83137	-0.14289	 0.34203	-0.59342	-0.51417	-42.62752	-3.86004	
1398	-0.60771	 2.15977	-1.58733	 0.08272	-1.77358	 1.36985	 0.84864	 1.53394	 166.42027	-155.89173	-17.76934	 153.71679	-136.25444	-13.26151	-0.12801	 0.37031	-0.68990	-0.39280	-41.64771	-3.66862	
1399	-0.35148	 2.36500	-1.51733	 0.12774	-1.70494	 1.39454	 0.86627	 1.62570	 165.79340	-154.97549	-17.63009	 155.81913	-138.27899	-12.75277	-0.11228	 0.39646	-0.78355	-0.27086	-40.63389	-3.43919	
1400	-0.09833	 2.57319	-1.44868	 0.17181	-1.63808	 1.41947	 0.88443	 1.72237	 165.34940	-154.18765	-17.55387	 157.93219	-140.25255	-12.31219	-0.09558	 0.42031	-0.87428	-0.14890	-39.58927	-3.17103	
1401	 0.14897	 2.78178	-1.38178	 0.21455	-1.57346	 1.44458	 0.90319	 1.82467	 165.07916	-153.51049	-17.55104	 160.05490	-142.16536	-11.94863	-0.07774	 0.44171	-0.96211	-0.02745	-38.51685	-2.86283	
1402	 0.38775	 2.98839	-1.31701	 0.25559	-1.51151	 1.46977	 0.92261	 1.93355	 164.97188	-152.92205	-17.63433	 162.18174	-144.00004	-11.67356	-0.05855	 0.46046	-1.04721	 0.09296	-37.41943	-2.51246	
1403	 0.61550	 3.19086	-1.25479	 0.29449	-1.45267	 1.49494	 0.94280	 2.05017	 165.01481	-152.39531	-17.81948	 164.30204	-145.72962	-11.50194	-0.03776	 0.47637	-1.12988	 0.21187	-36.29957	-2.11653	
1404	 0.82987	 3.38728	-1.19550	 0.33081	-1.39736	 1.51998	 0.96393	 2.17603	 165.19249	-151.89665	-18.12583	 166.39902	-147.31504	-11.45375	-0.01504	 0.48921	-1.21057	 0.32881	-35.15962	-1.66988	
1405	 1.02875	 3.57601	-1.13952	 0.36406	-1.34599	 1.54474	 0.98624	 2.31292	 165.48472	-151.38371	-18.57659	 168.44837	-148.70138	-11.55608	 0.01003	 0.49867	-1.28983	 0.44332	-34.00178	-1.16482	
1406	 1.21026	 3.75571	-1.08717	 0.39368	-1.29891	 1.56904	 1.01012	 2.46298	 165.86211	-150.80221	-19.19738	 170.41544	-149.81174	-11.84625	 0.03802	 0.50431	-1.36816	 0.55478	-32.82811	-0.59026	
1407	 1.37279	 3.92529	-1.03872	 0.41905	-1.25643	 1.59262	 1.03608	 2.62860	 166.27558	-150.08236	-20.00932	 172.24865	-150.53619	-12.37620	 0.06970	 0.50550	-1.44563	 0.66208	-31.64059	 0.06934	
1408	 1.51502	 4.08383	-0.99435	 0.43945	-1.21876	 1.61515	 1.06484	 2.81226	 166.63060	-149.13804	-21.00394	 173.86317	-150.71035	-13.21755	 0.10621	 0.50127	-1.52103	 0.76282	-30.44075	 0.83472	
1409	 1.63601	 4.23037	-0.95404	 0.45399	-1.18598	 1.63617	 1.09736	 3.01603	 166.71867	-147.88495	-22.05640	 175.09585	-150.06994	-14.46244	 0.14914	 0.49018	-1.58975	 0.85141	-29.22765	 1.73050	
1410	 1.73519	 4.36355	-0.91753	 0.46161	-1.15792	 1.65512	 1.13479	 3.24074	 166.01439	-146.35243	-22.61044	 175.56713	-148.14524	-16.19205	 0.20044	 0.47039	-1.63932	 0.91481	-27.98806	 2.77510	
1411	 1.81252	 4.48112	-0.88417	 0.46099	-1.13403	 1.67142	 1.17844	 3.48453	 162.98596	-145.23193	-20.43983	 174.18672	-143.99269	-18.25300	 0.26052	 0.44157	-1.64127	 0.92483	-26.64909	 3.93064	
1412	 1.86866	 4.57928	-0.85267	 0.45050	-1.11304	 1.68479	 1.22955	 3.74108	 152.35672	-147.96573	-6.82031	 166.97410	-135.52612	-18.75008	 0.31585	 0.41723	-1.54811	 0.83555	-24.80909	 4.82771	
1413	 1.90538	 4.65225	-0.82062	 0.42822	-1.09231	 1.69588	 1.28904	 3.99796	 113.46518	-151.25786	 35.62339	 135.09852	-120.84840	-0.75875	 0.28898	 0.47448	-1.34953	 0.63994	-19.36704	 2.38581	
1414	 4.42612	 3.38565	 3.62790	 1.52242	 1.20868	 0.56112	 0.63908	 0.72699	 1.22008	 1.91810	 4.68445	 2.32458	 1.62862	 1.75215	 0.10288	-0.55677	-0.25896	 0.38970	 275263253861945.81250	-219552008124452.00000	
1415	 3.58970	 4.37142	 1.86423	 1.27471	 0.70985	 2.86573	 2.30698	 2.99482	 47.49355	-161.63698	 118.83942	 39.59780	-220.13506	 200.70512	 0.15373	-0.12241	-0.88645	 0.19112	 19.89087	-6.34940	
1416	 3.59678	 4.30365	 1.91877	 1.28917	 0.75766	 2.88669	 2.36930	 3.01664	 2.72085	-158.93035	 160.97265	-2.94640	-176.08491	 199.25702	 0.04296	-0.07242	-0.56645	-0.11056	 18.79491	-6.47788	
1417	 3.59826	 4.23288	 1.97129	 1.30325	 0.80348	 2.90707	 2.43167	 3.03834	-13.32999	-154.64696	 172.80898	-6.35901	-167.74821	 194.38924	-0.00921	-0.08133	-0.42156	-0.23657	 17.83294	-6.70892	
1418	 3.59461	 4.15947	 2.02179	 1.31691	 0.84730	 2.92683	 2.49404	 3.05989	-16.45744	-155.23583	 176.59606	-4.07062	-166.99262	 191.39999	-0.04347	-0.10845	-0.41086	-0.22789	 16.93742	-6.97297	
1419	 3.58633	 4.08375	 2.07030	 1.33007	 0.88911	 2.94594	 2.55637	 3.08123	-16.24571	-156.80034	 178.02162	-1.72937	-167.49780	 189.61709	-0.07546	-0.13811	-0.45917	-0.15980	 16.09602	-7.25585	
1420	 3.57390	 4.00608	 2.11683	 1.34268	 0.92889	 2.96437	 2.61862	 3.10233	-15.26956	-158.35873	 178.67881	 0.06122	-168.17574	 188.55610	-0.10881	-0.16672	-0.52726	-0.07160	 15.30540	-7.55262	
1421	 3.55781	 3.92683	 2.16142	 1.35469	 0.96661	 2.98209	 2.68076	 3.12314	-14.21916	-159.73236	 179.07929	 1.36515	-168.82549	 187.95213	-0.14411	-0.19366	-0.59913	 0.02059	 14.56465	-7.86098	
1422	 3.53853	 3.84633	 2.20408	 1.36603	 1.00224	 2.99907	 2.74275	 3.14361	-13.27633	-160.92077	 179.40453	 2.30509	-169.42103	 187.65661	-0.18123	-0.21908	-0.66898	 0.11089	 13.87361	-8.17960	
1423	 3.51653	 3.76495	 2.24484	 1.37664	 1.03575	 3.01530	 2.80454	 3.16369	-12.47624	-161.95634	 179.72222	 2.97894	-169.97245	 187.58182	-0.21994	-0.24320	-0.73508	 0.19744	 13.23236	-8.50761	
1424	 3.49227	 3.68304	 2.28373	 1.38647	 1.06710	 3.03074	 2.86611	 3.18332	-11.81135	-162.87142	 180.05727	 3.45661	-170.49517	 187.67343	-0.25999	-0.26628	-0.79722	 0.27996	 12.64098	-8.84431	
1425	 3.46621	 3.60095	 2.32077	 1.39545	 1.09626	 3.04539	 2.92742	 3.20245	-11.26341	-163.69209	 180.41759	 3.78725	-171.00306	 187.89633	-0.30118	-0.28852	-0.85577	 0.35869	 12.09944	-9.18917	
1426	 3.43879	 3.51902	 2.35600	 1.40354	 1.12318	 3.05921	 2.98844	 3.22104	-10.81345	-164.43823	 180.80419	 4.00573	-171.50728	 188.22699	-0.34334	-0.31007	-0.91125	 0.43403	 11.60754	-9.54167	
1427	 3.41045	 3.43759	 2.38943	 1.41067	 1.14782	 3.07220	 3.04913	 3.23903	-10.44473	-165.12479	 181.21535	 4.13724	-172.01656	 188.64917	-0.38636	-0.33107	-0.96419	 0.50641	 11.16492	-9.90133	
1428	 3.38159	 3.35699	 2.42111	 1.41679	 1.17014	 3.08435	 3.10946	 3.25636	-10.14325	-165.76303	 181.64841	 4.20032	-172.53764	 189.15126	-0.43013	-0.35161	-1.01509	 0.57619	 10.77102	-10.26770	
1429	 3.35262	 3.27753	 2.45107	 1.42185	 1.19009	 3.09563	 3.16941	 3.27298	-9.89755	-166.36153	 182.10054	 4.20888	-173.07568	 189.72475	-0.47456	-0.37179	-1.06437	 0.64369	 10.42504	-10.64030	
1430	 3.32394	 3.19953	 2.47933	 1.42580	 1.20765	 3.10604	 3.22894	 3.28885	-9.69831	-166.92684	 182.56904	 4.17356	-173.63463	 190.36322	-0.51957	-0.39167	-1.11241	 0.70918	 10.12600	-11.01860	
1431	 3.29590	 3.12329	 2.50593	 1.42859	 1.22276	 3.11557	 3.28804	 3.30389	-9.53793	-167.46407	 183.05146	 4.10260	-174.21748	 191.06163	-0.56512	-0.41132	-1.15957	 0.77287	 9.87264	-11.40207	
1432	 3.26886	 3.04909	 2.53089	 1.43017	 1.23539	 3.12421	 3.34667	 3.31806	-9.41023	-167.97721	 183.54562	 4.00251	-174.82643	 191.81591	-0.61114	-0.43077	-1.20614	 0.83495	 9.66351	-11.79008	
1433	 3.24316	 2.97721	 2.55424	 1.43050	 1.24552	 3.13195	 3.40482	 3.33131	-9.31012	-168.46941	 184.04962	 3.87850	-175.46303	 192.62266	-0.65759	-0.45008	-1.25237	 0.89556	 9.49686	-12.18195	
1434	 3.21911	 2.90791	 2.57601	 1.42955	 1.25311	 3.13879	 3.46247	 3.34358	-9.23338	-168.94319	 184.56179	 3.73479	-176.12831	 193.47894	-0.70444	-0.46927	-1.29853	 0.95484	 9.37069	-12.57687	
1435	 3.19699	 2.84144	 2.59621	 1.42726	 1.25816	 3.14472	 3.51959	 3.35482	-9.17654	-169.40056	 185.08064	 3.57483	-176.82285	 194.38208	-0.75166	-0.48838	-1.34482	 1.01287	 9.28271	-12.97392	
1436	 3.17710	 2.77801	 2.61487	 1.42362	 1.26065	 3.14973	 3.57616	 3.36496	-9.13666	-169.84314	 185.60489	 3.40147	-177.54683	 195.32962	-0.79922	-0.50742	-1.39145	 1.06977	 9.23033	-13.37200	
1437	 3.15966	 2.71785	 2.63198	 1.41859	 1.26058	 3.15383	 3.63218	 3.37396	-9.11131	-170.27223	 186.13339	 3.21710	-178.30010	 196.31924	-0.84710	-0.52640	-1.43862	 1.12560	 9.21065	-13.76987	
1438	 3.14492	 2.66115	 2.64754	 1.41214	 1.25797	 3.15701	 3.68762	 3.38176	-9.09840	-170.68889	 186.66510	 3.02370	-179.08223	 197.34866	-0.89530	-0.54532	-1.48649	 1.18045	 9.22046	-14.16614	
1439	 3.13308	 2.60808	 2.66153	 1.40426	 1.25286	 3.15927	 3.74248	 3.38829	-9.09617	-171.09396	 187.19908	 2.82293	-179.89250	 198.41562	-0.94382	-0.56419	-1.53525	 1.23438	 9.25641	-14.55937	
1440	 3.12431	 2.55882	 2.67390	 1.39493	 1.24531	 3.16059	 3.79674	 3.39348	-9.10314	-171.48808	 187.73448	 2.61618	-180.73000	 199.51789	-0.99266	-0.58298	-1.58506	 1.28747	 9.31530	-14.94848	
1441	 3.11878	 2.51349	 2.68456	 1.38414	 1.23542	 3.16097	 3.85039	 3.39726	-9.11802	-171.87175	 188.27050	 2.40459	-181.59358	 200.65320	-1.04187	-0.60165	-1.63607	 1.33976	 9.39503	-15.33364	
1442	 3.11661	 2.47223	 2.69336	 1.37189	 1.22332	 3.16040	 3.90342	 3.39952	-9.13971	-172.24529	 188.80637	 2.18901	-182.48191	 201.81925	-1.09147	-0.62014	-1.68844	 1.39135	 9.49703	-15.71882	
1443	 3.11789	 2.43512	 2.70006	 1.35818	 1.20923	 3.15887	 3.95582	 3.40014	-9.16727	-172.60887	 189.34133	 1.97006	-183.39352	 203.01370	-1.14156	-0.63836	-1.74231	 1.44228	 9.63284	-16.11847	
1444	 3.12268	 2.40226	 2.70425	 1.34303	 1.19347	 3.15633	 4.00756	 3.39893	-9.19985	-172.96245	 189.87460	 1.74795	-184.32675	 204.23417	-1.19226	-0.65615	-1.79782	 1.49264	 9.84278	-16.57644	
1445	 3.13094	 2.37370	 2.70526	 1.32648	 1.17650	 3.15273	 4.05861	 3.39561	-9.23676	-173.30576	 190.40529	 1.52240	-185.27981	 205.47823	-1.24375	-0.67328	-1.85513	 1.54252	 10.25296	-17.22369	
1446	 3.14253	 2.34946	 2.70185	 1.30860	 1.15909	 3.14795	 4.10886	 3.38967	-9.27736	-173.63812	 190.93233	 1.29211	-186.25075	 206.74342	-1.29636	-0.68932	-1.91437	 1.59202	 11.26911	-18.47351	
1447	 3.15692	 2.32953	 2.69165	 1.28950	 1.14247	 3.14171	 4.15809	 3.38011	-9.32109	-173.95819	 191.45415	 1.05376	-187.23743	 208.02724	-1.35061	-0.70350	-1.97568	 1.64126	 14.32639	-21.77529	
1448	 3.17264	 2.31382	 2.66957	 1.26944	 1.12876	 3.13336	 4.20556	 3.36464	-9.36757	-174.26339	 191.96802	 0.79885	-188.23736	 209.32721	-1.40739	-0.71418	-2.03916	 1.69045	 25.18380	-32.92104	
1449	 3.18465	 2.30202	 2.62276	 1.24899	 1.12156	 3.12091	 4.24882	 3.33686	-9.41687	-174.54851	 192.46783	 0.50286	-189.24729	 210.64103	-1.46835	-0.71732	-2.10482	 1.74000	 66.84034	-75.00688	
1450	 3.17080	 2.29297	 2.50934	 1.22985	 1.12490	 3.09634	 4.27675	 3.27280	-9.47207	-174.80352	 192.93472	 0.07398	-190.26109	 211.96747	-1.53575	-0.70004	-2.17207	 1.79116	 147.84882	-156.97816	
1451	 2.97663	 2.27980	 2.12541	 1.21934	 1.09786	 3.00807	 4.20988	 3.02939	-9.56460	-175.03501	 193.27807	-1.02668	-191.25616	 213.31450	-1.59683	-0.60072	-2.23503	 1.85060	 37.88005	-51.06804	
1452	 1.48501	 2.22141	 0.61894	 1.24095	 0.26103	 2.49567	 3.44792	 1.71683	-9.97833	-175.83350	 193.11010	-6.02668	-192.13269	 214.76478	-1.35842	-0.17109	-2.24194	 1.95593	-300.51675	 262.48271	
1453	 0.23730	 2.18894	-0.13492	 1.24656	-0.84608	 2.01959	 2.75576	 0.65652	-10.37105	-176.99761	 193.25298	-9.83665	-193.07153	 216.21281	-0.99770	 0.03033	-2.25314	 2.04469	-517.39517	 458.02117	
1454	 0.02542	 2.20210	-0.20183	 1.24425	-1.14756	 1.88332	 2.62669	 0.40105	-10.48835	-177.50767	 193.70589	-10.66796	-194.09049	 217.58293	-0.94283	 0.03816	-2.31960	 2.09914	-576.88060	 512.33757	
1455	-0.02016	 2.22559	-0.22004	 1.23916	-1.27386	 1.82162	 2.60075	 0.28167	-10.55900	-177.84758	 194.17998	-11.00908	-195.11592	 218.93780	-0.95752	 0.03535	-2.40043	 2.14873	-611.59278	 544.64137	
1456	-0.02606	 2.25418	-0.23640	 1.23015	-1.35416	 1.78496	 2.60159	 0.19755	-10.61998	-178.13205	 194.65061	-11.22326	-196.13835	 220.28550	-0.99182	 0.03398	-2.48787	 2.19770	-639.84924	 571.19046	
1457	-0.01684	 2.28665	-0.25439	 1.21751	-1.41828	 1.75985	 2.61208	 0.12636	-10.67887	-178.38921	 195.11443	-11.38953	-197.15454	 221.62571	-1.03423	 0.03469	-2.58001	 2.24706	-665.73253	 595.62806	
1458	 0.00037	 2.32248	-0.27380	 1.20178	-1.47574	 1.74100	 2.62666	 0.06072	-10.73792	-178.62833	 195.57043	-11.53382	-198.16212	 222.95662	-1.08116	 0.03736	-2.67626	 2.29724	-690.65588	 619.22874	
1459	 0.02289	 2.36132	-0.29419	 1.18343	-1.53031	 1.72590	 2.64308	-0.00242	-10.79801	-178.85305	 196.01796	-11.66693	-199.15892	 224.27604	-1.13128	 0.04191	-2.77639	 2.34852	-715.24511	 642.56318	
1460	 0.04941	 2.40291	-0.31520	 1.16286	-1.58365	 1.71319	 2.66028	-0.06448	-10.85958	-179.06494	 196.45646	-11.79414	-200.14284	 225.58171	-1.18409	 0.04833	-2.88037	 2.40112	-739.82477	 665.93045	
1461	 0.07919	 2.44698	-0.33659	 1.14036	-1.63658	 1.70210	 2.67775	-0.12618	-10.92288	-179.26468	 196.88535	-11.91834	-201.11184	 226.87139	-1.23940	 0.05667	-2.98824	 2.45526	-764.58448	 689.50724	
1462	 0.11171	 2.49326	-0.35819	 1.11618	-1.68949	 1.69215	 2.69520	-0.18790	-10.98812	-179.45251	 197.30406	-12.04128	-202.06394	 228.14286	-1.29716	 0.06701	-3.10008	 2.51114	-789.64739	 713.40958	
1463	 0.14655	 2.54148	-0.37986	 1.09051	-1.74259	 1.68305	 2.71248	-0.24982	-11.05545	-179.62843	 197.71200	-12.16414	-202.99722	 229.39399	-1.35742	 0.07945	-3.21598	 2.56898	-815.10201	 737.72195	
1464	 0.18332	 2.59135	-0.40150	 1.06351	-1.79594	 1.67461	 2.72952	-0.31201	-11.12503	-179.79230	 198.10855	-12.28774	-203.90983	 230.62271	-1.42027	 0.09411	-3.33606	 2.62898	-841.01872	 762.51227	
1465	 0.22166	 2.64258	-0.42303	 1.03532	-1.84955	 1.66671	 2.74627	-0.37450	-11.19702	-179.94393	 198.49310	-12.41274	-204.79998	 231.82703	-1.48583	 0.11113	-3.46047	 2.69137	-867.45874	 787.84029	
1466	 0.26124	 2.69487	-0.44437	 1.00608	-1.90341	 1.65926	 2.76272	-0.43725	-11.27157	-180.08303	 198.86503	-12.53965	-205.66598	 233.00507	-1.55423	 0.13065	-3.58933	 2.75638	-894.47947	 813.76248	
1467	 0.30168	 2.74791	-0.46545	 0.97588	-1.95745	 1.65222	 2.77887	-0.50021	-11.34883	-180.20930	 199.22368	-12.66892	-206.50618	 234.15500	-1.62561	 0.15282	-3.72280	 2.82425	-922.13763	 840.33500	
1468	 0.34265	 2.80137	-0.48623	 0.94485	-2.01160	 1.64557	 2.79474	-0.56331	-11.42896	-180.32238	 199.56842	-12.80096	-207.31906	 235.27509	-1.70013	 0.17780	-3.86102	 2.89520	-950.49124	 867.61551	
1469	 0.38378	 2.85493	-0.50664	 0.91308	-2.06577	 1.63929	 2.81034	-0.62644	-11.51211	-180.42193	 199.89859	-12.93611	-208.10314	 236.36373	-1.77796	 0.20578	-4.00415	 2.96951	-979.60065	 895.66412	
1470	 0.42471	 2.90826	-0.52663	 0.88067	-2.11988	 1.63337	 2.82571	-0.68953	-11.59843	-180.50754	 200.21353	-13.07471	-208.85704	 237.41937	-1.85927	 0.23691	-4.15237	 3.04741	-1009.52904	 924.54387	
1471	 0.46508	 2.96102	-0.54617	 0.84770	-2.17381	 1.62783	 2.84086	-0.75244	-11.68807	-180.57884	 200.51258	-13.21707	-209.57947	 238.44057	-1.94424	 0.27140	-4.30585	 3.12919	-1040.34245	 954.32068	
1472	 0.50452	 3.01286	-0.56520	 0.81427	-2.22747	 1.62268	 2.85583	-0.81509	-11.78118	-180.63539	 200.79507	-13.36347	-210.26922	 239.42596	-2.03305	 0.30943	-4.46477	 3.21511	-1072.10942	 985.06303	
1473	 0.54265	 3.06345	-0.58369	 0.78047	-2.28075	 1.61793	 2.87065	-0.87734	-11.87789	-180.67680	 201.06033	-13.51419	-210.92514	 240.37429	-2.12589	 0.35121	-4.62931	 3.30545	-1104.90031	 1016.84119	
1474	 0.57911	 3.11242	-0.60160	 0.74639	-2.33354	 1.61360	 2.88535	-0.93907	-11.97835	-180.70262	 201.30771	-13.66949	-211.54618	 241.28439	-2.22297	 0.39695	-4.79966	 3.40050	-1138.78629	 1049.72630	
1475	 0.61353	 3.15945	-0.61890	 0.71211	-2.38573	 1.60972	 2.89997	-1.00017	-12.08268	-180.71243	 201.53654	-13.82959	-212.13138	 242.15516	-2.32449	 0.44686	-4.97604	 3.50054	-1173.83821	 1083.78909	
1476	 0.64553	 3.20417	-0.63554	 0.67772	-2.43720	 1.60629	 2.91453	-1.06051	-12.19100	-180.70580	 201.74618	-13.99473	-212.67983	 242.98561	-2.43066	 0.50116	-5.15865	 3.60589	-1210.12505	 1119.09848	
1477	 0.67474	 3.24624	-0.65151	 0.64331	-2.48785	 1.60336	 2.92907	-1.11995	-12.30342	-180.68228	 201.93598	-14.16511	-213.19070	 243.77483	-2.54169	 0.56010	-5.34771	 3.71685	-1247.71244	 1155.71997	
1478	 0.70082	 3.28532	-0.66678	 0.60896	-2.53757	 1.60093	 2.94362	-1.17839	-12.42004	-180.64146	 202.10531	-14.34092	-213.66324	 244.52197	-2.65780	 0.62390	-5.54345	 3.83372	-1286.66084	 1193.71393	
1479	 0.72338	 3.32107	-0.68131	 0.57476	-2.58623	 1.59903	 2.95822	-1.23569	-12.54096	-180.58289	 202.25355	-14.52234	-214.09674	 245.22628	-2.77923	 0.69282	-5.74611	 3.95684	-1327.02387	 1233.13381	
1480	 0.74208	 3.35315	-0.69509	 0.54079	-2.63373	 1.59768	 2.97289	-1.29172	-12.66624	-180.50615	 202.38011	-14.70951	-214.49059	 245.88708	-2.90620	 0.76710	-5.95592	 4.08651	-1368.84643	 1274.02438	
1481	 0.75658	 3.38123	-0.70810	 0.50715	-2.67997	 1.59691	 2.98766	-1.34636	-12.79595	-180.41083	 202.48439	-14.90258	-214.84421	 246.50375	-3.03897	 0.84702	-6.17315	 4.22308	-1412.16305	 1316.41997	
1482	 0.76653	 3.40499	-0.72031	 0.47391	-2.72483	 1.59673	 3.00257	-1.39949	-12.93015	-180.29650	 202.56583	-15.10166	-215.15709	 247.07574	-3.17776	 0.93284	-6.39805	 4.36688	-1456.99622	 1360.34291	
1483	 0.77160	 3.42410	-0.73172	 0.44117	-2.76822	 1.59718	 3.01763	-1.45098	-13.06887	-180.16277	 202.62389	-15.30686	-215.42877	 247.60258	-3.32284	 1.02484	-6.63092	 4.51824	-1503.35496	 1405.80198	
1484	 0.77148	 3.43827	-0.74230	 0.40899	-2.81002	 1.59825	 3.03289	-1.50073	-13.21213	-180.00925	 202.65804	-15.51826	-215.65883	 248.08386	-3.47447	 1.12331	-6.87202	 4.67753	-1551.23356	 1452.79127	
1485	 0.76585	 3.44719	-0.75205	 0.37748	-2.85014	 1.59999	 3.04837	-1.54860	-13.35995	-179.83555	 202.66780	-15.73591	-215.84690	 248.51920	-3.63291	 1.22854	-7.12167	 4.84508	-1600.61064	 1501.28916	
1486	 0.75442	 3.45056	-0.76096	 0.34672	-2.88848	 1.60239	 3.06409	-1.59449	-13.51231	-179.64131	 202.65269	-15.95987	-215.99268	 248.90831	-3.79844	 1.34083	-7.38016	 5.02125	-1651.44842	 1551.25764	
1487	 0.73690	 3.44813	-0.76901	 0.31677	-2.92494	 1.60549	 3.08007	-1.63828	-13.66920	-179.42618	 202.61227	-16.19015	-216.09586	 249.25093	-3.97133	 1.46050	-7.64782	 5.20641	-1703.69239	 1602.64194	
1488	 0.71303	 3.43960	-0.77622	 0.28774	-2.95944	 1.60929	 3.09635	-1.67988	-13.83058	-179.18982	 202.54614	-16.42676	-216.15620	 249.54687	-4.15188	 1.58787	-7.92497	 5.40093	-1757.27127	 1655.37052	
1489	 0.68255	 3.42474	-0.78256	 0.25969	-2.99189	 1.61381	 3.11294	-1.71917	-13.99640	-178.93191	 202.45392	-16.66968	-216.17348	 249.79596	-4.34038	 1.72326	-8.21196	 5.60517	-1812.09731	 1709.35538	
1490	 0.64522	 3.40329	-0.78804	 0.23272	-3.02221	 1.61907	 3.12987	-1.75605	-14.16659	-178.65216	 202.33526	-16.91888	-216.14753	 249.99809	-4.53714	 1.86702	-8.50914	 5.81952	-1868.06693	 1764.49267	
1491	 0.60081	 3.37503	-0.79267	 0.20689	-3.05031	 1.62507	 3.14716	-1.79044	-14.34107	-178.35027	 202.18985	-17.17430	-216.07817	 250.15320	-4.74247	 2.01950	-8.81688	 6.04436	-1925.06167	 1820.66369	
1492	 0.54912	 3.33973	-0.79643	 0.18228	-3.07612	 1.63183	 3.16482	-1.82224	-14.51974	-178.02597	 202.01740	-17.43587	-215.96529	 250.26124	-4.95670	 2.18105	-9.13556	 6.28008	-1982.94943	 1877.73607	
1493	 0.48996	 3.29721	-0.79935	 0.15898	-3.09957	 1.63935	 3.18288	-1.85137	-14.70249	-177.67903	 201.81768	-17.70349	-215.80878	 250.32223	-5.18017	 2.35204	-9.46557	 6.52707	-2041.58599	 1935.56535	
1494	 0.42315	 3.24727	-0.80141	 0.13706	-3.12060	 1.64765	 3.20136	-1.87775	-14.88919	-177.30922	 201.59046	-17.97707	-215.60855	 250.33621	-5.41320	 2.53286	-9.80730	 6.78572	-2100.81670	 1993.99663	
1495	 0.34853	 3.18975	-0.80263	 0.11658	-3.13915	 1.65673	 3.22028	-1.90130	-15.07971	-176.91632	 201.33558	-18.25646	-215.36453	 250.30324	-5.65618	 2.72390	-10.16117	 7.05646	-2160.47839	 2052.86653	
1496	 0.26598	 3.12448	-0.80301	 0.09762	-3.15515	 1.66660	 3.23964	-1.92195	-15.27390	-176.50015	 201.05290	-18.54152	-215.07669	 250.22343	-5.90946	 2.92556	-10.52761	 7.33968	-2220.40141	 2112.00519	
1497	 0.17537	 3.05132	-0.80257	 0.08026	-3.16856	 1.67726	 3.25947	-1.93963	-15.47158	-176.06054	 200.74230	-18.83210	-214.74498	 250.09691	-6.17342	 3.13827	-10.90706	 7.63581	-2280.41175	 2171.23839	
1498	 0.07660	 2.97016	-0.80131	 0.06455	-3.17932	 1.68873	 3.27979	-1.95430	-15.67258	-175.59733	 200.40371	-19.12801	-214.36941	 249.92384	-6.44846	 3.36245	-11.29997	 7.94527	-2340.33320	 2230.38976	
1499	-0.03042	 2.88088	-0.79923	 0.05056	-3.18741	 1.70100	 3.30061	-1.96589	-15.87672	-175.11040	 200.03709	-19.42907	-213.94997	 249.70442	-6.73499	 3.59855	-11.70680	 8.26849	-2399.98952	 2289.28288	
1500	-0.14574	 2.78340	-0.79636	 0.03836	-3.19278	 1.71407	 3.32194	-1.97437	-16.08379	-174.59963	 199.64245	-19.73507	-213.48668	 249.43885	-7.03344	 3.84704	-12.12804	 8.60590	-2459.20652	 2347.74345	
1501	-0.26941	 2.67764	-0.79271	 0.02800	-3.19541	 1.72795	 3.34380	-1.97968	-16.29360	-174.06494	 199.21979	-20.04579	-212.97957	 249.12738	-7.34424	 4.10838	-12.56416	 8.95797	-2517.81416	 2405.60129	
1502	-0.40146	 2.56355	-0.78828	 0.01954	-3.19525	 1.74263	 3.36621	-1.98179	-16.50592	-173.50624	 198.76919	-20.36101	-212.42868	 248.77027	-7.66786	 4.38308	-13.01567	 9.32513	-2575.64839	 2462.69227	
1503	-0.54190	 2.44108	-0.78308	 0.01304	-3.19231	 1.75812	 3.38917	-1.98069	-16.72054	-172.92347	 198.29072	-20.68047	-211.83408	 248.36780	-8.00477	 4.67163	-13.48309	 9.70786	-2632.55291	 2518.86004	
1504	-0.69071	 2.31021	-0.77713	 0.00855	-3.18655	 1.77441	 3.41270	-1.97633	-16.93723	-172.31661	 197.78451	-21.00395	-211.19582	 247.92028	-8.35545	 4.97458	-13.96693	 10.10662	-2688.38077	 2573.95762	
1505	-0.84788	 2.17094	-0.77044	 0.00611	-3.17798	 1.79150	 3.43681	-1.96871	-17.15575	-171.68561	 197.25070	-21.33118	-210.51400	 247.42804	-8.72043	 5.29246	-14.46775	 10.52190	-2742.99572	 2627.84872	
1506	-1.01336	 2.02328	-0.76302	 0.00578	-3.16657	 1.80939	 3.46151	-1.95781	-17.37587	-171.03048	 196.68947	-21.66189	-209.78871	 246.89145	-9.10024	 5.62584	-14.98608	 10.95418	-2796.27332	 2680.40893	
1507	-1.18708	 1.86725	-0.75489	 0.00759	-3.15235	 1.82807	 3.48682	-1.94363	-17.59736	-170.35123	 196.10101	-21.99582	-209.02006	 246.31088	-9.49542	 5.97530	-15.52250	 11.40398	-2848.10185	 2731.52659	
1508	-1.36897	 1.70291	-0.74605	 0.01157	-3.13530	 1.84753	 3.51275	-1.92617	-17.81997	-169.64787	 195.48555	-22.33271	-208.20817	 245.68672	-9.90656	 6.34145	-16.07758	 11.87180	-2898.38302	 2781.10347	
1509	-1.55894	 1.53031	-0.73651	 0.01777	-3.11544	 1.86777	 3.53930	-1.90544	-18.04347	-168.92045	 194.84334	-22.67228	-207.35318	 245.01940	-10.33425	 6.72492	-16.65191	 12.35816	-2947.03232	 2829.05515	
1510	-1.75689	 1.34954	-0.72629	 0.02622	-3.09278	 1.88878	 3.56650	-1.88146	-18.26762	-168.16902	 194.17466	-23.01425	-206.45524	 244.30937	-10.77911	 7.12635	-17.24609	 12.86362	-2993.97924	 2875.31125	
1511	-1.96267	 1.16068	-0.71540	 0.03693	-3.06735	 1.91055	 3.59433	-1.85424	-18.49218	-167.39363	 193.47978	-23.35837	-205.51452	 243.55709	-11.24179	 7.54641	-17.86073	 13.38872	-3039.16720	 2919.81535	
1512	-2.17617	 0.96385	-0.70384	 0.04993	-3.03917	 1.93307	 3.62282	-1.82380	-18.71694	-166.59439	 192.75903	-23.70437	-204.53121	 242.76306	-11.72294	 7.98580	-18.49646	 13.93402	-3082.55332	 2962.52473	
1513	-2.39723	 0.75917	-0.69163	 0.06524	-3.00826	 1.95632	 3.65198	-1.79019	-18.94167	-165.77136	 192.01274	-24.05198	-203.50551	 241.92781	-12.22326	 8.44524	-19.15393	 14.50012	-3124.10793	 3003.40991	
1514	-2.62568	 0.54679	-0.67877	 0.08286	-2.97467	 1.98030	 3.68180	-1.75343	-19.16615	-164.92467	 191.24126	-24.40097	-202.43765	 241.05187	-12.74347	 8.92547	-19.83378	 15.08760	-3163.81390	 3042.45401	
1515	-2.86134	 0.32687	-0.66527	 0.10280	-2.93843	 2.00499	 3.71230	-1.71357	-19.39018	-164.05443	 190.44496	-24.75108	-201.32786	 240.13582	-13.28431	 9.42724	-20.53668	 15.69708	-3201.66592	 3079.65192	
1516	-3.10404	 0.09958	-0.65114	 0.12506	-2.89959	 2.03037	 3.74347	-1.67067	-19.61356	-163.16076	 189.62423	-25.10211	-200.17641	 239.18026	-13.84655	 9.95136	-21.26331	 16.32921	-3237.66949	 3115.00944	
1517	-3.35356	-0.13490	-0.63638	 0.14964	-2.85819	 2.05644	 3.77533	-1.62477	-19.83612	-162.24381	 188.77947	-25.45383	-198.98358	 238.18583	-14.43097	 10.49864	-22.01438	 16.98462	-3271.83992	 3148.54213	
1518	-3.60970	-0.37635	-0.62100	 0.17652	-2.81428	 2.08317	 3.80787	-1.57594	-20.05768	-161.30374	 187.91110	-25.80604	-197.74970	 237.15318	-15.03841	 11.06992	-22.79057	 17.66399	-3304.20121	 3180.27430	
1519	-3.87223	-0.62458	-0.60501	 0.20570	-2.76793	 2.11054	 3.84109	-1.52425	-20.27810	-160.34069	 187.01954	-26.15859	-196.47510	 236.08302	-15.66970	 11.66606	-23.59263	 18.36802	-3334.78484	 3210.23773	
1520	-4.14092	-0.87934	-0.58840	 0.23715	-2.71920	 2.13854	 3.87499	-1.46976	-20.49724	-159.35486	 186.10526	-26.51131	-195.16013	 234.97607	-16.32573	 12.28797	-24.42130	 19.09742	-3363.62854	 3238.47051	
1521	-4.41553	-1.14040	-0.57118	 0.27083	-2.66815	 2.16714	 3.90957	-1.41257	-20.71497	-158.34641	 185.16870	-26.86409	-193.80520	 233.83311	-17.00740	 12.93656	-25.27732	 19.85293	-3390.77510	 3265.01573	
1522	-4.69582	-1.40750	-0.55336	 0.30673	-2.61484	 2.19633	 3.94482	-1.35274	-20.93121	-157.31555	 184.21034	-27.21681	-192.41072	 232.65493	-17.71563	 13.61279	-26.16147	 20.63532	-3416.27107	 3289.92033	
1523	-4.98151	-1.68038	-0.53492	 0.34480	-2.55937	 2.22608	 3.98074	-1.29038	-21.14587	-156.26248	 183.23068	-27.56942	-190.97714	 231.44238	-18.45140	 14.31762	-27.07454	 21.44536	-3440.16557	 3313.23379	
1524	-5.27236	-1.95877	-0.51588	 0.38500	-2.50180	 2.25637	 4.01731	-1.22557	-21.35891	-155.18741	 182.23021	-27.92187	-189.50494	 230.19634	-19.21567	 15.05207	-28.01735	 22.28389	-3462.50912	 3335.00701	
1525	-5.56807	-2.24236	-0.49623	 0.42728	-2.44222	 2.28718	 4.05452	-1.15841	-21.57030	-154.09056	 181.20944	-28.27418	-187.99464	 228.91775	-20.00948	 15.81716	-28.99072	 23.15174	-3483.35245	 3355.29112	
1526	-5.86837	-2.53087	-0.47598	 0.47158	-2.38071	 2.31848	 4.09235	-1.08901	-21.78004	-152.97216	 180.16891	-28.62637	-186.44678	 227.60757	-20.83386	 16.61395	-29.99549	 24.04979	-3502.74548	 3374.13644	
1527	-6.17297	-2.82399	-0.45511	 0.51785	-2.31736	 2.35025	 4.13080	-1.01748	-21.98815	-151.83245	 179.10916	-28.97852	-184.86193	 226.26683	-21.68990	 17.44354	-31.03255	 24.97894	-3520.73629	 3391.59147	
1528	-6.48157	-3.12141	-0.43364	 0.56602	-2.25227	 2.38245	 4.16983	-0.94393	-22.19470	-150.67166	 178.03073	-29.33077	-183.24071	 224.89659	-22.57870	 18.30704	-32.10277	 25.94013	-3537.37017	 3407.70194	
1529	-6.79387	-3.42279	-0.41155	 0.61601	-2.18553	 2.41508	 4.20943	-0.86848	-22.39977	-149.49005	 176.93420	-29.68329	-181.58376	 223.49798	-23.50139	 19.20561	-33.20709	 26.93433	-3552.68881	 3422.50997	
1530	-7.10957	-3.72781	-0.38885	 0.66777	-2.11725	 2.44809	 4.24957	-0.79125	-22.60348	-148.28787	 175.82014	-30.03631	-179.89175	 222.07216	-24.45916	 20.14041	-34.34643	 27.96254	-3566.72954	 3436.05334	
1531	-7.42835	-4.03613	-0.36554	 0.72119	-2.04752	 2.48146	 4.29022	-0.71236	-22.80600	-147.06536	 174.68915	-30.39010	-178.16537	 220.62036	-25.45320	 21.11268	-35.52178	 29.02582	-3579.52467	 3448.36483	
1532	-7.74989	-4.34740	-0.34161	 0.77622	-1.97645	 2.51516	 4.33134	-0.63195	-23.00753	-145.82279	 173.54183	-30.74501	-176.40537	 219.14386	-26.48475	 22.12365	-36.73412	 30.12523	-3591.10098	 3459.47168	
1533	-8.07386	-4.66126	-0.31708	 0.83275	-1.90416	 2.54917	 4.37291	-0.55015	-23.20829	-144.56042	 172.37882	-31.10146	-174.61251	 217.64399	-27.55509	 23.17460	-37.98448	 31.26190	-3601.47929	 3469.39521	
1534	-8.39994	-4.97737	-0.29193	 0.89070	-1.83075	 2.58344	 4.41489	-0.46709	-23.40857	-143.27849	 171.20073	-31.45990	-172.78755	 216.12216	-28.66553	 24.26685	-39.27392	 32.43700	-3610.67416	 3478.15046	
1535	-8.72779	-5.29535	-0.26617	 0.94997	-1.75633	 2.61796	 4.45723	-0.38291	-23.60869	-141.97727	 170.00824	-31.82091	-170.93132	 214.57983	-29.81741	 25.40176	-40.60354	 33.65171	-3618.69375	 3485.74610	
1536	-9.05707	-5.61483	-0.23981	 1.01047	-1.68102	 2.65269	 4.49989	-0.29775	-23.80902	-140.65699	 168.80200	-32.18510	-169.04464	 213.01851	-31.01214	 26.58071	-41.97446	 34.90731	-3625.53980	 3492.18439	
1537	-9.38744	-5.93545	-0.21285	 1.07210	-1.60494	 2.68759	 4.54283	-0.21176	-24.00999	-139.31789	 167.58270	-32.55320	-167.12833	 211.43980	-32.25114	 27.80514	-43.38784	 36.20507	-3631.20776	 3497.46130	
1538	-9.71854	-6.25682	-0.18530	 1.13476	-1.52821	 2.72264	 4.58599	-0.12507	-24.21207	-137.96020	 166.35105	-32.92602	-165.18326	 209.84536	-33.53589	 29.07653	-44.84490	 37.54634	-3635.68710	 3501.56682	
1539	-10.05004	-6.57856	-0.15717	 1.19833	-1.45095	 2.75779	 4.62933	-0.03785	-24.41579	-136.58414	 165.10776	-33.30448	-163.21026	 208.23691	-34.86792	 30.39639	-46.34687	 38.93252	-3638.96175	 3504.48544	
1540	-10.38157	-6.90029	-0.12848	 1.26273	-1.37327	 2.79302	 4.67278	 0.04976	-24.62175	-135.18989	 163.85358	-33.68960	-161.21018	 206.61625	-36.24882	 31.76631	-47.89505	 40.36506	-3641.01073	 3506.19670	
1541	-10.71278	-7.22163	-0.09924	 1.32784	-1.29531	 2.82828	 4.71629	 0.13762	-24.83062	-133.77764	 162.58928	-34.08253	-159.18386	 204.98527	-37.68021	 33.18790	-49.49079	 41.84544	-3641.80890	 3506.67603	
1542	-11.04330	-7.54217	-0.06948	 1.39354	-1.21718	 2.86353	 4.75980	 0.22557	-25.04313	-132.34752	 161.31565	-34.48456	-157.13212	 203.34593	-39.16379	 34.66285	-51.13546	 43.37522	-3641.32791	 3505.89564	
1543	-11.37277	-7.86154	-0.03920	 1.45974	-1.13901	 2.89874	 4.80324	 0.31345	-25.26010	-130.89965	 160.03349	-34.89712	-155.05575	 201.70027	-40.70132	 36.19290	-52.83051	 44.95603	-3639.53729	 3503.82560	
1544	-11.70083	-8.17935	-0.00844	 1.52633	-1.06093	 2.93387	 4.84655	 0.40112	-25.48244	-129.43412	 158.74365	-35.32181	-152.95548	 200.05044	-42.29462	 37.77985	-54.57744	 46.58952	-3636.40558	 3500.43502	
1545	-12.02710	-8.49519	 0.02277	 1.59318	-0.98305	 2.96886	 4.88967	 0.48841	-25.71114	-127.95094	 157.44701	-35.76042	-150.83203	 198.39869	-43.94559	 39.42557	-56.37780	 48.27743	-3631.90167	 3495.69334	
1546	-12.35122	-8.80867	 0.05440	 1.66019	-0.90551	 3.00367	 4.93252	 0.57518	-25.94731	-126.45010	 156.14447	-36.21492	-148.68601	 196.74737	-45.65619	 41.13201	-58.23320	 50.02156	-3625.99613	 3489.57169	
1547	-12.67281	-9.11941	 0.08642	 1.72724	-0.82843	 3.03827	 4.97502	 0.66127	-26.19219	-124.93152	 154.83698	-36.68754	-146.51798	 195.09896	-47.42848	 42.90119	-60.14535	 51.82378	-3618.66259	 3482.04424	
1548	-12.99150	-9.42701	 0.11878	 1.79423	-0.75193	 3.07258	 5.01712	 0.74653	-26.44712	-123.39502	 153.52552	-37.18078	-144.32839	 193.45608	-49.26461	 44.73523	-62.11597	 53.68601	-3609.87911	 3473.08962	
1549	-13.30692	-9.73108	 0.15146	 1.86105	-0.67614	 3.10658	 5.05873	 0.83079	-26.71361	-121.84037	 152.21113	-37.69740	-142.11757	 191.82150	-51.16681	 46.63633	-64.14690	 55.61027	-3599.62951	 3462.69216	
1550	-13.61870	-10.03124	 0.18439	 1.92757	-0.60118	 3.14020	 5.09977	 0.91392	-26.99336	-120.26722	 150.89491	-38.24054	-139.88571	 190.19817	-53.13742	 48.60679	-66.24003	 57.59864	-3587.90457	 3450.84317	
1551	-13.92647	-10.32709	 0.21753	 1.99369	-0.52717	 3.17338	 5.14017	 0.99575	-27.28822	-118.67509	 149.57800	-38.81372	-137.63281	 188.58924	-55.17889	 50.64901	-68.39735	 59.65327	-3574.70311	 3437.54199	
1552	-14.22986	-10.61826	 0.25083	 2.05930	-0.45424	 3.20608	 5.17984	 1.07613	-27.60030	-117.06336	 148.26163	-39.42093	-135.35871	 186.99811	-57.29379	 52.76552	-70.62091	 61.77641	-3560.03289	 3422.79686	
1553	-14.52849	-10.90436	 0.28423	 2.12428	-0.38250	 3.23823	 5.21872	 1.15492	-27.93195	-115.43126	 146.94708	-40.06668	-133.06298	 185.42844	-59.48480	 54.95896	-72.91287	 63.97038	-3543.91127	 3406.62563	
1554	-14.82200	-11.18502	 0.31769	 2.18852	-0.31208	 3.26978	 5.25672	 1.23197	-28.28583	-113.77781	 145.63577	-40.75613	-130.74491	 183.88426	-61.75477	 57.23211	-75.27546	 66.23759	-3526.36567	 3389.05616	
1555	-15.11002	-11.45987	 0.35113	 2.25192	-0.24308	 3.30067	 5.29375	 1.30713	-28.66494	-112.10178	 144.32920	-41.49516	-128.40348	 182.36995	-64.10665	 59.58787	-77.71104	 68.58055	-3507.43372	 3370.12653	
1556	-15.39220	-11.72854	 0.38449	 2.31437	-0.17563	 3.33083	 5.32973	 1.38026	-29.07271	-110.40167	 143.02899	-42.29057	-126.03724	 180.89041	-66.54357	 62.02932	-80.22205	 71.00185	-3487.16323	 3349.88494	
1557	-15.66818	-11.99069	 0.41772	 2.37575	-0.10985	 3.36020	 5.36460	 1.45122	-29.51303	-108.67565	 141.73693	-43.15019	-123.64431	 179.45111	-69.06884	 64.55969	-82.81103	 73.50420	-3465.61178	 3328.38937	
1558	-15.93760	-12.24595	 0.45074	 2.43596	-0.04583	 3.38871	 5.39825	 1.51987	-29.99041	-106.92147	 140.45499	-44.08317	-121.22221	 178.05823	-71.68591	 67.18240	-85.48065	 76.09039	-3442.84621	 3305.70700	
1559	-16.20012	-12.49399	 0.48349	 2.49489	 0.01631	 3.41631	 5.43062	 1.58608	-30.51005	-105.13640	 139.18536	-45.10019	-118.76780	 176.71885	-74.39847	 69.90102	-88.23371	 78.76335	-3418.94180	 3281.91343	
1560	-16.45540	-12.73446	 0.51589	 2.55244	 0.07645	 3.44293	 5.46162	 1.64972	-31.07801	-103.31714	 137.93048	-46.21390	-116.27709	 175.44112	-77.21036	 72.71938	-91.07311	 81.52611	-3393.98132	 3257.09172	
1561	-16.70309	-12.96705	 0.54789	 2.60850	 0.13451	 3.46850	 5.49117	 1.71065	-31.70137	-101.45963	 136.69314	-47.43932	-113.74511	 174.23459	-80.12569	 75.64149	-94.00189	 84.38182	-3368.05389	 3231.33125	
1562	-16.94288	-13.19142	 0.57939	 2.66298	 0.19038	 3.49297	 5.51919	 1.76877	-32.38854	-99.55895	 135.47652	-48.79447	-111.16560	 173.11055	-83.14879	 78.67160	-97.02324	 87.33376	-3341.25382	 3204.72653	
1563	-17.17443	-13.40729	 0.61035	 2.71576	 0.24395	 3.51625	 5.54561	 1.82394	-33.14948	-97.60907	 134.28432	-50.30118	-108.53073	 172.08252	-86.28425	 81.81423	-100.14051	 90.38535	-3313.67931	 3177.37594	
1564	-17.39744	-13.61434	 0.64068	 2.76676	 0.29514	 3.53830	 5.57035	 1.87606	-33.99618	-95.60261	 133.12086	-51.98614	-105.83070	 171.16689	-89.53691	 85.07417	-103.35716	 93.54015	-3285.43119	 3149.38046	
1565	-17.61161	-13.81230	 0.67031	 2.81587	 0.34386	 3.55904	 5.59333	 1.92503	-34.94315	-93.53046	 131.99131	-53.88237	-103.05312	 170.38385	-92.91196	 88.45651	-106.67687	 96.80187	-3256.61168	 3120.84239	
1566	-17.81663	-14.00089	 0.69917	 2.86301	 0.39001	 3.57842	 5.61448	 1.97073	-36.00814	-91.38131	 130.90187	-56.03119	-100.18230	 169.75854	-96.41486	 91.96664	-110.10346	 100.17440	-3227.32318	 3091.86419	
1567	-18.01222	-14.17984	 0.72719	 2.90807	 0.43351	 3.59637	 5.63374	 2.01307	-37.21307	-89.14108	 129.86018	-58.48503	-97.19814	 169.32289	-100.05145	 95.61033	-113.64095	 103.66177	-3197.66718	 3062.54736	
1568	-18.19811	-14.34892	 0.75430	 2.95097	 0.47429	 3.61283	 5.65102	 2.05196	-38.58534	-86.79205	 128.87568	-61.31143	-94.07468	 169.11799	-103.82794	 99.39370	-117.29356	 107.26822	-3167.74325	 3032.99143	
1569	-18.37404	-14.50788	 0.78043	 2.99163	 0.51227	 3.62775	 5.66628	 2.08731	-40.15954	-84.31179	 127.96037	-64.59877	-90.77792	 169.19784	-107.75094	 103.32331	-121.06571	 110.99818	-3137.64816	 3003.29310	
1570	-18.53976	-14.65650	 0.80553	 3.02995	 0.54738	 3.64107	 5.67943	 2.11906	-41.97992	-81.67164	 127.12965	-68.46496	-87.26272	 169.63479	-111.82752	 107.40613	-124.96204	 114.85627	-3107.47515	 2973.54549	
1571	-18.69503	-14.79458	 0.82951	 3.06586	 0.57955	 3.65273	 5.69042	 2.14712	-44.10373	-78.83473	 126.40376	-73.07046	-83.46826	 170.52814	-116.06523	 111.64964	-128.98743	 118.84735	-3077.31328	 2943.83747	
1572	-18.83963	-14.92193	 0.85232	 3.09928	 0.60872	 3.66269	 5.69920	 2.17143	-46.60586	-75.75339	 125.80975	-78.63876	-79.31128	 172.01773	-120.47214	 116.06185	-133.14704	 122.97652	-3047.24698	 2914.25327	
1573	-18.97335	-15.03836	 0.87390	 3.13014	 0.63484	 3.67088	 5.70570	 2.19194	-49.58509	-72.36591	 125.38460	-85.48892	-74.67615	 174.30665	-125.05689	 120.65133	-137.44626	 127.24913	-3017.35565	 2884.87203	
1574	-19.09600	-15.14372	 0.89419	 3.15837	 0.65785	 3.67727	 5.70988	 2.20859	-53.17178	-68.59366	 125.17989	-94.08819	-69.40148	 177.70046	-129.82878	 125.42731	-141.89079	 131.67081	-2987.71344	 2855.76760	
1575	-19.20739	-15.23787	 0.91314	 3.18390	 0.67771	 3.68181	 5.71168	 2.22134	-57.53456	-64.34144	 125.26902	-105.13613	-63.26675	 182.67792	-134.79778	 130.39969	-146.48664	 136.24747	-2958.38910	 2827.00837	
1576	-19.30736	-15.32066	 0.93068	 3.20668	 0.69438	 3.68445	 5.71106	 2.23016	-62.87486	-59.51369	 125.75774	-119.68330	-56.00684	 190.02417	-139.97464	 135.57915	-151.24015	 140.98536	-2929.44593	 2798.65724	
1577	-19.39577	-15.39200	 0.94678	 3.22664	 0.70783	 3.68517	 5.70798	 2.23503	-69.36086	-54.09322	 126.79704	-139.18181	-47.51613	 201.08551	-145.37091	 140.97721	-156.15801	 145.89107	-2900.94180	 2770.77168	
1578	-19.47248	-15.45178	 0.96138	 3.24374	 0.71803	 3.68392	 5.70240	 2.23591	-76.79109	-48.47842	 128.58378	-164.47693	-39.28520	 218.19755	-150.99912	 146.60632	-161.24731	 150.97155	-2872.92929	 2743.40374	
1579	-19.53739	-15.49993	 0.97445	 3.25793	 0.72495	 3.68066	 5.69429	 2.23281	-82.95747	-45.01477	 131.25538	-184.33059	-45.63576	 244.44375	-156.87279	 152.47995	-166.51555	 156.23417	-2845.45577	 2716.60032	
1580	-19.59039	-15.53638	 0.98593	 3.26916	 0.72859	 3.67539	 5.68361	 2.22571	-74.79292	-56.02632	 134.06878	-53.18255	-197.61522	 265.31114	-163.00660	 158.61273	-171.97066	 161.68673	-2818.56367	 2690.40327	
1581	-19.63142	-15.56110	 0.99580	 3.27741	 0.72893	 3.66805	 5.67035	 2.21463	 20.72834	-146.73634	 129.22154	 118.07257	-29.49981	-74.02955	-169.41646	 165.02054	-177.62108	 167.33748	-2792.29065	 2664.84966	
1582	-19.66040	-15.57405	 1.00403	 3.28263	 0.72596	 3.65865	 5.65447	 2.19957	 221.77462	-269.61819	 51.01874	-182.15422	 155.03252	 41.68850	-176.11974	 171.72069	-183.47576	 173.19523	-2766.66989	 2639.97205	
1583	-19.67732	-15.57524	 1.01057	 3.28482	 0.71970	 3.64715	 5.63597	 2.18057	-98.71388	 349.41238	-247.56400	-172.33024	 4.75520	 182.15912	-183.13534	 178.73205	-189.54422	 179.26932	-2741.73032	 2615.79871	
1584	-19.68213	-15.56465	 1.01542	 3.28394	 0.71016	 3.63354	 5.61483	 2.15763	-168.35556	 249.27099	-77.82382	-149.93965	 17.41723	 147.11743	-190.48395	 186.07529	-195.83660	 185.56970	-2717.49692	 2592.35391	
1585	-19.67485	-15.54234	 1.01854	 3.27999	 0.69734	 3.61782	 5.59105	 2.13082	-157.30316	 134.47637	 25.87340	-133.82137	 34.21462	 114.20634	-198.18825	 193.77303	-202.36371	 192.10699	-2693.99096	 2569.65820	
1586	-19.65549	-15.50833	 1.01992	 3.27296	 0.68128	 3.59997	 5.56460	 2.10016	-142.41810	 103.85937	 41.55834	-122.28612	 46.13962	 90.74432	-206.27312	 201.85015	-209.13709	 198.89254	-2671.23027	 2547.72868	
1587	-19.62410	-15.46269	 1.01955	 3.26284	 0.66200	 3.58000	 5.53551	 2.06572	-130.69275	 94.08019	 39.56330	-113.60069	 54.26932	 73.92112	-214.76600	 210.33407	-216.16908	 205.93849	-2649.22949	 2526.57921	
1588	-19.58072	-15.40550	 1.01742	 3.24965	 0.63955	 3.55790	 5.50377	 2.02755	-121.76367	 90.14288	 34.52094	-106.73007	 59.85136	 61.45415	-223.69718	 219.25504	-223.47291	 213.25787	-2628.00030	 2506.22066	
1589	-19.52544	-15.33686	 1.01351	 3.23339	 0.61396	 3.53368	 5.46939	 1.98573	-114.80819	 88.15966	 29.49653	-101.06728	 63.71130	 51.91099	-233.10020	 228.64660	-231.06276	 220.86463	-2607.55162	 2486.66115	
1590	-19.45835	-15.25687	 1.00784	 3.21409	 0.58528	 3.50735	 5.43239	 1.94034	-109.22291	 86.91150	 25.10587	-96.24298	 66.37175	 44.39980	-243.01229	 238.54598	-238.95384	 228.77379	-2587.88981	 2467.90622	
1591	-19.37958	-15.16567	 1.00040	 3.19176	 0.55358	 3.47892	 5.39279	 1.89144	-104.60829	 85.95713	 21.39087	-92.02252	 68.17000	 38.34878	-253.47495	 248.99466	-247.16256	 237.00155	-2569.01885	 2449.95898	
1592	-19.28926	-15.06341	 0.99120	 3.16645	 0.51892	 3.44841	 5.35060	 1.83915	-100.70028	 85.12037	 18.26386	-88.25073	 69.33055	 33.37842	-264.53455	 260.03901	-255.70658	 245.56534	-2550.94042	 2432.82028	
1593	-19.18755	-14.95025	 0.98024	 3.13817	 0.48137	 3.41584	 5.30586	 1.78355	-97.32071	 84.32654	 15.62158	-84.82136	 70.00763	 29.22845	-276.24306	 271.73100	-264.60497	 254.48403	-2533.65404	 2416.48876	
1594	-19.07462	-14.82637	 0.96755	 3.10699	 0.44099	 3.38124	 5.25860	 1.72475	-94.34625	 83.54323	 13.37327	-81.65943	 70.31025	 25.71508	-288.65896	 284.12911	-273.87836	 263.77805	-2517.15712	 2400.96098	
1595	-18.95067	-14.69195	 0.95314	 3.07294	 0.39789	 3.34463	 5.20886	 1.66287	-91.68928	 82.75675	 11.44527	-78.71063	 70.31750	 22.70516	-301.84829	 297.29939	-283.54911	 273.46954	-2501.44499	 2386.23138	
1596	-18.81591	-14.54722	 0.93703	 3.03609	 0.35214	 3.30605	 5.15667	 1.59801	-89.28612	 81.96198	 9.77924	-75.93476	 70.08809	 20.10002	-315.88587	 311.31667	-293.64149	 283.58258	-2486.51087	 2372.29232	
1597	-18.67058	-14.39239	 0.91924	 2.99649	 0.30383	 3.26554	 5.10208	 1.53031	-87.08945	 81.15777	 8.32922	-73.30148	 69.66650	 17.82509	-330.85688	 326.26614	-304.18192	 294.14338	-2472.34579	 2359.13398	
1598	-18.51492	-14.22770	 0.89981	 2.95421	 0.25308	 3.22312	 5.04514	 1.45989	-85.06343	 80.34480	 7.05893	-70.78750	 69.08709	 15.82304	-346.85865	 342.24513	-315.19918	 305.18053	-2458.93854	 2346.74427	
1599	-18.34920	-14.05341	 0.87876	 2.90933	 0.19998	 3.17885	 4.98590	 1.38689	-83.18042	 79.52453	 5.93954	-68.37470	 68.37679	 14.04908	-364.00292	 359.36540	-326.72472	 316.72532	-2446.27541	 2335.10862	
1600	-18.17371	-13.86977	 0.85614	 2.86191	 0.14465	 3.13278	 4.92442	 1.31145	-81.41878	 78.69864	 4.94796	-66.04882	 67.55709	 12.46779	-382.41854	 377.75582	-338.79300	 328.81200	-2434.33999	 2324.20980	
1601	-17.98874	-13.67707	 0.83197	 2.81205	 0.08719	 3.08495	 4.86077	 1.23370	-79.76133	 77.86883	 4.06555	-63.79850	 66.64537	 11.05075	-402.25490	 397.56577	-351.44181	 341.47820	-2423.11287	 2314.02757	
1602	-17.79461	-13.47559	 0.80630	 2.75983	 0.02773	 3.03542	 4.79500	 1.15381	-78.19423	 77.03668	 3.27713	-61.61465	 65.65585	 9.77498	-423.68603	 418.96931	-364.71274	 354.76535	-2412.57123	 2304.53828	
1603	-17.59166	-13.26565	 0.77917	 2.70535	-0.03360	 2.98425	 4.72719	 1.07192	-76.70618	 76.20362	 2.57026	-59.48992	 64.60035	 8.62166	-446.91586	 442.17038	-378.65165	 368.71915	-2402.68834	 2295.71443	
1604	-17.38023	-13.04754	 0.75062	 2.64871	-0.09669	 2.93149	 4.65741	 0.98818	-75.28790	 75.37088	 1.93463	-57.41835	 63.48876	 7.57525	-472.18474	 467.40934	-393.30925	 383.39018	-2393.43302	 2287.52406	
1605	-17.16067	-12.82159	 0.72072	 2.59000	-0.16139	 2.87721	 4.58573	 0.90276	-73.93165	 74.53954	 1.36168	-55.39506	 62.32948	 6.62286	-499.77769	 494.97121	-408.74178	 398.83454	-2384.76891	 2279.93006	
1606	-16.93336	-12.58813	 0.68950	 2.52933	-0.22757	 2.82147	 4.51223	 0.81581	-72.63090	 73.71051	 0.84424	-53.41609	 61.12970	 5.75365	-530.03491	 525.19619	-425.01177	 415.11463	-2376.65362	 2272.88931	
1607	-16.69868	-12.34750	 0.65702	 2.46682	-0.29510	 2.76435	 4.43700	 0.72750	-71.38014	 72.88457	 0.37625	-51.47818	 59.89565	 4.95851	-563.36521	 558.49310	-442.18896	 432.30009	-2369.03778	 2266.35174	
1608	-16.45704	-12.10006	 0.62334	 2.40258	-0.36384	 2.70591	 4.36012	 0.63800	-70.17463	 72.06234	-0.04742	-49.57865	 58.63274	 4.22970	-600.26326	 595.35660	-460.35138	 450.46885	-2361.86390	 2260.25919	
1609	-16.20882	-11.84616	 0.58851	 2.33672	-0.43364	 2.64622	 4.28167	 0.54747	-69.01029	 71.24437	-0.43111	-47.71532	 57.34574	 3.56061	-641.33186	 636.38947	-479.58663	 469.70842	-2355.06502	 2254.54407	
1610	-15.95446	-11.58615	 0.55259	 2.26936	-0.50436	 2.58537	 4.20175	 0.45607	-67.88357	 70.43107	-0.77857	-45.88638	 56.03883	 2.94559	-687.31062	 682.33130	-499.99340	 490.11742	-2348.56325	 2249.12786	
1611	-15.69437	-11.32042	 0.51564	 2.20063	-0.57585	 2.52343	 4.12044	 0.36398	-66.79136	 69.62280	-1.09300	-44.09038	 54.71574	 2.37977	-739.11267	 734.09521	-521.68329	 511.80736	-2342.26798	 2243.91937	
1612	-15.42898	-11.04934	 0.47773	 2.13065	-0.64798	 2.46048	 4.03785	 0.27136	-65.73091	 68.81982	-1.37713	-42.32609	 53.37980	 1.85895	-797.87088	 792.81401	-544.78297	 534.90490	-2336.07399	 2238.81284	
1613	-15.15874	-10.77329	 0.43891	 2.05956	-0.72058	 2.39660	 3.95407	 0.17838	-64.69979	 68.02232	-1.63335	-40.59252	 52.03395	 1.37949	-864.99328	 859.89569	-569.43687	 559.55440	-2329.85930	 2233.68576	
1614	-14.88409	-10.49265	 0.39926	 1.98746	-0.79352	 2.33187	 3.86920	 0.08521	-63.69585	 67.23046	-1.86367	-38.88885	 50.68082	 0.93822	-942.22281	 937.08310	-595.81038	 585.92124	-2323.48277	 2228.39652	
1615	-14.60548	-10.20781	 0.35883	 1.91451	-0.86665	 2.26638	 3.78334	-0.00799	-62.71711	 66.44433	-2.06986	-37.21439	 49.32274	 0.53238	-1031.68105	 1026.49775	-624.09381	 614.19569	-2316.78162	 2222.78189	
1616	-14.32336	-9.91916	 0.31769	 1.84082	-0.93982	 2.20021	 3.69658	-0.10106	-61.76184	 65.66399	-2.25337	-35.56856	 47.96175	 0.15960	-1135.83438	 1130.60592	-654.50724	 644.59785	-2309.56876	 2216.65435	
1617	-14.03820	-9.62710	 0.27591	 1.76653	-1.01288	 2.13346	 3.60904	-0.19382	-60.82844	 64.88945	-2.41547	-33.95085	 46.59964	-0.18222	-1257.20256	 1251.92722	-687.30662	 677.38367	-2301.63017	 2209.79951	
1618	-13.75045	-9.33202	 0.23355	 1.69176	-1.08571	 2.06620	 3.52081	-0.28613	-59.91545	 64.12068	-2.55715	-32.36081	 45.23790	-0.49489	-1397.28860	 1391.96449	-722.79138	 712.85261	-2292.72239	 2201.97356	
1619	-13.46057	-9.03432	 0.19069	 1.61666	-1.15814	 1.99852	 3.43200	-0.37783	-59.02155	 63.35765	-2.67923	-30.79801	 43.87777	-0.77996	-1553.18594	 1547.81099	-761.31404	 751.35721	-2282.57043	 2192.90120	
1620	-13.16903	-8.73439	 0.14738	 1.54134	-1.23005	 1.93052	 3.34272	-0.46876	-58.14550	 62.60027	-2.78227	-29.26204	 42.52017	-1.03877	-1707.16252	 1701.73437	-803.29258	 793.31549	-2270.86638	 2182.27423	
1621	-12.87629	-8.43262	 0.10370	 1.46594	-1.30129	 1.86227	 3.25306	-0.55877	-57.28617	 61.84844	-2.86658	-27.75249	 41.16571	-1.27242	-1794.98197	 1789.49800	-849.22629	 839.22680	-2257.26913	 2169.75129	
1622	-12.58281	-8.12941	 0.05971	 1.39059	-1.37174	 1.79388	 3.16314	-0.64772	-56.44250	 61.10202	-2.93223	-26.26889	 39.81462	-1.48184	-1616.98011	 1611.43729	-899.71657	 889.69260	-2241.40588	 2154.95939	
1623	-12.28904	-7.82515	 0.01547	 1.31541	-1.44126	 1.72543	 3.07305	-0.73546	-55.61348	 60.36086	-2.97891	-24.81076	 38.46672	-1.66775	-697.72459	 692.11945	-955.49445	 945.44399	-2222.87608	 2137.49776	
1624	-11.99544	-7.52023	-0.02894	 1.24052	-1.50973	 1.65700	 2.98290	-0.82187	-54.79818	 59.62477	-3.00592	-23.37753	 37.12127	-1.83064	 1113.51101	-1119.18250	-1017.45744	 1007.37856	-2201.25872	 2116.94525	
1625	-11.70246	-7.21503	-0.07347	 1.16604	-1.57701	 1.58869	 2.89280	-0.90679	-53.99569	 58.89352	-3.01203	-21.96857	 35.77687	-1.97081	 1503.96302	-1509.70559	-1086.71976	 1076.61062	-2176.12393	 2092.87187	
1626	-11.41054	-6.90994	-0.11804	 1.09210	-1.64301	 1.52057	 2.80284	-0.99012	-53.20513	 58.16688	-2.99526	-20.58311	 34.43123	-2.08830	-3.39211	-2.42713	-1164.68186	 1154.54073	-2147.04999	 2064.85580	
1627	-11.12013	-6.60532	-0.16260	 1.01881	-1.70759	 1.45274	 2.71313	-1.07172	-52.42563	 57.44453	-2.95262	-19.22028	 33.08087	-2.18289	-1031.11049	 1025.20794	-1253.12860	 1242.95383	-2113.64657	 2032.50663	
1628	-10.83165	-6.30154	-0.20709	 0.94628	-1.77066	 1.38529	 2.62376	-1.15149	-51.65636	 56.72616	-2.87968	-17.87903	 31.72065	-2.25404	-1358.87998	 1352.88614	-1354.37066	 1344.16074	-2075.58478	 1995.49542	
1629	-10.54553	-5.99898	-0.25144	 0.87463	-1.83210	 1.31828	 2.53485	-1.22930	-50.89647	 56.01139	-2.76985	-16.55808	 30.34305	-2.30078	-1379.35806	 1373.26327	-1471.45343	 1461.20694	-2032.63386	 1953.59141	
1630	-10.26219	-5.69799	-0.29560	 0.80394	-1.89182	 1.25181	 2.44647	-1.30506	-50.14510	 55.29978	-2.61329	-15.25594	 28.93702	-2.32170	-1296.69083	 1290.48334	-1608.47376	 1598.18942	-1984.70320	 1906.70397	
1631	-9.98203	-5.39891	-0.33950	 0.73433	-1.94972	 1.18595	 2.35872	-1.37867	-49.40137	 54.59086	-2.39510	-13.97079	 27.48605	-2.31474	-1187.61686	 1181.28218	-1771.07600	 1760.75266	-1931.88682	 1854.92716	
1632	-9.70544	-5.10209	-0.38309	 0.66589	-2.00572	 1.12079	 2.27170	-1.45004	-48.66440	 53.88409	-2.09218	-12.70041	 25.96509	-2.27701	-1078.71692	 1072.23710	-1967.25754	 1956.89417	-1874.50552	 1798.58183	
1633	-9.43282	-4.80786	-0.42632	 0.59871	-2.05974	 1.05639	 2.18549	-1.51909	-47.93325	 53.17888	-1.66776	-11.44214	 24.33488	-2.20460	-978.33930	 971.69186	-2208.73495	 2198.33066	-1813.14002	 1738.24873	
1634	-9.16453	-4.51655	-0.46913	 0.53288	-2.11170	 0.99284	 2.10019	-1.58572	-47.20696	 52.47455	-1.06131	-10.19276	 22.53184	-2.09212	-888.27802	 881.43457	-2513.38412	 2502.93815	-1748.64700	 1674.78465	
1635	-8.90094	-4.22846	-0.51148	 0.46848	-2.16152	 0.93019	 2.01586	-1.64989	-46.48454	 51.77040	-0.16903	-8.94842	 20.44846	-1.93226	-808.04204	 800.96632	-2909.88421	 2899.39595	-1682.15000	 1609.31321	
1636	-8.64239	-3.94389	-0.55330	 0.40558	-2.20915	 0.86852	 1.93260	-1.71151	-45.76495	 51.06563	 1.19596	-7.70462	 17.89348	-1.71500	-736.44001	 729.08524	-3447.28456	 3436.75355	-1614.99900	 1543.18451	
1637	-8.38923	-3.66315	-0.59456	 0.34426	-2.25453	 0.80790	 1.85048	-1.77054	-45.04712	 50.35940	 3.39041	-6.45644	 14.50531	-1.42659	-672.16579	 664.47094	-4216.83055	 4206.25644	-1548.69698	 1477.90164	
1638	-8.14176	-3.38651	-0.63521	 0.28458	-2.29761	 0.74838	 1.76957	-1.82693	-44.32993	 49.65083	 7.14461	-5.19916	 9.54902	-1.04790	-614.00215	 605.88659	-5409.02596	 5398.40857	-1484.79798	 1415.01879	
1639	-7.90029	-3.11424	-0.67520	 0.22660	-2.33834	 0.69002	 1.68995	-1.88063	-43.61226	 48.93897	 14.08317	-3.93028	 1.39754	-0.55218	-560.87670	 552.23257	-7494.08793	 7483.42721	-1424.78863	 1356.02272	
1640	-7.66512	-2.84659	-0.71450	 0.17038	-2.37669	 0.63288	 1.61167	-1.93161	-42.89294	 48.22285	 28.17890	-2.65460	-13.91708	 0.09849	-511.86212	 502.54321	-11971.63332	 11960.92936	-1369.97046	 1302.21513	
1641	-7.43651	-2.58380	-0.75306	 0.11596	-2.41262	 0.57701	 1.53480	-1.97983	-42.17081	 47.50148	 60.05888	-1.39681	-46.99726	 0.95845	-466.15693	 455.96226	-25135.09127	 25124.34429	-1321.36274	 1254.61545	
1642	-7.21473	-2.32612	-0.79084	 0.06338	-2.44610	 0.52246	 1.45940	-2.02529	-41.44472	 46.77385	 138.04974	-0.23086	-126.09565	 2.10636	-423.06135	 411.71083	-28447.57593	 28436.78629	-1279.64265	 1213.90101	
1643	-7.00001	-2.07375	-0.82781	 0.01269	-2.47713	 0.46926	 1.38552	-2.06795	-40.71353	 46.03898	 299.97165	 0.66350	-288.85269	 3.65716	-381.95361	 369.05183	-12876.81301	 12865.98120	-1245.13253	 1180.39434	
1644	-6.79257	-1.82689	-0.86394	-0.03608	-2.50567	 0.41748	 1.31320	-2.10783	-39.97613	 45.29588	 384.64633	 0.97661	-373.78048	 5.77926	-342.26864	 327.25134	-7905.15876	 7894.28541	-1217.83470	 1154.09792	
1645	-6.59264	-1.58575	-0.89920	-0.08292	-2.53174	 0.36712	 1.24251	-2.14490	-39.23148	 44.54365	 231.17399	 0.81253	-220.08333	 8.71772	-303.47957	 285.53707	-5684.71483	 5673.80067	-1197.50521	 1134.76799	
1646	-6.40038	-1.35048	-0.93355	-0.12779	-2.55532	 0.31824	 1.17347	-2.17919	-38.47860	 43.78142	 107.88892	 2.85321	-98.77755	 12.81868	-265.08266	 243.05876	-4438.02505	 4427.07094	-1183.75282	 1122.01348	
1647	-6.21598	-1.12126	-0.96697	-0.17069	-2.57642	 0.27086	 1.10612	-2.21069	-37.71661	 43.00843	 49.03012	 10.30129	-47.30484	 18.53288	-226.58661	 198.87398	-3641.21985	 3630.22676	-1176.14837	 1115.40540	
1648	-6.03958	-0.89823	-0.99943	-0.21160	-2.59506	 0.22500	 1.04049	-2.23944	-36.94474	 42.22400	 20.06647	 17.73520	-25.71260	 26.32537	-187.50945	 152.03535	-3088.19337	 3077.16238	-1174.33281	 1114.58489	
1649	-5.87133	-0.68153	-1.03091	-0.25052	-2.61123	 0.18069	 0.97662	-2.26544	-36.16235	 41.42760	 7.12964	 20.70816	-15.68579	 36.30239	-147.38972	 101.97483	-2681.84888	 2670.78116	-1178.11867	 1119.36463	
1650	-5.71133	-0.47126	-1.06139	-0.28745	-2.62498	 0.13793	 0.91452	-2.28874	-35.36894	 40.61881	 1.94095	 20.78675	-10.51244	 47.22145	-105.82691	 49.53406	-2370.54335	 2359.44019	-1187.58677	 1129.82561	
1651	-5.55969	-0.26755	-1.09086	-0.32239	-2.63632	 0.09675	 0.85422	-2.30937	-34.56416	 39.79738	 0.05096	 19.81676	-7.58897	 54.82020	-62.58264	-1.26333	-2124.30433	 2113.16708	-1203.18887	 1146.41974	
1652	-5.41649	-0.07047	-1.11928	-0.35537	-2.64529	 0.05715	 0.79573	-2.32736	-33.74783	 38.96321	-0.46106	 18.60803	-5.80464	 51.18230	-17.80767	-42.35055	-1924.55213	 1913.38222	-1225.87696	 1170.09916	
1653	-5.28179	 0.11990	-1.14666	-0.38638	-2.65191	 0.01913	 0.73905	-2.34276	-32.91994	 38.11637	-0.38442	 17.43133	-4.64100	 29.03432	 27.47604	-65.43251	-1759.16041	 1747.95935	-1257.29562	 1202.50858	
1654	-5.15564	 0.30349	-1.17298	-0.41546	-2.65624	-0.01731	 0.68421	-2.35562	-32.08067	 37.25711	-0.05325	 16.35929	-3.83667	-9.95921	 70.41058	-69.31615	-1619.88001	 1608.64939	-1300.10312	 1246.30639	
1655	-5.03806	 0.48025	-1.19822	-0.44262	-2.65832	-0.05216	 0.63119	-2.36600	-31.23035	 36.38585	 0.38388	 15.39973	-3.25105	-52.45950	 104.59530	-60.93989	-1500.90497	 1489.64640	-1358.54992	 1305.74315	
1656	-4.92908	 0.65015	-1.22238	-0.46790	-2.65819	-0.08544	 0.58000	-2.37395	-30.36949	 35.50316	 0.85779	 14.54182	-2.80426	-78.21074	 118.05885	-48.58845	-1398.03081	 1386.74598	-1439.59199	 1387.77491	
1657	-4.82867	 0.81316	-1.24545	-0.49133	-2.65590	-0.11716	 0.53062	-2.37954	-29.49877	 34.60979	 1.33527	 13.77113	-2.44877	-66.68260	 95.08484	-37.07606	-1308.13829	 1296.82891	-1555.20237	 1504.37479	
1658	-4.73682	 0.96928	-1.26743	-0.51294	-2.65153	-0.14734	 0.48306	-2.38282	-28.61900	 33.70662	 1.80018	 13.07427	-2.15520	-16.00226	 35.33924	-27.94174	-1228.86464	 1217.53247	-1727.67840	 1677.84016	
1659	-4.65349	 1.11850	-1.28832	-0.53278	-2.64511	-0.17599	 0.43730	-2.38388	-27.73116	 32.79469	 2.24492	 12.43988	-1.90474	 18.36862	-5.75275	-21.14927	-1158.38749	 1147.03430	-2003.65951	 1954.81049	
1660	-4.57862	 1.26084	-1.30812	-0.55089	-2.63673	-0.20313	 0.39332	-2.38278	-26.83631	 31.87513	 2.66628	 11.85868	-1.68499	-52.37668	 60.12141	-16.20469	-1095.27880	 1083.90637	-2499.71504	 2451.85509	
1661	-4.51216	 1.39633	-1.32682	-0.56731	-2.62643	-0.22879	 0.35110	-2.37960	-25.93564	 30.94919	 3.06336	 11.32304	-1.48759	-218.07763	 222.29747	-12.60452	-1038.40372	 1027.01385	-3612.08437	 3565.21333	
1662	-4.45400	 1.52500	-1.34444	-0.58210	-2.61430	-0.25300	 0.31062	-2.37441	-25.03040	 30.01819	 3.43654	 10.82666	-1.30675	-380.35466	 382.00095	-9.95403	-986.84911	 975.44358	-8114.14571	 8068.26334	
1663	 1.88921	-3.57860	-0.45565	-0.48255	-1.51936	-1.16334	 0.28671	-3.24202	-23.61612	 29.27596	 3.72641	 8.82254	-1.12281	-485.26002	 483.33744	-7.99173	-939.10517	 929.37562	-1602.52388	 1617.54257	
1664	 1.99537	-3.52255	-0.47648	-0.50957	-1.52337	-1.16863	 0.25984	-3.22193	-22.76041	 28.31656	 4.09074	 8.45396	-0.96202	-535.50848	 532.18792	-6.47517	-896.11367	 886.33554	-450.95364	 466.25228	
1665	 2.09533	-3.47458	-0.49591	-0.53474	-1.52583	-1.17276	 0.23418	-3.20011	-21.90702	 27.35856	 4.43477	 8.11287	-0.80860	-550.86562	 546.48447	-5.29533	-856.58226	 846.75697	-294.15071	 309.72488	
1666	 2.18917	-3.43463	-0.51397	-0.55811	-1.52680	-1.17578	 0.20969	-3.17664	-21.05734	 26.40346	 4.75987	 7.79616	-0.66097	-546.99544	 541.79750	-4.35880	-820.08724	 810.21615	-236.59717	 252.44242	
1667	 2.27699	-3.40260	-0.53072	-0.57976	-1.52637	-1.17771	 0.18635	-3.15161	-20.21275	 25.45272	 5.06745	 7.50108	-0.51795	-533.43904	 527.60292	-3.60053	-786.27148	 776.35593	-209.41343	 225.52524	
1668	 2.35887	-3.37843	-0.54620	-0.59972	-1.52459	-1.17861	 0.16412	-3.12511	-19.37455	 24.50775	 5.35892	 7.22516	-0.37862	-515.46467	 509.12302	-2.97468	-754.83191	 744.87318	-195.38123	 211.75499	
1669	 2.43491	-3.36202	-0.56046	-0.61807	-1.52154	-1.17851	 0.14297	-3.09723	-18.54401	 23.56992	 5.63560	 6.96624	-0.24231	-495.86368	 489.11631	-2.44856	-725.50966	 715.50895	-188.15415	 204.78517	
1670	 2.50522	-3.35327	-0.57356	-0.63486	-1.51729	-1.17747	 0.12286	-3.06805	-17.72232	 22.64051	 5.89877	 6.72236	-0.10847	-476.07619	 468.99919	-1.99853	-698.08231	 688.04075	-184.84005	 201.72355	
1671	 2.56990	-3.35208	-0.58554	-0.65017	-1.51192	-1.17552	 0.10375	-3.03767	-16.91063	 21.72077	 6.14959	 6.49180	 0.02333	-456.81937	 449.47137	-1.60726	-672.35769	 662.27633	-183.92271	 201.05379	
1672	 2.62906	-3.35832	-0.59647	-0.66405	-1.50549	-1.17271	 0.08560	-3.00617	-16.10999	 20.81185	 6.38907	 6.27307	 0.15342	-438.42568	 430.85242	-1.26191	-648.16892	 638.04876	-184.51797	 201.89163	
1673	 2.68282	-3.37190	-0.60639	-0.67657	-1.49809	-1.16910	 0.06838	-2.97365	-15.32140	 19.91484	 6.61809	 6.06489	 0.28208	-421.02397	 413.26144	-0.95285	-625.37041	 615.21235	-186.06002	 203.67114	
1674	 2.73130	-3.39268	-0.61536	-0.68780	-1.48978	-1.16474	 0.05204	-2.94019	-14.54580	 19.03077	 6.83735	 5.86623	 0.40952	-404.63659	 396.71343	-0.67274	-603.83458	 593.63941	-188.15182	 205.99516	
1675	 2.77462	-3.42053	-0.62345	-0.69780	-1.48063	-1.15966	 0.03652	-2.90587	-13.78407	 18.16062	 7.04729	 5.67634	 0.53594	-389.23198	 381.17114	-0.41597	-583.44913	 573.21757	-190.48627	 208.55645	
1676	 2.81291	-3.45533	-0.63070	-0.70664	-1.47073	-1.15393	 0.02180	-2.87080	-13.03705	 17.30531	 7.24811	 5.49476	 0.66148	-374.75310	 366.57315	-0.17819	-564.11487	 553.84753	-192.80080	 211.09232	
1677	 2.84630	-3.49695	-0.63718	-0.71439	-1.46014	-1.14760	 0.00783	-2.83505	-12.30555	 16.46574	 7.43964	 5.32143	 0.78629	-361.13286	 352.84891	 0.04402	-545.74386	 535.44126	-194.84918	 213.35639	
1678	 2.87490	-3.54524	-0.64294	-0.72111	-1.44893	-1.14072	-0.00545	-2.79871	-11.59034	 15.64278	 7.62131	 5.15672	 0.91047	-348.30225	 339.92671	 0.25336	-528.25783	 517.92039	-196.38304	 215.10016	
1679	 2.89887	-3.60007	-0.64805	-0.72688	-1.43718	-1.13333	-0.01808	-2.76186	-10.89219	 14.83726	 7.79204	 5.00153	 1.03412	-336.19466	 327.73778	 0.45197	-511.58694	 501.21497	-197.14003	 216.06114	
1680	 2.91833	-3.66130	-0.65255	-0.73176	-1.42496	-1.12550	-0.03010	-2.72458	-10.21184	 14.05002	 7.95012	 4.85742	 1.15733	-324.74781	 316.21810	 0.64159	-495.66867	 485.26237	-196.83768	 215.95668	
1681	 2.93341	-3.72878	-0.65651	-0.73581	-1.41232	-1.11728	-0.04155	-2.68696	-9.55004	 13.28188	 8.09305	 4.72673	 1.28019	-313.90464	 305.30922	 0.82361	-480.44685	 470.00632	-195.17358	 214.48427	
1682	 2.94424	-3.80237	-0.65998	-0.73910	-1.39935	-1.10870	-0.05250	-2.64907	-8.90752	 12.53364	 8.21742	 4.61276	 1.40276	-303.61337	 294.95822	 0.99920	-465.87093	 455.39618	-191.83363	 211.32963	
1683	 2.95098	-3.88193	-0.66302	-0.74169	-1.38610	-1.09984	-0.06297	-2.61099	-8.28500	 11.80610	 8.31874	 4.51991	 1.52511	-293.82738	 285.11757	 1.16930	-451.89527	 441.38619	-186.51031	 206.18510	
1684	 2.95374	-3.96733	-0.66569	-0.74365	-1.37264	-1.09073	-0.07303	-2.57279	-7.68319	 11.10002	 8.39124	 4.45384	 1.64729	-284.50482	 275.74463	 1.33468	-438.47858	 427.93495	-178.93281	 198.77972	
1685	 2.95268	-4.05840	-0.66803	-0.74505	-1.35903	-1.08143	-0.08270	-2.53454	-7.10277	 10.41617	 8.42784	 4.42157	 1.76937	-275.60814	 266.80126	 1.49602	-425.58340	 415.00491	-168.90898	 188.92119	
1686	 2.94791	-4.15502	-0.67010	-0.74593	-1.34533	-1.07199	-0.09204	-2.49632	-6.54439	 9.75523	 8.42009	 4.43149	 1.89138	-267.10375	 258.25333	 1.65387	-413.17568	 402.56192	-156.37561	 176.54616	
1687	 2.93958	-4.25704	-0.67195	-0.74637	-1.33160	-1.06245	-0.10109	-2.45818	-6.00864	 9.11788	 8.35843	 4.49312	 2.01338	-258.96150	 250.07027	 1.80870	-401.22440	 390.57485	-141.44841	 161.77019	
1688	 2.92783	-4.36433	-0.67364	-0.74642	-1.31789	-1.05286	-0.10989	-2.42020	-5.49606	 8.50468	 8.23269	 4.61659	 2.13540	-251.15436	 242.22469	 1.96092	-389.70125	 379.01531	-124.45819	 144.92394	
1689	 2.91279	-4.47675	-0.67520	-0.74613	-1.30427	-1.04327	-0.11848	-2.38244	-5.00711	 7.91615	 8.03307	 4.81172	 2.25749	-243.65803	 234.69197	 2.11088	-378.58033	 367.85731	-105.95684	 126.55918	
1690	 2.89459	-4.59417	-0.67670	-0.74557	-1.29077	-1.03371	-0.12690	-2.34494	-4.54215	 7.35270	 7.75159	 5.08647	 2.37967	-236.45062	 227.45001	 2.25887	-367.83792	 357.07703	-86.68099	 107.41239	
1691	 2.87336	-4.71646	-0.67817	-0.74479	-1.27746	-1.02424	-0.13519	-2.30778	-4.10144	 6.81461	 7.38406	 5.44506	 2.50198	-229.51243	 220.47886	 2.40517	-357.45226	 346.65264	-67.47164	 88.32444	
1692	 2.84924	-4.84348	-0.67965	-0.74384	-1.26438	-1.01489	-0.14338	-2.27100	-3.68513	 6.30208	 6.93231	 5.88568	 2.62443	-222.82563	 213.76053	 2.54999	-347.40333	 336.56403	-49.16408	 70.13050	
1693	 2.82236	-4.97512	-0.68119	-0.74276	-1.25156	-1.00571	-0.15152	-2.23465	-3.29324	 5.81515	 6.40614	 6.39860	 2.74704	-216.37407	 207.27873	 2.69355	-337.67270	 326.79270	-32.47515	 53.54727	
1694	 2.79285	-5.11126	-0.68283	-0.74162	-1.23907	-0.99673	-0.15964	-2.19878	-2.92567	 5.35374	 5.82427	 6.96515	 2.86984	-210.14313	 201.01869	 2.83602	-328.24337	 317.32160	-17.91721	 39.08700	
1695	 2.76083	-5.25178	-0.68461	-0.74045	-1.22693	-0.98799	-0.16776	-2.16344	-2.58219	 4.91764	 5.21360	 7.55851	 2.99282	-204.11950	 194.96700	 2.97756	-319.09967	 308.13497	-5.75886	 27.01817	
1696	 2.72643	-5.39656	-0.68657	-0.73930	-1.21519	-0.97951	-0.17593	-2.12865	-2.26244	 4.50650	 4.60638	 8.14653	 3.11601	-198.29104	 189.11144	 3.11831	-310.22707	 299.21825	 3.96487	 17.37572	
1697	 2.68978	-5.54550	-0.68872	-0.73821	-1.20387	-0.97135	-0.18416	-2.09448	-1.96593	 4.11985	 4.03567	 8.69624	 3.23939	-192.64671	 183.44089	 3.25839	-301.61216	 290.55795	 11.40532	 10.00819	
1698	 2.65100	-5.69850	-0.69112	-0.73722	-1.19302	-0.96351	-0.19249	-2.06093	-1.69208	 3.75709	 3.53033	 9.17892	 3.36298	-187.17638	 177.94514	 3.39792	-293.24247	 282.14159	 16.83581	 4.64219	
1699	 2.61021	-5.85545	-0.69379	-0.73638	-1.18266	-0.95605	-0.20094	-2.02806	-1.44018	 3.41752	 3.11085	 9.57421	 3.48675	-181.87078	 172.61488	 3.53698	-285.10645	 273.95756	 20.58822	 0.94572	
1700	 2.56753	-6.01626	-0.69675	-0.73571	-1.17282	-0.94897	-0.20954	-1.99589	-1.20943	 3.10035	 2.78730	 9.87219	 3.61069	-176.72139	 167.44155	 3.67567	-277.19336	 265.99511	 23.00233	-1.42107	
1701	 2.52307	-6.18084	-0.70003	-0.73526	-1.16352	-0.94230	-0.21830	-1.96445	-0.99898	 2.80468	 2.55957	 10.07310	 3.73480	-171.72040	 162.41727	 3.81406	-269.49322	 258.24421	 24.39197	-2.77206	
1702	 2.47697	-6.34909	-0.70366	-0.73505	-1.15480	-0.93608	-0.22725	-1.93375	-0.80788	 2.52958	 2.41955	 10.18526	 3.85905	-166.86059	 157.53481	 3.95221	-261.99673	 250.69555	 25.02696	-3.37717	
1703	 2.42932	-6.52095	-0.70766	-0.73511	-1.14666	-0.93031	-0.23640	-1.90382	-0.63516	 2.27403	 2.35404	 10.22204	 3.98341	-162.13531	 152.78747	 4.09019	-254.69522	 243.34047	 25.12712	-3.45626	
1704	 2.38025	-6.69633	-0.71204	-0.73548	-1.13914	-0.92502	-0.24578	-1.87469	-0.47981	 2.03701	 2.34767	 10.19899	 4.10785	-157.53840	 148.16908	 4.22802	-247.58061	 236.17086	 24.86384	-3.18078	
1705	 2.32986	-6.87515	-0.71682	-0.73617	-1.13223	-0.92022	-0.25539	-1.84635	-0.34079	 1.81744	 2.38522	 10.13154	 4.23235	-153.06417	 143.67392	 4.36577	-240.64535	 229.17920	 24.36597	-2.67962	
1706	 2.27827	-7.05734	-0.72202	-0.73722	-1.12596	-0.91593	-0.26525	-1.81884	-0.21708	 1.61426	 2.45306	 10.03353	 4.35685	-148.70734	 139.29668	 4.50345	-233.88239	 222.35842	 23.72715	-2.04645	
1707	 2.22557	-7.24284	-0.72765	-0.73864	-1.12035	-0.91215	-0.27537	-1.79215	-0.10764	 1.42641	 2.53985	 9.91653	 4.48133	-144.46300	 135.03244	 4.64110	-227.28515	 215.70197	 23.01325	-1.34718	
1708	 2.17188	-7.43159	-0.73373	-0.74046	-1.11539	-0.90891	-0.28576	-1.76629	-0.01147	 1.25284	 2.63672	 9.78963	 4.60572	-140.32659	 130.87661	 4.77873	-220.84744	 209.20368	 22.26901	-0.62655	
1709	 2.11731	-7.62352	-0.74025	-0.74268	-1.11109	-0.90621	-0.29642	-1.74127	 0.07239	 1.09252	 2.73707	 9.65966	 4.73000	-136.29386	 126.82492	 4.91636	-214.56350	 202.85782	 21.52352	 0.08632	
1710	 2.06194	-7.81858	-0.74723	-0.74534	-1.10747	-0.90405	-0.30737	-1.71710	 0.14489	 0.94448	 2.83625	 9.53150	 4.85409	-132.36084	 122.87340	 5.05399	-208.42790	 196.65899	 20.79467	 0.77356	
1711	 2.00589	-8.01670	-0.75467	-0.74843	-1.10451	-0.90243	-0.31860	-1.69377	 0.20692	 0.80777	 2.93119	 9.40847	 4.97796	-128.52383	 119.01833	 5.19163	-202.43557	 190.60215	 20.09250	 1.42512	
1712	 1.94925	-8.21784	-0.76258	-0.75198	-1.10223	-0.90137	-0.33012	-1.67129	 0.25930	 0.68150	 3.02001	 9.29270	 5.10153	-124.77938	 115.25622	 5.32928	-196.58175	 184.68259	 19.42172	 2.03631	
1713	 1.89212	-8.42194	-0.77095	-0.75599	-1.10062	-0.90086	-0.34193	-1.64964	 0.30284	 0.56481	 3.10171	 9.18543	 5.22476	-121.12424	 111.58382	 5.46693	-190.86196	 178.89588	 18.78358	 2.60591	
1714	 1.83460	-8.62895	-0.77979	-0.76047	-1.09969	-0.90091	-0.35402	-1.62883	 0.33826	 0.45693	 3.17593	 9.08727	 5.34759	-117.55537	 107.99807	 5.60457	-185.27201	 173.23787	 18.17714	 3.13489	
1715	 1.77677	-8.83883	-0.78910	-0.76543	-1.09941	-0.90150	-0.36641	-1.60885	 0.36623	 0.35711	 3.24275	 8.99839	 5.46994	-114.06993	 104.49610	 5.74220	-179.80793	 167.70466	 17.60023	 3.62546	
1716	 1.71874	-9.05151	-0.79886	-0.77087	-1.09980	-0.90263	-0.37908	-1.58969	 0.38737	 0.26468	 3.30252	 8.91868	 5.59176	-110.66523	 101.07522	 5.87979	-174.46601	 162.29259	 17.05007	 4.08045	
1717	 1.66058	-9.26695	-0.80908	-0.77680	-1.10083	-0.90431	-0.39202	-1.57134	 0.40224	 0.17900	 3.35578	 8.84783	 5.71298	-107.33877	 97.73289	 6.01733	-169.24277	 156.99823	 16.52366	 4.50291	
1718	 1.60240	-9.48509	-0.81975	-0.78321	-1.10251	-0.90651	-0.40524	-1.55379	 0.41135	 0.09952	 3.40318	 8.78546	 5.83355	-104.08818	 94.46673	 6.15481	-164.13490	 151.81836	 16.01812	 4.89581	
1719	 1.54428	-9.70587	-0.83086	-0.79010	-1.10482	-0.90924	-0.41873	-1.53702	 0.41515	 0.02570	 3.44540	 8.73109	 5.95339	-100.91121	 91.27446	 6.29220	-159.13930	 146.74993	 15.53074	 5.26190	
1720	 1.48631	-9.92925	-0.84239	-0.79747	-1.10774	-0.91248	-0.43248	-1.52103	 0.41405	-0.04293	 3.48315	 8.68426	 6.07245	-97.80579	 88.15398	 6.42949	-154.25306	 141.79009	 15.05920	 5.60361	
1721	 1.42858	-10.15514	-0.85435	-0.80533	-1.11127	-0.91622	-0.44648	-1.50579	 0.40841	-0.10680	 3.51712	 8.64448	 6.19066	-94.76991	 85.10328	 6.56666	-149.47342	 136.93614	 14.60148	 5.92303	
1722	 1.37116	-10.38349	-0.86672	-0.81365	-1.11539	-0.92045	-0.46071	-1.49130	 0.39854	-0.16628	 3.54797	 8.61131	 6.30796	-91.80172	 82.12045	 6.70369	-144.79777	 132.18556	 14.15597	 6.22186	
1723	 1.31416	-10.61421	-0.87948	-0.82245	-1.12008	-0.92515	-0.47518	-1.47753	 0.38473	-0.22173	 3.57633	 8.58430	 6.42431	-88.89944	 79.20369	 6.84057	-140.22366	 127.53596	 13.72141	 6.50148	
1724	 1.25764	-10.84724	-0.89262	-0.83169	-1.12533	-0.93031	-0.48987	-1.46447	 0.36723	-0.27346	 3.60280	 8.56306	 6.53963	-86.06141	 76.35132	 6.97727	-135.74877	 122.98507	 13.29685	 6.76294	
1725	 1.20170	-11.08248	-0.90612	-0.84139	-1.13112	-0.93592	-0.50476	-1.45210	 0.34624	-0.32172	 3.62792	 8.54721	 6.65389	-83.28604	 73.56171	 7.11380	-131.37091	 118.53077	 12.88162	 7.00699	
1726	 1.14642	-11.31983	-0.91997	-0.85153	-1.13742	-0.94196	-0.51985	-1.44041	 0.32194	-0.36678	 3.65221	 8.53639	 6.76704	-80.57184	 70.83334	 7.25014	-127.08800	 114.17104	 12.47533	 7.23416	
1727	 1.09189	-11.55919	-0.93415	-0.86209	-1.14422	-0.94840	-0.53512	-1.42937	 0.29450	-0.40885	 3.67614	 8.53027	 6.87903	-77.91741	 68.16475	 7.38629	-122.89807	 109.90398	 12.07779	 7.44476	
1728	 1.03819	-11.80044	-0.94865	-0.87306	-1.15151	-0.95524	-0.55056	-1.41896	 0.26405	-0.44812	 3.70016	 8.52854	 6.98983	-75.32139	 65.55458	 7.52226	-118.79928	 105.72779	 11.68895	 7.63892	
1729	 0.98541	-12.04345	-0.96344	-0.88443	-1.15925	-0.96245	-0.56615	-1.40917	 0.23071	-0.48477	 3.72467	 8.53089	 7.09940	-72.78252	 63.00150	 7.65804	-114.78984	 101.64073	 11.30894	 7.81665	
1730	 0.93364	-12.28808	-0.97850	-0.89618	-1.16742	-0.97001	-0.58189	-1.39998	 0.19457	-0.51894	 3.75006	 8.53702	 7.20772	-70.29961	 60.50428	 7.79365	-110.86810	 97.64119	 10.93794	 7.97785	
1731	 0.88297	-12.53417	-0.99382	-0.90830	-1.17601	-0.97792	-0.59775	-1.39136	 0.15573	-0.55077	 3.77670	 8.54664	 7.31478	-67.87152	 58.06174	 7.92912	-107.03246	 93.72761	 10.57624	 8.12238	
1732	 0.83349	-12.78155	-1.00937	-0.92077	-1.18498	-0.98613	-0.61372	-1.38331	 0.11426	-0.58038	 3.80493	 8.55943	 7.42056	-65.49716	 55.67273	 8.06447	-103.28141	 89.89852	 10.22411	 8.25001	
1733	 0.78530	-13.03003	-1.02513	-0.93357	-1.19432	-0.99464	-0.62980	-1.37579	 0.07022	-0.60790	 3.83511	 8.57509	 7.52506	-63.17553	 53.33619	 8.19975	-99.61352	 86.15248	 9.88187	 8.36053	
1734	 0.73850	-13.27941	-1.04109	-0.94668	-1.20401	-1.00343	-0.64595	-1.36880	 0.02369	-0.63342	 3.86758	 8.59326	 7.62829	-60.90565	 51.05109	 8.33499	-96.02741	 82.48815	 9.54980	 8.45374	
1735	 0.69321	-13.52946	-1.05721	-0.96008	-1.21401	-1.01247	-0.66218	-1.36231	-0.02528	-0.65703	 3.90267	 8.61358	 7.73028	-58.68661	 48.81645	 8.47027	-92.52177	 78.90421	 9.22814	 8.52943	
1736	 0.64952	-13.77993	-1.07348	-0.97375	-1.22431	-1.02174	-0.67846	-1.35631	-0.07664	-0.67885	 3.94077	 8.63562	 7.83104	-56.51755	 46.63133	 8.60564	-89.09537	 75.39942	 8.91705	 8.58745	
1737	 0.60757	-14.03054	-1.08987	-0.98768	-1.23488	-1.03123	-0.69478	-1.35078	-0.13031	-0.69896	 3.98226	 8.65891	 7.93064	-54.39764	 44.49484	 8.74121	-85.74700	 71.97254	 8.61662	 8.62771	
1738	 0.56749	-14.28101	-1.10636	-1.00183	-1.24570	-1.04091	-0.71112	-1.34571	-0.18623	-0.71747	 4.02757	 8.68292	 8.02913	-52.32613	 42.40611	 8.87707	-82.47552	 68.62241	 8.32684	 8.65017	
1739	 0.52940	-14.53101	-1.12293	-1.01620	-1.25673	-1.05076	-0.72748	-1.34107	-0.24433	-0.73448	 4.07720	 8.70700	 8.12659	-50.30228	 40.36433	 9.01334	-79.27983	 65.34786	 8.04758	 8.65486	
1740	 0.49348	-14.78018	-1.13956	-1.03074	-1.26797	-1.06076	-0.74384	-1.33686	-0.30451	-0.75010	 4.13172	 8.73044	 8.22312	-48.32542	 38.36870	 9.15017	-76.15887	 62.14777	 7.77858	 8.64190	
1741	 0.45989	-15.02815	-1.15622	-1.04545	-1.27938	-1.07089	-0.76019	-1.33305	-0.36669	-0.76448	 4.19181	 8.75233	 8.31883	-46.39490	 36.41846	 9.28771	-73.11164	 59.02103	 7.51942	 8.61146	
1742	 0.42882	-15.27450	-1.17288	-1.06030	-1.29094	-1.08114	-0.77650	-1.32965	-0.43073	-0.77776	 4.25829	 8.77163	 8.41387	-44.51014	 34.51287	 9.42614	-70.13713	 55.96654	 7.26954	 8.56381	
1743	 0.40048	-15.51877	-1.18954	-1.07526	-1.30263	-1.09148	-0.79278	-1.32662	-0.49651	-0.79011	 4.33217	 8.78705	 8.50842	-42.67058	 32.65124	 9.56569	-67.23441	 52.98323	 7.02817	 8.49928	
1744	 0.37511	-15.76048	-1.20615	-1.09032	-1.31442	-1.10189	-0.80901	-1.32397	-0.56385	-0.80172	 4.41472	 8.79703	 8.60267	-40.87573	 30.83288	 9.70659	-64.40255	 50.06999	 6.79439	 8.41828	
1745	 0.35298	-15.99909	-1.22270	-1.10544	-1.32629	-1.11235	-0.82517	-1.32168	-0.63258	-0.81284	 4.50755	 8.79961	 8.69687	-39.12513	 29.05713	 9.84913	-61.64066	 47.22575	 6.56705	 8.32125	
1746	 0.33439	-16.23404	-1.23917	-1.12060	-1.33822	-1.12285	-0.84126	-1.31975	-0.70246	-0.82373	 4.61272	 8.79236	 8.79129	-37.41839	 27.32336	 9.99363	-58.94788	 44.44940	 6.34478	 8.20871	
1747	 0.31969	-16.46469	-1.25553	-1.13578	-1.35019	-1.13337	-0.85727	-1.31816	-0.77323	-0.83471	 4.73288	 8.77221	 8.88626	-35.75516	 25.63097	 10.14044	-56.32336	 41.73983	 6.12597	 8.08116	
1748	 0.30928	-16.69041	-1.27176	-1.15095	-1.36217	-1.14389	-0.87318	-1.31691	-0.84461	-0.84614	 4.87152	 8.73521	 8.98216	-34.13517	 23.97936	 10.28999	-53.76628	 39.09591	 5.90872	 7.93915	
1749	 0.30363	-16.91048	-1.28784	-1.16609	-1.37415	-1.15439	-0.88898	-1.31599	-0.91624	-0.85844	 5.03320	 8.67632	 9.07943	-32.55821	 22.36797	 10.44275	-51.27586	 36.51648	 5.69088	 7.78316	
1750	 0.30327	-17.12416	-1.30374	-1.18117	-1.38609	-1.16486	-0.90468	-1.31540	-0.98772	-0.87213	 5.22391	 8.58901	 9.17857	-31.02418	 20.79630	 10.59925	-48.85134	 34.00034	 5.46995	 7.61362	
1751	 0.30882	-17.33069	-1.31944	-1.19617	-1.39799	-1.17529	-0.92026	-1.31514	-1.05862	-0.88775	 5.45143	 8.46498	 9.28017	-29.53303	 19.26384	 10.76013	-46.49198	 31.54626	 5.24306	 7.43083	
1752	 0.32102	-17.52931	-1.33493	-1.21106	-1.40983	-1.18565	-0.93571	-1.31521	-1.12841	-0.90598	 5.72541	 8.29399	 9.38488	-28.08487	 17.77017	 10.92606	-44.19711	 29.15297	 5.00699	 7.23487	
1753	 0.34072	-17.71927	-1.35017	-1.22582	-1.42157	-1.19593	-0.95103	-1.31561	-1.19653	-0.92757	 6.05644	 8.06489	 9.49346	-26.67989	 16.31491	 11.09784	-41.96608	 26.81917	 4.75806	 7.02555	
1754	 0.36892	-17.89990	-1.36515	-1.24042	-1.43322	-1.20612	-0.96623	-1.31635	-1.26232	-0.95340	 6.45106	 7.77062	 9.60672	-25.31847	 14.89777	 11.27633	-39.79833	 24.54351	 4.49216	 6.80219	
1755	 0.40679	-18.07069	-1.37984	-1.25484	-1.44474	-1.21621	-0.98129	-1.31743	-1.32505	-0.98446	 6.89251	 7.42747	 9.72559	-24.00112	 13.51859	 11.46252	-37.69336	 22.32459	 4.20473	 6.56349	
1756	 0.45571	-18.23139	-1.39423	-1.26904	-1.45612	-1.22618	-0.99622	-1.31886	-1.38391	-1.02189	 7.27030	 7.14559	 9.85103	-22.72853	 12.17732	 11.65746	-35.65079	 20.16102	 3.89080	 6.30716	
1757	 0.51730	-18.38222	-1.40830	-1.28301	-1.46734	-1.23602	-1.01102	-1.32068	-1.43800	-1.06700	 7.11724	 7.39210	 9.98402	-21.50159	 10.87415	 11.86225	-33.67037	 18.05137	 3.54511	 6.02946	
1758	 0.59347	-18.52415	-1.42202	-1.29671	-1.47839	-1.24572	-1.02571	-1.32289	-1.48631	-1.12124	 4.65238	 9.94825	 10.12548	-20.32133	 9.60949	 12.07801	-31.75201	 15.99428	 3.16242	 5.72451	
1759	 0.68644	-18.65929	-1.43537	-1.31013	-1.48925	-1.25528	-1.04029	-1.32553	-1.52773	-1.18630	-5.52620	 20.21684	 10.27615	-19.18890	 8.38412	 12.30575	-29.89580	 13.98842	 2.73802	 5.38312	
1760	 0.79882	-18.79151	-1.44834	-1.32323	-1.49989	-1.26468	-1.05479	-1.32864	-1.56104	-1.26406	-25.88242	 40.66365	 10.43634	-18.10544	 7.19925	 12.54621	-28.10203	 12.03268	 2.26886	 4.99098	
1761	 0.93367	-18.92734	-1.46092	-1.33598	-1.51030	-1.27391	-1.06923	-1.33227	-1.58488	-1.35662	-28.60789	 43.48352	 10.60564	-17.07191	 6.05668	 12.79954	-26.37121	 10.12620	 1.75549	 4.52560	
1762	 1.09453	-19.07721	-1.47308	-1.34835	-1.52047	-1.28297	-1.08365	-1.33648	-1.59780	-1.46633	-13.35317	 28.33234	 10.78240	-16.08871	 4.95891	 13.06482	-24.70395	 8.26861	 1.20568	 3.95119	
1763	 1.28553	-19.25710	-1.48482	-1.36032	-1.53036	-1.29185	-1.09810	-1.34135	-1.59822	-1.59582	-2.01925	 17.11935	 10.96307	-15.15520	 3.90938	 13.33929	-23.10086	 6.46039	 0.64104	 3.20969	
1764	 1.51144	-19.49056	-1.49611	-1.37185	-1.53995	-1.30056	-1.11265	-1.34697	-1.58444	-1.74791	 3.99708	 11.25368	 11.14126	-14.26897	 2.91259	 13.61707	-21.56228	 4.70339	 0.10917	 2.20493	
1765	 1.77770	-19.81030	-1.50698	-1.38290	-1.54922	-1.30909	-1.12739	-1.35346	-1.55469	-1.92562	 7.25562	 8.19272	 11.30665	-13.42490	 1.97427	 13.88731	-20.08783	 3.00204	-0.29388	 0.77411	
1766	 2.09014	-20.25701	-1.51743	-1.39344	-1.55813	-1.31747	-1.14242	-1.36091	-1.50717	-2.13193	 9.22878	 6.48557	 11.44392	-12.61417	 1.10142	 14.13159	-18.67594	 1.36566	-0.38273	-1.36215	
1767	 2.45353	-20.86837	-1.52757	-1.40341	-1.56665	-1.32576	-1.15782	-1.36931	-1.44013	-2.36906	 10.61015	 5.45872	 11.53226	-11.82351	 0.30187	 14.32048	-17.32327	-0.18676	 0.18640	-4.67902	
1768	 2.86662	-21.64216	-1.53760	-1.41278	-1.57469	-1.33411	-1.17355	-1.37835	-1.35216	-2.63653	 11.71583	 4.79523	 11.54605	-11.03529	-0.41696	 14.41082	-16.02398	-1.61770	 2.00326	-9.93000	
1769	 3.30969	-22.45749	-1.54797	-1.42154	-1.58216	-1.34279	-1.18919	-1.38707	-1.24261	-2.92682	 12.63557	 4.34189	 11.45755	-10.22892	-1.05079	 14.34791	-14.76744	-2.86147	 5.89717	-18.06639	
1770	 3.72894	-23.01098	-1.55929	-1.42982	-1.58887	-1.35212	-1.20371	-1.39363	-1.11254	-3.22072	 13.27899	 4.02882	 11.23989	-9.38376	-1.60040	 14.08030	-13.53048	-3.83549	 12.51755	-29.60519	
1771	 4.04968	-22.97268	-1.57180	-1.43784	-1.59471	-1.36206	-1.21587	-1.39640	-0.96517	-3.49310	 13.49955	 3.82725	 10.86721	-8.48272	-2.06648	 13.58111	-12.26799	-4.49988	 21.45577	-43.57149	
1772	 4.23510	-22.32011	-1.58490	-1.44585	-1.59976	-1.37206	-1.22539	-1.39573	-0.80540	-3.73195	 13.30563	 3.71517	 10.31705	-7.51781	-2.43900	 12.84509	-10.92520	-4.90225	 31.15059	-57.72052	
1773	 4.31085	-21.31788	-1.59759	-1.45386	-1.60424	-1.38144	-1.23308	-1.39351	-0.63923	-3.94317	 12.86429	 3.66395	 9.58320	-6.49755	-2.69957	 11.86852	-9.47273	-5.11703	 40.14614	-70.31642	
1774	 4.32431	-20.20982	-1.60923	-1.46174	-1.60837	-1.38988	-1.23989	-1.39131	-0.47461	-4.13518	 12.33013	 3.64727	 8.68661	-5.45031	-2.83410	 10.65684	-7.92628	-5.17749	 47.85622	-80.88081	
1775	 4.31171	-19.10244	-1.61962	-1.46934	-1.61226	-1.39734	-1.24629	-1.38983	-0.32255	-4.30829	 11.77653	 3.64785	 7.67267	-4.41957	-2.83922	 9.24572	-6.34155	-5.08171	 54.30697	-89.64879	
1776	 4.29452	-18.01446	-1.62878	-1.47653	-1.61597	-1.40389	-1.25244	-1.38918	-0.19793	-4.45392	 11.22298	 3.65611	 6.60007	-3.45389	-2.72183	 7.70499	-4.79858	-4.82194	 59.77432	-97.06342	
1777	 4.28512	-16.93327	-1.63680	-1.48320	-1.61948	-1.40965	-1.25832	-1.38927	-0.11962	-4.55668	 10.66779	 3.66707	 5.52864	-2.59592	-2.49716	 6.12490	-3.38144	-4.40147	 64.63204	-103.60686	
1778	 4.29147	-15.84220	-1.64379	-1.48931	-1.62279	-1.41468	-1.26388	-1.38993	-0.10975	-4.59663	 10.10466	 3.67817	 4.50989	-1.87435	-2.18674	 4.59618	-2.15837	-3.83948	 69.32077	-109.78625	
1779	 4.31942	-14.73004	-1.64983	-1.49481	-1.62586	-1.41907	-1.26905	-1.39100	-0.19129	-4.55242	 9.52886	 3.68820	 3.58172	-1.30062	-1.81617	 3.19369	-1.16860	-3.16951	 74.36866	-116.17050	
1780	 4.37365	-13.59324	-1.65500	-1.49967	-1.62865	-1.42283	-1.27376	-1.39235	-0.38318	-4.40643	 8.93896	 3.69667	 2.76750	-0.87009	-1.41281	 1.96825	-0.41915	-2.43486	 80.45672	-123.46617	
1781	 4.45805	-12.43554	-1.65936	-1.50389	-1.63115	-1.42600	-1.27798	-1.39382	-0.69253	-4.15258	 8.33696	 3.70351	 2.07801	-0.56618	-1.00353	 0.94638	 0.10991	-1.68294	 88.56433	-132.66910	
1782	 4.57556	-11.26650	-1.66296	-1.50746	-1.63329	-1.42859	-1.28165	-1.39532	-1.10532	-3.80565	 7.72770	 3.70890	 1.51484	-0.36555	-0.61298	 0.13499	 0.45567	-0.95989	 100.29829	-145.39706	
1783	 4.72808	-10.09975	-1.66580	-1.51037	-1.63507	-1.43059	-1.28473	-1.39672	-1.57980	-3.40778	 7.11806	 3.71312	 1.07393	-0.24279	-0.26245	-0.47211	 0.66229	-0.30660	 118.71753	-164.71674	
1784	 4.91630	-8.95099	-1.66791	-1.51262	-1.63644	-1.43201	-1.28719	-1.39794	-2.05057	-3.02435	 6.51601	 3.71649	 0.74863	-0.17399	 0.03071	-0.88805	 0.77287	 0.24360	 150.80212	-197.61414	
1785	 5.13965	-7.83620	-1.66927	-1.51421	-1.63741	-1.43283	-1.28898	-1.39889	-2.45053	-2.72201	 5.92966	 3.71934	 0.53197	-0.13915	 0.25314	-1.12799	 0.82420	 0.66570	 217.31589	-264.85807	
1786	 5.39632	-6.77008	-1.66984	-1.51511	-1.63795	-1.43307	-1.29007	-1.39950	-2.74780	-2.53178	 5.36655	 3.72191	 0.41822	-0.12346	 0.39526	-1.20575	 0.84386	 0.94281	 421.81598	-470.01030	
1787	 0.21903	-3.53348	-1.87419	-1.23757	-1.63814	-1.70831	-1.08788	-1.39974	-1.37783	-2.32978	 3.62558	 3.73819	 0.00677	-0.12169	-0.11011	 0.44227	 0.82136	 0.11719	 1314993451678.35547	-1242992546754.83594	
1788	 4.42612	 3.38565	 3.62790	 1.52242	 1.20868	 0.56112	 0.63908	 0.72699	 1.22008	 1.91810	 4.68445	 2.32458	 1.62862	 1.75215	 0.10288	-0.55677	-0.25896	 0.38970	 275263253861945.81250	-219552008124452.00000	
1789	 3.51642	 3.38899	 1.21685	 1.17662	 1.28740	 0.88366	 1.01112	 0.85278	 2.77980	 0.11262	 2.63508	 0.66985	-4.64830	 9.81828	 0.07486	 0.01120	-0.24253	 0.43873	-8.41202	 18.62721	
1790	 3.45013	 3.26805	 1.24301	 1.15579	 1.30314	 0.81318	 0.93176	 0.75519	 2.58440	 1.07042	 1.90968	 1.17372	-7.25460	 11.24734	 0.04224	 0.02282	-0.09978	 0.39413	 18.51554	-8.67251	
1791	 3.36815	 3.13167	 1.25164	 1.12737	 1.30591	 0.72405	 0.84353	 0.64410	 2.12229	 1.98743	 1.45449	 0.87880	-5.30214	 8.82161	 0.02659	 0.01789	-0.02239	 0.41248	 39.15643	-29.51474	
1792	 3.27369	 2.98386	 1.24720	 1.09219	 1.29845	 0.62381	 0.74750	 0.52338	 1.79764	 2.40728	 1.32919	 0.29750	-3.69570	 6.96983	 0.01223	 0.01137	 0.03138	 0.44892	 79.77639	-70.22996	
1793	 3.16885	 2.82740	 1.23208	 1.05069	 1.28208	 0.51665	 0.64455	 0.39568	 1.57797	 2.56903	 1.33052	-0.34927	-2.65179	 5.71042	-0.00226	 0.00446	 0.07743	 0.48532	 152.21186	-142.67274	
1794	 3.05522	 2.66444	 1.20763	 1.00320	 1.25753	 0.40519	 0.53555	 0.26303	 1.41176	 2.62087	 1.36324	-1.00378	-1.98879	 4.82040	-0.01691	-0.00276	 0.11996	 0.51566	 34.40097	-24.78404	
1795	 2.93408	 2.49675	 1.17470	 0.95005	 1.22522	 0.29124	 0.42141	 0.12710	 1.27037	 2.62671	 1.39266	-1.64924	-1.56735	 4.15614	-0.03152	-0.01027	 0.15981	 0.53768	-13.75050	 23.53167	
1796	 2.80651	 2.32582	 1.13390	 0.89158	 1.18550	 0.17610	 0.30302	-0.01076	 1.13944	 2.61266	 1.40735	-2.28001	-1.30004	 3.63438	-0.04585	-0.01804	 0.19676	 0.55041	-12.22810	 22.26081	
1797	 2.67347	 2.15290	 1.08571	 0.82818	 1.13868	 0.06073	 0.18123	-0.14944	 1.01177	 2.58916	 1.40430	-2.89438	-1.13178	 3.20594	-0.05965	-0.02595	 0.23029	 0.55345	-9.21452	 19.58487	
1798	 2.53580	 1.97904	 1.03059	 0.76028	 1.08509	-0.05416	 0.05685	-0.28804	 0.88374	 2.56015	 1.38351	-3.49275	-1.02629	 2.84056	-0.07269	-0.03391	 0.25983	 0.54676	-7.31913	 18.10937	
1799	 2.39426	 1.80508	 0.96901	 0.68833	 1.02510	-0.16805	-0.06940	-0.42587	 0.75354	 2.52687	 1.34600	-4.07723	-0.95814	 2.51895	-0.08473	-0.04177	 0.28484	 0.53047	-6.11702	 17.40300	
1800	 2.24952	 1.63172	 0.90144	 0.61282	 0.95913	-0.28057	-0.19686	-0.56243	 0.62038	 2.48947	 1.29306	-4.65163	-0.90815	 2.22837	-0.09556	-0.04939	 0.30489	 0.50492	-5.27201	 17.12093	
1801	 2.10217	 1.45951	 0.82843	 0.53429	 0.88767	-0.39145	-0.32495	-0.69732	 0.48401	 2.44768	 1.22603	-5.22172	-0.86042	 1.96023	-0.10501	-0.05664	 0.31963	 0.47053	-4.60533	 17.07404	
1802	 1.95275	 1.28888	 0.75054	 0.45329	 0.81124	-0.50047	-0.45312	-0.83027	 0.34448	 2.40123	 1.14621	-5.79569	-0.80010	 1.70860	-0.11292	-0.06337	 0.32887	 0.42784	-4.02421	 17.15794	
1803	 1.80172	 1.12015	 0.66838	 0.37038	 0.73043	-0.60743	-0.58089	-0.96104	 0.20204	 2.34989	 1.05483	-6.38494	-0.71150	 1.46939	-0.11914	-0.06944	 0.33252	 0.37746	-3.47963	 17.31118	
1804	 1.64950	 0.95360	 0.58262	 0.28617	 0.64587	-0.71216	-0.70779	-1.08946	 0.05700	 2.29365	 0.95309	-7.00545	-0.57596	 1.23974	-0.12358	-0.07472	 0.33062	 0.32008	-2.94543	 17.49479	
1805	 1.49646	 0.78941	 0.49394	 0.20124	 0.55822	-0.81444	-0.83338	-1.21534	-0.09030	 2.23266	 0.84213	-7.68012	-0.36893	 1.01770	-0.12618	-0.07911	 0.32331	 0.25643	-2.40796	 17.68218	
1806	 1.34295	 0.62776	 0.40307	 0.11621	 0.46818	-0.91404	-0.95725	-1.33852	-0.23959	 2.16733	 0.72309	-8.44282	-0.05553	 0.80200	-0.12690	-0.08247	 0.31086	 0.18729	-1.86066	 17.85402	
1807	 1.18928	 0.46879	 0.31075	 0.03165	 0.37648	-1.01067	-1.07899	-1.45880	-0.39064	 2.09830	 0.59710	-9.34573	 0.41703	 0.59183	-0.12573	-0.08473	 0.29360	 0.11350	-1.30120	 17.99559	
1808	 1.03574	 0.31262	 0.21775	-0.05185	 0.28384	-1.10402	-1.19820	-1.57597	-0.54340	 2.02648	 0.46529	-10.47315	 1.13346	 0.38676	-0.12271	-0.08580	 0.27199	 0.03590	-0.72986	 18.09528	
1809	 0.88262	 0.15939	 0.12483	-0.13375	 0.19100	-1.19374	-1.31451	-1.68979	-0.69801	 1.95309	 0.32880	-11.96885	 2.23789	 0.18667	-0.11789	-0.08562	 0.24652	-0.04460	-0.14859	 18.14377	
1810	 0.73020	 0.00924	 0.03276	-0.21353	 0.09868	-1.27942	-1.42753	-1.79999	-0.85485	 1.87967	 0.18875	-14.09464	 3.99253	-0.00836	-0.11137	-0.08413	 0.21778	-0.12710	 0.43961	 18.13353	
1811	 0.57879	-0.13768	-0.05773	-0.29072	 0.00759	-1.36061	-1.53691	-1.90629	-1.01469	 1.80816	 0.04630	-17.36672	 6.91405	-0.19805	-0.10325	-0.08133	 0.18637	-0.21065	 1.03100	 18.05850	
1812	 0.42870	-0.28116	-0.14588	-0.36492	-0.08159	-1.43686	-1.64232	-2.00840	-1.17875	 1.74096	-0.09741	-22.90915	 12.12712	-0.38202	-0.09368	-0.07720	 0.15296	-0.29432	 1.62141	 17.91393	
1813	 0.28026	-0.42099	-0.23100	-0.43575	-0.16822	-1.50764	-1.74341	-2.10600	-1.34888	 1.68110	-0.24123	-33.49269	 22.40329	-0.55975	-0.08282	-0.07175	 0.11822	-0.37714	 2.20636	 17.69624	
1814	 0.13384	-0.55690	-0.31242	-0.50295	-0.25172	-1.57241	-1.83988	-2.19877	-1.52776	 1.63236	-0.38401	-56.93268	 45.55887	-0.73066	-0.07086	-0.06502	 0.08284	-0.45815	 2.78120	 17.40289	
1815	-0.01017	-0.68858	-0.38948	-0.56632	-0.33157	-1.63058	-1.93143	-2.28638	-1.71922	 1.59959	-0.52463	-113.15486	 101.52081	-0.89410	-0.05799	-0.05706	 0.04750	-0.53640	 3.34120	 17.03236	
1816	-0.15134	-0.81568	-0.46161	-0.62577	-0.40732	-1.68151	-2.01775	-2.36851	-1.92871	 1.58907	-0.66198	-79.02119	 67.15255	-1.04940	-0.04443	-0.04794	 0.01287	-0.61095	 3.88164	 16.58402	
1817	-0.28921	-0.93779	-0.52826	-0.68130	-0.47863	-1.72449	-2.09853	-2.44481	-2.16396	 1.60918	-0.79495	 131.17895	-143.25470	-1.19584	-0.03041	-0.03774	-0.02044	-0.68086	 4.39787	 16.05810	
1818	-0.42332	-1.05445	-0.58892	-0.73306	-0.54527	-1.75872	-2.17342	-2.51492	-2.43605	 1.67136	-0.92251	 66.52800	-78.78104	-1.33272	-0.01616	-0.02655	-0.05188	-0.74522	 4.88537	 15.45558	
1819	-0.55315	-1.16515	-0.64316	-0.78139	-0.60714	-1.78324	-2.24203	-2.57843	-2.76118	 1.79173	-1.04364	 32.19225	-44.58981	-1.45933	-0.00194	-0.01448	-0.08095	-0.80314	 5.33978	 14.77814	
1820	-0.67820	-1.26929	-0.69058	-0.82681	-0.66435	-1.79689	-2.30381	-2.63486	-3.16349	 1.99383	-1.15737	 17.23654	-29.74191	-1.57499	 0.01202	-0.00163	-0.10731	-0.85378	 5.75698	 14.02799	
1821	-0.79796	-1.36624	-0.73085	-0.87013	-0.71723	-1.79819	-2.35801	-2.68355	-3.68011	 2.31331	-1.26281	 9.74019	-22.31125	-1.67904	 0.02545	 0.01192	-0.13075	-0.89630	 6.13314	 13.20780	
1822	-0.91196	-1.45523	-0.76373	-0.91254	-0.76646	-1.78516	-2.40348	-2.72358	-4.37023	 2.80670	-1.35912	 5.50413	-18.09104	-1.77087	 0.03810	 0.02608	-0.15127	-0.92991	 6.46472	 12.32052	
1823	-1.01979	-1.53537	-0.78905	-0.95580	-0.81324	-1.75510	-2.43840	-2.75349	-5.33270	 3.56823	-1.44557	 2.89594	-15.43743	-1.84990	 0.04973	 0.04083	-0.16919	-0.95386	 6.74858	 11.36919	
1824	-1.12118	-1.60556	-0.80685	-1.00247	-0.85954	-1.70413	-2.45974	-2.77089	-6.74235	 4.76508	-1.52150	 1.19717	-13.61427	-1.91561	 0.06012	 0.05619	-0.18527	-0.96744	 6.98199	 10.35688	
1825	-1.21605	-1.66435	-0.81754	-1.05639	-0.90863	-1.62663	-2.46230	-2.77156	-8.93179	 6.71712	-1.58638	 0.06214	-12.24756	-1.96753	 0.06910	 0.07230	-0.20097	-0.96998	 7.16264	 9.28679	
1826	-1.30472	-1.70970	-0.82234	-1.12321	-0.96591	-1.51440	-2.43690	-2.74793	-12.59691	 10.09900	-1.63981	-0.68038	-11.11935	-2.00518	 0.07666	 0.08946	-0.21884	-0.96101	 7.28871	 8.16335	
1827	-1.38819	-1.73865	-0.82430	-1.21100	-1.04018	-1.35616	-2.36709	-2.68605	-19.39355	 16.53175	-1.68158	-1.10554	-10.07710	-2.02809	 0.08316	 0.10819	-0.24307	-0.94038	 7.35883	 6.99611	
1828	-1.46836	-1.74705	-0.83048	-1.32950	-1.14474	-1.13914	-2.22462	-2.56124	-34.05535	 30.69636	-1.71169	-1.22483	-8.98828	-2.03565	 0.08980	 0.12915	-0.27990	-0.90899	 7.37192	 5.81110	
1829	-1.54785	-1.73052	-0.85470	-1.48377	-1.29443	-0.85912	-1.96868	-2.33650	-74.40476	 70.35771	-1.73024	-1.01229	-7.73016	-2.02714	 0.09938	 0.15265	-0.33600	-0.86987	 7.32684	 4.67642	
1830	-1.62727	-1.68927	-0.91508	-1.65595	-1.48869	-0.54516	-1.56902	-1.98198	-233.53341	 228.61494	-1.73709	-0.47320	-6.24945	-2.00197	 0.11610	 0.17692	-0.41083	-0.82888	 7.22192	 3.72719	
1831	-1.70006	-1.63514	-1.01403	-1.79179	-1.68488	-0.27062	-1.06399	-1.52829	 269.61172	-275.40443	-1.73122	 0.24570	-4.67994	-1.96081	 0.14145	 0.19688	-0.48609	-0.79050	 7.05579	 3.10328	
1832	-1.75450	-1.58536	-1.12109	-1.84015	-1.81775	-0.09102	-0.56200	-1.07301	 164.78214	-171.18287	-1.71131	 0.90326	-3.27883	-1.90579	 0.16984	 0.20766	-0.53600	-0.75088	 6.82966	 2.78884	
1833	-1.78463	-1.54609	-1.20043	-1.80166	-1.86123	 0.01059	-0.13696	-0.68664	 56.50237	-63.14249	-1.67710	 1.38225	-2.16469	-1.83884	 0.19359	 0.20923	-0.55245	-0.70159	 6.54746	 2.62898	
1834	-1.79226	-1.51281	-1.23869	-1.70641	-1.83130	 0.07937	 0.21002	-0.37312	 26.26976	-32.85209	-1.62929	 1.71445	-1.28627	-1.76071	 0.20933	 0.20442	-0.54342	-0.63811	 6.21350	 2.50133	
1835	-1.78148	-1.47975	-1.23845	-1.57994	-1.75215	 0.14508	 0.50461	-0.10977	 14.33570	-20.66678	-1.56883	 1.96567	-0.55646	-1.67162	 0.21719	 0.19570	-0.51850	-0.56020	 5.83176	 2.36390	
1836	-1.75577	-1.44346	-1.20637	-1.43717	-1.64175	 0.21978	 0.76878	 0.12385	 8.55518	-14.51788	-1.49661	 2.18177	 0.08539	-1.57184	 0.21832	 0.18456	-0.48385	-0.46929	 5.40621	 2.21653	
1837	-1.71776	-1.40251	-1.14881	-1.28657	-1.51187	 0.30602	 1.01550	 0.34031	 5.38583	-10.91269	-1.41348	 2.38645	 0.67196	-1.46183	 0.21389	 0.17182	-0.44271	-0.36703	 4.94109	 2.06927	
1838	-1.66956	-1.35671	-1.07126	-1.13362	-1.37060	 0.40223	 1.25106	 0.54603	 3.50455	-8.56157	-1.32035	 2.58941	 1.21828	-1.34219	 0.20492	 0.15795	-0.39670	-0.25495	 4.44097	 1.92869	
1839	-1.61304	-1.30653	-0.97853	-0.98244	-1.22395	 0.50520	 1.47775	 0.74366	 2.32695	-6.90430	-1.21820	 2.79285	 1.72984	-1.21367	 0.19225	 0.14327	-0.34665	-0.13443	 3.91066	 1.79332	
1840	-1.54993	-1.25277	-0.87502	-0.83629	-1.07666	 0.61126	 1.69580	 0.93374	 1.56199	-5.66790	-1.10807	 2.99538	 2.20755	-1.07709	 0.17664	 0.12797	-0.29309	-0.00676	 3.35517	 1.65314	
1841	-1.48185	-1.19643	-0.76471	-0.69772	-0.93243	 0.71690	 1.90462	 1.11584	 1.05126	-4.70735	-0.99106	 3.19438	 2.65061	-0.93339	 0.15876	 0.11217	-0.23651	 0.12683	 2.77964	 1.49134	
1842	-1.41037	-1.13865	-0.65109	-0.56855	-0.79402	 0.81894	 2.10359	 1.28921	 0.70272	-3.93989	-0.86835	 3.38743	 3.05804	-0.78356	 0.13923	 0.09593	-0.17744	 0.26514	 2.18931	 1.28721	
1843	-1.33695	-1.08077	-0.53712	-0.44986	-0.66338	 0.91463	 2.29261	 1.45315	 0.46026	-3.31515	-0.74112	 3.57322	 3.42941	-0.62861	 0.11857	 0.07931	-0.11647	 0.40702	 1.58950	 1.01940	
1844	-1.26298	-1.02465	-0.42512	-0.34208	-0.54171	 1.00113	 2.47297	 1.60708	 0.28848	-2.80057	-0.61059	 3.75294	 3.76498	-0.46940	 0.09725	 0.06230	-0.05411	 0.55141	 0.98559	 0.66931	
1845	-1.18980	-0.97431	-0.31674	-0.24506	-0.42964	 1.07322	 2.65029	 1.75028	 0.16445	-2.37389	-0.47798	 3.93543	 4.06540	-0.30592	 0.07568	 0.04495	 0.00981	 0.69766	 0.38297	 0.22523	
1846	-1.11868	-0.95288	-0.21207	-0.15723	-0.32747	 1.09939	 2.86603	 1.87818	 0.07268	-2.01931	-0.34447	 4.19194	 4.32834	-0.12975	 0.05429	 0.02750	 0.08262	 0.84879	-0.21299	-0.29147	
1847	-1.02870	-1.06617	-0.08144	-0.09502	-0.08988	-0.18763	 0.09934	-0.06160	 0.24264	-1.43474	-0.21293	-0.21441	-0.29749	-0.10534	 0.00527	 0.00085	 0.56066	 0.40154	-0.78641	 11.32535	
1848	-0.97101	-0.96425	-0.03759	-0.08297	-0.04446	-0.06446	 0.03023	-0.02778	 0.12896	-1.26317	-0.08322	-0.37626	-0.12889	 0.02334	-0.01370	-0.01682	 0.59327	 0.48665	-1.35462	 12.53917	
1849	-0.91776	-0.91020	 0.00639	-0.06210	-0.00174	-0.01386	 0.05131	 0.00782	 0.03620	-1.12206	 0.04402	-0.37624	 0.03180	 0.17502	-0.03191	-0.03435	 0.63424	 0.58228	-1.90076	 13.77761	
1850	-0.87003	-0.86330	 0.04817	-0.04003	 0.03881	 0.02893	 0.07595	 0.04417	-0.03884	-1.00534	 0.16749	-0.36489	 0.17935	 0.32781	-0.04961	-0.05204	 0.66950	 0.67591	-2.41993	 14.98098	
1851	-0.82889	-0.82261	 0.08749	-0.01821	 0.07704	 0.06858	 0.09957	 0.08005	-0.09996	-0.90944	 0.28606	-0.35123	 0.31320	 0.47817	-0.06667	-0.06973	 0.69826	 0.76571	-2.90760	 16.12778	
1852	-0.79531	-0.78895	 0.12418	 0.00285	 0.11278	 0.10587	 0.12147	 0.11479	-0.15029	-0.83152	 0.39866	-0.33748	 0.43280	 0.62385	-0.08291	-0.08724	 0.72033	 0.85056	-3.35961	 17.20270	
1853	-0.77013	-0.76319	 0.15807	 0.02291	 0.14592	 0.14087	 0.14146	 0.14792	-0.19232	-0.76928	 0.50429	-0.32480	 0.53766	 0.76305	-0.09818	-0.10434	 0.73564	 0.92955	-3.77217	 18.19310	
1854	-0.75405	-0.74610	 0.18902	 0.04184	 0.17632	 0.17348	 0.15949	 0.17914	-0.22808	-0.72075	 0.60200	-0.31402	 0.62739	 0.89419	-0.11232	-0.12082	 0.74415	 1.00184	-4.14196	 19.08808	
1855	-0.74759	-0.73825	 0.21693	 0.05957	 0.20392	 0.20356	 0.17555	 0.20821	-0.25921	-0.68422	 0.69093	-0.30582	 0.70174	 1.01588	-0.12520	-0.13646	 0.74592	 1.06668	-4.46606	 19.87808	
1856	-0.75110	-0.74002	 0.24169	 0.07605	 0.22863	 0.23097	 0.18959	 0.23495	-0.28703	-0.65814	 0.77029	-0.30073	 0.76056	 1.12689	-0.13669	-0.15105	 0.74105	 1.12336	-4.74209	 20.55479	
1857	-0.76475	-0.75162	 0.26324	 0.09125	 0.25042	 0.25559	 0.20161	 0.25922	-0.31260	-0.64113	 0.83937	-0.29910	 0.80386	 1.22612	-0.14667	-0.16439	 0.72974	 1.17125	-4.96811	 21.11105	
1858	-0.78850	-0.77303	 0.28152	 0.10516	 0.26925	 0.27733	 0.21159	 0.28090	-0.33674	-0.63188	 0.89748	-0.30113	 0.83181	 1.31261	-0.15503	-0.17628	 0.71223	 1.20979	-5.14271	 21.54093	
1859	-0.82211	-0.80403	 0.29651	 0.11776	 0.28511	 0.29610	 0.21952	 0.29990	-0.36005	-0.62915	 0.94393	-0.30674	 0.84470	 1.38556	-0.16169	-0.18653	 0.68884	 1.23848	-5.26499	 21.83963	
1860	-0.86514	-0.84421	 0.30819	 0.12904	 0.29801	 0.31184	 0.22538	 0.31616	-0.38300	-0.63177	 0.97791	-0.31549	 0.84297	 1.44428	-0.16658	-0.19499	 0.65995	 1.25693	-5.33455	 22.00362	
1861	-0.91692	-0.89294	 0.31659	 0.13898	 0.30795	 0.32451	 0.22918	 0.32962	-0.40584	-0.63861	 0.99820	-0.32629	 0.82721	 1.48824	-0.16963	-0.20148	 0.62600	 1.26482	-5.35149	 22.03056	
1862	-0.97663	-0.94942	 0.32172	 0.14757	 0.31497	 0.33408	 0.23091	 0.34025	-0.42873	-0.64859	 1.00255	-0.33675	 0.79816	 1.51704	-0.17080	-0.20589	 0.58746	 1.26191	-5.31643	 21.91938	
1863	-1.04320	-1.01264	 0.32363	 0.15480	 0.31910	 0.34055	 0.23057	 0.34802	-0.45166	-0.66065	 0.98590	-0.34146	 0.75666	 1.53042	-0.17004	-0.20810	 0.54487	 1.24808	-5.23043	 21.67026	
1864	-1.11544	-1.08143	 0.32239	 0.16065	 0.32039	 0.34393	 0.22817	 0.35293	-0.47452	-0.67378	 0.93515	-0.32666	 0.70369	 1.52828	-0.16732	-0.20801	 0.49878	 1.22329	-5.09505	 21.28459	
1865	-1.19196	-1.15446	 0.31808	 0.16511	 0.31889	 0.34426	 0.22373	 0.35498	-0.49708	-0.68702	 0.81022	-0.25145	 0.64037	 1.51062	-0.16261	-0.20555	 0.44979	 1.18761	-4.91225	 20.76503	
1866	-1.27125	-1.23027	 0.31078	 0.16815	 0.31468	 0.34157	 0.21727	 0.35418	-0.51904	-0.69945	 0.46262	 0.03375	 0.56788	 1.47760	-0.15590	-0.20067	 0.39849	 1.14121	-4.68444	 20.11541	
1867	-1.35168	-1.30727	 0.30060	 0.16978	 0.30782	 0.33594	 0.20882	 0.35056	-0.53998	-0.71018	-0.75659	 1.17918	 0.48752	 1.42948	-0.14713	-0.19332	 0.34552	 1.08437	-4.41439	 19.34073	
1868	-1.43150	-1.38380	 0.28767	 0.16997	 0.29839	 0.32745	 0.19843	 0.34416	-0.55945	-0.71840	-4.24281	 4.58170	 0.40067	 1.36662	-0.13628	-0.18349	 0.29148	 1.01745	-4.10523	 18.44708	
1869	-1.50893	-1.45812	 0.27213	 0.16872	 0.28649	 0.31618	 0.18615	 0.33504	-0.57693	-0.72336	-3.85993	 4.10688	 0.30876	 1.28947	-0.12326	-0.17116	 0.23699	 0.94095	-3.76040	 17.44163	
1870	-1.58214	-1.52846	 0.25411	 0.16603	 0.27220	 0.30225	 0.17204	 0.32326	-0.59183	-0.72437	-1.77448	 1.92301	 0.21327	 1.19852	-0.10795	-0.15632	 0.18266	 0.85544	-3.38363	 16.33249	
1871	-1.64929	-1.59305	 0.23378	 0.16189	 0.25563	 0.28580	 0.15619	 0.30890	-0.60356	-0.72082	-1.12151	 1.16708	 0.11571	 1.09427	-0.09017	-0.13897	 0.12905	 0.76158	-2.97889	 15.12868	
1872	-1.70857	-1.65013	 0.21130	 0.15632	 0.23689	 0.26696	 0.13868	 0.29206	-0.61151	-0.71217	-0.92699	 0.86703	 0.01760	 0.97718	-0.06961	-0.11907	 0.07674	 0.66015	-2.55033	 13.84003	
1873	-1.75822	-1.69801	 0.18686	 0.14934	 0.21610	 0.24588	 0.11963	 0.27285	-0.61507	-0.69800	-0.86480	 0.69884	-0.07955	 0.84755	-0.04577	-0.09656	 0.02623	 0.55198	-2.10230	 12.47706	
1874	-1.79658	-1.73508	 0.16065	 0.14099	 0.19340	 0.22275	 0.09916	 0.25139	-0.61364	-0.67793	-0.84636	 0.57598	-0.17426	 0.70540	-0.01787	-0.07134	-0.02200	 0.43800	-1.63925	 11.05089	
1875	-1.82212	-1.75986	 0.13288	 0.13130	 0.16893	 0.19775	 0.07741	 0.22782	-0.60664	-0.65173	-0.84261	 0.47151	-0.26510	 0.55019	 0.01538	-0.04320	-0.06751	 0.31921	-1.16569	 9.57314	
1876	-1.83345	-1.77099	 0.10375	 0.12034	 0.14283	 0.17108	 0.05454	 0.20230	-0.59357	-0.61923	-0.84199	 0.37588	-0.35070	 0.38049	 0.05610	-0.01182	-0.10992	 0.19666	-0.68619	 8.05578	
1877	-1.82936	-1.76731	 0.07348	 0.10817	 0.11527	 0.14295	 0.03072	 0.17501	-0.57394	-0.58038	-0.83897	 0.28557	-0.42979	 0.19313	 0.10796	 0.02331	-0.14889	 0.07144	-0.20531	 6.51104	
1878	-1.80885	-1.74785	 0.04230	 0.09489	 0.08642	 0.11358	 0.00613	 0.14613	-0.54738	-0.53523	-0.83052	 0.19938	-0.50120	-0.01815	 0.17747	 0.06299	-0.18415	-0.05531	 0.27246	 4.95128	
1879	-1.77115	-1.71186	 0.01046	 0.08059	 0.05646	 0.08322	-0.01902	 0.11588	-0.51359	-0.48392	-0.81475	 0.11716	-0.56387	-0.26572	 0.27681	 0.10848	-0.21547	-0.18242	 0.74270	 3.38888	
1880	-1.71573	-1.65881	-0.02183	 0.06539	 0.02560	 0.05209	-0.04453	 0.08448	-0.47234	-0.42671	-0.79038	 0.03921	-0.61689	-0.57437	 0.42992	 0.16165	-0.24269	-0.30871	 1.20114	 1.83610	
1881	-1.64234	-1.58845	-0.05430	 0.04941	-0.00597	 0.02045	-0.07016	 0.05216	-0.42355	-0.36394	-0.75655	-0.03399	-0.65951	-0.99515	 0.68604	 0.22536	-0.26571	-0.43301	 1.64365	 0.30495	
1882	-1.55098	-1.50078	-0.08671	 0.03281	-0.03802	-0.01144	-0.09569	 0.01918	-0.36724	-0.29606	-0.71267	-0.10188	-0.69111	-1.63209	 1.14588	 0.30392	-0.28447	-0.55414	 2.06632	-1.19289	
1883	-1.44195	-1.39609	-0.11882	 0.01573	-0.07033	-0.04332	-0.12089	-0.01420	-0.30354	-0.22358	-0.65839	-0.16391	-0.71127	-2.64998	 1.96888	 0.40364	-0.29898	-0.67096	 2.46551	-2.64620	
1884	-1.31585	-1.27492	-0.15037	-0.00166	-0.10266	-0.07493	-0.14550	-0.04770	-0.23273	-0.14711	-0.59359	-0.21959	-0.71973	-3.93088	 3.02914	 0.53340	-0.30929	-0.78235	 2.83780	-4.04431	
1885	-1.17353	-1.13809	-0.18112	-0.01918	-0.13476	-0.10601	-0.16928	-0.08102	-0.15520	-0.06732	-0.51835	-0.26848	-0.71640	-3.98409	 2.82598	 0.70405	-0.31551	-0.88727	 3.18011	-5.37724	
1886	-1.01614	-0.98671	-0.21082	-0.03664	-0.16638	-0.13629	-0.19199	-0.11389	-0.07148	 0.01505	-0.43294	-0.31026	-0.70140	-2.25004	 0.79247	 0.92372	-0.31781	-0.98471	 3.48968	-6.63574	
1887	-0.84507	-0.82210	-0.23923	-0.05387	-0.19726	-0.16552	-0.21340	-0.14599	 0.01777	 0.09922	-0.33784	-0.34470	-0.67500	-0.87787	-0.91113	 1.18201	-0.31636	-1.07374	 3.76410	-7.81140	
1888	-0.66199	-0.64586	-0.26613	-0.07067	-0.22715	-0.19346	-0.23328	-0.17703	 0.11179	 0.18437	-0.23372	-0.37168	-0.63763	-0.26903	-1.81966	 1.41586	-0.31140	-1.15353	 4.00132	-8.89671	
1889	-0.46878	-0.45979	-0.29129	-0.08684	-0.25577	-0.21985	-0.25141	-0.20671	 0.20967	 0.26964	-0.12141	-0.39121	-0.58989	-0.02117	-2.19270	 1.48304	-0.30321	-1.22331	 4.19970	-9.88510	
1890	-0.26751	-0.26588	-0.31451	-0.10220	-0.28287	-0.24448	-0.26760	-0.23473	 0.31045	 0.35418	-0.00196	-0.40341	-0.53254	 0.08629	-2.10653	 1.23970	-0.29207	-1.28245	 4.35798	-10.77106	
1891	-0.06043	-0.06629	-0.33558	-0.11657	-0.30819	-0.26712	-0.28165	-0.26081	 0.41302	 0.43711	 0.12347	-0.40850	-0.46646	 0.13744	-1.67918	 0.72016	-0.27829	-1.33038	 4.47532	-11.55008	
1892	 0.15006	 0.13668	-0.35434	-0.12976	-0.33147	-0.28758	-0.29341	-0.28465	 0.51625	 0.51758	 0.25354	-0.40686	-0.39264	 0.16400	-1.15060	 0.13292	-0.26220	-1.36670	 4.55129	-12.21874	
1893	 0.36147	 0.34063	-0.37062	-0.14162	-0.35247	-0.30567	-0.30274	-0.30601	 0.61890	 0.59475	 0.38679	-0.39894	-0.31217	 0.17866	-0.70359	-0.35175	-0.24415	-1.39107	 4.58587	-12.77472	
1894	 0.57124	 0.54310	-0.38426	-0.15199	-0.37096	-0.32124	-0.30952	-0.32462	 0.71974	 0.66782	 0.52166	-0.38533	-0.22622	 0.18685	-0.38774	-0.68962	-0.22447	-1.40333	 4.57942	-13.21677	
1895	 0.77679	 0.74161	-0.39517	-0.16075	-0.38673	-0.33414	-0.31368	-0.34027	 0.81746	 0.73603	 0.65649	-0.36670	-0.13599	 0.19102	-0.18156	-0.90468	-0.20352	-1.40339	 4.53274	-13.54474	
1896	 0.97554	 0.93368	-0.40322	-0.16776	-0.39956	-0.34427	-0.31516	-0.35274	 0.91080	 0.79867	 0.78957	-0.34387	-0.04271	 0.19236	-0.05062	-1.03265	-0.18163	-1.39132	 4.44699	-13.75952	
1897	 1.16498	 1.11689	-0.40835	-0.17295	-0.40928	-0.35152	-0.31393	-0.36186	 0.99849	 0.85509	 0.91914	-0.31774	 0.05244	 0.19144	 0.03211	-1.10141	-0.15914	-1.36729	 4.32368	-13.86302	
1898	 1.34271	 1.28893	-0.41050	-0.17623	-0.41574	-0.35585	-0.31002	-0.36748	 1.07929	 0.90473	 1.04346	-0.28940	 0.14837	 0.18857	 0.08437	-1.12929	-0.13636	-1.33162	 4.16470	-13.85815	
1899	 1.50645	 1.44761	-0.40965	-0.17756	-0.41880	-0.35720	-0.30346	-0.36949	 1.15204	 0.94709	 1.16079	-0.26019	 0.24423	 0.18394	 0.11712	-1.12786	-0.11358	-1.28472	 3.97224	-13.74873	
1900	 1.65410	 1.59091	-0.40580	-0.17692	-0.41836	-0.35558	-0.29434	-0.36779	 1.21564	 0.98175	 1.26945	-0.23193	 0.33966	 0.17766	 0.13703	-1.10442	-0.09109	-1.22711	 3.74879	-13.53947	
1901	 1.78379	 1.71701	-0.39896	-0.17432	-0.41435	-0.35099	-0.28275	-0.36234	 1.26910	 1.00839	 1.36783	-0.20766	 0.43558	 0.16981	 0.14825	-1.06378	-0.06913	-1.15943	 3.49709	-13.23584	
1902	 1.89389	 1.82436	-0.38919	-0.16978	-0.40673	-0.34350	-0.26885	-0.35313	 1.31154	 1.02677	 1.45444	-0.19416	 0.53670	 0.16049	 0.15337	-1.00928	-0.04795	-1.08242	 3.22014	-12.84406	
1903	 1.98305	 1.91164	-0.37656	-0.16337	-0.39549	-0.33316	-0.25281	-0.34018	 1.34219	 1.03676	 1.52792	-0.21405	 0.66370	 0.14980	 0.15407	-0.94341	-0.02773	-0.99688	 2.92111	-12.37096	
1904	 2.05023	 1.97785	-0.36117	-0.15517	-0.38065	-0.32009	-0.23483	-0.32357	 1.36046	 1.03831	 1.58707	-0.41566	 0.96308	 0.13782	 0.15149	-0.86820	-0.00865	-0.90371	 2.60336	-11.82392	
1905	 2.09472	 2.02230	-0.34315	-0.14529	-0.36228	-0.30442	-0.21513	-0.30338	 1.36588	 1.03147	 1.63086	-18.14261	 18.77681	 0.12468	 0.14639	-0.78536	 0.00914	-0.80388	 2.27035	-11.21078	
1906	 2.11615	 2.04463	-0.32264	-0.13387	-0.34049	-0.28628	-0.19396	-0.27977	 1.35818	 1.01639	 1.65848	 1.19902	-0.49049	 0.11049	 0.13932	-0.69646	 0.02553	-0.69839	 1.92565	-10.53973	
1907	 2.11451	 2.04483	-0.29981	-0.12106	-0.31539	-0.26586	-0.17160	-0.25292	 1.33724	 0.99330	 1.66932	 0.86292	-0.09379	 0.09541	 0.13070	-0.60295	 0.04044	-0.58832	 1.57286	-9.81921	
1908	 2.09015	 2.02321	-0.27485	-0.10705	-0.28717	-0.24335	-0.14832	-0.22302	 1.30314	 0.96254	 1.66301	 0.84010	-0.02511	 0.07956	 0.12083	-0.50623	 0.05380	-0.47474	 1.21561	-9.05784	
1909	 2.04376	 1.98045	-0.24796	-0.09204	-0.25601	-0.21896	-0.12443	-0.19034	 1.25612	 0.92450	 1.63943	 0.84548	-0.00020	 0.06312	 0.10995	-0.40765	 0.06558	-0.35877	 0.85750	-8.26430	
1910	 1.97643	 1.91758	-0.21935	-0.07622	-0.22217	-0.19293	-0.10023	-0.15515	 1.19662	 0.87970	 1.59870	 0.85050	 0.00898	 0.04624	 0.09826	-0.30852	 0.07579	-0.24150	 0.50209	-7.44723	
1911	 1.88955	 1.83592	-0.18928	-0.05983	-0.18588	-0.16550	-0.07602	-0.11777	 1.12525	 0.82868	 1.54118	 0.84879	 0.00851	 0.02910	 0.08593	-0.21014	 0.08442	-0.12405	 0.15281	-6.61517	
1912	 1.78484	 1.73714	-0.15797	-0.04309	-0.14746	-0.13692	-0.05212	-0.07851	 1.04281	 0.77208	 1.46750	 0.83843	 0.00026	 0.01186	 0.07310	-0.11372	 0.09153	-0.00747	-0.18701	-5.77645	
1913	 1.66434	 1.62317	-0.12568	-0.02625	-0.10721	-0.10746	-0.02881	-0.03774	 0.95024	 0.71061	 1.37851	 0.81889	-0.01496	-0.00529	 0.05987	-0.02046	 0.09716	 0.10718	-0.51418	-4.93913	
1914	 1.53032	 1.49620	-0.09267	-0.00954	-0.06547	-0.07737	-0.00640	 0.00418	 0.84867	 0.64499	 1.27532	 0.79016	-0.03667	-0.02220	 0.04637	 0.06852	 0.10140	 0.21893	-0.82574	-4.11090	
1915	 1.38532	 1.35865	-0.05920	 0.00681	-0.02258	-0.04694	 0.01485	 0.04684	 0.73936	 0.57603	 1.15922	 0.75257	-0.06444	-0.03868	 0.03269	 0.15217	 0.10432	 0.32684	-1.11888	-3.29903	
1916	 1.23206	 1.21314	-0.02553	 0.02257	 0.02107	-0.01642	 0.03468	 0.08986	 0.62368	 0.50454	 1.03175	 0.70664	-0.09780	-0.05457	 0.01891	 0.22951	 0.10604	 0.43005	-1.39108	-2.51032	
1917	 1.07341	 1.06242	 0.00808	 0.03752	 0.06513	 0.01392	 0.05287	 0.13283	 0.50313	 0.43137	 0.89459	 0.65306	-0.13620	-0.06972	 0.00512	 0.29969	 0.10667	 0.52779	-1.64003	-1.75102	
1918	 0.91233	 0.90933	 0.04138	 0.05146	 0.10919	 0.04384	 0.06920	 0.17535	 0.37931	 0.35738	 0.74960	 0.59262	-0.17901	-0.08398	-0.00860	 0.36192	 0.10631	 0.61938	-1.86371	-1.02681	
1919	 0.75187	 0.75678	 0.07413	 0.06421	 0.15289	 0.07308	 0.08351	 0.21702	 0.25387	 0.28343	 0.59877	 0.52623	-0.22549	-0.09722	-0.02217	 0.41557	 0.10510	 0.70422	-2.06036	-0.34275	
1920	 0.59505	 0.60770	 0.10610	 0.07561	 0.19585	 0.10142	 0.09566	 0.25745	 0.12852	 0.21037	 0.44419	 0.45485	-0.27484	-0.10931	-0.03551	 0.46011	 0.10316	 0.78182	-2.22853	 0.29671	
1921	 0.44488	 0.46495	 0.13706	 0.08551	 0.23768	 0.12864	 0.10556	 0.29625	 0.00498	 0.13903	 0.28802	 0.37954	-0.32616	-0.12013	-0.04854	 0.49517	 0.10061	 0.85181	-2.36708	 0.88781	
1922	 0.30424	 0.33132	 0.16681	 0.09381	 0.27804	 0.15456	 0.11312	 0.33308	-0.11501	 0.07023	 0.13247	 0.30139	-0.37850	-0.12961	-0.06118	 0.52049	 0.09759	 0.91390	-2.47513	 1.42744	
1923	 0.17589	 0.20945	 0.19516	 0.10043	 0.31658	 0.17899	 0.11834	 0.36758	-0.22975	 0.00472	-0.02025	 0.22151	-0.43086	-0.13765	-0.07333	 0.53600	 0.09421	 0.96794	-2.55216	 1.91315	
1924	 0.06239	 0.10180	 0.22196	 0.10530	 0.35298	 0.20178	 0.12123	 0.39946	-0.33758	-0.05680	-0.16795	 0.14103	-0.48219	-0.14420	-0.08490	 0.54176	 0.09058	 1.01386	-2.59791	 2.34318	
1925	-0.03396	 0.01059	 0.24705	 0.10843	 0.38694	 0.22281	 0.12184	 0.42842	-0.43695	-0.11368	-0.30852	 0.06108	-0.53143	-0.14920	-0.09578	 0.53799	 0.08682	 1.05172	-2.61244	 2.71638	
1926	-0.11112	-0.06221	 0.27031	 0.10981	 0.41819	 0.24198	 0.12027	 0.45423	-0.52637	-0.16534	-0.43992	-0.01723	-0.57753	-0.15263	-0.10584	 0.52507	 0.08302	 1.08166	-2.59609	 3.03226	
1927	-0.16737	-0.11496	 0.29163	 0.10950	 0.44649	 0.25919	 0.11666	 0.47665	-0.60450	-0.21128	-0.56023	-0.09286	-0.61945	-0.15448	-0.11495	 0.50353	 0.07926	 1.10392	-2.54947	 3.29092	
1928	-0.20137	-0.14634	 0.31095	 0.10757	 0.47163	 0.27441	 0.11116	 0.49553	-0.67015	-0.25110	-0.66772	-0.16480	-0.65618	-0.15475	-0.12296	 0.47406	 0.07563	 1.11881	-2.47349	 3.49304	
1929	-0.21212	-0.15541	 0.32821	 0.10415	 0.49344	 0.28761	 0.10398	 0.51073	-0.72228	-0.28449	-0.76080	-0.23211	-0.68681	-0.15344	-0.12969	 0.43749	 0.07218	 1.12672	-2.36928	 3.63984	
1930	-0.19908	-0.14161	 0.34338	 0.09936	 0.51178	 0.29878	 0.09535	 0.52216	-0.76006	-0.31121	-0.83813	-0.29396	-0.71048	-0.15059	-0.13494	 0.39477	 0.06896	 1.12812	-2.23823	 3.73305	
1931	-0.16207	-0.10478	 0.35644	 0.09340	 0.52657	 0.30795	 0.08554	 0.52978	-0.78286	-0.33116	-0.89858	-0.34960	-0.72645	-0.14623	-0.13847	 0.34701	 0.06602	 1.12351	-2.08192	 3.77483	
1932	-0.10137	-0.04516	 0.36743	 0.08644	 0.53775	 0.31516	 0.07480	 0.53358	-0.79026	-0.34431	-0.94128	-0.39840	-0.73412	-0.14038	-0.14001	 0.29539	 0.06337	 1.11341	-1.90214	 3.76778	
1933	-0.01769	 0.03657	 0.37637	 0.07872	 0.54529	 0.32049	 0.06346	 0.53361	-0.78207	-0.35073	-0.96563	-0.43982	-0.73307	-0.13309	-0.13924	 0.24121	 0.06103	 1.09840	-1.70087	 3.71485	
1934	 0.08785	 0.13935	 0.38332	 0.07047	 0.54922	 0.32403	 0.05180	 0.52994	-0.75833	-0.35062	-0.97131	-0.47350	-0.72307	-0.12436	-0.13579	 0.18586	 0.05898	 1.07904	-1.48022	 3.61933	
1935	 0.21371	 0.26172	 0.38835	 0.06195	 0.54962	 0.32587	 0.04015	 0.52272	-0.71934	-0.34423	-0.95828	-0.49915	-0.70414	-0.11418	-0.12918	 0.13077	 0.05722	 1.05589	-1.24243	 3.48476	
1936	 0.35797	 0.40182	 0.39156	 0.05343	 0.54656	 0.32615	 0.02883	 0.51209	-0.66561	-0.33193	-0.92681	-0.51666	-0.67662	-0.10249	-0.11887	 0.07742	 0.05572	 1.02949	-0.98985	 3.31490	
1937	 0.51834	 0.55749	 0.39304	 0.04518	 0.54020	 0.32501	 0.01815	 0.49827	-0.59791	-0.31417	-0.87744	-0.52602	-0.64120	-0.08911	-0.10417	 0.02731	 0.05444	 1.00034	-0.72492	 3.11369	
1938	 0.69219	 0.72620	 0.39293	 0.03748	 0.53069	 0.32257	 0.00842	 0.48149	-0.51720	-0.29147	-0.81100	-0.52737	-0.59910	-0.07374	-0.08421	-0.01805	 0.05335	 0.96891	-0.45010	 2.88518	
1939	 0.87662	 0.90516	 0.39133	 0.03061	 0.51824	 0.31902	-0.00005	 0.46201	-0.42468	-0.26443	-0.72856	-0.52094	-0.55221	-0.05579	-0.05789	-0.05717	 0.05240	 0.93560	-0.16791	 2.63350	
1940	 1.06848	 1.09135	 0.38839	 0.02484	 0.50308	 0.31449	-0.00700	 0.44012	-0.32176	-0.23373	-0.63144	-0.50713	-0.50342	-0.03416	-0.02379	-0.08863	 0.05153	 0.90075	 0.11913	 2.36280	
1941	 1.26439	 1.28154	 0.38424	 0.02042	 0.48544	 0.30917	-0.01217	 0.41613	-0.20999	-0.20013	-0.52115	-0.48639	-0.45720	-0.00687	 0.02002	-0.11105	 0.05069	 0.86462	 0.40852	 2.07722	
1942	 1.46087	 1.47238	 0.37902	 0.01760	 0.46562	 0.30320	-0.01531	 0.39038	-0.09110	-0.16452	-0.39931	-0.45931	-0.42072	 0.02994	 0.07613	-0.12315	 0.04983	 0.82741	 0.69782	 1.78083	
1943	 1.65433	 1.66040	 0.37288	 0.01660	 0.44388	 0.29674	-0.01624	 0.36318	 0.03306	-0.12808	-0.26747	-0.42654	-0.40649	 0.08423	 0.14821	-0.12374	 0.04889	 0.78924	 0.98462	 1.47760	
1944	 1.84115	 1.84213	 0.36595	 0.01761	 0.42053	 0.28996	-0.01478	 0.33489	 0.16051	-0.09264	-0.12668	-0.38881	-0.43892	 0.17406	 0.24153	-0.11178	 0.04783	 0.75011	 1.26661	 1.17137	
1945	 2.01774	 2.01411	 0.35835	 0.02080	 0.39586	 0.28298	-0.01080	 0.30585	 0.28925	-0.06211	 0.02401	-0.34692	-0.57470	 0.34700	 0.36400	-0.08637	 0.04659	 0.71000	 1.54157	 0.86579	
1946	 2.18060	 2.17297	 0.35023	 0.02631	 0.37020	 0.27595	-0.00420	 0.27639	 0.41720	-0.04862	 0.19366	-0.30168	-0.98522	 0.76078	 0.52791	-0.04675	 0.04515	 0.66878	 1.80740	 0.56430	
1947	 2.32639	 2.31548	 0.34169	 0.03423	 0.34383	 0.26899	 0.00505	 0.24684	 0.54228	-0.10889	 0.43591	-0.25396	-2.48171	 2.20505	 0.75335	 0.00764	 0.04347	 0.62625	 2.06209	 0.27014	
1948	 2.45197	 2.43859	 0.33285	 0.04462	 0.31706	 0.26219	 0.01699	 0.21752	 0.66244	-0.65330	 1.15812	-0.20462	-16.38439	 15.96375	 1.07498	 0.07718	 0.04153	 0.58217	 2.30381	-0.01375	
1949	 2.55446	 2.53953	 0.32379	 0.05750	 0.29017	 0.25565	 0.03156	 0.18871	 0.77571	-1.81943	 2.49490	-0.15452	 54.91900	-55.64144	 1.55712	 0.16207	 0.03931	 0.53626	 2.53082	-0.28468	
1950	 2.63129	 2.61581	 0.31461	 0.07284	 0.26344	 0.24943	 0.04871	 0.16070	 0.88017	 0.20481	 0.63134	-0.10452	 4.28773	-5.60226	 2.33046	 0.26230	 0.03683	 0.48821	 2.74153	-0.54028	
1951	 2.68026	 2.66527	 0.30536	 0.09058	 0.23711	 0.24359	 0.06830	 0.13372	 0.97406	 0.70351	 0.28070	-0.05544	 1.57971	-4.07919	 3.69567	 0.37763	 0.03408	 0.43772	 2.93445	-0.77847	
1952	 2.69957	 2.68617	 0.29610	 0.11060	 0.21141	 0.23816	 0.09017	 0.10800	 1.05577	 0.88634	 0.23089	-0.00804	 0.86834	-5.97426	 6.47947	 0.50764	 0.03109	 0.38453	 3.10820	-0.99749	
1953	 2.68786	 2.67715	 0.28688	 0.13274	 0.18656	 0.23314	 0.11412	 0.08371	 1.12386	 1.00389	 0.22913	 0.03696	 0.57633	-12.72836	 13.69807	 0.65170	 0.02789	 0.32850	 3.26143	-1.19590	
1954	 2.64422	 2.63733	 0.27771	 0.15679	 0.16272	 0.22854	 0.13990	 0.06102	 1.17711	 1.09306	 0.23665	 0.07890	 0.42644	-42.84172	 44.12699	 0.80896	 0.02453	 0.26968	 3.39275	-1.37261	
1955	 2.56825	 2.56627	 0.26860	 0.18253	 0.14005	 0.22431	 0.16724	 0.04003	 1.21452	 1.16134	 0.24437	 0.11720	 0.33802	-469.71688	 471.24749	 0.97838	 0.02108	 0.20847	 3.50057	-1.52680	
1956	 2.46003	 2.46402	 0.25953	 0.20964	 0.11865	 0.22042	 0.19581	 0.02083	 1.23533	 1.21038	 0.24946	 0.15137	 0.28042	 89.17906	-87.44457	 1.15873	 0.01761	 0.14595	 3.58283	-1.65800	
1957	 2.32016	 2.33111	 0.25050	 0.23783	 0.09862	 0.21679	 0.22527	 0.00347	 1.23905	 1.24038	 0.25084	 0.18100	 0.23985	 19.03798	-17.12912	 1.34860	 0.01423	 0.08440	 3.63641	-1.76601	
1958	 2.14974	 2.16858	 0.24145	 0.26671	 0.08001	 0.21334	 0.25524	-0.01204	 1.22548	 1.25126	 0.24812	 0.20578	 0.20936	 7.75855	-5.69962	 1.54640	 0.01106	 0.02847	 3.65599	-1.85094	
1959	 1.95035	 1.97790	 0.23234	 0.29592	 0.06284	 0.20998	 0.28531	-0.02572	 1.19465	 1.24305	 0.24120	 0.22549	 0.18513	 4.10966	-1.92278	 1.75041	 0.00826	-0.01220	 3.63146	-1.91314	
1960	 1.72405	 1.76102	 0.22310	 0.32502	 0.04710	 0.20658	 0.31508	-0.03761	 1.14690	 1.21598	 0.23014	 0.24000	 0.16493	 2.51453	-0.22111	 1.95872	 0.00603	-0.01678	 3.54167	-1.95322	
1961	 1.47334	 1.52031	 0.21366	 0.35358	 0.03274	 0.20303	 0.34410	-0.04780	 1.08282	 1.17052	 0.21512	 0.24930	 0.14741	 1.69256	 0.68600	 2.16932	 0.00461	 0.06326	 3.33790	-1.97199	
1962	 1.20114	 1.25854	 0.20394	 0.38116	 0.01971	 0.19920	 0.37194	-0.05640	 1.00329	 1.10745	 0.19644	 0.25346	 0.13174	 1.22446	 1.21749	 2.38009	 0.00437	 0.35277	 2.89525	-1.97049	
1963	 0.91072	 0.97882	 0.19383	 0.40729	 0.00790	 0.19493	 0.39814	-0.06353	 0.90941	 1.02781	 0.17442	 0.25264	 0.11736	 0.94059	 1.54251	 2.58877	 0.00578	 1.21102	 1.85446	-1.94988	
1964	 0.60568	 0.68459	 0.18326	 0.43149	-0.00280	 0.19009	 0.42227	-0.06935	 0.80252	 0.93292	 0.14949	 0.24710	 0.10394	 0.76178	 1.73977	 2.79303	 0.00953	 3.74941	-0.89582	-1.91151	
1965	 0.28986	 0.37953	 0.17210	 0.45332	-0.01253	 0.18452	 0.44389	-0.07403	 0.68416	 0.82433	 0.12209	 0.23718	 0.09128	 0.64703	 1.84986	 2.99046	 0.01663	 10.53032	-7.91807	-1.85682	
1966	-0.03267	 0.06752	 0.16027	 0.47231	-0.02144	 0.17809	 0.46258	-0.07775	 0.55608	 0.70382	 0.09271	 0.22328	 0.07925	 0.57337	 1.89548	 3.17858	 0.02870	 17.68363	-15.34262	-1.78733	
1967	-0.35772	-0.24741	 0.14766	 0.48803	-0.02970	 0.17064	 0.47794	-0.08071	 0.42016	 0.57335	 0.06190	 0.20588	 0.06779	 0.52706	 1.89028	 3.35485	 0.04835	 12.87421	-10.83554	-1.70463	
1968	-0.68102	-0.56116	 0.13417	 0.50007	-0.03748	 0.16205	 0.48961	-0.08311	 0.27841	 0.43505	 0.03018	 0.18552	 0.05689	 0.49944	 1.84297	 3.51666	 0.08009	 7.38867	-5.68633	-1.61034	
1969	-0.99829	-0.86963	 0.11971	 0.50803	-0.04497	 0.15218	 0.49723	-0.08515	 0.13292	 0.29115	-0.00187	 0.16276	 0.04656	 0.48482	 1.75955	 3.66138	 0.13218	 4.85088	-3.52520	-1.50612	
1970	-1.30532	-1.16874	 0.10418	 0.51156	-0.05235	 0.14092	 0.50051	-0.08704	-0.01416	 0.14399	-0.03369	 0.13823	 0.03683	 0.47927	 1.64441	 3.78633	 0.22088	 3.60358	-2.70900	-1.39361	
1971	-1.59803	-1.45457	 0.08752	 0.51037	-0.05981	 0.12817	 0.49919	-0.08898	-0.16066	-0.00407	-0.06473	 0.11255	 0.02773	 0.48005	 1.50103	 3.88880	 0.38107	 2.78912	-2.41250	-1.27442	
1972	-1.87253	-1.72336	 0.06966	 0.50418	-0.06751	 0.11384	 0.49306	-0.09116	-0.30445	-0.15069	-0.09446	 0.08637	 0.01933	 0.48511	 1.33236	 3.96606	 0.69627	 2.02382	-2.33283	-1.15014	
1973	-2.12519	-1.97158	 0.05054	 0.49278	-0.07564	 0.09787	 0.48195	-0.09377	-0.44343	-0.29354	-0.12234	 0.06032	 0.01166	 0.49295	 1.14103	 4.01534	 1.39610	 0.96262	-2.35149	-1.02233	
1974	-2.35272	-2.19601	 0.03013	 0.47604	-0.08433	 0.08021	 0.46575	-0.09698	-0.57562	-0.43039	-0.14792	 0.03502	 0.00479	 0.50241	 0.92954	 4.03389	 3.23099	-1.19370	-2.41633	-0.89248	
1975	-2.55217	-2.39381	 0.00841	 0.45384	-0.09374	 0.06083	 0.44443	-0.10093	-0.69916	-0.55914	-0.17074	 0.01107	-0.00125	 0.51259	 0.70032	 4.01895	 9.09671	-7.36338	-2.50123	-0.76206	
1976	-2.72105	-2.56249	-0.01462	 0.42618	-0.10398	 0.03974	 0.41799	-0.10578	-0.81235	-0.67783	-0.19043	-0.01099	-0.00642	 0.52279	 0.45578	 3.96778	 27.17612	-25.74027	-2.59120	-0.63245	
1977	-2.85730	-2.70004	-0.03894	 0.39307	-0.11516	 0.01695	 0.38651	-0.11162	-0.91369	-0.78473	-0.20665	-0.03065	-0.01068	 0.53246	 0.19837	 3.87769	 31.65672	-30.51745	-2.67638	-0.50502	
1978	-2.95937	-2.80491	-0.06452	 0.35464	-0.12735	-0.00749	 0.35011	-0.11856	-1.00189	-0.87830	-0.21915	-0.04748	-0.01401	 0.54115	-0.06945	 3.74606	 11.74027	-10.89955	-2.74938	-0.38107	
1979	-3.02626	-2.87605	-0.09129	 0.31105	-0.14061	-0.03350	 0.30899	-0.12665	-1.07589	-0.95727	-0.22773	-0.06110	-0.01642	 0.54855	-0.34515	 3.57041	 4.26818	-3.72932	-2.80405	-0.26186	
1980	-3.05749	-2.91292	-0.11918	 0.26254	-0.15497	-0.06100	 0.26342	-0.13595	-1.13492	-1.02065	-0.23226	-0.07123	-0.01789	 0.55440	-0.62617	 3.34839	 1.81673	-1.58364	-2.83487	-0.14862	
1981	-3.05312	-2.91555	-0.14808	 0.20942	-0.17043	-0.08985	 0.21370	-0.14648	-1.17845	-1.06774	-0.23270	-0.07765	-0.01845	 0.55853	-0.90991	 3.07794	 0.72664	-0.80330	-2.83674	-0.04250	
1982	-3.01379	-2.88444	-0.17787	 0.15206	-0.18697	-0.11992	 0.16019	-0.15821	-1.20623	-1.09813	-0.22906	-0.08023	-0.01812	 0.56083	-1.19373	 2.75727	 0.07197	-0.46215	-2.80484	 0.05537	
1983	-2.94068	-2.82067	-0.20842	 0.09089	-0.20453	-0.15104	 0.10333	-0.17111	-1.21831	-1.11175	-0.22144	-0.07892	-0.01694	 0.56125	-1.47495	 2.38504	-0.41750	-0.28966	-2.73469	 0.14391	
1984	-2.83547	-2.72580	-0.23955	 0.02640	-0.22304	-0.18303	 0.04357	-0.18513	-1.21501	-1.10880	-0.21002	-0.07378	-0.01496	 0.55979	-1.75085	 1.96046	-0.83578	-0.19140	-2.62218	 0.22214	
1985	-2.70038	-2.60187	-0.27111	-0.04087	-0.24239	-0.21568	-0.01857	-0.20017	-1.19693	-1.08984	-0.19502	-0.06493	-0.01225	 0.55650	-2.01868	 1.48340	-1.22059	-0.12930	-2.46376	 0.28916	
1986	-2.53805	-2.45139	-0.30289	-0.11036	-0.26247	-0.24877	-0.08256	-0.21611	-1.16492	-1.05568	-0.17674	-0.05256	-0.00888	 0.55147	-2.27564	 0.95463	-1.58889	-0.08614	-2.25658	 0.34421	
1987	-2.35157	-2.27727	-0.33471	-0.18142	-0.28313	-0.28206	-0.14782	-0.23284	-1.12009	-1.00743	-0.15553	-0.03697	-0.00492	 0.54483	-2.51885	 0.37615	-1.94932	-0.05343	-1.99871	 0.38665	
1988	-2.14440	-2.08278	-0.36633	-0.25342	-0.30419	-0.31532	-0.21375	-0.25018	-1.06374	-0.94645	-0.13181	-0.01848	-0.00047	 0.53675	-2.74531	-0.24803	-2.30762	-0.02669	-1.68934	 0.41608	
1989	-1.92029	-1.87152	-0.39755	-0.32567	-0.32549	-0.34829	-0.27973	-0.26796	-0.99741	-0.87434	-0.10601	 0.00249	 0.00438	 0.52740	-2.95184	-0.90804	-2.67242	-0.00338	-1.32901	 0.43230	
1990	-1.68328	-1.64731	-0.42813	-0.39748	-0.34681	-0.38070	-0.34515	-0.28600	-0.92276	-0.79290	-0.07860	 0.02549	 0.00954	 0.51701	-3.13499	-1.54720	-3.09706	 0.01793	-0.91985	 0.43544	
1991	-1.43756	-1.41421	-0.45785	-0.46815	-0.36796	-0.41230	-0.40938	-0.30409	-0.84163	-0.70407	-0.05010	 0.05005	 0.01490	 0.50581	-3.29091	 210.74037	-216.48258	 0.03810	-0.46570	 0.42591	
1992	-1.18748	-1.17637	-0.48648	-0.53699	-0.38871	-0.44282	-0.47180	-0.32203	-0.75592	-0.60993	-0.02101	 0.07563	 0.02037	 0.49405	-3.41511	-3.88164	-2.98665	 0.05762	 0.02767	 0.40450	
1993	-0.93739	-0.93799	-0.51379	-0.60330	-0.40885	-0.47202	-0.53180	-0.33959	-0.66762	-0.51266	 0.00814	 0.10172	 0.02583	 0.48198	-3.50218	-4.14193	-3.87380	 0.07672	 0.55255	 0.37238	
1994	-0.69166	-0.70330	-0.53956	-0.66641	-0.42817	-0.49963	-0.58878	-0.35655	-0.57871	-0.41446	 0.03684	 0.12777	 0.03120	 0.46986	-3.54537	-4.50150	-4.67616	 0.09549	 1.09928	 0.33111	
1995	-0.45455	-0.47640	-0.56358	-0.72568	-0.44644	-0.52543	-0.64220	-0.37271	-0.49118	-0.31753	 0.06457	 0.15324	 0.03638	 0.45796	-3.53602	-4.89367	-5.45412	 0.11384	 1.65642	 0.28260	
1996	-0.23013	-0.26127	-0.58565	-0.78049	-0.46346	-0.54918	-0.69151	-0.38784	-0.40697	-0.22402	 0.09086	 0.17763	 0.04127	 0.44651	-3.46282	-5.31846	-6.20307	 0.13162	 2.21095	 0.22912	
1997	-0.02226	-0.06167	-0.60557	-0.83029	-0.47903	-0.57067	-0.73623	-0.40175	-0.32790	-0.13601	 0.11524	 0.20044	 0.04580	 0.43576	-3.31114	-5.78625	-6.91067	 0.14856	 2.74869	 0.17316	
1998	 0.16550	 0.11892	-0.62318	-0.87454	-0.49297	-0.58971	-0.77590	-0.41425	-0.25568	-0.05542	 0.13731	 0.22121	 0.04989	 0.42594	-3.06304	-6.31251	-7.56272	 0.16433	 3.25480	 0.11739	
1999	 0.32995	 0.27737	-0.63833	-0.91280	-0.50511	-0.60614	-0.81013	-0.42516	-0.19187	 0.01598	 0.15667	 0.23953	 0.05347	 0.41726	-2.69948	-6.91446	-8.14474	 0.17855	 3.71438	 0.06452	
2000	 0.46830	 0.41091	-0.65087	-0.94465	-0.51531	-0.61980	-0.83858	-0.43435	-0.13782	 0.07662	 0.17299	 0.25504	 0.05647	 0.40989	-2.20875	-7.60239	-8.64290	 0.19081	 4.11319	 0.01719	
2001	 0.57821	 0.51722	-0.66070	-0.96975	-0.52344	-0.63056	-0.86095	-0.44166	-0.09467	 0.12520	 0.18601	 0.26743	 0.05887	 0.40399	-1.60648	-8.35952	-9.04471	 0.20071	 4.43829	-0.02224	
2002	 0.65785	 0.59447	-0.66772	-0.98786	-0.52941	-0.63835	-0.87703	-0.44702	-0.06332	 0.16065	 0.19549	 0.27646	 0.06060	 0.39970	-0.96862	-9.10902	-9.33966	 0.20785	 4.67883	-0.05174	
2003	 0.70589	 0.64129	-0.67188	-0.99877	-0.53315	-0.64308	-0.88664	-0.45033	-0.04442	 0.18219	 0.20129	 0.28196	 0.06165	 0.39709	-0.45303	-9.69241	-9.51983	 0.21192	 4.82657	-0.06978	
2004	 0.72157	 0.65687	-0.67311	-1.00237	-0.53461	-0.64471	-0.88969	-0.45154	-0.03834	 0.18936	 0.20329	 0.28382	 0.06199	 0.39624	-0.25053	-9.91846	-9.58025	 0.21266	 4.87643	-0.07545	
