# E (eV)   doscond(E)
   -7.000000000    0.002599827
   -6.999000000    0.002593673
   -6.998000000    0.002587614
   -6.997000000    0.002581650
   -6.996000000    0.002575778
   -6.995000000    0.002570000
   -6.994000000    0.002564313
   -6.993000000    0.002558718
   -6.992000000    0.002553212
   -6.991000000    0.002547796
   -6.990000000    0.002542468
   -6.989000000    0.002537228
   -6.988000000    0.002532075
   -6.987000000    0.002527008
   -6.986000000    0.002522026
   -6.985000000    0.002517129
   -6.984000000    0.002512316
   -6.983000000    0.002507587
   -6.982000000    0.002502939
   -6.981000000    0.002498374
   -6.980000000    0.002493890
   -6.979000000    0.002489486
   -6.978000000    0.002485163
   -6.977000000    0.002480918
   -6.976000000    0.002476753
   -6.975000000    0.002472665
   -6.974000000    0.002468654
   -6.973000000    0.002464721
   -6.972000000    0.002460864
   -6.971000000    0.002457082
   -6.970000000    0.002453375
   -6.969000000    0.002449744
   -6.968000000    0.002446186
   -6.967000000    0.002442701
   -6.966000000    0.002439290
   -6.965000000    0.002435951
   -6.964000000    0.002432684
   -6.963000000    0.002429488
   -6.962000000    0.002426364
   -6.961000000    0.002423309
   -6.960000000    0.002420325
   -6.959000000    0.002417411
   -6.958000000    0.002414566
   -6.957000000    0.002411789
   -6.956000000    0.002409081
   -6.955000000    0.002406441
   -6.954000000    0.002403868
   -6.953000000    0.002401362
   -6.952000000    0.002398923
   -6.951000000    0.002396550
   -6.950000000    0.002394243
   -6.949000000    0.002392001
   -6.948000000    0.002389825
   -6.947000000    0.002387713
   -6.946000000    0.002385666
   -6.945000000    0.002383683
   -6.944000000    0.002381764
   -6.943000000    0.002379908
   -6.942000000    0.002378116
   -6.941000000    0.002376386
   -6.940000000    0.002374719
   -6.939000000    0.002373114
   -6.938000000    0.002371571
   -6.937000000    0.002370089
   -6.936000000    0.002368670
   -6.935000000    0.002367311
   -6.934000000    0.002366013
   -6.933000000    0.002364775
   -6.932000000    0.002363598
   -6.931000000    0.002362481
   -6.930000000    0.002361424
   -6.929000000    0.002360427
   -6.928000000    0.002359489
   -6.927000000    0.002358610
   -6.926000000    0.002357791
   -6.925000000    0.002357030
   -6.924000000    0.002356327
   -6.923000000    0.002355683
   -6.922000000    0.002355098
   -6.921000000    0.002354570
   -6.920000000    0.002354100
   -6.919000000    0.002353688
   -6.918000000    0.002353334
   -6.917000000    0.002353037
   -6.916000000    0.002352797
   -6.915000000    0.002352614
   -6.914000000    0.002352488
   -6.913000000    0.002352419
   -6.912000000    0.002352407
   -6.911000000    0.002352451
   -6.910000000    0.002352552
   -6.909000000    0.002352709
   -6.908000000    0.002352922
   -6.907000000    0.002353192
   -6.906000000    0.002353517
   -6.905000000    0.002353899
   -6.904000000    0.002354336
   -6.903000000    0.002354830
   -6.902000000    0.002355379
   -6.901000000    0.002355983
   -6.900000000    0.002356643
   -6.899000000    0.002357359
   -6.898000000    0.002358131
   -6.897000000    0.002358957
   -6.896000000    0.002359840
   -6.895000000    0.002360777
   -6.894000000    0.002361770
   -6.893000000    0.002362819
   -6.892000000    0.002363922
   -6.891000000    0.002365081
   -6.890000000    0.002366296
   -6.889000000    0.002367565
   -6.888000000    0.002368890
   -6.887000000    0.002370270
   -6.886000000    0.002371706
   -6.885000000    0.002373197
   -6.884000000    0.002374743
   -6.883000000    0.002376345
   -6.882000000    0.002378002
   -6.881000000    0.002379714
   -6.880000000    0.002381482
   -6.879000000    0.002383306
   -6.878000000    0.002385186
   -6.877000000    0.002387121
   -6.876000000    0.002389111
   -6.875000000    0.002391158
   -6.874000000    0.002393260
   -6.873000000    0.002395419
   -6.872000000    0.002397633
   -6.871000000    0.002399904
   -6.870000000    0.002402231
   -6.869000000    0.002404615
   -6.868000000    0.002407054
   -6.867000000    0.002409551
   -6.866000000    0.002412104
   -6.865000000    0.002414714
   -6.864000000    0.002417381
   -6.863000000    0.002420105
   -6.862000000    0.002422886
   -6.861000000    0.002425725
   -6.860000000    0.002428621
   -6.859000000    0.002431575
   -6.858000000    0.002434587
   -6.857000000    0.002437657
   -6.856000000    0.002440785
   -6.855000000    0.002443972
   -6.854000000    0.002447217
   -6.853000000    0.002450521
   -6.852000000    0.002453884
   -6.851000000    0.002457306
   -6.850000000    0.002460787
   -6.849000000    0.002464328
   -6.848000000    0.002467929
   -6.847000000    0.002471590
   -6.846000000    0.002475311
   -6.845000000    0.002479093
   -6.844000000    0.002482935
   -6.843000000    0.002486839
   -6.842000000    0.002490804
   -6.841000000    0.002494830
   -6.840000000    0.002498918
   -6.839000000    0.002503068
   -6.838000000    0.002507281
   -6.837000000    0.002511556
   -6.836000000    0.002515895
   -6.835000000    0.002520296
   -6.834000000    0.002524761
   -6.833000000    0.002529290
   -6.832000000    0.002533884
   -6.831000000    0.002538541
   -6.830000000    0.002543264
   -6.829000000    0.002548052
   -6.828000000    0.002552906
   -6.827000000    0.002557825
   -6.826000000    0.002562811
   -6.825000000    0.002567864
   -6.824000000    0.002572983
   -6.823000000    0.002578170
   -6.822000000    0.002583425
   -6.821000000    0.002588748
   -6.820000000    0.002594140
   -6.819000000    0.002599601
   -6.818000000    0.002605132
   -6.817000000    0.002610732
   -6.816000000    0.002616403
   -6.815000000    0.002622144
   -6.814000000    0.002627957
   -6.813000000    0.002633842
   -6.812000000    0.002639799
   -6.811000000    0.002645829
   -6.810000000    0.002651932
   -6.809000000    0.002658108
   -6.808000000    0.002664359
   -6.807000000    0.002670685
   -6.806000000    0.002677086
   -6.805000000    0.002683563
   -6.804000000    0.002690116
   -6.803000000    0.002696746
   -6.802000000    0.002703453
   -6.801000000    0.002710239
   -6.800000000    0.002717104
   -6.799000000    0.002724047
   -6.798000000    0.002731071
   -6.797000000    0.002738175
   -6.796000000    0.002745360
   -6.795000000    0.002752627
   -6.794000000    0.002759976
   -6.793000000    0.002767408
   -6.792000000    0.002774925
   -6.791000000    0.002782525
   -6.790000000    0.002790211
   -6.789000000    0.002797982
   -6.788000000    0.002805840
   -6.787000000    0.002813786
   -6.786000000    0.002821819
   -6.785000000    0.002829941
   -6.784000000    0.002838153
   -6.783000000    0.002846455
   -6.782000000    0.002854848
   -6.781000000    0.002863333
   -6.780000000    0.002871910
   -6.779000000    0.002880581
   -6.778000000    0.002889347
   -6.777000000    0.002898208
   -6.776000000    0.002907165
   -6.775000000    0.002916219
   -6.774000000    0.002925371
   -6.773000000    0.002934622
   -6.772000000    0.002943973
   -6.771000000    0.002953424
   -6.770000000    0.002962978
   -6.769000000    0.002972633
   -6.768000000    0.002982393
   -6.767000000    0.002992257
   -6.766000000    0.003002227
   -6.765000000    0.003012304
   -6.764000000    0.003022488
   -6.763000000    0.003032782
   -6.762000000    0.003043185
   -6.761000000    0.003053700
   -6.760000000    0.003064327
   -6.759000000    0.003075067
   -6.758000000    0.003085922
   -6.757000000    0.003096893
   -6.756000000    0.003107980
   -6.755000000    0.003119186
   -6.754000000    0.003130512
   -6.753000000    0.003141958
   -6.752000000    0.003153526
   -6.751000000    0.003165218
   -6.750000000    0.003177034
   -6.749000000    0.003188976
   -6.748000000    0.003201046
   -6.747000000    0.003213245
   -6.746000000    0.003225574
   -6.745000000    0.003238035
   -6.744000000    0.003250629
   -6.743000000    0.003263358
   -6.742000000    0.003276224
   -6.741000000    0.003289227
   -6.740000000    0.003302369
   -6.739000000    0.003315653
   -6.738000000    0.003329079
   -6.737000000    0.003342650
   -6.736000000    0.003356367
   -6.735000000    0.003370231
   -6.734000000    0.003384245
   -6.733000000    0.003398411
   -6.732000000    0.003412729
   -6.731000000    0.003427203
   -6.730000000    0.003441834
   -6.729000000    0.003456623
   -6.728000000    0.003471573
   -6.727000000    0.003486686
   -6.726000000    0.003501964
   -6.725000000    0.003517409
   -6.724000000    0.003533022
   -6.723000000    0.003548807
   -6.722000000    0.003564765
   -6.721000000    0.003580898
   -6.720000000    0.003597209
   -6.719000000    0.003613700
   -6.718000000    0.003630373
   -6.717000000    0.003647231
   -6.716000000    0.003664276
   -6.715000000    0.003681511
   -6.714000000    0.003698937
   -6.713000000    0.003716558
   -6.712000000    0.003734377
   -6.711000000    0.003752395
   -6.710000000    0.003770616
   -6.709000000    0.003789042
   -6.708000000    0.003807677
   -6.707000000    0.003826522
   -6.706000000    0.003845581
   -6.705000000    0.003864857
   -6.704000000    0.003884353
   -6.703000000    0.003904071
   -6.702000000    0.003924016
   -6.701000000    0.003944190
   -6.700000000    0.003964596
   -6.699000000    0.003985238
   -6.698000000    0.004006120
   -6.697000000    0.004027244
   -6.696000000    0.004048614
   -6.695000000    0.004070234
   -6.694000000    0.004092107
   -6.693000000    0.004114237
   -6.692000000    0.004136628
   -6.691000000    0.004159284
   -6.690000000    0.004182208
   -6.689000000    0.004205406
   -6.688000000    0.004228880
   -6.687000000    0.004252635
   -6.686000000    0.004276675
   -6.685000000    0.004301005
   -6.684000000    0.004325630
   -6.683000000    0.004350553
   -6.682000000    0.004375779
   -6.681000000    0.004401313
   -6.680000000    0.004427160
   -6.679000000    0.004453325
   -6.678000000    0.004479813
   -6.677000000    0.004506629
   -6.676000000    0.004533778
   -6.675000000    0.004561266
   -6.674000000    0.004589098
   -6.673000000    0.004617280
   -6.672000000    0.004645817
   -6.671000000    0.004674715
   -6.670000000    0.004703980
   -6.669000000    0.004733619
   -6.668000000    0.004763638
   -6.667000000    0.004794042
   -6.666000000    0.004824839
   -6.665000000    0.004856034
   -6.664000000    0.004887636
   -6.663000000    0.004919651
   -6.662000000    0.004952085
   -6.661000000    0.004984947
   -6.660000000    0.005018243
   -6.659000000    0.005051981
   -6.658000000    0.005086170
   -6.657000000    0.005120817
   -6.656000000    0.005155929
   -6.655000000    0.005191516
   -6.654000000    0.005227586
   -6.653000000    0.005264148
   -6.652000000    0.005301210
   -6.651000000    0.005338782
   -6.650000000    0.005376874
   -6.649000000    0.005415494
   -6.648000000    0.005454652
   -6.647000000    0.005494359
   -6.646000000    0.005534625
   -6.645000000    0.005575460
   -6.644000000    0.005616875
   -6.643000000    0.005658882
   -6.642000000    0.005701491
   -6.641000000    0.005744715
   -6.640000000    0.005788564
   -6.639000000    0.005833052
   -6.638000000    0.005878191
   -6.637000000    0.005923994
   -6.636000000    0.005970473
   -6.635000000    0.006017643
   -6.634000000    0.006065517
   -6.633000000    0.006114110
   -6.632000000    0.006163436
   -6.631000000    0.006213509
   -6.630000000    0.006264346
   -6.629000000    0.006315963
   -6.628000000    0.006368374
   -6.627000000    0.006421598
   -6.626000000    0.006475651
   -6.625000000    0.006530550
   -6.624000000    0.006586314
   -6.623000000    0.006642962
   -6.622000000    0.006700511
   -6.621000000    0.006758983
   -6.620000000    0.006818396
   -6.619000000    0.006878771
   -6.618000000    0.006940131
   -6.617000000    0.007002496
   -6.616000000    0.007065890
   -6.615000000    0.007130334
   -6.614000000    0.007195854
   -6.613000000    0.007262473
   -6.612000000    0.007330218
   -6.611000000    0.007399112
   -6.610000000    0.007469185
   -6.609000000    0.007540462
   -6.608000000    0.007612973
   -6.607000000    0.007686747
   -6.606000000    0.007761813
   -6.605000000    0.007838203
   -6.604000000    0.007915949
   -6.603000000    0.007995084
   -6.602000000    0.008075641
   -6.601000000    0.008157656
   -6.600000000    0.008241165
   -6.599000000    0.008326205
   -6.598000000    0.008412815
   -6.597000000    0.008501035
   -6.596000000    0.008590906
   -6.595000000    0.008682470
   -6.594000000    0.008775771
   -6.593000000    0.008870854
   -6.592000000    0.008967767
   -6.591000000    0.009066556
   -6.590000000    0.009167274
   -6.589000000    0.009269970
   -6.588000000    0.009374699
   -6.587000000    0.009481516
   -6.586000000    0.009590479
   -6.585000000    0.009701646
   -6.584000000    0.009815080
   -6.583000000    0.009930843
   -6.582000000    0.010049001
   -6.581000000    0.010169624
   -6.580000000    0.010292780
   -6.579000000    0.010418545
   -6.578000000    0.010546994
   -6.577000000    0.010678206
   -6.576000000    0.010812263
   -6.575000000    0.010949250
   -6.574000000    0.011089255
   -6.573000000    0.011232370
   -6.572000000    0.011378690
   -6.571000000    0.011528314
   -6.570000000    0.011681345
   -6.569000000    0.011837891
   -6.568000000    0.011998061
   -6.567000000    0.012161973
   -6.566000000    0.012329747
   -6.565000000    0.012501508
   -6.564000000    0.012677387
   -6.563000000    0.012857521
   -6.562000000    0.013042051
   -6.561000000    0.013231125
   -6.560000000    0.013424899
   -6.559000000    0.013623533
   -6.558000000    0.013827195
   -6.557000000    0.014036062
   -6.556000000    0.014250318
   -6.555000000    0.014470153
   -6.554000000    0.014695769
   -6.553000000    0.014927376
   -6.552000000    0.015165194
   -6.551000000    0.015409452
   -6.550000000    0.015660392
   -6.549000000    0.015918266
   -6.548000000    0.016183339
   -6.547000000    0.016455889
   -6.546000000    0.016736208
   -6.545000000    0.017024601
   -6.544000000    0.017321390
   -6.543000000    0.017626912
   -6.542000000    0.017941525
   -6.541000000    0.018265600
   -6.540000000    0.018599532
   -6.539000000    0.018943736
   -6.538000000    0.019298649
   -6.537000000    0.019664731
   -6.536000000    0.020042470
   -6.535000000    0.020432378
   -6.534000000    0.020834998
   -6.533000000    0.021250904
   -6.532000000    0.021680704
   -6.531000000    0.022125038
   -6.530000000    0.022584590
   -6.529000000    0.023060079
   -6.528000000    0.023552272
   -6.527000000    0.024061982
   -6.526000000    0.024590074
   -6.525000000    0.025137464
   -6.524000000    0.025705133
   -6.523000000    0.026294121
   -6.522000000    0.026905539
   -6.521000000    0.027540571
   -6.520000000    0.028200485
   -6.519000000    0.028886632
   -6.518000000    0.029600462
   -6.517000000    0.030343524
   -6.516000000    0.031117484
   -6.515000000    0.031924125
   -6.514000000    0.032765366
   -6.513000000    0.033643273
   -6.512000000    0.034560068
   -6.511000000    0.035518148
   -6.510000000    0.036520103
   -6.509000000    0.037568732
   -6.508000000    0.038667065
   -6.507000000    0.039818386
   -6.506000000    0.041026263
   -6.505000000    0.042294573
   -6.504000000    0.043627538
   -6.503000000    0.045029766
   -6.502000000    0.046506288
   -6.501000000    0.048062611
   -6.500000000    0.049704777
   -6.499000000    0.051439417
   -6.498000000    0.053273836
   -6.497000000    0.055216087
   -6.496000000    0.057275073
   -6.495000000    0.059460658
   -6.494000000    0.061783794
   -6.493000000    0.064256674
   -6.492000000    0.066892907
   -6.491000000    0.069707724
   -6.490000000    0.072718219
   -6.489000000    0.075943636
   -6.488000000    0.079405711
   -6.487000000    0.083129074
   -6.486000000    0.087141735
   -6.485000000    0.091475670
   -6.484000000    0.096167528
   -6.483000000    0.101259497
   -6.482000000    0.106800357
   -6.481000000    0.112846789
   -6.480000000    0.119465002
   -6.479000000    0.126732757
   -6.478000000    0.134741947
   -6.477000000    0.143601859
   -6.476000000    0.153443390
   -6.475000000    0.164424508
   -6.474000000    0.176737447
   -6.473000000    0.190618257
   -6.472000000    0.206359686
   -6.471000000    0.224328797
   -6.470000000    0.244991443
   -6.469000000    0.268946893
   -6.468000000    0.296977782
   -6.467000000    0.330123817
   -6.466000000    0.369793257
   -6.465000000    0.417936471
   -6.464000000    0.477325135
   -6.463000000    0.552018914
   -6.462000000    0.648181440
   -6.461000000    0.775586024
   -6.460000000    0.950582624
   -6.459000000    1.202443099
   -6.458000000    1.588438039
   -6.457000000    2.235081891
   -6.456000000    3.475900103
   -6.455000000    6.477480198
   -6.454000000   18.065851942
   -6.453000000   75.100815210
   -6.452000000   58.917992093
   -6.451000000   45.260986143
   -6.450000000   37.963088249
   -6.449000000   33.381485882
   -6.448000000   30.203672005
   -6.447000000   27.856976735
   -6.446000000   26.050379896
   -6.445000000   24.619317760
   -6.444000000   23.463302795
   -6.443000000   22.517404496
   -6.442000000   21.737882281
   -6.441000000   21.094388475
   -6.440000000   20.565487989
   -6.439000000   20.135973380
   -6.438000000   19.795214539
   -6.437000000   19.536143400
   -6.436000000   19.354658796
   -6.435000000   19.249339426
   -6.434000000   19.221417986
   -6.433000000   19.275020632
   -6.432000000   19.417730161
   -6.431000000   19.661607754
   -6.430000000   20.024939134
   -6.429000000   20.535223224
   -6.428000000   21.234451739
   -6.427000000   22.188940273
   -6.426000000   23.509018719
   -6.425000000   25.392491996
   -6.424000000   28.233883896
   -6.423000000   32.950864091
   -6.422000000   42.119199579
   -6.421000000   50.775919586
   -6.420000000   11.839341481
   -6.419000000    4.454527862
   -6.418000000    2.463234131
   -6.417000000    1.620373279
   -6.416000000    1.173569749
   -6.415000000    0.903120720
   -6.414000000    0.724497414
   -6.413000000    0.599020947
   -6.412000000    0.506745820
   -6.411000000    0.436445177
   -6.410000000    0.381361323
   -6.409000000    0.337205020
   -6.408000000    0.301134076
   -6.407000000    0.271196842
   -6.406000000    0.246012383
   -6.405000000    0.224578262
   -6.404000000    0.206150547
   -6.403000000    0.190166410
   -6.402000000    0.176192764
   -6.401000000    0.163891318
   -6.400000000    0.152994262
   -6.399000000    0.143287021
   -6.398000000    0.134595799
   -6.397000000    0.126778435
   -6.396000000    0.119717604
   -6.395000000    0.113315677
   -6.394000000    0.107490809
   -6.393000000    0.102173906
   -6.392000000    0.097306268
   -6.391000000    0.092837729
   -6.390000000    0.088725182
   -6.389000000    0.084931394
   -6.388000000    0.081424057
   -6.387000000    0.078175007
   -6.386000000    0.075159594
   -6.385000000    0.072356156
   -6.384000000    0.069745593
   -6.383000000    0.067310999
   -6.382000000    0.065037366
   -6.381000000    0.062911333
   -6.380000000    0.060920964
   -6.379000000    0.059055574
   -6.378000000    0.057305569
   -6.377000000    0.055662319
   -6.376000000    0.054118040
   -6.375000000    0.052665695
   -6.374000000    0.051298915
   -6.373000000    0.050011920
   -6.372000000    0.048799460
   -6.371000000    0.047656753
   -6.370000000    0.046579441
   -6.369000000    0.045563549
   -6.368000000    0.044605440
   -6.367000000    0.043701788
   -6.366000000    0.042849548
   -6.365000000    0.042045928
   -6.364000000    0.041288367
   -6.363000000    0.040574516
   -6.362000000    0.039902217
   -6.361000000    0.039269489
   -6.360000000    0.038674514
   -6.359000000    0.038115621
   -6.358000000    0.037591280
   -6.357000000    0.037100086
   -6.356000000    0.036640752
   -6.355000000    0.036212105
   -6.354000000    0.035813070
   -6.353000000    0.035442673
   -6.352000000    0.035100027
   -6.351000000    0.034784333
   -6.350000000    0.034494874
   -6.349000000    0.034231007
   -6.348000000    0.033992166
   -6.347000000    0.033777854
   -6.346000000    0.033587644
   -6.345000000    0.033421175
   -6.344000000    0.033278149
   -6.343000000    0.033158335
   -6.342000000    0.033061561
   -6.341000000    0.032987721
   -6.340000000    0.032936768
   -6.339000000    0.032908720
   -6.338000000    0.032903656
   -6.337000000    0.032921721
   -6.336000000    0.032963124
   -6.335000000    0.033028145
   -6.334000000    0.033117131
   -6.333000000    0.033230503
   -6.332000000    0.033368759
   -6.331000000    0.033532477
   -6.330000000    0.033722321
   -6.329000000    0.033939045
   -6.328000000    0.034183500
   -6.327000000    0.034456642
   -6.326000000    0.034759537
   -6.325000000    0.035093374
   -6.324000000    0.035459471
   -6.323000000    0.035859290
   -6.322000000    0.036294451
   -6.321000000    0.036766745
   -6.320000000    0.037278150
   -6.319000000    0.037830854
   -6.318000000    0.038427276
   -6.317000000    0.039070092
   -6.316000000    0.039762262
   -6.315000000    0.040507066
   -6.314000000    0.041308145
   -6.313000000    0.042169539
   -6.312000000    0.043095744
   -6.311000000    0.044091771
   -6.310000000    0.045163215
   -6.309000000    0.046316337
   -6.308000000    0.047558159
   -6.307000000    0.048896576
   -6.306000000    0.050340493
   -6.305000000    0.051899977
   -6.304000000    0.053586449
   -6.303000000    0.055412910
   -6.302000000    0.057394210
   -6.301000000    0.059547379
   -6.300000000    0.061892030
   -6.299000000    0.064450847
   -6.298000000    0.067250192
   -6.297000000    0.070320863
   -6.296000000    0.073699034
   -6.295000000    0.077427448
   -6.294000000    0.081556936
   -6.293000000    0.086148364
   -6.292000000    0.091275171
   -6.291000000    0.097026695
   -6.290000000    0.103512589
   -6.289000000    0.110868777
   -6.288000000    0.119265583
   -6.287000000    0.128919013
   -6.286000000    0.140106693
   -6.285000000    0.153190824
   -6.284000000    0.168651980
   -6.283000000    0.187140126
   -6.282000000    0.209553825
   -6.281000000    0.237167283
   -6.280000000    0.271841928
   -6.279000000    0.316394773
   -6.278000000    0.375274621
   -6.277000000    0.455885994
   -6.276000000    0.571397673
   -6.275000000    0.747345882
   -6.274000000    1.039439823
   -6.273000000    1.591800540
   -6.272000000    2.892835782
   -6.271000000    7.635103197
   -6.270000000   33.988896634
   -6.269000000   28.852408888
   -6.268000000   21.988149184
   -6.267000000   18.374244215
   -6.266000000   16.122669605
   -6.265000000   14.561360393
   -6.264000000   13.401961081
   -6.263000000   12.499602231
   -6.262000000   11.772941928
   -6.261000000   11.172461602
   -6.260000000   10.666115728
   -6.259000000   10.232152300
   -6.258000000    9.855230147
   -6.257000000    9.524184677
   -6.256000000    9.230675374
   -6.255000000    8.968331846
   -6.254000000    8.732195145
   -6.253000000    8.518340958
   -6.252000000    8.323618687
   -6.251000000    8.145466574
   -6.250000000    7.981778015
   -6.249000000    7.830803142
   -6.248000000    7.691075186
   -6.247000000    7.561354574
   -6.246000000    7.440585944
   -6.245000000    7.327864684
   -6.244000000    7.222410599
   -6.243000000    7.123546999
   -6.242000000    7.030683916
   -6.241000000    6.943304536
   -6.240000000    6.860954143
   -6.239000000    6.783231037
   -6.238000000    6.709779032
   -6.237000000    6.640281217
   -6.236000000    6.574454731
   -6.235000000    6.512046382
   -6.234000000    6.452828928
   -6.233000000    6.396597932
   -6.232000000    6.343169067
   -6.231000000    6.292375820
   -6.230000000    6.244067512
   -6.229000000    6.198107584
   -6.228000000    6.154372127
   -6.227000000    6.112748593
   -6.226000000    6.073134680
   -6.225000000    6.035437359
   -6.224000000    5.999572019
   -6.223000000    5.965461725
   -6.222000000    5.933036561
   -6.221000000    5.902233059
   -6.220000000    5.872993694
   -6.219000000    5.845266442
   -6.218000000    5.819004399
   -6.217000000    5.794165433
   -6.216000000    5.770711900
   -6.215000000    5.748610384
   -6.214000000    5.727831475
   -6.213000000    5.708349591
   -6.212000000    5.690142811
   -6.211000000    5.673192756
   -6.210000000    5.657484479
   -6.209000000    5.643006397
   -6.208000000    5.629750228
   -6.207000000    5.617710972
   -6.206000000    5.606886901
   -6.205000000    5.597279580
   -6.204000000    5.588893908
   -6.203000000    5.581738186
   -6.202000000    5.575824212
   -6.201000000    5.571167406
   -6.200000000    5.567786954
   -6.199000000    5.565705997
   -6.198000000    5.564951852
   -6.197000000    5.565556262
   -6.196000000    5.567555706
   -6.195000000    5.570991744
   -6.194000000    5.575911425
   -6.193000000    5.582367753
   -6.192000000    5.590420228
   -6.191000000    5.600135465
   -6.190000000    5.611587917
   -6.189000000    5.624860698
   -6.188000000    5.640046543
   -6.187000000    5.657248918
   -6.186000000    5.676583310
   -6.185000000    5.698178725
   -6.184000000    5.722179449
   -6.183000000    5.748747107
   -6.182000000    5.778063088
   -6.181000000    5.810331415
   -6.180000000    5.845782164
   -6.179000000    5.884675534
   -6.178000000    5.927306756
   -6.177000000    5.974012010
   -6.176000000    6.025175636
   -6.175000000    6.081238961
   -6.174000000    6.142711205
   -6.173000000    6.210183040
   -6.172000000    6.284343632
   -6.171000000    6.366002241
   -6.170000000    6.456115884
   -6.169000000    6.555825220
   -6.168000000    6.666501631
   -6.167000000    6.789809913
   -6.166000000    6.927793032
   -6.165000000    7.082988746
   -6.164000000    7.258593215
   -6.163000000    7.458695672
   -6.162000000    7.688623615
   -6.161000000    7.955465529
   -6.160000000    8.268889682
   -6.159000000    8.642478868
   -6.158000000    9.096012560
   -6.157000000    9.659602533
   -6.156000000   10.381749349
   -6.155000000   11.346553875
   -6.154000000   12.715216689
   -6.153000000   14.843608851
   -6.152000000   18.683025110
   -6.151000000   25.714308662
   -6.150000000    8.560949784
   -6.149000000    2.651179928
   -6.148000000    1.349102582
   -6.147000000    0.849244626
   -6.146000000    0.598644017
   -6.145000000    0.452483050
   -6.144000000    0.358537129
   -6.143000000    0.293927105
   -6.142000000    0.247224035
   -6.141000000    0.212151201
   -6.140000000    0.185004916
   -6.139000000    0.163473155
   -6.138000000    0.146045606
   -6.137000000    0.131698083
   -6.136000000    0.119713945
   -6.135000000    0.109578198
   -6.134000000    0.100912163
   -6.133000000    0.093431775
   -6.132000000    0.086920174
   -6.131000000    0.081209214
   -6.130000000    0.076166703
   -6.129000000    0.071687415
   -6.128000000    0.067686647
   -6.127000000    0.064095520
   -6.126000000    0.060857500
   -6.125000000    0.057925796
   -6.124000000    0.055261373
   -6.123000000    0.052831437
   -6.122000000    0.050608253
   -6.121000000    0.048568221
   -6.120000000    0.046691145
   -6.119000000    0.044959648
   -6.118000000    0.043358710
   -6.117000000    0.041875281
   -6.116000000    0.040497979
   -6.115000000    0.039216836
   -6.114000000    0.038023085
   -6.113000000    0.036908993
   -6.112000000    0.035867712
   -6.111000000    0.034893159
   -6.110000000    0.033979918
   -6.109000000    0.033123149
   -6.108000000    0.032318517
   -6.107000000    0.031562129
   -6.106000000    0.030850482
   -6.105000000    0.030180415
   -6.104000000    0.029549073
   -6.103000000    0.028953867
   -6.102000000    0.028392452
   -6.101000000    0.027862693
   -6.100000000    0.027362648
   -6.099000000    0.026890549
   -6.098000000    0.026444779
   -6.097000000    0.026023862
   -6.096000000    0.025626447
   -6.095000000    0.025251299
   -6.094000000    0.024897284
   -6.093000000    0.024563364
   -6.092000000    0.024248587
   -6.091000000    0.023952079
   -6.090000000    0.023673039
   -6.089000000    0.023410731
   -6.088000000    0.023164483
   -6.087000000    0.022933677
   -6.086000000    0.022717749
   -6.085000000    0.022516183
   -6.084000000    0.022328509
   -6.083000000    0.022154299
   -6.082000000    0.021993167
   -6.081000000    0.021844763
   -6.080000000    0.021708772
   -6.079000000    0.021584915
   -6.078000000    0.021472945
   -6.077000000    0.021372644
   -6.076000000    0.021283826
   -6.075000000    0.021206332
   -6.074000000    0.021140034
   -6.073000000    0.021084828
   -6.072000000    0.021040639
   -6.071000000    0.021007418
   -6.070000000    0.020985141
   -6.069000000    0.020973814
   -6.068000000    0.020973466
   -6.067000000    0.020984154
   -6.066000000    0.021005962
   -6.065000000    0.021039002
   -6.064000000    0.021083415
   -6.063000000    0.021139370
   -6.062000000    0.021207067
   -6.061000000    0.021286740
   -6.060000000    0.021378653
   -6.059000000    0.021483107
   -6.058000000    0.021600440
   -6.057000000    0.021731028
   -6.056000000    0.021875291
   -6.055000000    0.022033693
   -6.054000000    0.022206745
   -6.053000000    0.022395010
   -6.052000000    0.022599109
   -6.051000000    0.022819720
   -6.050000000    0.023057590
   -6.049000000    0.023313536
   -6.048000000    0.023588454
   -6.047000000    0.023883324
   -6.046000000    0.024199222
   -6.045000000    0.024537328
   -6.044000000    0.024898935
   -6.043000000    0.025285463
   -6.042000000    0.025698474
   -6.041000000    0.026139686
   -6.040000000    0.026610990
   -6.039000000    0.027114476
   -6.038000000    0.027652450
   -6.037000000    0.028227468
   -6.036000000    0.028842362
   -6.035000000    0.029500281
   -6.034000000    0.030204731
   -6.033000000    0.030959627
   -6.032000000    0.031769348
   -6.031000000    0.032638811
   -6.030000000    0.033573547
   -6.029000000    0.034579797
   -6.028000000    0.035664630
   -6.027000000    0.036836076
   -6.026000000    0.038103290
   -6.025000000    0.039476753
   -6.024000000    0.040968512
   -6.023000000    0.042592473
   -6.022000000    0.044364768
   -6.021000000    0.046304203
   -6.020000000    0.048432819
   -6.019000000    0.050776607
   -6.018000000    0.053366398
   -6.017000000    0.056239024
   -6.016000000    0.059438806
   -6.015000000    0.063019506
   -6.014000000    0.067046914
   -6.013000000    0.071602309
   -6.012000000    0.076787173
   -6.011000000    0.082729697
   -6.010000000    0.089593915
   -6.009000000    0.097592786
   -6.008000000    0.107007321
   -6.007000000    0.118215219
   -6.006000000    0.131734942
   -6.005000000    0.148295671
   -6.004000000    0.168952433
   -6.003000000    0.195283711
   -6.002000000    0.229748104
   -6.001000000    0.276368280
   -6.000000000    0.342144659
   -5.999000000    0.440269114
   -5.998000000    0.598405227
   -5.997000000    0.884056371
   -5.996000000    1.505098054
   -5.995000000    3.419421493
   -5.994000000   14.868263125
   -5.993000000   20.376722653
   -5.992000000   14.991290890
   -5.991000000   12.284949242
   -5.990000000   10.673374896
   -5.989000000    9.587392783
   -5.988000000    8.796540788
   -5.987000000    8.189751981
   -5.986000000    7.706484709
   -5.985000000    7.310683981
   -5.984000000    6.979408416
   -5.983000000    6.697293349
   -5.982000000    6.453620083
   -5.981000000    6.240658367
   -5.980000000    6.052677238
   -5.979000000    5.885327926
   -5.978000000    5.735244217
   -5.977000000    5.599775273
   -5.976000000    5.476802043
   -5.975000000    5.364608050
   -5.974000000    5.261786518
   -5.973000000    5.167172355
   -5.972000000    5.079791515
   -5.971000000    4.998822723
   -5.970000000    4.923568152
   -5.969000000    4.853430681
   -5.968000000    4.787896067
   -5.967000000    4.726518814
   -5.966000000    4.668910874
   -5.965000000    4.614732530
   -5.964000000    4.563684988
   -5.963000000    4.515504301
   -5.962000000    4.469956361
   -5.961000000    4.426832740
   -5.960000000    4.385947218
   -5.959000000    4.347132861
   -5.958000000    4.310239563
   -5.957000000    4.275131948
   -5.956000000    4.241687594
   -5.955000000    4.209795500
   -5.954000000    4.179354779
   -5.953000000    4.150273519
   -5.952000000    4.122467803
   -5.951000000    4.095860854
   -5.950000000    4.070382290
   -5.949000000    4.045967469
   -5.948000000    4.022556920
   -5.947000000    4.000095831
   -5.946000000    3.978533610
   -5.945000000    3.957823485
   -5.944000000    3.937922158
   -5.943000000    3.918789488
   -5.942000000    3.900388215
   -5.941000000    3.882683713
   -5.940000000    3.865643763
   -5.939000000    3.849238356
   -5.938000000    3.833439513
   -5.937000000    3.818221119
   -5.936000000    3.803558780
   -5.935000000    3.789429691
   -5.934000000    3.775812514
   -5.933000000    3.762687268
   -5.932000000    3.750035233
   -5.931000000    3.737838861
   -5.930000000    3.726081687
   -5.929000000    3.714748263
   -5.928000000    3.703824083
   -5.927000000    3.693295526
   -5.926000000    3.683149791
   -5.925000000    3.673374855
   -5.924000000    3.663959414
   -5.923000000    3.654892848
   -5.922000000    3.646165174
   -5.921000000    3.637767013
   -5.920000000    3.629689553
   -5.919000000    3.621924518
   -5.918000000    3.614464138
   -5.917000000    3.607301127
   -5.916000000    3.600428650
   -5.915000000    3.593840309
   -5.914000000    3.587530114
   -5.913000000    3.581492471
   -5.912000000    3.575722159
   -5.911000000    3.570214316
   -5.910000000    3.564964422
   -5.909000000    3.559968289
   -5.908000000    3.555222044
   -5.907000000    3.550722119
   -5.906000000    3.546465244
   -5.905000000    3.542448429
   -5.904000000    3.538668966
   -5.903000000    3.535124410
   -5.902000000    3.531812582
   -5.901000000    3.528731556
   -5.900000000    3.525879656
   -5.899000000    3.523255450
   -5.898000000    3.520857747
   -5.897000000    3.518685593
   -5.896000000    3.516738270
   -5.895000000    3.515015289
   -5.894000000    3.513516392
   -5.893000000    3.512241551
   -5.892000000    3.511190966
   -5.891000000    3.510365068
   -5.890000000    3.509764513
   -5.889000000    3.509390194
   -5.888000000    3.509243231
   -5.887000000    3.509324985
   -5.886000000    3.509637052
   -5.885000000    3.510181273
   -5.884000000    3.510959733
   -5.883000000    3.511974774
   -5.882000000    3.513228991
   -5.881000000    3.514725249
   -5.880000000    3.516466682
   -5.879000000    3.518456706
   -5.878000000    3.520699026
   -5.877000000    3.523197648
   -5.876000000    3.525956886
   -5.875000000    3.528981381
   -5.874000000    3.532276106
   -5.873000000    3.535846387
   -5.872000000    3.539697915
   -5.871000000    3.543836761
   -5.870000000    3.548269402
   -5.869000000    3.553002731
   -5.868000000    3.558044086
   -5.867000000    3.563401271
   -5.866000000    3.569082579
   -5.865000000    3.575096825
   -5.864000000    3.581453369
   -5.863000000    3.588162156
   -5.862000000    3.595233743
   -5.861000000    3.602679345
   -5.860000000    3.610510871
   -5.859000000    3.618740972
   -5.858000000    3.627383090
   -5.857000000    3.636451510
   -5.856000000    3.645961423
   -5.855000000    3.655928982
   -5.854000000    3.666371382
   -5.853000000    3.677306928
   -5.852000000    3.688755124
   -5.851000000    3.700736763
   -5.850000000    3.713274029
   -5.849000000    3.726390607
   -5.848000000    3.740111809
   -5.847000000    3.754464707
   -5.846000000    3.769478282
   -5.845000000    3.785183594
   -5.844000000    3.801613963
   -5.843000000    3.818805174
   -5.842000000    3.836795709
   -5.841000000    3.855626997
   -5.840000000    3.875343703
   -5.839000000    3.895994046
   -5.838000000    3.917630159
   -5.837000000    3.940308496
   -5.836000000    3.964090286
   -5.835000000    3.989042055
   -5.834000000    4.015236214
   -5.833000000    4.042751729
   -5.832000000    4.071674890
   -5.831000000    4.102100188
   -5.830000000    4.134131330
   -5.829000000    4.167882404
   -5.828000000    4.203479237
   -5.827000000    4.241060968
   -5.826000000    4.280781895
   -5.825000000    4.322813634
   -5.824000000    4.367347672
   -5.823000000    4.414598393
   -5.822000000    4.464806687
   -5.821000000    4.518244272
   -5.820000000    4.575218909
   -5.819000000    4.636080743
   -5.818000000    4.701230041
   -5.817000000    4.771126746
   -5.816000000    4.846302326
   -5.815000000    4.927374645
   -5.814000000    5.015066764
   -5.813000000    5.110230999
   -5.812000000    5.213880030
   -5.811000000    5.327227660
   -5.810000000    5.451742948
   -5.809000000    5.589223234
   -5.808000000    5.741894345
   -5.807000000    5.912550786
   -5.806000000    6.104756200
   -5.805000000    6.323137210
   -5.804000000    6.573826667
   -5.803000000    6.865154882
   -5.802000000    7.208770664
   -5.801000000    7.621546526
   -5.800000000    8.129006214
   -5.799000000    8.771942171
   -5.798000000    9.620392871
   -5.797000000   10.806846711
   -5.796000000   12.618497807
   -5.795000000   15.806673744
   -5.794000000   21.990503203
   -5.793000000    8.886807922
   -5.792000000    2.527579797
   -5.791000000    1.237867264
   -5.790000000    0.762899128
   -5.789000000    0.530100794
   -5.788000000    0.396280004
   -5.787000000    0.311153479
   -5.786000000    0.253073329
   -5.785000000    0.211359583
   -5.784000000    0.180202023
   -5.783000000    0.156197800
   -5.782000000    0.137235670
   -5.781000000    0.121943575
   -5.780000000    0.109395198
   -5.779000000    0.098944886
   -5.778000000    0.090130253
   -5.777000000    0.082612354
   -5.776000000    0.076137649
   -5.775000000    0.070513078
   -5.774000000    0.065589306
   -5.773000000    0.061249192
   -5.772000000    0.057399684
   -5.771000000    0.053966026
   -5.770000000    0.050887541
   -5.769000000    0.048114514
   -5.768000000    0.045605864
   -5.767000000    0.043327377
   -5.766000000    0.041250353
   -5.765000000    0.039350551
   -5.764000000    0.037607374
   -5.763000000    0.036003218
   -5.762000000    0.034522958
   -5.761000000    0.033153529
   -5.760000000    0.031883599
   -5.759000000    0.030703290
   -5.758000000    0.029603958
   -5.757000000    0.028578011
   -5.756000000    0.027618753
   -5.755000000    0.026720260
   -5.754000000    0.025877274
   -5.753000000    0.025085112
   -5.752000000    0.024339590
   -5.751000000    0.023636964
   -5.750000000    0.022973868
   -5.749000000    0.022347276
   -5.748000000    0.021754452
   -5.747000000    0.021192924
   -5.746000000    0.020660451
   -5.745000000    0.020154995
   -5.744000000    0.019674703
   -5.743000000    0.019217883
   -5.742000000    0.018782989
   -5.741000000    0.018368606
   -5.740000000    0.017973437
   -5.739000000    0.017596290
   -5.738000000    0.017236068
   -5.737000000    0.016891760
   -5.736000000    0.016562435
   -5.735000000    0.016247230
   -5.734000000    0.015945347
   -5.733000000    0.015656049
   -5.732000000    0.015378650
   -5.731000000    0.015112513
   -5.730000000    0.014857046
   -5.729000000    0.014611698
   -5.728000000    0.014375956
   -5.727000000    0.014149339
   -5.726000000    0.013931400
   -5.725000000    0.013721721
   -5.724000000    0.013519911
   -5.723000000    0.013325601
   -5.722000000    0.013138449
   -5.721000000    0.012958132
   -5.720000000    0.012784347
   -5.719000000    0.012616809
   -5.718000000    0.012455250
   -5.717000000    0.012299419
   -5.716000000    0.012149077
   -5.715000000    0.012004002
   -5.714000000    0.011863983
   -5.713000000    0.011728819
   -5.712000000    0.011598324
   -5.711000000    0.011472320
   -5.710000000    0.011350638
   -5.709000000    0.011233121
   -5.708000000    0.011119617
   -5.707000000    0.011009985
   -5.706000000    0.010904090
   -5.705000000    0.010801803
   -5.704000000    0.010703005
   -5.703000000    0.010607581
   -5.702000000    0.010515421
   -5.701000000    0.010426423
   -5.700000000    0.010340489
   -5.699000000    0.010257525
   -5.698000000    0.010177443
   -5.697000000    0.010100160
   -5.696000000    0.010025596
   -5.695000000    0.009953675
   -5.694000000    0.009884326
   -5.693000000    0.009817481
   -5.692000000    0.009753075
   -5.691000000    0.009691046
   -5.690000000    0.009631336
   -5.689000000    0.009573890
   -5.688000000    0.009518655
   -5.687000000    0.009465582
   -5.686000000    0.009414623
   -5.685000000    0.009365734
   -5.684000000    0.009318872
   -5.683000000    0.009273997
   -5.682000000    0.009231072
   -5.681000000    0.009190060
   -5.680000000    0.009150929
   -5.679000000    0.009113645
   -5.678000000    0.009078181
   -5.677000000    0.009044506
   -5.676000000    0.009012596
   -5.675000000    0.008982425
   -5.674000000    0.008953972
   -5.673000000    0.008927214
   -5.672000000    0.008902132
   -5.671000000    0.008878708
   -5.670000000    0.008856925
   -5.669000000    0.008836769
   -5.668000000    0.008818225
   -5.667000000    0.008801282
   -5.666000000    0.008785928
   -5.665000000    0.008772154
   -5.664000000    0.008759952
   -5.663000000    0.008749315
   -5.662000000    0.008740238
   -5.661000000    0.008732717
   -5.660000000    0.008726749
   -5.659000000    0.008722332
   -5.658000000    0.008719466
   -5.657000000    0.008718152
   -5.656000000    0.008718394
   -5.655000000    0.008720194
   -5.654000000    0.008723558
   -5.653000000    0.008728493
   -5.652000000    0.008735005
   -5.651000000    0.008743105
   -5.650000000    0.008752804
   -5.649000000    0.008764112
   -5.648000000    0.008777044
   -5.647000000    0.008791615
   -5.646000000    0.008807841
   -5.645000000    0.008825740
   -5.644000000    0.008845332
   -5.643000000    0.008866638
   -5.642000000    0.008889682
   -5.641000000    0.008914487
   -5.640000000    0.008941080
   -5.639000000    0.008969490
   -5.638000000    0.008999747
   -5.637000000    0.009031883
   -5.636000000    0.009065933
   -5.635000000    0.009101932
   -5.634000000    0.009139920
   -5.633000000    0.009179937
   -5.632000000    0.009222026
   -5.631000000    0.009266235
   -5.630000000    0.009312610
   -5.629000000    0.009361204
   -5.628000000    0.009412071
   -5.627000000    0.009465268
   -5.626000000    0.009520855
   -5.625000000    0.009578896
   -5.624000000    0.009639458
   -5.623000000    0.009702613
   -5.622000000    0.009768435
   -5.621000000    0.009837003
   -5.620000000    0.009908401
   -5.619000000    0.009982717
   -5.618000000    0.010060043
   -5.617000000    0.010140477
   -5.616000000    0.010224123
   -5.615000000    0.010311090
   -5.614000000    0.010401493
   -5.613000000    0.010495455
   -5.612000000    0.010593104
   -5.611000000    0.010694577
   -5.610000000    0.010800017
   -5.609000000    0.010909577
   -5.608000000    0.011023418
   -5.607000000    0.011141713
   -5.606000000    0.011264641
   -5.605000000    0.011392396
   -5.604000000    0.011525181
   -5.603000000    0.011663213
   -5.602000000    0.011806723
   -5.601000000    0.011955954
   -5.600000000    0.012111169
   -5.599000000    0.012272643
   -5.598000000    0.012440673
   -5.597000000    0.012615573
   -5.596000000    0.012797681
   -5.595000000    0.012987355
   -5.594000000    0.013184980
   -5.593000000    0.013390967
   -5.592000000    0.013605757
   -5.591000000    0.013829822
   -5.590000000    0.014063670
   -5.589000000    0.014307846
   -5.588000000    0.014562937
   -5.587000000    0.014829574
   -5.586000000    0.015108438
   -5.585000000    0.015400267
   -5.584000000    0.015705855
   -5.583000000    0.016026065
   -5.582000000    0.016361829
   -5.581000000    0.016714164
   -5.580000000    0.017084171
   -5.579000000    0.017473052
   -5.578000000    0.017882119
   -5.577000000    0.018312804
   -5.576000000    0.018766676
   -5.575000000    0.019245456
   -5.574000000    0.019751035
   -5.573000000    0.020285496
   -5.572000000    0.020851139
   -5.571000000    0.021450505
   -5.570000000    0.022086415
   -5.569000000    0.022762001
   -5.568000000    0.023480754
   -5.567000000    0.024246577
   -5.566000000    0.025063838
   -5.565000000    0.025937449
   -5.564000000    0.026872946
   -5.563000000    0.027876592
   -5.562000000    0.028955492
   -5.561000000    0.030117743
   -5.560000000    0.031372604
   -5.559000000    0.032730709
   -5.558000000    0.034204325
   -5.557000000    0.035807669
   -5.556000000    0.037557303
   -5.555000000    0.039472624
   -5.554000000    0.041576484
   -5.553000000    0.043895970
   -5.552000000    0.046463412
   -5.551000000    0.049317676
   -5.550000000    0.052505859
   -5.549000000    0.056085526
   -5.548000000    0.060127711
   -5.547000000    0.064720977
   -5.546000000    0.069977020
   -5.545000000    0.076038517
   -5.544000000    0.083090327
   -5.543000000    0.091375816
   -5.542000000    0.101221218
   -5.541000000    0.113072960
   -5.540000000    0.127556625
   -5.539000000    0.145573419
   -5.538000000    0.168464654
   -5.537000000    0.198306171
   -5.536000000    0.238467324
   -5.535000000    0.294751910
   -5.534000000    0.377949971
   -5.533000000    0.510270524
   -5.532000000    0.744446517
   -5.531000000    1.235899899
   -5.530000000    2.645430690
   -5.529000000   10.323622265
   -5.528000000   19.583934147
   -5.527000000   14.138610940
   -5.526000000   11.403483965
   -5.525000000    9.811184796
   -5.524000000    8.751815884
   -5.523000000    7.985960713
   -5.522000000    7.400843780
   -5.521000000    6.935961493
   -5.520000000    6.555691287
   -5.519000000    6.237559153
   -5.518000000    5.966611247
   -5.517000000    5.732468487
   -5.516000000    5.527675774
   -5.515000000    5.346724065
   -5.514000000    5.185443962
   -5.513000000    5.040614982
   -5.512000000    4.909705453
   -5.511000000    4.790694432
   -5.510000000    4.681946767
   -5.509000000    4.582123541
   -5.508000000    4.490116644
   -5.507000000    4.405000158
   -5.506000000    4.325993682
   -5.505000000    4.252434281
   -5.504000000    4.183754762
   -5.503000000    4.119466662
   -5.502000000    4.059146782
   -5.501000000    4.002426432
   -5.500000000    3.948982758
   -5.499000000    3.898531700
   -5.498000000    3.850822221
   -5.497000000    3.805631556
   -5.496000000    3.762761265
   -5.495000000    3.722033938
   -5.494000000    3.683290431
   -5.493000000    3.646387529
   -5.492000000    3.611195968
   -5.491000000    3.577598747
   -5.490000000    3.545489678
   -5.489000000    3.514772147
   -5.488000000    3.485358039
   -5.487000000    3.457166809
   -5.486000000    3.430124672
   -5.485000000    3.404163898
   -5.484000000    3.379222193
   -5.483000000    3.355242158
   -5.482000000    3.332170807
   -5.481000000    3.309959151
   -5.480000000    3.288561816
   -5.479000000    3.267936718
   -5.478000000    3.248044762
   -5.477000000    3.228849581
   -5.476000000    3.210317299
   -5.475000000    3.192416319
   -5.474000000    3.175117132
   -5.473000000    3.158392151
   -5.472000000    3.142215548
   -5.471000000    3.126563122
   -5.470000000    3.111412171
   -5.469000000    3.096741376
   -5.468000000    3.082530698
   -5.467000000    3.068761282
   -5.466000000    3.055415376
   -5.465000000    3.042476244
   -5.464000000    3.029928104
   -5.463000000    3.017756053
   -5.462000000    3.005946014
   -5.461000000    2.994484675
   -5.460000000    2.983359444
   -5.459000000    2.972558396
   -5.458000000    2.962070238
   -5.457000000    2.951884259
   -5.456000000    2.941990304
   -5.455000000    2.932378732
   -5.454000000    2.923040390
   -5.453000000    2.913966580
   -5.452000000    2.905149036
   -5.451000000    2.896579896
   -5.450000000    2.888251682
   -5.449000000    2.880157275
   -5.448000000    2.872289896
   -5.447000000    2.864643090
   -5.446000000    2.857210706
   -5.445000000    2.849986881
   -5.444000000    2.842966025
   -5.443000000    2.836142810
   -5.442000000    2.829512151
   -5.441000000    2.823069200
   -5.440000000    2.816809328
   -5.439000000    2.810728120
   -5.438000000    2.804821363
   -5.437000000    2.799085034
   -5.436000000    2.793515296
   -5.435000000    2.788108483
   -5.434000000    2.782861101
   -5.433000000    2.777769812
   -5.432000000    2.772831432
   -5.431000000    2.768042925
   -5.430000000    2.763401394
   -5.429000000    2.758904077
   -5.428000000    2.754548342
   -5.427000000    2.750331681
   -5.426000000    2.746251704
   -5.425000000    2.742306140
   -5.424000000    2.738492826
   -5.423000000    2.734809708
   -5.422000000    2.731254834
   -5.421000000    2.727826352
   -5.420000000    2.724522510
   -5.419000000    2.721341645
   -5.418000000    2.718282189
   -5.417000000    2.715342660
   -5.416000000    2.712521663
   -5.415000000    2.709817885
   -5.414000000    2.707230097
   -5.413000000    2.704757146
   -5.412000000    2.702397960
   -5.411000000    2.700151539
   -5.410000000    2.698016962
   -5.409000000    2.695993376
   -5.408000000    2.694080001
   -5.407000000    2.692276130
   -5.406000000    2.690581120
   -5.405000000    2.688994400
   -5.404000000    2.687515466
   -5.403000000    2.686143877
   -5.402000000    2.684879263
   -5.401000000    2.683721315
   -5.400000000    2.682669790
   -5.399000000    2.681724511
   -5.398000000    2.680885363
   -5.397000000    2.680152296
   -5.396000000    2.679525325
   -5.395000000    2.679004527
   -5.394000000    2.678590045
   -5.393000000    2.678282085
   -5.392000000    2.678080917
   -5.391000000    2.677986880
   -5.390000000    2.678000374
   -5.389000000    2.678121869
   -5.388000000    2.678351899
   -5.387000000    2.678691070
   -5.386000000    2.679140052
   -5.385000000    2.679699589
   -5.384000000    2.680370494
   -5.383000000    2.681153655
   -5.382000000    2.682050030
   -5.381000000    2.683060657
   -5.380000000    2.684186648
   -5.379000000    2.685429195
   -5.378000000    2.686789573
   -5.377000000    2.688269138
   -5.376000000    2.689869333
   -5.375000000    2.691591687
   -5.374000000    2.693437823
   -5.373000000    2.695409455
   -5.372000000    2.697508395
   -5.371000000    2.699736553
   -5.370000000    2.702095946
   -5.369000000    2.704588693
   -5.368000000    2.707217029
   -5.367000000    2.709983301
   -5.366000000    2.712889976
   -5.365000000    2.715939646
   -5.364000000    2.719135032
   -5.363000000    2.722478991
   -5.362000000    2.725974520
   -5.361000000    2.729624761
   -5.360000000    2.733433011
   -5.359000000    2.737402728
   -5.358000000    2.741537535
   -5.357000000    2.745841234
   -5.356000000    2.750317807
   -5.355000000    2.754971432
   -5.354000000    2.759806489
   -5.353000000    2.764827571
   -5.352000000    2.770039493
   -5.351000000    2.775447308
   -5.350000000    2.781056316
   -5.349000000    2.786872079
   -5.348000000    2.792900435
   -5.347000000    2.799147513
   -5.346000000    2.805619751
   -5.345000000    2.812323913
   -5.344000000    2.819267107
   -5.343000000    2.826456807
   -5.342000000    2.833900875
   -5.341000000    2.841607585
   -5.340000000    2.849585648
   -5.339000000    2.857844241
   -5.338000000    2.866393034
   -5.337000000    2.875242228
   -5.336000000    2.884402584
   -5.335000000    2.893885465
   -5.334000000    2.903702877
   -5.333000000    2.913867512
   -5.332000000    2.924392799
   -5.331000000    2.935292955
   -5.330000000    2.946583046
   -5.329000000    2.958279046
   -5.328000000    2.970397912
   -5.327000000    2.982957654
   -5.326000000    2.995977422
   -5.325000000    3.009477594
   -5.324000000    3.023479882
   -5.323000000    3.038007437
   -5.322000000    3.053084970
   -5.321000000    3.068738896
   -5.320000000    3.084997473
   -5.319000000    3.101890976
   -5.318000000    3.119451867
   -5.317000000    3.137715030
   -5.316000000    3.156717965
   -5.315000000    3.176501067
   -5.314000000    3.197107910
   -5.313000000    3.218585565
   -5.312000000    3.240984970
   -5.311000000    3.264361340
   -5.310000000    3.288774636
   -5.309000000    3.314290092
   -5.308000000    3.340978825
   -5.307000000    3.368918523
   -5.306000000    3.398194240
   -5.305000000    3.428899309
   -5.304000000    3.461136402
   -5.303000000    3.495018748
   -5.302000000    3.530671565
   -5.301000000    3.568233728
   -5.300000000    3.607859727
   -5.299000000    3.649721985
   -5.298000000    3.694013609
   -5.297000000    3.740951662
   -5.296000000    3.790781111
   -5.295000000    3.843779571
   -5.294000000    3.900263101
   -5.293000000    3.960593275
   -5.292000000    4.025185935
   -5.291000000    4.094522064
   -5.290000000    4.169161455
   -5.289000000    4.249760041
   -5.288000000    4.337092115
   -5.287000000    4.432079139
   -5.286000000    4.535827609
   -5.285000000    4.649679502
   -5.284000000    4.775280586
   -5.283000000    4.914674538
   -5.282000000    5.070435245
   -5.281000000    5.245856989
   -5.280000000    5.445234960
   -5.279000000    5.674291431
   -5.278000000    5.940845986
   -5.277000000    6.255913446
   -5.276000000    6.635592569
   -5.275000000    7.104515118
   -5.274000000    7.702631837
   -5.273000000    8.499900710
   -5.272000000    9.632334222
   -5.271000000   11.406553598
   -5.270000000   14.661126360
   -5.269000000   19.653087542
   -5.268000000    5.308098052
   -5.267000000    1.792797698
   -5.266000000    0.940833965
   -5.265000000    0.599329988
   -5.264000000    0.424334885
   -5.263000000    0.320981567
   -5.262000000    0.254035234
   -5.261000000    0.207766269
   -5.260000000    0.174214601
   -5.259000000    0.148967390
   -5.258000000    0.129402418
   -5.257000000    0.113873926
   -5.256000000    0.101302312
   -5.255000000    0.090953035
   -5.254000000    0.082310769
   -5.253000000    0.075004408
   -5.252000000    0.068760615
   -5.251000000    0.063374076
   -5.250000000    0.058687886
   -5.249000000    0.054580286
   -5.248000000    0.050955491
   -5.247000000    0.047737223
   -5.246000000    0.044864061
   -5.245000000    0.042286049
   -5.244000000    0.039962180
   -5.243000000    0.037858512
   -5.242000000    0.035946733
   -5.241000000    0.034203060
   -5.240000000    0.032607382
   -5.239000000    0.031142587
   -5.238000000    0.029794036
   -5.237000000    0.028549139
   -5.236000000    0.027397011
   -5.235000000    0.026328202
   -5.234000000    0.025334467
   -5.233000000    0.024408589
   -5.232000000    0.023544221
   -5.231000000    0.022735766
   -5.230000000    0.021978264
   -5.229000000    0.021267315
   -5.228000000    0.020598995
   -5.227000000    0.019969799
   -5.226000000    0.019376586
   -5.225000000    0.018816535
   -5.224000000    0.018287104
   -5.223000000    0.017785997
   -5.222000000    0.017311140
   -5.221000000    0.016860647
   -5.220000000    0.016432809
   -5.219000000    0.016026065
   -5.218000000    0.015638993
   -5.217000000    0.015270295
   -5.216000000    0.014918777
   -5.215000000    0.014583350
   -5.214000000    0.014263008
   -5.213000000    0.013956829
   -5.212000000    0.013663960
   -5.211000000    0.013383618
   -5.210000000    0.013115074
   -5.209000000    0.012857657
   -5.208000000    0.012610743
   -5.207000000    0.012373756
   -5.206000000    0.012146156
   -5.205000000    0.011927444
   -5.204000000    0.011717155
   -5.203000000    0.011514854
   -5.202000000    0.011320138
   -5.201000000    0.011132625
   -5.200000000    0.010951964
   -5.199000000    0.010777822
   -5.198000000    0.010609889
   -5.197000000    0.010447873
   -5.196000000    0.010291501
   -5.195000000    0.010140516
   -5.194000000    0.009994676
   -5.193000000    0.009853753
   -5.192000000    0.009717533
   -5.191000000    0.009585815
   -5.190000000    0.009458407
   -5.189000000    0.009335130
   -5.188000000    0.009215814
   -5.187000000    0.009100297
   -5.186000000    0.008988429
   -5.185000000    0.008880064
   -5.184000000    0.008775068
   -5.183000000    0.008673310
   -5.182000000    0.008574669
   -5.181000000    0.008479027
   -5.180000000    0.008386275
   -5.179000000    0.008296307
   -5.178000000    0.008209025
   -5.177000000    0.008124333
   -5.176000000    0.008042141
   -5.175000000    0.007962364
   -5.174000000    0.007884920
   -5.173000000    0.007809730
   -5.172000000    0.007736721
   -5.171000000    0.007665822
   -5.170000000    0.007596966
   -5.169000000    0.007530088
   -5.168000000    0.007465126
   -5.167000000    0.007402023
   -5.166000000    0.007340721
   -5.165000000    0.007281168
   -5.164000000    0.007223312
   -5.163000000    0.007167104
   -5.162000000    0.007112498
   -5.161000000    0.007059448
   -5.160000000    0.007007913
   -5.159000000    0.006957850
   -5.158000000    0.006909220
   -5.157000000    0.006861987
   -5.156000000    0.006816113
   -5.155000000    0.006771565
   -5.154000000    0.006728309
   -5.153000000    0.006686314
   -5.152000000    0.006645549
   -5.151000000    0.006605986
   -5.150000000    0.006567596
   -5.149000000    0.006530353
   -5.148000000    0.006494232
   -5.147000000    0.006459207
   -5.146000000    0.006425256
   -5.145000000    0.006392356
   -5.144000000    0.006360485
   -5.143000000    0.006329623
   -5.142000000    0.006299750
   -5.141000000    0.006270846
   -5.140000000    0.006242895
   -5.139000000    0.006215879
   -5.138000000    0.006189780
   -5.137000000    0.006164584
   -5.136000000    0.006140275
   -5.135000000    0.006116838
   -5.134000000    0.006094261
   -5.133000000    0.006072529
   -5.132000000    0.006051630
   -5.131000000    0.006031552
   -5.130000000    0.006012284
   -5.129000000    0.005993816
   -5.128000000    0.005976136
   -5.127000000    0.005959235
   -5.126000000    0.005943103
   -5.125000000    0.005927733
   -5.124000000    0.005913116
   -5.123000000    0.005899244
   -5.122000000    0.005886110
   -5.121000000    0.005873708
   -5.120000000    0.005862030
   -5.119000000    0.005851071
   -5.118000000    0.005840826
   -5.117000000    0.005831289
   -5.116000000    0.005822456
   -5.115000000    0.005814324
   -5.114000000    0.005806887
   -5.113000000    0.005800143
   -5.112000000    0.005794088
   -5.111000000    0.005788721
   -5.110000000    0.005784039
   -5.109000000    0.005780040
   -5.108000000    0.005776723
   -5.107000000    0.005774088
   -5.106000000    0.005772132
   -5.105000000    0.005770857
   -5.104000000    0.005770263
   -5.103000000    0.005770349
   -5.102000000    0.005771118
   -5.101000000    0.005772570
   -5.100000000    0.005774707
   -5.099000000    0.005777532
   -5.098000000    0.005781046
   -5.097000000    0.005785254
   -5.096000000    0.005790158
   -5.095000000    0.005795762
   -5.094000000    0.005802070
   -5.093000000    0.005809088
   -5.092000000    0.005816819
   -5.091000000    0.005825271
   -5.090000000    0.005834448
   -5.089000000    0.005844357
   -5.088000000    0.005855005
   -5.087000000    0.005866399
   -5.086000000    0.005878548
   -5.085000000    0.005891459
   -5.084000000    0.005905142
   -5.083000000    0.005919605
   -5.082000000    0.005934860
   -5.081000000    0.005950916
   -5.080000000    0.005967784
   -5.079000000    0.005985476
   -5.078000000    0.006004005
   -5.077000000    0.006023383
   -5.076000000    0.006043623
   -5.075000000    0.006064741
   -5.074000000    0.006086750
   -5.073000000    0.006109667
   -5.072000000    0.006133508
   -5.071000000    0.006158290
   -5.070000000    0.006184030
   -5.069000000    0.006210749
   -5.068000000    0.006238464
   -5.067000000    0.006267197
   -5.066000000    0.006296969
   -5.065000000    0.006327803
   -5.064000000    0.006359722
   -5.063000000    0.006392750
   -5.062000000    0.006426913
   -5.061000000    0.006462237
   -5.060000000    0.006498752
   -5.059000000    0.006536484
   -5.058000000    0.006575466
   -5.057000000    0.006615729
   -5.056000000    0.006657306
   -5.055000000    0.006700232
   -5.054000000    0.006744543
   -5.053000000    0.006790278
   -5.052000000    0.006837475
   -5.051000000    0.006886177
   -5.050000000    0.006936426
   -5.049000000    0.006988270
   -5.048000000    0.007041754
   -5.047000000    0.007096928
   -5.046000000    0.007153846
   -5.045000000    0.007212561
   -5.044000000    0.007273131
   -5.043000000    0.007335616
   -5.042000000    0.007400078
   -5.041000000    0.007466583
   -5.040000000    0.007535202
   -5.039000000    0.007606006
   -5.038000000    0.007679072
   -5.037000000    0.007754480
   -5.036000000    0.007832314
   -5.035000000    0.007912663
   -5.034000000    0.007995620
   -5.033000000    0.008081283
   -5.032000000    0.008169756
   -5.031000000    0.008261147
   -5.030000000    0.008355571
   -5.029000000    0.008453150
   -5.028000000    0.008554012
   -5.027000000    0.008658290
   -5.026000000    0.008766128
   -5.025000000    0.008877678
   -5.024000000    0.008993097
   -5.023000000    0.009112556
   -5.022000000    0.009236234
   -5.021000000    0.009364321
   -5.020000000    0.009497017
   -5.019000000    0.009634538
   -5.018000000    0.009777111
   -5.017000000    0.009924978
   -5.016000000    0.010078396
   -5.015000000    0.010237640
   -5.014000000    0.010403004
   -5.013000000    0.010574798
   -5.012000000    0.010753358
   -5.011000000    0.010939040
   -5.010000000    0.011132228
   -5.009000000    0.011333330
   -5.008000000    0.011542786
   -5.007000000    0.011761070
   -5.006000000    0.011988687
   -5.005000000    0.012226186
   -5.004000000    0.012474155
   -5.003000000    0.012733231
   -5.002000000    0.013004101
   -5.001000000    0.013287509
   -5.000000000    0.013584261
   -4.999000000    0.013895232
   -4.998000000    0.014221373
   -4.997000000    0.014563720
   -4.996000000    0.014923403
   -4.995000000    0.015301655
   -4.994000000    0.015699825
   -4.993000000    0.016119395
   -4.992000000    0.016561991
   -4.991000000    0.017029402
   -4.990000000    0.017523603
   -4.989000000    0.018046776
   -4.988000000    0.018601341
   -4.987000000    0.019189985
   -4.986000000    0.019815698
   -4.985000000    0.020481822
   -4.984000000    0.021192097
   -4.983000000    0.021950722
   -4.982000000    0.022762430
   -4.981000000    0.023632568
   -4.980000000    0.024567199
   -4.979000000    0.025573225
   -4.978000000    0.026658534
   -4.977000000    0.027832172
   -4.976000000    0.029104568
   -4.975000000    0.030487791
   -4.974000000    0.031995888
   -4.973000000    0.033645286
   -4.972000000    0.035455311
   -4.971000000    0.037448840
   -4.970000000    0.039653127
   -4.969000000    0.042100881
   -4.968000000    0.044831662
   -4.967000000    0.047893717
   -4.966000000    0.051346442
   -4.965000000    0.055263700
   -4.964000000    0.059738378
   -4.963000000    0.064888746
   -4.962000000    0.070867484
   -4.961000000    0.077874782
   -4.960000000    0.086177746
   -4.959000000    0.096139948
   -4.958000000    0.108267724
   -4.957000000    0.123285221
   -4.956000000    0.142260979
   -4.955000000    0.166831566
   -4.954000000    0.199619525
   -4.953000000    0.245069812
   -4.952000000    0.311274190
   -4.951000000    0.414419419
   -4.950000000    0.591396301
   -4.949000000    0.944188446
   -4.948000000    1.859766209
   -4.947000000    5.969236893
   -4.946000000   18.528700143
   -4.945000000   13.401260308
   -4.944000000   10.542882209
   -4.943000000    8.949907619
   -4.942000000    7.918141050
   -4.941000000    7.184663716
   -4.940000000    6.630542913
   -4.939000000    6.193755910
   -4.938000000    5.838527742
   -4.937000000    5.542634212
   -4.936000000    5.291464174
   -4.935000000    5.074973094
   -4.934000000    4.886002284
   -4.933000000    4.719295882
   -4.932000000    4.570897723
   -4.931000000    4.437766172
   -4.930000000    4.317519682
   -4.929000000    4.208263730
   -4.928000000    4.108470088
   -4.927000000    4.016890729
   -4.926000000    3.932495199
   -4.925000000    3.854424278
   -4.924000000    3.781955136
   -4.923000000    3.714474775
   -4.922000000    3.651459519
   -4.921000000    3.592458995
   -4.920000000    3.537083484
   -4.919000000    3.484993839
   -4.918000000    3.435893376
   -4.917000000    3.389521295
   -4.916000000    3.345647307
   -4.915000000    3.304067207
   -4.914000000    3.264599212
   -4.913000000    3.227080900
   -4.912000000    3.191366652
   -4.911000000    3.157325488
   -4.910000000    3.124839236
   -4.909000000    3.093800975
   -4.908000000    3.064113698
   -4.907000000    3.035689171
   -4.906000000    3.008446939
   -4.905000000    2.982313473
   -4.904000000    2.957221426
   -4.903000000    2.933108986
   -4.902000000    2.909919306
   -4.901000000    2.887600007
   -4.900000000    2.866102738
   -4.899000000    2.845382792
   -4.898000000    2.825398761
   -4.897000000    2.806112231
   -4.896000000    2.787487515
   -4.895000000    2.769491408
   -4.894000000    2.752092971
   -4.893000000    2.735263340
   -4.892000000    2.718975552
   -4.891000000    2.703204387
   -4.890000000    2.687926227
   -4.889000000    2.673118932
   -4.888000000    2.658761721
   -4.887000000    2.644835069
   -4.886000000    2.631320614
   -4.885000000    2.618201069
   -4.884000000    2.605460141
   -4.883000000    2.593082467
   -4.882000000    2.581053539
   -4.881000000    2.569359651
   -4.880000000    2.557987842
   -4.879000000    2.546925845
   -4.878000000    2.536162039
   -4.877000000    2.525685414
   -4.876000000    2.515485520
   -4.875000000    2.505552443
   -4.874000000    2.495876761
   -4.873000000    2.486449523
   -4.872000000    2.477262210
   -4.871000000    2.468306720
   -4.870000000    2.459575332
   -4.869000000    2.451060693
   -4.868000000    2.442755791
   -4.867000000    2.434653937
   -4.866000000    2.426748747
   -4.865000000    2.419034126
   -4.864000000    2.411504248
   -4.863000000    2.404153546
   -4.862000000    2.396976697
   -4.861000000    2.389968607
   -4.860000000    2.383124400
   -4.859000000    2.376439407
   -4.858000000    2.369909157
   -4.857000000    2.363529362
   -4.856000000    2.357295914
   -4.855000000    2.351204871
   -4.854000000    2.345252453
   -4.853000000    2.339435031
   -4.852000000    2.333749121
   -4.851000000    2.328191376
   -4.850000000    2.322758583
   -4.849000000    2.317447654
   -4.848000000    2.312255619
   -4.847000000    2.307179623
   -4.846000000    2.302216923
   -4.845000000    2.297364877
   -4.844000000    2.292620944
   -4.843000000    2.287982680
   -4.842000000    2.283447731
   -4.841000000    2.279013830
   -4.840000000    2.274678797
   -4.839000000    2.270440530
   -4.838000000    2.266297005
   -4.837000000    2.262246272
   -4.836000000    2.258286453
   -4.835000000    2.254415738
   -4.834000000    2.250632382
   -4.833000000    2.246934705
   -4.832000000    2.243321086
   -4.831000000    2.239789965
   -4.830000000    2.236339835
   -4.829000000    2.232969247
   -4.828000000    2.229676802
   -4.827000000    2.226461154
   -4.826000000    2.223321003
   -4.825000000    2.220255098
   -4.824000000    2.217262233
   -4.823000000    2.214341247
   -4.822000000    2.211491021
   -4.821000000    2.208710476
   -4.820000000    2.205998575
   -4.819000000    2.203354318
   -4.818000000    2.200776744
   -4.817000000    2.198264927
   -4.816000000    2.195817978
   -4.815000000    2.193435041
   -4.814000000    2.191115293
   -4.813000000    2.188857944
   -4.812000000    2.186662236
   -4.811000000    2.184527441
   -4.810000000    2.182452861
   -4.809000000    2.180437827
   -4.808000000    2.178481698
   -4.807000000    2.176583863
   -4.806000000    2.174743734
   -4.805000000    2.172960754
   -4.804000000    2.171234388
   -4.803000000    2.169564129
   -4.802000000    2.167949493
   -4.801000000    2.166390022
   -4.800000000    2.164885281
   -4.799000000    2.163434857
   -4.798000000    2.162038363
   -4.797000000    2.160695432
   -4.796000000    2.159405720
   -4.795000000    2.158168907
   -4.794000000    2.156984691
   -4.793000000    2.155852794
   -4.792000000    2.154772959
   -4.791000000    2.153744947
   -4.790000000    2.152768543
   -4.789000000    2.151843552
   -4.788000000    2.150969796
   -4.787000000    2.150147122
   -4.786000000    2.149375392
   -4.785000000    2.148654491
   -4.784000000    2.147984322
   -4.783000000    2.147364810
   -4.782000000    2.146795896
   -4.781000000    2.146277544
   -4.780000000    2.145809734
   -4.779000000    2.145392469
   -4.778000000    2.145025769
   -4.777000000    2.144709675
   -4.776000000    2.144444245
   -4.775000000    2.144229561
   -4.774000000    2.144065720
   -4.773000000    2.143952842
   -4.772000000    2.143891066
   -4.771000000    2.143880551
   -4.770000000    2.143921476
   -4.769000000    2.144014041
   -4.768000000    2.144158466
   -4.767000000    2.144354993
   -4.766000000    2.144603884
   -4.765000000    2.144905423
   -4.764000000    2.145259916
   -4.763000000    2.145667690
   -4.762000000    2.146129095
   -4.761000000    2.146644503
   -4.760000000    2.147214312
   -4.759000000    2.147838939
   -4.758000000    2.148518829
   -4.757000000    2.149254450
   -4.756000000    2.150046294
   -4.755000000    2.150894880
   -4.754000000    2.151800753
   -4.753000000    2.152764483
   -4.752000000    2.153786670
   -4.751000000    2.154867939
   -4.750000000    2.156008947
   -4.749000000    2.157210377
   -4.748000000    2.158472945
   -4.747000000    2.159797397
   -4.746000000    2.161184510
   -4.745000000    2.162635095
   -4.744000000    2.164149997
   -4.743000000    2.165730095
   -4.742000000    2.167376305
   -4.741000000    2.169089578
   -4.740000000    2.170870904
   -4.739000000    2.172721313
   -4.738000000    2.174641877
   -4.737000000    2.176633706
   -4.736000000    2.178697957
   -4.735000000    2.180835831
   -4.734000000    2.183048575
   -4.733000000    2.185337485
   -4.732000000    2.187703906
   -4.731000000    2.190149238
   -4.730000000    2.192674930
   -4.729000000    2.195282490
   -4.728000000    2.197973483
   -4.727000000    2.200749536
   -4.726000000    2.203612335
   -4.725000000    2.206563636
   -4.724000000    2.209605260
   -4.723000000    2.212739097
   -4.722000000    2.215967115
   -4.721000000    2.219291356
   -4.720000000    2.222713943
   -4.719000000    2.226237082
   -4.718000000    2.229863066
   -4.717000000    2.233594280
   -4.716000000    2.237433205
   -4.715000000    2.241382420
   -4.714000000    2.245444610
   -4.713000000    2.249622566
   -4.712000000    2.253919199
   -4.711000000    2.258337533
   -4.710000000    2.262880725
   -4.709000000    2.267552057
   -4.708000000    2.272354955
   -4.707000000    2.277292988
   -4.706000000    2.282369879
   -4.705000000    2.287589510
   -4.704000000    2.292955935
   -4.703000000    2.298473385
   -4.702000000    2.304146280
   -4.701000000    2.309979237
   -4.700000000    2.315977083
   -4.699000000    2.322144867
   -4.698000000    2.328487869
   -4.697000000    2.335011618
   -4.696000000    2.341721904
   -4.695000000    2.348624793
   -4.694000000    2.355726645
   -4.693000000    2.363034131
   -4.692000000    2.370554251
   -4.691000000    2.378294358
   -4.690000000    2.386262176
   -4.689000000    2.394465827
   -4.688000000    2.402913854
   -4.687000000    2.411615252
   -4.686000000    2.420579497
   -4.685000000    2.429816578
   -4.684000000    2.439337031
   -4.683000000    2.449151981
   -4.682000000    2.459273182
   -4.681000000    2.469713063
   -4.680000000    2.480484776
   -4.679000000    2.491602252
   -4.678000000    2.503080258
   -4.677000000    2.514934464
   -4.676000000    2.527181512
   -4.675000000    2.539839097
   -4.674000000    2.552926047
   -4.673000000    2.566462420
   -4.672000000    2.580469611
   -4.671000000    2.594970461
   -4.670000000    2.609989387
   -4.669000000    2.625552521
   -4.668000000    2.641687869
   -4.667000000    2.658425483
   -4.666000000    2.675797656
   -4.665000000    2.693839136
   -4.664000000    2.712587376
   -4.663000000    2.732082799
   -4.662000000    2.752369113
   -4.661000000    2.773493655
   -4.660000000    2.795507782
   -4.659000000    2.818467323
   -4.658000000    2.842433084
   -4.657000000    2.867471429
   -4.656000000    2.893654947
   -4.655000000    2.921063217
   -4.654000000    2.949783689
   -4.653000000    2.979912713
   -4.652000000    3.011556724
   -4.651000000    3.044833636
   -4.650000000    3.079874471
   -4.649000000    3.116825286
   -4.648000000    3.155849451
   -4.647000000    3.197130363
   -4.646000000    3.240874702
   -4.645000000    3.287316353
   -4.644000000    3.336721165
   -4.643000000    3.389392767
   -4.642000000    3.445679729
   -4.641000000    3.505984449
   -4.640000000    3.570774286
   -4.639000000    3.640595633
   -4.638000000    3.716091890
   -4.637000000    3.798026705
   -4.636000000    3.887314364
   -4.635000000    3.985060118
   -4.634000000    4.092614508
   -4.633000000    4.211647797
   -4.632000000    4.344253936
   -4.631000000    4.493098946
   -4.630000000    4.661637989
   -4.629000000    4.854442032
   -4.628000000    5.077705915
   -4.627000000    5.340069720
   -4.626000000    5.654009514
   -4.625000000    6.038328003
   -4.624000000    6.522936254
   -4.623000000    7.158881441
   -4.622000000    8.041945185
   -4.621000000    9.377400720
   -4.620000000   11.694660468
   -4.619000000   16.269853552
   -4.618000000    7.552169802
   -4.617000000    2.030406410
   -4.616000000    0.969439597
   -4.615000000    0.589747976
   -4.614000000    0.406427165
   -4.613000000    0.302027051
   -4.612000000    0.236043070
   -4.611000000    0.191239343
   -4.610000000    0.159182026
   -4.609000000    0.135310893
   -4.608000000    0.116967918
   -4.607000000    0.102510317
   -4.606000000    0.090873883
   -4.605000000    0.081342076
   -4.604000000    0.073416619
   -4.603000000    0.066741397
   -4.602000000    0.061055833
   -4.601000000    0.056165320
   -4.600000000    0.051921890
   -4.599000000    0.048211239
   -4.598000000    0.044943814
   -4.597000000    0.042048558
   -4.596000000    0.039468444
   -4.595000000    0.037157230
   -4.594000000    0.035077065
   -4.593000000    0.033196697
   -4.592000000    0.031490120
   -4.591000000    0.029935535
   -4.590000000    0.028514546
   -4.589000000    0.027211531
   -4.588000000    0.026013149
   -4.587000000    0.024907944
   -4.586000000    0.023886026
   -4.585000000    0.022938824
   -4.584000000    0.022058870
   -4.583000000    0.021239633
   -4.582000000    0.020475380
   -4.581000000    0.019761056
   -4.580000000    0.019092192
   -4.579000000    0.018464825
   -4.578000000    0.017875425
   -4.577000000    0.017320841
   -4.576000000    0.016798253
   -4.575000000    0.016305129
   -4.574000000    0.015839191
   -4.573000000    0.015398383
   -4.572000000    0.014980847
   -4.571000000    0.014584898
   -4.570000000    0.014209007
   -4.569000000    0.013851781
   -4.568000000    0.013511952
   -4.567000000    0.013188358
   -4.566000000    0.012879940
   -4.565000000    0.012585724
   -4.564000000    0.012304815
   -4.563000000    0.012036394
   -4.562000000    0.011779702
   -4.561000000    0.011534040
   -4.560000000    0.011298765
   -4.559000000    0.011073277
   -4.558000000    0.010857025
   -4.557000000    0.010649495
   -4.556000000    0.010450211
   -4.555000000    0.010258730
   -4.554000000    0.010074638
   -4.553000000    0.009897552
   -4.552000000    0.009727113
   -4.551000000    0.009562985
   -4.550000000    0.009404856
   -4.549000000    0.009252431
   -4.548000000    0.009105437
   -4.547000000    0.008963616
   -4.546000000    0.008826726
   -4.545000000    0.008694539
   -4.544000000    0.008566843
   -4.543000000    0.008443436
   -4.542000000    0.008324130
   -4.541000000    0.008208745
   -4.540000000    0.008097114
   -4.539000000    0.007989078
   -4.538000000    0.007884487
   -4.537000000    0.007783199
   -4.536000000    0.007685080
   -4.535000000    0.007590003
   -4.534000000    0.007497849
   -4.533000000    0.007408502
   -4.532000000    0.007321855
   -4.531000000    0.007237806
   -4.530000000    0.007156258
   -4.529000000    0.007077117
   -4.528000000    0.007000296
   -4.527000000    0.006925712
   -4.526000000    0.006853284
   -4.525000000    0.006782938
   -4.524000000    0.006714601
   -4.523000000    0.006648204
   -4.522000000    0.006583683
   -4.521000000    0.006520974
   -4.520000000    0.006460019
   -4.519000000    0.006400759
   -4.518000000    0.006343141
   -4.517000000    0.006287114
   -4.516000000    0.006232627
   -4.515000000    0.006179633
   -4.514000000    0.006128086
   -4.513000000    0.006077944
   -4.512000000    0.006029165
   -4.511000000    0.005981709
   -4.510000000    0.005935538
   -4.509000000    0.005890616
   -4.508000000    0.005846907
   -4.507000000    0.005804379
   -4.506000000    0.005762998
   -4.505000000    0.005722735
   -4.504000000    0.005683560
   -4.503000000    0.005645445
   -4.502000000    0.005608361
   -4.501000000    0.005572285
   -4.500000000    0.005537189
   -4.499000000    0.005503050
   -4.498000000    0.005469846
   -4.497000000    0.005437554
   -4.496000000    0.005406152
   -4.495000000    0.005375621
   -4.494000000    0.005345940
   -4.493000000    0.005317091
   -4.492000000    0.005289055
   -4.491000000    0.005261816
   -4.490000000    0.005235356
   -4.489000000    0.005209659
   -4.488000000    0.005184711
   -4.487000000    0.005160495
   -4.486000000    0.005136999
   -4.485000000    0.005114207
   -4.484000000    0.005092107
   -4.483000000    0.005070687
   -4.482000000    0.005049934
   -4.481000000    0.005029837
   -4.480000000    0.005010384
   -4.479000000    0.004991566
   -4.478000000    0.004973370
   -4.477000000    0.004955788
   -4.476000000    0.004938811
   -4.475000000    0.004922429
   -4.474000000    0.004906633
   -4.473000000    0.004891416
   -4.472000000    0.004876770
   -4.471000000    0.004862686
   -4.470000000    0.004849158
   -4.469000000    0.004836179
   -4.468000000    0.004823743
   -4.467000000    0.004811843
   -4.466000000    0.004800473
   -4.465000000    0.004789629
   -4.464000000    0.004779303
   -4.463000000    0.004769492
   -4.462000000    0.004760192
   -4.461000000    0.004751396
   -4.460000000    0.004743102
   -4.459000000    0.004735305
   -4.458000000    0.004728003
   -4.457000000    0.004721190
   -4.456000000    0.004714865
   -4.455000000    0.004709025
   -4.454000000    0.004703667
   -4.453000000    0.004698788
   -4.452000000    0.004694387
   -4.451000000    0.004690462
   -4.450000000    0.004687011
   -4.449000000    0.004684033
   -4.448000000    0.004681526
   -4.447000000    0.004679491
   -4.446000000    0.004677925
   -4.445000000    0.004676829
   -4.444000000    0.004676203
   -4.443000000    0.004676047
   -4.442000000    0.004676360
   -4.441000000    0.004677144
   -4.440000000    0.004678399
   -4.439000000    0.004680126
   -4.438000000    0.004682326
   -4.437000000    0.004685002
   -4.436000000    0.004688154
   -4.435000000    0.004691785
   -4.434000000    0.004695896
   -4.433000000    0.004700491
   -4.432000000    0.004705572
   -4.431000000    0.004711142
   -4.430000000    0.004717204
   -4.429000000    0.004723761
   -4.428000000    0.004730818
   -4.427000000    0.004738378
   -4.426000000    0.004746447
   -4.425000000    0.004755027
   -4.424000000    0.004764125
   -4.423000000    0.004773745
   -4.422000000    0.004783893
   -4.421000000    0.004794574
   -4.420000000    0.004805795
   -4.419000000    0.004817563
   -4.418000000    0.004829883
   -4.417000000    0.004842763
   -4.416000000    0.004856211
   -4.415000000    0.004870234
   -4.414000000    0.004884840
   -4.413000000    0.004900039
   -4.412000000    0.004915838
   -4.411000000    0.004932247
   -4.410000000    0.004949277
   -4.409000000    0.004966937
   -4.408000000    0.004985238
   -4.407000000    0.005004191
   -4.406000000    0.005023807
   -4.405000000    0.005044099
   -4.404000000    0.005065080
   -4.403000000    0.005086762
   -4.402000000    0.005109159
   -4.401000000    0.005132286
   -4.400000000    0.005156157
   -4.399000000    0.005180788
   -4.398000000    0.005206195
   -4.397000000    0.005232395
   -4.396000000    0.005259405
   -4.395000000    0.005287243
   -4.394000000    0.005315929
   -4.393000000    0.005345482
   -4.392000000    0.005375923
   -4.391000000    0.005407274
   -4.390000000    0.005439556
   -4.389000000    0.005472793
   -4.388000000    0.005507009
   -4.387000000    0.005542230
   -4.386000000    0.005578482
   -4.385000000    0.005615792
   -4.384000000    0.005654189
   -4.383000000    0.005693704
   -4.382000000    0.005734367
   -4.381000000    0.005776211
   -4.380000000    0.005819269
   -4.379000000    0.005863578
   -4.378000000    0.005909175
   -4.377000000    0.005956098
   -4.376000000    0.006004387
   -4.375000000    0.006054086
   -4.374000000    0.006105238
   -4.373000000    0.006157889
   -4.372000000    0.006212089
   -4.371000000    0.006267887
   -4.370000000    0.006325337
   -4.369000000    0.006384495
   -4.368000000    0.006445419
   -4.367000000    0.006508169
   -4.366000000    0.006572811
   -4.365000000    0.006639411
   -4.364000000    0.006708040
   -4.363000000    0.006778773
   -4.362000000    0.006851687
   -4.361000000    0.006926864
   -4.360000000    0.007004391
   -4.359000000    0.007084359
   -4.358000000    0.007166863
   -4.357000000    0.007252003
   -4.356000000    0.007339887
   -4.355000000    0.007430627
   -4.354000000    0.007524341
   -4.353000000    0.007621153
   -4.352000000    0.007721197
   -4.351000000    0.007824611
   -4.350000000    0.007931545
   -4.349000000    0.008042154
   -4.348000000    0.008156605
   -4.347000000    0.008275074
   -4.346000000    0.008397748
   -4.345000000    0.008524827
   -4.344000000    0.008656521
   -4.343000000    0.008793055
   -4.342000000    0.008934670
   -4.341000000    0.009081620
   -4.340000000    0.009234178
   -4.339000000    0.009392636
   -4.338000000    0.009557304
   -4.337000000    0.009728515
   -4.336000000    0.009906627
   -4.335000000    0.010092023
   -4.334000000    0.010285113
   -4.333000000    0.010486338
   -4.332000000    0.010696175
   -4.331000000    0.010915136
   -4.330000000    0.011143772
   -4.329000000    0.011382682
   -4.328000000    0.011632510
   -4.327000000    0.011893956
   -4.326000000    0.012167779
   -4.325000000    0.012454804
   -4.324000000    0.012755927
   -4.323000000    0.013072126
   -4.322000000    0.013404469
   -4.321000000    0.013754124
   -4.320000000    0.014122370
   -4.319000000    0.014510612
   -4.318000000    0.014920395
   -4.317000000    0.015353423
   -4.316000000    0.015811577
   -4.315000000    0.016296942
   -4.314000000    0.016811831
   -4.313000000    0.017358817
   -4.312000000    0.017940771
   -4.311000000    0.018560906
   -4.310000000    0.019222824
   -4.309000000    0.019930582
   -4.308000000    0.020688759
   -4.307000000    0.021502541
   -4.306000000    0.022377826
   -4.305000000    0.023321344
   -4.304000000    0.024340805
   -4.303000000    0.025445086
   -4.302000000    0.026644445
   -4.301000000    0.027950799
   -4.300000000    0.029378068
   -4.299000000    0.030942592
   -4.298000000    0.032663681
   -4.297000000    0.034564290
   -4.296000000    0.036671907
   -4.295000000    0.039019694
   -4.294000000    0.041647989
   -4.293000000    0.044606307
   -4.292000000    0.047956025
   -4.291000000    0.051774050
   -4.290000000    0.056157922
   -4.289000000    0.061233008
   -4.288000000    0.067162864
   -4.287000000    0.074164499
   -4.286000000    0.082531397
   -4.285000000    0.092669269
   -4.284000000    0.105153357
   -4.283000000    0.120823855
   -4.282000000    0.140951941
   -4.281000000    0.167544373
   -4.280000000    0.203939378
   -4.279000000    0.256069398
   -4.278000000    0.335425643
   -4.277000000    0.467035776
   -4.276000000    0.715478108
   -4.275000000    1.298605961
   -4.274000000    3.406806326
   -4.273000000   15.301397051
   -4.272000000   13.168528988
   -4.271000000    9.999219936
   -4.270000000    8.331985520
   -4.269000000    7.293320366
   -4.268000000    6.572627587
   -4.267000000    6.036929321
   -4.266000000    5.619508410
   -4.265000000    5.282934562
   -4.264000000    5.004431586
   -4.263000000    4.769263058
   -4.262000000    4.567426341
   -4.261000000    4.391865983
   -4.260000000    4.237446157
   -4.259000000    4.100328871
   -4.258000000    3.977581483
   -4.257000000    3.866919966
   -4.256000000    3.766535790
   -4.255000000    3.674976012
   -4.254000000    3.591058383
   -4.253000000    3.513809886
   -4.252000000    3.442421532
   -4.251000000    3.376214522
   -4.250000000    3.314614551
   -4.249000000    3.257132048
   -4.248000000    3.203346797
   -4.247000000    3.152895823
   -4.246000000    3.105463777
   -4.245000000    3.060775206
   -4.244000000    3.018588320
   -4.243000000    2.978689887
   -4.242000000    2.940891059
   -4.241000000    2.905023911
   -4.240000000    2.870938561
   -4.239000000    2.838500762
   -4.238000000    2.807589874
   -4.237000000    2.778097146
   -4.236000000    2.749924259
   -4.235000000    2.722982081
   -4.234000000    2.697189591
   -4.233000000    2.672472964
   -4.232000000    2.648764772
   -4.231000000    2.626003292
   -4.230000000    2.604131902
   -4.229000000    2.583098557
   -4.228000000    2.562855324
   -4.227000000    2.543357978
   -4.226000000    2.524565642
   -4.225000000    2.506440473
   -4.224000000    2.488947375
   -4.223000000    2.472053755
   -4.222000000    2.455729295
   -4.221000000    2.439945759
   -4.220000000    2.424676808
   -4.219000000    2.409897844
   -4.218000000    2.395585865
   -4.217000000    2.381719337
   -4.216000000    2.368278073
   -4.215000000    2.355243131
   -4.214000000    2.342596717
   -4.213000000    2.330322099
   -4.212000000    2.318403522
   -4.211000000    2.306826146
   -4.210000000    2.295575972
   -4.209000000    2.284639785
   -4.208000000    2.274005098
   -4.207000000    2.263660106
   -4.206000000    2.253593633
   -4.205000000    2.243795094
   -4.204000000    2.234254457
   -4.203000000    2.224962203
   -4.202000000    2.215909298
   -4.201000000    2.207087156
   -4.200000000    2.198487618
   -4.199000000    2.190102921
   -4.198000000    2.181925676
   -4.197000000    2.173948844
   -4.196000000    2.166165718
   -4.195000000    2.158569900
   -4.194000000    2.151155286
   -4.193000000    2.143916048
   -4.192000000    2.136846619
   -4.191000000    2.129941679
   -4.190000000    2.123196139
   -4.189000000    2.116605131
   -4.188000000    2.110163997
   -4.187000000    2.103868272
   -4.186000000    2.097713685
   -4.185000000    2.091696134
   -4.184000000    2.085811692
   -4.183000000    2.080056587
   -4.182000000    2.074427202
   -4.181000000    2.068920064
   -4.180000000    2.063531834
   -4.179000000    2.058259306
   -4.178000000    2.053099400
   -4.177000000    2.048049150
   -4.176000000    2.043105706
   -4.175000000    2.038266325
   -4.174000000    2.033528366
   -4.173000000    2.028889287
   -4.172000000    2.024346638
   -4.171000000    2.019898061
   -4.170000000    2.015541280
   -4.169000000    2.011274105
   -4.168000000    2.007094420
   -4.167000000    2.003000186
   -4.166000000    1.998989437
   -4.165000000    1.995060273
   -4.164000000    1.991210862
   -4.163000000    1.987439434
   -4.162000000    1.983744279
   -4.161000000    1.980123748
   -4.160000000    1.976576244
   -4.159000000    1.973100227
   -4.158000000    1.969694207
   -4.157000000    1.966356743
   -4.156000000    1.963086442
   -4.155000000    1.959881959
   -4.154000000    1.956741990
   -4.153000000    1.953665275
   -4.152000000    1.950650595
   -4.151000000    1.947696770
   -4.150000000    1.944802658
   -4.149000000    1.941967155
   -4.148000000    1.939189190
   -4.147000000    1.936467728
   -4.146000000    1.933801766
   -4.145000000    1.931190333
   -4.144000000    1.928632489
   -4.143000000    1.926127324
   -4.142000000    1.923673956
   -4.141000000    1.921271531
   -4.140000000    1.918919222
   -4.139000000    1.916616228
   -4.138000000    1.914361773
   -4.137000000    1.912155106
   -4.136000000    1.909995498
   -4.135000000    1.907882246
   -4.134000000    1.905814666
   -4.133000000    1.903792097
   -4.132000000    1.901813899
   -4.131000000    1.899879453
   -4.130000000    1.897988158
   -4.129000000    1.896139433
   -4.128000000    1.894332716
   -4.127000000    1.892567463
   -4.126000000    1.890843147
   -4.125000000    1.889159258
   -4.124000000    1.887515305
   -4.123000000    1.885910811
   -4.122000000    1.884345315
   -4.121000000    1.882818372
   -4.120000000    1.881329552
   -4.119000000    1.879878440
   -4.118000000    1.878464634
   -4.117000000    1.877087749
   -4.116000000    1.875747410
   -4.115000000    1.874443258
   -4.114000000    1.873174946
   -4.113000000    1.871942140
   -4.112000000    1.870744520
   -4.111000000    1.869581775
   -4.110000000    1.868453609
   -4.109000000    1.867359736
   -4.108000000    1.866299884
   -4.107000000    1.865273789
   -4.106000000    1.864281201
   -4.105000000    1.863321880
   -4.104000000    1.862395596
   -4.103000000    1.861502130
   -4.102000000    1.860641275
   -4.101000000    1.859812833
   -4.100000000    1.859016615
   -4.099000000    1.858252444
   -4.098000000    1.857520152
   -4.097000000    1.856819581
   -4.096000000    1.856150581
   -4.095000000    1.855513015
   -4.094000000    1.854906753
   -4.093000000    1.854331674
   -4.092000000    1.853787666
   -4.091000000    1.853274629
   -4.090000000    1.852792469
   -4.089000000    1.852341103
   -4.088000000    1.851920455
   -4.087000000    1.851530459
   -4.086000000    1.851171058
   -4.085000000    1.850842204
   -4.084000000    1.850543857
   -4.083000000    1.850275987
   -4.082000000    1.850038570
   -4.081000000    1.849831594
   -4.080000000    1.849655053
   -4.079000000    1.849508952
   -4.078000000    1.849393302
   -4.077000000    1.849308125
   -4.076000000    1.849253452
   -4.075000000    1.849229320
   -4.074000000    1.849235776
   -4.073000000    1.849272878
   -4.072000000    1.849340690
   -4.071000000    1.849439285
   -4.070000000    1.849568746
   -4.069000000    1.849729166
   -4.068000000    1.849920644
   -4.067000000    1.850143291
   -4.066000000    1.850397226
   -4.065000000    1.850682576
   -4.064000000    1.850999480
   -4.063000000    1.851348085
   -4.062000000    1.851728547
   -4.061000000    1.852141033
   -4.060000000    1.852585718
   -4.059000000    1.853062790
   -4.058000000    1.853572443
   -4.057000000    1.854114885
   -4.056000000    1.854690333
   -4.055000000    1.855299013
   -4.054000000    1.855941164
   -4.053000000    1.856617034
   -4.052000000    1.857326884
   -4.051000000    1.858070984
   -4.050000000    1.858849619
   -4.049000000    1.859663081
   -4.048000000    1.860511678
   -4.047000000    1.861395728
   -4.046000000    1.862315561
   -4.045000000    1.863271523
   -4.044000000    1.864263969
   -4.043000000    1.865293270
   -4.042000000    1.866359808
   -4.041000000    1.867463982
   -4.040000000    1.868606203
   -4.039000000    1.869786897
   -4.038000000    1.871006505
   -4.037000000    1.872265484
   -4.036000000    1.873564305
   -4.035000000    1.874903457
   -4.034000000    1.876283445
   -4.033000000    1.877704790
   -4.032000000    1.879168031
   -4.031000000    1.880673726
   -4.030000000    1.882222449
   -4.029000000    1.883814795
   -4.028000000    1.885451378
   -4.027000000    1.887132832
   -4.026000000    1.888859812
   -4.025000000    1.890632993
   -4.024000000    1.892453074
   -4.023000000    1.894320775
   -4.022000000    1.896236839
   -4.021000000    1.898202036
   -4.020000000    1.900217158
   -4.019000000    1.902283023
   -4.018000000    1.904400478
   -4.017000000    1.906570394
   -4.016000000    1.908793672
   -4.015000000    1.911071244
   -4.014000000    1.913404069
   -4.013000000    1.915793140
   -4.012000000    1.918239482
   -4.011000000    1.920744153
   -4.010000000    1.923308247
   -4.009000000    1.925932893
   -4.008000000    1.928619258
   -4.007000000    1.931368549
   -4.006000000    1.934182012
   -4.005000000    1.937060935
   -4.004000000    1.940006652
   -4.003000000    1.943020539
   -4.002000000    1.946104021
   -4.001000000    1.949258572
   -4.000000000    1.952485717
   -3.999000000    1.955787032
   -3.998000000    1.959164151
   -3.997000000    1.962618763
   -3.996000000    1.966152620
   -3.995000000    1.969767533
   -3.994000000    1.973465381
   -3.993000000    1.977248109
   -3.992000000    1.981117735
   -3.991000000    1.985076348
   -3.990000000    1.989126116
   -3.989000000    1.993269290
   -3.988000000    1.997508202
   -3.987000000    2.001845274
   -3.986000000    2.006283022
   -3.985000000    2.010824056
   -3.984000000    2.015471090
   -3.983000000    2.020226944
   -3.982000000    2.025094550
   -3.981000000    2.030076955
   -3.980000000    2.035177331
   -3.979000000    2.040398980
   -3.978000000    2.045745338
   -3.977000000    2.051219986
   -3.976000000    2.056826651
   -3.975000000    2.062569224
   -3.974000000    2.068451759
   -3.973000000    2.074478486
   -3.972000000    2.080653821
   -3.971000000    2.086982377
   -3.970000000    2.093468971
   -3.969000000    2.100118639
   -3.968000000    2.106936650
   -3.967000000    2.113928515
   -3.966000000    2.121100005
   -3.965000000    2.128457164
   -3.964000000    2.136006328
   -3.963000000    2.143754143
   -3.962000000    2.151707579
   -3.961000000    2.159873959
   -3.960000000    2.168260975
   -3.959000000    2.176876714
   -3.958000000    2.185729684
   -3.957000000    2.194828844
   -3.956000000    2.204183631
   -3.955000000    2.213803996
   -3.954000000    2.223700437
   -3.953000000    2.233884040
   -3.952000000    2.244366524
   -3.951000000    2.255160279
   -3.950000000    2.266278426
   -3.949000000    2.277734865
   -3.948000000    2.289544338
   -3.947000000    2.301722494
   -3.946000000    2.314285963
   -3.945000000    2.327252434
   -3.944000000    2.340640740
   -3.943000000    2.354470961
   -3.942000000    2.368764524
   -3.941000000    2.383544321
   -3.940000000    2.398834845
   -3.939000000    2.414662330
   -3.938000000    2.431054914
   -3.937000000    2.448042816
   -3.936000000    2.465658543
   -3.935000000    2.483937108
   -3.934000000    2.502916291
   -3.933000000    2.522636911
   -3.932000000    2.543143162
   -3.931000000    2.564482965
   -3.930000000    2.586708384
   -3.929000000    2.609876095
   -3.928000000    2.634047922
   -3.927000000    2.659291450
   -3.926000000    2.685680725
   -3.925000000    2.713297076
   -3.924000000    2.742230046
   -3.923000000    2.772578492
   -3.922000000    2.804451858
   -3.921000000    2.837971672
   -3.920000000    2.873273307
   -3.919000000    2.910508071
   -3.918000000    2.949845685
   -3.917000000    2.991477257
   -3.916000000    3.035618860
   -3.915000000    3.082515869
   -3.914000000    3.132448249
   -3.913000000    3.185737068
   -3.912000000    3.242752554
   -3.911000000    3.303924184
   -3.910000000    3.369753402
   -3.909000000    3.440829848
   -3.908000000    3.517852278
   -3.907000000    3.601655876
   -3.906000000    3.693248397
   -3.905000000    3.793858714
   -3.904000000    3.905003134
   -3.903000000    4.028577700
   -3.902000000    4.166989412
   -3.901000000    4.323347306
   -3.900000000    4.501748542
   -3.899000000    4.707720634
   -3.898000000    4.948931314
   -3.897000000    5.236380165
   -3.896000000    5.586510439
   -3.895000000    6.025210684
   -3.894000000    6.596066790
   -3.893000000    7.379356433
   -3.892000000    8.542656836
   -3.891000000   10.503385056
   -3.890000000   14.405858594
   -3.889000000    9.566453250
   -3.888000000    2.258840085
   -3.887000000    1.009947358
   -3.886000000    0.595987308
   -3.885000000    0.403677079
   -3.884000000    0.296638934
   -3.883000000    0.230007793
   -3.882000000    0.185252052
   -3.881000000    0.153488359
   -3.880000000    0.129985388
   -3.879000000    0.112017122
   -3.878000000    0.097914144
   -3.877000000    0.086603029
   -3.876000000    0.077365490
   -3.875000000    0.069704638
   -3.874000000    0.063266934
   -3.873000000    0.057794686
   -3.872000000    0.053096094
   -3.871000000    0.049025761
   -3.870000000    0.045471668
   -3.869000000    0.042346261
   -3.868000000    0.039580219
   -3.867000000    0.037118018
   -3.866000000    0.034914715
   -3.865000000    0.032933581
   -3.864000000    0.031144339
   -3.863000000    0.029521827
   -3.862000000    0.028044982
   -3.861000000    0.026696048
   -3.860000000    0.025459967
   -3.859000000    0.024323891
   -3.858000000    0.023276797
   -3.857000000    0.022309182
   -3.856000000    0.021412813
   -3.855000000    0.020580524
   -3.854000000    0.019806054
   -3.853000000    0.019083910
   -3.852000000    0.018409252
   -3.851000000    0.017777806
   -3.850000000    0.017185780
   -3.849000000    0.016629802
   -3.848000000    0.016106864
   -3.847000000    0.015614273
   -3.846000000    0.015149614
   -3.845000000    0.014710714
   -3.844000000    0.014295616
   -3.843000000    0.013902548
   -3.842000000    0.013529907
   -3.841000000    0.013176237
   -3.840000000    0.012840214
   -3.839000000    0.012520630
   -3.838000000    0.012216383
   -3.837000000    0.011926466
   -3.836000000    0.011649952
   -3.835000000    0.011385995
   -3.834000000    0.011133815
   -3.833000000    0.010892691
   -3.832000000    0.010661964
   -3.831000000    0.010441019
   -3.830000000    0.010229292
   -3.829000000    0.010026258
   -3.828000000    0.009831431
   -3.827000000    0.009644360
   -3.826000000    0.009464625
   -3.825000000    0.009291835
   -3.824000000    0.009125627
   -3.823000000    0.008965662
   -3.822000000    0.008811621
   -3.821000000    0.008663210
   -3.820000000    0.008520150
   -3.819000000    0.008382182
   -3.818000000    0.008249063
   -3.817000000    0.008120564
   -3.816000000    0.007996469
   -3.815000000    0.007876579
   -3.814000000    0.007760703
   -3.813000000    0.007648661
   -3.812000000    0.007540287
   -3.811000000    0.007435420
   -3.810000000    0.007333912
   -3.809000000    0.007235620
   -3.808000000    0.007140411
   -3.807000000    0.007048158
   -3.806000000    0.006958741
   -3.805000000    0.006872047
   -3.804000000    0.006787969
   -3.803000000    0.006706405
   -3.802000000    0.006627257
   -3.801000000    0.006550435
   -3.800000000    0.006475850
   -3.799000000    0.006403420
   -3.798000000    0.006333066
   -3.797000000    0.006264714
   -3.796000000    0.006198291
   -3.795000000    0.006133729
   -3.794000000    0.006070964
   -3.793000000    0.006009935
   -3.792000000    0.005950581
   -3.791000000    0.005892847
   -3.790000000    0.005836679
   -3.789000000    0.005782025
   -3.788000000    0.005728838
   -3.787000000    0.005677069
   -3.786000000    0.005626674
   -3.785000000    0.005577610
   -3.784000000    0.005529836
   -3.783000000    0.005483312
   -3.782000000    0.005438002
   -3.781000000    0.005393869
   -3.780000000    0.005350878
   -3.779000000    0.005308996
   -3.778000000    0.005268192
   -3.777000000    0.005228435
   -3.776000000    0.005189695
   -3.775000000    0.005151945
   -3.774000000    0.005115158
   -3.773000000    0.005079307
   -3.772000000    0.005044368
   -3.771000000    0.005010317
   -3.770000000    0.004977131
   -3.769000000    0.004944788
   -3.768000000    0.004913266
   -3.767000000    0.004882545
   -3.766000000    0.004852605
   -3.765000000    0.004823428
   -3.764000000    0.004794995
   -3.763000000    0.004767288
   -3.762000000    0.004740292
   -3.761000000    0.004713989
   -3.760000000    0.004688363
   -3.759000000    0.004663401
   -3.758000000    0.004639086
   -3.757000000    0.004615406
   -3.756000000    0.004592346
   -3.755000000    0.004569895
   -3.754000000    0.004548038
   -3.753000000    0.004526765
   -3.752000000    0.004506063
   -3.751000000    0.004485921
   -3.750000000    0.004466329
   -3.749000000    0.004447276
   -3.748000000    0.004428752
   -3.747000000    0.004410748
   -3.746000000    0.004393253
   -3.745000000    0.004376260
   -3.744000000    0.004359760
   -3.743000000    0.004343744
   -3.742000000    0.004328204
   -3.741000000    0.004313132
   -3.740000000    0.004298522
   -3.739000000    0.004284365
   -3.738000000    0.004270656
   -3.737000000    0.004257387
   -3.736000000    0.004244552
   -3.735000000    0.004232145
   -3.734000000    0.004220161
   -3.733000000    0.004208593
   -3.732000000    0.004197436
   -3.731000000    0.004186686
   -3.730000000    0.004176336
   -3.729000000    0.004166383
   -3.728000000    0.004156821
   -3.727000000    0.004147647
   -3.726000000    0.004138856
   -3.725000000    0.004130444
   -3.724000000    0.004122408
   -3.723000000    0.004114744
   -3.722000000    0.004107448
   -3.721000000    0.004100518
   -3.720000000    0.004093950
   -3.719000000    0.004087741
   -3.718000000    0.004081889
   -3.717000000    0.004076391
   -3.716000000    0.004071245
   -3.715000000    0.004066449
   -3.714000000    0.004061999
   -3.713000000    0.004057895
   -3.712000000    0.004054135
   -3.711000000    0.004050717
   -3.710000000    0.004047639
   -3.709000000    0.004044900
   -3.708000000    0.004042500
   -3.707000000    0.004040436
   -3.706000000    0.004038709
   -3.705000000    0.004037317
   -3.704000000    0.004036259
   -3.703000000    0.004035536
   -3.702000000    0.004035147
   -3.701000000    0.004035091
   -3.700000000    0.004035369
   -3.699000000    0.004035981
   -3.698000000    0.004036927
   -3.697000000    0.004038206
   -3.696000000    0.004039821
   -3.695000000    0.004041771
   -3.694000000    0.004044058
   -3.693000000    0.004046681
   -3.692000000    0.004049643
   -3.691000000    0.004052944
   -3.690000000    0.004056586
   -3.689000000    0.004060571
   -3.688000000    0.004064899
   -3.687000000    0.004069573
   -3.686000000    0.004074595
   -3.685000000    0.004079966
   -3.684000000    0.004085690
   -3.683000000    0.004091769
   -3.682000000    0.004098204
   -3.681000000    0.004105000
   -3.680000000    0.004112158
   -3.679000000    0.004119682
   -3.678000000    0.004127575
   -3.677000000    0.004135841
   -3.676000000    0.004144483
   -3.675000000    0.004153505
   -3.674000000    0.004162911
   -3.673000000    0.004172705
   -3.672000000    0.004182892
   -3.671000000    0.004193475
   -3.670000000    0.004204461
   -3.669000000    0.004215853
   -3.668000000    0.004227658
   -3.667000000    0.004239880
   -3.666000000    0.004252525
   -3.665000000    0.004265599
   -3.664000000    0.004279108
   -3.663000000    0.004293059
   -3.662000000    0.004307458
   -3.661000000    0.004322312
   -3.660000000    0.004337629
   -3.659000000    0.004353415
   -3.658000000    0.004369678
   -3.657000000    0.004386427
   -3.656000000    0.004403670
   -3.655000000    0.004421415
   -3.654000000    0.004439671
   -3.653000000    0.004458449
   -3.652000000    0.004477757
   -3.651000000    0.004497605
   -3.650000000    0.004518005
   -3.649000000    0.004538966
   -3.648000000    0.004560500
   -3.647000000    0.004582619
   -3.646000000    0.004605335
   -3.645000000    0.004628660
   -3.644000000    0.004652608
   -3.643000000    0.004677191
   -3.642000000    0.004702425
   -3.641000000    0.004728322
   -3.640000000    0.004754900
   -3.639000000    0.004782173
   -3.638000000    0.004810157
   -3.637000000    0.004838870
   -3.636000000    0.004868330
   -3.635000000    0.004898553
   -3.634000000    0.004929560
   -3.633000000    0.004961370
   -3.632000000    0.004994004
   -3.631000000    0.005027482
   -3.630000000    0.005061828
   -3.629000000    0.005097064
   -3.628000000    0.005133213
   -3.627000000    0.005170302
   -3.626000000    0.005208355
   -3.625000000    0.005247401
   -3.624000000    0.005287467
   -3.623000000    0.005328582
   -3.622000000    0.005370776
   -3.621000000    0.005414083
   -3.620000000    0.005458535
   -3.619000000    0.005504166
   -3.618000000    0.005551013
   -3.617000000    0.005599113
   -3.616000000    0.005648506
   -3.615000000    0.005699232
   -3.614000000    0.005751336
   -3.613000000    0.005804860
   -3.612000000    0.005859854
   -3.611000000    0.005916364
   -3.610000000    0.005974444
   -3.609000000    0.006034146
   -3.608000000    0.006095527
   -3.607000000    0.006158645
   -3.606000000    0.006223563
   -3.605000000    0.006290346
   -3.604000000    0.006359061
   -3.603000000    0.006429780
   -3.602000000    0.006502578
   -3.601000000    0.006577534
   -3.600000000    0.006654730
   -3.599000000    0.006734254
   -3.598000000    0.006816198
   -3.597000000    0.006900658
   -3.596000000    0.006987736
   -3.595000000    0.007077539
   -3.594000000    0.007170182
   -3.593000000    0.007265783
   -3.592000000    0.007364468
   -3.591000000    0.007466373
   -3.590000000    0.007571637
   -3.589000000    0.007680411
   -3.588000000    0.007792853
   -3.587000000    0.007909132
   -3.586000000    0.008029426
   -3.585000000    0.008153924
   -3.584000000    0.008282827
   -3.583000000    0.008416351
   -3.582000000    0.008554723
   -3.581000000    0.008698186
   -3.580000000    0.008846999
   -3.579000000    0.009001439
   -3.578000000    0.009161802
   -3.577000000    0.009328404
   -3.576000000    0.009501583
   -3.575000000    0.009681703
   -3.574000000    0.009869152
   -3.573000000    0.010064350
   -3.572000000    0.010267747
   -3.571000000    0.010479826
   -3.570000000    0.010701112
   -3.569000000    0.010932167
   -3.568000000    0.011173601
   -3.567000000    0.011426076
   -3.566000000    0.011690306
   -3.565000000    0.011967069
   -3.564000000    0.012257209
   -3.563000000    0.012561648
   -3.562000000    0.012881389
   -3.561000000    0.013217530
   -3.560000000    0.013571272
   -3.559000000    0.013943934
   -3.558000000    0.014336963
   -3.557000000    0.014751957
   -3.556000000    0.015190674
   -3.555000000    0.015655064
   -3.554000000    0.016147287
   -3.553000000    0.016669743
   -3.552000000    0.017225107
   -3.551000000    0.017816370
   -3.550000000    0.018446880
   -3.549000000    0.019120403
   -3.548000000    0.019841183
   -3.547000000    0.020614023
   -3.546000000    0.021444372
   -3.545000000    0.022338442
   -3.544000000    0.023303336
   -3.543000000    0.024347215
   -3.542000000    0.025479495
   -3.541000000    0.026711092
   -3.540000000    0.028054723
   -3.539000000    0.029525290
   -3.538000000    0.031140349
   -3.537000000    0.032920719
   -3.536000000    0.034891257
   -3.535000000    0.037081849
   -3.534000000    0.039528730
   -3.533000000    0.042276200
   -3.532000000    0.045378947
   -3.531000000    0.048905182
   -3.530000000    0.052940974
   -3.529000000    0.057596316
   -3.528000000    0.063013797
   -3.527000000    0.069381248
   -3.526000000    0.076950619
   -3.525000000    0.086066943
   -3.524000000    0.097214113
   -3.523000000    0.111089893
   -3.522000000    0.128733948
   -3.521000000    0.151757406
   -3.520000000    0.182779505
   -3.519000000    0.226320892
   -3.518000000    0.290807516
   -3.517000000    0.393641972
   -3.516000000    0.576348209
   -3.515000000    0.962257714
   -3.514000000    2.083038321
   -3.513000000    8.310739264
   -3.512000000   14.872286534
   -3.511000000   10.753509774
   -3.510000000    8.686452304
   -3.509000000    7.476478693
   -3.508000000    6.668493176
   -3.507000000    6.082807582
   -3.506000000    5.634403520
   -3.505000000    5.277522951
   -3.504000000    4.985160471
   -3.503000000    4.740246692
   -3.502000000    4.531406701
   -3.501000000    4.350735476
   -3.500000000    4.192548844
   -3.499000000    4.052642438
   -3.498000000    3.927831603
   -3.497000000    3.815654611
   -3.496000000    3.714174913
   -3.495000000    3.621845637
   -3.494000000    3.537414450
   -3.493000000    3.459855316
   -3.492000000    3.388318609
   -3.491000000    3.322094029
   -3.490000000    3.260582606
   -3.489000000    3.203275277
   -3.488000000    3.149736295
   -3.487000000    3.099590220
   -3.486000000    3.052511627
   -3.485000000    3.008216878
   -3.484000000    2.966457484
   -3.483000000    2.927014716
   -3.482000000    2.889695190
   -3.481000000    2.854327220
   -3.480000000    2.820757800
   -3.479000000    2.788850077
   -3.478000000    2.758481233
   -3.477000000    2.729540691
   -3.476000000    2.701928600
   -3.475000000    2.675554536
   -3.474000000    2.650336395
   -3.473000000    2.626199437
   -3.472000000    2.603075464
   -3.471000000    2.580902104
   -3.470000000    2.559622188
   -3.469000000    2.539183213
   -3.468000000    2.519536861
   -3.467000000    2.500638587
   -3.466000000    2.482447247
   -3.465000000    2.464924774
   -3.464000000    2.448035893
   -3.463000000    2.431747861
   -3.462000000    2.416030244
   -3.461000000    2.400854710
   -3.460000000    2.386194849
   -3.459000000    2.372026010
   -3.458000000    2.358325153
   -3.457000000    2.345070719
   -3.456000000    2.332242511
   -3.455000000    2.319821585
   -3.454000000    2.307790154
   -3.453000000    2.296131500
   -3.452000000    2.284829891
   -3.451000000    2.273870513
   -3.450000000    2.263239397
   -3.449000000    2.252923367
   -3.448000000    2.242909975
   -3.447000000    2.233187457
   -3.446000000    2.223744682
   -3.445000000    2.214571115
   -3.444000000    2.205656771
   -3.443000000    2.196992182
   -3.442000000    2.188568366
   -3.441000000    2.180376791
   -3.440000000    2.172409352
   -3.439000000    2.164658340
   -3.438000000    2.157116423
   -3.437000000    2.149776617
   -3.436000000    2.142632270
   -3.435000000    2.135677044
   -3.434000000    2.128904889
   -3.433000000    2.122310036
   -3.432000000    2.115886975
   -3.431000000    2.109630441
   -3.430000000    2.103535406
   -3.429000000    2.097597058
   -3.428000000    2.091810795
   -3.427000000    2.086172213
   -3.426000000    2.080677093
   -3.425000000    2.075321396
   -3.424000000    2.070101248
   -3.423000000    2.065012938
   -3.422000000    2.060052904
   -3.421000000    2.055217730
   -3.420000000    2.050504137
   -3.419000000    2.045908974
   -3.418000000    2.041429219
   -3.417000000    2.037061963
   -3.416000000    2.032804415
   -3.415000000    2.028653888
   -3.414000000    2.024607800
   -3.413000000    2.020663665
   -3.412000000    2.016819093
   -3.411000000    2.013071782
   -3.410000000    2.009419516
   -3.409000000    2.005860161
   -3.408000000    2.002391662
   -3.407000000    1.999012038
   -3.406000000    1.995719382
   -3.405000000    1.992511853
   -3.404000000    1.989387679
   -3.403000000    1.986345150
   -3.402000000    1.983382617
   -3.401000000    1.980498490
   -3.400000000    1.977691235
   -3.399000000    1.974959372
   -3.398000000    1.972301474
   -3.397000000    1.969716163
   -3.396000000    1.967202108
   -3.395000000    1.964758027
   -3.394000000    1.962382681
   -3.393000000    1.960074874
   -3.392000000    1.957833453
   -3.391000000    1.955657303
   -3.390000000    1.953545350
   -3.389000000    1.951496555
   -3.388000000    1.949509917
   -3.387000000    1.947584468
   -3.386000000    1.945719275
   -3.385000000    1.943913438
   -3.384000000    1.942166087
   -3.383000000    1.940476385
   -3.382000000    1.938843522
   -3.381000000    1.937266717
   -3.380000000    1.935745220
   -3.379000000    1.934278303
   -3.378000000    1.932865269
   -3.377000000    1.931505442
   -3.376000000    1.930198176
   -3.375000000    1.928942843
   -3.374000000    1.927738844
   -3.373000000    1.926585598
   -3.372000000    1.925482550
   -3.371000000    1.924429164
   -3.370000000    1.923424926
   -3.369000000    1.922469342
   -3.368000000    1.921561940
   -3.367000000    1.920702264
   -3.366000000    1.919889881
   -3.365000000    1.919124373
   -3.364000000    1.918405343
   -3.363000000    1.917732410
   -3.362000000    1.917105212
   -3.361000000    1.916523403
   -3.360000000    1.915986654
   -3.359000000    1.915494653
   -3.358000000    1.915047104
   -3.357000000    1.914643726
   -3.356000000    1.914284255
   -3.355000000    1.913968441
   -3.354000000    1.913696051
   -3.353000000    1.913466865
   -3.352000000    1.913280678
   -3.351000000    1.913137301
   -3.350000000    1.913036557
   -3.349000000    1.912978285
   -3.348000000    1.912962337
   -3.347000000    1.912988579
   -3.346000000    1.913056891
   -3.345000000    1.913167166
   -3.344000000    1.913319312
   -3.343000000    1.913513248
   -3.342000000    1.913748907
   -3.341000000    1.914026237
   -3.340000000    1.914345197
   -3.339000000    1.914705759
   -3.338000000    1.915107909
   -3.337000000    1.915551647
   -3.336000000    1.916036983
   -3.335000000    1.916563942
   -3.334000000    1.917132562
   -3.333000000    1.917742893
   -3.332000000    1.918394998
   -3.331000000    1.919088954
   -3.330000000    1.919824849
   -3.329000000    1.920602787
   -3.328000000    1.921422882
   -3.327000000    1.922285263
   -3.326000000    1.923190073
   -3.325000000    1.924137465
   -3.324000000    1.925127608
   -3.323000000    1.926160686
   -3.322000000    1.927236893
   -3.321000000    1.928356439
   -3.320000000    1.929519547
   -3.319000000    1.930726456
   -3.318000000    1.931977417
   -3.317000000    1.933272696
   -3.316000000    1.934612574
   -3.315000000    1.935997348
   -3.314000000    1.937427327
   -3.313000000    1.938902838
   -3.312000000    1.940424223
   -3.311000000    1.941991839
   -3.310000000    1.943606059
   -3.309000000    1.945267274
   -3.308000000    1.946975890
   -3.307000000    1.948732330
   -3.306000000    1.950537036
   -3.305000000    1.952390465
   -3.304000000    1.954293095
   -3.303000000    1.956245420
   -3.302000000    1.958247954
   -3.301000000    1.960301230
   -3.300000000    1.962405801
   -3.299000000    1.964562239
   -3.298000000    1.966771140
   -3.297000000    1.969033116
   -3.296000000    1.971348805
   -3.295000000    1.973718866
   -3.294000000    1.976143981
   -3.293000000    1.978624854
   -3.292000000    1.981162214
   -3.291000000    1.983756817
   -3.290000000    1.986409442
   -3.289000000    1.989120893
   -3.288000000    1.991892006
   -3.287000000    1.994723639
   -3.286000000    1.997616683
   -3.285000000    2.000572056
   -3.284000000    2.003590707
   -3.283000000    2.006673618
   -3.282000000    2.009821801
   -3.281000000    2.013036304
   -3.280000000    2.016318206
   -3.279000000    2.019668624
   -3.278000000    2.023088714
   -3.277000000    2.026579665
   -3.276000000    2.030142710
   -3.275000000    2.033779120
   -3.274000000    2.037490211
   -3.273000000    2.041277340
   -3.272000000    2.045141911
   -3.271000000    2.049085374
   -3.270000000    2.053109229
   -3.269000000    2.057215025
   -3.268000000    2.061404367
   -3.267000000    2.065678910
   -3.266000000    2.070040368
   -3.265000000    2.074490514
   -3.264000000    2.079031182
   -3.263000000    2.083664269
   -3.262000000    2.088391739
   -3.261000000    2.093215624
   -3.260000000    2.098138029
   -3.259000000    2.103161134
   -3.258000000    2.108287195
   -3.257000000    2.113518551
   -3.256000000    2.118857625
   -3.255000000    2.124306930
   -3.254000000    2.129869068
   -3.253000000    2.135546741
   -3.252000000    2.141342751
   -3.251000000    2.147260005
   -3.250000000    2.153301521
   -3.249000000    2.159470430
   -3.248000000    2.165769989
   -3.247000000    2.172203577
   -3.246000000    2.178774708
   -3.245000000    2.185487036
   -3.244000000    2.192344359
   -3.243000000    2.199350631
   -3.242000000    2.206509966
   -3.241000000    2.213826648
   -3.240000000    2.221305139
   -3.239000000    2.228950088
   -3.238000000    2.236766344
   -3.237000000    2.244758963
   -3.236000000    2.252933219
   -3.235000000    2.261294619
   -3.234000000    2.269848916
   -3.233000000    2.278602119
   -3.232000000    2.287560510
   -3.231000000    2.296730661
   -3.230000000    2.306119451
   -3.229000000    2.315734080
   -3.228000000    2.325582093
   -3.227000000    2.335671399
   -3.226000000    2.346010294
   -3.225000000    2.356607487
   -3.224000000    2.367472120
   -3.223000000    2.378613805
   -3.222000000    2.390042646
   -3.221000000    2.401769280
   -3.220000000    2.413804904
   -3.219000000    2.426161322
   -3.218000000    2.438850980
   -3.217000000    2.451887017
   -3.216000000    2.465283309
   -3.215000000    2.479054529
   -3.214000000    2.493216199
   -3.213000000    2.507784759
   -3.212000000    2.522777638
   -3.211000000    2.538213323
   -3.210000000    2.554111454
   -3.209000000    2.570492908
   -3.208000000    2.587379902
   -3.207000000    2.604796110
   -3.206000000    2.622766781
   -3.205000000    2.641318878
   -3.204000000    2.660481229
   -3.203000000    2.680284697
   -3.202000000    2.700762363
   -3.201000000    2.721949737
   -3.200000000    2.743884992
   -3.199000000    2.766609221
   -3.198000000    2.790166731
   -3.197000000    2.814605375
   -3.196000000    2.839976914
   -3.195000000    2.866337448
   -3.194000000    2.893747881
   -3.193000000    2.922274467
   -3.192000000    2.951989427
   -3.191000000    2.982971650
   -3.190000000    3.015307510
   -3.189000000    3.049091793
   -3.188000000    3.084428783
   -3.187000000    3.121433511
   -3.186000000    3.160233219
   -3.185000000    3.200969074
   -3.184000000    3.243798181
   -3.183000000    3.288895965
   -3.182000000    3.336459008
   -3.181000000    3.386708427
   -3.180000000    3.439893951
   -3.179000000    3.496298845
   -3.178000000    3.556245916
   -3.177000000    3.620104878
   -3.176000000    3.688301475
   -3.175000000    3.761328856
   -3.174000000    3.839761911
   -3.173000000    3.924275500
   -3.172000000    4.015667920
   -3.171000000    4.114891442
   -3.170000000    4.223092623
   -3.169000000    4.341666280
   -3.168000000    4.472328960
   -3.167000000    4.617220811
   -3.166000000    4.779049769
   -3.165000000    4.961300495
   -3.164000000    5.168545400
   -3.163000000    5.406922292
   -3.162000000    5.684895146
   -3.161000000    6.014519432
   -3.160000000    6.413659460
   -3.159000000    6.910131656
   -3.158000000    7.550098050
   -3.157000000    8.416940859
   -3.156000000    9.680009802
   -3.155000000   11.745520957
   -3.154000000   15.763399139
   -3.153000000   15.047293357
   -3.152000000    3.262184130
   -3.151000000    1.337831018
   -3.150000000    0.759588126
   -3.149000000    0.503482820
   -3.148000000    0.364840086
   -3.147000000    0.280089513
   -3.146000000    0.223890745
   -3.145000000    0.184387753
   -3.144000000    0.155376557
   -3.143000000    0.133330510
   -3.142000000    0.116112760
   -3.141000000    0.102361132
   -3.140000000    0.091170625
   -3.139000000    0.081918954
   -3.138000000    0.074165640
   -3.137000000    0.067591059
   -3.136000000    0.061958245
   -3.135000000    0.057088185
   -3.134000000    0.052843387
   -3.133000000    0.049116685
   -3.132000000    0.045823446
   -3.131000000    0.042896035
   -3.130000000    0.040279820
   -3.129000000    0.037930239
   -3.128000000    0.035810624
   -3.127000000    0.033890551
   -3.126000000    0.032144592
   -3.125000000    0.030551342
   -3.124000000    0.029092672
   -3.123000000    0.027753132
   -3.122000000    0.026519486
   -3.121000000    0.025380331
   -3.120000000    0.024325802
   -3.119000000    0.023347320
   -3.118000000    0.022437395
   -3.117000000    0.021589464
   -3.116000000    0.020797749
   -3.115000000    0.020057151
   -3.114000000    0.019363149
   -3.113000000    0.018711728
   -3.112000000    0.018099305
   -3.111000000    0.017522679
   -3.110000000    0.016978979
   -3.109000000    0.016465625
   -3.108000000    0.015980291
   -3.107000000    0.015520878
   -3.106000000    0.015085483
   -3.105000000    0.014672380
   -3.104000000    0.014280003
   -3.103000000    0.013906921
   -3.102000000    0.013551830
   -3.101000000    0.013213538
   -3.100000000    0.012890953
   -3.099000000    0.012583072
   -3.098000000    0.012288973
   -3.097000000    0.012007809
   -3.096000000    0.011738798
   -3.095000000    0.011481219
   -3.094000000    0.011234404
   -3.093000000    0.010997734
   -3.092000000    0.010770639
   -3.091000000    0.010552585
   -3.090000000    0.010343080
   -3.089000000    0.010141663
   -3.088000000    0.009947906
   -3.087000000    0.009761410
   -3.086000000    0.009581803
   -3.085000000    0.009408736
   -3.084000000    0.009241884
   -3.083000000    0.009080941
   -3.082000000    0.008925621
   -3.081000000    0.008775656
   -3.080000000    0.008630795
   -3.079000000    0.008490799
   -3.078000000    0.008355448
   -3.077000000    0.008224531
   -3.076000000    0.008097851
   -3.075000000    0.007975221
   -3.074000000    0.007856466
   -3.073000000    0.007741419
   -3.072000000    0.007629925
   -3.071000000    0.007521834
   -3.070000000    0.007417007
   -3.069000000    0.007315311
   -3.068000000    0.007216619
   -3.067000000    0.007120812
   -3.066000000    0.007027777
   -3.065000000    0.006937406
   -3.064000000    0.006849598
   -3.063000000    0.006764254
   -3.062000000    0.006681284
   -3.061000000    0.006600598
   -3.060000000    0.006522114
   -3.059000000    0.006445751
   -3.058000000    0.006371433
   -3.057000000    0.006299089
   -3.056000000    0.006228649
   -3.055000000    0.006160047
   -3.054000000    0.006093220
   -3.053000000    0.006028107
   -3.052000000    0.005964653
   -3.051000000    0.005902800
   -3.050000000    0.005842498
   -3.049000000    0.005783695
   -3.048000000    0.005726343
   -3.047000000    0.005670396
   -3.046000000    0.005615810
   -3.045000000    0.005562542
   -3.044000000    0.005510552
   -3.043000000    0.005459801
   -3.042000000    0.005410251
   -3.041000000    0.005361866
   -3.040000000    0.005314611
   -3.039000000    0.005268455
   -3.038000000    0.005223363
   -3.037000000    0.005179307
   -3.036000000    0.005136256
   -3.035000000    0.005094182
   -3.034000000    0.005053058
   -3.033000000    0.005012858
   -3.032000000    0.004973556
   -3.031000000    0.004935127
   -3.030000000    0.004897549
   -3.029000000    0.004860799
   -3.028000000    0.004824854
   -3.027000000    0.004789695
   -3.026000000    0.004755299
   -3.025000000    0.004721649
   -3.024000000    0.004688725
   -3.023000000    0.004656509
   -3.022000000    0.004624983
   -3.021000000    0.004594131
   -3.020000000    0.004563935
   -3.019000000    0.004534380
   -3.018000000    0.004505450
   -3.017000000    0.004477132
   -3.016000000    0.004449410
   -3.015000000    0.004422270
   -3.014000000    0.004395700
   -3.013000000    0.004369685
   -3.012000000    0.004344215
   -3.011000000    0.004319276
   -3.010000000    0.004294856
   -3.009000000    0.004270945
   -3.008000000    0.004247532
   -3.007000000    0.004224604
   -3.006000000    0.004202154
   -3.005000000    0.004180169
   -3.004000000    0.004158641
   -3.003000000    0.004137560
   -3.002000000    0.004116917
   -3.001000000    0.004096703
   -3.000000000    0.004076910
   -2.999000000    0.004057529
   -2.998000000    0.004038553
   -2.997000000    0.004019972
   -2.996000000    0.004001781
   -2.995000000    0.003983971
   -2.994000000    0.003966535
   -2.993000000    0.003949466
   -2.992000000    0.003932759
   -2.991000000    0.003916405
   -2.990000000    0.003900399
   -2.989000000    0.003884734
   -2.988000000    0.003869406
   -2.987000000    0.003854407
   -2.986000000    0.003839732
   -2.985000000    0.003825376
   -2.984000000    0.003811334
   -2.983000000    0.003797599
   -2.982000000    0.003784168
   -2.981000000    0.003771036
   -2.980000000    0.003758197
   -2.979000000    0.003745647
   -2.978000000    0.003733382
   -2.977000000    0.003721397
   -2.976000000    0.003709688
   -2.975000000    0.003698251
   -2.974000000    0.003687083
   -2.973000000    0.003676178
   -2.972000000    0.003665534
   -2.971000000    0.003655147
   -2.970000000    0.003645014
   -2.969000000    0.003635130
   -2.968000000    0.003625492
   -2.967000000    0.003616099
   -2.966000000    0.003606945
   -2.965000000    0.003598029
   -2.964000000    0.003589346
   -2.963000000    0.003580896
   -2.962000000    0.003572674
   -2.961000000    0.003564677
   -2.960000000    0.003556905
   -2.959000000    0.003549352
   -2.958000000    0.003542019
   -2.957000000    0.003534901
   -2.956000000    0.003527997
   -2.955000000    0.003521304
   -2.954000000    0.003514821
   -2.953000000    0.003508545
   -2.952000000    0.003502474
   -2.951000000    0.003496606
   -2.950000000    0.003490940
   -2.949000000    0.003485473
   -2.948000000    0.003480204
   -2.947000000    0.003475130
   -2.946000000    0.003470252
   -2.945000000    0.003465566
   -2.944000000    0.003461071
   -2.943000000    0.003456766
   -2.942000000    0.003452650
   -2.941000000    0.003448721
   -2.940000000    0.003444977
   -2.939000000    0.003441418
   -2.938000000    0.003438042
   -2.937000000    0.003434849
   -2.936000000    0.003431836
   -2.935000000    0.003429003
   -2.934000000    0.003426350
   -2.933000000    0.003423874
   -2.932000000    0.003421576
   -2.931000000    0.003419454
   -2.930000000    0.003417508
   -2.929000000    0.003415736
   -2.928000000    0.003414138
   -2.927000000    0.003412714
   -2.926000000    0.003411463
   -2.925000000    0.003410383
   -2.924000000    0.003409475
   -2.923000000    0.003408739
   -2.922000000    0.003408173
   -2.921000000    0.003407777
   -2.920000000    0.003407552
   -2.919000000    0.003407496
   -2.918000000    0.003407609
   -2.917000000    0.003407892
   -2.916000000    0.003408343
   -2.915000000    0.003408963
   -2.914000000    0.003409752
   -2.913000000    0.003410709
   -2.912000000    0.003411835
   -2.911000000    0.003413129
   -2.910000000    0.003414592
   -2.909000000    0.003416224
   -2.908000000    0.003418024
   -2.907000000    0.003419994
   -2.906000000    0.003422132
   -2.905000000    0.003424441
   -2.904000000    0.003426919
   -2.903000000    0.003429567
   -2.902000000    0.003432385
   -2.901000000    0.003435375
   -2.900000000    0.003438536
   -2.899000000    0.003441869
   -2.898000000    0.003445374
   -2.897000000    0.003449053
   -2.896000000    0.003452905
   -2.895000000    0.003456931
   -2.894000000    0.003461133
   -2.893000000    0.003465510
   -2.892000000    0.003470064
   -2.891000000    0.003474796
   -2.890000000    0.003479705
   -2.889000000    0.003484795
   -2.888000000    0.003490064
   -2.887000000    0.003495515
   -2.886000000    0.003501149
   -2.885000000    0.003506966
   -2.884000000    0.003512968
   -2.883000000    0.003519156
   -2.882000000    0.003525531
   -2.881000000    0.003532095
   -2.880000000    0.003538848
   -2.879000000    0.003545793
   -2.878000000    0.003552931
   -2.877000000    0.003560264
   -2.876000000    0.003567792
   -2.875000000    0.003575518
   -2.874000000    0.003583444
   -2.873000000    0.003591570
   -2.872000000    0.003599900
   -2.871000000    0.003608434
   -2.870000000    0.003617175
   -2.869000000    0.003626124
   -2.868000000    0.003635285
   -2.867000000    0.003644658
   -2.866000000    0.003654246
   -2.865000000    0.003664052
   -2.864000000    0.003674077
   -2.863000000    0.003684325
   -2.862000000    0.003694796
   -2.861000000    0.003705495
   -2.860000000    0.003716423
   -2.859000000    0.003727584
   -2.858000000    0.003738979
   -2.857000000    0.003750613
   -2.856000000    0.003762487
   -2.855000000    0.003774605
   -2.854000000    0.003786969
   -2.853000000    0.003799584
   -2.852000000    0.003812452
   -2.851000000    0.003825576
   -2.850000000    0.003838961
   -2.849000000    0.003852608
   -2.848000000    0.003866523
   -2.847000000    0.003880709
   -2.846000000    0.003895170
   -2.845000000    0.003909909
   -2.844000000    0.003924930
   -2.843000000    0.003940239
   -2.842000000    0.003955838
   -2.841000000    0.003971733
   -2.840000000    0.003987928
   -2.839000000    0.004004427
   -2.838000000    0.004021235
   -2.837000000    0.004038358
   -2.836000000    0.004055800
   -2.835000000    0.004073566
   -2.834000000    0.004091662
   -2.833000000    0.004110092
   -2.832000000    0.004128863
   -2.831000000    0.004147981
   -2.830000000    0.004167451
   -2.829000000    0.004187279
   -2.828000000    0.004207471
   -2.827000000    0.004228035
   -2.826000000    0.004248976
   -2.825000000    0.004270301
   -2.824000000    0.004292017
   -2.823000000    0.004314132
   -2.822000000    0.004336653
   -2.821000000    0.004359587
   -2.820000000    0.004382942
   -2.819000000    0.004406726
   -2.818000000    0.004430947
   -2.817000000    0.004455614
   -2.816000000    0.004480736
   -2.815000000    0.004506322
   -2.814000000    0.004532380
   -2.813000000    0.004558920
   -2.812000000    0.004585953
   -2.811000000    0.004613488
   -2.810000000    0.004641536
   -2.809000000    0.004670106
   -2.808000000    0.004699212
   -2.807000000    0.004728863
   -2.806000000    0.004759071
   -2.805000000    0.004789849
   -2.804000000    0.004821209
   -2.803000000    0.004853164
   -2.802000000    0.004885727
   -2.801000000    0.004918912
   -2.800000000    0.004952732
   -2.799000000    0.004987203
   -2.798000000    0.005022340
   -2.797000000    0.005058157
   -2.796000000    0.005094672
   -2.795000000    0.005131900
   -2.794000000    0.005169858
   -2.793000000    0.005208565
   -2.792000000    0.005248038
   -2.791000000    0.005288297
   -2.790000000    0.005329360
   -2.789000000    0.005371248
   -2.788000000    0.005413983
   -2.787000000    0.005457584
   -2.786000000    0.005502075
   -2.785000000    0.005547479
   -2.784000000    0.005593820
   -2.783000000    0.005641123
   -2.782000000    0.005689412
   -2.781000000    0.005738716
   -2.780000000    0.005789061
   -2.779000000    0.005840476
   -2.778000000    0.005892990
   -2.777000000    0.005946635
   -2.776000000    0.006001443
   -2.775000000    0.006057446
   -2.774000000    0.006114679
   -2.773000000    0.006173178
   -2.772000000    0.006232980
   -2.771000000    0.006294123
   -2.770000000    0.006356648
   -2.769000000    0.006420597
   -2.768000000    0.006486012
   -2.767000000    0.006552940
   -2.766000000    0.006621427
   -2.765000000    0.006691523
   -2.764000000    0.006763278
   -2.763000000    0.006836747
   -2.762000000    0.006911983
   -2.761000000    0.006989047
   -2.760000000    0.007067997
   -2.759000000    0.007148897
   -2.758000000    0.007231814
   -2.757000000    0.007316817
   -2.756000000    0.007403976
   -2.755000000    0.007493369
   -2.754000000    0.007585074
   -2.753000000    0.007679173
   -2.752000000    0.007775754
   -2.751000000    0.007874907
   -2.750000000    0.007976727
   -2.749000000    0.008081314
   -2.748000000    0.008188774
   -2.747000000    0.008299215
   -2.746000000    0.008412754
   -2.745000000    0.008529512
   -2.744000000    0.008649618
   -2.743000000    0.008773206
   -2.742000000    0.008900418
   -2.741000000    0.009031403
   -2.740000000    0.009166319
   -2.739000000    0.009305332
   -2.738000000    0.009448619
   -2.737000000    0.009596365
   -2.736000000    0.009748766
   -2.735000000    0.009906030
   -2.734000000    0.010068377
   -2.733000000    0.010236041
   -2.732000000    0.010409268
   -2.731000000    0.010588322
   -2.730000000    0.010773481
   -2.729000000    0.010965043
   -2.728000000    0.011163322
   -2.727000000    0.011368655
   -2.726000000    0.011581401
   -2.725000000    0.011801942
   -2.724000000    0.012030687
   -2.723000000    0.012268073
   -2.722000000    0.012514569
   -2.721000000    0.012770675
   -2.720000000    0.013036929
   -2.719000000    0.013313909
   -2.718000000    0.013602237
   -2.717000000    0.013902580
   -2.716000000    0.014215660
   -2.715000000    0.014542255
   -2.714000000    0.014883205
   -2.713000000    0.015239422
   -2.712000000    0.015611891
   -2.711000000    0.016001683
   -2.710000000    0.016409962
   -2.709000000    0.016837997
   -2.708000000    0.017287171
   -2.707000000    0.017758994
   -2.706000000    0.018255121
   -2.705000000    0.018777366
   -2.704000000    0.019327725
   -2.703000000    0.019908391
   -2.702000000    0.020521790
   -2.701000000    0.021170601
   -2.700000000    0.021857797
   -2.699000000    0.022586680
   -2.698000000    0.023360932
   -2.697000000    0.024184665
   -2.696000000    0.025062487
   -2.695000000    0.025999578
   -2.694000000    0.027001778
   -2.693000000    0.028075692
   -2.692000000    0.029228820
   -2.691000000    0.030469708
   -2.690000000    0.031808131
   -2.689000000    0.033255322
   -2.688000000    0.034824240
   -2.687000000    0.036529913
   -2.686000000    0.038389855
   -2.685000000    0.040424590
   -2.684000000    0.042658307
   -2.683000000    0.045119700
   -2.682000000    0.047843037
   -2.681000000    0.050869547
   -2.680000000    0.054249230
   -2.679000000    0.058043260
   -2.678000000    0.062327195
   -2.677000000    0.067195352
   -2.676000000    0.072766834
   -2.675000000    0.079193999
   -2.674000000    0.086674567
   -2.673000000    0.095469319
   -2.672000000    0.105928568
   -2.671000000    0.118532855
   -2.670000000    0.133957470
   -2.669000000    0.153178464
   -2.668000000    0.177654303
   -2.667000000    0.209652990
   -2.666000000    0.252877673
   -2.665000000    0.313755234
   -2.664000000    0.404352276
   -2.663000000    0.549841834
   -2.662000000    0.811175550
   -2.661000000    1.373685300
   -2.660000000    3.071366643
   -2.659000000   13.010561615
   -2.658000000   19.533777096
   -2.657000000   14.258358708
   -2.656000000   11.610201019
   -2.655000000   10.040605778
   -2.654000000    8.985041211
   -2.653000000    8.216835206
   -2.652000000    7.627394188
   -2.651000000    7.157758942
   -2.650000000    6.772911481
   -2.649000000    6.450611699
   -2.648000000    6.175983720
   -2.647000000    5.938658846
   -2.646000000    5.731163428
   -2.645000000    5.547958523
   -2.644000000    5.384841636
   -2.643000000    5.238559731
   -2.642000000    5.106550746
   -2.641000000    4.986766110
   -2.640000000    4.877545901
   -2.639000000    4.777529156
   -2.638000000    4.685588217
   -2.637000000    4.600779858
   -2.636000000    4.522308355
   -2.635000000    4.449497193
   -2.634000000    4.381767140
   -2.633000000    4.318619034
   -2.632000000    4.259620163
   -2.631000000    4.204393361
   -2.630000000    4.152608214
   -2.629000000    4.103973911
   -2.628000000    4.058233379
   -2.627000000    4.015158455
   -2.626000000    3.974545866
   -2.625000000    3.936213876
   -2.624000000    3.899999471
   -2.623000000    3.865755975
   -2.622000000    3.833351030
   -2.621000000    3.802664876
   -2.620000000    3.773588873
   -2.619000000    3.746024228
   -2.618000000    3.719880904
   -2.617000000    3.695076666
   -2.616000000    3.671536254
   -2.615000000    3.649190660
   -2.614000000    3.627976499
   -2.613000000    3.607835451
   -2.612000000    3.588713770
   -2.611000000    3.570561857
   -2.610000000    3.553333872
   -2.609000000    3.536987396
   -2.608000000    3.521483129
   -2.607000000    3.506784617
   -2.606000000    3.492858016
   -2.605000000    3.479671870
   -2.604000000    3.467196920
   -2.603000000    3.455405929
   -2.602000000    3.444273523
   -2.601000000    3.433776050
   -2.600000000    3.423891454
   -2.599000000    3.414599155
   -2.598000000    3.405879943
   -2.597000000    3.397715887
   -2.596000000    3.390090245
   -2.595000000    3.382987384
   -2.594000000    3.376392710
   -2.593000000    3.370292602
   -2.592000000    3.364674348
   -2.591000000    3.359526095
   -2.590000000    3.354836799
   -2.589000000    3.350596176
   -2.588000000    3.346794660
   -2.587000000    3.343423368
   -2.586000000    3.340474065
   -2.585000000    3.337939125
   -2.584000000    3.335811513
   -2.583000000    3.334084746
   -2.582000000    3.332752880
   -2.581000000    3.331810478
   -2.580000000    3.331252597
   -2.579000000    3.331074766
   -2.578000000    3.331272970
   -2.577000000    3.331843635
   -2.576000000    3.332783616
   -2.575000000    3.334090182
   -2.574000000    3.335761007
   -2.573000000    3.337794164
   -2.572000000    3.340188110
   -2.571000000    3.342941684
   -2.570000000    3.346054102
   -2.569000000    3.349524948
   -2.568000000    3.353354173
   -2.567000000    3.357542095
   -2.566000000    3.362089393
   -2.565000000    3.366997106
   -2.564000000    3.372266642
   -2.563000000    3.377899767
   -2.562000000    3.383898618
   -2.561000000    3.390265702
   -2.560000000    3.397003900
   -2.559000000    3.404116476
   -2.558000000    3.411607079
   -2.557000000    3.419479756
   -2.556000000    3.427738955
   -2.555000000    3.436389544
   -2.554000000    3.445436811
   -2.553000000    3.454886487
   -2.552000000    3.464744753
   -2.551000000    3.475018262
   -2.550000000    3.485714149
   -2.549000000    3.496840055
   -2.548000000    3.508404144
   -2.547000000    3.520415129
   -2.546000000    3.532882292
   -2.545000000    3.545815514
   -2.544000000    3.559225300
   -2.543000000    3.573122816
   -2.542000000    3.587519913
   -2.541000000    3.602429176
   -2.540000000    3.617863953
   -2.539000000    3.633838403
   -2.538000000    3.650367545
   -2.537000000    3.667467302
   -2.536000000    3.685154565
   -2.535000000    3.703447245
   -2.534000000    3.722364345
   -2.533000000    3.741926024
   -2.532000000    3.762153685
   -2.531000000    3.783070048
   -2.530000000    3.804699250
   -2.529000000    3.827066946
   -2.528000000    3.850200415
   -2.527000000    3.874128685
   -2.526000000    3.898882664
   -2.525000000    3.924495288
   -2.524000000    3.951001682
   -2.523000000    3.978439332
   -2.522000000    4.006848289
   -2.521000000    4.036271378
   -2.520000000    4.066754441
   -2.519000000    4.098346603
   -2.518000000    4.131100566
   -2.517000000    4.165072939
   -2.516000000    4.200324605
   -2.515000000    4.236921133
   -2.514000000    4.274933239
   -2.513000000    4.314437301
   -2.512000000    4.355515948
   -2.511000000    4.398258718
   -2.510000000    4.442762802
   -2.509000000    4.489133898
   -2.508000000    4.537487173
   -2.507000000    4.587948375
   -2.506000000    4.640655096
   -2.505000000    4.695758236
   -2.504000000    4.753423687
   -2.503000000    4.813834288
   -2.502000000    4.877192105
   -2.501000000    4.943721089
   -2.500000000    5.013670211
   -2.499000000    5.087317148
   -2.498000000    5.164972668
   -2.497000000    5.246985860
   -2.496000000    5.333750404
   -2.495000000    5.425712155
   -2.494000000    5.523378350
   -2.493000000    5.627328894
   -2.492000000    5.738230282
   -2.491000000    5.856852921
   -2.490000000    5.984092924
   -2.489000000    6.120999633
   -2.488000000    6.268811081
   -2.487000000    6.428999832
   -2.486000000    6.603333301
   -2.485000000    6.793954124
   -2.484000000    7.003489020
   -2.483000000    7.235198843
   -2.482000000    7.493189626
   -2.481000000    7.782716146
   -2.480000000    8.110630065
   -2.479000000    8.486061487
   -2.478000000    8.921492235
   -2.477000000    9.434516989
   -2.476000000   10.050879346
   -2.475000000   10.810031430
   -2.474000000   11.776111860
   -2.473000000   13.061822781
   -2.472000000   14.887416390
   -2.471000000   17.753292430
   -2.470000000   23.038198631
   -2.469000000   30.280382128
   -2.468000000    7.664810990
   -2.467000000    2.663879014
   -2.466000000    1.410881255
   -2.465000000    0.901229294
   -2.464000000    0.638159099
   -2.463000000    0.482158200
   -2.462000000    0.380872470
   -2.461000000    0.310775644
   -2.460000000    0.259908542
   -2.459000000    0.221620045
   -2.458000000    0.191948564
   -2.457000000    0.168403329
   -2.456000000    0.149348225
   -2.455000000    0.133668938
   -2.454000000    0.120583093
   -2.453000000    0.109526950
   -2.452000000    0.100085108
   -2.451000000    0.091945445
   -2.450000000    0.084869385
   -2.449000000    0.078671766
   -2.448000000    0.073206924
   -2.447000000    0.068358858
   -2.446000000    0.064034166
   -2.445000000    0.060156888
   -2.444000000    0.056664683
   -2.443000000    0.053505958
   -2.442000000    0.050637688
   -2.441000000    0.048023735
   -2.440000000    0.045633552
   -2.439000000    0.043441154
   -2.438000000    0.041424317
   -2.437000000    0.039563932
   -2.436000000    0.037843484
   -2.435000000    0.036248640
   -2.434000000    0.034766901
   -2.433000000    0.033387326
   -2.432000000    0.032100300
   -2.431000000    0.030897342
   -2.430000000    0.029770948
   -2.429000000    0.028714453
   -2.428000000    0.027721924
   -2.427000000    0.026788059
   -2.426000000    0.025908109
   -2.425000000    0.025077811
   -2.424000000    0.024293325
   -2.423000000    0.023551186
   -2.422000000    0.022848259
   -2.421000000    0.022181702
   -2.420000000    0.021548935
   -2.419000000    0.020947606
   -2.418000000    0.020375573
   -2.417000000    0.019830875
   -2.416000000    0.019311721
   -2.415000000    0.018816465
   -2.414000000    0.018343599
   -2.413000000    0.017891731
   -2.412000000    0.017459582
   -2.411000000    0.017045972
   -2.410000000    0.016649807
   -2.409000000    0.016270079
   -2.408000000    0.015905852
   -2.407000000    0.015556258
   -2.406000000    0.015220489
   -2.405000000    0.014897797
   -2.404000000    0.014587483
   -2.403000000    0.014288896
   -2.402000000    0.014001429
   -2.401000000    0.013724514
   -2.400000000    0.013457622
   -2.399000000    0.013200255
   -2.398000000    0.012951949
   -2.397000000    0.012712266
   -2.396000000    0.012480798
   -2.395000000    0.012257161
   -2.394000000    0.012040991
   -2.393000000    0.011831949
   -2.392000000    0.011629714
   -2.391000000    0.011433984
   -2.390000000    0.011244474
   -2.389000000    0.011060915
   -2.388000000    0.010883052
   -2.387000000    0.010710645
   -2.386000000    0.010543466
   -2.385000000    0.010381301
   -2.384000000    0.010223946
   -2.383000000    0.010071207
   -2.382000000    0.009922900
   -2.381000000    0.009778852
   -2.380000000    0.009638898
   -2.379000000    0.009502879
   -2.378000000    0.009370648
   -2.377000000    0.009242062
   -2.376000000    0.009116985
   -2.375000000    0.008995289
   -2.374000000    0.008876852
   -2.373000000    0.008761555
   -2.372000000    0.008649288
   -2.371000000    0.008539944
   -2.370000000    0.008433422
   -2.369000000    0.008329624
   -2.368000000    0.008228457
   -2.367000000    0.008129832
   -2.366000000    0.008033666
   -2.365000000    0.007939876
   -2.364000000    0.007848384
   -2.363000000    0.007759117
   -2.362000000    0.007672003
   -2.361000000    0.007586973
   -2.360000000    0.007503962
   -2.359000000    0.007422907
   -2.358000000    0.007343748
   -2.357000000    0.007266426
   -2.356000000    0.007190886
   -2.355000000    0.007117075
   -2.354000000    0.007044940
   -2.353000000    0.006974434
   -2.352000000    0.006905507
   -2.351000000    0.006838115
   -2.350000000    0.006772213
   -2.349000000    0.006707759
   -2.348000000    0.006644712
   -2.347000000    0.006583034
   -2.346000000    0.006522685
   -2.345000000    0.006463631
   -2.344000000    0.006405835
   -2.343000000    0.006349263
   -2.342000000    0.006293884
   -2.341000000    0.006239665
   -2.340000000    0.006186576
   -2.339000000    0.006134587
   -2.338000000    0.006083670
   -2.337000000    0.006033799
   -2.336000000    0.005984945
   -2.335000000    0.005937084
   -2.334000000    0.005890191
   -2.333000000    0.005844242
   -2.332000000    0.005799213
   -2.331000000    0.005755083
   -2.330000000    0.005711830
   -2.329000000    0.005669432
   -2.328000000    0.005627870
   -2.327000000    0.005587124
   -2.326000000    0.005547174
   -2.325000000    0.005508003
   -2.324000000    0.005469592
   -2.323000000    0.005431925
   -2.322000000    0.005394984
   -2.321000000    0.005358754
   -2.320000000    0.005323217
   -2.319000000    0.005288360
   -2.318000000    0.005254168
   -2.317000000    0.005220625
   -2.316000000    0.005187719
   -2.315000000    0.005155435
   -2.314000000    0.005123760
   -2.313000000    0.005092682
   -2.312000000    0.005062189
   -2.311000000    0.005032267
   -2.310000000    0.005002907
   -2.309000000    0.004974095
   -2.308000000    0.004945822
   -2.307000000    0.004918076
   -2.306000000    0.004890848
   -2.305000000    0.004864126
   -2.304000000    0.004837902
   -2.303000000    0.004812166
   -2.302000000    0.004786907
   -2.301000000    0.004762119
   -2.300000000    0.004737790
   -2.299000000    0.004713914
   -2.298000000    0.004690482
   -2.297000000    0.004667485
   -2.296000000    0.004644916
   -2.295000000    0.004622768
   -2.294000000    0.004601032
   -2.293000000    0.004579701
   -2.292000000    0.004558769
   -2.291000000    0.004538228
   -2.290000000    0.004518073
   -2.289000000    0.004498296
   -2.288000000    0.004478890
   -2.287000000    0.004459851
   -2.286000000    0.004441172
   -2.285000000    0.004422846
   -2.284000000    0.004404869
   -2.283000000    0.004387235
   -2.282000000    0.004369938
   -2.281000000    0.004352973
   -2.280000000    0.004336335
   -2.279000000    0.004320020
   -2.278000000    0.004304021
   -2.277000000    0.004288335
   -2.276000000    0.004272956
   -2.275000000    0.004257881
   -2.274000000    0.004243105
   -2.273000000    0.004228624
   -2.272000000    0.004214432
   -2.271000000    0.004200528
   -2.270000000    0.004186906
   -2.269000000    0.004173562
   -2.268000000    0.004160493
   -2.267000000    0.004147696
   -2.266000000    0.004135166
   -2.265000000    0.004122901
   -2.264000000    0.004110896
   -2.263000000    0.004099149
   -2.262000000    0.004087656
   -2.261000000    0.004076414
   -2.260000000    0.004065421
   -2.259000000    0.004054672
   -2.258000000    0.004044166
   -2.257000000    0.004033900
   -2.256000000    0.004023870
   -2.255000000    0.004014075
   -2.254000000    0.004004511
   -2.253000000    0.003995176
   -2.252000000    0.003986068
   -2.251000000    0.003977184
   -2.250000000    0.003968522
   -2.249000000    0.003960079
   -2.248000000    0.003951854
   -2.247000000    0.003943844
   -2.246000000    0.003936047
   -2.245000000    0.003928462
   -2.244000000    0.003921086
   -2.243000000    0.003913917
   -2.242000000    0.003906954
   -2.241000000    0.003900194
   -2.240000000    0.003893637
   -2.239000000    0.003887280
   -2.238000000    0.003881121
   -2.237000000    0.003875160
   -2.236000000    0.003869394
   -2.235000000    0.003863823
   -2.234000000    0.003858444
   -2.233000000    0.003853256
   -2.232000000    0.003848258
   -2.231000000    0.003843449
   -2.230000000    0.003838828
   -2.229000000    0.003834392
   -2.228000000    0.003830142
   -2.227000000    0.003826075
   -2.226000000    0.003822192
   -2.225000000    0.003818490
   -2.224000000    0.003814969
   -2.223000000    0.003811628
   -2.222000000    0.003808466
   -2.221000000    0.003805483
   -2.220000000    0.003802676
   -2.219000000    0.003800046
   -2.218000000    0.003797592
   -2.217000000    0.003795313
   -2.216000000    0.003793208
   -2.215000000    0.003791277
   -2.214000000    0.003789520
   -2.213000000    0.003787934
   -2.212000000    0.003786521
   -2.211000000    0.003785280
   -2.210000000    0.003784210
   -2.209000000    0.003783310
   -2.208000000    0.003782581
   -2.207000000    0.003782022
   -2.206000000    0.003781633
   -2.205000000    0.003781413
   -2.204000000    0.003781363
   -2.203000000    0.003781481
   -2.202000000    0.003781768
   -2.201000000    0.003782224
   -2.200000000    0.003782849
   -2.199000000    0.003783642
   -2.198000000    0.003784604
   -2.197000000    0.003785735
   -2.196000000    0.003787034
   -2.195000000    0.003788501
   -2.194000000    0.003790138
   -2.193000000    0.003791943
   -2.192000000    0.003793918
   -2.191000000    0.003796061
   -2.190000000    0.003798375
   -2.189000000    0.003800858
   -2.188000000    0.003803512
   -2.187000000    0.003806336
   -2.186000000    0.003809331
   -2.185000000    0.003812497
   -2.184000000    0.003815835
   -2.183000000    0.003819346
   -2.182000000    0.003823029
   -2.181000000    0.003826885
   -2.180000000    0.003830916
   -2.179000000    0.003835121
   -2.178000000    0.003839502
   -2.177000000    0.003844058
   -2.176000000    0.003848792
   -2.175000000    0.003853703
   -2.174000000    0.003858792
   -2.173000000    0.003864060
   -2.172000000    0.003869509
   -2.171000000    0.003875138
   -2.170000000    0.003880950
   -2.169000000    0.003886945
   -2.168000000    0.003893124
   -2.167000000    0.003899488
   -2.166000000    0.003906038
   -2.165000000    0.003912776
   -2.164000000    0.003919702
   -2.163000000    0.003926819
   -2.162000000    0.003934127
   -2.161000000    0.003941627
   -2.160000000    0.003949322
   -2.159000000    0.003957212
   -2.158000000    0.003965298
   -2.157000000    0.003973584
   -2.156000000    0.003982069
   -2.155000000    0.003990756
   -2.154000000    0.003999647
   -2.153000000    0.004008743
   -2.152000000    0.004018045
   -2.151000000    0.004027556
   -2.150000000    0.004037278
   -2.149000000    0.004047212
   -2.148000000    0.004057360
   -2.147000000    0.004067725
   -2.146000000    0.004078308
   -2.145000000    0.004089113
   -2.144000000    0.004100140
   -2.143000000    0.004111392
   -2.142000000    0.004122871
   -2.141000000    0.004134581
   -2.140000000    0.004146523
   -2.139000000    0.004158699
   -2.138000000    0.004171113
   -2.137000000    0.004183767
   -2.136000000    0.004196663
   -2.135000000    0.004209805
   -2.134000000    0.004223195
   -2.133000000    0.004236837
   -2.132000000    0.004250732
   -2.131000000    0.004264885
   -2.130000000    0.004279298
   -2.129000000    0.004293975
   -2.128000000    0.004308919
   -2.127000000    0.004324132
   -2.126000000    0.004339620
   -2.125000000    0.004355384
   -2.124000000    0.004371429
   -2.123000000    0.004387759
   -2.122000000    0.004404378
   -2.121000000    0.004421288
   -2.120000000    0.004438494
   -2.119000000    0.004456001
   -2.118000000    0.004473813
   -2.117000000    0.004491933
   -2.116000000    0.004510366
   -2.115000000    0.004529117
   -2.114000000    0.004548190
   -2.113000000    0.004567590
   -2.112000000    0.004587322
   -2.111000000    0.004607391
   -2.110000000    0.004627801
   -2.109000000    0.004648559
   -2.108000000    0.004669669
   -2.107000000    0.004691136
   -2.106000000    0.004712968
   -2.105000000    0.004735168
   -2.104000000    0.004757743
   -2.103000000    0.004780700
   -2.102000000    0.004804043
   -2.101000000    0.004827780
   -2.100000000    0.004851918
   -2.099000000    0.004876462
   -2.098000000    0.004901419
   -2.097000000    0.004926797
   -2.096000000    0.004952602
   -2.095000000    0.004978843
   -2.094000000    0.005005526
   -2.093000000    0.005032659
   -2.092000000    0.005060251
   -2.091000000    0.005088308
   -2.090000000    0.005116841
   -2.089000000    0.005145856
   -2.088000000    0.005175364
   -2.087000000    0.005205372
   -2.086000000    0.005235891
   -2.085000000    0.005266929
   -2.084000000    0.005298496
   -2.083000000    0.005330603
   -2.082000000    0.005363260
   -2.081000000    0.005396477
   -2.080000000    0.005430264
   -2.079000000    0.005464634
   -2.078000000    0.005499598
   -2.077000000    0.005535166
   -2.076000000    0.005571352
   -2.075000000    0.005608167
   -2.074000000    0.005645625
   -2.073000000    0.005683738
   -2.072000000    0.005722519
   -2.071000000    0.005761984
   -2.070000000    0.005802145
   -2.069000000    0.005843017
   -2.068000000    0.005884616
   -2.067000000    0.005926957
   -2.066000000    0.005970056
   -2.065000000    0.006013928
   -2.064000000    0.006058592
   -2.063000000    0.006104064
   -2.062000000    0.006150361
   -2.061000000    0.006197504
   -2.060000000    0.006245509
   -2.059000000    0.006294397
   -2.058000000    0.006344188
   -2.057000000    0.006394903
   -2.056000000    0.006446562
   -2.055000000    0.006499189
   -2.054000000    0.006552804
   -2.053000000    0.006607432
   -2.052000000    0.006663097
   -2.051000000    0.006719824
   -2.050000000    0.006777637
   -2.049000000    0.006836565
   -2.048000000    0.006896633
   -2.047000000    0.006957870
   -2.046000000    0.007020306
   -2.045000000    0.007083969
   -2.044000000    0.007148892
   -2.043000000    0.007215106
   -2.042000000    0.007282644
   -2.041000000    0.007351541
   -2.040000000    0.007421831
   -2.039000000    0.007493552
   -2.038000000    0.007566742
   -2.037000000    0.007641439
   -2.036000000    0.007717685
   -2.035000000    0.007795520
   -2.034000000    0.007874989
   -2.033000000    0.007956137
   -2.032000000    0.008039009
   -2.031000000    0.008123656
   -2.030000000    0.008210126
   -2.029000000    0.008298471
   -2.028000000    0.008388746
   -2.027000000    0.008481006
   -2.026000000    0.008575310
   -2.025000000    0.008671717
   -2.024000000    0.008770290
   -2.023000000    0.008871094
   -2.022000000    0.008974197
   -2.021000000    0.009079668
   -2.020000000    0.009187581
   -2.019000000    0.009298010
   -2.018000000    0.009411037
   -2.017000000    0.009526741
   -2.016000000    0.009645209
   -2.015000000    0.009766530
   -2.014000000    0.009890796
   -2.013000000    0.010018105
   -2.012000000    0.010148557
   -2.011000000    0.010282257
   -2.010000000    0.010419314
   -2.009000000    0.010559845
   -2.008000000    0.010703967
   -2.007000000    0.010851806
   -2.006000000    0.011003492
   -2.005000000    0.011159163
   -2.004000000    0.011318960
   -2.003000000    0.011483034
   -2.002000000    0.011651541
   -2.001000000    0.011824645
   -2.000000000    0.012002518
   -1.999000000    0.012185339
   -1.998000000    0.012373299
   -1.997000000    0.012566595
   -1.996000000    0.012765436
   -1.995000000    0.012970041
   -1.994000000    0.013180640
   -1.993000000    0.013397476
   -1.992000000    0.013620802
   -1.991000000    0.013850889
   -1.990000000    0.014088017
   -1.989000000    0.014332487
   -1.988000000    0.014584612
   -1.987000000    0.014844725
   -1.986000000    0.015113177
   -1.985000000    0.015390339
   -1.984000000    0.015676603
   -1.983000000    0.015972386
   -1.982000000    0.016278128
   -1.981000000    0.016594295
   -1.980000000    0.016921383
   -1.979000000    0.017259919
   -1.978000000    0.017610461
   -1.977000000    0.017973605
   -1.976000000    0.018349983
   -1.975000000    0.018740271
   -1.974000000    0.019145187
   -1.973000000    0.019565502
   -1.972000000    0.020002034
   -1.971000000    0.020455663
   -1.970000000    0.020927330
   -1.969000000    0.021418040
   -1.968000000    0.021928878
   -1.967000000    0.022461003
   -1.966000000    0.023015666
   -1.965000000    0.023594212
   -1.964000000    0.024198093
   -1.963000000    0.024828873
   -1.962000000    0.025488247
   -1.961000000    0.026178047
   -1.960000000    0.026900260
   -1.959000000    0.027657042
   -1.958000000    0.028450739
   -1.957000000    0.029283905
   -1.956000000    0.030159327
   -1.955000000    0.031080048
   -1.954000000    0.032049403
   -1.953000000    0.033071046
   -1.952000000    0.034148997
   -1.951000000    0.035287678
   -1.950000000    0.036491971
   -1.949000000    0.037767276
   -1.948000000    0.039119578
   -1.947000000    0.040555529
   -1.946000000    0.042082537
   -1.945000000    0.043708881
   -1.944000000    0.045443832
   -1.943000000    0.047297810
   -1.942000000    0.049282555
   -1.941000000    0.051411345
   -1.940000000    0.053699243
   -1.939000000    0.056163409
   -1.938000000    0.058823458
   -1.937000000    0.061701911
   -1.936000000    0.064824737
   -1.935000000    0.068222022
   -1.934000000    0.071928797
   -1.933000000    0.075986068
   -1.932000000    0.080442117
   -1.931000000    0.085354138
   -1.930000000    0.090790341
   -1.929000000    0.096832660
   -1.928000000    0.103580288
   -1.927000000    0.111154345
   -1.926000000    0.119704101
   -1.925000000    0.129415420
   -1.924000000    0.140522353
   -1.923000000    0.153323342
   -1.922000000    0.168204284
   -1.921000000    0.185672028
   -1.920000000    0.206404166
   -1.919000000    0.231324988
   -1.918000000    0.261724844
   -1.917000000    0.299454275
   -1.916000000    0.347252608
   -1.915000000    0.409331116
   -1.914000000    0.492468506
   -1.913000000    0.608217396
   -1.912000000    0.777755726
   -1.911000000    1.043840083
   -1.910000000    1.505181677
   -1.909000000    2.440083202
   -1.908000000    4.941063526
   -1.907000000   16.881339725
   -1.906000000   45.478027111
   -1.905000000   32.527916944
   -1.904000000   25.689206091
   -1.903000000   21.810126512
   -1.902000000   19.266784783
   -1.901000000   17.443021552
   -1.900000000   16.056195971
   -1.899000000   14.957415528
   -1.898000000   14.060143668
   -1.897000000   13.310300222
   -1.896000000   12.672157246
   -1.895000000   12.121052980
   -1.894000000   11.639349661
   -1.893000000   11.214058429
   -1.892000000   10.835376337
   -1.891000000   10.495748902
   -1.890000000   10.189248957
   -1.889000000    9.911153035
   -1.888000000    9.657645181
   -1.887000000    9.425605238
   -1.886000000    9.212454583
   -1.885000000    9.016041744
   -1.884000000    8.834556287
   -1.883000000    8.666463067
   -1.882000000    8.510451395
   -1.881000000    8.365395294
   -1.880000000    8.230322090
   -1.879000000    8.104387361
   -1.878000000    7.986854781
   -1.877000000    7.877079774
   -1.876000000    7.774496162
   -1.875000000    7.678605189
   -1.874000000    7.588966441
   -1.873000000    7.505190301
   -1.872000000    7.426931638
   -1.871000000    7.353884528
   -1.870000000    7.285777803
   -1.869000000    7.222371299
   -1.868000000    7.163452696
   -1.867000000    7.108834841
   -1.866000000    7.058353497
   -1.865000000    7.011865449
   -1.864000000    6.969246926
   -1.863000000    6.930392293
   -1.862000000    6.895212996
   -1.861000000    6.863636715
   -1.860000000    6.835606736
   -1.859000000    6.811081498
   -1.858000000    6.790034332
   -1.857000000    6.772453376
   -1.856000000    6.758341663
   -1.855000000    6.747717401
   -1.854000000    6.740614434
   -1.853000000    6.737082919
   -1.852000000    6.737190222
   -1.851000000    6.741022065
   -1.850000000    6.748683960
   -1.849000000    6.760302970
   -1.848000000    6.776029851
   -1.847000000    6.796041641
   -1.846000000    6.820544790
   -1.845000000    6.849778927
   -1.844000000    6.884021419
   -1.843000000    6.923592877
   -1.842000000    6.968863854
   -1.841000000    7.020263017
   -1.840000000    7.078287171
   -1.839000000    7.143513642
   -1.838000000    7.216615683
   -1.837000000    7.298381784
   -1.836000000    7.389740110
   -1.835000000    7.491789732
   -1.834000000    7.605840966
   -1.833000000    7.733468138
   -1.832000000    7.876579514
   -1.831000000    8.037511394
   -1.830000000    8.219156845
   -1.829000000    8.425145180
   -1.828000000    8.660097561
   -1.827000000    8.929999915
   -1.826000000    9.242762399
   -1.825000000    9.609086248
   -1.824000000   10.043858856
   -1.823000000   10.568502803
   -1.822000000   11.215153796
   -1.821000000   12.034611879
   -1.820000000   13.112827568
   -1.819000000   14.609115550
   -1.818000000   16.858905424
   -1.817000000   20.707112309
   -1.816000000   28.416551053
   -1.815000000   16.941524497
   -1.814000000    4.164952076
   -1.813000000    1.909824182
   -1.812000000    1.142772026
   -1.811000000    0.781427748
   -1.810000000    0.578456463
   -1.809000000    0.451238763
   -1.808000000    0.365309876
   -1.807000000    0.304031748
   -1.806000000    0.258494924
   -1.805000000    0.223543792
   -1.804000000    0.196009587
   -1.803000000    0.173848444
   -1.802000000    0.155688933
   -1.801000000    0.140579988
   -1.800000000    0.127843378
   -1.799000000    0.116983705
   -1.798000000    0.107631515
   -1.797000000    0.099506205
   -1.796000000    0.092391204
   -1.795000000    0.086116943
   -1.794000000    0.080548941
   -1.793000000    0.075579308
   -1.792000000    0.071120570
   -1.791000000    0.067101130
   -1.790000000    0.063461874
   -1.789000000    0.060153602
   -1.788000000    0.057135063
   -1.787000000    0.054371434
   -1.786000000    0.051833138
   -1.785000000    0.049494897
   -1.784000000    0.047334999
   -1.783000000    0.045334693
   -1.782000000    0.043477710
   -1.781000000    0.041749871
   -1.780000000    0.040138769
   -1.779000000    0.038633500
   -1.778000000    0.037224450
   -1.777000000    0.035903107
   -1.776000000    0.034661916
   -1.775000000    0.033494144
   -1.774000000    0.032393777
   -1.773000000    0.031355425
   -1.772000000    0.030374248
   -1.771000000    0.029445882
   -1.770000000    0.028566390
   -1.769000000    0.027732207
   -1.768000000    0.026940099
   -1.767000000    0.026187127
   -1.766000000    0.025470613
   -1.765000000    0.024788111
   -1.764000000    0.024137388
   -1.763000000    0.023516394
   -1.762000000    0.022923251
   -1.761000000    0.022356231
   -1.760000000    0.021813743
   -1.759000000    0.021294320
   -1.758000000    0.020796606
   -1.757000000    0.020319350
   -1.756000000    0.019861390
   -1.755000000    0.019421650
   -1.754000000    0.018999130
   -1.753000000    0.018592902
   -1.752000000    0.018202099
   -1.751000000    0.017825915
   -1.750000000    0.017463599
   -1.749000000    0.017114447
   -1.748000000    0.016777803
   -1.747000000    0.016453051
   -1.746000000    0.016139614
   -1.745000000    0.015836953
   -1.744000000    0.015544560
   -1.743000000    0.015261957
   -1.742000000    0.014988698
   -1.741000000    0.014724359
   -1.740000000    0.014468544
   -1.739000000    0.014220876
   -1.738000000    0.013981004
   -1.737000000    0.013748592
   -1.736000000    0.013523325
   -1.735000000    0.013304904
   -1.734000000    0.013093047
   -1.733000000    0.012887487
   -1.732000000    0.012687970
   -1.731000000    0.012494256
   -1.730000000    0.012306117
   -1.729000000    0.012123335
   -1.728000000    0.011945705
   -1.727000000    0.011773033
   -1.726000000    0.011605131
   -1.725000000    0.011441822
   -1.724000000    0.011282938
   -1.723000000    0.011128319
   -1.722000000    0.010977811
   -1.721000000    0.010831268
   -1.720000000    0.010688550
   -1.719000000    0.010549525
   -1.718000000    0.010414066
   -1.717000000    0.010282051
   -1.716000000    0.010153363
   -1.715000000    0.010027893
   -1.714000000    0.009905533
   -1.713000000    0.009786181
   -1.712000000    0.009669742
   -1.711000000    0.009556120
   -1.710000000    0.009445226
   -1.709000000    0.009336975
   -1.708000000    0.009231284
   -1.707000000    0.009128074
   -1.706000000    0.009027270
   -1.705000000    0.008928798
   -1.704000000    0.008832588
   -1.703000000    0.008738574
   -1.702000000    0.008646690
   -1.701000000    0.008556874
   -1.700000000    0.008469067
   -1.699000000    0.008383210
   -1.698000000    0.008299249
   -1.697000000    0.008217129
   -1.696000000    0.008136800
   -1.695000000    0.008058212
   -1.694000000    0.007981317
   -1.693000000    0.007906069
   -1.692000000    0.007832424
   -1.691000000    0.007760339
   -1.690000000    0.007689771
   -1.689000000    0.007620683
   -1.688000000    0.007553034
   -1.687000000    0.007486788
   -1.686000000    0.007421909
   -1.685000000    0.007358362
   -1.684000000    0.007296113
   -1.683000000    0.007235130
   -1.682000000    0.007175382
   -1.681000000    0.007116838
   -1.680000000    0.007059469
   -1.679000000    0.007003247
   -1.678000000    0.006948143
   -1.677000000    0.006894132
   -1.676000000    0.006841187
   -1.675000000    0.006789284
   -1.674000000    0.006738399
   -1.673000000    0.006688507
   -1.672000000    0.006639586
   -1.671000000    0.006591615
   -1.670000000    0.006544572
   -1.669000000    0.006498436
   -1.668000000    0.006453187
   -1.667000000    0.006408807
   -1.666000000    0.006365275
   -1.665000000    0.006322573
   -1.664000000    0.006280685
   -1.663000000    0.006239592
   -1.662000000    0.006199278
   -1.661000000    0.006159726
   -1.660000000    0.006120922
   -1.659000000    0.006082848
   -1.658000000    0.006045492
   -1.657000000    0.006008837
   -1.656000000    0.005972871
   -1.655000000    0.005937579
   -1.654000000    0.005902949
   -1.653000000    0.005868966
   -1.652000000    0.005835620
   -1.651000000    0.005802896
   -1.650000000    0.005770785
   -1.649000000    0.005739274
   -1.648000000    0.005708352
   -1.647000000    0.005678008
   -1.646000000    0.005648231
   -1.645000000    0.005619011
   -1.644000000    0.005590339
   -1.643000000    0.005562204
   -1.642000000    0.005534597
   -1.641000000    0.005507508
   -1.640000000    0.005480929
   -1.639000000    0.005454851
   -1.638000000    0.005429265
   -1.637000000    0.005404164
   -1.636000000    0.005379538
   -1.635000000    0.005355380
   -1.634000000    0.005331682
   -1.633000000    0.005308438
   -1.632000000    0.005285639
   -1.631000000    0.005263279
   -1.630000000    0.005241350
   -1.629000000    0.005219847
   -1.628000000    0.005198762
   -1.627000000    0.005178089
   -1.626000000    0.005157822
   -1.625000000    0.005137955
   -1.624000000    0.005118481
   -1.623000000    0.005099397
   -1.622000000    0.005080694
   -1.621000000    0.005062370
   -1.620000000    0.005044417
   -1.619000000    0.005026831
   -1.618000000    0.005009607
   -1.617000000    0.004992739
   -1.616000000    0.004976225
   -1.615000000    0.004960057
   -1.614000000    0.004944233
   -1.613000000    0.004928747
   -1.612000000    0.004913596
   -1.611000000    0.004898775
   -1.610000000    0.004884281
   -1.609000000    0.004870108
   -1.608000000    0.004856255
   -1.607000000    0.004842716
   -1.606000000    0.004829488
   -1.605000000    0.004816567
   -1.604000000    0.004803951
   -1.603000000    0.004791636
   -1.602000000    0.004779619
   -1.601000000    0.004767896
   -1.600000000    0.004756464
   -1.599000000    0.004745321
   -1.598000000    0.004734464
   -1.597000000    0.004723889
   -1.596000000    0.004713595
   -1.595000000    0.004703578
   -1.594000000    0.004693836
   -1.593000000    0.004684367
   -1.592000000    0.004675168
   -1.591000000    0.004666236
   -1.590000000    0.004657571
   -1.589000000    0.004649168
   -1.588000000    0.004641027
   -1.587000000    0.004633145
   -1.586000000    0.004625521
   -1.585000000    0.004618152
   -1.584000000    0.004611037
   -1.583000000    0.004604173
   -1.582000000    0.004597560
   -1.581000000    0.004591196
   -1.580000000    0.004585078
   -1.579000000    0.004579206
   -1.578000000    0.004573579
   -1.577000000    0.004568194
   -1.576000000    0.004563051
   -1.575000000    0.004558148
   -1.574000000    0.004553484
   -1.573000000    0.004549059
   -1.572000000    0.004544870
   -1.571000000    0.004540917
   -1.570000000    0.004537199
   -1.569000000    0.004533716
   -1.568000000    0.004530466
   -1.567000000    0.004527448
   -1.566000000    0.004524662
   -1.565000000    0.004522108
   -1.564000000    0.004519784
   -1.563000000    0.004517690
   -1.562000000    0.004515826
   -1.561000000    0.004514191
   -1.560000000    0.004512785
   -1.559000000    0.004511607
   -1.558000000    0.004510658
   -1.557000000    0.004509936
   -1.556000000    0.004509443
   -1.555000000    0.004509177
   -1.554000000    0.004509139
   -1.553000000    0.004509329
   -1.552000000    0.004509747
   -1.551000000    0.004510393
   -1.550000000    0.004511267
   -1.549000000    0.004512369
   -1.548000000    0.004513700
   -1.547000000    0.004515260
   -1.546000000    0.004517049
   -1.545000000    0.004519069
   -1.544000000    0.004521319
   -1.543000000    0.004523800
   -1.542000000    0.004526512
   -1.541000000    0.004529457
   -1.540000000    0.004532635
   -1.539000000    0.004536047
   -1.538000000    0.004539693
   -1.537000000    0.004543576
   -1.536000000    0.004547695
   -1.535000000    0.004552052
   -1.534000000    0.004556648
   -1.533000000    0.004561483
   -1.532000000    0.004566560
   -1.531000000    0.004571880
   -1.530000000    0.004577444
   -1.529000000    0.004583253
   -1.528000000    0.004589309
   -1.527000000    0.004595613
   -1.526000000    0.004602168
   -1.525000000    0.004608975
   -1.524000000    0.004616035
   -1.523000000    0.004623350
   -1.522000000    0.004630923
   -1.521000000    0.004638756
   -1.520000000    0.004646850
   -1.519000000    0.004655208
   -1.518000000    0.004663831
   -1.517000000    0.004672723
   -1.516000000    0.004681885
   -1.515000000    0.004691321
   -1.514000000    0.004701032
   -1.513000000    0.004711022
   -1.512000000    0.004721292
   -1.511000000    0.004731847
   -1.510000000    0.004742688
   -1.509000000    0.004753819
   -1.508000000    0.004765244
   -1.507000000    0.004776964
   -1.506000000    0.004788984
   -1.505000000    0.004801307
   -1.504000000    0.004813936
   -1.503000000    0.004826875
   -1.502000000    0.004840128
   -1.501000000    0.004853699
   -1.500000000    0.004867592
   -1.499000000    0.004881810
   -1.498000000    0.004896358
   -1.497000000    0.004911241
   -1.496000000    0.004926462
   -1.495000000    0.004942027
   -1.494000000    0.004957940
   -1.493000000    0.004974206
   -1.492000000    0.004990830
   -1.491000000    0.005007817
   -1.490000000    0.005025173
   -1.489000000    0.005042902
   -1.488000000    0.005061011
   -1.487000000    0.005079506
   -1.486000000    0.005098392
   -1.485000000    0.005117675
   -1.484000000    0.005137363
   -1.483000000    0.005157460
   -1.482000000    0.005177975
   -1.481000000    0.005198914
   -1.480000000    0.005220283
   -1.479000000    0.005242091
   -1.478000000    0.005264344
   -1.477000000    0.005287052
   -1.476000000    0.005310220
   -1.475000000    0.005333858
   -1.474000000    0.005357975
   -1.473000000    0.005382578
   -1.472000000    0.005407677
   -1.471000000    0.005433280
   -1.470000000    0.005459399
   -1.469000000    0.005486041
   -1.468000000    0.005513217
   -1.467000000    0.005540938
   -1.466000000    0.005569215
   -1.465000000    0.005598058
   -1.464000000    0.005627478
   -1.463000000    0.005657488
   -1.462000000    0.005688099
   -1.461000000    0.005719323
   -1.460000000    0.005751175
   -1.459000000    0.005783666
   -1.458000000    0.005816811
   -1.457000000    0.005850623
   -1.456000000    0.005885117
   -1.455000000    0.005920308
   -1.454000000    0.005956212
   -1.453000000    0.005992844
   -1.452000000    0.006030220
   -1.451000000    0.006068359
   -1.450000000    0.006107277
   -1.449000000    0.006146993
   -1.448000000    0.006187525
   -1.447000000    0.006228893
   -1.446000000    0.006271117
   -1.445000000    0.006314217
   -1.444000000    0.006358215
   -1.443000000    0.006403133
   -1.442000000    0.006448994
   -1.441000000    0.006495822
   -1.440000000    0.006543642
   -1.439000000    0.006592478
   -1.438000000    0.006642357
   -1.437000000    0.006693306
   -1.436000000    0.006745355
   -1.435000000    0.006798531
   -1.434000000    0.006852865
   -1.433000000    0.006908390
   -1.432000000    0.006965136
   -1.431000000    0.007023140
   -1.430000000    0.007082435
   -1.429000000    0.007143058
   -1.428000000    0.007205047
   -1.427000000    0.007268442
   -1.426000000    0.007333283
   -1.425000000    0.007399614
   -1.424000000    0.007467478
   -1.423000000    0.007536921
   -1.422000000    0.007607991
   -1.421000000    0.007680739
   -1.420000000    0.007755216
   -1.419000000    0.007831476
   -1.418000000    0.007909576
   -1.417000000    0.007989575
   -1.416000000    0.008071533
   -1.415000000    0.008155514
   -1.414000000    0.008241587
   -1.413000000    0.008329819
   -1.412000000    0.008420284
   -1.411000000    0.008513058
   -1.410000000    0.008608221
   -1.409000000    0.008705855
   -1.408000000    0.008806048
   -1.407000000    0.008908891
   -1.406000000    0.009014479
   -1.405000000    0.009122913
   -1.404000000    0.009234296
   -1.403000000    0.009348739
   -1.402000000    0.009466358
   -1.401000000    0.009587273
   -1.400000000    0.009711613
   -1.399000000    0.009839510
   -1.398000000    0.009971106
   -1.397000000    0.010106548
   -1.396000000    0.010245994
   -1.395000000    0.010389606
   -1.394000000    0.010537559
   -1.393000000    0.010690036
   -1.392000000    0.010847228
   -1.391000000    0.011009342
   -1.390000000    0.011176592
   -1.389000000    0.011349205
   -1.388000000    0.011527425
   -1.387000000    0.011711507
   -1.386000000    0.011901721
   -1.385000000    0.012098357
   -1.384000000    0.012301719
   -1.383000000    0.012512133
   -1.382000000    0.012729945
   -1.381000000    0.012955523
   -1.380000000    0.013189259
   -1.379000000    0.013431572
   -1.378000000    0.013682909
   -1.377000000    0.013943747
   -1.376000000    0.014214598
   -1.375000000    0.014496009
   -1.374000000    0.014788566
   -1.373000000    0.015092900
   -1.372000000    0.015409687
   -1.371000000    0.015739657
   -1.370000000    0.016083593
   -1.369000000    0.016442342
   -1.368000000    0.016816818
   -1.367000000    0.017208010
   -1.366000000    0.017616988
   -1.365000000    0.018044914
   -1.364000000    0.018493049
   -1.363000000    0.018962765
   -1.362000000    0.019455560
   -1.361000000    0.019973065
   -1.360000000    0.020517067
   -1.359000000    0.021089523
   -1.358000000    0.021692580
   -1.357000000    0.022328602
   -1.356000000    0.023000192
   -1.355000000    0.023710228
   -1.354000000    0.024461896
   -1.353000000    0.025258730
   -1.352000000    0.026104666
   -1.351000000    0.027004091
   -1.350000000    0.027961915
   -1.349000000    0.028983645
   -1.348000000    0.030075482
   -1.347000000    0.031244424
   -1.346000000    0.032498399
   -1.345000000    0.033846422
   -1.344000000    0.035298781
   -1.343000000    0.036867268
   -1.342000000    0.038565451
   -1.341000000    0.040409020
   -1.340000000    0.042416202
   -1.339000000    0.044608287
   -1.338000000    0.047010280
   -1.337000000    0.049651727
   -1.336000000    0.052567769
   -1.335000000    0.055800493
   -1.334000000    0.059400689
   -1.333000000    0.063430167
   -1.332000000    0.067964820
   -1.331000000    0.073098768
   -1.330000000    0.078950013
   -1.329000000    0.085668295
   -1.328000000    0.093446204
   -1.327000000    0.102535189
   -1.326000000    0.113269163
   -1.325000000    0.126100175
   -1.324000000    0.141653859
   -1.323000000    0.160818506
   -1.322000000    0.184893666
   -1.321000000    0.215849381
   -1.320000000    0.256803197
   -1.319000000    0.312956810
   -1.318000000    0.393590252
   -1.317000000    0.516772394
   -1.316000000    0.722143424
   -1.315000000    1.113107956
   -1.314000000    2.044936729
   -1.313000000    5.527288682
   -1.312000000   23.995089002
   -1.311000000   19.600763348
   -1.310000000   14.980398652
   -1.309000000   12.527069050
   -1.308000000   10.988555580
   -1.307000000    9.916942131
   -1.306000000    9.118596968
   -1.305000000    8.495706579
   -1.304000000    7.993126332
   -1.303000000    7.577178850
   -1.302000000    7.226013384
   -1.301000000    6.924765253
   -1.300000000    6.662930503
   -1.299000000    6.432851578
   -1.298000000    6.228798762
   -1.297000000    6.046389218
   -1.296000000    5.882206308
   -1.295000000    5.733542505
   -1.294000000    5.598221143
   -1.293000000    5.474469982
   -1.292000000    5.360829687
   -1.291000000    5.256086382
   -1.290000000    5.159221145
   -1.289000000    5.069371634
   -1.288000000    4.985802547
   -1.287000000    4.907882618
   -1.286000000    4.835066502
   -1.285000000    4.766880360
   -1.284000000    4.702910304
   -1.283000000    4.642793033
   -1.282000000    4.586208201
   -1.281000000    4.532872143
   -1.280000000    4.482532686
   -1.279000000    4.434964832
   -1.278000000    4.389967139
   -1.277000000    4.347358679
   -1.276000000    4.306976454
   -1.275000000    4.268673213
   -1.274000000    4.232315573
   -1.273000000    4.197782415
   -1.272000000    4.164963495
   -1.271000000    4.133758255
   -1.270000000    4.104074773
   -1.269000000    4.075828865
   -1.268000000    4.048943291
   -1.267000000    4.023347058
   -1.266000000    3.998974814
   -1.265000000    3.975766306
   -1.264000000    3.953665907
   -1.263000000    3.932622193
   -1.262000000    3.912587565
   -1.261000000    3.893517920
   -1.260000000    3.875372348
   -1.259000000    3.858112868
   -1.258000000    3.841704189
   -1.257000000    3.826113491
   -1.256000000    3.811310238
   -1.255000000    3.797265999
   -1.254000000    3.783954294
   -1.253000000    3.771350447
   -1.252000000    3.759431464
   -1.251000000    3.748175910
   -1.250000000    3.737563809
   -1.249000000    3.727576544
   -1.248000000    3.718196770
   -1.247000000    3.709408336
   -1.246000000    3.701196212
   -1.245000000    3.693546423
   -1.244000000    3.686445989
   -1.243000000    3.679882872
   -1.242000000    3.673845923
   -1.241000000    3.668324839
   -1.240000000    3.663310122
   -1.239000000    3.658793039
   -1.238000000    3.654765592
   -1.237000000    3.651220485
   -1.236000000    3.648151094
   -1.235000000    3.645551447
   -1.234000000    3.643416197
   -1.233000000    3.641740607
   -1.232000000    3.640520525
   -1.231000000    3.639752376
   -1.230000000    3.639433145
   -1.229000000    3.639560364
   -1.228000000    3.640132107
   -1.227000000    3.641146977
   -1.226000000    3.642604103
   -1.225000000    3.644503137
   -1.224000000    3.646844247
   -1.223000000    3.649628119
   -1.222000000    3.652855960
   -1.221000000    3.656529496
   -1.220000000    3.660650976
   -1.219000000    3.665223183
   -1.218000000    3.670249435
   -1.217000000    3.675733601
   -1.216000000    3.681680105
   -1.215000000    3.688093945
   -1.214000000    3.694980703
   -1.213000000    3.702346569
   -1.212000000    3.710198350
   -1.211000000    3.718543503
   -1.210000000    3.727390149
   -1.209000000    3.736747105
   -1.208000000    3.746623915
   -1.207000000    3.757030876
   -1.206000000    3.767979079
   -1.205000000    3.779480447
   -1.204000000    3.791547774
   -1.203000000    3.804194778
   -1.202000000    3.817436148
   -1.201000000    3.831287603
   -1.200000000    3.845765948
   -1.199000000    3.860889150
   -1.198000000    3.876676402
   -1.197000000    3.893148213
   -1.196000000    3.910326489
   -1.195000000    3.928234633
   -1.194000000    3.946897653
   -1.193000000    3.966342275
   -1.192000000    3.986597075
   -1.191000000    4.007692619
   -1.190000000    4.029661620
   -1.189000000    4.052539112
   -1.188000000    4.076362635
   -1.187000000    4.101172456
   -1.186000000    4.127011793
   -1.185000000    4.153927084
   -1.184000000    4.181968274
   -1.183000000    4.211189137
   -1.182000000    4.241647643
   -1.181000000    4.273406360
   -1.180000000    4.306532912
   -1.179000000    4.341100491
   -1.178000000    4.377188438
   -1.177000000    4.414882896
   -1.176000000    4.454277559
   -1.175000000    4.495474513
   -1.174000000    4.538585206
   -1.173000000    4.583731554
   -1.172000000    4.631047215
   -1.171000000    4.680679053
   -1.170000000    4.732788841
   -1.169000000    4.787555228
   -1.168000000    4.845176052
   -1.167000000    4.905871029
   -1.166000000    4.969884944
   -1.165000000    5.037491408
   -1.164000000    5.108997342
   -1.163000000    5.184748333
   -1.162000000    5.265135093
   -1.161000000    5.350601278
   -1.160000000    5.441653029
   -1.159000000    5.538870707
   -1.158000000    5.642923431
   -1.157000000    5.754587252
   -1.156000000    5.874768090
   -1.155000000    6.004530980
   -1.154000000    6.145137772
   -1.153000000    6.298096357
   -1.152000000    6.465225788
   -1.151000000    6.648743767
   -1.150000000    6.851386140
   -1.149000000    7.076573212
   -1.148000000    7.328646204
   -1.147000000    7.613211610
   -1.146000000    7.937656793
   -1.145000000    8.311947156
   -1.144000000    8.749906024
   -1.143000000    9.271363820
   -1.142000000    9.905968495
   -1.141000000   10.700409984
   -1.140000000   11.733330254
   -1.139000000   13.149681370
   -1.138000000   15.252410335
   -1.137000000   18.797461901
   -1.136000000   25.848315074
   -1.135000000   16.806369386
   -1.134000000    3.992068094
   -1.133000000    1.790202723
   -1.132000000    1.057111538
   -1.131000000    0.715875244
   -1.130000000    0.525761404
   -1.129000000    0.407356916
   -1.128000000    0.327806455
   -1.127000000    0.271343834
   -1.126000000    0.229565919
   -1.125000000    0.197628740
   -1.124000000    0.172564816
   -1.123000000    0.152465608
   -1.122000000    0.136053798
   -1.121000000    0.122445680
   -1.120000000    0.111012449
   -1.119000000    0.101295761
   -1.118000000    0.092954468
   -1.117000000    0.085729962
   -1.116000000    0.079423008
   -1.115000000    0.073877892
   -1.114000000    0.068971336
   -1.113000000    0.064604603
   -1.112000000    0.060697780
   -1.111000000    0.057185563
   -1.110000000    0.054014122
   -1.109000000    0.051138731
   -1.108000000    0.048521948
   -1.107000000    0.046132217
   -1.106000000    0.043942777
   -1.105000000    0.041930796
   -1.104000000    0.040076691
   -1.103000000    0.038363578
   -1.102000000    0.036776830
   -1.101000000    0.035303720
   -1.100000000    0.033933128
   -1.099000000    0.032655297
   -1.098000000    0.031461637
   -1.097000000    0.030344555
   -1.096000000    0.029297321
   -1.095000000    0.028313948
   -1.094000000    0.027389097
   -1.093000000    0.026517988
   -1.092000000    0.025696335
   -1.091000000    0.024920285
   -1.090000000    0.024186360
   -1.089000000    0.023491420
   -1.088000000    0.022832620
   -1.087000000    0.022207377
   -1.086000000    0.021613341
   -1.085000000    0.021048372
   -1.084000000    0.020510515
   -1.083000000    0.019997981
   -1.082000000    0.019509131
   -1.081000000    0.019042460
   -1.080000000    0.018596587
   -1.079000000    0.018170236
   -1.078000000    0.017762234
   -1.077000000    0.017371495
   -1.076000000    0.016997016
   -1.075000000    0.016637867
   -1.074000000    0.016293188
   -1.073000000    0.015962178
   -1.072000000    0.015644092
   -1.071000000    0.015338240
   -1.070000000    0.015043975
   -1.069000000    0.014760696
   -1.068000000    0.014487841
   -1.067000000    0.014224886
   -1.066000000    0.013971337
   -1.065000000    0.013726736
   -1.064000000    0.013490650
   -1.063000000    0.013262674
   -1.062000000    0.013042429
   -1.061000000    0.012829555
   -1.060000000    0.012623717
   -1.059000000    0.012424599
   -1.058000000    0.012231900
   -1.057000000    0.012045340
   -1.056000000    0.011864653
   -1.055000000    0.011689587
   -1.054000000    0.011519906
   -1.053000000    0.011355384
   -1.052000000    0.011195810
   -1.051000000    0.011040982
   -1.050000000    0.010890708
   -1.049000000    0.010744809
   -1.048000000    0.010603112
   -1.047000000    0.010465454
   -1.046000000    0.010331681
   -1.045000000    0.010201644
   -1.044000000    0.010075204
   -1.043000000    0.009952228
   -1.042000000    0.009832587
   -1.041000000    0.009716162
   -1.040000000    0.009602837
   -1.039000000    0.009492501
   -1.038000000    0.009385051
   -1.037000000    0.009280384
   -1.036000000    0.009178406
   -1.035000000    0.009079025
   -1.034000000    0.008982153
   -1.033000000    0.008887707
   -1.032000000    0.008795607
   -1.031000000    0.008705776
   -1.030000000    0.008618140
   -1.029000000    0.008532629
   -1.028000000    0.008449175
   -1.027000000    0.008367714
   -1.026000000    0.008288184
   -1.025000000    0.008210526
   -1.024000000    0.008134681
   -1.023000000    0.008060595
   -1.022000000    0.007988215
   -1.021000000    0.007917491
   -1.020000000    0.007848374
   -1.019000000    0.007780816
   -1.018000000    0.007714773
   -1.017000000    0.007650202
   -1.016000000    0.007587060
   -1.015000000    0.007525307
   -1.014000000    0.007464905
   -1.013000000    0.007405815
   -1.012000000    0.007348003
   -1.011000000    0.007291433
   -1.010000000    0.007236072
   -1.009000000    0.007181888
   -1.008000000    0.007128848
   -1.007000000    0.007076924
   -1.006000000    0.007026086
   -1.005000000    0.006976306
   -1.004000000    0.006927557
   -1.003000000    0.006879813
   -1.002000000    0.006833048
   -1.001000000    0.006787238
   -1.000000000    0.006742359
   -0.999000000    0.006698389
   -0.998000000    0.006655304
   -0.997000000    0.006613085
   -0.996000000    0.006571708
   -0.995000000    0.006531156
   -0.994000000    0.006491408
   -0.993000000    0.006452446
   -0.992000000    0.006414251
   -0.991000000    0.006376805
   -0.990000000    0.006340091
   -0.989000000    0.006304093
   -0.988000000    0.006268795
   -0.987000000    0.006234180
   -0.986000000    0.006200235
   -0.985000000    0.006166943
   -0.984000000    0.006134290
   -0.983000000    0.006102264
   -0.982000000    0.006070850
   -0.981000000    0.006040035
   -0.980000000    0.006009806
   -0.979000000    0.005980152
   -0.978000000    0.005951060
   -0.977000000    0.005922519
   -0.976000000    0.005894516
   -0.975000000    0.005867042
   -0.974000000    0.005840086
   -0.973000000    0.005813637
   -0.972000000    0.005787685
   -0.971000000    0.005762220
   -0.970000000    0.005737232
   -0.969000000    0.005712713
   -0.968000000    0.005688654
   -0.967000000    0.005665045
   -0.966000000    0.005641877
   -0.965000000    0.005619144
   -0.964000000    0.005596835
   -0.963000000    0.005574945
   -0.962000000    0.005553464
   -0.961000000    0.005532385
   -0.960000000    0.005511701
   -0.959000000    0.005491405
   -0.958000000    0.005471490
   -0.957000000    0.005451949
   -0.956000000    0.005432776
   -0.955000000    0.005413964
   -0.954000000    0.005395506
   -0.953000000    0.005377398
   -0.952000000    0.005359632
   -0.951000000    0.005342203
   -0.950000000    0.005325105
   -0.949000000    0.005308334
   -0.948000000    0.005291882
   -0.947000000    0.005275746
   -0.946000000    0.005259919
   -0.945000000    0.005244398
   -0.944000000    0.005229177
   -0.943000000    0.005214251
   -0.942000000    0.005199616
   -0.941000000    0.005185266
   -0.940000000    0.005171199
   -0.939000000    0.005157409
   -0.938000000    0.005143892
   -0.937000000    0.005130644
   -0.936000000    0.005117661
   -0.935000000    0.005104939
   -0.934000000    0.005092474
   -0.933000000    0.005080263
   -0.932000000    0.005068301
   -0.931000000    0.005056586
   -0.930000000    0.005045113
   -0.929000000    0.005033879
   -0.928000000    0.005022882
   -0.927000000    0.005012116
   -0.926000000    0.005001581
   -0.925000000    0.004991271
   -0.924000000    0.004981185
   -0.923000000    0.004971320
   -0.922000000    0.004961671
   -0.921000000    0.004952237
   -0.920000000    0.004943015
   -0.919000000    0.004934002
   -0.918000000    0.004925195
   -0.917000000    0.004916592
   -0.916000000    0.004908190
   -0.915000000    0.004899986
   -0.914000000    0.004891979
   -0.913000000    0.004884166
   -0.912000000    0.004876545
   -0.911000000    0.004869112
   -0.910000000    0.004861867
   -0.909000000    0.004854807
   -0.908000000    0.004847929
   -0.907000000    0.004841233
   -0.906000000    0.004834714
   -0.905000000    0.004828373
   -0.904000000    0.004822206
   -0.903000000    0.004816212
   -0.902000000    0.004810389
   -0.901000000    0.004804735
   -0.900000000    0.004799249
   -0.899000000    0.004793928
   -0.898000000    0.004788771
   -0.897000000    0.004783777
   -0.896000000    0.004778943
   -0.895000000    0.004774268
   -0.894000000    0.004769751
   -0.893000000    0.004765390
   -0.892000000    0.004761183
   -0.891000000    0.004757129
   -0.890000000    0.004753227
   -0.889000000    0.004749475
   -0.888000000    0.004745872
   -0.887000000    0.004742417
   -0.886000000    0.004739108
   -0.885000000    0.004735944
   -0.884000000    0.004732924
   -0.883000000    0.004730046
   -0.882000000    0.004727310
   -0.881000000    0.004724714
   -0.880000000    0.004722257
   -0.879000000    0.004719938
   -0.878000000    0.004717756
   -0.877000000    0.004715711
   -0.876000000    0.004713800
   -0.875000000    0.004712022
   -0.874000000    0.004710378
   -0.873000000    0.004708866
   -0.872000000    0.004707485
   -0.871000000    0.004706234
   -0.870000000    0.004705113
   -0.869000000    0.004704119
   -0.868000000    0.004703254
   -0.867000000    0.004702515
   -0.866000000    0.004701902
   -0.865000000    0.004701414
   -0.864000000    0.004701051
   -0.863000000    0.004700812
   -0.862000000    0.004700695
   -0.861000000    0.004700701
   -0.860000000    0.004700828
   -0.859000000    0.004701077
   -0.858000000    0.004701446
   -0.857000000    0.004701934
   -0.856000000    0.004702542
   -0.855000000    0.004703268
   -0.854000000    0.004704113
   -0.853000000    0.004705075
   -0.852000000    0.004706153
   -0.851000000    0.004707348
   -0.850000000    0.004708659
   -0.849000000    0.004710086
   -0.848000000    0.004711627
   -0.847000000    0.004713283
   -0.846000000    0.004715053
   -0.845000000    0.004716937
   -0.844000000    0.004718934
   -0.843000000    0.004721044
   -0.842000000    0.004723267
   -0.841000000    0.004725601
   -0.840000000    0.004728048
   -0.839000000    0.004730606
   -0.838000000    0.004733275
   -0.837000000    0.004736056
   -0.836000000    0.004738946
   -0.835000000    0.004741948
   -0.834000000    0.004745059
   -0.833000000    0.004748280
   -0.832000000    0.004751611
   -0.831000000    0.004755051
   -0.830000000    0.004758601
   -0.829000000    0.004762259
   -0.828000000    0.004766027
   -0.827000000    0.004769903
   -0.826000000    0.004773888
   -0.825000000    0.004777981
   -0.824000000    0.004782183
   -0.823000000    0.004786493
   -0.822000000    0.004790910
   -0.821000000    0.004795436
   -0.820000000    0.004800070
   -0.819000000    0.004804812
   -0.818000000    0.004809662
   -0.817000000    0.004814620
   -0.816000000    0.004819685
   -0.815000000    0.004824858
   -0.814000000    0.004830140
   -0.813000000    0.004835528
   -0.812000000    0.004841025
   -0.811000000    0.004846630
   -0.810000000    0.004852343
   -0.809000000    0.004858164
   -0.808000000    0.004864092
   -0.807000000    0.004870129
   -0.806000000    0.004876275
   -0.805000000    0.004882529
   -0.804000000    0.004888891
   -0.803000000    0.004895362
   -0.802000000    0.004901942
   -0.801000000    0.004908631
   -0.800000000    0.004915429
   -0.799000000    0.004922336
   -0.798000000    0.004929353
   -0.797000000    0.004936480
   -0.796000000    0.004943716
   -0.795000000    0.004951063
   -0.794000000    0.004958520
   -0.793000000    0.004966088
   -0.792000000    0.004973767
   -0.791000000    0.004981557
   -0.790000000    0.004989459
   -0.789000000    0.004997473
   -0.788000000    0.005005598
   -0.787000000    0.005013837
   -0.786000000    0.005022188
   -0.785000000    0.005030652
   -0.784000000    0.005039229
   -0.783000000    0.005047921
   -0.782000000    0.005056727
   -0.781000000    0.005065647
   -0.780000000    0.005074683
   -0.779000000    0.005083834
   -0.778000000    0.005093101
   -0.777000000    0.005102485
   -0.776000000    0.005111985
   -0.775000000    0.005121603
   -0.774000000    0.005131338
   -0.773000000    0.005141192
   -0.772000000    0.005151165
   -0.771000000    0.005161257
   -0.770000000    0.005171469
   -0.769000000    0.005181801
   -0.768000000    0.005192255
   -0.767000000    0.005202830
   -0.766000000    0.005213527
   -0.765000000    0.005224347
   -0.764000000    0.005235290
   -0.763000000    0.005246357
   -0.762000000    0.005257549
   -0.761000000    0.005268867
   -0.760000000    0.005280310
   -0.759000000    0.005291880
   -0.758000000    0.005303578
   -0.757000000    0.005315403
   -0.756000000    0.005327357
   -0.755000000    0.005339441
   -0.754000000    0.005351655
   -0.753000000    0.005364001
   -0.752000000    0.005376478
   -0.751000000    0.005389088
   -0.750000000    0.005401831
   -0.749000000    0.005414709
   -0.748000000    0.005427722
   -0.747000000    0.005440871
   -0.746000000    0.005454157
   -0.745000000    0.005467580
   -0.744000000    0.005481143
   -0.743000000    0.005494845
   -0.742000000    0.005508688
   -0.741000000    0.005522672
   -0.740000000    0.005536799
   -0.739000000    0.005551070
   -0.738000000    0.005565485
   -0.737000000    0.005580046
   -0.736000000    0.005594753
   -0.735000000    0.005609609
   -0.734000000    0.005624613
   -0.733000000    0.005639767
   -0.732000000    0.005655072
   -0.731000000    0.005670529
   -0.730000000    0.005686139
   -0.729000000    0.005701905
   -0.728000000    0.005717826
   -0.727000000    0.005733904
   -0.726000000    0.005750140
   -0.725000000    0.005766535
   -0.724000000    0.005783092
   -0.723000000    0.005799810
   -0.722000000    0.005816693
   -0.721000000    0.005833739
   -0.720000000    0.005850952
   -0.719000000    0.005868333
   -0.718000000    0.005885882
   -0.717000000    0.005903602
   -0.716000000    0.005921494
   -0.715000000    0.005939559
   -0.714000000    0.005957799
   -0.713000000    0.005976215
   -0.712000000    0.005994810
   -0.711000000    0.006013584
   -0.710000000    0.006032539
   -0.709000000    0.006051677
   -0.708000000    0.006071000
   -0.707000000    0.006090508
   -0.706000000    0.006110205
   -0.705000000    0.006130091
   -0.704000000    0.006150169
   -0.703000000    0.006170440
   -0.702000000    0.006190906
   -0.701000000    0.006211569
   -0.700000000    0.006232431
   -0.699000000    0.006253494
   -0.698000000    0.006274760
   -0.697000000    0.006296230
   -0.696000000    0.006317907
   -0.695000000    0.006339793
   -0.694000000    0.006361890
   -0.693000000    0.006384200
   -0.692000000    0.006406725
   -0.691000000    0.006429467
   -0.690000000    0.006452430
   -0.689000000    0.006475614
   -0.688000000    0.006499022
   -0.687000000    0.006522657
   -0.686000000    0.006546520
   -0.685000000    0.006570615
   -0.684000000    0.006594944
   -0.683000000    0.006619510
   -0.682000000    0.006644314
   -0.681000000    0.006669359
   -0.680000000    0.006694649
   -0.679000000    0.006720185
   -0.678000000    0.006745971
   -0.677000000    0.006772009
   -0.676000000    0.006798302
   -0.675000000    0.006824853
   -0.674000000    0.006851664
   -0.673000000    0.006878740
   -0.672000000    0.006906082
   -0.671000000    0.006933694
   -0.670000000    0.006961578
   -0.669000000    0.006989739
   -0.668000000    0.007018179
   -0.667000000    0.007046902
   -0.666000000    0.007075910
   -0.665000000    0.007105208
   -0.664000000    0.007134798
   -0.663000000    0.007164685
   -0.662000000    0.007194871
   -0.661000000    0.007225361
   -0.660000000    0.007256157
   -0.659000000    0.007287264
   -0.658000000    0.007318686
   -0.657000000    0.007350427
   -0.656000000    0.007382489
   -0.655000000    0.007414878
   -0.654000000    0.007447598
   -0.653000000    0.007480652
   -0.652000000    0.007514045
   -0.651000000    0.007547781
   -0.650000000    0.007581865
   -0.649000000    0.007616301
   -0.648000000    0.007651094
   -0.647000000    0.007686248
   -0.646000000    0.007721767
   -0.645000000    0.007757658
   -0.644000000    0.007793924
   -0.643000000    0.007830570
   -0.642000000    0.007867603
   -0.641000000    0.007905026
   -0.640000000    0.007942845
   -0.639000000    0.007981066
   -0.638000000    0.008019694
   -0.637000000    0.008058734
   -0.636000000    0.008098192
   -0.635000000    0.008138074
   -0.634000000    0.008178387
   -0.633000000    0.008219134
   -0.632000000    0.008260324
   -0.631000000    0.008301962
   -0.630000000    0.008344054
   -0.629000000    0.008386608
   -0.628000000    0.008429629
   -0.627000000    0.008473124
   -0.626000000    0.008517100
   -0.625000000    0.008561565
   -0.624000000    0.008606524
   -0.623000000    0.008651987
   -0.622000000    0.008697959
   -0.621000000    0.008744449
   -0.620000000    0.008791464
   -0.619000000    0.008839012
   -0.618000000    0.008887101
   -0.617000000    0.008935740
   -0.616000000    0.008984936
   -0.615000000    0.009034699
   -0.614000000    0.009085037
   -0.613000000    0.009135958
   -0.612000000    0.009187473
   -0.611000000    0.009239590
   -0.610000000    0.009292318
   -0.609000000    0.009345668
   -0.608000000    0.009399649
   -0.607000000    0.009454272
   -0.606000000    0.009509546
   -0.605000000    0.009565483
   -0.604000000    0.009622092
   -0.603000000    0.009679385
   -0.602000000    0.009737374
   -0.601000000    0.009796069
   -0.600000000    0.009855483
   -0.599000000    0.009915626
   -0.598000000    0.009976513
   -0.597000000    0.010038154
   -0.596000000    0.010100564
   -0.595000000    0.010163754
   -0.594000000    0.010227739
   -0.593000000    0.010292533
   -0.592000000    0.010358148
   -0.591000000    0.010424600
   -0.590000000    0.010491903
   -0.589000000    0.010560072
   -0.588000000    0.010629123
   -0.587000000    0.010699072
   -0.586000000    0.010769934
   -0.585000000    0.010841725
   -0.584000000    0.010914464
   -0.583000000    0.010988167
   -0.582000000    0.011062852
   -0.581000000    0.011138537
   -0.580000000    0.011215240
   -0.579000000    0.011292982
   -0.578000000    0.011371780
   -0.577000000    0.011451656
   -0.576000000    0.011532630
   -0.575000000    0.011614722
   -0.574000000    0.011697955
   -0.573000000    0.011782351
   -0.572000000    0.011867932
   -0.571000000    0.011954721
   -0.570000000    0.012042743
   -0.569000000    0.012132022
   -0.568000000    0.012222583
   -0.567000000    0.012314452
   -0.566000000    0.012407656
   -0.565000000    0.012502221
   -0.564000000    0.012598177
   -0.563000000    0.012695550
   -0.562000000    0.012794372
   -0.561000000    0.012894672
   -0.560000000    0.012996481
   -0.559000000    0.013099832
   -0.558000000    0.013204758
   -0.557000000    0.013311292
   -0.556000000    0.013419469
   -0.555000000    0.013529325
   -0.554000000    0.013640897
   -0.553000000    0.013754223
   -0.552000000    0.013869341
   -0.551000000    0.013986293
   -0.550000000    0.014105119
   -0.549000000    0.014225863
   -0.548000000    0.014348567
   -0.547000000    0.014473278
   -0.546000000    0.014600041
   -0.545000000    0.014728905
   -0.544000000    0.014859920
   -0.543000000    0.014993136
   -0.542000000    0.015128606
   -0.541000000    0.015266384
   -0.540000000    0.015406527
   -0.539000000    0.015549093
   -0.538000000    0.015694140
   -0.537000000    0.015841732
   -0.536000000    0.015991930
   -0.535000000    0.016144802
   -0.534000000    0.016300416
   -0.533000000    0.016458841
   -0.532000000    0.016620150
   -0.531000000    0.016784418
   -0.530000000    0.016951724
   -0.529000000    0.017122147
   -0.528000000    0.017295771
   -0.527000000    0.017472682
   -0.526000000    0.017652969
   -0.525000000    0.017836724
   -0.524000000    0.018024044
   -0.523000000    0.018215028
   -0.522000000    0.018409779
   -0.521000000    0.018608402
   -0.520000000    0.018811010
   -0.519000000    0.019017717
   -0.518000000    0.019228643
   -0.517000000    0.019443910
   -0.516000000    0.019663649
   -0.515000000    0.019887992
   -0.514000000    0.020117080
   -0.513000000    0.020351055
   -0.512000000    0.020590070
   -0.511000000    0.020834279
   -0.510000000    0.021083847
   -0.509000000    0.021338943
   -0.508000000    0.021599743
   -0.507000000    0.021866433
   -0.506000000    0.022139204
   -0.505000000    0.022418256
   -0.504000000    0.022703799
   -0.503000000    0.022996052
   -0.502000000    0.023295241
   -0.501000000    0.023601607
   -0.500000000    0.023915396
   -0.499000000    0.024236872
   -0.498000000    0.024566305
   -0.497000000    0.024903982
   -0.496000000    0.025250202
   -0.495000000    0.025605277
   -0.494000000    0.025969537
   -0.493000000    0.026343327
   -0.492000000    0.026727007
   -0.491000000    0.027120959
   -0.490000000    0.027525581
   -0.489000000    0.027941294
   -0.488000000    0.028368538
   -0.487000000    0.028807780
   -0.486000000    0.029259508
   -0.485000000    0.029724240
   -0.484000000    0.030202519
   -0.483000000    0.030694920
   -0.482000000    0.031202051
   -0.481000000    0.031724552
   -0.480000000    0.032263102
   -0.479000000    0.032818419
   -0.478000000    0.033391264
   -0.477000000    0.033982444
   -0.476000000    0.034592812
   -0.475000000    0.035223278
   -0.474000000    0.035874807
   -0.473000000    0.036548425
   -0.472000000    0.037245226
   -0.471000000    0.037966372
   -0.470000000    0.038713107
   -0.469000000    0.039486755
   -0.468000000    0.040288734
   -0.467000000    0.041120559
   -0.466000000    0.041983853
   -0.465000000    0.042880355
   -0.464000000    0.043811933
   -0.463000000    0.044780593
   -0.462000000    0.045788493
   -0.461000000    0.046837958
   -0.460000000    0.047931496
   -0.459000000    0.049071815
   -0.458000000    0.050261844
   -0.457000000    0.051504753
   -0.456000000    0.052803983
   -0.455000000    0.054163272
   -0.454000000    0.055586684
   -0.453000000    0.057078651
   -0.452000000    0.058644011
   -0.451000000    0.060288052
   -0.450000000    0.062016573
   -0.449000000    0.063835936
   -0.448000000    0.065753141
   -0.447000000    0.067775905
   -0.446000000    0.069912754
   -0.445000000    0.072173127
   -0.444000000    0.074567503
   -0.443000000    0.077107544
   -0.442000000    0.079806260
   -0.441000000    0.082678210
   -0.440000000    0.085739731
   -0.439000000    0.089009211
   -0.438000000    0.092507416
   -0.437000000    0.096257880
   -0.436000000    0.100287362
   -0.435000000    0.104626419
   -0.434000000    0.109310072
   -0.433000000    0.114378646
   -0.432000000    0.119878778
   -0.431000000    0.125864677
   -0.430000000    0.132399682
   -0.429000000    0.139558220
   -0.428000000    0.147428280
   -0.427000000    0.156114565
   -0.426000000    0.165742547
   -0.425000000    0.176463745
   -0.424000000    0.188462665
   -0.423000000    0.201966027
   -0.422000000    0.217255221
   -0.421000000    0.234683346
   -0.420000000    0.254698907
   -0.419000000    0.277879355
   -0.418000000    0.304979513
   -0.417000000    0.337003080
   -0.416000000    0.375310870
   -0.415000000    0.421789444
   -0.414000000    0.479122627
   -0.413000000    0.551245747
   -0.412000000    0.644140670
   -0.411000000    0.767304499
   -0.410000000    0.936647438
   -0.409000000    1.180700144
   -0.408000000    1.555392744
   -0.407000000    2.184595008
   -0.406000000    3.396061429
   -0.405000000    6.343127126
   -0.404000000   17.850454548
   -0.403000000   72.941792838
   -0.402000000   56.629255293
   -0.401000000   43.585442217
   -0.400000000   36.564243199
   -0.399000000   32.115417424
   -0.398000000   28.993525375
   -0.397000000   26.653816863
   -0.396000000   24.818883642
   -0.395000000   23.331471890
   -0.394000000   22.095191695
   -0.393000000   21.047359434
   -0.392000000   20.145285837
   -0.391000000   19.358807056
   -0.390000000   18.665962079
   -0.389000000   18.050364256
   -0.388000000   17.499536136
   -0.387000000   17.003817745
   -0.386000000   16.555629861
   -0.385000000   16.148964732
   -0.384000000   15.779027038
   -0.383000000   15.441976992
   -0.382000000   15.134744814
   -0.381000000   14.854896632
   -0.380000000   14.600538670
   -0.379000000   14.370251254
   -0.378000000   14.163047356
   -0.377000000   13.978352904
   -0.376000000   13.816008232
   -0.375000000   13.676292183
   -0.374000000   13.559972963
   -0.373000000   13.468393295
   -0.372000000   13.403602558
   -0.371000000   13.368556862
   -0.370000000   13.367421769
   -0.369000000   13.406036647
   -0.368000000   13.492644193
   -0.367000000   13.639074777
   -0.366000000   13.862751346
   -0.365000000   14.190265748
   -0.364000000   14.664190547
   -0.363000000   15.357182737
   -0.362000000   16.404537384
   -0.361000000   18.091025178
   -0.360000000   21.129759388
   -0.359000000   27.509621309
   -0.358000000   19.154081315
   -0.357000000    4.684039535
   -0.356000000    2.218676158
   -0.355000000    1.403331763
   -0.354000000    1.024291217
   -0.353000000    0.813976778
   -0.352000000    0.684489573
   -0.351000000    0.599484878
   -0.350000000    0.541522131
   -0.349000000    0.501323809
   -0.348000000    0.473579661
   -0.347000000    0.455092126
   -0.346000000    0.443877335
   -0.345000000    0.438698254
   -0.344000000    0.438810446
   -0.343000000    0.443820774
   -0.342000000    0.453611103
   -0.341000000    0.468303455
   -0.340000000    0.488255731
   -0.339000000    0.514084762
   -0.338000000    0.546719463
   -0.337000000    0.587493269
   -0.336000000    0.638294203
   -0.335000000    0.701806284
   -0.334000000    0.781904210
   -0.333000000    0.884318837
   -0.332000000    1.017807362
   -0.331000000    1.196322927
   -0.330000000    1.443311755
   -0.329000000    1.800962761
   -0.328000000    2.352381639
   -0.327000000    3.283051361
   -0.326000000    5.090465318
   -0.325000000    9.573506563
   -0.324000000   28.010683851
   -0.323000000  102.864786907
   -0.322000000   79.913882473
   -0.321000000   62.638876789
   -0.320000000   53.420030957
   -0.319000000   47.664764039
   -0.318000000   43.707982549
   -0.317000000   40.819438426
   -0.316000000   38.627622765
   -0.315000000   36.923094115
   -0.314000000   35.579019960
   -0.313000000   34.514784447
   -0.312000000   33.677715566
   -0.311000000   33.033302731
   -0.310000000   32.559783818
   -0.309000000   32.245212342
   -0.308000000   32.086129485
   -0.307000000   32.087504922
   -0.306000000   32.263993649
   -0.305000000   32.642983783
   -0.304000000   33.270630444
   -0.303000000   34.223614672
   -0.302000000   35.633201074
   -0.301000000   37.739033556
   -0.300000000   41.025925141
   -0.299000000   46.637796214
   -0.298000000   57.811727492
   -0.297000000   64.505415163
   -0.296000000   19.704521151
   -0.295000000   11.725836529
   -0.294000000    9.447742153
   -0.293000000    8.435600604
   -0.292000000    7.870670297
   -0.291000000    7.508467699
   -0.290000000    7.253570969
   -0.289000000    7.061842373
   -0.288000000    6.910309966
   -0.287000000    6.785929980
   -0.286000000    6.680781451
   -0.285000000    6.589789731
   -0.284000000    6.509558172
   -0.283000000    6.437728638
   -0.282000000    6.372612410
   -0.281000000    6.312967449
   -0.280000000    6.257858793
   -0.279000000    6.206568138
   -0.278000000    6.158533578
   -0.277000000    6.113308427
   -0.276000000    6.070532433
   -0.275000000    6.029911255
   -0.274000000    5.991201561
   -0.273000000    5.954200034
   -0.272000000    5.918735129
   -0.271000000    5.884660824
   -0.270000000    5.851851805
   -0.269000000    5.820199728
   -0.268000000    5.789610279
   -0.267000000    5.760000836
   -0.266000000    5.731298601
   -0.265000000    5.703439086
   -0.264000000    5.676364883
   -0.263000000    5.650024651
   -0.262000000    5.624372285
   -0.261000000    5.599366214
   -0.260000000    5.574968826
   -0.259000000    5.551145972
   -0.258000000    5.527866557
   -0.257000000    5.505102181
   -0.256000000    5.482826842
   -0.255000000    5.461016675
   -0.254000000    5.439649728
   -0.253000000    5.418705765
   -0.252000000    5.398166107
   -0.251000000    5.378013473
   -0.250000000    5.358231860
   -0.249000000    5.338806428
   -0.248000000    5.319723396
   -0.247000000    5.300969962
   -0.246000000    5.282534218
   -0.245000000    5.264405086
   -0.244000000    5.246572255
   -0.243000000    5.229026125
   -0.242000000    5.211757764
   -0.241000000    5.194758859
   -0.240000000    5.178021680
   -0.239000000    5.161539048
   -0.238000000    5.145304302
   -0.237000000    5.129311274
   -0.236000000    5.113554265
   -0.235000000    5.098028023
   -0.234000000    5.082727728
   -0.233000000    5.067648975
   -0.232000000    5.052787761
   -0.231000000    5.038140474
   -0.230000000    5.023703885
   -0.229000000    5.009475141
   -0.228000000    4.995451761
   -0.227000000    4.981631636
   -0.226000000    4.968013022
   -0.225000000    4.954594552
   -0.224000000    4.941375229
   -0.223000000    4.928354443
   -0.222000000    4.915531970
   -0.221000000    4.902907992
   -0.220000000    4.890483106
   -0.219000000    4.878258340
   -0.218000000    4.866235178
   -0.217000000    4.854415582
   -0.216000000    4.842802017
   -0.215000000    4.831397487
   -0.214000000    4.820205571
   -0.213000000    4.809230465
   -0.212000000    4.798477031
   -0.211000000    4.787950854
   -0.210000000    4.777658307
   -0.209000000    4.767606620
   -0.208000000    4.757803971
   -0.207000000    4.748259577
   -0.206000000    4.738983806
   -0.205000000    4.729988304
   -0.204000000    4.721286145
   -0.203000000    4.712891994
   -0.202000000    4.704822305
   -0.201000000    4.697095550
   -0.200000000    4.689732478
   -0.199000000    4.682756428
   -0.198000000    4.676193684
   -0.197000000    4.670073900
   -0.196000000    4.664430603
   -0.195000000    4.659301777
   -0.194000000    4.654730574
   -0.193000000    4.650766150
   -0.192000000    4.647464680
   -0.191000000    4.644890574
   -0.190000000    4.643117967
   -0.189000000    4.642232525
   -0.188000000    4.642333685
   -0.187000000    4.643537414
   -0.186000000    4.645979668
   -0.185000000    4.649820741
   -0.184000000    4.655250792
   -0.183000000    4.662496938
   -0.182000000    4.671832446
   -0.181000000    4.683588797
   -0.180000000    4.698171708
   -0.179000000    4.716082727
   -0.178000000    4.737948780
   -0.177000000    4.764563329
   -0.176000000    4.796944827
   -0.175000000    4.836421616
   -0.174000000    4.884758385
   -0.173000000    4.944350155
   -0.172000000    5.018530173
   -0.171000000    5.112078727
   -0.170000000    5.232105659
   -0.169000000    5.389674186
   -0.168000000    5.603017006
   -0.167000000    5.904535334
   -0.166000000    6.358038367
   -0.165000000    7.108811002
   -0.164000000    8.557259380
   -0.163000000   10.992191704
   -0.162000000    3.398769789
   -0.161000000    1.370004912
   -0.160000000    0.914030104
   -0.159000000    0.762427490
   -0.158000000    0.720303871
   -0.157000000    0.739500183
   -0.156000000    0.810499348
   -0.155000000    0.943820349
   -0.154000000    1.174324075
   -0.153000000    1.590656043
   -0.152000000    2.449858482
   -0.151000000    4.780566537
   -0.150000000   16.202099244
   -0.149000000   40.058912137
   -0.148000000   28.942079636
   -0.147000000   23.283327163
   -0.146000000   20.242379009
   -0.145000000   18.755848889
   -0.144000000   20.632651781
   -0.143000000   24.778391439
   -0.142000000   21.435106061
   -0.141000000   19.515062051
   -0.140000000   18.252490618
   -0.139000000   17.323318541
   -0.138000000   16.594327465
   -0.137000000   15.999021964
   -0.136000000   15.499419391
   -0.135000000   15.071713621
   -0.134000000   14.699960512
   -0.133000000   14.372942436
   -0.132000000   14.082463078
   -0.131000000   13.822352195
   -0.130000000   13.587851244
   -0.129000000   13.375216522
   -0.128000000   13.181453080
   -0.127000000   13.004130655
   -0.126000000   12.841252940
   -0.125000000   12.691162612
   -0.124000000   12.552470976
   -0.123000000   12.424004942
   -0.122000000   12.304766459
   -0.121000000   12.193901068
   -0.120000000   12.090673226
   -0.119000000   11.994446745
   -0.118000000   11.904669129
   -0.117000000   11.820858934
   -0.116000000   11.742595486
   -0.115000000   11.669510464
   -0.114000000   11.601280962
   -0.113000000   11.537623760
   -0.112000000   11.478290555
   -0.111000000   11.423063994
   -0.110000000   11.371754362
   -0.109000000   11.324196821
   -0.108000000   11.280249111
   -0.107000000   11.239789644
   -0.106000000   11.202715943
   -0.105000000   11.168943370
   -0.104000000   11.138404122
   -0.103000000   11.111046470
   -0.102000000   11.086834204
   -0.101000000   11.065746301
   -0.100000000   11.047776775
   -0.099000000   11.032934738
   -0.098000000   11.021244649
   -0.097000000   11.012746777
   -0.096000000   11.007497883
   -0.095000000   11.005572135
   -0.094000000   11.007062303
   -0.093000000   11.012081239
   -0.092000000   11.020763719
   -0.091000000   11.033268674
   -0.090000000   11.049781904
   -0.089000000   11.070519359
   -0.088000000   11.095731101
   -0.087000000   11.125706096
   -0.086000000   11.160778024
   -0.085000000   11.201332356
   -0.084000000   11.247815003
   -0.083000000   11.300742957
   -0.082000000   11.360717456
   -0.081000000   11.428440412
   -0.080000000   11.504735058
   -0.079000000   11.590572151
   -0.078000000   11.687103569
   -0.077000000   11.795705858
   -0.076000000   11.918037401
   -0.075000000   12.056114509
   -0.074000000   12.212414258
   -0.073000000   12.390015912
   -0.072000000   12.592799182
   -0.071000000   12.825728359
   -0.070000000   13.095269835
   -0.069000000   13.410023585
   -0.068000000   13.781710892
   -0.067000000   14.226781684
   -0.066000000   14.769156973
   -0.065000000   15.445185666
   -0.064000000   16.313269074
   -0.063000000   17.474334819
   -0.062000000   19.120923120
   -0.061000000   21.675210672
   -0.060000000   26.256741792
   -0.059000000   34.914740743
   -0.058000000   14.773467245
   -0.057000000    6.883131381
   -0.056000000    5.195339600
   -0.055000000    4.554056561
   -0.054000000    4.232574807
   -0.053000000    4.043893670
   -0.052000000    3.921247307
   -0.051000000    3.835573196
   -0.050000000    3.772418058
   -0.049000000    3.723869972
   -0.048000000    3.685271811
   -0.047000000    3.653721857
   -0.046000000    3.627327375
   -0.045000000    3.604806317
   -0.044000000    3.585262404
   -0.043000000    3.568051973
   -0.042000000    3.552701953
   -0.041000000    3.538857576
   -0.040000000    3.526248039
   -0.039000000    3.514663365
   -0.038000000    3.503938444
   -0.037000000    3.493941809
   -0.036000000    3.484567580
   -0.035000000    3.475729608
   -0.034000000    3.467357128
   -0.033000000    3.459391517
   -0.032000000    3.451783819
   -0.031000000    3.444492856
   -0.030000000    3.437483752
   -0.029000000    3.430726786
   -0.028000000    3.424196481
   -0.027000000    3.417870877
   -0.026000000    3.411730950
   -0.025000000    3.405760141
   -0.024000000    3.399943970
   -0.023000000    3.394269722
   -0.022000000    3.388726189
   -0.021000000    3.383303453
   -0.020000000    3.377992706
   -0.019000000    3.372786100
   -0.018000000    3.367676623
   -0.017000000    3.362657988
   -0.016000000    3.357724543
   -0.015000000    3.352871195
   -0.014000000    3.348093343
   -0.013000000    3.343386820
   -0.012000000    3.338747845
   -0.011000000    3.334172979
   -0.010000000    3.329659089
   -0.009000000    3.325203316
   -0.008000000    3.320803048
   -0.007000000    3.316455893
   -0.006000000    3.312159659
   -0.005000000    3.307912335
   -0.004000000    3.303712074
   -0.003000000    3.299557180
   -0.002000000    3.295446091
   -0.001000000    3.291377373
    0.000000000    3.287349705
    0.001000000    3.283361873
    0.002000000    3.279412759
    0.003000000    3.275501336
    0.004000000    3.271626663
    0.005000000    3.267787876
    0.006000000    3.263984184
    0.007000000    3.260214864
    0.008000000    3.256479261
    0.009000000    3.252776779
    0.010000000    3.249106878
    0.011000000    3.245469077
    0.012000000    3.241862945
    0.013000000    3.238288103
    0.014000000    3.234744219
    0.015000000    3.231231008
    0.016000000    3.227748232
    0.017000000    3.224295696
    0.018000000    3.220873248
    0.019000000    3.217480778
    0.020000000    3.214118218
    0.021000000    3.210785541
    0.022000000    3.207482762
    0.023000000    3.204209934
    0.024000000    3.200967153
    0.025000000    3.197754555
    0.026000000    3.194572316
    0.027000000    3.191420656
    0.028000000    3.188299834
    0.029000000    3.185210154
    0.030000000    3.182151962
    0.031000000    3.179125649
    0.032000000    3.176131654
    0.033000000    3.173170461
    0.034000000    3.170242602
    0.035000000    3.167348661
    0.036000000    3.164489275
    0.037000000    3.161665133
    0.038000000    3.158876982
    0.039000000    3.156125629
    0.040000000    3.153411943
    0.041000000    3.150736855
    0.042000000    3.148101368
    0.043000000    3.145506556
    0.044000000    3.142953568
    0.045000000    3.140443634
    0.046000000    3.137978069
    0.047000000    3.135558278
    0.048000000    3.133185762
    0.049000000    3.130862123
    0.050000000    3.128589074
    0.051000000    3.126368440
    0.052000000    3.124202173
    0.053000000    3.122092357
    0.054000000    3.120041219
    0.055000000    3.118051136
    0.056000000    3.116124654
    0.057000000    3.114264493
    0.058000000    3.112473567
    0.059000000    3.110754995
    0.060000000    3.109112121
    0.061000000    3.107548535
    0.062000000    3.106068089
    0.063000000    3.104674926
    0.064000000    3.103373504
    0.065000000    3.102168623
    0.066000000    3.101065465
    0.067000000    3.100069624
    0.068000000    3.099187155
    0.069000000    3.098424615
    0.070000000    3.097789121
    0.071000000    3.097288408
    0.072000000    3.096930904
    0.073000000    3.096725804
    0.074000000    3.096683166
    0.075000000    3.096814016
    0.076000000    3.097130469
    0.077000000    3.097645873
    0.078000000    3.098374980
    0.079000000    3.099334134
    0.080000000    3.100541510
    0.081000000    3.102017386
    0.082000000    3.103784474
    0.083000000    3.105868314
    0.084000000    3.108297753
    0.085000000    3.111105531
    0.086000000    3.114328998
    0.087000000    3.118011005
    0.088000000    3.122201018
    0.089000000    3.126956525
    0.090000000    3.132344826
    0.091000000    3.138445359
    0.092000000    3.145352714
    0.093000000    3.153180649
    0.094000000    3.162067465
    0.095000000    3.172183352
    0.096000000    3.183740583
    0.097000000    3.197007952
    0.098000000    3.212331655
    0.099000000    3.230166224
    0.100000000    3.251121620
    0.101000000    3.276037166
    0.102000000    3.306101791
    0.103000000    3.343057860
    0.104000000    3.389563877
    0.105000000    3.449878753
    0.106000000    3.531248578
    0.107000000    3.646982127
    0.108000000    3.824120853
    0.109000000    4.125886041
    0.110000000    4.734619403
    0.111000000    6.397628036
    0.112000000   14.884709162
    0.113000000   29.035526370
    0.114000000   21.844379873
    0.115000000   18.214105831
    0.116000000   16.147545185
    0.117000000   14.801733317
    0.118000000   13.851438312
    0.119000000   13.145976663
    0.120000000   12.606005840
    0.121000000   12.186101941
    0.122000000   11.859019002
    0.123000000   11.608389709
    0.124000000   11.425237263
    0.125000000   11.306549209
    0.126000000   11.255370166
    0.127000000   11.282680796
    0.128000000   11.412529200
    0.129000000   11.695034115
    0.130000000   12.242925636
    0.131000000   13.353725636
    0.132000000   15.747962454
    0.133000000   10.445430866
    0.134000000    7.111208068
    0.135000000    6.388074113
    0.136000000    6.072080146
    0.137000000    5.878469964
    0.138000000    5.737473334
    0.139000000    5.624590453
    0.140000000    5.529110513
    0.141000000    5.445591246
    0.142000000    5.370941731
    0.143000000    5.303248183
    0.144000000    5.241241382
    0.145000000    5.184031759
    0.146000000    5.130967488
    0.147000000    5.081553712
    0.148000000    5.035404202
    0.149000000    4.992211191
    0.150000000    4.951725947
    0.151000000    4.913745984
    0.152000000    4.878106609
    0.153000000    4.844675473
    0.154000000    4.813349396
    0.155000000    4.784053099
    0.156000000    4.756739798
    0.157000000    4.731393880
    0.158000000    4.708036254
    0.159000000    4.686733469
    0.160000000    4.667612588
    0.161000000    4.650885295
    0.162000000    4.636887667
    0.163000000    4.626147756
    0.164000000    4.619505357
    0.165000000    4.618335896
    0.166000000    4.624998029
    0.167000000    4.643808273
    0.168000000    4.683412741
    0.169000000    4.763497060
    0.170000000    4.938367181
    0.171000000    5.413632537
    0.172000000    7.585765553
    0.173000000   14.199751740
    0.174000000   11.636843598
    0.175000000   10.228788098
    0.176000000    9.459442145
    0.177000000    8.970674779
    0.178000000    8.629512460
    0.179000000    8.376189610
    0.180000000    8.179755647
    0.181000000    8.022489101
    0.182000000    7.893464985
    0.183000000    7.785557301
    0.184000000    7.693906879
    0.185000000    7.615079350
    0.186000000    7.546574667
    0.187000000    7.486527407
    0.188000000    7.433516208
    0.189000000    7.386438427
    0.190000000    7.344425267
    0.191000000    7.306782849
    0.192000000    7.272950380
    0.193000000    7.242469874
    0.194000000    7.214963856
    0.195000000    7.190118689
    0.196000000    7.167671928
    0.197000000    7.147402612
    0.198000000    7.129123723
    0.199000000    7.112676268
    0.200000000    7.097924598
    0.201000000    7.084752663
    0.202000000    7.073061003
    0.203000000    7.062764309
    0.204000000    7.053789433
    0.205000000    7.046073763
    0.206000000    7.039563882
    0.207000000    7.034214459
    0.208000000    7.029987336
    0.209000000    7.026850770
    0.210000000    7.024778802
    0.211000000    7.023750737
    0.212000000    7.023750723
    0.213000000    7.024767394
    0.214000000    7.026793595
    0.215000000    7.029826158
    0.216000000    7.033865732
    0.217000000    7.038916664
    0.218000000    7.044986919
    0.219000000    7.052088038
    0.220000000    7.060235144
    0.221000000    7.069446970
    0.222000000    7.079745940
    0.223000000    7.091158270
    0.224000000    7.103714122
    0.225000000    7.117447786
    0.226000000    7.132397907
    0.227000000    7.148607764
    0.228000000    7.166125587
    0.229000000    7.185004939
    0.230000000    7.205305151
    0.231000000    7.227091835
    0.232000000    7.250437466
    0.233000000    7.275422062
    0.234000000    7.302133964
    0.235000000    7.330670738
    0.236000000    7.361140216
    0.237000000    7.393661703
    0.238000000    7.428367381
    0.239000000    7.465403941
    0.240000000    7.504934489
    0.241000000    7.547140785
    0.242000000    7.592225882
    0.243000000    7.640417242
    0.244000000    7.691970443
    0.245000000    7.747173613
    0.246000000    7.806352756
    0.247000000    7.869878192
    0.248000000    7.938172402
    0.249000000    8.011719638
    0.250000000    8.091077805
    0.251000000    8.176893262
    0.252000000    8.269919422
    0.253000000    8.371040381
    0.254000000    8.481301229
    0.255000000    8.601947418
    0.256000000    8.734476548
    0.257000000    8.880707472
    0.258000000    9.042874004
    0.259000000    9.223754248
    0.260000000    9.426852734
    0.261000000    9.656662787
    0.262000000    9.919054421
    0.263000000   10.221865284
    0.264000000   10.575832945
    0.265000000   10.996127878
    0.266000000   11.505002504
    0.267000000   12.136655669
    0.268000000   12.946870383
    0.269000000   14.034063729
    0.270000000   15.591568744
    0.271000000   18.061649403
    0.272000000   22.670203543
    0.273000000   28.403259669
    0.274000000    8.806916484
    0.275000000    4.722163204
    0.276000000    3.672111533
    0.277000000    3.238422037
    0.278000000    3.011772560
    0.279000000    2.875719907
    0.280000000    2.786220282
    0.281000000    2.723372839
    0.282000000    2.677019315
    0.283000000    2.641491405
    0.284000000    2.613403528
    0.285000000    2.590621937
    0.286000000    2.571742022
    0.287000000    2.555805258
    0.288000000    2.542137418
    0.289000000    2.530251837
    0.290000000    2.519789307
    0.291000000    2.510479479
    0.292000000    2.502115370
    0.293000000    2.494536073
    0.294000000    2.487614798
    0.295000000    2.481250400
    0.296000000    2.475361302
    0.297000000    2.469881039
    0.298000000    2.464754963
    0.299000000    2.459937763
    0.300000000    2.455391574
    0.301000000    2.451084526
    0.302000000    2.446989622
    0.303000000    2.443083843
    0.304000000    2.439347454
    0.305000000    2.435763444
    0.306000000    2.432317073
    0.307000000    2.428995509
    0.308000000    2.425787533
    0.309000000    2.422683292
    0.310000000    2.419674100
    0.311000000    2.416752270
    0.312000000    2.413910974
    0.313000000    2.411144127
    0.314000000    2.408446288
    0.315000000    2.405812579
    0.316000000    2.403238610
    0.317000000    2.400720421
    0.318000000    2.398254430
    0.319000000    2.395837389
    0.320000000    2.393466344
    0.321000000    2.391138604
    0.322000000    2.388851708
    0.323000000    2.386603407
    0.324000000    2.384391633
    0.325000000    2.382214487
    0.326000000    2.380070220
    0.327000000    2.377957216
    0.328000000    2.375873982
    0.329000000    2.373819132
    0.330000000    2.371791382
    0.331000000    2.369789537
    0.332000000    2.367812486
    0.333000000    2.365859189
    0.334000000    2.363928679
    0.335000000    2.362020047
    0.336000000    2.360132443
    0.337000000    2.358265070
    0.338000000    2.356417177
    0.339000000    2.354588060
    0.340000000    2.352777053
    0.341000000    2.350983529
    0.342000000    2.349206896
    0.343000000    2.347446592
    0.344000000    2.345702088
    0.345000000    2.343972879
    0.346000000    2.342258488
    0.347000000    2.340558462
    0.348000000    2.338872368
    0.349000000    2.337199795
    0.350000000    2.335540351
    0.351000000    2.333893663
    0.352000000    2.332259372
    0.353000000    2.330637138
    0.354000000    2.329026634
    0.355000000    2.327427547
    0.356000000    2.325839577
    0.357000000    2.324262436
    0.358000000    2.322695848
    0.359000000    2.321139548
    0.360000000    2.319593279
    0.361000000    2.318056797
    0.362000000    2.316529865
    0.363000000    2.315012255
    0.364000000    2.313503746
    0.365000000    2.312004128
    0.366000000    2.310513193
    0.367000000    2.309030746
    0.368000000    2.307556593
    0.369000000    2.306090551
    0.370000000    2.304632439
    0.371000000    2.303182084
    0.372000000    2.301739318
    0.373000000    2.300303978
    0.374000000    2.298875905
    0.375000000    2.297454946
    0.376000000    2.296040952
    0.377000000    2.294633778
    0.378000000    2.293233284
    0.379000000    2.291839333
    0.380000000    2.290451792
    0.381000000    2.289070532
    0.382000000    2.287695427
    0.383000000    2.286326355
    0.384000000    2.284963196
    0.385000000    2.283605835
    0.386000000    2.282254159
    0.387000000    2.280908056
    0.388000000    2.279567421
    0.389000000    2.278232149
    0.390000000    2.276902137
    0.391000000    2.275577286
    0.392000000    2.274257499
    0.393000000    2.272942682
    0.394000000    2.271632742
    0.395000000    2.270327589
    0.396000000    2.269027136
    0.397000000    2.267731296
    0.398000000    2.266439987
    0.399000000    2.265153126
    0.400000000    2.263870635
    0.401000000    2.262592434
    0.402000000    2.261318450
    0.403000000    2.260048607
    0.404000000    2.258782834
    0.405000000    2.257521060
    0.406000000    2.256263217
    0.407000000    2.255009238
    0.408000000    2.253759058
    0.409000000    2.252512612
    0.410000000    2.251269840
    0.411000000    2.250030681
    0.412000000    2.248795075
    0.413000000    2.247562967
    0.414000000    2.246334300
    0.415000000    2.245109019
    0.416000000    2.243887074
    0.417000000    2.242668411
    0.418000000    2.241452982
    0.419000000    2.240240738
    0.420000000    2.239031633
    0.421000000    2.237825621
    0.422000000    2.236622658
    0.423000000    2.235422701
    0.424000000    2.234225711
    0.425000000    2.233031646
    0.426000000    2.231840468
    0.427000000    2.230652142
    0.428000000    2.229466630
    0.429000000    2.228283900
    0.430000000    2.227103918
    0.431000000    2.225926653
    0.432000000    2.224752075
    0.433000000    2.223580157
    0.434000000    2.222410870
    0.435000000    2.221244189
    0.436000000    2.220080091
    0.437000000    2.218918551
    0.438000000    2.217759550
    0.439000000    2.216603067
    0.440000000    2.215449083
    0.441000000    2.214297583
    0.442000000    2.213148551
    0.443000000    2.212001972
    0.444000000    2.210857836
    0.445000000    2.209716131
    0.446000000    2.208576848
    0.447000000    2.207439979
    0.448000000    2.206305520
    0.449000000    2.205173466
    0.450000000    2.204043815
    0.451000000    2.202916566
    0.452000000    2.201791721
    0.453000000    2.200669283
    0.454000000    2.199549256
    0.455000000    2.198431648
    0.456000000    2.197316467
    0.457000000    2.196203724
    0.458000000    2.195093433
    0.459000000    2.193985609
    0.460000000    2.192880268
    0.461000000    2.191777432
    0.462000000    2.190677120
    0.463000000    2.189579359
    0.464000000    2.188484175
    0.465000000    2.187391597
    0.466000000    2.186301657
    0.467000000    2.185214391
    0.468000000    2.184129837
    0.469000000    2.183048035
    0.470000000    2.181969029
    0.471000000    2.180892867
    0.472000000    2.179819599
    0.473000000    2.178749280
    0.474000000    2.177681966
    0.475000000    2.176617720
    0.476000000    2.175556608
    0.477000000    2.174498698
    0.478000000    2.173444067
    0.479000000    2.172392791
    0.480000000    2.171344956
    0.481000000    2.170300650
    0.482000000    2.169259967
    0.483000000    2.168223007
    0.484000000    2.167189876
    0.485000000    2.166160686
    0.486000000    2.165135555
    0.487000000    2.164114609
    0.488000000    2.163097982
    0.489000000    2.162085814
    0.490000000    2.161078254
    0.491000000    2.160075460
    0.492000000    2.159077600
    0.493000000    2.158084850
    0.494000000    2.157097400
    0.495000000    2.156115447
    0.496000000    2.155139203
    0.497000000    2.154168892
    0.498000000    2.153204751
    0.499000000    2.152247033
    0.500000000    2.151296006
    0.501000000    2.150351954
    0.502000000    2.149415181
    0.503000000    2.148486008
    0.504000000    2.147564778
    0.505000000    2.146651857
    0.506000000    2.145747634
    0.507000000    2.144852526
    0.508000000    2.143966975
    0.509000000    2.143091457
    0.510000000    2.142226478
    0.511000000    2.141372582
    0.512000000    2.140530352
    0.513000000    2.139700411
    0.514000000    2.138883430
    0.515000000    2.138080131
    0.516000000    2.137291289
    0.517000000    2.136517740
    0.518000000    2.135760387
    0.519000000    2.135020203
    0.520000000    2.134298243
    0.521000000    2.133595647
    0.522000000    2.132913655
    0.523000000    2.132253611
    0.524000000    2.131616979
    0.525000000    2.131005352
    0.526000000    2.130420473
    0.527000000    2.129864244
    0.528000000    2.129338751
    0.529000000    2.128846283
    0.530000000    2.128389357
    0.531000000    2.127970748
    0.532000000    2.127593520
    0.533000000    2.127261067
    0.534000000    2.126977153
    0.535000000    2.126745967
    0.536000000    2.126572180
    0.537000000    2.126461019
    0.538000000    2.126418344
    0.539000000    2.126450752
    0.540000000    2.126565690
    0.541000000    2.126771592
    0.542000000    2.127078047
    0.543000000    2.127495997
    0.544000000    2.128037982
    0.545000000    2.128718433
    0.546000000    2.129554035
    0.547000000    2.130564171
    0.548000000    2.131771486
    0.549000000    2.133202577
    0.550000000    2.134888880
    0.551000000    2.136867789
    0.552000000    2.139184114
    0.553000000    2.141891958
    0.554000000    2.145057201
    0.555000000    2.148760810
    0.556000000    2.153103306
    0.557000000    2.158210890
    0.558000000    2.164243985
    0.559000000    2.171409366
    0.560000000    2.179977738
    0.561000000    2.190309796
    0.562000000    2.202895912
    0.563000000    2.218418358
    0.564000000    2.237852315
    0.565000000    2.262636533
    0.566000000    2.294975714
    0.567000000    2.338407721
    0.568000000    2.398944656
    0.569000000    2.487579338
    0.570000000    2.626457030
    0.571000000    2.866619120
    0.572000000    3.351831867
    0.573000000    4.646524791
    0.574000000   10.824327972
    0.575000000   25.465227425
    0.576000000   18.884127612
    0.577000000   15.431887142
    0.578000000   13.491620419
    0.579000000   12.240822372
    0.580000000   11.375162433
    0.581000000   10.773573479
    0.582000000   10.426918182
    0.583000000   10.384694857
    0.584000000    8.179829797
    0.585000000    7.285207967
    0.586000000    6.994914949
    0.587000000    7.209623745
    0.588000000    8.955289833
    0.589000000    8.411651162
    0.590000000    8.018712284
    0.591000000    7.765014135
    0.592000000    7.572305409
    0.593000000    7.413211038
    0.594000000    7.275893973
    0.595000000    7.154255263
    0.596000000    7.044712666
    0.597000000    6.944944921
    0.598000000    6.853332467
    0.599000000    6.768680573
    0.600000000    6.690069927
    0.601000000    6.616769993
    0.602000000    6.548185625
    0.603000000    6.483822420
    0.604000000    6.423263225
    0.605000000    6.366151600
    0.606000000    6.312179798
    0.607000000    6.261079785
    0.608000000    6.212616373
    0.609000000    6.166581876
    0.610000000    6.122791862
    0.611000000    6.081081737
    0.612000000    6.041303967
    0.613000000    6.003325781
    0.614000000    5.967027264
    0.615000000    5.932299760
    0.616000000    5.899044513
    0.617000000    5.867171518
    0.618000000    5.836598537
    0.619000000    5.807250244
    0.620000000    5.779057492
    0.621000000    5.751956674
    0.622000000    5.725889163
    0.623000000    5.700800825
    0.624000000    5.676641585
    0.625000000    5.653365048
    0.626000000    5.630928160
    0.627000000    5.609290915
    0.628000000    5.588416079
    0.629000000    5.568268961
    0.630000000    5.548817192
    0.631000000    5.530030540
    0.632000000    5.511880732
    0.633000000    5.494341304
    0.634000000    5.477387458
    0.635000000    5.460995936
    0.636000000    5.445144904
    0.637000000    5.429813848
    0.638000000    5.414983481
    0.639000000    5.400635652
    0.640000000    5.386753272
    0.641000000    5.373320239
    0.642000000    5.360321371
    0.643000000    5.347742348
    0.644000000    5.335569657
    0.645000000    5.323790536
    0.646000000    5.312392933
    0.647000000    5.301365458
    0.648000000    5.290697349
    0.649000000    5.280378428
    0.650000000    5.270399074
    0.651000000    5.260750186
    0.652000000    5.251423159
    0.653000000    5.242409854
    0.654000000    5.233702575
    0.655000000    5.225294043
    0.656000000    5.217177380
    0.657000000    5.209346085
    0.658000000    5.201794015
    0.659000000    5.194515375
    0.660000000    5.187504692
    0.661000000    5.180756809
    0.662000000    5.174266868
    0.663000000    5.168030297
    0.664000000    5.162042799
    0.665000000    5.156300342
    0.666000000    5.150799148
    0.667000000    5.145535686
    0.668000000    5.140506658
    0.669000000    5.135709000
    0.670000000    5.131139865
    0.671000000    5.126796624
    0.672000000    5.122676857
    0.673000000    5.118778347
    0.674000000    5.115099076
    0.675000000    5.111637221
    0.676000000    5.108391148
    0.677000000    5.105359412
    0.678000000    5.102540749
    0.679000000    5.099934077
    0.680000000    5.097538495
    0.681000000    5.095353275
    0.682000000    5.093377867
    0.683000000    5.091611896
    0.684000000    5.090055158
    0.685000000    5.088707624
    0.686000000    5.087569440
    0.687000000    5.086640922
    0.688000000    5.085922566
    0.689000000    5.085415039
    0.690000000    5.085119189
    0.691000000    5.085036043
    0.692000000    5.085166810
    0.693000000    5.085512883
    0.694000000    5.086075846
    0.695000000    5.086857474
    0.696000000    5.087859736
    0.697000000    5.089084807
    0.698000000    5.090535064
    0.699000000    5.092213099
    0.700000000    5.094121721
    0.701000000    5.096263964
    0.702000000    5.098643098
    0.703000000    5.101262629
    0.704000000    5.104126318
    0.705000000    5.107238183
    0.706000000    5.110602513
    0.707000000    5.114223878
    0.708000000    5.118107143
    0.709000000    5.122257476
    0.710000000    5.126680372
    0.711000000    5.131381657
    0.712000000    5.136367513
    0.713000000    5.141644491
    0.714000000    5.147219533
    0.715000000    5.153099993
    0.716000000    5.159293656
    0.717000000    5.165808766
    0.718000000    5.172654051
    0.719000000    5.179838750
    0.720000000    5.187372646
    0.721000000    5.195266098
    0.722000000    5.203530077
    0.723000000    5.212176205
    0.724000000    5.221216797
    0.725000000    5.230664908
    0.726000000    5.240534383
    0.727000000    5.250839911
    0.728000000    5.261597082
    0.729000000    5.272822459
    0.730000000    5.284533639
    0.731000000    5.296749339
    0.732000000    5.309489477
    0.733000000    5.322775263
    0.734000000    5.336629305
    0.735000000    5.351075721
    0.736000000    5.366140261
    0.737000000    5.381850443
    0.738000000    5.398235708
    0.739000000    5.415327585
    0.740000000    5.433159874
    0.741000000    5.451768860
    0.742000000    5.471193535
    0.743000000    5.491475859
    0.744000000    5.512661047
    0.745000000    5.534797890
    0.746000000    5.557939119
    0.747000000    5.582141811
    0.748000000    5.607467850
    0.749000000    5.633984452
    0.750000000    5.661764753
    0.751000000    5.690888490
    0.752000000    5.721442770
    0.753000000    5.753522960
    0.754000000    5.787233699
    0.755000000    5.822690083
    0.756000000    5.860019027
    0.757000000    5.899360852
    0.758000000    5.940871146
    0.759000000    5.984722941
    0.760000000    6.031109292
    0.761000000    6.080246328
    0.762000000    6.132376889
    0.763000000    6.187774899
    0.764000000    6.246750632
    0.765000000    6.309657115
    0.766000000    6.376897960
    0.767000000    6.448937028
    0.768000000    6.526310425
    0.769000000    6.609641572
    0.770000000    6.699660269
    0.771000000    6.797227114
    0.772000000    6.903365111
    0.773000000    7.019301126
    0.774000000    7.146521021
    0.775000000    7.286844137
    0.776000000    7.442525660
    0.777000000    7.616400113
    0.778000000    7.812086970
    0.779000000    8.034292806
    0.780000000    8.289268407
    0.781000000    8.585524069
    0.782000000    8.934994453
    0.783000000    9.355028163
    0.784000000    9.871989253
    0.785000000   10.528265104
    0.786000000   11.397219185
    0.787000000   12.619195068
    0.788000000   14.503364252
    0.789000000   17.874467266
    0.790000000   24.041457585
    0.791000000    9.298285796
    0.792000000    4.155171857
    0.793000000    3.027625553
    0.794000000    2.596185331
    0.795000000    2.380376197
    0.796000000    2.254706072
    0.797000000    2.174011238
    0.798000000    2.118539435
    0.799000000    2.078438724
    0.800000000    2.048306149
    0.801000000    2.024957933
    0.802000000    2.006409243
    0.803000000    1.991365205
    0.804000000    1.978948890
    0.805000000    1.968547520
    0.806000000    1.959721351
    0.807000000    1.952147507
    0.808000000    1.945584157
    0.809000000    1.939846994
    0.810000000    1.934793372
    0.811000000    1.930311379
    0.812000000    1.926312137
    0.813000000    1.922724294
    0.814000000    1.919490006
    0.815000000    1.916561972
    0.816000000    1.913901210
    0.817000000    1.911475372
    0.818000000    1.909257451
    0.819000000    1.907224779
    0.820000000    1.905358250
    0.821000000    1.903641698
    0.822000000    1.902061412
    0.823000000    1.900605744
    0.824000000    1.899264794
    0.825000000    1.898030162
    0.826000000    1.896894738
    0.827000000    1.895852540
    0.828000000    1.894898580
    0.829000000    1.894028757
    0.830000000    1.893239770
    0.831000000    1.892529055
    0.832000000    1.891894730
    0.833000000    1.891335560
    0.834000000    1.890850937
    0.835000000    1.890440866
    0.836000000    1.890105966
    0.837000000    1.889847481
    0.838000000    1.889667311
    0.839000000    1.889568042
    0.840000000    1.889553005
    0.841000000    1.889626343
    0.842000000    1.889793096
    0.843000000    1.890059316
    0.844000000    1.890432202
    0.845000000    1.890920268
    0.846000000    1.891533560
    0.847000000    1.892283897
    0.848000000    1.893185218
    0.849000000    1.894254011
    0.850000000    1.895509599
    0.851000000    1.896975201
    0.852000000    1.898678312
    0.853000000    1.900651941
    0.854000000    1.902935894
    0.855000000    1.905578501
    0.856000000    1.908638904
    0.857000000    1.912190097
    0.858000000    1.916323053
    0.859000000    1.921152377
    0.860000000    1.926824207
    0.861000000    1.933527434
    0.862000000    1.941509972
    0.863000000    1.951102889
    0.864000000    1.962757140
    0.865000000    1.977101120
    0.866000000    1.995033978
    0.867000000    2.017882963
    0.868000000    2.047681415
    0.869000000    2.087688091
    0.870000000    2.143426082
    0.871000000    2.224947252
    0.872000000    2.352347654
    0.873000000    2.571376844
    0.874000000    3.008247073
    0.875000000    4.139909360
    0.876000000    9.183983652
    0.877000000   25.105901025
    0.878000000   18.635280636
    0.879000000   14.979316404
    0.880000000   12.937298406
    0.881000000   11.610440224
    0.882000000   10.663629488
    0.883000000    9.945432645
    0.884000000    9.376911996
    0.885000000    8.912537907
    0.886000000    8.524020470
    0.887000000    8.192753638
    0.888000000    7.905940161
    0.889000000    7.654454136
    0.890000000    7.431590981
    0.891000000    7.232300468
    0.892000000    7.052696884
    0.893000000    6.889735375
    0.894000000    6.740991770
    0.895000000    6.604508944
    0.896000000    6.478687219
    0.897000000    6.362204621
    0.898000000    6.253957849
    0.899000000    6.153017883
    0.900000000    6.058596119
    0.901000000    5.970018223
    0.902000000    5.886703692
    0.903000000    5.808149707
    0.904000000    5.733918264
    0.905000000    5.663625813
    0.906000000    5.596934855
    0.907000000    5.533547065
    0.908000000    5.473197636
    0.909000000    5.415650588
    0.910000000    5.360694853
    0.911000000    5.308140994
    0.912000000    5.257818434
    0.913000000    5.209573110
    0.914000000    5.163265473
    0.915000000    5.118768772
    0.916000000    5.075967590
    0.917000000    5.034756566
    0.918000000    4.995039300
    0.919000000    4.956727398
    0.920000000    4.919739631
    0.921000000    4.884001210
    0.922000000    4.849443142
    0.923000000    4.816001667
    0.924000000    4.783617756
    0.925000000    4.752236670
    0.926000000    4.721807569
    0.927000000    4.692283159
    0.928000000    4.663619383
    0.929000000    4.635775142
    0.930000000    4.608712042
    0.931000000    4.582394171
    0.932000000    4.556787897
    0.933000000    4.531861685
    0.934000000    4.507585933
    0.935000000    4.483932820
    0.936000000    4.460876174
    0.937000000    4.438391345
    0.938000000    4.416455098
    0.939000000    4.395045506
    0.940000000    4.374141860
    0.941000000    4.353724583
    0.942000000    4.333775150
    0.943000000    4.314276022
    0.944000000    4.295210572
    0.945000000    4.276563033
    0.946000000    4.258318438
    0.947000000    4.240462568
    0.948000000    4.222981909
    0.949000000    4.205863604
    0.950000000    4.189095415
    0.951000000    4.172665686
    0.952000000    4.156563306
    0.953000000    4.140777681
    0.954000000    4.125298699
    0.955000000    4.110116708
    0.956000000    4.095222484
    0.957000000    4.080607214
    0.958000000    4.066262468
    0.959000000    4.052180180
    0.960000000    4.038352629
    0.961000000    4.024772423
    0.962000000    4.011432475
    0.963000000    3.998325997
    0.964000000    3.985446475
    0.965000000    3.972787664
    0.966000000    3.960343568
    0.967000000    3.948108431
    0.968000000    3.936076728
    0.969000000    3.924243147
    0.970000000    3.912602586
    0.971000000    3.901150140
    0.972000000    3.889881093
    0.973000000    3.878790908
    0.974000000    3.867875220
    0.975000000    3.857129831
    0.976000000    3.846550699
    0.977000000    3.836133933
    0.978000000    3.825875787
    0.979000000    3.815772654
    0.980000000    3.805821060
    0.981000000    3.796017659
    0.982000000    3.786359227
    0.983000000    3.776842660
    0.984000000    3.767464967
    0.985000000    3.758223267
    0.986000000    3.749114784
    0.987000000    3.740136845
    0.988000000    3.731286875
    0.989000000    3.722562394
    0.990000000    3.713961014
    0.991000000    3.705480438
    0.992000000    3.697118452
    0.993000000    3.688872930
    0.994000000    3.680741824
    0.995000000    3.672723167
    0.996000000    3.664815068
    0.997000000    3.657015712
    0.998000000    3.649323357
    0.999000000    3.641736332
    1.000000000    3.634253037
    1.001000000    3.626871938
    1.002000000    3.619591572
    1.003000000    3.612410539
    1.004000000    3.605327504
    1.005000000    3.598341198
    1.006000000    3.591450412
    1.007000000    3.584654003
    1.008000000    3.577950885
    1.009000000    3.571340038
    1.010000000    3.564820500
    1.011000000    3.558391369
    1.012000000    3.552051805
    1.013000000    3.545801028
    1.014000000    3.539638317
    1.015000000    3.533563013
    1.016000000    3.527574517
    1.017000000    3.521672293
    1.018000000    3.515855865
    1.019000000    3.510124822
    1.020000000    3.504478813
    1.021000000    3.498917556
    1.022000000    3.493440833
    1.023000000    3.488048493
    1.024000000    3.482740455
    1.025000000    3.477516709
    1.026000000    3.472377317
    1.027000000    3.467322416
    1.028000000    3.462352222
    1.029000000    3.457467031
    1.030000000    3.452667220
    1.031000000    3.447953256
    1.032000000    3.443325694
    1.033000000    3.438785185
    1.034000000    3.434332479
    1.035000000    3.429968426
    1.036000000    3.425693990
    1.037000000    3.421510246
    1.038000000    3.417418390
    1.039000000    3.413419746
    1.040000000    3.409515776
    1.041000000    3.405708080
    1.042000000    3.401998415
    1.043000000    3.398388697
    1.044000000    3.394881018
    1.045000000    3.391477651
    1.046000000    3.388181070
    1.047000000    3.384993959
    1.048000000    3.381919230
    1.049000000    3.378960040
    1.050000000    3.376119809
    1.051000000    3.373402244
    1.052000000    3.370811356
    1.053000000    3.368351492
    1.054000000    3.366027361
    1.055000000    3.363844063
    1.056000000    3.361807128
    1.057000000    3.359922553
    1.058000000    3.358196843
    1.059000000    3.356637066
    1.060000000    3.355250899
    1.061000000    3.354046696
    1.062000000    3.353033554
    1.063000000    3.352221387
    1.064000000    3.351621019
    1.065000000    3.351244279
    1.066000000    3.351104114
    1.067000000    3.351214716
    1.068000000    3.351591669
    1.069000000    3.352252116
    1.070000000    3.353214948
    1.071000000    3.354501029
    1.072000000    3.356133448
    1.073000000    3.358137815
    1.074000000    3.360542611
    1.075000000    3.363379586
    1.076000000    3.366684238
    1.077000000    3.370496370
    1.078000000    3.374860756
    1.079000000    3.379827932
    1.080000000    3.385455143
    1.081000000    3.391807490
    1.082000000    3.398959311
    1.083000000    3.406995880
    1.084000000    3.416015483
    1.085000000    3.426132001
    1.086000000    3.437478135
    1.087000000    3.450209462
    1.088000000    3.464509615
    1.089000000    3.480596933
    1.090000000    3.498733130
    1.091000000    3.519234712
    1.092000000    3.542488258
    1.093000000    3.568971169
    1.094000000    3.599280358
    1.095000000    3.634172705
    1.096000000    3.674623385
    1.097000000    3.721912161
    1.098000000    3.777754827
    1.099000000    3.844510463
    1.100000000    3.925521702
    1.101000000    4.025701241
    1.102000000    4.152604545
    1.103000000    4.318542511
    1.104000000    4.545155400
    1.105000000    4.874628258
    1.106000000    5.402146639
    1.107000000    6.388057887
    1.108000000    7.992661079
    1.109000000    3.330507846
    1.110000000    2.110279713
    1.111000000    1.819379450
    1.112000000    1.703944395
    1.113000000    1.645602840
    1.114000000    1.611967875
    1.115000000    1.591063215
    1.116000000    1.577565044
    1.117000000    1.568798297
    1.118000000    1.563300635
    1.119000000    1.560226764
    1.120000000    1.559073743
    1.121000000    1.559544171
    1.122000000    1.561474545
    1.123000000    1.564797268
    1.124000000    1.569521805
    1.125000000    1.575728288
    1.126000000    1.583570958
    1.127000000    1.593291464
    1.128000000    1.605244537
    1.129000000    1.619941765
    1.130000000    1.638124748
    1.131000000    1.660889293
    1.132000000    1.689903921
    1.133000000    1.727813902
    1.134000000    1.779037638
    1.135000000    1.851469086
    1.136000000    1.960519634
    1.137000000    2.140163803
    1.138000000    2.479783267
    1.139000000    3.291255891
    1.140000000    6.392837037
    1.141000000   21.735828241
    1.142000000   17.485267121
    1.143000000   13.833256292
    1.144000000   11.890119791
    1.145000000   10.675715715
    1.146000000    9.837783097
    1.147000000    9.223379677
    1.148000000    8.755608096
    1.149000000    8.392180668
    1.150000000    8.109347571
    1.151000000    7.895938090
    1.152000000    7.754391516
    1.153000000    7.716310376
    1.154000000    7.932727824
    1.155000000    9.547001158
    1.156000000   13.244042563
    1.157000000   11.510646783
    1.158000000   10.612645312
    1.159000000   10.115384820
    1.160000000    9.810813815
    1.161000000    9.621531017
    1.162000000    9.514296257
    1.163000000    9.474715752
    1.164000000    9.498741902
    1.165000000    9.590044899
    1.166000000    9.760415997
    1.167000000   10.033100670
    1.168000000   10.451203611
    1.169000000   11.098215006
    1.170000000   12.154233653
    1.171000000   14.080121206
    1.172000000   18.102650010
    1.173000000   11.141628598
    1.174000000    4.263203046
    1.175000000    3.006147492
    1.176000000    2.558593537
    1.177000000    2.336367452
    1.178000000    2.203943827
    1.179000000    2.115493809
    1.180000000    2.051669814
    1.181000000    2.003011126
    1.182000000    1.964378931
    1.183000000    1.932751837
    1.184000000    1.906239817
    1.185000000    1.883600219
    1.186000000    1.863982057
    1.187000000    1.846782581
    1.188000000    1.831562728
    1.189000000    1.817995164
    1.190000000    1.805831198
    1.191000000    1.794879075
    1.192000000    1.784989379
    1.193000000    1.776045026
    1.194000000    1.767954300
    1.195000000    1.760646002
    1.196000000    1.754066092
    1.197000000    1.748175452
    1.198000000    1.742948544
    1.199000000    1.738372831
    1.200000000    1.734448915
    1.201000000    1.731191452
    1.202000000    1.728630945
    1.203000000    1.726816659
    1.204000000    1.725821064
    1.205000000    1.725746419
    1.206000000    1.726734548
    1.207000000    1.728981472
    1.208000000    1.732759724
    1.209000000    1.738453233
    1.210000000    1.746613531
    1.211000000    1.758053747
    1.212000000    1.774012912
    1.213000000    1.796458940
    1.214000000    1.828685207
    1.215000000    1.876585457
    1.216000000    1.951681434
    1.217000000    2.079404036
    1.218000000    2.326769391
    1.219000000    2.928404677
    1.220000000    5.263049450
    1.221000000   16.543944499
    1.222000000   13.422326365
    1.223000000   10.865050465
    1.224000000    9.514260285
    1.225000000    8.674407688
    1.226000000    8.095643491
    1.227000000    7.669308818
    1.228000000    7.340378226
    1.229000000    7.077827414
    1.230000000    6.862738082
    1.231000000    6.682867534
    1.232000000    6.529915619
    1.233000000    6.398040625
    1.234000000    6.283002888
    1.235000000    6.181645472
    1.236000000    6.091565953
    1.237000000    6.010901604
    1.238000000    5.938184532
    1.239000000    5.872241424
    1.240000000    5.812122573
    1.241000000    5.757050616
    1.242000000    5.706382849
    1.243000000    5.659583080
    1.244000000    5.616200298
    1.245000000    5.575852303
    1.246000000    5.538212993
    1.247000000    5.503002383
    1.248000000    5.469978692
    1.249000000    5.438932017
    1.250000000    5.409679222
    1.251000000    5.382059792
    1.252000000    5.355932433
    1.253000000    5.331172269
    1.254000000    5.307668524
    1.255000000    5.285322578
    1.256000000    5.264046344
    1.257000000    5.243760898
    1.258000000    5.224395315
    1.259000000    5.205885681
    1.260000000    5.188174251
    1.261000000    5.171208718
    1.262000000    5.154941594
    1.263000000    5.139329666
    1.264000000    5.124333527
    1.265000000    5.109917171
    1.266000000    5.096047630
    1.267000000    5.082694669
    1.268000000    5.069830507
    1.269000000    5.057429576
    1.270000000    5.045468306
    1.271000000    5.033924939
    1.272000000    5.022779359
    1.273000000    5.012012943
    1.274000000    5.001608428
    1.275000000    4.991549790
    1.276000000    4.981822141
    1.277000000    4.972411631
    1.278000000    4.963305363
    1.279000000    4.954491314
    1.280000000    4.945958267
    1.281000000    4.937695746
    1.282000000    4.929693964
    1.283000000    4.921943762
    1.284000000    4.914436573
    1.285000000    4.907164369
    1.286000000    4.900119631
    1.287000000    4.893295307
    1.288000000    4.886684784
    1.289000000    4.880281855
    1.290000000    4.874080697
    1.291000000    4.868075840
    1.292000000    4.862262149
    1.293000000    4.856634803
    1.294000000    4.851189273
    1.295000000    4.845921308
    1.296000000    4.840826916
    1.297000000    4.835902352
    1.298000000    4.831144102
    1.299000000    4.826548872
    1.300000000    4.822113577
    1.301000000    4.817835328
    1.302000000    4.813711425
    1.303000000    4.809739346
    1.304000000    4.805916740
    1.305000000    4.802241420
    1.306000000    4.798711355
    1.307000000    4.795324662
    1.308000000    4.792079605
    1.309000000    4.788974585
    1.310000000    4.786008137
    1.311000000    4.783178925
    1.312000000    4.780485741
    1.313000000    4.777927496
    1.314000000    4.775503222
    1.315000000    4.773212066
    1.316000000    4.771053290
    1.317000000    4.769026265
    1.318000000    4.767130474
    1.319000000    4.765365508
    1.320000000    4.763731062
    1.321000000    4.762226941
    1.322000000    4.760853054
    1.323000000    4.759609413
    1.324000000    4.758496140
    1.325000000    4.757513458
    1.326000000    4.756661699
    1.327000000    4.755941300
    1.328000000    4.755352807
    1.329000000    4.754896878
    1.330000000    4.754574279
    1.331000000    4.754385893
    1.332000000    4.754332718
    1.333000000    4.754415872
    1.334000000    4.754636595
    1.335000000    4.754996255
    1.336000000    4.755496350
    1.337000000    4.756138514
    1.338000000    4.756924522
    1.339000000    4.757856294
    1.340000000    4.758935906
    1.341000000    4.760165590
    1.342000000    4.761547750
    1.343000000    4.763084962
    1.344000000    4.764779991
    1.345000000    4.766635794
    1.346000000    4.768655539
    1.347000000    4.770842608
    1.348000000    4.773200621
    1.349000000    4.775733441
    1.350000000    4.778445196
    1.351000000    4.781340295
    1.352000000    4.784423450
    1.353000000    4.787699693
    1.354000000    4.791174404
    1.355000000    4.794853336
    1.356000000    4.798742645
    1.357000000    4.802848920
    1.358000000    4.807179223
    1.359000000    4.811741126
    1.360000000    4.816542756
    1.361000000    4.821592845
    1.362000000    4.826900787
    1.363000000    4.832476699
    1.364000000    4.838331493
    1.365000000    4.844476952
    1.366000000    4.850925823
    1.367000000    4.857691916
    1.368000000    4.864790219
    1.369000000    4.872237032
    1.370000000    4.880050114
    1.371000000    4.888248854
    1.372000000    4.896854473
    1.373000000    4.905890247
    1.374000000    4.915381777
    1.375000000    4.925357292
    1.376000000    4.935848015
    1.377000000    4.946888579
    1.378000000    4.958517531
    1.379000000    4.970777927
    1.380000000    4.983718026
    1.381000000    4.997392149
    1.382000000    5.011861691
    1.383000000    5.027196368
    1.384000000    5.043475726
    1.385000000    5.060791015
    1.386000000    5.079247507
    1.387000000    5.098967406
    1.388000000    5.120093524
    1.389000000    5.142793988
    1.390000000    5.167268317
    1.391000000    5.193755378
    1.392000000    5.222543939
    1.393000000    5.253986888
    1.394000000    5.288520701
    1.395000000    5.326692613
    1.396000000    5.369199350
    1.397000000    5.416943696
    1.398000000    5.471119405
    1.399000000    5.533342861
    1.400000000    5.605865017
    1.401000000    5.691928256
    1.402000000    5.796400810
    1.403000000    5.926982820
    1.404000000    6.096702126
    1.405000000    6.329680765
    1.406000000    6.676563305
    1.407000000    7.264278572
    1.408000000    8.440008698
    1.409000000    6.863585396
    1.410000000    4.682177401
    1.411000000    4.317795943
    1.412000000    4.206307499
    1.413000000    4.163008032
    1.414000000    4.146489880
    1.415000000    4.143069478
    1.416000000    4.147087016
    1.417000000    4.155836671
    1.418000000    4.167889959
    1.419000000    4.182438819
    1.420000000    4.199004606
    1.421000000    4.217296602
    1.422000000    4.237138030
    1.423000000    4.258425074
    1.424000000    4.281103123
    1.425000000    4.305152507
    1.426000000    4.330579749
    1.427000000    4.357412123
    1.428000000    4.385694336
    1.429000000    4.415486591
    1.430000000    4.446863616
    1.431000000    4.479914421
    1.432000000    4.514742615
    1.433000000    4.551467226
    1.434000000    4.590223968
    1.435000000    4.631166987
    1.436000000    4.674471101
    1.437000000    4.720334610
    1.438000000    4.768982774
    1.439000000    4.820672089
    1.440000000    4.875695552
    1.441000000    4.934389158
    1.442000000    4.997139953
    1.443000000    5.064396084
    1.444000000    5.136679444
    1.445000000    5.214601715
    1.446000000    5.298884937
    1.447000000    5.390388184
    1.448000000    5.490142580
    1.449000000    5.599397933
    1.450000000    5.719685797
    1.451000000    5.852906269
    1.452000000    6.001449807
    1.453000000    6.168372063
    1.454000000    6.357651258
    1.455000000    6.574578360
    1.456000000    6.826369150
    1.457000000    7.123163929
    1.458000000    7.479741346
    1.459000000    7.918635183
    1.460000000    8.476235785
    1.461000000    9.215913969
    1.462000000   10.259971967
    1.463000000   11.881384236
    1.464000000   14.819165080
    1.465000000   19.701303407
    1.466000000    6.820719911
    1.467000000    3.336728814
    1.468000000    2.654915924
    1.469000000    2.808318949
    1.470000000    5.578282921
    1.471000000    5.965894240
    1.472000000    4.864686096
    1.473000000    4.300311071
    1.474000000    3.958555465
    1.475000000    3.727103401
    1.476000000    3.558923529
    1.477000000    3.430745894
    1.478000000    3.329634624
    1.479000000    3.247772957
    1.480000000    3.180133938
    1.481000000    3.123325129
    1.482000000    3.074967538
    1.483000000    3.033339784
    1.484000000    2.997163440
    1.485000000    2.965467909
    1.486000000    2.937502267
    1.487000000    2.912675967
    1.488000000    2.890517887
    1.489000000    2.870647405
    1.490000000    2.852753532
    1.491000000    2.836579609
    1.492000000    2.821911878
    1.493000000    2.808570851
    1.494000000    2.796404681
    1.495000000    2.785284027
    1.496000000    2.775098025
    1.497000000    2.765751103
    1.498000000    2.757160426
    1.499000000    2.749253847
    1.500000000    2.741968240
    1.501000000    2.735248135
    1.502000000    2.729044592
    1.503000000    2.723314277
    1.504000000    2.718018680
    1.505000000    2.713123470
    1.506000000    2.708597943
    1.507000000    2.704414561
    1.508000000    2.700548559
    1.509000000    2.696977605
    1.510000000    2.693681513
    1.511000000    2.690641995
    1.512000000    2.687842445
    1.513000000    2.685267752
    1.514000000    2.682904141
    1.515000000    2.680739028
    1.516000000    2.678760898
    1.517000000    2.676959196
    1.518000000    2.675324233
    1.519000000    2.673847095
    1.520000000    2.672519578
    1.521000000    2.671334113
    1.522000000    2.670283711
    1.523000000    2.669361911
    1.524000000    2.668562731
    1.525000000    2.667880627
    1.526000000    2.667310456
    1.527000000    2.666847439
    1.528000000    2.666487135
    1.529000000    2.666225410
    1.530000000    2.666058415
    1.531000000    2.665982559
    1.532000000    2.665994496
    1.533000000    2.666091099
    1.534000000    2.666269447
    1.535000000    2.666526809
    1.536000000    2.666860631
    1.537000000    2.667268523
    1.538000000    2.667748244
    1.539000000    2.668297698
    1.540000000    2.668914918
    1.541000000    2.669598060
    1.542000000    2.670345394
    1.543000000    2.671155300
    1.544000000    2.672026253
    1.545000000    2.672956825
    1.546000000    2.673945674
    1.547000000    2.674991542
    1.548000000    2.676093246
    1.549000000    2.677249676
    1.550000000    2.678459792
    1.551000000    2.679722617
    1.552000000    2.681037233
    1.553000000    2.682402782
    1.554000000    2.683818459
    1.555000000    2.685283509
    1.556000000    2.686797226
    1.557000000    2.688358950
    1.558000000    2.689968065
    1.559000000    2.691623994
    1.560000000    2.693326201
    1.561000000    2.695074186
    1.562000000    2.696867487
    1.563000000    2.698705671
    1.564000000    2.700588342
    1.565000000    2.702515132
    1.566000000    2.704485702
    1.567000000    2.706499744
    1.568000000    2.708556974
    1.569000000    2.710657134
    1.570000000    2.712799993
    1.571000000    2.714985342
    1.572000000    2.717212995
    1.573000000    2.719482789
    1.574000000    2.721794581
    1.575000000    2.724148249
    1.576000000    2.726543692
    1.577000000    2.728980826
    1.578000000    2.731459589
    1.579000000    2.733979933
    1.580000000    2.736541831
    1.581000000    2.739145270
    1.582000000    2.741790256
    1.583000000    2.744476811
    1.584000000    2.747204972
    1.585000000    2.749974792
    1.586000000    2.752786338
    1.587000000    2.755639694
    1.588000000    2.758534957
    1.589000000    2.761472238
    1.590000000    2.764451664
    1.591000000    2.767473373
    1.592000000    2.770537521
    1.593000000    2.773644273
    1.594000000    2.776793811
    1.595000000    2.779986327
    1.596000000    2.783222030
    1.597000000    2.786501138
    1.598000000    2.789823887
    1.599000000    2.793190520
    1.600000000    2.796601299
    1.601000000    2.800056494
    1.602000000    2.803556391
    1.603000000    2.807101288
    1.604000000    2.810691496
    1.605000000    2.814327338
    1.606000000    2.818009153
    1.607000000    2.821737290
    1.608000000    2.825512113
    1.609000000    2.829333999
    1.610000000    2.833203339
    1.611000000    2.837120535
    1.612000000    2.841086007
    1.613000000    2.845100186
    1.614000000    2.849163518
    1.615000000    2.853276463
    1.616000000    2.857439496
    1.617000000    2.861653107
    1.618000000    2.865917799
    1.619000000    2.870234094
    1.620000000    2.874602526
    1.621000000    2.879023647
    1.622000000    2.883498024
    1.623000000    2.888026241
    1.624000000    2.892608899
    1.625000000    2.897246617
    1.626000000    2.901940031
    1.627000000    2.906689793
    1.628000000    2.911496577
    1.629000000    2.916361074
    1.630000000    2.921283996
    1.631000000    2.926266073
    1.632000000    2.931308057
    1.633000000    2.936410720
    1.634000000    2.941574858
    1.635000000    2.946801286
    1.636000000    2.952090845
    1.637000000    2.957444399
    1.638000000    2.962862836
    1.639000000    2.968347069
    1.640000000    2.973898038
    1.641000000    2.979516709
    1.642000000    2.985204076
    1.643000000    2.990961163
    1.644000000    2.996789022
    1.645000000    3.002688738
    1.646000000    3.008661425
    1.647000000    3.014708233
    1.648000000    3.020830344
    1.649000000    3.027028977
    1.650000000    3.033305389
    1.651000000    3.039660871
    1.652000000    3.046096760
    1.653000000    3.052614429
    1.654000000    3.059215298
    1.655000000    3.065900829
    1.656000000    3.072672533
    1.657000000    3.079531970
    1.658000000    3.086480748
    1.659000000    3.093520531
    1.660000000    3.100653037
    1.661000000    3.107880042
    1.662000000    3.115203384
    1.663000000    3.122624962
    1.664000000    3.130146743
    1.665000000    3.137770763
    1.666000000    3.145499130
    1.667000000    3.153334030
    1.668000000    3.161277728
    1.669000000    3.169332573
    1.670000000    3.177501004
    1.671000000    3.185785550
    1.672000000    3.194188842
    1.673000000    3.202713612
    1.674000000    3.211362700
    1.675000000    3.220139063
    1.676000000    3.229045777
    1.677000000    3.238086050
    1.678000000    3.247263220
    1.679000000    3.256580773
    1.680000000    3.266042346
    1.681000000    3.275651736
    1.682000000    3.285412913
    1.683000000    3.295330028
    1.684000000    3.305407425
    1.685000000    3.315649656
    1.686000000    3.326061489
    1.687000000    3.336647931
    1.688000000    3.347414235
    1.689000000    3.358365925
    1.690000000    3.369508807
    1.691000000    3.380848998
    1.692000000    3.392392943
    1.693000000    3.404147439
    1.694000000    3.416119664
    1.695000000    3.428317209
    1.696000000    3.440748101
    1.697000000    3.453420849
    1.698000000    3.466344475
    1.699000000    3.479528562
    1.700000000    3.492983297
    1.701000000    3.506719529
    1.702000000    3.520748819
    1.703000000    3.535083512
    1.704000000    3.549736806
    1.705000000    3.564722832
    1.706000000    3.580056741
    1.707000000    3.595754810
    1.708000000    3.611834548
    1.709000000    3.628314828
    1.710000000    3.645216026
    1.711000000    3.662560184
    1.712000000    3.680371194
    1.713000000    3.698675003
    1.714000000    3.717499856
    1.715000000    3.736876564
    1.716000000    3.756838816
    1.717000000    3.777423540
    1.718000000    3.798671319
    1.719000000    3.820626872
    1.720000000    3.843339619
    1.721000000    3.866864332
    1.722000000    3.891261915
    1.723000000    3.916600311
    1.724000000    3.942955584
    1.725000000    3.970413213
    1.726000000    3.999069636
    1.727000000    4.029034115
    1.728000000    4.060431010
    1.729000000    4.093402543
    1.730000000    4.128112215
    1.731000000    4.164749039
    1.732000000    4.203532852
    1.733000000    4.244721007
    1.734000000    4.288616937
    1.735000000    4.335581193
    1.736000000    4.386045867
    1.737000000    4.440533686
    1.738000000    4.499683655
    1.739000000    4.564286080
    1.740000000    4.635331274
    1.741000000    4.714078712
    1.742000000    4.802157547
    1.743000000    4.901716714
    1.744000000    5.015656153
    1.745000000    5.147996272
    1.746000000    5.304494411
    1.747000000    5.493728739
    1.748000000    5.729130648
    1.749000000    6.033117332
    1.750000000    6.446422772
    1.751000000    7.052307785
    1.752000000    8.051875397
    1.753000000   10.015881451
    1.754000000    9.412309563
    1.755000000    3.676691154
    1.756000000    2.750073090
    1.757000000    2.477927369
    1.758000000    2.364547924
    1.759000000    2.309737332
    1.760000000    2.282160964
    1.761000000    2.269271154
    1.762000000    2.265180572
    1.763000000    2.266805428
    1.764000000    2.272395078
    1.765000000    2.280893586
    1.766000000    2.291633910
    1.767000000    2.304179697
    1.768000000    2.318238223
    1.769000000    2.333609982
    1.770000000    2.350158246
    1.771000000    2.367790033
    1.772000000    2.386443851
    1.773000000    2.406081631
    1.774000000    2.426683321
    1.775000000    2.448243234
    1.776000000    2.470767582
    1.777000000    2.494272845
    1.778000000    2.518784751
    1.779000000    2.544337713
    1.780000000    2.570974656
    1.781000000    2.598747165
    1.782000000    2.627715956
    1.783000000    2.657951665
    1.784000000    2.689535999
    1.785000000    2.722563324
    1.786000000    2.757142773
    1.787000000    2.793401062
    1.788000000    2.831486226
    1.789000000    2.871572642
    1.790000000    2.913867849
    1.791000000    2.958621995
    1.792000000    3.006141165
    1.793000000    3.056806652
    1.794000000    3.111103601
    1.795000000    3.169664983
    1.796000000    3.233341637
    1.797000000    3.303318876
    1.798000000    3.381321021
    1.799000000    3.469993623
    1.800000000    3.573675984
    1.801000000    3.700125874
    1.802000000    3.864908428
    1.803000000    4.104775161
    1.804000000    4.530982879
    1.805000000    5.660160501
    1.806000000   11.890989832
    1.807000000   14.019941701
    1.808000000   11.941005119
    1.809000000   11.191830762
    1.810000000   11.258621004
    1.811000000   12.698243143
    1.812000000   21.719522974
    1.813000000   35.837095909
    1.814000000   28.475501459
    1.815000000   24.823166084
    1.816000000   22.793533947
    1.817000000   21.526748187
    1.818000000   20.688575361
    1.819000000   20.123101992
    1.820000000   19.747766620
    1.821000000   19.515036783
    1.822000000   19.396117179
    1.823000000   19.373208819
    1.824000000   19.435530193
    1.825000000   19.577172365
    1.826000000   19.795935928
    1.827000000   20.092749776
    1.828000000   20.471482711
    1.829000000   20.939071054
    1.830000000   21.505958883
    1.831000000   22.186913791
    1.832000000   23.002365487
    1.833000000   23.980551948
    1.834000000   25.161016793
    1.835000000   26.600541902
    1.836000000   28.383842231
    1.837000000   30.644543177
    1.838000000   33.611381404
    1.839000000   37.727898625
    1.840000000   44.045957149
    1.841000000   56.116671189
    1.842000000   97.185261038
    1.843000000  181.694218639
    1.844000000  171.694278435
    1.845000000  239.717933655
    1.846000000  229.626107233
    1.847000000  280.754836691
    1.848000000  423.703160053
    1.849000000  563.247416059
    1.850000000  839.145550070
    1.851000000 2254.990227173
    1.852000000 6515.358707739
    1.853000000 1640.825912744
    1.854000000  855.055279612
    1.855000000  433.785195406
    1.856000000  238.165689112
    1.857000000  168.545034294
    1.858000000  136.019744116
    1.859000000  121.044277393
    1.860000000  127.811312533
    1.861000000  156.711457390
    1.862000000  148.096451145
    1.863000000  154.579612161
    1.864000000  179.050163241
    1.865000000  107.784096163
    1.866000000   83.965516161
    1.867000000   85.561891407
    1.868000000  100.087336231
    1.869000000   78.131819913
    1.870000000   43.754950465
    1.871000000   39.600339293
    1.872000000   25.645372306
    1.873000000   23.200564538
    1.874000000   28.363814406
    1.875000000   43.468035709
    1.876000000   47.242425274
    1.877000000   59.104348117
    1.878000000   50.529606933
    1.879000000   14.178913373
    1.880000000    7.968047896
    1.881000000    5.856040482
    1.882000000    4.784248938
    1.883000000    4.114342536
    1.884000000    3.641452895
    1.885000000    3.281194393
    1.886000000    2.992589894
    1.887000000    2.753248158
    1.888000000    2.549791710
    1.889000000    2.373650492
    1.890000000    2.219019162
    1.891000000    2.081783053
    1.892000000    1.958915512
    1.893000000    1.848120813
    1.894000000    1.747612574
    1.895000000    1.655970647
    1.896000000    1.572045438
    1.897000000    1.494891948
    1.898000000    1.423723090
    1.899000000    1.357875824
    1.900000000    1.296786097
    1.901000000    1.239969920
    1.902000000    1.187008859
    1.903000000    1.137538724
    1.904000000    1.091240645
    1.905000000    1.047833935
    1.906000000    1.007070324
    1.907000000    0.968729254
    1.908000000    0.932614005
    1.909000000    0.898548476
    1.910000000    0.866374497
    1.911000000    0.835949560
    1.912000000    0.807144902
    1.913000000    0.779843865
    1.914000000    0.753940495
    1.915000000    0.729338335
    1.916000000    0.705949382
    1.917000000    0.683693176
    1.918000000    0.662496015
    1.919000000    0.642290257
    1.920000000    0.623013718
    1.921000000    0.604609131
    1.922000000    0.587023678
    1.923000000    0.570208567
    1.924000000    0.554118665
    1.925000000    0.538712158
    1.926000000    0.523950263
    1.927000000    0.509796958
    1.928000000    0.496218747
    1.929000000    0.483184444
    1.930000000    0.470664983
    1.931000000    0.458633242
    1.932000000    0.447063889
    1.933000000    0.435933238
    1.934000000    0.425219120
    1.935000000    0.414900767
    1.936000000    0.404958707
    1.937000000    0.395374663
    1.938000000    0.386131468
    1.939000000    0.377212983
    1.940000000    0.368604024
    1.941000000    0.360290293
    1.942000000    0.352258315
    1.943000000    0.344495384
    1.944000000    0.336989508
    1.945000000    0.329729364
    1.946000000    0.322704249
    1.947000000    0.315904041
    1.948000000    0.309319163
    1.949000000    0.302940547
    1.950000000    0.296759599
    1.951000000    0.290768172
    1.952000000    0.284958539
    1.953000000    0.279323365
    1.954000000    0.273855682
    1.955000000    0.268548872
    1.956000000    0.263396640
    1.957000000    0.258392999
    1.958000000    0.253532252
    1.959000000    0.248808972
    1.960000000    0.244217991
    1.961000000    0.239754381
    1.962000000    0.235413445
    1.963000000    0.231190698
    1.964000000    0.227081864
    1.965000000    0.223082855
    1.966000000    0.219189770
    1.967000000    0.215398878
    1.968000000    0.211706612
    1.969000000    0.208109561
    1.970000000    0.204604460
    1.971000000    0.201188183
    1.972000000    0.197857738
    1.973000000    0.194610257
    1.974000000    0.191442992
    1.975000000    0.188353309
    1.976000000    0.185338680
    1.977000000    0.182396682
    1.978000000    0.179524986
    1.979000000    0.176721360
    1.980000000    0.173983657
    1.981000000    0.171309816
    1.982000000    0.168697857
    1.983000000    0.166145873
    1.984000000    0.163652034
    1.985000000    0.161214578
    1.986000000    0.158831809
    1.987000000    0.156502095
    1.988000000    0.154223865
    1.989000000    0.151995606
    1.990000000    0.149815860
    1.991000000    0.147683221
    1.992000000    0.145596336
    1.993000000    0.143553898
    1.994000000    0.141554649
    1.995000000    0.139597373
    1.996000000    0.137680898
    1.997000000    0.135804092
    1.998000000    0.133965864
    1.999000000    0.132165157
    2.000000000    0.130400953
