# xlim: (0.2833333333333333,0.3833333333333333); ylim: (0.6166666666666666,0.7166666666666667)
# phases with shape: (51,51)
# kx,ky are mesh centers
# kx	ky	phi
 0.284117647059	 0.617450980392	 0.000195649399
 0.286078431373	 0.617450980392	 0.000204715820
 0.288039215686	 0.617450980392	 0.000213670584
 0.290000000000	 0.617450980392	 0.000222419992
 0.291960784314	 0.617450980392	 0.000230863481
 0.293921568627	 0.617450980392	 0.000238895613
 0.295882352941	 0.617450980392	 0.000246408563
 0.297843137255	 0.617450980392	 0.000253295068
 0.299803921569	 0.617450980392	 0.000259451698
 0.301764705882	 0.617450980392	 0.000264782317
 0.303725490196	 0.617450980392	 0.000269201540
 0.305686274510	 0.617450980392	 0.000272637960
 0.307647058824	 0.617450980392	 0.000275036953
 0.309607843137	 0.617450980392	 0.000276362844
 0.311568627451	 0.617450980392	 0.000276600288
 0.313529411765	 0.617450980392	 0.000275754759
 0.315490196078	 0.617450980392	 0.000273852126
 0.317450980392	 0.617450980392	 0.000270937343
 0.319411764706	 0.617450980392	 0.000267072375
 0.321372549020	 0.617450980392	 0.000262333520
 0.323333333333	 0.617450980392	 0.000256808306
 0.325294117647	 0.617450980392	 0.000250592194
 0.327254901961	 0.617450980392	 0.000243785279
 0.329215686275	 0.617450980392	 0.000236489155
 0.331176470588	 0.617450980392	 0.000228804108
 0.333137254902	 0.617450980392	 0.000220826714
 0.335098039216	 0.617450980392	 0.000212647904
 0.337058823529	 0.617450980392	 0.000204351525
 0.339019607843	 0.617450980392	 0.000196013352
 0.340980392157	 0.617450980392	 0.000187700542
 0.342941176471	 0.617450980392	 0.000179471448
 0.344901960784	 0.617450980392	 0.000171375739
 0.346862745098	 0.617450980392	 0.000163454764
 0.348823529412	 0.617450980392	 0.000155742074
 0.350784313725	 0.617450980392	 0.000148264081
 0.352745098039	 0.617450980392	 0.000141040765
 0.354705882353	 0.617450980392	 0.000134086414
 0.356666666667	 0.617450980392	 0.000127410367
 0.358627450980	 0.617450980392	 0.000121017713
 0.360588235294	 0.617450980392	 0.000114909961
 0.362549019608	 0.617450980392	 0.000109085641
 0.364509803922	 0.617450980392	 0.000103540859
 0.366470588235	 0.617450980392	 0.000098269779
 0.368431372549	 0.617450980392	 0.000093265049
 0.370392156863	 0.617450980392	 0.000088518169
 0.372352941176	 0.617450980392	 0.000084019804
 0.374313725490	 0.617450980392	 0.000079760046
 0.376274509804	 0.617450980392	 0.000075728638
 0.378235294118	 0.617450980392	 0.000071915152
 0.380196078431	 0.617450980392	 0.000068309136
 0.382156862745	 0.617450980392	 0.000064900232
 0.284117647059	 0.619411764706	 0.000207706583
 0.286078431373	 0.619411764706	 0.000218273478
 0.288039215686	 0.619411764706	 0.000228810107
 0.290000000000	 0.619411764706	 0.000239208118
 0.291960784314	 0.619411764706	 0.000249348146
 0.293921568627	 0.619411764706	 0.000259101863
 0.295882352941	 0.619411764706	 0.000268334795
 0.297843137255	 0.619411764706	 0.000276909864
 0.299803921569	 0.619411764706	 0.000284691562
 0.301764705882	 0.619411764706	 0.000291550573
 0.303725490196	 0.619411764706	 0.000297368593
 0.305686274510	 0.619411764706	 0.000302043059
 0.307647058824	 0.619411764706	 0.000305491459
 0.309607843137	 0.619411764706	 0.000307654896
 0.311568627451	 0.619411764706	 0.000308500635
 0.313529411765	 0.619411764706	 0.000308023427
 0.315490196078	 0.619411764706	 0.000306245509
 0.317450980392	 0.619411764706	 0.000303215291
 0.319411764706	 0.619411764706	 0.000299004858
 0.321372549020	 0.619411764706	 0.000293706491
 0.323333333333	 0.619411764706	 0.000287428506
 0.325294117647	 0.619411764706	 0.000280290712
 0.327254901961	 0.619411764706	 0.000272419805
 0.329215686275	 0.619411764706	 0.000263944973
 0.331176470588	 0.619411764706	 0.000254993935
 0.333137254902	 0.619411764706	 0.000245689571
 0.335098039216	 0.619411764706	 0.000236147230
 0.337058823529	 0.619411764706	 0.000226472741
 0.339019607843	 0.619411764706	 0.000216761100
 0.340980392157	 0.619411764706	 0.000207095773
 0.342941176471	 0.619411764706	 0.000197548520
 0.344901960784	 0.619411764706	 0.000188179641
 0.346862745098	 0.619411764706	 0.000179038545
 0.348823529412	 0.619411764706	 0.000170164551
 0.350784313725	 0.619411764706	 0.000161587825
 0.352745098039	 0.619411764706	 0.000153330396
 0.354705882353	 0.619411764706	 0.000145407189
 0.356666666667	 0.619411764706	 0.000137827029
 0.358627450980	 0.619411764706	 0.000130593599
 0.360588235294	 0.619411764706	 0.000123706314
 0.362549019608	 0.619411764706	 0.000117161119
 0.364509803922	 0.619411764706	 0.000110951191
 0.366470588235	 0.619411764706	 0.000105067557
 0.368431372549	 0.619411764706	 0.000099499618
 0.370392156863	 0.619411764706	 0.000094235605
 0.372352941176	 0.619411764706	 0.000089262950
 0.374313725490	 0.619411764706	 0.000084568601
 0.376274509804	 0.619411764706	 0.000080139274
 0.378235294118	 0.619411764706	 0.000075961660
 0.380196078431	 0.619411764706	 0.000072022585
 0.382156862745	 0.619411764706	 0.000068309136
 0.284117647059	 0.621372549020	 0.000219845136
 0.286078431373	 0.621372549020	 0.000232094336
 0.288039215686	 0.621372549020	 0.000244429518
 0.290000000000	 0.621372549020	 0.000256728605
 0.291960784314	 0.621372549020	 0.000268853028
 0.293921568627	 0.621372549020	 0.000280649561
 0.295882352941	 0.621372549020	 0.000291953244
 0.297843137255	 0.621372549020	 0.000302591424
 0.299803921569	 0.621372549020	 0.000312388846
 0.301764705882	 0.621372549020	 0.000321173632
 0.303725490196	 0.621372549020	 0.000328783842
 0.305686274510	 0.621372549020	 0.000335074228
 0.307647058824	 0.621372549020	 0.000339922709
 0.309607843137	 0.621372549020	 0.000343236062
 0.311568627451	 0.621372549020	 0.000344954357
 0.313529411765	 0.621372549020	 0.000345053755
 0.315490196078	 0.621372549020	 0.000343547418
 0.317450980392	 0.621372549020	 0.000340484481
 0.319411764706	 0.621372549020	 0.000335947174
 0.321372549020	 0.621372549020	 0.000330046398
 0.323333333333	 0.621372549020	 0.000322916143
 0.325294117647	 0.621372549020	 0.000314707217
 0.327254901961	 0.621372549020	 0.000305580785
 0.329215686275	 0.621372549020	 0.000295702135
 0.331176470588	 0.621372549020	 0.000285235045
 0.333137254902	 0.621372549020	 0.000274336997
 0.335098039216	 0.621372549020	 0.000263155379
 0.337058823529	 0.621372549020	 0.000251824718
 0.339019607843	 0.621372549020	 0.000240464903
 0.340980392157	 0.621372549020	 0.000229180298
 0.342941176471	 0.621372549020	 0.000218059599
 0.344901960784	 0.621372549020	 0.000207176290
 0.346862745098	 0.621372549020	 0.000196589532
 0.348823529412	 0.621372549020	 0.000186345359
 0.350784313725	 0.621372549020	 0.000176478039
 0.352745098039	 0.621372549020	 0.000167011517
 0.354705882353	 0.621372549020	 0.000157960857
 0.356666666667	 0.621372549020	 0.000149333617
 0.358627450980	 0.621372549020	 0.000141131137
 0.360588235294	 0.621372549020	 0.000133349703
 0.362549019608	 0.621372549020	 0.000125981584
 0.364509803922	 0.621372549020	 0.000119015930
 0.366470588235	 0.621372549020	 0.000112439554
 0.368431372549	 0.621372549020	 0.000106237583
 0.370392156863	 0.621372549020	 0.000100394004
 0.372352941176	 0.621372549020	 0.000094892117
 0.374313725490	 0.621372549020	 0.000089714893
 0.376274509804	 0.621372549020	 0.000084845265
 0.378235294118	 0.621372549020	 0.000080266358
 0.380196078431	 0.621372549020	 0.000075961660
 0.382156862745	 0.621372549020	 0.000071915152
 0.284117647059	 0.623333333333	 0.000231873913
 0.286078431373	 0.623333333333	 0.000245984815
 0.288039215686	 0.623333333333	 0.000260340322
 0.290000000000	 0.623333333333	 0.000274807402
 0.291960784314	 0.623333333333	 0.000289229616
 0.293921568627	 0.623333333333	 0.000303428300
 0.295882352941	 0.623333333333	 0.000317205179
 0.297843137255	 0.623333333333	 0.000330346589
 0.299803921569	 0.623333333333	 0.000342629348
 0.301764705882	 0.623333333333	 0.000353828158
 0.303725490196	 0.623333333333	 0.000363724246
 0.305686274510	 0.623333333333	 0.000372114750
 0.307647058824	 0.623333333333	 0.000378822212
 0.309607843137	 0.623333333333	 0.000383703409
 0.311568627451	 0.623333333333	 0.000386656768
 0.313529411765	 0.623333333333	 0.000387627669
 0.315490196078	 0.623333333333	 0.000386611123
 0.317450980392	 0.623333333333	 0.000383651595
 0.319411764706	 0.623333333333	 0.000378839993
 0.321372549020	 0.623333333333	 0.000372308174
 0.323333333333	 0.623333333333	 0.000364221516
 0.325294117647	 0.623333333333	 0.000354770260
 0.327254901961	 0.623333333333	 0.000344160378
 0.329215686275	 0.623333333333	 0.000332604669
 0.331176470588	 0.623333333333	 0.000320314655
 0.333137254902	 0.623333333333	 0.000307493700
 0.335098039216	 0.623333333333	 0.000294331587
 0.337058823529	 0.623333333333	 0.000281000617
 0.339019607843	 0.623333333333	 0.000267653178
 0.340980392157	 0.623333333333	 0.000254420603
 0.342941176471	 0.623333333333	 0.000241413116
 0.344901960784	 0.623333333333	 0.000228720621
 0.346862745098	 0.623333333333	 0.000216414079
 0.348823529412	 0.623333333333	 0.000204547295
 0.350784313725	 0.623333333333	 0.000193158895
 0.352745098039	 0.623333333333	 0.000182274379
 0.354705882353	 0.623333333333	 0.000171908130
 0.356666666667	 0.623333333333	 0.000162065309
 0.358627450980	 0.623333333333	 0.000152743582
 0.360588235294	 0.623333333333	 0.000143934665
 0.362549019608	 0.623333333333	 0.000135625674
 0.364509803922	 0.623333333333	 0.000127800272
 0.366470588235	 0.623333333333	 0.000120439652
 0.368431372549	 0.623333333333	 0.000113523331
 0.370392156863	 0.623333333333	 0.000107029820
 0.372352941176	 0.623333333333	 0.000100937143
 0.374313725490	 0.623333333333	 0.000095223263
 0.376274509804	 0.623333333333	 0.000089866396
 0.378235294118	 0.623333333333	 0.000084845265
 0.380196078431	 0.623333333333	 0.000080139274
 0.382156862745	 0.623333333333	 0.000075728638
 0.284117647059	 0.625294117647	 0.000243566395
 0.286078431373	 0.625294117647	 0.000259706336
 0.288039215686	 0.625294117647	 0.000276299195
 0.290000000000	 0.625294117647	 0.000293206249
 0.291960784314	 0.625294117647	 0.000310257128
 0.293921568627	 0.625294117647	 0.000327249656
 0.295882352941	 0.625294117647	 0.000343951484
 0.297843137255	 0.625294117647	 0.000360103875
 0.299803921569	 0.625294117647	 0.000375427903
 0.301764705882	 0.625294117647	 0.000389633089
 0.303725490196	 0.625294117647	 0.000402428291
 0.305686274510	 0.625294117647	 0.000413534314
 0.307647058824	 0.625294117647	 0.000422697415
 0.309607843137	 0.625294117647	 0.000429702652
 0.311568627451	 0.625294117647	 0.000434385850
 0.313529411765	 0.625294117647	 0.000436643031
 0.315490196078	 0.625294117647	 0.000436436313
 0.317450980392	 0.625294117647	 0.000433795666
 0.319411764706	 0.625294117647	 0.000428816373
 0.321372549020	 0.625294117647	 0.000421652504
 0.323333333333	 0.625294117647	 0.000412507171
 0.325294117647	 0.625294117647	 0.000401620589
 0.327254901961	 0.625294117647	 0.000389257120
 0.329215686275	 0.625294117647	 0.000375692431
 0.331176470588	 0.625294117647	 0.000361201721
 0.333137254902	 0.625294117647	 0.000346049703
 0.335098039216	 0.625294117647	 0.000330482753
 0.337058823529	 0.625294117647	 0.000314723334
 0.339019607843	 0.625294117647	 0.000298966615
 0.340980392157	 0.625294117647	 0.000283379005
 0.342941176471	 0.625294117647	 0.000268098272
 0.344901960784	 0.625294117647	 0.000253234850
 0.346862745098	 0.625294117647	 0.000238873986
 0.348823529412	 0.625294117647	 0.000225078389
 0.350784313725	 0.625294117647	 0.000211891116
 0.352745098039	 0.625294117647	 0.000199338499
 0.354705882353	 0.625294117647	 0.000187432949
 0.356666666667	 0.625294117647	 0.000176175560
 0.358627450980	 0.625294117647	 0.000165558440
 0.360588235294	 0.625294117647	 0.000155566749
 0.362549019608	 0.625294117647	 0.000146180455
 0.364509803922	 0.625294117647	 0.000137375797
 0.366470588235	 0.625294117647	 0.000129126503
 0.368431372549	 0.625294117647	 0.000121404769
 0.370392156863	 0.625294117647	 0.000114182050
 0.372352941176	 0.625294117647	 0.000107429669
 0.374313725490	 0.625294117647	 0.000101119288
 0.376274509804	 0.625294117647	 0.000095223263
 0.378235294118	 0.625294117647	 0.000089714893
 0.380196078431	 0.625294117647	 0.000084568601
 0.382156862745	 0.625294117647	 0.000079760046
 0.284117647059	 0.627254901961	 0.000254664234
 0.286078431373	 0.627254901961	 0.000272976634
 0.288039215686	 0.627254901961	 0.000292006148
 0.290000000000	 0.627254901961	 0.000311616806
 0.291960784314	 0.627254901961	 0.000331631773
 0.293921568627	 0.627254901961	 0.000351830984
 0.295882352941	 0.627254901961	 0.000371950782
 0.297843137255	 0.627254901961	 0.000391686246
 0.299803921569	 0.627254901961	 0.000410696768
 0.301764705882	 0.627254901961	 0.000428615279
 0.303725490196	 0.627254901961	 0.000445061153
 0.305686274510	 0.627254901961	 0.000459656399
 0.307647058824	 0.627254901961	 0.000472044226
 0.309607843137	 0.627254901961	 0.000481908575
 0.311568627451	 0.627254901961	 0.000488992840
 0.313529411765	 0.627254901961	 0.000493115872
 0.315490196078	 0.627254901961	 0.000494183475
 0.317450980392	 0.627254901961	 0.000492194075
 0.319411764706	 0.627254901961	 0.000487237928
 0.321372549020	 0.627254901961	 0.000479490010
 0.323333333333	 0.627254901961	 0.000469197533
 0.325294117647	 0.627254901961	 0.000456663568
 0.327254901961	 0.627254901961	 0.000442228616
 0.329215686275	 0.627254901961	 0.000426251950
 0.331176470588	 0.627254901961	 0.000409094309
 0.333137254902	 0.627254901961	 0.000391103139
 0.335098039216	 0.627254901961	 0.000372601050
 0.337058823529	 0.627254901961	 0.000353877739
 0.339019607843	 0.627254901961	 0.000335185202
 0.340980392157	 0.627254901961	 0.000316735841
 0.342941176471	 0.627254901961	 0.000298702898
 0.344901960784	 0.627254901961	 0.000281222599
 0.346862745098	 0.627254901961	 0.000264397468
 0.348823529412	 0.627254901961	 0.000248300275
 0.350784313725	 0.627254901961	 0.000232978256
 0.352745098039	 0.627254901961	 0.000218457287
 0.354705882353	 0.627254901961	 0.000204745820
 0.356666666667	 0.627254901961	 0.000191838455
 0.358627450980	 0.627254901961	 0.000179719084
 0.360588235294	 0.627254901961	 0.000168363585
 0.362549019608	 0.627254901961	 0.000157742091
 0.364509803922	 0.627254901961	 0.000147820848
 0.366470588235	 0.627254901961	 0.000138563719
 0.368431372549	 0.627254901961	 0.000129933374
 0.370392156863	 0.627254901961	 0.000121892209
 0.372352941176	 0.627254901961	 0.000114403051
 0.374313725490	 0.627254901961	 0.000107429669
 0.376274509804	 0.627254901961	 0.000100937143
 0.378235294118	 0.627254901961	 0.000094892117
 0.380196078431	 0.627254901961	 0.000089262950
 0.382156862745	 0.627254901961	 0.000084019804
 0.284117647059	 0.629215686275	 0.000264884428
 0.286078431373	 0.629215686275	 0.000285475170
 0.288039215686	 0.629215686275	 0.000307107052
 0.290000000000	 0.629215686275	 0.000329658955
 0.291960784314	 0.629215686275	 0.000352959486
 0.293921568627	 0.629215686275	 0.000376781346
 0.295882352941	 0.629215686275	 0.000400837653
 0.297843137255	 0.629215686275	 0.000424781270
 0.299803921569	 0.629215686275	 0.000448208189
 0.301764705882	 0.629215686275	 0.000470665922
 0.303725490196	 0.629215686275	 0.000491667451
 0.305686274510	 0.629215686275	 0.000510710777
 0.307647058824	 0.629215686275	 0.000527303276
 0.309607843137	 0.629215686275	 0.000540989249
 0.311568627451	 0.629215686275	 0.000551378225
 0.313529411765	 0.629215686275	 0.000558171074
 0.315490196078	 0.629215686275	 0.000561180867
 0.317450980392	 0.629215686275	 0.000560345886
 0.319411764706	 0.629215686275	 0.000555733123
 0.321372549020	 0.629215686275	 0.000547531880
 0.323333333333	 0.629215686275	 0.000536038431
 0.325294117647	 0.629215686275	 0.000521633838
 0.327254901961	 0.629215686275	 0.000504757723
 0.329215686275	 0.629215686275	 0.000485880969
 0.331176470588	 0.629215686275	 0.000465480034
 0.333137254902	 0.629215686275	 0.000444014892
 0.335098039216	 0.629215686275	 0.000421911833
 0.337058823529	 0.629215686275	 0.000399551539
 0.339019607843	 0.629215686275	 0.000377262214
 0.340980392157	 0.629215686275	 0.000355317098
 0.342941176471	 0.629215686275	 0.000333935454
 0.344901960784	 0.629215686275	 0.000313286058
 0.346862745098	 0.629215686275	 0.000293492288
 0.348823529412	 0.629215686275	 0.000274638052
 0.350784313725	 0.629215686275	 0.000256773952
 0.352745098039	 0.629215686275	 0.000239923270
 0.354705882353	 0.629215686275	 0.000224087492
 0.356666666667	 0.629215686275	 0.000209251221
 0.358627450980	 0.629215686275	 0.000195386411
 0.360588235294	 0.629215686275	 0.000182455922
 0.362549019608	 0.629215686275	 0.000170416444
 0.364509803922	 0.629215686275	 0.000159220835
 0.366470588235	 0.629215686275	 0.000148819972
 0.368431372549	 0.629215686275	 0.000139164162
 0.370392156863	 0.629215686275	 0.000130204214
 0.372352941176	 0.629215686275	 0.000121892209
 0.374313725490	 0.629215686275	 0.000114182050
 0.376274509804	 0.629215686275	 0.000107029820
 0.378235294118	 0.629215686275	 0.000100394004
 0.380196078431	 0.629215686275	 0.000094235605
 0.382156862745	 0.629215686275	 0.000088518169
 0.284117647059	 0.631176470588	 0.000273930435
 0.286078431373	 0.631176470588	 0.000296853468
 0.288039215686	 0.631176470588	 0.000321201873
 0.290000000000	 0.631176470588	 0.000346885298
 0.291960784314	 0.631176470588	 0.000373754752
 0.293921568627	 0.631176470588	 0.000401592622
 0.295882352941	 0.631176470588	 0.000430104112
 0.297843137255	 0.631176470588	 0.000458911554
 0.299803921569	 0.631176470588	 0.000487553235
 0.301764705882	 0.631176470588	 0.000515488482
 0.303725490196	 0.631176470588	 0.000542110504
 0.305686274510	 0.631176470588	 0.000566767881
 0.307647058824	 0.631176470588	 0.000588794568
 0.309607843137	 0.631176470588	 0.000607546948
 0.311568627451	 0.631176470588	 0.000622444967
 0.313529411765	 0.631176470588	 0.000633013128
 0.315490196078	 0.631176470588	 0.000638916409
 0.317450980392	 0.631176470588	 0.000639986323
 0.319411764706	 0.631176470588	 0.000636233471
 0.321372549020	 0.631176470588	 0.000627844845
 0.323333333333	 0.631176470588	 0.000615166420
 0.325294117647	 0.631176470588	 0.000598673760
 0.327254901961	 0.631176470588	 0.000578934831
 0.329215686275	 0.631176470588	 0.000556569878
 0.331176470588	 0.631176470588	 0.000532212896
 0.333137254902	 0.631176470588	 0.000506478239
 0.335098039216	 0.631176470588	 0.000479934575
 0.337058823529	 0.631176470588	 0.000453086980
 0.339019607843	 0.631176470588	 0.000426366882
 0.340980392157	 0.631176470588	 0.000400128748
 0.342941176471	 0.631176470588	 0.000374652017
 0.344901960784	 0.631176470588	 0.000350146729
 0.346862745098	 0.631176470588	 0.000326761369
 0.348823529412	 0.631176470588	 0.000304591778
 0.350784313725	 0.631176470588	 0.000283690205
 0.352745098039	 0.631176470588	 0.000264073907
 0.354705882353	 0.631176470588	 0.000245732926
 0.356666666667	 0.631176470588	 0.000228636842
 0.358627450980	 0.631176470588	 0.000212740478
 0.360588235294	 0.631176470588	 0.000197988579
 0.362549019608	 0.631176470588	 0.000184319552
 0.364509803922	 0.631176470588	 0.000171668398
 0.366470588235	 0.631176470588	 0.000159968951
 0.368431372549	 0.631176470588	 0.000149155533
 0.370392156863	 0.631176470588	 0.000139164162
 0.372352941176	 0.631176470588	 0.000129933374
 0.374313725490	 0.631176470588	 0.000121404769
 0.376274509804	 0.631176470588	 0.000113523331
 0.378235294118	 0.631176470588	 0.000106237583
 0.380196078431	 0.631176470588	 0.000099499618
 0.382156862745	 0.631176470588	 0.000093265049
 0.284117647059	 0.633137254902	 0.000281507092
 0.286078431373	 0.633137254902	 0.000306750683
 0.288039215686	 0.633137254902	 0.000333859629
 0.290000000000	 0.633137254902	 0.000362793676
 0.291960784314	 0.633137254902	 0.000393448308
 0.293921568627	 0.633137254902	 0.000425639526
 0.295882352941	 0.633137254902	 0.000459088847
 0.297843137255	 0.633137254902	 0.000493410242
 0.299803921569	 0.633137254902	 0.000528101296
 0.301764705882	 0.633137254902	 0.000562541293
 0.303725490196	 0.633137254902	 0.000595999085
 0.305686274510	 0.633137254902	 0.000627653172
 0.307647058824	 0.633137254902	 0.000656625346
 0.309607843137	 0.633137254902	 0.000682027414
 0.311568627451	 0.633137254902	 0.000703018107
 0.313529411765	 0.633137254902	 0.000718864755
 0.315490196078	 0.633137254902	 0.000729002319
 0.317450980392	 0.633137254902	 0.000733081589
 0.319411764706	 0.633137254902	 0.000730999247
 0.321372549020	 0.633137254902	 0.000722905097
 0.323333333333	 0.633137254902	 0.000709185469
 0.325294117647	 0.633137254902	 0.000690425775
 0.327254901961	 0.633137254902	 0.000667358338
 0.329215686275	 0.633137254902	 0.000640803282
 0.331176470588	 0.633137254902	 0.000611610238
 0.333137254902	 0.633137254902	 0.000580607129
 0.335098039216	 0.633137254902	 0.000548560079
 0.337058823529	 0.633137254902	 0.000516146044
 0.339019607843	 0.633137254902	 0.000483937754
 0.340980392157	 0.633137254902	 0.000452399203
 0.342941176471	 0.633137254902	 0.000421889185
 0.344901960784	 0.633137254902	 0.000392670308
 0.346862745098	 0.633137254902	 0.000364921151
 0.348823529412	 0.633137254902	 0.000338749687
 0.350784313725	 0.633137254902	 0.000314206644
 0.352745098039	 0.633137254902	 0.000291297898
 0.354705882353	 0.633137254902	 0.000269995429
 0.356666666667	 0.633137254902	 0.000250246638
 0.358627450980	 0.633137254902	 0.000231981999
 0.360588235294	 0.633137254902	 0.000215121198
 0.362549019608	 0.633137254902	 0.000199577899
 0.364509803922	 0.633137254902	 0.000185263370
 0.366470588235	 0.633137254902	 0.000172089148
 0.368431372549	 0.633137254902	 0.000159968951
 0.370392156863	 0.633137254902	 0.000148819972
 0.372352941176	 0.633137254902	 0.000138563719
 0.374313725490	 0.633137254902	 0.000129126503
 0.376274509804	 0.633137254902	 0.000120439652
 0.378235294118	 0.633137254902	 0.000112439554
 0.380196078431	 0.633137254902	 0.000105067557
 0.382156862745	 0.633137254902	 0.000098269779
 0.284117647059	 0.635098039216	 0.000287338542
 0.286078431373	 0.635098039216	 0.000314813997
 0.288039215686	 0.635098039216	 0.000344640303
 0.290000000000	 0.635098039216	 0.000376848928
 0.291960784314	 0.635098039216	 0.000411406210
 0.293921568627	 0.635098039216	 0.000448192534
 0.295882352941	 0.635098039216	 0.000486979712
 0.297843137255	 0.635098039216	 0.000527408302
 0.299803921569	 0.635098039216	 0.000568967537
 0.301764705882	 0.635098039216	 0.000610981565
 0.303725490196	 0.635098039216	 0.000652606483
 0.305686274510	 0.635098039216	 0.000692842892
 0.307647058824	 0.635098039216	 0.000730567982
 0.309607843137	 0.635098039216	 0.000764589122
 0.311568627451	 0.635098039216	 0.000793717577
 0.313529411765	 0.635098039216	 0.000816856627
 0.315490196078	 0.635098039216	 0.000833094086
 0.317450980392	 0.635098039216	 0.000841786185
 0.319411764706	 0.635098039216	 0.000842619418
 0.321372549020	 0.635098039216	 0.000835639724
 0.323333333333	 0.635098039216	 0.000821243982
 0.325294117647	 0.635098039216	 0.000800135765
 0.327254901961	 0.635098039216	 0.000773253625
 0.329215686275	 0.635098039216	 0.000741684211
 0.331176470588	 0.635098039216	 0.000706573441
 0.333137254902	 0.635098039216	 0.000669046974
 0.335098039216	 0.635098039216	 0.000630147491
 0.337058823529	 0.635098039216	 0.000590792022
 0.339019607843	 0.635098039216	 0.000551748887
 0.340980392157	 0.635098039216	 0.000513631341
 0.342941176471	 0.635098039216	 0.000476903773
 0.344901960784	 0.635098039216	 0.000441896141
 0.346862745098	 0.635098039216	 0.000408822849
 0.348823529412	 0.635098039216	 0.000377803095
 0.350784313725	 0.635098039216	 0.000348880649
 0.352745098039	 0.635098039216	 0.000322041787
 0.354705882353	 0.635098039216	 0.000297230761
 0.356666666667	 0.635098039216	 0.000274362628
 0.358627450980	 0.635098039216	 0.000253333526
 0.360588235294	 0.635098039216	 0.000234028664
 0.362549019608	 0.635098039216	 0.000216328354
 0.364509803922	 0.635098039216	 0.000200112431
 0.366470588235	 0.635098039216	 0.000185263370
 0.368431372549	 0.635098039216	 0.000171668398
 0.370392156863	 0.635098039216	 0.000159220835
 0.372352941176	 0.635098039216	 0.000147820848
 0.374313725490	 0.635098039216	 0.000137375797
 0.376274509804	 0.635098039216	 0.000127800272
 0.378235294118	 0.635098039216	 0.000119015930
 0.380196078431	 0.635098039216	 0.000110951191
 0.382156862745	 0.635098039216	 0.000103540859
 0.284117647059	 0.637058823529	 0.000291187674
 0.286078431373	 0.637058823529	 0.000320722484
 0.288039215686	 0.637058823529	 0.000353122808
 0.290000000000	 0.637058823529	 0.000388513870
 0.291960784314	 0.637058823529	 0.000426961662
 0.293921568627	 0.637058823529	 0.000468447026
 0.295882352941	 0.637058823529	 0.000512835158
 0.297843137255	 0.637058823529	 0.000559841778
 0.299803921569	 0.637058823529	 0.000608998559
 0.301764705882	 0.637058823529	 0.000659622091
 0.303725490196	 0.637058823529	 0.000710792421
 0.305686274510	 0.637058823529	 0.000761348702
 0.307647058824	 0.637058823529	 0.000809909902
 0.309607843137	 0.637058823529	 0.000854927186
 0.311568627451	 0.637058823529	 0.000894770715
 0.313529411765	 0.637058823529	 0.000927847350
 0.315490196078	 0.637058823529	 0.000952737864
 0.317450980392	 0.637058823529	 0.000968335007
 0.319411764706	 0.637058823529	 0.000973959707
 0.321372549020	 0.637058823529	 0.000969433980
 0.323333333333	 0.637058823529	 0.000955096465
 0.325294117647	 0.637058823529	 0.000931757956
 0.327254901961	 0.637058823529	 0.000900606508
 0.329215686275	 0.637058823529	 0.000863080869
 0.331176470588	 0.637058823529	 0.000820734603
 0.333137254902	 0.637058823529	 0.000775111201
 0.335098039216	 0.637058823529	 0.000727644382
 0.337058823529	 0.637058823529	 0.000679590210
 0.339019607843	 0.637058823529	 0.000631990869
 0.340980392157	 0.637058823529	 0.000585665336
 0.342941176471	 0.637058823529	 0.000541219922
 0.344901960784	 0.637058823529	 0.000499071400
 0.346862745098	 0.637058823529	 0.000459476451
 0.348823529412	 0.637058823529	 0.000422562657
 0.350784313725	 0.637058823529	 0.000388357918
 0.352745098039	 0.637058823529	 0.000356816481
 0.354705882353	 0.637058823529	 0.000327840833
 0.356666666667	 0.637058823529	 0.000301299354
 0.358627450980	 0.637058823529	 0.000277040064
 0.360588235294	 0.637058823529	 0.000254900972
 0.362549019608	 0.637058823529	 0.000234717617
 0.364509803922	 0.637058823529	 0.000216328354
 0.366470588235	 0.637058823529	 0.000199577899
 0.368431372549	 0.637058823529	 0.000184319552
 0.370392156863	 0.637058823529	 0.000170416444
 0.372352941176	 0.637058823529	 0.000157742091
 0.374313725490	 0.637058823529	 0.000146180455
 0.376274509804	 0.637058823529	 0.000135625674
 0.378235294118	 0.637058823529	 0.000125981584
 0.380196078431	 0.637058823529	 0.000117161119
 0.382156862745	 0.637058823529	 0.000109085641
 0.284117647059	 0.639019607843	 0.000292874975
 0.286078431373	 0.639019607843	 0.000324212103
 0.288039215686	 0.639019607843	 0.000358936717
 0.290000000000	 0.639019607843	 0.000397287708
 0.291960784314	 0.639019607843	 0.000439458976
 0.293921568627	 0.639019607843	 0.000485570075
 0.295882352941	 0.639019607843	 0.000535628981
 0.297843137255	 0.639019607843	 0.000589487145
 0.299803921569	 0.639019607843	 0.000646788525
 0.301764705882	 0.639019607843	 0.000706916517
 0.303725490196	 0.639019607843	 0.000768945633
 0.305686274510	 0.639019607843	 0.000831607997
 0.307647058824	 0.639019607843	 0.000893287460
 0.309607843137	 0.639019607843	 0.000952054890
 0.311568627451	 0.639019607843	 0.001005755520
 0.313529411765	 0.639019607843	 0.001052151795
 0.315490196078	 0.639019607843	 0.001089113161
 0.317450980392	 0.639019607843	 0.001114829990
 0.319411764706	 0.639019607843	 0.001128016860
 0.321372549020	 0.639019607843	 0.001128066053
 0.323333333333	 0.639019607843	 0.001115118865
 0.325294117647	 0.639019607843	 0.001090039406
 0.327254901961	 0.639019607843	 0.001054297832
 0.329215686275	 0.639019607843	 0.001009789535
 0.331176470588	 0.639019607843	 0.000958627487
 0.333137254902	 0.639019607843	 0.000902944357
 0.335098039216	 0.639019607843	 0.000844731619
 0.337058823529	 0.639019607843	 0.000785729342
 0.339019607843	 0.639019607843	 0.000727367744
 0.340980392157	 0.639019607843	 0.000670752739
 0.342941176471	 0.639019607843	 0.000616683483
 0.344901960784	 0.639019607843	 0.000565689489
 0.346862745098	 0.639019607843	 0.000518076753
 0.348823529412	 0.639019607843	 0.000473975224
 0.350784313725	 0.639019607843	 0.000433382753
 0.352745098039	 0.639019607843	 0.000396203005
 0.354705882353	 0.639019607843	 0.000362276462
 0.356666666667	 0.639019607843	 0.000331404712
 0.358627450980	 0.639019607843	 0.000303368753
 0.360588235294	 0.639019607843	 0.000277942280
 0.362549019608	 0.639019607843	 0.000254900972
 0.364509803922	 0.639019607843	 0.000234028664
 0.366470588235	 0.639019607843	 0.000215121198
 0.368431372549	 0.639019607843	 0.000197988579
 0.370392156863	 0.639019607843	 0.000182455922
 0.372352941176	 0.639019607843	 0.000168363585
 0.374313725490	 0.639019607843	 0.000155566749
 0.376274509804	 0.639019607843	 0.000143934665
 0.378235294118	 0.639019607843	 0.000133349703
 0.380196078431	 0.639019607843	 0.000123706314
 0.382156862745	 0.639019607843	 0.000114909961
 0.284117647059	 0.640980392157	 0.000292294382
 0.286078431373	 0.640980392157	 0.000325098795
 0.288039215686	 0.640980392157	 0.000361794205
 0.290000000000	 0.640980392157	 0.000402748138
 0.291960784314	 0.640980392157	 0.000448306389
 0.293921568627	 0.640980392157	 0.000498763060
 0.295882352941	 0.640980392157	 0.000554319457
 0.297843137255	 0.640980392157	 0.000615030358
 0.299803921569	 0.640980392157	 0.000680737392
 0.301764705882	 0.640980392157	 0.000750991718
 0.303725490196	 0.640980392157	 0.000824971943
 0.305686274510	 0.640980392157	 0.000901408430
 0.307647058824	 0.640980392157	 0.000978531027
 0.309607843137	 0.640980392157	 0.001054062260
 0.311568627451	 0.640980392157	 0.001125279359
 0.313529411765	 0.640980392157	 0.001189162923
 0.315490196078	 0.640980392157	 0.001242635313
 0.317450980392	 0.640980392157	 0.001282868677
 0.319411764706	 0.640980392157	 0.001307616752
 0.321372549020	 0.640980392157	 0.001315506077
 0.323333333333	 0.640980392157	 0.001306221222
 0.325294117647	 0.640980392157	 0.001280539489
 0.327254901961	 0.640980392157	 0.001240207761
 0.329215686275	 0.640980392157	 0.001187693825
 0.331176470588	 0.640980392157	 0.001125871651
 0.333137254902	 0.640980392157	 0.001057706224
 0.335098039216	 0.640980392157	 0.000985990368
 0.337058823529	 0.640980392157	 0.000913162271
 0.339019607843	 0.640980392157	 0.000841208527
 0.340980392157	 0.640980392157	 0.000771640307
 0.342941176471	 0.640980392157	 0.000705522023
 0.344901960784	 0.640980392157	 0.000643530925
 0.346862745098	 0.640980392157	 0.000586029741
 0.348823529412	 0.640980392157	 0.000533139745
 0.350784313725	 0.640980392157	 0.000484806733
 0.352745098039	 0.640980392157	 0.000440856391
 0.354705882353	 0.640980392157	 0.000401038267
 0.356666666667	 0.640980392157	 0.000365059112
 0.358627450980	 0.640980392157	 0.000332607107
 0.360588235294	 0.640980392157	 0.000303368753
 0.362549019608	 0.640980392157	 0.000277040064
 0.364509803922	 0.640980392157	 0.000253333526
 0.366470588235	 0.640980392157	 0.000231981999
 0.368431372549	 0.640980392157	 0.000212740478
 0.370392156863	 0.640980392157	 0.000195386411
 0.372352941176	 0.640980392157	 0.000179719084
 0.374313725490	 0.640980392157	 0.000165558440
 0.376274509804	 0.640980392157	 0.000152743582
 0.378235294118	 0.640980392157	 0.000141131137
 0.380196078431	 0.640980392157	 0.000130593599
 0.382156862745	 0.640980392157	 0.000121017713
 0.284117647059	 0.642941176471	 0.000289423851
 0.286078431373	 0.642941176471	 0.000323296382
 0.288039215686	 0.642941176471	 0.000361517788
 0.290000000000	 0.642941176471	 0.000404591686
 0.291960784314	 0.642941176471	 0.000453031611
 0.293921568627	 0.642941176471	 0.000507334186
 0.295882352941	 0.642941176471	 0.000567938693
 0.297843137255	 0.642941176471	 0.000635169462
 0.299803921569	 0.642941176471	 0.000709158023
 0.301764705882	 0.642941176471	 0.000789743824
 0.303725490196	 0.642941176471	 0.000876356110
 0.305686274510	 0.642941176471	 0.000967886097
 0.307647058824	 0.642941176471	 0.001062567816
 0.309607843137	 0.642941176471	 0.001157896864
 0.311568627451	 0.642941176471	 0.001250625580
 0.313529411765	 0.642941176471	 0.001336875175
 0.315490196078	 0.642941176471	 0.001412393534
 0.317450980392	 0.642941176471	 0.001472957439
 0.319411764706	 0.642941176471	 0.001514873088
 0.321372549020	 0.642941176471	 0.001535483017
 0.323333333333	 0.642941176471	 0.001533562401
 0.325294117647	 0.642941176471	 0.001509501479
 0.327254901961	 0.642941176471	 0.001465225030
 0.329215686275	 0.642941176471	 0.001403874240
 0.331176470588	 0.642941176471	 0.001329339261
 0.333137254902	 0.642941176471	 0.001245757520
 0.335098039216	 0.642941176471	 0.001157078754
 0.337058823529	 0.642941176471	 0.001066757303
 0.339019607843	 0.642941176471	 0.000977586784
 0.340980392157	 0.642941176471	 0.000891658208
 0.342941176471	 0.642941176471	 0.000810405778
 0.344901960784	 0.642941176471	 0.000734702667
 0.346862745098	 0.642941176471	 0.000664975907
 0.348823529412	 0.642941176471	 0.000601319430
 0.350784313725	 0.642941176471	 0.000543593537
 0.352745098039	 0.642941176471	 0.000491506003
 0.354705882353	 0.642941176471	 0.000444674453
 0.356666666667	 0.642941176471	 0.000402672003
 0.358627450980	 0.642941176471	 0.000365059112
 0.360588235294	 0.642941176471	 0.000331404712
 0.362549019608	 0.642941176471	 0.000301299354
 0.364509803922	 0.642941176471	 0.000274362628
 0.366470588235	 0.642941176471	 0.000250246638
 0.368431372549	 0.642941176471	 0.000228636842
 0.370392156863	 0.642941176471	 0.000209251221
 0.372352941176	 0.642941176471	 0.000191838455
 0.374313725490	 0.642941176471	 0.000176175560
 0.376274509804	 0.642941176471	 0.000162065309
 0.378235294118	 0.642941176471	 0.000149333617
 0.380196078431	 0.642941176471	 0.000137827029
 0.382156862745	 0.642941176471	 0.000127410367
 0.284117647059	 0.644901960784	 0.000284328934
 0.286078431373	 0.644901960784	 0.000318826415
 0.288039215686	 0.644901960784	 0.000358059488
 0.290000000000	 0.644901960784	 0.000402666044
 0.291960784314	 0.644901960784	 0.000453331872
 0.293921568627	 0.644901960784	 0.000510771056
 0.295882352941	 0.644901960784	 0.000575691809
 0.297843137255	 0.644901960784	 0.000648742127
 0.299803921569	 0.644901960784	 0.000730428982
 0.301764705882	 0.644901960784	 0.000821005180
 0.303725490196	 0.644901960784	 0.000920320586
 0.305686274510	 0.644901960784	 0.001027640568
 0.307647058824	 0.644901960784	 0.001141445743
 0.309607843137	 0.644901960784	 0.001259243799
 0.311568627451	 0.644901960784	 0.001377444385
 0.313529411765	 0.644901960784	 0.001491365178
 0.315490196078	 0.644901960784	 0.001595439663
 0.317450980392	 0.644901960784	 0.001683671109
 0.319411764706	 0.644901960784	 0.001750315469
 0.321372549020	 0.644901960784	 0.001790689111
 0.323333333333	 0.644901960784	 0.001801919559
 0.325294117647	 0.644901960784	 0.001783434077
 0.327254901961	 0.644901960784	 0.001737039775
 0.329215686275	 0.644901960784	 0.001666573837
 0.331176470588	 0.644901960784	 0.001577236481
 0.333137254902	 0.644901960784	 0.001474799921
 0.335098039216	 0.644901960784	 0.001364885590
 0.337058823529	 0.644901960784	 0.001252437168
 0.339019607843	 0.644901960784	 0.001141431337
 0.340980392157	 0.644901960784	 0.001034799601
 0.342941176471	 0.644901960784	 0.000934499428
 0.344901960784	 0.644901960784	 0.000841667954
 0.346862745098	 0.644901960784	 0.000756804339
 0.348823529412	 0.644901960784	 0.000679945448
 0.350784313725	 0.644901960784	 0.000610816405
 0.352745098039	 0.644901960784	 0.000548949681
 0.354705882353	 0.644901960784	 0.000493773571
 0.356666666667	 0.644901960784	 0.000444674453
 0.358627450980	 0.644901960784	 0.000401038267
 0.360588235294	 0.644901960784	 0.000362276462
 0.362549019608	 0.644901960784	 0.000327840833
 0.364509803922	 0.644901960784	 0.000297230761
 0.366470588235	 0.644901960784	 0.000269995429
 0.368431372549	 0.644901960784	 0.000245732926
 0.370392156863	 0.644901960784	 0.000224087492
 0.372352941176	 0.644901960784	 0.000204745820
 0.374313725490	 0.644901960784	 0.000187432949
 0.376274509804	 0.644901960784	 0.000171908130
 0.378235294118	 0.644901960784	 0.000157960857
 0.380196078431	 0.644901960784	 0.000145407189
 0.382156862745	 0.644901960784	 0.000134086414
 0.284117647059	 0.646862745098	 0.000277158688
 0.286078431373	 0.646862745098	 0.000311818226
 0.288039215686	 0.646862745098	 0.000351508049
 0.290000000000	 0.646862745098	 0.000396988733
 0.291960784314	 0.646862745098	 0.000449109811
 0.293921568627	 0.646862745098	 0.000508801056
 0.295882352941	 0.646862745098	 0.000577050223
 0.297843137255	 0.646862745098	 0.000654860149
 0.299803921569	 0.646862745098	 0.000743176046
 0.301764705882	 0.646862745098	 0.000842772139
 0.303725490196	 0.646862745098	 0.000954086715
 0.305686274510	 0.646862745098	 0.001076998128
 0.307647058824	 0.646862745098	 0.001210544262
 0.309607843137	 0.646862745098	 0.001352607424
 0.311568627451	 0.646862745098	 0.001499617156
 0.313529411765	 0.646862745098	 0.001646361171
 0.315490196078	 0.646862745098	 0.001786026039
 0.317450980392	 0.646862745098	 0.001910589745
 0.319411764706	 0.646862745098	 0.002011629537
 0.321372549020	 0.646862745098	 0.002081480116
 0.323333333333	 0.646862745098	 0.002114512245
 0.325294117647	 0.646862745098	 0.002108181576
 0.327254901961	 0.646862745098	 0.002063511157
 0.329215686275	 0.646862745098	 0.001984844613
 0.331176470588	 0.646862745098	 0.001878963929
 0.333137254902	 0.646862745098	 0.001753871205
 0.335098039216	 0.646862745098	 0.001617590409
 0.337058823529	 0.646862745098	 0.001477255269
 0.339019607843	 0.646862745098	 0.001338591785
 0.340980392157	 0.646862745098	 0.001205765086
 0.342941176471	 0.646862745098	 0.001081485119
 0.344901960784	 0.646862745098	 0.000967252206
 0.346862745098	 0.646862745098	 0.000863647012
 0.348823529412	 0.646862745098	 0.000770604545
 0.350784313725	 0.646862745098	 0.000687642799
 0.352745098039	 0.646862745098	 0.000614037922
 0.354705882353	 0.646862745098	 0.000548949681
 0.356666666667	 0.646862745098	 0.000491506003
 0.358627450980	 0.646862745098	 0.000440856391
 0.360588235294	 0.646862745098	 0.000396203005
 0.362549019608	 0.646862745098	 0.000356816481
 0.364509803922	 0.646862745098	 0.000322041787
 0.366470588235	 0.646862745098	 0.000291297898
 0.368431372549	 0.646862745098	 0.000264073907
 0.370392156863	 0.646862745098	 0.000239923270
 0.372352941176	 0.646862745098	 0.000218457287
 0.374313725490	 0.646862745098	 0.000199338499
 0.376274509804	 0.646862745098	 0.000182274379
 0.378235294118	 0.646862745098	 0.000167011517
 0.380196078431	 0.646862745098	 0.000153330396
 0.382156862745	 0.646862745098	 0.000141040765
 0.284117647059	 0.648823529412	 0.000268134396
 0.286078431373	 0.648823529412	 0.000302498983
 0.288039215686	 0.648823529412	 0.000342082718
 0.290000000000	 0.648823529412	 0.000387748443
 0.291960784314	 0.648823529412	 0.000440488185
 0.293921568627	 0.648823529412	 0.000501427817
 0.295882352941	 0.648823529412	 0.000571821198
 0.297843137255	 0.648823529412	 0.000653026230
 0.299803921569	 0.648823529412	 0.000746451907
 0.301764705882	 0.648823529412	 0.000853461537
 0.303725490196	 0.648823529412	 0.000975213685
 0.305686274510	 0.648823529412	 0.001112421002
 0.307647058824	 0.648823529412	 0.001265011667
 0.309607843137	 0.648823529412	 0.001431694224
 0.311568627451	 0.648823529412	 0.001609460872
 0.313529411765	 0.648823529412	 0.001793120370
 0.315490196078	 0.648823529412	 0.001975022273
 0.317450980392	 0.648823529412	 0.002145190723
 0.319411764706	 0.648823529412	 0.002292075439
 0.321372549020	 0.648823529412	 0.002403993505
 0.323333333333	 0.648823529412	 0.002471070141
 0.325294117647	 0.648823529412	 0.002487185854
 0.327254901961	 0.648823529412	 0.002451287715
 0.329215686275	 0.648823529412	 0.002367577037
 0.331176470588	 0.648823529412	 0.002244510123
 0.333137254902	 0.648823529412	 0.002093006778
 0.335098039216	 0.648823529412	 0.001924491572
 0.337058823529	 0.648823529412	 0.001749310277
 0.339019607843	 0.648823529412	 0.001575788692
 0.340980392157	 0.648823529412	 0.001409922345
 0.342941176471	 0.648823529412	 0.001255521678
 0.344901960784	 0.648823529412	 0.001114600400
 0.346862745098	 0.648823529412	 0.000987836193
 0.348823529412	 0.648823529412	 0.000874998853
 0.350784313725	 0.648823529412	 0.000775298331
 0.352745098039	 0.648823529412	 0.000687642799
 0.354705882353	 0.648823529412	 0.000610816405
 0.356666666667	 0.648823529412	 0.000543593537
 0.358627450980	 0.648823529412	 0.000484806733
 0.360588235294	 0.648823529412	 0.000433382753
 0.362549019608	 0.648823529412	 0.000388357918
 0.364509803922	 0.648823529412	 0.000348880649
 0.366470588235	 0.648823529412	 0.000314206644
 0.368431372549	 0.648823529412	 0.000283690205
 0.370392156863	 0.648823529412	 0.000256773952
 0.372352941176	 0.648823529412	 0.000232978256
 0.374313725490	 0.648823529412	 0.000211891116
 0.376274509804	 0.648823529412	 0.000193158895
 0.378235294118	 0.648823529412	 0.000176478039
 0.380196078431	 0.648823529412	 0.000161587825
 0.382156862745	 0.648823529412	 0.000148264081
 0.284117647059	 0.650784313725	 0.000257532684
 0.286078431373	 0.650784313725	 0.000291175190
 0.288039215686	 0.650784313725	 0.000330114437
 0.290000000000	 0.650784313725	 0.000375288485
 0.291960784314	 0.650784313725	 0.000427800157
 0.293921568627	 0.650784313725	 0.000488935866
 0.295882352941	 0.650784313725	 0.000560178543
 0.297843137255	 0.650784313725	 0.000643207760
 0.299803921569	 0.650784313725	 0.000739876052
 0.301764705882	 0.650784313725	 0.000852144776
 0.303725490196	 0.650784313725	 0.000981955823
 0.305686274510	 0.650784313725	 0.001131008269
 0.307647058824	 0.650784313725	 0.001300404882
 0.309607843137	 0.650784313725	 0.001490138958
 0.311568627451	 0.650784313725	 0.001698418270
 0.313529411765	 0.650784313725	 0.001920883803
 0.315490196078	 0.650784313725	 0.002149884722
 0.317450980392	 0.650784313725	 0.002374102443
 0.319411764706	 0.650784313725	 0.002578913709
 0.321372549020	 0.650784313725	 0.002747831861
 0.323333333333	 0.650784313725	 0.002865059344
 0.325294117647	 0.650784313725	 0.002918648584
 0.327254901961	 0.650784313725	 0.002903264771
 0.329215686275	 0.650784313725	 0.002821468156
 0.331176470588	 0.650784313725	 0.002682975306
 0.333137254902	 0.650784313725	 0.002502240752
 0.335098039216	 0.650784313725	 0.002295355594
 0.337058823529	 0.650784313725	 0.002077320955
 0.339019607843	 0.650784313725	 0.001860323393
 0.340980392157	 0.650784313725	 0.001653094741
 0.342941176471	 0.650784313725	 0.001461081299
 0.344901960784	 0.650784313725	 0.001287046429
 0.346862745098	 0.650784313725	 0.001131798737
 0.348823529412	 0.650784313725	 0.000994860678
 0.350784313725	 0.650784313725	 0.000874998853
 0.352745098039	 0.650784313725	 0.000770604545
 0.354705882353	 0.650784313725	 0.000679945448
 0.356666666667	 0.650784313725	 0.000601319430
 0.358627450980	 0.650784313725	 0.000533139745
 0.360588235294	 0.650784313725	 0.000473975224
 0.362549019608	 0.650784313725	 0.000422562657
 0.364509803922	 0.650784313725	 0.000377803095
 0.366470588235	 0.650784313725	 0.000338749687
 0.368431372549	 0.650784313725	 0.000304591778
 0.370392156863	 0.650784313725	 0.000274638052
 0.372352941176	 0.650784313725	 0.000248300275
 0.374313725490	 0.650784313725	 0.000225078389
 0.376274509804	 0.650784313725	 0.000204547295
 0.378235294118	 0.650784313725	 0.000186345359
 0.380196078431	 0.650784313725	 0.000170164551
 0.382156862745	 0.650784313725	 0.000155742074
 0.284117647059	 0.652745098039	 0.000245665361
 0.286078431373	 0.652745098039	 0.000278208377
 0.288039215686	 0.652745098039	 0.000316017401
 0.290000000000	 0.652745098039	 0.000360075062
 0.291960784314	 0.652745098039	 0.000411556602
 0.293921568627	 0.652745098039	 0.000471861885
 0.295882352941	 0.652745098039	 0.000542646927
 0.297843137255	 0.652745098039	 0.000625849682
 0.299803921569	 0.652745098039	 0.000723700699
 0.301764705882	 0.652745098039	 0.000838702819
 0.303725490196	 0.652745098039	 0.000973554784
 0.305686274510	 0.652745098039	 0.001130981387
 0.307647058824	 0.652745098039	 0.001313419178
 0.309607843137	 0.652745098039	 0.001522497086
 0.311568627451	 0.652745098039	 0.001758257773
 0.313529411765	 0.652745098039	 0.002018109401
 0.315490196078	 0.652745098039	 0.002295606909
 0.317450980392	 0.652745098039	 0.002579354115
 0.319411764706	 0.652745098039	 0.002852558811
 0.321372549020	 0.652745098039	 0.003093925337
 0.323333333333	 0.652745098039	 0.003280394538
 0.325294117647	 0.652745098039	 0.003391555572
 0.327254901961	 0.652745098039	 0.003414527309
 0.329215686275	 0.652745098039	 0.003347399490
 0.331176470588	 0.652745098039	 0.003199662759
 0.333137254902	 0.652745098039	 0.002989446450
 0.335098039216	 0.652745098039	 0.002738891040
 0.337058823529	 0.652745098039	 0.002469569222
 0.339019607843	 0.652745098039	 0.002199342869
 0.340980392157	 0.652745098039	 0.001941040333
 0.342941176471	 0.652745098039	 0.001702572192
 0.344901960784	 0.652745098039	 0.001487835179
 0.346862745098	 0.652745098039	 0.001297849580
 0.348823529412	 0.652745098039	 0.001131798737
 0.350784313725	 0.652745098039	 0.000987836193
 0.352745098039	 0.652745098039	 0.000863647012
 0.354705882353	 0.652745098039	 0.000756804339
 0.356666666667	 0.652745098039	 0.000664975907
 0.358627450980	 0.652745098039	 0.000586029741
 0.360588235294	 0.652745098039	 0.000518076753
 0.362549019608	 0.652745098039	 0.000459476451
 0.364509803922	 0.652745098039	 0.000408822849
 0.366470588235	 0.652745098039	 0.000364921151
 0.368431372549	 0.652745098039	 0.000326761369
 0.370392156863	 0.652745098039	 0.000293492288
 0.372352941176	 0.652745098039	 0.000264397468
 0.374313725490	 0.652745098039	 0.000238873986
 0.376274509804	 0.652745098039	 0.000216414079
 0.378235294118	 0.652745098039	 0.000196589532
 0.380196078431	 0.652745098039	 0.000179038545
 0.382156862745	 0.652745098039	 0.000163454764
 0.284117647059	 0.654705882353	 0.000232858536
 0.286078431373	 0.654705882353	 0.000263988383
 0.288039215686	 0.654705882353	 0.000300255372
 0.290000000000	 0.654705882353	 0.000342655670
 0.291960784314	 0.654705882353	 0.000392396320
 0.293921568627	 0.654705882353	 0.000450937985
 0.295882352941	 0.654705882353	 0.000520042500
 0.297843137255	 0.654705882353	 0.000601822223
 0.299803921569	 0.654705882353	 0.000698784627
 0.301764705882	 0.654705882353	 0.000813859452
 0.303725490196	 0.654705882353	 0.000950385892
 0.305686274510	 0.654705882353	 0.001112022319
 0.307647058824	 0.654705882353	 0.001302520333
 0.309607843137	 0.654705882353	 0.001525280475
 0.311568627451	 0.654705882353	 0.001782587581
 0.313529411765	 0.654705882353	 0.002074431244
 0.315490196078	 0.654705882353	 0.002396892296
 0.317450980392	 0.654705882353	 0.002740274738
 0.319411764706	 0.654705882353	 0.003087516151
 0.321372549020	 0.654705882353	 0.003413835833
 0.323333333333	 0.654705882353	 0.003688775299
 0.325294117647	 0.654705882353	 0.003881270515
 0.327254901961	 0.654705882353	 0.003966930219
 0.329215686275	 0.654705882353	 0.003934912244
 0.331176470588	 0.654705882353	 0.003791171140
 0.333137254902	 0.654705882353	 0.003556399215
 0.335098039216	 0.654705882353	 0.003259805680
 0.337058823529	 0.654705882353	 0.002931793320
 0.339019607843	 0.654705882353	 0.002598362300
 0.340980392157	 0.654705882353	 0.002278421398
 0.342941176471	 0.654705882353	 0.001983618156
 0.344901960784	 0.654705882353	 0.001719616606
 0.346862745098	 0.654705882353	 0.001487835179
 0.348823529412	 0.654705882353	 0.001287046429
 0.350784313725	 0.654705882353	 0.001114600400
 0.352745098039	 0.654705882353	 0.000967252206
 0.354705882353	 0.654705882353	 0.000841667954
 0.356666666667	 0.654705882353	 0.000734702667
 0.358627450980	 0.654705882353	 0.000643530925
 0.360588235294	 0.654705882353	 0.000565689489
 0.362549019608	 0.654705882353	 0.000499071400
 0.364509803922	 0.654705882353	 0.000441896141
 0.366470588235	 0.654705882353	 0.000392670308
 0.368431372549	 0.654705882353	 0.000350146729
 0.370392156863	 0.654705882353	 0.000313286058
 0.372352941176	 0.654705882353	 0.000281222599
 0.374313725490	 0.654705882353	 0.000253234850
 0.376274509804	 0.654705882353	 0.000228720621
 0.378235294118	 0.654705882353	 0.000207176290
 0.380196078431	 0.654705882353	 0.000188179641
 0.382156862745	 0.654705882353	 0.000171375739
 0.284117647059	 0.656666666667	 0.000219433370
 0.286078431373	 0.656666666667	 0.000248907612
 0.288039215686	 0.656666666667	 0.000283307494
 0.290000000000	 0.656666666667	 0.000323614140
 0.291960784314	 0.656666666667	 0.000371027763
 0.293921568627	 0.656666666667	 0.000427017758
 0.295882352941	 0.656666666667	 0.000493382024
 0.297843137255	 0.656666666667	 0.000572314844
 0.299803921569	 0.656666666667	 0.000666480070
 0.301764705882	 0.656666666667	 0.000779081433
 0.303725490196	 0.656666666667	 0.000913913022
 0.305686274510	 0.656666666667	 0.001075358059
 0.307647058824	 0.656666666667	 0.001268280547
 0.309607843137	 0.656666666667	 0.001497720376
 0.311568627451	 0.656666666667	 0.001768260623
 0.313529411765	 0.656666666667	 0.002082900748
 0.315490196078	 0.656666666667	 0.002441280608
 0.317450980392	 0.656666666667	 0.002837234747
 0.319411764706	 0.656666666667	 0.003256018435
 0.321372549020	 0.656666666667	 0.003672183711
 0.323333333333	 0.656666666667	 0.004049789319
 0.325294117647	 0.656666666667	 0.004346747025
 0.327254901961	 0.656666666667	 0.004523758136
 0.329215686275	 0.656666666667	 0.004555413117
 0.331176470588	 0.656666666667	 0.004438448242
 0.333137254902	 0.656666666667	 0.004192647384
 0.335098039216	 0.656666666667	 0.003853928931
 0.337058823529	 0.656666666667	 0.003463568112
 0.339019607843	 0.656666666667	 0.003058694326
 0.340980392157	 0.656666666667	 0.002667023962
 0.342941176471	 0.656666666667	 0.002305841175
 0.344901960784	 0.656666666667	 0.001983618156
 0.346862745098	 0.656666666667	 0.001702572192
 0.348823529412	 0.656666666667	 0.001461081299
 0.350784313725	 0.656666666667	 0.001255521678
 0.352745098039	 0.656666666667	 0.001081485119
 0.354705882353	 0.656666666667	 0.000934499428
 0.356666666667	 0.656666666667	 0.000810405778
 0.358627450980	 0.656666666667	 0.000705522023
 0.360588235294	 0.656666666667	 0.000616683483
 0.362549019608	 0.656666666667	 0.000541219922
 0.364509803922	 0.656666666667	 0.000476903773
 0.366470588235	 0.656666666667	 0.000421889185
 0.368431372549	 0.656666666667	 0.000374652017
 0.370392156863	 0.656666666667	 0.000333935454
 0.372352941176	 0.656666666667	 0.000298702898
 0.374313725490	 0.656666666667	 0.000268098272
 0.376274509804	 0.656666666667	 0.000241413116
 0.378235294118	 0.656666666667	 0.000218059599
 0.380196078431	 0.656666666667	 0.000197548520
 0.382156862745	 0.656666666667	 0.000179471448
 0.284117647059	 0.658627450980	 0.000205690153
 0.286078431373	 0.658627450980	 0.000233338940
 0.288039215686	 0.658627450980	 0.000265637723
 0.290000000000	 0.658627450980	 0.000303528533
 0.291960784314	 0.658627450980	 0.000348171392
 0.293921568627	 0.658627450980	 0.000400998096
 0.295882352941	 0.658627450980	 0.000463778328
 0.297843137255	 0.658627450980	 0.000538699400
 0.299803921569	 0.658627450980	 0.000628459467
 0.301764705882	 0.658627450980	 0.000736370705
 0.303725490196	 0.658627450980	 0.000866462222
 0.305686274510	 0.658627450980	 0.001023559890
 0.307647058824	 0.658627450980	 0.001213298121
 0.309607843137	 0.658627450980	 0.001441982371
 0.311568627451	 0.658627450980	 0.001716167166
 0.313529411765	 0.658627450980	 0.002041746565
 0.315490196078	 0.658627450980	 0.002422297178
 0.317450980392	 0.658627450980	 0.002856439462
 0.319411764706	 0.658627450980	 0.003334231973
 0.321372549020	 0.658627450980	 0.003833267722
 0.323333333333	 0.658627450980	 0.004316238998
 0.325294117647	 0.658627450980	 0.004732767448
 0.327254901961	 0.658627450980	 0.005027929045
 0.329215686275	 0.658627450980	 0.005156795126
 0.331176470588	 0.658627450980	 0.005099370322
 0.333137254902	 0.658627450980	 0.004867799881
 0.335098039216	 0.658627450980	 0.004501436151
 0.337058823529	 0.658627450980	 0.004052976833
 0.339019607843	 0.658627450980	 0.003573555776
 0.340980392157	 0.658627450980	 0.003103044128
 0.342941176471	 0.658627450980	 0.002667023962
 0.344901960784	 0.658627450980	 0.002278421398
 0.346862745098	 0.658627450980	 0.001941040333
 0.348823529412	 0.658627450980	 0.001653094741
 0.350784313725	 0.658627450980	 0.001409922345
 0.352745098039	 0.658627450980	 0.001205765086
 0.354705882353	 0.658627450980	 0.001034799601
 0.356666666667	 0.658627450980	 0.000891658208
 0.358627450980	 0.658627450980	 0.000771640307
 0.360588235294	 0.658627450980	 0.000670752739
 0.362549019608	 0.658627450980	 0.000585665336
 0.364509803922	 0.658627450980	 0.000513631341
 0.366470588235	 0.658627450980	 0.000452399203
 0.368431372549	 0.658627450980	 0.000400128748
 0.370392156863	 0.658627450980	 0.000355317098
 0.372352941176	 0.658627450980	 0.000316735841
 0.374313725490	 0.658627450980	 0.000283379005
 0.376274509804	 0.658627450980	 0.000254420603
 0.378235294118	 0.658627450980	 0.000229180298
 0.380196078431	 0.658627450980	 0.000207095773
 0.382156862745	 0.658627450980	 0.000187700542
 0.284117647059	 0.660588235294	 0.000191896702
 0.286078431373	 0.660588235294	 0.000217618969
 0.288039215686	 0.660588235294	 0.000247670727
 0.290000000000	 0.660588235294	 0.000282936548
 0.291960784314	 0.660588235294	 0.000324510172
 0.293921568627	 0.660588235294	 0.000373748622
 0.295882352941	 0.660588235294	 0.000432340277
 0.297843137255	 0.660588235294	 0.000502389616
 0.299803921569	 0.660588235294	 0.000586520819
 0.301764705882	 0.660588235294	 0.000688000629
 0.303725490196	 0.660588235294	 0.000810876501
 0.305686274510	 0.660588235294	 0.000960116814
 0.307647058824	 0.660588235294	 0.001141721966
 0.309607843137	 0.660588235294	 0.001362742773
 0.311568627451	 0.660588235294	 0.001631088105
 0.313529411765	 0.660588235294	 0.001954921530
 0.315490196078	 0.660588235294	 0.002341343421
 0.317450980392	 0.660588235294	 0.002793975536
 0.319411764706	 0.660588235294	 0.003309136782
 0.321372549020	 0.660588235294	 0.003870767186
 0.323333333333	 0.660588235294	 0.004445403990
 0.325294117647	 0.660588235294	 0.004980255449
 0.327254901961	 0.660588235294	 0.005408576702
 0.329215686275	 0.660588235294	 0.005664735106
 0.331176470588	 0.660588235294	 0.005705231399
 0.333137254902	 0.660588235294	 0.005525163920
 0.335098039216	 0.660588235294	 0.005159800470
 0.337058823529	 0.660588235294	 0.004670338900
 0.339019607843	 0.660588235294	 0.004123163965
 0.340980392157	 0.660588235294	 0.003573555776
 0.342941176471	 0.660588235294	 0.003058694326
 0.344901960784	 0.660588235294	 0.002598362300
 0.346862745098	 0.660588235294	 0.002199342869
 0.348823529412	 0.660588235294	 0.001860323393
 0.350784313725	 0.660588235294	 0.001575788692
 0.352745098039	 0.660588235294	 0.001338591785
 0.354705882353	 0.660588235294	 0.001141431337
 0.356666666667	 0.660588235294	 0.000977586784
 0.358627450980	 0.660588235294	 0.000841208527
 0.360588235294	 0.660588235294	 0.000727367744
 0.362549019608	 0.660588235294	 0.000631990869
 0.364509803922	 0.660588235294	 0.000551748887
 0.366470588235	 0.660588235294	 0.000483937754
 0.368431372549	 0.660588235294	 0.000426366882
 0.370392156863	 0.660588235294	 0.000377262214
 0.372352941176	 0.660588235294	 0.000335185202
 0.374313725490	 0.660588235294	 0.000298966615
 0.376274509804	 0.660588235294	 0.000267653178
 0.378235294118	 0.660588235294	 0.000240464903
 0.380196078431	 0.660588235294	 0.000216761100
 0.382156862745	 0.660588235294	 0.000196013352
 0.284117647059	 0.662549019608	 0.000178281262
 0.286078431373	 0.662549019608	 0.000202037207
 0.288039215686	 0.662549019608	 0.000229775554
 0.290000000000	 0.662549019608	 0.000262310993
 0.291960784314	 0.662549019608	 0.000300652862
 0.293921568627	 0.662549019608	 0.000346056889
 0.295882352941	 0.662549019608	 0.000400091217
 0.297843137255	 0.662549019608	 0.000464720154
 0.299803921569	 0.662549019608	 0.000542409325
 0.301764705882	 0.662549019608	 0.000636255269
 0.303725490196	 0.662549019608	 0.000750140203
 0.305686274510	 0.662549019608	 0.000888906737
 0.307647058824	 0.662549019608	 0.001058534439
 0.309607843137	 0.662549019608	 0.001266274712
 0.311568627451	 0.662549019608	 0.001520653674
 0.313529411765	 0.662549019608	 0.001831173668
 0.315490196078	 0.662549019608	 0.002207425162
 0.317450980392	 0.662549019608	 0.002657177285
 0.319411764706	 0.662549019608	 0.003182929439
 0.321372549020	 0.662549019608	 0.003776598868
 0.323333333333	 0.662549019608	 0.004412882893
 0.325294117647	 0.662549019608	 0.005043713428
 0.327254901961	 0.662549019608	 0.005598614967
 0.329215686275	 0.662549019608	 0.005996287703
 0.331176470588	 0.662549019608	 0.006167892245
 0.333137254902	 0.662549019608	 0.006082719848
 0.335098039216	 0.662549019608	 0.005760784192
 0.337058823529	 0.662549019608	 0.005263675128
 0.339019607843	 0.662549019608	 0.004670338900
 0.340980392157	 0.662549019608	 0.004052976833
 0.342941176471	 0.662549019608	 0.003463568112
 0.344901960784	 0.662549019608	 0.002931793320
 0.346862745098	 0.662549019608	 0.002469569222
 0.348823529412	 0.662549019608	 0.002077320955
 0.350784313725	 0.662549019608	 0.001749310277
 0.352745098039	 0.662549019608	 0.001477255269
 0.354705882353	 0.662549019608	 0.001252437168
 0.356666666667	 0.662549019608	 0.001066757303
 0.358627450980	 0.662549019608	 0.000913162271
 0.360588235294	 0.662549019608	 0.000785729342
 0.362549019608	 0.662549019608	 0.000679590210
 0.364509803922	 0.662549019608	 0.000590792022
 0.366470588235	 0.662549019608	 0.000516146044
 0.368431372549	 0.662549019608	 0.000453086980
 0.370392156863	 0.662549019608	 0.000399551539
 0.372352941176	 0.662549019608	 0.000353877739
 0.374313725490	 0.662549019608	 0.000314723334
 0.376274509804	 0.662549019608	 0.000281000617
 0.378235294118	 0.662549019608	 0.000251824718
 0.380196078431	 0.662549019608	 0.000226472741
 0.382156862745	 0.662549019608	 0.000204351525
 0.284117647059	 0.664509803922	 0.000165029536
 0.286078431373	 0.664509803922	 0.000186830905
 0.288039215686	 0.664509803922	 0.000212257011
 0.290000000000	 0.664509803922	 0.000242045776
 0.291960784314	 0.664509803922	 0.000277111627
 0.293921568627	 0.664509803922	 0.000318592989
 0.295882352941	 0.664509803922	 0.000367913349
 0.297843137255	 0.664509803922	 0.000426859566
 0.299803921569	 0.664509803922	 0.000497681687
 0.301764705882	 0.664509803922	 0.000583218713
 0.303725490196	 0.664509803922	 0.000687053856
 0.305686274510	 0.664509803922	 0.000813699504
 0.307647058824	 0.664509803922	 0.000968803745
 0.309607843137	 0.664509803922	 0.001159352184
 0.311568627451	 0.664509803922	 0.001393802907
 0.313529411765	 0.664509803922	 0.001682026734
 0.315490196078	 0.664509803922	 0.002034815099
 0.317450980392	 0.664509803922	 0.002462558303
 0.319411764706	 0.664509803922	 0.002972523452
 0.321372549020	 0.664509803922	 0.003564122652
 0.323333333333	 0.664509803922	 0.004222015246
 0.325294117647	 0.664509803922	 0.004908377178
 0.327254901961	 0.664509803922	 0.005558403575
 0.329215686275	 0.664509803922	 0.006085631735
 0.331176470588	 0.664509803922	 0.006401969676
 0.333137254902	 0.664509803922	 0.006448060933
 0.335098039216	 0.664509803922	 0.006217877319
 0.337058823529	 0.664509803922	 0.005760784192
 0.339019607843	 0.664509803922	 0.005159800470
 0.340980392157	 0.664509803922	 0.004501436151
 0.342941176471	 0.664509803922	 0.003853928931
 0.344901960784	 0.664509803922	 0.003259805680
 0.346862745098	 0.664509803922	 0.002738891040
 0.348823529412	 0.664509803922	 0.002295355594
 0.350784313725	 0.664509803922	 0.001924491572
 0.352745098039	 0.664509803922	 0.001617590409
 0.354705882353	 0.664509803922	 0.001364885590
 0.356666666667	 0.664509803922	 0.001157078754
 0.358627450980	 0.664509803922	 0.000985990368
 0.360588235294	 0.664509803922	 0.000844731619
 0.362549019608	 0.664509803922	 0.000727644382
 0.364509803922	 0.664509803922	 0.000630147491
 0.366470588235	 0.664509803922	 0.000548560079
 0.368431372549	 0.664509803922	 0.000479934575
 0.370392156863	 0.664509803922	 0.000421911833
 0.372352941176	 0.664509803922	 0.000372601050
 0.374313725490	 0.664509803922	 0.000330482753
 0.376274509804	 0.664509803922	 0.000294331587
 0.378235294118	 0.664509803922	 0.000263155379
 0.380196078431	 0.664509803922	 0.000236147230
 0.382156862745	 0.664509803922	 0.000212647904
 0.284117647059	 0.666470588235	 0.000152285102
 0.286078431373	 0.666470588235	 0.000172184606
 0.288039215686	 0.666470588235	 0.000195353684
 0.290000000000	 0.666470588235	 0.000222451286
 0.291960784314	 0.666470588235	 0.000254292970
 0.293921568627	 0.666470588235	 0.000291893053
 0.295882352941	 0.666470588235	 0.000336518970
 0.297843137255	 0.666470588235	 0.000389761350
 0.299803921569	 0.666470588235	 0.000453624008
 0.301764705882	 0.666470588235	 0.000530638656
 0.303725490196	 0.666470588235	 0.000624009074
 0.305686274510	 0.666470588235	 0.000737787865
 0.307647058824	 0.666470588235	 0.000877083892
 0.309607843137	 0.666470588235	 0.001048286360
 0.311568627451	 0.666470588235	 0.001259266028
 0.313529411765	 0.666470588235	 0.001519464416
 0.315490196078	 0.666470588235	 0.001839693207
 0.317450980392	 0.666470588235	 0.002231323401
 0.319411764706	 0.666470588235	 0.002704352307
 0.321372549020	 0.666470588235	 0.003263674139
 0.323333333333	 0.666470588235	 0.003902997428
 0.325294117647	 0.666470588235	 0.004596760976
 0.327254901961	 0.666470588235	 0.005292673464
 0.329215686275	 0.666470588235	 0.005910774863
 0.331176470588	 0.666470588235	 0.006356233862
 0.333137254902	 0.666470588235	 0.006547447372
 0.335098039216	 0.666470588235	 0.006448060933
 0.337058823529	 0.666470588235	 0.006082719848
 0.339019607843	 0.666470588235	 0.005525163920
 0.340980392157	 0.666470588235	 0.004867799881
 0.342941176471	 0.666470588235	 0.004192647384
 0.344901960784	 0.666470588235	 0.003556399215
 0.346862745098	 0.666470588235	 0.002989446450
 0.348823529412	 0.666470588235	 0.002502240752
 0.350784313725	 0.666470588235	 0.002093006778
 0.352745098039	 0.666470588235	 0.001753871205
 0.354705882353	 0.666470588235	 0.001474799921
 0.356666666667	 0.666470588235	 0.001245757520
 0.358627450980	 0.666470588235	 0.001057706224
 0.360588235294	 0.666470588235	 0.000902944357
 0.362549019608	 0.666470588235	 0.000775111201
 0.364509803922	 0.666470588235	 0.000669046974
 0.366470588235	 0.666470588235	 0.000580607129
 0.368431372549	 0.666470588235	 0.000506478239
 0.370392156863	 0.666470588235	 0.000444014892
 0.372352941176	 0.666470588235	 0.000391103139
 0.374313725490	 0.666470588235	 0.000346049703
 0.376274509804	 0.666470588235	 0.000307493700
 0.378235294118	 0.666470588235	 0.000274336997
 0.380196078431	 0.666470588235	 0.000245689571
 0.382156862745	 0.666470588235	 0.000220826714
 0.284117647059	 0.668431372549	 0.000140152280
 0.286078431373	 0.668431372549	 0.000158233223
 0.288039215686	 0.668431372549	 0.000179241023
 0.290000000000	 0.668431372549	 0.000203757105
 0.291960784314	 0.668431372549	 0.000232499336
 0.293921568627	 0.668431372549	 0.000266358416
 0.295882352941	 0.668431372549	 0.000306444801
 0.297843137255	 0.668431372549	 0.000354149222
 0.299803921569	 0.668431372549	 0.000411220592
 0.301764705882	 0.668431372549	 0.000479865744
 0.303725490196	 0.668431372549	 0.000562875815
 0.305686274510	 0.668431372549	 0.000663783397
 0.307647058824	 0.668431372549	 0.000787051660
 0.309607843137	 0.668431372549	 0.000938288812
 0.311568627451	 0.668431372549	 0.001124463817
 0.313529411765	 0.668431372549	 0.001354064066
 0.315490196078	 0.668431372549	 0.001637069896
 0.317450980392	 0.668431372549	 0.001984508706
 0.319411764706	 0.668431372549	 0.002407184149
 0.321372549020	 0.668431372549	 0.002912985022
 0.323333333333	 0.668431372549	 0.003502111044
 0.325294117647	 0.668431372549	 0.004159979666
 0.327254901961	 0.668431372549	 0.004849093331
 0.329215686275	 0.668431372549	 0.005504036631
 0.331176470588	 0.668431372549	 0.006036575001
 0.333137254902	 0.668431372549	 0.006356233862
 0.335098039216	 0.668431372549	 0.006401969676
 0.337058823529	 0.668431372549	 0.006167892245
 0.339019607843	 0.668431372549	 0.005705231399
 0.340980392157	 0.668431372549	 0.005099370322
 0.342941176471	 0.668431372549	 0.004438448242
 0.344901960784	 0.668431372549	 0.003791171140
 0.346862745098	 0.668431372549	 0.003199662759
 0.348823529412	 0.668431372549	 0.002682975306
 0.350784313725	 0.668431372549	 0.002244510123
 0.352745098039	 0.668431372549	 0.001878963929
 0.354705882353	 0.668431372549	 0.001577236481
 0.356666666667	 0.668431372549	 0.001329339261
 0.358627450980	 0.668431372549	 0.001125871651
 0.360588235294	 0.668431372549	 0.000958627487
 0.362549019608	 0.668431372549	 0.000820734603
 0.364509803922	 0.668431372549	 0.000706573441
 0.366470588235	 0.668431372549	 0.000611610238
 0.368431372549	 0.668431372549	 0.000532212896
 0.370392156863	 0.668431372549	 0.000465480034
 0.372352941176	 0.668431372549	 0.000409094309
 0.374313725490	 0.668431372549	 0.000361201721
 0.376274509804	 0.668431372549	 0.000320314655
 0.378235294118	 0.668431372549	 0.000285235045
 0.380196078431	 0.668431372549	 0.000254993935
 0.382156862745	 0.668431372549	 0.000228804108
 0.284117647059	 0.670392156863	 0.000128700580
 0.286078431373	 0.670392156863	 0.000145067398
 0.288039215686	 0.670392156863	 0.000164037791
 0.290000000000	 0.670392156863	 0.000186119692
 0.291960784314	 0.670392156863	 0.000211938125
 0.293921568627	 0.670392156863	 0.000242265918
 0.295882352941	 0.670392156863	 0.000278063193
 0.297843137255	 0.670392156863	 0.000320528173
 0.299803921569	 0.670392156863	 0.000371162456
 0.301764705882	 0.670392156863	 0.000431854552
 0.303725490196	 0.670392156863	 0.000504985869
 0.305686274510	 0.670392156863	 0.000593563134
 0.307647058824	 0.670392156863	 0.000701379482
 0.309607843137	 0.670392156863	 0.000833201312
 0.311568627451	 0.670392156863	 0.000994966315
 0.313529411765	 0.670392156863	 0.001193953667
 0.315490196078	 0.670392156863	 0.001438841121
 0.317450980392	 0.670392156863	 0.001739482145
 0.319411764706	 0.670392156863	 0.002106108022
 0.321372549020	 0.670392156863	 0.002547493051
 0.323333333333	 0.670392156863	 0.003067492441
 0.325294117647	 0.670392156863	 0.003659502682
 0.327254901961	 0.670392156863	 0.004299252777
 0.329215686275	 0.670392156863	 0.004938377415
 0.331176470588	 0.670392156863	 0.005504036631
 0.333137254902	 0.670392156863	 0.005910774863
 0.335098039216	 0.670392156863	 0.006085631735
 0.337058823529	 0.670392156863	 0.005996287703
 0.339019607843	 0.670392156863	 0.005664735106
 0.340980392157	 0.670392156863	 0.005156795126
 0.342941176471	 0.670392156863	 0.004555413117
 0.344901960784	 0.670392156863	 0.003934912244
 0.346862745098	 0.670392156863	 0.003347399490
 0.348823529412	 0.670392156863	 0.002821468156
 0.350784313725	 0.670392156863	 0.002367577037
 0.352745098039	 0.670392156863	 0.001984844613
 0.354705882353	 0.670392156863	 0.001666573837
 0.356666666667	 0.670392156863	 0.001403874240
 0.358627450980	 0.670392156863	 0.001187693825
 0.360588235294	 0.670392156863	 0.001009789535
 0.362549019608	 0.670392156863	 0.000863080869
 0.364509803922	 0.670392156863	 0.000741684211
 0.366470588235	 0.670392156863	 0.000640803282
 0.368431372549	 0.670392156863	 0.000556569878
 0.370392156863	 0.670392156863	 0.000485880969
 0.372352941176	 0.670392156863	 0.000426251950
 0.374313725490	 0.670392156863	 0.000375692431
 0.376274509804	 0.670392156863	 0.000332604669
 0.378235294118	 0.670392156863	 0.000295702135
 0.380196078431	 0.670392156863	 0.000263944973
 0.382156862745	 0.670392156863	 0.000236489155
 0.284117647059	 0.672352941176	 0.000117969920
 0.286078431373	 0.672352941176	 0.000132740067
 0.288039215686	 0.672352941176	 0.000149814335
 0.290000000000	 0.672352941176	 0.000169632853
 0.291960784314	 0.672352941176	 0.000192734988
 0.293921568627	 0.672352941176	 0.000219784804
 0.295882352941	 0.672352941176	 0.000251603615
 0.297843137255	 0.672352941176	 0.000289211663
 0.299803921569	 0.672352941176	 0.000333881419
 0.301764705882	 0.672352941176	 0.000387205493
 0.303725490196	 0.672352941176	 0.000451182514
 0.305686274510	 0.672352941176	 0.000528324233
 0.307647058824	 0.672352941176	 0.000621786004
 0.309607843137	 0.672352941176	 0.000735519304
 0.311568627451	 0.672352941176	 0.000874436997
 0.313529411765	 0.672352941176	 0.001044565368
 0.315490196078	 0.672352941176	 0.001253125198
 0.317450980392	 0.672352941176	 0.001508427703
 0.319411764706	 0.672352941176	 0.001819380197
 0.321372549020	 0.672352941176	 0.002194270532
 0.323333333333	 0.672352941176	 0.002638376299
 0.325294117647	 0.672352941176	 0.003149955373
 0.327254901961	 0.672352941176	 0.003714607826
 0.329215686275	 0.672352941176	 0.004299252777
 0.331176470588	 0.672352941176	 0.004849093331
 0.333137254902	 0.672352941176	 0.005292673464
 0.335098039216	 0.672352941176	 0.005558403575
 0.337058823529	 0.672352941176	 0.005598614967
 0.339019607843	 0.672352941176	 0.005408576702
 0.340980392157	 0.672352941176	 0.005027929045
 0.342941176471	 0.672352941176	 0.004523758136
 0.344901960784	 0.672352941176	 0.003966930219
 0.346862745098	 0.672352941176	 0.003414527309
 0.348823529412	 0.672352941176	 0.002903264771
 0.350784313725	 0.672352941176	 0.002451287715
 0.352745098039	 0.672352941176	 0.002063511157
 0.354705882353	 0.672352941176	 0.001737039775
 0.356666666667	 0.672352941176	 0.001465225030
 0.358627450980	 0.672352941176	 0.001240207761
 0.360588235294	 0.672352941176	 0.001054297832
 0.362549019608	 0.672352941176	 0.000900606508
 0.364509803922	 0.672352941176	 0.000773253625
 0.366470588235	 0.672352941176	 0.000667358338
 0.368431372549	 0.672352941176	 0.000578934831
 0.370392156863	 0.672352941176	 0.000504757723
 0.372352941176	 0.672352941176	 0.000442228616
 0.374313725490	 0.672352941176	 0.000389257120
 0.376274509804	 0.672352941176	 0.000344160378
 0.378235294118	 0.672352941176	 0.000305580785
 0.380196078431	 0.672352941176	 0.000272419805
 0.382156862745	 0.672352941176	 0.000243785279
 0.284117647059	 0.674313725490	 0.000107976032
 0.286078431373	 0.674313725490	 0.000121273351
 0.288039215686	 0.674313725490	 0.000136601455
 0.290000000000	 0.674313725490	 0.000154339221
 0.291960784314	 0.674313725490	 0.000174948808
 0.293921568627	 0.674313725490	 0.000198996422
 0.295882352941	 0.674313725490	 0.000227178718
 0.297843137255	 0.674313725490	 0.000260356372
 0.299803921569	 0.674313725490	 0.000299596701
 0.301764705882	 0.674313725490	 0.000346227604
 0.303725490196	 0.674313725490	 0.000401905290
 0.305686274510	 0.674313725490	 0.000468698227
 0.307647058824	 0.674313725490	 0.000549188891
 0.309607843137	 0.674313725490	 0.000646592452
 0.311568627451	 0.674313725490	 0.000764885988
 0.313529411765	 0.674313725490	 0.000908930403
 0.315490196078	 0.674313725490	 0.001084545674
 0.317450980392	 0.674313725490	 0.001298462111
 0.319411764706	 0.674313725490	 0.001558008797
 0.321372549020	 0.674313725490	 0.001870313317
 0.323333333333	 0.674313725490	 0.002240692195
 0.325294117647	 0.674313725490	 0.002669880913
 0.327254901961	 0.674313725490	 0.003149955373
 0.329215686275	 0.674313725490	 0.003659502682
 0.331176470588	 0.674313725490	 0.004159979666
 0.333137254902	 0.674313725490	 0.004596760976
 0.335098039216	 0.674313725490	 0.004908377178
 0.337058823529	 0.674313725490	 0.005043713428
 0.339019607843	 0.674313725490	 0.004980255449
 0.340980392157	 0.674313725490	 0.004732767448
 0.342941176471	 0.674313725490	 0.004346747025
 0.344901960784	 0.674313725490	 0.003881270515
 0.346862745098	 0.674313725490	 0.003391555572
 0.348823529412	 0.674313725490	 0.002918648584
 0.350784313725	 0.674313725490	 0.002487185854
 0.352745098039	 0.674313725490	 0.002108181576
 0.354705882353	 0.674313725490	 0.001783434077
 0.356666666667	 0.674313725490	 0.001509501479
 0.358627450980	 0.674313725490	 0.001280539489
 0.360588235294	 0.674313725490	 0.001090039406
 0.362549019608	 0.674313725490	 0.000931757956
 0.364509803922	 0.674313725490	 0.000800135765
 0.366470588235	 0.674313725490	 0.000690425775
 0.368431372549	 0.674313725490	 0.000598673760
 0.370392156863	 0.674313725490	 0.000521633838
 0.372352941176	 0.674313725490	 0.000456663568
 0.374313725490	 0.674313725490	 0.000401620589
 0.376274509804	 0.674313725490	 0.000354770260
 0.378235294118	 0.674313725490	 0.000314707217
 0.380196078431	 0.674313725490	 0.000280290712
 0.382156862745	 0.674313725490	 0.000250592194
 0.284117647059	 0.676274509804	 0.000098715623
 0.286078431373	 0.676274509804	 0.000110665196
 0.288039215686	 0.676274509804	 0.000124398992
 0.290000000000	 0.676274509804	 0.000140241495
 0.291960784314	 0.676274509804	 0.000158586512
 0.293921568627	 0.676274509804	 0.000179913926
 0.295882352941	 0.676274509804	 0.000204810823
 0.297843137255	 0.676274509804	 0.000233998131
 0.299803921569	 0.676274509804	 0.000268364160
 0.301764705882	 0.676274509804	 0.000309006658
 0.303725490196	 0.676274509804	 0.000357285124
 0.305686274510	 0.676274509804	 0.000414885021
 0.307647058824	 0.676274509804	 0.000483894859
 0.309607843137	 0.676274509804	 0.000566895305
 0.311568627451	 0.676274509804	 0.000667055552
 0.313529411765	 0.676274509804	 0.000788224268
 0.315490196078	 0.676274509804	 0.000934987966
 0.317450980392	 0.676274509804	 0.001112644437
 0.319411764706	 0.676274509804	 0.001326998606
 0.321372549020	 0.676274509804	 0.001583830881
 0.323333333333	 0.676274509804	 0.001887822996
 0.325294117647	 0.676274509804	 0.002240692195
 0.327254901961	 0.676274509804	 0.002638376299
 0.329215686275	 0.676274509804	 0.003067492441
 0.331176470588	 0.676274509804	 0.003502111044
 0.333137254902	 0.676274509804	 0.003902997428
 0.335098039216	 0.676274509804	 0.004222015246
 0.337058823529	 0.676274509804	 0.004412882893
 0.339019607843	 0.676274509804	 0.004445403990
 0.340980392157	 0.676274509804	 0.004316238998
 0.342941176471	 0.676274509804	 0.004049789319
 0.344901960784	 0.676274509804	 0.003688775299
 0.346862745098	 0.676274509804	 0.003280394538
 0.348823529412	 0.676274509804	 0.002865059344
 0.350784313725	 0.676274509804	 0.002471070141
 0.352745098039	 0.676274509804	 0.002114512245
 0.354705882353	 0.676274509804	 0.001801919559
 0.356666666667	 0.676274509804	 0.001533562401
 0.358627450980	 0.676274509804	 0.001306221222
 0.360588235294	 0.676274509804	 0.001115118865
 0.362549019608	 0.676274509804	 0.000955096465
 0.364509803922	 0.676274509804	 0.000821243982
 0.366470588235	 0.676274509804	 0.000709185469
 0.368431372549	 0.676274509804	 0.000615166420
 0.370392156863	 0.676274509804	 0.000536038431
 0.372352941176	 0.676274509804	 0.000469197533
 0.374313725490	 0.676274509804	 0.000412507171
 0.376274509804	 0.676274509804	 0.000364221516
 0.378235294118	 0.676274509804	 0.000322916143
 0.380196078431	 0.676274509804	 0.000287428506
 0.382156862745	 0.676274509804	 0.000256808306
 0.284117647059	 0.678235294118	 0.000090171031
 0.286078431373	 0.678235294118	 0.000100895360
 0.288039215686	 0.678235294118	 0.000113183620
 0.290000000000	 0.678235294118	 0.000127312626
 0.291960784314	 0.678235294118	 0.000143616543
 0.293921568627	 0.678235294118	 0.000162500272
 0.295882352941	 0.678235294118	 0.000184456178
 0.297843137255	 0.678235294118	 0.000210084988
 0.299803921569	 0.678235294118	 0.000240121851
 0.301764705882	 0.678235294118	 0.000275468664
 0.303725490196	 0.678235294118	 0.000317233826
 0.305686274510	 0.678235294118	 0.000366780450
 0.307647058824	 0.678235294118	 0.000425783477
 0.309607843137	 0.678235294118	 0.000496294795
 0.311568627451	 0.678235294118	 0.000580812582
 0.313529411765	 0.678235294118	 0.000682345666
 0.315490196078	 0.678235294118	 0.000804453888
 0.317450980392	 0.678235294118	 0.000951228902
 0.319411764706	 0.678235294118	 0.001127153959
 0.321372549020	 0.678235294118	 0.001336744676
 0.323333333333	 0.678235294118	 0.001583830881
 0.325294117647	 0.678235294118	 0.001870313317
 0.327254901961	 0.678235294118	 0.002194270532
 0.329215686275	 0.678235294118	 0.002547493051
 0.331176470588	 0.678235294118	 0.002912985022
 0.333137254902	 0.678235294118	 0.003263674139
 0.335098039216	 0.678235294118	 0.003564122652
 0.337058823529	 0.678235294118	 0.003776598868
 0.339019607843	 0.678235294118	 0.003870767186
 0.340980392157	 0.678235294118	 0.003833267722
 0.342941176471	 0.678235294118	 0.003672183711
 0.344901960784	 0.678235294118	 0.003413835833
 0.346862745098	 0.678235294118	 0.003093925337
 0.348823529412	 0.678235294118	 0.002747831861
 0.350784313725	 0.678235294118	 0.002403993505
 0.352745098039	 0.678235294118	 0.002081480116
 0.354705882353	 0.678235294118	 0.001790689111
 0.356666666667	 0.678235294118	 0.001535483017
 0.358627450980	 0.678235294118	 0.001315506077
 0.360588235294	 0.678235294118	 0.001128066053
 0.362549019608	 0.678235294118	 0.000969433980
 0.364509803922	 0.678235294118	 0.000835639724
 0.366470588235	 0.678235294118	 0.000722905097
 0.368431372549	 0.678235294118	 0.000627844845
 0.370392156863	 0.678235294118	 0.000547531880
 0.372352941176	 0.678235294118	 0.000479490010
 0.374313725490	 0.678235294118	 0.000421652504
 0.376274509804	 0.678235294118	 0.000372308174
 0.378235294118	 0.678235294118	 0.000330046398
 0.380196078431	 0.678235294118	 0.000293706491
 0.382156862745	 0.678235294118	 0.000262333520
 0.284117647059	 0.680196078431	 0.000082314243
 0.286078431373	 0.680196078431	 0.000091930582
 0.288039215686	 0.680196078431	 0.000102915531
 0.290000000000	 0.680196078431	 0.000115504571
 0.291960784314	 0.680196078431	 0.000129980408
 0.293921568627	 0.680196078431	 0.000146683593
 0.295882352941	 0.680196078431	 0.000166025650
 0.297843137255	 0.680196078431	 0.000188505340
 0.299803921569	 0.680196078431	 0.000214728701
 0.301764705882	 0.680196078431	 0.000245433630
 0.303725490196	 0.680196078431	 0.000281519722
 0.305686274510	 0.680196078431	 0.000324083956
 0.307647058824	 0.680196078431	 0.000374462305
 0.309607843137	 0.680196078431	 0.000434276333
 0.311568627451	 0.680196078431	 0.000505481740
 0.313529411765	 0.680196078431	 0.000590412020
 0.315490196078	 0.680196078431	 0.000691803816
 0.317450980392	 0.680196078431	 0.000812779720
 0.319411764706	 0.680196078431	 0.000956747749
 0.321372549020	 0.680196078431	 0.001127153959
 0.323333333333	 0.680196078431	 0.001326998606
 0.325294117647	 0.680196078431	 0.001558008797
 0.327254901961	 0.680196078431	 0.001819380197
 0.329215686275	 0.680196078431	 0.002106108022
 0.331176470588	 0.680196078431	 0.002407184149
 0.333137254902	 0.680196078431	 0.002704352307
 0.335098039216	 0.680196078431	 0.002972523452
 0.337058823529	 0.680196078431	 0.003182929439
 0.339019607843	 0.680196078431	 0.003309136782
 0.340980392157	 0.680196078431	 0.003334231973
 0.342941176471	 0.680196078431	 0.003256018435
 0.344901960784	 0.680196078431	 0.003087516151
 0.346862745098	 0.680196078431	 0.002852558811
 0.348823529412	 0.680196078431	 0.002578913709
 0.350784313725	 0.680196078431	 0.002292075439
 0.352745098039	 0.680196078431	 0.002011629537
 0.354705882353	 0.680196078431	 0.001750315469
 0.356666666667	 0.680196078431	 0.001514873088
 0.358627450980	 0.680196078431	 0.001307616752
 0.360588235294	 0.680196078431	 0.001128016860
 0.362549019608	 0.680196078431	 0.000973959707
 0.364509803922	 0.680196078431	 0.000842619418
 0.366470588235	 0.680196078431	 0.000730999247
 0.368431372549	 0.680196078431	 0.000636233471
 0.370392156863	 0.680196078431	 0.000555733123
 0.372352941176	 0.680196078431	 0.000487237928
 0.374313725490	 0.680196078431	 0.000428816373
 0.376274509804	 0.680196078431	 0.000378839993
 0.378235294118	 0.680196078431	 0.000335947174
 0.380196078431	 0.680196078431	 0.000299004858
 0.382156862745	 0.680196078431	 0.000267072375
 0.284117647059	 0.682156862745	 0.000075110236
 0.286078431373	 0.682156862745	 0.000083728860
 0.288039215686	 0.682156862745	 0.000093543963
 0.290000000000	 0.682156862745	 0.000104755479
 0.291960784314	 0.682156862745	 0.000117602108
 0.293921568627	 0.682156862745	 0.000132369682
 0.295882352941	 0.682156862745	 0.000149401417
 0.297843137255	 0.682156862745	 0.000169110473
 0.299803921569	 0.682156862745	 0.000191995265
 0.301764705882	 0.682156862745	 0.000218657994
 0.303725490196	 0.682156862745	 0.000249826848
 0.305686274510	 0.682156862745	 0.000286382123
 0.307647058824	 0.682156862745	 0.000329386160
 0.309607843137	 0.682156862745	 0.000380116145
 0.311568627451	 0.682156862745	 0.000440097337
 0.313529411765	 0.682156862745	 0.000511131628
 0.315490196078	 0.682156862745	 0.000595311877
 0.317450980392	 0.682156862745	 0.000695005425
 0.319411764706	 0.682156862745	 0.000812779720
 0.321372549020	 0.682156862745	 0.000951228902
 0.323333333333	 0.682156862745	 0.001112644437
 0.325294117647	 0.682156862745	 0.001298462111
 0.327254901961	 0.682156862745	 0.001508427703
 0.329215686275	 0.682156862745	 0.001739482145
 0.331176470588	 0.682156862745	 0.001984508706
 0.333137254902	 0.682156862745	 0.002231323401
 0.335098039216	 0.682156862745	 0.002462558303
 0.337058823529	 0.682156862745	 0.002657177285
 0.339019607843	 0.682156862745	 0.002793975536
 0.340980392157	 0.682156862745	 0.002856439462
 0.342941176471	 0.682156862745	 0.002837234747
 0.344901960784	 0.682156862745	 0.002740274738
 0.346862745098	 0.682156862745	 0.002579354115
 0.348823529412	 0.682156862745	 0.002374102443
 0.350784313725	 0.682156862745	 0.002145190723
 0.352745098039	 0.682156862745	 0.001910589745
 0.354705882353	 0.682156862745	 0.001683671109
 0.356666666667	 0.682156862745	 0.001472957439
 0.358627450980	 0.682156862745	 0.001282868677
 0.360588235294	 0.682156862745	 0.001114829990
 0.362549019608	 0.682156862745	 0.000968335007
 0.364509803922	 0.682156862745	 0.000841786185
 0.366470588235	 0.682156862745	 0.000733081589
 0.368431372549	 0.682156862745	 0.000639986323
 0.370392156863	 0.682156862745	 0.000560345886
 0.372352941176	 0.682156862745	 0.000492194075
 0.374313725490	 0.682156862745	 0.000433795666
 0.376274509804	 0.682156862745	 0.000383651595
 0.378235294118	 0.682156862745	 0.000340484481
 0.380196078431	 0.682156862745	 0.000303215291
 0.382156862745	 0.682156862745	 0.000270937343
 0.284117647059	 0.684117647059	 0.000068519670
 0.286078431373	 0.684117647059	 0.000076242883
 0.288039215686	 0.684117647059	 0.000085011591
 0.290000000000	 0.684117647059	 0.000094995366
 0.291960784314	 0.684117647059	 0.000106395527
 0.293921568627	 0.684117647059	 0.000119451706
 0.295882352941	 0.684117647059	 0.000134449825
 0.297843137255	 0.684117647059	 0.000151731749
 0.299803921569	 0.684117647059	 0.000171706914
 0.301764705882	 0.684117647059	 0.000194866226
 0.303725490196	 0.684117647059	 0.000221798454
 0.305686274510	 0.684117647059	 0.000253209212
 0.307647058824	 0.684117647059	 0.000289942279
 0.309607843137	 0.684117647059	 0.000333002389
 0.311568627451	 0.684117647059	 0.000383577553
 0.313529411765	 0.684117647059	 0.000443057080
 0.315490196078	 0.684117647059	 0.000513038482
 0.317450980392	 0.684117647059	 0.000595311877
 0.319411764706	 0.684117647059	 0.000691803816
 0.321372549020	 0.684117647059	 0.000804453888
 0.323333333333	 0.684117647059	 0.000934987966
 0.325294117647	 0.684117647059	 0.001084545674
 0.327254901961	 0.684117647059	 0.001253125198
 0.329215686275	 0.684117647059	 0.001438841121
 0.331176470588	 0.684117647059	 0.001637069896
 0.333137254902	 0.684117647059	 0.001839693207
 0.335098039216	 0.684117647059	 0.002034815099
 0.337058823529	 0.684117647059	 0.002207425162
 0.339019607843	 0.684117647059	 0.002341343421
 0.340980392157	 0.684117647059	 0.002422297178
 0.342941176471	 0.684117647059	 0.002441280608
 0.344901960784	 0.684117647059	 0.002396892296
 0.346862745098	 0.684117647059	 0.002295606909
 0.348823529412	 0.684117647059	 0.002149884722
 0.350784313725	 0.684117647059	 0.001975022273
 0.352745098039	 0.684117647059	 0.001786026039
 0.354705882353	 0.684117647059	 0.001595439663
 0.356666666667	 0.684117647059	 0.001412393534
 0.358627450980	 0.684117647059	 0.001242635313
 0.360588235294	 0.684117647059	 0.001089113161
 0.362549019608	 0.684117647059	 0.000952737864
 0.364509803922	 0.684117647059	 0.000833094086
 0.366470588235	 0.684117647059	 0.000729002319
 0.368431372549	 0.684117647059	 0.000638916409
 0.370392156863	 0.684117647059	 0.000561180867
 0.372352941176	 0.684117647059	 0.000494183475
 0.374313725490	 0.684117647059	 0.000436436313
 0.376274509804	 0.684117647059	 0.000386611123
 0.378235294118	 0.684117647059	 0.000343547418
 0.380196078431	 0.684117647059	 0.000306245509
 0.382156862745	 0.684117647059	 0.000273852126
 0.284117647059	 0.686078431373	 0.000062500996
 0.286078431373	 0.686078431373	 0.000069422681
 0.288039215686	 0.686078431373	 0.000077257912
 0.290000000000	 0.686078431373	 0.000086150446
 0.291960784314	 0.686078431373	 0.000096270010
 0.293921568627	 0.686078431373	 0.000107817441
 0.295882352941	 0.686078431373	 0.000121030867
 0.297843137255	 0.686078431373	 0.000136193106
 0.299803921569	 0.686078431373	 0.000153640467
 0.301764705882	 0.686078431373	 0.000173773125
 0.303725490196	 0.686078431373	 0.000197067181
 0.305686274510	 0.686078431373	 0.000224088363
 0.307647058824	 0.686078431373	 0.000255507102
 0.309607843137	 0.686078431373	 0.000292114200
 0.311568627451	 0.686078431373	 0.000334835564
 0.313529411765	 0.686078431373	 0.000384743121
 0.315490196078	 0.686078431373	 0.000443057080
 0.317450980392	 0.686078431373	 0.000511131628
 0.319411764706	 0.686078431373	 0.000590412020
 0.321372549020	 0.686078431373	 0.000682345666
 0.323333333333	 0.686078431373	 0.000788224268
 0.325294117647	 0.686078431373	 0.000908930403
 0.327254901961	 0.686078431373	 0.001044565368
 0.329215686275	 0.686078431373	 0.001193953667
 0.331176470588	 0.686078431373	 0.001354064066
 0.333137254902	 0.686078431373	 0.001519464416
 0.335098039216	 0.686078431373	 0.001682026734
 0.337058823529	 0.686078431373	 0.001831173668
 0.339019607843	 0.686078431373	 0.001954921530
 0.340980392157	 0.686078431373	 0.002041746565
 0.342941176471	 0.686078431373	 0.002082900748
 0.344901960784	 0.686078431373	 0.002074431244
 0.346862745098	 0.686078431373	 0.002018109401
 0.348823529412	 0.686078431373	 0.001920883803
 0.350784313725	 0.686078431373	 0.001793120370
 0.352745098039	 0.686078431373	 0.001646361171
 0.354705882353	 0.686078431373	 0.001491365178
 0.356666666667	 0.686078431373	 0.001336875175
 0.358627450980	 0.686078431373	 0.001189162923
 0.360588235294	 0.686078431373	 0.001052151795
 0.362549019608	 0.686078431373	 0.000927847350
 0.364509803922	 0.686078431373	 0.000816856627
 0.366470588235	 0.686078431373	 0.000718864755
 0.368431372549	 0.686078431373	 0.000633013128
 0.370392156863	 0.686078431373	 0.000558171074
 0.372352941176	 0.686078431373	 0.000493115872
 0.374313725490	 0.686078431373	 0.000436643031
 0.376274509804	 0.686078431373	 0.000387627669
 0.378235294118	 0.686078431373	 0.000345053755
 0.380196078431	 0.686078431373	 0.000308023427
 0.382156862745	 0.686078431373	 0.000275754759
 0.284117647059	 0.688039215686	 0.000057012049
 0.286078431373	 0.688039215686	 0.000063217630
 0.288039215686	 0.688039215686	 0.000070221753
 0.290000000000	 0.688039215686	 0.000078146307
 0.291960784314	 0.688039215686	 0.000087134419
 0.293921568627	 0.688039215686	 0.000097354470
 0.295882352941	 0.688039215686	 0.000109004875
 0.297843137255	 0.688039215686	 0.000122319740
 0.299803921569	 0.688039215686	 0.000137575513
 0.301764705882	 0.688039215686	 0.000155098711
 0.303725490196	 0.688039215686	 0.000175274754
 0.305686274510	 0.688039215686	 0.000198557823
 0.307647058824	 0.688039215686	 0.000225481455
 0.309607843137	 0.688039215686	 0.000256669217
 0.311568627451	 0.688039215686	 0.000292844251
 0.313529411765	 0.688039215686	 0.000334835564
 0.315490196078	 0.688039215686	 0.000383577553
 0.317450980392	 0.688039215686	 0.000440097337
 0.319411764706	 0.688039215686	 0.000505481740
 0.321372549020	 0.688039215686	 0.000580812582
 0.323333333333	 0.688039215686	 0.000667055552
 0.325294117647	 0.688039215686	 0.000764885988
 0.327254901961	 0.688039215686	 0.000874436997
 0.329215686275	 0.688039215686	 0.000994966315
 0.331176470588	 0.688039215686	 0.001124463817
 0.333137254902	 0.688039215686	 0.001259266028
 0.335098039216	 0.688039215686	 0.001393802907
 0.337058823529	 0.688039215686	 0.001520653674
 0.339019607843	 0.688039215686	 0.001631088105
 0.340980392157	 0.688039215686	 0.001716167166
 0.342941176471	 0.688039215686	 0.001768260623
 0.344901960784	 0.688039215686	 0.001782587581
 0.346862745098	 0.688039215686	 0.001758257773
 0.348823529412	 0.688039215686	 0.001698418270
 0.350784313725	 0.688039215686	 0.001609460872
 0.352745098039	 0.688039215686	 0.001499617156
 0.354705882353	 0.688039215686	 0.001377444385
 0.356666666667	 0.688039215686	 0.001250625580
 0.358627450980	 0.688039215686	 0.001125279359
 0.360588235294	 0.688039215686	 0.001005755520
 0.362549019608	 0.688039215686	 0.000894770715
 0.364509803922	 0.688039215686	 0.000793717577
 0.366470588235	 0.688039215686	 0.000703018107
 0.368431372549	 0.688039215686	 0.000622444967
 0.370392156863	 0.688039215686	 0.000551378225
 0.372352941176	 0.688039215686	 0.000488992840
 0.374313725490	 0.688039215686	 0.000434385850
 0.376274509804	 0.688039215686	 0.000386656768
 0.378235294118	 0.688039215686	 0.000344954357
 0.380196078431	 0.688039215686	 0.000308500635
 0.382156862745	 0.688039215686	 0.000276600288
 0.284117647059	 0.690000000000	 0.000052011216
 0.286078431373	 0.690000000000	 0.000057577899
 0.288039215686	 0.690000000000	 0.000063843074
 0.290000000000	 0.690000000000	 0.000070910161
 0.291960784314	 0.690000000000	 0.000078899946
 0.293921568627	 0.690000000000	 0.000087953725
 0.295882352941	 0.690000000000	 0.000098236999
 0.297843137255	 0.690000000000	 0.000109943791
 0.299803921569	 0.690000000000	 0.000123301671
 0.301764705882	 0.690000000000	 0.000138577497
 0.303725490196	 0.690000000000	 0.000156083878
 0.305686274510	 0.690000000000	 0.000176186248
 0.307647058824	 0.690000000000	 0.000199310272
 0.309607843137	 0.690000000000	 0.000225949057
 0.311568627451	 0.690000000000	 0.000256669217
 0.313529411765	 0.690000000000	 0.000292114200
 0.315490196078	 0.690000000000	 0.000333002389
 0.317450980392	 0.690000000000	 0.000380116145
 0.319411764706	 0.690000000000	 0.000434276333
 0.321372549020	 0.690000000000	 0.000496294795
 0.323333333333	 0.690000000000	 0.000566895305
 0.325294117647	 0.690000000000	 0.000646592452
 0.327254901961	 0.690000000000	 0.000735519304
 0.329215686275	 0.690000000000	 0.000833201312
 0.331176470588	 0.690000000000	 0.000938288812
 0.333137254902	 0.690000000000	 0.001048286360
 0.335098039216	 0.690000000000	 0.001159352184
 0.337058823529	 0.690000000000	 0.001266274712
 0.339019607843	 0.690000000000	 0.001362742773
 0.340980392157	 0.690000000000	 0.001441982371
 0.342941176471	 0.690000000000	 0.001497720376
 0.344901960784	 0.690000000000	 0.001525280475
 0.346862745098	 0.690000000000	 0.001522497086
 0.348823529412	 0.690000000000	 0.001490138958
 0.350784313725	 0.690000000000	 0.001431694224
 0.352745098039	 0.690000000000	 0.001352607424
 0.354705882353	 0.690000000000	 0.001259243799
 0.356666666667	 0.690000000000	 0.001157896864
 0.358627450980	 0.690000000000	 0.001054062260
 0.360588235294	 0.690000000000	 0.000952054890
 0.362549019608	 0.690000000000	 0.000854927186
 0.364509803922	 0.690000000000	 0.000764589122
 0.366470588235	 0.690000000000	 0.000682027414
 0.368431372549	 0.690000000000	 0.000607546948
 0.370392156863	 0.690000000000	 0.000540989249
 0.372352941176	 0.690000000000	 0.000481908575
 0.374313725490	 0.690000000000	 0.000429702652
 0.376274509804	 0.690000000000	 0.000383703409
 0.378235294118	 0.690000000000	 0.000343236062
 0.380196078431	 0.690000000000	 0.000307654896
 0.382156862745	 0.690000000000	 0.000276362844
 0.284117647059	 0.691960784314	 0.000047458264
 0.286078431373	 0.691960784314	 0.000052455450
 0.288039215686	 0.691960784314	 0.000058064200
 0.290000000000	 0.691960784314	 0.000064372353
 0.291960784314	 0.691960784314	 0.000071481966
 0.293921568627	 0.691960784314	 0.000079511770
 0.295882352941	 0.691960784314	 0.000088600021
 0.297843137255	 0.691960784314	 0.000098907811
 0.299803921569	 0.691960784314	 0.000110622842
 0.301764705882	 0.691960784314	 0.000123963707
 0.303725490196	 0.691960784314	 0.000139184608
 0.305686274510	 0.691960784314	 0.000156580421
 0.307647058824	 0.691960784314	 0.000176491853
 0.309607843137	 0.691960784314	 0.000199310272
 0.311568627451	 0.691960784314	 0.000225481455
 0.313529411765	 0.691960784314	 0.000255507102
 0.315490196078	 0.691960784314	 0.000289942279
 0.317450980392	 0.691960784314	 0.000329386160
 0.319411764706	 0.691960784314	 0.000374462305
 0.321372549020	 0.691960784314	 0.000425783477
 0.323333333333	 0.691960784314	 0.000483894859
 0.325294117647	 0.691960784314	 0.000549188891
 0.327254901961	 0.691960784314	 0.000621786004
 0.329215686275	 0.691960784314	 0.000701379482
 0.331176470588	 0.691960784314	 0.000787051660
 0.333137254902	 0.691960784314	 0.000877083892
 0.335098039216	 0.691960784314	 0.000968803745
 0.337058823529	 0.691960784314	 0.001058534439
 0.339019607843	 0.691960784314	 0.001141721966
 0.340980392157	 0.691960784314	 0.001213298121
 0.342941176471	 0.691960784314	 0.001268280547
 0.344901960784	 0.691960784314	 0.001302520333
 0.346862745098	 0.691960784314	 0.001313419178
 0.348823529412	 0.691960784314	 0.001300404882
 0.350784313725	 0.691960784314	 0.001265011667
 0.352745098039	 0.691960784314	 0.001210544262
 0.354705882353	 0.691960784314	 0.001141445743
 0.356666666667	 0.691960784314	 0.001062567816
 0.358627450980	 0.691960784314	 0.000978531027
 0.360588235294	 0.691960784314	 0.000893287460
 0.362549019608	 0.691960784314	 0.000809909902
 0.364509803922	 0.691960784314	 0.000730567982
 0.366470588235	 0.691960784314	 0.000656625346
 0.368431372549	 0.691960784314	 0.000588794568
 0.370392156863	 0.691960784314	 0.000527303276
 0.372352941176	 0.691960784314	 0.000472044226
 0.374313725490	 0.691960784314	 0.000422697415
 0.376274509804	 0.691960784314	 0.000378822212
 0.378235294118	 0.691960784314	 0.000339922709
 0.380196078431	 0.691960784314	 0.000305491459
 0.382156862745	 0.691960784314	 0.000275036953
 0.284117647059	 0.693921568627	 0.000043314891
 0.286078431373	 0.693921568627	 0.000047804705
 0.288039215686	 0.693921568627	 0.000052830606
 0.290000000000	 0.693921568627	 0.000058467304
 0.291960784314	 0.693921568627	 0.000064801166
 0.293921568627	 0.693921568627	 0.000071932134
 0.295882352941	 0.693921568627	 0.000079975933
 0.297843137255	 0.693921568627	 0.000089066599
 0.299803921569	 0.693921568627	 0.000099359333
 0.301764705882	 0.693921568627	 0.000111033679
 0.303725490196	 0.693921568627	 0.000124296977
 0.305686274510	 0.693921568627	 0.000139387975
 0.307647058824	 0.693921568627	 0.000156580421
 0.309607843137	 0.693921568627	 0.000176186248
 0.311568627451	 0.693921568627	 0.000198557823
 0.313529411765	 0.693921568627	 0.000224088363
 0.315490196078	 0.693921568627	 0.000253209212
 0.317450980392	 0.693921568627	 0.000286382123
 0.319411764706	 0.693921568627	 0.000324083956
 0.321372549020	 0.693921568627	 0.000366780450
 0.323333333333	 0.693921568627	 0.000414885021
 0.325294117647	 0.693921568627	 0.000468698227
 0.327254901961	 0.693921568627	 0.000528324233
 0.329215686275	 0.693921568627	 0.000593563134
 0.331176470588	 0.693921568627	 0.000663783397
 0.333137254902	 0.693921568627	 0.000737787865
 0.335098039216	 0.693921568627	 0.000813699504
 0.337058823529	 0.693921568627	 0.000888906737
 0.339019607843	 0.693921568627	 0.000960116814
 0.340980392157	 0.693921568627	 0.001023559890
 0.342941176471	 0.693921568627	 0.001075358059
 0.344901960784	 0.693921568627	 0.001112022319
 0.346862745098	 0.693921568627	 0.001130981387
 0.348823529412	 0.693921568627	 0.001131008269
 0.350784313725	 0.693921568627	 0.001112421002
 0.352745098039	 0.693921568627	 0.001076998128
 0.354705882353	 0.693921568627	 0.001027640568
 0.356666666667	 0.693921568627	 0.000967886097
 0.358627450980	 0.693921568627	 0.000901408430
 0.360588235294	 0.693921568627	 0.000831607997
 0.362549019608	 0.693921568627	 0.000761348702
 0.364509803922	 0.693921568627	 0.000692842892
 0.366470588235	 0.693921568627	 0.000627653172
 0.368431372549	 0.693921568627	 0.000566767881
 0.370392156863	 0.693921568627	 0.000510710777
 0.372352941176	 0.693921568627	 0.000459656399
 0.374313725490	 0.693921568627	 0.000413534314
 0.376274509804	 0.693921568627	 0.000372114750
 0.378235294118	 0.693921568627	 0.000335074228
 0.380196078431	 0.693921568627	 0.000302043059
 0.382156862745	 0.693921568627	 0.000272637960
 0.284117647059	 0.695882352941	 0.000039545066
 0.286078431373	 0.695882352941	 0.000043582938
 0.288039215686	 0.695882352941	 0.000048091379
 0.290000000000	 0.695882352941	 0.000053134035
 0.291960784314	 0.695882352941	 0.000058784133
 0.293921568627	 0.695882352941	 0.000065125971
 0.295882352941	 0.695882352941	 0.000072256635
 0.297843137255	 0.695882352941	 0.000080287932
 0.299803921569	 0.695882352941	 0.000089348545
 0.301764705882	 0.695882352941	 0.000099586402
 0.303725490196	 0.695882352941	 0.000111171198
 0.305686274510	 0.695882352941	 0.000124296977
 0.307647058824	 0.695882352941	 0.000139184608
 0.309607843137	 0.695882352941	 0.000156083878
 0.311568627451	 0.695882352941	 0.000175274754
 0.313529411765	 0.695882352941	 0.000197067181
 0.315490196078	 0.695882352941	 0.000221798454
 0.317450980392	 0.695882352941	 0.000249826848
 0.319411764706	 0.695882352941	 0.000281519722
 0.321372549020	 0.695882352941	 0.000317233826
 0.323333333333	 0.695882352941	 0.000357285124
 0.325294117647	 0.695882352941	 0.000401905290
 0.327254901961	 0.695882352941	 0.000451182514
 0.329215686275	 0.695882352941	 0.000504985869
 0.331176470588	 0.695882352941	 0.000562875815
 0.333137254902	 0.695882352941	 0.000624009074
 0.335098039216	 0.695882352941	 0.000687053856
 0.337058823529	 0.695882352941	 0.000750140203
 0.339019607843	 0.695882352941	 0.000810876501
 0.340980392157	 0.695882352941	 0.000866462222
 0.342941176471	 0.695882352941	 0.000913913022
 0.344901960784	 0.695882352941	 0.000950385892
 0.346862745098	 0.695882352941	 0.000973554784
 0.348823529412	 0.695882352941	 0.000981955823
 0.350784313725	 0.695882352941	 0.000975213685
 0.352745098039	 0.695882352941	 0.000954086715
 0.354705882353	 0.695882352941	 0.000920320586
 0.356666666667	 0.695882352941	 0.000876356110
 0.358627450980	 0.695882352941	 0.000824971943
 0.360588235294	 0.695882352941	 0.000768945633
 0.362549019608	 0.695882352941	 0.000710792421
 0.364509803922	 0.695882352941	 0.000652606483
 0.366470588235	 0.695882352941	 0.000595999085
 0.368431372549	 0.695882352941	 0.000542110504
 0.370392156863	 0.695882352941	 0.000491667451
 0.372352941176	 0.695882352941	 0.000445061153
 0.374313725490	 0.695882352941	 0.000402428291
 0.376274509804	 0.695882352941	 0.000363724246
 0.378235294118	 0.695882352941	 0.000328783842
 0.380196078431	 0.695882352941	 0.000297368593
 0.382156862745	 0.695882352941	 0.000269201540
 0.284117647059	 0.697843137255	 0.000036115210
 0.286078431373	 0.697843137255	 0.000039750477
 0.288039215686	 0.697843137255	 0.000043799424
 0.290000000000	 0.697843137255	 0.000048316381
 0.291960784314	 0.697843137255	 0.000053363560
 0.293921568627	 0.697843137255	 0.000059012231
 0.295882352941	 0.697843137255	 0.000065344046
 0.297843137255	 0.697843137255	 0.000072452530
 0.299803921569	 0.697843137255	 0.000080444705
 0.301764705882	 0.697843137255	 0.000089442863
 0.303725490196	 0.697843137255	 0.000099586402
 0.305686274510	 0.697843137255	 0.000111033679
 0.307647058824	 0.697843137255	 0.000123963707
 0.309607843137	 0.697843137255	 0.000138577497
 0.311568627451	 0.697843137255	 0.000155098711
 0.313529411765	 0.697843137255	 0.000173773125
 0.315490196078	 0.697843137255	 0.000194866226
 0.317450980392	 0.697843137255	 0.000218657994
 0.319411764706	 0.697843137255	 0.000245433630
 0.321372549020	 0.697843137255	 0.000275468664
 0.323333333333	 0.697843137255	 0.000309006658
 0.325294117647	 0.697843137255	 0.000346227604
 0.327254901961	 0.697843137255	 0.000387205493
 0.329215686275	 0.697843137255	 0.000431854552
 0.331176470588	 0.697843137255	 0.000479865744
 0.333137254902	 0.697843137255	 0.000530638656
 0.335098039216	 0.697843137255	 0.000583218713
 0.337058823529	 0.697843137255	 0.000636255269
 0.339019607843	 0.697843137255	 0.000688000629
 0.340980392157	 0.697843137255	 0.000736370705
 0.342941176471	 0.697843137255	 0.000779081433
 0.344901960784	 0.697843137255	 0.000813859452
 0.346862745098	 0.697843137255	 0.000838702819
 0.348823529412	 0.697843137255	 0.000852144776
 0.350784313725	 0.697843137255	 0.000853461537
 0.352745098039	 0.697843137255	 0.000842772139
 0.354705882353	 0.697843137255	 0.000821005180
 0.356666666667	 0.697843137255	 0.000789743824
 0.358627450980	 0.697843137255	 0.000750991718
 0.360588235294	 0.697843137255	 0.000706916517
 0.362549019608	 0.697843137255	 0.000659622091
 0.364509803922	 0.697843137255	 0.000610981565
 0.366470588235	 0.697843137255	 0.000562541293
 0.368431372549	 0.697843137255	 0.000515488482
 0.370392156863	 0.697843137255	 0.000470665922
 0.372352941176	 0.697843137255	 0.000428615279
 0.374313725490	 0.697843137255	 0.000389633089
 0.376274509804	 0.697843137255	 0.000353828158
 0.378235294118	 0.697843137255	 0.000321173632
 0.380196078431	 0.697843137255	 0.000291550573
 0.382156862745	 0.697843137255	 0.000264782317
 0.284117647059	 0.699803921569	 0.000032994262
 0.286078431373	 0.699803921569	 0.000036270753
 0.288039215686	 0.699803921569	 0.000039911507
 0.290000000000	 0.699803921569	 0.000043962997
 0.291960784314	 0.699803921569	 0.000048478200
 0.293921568627	 0.699803921569	 0.000053517517
 0.295882352941	 0.699803921569	 0.000059149813
 0.297843137255	 0.699803921569	 0.000065453550
 0.299803921569	 0.699803921569	 0.000072518028
 0.301764705882	 0.699803921569	 0.000080444705
 0.303725490196	 0.699803921569	 0.000089348545
 0.305686274510	 0.699803921569	 0.000099359333
 0.307647058824	 0.699803921569	 0.000110622842
 0.309607843137	 0.699803921569	 0.000123301671
 0.311568627451	 0.699803921569	 0.000137575513
 0.313529411765	 0.699803921569	 0.000153640467
 0.315490196078	 0.699803921569	 0.000171706914
 0.317450980392	 0.699803921569	 0.000191995265
 0.319411764706	 0.699803921569	 0.000214728701
 0.321372549020	 0.699803921569	 0.000240121851
 0.323333333333	 0.699803921569	 0.000268364160
 0.325294117647	 0.699803921569	 0.000299596701
 0.327254901961	 0.699803921569	 0.000333881419
 0.329215686275	 0.699803921569	 0.000371162456
 0.331176470588	 0.699803921569	 0.000411220592
 0.333137254902	 0.699803921569	 0.000453624008
 0.335098039216	 0.699803921569	 0.000497681687
 0.337058823529	 0.699803921569	 0.000542409325
 0.339019607843	 0.699803921569	 0.000586520819
 0.340980392157	 0.699803921569	 0.000628459467
 0.342941176471	 0.699803921569	 0.000666480070
 0.344901960784	 0.699803921569	 0.000698784627
 0.346862745098	 0.699803921569	 0.000723700699
 0.348823529412	 0.699803921569	 0.000739876052
 0.350784313725	 0.699803921569	 0.000746451907
 0.352745098039	 0.699803921569	 0.000743176046
 0.354705882353	 0.699803921569	 0.000730428982
 0.356666666667	 0.699803921569	 0.000709158023
 0.358627450980	 0.699803921569	 0.000680737392
 0.360588235294	 0.699803921569	 0.000646788525
 0.362549019608	 0.699803921569	 0.000608998559
 0.364509803922	 0.699803921569	 0.000568967537
 0.366470588235	 0.699803921569	 0.000528101296
 0.368431372549	 0.699803921569	 0.000487553235
 0.370392156863	 0.699803921569	 0.000448208189
 0.372352941176	 0.699803921569	 0.000410696768
 0.374313725490	 0.699803921569	 0.000375427903
 0.376274509804	 0.699803921569	 0.000342629348
 0.378235294118	 0.699803921569	 0.000312388846
 0.380196078431	 0.699803921569	 0.000284691562
 0.382156862745	 0.699803921569	 0.000259451698
 0.284117647059	 0.701764705882	 0.000030153658
 0.286078431373	 0.701764705882	 0.000033110261
 0.288039215686	 0.701764705882	 0.000036388166
 0.290000000000	 0.701764705882	 0.000040027214
 0.291960784314	 0.701764705882	 0.000044072627
 0.293921568627	 0.701764705882	 0.000048575735
 0.295882352941	 0.701764705882	 0.000053594780
 0.297843137255	 0.701764705882	 0.000059195795
 0.299803921569	 0.701764705882	 0.000065453550
 0.301764705882	 0.701764705882	 0.000072452530
 0.303725490196	 0.701764705882	 0.000080287932
 0.305686274510	 0.701764705882	 0.000089066599
 0.307647058824	 0.701764705882	 0.000098907811
 0.309607843137	 0.701764705882	 0.000109943791
 0.311568627451	 0.701764705882	 0.000122319740
 0.313529411765	 0.701764705882	 0.000136193106
 0.315490196078	 0.701764705882	 0.000151731749
 0.317450980392	 0.701764705882	 0.000169110473
 0.319411764706	 0.701764705882	 0.000188505340
 0.321372549020	 0.701764705882	 0.000210084988
 0.323333333333	 0.701764705882	 0.000233998131
 0.325294117647	 0.701764705882	 0.000260356372
 0.327254901961	 0.701764705882	 0.000289211663
 0.329215686275	 0.701764705882	 0.000320528173
 0.331176470588	 0.701764705882	 0.000354149222
 0.333137254902	 0.701764705882	 0.000389761350
 0.335098039216	 0.701764705882	 0.000426859566
 0.337058823529	 0.701764705882	 0.000464720154
 0.339019607843	 0.701764705882	 0.000502389616
 0.340980392157	 0.701764705882	 0.000538699400
 0.342941176471	 0.701764705882	 0.000572314844
 0.344901960784	 0.701764705882	 0.000601822223
 0.346862745098	 0.701764705882	 0.000625849682
 0.348823529412	 0.701764705882	 0.000643207760
 0.350784313725	 0.701764705882	 0.000653026230
 0.352745098039	 0.701764705882	 0.000654860149
 0.354705882353	 0.701764705882	 0.000648742127
 0.356666666667	 0.701764705882	 0.000635169462
 0.358627450980	 0.701764705882	 0.000615030358
 0.360588235294	 0.701764705882	 0.000589487145
 0.362549019608	 0.701764705882	 0.000559841778
 0.364509803922	 0.701764705882	 0.000527408302
 0.366470588235	 0.701764705882	 0.000493410242
 0.368431372549	 0.701764705882	 0.000458911554
 0.370392156863	 0.701764705882	 0.000424781270
 0.372352941176	 0.701764705882	 0.000391686246
 0.374313725490	 0.701764705882	 0.000360103875
 0.376274509804	 0.701764705882	 0.000330346589
 0.378235294118	 0.701764705882	 0.000302591424
 0.380196078431	 0.701764705882	 0.000276909864
 0.382156862745	 0.701764705882	 0.000253295068
 0.284117647059	 0.703725490196	 0.000027567252
 0.286078431373	 0.703725490196	 0.000030238441
 0.288039215686	 0.703725490196	 0.000033193546
 0.290000000000	 0.703725490196	 0.000036466803
 0.291960784314	 0.703725490196	 0.000040096914
 0.293921568627	 0.703725490196	 0.000044127617
 0.295882352941	 0.703725490196	 0.000048608321
 0.297843137255	 0.703725490196	 0.000053594780
 0.299803921569	 0.703725490196	 0.000059149813
 0.301764705882	 0.703725490196	 0.000065344046
 0.303725490196	 0.703725490196	 0.000072256635
 0.305686274510	 0.703725490196	 0.000079975933
 0.307647058824	 0.703725490196	 0.000088600021
 0.309607843137	 0.703725490196	 0.000098236999
 0.311568627451	 0.703725490196	 0.000109004875
 0.313529411765	 0.703725490196	 0.000121030867
 0.315490196078	 0.703725490196	 0.000134449825
 0.317450980392	 0.703725490196	 0.000149401417
 0.319411764706	 0.703725490196	 0.000166025650
 0.321372549020	 0.703725490196	 0.000184456178
 0.323333333333	 0.703725490196	 0.000204810823
 0.325294117647	 0.703725490196	 0.000227178718
 0.327254901961	 0.703725490196	 0.000251603615
 0.329215686275	 0.703725490196	 0.000278063193
 0.331176470588	 0.703725490196	 0.000306444801
 0.333137254902	 0.703725490196	 0.000336518970
 0.335098039216	 0.703725490196	 0.000367913349
 0.337058823529	 0.703725490196	 0.000400091217
 0.339019607843	 0.703725490196	 0.000432340277
 0.340980392157	 0.703725490196	 0.000463778328
 0.342941176471	 0.703725490196	 0.000493382024
 0.344901960784	 0.703725490196	 0.000520042500
 0.346862745098	 0.703725490196	 0.000542646927
 0.348823529412	 0.703725490196	 0.000560178543
 0.350784313725	 0.703725490196	 0.000571821198
 0.352745098039	 0.703725490196	 0.000577050223
 0.354705882353	 0.703725490196	 0.000575691809
 0.356666666667	 0.703725490196	 0.000567938693
 0.358627450980	 0.703725490196	 0.000554319457
 0.360588235294	 0.703725490196	 0.000535628981
 0.362549019608	 0.703725490196	 0.000512835158
 0.364509803922	 0.703725490196	 0.000486979712
 0.366470588235	 0.703725490196	 0.000459088847
 0.368431372549	 0.703725490196	 0.000430104112
 0.370392156863	 0.703725490196	 0.000400837653
 0.372352941176	 0.703725490196	 0.000371950782
 0.374313725490	 0.703725490196	 0.000343951484
 0.376274509804	 0.703725490196	 0.000317205179
 0.378235294118	 0.703725490196	 0.000291953244
 0.380196078431	 0.703725490196	 0.000268334795
 0.382156862745	 0.703725490196	 0.000246408563
 0.284117647059	 0.705686274510	 0.000025211206
 0.286078431373	 0.705686274510	 0.000027627528
 0.288039215686	 0.705686274510	 0.000030295192
 0.290000000000	 0.705686274510	 0.000033243691
 0.291960784314	 0.705686274510	 0.000036506232
 0.293921568627	 0.705686274510	 0.000040120193
 0.295882352941	 0.705686274510	 0.000044127617
 0.297843137255	 0.705686274510	 0.000048575735
 0.299803921569	 0.705686274510	 0.000053517517
 0.301764705882	 0.705686274510	 0.000059012231
 0.303725490196	 0.705686274510	 0.000065125971
 0.305686274510	 0.705686274510	 0.000071932134
 0.307647058824	 0.705686274510	 0.000079511770
 0.309607843137	 0.705686274510	 0.000087953725
 0.311568627451	 0.705686274510	 0.000097354470
 0.313529411765	 0.705686274510	 0.000107817441
 0.315490196078	 0.705686274510	 0.000119451706
 0.317450980392	 0.705686274510	 0.000132369682
 0.319411764706	 0.705686274510	 0.000146683593
 0.321372549020	 0.705686274510	 0.000162500272
 0.323333333333	 0.705686274510	 0.000179913926
 0.325294117647	 0.705686274510	 0.000198996422
 0.327254901961	 0.705686274510	 0.000219784804
 0.329215686275	 0.705686274510	 0.000242265918
 0.331176470588	 0.705686274510	 0.000266358416
 0.333137254902	 0.705686274510	 0.000291893053
 0.335098039216	 0.705686274510	 0.000318592989
 0.337058823529	 0.705686274510	 0.000346056889
 0.339019607843	 0.705686274510	 0.000373748622
 0.340980392157	 0.705686274510	 0.000400998096
 0.342941176471	 0.705686274510	 0.000427017758
 0.344901960784	 0.705686274510	 0.000450937985
 0.346862745098	 0.705686274510	 0.000471861885
 0.348823529412	 0.705686274510	 0.000488935866
 0.350784313725	 0.705686274510	 0.000501427817
 0.352745098039	 0.705686274510	 0.000508801056
 0.354705882353	 0.705686274510	 0.000510771056
 0.356666666667	 0.705686274510	 0.000507334186
 0.358627450980	 0.705686274510	 0.000498763060
 0.360588235294	 0.705686274510	 0.000485570075
 0.362549019608	 0.705686274510	 0.000468447026
 0.364509803922	 0.705686274510	 0.000448192534
 0.366470588235	 0.705686274510	 0.000425639526
 0.368431372549	 0.705686274510	 0.000401592622
 0.370392156863	 0.705686274510	 0.000376781346
 0.372352941176	 0.705686274510	 0.000351830984
 0.374313725490	 0.705686274510	 0.000327249656
 0.376274509804	 0.705686274510	 0.000303428300
 0.378235294118	 0.705686274510	 0.000280649561
 0.380196078431	 0.705686274510	 0.000259101863
 0.382156862745	 0.705686274510	 0.000238895613
 0.284117647059	 0.707647058824	 0.000023063845
 0.286078431373	 0.707647058824	 0.000025252362
 0.288039215686	 0.707647058824	 0.000027663803
 0.290000000000	 0.707647058824	 0.000030323636
 0.291960784314	 0.707647058824	 0.000033260434
 0.293921568627	 0.707647058824	 0.000036506232
 0.295882352941	 0.707647058824	 0.000040096914
 0.297843137255	 0.707647058824	 0.000044072627
 0.299803921569	 0.707647058824	 0.000048478200
 0.301764705882	 0.707647058824	 0.000053363560
 0.303725490196	 0.707647058824	 0.000058784133
 0.305686274510	 0.707647058824	 0.000064801166
 0.307647058824	 0.707647058824	 0.000071481966
 0.309607843137	 0.707647058824	 0.000078899946
 0.311568627451	 0.707647058824	 0.000087134419
 0.313529411765	 0.707647058824	 0.000096270010
 0.315490196078	 0.707647058824	 0.000106395527
 0.317450980392	 0.707647058824	 0.000117602108
 0.319411764706	 0.707647058824	 0.000129980408
 0.321372549020	 0.707647058824	 0.000143616543
 0.323333333333	 0.707647058824	 0.000158586512
 0.325294117647	 0.707647058824	 0.000174948808
 0.327254901961	 0.707647058824	 0.000192734988
 0.329215686275	 0.707647058824	 0.000211938125
 0.331176470588	 0.707647058824	 0.000232499336
 0.333137254902	 0.707647058824	 0.000254292970
 0.335098039216	 0.707647058824	 0.000277111627
 0.337058823529	 0.707647058824	 0.000300652862
 0.339019607843	 0.707647058824	 0.000324510172
 0.340980392157	 0.707647058824	 0.000348171392
 0.342941176471	 0.707647058824	 0.000371027763
 0.344901960784	 0.707647058824	 0.000392396320
 0.346862745098	 0.707647058824	 0.000411556602
 0.348823529412	 0.707647058824	 0.000427800157
 0.350784313725	 0.707647058824	 0.000440488185
 0.352745098039	 0.707647058824	 0.000449109811
 0.354705882353	 0.707647058824	 0.000453331872
 0.356666666667	 0.707647058824	 0.000453031611
 0.358627450980	 0.707647058824	 0.000448306389
 0.360588235294	 0.707647058824	 0.000439458976
 0.362549019608	 0.707647058824	 0.000426961662
 0.364509803922	 0.707647058824	 0.000411406210
 0.366470588235	 0.707647058824	 0.000393448308
 0.368431372549	 0.707647058824	 0.000373754752
 0.370392156863	 0.707647058824	 0.000352959486
 0.372352941176	 0.707647058824	 0.000331631773
 0.374313725490	 0.707647058824	 0.000310257128
 0.376274509804	 0.707647058824	 0.000289229616
 0.378235294118	 0.707647058824	 0.000268853028
 0.380196078431	 0.707647058824	 0.000249348146
 0.382156862745	 0.707647058824	 0.000230863481
 0.284117647059	 0.709607843137	 0.000021105510
 0.286078431373	 0.709607843137	 0.000023090200
 0.288039215686	 0.709607843137	 0.000025272984
 0.290000000000	 0.709607843137	 0.000027675912
 0.291960784314	 0.709607843137	 0.000030323636
 0.293921568627	 0.709607843137	 0.000033243691
 0.295882352941	 0.709607843137	 0.000036466803
 0.297843137255	 0.709607843137	 0.000040027214
 0.299803921569	 0.709607843137	 0.000043962997
 0.301764705882	 0.709607843137	 0.000048316381
 0.303725490196	 0.709607843137	 0.000053134035
 0.305686274510	 0.709607843137	 0.000058467304
 0.307647058824	 0.709607843137	 0.000064372353
 0.309607843137	 0.709607843137	 0.000070910161
 0.311568627451	 0.709607843137	 0.000078146307
 0.313529411765	 0.709607843137	 0.000086150446
 0.315490196078	 0.709607843137	 0.000094995366
 0.317450980392	 0.709607843137	 0.000104755479
 0.319411764706	 0.709607843137	 0.000115504571
 0.321372549020	 0.709607843137	 0.000127312626
 0.323333333333	 0.709607843137	 0.000140241495
 0.325294117647	 0.709607843137	 0.000154339221
 0.327254901961	 0.709607843137	 0.000169632853
 0.329215686275	 0.709607843137	 0.000186119692
 0.331176470588	 0.709607843137	 0.000203757105
 0.333137254902	 0.709607843137	 0.000222451286
 0.335098039216	 0.709607843137	 0.000242045776
 0.337058823529	 0.709607843137	 0.000262310993
 0.339019607843	 0.709607843137	 0.000282936548
 0.340980392157	 0.709607843137	 0.000303528533
 0.342941176471	 0.709607843137	 0.000323614140
 0.344901960784	 0.709607843137	 0.000342655670
 0.346862745098	 0.709607843137	 0.000360075062
 0.348823529412	 0.709607843137	 0.000375288485
 0.350784313725	 0.709607843137	 0.000387748443
 0.352745098039	 0.709607843137	 0.000396988733
 0.354705882353	 0.709607843137	 0.000402666044
 0.356666666667	 0.709607843137	 0.000404591686
 0.358627450980	 0.709607843137	 0.000402748138
 0.360588235294	 0.709607843137	 0.000397287708
 0.362549019608	 0.709607843137	 0.000388513870
 0.364509803922	 0.709607843137	 0.000376848928
 0.366470588235	 0.709607843137	 0.000362793676
 0.368431372549	 0.709607843137	 0.000346885298
 0.370392156863	 0.709607843137	 0.000329658955
 0.372352941176	 0.709607843137	 0.000311616806
 0.374313725490	 0.709607843137	 0.000293206249
 0.376274509804	 0.709607843137	 0.000274807402
 0.378235294118	 0.709607843137	 0.000256728605
 0.380196078431	 0.709607843137	 0.000239208118
 0.382156862745	 0.709607843137	 0.000222419992
 0.284117647059	 0.711568627451	 0.000019318401
 0.286078431373	 0.711568627451	 0.000021120516
 0.288039215686	 0.711568627451	 0.000023098996
 0.290000000000	 0.711568627451	 0.000025272984
 0.291960784314	 0.711568627451	 0.000027663803
 0.293921568627	 0.711568627451	 0.000030295192
 0.295882352941	 0.711568627451	 0.000033193546
 0.297843137255	 0.711568627451	 0.000036388166
 0.299803921569	 0.711568627451	 0.000039911507
 0.301764705882	 0.711568627451	 0.000043799424
 0.303725490196	 0.711568627451	 0.000048091379
 0.305686274510	 0.711568627451	 0.000052830606
 0.307647058824	 0.711568627451	 0.000058064200
 0.309607843137	 0.711568627451	 0.000063843074
 0.311568627451	 0.711568627451	 0.000070221753
 0.313529411765	 0.711568627451	 0.000077257912
 0.315490196078	 0.711568627451	 0.000085011591
 0.317450980392	 0.711568627451	 0.000093543963
 0.319411764706	 0.711568627451	 0.000102915531
 0.321372549020	 0.711568627451	 0.000113183620
 0.323333333333	 0.711568627451	 0.000124398992
 0.325294117647	 0.711568627451	 0.000136601455
 0.327254901961	 0.711568627451	 0.000149814335
 0.329215686275	 0.711568627451	 0.000164037791
 0.331176470588	 0.711568627451	 0.000179241023
 0.333137254902	 0.711568627451	 0.000195353684
 0.335098039216	 0.711568627451	 0.000212257011
 0.337058823529	 0.711568627451	 0.000229775554
 0.339019607843	 0.711568627451	 0.000247670727
 0.340980392157	 0.711568627451	 0.000265637723
 0.342941176471	 0.711568627451	 0.000283307494
 0.344901960784	 0.711568627451	 0.000300255372
 0.346862745098	 0.711568627451	 0.000316017401
 0.348823529412	 0.711568627451	 0.000330114437
 0.350784313725	 0.711568627451	 0.000342082718
 0.352745098039	 0.711568627451	 0.000351508049
 0.354705882353	 0.711568627451	 0.000358059488
 0.356666666667	 0.711568627451	 0.000361517788
 0.358627450980	 0.711568627451	 0.000361794205
 0.360588235294	 0.711568627451	 0.000358936717
 0.362549019608	 0.711568627451	 0.000353122808
 0.364509803922	 0.711568627451	 0.000344640303
 0.366470588235	 0.711568627451	 0.000333859629
 0.368431372549	 0.711568627451	 0.000321201873
 0.370392156863	 0.711568627451	 0.000307107052
 0.372352941176	 0.711568627451	 0.000292006148
 0.374313725490	 0.711568627451	 0.000276299195
 0.376274509804	 0.711568627451	 0.000260340322
 0.378235294118	 0.711568627451	 0.000244429518
 0.380196078431	 0.711568627451	 0.000228810107
 0.382156862745	 0.711568627451	 0.000213670584
 0.284117647059	 0.713529411765	 0.000017686425
 0.286078431373	 0.713529411765	 0.000019324811
 0.288039215686	 0.713529411765	 0.000021120516
 0.290000000000	 0.713529411765	 0.000023090200
 0.291960784314	 0.713529411765	 0.000025252362
 0.293921568627	 0.713529411765	 0.000027627528
 0.295882352941	 0.713529411765	 0.000030238441
 0.297843137255	 0.713529411765	 0.000033110261
 0.299803921569	 0.713529411765	 0.000036270753
 0.301764705882	 0.713529411765	 0.000039750477
 0.303725490196	 0.713529411765	 0.000043582938
 0.305686274510	 0.713529411765	 0.000047804705
 0.307647058824	 0.713529411765	 0.000052455450
 0.309607843137	 0.713529411765	 0.000057577899
 0.311568627451	 0.713529411765	 0.000063217630
 0.313529411765	 0.713529411765	 0.000069422681
 0.315490196078	 0.713529411765	 0.000076242883
 0.317450980392	 0.713529411765	 0.000083728860
 0.319411764706	 0.713529411765	 0.000091930582
 0.321372549020	 0.713529411765	 0.000100895360
 0.323333333333	 0.713529411765	 0.000110665196
 0.325294117647	 0.713529411765	 0.000121273351
 0.327254901961	 0.713529411765	 0.000132740067
 0.329215686275	 0.713529411765	 0.000145067398
 0.331176470588	 0.713529411765	 0.000158233223
 0.333137254902	 0.713529411765	 0.000172184606
 0.335098039216	 0.713529411765	 0.000186830905
 0.337058823529	 0.713529411765	 0.000202037207
 0.339019607843	 0.713529411765	 0.000217618969
 0.340980392157	 0.713529411765	 0.000233338940
 0.342941176471	 0.713529411765	 0.000248907612
 0.344901960784	 0.713529411765	 0.000263988383
 0.346862745098	 0.713529411765	 0.000278208377
 0.348823529412	 0.713529411765	 0.000291175190
 0.350784313725	 0.713529411765	 0.000302498983
 0.352745098039	 0.713529411765	 0.000311818226
 0.354705882353	 0.713529411765	 0.000318826415
 0.356666666667	 0.713529411765	 0.000323296382
 0.358627450980	 0.713529411765	 0.000325098795
 0.360588235294	 0.713529411765	 0.000324212103
 0.362549019608	 0.713529411765	 0.000320722484
 0.364509803922	 0.713529411765	 0.000314813997
 0.366470588235	 0.713529411765	 0.000306750683
 0.368431372549	 0.713529411765	 0.000296853468
 0.370392156863	 0.713529411765	 0.000285475170
 0.372352941176	 0.713529411765	 0.000272976634
 0.374313725490	 0.713529411765	 0.000259706336
 0.376274509804	 0.713529411765	 0.000245984815
 0.378235294118	 0.713529411765	 0.000232094336
 0.380196078431	 0.713529411765	 0.000218273478
 0.382156862745	 0.713529411765	 0.000204715820
 0.284117647059	 0.715490196078	 0.000016195046
 0.286078431373	 0.715490196078	 0.000017686425
 0.288039215686	 0.715490196078	 0.000019318401
 0.290000000000	 0.715490196078	 0.000021105510
 0.291960784314	 0.715490196078	 0.000023063845
 0.293921568627	 0.715490196078	 0.000025211206
 0.295882352941	 0.715490196078	 0.000027567252
 0.297843137255	 0.715490196078	 0.000030153658
 0.299803921569	 0.715490196078	 0.000032994262
 0.301764705882	 0.715490196078	 0.000036115210
 0.303725490196	 0.715490196078	 0.000039545066
 0.305686274510	 0.715490196078	 0.000043314891
 0.307647058824	 0.715490196078	 0.000047458264
 0.309607843137	 0.715490196078	 0.000052011216
 0.311568627451	 0.715490196078	 0.000057012049
 0.313529411765	 0.715490196078	 0.000062500996
 0.315490196078	 0.715490196078	 0.000068519670
 0.317450980392	 0.715490196078	 0.000075110236
 0.319411764706	 0.715490196078	 0.000082314243
 0.321372549020	 0.715490196078	 0.000090171031
 0.323333333333	 0.715490196078	 0.000098715623
 0.325294117647	 0.715490196078	 0.000107976032
 0.327254901961	 0.715490196078	 0.000117969920
 0.329215686275	 0.715490196078	 0.000128700580
 0.331176470588	 0.715490196078	 0.000140152280
 0.333137254902	 0.715490196078	 0.000152285102
 0.335098039216	 0.715490196078	 0.000165029536
 0.337058823529	 0.715490196078	 0.000178281262
 0.339019607843	 0.715490196078	 0.000191896702
 0.340980392157	 0.715490196078	 0.000205690153
 0.342941176471	 0.715490196078	 0.000219433370
 0.344901960784	 0.715490196078	 0.000232858536
 0.346862745098	 0.715490196078	 0.000245665361
 0.348823529412	 0.715490196078	 0.000257532684
 0.350784313725	 0.715490196078	 0.000268134396
 0.352745098039	 0.715490196078	 0.000277158688
 0.354705882353	 0.715490196078	 0.000284328934
 0.356666666667	 0.715490196078	 0.000289423851
 0.358627450980	 0.715490196078	 0.000292294382
 0.360588235294	 0.715490196078	 0.000292874975
 0.362549019608	 0.715490196078	 0.000291187674
 0.364509803922	 0.715490196078	 0.000287338542
 0.366470588235	 0.715490196078	 0.000281507092
 0.368431372549	 0.715490196078	 0.000273930435
 0.370392156863	 0.715490196078	 0.000264884428
 0.372352941176	 0.715490196078	 0.000254664234
 0.374313725490	 0.715490196078	 0.000243566395
 0.376274509804	 0.715490196078	 0.000231873913
 0.378235294118	 0.715490196078	 0.000219845136
 0.380196078431	 0.715490196078	 0.000207706583
 0.382156862745	 0.715490196078	 0.000195649399
