 Long results file generated by S.K.E.A.F. v1.3.0 r149 (Python port)
 
 XCrysDen FS filename: /home/anooja/Work/software/PAOFLOW/examples/pyskeaf_examples/Bi/output/Fermi_surf_band_3.bxsf
 Fermi energy:     0.000000 Ryd 
 Original     nx =   33  ny =   33  nz =   33
 New      numint =   60
 H-vector direction: r   Number of auto rotated angles =    37
 Theta =   0.000000 to   0.000000 degrees;  Phi =   0.000000 to  90.000000 degrees 
 Minimum extremal FS freq.:   0.0000 kT 
 Maximum fractional diff. between orbit freqs. for averaging:   0.010
 Maximum distance (fraction of RUC side length) between orbit avg. coords. for averaging:   0.050
 Extremal orbits near super-cell walls are ALLOWED to be included in the output.
 
 
 Predicted dHvA frequencies: 
 
 ANGLE     1 of    37    theta =   0.000000 degrees, phi =   0.000000 degrees
  Freq. =   0.3115+/-  0.0023 kT, m* =   2.8279+/-  0.1779 m_e, Curv. =   3.6282E+01+/-  8.0527E+00 kT A^2, orbit (1=e,-1=h):  1.0+/- 0.0
  Orbit copies found:    15, RUC avg coords: (  0.4552+/-  0.0051,  0.0186+/-  0.0043,  0.0183+/-  0.0034)
  Orbit copy chosen for outline: from slice  186
 
  Freq. =   0.3210+/-  0.0051 kT, m* =   3.1231+/-  0.2154 m_e, Curv. =   3.7553E+00+/-  1.6080E+01 kT A^2, orbit (1=e,-1=h):  1.0+/- 0.0
  Orbit copies found:   115, RUC avg coords: (  0.4919+/-  0.0157,  0.9972+/-  0.0103,  0.9970+/-  0.0096)
  Orbit copy chosen for outline: from slice   17
 
  Freq. =   0.3237+/-  0.0032 kT, m* =   3.1970+/-  0.2472 m_e, Curv. =   1.1991E+01+/-  9.4415E+00 kT A^2, orbit (1=e,-1=h):  1.0+/- 0.0
  Orbit copies found:    20, RUC avg coords: (  0.4533+/-  0.0082,  0.0214+/-  0.0067,  0.0209+/-  0.0056)
  Orbit copy chosen for outline: from slice   86
 
  Freq. =   0.3302+/-  0.0070 kT, m* =   2.7095+/-  0.2008 m_e, Curv. =  -9.6713E+00+/-  1.7225E+01 kT A^2, orbit (1=e,-1=h):  1.0+/- 0.0
  Orbit copies found:   128, RUC avg coords: (  0.5585+/-  0.0216,  0.9582+/-  0.0104,  0.9590+/-  0.0110)
  Orbit copy chosen for outline: from slice   48
 
  Freq. =   0.3388+/-  0.0036 kT, m* =   2.5602+/-  0.0549 m_e, Curv. =  -2.7434E+01+/-  6.3025E+00 kT A^2, orbit (1=e,-1=h):  1.0+/- 0.0
  Orbit copies found:    77, RUC avg coords: (  0.4156+/-  0.0067,  0.0372+/-  0.0035,  0.0369+/-  0.0032)
  Orbit copy chosen for outline: from slice  182
 
  Freq. =   0.3583+/-  0.0023 kT, m* =   3.0869+/-  0.0552 m_e, Curv. =  -4.8060E+01+/-  3.6494E+00 kT A^2, orbit (1=e,-1=h):  1.0+/- 0.0
  Orbit copies found:    83, RUC avg coords: (  0.9940+/-  0.0018,  0.9945+/-  0.0018,  0.4960+/-  0.0113)
  Orbit copy chosen for outline: from slice  116
 
  Freq. =   0.8069+/-  0.0064 kT, m* =   5.5925+/-  0.0779 m_e, Curv. =  -1.9084E+02+/-  1.1573E+01 kT A^2, orbit (1=e,-1=h):  1.0+/- 0.0
  Orbit copies found:    77, RUC avg coords: (  0.9948+/-  0.0074,  0.4942+/-  0.0037,  0.9938+/-  0.0056)
  Orbit copy chosen for outline: from slice  215
 
 ANGLE     2 of    37    theta =   0.000000 degrees, phi =   2.500000 degrees
  Freq. =   0.3432+/-  0.0048 kT, m* =   3.3943+/-  0.2303 m_e, Curv. =   4.0712E-01+/-  1.5152E+01 kT A^2, orbit (1=e,-1=h):  1.0+/- 0.0
  Orbit copies found:    84, RUC avg coords: (  0.4909+/-  0.0142, -0.0022+/-  0.0085,  0.9974+/-  0.0080)
  Orbit copy chosen for outline: from slice  104
 
  Freq. =   0.3461+/-  0.0025 kT, m* =   3.0371+/-  0.0397 m_e, Curv. =  -3.5073E+01+/-  3.9700E+00 kT A^2, orbit (1=e,-1=h):  1.0+/- 0.0
  Orbit copies found:    85, RUC avg coords: (  0.9944+/-  0.0016,  0.9946+/-  0.0019,  0.4972+/-  0.0121)
  Orbit copy chosen for outline: from slice   72
 
  Freq. =   0.3480+/-  0.0061 kT, m* =   2.9205+/-  0.2233 m_e, Curv. =  -7.0711E+00+/-  1.7202E+01 kT A^2, orbit (1=e,-1=h):  1.0+/- 0.0
  Orbit copies found:   141, RUC avg coords: (  0.5553+/-  0.0209,  0.9615+/-  0.0109,  0.9615+/-  0.0107)
  Orbit copy chosen for outline: from slice   51
 
  Freq. =   0.3496+/-  0.0086 kT, m* =   2.8787+/-  0.2840 m_e, Curv. =  -1.0800E+01+/-  2.6173E+01 kT A^2, orbit (1=e,-1=h):  1.0+/- 0.0
  Orbit copies found:   114, RUC avg coords: (  0.4297+/-  0.0177,  0.0314+/-  0.0079,  0.0311+/-  0.0080)
  Orbit copy chosen for outline: from slice  108
 
  Freq. =   0.7427+/-  0.0000 kT, m* =   5.8400+/-  0.0000 m_e, Curv. =  -1.8068E+02+/-  0.0000E+00 kT A^2, orbit (1=e,-1=h):  1.0+/- 0.0
  Orbit copies found:     1, RUC avg coords: (  0.9882+/-  0.0000,  0.4793+/-  0.0000,  0.9932+/-  0.0000)
  Orbit copy chosen for outline: from slice  112
 
  Freq. =   0.7985+/-  0.0100 kT, m* =   6.1923+/-  0.1848 m_e, Curv. =  -2.3114E+02+/-  1.5556E+01 kT A^2, orbit (1=e,-1=h):  1.0+/- 0.0
  Orbit copies found:    74, RUC avg coords: ( -0.0054+/-  0.0062,  0.4963+/-  0.0063,  0.9940+/-  0.0043)
  Orbit copy chosen for outline: from slice  169
 
 ANGLE     3 of    37    theta =   0.000000 degrees, phi =   5.000000 degrees
  Freq. =   0.3375+/-  0.0023 kT, m* =   2.9681+/-  0.0428 m_e, Curv. =  -2.4338E+01+/-  5.3601E+00 kT A^2, orbit (1=e,-1=h):  1.0+/- 0.0
  Orbit copies found:    83, RUC avg coords: (  0.9942+/-  0.0019,  0.9945+/-  0.0018,  0.4974+/-  0.0125)
  Orbit copy chosen for outline: from slice   42
 
  Freq. =   0.3672+/-  0.0042 kT, m* =   3.5826+/-  0.2497 m_e, Curv. =   3.5378E+00+/-  1.3574E+01 kT A^2, orbit (1=e,-1=h):  1.0+/- 0.0
  Orbit copies found:   127, RUC avg coords: (  0.4795+/-  0.0222,  0.0047+/-  0.0149,  0.0047+/-  0.0142)
  Orbit copy chosen for outline: from slice  128
 
  Freq. =   0.3691+/-  0.0042 kT, m* =   3.1257+/-  0.2231 m_e, Curv. =  -6.2379E+00+/-  1.7528E+01 kT A^2, orbit (1=e,-1=h):  1.0+/- 0.0
  Orbit copies found:   132, RUC avg coords: (  0.5522+/-  0.0183,  0.9626+/-  0.0094,  0.9623+/-  0.0093)
  Orbit copy chosen for outline: from slice  149
 
  Freq. =   0.3736+/-  0.0047 kT, m* =   2.9189+/-  0.1480 m_e, Curv. =  -2.3272E+01+/-  1.7220E+01 kT A^2, orbit (1=e,-1=h):  1.0+/- 0.0
  Orbit copies found:    85, RUC avg coords: (  0.4223+/-  0.0085,  0.0352+/-  0.0036,  0.0347+/-  0.0036)
  Orbit copy chosen for outline: from slice  165
 
  Freq. =   0.6770+/-  0.0000 kT, m* =   6.3940+/-  0.0000 m_e, Curv. =  -1.5554E+02+/-  0.0000E+00 kT A^2, orbit (1=e,-1=h):  1.0+/- 0.0
  Orbit copies found:     1, RUC avg coords: (  0.9992+/-  0.0000,  0.5242+/-  0.0000,  0.9941+/-  0.0000)
  Orbit copy chosen for outline: from slice  150
 
  Freq. =   0.6940+/-  0.0000 kT, m* =   6.3943+/-  0.0000 m_e, Curv. =  -1.5764E+02+/-  0.0000E+00 kT A^2, orbit (1=e,-1=h):  1.0+/- 0.0
  Orbit copies found:     1, RUC avg coords: (  0.9917+/-  0.0000,  0.4727+/-  0.0000,  0.9952+/-  0.0000)
  Orbit copy chosen for outline: from slice    6
 
  Freq. =   0.7197+/-  0.0000 kT, m* =   6.3972+/-  0.0000 m_e, Curv. =  -1.6244E+02+/-  0.0000E+00 kT A^2, orbit (1=e,-1=h):  1.0+/- 0.0
  Orbit copies found:     1, RUC avg coords: (  0.9902+/-  0.0000,  0.4792+/-  0.0000,  0.9938+/-  0.0000)
  Orbit copy chosen for outline: from slice    5
 
  Freq. =   0.7661+/-  0.0124 kT, m* =   6.4819+/-  0.2181 m_e, Curv. =  -2.1490E+02+/-  1.6924E+01 kT A^2, orbit (1=e,-1=h):  1.0+/- 0.0
  Orbit copies found:    74, RUC avg coords: (  0.9936+/-  0.0054,  0.4963+/-  0.0093,  0.9934+/-  0.0038)
  Orbit copy chosen for outline: from slice  119
 
  Freq. =   0.7974+/-  0.0000 kT, m* =   6.6030+/-  0.0000 m_e, Curv. =  -2.5010E+02+/-  0.0000E+00 kT A^2, orbit (1=e,-1=h):  1.0+/- 0.0
  Orbit copies found:     1, RUC avg coords: (  0.9939+/-  0.0000,  0.4972+/-  0.0000,  0.9948+/-  0.0000)
  Orbit copy chosen for outline: from slice  189
 
 ANGLE     4 of    37    theta =   0.000000 degrees, phi =   7.500000 degrees
  Freq. =   0.3296+/-  0.0019 kT, m* =   2.8664+/-  0.0779 m_e, Curv. =  -1.8873E+01+/-  7.2131E+00 kT A^2, orbit (1=e,-1=h):  1.0+/- 0.0
  Orbit copies found:    78, RUC avg coords: (  0.9941+/-  0.0020,  0.9945+/-  0.0022,  0.5031+/-  0.0182)
  Orbit copy chosen for outline: from slice   29
 
  Freq. =   0.3948+/-  0.0033 kT, m* =   3.4698+/-  0.1336 m_e, Curv. =  -9.0863E+00+/-  1.7424E+01 kT A^2, orbit (1=e,-1=h):  1.0+/- 0.0
  Orbit copies found:    62, RUC avg coords: (  0.5550+/-  0.0120,  0.9621+/-  0.0069,  0.9615+/-  0.0064)
  Orbit copy chosen for outline: from slice   99
 
  Freq. =   0.3954+/-  0.0046 kT, m* =   3.7511+/-  0.2749 m_e, Curv. =   3.3933E-01+/-  1.5603E+01 kT A^2, orbit (1=e,-1=h):  1.0+/- 0.0
  Orbit copies found:   208, RUC avg coords: (  0.4852+/-  0.0289,  0.0005+/-  0.0174,  0.0006+/-  0.0172)
  Orbit copy chosen for outline: from slice   28
 
  Freq. =   0.3973+/-  0.0046 kT, m* =   3.1494+/-  0.1876 m_e, Curv. =  -2.6291E+01+/-  1.6929E+01 kT A^2, orbit (1=e,-1=h):  1.0+/- 0.0
  Orbit copies found:    63, RUC avg coords: (  0.4238+/-  0.0075,  0.0341+/-  0.0040,  0.0339+/-  0.0033)
  Orbit copy chosen for outline: from slice  198
 
  Freq. =   0.7059+/-  0.0076 kT, m* =   6.3618+/-  0.3485 m_e, Curv. =  -1.4886E+02+/-  1.4455E+01 kT A^2, orbit (1=e,-1=h):  1.0+/- 0.0
  Orbit copies found:    77, RUC avg coords: ( -0.0055+/-  0.0062,  0.4957+/-  0.0110,  0.9943+/-  0.0065)
  Orbit copy chosen for outline: from slice   76
 
 ANGLE     5 of    37    theta =   0.000000 degrees, phi =  10.000000 degrees
  Freq. =   0.3211+/-  0.0008 kT, m* =   2.6022+/-  0.0091 m_e, Curv. =  -4.2120E+01+/-  5.9791E+00 kT A^2, orbit (1=e,-1=h):  1.0+/- 0.0
  Orbit copies found:     5, RUC avg coords: (  0.9889+/-  0.0014,  0.9882+/-  0.0013,  0.5475+/-  0.0032)
  Orbit copy chosen for outline: from slice  161
 
  Freq. =   0.3213+/-  0.0023 kT, m* =   2.7745+/-  0.0670 m_e, Curv. =  -1.2167E+01+/-  1.3545E+01 kT A^2, orbit (1=e,-1=h):  1.0+/- 0.0
  Orbit copies found:   126, RUC avg coords: (  0.9939+/-  0.0022,  0.9940+/-  0.0029,  0.5032+/-  0.0262)
  Orbit copy chosen for outline: from slice  118
 
  Freq. =   0.4227+/-  0.0005 kT, m* =   3.3173+/-  0.0224 m_e, Curv. =  -3.0820E+01+/-  8.4044E-01 kT A^2, orbit (1=e,-1=h):  1.0+/- 0.0
  Orbit copies found:     2, RUC avg coords: (  0.4170+/-  0.0000,  0.0370+/-  0.0006,  0.0333+/-  0.0005)
  Orbit copy chosen for outline: from slice   96
 
  Freq. =   0.4255+/-  0.0027 kT, m* =   3.7912+/-  0.2186 m_e, Curv. =  -7.9682E+00+/-  1.5691E+01 kT A^2, orbit (1=e,-1=h):  1.0+/- 0.0
  Orbit copies found:    27, RUC avg coords: (  0.5432+/-  0.0144,  0.9678+/-  0.0078,  0.9677+/-  0.0082)
  Orbit copy chosen for outline: from slice  225
 
  Freq. =   0.4300+/-  0.0047 kT, m* =   4.0746+/-  0.3222 m_e, Curv. =  -9.7727E+00+/-  1.3595E+01 kT A^2, orbit (1=e,-1=h):  1.0+/- 0.0
  Orbit copies found:   136, RUC avg coords: (  0.4803+/-  0.0296,  0.0032+/-  0.0162,  0.0030+/-  0.0164)
  Orbit copy chosen for outline: from slice  111
 
  Freq. =   0.6373+/-  0.0044 kT, m* =   6.0762+/-  0.3738 m_e, Curv. =  -7.9577E+01+/-  1.2164E+01 kT A^2, orbit (1=e,-1=h):  1.0+/- 0.0
  Orbit copies found:    73, RUC avg coords: (  0.9969+/-  0.0062,  0.4923+/-  0.0110,  0.9966+/-  0.0066)
  Orbit copy chosen for outline: from slice   90
 
 ANGLE     6 of    37    theta =   0.000000 degrees, phi =  12.500000 degrees
  Freq. =   0.3125+/-  0.0015 kT, m* =   2.7565+/-  0.0577 m_e, Curv. =   1.1981E+01+/-  5.9457E+00 kT A^2, orbit (1=e,-1=h):  1.0+/- 0.0
  Orbit copies found:     6, RUC avg coords: (  0.9944+/-  0.0020,  0.9946+/-  0.0019,  0.4995+/-  0.0008)
  Orbit copy chosen for outline: from slice  104
 
  Freq. =   0.3135+/-  0.0016 kT, m* =   2.7256+/-  0.0487 m_e, Curv. =  -5.8703E+00+/-  1.4153E+01 kT A^2, orbit (1=e,-1=h):  1.0+/- 0.0
  Orbit copies found:    92, RUC avg coords: (  0.9961+/-  0.0020,  0.9968+/-  0.0019,  0.4681+/-  0.0169)
  Orbit copy chosen for outline: from slice  114
 
  Freq. =   0.3181+/-  0.0025 kT, m* =   2.6542+/-  0.0658 m_e, Curv. =  -2.1261E+01+/-  1.8139E+01 kT A^2, orbit (1=e,-1=h):  1.0+/- 0.0
  Orbit copies found:    93, RUC avg coords: (  0.9909+/-  0.0024,  0.9902+/-  0.0027,  0.5340+/-  0.0146)
  Orbit copy chosen for outline: from slice   24
 
  Freq. =   0.4576+/-  0.0000 kT, m* =   4.0764+/-  0.0000 m_e, Curv. =  -4.9720E+01+/-  0.0000E+00 kT A^2, orbit (1=e,-1=h):  1.0+/- 0.0
  Orbit copies found:     1, RUC avg coords: (  0.4272+/-  0.0000,  0.0284+/-  0.0000,  0.0309+/-  0.0000)
  Orbit copy chosen for outline: from slice   22
 
  Freq. =   0.4619+/-  0.0028 kT, m* =   4.0111+/-  0.0787 m_e, Curv. =  -5.2528E+01+/-  3.8579E+00 kT A^2, orbit (1=e,-1=h):  1.0+/- 0.0
  Orbit copies found:     3, RUC avg coords: (  0.5657+/-  0.0020,  0.9592+/-  0.0010,  0.9584+/-  0.0011)
  Orbit copy chosen for outline: from slice  153
 
  Freq. =   0.4666+/-  0.0013 kT, m* =   4.1307+/-  0.0225 m_e, Curv. =  -2.0556E+01+/-  4.3648E+00 kT A^2, orbit (1=e,-1=h):  1.0+/- 0.0
  Orbit copies found:     3, RUC avg coords: (  0.4450+/-  0.0015,  0.0242+/-  0.0022,  0.0221+/-  0.0034)
  Orbit copy chosen for outline: from slice  205
 
  Freq. =   0.4701+/-  0.0051 kT, m* =   4.4180+/-  0.2612 m_e, Curv. =  -1.2310E+01+/-  1.3805E+01 kT A^2, orbit (1=e,-1=h):  1.0+/- 0.0
  Orbit copies found:   108, RUC avg coords: (  0.4967+/-  0.0217, -0.0064+/-  0.0120, -0.0064+/-  0.0123)
  Orbit copy chosen for outline: from slice   97
 
  Freq. =   0.5739+/-  0.0049 kT, m* =   5.6362+/-  0.4267 m_e, Curv. =  -4.0819E+01+/-  1.4501E+01 kT A^2, orbit (1=e,-1=h):  1.0+/- 0.0
  Orbit copies found:    73, RUC avg coords: (  0.9970+/-  0.0096,  0.4918+/-  0.0140,  0.9970+/-  0.0092)
  Orbit copy chosen for outline: from slice  209
 
 ANGLE     7 of    37    theta =   0.000000 degrees, phi =  15.000000 degrees
  Freq. =   0.3070+/-  0.0009 kT, m* =   2.6555+/-  0.0581 m_e, Curv. =   1.8439E+01+/-  2.7239E+00 kT A^2, orbit (1=e,-1=h):  1.0+/- 0.0
  Orbit copies found:     3, RUC avg coords: (  0.9952+/-  0.0038,  0.9948+/-  0.0019,  0.5141+/-  0.0038)
  Orbit copy chosen for outline: from slice   26
 
  Freq. =   0.3090+/-  0.0028 kT, m* =   2.6771+/-  0.0475 m_e, Curv. =  -8.9466E-01+/-  1.6345E+01 kT A^2, orbit (1=e,-1=h):  1.0+/- 0.0
  Orbit copies found:   159, RUC avg coords: (  0.9966+/-  0.0024,  0.9973+/-  0.0024,  0.4681+/-  0.0222)
  Orbit copy chosen for outline: from slice  183
 
  Freq. =   0.3176+/-  0.0017 kT, m* =   2.6082+/-  0.0402 m_e, Curv. =  -3.0244E+01+/-  1.1486E+01 kT A^2, orbit (1=e,-1=h):  1.0+/- 0.0
  Orbit copies found:    82, RUC avg coords: (  0.9890+/-  0.0022,  0.9885+/-  0.0024,  0.5434+/-  0.0081)
  Orbit copy chosen for outline: from slice  141
 
  Freq. =   0.5187+/-  0.0043 kT, m* =   5.0963+/-  0.2557 m_e, Curv. =  -2.5121E+01+/-  1.5415E+01 kT A^2, orbit (1=e,-1=h):  1.0+/- 0.0
  Orbit copies found:    84, RUC avg coords: ( -0.0093+/-  0.0116,  0.5003+/-  0.0207, -0.0091+/-  0.0122)
  Orbit copy chosen for outline: from slice  167
 
  Freq. =   0.5203+/-  0.0037 kT, m* =   4.8686+/-  0.3023 m_e, Curv. =  -2.4902E+01+/-  1.0564E+01 kT A^2, orbit (1=e,-1=h):  1.0+/- 0.0
  Orbit copies found:    82, RUC avg coords: (  0.4941+/-  0.0184,  0.9958+/-  0.0105,  0.9958+/-  0.0108)
  Orbit copy chosen for outline: from slice  111
 
 ANGLE     8 of    37    theta =   0.000000 degrees, phi =  17.500000 degrees
  Freq. =   0.3008+/-  0.0017 kT, m* =   2.6400+/-  0.0406 m_e, Curv. =   2.2742E+01+/-  7.3687E+00 kT A^2, orbit (1=e,-1=h):  1.0+/- 0.0
  Orbit copies found:    80, RUC avg coords: (  0.9950+/-  0.0017,  0.9952+/-  0.0011,  0.4923+/-  0.0140)
  Orbit copy chosen for outline: from slice  190
 
  Freq. =   0.3117+/-  0.0014 kT, m* =   2.6476+/-  0.0224 m_e, Curv. =  -2.0446E+01+/-  6.3787E+00 kT A^2, orbit (1=e,-1=h):  1.0+/- 0.0
  Orbit copies found:    80, RUC avg coords: (  0.0011+/-  0.0030,  0.0018+/-  0.0031,  0.4405+/-  0.0059)
  Orbit copy chosen for outline: from slice  206
 
  Freq. =   0.3177+/-  0.0021 kT, m* =   2.6069+/-  0.0402 m_e, Curv. =  -3.3676E+01+/-  1.0198E+01 kT A^2, orbit (1=e,-1=h):  1.0+/- 0.0
  Orbit copies found:    81, RUC avg coords: (  0.9877+/-  0.0025,  0.9876+/-  0.0024,  0.5485+/-  0.0085)
  Orbit copy chosen for outline: from slice   15
 
  Freq. =   0.4687+/-  0.0038 kT, m* =   4.1736+/-  0.2602 m_e, Curv. =  -4.1551E+01+/-  2.8672E+01 kT A^2, orbit (1=e,-1=h):  1.0+/- 0.0
  Orbit copies found:    30, RUC avg coords: (  0.9566+/-  0.0049,  0.5659+/-  0.0084,  0.9566+/-  0.0046)
  Orbit copy chosen for outline: from slice  122
 
  Freq. =   0.4694+/-  0.0062 kT, m* =   4.5072+/-  0.3371 m_e, Curv. =  -2.1336E+00+/-  1.6907E+01 kT A^2, orbit (1=e,-1=h):  1.0+/- 0.0
  Orbit copies found:   125, RUC avg coords: ( -0.0104+/-  0.0153,  0.5034+/-  0.0258, -0.0102+/-  0.0156)
  Orbit copy chosen for outline: from slice   35
 
  Freq. =   0.4694+/-  0.0035 kT, m* =   4.1342+/-  0.3163 m_e, Curv. =  -3.0487E+01+/-  3.0160E+01 kT A^2, orbit (1=e,-1=h):  1.0+/- 0.0
  Orbit copies found:    72, RUC avg coords: (  0.0280+/-  0.0062,  0.4325+/-  0.0125,  0.0278+/-  0.0060)
  Orbit copy chosen for outline: from slice  126
 
  Freq. =   0.5789+/-  0.0037 kT, m* =   5.3409+/-  0.3501 m_e, Curv. =  -3.5084E+01+/-  1.3775E+01 kT A^2, orbit (1=e,-1=h):  1.0+/- 0.0
  Orbit copies found:    74, RUC avg coords: (  0.4904+/-  0.0182,  0.9973+/-  0.0114,  0.9973+/-  0.0114)
  Orbit copy chosen for outline: from slice   71
 
 ANGLE     9 of    37    theta =   0.000000 degrees, phi =  20.000000 degrees
  Freq. =   0.2955+/-  0.0017 kT, m* =   2.5788+/-  0.0233 m_e, Curv. =   3.4177E+01+/-  7.2901E+00 kT A^2, orbit (1=e,-1=h):  1.0+/- 0.0
  Orbit copies found:    22, RUC avg coords: (  0.9945+/-  0.0015,  0.9943+/-  0.0011,  0.5069+/-  0.0057)
  Orbit copy chosen for outline: from slice   74
 
  Freq. =   0.2958+/-  0.0023 kT, m* =   2.5915+/-  0.0307 m_e, Curv. =   2.8296E+01+/-  9.5168E+00 kT A^2, orbit (1=e,-1=h):  1.0+/- 0.0
  Orbit copies found:    35, RUC avg coords: (  0.9945+/-  0.0013,  0.9950+/-  0.0010,  0.4909+/-  0.0048)
  Orbit copy chosen for outline: from slice  143
 
  Freq. =   0.2972+/-  0.0014 kT, m* =   2.6121+/-  0.0342 m_e, Curv. =   2.5303E+01+/-  5.2459E+00 kT A^2, orbit (1=e,-1=h):  1.0+/- 0.0
  Orbit copies found:    21, RUC avg coords: (  0.9961+/-  0.0016,  0.9960+/-  0.0011,  0.4768+/-  0.0048)
  Orbit copy chosen for outline: from slice   24
 
  Freq. =   0.3150+/-  0.0018 kT, m* =   2.6780+/-  0.0428 m_e, Curv. =  -3.2399E+01+/-  7.7814E+00 kT A^2, orbit (1=e,-1=h):  1.0+/- 0.0
  Orbit copies found:    79, RUC avg coords: (  0.0053+/-  0.0038,  0.0056+/-  0.0034,  0.4352+/-  0.0053)
  Orbit copy chosen for outline: from slice  134
 
  Freq. =   0.3197+/-  0.0019 kT, m* =   2.6324+/-  0.0475 m_e, Curv. =  -3.6796E+01+/-  8.8104E+00 kT A^2, orbit (1=e,-1=h):  1.0+/- 0.0
  Orbit copies found:    80, RUC avg coords: (  0.9865+/-  0.0023,  0.9865+/-  0.0022,  0.5517+/-  0.0080)
  Orbit copy chosen for outline: from slice  145
 
  Freq. =   0.4299+/-  0.0040 kT, m* =   4.1567+/-  0.1849 m_e, Curv. =   1.3860E+01+/-  1.8601E+01 kT A^2, orbit (1=e,-1=h):  1.0+/- 0.0
  Orbit copies found:   121, RUC avg coords: (  1.0022+/-  0.0129,  0.4808+/-  0.0224,  1.0017+/-  0.0128)
  Orbit copy chosen for outline: from slice  197
 
  Freq. =   0.4445+/-  0.0076 kT, m* =   3.8033+/-  0.1800 m_e, Curv. =  -6.2281E+01+/-  5.8868E+01 kT A^2, orbit (1=e,-1=h):  1.0+/- 0.0
  Orbit copies found:    97, RUC avg coords: (  0.9551+/-  0.0086,  0.5709+/-  0.0224,  0.9550+/-  0.0090)
  Orbit copy chosen for outline: from slice  200
 
  Freq. =   0.4499+/-  0.0020 kT, m* =   3.6954+/-  0.0765 m_e, Curv. =  -3.6089E+01+/-  1.3986E+01 kT A^2, orbit (1=e,-1=h):  1.0+/- 0.0
  Orbit copies found:     7, RUC avg coords: (  0.0338+/-  0.0033,  0.4295+/-  0.0019,  0.0320+/-  0.0043)
  Orbit copy chosen for outline: from slice  222
 
  Freq. =   0.4503+/-  0.0039 kT, m* =   3.5957+/-  0.0917 m_e, Curv. =  -6.8179E+01+/-  3.3530E+01 kT A^2, orbit (1=e,-1=h):  1.0+/- 0.0
  Orbit copies found:    76, RUC avg coords: (  0.0364+/-  0.0028,  0.4130+/-  0.0070,  0.0362+/-  0.0029)
  Orbit copy chosen for outline: from slice  128
 
  Freq. =   0.6522+/-  0.0044 kT, m* =   6.0143+/-  0.4061 m_e, Curv. =  -5.3773E+01+/-  1.3492E+01 kT A^2, orbit (1=e,-1=h):  1.0+/- 0.0
  Orbit copies found:    74, RUC avg coords: (  0.4915+/-  0.0135,  0.9978+/-  0.0076,  0.9976+/-  0.0078)
  Orbit copy chosen for outline: from slice   45
 
 ANGLE    10 of    37    theta =   0.000000 degrees, phi =  22.500000 degrees
  Freq. =   0.2925+/-  0.0026 kT, m* =   2.5417+/-  0.0237 m_e, Curv. =   3.5591E+01+/-  9.8377E+00 kT A^2, orbit (1=e,-1=h):  1.0+/- 0.0
  Orbit copies found:    19, RUC avg coords: (  0.9941+/-  0.0015,  0.9942+/-  0.0014,  0.5058+/-  0.0033)
  Orbit copy chosen for outline: from slice  131
 
  Freq. =   0.2925+/-  0.0027 kT, m* =   2.5488+/-  0.0185 m_e, Curv. =   3.1740E+01+/-  1.0877E+01 kT A^2, orbit (1=e,-1=h):  1.0+/- 0.0
  Orbit copies found:    50, RUC avg coords: (  0.9950+/-  0.0014,  0.9951+/-  0.0011,  0.4882+/-  0.0065)
  Orbit copy chosen for outline: from slice  159
 
  Freq. =   0.2946+/-  0.0013 kT, m* =   2.5916+/-  0.0222 m_e, Curv. =   3.1334E+01+/-  3.5563E+00 kT A^2, orbit (1=e,-1=h):  1.0+/- 0.0
  Orbit copies found:     8, RUC avg coords: (  0.9958+/-  0.0012,  0.9957+/-  0.0013,  0.4718+/-  0.0038)
  Orbit copy chosen for outline: from slice  154
 
  Freq. =   0.3198+/-  0.0023 kT, m* =   2.7088+/-  0.0466 m_e, Curv. =  -3.9391E+01+/-  8.1376E+00 kT A^2, orbit (1=e,-1=h):  1.0+/- 0.0
  Orbit copies found:    78, RUC avg coords: (  0.0067+/-  0.0040,  1.0071+/-  0.0041,  0.4336+/-  0.0048)
  Orbit copy chosen for outline: from slice   53
 
  Freq. =   0.3223+/-  0.0019 kT, m* =   2.6771+/-  0.0646 m_e, Curv. =  -3.9760E+01+/-  6.9759E+00 kT A^2, orbit (1=e,-1=h):  1.0+/- 0.0
  Orbit copies found:    78, RUC avg coords: (  0.9845+/-  0.0029,  0.9850+/-  0.0029,  0.5549+/-  0.0078)
  Orbit copy chosen for outline: from slice   98
 
  Freq. =   0.3956+/-  0.0047 kT, m* =   3.8442+/-  0.2274 m_e, Curv. =   2.1396E+01+/-  2.3121E+01 kT A^2, orbit (1=e,-1=h):  1.0+/- 0.0
  Orbit copies found:   116, RUC avg coords: (  0.9940+/-  0.0137,  0.4942+/-  0.0216,  0.9942+/-  0.0125)
  Orbit copy chosen for outline: from slice  213
 
  Freq. =   0.4348+/-  0.0040 kT, m* =   3.5907+/-  0.1808 m_e, Curv. =  -8.0040E+01+/-  4.2704E+01 kT A^2, orbit (1=e,-1=h):  1.0+/- 0.0
  Orbit copies found:    77, RUC avg coords: (  0.9509+/-  0.0039,  0.5844+/-  0.0079,  0.9509+/-  0.0049)
  Orbit copy chosen for outline: from slice  230
 
  Freq. =   0.4369+/-  0.0036 kT, m* =   3.4662+/-  0.1023 m_e, Curv. =  -6.8686E+01+/-  3.1134E+01 kT A^2, orbit (1=e,-1=h):  1.0+/- 0.0
  Orbit copies found:    82, RUC avg coords: (  0.0365+/-  0.0041,  0.4098+/-  0.0085,  0.0357+/-  0.0045)
  Orbit copy chosen for outline: from slice   29
 
  Freq. =   0.7242+/-  0.0000 kT, m* =   6.3720+/-  0.0000 m_e, Curv. =  -1.1922E+02+/-  0.0000E+00 kT A^2, orbit (1=e,-1=h):  1.0+/- 0.0
  Orbit copies found:     1, RUC avg coords: (  0.5272+/-  0.0000,  0.9825+/-  0.0000,  0.9787+/-  0.0000)
  Orbit copy chosen for outline: from slice   19
 
  Freq. =   0.7454+/-  0.0051 kT, m* =   6.7769+/-  0.3423 m_e, Curv. =  -1.0516E+02+/-  1.3879E+01 kT A^2, orbit (1=e,-1=h):  1.0+/- 0.0
  Orbit copies found:    71, RUC avg coords: (  0.4914+/-  0.0131,  0.9981+/-  0.0071,  0.9976+/-  0.0069)
  Orbit copy chosen for outline: from slice  157
 
 ANGLE    11 of    37    theta =   0.000000 degrees, phi =  25.000000 degrees
  Freq. =   0.2896+/-  0.0023 kT, m* =   2.5141+/-  0.0261 m_e, Curv. =   3.8237E+01+/-  7.7932E+00 kT A^2, orbit (1=e,-1=h):  1.0+/- 0.0
  Orbit copies found:    71, RUC avg coords: (  0.9946+/-  0.0014,  0.9944+/-  0.0013,  0.4925+/-  0.0117)
  Orbit copy chosen for outline: from slice  222
 
  Freq. =   0.2928+/-  0.0014 kT, m* =   2.5557+/-  0.0206 m_e, Curv. =   3.5008E+01+/-  6.0971E+00 kT A^2, orbit (1=e,-1=h):  1.0+/- 0.0
  Orbit copies found:     5, RUC avg coords: (  0.9956+/-  0.0011,  0.9950+/-  0.0010,  0.4687+/-  0.0024)
  Orbit copy chosen for outline: from slice   61
 
  Freq. =   0.3247+/-  0.0028 kT, m* =   2.6353+/-  0.0538 m_e, Curv. =  -3.4775E+01+/-  8.7300E+00 kT A^2, orbit (1=e,-1=h):  1.0+/- 0.0
  Orbit copies found:    19, RUC avg coords: (  0.9860+/-  0.0018,  0.9867+/-  0.0015,  0.5472+/-  0.0032)
  Orbit copy chosen for outline: from slice  183
 
  Freq. =   0.3249+/-  0.0033 kT, m* =   2.7303+/-  0.0486 m_e, Curv. =  -4.6048E+01+/-  9.1226E+00 kT A^2, orbit (1=e,-1=h):  1.0+/- 0.0
  Orbit copies found:    76, RUC avg coords: (  0.0085+/-  0.0032,  0.0088+/-  0.0037,  0.4321+/-  0.0058)
  Orbit copy chosen for outline: from slice  216
 
  Freq. =   0.3268+/-  0.0025 kT, m* =   2.7411+/-  0.0626 m_e, Curv. =  -4.3883E+01+/-  7.9960E+00 kT A^2, orbit (1=e,-1=h):  1.0+/- 0.0
  Orbit copies found:    60, RUC avg coords: (  0.9826+/-  0.0030,  0.9832+/-  0.0032,  0.5595+/-  0.0054)
  Orbit copy chosen for outline: from slice   15
 
  Freq. =   0.3653+/-  0.0041 kT, m* =   3.5952+/-  0.2189 m_e, Curv. =   2.5519E+01+/-  1.7959E+01 kT A^2, orbit (1=e,-1=h):  1.0+/- 0.0
  Orbit copies found:    92, RUC avg coords: ( -0.0061+/-  0.0120,  0.4950+/-  0.0169, -0.0052+/-  0.0113)
  Orbit copy chosen for outline: from slice   79
 
  Freq. =   0.3704+/-  0.0015 kT, m* =   3.4379+/-  0.0363 m_e, Curv. =   4.5463E+01+/-  6.1288E+00 kT A^2, orbit (1=e,-1=h):  1.0+/- 0.0
  Orbit copies found:     7, RUC avg coords: (  0.9729+/-  0.0030,  0.5299+/-  0.0013,  0.9746+/-  0.0020)
  Orbit copy chosen for outline: from slice  103
 
  Freq. =   0.4225+/-  0.0041 kT, m* =   3.4465+/-  0.2012 m_e, Curv. =  -7.8914E+01+/-  4.4498E+01 kT A^2, orbit (1=e,-1=h):  1.0+/- 0.0
  Orbit copies found:    78, RUC avg coords: (  0.9523+/-  0.0032,  0.5874+/-  0.0083,  0.9523+/-  0.0041)
  Orbit copy chosen for outline: from slice   89
 
  Freq. =   0.4253+/-  0.0033 kT, m* =   3.3866+/-  0.1224 m_e, Curv. =  -7.5754E+01+/-  3.1888E+01 kT A^2, orbit (1=e,-1=h):  1.0+/- 0.0
  Orbit copies found:    80, RUC avg coords: (  0.0376+/-  0.0035,  0.4044+/-  0.0080,  0.0369+/-  0.0044)
  Orbit copy chosen for outline: from slice  131
 
  Freq. =   0.8068+/-  0.0036 kT, m* =   7.0058+/-  0.0202 m_e, Curv. =  -2.0275E+02+/-  1.0648E+00 kT A^2, orbit (1=e,-1=h):  1.0+/- 0.0
  Orbit copies found:     2, RUC avg coords: (  0.5349+/-  0.0021,  0.9823+/-  0.0000,  0.9766+/-  0.0007)
  Orbit copy chosen for outline: from slice   70
 
  Freq. =   0.8608+/-  0.0079 kT, m* =   7.6516+/-  0.3617 m_e, Curv. =  -2.0226E+02+/-  1.6001E+01 kT A^2, orbit (1=e,-1=h):  1.0+/- 0.0
  Orbit copies found:    69, RUC avg coords: (  0.4924+/-  0.0128, -0.0025+/-  0.0054, -0.0032+/-  0.0060)
  Orbit copy chosen for outline: from slice  159
 
 ANGLE    12 of    37    theta =   0.000000 degrees, phi =  27.500000 degrees
  Freq. =   0.2878+/-  0.0028 kT, m* =   2.4930+/-  0.0338 m_e, Curv. =   4.1259E+01+/-  7.9017E+00 kT A^2, orbit (1=e,-1=h):  1.0+/- 0.0
  Orbit copies found:    56, RUC avg coords: (  0.9942+/-  0.0016,  0.9944+/-  0.0016,  0.5006+/-  0.0058)
  Orbit copy chosen for outline: from slice  180
 
  Freq. =   0.2898+/-  0.0025 kT, m* =   2.4877+/-  0.0358 m_e, Curv. =   3.4799E+01+/-  8.7363E+00 kT A^2, orbit (1=e,-1=h):  1.0+/- 0.0
  Orbit copies found:    23, RUC avg coords: (  0.9947+/-  0.0017,  0.9947+/-  0.0013,  0.4835+/-  0.0048)
  Orbit copy chosen for outline: from slice  151
 
  Freq. =   0.3267+/-  0.0012 kT, m* =   2.6451+/-  0.0547 m_e, Curv. =  -3.0082E+01+/-  3.2753E+00 kT A^2, orbit (1=e,-1=h):  1.0+/- 0.0
  Orbit copies found:     5, RUC avg coords: (  0.9826+/-  0.0024,  0.9851+/-  0.0013,  0.5464+/-  0.0016)
  Orbit copy chosen for outline: from slice  136
 
  Freq. =   0.3300+/-  0.0026 kT, m* =   2.7523+/-  0.0426 m_e, Curv. =  -4.8373E+01+/-  6.9293E+00 kT A^2, orbit (1=e,-1=h):  1.0+/- 0.0
  Orbit copies found:    79, RUC avg coords: (  0.0088+/-  0.0028,  0.0089+/-  0.0038,  0.4324+/-  0.0074)
  Orbit copy chosen for outline: from slice  132
 
  Freq. =   0.3321+/-  0.0033 kT, m* =   2.7628+/-  0.0564 m_e, Curv. =  -4.5865E+01+/-  8.4707E+00 kT A^2, orbit (1=e,-1=h):  1.0+/- 0.0
  Orbit copies found:    73, RUC avg coords: (  0.9815+/-  0.0026,  0.9828+/-  0.0034,  0.5587+/-  0.0058)
  Orbit copy chosen for outline: from slice  129
 
  Freq. =   0.3398+/-  0.0042 kT, m* =   3.3987+/-  0.1506 m_e, Curv. =   3.2311E+01+/-  1.9917E+01 kT A^2, orbit (1=e,-1=h):  1.0+/- 0.0
  Orbit copies found:    89, RUC avg coords: (  0.9955+/-  0.0109,  0.4952+/-  0.0148,  0.9950+/-  0.0099)
  Orbit copy chosen for outline: from slice  220
 
  Freq. =   0.3467+/-  0.0000 kT, m* =   3.0876+/-  0.0000 m_e, Curv. =   7.2219E+01+/-  0.0000E+00 kT A^2, orbit (1=e,-1=h):  1.0+/- 0.0
  Orbit copies found:     1, RUC avg coords: (  0.9761+/-  0.0000,  0.5327+/-  0.0000,  0.9772+/-  0.0000)
  Orbit copy chosen for outline: from slice  219
 
  Freq. =   0.4127+/-  0.0060 kT, m* =   3.2779+/-  0.2962 m_e, Curv. =  -8.8229E+01+/-  5.0832E+01 kT A^2, orbit (1=e,-1=h):  1.0+/- 0.0
  Orbit copies found:    77, RUC avg coords: (  0.9525+/-  0.0029,  0.5880+/-  0.0108,  0.9523+/-  0.0039)
  Orbit copy chosen for outline: from slice   87
 
  Freq. =   0.4150+/-  0.0040 kT, m* =   3.2812+/-  0.1773 m_e, Curv. =  -8.1591E+01+/-  3.9849E+01 kT A^2, orbit (1=e,-1=h):  1.0+/- 0.0
  Orbit copies found:    83, RUC avg coords: (  0.0373+/-  0.0031,  0.4016+/-  0.0081,  0.0373+/-  0.0031)
  Orbit copy chosen for outline: from slice   83
 
  Freq. =   0.7156+/-  0.0000 kT, m* =   7.8200+/-  0.0000 m_e, Curv. =  -2.1454E+02+/-  0.0000E+00 kT A^2, orbit (1=e,-1=h):  1.0+/- 0.0
  Orbit copies found:     1, RUC avg coords: (  0.5520+/-  0.0000,  0.9919+/-  0.0000,  0.9796+/-  0.0000)
  Orbit copy chosen for outline: from slice   68
 
  Freq. =   0.8133+/-  0.0000 kT, m* =   7.4442+/-  0.0000 m_e, Curv. =  -2.6527E+02+/-  0.0000E+00 kT A^2, orbit (1=e,-1=h):  1.0+/- 0.0
  Orbit copies found:     1, RUC avg coords: (  0.5435+/-  0.0000,  0.9872+/-  0.0000,  0.9766+/-  0.0000)
  Orbit copy chosen for outline: from slice   27
 
  Freq. =   0.9153+/-  0.0000 kT, m* =   7.5716+/-  0.0000 m_e, Curv. =  -3.0087E+02+/-  0.0000E+00 kT A^2, orbit (1=e,-1=h):  1.0+/- 0.0
  Orbit copies found:     1, RUC avg coords: (  0.5285+/-  0.0000,  0.9860+/-  0.0000,  0.9769+/-  0.0000)
  Orbit copy chosen for outline: from slice   48
 
  Freq. =   1.0012+/-  0.0108 kT, m* =   8.6424+/-  0.3753 m_e, Curv. =  -3.6853E+02+/-  2.1816E+01 kT A^2, orbit (1=e,-1=h):  1.0+/- 0.0
  Orbit copies found:    71, RUC avg coords: (  0.4956+/-  0.0130, -0.0051+/-  0.0049, -0.0056+/-  0.0058)
  Orbit copy chosen for outline: from slice  162
 
 ANGLE    13 of    37    theta =   0.000000 degrees, phi =  30.000000 degrees
  Freq. =   0.2880+/-  0.0028 kT, m* =   2.4903+/-  0.0325 m_e, Curv. =   4.0133E+01+/-  6.1924E+00 kT A^2, orbit (1=e,-1=h):  1.0+/- 0.0
  Orbit copies found:    62, RUC avg coords: (  0.9940+/-  0.0019,  0.9943+/-  0.0020,  0.4961+/-  0.0079)
  Orbit copy chosen for outline: from slice  156
 
  Freq. =   0.2894+/-  0.0016 kT, m* =   2.5026+/-  0.0403 m_e, Curv. =   3.9412E+01+/-  4.1554E+00 kT A^2, orbit (1=e,-1=h):  1.0+/- 0.0
  Orbit copies found:    17, RUC avg coords: (  0.9960+/-  0.0015,  0.9954+/-  0.0019,  0.4797+/-  0.0024)
  Orbit copy chosen for outline: from slice   47
 
  Freq. =   0.3002+/-  0.0000 kT, m* =   2.4738+/-  0.0000 m_e, Curv. =  -3.4763E+01+/-  0.0000E+00 kT A^2, orbit (1=e,-1=h):  1.0+/- 0.0
  Orbit copies found:     1, RUC avg coords: (  0.9650+/-  0.0000,  0.9617+/-  0.0000,  0.5756+/-  0.0000)
  Orbit copy chosen for outline: from slice  180
 
  Freq. =   0.3165+/-  0.0037 kT, m* =   3.1681+/-  0.1004 m_e, Curv. =   3.4121E+01+/-  1.5941E+01 kT A^2, orbit (1=e,-1=h):  1.0+/- 0.0
  Orbit copies found:    78, RUC avg coords: (  0.9960+/-  0.0065,  0.4928+/-  0.0081,  0.9966+/-  0.0061)
  Orbit copy chosen for outline: from slice  106
 
  Freq. =   0.3270+/-  0.0007 kT, m* =   2.9279+/-  0.1966 m_e, Curv. =   2.1915E+01+/-  5.5678E+01 kT A^2, orbit (1=e,-1=h):  1.0+/- 0.0
  Orbit copies found:     2, RUC avg coords: (  0.9824+/-  0.0104,  0.5162+/-  0.0153,  0.9820+/-  0.0122)
  Orbit copy chosen for outline: from slice   48
 
  Freq. =   0.3367+/-  0.0037 kT, m* =   2.7698+/-  0.0386 m_e, Curv. =  -5.3611E+01+/-  9.4993E+00 kT A^2, orbit (1=e,-1=h):  1.0+/- 0.0
  Orbit copies found:    79, RUC avg coords: (  0.0095+/-  0.0027,  0.0101+/-  0.0038,  0.4303+/-  0.0067)
  Orbit copy chosen for outline: from slice  103
 
  Freq. =   0.3375+/-  0.0030 kT, m* =   2.8040+/-  0.0524 m_e, Curv. =  -4.8896E+01+/-  8.5508E+00 kT A^2, orbit (1=e,-1=h):  1.0+/- 0.0
  Orbit copies found:    80, RUC avg coords: (  0.9799+/-  0.0030,  0.9808+/-  0.0040,  0.5618+/-  0.0060)
  Orbit copy chosen for outline: from slice   77
 
  Freq. =   0.4015+/-  0.0052 kT, m* =   3.1335+/-  0.2647 m_e, Curv. =  -7.2749E+01+/-  3.8018E+01 kT A^2, orbit (1=e,-1=h):  1.0+/- 0.0
  Orbit copies found:    78, RUC avg coords: (  0.9545+/-  0.0026,  0.5891+/-  0.0097,  0.9548+/-  0.0038)
  Orbit copy chosen for outline: from slice  201
 
  Freq. =   0.4037+/-  0.0035 kT, m* =   3.2192+/-  0.1585 m_e, Curv. =  -7.2166E+01+/-  3.2677E+01 kT A^2, orbit (1=e,-1=h):  1.0+/- 0.0
  Orbit copies found:    84, RUC avg coords: (  0.0369+/-  0.0029,  0.4002+/-  0.0071,  0.0364+/-  0.0038)
  Orbit copy chosen for outline: from slice   98
 
  Freq. =   0.7278+/-  0.0000 kT, m* =   7.8614+/-  0.0000 m_e, Curv. =  -2.6685E+02+/-  0.0000E+00 kT A^2, orbit (1=e,-1=h):  1.0+/- 0.0
  Orbit copies found:     1, RUC avg coords: (  0.5442+/-  0.0000,  0.0028+/-  0.0000,  0.9842+/-  0.0000)
  Orbit copy chosen for outline: from slice   31
 
  Freq. =   0.7858+/-  0.0000 kT, m* =   8.3096+/-  0.0000 m_e, Curv. =  -3.0519E+02+/-  0.0000E+00 kT A^2, orbit (1=e,-1=h):  1.0+/- 0.0
  Orbit copies found:     1, RUC avg coords: (  0.4495+/-  0.0000,  0.9871+/-  0.0000,  0.0034+/-  0.0000)
  Orbit copy chosen for outline: from slice   16
 
  Freq. =   0.8330+/-  0.0000 kT, m* =   7.7939+/-  0.0000 m_e, Curv. =  -3.3261E+02+/-  0.0000E+00 kT A^2, orbit (1=e,-1=h):  1.0+/- 0.0
  Orbit copies found:     1, RUC avg coords: (  0.5347+/-  0.0000,  0.0011+/-  0.0000,  0.9842+/-  0.0000)
  Orbit copy chosen for outline: from slice   49
 
  Freq. =   0.9412+/-  0.0000 kT, m* =   9.7041+/-  0.0000 m_e, Curv. =  -3.8874E+02+/-  0.0000E+00 kT A^2, orbit (1=e,-1=h):  1.0+/- 0.0
  Orbit copies found:     1, RUC avg coords: (  0.5226+/-  0.0000,  0.0070+/-  0.0000,  0.9938+/-  0.0000)
  Orbit copy chosen for outline: from slice   67
 
  Freq. =   1.1551+/-  0.0201 kT, m* =   9.5644+/-  0.2551 m_e, Curv. =  -5.8076E+02+/-  3.7880E+01 kT A^2, orbit (1=e,-1=h):  1.0+/- 0.0
  Orbit copies found:    73, RUC avg coords: (  0.4944+/-  0.0082, -0.0045+/-  0.0046,  0.9945+/-  0.0020)
  Orbit copy chosen for outline: from slice   25
 
 ANGLE    14 of    37    theta =   0.000000 degrees, phi =  32.500000 degrees
  Freq. =   0.2889+/-  0.0026 kT, m* =   2.4860+/-  0.0399 m_e, Curv. =   4.2793E+01+/-  5.3521E+00 kT A^2, orbit (1=e,-1=h):  1.0+/- 0.0
  Orbit copies found:    80, RUC avg coords: (  0.9945+/-  0.0021,  0.9945+/-  0.0020,  0.4916+/-  0.0101)
  Orbit copy chosen for outline: from slice  210
 
  Freq. =   0.2964+/-  0.0043 kT, m* =   2.9638+/-  0.1064 m_e, Curv. =   4.3075E+01+/-  1.4988E+01 kT A^2, orbit (1=e,-1=h):  1.0+/- 0.0
  Orbit copies found:    80, RUC avg coords: (  0.9961+/-  0.0054,  0.4925+/-  0.0081,  0.9957+/-  0.0053)
  Orbit copy chosen for outline: from slice  210
 
  Freq. =   0.3436+/-  0.0036 kT, m* =   2.7973+/-  0.0309 m_e, Curv. =  -5.7178E+01+/-  8.3838E+00 kT A^2, orbit (1=e,-1=h):  1.0+/- 0.0
  Orbit copies found:    82, RUC avg coords: (  0.0102+/-  0.0023,  0.0111+/-  0.0034,  0.4279+/-  0.0067)
  Orbit copy chosen for outline: from slice   78
 
  Freq. =   0.3445+/-  0.0036 kT, m* =   2.8506+/-  0.0500 m_e, Curv. =  -5.2660E+01+/-  8.3224E+00 kT A^2, orbit (1=e,-1=h):  1.0+/- 0.0
  Orbit copies found:    79, RUC avg coords: (  0.9785+/-  0.0028,  0.9790+/-  0.0041,  0.5632+/-  0.0053)
  Orbit copy chosen for outline: from slice  113
 
  Freq. =   0.3922+/-  0.0026 kT, m* =   2.9434+/-  0.1578 m_e, Curv. =  -5.7806E+01+/-  1.9384E+01 kT A^2, orbit (1=e,-1=h):  1.0+/- 0.0
  Orbit copies found:    79, RUC avg coords: (  0.9545+/-  0.0028,  0.5883+/-  0.0070,  0.9546+/-  0.0036)
  Orbit copy chosen for outline: from slice   35
 
  Freq. =   0.3944+/-  0.0042 kT, m* =   3.1476+/-  0.1539 m_e, Curv. =  -7.9475E+01+/-  4.1000E+01 kT A^2, orbit (1=e,-1=h):  1.0+/- 0.0
  Orbit copies found:    86, RUC avg coords: (  0.0362+/-  0.0026,  0.3992+/-  0.0081,  0.0364+/-  0.0034)
  Orbit copy chosen for outline: from slice  147
 
  Freq. =   0.6995+/-  0.0000 kT, m* =   8.9697+/-  0.0000 m_e, Curv. =  -2.9718E+02+/-  0.0000E+00 kT A^2, orbit (1=e,-1=h):  1.0+/- 0.0
  Orbit copies found:     1, RUC avg coords: (  0.5443+/-  0.0000,  0.0111+/-  0.0000,  0.9893+/-  0.0000)
  Orbit copy chosen for outline: from slice   65
 
  Freq. =   0.7812+/-  0.0000 kT, m* =   8.5052+/-  0.0000 m_e, Curv. =  -3.5413E+02+/-  0.0000E+00 kT A^2, orbit (1=e,-1=h):  1.0+/- 0.0
  Orbit copies found:     1, RUC avg coords: (  0.4597+/-  0.0000,  0.9723+/-  0.0000,  0.9932+/-  0.0000)
  Orbit copy chosen for outline: from slice   53
 
  Freq. =   0.8739+/-  0.0000 kT, m* =   8.8193+/-  0.0000 m_e, Curv. =  -4.2487E+02+/-  0.0000E+00 kT A^2, orbit (1=e,-1=h):  1.0+/- 0.0
  Orbit copies found:     1, RUC avg coords: (  0.4641+/-  0.0000,  0.9774+/-  0.0000,  0.9980+/-  0.0000)
  Orbit copy chosen for outline: from slice   38
 
  Freq. =   1.3026+/-  0.0271 kT, m* =  10.1749+/-  0.1665 m_e, Curv. =  -7.8434E+02+/-  4.1723E+01 kT A^2, orbit (1=e,-1=h):  1.0+/- 0.0
  Orbit copies found:    72, RUC avg coords: (  0.4938+/-  0.0052, -0.0039+/-  0.0074,  0.9950+/-  0.0027)
  Orbit copy chosen for outline: from slice   50
 
 ANGLE    15 of    37    theta =   0.000000 degrees, phi =  35.000000 degrees
  Freq. =   0.2786+/-  0.0046 kT, m* =   2.7609+/-  0.0638 m_e, Curv. =   5.0388E+01+/-  1.4227E+01 kT A^2, orbit (1=e,-1=h):  1.0+/- 0.0
  Orbit copies found:    82, RUC avg coords: (  0.9948+/-  0.0038,  0.4944+/-  0.0075,  0.9947+/-  0.0040)
  Orbit copy chosen for outline: from slice    3
 
  Freq. =   0.2899+/-  0.0030 kT, m* =   2.5003+/-  0.0404 m_e, Curv. =   4.4945E+01+/-  6.6781E+00 kT A^2, orbit (1=e,-1=h):  1.0+/- 0.0
  Orbit copies found:    62, RUC avg coords: (  0.9938+/-  0.0021,  0.9941+/-  0.0018,  0.4958+/-  0.0082)
  Orbit copy chosen for outline: from slice   99
 
  Freq. =   0.2918+/-  0.0015 kT, m* =   2.5230+/-  0.0370 m_e, Curv. =   4.6960E+01+/-  3.4301E+00 kT A^2, orbit (1=e,-1=h):  1.0+/- 0.0
  Orbit copies found:    19, RUC avg coords: (  0.9959+/-  0.0014,  0.9955+/-  0.0019,  0.4794+/-  0.0020)
  Orbit copy chosen for outline: from slice    8
 
  Freq. =   0.3509+/-  0.0037 kT, m* =   2.8389+/-  0.0306 m_e, Curv. =  -5.9155E+01+/-  8.4635E+00 kT A^2, orbit (1=e,-1=h):  1.0+/- 0.0
  Orbit copies found:    82, RUC avg coords: (  0.0108+/-  0.0024,  0.0115+/-  0.0036,  0.4258+/-  0.0066)
  Orbit copy chosen for outline: from slice   19
 
  Freq. =   0.3523+/-  0.0036 kT, m* =   2.9087+/-  0.0586 m_e, Curv. =  -5.6217E+01+/-  7.9905E+00 kT A^2, orbit (1=e,-1=h):  1.0+/- 0.0
  Orbit copies found:    79, RUC avg coords: (  0.9774+/-  0.0025,  0.9778+/-  0.0041,  0.5643+/-  0.0048)
  Orbit copy chosen for outline: from slice   38
 
  Freq. =   0.3838+/-  0.0025 kT, m* =   2.8767+/-  0.0930 m_e, Curv. =  -6.0490E+01+/-  1.5619E+01 kT A^2, orbit (1=e,-1=h):  1.0+/- 0.0
  Orbit copies found:    80, RUC avg coords: (  0.9557+/-  0.0026,  0.5874+/-  0.0065,  0.9557+/-  0.0033)
  Orbit copy chosen for outline: from slice  142
 
  Freq. =   0.3869+/-  0.0038 kT, m* =   3.1085+/-  0.1082 m_e, Curv. =  -7.8110E+01+/-  3.0139E+01 kT A^2, orbit (1=e,-1=h):  1.0+/- 0.0
  Orbit copies found:    86, RUC avg coords: (  0.0357+/-  0.0023,  0.4003+/-  0.0069,  0.0355+/-  0.0033)
  Orbit copy chosen for outline: from slice  149
 
  Freq. =   1.0657+/-  0.0000 kT, m* =   9.8851+/-  0.0000 m_e, Curv. =  -6.1680E+02+/-  0.0000E+00 kT A^2, orbit (1=e,-1=h):  1.0+/- 0.0
  Orbit copies found:     1, RUC avg coords: (  0.4877+/-  0.0000,  0.9636+/-  0.0000,  0.9825+/-  0.0000)
  Orbit copy chosen for outline: from slice   66
 
  Freq. =   1.4116+/-  0.0348 kT, m* =  10.4135+/-  0.2225 m_e, Curv. =  -8.9343E+02+/-  4.3664E+01 kT A^2, orbit (1=e,-1=h):  1.0+/- 0.0
  Orbit copies found:    74, RUC avg coords: (  0.4937+/-  0.0044,  0.9948+/-  0.0087,  0.9950+/-  0.0034)
  Orbit copy chosen for outline: from slice  223
 
 ANGLE    16 of    37    theta =   0.000000 degrees, phi =  37.500000 degrees
  Freq. =   0.2677+/-  0.0034 kT, m* =   2.5967+/-  0.0400 m_e, Curv. =   3.9154E+01+/-  9.5119E+00 kT A^2, orbit (1=e,-1=h):  1.0+/- 0.0
  Orbit copies found:    78, RUC avg coords: (  0.9953+/-  0.0047,  0.4936+/-  0.0068,  0.9957+/-  0.0044)
  Orbit copy chosen for outline: from slice  148
 
  Freq. =   0.2926+/-  0.0036 kT, m* =   2.5276+/-  0.0402 m_e, Curv. =   4.9810E+01+/-  6.7420E+00 kT A^2, orbit (1=e,-1=h):  1.0+/- 0.0
  Orbit copies found:    77, RUC avg coords: (  0.9944+/-  0.0027,  0.9946+/-  0.0021,  0.4929+/-  0.0087)
  Orbit copy chosen for outline: from slice   60
 
  Freq. =   0.3586+/-  0.0041 kT, m* =   2.8963+/-  0.0284 m_e, Curv. =  -6.2185E+01+/-  9.8979E+00 kT A^2, orbit (1=e,-1=h):  1.0+/- 0.0
  Orbit copies found:    80, RUC avg coords: (  0.0124+/-  0.0029,  0.0134+/-  0.0043,  0.4242+/-  0.0070)
  Orbit copy chosen for outline: from slice  221
 
  Freq. =   0.3615+/-  0.0035 kT, m* =   2.9868+/-  0.0643 m_e, Curv. =  -6.2565E+01+/-  1.0745E+01 kT A^2, orbit (1=e,-1=h):  1.0+/- 0.0
  Orbit copies found:    76, RUC avg coords: (  0.9763+/-  0.0023,  0.9764+/-  0.0035,  0.5671+/-  0.0054)
  Orbit copy chosen for outline: from slice   32
 
  Freq. =   0.3752+/-  0.0044 kT, m* =   3.0520+/-  0.1463 m_e, Curv. =  -6.8463E+01+/-  2.6266E+01 kT A^2, orbit (1=e,-1=h):  1.0+/- 0.0
  Orbit copies found:    87, RUC avg coords: (  0.0342+/-  0.0034,  0.3990+/-  0.0060,  0.0339+/-  0.0040)
  Orbit copy chosen for outline: from slice  210
 
  Freq. =   0.3763+/-  0.0034 kT, m* =   2.8743+/-  0.0680 m_e, Curv. =  -6.1280E+01+/-  9.2610E+00 kT A^2, orbit (1=e,-1=h):  1.0+/- 0.0
  Orbit copies found:    75, RUC avg coords: (  0.9567+/-  0.0020,  0.5873+/-  0.0069,  0.9570+/-  0.0026)
  Orbit copy chosen for outline: from slice  227
 
  Freq. =   1.4721+/-  0.0274 kT, m* =  10.2018+/-  0.2093 m_e, Curv. =  -8.9321E+02+/-  2.2040E+01 kT A^2, orbit (1=e,-1=h):  1.0+/- 0.0
  Orbit copies found:    71, RUC avg coords: (  0.4934+/-  0.0042, -0.0043+/-  0.0094,  0.9954+/-  0.0034)
  Orbit copy chosen for outline: from slice  159
 
 ANGLE    17 of    37    theta =   0.000000 degrees, phi =  40.000000 degrees
  Freq. =   0.0188+/-  0.0000 kT, m* =   1.1348+/-  0.0000 m_e, Curv. =   7.3425E+01+/-  0.0000E+00 kT A^2, orbit (1=e,-1=h):  1.0+/- 0.0
  Orbit copies found:     1, RUC avg coords: (  0.3929+/-  0.0000,  0.0437+/-  0.0000,  0.0865+/-  0.0000)
  Orbit copy chosen for outline: from slice  162
 
  Freq. =   0.2473+/-  0.0000 kT, m* =   2.5289+/-  0.0000 m_e, Curv. =   5.6131E+01+/-  0.0000E+00 kT A^2, orbit (1=e,-1=h):  1.0+/- 0.0
  Orbit copies found:     1, RUC avg coords: (  0.9941+/-  0.0000,  0.4991+/-  0.0000,  0.9938+/-  0.0000)
  Orbit copy chosen for outline: from slice  144
 
  Freq. =   0.2562+/-  0.0032 kT, m* =   2.4908+/-  0.0642 m_e, Curv. =   3.8405E+01+/-  7.1677E+00 kT A^2, orbit (1=e,-1=h):  1.0+/- 0.0
  Orbit copies found:    71, RUC avg coords: (  0.9958+/-  0.0038,  0.4952+/-  0.0055,  0.9962+/-  0.0033)
  Orbit copy chosen for outline: from slice  106
 
  Freq. =   0.2971+/-  0.0035 kT, m* =   2.5645+/-  0.0408 m_e, Curv. =   5.2297E+01+/-  7.1974E+00 kT A^2, orbit (1=e,-1=h):  1.0+/- 0.0
  Orbit copies found:    75, RUC avg coords: (  0.9947+/-  0.0033,  0.9943+/-  0.0023,  0.4920+/-  0.0098)
  Orbit copy chosen for outline: from slice    2
 
  Freq. =   0.3597+/-  0.0000 kT, m* =   2.9341+/-  0.0000 m_e, Curv. =  -5.5814E+01+/-  0.0000E+00 kT A^2, orbit (1=e,-1=h):  1.0+/- 0.0
  Orbit copies found:     1, RUC avg coords: (  0.9776+/-  0.0000,  0.9826+/-  0.0000,  0.5553+/-  0.0000)
  Orbit copy chosen for outline: from slice  225
 
  Freq. =   0.3637+/-  0.0000 kT, m* =   3.0001+/-  0.0000 m_e, Curv. =  -4.5946E+01+/-  0.0000E+00 kT A^2, orbit (1=e,-1=h):  1.0+/- 0.0
  Orbit copies found:     1, RUC avg coords: (  0.9760+/-  0.0000,  0.9776+/-  0.0000,  0.5561+/-  0.0000)
  Orbit copy chosen for outline: from slice   30
 
  Freq. =   0.3657+/-  0.0035 kT, m* =   2.9961+/-  0.1629 m_e, Curv. =  -6.1110E+01+/-  2.1399E+01 kT A^2, orbit (1=e,-1=h):  1.0+/- 0.0
  Orbit copies found:    81, RUC avg coords: (  0.0324+/-  0.0036,  0.4005+/-  0.0056,  0.0320+/-  0.0040)
  Orbit copy chosen for outline: from slice  103
 
  Freq. =   0.3681+/-  0.0030 kT, m* =   2.9635+/-  0.0288 m_e, Curv. =  -6.4988E+01+/-  9.8456E+00 kT A^2, orbit (1=e,-1=h):  1.0+/- 0.0
  Orbit copies found:    75, RUC avg coords: (  0.0130+/-  0.0027,  0.0141+/-  0.0037,  0.4222+/-  0.0057)
  Orbit copy chosen for outline: from slice  148
 
  Freq. =   0.3691+/-  0.0047 kT, m* =   2.8655+/-  0.0762 m_e, Curv. =  -6.9279E+01+/-  1.8340E+01 kT A^2, orbit (1=e,-1=h):  1.0+/- 0.0
  Orbit copies found:    72, RUC avg coords: (  0.9577+/-  0.0024,  0.5870+/-  0.0076,  0.9580+/-  0.0029)
  Orbit copy chosen for outline: from slice   50
 
  Freq. =   0.3720+/-  0.0039 kT, m* =   3.0567+/-  0.0601 m_e, Curv. =  -6.6372E+01+/-  1.0167E+01 kT A^2, orbit (1=e,-1=h):  1.0+/- 0.0
  Orbit copies found:    70, RUC avg coords: (  0.9760+/-  0.0027,  0.9764+/-  0.0037,  0.5674+/-  0.0053)
  Orbit copy chosen for outline: from slice   38
 
  Freq. =   1.4765+/-  0.0373 kT, m* =   9.8041+/-  0.3090 m_e, Curv. =  -8.1286E+02+/-  3.4559E+01 kT A^2, orbit (1=e,-1=h):  1.0+/- 0.0
  Orbit copies found:    68, RUC avg coords: (  0.4952+/-  0.0044,  0.9996+/-  0.0112,  0.9976+/-  0.0055)
  Orbit copy chosen for outline: from slice   10
 
 ANGLE    18 of    37    theta =   0.000000 degrees, phi =  42.500000 degrees
  Freq. =   0.2468+/-  0.0031 kT, m* =   2.3914+/-  0.0816 m_e, Curv. =   3.8157E+01+/-  8.0264E+00 kT A^2, orbit (1=e,-1=h):  1.0+/- 0.0
  Orbit copies found:    72, RUC avg coords: (  0.9957+/-  0.0045,  0.4959+/-  0.0065,  0.9958+/-  0.0038)
  Orbit copy chosen for outline: from slice   47
 
  Freq. =   0.3020+/-  0.0031 kT, m* =   2.6133+/-  0.0435 m_e, Curv. =   5.4344E+01+/-  7.7075E+00 kT A^2, orbit (1=e,-1=h):  1.0+/- 0.0
  Orbit copies found:    71, RUC avg coords: (  0.9936+/-  0.0033,  0.9939+/-  0.0022,  0.4951+/-  0.0088)
  Orbit copy chosen for outline: from slice  109
 
  Freq. =   0.3574+/-  0.0040 kT, m* =   2.9216+/-  0.1813 m_e, Curv. =  -6.0125E+01+/-  2.3789E+01 kT A^2, orbit (1=e,-1=h):  1.0+/- 0.0
  Orbit copies found:    78, RUC avg coords: (  0.0298+/-  0.0038,  0.4012+/-  0.0059,  0.0300+/-  0.0039)
  Orbit copy chosen for outline: from slice   97
 
  Freq. =   0.3616+/-  0.0037 kT, m* =   2.8620+/-  0.1056 m_e, Curv. =  -7.0540E+01+/-  1.4694E+01 kT A^2, orbit (1=e,-1=h):  1.0+/- 0.0
  Orbit copies found:    72, RUC avg coords: (  0.9587+/-  0.0032,  0.5879+/-  0.0060,  0.9586+/-  0.0037)
  Orbit copy chosen for outline: from slice  218
 
  Freq. =   0.3786+/-  0.0039 kT, m* =   3.0480+/-  0.0418 m_e, Curv. =  -7.1540E+01+/-  1.4044E+01 kT A^2, orbit (1=e,-1=h):  1.0+/- 0.0
  Orbit copies found:    72, RUC avg coords: (  0.0155+/-  0.0042,  0.0164+/-  0.0046,  0.4214+/-  0.0048)
  Orbit copy chosen for outline: from slice  106
 
  Freq. =   0.3818+/-  0.0052 kT, m* =   3.1286+/-  0.0733 m_e, Curv. =  -7.4917E+01+/-  1.4125E+01 kT A^2, orbit (1=e,-1=h):  1.0+/- 0.0
  Orbit copies found:    72, RUC avg coords: (  0.9740+/-  0.0037,  0.9745+/-  0.0049,  0.5686+/-  0.0054)
  Orbit copy chosen for outline: from slice  102
 
  Freq. =   1.4455+/-  0.0187 kT, m* =   9.2379+/-  0.2895 m_e, Curv. =  -7.1532E+02+/-  4.6031E+01 kT A^2, orbit (1=e,-1=h):  1.0+/- 0.0
  Orbit copies found:    69, RUC avg coords: (  0.4950+/-  0.0054,  0.9974+/-  0.0117,  0.9974+/-  0.0066)
  Orbit copy chosen for outline: from slice  175
 
 ANGLE    19 of    37    theta =   0.000000 degrees, phi =  45.000000 degrees
  Freq. =   0.2387+/-  0.0030 kT, m* =   2.3260+/-  0.0721 m_e, Curv. =   3.5550E+01+/-  7.1170E+00 kT A^2, orbit (1=e,-1=h):  1.0+/- 0.0
  Orbit copies found:    72, RUC avg coords: ( -0.0045+/-  0.0050,  0.4971+/-  0.0065, -0.0047+/-  0.0042)
  Orbit copy chosen for outline: from slice  196
 
  Freq. =   0.3086+/-  0.0033 kT, m* =   2.6883+/-  0.0544 m_e, Curv. =   5.7126E+01+/-  6.5152E+00 kT A^2, orbit (1=e,-1=h):  1.0+/- 0.0
  Orbit copies found:    71, RUC avg coords: (  0.9941+/-  0.0039,  0.9943+/-  0.0026,  0.4960+/-  0.0091)
  Orbit copy chosen for outline: from slice   33
 
  Freq. =   0.3135+/-  0.0000 kT, m* =   2.7472+/-  0.0000 m_e, Curv. =   5.1687E+01+/-  0.0000E+00 kT A^2, orbit (1=e,-1=h):  1.0+/- 0.0
  Orbit copies found:     1, RUC avg coords: (  0.9974+/-  0.0000,  0.9953+/-  0.0000,  0.4776+/-  0.0000)
  Orbit copy chosen for outline: from slice   33
 
  Freq. =   0.3492+/-  0.0029 kT, m* =   2.7870+/-  0.1906 m_e, Curv. =  -5.6200E+01+/-  2.3309E+01 kT A^2, orbit (1=e,-1=h):  1.0+/- 0.0
  Orbit copies found:    77, RUC avg coords: (  0.0274+/-  0.0035,  0.4026+/-  0.0056,  0.0276+/-  0.0042)
  Orbit copy chosen for outline: from slice    5
 
  Freq. =   0.3549+/-  0.0038 kT, m* =   2.8642+/-  0.1533 m_e, Curv. =  -7.4680E+01+/-  2.4018E+01 kT A^2, orbit (1=e,-1=h):  1.0+/- 0.0
  Orbit copies found:    72, RUC avg coords: (  0.9592+/-  0.0029,  0.5872+/-  0.0061,  0.9592+/-  0.0033)
  Orbit copy chosen for outline: from slice  167
 
  Freq. =   0.3905+/-  0.0047 kT, m* =   3.1298+/-  0.0574 m_e, Curv. =  -7.4972E+01+/-  1.3881E+01 kT A^2, orbit (1=e,-1=h):  1.0+/- 0.0
  Orbit copies found:    72, RUC avg coords: (  0.0170+/-  0.0042,  0.0167+/-  0.0045,  0.4221+/-  0.0051)
  Orbit copy chosen for outline: from slice   44
 
  Freq. =   0.3928+/-  0.0055 kT, m* =   3.1827+/-  0.0867 m_e, Curv. =  -7.8369E+01+/-  1.3613E+01 kT A^2, orbit (1=e,-1=h):  1.0+/- 0.0
  Orbit copies found:    72, RUC avg coords: (  0.9718+/-  0.0036,  0.9730+/-  0.0046,  0.5684+/-  0.0056)
  Orbit copy chosen for outline: from slice  154
 
  Freq. =   1.1418+/-  0.0055 kT, m* =   9.3229+/-  0.1124 m_e, Curv. =  -6.8339E+02+/-  4.9398E+00 kT A^2, orbit (1=e,-1=h):  1.0+/- 0.0
  Orbit copies found:     5, RUC avg coords: (  0.4848+/-  0.0026,  0.0341+/-  0.0006,  0.0174+/-  0.0003)
  Orbit copy chosen for outline: from slice    7
 
  Freq. =   1.3742+/-  0.0179 kT, m* =   8.7700+/-  0.4047 m_e, Curv. =  -6.0796E+02+/-  6.6653E+01 kT A^2, orbit (1=e,-1=h):  1.0+/- 0.0
  Orbit copies found:    63, RUC avg coords: (  0.4962+/-  0.0069, -0.0040+/-  0.0121, -0.0037+/-  0.0086)
  Orbit copy chosen for outline: from slice   33
 
 ANGLE    20 of    37    theta =   0.000000 degrees, phi =  47.500000 degrees
  Freq. =   0.2311+/-  0.0043 kT, m* =   2.2339+/-  0.0774 m_e, Curv. =   4.3280E+01+/-  1.5009E+01 kT A^2, orbit (1=e,-1=h):  1.0+/- 0.0
  Orbit copies found:    72, RUC avg coords: (  0.9942+/-  0.0060,  0.4989+/-  0.0077,  0.9943+/-  0.0050)
  Orbit copy chosen for outline: from slice   82
 
  Freq. =   0.3176+/-  0.0039 kT, m* =   2.7808+/-  0.0580 m_e, Curv. =   5.8176E+01+/-  7.5864E+00 kT A^2, orbit (1=e,-1=h):  1.0+/- 0.0
  Orbit copies found:    72, RUC avg coords: (  0.9941+/-  0.0046,  0.9942+/-  0.0027,  0.4959+/-  0.0092)
  Orbit copy chosen for outline: from slice   85
 
  Freq. =   0.3432+/-  0.0037 kT, m* =   2.7081+/-  0.1853 m_e, Curv. =  -5.8915E+01+/-  2.5436E+01 kT A^2, orbit (1=e,-1=h):  1.0+/- 0.0
  Orbit copies found:    72, RUC avg coords: (  0.0261+/-  0.0034,  0.4040+/-  0.0061,  0.0269+/-  0.0039)
  Orbit copy chosen for outline: from slice  227
 
  Freq. =   0.3460+/-  0.0031 kT, m* =   2.7715+/-  0.1525 m_e, Curv. =  -6.2509E+01+/-  2.4045E+01 kT A^2, orbit (1=e,-1=h):  1.0+/- 0.0
  Orbit copies found:    72, RUC avg coords: (  0.9613+/-  0.0028,  0.5862+/-  0.0048,  0.9611+/-  0.0034)
  Orbit copy chosen for outline: from slice  170
 
  Freq. =   0.4032+/-  0.0049 kT, m* =   3.2042+/-  0.0586 m_e, Curv. =  -8.1088E+01+/-  1.1461E+01 kT A^2, orbit (1=e,-1=h):  1.0+/- 0.0
  Orbit copies found:    72, RUC avg coords: (  0.0190+/-  0.0037,  0.0184+/-  0.0042,  0.4211+/-  0.0062)
  Orbit copy chosen for outline: from slice  136
 
  Freq. =   0.4057+/-  0.0056 kT, m* =   3.2488+/-  0.0816 m_e, Curv. =  -8.2787E+01+/-  1.1635E+01 kT A^2, orbit (1=e,-1=h):  1.0+/- 0.0
  Orbit copies found:    72, RUC avg coords: (  0.9712+/-  0.0036,  0.9730+/-  0.0043,  0.5671+/-  0.0064)
  Orbit copy chosen for outline: from slice  154
 
  Freq. =   1.0413+/-  0.0073 kT, m* =   9.7472+/-  0.1541 m_e, Curv. =  -9.6552E+02+/-  4.7005E+00 kT A^2, orbit (1=e,-1=h):  1.0+/- 0.0
  Orbit copies found:     2, RUC avg coords: (  0.4724+/-  0.0026,  0.0363+/-  0.0011,  0.0165+/-  0.0018)
  Orbit copy chosen for outline: from slice  103
 
  Freq. =   1.2817+/-  0.0276 kT, m* =   8.3848+/-  0.4418 m_e, Curv. =  -6.0609E+02+/-  5.6657E+01 kT A^2, orbit (1=e,-1=h):  1.0+/- 0.0
  Orbit copies found:    74, RUC avg coords: (  0.4951+/-  0.0061, -0.0011+/-  0.0126, -0.0027+/-  0.0086)
  Orbit copy chosen for outline: from slice   45
 
 ANGLE    21 of    37    theta =   0.000000 degrees, phi =  50.000000 degrees
  Freq. =   0.2263+/-  0.0026 kT, m* =   2.1904+/-  0.0757 m_e, Curv. =   3.5660E+01+/-  1.0650E+01 kT A^2, orbit (1=e,-1=h):  1.0+/- 0.0
  Orbit copies found:    72, RUC avg coords: (  0.9949+/-  0.0055,  0.4990+/-  0.0058,  0.9949+/-  0.0042)
  Orbit copy chosen for outline: from slice   85
 
  Freq. =   0.3285+/-  0.0046 kT, m* =   2.8839+/-  0.0601 m_e, Curv. =   5.6485E+01+/-  8.0873E+00 kT A^2, orbit (1=e,-1=h):  1.0+/- 0.0
  Orbit copies found:    72, RUC avg coords: (  0.9941+/-  0.0055,  0.9940+/-  0.0032,  0.4956+/-  0.0108)
  Orbit copy chosen for outline: from slice   72
 
  Freq. =   0.3370+/-  0.0042 kT, m* =   2.5927+/-  0.1015 m_e, Curv. =  -5.4699E+01+/-  1.4485E+01 kT A^2, orbit (1=e,-1=h):  1.0+/- 0.0
  Orbit copies found:    72, RUC avg coords: (  0.0247+/-  0.0021,  0.4079+/-  0.0073,  0.0254+/-  0.0024)
  Orbit copy chosen for outline: from slice  200
 
  Freq. =   0.3380+/-  0.0045 kT, m* =   2.7299+/-  0.2333 m_e, Curv. =  -6.5436E+01+/-  3.1492E+01 kT A^2, orbit (1=e,-1=h):  1.0+/- 0.0
  Orbit copies found:    72, RUC avg coords: (  0.9624+/-  0.0031,  0.5860+/-  0.0068,  0.9623+/-  0.0035)
  Orbit copy chosen for outline: from slice   49
 
  Freq. =   0.4142+/-  0.0020 kT, m* =   3.3410+/-  0.0235 m_e, Curv. =  -6.9904E+01+/-  2.9283E+00 kT A^2, orbit (1=e,-1=h):  1.0+/- 0.0
  Orbit copies found:     5, RUC avg coords: (  0.9707+/-  0.0028,  0.9743+/-  0.0028,  0.5526+/-  0.0032)
  Orbit copy chosen for outline: from slice  232
 
  Freq. =   0.4164+/-  0.0046 kT, m* =   3.2800+/-  0.0630 m_e, Curv. =  -8.3088E+01+/-  9.6401E+00 kT A^2, orbit (1=e,-1=h):  1.0+/- 0.0
  Orbit copies found:    72, RUC avg coords: (  0.0204+/-  0.0026,  0.0188+/-  0.0035,  0.4222+/-  0.0067)
  Orbit copy chosen for outline: from slice  226
 
  Freq. =   0.4192+/-  0.0055 kT, m* =   3.2761+/-  0.0638 m_e, Curv. =  -8.9300E+01+/-  1.2352E+01 kT A^2, orbit (1=e,-1=h):  1.0+/- 0.0
  Orbit copies found:    67, RUC avg coords: (  0.9689+/-  0.0028,  0.9705+/-  0.0038,  0.5701+/-  0.0054)
  Orbit copy chosen for outline: from slice  141
 
  Freq. =   1.1748+/-  0.0202 kT, m* =   8.1803+/-  0.3733 m_e, Curv. =  -5.6964E+02+/-  4.7646E+01 kT A^2, orbit (1=e,-1=h):  1.0+/- 0.0
  Orbit copies found:    81, RUC avg coords: (  0.4950+/-  0.0063,  0.9985+/-  0.0100,  0.9971+/-  0.0058)
  Orbit copy chosen for outline: from slice   95
 
 ANGLE    22 of    37    theta =   0.000000 degrees, phi =  52.500000 degrees
  Freq. =   0.2211+/-  0.0024 kT, m* =   2.0734+/-  0.0897 m_e, Curv. =   3.4036E+01+/-  7.6071E+00 kT A^2, orbit (1=e,-1=h):  1.0+/- 0.0
  Orbit copies found:    69, RUC avg coords: (  0.9935+/-  0.0039,  0.4994+/-  0.0060,  0.9939+/-  0.0032)
  Orbit copy chosen for outline: from slice  144
 
  Freq. =   0.2283+/-  0.0002 kT, m* =   2.2666+/-  0.0105 m_e, Curv. =   1.5956E+01+/-  1.6883E+00 kT A^2, orbit (1=e,-1=h):  1.0+/- 0.0
  Orbit copies found:     3, RUC avg coords: (  0.9968+/-  0.0024,  0.4943+/-  0.0008,  0.9946+/-  0.0016)
  Orbit copy chosen for outline: from slice  192
 
  Freq. =   0.3297+/-  0.0024 kT, m* =   2.5673+/-  0.1101 m_e, Curv. =  -4.4181E+01+/-  1.3226E+01 kT A^2, orbit (1=e,-1=h):  1.0+/- 0.0
  Orbit copies found:    73, RUC avg coords: (  0.9650+/-  0.0023,  0.5826+/-  0.0058,  0.9650+/-  0.0023)
  Orbit copy chosen for outline: from slice  200
 
  Freq. =   0.3321+/-  0.0035 kT, m* =   2.5576+/-  0.0760 m_e, Curv. =  -5.8133E+01+/-  8.8937E+00 kT A^2, orbit (1=e,-1=h):  1.0+/- 0.0
  Orbit copies found:    76, RUC avg coords: (  0.0242+/-  0.0020,  0.4092+/-  0.0061,  0.0247+/-  0.0025)
  Orbit copy chosen for outline: from slice   75
 
  Freq. =   0.3418+/-  0.0047 kT, m* =   3.0113+/-  0.0682 m_e, Curv. =   5.4460E+01+/-  1.0207E+01 kT A^2, orbit (1=e,-1=h):  1.0+/- 0.0
  Orbit copies found:    72, RUC avg coords: ( -0.0062+/-  0.0056,  0.9939+/-  0.0032,  0.4954+/-  0.0099)
  Orbit copy chosen for outline: from slice   46
 
  Freq. =   0.4283+/-  0.0041 kT, m* =   3.3348+/-  0.0519 m_e, Curv. =  -8.1239E+01+/-  8.9805E+00 kT A^2, orbit (1=e,-1=h):  1.0+/- 0.0
  Orbit copies found:    73, RUC avg coords: (  0.0212+/-  0.0020,  0.0192+/-  0.0037,  0.4227+/-  0.0081)
  Orbit copy chosen for outline: from slice   75
 
  Freq. =   0.4308+/-  0.0061 kT, m* =   3.3259+/-  0.0409 m_e, Curv. =  -8.4136E+01+/-  1.2896E+01 kT A^2, orbit (1=e,-1=h):  1.0+/- 0.0
  Orbit copies found:    73, RUC avg coords: (  0.9683+/-  0.0021,  0.9707+/-  0.0034,  0.5686+/-  0.0083)
  Orbit copy chosen for outline: from slice  171
 
  Freq. =   1.0363+/-  0.0128 kT, m* =   7.9922+/-  0.4433 m_e, Curv. =  -4.4540E+02+/-  5.3245E+01 kT A^2, orbit (1=e,-1=h):  1.0+/- 0.0
  Orbit copies found:    77, RUC avg coords: (  0.4953+/-  0.0102, -0.0053+/-  0.0100,  0.9950+/-  0.0066)
  Orbit copy chosen for outline: from slice  133
 
 ANGLE    23 of    37    theta =   0.000000 degrees, phi =  55.000000 degrees
  Freq. =   0.2188+/-  0.0021 kT, m* =   2.0265+/-  0.0518 m_e, Curv. =   2.8203E+01+/-  5.9805E+00 kT A^2, orbit (1=e,-1=h):  1.0+/- 0.0
  Orbit copies found:    72, RUC avg coords: (  0.9933+/-  0.0040,  0.4979+/-  0.0057,  0.9930+/-  0.0033)
  Orbit copy chosen for outline: from slice  155
 
  Freq. =   0.3236+/-  0.0031 kT, m* =   2.5159+/-  0.1083 m_e, Curv. =  -4.2784E+01+/-  9.6901E+00 kT A^2, orbit (1=e,-1=h):  1.0+/- 0.0
  Orbit copies found:    72, RUC avg coords: (  0.9656+/-  0.0021,  0.5779+/-  0.0070,  0.9656+/-  0.0025)
  Orbit copy chosen for outline: from slice   86
 
  Freq. =   0.3283+/-  0.0040 kT, m* =   2.5264+/-  0.0682 m_e, Curv. =  -6.3511E+01+/-  1.2015E+01 kT A^2, orbit (1=e,-1=h):  1.0+/- 0.0
  Orbit copies found:    73, RUC avg coords: (  0.0243+/-  0.0027,  0.4125+/-  0.0057,  0.0246+/-  0.0031)
  Orbit copy chosen for outline: from slice   45
 
  Freq. =   0.3562+/-  0.0051 kT, m* =   3.1230+/-  0.0725 m_e, Curv. =   5.5851E+01+/-  1.4354E+01 kT A^2, orbit (1=e,-1=h):  1.0+/- 0.0
  Orbit copies found:    72, RUC avg coords: ( -0.0066+/-  0.0055,  0.9940+/-  0.0031,  0.4962+/-  0.0108)
  Orbit copy chosen for outline: from slice  213
 
  Freq. =   0.4398+/-  0.0017 kT, m* =   3.3703+/-  0.0075 m_e, Curv. =  -8.5537E+01+/-  1.0486E+01 kT A^2, orbit (1=e,-1=h):  1.0+/- 0.0
  Orbit copies found:     2, RUC avg coords: (  0.9703+/-  0.0007,  0.9750+/-  0.0018,  0.5540+/-  0.0002)
  Orbit copy chosen for outline: from slice   99
 
  Freq. =   0.4436+/-  0.0045 kT, m* =   3.4063+/-  0.0350 m_e, Curv. =  -8.2360E+01+/-  1.1054E+01 kT A^2, orbit (1=e,-1=h):  1.0+/- 0.0
  Orbit copies found:    74, RUC avg coords: (  0.0218+/-  0.0020,  0.0202+/-  0.0041,  0.4206+/-  0.0072)
  Orbit copy chosen for outline: from slice   57
 
  Freq. =   0.4437+/-  0.0055 kT, m* =   3.3653+/-  0.0351 m_e, Curv. =  -8.0009E+01+/-  1.1139E+01 kT A^2, orbit (1=e,-1=h):  1.0+/- 0.0
  Orbit copies found:    70, RUC avg coords: (  0.9682+/-  0.0020,  0.9704+/-  0.0032,  0.5691+/-  0.0079)
  Orbit copy chosen for outline: from slice   86
 
  Freq. =   0.8865+/-  0.0093 kT, m* =   7.5311+/-  0.4675 m_e, Curv. =  -2.6680E+02+/-  3.5480E+01 kT A^2, orbit (1=e,-1=h):  1.0+/- 0.0
  Orbit copies found:    76, RUC avg coords: (  0.4971+/-  0.0128, -0.0067+/-  0.0081, -0.0060+/-  0.0072)
  Orbit copy chosen for outline: from slice  232
 
 ANGLE    24 of    37    theta =   0.000000 degrees, phi =  57.500000 degrees
  Freq. =   0.2152+/-  0.0019 kT, m* =   1.9711+/-  0.0842 m_e, Curv. =   2.8751E+01+/-  4.1217E+00 kT A^2, orbit (1=e,-1=h):  1.0+/- 0.0
  Orbit copies found:    76, RUC avg coords: (  0.9940+/-  0.0030,  0.4974+/-  0.0063,  0.9940+/-  0.0027)
  Orbit copy chosen for outline: from slice  142
 
  Freq. =   0.3199+/-  0.0031 kT, m* =   2.4891+/-  0.0883 m_e, Curv. =  -4.7320E+01+/-  6.8565E+00 kT A^2, orbit (1=e,-1=h):  1.0+/- 0.0
  Orbit copies found:    75, RUC avg coords: (  0.9676+/-  0.0025,  0.5762+/-  0.0061,  0.9679+/-  0.0025)
  Orbit copy chosen for outline: from slice   74
 
  Freq. =   0.3222+/-  0.0035 kT, m* =   2.5310+/-  0.0759 m_e, Curv. =  -6.4688E+01+/-  1.3191E+01 kT A^2, orbit (1=e,-1=h):  1.0+/- 0.0
  Orbit copies found:    73, RUC avg coords: (  0.0241+/-  0.0024,  0.4122+/-  0.0055,  0.0244+/-  0.0026)
  Orbit copy chosen for outline: from slice  226
 
  Freq. =   0.3734+/-  0.0000 kT, m* =   3.1626+/-  0.0000 m_e, Curv. =   8.1875E+01+/-  0.0000E+00 kT A^2, orbit (1=e,-1=h):  1.0+/- 0.0
  Orbit copies found:     1, RUC avg coords: (  0.9862+/-  0.0000,  0.9917+/-  0.0000,  0.5173+/-  0.0000)
  Orbit copy chosen for outline: from slice  218
 
  Freq. =   0.3738+/-  0.0038 kT, m* =   3.2521+/-  0.0557 m_e, Curv. =   6.2092E+01+/-  1.5055E+01 kT A^2, orbit (1=e,-1=h):  1.0+/- 0.0
  Orbit copies found:    70, RUC avg coords: (  0.9944+/-  0.0052,  0.9944+/-  0.0034,  0.4943+/-  0.0117)
  Orbit copy chosen for outline: from slice   51
 
  Freq. =   0.3806+/-  0.0000 kT, m* =   3.2228+/-  0.0000 m_e, Curv. =   7.5437E+01+/-  0.0000E+00 kT A^2, orbit (1=e,-1=h):  1.0+/- 0.0
  Orbit copies found:     1, RUC avg coords: (  0.9832+/-  0.0000,  0.9892+/-  0.0000,  0.5240+/-  0.0000)
  Orbit copy chosen for outline: from slice  162
 
  Freq. =   0.4576+/-  0.0038 kT, m* =   3.4941+/-  0.0681 m_e, Curv. =  -7.8416E+01+/-  1.3128E+01 kT A^2, orbit (1=e,-1=h):  1.0+/- 0.0
  Orbit copies found:    73, RUC avg coords: (  0.0223+/-  0.0021,  0.0208+/-  0.0042,  0.4196+/-  0.0072)
  Orbit copy chosen for outline: from slice  121
 
  Freq. =   0.4593+/-  0.0034 kT, m* =   3.5276+/-  0.2044 m_e, Curv. =  -7.9586E+01+/-  1.2062E+01 kT A^2, orbit (1=e,-1=h):  1.0+/- 0.0
  Orbit copies found:    74, RUC avg coords: (  0.9665+/-  0.0022,  0.9684+/-  0.0040,  0.5712+/-  0.0076)
  Orbit copy chosen for outline: from slice  228
 
  Freq. =   0.7444+/-  0.0043 kT, m* =   6.6360+/-  0.3482 m_e, Curv. =  -9.5562E+01+/-  1.0182E+01 kT A^2, orbit (1=e,-1=h):  1.0+/- 0.0
  Orbit copies found:    76, RUC avg coords: (  0.4928+/-  0.0171,  0.9946+/-  0.0063,  0.9959+/-  0.0075)
  Orbit copy chosen for outline: from slice  116
 
 ANGLE    25 of    37    theta =   0.000000 degrees, phi =  60.000000 degrees
  Freq. =   0.2126+/-  0.0021 kT, m* =   1.9290+/-  0.0538 m_e, Curv. =   2.8557E+01+/-  4.0193E+00 kT A^2, orbit (1=e,-1=h):  1.0+/- 0.0
  Orbit copies found:    78, RUC avg coords: (  0.9940+/-  0.0024,  0.4955+/-  0.0059,  0.9942+/-  0.0022)
  Orbit copy chosen for outline: from slice   20
 
  Freq. =   0.3159+/-  0.0034 kT, m* =   2.5300+/-  0.0833 m_e, Curv. =  -6.2650E+01+/-  1.5453E+01 kT A^2, orbit (1=e,-1=h):  1.0+/- 0.0
  Orbit copies found:    77, RUC avg coords: (  0.0235+/-  0.0029,  0.4124+/-  0.0052,  0.0239+/-  0.0030)
  Orbit copy chosen for outline: from slice  215
 
  Freq. =   0.3160+/-  0.0026 kT, m* =   2.4871+/-  0.1004 m_e, Curv. =  -5.0724E+01+/-  9.0023E+00 kT A^2, orbit (1=e,-1=h):  1.0+/- 0.0
  Orbit copies found:    78, RUC avg coords: (  0.9683+/-  0.0028,  0.5752+/-  0.0054,  0.9685+/-  0.0029)
  Orbit copy chosen for outline: from slice   75
 
  Freq. =   0.3951+/-  0.0024 kT, m* =   3.3912+/-  0.0828 m_e, Curv. =   6.5566E+01+/-  8.5919E+00 kT A^2, orbit (1=e,-1=h):  1.0+/- 0.0
  Orbit copies found:    75, RUC avg coords: (  0.9934+/-  0.0036,  0.9936+/-  0.0026,  0.4954+/-  0.0114)
  Orbit copy chosen for outline: from slice  129
 
  Freq. =   0.4748+/-  0.0032 kT, m* =   3.6999+/-  0.1823 m_e, Curv. =  -8.1151E+01+/-  2.0484E+01 kT A^2, orbit (1=e,-1=h):  1.0+/- 0.0
  Orbit copies found:    74, RUC avg coords: (  0.0242+/-  0.0037,  0.0232+/-  0.0055,  0.4176+/-  0.0066)
  Orbit copy chosen for outline: from slice  156
 
  Freq. =   0.4774+/-  0.0045 kT, m* =   3.7670+/-  0.2675 m_e, Curv. =  -8.9420E+01+/-  2.2154E+01 kT A^2, orbit (1=e,-1=h):  1.0+/- 0.0
  Orbit copies found:    76, RUC avg coords: (  0.9648+/-  0.0031,  0.9662+/-  0.0046,  0.5738+/-  0.0072)
  Orbit copy chosen for outline: from slice  136
 
  Freq. =   0.6322+/-  0.0072 kT, m* =   5.5134+/-  0.2722 m_e, Curv. =  -1.1662E+01+/-  3.2747E+01 kT A^2, orbit (1=e,-1=h):  1.0+/- 0.0
  Orbit copies found:    89, RUC avg coords: (  0.5190+/-  0.0241,  0.9868+/-  0.0068,  0.9854+/-  0.0084)
  Orbit copy chosen for outline: from slice  105
 
  Freq. =   0.6370+/-  0.0055 kT, m* =   5.4447+/-  0.2574 m_e, Curv. =  -4.4839E+01+/-  1.4067E+01 kT A^2, orbit (1=e,-1=h):  1.0+/- 0.0
  Orbit copies found:    53, RUC avg coords: (  0.4498+/-  0.0100,  0.0092+/-  0.0043,  0.0123+/-  0.0049)
  Orbit copy chosen for outline: from slice  111
 
 ANGLE    26 of    37    theta =   0.000000 degrees, phi =  62.500000 degrees
  Freq. =   0.2109+/-  0.0021 kT, m* =   1.8900+/-  0.0427 m_e, Curv. =   2.9661E+01+/-  5.1393E+00 kT A^2, orbit (1=e,-1=h):  1.0+/- 0.0
  Orbit copies found:    80, RUC avg coords: (  0.9946+/-  0.0024,  0.4937+/-  0.0057,  0.9948+/-  0.0023)
  Orbit copy chosen for outline: from slice   99
 
  Freq. =   0.3099+/-  0.0028 kT, m* =   2.5312+/-  0.1064 m_e, Curv. =  -5.8239E+01+/-  1.7266E+01 kT A^2, orbit (1=e,-1=h):  1.0+/- 0.0
  Orbit copies found:    79, RUC avg coords: (  0.0233+/-  0.0038,  0.4132+/-  0.0044,  0.0235+/-  0.0038)
  Orbit copy chosen for outline: from slice   11
 
  Freq. =   0.3115+/-  0.0022 kT, m* =   2.5036+/-  0.1574 m_e, Curv. =  -5.3068E+01+/-  1.2121E+01 kT A^2, orbit (1=e,-1=h):  1.0+/- 0.0
  Orbit copies found:    80, RUC avg coords: (  0.9683+/-  0.0033,  0.5757+/-  0.0055,  0.9685+/-  0.0030)
  Orbit copy chosen for outline: from slice  212
 
  Freq. =   0.4192+/-  0.0040 kT, m* =   3.5889+/-  0.1832 m_e, Curv. =   7.2691E+01+/-  1.0180E+01 kT A^2, orbit (1=e,-1=h):  1.0+/- 0.0
  Orbit copies found:    76, RUC avg coords: (  0.9936+/-  0.0042,  0.9943+/-  0.0031,  0.4940+/-  0.0116)
  Orbit copy chosen for outline: from slice  209
 
  Freq. =   0.4908+/-  0.0033 kT, m* =   3.8319+/-  0.3788 m_e, Curv. =  -5.9555E+01+/-  1.1133E+01 kT A^2, orbit (1=e,-1=h):  1.0+/- 0.0
  Orbit copies found:     6, RUC avg coords: (  0.9661+/-  0.0033,  0.9694+/-  0.0036,  0.5644+/-  0.0014)
  Orbit copy chosen for outline: from slice  132
 
  Freq. =   0.4946+/-  0.0035 kT, m* =   3.9680+/-  0.2189 m_e, Curv. =  -9.2348E+01+/-  2.9525E+01 kT A^2, orbit (1=e,-1=h):  1.0+/- 0.0
  Orbit copies found:    78, RUC avg coords: (  0.0276+/-  0.0044,  0.0266+/-  0.0060,  0.4159+/-  0.0064)
  Orbit copy chosen for outline: from slice   85
 
  Freq. =   0.4985+/-  0.0043 kT, m* =   4.0339+/-  0.1757 m_e, Curv. =  -1.1382E+02+/-  3.0232E+01 kT A^2, orbit (1=e,-1=h):  1.0+/- 0.0
  Orbit copies found:    72, RUC avg coords: (  0.9613+/-  0.0035,  0.9621+/-  0.0052,  0.5762+/-  0.0065)
  Orbit copy chosen for outline: from slice  153
 
  Freq. =   0.5333+/-  0.0000 kT, m* =   4.6305+/-  0.0000 m_e, Curv. =   7.9145E+01+/-  0.0000E+00 kT A^2, orbit (1=e,-1=h):  1.0+/- 0.0
  Orbit copies found:     1, RUC avg coords: (  0.4853+/-  0.0000,  0.9963+/-  0.0000,  0.9960+/-  0.0000)
  Orbit copy chosen for outline: from slice   41
 
  Freq. =   0.5440+/-  0.0071 kT, m* =   4.8674+/-  0.1356 m_e, Curv. =   5.6188E+01+/-  1.8485E+01 kT A^2, orbit (1=e,-1=h):  1.0+/- 0.0
  Orbit copies found:    48, RUC avg coords: (  0.5035+/-  0.0108,  0.9906+/-  0.0039,  0.9892+/-  0.0056)
  Orbit copy chosen for outline: from slice   62
 
  Freq. =   0.5465+/-  0.0043 kT, m* =   4.9549+/-  0.1392 m_e, Curv. =   4.6415E+01+/-  1.2547E+01 kT A^2, orbit (1=e,-1=h):  1.0+/- 0.0
  Orbit copies found:    26, RUC avg coords: (  0.4774+/-  0.0046,  0.0009+/-  0.0026,  0.0047+/-  0.0031)
  Orbit copy chosen for outline: from slice   44
 
  Freq. =   0.5745+/-  0.0032 kT, m* =   4.5846+/-  0.1113 m_e, Curv. =  -8.4944E+01+/-  4.1940E+01 kT A^2, orbit (1=e,-1=h):  1.0+/- 0.0
  Orbit copies found:    78, RUC avg coords: (  0.4259+/-  0.0085,  0.0218+/-  0.0067,  0.0236+/-  0.0051)
  Orbit copy chosen for outline: from slice  130
 
  Freq. =   0.5780+/-  0.0041 kT, m* =   4.6046+/-  0.0939 m_e, Curv. =  -9.2277E+01+/-  4.0662E+01 kT A^2, orbit (1=e,-1=h):  1.0+/- 0.0
  Orbit copies found:    77, RUC avg coords: (  0.5647+/-  0.0088,  0.9685+/-  0.0048,  0.9671+/-  0.0034)
  Orbit copy chosen for outline: from slice   68
 
 ANGLE    27 of    37    theta =   0.000000 degrees, phi =  65.000000 degrees
  Freq. =   0.2104+/-  0.0021 kT, m* =   1.8708+/-  0.0645 m_e, Curv. =   2.9554E+01+/-  5.9769E+00 kT A^2, orbit (1=e,-1=h):  1.0+/- 0.0
  Orbit copies found:    81, RUC avg coords: (  0.9950+/-  0.0024,  0.4931+/-  0.0060,  0.9951+/-  0.0025)
  Orbit copy chosen for outline: from slice  126
 
  Freq. =   0.3036+/-  0.0026 kT, m* =   2.4762+/-  0.0894 m_e, Curv. =  -4.5739E+01+/-  1.2844E+01 kT A^2, orbit (1=e,-1=h):  1.0+/- 0.0
  Orbit copies found:    76, RUC avg coords: (  0.0203+/-  0.0042,  0.4150+/-  0.0038,  0.0210+/-  0.0038)
  Orbit copy chosen for outline: from slice  202
 
  Freq. =   0.3072+/-  0.0025 kT, m* =   2.4948+/-  0.1551 m_e, Curv. =  -5.2109E+01+/-  1.3108E+01 kT A^2, orbit (1=e,-1=h):  1.0+/- 0.0
  Orbit copies found:    78, RUC avg coords: (  0.9700+/-  0.0031,  0.5757+/-  0.0054,  0.9699+/-  0.0031)
  Orbit copy chosen for outline: from slice   85
 
  Freq. =   0.4474+/-  0.0051 kT, m* =   3.8950+/-  0.2118 m_e, Curv. =   8.0677E+01+/-  1.3789E+01 kT A^2, orbit (1=e,-1=h):  1.0+/- 0.0
  Orbit copies found:    76, RUC avg coords: (  0.9941+/-  0.0047,  0.9942+/-  0.0041,  0.4929+/-  0.0101)
  Orbit copy chosen for outline: from slice  194
 
  Freq. =   0.4785+/-  0.0056 kT, m* =   4.3019+/-  0.1144 m_e, Curv. =   6.8807E+01+/-  1.4706E+01 kT A^2, orbit (1=e,-1=h):  1.0+/- 0.0
  Orbit copies found:    72, RUC avg coords: (  0.4939+/-  0.0119,  0.9942+/-  0.0055, -0.0051+/-  0.0076)
  Orbit copy chosen for outline: from slice   82
 
  Freq. =   0.4851+/-  0.0017 kT, m* =   4.4195+/-  0.0169 m_e, Curv. =   5.2070E+01+/-  1.6001E+01 kT A^2, orbit (1=e,-1=h):  1.0+/- 0.0
  Orbit copies found:     2, RUC avg coords: (  0.4728+/-  0.0001,  0.9990+/-  0.0046,  0.0059+/-  0.0050)
  Orbit copy chosen for outline: from slice   33
 
  Freq. =   0.5178+/-  0.0062 kT, m* =   4.2095+/-  0.2097 m_e, Curv. =  -1.1047E+02+/-  3.9583E+01 kT A^2, orbit (1=e,-1=h):  1.0+/- 0.0
  Orbit copies found:    75, RUC avg coords: (  0.0306+/-  0.0052,  0.0292+/-  0.0067,  0.4154+/-  0.0072)
  Orbit copy chosen for outline: from slice   55
 
  Freq. =   0.5200+/-  0.0062 kT, m* =   4.1182+/-  0.1312 m_e, Curv. =  -1.1893E+02+/-  3.8247E+01 kT A^2, orbit (1=e,-1=h):  1.0+/- 0.0
  Orbit copies found:    76, RUC avg coords: (  0.9594+/-  0.0033,  0.9610+/-  0.0051,  0.5745+/-  0.0082)
  Orbit copy chosen for outline: from slice  160
 
  Freq. =   0.5358+/-  0.0056 kT, m* =   4.2592+/-  0.0999 m_e, Curv. =  -1.1592E+02+/-  3.7382E+01 kT A^2, orbit (1=e,-1=h):  1.0+/- 0.0
  Orbit copies found:    75, RUC avg coords: (  0.4166+/-  0.0075,  0.0277+/-  0.0058,  0.0283+/-  0.0043)
  Orbit copy chosen for outline: from slice   93
 
  Freq. =   0.5377+/-  0.0051 kT, m* =   4.2426+/-  0.1162 m_e, Curv. =  -1.1646E+02+/-  3.6076E+01 kT A^2, orbit (1=e,-1=h):  1.0+/- 0.0
  Orbit copies found:    77, RUC avg coords: (  0.5735+/-  0.0086,  0.9646+/-  0.0040,  0.9642+/-  0.0024)
  Orbit copy chosen for outline: from slice   26
 
 ANGLE    28 of    37    theta =   0.000000 degrees, phi =  67.500000 degrees
  Freq. =   0.2107+/-  0.0020 kT, m* =   1.8671+/-  0.0423 m_e, Curv. =   2.9174E+01+/-  6.1364E+00 kT A^2, orbit (1=e,-1=h):  1.0+/- 0.0
  Orbit copies found:    78, RUC avg coords: (  0.9947+/-  0.0021,  0.4928+/-  0.0069,  0.9950+/-  0.0020)
  Orbit copy chosen for outline: from slice  104
 
  Freq. =   0.2987+/-  0.0013 kT, m* =   2.4330+/-  0.0842 m_e, Curv. =  -3.9373E+01+/-  6.4722E+00 kT A^2, orbit (1=e,-1=h):  1.0+/- 0.0
  Orbit copies found:    76, RUC avg coords: (  0.0173+/-  0.0037,  0.4169+/-  0.0044,  0.0180+/-  0.0036)
  Orbit copy chosen for outline: from slice  120
 
  Freq. =   0.3030+/-  0.0019 kT, m* =   2.4641+/-  0.1689 m_e, Curv. =  -4.9041E+01+/-  1.2782E+01 kT A^2, orbit (1=e,-1=h):  1.0+/- 0.0
  Orbit copies found:    78, RUC avg coords: (  0.9711+/-  0.0030,  0.5742+/-  0.0059,  0.9710+/-  0.0030)
  Orbit copy chosen for outline: from slice  112
 
  Freq. =   0.4288+/-  0.0052 kT, m* =   3.8720+/-  0.0944 m_e, Curv. =   6.7512E+01+/-  1.4103E+01 kT A^2, orbit (1=e,-1=h):  1.0+/- 0.0
  Orbit copies found:    76, RUC avg coords: (  0.4941+/-  0.0098,  0.9945+/-  0.0056,  0.9948+/-  0.0072)
  Orbit copy chosen for outline: from slice  100
 
  Freq. =   0.4866+/-  0.0072 kT, m* =   4.3972+/-  0.2067 m_e, Curv. =   6.4090E+01+/-  1.8227E+01 kT A^2, orbit (1=e,-1=h):  1.0+/- 0.0
  Orbit copies found:    75, RUC avg coords: (  0.9934+/-  0.0096,  0.9936+/-  0.0074,  0.4955+/-  0.0123)
  Orbit copy chosen for outline: from slice   37
 
  Freq. =   0.5016+/-  0.0053 kT, m* =   3.9379+/-  0.0951 m_e, Curv. =  -1.0526E+02+/-  2.9893E+01 kT A^2, orbit (1=e,-1=h):  1.0+/- 0.0
  Orbit copies found:    76, RUC avg coords: (  0.4154+/-  0.0074,  0.0282+/-  0.0046,  0.0289+/-  0.0030)
  Orbit copy chosen for outline: from slice   82
 
  Freq. =   0.5024+/-  0.0049 kT, m* =   3.9054+/-  0.1297 m_e, Curv. =  -1.0518E+02+/-  3.2016E+01 kT A^2, orbit (1=e,-1=h):  1.0+/- 0.0
  Orbit copies found:    78, RUC avg coords: (  0.5748+/-  0.0083,  0.9633+/-  0.0039,  0.9632+/-  0.0024)
  Orbit copy chosen for outline: from slice  198
 
  Freq. =   0.5429+/-  0.0061 kT, m* =   4.2354+/-  0.1226 m_e, Curv. =  -1.0782E+02+/-  4.1916E+01 kT A^2, orbit (1=e,-1=h):  1.0+/- 0.0
  Orbit copies found:    78, RUC avg coords: (  0.9588+/-  0.0031,  0.9615+/-  0.0045,  0.5709+/-  0.0088)
  Orbit copy chosen for outline: from slice  136
 
  Freq. =   0.5433+/-  0.0060 kT, m* =   4.4045+/-  0.1730 m_e, Curv. =  -1.1148E+02+/-  4.1785E+01 kT A^2, orbit (1=e,-1=h):  1.0+/- 0.0
  Orbit copies found:    76, RUC avg coords: (  0.0311+/-  0.0042,  0.0288+/-  0.0055,  0.4176+/-  0.0079)
  Orbit copy chosen for outline: from slice   47
 
 ANGLE    29 of    37    theta =   0.000000 degrees, phi =  70.000000 degrees
  Freq. =   0.2109+/-  0.0017 kT, m* =   1.8537+/-  0.0409 m_e, Curv. =   3.0994E+01+/-  5.4281E+00 kT A^2, orbit (1=e,-1=h):  1.0+/- 0.0
  Orbit copies found:    76, RUC avg coords: (  0.9947+/-  0.0018,  0.4913+/-  0.0071,  0.9950+/-  0.0015)
  Orbit copy chosen for outline: from slice  188
 
  Freq. =   0.2713+/-  0.0000 kT, m* =   2.7877+/-  0.0000 m_e, Curv. =  -3.5336E+01+/-  0.0000E+00 kT A^2, orbit (1=e,-1=h):  1.0+/- 0.0
  Orbit copies found:     1, RUC avg coords: (  0.0361+/-  0.0000,  0.4132+/-  0.0000,  0.0341+/-  0.0000)
  Orbit copy chosen for outline: from slice   18
 
  Freq. =   0.2950+/-  0.0026 kT, m* =   2.3513+/-  0.0702 m_e, Curv. =  -3.9324E+01+/-  6.8224E+00 kT A^2, orbit (1=e,-1=h):  1.0+/- 0.0
  Orbit copies found:    77, RUC avg coords: (  0.0150+/-  0.0028,  0.4188+/-  0.0052,  0.0158+/-  0.0027)
  Orbit copy chosen for outline: from slice    3
 
  Freq. =   0.3001+/-  0.0021 kT, m* =   2.5030+/-  0.1238 m_e, Curv. =  -4.8456E+01+/-  1.0115E+01 kT A^2, orbit (1=e,-1=h):  1.0+/- 0.0
  Orbit copies found:    77, RUC avg coords: (  0.9724+/-  0.0027,  0.5724+/-  0.0061,  0.9721+/-  0.0023)
  Orbit copy chosen for outline: from slice  167
 
  Freq. =   0.3897+/-  0.0053 kT, m* =   3.5412+/-  0.1102 m_e, Curv. =   6.2879E+01+/-  1.3623E+01 kT A^2, orbit (1=e,-1=h):  1.0+/- 0.0
  Orbit copies found:    76, RUC avg coords: (  0.4945+/-  0.0090,  0.9947+/-  0.0062,  0.9949+/-  0.0073)
  Orbit copy chosen for outline: from slice  103
 
  Freq. =   0.4560+/-  0.0000 kT, m* =   3.5087+/-  0.0000 m_e, Curv. =  -8.5656E+01+/-  0.0000E+00 kT A^2, orbit (1=e,-1=h):  1.0+/- 0.0
  Orbit copies found:     1, RUC avg coords: (  0.5577+/-  0.0000,  0.9673+/-  0.0000,  0.9675+/-  0.0000)
  Orbit copy chosen for outline: from slice  110
 
  Freq. =   0.4704+/-  0.0057 kT, m* =   3.6207+/-  0.0742 m_e, Curv. =  -9.5061E+01+/-  2.1432E+01 kT A^2, orbit (1=e,-1=h):  1.0+/- 0.0
  Orbit copies found:    78, RUC avg coords: (  0.4131+/-  0.0076,  0.0289+/-  0.0042,  0.0295+/-  0.0032)
  Orbit copy chosen for outline: from slice   77
 
  Freq. =   0.4705+/-  0.0034 kT, m* =   3.5896+/-  0.1142 m_e, Curv. =  -8.9604E+01+/-  2.1690E+01 kT A^2, orbit (1=e,-1=h):  1.0+/- 0.0
  Orbit copies found:    75, RUC avg coords: (  0.5775+/-  0.0087,  0.9633+/-  0.0033,  0.9626+/-  0.0024)
  Orbit copy chosen for outline: from slice   59
 
  Freq. =   0.5347+/-  0.0045 kT, m* =   4.7784+/-  0.4092 m_e, Curv. =   3.9718E+01+/-  1.4757E+01 kT A^2, orbit (1=e,-1=h):  1.0+/- 0.0
  Orbit copies found:    74, RUC avg coords: (  0.9918+/-  0.0103,  0.9920+/-  0.0077,  0.4969+/-  0.0141)
  Orbit copy chosen for outline: from slice   47
 
  Freq. =   0.5400+/-  0.0000 kT, m* =   4.2447+/-  0.0000 m_e, Curv. =   3.9550E+01+/-  0.0000E+00 kT A^2, orbit (1=e,-1=h):  1.0+/- 0.0
  Orbit copies found:     1, RUC avg coords: (  0.9791+/-  0.0000,  0.9818+/-  0.0000,  0.5280+/-  0.0000)
  Orbit copy chosen for outline: from slice  225
 
  Freq. =   0.5678+/-  0.0048 kT, m* =   4.4198+/-  0.2294 m_e, Curv. =  -1.0073E+02+/-  4.0108E+01 kT A^2, orbit (1=e,-1=h):  1.0+/- 0.0
  Orbit copies found:    77, RUC avg coords: (  0.9588+/-  0.0038,  0.9615+/-  0.0055,  0.5682+/-  0.0094)
  Orbit copy chosen for outline: from slice   50
 
  Freq. =   0.5705+/-  0.0050 kT, m* =   4.6957+/-  0.2771 m_e, Curv. =  -1.1001E+02+/-  3.9853E+01 kT A^2, orbit (1=e,-1=h):  1.0+/- 0.0
  Orbit copies found:    76, RUC avg coords: (  0.0312+/-  0.0028,  0.0284+/-  0.0040,  0.4198+/-  0.0090)
  Orbit copy chosen for outline: from slice  210
 
 ANGLE    30 of    37    theta =   0.000000 degrees, phi =  72.500000 degrees
  Freq. =   0.2134+/-  0.0017 kT, m* =   1.8807+/-  0.0521 m_e, Curv. =   2.9071E+01+/-  5.0518E+00 kT A^2, orbit (1=e,-1=h):  1.0+/- 0.0
  Orbit copies found:    77, RUC avg coords: (  0.9951+/-  0.0018,  0.4926+/-  0.0077,  0.9953+/-  0.0018)
  Orbit copy chosen for outline: from slice   77
 
  Freq. =   0.2929+/-  0.0033 kT, m* =   2.3557+/-  0.0810 m_e, Curv. =  -4.3488E+01+/-  5.4321E+00 kT A^2, orbit (1=e,-1=h):  1.0+/- 0.0
  Orbit copies found:    76, RUC avg coords: (  0.0142+/-  0.0032,  0.4230+/-  0.0048,  0.0151+/-  0.0030)
  Orbit copy chosen for outline: from slice   57
 
  Freq. =   0.2968+/-  0.0028 kT, m* =   2.4369+/-  0.1092 m_e, Curv. =  -4.6306E+01+/-  8.8790E+00 kT A^2, orbit (1=e,-1=h):  1.0+/- 0.0
  Orbit copies found:    76, RUC avg coords: (  0.9740+/-  0.0025,  0.5710+/-  0.0060,  0.9736+/-  0.0022)
  Orbit copy chosen for outline: from slice  203
 
  Freq. =   0.3586+/-  0.0042 kT, m* =   3.2952+/-  0.0976 m_e, Curv. =   5.5103E+01+/-  1.0398E+01 kT A^2, orbit (1=e,-1=h):  1.0+/- 0.0
  Orbit copies found:    79, RUC avg coords: (  0.4943+/-  0.0080,  0.9953+/-  0.0055,  0.9953+/-  0.0067)
  Orbit copy chosen for outline: from slice  106
 
  Freq. =   0.4427+/-  0.0035 kT, m* =   3.3589+/-  0.0778 m_e, Curv. =  -8.0504E+01+/-  1.2440E+01 kT A^2, orbit (1=e,-1=h):  1.0+/- 0.0
  Orbit copies found:    76, RUC avg coords: (  0.4098+/-  0.0072,  0.0296+/-  0.0035,  0.0308+/-  0.0028)
  Orbit copy chosen for outline: from slice  208
 
  Freq. =   0.4439+/-  0.0032 kT, m* =   3.3506+/-  0.1076 m_e, Curv. =  -8.1453E+01+/-  1.9951E+01 kT A^2, orbit (1=e,-1=h):  1.0+/- 0.0
  Orbit copies found:    78, RUC avg coords: (  0.5790+/-  0.0077,  0.9620+/-  0.0033,  0.9616+/-  0.0023)
  Orbit copy chosen for outline: from slice  191
 
  Freq. =   0.5878+/-  0.0019 kT, m* =   5.3040+/-  0.1104 m_e, Curv. =   1.9990E+01+/-  1.4908E+00 kT A^2, orbit (1=e,-1=h):  1.0+/- 0.0
  Orbit copies found:     2, RUC avg coords: (  0.9997+/-  0.0006,  0.9986+/-  0.0004,  0.4816+/-  0.0030)
  Orbit copy chosen for outline: from slice   25
 
  Freq. =   0.5968+/-  0.0101 kT, m* =   4.9248+/-  0.2751 m_e, Curv. =  -3.1602E+01+/-  5.4604E+01 kT A^2, orbit (1=e,-1=h):  1.0+/- 0.0
  Orbit copies found:   118, RUC avg coords: (  0.9719+/-  0.0109,  0.9739+/-  0.0102,  0.5392+/-  0.0228)
  Orbit copy chosen for outline: from slice  191
 
  Freq. =   0.6010+/-  0.0089 kT, m* =   5.0026+/-  0.3296 m_e, Curv. =  -5.9674E+01+/-  5.9212E+01 kT A^2, orbit (1=e,-1=h):  1.0+/- 0.0
  Orbit copies found:    98, RUC avg coords: (  0.0237+/-  0.0081,  0.0211+/-  0.0081,  0.4367+/-  0.0157)
  Orbit copy chosen for outline: from slice   46
 
 ANGLE    31 of    37    theta =   0.000000 degrees, phi =  75.000000 degrees
  Freq. =   0.2156+/-  0.0014 kT, m* =   1.9033+/-  0.0285 m_e, Curv. =   2.8084E+01+/-  3.5718E+00 kT A^2, orbit (1=e,-1=h):  1.0+/- 0.0
  Orbit copies found:    78, RUC avg coords: (  0.9948+/-  0.0018,  0.4941+/-  0.0077,  0.9951+/-  0.0018)
  Orbit copy chosen for outline: from slice  100
 
  Freq. =   0.2910+/-  0.0030 kT, m* =   2.3191+/-  0.0870 m_e, Curv. =  -4.4920E+01+/-  6.6725E+00 kT A^2, orbit (1=e,-1=h):  1.0+/- 0.0
  Orbit copies found:    74, RUC avg coords: (  0.0142+/-  0.0032,  0.4242+/-  0.0046,  0.0144+/-  0.0028)
  Orbit copy chosen for outline: from slice   46
 
  Freq. =   0.2948+/-  0.0030 kT, m* =   2.4372+/-  0.1006 m_e, Curv. =  -4.6363E+01+/-  7.7535E+00 kT A^2, orbit (1=e,-1=h):  1.0+/- 0.0
  Orbit copies found:    78, RUC avg coords: (  0.9753+/-  0.0029,  0.5682+/-  0.0058,  0.9751+/-  0.0028)
  Orbit copy chosen for outline: from slice  187
 
  Freq. =   0.3319+/-  0.0035 kT, m* =   3.0794+/-  0.0755 m_e, Curv. =   5.2160E+01+/-  1.0246E+01 kT A^2, orbit (1=e,-1=h):  1.0+/- 0.0
  Orbit copies found:    78, RUC avg coords: (  0.4948+/-  0.0074,  0.9948+/-  0.0056,  0.9946+/-  0.0063)
  Orbit copy chosen for outline: from slice  156
 
  Freq. =   0.4173+/-  0.0026 kT, m* =   3.1416+/-  0.1163 m_e, Curv. =  -6.5691E+01+/-  1.2052E+01 kT A^2, orbit (1=e,-1=h):  1.0+/- 0.0
  Orbit copies found:    80, RUC avg coords: (  0.4080+/-  0.0072,  0.0294+/-  0.0036,  0.0309+/-  0.0027)
  Orbit copy chosen for outline: from slice    6
 
  Freq. =   0.4193+/-  0.0033 kT, m* =   3.1446+/-  0.0978 m_e, Curv. =  -7.3882E+01+/-  1.6513E+01 kT A^2, orbit (1=e,-1=h):  1.0+/- 0.0
  Orbit copies found:    77, RUC avg coords: (  0.5812+/-  0.0079,  0.9599+/-  0.0035,  0.9603+/-  0.0027)
  Orbit copy chosen for outline: from slice  217
 
  Freq. =   0.6571+/-  0.0043 kT, m* =   5.6731+/-  0.5928 m_e, Curv. =  -1.8212E+01+/-  1.0164E+01 kT A^2, orbit (1=e,-1=h):  1.0+/- 0.0
  Orbit copies found:    62, RUC avg coords: ( -0.0057+/-  0.0078,  0.9941+/-  0.0078,  0.4963+/-  0.0159)
  Orbit copy chosen for outline: from slice   14
 
  Freq. =   0.6587+/-  0.0041 kT, m* =   5.4015+/-  0.2507 m_e, Curv. =  -5.8332E+01+/-  2.3005E+01 kT A^2, orbit (1=e,-1=h):  1.0+/- 0.0
  Orbit copies found:    14, RUC avg coords: (  0.0215+/-  0.0027,  0.0195+/-  0.0029,  0.4479+/-  0.0069)
  Orbit copy chosen for outline: from slice   36
 
 ANGLE    32 of    37    theta =   0.000000 degrees, phi =  77.500000 degrees
  Freq. =   0.2187+/-  0.0023 kT, m* =   1.9251+/-  0.0524 m_e, Curv. =   2.9759E+01+/-  5.9575E+00 kT A^2, orbit (1=e,-1=h):  1.0+/- 0.0
  Orbit copies found:    78, RUC avg coords: (  0.9947+/-  0.0015,  0.4946+/-  0.0081,  0.9948+/-  0.0015)
  Orbit copy chosen for outline: from slice  150
 
  Freq. =   0.2884+/-  0.0026 kT, m* =   2.3124+/-  0.0801 m_e, Curv. =  -4.5975E+01+/-  7.5463E+00 kT A^2, orbit (1=e,-1=h):  1.0+/- 0.0
  Orbit copies found:    78, RUC avg coords: (  0.0134+/-  0.0037,  0.4245+/-  0.0044,  0.0140+/-  0.0032)
  Orbit copy chosen for outline: from slice  205
 
  Freq. =   0.2916+/-  0.0028 kT, m* =   2.4449+/-  0.1209 m_e, Curv. =  -4.5916E+01+/-  8.2136E+00 kT A^2, orbit (1=e,-1=h):  1.0+/- 0.0
  Orbit copies found:    79, RUC avg coords: (  0.9759+/-  0.0029,  0.5668+/-  0.0052,  0.9754+/-  0.0028)
  Orbit copy chosen for outline: from slice  209
 
  Freq. =   0.3116+/-  0.0032 kT, m* =   2.9226+/-  0.1011 m_e, Curv. =   4.1201E+01+/-  9.0801E+00 kT A^2, orbit (1=e,-1=h):  1.0+/- 0.0
  Orbit copies found:    76, RUC avg coords: (  0.4957+/-  0.0077,  0.9951+/-  0.0060,  0.9941+/-  0.0072)
  Orbit copy chosen for outline: from slice  171
 
  Freq. =   0.3945+/-  0.0034 kT, m* =   2.9448+/-  0.1306 m_e, Curv. =  -5.3504E+01+/-  1.4947E+01 kT A^2, orbit (1=e,-1=h):  1.0+/- 0.0
  Orbit copies found:    77, RUC avg coords: (  0.4058+/-  0.0066,  0.0307+/-  0.0045,  0.0316+/-  0.0033)
  Orbit copy chosen for outline: from slice  203
 
  Freq. =   0.3970+/-  0.0029 kT, m* =   2.9555+/-  0.1086 m_e, Curv. =  -6.1320E+01+/-  1.6681E+01 kT A^2, orbit (1=e,-1=h):  1.0+/- 0.0
  Orbit copies found:    79, RUC avg coords: (  0.5837+/-  0.0070,  0.9595+/-  0.0031,  0.9594+/-  0.0026)
  Orbit copy chosen for outline: from slice  148
 
  Freq. =   0.7322+/-  0.0055 kT, m* =   6.2609+/-  0.3641 m_e, Curv. =  -6.2623E+01+/-  1.7822E+01 kT A^2, orbit (1=e,-1=h):  1.0+/- 0.0
  Orbit copies found:    73, RUC avg coords: (  0.9936+/-  0.0105,  0.9936+/-  0.0098,  0.4954+/-  0.0175)
  Orbit copy chosen for outline: from slice  204
 
 ANGLE    33 of    37    theta =   0.000000 degrees, phi =  80.000000 degrees
  Freq. =   0.2233+/-  0.0030 kT, m* =   1.9629+/-  0.0649 m_e, Curv. =   2.8544E+01+/-  6.2834E+00 kT A^2, orbit (1=e,-1=h):  1.0+/- 0.0
  Orbit copies found:    79, RUC avg coords: (  0.9946+/-  0.0021,  0.4941+/-  0.0083,  0.9947+/-  0.0020)
  Orbit copy chosen for outline: from slice   97
 
  Freq. =   0.2865+/-  0.0018 kT, m* =   2.2854+/-  0.0599 m_e, Curv. =  -4.2572E+01+/-  7.5043E+00 kT A^2, orbit (1=e,-1=h):  1.0+/- 0.0
  Orbit copies found:    81, RUC avg coords: (  0.0126+/-  0.0034,  0.4266+/-  0.0042,  0.0129+/-  0.0029)
  Orbit copy chosen for outline: from slice  140
 
  Freq. =   0.2893+/-  0.0031 kT, m* =   2.4672+/-  0.1254 m_e, Curv. =  -4.6220E+01+/-  8.5973E+00 kT A^2, orbit (1=e,-1=h):  1.0+/- 0.0
  Orbit copies found:    78, RUC avg coords: (  0.9764+/-  0.0030,  0.5673+/-  0.0056,  0.9762+/-  0.0026)
  Orbit copy chosen for outline: from slice   76
 
  Freq. =   0.2938+/-  0.0036 kT, m* =   2.7877+/-  0.0833 m_e, Curv. =   3.5239E+01+/-  1.0612E+01 kT A^2, orbit (1=e,-1=h):  1.0+/- 0.0
  Orbit copies found:    78, RUC avg coords: (  0.4940+/-  0.0075,  0.9962+/-  0.0063,  0.9961+/-  0.0072)
  Orbit copy chosen for outline: from slice   80
 
  Freq. =   0.3746+/-  0.0033 kT, m* =   2.8759+/-  0.2056 m_e, Curv. =  -5.0173E+01+/-  1.9525E+01 kT A^2, orbit (1=e,-1=h):  1.0+/- 0.0
  Orbit copies found:    75, RUC avg coords: (  0.4028+/-  0.0066,  0.0327+/-  0.0053,  0.0332+/-  0.0037)
  Orbit copy chosen for outline: from slice  171
 
  Freq. =   0.3768+/-  0.0022 kT, m* =   2.7813+/-  0.0930 m_e, Curv. =  -5.1417E+01+/-  1.2425E+01 kT A^2, orbit (1=e,-1=h):  1.0+/- 0.0
  Orbit copies found:    79, RUC avg coords: (  0.5849+/-  0.0071,  0.9591+/-  0.0031,  0.9590+/-  0.0022)
  Orbit copy chosen for outline: from slice  122
 
  Freq. =   0.8235+/-  0.0097 kT, m* =   6.9976+/-  0.5118 m_e, Curv. =  -1.4110E+02+/-  1.5026E+01 kT A^2, orbit (1=e,-1=h):  1.0+/- 0.0
  Orbit copies found:    74, RUC avg coords: (  0.9975+/-  0.0083,  0.9973+/-  0.0085,  0.4894+/-  0.0150)
  Orbit copy chosen for outline: from slice   63
 
 ANGLE    34 of    37    theta =   0.000000 degrees, phi =  82.500000 degrees
  Freq. =   0.2282+/-  0.0035 kT, m* =   2.0053+/-  0.0653 m_e, Curv. =   2.8550E+01+/-  5.6781E+00 kT A^2, orbit (1=e,-1=h):  1.0+/- 0.0
  Orbit copies found:    83, RUC avg coords: (  0.9950+/-  0.0015,  0.4928+/-  0.0091,  0.9954+/-  0.0014)
  Orbit copy chosen for outline: from slice  117
 
  Freq. =   0.2329+/-  0.0000 kT, m* =   1.9110+/-  0.0000 m_e, Curv. =   3.1980E+01+/-  0.0000E+00 kT A^2, orbit (1=e,-1=h):  1.0+/- 0.0
  Orbit copies found:     1, RUC avg coords: (  0.9969+/-  0.0000,  0.5163+/-  0.0000,  0.9946+/-  0.0000)
  Orbit copy chosen for outline: from slice  168
 
  Freq. =   0.2783+/-  0.0037 kT, m* =   2.6668+/-  0.0990 m_e, Curv. =   3.1717E+01+/-  1.0799E+01 kT A^2, orbit (1=e,-1=h):  1.0+/- 0.0
  Orbit copies found:    79, RUC avg coords: (  0.4944+/-  0.0076,  0.9969+/-  0.0059,  0.9964+/-  0.0070)
  Orbit copy chosen for outline: from slice   49
 
  Freq. =   0.2841+/-  0.0023 kT, m* =   2.2835+/-  0.0598 m_e, Curv. =  -3.6850E+01+/-  6.6105E+00 kT A^2, orbit (1=e,-1=h):  1.0+/- 0.0
  Orbit copies found:    47, RUC avg coords: (  0.0111+/-  0.0031,  0.4311+/-  0.0032,  0.0113+/-  0.0024)
  Orbit copy chosen for outline: from slice   99
 
  Freq. =   0.2843+/-  0.0018 kT, m* =   2.2901+/-  0.0504 m_e, Curv. =  -4.2143E+01+/-  5.3667E+00 kT A^2, orbit (1=e,-1=h):  1.0+/- 0.0
  Orbit copies found:    37, RUC avg coords: (  0.0138+/-  0.0028,  0.4233+/-  0.0028,  0.0140+/-  0.0024)
  Orbit copy chosen for outline: from slice  162
 
  Freq. =   0.2864+/-  0.0024 kT, m* =   2.4559+/-  0.1238 m_e, Curv. =  -4.1446E+01+/-  7.8450E+00 kT A^2, orbit (1=e,-1=h):  1.0+/- 0.0
  Orbit copies found:    79, RUC avg coords: (  0.9772+/-  0.0037,  0.5655+/-  0.0049,  0.9769+/-  0.0028)
  Orbit copy chosen for outline: from slice   83
 
  Freq. =   0.3572+/-  0.0024 kT, m* =   2.7858+/-  0.2120 m_e, Curv. =  -4.5988E+01+/-  1.9414E+01 kT A^2, orbit (1=e,-1=h):  1.0+/- 0.0
  Orbit copies found:    80, RUC avg coords: (  0.4007+/-  0.0068,  0.0339+/-  0.0058,  0.0342+/-  0.0045)
  Orbit copy chosen for outline: from slice   97
 
  Freq. =   0.3586+/-  0.0028 kT, m* =   2.6392+/-  0.0974 m_e, Curv. =  -4.4233E+01+/-  1.4124E+01 kT A^2, orbit (1=e,-1=h):  1.0+/- 0.0
  Orbit copies found:    78, RUC avg coords: (  0.5863+/-  0.0075,  0.9580+/-  0.0033,  0.9582+/-  0.0027)
  Orbit copy chosen for outline: from slice  137
 
  Freq. =   0.9190+/-  0.0078 kT, m* =   7.8036+/-  0.6411 m_e, Curv. =  -2.5765E+02+/-  1.5759E+01 kT A^2, orbit (1=e,-1=h):  1.0+/- 0.0
  Orbit copies found:    75, RUC avg coords: (  0.9947+/-  0.0064,  0.9943+/-  0.0077,  0.4956+/-  0.0138)
  Orbit copy chosen for outline: from slice  174
 
 ANGLE    35 of    37    theta =   0.000000 degrees, phi =  85.000000 degrees
  Freq. =   0.2343+/-  0.0034 kT, m* =   2.0686+/-  0.0552 m_e, Curv. =   2.7113E+01+/-  4.0879E+00 kT A^2, orbit (1=e,-1=h):  1.0+/- 0.0
  Orbit copies found:    82, RUC avg coords: (  0.9948+/-  0.0020,  0.4925+/-  0.0086,  0.9953+/-  0.0017)
  Orbit copy chosen for outline: from slice  103
 
  Freq. =   0.2646+/-  0.0031 kT, m* =   2.5478+/-  0.0759 m_e, Curv. =   2.9487E+01+/-  9.8162E+00 kT A^2, orbit (1=e,-1=h):  1.0+/- 0.0
  Orbit copies found:    79, RUC avg coords: (  0.4938+/-  0.0058,  0.9966+/-  0.0059,  0.9962+/-  0.0062)
  Orbit copy chosen for outline: from slice   95
 
  Freq. =   0.2823+/-  0.0033 kT, m* =   2.2964+/-  0.0714 m_e, Curv. =  -3.5813E+01+/-  5.7400E+00 kT A^2, orbit (1=e,-1=h):  1.0+/- 0.0
  Orbit copies found:    80, RUC avg coords: (  0.0119+/-  0.0038,  0.4290+/-  0.0039,  0.0119+/-  0.0030)
  Orbit copy chosen for outline: from slice  216
 
  Freq. =   0.2828+/-  0.0013 kT, m* =   2.4378+/-  0.1323 m_e, Curv. =  -3.3197E+01+/-  5.0866E+00 kT A^2, orbit (1=e,-1=h):  1.0+/- 0.0
  Orbit copies found:     3, RUC avg coords: (  0.0093+/-  0.0017,  0.4416+/-  0.0022,  0.0097+/-  0.0017)
  Orbit copy chosen for outline: from slice   41
 
  Freq. =   0.2839+/-  0.0029 kT, m* =   2.4458+/-  0.1142 m_e, Curv. =  -3.4860E+01+/-  7.6048E+00 kT A^2, orbit (1=e,-1=h):  1.0+/- 0.0
  Orbit copies found:    82, RUC avg coords: (  0.9785+/-  0.0038,  0.5647+/-  0.0048,  0.9783+/-  0.0027)
  Orbit copy chosen for outline: from slice   45
 
  Freq. =   0.3417+/-  0.0026 kT, m* =   2.6814+/-  0.1968 m_e, Curv. =  -3.9163E+01+/-  1.6793E+01 kT A^2, orbit (1=e,-1=h):  1.0+/- 0.0
  Orbit copies found:    78, RUC avg coords: (  0.3999+/-  0.0062,  0.0350+/-  0.0048,  0.0350+/-  0.0041)
  Orbit copy chosen for outline: from slice  192
 
  Freq. =   0.3420+/-  0.0036 kT, m* =   2.5315+/-  0.1107 m_e, Curv. =  -3.6419E+01+/-  1.4452E+01 kT A^2, orbit (1=e,-1=h):  1.0+/- 0.0
  Orbit copies found:    78, RUC avg coords: (  0.5878+/-  0.0070,  0.9572+/-  0.0034,  0.9574+/-  0.0024)
  Orbit copy chosen for outline: from slice   36
 
  Freq. =   1.0036+/-  0.0137 kT, m* =   8.3482+/-  0.5202 m_e, Curv. =  -3.9079E+02+/-  2.2492E+01 kT A^2, orbit (1=e,-1=h):  1.0+/- 0.0
  Orbit copies found:    74, RUC avg coords: (  0.9938+/-  0.0040,  0.9933+/-  0.0063,  0.4960+/-  0.0111)
  Orbit copy chosen for outline: from slice   10
 
 ANGLE    36 of    37    theta =   0.000000 degrees, phi =  87.500000 degrees
  Freq. =   0.2416+/-  0.0018 kT, m* =   2.1377+/-  0.0396 m_e, Curv. =   2.6969E+01+/-  4.7220E+00 kT A^2, orbit (1=e,-1=h):  1.0+/- 0.0
  Orbit copies found:    81, RUC avg coords: (  0.9948+/-  0.0014,  0.4911+/-  0.0095,  0.9953+/-  0.0014)
  Orbit copy chosen for outline: from slice  185
 
  Freq. =   0.2537+/-  0.0022 kT, m* =   2.4440+/-  0.0788 m_e, Curv. =   2.3276E+01+/-  8.4311E+00 kT A^2, orbit (1=e,-1=h):  1.0+/- 0.0
  Orbit copies found:    79, RUC avg coords: (  0.4941+/-  0.0064,  0.9963+/-  0.0068,  0.9965+/-  0.0071)
  Orbit copy chosen for outline: from slice  146
 
  Freq. =   0.2805+/-  0.0023 kT, m* =   2.3074+/-  0.0536 m_e, Curv. =  -3.0549E+01+/-  5.5688E+00 kT A^2, orbit (1=e,-1=h):  1.0+/- 0.0
  Orbit copies found:    75, RUC avg coords: (  0.0105+/-  0.0044,  0.4312+/-  0.0044,  0.0107+/-  0.0030)
  Orbit copy chosen for outline: from slice  170
 
  Freq. =   0.2821+/-  0.0027 kT, m* =   2.3895+/-  0.0921 m_e, Curv. =  -2.7685E+01+/-  6.7023E+00 kT A^2, orbit (1=e,-1=h):  1.0+/- 0.0
  Orbit copies found:    82, RUC avg coords: (  0.9815+/-  0.0039,  0.5618+/-  0.0054,  0.9806+/-  0.0025)
  Orbit copy chosen for outline: from slice   12
 
  Freq. =   0.2825+/-  0.0008 kT, m* =   2.4605+/-  0.0969 m_e, Curv. =  -3.5641E+01+/-  7.2993E+00 kT A^2, orbit (1=e,-1=h):  1.0+/- 0.0
  Orbit copies found:     4, RUC avg coords: (  0.0091+/-  0.0011,  0.4425+/-  0.0020,  0.0089+/-  0.0007)
  Orbit copy chosen for outline: from slice   57
 
  Freq. =   0.2863+/-  0.0000 kT, m* =   2.5833+/-  0.0000 m_e, Curv. =  -4.0572E+01+/-  0.0000E+00 kT A^2, orbit (1=e,-1=h):  1.0+/- 0.0
  Orbit copies found:     1, RUC avg coords: (  0.0118+/-  0.0000,  0.4420+/-  0.0000,  0.0104+/-  0.0000)
  Orbit copy chosen for outline: from slice   75
 
  Freq. =   0.3279+/-  0.0032 kT, m* =   2.6162+/-  0.1847 m_e, Curv. =  -4.0070E+01+/-  2.2422E+01 kT A^2, orbit (1=e,-1=h):  1.0+/- 0.0
  Orbit copies found:    76, RUC avg coords: (  0.3979+/-  0.0069,  0.0367+/-  0.0050,  0.0363+/-  0.0044)
  Orbit copy chosen for outline: from slice  201
 
  Freq. =   0.3279+/-  0.0041 kT, m* =   2.4641+/-  0.1337 m_e, Curv. =  -3.5397E+01+/-  1.6302E+01 kT A^2, orbit (1=e,-1=h):  1.0+/- 0.0
  Orbit copies found:    77, RUC avg coords: (  0.5908+/-  0.0061,  0.9555+/-  0.0043,  0.9560+/-  0.0031)
  Orbit copy chosen for outline: from slice  211
 
  Freq. =   0.8341+/-  0.0000 kT, m* =   6.9822+/-  0.0000 m_e, Curv. =  -2.9913E+02+/-  0.0000E+00 kT A^2, orbit (1=e,-1=h):  1.0+/- 0.0
  Orbit copies found:     1, RUC avg coords: (  0.0046+/-  0.0000,  0.9892+/-  0.0000,  0.5225+/-  0.0000)
  Orbit copy chosen for outline: from slice  213
 
  Freq. =   1.0500+/-  0.0159 kT, m* =   7.9621+/-  0.1431 m_e, Curv. =  -4.4545E+02+/-  2.4135E+01 kT A^2, orbit (1=e,-1=h):  1.0+/- 0.0
  Orbit copies found:    72, RUC avg coords: (  0.9945+/-  0.0032,  0.9935+/-  0.0031,  0.4963+/-  0.0076)
  Orbit copy chosen for outline: from slice  135
 
 ANGLE    37 of    37    theta =   0.000000 degrees, phi =  90.000000 degrees
  Freq. =   0.2443+/-  0.0021 kT, m* =   2.3490+/-  0.0811 m_e, Curv. =   1.7964E+01+/-  7.1225E+00 kT A^2, orbit (1=e,-1=h):  1.0+/- 0.0
  Orbit copies found:    78, RUC avg coords: (  0.4914+/-  0.0060, -0.0034+/-  0.0071,  0.9977+/-  0.0065)
  Orbit copy chosen for outline: from slice  113
 
  Freq. =   0.2457+/-  0.0019 kT, m* =   2.1191+/-  0.0185 m_e, Curv. =   3.2241E+01+/-  1.6282E+00 kT A^2, orbit (1=e,-1=h):  1.0+/- 0.0
  Orbit copies found:    17, RUC avg coords: (  0.9944+/-  0.0008,  0.5005+/-  0.0048,  0.9935+/-  0.0007)
  Orbit copy chosen for outline: from slice  101
 
  Freq. =   0.2488+/-  0.0044 kT, m* =   2.1398+/-  0.0386 m_e, Curv. =   2.9573E+01+/-  3.8147E+00 kT A^2, orbit (1=e,-1=h):  1.0+/- 0.0
  Orbit copies found:    45, RUC avg coords: (  0.9946+/-  0.0009,  0.4846+/-  0.0048,  0.9956+/-  0.0010)
  Orbit copy chosen for outline: from slice   92
 
  Freq. =   0.2548+/-  0.0014 kT, m* =   2.1843+/-  0.0339 m_e, Curv. =   2.7374E+01+/-  2.1899E+00 kT A^2, orbit (1=e,-1=h):  1.0+/- 0.0
  Orbit copies found:    18, RUC avg coords: (  0.9947+/-  0.0007,  0.5020+/-  0.0048,  0.9949+/-  0.0005)
  Orbit copy chosen for outline: from slice  122
 
  Freq. =   0.2781+/-  0.0001 kT, m* =   2.1966+/-  0.0035 m_e, Curv. =  -2.3211E+01+/-  8.2400E-01 kT A^2, orbit (1=e,-1=h):  1.0+/- 0.0
  Orbit copies found:     2, RUC avg coords: (  0.0080+/-  0.0000,  0.4419+/-  0.0006,  0.0078+/-  0.0000)
  Orbit copy chosen for outline: from slice  208
 
  Freq. =   0.2813+/-  0.0028 kT, m* =   2.3582+/-  0.0805 m_e, Curv. =  -2.6045E+01+/-  4.5199E+00 kT A^2, orbit (1=e,-1=h):  1.0+/- 0.0
  Orbit copies found:    73, RUC avg coords: (  0.0077+/-  0.0037,  0.4349+/-  0.0042,  0.0085+/-  0.0024)
  Orbit copy chosen for outline: from slice  108
 
  Freq. =   0.2838+/-  0.0007 kT, m* =   2.4549+/-  0.0327 m_e, Curv. =  -2.4507E+01+/-  2.3938E+00 kT A^2, orbit (1=e,-1=h):  1.0+/- 0.0
  Orbit copies found:     4, RUC avg coords: (  0.0057+/-  0.0008,  0.4423+/-  0.0005,  0.0070+/-  0.0003)
  Orbit copy chosen for outline: from slice  115
 
  Freq. =   0.2840+/-  0.0039 kT, m* =   2.3643+/-  0.0937 m_e, Curv. =  -2.4744E+01+/-  7.0377E+00 kT A^2, orbit (1=e,-1=h):  1.0+/- 0.0
  Orbit copies found:    82, RUC avg coords: (  0.9854+/-  0.0030,  0.5586+/-  0.0068,  0.9833+/-  0.0021)
  Orbit copy chosen for outline: from slice   90
 
  Freq. =   0.3148+/-  0.0034 kT, m* =   2.4065+/-  0.1362 m_e, Curv. =  -3.4514E+01+/-  1.6895E+01 kT A^2, orbit (1=e,-1=h):  1.0+/- 0.0
  Orbit copies found:    80, RUC avg coords: (  0.5933+/-  0.0057,  0.9551+/-  0.0049,  0.9561+/-  0.0036)
  Orbit copy chosen for outline: from slice    6
 
  Freq. =   0.3154+/-  0.0017 kT, m* =   2.5487+/-  0.1140 m_e, Curv. =  -4.1468E+01+/-  1.8756E+01 kT A^2, orbit (1=e,-1=h):  1.0+/- 0.0
  Orbit copies found:    73, RUC avg coords: (  0.3951+/-  0.0066,  0.0373+/-  0.0054,  0.0371+/-  0.0034)
  Orbit copy chosen for outline: from slice  152
 
  Freq. =   0.3253+/-  0.0009 kT, m* =   2.6431+/-  0.0144 m_e, Curv. =  -5.0234E+01+/-  1.0148E+00 kT A^2, orbit (1=e,-1=h):  1.0+/- 0.0
  Orbit copies found:     5, RUC avg coords: (  0.3948+/-  0.0001,  0.0426+/-  0.0012,  0.0427+/-  0.0024)
  Orbit copy chosen for outline: from slice  201
 
  Freq. =   0.8658+/-  0.0000 kT, m* =   7.3174+/-  0.0000 m_e, Curv. =  -3.1430E+02+/-  0.0000E+00 kT A^2, orbit (1=e,-1=h):  1.0+/- 0.0
  Orbit copies found:     1, RUC avg coords: (  0.0084+/-  0.0000,  0.9920+/-  0.0000,  0.5167+/-  0.0000)
  Orbit copy chosen for outline: from slice  107
 
  Freq. =   1.0537+/-  0.0147 kT, m* =   7.5913+/-  0.3889 m_e, Curv. =  -4.1028E+02+/-  1.5096E+01 kT A^2, orbit (1=e,-1=h):  1.0+/- 0.0
  Orbit copies found:    74, RUC avg coords: ( -0.0060+/-  0.0058,  0.9934+/-  0.0041,  0.4949+/-  0.0060)
  Orbit copy chosen for outline: from slice  136
 
