Theta(deg) =   0.000000 , Phi(deg) =   0.000000 , Number of orbits =     7 , (a.u.^-1) units
Slice   =    186 , Freq(kT, average of all copies)              =   0.3115
Orbit # =      0 , Freq(kT, this largest copy used for outline) =   0.3142
Points  =     43
  kx            ky            kz
  7.114793E+00  4.320510E+00  1.060026E+00
  7.108681E+00  4.334833E+00  1.060026E+00
  7.105179E+00  4.349821E+00  1.060026E+00
  7.105861E+00  4.364809E+00  1.060026E+00
  7.099805E+00  4.374442E+00  1.060026E+00
  7.096470E+00  4.379797E+00  1.060026E+00
  7.095964E+00  4.394785E+00  1.060026E+00
  7.090236E+00  4.409773E+00  1.060026E+00
  7.084817E+00  4.421613E+00  1.060026E+00
  7.082584E+00  4.424761E+00  1.060026E+00
  7.076646E+00  4.439748E+00  1.060026E+00
  7.069829E+00  4.449436E+00  1.060026E+00
  7.064103E+00  4.454736E+00  1.060026E+00
  7.057383E+00  4.469724E+00  1.060026E+00
  7.054841E+00  4.472910E+00  1.060026E+00
  7.039853E+00  4.483334E+00  1.060026E+00
  7.031115E+00  4.469724E+00  1.060026E+00
  7.024865E+00  4.461113E+00  1.060026E+00
  7.023316E+00  4.454736E+00  1.060026E+00
  7.024865E+00  4.451253E+00  1.060026E+00
  7.032640E+00  4.439748E+00  1.060026E+00
  7.028828E+00  4.424761E+00  1.060026E+00
  7.034359E+00  4.409773E+00  1.060026E+00
  7.037007E+00  4.394785E+00  1.060026E+00
  7.039853E+00  4.381740E+00  1.060026E+00
  7.040457E+00  4.379797E+00  1.060026E+00
  7.047855E+00  4.364809E+00  1.060026E+00
  7.050606E+00  4.349821E+00  1.060026E+00
  7.054841E+00  4.344502E+00  1.060026E+00
  7.064305E+00  4.334833E+00  1.060026E+00
  7.069829E+00  4.320206E+00  1.060026E+00
  7.070114E+00  4.319845E+00  1.060026E+00
  7.084817E+00  4.308819E+00  1.060026E+00
  7.091731E+00  4.304857E+00  1.060026E+00
  7.099805E+00  4.296583E+00  1.060026E+00
  7.113168E+00  4.289869E+00  1.060026E+00
  7.114793E+00  4.288119E+00  1.060026E+00
  7.115303E+00  4.289869E+00  1.060026E+00
  7.114793E+00  4.291583E+00  1.060026E+00
  7.108301E+00  4.304857E+00  1.060026E+00
  7.114793E+00  4.318189E+00  1.060026E+00
  7.115032E+00  4.319845E+00  1.060026E+00
  7.114793E+00  4.320510E+00  1.060026E+00
Slice   =     17 , Freq(kT, average of all copies)              =   0.3210
Orbit # =      0 , Freq(kT, this largest copy used for outline) =   0.3311
Points  =     43
  kx            ky            kz
  2.459228E+00  2.175918E+00 -1.749091E+00
  2.451450E+00  2.187505E+00 -1.749091E+00
  2.457098E+00  2.202493E+00 -1.749091E+00
  2.449848E+00  2.217481E+00 -1.749091E+00
  2.448528E+00  2.232469E+00 -1.749091E+00
  2.444240E+00  2.245647E+00 -1.749091E+00
  2.443435E+00  2.247457E+00 -1.749091E+00
  2.438506E+00  2.262445E+00 -1.749091E+00
  2.436034E+00  2.277433E+00 -1.749091E+00
  2.429252E+00  2.288867E+00 -1.749091E+00
  2.426831E+00  2.292421E+00 -1.749091E+00
  2.427560E+00  2.307409E+00 -1.749091E+00
  2.419984E+00  2.322397E+00 -1.749091E+00
  2.414264E+00  2.331685E+00 -1.749091E+00
  2.408377E+00  2.337385E+00 -1.749091E+00
  2.399879E+00  2.352373E+00 -1.749091E+00
  2.399276E+00  2.352918E+00 -1.749091E+00
  2.384288E+00  2.364857E+00 -1.749091E+00
  2.381336E+00  2.367361E+00 -1.749091E+00
  2.369300E+00  2.377611E+00 -1.749091E+00
  2.358621E+00  2.367361E+00 -1.749091E+00
  2.367287E+00  2.352373E+00 -1.749091E+00
  2.363578E+00  2.337385E+00 -1.749091E+00
  2.369300E+00  2.322584E+00 -1.749091E+00
  2.369435E+00  2.322397E+00 -1.749091E+00
  2.371612E+00  2.307409E+00 -1.749091E+00
  2.376150E+00  2.292421E+00 -1.749091E+00
  2.383824E+00  2.277433E+00 -1.749091E+00
  2.381555E+00  2.262445E+00 -1.749091E+00
  2.384288E+00  2.258404E+00 -1.749091E+00
  2.393669E+00  2.247457E+00 -1.749091E+00
  2.394363E+00  2.232469E+00 -1.749091E+00
  2.399276E+00  2.223146E+00 -1.749091E+00
  2.405887E+00  2.217481E+00 -1.749091E+00
  2.413147E+00  2.202493E+00 -1.749091E+00
  2.414264E+00  2.200394E+00 -1.749091E+00
  2.426752E+00  2.187505E+00 -1.749091E+00
  2.429252E+00  2.185617E+00 -1.749091E+00
  2.444240E+00  2.174718E+00 -1.749091E+00
  2.449519E+00  2.172517E+00 -1.749091E+00
  2.459228E+00  2.168494E+00 -1.749091E+00
  2.460739E+00  2.172517E+00 -1.749091E+00
  2.459228E+00  2.175918E+00 -1.749091E+00
Slice   =     86 , Freq(kT, average of all copies)              =   0.3237
Orbit # =      0 , Freq(kT, this largest copy used for outline) =   0.3301
Points  =     45
  kx            ky            kz
  3.419660E+00  2.518867E+00 -7.149223E-01
  3.411619E+00  2.532228E+00 -7.149223E-01
  3.411970E+00  2.547216E+00 -7.149223E-01
  3.405936E+00  2.562204E+00 -7.149223E-01
  3.404767E+00  2.577192E+00 -7.149223E-01
  3.404672E+00  2.577466E+00 -7.149223E-01
  3.398426E+00  2.592180E+00 -7.149223E-01
  3.389836E+00  2.607168E+00 -7.149223E-01
  3.391057E+00  2.622156E+00 -7.149223E-01
  3.389684E+00  2.624421E+00 -7.149223E-01
  3.379884E+00  2.637144E+00 -7.149223E-01
  3.374696E+00  2.646506E+00 -7.149223E-01
  3.369629E+00  2.652132E+00 -7.149223E-01
  3.359709E+00  2.666603E+00 -7.149223E-01
  3.358600E+00  2.667120E+00 -7.149223E-01
  3.344721E+00  2.676418E+00 -7.149223E-01
  3.339265E+00  2.682108E+00 -7.149223E-01
  3.329733E+00  2.687679E+00 -7.149223E-01
  3.326694E+00  2.682108E+00 -7.149223E-01
  3.329733E+00  2.674718E+00 -7.149223E-01
  3.337581E+00  2.667120E+00 -7.149223E-01
  3.331949E+00  2.652132E+00 -7.149223E-01
  3.334126E+00  2.637144E+00 -7.149223E-01
  3.337980E+00  2.622156E+00 -7.149223E-01
  3.336193E+00  2.607168E+00 -7.149223E-01
  3.344576E+00  2.592180E+00 -7.149223E-01
  3.342098E+00  2.577192E+00 -7.149223E-01
  3.344721E+00  2.571950E+00 -7.149223E-01
  3.351314E+00  2.562204E+00 -7.149223E-01
  3.355683E+00  2.547216E+00 -7.149223E-01
  3.359709E+00  2.534097E+00 -7.149223E-01
  3.360657E+00  2.532228E+00 -7.149223E-01
  3.372897E+00  2.517240E+00 -7.149223E-01
  3.374696E+00  2.513187E+00 -7.149223E-01
  3.383533E+00  2.502252E+00 -7.149223E-01
  3.389684E+00  2.497045E+00 -7.149223E-01
  3.404672E+00  2.491378E+00 -7.149223E-01
  3.413263E+00  2.487264E+00 -7.149223E-01
  3.419660E+00  2.482016E+00 -7.149223E-01
  3.421666E+00  2.487264E+00 -7.149223E-01
  3.419660E+00  2.494059E+00 -7.149223E-01
  3.415860E+00  2.502252E+00 -7.149223E-01
  3.419660E+00  2.511318E+00 -7.149223E-01
  3.420824E+00  2.517240E+00 -7.149223E-01
  3.419660E+00  2.518867E+00 -7.149223E-01
Slice   =     48 , Freq(kT, average of all copies)              =   0.3302
Orbit # =      0 , Freq(kT, this largest copy used for outline) =   0.3415
Points  =     45
  kx            ky            kz
  5.225107E+00  5.068801E+00 -2.389074E+00
  5.217156E+00  5.082758E+00 -2.389074E+00
  5.221562E+00  5.097746E+00 -2.389074E+00
  5.216543E+00  5.112734E+00 -2.389074E+00
  5.215375E+00  5.127722E+00 -2.389074E+00
  5.213418E+00  5.142710E+00 -2.389074E+00
  5.210950E+00  5.157698E+00 -2.389074E+00
  5.210119E+00  5.162193E+00 -2.389074E+00
  5.207690E+00  5.172686E+00 -2.389074E+00
  5.202051E+00  5.187674E+00 -2.389074E+00
  5.199526E+00  5.202662E+00 -2.389074E+00
  5.195131E+00  5.209472E+00 -2.389074E+00
  5.188365E+00  5.217649E+00 -2.389074E+00
  5.180144E+00  5.226760E+00 -2.389074E+00
  5.173421E+00  5.232637E+00 -2.389074E+00
  5.165156E+00  5.241496E+00 -2.389074E+00
  5.153266E+00  5.247625E+00 -2.389074E+00
  5.150168E+00  5.249300E+00 -2.389074E+00
  5.146800E+00  5.247625E+00 -2.389074E+00
  5.135180E+00  5.238330E+00 -2.389074E+00
  5.133120E+00  5.232637E+00 -2.389074E+00
  5.135180E+00  5.225660E+00 -2.389074E+00
  5.138251E+00  5.217649E+00 -2.389074E+00
  5.139225E+00  5.202662E+00 -2.389074E+00
  5.141752E+00  5.187674E+00 -2.389074E+00
  5.150168E+00  5.173027E+00 -2.389074E+00
  5.150374E+00  5.172686E+00 -2.389074E+00
  5.150168E+00  5.171864E+00 -2.389074E+00
  5.147771E+00  5.157698E+00 -2.389074E+00
  5.150168E+00  5.153478E+00 -2.389074E+00
  5.159345E+00  5.142710E+00 -2.389074E+00
  5.161604E+00  5.127722E+00 -2.389074E+00
  5.165156E+00  5.119472E+00 -2.389074E+00
  5.170322E+00  5.112734E+00 -2.389074E+00
  5.176822E+00  5.097746E+00 -2.389074E+00
  5.180144E+00  5.085217E+00 -2.389074E+00
  5.181832E+00  5.082758E+00 -2.389074E+00
  5.194954E+00  5.067770E+00 -2.389074E+00
  5.195131E+00  5.066881E+00 -2.389074E+00
  5.207157E+00  5.052782E+00 -2.389074E+00
  5.210119E+00  5.051302E+00 -2.389074E+00
  5.211568E+00  5.052782E+00 -2.389074E+00
  5.225107E+00  5.066096E+00 -2.389074E+00
  5.225540E+00  5.067770E+00 -2.389074E+00
  5.225107E+00  5.068801E+00 -2.389074E+00
Slice   =    182 , Freq(kT, average of all copies)              =   0.3388
Orbit # =      0 , Freq(kT, this largest copy used for outline) =   0.3478
Points  =     47
  kx            ky            kz
  4.829731E+00  2.790557E+00  1.000074E+00
  4.822666E+00  2.802748E+00  1.000074E+00
  4.821917E+00  2.817736E+00  1.000074E+00
  4.820260E+00  2.832724E+00  1.000074E+00
  4.814743E+00  2.844167E+00  1.000074E+00
  4.813048E+00  2.847712E+00  1.000074E+00
  4.810148E+00  2.862700E+00  1.000074E+00
  4.802912E+00  2.877688E+00  1.000074E+00
  4.800969E+00  2.892675E+00  1.000074E+00
  4.799755E+00  2.895099E+00  1.000074E+00
  4.791908E+00  2.907663E+00  1.000074E+00
  4.784768E+00  2.920101E+00  1.000074E+00
  4.782256E+00  2.922651E+00  1.000074E+00
  4.784768E+00  2.935808E+00  1.000074E+00
  4.784946E+00  2.937639E+00  1.000074E+00
  4.784768E+00  2.937916E+00  1.000074E+00
  4.770513E+00  2.952627E+00  1.000074E+00
  4.769780E+00  2.954215E+00  1.000074E+00
  4.758749E+00  2.967615E+00  1.000074E+00
  4.754792E+00  2.972617E+00  1.000074E+00
  4.747018E+00  2.967615E+00  1.000074E+00
  4.739804E+00  2.961075E+00  1.000074E+00
  4.736933E+00  2.952627E+00  1.000074E+00
  4.739804E+00  2.946532E+00  1.000074E+00
  4.744885E+00  2.937639E+00  1.000074E+00
  4.739804E+00  2.931176E+00  1.000074E+00
  4.737244E+00  2.922651E+00  1.000074E+00
  4.739804E+00  2.916814E+00  1.000074E+00
  4.746530E+00  2.907663E+00  1.000074E+00
  4.744936E+00  2.892675E+00  1.000074E+00
  4.747742E+00  2.877688E+00  1.000074E+00
  4.753410E+00  2.862700E+00  1.000074E+00
  4.750564E+00  2.847712E+00  1.000074E+00
  4.754792E+00  2.840305E+00  1.000074E+00
  4.760714E+00  2.832724E+00  1.000074E+00
  4.762862E+00  2.817736E+00  1.000074E+00
  4.769780E+00  2.808350E+00  1.000074E+00
  4.776578E+00  2.802748E+00  1.000074E+00
  4.784768E+00  2.790506E+00  1.000074E+00
  4.787783E+00  2.787760E+00  1.000074E+00
  4.799755E+00  2.779885E+00  1.000074E+00
  4.811842E+00  2.772772E+00  1.000074E+00
  4.814743E+00  2.770932E+00  1.000074E+00
  4.816914E+00  2.772772E+00  1.000074E+00
  4.829731E+00  2.784215E+00  1.000074E+00
  4.831286E+00  2.787760E+00  1.000074E+00
  4.829731E+00  2.790557E+00  1.000074E+00
Slice   =    116 , Freq(kT, average of all copies)              =   0.3583
Orbit # =      0 , Freq(kT, this largest copy used for outline) =   0.3622
Points  =     37
  kx            ky            kz
  2.496096E+00  1.782487E+00  8.393255E-01
  2.481108E+00  1.780476E+00  8.393255E-01
  2.466120E+00  1.779265E+00  8.393255E-01
  2.451132E+00  1.773776E+00  8.393255E-01
  2.447092E+00  1.769683E+00  8.393255E-01
  2.436144E+00  1.761397E+00  8.393255E-01
  2.429911E+00  1.754695E+00  8.393255E-01
  2.422047E+00  1.739707E+00  8.393255E-01
  2.421156E+00  1.738363E+00  8.393255E-01
  2.415697E+00  1.724719E+00  8.393255E-01
  2.406169E+00  1.711022E+00  8.393255E-01
  2.404311E+00  1.709731E+00  8.393255E-01
  2.391181E+00  1.701849E+00  8.393255E-01
  2.384188E+00  1.694744E+00  8.393255E-01
  2.376193E+00  1.680151E+00  8.393255E-01
  2.375860E+00  1.679756E+00  8.393255E-01
  2.376193E+00  1.678599E+00  8.393255E-01
  2.383218E+00  1.664768E+00  8.393255E-01
  2.391181E+00  1.650805E+00  8.393255E-01
  2.392701E+00  1.649780E+00  8.393255E-01
  2.406169E+00  1.645050E+00  8.393255E-01
  2.421156E+00  1.646943E+00  8.393255E-01
  2.428445E+00  1.649780E+00  8.393255E-01
  2.436144E+00  1.653020E+00  8.393255E-01
  2.451132E+00  1.660278E+00  8.393255E-01
  2.454456E+00  1.664768E+00  8.393255E-01
  2.460381E+00  1.679756E+00  8.393255E-01
  2.465558E+00  1.694744E+00  8.393255E-01
  2.466120E+00  1.695666E+00  8.393255E-01
  2.480263E+00  1.709731E+00  8.393255E-01
  2.481108E+00  1.710807E+00  8.393255E-01
  2.496096E+00  1.721050E+00  8.393255E-01
  2.498922E+00  1.724719E+00  8.393255E-01
  2.506005E+00  1.739707E+00  8.393255E-01
  2.507517E+00  1.754695E+00  8.393255E-01
  2.501165E+00  1.769683E+00  8.393255E-01
  2.496096E+00  1.782487E+00  8.393255E-01
Slice   =    215 , Freq(kT, average of all copies)              =   0.8069
Orbit # =      0 , Freq(kT, this largest copy used for outline) =   0.8172
Points  =     81
  kx            ky            kz
  6.298551E+00  4.303873E+00  1.494676E+00
  6.297855E+00  4.303752E+00  1.494676E+00
  6.283563E+00  4.293895E+00  1.494676E+00
  6.274810E+00  4.303752E+00  1.494676E+00
  6.268575E+00  4.307457E+00  1.494676E+00
  6.258833E+00  4.318740E+00  1.494676E+00
  6.253587E+00  4.322438E+00  1.494676E+00
  6.238599E+00  4.329374E+00  1.494676E+00
  6.223611E+00  4.333468E+00  1.494676E+00
  6.223369E+00  4.333728E+00  1.494676E+00
  6.208623E+00  4.344190E+00  1.494676E+00
  6.200060E+00  4.348716E+00  1.494676E+00
  6.193635E+00  4.352813E+00  1.494676E+00
  6.178647E+00  4.359728E+00  1.494676E+00
  6.172768E+00  4.363704E+00  1.494676E+00
  6.163659E+00  4.368582E+00  1.494676E+00
  6.148671E+00  4.377616E+00  1.494676E+00
  6.141212E+00  4.378692E+00  1.494676E+00
  6.133684E+00  4.379587E+00  1.494676E+00
  6.118696E+00  4.387424E+00  1.494676E+00
  6.110408E+00  4.393680E+00  1.494676E+00
  6.103708E+00  4.399236E+00  1.494676E+00
  6.088720E+00  4.408095E+00  1.494676E+00
  6.083964E+00  4.408668E+00  1.494676E+00
  6.073732E+00  4.409592E+00  1.494676E+00
  6.058744E+00  4.421320E+00  1.494676E+00
  6.054144E+00  4.423656E+00  1.494676E+00
  6.043756E+00  4.429280E+00  1.494676E+00
  6.028768E+00  4.431173E+00  1.494676E+00
  6.016636E+00  4.438644E+00  1.494676E+00
  6.013780E+00  4.440315E+00  1.494676E+00
  5.998792E+00  4.441205E+00  1.494676E+00
  5.983804E+00  4.444214E+00  1.494676E+00
  5.969962E+00  4.453632E+00  1.494676E+00
  5.968816E+00  4.454322E+00  1.494676E+00
  5.966947E+00  4.453632E+00  1.494676E+00
  5.953828E+00  4.445879E+00  1.494676E+00
  5.938840E+00  4.443980E+00  1.494676E+00
  5.932322E+00  4.438644E+00  1.494676E+00
  5.928540E+00  4.423656E+00  1.494676E+00
  5.938840E+00  4.419506E+00  1.494676E+00
  5.953828E+00  4.409345E+00  1.494676E+00
  5.954158E+00  4.408668E+00  1.494676E+00
  5.968816E+00  4.394753E+00  1.494676E+00
  5.970428E+00  4.393680E+00  1.494676E+00
  5.983804E+00  4.385846E+00  1.494676E+00
  5.998792E+00  4.382938E+00  1.494676E+00
  6.003332E+00  4.378692E+00  1.494676E+00
  6.013780E+00  4.370603E+00  1.494676E+00
  6.024505E+00  4.363704E+00  1.494676E+00
  6.028768E+00  4.360521E+00  1.494676E+00
  6.043756E+00  4.358469E+00  1.494676E+00
  6.056542E+00  4.348716E+00  1.494676E+00
  6.058744E+00  4.347138E+00  1.494676E+00
  6.073732E+00  4.336366E+00  1.494676E+00
  6.088720E+00  4.339147E+00  1.494676E+00
  6.095472E+00  4.333728E+00  1.494676E+00
  6.103708E+00  4.328343E+00  1.494676E+00
  6.114244E+00  4.318740E+00  1.494676E+00
  6.118696E+00  4.314800E+00  1.494676E+00
  6.133684E+00  4.313307E+00  1.494676E+00
  6.148226E+00  4.303752E+00  1.494676E+00
  6.148671E+00  4.303500E+00  1.494676E+00
  6.163659E+00  4.290052E+00  1.494676E+00
  6.178647E+00  4.290608E+00  1.494676E+00
  6.181948E+00  4.288764E+00  1.494676E+00
  6.193635E+00  4.283344E+00  1.494676E+00
  6.205797E+00  4.273776E+00  1.494676E+00
  6.208623E+00  4.271469E+00  1.494676E+00
  6.213205E+00  4.273776E+00  1.494676E+00
  6.223611E+00  4.279614E+00  1.494676E+00
  6.237011E+00  4.273776E+00  1.494676E+00
  6.238599E+00  4.273188E+00  1.494676E+00
  6.253587E+00  4.263552E+00  1.494676E+00
  6.268056E+00  4.273776E+00  1.494676E+00
  6.268575E+00  4.274835E+00  1.494676E+00
  6.283563E+00  4.279819E+00  1.494676E+00
  6.290131E+00  4.288764E+00  1.494676E+00
  6.298551E+00  4.302733E+00  1.494676E+00
  6.298732E+00  4.303752E+00  1.494676E+00
  6.298551E+00  4.303873E+00  1.494676E+00
Theta(deg) =   0.000000 , Phi(deg) =   2.500000 , Number of orbits =     6 , (a.u.^-1) units
Slice   =    104 , Freq(kT, average of all copies)              =   0.3432
Orbit # =      0 , Freq(kT, this largest copy used for outline) =   0.3525
Points  =     47
  kx            ky            kz
  5.897433E+00  4.258719E+00 -1.095482E+00
  5.887914E+00  4.272672E+00 -1.095067E+00
  5.889104E+00  4.287660E+00 -1.095119E+00
  5.885672E+00  4.302648E+00 -1.094969E+00
  5.883033E+00  4.317636E+00 -1.094854E+00
  5.882459E+00  4.319980E+00 -1.094829E+00
  5.878699E+00  4.332624E+00 -1.094664E+00
  5.871360E+00  4.347612E+00 -1.094344E+00
  5.871434E+00  4.362600E+00 -1.094347E+00
  5.867485E+00  4.368524E+00 -1.094175E+00
  5.861681E+00  4.377588E+00 -1.093921E+00
  5.857069E+00  4.392576E+00 -1.093720E+00
  5.854182E+00  4.407564E+00 -1.093594E+00
  5.852512E+00  4.410523E+00 -1.093521E+00
  5.841481E+00  4.422551E+00 -1.093039E+00
  5.837538E+00  4.432410E+00 -1.092867E+00
  5.834186E+00  4.437539E+00 -1.092721E+00
  5.822564E+00  4.446433E+00 -1.092214E+00
  5.815586E+00  4.452527E+00 -1.091909E+00
  5.807591E+00  4.466065E+00 -1.091560E+00
  5.792617E+00  4.459253E+00 -1.090906E+00
  5.790770E+00  4.452527E+00 -1.090825E+00
  5.792617E+00  4.448329E+00 -1.090906E+00
  5.798500E+00  4.437539E+00 -1.091163E+00
  5.792617E+00  4.427399E+00 -1.090906E+00
  5.791522E+00  4.422551E+00 -1.090858E+00
  5.792617E+00  4.420061E+00 -1.090906E+00
  5.801361E+00  4.407564E+00 -1.091288E+00
  5.801325E+00  4.392576E+00 -1.091286E+00
  5.807407E+00  4.377588E+00 -1.091552E+00
  5.807591E+00  4.377111E+00 -1.091560E+00
  5.812662E+00  4.362600E+00 -1.091781E+00
  5.815788E+00  4.347612E+00 -1.091918E+00
  5.822564E+00  4.337967E+00 -1.092214E+00
  5.826539E+00  4.332624E+00 -1.092387E+00
  5.822826E+00  4.317636E+00 -1.092225E+00
  5.837538E+00  4.303199E+00 -1.092867E+00
  5.838263E+00  4.302648E+00 -1.092899E+00
  5.846852E+00  4.287660E+00 -1.093274E+00
  5.852512E+00  4.282174E+00 -1.093521E+00
  5.861935E+00  4.272672E+00 -1.093932E+00
  5.867485E+00  4.266833E+00 -1.094175E+00
  5.882459E+00  4.258534E+00 -1.094829E+00
  5.887206E+00  4.257684E+00 -1.095036E+00
  5.897433E+00  4.256247E+00 -1.095482E+00
  5.897962E+00  4.257684E+00 -1.095505E+00
  5.897433E+00  4.258719E+00 -1.095482E+00
Slice   =     72 , Freq(kT, average of all copies)              =   0.3461
Orbit # =      0 , Freq(kT, this largest copy used for outline) =   0.3528
Points  =     35
  kx            ky            kz
  2.493478E+00  2.202392E+00 -2.049931E-01
  2.478504E+00  2.200346E+00 -2.043393E-01
  2.463530E+00  2.198723E+00 -2.036855E-01
  2.448557E+00  2.192124E+00 -2.030318E-01
  2.446282E+00  2.189714E+00 -2.029324E-01
  2.433583E+00  2.180282E+00 -2.023780E-01
  2.428745E+00  2.174726E+00 -2.021668E-01
  2.422518E+00  2.159738E+00 -2.018949E-01
  2.418609E+00  2.153315E+00 -2.017242E-01
  2.414732E+00  2.144750E+00 -2.015549E-01
  2.403636E+00  2.130155E+00 -2.010705E-01
  2.403099E+00  2.129762E+00 -2.010471E-01
  2.388662E+00  2.120622E+00 -2.004167E-01
  2.383488E+00  2.114774E+00 -2.001908E-01
  2.379082E+00  2.099787E+00 -1.999984E-01
  2.384348E+00  2.084799E+00 -2.002283E-01
  2.388662E+00  2.075057E+00 -2.004167E-01
  2.394520E+00  2.069811E+00 -2.006725E-01
  2.403636E+00  2.065927E+00 -2.010705E-01
  2.418609E+00  2.067060E+00 -2.017242E-01
  2.426545E+00  2.069811E+00 -2.020707E-01
  2.433583E+00  2.072503E+00 -2.023780E-01
  2.448557E+00  2.079527E+00 -2.030318E-01
  2.452502E+00  2.084799E+00 -2.032040E-01
  2.458511E+00  2.099787E+00 -2.034664E-01
  2.463530E+00  2.112210E+00 -2.036855E-01
  2.464711E+00  2.114774E+00 -2.037371E-01
  2.478504E+00  2.129372E+00 -2.043393E-01
  2.479087E+00  2.129762E+00 -2.043647E-01
  2.493478E+00  2.139857E+00 -2.049931E-01
  2.496992E+00  2.144750E+00 -2.051465E-01
  2.503527E+00  2.159738E+00 -2.054318E-01
  2.504369E+00  2.174726E+00 -2.054686E-01
  2.499424E+00  2.189714E+00 -2.052527E-01
  2.493478E+00  2.202392E+00 -2.049931E-01
Slice   =     51 , Freq(kT, average of all copies)              =   0.3480
Orbit # =      0 , Freq(kT, this largest copy used for outline) =   0.3598
Points  =     43
  kx            ky            kz
  2.037478E-01  7.787983E-01 -4.200682E-01
  1.957298E-01  7.936253E-01 -4.197181E-01
  1.961109E-01  8.086133E-01 -4.197348E-01
  1.926232E-01  8.236012E-01 -4.195825E-01
  1.913178E-01  8.385892E-01 -4.195255E-01
  1.887741E-01  8.479594E-01 -4.194144E-01
  1.869072E-01  8.535771E-01 -4.193329E-01
  1.815157E-01  8.685651E-01 -4.190975E-01
  1.786663E-01  8.835530E-01 -4.189731E-01
  1.738004E-01  8.903741E-01 -4.187607E-01
  1.661525E-01  8.985410E-01 -4.184268E-01
  1.588267E-01  9.068435E-01 -4.181069E-01
  1.513528E-01  9.135289E-01 -4.177806E-01
  1.438530E-01  9.213809E-01 -4.174531E-01
  1.288793E-01  9.283938E-01 -4.167994E-01
  1.139056E-01  9.217324E-01 -4.161456E-01
  1.107261E-01  9.135289E-01 -4.160068E-01
  1.131747E-01  8.985410E-01 -4.161137E-01
  1.139056E-01  8.956361E-01 -4.161456E-01
  1.169458E-01  8.835530E-01 -4.162784E-01
  1.162232E-01  8.685651E-01 -4.162468E-01
  1.256071E-01  8.535771E-01 -4.166565E-01
  1.256177E-01  8.385892E-01 -4.166570E-01
  1.288793E-01  8.331167E-01 -4.167994E-01
  1.368403E-01  8.236012E-01 -4.171470E-01
  1.403386E-01  8.086133E-01 -4.172997E-01
  1.438530E-01  7.971660E-01 -4.174531E-01
  1.458055E-01  7.936253E-01 -4.175384E-01
  1.555984E-01  7.786373E-01 -4.179660E-01
  1.586215E-01  7.636494E-01 -4.180980E-01
  1.588267E-01  7.634236E-01 -4.181069E-01
  1.737825E-01  7.486614E-01 -4.187599E-01
  1.738004E-01  7.485597E-01 -4.187607E-01
  1.836306E-01  7.336735E-01 -4.191899E-01
  1.887741E-01  7.310471E-01 -4.194144E-01
  1.917999E-01  7.336735E-01 -4.195466E-01
  2.037478E-01  7.439119E-01 -4.200682E-01
  2.050275E-01  7.486614E-01 -4.201241E-01
  2.037478E-01  7.520118E-01 -4.200682E-01
  1.976118E-01  7.636494E-01 -4.198003E-01
  2.037478E-01  7.783079E-01 -4.200682E-01
  2.038349E-01  7.786373E-01 -4.200720E-01
  2.037478E-01  7.787983E-01 -4.200682E-01
Slice   =    108 , Freq(kT, average of all copies)              =   0.3496
Orbit # =      0 , Freq(kT, this largest copy used for outline) =   0.3601
Points  =     45
  kx            ky            kz
  3.657601E+00  2.238959E+00  3.477889E-01
  3.652161E+00  2.249666E+00  3.480264E-01
  3.654539E+00  2.264654E+00  3.479225E-01
  3.651141E+00  2.279642E+00  3.480709E-01
  3.642636E+00  2.294630E+00  3.484423E-01
  3.642627E+00  2.294982E+00  3.484426E-01
  3.642135E+00  2.309618E+00  3.484641E-01
  3.633093E+00  2.324606E+00  3.488589E-01
  3.629338E+00  2.339594E+00  3.490229E-01
  3.627653E+00  2.343182E+00  3.490964E-01
  3.621120E+00  2.354582E+00  3.493817E-01
  3.612680E+00  2.368558E+00  3.497502E-01
  3.611762E+00  2.369570E+00  3.497902E-01
  3.612680E+00  2.377794E+00  3.497502E-01
  3.613092E+00  2.384558E+00  3.497322E-01
  3.612680E+00  2.385179E+00  3.497502E-01
  3.600023E+00  2.399546E+00  3.503028E-01
  3.597706E+00  2.404619E+00  3.504039E-01
  3.587315E+00  2.414534E+00  3.508576E-01
  3.582732E+00  2.419563E+00  3.510577E-01
  3.572430E+00  2.414534E+00  3.515075E-01
  3.567759E+00  2.410459E+00  3.517115E-01
  3.564694E+00  2.399546E+00  3.518453E-01
  3.567759E+00  2.392809E+00  3.517115E-01
  3.572193E+00  2.384558E+00  3.515178E-01
  3.567759E+00  2.379227E+00  3.517115E-01
  3.564536E+00  2.369570E+00  3.518522E-01
  3.567759E+00  2.362960E+00  3.517115E-01
  3.574286E+00  2.354582E+00  3.514265E-01
  3.571951E+00  2.339594E+00  3.515284E-01
  3.575785E+00  2.324606E+00  3.513610E-01
  3.580637E+00  2.309618E+00  3.511492E-01
  3.578254E+00  2.294630E+00  3.512532E-01
  3.582732E+00  2.287324E+00  3.510577E-01
  3.588644E+00  2.279642E+00  3.507996E-01
  3.590646E+00  2.264654E+00  3.507122E-01
  3.597706E+00  2.256049E+00  3.504039E-01
  3.605596E+00  2.249666E+00  3.500594E-01
  3.612680E+00  2.239807E+00  3.497502E-01
  3.618282E+00  2.234678E+00  3.495056E-01
  3.627653E+00  2.228443E+00  3.490964E-01
  3.642627E+00  2.221380E+00  3.484426E-01
  3.657601E+00  2.229569E+00  3.477889E-01
  3.659670E+00  2.234678E+00  3.476985E-01
  3.657601E+00  2.238959E+00  3.477889E-01
Slice   =    112 , Freq(kT, average of all copies)              =   0.7427
Orbit # =      0 , Freq(kT, this largest copy used for outline) =   0.7427
Points  =     77
  kx            ky            kz
  1.848399E+00  1.501129E+00  7.629415E-01
  1.840227E+00  1.513784E+00  7.632983E-01
  1.833426E+00  1.517484E+00  7.635953E-01
  1.822747E+00  1.528771E+00  7.640615E-01
  1.818452E+00  1.531726E+00  7.642491E-01
  1.803478E+00  1.537842E+00  7.649028E-01
  1.788505E+00  1.541370E+00  7.655566E-01
  1.785701E+00  1.543759E+00  7.656790E-01
  1.773531E+00  1.551978E+00  7.662104E-01
  1.761271E+00  1.558747E+00  7.667456E-01
  1.758557E+00  1.560293E+00  7.668641E-01
  1.743583E+00  1.564766E+00  7.675179E-01
  1.728610E+00  1.572900E+00  7.681717E-01
  1.726440E+00  1.573735E+00  7.682664E-01
  1.713636E+00  1.578475E+00  7.688254E-01
  1.698662E+00  1.582387E+00  7.694792E-01
  1.687547E+00  1.588723E+00  7.699645E-01
  1.683689E+00  1.590878E+00  7.701330E-01
  1.668715E+00  1.596091E+00  7.707867E-01
  1.653741E+00  1.599377E+00  7.714405E-01
  1.647777E+00  1.603711E+00  7.717009E-01
  1.638768E+00  1.610159E+00  7.720943E-01
  1.625425E+00  1.618699E+00  7.726768E-01
  1.623794E+00  1.619812E+00  7.727480E-01
  1.617908E+00  1.618699E+00  7.730050E-01
  1.608820E+00  1.616948E+00  7.734018E-01
  1.606757E+00  1.618699E+00  7.734919E-01
  1.593847E+00  1.627415E+00  7.740555E-01
  1.582325E+00  1.633687E+00  7.745586E-01
  1.578873E+00  1.635633E+00  7.747093E-01
  1.573899E+00  1.633687E+00  7.749265E-01
  1.563899E+00  1.628530E+00  7.753631E-01
  1.557405E+00  1.633687E+00  7.756466E-01
  1.548925E+00  1.639026E+00  7.760168E-01
  1.533952E+00  1.637275E+00  7.766706E-01
  1.518978E+00  1.637671E+00  7.773244E-01
  1.505927E+00  1.633687E+00  7.778942E-01
  1.504004E+00  1.626122E+00  7.779781E-01
  1.502230E+00  1.618699E+00  7.780556E-01
  1.504004E+00  1.616858E+00  7.779781E-01
  1.518978E+00  1.612173E+00  7.773244E-01
  1.530730E+00  1.603711E+00  7.768113E-01
  1.533952E+00  1.602479E+00  7.766706E-01
  1.547981E+00  1.588723E+00  7.760581E-01
  1.548925E+00  1.587967E+00  7.760168E-01
  1.563899E+00  1.582243E+00  7.753631E-01
  1.578873E+00  1.574893E+00  7.747093E-01
  1.580195E+00  1.573735E+00  7.746516E-01
  1.593847E+00  1.562509E+00  7.740555E-01
  1.607763E+00  1.558747E+00  7.734480E-01
  1.608820E+00  1.558430E+00  7.734018E-01
  1.623794E+00  1.553454E+00  7.727480E-01
  1.635223E+00  1.543759E+00  7.722490E-01
  1.638768E+00  1.541227E+00  7.720943E-01
  1.653741E+00  1.536150E+00  7.714405E-01
  1.668715E+00  1.530993E+00  7.707867E-01
  1.670899E+00  1.528771E+00  7.706914E-01
  1.683689E+00  1.518437E+00  7.701330E-01
  1.693399E+00  1.513784E+00  7.697090E-01
  1.698662E+00  1.511187E+00  7.694792E-01
  1.713636E+00  1.505740E+00  7.688254E-01
  1.721966E+00  1.498796E+00  7.684617E-01
  1.728610E+00  1.493297E+00  7.681717E-01
  1.743583E+00  1.491133E+00  7.675179E-01
  1.758557E+00  1.490335E+00  7.668641E-01
  1.768919E+00  1.483808E+00  7.664117E-01
  1.773531E+00  1.480720E+00  7.662104E-01
  1.782620E+00  1.483808E+00  7.658135E-01
  1.788505E+00  1.486323E+00  7.655566E-01
  1.800836E+00  1.483808E+00  7.650182E-01
  1.803478E+00  1.483382E+00  7.649028E-01
  1.818452E+00  1.477032E+00  7.642491E-01
  1.829404E+00  1.483808E+00  7.637709E-01
  1.833426E+00  1.489746E+00  7.635953E-01
  1.848399E+00  1.496579E+00  7.629415E-01
  1.850459E+00  1.498796E+00  7.628516E-01
  1.848399E+00  1.501129E+00  7.629415E-01
Slice   =    169 , Freq(kT, average of all copies)              =   0.7985
Orbit # =      0 , Freq(kT, this largest copy used for outline) =   0.8168
Points  =     77
  kx            ky            kz
  4.861822E+00  3.606083E+00  7.533355E-01
  4.854066E+00  3.613202E+00  7.536741E-01
  4.846848E+00  3.617231E+00  7.539893E-01
  4.836040E+00  3.628190E+00  7.544611E-01
  4.831875E+00  3.630606E+00  7.546430E-01
  4.816901E+00  3.643098E+00  7.552968E-01
  4.801927E+00  3.640207E+00  7.559506E-01
  4.798836E+00  3.643178E+00  7.560855E-01
  4.786953E+00  3.650445E+00  7.566043E-01
  4.776488E+00  3.658166E+00  7.570613E-01
  4.771980E+00  3.661560E+00  7.572581E-01
  4.757006E+00  3.665490E+00  7.579119E-01
  4.742032E+00  3.669602E+00  7.585656E-01
  4.736109E+00  3.673154E+00  7.588242E-01
  4.727059E+00  3.679221E+00  7.592194E-01
  4.712085E+00  3.684778E+00  7.598732E-01
  4.697111E+00  3.687260E+00  7.605269E-01
  4.695816E+00  3.688142E+00  7.605835E-01
  4.682138E+00  3.697145E+00  7.611807E-01
  4.669369E+00  3.703130E+00  7.617382E-01
  4.667164E+00  3.704267E+00  7.618344E-01
  4.652190E+00  3.709019E+00  7.624882E-01
  4.639420E+00  3.718118E+00  7.630458E-01
  4.637217E+00  3.719742E+00  7.631420E-01
  4.622243E+00  3.725023E+00  7.637957E-01
  4.607269E+00  3.726145E+00  7.644495E-01
  4.596389E+00  3.733106E+00  7.649245E-01
  4.592295E+00  3.735835E+00  7.651033E-01
  4.577322E+00  3.736204E+00  7.657570E-01
  4.562348E+00  3.738574E+00  7.664108E-01
  4.547374E+00  3.742703E+00  7.670646E-01
  4.532401E+00  3.740501E+00  7.677183E-01
  4.522894E+00  3.748093E+00  7.681334E-01
  4.517427E+00  3.750297E+00  7.683721E-01
  4.511895E+00  3.748093E+00  7.686136E-01
  4.502453E+00  3.736609E+00  7.690259E-01
  4.495081E+00  3.733106E+00  7.693478E-01
  4.502453E+00  3.724955E+00  7.690259E-01
  4.509502E+00  3.718118E+00  7.687181E-01
  4.517427E+00  3.706434E+00  7.683721E-01
  4.531821E+00  3.703130E+00  7.677436E-01
  4.532401E+00  3.703099E+00  7.677183E-01
  4.547374E+00  3.692069E+00  7.670646E-01
  4.552239E+00  3.688142E+00  7.668522E-01
  4.562348E+00  3.678548E+00  7.664108E-01
  4.577322E+00  3.678809E+00  7.657570E-01
  4.584488E+00  3.673154E+00  7.654442E-01
  4.592295E+00  3.667882E+00  7.651033E-01
  4.603869E+00  3.658166E+00  7.645980E-01
  4.607269E+00  3.655267E+00  7.644495E-01
  4.622243E+00  3.655730E+00  7.637957E-01
  4.637217E+00  3.646669E+00  7.631420E-01
  4.643060E+00  3.643178E+00  7.628868E-01
  4.652190E+00  3.637288E+00  7.624882E-01
  4.667164E+00  3.637507E+00  7.618344E-01
  4.680112E+00  3.628190E+00  7.612691E-01
  4.682138E+00  3.626838E+00  7.611807E-01
  4.697111E+00  3.617242E+00  7.605269E-01
  4.712085E+00  3.618113E+00  7.598732E-01
  4.717655E+00  3.613202E+00  7.596300E-01
  4.727059E+00  3.605911E+00  7.592194E-01
  4.738849E+00  3.598214E+00  7.587046E-01
  4.742032E+00  3.595955E+00  7.585656E-01
  4.750819E+00  3.598214E+00  7.581820E-01
  4.757006E+00  3.599970E+00  7.579119E-01
  4.759336E+00  3.598214E+00  7.578101E-01
  4.771980E+00  3.590237E+00  7.572581E-01
  4.786953E+00  3.583516E+00  7.566043E-01
  4.801927E+00  3.588640E+00  7.559506E-01
  4.810238E+00  3.583226E+00  7.555877E-01
  4.816901E+00  3.579546E+00  7.552968E-01
  4.831875E+00  3.582961E+00  7.546430E-01
  4.846848E+00  3.582476E+00  7.539893E-01
  4.861822E+00  3.581114E+00  7.533355E-01
  4.864627E+00  3.583226E+00  7.532130E-01
  4.870445E+00  3.598214E+00  7.529590E-01
  4.861822E+00  3.606083E+00  7.533355E-01
Theta(deg) =   0.000000 , Phi(deg) =   5.000000 , Number of orbits =     9 , (a.u.^-1) units
Slice   =     42 , Freq(kT, average of all copies)              =   0.3375
Orbit # =      0 , Freq(kT, this largest copy used for outline) =   0.3426
Points  =     35
  kx            ky            kz
  4.078393E+00  4.011586E+00 -1.944739E+00
  4.063462E+00  4.012497E+00 -1.943432E+00
  4.048531E+00  4.011263E+00 -1.942126E+00
  4.033600E+00  4.004587E+00 -1.940820E+00
  4.032728E+00  4.003625E+00 -1.940744E+00
  4.018669E+00  3.993206E+00 -1.939514E+00
  4.014842E+00  3.988637E+00 -1.939179E+00
  4.009044E+00  3.973649E+00 -1.938672E+00
  4.003738E+00  3.964133E+00 -1.938207E+00
  4.001160E+00  3.958661E+00 -1.937982E+00
  3.989028E+00  3.943673E+00 -1.936920E+00
  3.988807E+00  3.943299E+00 -1.936901E+00
  3.973876E+00  3.933348E+00 -1.935595E+00
  3.970079E+00  3.928685E+00 -1.935262E+00
  3.967972E+00  3.913697E+00 -1.935078E+00
  3.971054E+00  3.898709E+00 -1.935348E+00
  3.973876E+00  3.890362E+00 -1.935595E+00
  3.979349E+00  3.883721E+00 -1.936074E+00
  3.988807E+00  3.879050E+00 -1.936901E+00
  4.003738E+00  3.880603E+00 -1.938207E+00
  4.013467E+00  3.883721E+00 -1.939058E+00
  4.018669E+00  3.885621E+00 -1.939514E+00
  4.033600E+00  3.892458E+00 -1.940820E+00
  4.038125E+00  3.898709E+00 -1.941216E+00
  4.043680E+00  3.913697E+00 -1.941702E+00
  4.048531E+00  3.924064E+00 -1.942126E+00
  4.050775E+00  3.928685E+00 -1.942322E+00
  4.063462E+00  3.942103E+00 -1.943432E+00
  4.065916E+00  3.943673E+00 -1.943647E+00
  4.078393E+00  3.953752E+00 -1.944739E+00
  4.081697E+00  3.958661E+00 -1.945028E+00
  4.087789E+00  3.973649E+00 -1.945561E+00
  4.086825E+00  3.988637E+00 -1.945476E+00
  4.082943E+00  4.003625E+00 -1.945137E+00
  4.078393E+00  4.011586E+00 -1.944739E+00
Slice   =    128 , Freq(kT, average of all copies)              =   0.3672
Orbit # =      0 , Freq(kT, this largest copy used for outline) =   0.3750
Points  =     51
  kx            ky            kz
  4.007465E+00  3.317428E+00 -2.869139E-02
  4.000926E+00  3.329535E+00 -2.811937E-02
  3.995976E+00  3.344523E+00 -2.768624E-02
  3.994648E+00  3.359511E+00 -2.757011E-02
  3.992534E+00  3.362717E+00 -2.738510E-02
  3.984832E+00  3.374499E+00 -2.671127E-02
  3.982787E+00  3.389487E+00 -2.653236E-02
  3.977603E+00  3.397309E+00 -2.607882E-02
  3.972859E+00  3.404475E+00 -2.566378E-02
  3.966627E+00  3.419463E+00 -2.511854E-02
  3.964610E+00  3.434451E+00 -2.494206E-02
  3.962672E+00  3.437087E+00 -2.477253E-02
  3.950856E+00  3.449439E+00 -2.373882E-02
  3.947741E+00  3.456663E+00 -2.346625E-02
  3.940822E+00  3.464427E+00 -2.286092E-02
  3.932810E+00  3.469883E+00 -2.215996E-02
  3.917879E+00  3.478903E+00 -2.085367E-02
  3.916865E+00  3.479415E+00 -2.076497E-02
  3.902948E+00  3.487445E+00 -1.954739E-02
  3.900789E+00  3.479415E+00 -1.935849E-02
  3.902948E+00  3.473970E+00 -1.954739E-02
  3.909807E+00  3.464427E+00 -2.014746E-02
  3.902948E+00  3.458119E+00 -1.954739E-02
  3.900733E+00  3.449439E+00 -1.935363E-02
  3.902948E+00  3.444971E+00 -1.954739E-02
  3.912550E+00  3.434451E+00 -2.038747E-02
  3.911051E+00  3.419463E+00 -2.025631E-02
  3.917879E+00  3.405635E+00 -2.085367E-02
  3.918615E+00  3.404475E+00 -2.091805E-02
  3.922375E+00  3.389487E+00 -2.124705E-02
  3.925910E+00  3.374499E+00 -2.155632E-02
  3.932810E+00  3.364732E+00 -2.215996E-02
  3.936577E+00  3.359511E+00 -2.248957E-02
  3.932810E+00  3.346784E+00 -2.215996E-02
  3.932294E+00  3.344523E+00 -2.211478E-02
  3.932810E+00  3.343711E+00 -2.215996E-02
  3.947741E+00  3.329657E+00 -2.346625E-02
  3.947839E+00  3.329535E+00 -2.347481E-02
  3.952646E+00  3.314547E+00 -2.389541E-02
  3.962672E+00  3.302252E+00 -2.477253E-02
  3.966547E+00  3.299559E+00 -2.511154E-02
  3.977603E+00  3.289060E+00 -2.607882E-02
  3.986470E+00  3.284571E+00 -2.685465E-02
  3.992534E+00  3.278405E+00 -2.738510E-02
  4.007465E+00  3.278164E+00 -2.869139E-02
  4.009468E+00  3.284571E+00 -2.886667E-02
  4.007465E+00  3.288540E+00 -2.869139E-02
  4.000433E+00  3.299559E+00 -2.807624E-02
  4.007465E+00  3.310809E+00 -2.869139E-02
  4.008647E+00  3.314547E+00 -2.879486E-02
  4.007465E+00  3.317428E+00 -2.869139E-02
Slice   =    149 , Freq(kT, average of all copies)              =   0.3691
Orbit # =      0 , Freq(kT, this largest copy used for outline) =   0.3766
Points  =     45
  kx            ky            kz
  5.217077E+00  4.259795E+00 -4.560777E-01
  5.209865E+00  4.272672E+00 -4.554467E-01
  5.209835E+00  4.287660E+00 -4.554441E-01
  5.206921E+00  4.302648E+00 -4.551892E-01
  5.203810E+00  4.317636E+00 -4.549169E-01
  5.202146E+00  4.325827E+00 -4.547714E-01
  5.200467E+00  4.332624E+00 -4.546245E-01
  5.193331E+00  4.347612E+00 -4.540001E-01
  5.191417E+00  4.362600E+00 -4.538327E-01
  5.187215E+00  4.368700E+00 -4.534651E-01
  5.179685E+00  4.377588E+00 -4.528063E-01
  5.172284E+00  4.385984E+00 -4.521588E-01
  5.164265E+00  4.392576E+00 -4.514572E-01
  5.157353E+00  4.400974E+00 -4.508525E-01
  5.145168E+00  4.407564E+00 -4.497865E-01
  5.142423E+00  4.408976E+00 -4.495462E-01
  5.127492E+00  4.410955E+00 -4.482400E-01
  5.126445E+00  4.407564E+00 -4.481484E-01
  5.118779E+00  4.392576E+00 -4.474777E-01
  5.124264E+00  4.377588E+00 -4.479576E-01
  5.127027E+00  4.362600E+00 -4.481993E-01
  5.126847E+00  4.347612E+00 -4.481836E-01
  5.127492E+00  4.346456E+00 -4.482400E-01
  5.135831E+00  4.332624E+00 -4.489696E-01
  5.136187E+00  4.317636E+00 -4.490007E-01
  5.142423E+00  4.308849E+00 -4.495462E-01
  5.148291E+00  4.302648E+00 -4.500596E-01
  5.149794E+00  4.287660E+00 -4.501911E-01
  5.157353E+00  4.273413E+00 -4.508525E-01
  5.158154E+00  4.272672E+00 -4.509225E-01
  5.167779E+00  4.257684E+00 -4.517646E-01
  5.172284E+00  4.245033E+00 -4.521588E-01
  5.174282E+00  4.242696E+00 -4.523336E-01
  5.187215E+00  4.229087E+00 -4.534651E-01
  5.190487E+00  4.227708E+00 -4.537513E-01
  5.200333E+00  4.212720E+00 -4.546128E-01
  5.202146E+00  4.211683E+00 -4.547714E-01
  5.203661E+00  4.212720E+00 -4.549039E-01
  5.217077E+00  4.224312E+00 -4.560777E-01
  5.217949E+00  4.227708E+00 -4.561539E-01
  5.217077E+00  4.229955E+00 -4.560777E-01
  5.210820E+00  4.242696E+00 -4.555302E-01
  5.217077E+00  4.254058E+00 -4.560777E-01
  5.218211E+00  4.257684E+00 -4.561769E-01
  5.217077E+00  4.259795E+00 -4.560777E-01
Slice   =    165 , Freq(kT, average of all copies)              =   0.3736
Orbit # =      0 , Freq(kT, this largest copy used for outline) =   0.3812
Points  =     45
  kx            ky            kz
  5.252909E+00  3.210839E+00  6.099676E-01
  5.243984E+00  3.223515E+00  6.107484E-01
  5.242810E+00  3.238503E+00  6.108512E-01
  5.239488E+00  3.253491E+00  6.111417E-01
  5.237978E+00  3.257318E+00  6.112739E-01
  5.233690E+00  3.268479E+00  6.116490E-01
  5.230726E+00  3.283467E+00  6.119083E-01
  5.223047E+00  3.295316E+00  6.125802E-01
  5.220743E+00  3.298455E+00  6.127817E-01
  5.222766E+00  3.313443E+00  6.126048E-01
  5.212466E+00  3.328431E+00  6.135059E-01
  5.208116E+00  3.336245E+00  6.138865E-01
  5.200777E+00  3.343419E+00  6.145285E-01
  5.195642E+00  3.358407E+00  6.149778E-01
  5.193185E+00  3.361623E+00  6.151928E-01
  5.181772E+00  3.373395E+00  6.161913E-01
  5.178254E+00  3.380962E+00  6.164991E-01
  5.168083E+00  3.388383E+00  6.173889E-01
  5.163323E+00  3.391426E+00  6.178053E-01
  5.160883E+00  3.388383E+00  6.180189E-01
  5.148392E+00  3.373827E+00  6.191116E-01
  5.148254E+00  3.373395E+00  6.191237E-01
  5.148392E+00  3.373156E+00  6.191116E-01
  5.159045E+00  3.358407E+00  6.181796E-01
  5.152153E+00  3.343419E+00  6.187826E-01
  5.159679E+00  3.328431E+00  6.181242E-01
  5.159680E+00  3.313443E+00  6.181241E-01
  5.160375E+00  3.298455E+00  6.180633E-01
  5.163323E+00  3.292023E+00  6.178053E-01
  5.167047E+00  3.283467E+00  6.174796E-01
  5.165068E+00  3.268479E+00  6.176527E-01
  5.177345E+00  3.253491E+00  6.165786E-01
  5.177148E+00  3.238503E+00  6.165958E-01
  5.178254E+00  3.236798E+00  6.164991E-01
  5.191145E+00  3.223515E+00  6.153713E-01
  5.193185E+00  3.220748E+00  6.151928E-01
  5.204731E+00  3.208527E+00  6.141826E-01
  5.208116E+00  3.204853E+00  6.138865E-01
  5.223047E+00  3.196061E+00  6.125802E-01
  5.227742E+00  3.193539E+00  6.121694E-01
  5.237978E+00  3.188001E+00  6.112739E-01
  5.242469E+00  3.193539E+00  6.108810E-01
  5.252909E+00  3.205314E+00  6.099676E-01
  5.254381E+00  3.208527E+00  6.098388E-01
  5.252909E+00  3.210839E+00  6.099676E-01
Slice   =    150 , Freq(kT, average of all copies)              =   0.6770
Orbit # =      0 , Freq(kT, this largest copy used for outline) =   0.6770
Points  =     69
  kx            ky            kz
  7.263920E+00  5.019976E+00 -8.962603E-01
  7.258229E+00  5.023542E+00 -8.957624E-01
  7.248989E+00  5.029205E+00 -8.949540E-01
  7.241813E+00  5.038530E+00 -8.943262E-01
  7.234058E+00  5.042953E+00 -8.936477E-01
  7.220092E+00  5.053518E+00 -8.924258E-01
  7.219127E+00  5.054270E+00 -8.923414E-01
  7.204196E+00  5.060235E+00 -8.910351E-01
  7.190160E+00  5.068506E+00 -8.898072E-01
  7.189265E+00  5.069181E+00 -8.897288E-01
  7.174334E+00  5.079270E+00 -8.884225E-01
  7.166476E+00  5.083494E+00 -8.877350E-01
  7.159403E+00  5.086023E+00 -8.871163E-01
  7.144472E+00  5.096157E+00 -8.858100E-01
  7.135089E+00  5.098482E+00 -8.849890E-01
  7.129541E+00  5.099557E+00 -8.845037E-01
  7.114611E+00  5.107403E+00 -8.831974E-01
  7.107224E+00  5.113470E+00 -8.825512E-01
  7.099680E+00  5.118926E+00 -8.818911E-01
  7.084765E+00  5.128458E+00 -8.805863E-01
  7.084749E+00  5.128471E+00 -8.805848E-01
  7.069818E+00  5.130556E+00 -8.792785E-01
  7.054887E+00  5.138743E+00 -8.779723E-01
  7.045207E+00  5.143446E+00 -8.771254E-01
  7.039956E+00  5.146510E+00 -8.766660E-01
  7.028341E+00  5.143446E+00 -8.756498E-01
  7.025025E+00  5.142760E+00 -8.753597E-01
  7.023145E+00  5.143446E+00 -8.751952E-01
  7.010094E+00  5.149055E+00 -8.740534E-01
  6.995163E+00  5.147884E+00 -8.727471E-01
  6.980232E+00  5.149413E+00 -8.714408E-01
  6.965301E+00  5.149180E+00 -8.701345E-01
  6.950370E+00  5.146529E+00 -8.688283E-01
  6.944263E+00  5.143446E+00 -8.682939E-01
  6.935439E+00  5.134395E+00 -8.675220E-01
  6.926383E+00  5.128458E+00 -8.667296E-01
  6.935439E+00  5.114603E+00 -8.675220E-01
  6.950370E+00  5.113472E+00 -8.688283E-01
  6.950371E+00  5.113470E+00 -8.688283E-01
  6.964391E+00  5.098482E+00 -8.700549E-01
  6.965301E+00  5.097888E+00 -8.701345E-01
  6.980232E+00  5.091750E+00 -8.714408E-01
  6.995163E+00  5.089756E+00 -8.727471E-01
  7.002188E+00  5.083494E+00 -8.733617E-01
  7.010094E+00  5.077743E+00 -8.740534E-01
  7.025025E+00  5.072683E+00 -8.753597E-01
  7.039956E+00  5.069885E+00 -8.766660E-01
  7.041751E+00  5.068506E+00 -8.768230E-01
  7.054887E+00  5.059153E+00 -8.779723E-01
  7.069818E+00  5.057000E+00 -8.792785E-01
  7.084749E+00  5.054225E+00 -8.805848E-01
  7.085680E+00  5.053518E+00 -8.806663E-01
  7.099680E+00  5.044177E+00 -8.818911E-01
  7.114611E+00  5.045292E+00 -8.831974E-01
  7.129541E+00  5.041233E+00 -8.845037E-01
  7.132745E+00  5.038530E+00 -8.847840E-01
  7.144472E+00  5.030177E+00 -8.858100E-01
  7.159403E+00  5.031499E+00 -8.871163E-01
  7.174334E+00  5.025562E+00 -8.884225E-01
  7.177887E+00  5.023542E+00 -8.887334E-01
  7.189265E+00  5.018287E+00 -8.897288E-01
  7.204196E+00  5.022505E+00 -8.910351E-01
  7.219127E+00  5.014635E+00 -8.923414E-01
  7.234058E+00  5.016183E+00 -8.936477E-01
  7.248989E+00  5.021134E+00 -8.949540E-01
  7.259828E+00  5.008554E+00 -8.959023E-01
  7.263920E+00  5.006096E+00 -8.962603E-01
  7.268731E+00  5.008554E+00 -8.966812E-01
  7.263920E+00  5.019976E+00 -8.962603E-01
Slice   =      6 , Freq(kT, average of all copies)              =   0.6940
Orbit # =      0 , Freq(kT, this largest copy used for outline) =   0.6940
Points  =     71
  kx            ky            kz
 -1.167232E+00 -1.555062E-01 -2.853161E-01
 -1.171325E+00 -1.506159E-01 -2.849580E-01
 -1.182163E+00 -1.451371E-01 -2.840098E-01
 -1.189823E+00 -1.356280E-01 -2.833397E-01
 -1.197094E+00 -1.312151E-01 -2.827035E-01
 -1.212025E+00 -1.251629E-01 -2.813973E-01
 -1.226956E+00 -1.211780E-01 -2.800910E-01
 -1.227534E+00 -1.206400E-01 -2.800404E-01
 -1.241887E+00 -1.119044E-01 -2.787847E-01
 -1.254713E+00 -1.056520E-01 -2.776625E-01
 -1.256818E+00 -1.045896E-01 -2.774784E-01
 -1.271749E+00 -1.011142E-01 -2.761721E-01
 -1.286680E+00 -9.432287E-02 -2.748658E-01
 -1.296075E+00 -9.066409E-02 -2.740439E-01
 -1.301611E+00 -8.846215E-02 -2.735595E-01
 -1.316541E+00 -8.665533E-02 -2.722532E-01
 -1.331472E+00 -7.972722E-02 -2.709470E-01
 -1.342540E+00 -7.567613E-02 -2.699787E-01
 -1.346403E+00 -7.419728E-02 -2.696407E-01
 -1.361334E+00 -7.302208E-02 -2.683344E-01
 -1.376265E+00 -6.393839E-02 -2.670281E-01
 -1.383949E+00 -6.068818E-02 -2.663558E-01
 -1.391196E+00 -5.782591E-02 -2.657218E-01
 -1.406127E+00 -5.818359E-02 -2.644155E-01
 -1.421058E+00 -5.020760E-02 -2.631092E-01
 -1.435989E+00 -4.749868E-02 -2.618030E-01
 -1.450920E+00 -4.931173E-02 -2.604967E-01
 -1.458029E+00 -4.570022E-02 -2.598747E-01
 -1.465851E+00 -4.298573E-02 -2.591904E-01
 -1.479053E+00 -4.570022E-02 -2.580353E-01
 -1.480782E+00 -4.767921E-02 -2.578841E-01
 -1.483984E+00 -4.570022E-02 -2.576039E-01
 -1.495713E+00 -4.399192E-02 -2.565778E-01
 -1.502401E+00 -4.570022E-02 -2.559926E-01
 -1.495713E+00 -5.247939E-02 -2.565778E-01
 -1.489698E+00 -6.068818E-02 -2.571040E-01
 -1.480782E+00 -6.574728E-02 -2.578841E-01
 -1.471429E+00 -7.567613E-02 -2.587024E-01
 -1.465851E+00 -8.041383E-02 -2.591904E-01
 -1.450920E+00 -8.768699E-02 -2.604967E-01
 -1.441706E+00 -9.066409E-02 -2.613028E-01
 -1.435989E+00 -9.256287E-02 -2.618030E-01
 -1.421058E+00 -1.050227E-01 -2.631092E-01
 -1.420021E+00 -1.056520E-01 -2.632000E-01
 -1.406127E+00 -1.154493E-01 -2.644155E-01
 -1.391196E+00 -1.177524E-01 -2.657218E-01
 -1.387521E+00 -1.206400E-01 -2.660434E-01
 -1.376265E+00 -1.264724E-01 -2.670281E-01
 -1.361334E+00 -1.343042E-01 -2.683344E-01
 -1.357587E+00 -1.356280E-01 -2.686623E-01
 -1.346403E+00 -1.387904E-01 -2.696407E-01
 -1.332057E+00 -1.506159E-01 -2.708958E-01
 -1.331472E+00 -1.510539E-01 -2.709470E-01
 -1.316541E+00 -1.580869E-01 -2.722532E-01
 -1.301611E+00 -1.602975E-01 -2.735595E-01
 -1.294783E+00 -1.656039E-01 -2.741569E-01
 -1.286680E+00 -1.722262E-01 -2.748658E-01
 -1.271749E+00 -1.746320E-01 -2.761721E-01
 -1.256818E+00 -1.743225E-01 -2.774784E-01
 -1.246940E+00 -1.805918E-01 -2.783426E-01
 -1.241887E+00 -1.839573E-01 -2.787847E-01
 -1.233169E+00 -1.805918E-01 -2.795474E-01
 -1.226956E+00 -1.775556E-01 -2.800910E-01
 -1.212025E+00 -1.796549E-01 -2.813973E-01
 -1.210647E+00 -1.805918E-01 -2.815178E-01
 -1.197094E+00 -1.884564E-01 -2.827035E-01
 -1.185832E+00 -1.805918E-01 -2.836888E-01
 -1.182163E+00 -1.754642E-01 -2.840098E-01
 -1.167232E+00 -1.777052E-01 -2.853161E-01
 -1.156799E+00 -1.656039E-01 -2.862289E-01
 -1.167232E+00 -1.555062E-01 -2.853161E-01
Slice   =      5 , Freq(kT, average of all copies)              =   0.7197
Orbit # =      0 , Freq(kT, this largest copy used for outline) =   0.7197
Points  =     77
  kx            ky            kz
  1.014014E+00  1.934655E+00 -1.681008E+00
  9.990829E-01  1.938895E+00 -1.679702E+00
  9.915244E-01  1.947330E+00 -1.679041E+00
  9.841520E-01  1.951382E+00 -1.678396E+00
  9.721007E-01  1.962318E+00 -1.677341E+00
  9.692211E-01  1.964185E+00 -1.677090E+00
  9.542901E-01  1.966368E+00 -1.675783E+00
  9.393592E-01  1.972480E+00 -1.674477E+00
  9.334352E-01  1.977306E+00 -1.673959E+00
  9.244283E-01  1.983057E+00 -1.673171E+00
  9.094974E-01  1.990015E+00 -1.671864E+00
  8.945665E-01  1.991161E+00 -1.670558E+00
  8.929613E-01  1.992294E+00 -1.670418E+00
  8.796355E-01  2.000147E+00 -1.669252E+00
  8.647046E-01  2.005800E+00 -1.667946E+00
  8.497737E-01  2.005423E+00 -1.666639E+00
  8.469223E-01  2.007282E+00 -1.666390E+00
  8.348428E-01  2.014854E+00 -1.665333E+00
  8.199119E-01  2.020226E+00 -1.664027E+00
  8.049809E-01  2.019982E+00 -1.662720E+00
  8.020892E-01  2.022269E+00 -1.662467E+00
  7.900500E-01  2.031274E+00 -1.661414E+00
  7.769651E-01  2.037257E+00 -1.660269E+00
  7.751191E-01  2.038034E+00 -1.660108E+00
  7.691461E-01  2.037257E+00 -1.659585E+00
  7.601882E-01  2.035737E+00 -1.658802E+00
  7.581025E-01  2.037257E+00 -1.658619E+00
  7.452572E-01  2.044564E+00 -1.657495E+00
  7.303263E-01  2.043639E+00 -1.656189E+00
  7.153954E-01  2.045209E+00 -1.654883E+00
  7.028302E-01  2.052245E+00 -1.653783E+00
  7.004645E-01  2.053281E+00 -1.653576E+00
  6.972208E-01  2.052245E+00 -1.653293E+00
  6.855336E-01  2.044181E+00 -1.652270E+00
  6.736148E-01  2.052245E+00 -1.651227E+00
  6.706026E-01  2.053316E+00 -1.650964E+00
  6.673054E-01  2.052245E+00 -1.650675E+00
  6.706026E-01  2.038040E+00 -1.650964E+00
  6.708408E-01  2.037257E+00 -1.650985E+00
  6.855336E-01  2.027630E+00 -1.652270E+00
  6.909311E-01  2.022269E+00 -1.652742E+00
  7.004645E-01  2.013050E+00 -1.653576E+00
  7.074467E-01  2.007282E+00 -1.654187E+00
  7.153954E-01  2.002092E+00 -1.654883E+00
  7.303263E-01  1.997851E+00 -1.656189E+00
  7.372848E-01  1.992294E+00 -1.656798E+00
  7.452572E-01  1.987131E+00 -1.657495E+00
  7.601882E-01  1.977933E+00 -1.658802E+00
  7.635549E-01  1.977306E+00 -1.659096E+00
  7.751191E-01  1.975426E+00 -1.660108E+00
  7.900500E-01  1.965143E+00 -1.661414E+00
  7.943040E-01  1.962318E+00 -1.661786E+00
  8.049809E-01  1.955039E+00 -1.662720E+00
  8.199119E-01  1.956677E+00 -1.664027E+00
  8.309539E-01  1.947330E+00 -1.664993E+00
  8.348428E-01  1.944629E+00 -1.665333E+00
  8.496623E-01  1.932342E+00 -1.666630E+00
  8.497737E-01  1.932245E+00 -1.666639E+00
  8.501140E-01  1.932342E+00 -1.666669E+00
  8.647046E-01  1.936123E+00 -1.667946E+00
  8.694741E-01  1.932342E+00 -1.668363E+00
  8.796355E-01  1.924431E+00 -1.669252E+00
  8.920663E-01  1.917354E+00 -1.670339E+00
  8.945665E-01  1.915859E+00 -1.670558E+00
  8.990231E-01  1.917354E+00 -1.670948E+00
  9.094974E-01  1.921047E+00 -1.671864E+00
  9.146985E-01  1.917354E+00 -1.672319E+00
  9.244283E-01  1.911044E+00 -1.673171E+00
  9.393592E-01  1.912795E+00 -1.674477E+00
  9.542901E-01  1.913621E+00 -1.675783E+00
  9.692211E-01  1.904171E+00 -1.677090E+00
  9.841520E-01  1.914520E+00 -1.678396E+00
  9.990829E-01  1.913607E+00 -1.679702E+00
  1.014014E+00  1.914621E+00 -1.681008E+00
  1.015747E+00  1.917354E+00 -1.681160E+00
  1.015779E+00  1.932342E+00 -1.681163E+00
  1.014014E+00  1.934655E+00 -1.681008E+00
Slice   =    119 , Freq(kT, average of all copies)              =   0.7661
Orbit # =      0 , Freq(kT, this largest copy used for outline) =   0.7885
Points  =     85
  kx            ky            kz
  3.435068E+00  2.915636E+00  1.327898E-02
  3.428081E+00  2.922651E+00  1.389033E-02
  3.420137E+00  2.926554E+00  1.458526E-02
  3.406557E+00  2.937639E+00  1.577336E-02
  3.405207E+00  2.938384E+00  1.589155E-02
  3.390276E+00  2.944613E+00  1.719784E-02
  3.375345E+00  2.948302E+00  1.850412E-02
  3.370186E+00  2.952627E+00  1.895545E-02
  3.360414E+00  2.958281E+00  1.981041E-02
  3.346914E+00  2.967615E+00  2.099152E-02
  3.345483E+00  2.968645E+00  2.111669E-02
  3.330552E+00  2.968802E+00  2.242298E-02
  3.315621E+00  2.976179E+00  2.372927E-02
  3.304204E+00  2.982603E+00  2.472812E-02
  3.300690E+00  2.984944E+00  2.503555E-02
  3.285759E+00  2.984845E+00  2.634184E-02
  3.270828E+00  2.991087E+00  2.764813E-02
  3.260243E+00  2.997591E+00  2.857424E-02
  3.255897E+00  3.000794E+00  2.895441E-02
  3.240966E+00  3.001935E+00  3.026070E-02
  3.226035E+00  3.007345E+00  3.156699E-02
  3.218734E+00  3.012579E+00  3.220578E-02
  3.211105E+00  3.018615E+00  3.287327E-02
  3.196174E+00  3.019709E+00  3.417956E-02
  3.181243E+00  3.022517E+00  3.548585E-02
  3.172160E+00  3.027567E+00  3.628050E-02
  3.166312E+00  3.031223E+00  3.679213E-02
  3.155699E+00  3.027567E+00  3.772064E-02
  3.151381E+00  3.025564E+00  3.809842E-02
  3.148767E+00  3.027567E+00  3.832714E-02
  3.136450E+00  3.033651E+00  3.940470E-02
  3.121519E+00  3.032789E+00  4.071099E-02
  3.106588E+00  3.032417E+00  4.201728E-02
  3.091906E+00  3.042555E+00  4.330177E-02
  3.091657E+00  3.042698E+00  4.332356E-02
  3.091245E+00  3.042555E+00  4.335962E-02
  3.076726E+00  3.028585E+00  4.462985E-02
  3.062576E+00  3.042555E+00  4.586788E-02
  3.061795E+00  3.042814E+00  4.593614E-02
  3.061143E+00  3.042555E+00  4.599325E-02
  3.061795E+00  3.041109E+00  4.593614E-02
  3.074880E+00  3.027567E+00  4.479140E-02
  3.076726E+00  3.025197E+00  4.462985E-02
  3.086770E+00  3.012579E+00  4.375111E-02
  3.091657E+00  3.007587E+00  4.332356E-02
  3.106588E+00  3.003303E+00  4.201728E-02
  3.112596E+00  2.997591E+00  4.149163E-02
  3.121519E+00  2.992207E+00  4.071099E-02
  3.131764E+00  2.982603E+00  3.981465E-02
  3.136450E+00  2.978721E+00  3.940470E-02
  3.151381E+00  2.976297E+00  3.809842E-02
  3.165228E+00  2.967615E+00  3.688693E-02
  3.166312E+00  2.967034E+00  3.679213E-02
  3.181243E+00  2.954101E+00  3.548585E-02
  3.196174E+00  2.955324E+00  3.417956E-02
  3.201394E+00  2.952627E+00  3.372283E-02
  3.211105E+00  2.947854E+00  3.287327E-02
  3.222277E+00  2.937639E+00  3.189580E-02
  3.226035E+00  2.934653E+00  3.156699E-02
  3.240385E+00  2.937639E+00  3.031153E-02
  3.240966E+00  2.937769E+00  3.026070E-02
  3.241164E+00  2.937639E+00  3.024341E-02
  3.255897E+00  2.929780E+00  2.895441E-02
  3.264193E+00  2.922651E+00  2.822862E-02
  3.270828E+00  2.917764E+00  2.764813E-02
  3.285759E+00  2.917778E+00  2.634184E-02
  3.300690E+00  2.909676E+00  2.503555E-02
  3.304101E+00  2.907663E+00  2.473714E-02
  3.315621E+00  2.901526E+00  2.372927E-02
  3.330552E+00  2.902409E+00  2.242298E-02
  3.345483E+00  2.895250E+00  2.111669E-02
  3.357240E+00  2.892675E+00  2.008812E-02
  3.360414E+00  2.892073E+00  1.981041E-02
  3.363608E+00  2.892675E+00  1.953099E-02
  3.375345E+00  2.895714E+00  1.850412E-02
  3.379751E+00  2.892675E+00  1.811862E-02
  3.390276E+00  2.886914E+00  1.719784E-02
  3.403239E+00  2.892675E+00  1.606371E-02
  3.405207E+00  2.894708E+00  1.589155E-02
  3.411273E+00  2.892675E+00  1.536076E-02
  3.420137E+00  2.891090E+00  1.458526E-02
  3.435068E+00  2.884969E+00  1.327898E-02
  3.442537E+00  2.892675E+00  1.262552E-02
  3.443106E+00  2.907663E+00  1.257579E-02
  3.435068E+00  2.915636E+00  1.327898E-02
Slice   =    189 , Freq(kT, average of all copies)              =   0.7974
Orbit # =      0 , Freq(kT, this largest copy used for outline) =   0.7974
Points  =     85
  kx            ky            kz
  5.862468E+00  4.308317E+00  7.052203E-01
  5.855105E+00  4.318004E+00  7.058645E-01
  5.847537E+00  4.321995E+00  7.065266E-01
  5.832606E+00  4.330494E+00  7.078329E-01
  5.829694E+00  4.332992E+00  7.080877E-01
  5.818279E+00  4.347980E+00  7.090864E-01
  5.817675E+00  4.348434E+00  7.091392E-01
  5.815339E+00  4.347980E+00  7.093435E-01
  5.802744E+00  4.343861E+00  7.104455E-01
  5.796980E+00  4.347980E+00  7.109498E-01
  5.787813E+00  4.353160E+00  7.117518E-01
  5.777649E+00  4.362968E+00  7.126410E-01
  5.772882E+00  4.366556E+00  7.130581E-01
  5.757951E+00  4.365884E+00  7.143643E-01
  5.743020E+00  4.371878E+00  7.156706E-01
  5.735064E+00  4.377956E+00  7.163667E-01
  5.728089E+00  4.382732E+00  7.169769E-01
  5.713159E+00  4.384147E+00  7.182832E-01
  5.698228E+00  4.387783E+00  7.195895E-01
  5.691334E+00  4.392944E+00  7.201926E-01
  5.683297E+00  4.398703E+00  7.208958E-01
  5.668366E+00  4.404249E+00  7.222021E-01
  5.653435E+00  4.405023E+00  7.235084E-01
  5.649953E+00  4.407932E+00  7.238130E-01
  5.638504E+00  4.416656E+00  7.248146E-01
  5.624815E+00  4.422920E+00  7.260123E-01
  5.623573E+00  4.423597E+00  7.261209E-01
  5.621629E+00  4.422920E+00  7.262910E-01
  5.608642E+00  4.419055E+00  7.274272E-01
  5.603279E+00  4.422920E+00  7.278964E-01
  5.593711E+00  4.429806E+00  7.287335E-01
  5.578780E+00  4.427331E+00  7.300398E-01
  5.563849E+00  4.430072E+00  7.313461E-01
  5.549291E+00  4.437908E+00  7.326198E-01
  5.548918E+00  4.438128E+00  7.326524E-01
  5.548392E+00  4.437908E+00  7.326984E-01
  5.533987E+00  4.429148E+00  7.339586E-01
  5.521817E+00  4.437908E+00  7.350234E-01
  5.519057E+00  4.439188E+00  7.352649E-01
  5.514710E+00  4.437908E+00  7.356452E-01
  5.504126E+00  4.425463E+00  7.365712E-01
  5.500670E+00  4.422920E+00  7.368735E-01
  5.504126E+00  4.418872E+00  7.365712E-01
  5.512879E+00  4.407932E+00  7.358054E-01
  5.519057E+00  4.400780E+00  7.352649E-01
  5.533987E+00  4.396749E+00  7.339586E-01
  5.537858E+00  4.392944E+00  7.336200E-01
  5.548918E+00  4.386104E+00  7.326524E-01
  5.558108E+00  4.377956E+00  7.318484E-01
  5.563849E+00  4.372845E+00  7.313461E-01
  5.578780E+00  4.372160E+00  7.300398E-01
  5.592497E+00  4.362968E+00  7.288397E-01
  5.593711E+00  4.362250E+00  7.287335E-01
  5.608642E+00  4.348217E+00  7.274272E-01
  5.623573E+00  4.352228E+00  7.261209E-01
  5.630062E+00  4.347980E+00  7.255532E-01
  5.638504E+00  4.343026E+00  7.248146E-01
  5.653155E+00  4.332992E+00  7.235329E-01
  5.653435E+00  4.332810E+00  7.235084E-01
  5.654381E+00  4.332992E+00  7.234256E-01
  5.668366E+00  4.335863E+00  7.222021E-01
  5.672097E+00  4.332992E+00  7.218756E-01
  5.683297E+00  4.326286E+00  7.208958E-01
  5.697486E+00  4.318004E+00  7.196544E-01
  5.698228E+00  4.317585E+00  7.195895E-01
  5.705563E+00  4.318004E+00  7.189477E-01
  5.713159E+00  4.318482E+00  7.182832E-01
  5.713724E+00  4.318004E+00  7.182337E-01
  5.728089E+00  4.307383E+00  7.169769E-01
  5.739180E+00  4.303016E+00  7.160067E-01
  5.743020E+00  4.301675E+00  7.156706E-01
  5.757951E+00  4.302418E+00  7.143643E-01
  5.772882E+00  4.292597E+00  7.130581E-01
  5.787813E+00  4.294839E+00  7.117518E-01
  5.802744E+00  4.293662E+00  7.104455E-01
  5.809713E+00  4.288028E+00  7.098358E-01
  5.817675E+00  4.282875E+00  7.091392E-01
  5.826713E+00  4.288028E+00  7.083485E-01
  5.832606E+00  4.294822E+00  7.078329E-01
  5.844969E+00  4.288028E+00  7.067513E-01
  5.847537E+00  4.287181E+00  7.065266E-01
  5.862468E+00  4.285885E+00  7.052203E-01
  5.866201E+00  4.288028E+00  7.048937E-01
  5.867119E+00  4.303016E+00  7.048134E-01
  5.862468E+00  4.308317E+00  7.052203E-01
Theta(deg) =   0.000000 , Phi(deg) =   7.500000 , Number of orbits =     5 , (a.u.^-1) units
Slice   =     29 , Freq(kT, average of all copies)              =   0.3296
Orbit # =      0 , Freq(kT, this largest copy used for outline) =   0.3328
Points  =     35
  kx            ky            kz
  3.802275E+00  3.732513E+00 -2.254197E+00
  3.800332E+00  3.733842E+00 -2.253941E+00
  3.787415E+00  3.739144E+00 -2.252240E+00
  3.772555E+00  3.739321E+00 -2.250284E+00
  3.757696E+00  3.733868E+00 -2.248328E+00
  3.757677E+00  3.733842E+00 -2.248325E+00
  3.742836E+00  3.722230E+00 -2.246371E+00
  3.740278E+00  3.718854E+00 -2.246035E+00
  3.735723E+00  3.703866E+00 -2.245435E+00
  3.727976E+00  3.689113E+00 -2.244415E+00
  3.727845E+00  3.688878E+00 -2.244398E+00
  3.713618E+00  3.673890E+00 -2.242525E+00
  3.713117E+00  3.673050E+00 -2.242459E+00
  3.698257E+00  3.660718E+00 -2.240503E+00
  3.697014E+00  3.658902E+00 -2.240339E+00
  3.697197E+00  3.643914E+00 -2.240363E+00
  3.698001E+00  3.628926E+00 -2.240469E+00
  3.698257E+00  3.626649E+00 -2.240503E+00
  3.702789E+00  3.613938E+00 -2.241099E+00
  3.713117E+00  3.608144E+00 -2.242459E+00
  3.727976E+00  3.609320E+00 -2.244415E+00
  3.739158E+00  3.613938E+00 -2.245887E+00
  3.742836E+00  3.615695E+00 -2.246371E+00
  3.757696E+00  3.622253E+00 -2.248328E+00
  3.763011E+00  3.628926E+00 -2.249028E+00
  3.769904E+00  3.643914E+00 -2.249935E+00
  3.772555E+00  3.648381E+00 -2.250284E+00
  3.778197E+00  3.658902E+00 -2.251027E+00
  3.787415E+00  3.669780E+00 -2.252240E+00
  3.794807E+00  3.673890E+00 -2.253214E+00
  3.802275E+00  3.679723E+00 -2.254197E+00
  3.807674E+00  3.688878E+00 -2.254908E+00
  3.812439E+00  3.703866E+00 -2.255535E+00
  3.809229E+00  3.718854E+00 -2.255112E+00
  3.802275E+00  3.732513E+00 -2.254197E+00
Slice   =     99 , Freq(kT, average of all copies)              =   0.3948
Orbit # =      0 , Freq(kT, this largest copy used for outline) =   0.4039
Points  =     51
  kx            ky            kz
  3.626554E+00  3.284056E+00 -8.009208E-01
  3.617792E+00  3.298823E+00 -7.997674E-01
  3.616791E+00  3.313811E+00 -7.996355E-01
  3.614177E+00  3.328799E+00 -7.992914E-01
  3.611694E+00  3.340398E+00 -7.989645E-01
  3.610743E+00  3.343787E+00 -7.988392E-01
  3.607833E+00  3.358775E+00 -7.984562E-01
  3.598837E+00  3.373763E+00 -7.972718E-01
  3.598367E+00  3.388751E+00 -7.972100E-01
  3.596834E+00  3.391167E+00 -7.970082E-01
  3.586326E+00  3.403739E+00 -7.956247E-01
  3.581974E+00  3.408922E+00 -7.950518E-01
  3.570124E+00  3.418727E+00 -7.934917E-01
  3.567115E+00  3.423829E+00 -7.930955E-01
  3.554040E+00  3.433715E+00 -7.913742E-01
  3.552255E+00  3.434589E+00 -7.911392E-01
  3.537395E+00  3.443280E+00 -7.891829E-01
  3.526468E+00  3.448703E+00 -7.877444E-01
  3.522535E+00  3.450708E+00 -7.872266E-01
  3.520269E+00  3.448703E+00 -7.869281E-01
  3.522535E+00  3.444624E+00 -7.872266E-01
  3.527783E+00  3.433715E+00 -7.879173E-01
  3.522535E+00  3.427067E+00 -7.872266E-01
  3.520021E+00  3.418727E+00 -7.868955E-01
  3.522535E+00  3.413966E+00 -7.872266E-01
  3.528653E+00  3.403739E+00 -7.880320E-01
  3.529156E+00  3.388751E+00 -7.880981E-01
  3.532303E+00  3.373763E+00 -7.885125E-01
  3.537395E+00  3.364745E+00 -7.891829E-01
  3.540921E+00  3.358775E+00 -7.896471E-01
  3.538373E+00  3.343787E+00 -7.893116E-01
  3.551965E+00  3.328799E+00 -7.911011E-01
  3.552255E+00  3.322703E+00 -7.911392E-01
  3.552771E+00  3.313811E+00 -7.912071E-01
  3.564878E+00  3.298823E+00 -7.928010E-01
  3.567115E+00  3.294484E+00 -7.930955E-01
  3.573968E+00  3.283835E+00 -7.939977E-01
  3.581974E+00  3.269982E+00 -7.950518E-01
  3.583418E+00  3.268847E+00 -7.952419E-01
  3.596834E+00  3.254165E+00 -7.970082E-01
  3.597819E+00  3.253859E+00 -7.971378E-01
  3.610612E+00  3.238871E+00 -7.988221E-01
  3.611694E+00  3.238268E+00 -7.989645E-01
  3.612380E+00  3.238871E+00 -7.990548E-01
  3.626554E+00  3.253515E+00 -8.009208E-01
  3.626648E+00  3.253859E+00 -8.009332E-01
  3.626554E+00  3.254060E+00 -8.009208E-01
  3.618839E+00  3.268847E+00 -7.999052E-01
  3.626554E+00  3.283507E+00 -8.009208E-01
  3.626665E+00  3.283835E+00 -8.009354E-01
  3.626554E+00  3.284056E+00 -8.009208E-01
Slice   =     28 , Freq(kT, average of all copies)              =   0.3954
Orbit # =      0 , Freq(kT, this largest copy used for outline) =   0.4076
Points  =     51
  kx            ky            kz
  1.155896E+00  1.936281E+00 -1.464387E+00
  1.149802E+00  1.948434E+00 -1.463584E+00
  1.149583E+00  1.963422E+00 -1.463555E+00
  1.141036E+00  1.974633E+00 -1.462430E+00
  1.138493E+00  1.978410E+00 -1.462095E+00
  1.139493E+00  1.993398E+00 -1.462227E+00
  1.130370E+00  2.008386E+00 -1.461026E+00
  1.126176E+00  2.015321E+00 -1.460474E+00
  1.119406E+00  2.023374E+00 -1.459583E+00
  1.114168E+00  2.038362E+00 -1.458893E+00
  1.111317E+00  2.041937E+00 -1.458518E+00
  1.101301E+00  2.053350E+00 -1.457199E+00
  1.096457E+00  2.061725E+00 -1.456561E+00
  1.091221E+00  2.068338E+00 -1.455872E+00
  1.081597E+00  2.076664E+00 -1.454605E+00
  1.071985E+00  2.083326E+00 -1.453340E+00
  1.066737E+00  2.088000E+00 -1.452649E+00
  1.057174E+00  2.098314E+00 -1.451390E+00
  1.051878E+00  2.103220E+00 -1.450692E+00
  1.048503E+00  2.098314E+00 -1.450248E+00
  1.051713E+00  2.083326E+00 -1.450671E+00
  1.051878E+00  2.082032E+00 -1.450692E+00
  1.055640E+00  2.068338E+00 -1.451188E+00
  1.051878E+00  2.056578E+00 -1.450692E+00
  1.051544E+00  2.053350E+00 -1.450648E+00
  1.051878E+00  2.052673E+00 -1.450692E+00
  1.062437E+00  2.038362E+00 -1.452083E+00
  1.060347E+00  2.023374E+00 -1.451807E+00
  1.066737E+00  2.014538E+00 -1.452649E+00
  1.071919E+00  2.008386E+00 -1.453331E+00
  1.071294E+00  1.993398E+00 -1.453249E+00
  1.078437E+00  1.978410E+00 -1.454189E+00
  1.081597E+00  1.971840E+00 -1.454605E+00
  1.086283E+00  1.963422E+00 -1.455222E+00
  1.087512E+00  1.948434E+00 -1.455384E+00
  1.096457E+00  1.939219E+00 -1.456561E+00
  1.101041E+00  1.933446E+00 -1.457165E+00
  1.102451E+00  1.918458E+00 -1.457350E+00
  1.111317E+00  1.910484E+00 -1.458518E+00
  1.123007E+00  1.903470E+00 -1.460057E+00
  1.126176E+00  1.899165E+00 -1.460474E+00
  1.134138E+00  1.888482E+00 -1.461522E+00
  1.141036E+00  1.882519E+00 -1.462430E+00
  1.150933E+00  1.873494E+00 -1.463733E+00
  1.155896E+00  1.870173E+00 -1.464387E+00
  1.157625E+00  1.873494E+00 -1.464614E+00
  1.164312E+00  1.888482E+00 -1.465495E+00
  1.160790E+00  1.903470E+00 -1.465031E+00
  1.158113E+00  1.918458E+00 -1.464678E+00
  1.157074E+00  1.933446E+00 -1.464542E+00
  1.155896E+00  1.936281E+00 -1.464387E+00
Slice   =    198 , Freq(kT, average of all copies)              =   0.3973
Orbit # =      0 , Freq(kT, this largest copy used for outline) =   0.4069
Points  =     51
  kx            ky            kz
  3.670413E+00  1.396971E+00  2.262237E+00
  3.662438E+00  1.409604E+00  2.263287E+00
  3.659384E+00  1.424592E+00  2.263689E+00
  3.657446E+00  1.439580E+00  2.263944E+00
  3.655554E+00  1.443262E+00  2.264193E+00
  3.649360E+00  1.454568E+00  2.265008E+00
  3.647299E+00  1.469556E+00  2.265280E+00
  3.640694E+00  1.479452E+00  2.266149E+00
  3.637361E+00  1.484544E+00  2.266588E+00
  3.636363E+00  1.499532E+00  2.266720E+00
  3.628964E+00  1.514520E+00  2.267694E+00
  3.625834E+00  1.519634E+00  2.268106E+00
  3.615610E+00  1.529508E+00  2.269452E+00
  3.611476E+00  1.544496E+00  2.269996E+00
  3.610974E+00  1.545134E+00  2.270062E+00
  3.596115E+00  1.558043E+00  2.272018E+00
  3.594207E+00  1.559484E+00  2.272269E+00
  3.585316E+00  1.574472E+00  2.273440E+00
  3.581255E+00  1.579650E+00  2.273975E+00
  3.572155E+00  1.574472E+00  2.275173E+00
  3.566395E+00  1.569068E+00  2.275931E+00
  3.563100E+00  1.559484E+00  2.276365E+00
  3.566395E+00  1.553153E+00  2.275931E+00
  3.571298E+00  1.544496E+00  2.275285E+00
  3.566395E+00  1.539059E+00  2.275931E+00
  3.562816E+00  1.529508E+00  2.276402E+00
  3.566395E+00  1.523052E+00  2.275931E+00
  3.573622E+00  1.514520E+00  2.274980E+00
  3.571320E+00  1.499532E+00  2.275283E+00
  3.575210E+00  1.484544E+00  2.274770E+00
  3.580593E+00  1.469556E+00  2.274062E+00
  3.578634E+00  1.454568E+00  2.274320E+00
  3.581255E+00  1.450149E+00  2.273975E+00
  3.590995E+00  1.439580E+00  2.272692E+00
  3.591617E+00  1.424592E+00  2.272610E+00
  3.596115E+00  1.419599E+00  2.272018E+00
  3.608154E+00  1.409604E+00  2.270433E+00
  3.610974E+00  1.405286E+00  2.270062E+00
  3.620638E+00  1.394616E+00  2.268790E+00
  3.625834E+00  1.389397E+00  2.268106E+00
  3.639753E+00  1.379628E+00  2.266273E+00
  3.640694E+00  1.378770E+00  2.266149E+00
  3.655554E+00  1.372835E+00  2.264193E+00
  3.670335E+00  1.364640E+00  2.262247E+00
  3.670413E+00  1.364578E+00  2.262237E+00
  3.670447E+00  1.364640E+00  2.262232E+00
  3.670413E+00  1.364693E+00  2.262237E+00
  3.660839E+00  1.379628E+00  2.263497E+00
  3.670413E+00  1.391127E+00  2.262237E+00
  3.671874E+00  1.394616E+00  2.262044E+00
  3.670413E+00  1.396971E+00  2.262237E+00
Slice   =     76 , Freq(kT, average of all copies)              =   0.7059
Orbit # =      0 , Freq(kT, this largest copy used for outline) =   0.7263
Points  =     79
  kx            ky            kz
  1.249799E+00  1.263789E+00  3.534897E-01
  1.234939E+00  1.265059E+00  3.554460E-01
  1.220080E+00  1.274418E+00  3.574023E-01
  1.219864E+00  1.274713E+00  3.574307E-01
  1.205220E+00  1.286222E+00  3.593586E-01
  1.195483E+00  1.289701E+00  3.606405E-01
  1.190360E+00  1.291690E+00  3.613150E-01
  1.175500E+00  1.300925E+00  3.632713E-01
  1.167805E+00  1.304689E+00  3.642845E-01
  1.160641E+00  1.307015E+00  3.652276E-01
  1.145781E+00  1.310594E+00  3.671839E-01
  1.130921E+00  1.317224E+00  3.691402E-01
  1.125671E+00  1.319676E+00  3.698315E-01
  1.116062E+00  1.323420E+00  3.710966E-01
  1.101202E+00  1.325192E+00  3.730529E-01
  1.086342E+00  1.330632E+00  3.750092E-01
  1.078697E+00  1.334664E+00  3.760157E-01
  1.071482E+00  1.338565E+00  3.769655E-01
  1.056623E+00  1.340220E+00  3.789219E-01
  1.041763E+00  1.346529E+00  3.808782E-01
  1.036507E+00  1.349652E+00  3.815702E-01
  1.026903E+00  1.354767E+00  3.828345E-01
  1.012616E+00  1.349652E+00  3.847155E-01
  1.012043E+00  1.349406E+00  3.847908E-01
  1.011714E+00  1.349652E+00  3.848342E-01
  9.971837E-01  1.358266E+00  3.867471E-01
  9.823240E-01  1.364316E+00  3.887035E-01
  9.674642E-01  1.357228E+00  3.906598E-01
  9.571564E-01  1.364640E+00  3.920168E-01
  9.526045E-01  1.367358E+00  3.926161E-01
  9.469689E-01  1.364640E+00  3.933580E-01
  9.377448E-01  1.356981E+00  3.945724E-01
  9.263047E-01  1.364640E+00  3.960785E-01
  9.228850E-01  1.366057E+00  3.965287E-01
  9.190582E-01  1.364640E+00  3.970326E-01
  9.080253E-01  1.351331E+00  3.984851E-01
  9.057355E-01  1.349652E+00  3.987865E-01
  9.080253E-01  1.346716E+00  3.984851E-01
  9.228850E-01  1.335081E+00  3.965287E-01
  9.231372E-01  1.334664E+00  3.964955E-01
  9.377448E-01  1.330726E+00  3.945724E-01
  9.497587E-01  1.319676E+00  3.929908E-01
  9.526045E-01  1.317263E+00  3.926161E-01
  9.674642E-01  1.305862E+00  3.906598E-01
  9.764943E-01  1.304689E+00  3.894709E-01
  9.823240E-01  1.304236E+00  3.887035E-01
  9.971837E-01  1.293076E+00  3.867471E-01
  1.003276E+00  1.289701E+00  3.859451E-01
  1.012043E+00  1.285704E+00  3.847908E-01
  1.026903E+00  1.285453E+00  3.828345E-01
  1.041024E+00  1.274713E+00  3.809754E-01
  1.041763E+00  1.274159E+00  3.808782E-01
  1.050191E+00  1.274713E+00  3.797685E-01
  1.056623E+00  1.275189E+00  3.789219E-01
  1.057666E+00  1.274713E+00  3.787844E-01
  1.071482E+00  1.270215E+00  3.769655E-01
  1.084700E+00  1.259725E+00  3.752254E-01
  1.086342E+00  1.258410E+00  3.750092E-01
  1.092695E+00  1.259725E+00  3.741728E-01
  1.101202E+00  1.261574E+00  3.730529E-01
  1.104691E+00  1.259725E+00  3.725935E-01
  1.116062E+00  1.253929E+00  3.710966E-01
  1.126722E+00  1.244737E+00  3.696932E-01
  1.130921E+00  1.241185E+00  3.691402E-01
  1.140336E+00  1.244737E+00  3.679008E-01
  1.145781E+00  1.247285E+00  3.671839E-01
  1.151228E+00  1.244737E+00  3.664669E-01
  1.160641E+00  1.240858E+00  3.652276E-01
  1.175500E+00  1.237319E+00  3.632713E-01
  1.190360E+00  1.241957E+00  3.613150E-01
  1.205220E+00  1.234596E+00  3.593586E-01
  1.220080E+00  1.239630E+00  3.574023E-01
  1.234939E+00  1.240386E+00  3.554460E-01
  1.247880E+00  1.229749E+00  3.537423E-01
  1.249799E+00  1.228645E+00  3.534897E-01
  1.251616E+00  1.229749E+00  3.532505E-01
  1.258540E+00  1.244737E+00  3.523390E-01
  1.254991E+00  1.259725E+00  3.528061E-01
  1.249799E+00  1.263789E+00  3.534897E-01
Theta(deg) =   0.000000 , Phi(deg) =  10.000000 , Number of orbits =     6 , (a.u.^-1) units
Slice   =    161 , Freq(kT, average of all copies)              =   0.3211
Orbit # =      0 , Freq(kT, this largest copy used for outline) =   0.3220
Points  =     33
  kx            ky            kz
  7.816186E+00  6.089055E+00 -1.280601E+00
  7.801425E+00  6.100086E+00 -1.277998E+00
  7.798892E+00  6.103043E+00 -1.277552E+00
  7.786665E+00  6.108368E+00 -1.275396E+00
  7.771905E+00  6.105885E+00 -1.272793E+00
  7.769503E+00  6.103043E+00 -1.272369E+00
  7.757145E+00  6.091913E+00 -1.270190E+00
  7.754332E+00  6.088055E+00 -1.269694E+00
  7.750736E+00  6.073067E+00 -1.269060E+00
  7.742384E+00  6.059498E+00 -1.267588E+00
  7.741267E+00  6.058080E+00 -1.267391E+00
  7.727624E+00  6.047127E+00 -1.264985E+00
  7.724213E+00  6.043092E+00 -1.264384E+00
  7.717074E+00  6.028104E+00 -1.263125E+00
  7.716356E+00  6.013116E+00 -1.262998E+00
  7.714182E+00  5.998128E+00 -1.262615E+00
  7.720168E+00  5.983140E+00 -1.263670E+00
  7.727624E+00  5.978370E+00 -1.264985E+00
  7.742384E+00  5.976069E+00 -1.267588E+00
  7.753627E+00  5.983140E+00 -1.269570E+00
  7.757145E+00  5.985430E+00 -1.270190E+00
  7.771905E+00  5.992990E+00 -1.272793E+00
  7.777731E+00  5.998128E+00 -1.273820E+00
  7.786665E+00  6.009581E+00 -1.275396E+00
  7.788870E+00  6.013116E+00 -1.275784E+00
  7.795448E+00  6.028104E+00 -1.276944E+00
  7.801425E+00  6.037293E+00 -1.277998E+00
  7.809801E+00  6.043092E+00 -1.279475E+00
  7.816186E+00  6.049104E+00 -1.280601E+00
  7.821241E+00  6.058080E+00 -1.281492E+00
  7.824818E+00  6.073067E+00 -1.282123E+00
  7.816949E+00  6.088055E+00 -1.280735E+00
  7.816186E+00  6.089055E+00 -1.280601E+00
Slice   =    118 , Freq(kT, average of all copies)              =   0.3213
Orbit # =      0 , Freq(kT, this largest copy used for outline) =   0.3257
Points  =     33
  kx            ky            kz
  5.806430E+00  4.704154E+00 -1.284908E+00
  5.796635E+00  4.708427E+00 -1.283181E+00
  5.791670E+00  4.709459E+00 -1.282306E+00
  5.776909E+00  4.715419E+00 -1.279703E+00
  5.762149E+00  4.710435E+00 -1.277100E+00
  5.760613E+00  4.708427E+00 -1.276830E+00
  5.747389E+00  4.697404E+00 -1.274498E+00
  5.744523E+00  4.693439E+00 -1.273992E+00
  5.740695E+00  4.678451E+00 -1.273317E+00
  5.732629E+00  4.663837E+00 -1.271895E+00
  5.732364E+00  4.663463E+00 -1.271849E+00
  5.717868E+00  4.651202E+00 -1.269292E+00
  5.715429E+00  4.648475E+00 -1.268862E+00
  5.705999E+00  4.633487E+00 -1.267200E+00
  5.705994E+00  4.618499E+00 -1.267199E+00
  5.704132E+00  4.603511E+00 -1.266870E+00
  5.711291E+00  4.588524E+00 -1.268133E+00
  5.717868E+00  4.583855E+00 -1.269292E+00
  5.732629E+00  4.584072E+00 -1.271895E+00
  5.742093E+00  4.588524E+00 -1.273564E+00
  5.747389E+00  4.591235E+00 -1.274498E+00
  5.762149E+00  4.597974E+00 -1.277100E+00
  5.767579E+00  4.603511E+00 -1.278058E+00
  5.776909E+00  4.618103E+00 -1.279703E+00
  5.777147E+00  4.618499E+00 -1.279745E+00
  5.783934E+00  4.633487E+00 -1.280942E+00
  5.791670E+00  4.643707E+00 -1.282306E+00
  5.799847E+00  4.648475E+00 -1.283748E+00
  5.806430E+00  4.653681E+00 -1.284908E+00
  5.811807E+00  4.663463E+00 -1.285856E+00
  5.816001E+00  4.678451E+00 -1.286596E+00
  5.810408E+00  4.693439E+00 -1.285610E+00
  5.806430E+00  4.704154E+00 -1.284908E+00
Slice   =     96 , Freq(kT, average of all copies)              =   0.4227
Orbit # =      0 , Freq(kT, this largest copy used for outline) =   0.4230
Points  =     49
  kx            ky            kz
  4.819276E+00  3.635548E+00 -1.169516E+00
  4.815854E+00  3.642810E+00 -1.168913E+00
  4.818193E+00  3.657798E+00 -1.169325E+00
  4.813628E+00  3.672786E+00 -1.168520E+00
  4.804516E+00  3.687695E+00 -1.166913E+00
  4.804462E+00  3.687773E+00 -1.166904E+00
  4.803728E+00  3.702761E+00 -1.166774E+00
  4.793144E+00  3.717749E+00 -1.164908E+00
  4.791056E+00  3.732737E+00 -1.164540E+00
  4.789755E+00  3.734869E+00 -1.164311E+00
  4.782096E+00  3.747725E+00 -1.162960E+00
  4.774995E+00  3.758226E+00 -1.161708E+00
  4.769972E+00  3.762713E+00 -1.160822E+00
  4.765049E+00  3.777701E+00 -1.159954E+00
  4.760235E+00  3.782413E+00 -1.159105E+00
  4.750238E+00  3.792689E+00 -1.157343E+00
  4.745475E+00  3.801318E+00 -1.156503E+00
  4.737920E+00  3.807677E+00 -1.155171E+00
  4.730714E+00  3.812547E+00 -1.153900E+00
  4.724237E+00  3.807677E+00 -1.152758E+00
  4.715954E+00  3.798562E+00 -1.151297E+00
  4.713920E+00  3.792689E+00 -1.150939E+00
  4.715954E+00  3.789668E+00 -1.151297E+00
  4.724275E+00  3.777701E+00 -1.152765E+00
  4.715954E+00  3.766021E+00 -1.151297E+00
  4.714815E+00  3.762713E+00 -1.151097E+00
  4.715954E+00  3.760596E+00 -1.151297E+00
  4.725761E+00  3.747725E+00 -1.153027E+00
  4.724496E+00  3.732737E+00 -1.152804E+00
  4.726560E+00  3.717749E+00 -1.153167E+00
  4.730714E+00  3.707870E+00 -1.153900E+00
  4.732909E+00  3.702761E+00 -1.154287E+00
  4.730714E+00  3.692472E+00 -1.153900E+00
  4.729812E+00  3.687773E+00 -1.153741E+00
  4.730714E+00  3.686185E+00 -1.153900E+00
  4.743876E+00  3.672786E+00 -1.156221E+00
  4.743429E+00  3.657798E+00 -1.156142E+00
  4.745475E+00  3.655201E+00 -1.156503E+00
  4.759417E+00  3.642810E+00 -1.158961E+00
  4.760235E+00  3.641703E+00 -1.159105E+00
  4.773734E+00  3.627822E+00 -1.161486E+00
  4.774995E+00  3.626440E+00 -1.161708E+00
  4.789755E+00  3.619156E+00 -1.164311E+00
  4.799476E+00  3.612834E+00 -1.166025E+00
  4.804516E+00  3.609319E+00 -1.166913E+00
  4.816916E+00  3.612834E+00 -1.169100E+00
  4.819276E+00  3.614435E+00 -1.169516E+00
  4.824170E+00  3.627822E+00 -1.170379E+00
  4.819276E+00  3.635548E+00 -1.169516E+00
Slice   =    225 , Freq(kT, average of all copies)              =   0.4255
Orbit # =      0 , Freq(kT, this largest copy used for outline) =   0.4310
Points  =     51
  kx            ky            kz
  5.606353E+00  3.842501E+00  1.187688E+00
  5.597661E+00  3.853377E+00  1.189221E+00
  5.600083E+00  3.868365E+00  1.188794E+00
  5.593884E+00  3.883353E+00  1.189887E+00
  5.592941E+00  3.898341E+00  1.190053E+00
  5.591593E+00  3.902140E+00  1.190291E+00
  5.587616E+00  3.913329E+00  1.190992E+00
  5.577377E+00  3.928317E+00  1.192798E+00
  5.576832E+00  3.938674E+00  1.192894E+00
  5.576553E+00  3.943305E+00  1.192943E+00
  5.563342E+00  3.958293E+00  1.195272E+00
  5.562072E+00  3.960900E+00  1.195496E+00
  5.553236E+00  3.973281E+00  1.197054E+00
  5.548590E+00  3.988269E+00  1.197873E+00
  5.547312E+00  3.989728E+00  1.198099E+00
  5.532552E+00  3.998710E+00  1.200701E+00
  5.528072E+00  4.003257E+00  1.201491E+00
  5.518252E+00  4.018245E+00  1.203223E+00
  5.517791E+00  4.018654E+00  1.203304E+00
  5.503031E+00  4.021953E+00  1.205907E+00
  5.499410E+00  4.018245E+00  1.206545E+00
  5.488271E+00  4.011082E+00  1.208509E+00
  5.485788E+00  4.003257E+00  1.208947E+00
  5.488271E+00  3.999177E+00  1.208509E+00
  5.498315E+00  3.988269E+00  1.206738E+00
  5.496449E+00  3.973281E+00  1.207067E+00
  5.502823E+00  3.958293E+00  1.205943E+00
  5.503031E+00  3.957712E+00  1.205907E+00
  5.508570E+00  3.943305E+00  1.204930E+00
  5.509333E+00  3.928317E+00  1.204795E+00
  5.517791E+00  3.918708E+00  1.203304E+00
  5.521642E+00  3.913329E+00  1.202625E+00
  5.518062E+00  3.898341E+00  1.203256E+00
  5.531309E+00  3.883353E+00  1.200920E+00
  5.532552E+00  3.879218E+00  1.200701E+00
  5.536684E+00  3.868365E+00  1.199973E+00
  5.547235E+00  3.853377E+00  1.198112E+00
  5.547312E+00  3.853291E+00  1.198099E+00
  5.560240E+00  3.838389E+00  1.195819E+00
  5.562072E+00  3.835342E+00  1.195496E+00
  5.572670E+00  3.823401E+00  1.193627E+00
  5.576832E+00  3.819953E+00  1.192894E+00
  5.591593E+00  3.814277E+00  1.190291E+00
  5.603117E+00  3.808413E+00  1.188259E+00
  5.606353E+00  3.806321E+00  1.187688E+00
  5.607168E+00  3.808413E+00  1.187545E+00
  5.606353E+00  3.810522E+00  1.187688E+00
  5.598614E+00  3.823401E+00  1.189053E+00
  5.606353E+00  3.831451E+00  1.187688E+00
  5.608950E+00  3.838389E+00  1.187230E+00
  5.606353E+00  3.842501E+00  1.187688E+00
Slice   =    111 , Freq(kT, average of all copies)              =   0.4300
Orbit # =      0 , Freq(kT, this largest copy used for outline) =   0.4400
Points  =     51
  kx            ky            kz
  3.171381E+00  2.864699E+00 -5.027887E-01
  3.162375E+00  2.878056E+00 -5.012006E-01
  3.162613E+00  2.893044E+00 -5.012427E-01
  3.158894E+00  2.908032E+00 -5.005869E-01
  3.156621E+00  2.915964E+00 -5.001861E-01
  3.153890E+00  2.923020E+00 -4.997044E-01
  3.151620E+00  2.938008E+00 -4.993042E-01
  3.141861E+00  2.950641E+00 -4.975835E-01
  3.140261E+00  2.952995E+00 -4.973014E-01
  3.140879E+00  2.967983E+00 -4.974103E-01
  3.129562E+00  2.982971E+00 -4.954148E-01
  3.127101E+00  2.987838E+00 -4.949808E-01
  3.119678E+00  2.997959E+00 -4.936721E-01
  3.115259E+00  3.012947E+00 -4.928929E-01
  3.112340E+00  3.016400E+00 -4.923782E-01
  3.102195E+00  3.027935E+00 -4.905892E-01
  3.097580E+00  3.036555E+00 -4.897756E-01
  3.091710E+00  3.042923E+00 -4.887405E-01
  3.082820E+00  3.049802E+00 -4.871729E-01
  3.068849E+00  3.057911E+00 -4.847096E-01
  3.068060E+00  3.058687E+00 -4.845703E-01
  3.054895E+00  3.072899E+00 -4.822491E-01
  3.053299E+00  3.074670E+00 -4.819677E-01
  3.051770E+00  3.072899E+00 -4.816980E-01
  3.048437E+00  3.057911E+00 -4.811103E-01
  3.052666E+00  3.042923E+00 -4.818559E-01
  3.048859E+00  3.027935E+00 -4.811848E-01
  3.053299E+00  3.021303E+00 -4.819677E-01
  3.060993E+00  3.012947E+00 -4.833243E-01
  3.057372E+00  2.997959E+00 -4.826858E-01
  3.067487E+00  2.982971E+00 -4.844693E-01
  3.068060E+00  2.980266E+00 -4.845703E-01
  3.070702E+00  2.967983E+00 -4.850363E-01
  3.076067E+00  2.952995E+00 -4.859823E-01
  3.082820E+00  2.944033E+00 -4.871729E-01
  3.087112E+00  2.938008E+00 -4.879297E-01
  3.083423E+00  2.923020E+00 -4.872793E-01
  3.097580E+00  2.910970E+00 -4.897756E-01
  3.099953E+00  2.908032E+00 -4.901939E-01
  3.102795E+00  2.893044E+00 -4.906952E-01
  3.112340E+00  2.882802E+00 -4.923782E-01
  3.120222E+00  2.878056E+00 -4.937679E-01
  3.127101E+00  2.870305E+00 -4.949808E-01
  3.133944E+00  2.863068E+00 -4.961875E-01
  3.141861E+00  2.855376E+00 -4.975835E-01
  3.148826E+00  2.848080E+00 -4.988117E-01
  3.156621E+00  2.843138E+00 -5.001861E-01
  3.160065E+00  2.848080E+00 -5.007934E-01
  3.171381E+00  2.860841E+00 -5.027887E-01
  3.172218E+00  2.863068E+00 -5.029363E-01
  3.171381E+00  2.864699E+00 -5.027887E-01
Slice   =     90 , Freq(kT, average of all copies)              =   0.6373
Orbit # =      0 , Freq(kT, this largest copy used for outline) =   0.6470
Points  =     69
  kx            ky            kz
  4.828916E+00  4.467784E+00 -1.390812E+00
  4.828277E+00  4.468252E+00 -1.390699E+00
  4.814155E+00  4.476236E+00 -1.388209E+00
  4.808863E+00  4.483240E+00 -1.387276E+00
  4.799395E+00  4.490604E+00 -1.385606E+00
  4.784635E+00  4.495098E+00 -1.383004E+00
  4.779383E+00  4.498228E+00 -1.382078E+00
  4.769875E+00  4.502831E+00 -1.380401E+00
  4.759150E+00  4.513216E+00 -1.378510E+00
  4.755114E+00  4.515869E+00 -1.377798E+00
  4.740354E+00  4.515811E+00 -1.375196E+00
  4.725594E+00  4.521765E+00 -1.372593E+00
  4.717641E+00  4.528204E+00 -1.371191E+00
  4.710834E+00  4.532361E+00 -1.369991E+00
  4.696073E+00  4.529506E+00 -1.367388E+00
  4.681313E+00  4.535172E+00 -1.364785E+00
  4.666553E+00  4.541756E+00 -1.362183E+00
  4.651793E+00  4.542855E+00 -1.359580E+00
  4.650453E+00  4.543191E+00 -1.359344E+00
  4.637032E+00  4.546724E+00 -1.356977E+00
  4.622272E+00  4.553025E+00 -1.354375E+00
  4.607512E+00  4.553838E+00 -1.351772E+00
  4.592752E+00  4.554446E+00 -1.349169E+00
  4.584974E+00  4.558179E+00 -1.347798E+00
  4.577991E+00  4.560928E+00 -1.346567E+00
  4.573014E+00  4.558179E+00 -1.345689E+00
  4.563231E+00  4.551564E+00 -1.343964E+00
  4.554693E+00  4.558179E+00 -1.342459E+00
  4.548471E+00  4.561914E+00 -1.341362E+00
  4.540563E+00  4.558179E+00 -1.339967E+00
  4.533711E+00  4.551286E+00 -1.338759E+00
  4.521256E+00  4.558179E+00 -1.336563E+00
  4.518950E+00  4.558815E+00 -1.336156E+00
  4.516534E+00  4.558179E+00 -1.335730E+00
  4.510386E+00  4.543191E+00 -1.334646E+00
  4.518950E+00  4.542834E+00 -1.336156E+00
  4.533711E+00  4.528873E+00 -1.338759E+00
  4.534430E+00  4.528204E+00 -1.338886E+00
  4.548471E+00  4.514641E+00 -1.341362E+00
  4.551471E+00  4.513216E+00 -1.341891E+00
  4.563231E+00  4.508108E+00 -1.343964E+00
  4.577991E+00  4.502519E+00 -1.346567E+00
  4.583083E+00  4.498228E+00 -1.347465E+00
  4.592752E+00  4.491712E+00 -1.349169E+00
  4.607512E+00  4.490599E+00 -1.351772E+00
  4.622272E+00  4.484429E+00 -1.354375E+00
  4.623879E+00  4.483240E+00 -1.354658E+00
  4.637032E+00  4.474338E+00 -1.356977E+00
  4.651793E+00  4.477207E+00 -1.359580E+00
  4.666553E+00  4.471634E+00 -1.362183E+00
  4.672401E+00  4.468252E+00 -1.363214E+00
  4.681313E+00  4.463772E+00 -1.364785E+00
  4.696073E+00  4.466147E+00 -1.367388E+00
  4.710834E+00  4.458783E+00 -1.369991E+00
  4.725594E+00  4.454041E+00 -1.372593E+00
  4.740354E+00  4.458188E+00 -1.375196E+00
  4.746408E+00  4.453264E+00 -1.376263E+00
  4.755114E+00  4.447331E+00 -1.377798E+00
  4.765519E+00  4.453264E+00 -1.379633E+00
  4.769875E+00  4.457516E+00 -1.380401E+00
  4.779395E+00  4.453264E+00 -1.382080E+00
  4.784635E+00  4.451630E+00 -1.383004E+00
  4.799395E+00  4.450661E+00 -1.385606E+00
  4.805477E+00  4.453264E+00 -1.386679E+00
  4.814155E+00  4.461572E+00 -1.388209E+00
  4.821092E+00  4.453264E+00 -1.389432E+00
  4.828916E+00  4.449396E+00 -1.390812E+00
  4.834416E+00  4.453264E+00 -1.391781E+00
  4.828916E+00  4.467784E+00 -1.390812E+00
Theta(deg) =   0.000000 , Phi(deg) =  12.500000 , Number of orbits =     8 , (a.u.^-1) units
Slice   =    104 , Freq(kT, average of all copies)              =   0.3125
Orbit # =      0 , Freq(kT, this largest copy used for outline) =   0.3141
Points  =     35
  kx            ky            kz
  3.642229E+00  3.155160E+00 -7.527300E-01
  3.639941E+00  3.162827E+00 -7.522228E-01
  3.627596E+00  3.171924E+00 -7.494860E-01
  3.612964E+00  3.171286E+00 -7.462420E-01
  3.598331E+00  3.167510E+00 -7.429980E-01
  3.593686E+00  3.162827E+00 -7.419683E-01
  3.583698E+00  3.154230E+00 -7.397540E-01
  3.578559E+00  3.147839E+00 -7.386148E-01
  3.573691E+00  3.132851E+00 -7.375355E-01
  3.569066E+00  3.125478E+00 -7.365101E-01
  3.564313E+00  3.117863E+00 -7.354564E-01
  3.554433E+00  3.108488E+00 -7.332661E-01
  3.548202E+00  3.102875E+00 -7.318847E-01
  3.539800E+00  3.089768E+00 -7.300221E-01
  3.538744E+00  3.087887E+00 -7.297878E-01
  3.539189E+00  3.072899E+00 -7.298866E-01
  3.539800E+00  3.060686E+00 -7.300221E-01
  3.540157E+00  3.057911E+00 -7.301012E-01
  3.552192E+00  3.042923E+00 -7.327693E-01
  3.554433E+00  3.041809E+00 -7.332661E-01
  3.563888E+00  3.042923E+00 -7.353622E-01
  3.569066E+00  3.043644E+00 -7.365101E-01
  3.583698E+00  3.049174E+00 -7.397540E-01
  3.598331E+00  3.053846E+00 -7.429980E-01
  3.601320E+00  3.057911E+00 -7.436606E-01
  3.606627E+00  3.072899E+00 -7.448371E-01
  3.612088E+00  3.087887E+00 -7.460479E-01
  3.612964E+00  3.089398E+00 -7.462420E-01
  3.627324E+00  3.102875E+00 -7.494256E-01
  3.627596E+00  3.103212E+00 -7.494860E-01
  3.639109E+00  3.117863E+00 -7.520383E-01
  3.642229E+00  3.124400E+00 -7.527300E-01
  3.645901E+00  3.132851E+00 -7.535439E-01
  3.643631E+00  3.147839E+00 -7.530408E-01
  3.642229E+00  3.155160E+00 -7.527300E-01
Slice   =    114 , Freq(kT, average of all copies)              =   0.3135
Orbit # =      0 , Freq(kT, this largest copy used for outline) =   0.3160
Points  =     33
  kx            ky            kz
  3.034948E+00  2.468210E+00 -7.356255E-02
  3.020315E+00  2.464965E+00 -7.031856E-02
  3.008993E+00  2.458761E+00 -6.780857E-02
  3.005682E+00  2.457569E+00 -6.707457E-02
  2.991050E+00  2.449329E+00 -6.383059E-02
  2.985081E+00  2.443773E+00 -6.250741E-02
  2.976417E+00  2.434693E+00 -6.058660E-02
  2.972124E+00  2.428785E+00 -5.963487E-02
  2.967513E+00  2.413797E+00 -5.861260E-02
  2.961784E+00  2.403547E+00 -5.734261E-02
  2.956654E+00  2.398809E+00 -5.620524E-02
  2.947152E+00  2.392121E+00 -5.409862E-02
  2.939878E+00  2.383821E+00 -5.248608E-02
  2.938688E+00  2.368833E+00 -5.222229E-02
  2.947152E+00  2.354228E+00 -5.409862E-02
  2.947549E+00  2.353845E+00 -5.418672E-02
  2.961784E+00  2.342221E+00 -5.734261E-02
  2.968637E+00  2.338857E+00 -5.886189E-02
  2.976417E+00  2.336349E+00 -6.058660E-02
  2.991050E+00  2.335955E+00 -6.383059E-02
  2.993333E+00  2.338857E+00 -6.433685E-02
  3.003834E+00  2.353845E+00 -6.666471E-02
  3.005682E+00  2.358484E+00 -6.707457E-02
  3.008811E+00  2.368833E+00 -6.776826E-02
  3.020315E+00  2.381529E+00 -7.031856E-02
  3.022607E+00  2.383821E+00 -7.082662E-02
  3.034948E+00  2.394935E+00 -7.356255E-02
  3.037563E+00  2.398809E+00 -7.414247E-02
  3.042712E+00  2.413797E+00 -7.528380E-02
  3.044932E+00  2.428785E+00 -7.577608E-02
  3.046077E+00  2.443773E+00 -7.602983E-02
  3.045036E+00  2.458761E+00 -7.579911E-02
  3.034948E+00  2.468210E+00 -7.356255E-02
Slice   =     24 , Freq(kT, average of all copies)              =   0.3181
Orbit # =      0 , Freq(kT, this largest copy used for outline) =   0.3231
Points  =     33
  kx            ky            kz
  2.366656E+00  2.617674E+00 -2.020664E+00
  2.355613E+00  2.623260E+00 -2.018216E+00
  2.352023E+00  2.623781E+00 -2.017420E+00
  2.337390E+00  2.625970E+00 -2.014176E+00
  2.330756E+00  2.623260E+00 -2.012705E+00
  2.322758E+00  2.620814E+00 -2.010932E+00
  2.308125E+00  2.609126E+00 -2.007688E+00
  2.307550E+00  2.608272E+00 -2.007561E+00
  2.303663E+00  2.593285E+00 -2.006699E+00
  2.296964E+00  2.578297E+00 -2.005214E+00
  2.293492E+00  2.574741E+00 -2.004444E+00
  2.280343E+00  2.563309E+00 -2.001529E+00
  2.278860E+00  2.560881E+00 -2.001200E+00
  2.269672E+00  2.548321E+00 -1.999163E+00
  2.269552E+00  2.533333E+00 -1.999137E+00
  2.267791E+00  2.518345E+00 -1.998746E+00
  2.271160E+00  2.503357E+00 -1.999493E+00
  2.278860E+00  2.497181E+00 -2.001200E+00
  2.293492E+00  2.494310E+00 -2.004444E+00
  2.308125E+00  2.502134E+00 -2.007688E+00
  2.310991E+00  2.503357E+00 -2.008324E+00
  2.322758E+00  2.509305E+00 -2.010932E+00
  2.330973E+00  2.518345E+00 -2.012754E+00
  2.337390E+00  2.529294E+00 -2.014176E+00
  2.339450E+00  2.533333E+00 -2.014633E+00
  2.347592E+00  2.548321E+00 -2.016438E+00
  2.352023E+00  2.554702E+00 -2.017420E+00
  2.366656E+00  2.562916E+00 -2.020664E+00
  2.366931E+00  2.563309E+00 -2.020725E+00
  2.373652E+00  2.578297E+00 -2.022215E+00
  2.376338E+00  2.593285E+00 -2.022811E+00
  2.369279E+00  2.608272E+00 -2.021246E+00
  2.366656E+00  2.617674E+00 -2.020664E+00
Slice   =     22 , Freq(kT, average of all copies)              =   0.4576
Orbit # =      0 , Freq(kT, this largest copy used for outline) =   0.4576
Points  =     55
  kx            ky            kz
  2.320294E-01  1.210735E-01 -5.199447E-01
  2.191266E-01  1.345234E-01 -5.170842E-01
  2.248256E-01  1.495114E-01 -5.183476E-01
  2.173968E-01  1.576479E-01 -5.167007E-01
  2.137640E-01  1.644993E-01 -5.158953E-01
  2.173968E-01  1.749223E-01 -5.167007E-01
  2.188439E-01  1.794873E-01 -5.170215E-01
  2.173968E-01  1.822932E-01 -5.167007E-01
  2.109657E-01  1.944752E-01 -5.152750E-01
  2.037172E-01  2.094632E-01 -5.136680E-01
  2.027641E-01  2.130737E-01 -5.134567E-01
  2.002419E-01  2.244512E-01 -5.128976E-01
  1.890158E-01  2.394391E-01 -5.104088E-01
  1.894514E-01  2.544271E-01 -5.105054E-01
  1.881314E-01  2.563332E-01 -5.102127E-01
  1.779752E-01  2.694150E-01 -5.079611E-01
  1.734987E-01  2.774523E-01 -5.069687E-01
  1.651990E-01  2.844030E-01 -5.051287E-01
  1.613343E-01  2.993909E-01 -5.042719E-01
  1.588660E-01  3.021122E-01 -5.037247E-01
  1.469651E-01  3.143789E-01 -5.010864E-01
  1.442334E-01  3.200812E-01 -5.004808E-01
  1.314660E-01  3.293668E-01 -4.976503E-01
  1.296007E-01  3.308315E-01 -4.972368E-01
  1.257210E-01  3.293668E-01 -4.963767E-01
  1.149680E-01  3.252698E-01 -4.939928E-01
  1.057504E-01  3.143789E-01 -4.919493E-01
  1.149680E-01  3.031883E-01 -4.939928E-01
  1.173959E-01  2.993909E-01 -4.945310E-01
  1.149680E-01  2.963933E-01 -4.939928E-01
  1.107821E-01  2.844030E-01 -4.930648E-01
  1.149680E-01  2.745203E-01 -4.939928E-01
  1.182040E-01  2.694150E-01 -4.947102E-01
  1.202200E-01  2.544271E-01 -4.951571E-01
  1.194719E-01  2.394391E-01 -4.949913E-01
  1.296007E-01  2.252988E-01 -4.972368E-01
  1.301429E-01  2.244512E-01 -4.973570E-01
  1.296007E-01  2.233930E-01 -4.972368E-01
  1.246524E-01  2.094632E-01 -4.961398E-01
  1.296007E-01  2.013061E-01 -4.972368E-01
  1.369904E-01  1.944752E-01 -4.988750E-01
  1.397788E-01  1.794873E-01 -4.994932E-01
  1.442334E-01  1.738520E-01 -5.004808E-01
  1.536128E-01  1.644993E-01 -5.025601E-01
  1.588660E-01  1.599910E-01 -5.037247E-01
  1.702220E-01  1.495114E-01 -5.062423E-01
  1.734987E-01  1.455641E-01 -5.069687E-01
  1.881314E-01  1.350376E-01 -5.102127E-01
  1.890186E-01  1.345234E-01 -5.104094E-01
  2.027641E-01  1.276236E-01 -5.134567E-01
  2.173968E-01  1.286719E-01 -5.167007E-01
  2.268599E-01  1.195355E-01 -5.187986E-01
  2.320294E-01  1.167901E-01 -5.199447E-01
  2.329785E-01  1.195355E-01 -5.201551E-01
  2.320294E-01  1.210735E-01 -5.199447E-01
Slice   =    153 , Freq(kT, average of all copies)              =   0.4619
Orbit # =      0 , Freq(kT, this largest copy used for outline) =   0.4649
Points  =     55
  kx            ky            kz
  5.212321E+00  4.227728E+00 -5.783012E-01
  5.199459E+00  4.242696E+00 -5.754497E-01
  5.201403E+00  4.257684E+00 -5.758807E-01
  5.197689E+00  4.264690E+00 -5.750572E-01
  5.194693E+00  4.272672E+00 -5.743930E-01
  5.197689E+00  4.284081E+00 -5.750572E-01
  5.198547E+00  4.287660E+00 -5.752476E-01
  5.197689E+00  4.289850E+00 -5.750572E-01
  5.193157E+00  4.302648E+00 -5.740525E-01
  5.190594E+00  4.317636E+00 -5.734844E-01
  5.187824E+00  4.332624E+00 -5.728703E-01
  5.183056E+00  4.341025E+00 -5.718132E-01
  5.177918E+00  4.347612E+00 -5.706742E-01
  5.174385E+00  4.362600E+00 -5.698908E-01
  5.168423E+00  4.369984E+00 -5.685692E-01
  5.161744E+00  4.377588E+00 -5.670884E-01
  5.153791E+00  4.385790E+00 -5.653252E-01
  5.143926E+00  4.392576E+00 -5.631384E-01
  5.139158E+00  4.398923E+00 -5.620813E-01
  5.124525E+00  4.407038E+00 -5.588373E-01
  5.123626E+00  4.407564E+00 -5.586379E-01
  5.109893E+00  4.417275E+00 -5.555933E-01
  5.101763E+00  4.422551E+00 -5.537909E-01
  5.095260E+00  4.426636E+00 -5.523493E-01
  5.081873E+00  4.422551E+00 -5.493815E-01
  5.095260E+00  4.409714E+00 -5.523493E-01
  5.096253E+00  4.407564E+00 -5.525694E-01
  5.095260E+00  4.406495E+00 -5.523493E-01
  5.090175E+00  4.392576E+00 -5.512220E-01
  5.095260E+00  4.381733E+00 -5.523493E-01
  5.097405E+00  4.377588E+00 -5.528248E-01
  5.100353E+00  4.362600E+00 -5.534783E-01
  5.101936E+00  4.347612E+00 -5.538294E-01
  5.109893E+00  4.338096E+00 -5.555933E-01
  5.113787E+00  4.332624E+00 -5.564567E-01
  5.109893E+00  4.317888E+00 -5.555933E-01
  5.109839E+00  4.317636E+00 -5.555814E-01
  5.109893E+00  4.317542E+00 -5.555933E-01
  5.124120E+00  4.302648E+00 -5.587475E-01
  5.124525E+00  4.300491E+00 -5.588373E-01
  5.126975E+00  4.287660E+00 -5.593803E-01
  5.137449E+00  4.272672E+00 -5.617023E-01
  5.139158E+00  4.270209E+00 -5.620813E-01
  5.148816E+00  4.257684E+00 -5.642224E-01
  5.153791E+00  4.245431E+00 -5.653252E-01
  5.156293E+00  4.242696E+00 -5.658800E-01
  5.168423E+00  4.230729E+00 -5.685692E-01
  5.173774E+00  4.227708E+00 -5.697555E-01
  5.183056E+00  4.212887E+00 -5.718132E-01
  5.183345E+00  4.212720E+00 -5.718773E-01
  5.197689E+00  4.209344E+00 -5.750572E-01
  5.199551E+00  4.212720E+00 -5.754700E-01
  5.212321E+00  4.227673E+00 -5.783012E-01
  5.212333E+00  4.227708E+00 -5.783037E-01
  5.212321E+00  4.227728E+00 -5.783012E-01
Slice   =    205 , Freq(kT, average of all copies)              =   0.4666
Orbit # =      0 , Freq(kT, this largest copy used for outline) =   0.4678
Points  =     55
  kx            ky            kz
  5.259831E+00  2.790539E+00  1.475359E+00
  5.247762E+00  2.803484E+00  1.478034E+00
  5.246160E+00  2.818472E+00  1.478389E+00
  5.245198E+00  2.821021E+00  1.478603E+00
  5.241360E+00  2.833460E+00  1.479453E+00
  5.233487E+00  2.848448E+00  1.481199E+00
  5.233654E+00  2.863436E+00  1.481162E+00
  5.230565E+00  2.867947E+00  1.481847E+00
  5.220855E+00  2.878424E+00  1.483999E+00
  5.216440E+00  2.893412E+00  1.484978E+00
  5.215933E+00  2.894222E+00  1.485091E+00
  5.207827E+00  2.908400E+00  1.486887E+00
  5.201300E+00  2.916655E+00  1.488335E+00
  5.194746E+00  2.923388E+00  1.489788E+00
  5.189258E+00  2.938376E+00  1.491004E+00
  5.186667E+00  2.940543E+00  1.491579E+00
  5.172035E+00  2.948677E+00  1.494823E+00
  5.165324E+00  2.953364E+00  1.496310E+00
  5.157418E+00  2.968352E+00  1.498063E+00
  5.157402E+00  2.968368E+00  1.498067E+00
  5.157356E+00  2.968352E+00  1.498077E+00
  5.142769E+00  2.962501E+00  1.501311E+00
  5.137146E+00  2.953364E+00  1.502557E+00
  5.142769E+00  2.945453E+00  1.501311E+00
  5.148285E+00  2.938376E+00  1.500088E+00
  5.142769E+00  2.933014E+00  1.501311E+00
  5.139001E+00  2.923388E+00  1.502146E+00
  5.142769E+00  2.916518E+00  1.501311E+00
  5.149611E+00  2.908400E+00  1.499794E+00
  5.148964E+00  2.893412E+00  1.499937E+00
  5.151715E+00  2.878424E+00  1.499327E+00
  5.157402E+00  2.866248E+00  1.498067E+00
  5.158947E+00  2.863436E+00  1.497724E+00
  5.157402E+00  2.857872E+00  1.498067E+00
  5.155372E+00  2.848448E+00  1.498517E+00
  5.157402E+00  2.845014E+00  1.498067E+00
  5.171651E+00  2.833460E+00  1.494908E+00
  5.170763E+00  2.818472E+00  1.495104E+00
  5.172035E+00  2.816986E+00  1.494823E+00
  5.186263E+00  2.803484E+00  1.491668E+00
  5.186667E+00  2.802862E+00  1.491579E+00
  5.197953E+00  2.788496E+00  1.489077E+00
  5.201300E+00  2.783310E+00  1.488335E+00
  5.215933E+00  2.774335E+00  1.485091E+00
  5.217359E+00  2.773508E+00  1.484774E+00
  5.230565E+00  2.764658E+00  1.481847E+00
  5.240024E+00  2.758520E+00  1.479750E+00
  5.245198E+00  2.746660E+00  1.478603E+00
  5.259831E+00  2.748880E+00  1.475359E+00
  5.264297E+00  2.758520E+00  1.474368E+00
  5.259831E+00  2.764628E+00  1.475359E+00
  5.254203E+00  2.773508E+00  1.476606E+00
  5.259831E+00  2.784479E+00  1.475359E+00
  5.261355E+00  2.788496E+00  1.475021E+00
  5.259831E+00  2.790539E+00  1.475359E+00
Slice   =     97 , Freq(kT, average of all copies)              =   0.4701
Orbit # =      0 , Freq(kT, this largest copy used for outline) =   0.4794
Points  =     59
  kx            ky            kz
  1.993011E+00  1.891524E+00 -1.499734E-01
  1.985716E+00  1.904943E+00 -1.483561E-01
  1.988701E+00  1.919931E+00 -1.490180E-01
  1.982616E+00  1.934919E+00 -1.476691E-01
  1.978378E+00  1.945274E+00 -1.467295E-01
  1.975600E+00  1.949907E+00 -1.461137E-01
  1.974219E+00  1.964895E+00 -1.458075E-01
  1.963745E+00  1.977103E+00 -1.434855E-01
  1.961927E+00  1.979883E+00 -1.430824E-01
  1.963745E+00  1.994454E+00 -1.434855E-01
  1.963809E+00  1.994871E+00 -1.434996E-01
  1.963745E+00  1.994967E+00 -1.434855E-01
  1.951652E+00  2.009859E+00 -1.408045E-01
  1.949113E+00  2.014683E+00 -1.402415E-01
  1.941607E+00  2.024847E+00 -1.385775E-01
  1.938078E+00  2.039835E+00 -1.377951E-01
  1.934480E+00  2.044326E+00 -1.369975E-01
  1.925484E+00  2.054823E+00 -1.350032E-01
  1.919847E+00  2.065406E+00 -1.337535E-01
  1.915034E+00  2.069811E+00 -1.326864E-01
  1.905215E+00  2.077790E+00 -1.305095E-01
  1.895799E+00  2.084799E+00 -1.284221E-01
  1.890582E+00  2.091777E+00 -1.272655E-01
  1.882765E+00  2.099787E+00 -1.255325E-01
  1.875949E+00  2.105242E+00 -1.240216E-01
  1.861317E+00  2.102238E+00 -1.207776E-01
  1.860262E+00  2.099787E+00 -1.205438E-01
  1.861317E+00  2.091812E+00 -1.207776E-01
  1.863222E+00  2.084799E+00 -1.211999E-01
  1.868878E+00  2.069811E+00 -1.224540E-01
  1.863519E+00  2.054823E+00 -1.212658E-01
  1.875949E+00  2.041137E+00 -1.240216E-01
  1.876974E+00  2.039835E+00 -1.242488E-01
  1.875949E+00  2.036782E+00 -1.240216E-01
  1.873628E+00  2.024847E+00 -1.235070E-01
  1.875949E+00  2.021595E+00 -1.240216E-01
  1.885906E+00  2.009859E+00 -1.262290E-01
  1.889349E+00  1.994871E+00 -1.269922E-01
  1.890582E+00  1.991712E+00 -1.272655E-01
  1.895239E+00  1.979883E+00 -1.282979E-01
  1.905215E+00  1.966381E+00 -1.305095E-01
  1.906222E+00  1.964895E+00 -1.307329E-01
  1.905215E+00  1.954772E+00 -1.305095E-01
  1.904696E+00  1.949907E+00 -1.303945E-01
  1.905215E+00  1.949384E+00 -1.305095E-01
  1.919847E+00  1.937555E+00 -1.337535E-01
  1.921947E+00  1.934919E+00 -1.342189E-01
  1.925859E+00  1.919931E+00 -1.350863E-01
  1.934480E+00  1.912164E+00 -1.369975E-01
  1.945250E+00  1.904943E+00 -1.393852E-01
  1.949113E+00  1.900144E+00 -1.402415E-01
  1.962469E+00  1.889955E+00 -1.432025E-01
  1.963745E+00  1.889087E+00 -1.434855E-01
  1.975045E+00  1.874967E+00 -1.459905E-01
  1.978378E+00  1.872449E+00 -1.467295E-01
  1.980887E+00  1.874967E+00 -1.472856E-01
  1.993011E+00  1.887709E+00 -1.499734E-01
  1.993820E+00  1.889955E+00 -1.501528E-01
  1.993011E+00  1.891524E+00 -1.499734E-01
Slice   =    209 , Freq(kT, average of all copies)              =   0.5739
Orbit # =      0 , Freq(kT, this largest copy used for outline) =   0.5856
Points  =     69
  kx            ky            kz
  7.248219E+00  5.440233E+00  2.674942E-01
  7.243940E+00  5.443573E+00  2.684428E-01
  7.233586E+00  5.449725E+00  2.707382E-01
  7.224935E+00  5.458561E+00  2.726560E-01
  7.218953E+00  5.462211E+00  2.739822E-01
  7.204321E+00  5.468203E+00  2.772262E-01
  7.196569E+00  5.473549E+00  2.789447E-01
  7.189688E+00  5.476711E+00  2.804702E-01
  7.177391E+00  5.488537E+00  2.831963E-01
  7.175055E+00  5.490230E+00  2.837141E-01
  7.166231E+00  5.488537E+00  2.856705E-01
  7.160423E+00  5.487348E+00  2.869581E-01
  7.158137E+00  5.488537E+00  2.874647E-01
  7.145790E+00  5.494687E+00  2.902021E-01
  7.131157E+00  5.499122E+00  2.934461E-01
  7.116524E+00  5.500594E+00  2.966901E-01
  7.101892E+00  5.501424E+00  2.999341E-01
  7.098140E+00  5.503525E+00  3.007658E-01
  7.087259E+00  5.509058E+00  3.031781E-01
  7.072626E+00  5.508781E+00  3.064221E-01
  7.057994E+00  5.512667E+00  3.096660E-01
  7.044310E+00  5.518513E+00  3.126997E-01
  7.043361E+00  5.519023E+00  3.129100E-01
  7.042064E+00  5.518513E+00  3.131975E-01
  7.028728E+00  5.512656E+00  3.161540E-01
  7.014096E+00  5.517157E+00  3.193980E-01
  6.999463E+00  5.517903E+00  3.226420E-01
  6.984830E+00  5.511001E+00  3.258860E-01
  6.972356E+00  5.518513E+00  3.286514E-01
  6.970198E+00  5.519381E+00  3.291300E-01
  6.968706E+00  5.518513E+00  3.294607E-01
  6.955565E+00  5.505635E+00  3.323740E-01
  6.951318E+00  5.503525E+00  3.333154E-01
  6.955565E+00  5.498934E+00  3.323740E-01
  6.966059E+00  5.488537E+00  3.300476E-01
  6.970198E+00  5.485581E+00  3.291300E-01
  6.984830E+00  5.480373E+00  3.258860E-01
  6.996520E+00  5.473549E+00  3.232944E-01
  6.999463E+00  5.472409E+00  3.226420E-01
  7.014096E+00  5.461833E+00  3.193980E-01
  7.024003E+00  5.458561E+00  3.172016E-01
  7.028728E+00  5.456364E+00  3.161540E-01
  7.043361E+00  5.453006E+00  3.129100E-01
  7.055417E+00  5.443573E+00  3.102373E-01
  7.057994E+00  5.442071E+00  3.096660E-01
  7.063832E+00  5.443573E+00  3.083716E-01
  7.072626E+00  5.445688E+00  3.064221E-01
  7.076925E+00  5.443573E+00  3.054690E-01
  7.087259E+00  5.439875E+00  3.031781E-01
  7.101892E+00  5.428676E+00  2.999341E-01
  7.116524E+00  5.434931E+00  2.966901E-01
  7.128354E+00  5.428585E+00  2.940675E-01
  7.131157E+00  5.426916E+00  2.934461E-01
  7.145790E+00  5.426180E+00  2.902021E-01
  7.159858E+00  5.428585E+00  2.870832E-01
  7.160423E+00  5.428710E+00  2.869581E-01
  7.160575E+00  5.428585E+00  2.869244E-01
  7.175055E+00  5.421058E+00  2.837141E-01
  7.186738E+00  5.428585E+00  2.811242E-01
  7.189688E+00  5.432057E+00  2.804702E-01
  7.197235E+00  5.428585E+00  2.787971E-01
  7.204321E+00  5.426461E+00  2.772262E-01
  7.216874E+00  5.428585E+00  2.744431E-01
  7.218953E+00  5.430348E+00  2.739822E-01
  7.233586E+00  5.439552E+00  2.707382E-01
  7.243159E+00  5.428585E+00  2.686158E-01
  7.248219E+00  5.425993E+00  2.674942E-01
  7.251386E+00  5.428585E+00  2.667921E-01
  7.248219E+00  5.440233E+00  2.674942E-01
Theta(deg) =   0.000000 , Phi(deg) =  15.000000 , Number of orbits =     5 , (a.u.^-1) units
Slice   =     26 , Freq(kT, average of all copies)              =   0.3070
Orbit # =      0 , Freq(kT, this largest copy used for outline) =   0.3076
Points  =     31
  kx            ky            kz
  2.763559E+00  3.040872E+00 -2.372669E+00
  2.749082E+00  3.039507E+00 -2.368790E+00
  2.734604E+00  3.039663E+00 -2.364911E+00
  2.720817E+00  3.029040E+00 -2.361217E+00
  2.720127E+00  3.028114E+00 -2.361032E+00
  2.711041E+00  3.014052E+00 -2.358597E+00
  2.705650E+00  2.999514E+00 -2.357153E+00
  2.705505E+00  2.999064E+00 -2.357114E+00
  2.694102E+00  2.984076E+00 -2.354058E+00
  2.691173E+00  2.980512E+00 -2.353274E+00
  2.676695E+00  2.969163E+00 -2.349394E+00
  2.676648E+00  2.969088E+00 -2.349382E+00
  2.675556E+00  2.954100E+00 -2.349089E+00
  2.675414E+00  2.939112E+00 -2.349051E+00
  2.676637E+00  2.924124E+00 -2.349379E+00
  2.676695E+00  2.924001E+00 -2.349394E+00
  2.691173E+00  2.912652E+00 -2.353274E+00
  2.705650E+00  2.915381E+00 -2.357153E+00
  2.720127E+00  2.920705E+00 -2.361032E+00
  2.728251E+00  2.924124E+00 -2.363209E+00
  2.734604E+00  2.927797E+00 -2.364911E+00
  2.740132E+00  2.939112E+00 -2.366392E+00
  2.744081E+00  2.954100E+00 -2.367450E+00
  2.749082E+00  2.962233E+00 -2.368790E+00
  2.757488E+00  2.969088E+00 -2.371043E+00
  2.763559E+00  2.975173E+00 -2.372669E+00
  2.770250E+00  2.984076E+00 -2.374462E+00
  2.776911E+00  2.999064E+00 -2.376247E+00
  2.775837E+00  3.014052E+00 -2.375959E+00
  2.772221E+00  3.029040E+00 -2.374990E+00
  2.763559E+00  3.040872E+00 -2.372669E+00
Slice   =    183 , Freq(kT, average of all copies)              =   0.3090
Orbit # =      0 , Freq(kT, this largest copy used for outline) =   0.3146
Points  =     33
  kx            ky            kz
  6.040200E+00  4.548932E+00 -1.159886E-01
  6.025722E+00  4.554736E+00 -1.121094E-01
  6.011245E+00  4.548999E+00 -1.082303E-01
  6.004837E+00  4.543191E+00 -1.065132E-01
  5.996768E+00  4.539083E+00 -1.043511E-01
  5.982291E+00  4.529222E+00 -1.004719E-01
  5.981549E+00  4.528204E+00 -1.002733E-01
  5.972217E+00  4.513216E+00 -9.777264E-02
  5.967813E+00  4.502947E+00 -9.659276E-02
  5.965380E+00  4.498228E+00 -9.594084E-02
  5.953336E+00  4.483342E+00 -9.271359E-02
  5.953247E+00  4.483240E+00 -9.268958E-02
  5.938859E+00  4.469940E+00 -8.883442E-02
  5.937568E+00  4.468252E+00 -8.848846E-02
  5.938859E+00  4.461183E+00 -8.883442E-02
  5.942678E+00  4.453264E+00 -8.985780E-02
  5.953014E+00  4.438276E+00 -9.262732E-02
  5.953336E+00  4.437884E+00 -9.271359E-02
  5.967813E+00  4.429193E+00 -9.659276E-02
  5.982291E+00  4.423992E+00 -1.004719E-01
  5.996768E+00  4.423488E+00 -1.043511E-01
  6.004088E+00  4.438276E+00 -1.063124E-01
  6.007730E+00  4.453264E+00 -1.072885E-01
  6.011245E+00  4.458113E+00 -1.082303E-01
  6.021561E+00  4.468252E+00 -1.109943E-01
  6.025722E+00  4.472450E+00 -1.121094E-01
  6.033984E+00  4.483240E+00 -1.143232E-01
  6.040200E+00  4.497883E+00 -1.159886E-01
  6.040365E+00  4.498228E+00 -1.160330E-01
  6.043706E+00  4.513216E+00 -1.169281E-01
  6.046620E+00  4.528204E+00 -1.177090E-01
  6.046372E+00  4.543191E+00 -1.176425E-01
  6.040200E+00  4.548932E+00 -1.159886E-01
Slice   =    141 , Freq(kT, average of all copies)              =   0.3176
Orbit # =      0 , Freq(kT, this largest copy used for outline) =   0.3214
Points  =     35
  kx            ky            kz
  4.371640E+00  3.161607E+00 -4.444746E-02
  4.362246E+00  3.162827E+00 -4.193039E-02
  4.357163E+00  3.163735E+00 -4.056829E-02
  4.345819E+00  3.177815E+00 -3.752854E-02
  4.342686E+00  3.179099E+00 -3.668912E-02
  4.330277E+00  3.177815E+00 -3.336412E-02
  4.328209E+00  3.177553E+00 -3.280995E-02
  4.313731E+00  3.166397E+00 -2.893078E-02
  4.311014E+00  3.162827E+00 -2.820262E-02
  4.306482E+00  3.147839E+00 -2.698822E-02
  4.299254E+00  3.138498E+00 -2.505161E-02
  4.294348E+00  3.132851E+00 -2.373703E-02
  4.284777E+00  3.125649E+00 -2.117245E-02
  4.278797E+00  3.117863E+00 -1.957021E-02
  4.275802E+00  3.102875E+00 -1.876761E-02
  4.273166E+00  3.087887E+00 -1.806145E-02
  4.270300E+00  3.081127E+00 -1.729328E-02
  4.266241E+00  3.072899E+00 -1.620593E-02
  4.270300E+00  3.065880E+00 -1.729328E-02
  4.276740E+00  3.057911E+00 -1.901897E-02
  4.284777E+00  3.051370E+00 -2.117245E-02
  4.299254E+00  3.046976E+00 -2.505161E-02
  4.312220E+00  3.057911E+00 -2.852576E-02
  4.313731E+00  3.059082E+00 -2.893078E-02
  4.328209E+00  3.067300E+00 -3.280995E-02
  4.334312E+00  3.072899E+00 -3.444541E-02
  4.342686E+00  3.084313E+00 -3.668912E-02
  4.344964E+00  3.087887E+00 -3.729947E-02
  4.351392E+00  3.102875E+00 -3.902188E-02
  4.357163E+00  3.111849E+00 -4.056829E-02
  4.366405E+00  3.117863E+00 -4.304456E-02
  4.371640E+00  3.122851E+00 -4.444746E-02
  4.376310E+00  3.132851E+00 -4.569858E-02
  4.377576E+00  3.147839E+00 -4.603793E-02
  4.371640E+00  3.161607E+00 -4.444746E-02
Slice   =    167 , Freq(kT, average of all copies)              =   0.5187
Orbit # =      0 , Freq(kT, this largest copy used for outline) =   0.5272
Points  =     61
  kx            ky            kz
  4.762044E+00  2.822786E+00  2.543778E-01
  4.747566E+00  2.827340E+00  2.582569E-01
  4.740987E+00  2.833092E+00  2.600198E-01
  4.733089E+00  2.840396E+00  2.621361E-01
  4.722637E+00  2.848080E+00  2.649367E-01
  4.718612E+00  2.850431E+00  2.660153E-01
  4.704135E+00  2.852465E+00  2.698944E-01
  4.692440E+00  2.863068E+00  2.730281E-01
  4.689657E+00  2.865110E+00  2.737736E-01
  4.675180E+00  2.863636E+00  2.776528E-01
  4.660703E+00  2.868872E+00  2.815319E-01
  4.646226E+00  2.873815E+00  2.854111E-01
  4.634745E+00  2.878056E+00  2.884873E-01
  4.631748E+00  2.878986E+00  2.892903E-01
  4.628555E+00  2.878056E+00  2.901461E-01
  4.617271E+00  2.875411E+00  2.931695E-01
  4.612852E+00  2.878056E+00  2.943537E-01
  4.602794E+00  2.884118E+00  2.970486E-01
  4.588317E+00  2.878212E+00  3.009278E-01
  4.573839E+00  2.879606E+00  3.048070E-01
  4.559362E+00  2.880424E+00  3.086861E-01
  4.555356E+00  2.878056E+00  3.097597E-01
  4.544885E+00  2.871116E+00  3.125653E-01
  4.534560E+00  2.878056E+00  3.153318E-01
  4.530408E+00  2.880136E+00  3.164445E-01
  4.526895E+00  2.878056E+00  3.173858E-01
  4.515930E+00  2.867472E+00  3.203236E-01
  4.504051E+00  2.863068E+00  3.235068E-01
  4.515930E+00  2.850036E+00  3.203236E-01
  4.517529E+00  2.848080E+00  3.198954E-01
  4.530408E+00  2.835420E+00  3.164445E-01
  4.534635E+00  2.833092E+00  3.153116E-01
  4.544885E+00  2.827931E+00  3.125653E-01
  4.559362E+00  2.824746E+00  3.086861E-01
  4.567562E+00  2.818104E+00  3.064891E-01
  4.573839E+00  2.814391E+00  3.048070E-01
  4.588317E+00  2.813134E+00  3.009278E-01
  4.602794E+00  2.810778E+00  2.970486E-01
  4.613370E+00  2.803116E+00  2.942149E-01
  4.617271E+00  2.800708E+00  2.931695E-01
  4.621018E+00  2.803116E+00  2.921656E-01
  4.631748E+00  2.809780E+00  2.892903E-01
  4.643376E+00  2.803116E+00  2.861747E-01
  4.646226E+00  2.801573E+00  2.854111E-01
  4.660703E+00  2.802974E+00  2.815319E-01
  4.661513E+00  2.803116E+00  2.813149E-01
  4.675180E+00  2.805187E+00  2.776528E-01
  4.677991E+00  2.803116E+00  2.768995E-01
  4.689657E+00  2.797421E+00  2.737736E-01
  4.700391E+00  2.803116E+00  2.708975E-01
  4.704135E+00  2.806876E+00  2.698944E-01
  4.710589E+00  2.803116E+00  2.681651E-01
  4.718612E+00  2.799836E+00  2.660153E-01
  4.733089E+00  2.802866E+00  2.621361E-01
  4.733913E+00  2.803116E+00  2.619153E-01
  4.747566E+00  2.810058E+00  2.582569E-01
  4.758374E+00  2.803116E+00  2.553612E-01
  4.762044E+00  2.801797E+00  2.543778E-01
  4.763878E+00  2.803116E+00  2.538862E-01
  4.766294E+00  2.818104E+00  2.532390E-01
  4.762044E+00  2.822786E+00  2.543778E-01
Slice   =    111 , Freq(kT, average of all copies)              =   0.5203
Orbit # =      0 , Freq(kT, this largest copy used for outline) =   0.5274
Points  =     59
  kx            ky            kz
  4.291387E+00  2.895017E+00 -6.021671E-01
  4.280887E+00  2.908768E+00 -5.993537E-01
  4.276910E+00  2.921337E+00 -5.982880E-01
  4.275734E+00  2.923756E+00 -5.979729E-01
  4.272794E+00  2.938744E+00 -5.971849E-01
  4.262433E+00  2.950824E+00 -5.944088E-01
  4.260149E+00  2.953732E+00 -5.937968E-01
  4.261163E+00  2.968720E+00 -5.940684E-01
  4.248043E+00  2.983708E+00 -5.905529E-01
  4.247956E+00  2.983973E+00 -5.905296E-01
  4.241801E+00  2.998696E+00 -5.888806E-01
  4.239053E+00  3.013684E+00 -5.881443E-01
  4.233478E+00  3.021351E+00 -5.866505E-01
  4.223145E+00  3.028672E+00 -5.838816E-01
  4.219001E+00  3.038290E+00 -5.827713E-01
  4.216070E+00  3.043660E+00 -5.819859E-01
  4.204524E+00  3.057705E+00 -5.788921E-01
  4.202851E+00  3.058648E+00 -5.784438E-01
  4.190047E+00  3.070061E+00 -5.750130E-01
  4.186969E+00  3.073635E+00 -5.741884E-01
  4.175569E+00  3.080473E+00 -5.711338E-01
  4.163681E+00  3.088623E+00 -5.679483E-01
  4.161092E+00  3.092272E+00 -5.672546E-01
  4.153147E+00  3.103611E+00 -5.651258E-01
  4.146615E+00  3.106548E+00 -5.633754E-01
  4.144059E+00  3.103611E+00 -5.626906E-01
  4.146615E+00  3.099209E+00 -5.633754E-01
  4.159066E+00  3.088623E+00 -5.667116E-01
  4.153746E+00  3.073635E+00 -5.652863E-01
  4.152466E+00  3.058648E+00 -5.649433E-01
  4.160506E+00  3.043660E+00 -5.670975E-01
  4.155441E+00  3.028672E+00 -5.657405E-01
  4.161092E+00  3.020715E+00 -5.672546E-01
  4.168422E+00  3.013684E+00 -5.692187E-01
  4.166212E+00  2.998696E+00 -5.686265E-01
  4.175569E+00  2.986246E+00 -5.711338E-01
  4.177716E+00  2.983708E+00 -5.717089E-01
  4.185090E+00  2.968720E+00 -5.736847E-01
  4.188346E+00  2.953732E+00 -5.745572E-01
  4.190047E+00  2.951566E+00 -5.750130E-01
  4.202502E+00  2.938744E+00 -5.783503E-01
  4.204032E+00  2.923756E+00 -5.787602E-01
  4.204524E+00  2.923368E+00 -5.788921E-01
  4.219001E+00  2.909677E+00 -5.827713E-01
  4.220425E+00  2.908768E+00 -5.831527E-01
  4.230023E+00  2.893780E+00 -5.857245E-01
  4.233478E+00  2.891500E+00 -5.866505E-01
  4.247154E+00  2.878792E+00 -5.903149E-01
  4.247956E+00  2.877783E+00 -5.905296E-01
  4.262433E+00  2.867114E+00 -5.944088E-01
  4.269758E+00  2.863804E+00 -5.963714E-01
  4.276910E+00  2.854128E+00 -5.982880E-01
  4.291387E+00  2.859026E+00 -6.021671E-01
  4.293409E+00  2.863804E+00 -6.027087E-01
  4.291387E+00  2.866890E+00 -6.021671E-01
  4.284112E+00  2.878792E+00 -6.002176E-01
  4.291387E+00  2.892137E+00 -6.021671E-01
  4.291958E+00  2.893780E+00 -6.023199E-01
  4.291387E+00  2.895017E+00 -6.021671E-01
Theta(deg) =   0.000000 , Phi(deg) =  17.500000 , Number of orbits =     7 , (a.u.^-1) units
Slice   =    190 , Freq(kT, average of all copies)              =   0.3008
Orbit # =      0 , Freq(kT, this largest copy used for outline) =   0.3046
Points  =     31
  kx            ky            kz
  6.454889E+00  4.967578E+00 -4.554484E-01
  6.440594E+00  4.976040E+00 -4.509415E-01
  6.426300E+00  4.972240E+00 -4.464345E-01
  6.412006E+00  4.964079E+00 -4.419275E-01
  6.411871E+00  4.963959E+00 -4.418851E-01
  6.397712E+00  4.954199E+00 -4.374206E-01
  6.393819E+00  4.948971E+00 -4.361933E-01
  6.389070E+00  4.933983E+00 -4.346957E-01
  6.383417E+00  4.923708E+00 -4.329136E-01
  6.379829E+00  4.918995E+00 -4.317823E-01
  6.369123E+00  4.909908E+00 -4.284066E-01
  6.363477E+00  4.904007E+00 -4.266265E-01
  6.356564E+00  4.889019E+00 -4.244467E-01
  6.359497E+00  4.874031E+00 -4.253714E-01
  6.364945E+00  4.859043E+00 -4.270893E-01
  6.369123E+00  4.854108E+00 -4.284066E-01
  6.383417E+00  4.848627E+00 -4.329136E-01
  6.397712E+00  4.848556E+00 -4.374206E-01
  6.412006E+00  4.851082E+00 -4.419275E-01
  6.416769E+00  4.859043E+00 -4.434293E-01
  6.421363E+00  4.874031E+00 -4.448779E-01
  6.426300E+00  4.884141E+00 -4.464345E-01
  6.429062E+00  4.889019E+00 -4.473054E-01
  6.440594E+00  4.900307E+00 -4.509415E-01
  6.444073E+00  4.904007E+00 -4.520381E-01
  6.452299E+00  4.918995E+00 -4.546318E-01
  6.454889E+00  4.929250E+00 -4.554484E-01
  6.456147E+00  4.933983E+00 -4.558451E-01
  6.457786E+00  4.948971E+00 -4.563621E-01
  6.457665E+00  4.963959E+00 -4.563239E-01
  6.454889E+00  4.967578E+00 -4.554484E-01
Slice   =    206 , Freq(kT, average of all copies)              =   0.3117
Orbit # =      0 , Freq(kT, this largest copy used for outline) =   0.3146
Points  =     33
  kx            ky            kz
  4.440037E+00  2.732189E+00  1.535886E+00
  4.425743E+00  2.743417E+00  1.540393E+00
  4.411449E+00  2.739369E+00  1.544900E+00
  4.402351E+00  2.729281E+00  1.547768E+00
  4.397154E+00  2.726471E+00  1.549407E+00
  4.382860E+00  2.715869E+00  1.553914E+00
  4.381513E+00  2.714293E+00  1.554339E+00
  4.368566E+00  2.702525E+00  1.558421E+00
  4.365979E+00  2.699305E+00  1.559236E+00
  4.362283E+00  2.684317E+00  1.560402E+00
  4.354995E+00  2.669329E+00  1.562700E+00
  4.354271E+00  2.668185E+00  1.562928E+00
  4.339977E+00  2.655924E+00  1.567435E+00
  4.338883E+00  2.654341E+00  1.567780E+00
  4.339977E+00  2.648658E+00  1.567435E+00
  4.344224E+00  2.639353E+00  1.566096E+00
  4.354271E+00  2.627905E+00  1.562928E+00
  4.359586E+00  2.624365E+00  1.561252E+00
  4.368566E+00  2.618495E+00  1.558421E+00
  4.382860E+00  2.612188E+00  1.553914E+00
  4.397154E+00  2.619732E+00  1.549407E+00
  4.400084E+00  2.624365E+00  1.548483E+00
  4.407363E+00  2.639353E+00  1.546188E+00
  4.411449E+00  2.643360E+00  1.544900E+00
  4.425743E+00  2.650961E+00  1.540393E+00
  4.427603E+00  2.654341E+00  1.539806E+00
  4.433817E+00  2.669329E+00  1.537847E+00
  4.436658E+00  2.684317E+00  1.536951E+00
  4.440037E+00  2.694628E+00  1.535886E+00
  4.443088E+00  2.699305E+00  1.534924E+00
  4.448183E+00  2.714293E+00  1.533318E+00
  4.444955E+00  2.729281E+00  1.534335E+00
  4.440037E+00  2.732189E+00  1.535886E+00
Slice   =     15 , Freq(kT, average of all copies)              =   0.3177
Orbit # =      0 , Freq(kT, this largest copy used for outline) =   0.3220
Points  =     33
  kx            ky            kz
  3.403687E-01  8.035819E-01 -1.090659E+00
  3.264123E-01  8.086133E-01 -1.086259E+00
  3.260745E-01  8.086595E-01 -1.086152E+00
  3.117802E-01  8.151820E-01 -1.081645E+00
  2.974859E-01  8.117265E-01 -1.077138E+00
  2.948598E-01  8.086133E-01 -1.076310E+00
  2.831917E-01  7.961106E-01 -1.072631E+00
  2.812111E-01  7.936253E-01 -1.072007E+00
  2.773039E-01  7.786373E-01 -1.070775E+00
  2.688974E-01  7.679160E-01 -1.068124E+00
  2.651453E-01  7.636494E-01 -1.066941E+00
  2.546031E-01  7.551763E-01 -1.063617E+00
  2.498420E-01  7.486614E-01 -1.062116E+00
  2.486842E-01  7.336735E-01 -1.061751E+00
  2.464202E-01  7.186855E-01 -1.061037E+00
  2.414849E-01  7.036976E-01 -1.059481E+00
  2.546031E-01  6.890892E-01 -1.063617E+00
  2.551732E-01  6.887096E-01 -1.063797E+00
  2.688974E-01  6.820838E-01 -1.068124E+00
  2.786498E-01  6.887096E-01 -1.071199E+00
  2.831917E-01  6.917874E-01 -1.072631E+00
  2.974859E-01  6.991839E-01 -1.077138E+00
  3.029002E-01  7.036976E-01 -1.078845E+00
  3.117802E-01  7.147091E-01 -1.081645E+00
  3.140474E-01  7.186855E-01 -1.082360E+00
  3.199269E-01  7.336735E-01 -1.084214E+00
  3.260745E-01  7.430466E-01 -1.086152E+00
  3.359180E-01  7.486614E-01 -1.089256E+00
  3.403687E-01  7.523068E-01 -1.090659E+00
  3.459003E-01  7.636494E-01 -1.092403E+00
  3.497240E-01  7.786373E-01 -1.093609E+00
  3.434384E-01  7.936253E-01 -1.091627E+00
  3.403687E-01  8.035819E-01 -1.090659E+00
Slice   =    122 , Freq(kT, average of all copies)              =   0.4687
Orbit # =      0 , Freq(kT, this largest copy used for outline) =   0.4780
Points  =     55
  kx            ky            kz
  3.106716E+00  1.879517E+00 -9.872863E-02
  3.100479E+00  1.889219E+00 -9.676200E-02
  3.092422E+00  1.894127E+00 -9.422167E-02
  3.081469E+00  1.904207E+00 -9.076825E-02
  3.078128E+00  1.907883E+00 -8.971470E-02
  3.063834E+00  1.916686E+00 -8.520774E-02
  3.061163E+00  1.919195E+00 -8.436556E-02
  3.049539E+00  1.926305E+00 -8.070077E-02
  3.035245E+00  1.934148E+00 -7.619381E-02
  3.035157E+00  1.934183E+00 -7.616593E-02
  3.020951E+00  1.938281E+00 -7.168684E-02
  3.006657E+00  1.934596E+00 -6.717988E-02
  2.992362E+00  1.941011E+00 -6.267291E-02
  2.978068E+00  1.935439E+00 -5.816595E-02
  2.973282E+00  1.934183E+00 -5.665687E-02
  2.963774E+00  1.931991E+00 -5.365898E-02
  2.953564E+00  1.934183E+00 -5.043983E-02
  2.949479E+00  1.934923E+00 -4.915202E-02
  2.948473E+00  1.934183E+00 -4.883470E-02
  2.935185E+00  1.926326E+00 -4.464505E-02
  2.920891E+00  1.922847E+00 -4.013809E-02
  2.914282E+00  1.919195E+00 -3.805428E-02
  2.906597E+00  1.913473E+00 -3.563112E-02
  2.892390E+00  1.919195E+00 -3.115174E-02
  2.892302E+00  1.919211E+00 -3.112416E-02
  2.892271E+00  1.919195E+00 -3.111417E-02
  2.878008E+00  1.904387E+00 -2.661719E-02
  2.877677E+00  1.904207E+00 -2.651284E-02
  2.878008E+00  1.903769E+00 -2.661719E-02
  2.891803E+00  1.889219E+00 -3.096674E-02
  2.892302E+00  1.888847E+00 -3.112416E-02
  2.906597E+00  1.887096E+00 -3.563112E-02
  2.920891E+00  1.877795E+00 -4.013809E-02
  2.925566E+00  1.874231E+00 -4.161215E-02
  2.935185E+00  1.866119E+00 -4.464505E-02
  2.949479E+00  1.870455E+00 -4.915202E-02
  2.963774E+00  1.861637E+00 -5.365898E-02
  2.978068E+00  1.864315E+00 -5.816595E-02
  2.992362E+00  1.862810E+00 -6.267291E-02
  2.999530E+00  1.859243E+00 -6.493284E-02
  3.006657E+00  1.856563E+00 -6.717988E-02
  3.011742E+00  1.859243E+00 -6.878334E-02
  3.020951E+00  1.864677E+00 -7.168684E-02
  3.032164E+00  1.859243E+00 -7.522245E-02
  3.035245E+00  1.857659E+00 -7.619381E-02
  3.040354E+00  1.859243E+00 -7.780449E-02
  3.049539E+00  1.863631E+00 -8.070077E-02
  3.063834E+00  1.867216E+00 -8.520774E-02
  3.078128E+00  1.865776E+00 -8.971470E-02
  3.089127E+00  1.874231E+00 -9.318265E-02
  3.092422E+00  1.878844E+00 -9.422167E-02
  3.099757E+00  1.874231E+00 -9.653437E-02
  3.106716E+00  1.871844E+00 -9.872863E-02
  3.109192E+00  1.874231E+00 -9.950914E-02
  3.106716E+00  1.879517E+00 -9.872863E-02
Slice   =     35 , Freq(kT, average of all copies)              =   0.4694
Orbit # =      0 , Freq(kT, this largest copy used for outline) =   0.4822
Points  =     57
  kx            ky            kz
  1.788463E+00  2.376582E+00 -1.509088E+00
  1.784769E+00  2.383821E+00 -1.507923E+00
  1.774169E+00  2.388814E+00 -1.504581E+00
  1.764315E+00  2.398809E+00 -1.501474E+00
  1.759875E+00  2.401618E+00 -1.500074E+00
  1.745581E+00  2.406856E+00 -1.495567E+00
  1.737178E+00  2.413797E+00 -1.492917E+00
  1.731286E+00  2.416776E+00 -1.491060E+00
  1.716992E+00  2.422568E+00 -1.486553E+00
  1.702698E+00  2.423612E+00 -1.482046E+00
  1.688404E+00  2.424265E+00 -1.477539E+00
  1.680301E+00  2.428785E+00 -1.474984E+00
  1.674109E+00  2.431900E+00 -1.473032E+00
  1.666145E+00  2.428785E+00 -1.470521E+00
  1.659815E+00  2.426203E+00 -1.468525E+00
  1.645521E+00  2.427511E+00 -1.464018E+00
  1.639598E+00  2.428785E+00 -1.462151E+00
  1.631226E+00  2.430342E+00 -1.459511E+00
  1.628721E+00  2.428785E+00 -1.458721E+00
  1.616932E+00  2.422920E+00 -1.455004E+00
  1.606008E+00  2.428785E+00 -1.451560E+00
  1.602638E+00  2.430805E+00 -1.450497E+00
  1.596363E+00  2.428785E+00 -1.448519E+00
  1.588344E+00  2.423347E+00 -1.445990E+00
  1.574049E+00  2.421480E+00 -1.441483E+00
  1.561685E+00  2.428785E+00 -1.437585E+00
  1.559755E+00  2.429419E+00 -1.436976E+00
  1.558768E+00  2.428785E+00 -1.436665E+00
  1.545461E+00  2.415447E+00 -1.432469E+00
  1.540450E+00  2.413797E+00 -1.430889E+00
  1.545461E+00  2.410523E+00 -1.432469E+00
  1.557885E+00  2.398809E+00 -1.436386E+00
  1.559755E+00  2.396862E+00 -1.436976E+00
  1.574049E+00  2.387788E+00 -1.441483E+00
  1.588344E+00  2.384695E+00 -1.445990E+00
  1.589306E+00  2.383821E+00 -1.446293E+00
  1.602638E+00  2.373409E+00 -1.450497E+00
  1.609521E+00  2.368833E+00 -1.452667E+00
  1.616932E+00  2.363344E+00 -1.455004E+00
  1.631226E+00  2.364725E+00 -1.459511E+00
  1.645521E+00  2.354971E+00 -1.464018E+00
  1.659815E+00  2.356588E+00 -1.468525E+00
  1.674109E+00  2.357051E+00 -1.473032E+00
  1.680833E+00  2.353845E+00 -1.475152E+00
  1.688404E+00  2.350590E+00 -1.477539E+00
  1.694437E+00  2.353845E+00 -1.479441E+00
  1.702698E+00  2.359140E+00 -1.482046E+00
  1.716992E+00  2.354187E+00 -1.486553E+00
  1.731286E+00  2.364139E+00 -1.491060E+00
  1.745581E+00  2.365040E+00 -1.495567E+00
  1.759875E+00  2.367471E+00 -1.500074E+00
  1.762125E+00  2.368833E+00 -1.500783E+00
  1.774169E+00  2.380866E+00 -1.504581E+00
  1.787264E+00  2.368833E+00 -1.508709E+00
  1.788463E+00  2.368364E+00 -1.509088E+00
  1.789000E+00  2.368833E+00 -1.509257E+00
  1.788463E+00  2.376582E+00 -1.509088E+00
Slice   =    126 , Freq(kT, average of all copies)              =   0.4694
Orbit # =      0 , Freq(kT, this largest copy used for outline) =   0.4782
Points  =     51
  kx            ky            kz
  3.224804E+00  2.656233E+00  2.030520E-01
  3.210510E+00  2.655772E+00  2.075589E-01
  3.196216E+00  2.668932E+00  2.120659E-01
  3.191497E+00  2.669329E+00  2.135536E-01
  3.181921E+00  2.669788E+00  2.165729E-01
  3.167627E+00  2.674311E+00  2.210798E-01
  3.153333E+00  2.677664E+00  2.255868E-01
  3.139039E+00  2.683298E+00  2.300937E-01
  3.124744E+00  2.679673E+00  2.346007E-01
  3.110450E+00  2.683745E+00  2.391077E-01
  3.096156E+00  2.682522E+00  2.436146E-01
  3.081861E+00  2.680214E+00  2.481216E-01
  3.070589E+00  2.684317E+00  2.516758E-01
  3.067567E+00  2.685466E+00  2.526286E-01
  3.065968E+00  2.684317E+00  2.531327E-01
  3.053273E+00  2.675054E+00  2.571355E-01
  3.038979E+00  2.676941E+00  2.616425E-01
  3.026659E+00  2.669329E+00  2.655270E-01
  3.024684E+00  2.665536E+00  2.661495E-01
  3.020985E+00  2.669329E+00  2.673158E-01
  3.010390E+00  2.672096E+00  2.706564E-01
  3.004127E+00  2.669329E+00  2.726313E-01
  3.010390E+00  2.663258E+00  2.706564E-01
  3.018791E+00  2.654341E+00  2.680078E-01
  3.024684E+00  2.648758E+00  2.661495E-01
  3.032103E+00  2.639353E+00  2.638103E-01
  3.038979E+00  2.634138E+00  2.616425E-01
  3.051243E+00  2.624365E+00  2.577756E-01
  3.053273E+00  2.622147E+00  2.571355E-01
  3.067567E+00  2.617684E+00  2.526286E-01
  3.076702E+00  2.609377E+00  2.497484E-01
  3.081861E+00  2.605782E+00  2.481216E-01
  3.096156E+00  2.608893E+00  2.436146E-01
  3.110450E+00  2.604563E+00  2.391077E-01
  3.124744E+00  2.602826E+00  2.346007E-01
  3.134480E+00  2.609377E+00  2.315311E-01
  3.139039E+00  2.612548E+00  2.300937E-01
  3.145232E+00  2.609377E+00  2.281410E-01
  3.153333E+00  2.605147E+00  2.255868E-01
  3.159693E+00  2.609377E+00  2.235813E-01
  3.167627E+00  2.616423E+00  2.210798E-01
  3.181921E+00  2.616891E+00  2.165729E-01
  3.196216E+00  2.621335E+00  2.120659E-01
  3.203159E+00  2.624365E+00  2.098766E-01
  3.210510E+00  2.629213E+00  2.075589E-01
  3.216212E+00  2.624365E+00  2.057610E-01
  3.224804E+00  2.620903E+00  2.030520E-01
  3.228200E+00  2.624365E+00  2.019814E-01
  3.232130E+00  2.639353E+00  2.007421E-01
  3.227254E+00  2.654341E+00  2.022794E-01
  3.224804E+00  2.656233E+00  2.030520E-01
Slice   =     71 , Freq(kT, average of all copies)              =   0.5789
Orbit # =      0 , Freq(kT, this largest copy used for outline) =   0.5867
Points  =     61
  kx            ky            kz
  2.708310E+00  1.890519E+00 -9.572109E-01
  2.695959E+00  1.904943E+00 -9.533166E-01
  2.697202E+00  1.919931E+00 -9.537085E-01
  2.694016E+00  1.928077E+00 -9.527039E-01
  2.691909E+00  1.934919E+00 -9.520396E-01
  2.685053E+00  1.949907E+00 -9.498779E-01
  2.684952E+00  1.964895E+00 -9.498461E-01
  2.679722E+00  1.970825E+00 -9.481969E-01
  2.669547E+00  1.979883E+00 -9.449889E-01
  2.668757E+00  1.994871E+00 -9.447397E-01
  2.665428E+00  1.998923E+00 -9.436900E-01
  2.657952E+00  2.009859E+00 -9.413328E-01
  2.651133E+00  2.020303E+00 -9.391830E-01
  2.646819E+00  2.024847E+00 -9.378228E-01
  2.643254E+00  2.039835E+00 -9.366987E-01
  2.636839E+00  2.047502E+00 -9.346760E-01
  2.629215E+00  2.054823E+00 -9.322721E-01
  2.622545E+00  2.066020E+00 -9.301691E-01
  2.619161E+00  2.069811E+00 -9.291021E-01
  2.608250E+00  2.082095E+00 -9.256621E-01
  2.604446E+00  2.084799E+00 -9.244626E-01
  2.593956E+00  2.098010E+00 -9.211551E-01
  2.592036E+00  2.099787E+00 -9.205496E-01
  2.579662E+00  2.105896E+00 -9.166482E-01
  2.569011E+00  2.114774E+00 -9.132898E-01
  2.565368E+00  2.119488E+00 -9.121412E-01
  2.555449E+00  2.129762E+00 -9.090140E-01
  2.551073E+00  2.131863E+00 -9.076342E-01
  2.547115E+00  2.129762E+00 -9.063861E-01
  2.551073E+00  2.125767E+00 -9.076342E-01
  2.561447E+00  2.114774E+00 -9.109051E-01
  2.551252E+00  2.099787E+00 -9.076905E-01
  2.554488E+00  2.084799E+00 -9.087109E-01
  2.561007E+00  2.069811E+00 -9.107662E-01
  2.556622E+00  2.054823E+00 -9.093838E-01
  2.565368E+00  2.045632E+00 -9.121412E-01
  2.571368E+00  2.039835E+00 -9.140330E-01
  2.567057E+00  2.024847E+00 -9.126739E-01
  2.579662E+00  2.011990E+00 -9.166482E-01
  2.581927E+00  2.009859E+00 -9.173625E-01
  2.587028E+00  1.994871E+00 -9.189706E-01
  2.593281E+00  1.979883E+00 -9.209423E-01
  2.593956E+00  1.978915E+00 -9.211551E-01
  2.606850E+00  1.964895E+00 -9.252204E-01
  2.608066E+00  1.949907E+00 -9.256039E-01
  2.608250E+00  1.949779E+00 -9.256621E-01
  2.622545E+00  1.938089E+00 -9.301691E-01
  2.625867E+00  1.934919E+00 -9.312166E-01
  2.633424E+00  1.919931E+00 -9.335992E-01
  2.636839E+00  1.917624E+00 -9.346760E-01
  2.651133E+00  1.906159E+00 -9.391830E-01
  2.653304E+00  1.904943E+00 -9.398675E-01
  2.665428E+00  1.893604E+00 -9.436900E-01
  2.670139E+00  1.889955E+00 -9.451755E-01
  2.679722E+00  1.877747E+00 -9.481969E-01
  2.682112E+00  1.874967E+00 -9.489507E-01
  2.694016E+00  1.868795E+00 -9.527039E-01
  2.697486E+00  1.874967E+00 -9.537979E-01
  2.708310E+00  1.889214E+00 -9.572109E-01
  2.708633E+00  1.889955E+00 -9.573127E-01
  2.708310E+00  1.890519E+00 -9.572109E-01
Theta(deg) =   0.000000 , Phi(deg) =  20.000000 , Number of orbits =    10 , (a.u.^-1) units
Slice   =     74 , Freq(kT, average of all copies)              =   0.2955
Orbit # =      0 , Freq(kT, this largest copy used for outline) =   0.2981
Points  =     29
  kx            ky            kz
  3.156178E+00  3.039098E+00 -1.753914E+00
  3.142094E+00  3.038827E+00 -1.748788E+00
  3.128010E+00  3.037492E+00 -1.743661E+00
  3.119444E+00  3.029776E+00 -1.740544E+00
  3.113926E+00  3.023546E+00 -1.738535E+00
  3.107990E+00  3.014788E+00 -1.736375E+00
  3.103427E+00  2.999800E+00 -1.734714E+00
  3.099842E+00  2.995110E+00 -1.733409E+00
  3.090990E+00  2.984812E+00 -1.730187E+00
  3.085758E+00  2.979518E+00 -1.728283E+00
  3.075809E+00  2.969824E+00 -1.724662E+00
  3.074859E+00  2.954836E+00 -1.724316E+00
  3.074332E+00  2.939848E+00 -1.724124E+00
  3.075154E+00  2.924860E+00 -1.724423E+00
  3.085758E+00  2.914612E+00 -1.728283E+00
  3.099842E+00  2.913954E+00 -1.733409E+00
  3.113926E+00  2.919503E+00 -1.738535E+00
  3.128010E+00  2.922855E+00 -1.743661E+00
  3.129578E+00  2.924860E+00 -1.744232E+00
  3.135289E+00  2.939848E+00 -1.746311E+00
  3.139709E+00  2.954836E+00 -1.747920E+00
  3.142094E+00  2.959056E+00 -1.748788E+00
  3.154763E+00  2.969824E+00 -1.753399E+00
  3.156178E+00  2.971452E+00 -1.753914E+00
  3.164581E+00  2.984812E+00 -1.756972E+00
  3.169630E+00  2.999800E+00 -1.758810E+00
  3.167582E+00  3.014788E+00 -1.758065E+00
  3.164874E+00  3.029776E+00 -1.757079E+00
  3.156178E+00  3.039098E+00 -1.753914E+00
Slice   =    143 , Freq(kT, average of all copies)              =   0.2958
Orbit # =      0 , Freq(kT, this largest copy used for outline) =   0.2996
Points  =     33
  kx            ky            kz
  4.016433E+00  3.171494E+00 -1.720972E-01
  4.002349E+00  3.168820E+00 -1.669710E-01
  3.988265E+00  3.165488E+00 -1.618448E-01
  3.985821E+00  3.163563E+00 -1.609553E-01
  3.974180E+00  3.156946E+00 -1.567186E-01
  3.966307E+00  3.148575E+00 -1.538529E-01
  3.961314E+00  3.133587E+00 -1.520355E-01
  3.960096E+00  3.131788E+00 -1.515925E-01
  3.952880E+00  3.118599E+00 -1.489659E-01
  3.946012E+00  3.111916E+00 -1.464663E-01
  3.936165E+00  3.103611E+00 -1.428823E-01
  3.931928E+00  3.092862E+00 -1.413401E-01
  3.930622E+00  3.088623E+00 -1.408646E-01
  3.930768E+00  3.073635E+00 -1.409177E-01
  3.931269E+00  3.058648E+00 -1.411000E-01
  3.931928E+00  3.056542E+00 -1.413401E-01
  3.944137E+00  3.043660E+00 -1.457835E-01
  3.946012E+00  3.042793E+00 -1.464663E-01
  3.953446E+00  3.043660E+00 -1.491719E-01
  3.960096E+00  3.044587E+00 -1.515925E-01
  3.974180E+00  3.049230E+00 -1.567186E-01
  3.986131E+00  3.058648E+00 -1.610683E-01
  3.988265E+00  3.061935E+00 -1.618448E-01
  3.991669E+00  3.073635E+00 -1.630841E-01
  3.999961E+00  3.088623E+00 -1.661022E-01
  4.002349E+00  3.092372E+00 -1.669710E-01
  4.016433E+00  3.102374E+00 -1.720972E-01
  4.017442E+00  3.103611E+00 -1.724644E-01
  4.023787E+00  3.118599E+00 -1.747741E-01
  4.025748E+00  3.133587E+00 -1.754877E-01
  4.024696E+00  3.148575E+00 -1.751047E-01
  4.023512E+00  3.163563E+00 -1.746737E-01
  4.016433E+00  3.171494E+00 -1.720972E-01
Slice   =     24 , Freq(kT, average of all copies)              =   0.2972
Orbit # =      0 , Freq(kT, this largest copy used for outline) =   0.2997
Points  =     31
  kx            ky            kz
 -1.005794E+00 -3.239783E-01 -1.854002E-01
 -1.019878E+00 -3.179235E-01 -1.802741E-01
 -1.033962E+00 -3.220500E-01 -1.751479E-01
 -1.048047E+00 -3.301356E-01 -1.700217E-01
 -1.048394E+00 -3.304714E-01 -1.698952E-01
 -1.062131E+00 -3.418449E-01 -1.648955E-01
 -1.064460E+00 -3.454593E-01 -1.640476E-01
 -1.068489E+00 -3.604473E-01 -1.625813E-01
 -1.076215E+00 -3.745460E-01 -1.597693E-01
 -1.077177E+00 -3.754352E-01 -1.594189E-01
 -1.090299E+00 -3.840177E-01 -1.546431E-01
 -1.095764E+00 -3.904232E-01 -1.526540E-01
 -1.098236E+00 -4.054112E-01 -1.517543E-01
 -1.096128E+00 -4.203991E-01 -1.525216E-01
 -1.091559E+00 -4.353871E-01 -1.541844E-01
 -1.090299E+00 -4.370062E-01 -1.546431E-01
 -1.076215E+00 -4.439191E-01 -1.597693E-01
 -1.062131E+00 -4.441625E-01 -1.648955E-01
 -1.048047E+00 -4.424543E-01 -1.700217E-01
 -1.043310E+00 -4.353871E-01 -1.717458E-01
 -1.037948E+00 -4.203991E-01 -1.736974E-01
 -1.033962E+00 -4.130197E-01 -1.751479E-01
 -1.029902E+00 -4.054112E-01 -1.766258E-01
 -1.019878E+00 -3.951257E-01 -1.802741E-01
 -1.015216E+00 -3.904232E-01 -1.819712E-01
 -1.006379E+00 -3.754352E-01 -1.851875E-01
 -1.005794E+00 -3.731767E-01 -1.854002E-01
 -1.002943E+00 -3.604473E-01 -1.864381E-01
 -1.000960E+00 -3.454593E-01 -1.871597E-01
 -1.000713E+00 -3.304714E-01 -1.872497E-01
 -1.005794E+00 -3.239783E-01 -1.854002E-01
Slice   =    134 , Freq(kT, average of all copies)              =   0.3150
Orbit # =      0 , Freq(kT, this largest copy used for outline) =   0.3186
Points  =     35
  kx            ky            kz
  3.585173E+00  2.733503E+00  1.061146E-01
  3.572087E+00  2.742796E+00  1.108776E-01
  3.571089E+00  2.744059E+00  1.112408E-01
  3.569014E+00  2.742796E+00  1.119960E-01
  3.557005E+00  2.737711E+00  1.163670E-01
  3.548517E+00  2.727808E+00  1.194563E-01
  3.542921E+00  2.724579E+00  1.214932E-01
  3.528837E+00  2.715146E+00  1.266193E-01
  3.527006E+00  2.712820E+00  1.272856E-01
  3.514753E+00  2.698484E+00  1.317455E-01
  3.514098E+00  2.697832E+00  1.319836E-01
  3.509886E+00  2.682844E+00  1.335168E-01
  3.500668E+00  2.668322E+00  1.368717E-01
  3.500278E+00  2.667856E+00  1.370138E-01
  3.486584E+00  2.654700E+00  1.419979E-01
  3.485209E+00  2.652868E+00  1.424985E-01
  3.486584E+00  2.647827E+00  1.419979E-01
  3.492887E+00  2.637880E+00  1.397040E-01
  3.500668E+00  2.627956E+00  1.368717E-01
  3.508157E+00  2.622892E+00  1.341461E-01
  3.514753E+00  2.618750E+00  1.317455E-01
  3.528837E+00  2.612282E+00  1.266193E-01
  3.542921E+00  2.615575E+00  1.214932E-01
  3.547416E+00  2.622892E+00  1.198570E-01
  3.553267E+00  2.637880E+00  1.177273E-01
  3.557005E+00  2.641873E+00  1.163670E-01
  3.571089E+00  2.649390E+00  1.112408E-01
  3.572949E+00  2.652868E+00  1.105637E-01
  3.579688E+00  2.667856E+00  1.081109E-01
  3.582694E+00  2.682844E+00  1.070169E-01
  3.585173E+00  2.690561E+00  1.061146E-01
  3.589718E+00  2.697832E+00  1.044603E-01
  3.595289E+00  2.712820E+00  1.024327E-01
  3.594676E+00  2.727808E+00  1.026557E-01
  3.585173E+00  2.733503E+00  1.061146E-01
Slice   =    145 , Freq(kT, average of all copies)              =   0.3197
Orbit # =      0 , Freq(kT, this largest copy used for outline) =   0.3240
Points  =     35
  kx            ky            kz
  4.768287E+00  3.582836E+00 -4.252075E-01
  4.754203E+00  3.583244E+00 -4.200813E-01
  4.753544E+00  3.583594E+00 -4.198415E-01
  4.742261E+00  3.598582E+00 -4.157350E-01
  4.740118E+00  3.599764E+00 -4.149551E-01
  4.732531E+00  3.598582E+00 -4.121936E-01
  4.726034E+00  3.597229E+00 -4.098290E-01
  4.711950E+00  3.585136E+00 -4.047028E-01
  4.710628E+00  3.583594E+00 -4.042217E-01
  4.703868E+00  3.568606E+00 -4.017611E-01
  4.697866E+00  3.562835E+00 -3.995766E-01
  4.690109E+00  3.553618E+00 -3.967530E-01
  4.683782E+00  3.546671E+00 -3.944504E-01
  4.678816E+00  3.538630E+00 -3.926429E-01
  4.677136E+00  3.523642E+00 -3.920314E-01
  4.672275E+00  3.508654E+00 -3.902622E-01
  4.669698E+00  3.500340E+00 -3.893242E-01
  4.662836E+00  3.493666E+00 -3.868268E-01
  4.669698E+00  3.487884E+00 -3.893242E-01
  4.676758E+00  3.478678E+00 -3.918938E-01
  4.683782E+00  3.473502E+00 -3.944504E-01
  4.697866E+00  3.465669E+00 -3.995766E-01
  4.711772E+00  3.478678E+00 -4.046377E-01
  4.711950E+00  3.478813E+00 -4.047028E-01
  4.726034E+00  3.488693E+00 -4.098290E-01
  4.732500E+00  3.493666E+00 -4.121823E-01
  4.740118E+00  3.502146E+00 -4.149551E-01
  4.744145E+00  3.508654E+00 -4.164207E-01
  4.749750E+00  3.523642E+00 -4.184606E-01
  4.754203E+00  3.531635E+00 -4.200813E-01
  4.764875E+00  3.538630E+00 -4.239659E-01
  4.768287E+00  3.541850E+00 -4.252075E-01
  4.773386E+00  3.553618E+00 -4.270634E-01
  4.774239E+00  3.568606E+00 -4.273739E-01
  4.768287E+00  3.582836E+00 -4.252075E-01
Slice   =    197 , Freq(kT, average of all copies)              =   0.4299
Orbit # =      0 , Freq(kT, this largest copy used for outline) =   0.4388
Points  =     47
  kx            ky            kz
  6.170804E+00  4.774312E+00  1.585049E-01
  6.158816E+00  4.783735E+00  1.628679E-01
  6.156720E+00  4.784499E+00  1.636311E-01
  6.142635E+00  4.788344E+00  1.687573E-01
  6.128551E+00  4.794202E+00  1.738835E-01
  6.114467E+00  4.793692E+00  1.790096E-01
  6.103459E+00  4.798723E+00  1.830163E-01
  6.100383E+00  4.800028E+00  1.841358E-01
  6.086299E+00  4.799160E+00  1.892620E-01
  6.085161E+00  4.798723E+00  1.896764E-01
  6.072215E+00  4.794718E+00  1.943882E-01
  6.062245E+00  4.798723E+00  1.980170E-01
  6.058131E+00  4.800485E+00  1.995144E-01
  6.054032E+00  4.798723E+00  2.010064E-01
  6.044047E+00  4.793707E+00  2.046406E-01
  6.029963E+00  4.792960E+00  2.097667E-01
  6.015879E+00  4.798509E+00  2.148929E-01
  6.001795E+00  4.787092E+00  2.200191E-01
  5.987711E+00  4.787503E+00  2.251453E-01
  5.982641E+00  4.783735E+00  2.269904E-01
  5.975552E+00  4.768747E+00  2.295706E-01
  5.987711E+00  4.758615E+00  2.251453E-01
  5.992163E+00  4.753759E+00  2.235247E-01
  6.001795E+00  4.750962E+00  2.200191E-01
  6.015879E+00  4.745408E+00  2.148929E-01
  6.027365E+00  4.738771E+00  2.107124E-01
  6.029963E+00  4.736514E+00  2.097667E-01
  6.044047E+00  4.733388E+00  2.046406E-01
  6.058131E+00  4.730343E+00  1.995144E-01
  6.068272E+00  4.723783E+00  1.958233E-01
  6.072215E+00  4.722007E+00  1.943882E-01
  6.075700E+00  4.723783E+00  1.931197E-01
  6.086299E+00  4.729915E+00  1.892620E-01
  6.100275E+00  4.723783E+00  1.841753E-01
  6.100383E+00  4.723725E+00  1.841358E-01
  6.100550E+00  4.723783E+00  1.840753E-01
  6.114467E+00  4.730279E+00  1.790096E-01
  6.128551E+00  4.732037E+00  1.738835E-01
  6.142635E+00  4.733892E+00  1.687573E-01
  6.150799E+00  4.738771E+00  1.657859E-01
  6.156720E+00  4.743980E+00  1.636311E-01
  6.165063E+00  4.738771E+00  1.605945E-01
  6.170804E+00  4.736884E+00  1.585049E-01
  6.173278E+00  4.738771E+00  1.576044E-01
  6.181544E+00  4.753759E+00  1.545959E-01
  6.177086E+00  4.768747E+00  1.562182E-01
  6.170804E+00  4.774312E+00  1.585049E-01
Slice   =    200 , Freq(kT, average of all copies)              =   0.4445
Orbit # =      0 , Freq(kT, this largest copy used for outline) =   0.4539
Points  =     49
  kx            ky            kz
  6.486802E+00  4.425944E+00 -4.496065E-01
  6.480174E+00  4.439380E+00 -4.471942E-01
  6.472718E+00  4.447446E+00 -4.444803E-01
  6.463236E+00  4.454368E+00 -4.410292E-01
  6.458634E+00  4.457557E+00 -4.393541E-01
  6.444550E+00  4.466556E+00 -4.342279E-01
  6.439564E+00  4.469356E+00 -4.324134E-01
  6.430466E+00  4.473711E+00 -4.291018E-01
  6.419428E+00  4.469356E+00 -4.250846E-01
  6.416382E+00  4.467910E+00 -4.239756E-01
  6.402297E+00  4.467359E+00 -4.188494E-01
  6.388213E+00  4.467850E+00 -4.137232E-01
  6.374129E+00  4.460513E+00 -4.085970E-01
  6.360045E+00  4.455165E+00 -4.034708E-01
  6.358636E+00  4.454368E+00 -4.029579E-01
  6.345961E+00  4.447394E+00 -3.983447E-01
  6.331877E+00  4.451036E+00 -3.932185E-01
  6.317793E+00  4.441294E+00 -3.880923E-01
  6.304072E+00  4.439380E+00 -3.830983E-01
  6.303709E+00  4.438046E+00 -3.829661E-01
  6.289625E+00  4.424980E+00 -3.778399E-01
  6.288562E+00  4.424392E+00 -3.774532E-01
  6.289625E+00  4.423204E+00 -3.778399E-01
  6.301655E+00  4.409404E+00 -3.822185E-01
  6.303709E+00  4.407276E+00 -3.829661E-01
  6.317793E+00  4.405273E+00 -3.880923E-01
  6.331877E+00  4.397234E+00 -3.932185E-01
  6.336899E+00  4.394416E+00 -3.950462E-01
  6.345961E+00  4.390779E+00 -3.983447E-01
  6.357237E+00  4.394416E+00 -4.024487E-01
  6.360045E+00  4.395348E+00 -4.034708E-01
  6.361322E+00  4.394416E+00 -4.039355E-01
  6.374129E+00  4.388869E+00 -4.085970E-01
  6.386739E+00  4.394416E+00 -4.131866E-01
  6.388213E+00  4.395198E+00 -4.137232E-01
  6.389968E+00  4.394416E+00 -4.143619E-01
  6.402297E+00  4.390417E+00 -4.188494E-01
  6.416382E+00  4.389809E+00 -4.239756E-01
  6.427381E+00  4.394416E+00 -4.279790E-01
  6.430466E+00  4.395773E+00 -4.291018E-01
  6.432903E+00  4.394416E+00 -4.299888E-01
  6.444550E+00  4.389145E+00 -4.342279E-01
  6.453864E+00  4.394416E+00 -4.376179E-01
  6.458634E+00  4.399300E+00 -4.393541E-01
  6.472718E+00  4.400929E+00 -4.444803E-01
  6.485503E+00  4.409404E+00 -4.491338E-01
  6.486802E+00  4.418142E+00 -4.496065E-01
  6.488879E+00  4.424392E+00 -4.503626E-01
  6.486802E+00  4.425944E+00 -4.496065E-01
Slice   =    222 , Freq(kT, average of all copies)              =   0.4499
Orbit # =      0 , Freq(kT, this largest copy used for outline) =   0.4521
Points  =     43
  kx            ky            kz
  7.223653E+00  5.440114E+00  1.626879E-01
  7.209569E+00  5.441748E+00  1.678140E-01
  7.206715E+00  5.443573E+00  1.688527E-01
  7.195485E+00  5.456963E+00  1.729402E-01
  7.181400E+00  5.458536E+00  1.780664E-01
  7.181322E+00  5.458561E+00  1.780950E-01
  7.167316E+00  5.461612E+00  1.831926E-01
  7.153232E+00  5.465084E+00  1.883188E-01
  7.139148E+00  5.467406E+00  1.934450E-01
  7.125064E+00  5.465613E+00  1.985711E-01
  7.110980E+00  5.466496E+00  2.036973E-01
  7.096896E+00  5.464009E+00  2.088235E-01
  7.082812E+00  5.465391E+00  2.139497E-01
  7.068728E+00  5.461470E+00  2.190759E-01
  7.063895E+00  5.458561E+00  2.208348E-01
  7.054644E+00  5.453052E+00  2.242021E-01
  7.045997E+00  5.458561E+00  2.273492E-01
  7.040560E+00  5.461226E+00  2.293282E-01
  7.036771E+00  5.458561E+00  2.307074E-01
  7.027744E+00  5.443573E+00  2.339927E-01
  7.030433E+00  5.428585E+00  2.330140E-01
  7.040560E+00  5.418878E+00  2.293282E-01
  7.046292E+00  5.413597E+00  2.272418E-01
  7.054644E+00  5.406503E+00  2.242021E-01
  7.068728E+00  5.398646E+00  2.190759E-01
  7.068764E+00  5.398609E+00  2.190627E-01
  7.082812E+00  5.390714E+00  2.139497E-01
  7.096896E+00  5.388782E+00  2.088235E-01
  7.110980E+00  5.390086E+00  2.036973E-01
  7.125064E+00  5.385795E+00  1.985711E-01
  7.139148E+00  5.397392E+00  1.934450E-01
  7.153232E+00  5.392985E+00  1.883188E-01
  7.162215E+00  5.398609E+00  1.850492E-01
  7.167316E+00  5.403400E+00  1.831926E-01
  7.181400E+00  5.405755E+00  1.780664E-01
  7.195485E+00  5.409887E+00  1.729402E-01
  7.201630E+00  5.413597E+00  1.707034E-01
  7.209569E+00  5.419361E+00  1.678140E-01
  7.218453E+00  5.413597E+00  1.645806E-01
  7.223653E+00  5.411806E+00  1.626879E-01
  7.225405E+00  5.413597E+00  1.620500E-01
  7.229995E+00  5.428585E+00  1.603795E-01
  7.223653E+00  5.440114E+00  1.626879E-01
Slice   =    128 , Freq(kT, average of all copies)              =   0.4503
Orbit # =      0 , Freq(kT, this largest copy used for outline) =   0.4569
Points  =     47
  kx            ky            kz
  3.212022E+00  2.654533E+00  1.689463E-01
  3.197938E+00  2.656160E+00  1.740725E-01
  3.185012E+00  2.669329E+00  1.787774E-01
  3.183854E+00  2.669978E+00  1.791987E-01
  3.179689E+00  2.669329E+00  1.807146E-01
  3.169770E+00  2.666281E+00  1.843249E-01
  3.155686E+00  2.665882E+00  1.894510E-01
  3.151988E+00  2.669329E+00  1.907971E-01
  3.141602E+00  2.674616E+00  1.945772E-01
  3.127518E+00  2.670167E+00  1.997034E-01
  3.114552E+00  2.669329E+00  2.044226E-01
  3.113434E+00  2.669273E+00  2.048296E-01
  3.113306E+00  2.669329E+00  2.048760E-01
  3.099350E+00  2.674226E+00  2.099558E-01
  3.089494E+00  2.669329E+00  2.135431E-01
  3.085266E+00  2.667357E+00  2.150819E-01
  3.071182E+00  2.669061E+00  2.202081E-01
  3.057098E+00  2.667923E+00  2.253343E-01
  3.043014E+00  2.661423E+00  2.304605E-01
  3.028930E+00  2.657537E+00  2.355867E-01
  3.026317E+00  2.654341E+00  2.365376E-01
  3.022120E+00  2.639353E+00  2.380653E-01
  3.028930E+00  2.628794E+00  2.355867E-01
  3.032012E+00  2.624365E+00  2.344649E-01
  3.043014E+00  2.614084E+00  2.304605E-01
  3.049528E+00  2.609377E+00  2.280895E-01
  3.057098E+00  2.606266E+00  2.253343E-01
  3.071182E+00  2.595595E+00  2.202081E-01
  3.074396E+00  2.594389E+00  2.190381E-01
  3.085266E+00  2.591529E+00  2.150819E-01
  3.091246E+00  2.594389E+00  2.129053E-01
  3.099350E+00  2.597563E+00  2.099558E-01
  3.104898E+00  2.594389E+00  2.079366E-01
  3.113434E+00  2.588107E+00  2.048296E-01
  3.120488E+00  2.594389E+00  2.022621E-01
  3.127518E+00  2.600769E+00  1.997034E-01
  3.141602E+00  2.600864E+00  1.945772E-01
  3.155686E+00  2.609331E+00  1.894510E-01
  3.155913E+00  2.609377E+00  1.893684E-01
  3.169770E+00  2.611854E+00  1.843249E-01
  3.183854E+00  2.610952E+00  1.791987E-01
  3.197938E+00  2.623986E+00  1.740725E-01
  3.212022E+00  2.619495E+00  1.689463E-01
  3.216574E+00  2.624365E+00  1.672896E-01
  3.219901E+00  2.639353E+00  1.660788E-01
  3.212294E+00  2.654341E+00  1.688473E-01
  3.212022E+00  2.654533E+00  1.689463E-01
Slice   =     45 , Freq(kT, average of all copies)              =   0.6522
Orbit # =      0 , Freq(kT, this largest copy used for outline) =   0.6607
Points  =     67
  kx            ky            kz
  3.443646E+00  2.862892E+00 -2.079010E+00
  3.429731E+00  2.877319E+00 -2.073945E+00
  3.432128E+00  2.892307E+00 -2.074817E+00
  3.429562E+00  2.897720E+00 -2.073884E+00
  3.426365E+00  2.907295E+00 -2.072720E+00
  3.418089E+00  2.922283E+00 -2.069708E+00
  3.417769E+00  2.937271E+00 -2.069591E+00
  3.415478E+00  2.939934E+00 -2.068757E+00
  3.401394E+00  2.951399E+00 -2.063631E+00
  3.400800E+00  2.952259E+00 -2.063415E+00
  3.401394E+00  2.956855E+00 -2.063631E+00
  3.403010E+00  2.967247E+00 -2.064219E+00
  3.401394E+00  2.969221E+00 -2.063631E+00
  3.388473E+00  2.982235E+00 -2.058928E+00
  3.387310E+00  2.984580E+00 -2.058505E+00
  3.378964E+00  2.997223E+00 -2.055467E+00
  3.377400E+00  3.012211E+00 -2.054898E+00
  3.373226E+00  3.017684E+00 -2.053379E+00
  3.359142E+00  3.026908E+00 -2.048253E+00
  3.358893E+00  3.027199E+00 -2.048162E+00
  3.352377E+00  3.042187E+00 -2.045790E+00
  3.345058E+00  3.051414E+00 -2.043127E+00
  3.339527E+00  3.057175E+00 -2.041113E+00
  3.330974E+00  3.063476E+00 -2.038000E+00
  3.322932E+00  3.072163E+00 -2.035073E+00
  3.316890E+00  3.077941E+00 -2.032874E+00
  3.305612E+00  3.087151E+00 -2.028770E+00
  3.302806E+00  3.090568E+00 -2.027748E+00
  3.288722E+00  3.096331E+00 -2.022622E+00
  3.285314E+00  3.102139E+00 -2.021381E+00
  3.274638E+00  3.109340E+00 -2.017496E+00
  3.263160E+00  3.102139E+00 -2.013318E+00
  3.274638E+00  3.091507E+00 -2.017496E+00
  3.280948E+00  3.087151E+00 -2.019792E+00
  3.274638E+00  3.076929E+00 -2.017496E+00
  3.273787E+00  3.072163E+00 -2.017186E+00
  3.274638E+00  3.066705E+00 -2.017496E+00
  3.276908E+00  3.057175E+00 -2.018322E+00
  3.285216E+00  3.042187E+00 -2.021346E+00
  3.279436E+00  3.027199E+00 -2.019242E+00
  3.288722E+00  3.018358E+00 -2.022622E+00
  3.294623E+00  3.012211E+00 -2.024770E+00
  3.291114E+00  2.997223E+00 -2.023493E+00
  3.302806E+00  2.985024E+00 -2.027748E+00
  3.306113E+00  2.982235E+00 -2.028952E+00
  3.312269E+00  2.967247E+00 -2.031192E+00
  3.316890E+00  2.958474E+00 -2.032874E+00
  3.320184E+00  2.952259E+00 -2.034073E+00
  3.330974E+00  2.943957E+00 -2.038000E+00
  3.336856E+00  2.937271E+00 -2.040141E+00
  3.341250E+00  2.922283E+00 -2.041741E+00
  3.345058E+00  2.919682E+00 -2.043127E+00
  3.357438E+00  2.907295E+00 -2.047633E+00
  3.359142E+00  2.903742E+00 -2.048253E+00
  3.367714E+00  2.892307E+00 -2.051373E+00
  3.373226E+00  2.888576E+00 -2.053379E+00
  3.386368E+00  2.877319E+00 -2.058162E+00
  3.387310E+00  2.875965E+00 -2.058505E+00
  3.401394E+00  2.865497E+00 -2.063631E+00
  3.406116E+00  2.862331E+00 -2.065350E+00
  3.415478E+00  2.849077E+00 -2.068757E+00
  3.417362E+00  2.847343E+00 -2.069443E+00
  3.429562E+00  2.842398E+00 -2.073884E+00
  3.432041E+00  2.847343E+00 -2.074786E+00
  3.443646E+00  2.861596E+00 -2.079010E+00
  3.443990E+00  2.862331E+00 -2.079135E+00
  3.443646E+00  2.862892E+00 -2.079010E+00
Theta(deg) =   0.000000 , Phi(deg) =  22.500000 , Number of orbits =    10 , (a.u.^-1) units
Slice   =    131 , Freq(kT, average of all copies)              =   0.2925
Orbit # =      0 , Freq(kT, this largest copy used for outline) =   0.2965
Points  =     33
  kx            ky            kz
  4.147031E+00  3.314976E+00 -7.916962E-01
  4.145486E+00  3.314547E+00 -7.910560E-01
  4.133184E+00  3.311548E+00 -7.859605E-01
  4.119337E+00  3.310664E+00 -7.802249E-01
  4.105490E+00  3.303673E+00 -7.744892E-01
  4.102095E+00  3.299559E+00 -7.730828E-01
  4.095366E+00  3.284571E+00 -7.702956E-01
  4.091643E+00  3.277609E+00 -7.687536E-01
  4.087965E+00  3.269583E+00 -7.672302E-01
  4.077796E+00  3.258242E+00 -7.630180E-01
  4.073864E+00  3.254595E+00 -7.613892E-01
  4.063949E+00  3.240951E+00 -7.572823E-01
  4.063257E+00  3.239608E+00 -7.569957E-01
  4.063460E+00  3.224620E+00 -7.570798E-01
  4.062357E+00  3.209632E+00 -7.566230E-01
  4.063949E+00  3.203509E+00 -7.572823E-01
  4.069428E+00  3.194644E+00 -7.595519E-01
  4.077796E+00  3.188428E+00 -7.630180E-01
  4.091643E+00  3.190612E+00 -7.687536E-01
  4.105490E+00  3.194030E+00 -7.744892E-01
  4.106476E+00  3.194644E+00 -7.748977E-01
  4.119337E+00  3.207078E+00 -7.802249E-01
  4.120667E+00  3.209632E+00 -7.807757E-01
  4.124781E+00  3.224620E+00 -7.824798E-01
  4.133184E+00  3.236548E+00 -7.859605E-01
  4.137823E+00  3.239608E+00 -7.878818E-01
  4.147031E+00  3.247291E+00 -7.916962E-01
  4.151311E+00  3.254595E+00 -7.934687E-01
  4.155404E+00  3.269583E+00 -7.951640E-01
  4.155417E+00  3.284571E+00 -7.951695E-01
  4.154374E+00  3.299559E+00 -7.947377E-01
  4.147459E+00  3.314547E+00 -7.918733E-01
  4.147031E+00  3.314976E+00 -7.916962E-01
Slice   =    159 , Freq(kT, average of all copies)              =   0.2925
Orbit # =      0 , Freq(kT, this largest copy used for outline) =   0.2976
Points  =     33
  kx            ky            kz
  2.410581E+00  1.356325E+00  1.486414E+00
  2.396734E+00  1.352550E+00  1.492149E+00
  2.388521E+00  1.349652E+00  1.495551E+00
  2.382887E+00  1.348142E+00  1.497885E+00
  2.369040E+00  1.341628E+00  1.503621E+00
  2.362919E+00  1.334664E+00  1.506156E+00
  2.357756E+00  1.319676E+00  1.508295E+00
  2.355193E+00  1.315419E+00  1.509356E+00
  2.349515E+00  1.304689E+00  1.511708E+00
  2.341346E+00  1.296341E+00  1.515092E+00
  2.333764E+00  1.289701E+00  1.518233E+00
  2.327499E+00  1.276117E+00  1.520828E+00
  2.327003E+00  1.274713E+00  1.521033E+00
  2.327177E+00  1.259725E+00  1.520961E+00
  2.327499E+00  1.249439E+00  1.520828E+00
  2.327906E+00  1.244737E+00  1.520659E+00
  2.339741E+00  1.229749E+00  1.515757E+00
  2.341346E+00  1.228824E+00  1.515092E+00
  2.355193E+00  1.229485E+00  1.509356E+00
  2.356736E+00  1.229749E+00  1.508717E+00
  2.369040E+00  1.232331E+00  1.503621E+00
  2.382887E+00  1.244148E+00  1.497885E+00
  2.383257E+00  1.244737E+00  1.497732E+00
  2.386684E+00  1.259725E+00  1.496312E+00
  2.396734E+00  1.274256E+00  1.492149E+00
  2.397218E+00  1.274713E+00  1.491949E+00
  2.410581E+00  1.285403E+00  1.486414E+00
  2.413553E+00  1.289701E+00  1.485183E+00
  2.418248E+00  1.304689E+00  1.483238E+00
  2.419511E+00  1.319676E+00  1.482715E+00
  2.419405E+00  1.334664E+00  1.482759E+00
  2.417526E+00  1.349652E+00  1.483537E+00
  2.410581E+00  1.356325E+00  1.486414E+00
Slice   =    154 , Freq(kT, average of all copies)              =   0.2946
Orbit # =      0 , Freq(kT, this largest copy used for outline) =   0.2966
Points  =     31
  kx            ky            kz
  4.417422E+00  3.575986E+00 -5.305701E-01
  4.403575E+00  3.582772E+00 -5.248344E-01
  4.389728E+00  3.578437E+00 -5.190988E-01
  4.375881E+00  3.570850E+00 -5.133632E-01
  4.374321E+00  3.569343E+00 -5.127170E-01
  4.362034E+00  3.557757E+00 -5.076275E-01
  4.359987E+00  3.554355E+00 -5.067798E-01
  4.356011E+00  3.539367E+00 -5.051330E-01
  4.348186E+00  3.525729E+00 -5.018919E-01
  4.346486E+00  3.524379E+00 -5.011874E-01
  4.334339E+00  3.516236E+00 -4.961562E-01
  4.328732E+00  3.509391E+00 -4.938337E-01
  4.328334E+00  3.494403E+00 -4.936686E-01
  4.330023E+00  3.479415E+00 -4.943684E-01
  4.334339E+00  3.465228E+00 -4.961562E-01
  4.335052E+00  3.464427E+00 -4.964515E-01
  4.348186E+00  3.457439E+00 -5.018919E-01
  4.362034E+00  3.457156E+00 -5.076275E-01
  4.375881E+00  3.458288E+00 -5.133632E-01
  4.380128E+00  3.464427E+00 -5.151225E-01
  4.385799E+00  3.479415E+00 -5.174715E-01
  4.389728E+00  3.486914E+00 -5.190988E-01
  4.393594E+00  3.494403E+00 -5.207004E-01
  4.403575E+00  3.504433E+00 -5.248344E-01
  4.408389E+00  3.509391E+00 -5.268284E-01
  4.416722E+00  3.524379E+00 -5.302801E-01
  4.417422E+00  3.527235E+00 -5.305701E-01
  4.419997E+00  3.539367E+00 -5.316369E-01
  4.422643E+00  3.554355E+00 -5.327328E-01
  4.422832E+00  3.569343E+00 -5.328112E-01
  4.417422E+00  3.575986E+00 -5.305701E-01
Slice   =     53 , Freq(kT, average of all copies)              =   0.3198
Orbit # =      0 , Freq(kT, this largest copy used for outline) =   0.3243
Points  =     35
  kx            ky            kz
  3.581405E+00  3.986847E+00 -2.952592E+00
  3.580891E+00  3.987901E+00 -2.952380E+00
  3.567558E+00  3.993385E+00 -2.946857E+00
  3.558108E+00  4.002889E+00 -2.942942E+00
  3.553711E+00  4.007095E+00 -2.941121E+00
  3.546709E+00  4.002889E+00 -2.938221E+00
  3.539863E+00  3.999193E+00 -2.935385E+00
  3.531879E+00  3.987901E+00 -2.932078E+00
  3.526016E+00  3.983263E+00 -2.929650E+00
  3.513258E+00  3.972913E+00 -2.924365E+00
  3.512169E+00  3.972031E+00 -2.923914E+00
  3.498322E+00  3.959258E+00 -2.918179E+00
  3.497105E+00  3.957925E+00 -2.917674E+00
  3.493610E+00  3.942937E+00 -2.916227E+00
  3.486048E+00  3.927949E+00 -2.913094E+00
  3.484475E+00  3.925627E+00 -2.912443E+00
  3.471055E+00  3.912961E+00 -2.906884E+00
  3.478687E+00  3.897973E+00 -2.910045E+00
  3.484475E+00  3.890719E+00 -2.912443E+00
  3.498322E+00  3.883514E+00 -2.918179E+00
  3.499102E+00  3.882985E+00 -2.918501E+00
  3.512169E+00  3.873720E+00 -2.923914E+00
  3.526016E+00  3.877504E+00 -2.929650E+00
  3.530138E+00  3.882985E+00 -2.931357E+00
  3.539698E+00  3.897973E+00 -2.935317E+00
  3.539863E+00  3.898111E+00 -2.935385E+00
  3.553711E+00  3.905271E+00 -2.941121E+00
  3.558037E+00  3.912961E+00 -2.942913E+00
  3.563495E+00  3.927949E+00 -2.945174E+00
  3.566402E+00  3.942937E+00 -2.946378E+00
  3.567558E+00  3.946448E+00 -2.946857E+00
  3.576956E+00  3.957925E+00 -2.950750E+00
  3.581405E+00  3.968081E+00 -2.952592E+00
  3.582911E+00  3.972913E+00 -2.953216E+00
  3.581405E+00  3.986847E+00 -2.952592E+00
Slice   =     98 , Freq(kT, average of all copies)              =   0.3223
Orbit # =      0 , Freq(kT, this largest copy used for outline) =   0.3264
Points  =     33
  kx            ky            kz
  2.739213E+00  2.198230E+00 -4.677605E-01
  2.725366E+00  2.203776E+00 -4.620249E-01
  2.724907E+00  2.203966E+00 -4.618345E-01
  2.711519E+00  2.207192E+00 -4.562892E-01
  2.700692E+00  2.203966E+00 -4.518046E-01
  2.697672E+00  2.203024E+00 -4.505536E-01
  2.685105E+00  2.188978E+00 -4.453480E-01
  2.683825E+00  2.186280E+00 -4.448180E-01
  2.680026E+00  2.173990E+00 -4.432444E-01
  2.669978E+00  2.162661E+00 -4.390823E-01
  2.667285E+00  2.159002E+00 -4.379667E-01
  2.656131E+00  2.147809E+00 -4.333467E-01
  2.653705E+00  2.144014E+00 -4.323420E-01
  2.652928E+00  2.129026E+00 -4.320198E-01
  2.649021E+00  2.114038E+00 -4.304014E-01
  2.643211E+00  2.099050E+00 -4.279950E-01
  2.654039E+00  2.084062E+00 -4.324802E-01
  2.656131E+00  2.082103E+00 -4.333467E-01
  2.669978E+00  2.076155E+00 -4.390823E-01
  2.683825E+00  2.083424E+00 -4.448180E-01
  2.684556E+00  2.084062E+00 -4.451207E-01
  2.697672E+00  2.092125E+00 -4.505536E-01
  2.708125E+00  2.099050E+00 -4.548833E-01
  2.711519E+00  2.102255E+00 -4.562892E-01
  2.716987E+00  2.114038E+00 -4.585540E-01
  2.722865E+00  2.129026E+00 -4.609890E-01
  2.725366E+00  2.133736E+00 -4.620249E-01
  2.739213E+00  2.142705E+00 -4.677605E-01
  2.740151E+00  2.144014E+00 -4.681489E-01
  2.746344E+00  2.159002E+00 -4.707140E-01
  2.748677E+00  2.173990E+00 -4.716807E-01
  2.741530E+00  2.188978E+00 -4.687199E-01
  2.739213E+00  2.198230E+00 -4.677605E-01
Slice   =    213 , Freq(kT, average of all copies)              =   0.3956
Orbit # =      0 , Freq(kT, this largest copy used for outline) =   0.4091
Points  =     45
  kx            ky            kz
  6.731764E+00  5.056725E+00  4.223793E-01
  6.717917E+00  5.061516E+00  4.281150E-01
  6.706658E+00  5.067770E+00  4.327786E-01
  6.704070E+00  5.071091E+00  4.338506E-01
  6.690223E+00  5.078051E+00  4.395862E-01
  6.676376E+00  5.078685E+00  4.453219E-01
  6.670656E+00  5.082758E+00  4.476910E-01
  6.662529E+00  5.086223E+00  4.510575E-01
  6.653580E+00  5.082758E+00  4.547641E-01
  6.648682E+00  5.080793E+00  4.567932E-01
  6.634835E+00  5.079363E+00  4.625288E-01
  6.626733E+00  5.082758E+00  4.658847E-01
  6.620988E+00  5.084959E+00  4.682645E-01
  6.617504E+00  5.082758E+00  4.697073E-01
  6.607141E+00  5.075822E+00  4.740001E-01
  6.593293E+00  5.076579E+00  4.797357E-01
  6.579446E+00  5.071444E+00  4.854714E-01
  6.565599E+00  5.068674E+00  4.912070E-01
  6.551752E+00  5.068844E+00  4.969427E-01
  6.550344E+00  5.067770E+00  4.975259E-01
  6.537905E+00  5.054917E+00  5.026783E-01
  6.532770E+00  5.052782E+00  5.048053E-01
  6.537905E+00  5.049154E+00  5.026783E-01
  6.551044E+00  5.037794E+00  4.972359E-01
  6.551752E+00  5.037104E+00  4.969427E-01
  6.565599E+00  5.028607E+00  4.912070E-01
  6.579446E+00  5.024785E+00  4.854714E-01
  6.583245E+00  5.022806E+00  4.838978E-01
  6.593293E+00  5.017671E+00  4.797357E-01
  6.607141E+00  5.013967E+00  4.740001E-01
  6.620988E+00  5.015590E+00  4.682645E-01
  6.631866E+00  5.007818E+00  4.637586E-01
  6.634835E+00  5.006146E+00  4.625288E-01
  6.637881E+00  5.007818E+00  4.612668E-01
  6.648682E+00  5.015397E+00  4.567932E-01
  6.662529E+00  5.014747E+00  4.510575E-01
  6.676376E+00  5.020196E+00  4.453219E-01
  6.690223E+00  5.022289E+00  4.395862E-01
  6.704070E+00  5.022239E+00  4.338506E-01
  6.705114E+00  5.022806E+00  4.334182E-01
  6.717917E+00  5.036300E+00  4.281150E-01
  6.731764E+00  5.032328E+00  4.223793E-01
  6.736325E+00  5.037794E+00  4.204903E-01
  6.735566E+00  5.052782E+00  4.208046E-01
  6.731764E+00  5.056725E+00  4.223793E-01
Slice   =    230 , Freq(kT, average of all copies)              =   0.4348
Orbit # =      0 , Freq(kT, this largest copy used for outline) =   0.4441
Points  =     47
  kx            ky            kz
  7.465142E+00  5.145912E+00 -4.844548E-01
  7.451295E+00  5.151989E+00 -4.787192E-01
  7.442560E+00  5.159170E+00 -4.751013E-01
  7.437448E+00  5.163459E+00 -4.729836E-01
  7.423601E+00  5.167226E+00 -4.672479E-01
  7.409754E+00  5.165726E+00 -4.615123E-01
  7.395907E+00  5.164528E+00 -4.557766E-01
  7.382060E+00  5.161606E+00 -4.500410E-01
  7.378619E+00  5.159170E+00 -4.486159E-01
  7.368213E+00  5.153184E+00 -4.443053E-01
  7.354365E+00  5.148977E+00 -4.385697E-01
  7.348081E+00  5.144182E+00 -4.359664E-01
  7.340518E+00  5.139640E+00 -4.328341E-01
  7.328362E+00  5.144182E+00 -4.277987E-01
  7.326671E+00  5.144608E+00 -4.270984E-01
  7.325933E+00  5.144182E+00 -4.267925E-01
  7.312824E+00  5.130240E+00 -4.213628E-01
  7.298977E+00  5.129919E+00 -4.156271E-01
  7.297701E+00  5.129194E+00 -4.150984E-01
  7.285130E+00  5.115145E+00 -4.098915E-01
  7.283313E+00  5.114207E+00 -4.091387E-01
  7.285130E+00  5.111688E+00 -4.098915E-01
  7.295173E+00  5.099219E+00 -4.140513E-01
  7.298977E+00  5.096019E+00 -4.156271E-01
  7.312824E+00  5.096026E+00 -4.213628E-01
  7.326671E+00  5.087444E+00 -4.270984E-01
  7.340518E+00  5.086981E+00 -4.328341E-01
  7.354365E+00  5.087544E+00 -4.385697E-01
  7.358845E+00  5.084231E+00 -4.404252E-01
  7.368213E+00  5.080149E+00 -4.443053E-01
  7.374141E+00  5.084231E+00 -4.467611E-01
  7.382060E+00  5.090146E+00 -4.500410E-01
  7.395792E+00  5.084231E+00 -4.557290E-01
  7.395907E+00  5.084180E+00 -4.557766E-01
  7.396166E+00  5.084231E+00 -4.558840E-01
  7.409754E+00  5.087872E+00 -4.615123E-01
  7.423601E+00  5.091589E+00 -4.672479E-01
  7.437448E+00  5.090876E+00 -4.729836E-01
  7.448821E+00  5.099219E+00 -4.776943E-01
  7.451295E+00  5.101550E+00 -4.787192E-01
  7.458903E+00  5.099219E+00 -4.818707E-01
  7.465142E+00  5.097783E+00 -4.844548E-01
  7.467379E+00  5.099219E+00 -4.853813E-01
  7.475155E+00  5.114207E+00 -4.886025E-01
  7.475171E+00  5.129194E+00 -4.886089E-01
  7.466212E+00  5.144182E+00 -4.848981E-01
  7.465142E+00  5.145912E+00 -4.844548E-01
Slice   =     29 , Freq(kT, average of all copies)              =   0.4369
Orbit # =      0 , Freq(kT, this largest copy used for outline) =   0.4466
Points  =     51
  kx            ky            kz
  1.191962E+00  2.103357E+00 -1.875482E+00
  1.178114E+00  2.102826E+00 -1.869747E+00
  1.165672E+00  2.114774E+00 -1.864593E+00
  1.164267E+00  2.115506E+00 -1.864011E+00
  1.159118E+00  2.114774E+00 -1.861878E+00
  1.150420E+00  2.112380E+00 -1.858275E+00
  1.136573E+00  2.110555E+00 -1.852540E+00
  1.130683E+00  2.114774E+00 -1.850100E+00
  1.122726E+00  2.118404E+00 -1.846804E+00
  1.108879E+00  2.114993E+00 -1.841068E+00
  1.108262E+00  2.114774E+00 -1.840813E+00
  1.095032E+00  2.111041E+00 -1.835333E+00
  1.083223E+00  2.114774E+00 -1.830441E+00
  1.081185E+00  2.115497E+00 -1.829597E+00
  1.079470E+00  2.114774E+00 -1.828887E+00
  1.067338E+00  2.108407E+00 -1.823862E+00
  1.053491E+00  2.108921E+00 -1.818126E+00
  1.039644E+00  2.102367E+00 -1.812390E+00
  1.033258E+00  2.099787E+00 -1.809745E+00
  1.025797E+00  2.096061E+00 -1.806655E+00
  1.013459E+00  2.099787E+00 -1.801544E+00
  1.011950E+00  2.100060E+00 -1.800919E+00
  1.011649E+00  2.099787E+00 -1.800794E+00
  1.011950E+00  2.089702E+00 -1.800919E+00
  1.012217E+00  2.084799E+00 -1.801030E+00
  1.011950E+00  2.081981E+00 -1.800919E+00
  1.011047E+00  2.069811E+00 -1.800545E+00
  1.011950E+00  2.068693E+00 -1.800919E+00
  1.024185E+00  2.054823E+00 -1.805987E+00
  1.025797E+00  2.053386E+00 -1.806655E+00
  1.039644E+00  2.045371E+00 -1.812390E+00
  1.045693E+00  2.039835E+00 -1.814896E+00
  1.053491E+00  2.035467E+00 -1.818126E+00
  1.067338E+00  2.030895E+00 -1.823862E+00
  1.081185E+00  2.036277E+00 -1.829597E+00
  1.095032E+00  2.031526E+00 -1.835333E+00
  1.103772E+00  2.039835E+00 -1.838953E+00
  1.108879E+00  2.044927E+00 -1.841068E+00
  1.122726E+00  2.044826E+00 -1.846804E+00
  1.135965E+00  2.054823E+00 -1.852288E+00
  1.136573E+00  2.055412E+00 -1.852540E+00
  1.150420E+00  2.057681E+00 -1.858275E+00
  1.164267E+00  2.061401E+00 -1.864011E+00
  1.175708E+00  2.069811E+00 -1.868750E+00
  1.178114E+00  2.072763E+00 -1.869747E+00
  1.181464E+00  2.069811E+00 -1.871134E+00
  1.191962E+00  2.066541E+00 -1.875482E+00
  1.194773E+00  2.069811E+00 -1.876647E+00
  1.198385E+00  2.084799E+00 -1.878143E+00
  1.196167E+00  2.099787E+00 -1.877224E+00
  1.191962E+00  2.103357E+00 -1.875482E+00
Slice   =     19 , Freq(kT, average of all copies)              =   0.7242
Orbit # =      0 , Freq(kT, this largest copy used for outline) =   0.7242
Points  =     63
  kx            ky            kz
  2.721734E+00  3.733086E+00 -3.424234E+00
  2.719134E+00  3.747357E+00 -3.423157E+00
  2.712212E+00  3.762345E+00 -3.420290E+00
  2.711871E+00  3.777333E+00 -3.420149E+00
  2.707887E+00  3.782930E+00 -3.418498E+00
  2.696435E+00  3.792321E+00 -3.413755E+00
  2.697102E+00  3.807309E+00 -3.414031E+00
  2.694040E+00  3.810802E+00 -3.412763E+00
  2.680192E+00  3.819154E+00 -3.407027E+00
  2.678155E+00  3.822297E+00 -3.406183E+00
  2.666345E+00  3.832648E+00 -3.401291E+00
  2.659080E+00  3.837285E+00 -3.398282E+00
  2.652498E+00  3.851380E+00 -3.395556E+00
  2.651680E+00  3.852273E+00 -3.395217E+00
  2.638651E+00  3.860713E+00 -3.389820E+00
  2.629096E+00  3.867261E+00 -3.385862E+00
  2.624804E+00  3.871938E+00 -3.384085E+00
  2.618880E+00  3.882249E+00 -3.381631E+00
  2.610957E+00  3.889410E+00 -3.378349E+00
  2.597110E+00  3.895212E+00 -3.372613E+00
  2.595251E+00  3.897237E+00 -3.371843E+00
  2.584958E+00  3.912225E+00 -3.367580E+00
  2.583263E+00  3.914301E+00 -3.366878E+00
  2.569416E+00  3.918441E+00 -3.361142E+00
  2.555569E+00  3.912319E+00 -3.355406E+00
  2.555533E+00  3.912225E+00 -3.355392E+00
  2.555569E+00  3.912026E+00 -3.355406E+00
  2.560673E+00  3.897237E+00 -3.357520E+00
  2.568774E+00  3.882249E+00 -3.360876E+00
  2.562015E+00  3.867261E+00 -3.358076E+00
  2.569416E+00  3.860962E+00 -3.361142E+00
  2.579124E+00  3.852273E+00 -3.365163E+00
  2.575302E+00  3.837285E+00 -3.363580E+00
  2.583263E+00  3.830202E+00 -3.366878E+00
  2.592242E+00  3.822297E+00 -3.370597E+00
  2.595642E+00  3.807309E+00 -3.372005E+00
  2.597110E+00  3.804448E+00 -3.372613E+00
  2.602608E+00  3.792321E+00 -3.374891E+00
  2.610957E+00  3.784262E+00 -3.378349E+00
  2.616487E+00  3.777333E+00 -3.380639E+00
  2.613470E+00  3.762345E+00 -3.379390E+00
  2.624804E+00  3.755045E+00 -3.384085E+00
  2.633111E+00  3.747357E+00 -3.387525E+00
  2.633741E+00  3.732369E+00 -3.387786E+00
  2.638651E+00  3.727980E+00 -3.389820E+00
  2.652498E+00  3.718407E+00 -3.395556E+00
  2.653822E+00  3.717381E+00 -3.396104E+00
  2.662277E+00  3.702393E+00 -3.399606E+00
  2.666345E+00  3.696661E+00 -3.401291E+00
  2.680192E+00  3.689856E+00 -3.407027E+00
  2.683437E+00  3.687405E+00 -3.408371E+00
  2.694040E+00  3.675618E+00 -3.412763E+00
  2.699773E+00  3.672417E+00 -3.415138E+00
  2.707887E+00  3.663650E+00 -3.418498E+00
  2.718523E+00  3.657429E+00 -3.422904E+00
  2.721734E+00  3.656592E+00 -3.424234E+00
  2.723002E+00  3.657429E+00 -3.424760E+00
  2.725418E+00  3.672417E+00 -3.425760E+00
  2.728056E+00  3.687405E+00 -3.426853E+00
  2.729151E+00  3.702393E+00 -3.427306E+00
  2.723261E+00  3.717381E+00 -3.424867E+00
  2.722003E+00  3.732369E+00 -3.424346E+00
  2.721734E+00  3.733086E+00 -3.424234E+00
Slice   =    157 , Freq(kT, average of all copies)              =   0.7454
Orbit # =      0 , Freq(kT, this largest copy used for outline) =   0.7583
Points  =     75
  kx            ky            kz
  5.149392E+00  4.230256E+00 -7.095076E-01
  5.135545E+00  4.239544E+00 -7.037720E-01
  5.134786E+00  4.242696E+00 -7.034576E-01
  5.135545E+00  4.243594E+00 -7.037720E-01
  5.142661E+00  4.257684E+00 -7.067196E-01
  5.135545E+00  4.264040E+00 -7.037720E-01
  5.129375E+00  4.272672E+00 -7.012164E-01
  5.135545E+00  4.283081E+00 -7.037720E-01
  5.137719E+00  4.287660E+00 -7.046723E-01
  5.135545E+00  4.291411E+00 -7.037720E-01
  5.124861E+00  4.302648E+00 -6.993466E-01
  5.122860E+00  4.317636E+00 -6.985177E-01
  5.121698E+00  4.319995E+00 -6.980363E-01
  5.116654E+00  4.332624E+00 -6.959471E-01
  5.107851E+00  4.342701E+00 -6.923007E-01
  5.101349E+00  4.347612E+00 -6.896075E-01
  5.099776E+00  4.362600E+00 -6.889561E-01
  5.094004E+00  4.368040E+00 -6.865651E-01
  5.082469E+00  4.377588E+00 -6.817870E-01
  5.080157E+00  4.382088E+00 -6.808294E-01
  5.070884E+00  4.392576E+00 -6.769886E-01
  5.067556E+00  4.407564E+00 -6.756099E-01
  5.066310E+00  4.408912E+00 -6.750938E-01
  5.052463E+00  4.419973E+00 -6.693581E-01
  5.049689E+00  4.422551E+00 -6.682094E-01
  5.038616E+00  4.437519E+00 -6.636225E-01
  5.038598E+00  4.437539E+00 -6.636150E-01
  5.024769E+00  4.451656E+00 -6.578868E-01
  5.022858E+00  4.452527E+00 -6.570956E-01
  5.010921E+00  4.463069E+00 -6.521512E-01
  5.007884E+00  4.467515E+00 -6.508928E-01
  4.997074E+00  4.474733E+00 -6.464156E-01
  4.986847E+00  4.482503E+00 -6.421794E-01
  4.983227E+00  4.486884E+00 -6.406799E-01
  4.969380E+00  4.495017E+00 -6.349443E-01
  4.968700E+00  4.497491E+00 -6.346624E-01
  4.955533E+00  4.501490E+00 -6.292086E-01
  4.952939E+00  4.497491E+00 -6.281342E-01
  4.955533E+00  4.492298E+00 -6.292086E-01
  4.967695E+00  4.482503E+00 -6.342460E-01
  4.967269E+00  4.467515E+00 -6.340696E-01
  4.961875E+00  4.452527E+00 -6.318354E-01
  4.969380E+00  4.445492E+00 -6.349443E-01
  4.976081E+00  4.437539E+00 -6.377199E-01
  4.969380E+00  4.427771E+00 -6.349443E-01
  4.967244E+00  4.422551E+00 -6.340593E-01
  4.969380E+00  4.419134E+00 -6.349443E-01
  4.982748E+00  4.407564E+00 -6.404815E-01
  4.981525E+00  4.392576E+00 -6.399750E-01
  4.983227E+00  4.390507E+00 -6.406799E-01
  4.993819E+00  4.377588E+00 -6.450671E-01
  4.997074E+00  4.371298E+00 -6.464156E-01
  5.006099E+00  4.362600E+00 -6.501539E-01
  5.007360E+00  4.347612E+00 -6.506761E-01
  5.010921E+00  4.344792E+00 -6.521512E-01
  5.024769E+00  4.334694E+00 -6.578868E-01
  5.026580E+00  4.332624E+00 -6.586372E-01
  5.025666E+00  4.317636E+00 -6.582584E-01
  5.038616E+00  4.308228E+00 -6.636225E-01
  5.046082E+00  4.302648E+00 -6.667152E-01
  5.052463E+00  4.290236E+00 -6.693581E-01
  5.053434E+00  4.287660E+00 -6.697605E-01
  5.066310E+00  4.274554E+00 -6.750938E-01
  5.069645E+00  4.272672E+00 -6.764753E-01
  5.080157E+00  4.263269E+00 -6.808294E-01
  5.085382E+00  4.257684E+00 -6.829938E-01
  5.094004E+00  4.247958E+00 -6.865651E-01
  5.099150E+00  4.242696E+00 -6.886965E-01
  5.107851E+00  4.237582E+00 -6.923007E-01
  5.121698E+00  4.231504E+00 -6.980363E-01
  5.130132E+00  4.227708E+00 -7.015298E-01
  5.135545E+00  4.221572E+00 -7.037720E-01
  5.149392E+00  4.224027E+00 -7.095076E-01
  5.151012E+00  4.227708E+00 -7.101787E-01
  5.149392E+00  4.230256E+00 -7.095076E-01
Theta(deg) =   0.000000 , Phi(deg) =  25.000000 , Number of orbits =    11 , (a.u.^-1) units
Slice   =    222 , Freq(kT, average of all copies)              =   0.2896
Orbit # =      0 , Freq(kT, this largest copy used for outline) =   0.2939
Points  =     29
  kx            ky            kz
  6.557862E+00  4.707425E+00 -1.265470E-01
  6.544278E+00  4.705905E+00 -1.202128E-01
  6.530695E+00  4.706570E+00 -1.138787E-01
  6.517111E+00  4.696633E+00 -1.075445E-01
  6.515916E+00  4.694912E+00 -1.069871E-01
  6.510523E+00  4.679924E+00 -1.044726E-01
  6.503835E+00  4.664936E+00 -1.013540E-01
  6.503527E+00  4.664629E+00 -1.012103E-01
  6.489943E+00  4.652925E+00 -9.487610E-02
  6.487525E+00  4.649948E+00 -9.374834E-02
  6.480994E+00  4.634960E+00 -9.070288E-02
  6.480128E+00  4.619972E+00 -9.029909E-02
  6.477872E+00  4.604984E+00 -8.924721E-02
  6.483723E+00  4.589996E+00 -9.197537E-02
  6.489943E+00  4.585043E+00 -9.487610E-02
  6.503527E+00  4.584348E+00 -1.012103E-01
  6.517111E+00  4.588986E+00 -1.075445E-01
  6.521960E+00  4.589996E+00 -1.098058E-01
  6.530695E+00  4.592585E+00 -1.138787E-01
  6.536498E+00  4.604984E+00 -1.165847E-01
  6.539553E+00  4.619972E+00 -1.180094E-01
  6.544278E+00  4.628199E+00 -1.202128E-01
  6.552906E+00  4.634960E+00 -1.242363E-01
  6.557862E+00  4.640180E+00 -1.265470E-01
  6.564093E+00  4.649948E+00 -1.294528E-01
  6.568660E+00  4.664936E+00 -1.315822E-01
  6.567904E+00  4.679924E+00 -1.312296E-01
  6.566014E+00  4.694912E+00 -1.303482E-01
  6.557862E+00  4.707425E+00 -1.265470E-01
Slice   =     61 , Freq(kT, average of all copies)              =   0.2928
Orbit # =      0 , Freq(kT, this largest copy used for outline) =   0.2943
Points  =     31
  kx            ky            kz
  3.559261E+00  3.999610E+00 -2.960840E+00
  3.545678E+00  4.002194E+00 -2.954506E+00
  3.532094E+00  3.997861E+00 -2.948172E+00
  3.518510E+00  3.990625E+00 -2.941838E+00
  3.516004E+00  3.987901E+00 -2.940669E+00
  3.505477E+00  3.972913E+00 -2.935760E+00
  3.504927E+00  3.971842E+00 -2.935503E+00
  3.500179E+00  3.957925E+00 -2.933290E+00
  3.491343E+00  3.945353E+00 -2.929169E+00
  3.488257E+00  3.942937E+00 -2.927730E+00
  3.477759E+00  3.932383E+00 -2.922835E+00
  3.475155E+00  3.927949E+00 -2.921621E+00
  3.475717E+00  3.912961E+00 -2.921883E+00
  3.476666E+00  3.897973E+00 -2.922325E+00
  3.477759E+00  3.893846E+00 -2.922835E+00
  3.485295E+00  3.882985E+00 -2.926349E+00
  3.491343E+00  3.878914E+00 -2.929169E+00
  3.504927E+00  3.878593E+00 -2.935503E+00
  3.518510E+00  3.879350E+00 -2.941838E+00
  3.521907E+00  3.882985E+00 -2.943421E+00
  3.530422E+00  3.897973E+00 -2.947392E+00
  3.532094E+00  3.900804E+00 -2.948172E+00
  3.536727E+00  3.912961E+00 -2.950332E+00
  3.545678E+00  3.922943E+00 -2.954506E+00
  3.551671E+00  3.927949E+00 -2.957301E+00
  3.559261E+00  3.938432E+00 -2.960840E+00
  3.561592E+00  3.942937E+00 -2.961927E+00
  3.564336E+00  3.957925E+00 -2.963206E+00
  3.566983E+00  3.972913E+00 -2.964441E+00
  3.567390E+00  3.987901E+00 -2.964631E+00
  3.559261E+00  3.999610E+00 -2.960840E+00
Slice   =    183 , Freq(kT, average of all copies)              =   0.3247
Orbit # =      0 , Freq(kT, this largest copy used for outline) =   0.3285
Points  =     33
  kx            ky            kz
  6.319989E+00  4.557629E+00 -1.951465E-01
  6.306405E+00  4.565248E+00 -1.888123E-01
  6.292822E+00  4.570484E+00 -1.824781E-01
  6.279238E+00  4.567401E+00 -1.761440E-01
  6.267045E+00  4.557443E+00 -1.704584E-01
  6.265654E+00  4.554513E+00 -1.698098E-01
  6.261792E+00  4.542455E+00 -1.680087E-01
  6.252070E+00  4.531187E+00 -1.634756E-01
  6.249631E+00  4.527467E+00 -1.623378E-01
  6.238487E+00  4.516296E+00 -1.571414E-01
  6.236027E+00  4.512479E+00 -1.559942E-01
  6.234531E+00  4.497491E+00 -1.552970E-01
  6.230363E+00  4.482503E+00 -1.533533E-01
  6.224903E+00  4.471115E+00 -1.508072E-01
  6.220813E+00  4.467515E+00 -1.488998E-01
  6.224903E+00  4.462649E+00 -1.508072E-01
  6.232519E+00  4.452527E+00 -1.543586E-01
  6.238487E+00  4.447655E+00 -1.571414E-01
  6.252070E+00  4.440378E+00 -1.634756E-01
  6.265654E+00  4.447804E+00 -1.698098E-01
  6.271304E+00  4.452527E+00 -1.724442E-01
  6.279238E+00  4.458179E+00 -1.761440E-01
  6.291946E+00  4.467515E+00 -1.820701E-01
  6.292822E+00  4.468539E+00 -1.824781E-01
  6.298847E+00  4.482503E+00 -1.852877E-01
  6.305148E+00  4.497491E+00 -1.882259E-01
  6.306405E+00  4.500011E+00 -1.888123E-01
  6.319989E+00  4.508891E+00 -1.951465E-01
  6.322241E+00  4.512479E+00 -1.961966E-01
  6.327320E+00  4.527467E+00 -1.985649E-01
  6.327667E+00  4.542455E+00 -1.987270E-01
  6.320065E+00  4.557443E+00 -1.951818E-01
  6.319989E+00  4.557629E+00 -1.951465E-01
Slice   =    216 , Freq(kT, average of all copies)              =   0.3249
Orbit # =      0 , Freq(kT, this largest copy used for outline) =   0.3313
Points  =     35
  kx            ky            kz
  5.991671E+00  4.118390E+00  7.167416E-01
  5.984348E+00  4.123161E+00  7.201567E-01
  5.978088E+00  4.126028E+00  7.230758E-01
  5.967575E+00  4.138148E+00  7.279780E-01
  5.964504E+00  4.140567E+00  7.294100E-01
  5.959728E+00  4.138148E+00  7.316369E-01
  5.950920E+00  4.132386E+00  7.357442E-01
  5.945453E+00  4.123161E+00  7.382936E-01
  5.937337E+00  4.115189E+00  7.420783E-01
  5.929463E+00  4.108173E+00  7.457499E-01
  5.923753E+00  4.104496E+00  7.484125E-01
  5.911449E+00  4.093185E+00  7.541498E-01
  5.910169E+00  4.088040E+00  7.547467E-01
  5.907394E+00  4.078197E+00  7.560410E-01
  5.900000E+00  4.063209E+00  7.594888E-01
  5.896585E+00  4.059085E+00  7.610809E-01
  5.885665E+00  4.048221E+00  7.661732E-01
  5.888458E+00  4.033233E+00  7.648709E-01
  5.896585E+00  4.022678E+00  7.610809E-01
  5.903945E+00  4.018245E+00  7.576491E-01
  5.910169E+00  4.014182E+00  7.547467E-01
  5.923753E+00  4.006338E+00  7.484125E-01
  5.937337E+00  4.009666E+00  7.420783E-01
  5.943103E+00  4.018245E+00  7.393896E-01
  5.950920E+00  4.027505E+00  7.357442E-01
  5.959151E+00  4.033233E+00  7.319062E-01
  5.964504E+00  4.035653E+00  7.294100E-01
  5.970664E+00  4.048221E+00  7.265377E-01
  5.974850E+00  4.063209E+00  7.245855E-01
  5.978088E+00  4.074629E+00  7.230758E-01
  5.980221E+00  4.078197E+00  7.220810E-01
  5.991671E+00  4.092653E+00  7.167416E-01
  5.991979E+00  4.093185E+00  7.165983E-01
  5.995040E+00  4.108173E+00  7.151707E-01
  5.991671E+00  4.118390E+00  7.167416E-01
Slice   =     15 , Freq(kT, average of all copies)              =   0.3268
Orbit # =      0 , Freq(kT, this largest copy used for outline) =   0.3312
Points  =     35
  kx            ky            kz
  2.309449E+00  3.028856E+00 -3.201857E+00
  2.295865E+00  3.035438E+00 -3.195523E+00
  2.289619E+00  3.043291E+00 -3.192610E+00
  2.282281E+00  3.045173E+00 -3.189189E+00
  2.268698E+00  3.046300E+00 -3.182854E+00
  2.265281E+00  3.043291E+00 -3.181261E+00
  2.255114E+00  3.029025E+00 -3.176520E+00
  2.254704E+00  3.028303E+00 -3.176329E+00
  2.244340E+00  3.013315E+00 -3.171497E+00
  2.241530E+00  3.011355E+00 -3.170186E+00
  2.229751E+00  2.998328E+00 -3.164693E+00
  2.227946E+00  2.993995E+00 -3.163852E+00
  2.224180E+00  2.983340E+00 -3.162096E+00
  2.220702E+00  2.968352E+00 -3.160474E+00
  2.214363E+00  2.957456E+00 -3.157518E+00
  2.210358E+00  2.953364E+00 -3.155650E+00
  2.209756E+00  2.938376E+00 -3.155370E+00
  2.214363E+00  2.933601E+00 -3.157518E+00
  2.227250E+00  2.923388E+00 -3.163527E+00
  2.227946E+00  2.922819E+00 -3.163852E+00
  2.241530E+00  2.912503E+00 -3.170186E+00
  2.251417E+00  2.923388E+00 -3.174796E+00
  2.255114E+00  2.925984E+00 -3.176520E+00
  2.268698E+00  2.935812E+00 -3.182854E+00
  2.272218E+00  2.938376E+00 -3.184496E+00
  2.282281E+00  2.947577E+00 -3.189189E+00
  2.285920E+00  2.953364E+00 -3.190885E+00
  2.291209E+00  2.968352E+00 -3.193352E+00
  2.295865E+00  2.977604E+00 -3.195523E+00
  2.304109E+00  2.983340E+00 -3.199367E+00
  2.309449E+00  2.988177E+00 -3.201857E+00
  2.314065E+00  2.998328E+00 -3.204010E+00
  2.316924E+00  3.013315E+00 -3.205343E+00
  2.309880E+00  3.028303E+00 -3.202058E+00
  2.309449E+00  3.028856E+00 -3.201857E+00
Slice   =     79 , Freq(kT, average of all copies)              =   0.3653
Orbit # =      0 , Freq(kT, this largest copy used for outline) =   0.3752
Points  =     43
  kx            ky            kz
  4.286122E+00  4.498430E+00 -2.323614E+00
  4.272539E+00  4.505101E+00 -2.317280E+00
  4.269112E+00  4.512479E+00 -2.315682E+00
  4.258955E+00  4.520447E+00 -2.310946E+00
  4.249775E+00  4.527467E+00 -2.306665E+00
  4.245371E+00  4.529825E+00 -2.304612E+00
  4.231787E+00  4.532429E+00 -2.298277E+00
  4.218204E+00  4.535403E+00 -2.291943E+00
  4.204620E+00  4.534102E+00 -2.285609E+00
  4.191036E+00  4.533516E+00 -2.279275E+00
  4.177453E+00  4.533020E+00 -2.272941E+00
  4.168265E+00  4.527467E+00 -2.268656E+00
  4.163869E+00  4.525295E+00 -2.266607E+00
  4.150285E+00  4.526904E+00 -2.260272E+00
  4.136702E+00  4.524892E+00 -2.253938E+00
  4.123118E+00  4.516853E+00 -2.247604E+00
  4.109534E+00  4.513477E+00 -2.241270E+00
  4.108351E+00  4.512479E+00 -2.240718E+00
  4.095950E+00  4.498472E+00 -2.234936E+00
  4.093755E+00  4.497491E+00 -2.233912E+00
  4.095950E+00  4.495895E+00 -2.234936E+00
  4.109534E+00  4.486041E+00 -2.241270E+00
  4.111302E+00  4.482503E+00 -2.242094E+00
  4.123118E+00  4.476152E+00 -2.247604E+00
  4.136702E+00  4.472641E+00 -2.253938E+00
  4.149480E+00  4.467515E+00 -2.259897E+00
  4.150285E+00  4.467193E+00 -2.260272E+00
  4.163869E+00  4.465354E+00 -2.266607E+00
  4.177453E+00  4.464901E+00 -2.272941E+00
  4.191036E+00  4.460098E+00 -2.279275E+00
  4.198524E+00  4.467515E+00 -2.282767E+00
  4.204620E+00  4.472347E+00 -2.285609E+00
  4.216954E+00  4.467515E+00 -2.291361E+00
  4.218204E+00  4.466913E+00 -2.291943E+00
  4.219494E+00  4.467515E+00 -2.292545E+00
  4.231787E+00  4.476288E+00 -2.298277E+00
  4.245371E+00  4.478585E+00 -2.304612E+00
  4.256444E+00  4.482503E+00 -2.309775E+00
  4.258955E+00  4.485534E+00 -2.310946E+00
  4.272539E+00  4.496060E+00 -2.317280E+00
  4.286122E+00  4.497011E+00 -2.323614E+00
  4.286563E+00  4.497491E+00 -2.323819E+00
  4.286122E+00  4.498430E+00 -2.323614E+00
Slice   =    103 , Freq(kT, average of all copies)              =   0.3704
Orbit # =      0 , Freq(kT, this largest copy used for outline) =   0.3725
Points  =     37
  kx            ky            kz
  3.064610E+00  2.301663E+00 -1.207154E+00
  3.055374E+00  2.309250E+00 -1.202847E+00
  3.051026E+00  2.311991E+00 -1.200819E+00
  3.038451E+00  2.324238E+00 -1.194956E+00
  3.037443E+00  2.325268E+00 -1.194485E+00
  3.023859E+00  2.328134E+00 -1.188151E+00
  3.010275E+00  2.332540E+00 -1.181817E+00
  2.996691E+00  2.334696E+00 -1.175483E+00
  2.983108E+00  2.334279E+00 -1.169149E+00
  2.969524E+00  2.331819E+00 -1.162814E+00
  2.955940E+00  2.329194E+00 -1.156480E+00
  2.949670E+00  2.324238E+00 -1.153556E+00
  2.942357E+00  2.319565E+00 -1.150146E+00
  2.928773E+00  2.317505E+00 -1.143812E+00
  2.920336E+00  2.309250E+00 -1.139877E+00
  2.915189E+00  2.303930E+00 -1.137478E+00
  2.901606E+00  2.301843E+00 -1.131143E+00
  2.896977E+00  2.294262E+00 -1.128985E+00
  2.900842E+00  2.279274E+00 -1.130787E+00
  2.901606E+00  2.278771E+00 -1.131143E+00
  2.915189E+00  2.274055E+00 -1.137478E+00
  2.927213E+00  2.264286E+00 -1.143084E+00
  2.928773E+00  2.263685E+00 -1.143812E+00
  2.942357E+00  2.254681E+00 -1.150146E+00
  2.955940E+00  2.260153E+00 -1.156480E+00
  2.969524E+00  2.255912E+00 -1.162814E+00
  2.983108E+00  2.263252E+00 -1.169149E+00
  2.996691E+00  2.262595E+00 -1.175483E+00
  3.010275E+00  2.263277E+00 -1.181817E+00
  3.011549E+00  2.264286E+00 -1.182411E+00
  3.023859E+00  2.273838E+00 -1.188151E+00
  3.037443E+00  2.271513E+00 -1.194485E+00
  3.045888E+00  2.279274E+00 -1.198423E+00
  3.051026E+00  2.288864E+00 -1.200819E+00
  3.064610E+00  2.287494E+00 -1.207154E+00
  3.069224E+00  2.294262E+00 -1.209305E+00
  3.064610E+00  2.301663E+00 -1.207154E+00
Slice   =     89 , Freq(kT, average of all copies)              =   0.4225
Orbit # =      0 , Freq(kT, this largest copy used for outline) =   0.4351
Points  =     45
  kx            ky            kz
  4.599973E+00  4.176239E+00 -2.919991E+00
  4.591556E+00  4.183112E+00 -2.916066E+00
  4.586389E+00  4.186510E+00 -2.913656E+00
  4.572806E+00  4.193228E+00 -2.907322E+00
  4.564987E+00  4.198100E+00 -2.903676E+00
  4.559222E+00  4.201451E+00 -2.900988E+00
  4.545638E+00  4.198533E+00 -2.894654E+00
  4.544490E+00  4.198100E+00 -2.894118E+00
  4.532055E+00  4.193955E+00 -2.888320E+00
  4.518471E+00  4.187406E+00 -2.881986E+00
  4.512687E+00  4.183112E+00 -2.879289E+00
  4.504887E+00  4.179047E+00 -2.875651E+00
  4.491303E+00  4.176696E+00 -2.869317E+00
  4.481843E+00  4.168124E+00 -2.864906E+00
  4.477720E+00  4.165774E+00 -2.862983E+00
  4.471238E+00  4.168124E+00 -2.859960E+00
  4.464136E+00  4.169591E+00 -2.856649E+00
  4.462096E+00  4.168124E+00 -2.855698E+00
  4.450552E+00  4.154661E+00 -2.850315E+00
  4.436969E+00  4.153273E+00 -2.843980E+00
  4.436758E+00  4.153136E+00 -2.843882E+00
  4.423385E+00  4.138677E+00 -2.837646E+00
  4.422278E+00  4.138148E+00 -2.837130E+00
  4.423385E+00  4.136585E+00 -2.837646E+00
  4.435466E+00  4.123161E+00 -2.843280E+00
  4.436969E+00  4.122045E+00 -2.843980E+00
  4.450552E+00  4.121398E+00 -2.850315E+00
  4.464136E+00  4.114066E+00 -2.856649E+00
  4.477720E+00  4.112041E+00 -2.862983E+00
  4.491303E+00  4.115162E+00 -2.869317E+00
  4.502298E+00  4.108173E+00 -2.874444E+00
  4.504887E+00  4.107066E+00 -2.875651E+00
  4.506772E+00  4.108173E+00 -2.876530E+00
  4.518471E+00  4.117090E+00 -2.881986E+00
  4.532055E+00  4.115574E+00 -2.888320E+00
  4.545638E+00  4.121048E+00 -2.894654E+00
  4.559222E+00  4.122953E+00 -2.900988E+00
  4.572806E+00  4.122604E+00 -2.907322E+00
  4.573896E+00  4.123161E+00 -2.907831E+00
  4.586389E+00  4.133873E+00 -2.913656E+00
  4.599973E+00  4.134176E+00 -2.919991E+00
  4.604714E+00  4.138148E+00 -2.922201E+00
  4.608203E+00  4.153136E+00 -2.923828E+00
  4.606252E+00  4.168124E+00 -2.922918E+00
  4.599973E+00  4.176239E+00 -2.919991E+00
Slice   =    131 , Freq(kT, average of all copies)              =   0.4253
Orbit # =      0 , Freq(kT, this largest copy used for outline) =   0.4327
Points  =     45
  kx            ky            kz
  3.181630E+00  2.655850E+00  9.287722E-02
  3.168046E+00  2.655760E+00  9.921140E-02
  3.154929E+00  2.669329E+00  1.053282E-01
  3.154462E+00  2.669547E+00  1.055456E-01
  3.152408E+00  2.669329E+00  1.065036E-01
  3.140879E+00  2.667257E+00  1.118798E-01
  3.127295E+00  2.665102E+00  1.182140E-01
  3.120173E+00  2.669329E+00  1.215348E-01
  3.113711E+00  2.671868E+00  1.245481E-01
  3.102462E+00  2.669329E+00  1.297937E-01
  3.100128E+00  2.668344E+00  1.308823E-01
  3.086544E+00  2.664134E+00  1.372165E-01
  3.072960E+00  2.663491E+00  1.435507E-01
  3.059377E+00  2.656526E+00  1.498849E-01
  3.045793E+00  2.659386E+00  1.562191E-01
  3.035189E+00  2.654341E+00  1.611635E-01
  3.032209E+00  2.651276E+00  1.625532E-01
  3.018625E+00  2.646138E+00  1.688874E-01
  3.007823E+00  2.639353E+00  1.739248E-01
  3.005448E+00  2.624365E+00  1.750320E-01
  3.013026E+00  2.609377E+00  1.714983E-01
  3.018625E+00  2.603593E+00  1.688874E-01
  3.029634E+00  2.594389E+00  1.637542E-01
  3.032209E+00  2.592896E+00  1.625532E-01
  3.045793E+00  2.585346E+00  1.562191E-01
  3.057199E+00  2.579401E+00  1.509003E-01
  3.059377E+00  2.578435E+00  1.498849E-01
  3.061240E+00  2.579401E+00  1.490161E-01
  3.072960E+00  2.586473E+00  1.435507E-01
  3.086544E+00  2.584213E+00  1.372165E-01
  3.096556E+00  2.594389E+00  1.325476E-01
  3.100128E+00  2.598075E+00  1.308823E-01
  3.113711E+00  2.598331E+00  1.245481E-01
  3.127076E+00  2.609377E+00  1.183161E-01
  3.127295E+00  2.609606E+00  1.182140E-01
  3.140879E+00  2.612763E+00  1.118798E-01
  3.154462E+00  2.618357E+00  1.055456E-01
  3.161982E+00  2.624365E+00  1.020390E-01
  3.168046E+00  2.630094E+00  9.921140E-02
  3.179910E+00  2.624365E+00  9.367919E-02
  3.181630E+00  2.623993E+00  9.287722E-02
  3.181956E+00  2.624365E+00  9.272519E-02
  3.186310E+00  2.639353E+00  9.069475E-02
  3.183894E+00  2.654341E+00  9.182159E-02
  3.181630E+00  2.655850E+00  9.287722E-02
Slice   =     70 , Freq(kT, average of all copies)              =   0.8068
Orbit # =      0 , Freq(kT, this largest copy used for outline) =   0.8093
Points  =     67
  kx            ky            kz
  2.721324E+00  2.865429E+00 -1.466621E+00
  2.719217E+00  2.877319E+00 -1.465638E+00
  2.714824E+00  2.892307E+00 -1.463590E+00
  2.714879E+00  2.907295E+00 -1.463615E+00
  2.707740E+00  2.919720E+00 -1.460287E+00
  2.705971E+00  2.922283E+00 -1.459462E+00
  2.706742E+00  2.937271E+00 -1.459821E+00
  2.694156E+00  2.951254E+00 -1.453952E+00
  2.692834E+00  2.952259E+00 -1.453336E+00
  2.691699E+00  2.967247E+00 -1.452807E+00
  2.680573E+00  2.974902E+00 -1.447618E+00
  2.673775E+00  2.982235E+00 -1.444448E+00
  2.666989E+00  2.987882E+00 -1.441284E+00
  2.653405E+00  2.994067E+00 -1.434950E+00
  2.648895E+00  2.997223E+00 -1.432847E+00
  2.639822E+00  3.009729E+00 -1.428616E+00
  2.636892E+00  3.012211E+00 -1.427250E+00
  2.626238E+00  3.020767E+00 -1.422282E+00
  2.612654E+00  3.026824E+00 -1.415947E+00
  2.612120E+00  3.027199E+00 -1.415698E+00
  2.604997E+00  3.042187E+00 -1.412377E+00
  2.599070E+00  3.048523E+00 -1.409613E+00
  2.585487E+00  3.052359E+00 -1.403279E+00
  2.580829E+00  3.057175E+00 -1.401107E+00
  2.571903E+00  3.069525E+00 -1.396945E+00
  2.568016E+00  3.072163E+00 -1.395132E+00
  2.558319E+00  3.078514E+00 -1.390611E+00
  2.544736E+00  3.079133E+00 -1.384276E+00
  2.539088E+00  3.072163E+00 -1.381643E+00
  2.542185E+00  3.057175E+00 -1.383087E+00
  2.544736E+00  3.052803E+00 -1.384276E+00
  2.551962E+00  3.042187E+00 -1.387646E+00
  2.544736E+00  3.031568E+00 -1.384276E+00
  2.543485E+00  3.027199E+00 -1.383693E+00
  2.544736E+00  3.025334E+00 -1.384276E+00
  2.558319E+00  3.017984E+00 -1.390611E+00
  2.564800E+00  3.012211E+00 -1.393632E+00
  2.558869E+00  2.997223E+00 -1.390867E+00
  2.571903E+00  2.986807E+00 -1.396945E+00
  2.577751E+00  2.982235E+00 -1.399672E+00
  2.581598E+00  2.967247E+00 -1.401466E+00
  2.585487E+00  2.959321E+00 -1.403279E+00
  2.588665E+00  2.952259E+00 -1.404761E+00
  2.599070E+00  2.943692E+00 -1.409613E+00
  2.604107E+00  2.937271E+00 -1.411962E+00
  2.600533E+00  2.922283E+00 -1.410295E+00
  2.612654E+00  2.914626E+00 -1.415947E+00
  2.621539E+00  2.907295E+00 -1.420091E+00
  2.621202E+00  2.892307E+00 -1.419933E+00
  2.626238E+00  2.888199E+00 -1.422282E+00
  2.639822E+00  2.878659E+00 -1.428616E+00
  2.641647E+00  2.877319E+00 -1.429467E+00
  2.650933E+00  2.862331E+00 -1.433797E+00
  2.653405E+00  2.858845E+00 -1.434950E+00
  2.666989E+00  2.849372E+00 -1.441284E+00
  2.670057E+00  2.847343E+00 -1.442715E+00
  2.680573E+00  2.835556E+00 -1.447618E+00
  2.684614E+00  2.832355E+00 -1.449503E+00
  2.694156E+00  2.823644E+00 -1.453952E+00
  2.707740E+00  2.819619E+00 -1.460287E+00
  2.709318E+00  2.817368E+00 -1.461023E+00
  2.721324E+00  2.812394E+00 -1.466621E+00
  2.723465E+00  2.817368E+00 -1.467619E+00
  2.722116E+00  2.832355E+00 -1.466990E+00
  2.725092E+00  2.847343E+00 -1.468378E+00
  2.721975E+00  2.862331E+00 -1.466925E+00
  2.721324E+00  2.865429E+00 -1.466621E+00
Slice   =    159 , Freq(kT, average of all copies)              =   0.8608
Orbit # =      0 , Freq(kT, this largest copy used for outline) =   0.8746
Points  =     79
  kx            ky            kz
  4.697771E+00  2.866206E+00 -8.796970E-02
  4.684843E+00  2.879528E+00 -8.194123E-02
  4.689283E+00  2.894516E+00 -8.401159E-02
  4.684187E+00  2.902395E+00 -8.163552E-02
  4.680165E+00  2.909504E+00 -7.975988E-02
  4.677023E+00  2.924492E+00 -7.829462E-02
  4.670604E+00  2.938405E+00 -7.530134E-02
  4.670416E+00  2.939480E+00 -7.521383E-02
  4.657020E+00  2.952415E+00 -6.896715E-02
  4.653804E+00  2.954468E+00 -6.746777E-02
  4.651745E+00  2.969456E+00 -6.650722E-02
  4.643436E+00  2.975838E+00 -6.263297E-02
  4.633498E+00  2.984444E+00 -5.799867E-02
  4.629853E+00  2.989750E+00 -5.629879E-02
  4.618070E+00  2.999432E+00 -5.080456E-02
  4.616269E+00  3.008497E+00 -4.996460E-02
  4.615129E+00  3.014420E+00 -4.943333E-02
  4.602685E+00  3.022528E+00 -4.363042E-02
  4.595226E+00  3.029408E+00 -4.015199E-02
  4.589101E+00  3.040371E+00 -3.729623E-02
  4.585098E+00  3.044396E+00 -3.542932E-02
  4.575518E+00  3.053089E+00 -3.096205E-02
  4.568066E+00  3.059384E+00 -2.748706E-02
  4.561934E+00  3.065169E+00 -2.462787E-02
  4.553541E+00  3.074372E+00 -2.071418E-02
  4.548350E+00  3.078106E+00 -1.829368E-02
  4.534767E+00  3.089120E+00 -1.195950E-02
  4.534150E+00  3.089360E+00 -1.167188E-02
  4.521183E+00  3.097383E+00 -5.625315E-03
  4.514616E+00  3.104348E+00 -2.563330E-03
  4.507599E+00  3.110431E+00  7.088692E-04
  4.494016E+00  3.110138E+00  7.043053E-03
  4.489417E+00  3.104348E+00  9.187414E-03
  4.494016E+00  3.097589E+00  7.043053E-03
  4.504051E+00  3.089360E+00  2.363298E-03
  4.504037E+00  3.074372E+00  2.369944E-03
  4.500975E+00  3.059384E+00  3.797634E-03
  4.507599E+00  3.052689E+00  7.088692E-04
  4.515205E+00  3.044396E+00 -2.837982E-03
  4.507599E+00  3.034451E+00  7.088692E-04
  4.505414E+00  3.029408E+00  1.727617E-03
  4.507599E+00  3.025996E+00  7.088692E-04
  4.521183E+00  3.017214E+00 -5.625315E-03
  4.524255E+00  3.014420E+00 -7.057900E-03
  4.521183E+00  2.999691E+00 -5.625315E-03
  4.521133E+00  2.999432E+00 -5.601848E-03
  4.521183E+00  2.999365E+00 -5.625315E-03
  4.534574E+00  2.984444E+00 -1.186963E-02
  4.534767E+00  2.984051E+00 -1.195950E-02
  4.548350E+00  2.970267E+00 -1.829368E-02
  4.549012E+00  2.969456E+00 -1.860212E-02
  4.551099E+00  2.954468E+00 -1.957558E-02
  4.561934E+00  2.948640E+00 -2.462787E-02
  4.571691E+00  2.939480E+00 -2.917765E-02
  4.570758E+00  2.924492E+00 -2.874242E-02
  4.575518E+00  2.921607E+00 -3.096205E-02
  4.589101E+00  2.911639E+00 -3.729623E-02
  4.591319E+00  2.909504E+00 -3.833040E-02
  4.598020E+00  2.894516E+00 -4.145507E-02
  4.602685E+00  2.889798E+00 -4.363042E-02
  4.615983E+00  2.879528E+00 -4.983152E-02
  4.616269E+00  2.879245E+00 -4.996460E-02
  4.629853E+00  2.866391E+00 -5.629879E-02
  4.631149E+00  2.864540E+00 -5.690324E-02
  4.643436E+00  2.851181E+00 -6.263297E-02
  4.645854E+00  2.849552E+00 -6.376024E-02
  4.657020E+00  2.844091E+00 -6.896715E-02
  4.670604E+00  2.835658E+00 -7.530134E-02
  4.673938E+00  2.834565E+00 -7.685640E-02
  4.681580E+00  2.819577E+00 -8.041954E-02
  4.684187E+00  2.818127E+00 -8.163552E-02
  4.686097E+00  2.819577E+00 -8.252595E-02
  4.697771E+00  2.832074E+00 -8.796970E-02
  4.699767E+00  2.834565E+00 -8.890054E-02
  4.697771E+00  2.836101E+00 -8.796970E-02
  4.690662E+00  2.849552E+00 -8.465476E-02
  4.697771E+00  2.861642E+00 -8.796970E-02
  4.699101E+00  2.864540E+00 -8.859007E-02
  4.697771E+00  2.866206E+00 -8.796970E-02
Theta(deg) =   0.000000 , Phi(deg) =  27.500000 , Number of orbits =    13 , (a.u.^-1) units
Slice   =    180 , Freq(kT, average of all copies)              =   0.2878
Orbit # =      0 , Freq(kT, this largest copy used for outline) =   0.2940
Points  =     29
  kx            ky            kz
  6.282053E+00  4.563054E+00 -2.484342E-01
  6.268759E+00  4.560173E+00 -2.415135E-01
  6.255464E+00  4.558278E+00 -2.345929E-01
  6.254518E+00  4.557443E+00 -2.341005E-01
  6.242170E+00  4.549614E+00 -2.276722E-01
  6.236119E+00  4.542455E+00 -2.245225E-01
  6.232847E+00  4.527467E+00 -2.228190E-01
  6.228875E+00  4.521628E+00 -2.207515E-01
  6.221843E+00  4.512479E+00 -2.170905E-01
  6.215581E+00  4.506768E+00 -2.138309E-01
  6.206168E+00  4.497491E+00 -2.089306E-01
  6.205679E+00  4.482503E+00 -2.086762E-01
  6.204453E+00  4.467515E+00 -2.080379E-01
  6.203338E+00  4.452527E+00 -2.074576E-01
  6.215581E+00  4.438941E+00 -2.138309E-01
  6.228875E+00  4.438259E+00 -2.207515E-01
  6.242170E+00  4.443379E+00 -2.276722E-01
  6.255464E+00  4.449592E+00 -2.345929E-01
  6.257289E+00  4.452527E+00 -2.355426E-01
  6.260966E+00  4.467515E+00 -2.374566E-01
  6.268759E+00  4.481988E+00 -2.415135E-01
  6.269271E+00  4.482503E+00 -2.417804E-01
  6.282053E+00  4.493022E+00 -2.484342E-01
  6.285088E+00  4.497491E+00 -2.500139E-01
  6.289924E+00  4.512479E+00 -2.525317E-01
  6.290852E+00  4.527467E+00 -2.530146E-01
  6.290095E+00  4.542455E+00 -2.526206E-01
  6.287941E+00  4.557443E+00 -2.514994E-01
  6.282053E+00  4.563054E+00 -2.484342E-01
Slice   =    151 , Freq(kT, average of all copies)              =   0.2898
Orbit # =      0 , Freq(kT, this largest copy used for outline) =   0.2935
Points  =     29
  kx            ky            kz
  4.966039E+00  4.281146E+00 -1.292112E+00
  4.952744E+00  4.279737E+00 -1.285191E+00
  4.939450E+00  4.275363E+00 -1.278271E+00
  4.936728E+00  4.273408E+00 -1.276854E+00
  4.926155E+00  4.267264E+00 -1.271350E+00
  4.918341E+00  4.258420E+00 -1.267282E+00
  4.913950E+00  4.243432E+00 -1.264996E+00
  4.912861E+00  4.241903E+00 -1.264429E+00
  4.903642E+00  4.228444E+00 -1.259630E+00
  4.899566E+00  4.223740E+00 -1.257509E+00
  4.886360E+00  4.213456E+00 -1.250634E+00
  4.887295E+00  4.198468E+00 -1.251121E+00
  4.887023E+00  4.183481E+00 -1.250979E+00
  4.890534E+00  4.168493E+00 -1.252806E+00
  4.899566E+00  4.158941E+00 -1.257509E+00
  4.912861E+00  4.158299E+00 -1.264429E+00
  4.926155E+00  4.159883E+00 -1.271350E+00
  4.936511E+00  4.168493E+00 -1.276741E+00
  4.939450E+00  4.173289E+00 -1.278271E+00
  4.942378E+00  4.183481E+00 -1.279795E+00
  4.951740E+00  4.198468E+00 -1.284669E+00
  4.952744E+00  4.200013E+00 -1.285191E+00
  4.966039E+00  4.211115E+00 -1.292112E+00
  4.967625E+00  4.213456E+00 -1.292938E+00
  4.972167E+00  4.228444E+00 -1.295302E+00
  4.974241E+00  4.243432E+00 -1.296382E+00
  4.974930E+00  4.258420E+00 -1.296741E+00
  4.973523E+00  4.273408E+00 -1.296008E+00
  4.966039E+00  4.281146E+00 -1.292112E+00
Slice   =    136 , Freq(kT, average of all copies)              =   0.3267
Orbit # =      0 , Freq(kT, this largest copy used for outline) =   0.3286
Points  =     33
  kx            ky            kz
  5.293589E+00  4.287156E+00 -1.234790E+00
  5.292443E+00  4.287660E+00 -1.234193E+00
  5.280294E+00  4.291305E+00 -1.227869E+00
  5.267000E+00  4.297626E+00 -1.220949E+00
  5.253705E+00  4.290980E+00 -1.214028E+00
  5.250934E+00  4.287660E+00 -1.212586E+00
  5.244476E+00  4.272672E+00 -1.209223E+00
  5.240411E+00  4.266268E+00 -1.207107E+00
  5.235376E+00  4.257684E+00 -1.204486E+00
  5.227116E+00  4.251503E+00 -1.200187E+00
  5.220437E+00  4.242696E+00 -1.196709E+00
  5.214857E+00  4.227708E+00 -1.193805E+00
  5.213822E+00  4.222941E+00 -1.193266E+00
  5.211513E+00  4.212720E+00 -1.192064E+00
  5.201568E+00  4.197732E+00 -1.186887E+00
  5.206219E+00  4.182744E+00 -1.189308E+00
  5.213822E+00  4.175367E+00 -1.193266E+00
  5.222525E+00  4.167756E+00 -1.197797E+00
  5.227116E+00  4.164954E+00 -1.200187E+00
  5.234866E+00  4.167756E+00 -1.204221E+00
  5.240411E+00  4.169200E+00 -1.207107E+00
  5.253705E+00  4.179475E+00 -1.214028E+00
  5.262816E+00  4.182744E+00 -1.218771E+00
  5.267000E+00  4.184629E+00 -1.220949E+00
  5.273697E+00  4.197732E+00 -1.224435E+00
  5.277583E+00  4.212720E+00 -1.226458E+00
  5.280294E+00  4.218459E+00 -1.227869E+00
  5.292145E+00  4.227708E+00 -1.234038E+00
  5.293589E+00  4.229202E+00 -1.234790E+00
  5.300383E+00  4.242696E+00 -1.238327E+00
  5.304022E+00  4.257684E+00 -1.240221E+00
  5.300050E+00  4.272672E+00 -1.238154E+00
  5.293589E+00  4.287156E+00 -1.234790E+00
Slice   =    132 , Freq(kT, average of all copies)              =   0.3300
Orbit # =      0 , Freq(kT, this largest copy used for outline) =   0.3357
Points  =     35
  kx            ky            kz
  4.551683E+00  3.843429E+00 -1.018736E+00
  4.538389E+00  3.850206E+00 -1.011816E+00
  4.535278E+00  3.852641E+00 -1.010196E+00
  4.525094E+00  3.864183E+00 -1.004895E+00
  4.511800E+00  3.855256E+00 -9.979743E-01
  4.510622E+00  3.852641E+00 -9.973614E-01
  4.498505E+00  3.839389E+00 -9.910536E-01
  4.496899E+00  3.837653E+00 -9.902175E-01
  4.485211E+00  3.831142E+00 -9.841330E-01
  4.477593E+00  3.822665E+00 -9.801672E-01
  4.471916E+00  3.810306E+00 -9.772123E-01
  4.470357E+00  3.807677E+00 -9.764006E-01
  4.463915E+00  3.792689E+00 -9.730473E-01
  4.458622E+00  3.786675E+00 -9.702916E-01
  4.450230E+00  3.777701E+00 -9.659232E-01
  4.446862E+00  3.762713E+00 -9.641696E-01
  4.455198E+00  3.747725E+00 -9.685092E-01
  4.458622E+00  3.742629E+00 -9.702916E-01
  4.471916E+00  3.735330E+00 -9.772123E-01
  4.476548E+00  3.732737E+00 -9.796234E-01
  4.485211E+00  3.728372E+00 -9.841330E-01
  4.498069E+00  3.732737E+00 -9.908264E-01
  4.498505E+00  3.732919E+00 -9.910536E-01
  4.505116E+00  3.747725E+00 -9.944948E-01
  4.511800E+00  3.754144E+00 -9.979743E-01
  4.525094E+00  3.761060E+00 -1.004895E+00
  4.525800E+00  3.762713E+00 -1.005263E+00
  4.532324E+00  3.777701E+00 -1.008659E+00
  4.534923E+00  3.792689E+00 -1.010011E+00
  4.538389E+00  3.801445E+00 -1.011816E+00
  4.544377E+00  3.807677E+00 -1.014933E+00
  4.551683E+00  3.817381E+00 -1.018736E+00
  4.554029E+00  3.822665E+00 -1.019957E+00
  4.554740E+00  3.837653E+00 -1.020328E+00
  4.551683E+00  3.843429E+00 -1.018736E+00
Slice   =    129 , Freq(kT, average of all copies)              =   0.3321
Orbit # =      0 , Freq(kT, this largest copy used for outline) =   0.3384
Points  =     35
  kx            ky            kz
  4.720723E+00  4.002313E+00 -1.536146E+00
  4.707428E+00  4.003241E+00 -1.529225E+00
  4.706569E+00  4.003625E+00 -1.528778E+00
  4.696196E+00  4.018613E+00 -1.523378E+00
  4.694134E+00  4.019808E+00 -1.522304E+00
  4.681997E+00  4.018613E+00 -1.515987E+00
  4.680839E+00  4.018348E+00 -1.515384E+00
  4.667545E+00  4.003654E+00 -1.508463E+00
  4.667524E+00  4.003625E+00 -1.508452E+00
  4.658290E+00  3.988637E+00 -1.503645E+00
  4.654250E+00  3.986360E+00 -1.501542E+00
  4.643141E+00  3.973649E+00 -1.495759E+00
  4.640956E+00  3.968619E+00 -1.494622E+00
  4.637167E+00  3.958661E+00 -1.492649E+00
  4.633308E+00  3.943673E+00 -1.490641E+00
  4.627661E+00  3.935772E+00 -1.487701E+00
  4.620912E+00  3.928685E+00 -1.484188E+00
  4.617839E+00  3.913697E+00 -1.482588E+00
  4.627661E+00  3.903797E+00 -1.487701E+00
  4.632496E+00  3.898709E+00 -1.490218E+00
  4.640956E+00  3.891479E+00 -1.494622E+00
  4.654250E+00  3.885855E+00 -1.501542E+00
  4.666928E+00  3.898709E+00 -1.508142E+00
  4.667545E+00  3.899146E+00 -1.508463E+00
  4.680839E+00  3.909911E+00 -1.515384E+00
  4.686271E+00  3.913697E+00 -1.518212E+00
  4.694134E+00  3.921035E+00 -1.522304E+00
  4.698728E+00  3.928685E+00 -1.524696E+00
  4.703643E+00  3.943673E+00 -1.527255E+00
  4.707428E+00  3.951325E+00 -1.529225E+00
  4.718105E+00  3.958661E+00 -1.534783E+00
  4.720723E+00  3.961312E+00 -1.536146E+00
  4.725759E+00  3.973649E+00 -1.538767E+00
  4.726759E+00  3.988637E+00 -1.539288E+00
  4.720723E+00  4.002313E+00 -1.536146E+00
Slice   =    220 , Freq(kT, average of all copies)              =   0.3398
Orbit # =      0 , Freq(kT, this largest copy used for outline) =   0.3521
Points  =     39
  kx            ky            kz
  6.490150E+00  4.386604E+00 -5.408889E-01
  6.476855E+00  4.390385E+00 -5.339683E-01
  6.471107E+00  4.394416E+00 -5.309760E-01
  6.463561E+00  4.401360E+00 -5.270476E-01
  6.450266E+00  4.405355E+00 -5.201269E-01
  6.436972E+00  4.403869E+00 -5.132063E-01
  6.423677E+00  4.403988E+00 -5.062856E-01
  6.410383E+00  4.401691E+00 -4.993649E-01
  6.397088E+00  4.395311E+00 -4.924443E-01
  6.383794E+00  4.398632E+00 -4.855236E-01
  6.378786E+00  4.394416E+00 -4.829167E-01
  6.370499E+00  4.383747E+00 -4.786029E-01
  6.357205E+00  4.384763E+00 -4.716823E-01
  6.350217E+00  4.379428E+00 -4.680448E-01
  6.343911E+00  4.368123E+00 -4.647616E-01
  6.330616E+00  4.365620E+00 -4.578409E-01
  6.328981E+00  4.364441E+00 -4.569898E-01
  6.330616E+00  4.361352E+00 -4.578409E-01
  6.343911E+00  4.350076E+00 -4.647616E-01
  6.344184E+00  4.349453E+00 -4.649041E-01
  6.357205E+00  4.339888E+00 -4.716823E-01
  6.367007E+00  4.334465E+00 -4.767851E-01
  6.370499E+00  4.332757E+00 -4.786029E-01
  6.383794E+00  4.332206E+00 -4.855236E-01
  6.397088E+00  4.326363E+00 -4.924443E-01
  6.408994E+00  4.334465E+00 -4.986421E-01
  6.410383E+00  4.335179E+00 -4.993649E-01
  6.412625E+00  4.334465E+00 -5.005321E-01
  6.423677E+00  4.332153E+00 -5.062856E-01
  6.429551E+00  4.334465E+00 -5.093431E-01
  6.436972E+00  4.339040E+00 -5.132063E-01
  6.450266E+00  4.344800E+00 -5.201269E-01
  6.463561E+00  4.346871E+00 -5.270476E-01
  6.466549E+00  4.349453E+00 -5.286033E-01
  6.476855E+00  4.359668E+00 -5.339683E-01
  6.490150E+00  4.358425E+00 -5.408889E-01
  6.495342E+00  4.364441E+00 -5.435919E-01
  6.497687E+00  4.379428E+00 -5.448124E-01
  6.490150E+00  4.386604E+00 -5.408889E-01
Slice   =    219 , Freq(kT, average of all copies)              =   0.3467
Orbit # =      0 , Freq(kT, this largest copy used for outline) =   0.3467
Points  =     37
  kx            ky            kz
  6.469935E+00  4.397913E+00 -5.472627E-01
  6.456640E+00  4.407174E+00 -5.403421E-01
  6.455375E+00  4.409404E+00 -5.396837E-01
  6.443346E+00  4.420033E+00 -5.334214E-01
  6.430051E+00  4.420884E+00 -5.265007E-01
  6.424187E+00  4.424392E+00 -5.234478E-01
  6.416757E+00  4.427855E+00 -5.195801E-01
  6.403462E+00  4.427944E+00 -5.126594E-01
  6.397862E+00  4.424392E+00 -5.097441E-01
  6.390168E+00  4.420489E+00 -5.057387E-01
  6.376873E+00  4.419848E+00 -4.988181E-01
  6.363579E+00  4.410741E+00 -4.918974E-01
  6.360023E+00  4.409404E+00 -4.900463E-01
  6.350284E+00  4.406523E+00 -4.849767E-01
  6.336990E+00  4.398812E+00 -4.780561E-01
  6.332471E+00  4.394416E+00 -4.757038E-01
  6.323695E+00  4.387540E+00 -4.711354E-01
  6.314572E+00  4.379428E+00 -4.663860E-01
  6.323695E+00  4.366390E+00 -4.711354E-01
  6.325697E+00  4.364441E+00 -4.721776E-01
  6.336990E+00  4.355110E+00 -4.780561E-01
  6.345953E+00  4.349453E+00 -4.827220E-01
  6.350284E+00  4.347350E+00 -4.849767E-01
  6.363579E+00  4.347442E+00 -4.918974E-01
  6.376873E+00  4.347149E+00 -4.988181E-01
  6.390168E+00  4.345480E+00 -5.057387E-01
  6.393916E+00  4.349453E+00 -5.076897E-01
  6.403462E+00  4.356516E+00 -5.126594E-01
  6.416757E+00  4.352679E+00 -5.195801E-01
  6.427711E+00  4.364441E+00 -5.252824E-01
  6.430051E+00  4.366985E+00 -5.265007E-01
  6.443346E+00  4.366926E+00 -5.334214E-01
  6.456599E+00  4.379428E+00 -5.403207E-01
  6.456640E+00  4.379527E+00 -5.403421E-01
  6.469935E+00  4.389586E+00 -5.472627E-01
  6.473559E+00  4.394416E+00 -5.491495E-01
  6.469935E+00  4.397913E+00 -5.472627E-01
Slice   =     87 , Freq(kT, average of all copies)              =   0.4127
Orbit # =      0 , Freq(kT, this largest copy used for outline) =   0.4268
Points  =     43
  kx            ky            kz
  2.572506E+00  1.950742E+00 -9.539526E-01
  2.559212E+00  1.958926E+00 -9.470320E-01
  2.555909E+00  1.963422E+00 -9.453127E-01
  2.545918E+00  1.970487E+00 -9.401113E-01
  2.532623E+00  1.973143E+00 -9.331906E-01
  2.519329E+00  1.971010E+00 -9.262700E-01
  2.506034E+00  1.967193E+00 -9.193493E-01
  2.492740E+00  1.965204E+00 -9.124286E-01
  2.490716E+00  1.963422E+00 -9.113750E-01
  2.479445E+00  1.951724E+00 -9.055080E-01
  2.466151E+00  1.950659E+00 -8.985873E-01
  2.463451E+00  1.948434E+00 -8.971817E-01
  2.452856E+00  1.937987E+00 -8.916666E-01
  2.439562E+00  1.935369E+00 -8.847460E-01
  2.437161E+00  1.933446E+00 -8.834964E-01
  2.426267E+00  1.923429E+00 -8.778253E-01
  2.412973E+00  1.918514E+00 -8.709046E-01
  2.412896E+00  1.918458E+00 -8.708646E-01
  2.399678E+00  1.903834E+00 -8.639840E-01
  2.398966E+00  1.903470E+00 -8.636130E-01
  2.399678E+00  1.902511E+00 -8.639840E-01
  2.412973E+00  1.890243E+00 -8.709046E-01
  2.418764E+00  1.888482E+00 -8.739191E-01
  2.426267E+00  1.888227E+00 -8.778253E-01
  2.439562E+00  1.882631E+00 -8.847460E-01
  2.452856E+00  1.881373E+00 -8.916666E-01
  2.466151E+00  1.885098E+00 -8.985873E-01
  2.479445E+00  1.879345E+00 -9.055080E-01
  2.489080E+00  1.888482E+00 -9.105233E-01
  2.492740E+00  1.891637E+00 -9.124286E-01
  2.500784E+00  1.888482E+00 -9.166164E-01
  2.506034E+00  1.886753E+00 -9.193493E-01
  2.509838E+00  1.888482E+00 -9.213296E-01
  2.519329E+00  1.895314E+00 -9.262700E-01
  2.532623E+00  1.897762E+00 -9.331906E-01
  2.545918E+00  1.901730E+00 -9.401113E-01
  2.548932E+00  1.903470E+00 -9.416803E-01
  2.559212E+00  1.912051E+00 -9.470320E-01
  2.572506E+00  1.915085E+00 -9.539526E-01
  2.576007E+00  1.918458E+00 -9.557748E-01
  2.577040E+00  1.933446E+00 -9.563128E-01
  2.574407E+00  1.948434E+00 -9.549418E-01
  2.572506E+00  1.950742E+00 -9.539526E-01
Slice   =     83 , Freq(kT, average of all copies)              =   0.4150
Orbit # =      0 , Freq(kT, this largest copy used for outline) =   0.4229
Points  =     45
  kx            ky            kz
  1.156261E+00  1.263864E+00  6.287521E-02
  1.142967E+00  1.262901E+00  6.979588E-02
  1.129673E+00  1.274713E+00  7.671639E-02
  1.129672E+00  1.274713E+00  7.671655E-02
  1.129672E+00  1.274713E+00  7.671687E-02
  1.116378E+00  1.267639E+00  8.363722E-02
  1.103083E+00  1.267164E+00  9.055788E-02
  1.089789E+00  1.265659E+00  9.747855E-02
  1.077257E+00  1.259725E+00  1.040023E-01
  1.076494E+00  1.259400E+00  1.043992E-01
  1.068873E+00  1.259725E+00  1.083666E-01
  1.063200E+00  1.259997E+00  1.113199E-01
  1.049905E+00  1.261215E+00  1.182406E-01
  1.047344E+00  1.259725E+00  1.195742E-01
  1.036611E+00  1.251021E+00  1.251612E-01
  1.023317E+00  1.250399E+00  1.320819E-01
  1.016958E+00  1.244737E+00  1.353921E-01
  1.010022E+00  1.236349E+00  1.390026E-01
  9.967275E-01  1.234798E+00  1.459232E-01
  9.921477E-01  1.229749E+00  1.483073E-01
  9.931107E-01  1.214761E+00  1.478060E-01
  9.967275E-01  1.202924E+00  1.459232E-01
  9.983850E-01  1.199773E+00  1.450604E-01
  1.010022E+00  1.190299E+00  1.390026E-01
  1.016862E+00  1.184785E+00  1.354421E-01
  1.023317E+00  1.181841E+00  1.320819E-01
  1.036611E+00  1.173647E+00  1.251612E-01
  1.049905E+00  1.183337E+00  1.182406E-01
  1.063200E+00  1.181965E+00  1.113199E-01
  1.067344E+00  1.184785E+00  1.091624E-01
  1.076494E+00  1.192509E+00  1.043992E-01
  1.089789E+00  1.198002E+00  9.747855E-02
  1.097784E+00  1.199773E+00  9.331635E-02
  1.103083E+00  1.201427E+00  9.055788E-02
  1.116378E+00  1.213630E+00  8.363722E-02
  1.129672E+00  1.210798E+00  7.671655E-02
  1.132695E+00  1.214761E+00  7.514280E-02
  1.142770E+00  1.229749E+00  6.989823E-02
  1.142967E+00  1.230230E+00  6.979588E-02
  1.144015E+00  1.229749E+00  6.925017E-02
  1.156261E+00  1.228058E+00  6.287521E-02
  1.157823E+00  1.229749E+00  6.206230E-02
  1.161964E+00  1.244737E+00  5.990668E-02
  1.162129E+00  1.259725E+00  5.982080E-02
  1.156261E+00  1.263864E+00  6.287521E-02
Slice   =     68 , Freq(kT, average of all copies)              =   0.7156
Orbit # =      0 , Freq(kT, this largest copy used for outline) =   0.7156
Points  =     65
  kx            ky            kz
  2.703224E+00  2.968115E+00 -1.516629E+00
  2.689930E+00  2.976628E+00 -1.509708E+00
  2.685384E+00  2.982235E+00 -1.507342E+00
  2.676636E+00  2.987770E+00 -1.502788E+00
  2.663341E+00  2.992096E+00 -1.495867E+00
  2.651842E+00  2.997223E+00 -1.489881E+00
  2.650047E+00  2.998856E+00 -1.488946E+00
  2.636752E+00  3.009040E+00 -1.482026E+00
  2.627856E+00  3.012211E+00 -1.477395E+00
  2.623458E+00  3.013677E+00 -1.475105E+00
  2.610163E+00  3.021457E+00 -1.468184E+00
  2.596869E+00  3.025734E+00 -1.461264E+00
  2.594956E+00  3.027199E+00 -1.460268E+00
  2.583574E+00  3.040567E+00 -1.454343E+00
  2.580100E+00  3.042187E+00 -1.452534E+00
  2.570280E+00  3.052385E+00 -1.447422E+00
  2.562741E+00  3.057175E+00 -1.443498E+00
  2.556985E+00  3.059554E+00 -1.440502E+00
  2.546074E+00  3.072163E+00 -1.434822E+00
  2.543691E+00  3.073733E+00 -1.433581E+00
  2.541092E+00  3.072163E+00 -1.432228E+00
  2.542402E+00  3.057175E+00 -1.432910E+00
  2.543691E+00  3.055110E+00 -1.433581E+00
  2.554881E+00  3.042187E+00 -1.439406E+00
  2.543691E+00  3.032023E+00 -1.433581E+00
  2.541902E+00  3.027199E+00 -1.432650E+00
  2.543691E+00  3.025325E+00 -1.433581E+00
  2.556985E+00  3.019930E+00 -1.440502E+00
  2.566754E+00  3.012211E+00 -1.445587E+00
  2.558904E+00  2.997223E+00 -1.441501E+00
  2.570280E+00  2.989247E+00 -1.447422E+00
  2.578693E+00  2.982235E+00 -1.451802E+00
  2.580094E+00  2.967247E+00 -1.452531E+00
  2.583574E+00  2.960970E+00 -1.454343E+00
  2.587418E+00  2.952259E+00 -1.456344E+00
  2.596869E+00  2.942420E+00 -1.461264E+00
  2.601961E+00  2.937271E+00 -1.463914E+00
  2.598209E+00  2.922283E+00 -1.461961E+00
  2.610163E+00  2.916210E+00 -1.468184E+00
  2.622094E+00  2.907295E+00 -1.474395E+00
  2.620456E+00  2.892307E+00 -1.473542E+00
  2.623458E+00  2.890032E+00 -1.475105E+00
  2.636752E+00  2.881836E+00 -1.482026E+00
  2.643615E+00  2.877319E+00 -1.485598E+00
  2.650047E+00  2.867882E+00 -1.488946E+00
  2.653176E+00  2.862331E+00 -1.490575E+00
  2.663341E+00  2.849784E+00 -1.495867E+00
  2.670394E+00  2.847343E+00 -1.499538E+00
  2.676636E+00  2.844382E+00 -1.502788E+00
  2.689543E+00  2.832355E+00 -1.509507E+00
  2.689930E+00  2.831345E+00 -1.509708E+00
  2.690610E+00  2.832355E+00 -1.510062E+00
  2.699094E+00  2.847343E+00 -1.514479E+00
  2.703224E+00  2.853725E+00 -1.516629E+00
  2.705763E+00  2.862331E+00 -1.517950E+00
  2.706374E+00  2.877319E+00 -1.518269E+00
  2.706002E+00  2.892307E+00 -1.518075E+00
  2.709497E+00  2.907295E+00 -1.519894E+00
  2.704079E+00  2.922283E+00 -1.517074E+00
  2.708822E+00  2.937271E+00 -1.519543E+00
  2.703224E+00  2.946808E+00 -1.516629E+00
  2.700133E+00  2.952259E+00 -1.515019E+00
  2.703224E+00  2.964433E+00 -1.516629E+00
  2.703899E+00  2.967247E+00 -1.516980E+00
  2.703224E+00  2.968115E+00 -1.516629E+00
Slice   =     27 , Freq(kT, average of all copies)              =   0.8133
Orbit # =      0 , Freq(kT, this largest copy used for outline) =   0.8133
Points  =     69
  kx            ky            kz
  2.706019E+00  3.754975E+00 -3.520615E+00
  2.701347E+00  3.762345E+00 -3.518183E+00
  2.705599E+00  3.777333E+00 -3.520396E+00
  2.693691E+00  3.792321E+00 -3.514197E+00
  2.696105E+00  3.807309E+00 -3.515454E+00
  2.692724E+00  3.811205E+00 -3.513694E+00
  2.679430E+00  3.816858E+00 -3.506773E+00
  2.675284E+00  3.822297E+00 -3.504615E+00
  2.666136E+00  3.828545E+00 -3.499853E+00
  2.652841E+00  3.832608E+00 -3.492932E+00
  2.643963E+00  3.837285E+00 -3.488310E+00
  2.639547E+00  3.842314E+00 -3.486011E+00
  2.626252E+00  3.851146E+00 -3.479091E+00
  2.624372E+00  3.852273E+00 -3.478112E+00
  2.612958E+00  3.859407E+00 -3.472170E+00
  2.599663E+00  3.864809E+00 -3.465249E+00
  2.594788E+00  3.867261E+00 -3.462711E+00
  2.587526E+00  3.882249E+00 -3.458931E+00
  2.586369E+00  3.883183E+00 -3.458329E+00
  2.573074E+00  3.889994E+00 -3.451408E+00
  2.565176E+00  3.897237E+00 -3.447296E+00
  2.559780E+00  3.902281E+00 -3.444487E+00
  2.550446E+00  3.912225E+00 -3.439629E+00
  2.546485E+00  3.916945E+00 -3.437567E+00
  2.533191E+00  3.916938E+00 -3.430646E+00
  2.525193E+00  3.912225E+00 -3.426483E+00
  2.529469E+00  3.897237E+00 -3.428708E+00
  2.533191E+00  3.892472E+00 -3.430646E+00
  2.539726E+00  3.882249E+00 -3.434048E+00
  2.533191E+00  3.873479E+00 -3.430646E+00
  2.530636E+00  3.867261E+00 -3.429316E+00
  2.533191E+00  3.864656E+00 -3.430646E+00
  2.546485E+00  3.857982E+00 -3.437567E+00
  2.554443E+00  3.852273E+00 -3.441709E+00
  2.547049E+00  3.837285E+00 -3.437860E+00
  2.559780E+00  3.828756E+00 -3.444487E+00
  2.568231E+00  3.822297E+00 -3.448887E+00
  2.571447E+00  3.807309E+00 -3.450561E+00
  2.573074E+00  3.804703E+00 -3.451408E+00
  2.578841E+00  3.792321E+00 -3.454410E+00
  2.586369E+00  3.784795E+00 -3.458329E+00
  2.593647E+00  3.777333E+00 -3.462117E+00
  2.590115E+00  3.762345E+00 -3.460279E+00
  2.599663E+00  3.757147E+00 -3.465249E+00
  2.612958E+00  3.748231E+00 -3.472170E+00
  2.613901E+00  3.747357E+00 -3.472661E+00
  2.612958E+00  3.736694E+00 -3.472170E+00
  2.612580E+00  3.732369E+00 -3.471973E+00
  2.612958E+00  3.732075E+00 -3.472170E+00
  2.626252E+00  3.723051E+00 -3.479091E+00
  2.635139E+00  3.717381E+00 -3.483717E+00
  2.639547E+00  3.711854E+00 -3.486011E+00
  2.645359E+00  3.702393E+00 -3.489037E+00
  2.652841E+00  3.692503E+00 -3.492932E+00
  2.660529E+00  3.687405E+00 -3.496934E+00
  2.666136E+00  3.683153E+00 -3.499853E+00
  2.679430E+00  3.674693E+00 -3.506773E+00
  2.681968E+00  3.672417E+00 -3.508094E+00
  2.692724E+00  3.661674E+00 -3.513694E+00
  2.699270E+00  3.672417E+00 -3.517101E+00
  2.704894E+00  3.687405E+00 -3.520029E+00
  2.705797E+00  3.702393E+00 -3.520499E+00
  2.706019E+00  3.703294E+00 -3.520615E+00
  2.710002E+00  3.717381E+00 -3.522688E+00
  2.706019E+00  3.727250E+00 -3.520615E+00
  2.704476E+00  3.732369E+00 -3.519811E+00
  2.706019E+00  3.736321E+00 -3.520615E+00
  2.709623E+00  3.747357E+00 -3.522491E+00
  2.706019E+00  3.754975E+00 -3.520615E+00
Slice   =     48 , Freq(kT, average of all copies)              =   0.9153
Orbit # =      0 , Freq(kT, this largest copy used for outline) =   0.9153
Points  =     71
  kx            ky            kz
  2.701435E+00  3.336113E+00 -2.508514E+00
  2.695515E+00  3.342314E+00 -2.505433E+00
  2.698282E+00  3.357302E+00 -2.506873E+00
  2.688140E+00  3.368528E+00 -2.501594E+00
  2.683330E+00  3.372290E+00 -2.499089E+00
  2.681903E+00  3.387278E+00 -2.498346E+00
  2.674846E+00  3.392928E+00 -2.494673E+00
  2.661551E+00  3.402089E+00 -2.487752E+00
  2.661441E+00  3.402266E+00 -2.487695E+00
  2.648257E+00  3.411386E+00 -2.480832E+00
  2.634962E+00  3.415967E+00 -2.473911E+00
  2.633312E+00  3.417254E+00 -2.473052E+00
  2.621668E+00  3.431198E+00 -2.466990E+00
  2.620183E+00  3.432242E+00 -2.466217E+00
  2.608373E+00  3.441241E+00 -2.460070E+00
  2.595468E+00  3.447230E+00 -2.453351E+00
  2.595079E+00  3.447494E+00 -2.453149E+00
  2.587059E+00  3.462218E+00 -2.448974E+00
  2.581785E+00  3.467844E+00 -2.446228E+00
  2.568490E+00  3.472736E+00 -2.439308E+00
  2.563468E+00  3.477206E+00 -2.436693E+00
  2.555196E+00  3.490960E+00 -2.432387E+00
  2.553253E+00  3.492194E+00 -2.431375E+00
  2.541901E+00  3.497927E+00 -2.425466E+00
  2.528607E+00  3.506436E+00 -2.418546E+00
  2.515312E+00  3.502036E+00 -2.411625E+00
  2.509682E+00  3.492194E+00 -2.408694E+00
  2.513294E+00  3.477206E+00 -2.410574E+00
  2.515312E+00  3.473961E+00 -2.411625E+00
  2.524309E+00  3.462218E+00 -2.416308E+00
  2.515312E+00  3.448326E+00 -2.411625E+00
  2.515006E+00  3.447230E+00 -2.411466E+00
  2.515312E+00  3.446745E+00 -2.411625E+00
  2.528607E+00  3.438980E+00 -2.418546E+00
  2.538698E+00  3.432242E+00 -2.423799E+00
  2.533003E+00  3.417254E+00 -2.420834E+00
  2.541901E+00  3.411496E+00 -2.425466E+00
  2.553732E+00  3.402266E+00 -2.431625E+00
  2.555196E+00  3.396729E+00 -2.432387E+00
  2.559819E+00  3.387278E+00 -2.434794E+00
  2.567243E+00  3.372290E+00 -2.438658E+00
  2.568490E+00  3.370779E+00 -2.439308E+00
  2.581785E+00  3.361692E+00 -2.446228E+00
  2.585294E+00  3.357302E+00 -2.448055E+00
  2.581785E+00  3.343494E+00 -2.446228E+00
  2.581257E+00  3.342314E+00 -2.445953E+00
  2.581785E+00  3.342000E+00 -2.446228E+00
  2.595079E+00  3.334184E+00 -2.453149E+00
  2.603774E+00  3.327326E+00 -2.457675E+00
  2.603317E+00  3.312338E+00 -2.457437E+00
  2.608373E+00  3.308521E+00 -2.460070E+00
  2.621668E+00  3.300302E+00 -2.466990E+00
  2.625673E+00  3.297350E+00 -2.469075E+00
  2.634962E+00  3.283534E+00 -2.473911E+00
  2.635716E+00  3.282362E+00 -2.474303E+00
  2.648257E+00  3.271128E+00 -2.480832E+00
  2.654527E+00  3.267374E+00 -2.484096E+00
  2.661551E+00  3.260769E+00 -2.487752E+00
  2.670628E+00  3.252386E+00 -2.492477E+00
  2.674846E+00  3.247561E+00 -2.494673E+00
  2.688140E+00  3.242060E+00 -2.501594E+00
  2.694906E+00  3.237398E+00 -2.505115E+00
  2.701435E+00  3.234299E+00 -2.508514E+00
  2.703251E+00  3.237398E+00 -2.509459E+00
  2.704258E+00  3.252386E+00 -2.509984E+00
  2.709689E+00  3.267374E+00 -2.512811E+00
  2.705927E+00  3.282362E+00 -2.510852E+00
  2.708231E+00  3.297350E+00 -2.512052E+00
  2.702975E+00  3.312338E+00 -2.509316E+00
  2.705069E+00  3.327326E+00 -2.510406E+00
  2.701435E+00  3.336113E+00 -2.508514E+00
Slice   =    162 , Freq(kT, average of all copies)              =   1.0012
Orbit # =      0 , Freq(kT, this largest copy used for outline) =   1.0201
Points  =     79
  kx            ky            kz
  3.968992E+00  3.255410E+00 -4.136308E-01
  3.956841E+00  3.269583E+00 -4.073053E-01
  3.964587E+00  3.284571E+00 -4.113374E-01
  3.955698E+00  3.288349E+00 -4.067101E-01
  3.951135E+00  3.299559E+00 -4.043349E-01
  3.954270E+00  3.314547E+00 -4.059670E-01
  3.946576E+00  3.329535E+00 -4.019617E-01
  3.942998E+00  3.344523E+00 -4.000988E-01
  3.942403E+00  3.345684E+00 -3.997894E-01
  3.937572E+00  3.359511E+00 -3.972746E-01
  3.929109E+00  3.368800E+00 -3.928688E-01
  3.919598E+00  3.374499E+00 -3.879176E-01
  3.918818E+00  3.389487E+00 -3.875117E-01
  3.915814E+00  3.392163E+00 -3.859481E-01
  3.902520E+00  3.397984E+00 -3.790274E-01
  3.895471E+00  3.404475E+00 -3.753583E-01
  3.889225E+00  3.411172E+00 -3.721068E-01
  3.876875E+00  3.419463E+00 -3.656775E-01
  3.875931E+00  3.424744E+00 -3.651861E-01
  3.873627E+00  3.434451E+00 -3.639871E-01
  3.862636E+00  3.439894E+00 -3.582654E-01
  3.852504E+00  3.449439E+00 -3.529907E-01
  3.849342E+00  3.456874E+00 -3.513448E-01
  3.840670E+00  3.464427E+00 -3.468306E-01
  3.836047E+00  3.467390E+00 -3.444241E-01
  3.825264E+00  3.479415E+00 -3.388109E-01
  3.822753E+00  3.481908E+00 -3.375034E-01
  3.809458E+00  3.491124E+00 -3.305828E-01
  3.807577E+00  3.494403E+00 -3.296035E-01
  3.796164E+00  3.503871E+00 -3.236621E-01
  3.785184E+00  3.509391E+00 -3.179463E-01
  3.782869E+00  3.511687E+00 -3.167414E-01
  3.769575E+00  3.523850E+00 -3.098208E-01
  3.769077E+00  3.524379E+00 -3.095617E-01
  3.756281E+00  3.534019E+00 -3.029001E-01
  3.742986E+00  3.531372E+00 -2.959794E-01
  3.736585E+00  3.524379E+00 -2.926473E-01
  3.742986E+00  3.516356E+00 -2.959794E-01
  3.750882E+00  3.509391E+00 -3.000899E-01
  3.751978E+00  3.494403E+00 -3.006601E-01
  3.748710E+00  3.479415E+00 -2.989591E-01
  3.756281E+00  3.472399E+00 -3.029001E-01
  3.764062E+00  3.464427E+00 -3.069509E-01
  3.756281E+00  3.455305E+00 -3.029001E-01
  3.753146E+00  3.449439E+00 -3.012685E-01
  3.756281E+00  3.445201E+00 -3.029001E-01
  3.769575E+00  3.437873E+00 -3.098208E-01
  3.773887E+00  3.434451E+00 -3.120655E-01
  3.770296E+00  3.419463E+00 -3.101959E-01
  3.782869E+00  3.407420E+00 -3.167414E-01
  3.785962E+00  3.404475E+00 -3.183514E-01
  3.796164E+00  3.392424E+00 -3.236621E-01
  3.799858E+00  3.389487E+00 -3.255850E-01
  3.804034E+00  3.374499E+00 -3.277589E-01
  3.809458E+00  3.371259E+00 -3.305828E-01
  3.822753E+00  3.363984E+00 -3.375034E-01
  3.827094E+00  3.359511E+00 -3.397634E-01
  3.826938E+00  3.344523E+00 -3.396820E-01
  3.836047E+00  3.338407E+00 -3.444241E-01
  3.848676E+00  3.329535E+00 -3.509983E-01
  3.849342E+00  3.328173E+00 -3.513448E-01
  3.854725E+00  3.314547E+00 -3.541470E-01
  3.862636E+00  3.306013E+00 -3.582654E-01
  3.873409E+00  3.299559E+00 -3.638732E-01
  3.875931E+00  3.297511E+00 -3.651861E-01
  3.886046E+00  3.284571E+00 -3.704519E-01
  3.889225E+00  3.280917E+00 -3.721068E-01
  3.902520E+00  3.270137E+00 -3.790274E-01
  3.903348E+00  3.269583E+00 -3.794586E-01
  3.915814E+00  3.261685E+00 -3.859481E-01
  3.926395E+00  3.254595E+00 -3.914560E-01
  3.929109E+00  3.249596E+00 -3.928688E-01
  3.938990E+00  3.239608E+00 -3.980129E-01
  3.942403E+00  3.238291E+00 -3.997894E-01
  3.955698E+00  3.235770E+00 -4.067101E-01
  3.959106E+00  3.239608E+00 -4.084844E-01
  3.968992E+00  3.252888E+00 -4.136308E-01
  3.969590E+00  3.254595E+00 -4.139417E-01
  3.968992E+00  3.255410E+00 -4.136308E-01
Theta(deg) =   0.000000 , Phi(deg) =  30.000000 , Number of orbits =    14 , (a.u.^-1) units
Slice   =    156 , Freq(kT, average of all copies)              =   0.2880
Orbit # =      0 , Freq(kT, this largest copy used for outline) =   0.2939
Points  =     31
  kx            ky            kz
  5.680324E+00  4.704698E+00 -1.594887E+00
  5.667344E+00  4.703430E+00 -1.587393E+00
  5.654364E+00  4.703328E+00 -1.579899E+00
  5.641384E+00  4.695892E+00 -1.572405E+00
  5.639552E+00  4.693439E+00 -1.571347E+00
  5.633186E+00  4.678451E+00 -1.567672E+00
  5.628404E+00  4.668450E+00 -1.564911E+00
  5.625738E+00  4.663463E+00 -1.563372E+00
  5.615424E+00  4.653871E+00 -1.557417E+00
  5.610528E+00  4.648475E+00 -1.554590E+00
  5.605068E+00  4.633487E+00 -1.551438E+00
  5.603654E+00  4.618499E+00 -1.550621E+00
  5.602444E+00  4.610400E+00 -1.549923E+00
  5.601388E+00  4.603511E+00 -1.549313E+00
  5.602444E+00  4.600507E+00 -1.549923E+00
  5.608917E+00  4.588524E+00 -1.553660E+00
  5.615424E+00  4.583817E+00 -1.557417E+00
  5.628404E+00  4.584228E+00 -1.564911E+00
  5.641384E+00  4.587529E+00 -1.572405E+00
  5.643521E+00  4.588524E+00 -1.573639E+00
  5.654364E+00  4.596842E+00 -1.579899E+00
  5.657216E+00  4.603511E+00 -1.581546E+00
  5.661474E+00  4.618499E+00 -1.584004E+00
  5.667344E+00  4.627630E+00 -1.587393E+00
  5.677524E+00  4.633487E+00 -1.593270E+00
  5.680324E+00  4.636001E+00 -1.594887E+00
  5.685702E+00  4.648475E+00 -1.597992E+00
  5.688059E+00  4.663463E+00 -1.599353E+00
  5.688246E+00  4.678451E+00 -1.599461E+00
  5.687489E+00  4.693439E+00 -1.599023E+00
  5.680324E+00  4.704698E+00 -1.594887E+00
Slice   =     47 , Freq(kT, average of all copies)              =   0.2894
Orbit # =      0 , Freq(kT, this largest copy used for outline) =   0.2931
Points  =     31
  kx            ky            kz
 -7.210205E-02  3.758349E-01 -3.272378E-01
 -8.508200E-02  3.772713E-01 -3.197438E-01
 -9.139151E-02  3.743307E-01 -3.161010E-01
 -9.806195E-02  3.722864E-01 -3.122498E-01
 -1.110419E-01  3.672440E-01 -3.047559E-01
 -1.186173E-01  3.593428E-01 -3.003822E-01
 -1.237779E-01  3.443548E-01 -2.974027E-01
 -1.240218E-01  3.439699E-01 -2.972619E-01
 -1.315170E-01  3.293668E-01 -2.929346E-01
 -1.370018E-01  3.235785E-01 -2.897679E-01
 -1.485146E-01  3.143789E-01 -2.831210E-01
 -1.499818E-01  3.049444E-01 -2.822739E-01
 -1.505863E-01  2.993909E-01 -2.819249E-01
 -1.505706E-01  2.844030E-01 -2.819340E-01
 -1.499818E-01  2.750455E-01 -2.822739E-01
 -1.489369E-01  2.694150E-01 -2.828772E-01
 -1.370018E-01  2.558278E-01 -2.897679E-01
 -1.240218E-01  2.555054E-01 -2.972619E-01
 -1.110419E-01  2.560581E-01 -3.047559E-01
 -1.010034E-01  2.694150E-01 -3.105516E-01
 -9.806195E-02  2.775436E-01 -3.122498E-01
 -9.638227E-02  2.844030E-01 -3.132196E-01
 -8.508200E-02  2.966226E-01 -3.197438E-01
 -8.203357E-02  2.993909E-01 -3.215038E-01
 -7.210205E-02  3.122367E-01 -3.272378E-01
 -7.090843E-02  3.143789E-01 -3.279269E-01
 -6.760541E-02  3.293668E-01 -3.298339E-01
 -6.430516E-02  3.443548E-01 -3.317393E-01
 -6.391603E-02  3.593428E-01 -3.319640E-01
 -7.045661E-02  3.743307E-01 -3.281878E-01
 -7.210205E-02  3.758349E-01 -3.272378E-01
Slice   =    180 , Freq(kT, average of all copies)              =   0.3002
Orbit # =      0 , Freq(kT, this largest copy used for outline) =   0.3002
Points  =     29
  kx            ky            kz
  6.119138E+00  5.097440E+00 -1.852910E+00
  6.117668E+00  5.099219E+00 -1.852062E+00
  6.106158E+00  5.103894E+00 -1.845416E+00
  6.093178E+00  5.110852E+00 -1.837922E+00
  6.080198E+00  5.109184E+00 -1.830429E+00
  6.067218E+00  5.104539E+00 -1.822935E+00
  6.062357E+00  5.099219E+00 -1.820128E+00
  6.058848E+00  5.084231E+00 -1.818102E+00
  6.054238E+00  5.078152E+00 -1.815441E+00
  6.046577E+00  5.069243E+00 -1.811017E+00
  6.041258E+00  5.064698E+00 -1.807947E+00
  6.032986E+00  5.054255E+00 -1.803170E+00
  6.032914E+00  5.039267E+00 -1.803129E+00
  6.029632E+00  5.024279E+00 -1.801234E+00
  6.031459E+00  5.009291E+00 -1.802289E+00
  6.041258E+00  5.001112E+00 -1.807947E+00
  6.054238E+00  4.995279E+00 -1.815441E+00
  6.067218E+00  5.000309E+00 -1.822935E+00
  6.080198E+00  5.001410E+00 -1.830429E+00
  6.084676E+00  5.009291E+00 -1.833014E+00
  6.090070E+00  5.024279E+00 -1.836128E+00
  6.093178E+00  5.029585E+00 -1.837922E+00
  6.104286E+00  5.039267E+00 -1.844336E+00
  6.106158E+00  5.040853E+00 -1.845416E+00
  6.115368E+00  5.054255E+00 -1.850734E+00
  6.119138E+00  5.067382E+00 -1.852910E+00
  6.120259E+00  5.069243E+00 -1.853557E+00
  6.124070E+00  5.084231E+00 -1.855758E+00
  6.119138E+00  5.097440E+00 -1.852910E+00
Slice   =    106 , Freq(kT, average of all copies)              =   0.3165
Orbit # =      0 , Freq(kT, this largest copy used for outline) =   0.3232
Points  =     35
  kx            ky            kz
  4.629387E+00  4.949564E+00 -2.693523E+00
  4.616407E+00  4.953098E+00 -2.686029E+00
  4.604025E+00  4.963222E+00 -2.678880E+00
  4.603427E+00  4.963504E+00 -2.678535E+00
  4.590447E+00  4.963501E+00 -2.671041E+00
  4.589706E+00  4.963222E+00 -2.670613E+00
  4.577467E+00  4.960260E+00 -2.663547E+00
  4.564487E+00  4.961177E+00 -2.656053E+00
  4.551507E+00  4.958509E+00 -2.648559E+00
  4.538527E+00  4.950369E+00 -2.641065E+00
  4.525547E+00  4.951790E+00 -2.633571E+00
  4.521753E+00  4.948234E+00 -2.631381E+00
  4.512568E+00  4.934289E+00 -2.626077E+00
  4.499588E+00  4.936955E+00 -2.618583E+00
  4.494984E+00  4.933247E+00 -2.615925E+00
  4.494714E+00  4.918259E+00 -2.615770E+00
  4.495630E+00  4.903271E+00 -2.616299E+00
  4.499588E+00  4.900010E+00 -2.618583E+00
  4.512568E+00  4.894946E+00 -2.626077E+00
  4.525547E+00  4.890767E+00 -2.633571E+00
  4.531682E+00  4.888283E+00 -2.637113E+00
  4.538527E+00  4.885391E+00 -2.641065E+00
  4.541778E+00  4.888283E+00 -2.642942E+00
  4.551507E+00  4.892995E+00 -2.648559E+00
  4.564487E+00  4.890168E+00 -2.656053E+00
  4.577467E+00  4.897322E+00 -2.663547E+00
  4.590447E+00  4.902012E+00 -2.671041E+00
  4.598915E+00  4.903271E+00 -2.675930E+00
  4.603427E+00  4.904556E+00 -2.678535E+00
  4.616407E+00  4.918167E+00 -2.686029E+00
  4.629387E+00  4.917996E+00 -2.693523E+00
  4.629737E+00  4.918259E+00 -2.693725E+00
  4.636209E+00  4.933247E+00 -2.697462E+00
  4.632006E+00  4.948234E+00 -2.695035E+00
  4.629387E+00  4.949564E+00 -2.693523E+00
Slice   =     48 , Freq(kT, average of all copies)              =   0.3270
Orbit # =      0 , Freq(kT, this largest copy used for outline) =   0.3275
Points  =     39
  kx            ky            kz
  1.610446E+00  1.602510E+00 -1.965927E+00
  1.607446E+00  1.603711E+00 -1.964195E+00
  1.597466E+00  1.610135E+00 -1.958433E+00
  1.589515E+00  1.618699E+00 -1.953843E+00
  1.584486E+00  1.621179E+00 -1.950939E+00
  1.574720E+00  1.618699E+00 -1.945301E+00
  1.571506E+00  1.618009E+00 -1.943445E+00
  1.558526E+00  1.616921E+00 -1.935951E+00
  1.551924E+00  1.618699E+00 -1.932140E+00
  1.545546E+00  1.620108E+00 -1.928457E+00
  1.543097E+00  1.618699E+00 -1.927044E+00
  1.532566E+00  1.610288E+00 -1.920963E+00
  1.519586E+00  1.609530E+00 -1.913469E+00
  1.507083E+00  1.603711E+00 -1.906251E+00
  1.506606E+00  1.603130E+00 -1.905976E+00
  1.493626E+00  1.594113E+00 -1.898482E+00
  1.480646E+00  1.589438E+00 -1.890988E+00
  1.479839E+00  1.588723E+00 -1.890521E+00
  1.470166E+00  1.573735E+00 -1.884937E+00
  1.479994E+00  1.558747E+00 -1.890611E+00
  1.480646E+00  1.558132E+00 -1.890988E+00
  1.493626E+00  1.548741E+00 -1.898482E+00
  1.506606E+00  1.546547E+00 -1.905976E+00
  1.511985E+00  1.543759E+00 -1.909081E+00
  1.519586E+00  1.541649E+00 -1.913469E+00
  1.524609E+00  1.543759E+00 -1.916369E+00
  1.532566E+00  1.546487E+00 -1.920963E+00
  1.545546E+00  1.548917E+00 -1.928457E+00
  1.558526E+00  1.546773E+00 -1.935951E+00
  1.569173E+00  1.558747E+00 -1.942098E+00
  1.571506E+00  1.560504E+00 -1.943445E+00
  1.578961E+00  1.558747E+00 -1.947750E+00
  1.584486E+00  1.557662E+00 -1.950939E+00
  1.586047E+00  1.558747E+00 -1.951840E+00
  1.596810E+00  1.573735E+00 -1.958055E+00
  1.597466E+00  1.574898E+00 -1.958433E+00
  1.610446E+00  1.575861E+00 -1.965927E+00
  1.619535E+00  1.588723E+00 -1.971175E+00
  1.610446E+00  1.602510E+00 -1.965927E+00
Slice   =    103 , Freq(kT, average of all copies)              =   0.3367
Orbit # =      0 , Freq(kT, this largest copy used for outline) =   0.3437
Points  =     35
  kx            ky            kz
  2.944831E+00  2.872770E+00 -1.364440E+00
  2.931851E+00  2.877409E+00 -1.356946E+00
  2.929750E+00  2.878792E+00 -1.355732E+00
  2.918871E+00  2.893341E+00 -1.349452E+00
  2.905891E+00  2.886902E+00 -1.341958E+00
  2.901674E+00  2.878792E+00 -1.339523E+00
  2.892911E+00  2.869006E+00 -1.334464E+00
  2.888433E+00  2.863804E+00 -1.331878E+00
  2.879932E+00  2.858987E+00 -1.326970E+00
  2.869870E+00  2.848816E+00 -1.321161E+00
  2.866952E+00  2.841168E+00 -1.319476E+00
  2.863844E+00  2.833828E+00 -1.317682E+00
  2.857279E+00  2.818840E+00 -1.313891E+00
  2.853972E+00  2.815047E+00 -1.311982E+00
  2.842417E+00  2.803852E+00 -1.305311E+00
  2.841882E+00  2.788864E+00 -1.305002E+00
  2.850722E+00  2.773876E+00 -1.310106E+00
  2.853972E+00  2.769289E+00 -1.311982E+00
  2.866952E+00  2.762229E+00 -1.319476E+00
  2.874241E+00  2.758888E+00 -1.323685E+00
  2.879932E+00  2.756488E+00 -1.326970E+00
  2.883966E+00  2.758888E+00 -1.329299E+00
  2.892911E+00  2.764959E+00 -1.334464E+00
  2.897750E+00  2.773876E+00 -1.337257E+00
  2.905891E+00  2.780900E+00 -1.341958E+00
  2.915693E+00  2.788864E+00 -1.347617E+00
  2.918871E+00  2.791757E+00 -1.349452E+00
  2.924308E+00  2.803852E+00 -1.352590E+00
  2.927373E+00  2.818840E+00 -1.354360E+00
  2.931851E+00  2.828361E+00 -1.356946E+00
  2.939410E+00  2.833828E+00 -1.361310E+00
  2.944831E+00  2.840532E+00 -1.364440E+00
  2.947650E+00  2.848816E+00 -1.366067E+00
  2.948937E+00  2.863804E+00 -1.366810E+00
  2.944831E+00  2.872770E+00 -1.364440E+00
Slice   =     77 , Freq(kT, average of all copies)              =   0.3375
Orbit # =      0 , Freq(kT, this largest copy used for outline) =   0.3442
Points  =     35
  kx            ky            kz
  4.282262E+00  4.420000E+00 -3.271154E+00
  4.269282E+00  4.422864E+00 -3.263660E+00
  4.269139E+00  4.422920E+00 -3.263577E+00
  4.258197E+00  4.437908E+00 -3.257260E+00
  4.256302E+00  4.438892E+00 -3.256166E+00
  4.243322E+00  4.438746E+00 -3.248672E+00
  4.242016E+00  4.437908E+00 -3.247918E+00
  4.230342E+00  4.424298E+00 -3.241178E+00
  4.229499E+00  4.422920E+00 -3.240691E+00
  4.218952E+00  4.407932E+00 -3.234602E+00
  4.217362E+00  4.407138E+00 -3.233684E+00
  4.204383E+00  4.393869E+00 -3.226190E+00
  4.203807E+00  4.392944E+00 -3.225858E+00
  4.199991E+00  4.377956E+00 -3.223655E+00
  4.194821E+00  4.362968E+00 -3.220670E+00
  4.191403E+00  4.358696E+00 -3.218696E+00
  4.179596E+00  4.347980E+00 -3.211880E+00
  4.181185E+00  4.332992E+00 -3.212797E+00
  4.191403E+00  4.319522E+00 -3.218696E+00
  4.192826E+00  4.318004E+00 -3.219518E+00
  4.204383E+00  4.310586E+00 -3.226190E+00
  4.217362E+00  4.304180E+00 -3.233684E+00
  4.227334E+00  4.318004E+00 -3.239441E+00
  4.230342E+00  4.320345E+00 -3.241178E+00
  4.243322E+00  4.330246E+00 -3.248672E+00
  4.246731E+00  4.332992E+00 -3.250640E+00
  4.256302E+00  4.342453E+00 -3.256166E+00
  4.259743E+00  4.347980E+00 -3.258153E+00
  4.264757E+00  4.362968E+00 -3.261047E+00
  4.269282E+00  4.371820E+00 -3.263660E+00
  4.276954E+00  4.377956E+00 -3.268089E+00
  4.282262E+00  4.384043E+00 -3.271154E+00
  4.286140E+00  4.392944E+00 -3.273393E+00
  4.287853E+00  4.407932E+00 -3.274382E+00
  4.282262E+00  4.420000E+00 -3.271154E+00
Slice   =    201 , Freq(kT, average of all copies)              =   0.4015
Orbit # =      0 , Freq(kT, this largest copy used for outline) =   0.4124
Points  =     39
  kx            ky            kz
  5.979253E+00  4.050716E+00 -2.924922E-01
  5.966273E+00  4.054556E+00 -2.849982E-01
  5.953293E+00  4.062003E+00 -2.775042E-01
  5.950019E+00  4.063577E+00 -2.756138E-01
  5.940313E+00  4.066911E+00 -2.700103E-01
  5.933781E+00  4.063577E+00 -2.662387E-01
  5.927333E+00  4.058924E+00 -2.625163E-01
  5.914354E+00  4.056103E+00 -2.550223E-01
  5.901693E+00  4.048589E+00 -2.477125E-01
  5.901374E+00  4.048145E+00 -2.475283E-01
  5.888394E+00  4.040067E+00 -2.400343E-01
  5.877056E+00  4.033601E+00 -2.334884E-01
  5.875414E+00  4.031445E+00 -2.325404E-01
  5.862434E+00  4.023496E+00 -2.250464E-01
  5.851824E+00  4.018613E+00 -2.189206E-01
  5.849454E+00  4.014972E+00 -2.175524E-01
  5.836474E+00  4.006516E+00 -2.100584E-01
  5.829177E+00  4.003625E+00 -2.058458E-01
  5.827144E+00  3.988637E+00 -2.046718E-01
  5.836474E+00  3.975647E+00 -2.100584E-01
  5.839265E+00  3.973649E+00 -2.116702E-01
  5.849454E+00  3.970978E+00 -2.175524E-01
  5.862434E+00  3.962561E+00 -2.250464E-01
  5.875414E+00  3.971442E+00 -2.325404E-01
  5.888394E+00  3.968625E+00 -2.400343E-01
  5.896013E+00  3.973649E+00 -2.444332E-01
  5.901374E+00  3.977747E+00 -2.475283E-01
  5.914354E+00  3.978869E+00 -2.550223E-01
  5.927333E+00  3.982838E+00 -2.625163E-01
  5.937000E+00  3.988637E+00 -2.680974E-01
  5.940313E+00  3.990254E+00 -2.700103E-01
  5.953293E+00  3.989796E+00 -2.775042E-01
  5.966273E+00  4.003585E+00 -2.849982E-01
  5.979253E+00  4.002911E+00 -2.924922E-01
  5.980033E+00  4.003625E+00 -2.929426E-01
  5.987608E+00  4.018613E+00 -2.973159E-01
  5.985706E+00  4.033601E+00 -2.962177E-01
  5.980514E+00  4.048589E+00 -2.932199E-01
  5.979253E+00  4.050716E+00 -2.924922E-01
Slice   =     98 , Freq(kT, average of all copies)              =   0.4037
Orbit # =      0 , Freq(kT, this largest copy used for outline) =   0.4100
Points  =     41
  kx            ky            kz
  3.140360E+00  3.495234E+00 -1.983894E+00
  3.127380E+00  3.498845E+00 -1.976400E+00
  3.119215E+00  3.509391E+00 -1.971686E+00
  3.114400E+00  3.510739E+00 -1.968906E+00
  3.110109E+00  3.509391E+00 -1.966428E+00
  3.101420E+00  3.505902E+00 -1.961412E+00
  3.088440E+00  3.503539E+00 -1.953918E+00
  3.075461E+00  3.504126E+00 -1.946424E+00
  3.062481E+00  3.497780E+00 -1.938930E+00
  3.049501E+00  3.497295E+00 -1.931436E+00
  3.036521E+00  3.495445E+00 -1.923942E+00
  3.034758E+00  3.494403E+00 -1.922925E+00
  3.023541E+00  3.485491E+00 -1.916448E+00
  3.010561E+00  3.484076E+00 -1.908954E+00
  3.005234E+00  3.479415E+00 -1.905879E+00
  2.997581E+00  3.468756E+00 -1.901460E+00
  2.984601E+00  3.468127E+00 -1.893966E+00
  2.981218E+00  3.464427E+00 -1.892013E+00
  2.982388E+00  3.449439E+00 -1.892689E+00
  2.984601E+00  3.436435E+00 -1.893966E+00
  2.985350E+00  3.434451E+00 -1.894399E+00
  2.997581E+00  3.423158E+00 -1.901460E+00
  3.002195E+00  3.419463E+00 -1.904124E+00
  3.010561E+00  3.415974E+00 -1.908954E+00
  3.023541E+00  3.408282E+00 -1.916448E+00
  3.036521E+00  3.417977E+00 -1.923942E+00
  3.049501E+00  3.417990E+00 -1.931436E+00
  3.051630E+00  3.419463E+00 -1.932665E+00
  3.062481E+00  3.427955E+00 -1.938930E+00
  3.072557E+00  3.434451E+00 -1.944748E+00
  3.075461E+00  3.435615E+00 -1.946424E+00
  3.088440E+00  3.439317E+00 -1.953918E+00
  3.097828E+00  3.449439E+00 -1.959338E+00
  3.101420E+00  3.452638E+00 -1.961412E+00
  3.114400E+00  3.449891E+00 -1.968906E+00
  3.122946E+00  3.464427E+00 -1.973840E+00
  3.127380E+00  3.472432E+00 -1.976400E+00
  3.140360E+00  3.471649E+00 -1.983894E+00
  3.144782E+00  3.479415E+00 -1.986446E+00
  3.141428E+00  3.494403E+00 -1.984510E+00
  3.140360E+00  3.495234E+00 -1.983894E+00
Slice   =     31 , Freq(kT, average of all copies)              =   0.7278
Orbit # =      0 , Freq(kT, this largest copy used for outline) =   0.7278
Points  =     61
  kx            ky            kz
  2.677844E+00  3.822751E+00 -3.560979E+00
  2.664864E+00  3.830191E+00 -3.553485E+00
  2.651884E+00  3.832376E+00 -3.545991E+00
  2.642058E+00  3.837285E+00 -3.540318E+00
  2.638904E+00  3.839642E+00 -3.538497E+00
  2.625924E+00  3.846879E+00 -3.531003E+00
  2.612944E+00  3.851657E+00 -3.523509E+00
  2.611897E+00  3.852273E+00 -3.522905E+00
  2.599964E+00  3.857016E+00 -3.516015E+00
  2.586984E+00  3.863629E+00 -3.508521E+00
  2.577075E+00  3.867261E+00 -3.502800E+00
  2.574004E+00  3.869774E+00 -3.501027E+00
  2.563948E+00  3.882249E+00 -3.495221E+00
  2.561024E+00  3.885093E+00 -3.493533E+00
  2.548402E+00  3.897237E+00 -3.486245E+00
  2.548044E+00  3.897508E+00 -3.486039E+00
  2.535064E+00  3.906364E+00 -3.478545E+00
  2.528254E+00  3.912225E+00 -3.474613E+00
  2.522084E+00  3.914849E+00 -3.471051E+00
  2.513916E+00  3.912225E+00 -3.466335E+00
  2.517924E+00  3.897237E+00 -3.468649E+00
  2.522084E+00  3.892478E+00 -3.471051E+00
  2.530396E+00  3.882249E+00 -3.475850E+00
  2.522084E+00  3.874701E+00 -3.471051E+00
  2.517796E+00  3.867261E+00 -3.468575E+00
  2.522084E+00  3.864228E+00 -3.471051E+00
  2.535064E+00  3.859417E+00 -3.478545E+00
  2.546083E+00  3.852273E+00 -3.484907E+00
  2.537206E+00  3.837285E+00 -3.479782E+00
  2.548044E+00  3.831074E+00 -3.486039E+00
  2.559865E+00  3.822297E+00 -3.492864E+00
  2.561024E+00  3.813491E+00 -3.493533E+00
  2.562125E+00  3.807309E+00 -3.494168E+00
  2.569851E+00  3.792321E+00 -3.498629E+00
  2.574004E+00  3.787324E+00 -3.501027E+00
  2.586984E+00  3.779072E+00 -3.508521E+00
  2.588459E+00  3.777333E+00 -3.509372E+00
  2.586984E+00  3.772495E+00 -3.508521E+00
  2.582409E+00  3.762345E+00 -3.505880E+00
  2.586984E+00  3.759636E+00 -3.508521E+00
  2.599964E+00  3.753774E+00 -3.516015E+00
  2.609173E+00  3.747357E+00 -3.521332E+00
  2.606993E+00  3.732369E+00 -3.520073E+00
  2.612944E+00  3.728490E+00 -3.523509E+00
  2.625924E+00  3.721580E+00 -3.531003E+00
  2.632757E+00  3.717381E+00 -3.534948E+00
  2.638904E+00  3.708446E+00 -3.538497E+00
  2.643889E+00  3.702393E+00 -3.541375E+00
  2.651884E+00  3.694850E+00 -3.545991E+00
  2.664864E+00  3.687813E+00 -3.553485E+00
  2.677844E+00  3.690324E+00 -3.560979E+00
  2.682842E+00  3.702393E+00 -3.563864E+00
  2.682811E+00  3.717381E+00 -3.563847E+00
  2.685866E+00  3.732369E+00 -3.565610E+00
  2.686306E+00  3.747357E+00 -3.565865E+00
  2.687464E+00  3.762345E+00 -3.566533E+00
  2.688758E+00  3.777333E+00 -3.567280E+00
  2.687803E+00  3.792321E+00 -3.566729E+00
  2.689272E+00  3.807309E+00 -3.567577E+00
  2.678518E+00  3.822297E+00 -3.561368E+00
  2.677844E+00  3.822751E+00 -3.560979E+00
Slice   =     16 , Freq(kT, average of all copies)              =   0.7858
Orbit # =      0 , Freq(kT, this largest copy used for outline) =   0.7858
Points  =     67
  kx            ky            kz
  3.370191E+00  3.703948E+00 -4.220305E+00
  3.357211E+00  3.707859E+00 -4.212811E+00
  3.353386E+00  3.717381E+00 -4.210602E+00
  3.357211E+00  3.727187E+00 -4.212811E+00
  3.361447E+00  3.732369E+00 -4.215256E+00
  3.357211E+00  3.734769E+00 -4.212811E+00
  3.347728E+00  3.747357E+00 -4.207336E+00
  3.344231E+00  3.752624E+00 -4.205317E+00
  3.333641E+00  3.762345E+00 -4.199203E+00
  3.335345E+00  3.777333E+00 -4.200186E+00
  3.331251E+00  3.780368E+00 -4.197823E+00
  3.318271E+00  3.786114E+00 -4.190329E+00
  3.309715E+00  3.792321E+00 -4.185389E+00
  3.315233E+00  3.807309E+00 -4.188575E+00
  3.305291E+00  3.813618E+00 -4.182835E+00
  3.296188E+00  3.822297E+00 -4.177579E+00
  3.292311E+00  3.836119E+00 -4.175341E+00
  3.291775E+00  3.837285E+00 -4.175031E+00
  3.281920E+00  3.852273E+00 -4.169341E+00
  3.279331E+00  3.855462E+00 -4.167847E+00
  3.266351E+00  3.865254E+00 -4.160353E+00
  3.262878E+00  3.867261E+00 -4.158347E+00
  3.262055E+00  3.882249E+00 -4.157872E+00
  3.253372E+00  3.887918E+00 -4.152859E+00
  3.240392E+00  3.894414E+00 -4.145365E+00
  3.238159E+00  3.897237E+00 -4.144076E+00
  3.227412E+00  3.911999E+00 -4.137871E+00
  3.226597E+00  3.912225E+00 -4.137401E+00
  3.219353E+00  3.927213E+00 -4.133218E+00
  3.214432E+00  3.931946E+00 -4.130377E+00
  3.201452E+00  3.932993E+00 -4.122883E+00
  3.189277E+00  3.927213E+00 -4.115854E+00
  3.188472E+00  3.926471E+00 -4.115389E+00
  3.182303E+00  3.912225E+00 -4.111827E+00
  3.183377E+00  3.897237E+00 -4.112448E+00
  3.180628E+00  3.882249E+00 -4.110860E+00
  3.178925E+00  3.867261E+00 -4.109877E+00
  3.181346E+00  3.852273E+00 -4.111275E+00
  3.175492E+00  3.839669E+00 -4.107895E+00
  3.173848E+00  3.837285E+00 -4.106946E+00
  3.175492E+00  3.833908E+00 -4.107895E+00
  3.180448E+00  3.822297E+00 -4.110757E+00
  3.182534E+00  3.807309E+00 -4.111961E+00
  3.188472E+00  3.795646E+00 -4.115389E+00
  3.190811E+00  3.792321E+00 -4.116740E+00
  3.201452E+00  3.788650E+00 -4.122883E+00
  3.214432E+00  3.783728E+00 -4.130377E+00
  3.227412E+00  3.777358E+00 -4.137871E+00
  3.227454E+00  3.777333E+00 -4.137895E+00
  3.240392E+00  3.771685E+00 -4.145365E+00
  3.253372E+00  3.765904E+00 -4.152859E+00
  3.259017E+00  3.762345E+00 -4.156119E+00
  3.266351E+00  3.758695E+00 -4.160353E+00
  3.279331E+00  3.753551E+00 -4.167847E+00
  3.292311E+00  3.748006E+00 -4.175341E+00
  3.293617E+00  3.747357E+00 -4.176095E+00
  3.301825E+00  3.732369E+00 -4.180834E+00
  3.305291E+00  3.729032E+00 -4.182835E+00
  3.318271E+00  3.723258E+00 -4.190329E+00
  3.322205E+00  3.717381E+00 -4.192600E+00
  3.331251E+00  3.708864E+00 -4.197823E+00
  3.344231E+00  3.704611E+00 -4.205317E+00
  3.349681E+00  3.702393E+00 -4.208463E+00
  3.357211E+00  3.693313E+00 -4.212811E+00
  3.370191E+00  3.700176E+00 -4.220305E+00
  3.372626E+00  3.702393E+00 -4.221710E+00
  3.370191E+00  3.703948E+00 -4.220305E+00
Slice   =     49 , Freq(kT, average of all copies)              =   0.8330
Orbit # =      0 , Freq(kT, this largest copy used for outline) =   0.8330
Points  =     69
  kx            ky            kz
  2.683576E+00  3.390289E+00 -2.556585E+00
  2.670892E+00  3.402266E+00 -2.549262E+00
  2.670596E+00  3.402464E+00 -2.549091E+00
  2.657616E+00  3.409567E+00 -2.541597E+00
  2.644636E+00  3.412546E+00 -2.534103E+00
  2.633594E+00  3.417254E+00 -2.527727E+00
  2.631656E+00  3.418858E+00 -2.526609E+00
  2.618676E+00  3.428584E+00 -2.519115E+00
  2.607469E+00  3.432242E+00 -2.512644E+00
  2.605696E+00  3.432845E+00 -2.511621E+00
  2.592717E+00  3.440612E+00 -2.504127E+00
  2.579737E+00  3.445146E+00 -2.496633E+00
  2.576070E+00  3.447230E+00 -2.494516E+00
  2.567839E+00  3.462218E+00 -2.489764E+00
  2.566757E+00  3.463017E+00 -2.489139E+00
  2.553777E+00  3.470177E+00 -2.481645E+00
  2.546630E+00  3.477206E+00 -2.477519E+00
  2.540797E+00  3.482693E+00 -2.474151E+00
  2.531972E+00  3.492194E+00 -2.469056E+00
  2.527817E+00  3.497270E+00 -2.466657E+00
  2.514837E+00  3.499083E+00 -2.459163E+00
  2.501857E+00  3.498482E+00 -2.451669E+00
  2.498123E+00  3.492194E+00 -2.449514E+00
  2.501857E+00  3.477403E+00 -2.451669E+00
  2.501967E+00  3.477206E+00 -2.451733E+00
  2.514837E+00  3.466290E+00 -2.459163E+00
  2.517666E+00  3.462218E+00 -2.460797E+00
  2.514837E+00  3.459317E+00 -2.459163E+00
  2.505158E+00  3.447230E+00 -2.453575E+00
  2.514837E+00  3.442035E+00 -2.459163E+00
  2.527817E+00  3.436183E+00 -2.466657E+00
  2.533979E+00  3.432242E+00 -2.470215E+00
  2.527817E+00  3.421836E+00 -2.466657E+00
  2.526012E+00  3.417254E+00 -2.465615E+00
  2.527817E+00  3.415897E+00 -2.466657E+00
  2.540797E+00  3.408551E+00 -2.474151E+00
  2.550069E+00  3.402266E+00 -2.479504E+00
  2.553697E+00  3.387278E+00 -2.481599E+00
  2.553777E+00  3.387175E+00 -2.481645E+00
  2.561817E+00  3.372290E+00 -2.486287E+00
  2.566757E+00  3.367244E+00 -2.489139E+00
  2.579737E+00  3.357644E+00 -2.496633E+00
  2.580045E+00  3.357302E+00 -2.496811E+00
  2.579737E+00  3.356264E+00 -2.496633E+00
  2.574124E+00  3.342314E+00 -2.493393E+00
  2.579737E+00  3.339105E+00 -2.496633E+00
  2.592717E+00  3.333364E+00 -2.504127E+00
  2.600735E+00  3.327326E+00 -2.508756E+00
  2.598821E+00  3.312338E+00 -2.507652E+00
  2.605696E+00  3.307632E+00 -2.511621E+00
  2.618676E+00  3.300802E+00 -2.519115E+00
  2.624291E+00  3.297350E+00 -2.522357E+00
  2.631656E+00  3.287862E+00 -2.526609E+00
  2.635023E+00  3.282362E+00 -2.528553E+00
  2.644636E+00  3.271128E+00 -2.534103E+00
  2.655368E+00  3.267374E+00 -2.540299E+00
  2.657616E+00  3.266479E+00 -2.541597E+00
  2.670596E+00  3.257921E+00 -2.549091E+00
  2.677102E+00  3.267374E+00 -2.552847E+00
  2.683576E+00  3.278514E+00 -2.556585E+00
  2.684964E+00  3.282362E+00 -2.557386E+00
  2.684901E+00  3.297350E+00 -2.557350E+00
  2.687749E+00  3.312338E+00 -2.558994E+00
  2.688840E+00  3.327326E+00 -2.559624E+00
  2.687087E+00  3.342314E+00 -2.558612E+00
  2.691320E+00  3.357302E+00 -2.561056E+00
  2.683823E+00  3.372290E+00 -2.556727E+00
  2.686931E+00  3.387278E+00 -2.558522E+00
  2.683576E+00  3.390289E+00 -2.556585E+00
Slice   =     67 , Freq(kT, average of all copies)              =   0.9412
Orbit # =      0 , Freq(kT, this largest copy used for outline) =   0.9412
Points  =     81
  kx            ky            kz
  2.689308E+00  2.939886E+00 -1.552191E+00
  2.681022E+00  2.952259E+00 -1.547407E+00
  2.682250E+00  2.967247E+00 -1.548116E+00
  2.676329E+00  2.973004E+00 -1.544697E+00
  2.663349E+00  2.979555E+00 -1.537203E+00
  2.661603E+00  2.982235E+00 -1.536195E+00
  2.650369E+00  2.989126E+00 -1.529709E+00
  2.637389E+00  2.992254E+00 -1.522215E+00
  2.625995E+00  2.997223E+00 -1.515637E+00
  2.624409E+00  2.998908E+00 -1.514721E+00
  2.611429E+00  3.008999E+00 -1.507227E+00
  2.605116E+00  3.012211E+00 -1.503582E+00
  2.598449E+00  3.016194E+00 -1.499733E+00
  2.585469E+00  3.023000E+00 -1.492239E+00
  2.576444E+00  3.027199E+00 -1.487029E+00
  2.572489E+00  3.032359E+00 -1.484745E+00
  2.568093E+00  3.042187E+00 -1.482207E+00
  2.559509E+00  3.049331E+00 -1.477251E+00
  2.546529E+00  3.054653E+00 -1.469757E+00
  2.544335E+00  3.057175E+00 -1.468490E+00
  2.534345E+00  3.072163E+00 -1.462723E+00
  2.533549E+00  3.073125E+00 -1.462263E+00
  2.520569E+00  3.080695E+00 -1.454769E+00
  2.509116E+00  3.087151E+00 -1.448157E+00
  2.507589E+00  3.088513E+00 -1.447275E+00
  2.495230E+00  3.102139E+00 -1.440140E+00
  2.494609E+00  3.102465E+00 -1.439781E+00
  2.481629E+00  3.107717E+00 -1.432287E+00
  2.468942E+00  3.102139E+00 -1.424962E+00
  2.481629E+00  3.095538E+00 -1.432287E+00
  2.494609E+00  3.100731E+00 -1.439781E+00
  2.505370E+00  3.087151E+00 -1.445994E+00
  2.494609E+00  3.082087E+00 -1.439781E+00
  2.488218E+00  3.072163E+00 -1.436091E+00
  2.492470E+00  3.057175E+00 -1.438546E+00
  2.494609E+00  3.054253E+00 -1.439781E+00
  2.505038E+00  3.042187E+00 -1.445803E+00
  2.494609E+00  3.027714E+00 -1.439781E+00
  2.494442E+00  3.027199E+00 -1.439685E+00
  2.494609E+00  3.026969E+00 -1.439781E+00
  2.507589E+00  3.019461E+00 -1.447275E+00
  2.520569E+00  3.013469E+00 -1.454769E+00
  2.522173E+00  3.012211E+00 -1.455695E+00
  2.520569E+00  3.009183E+00 -1.454769E+00
  2.515108E+00  2.997223E+00 -1.451616E+00
  2.520569E+00  2.993839E+00 -1.454769E+00
  2.533549E+00  2.985843E+00 -1.462263E+00
  2.539409E+00  2.982235E+00 -1.465646E+00
  2.544756E+00  2.967247E+00 -1.468733E+00
  2.546529E+00  2.964805E+00 -1.469757E+00
  2.553686E+00  2.952259E+00 -1.473890E+00
  2.559509E+00  2.947272E+00 -1.477251E+00
  2.571966E+00  2.937271E+00 -1.484443E+00
  2.566937E+00  2.922283E+00 -1.481540E+00
  2.572489E+00  2.919298E+00 -1.484745E+00
  2.585469E+00  2.912765E+00 -1.492239E+00
  2.592937E+00  2.907295E+00 -1.496551E+00
  2.591313E+00  2.892307E+00 -1.495613E+00
  2.598449E+00  2.887466E+00 -1.499733E+00
  2.611429E+00  2.880221E+00 -1.507227E+00
  2.616303E+00  2.877319E+00 -1.510041E+00
  2.624409E+00  2.868206E+00 -1.514721E+00
  2.627978E+00  2.862331E+00 -1.516782E+00
  2.637389E+00  2.851139E+00 -1.522215E+00
  2.643984E+00  2.847343E+00 -1.526023E+00
  2.650369E+00  2.843246E+00 -1.529709E+00
  2.663349E+00  2.837534E+00 -1.537203E+00
  2.668385E+00  2.832355E+00 -1.540111E+00
  2.676329E+00  2.821983E+00 -1.544697E+00
  2.679899E+00  2.832355E+00 -1.546758E+00
  2.682763E+00  2.847343E+00 -1.548412E+00
  2.686483E+00  2.862331E+00 -1.550560E+00
  2.687453E+00  2.877319E+00 -1.551120E+00
  2.686807E+00  2.892307E+00 -1.550747E+00
  2.689308E+00  2.905635E+00 -1.552191E+00
  2.690015E+00  2.907295E+00 -1.552599E+00
  2.689308E+00  2.908556E+00 -1.552191E+00
  2.685335E+00  2.922283E+00 -1.549897E+00
  2.689308E+00  2.933862E+00 -1.552191E+00
  2.690871E+00  2.937271E+00 -1.553093E+00
  2.689308E+00  2.939886E+00 -1.552191E+00
Slice   =     25 , Freq(kT, average of all copies)              =   1.1551
Orbit # =      0 , Freq(kT, this largest copy used for outline) =   1.1852
Points  =     89
  kx            ky            kz
  2.412861E+00  2.176435E+00 -2.263341E+00
  2.399881E+00  2.184217E+00 -2.255847E+00
  2.398479E+00  2.187505E+00 -2.255038E+00
  2.399881E+00  2.191605E+00 -2.255847E+00
  2.405815E+00  2.202493E+00 -2.259273E+00
  2.399881E+00  2.207965E+00 -2.255847E+00
  2.391335E+00  2.217481E+00 -2.250913E+00
  2.395893E+00  2.232469E+00 -2.253545E+00
  2.386901E+00  2.242260E+00 -2.248353E+00
  2.382857E+00  2.247457E+00 -2.246018E+00
  2.373921E+00  2.259416E+00 -2.240859E+00
  2.368932E+00  2.262445E+00 -2.237979E+00
  2.360941E+00  2.275642E+00 -2.233365E+00
  2.360414E+00  2.277433E+00 -2.233061E+00
  2.347961E+00  2.284779E+00 -2.225871E+00
  2.334981E+00  2.290468E+00 -2.218377E+00
  2.332725E+00  2.292421E+00 -2.217075E+00
  2.322001E+00  2.305392E+00 -2.210883E+00
  2.319117E+00  2.307409E+00 -2.209218E+00
  2.311059E+00  2.322397E+00 -2.204566E+00
  2.309021E+00  2.324126E+00 -2.203389E+00
  2.296041E+00  2.333526E+00 -2.195895E+00
  2.290056E+00  2.337385E+00 -2.192440E+00
  2.284094E+00  2.352373E+00 -2.188998E+00
  2.283062E+00  2.352633E+00 -2.188402E+00
  2.270082E+00  2.362455E+00 -2.180908E+00
  2.263220E+00  2.367361E+00 -2.176946E+00
  2.257102E+00  2.372770E+00 -2.173414E+00
  2.247526E+00  2.382349E+00 -2.167885E+00
  2.244122E+00  2.386259E+00 -2.165920E+00
  2.231142E+00  2.394251E+00 -2.158426E+00
  2.223449E+00  2.397337E+00 -2.153984E+00
  2.218162E+00  2.405041E+00 -2.150932E+00
  2.214161E+00  2.412325E+00 -2.148622E+00
  2.205182E+00  2.417911E+00 -2.143438E+00
  2.192202E+00  2.419961E+00 -2.135944E+00
  2.179222E+00  2.419011E+00 -2.128450E+00
  2.177363E+00  2.412325E+00 -2.127376E+00
  2.177219E+00  2.397337E+00 -2.127293E+00
  2.179222E+00  2.394299E+00 -2.128450E+00
  2.187043E+00  2.382349E+00 -2.132965E+00
  2.179222E+00  2.372900E+00 -2.128450E+00
  2.174920E+00  2.367361E+00 -2.125966E+00
  2.179222E+00  2.364340E+00 -2.128450E+00
  2.192202E+00  2.352675E+00 -2.135944E+00
  2.192473E+00  2.352373E+00 -2.136100E+00
  2.192202E+00  2.351888E+00 -2.135944E+00
  2.185925E+00  2.337385E+00 -2.132320E+00
  2.192202E+00  2.328912E+00 -2.135944E+00
  2.197725E+00  2.322397E+00 -2.139133E+00
  2.201988E+00  2.307409E+00 -2.141594E+00
  2.204937E+00  2.292421E+00 -2.143297E+00
  2.205182E+00  2.292159E+00 -2.143438E+00
  2.218162E+00  2.283442E+00 -2.150932E+00
  2.231142E+00  2.279045E+00 -2.158426E+00
  2.233241E+00  2.277433E+00 -2.159638E+00
  2.231142E+00  2.271662E+00 -2.158426E+00
  2.226829E+00  2.262445E+00 -2.155935E+00
  2.231142E+00  2.260229E+00 -2.158426E+00
  2.244122E+00  2.256303E+00 -2.165920E+00
  2.257102E+00  2.248983E+00 -2.173414E+00
  2.259475E+00  2.247457E+00 -2.174784E+00
  2.267721E+00  2.232469E+00 -2.179545E+00
  2.270082E+00  2.230675E+00 -2.180908E+00
  2.283062E+00  2.217853E+00 -2.188402E+00
  2.283770E+00  2.217481E+00 -2.188810E+00
  2.296041E+00  2.207029E+00 -2.195895E+00
  2.298469E+00  2.202493E+00 -2.197297E+00
  2.309021E+00  2.188546E+00 -2.203389E+00
  2.310867E+00  2.187505E+00 -2.204455E+00
  2.322001E+00  2.180305E+00 -2.210883E+00
  2.329751E+00  2.172517E+00 -2.215357E+00
  2.334981E+00  2.165381E+00 -2.218377E+00
  2.341800E+00  2.157529E+00 -2.222314E+00
  2.347961E+00  2.153322E+00 -2.225871E+00
  2.360941E+00  2.146862E+00 -2.233365E+00
  2.368388E+00  2.142541E+00 -2.237665E+00
  2.373921E+00  2.130736E+00 -2.240859E+00
  2.377278E+00  2.127553E+00 -2.242798E+00
  2.386901E+00  2.124224E+00 -2.248353E+00
  2.399881E+00  2.121399E+00 -2.255847E+00
  2.408561E+00  2.127553E+00 -2.260859E+00
  2.412861E+00  2.131106E+00 -2.263341E+00
  2.417341E+00  2.142541E+00 -2.265928E+00
  2.412861E+00  2.149725E+00 -2.263341E+00
  2.406030E+00  2.157529E+00 -2.259398E+00
  2.412861E+00  2.165001E+00 -2.263341E+00
  2.415541E+00  2.172517E+00 -2.264889E+00
  2.412861E+00  2.176435E+00 -2.263341E+00
Theta(deg) =   0.000000 , Phi(deg) =  32.500000 , Number of orbits =    10 , (a.u.^-1) units
Slice   =    210 , Freq(kT, average of all copies)              =   0.2889
Orbit # =      0 , Freq(kT, this largest copy used for outline) =   0.2944
Points  =     29
  kx            ky            kz
  6.931258E+00  5.668558E+00 -1.365708E+00
  6.918618E+00  5.669362E+00 -1.357655E+00
  6.916189E+00  5.668025E+00 -1.356107E+00
  6.905977E+00  5.664929E+00 -1.349602E+00
  6.893336E+00  5.659609E+00 -1.341549E+00
  6.887434E+00  5.653037E+00 -1.337789E+00
  6.882268E+00  5.638049E+00 -1.334497E+00
  6.880696E+00  5.635340E+00 -1.333496E+00
  6.874156E+00  5.623061E+00 -1.329330E+00
  6.868055E+00  5.616926E+00 -1.325443E+00
  6.857756E+00  5.608073E+00 -1.318882E+00
  6.856000E+00  5.593085E+00 -1.317763E+00
  6.855734E+00  5.578097E+00 -1.317593E+00
  6.857998E+00  5.563109E+00 -1.319036E+00
  6.868055E+00  5.549894E+00 -1.325443E+00
  6.880696E+00  5.548542E+00 -1.333496E+00
  6.893336E+00  5.548480E+00 -1.341549E+00
  6.904931E+00  5.563109E+00 -1.348935E+00
  6.905977E+00  5.565135E+00 -1.349602E+00
  6.909527E+00  5.578097E+00 -1.351863E+00
  6.918618E+00  5.588518E+00 -1.357655E+00
  6.924627E+00  5.593085E+00 -1.361483E+00
  6.931258E+00  5.602151E+00 -1.365708E+00
  6.933912E+00  5.608073E+00 -1.367398E+00
  6.936768E+00  5.623061E+00 -1.369218E+00
  6.940533E+00  5.638049E+00 -1.371616E+00
  6.940925E+00  5.653037E+00 -1.371866E+00
  6.931820E+00  5.668025E+00 -1.366065E+00
  6.931258E+00  5.668558E+00 -1.365708E+00
Slice   =    210 , Freq(kT, average of all copies)              =   0.2964
Orbit # =      0 , Freq(kT, this largest copy used for outline) =   0.3040
Points  =     35
  kx            ky            kz
  4.459323E+00  2.986416E+00  1.678675E+00
  4.446682E+00  2.992686E+00  1.686728E+00
  4.434041E+00  2.993616E+00  1.694781E+00
  4.423061E+00  2.999800E+00  1.701777E+00
  4.421400E+00  3.000502E+00  1.702835E+00
  4.419312E+00  2.999800E+00  1.704165E+00
  4.408760E+00  2.995172E+00  1.710888E+00
  4.396119E+00  2.989518E+00  1.718941E+00
  4.383478E+00  2.988844E+00  1.726994E+00
  4.379000E+00  2.984812E+00  1.729847E+00
  4.370838E+00  2.975493E+00  1.735047E+00
  4.358197E+00  2.975029E+00  1.743100E+00
  4.350374E+00  2.969824E+00  1.748083E+00
  4.345556E+00  2.959729E+00  1.751153E+00
  4.332915E+00  2.955458E+00  1.759206E+00
  4.331138E+00  2.954836E+00  1.760338E+00
  4.332915E+00  2.945246E+00  1.759206E+00
  4.333756E+00  2.939848E+00  1.758670E+00
  4.345556E+00  2.930969E+00  1.751153E+00
  4.351907E+00  2.924860E+00  1.747106E+00
  4.358197E+00  2.918782E+00  1.743100E+00
  4.370838E+00  2.917266E+00  1.735047E+00
  4.383478E+00  2.919607E+00  1.726994E+00
  4.396119E+00  2.916192E+00  1.718941E+00
  4.402279E+00  2.924860E+00  1.715016E+00
  4.408760E+00  2.930914E+00  1.710888E+00
  4.421400E+00  2.929341E+00  1.702835E+00
  4.431111E+00  2.939848E+00  1.696648E+00
  4.434041E+00  2.944217E+00  1.694781E+00
  4.446682E+00  2.947374E+00  1.686728E+00
  4.455595E+00  2.954836E+00  1.681050E+00
  4.459323E+00  2.968294E+00  1.678675E+00
  4.461376E+00  2.969824E+00  1.677367E+00
  4.461952E+00  2.984812E+00  1.677000E+00
  4.459323E+00  2.986416E+00  1.678675E+00
Slice   =     78 , Freq(kT, average of all copies)              =   0.3436
Orbit # =      0 , Freq(kT, this largest copy used for outline) =   0.3516
Points  =     37
  kx            ky            kz
  3.501740E+00  3.996883E+00 -3.104410E+00
  3.489100E+00  4.001105E+00 -3.096357E+00
  3.486952E+00  4.002889E+00 -3.094988E+00
  3.476459E+00  4.008342E+00 -3.088304E+00
  3.463818E+00  4.005208E+00 -3.080250E+00
  3.461522E+00  4.002889E+00 -3.078788E+00
  3.456281E+00  3.987901E+00 -3.075449E+00
  3.451177E+00  3.982209E+00 -3.072197E+00
  3.442512E+00  3.972913E+00 -3.066677E+00
  3.438537E+00  3.970286E+00 -3.064144E+00
  3.425896E+00  3.959150E+00 -3.056091E+00
  3.424792E+00  3.957925E+00 -3.055388E+00
  3.421802E+00  3.942937E+00 -3.053483E+00
  3.414712E+00  3.927949E+00 -3.048966E+00
  3.413255E+00  3.925752E+00 -3.048038E+00
  3.400615E+00  3.913366E+00 -3.039985E+00
  3.400264E+00  3.912961E+00 -3.039762E+00
  3.400615E+00  3.911660E+00 -3.039985E+00
  3.407845E+00  3.897973E+00 -3.044592E+00
  3.413255E+00  3.890370E+00 -3.048038E+00
  3.425896E+00  3.884258E+00 -3.056091E+00
  3.428851E+00  3.882985E+00 -3.057974E+00
  3.438537E+00  3.878134E+00 -3.064144E+00
  3.451177E+00  3.882936E+00 -3.072197E+00
  3.451218E+00  3.882985E+00 -3.072223E+00
  3.463818E+00  3.893323E+00 -3.080250E+00
  3.469045E+00  3.897973E+00 -3.083580E+00
  3.476459E+00  3.902904E+00 -3.088304E+00
  3.481547E+00  3.912961E+00 -3.091545E+00
  3.484875E+00  3.927949E+00 -3.093665E+00
  3.489100E+00  3.935696E+00 -3.096357E+00
  3.499500E+00  3.942937E+00 -3.102982E+00
  3.501740E+00  3.945044E+00 -3.104410E+00
  3.506646E+00  3.957925E+00 -3.107535E+00
  3.508536E+00  3.972913E+00 -3.108739E+00
  3.507496E+00  3.987901E+00 -3.108076E+00
  3.501740E+00  3.996883E+00 -3.104410E+00
Slice   =    113 , Freq(kT, average of all copies)              =   0.3445
Orbit # =      0 , Freq(kT, this largest copy used for outline) =   0.3518
Points  =     35
  kx            ky            kz
  4.259652E+00  3.581759E+00 -1.298674E+00
  4.253664E+00  3.582858E+00 -1.294860E+00
  4.247011E+00  3.586967E+00 -1.290621E+00
  4.239504E+00  3.597846E+00 -1.285838E+00
  4.234371E+00  3.599315E+00 -1.282568E+00
  4.221730E+00  3.598291E+00 -1.274515E+00
  4.221139E+00  3.597846E+00 -1.274139E+00
  4.209605E+00  3.582858E+00 -1.266791E+00
  4.209089E+00  3.582323E+00 -1.266462E+00
  4.199066E+00  3.567870E+00 -1.260077E+00
  4.196449E+00  3.566517E+00 -1.258409E+00
  4.183974E+00  3.552882E+00 -1.250462E+00
  4.183808E+00  3.552242E+00 -1.250356E+00
  4.180324E+00  3.537894E+00 -1.248136E+00
  4.174316E+00  3.522906E+00 -1.244309E+00
  4.171167E+00  3.518988E+00 -1.242303E+00
  4.158886E+00  3.507918E+00 -1.234479E+00
  4.162614E+00  3.492930E+00 -1.236854E+00
  4.171103E+00  3.477942E+00 -1.242262E+00
  4.171167E+00  3.477883E+00 -1.242303E+00
  4.183808E+00  3.470936E+00 -1.250356E+00
  4.196449E+00  3.464515E+00 -1.258409E+00
  4.208013E+00  3.477942E+00 -1.265777E+00
  4.209089E+00  3.478670E+00 -1.266462E+00
  4.221730E+00  3.489427E+00 -1.274515E+00
  4.226831E+00  3.492930E+00 -1.277765E+00
  4.234371E+00  3.499878E+00 -1.282568E+00
  4.238864E+00  3.507918E+00 -1.285431E+00
  4.243211E+00  3.522906E+00 -1.288200E+00
  4.247011E+00  3.530676E+00 -1.290621E+00
  4.258128E+00  3.537894E+00 -1.297703E+00
  4.259652E+00  3.539591E+00 -1.298674E+00
  4.264605E+00  3.552882E+00 -1.301830E+00
  4.266631E+00  3.567870E+00 -1.303120E+00
  4.259652E+00  3.581759E+00 -1.298674E+00
Slice   =     35 , Freq(kT, average of all copies)              =   0.3922
Orbit # =      0 , Freq(kT, this largest copy used for outline) =   0.3980
Points  =     39
  kx            ky            kz
 -6.363057E-02  2.917931E-01 -1.330699E+00
 -7.571359E-02  2.997591E-01 -1.323001E+00
 -7.627128E-02  3.000570E-01 -1.322646E+00
 -8.891199E-02  3.078283E-01 -1.314593E+00
 -1.015527E-01  3.069601E-01 -1.306540E+00
 -1.136761E-01  2.997591E-01 -1.298816E+00
 -1.141934E-01  2.994507E-01 -1.298487E+00
 -1.268341E-01  2.946043E-01 -1.290434E+00
 -1.394748E-01  2.850546E-01 -1.282381E+00
 -1.398262E-01  2.847712E-01 -1.282157E+00
 -1.521156E-01  2.779780E-01 -1.274328E+00
 -1.637607E-01  2.697832E-01 -1.266909E+00
 -1.647563E-01  2.687177E-01 -1.266275E+00
 -1.773970E-01  2.609121E-01 -1.258222E+00
 -1.885472E-01  2.547952E-01 -1.251118E+00
 -1.900377E-01  2.519838E-01 -1.250168E+00
 -2.026784E-01  2.417510E-01 -1.242115E+00
 -2.088907E-01  2.398073E-01 -1.238158E+00
 -2.071472E-01  2.248193E-01 -1.239269E+00
 -2.026784E-01  2.193841E-01 -1.242115E+00
 -1.900377E-01  2.105940E-01 -1.250168E+00
 -1.889584E-01  2.098314E-01 -1.250856E+00
 -1.773970E-01  2.017382E-01 -1.258222E+00
 -1.647563E-01  2.095766E-01 -1.266275E+00
 -1.521156E-01  2.072870E-01 -1.274328E+00
 -1.473419E-01  2.098314E-01 -1.277369E+00
 -1.394748E-01  2.160126E-01 -1.282381E+00
 -1.268341E-01  2.192517E-01 -1.290434E+00
 -1.141934E-01  2.231747E-01 -1.298487E+00
 -1.117408E-01  2.248193E-01 -1.300049E+00
 -1.015527E-01  2.322484E-01 -1.306540E+00
 -8.891199E-02  2.347926E-01 -1.314593E+00
 -8.208439E-02  2.398073E-01 -1.318942E+00
 -7.627128E-02  2.475449E-01 -1.322646E+00
 -6.363057E-02  2.501670E-01 -1.330699E+00
 -5.894715E-02  2.547952E-01 -1.333682E+00
 -5.646371E-02  2.697832E-01 -1.335264E+00
 -5.879184E-02  2.847712E-01 -1.333781E+00
 -6.363057E-02  2.917931E-01 -1.330699E+00
Slice   =    147 , Freq(kT, average of all copies)              =   0.3944
Orbit # =      0 , Freq(kT, this largest copy used for outline) =   0.4025
Points  =     41
  kx            ky            kz
  4.710425E+00  4.048117E+00 -7.054800E-01
  4.709447E+00  4.048221E+00 -7.048571E-01
  4.697784E+00  4.048888E+00 -6.974270E-01
  4.685143E+00  4.059921E+00 -6.893740E-01
  4.672503E+00  4.054655E+00 -6.813209E-01
  4.659862E+00  4.052300E+00 -6.732679E-01
  4.647221E+00  4.052386E+00 -6.652149E-01
  4.639859E+00  4.048221E+00 -6.605247E-01
  4.634581E+00  4.043496E+00 -6.571619E-01
  4.621940E+00  4.041291E+00 -6.491088E-01
  4.609299E+00  4.035431E+00 -6.410558E-01
  4.605999E+00  4.033233E+00 -6.389530E-01
  4.596658E+00  4.027060E+00 -6.330028E-01
  4.584018E+00  4.023860E+00 -6.249498E-01
  4.577542E+00  4.018245E+00 -6.208241E-01
  4.571377E+00  4.009224E+00 -6.168967E-01
  4.558736E+00  4.007290E+00 -6.088437E-01
  4.555170E+00  4.003257E+00 -6.065714E-01
  4.557002E+00  3.988269E+00 -6.077389E-01
  4.558736E+00  3.980738E+00 -6.088437E-01
  4.562803E+00  3.973281E+00 -6.114346E-01
  4.571377E+00  3.965152E+00 -6.168967E-01
  4.581078E+00  3.958293E+00 -6.230767E-01
  4.584018E+00  3.957133E+00 -6.249498E-01
  4.596658E+00  3.951256E+00 -6.330028E-01
  4.604707E+00  3.958293E+00 -6.381304E-01
  4.609299E+00  3.962156E+00 -6.410558E-01
  4.621940E+00  3.963920E+00 -6.491088E-01
  4.632846E+00  3.973281E+00 -6.560569E-01
  4.634581E+00  3.975307E+00 -6.571619E-01
  4.647221E+00  3.982711E+00 -6.652149E-01
  4.658925E+00  3.988269E+00 -6.726709E-01
  4.659862E+00  3.988923E+00 -6.732679E-01
  4.672503E+00  4.000564E+00 -6.813209E-01
  4.685143E+00  4.001786E+00 -6.893740E-01
  4.686303E+00  4.003257E+00 -6.901125E-01
  4.695577E+00  4.018245E+00 -6.960208E-01
  4.697784E+00  4.022094E+00 -6.974270E-01
  4.710425E+00  4.019206E+00 -7.054800E-01
  4.714545E+00  4.033233E+00 -7.081050E-01
  4.710425E+00  4.048117E+00 -7.054800E-01
Slice   =     65 , Freq(kT, average of all copies)              =   0.6995
Orbit # =      0 , Freq(kT, this largest copy used for outline) =   0.6995
Points  =     65
  kx            ky            kz
  2.665242E+00  2.985704E+00 -1.599414E+00
  2.652602E+00  2.989816E+00 -1.591361E+00
  2.639961E+00  2.994190E+00 -1.583308E+00
  2.635570E+00  2.997223E+00 -1.580510E+00
  2.627320E+00  3.002184E+00 -1.575255E+00
  2.614680E+00  3.005664E+00 -1.567202E+00
  2.602039E+00  3.009081E+00 -1.559149E+00
  2.596547E+00  3.012211E+00 -1.555650E+00
  2.589398E+00  3.014930E+00 -1.551095E+00
  2.576757E+00  3.018219E+00 -1.543042E+00
  2.564117E+00  3.024247E+00 -1.534989E+00
  2.558822E+00  3.027199E+00 -1.531617E+00
  2.551476E+00  3.032571E+00 -1.526936E+00
  2.542622E+00  3.042187E+00 -1.521296E+00
  2.538835E+00  3.047418E+00 -1.518883E+00
  2.526974E+00  3.057175E+00 -1.511327E+00
  2.526195E+00  3.057597E+00 -1.510830E+00
  2.513554E+00  3.070850E+00 -1.502777E+00
  2.511761E+00  3.072163E+00 -1.501635E+00
  2.500913E+00  3.075801E+00 -1.494724E+00
  2.488272E+00  3.076133E+00 -1.486671E+00
  2.483804E+00  3.072163E+00 -1.483825E+00
  2.488272E+00  3.059859E+00 -1.486671E+00
  2.490080E+00  3.057175E+00 -1.487823E+00
  2.500913E+00  3.049155E+00 -1.494724E+00
  2.506823E+00  3.042187E+00 -1.498490E+00
  2.500913E+00  3.037492E+00 -1.494724E+00
  2.491682E+00  3.027199E+00 -1.488843E+00
  2.500913E+00  3.022959E+00 -1.494724E+00
  2.513554E+00  3.019028E+00 -1.502777E+00
  2.526195E+00  3.012363E+00 -1.510830E+00
  2.526403E+00  3.012211E+00 -1.510963E+00
  2.526195E+00  3.012007E+00 -1.510830E+00
  2.515936E+00  2.997223E+00 -1.504295E+00
  2.526195E+00  2.992550E+00 -1.510830E+00
  2.538835E+00  2.984981E+00 -1.518883E+00
  2.542912E+00  2.982235E+00 -1.521481E+00
  2.544429E+00  2.967247E+00 -1.522447E+00
  2.551476E+00  2.955579E+00 -1.526936E+00
  2.553317E+00  2.952259E+00 -1.528109E+00
  2.564117E+00  2.943400E+00 -1.534989E+00
  2.573007E+00  2.937271E+00 -1.540653E+00
  2.567675E+00  2.922283E+00 -1.537256E+00
  2.576757E+00  2.917805E+00 -1.543042E+00
  2.589398E+00  2.913173E+00 -1.551095E+00
  2.599660E+00  2.907295E+00 -1.557633E+00
  2.596643E+00  2.892307E+00 -1.555711E+00
  2.602039E+00  2.889475E+00 -1.559149E+00
  2.614680E+00  2.883177E+00 -1.567202E+00
  2.627320E+00  2.878773E+00 -1.575255E+00
  2.632533E+00  2.877319E+00 -1.578575E+00
  2.639961E+00  2.869380E+00 -1.583308E+00
  2.647820E+00  2.862331E+00 -1.588314E+00
  2.652602E+00  2.860390E+00 -1.591361E+00
  2.654286E+00  2.862331E+00 -1.592433E+00
  2.654836E+00  2.877319E+00 -1.592784E+00
  2.660000E+00  2.892307E+00 -1.596074E+00
  2.660629E+00  2.907295E+00 -1.596474E+00
  2.662746E+00  2.922283E+00 -1.597823E+00
  2.663619E+00  2.937271E+00 -1.598379E+00
  2.665242E+00  2.944531E+00 -1.599414E+00
  2.670160E+00  2.952259E+00 -1.602547E+00
  2.668389E+00  2.967247E+00 -1.601418E+00
  2.671759E+00  2.982235E+00 -1.603565E+00
  2.665242E+00  2.985704E+00 -1.599414E+00
Slice   =     53 , Freq(kT, average of all copies)              =   0.7812
Orbit # =      0 , Freq(kT, this largest copy used for outline) =   0.7812
Points  =     67
  kx            ky            kz
  3.364971E+00  2.863125E+00 -2.258443E+00
  3.352330E+00  2.865712E+00 -2.250390E+00
  3.340798E+00  2.877319E+00 -2.243043E+00
  3.352019E+00  2.892307E+00 -2.250191E+00
  3.339690E+00  2.898194E+00 -2.242337E+00
  3.333556E+00  2.907295E+00 -2.238429E+00
  3.327049E+00  2.915229E+00 -2.234284E+00
  3.316823E+00  2.922283E+00 -2.227769E+00
  3.318261E+00  2.937271E+00 -2.228685E+00
  3.314408E+00  2.939761E+00 -2.226231E+00
  3.301768E+00  2.945369E+00 -2.218177E+00
  3.289127E+00  2.951041E+00 -2.210124E+00
  3.287946E+00  2.952259E+00 -2.209372E+00
  3.289127E+00  2.955212E+00 -2.210124E+00
  3.294679E+00  2.967247E+00 -2.213661E+00
  3.289127E+00  2.971202E+00 -2.210124E+00
  3.276486E+00  2.978101E+00 -2.202071E+00
  3.272733E+00  2.982235E+00 -2.199680E+00
  3.269201E+00  2.997223E+00 -2.197430E+00
  3.263845E+00  3.001370E+00 -2.194018E+00
  3.256590E+00  3.012211E+00 -2.189396E+00
  3.251205E+00  3.017742E+00 -2.185965E+00
  3.238564E+00  3.025869E+00 -2.177912E+00
  3.235251E+00  3.027199E+00 -2.175802E+00
  3.234803E+00  3.042187E+00 -2.175517E+00
  3.225923E+00  3.047342E+00 -2.169859E+00
  3.213283E+00  3.051842E+00 -2.161806E+00
  3.204691E+00  3.057175E+00 -2.156333E+00
  3.200642E+00  3.065045E+00 -2.153753E+00
  3.188001E+00  3.070606E+00 -2.145700E+00
  3.175360E+00  3.069172E+00 -2.137647E+00
  3.167800E+00  3.057175E+00 -2.132831E+00
  3.165500E+00  3.042187E+00 -2.131365E+00
  3.164247E+00  3.027199E+00 -2.130567E+00
  3.163205E+00  3.012211E+00 -2.129903E+00
  3.162720E+00  3.009861E+00 -2.129594E+00
  3.158886E+00  2.997223E+00 -2.127152E+00
  3.159391E+00  2.982235E+00 -2.127474E+00
  3.155822E+00  2.967247E+00 -2.125200E+00
  3.162092E+00  2.952259E+00 -2.129195E+00
  3.162720E+00  2.951979E+00 -2.129594E+00
  3.175360E+00  2.945929E+00 -2.137647E+00
  3.188001E+00  2.940599E+00 -2.145700E+00
  3.194820E+00  2.937271E+00 -2.150044E+00
  3.200642E+00  2.935300E+00 -2.153753E+00
  3.213283E+00  2.932215E+00 -2.161806E+00
  3.225923E+00  2.925940E+00 -2.169859E+00
  3.235967E+00  2.922283E+00 -2.176258E+00
  3.238564E+00  2.921633E+00 -2.177912E+00
  3.251205E+00  2.916126E+00 -2.185965E+00
  3.263845E+00  2.911968E+00 -2.194018E+00
  3.273302E+00  2.907295E+00 -2.200043E+00
  3.276486E+00  2.901974E+00 -2.202071E+00
  3.283010E+00  2.892307E+00 -2.206228E+00
  3.289127E+00  2.887372E+00 -2.210124E+00
  3.300976E+00  2.877319E+00 -2.217673E+00
  3.301768E+00  2.876777E+00 -2.218177E+00
  3.314408E+00  2.866916E+00 -2.226231E+00
  3.326803E+00  2.862331E+00 -2.234127E+00
  3.327049E+00  2.862083E+00 -2.234284E+00
  3.334188E+00  2.847343E+00 -2.238832E+00
  3.339690E+00  2.843412E+00 -2.242337E+00
  3.344307E+00  2.847343E+00 -2.245278E+00
  3.352330E+00  2.856731E+00 -2.250390E+00
  3.364971E+00  2.861237E+00 -2.258443E+00
  3.365941E+00  2.862331E+00 -2.259061E+00
  3.364971E+00  2.863125E+00 -2.258443E+00
Slice   =     38 , Freq(kT, average of all copies)              =   0.8739
Orbit # =      0 , Freq(kT, this largest copy used for outline) =   0.8739
Points  =     75
  kx            ky            kz
  3.376227E+00  3.282582E+00 -3.271811E+00
  3.363586E+00  3.284970E+00 -3.263758E+00
  3.350945E+00  3.291964E+00 -3.255705E+00
  3.348655E+00  3.297350E+00 -3.254246E+00
  3.350945E+00  3.304019E+00 -3.255705E+00
  3.357060E+00  3.312338E+00 -3.259601E+00
  3.350945E+00  3.316045E+00 -3.255705E+00
  3.341818E+00  3.327326E+00 -3.249890E+00
  3.338305E+00  3.332740E+00 -3.247652E+00
  3.325664E+00  3.342151E+00 -3.239599E+00
  3.325330E+00  3.342314E+00 -3.239386E+00
  3.325579E+00  3.357302E+00 -3.239545E+00
  3.313023E+00  3.364943E+00 -3.231546E+00
  3.300383E+00  3.368862E+00 -3.223493E+00
  3.295566E+00  3.372290E+00 -3.220424E+00
  3.300383E+00  3.381429E+00 -3.223493E+00
  3.303000E+00  3.387278E+00 -3.225160E+00
  3.300383E+00  3.389477E+00 -3.223493E+00
  3.287742E+00  3.394327E+00 -3.215440E+00
  3.278704E+00  3.402266E+00 -3.209682E+00
  3.275101E+00  3.412689E+00 -3.207387E+00
  3.272806E+00  3.417254E+00 -3.205925E+00
  3.262460E+00  3.432214E+00 -3.199334E+00
  3.262451E+00  3.432242E+00 -3.199328E+00
  3.249820E+00  3.443166E+00 -3.191281E+00
  3.241410E+00  3.447230E+00 -3.185923E+00
  3.242517E+00  3.462218E+00 -3.186629E+00
  3.237179E+00  3.466444E+00 -3.183228E+00
  3.224538E+00  3.469384E+00 -3.175175E+00
  3.212712E+00  3.477206E+00 -3.167641E+00
  3.211898E+00  3.480067E+00 -3.167122E+00
  3.199257E+00  3.491044E+00 -3.159069E+00
  3.192416E+00  3.492194E+00 -3.154711E+00
  3.189502E+00  3.507182E+00 -3.152855E+00
  3.186616E+00  3.509938E+00 -3.151016E+00
  3.173975E+00  3.509157E+00 -3.142963E+00
  3.171521E+00  3.507182E+00 -3.141399E+00
  3.172470E+00  3.492194E+00 -3.142004E+00
  3.166558E+00  3.477206E+00 -3.138238E+00
  3.162775E+00  3.462218E+00 -3.135827E+00
  3.162600E+00  3.447230E+00 -3.135716E+00
  3.162207E+00  3.432242E+00 -3.135465E+00
  3.161335E+00  3.428929E+00 -3.134910E+00
  3.156236E+00  3.417254E+00 -3.131662E+00
  3.159242E+00  3.402266E+00 -3.133576E+00
  3.157402E+00  3.387278E+00 -3.132404E+00
  3.161335E+00  3.377894E+00 -3.134910E+00
  3.164022E+00  3.372290E+00 -3.136622E+00
  3.173975E+00  3.368158E+00 -3.142963E+00
  3.186616E+00  3.363481E+00 -3.151016E+00
  3.199257E+00  3.357686E+00 -3.159069E+00
  3.200168E+00  3.357302E+00 -3.159649E+00
  3.211898E+00  3.354205E+00 -3.167122E+00
  3.224538E+00  3.348322E+00 -3.175175E+00
  3.237179E+00  3.343517E+00 -3.183228E+00
  3.238925E+00  3.342314E+00 -3.184340E+00
  3.249820E+00  3.337063E+00 -3.191281E+00
  3.262460E+00  3.332740E+00 -3.199334E+00
  3.272416E+00  3.327326E+00 -3.205676E+00
  3.275101E+00  3.322419E+00 -3.207387E+00
  3.281465E+00  3.312338E+00 -3.211441E+00
  3.287742E+00  3.307526E+00 -3.215440E+00
  3.300383E+00  3.297736E+00 -3.223493E+00
  3.300757E+00  3.297350E+00 -3.223732E+00
  3.313023E+00  3.287316E+00 -3.231546E+00
  3.324198E+00  3.282362E+00 -3.238665E+00
  3.325664E+00  3.280927E+00 -3.239599E+00
  3.332839E+00  3.267374E+00 -3.244170E+00
  3.338305E+00  3.263411E+00 -3.247652E+00
  3.350945E+00  3.263569E+00 -3.255705E+00
  3.353733E+00  3.267374E+00 -3.257481E+00
  3.363586E+00  3.277744E+00 -3.263758E+00
  3.376227E+00  3.282081E+00 -3.271811E+00
  3.376409E+00  3.282362E+00 -3.271927E+00
  3.376227E+00  3.282582E+00 -3.271811E+00
Slice   =     50 , Freq(kT, average of all copies)              =   1.3026
Orbit # =      0 , Freq(kT, this largest copy used for outline) =   1.3432
Points  =     85
  kx            ky            kz
  2.808549E+00  2.655955E+00 -2.608083E+00
  2.795909E+00  2.664313E+00 -2.600030E+00
  2.793908E+00  2.668224E+00 -2.598756E+00
  2.783268E+00  2.683090E+00 -2.591977E+00
  2.783045E+00  2.683212E+00 -2.591835E+00
  2.770799E+00  2.698200E+00 -2.584033E+00
  2.770627E+00  2.698323E+00 -2.583924E+00
  2.757986E+00  2.705340E+00 -2.575871E+00
  2.745346E+00  2.708485E+00 -2.567818E+00
  2.736667E+00  2.713188E+00 -2.562289E+00
  2.732705E+00  2.717878E+00 -2.559765E+00
  2.720328E+00  2.728176E+00 -2.551880E+00
  2.720064E+00  2.728459E+00 -2.551712E+00
  2.711162E+00  2.743164E+00 -2.546040E+00
  2.707424E+00  2.746198E+00 -2.543659E+00
  2.694783E+00  2.754413E+00 -2.535606E+00
  2.688712E+00  2.758152E+00 -2.531738E+00
  2.684990E+00  2.773140E+00 -2.529367E+00
  2.682142E+00  2.773876E+00 -2.527553E+00
  2.669501E+00  2.782005E+00 -2.519500E+00
  2.660619E+00  2.788128E+00 -2.513841E+00
  2.656861E+00  2.792158E+00 -2.511447E+00
  2.646439E+00  2.803116E+00 -2.504808E+00
  2.644220E+00  2.806091E+00 -2.503394E+00
  2.631579E+00  2.814295E+00 -2.495341E+00
  2.625322E+00  2.818104E+00 -2.491354E+00
  2.618939E+00  2.822568E+00 -2.487288E+00
  2.609278E+00  2.833092E+00 -2.481133E+00
  2.606298E+00  2.836121E+00 -2.479235E+00
  2.593657E+00  2.839943E+00 -2.471182E+00
  2.581016E+00  2.839526E+00 -2.463129E+00
  2.576513E+00  2.833092E+00 -2.460259E+00
  2.575712E+00  2.818104E+00 -2.459750E+00
  2.578543E+00  2.803116E+00 -2.461553E+00
  2.569712E+00  2.788128E+00 -2.455927E+00
  2.581016E+00  2.775290E+00 -2.463129E+00
  2.582826E+00  2.773140E+00 -2.464281E+00
  2.581016E+00  2.769630E+00 -2.463129E+00
  2.576463E+00  2.758152E+00 -2.460228E+00
  2.581016E+00  2.749865E+00 -2.463129E+00
  2.585669E+00  2.743164E+00 -2.466093E+00
  2.591983E+00  2.728176E+00 -2.470115E+00
  2.589322E+00  2.713188E+00 -2.468420E+00
  2.593657E+00  2.709789E+00 -2.471182E+00
  2.606298E+00  2.703097E+00 -2.479235E+00
  2.618939E+00  2.699267E+00 -2.487288E+00
  2.620630E+00  2.698200E+00 -2.488365E+00
  2.618939E+00  2.694665E+00 -2.487288E+00
  2.613036E+00  2.683212E+00 -2.483528E+00
  2.618939E+00  2.680383E+00 -2.487288E+00
  2.631579E+00  2.677801E+00 -2.495341E+00
  2.644220E+00  2.673273E+00 -2.503394E+00
  2.653217E+00  2.668224E+00 -2.509125E+00
  2.656861E+00  2.662822E+00 -2.511447E+00
  2.666797E+00  2.653236E+00 -2.517777E+00
  2.669501E+00  2.651233E+00 -2.519500E+00
  2.681987E+00  2.638248E+00 -2.527454E+00
  2.682142E+00  2.638114E+00 -2.527553E+00
  2.694783E+00  2.628504E+00 -2.535606E+00
  2.698123E+00  2.623260E+00 -2.537734E+00
  2.707424E+00  2.610165E+00 -2.543659E+00
  2.710400E+00  2.608272E+00 -2.545555E+00
  2.720064E+00  2.602669E+00 -2.551712E+00
  2.730447E+00  2.593285E+00 -2.558326E+00
  2.732705E+00  2.590096E+00 -2.559765E+00
  2.742008E+00  2.578297E+00 -2.565692E+00
  2.745346E+00  2.575991E+00 -2.567818E+00
  2.757986E+00  2.569360E+00 -2.575871E+00
  2.768081E+00  2.563309E+00 -2.582302E+00
  2.770627E+00  2.557143E+00 -2.583924E+00
  2.778080E+00  2.548321E+00 -2.588672E+00
  2.783268E+00  2.546536E+00 -2.591977E+00
  2.795909E+00  2.544103E+00 -2.600030E+00
  2.808549E+00  2.538697E+00 -2.608083E+00
  2.811973E+00  2.548321E+00 -2.610265E+00
  2.812694E+00  2.563309E+00 -2.610724E+00
  2.813832E+00  2.578297E+00 -2.611449E+00
  2.815054E+00  2.593285E+00 -2.612227E+00
  2.810321E+00  2.608272E+00 -2.609212E+00
  2.813850E+00  2.623260E+00 -2.611460E+00
  2.808549E+00  2.630844E+00 -2.608083E+00
  2.801967E+00  2.638248E+00 -2.603890E+00
  2.808549E+00  2.649450E+00 -2.608083E+00
  2.809984E+00  2.653236E+00 -2.608997E+00
  2.808549E+00  2.655955E+00 -2.608083E+00
Theta(deg) =   0.000000 , Phi(deg) =  35.000000 , Number of orbits =     9 , (a.u.^-1) units
Slice   =      3 , Freq(kT, average of all copies)              =   0.2786
Orbit # =      0 , Freq(kT, this largest copy used for outline) =   0.2867
Points  =     33
  kx            ky            kz
 -4.349270E-01  1.049687E+00 -1.757211E+00
 -4.472044E-01  1.054594E+00 -1.748615E+00
 -4.570098E-01  1.064145E+00 -1.741749E+00
 -4.594818E-01  1.065268E+00 -1.740018E+00
 -4.649565E-01  1.064145E+00 -1.736185E+00
 -4.717592E-01  1.062863E+00 -1.731421E+00
 -4.840367E-01  1.058900E+00 -1.722824E+00
 -4.963141E-01  1.056572E+00 -1.714228E+00
 -5.059702E-01  1.049157E+00 -1.707466E+00
 -5.085915E-01  1.047266E+00 -1.705631E+00
 -5.208689E-01  1.042335E+00 -1.697034E+00
 -5.331463E-01  1.035273E+00 -1.688438E+00
 -5.342102E-01  1.034169E+00 -1.687693E+00
 -5.454237E-01  1.022254E+00 -1.679841E+00
 -5.558127E-01  1.019181E+00 -1.672566E+00
 -5.532111E-01  1.004193E+00 -1.674388E+00
 -5.454237E-01  9.956244E-01 -1.679841E+00
 -5.331463E-01  9.897909E-01 -1.688438E+00
 -5.322453E-01  9.892051E-01 -1.689068E+00
 -5.208689E-01  9.801863E-01 -1.697034E+00
 -5.085915E-01  9.851538E-01 -1.705631E+00
 -4.963141E-01  9.867067E-01 -1.714228E+00
 -4.872426E-01  9.892051E-01 -1.720580E+00
 -4.840367E-01  9.906169E-01 -1.722824E+00
 -4.717592E-01  1.001570E+00 -1.731421E+00
 -4.594818E-01  1.003658E+00 -1.740018E+00
 -4.587755E-01  1.004193E+00 -1.740513E+00
 -4.497080E-01  1.019181E+00 -1.746862E+00
 -4.472044E-01  1.022872E+00 -1.748615E+00
 -4.349270E-01  1.023472E+00 -1.757211E+00
 -4.288508E-01  1.034169E+00 -1.761466E+00
 -4.345007E-01  1.049157E+00 -1.757510E+00
 -4.349270E-01  1.049687E+00 -1.757211E+00
Slice   =     99 , Freq(kT, average of all copies)              =   0.2899
Orbit # =      0 , Freq(kT, this largest copy used for outline) =   0.2964
Points  =     31
  kx            ky            kz
  2.625172E+00  2.196375E+00 -6.580636E-01
  2.612894E+00  2.194657E+00 -6.494668E-01
  2.600617E+00  2.194395E+00 -6.408701E-01
  2.592888E+00  2.188978E+00 -6.354581E-01
  2.588340E+00  2.184881E+00 -6.322734E-01
  2.582344E+00  2.173990E+00 -6.280755E-01
  2.577413E+00  2.159002E+00 -6.246223E-01
  2.576062E+00  2.157485E+00 -6.236766E-01
  2.563785E+00  2.147062E+00 -6.150799E-01
  2.561428E+00  2.144014E+00 -6.134296E-01
  2.555498E+00  2.129026E+00 -6.092773E-01
  2.554786E+00  2.114038E+00 -6.087787E-01
  2.551507E+00  2.105135E+00 -6.064832E-01
  2.548650E+00  2.099050E+00 -6.044825E-01
  2.551507E+00  2.093126E+00 -6.064832E-01
  2.557448E+00  2.084062E+00 -6.106430E-01
  2.563785E+00  2.077205E+00 -6.150799E-01
  2.576062E+00  2.075883E+00 -6.236766E-01
  2.588340E+00  2.079762E+00 -6.322734E-01
  2.600617E+00  2.083595E+00 -6.408701E-01
  2.600945E+00  2.084062E+00 -6.410995E-01
  2.605316E+00  2.099050E+00 -6.441604E-01
  2.611568E+00  2.114038E+00 -6.485383E-01
  2.612894E+00  2.116528E+00 -6.494668E-01
  2.625172E+00  2.125308E+00 -6.580636E-01
  2.627648E+00  2.129026E+00 -6.597971E-01
  2.631847E+00  2.144014E+00 -6.627376E-01
  2.633208E+00  2.159002E+00 -6.636908E-01
  2.633337E+00  2.173990E+00 -6.637808E-01
  2.631815E+00  2.188978E+00 -6.627154E-01
  2.625172E+00  2.196375E+00 -6.580636E-01
Slice   =      8 , Freq(kT, average of all copies)              =   0.2918
Orbit # =      0 , Freq(kT, this largest copy used for outline) =   0.2959
Points  =     31
  kx            ky            kz
  1.050814E+00  2.186090E+00 -2.791837E+00
  1.042054E+00  2.187505E+00 -2.785702E+00
  1.038537E+00  2.188123E+00 -2.783240E+00
  1.037479E+00  2.187505E+00 -2.782500E+00
  1.026259E+00  2.184146E+00 -2.774643E+00
  1.013982E+00  2.179062E+00 -2.766047E+00
  1.008048E+00  2.172517E+00 -2.761892E+00
  1.002826E+00  2.157529E+00 -2.758235E+00
  1.001705E+00  2.155586E+00 -2.757450E+00
  9.948595E-01  2.142541E+00 -2.752657E+00
  9.894271E-01  2.136768E+00 -2.748853E+00
  9.781807E-01  2.127553E+00 -2.740978E+00
  9.775884E-01  2.112565E+00 -2.740563E+00
  9.771497E-01  2.100314E+00 -2.740256E+00
  9.770809E-01  2.097577E+00 -2.740208E+00
  9.771497E-01  2.096751E+00 -2.740256E+00
  9.798143E-01  2.082589E+00 -2.742122E+00
  9.894271E-01  2.069475E+00 -2.748853E+00
  1.001705E+00  2.068227E+00 -2.757450E+00
  1.013982E+00  2.067622E+00 -2.766047E+00
  1.024816E+00  2.082589E+00 -2.773633E+00
  1.026259E+00  2.085401E+00 -2.774643E+00
  1.030103E+00  2.097577E+00 -2.777335E+00
  1.038537E+00  2.107035E+00 -2.783240E+00
  1.045073E+00  2.112565E+00 -2.787817E+00
  1.050814E+00  2.121682E+00 -2.791837E+00
  1.053241E+00  2.127553E+00 -2.793536E+00
  1.056385E+00  2.142541E+00 -2.795737E+00
  1.060220E+00  2.157529E+00 -2.798423E+00
  1.060875E+00  2.172517E+00 -2.798881E+00
  1.050814E+00  2.186090E+00 -2.791837E+00
Slice   =     19 , Freq(kT, average of all copies)              =   0.3509
Orbit # =      0 , Freq(kT, this largest copy used for outline) =   0.3585
Points  =     35
  kx            ky            kz
 -1.119966E+00 -3.227654E-01 -4.324868E-01
 -1.132243E+00 -3.183360E-01 -4.238900E-01
 -1.135754E+00 -3.154834E-01 -4.214320E-01
 -1.144521E+00 -3.110427E-01 -4.152933E-01
 -1.153894E+00 -3.154834E-01 -4.087298E-01
 -1.156798E+00 -3.185184E-01 -4.066966E-01
 -1.161066E+00 -3.304714E-01 -4.037086E-01
 -1.169076E+00 -3.408243E-01 -3.980998E-01
 -1.173681E+00 -3.454593E-01 -3.948748E-01
 -1.181353E+00 -3.501443E-01 -3.895031E-01
 -1.191255E+00 -3.604473E-01 -3.825696E-01
 -1.193630E+00 -3.736812E-01 -3.809064E-01
 -1.194078E+00 -3.754352E-01 -3.805932E-01
 -1.203086E+00 -3.904232E-01 -3.742858E-01
 -1.205908E+00 -3.940422E-01 -3.723096E-01
 -1.216389E+00 -4.054112E-01 -3.649710E-01
 -1.211952E+00 -4.203991E-01 -3.680776E-01
 -1.205908E+00 -4.305448E-01 -3.723096E-01
 -1.198608E+00 -4.353871E-01 -3.774209E-01
 -1.193630E+00 -4.389549E-01 -3.809064E-01
 -1.181353E+00 -4.454511E-01 -3.895031E-01
 -1.169076E+00 -4.429819E-01 -3.980998E-01
 -1.164167E+00 -4.353871E-01 -4.015369E-01
 -1.156798E+00 -4.278728E-01 -4.066966E-01
 -1.144521E+00 -4.231677E-01 -4.152933E-01
 -1.143439E+00 -4.203991E-01 -4.160510E-01
 -1.137078E+00 -4.054112E-01 -4.205049E-01
 -1.134418E+00 -3.904232E-01 -4.223675E-01
 -1.132243E+00 -3.858392E-01 -4.238900E-01
 -1.119966E+00 -3.772445E-01 -4.324868E-01
 -1.118983E+00 -3.754352E-01 -4.331749E-01
 -1.113700E+00 -3.604473E-01 -4.368742E-01
 -1.112641E+00 -3.454593E-01 -4.376155E-01
 -1.114507E+00 -3.304714E-01 -4.363092E-01
 -1.119966E+00 -3.227654E-01 -4.324868E-01
Slice   =     38 , Freq(kT, average of all copies)              =   0.3523
Orbit # =      0 , Freq(kT, this largest copy used for outline) =   0.3592
Points  =     35
  kx            ky            kz
  6.425860E-01  1.220585E+00 -1.638041E+00
  6.303085E-01  1.224942E+00 -1.629444E+00
  6.256156E-01  1.229381E+00 -1.626158E+00
  6.180311E-01  1.231456E+00 -1.620848E+00
  6.057537E-01  1.230004E+00 -1.612251E+00
  6.047911E-01  1.229381E+00 -1.611577E+00
  5.934763E-01  1.215087E+00 -1.603654E+00
  5.931479E-01  1.214393E+00 -1.603424E+00
  5.811989E-01  1.203158E+00 -1.595057E+00
  5.791356E-01  1.199405E+00 -1.593613E+00
  5.689215E-01  1.185005E+00 -1.586461E+00
  5.685130E-01  1.184417E+00 -1.586175E+00
  5.644930E-01  1.169429E+00 -1.583360E+00
  5.566440E-01  1.157850E+00 -1.577864E+00
  5.541965E-01  1.154441E+00 -1.576150E+00
  5.455301E-01  1.139453E+00 -1.570082E+00
  5.498240E-01  1.124465E+00 -1.573089E+00
  5.555187E-01  1.109477E+00 -1.577076E+00
  5.566440E-01  1.108679E+00 -1.577864E+00
  5.689215E-01  1.104880E+00 -1.586461E+00
  5.811989E-01  1.099582E+00 -1.595057E+00
  5.922869E-01  1.109477E+00 -1.602821E+00
  5.934763E-01  1.110172E+00 -1.603654E+00
  6.055033E-01  1.124465E+00 -1.612076E+00
  6.057537E-01  1.124733E+00 -1.612251E+00
  6.180311E-01  1.133569E+00 -1.620848E+00
  6.216427E-01  1.139453E+00 -1.623377E+00
  6.264000E-01  1.154441E+00 -1.626708E+00
  6.303085E-01  1.163976E+00 -1.629444E+00
  6.381628E-01  1.169429E+00 -1.634944E+00
  6.425860E-01  1.173289E+00 -1.638041E+00
  6.471550E-01  1.184417E+00 -1.641240E+00
  6.507106E-01  1.199405E+00 -1.643730E+00
  6.442238E-01  1.214393E+00 -1.639188E+00
  6.425860E-01  1.220585E+00 -1.638041E+00
Slice   =    142 , Freq(kT, average of all copies)              =   0.3838
Orbit # =      0 , Freq(kT, this largest copy used for outline) =   0.3894
Points  =     39
  kx            ky            kz
  3.344577E+00  2.804773E+00 -1.670008E+00
  3.344412E+00  2.804957E+00 -1.669892E+00
  3.332299E+00  2.810124E+00 -1.661411E+00
  3.320022E+00  2.814373E+00 -1.652814E+00
  3.307744E+00  2.812491E+00 -1.644217E+00
  3.296018E+00  2.804957E+00 -1.636007E+00
  3.295467E+00  2.804667E+00 -1.635621E+00
  3.283190E+00  2.799756E+00 -1.627024E+00
  3.272754E+00  2.789969E+00 -1.619716E+00
  3.270912E+00  2.788178E+00 -1.618427E+00
  3.258635E+00  2.782389E+00 -1.609830E+00
  3.249023E+00  2.774981E+00 -1.603100E+00
  3.246357E+00  2.771302E+00 -1.601234E+00
  3.234080E+00  2.762484E+00 -1.592637E+00
  3.227080E+00  2.759993E+00 -1.587736E+00
  3.221803E+00  2.748621E+00 -1.584040E+00
  3.220750E+00  2.745005E+00 -1.583303E+00
  3.209525E+00  2.731727E+00 -1.575443E+00
  3.207657E+00  2.730017E+00 -1.574135E+00
  3.209525E+00  2.727117E+00 -1.575443E+00
  3.221803E+00  2.715392E+00 -1.584040E+00
  3.222257E+00  2.715029E+00 -1.584358E+00
  3.234080E+00  2.705893E+00 -1.592637E+00
  3.246357E+00  2.712383E+00 -1.601234E+00
  3.258635E+00  2.711248E+00 -1.609830E+00
  3.265913E+00  2.715029E+00 -1.614927E+00
  3.270912E+00  2.718500E+00 -1.618427E+00
  3.283190E+00  2.724117E+00 -1.627024E+00
  3.295467E+00  2.727141E+00 -1.635621E+00
  3.299263E+00  2.730017E+00 -1.638279E+00
  3.307744E+00  2.738019E+00 -1.644217E+00
  3.320022E+00  2.740506E+00 -1.652814E+00
  3.325902E+00  2.745005E+00 -1.656931E+00
  3.332299E+00  2.755170E+00 -1.661411E+00
  3.344577E+00  2.757713E+00 -1.670008E+00
  3.346666E+00  2.759993E+00 -1.671471E+00
  3.352771E+00  2.774981E+00 -1.675746E+00
  3.350149E+00  2.789969E+00 -1.673910E+00
  3.344577E+00  2.804773E+00 -1.670008E+00
Slice   =    149 , Freq(kT, average of all copies)              =   0.3869
Orbit # =      0 , Freq(kT, this largest copy used for outline) =   0.3954
Points  =     43
  kx            ky            kz
  4.098589E+00  3.773690E+00 -1.051068E+00
  4.086312E+00  3.775595E+00 -1.042471E+00
  4.083270E+00  3.779174E+00 -1.040342E+00
  4.076049E+00  3.794162E+00 -1.035285E+00
  4.074034E+00  3.794853E+00 -1.033874E+00
  4.072135E+00  3.794162E+00 -1.032545E+00
  4.061757E+00  3.786232E+00 -1.025278E+00
  4.049479E+00  3.785271E+00 -1.016681E+00
  4.037202E+00  3.783010E+00 -1.008084E+00
  4.031273E+00  3.779174E+00 -1.003933E+00
  4.024925E+00  3.773430E+00 -9.994875E-01
  4.012647E+00  3.771164E+00 -9.908907E-01
  4.000370E+00  3.764777E+00 -9.822940E-01
  3.999441E+00  3.764186E+00 -9.816435E-01
  3.988092E+00  3.754882E+00 -9.736972E-01
  3.975815E+00  3.752221E+00 -9.651005E-01
  3.971986E+00  3.749198E+00 -9.624197E-01
  3.964127E+00  3.734210E+00 -9.569167E-01
  3.963537E+00  3.733452E+00 -9.565038E-01
  3.951260E+00  3.723294E+00 -9.479070E-01
  3.950230E+00  3.719222E+00 -9.471855E-01
  3.951260E+00  3.709188E+00 -9.479070E-01
  3.952704E+00  3.704234E+00 -9.489178E-01
  3.963537E+00  3.690607E+00 -9.565038E-01
  3.965162E+00  3.689246E+00 -9.576409E-01
  3.975815E+00  3.685105E+00 -9.651005E-01
  3.988092E+00  3.679211E+00 -9.736972E-01
  3.999904E+00  3.689246E+00 -9.819676E-01
  4.000370E+00  3.689634E+00 -9.822940E-01
  4.012647E+00  3.692758E+00 -9.908907E-01
  4.024925E+00  3.702272E+00 -9.994875E-01
  4.026601E+00  3.704234E+00 -1.000661E+00
  4.037202E+00  3.712439E+00 -1.008084E+00
  4.049479E+00  3.717140E+00 -1.016681E+00
  4.051211E+00  3.719222E+00 -1.017893E+00
  4.061757E+00  3.731766E+00 -1.025278E+00
  4.074034E+00  3.732957E+00 -1.033874E+00
  4.075191E+00  3.734210E+00 -1.034685E+00
  4.082364E+00  3.749198E+00 -1.039707E+00
  4.086312E+00  3.758013E+00 -1.042471E+00
  4.098589E+00  3.757725E+00 -1.051068E+00
  4.101538E+00  3.764186E+00 -1.053133E+00
  4.098589E+00  3.773690E+00 -1.051068E+00
Slice   =     66 , Freq(kT, average of all copies)              =   1.0657
Orbit # =      0 , Freq(kT, this largest copy used for outline) =   1.0657
Points  =     77
  kx            ky            kz
  3.366805E+00  2.401577E+00 -1.314637E+00
  3.360512E+00  2.412325E+00 -1.310231E+00
  3.362446E+00  2.427312E+00 -1.311584E+00
  3.364003E+00  2.442300E+00 -1.312675E+00
  3.354528E+00  2.455937E+00 -1.306040E+00
  3.354071E+00  2.457288E+00 -1.305721E+00
  3.354528E+00  2.464522E+00 -1.306040E+00
  3.355353E+00  2.472276E+00 -1.306618E+00
  3.354528E+00  2.473240E+00 -1.306040E+00
  3.345916E+00  2.487264E+00 -1.300010E+00
  3.342250E+00  2.493091E+00 -1.297444E+00
  3.330767E+00  2.502252E+00 -1.289403E+00
  3.329973E+00  2.505933E+00 -1.288847E+00
  3.328822E+00  2.517240E+00 -1.288041E+00
  3.317695E+00  2.523829E+00 -1.280250E+00
  3.305418E+00  2.527718E+00 -1.271653E+00
  3.293140E+00  2.531311E+00 -1.263057E+00
  3.291574E+00  2.532228E+00 -1.261960E+00
  3.293140E+00  2.536951E+00 -1.263057E+00
  3.296771E+00  2.547216E+00 -1.265598E+00
  3.293140E+00  2.549232E+00 -1.263057E+00
  3.280863E+00  2.552950E+00 -1.254460E+00
  3.268586E+00  2.560580E+00 -1.245863E+00
  3.267176E+00  2.562204E+00 -1.244876E+00
  3.256308E+00  2.576997E+00 -1.237266E+00
  3.256123E+00  2.577192E+00 -1.237136E+00
  3.248504E+00  2.592180E+00 -1.231801E+00
  3.244031E+00  2.596756E+00 -1.228670E+00
  3.231753E+00  2.603549E+00 -1.220073E+00
  3.222834E+00  2.607168E+00 -1.213828E+00
  3.224358E+00  2.622156E+00 -1.214894E+00
  3.219476E+00  2.625626E+00 -1.211476E+00
  3.207199E+00  2.628335E+00 -1.202879E+00
  3.194921E+00  2.632846E+00 -1.194283E+00
  3.188320E+00  2.637144E+00 -1.189660E+00
  3.182644E+00  2.646421E+00 -1.185686E+00
  3.170366E+00  2.650532E+00 -1.177089E+00
  3.158089E+00  2.650214E+00 -1.168492E+00
  3.145905E+00  2.637144E+00 -1.159961E+00
  3.145811E+00  2.636507E+00 -1.159896E+00
  3.144291E+00  2.622156E+00 -1.158831E+00
  3.142705E+00  2.607168E+00 -1.157720E+00
  3.141499E+00  2.592180E+00 -1.156876E+00
  3.138829E+00  2.577192E+00 -1.155007E+00
  3.138321E+00  2.562204E+00 -1.154651E+00
  3.134957E+00  2.547216E+00 -1.152296E+00
  3.139585E+00  2.532228E+00 -1.155536E+00
  3.145811E+00  2.529115E+00 -1.159896E+00
  3.158089E+00  2.524001E+00 -1.168492E+00
  3.170366E+00  2.519204E+00 -1.177089E+00
  3.175117E+00  2.517240E+00 -1.180416E+00
  3.182644E+00  2.515155E+00 -1.185686E+00
  3.194921E+00  2.511797E+00 -1.194283E+00
  3.207199E+00  2.506795E+00 -1.202879E+00
  3.218607E+00  2.502252E+00 -1.210868E+00
  3.219476E+00  2.501962E+00 -1.211476E+00
  3.231753E+00  2.495800E+00 -1.220073E+00
  3.244031E+00  2.492808E+00 -1.228670E+00
  3.251595E+00  2.487264E+00 -1.233966E+00
  3.256308E+00  2.474826E+00 -1.237266E+00
  3.258364E+00  2.472276E+00 -1.238706E+00
  3.268586E+00  2.467120E+00 -1.245863E+00
  3.278886E+00  2.457288E+00 -1.253076E+00
  3.280863E+00  2.454902E+00 -1.254460E+00
  3.293140E+00  2.446068E+00 -1.263057E+00
  3.297284E+00  2.442300E+00 -1.265958E+00
  3.305418E+00  2.432550E+00 -1.271653E+00
  3.310669E+00  2.427312E+00 -1.275330E+00
  3.317695E+00  2.423423E+00 -1.280250E+00
  3.329973E+00  2.417351E+00 -1.288847E+00
  3.340214E+00  2.412325E+00 -1.296018E+00
  3.342250E+00  2.407250E+00 -1.297444E+00
  3.350298E+00  2.397337E+00 -1.303078E+00
  3.354528E+00  2.396186E+00 -1.306040E+00
  3.366805E+00  2.396511E+00 -1.314637E+00
  3.367443E+00  2.397337E+00 -1.315084E+00
  3.366805E+00  2.401577E+00 -1.314637E+00
Slice   =    223 , Freq(kT, average of all copies)              =   1.4116
Orbit # =      0 , Freq(kT, this largest copy used for outline) =   1.4568
Points  =     79
  kx            ky            kz
  6.051581E+00  4.061513E+00 -5.551826E-01
  6.045444E+00  4.065050E+00 -5.508854E-01
  6.048321E+00  4.080038E+00 -5.529001E-01
  6.039304E+00  4.082841E+00 -5.465859E-01
  6.027026E+00  4.087287E+00 -5.379892E-01
  6.017407E+00  4.095026E+00 -5.312538E-01
  6.014749E+00  4.096450E+00 -5.293924E-01
  6.002471E+00  4.102010E+00 -5.207957E-01
  5.990194E+00  4.104966E+00 -5.121990E-01
  5.977917E+00  4.109176E+00 -5.036022E-01
  5.976370E+00  4.110013E+00 -5.025196E-01
  5.965993E+00  4.125001E+00 -4.952529E-01
  5.965639E+00  4.125192E+00 -4.950055E-01
  5.953362E+00  4.132543E+00 -4.864087E-01
  5.947095E+00  4.139989E+00 -4.820208E-01
  5.941084E+00  4.147882E+00 -4.778120E-01
  5.928807E+00  4.154673E+00 -4.692153E-01
  5.928476E+00  4.154977E+00 -4.689838E-01
  5.923503E+00  4.169965E+00 -4.655013E-01
  5.916529E+00  4.175294E+00 -4.606185E-01
  5.904252E+00  4.177888E+00 -4.520218E-01
  5.895393E+00  4.184953E+00 -4.458188E-01
  5.893604E+00  4.199941E+00 -4.445659E-01
  5.891975E+00  4.200658E+00 -4.434250E-01
  5.879697E+00  4.202643E+00 -4.348283E-01
  5.867420E+00  4.210744E+00 -4.262316E-01
  5.862980E+00  4.214929E+00 -4.231226E-01
  5.855142E+00  4.221827E+00 -4.176348E-01
  5.842865E+00  4.224290E+00 -4.090381E-01
  5.830588E+00  4.222132E+00 -4.004414E-01
  5.827727E+00  4.214929E+00 -3.984382E-01
  5.824489E+00  4.199941E+00 -3.961712E-01
  5.819475E+00  4.184953E+00 -3.926605E-01
  5.821667E+00  4.169965E+00 -3.941954E-01
  5.820390E+00  4.154977E+00 -3.933008E-01
  5.819538E+00  4.139989E+00 -3.927044E-01
  5.827468E+00  4.125001E+00 -3.982570E-01
  5.818310E+00  4.112476E+00 -3.918446E-01
  5.816332E+00  4.110013E+00 -3.904595E-01
  5.818310E+00  4.107837E+00 -3.918446E-01
  5.830588E+00  4.099282E+00 -4.004414E-01
  5.837698E+00  4.095026E+00 -4.054202E-01
  5.837978E+00  4.080038E+00 -4.056158E-01
  5.842865E+00  4.077729E+00 -4.090381E-01
  5.855142E+00  4.072399E+00 -4.176348E-01
  5.867420E+00  4.067121E+00 -4.262316E-01
  5.872976E+00  4.065050E+00 -4.301220E-01
  5.879697E+00  4.062739E+00 -4.348283E-01
  5.891975E+00  4.059490E+00 -4.434250E-01
  5.904252E+00  4.050153E+00 -4.520218E-01
  5.904368E+00  4.050062E+00 -4.521027E-01
  5.916529E+00  4.039939E+00 -4.606185E-01
  5.922371E+00  4.035074E+00 -4.647091E-01
  5.928807E+00  4.029390E+00 -4.692153E-01
  5.940668E+00  4.020086E+00 -4.775205E-01
  5.941084E+00  4.019456E+00 -4.778120E-01
  5.950645E+00  4.005098E+00 -4.845065E-01
  5.953362E+00  4.003123E+00 -4.864087E-01
  5.965639E+00  3.994596E+00 -4.950055E-01
  5.972404E+00  3.990110E+00 -4.997420E-01
  5.977917E+00  3.981227E+00 -5.036022E-01
  5.981648E+00  3.975122E+00 -5.062147E-01
  5.990194E+00  3.969652E+00 -5.121990E-01
  6.002471E+00  3.964024E+00 -5.207957E-01
  6.009892E+00  3.960134E+00 -5.259917E-01
  6.014749E+00  3.952066E+00 -5.293924E-01
  6.020462E+00  3.945146E+00 -5.333928E-01
  6.027026E+00  3.941857E+00 -5.379892E-01
  6.039304E+00  3.939292E+00 -5.465859E-01
  6.051581E+00  3.933533E+00 -5.551826E-01
  6.055376E+00  3.945146E+00 -5.578399E-01
  6.056337E+00  3.960134E+00 -5.585126E-01
  6.059138E+00  3.975122E+00 -5.604738E-01
  6.059961E+00  3.990110E+00 -5.610502E-01
  6.058030E+00  4.005098E+00 -5.596983E-01
  6.060579E+00  4.020086E+00 -5.614833E-01
  6.054750E+00  4.035074E+00 -5.574014E-01
  6.060008E+00  4.050062E+00 -5.610835E-01
  6.051581E+00  4.061513E+00 -5.551826E-01
Theta(deg) =   0.000000 , Phi(deg) =  37.500000 , Number of orbits =     7 , (a.u.^-1) units
Slice   =    148 , Freq(kT, average of all copies)              =   0.2677
Orbit # =      0 , Freq(kT, this largest copy used for outline) =   0.2733
Points  =     33
  kx            ky            kz
  3.970222E+00  2.994963E+00 -1.372092E+00
  3.966973E+00  2.999064E+00 -1.369600E+00
  3.958331E+00  3.005247E+00 -1.362968E+00
  3.950714E+00  3.014052E+00 -1.357124E+00
  3.946441E+00  3.016583E+00 -1.353844E+00
  3.940165E+00  3.014052E+00 -1.349029E+00
  3.934550E+00  3.012297E+00 -1.344720E+00
  3.922659E+00  3.008626E+00 -1.335596E+00
  3.910768E+00  3.005611E+00 -1.326472E+00
  3.904150E+00  2.999064E+00 -1.321393E+00
  3.898878E+00  2.994842E+00 -1.317348E+00
  3.886987E+00  2.991331E+00 -1.308224E+00
  3.877076E+00  2.984076E+00 -1.300619E+00
  3.875096E+00  2.978614E+00 -1.299100E+00
  3.866286E+00  2.969088E+00 -1.292339E+00
  3.863205E+00  2.964822E+00 -1.289976E+00
  3.857261E+00  2.954100E+00 -1.285414E+00
  3.863205E+00  2.939600E+00 -1.289976E+00
  3.863876E+00  2.939112E+00 -1.290490E+00
  3.875096E+00  2.935434E+00 -1.299100E+00
  3.886987E+00  2.928561E+00 -1.308224E+00
  3.898878E+00  2.931282E+00 -1.317348E+00
  3.910768E+00  2.936265E+00 -1.326472E+00
  3.922659E+00  2.937954E+00 -1.335596E+00
  3.923984E+00  2.939112E+00 -1.336613E+00
  3.934549E+00  2.954100E+00 -1.344719E+00
  3.934550E+00  2.954101E+00 -1.344720E+00
  3.946441E+00  2.955265E+00 -1.353844E+00
  3.954238E+00  2.969088E+00 -1.359827E+00
  3.958331E+00  2.978096E+00 -1.362968E+00
  3.970222E+00  2.981188E+00 -1.372092E+00
  3.972629E+00  2.984076E+00 -1.373940E+00
  3.970222E+00  2.994963E+00 -1.372092E+00
Slice   =     60 , Freq(kT, average of all copies)              =   0.2926
Orbit # =      0 , Freq(kT, this largest copy used for outline) =   0.2988
Points  =     31
  kx            ky            kz
  2.180370E+00  2.195749E+00 -1.385026E+00
  2.168480E+00  2.194493E+00 -1.375902E+00
  2.156589E+00  2.194930E+00 -1.366778E+00
  2.148060E+00  2.188242E+00 -1.360234E+00
  2.144698E+00  2.184058E+00 -1.357654E+00
  2.139994E+00  2.173254E+00 -1.354044E+00
  2.134790E+00  2.158266E+00 -1.350051E+00
  2.132807E+00  2.156149E+00 -1.348530E+00
  2.120917E+00  2.148043E+00 -1.339406E+00
  2.117476E+00  2.143278E+00 -1.336765E+00
  2.114460E+00  2.128290E+00 -1.334452E+00
  2.112868E+00  2.113302E+00 -1.333230E+00
  2.109026E+00  2.103629E+00 -1.330282E+00
  2.104479E+00  2.098314E+00 -1.326792E+00
  2.109026E+00  2.093862E+00 -1.330282E+00
  2.117596E+00  2.083326E+00 -1.336857E+00
  2.120917E+00  2.079324E+00 -1.339406E+00
  2.132807E+00  2.075225E+00 -1.348530E+00
  2.144698E+00  2.080008E+00 -1.357654E+00
  2.156589E+00  2.080747E+00 -1.366778E+00
  2.158330E+00  2.083326E+00 -1.368114E+00
  2.162552E+00  2.098314E+00 -1.371353E+00
  2.167895E+00  2.113302E+00 -1.375453E+00
  2.168480E+00  2.114533E+00 -1.375902E+00
  2.180370E+00  2.124107E+00 -1.385026E+00
  2.183226E+00  2.128290E+00 -1.387217E+00
  2.187464E+00  2.143278E+00 -1.390469E+00
  2.189057E+00  2.158266E+00 -1.391692E+00
  2.189461E+00  2.173254E+00 -1.392002E+00
  2.187465E+00  2.188242E+00 -1.390470E+00
  2.180370E+00  2.195749E+00 -1.385026E+00
Slice   =    221 , Freq(kT, average of all copies)              =   0.3586
Orbit # =      0 , Freq(kT, this largest copy used for outline) =   0.3679
Points  =     35
  kx            ky            kz
  6.303167E+00  5.392319E+00 -1.777176E+00
  6.291276E+00  5.395502E+00 -1.768052E+00
  6.286650E+00  5.398978E+00 -1.764502E+00
  6.279385E+00  5.402391E+00 -1.758928E+00
  6.272055E+00  5.398978E+00 -1.753303E+00
  6.267495E+00  5.395094E+00 -1.749803E+00
  6.262620E+00  5.383990E+00 -1.746063E+00
  6.255604E+00  5.375013E+00 -1.740679E+00
  6.250063E+00  5.369002E+00 -1.736428E+00
  6.243713E+00  5.364798E+00 -1.731555E+00
  6.233140E+00  5.354014E+00 -1.723443E+00
  6.231822E+00  5.347336E+00 -1.722431E+00
  6.229926E+00  5.339026E+00 -1.720976E+00
  6.221141E+00  5.324038E+00 -1.714235E+00
  6.219932E+00  5.322297E+00 -1.713307E+00
  6.209180E+00  5.309050E+00 -1.705057E+00
  6.212384E+00  5.294062E+00 -1.707516E+00
  6.219800E+00  5.279074E+00 -1.713206E+00
  6.219932E+00  5.278872E+00 -1.713307E+00
  6.231822E+00  5.271409E+00 -1.722431E+00
  6.243713E+00  5.266710E+00 -1.731555E+00
  6.255604E+00  5.272739E+00 -1.740679E+00
  6.259748E+00  5.279074E+00 -1.743859E+00
  6.267495E+00  5.286353E+00 -1.749803E+00
  6.279104E+00  5.294062E+00 -1.758712E+00
  6.279385E+00  5.294247E+00 -1.758928E+00
  6.285731E+00  5.309050E+00 -1.763797E+00
  6.289174E+00  5.324038E+00 -1.766439E+00
  6.291276E+00  5.328120E+00 -1.768052E+00
  6.303167E+00  5.335437E+00 -1.777176E+00
  6.305023E+00  5.339026E+00 -1.778600E+00
  6.309343E+00  5.354014E+00 -1.781915E+00
  6.310101E+00  5.369002E+00 -1.782496E+00
  6.309226E+00  5.383990E+00 -1.781825E+00
  6.303167E+00  5.392319E+00 -1.777176E+00
Slice   =     32 , Freq(kT, average of all copies)              =   0.3615
Orbit # =      0 , Freq(kT, this largest copy used for outline) =   0.3694
Points  =     35
  kx            ky            kz
  6.200766E-01  1.638504E+00 -2.673567E+00
  6.081858E-01  1.644498E+00 -2.664443E+00
  6.027804E-01  1.649411E+00 -2.660295E+00
  5.962951E-01  1.651000E+00 -2.655319E+00
  5.844043E-01  1.649622E+00 -2.646195E+00
  5.840685E-01  1.649411E+00 -2.645937E+00
  5.725136E-01  1.636713E+00 -2.637071E+00
  5.712358E-01  1.634424E+00 -2.636090E+00
  5.606228E-01  1.624940E+00 -2.627946E+00
  5.573982E-01  1.619436E+00 -2.625472E+00
  5.487321E-01  1.605993E+00 -2.618822E+00
  5.478093E-01  1.604448E+00 -2.618114E+00
  5.428901E-01  1.589460E+00 -2.614340E+00
  5.368413E-01  1.582141E+00 -2.609698E+00
  5.306207E-01  1.574472E+00 -2.604925E+00
  5.253580E-01  1.559484E+00 -2.600887E+00
  5.269608E-01  1.544496E+00 -2.602117E+00
  5.273773E-01  1.529508E+00 -2.602436E+00
  5.368413E-01  1.525233E+00 -2.609698E+00
  5.487321E-01  1.522333E+00 -2.618822E+00
  5.606228E-01  1.518484E+00 -2.627946E+00
  5.704470E-01  1.529508E+00 -2.635485E+00
  5.725136E-01  1.530954E+00 -2.637071E+00
  5.829475E-01  1.544496E+00 -2.645077E+00
  5.844043E-01  1.546066E+00 -2.646195E+00
  5.962951E-01  1.554981E+00 -2.655319E+00
  5.991225E-01  1.559484E+00 -2.657488E+00
  6.039663E-01  1.574472E+00 -2.661205E+00
  6.081858E-01  1.584743E+00 -2.664443E+00
  6.143172E-01  1.589460E+00 -2.669148E+00
  6.200766E-01  1.595010E+00 -2.673567E+00
  6.239758E-01  1.604448E+00 -2.676559E+00
  6.275119E-01  1.619436E+00 -2.679272E+00
  6.209986E-01  1.634424E+00 -2.674274E+00
  6.200766E-01  1.638504E+00 -2.673567E+00
Slice   =    210 , Freq(kT, average of all copies)              =   0.3752
Orbit # =      0 , Freq(kT, this largest copy used for outline) =   0.3840
Points  =     43
  kx            ky            kz
  4.492717E+00  2.932493E+00  1.619378E+00
  4.480826E+00  2.936869E+00  1.628502E+00
  4.479672E+00  2.939848E+00  1.629388E+00
  4.469940E+00  2.954836E+00  1.636855E+00
  4.468935E+00  2.955167E+00  1.637626E+00
  4.468194E+00  2.954836E+00  1.638195E+00
  4.457044E+00  2.947513E+00  1.646750E+00
  4.445154E+00  2.946490E+00  1.655874E+00
  4.433263E+00  2.943070E+00  1.664999E+00
  4.428853E+00  2.939848E+00  1.668383E+00
  4.421372E+00  2.931753E+00  1.674123E+00
  4.409481E+00  2.928794E+00  1.683247E+00
  4.400062E+00  2.924860E+00  1.690475E+00
  4.397591E+00  2.921817E+00  1.692371E+00
  4.386770E+00  2.909872E+00  1.700674E+00
  4.385700E+00  2.909311E+00  1.701495E+00
  4.373809E+00  2.901191E+00  1.710619E+00
  4.368055E+00  2.894885E+00  1.715035E+00
  4.361918E+00  2.888999E+00  1.719743E+00
  4.350028E+00  2.880716E+00  1.728867E+00
  4.349420E+00  2.879897E+00  1.729334E+00
  4.350028E+00  2.874912E+00  1.728867E+00
  4.352671E+00  2.864909E+00  1.726839E+00
  4.359540E+00  2.849921E+00  1.721568E+00
  4.361918E+00  2.847770E+00  1.719743E+00
  4.373809E+00  2.842509E+00  1.710619E+00
  4.385700E+00  2.836706E+00  1.701495E+00
  4.397591E+00  2.845084E+00  1.692371E+00
  4.406647E+00  2.849921E+00  1.685421E+00
  4.409481E+00  2.851038E+00  1.683247E+00
  4.421372E+00  2.859604E+00  1.674123E+00
  4.424936E+00  2.864909E+00  1.671388E+00
  4.433263E+00  2.872533E+00  1.664999E+00
  4.445154E+00  2.876066E+00  1.655874E+00
  4.448036E+00  2.879897E+00  1.653662E+00
  4.457044E+00  2.893085E+00  1.646750E+00
  4.468935E+00  2.893587E+00  1.637626E+00
  4.469916E+00  2.894885E+00  1.636873E+00
  4.476318E+00  2.909872E+00  1.631962E+00
  4.480826E+00  2.921764E+00  1.628502E+00
  4.492717E+00  2.922540E+00  1.619378E+00
  4.494043E+00  2.924860E+00  1.618360E+00
  4.492717E+00  2.932493E+00  1.619378E+00
Slice   =    227 , Freq(kT, average of all copies)              =   0.3763
Orbit # =      0 , Freq(kT, this largest copy used for outline) =   0.3820
Points  =     39
  kx            ky            kz
  5.327781E+00  2.942135E+00  1.305713E+00
  5.315890E+00  2.944704E+00  1.314837E+00
  5.303999E+00  2.948701E+00  1.323961E+00
  5.292108E+00  2.947981E+00  1.333085E+00
  5.280218E+00  2.939940E+00  1.342209E+00
  5.279609E+00  2.939480E+00  1.342676E+00
  5.268327E+00  2.934047E+00  1.351333E+00
  5.257374E+00  2.924492E+00  1.359737E+00
  5.256436E+00  2.923267E+00  1.360457E+00
  5.244545E+00  2.914157E+00  1.369581E+00
  5.235837E+00  2.909504E+00  1.376264E+00
  5.232655E+00  2.905913E+00  1.378705E+00
  5.226320E+00  2.894516E+00  1.383566E+00
  5.220764E+00  2.889290E+00  1.387829E+00
  5.209143E+00  2.879528E+00  1.396747E+00
  5.208873E+00  2.879023E+00  1.396953E+00
  5.196982E+00  2.866761E+00  1.406078E+00
  5.192894E+00  2.864540E+00  1.409215E+00
  5.196982E+00  2.857247E+00  1.406078E+00
  5.203954E+00  2.849552E+00  1.400728E+00
  5.208873E+00  2.844606E+00  1.396953E+00
  5.220764E+00  2.836416E+00  1.387829E+00
  5.232655E+00  2.844316E+00  1.378705E+00
  5.244545E+00  2.842984E+00  1.369581E+00
  5.252239E+00  2.849552E+00  1.363678E+00
  5.256436E+00  2.853233E+00  1.360457E+00
  5.268327E+00  2.858237E+00  1.351333E+00
  5.280218E+00  2.863131E+00  1.342209E+00
  5.282102E+00  2.864540E+00  1.340763E+00
  5.292108E+00  2.873601E+00  1.333085E+00
  5.303999E+00  2.877752E+00  1.323961E+00
  5.306343E+00  2.879528E+00  1.322162E+00
  5.315890E+00  2.893736E+00  1.314837E+00
  5.318044E+00  2.894516E+00  1.313184E+00
  5.327781E+00  2.898465E+00  1.305713E+00
  5.333946E+00  2.909504E+00  1.300982E+00
  5.331918E+00  2.924492E+00  1.302538E+00
  5.329794E+00  2.939480E+00  1.304167E+00
  5.327781E+00  2.942135E+00  1.305713E+00
Slice   =    159 , Freq(kT, average of all copies)              =   1.4721
Orbit # =      0 , Freq(kT, this largest copy used for outline) =   1.5108
Points  =     81
  kx            ky            kz
  4.465164E+00  4.072916E+00 -1.261972E+00
  4.463372E+00  4.078565E+00 -1.260597E+00
  4.454781E+00  4.093553E+00 -1.254005E+00
  4.453273E+00  4.094514E+00 -1.252848E+00
  4.441382E+00  4.098899E+00 -1.243724E+00
  4.429491E+00  4.101972E+00 -1.234600E+00
  4.417601E+00  4.103298E+00 -1.225476E+00
  4.405710E+00  4.105798E+00 -1.216352E+00
  4.397495E+00  4.108541E+00 -1.210048E+00
  4.393819E+00  4.111291E+00 -1.207227E+00
  4.381928E+00  4.121489E+00 -1.198103E+00
  4.378061E+00  4.123529E+00 -1.195136E+00
  4.370038E+00  4.128146E+00 -1.188979E+00
  4.361148E+00  4.138517E+00 -1.182158E+00
  4.358147E+00  4.141572E+00 -1.179855E+00
  4.346256E+00  4.149525E+00 -1.170731E+00
  4.339255E+00  4.153505E+00 -1.165359E+00
  4.337052E+00  4.168493E+00 -1.163668E+00
  4.334365E+00  4.170152E+00 -1.161607E+00
  4.322475E+00  4.174517E+00 -1.152483E+00
  4.310584E+00  4.177948E+00 -1.143359E+00
  4.301263E+00  4.183481E+00 -1.136207E+00
  4.300233E+00  4.198468E+00 -1.135416E+00
  4.298693E+00  4.199004E+00 -1.134235E+00
  4.286802E+00  4.201161E+00 -1.125111E+00
  4.274912E+00  4.206763E+00 -1.115987E+00
  4.263021E+00  4.211486E+00 -1.106863E+00
  4.261094E+00  4.213456E+00 -1.105384E+00
  4.251130E+00  4.222042E+00 -1.097738E+00
  4.239951E+00  4.213456E+00 -1.089161E+00
  4.239239E+00  4.208280E+00 -1.088614E+00
  4.238582E+00  4.198468E+00 -1.088110E+00
  4.234384E+00  4.183481E+00 -1.084889E+00
  4.234705E+00  4.168493E+00 -1.085135E+00
  4.231316E+00  4.153505E+00 -1.082535E+00
  4.231702E+00  4.138517E+00 -1.082831E+00
  4.232902E+00  4.123529E+00 -1.083751E+00
  4.228232E+00  4.108541E+00 -1.080168E+00
  4.235460E+00  4.093553E+00 -1.085714E+00
  4.231003E+00  4.078565E+00 -1.082294E+00
  4.239239E+00  4.073416E+00 -1.088614E+00
  4.251130E+00  4.068818E+00 -1.097738E+00
  4.263021E+00  4.065901E+00 -1.106863E+00
  4.271055E+00  4.063577E+00 -1.113028E+00
  4.274912E+00  4.062543E+00 -1.115987E+00
  4.286802E+00  4.059761E+00 -1.125111E+00
  4.298693E+00  4.056789E+00 -1.134235E+00
  4.310379E+00  4.048589E+00 -1.143201E+00
  4.310584E+00  4.048332E+00 -1.143359E+00
  4.322475E+00  4.039545E+00 -1.152483E+00
  4.332804E+00  4.033601E+00 -1.160409E+00
  4.334365E+00  4.032569E+00 -1.161607E+00
  4.346256E+00  4.022898E+00 -1.170731E+00
  4.350666E+00  4.018613E+00 -1.174115E+00
  4.358147E+00  4.008818E+00 -1.179855E+00
  4.362558E+00  4.003625E+00 -1.183240E+00
  4.370038E+00  3.998817E+00 -1.188979E+00
  4.381928E+00  3.992596E+00 -1.198103E+00
  4.387027E+00  3.988637E+00 -1.202015E+00
  4.393819E+00  3.975177E+00 -1.207227E+00
  4.395198E+00  3.973649E+00 -1.208285E+00
  4.405710E+00  3.969714E+00 -1.216352E+00
  4.417601E+00  3.963027E+00 -1.225476E+00
  4.428119E+00  3.958661E+00 -1.233546E+00
  4.429491E+00  3.956840E+00 -1.234600E+00
  4.440902E+00  3.943673E+00 -1.243355E+00
  4.441382E+00  3.943467E+00 -1.243724E+00
  4.453273E+00  3.939155E+00 -1.252848E+00
  4.456478E+00  3.943673E+00 -1.255307E+00
  4.456466E+00  3.958661E+00 -1.255298E+00
  4.462756E+00  3.973649E+00 -1.260125E+00
  4.463147E+00  3.988637E+00 -1.260425E+00
  4.465164E+00  3.999708E+00 -1.261972E+00
  4.466198E+00  4.003625E+00 -1.262766E+00
  4.465164E+00  4.018329E+00 -1.261972E+00
  4.465151E+00  4.018613E+00 -1.261962E+00
  4.465164E+00  4.018674E+00 -1.261972E+00
  4.469386E+00  4.033601E+00 -1.265212E+00
  4.466637E+00  4.048589E+00 -1.263102E+00
  4.467493E+00  4.063577E+00 -1.263759E+00
  4.465164E+00  4.072916E+00 -1.261972E+00
Theta(deg) =   0.000000 , Phi(deg) =  40.000000 , Number of orbits =    11 , (a.u.^-1) units
Slice   =    162 , Freq(kT, average of all copies)              =   0.0188
Orbit # =      0 , Freq(kT, this largest copy used for outline) =   0.0188
Points  =      9
  kx            ky            kz
  4.994963E+00  3.735372E+00 -8.583731E-01
  4.983482E+00  3.735458E+00 -8.487391E-01
  4.972001E+00  3.734293E+00 -8.391050E-01
  4.967055E+00  3.733474E+00 -8.349551E-01
  4.972001E+00  3.719074E+00 -8.391050E-01
  4.983482E+00  3.719797E+00 -8.487391E-01
  4.994963E+00  3.725780E+00 -8.583731E-01
  5.000023E+00  3.733474E+00 -8.626182E-01
  4.994963E+00  3.735372E+00 -8.583731E-01
Slice   =    144 , Freq(kT, average of all copies)              =   0.2473
Orbit # =      0 , Freq(kT, this largest copy used for outline) =   0.2473
Points  =     31
  kx            ky            kz
  4.523033E+00  4.116639E+00 -8.145532E-01
  4.515339E+00  4.123161E+00 -8.080976E-01
  4.511551E+00  4.126374E+00 -8.049191E-01
  4.500070E+00  4.131446E+00 -7.952850E-01
  4.488588E+00  4.124860E+00 -7.856510E-01
  4.483050E+00  4.123161E+00 -7.810041E-01
  4.477107E+00  4.121738E+00 -7.760169E-01
  4.465626E+00  4.113001E+00 -7.663828E-01
  4.462223E+00  4.108173E+00 -7.635277E-01
  4.454144E+00  4.102254E+00 -7.567488E-01
  4.442663E+00  4.097084E+00 -7.471147E-01
  4.439739E+00  4.093185E+00 -7.446617E-01
  4.432703E+00  4.078197E+00 -7.387572E-01
  4.431181E+00  4.074175E+00 -7.374806E-01
  4.421774E+00  4.063209E+00 -7.295871E-01
  4.431181E+00  4.056012E+00 -7.374806E-01
  4.442163E+00  4.048221E+00 -7.466957E-01
  4.442663E+00  4.047801E+00 -7.471147E-01
  4.454144E+00  4.039087E+00 -7.567488E-01
  4.463228E+00  4.048221E+00 -7.643711E-01
  4.465626E+00  4.049613E+00 -7.663828E-01
  4.477107E+00  4.050147E+00 -7.760169E-01
  4.486021E+00  4.063209E+00 -7.834970E-01
  4.488588E+00  4.065916E+00 -7.856510E-01
  4.500070E+00  4.072300E+00 -7.952850E-01
  4.508962E+00  4.078197E+00 -8.027467E-01
  4.511551E+00  4.082693E+00 -8.049191E-01
  4.519829E+00  4.093185E+00 -8.118651E-01
  4.523033E+00  4.098879E+00 -8.145532E-01
  4.529862E+00  4.108173E+00 -8.202837E-01
  4.523033E+00  4.116639E+00 -8.145532E-01
Slice   =    106 , Freq(kT, average of all copies)              =   0.2562
Orbit # =      0 , Freq(kT, this largest copy used for outline) =   0.2626
Points  =     33
  kx            ky            kz
  3.524380E+00  3.419626E+00 -3.103752E+00
  3.512899E+00  3.427142E+00 -3.094118E+00
  3.506947E+00  3.433346E+00 -3.089124E+00
  3.501417E+00  3.437300E+00 -3.084484E+00
  3.492925E+00  3.433346E+00 -3.077358E+00
  3.489936E+00  3.432319E+00 -3.074850E+00
  3.478454E+00  3.428127E+00 -3.065216E+00
  3.466973E+00  3.424414E+00 -3.055582E+00
  3.461402E+00  3.418358E+00 -3.050907E+00
  3.455491E+00  3.412503E+00 -3.045948E+00
  3.444010E+00  3.408258E+00 -3.036314E+00
  3.436385E+00  3.403370E+00 -3.029916E+00
  3.432529E+00  3.389705E+00 -3.026680E+00
  3.432033E+00  3.388383E+00 -3.026264E+00
  3.421047E+00  3.378286E+00 -3.017046E+00
  3.415817E+00  3.373395E+00 -3.012657E+00
  3.421047E+00  3.361532E+00 -3.017046E+00
  3.424407E+00  3.358407E+00 -3.019865E+00
  3.432529E+00  3.353915E+00 -3.026680E+00
  3.444010E+00  3.347026E+00 -3.036314E+00
  3.455491E+00  3.349649E+00 -3.045948E+00
  3.466973E+00  3.355288E+00 -3.055582E+00
  3.478454E+00  3.357267E+00 -3.065216E+00
  3.479659E+00  3.358407E+00 -3.066227E+00
  3.488319E+00  3.373395E+00 -3.073493E+00
  3.489936E+00  3.375290E+00 -3.074850E+00
  3.501417E+00  3.377720E+00 -3.084484E+00
  3.508066E+00  3.388383E+00 -3.090063E+00
  3.512899E+00  3.399972E+00 -3.094118E+00
  3.522458E+00  3.403370E+00 -3.102139E+00
  3.524380E+00  3.410992E+00 -3.103752E+00
  3.524964E+00  3.418358E+00 -3.104242E+00
  3.524380E+00  3.419626E+00 -3.103752E+00
Slice   =      2 , Freq(kT, average of all copies)              =   0.2971
Orbit # =      0 , Freq(kT, this largest copy used for outline) =   0.3042
Points  =     31
  kx            ky            kz
  1.488864E-01  1.222315E+00 -2.422487E+00
  1.374049E-01  1.221091E+00 -2.412853E+00
  1.259235E-01  1.221256E+00 -2.403219E+00
  1.144421E-01  1.214846E+00 -2.393585E+00
  1.136074E-01  1.213656E+00 -2.392885E+00
  1.077120E-01  1.198668E+00 -2.387938E+00
  1.029606E-01  1.187891E+00 -2.383951E+00
  1.003444E-01  1.183680E+00 -2.381756E+00
  9.147918E-02  1.177481E+00 -2.374317E+00
  8.405310E-02  1.168692E+00 -2.368086E+00
  8.293359E-02  1.153704E+00 -2.367146E+00
  8.068098E-02  1.138716E+00 -2.365256E+00
  7.999773E-02  1.136185E+00 -2.364683E+00
  7.446354E-02  1.123729E+00 -2.360039E+00
  7.999773E-02  1.117915E+00 -2.364683E+00
  8.824492E-02  1.108741E+00 -2.371603E+00
  9.147918E-02  1.105509E+00 -2.374317E+00
  1.029606E-01  1.104575E+00 -2.383951E+00
  1.144421E-01  1.107146E+00 -2.393585E+00
  1.192713E-01  1.108741E+00 -2.397637E+00
  1.259235E-01  1.112796E+00 -2.403219E+00
  1.294925E-01  1.123729E+00 -2.406214E+00
  1.349887E-01  1.138716E+00 -2.410826E+00
  1.374049E-01  1.143078E+00 -2.412853E+00
  1.488864E-01  1.150193E+00 -2.422487E+00
  1.510511E-01  1.153704E+00 -2.424304E+00
  1.548318E-01  1.168692E+00 -2.427476E+00
  1.566306E-01  1.183680E+00 -2.428985E+00
  1.571422E-01  1.198668E+00 -2.429415E+00
  1.556849E-01  1.213656E+00 -2.428192E+00
  1.488864E-01  1.222315E+00 -2.422487E+00
Slice   =    225 , Freq(kT, average of all copies)              =   0.3597
Orbit # =      0 , Freq(kT, this largest copy used for outline) =   0.3597
Points  =     35
  kx            ky            kz
  7.608054E+00  6.103727E+00 -1.702087E+00
  7.596573E+00  6.106773E+00 -1.692453E+00
  7.585091E+00  6.109264E+00 -1.682819E+00
  7.576305E+00  6.103043E+00 -1.675446E+00
  7.573610E+00  6.098732E+00 -1.673185E+00
  7.569635E+00  6.088055E+00 -1.669849E+00
  7.562128E+00  6.079132E+00 -1.663551E+00
  7.557960E+00  6.073067E+00 -1.660053E+00
  7.550647E+00  6.066219E+00 -1.653917E+00
  7.546232E+00  6.058080E+00 -1.650212E+00
  7.543932E+00  6.043092E+00 -1.648282E+00
  7.539165E+00  6.032625E+00 -1.644283E+00
  7.534639E+00  6.028104E+00 -1.640485E+00
  7.527684E+00  6.019868E+00 -1.634648E+00
  7.524555E+00  6.013116E+00 -1.632023E+00
  7.527079E+00  5.998128E+00 -1.634141E+00
  7.527684E+00  5.995016E+00 -1.634648E+00
  7.537327E+00  5.983140E+00 -1.642740E+00
  7.539165E+00  5.982293E+00 -1.644283E+00
  7.550647E+00  5.977043E+00 -1.653917E+00
  7.562128E+00  5.972018E+00 -1.663551E+00
  7.567101E+00  5.983140E+00 -1.667723E+00
  7.573610E+00  5.991163E+00 -1.673185E+00
  7.585091E+00  5.996645E+00 -1.682819E+00
  7.586404E+00  5.998128E+00 -1.683920E+00
  7.594148E+00  6.013116E+00 -1.690418E+00
  7.596573E+00  6.019873E+00 -1.692453E+00
  7.600261E+00  6.028104E+00 -1.695548E+00
  7.608054E+00  6.038612E+00 -1.702087E+00
  7.611653E+00  6.043092E+00 -1.705107E+00
  7.618562E+00  6.058080E+00 -1.710904E+00
  7.618815E+00  6.073067E+00 -1.711116E+00
  7.615576E+00  6.088055E+00 -1.708398E+00
  7.608812E+00  6.103043E+00 -1.702723E+00
  7.608054E+00  6.103727E+00 -1.702087E+00
Slice   =     30 , Freq(kT, average of all copies)              =   0.3637
Orbit # =      0 , Freq(kT, this largest copy used for outline) =   0.3637
Points  =     35
  kx            ky            kz
  1.169121E+00  1.922066E+00 -2.396427E+00
  1.157639E+00  1.926122E+00 -2.386793E+00
  1.146158E+00  1.930232E+00 -2.377159E+00
  1.134676E+00  1.921414E+00 -2.367525E+00
  1.132410E+00  1.918458E+00 -2.365623E+00
  1.125019E+00  1.903470E+00 -2.359422E+00
  1.123195E+00  1.902457E+00 -2.357891E+00
  1.111714E+00  1.893548E+00 -2.348257E+00
  1.108964E+00  1.888482E+00 -2.345950E+00
  1.105689E+00  1.873494E+00 -2.343202E+00
  1.100232E+00  1.858981E+00 -2.338623E+00
  1.099843E+00  1.858507E+00 -2.338296E+00
  1.088751E+00  1.849952E+00 -2.328989E+00
  1.084317E+00  1.843519E+00 -2.325269E+00
  1.085173E+00  1.828531E+00 -2.325987E+00
  1.087117E+00  1.813543E+00 -2.327618E+00
  1.088751E+00  1.810055E+00 -2.328989E+00
  1.100232E+00  1.802109E+00 -2.338623E+00
  1.107437E+00  1.798555E+00 -2.344668E+00
  1.111714E+00  1.797149E+00 -2.348257E+00
  1.123195E+00  1.792839E+00 -2.357891E+00
  1.125963E+00  1.798555E+00 -2.360213E+00
  1.132346E+00  1.813543E+00 -2.365570E+00
  1.134676E+00  1.816265E+00 -2.367525E+00
  1.146158E+00  1.822275E+00 -2.377159E+00
  1.150895E+00  1.828531E+00 -2.381134E+00
  1.156794E+00  1.843519E+00 -2.386084E+00
  1.157639E+00  1.845807E+00 -2.386793E+00
  1.165098E+00  1.858507E+00 -2.393052E+00
  1.169121E+00  1.864048E+00 -2.396427E+00
  1.175221E+00  1.873494E+00 -2.401546E+00
  1.179962E+00  1.888482E+00 -2.405524E+00
  1.177485E+00  1.903470E+00 -2.403446E+00
  1.170860E+00  1.918458E+00 -2.397887E+00
  1.169121E+00  1.922066E+00 -2.396427E+00
Slice   =    103 , Freq(kT, average of all copies)              =   0.3657
Orbit # =      0 , Freq(kT, this largest copy used for outline) =   0.3722
Points  =     39
  kx            ky            kz
  4.192738E+00  4.484935E+00 -2.502348E+00
  4.181256E+00  4.493376E+00 -2.492714E+00
  4.169775E+00  4.490879E+00 -2.483080E+00
  4.158293E+00  4.489649E+00 -2.473446E+00
  4.146812E+00  4.484888E+00 -2.463811E+00
  4.144138E+00  4.482503E+00 -2.461568E+00
  4.135330E+00  4.474289E+00 -2.454177E+00
  4.123849E+00  4.471069E+00 -2.444543E+00
  4.118406E+00  4.467515E+00 -2.439976E+00
  4.112368E+00  4.457544E+00 -2.434909E+00
  4.107441E+00  4.452527E+00 -2.430775E+00
  4.100886E+00  4.449306E+00 -2.425275E+00
  4.089405E+00  4.439524E+00 -2.415641E+00
  4.087033E+00  4.437539E+00 -2.413651E+00
  4.077923E+00  4.428678E+00 -2.406007E+00
  4.068114E+00  4.422551E+00 -2.397776E+00
  4.070328E+00  4.407564E+00 -2.399634E+00
  4.074749E+00  4.392576E+00 -2.403343E+00
  4.077923E+00  4.388720E+00 -2.406007E+00
  4.089405E+00  4.382424E+00 -2.415641E+00
  4.098445E+00  4.377588E+00 -2.423227E+00
  4.100886E+00  4.376708E+00 -2.425275E+00
  4.103294E+00  4.377588E+00 -2.427295E+00
  4.112368E+00  4.381928E+00 -2.434909E+00
  4.123849E+00  4.392486E+00 -2.444543E+00
  4.124020E+00  4.392576E+00 -2.444686E+00
  4.135330E+00  4.397181E+00 -2.454177E+00
  4.141343E+00  4.407564E+00 -2.459222E+00
  4.146812E+00  4.414300E+00 -2.463811E+00
  4.158293E+00  4.416657E+00 -2.473446E+00
  4.162562E+00  4.422551E+00 -2.477028E+00
  4.169417E+00  4.437539E+00 -2.482779E+00
  4.169775E+00  4.438274E+00 -2.483080E+00
  4.181256E+00  4.441792E+00 -2.492714E+00
  4.186783E+00  4.452527E+00 -2.497351E+00
  4.191477E+00  4.467515E+00 -2.501290E+00
  4.192738E+00  4.474289E+00 -2.502348E+00
  4.200811E+00  4.482503E+00 -2.509122E+00
  4.192738E+00  4.484935E+00 -2.502348E+00
Slice   =    148 , Freq(kT, average of all copies)              =   0.3681
Orbit # =      0 , Freq(kT, this largest copy used for outline) =   0.3745
Points  =     35
  kx            ky            kz
  3.845533E+00  3.169182E+00 -5.021092E-01
  3.834052E+00  3.168877E+00 -4.924752E-01
  3.822570E+00  3.168891E+00 -4.828411E-01
  3.813185E+00  3.163563E+00 -4.749662E-01
  3.811089E+00  3.161469E+00 -4.732070E-01
  3.805117E+00  3.148575E+00 -4.681960E-01
  3.799607E+00  3.139140E+00 -4.635729E-01
  3.795118E+00  3.133587E+00 -4.598062E-01
  3.788126E+00  3.129422E+00 -4.539389E-01
  3.777567E+00  3.118599E+00 -4.450789E-01
  3.776644E+00  3.112454E+00 -4.443048E-01
  3.774822E+00  3.103611E+00 -4.427761E-01
  3.766693E+00  3.088623E+00 -4.359546E-01
  3.765163E+00  3.086332E+00 -4.346707E-01
  3.755321E+00  3.073635E+00 -4.264127E-01
  3.760113E+00  3.058648E+00 -4.304332E-01
  3.765163E+00  3.049775E+00 -4.346707E-01
  3.776644E+00  3.044680E+00 -4.443048E-01
  3.780463E+00  3.043660E+00 -4.475093E-01
  3.788126E+00  3.041024E+00 -4.539389E-01
  3.796641E+00  3.043660E+00 -4.610842E-01
  3.799607E+00  3.044211E+00 -4.635729E-01
  3.811089E+00  3.052300E+00 -4.732070E-01
  3.822441E+00  3.058648E+00 -4.827328E-01
  3.822570E+00  3.058719E+00 -4.828411E-01
  3.828654E+00  3.073635E+00 -4.879463E-01
  3.833924E+00  3.088623E+00 -4.923679E-01
  3.834052E+00  3.088862E+00 -4.924752E-01
  3.845533E+00  3.095620E+00 -5.021092E-01
  3.849130E+00  3.103611E+00 -5.051278E-01
  3.852620E+00  3.118599E+00 -5.080559E-01
  3.855316E+00  3.133587E+00 -5.103177E-01
  3.855681E+00  3.148575E+00 -5.106243E-01
  3.853813E+00  3.163563E+00 -5.090568E-01
  3.845533E+00  3.169182E+00 -5.021092E-01
Slice   =     50 , Freq(kT, average of all copies)              =   0.3691
Orbit # =      0 , Freq(kT, this largest copy used for outline) =   0.3775
Points  =     39
  kx            ky            kz
  1.449467E+00  2.117366E+00 -3.126970E+00
  1.437986E+00  2.118983E+00 -3.117336E+00
  1.426504E+00  2.122847E+00 -3.107702E+00
  1.415023E+00  2.118880E+00 -3.098068E+00
  1.408343E+00  2.113670E+00 -3.092463E+00
  1.403541E+00  2.109165E+00 -3.088434E+00
  1.392060E+00  2.103131E+00 -3.078799E+00
  1.387163E+00  2.098682E+00 -3.074690E+00
  1.380578E+00  2.086381E+00 -3.069165E+00
  1.378766E+00  2.083694E+00 -3.067645E+00
  1.369097E+00  2.078729E+00 -3.059531E+00
  1.359145E+00  2.068706E+00 -3.051181E+00
  1.357615E+00  2.066280E+00 -3.049897E+00
  1.346134E+00  2.057281E+00 -3.040263E+00
  1.340451E+00  2.053718E+00 -3.035495E+00
  1.337460E+00  2.038730E+00 -3.032984E+00
  1.334653E+00  2.033041E+00 -3.030629E+00
  1.326287E+00  2.023742E+00 -3.023609E+00
  1.334653E+00  2.014211E+00 -3.030629E+00
  1.340685E+00  2.008754E+00 -3.035691E+00
  1.346134E+00  2.005212E+00 -3.040263E+00
  1.356789E+00  2.008754E+00 -3.049204E+00
  1.357615E+00  2.009064E+00 -3.049897E+00
  1.369097E+00  2.009560E+00 -3.059531E+00
  1.380578E+00  2.017249E+00 -3.069165E+00
  1.388041E+00  2.023742E+00 -3.075428E+00
  1.392060E+00  2.026197E+00 -3.078799E+00
  1.403541E+00  2.030072E+00 -3.088434E+00
  1.409986E+00  2.038730E+00 -3.093842E+00
  1.415023E+00  2.044609E+00 -3.098068E+00
  1.426504E+00  2.047698E+00 -3.107702E+00
  1.433027E+00  2.053718E+00 -3.113175E+00
  1.437986E+00  2.063889E+00 -3.117336E+00
  1.449175E+00  2.068706E+00 -3.126725E+00
  1.449467E+00  2.068854E+00 -3.126970E+00
  1.456921E+00  2.083694E+00 -3.133224E+00
  1.454730E+00  2.098682E+00 -3.131386E+00
  1.452365E+00  2.113670E+00 -3.129402E+00
  1.449467E+00  2.117366E+00 -3.126970E+00
Slice   =     38 , Freq(kT, average of all copies)              =   0.3720
Orbit # =      0 , Freq(kT, this largest copy used for outline) =   0.3808
Points  =     37
  kx            ky            kz
  5.948592E-01  1.642315E+00 -2.702808E+00
  5.833778E-01  1.644445E+00 -2.693174E+00
  5.786982E-01  1.649411E+00 -2.689248E+00
  5.718963E-01  1.651148E+00 -2.683540E+00
  5.639351E-01  1.649411E+00 -2.676860E+00
  5.604149E-01  1.647566E+00 -2.673906E+00
  5.515502E-01  1.634424E+00 -2.666468E+00
  5.489335E-01  1.633029E+00 -2.664272E+00
  5.374520E-01  1.624991E+00 -2.654638E+00
  5.340403E-01  1.619436E+00 -2.651775E+00
  5.263564E-01  1.604448E+00 -2.645328E+00
  5.259706E-01  1.603370E+00 -2.645004E+00
  5.198725E-01  1.589460E+00 -2.639887E+00
  5.144891E-01  1.584640E+00 -2.635370E+00
  5.059942E-01  1.574472E+00 -2.628242E+00
  5.047637E-01  1.559484E+00 -2.627209E+00
  5.030077E-01  1.547136E+00 -2.625736E+00
  5.025554E-01  1.544496E+00 -2.625356E+00
  5.026321E-01  1.529508E+00 -2.625421E+00
  5.030077E-01  1.529245E+00 -2.625736E+00
  5.144891E-01  1.521715E+00 -2.635370E+00
  5.259706E-01  1.519900E+00 -2.645004E+00
  5.374520E-01  1.518583E+00 -2.654638E+00
  5.489335E-01  1.526800E+00 -2.664272E+00
  5.500795E-01  1.529508E+00 -2.665234E+00
  5.587781E-01  1.544496E+00 -2.672533E+00
  5.604149E-01  1.546507E+00 -2.673906E+00
  5.718963E-01  1.553178E+00 -2.683540E+00
  5.757329E-01  1.559484E+00 -2.686760E+00
  5.802671E-01  1.574472E+00 -2.690564E+00
  5.833778E-01  1.583407E+00 -2.693174E+00
  5.912059E-01  1.589460E+00 -2.699743E+00
  5.948592E-01  1.592849E+00 -2.702808E+00
  5.993905E-01  1.604448E+00 -2.706611E+00
  6.027465E-01  1.619436E+00 -2.709427E+00
  5.965141E-01  1.634424E+00 -2.704197E+00
  5.948592E-01  1.642315E+00 -2.702808E+00
Slice   =     10 , Freq(kT, average of all copies)              =   1.4765
Orbit # =      0 , Freq(kT, this largest copy used for outline) =   1.5278
Points  =     77
  kx            ky            kz
  1.317775E+00  1.171319E+00 -1.415399E+00
  1.306293E+00  1.175261E+00 -1.405765E+00
  1.294812E+00  1.176864E+00 -1.396131E+00
  1.283330E+00  1.178409E+00 -1.386497E+00
  1.271849E+00  1.180438E+00 -1.376862E+00
  1.263301E+00  1.182576E+00 -1.369690E+00
  1.260367E+00  1.183912E+00 -1.367228E+00
  1.248886E+00  1.189459E+00 -1.357594E+00
  1.237404E+00  1.195073E+00 -1.347960E+00
  1.233039E+00  1.197564E+00 -1.344297E+00
  1.225923E+00  1.202175E+00 -1.338326E+00
  1.214442E+00  1.209089E+00 -1.328692E+00
  1.211721E+00  1.212552E+00 -1.326409E+00
  1.202960E+00  1.222581E+00 -1.319058E+00
  1.191479E+00  1.226976E+00 -1.309424E+00
  1.190860E+00  1.227540E+00 -1.308905E+00
  1.184509E+00  1.242528E+00 -1.303575E+00
  1.179997E+00  1.246370E+00 -1.299790E+00
  1.168516E+00  1.249042E+00 -1.290156E+00
  1.157034E+00  1.254219E+00 -1.280522E+00
  1.145553E+00  1.257335E+00 -1.270888E+00
  1.145156E+00  1.257516E+00 -1.270555E+00
  1.145553E+00  1.258509E+00 -1.270888E+00
  1.150499E+00  1.272504E+00 -1.275038E+00
  1.145553E+00  1.274155E+00 -1.270888E+00
  1.134071E+00  1.276685E+00 -1.261254E+00
  1.122590E+00  1.277941E+00 -1.251620E+00
  1.111109E+00  1.278060E+00 -1.241985E+00
  1.099627E+00  1.276312E+00 -1.232351E+00
  1.095737E+00  1.272504E+00 -1.229087E+00
  1.090654E+00  1.257516E+00 -1.224822E+00
  1.090252E+00  1.242528E+00 -1.224485E+00
  1.088146E+00  1.236560E+00 -1.222717E+00
  1.085975E+00  1.227540E+00 -1.220896E+00
  1.086217E+00  1.212552E+00 -1.221099E+00
  1.085563E+00  1.197564E+00 -1.220550E+00
  1.081299E+00  1.182576E+00 -1.216972E+00
  1.083738E+00  1.167588E+00 -1.219019E+00
  1.078375E+00  1.152600E+00 -1.214519E+00
  1.088146E+00  1.141616E+00 -1.222717E+00
  1.094354E+00  1.137612E+00 -1.227927E+00
  1.099627E+00  1.136123E+00 -1.232351E+00
  1.111109E+00  1.134361E+00 -1.241985E+00
  1.122590E+00  1.132809E+00 -1.251620E+00
  1.134071E+00  1.130797E+00 -1.261254E+00
  1.145553E+00  1.127957E+00 -1.270888E+00
  1.157034E+00  1.124330E+00 -1.280522E+00
  1.159565E+00  1.122624E+00 -1.282645E+00
  1.168516E+00  1.114872E+00 -1.290156E+00
  1.179997E+00  1.110923E+00 -1.299790E+00
  1.183916E+00  1.107636E+00 -1.303078E+00
  1.191479E+00  1.100842E+00 -1.309424E+00
  1.202960E+00  1.094743E+00 -1.319058E+00
  1.204967E+00  1.092648E+00 -1.320742E+00
  1.211178E+00  1.077660E+00 -1.325954E+00
  1.214442E+00  1.075628E+00 -1.328692E+00
  1.225923E+00  1.071222E+00 -1.338326E+00
  1.237404E+00  1.065473E+00 -1.347960E+00
  1.243581E+00  1.062672E+00 -1.353143E+00
  1.248886E+00  1.055642E+00 -1.357594E+00
  1.254035E+00  1.047684E+00 -1.361915E+00
  1.260367E+00  1.044701E+00 -1.367228E+00
  1.271849E+00  1.039654E+00 -1.376862E+00
  1.283330E+00  1.038286E+00 -1.386497E+00
  1.294812E+00  1.037758E+00 -1.396131E+00
  1.306293E+00  1.040562E+00 -1.405765E+00
  1.310431E+00  1.047684E+00 -1.409237E+00
  1.310255E+00  1.062672E+00 -1.409089E+00
  1.313241E+00  1.077660E+00 -1.411595E+00
  1.314088E+00  1.092648E+00 -1.412305E+00
  1.315630E+00  1.107636E+00 -1.413599E+00
  1.316103E+00  1.122624E+00 -1.413997E+00
  1.317775E+00  1.130676E+00 -1.415399E+00
  1.321899E+00  1.137612E+00 -1.418860E+00
  1.318648E+00  1.152600E+00 -1.416132E+00
  1.327347E+00  1.167588E+00 -1.423431E+00
  1.317775E+00  1.171319E+00 -1.415399E+00
Theta(deg) =   0.000000 , Phi(deg) =  42.500000 , Number of orbits =     7 , (a.u.^-1) units
Slice   =     47 , Freq(kT, average of all copies)              =   0.2468
Orbit # =      0 , Freq(kT, this largest copy used for outline) =   0.2528
Points  =     33
  kx            ky            kz
  2.078422E+00  3.561153E+00 -3.549558E+00
  2.067371E+00  3.565554E+00 -3.539433E+00
  2.064641E+00  3.567870E+00 -3.536931E+00
  2.056321E+00  3.575900E+00 -3.529307E+00
  2.045271E+00  3.568024E+00 -3.519181E+00
  2.045142E+00  3.567870E+00 -3.519063E+00
  2.034221E+00  3.562527E+00 -3.509055E+00
  2.023170E+00  3.558148E+00 -3.498930E+00
  2.018651E+00  3.552882E+00 -3.494789E+00
  2.012120E+00  3.543091E+00 -3.488804E+00
  2.003773E+00  3.537894E+00 -3.481155E+00
  2.001070E+00  3.535632E+00 -3.478678E+00
  1.992879E+00  3.522906E+00 -3.471173E+00
  1.990019E+00  3.518451E+00 -3.468553E+00
  1.978969E+00  3.509811E+00 -3.458427E+00
  1.976216E+00  3.507918E+00 -3.455904E+00
  1.978969E+00  3.503246E+00 -3.458427E+00
  1.989255E+00  3.492930E+00 -3.467852E+00
  1.990019E+00  3.492283E+00 -3.468553E+00
  2.001070E+00  3.483204E+00 -3.478678E+00
  2.012120E+00  3.484724E+00 -3.488804E+00
  2.023170E+00  3.489449E+00 -3.498930E+00
  2.034221E+00  3.491392E+00 -3.509055E+00
  2.035774E+00  3.492930E+00 -3.510479E+00
  2.044056E+00  3.507918E+00 -3.518068E+00
  2.045271E+00  3.509432E+00 -3.519181E+00
  2.056321E+00  3.512616E+00 -3.529307E+00
  2.062669E+00  3.522906E+00 -3.535124E+00
  2.067371E+00  3.533841E+00 -3.539433E+00
  2.076301E+00  3.537894E+00 -3.547615E+00
  2.078422E+00  3.540186E+00 -3.549558E+00
  2.082268E+00  3.552882E+00 -3.553083E+00
  2.078422E+00  3.561153E+00 -3.549558E+00
Slice   =    109 , Freq(kT, average of all copies)              =   0.3020
Orbit # =      0 , Freq(kT, this largest copy used for outline) =   0.3096
Points  =     31
  kx            ky            kz
  4.137349E+00  4.006522E+00 -2.452044E+00
  4.126299E+00  4.005059E+00 -2.441919E+00
  4.115249E+00  4.005713E+00 -2.431793E+00
  4.110755E+00  4.002889E+00 -2.427675E+00
  4.104199E+00  3.998339E+00 -2.421667E+00
  4.098547E+00  3.987901E+00 -2.416488E+00
  4.093356E+00  3.972913E+00 -2.411732E+00
  4.093148E+00  3.972685E+00 -2.411542E+00
  4.082098E+00  3.964198E+00 -2.401416E+00
  4.077250E+00  3.957925E+00 -2.396974E+00
  4.074385E+00  3.942937E+00 -2.394348E+00
  4.071048E+00  3.928389E+00 -2.391290E+00
  4.070910E+00  3.927949E+00 -2.391164E+00
  4.062414E+00  3.912961E+00 -2.383378E+00
  4.071048E+00  3.902263E+00 -2.391290E+00
  4.073915E+00  3.897973E+00 -2.393918E+00
  4.082098E+00  3.889681E+00 -2.401416E+00
  4.093148E+00  3.889036E+00 -2.411542E+00
  4.104199E+00  3.892951E+00 -2.421667E+00
  4.115249E+00  3.896620E+00 -2.431793E+00
  4.116068E+00  3.897973E+00 -2.432543E+00
  4.119404E+00  3.912961E+00 -2.435601E+00
  4.126299E+00  3.926478E+00 -2.441919E+00
  4.128514E+00  3.927949E+00 -2.443949E+00
  4.137349E+00  3.934102E+00 -2.452044E+00
  4.141422E+00  3.942937E+00 -2.455776E+00
  4.143766E+00  3.957925E+00 -2.457924E+00
  4.145475E+00  3.972913E+00 -2.459490E+00
  4.145848E+00  3.987901E+00 -2.459832E+00
  4.139626E+00  4.002889E+00 -2.454130E+00
  4.137349E+00  4.006522E+00 -2.452044E+00
Slice   =     97 , Freq(kT, average of all copies)              =   0.3574
Orbit # =      0 , Freq(kT, this largest copy used for outline) =   0.3672
Points  =     41
  kx            ky            kz
  2.592156E+00  2.668982E+00 -8.421186E-01
  2.581105E+00  2.671438E+00 -8.319929E-01
  2.570055E+00  2.680203E+00 -8.218672E-01
  2.559005E+00  2.677302E+00 -8.117415E-01
  2.547955E+00  2.675459E+00 -8.016157E-01
  2.536904E+00  2.671205E+00 -7.914900E-01
  2.533912E+00  2.668592E+00 -7.887482E-01
  2.525854E+00  2.656189E+00 -7.813643E-01
  2.521932E+00  2.653605E+00 -7.777707E-01
  2.514804E+00  2.650115E+00 -7.712386E-01
  2.504118E+00  2.638617E+00 -7.614472E-01
  2.503754E+00  2.638237E+00 -7.611129E-01
  2.492703E+00  2.631820E+00 -7.509872E-01
  2.481653E+00  2.625175E+00 -7.408614E-01
  2.479409E+00  2.623629E+00 -7.388049E-01
  2.475203E+00  2.608641E+00 -7.349508E-01
  2.470603E+00  2.603421E+00 -7.307357E-01
  2.460953E+00  2.593653E+00 -7.218930E-01
  2.465207E+00  2.578665E+00 -7.257915E-01
  2.470603E+00  2.568216E+00 -7.307357E-01
  2.477534E+00  2.563677E+00 -7.370868E-01
  2.481653E+00  2.562347E+00 -7.408614E-01
  2.492703E+00  2.558747E+00 -7.509872E-01
  2.501163E+00  2.563677E+00 -7.587387E-01
  2.503754E+00  2.565396E+00 -7.611129E-01
  2.514804E+00  2.574205E+00 -7.712386E-01
  2.521273E+00  2.578665E+00 -7.771670E-01
  2.525854E+00  2.582201E+00 -7.813643E-01
  2.531397E+00  2.593653E+00 -7.864438E-01
  2.536904E+00  2.599684E+00 -7.914900E-01
  2.547955E+00  2.603194E+00 -8.016157E-01
  2.551630E+00  2.608641E+00 -8.049838E-01
  2.558778E+00  2.623629E+00 -8.115340E-01
  2.559005E+00  2.624060E+00 -8.117415E-01
  2.570055E+00  2.627900E+00 -8.218672E-01
  2.575050E+00  2.638617E+00 -8.264437E-01
  2.579110E+00  2.653605E+00 -8.301647E-01
  2.581105E+00  2.662097E+00 -8.319929E-01
  2.592156E+00  2.667916E+00 -8.421186E-01
  2.592347E+00  2.668592E+00 -8.422935E-01
  2.592156E+00  2.668982E+00 -8.421186E-01
Slice   =    218 , Freq(kT, average of all copies)              =   0.3616
Orbit # =      0 , Freq(kT, this largest copy used for outline) =   0.3694
Points  =     39
  kx            ky            kz
  7.443904E+00  5.456320E+00 -1.151823E+00
  7.440685E+00  5.457457E+00 -1.148872E+00
  7.432854E+00  5.458803E+00 -1.141697E+00
  7.421804E+00  5.463856E+00 -1.131571E+00
  7.410754E+00  5.460304E+00 -1.121446E+00
  7.406925E+00  5.457457E+00 -1.117937E+00
  7.399703E+00  5.447903E+00 -1.111320E+00
  7.394691E+00  5.442469E+00 -1.106727E+00
  7.388653E+00  5.438667E+00 -1.101194E+00
  7.380111E+00  5.427481E+00 -1.093366E+00
  7.377603E+00  5.424905E+00 -1.091068E+00
  7.366552E+00  5.417336E+00 -1.080943E+00
  7.361544E+00  5.412493E+00 -1.076353E+00
  7.355502E+00  5.400495E+00 -1.070817E+00
  7.353914E+00  5.397505E+00 -1.069361E+00
  7.344452E+00  5.388960E+00 -1.060691E+00
  7.337386E+00  5.382517E+00 -1.054217E+00
  7.333825E+00  5.367529E+00 -1.050953E+00
  7.333402E+00  5.365850E+00 -1.050565E+00
  7.328863E+00  5.352541E+00 -1.046407E+00
  7.333402E+00  5.348764E+00 -1.050565E+00
  7.344452E+00  5.341458E+00 -1.060691E+00
  7.355502E+00  5.346036E+00 -1.070817E+00
  7.366552E+00  5.346742E+00 -1.080943E+00
  7.375101E+00  5.352541E+00 -1.088776E+00
  7.377603E+00  5.354473E+00 -1.091068E+00
  7.388653E+00  5.363023E+00 -1.101194E+00
  7.399703E+00  5.367521E+00 -1.111320E+00
  7.399711E+00  5.367529E+00 -1.111327E+00
  7.408330E+00  5.382517E+00 -1.119225E+00
  7.410754E+00  5.385196E+00 -1.121446E+00
  7.421804E+00  5.388970E+00 -1.131571E+00
  7.429169E+00  5.397505E+00 -1.138320E+00
  7.432854E+00  5.405860E+00 -1.141697E+00
  7.443904E+00  5.411059E+00 -1.151823E+00
  7.444804E+00  5.412493E+00 -1.152647E+00
  7.451051E+00  5.427481E+00 -1.158371E+00
  7.448495E+00  5.442469E+00 -1.156030E+00
  7.443904E+00  5.456320E+00 -1.151823E+00
Slice   =    106 , Freq(kT, average of all copies)              =   0.3786
Orbit # =      0 , Freq(kT, this largest copy used for outline) =   0.3859
Points  =     35
  kx            ky            kz
  3.401555E+00  3.586676E+00 -2.229294E+00
  3.390505E+00  3.587824E+00 -2.219169E+00
  3.379455E+00  3.589763E+00 -2.209043E+00
  3.368405E+00  3.584946E+00 -2.198917E+00
  3.366547E+00  3.582858E+00 -2.197215E+00
  3.362723E+00  3.567870E+00 -2.193711E+00
  3.357354E+00  3.561076E+00 -2.188792E+00
  3.348386E+00  3.552882E+00 -2.180574E+00
  3.346304E+00  3.551284E+00 -2.178666E+00
  3.336816E+00  3.537894E+00 -2.169971E+00
  3.335254E+00  3.530982E+00 -2.168540E+00
  3.332725E+00  3.522906E+00 -2.166223E+00
  3.324203E+00  3.512208E+00 -2.158414E+00
  3.320765E+00  3.507918E+00 -2.155264E+00
  3.316172E+00  3.492930E+00 -2.151055E+00
  3.318921E+00  3.477942E+00 -2.153574E+00
  3.324203E+00  3.464724E+00 -2.158414E+00
  3.326615E+00  3.462954E+00 -2.160625E+00
  3.335254E+00  3.458348E+00 -2.168540E+00
  3.346304E+00  3.454051E+00 -2.178666E+00
  3.357354E+00  3.459337E+00 -2.188792E+00
  3.359643E+00  3.462954E+00 -2.190889E+00
  3.368405E+00  3.472659E+00 -2.198917E+00
  3.376555E+00  3.477942E+00 -2.206386E+00
  3.379455E+00  3.479493E+00 -2.209043E+00
  3.385081E+00  3.492930E+00 -2.214198E+00
  3.388705E+00  3.507918E+00 -2.217519E+00
  3.390505E+00  3.511425E+00 -2.219169E+00
  3.401555E+00  3.517370E+00 -2.229294E+00
  3.404229E+00  3.522906E+00 -2.231744E+00
  3.407923E+00  3.537894E+00 -2.235129E+00
  3.410453E+00  3.552882E+00 -2.237448E+00
  3.410442E+00  3.567870E+00 -2.237437E+00
  3.406815E+00  3.582858E+00 -2.234114E+00
  3.401555E+00  3.586676E+00 -2.229294E+00
Slice   =    102 , Freq(kT, average of all copies)              =   0.3818
Orbit # =      0 , Freq(kT, this largest copy used for outline) =   0.3952
Points  =     37
  kx            ky            kz
  2.576483E+00  2.193268E+00 -7.261129E-01
  2.565432E+00  2.197270E+00 -7.159872E-01
  2.560501E+00  2.203966E+00 -7.114684E-01
  2.554382E+00  2.205353E+00 -7.058615E-01
  2.546429E+00  2.203966E+00 -6.985738E-01
  2.543332E+00  2.201722E+00 -6.957358E-01
  2.538117E+00  2.188978E+00 -6.909572E-01
  2.532282E+00  2.185744E+00 -6.856100E-01
  2.521231E+00  2.178239E+00 -6.754843E-01
  2.518461E+00  2.173990E+00 -6.729460E-01
  2.510249E+00  2.159002E+00 -6.654211E-01
  2.510181E+00  2.158822E+00 -6.653586E-01
  2.503917E+00  2.144014E+00 -6.596190E-01
  2.499131E+00  2.139747E+00 -6.552329E-01
  2.489787E+00  2.129026E+00 -6.466714E-01
  2.488257E+00  2.114038E+00 -6.452689E-01
  2.488080E+00  2.112900E+00 -6.451072E-01
  2.485451E+00  2.099050E+00 -6.426982E-01
  2.482195E+00  2.084062E+00 -6.397138E-01
  2.488080E+00  2.078272E+00 -6.451072E-01
  2.499131E+00  2.069523E+00 -6.552329E-01
  2.510181E+00  2.069897E+00 -6.653586E-01
  2.521231E+00  2.070178E+00 -6.754843E-01
  2.532282E+00  2.080717E+00 -6.856100E-01
  2.533684E+00  2.084062E+00 -6.868953E-01
  2.543093E+00  2.099050E+00 -6.955172E-01
  2.543332E+00  2.099332E+00 -6.957358E-01
  2.554382E+00  2.106961E+00 -7.058615E-01
  2.558341E+00  2.114038E+00 -7.094895E-01
  2.562300E+00  2.129026E+00 -7.131171E-01
  2.565432E+00  2.137054E+00 -7.159872E-01
  2.576322E+00  2.144014E+00 -7.259653E-01
  2.576483E+00  2.144171E+00 -7.261129E-01
  2.581323E+00  2.159002E+00 -7.305483E-01
  2.583161E+00  2.173990E+00 -7.322329E-01
  2.577293E+00  2.188978E+00 -7.268558E-01
  2.576483E+00  2.193268E+00 -7.261129E-01
Slice   =    175 , Freq(kT, average of all copies)              =   1.4455
Orbit # =      0 , Freq(kT, this largest copy used for outline) =   1.4776
Points  =     77
  kx            ky            kz
  6.734043E+00  5.069520E+00 -1.765987E+00
  6.722992E+00  5.077556E+00 -1.755861E+00
  6.720273E+00  5.082390E+00 -1.753369E+00
  6.711942E+00  5.086700E+00 -1.745735E+00
  6.700892E+00  5.088258E+00 -1.735610E+00
  6.689842E+00  5.089780E+00 -1.725484E+00
  6.678791E+00  5.090969E+00 -1.715358E+00
  6.667741E+00  5.093297E+00 -1.705232E+00
  6.656691E+00  5.096129E+00 -1.695107E+00
  6.653869E+00  5.097378E+00 -1.692521E+00
  6.645640E+00  5.101789E+00 -1.684981E+00
  6.634590E+00  5.108544E+00 -1.674855E+00
  6.628475E+00  5.112366E+00 -1.669252E+00
  6.623540E+00  5.115363E+00 -1.664730E+00
  6.612490E+00  5.124412E+00 -1.654604E+00
  6.606542E+00  5.127354E+00 -1.649154E+00
  6.601439E+00  5.139416E+00 -1.644478E+00
  6.600704E+00  5.142342E+00 -1.643804E+00
  6.590389E+00  5.147703E+00 -1.634352E+00
  6.579339E+00  5.149689E+00 -1.624227E+00
  6.568288E+00  5.154355E+00 -1.614101E+00
  6.557238E+00  5.155840E+00 -1.603975E+00
  6.552914E+00  5.157329E+00 -1.600013E+00
  6.557238E+00  5.165921E+00 -1.603975E+00
  6.560375E+00  5.172317E+00 -1.606850E+00
  6.557238E+00  5.173129E+00 -1.603975E+00
  6.546188E+00  5.176182E+00 -1.593850E+00
  6.535138E+00  5.176223E+00 -1.583724E+00
  6.524087E+00  5.176017E+00 -1.573598E+00
  6.513037E+00  5.173715E+00 -1.563472E+00
  6.510950E+00  5.172317E+00 -1.561560E+00
  6.513037E+00  5.163846E+00 -1.563472E+00
  6.518192E+00  5.157329E+00 -1.568196E+00
  6.513037E+00  5.154738E+00 -1.563472E+00
  6.506562E+00  5.142342E+00 -1.557539E+00
  6.504807E+00  5.127354E+00 -1.555931E+00
  6.503609E+00  5.112366E+00 -1.554833E+00
  6.501987E+00  5.100689E+00 -1.553347E+00
  6.501477E+00  5.097378E+00 -1.552880E+00
  6.499528E+00  5.082390E+00 -1.551094E+00
  6.497953E+00  5.067402E+00 -1.549651E+00
  6.492417E+00  5.052414E+00 -1.544577E+00
  6.501904E+00  5.037426E+00 -1.553271E+00
  6.501987E+00  5.037392E+00 -1.553347E+00
  6.513037E+00  5.033555E+00 -1.563472E+00
  6.524087E+00  5.031754E+00 -1.573598E+00
  6.535138E+00  5.030187E+00 -1.583724E+00
  6.546188E+00  5.028926E+00 -1.593850E+00
  6.557238E+00  5.026148E+00 -1.603975E+00
  6.568288E+00  5.024121E+00 -1.614101E+00
  6.570888E+00  5.022438E+00 -1.616483E+00
  6.579339E+00  5.016171E+00 -1.624227E+00
  6.590389E+00  5.012110E+00 -1.634352E+00
  6.596667E+00  5.007450E+00 -1.640106E+00
  6.601439E+00  5.004137E+00 -1.644478E+00
  6.612490E+00  4.999072E+00 -1.654604E+00
  6.622856E+00  4.992462E+00 -1.664103E+00
  6.623540E+00  4.989582E+00 -1.664730E+00
  6.627285E+00  4.977474E+00 -1.668161E+00
  6.634590E+00  4.975193E+00 -1.674855E+00
  6.645640E+00  4.972294E+00 -1.684981E+00
  6.656691E+00  4.969555E+00 -1.695107E+00
  6.667741E+00  4.967725E+00 -1.705232E+00
  6.678791E+00  4.965588E+00 -1.715358E+00
  6.689842E+00  4.964495E+00 -1.725484E+00
  6.700892E+00  4.966685E+00 -1.735610E+00
  6.711942E+00  4.966565E+00 -1.745735E+00
  6.719386E+00  4.977474E+00 -1.752556E+00
  6.719311E+00  4.992462E+00 -1.752488E+00
  6.721617E+00  5.007450E+00 -1.754601E+00
  6.722802E+00  5.022438E+00 -1.755687E+00
  6.722992E+00  5.024653E+00 -1.755861E+00
  6.727149E+00  5.037426E+00 -1.759670E+00
  6.733210E+00  5.052414E+00 -1.765224E+00
  6.734043E+00  5.057962E+00 -1.765987E+00
  6.734593E+00  5.067402E+00 -1.766491E+00
  6.734043E+00  5.069520E+00 -1.765987E+00
Theta(deg) =   0.000000 , Phi(deg) =  45.000000 , Number of orbits =     9 , (a.u.^-1) units
Slice   =    196 , Freq(kT, average of all copies)              =   0.2387
Orbit # =      0 , Freq(kT, this largest copy used for outline) =   0.2442
Points  =     33
  kx            ky            kz
  6.474124E+00  4.678051E+00 -1.159406E+00
  6.463526E+00  4.683398E+00 -1.148808E+00
  6.452928E+00  4.691526E+00 -1.138210E+00
  6.442329E+00  4.688288E+00 -1.127611E+00
  6.431731E+00  4.685516E+00 -1.117013E+00
  6.421133E+00  4.680472E+00 -1.106415E+00
  6.418882E+00  4.677715E+00 -1.104164E+00
  6.412061E+00  4.662727E+00 -1.097343E+00
  6.410535E+00  4.661108E+00 -1.095817E+00
  6.399937E+00  4.655355E+00 -1.085219E+00
  6.393849E+00  4.647739E+00 -1.079131E+00
  6.389339E+00  4.635798E+00 -1.074621E+00
  6.386851E+00  4.632751E+00 -1.072133E+00
  6.378741E+00  4.621432E+00 -1.064023E+00
  6.376562E+00  4.617763E+00 -1.061844E+00
  6.378741E+00  4.612299E+00 -1.064023E+00
  6.389339E+00  4.605290E+00 -1.074621E+00
  6.393494E+00  4.602775E+00 -1.078776E+00
  6.399937E+00  4.598504E+00 -1.085219E+00
  6.410535E+00  4.598754E+00 -1.095817E+00
  6.412654E+00  4.602775E+00 -1.097936E+00
  6.421133E+00  4.610138E+00 -1.106415E+00
  6.431731E+00  4.611499E+00 -1.117013E+00
  6.436287E+00  4.617763E+00 -1.121569E+00
  6.442329E+00  4.631471E+00 -1.127611E+00
  6.443923E+00  4.632751E+00 -1.129205E+00
  6.452928E+00  4.638331E+00 -1.138210E+00
  6.459033E+00  4.647739E+00 -1.144315E+00
  6.463526E+00  4.662461E+00 -1.148808E+00
  6.463765E+00  4.662727E+00 -1.149047E+00
  6.474124E+00  4.677146E+00 -1.159406E+00
  6.474396E+00  4.677715E+00 -1.159678E+00
  6.474124E+00  4.678051E+00 -1.159406E+00
Slice   =     33 , Freq(kT, average of all copies)              =   0.3086
Orbit # =      0 , Freq(kT, this largest copy used for outline) =   0.3153
Points  =     31
  kx            ky            kz
  3.709330E-01  1.062554E+00 -1.219382E+00
  3.705624E-01  1.063409E+00 -1.219011E+00
  3.603349E-01  1.074692E+00 -1.208784E+00
  3.497368E-01  1.070751E+00 -1.198186E+00
  3.391387E-01  1.067305E+00 -1.187588E+00
  3.336364E-01  1.063409E+00 -1.182085E+00
  3.285406E-01  1.057629E+00 -1.176990E+00
  3.252448E-01  1.048421E+00 -1.173694E+00
  3.201028E-01  1.033433E+00 -1.168552E+00
  3.179426E-01  1.030798E+00 -1.166391E+00
  3.073445E-01  1.024779E+00 -1.155793E+00
  3.027017E-01  1.018445E+00 -1.151151E+00
  3.029966E-01  1.003457E+00 -1.151446E+00
  3.009161E-01  9.884687E-01 -1.149365E+00
  3.010866E-01  9.734808E-01 -1.149536E+00
  3.073445E-01  9.607081E-01 -1.155793E+00
  3.102084E-01  9.584928E-01 -1.158657E+00
  3.179426E-01  9.550882E-01 -1.166391E+00
  3.285406E-01  9.554692E-01 -1.176990E+00
  3.391387E-01  9.534809E-01 -1.187588E+00
  3.418940E-01  9.584928E-01 -1.190343E+00
  3.453913E-01  9.734808E-01 -1.193840E+00
  3.497368E-01  9.834635E-01 -1.198186E+00
  3.572094E-01  9.884687E-01 -1.205658E+00
  3.603349E-01  9.903554E-01 -1.208784E+00
  3.662033E-01  1.003457E+00 -1.214652E+00
  3.682118E-01  1.018445E+00 -1.216661E+00
  3.709330E-01  1.027838E+00 -1.219382E+00
  3.761154E-01  1.033433E+00 -1.224564E+00
  3.810701E-01  1.048421E+00 -1.229519E+00
  3.709330E-01  1.062554E+00 -1.219382E+00
Slice   =     33 , Freq(kT, average of all copies)              =   0.3135
Orbit # =      0 , Freq(kT, this largest copy used for outline) =   0.3135
Points  =     33
  kx            ky            kz
  3.746834E-01  1.475796E+00 -2.226802E+00
  3.715428E-01  1.483439E+00 -2.223661E+00
  3.640853E-01  1.491734E+00 -2.216204E+00
  3.534872E-01  1.492230E+00 -2.205606E+00
  3.428891E-01  1.488385E+00 -2.195008E+00
  3.324404E-01  1.483439E+00 -2.184559E+00
  3.322911E-01  1.483341E+00 -2.184410E+00
  3.252191E-01  1.468451E+00 -2.177338E+00
  3.216930E-01  1.459906E+00 -2.173812E+00
  3.184800E-01  1.453464E+00 -2.170599E+00
  3.110949E-01  1.447040E+00 -2.163213E+00
  3.021520E-01  1.438476E+00 -2.154271E+00
  3.025480E-01  1.423488E+00 -2.154667E+00
  3.004968E-01  1.411558E+00 -2.152615E+00
  2.999567E-01  1.408500E+00 -2.152075E+00
  3.002090E-01  1.393512E+00 -2.152328E+00
  3.004968E-01  1.392992E+00 -2.152615E+00
  3.096196E-01  1.378524E+00 -2.161738E+00
  3.110949E-01  1.377097E+00 -2.163213E+00
  3.216930E-01  1.375778E+00 -2.173812E+00
  3.322911E-01  1.374903E+00 -2.184410E+00
  3.375119E-01  1.378524E+00 -2.189631E+00
  3.428891E-01  1.386611E+00 -2.195008E+00
  3.449459E-01  1.393512E+00 -2.197065E+00
  3.534872E-01  1.407309E+00 -2.205606E+00
  3.546672E-01  1.408500E+00 -2.206786E+00
  3.640853E-01  1.417598E+00 -2.216204E+00
  3.668684E-01  1.423488E+00 -2.218987E+00
  3.690137E-01  1.438476E+00 -2.221132E+00
  3.746224E-01  1.453464E+00 -2.226741E+00
  3.746834E-01  1.453952E+00 -2.226802E+00
  3.804369E-01  1.468451E+00 -2.232555E+00
  3.746834E-01  1.475796E+00 -2.226802E+00
Slice   =      5 , Freq(kT, average of all copies)              =   0.3492
Orbit # =      0 , Freq(kT, this largest copy used for outline) =   0.3546
Points  =     37
  kx            ky            kz
  1.097313E-01  1.712795E+00 -2.555343E+00
  9.913318E-02  1.712349E+00 -2.544745E+00
  8.853510E-02  1.712805E+00 -2.534146E+00
  7.811888E-02  1.708259E+00 -2.523730E+00
  7.793701E-02  1.708064E+00 -2.523548E+00
  7.043830E-02  1.693271E+00 -2.516050E+00
  6.733893E-02  1.691055E+00 -2.512950E+00
  5.674084E-02  1.685910E+00 -2.502352E+00
  4.865947E-02  1.678283E+00 -2.494271E+00
  4.614276E-02  1.673648E+00 -2.491754E+00
  3.626882E-02  1.663295E+00 -2.481880E+00
  3.554467E-02  1.662701E+00 -2.481156E+00
  2.494659E-02  1.650700E+00 -2.470558E+00
  2.252367E-02  1.648307E+00 -2.468135E+00
  1.434850E-02  1.637522E+00 -2.459960E+00
  1.036806E-02  1.633319E+00 -2.455979E+00
  6.869959E-03  1.618331E+00 -2.452481E+00
  1.103943E-02  1.603343E+00 -2.456651E+00
  1.434850E-02  1.599121E+00 -2.459960E+00
  2.494659E-02  1.594363E+00 -2.470558E+00
  3.554467E-02  1.590633E+00 -2.481156E+00
  4.614276E-02  1.598293E+00 -2.491754E+00
  4.979503E-02  1.603343E+00 -2.495406E+00
  5.674084E-02  1.609246E+00 -2.502352E+00
  6.733893E-02  1.615616E+00 -2.512950E+00
  6.922008E-02  1.618331E+00 -2.514831E+00
  7.663866E-02  1.633319E+00 -2.522250E+00
  7.793701E-02  1.634960E+00 -2.523548E+00
  8.853510E-02  1.639549E+00 -2.534146E+00
  9.360018E-02  1.648307E+00 -2.539212E+00
  9.913318E-02  1.662182E+00 -2.544745E+00
  1.011661E-01  1.663295E+00 -2.546778E+00
  1.097313E-01  1.668007E+00 -2.555343E+00
  1.142879E-01  1.678283E+00 -2.559899E+00
  1.175291E-01  1.693271E+00 -2.563141E+00
  1.146934E-01  1.708259E+00 -2.560305E+00
  1.097313E-01  1.712795E+00 -2.555343E+00
Slice   =    167 , Freq(kT, average of all copies)              =   0.3549
Orbit # =      0 , Freq(kT, this largest copy used for outline) =   0.3635
Points  =     41
  kx            ky            kz
  3.235513E+00  1.979934E+00  2.113596E-01
  3.224915E+00  1.980863E+00  2.219577E-01
  3.214317E+00  1.985458E+00  2.325558E-01
  3.203719E+00  1.980133E+00  2.431539E-01
  3.203427E+00  1.979883E+00  2.434459E-01
  3.193121E+00  1.965204E+00  2.537520E-01
  3.192909E+00  1.964895E+00  2.539642E-01
  3.182523E+00  1.957771E+00  2.643501E-01
  3.176424E+00  1.949907E+00  2.704489E-01
  3.171925E+00  1.942017E+00  2.749482E-01
  3.166043E+00  1.934919E+00  2.808302E-01
  3.161327E+00  1.931261E+00  2.855462E-01
  3.153118E+00  1.919931E+00  2.937544E-01
  3.150729E+00  1.915835E+00  2.961443E-01
  3.140130E+00  1.905366E+00  3.067424E-01
  3.139767E+00  1.904943E+00  3.071057E-01
  3.134575E+00  1.889955E+00  3.122979E-01
  3.129532E+00  1.880758E+00  3.173405E-01
  3.121882E+00  1.874967E+00  3.249912E-01
  3.129532E+00  1.867036E+00  3.173405E-01
  3.138306E+00  1.859979E+00  3.085673E-01
  3.140130E+00  1.858850E+00  3.067424E-01
  3.144391E+00  1.859979E+00  3.024819E-01
  3.150729E+00  1.861848E+00  2.961443E-01
  3.161327E+00  1.864158E+00  2.855462E-01
  3.171925E+00  1.871887E+00  2.749482E-01
  3.173705E+00  1.874967E+00  2.731678E-01
  3.182523E+00  1.883307E+00  2.643501E-01
  3.193121E+00  1.886850E+00  2.537520E-01
  3.196096E+00  1.889955E+00  2.507773E-01
  3.203719E+00  1.904828E+00  2.431539E-01
  3.203930E+00  1.904943E+00  2.429427E-01
  3.214317E+00  1.908886E+00  2.325558E-01
  3.222328E+00  1.919931E+00  2.245449E-01
  3.224915E+00  1.927654E+00  2.219577E-01
  3.235513E+00  1.934805E+00  2.113596E-01
  3.235581E+00  1.934919E+00  2.112917E-01
  3.242419E+00  1.949907E+00  2.044539E-01
  3.240453E+00  1.964895E+00  2.064198E-01
  3.235558E+00  1.979883E+00  2.113153E-01
  3.235513E+00  1.979934E+00  2.113596E-01
Slice   =     44 , Freq(kT, average of all copies)              =   0.3905
Orbit # =      0 , Freq(kT, this largest copy used for outline) =   0.4021
Points  =     39
  kx            ky            kz
 -2.044609E-01  7.948200E-01 -1.589713E+00
 -2.150590E-01  7.974498E-01 -1.579115E+00
 -2.256570E-01  8.082146E-01 -1.568517E+00
 -2.362551E-01  8.057035E-01 -1.557919E+00
 -2.468532E-01  8.029255E-01 -1.547320E+00
 -2.574513E-01  7.975657E-01 -1.536722E+00
 -2.600549E-01  7.943617E-01 -1.534119E+00
 -2.653609E-01  7.793737E-01 -1.528813E+00
 -2.680494E-01  7.750432E-01 -1.526124E+00
 -2.777787E-01  7.643857E-01 -1.516395E+00
 -2.786475E-01  7.636887E-01 -1.515526E+00
 -2.892456E-01  7.498264E-01 -1.504928E+00
 -2.895784E-01  7.493978E-01 -1.504595E+00
 -2.933610E-01  7.344098E-01 -1.500813E+00
 -2.998436E-01  7.247978E-01 -1.494330E+00
 -3.041192E-01  7.194219E-01 -1.490054E+00
 -3.084144E-01  7.044339E-01 -1.485759E+00
 -3.034467E-01  6.894460E-01 -1.490727E+00
 -2.998436E-01  6.826390E-01 -1.494330E+00
 -2.892456E-01  6.773617E-01 -1.504928E+00
 -2.794505E-01  6.744580E-01 -1.514723E+00
 -2.786475E-01  6.742810E-01 -1.515526E+00
 -2.783049E-01  6.744580E-01 -1.515869E+00
 -2.680494E-01  6.800083E-01 -1.526124E+00
 -2.574513E-01  6.882931E-01 -1.536722E+00
 -2.561778E-01  6.894460E-01 -1.537996E+00
 -2.468532E-01  6.966637E-01 -1.547320E+00
 -2.434790E-01  7.044339E-01 -1.550695E+00
 -2.376260E-01  7.194219E-01 -1.556548E+00
 -2.362551E-01  7.216795E-01 -1.557919E+00
 -2.256570E-01  7.278221E-01 -1.568517E+00
 -2.227062E-01  7.344098E-01 -1.571467E+00
 -2.192860E-01  7.493978E-01 -1.574888E+00
 -2.157904E-01  7.643857E-01 -1.578383E+00
 -2.150590E-01  7.677507E-01 -1.579115E+00
 -2.044609E-01  7.766197E-01 -1.589713E+00
 -2.035915E-01  7.793737E-01 -1.590582E+00
 -2.042492E-01  7.943617E-01 -1.589924E+00
 -2.044609E-01  7.948200E-01 -1.589713E+00
Slice   =    154 , Freq(kT, average of all copies)              =   0.3928
Orbit # =      0 , Freq(kT, this largest copy used for outline) =   0.4076
Points  =     39
  kx            ky            kz
  4.552773E+00  3.592195E+00 -7.548723E-01
  4.542175E+00  3.594893E+00 -7.442742E-01
  4.539877E+00  3.598582E+00 -7.419758E-01
  4.531577E+00  3.601001E+00 -7.336761E-01
  4.524270E+00  3.598582E+00 -7.263690E-01
  4.520979E+00  3.593087E+00 -7.230780E-01
  4.518400E+00  3.583594E+00 -7.204989E-01
  4.510381E+00  3.577163E+00 -7.124800E-01
  4.500689E+00  3.568606E+00 -7.027886E-01
  4.499783E+00  3.567889E+00 -7.018819E-01
  4.492271E+00  3.553618E+00 -6.943704E-01
  4.489185E+00  3.544114E+00 -6.912838E-01
  4.486665E+00  3.538630E+00 -6.887645E-01
  4.478586E+00  3.531492E+00 -6.806857E-01
  4.473039E+00  3.523642E+00 -6.751382E-01
  4.470436E+00  3.508654E+00 -6.725349E-01
  4.467988E+00  3.494671E+00 -6.700876E-01
  4.467708E+00  3.493666E+00 -6.698068E-01
  4.458696E+00  3.478678E+00 -6.607952E-01
  4.467988E+00  3.470611E+00 -6.700876E-01
  4.477149E+00  3.463690E+00 -6.792482E-01
  4.478586E+00  3.462836E+00 -6.806857E-01
  4.489185E+00  3.462087E+00 -6.912838E-01
  4.499783E+00  3.462919E+00 -7.018819E-01
  4.502858E+00  3.463690E+00 -7.049568E-01
  4.510381E+00  3.466270E+00 -7.124800E-01
  4.514499E+00  3.478678E+00 -7.165983E-01
  4.520979E+00  3.489236E+00 -7.230780E-01
  4.531577E+00  3.493097E+00 -7.336761E-01
  4.531918E+00  3.493666E+00 -7.340176E-01
  4.538266E+00  3.508654E+00 -7.403649E-01
  4.541529E+00  3.523642E+00 -7.436280E-01
  4.542175E+00  3.525696E+00 -7.442742E-01
  4.552773E+00  3.534805E+00 -7.548723E-01
  4.555064E+00  3.538630E+00 -7.571629E-01
  4.559327E+00  3.553618E+00 -7.614258E-01
  4.559067E+00  3.568606E+00 -7.611661E-01
  4.554302E+00  3.583594E+00 -7.564016E-01
  4.552773E+00  3.592195E+00 -7.548723E-01
Slice   =      7 , Freq(kT, average of all copies)              =   1.1418
Orbit # =      0 , Freq(kT, this largest copy used for outline) =   1.1495
Points  =     63
  kx            ky            kz
 -9.251307E-01 -4.784621E-01 -1.100997E+00
 -9.357287E-01 -4.724669E-01 -1.090399E+00
 -9.463268E-01 -4.714567E-01 -1.079801E+00
 -9.569249E-01 -4.697576E-01 -1.069202E+00
 -9.675230E-01 -4.684955E-01 -1.058604E+00
 -9.781211E-01 -4.661468E-01 -1.048006E+00
 -9.812377E-01 -4.653630E-01 -1.044890E+00
 -9.887192E-01 -4.639315E-01 -1.037408E+00
 -9.993173E-01 -4.603308E-01 -1.026810E+00
 -1.009915E+00 -4.550194E-01 -1.016212E+00
 -1.018591E+00 -4.503750E-01 -1.007537E+00
 -1.020513E+00 -4.479701E-01 -1.005614E+00
 -1.026687E+00 -4.353871E-01 -9.994403E-01
 -1.031112E+00 -4.314747E-01 -9.950159E-01
 -1.041710E+00 -4.266733E-01 -9.844178E-01
 -1.048871E+00 -4.203991E-01 -9.772569E-01
 -1.052308E+00 -4.151565E-01 -9.738197E-01
 -1.062906E+00 -4.096307E-01 -9.632216E-01
 -1.065941E+00 -4.054112E-01 -9.601865E-01
 -1.073504E+00 -3.942993E-01 -9.526235E-01
 -1.084102E+00 -3.907458E-01 -9.420255E-01
 -1.084390E+00 -3.904232E-01 -9.417375E-01
 -1.094700E+00 -3.848220E-01 -9.314274E-01
 -1.105298E+00 -3.843495E-01 -9.208293E-01
 -1.115896E+00 -3.841179E-01 -9.102312E-01
 -1.126494E+00 -3.881025E-01 -8.996331E-01
 -1.128369E+00 -3.904232E-01 -8.977588E-01
 -1.129582E+00 -4.054112E-01 -8.965452E-01
 -1.133163E+00 -4.203991E-01 -8.929639E-01
 -1.134761E+00 -4.353871E-01 -8.913667E-01
 -1.136369E+00 -4.503750E-01 -8.897579E-01
 -1.136624E+00 -4.653630E-01 -8.895033E-01
 -1.137092E+00 -4.674350E-01 -8.890350E-01
 -1.140288E+00 -4.803509E-01 -8.858399E-01
 -1.140389E+00 -4.953389E-01 -8.857388E-01
 -1.139207E+00 -5.103268E-01 -8.869199E-01
 -1.140705E+00 -5.253148E-01 -8.854227E-01
 -1.137092E+00 -5.267542E-01 -8.890350E-01
 -1.126494E+00 -5.294225E-01 -8.996331E-01
 -1.115896E+00 -5.301171E-01 -9.102312E-01
 -1.105298E+00 -5.302374E-01 -9.208293E-01
 -1.094700E+00 -5.302859E-01 -9.314274E-01
 -1.084102E+00 -5.301517E-01 -9.420255E-01
 -1.073504E+00 -5.300258E-01 -9.526235E-01
 -1.062906E+00 -5.306735E-01 -9.632216E-01
 -1.052308E+00 -5.308700E-01 -9.738197E-01
 -1.041710E+00 -5.323838E-01 -9.844178E-01
 -1.031112E+00 -5.332112E-01 -9.950159E-01
 -1.020513E+00 -5.349456E-01 -1.005614E+00
 -1.009915E+00 -5.361387E-01 -1.016212E+00
 -9.993173E-01 -5.373601E-01 -1.026810E+00
 -9.887192E-01 -5.384762E-01 -1.037408E+00
 -9.781211E-01 -5.388063E-01 -1.048006E+00
 -9.675230E-01 -5.391005E-01 -1.058604E+00
 -9.569249E-01 -5.384542E-01 -1.069202E+00
 -9.463268E-01 -5.356935E-01 -1.079801E+00
 -9.357287E-01 -5.338207E-01 -1.090399E+00
 -9.275068E-01 -5.253148E-01 -1.098621E+00
 -9.258608E-01 -5.103268E-01 -1.100267E+00
 -9.251307E-01 -5.068658E-01 -1.100997E+00
 -9.149216E-01 -4.953389E-01 -1.111206E+00
 -9.165443E-01 -4.803509E-01 -1.109583E+00
 -9.251307E-01 -4.784621E-01 -1.100997E+00
Slice   =     33 , Freq(kT, average of all copies)              =   1.3742
Orbit # =      0 , Freq(kT, this largest copy used for outline) =   1.4059
Points  =     71
  kx            ky            kz
  2.260489E+00  2.293856E+00 -2.482360E+00
  2.249891E+00  2.300339E+00 -2.471762E+00
  2.239293E+00  2.301375E+00 -2.461164E+00
  2.228695E+00  2.303029E+00 -2.450566E+00
  2.218097E+00  2.304158E+00 -2.439968E+00
  2.207499E+00  2.306065E+00 -2.429370E+00
  2.200927E+00  2.307409E+00 -2.422798E+00
  2.196901E+00  2.308519E+00 -2.418772E+00
  2.186303E+00  2.313903E+00 -2.408174E+00
  2.175705E+00  2.322264E+00 -2.397575E+00
  2.175538E+00  2.322397E+00 -2.397409E+00
  2.165107E+00  2.326720E+00 -2.386977E+00
  2.154509E+00  2.332753E+00 -2.376379E+00
  2.143910E+00  2.335441E+00 -2.365781E+00
  2.139818E+00  2.337385E+00 -2.361689E+00
  2.138821E+00  2.352373E+00 -2.360692E+00
  2.133312E+00  2.354730E+00 -2.355183E+00
  2.122714E+00  2.355840E+00 -2.344585E+00
  2.112116E+00  2.358430E+00 -2.333987E+00
  2.101518E+00  2.358652E+00 -2.323389E+00
  2.090920E+00  2.359565E+00 -2.312791E+00
  2.080322E+00  2.358865E+00 -2.302193E+00
  2.069724E+00  2.356790E+00 -2.291595E+00
  2.059126E+00  2.353882E+00 -2.280997E+00
  2.056891E+00  2.352373E+00 -2.278762E+00
  2.059126E+00  2.340376E+00 -2.280997E+00
  2.060272E+00  2.337385E+00 -2.282143E+00
  2.059126E+00  2.336776E+00 -2.280997E+00
  2.048528E+00  2.322656E+00 -2.270398E+00
  2.048354E+00  2.322397E+00 -2.270224E+00
  2.048528E+00  2.320739E+00 -2.270398E+00
  2.049824E+00  2.307409E+00 -2.271695E+00
  2.048528E+00  2.302649E+00 -2.270398E+00
  2.045542E+00  2.292421E+00 -2.267413E+00
  2.042444E+00  2.277433E+00 -2.264315E+00
  2.040829E+00  2.262445E+00 -2.262700E+00
  2.043345E+00  2.247457E+00 -2.265216E+00
  2.048528E+00  2.243722E+00 -2.270398E+00
  2.059126E+00  2.238569E+00 -2.280997E+00
  2.069724E+00  2.236469E+00 -2.291595E+00
  2.080322E+00  2.234488E+00 -2.302193E+00
  2.090920E+00  2.233377E+00 -2.312791E+00
  2.093347E+00  2.232469E+00 -2.315218E+00
  2.101518E+00  2.230654E+00 -2.323389E+00
  2.112116E+00  2.229938E+00 -2.333987E+00
  2.122714E+00  2.224641E+00 -2.344585E+00
  2.133312E+00  2.222280E+00 -2.355183E+00
  2.140827E+00  2.217481E+00 -2.362697E+00
  2.143910E+00  2.213179E+00 -2.365781E+00
  2.154509E+00  2.204565E+00 -2.376379E+00
  2.156093E+00  2.202493E+00 -2.377964E+00
  2.165107E+00  2.193037E+00 -2.386977E+00
  2.174229E+00  2.187505E+00 -2.396100E+00
  2.175705E+00  2.187042E+00 -2.397575E+00
  2.186303E+00  2.184140E+00 -2.408174E+00
  2.196901E+00  2.181983E+00 -2.418772E+00
  2.207499E+00  2.181051E+00 -2.429370E+00
  2.218097E+00  2.180059E+00 -2.439968E+00
  2.228695E+00  2.180651E+00 -2.450566E+00
  2.239293E+00  2.183701E+00 -2.461164E+00
  2.249891E+00  2.185778E+00 -2.471762E+00
  2.251402E+00  2.187505E+00 -2.473273E+00
  2.255745E+00  2.202493E+00 -2.477615E+00
  2.257112E+00  2.217481E+00 -2.478983E+00
  2.259658E+00  2.232469E+00 -2.481529E+00
  2.260175E+00  2.247457E+00 -2.482046E+00
  2.260489E+00  2.249404E+00 -2.482360E+00
  2.268124E+00  2.262445E+00 -2.489995E+00
  2.270795E+00  2.277433E+00 -2.492666E+00
  2.266397E+00  2.292421E+00 -2.488267E+00
  2.260489E+00  2.293856E+00 -2.482360E+00
Theta(deg) =   0.000000 , Phi(deg) =  47.500000 , Number of orbits =     8 , (a.u.^-1) units
Slice   =     82 , Freq(kT, average of all copies)              =   0.2311
Orbit # =      0 , Freq(kT, this largest copy used for outline) =   0.2398
Points  =     33
  kx            ky            kz
  3.024610E+00  3.841117E+00 -2.605582E+00
  3.014484E+00  3.845505E+00 -2.594532E+00
  3.007404E+00  3.852641E+00 -2.586805E+00
  3.004358E+00  3.854450E+00 -2.583482E+00
  3.000715E+00  3.852641E+00 -2.579505E+00
  2.994233E+00  3.849258E+00 -2.572431E+00
  2.984107E+00  3.840628E+00 -2.561381E+00
  2.979991E+00  3.837653E+00 -2.556890E+00
  2.973981E+00  3.833072E+00 -2.550331E+00
  2.967537E+00  3.822665E+00 -2.543298E+00
  2.963856E+00  3.818051E+00 -2.539281E+00
  2.953730E+00  3.809214E+00 -2.528230E+00
  2.952247E+00  3.807677E+00 -2.526612E+00
  2.945400E+00  3.792689E+00 -2.519140E+00
  2.943604E+00  3.788454E+00 -2.517180E+00
  2.936680E+00  3.777701E+00 -2.509624E+00
  2.942716E+00  3.762713E+00 -2.516211E+00
  2.943604E+00  3.762041E+00 -2.517180E+00
  2.953730E+00  3.755000E+00 -2.528230E+00
  2.963856E+00  3.758285E+00 -2.539281E+00
  2.971881E+00  3.762713E+00 -2.548039E+00
  2.973981E+00  3.764056E+00 -2.550331E+00
  2.984107E+00  3.772367E+00 -2.561381E+00
  2.986621E+00  3.777701E+00 -2.564125E+00
  2.994233E+00  3.787967E+00 -2.572431E+00
  3.002057E+00  3.792689E+00 -2.580970E+00
  3.004358E+00  3.794827E+00 -2.583482E+00
  3.009652E+00  3.807677E+00 -2.589259E+00
  3.014484E+00  3.819863E+00 -2.594532E+00
  3.019169E+00  3.822665E+00 -2.599645E+00
  3.024610E+00  3.832194E+00 -2.605582E+00
  3.025894E+00  3.837653E+00 -2.606983E+00
  3.024610E+00  3.841117E+00 -2.605582E+00
Slice   =     85 , Freq(kT, average of all copies)              =   0.3176
Orbit # =      0 , Freq(kT, this largest copy used for outline) =   0.3272
Points  =     33
  kx            ky            kz
  2.359086E+00  2.447214E+00 -1.260431E+00
  2.348961E+00  2.454459E+00 -1.249381E+00
  2.346704E+00  2.458025E+00 -1.246918E+00
  2.338835E+00  2.467542E+00 -1.238331E+00
  2.328709E+00  2.462705E+00 -1.227280E+00
  2.318583E+00  2.458114E+00 -1.216230E+00
  2.318454E+00  2.458025E+00 -1.216089E+00
  2.308458E+00  2.450779E+00 -1.205180E+00
  2.304898E+00  2.443037E+00 -1.201295E+00
  2.300402E+00  2.428049E+00 -1.196389E+00
  2.298332E+00  2.425193E+00 -1.194130E+00
  2.288206E+00  2.418252E+00 -1.183079E+00
  2.284244E+00  2.413061E+00 -1.178755E+00
  2.282906E+00  2.398073E+00 -1.177296E+00
  2.280977E+00  2.383085E+00 -1.175190E+00
  2.280672E+00  2.368097E+00 -1.174857E+00
  2.287012E+00  2.353109E+00 -1.181775E+00
  2.288206E+00  2.351666E+00 -1.183079E+00
  2.298332E+00  2.347865E+00 -1.194130E+00
  2.308458E+00  2.347469E+00 -1.205180E+00
  2.318583E+00  2.347562E+00 -1.216230E+00
  2.321390E+00  2.353109E+00 -1.219293E+00
  2.324029E+00  2.368097E+00 -1.222173E+00
  2.328709E+00  2.376176E+00 -1.227280E+00
  2.338835E+00  2.380035E+00 -1.238331E+00
  2.340542E+00  2.383085E+00 -1.240193E+00
  2.345169E+00  2.398073E+00 -1.245244E+00
  2.347625E+00  2.413061E+00 -1.247924E+00
  2.348961E+00  2.417810E+00 -1.249381E+00
  2.359086E+00  2.426914E+00 -1.260431E+00
  2.359624E+00  2.428049E+00 -1.261018E+00
  2.360595E+00  2.443037E+00 -1.262078E+00
  2.359086E+00  2.447214E+00 -1.260431E+00
Slice   =    227 , Freq(kT, average of all copies)              =   0.3432
Orbit # =      0 , Freq(kT, this largest copy used for outline) =   0.3505
Points  =     39
  kx            ky            kz
  7.525311E+00  6.166794E+00 -8.829876E-01
  7.515185E+00  6.166990E+00 -8.719373E-01
  7.505059E+00  6.167249E+00 -8.608870E-01
  7.497993E+00  6.162627E+00 -8.531754E-01
  7.494933E+00  6.158221E+00 -8.498368E-01
  7.489803E+00  6.147639E+00 -8.442382E-01
  7.484808E+00  6.143839E+00 -8.387865E-01
  7.474682E+00  6.138903E+00 -8.277362E-01
  7.468110E+00  6.132651E+00 -8.205645E-01
  7.464556E+00  6.122452E+00 -8.166859E-01
  7.461807E+00  6.117663E+00 -8.136861E-01
  7.454431E+00  6.112505E+00 -8.056356E-01
  7.444305E+00  6.103250E+00 -7.945854E-01
  7.443524E+00  6.102675E+00 -7.937334E-01
  7.438487E+00  6.087687E+00 -7.882359E-01
  7.434179E+00  6.081941E+00 -7.835351E-01
  7.426259E+00  6.072699E+00 -7.748915E-01
  7.430379E+00  6.057711E+00 -7.793882E-01
  7.434179E+00  6.049499E+00 -7.835351E-01
  7.444305E+00  6.043728E+00 -7.945854E-01
  7.447035E+00  6.042723E+00 -7.975650E-01
  7.454431E+00  6.041105E+00 -8.056356E-01
  7.457447E+00  6.042723E+00 -8.089271E-01
  7.464556E+00  6.047453E+00 -8.166859E-01
  7.471012E+00  6.057711E+00 -8.237316E-01
  7.474682E+00  6.061196E+00 -8.277362E-01
  7.484808E+00  6.067107E+00 -8.387865E-01
  7.488104E+00  6.072699E+00 -8.423840E-01
  7.494902E+00  6.087687E+00 -8.498026E-01
  7.494933E+00  6.087733E+00 -8.498368E-01
  7.505059E+00  6.092273E+00 -8.608870E-01
  7.510423E+00  6.102675E+00 -8.667409E-01
  7.515185E+00  6.117034E+00 -8.719373E-01
  7.515893E+00  6.117663E+00 -8.727102E-01
  7.525311E+00  6.124693E+00 -8.829876E-01
  7.529224E+00  6.132651E+00 -8.872586E-01
  7.531650E+00  6.147639E+00 -8.899062E-01
  7.529366E+00  6.162627E+00 -8.874131E-01
  7.525311E+00  6.166794E+00 -8.829876E-01
Slice   =    170 , Freq(kT, average of all copies)              =   0.3460
Orbit # =      0 , Freq(kT, this largest copy used for outline) =   0.3527
Points  =     39
  kx            ky            kz
  3.208763E+00  2.399169E+00 -8.197608E-01
  3.198637E+00  2.398244E+00 -8.087105E-01
  3.195089E+00  2.399914E+00 -8.048387E-01
  3.188511E+00  2.402081E+00 -7.976602E-01
  3.185393E+00  2.399914E+00 -7.942570E-01
  3.178386E+00  2.395342E+00 -7.866100E-01
  3.169982E+00  2.384926E+00 -7.774393E-01
  3.168260E+00  2.383585E+00 -7.755597E-01
  3.158134E+00  2.375995E+00 -7.645094E-01
  3.153984E+00  2.369938E+00 -7.599801E-01
  3.148008E+00  2.357114E+00 -7.534591E-01
  3.146744E+00  2.354950E+00 -7.520796E-01
  3.137883E+00  2.348390E+00 -7.424088E-01
  3.129906E+00  2.339962E+00 -7.337035E-01
  3.127757E+00  2.330922E+00 -7.313586E-01
  3.126084E+00  2.324974E+00 -7.295324E-01
  3.117631E+00  2.315728E+00 -7.203083E-01
  3.111398E+00  2.309986E+00 -7.135063E-01
  3.111128E+00  2.294998E+00 -7.132111E-01
  3.111799E+00  2.280010E+00 -7.139434E-01
  3.117631E+00  2.276754E+00 -7.203083E-01
  3.127757E+00  2.277860E+00 -7.313586E-01
  3.137883E+00  2.277936E+00 -7.424088E-01
  3.140618E+00  2.280010E+00 -7.453941E-01
  3.148008E+00  2.287128E+00 -7.534591E-01
  3.154006E+00  2.294998E+00 -7.600047E-01
  3.158134E+00  2.298612E+00 -7.645094E-01
  3.168260E+00  2.305271E+00 -7.755597E-01
  3.171967E+00  2.309986E+00 -7.796050E-01
  3.178386E+00  2.321139E+00 -7.866100E-01
  3.183828E+00  2.324974E+00 -7.925488E-01
  3.188511E+00  2.328000E+00 -7.976602E-01
  3.195941E+00  2.339962E+00 -8.057680E-01
  3.198637E+00  2.347687E+00 -8.087105E-01
  3.208763E+00  2.354612E+00 -8.197608E-01
  3.208938E+00  2.354950E+00 -8.199516E-01
  3.214889E+00  2.369938E+00 -8.264469E-01
  3.213171E+00  2.384926E+00 -8.245714E-01
  3.208763E+00  2.399169E+00 -8.197608E-01
Slice   =    136 , Freq(kT, average of all copies)              =   0.4032
Orbit # =      0 , Freq(kT, this largest copy used for outline) =   0.4125
Points  =     39
  kx            ky            kz
  2.195133E+00  1.762996E+00  8.443706E-02
  2.185007E+00  1.768154E+00  9.548734E-02
  2.184100E+00  1.769683E+00  9.647798E-02
  2.174882E+00  1.777419E+00  1.065376E-01
  2.164756E+00  1.776138E+00  1.175879E-01
  2.154630E+00  1.775948E+00  1.286382E-01
  2.144505E+00  1.771200E+00  1.396885E-01
  2.143253E+00  1.769683E+00  1.410541E-01
  2.138400E+00  1.754695E+00  1.463506E-01
  2.134379E+00  1.748413E+00  1.507387E-01
  2.125555E+00  1.739707E+00  1.603682E-01
  2.124253E+00  1.738716E+00  1.617890E-01
  2.114908E+00  1.724719E+00  1.719869E-01
  2.114127E+00  1.721100E+00  1.728393E-01
  2.110767E+00  1.709731E+00  1.765061E-01
  2.104002E+00  1.701247E+00  1.838896E-01
  2.098210E+00  1.694744E+00  1.902099E-01
  2.096496E+00  1.679756E+00  1.920808E-01
  2.098874E+00  1.664768E+00  1.894852E-01
  2.104002E+00  1.650472E+00  1.838896E-01
  2.104998E+00  1.649780E+00  1.828025E-01
  2.114127E+00  1.645529E+00  1.728393E-01
  2.124253E+00  1.642256E+00  1.617890E-01
  2.134379E+00  1.649731E+00  1.507387E-01
  2.134410E+00  1.649780E+00  1.507044E-01
  2.144505E+00  1.659789E+00  1.396885E-01
  2.151366E+00  1.664768E+00  1.322008E-01
  2.154630E+00  1.667084E+00  1.286382E-01
  2.159405E+00  1.679756E+00  1.234274E-01
  2.164756E+00  1.694694E+00  1.175879E-01
  2.164817E+00  1.694744E+00  1.175216E-01
  2.174882E+00  1.700181E+00  1.065376E-01
  2.178599E+00  1.709731E+00  1.024806E-01
  2.181598E+00  1.724719E+00  9.920755E-02
  2.184837E+00  1.739707E+00  9.567351E-02
  2.185007E+00  1.740599E+00  9.548734E-02
  2.195133E+00  1.749897E+00  8.443706E-02
  2.196526E+00  1.754695E+00  8.291660E-02
  2.195133E+00  1.762996E+00  8.443706E-02
Slice   =    154 , Freq(kT, average of all copies)              =   0.4057
Orbit # =      0 , Freq(kT, this largest copy used for outline) =   0.4178
Points  =     41
  kx            ky            kz
  4.525962E+00  3.592471E+00 -7.826578E-01
  4.515836E+00  3.593301E+00 -7.716075E-01
  4.512567E+00  3.598582E+00 -7.680398E-01
  4.505711E+00  3.600353E+00 -7.605572E-01
  4.499427E+00  3.598582E+00 -7.536998E-01
  4.495585E+00  3.591768E+00 -7.495069E-01
  4.493616E+00  3.583594E+00 -7.473585E-01
  4.485459E+00  3.578344E+00 -7.384566E-01
  4.475333E+00  3.571457E+00 -7.274064E-01
  4.473487E+00  3.568606E+00 -7.253913E-01
  4.467263E+00  3.553618E+00 -7.185994E-01
  4.465208E+00  3.549293E+00 -7.163561E-01
  4.459082E+00  3.538630E+00 -7.096711E-01
  4.455082E+00  3.535090E+00 -7.053058E-01
  4.446491E+00  3.523642E+00 -6.959300E-01
  4.444956E+00  3.509479E+00 -6.942555E-01
  4.444858E+00  3.508654E+00 -6.941484E-01
  4.439394E+00  3.493666E+00 -6.881859E-01
  4.434831E+00  3.482900E+00 -6.832052E-01
  4.432901E+00  3.478678E+00 -6.811000E-01
  4.434831E+00  3.475801E+00 -6.832052E-01
  4.444956E+00  3.468056E+00 -6.942555E-01
  4.451966E+00  3.463690E+00 -7.019058E-01
  4.455082E+00  3.461232E+00 -7.053058E-01
  4.465208E+00  3.462325E+00 -7.163561E-01
  4.475333E+00  3.463551E+00 -7.274064E-01
  4.475575E+00  3.463690E+00 -7.276701E-01
  4.485459E+00  3.470950E+00 -7.384566E-01
  4.488335E+00  3.478678E+00 -7.415954E-01
  4.495585E+00  3.491063E+00 -7.495069E-01
  4.500111E+00  3.493666E+00 -7.544467E-01
  4.505711E+00  3.496896E+00 -7.605572E-01
  4.510989E+00  3.508654E+00 -7.663180E-01
  4.514323E+00  3.523642E+00 -7.699557E-01
  4.515836E+00  3.527971E+00 -7.716075E-01
  4.525962E+00  3.535021E+00 -7.826578E-01
  4.527944E+00  3.538630E+00 -7.848208E-01
  4.531772E+00  3.553618E+00 -7.889981E-01
  4.531520E+00  3.568606E+00 -7.887235E-01
  4.527379E+00  3.583594E+00 -7.842044E-01
  4.525962E+00  3.592471E+00 -7.826578E-01
Slice   =    103 , Freq(kT, average of all copies)              =   1.0413
Orbit # =      0 , Freq(kT, this largest copy used for outline) =   1.0465
Points  =     65
  kx            ky            kz
  1.458891E+00  1.337527E+00 -1.432092E+00
  1.448765E+00  1.339103E+00 -1.421041E+00
  1.438639E+00  1.339823E+00 -1.409991E+00
  1.428513E+00  1.340756E+00 -1.398941E+00
  1.418388E+00  1.341984E+00 -1.387890E+00
  1.408262E+00  1.344419E+00 -1.376840E+00
  1.398136E+00  1.349173E+00 -1.365790E+00
  1.397083E+00  1.350021E+00 -1.364640E+00
  1.388011E+00  1.357887E+00 -1.354740E+00
  1.377906E+00  1.365009E+00 -1.343712E+00
  1.377885E+00  1.365028E+00 -1.343689E+00
  1.369981E+00  1.379996E+00 -1.335064E+00
  1.367759E+00  1.382122E+00 -1.332639E+00
  1.357633E+00  1.385745E+00 -1.321589E+00
  1.349324E+00  1.394984E+00 -1.312520E+00
  1.347508E+00  1.398597E+00 -1.310538E+00
  1.337382E+00  1.403189E+00 -1.299488E+00
  1.332095E+00  1.409972E+00 -1.293718E+00
  1.327256E+00  1.416272E+00 -1.288438E+00
  1.317131E+00  1.421544E+00 -1.277388E+00
  1.314656E+00  1.424960E+00 -1.274687E+00
  1.307005E+00  1.429024E+00 -1.266337E+00
  1.296879E+00  1.429199E+00 -1.255287E+00
  1.286753E+00  1.426658E+00 -1.244237E+00
  1.284202E+00  1.424960E+00 -1.241453E+00
  1.276628E+00  1.414273E+00 -1.233187E+00
  1.275042E+00  1.409972E+00 -1.231456E+00
  1.267749E+00  1.394984E+00 -1.223497E+00
  1.268579E+00  1.379996E+00 -1.224403E+00
  1.266502E+00  1.371903E+00 -1.222136E+00
  1.265147E+00  1.365009E+00 -1.220658E+00
  1.265412E+00  1.350021E+00 -1.220946E+00
  1.262674E+00  1.335033E+00 -1.217959E+00
  1.261167E+00  1.320045E+00 -1.216314E+00
  1.260733E+00  1.305057E+00 -1.215840E+00
  1.256376E+00  1.291392E+00 -1.211086E+00
  1.255856E+00  1.290069E+00 -1.210518E+00
  1.256376E+00  1.289306E+00 -1.211086E+00
  1.266502E+00  1.281866E+00 -1.222136E+00
  1.276628E+00  1.279336E+00 -1.233187E+00
  1.286753E+00  1.279374E+00 -1.244237E+00
  1.296879E+00  1.280074E+00 -1.255287E+00
  1.307005E+00  1.280931E+00 -1.266337E+00
  1.317131E+00  1.281988E+00 -1.277388E+00
  1.327256E+00  1.282932E+00 -1.288438E+00
  1.337382E+00  1.283327E+00 -1.299488E+00
  1.347508E+00  1.284203E+00 -1.310538E+00
  1.357633E+00  1.283931E+00 -1.321589E+00
  1.367759E+00  1.284344E+00 -1.332639E+00
  1.377885E+00  1.283633E+00 -1.343689E+00
  1.388011E+00  1.283630E+00 -1.354740E+00
  1.398136E+00  1.283477E+00 -1.365790E+00
  1.408262E+00  1.283653E+00 -1.376840E+00
  1.418388E+00  1.284525E+00 -1.387890E+00
  1.428513E+00  1.285499E+00 -1.398941E+00
  1.438639E+00  1.288323E+00 -1.409991E+00
  1.443134E+00  1.290069E+00 -1.414896E+00
  1.438639E+00  1.302829E+00 -1.409991E+00
  1.435978E+00  1.305057E+00 -1.407086E+00
  1.438639E+00  1.305880E+00 -1.409991E+00
  1.448765E+00  1.310056E+00 -1.421041E+00
  1.458891E+00  1.315314E+00 -1.432092E+00
  1.463471E+00  1.320045E+00 -1.437090E+00
  1.464049E+00  1.335033E+00 -1.437721E+00
  1.458891E+00  1.337527E+00 -1.432092E+00
Slice   =     45 , Freq(kT, average of all copies)              =   1.2817
Orbit # =      0 , Freq(kT, this largest copy used for outline) =   1.3312
Points  =     73
  kx            ky            kz
  1.653807E+00  1.170575E+00 -8.258481E-01
  1.644173E+00  1.183312E+00 -8.153352E-01
  1.643681E+00  1.183449E+00 -8.147978E-01
  1.633555E+00  1.191200E+00 -8.037475E-01
  1.623429E+00  1.192163E+00 -7.926973E-01
  1.613304E+00  1.193847E+00 -7.816470E-01
  1.603178E+00  1.194939E+00 -7.705967E-01
  1.593052E+00  1.197116E+00 -7.595464E-01
  1.586652E+00  1.198300E+00 -7.525616E-01
  1.582926E+00  1.198822E+00 -7.484961E-01
  1.572801E+00  1.201993E+00 -7.374459E-01
  1.562675E+00  1.207114E+00 -7.263956E-01
  1.552549E+00  1.211622E+00 -7.153453E-01
  1.550283E+00  1.213288E+00 -7.128720E-01
  1.542424E+00  1.220520E+00 -7.042950E-01
  1.532298E+00  1.224366E+00 -6.932447E-01
  1.528602E+00  1.228276E+00 -6.892114E-01
  1.522172E+00  1.231846E+00 -6.821945E-01
  1.512046E+00  1.232364E+00 -6.711442E-01
  1.501921E+00  1.234180E+00 -6.600939E-01
  1.491795E+00  1.233571E+00 -6.490436E-01
  1.481669E+00  1.233470E+00 -6.379933E-01
  1.471544E+00  1.232368E+00 -6.269431E-01
  1.461418E+00  1.230500E+00 -6.158928E-01
  1.451292E+00  1.228431E+00 -6.048425E-01
  1.451019E+00  1.228276E+00 -6.045443E-01
  1.451292E+00  1.227669E+00 -6.048425E-01
  1.461418E+00  1.217982E+00 -6.158928E-01
  1.464887E+00  1.213288E+00 -6.196788E-01
  1.461418E+00  1.211452E+00 -6.158928E-01
  1.451292E+00  1.206727E+00 -6.048425E-01
  1.441650E+00  1.198300E+00 -5.943203E-01
  1.444079E+00  1.183312E+00 -5.969704E-01
  1.441166E+00  1.177177E+00 -5.937922E-01
  1.436548E+00  1.168324E+00 -5.887523E-01
  1.435533E+00  1.153336E+00 -5.876444E-01
  1.433352E+00  1.138348E+00 -5.852644E-01
  1.439182E+00  1.123360E+00 -5.916265E-01
  1.441166E+00  1.122374E+00 -5.937922E-01
  1.451292E+00  1.118976E+00 -6.048425E-01
  1.461418E+00  1.117683E+00 -6.158928E-01
  1.471544E+00  1.116606E+00 -6.269431E-01
  1.481669E+00  1.116177E+00 -6.379933E-01
  1.491795E+00  1.113934E+00 -6.490436E-01
  1.501921E+00  1.113792E+00 -6.600939E-01
  1.512046E+00  1.108671E+00 -6.711442E-01
  1.514108E+00  1.108372E+00 -6.733942E-01
  1.522172E+00  1.106640E+00 -6.821945E-01
  1.532298E+00  1.097301E+00 -6.932447E-01
  1.541281E+00  1.093384E+00 -7.030483E-01
  1.542424E+00  1.092363E+00 -7.042950E-01
  1.550227E+00  1.078396E+00 -7.128110E-01
  1.552549E+00  1.077049E+00 -7.153453E-01
  1.562675E+00  1.074271E+00 -7.263956E-01
  1.572801E+00  1.072672E+00 -7.374459E-01
  1.582926E+00  1.072096E+00 -7.484961E-01
  1.593052E+00  1.072582E+00 -7.595464E-01
  1.603178E+00  1.073144E+00 -7.705967E-01
  1.613304E+00  1.074629E+00 -7.816470E-01
  1.623429E+00  1.077403E+00 -7.926973E-01
  1.628228E+00  1.078396E+00 -7.979335E-01
  1.623429E+00  1.083918E+00 -7.926973E-01
  1.618076E+00  1.093384E+00 -7.868556E-01
  1.623429E+00  1.096788E+00 -7.926973E-01
  1.633555E+00  1.101123E+00 -8.037475E-01
  1.638947E+00  1.108372E+00 -8.096318E-01
  1.640464E+00  1.123360E+00 -8.112870E-01
  1.643426E+00  1.138348E+00 -8.145203E-01
  1.643681E+00  1.139699E+00 -8.147978E-01
  1.651709E+00  1.153336E+00 -8.235587E-01
  1.653807E+00  1.165323E+00 -8.258481E-01
  1.653955E+00  1.168324E+00 -8.260101E-01
  1.653807E+00  1.170575E+00 -8.258481E-01
Theta(deg) =   0.000000 , Phi(deg) =  50.000000 , Number of orbits =     8 , (a.u.^-1) units
Slice   =     85 , Freq(kT, average of all copies)              =   0.2263
Orbit # =      0 , Freq(kT, this largest copy used for outline) =   0.2318
Points  =     33
  kx            ky            kz
  2.994500E+00  3.841503E+00 -2.632497E+00
  2.984866E+00  3.846513E+00 -2.621015E+00
  2.978304E+00  3.852641E+00 -2.613195E+00
  2.975232E+00  3.854523E+00 -2.609534E+00
  2.971633E+00  3.852641E+00 -2.605244E+00
  2.965598E+00  3.849356E+00 -2.598052E+00
  2.955964E+00  3.839281E+00 -2.586571E+00
  2.954289E+00  3.837653E+00 -2.584575E+00
  2.946330E+00  3.831217E+00 -2.575090E+00
  2.940697E+00  3.822665E+00 -2.568376E+00
  2.936696E+00  3.815875E+00 -2.563608E+00
  2.930662E+00  3.807677E+00 -2.556417E+00
  2.927062E+00  3.802626E+00 -2.552127E+00
  2.919543E+00  3.792689E+00 -2.543166E+00
  2.917428E+00  3.783339E+00 -2.540645E+00
  2.916012E+00  3.777701E+00 -2.538959E+00
  2.913402E+00  3.762713E+00 -2.535848E+00
  2.917428E+00  3.759544E+00 -2.540645E+00
  2.927062E+00  3.753867E+00 -2.552127E+00
  2.936696E+00  3.756975E+00 -2.563608E+00
  2.946330E+00  3.761578E+00 -2.575090E+00
  2.947931E+00  3.762713E+00 -2.576998E+00
  2.955964E+00  3.772281E+00 -2.586571E+00
  2.958146E+00  3.777701E+00 -2.589171E+00
  2.965598E+00  3.787998E+00 -2.598052E+00
  2.971735E+00  3.792689E+00 -2.605366E+00
  2.975232E+00  3.796640E+00 -2.609534E+00
  2.979849E+00  3.807677E+00 -2.615036E+00
  2.984866E+00  3.821624E+00 -2.621015E+00
  2.986123E+00  3.822665E+00 -2.622514E+00
  2.994500E+00  3.834128E+00 -2.632497E+00
  2.995675E+00  3.837653E+00 -2.633897E+00
  2.994500E+00  3.841503E+00 -2.632497E+00
Slice   =     72 , Freq(kT, average of all copies)              =   0.3285
Orbit # =      0 , Freq(kT, this largest copy used for outline) =   0.3375
Points  =     33
  kx            ky            kz
  2.045324E+00  3.031775E+00 -3.538478E+00
  2.035690E+00  3.032745E+00 -3.526996E+00
  2.026055E+00  3.034542E+00 -3.515515E+00
  2.016421E+00  3.031519E+00 -3.504033E+00
  2.013682E+00  3.028303E+00 -3.500769E+00
  2.009080E+00  3.013315E+00 -3.495284E+00
  2.006787E+00  3.009052E+00 -3.492552E+00
  1.997781E+00  2.998328E+00 -3.481819E+00
  1.997153E+00  2.997798E+00 -3.481070E+00
  1.988218E+00  2.983340E+00 -3.470421E+00
  1.987519E+00  2.978291E+00 -3.469589E+00
  1.985871E+00  2.968352E+00 -3.467625E+00
  1.977885E+00  2.955457E+00 -3.458108E+00
  1.975888E+00  2.953364E+00 -3.455728E+00
  1.976069E+00  2.938376E+00 -3.455943E+00
  1.977885E+00  2.935598E+00 -3.458108E+00
  1.987519E+00  2.924711E+00 -3.469589E+00
  1.988645E+00  2.923388E+00 -3.470931E+00
  1.997153E+00  2.917641E+00 -3.481070E+00
  2.006787E+00  2.918981E+00 -3.492552E+00
  2.016421E+00  2.921945E+00 -3.504033E+00
  2.019878E+00  2.923388E+00 -3.508153E+00
  2.026055E+00  2.929220E+00 -3.515515E+00
  2.028453E+00  2.938376E+00 -3.518372E+00
  2.034997E+00  2.953364E+00 -3.526171E+00
  2.035690E+00  2.954725E+00 -3.526996E+00
  2.045324E+00  2.961568E+00 -3.538478E+00
  2.048229E+00  2.968352E+00 -3.541940E+00
  2.050551E+00  2.983340E+00 -3.544707E+00
  2.053244E+00  2.998328E+00 -3.547917E+00
  2.053066E+00  3.013315E+00 -3.547705E+00
  2.047528E+00  3.028303E+00 -3.541105E+00
  2.045324E+00  3.031775E+00 -3.538478E+00
Slice   =    200 , Freq(kT, average of all copies)              =   0.3370
Orbit # =      0 , Freq(kT, this largest copy used for outline) =   0.3456
Points  =     39
  kx            ky            kz
  4.902544E+00  4.920290E+00 -2.224946E+00
  4.892910E+00  4.921844E+00 -2.213465E+00
  4.883276E+00  4.923679E+00 -2.201983E+00
  4.874892E+00  4.918995E+00 -2.191992E+00
  4.873642E+00  4.917229E+00 -2.190502E+00
  4.868343E+00  4.904007E+00 -2.184186E+00
  4.864008E+00  4.900824E+00 -2.179021E+00
  4.854374E+00  4.895407E+00 -2.167539E+00
  4.849044E+00  4.889019E+00 -2.161187E+00
  4.844740E+00  4.877711E+00 -2.156058E+00
  4.842516E+00  4.874031E+00 -2.153408E+00
  4.835106E+00  4.868309E+00 -2.144576E+00
  4.826068E+00  4.859043E+00 -2.133805E+00
  4.825472E+00  4.856559E+00 -2.133095E+00
  4.821260E+00  4.844055E+00 -2.128075E+00
  4.815838E+00  4.837322E+00 -2.121613E+00
  4.807913E+00  4.829067E+00 -2.112169E+00
  4.809033E+00  4.814079E+00 -2.113503E+00
  4.815045E+00  4.799091E+00 -2.120669E+00
  4.815838E+00  4.798353E+00 -2.121613E+00
  4.825472E+00  4.795749E+00 -2.133095E+00
  4.835106E+00  4.793828E+00 -2.144576E+00
  4.840915E+00  4.799091E+00 -2.151499E+00
  4.844740E+00  4.803522E+00 -2.156058E+00
  4.852058E+00  4.814079E+00 -2.164779E+00
  4.854374E+00  4.815989E+00 -2.167539E+00
  4.864008E+00  4.825559E+00 -2.179021E+00
  4.866170E+00  4.829067E+00 -2.181597E+00
  4.872791E+00  4.844055E+00 -2.189488E+00
  4.873642E+00  4.845309E+00 -2.190502E+00
  4.883276E+00  4.853228E+00 -2.201983E+00
  4.886573E+00  4.859043E+00 -2.205912E+00
  4.891047E+00  4.874031E+00 -2.211245E+00
  4.892910E+00  4.878348E+00 -2.213465E+00
  4.902544E+00  4.884410E+00 -2.224946E+00
  4.904859E+00  4.889019E+00 -2.227705E+00
  4.906366E+00  4.904007E+00 -2.229501E+00
  4.903441E+00  4.918995E+00 -2.226015E+00
  4.902544E+00  4.920290E+00 -2.224946E+00
Slice   =     49 , Freq(kT, average of all copies)              =   0.3380
Orbit # =      0 , Freq(kT, this largest copy used for outline) =   0.3472
Points  =     41
  kx            ky            kz
 -2.565008E-01 -1.061889E-01 -5.416718E-01
 -2.617691E-01 -1.052839E-01 -5.353934E-01
 -2.661349E-01 -1.048759E-01 -5.301904E-01
 -2.757690E-01 -1.001818E-01 -5.187089E-01
 -2.842437E-01 -1.052839E-01 -5.086091E-01
 -2.854030E-01 -1.064521E-01 -5.072275E-01
 -2.927402E-01 -1.202718E-01 -4.984834E-01
 -2.950371E-01 -1.218765E-01 -4.957460E-01
 -3.046712E-01 -1.286686E-01 -4.842646E-01
 -3.088932E-01 -1.352598E-01 -4.792330E-01
 -3.143053E-01 -1.500838E-01 -4.727832E-01
 -3.143888E-01 -1.502477E-01 -4.726836E-01
 -3.239393E-01 -1.573001E-01 -4.613017E-01
 -3.298645E-01 -1.652357E-01 -4.542404E-01
 -3.335734E-01 -1.791950E-01 -4.498203E-01
 -3.339528E-01 -1.802236E-01 -4.493681E-01
 -3.432075E-01 -1.900303E-01 -4.383388E-01
 -3.477914E-01 -1.952116E-01 -4.328760E-01
 -3.485350E-01 -2.101996E-01 -4.319898E-01
 -3.528415E-01 -2.238704E-01 -4.268574E-01
 -3.538436E-01 -2.251875E-01 -4.256632E-01
 -3.528415E-01 -2.259648E-01 -4.268574E-01
 -3.432075E-01 -2.312118E-01 -4.383388E-01
 -3.335734E-01 -2.294822E-01 -4.498203E-01
 -3.239393E-01 -2.282373E-01 -4.613017E-01
 -3.201343E-01 -2.251875E-01 -4.658363E-01
 -3.143053E-01 -2.191429E-01 -4.727832E-01
 -3.091535E-01 -2.101996E-01 -4.789228E-01
 -3.046712E-01 -2.053269E-01 -4.842646E-01
 -2.950371E-01 -1.988823E-01 -4.957460E-01
 -2.921617E-01 -1.952116E-01 -4.991729E-01
 -2.854492E-01 -1.802236E-01 -5.071725E-01
 -2.854030E-01 -1.801500E-01 -5.072275E-01
 -2.757690E-01 -1.736577E-01 -5.187089E-01
 -2.699318E-01 -1.652357E-01 -5.256653E-01
 -2.661349E-01 -1.522092E-01 -5.301904E-01
 -2.642194E-01 -1.502477E-01 -5.324732E-01
 -2.565008E-01 -1.435186E-01 -5.416718E-01
 -2.523149E-01 -1.352598E-01 -5.466604E-01
 -2.522812E-01 -1.202718E-01 -5.467005E-01
 -2.565008E-01 -1.061889E-01 -5.416718E-01
Slice   =    232 , Freq(kT, average of all copies)              =   0.4142
Orbit # =      0 , Freq(kT, this largest copy used for outline) =   0.4157
Points  =     39
  kx            ky            kz
  5.328045E+00  3.592613E+00  5.766096E-01
  5.318411E+00  3.593791E+00  5.880911E-01
  5.308777E+00  3.599017E+00  5.995725E-01
  5.299143E+00  3.593854E+00  6.110539E-01
  5.293057E+00  3.585067E+00  6.183071E-01
  5.289509E+00  3.577109E+00  6.225354E-01
  5.285469E+00  3.570079E+00  6.273500E-01
  5.279875E+00  3.566847E+00  6.340168E-01
  5.272052E+00  3.555091E+00  6.433396E-01
  5.270240E+00  3.544284E+00  6.454983E-01
  5.269208E+00  3.540103E+00  6.467283E-01
  5.260606E+00  3.529985E+00  6.569797E-01
  5.257494E+00  3.525115E+00  6.606889E-01
  5.252621E+00  3.510127E+00  6.664958E-01
  5.250972E+00  3.495667E+00  6.684611E-01
  5.250885E+00  3.495139E+00  6.685653E-01
  5.241338E+00  3.480828E+00  6.799426E-01
  5.240755E+00  3.480151E+00  6.806376E-01
  5.241338E+00  3.479139E+00  6.799426E-01
  5.250972E+00  3.470725E+00  6.684611E-01
  5.258660E+00  3.465163E+00  6.592994E-01
  5.260606E+00  3.464165E+00  6.569797E-01
  5.270240E+00  3.463967E+00  6.454983E-01
  5.279875E+00  3.463116E+00  6.340168E-01
  5.284702E+00  3.465163E+00  6.282642E-01
  5.289509E+00  3.468189E+00  6.225354E-01
  5.293671E+00  3.480151E+00  6.175751E-01
  5.299143E+00  3.486773E+00  6.110539E-01
  5.308777E+00  3.489802E+00  5.995725E-01
  5.311606E+00  3.495139E+00  5.962004E-01
  5.314893E+00  3.510127E+00  5.922829E-01
  5.318411E+00  3.520055E+00  5.880911E-01
  5.324863E+00  3.525115E+00  5.804021E-01
  5.328045E+00  3.528274E+00  5.766096E-01
  5.332318E+00  3.540103E+00  5.715175E-01
  5.334439E+00  3.555091E+00  5.689892E-01
  5.333210E+00  3.570079E+00  5.704546E-01
  5.331925E+00  3.585067E+00  5.719859E-01
  5.328045E+00  3.592613E+00  5.766096E-01
Slice   =    226 , Freq(kT, average of all copies)              =   0.4164
Orbit # =      0 , Freq(kT, this largest copy used for outline) =   0.4255
Points  =     41
  kx            ky            kz
  6.762362E+00  5.248724E+00 -6.432111E-01
  6.752727E+00  5.251420E+00 -6.317297E-01
  6.743093E+00  5.259716E+00 -6.202482E-01
  6.733459E+00  5.259599E+00 -6.087668E-01
  6.723825E+00  5.256438E+00 -5.972854E-01
  6.714191E+00  5.252872E+00 -5.858039E-01
  6.709880E+00  5.247994E+00 -5.806658E-01
  6.704638E+00  5.233006E+00 -5.744194E-01
  6.704557E+00  5.232879E+00 -5.743225E-01
  6.694923E+00  5.221219E+00 -5.628410E-01
  6.692380E+00  5.218018E+00 -5.598100E-01
  6.685289E+00  5.208044E+00 -5.513596E-01
  6.682901E+00  5.203030E+00 -5.485138E-01
  6.679195E+00  5.188042E+00 -5.440969E-01
  6.675655E+00  5.183178E+00 -5.398782E-01
  6.666021E+00  5.174829E+00 -5.283967E-01
  6.665011E+00  5.173054E+00 -5.271936E-01
  6.666021E+00  5.158204E+00 -5.283967E-01
  6.666041E+00  5.158066E+00 -5.284208E-01
  6.669074E+00  5.143078E+00 -5.320357E-01
  6.675655E+00  5.129781E+00 -5.398782E-01
  6.679941E+00  5.128090E+00 -5.449861E-01
  6.685289E+00  5.126518E+00 -5.513596E-01
  6.694923E+00  5.124545E+00 -5.628410E-01
  6.697719E+00  5.128090E+00 -5.661736E-01
  6.704557E+00  5.134474E+00 -5.743225E-01
  6.714191E+00  5.141289E+00 -5.858039E-01
  6.715319E+00  5.143078E+00 -5.871484E-01
  6.723825E+00  5.155509E+00 -5.972854E-01
  6.724991E+00  5.158066E+00 -5.986746E-01
  6.731731E+00  5.173054E+00 -6.067070E-01
  6.733459E+00  5.175554E+00 -6.087668E-01
  6.743093E+00  5.184626E+00 -6.202482E-01
  6.744643E+00  5.188042E+00 -6.220950E-01
  6.747705E+00  5.203030E+00 -6.257442E-01
  6.752727E+00  5.217576E+00 -6.317297E-01
  6.753422E+00  5.218018E+00 -6.325578E-01
  6.762362E+00  5.228492E+00 -6.432111E-01
  6.763412E+00  5.233006E+00 -6.444624E-01
  6.762706E+00  5.247994E+00 -6.436217E-01
  6.762362E+00  5.248724E+00 -6.432111E-01
Slice   =    141 , Freq(kT, average of all copies)              =   0.4192
Orbit # =      0 , Freq(kT, this largest copy used for outline) =   0.4291
Points  =     41
  kx            ky            kz
  2.905271E+00  2.202267E+00 -1.157902E-01
  2.895637E+00  2.204269E+00 -1.043088E-01
  2.895055E+00  2.204702E+00 -1.036142E-01
  2.886003E+00  2.207902E+00 -9.282732E-02
  2.877460E+00  2.204702E+00 -8.264628E-02
  2.876369E+00  2.203679E+00 -8.134588E-02
  2.870969E+00  2.189714E+00 -7.491038E-02
  2.866735E+00  2.185461E+00 -6.986444E-02
  2.857101E+00  2.177487E+00 -5.838300E-02
  2.855470E+00  2.174726E+00 -5.643943E-02
  2.848847E+00  2.159738E+00 -4.854591E-02
  2.847467E+00  2.156101E+00 -4.690156E-02
  2.841397E+00  2.144750E+00 -3.966737E-02
  2.837833E+00  2.141530E+00 -3.542012E-02
  2.829548E+00  2.129762E+00 -2.554679E-02
  2.828199E+00  2.116565E+00 -2.393868E-02
  2.827990E+00  2.114774E+00 -2.368917E-02
  2.821970E+00  2.099787E+00 -1.651521E-02
  2.818565E+00  2.089065E+00 -1.245723E-02
  2.817286E+00  2.084799E+00 -1.093287E-02
  2.818565E+00  2.082925E+00 -1.245723E-02
  2.828199E+00  2.075169E+00 -2.393868E-02
  2.836125E+00  2.069811E+00 -3.338456E-02
  2.837833E+00  2.068608E+00 -3.542012E-02
  2.847467E+00  2.069408E+00 -4.690156E-02
  2.852218E+00  2.069811E+00 -5.256397E-02
  2.857101E+00  2.070298E+00 -5.838300E-02
  2.866735E+00  2.077944E+00 -6.986444E-02
  2.868918E+00  2.084799E+00 -7.246622E-02
  2.876369E+00  2.096477E+00 -8.134588E-02
  2.883767E+00  2.099787E+00 -9.016160E-02
  2.886003E+00  2.101020E+00 -9.282732E-02
  2.891113E+00  2.114774E+00 -9.891623E-02
  2.894933E+00  2.129762E+00 -1.034691E-01
  2.895637E+00  2.131920E+00 -1.043088E-01
  2.905271E+00  2.139667E+00 -1.157902E-01
  2.907700E+00  2.144750E+00 -1.186847E-01
  2.911337E+00  2.159738E+00 -1.230183E-01
  2.910481E+00  2.174726E+00 -1.219985E-01
  2.909071E+00  2.189714E+00 -1.203188E-01
  2.905271E+00  2.202267E+00 -1.157902E-01
Slice   =     95 , Freq(kT, average of all copies)              =   1.1748
Orbit # =      0 , Freq(kT, this largest copy used for outline) =   1.2203
Points  =     71
  kx            ky            kz
  1.312125E+00  2.444766E+00 -2.443109E+00
  1.302491E+00  2.447362E+00 -2.431628E+00
  1.292857E+00  2.456299E+00 -2.420146E+00
  1.283759E+00  2.459129E+00 -2.409304E+00
  1.283223E+00  2.459184E+00 -2.408665E+00
  1.279929E+00  2.459129E+00 -2.404739E+00
  1.273589E+00  2.458829E+00 -2.397183E+00
  1.263955E+00  2.458238E+00 -2.385702E+00
  1.257005E+00  2.459129E+00 -2.377419E+00
  1.254321E+00  2.459315E+00 -2.374220E+00
  1.244687E+00  2.460397E+00 -2.362739E+00
  1.235053E+00  2.463344E+00 -2.351258E+00
  1.225419E+00  2.468695E+00 -2.339776E+00
  1.215785E+00  2.471891E+00 -2.328295E+00
  1.211742E+00  2.474117E+00 -2.323477E+00
  1.206150E+00  2.479194E+00 -2.316813E+00
  1.196516E+00  2.481434E+00 -2.305332E+00
  1.192020E+00  2.489105E+00 -2.299974E+00
  1.186882E+00  2.491365E+00 -2.293850E+00
  1.177248E+00  2.491562E+00 -2.282369E+00
  1.167614E+00  2.492318E+00 -2.270888E+00
  1.159613E+00  2.489105E+00 -2.261353E+00
  1.163144E+00  2.474117E+00 -2.265561E+00
  1.157980E+00  2.472980E+00 -2.259406E+00
  1.148346E+00  2.471473E+00 -2.247925E+00
  1.138712E+00  2.468018E+00 -2.236443E+00
  1.129078E+00  2.460795E+00 -2.224962E+00
  1.127255E+00  2.459129E+00 -2.222789E+00
  1.119773E+00  2.444141E+00 -2.213873E+00
  1.119444E+00  2.443886E+00 -2.213480E+00
  1.110900E+00  2.429153E+00 -2.203299E+00
  1.109810E+00  2.422272E+00 -2.201999E+00
  1.107818E+00  2.414165E+00 -2.199625E+00
  1.101584E+00  2.399177E+00 -2.192196E+00
  1.105264E+00  2.384189E+00 -2.196581E+00
  1.109810E+00  2.380380E+00 -2.201999E+00
  1.119444E+00  2.375745E+00 -2.213480E+00
  1.129078E+00  2.374206E+00 -2.224962E+00
  1.138712E+00  2.373098E+00 -2.236443E+00
  1.148346E+00  2.372761E+00 -2.247925E+00
  1.157980E+00  2.370330E+00 -2.259406E+00
  1.167614E+00  2.370634E+00 -2.270888E+00
  1.170239E+00  2.369202E+00 -2.274015E+00
  1.177248E+00  2.365688E+00 -2.282369E+00
  1.186882E+00  2.364172E+00 -2.293850E+00
  1.196516E+00  2.356078E+00 -2.305332E+00
  1.201762E+00  2.354214E+00 -2.311584E+00
  1.206150E+00  2.350964E+00 -2.316813E+00
  1.213015E+00  2.339226E+00 -2.324995E+00
  1.215785E+00  2.337565E+00 -2.328295E+00
  1.225419E+00  2.335428E+00 -2.339776E+00
  1.235053E+00  2.334794E+00 -2.351258E+00
  1.244687E+00  2.335320E+00 -2.362739E+00
  1.254321E+00  2.337510E+00 -2.374220E+00
  1.261593E+00  2.339226E+00 -2.382887E+00
  1.254321E+00  2.351293E+00 -2.374220E+00
  1.252402E+00  2.354214E+00 -2.371933E+00
  1.254321E+00  2.354830E+00 -2.374220E+00
  1.263955E+00  2.358004E+00 -2.385702E+00
  1.273589E+00  2.361603E+00 -2.397183E+00
  1.283223E+00  2.366208E+00 -2.408665E+00
  1.290860E+00  2.369202E+00 -2.417767E+00
  1.291896E+00  2.384189E+00 -2.419001E+00
  1.292857E+00  2.385047E+00 -2.420146E+00
  1.299694E+00  2.399177E+00 -2.428294E+00
  1.302491E+00  2.409303E+00 -2.431628E+00
  1.306026E+00  2.414165E+00 -2.435840E+00
  1.308339E+00  2.429153E+00 -2.438597E+00
  1.312125E+00  2.441174E+00 -2.443109E+00
  1.312384E+00  2.444141E+00 -2.443418E+00
  1.312125E+00  2.444766E+00 -2.443109E+00
Theta(deg) =   0.000000 , Phi(deg) =  52.500000 , Number of orbits =     8 , (a.u.^-1) units
Slice   =    144 , Freq(kT, average of all copies)              =   0.2211
Orbit # =      0 , Freq(kT, this largest copy used for outline) =   0.2255
Points  =     31
  kx            ky            kz
  4.374221E+00  4.125401E+00 -9.446136E-01
  4.365097E+00  4.134334E+00 -9.327228E-01
  4.356192E+00  4.123161E+00 -9.211177E-01
  4.355973E+00  4.123006E+00 -9.208321E-01
  4.346849E+00  4.116242E+00 -9.089414E-01
  4.337780E+00  4.108173E+00 -8.971222E-01
  4.337725E+00  4.108062E+00 -8.970506E-01
  4.332777E+00  4.093185E+00 -8.906023E-01
  4.328601E+00  4.087360E+00 -8.851599E-01
  4.319476E+00  4.078370E+00 -8.732691E-01
  4.319364E+00  4.078197E+00 -8.731225E-01
  4.314575E+00  4.063209E+00 -8.668812E-01
  4.310352E+00  4.050831E+00 -8.613784E-01
  4.309084E+00  4.048221E+00 -8.597249E-01
  4.310352E+00  4.040982E+00 -8.613784E-01
  4.312814E+00  4.033233E+00 -8.645859E-01
  4.319476E+00  4.028494E+00 -8.732691E-01
  4.328601E+00  4.029341E+00 -8.851599E-01
  4.331908E+00  4.033233E+00 -8.894708E-01
  4.337725E+00  4.039060E+00 -8.970506E-01
  4.346849E+00  4.043307E+00 -9.089414E-01
  4.349761E+00  4.048221E+00 -9.127363E-01
  4.354808E+00  4.063209E+00 -9.193141E-01
  4.355973E+00  4.065571E+00 -9.208321E-01
  4.365097E+00  4.073407E+00 -9.327228E-01
  4.368445E+00  4.078197E+00 -9.370859E-01
  4.372239E+00  4.093185E+00 -9.420310E-01
  4.374221E+00  4.100824E+00 -9.446136E-01
  4.379770E+00  4.108173E+00 -9.518453E-01
  4.380533E+00  4.123161E+00 -9.528402E-01
  4.374221E+00  4.125401E+00 -9.446136E-01
Slice   =    192 , Freq(kT, average of all copies)              =   0.2283
Orbit # =      0 , Freq(kT, this largest copy used for outline) =   0.2285
Points  =     33
  kx            ky            kz
  4.801401E+00  4.544662E+00 -1.267665E+00
  4.792277E+00  4.548660E+00 -1.255774E+00
  4.783153E+00  4.556724E+00 -1.243883E+00
  4.774029E+00  4.549738E+00 -1.231993E+00
  4.769892E+00  4.543928E+00 -1.226601E+00
  4.764905E+00  4.539848E+00 -1.220102E+00
  4.755781E+00  4.533578E+00 -1.208211E+00
  4.752624E+00  4.528940E+00 -1.204097E+00
  4.747639E+00  4.513952E+00 -1.197601E+00
  4.746656E+00  4.512446E+00 -1.196320E+00
  4.737532E+00  4.504957E+00 -1.184430E+00
  4.732717E+00  4.498964E+00 -1.178155E+00
  4.730492E+00  4.483976E+00 -1.175254E+00
  4.728408E+00  4.478237E+00 -1.172539E+00
  4.721528E+00  4.468988E+00 -1.163573E+00
  4.728408E+00  4.459076E+00 -1.172539E+00
  4.733621E+00  4.454000E+00 -1.179333E+00
  4.737532E+00  4.451333E+00 -1.184430E+00
  4.741962E+00  4.454000E+00 -1.190203E+00
  4.746656E+00  4.456387E+00 -1.196320E+00
  4.755781E+00  4.464714E+00 -1.208211E+00
  4.764905E+00  4.468824E+00 -1.220102E+00
  4.765014E+00  4.468988E+00 -1.220244E+00
  4.769414E+00  4.483976E+00 -1.225978E+00
  4.774029E+00  4.492087E+00 -1.231993E+00
  4.783153E+00  4.497939E+00 -1.243883E+00
  4.783775E+00  4.498964E+00 -1.244695E+00
  4.788688E+00  4.513952E+00 -1.251097E+00
  4.792277E+00  4.528063E+00 -1.255774E+00
  4.792943E+00  4.528940E+00 -1.256642E+00
  4.801401E+00  4.542866E+00 -1.267665E+00
  4.801803E+00  4.543928E+00 -1.268188E+00
  4.801401E+00  4.544662E+00 -1.267665E+00
Slice   =    200 , Freq(kT, average of all copies)              =   0.3297
Orbit # =      0 , Freq(kT, this largest copy used for outline) =   0.3350
Points  =     37
  kx            ky            kz
  6.324190E+00  5.182065E+00 -2.263609E+00
  6.315065E+00  5.180753E+00 -2.251718E+00
  6.305941E+00  5.183223E+00 -2.239828E+00
  6.296817E+00  5.179204E+00 -2.227937E+00
  6.290119E+00  5.172686E+00 -2.219208E+00
  6.287693E+00  5.167254E+00 -2.216046E+00
  6.283846E+00  5.157698E+00 -2.211032E+00
  6.278569E+00  5.153480E+00 -2.204155E+00
  6.269702E+00  5.142710E+00 -2.192600E+00
  6.269445E+00  5.141967E+00 -2.192265E+00
  6.265063E+00  5.127722E+00 -2.186554E+00
  6.260321E+00  5.122444E+00 -2.180374E+00
  6.252251E+00  5.112734E+00 -2.169857E+00
  6.251197E+00  5.108148E+00 -2.168483E+00
  6.248948E+00  5.097746E+00 -2.165552E+00
  6.242073E+00  5.088254E+00 -2.156592E+00
  6.237550E+00  5.082758E+00 -2.150698E+00
  6.239137E+00  5.067770E+00 -2.152766E+00
  6.242073E+00  5.060349E+00 -2.156592E+00
  6.251197E+00  5.055055E+00 -2.168483E+00
  6.260321E+00  5.053035E+00 -2.180374E+00
  6.269098E+00  5.067770E+00 -2.191812E+00
  6.269445E+00  5.068122E+00 -2.192265E+00
  6.278569E+00  5.076732E+00 -2.204155E+00
  6.285336E+00  5.082758E+00 -2.212975E+00
  6.287693E+00  5.086642E+00 -2.216046E+00
  6.292273E+00  5.097746E+00 -2.222015E+00
  6.296817E+00  5.104378E+00 -2.227937E+00
  6.305941E+00  5.111753E+00 -2.239828E+00
  6.306537E+00  5.112734E+00 -2.240604E+00
  6.312849E+00  5.127722E+00 -2.248830E+00
  6.315065E+00  5.134285E+00 -2.251718E+00
  6.324190E+00  5.142148E+00 -2.263609E+00
  6.324433E+00  5.142710E+00 -2.263926E+00
  6.329311E+00  5.157698E+00 -2.270283E+00
  6.327073E+00  5.172686E+00 -2.267367E+00
  6.324190E+00  5.182065E+00 -2.263609E+00
Slice   =     75 , Freq(kT, average of all copies)              =   0.3321
Orbit # =      0 , Freq(kT, this largest copy used for outline) =   0.3385
Points  =     41
  kx            ky            kz
  2.021427E+00  3.530684E+00 -3.645830E+00
  2.012303E+00  3.533483E+00 -3.633940E+00
  2.003179E+00  3.534107E+00 -3.622049E+00
  1.994055E+00  3.525553E+00 -3.610158E+00
  1.992116E+00  3.522906E+00 -3.607631E+00
  1.984931E+00  3.513937E+00 -3.598268E+00
  1.980395E+00  3.507918E+00 -3.592357E+00
  1.975807E+00  3.503510E+00 -3.586377E+00
  1.967163E+00  3.492930E+00 -3.575112E+00
  1.966683E+00  3.491929E+00 -3.574486E+00
  1.959669E+00  3.477942E+00 -3.565345E+00
  1.957559E+00  3.475405E+00 -3.562595E+00
  1.948435E+00  3.466070E+00 -3.550705E+00
  1.945586E+00  3.462954E+00 -3.546992E+00
  1.942358E+00  3.447966E+00 -3.542786E+00
  1.939310E+00  3.442752E+00 -3.538814E+00
  1.930186E+00  3.434294E+00 -3.526923E+00
  1.929311E+00  3.432978E+00 -3.525782E+00
  1.930186E+00  3.426068E+00 -3.526923E+00
  1.932988E+00  3.417990E+00 -3.530574E+00
  1.939310E+00  3.405556E+00 -3.538814E+00
  1.947563E+00  3.403002E+00 -3.549568E+00
  1.948435E+00  3.402880E+00 -3.550705E+00
  1.957559E+00  3.401834E+00 -3.562595E+00
  1.958376E+00  3.403002E+00 -3.563660E+00
  1.966683E+00  3.415855E+00 -3.574486E+00
  1.968121E+00  3.417990E+00 -3.576361E+00
  1.975807E+00  3.425428E+00 -3.586377E+00
  1.981012E+00  3.432978E+00 -3.593161E+00
  1.984931E+00  3.438814E+00 -3.598268E+00
  1.989009E+00  3.447966E+00 -3.603583E+00
  1.994055E+00  3.456638E+00 -3.610158E+00
  1.999301E+00  3.462954E+00 -3.616995E+00
  2.003179E+00  3.468014E+00 -3.622049E+00
  2.007225E+00  3.477942E+00 -3.627321E+00
  2.012303E+00  3.492205E+00 -3.633940E+00
  2.013016E+00  3.492930E+00 -3.634869E+00
  2.021427E+00  3.501912E+00 -3.645830E+00
  2.023663E+00  3.507918E+00 -3.648744E+00
  2.023419E+00  3.522906E+00 -3.648427E+00
  2.021427E+00  3.530684E+00 -3.645830E+00
Slice   =     46 , Freq(kT, average of all copies)              =   0.3418
Orbit # =      0 , Freq(kT, this largest copy used for outline) =   0.3499
Points  =     37
  kx            ky            kz
  1.881630E+00  2.444283E+00 -2.005245E+00
  1.872506E+00  2.451696E+00 -1.993354E+00
  1.870183E+00  2.457288E+00 -1.990326E+00
  1.863382E+00  2.468093E+00 -1.981463E+00
  1.854258E+00  2.464925E+00 -1.969573E+00
  1.845134E+00  2.464387E+00 -1.957682E+00
  1.836010E+00  2.460791E+00 -1.945791E+00
  1.833392E+00  2.457288E+00 -1.942379E+00
  1.830009E+00  2.442300E+00 -1.937970E+00
  1.826886E+00  2.436358E+00 -1.933900E+00
  1.817792E+00  2.427312E+00 -1.922049E+00
  1.817762E+00  2.427282E+00 -1.922010E+00
  1.810483E+00  2.412325E+00 -1.912524E+00
  1.808638E+00  2.397807E+00 -1.910119E+00
  1.808553E+00  2.397337E+00 -1.910008E+00
  1.799513E+00  2.385255E+00 -1.898228E+00
  1.796552E+00  2.382349E+00 -1.894368E+00
  1.799513E+00  2.376245E+00 -1.898228E+00
  1.805190E+00  2.367361E+00 -1.905626E+00
  1.808638E+00  2.364252E+00 -1.910119E+00
  1.817762E+00  2.353867E+00 -1.922010E+00
  1.823967E+00  2.352373E+00 -1.930096E+00
  1.826886E+00  2.351810E+00 -1.933900E+00
  1.834155E+00  2.352373E+00 -1.943373E+00
  1.836010E+00  2.352570E+00 -1.945791E+00
  1.845134E+00  2.355159E+00 -1.957682E+00
  1.848674E+00  2.367361E+00 -1.962295E+00
  1.854258E+00  2.381569E+00 -1.969573E+00
  1.856101E+00  2.382349E+00 -1.971974E+00
  1.863382E+00  2.384881E+00 -1.981463E+00
  1.868025E+00  2.397337E+00 -1.987514E+00
  1.869896E+00  2.412325E+00 -1.989952E+00
  1.872506E+00  2.423171E+00 -1.993354E+00
  1.878792E+00  2.427312E+00 -2.001546E+00
  1.881630E+00  2.436022E+00 -2.005245E+00
  1.882236E+00  2.442300E+00 -2.006035E+00
  1.881630E+00  2.444283E+00 -2.005245E+00
Slice   =     75 , Freq(kT, average of all copies)              =   0.4283
Orbit # =      0 , Freq(kT, this largest copy used for outline) =   0.4366
Points  =     41
  kx            ky            kz
  1.293910E+00  2.608501E+00 -3.369678E+00
  1.284786E+00  2.609586E+00 -3.357787E+00
  1.275662E+00  2.618151E+00 -3.345897E+00
  1.266537E+00  2.616786E+00 -3.334006E+00
  1.257413E+00  2.615952E+00 -3.322115E+00
  1.248289E+00  2.612501E+00 -3.310224E+00
  1.244835E+00  2.608272E+00 -3.305723E+00
  1.240183E+00  2.593285E+00 -3.299660E+00
  1.239165E+00  2.591995E+00 -3.298334E+00
  1.230041E+00  2.583786E+00 -3.286443E+00
  1.225302E+00  2.578297E+00 -3.280267E+00
  1.220917E+00  2.567992E+00 -3.274552E+00
  1.219485E+00  2.563309E+00 -3.272686E+00
  1.213734E+00  2.548321E+00 -3.265191E+00
  1.211793E+00  2.545149E+00 -3.262662E+00
  1.202669E+00  2.534065E+00 -3.250771E+00
  1.202388E+00  2.533333E+00 -3.250404E+00
  1.202669E+00  2.524545E+00 -3.250771E+00
  1.203084E+00  2.518345E+00 -3.251312E+00
  1.204715E+00  2.503357E+00 -3.253437E+00
  1.210180E+00  2.488369E+00 -3.260559E+00
  1.211793E+00  2.486260E+00 -3.262662E+00
  1.220917E+00  2.482361E+00 -3.274552E+00
  1.230041E+00  2.479151E+00 -3.286443E+00
  1.236821E+00  2.488369E+00 -3.295279E+00
  1.239165E+00  2.491455E+00 -3.298334E+00
  1.248289E+00  2.500387E+00 -3.310224E+00
  1.250252E+00  2.503357E+00 -3.312783E+00
  1.257413E+00  2.513073E+00 -3.322115E+00
  1.259592E+00  2.518345E+00 -3.324954E+00
  1.264995E+00  2.533333E+00 -3.331996E+00
  1.266537E+00  2.535972E+00 -3.334006E+00
  1.275662E+00  2.543838E+00 -3.345897E+00
  1.277535E+00  2.548321E+00 -3.348338E+00
  1.280491E+00  2.563309E+00 -3.352190E+00
  1.284786E+00  2.578122E+00 -3.357787E+00
  1.285212E+00  2.578297E+00 -3.358344E+00
  1.293910E+00  2.584779E+00 -3.369678E+00
  1.295613E+00  2.593285E+00 -3.371897E+00
  1.294014E+00  2.608272E+00 -3.369814E+00
  1.293910E+00  2.608501E+00 -3.369678E+00
Slice   =    171 , Freq(kT, average of all copies)              =   0.4308
Orbit # =      0 , Freq(kT, this largest copy used for outline) =   0.4437
Points  =     41
  kx            ky            kz
  4.462864E+00  4.433911E+00 -2.843928E+00
  4.453740E+00  4.434939E+00 -2.832037E+00
  4.450034E+00  4.438644E+00 -2.827207E+00
  4.444616E+00  4.440878E+00 -2.820146E+00
  4.436907E+00  4.438644E+00 -2.810100E+00
  4.435492E+00  4.436758E+00 -2.808255E+00
  4.432243E+00  4.423656E+00 -2.804022E+00
  4.426368E+00  4.418696E+00 -2.796365E+00
  4.417244E+00  4.412428E+00 -2.784474E+00
  4.414774E+00  4.408668E+00 -2.781255E+00
  4.409359E+00  4.393680E+00 -2.774199E+00
  4.408120E+00  4.391239E+00 -2.772583E+00
  4.400219E+00  4.378692E+00 -2.762287E+00
  4.398995E+00  4.377419E+00 -2.760692E+00
  4.390341E+00  4.363704E+00 -2.749414E+00
  4.389871E+00  4.360515E+00 -2.748802E+00
  4.388065E+00  4.348716E+00 -2.746448E+00
  4.380747E+00  4.336518E+00 -2.736911E+00
  4.378076E+00  4.333728E+00 -2.733429E+00
  4.377827E+00  4.318740E+00 -2.733105E+00
  4.380747E+00  4.312259E+00 -2.736911E+00
  4.389267E+00  4.303752E+00 -2.748014E+00
  4.389871E+00  4.303387E+00 -2.748802E+00
  4.398995E+00  4.298125E+00 -2.760692E+00
  4.408120E+00  4.302827E+00 -2.772583E+00
  4.417188E+00  4.303752E+00 -2.784401E+00
  4.417244E+00  4.303758E+00 -2.784474E+00
  4.426368E+00  4.312668E+00 -2.796365E+00
  4.428415E+00  4.318740E+00 -2.799033E+00
  4.435492E+00  4.330370E+00 -2.808255E+00
  4.441858E+00  4.333728E+00 -2.816552E+00
  4.444616E+00  4.335549E+00 -2.820146E+00
  4.449364E+00  4.348716E+00 -2.826333E+00
  4.453256E+00  4.363704E+00 -2.831406E+00
  4.453740E+00  4.365213E+00 -2.832037E+00
  4.462864E+00  4.372232E+00 -2.843928E+00
  4.465589E+00  4.378692E+00 -2.847478E+00
  4.468689E+00  4.393680E+00 -2.851519E+00
  4.467492E+00  4.408668E+00 -2.849959E+00
  4.466322E+00  4.423656E+00 -2.848434E+00
  4.462864E+00  4.433911E+00 -2.843928E+00
Slice   =    133 , Freq(kT, average of all copies)              =   1.0363
Orbit # =      0 , Freq(kT, this largest copy used for outline) =   1.0592
Points  =     71
  kx            ky            kz
  4.006196E+00  2.580917E+00 -1.835147E-01
  3.997072E+00  2.585690E+00 -1.716239E-01
  3.987948E+00  2.588258E+00 -1.597332E-01
  3.978824E+00  2.589122E+00 -1.478424E-01
  3.969700E+00  2.591665E+00 -1.359517E-01
  3.963903E+00  2.593653E+00 -1.283966E-01
  3.960576E+00  2.594310E+00 -1.240609E-01
  3.951452E+00  2.594702E+00 -1.121702E-01
  3.942328E+00  2.594901E+00 -1.002794E-01
  3.933204E+00  2.600301E+00 -8.838869E-02
  3.924080E+00  2.603567E+00 -7.649795E-02
  3.916728E+00  2.608641E+00 -6.691692E-02
  3.914956E+00  2.610396E+00 -6.460720E-02
  3.905831E+00  2.611981E+00 -5.271646E-02
  3.898623E+00  2.623629E+00 -4.332225E-02
  3.896707E+00  2.624355E+00 -4.082571E-02
  3.887583E+00  2.625556E+00 -2.893497E-02
  3.884063E+00  2.623629E+00 -2.434689E-02
  3.885855E+00  2.608641E+00 -2.668271E-02
  3.878459E+00  2.607517E+00 -1.704422E-02
  3.869335E+00  2.605611E+00 -5.153479E-03
  3.860211E+00  2.600125E+00  6.737266E-03
  3.854475E+00  2.593653E+00  1.421312E-02
  3.851087E+00  2.590053E+00  1.862801E-02
  3.841963E+00  2.583340E+00  3.051876E-02
  3.832839E+00  2.578680E+00  4.240950E-02
  3.832811E+00  2.578665E+00  4.244594E-02
  3.832839E+00  2.578579E+00  4.240950E-02
  3.836407E+00  2.563677E+00  3.775879E-02
  3.832839E+00  2.559845E+00  4.240950E-02
  3.823715E+00  2.554156E+00  5.430024E-02
  3.818148E+00  2.548689E+00  6.155522E-02
  3.820906E+00  2.533701E+00  5.796072E-02
  3.814591E+00  2.520567E+00  6.619099E-02
  3.812737E+00  2.518713E+00  6.860715E-02
  3.814591E+00  2.516977E+00  6.619099E-02
  3.823715E+00  2.508634E+00  5.430024E-02
  3.832839E+00  2.505883E+00  4.240950E-02
  3.840117E+00  2.503725E+00  3.292419E-02
  3.841963E+00  2.503451E+00  3.051876E-02
  3.851087E+00  2.503209E+00  1.862801E-02
  3.860211E+00  2.501907E+00  6.737266E-03
  3.869335E+00  2.501590E+00 -5.153479E-03
  3.878459E+00  2.499213E+00 -1.704422E-02
  3.887583E+00  2.496445E+00 -2.893497E-02
  3.896707E+00  2.492549E+00 -4.082571E-02
  3.903505E+00  2.488737E+00 -4.968478E-02
  3.905831E+00  2.485692E+00 -5.271646E-02
  3.914956E+00  2.479074E+00 -6.460720E-02
  3.920167E+00  2.473749E+00 -7.139925E-02
  3.924080E+00  2.472838E+00 -7.649795E-02
  3.927490E+00  2.473749E+00 -8.094233E-02
  3.933204E+00  2.486627E+00 -8.838869E-02
  3.933737E+00  2.488737E+00 -8.908315E-02
  3.942328E+00  2.491324E+00 -1.002794E-01
  3.951452E+00  2.494761E+00 -1.121702E-01
  3.960576E+00  2.497711E+00 -1.240609E-01
  3.969700E+00  2.500100E+00 -1.359517E-01
  3.974860E+00  2.503725E+00 -1.426768E-01
  3.969700E+00  2.518539E+00 -1.359517E-01
  3.969601E+00  2.518713E+00 -1.358222E-01
  3.969700E+00  2.518778E+00 -1.359517E-01
  3.978824E+00  2.524737E+00 -1.478424E-01
  3.987948E+00  2.530868E+00 -1.597332E-01
  3.990323E+00  2.533701E+00 -1.628285E-01
  3.994965E+00  2.548689E+00 -1.688771E-01
  3.997072E+00  2.558828E+00 -1.716239E-01
  3.998827E+00  2.563677E+00 -1.739110E-01
  4.006196E+00  2.574181E+00 -1.835147E-01
  4.008148E+00  2.578665E+00 -1.860580E-01
  4.006196E+00  2.580917E+00 -1.835147E-01
Theta(deg) =   0.000000 , Phi(deg) =  55.000000 , Number of orbits =     8 , (a.u.^-1) units
Slice   =    155 , Freq(kT, average of all copies)              =   0.2188
Orbit # =      0 , Freq(kT, this largest copy used for outline) =   0.2232
Points  =     33
  kx            ky            kz
  2.765348E+00  3.569737E+00 -2.295366E+00
  2.756751E+00  3.573500E+00 -2.283088E+00
  2.748154E+00  3.580932E+00 -2.270811E+00
  2.739557E+00  3.575846E+00 -2.258534E+00
  2.736220E+00  3.569343E+00 -2.253767E+00
  2.730961E+00  3.564747E+00 -2.246256E+00
  2.722364E+00  3.558472E+00 -2.233979E+00
  2.719888E+00  3.554355E+00 -2.230442E+00
  2.714842E+00  3.539367E+00 -2.223237E+00
  2.713767E+00  3.537880E+00 -2.221701E+00
  2.705171E+00  3.525483E+00 -2.209424E+00
  2.704398E+00  3.524379E+00 -2.208321E+00
  2.697802E+00  3.509391E+00 -2.198901E+00
  2.696574E+00  3.504662E+00 -2.197146E+00
  2.694412E+00  3.494403E+00 -2.194059E+00
  2.695177E+00  3.479415E+00 -2.195152E+00
  2.696574E+00  3.478263E+00 -2.197146E+00
  2.705171E+00  3.473451E+00 -2.209424E+00
  2.713767E+00  3.478976E+00 -2.221701E+00
  2.714129E+00  3.479415E+00 -2.222218E+00
  2.722364E+00  3.487172E+00 -2.233979E+00
  2.729410E+00  3.494403E+00 -2.244042E+00
  2.730961E+00  3.496713E+00 -2.246256E+00
  2.734760E+00  3.509391E+00 -2.251683E+00
  2.739557E+00  3.517637E+00 -2.258534E+00
  2.747158E+00  3.524379E+00 -2.269388E+00
  2.748154E+00  3.526236E+00 -2.270811E+00
  2.752133E+00  3.539367E+00 -2.276494E+00
  2.756335E+00  3.554355E+00 -2.282494E+00
  2.756751E+00  3.556999E+00 -2.283088E+00
  2.765348E+00  3.568886E+00 -2.295366E+00
  2.765505E+00  3.569343E+00 -2.295591E+00
  2.765348E+00  3.569737E+00 -2.295366E+00
Slice   =     86 , Freq(kT, average of all copies)              =   0.3236
Orbit # =      0 , Freq(kT, this largest copy used for outline) =   0.3304
Points  =     39
  kx            ky            kz
  1.276656E+00  2.118762E+00 -3.287467E+00
  1.268059E+00  2.118856E+00 -3.275190E+00
  1.259463E+00  2.120986E+00 -3.262912E+00
  1.251871E+00  2.113670E+00 -3.252070E+00
  1.250866E+00  2.111910E+00 -3.250635E+00
  1.243958E+00  2.098682E+00 -3.240769E+00
  1.242269E+00  2.096794E+00 -3.238358E+00
  1.233672E+00  2.083899E+00 -3.226080E+00
  1.233604E+00  2.083694E+00 -3.225982E+00
  1.225076E+00  2.069284E+00 -3.213803E+00
  1.224682E+00  2.068706E+00 -3.213240E+00
  1.219379E+00  2.053718E+00 -3.205668E+00
  1.216479E+00  2.049548E+00 -3.201525E+00
  1.207882E+00  2.039628E+00 -3.189248E+00
  1.207413E+00  2.038730E+00 -3.188578E+00
  1.205783E+00  2.023742E+00 -3.186250E+00
  1.199285E+00  2.012539E+00 -3.176970E+00
  1.196494E+00  2.008754E+00 -3.172984E+00
  1.199285E+00  1.995054E+00 -3.176970E+00
  1.200343E+00  1.993766E+00 -3.178481E+00
  1.207882E+00  1.987981E+00 -3.189248E+00
  1.216479E+00  1.984918E+00 -3.201525E+00
  1.220858E+00  1.993766E+00 -3.207779E+00
  1.225076E+00  1.998834E+00 -3.213803E+00
  1.233672E+00  2.005998E+00 -3.226080E+00
  1.235707E+00  2.008754E+00 -3.228986E+00
  1.242269E+00  2.018531E+00 -3.238358E+00
  1.244985E+00  2.023742E+00 -3.242236E+00
  1.250866E+00  2.034551E+00 -3.250635E+00
  1.253776E+00  2.038730E+00 -3.254792E+00
  1.259463E+00  2.045909E+00 -3.262912E+00
  1.263808E+00  2.053718E+00 -3.269118E+00
  1.268059E+00  2.067211E+00 -3.275190E+00
  1.269048E+00  2.068706E+00 -3.276602E+00
  1.276656E+00  2.077790E+00 -3.287467E+00
  1.279356E+00  2.083694E+00 -3.291323E+00
  1.281850E+00  2.098682E+00 -3.294885E+00
  1.279255E+00  2.113670E+00 -3.291179E+00
  1.276656E+00  2.118762E+00 -3.287467E+00
Slice   =     45 , Freq(kT, average of all copies)              =   0.3283
Orbit # =      0 , Freq(kT, this largest copy used for outline) =   0.3356
Points  =     41
  kx            ky            kz
  4.004170E-01  1.299593E+00 -9.638153E-01
  3.955452E-01  1.303952E+00 -9.568577E-01
  3.918202E-01  1.305227E+00 -9.515379E-01
  3.845417E-01  1.303952E+00 -9.411430E-01
  3.832235E-01  1.303569E+00 -9.392604E-01
  3.746268E-01  1.290360E+00 -9.269830E-01
  3.737507E-01  1.288964E+00 -9.257319E-01
  3.660300E-01  1.277492E+00 -9.147056E-01
  3.638228E-01  1.273976E+00 -9.115533E-01
  3.574333E-01  1.267203E+00 -9.024282E-01
  3.511240E-01  1.258988E+00 -8.934176E-01
  3.488366E-01  1.252178E+00 -8.901508E-01
  3.455716E-01  1.244000E+00 -8.854879E-01
  3.402398E-01  1.238537E+00 -8.778734E-01
  3.329343E-01  1.229012E+00 -8.674400E-01
  3.316431E-01  1.222984E+00 -8.655959E-01
  3.287327E-01  1.214024E+00 -8.614396E-01
  3.230463E-01  1.205109E+00 -8.533185E-01
  3.194134E-01  1.199036E+00 -8.481301E-01
  3.174478E-01  1.184049E+00 -8.453230E-01
  3.230463E-01  1.170795E+00 -8.533185E-01
  3.264895E-01  1.169061E+00 -8.582358E-01
  3.316431E-01  1.167641E+00 -8.655959E-01
  3.402398E-01  1.166466E+00 -8.778734E-01
  3.427253E-01  1.169061E+00 -8.814230E-01
  3.488366E-01  1.176592E+00 -8.901508E-01
  3.523789E-01  1.184049E+00 -8.952097E-01
  3.574333E-01  1.190319E+00 -9.024282E-01
  3.657233E-01  1.199036E+00 -9.142676E-01
  3.660300E-01  1.199384E+00 -9.147056E-01
  3.711670E-01  1.214024E+00 -9.220420E-01
  3.746268E-01  1.221506E+00 -9.269830E-01
  3.823544E-01  1.229012E+00 -9.380192E-01
  3.832235E-01  1.229854E+00 -9.392604E-01
  3.880911E-01  1.244000E+00 -9.462120E-01
  3.918202E-01  1.258385E+00 -9.515379E-01
  3.921724E-01  1.258988E+00 -9.520407E-01
  4.004170E-01  1.270233E+00 -9.638153E-01
  4.020308E-01  1.273976E+00 -9.661200E-01
  4.029490E-01  1.288964E+00 -9.674314E-01
  4.004170E-01  1.299593E+00 -9.638153E-01
Slice   =    213 , Freq(kT, average of all copies)              =   0.3562
Orbit # =      0 , Freq(kT, this largest copy used for outline) =   0.3649
Points  =     35
  kx            ky            kz
  5.699769E+00  4.957469E+00 -1.643019E+00
  5.693339E+00  4.963222E+00 -1.633836E+00
  5.691172E+00  4.964091E+00 -1.630741E+00
  5.682575E+00  4.974331E+00 -1.618464E+00
  5.673978E+00  4.973202E+00 -1.606186E+00
  5.665382E+00  4.972024E+00 -1.593909E+00
  5.656785E+00  4.969968E+00 -1.581632E+00
  5.651781E+00  4.963222E+00 -1.574485E+00
  5.649008E+00  4.948234E+00 -1.570525E+00
  5.648188E+00  4.946936E+00 -1.569354E+00
  5.639591E+00  4.938479E+00 -1.557077E+00
  5.635205E+00  4.933247E+00 -1.550813E+00
  5.630995E+00  4.919651E+00 -1.544799E+00
  5.630691E+00  4.918259E+00 -1.544365E+00
  5.627586E+00  4.903271E+00 -1.539932E+00
  5.622398E+00  4.893166E+00 -1.532522E+00
  5.618442E+00  4.888283E+00 -1.526872E+00
  5.622398E+00  4.881868E+00 -1.532522E+00
  5.627809E+00  4.873295E+00 -1.540249E+00
  5.630995E+00  4.870210E+00 -1.544799E+00
  5.639591E+00  4.861332E+00 -1.557077E+00
  5.648188E+00  4.861210E+00 -1.569354E+00
  5.656785E+00  4.861159E+00 -1.581632E+00
  5.665382E+00  4.867430E+00 -1.593909E+00
  5.667331E+00  4.873295E+00 -1.596693E+00
  5.672974E+00  4.888283E+00 -1.604751E+00
  5.673978E+00  4.889830E+00 -1.606186E+00
  5.682575E+00  4.893911E+00 -1.618464E+00
  5.686089E+00  4.903271E+00 -1.623483E+00
  5.688095E+00  4.918259E+00 -1.626347E+00
  5.691172E+00  4.928927E+00 -1.630741E+00
  5.699184E+00  4.933247E+00 -1.642184E+00
  5.699769E+00  4.934246E+00 -1.643019E+00
  5.701707E+00  4.948234E+00 -1.645787E+00
  5.699769E+00  4.957469E+00 -1.643019E+00
Slice   =     99 , Freq(kT, average of all copies)              =   0.4398
Orbit # =      0 , Freq(kT, this largest copy used for outline) =   0.4410
Points  =     39
  kx            ky            kz
  2.999850E+00  3.317401E+00 -2.567888E+00
  2.991253E+00  3.319279E+00 -2.555611E+00
  2.982656E+00  3.323061E+00 -2.543333E+00
  2.974059E+00  3.320366E+00 -2.531056E+00
  2.968367E+00  3.313075E+00 -2.522926E+00
  2.965463E+00  3.302644E+00 -2.518778E+00
  2.963619E+00  3.298087E+00 -2.516146E+00
  2.956866E+00  3.293470E+00 -2.506501E+00
  2.949271E+00  3.283099E+00 -2.495655E+00
  2.948269E+00  3.278462E+00 -2.494224E+00
  2.946133E+00  3.268111E+00 -2.491173E+00
  2.939672E+00  3.257314E+00 -2.481946E+00
  2.936982E+00  3.253123E+00 -2.478103E+00
  2.931076E+00  3.240841E+00 -2.469669E+00
  2.930211E+00  3.238135E+00 -2.468434E+00
  2.928248E+00  3.223147E+00 -2.465630E+00
  2.922479E+00  3.213230E+00 -2.457391E+00
  2.917952E+00  3.208159E+00 -2.450926E+00
  2.922479E+00  3.198641E+00 -2.457391E+00
  2.928789E+00  3.193171E+00 -2.466403E+00
  2.931076E+00  3.191446E+00 -2.469669E+00
  2.939672E+00  3.186534E+00 -2.481946E+00
  2.948269E+00  3.188335E+00 -2.494224E+00
  2.956866E+00  3.187257E+00 -2.506501E+00
  2.962270E+00  3.193171E+00 -2.514219E+00
  2.965463E+00  3.196776E+00 -2.518778E+00
  2.972276E+00  3.208159E+00 -2.528509E+00
  2.974059E+00  3.210149E+00 -2.531056E+00
  2.982656E+00  3.215185E+00 -2.543333E+00
  2.985555E+00  3.223147E+00 -2.547473E+00
  2.988794E+00  3.238135E+00 -2.552098E+00
  2.991253E+00  3.244184E+00 -2.555611E+00
  2.999850E+00  3.249261E+00 -2.567888E+00
  3.001704E+00  3.253123E+00 -2.570536E+00
  3.004657E+00  3.268111E+00 -2.574754E+00
  3.005003E+00  3.283099E+00 -2.575247E+00
  3.004437E+00  3.298087E+00 -2.574439E+00
  3.001900E+00  3.313075E+00 -2.570816E+00
  2.999850E+00  3.317401E+00 -2.567888E+00
Slice   =     57 , Freq(kT, average of all copies)              =   0.4436
Orbit # =      0 , Freq(kT, this largest copy used for outline) =   0.4534
Points  =     41
  kx            ky            kz
  1.258070E+00  1.772715E+00 -1.388404E+00
  1.249473E+00  1.773297E+00 -1.376127E+00
  1.240876E+00  1.780950E+00 -1.363849E+00
  1.232280E+00  1.778405E+00 -1.351572E+00
  1.223683E+00  1.775242E+00 -1.339294E+00
  1.215086E+00  1.772128E+00 -1.327017E+00
  1.212030E+00  1.768211E+00 -1.322652E+00
  1.207778E+00  1.753223E+00 -1.316580E+00
  1.206490E+00  1.751182E+00 -1.314740E+00
  1.197893E+00  1.742798E+00 -1.302462E+00
  1.194175E+00  1.738235E+00 -1.297153E+00
  1.189296E+00  1.727168E+00 -1.290185E+00
  1.188083E+00  1.723247E+00 -1.288453E+00
  1.182563E+00  1.708259E+00 -1.280570E+00
  1.180699E+00  1.705127E+00 -1.277907E+00
  1.172103E+00  1.693837E+00 -1.265630E+00
  1.171908E+00  1.693271E+00 -1.265352E+00
  1.172103E+00  1.686329E+00 -1.265630E+00
  1.172572E+00  1.678283E+00 -1.266300E+00
  1.173976E+00  1.663295E+00 -1.268305E+00
  1.179238E+00  1.648307E+00 -1.275821E+00
  1.180699E+00  1.646246E+00 -1.277907E+00
  1.189296E+00  1.642446E+00 -1.290185E+00
  1.197893E+00  1.639634E+00 -1.302462E+00
  1.203947E+00  1.648307E+00 -1.311108E+00
  1.206490E+00  1.651535E+00 -1.314740E+00
  1.215086E+00  1.659983E+00 -1.327017E+00
  1.217501E+00  1.663295E+00 -1.330466E+00
  1.223683E+00  1.671736E+00 -1.339294E+00
  1.226094E+00  1.678283E+00 -1.342738E+00
  1.232280E+00  1.693266E+00 -1.351572E+00
  1.232285E+00  1.693271E+00 -1.351579E+00
  1.240876E+00  1.699267E+00 -1.363849E+00
  1.244051E+00  1.708259E+00 -1.368383E+00
  1.246528E+00  1.723247E+00 -1.371920E+00
  1.249473E+00  1.732955E+00 -1.376127E+00
  1.258070E+00  1.736746E+00 -1.388404E+00
  1.258643E+00  1.738235E+00 -1.389222E+00
  1.260960E+00  1.753223E+00 -1.392532E+00
  1.260388E+00  1.768211E+00 -1.391715E+00
  1.258070E+00  1.772715E+00 -1.388404E+00
Slice   =     86 , Freq(kT, average of all copies)              =   0.4437
Orbit # =      0 , Freq(kT, this largest copy used for outline) =   0.4555
Points  =     41
  kx            ky            kz
  2.004173E+00  3.043708E+00 -3.563619E+00
  1.995577E+00  3.043297E+00 -3.551342E+00
  1.986980E+00  3.045662E+00 -3.539065E+00
  1.979744E+00  3.043291E+00 -3.528731E+00
  1.978383E+00  3.041970E+00 -3.526787E+00
  1.973809E+00  3.028303E+00 -3.520255E+00
  1.969787E+00  3.025451E+00 -3.514510E+00
  1.961190E+00  3.021034E+00 -3.502232E+00
  1.955358E+00  3.013315E+00 -3.493903E+00
  1.952593E+00  2.999593E+00 -3.489955E+00
  1.952286E+00  2.998328E+00 -3.489516E+00
  1.943996E+00  2.988270E+00 -3.477678E+00
  1.940691E+00  2.983340E+00 -3.472957E+00
  1.935400E+00  2.970902E+00 -3.465400E+00
  1.934622E+00  2.968352E+00 -3.464290E+00
  1.930668E+00  2.953364E+00 -3.458642E+00
  1.926803E+00  2.947459E+00 -3.453123E+00
  1.919617E+00  2.938376E+00 -3.442860E+00
  1.922765E+00  2.923388E+00 -3.447357E+00
  1.926803E+00  2.915695E+00 -3.453123E+00
  1.934355E+00  2.908400E+00 -3.463909E+00
  1.935400E+00  2.907778E+00 -3.465400E+00
  1.943996E+00  2.902491E+00 -3.477678E+00
  1.950543E+00  2.908400E+00 -3.487027E+00
  1.952593E+00  2.909832E+00 -3.489955E+00
  1.961190E+00  2.911943E+00 -3.502232E+00
  1.969787E+00  2.921816E+00 -3.514510E+00
  1.970395E+00  2.923388E+00 -3.515379E+00
  1.977700E+00  2.938376E+00 -3.525812E+00
  1.978383E+00  2.939267E+00 -3.526787E+00
  1.986980E+00  2.945046E+00 -3.539065E+00
  1.990312E+00  2.953364E+00 -3.543823E+00
  1.993709E+00  2.968352E+00 -3.548674E+00
  1.995577E+00  2.973842E+00 -3.551342E+00
  2.004173E+00  2.979450E+00 -3.563619E+00
  2.005878E+00  2.983340E+00 -3.566054E+00
  2.009260E+00  2.998328E+00 -3.570884E+00
  2.008816E+00  3.013315E+00 -3.570249E+00
  2.007515E+00  3.028303E+00 -3.568392E+00
  2.004374E+00  3.043291E+00 -3.563905E+00
  2.004173E+00  3.043708E+00 -3.563619E+00
Slice   =    232 , Freq(kT, average of all copies)              =   0.8865
Orbit # =      0 , Freq(kT, this largest copy used for outline) =   0.9009
Points  =     65
  kx            ky            kz
  6.251119E+00  5.924997E+00 -2.486250E+00
  6.242522E+00  5.933323E+00 -2.473972E+00
  6.233925E+00  5.934916E+00 -2.461695E+00
  6.225329E+00  5.937401E+00 -2.449417E+00
  6.222669E+00  5.938176E+00 -2.445619E+00
  6.216732E+00  5.939700E+00 -2.437140E+00
  6.208135E+00  5.942212E+00 -2.424862E+00
  6.199538E+00  5.944426E+00 -2.412585E+00
  6.190942E+00  5.945718E+00 -2.400308E+00
  6.182345E+00  5.949285E+00 -2.388030E+00
  6.174837E+00  5.953164E+00 -2.377308E+00
  6.173748E+00  5.953830E+00 -2.375753E+00
  6.165151E+00  5.956541E+00 -2.363475E+00
  6.161427E+00  5.953164E+00 -2.358156E+00
  6.156555E+00  5.950991E+00 -2.351198E+00
  6.147958E+00  5.949981E+00 -2.338921E+00
  6.139361E+00  5.947272E+00 -2.326643E+00
  6.130764E+00  5.941486E+00 -2.314366E+00
  6.127665E+00  5.938176E+00 -2.309939E+00
  6.122168E+00  5.927269E+00 -2.302088E+00
  6.116072E+00  5.923188E+00 -2.293383E+00
  6.113571E+00  5.918736E+00 -2.289811E+00
  6.110963E+00  5.908200E+00 -2.286087E+00
  6.104974E+00  5.902780E+00 -2.277533E+00
  6.096377E+00  5.898292E+00 -2.265256E+00
  6.091917E+00  5.893212E+00 -2.258886E+00
  6.096377E+00  5.883008E+00 -2.265256E+00
  6.100742E+00  5.878224E+00 -2.271489E+00
  6.096377E+00  5.873551E+00 -2.265256E+00
  6.087781E+00  5.870280E+00 -2.252979E+00
  6.082028E+00  5.863236E+00 -2.244763E+00
  6.087781E+00  5.857131E+00 -2.252979E+00
  6.096377E+00  5.855519E+00 -2.265256E+00
  6.104974E+00  5.853557E+00 -2.277533E+00
  6.113571E+00  5.850369E+00 -2.289811E+00
  6.118763E+00  5.848248E+00 -2.297226E+00
  6.122168E+00  5.847538E+00 -2.302088E+00
  6.130764E+00  5.846908E+00 -2.314366E+00
  6.139361E+00  5.843175E+00 -2.326643E+00
  6.147958E+00  5.842022E+00 -2.338921E+00
  6.156403E+00  5.833260E+00 -2.350982E+00
  6.156555E+00  5.832949E+00 -2.351198E+00
  6.165151E+00  5.828955E+00 -2.363475E+00
  6.172428E+00  5.818272E+00 -2.373868E+00
  6.173748E+00  5.817486E+00 -2.375753E+00
  6.182345E+00  5.816855E+00 -2.388030E+00
  6.190942E+00  5.817689E+00 -2.400308E+00
  6.192277E+00  5.818272E+00 -2.402215E+00
  6.190942E+00  5.821209E+00 -2.400308E+00
  6.184630E+00  5.833260E+00 -2.391294E+00
  6.190942E+00  5.836445E+00 -2.400308E+00
  6.199538E+00  5.840380E+00 -2.412585E+00
  6.208135E+00  5.844197E+00 -2.424862E+00
  6.213446E+00  5.848248E+00 -2.432447E+00
  6.216732E+00  5.856937E+00 -2.437140E+00
  6.219701E+00  5.863236E+00 -2.441380E+00
  6.225329E+00  5.871924E+00 -2.449417E+00
  6.228194E+00  5.878224E+00 -2.453509E+00
  6.233925E+00  5.885757E+00 -2.461695E+00
  6.241829E+00  5.893212E+00 -2.472982E+00
  6.241979E+00  5.908200E+00 -2.473197E+00
  6.242522E+00  5.908675E+00 -2.473972E+00
  6.251119E+00  5.921691E+00 -2.486250E+00
  6.253290E+00  5.923188E+00 -2.489350E+00
  6.251119E+00  5.924997E+00 -2.486250E+00
Theta(deg) =   0.000000 , Phi(deg) =  57.500000 , Number of orbits =     9 , (a.u.^-1) units
Slice   =    142 , Freq(kT, average of all copies)              =   0.2152
Orbit # =      0 , Freq(kT, this largest copy used for outline) =   0.2191
Points  =     31
  kx            ky            kz
  4.300941E+00  3.298161E+00 -1.276605E+00
  4.292888E+00  3.306576E+00 -1.263964E+00
  4.285184E+00  3.298087E+00 -1.251870E+00
  4.284835E+00  3.297771E+00 -1.251323E+00
  4.276782E+00  3.291660E+00 -1.238683E+00
  4.268913E+00  3.283099E+00 -1.226331E+00
  4.268729E+00  3.282727E+00 -1.226042E+00
  4.263651E+00  3.268111E+00 -1.218070E+00
  4.260676E+00  3.262736E+00 -1.213401E+00
  4.255340E+00  3.253123E+00 -1.205025E+00
  4.252623E+00  3.247596E+00 -1.200761E+00
  4.246441E+00  3.238135E+00 -1.191057E+00
  4.244570E+00  3.226987E+00 -1.188120E+00
  4.243999E+00  3.223147E+00 -1.187224E+00
  4.237715E+00  3.208159E+00 -1.177359E+00
  4.244570E+00  3.200062E+00 -1.188120E+00
  4.252623E+00  3.196470E+00 -1.200761E+00
  4.260676E+00  3.201797E+00 -1.213401E+00
  4.264882E+00  3.208159E+00 -1.220004E+00
  4.268729E+00  3.212662E+00 -1.226042E+00
  4.276782E+00  3.220643E+00 -1.238683E+00
  4.278142E+00  3.223147E+00 -1.240817E+00
  4.281526E+00  3.238135E+00 -1.246129E+00
  4.284835E+00  3.245497E+00 -1.251323E+00
  4.292888E+00  3.252482E+00 -1.263964E+00
  4.293214E+00  3.253123E+00 -1.264475E+00
  4.297372E+00  3.268111E+00 -1.271002E+00
  4.299633E+00  3.283099E+00 -1.274552E+00
  4.300941E+00  3.297757E+00 -1.276605E+00
  4.301015E+00  3.298087E+00 -1.276721E+00
  4.300941E+00  3.298161E+00 -1.276605E+00
Slice   =     74 , Freq(kT, average of all copies)              =   0.3199
Orbit # =      0 , Freq(kT, this largest copy used for outline) =   0.3258
Points  =     39
  kx            ky            kz
  2.826598E+00  2.676864E+00 -2.001180E+00
  2.818545E+00  2.673322E+00 -1.988540E+00
  2.810492E+00  2.676264E+00 -1.975899E+00
  2.802439E+00  2.672195E+00 -1.963258E+00
  2.799896E+00  2.667488E+00 -1.959268E+00
  2.795178E+00  2.652500E+00 -1.951862E+00
  2.794386E+00  2.651749E+00 -1.950618E+00
  2.786333E+00  2.641042E+00 -1.937977E+00
  2.785088E+00  2.637512E+00 -1.936023E+00
  2.778280E+00  2.622988E+00 -1.925336E+00
  2.777997E+00  2.622524E+00 -1.924893E+00
  2.772394E+00  2.607536E+00 -1.916098E+00
  2.770227E+00  2.603853E+00 -1.912695E+00
  2.762174E+00  2.593240E+00 -1.900055E+00
  2.761854E+00  2.592548E+00 -1.899553E+00
  2.760323E+00  2.577560E+00 -1.897150E+00
  2.754120E+00  2.566048E+00 -1.887414E+00
  2.752087E+00  2.562572E+00 -1.884222E+00
  2.754075E+00  2.547584E+00 -1.887343E+00
  2.754120E+00  2.547515E+00 -1.887414E+00
  2.762174E+00  2.541121E+00 -1.900055E+00
  2.770227E+00  2.539138E+00 -1.912695E+00
  2.774274E+00  2.547584E+00 -1.919049E+00
  2.778280E+00  2.552620E+00 -1.925336E+00
  2.786333E+00  2.562256E+00 -1.937977E+00
  2.786502E+00  2.562572E+00 -1.938242E+00
  2.794386E+00  2.574047E+00 -1.950618E+00
  2.796294E+00  2.577560E+00 -1.953613E+00
  2.801551E+00  2.592548E+00 -1.961865E+00
  2.802439E+00  2.594415E+00 -1.963258E+00
  2.810492E+00  2.602922E+00 -1.975899E+00
  2.812911E+00  2.607536E+00 -1.979696E+00
  2.817449E+00  2.622524E+00 -1.986820E+00
  2.818545E+00  2.627000E+00 -1.988540E+00
  2.826598E+00  2.636824E+00 -2.001180E+00
  2.826837E+00  2.637512E+00 -2.001556E+00
  2.831261E+00  2.652500E+00 -2.008500E+00
  2.828830E+00  2.667488E+00 -2.004685E+00
  2.826598E+00  2.676864E+00 -2.001180E+00
Slice   =    226 , Freq(kT, average of all copies)              =   0.3222
Orbit # =      0 , Freq(kT, this largest copy used for outline) =   0.3286
Points  =     41
  kx            ky            kz
  5.805678E+00  5.201023E+00 -1.295390E+00
  5.801025E+00  5.203766E+00 -1.288087E+00
  5.797625E+00  5.204896E+00 -1.282750E+00
  5.789572E+00  5.207792E+00 -1.270109E+00
  5.786638E+00  5.203766E+00 -1.265504E+00
  5.781518E+00  5.192515E+00 -1.257468E+00
  5.779658E+00  5.188778E+00 -1.254547E+00
  5.773465E+00  5.180084E+00 -1.244827E+00
  5.769885E+00  5.173790E+00 -1.239207E+00
  5.765412E+00  5.168059E+00 -1.232187E+00
  5.758291E+00  5.158802E+00 -1.221008E+00
  5.757359E+00  5.155645E+00 -1.219546E+00
  5.753985E+00  5.143814E+00 -1.214250E+00
  5.749306E+00  5.138376E+00 -1.206905E+00
  5.743319E+00  5.128826E+00 -1.197507E+00
  5.741253E+00  5.120767E+00 -1.194265E+00
  5.738222E+00  5.113838E+00 -1.189506E+00
  5.733200E+00  5.101499E+00 -1.181624E+00
  5.731995E+00  5.098850E+00 -1.179731E+00
  5.725594E+00  5.083862E+00 -1.169684E+00
  5.733200E+00  5.069702E+00 -1.181624E+00
  5.734870E+00  5.068874E+00 -1.184244E+00
  5.741253E+00  5.066681E+00 -1.194265E+00
  5.749306E+00  5.065460E+00 -1.206905E+00
  5.751478E+00  5.068874E+00 -1.210315E+00
  5.757359E+00  5.078891E+00 -1.219546E+00
  5.759773E+00  5.083862E+00 -1.223334E+00
  5.765412E+00  5.090816E+00 -1.232187E+00
  5.770339E+00  5.098850E+00 -1.239920E+00
  5.773465E+00  5.104014E+00 -1.244827E+00
  5.777100E+00  5.113838E+00 -1.250533E+00
  5.781518E+00  5.124076E+00 -1.257468E+00
  5.784169E+00  5.128826E+00 -1.261629E+00
  5.789572E+00  5.136210E+00 -1.270109E+00
  5.792587E+00  5.143814E+00 -1.274842E+00
  5.795751E+00  5.158802E+00 -1.279808E+00
  5.797625E+00  5.165416E+00 -1.282750E+00
  5.805678E+00  5.173772E+00 -1.295390E+00
  5.805684E+00  5.173790E+00 -1.295401E+00
  5.808248E+00  5.188778E+00 -1.299424E+00
  5.805678E+00  5.201023E+00 -1.295390E+00
Slice   =    218 , Freq(kT, average of all copies)              =   0.3734
Orbit # =      0 , Freq(kT, this largest copy used for outline) =   0.3734
Points  =     37
  kx            ky            kz
  4.805176E+00  4.403054E+00 -2.232024E+00
  4.804743E+00  4.409404E+00 -2.231345E+00
  4.797122E+00  4.420618E+00 -2.219383E+00
  4.789069E+00  4.422894E+00 -2.206742E+00
  4.782283E+00  4.424392E+00 -2.196090E+00
  4.781016E+00  4.424680E+00 -2.194102E+00
  4.772963E+00  4.425260E+00 -2.181461E+00
  4.772202E+00  4.424392E+00 -2.180266E+00
  4.764910E+00  4.409851E+00 -2.168820E+00
  4.764746E+00  4.409404E+00 -2.168561E+00
  4.756857E+00  4.396450E+00 -2.156179E+00
  4.755540E+00  4.394416E+00 -2.154112E+00
  4.748804E+00  4.385637E+00 -2.143539E+00
  4.746554E+00  4.379428E+00 -2.140006E+00
  4.744263E+00  4.364441E+00 -2.136410E+00
  4.740751E+00  4.358797E+00 -2.130898E+00
  4.732698E+00  4.352882E+00 -2.118257E+00
  4.731125E+00  4.349453E+00 -2.115787E+00
  4.732630E+00  4.334465E+00 -2.118150E+00
  4.732698E+00  4.333553E+00 -2.118257E+00
  4.740751E+00  4.319564E+00 -2.130898E+00
  4.740829E+00  4.319477E+00 -2.131020E+00
  4.748804E+00  4.313837E+00 -2.143539E+00
  4.756857E+00  4.308796E+00 -2.156179E+00
  4.764910E+00  4.314182E+00 -2.168820E+00
  4.772963E+00  4.315519E+00 -2.181461E+00
  4.777353E+00  4.319477E+00 -2.188352E+00
  4.781016E+00  4.330012E+00 -2.194102E+00
  4.781737E+00  4.334465E+00 -2.195232E+00
  4.789069E+00  4.346117E+00 -2.206742E+00
  4.794916E+00  4.349453E+00 -2.215920E+00
  4.797122E+00  4.352312E+00 -2.219383E+00
  4.800035E+00  4.364441E+00 -2.223955E+00
  4.802978E+00  4.379428E+00 -2.228574E+00
  4.805176E+00  4.392262E+00 -2.232024E+00
  4.807654E+00  4.394416E+00 -2.235914E+00
  4.805176E+00  4.403054E+00 -2.232024E+00
Slice   =     51 , Freq(kT, average of all copies)              =   0.3738
Orbit # =      0 , Freq(kT, this largest copy used for outline) =   0.3815
Points  =     39
  kx            ky            kz
  1.545156E+00  3.013555E+00 -4.333378E+00
  1.537103E+00  3.014920E+00 -4.320737E+00
  1.529677E+00  3.027567E+00 -4.309080E+00
  1.529050E+00  3.028620E+00 -4.308096E+00
  1.520997E+00  3.031307E+00 -4.295456E+00
  1.512944E+00  3.032967E+00 -4.282815E+00
  1.504891E+00  3.033026E+00 -4.270174E+00
  1.498821E+00  3.027567E+00 -4.260646E+00
  1.496838E+00  3.018205E+00 -4.257534E+00
  1.495902E+00  3.012579E+00 -4.256065E+00
  1.488785E+00  3.004175E+00 -4.244893E+00
  1.483211E+00  2.997591E+00 -4.236143E+00
  1.480732E+00  2.992261E+00 -4.232252E+00
  1.478415E+00  2.982603E+00 -4.228616E+00
  1.474471E+00  2.967615E+00 -4.222423E+00
  1.472679E+00  2.964470E+00 -4.219611E+00
  1.464626E+00  2.955882E+00 -4.206971E+00
  1.463463E+00  2.952627E+00 -4.205144E+00
  1.464626E+00  2.941125E+00 -4.206971E+00
  1.465910E+00  2.937639E+00 -4.208986E+00
  1.472679E+00  2.929615E+00 -4.219611E+00
  1.480732E+00  2.922811E+00 -4.232252E+00
  1.480905E+00  2.922651E+00 -4.232524E+00
  1.488785E+00  2.915495E+00 -4.244893E+00
  1.496838E+00  2.920535E+00 -4.257534E+00
  1.504891E+00  2.921915E+00 -4.270174E+00
  1.506001E+00  2.922651E+00 -4.271916E+00
  1.512944E+00  2.934788E+00 -4.282815E+00
  1.513603E+00  2.937639E+00 -4.283850E+00
  1.520997E+00  2.952015E+00 -4.295456E+00
  1.521993E+00  2.952627E+00 -4.297018E+00
  1.529050E+00  2.959038E+00 -4.308096E+00
  1.531614E+00  2.967615E+00 -4.312120E+00
  1.534336E+00  2.982603E+00 -4.316393E+00
  1.537103E+00  2.997380E+00 -4.320737E+00
  1.537455E+00  2.997591E+00 -4.321289E+00
  1.545156E+00  3.007934E+00 -4.333378E+00
  1.545645E+00  3.012579E+00 -4.334145E+00
  1.545156E+00  3.013555E+00 -4.333378E+00
Slice   =    162 , Freq(kT, average of all copies)              =   0.3806
Orbit # =      0 , Freq(kT, this largest copy used for outline) =   0.3806
Points  =     35
  kx            ky            kz
  5.968525E+00  4.969081E+00 -1.604645E+00
  5.960472E+00  4.976455E+00 -1.592005E+00
  5.957088E+00  4.977474E+00 -1.586693E+00
  5.952419E+00  4.978827E+00 -1.579364E+00
  5.944366E+00  4.981849E+00 -1.566723E+00
  5.939374E+00  4.977474E+00 -1.558887E+00
  5.936313E+00  4.971837E+00 -1.554083E+00
  5.933609E+00  4.962486E+00 -1.549837E+00
  5.928260E+00  4.953243E+00 -1.541442E+00
  5.923095E+00  4.947498E+00 -1.533334E+00
  5.920207E+00  4.944451E+00 -1.528801E+00
  5.916655E+00  4.932510E+00 -1.523225E+00
  5.913944E+00  4.917522E+00 -1.518970E+00
  5.912154E+00  4.914607E+00 -1.516160E+00
  5.904101E+00  4.909249E+00 -1.503520E+00
  5.900921E+00  4.902534E+00 -1.498528E+00
  5.901627E+00  4.887546E+00 -1.499637E+00
  5.902992E+00  4.872558E+00 -1.501778E+00
  5.904101E+00  4.871105E+00 -1.503520E+00
  5.912154E+00  4.868964E+00 -1.516160E+00
  5.920207E+00  4.863303E+00 -1.528801E+00
  5.928260E+00  4.859304E+00 -1.541442E+00
  5.936313E+00  4.869148E+00 -1.554083E+00
  5.944366E+00  4.869510E+00 -1.566723E+00
  5.946654E+00  4.872558E+00 -1.570314E+00
  5.950777E+00  4.887546E+00 -1.576786E+00
  5.952419E+00  4.891164E+00 -1.579364E+00
  5.960472E+00  4.901612E+00 -1.592005E+00
  5.961423E+00  4.902534E+00 -1.593498E+00
  5.968525E+00  4.916444E+00 -1.604645E+00
  5.968864E+00  4.917522E+00 -1.605177E+00
  5.971543E+00  4.932510E+00 -1.609382E+00
  5.975013E+00  4.947498E+00 -1.614829E+00
  5.973771E+00  4.962486E+00 -1.612879E+00
  5.968525E+00  4.969081E+00 -1.604645E+00
Slice   =    121 , Freq(kT, average of all copies)              =   0.4576
Orbit # =      0 , Freq(kT, this largest copy used for outline) =   0.4646
Points  =     45
  kx            ky            kz
  2.644876E+00  2.474678E+00 -7.183873E-01
  2.638599E+00  2.473749E+00 -7.085350E-01
  2.636823E+00  2.473365E+00 -7.057466E-01
  2.636287E+00  2.473749E+00 -7.049059E-01
  2.628770E+00  2.481010E+00 -6.931059E-01
  2.622071E+00  2.473749E+00 -6.825908E-01
  2.620717E+00  2.473232E+00 -6.804651E-01
  2.612664E+00  2.469967E+00 -6.678244E-01
  2.604611E+00  2.465737E+00 -6.551837E-01
  2.600063E+00  2.458761E+00 -6.480449E-01
  2.596558E+00  2.448251E+00 -6.425430E-01
  2.594536E+00  2.443773E+00 -6.393699E-01
  2.588504E+00  2.438274E+00 -6.299023E-01
  2.580451E+00  2.429722E+00 -6.172616E-01
  2.579971E+00  2.428785E+00 -6.165077E-01
  2.577438E+00  2.413797E+00 -6.125318E-01
  2.572398E+00  2.401875E+00 -6.046209E-01
  2.568802E+00  2.398809E+00 -5.989752E-01
  2.564345E+00  2.388049E+00 -5.919801E-01
  2.563730E+00  2.383821E+00 -5.910143E-01
  2.564298E+00  2.368833E+00 -5.919061E-01
  2.564345E+00  2.368013E+00 -5.919801E-01
  2.566680E+00  2.353845E+00 -5.956442E-01
  2.572398E+00  2.342482E+00 -6.046209E-01
  2.580451E+00  2.339197E+00 -6.172616E-01
  2.584466E+00  2.338857E+00 -6.235633E-01
  2.588504E+00  2.338543E+00 -6.299023E-01
  2.588723E+00  2.338857E+00 -6.302451E-01
  2.596558E+00  2.349328E+00 -6.425430E-01
  2.600058E+00  2.353845E+00 -6.480369E-01
  2.604611E+00  2.357721E+00 -6.551837E-01
  2.612664E+00  2.368478E+00 -6.678244E-01
  2.612828E+00  2.368833E+00 -6.680829E-01
  2.617846E+00  2.383821E+00 -6.759597E-01
  2.620717E+00  2.388369E+00 -6.804651E-01
  2.628770E+00  2.393753E+00 -6.931059E-01
  2.630563E+00  2.398809E+00 -6.959202E-01
  2.633542E+00  2.413797E+00 -7.005971E-01
  2.636823E+00  2.424748E+00 -7.057466E-01
  2.644876E+00  2.427334E+00 -7.183873E-01
  2.645434E+00  2.428785E+00 -7.192640E-01
  2.648299E+00  2.443773E+00 -7.237609E-01
  2.648598E+00  2.458761E+00 -7.242304E-01
  2.645623E+00  2.473749E+00 -7.195598E-01
  2.644876E+00  2.474678E+00 -7.183873E-01
Slice   =    228 , Freq(kT, average of all copies)              =   0.4593
Orbit # =      0 , Freq(kT, this largest copy used for outline) =   0.4668
Points  =     43
  kx            ky            kz
  7.409535E+00  5.683625E+00 -8.835352E-01
  7.401482E+00  5.683959E+00 -8.708945E-01
  7.393429E+00  5.685747E+00 -8.582538E-01
  7.385406E+00  5.683012E+00 -8.456615E-01
  7.385376E+00  5.682990E+00 -8.456131E-01
  7.379749E+00  5.668025E+00 -8.367810E-01
  7.377323E+00  5.666211E+00 -8.329724E-01
  7.369270E+00  5.661730E+00 -8.203317E-01
  7.363314E+00  5.653037E+00 -8.109833E-01
  7.361217E+00  5.643987E+00 -8.076910E-01
  7.359434E+00  5.638049E+00 -8.048937E-01
  7.353164E+00  5.630912E+00 -7.950503E-01
  7.346588E+00  5.623061E+00 -7.847291E-01
  7.345110E+00  5.618610E+00 -7.824095E-01
  7.343090E+00  5.608073E+00 -7.792385E-01
  7.337334E+00  5.593085E+00 -7.702027E-01
  7.337057E+00  5.592516E+00 -7.697688E-01
  7.329004E+00  5.578781E+00 -7.571281E-01
  7.328848E+00  5.578097E+00 -7.568823E-01
  7.329004E+00  5.570429E+00 -7.571281E-01
  7.329657E+00  5.563109E+00 -7.581518E-01
  7.337057E+00  5.552699E+00 -7.697688E-01
  7.342371E+00  5.548121E+00 -7.781102E-01
  7.345110E+00  5.546465E+00 -7.824095E-01
  7.353164E+00  5.541329E+00 -7.950503E-01
  7.358186E+00  5.548121E+00 -8.029345E-01
  7.361217E+00  5.551208E+00 -8.076910E-01
  7.369270E+00  5.553019E+00 -8.203317E-01
  7.376148E+00  5.563109E+00 -8.311291E-01
  7.377323E+00  5.565486E+00 -8.329724E-01
  7.383257E+00  5.578097E+00 -8.422879E-01
  7.385376E+00  5.580663E+00 -8.456131E-01
  7.393429E+00  5.587403E+00 -8.582538E-01
  7.395659E+00  5.593085E+00 -8.617544E-01
  7.399108E+00  5.608073E+00 -8.671688E-01
  7.401482E+00  5.614729E+00 -8.708945E-01
  7.409535E+00  5.620524E+00 -8.835352E-01
  7.410641E+00  5.623061E+00 -8.852716E-01
  7.413882E+00  5.638049E+00 -8.903595E-01
  7.413673E+00  5.653037E+00 -8.900309E-01
  7.412312E+00  5.668025E+00 -8.878941E-01
  7.409823E+00  5.683012E+00 -8.839885E-01
  7.409535E+00  5.683625E+00 -8.835352E-01
Slice   =    116 , Freq(kT, average of all copies)              =   0.7444
Orbit # =      0 , Freq(kT, this largest copy used for outline) =   0.7515
Points  =     59
  kx            ky            kz
  3.779010E+00  3.701221E+00 -1.182606E+00
  3.770957E+00  3.702606E+00 -1.169966E+00
  3.770676E+00  3.702761E+00 -1.169524E+00
  3.762904E+00  3.706403E+00 -1.157325E+00
  3.754851E+00  3.707432E+00 -1.144684E+00
  3.746798E+00  3.709757E+00 -1.132044E+00
  3.738745E+00  3.711028E+00 -1.119403E+00
  3.730692E+00  3.712423E+00 -1.106762E+00
  3.722639E+00  3.715571E+00 -1.094121E+00
  3.714688E+00  3.717749E+00 -1.081640E+00
  3.714586E+00  3.717774E+00 -1.081481E+00
  3.714542E+00  3.717749E+00 -1.081411E+00
  3.706533E+00  3.713655E+00 -1.068840E+00
  3.698480E+00  3.709958E+00 -1.056199E+00
  3.690427E+00  3.707597E+00 -1.043559E+00
  3.686326E+00  3.702761E+00 -1.037122E+00
  3.686120E+00  3.687773E+00 -1.036798E+00
  3.682374E+00  3.685201E+00 -1.030918E+00
  3.674321E+00  3.676806E+00 -1.018277E+00
  3.672293E+00  3.672786E+00 -1.015094E+00
  3.666268E+00  3.663250E+00 -1.005636E+00
  3.658215E+00  3.659270E+00 -9.929957E-01
  3.657404E+00  3.657798E+00 -9.917226E-01
  3.658215E+00  3.654461E+00 -9.929957E-01
  3.666268E+00  3.644138E+00 -1.005636E+00
  3.666646E+00  3.642810E+00 -1.006230E+00
  3.666268E+00  3.641548E+00 -1.005636E+00
  3.658215E+00  3.634263E+00 -9.929957E-01
  3.650162E+00  3.629809E+00 -9.803550E-01
  3.648963E+00  3.627822E+00 -9.784730E-01
  3.650162E+00  3.626419E+00 -9.803550E-01
  3.658215E+00  3.623557E+00 -9.929957E-01
  3.666268E+00  3.620451E+00 -1.005636E+00
  3.674321E+00  3.615552E+00 -1.018277E+00
  3.676445E+00  3.612834E+00 -1.021611E+00
  3.682374E+00  3.608826E+00 -1.030918E+00
  3.690427E+00  3.607276E+00 -1.043559E+00
  3.698480E+00  3.598261E+00 -1.056199E+00
  3.699059E+00  3.597846E+00 -1.057108E+00
  3.706533E+00  3.591639E+00 -1.068840E+00
  3.714586E+00  3.584541E+00 -1.081481E+00
  3.717693E+00  3.582858E+00 -1.086357E+00
  3.722639E+00  3.581699E+00 -1.094121E+00
  3.729646E+00  3.582858E+00 -1.105120E+00
  3.730434E+00  3.597846E+00 -1.106357E+00
  3.730692E+00  3.598038E+00 -1.106762E+00
  3.738745E+00  3.603686E+00 -1.119403E+00
  3.746798E+00  3.610220E+00 -1.132044E+00
  3.748502E+00  3.612834E+00 -1.134718E+00
  3.754851E+00  3.622883E+00 -1.144684E+00
  3.758943E+00  3.627822E+00 -1.151108E+00
  3.761570E+00  3.642810E+00 -1.155230E+00
  3.762904E+00  3.643972E+00 -1.157325E+00
  3.770957E+00  3.653218E+00 -1.169966E+00
  3.775232E+00  3.657798E+00 -1.176676E+00
  3.773594E+00  3.672786E+00 -1.174104E+00
  3.779010E+00  3.678434E+00 -1.182606E+00
  3.785071E+00  3.687773E+00 -1.192119E+00
  3.779010E+00  3.701221E+00 -1.182606E+00
Theta(deg) =   0.000000 , Phi(deg) =  60.000000 , Number of orbits =     8 , (a.u.^-1) units
Slice   =     20 , Freq(kT, average of all copies)              =   0.2126
Orbit # =      0 , Freq(kT, this largest copy used for outline) =   0.2165
Points  =     29
  kx            ky            kz
 -1.750766E-01  1.781217E+00 -2.708197E+00
 -1.825706E-01  1.774877E+00 -2.695217E+00
 -1.869277E-01  1.768211E+00 -2.687670E+00
 -1.900646E-01  1.764590E+00 -2.682237E+00
 -1.975586E-01  1.757736E+00 -2.669257E+00
 -1.996695E-01  1.753223E+00 -2.665600E+00
 -2.034826E-01  1.738235E+00 -2.658996E+00
 -2.050526E-01  1.735465E+00 -2.656277E+00
 -2.113590E-01  1.723247E+00 -2.645354E+00
 -2.125465E-01  1.719724E+00 -2.643297E+00
 -2.189097E-01  1.708259E+00 -2.632275E+00
 -2.200405E-01  1.698676E+00 -2.630317E+00
 -2.205416E-01  1.693271E+00 -2.629449E+00
 -2.258832E-01  1.678283E+00 -2.620197E+00
 -2.200405E-01  1.671640E+00 -2.630317E+00
 -2.125465E-01  1.668066E+00 -2.643297E+00
 -2.050526E-01  1.674939E+00 -2.656277E+00
 -2.035759E-01  1.678283E+00 -2.658834E+00
 -1.975586E-01  1.686584E+00 -2.669257E+00
 -1.910383E-01  1.693271E+00 -2.680550E+00
 -1.900646E-01  1.695121E+00 -2.682237E+00
 -1.869929E-01  1.708259E+00 -2.687557E+00
 -1.825706E-01  1.718822E+00 -2.695217E+00
 -1.796763E-01  1.723247E+00 -2.700230E+00
 -1.750766E-01  1.730446E+00 -2.708197E+00
 -1.720271E-01  1.738235E+00 -2.713479E+00
 -1.700030E-01  1.753223E+00 -2.716984E+00
 -1.681862E-01  1.768211E+00 -2.720131E+00
 -1.750766E-01  1.781217E+00 -2.708197E+00
Slice   =    215 , Freq(kT, average of all copies)              =   0.3159
Orbit # =      0 , Freq(kT, this largest copy used for outline) =   0.3221
Points  =     39
  kx            ky            kz
  4.178855E+00  3.811611E+00 -6.238333E-01
  4.171361E+00  3.813006E+00 -6.108533E-01
  4.163867E+00  3.817741E+00 -5.978734E-01
  4.156373E+00  3.810139E+00 -5.848934E-01
  4.156203E+00  3.809886E+00 -5.845995E-01
  4.151152E+00  3.794898E+00 -5.758497E-01
  4.148879E+00  3.792310E+00 -5.719135E-01
  4.141385E+00  3.784708E+00 -5.589335E-01
  4.139284E+00  3.779910E+00 -5.552932E-01
  4.133915E+00  3.764922E+00 -5.459949E-01
  4.133891E+00  3.764875E+00 -5.459536E-01
  4.126993E+00  3.749934E+00 -5.340046E-01
  4.126397E+00  3.748666E+00 -5.329736E-01
  4.118903E+00  3.737817E+00 -5.199937E-01
  4.117493E+00  3.734946E+00 -5.175514E-01
  4.115015E+00  3.719958E+00 -5.132592E-01
  4.111409E+00  3.713097E+00 -5.070137E-01
  4.107258E+00  3.704970E+00 -4.998240E-01
  4.105239E+00  3.689983E+00 -4.963258E-01
  4.111409E+00  3.677877E+00 -5.070137E-01
  4.118903E+00  3.675945E+00 -5.199937E-01
  4.126397E+00  3.676396E+00 -5.329736E-01
  4.133891E+00  3.689556E+00 -5.459536E-01
  4.134117E+00  3.689983E+00 -5.463448E-01
  4.141242E+00  3.704970E+00 -5.586855E-01
  4.141385E+00  3.705152E+00 -5.589335E-01
  4.148879E+00  3.716628E+00 -5.719135E-01
  4.150219E+00  3.719958E+00 -5.742346E-01
  4.153923E+00  3.734946E+00 -5.806489E-01
  4.156373E+00  3.740863E+00 -5.848934E-01
  4.163514E+00  3.749934E+00 -5.972625E-01
  4.163867E+00  3.750451E+00 -5.978734E-01
  4.168026E+00  3.764922E+00 -6.050769E-01
  4.170674E+00  3.779910E+00 -6.096629E-01
  4.171361E+00  3.783122E+00 -6.108533E-01
  4.178855E+00  3.794415E+00 -6.238333E-01
  4.179032E+00  3.794898E+00 -6.241395E-01
  4.179535E+00  3.809886E+00 -6.250105E-01
  4.178855E+00  3.811611E+00 -6.238333E-01
Slice   =     75 , Freq(kT, average of all copies)              =   0.3160
Orbit # =      0 , Freq(kT, this largest copy used for outline) =   0.3216
Points  =     41
  kx            ky            kz
  6.218560E-01  5.862170E-01 -6.274475E-01
  6.143620E-01  5.872933E-01 -6.144676E-01
  6.068680E-01  5.877472E-01 -6.014876E-01
  6.052733E-01  5.845303E-01 -5.987255E-01
  5.993741E-01  5.757955E-01 -5.885077E-01
  5.950946E-01  5.695423E-01 -5.810954E-01
  5.918801E-01  5.602303E-01 -5.755277E-01
  5.903345E-01  5.545544E-01 -5.728506E-01
  5.843861E-01  5.481798E-01 -5.625478E-01
  5.807959E-01  5.395664E-01 -5.563294E-01
  5.768921E-01  5.257087E-01 -5.495678E-01
  5.763869E-01  5.245785E-01 -5.486927E-01
  5.698577E-01  5.095905E-01 -5.373839E-01
  5.693982E-01  5.083120E-01 -5.365879E-01
  5.619042E-01  4.948303E-01 -5.236079E-01
  5.618050E-01  4.946025E-01 -5.234362E-01
  5.604436E-01  4.796146E-01 -5.210782E-01
  5.544102E-01  4.677713E-01 -5.106280E-01
  5.527990E-01  4.646266E-01 -5.078372E-01
  5.544102E-01  4.562436E-01 -5.106280E-01
  5.617487E-01  4.496387E-01 -5.233386E-01
  5.619042E-01  4.495368E-01 -5.236079E-01
  5.693982E-01  4.469500E-01 -5.365879E-01
  5.709361E-01  4.496387E-01 -5.392516E-01
  5.768921E-01  4.577777E-01 -5.495678E-01
  5.801657E-01  4.646266E-01 -5.552378E-01
  5.843861E-01  4.701530E-01 -5.625478E-01
  5.918801E-01  4.790328E-01 -5.755277E-01
  5.921426E-01  4.796146E-01 -5.759824E-01
  5.965179E-01  4.946025E-01 -5.835607E-01
  5.993741E-01  5.010314E-01 -5.885077E-01
  6.063833E-01  5.095905E-01 -6.006479E-01
  6.068680E-01  5.102667E-01 -6.014876E-01
  6.121148E-01  5.245785E-01 -6.105752E-01
  6.143620E-01  5.350283E-01 -6.144676E-01
  6.164424E-01  5.395664E-01 -6.180709E-01
  6.218560E-01  5.489018E-01 -6.274475E-01
  6.240347E-01  5.545544E-01 -6.312212E-01
  6.272000E-01  5.695423E-01 -6.367036E-01
  6.226453E-01  5.845303E-01 -6.288147E-01
  6.218560E-01  5.862170E-01 -6.274475E-01
Slice   =    129 , Freq(kT, average of all copies)              =   0.3951
Orbit # =      0 , Freq(kT, this largest copy used for outline) =   0.4021
Points  =     39
  kx            ky            kz
  1.764918E+00  1.896617E+00 -1.264742E+00
  1.757424E+00  1.898091E+00 -1.251762E+00
  1.754523E+00  1.904943E+00 -1.246737E+00
  1.749930E+00  1.912191E+00 -1.238782E+00
  1.742436E+00  1.913958E+00 -1.225802E+00
  1.734942E+00  1.915028E+00 -1.212822E+00
  1.727448E+00  1.914508E+00 -1.199842E+00
  1.720429E+00  1.904943E+00 -1.187684E+00
  1.719954E+00  1.903229E+00 -1.186862E+00
  1.715651E+00  1.889955E+00 -1.179410E+00
  1.712460E+00  1.887111E+00 -1.173882E+00
  1.704966E+00  1.880218E+00 -1.160902E+00
  1.702731E+00  1.874967E+00 -1.157031E+00
  1.701561E+00  1.859979E+00 -1.155004E+00
  1.697472E+00  1.850763E+00 -1.147923E+00
  1.689978E+00  1.846258E+00 -1.134943E+00
  1.689305E+00  1.844991E+00 -1.133776E+00
  1.688658E+00  1.830003E+00 -1.132655E+00
  1.689978E+00  1.816800E+00 -1.134943E+00
  1.690986E+00  1.815015E+00 -1.136688E+00
  1.697472E+00  1.811295E+00 -1.147923E+00
  1.704966E+00  1.804897E+00 -1.160902E+00
  1.710725E+00  1.800027E+00 -1.170878E+00
  1.712460E+00  1.798383E+00 -1.173882E+00
  1.714099E+00  1.800027E+00 -1.176721E+00
  1.719954E+00  1.804944E+00 -1.186862E+00
  1.727448E+00  1.805458E+00 -1.199842E+00
  1.734343E+00  1.815015E+00 -1.211784E+00
  1.734942E+00  1.816434E+00 -1.212822E+00
  1.739534E+00  1.830003E+00 -1.220775E+00
  1.742436E+00  1.834205E+00 -1.225802E+00
  1.749930E+00  1.839506E+00 -1.238782E+00
  1.752001E+00  1.844991E+00 -1.242369E+00
  1.754096E+00  1.859979E+00 -1.245997E+00
  1.757424E+00  1.871617E+00 -1.251762E+00
  1.764918E+00  1.873729E+00 -1.264742E+00
  1.765340E+00  1.874967E+00 -1.265472E+00
  1.766375E+00  1.889955E+00 -1.267265E+00
  1.764918E+00  1.896617E+00 -1.264742E+00
Slice   =    156 , Freq(kT, average of all copies)              =   0.4748
Orbit # =      0 , Freq(kT, this largest copy used for outline) =   0.4821
Points  =     43
  kx            ky            kz
  2.609979E+00  3.315094E+00 -2.747538E+00
  2.602485E+00  3.316577E+00 -2.734558E+00
  2.594991E+00  3.321996E+00 -2.721578E+00
  2.588113E+00  3.313811E+00 -2.709664E+00
  2.587497E+00  3.313512E+00 -2.708598E+00
  2.580003E+00  3.310126E+00 -2.695618E+00
  2.572509E+00  3.306205E+00 -2.682638E+00
  2.567944E+00  3.298823E+00 -2.674732E+00
  2.565015E+00  3.290390E+00 -2.669659E+00
  2.562120E+00  3.283835E+00 -2.664644E+00
  2.557521E+00  3.279551E+00 -2.656679E+00
  2.550027E+00  3.271068E+00 -2.643699E+00
  2.549090E+00  3.268847E+00 -2.642074E+00
  2.546708E+00  3.253859E+00 -2.637950E+00
  2.542533E+00  3.244365E+00 -2.630719E+00
  2.535039E+00  3.239880E+00 -2.617739E+00
  2.534617E+00  3.238871E+00 -2.617007E+00
  2.534071E+00  3.223883E+00 -2.616061E+00
  2.534440E+00  3.208895E+00 -2.616701E+00
  2.535039E+00  3.198112E+00 -2.617739E+00
  2.535757E+00  3.193907E+00 -2.618982E+00
  2.542533E+00  3.181227E+00 -2.630719E+00
  2.546540E+00  3.178919E+00 -2.637659E+00
  2.550027E+00  3.177667E+00 -2.643699E+00
  2.557521E+00  3.176669E+00 -2.656679E+00
  2.558728E+00  3.178919E+00 -2.658769E+00
  2.565015E+00  3.189787E+00 -2.669659E+00
  2.568222E+00  3.193907E+00 -2.675212E+00
  2.572509E+00  3.197647E+00 -2.682638E+00
  2.579578E+00  3.208895E+00 -2.694881E+00
  2.580003E+00  3.209815E+00 -2.695618E+00
  2.584712E+00  3.223883E+00 -2.703773E+00
  2.587497E+00  3.228338E+00 -2.708598E+00
  2.594991E+00  3.234078E+00 -2.721578E+00
  2.596560E+00  3.238871E+00 -2.724295E+00
  2.599618E+00  3.253859E+00 -2.729592E+00
  2.602485E+00  3.263535E+00 -2.734558E+00
  2.609979E+00  3.265580E+00 -2.747538E+00
  2.611122E+00  3.268847E+00 -2.749517E+00
  2.613439E+00  3.283835E+00 -2.753530E+00
  2.614460E+00  3.298823E+00 -2.755299E+00
  2.610960E+00  3.313811E+00 -2.749237E+00
  2.609979E+00  3.315094E+00 -2.747538E+00
Slice   =    136 , Freq(kT, average of all copies)              =   0.4774
Orbit # =      0 , Freq(kT, this largest copy used for outline) =   0.4891
Points  =     43
  kx            ky            kz
  2.357874E+00  3.041557E+00 -2.910398E+00
  2.350730E+00  3.044028E+00 -2.898024E+00
  2.350380E+00  3.044093E+00 -2.897418E+00
  2.342886E+00  3.045836E+00 -2.884438E+00
  2.336405E+00  3.044028E+00 -2.873211E+00
  2.335392E+00  3.042627E+00 -2.871458E+00
  2.332551E+00  3.029040E+00 -2.866537E+00
  2.327898E+00  3.025844E+00 -2.858478E+00
  2.320404E+00  3.019088E+00 -2.845498E+00
  2.317526E+00  3.014052E+00 -2.840512E+00
  2.312910E+00  3.003010E+00 -2.832518E+00
  2.311342E+00  2.999064E+00 -2.829801E+00
  2.305416E+00  2.991444E+00 -2.819538E+00
  2.298939E+00  2.984076E+00 -2.808319E+00
  2.297922E+00  2.980495E+00 -2.806558E+00
  2.296211E+00  2.969088E+00 -2.803594E+00
  2.290428E+00  2.957225E+00 -2.793578E+00
  2.286094E+00  2.954100E+00 -2.786070E+00
  2.282934E+00  2.945156E+00 -2.780598E+00
  2.282239E+00  2.939112E+00 -2.779394E+00
  2.281307E+00  2.924124E+00 -2.777779E+00
  2.277523E+00  2.909136E+00 -2.771226E+00
  2.282934E+00  2.905089E+00 -2.780598E+00
  2.290428E+00  2.908621E+00 -2.793578E+00
  2.297922E+00  2.903699E+00 -2.806558E+00
  2.305416E+00  2.899320E+00 -2.819538E+00
  2.311926E+00  2.909136E+00 -2.830812E+00
  2.312910E+00  2.910505E+00 -2.832518E+00
  2.320404E+00  2.913093E+00 -2.845498E+00
  2.327397E+00  2.924124E+00 -2.857609E+00
  2.327898E+00  2.925184E+00 -2.858478E+00
  2.334006E+00  2.939112E+00 -2.869058E+00
  2.335392E+00  2.940932E+00 -2.871458E+00
  2.342886E+00  2.946721E+00 -2.884438E+00
  2.345559E+00  2.954100E+00 -2.889067E+00
  2.348883E+00  2.969088E+00 -2.894825E+00
  2.350380E+00  2.973776E+00 -2.897418E+00
  2.357874E+00  2.978811E+00 -2.910398E+00
  2.359816E+00  2.984076E+00 -2.913761E+00
  2.362470E+00  2.999064E+00 -2.918357E+00
  2.361874E+00  3.014052E+00 -2.917325E+00
  2.360750E+00  3.029040E+00 -2.915379E+00
  2.357874E+00  3.041557E+00 -2.910398E+00
Slice   =    105 , Freq(kT, average of all copies)              =   0.6322
Orbit # =      0 , Freq(kT, this largest copy used for outline) =   0.6428
Points  =     49
  kx            ky            kz
  1.476422E-01  2.176792E+00 -3.515556E+00
  1.401483E-01  2.180121E+00 -3.502576E+00
  1.326543E-01  2.183150E+00 -3.489596E+00
  1.251603E-01  2.183890E+00 -3.476616E+00
  1.176663E-01  2.184008E+00 -3.463636E+00
  1.101723E-01  2.184369E+00 -3.450657E+00
  1.026784E-01  2.187370E+00 -3.437677E+00
  9.863599E-02  2.189346E+00 -3.430675E+00
  9.518439E-02  2.190767E+00 -3.424697E+00
  9.044252E-02  2.189346E+00 -3.416483E+00
  8.769041E-02  2.187161E+00 -3.411717E+00
  8.019643E-02  2.178741E+00 -3.398737E+00
  7.270245E-02  2.176734E+00 -3.385757E+00
  7.124058E-02  2.174358E+00 -3.383225E+00
  7.270245E-02  2.165904E+00 -3.385757E+00
  7.436375E-02  2.159370E+00 -3.388634E+00
  7.270245E-02  2.157453E+00 -3.385757E+00
  6.520848E-02  2.151794E+00 -3.372777E+00
  5.985154E-02  2.144382E+00 -3.363498E+00
  5.984536E-02  2.129394E+00 -3.363488E+00
  5.771450E-02  2.125637E+00 -3.359797E+00
  5.374952E-02  2.114406E+00 -3.352929E+00
  5.133358E-02  2.099418E+00 -3.348745E+00
  5.771450E-02  2.086914E+00 -3.359797E+00
  5.929260E-02  2.084430E+00 -3.362530E+00
  6.520848E-02  2.081157E+00 -3.372777E+00
  7.270245E-02  2.072574E+00 -3.385757E+00
  7.518337E-02  2.069442E+00 -3.390054E+00
  8.019643E-02  2.063655E+00 -3.398737E+00
  8.769041E-02  2.058931E+00 -3.411717E+00
  9.496281E-02  2.054454E+00 -3.424313E+00
  9.518439E-02  2.054340E+00 -3.424697E+00
  9.557427E-02  2.054454E+00 -3.425372E+00
  1.026784E-01  2.058371E+00 -3.437677E+00
  1.093406E-01  2.069442E+00 -3.449216E+00
  1.101723E-01  2.070361E+00 -3.450657E+00
  1.174427E-01  2.084430E+00 -3.463249E+00
  1.176663E-01  2.084631E+00 -3.463636E+00
  1.251603E-01  2.094192E+00 -3.476616E+00
  1.297389E-01  2.099418E+00 -3.484547E+00
  1.285641E-01  2.114406E+00 -3.482512E+00
  1.326543E-01  2.119159E+00 -3.489596E+00
  1.401483E-01  2.126635E+00 -3.502576E+00
  1.418588E-01  2.129394E+00 -3.505539E+00
  1.413015E-01  2.144382E+00 -3.504574E+00
  1.476422E-01  2.156941E+00 -3.515556E+00
  1.487111E-01  2.159370E+00 -3.517408E+00
  1.497229E-01  2.174358E+00 -3.519160E+00
  1.476422E-01  2.176792E+00 -3.515556E+00
Slice   =    111 , Freq(kT, average of all copies)              =   0.6370
Orbit # =      0 , Freq(kT, this largest copy used for outline) =   0.6484
Points  =     53
  kx            ky            kz
  1.823544E+00  2.029080E+00 -2.182004E+00
  1.816360E+00  2.039098E+00 -2.169561E+00
  1.817912E+00  2.054086E+00 -2.172249E+00
  1.816050E+00  2.056978E+00 -2.169024E+00
  1.808556E+00  2.060072E+00 -2.156044E+00
  1.805112E+00  2.069074E+00 -2.150079E+00
  1.801062E+00  2.075067E+00 -2.143064E+00
  1.793568E+00  2.076324E+00 -2.130084E+00
  1.787638E+00  2.084062E+00 -2.119814E+00
  1.786074E+00  2.085680E+00 -2.117104E+00
  1.783213E+00  2.084062E+00 -2.112149E+00
  1.778580E+00  2.080209E+00 -2.104124E+00
  1.771086E+00  2.074861E+00 -2.091144E+00
  1.763592E+00  2.072874E+00 -2.078164E+00
  1.760944E+00  2.069074E+00 -2.073578E+00
  1.761942E+00  2.054086E+00 -2.075306E+00
  1.756098E+00  2.049285E+00 -2.065184E+00
  1.750104E+00  2.039098E+00 -2.054801E+00
  1.748604E+00  2.033888E+00 -2.052204E+00
  1.741110E+00  2.024251E+00 -2.039225E+00
  1.741027E+00  2.024110E+00 -2.039081E+00
  1.741110E+00  2.021175E+00 -2.039225E+00
  1.741440E+00  2.009122E+00 -2.039796E+00
  1.741110E+00  2.008317E+00 -2.039225E+00
  1.733616E+00  1.999907E+00 -2.026245E+00
  1.730144E+00  1.994134E+00 -2.020231E+00
  1.733508E+00  1.979147E+00 -2.026057E+00
  1.726122E+00  1.970534E+00 -2.013265E+00
  1.723097E+00  1.964159E+00 -2.008025E+00
  1.726122E+00  1.957481E+00 -2.013265E+00
  1.733616E+00  1.954684E+00 -2.026245E+00
  1.741110E+00  1.951380E+00 -2.039225E+00
  1.748604E+00  1.950854E+00 -2.052204E+00
  1.756098E+00  1.949442E+00 -2.065184E+00
  1.763592E+00  1.951089E+00 -2.078164E+00
  1.771086E+00  1.951687E+00 -2.091144E+00
  1.778580E+00  1.952073E+00 -2.104124E+00
  1.786074E+00  1.949826E+00 -2.117104E+00
  1.787929E+00  1.949171E+00 -2.120317E+00
  1.793568E+00  1.948480E+00 -2.130084E+00
  1.794860E+00  1.949171E+00 -2.132321E+00
  1.793568E+00  1.961444E+00 -2.130084E+00
  1.793344E+00  1.964159E+00 -2.129697E+00
  1.793568E+00  1.964379E+00 -2.130084E+00
  1.801062E+00  1.971988E+00 -2.143064E+00
  1.807674E+00  1.979147E+00 -2.154515E+00
  1.808556E+00  1.980748E+00 -2.156044E+00
  1.815222E+00  1.994134E+00 -2.167589E+00
  1.813841E+00  2.009122E+00 -2.165198E+00
  1.816050E+00  2.012403E+00 -2.169024E+00
  1.823544E+00  2.021014E+00 -2.182004E+00
  1.825946E+00  2.024110E+00 -2.186164E+00
  1.823544E+00  2.029080E+00 -2.182004E+00
Theta(deg) =   0.000000 , Phi(deg) =  62.500000 , Number of orbits =    12 , (a.u.^-1) units
Slice   =     99 , Freq(kT, average of all copies)              =   0.2109
Orbit # =      0 , Freq(kT, this largest copy used for outline) =   0.2159
Points  =     33
  kx            ky            kz
  2.817841E+00  3.852737E+00 -2.732782E+00
  2.810920E+00  3.860119E+00 -2.719487E+00
  2.805959E+00  3.852641E+00 -2.709957E+00
  2.804000E+00  3.850814E+00 -2.706193E+00
  2.797547E+00  3.837653E+00 -2.693796E+00
  2.797079E+00  3.836860E+00 -2.692898E+00
  2.790158E+00  3.828538E+00 -2.679604E+00
  2.787631E+00  3.822665E+00 -2.674748E+00
  2.783919E+00  3.807677E+00 -2.667618E+00
  2.783238E+00  3.806263E+00 -2.666309E+00
  2.777902E+00  3.792689E+00 -2.656059E+00
  2.776317E+00  3.787400E+00 -2.653015E+00
  2.769549E+00  3.777701E+00 -2.640013E+00
  2.769396E+00  3.773271E+00 -2.639720E+00
  2.769191E+00  3.762713E+00 -2.639326E+00
  2.768563E+00  3.747725E+00 -2.638120E+00
  2.769396E+00  3.745752E+00 -2.639720E+00
  2.776317E+00  3.742494E+00 -2.653015E+00
  2.782586E+00  3.747725E+00 -2.665057E+00
  2.783238E+00  3.748333E+00 -2.666309E+00
  2.790158E+00  3.757222E+00 -2.679604E+00
  2.794139E+00  3.762713E+00 -2.687250E+00
  2.797079E+00  3.771511E+00 -2.692898E+00
  2.798511E+00  3.777701E+00 -2.695648E+00
  2.804000E+00  3.790439E+00 -2.706193E+00
  2.804924E+00  3.792689E+00 -2.707968E+00
  2.810920E+00  3.803404E+00 -2.719487E+00
  2.812767E+00  3.807677E+00 -2.723034E+00
  2.814956E+00  3.822665E+00 -2.727240E+00
  2.817841E+00  3.836385E+00 -2.732782E+00
  2.818461E+00  3.837653E+00 -2.733972E+00
  2.818038E+00  3.852641E+00 -2.733160E+00
  2.817841E+00  3.852737E+00 -2.732782E+00
Slice   =     11 , Freq(kT, average of all copies)              =   0.3099
Orbit # =      0 , Freq(kT, this largest copy used for outline) =   0.3170
Points  =     43
  kx            ky            kz
 -5.493141E-01  2.144636E+00 -4.434980E+00
 -5.562348E-01  2.145821E+00 -4.421685E+00
 -5.631555E-01  2.155593E+00 -4.408391E+00
 -5.700761E-01  2.143642E+00 -4.395096E+00
 -5.706937E-01  2.142541E+00 -4.393910E+00
 -5.769968E-01  2.127902E+00 -4.381802E+00
 -5.771092E-01  2.127553E+00 -4.381586E+00
 -5.839175E-01  2.119698E+00 -4.368507E+00
 -5.870245E-01  2.112565E+00 -4.362539E+00
 -5.908382E-01  2.099790E+00 -4.355213E+00
 -5.919409E-01  2.097577E+00 -4.353094E+00
 -5.975370E-01  2.082589E+00 -4.342344E+00
 -5.977588E-01  2.082024E+00 -4.341918E+00
 -6.046795E-01  2.071768E+00 -4.328624E+00
 -6.062753E-01  2.067602E+00 -4.325558E+00
 -6.084991E-01  2.052614E+00 -4.321286E+00
 -6.116002E-01  2.044544E+00 -4.315329E+00
 -6.147045E-01  2.037626E+00 -4.309366E+00
 -6.185208E-01  2.024384E+00 -4.302035E+00
 -6.192903E-01  2.022638E+00 -4.300557E+00
 -6.185208E-01  2.019197E+00 -4.302035E+00
 -6.116002E-01  2.008068E+00 -4.315329E+00
 -6.097741E-01  2.007650E+00 -4.318837E+00
 -6.046795E-01  2.006997E+00 -4.328624E+00
 -6.005878E-01  2.007650E+00 -4.336484E+00
 -5.977588E-01  2.008141E+00 -4.341918E+00
 -5.918481E-01  2.022638E+00 -4.353273E+00
 -5.908382E-01  2.024678E+00 -4.355213E+00
 -5.856454E-01  2.037626E+00 -4.365188E+00
 -5.839175E-01  2.040100E+00 -4.368507E+00
 -5.773273E-01  2.052614E+00 -4.381167E+00
 -5.769968E-01  2.053585E+00 -4.381802E+00
 -5.735112E-01  2.067602E+00 -4.388498E+00
 -5.700761E-01  2.076658E+00 -4.395096E+00
 -5.675562E-01  2.082589E+00 -4.399937E+00
 -5.631555E-01  2.090558E+00 -4.408391E+00
 -5.607943E-01  2.097577E+00 -4.412927E+00
 -5.587778E-01  2.112565E+00 -4.416800E+00
 -5.562348E-01  2.123166E+00 -4.421685E+00
 -5.534212E-01  2.127553E+00 -4.427090E+00
 -5.493141E-01  2.139641E+00 -4.434980E+00
 -5.488030E-01  2.142541E+00 -4.435961E+00
 -5.493141E-01  2.144636E+00 -4.434980E+00
Slice   =    212 , Freq(kT, average of all copies)              =   0.3115
Orbit # =      0 , Freq(kT, this largest copy used for outline) =   0.3156
Points  =     39
  kx            ky            kz
  5.020799E+00  3.374190E+00  5.065644E-02
  5.013879E+00  3.371355E+00  6.395092E-02
  5.006958E+00  3.370235E+00  7.724540E-02
  5.000037E+00  3.363128E+00  9.053988E-02
  4.998651E+00  3.359511E+00  9.320385E-02
  4.995199E+00  3.344523E+00  9.983343E-02
  4.993117E+00  3.341794E+00  1.038344E-01
  4.987290E+00  3.329535E+00  1.150272E-01
  4.986196E+00  3.327103E+00  1.171288E-01
  4.980620E+00  3.314547E+00  1.278394E-01
  4.979275E+00  3.308537E+00  1.304233E-01
  4.977358E+00  3.299559E+00  1.341072E-01
  4.972355E+00  3.290124E+00  1.437178E-01
  4.970275E+00  3.284571E+00  1.477129E-01
  4.965626E+00  3.269583E+00  1.566426E-01
  4.965434E+00  3.268524E+00  1.570123E-01
  4.963436E+00  3.254595E+00  1.608505E-01
  4.958513E+00  3.240584E+00  1.703068E-01
  4.958005E+00  3.239608E+00  1.712838E-01
  4.958513E+00  3.238270E+00  1.703068E-01
  4.965434E+00  3.233205E+00  1.570123E-01
  4.972355E+00  3.228764E+00  1.437178E-01
  4.979157E+00  3.239608E+00  1.306500E-01
  4.979275E+00  3.239771E+00  1.304233E-01
  4.986196E+00  3.251021E+00  1.171288E-01
  4.988420E+00  3.254595E+00  1.128575E-01
  4.993117E+00  3.261991E+00  1.038344E-01
  4.995856E+00  3.269583E+00  9.857214E-02
  4.999987E+00  3.284571E+00  9.063705E-02
  5.000037E+00  3.284719E+00  9.053988E-02
  5.006958E+00  3.294141E+00  7.724540E-02
  5.008983E+00  3.299559E+00  7.335478E-02
  5.013260E+00  3.314547E+00  6.513845E-02
  5.013879E+00  3.317971E+00  6.395092E-02
  5.018285E+00  3.329535E+00  5.548582E-02
  5.020799E+00  3.334881E+00  5.065644E-02
  5.024025E+00  3.344523E+00  4.445936E-02
  5.025355E+00  3.359511E+00  4.190447E-02
  5.020799E+00  3.374190E+00  5.065644E-02
Slice   =    209 , Freq(kT, average of all copies)              =   0.4192
Orbit # =      0 , Freq(kT, this largest copy used for outline) =   0.4274
Points  =     41
  kx            ky            kz
  5.008599E+00  3.854365E+00 -2.328348E-02
  5.004552E+00  3.854114E+00 -1.550974E-02
  5.001678E+00  3.853890E+00 -9.988998E-03
  4.999620E+00  3.854114E+00 -6.036613E-03
  4.994757E+00  3.854837E+00  3.305481E-03
  4.987837E+00  3.861034E+00  1.659996E-02
  4.982855E+00  3.854114E+00  2.616960E-02
  4.980916E+00  3.852638E+00  2.989444E-02
  4.973995E+00  3.849305E+00  4.318892E-02
  4.967075E+00  3.844166E+00  5.648340E-02
  4.964961E+00  3.839126E+00  6.054407E-02
  4.961608E+00  3.824138E+00  6.698450E-02
  4.960154E+00  3.821682E+00  6.977788E-02
  4.953233E+00  3.818231E+00  8.307236E-02
  4.947969E+00  3.809150E+00  9.318421E-02
  4.947391E+00  3.794162E+00  9.429433E-02
  4.946313E+00  3.790266E+00  9.636683E-02
  4.939392E+00  3.781715E+00  1.096613E-01
  4.936465E+00  3.779174E+00  1.152834E-01
  4.939392E+00  3.770957E+00  1.096613E-01
  4.941717E+00  3.764186E+00  1.051955E-01
  4.946313E+00  3.757182E+00  9.636683E-02
  4.951529E+00  3.749198E+00  8.634533E-02
  4.953233E+00  3.747069E+00  8.307236E-02
  4.960154E+00  3.742641E+00  6.977788E-02
  4.967075E+00  3.741062E+00  5.648340E-02
  4.973995E+00  3.734476E+00  4.318892E-02
  4.978336E+00  3.749198E+00  3.485060E-02
  4.980916E+00  3.759372E+00  2.989444E-02
  4.987837E+00  3.761855E+00  1.659996E-02
  4.988709E+00  3.764186E+00  1.492442E-02
  4.993750E+00  3.779174E+00  5.240067E-03
  4.994757E+00  3.785195E+00  3.305481E-03
  4.998673E+00  3.794162E+00 -4.216586E-03
  5.001678E+00  3.798041E+00 -9.988998E-03
  5.006769E+00  3.809150E+00 -1.976860E-02
  5.008599E+00  3.817659E+00 -2.328348E-02
  5.009921E+00  3.824138E+00 -2.582472E-02
  5.011326E+00  3.839126E+00 -2.852271E-02
  5.009132E+00  3.854114E+00 -2.430823E-02
  5.008599E+00  3.854365E+00 -2.328348E-02
Slice   =    132 , Freq(kT, average of all copies)              =   0.4908
Orbit # =      0 , Freq(kT, this largest copy used for outline) =   0.4948
Points  =     49
  kx            ky            kz
  3.907949E+00  3.987899E+00 -2.634313E+00
  3.907949E+00  3.987901E+00 -2.634313E+00
  3.906832E+00  4.002889E+00 -2.632167E+00
  3.901028E+00  4.012370E+00 -2.621018E+00
  3.894108E+00  4.015329E+00 -2.607724E+00
  3.890383E+00  4.017877E+00 -2.600568E+00
  3.887187E+00  4.019765E+00 -2.594429E+00
  3.884448E+00  4.017877E+00 -2.589168E+00
  3.880266E+00  4.010753E+00 -2.581135E+00
  3.878635E+00  4.002889E+00 -2.578001E+00
  3.873346E+00  3.996249E+00 -2.567840E+00
  3.866425E+00  3.989521E+00 -2.554546E+00
  3.865578E+00  3.987901E+00 -2.552919E+00
  3.862252E+00  3.972913E+00 -2.546530E+00
  3.859504E+00  3.966800E+00 -2.541251E+00
  3.852584E+00  3.958549E+00 -2.527957E+00
  3.852274E+00  3.957925E+00 -2.527362E+00
  3.847322E+00  3.942937E+00 -2.517850E+00
  3.845663E+00  3.936058E+00 -2.514662E+00
  3.841287E+00  3.927949E+00 -2.506256E+00
  3.838742E+00  3.924060E+00 -2.501368E+00
  3.834456E+00  3.912961E+00 -2.493133E+00
  3.834000E+00  3.897973E+00 -2.492257E+00
  3.831822E+00  3.887449E+00 -2.488073E+00
  3.829266E+00  3.882985E+00 -2.483165E+00
  3.831822E+00  3.880716E+00 -2.488073E+00
  3.837076E+00  3.882985E+00 -2.498168E+00
  3.838742E+00  3.883857E+00 -2.501368E+00
  3.839983E+00  3.882985E+00 -2.503752E+00
  3.845663E+00  3.879918E+00 -2.514662E+00
  3.852584E+00  3.875168E+00 -2.527957E+00
  3.859504E+00  3.877091E+00 -2.541251E+00
  3.864923E+00  3.882985E+00 -2.551660E+00
  3.866425E+00  3.884465E+00 -2.554546E+00
  3.870155E+00  3.882985E+00 -2.561712E+00
  3.873346E+00  3.881887E+00 -2.567840E+00
  3.873751E+00  3.882985E+00 -2.568619E+00
  3.877211E+00  3.897973E+00 -2.575266E+00
  3.880266E+00  3.906336E+00 -2.581135E+00
  3.887187E+00  3.909667E+00 -2.594429E+00
  3.889258E+00  3.912961E+00 -2.598408E+00
  3.893114E+00  3.927949E+00 -2.605815E+00
  3.894108E+00  3.931536E+00 -2.607724E+00
  3.900404E+00  3.942937E+00 -2.619820E+00
  3.901028E+00  3.944109E+00 -2.621018E+00
  3.906983E+00  3.957925E+00 -2.632458E+00
  3.907949E+00  3.967467E+00 -2.634313E+00
  3.908502E+00  3.972913E+00 -2.635375E+00
  3.907949E+00  3.987899E+00 -2.634313E+00
Slice   =     85 , Freq(kT, average of all copies)              =   0.4946
Orbit # =      0 , Freq(kT, this largest copy used for outline) =   0.5017
Points  =     45
  kx            ky            kz
  1.744178E+00  3.316175E+00 -4.195971E+00
  1.737258E+00  3.314820E+00 -4.182676E+00
  1.730337E+00  3.321408E+00 -4.169382E+00
  1.723416E+00  3.322446E+00 -4.156087E+00
  1.716496E+00  3.325989E+00 -4.142793E+00
  1.709575E+00  3.323698E+00 -4.129498E+00
  1.704936E+00  3.312338E+00 -4.120587E+00
  1.702654E+00  3.309673E+00 -4.116204E+00
  1.695734E+00  3.305817E+00 -4.102909E+00
  1.688813E+00  3.299407E+00 -4.089615E+00
  1.687819E+00  3.297350E+00 -4.087705E+00
  1.685303E+00  3.282362E+00 -4.082872E+00
  1.681892E+00  3.276890E+00 -4.076320E+00
  1.674972E+00  3.273408E+00 -4.063026E+00
  1.672211E+00  3.267374E+00 -4.057723E+00
  1.669911E+00  3.252386E+00 -4.053304E+00
  1.668051E+00  3.245975E+00 -4.049731E+00
  1.661130E+00  3.239847E+00 -4.036437E+00
  1.659636E+00  3.237398E+00 -4.033568E+00
  1.657766E+00  3.222410E+00 -4.029975E+00
  1.658406E+00  3.207423E+00 -4.031204E+00
  1.660077E+00  3.192435E+00 -4.034413E+00
  1.661130E+00  3.188816E+00 -4.036437E+00
  1.668051E+00  3.181634E+00 -4.049731E+00
  1.674972E+00  3.180068E+00 -4.063026E+00
  1.681892E+00  3.180655E+00 -4.076320E+00
  1.685565E+00  3.192435E+00 -4.083376E+00
  1.688813E+00  3.198069E+00 -4.089615E+00
  1.695734E+00  3.201850E+00 -4.102909E+00
  1.697597E+00  3.207423E+00 -4.106489E+00
  1.702654E+00  3.221051E+00 -4.116204E+00
  1.703781E+00  3.222410E+00 -4.118369E+00
  1.709575E+00  3.228855E+00 -4.129498E+00
  1.713710E+00  3.237398E+00 -4.137442E+00
  1.716496E+00  3.244697E+00 -4.142793E+00
  1.719129E+00  3.252386E+00 -4.147851E+00
  1.723416E+00  3.260392E+00 -4.156087E+00
  1.730337E+00  3.267100E+00 -4.169382E+00
  1.730417E+00  3.267374E+00 -4.169536E+00
  1.733165E+00  3.282362E+00 -4.174814E+00
  1.735746E+00  3.297350E+00 -4.179773E+00
  1.737258E+00  3.306410E+00 -4.182676E+00
  1.744178E+00  3.303336E+00 -4.195971E+00
  1.744901E+00  3.312338E+00 -4.197360E+00
  1.744178E+00  3.316175E+00 -4.195971E+00
Slice   =    153 , Freq(kT, average of all copies)              =   0.4985
Orbit # =      0 , Freq(kT, this largest copy used for outline) =   0.5088
Points  =     45
  kx            ky            kz
  3.909459E+00  4.428802E+00 -3.629272E+00
  3.902538E+00  4.433637E+00 -3.615978E+00
  3.898071E+00  4.437908E+00 -3.607396E+00
  3.895618E+00  4.439375E+00 -3.602683E+00
  3.888697E+00  4.438476E+00 -3.589389E+00
  3.888281E+00  4.437908E+00 -3.588590E+00
  3.884998E+00  4.422920E+00 -3.582283E+00
  3.881776E+00  4.420044E+00 -3.576094E+00
  3.874856E+00  4.413694E+00 -3.562800E+00
  3.871496E+00  4.407932E+00 -3.556346E+00
  3.867935E+00  4.399435E+00 -3.549505E+00
  3.865882E+00  4.392944E+00 -3.545562E+00
  3.861014E+00  4.384673E+00 -3.536211E+00
  3.854094E+00  4.379007E+00 -3.522916E+00
  3.853598E+00  4.377956E+00 -3.521964E+00
  3.851798E+00  4.362968E+00 -3.518506E+00
  3.847173E+00  4.352751E+00 -3.509622E+00
  3.841273E+00  4.347980E+00 -3.498288E+00
  3.840252E+00  4.345677E+00 -3.496327E+00
  3.838086E+00  4.332992E+00 -3.492167E+00
  3.836422E+00  4.318004E+00 -3.488970E+00
  3.833332E+00  4.308076E+00 -3.483033E+00
  3.830861E+00  4.303016E+00 -3.478286E+00
  3.833332E+00  4.299658E+00 -3.483033E+00
  3.840252E+00  4.294844E+00 -3.496327E+00
  3.847173E+00  4.296144E+00 -3.509622E+00
  3.854094E+00  4.294030E+00 -3.522916E+00
  3.861014E+00  4.290594E+00 -3.536211E+00
  3.867365E+00  4.303016E+00 -3.548411E+00
  3.867935E+00  4.303994E+00 -3.549505E+00
  3.874856E+00  4.304771E+00 -3.562800E+00
  3.880261E+00  4.318004E+00 -3.573182E+00
  3.881776E+00  4.322020E+00 -3.576094E+00
  3.888697E+00  4.332186E+00 -3.589389E+00
  3.889487E+00  4.332992E+00 -3.590907E+00
  3.895618E+00  4.341555E+00 -3.602683E+00
  3.897479E+00  4.347980E+00 -3.606259E+00
  3.901805E+00  4.362968E+00 -3.614569E+00
  3.902538E+00  4.365105E+00 -3.615978E+00
  3.909459E+00  4.372204E+00 -3.629272E+00
  3.911232E+00  4.377956E+00 -3.632678E+00
  3.913064E+00  4.392944E+00 -3.636198E+00
  3.912486E+00  4.407932E+00 -3.635086E+00
  3.911339E+00  4.422920E+00 -3.632884E+00
  3.909459E+00  4.428802E+00 -3.629272E+00
Slice   =     41 , Freq(kT, average of all copies)              =   0.5333
Orbit # =      0 , Freq(kT, this largest copy used for outline) =   0.5333
Points  =     45
  kx            ky            kz
 -1.210189E+00 -5.333934E-02 -2.208463E+00
 -1.217110E+00 -4.543161E-02 -2.195169E+00
 -1.217185E+00 -4.533204E-02 -2.195025E+00
 -1.224031E+00 -3.559367E-02 -2.181874E+00
 -1.230951E+00 -3.332265E-02 -2.168580E+00
 -1.232740E+00 -3.034409E-02 -2.165143E+00
 -1.237872E+00 -1.929942E-02 -2.155285E+00
 -1.244793E+00 -2.463606E-02 -2.141991E+00
 -1.247656E+00 -3.034409E-02 -2.136490E+00
 -1.251713E+00 -3.166258E-02 -2.128696E+00
 -1.258634E+00 -3.792507E-02 -2.115402E+00
 -1.261312E+00 -4.533204E-02 -2.110256E+00
 -1.265555E+00 -5.314234E-02 -2.102107E+00
 -1.271990E+00 -6.032000E-02 -2.089746E+00
 -1.269431E+00 -7.530796E-02 -2.094661E+00
 -1.272475E+00 -7.941857E-02 -2.088813E+00
 -1.279396E+00 -8.791833E-02 -2.075518E+00
 -1.280525E+00 -9.029591E-02 -2.073350E+00
 -1.279396E+00 -1.040945E-01 -2.075518E+00
 -1.279230E+00 -1.052839E-01 -2.075838E+00
 -1.279396E+00 -1.055660E-01 -2.075518E+00
 -1.285557E+00 -1.202718E-01 -2.063683E+00
 -1.279535E+00 -1.352598E-01 -2.075250E+00
 -1.279396E+00 -1.353324E-01 -2.075518E+00
 -1.272475E+00 -1.396233E-01 -2.088813E+00
 -1.265555E+00 -1.442694E-01 -2.102107E+00
 -1.258634E+00 -1.456386E-01 -2.115402E+00
 -1.251713E+00 -1.473696E-01 -2.128696E+00
 -1.246508E+00 -1.502477E-01 -2.138696E+00
 -1.244793E+00 -1.523347E-01 -2.141991E+00
 -1.243012E+00 -1.502477E-01 -2.145411E+00
 -1.237872E+00 -1.470908E-01 -2.155285E+00
 -1.230951E+00 -1.431848E-01 -2.168580E+00
 -1.224031E+00 -1.368899E-01 -2.181874E+00
 -1.223148E+00 -1.352598E-01 -2.183571E+00
 -1.224031E+00 -1.307654E-01 -2.181874E+00
 -1.226756E+00 -1.202718E-01 -2.176639E+00
 -1.224031E+00 -1.161524E-01 -2.181874E+00
 -1.217110E+00 -1.103401E-01 -2.195169E+00
 -1.214312E+00 -1.052839E-01 -2.200543E+00
 -1.213729E+00 -9.029591E-02 -2.201664E+00
 -1.210697E+00 -7.530796E-02 -2.207488E+00
 -1.210189E+00 -7.366398E-02 -2.208463E+00
 -1.205880E+00 -6.032000E-02 -2.216741E+00
 -1.210189E+00 -5.333934E-02 -2.208463E+00
Slice   =     62 , Freq(kT, average of all copies)              =   0.5440
Orbit # =      0 , Freq(kT, this largest copy used for outline) =   0.5548
Points  =     45
  kx            ky            kz
  1.682323E+00  2.310079E+00 -1.200155E+00
  1.675403E+00  2.313909E+00 -1.186861E+00
  1.668482E+00  2.319864E+00 -1.173566E+00
  1.661561E+00  2.318621E+00 -1.160272E+00
  1.654641E+00  2.320584E+00 -1.146977E+00
  1.647720E+00  2.322878E+00 -1.133683E+00
  1.647405E+00  2.323133E+00 -1.133077E+00
  1.640799E+00  2.327483E+00 -1.120389E+00
  1.636748E+00  2.323133E+00 -1.112605E+00
  1.633879E+00  2.318457E+00 -1.107094E+00
  1.626958E+00  2.312408E+00 -1.093800E+00
  1.623932E+00  2.308145E+00 -1.087988E+00
  1.624473E+00  2.293157E+00 -1.089026E+00
  1.620037E+00  2.289115E+00 -1.080505E+00
  1.614001E+00  2.278169E+00 -1.068909E+00
  1.613117E+00  2.268018E+00 -1.067211E+00
  1.611350E+00  2.263181E+00 -1.063816E+00
  1.609292E+00  2.248193E+00 -1.059863E+00
  1.606196E+00  2.236280E+00 -1.053916E+00
  1.602042E+00  2.233205E+00 -1.045936E+00
  1.606196E+00  2.231255E+00 -1.053916E+00
  1.611952E+00  2.218217E+00 -1.064974E+00
  1.613117E+00  2.215135E+00 -1.067211E+00
  1.620037E+00  2.213225E+00 -1.080505E+00
  1.626716E+00  2.203229E+00 -1.093336E+00
  1.626958E+00  2.202643E+00 -1.093800E+00
  1.633879E+00  2.197255E+00 -1.107094E+00
  1.640799E+00  2.191759E+00 -1.120389E+00
  1.647720E+00  2.195727E+00 -1.133683E+00
  1.649627E+00  2.203229E+00 -1.137346E+00
  1.654641E+00  2.209862E+00 -1.146977E+00
  1.659065E+00  2.218217E+00 -1.155476E+00
  1.661561E+00  2.221561E+00 -1.160272E+00
  1.668482E+00  2.232782E+00 -1.173566E+00
  1.668707E+00  2.233205E+00 -1.173998E+00
  1.668482E+00  2.242453E+00 -1.173566E+00
  1.668301E+00  2.248193E+00 -1.173219E+00
  1.668482E+00  2.248466E+00 -1.173566E+00
  1.675403E+00  2.256065E+00 -1.186861E+00
  1.679577E+00  2.263181E+00 -1.194880E+00
  1.678101E+00  2.278169E+00 -1.192045E+00
  1.682323E+00  2.286425E+00 -1.200155E+00
  1.685092E+00  2.293157E+00 -1.205473E+00
  1.683905E+00  2.308145E+00 -1.203195E+00
  1.682323E+00  2.310079E+00 -1.200155E+00
Slice   =     44 , Freq(kT, average of all copies)              =   0.5465
Orbit # =      0 , Freq(kT, this largest copy used for outline) =   0.5552
Points  =     47
  kx            ky            kz
  1.955152E+00  2.317953E+00 -2.584671E+00
  1.953134E+00  2.322397E+00 -2.580795E+00
  1.948231E+00  2.330580E+00 -2.571377E+00
  1.941311E+00  2.333706E+00 -2.558082E+00
  1.939510E+00  2.337385E+00 -2.554623E+00
  1.934390E+00  2.348742E+00 -2.544788E+00
  1.927469E+00  2.349805E+00 -2.531493E+00
  1.923493E+00  2.352373E+00 -2.523855E+00
  1.920549E+00  2.352692E+00 -2.518199E+00
  1.920367E+00  2.352373E+00 -2.517850E+00
  1.918211E+00  2.337385E+00 -2.513708E+00
  1.913628E+00  2.334007E+00 -2.504904E+00
  1.910003E+00  2.322397E+00 -2.497941E+00
  1.906707E+00  2.317125E+00 -2.491610E+00
  1.899787E+00  2.310709E+00 -2.478315E+00
  1.898214E+00  2.307409E+00 -2.475294E+00
  1.899630E+00  2.292421E+00 -2.478014E+00
  1.892866E+00  2.283000E+00 -2.465021E+00
  1.890049E+00  2.277433E+00 -2.459610E+00
  1.885945E+00  2.263536E+00 -2.451726E+00
  1.885445E+00  2.262445E+00 -2.450766E+00
  1.885461E+00  2.247457E+00 -2.450795E+00
  1.879025E+00  2.232994E+00 -2.438432E+00
  1.878804E+00  2.232469E+00 -2.438008E+00
  1.879025E+00  2.232190E+00 -2.438432E+00
  1.885945E+00  2.230448E+00 -2.451726E+00
  1.892866E+00  2.227220E+00 -2.465021E+00
  1.899787E+00  2.224532E+00 -2.478315E+00
  1.906707E+00  2.221681E+00 -2.491610E+00
  1.913628E+00  2.220911E+00 -2.504904E+00
  1.920549E+00  2.220057E+00 -2.518199E+00
  1.925682E+00  2.217481E+00 -2.528060E+00
  1.927469E+00  2.216257E+00 -2.531493E+00
  1.928945E+00  2.217481E+00 -2.534327E+00
  1.934390E+00  2.221079E+00 -2.544788E+00
  1.941311E+00  2.227625E+00 -2.558082E+00
  1.944570E+00  2.232469E+00 -2.564344E+00
  1.943536E+00  2.247457E+00 -2.562357E+00
  1.948231E+00  2.253711E+00 -2.571377E+00
  1.955152E+00  2.258742E+00 -2.584671E+00
  1.956907E+00  2.262445E+00 -2.588043E+00
  1.955152E+00  2.271738E+00 -2.584671E+00
  1.953085E+00  2.277433E+00 -2.580701E+00
  1.955152E+00  2.282287E+00 -2.584671E+00
  1.960030E+00  2.292421E+00 -2.594041E+00
  1.960579E+00  2.307409E+00 -2.595096E+00
  1.955152E+00  2.317953E+00 -2.584671E+00
Slice   =    130 , Freq(kT, average of all copies)              =   0.5745
Orbit # =      0 , Freq(kT, this largest copy used for outline) =   0.5806
Points  =     47
  kx            ky            kz
  4.338971E+00  3.743912E+00 -1.853517E+00
  4.337339E+00  3.747725E+00 -1.850381E+00
  4.332051E+00  3.760323E+00 -1.840223E+00
  4.329283E+00  3.762713E+00 -1.834907E+00
  4.325130E+00  3.766869E+00 -1.826928E+00
  4.318209E+00  3.774378E+00 -1.813634E+00
  4.313454E+00  3.777701E+00 -1.804498E+00
  4.311289E+00  3.778446E+00 -1.800339E+00
  4.304368E+00  3.778539E+00 -1.787045E+00
  4.303905E+00  3.777701E+00 -1.786156E+00
  4.304368E+00  3.772553E+00 -1.787045E+00
  4.306837E+00  3.762713E+00 -1.791788E+00
  4.304368E+00  3.760602E+00 -1.787045E+00
  4.297447E+00  3.755342E+00 -1.773750E+00
  4.294792E+00  3.747725E+00 -1.768649E+00
  4.290527E+00  3.736386E+00 -1.760456E+00
  4.286178E+00  3.732737E+00 -1.752101E+00
  4.287349E+00  3.717749E+00 -1.754351E+00
  4.283606E+00  3.709852E+00 -1.747161E+00
  4.278342E+00  3.702761E+00 -1.737048E+00
  4.278952E+00  3.687773E+00 -1.738220E+00
  4.276685E+00  3.684137E+00 -1.733867E+00
  4.272398E+00  3.672786E+00 -1.725631E+00
  4.271480E+00  3.657798E+00 -1.723868E+00
  4.269765E+00  3.652387E+00 -1.720572E+00
  4.267131E+00  3.642810E+00 -1.715513E+00
  4.269765E+00  3.630073E+00 -1.720572E+00
  4.271449E+00  3.627822E+00 -1.723807E+00
  4.276685E+00  3.624700E+00 -1.733867E+00
  4.283606E+00  3.624399E+00 -1.747161E+00
  4.290527E+00  3.624953E+00 -1.760456E+00
  4.297447E+00  3.627284E+00 -1.773750E+00
  4.298855E+00  3.627822E+00 -1.776454E+00
  4.304368E+00  3.631164E+00 -1.787045E+00
  4.311289E+00  3.638306E+00 -1.800339E+00
  4.315533E+00  3.642810E+00 -1.808492E+00
  4.318209E+00  3.645475E+00 -1.813634E+00
  4.325130E+00  3.652978E+00 -1.826928E+00
  4.329204E+00  3.657798E+00 -1.834754E+00
  4.326770E+00  3.672786E+00 -1.830079E+00
  4.332051E+00  3.681113E+00 -1.840223E+00
  4.337026E+00  3.687773E+00 -1.849780E+00
  4.336158E+00  3.702761E+00 -1.848112E+00
  4.338971E+00  3.713597E+00 -1.853517E+00
  4.340123E+00  3.717749E+00 -1.855729E+00
  4.343464E+00  3.732737E+00 -1.862147E+00
  4.338971E+00  3.743912E+00 -1.853517E+00
Slice   =     68 , Freq(kT, average of all copies)              =   0.5780
Orbit # =      0 , Freq(kT, this largest copy used for outline) =   0.5867
Points  =     51
  kx            ky            kz
 -8.650797E-01  1.052956E+00 -2.547321E+00
 -8.720004E-01  1.059178E+00 -2.534026E+00
 -8.764766E-01  1.064513E+00 -2.525427E+00
 -8.789210E-01  1.065601E+00 -2.520732E+00
 -8.854763E-01  1.064513E+00 -2.508139E+00
 -8.858417E-01  1.064304E+00 -2.507437E+00
 -8.927624E-01  1.058822E+00 -2.494143E+00
 -8.996830E-01  1.055554E+00 -2.480848E+00
 -9.044824E-01  1.049525E+00 -2.471629E+00
 -9.066037E-01  1.047491E+00 -2.467554E+00
 -9.135244E-01  1.043491E+00 -2.454259E+00
 -9.193400E-01  1.034537E+00 -2.443088E+00
 -9.204450E-01  1.029973E+00 -2.440965E+00
 -9.265276E-01  1.019549E+00 -2.429280E+00
 -9.266137E-01  1.004561E+00 -2.429115E+00
 -9.273657E-01  1.002527E+00 -2.427670E+00
 -9.342864E-01  9.953500E-01 -2.414376E+00
 -9.377122E-01  9.895733E-01 -2.407795E+00
 -9.342864E-01  9.754924E-01 -2.414376E+00
 -9.340057E-01  9.745853E-01 -2.414915E+00
 -9.342864E-01  9.737071E-01 -2.414376E+00
 -9.412070E-01  9.606631E-01 -2.401082E+00
 -9.416500E-01  9.595973E-01 -2.400231E+00
 -9.412070E-01  9.570089E-01 -2.401082E+00
 -9.369512E-01  9.446094E-01 -2.409257E+00
 -9.342864E-01  9.318636E-01 -2.414376E+00
 -9.332669E-01  9.296214E-01 -2.416334E+00
 -9.273657E-01  9.224924E-01 -2.427670E+00
 -9.208731E-01  9.146335E-01 -2.440143E+00
 -9.204450E-01  9.143278E-01 -2.440965E+00
 -9.135244E-01  9.088094E-01 -2.454259E+00
 -9.066037E-01  9.102049E-01 -2.467554E+00
 -8.996830E-01  9.137193E-01 -2.480848E+00
 -8.990424E-01  9.146335E-01 -2.482079E+00
 -8.982794E-01  9.296214E-01 -2.483545E+00
 -8.927624E-01  9.359159E-01 -2.494143E+00
 -8.858417E-01  9.444147E-01 -2.507437E+00
 -8.856997E-01  9.446094E-01 -2.507710E+00
 -8.858417E-01  9.459175E-01 -2.507437E+00
 -8.873011E-01  9.595973E-01 -2.504634E+00
 -8.858417E-01  9.633042E-01 -2.507437E+00
 -8.789210E-01  9.743242E-01 -2.520732E+00
 -8.788025E-01  9.745853E-01 -2.520959E+00
 -8.767280E-01  9.895733E-01 -2.524945E+00
 -8.735495E-01  1.004561E+00 -2.531050E+00
 -8.720004E-01  1.009227E+00 -2.534026E+00
 -8.682899E-01  1.019549E+00 -2.541154E+00
 -8.686130E-01  1.034537E+00 -2.540533E+00
 -8.650797E-01  1.044619E+00 -2.547321E+00
 -8.631003E-01  1.049525E+00 -2.551123E+00
 -8.650797E-01  1.052956E+00 -2.547321E+00
Theta(deg) =   0.000000 , Phi(deg) =  65.000000 , Number of orbits =    10 , (a.u.^-1) units
Slice   =    126 , Freq(kT, average of all copies)              =   0.2104
Orbit # =      0 , Freq(kT, this largest copy used for outline) =   0.2147
Points  =     33
  kx            ky            kz
  1.599619E+00  1.635480E+00 -1.642039E+00
  1.593284E+00  1.644065E+00 -1.628456E+00
  1.587405E+00  1.634424E+00 -1.615846E+00
  1.586950E+00  1.633596E+00 -1.614872E+00
  1.580616E+00  1.626875E+00 -1.601288E+00
  1.577004E+00  1.619436E+00 -1.593541E+00
  1.574282E+00  1.610850E+00 -1.587704E+00
  1.572103E+00  1.604448E+00 -1.583032E+00
  1.568391E+00  1.589460E+00 -1.575071E+00
  1.567948E+00  1.588081E+00 -1.574121E+00
  1.561614E+00  1.576842E+00 -1.560537E+00
  1.560713E+00  1.574472E+00 -1.558605E+00
  1.557330E+00  1.559484E+00 -1.551351E+00
  1.555279E+00  1.545321E+00 -1.546953E+00
  1.555170E+00  1.544496E+00 -1.546719E+00
  1.552717E+00  1.529508E+00 -1.541457E+00
  1.555279E+00  1.527171E+00 -1.546953E+00
  1.561614E+00  1.523000E+00 -1.560537E+00
  1.566568E+00  1.529508E+00 -1.571161E+00
  1.567948E+00  1.531121E+00 -1.574121E+00
  1.574282E+00  1.542767E+00 -1.587704E+00
  1.575248E+00  1.544496E+00 -1.589775E+00
  1.580616E+00  1.552423E+00 -1.601288E+00
  1.583045E+00  1.559484E+00 -1.606496E+00
  1.585238E+00  1.574472E+00 -1.611201E+00
  1.586950E+00  1.580300E+00 -1.614872E+00
  1.591854E+00  1.589460E+00 -1.625389E+00
  1.593284E+00  1.593161E+00 -1.628456E+00
  1.596819E+00  1.604448E+00 -1.636035E+00
  1.598664E+00  1.619436E+00 -1.639993E+00
  1.599619E+00  1.631090E+00 -1.642039E+00
  1.599985E+00  1.634424E+00 -1.642824E+00
  1.599619E+00  1.635480E+00 -1.642039E+00
Slice   =    202 , Freq(kT, average of all copies)              =   0.3036
Orbit # =      0 , Freq(kT, this largest copy used for outline) =   0.3091
Points  =     41
  kx            ky            kz
  2.670899E+00  3.963213E+00 -3.356574E+00
  2.664565E+00  3.971212E+00 -3.342990E+00
  2.659514E+00  3.959398E+00 -3.332158E+00
  2.658230E+00  3.958341E+00 -3.329406E+00
  2.651896E+00  3.945616E+00 -3.315823E+00
  2.651497E+00  3.944410E+00 -3.314965E+00
  2.645562E+00  3.935837E+00 -3.302239E+00
  2.643206E+00  3.929422E+00 -3.297185E+00
  2.639228E+00  3.915331E+00 -3.288655E+00
  2.638776E+00  3.914434E+00 -3.287686E+00
  2.633799E+00  3.899446E+00 -3.277013E+00
  2.632894E+00  3.897113E+00 -3.275071E+00
  2.626559E+00  3.885439E+00 -3.261488E+00
  2.626254E+00  3.884458E+00 -3.260832E+00
  2.623506E+00  3.869470E+00 -3.254941E+00
  2.620225E+00  3.857638E+00 -3.247904E+00
  2.619105E+00  3.854482E+00 -3.245502E+00
  2.613891E+00  3.841979E+00 -3.234320E+00
  2.613161E+00  3.839494E+00 -3.232754E+00
  2.613891E+00  3.832235E+00 -3.234320E+00
  2.618092E+00  3.824506E+00 -3.243329E+00
  2.620225E+00  3.821610E+00 -3.247904E+00
  2.626559E+00  3.821187E+00 -3.261488E+00
  2.632894E+00  3.822795E+00 -3.275071E+00
  2.633457E+00  3.824506E+00 -3.276279E+00
  2.639228E+00  3.839440E+00 -3.288655E+00
  2.639250E+00  3.839494E+00 -3.288703E+00
  2.644061E+00  3.854482E+00 -3.299021E+00
  2.645562E+00  3.857206E+00 -3.302239E+00
  2.651896E+00  3.868924E+00 -3.315823E+00
  2.652030E+00  3.869470E+00 -3.316109E+00
  2.655329E+00  3.884458E+00 -3.323184E+00
  2.658230E+00  3.894839E+00 -3.329406E+00
  2.659807E+00  3.899446E+00 -3.332788E+00
  2.664565E+00  3.908597E+00 -3.342990E+00
  2.666304E+00  3.914434E+00 -3.346720E+00
  2.668709E+00  3.929422E+00 -3.351878E+00
  2.670899E+00  3.942211E+00 -3.356574E+00
  2.671641E+00  3.944410E+00 -3.358166E+00
  2.673926E+00  3.959398E+00 -3.363065E+00
  2.670899E+00  3.963213E+00 -3.356574E+00
Slice   =     85 , Freq(kT, average of all copies)              =   0.3072
Orbit # =      0 , Freq(kT, this largest copy used for outline) =   0.3120
Points  =     41
  kx            ky            kz
  1.131366E+00  1.707197E+00 -2.368065E+00
  1.125413E+00  1.708627E+00 -2.355300E+00
  1.125031E+00  1.708689E+00 -2.354481E+00
  1.124686E+00  1.708627E+00 -2.353741E+00
  1.118697E+00  1.707536E+00 -2.340897E+00
  1.112363E+00  1.698984E+00 -2.327314E+00
  1.110063E+00  1.693639E+00 -2.322381E+00
  1.106116E+00  1.678651E+00 -2.313918E+00
  1.106029E+00  1.678538E+00 -2.313730E+00
  1.099695E+00  1.665880E+00 -2.300146E+00
  1.099173E+00  1.663663E+00 -2.299027E+00
  1.093360E+00  1.649630E+00 -2.286563E+00
  1.093044E+00  1.648675E+00 -2.285884E+00
  1.090472E+00  1.633687E+00 -2.280368E+00
  1.087026E+00  1.626078E+00 -2.272979E+00
  1.084307E+00  1.618699E+00 -2.267148E+00
  1.080692E+00  1.606510E+00 -2.259395E+00
  1.079801E+00  1.603711E+00 -2.257484E+00
  1.078385E+00  1.588723E+00 -2.254448E+00
  1.074358E+00  1.576430E+00 -2.245812E+00
  1.073153E+00  1.573735E+00 -2.243227E+00
  1.074358E+00  1.569589E+00 -2.245812E+00
  1.080692E+00  1.564131E+00 -2.259395E+00
  1.087026E+00  1.560629E+00 -2.272979E+00
  1.091404E+00  1.573735E+00 -2.282368E+00
  1.093360E+00  1.577503E+00 -2.286563E+00
  1.099695E+00  1.587004E+00 -2.300146E+00
  1.100298E+00  1.588723E+00 -2.301441E+00
  1.106029E+00  1.601346E+00 -2.313730E+00
  1.106951E+00  1.603711E+00 -2.315707E+00
  1.110363E+00  1.618699E+00 -2.323025E+00
  1.112363E+00  1.624364E+00 -2.327314E+00
  1.118520E+00  1.633687E+00 -2.340517E+00
  1.118697E+00  1.634023E+00 -2.340897E+00
  1.122929E+00  1.648675E+00 -2.349972E+00
  1.125031E+00  1.661574E+00 -2.354481E+00
  1.125905E+00  1.663663E+00 -2.356354E+00
  1.131366E+00  1.674535E+00 -2.368065E+00
  1.132440E+00  1.678651E+00 -2.370369E+00
  1.134301E+00  1.693639E+00 -2.374360E+00
  1.131366E+00  1.707197E+00 -2.368065E+00
Slice   =    194 , Freq(kT, average of all copies)              =   0.4474
Orbit # =      0 , Freq(kT, this largest copy used for outline) =   0.4578
Points  =     45
  kx            ky            kz
  5.287694E+00  4.682379E+00 -2.003499E+00
  5.281360E+00  4.686820E+00 -1.989915E+00
  5.275026E+00  4.692662E+00 -1.976331E+00
  5.274013E+00  4.693439E+00 -1.974161E+00
  5.268691E+00  4.698147E+00 -1.962748E+00
  5.262357E+00  4.698230E+00 -1.949164E+00
  5.256023E+00  4.701330E+00 -1.935580E+00
  5.249689E+00  4.696850E+00 -1.921997E+00
  5.248010E+00  4.693439E+00 -1.918396E+00
  5.245612E+00  4.678451E+00 -1.913253E+00
  5.243355E+00  4.675141E+00 -1.908413E+00
  5.237020E+00  4.672769E+00 -1.894829E+00
  5.232840E+00  4.663463E+00 -1.885864E+00
  5.231141E+00  4.648475E+00 -1.882220E+00
  5.230686E+00  4.647037E+00 -1.881245E+00
  5.224352E+00  4.640306E+00 -1.867662E+00
  5.219577E+00  4.633487E+00 -1.857421E+00
  5.219217E+00  4.618499E+00 -1.856650E+00
  5.218018E+00  4.608539E+00 -1.854078E+00
  5.216171E+00  4.603511E+00 -1.850117E+00
  5.218018E+00  4.592909E+00 -1.854078E+00
  5.219869E+00  4.588524E+00 -1.858047E+00
  5.224352E+00  4.586845E+00 -1.867662E+00
  5.227453E+00  4.588524E+00 -1.874311E+00
  5.230686E+00  4.590681E+00 -1.881245E+00
  5.236280E+00  4.588524E+00 -1.893242E+00
  5.237020E+00  4.588168E+00 -1.894829E+00
  5.243355E+00  4.581657E+00 -1.908413E+00
  5.248117E+00  4.588524E+00 -1.918625E+00
  5.249689E+00  4.590923E+00 -1.921997E+00
  5.254565E+00  4.588524E+00 -1.932454E+00
  5.256023E+00  4.588132E+00 -1.935580E+00
  5.256303E+00  4.588524E+00 -1.936180E+00
  5.260349E+00  4.603511E+00 -1.944857E+00
  5.262357E+00  4.609367E+00 -1.949164E+00
  5.268691E+00  4.616167E+00 -1.962748E+00
  5.270715E+00  4.618499E+00 -1.967088E+00
  5.275026E+00  4.627762E+00 -1.976331E+00
  5.276415E+00  4.633487E+00 -1.979311E+00
  5.280488E+00  4.648475E+00 -1.988045E+00
  5.281360E+00  4.651060E+00 -1.989915E+00
  5.287694E+00  4.657330E+00 -2.003499E+00
  5.288855E+00  4.663463E+00 -2.005988E+00
  5.289008E+00  4.678451E+00 -2.006318E+00
  5.287694E+00  4.682379E+00 -2.003499E+00
Slice   =     82 , Freq(kT, average of all copies)              =   0.4785
Orbit # =      0 , Freq(kT, this largest copy used for outline) =   0.4879
Points  =     43
  kx            ky            kz
  1.337648E+00  2.027802E+00 -2.916832E+00
  1.332193E+00  2.038362E+00 -2.905134E+00
  1.332286E+00  2.053350E+00 -2.905334E+00
  1.331313E+00  2.055233E+00 -2.903248E+00
  1.324979E+00  2.055361E+00 -2.889664E+00
  1.318645E+00  2.065993E+00 -2.876081E+00
  1.312311E+00  2.068133E+00 -2.862497E+00
  1.305977E+00  2.067726E+00 -2.848913E+00
  1.304618E+00  2.068338E+00 -2.846001E+00
  1.299642E+00  2.069442E+00 -2.835330E+00
  1.299128E+00  2.068338E+00 -2.834226E+00
  1.299359E+00  2.053350E+00 -2.834722E+00
  1.293308E+00  2.046248E+00 -2.821746E+00
  1.289955E+00  2.038362E+00 -2.814555E+00
  1.286974E+00  2.027345E+00 -2.808162E+00
  1.285102E+00  2.023374E+00 -2.804147E+00
  1.283475E+00  2.008386E+00 -2.800658E+00
  1.280640E+00  2.002330E+00 -2.794578E+00
  1.276294E+00  1.993398E+00 -2.785258E+00
  1.279858E+00  1.978410E+00 -2.792902E+00
  1.274306E+00  1.970454E+00 -2.780995E+00
  1.271159E+00  1.963422E+00 -2.774245E+00
  1.274306E+00  1.955533E+00 -2.780995E+00
  1.280640E+00  1.950371E+00 -2.794578E+00
  1.282862E+00  1.948434E+00 -2.799343E+00
  1.286974E+00  1.946394E+00 -2.808162E+00
  1.293308E+00  1.943102E+00 -2.821746E+00
  1.299642E+00  1.942815E+00 -2.835330E+00
  1.305977E+00  1.940909E+00 -2.848913E+00
  1.312311E+00  1.942566E+00 -2.862497E+00
  1.318645E+00  1.946418E+00 -2.876081E+00
  1.320185E+00  1.948434E+00 -2.879383E+00
  1.319520E+00  1.963422E+00 -2.877956E+00
  1.324979E+00  1.972095E+00 -2.889664E+00
  1.326713E+00  1.978410E+00 -2.893382E+00
  1.331313E+00  1.990959E+00 -2.903248E+00
  1.332379E+00  1.993398E+00 -2.905533E+00
  1.331313E+00  2.004650E+00 -2.903248E+00
  1.330934E+00  2.008386E+00 -2.902434E+00
  1.331313E+00  2.009304E+00 -2.903248E+00
  1.337648E+00  2.020457E+00 -2.916832E+00
  1.338909E+00  2.023374E+00 -2.919536E+00
  1.337648E+00  2.027802E+00 -2.916832E+00
Slice   =     33 , Freq(kT, average of all copies)              =   0.4851
Orbit # =      0 , Freq(kT, this largest copy used for outline) =   0.4863
Points  =     43
  kx            ky            kz
 -6.753076E-01  6.435489E-01 -2.905825E+00
 -6.753940E-01  6.437457E-01 -2.905640E+00
 -6.767637E-01  6.587337E-01 -2.902702E+00
 -6.816418E-01  6.646085E-01 -2.892241E+00
 -6.879759E-01  6.727948E-01 -2.878658E+00
 -6.888528E-01  6.737217E-01 -2.876777E+00
 -6.943101E-01  6.778836E-01 -2.865074E+00
 -7.003743E-01  6.737217E-01 -2.852069E+00
 -7.006443E-01  6.736180E-01 -2.851490E+00
 -7.010976E-01  6.737217E-01 -2.850518E+00
 -7.069785E-01  6.749103E-01 -2.837907E+00
 -7.079503E-01  6.737217E-01 -2.835823E+00
 -7.100988E-01  6.587337E-01 -2.831215E+00
 -7.133127E-01  6.541453E-01 -2.824323E+00
 -7.195528E-01  6.437457E-01 -2.810941E+00
 -7.196469E-01  6.429586E-01 -2.810739E+00
 -7.224029E-01  6.287578E-01 -2.804829E+00
 -7.258608E-01  6.137698E-01 -2.797413E+00
 -7.259810E-01  6.132022E-01 -2.797156E+00
 -7.323152E-01  6.030597E-01 -2.783572E+00
 -7.337457E-01  5.987819E-01 -2.780504E+00
 -7.323152E-01  5.914011E-01 -2.783572E+00
 -7.294221E-01  5.837939E-01 -2.789776E+00
 -7.323152E-01  5.767656E-01 -2.783572E+00
 -7.370121E-01  5.688060E-01 -2.773499E+00
 -7.323152E-01  5.619658E-01 -2.783572E+00
 -7.259810E-01  5.538269E-01 -2.797156E+00
 -7.259569E-01  5.538180E-01 -2.797207E+00
 -7.196469E-01  5.528649E-01 -2.810739E+00
 -7.133127E-01  5.501979E-01 -2.824323E+00
 -7.069785E-01  5.525875E-01 -2.837907E+00
 -7.006443E-01  5.486281E-01 -2.851490E+00
 -6.943101E-01  5.512808E-01 -2.865074E+00
 -6.912236E-01  5.538180E-01 -2.871693E+00
 -6.879759E-01  5.677674E-01 -2.878658E+00
 -6.878204E-01  5.688060E-01 -2.878991E+00
 -6.831762E-01  5.837939E-01 -2.888951E+00
 -6.816418E-01  5.864701E-01 -2.892241E+00
 -6.753164E-01  5.987819E-01 -2.905806E+00
 -6.782169E-01  6.137698E-01 -2.899586E+00
 -6.753076E-01  6.203934E-01 -2.905825E+00
 -6.693037E-01  6.287578E-01 -2.918700E+00
 -6.753076E-01  6.435489E-01 -2.905825E+00
Slice   =     55 , Freq(kT, average of all copies)              =   0.5178
Orbit # =      0 , Freq(kT, this largest copy used for outline) =   0.5295
Points  =     49
  kx            ky            kz
 -8.822872E-01  1.229112E+00 -3.518055E+00
 -8.886214E-01  1.230675E+00 -3.504471E+00
 -8.949556E-01  1.233204E+00 -3.490887E+00
 -9.012897E-01  1.232290E+00 -3.477304E+00
 -9.076239E-01  1.234137E+00 -3.463720E+00
 -9.139581E-01  1.234289E+00 -3.450136E+00
 -9.162349E-01  1.228644E+00 -3.445254E+00
 -9.202923E-01  1.222514E+00 -3.436553E+00
 -9.266265E-01  1.219314E+00 -3.422969E+00
 -9.329607E-01  1.214178E+00 -3.409385E+00
 -9.332063E-01  1.213656E+00 -3.408858E+00
 -9.360574E-01  1.198668E+00 -3.402744E+00
 -9.392948E-01  1.191938E+00 -3.395802E+00
 -9.456290E-01  1.188830E+00 -3.382218E+00
 -9.483201E-01  1.183680E+00 -3.376447E+00
 -9.507986E-01  1.168692E+00 -3.371132E+00
 -9.519632E-01  1.164658E+00 -3.368634E+00
 -9.582974E-01  1.156472E+00 -3.355050E+00
 -9.606302E-01  1.153704E+00 -3.350048E+00
 -9.626073E-01  1.138716E+00 -3.345808E+00
 -9.626129E-01  1.123729E+00 -3.345796E+00
 -9.616192E-01  1.108741E+00 -3.347927E+00
 -9.582974E-01  1.097408E+00 -3.355050E+00
 -9.556474E-01  1.093753E+00 -3.360733E+00
 -9.519632E-01  1.090511E+00 -3.368634E+00
 -9.456290E-01  1.087917E+00 -3.382218E+00
 -9.392948E-01  1.091758E+00 -3.395802E+00
 -9.386139E-01  1.093753E+00 -3.397262E+00
 -9.329607E-01  1.107360E+00 -3.409385E+00
 -9.317709E-01  1.108741E+00 -3.411937E+00
 -9.266265E-01  1.112613E+00 -3.422969E+00
 -9.229959E-01  1.123729E+00 -3.430755E+00
 -9.202923E-01  1.133867E+00 -3.436553E+00
 -9.149255E-01  1.138716E+00 -3.448062E+00
 -9.139581E-01  1.139454E+00 -3.450136E+00
 -9.092082E-01  1.153704E+00 -3.460323E+00
 -9.076239E-01  1.158798E+00 -3.463720E+00
 -9.030527E-01  1.168692E+00 -3.473523E+00
 -9.012897E-01  1.172006E+00 -3.477304E+00
 -8.949556E-01  1.181080E+00 -3.490887E+00
 -8.943370E-01  1.183680E+00 -3.492214E+00
 -8.918141E-01  1.198668E+00 -3.497624E+00
 -8.890126E-01  1.213656E+00 -3.503632E+00
 -8.886214E-01  1.217032E+00 -3.504471E+00
 -8.870862E-01  1.213656E+00 -3.507763E+00
 -8.822872E-01  1.211786E+00 -3.518055E+00
 -8.819237E-01  1.213656E+00 -3.518834E+00
 -8.821669E-01  1.228644E+00 -3.518313E+00
 -8.822872E-01  1.229112E+00 -3.518055E+00
Slice   =    160 , Freq(kT, average of all copies)              =   0.5200
Orbit # =      0 , Freq(kT, this largest copy used for outline) =   0.5323
Points  =     47
  kx            ky            kz
  2.706638E+00  2.618301E+00 -1.250089E+00
  2.700303E+00  2.621802E+00 -1.236505E+00
  2.697414E+00  2.624733E+00 -1.230308E+00
  2.693969E+00  2.626690E+00 -1.222921E+00
  2.687635E+00  2.625103E+00 -1.209338E+00
  2.687424E+00  2.624733E+00 -1.208885E+00
  2.684551E+00  2.609745E+00 -1.202725E+00
  2.681301E+00  2.606646E+00 -1.195754E+00
  2.674967E+00  2.599130E+00 -1.182170E+00
  2.672882E+00  2.594757E+00 -1.177701E+00
  2.668632E+00  2.585052E+00 -1.168587E+00
  2.666984E+00  2.579769E+00 -1.165051E+00
  2.662298E+00  2.573149E+00 -1.155003E+00
  2.655964E+00  2.565703E+00 -1.141419E+00
  2.655594E+00  2.564781E+00 -1.140626E+00
  2.653442E+00  2.549793E+00 -1.136011E+00
  2.649630E+00  2.543323E+00 -1.127836E+00
  2.643296E+00  2.537440E+00 -1.114252E+00
  2.642152E+00  2.534805E+00 -1.111799E+00
  2.640357E+00  2.519817E+00 -1.107950E+00
  2.636962E+00  2.509257E+00 -1.100668E+00
  2.630627E+00  2.505908E+00 -1.087084E+00
  2.629946E+00  2.504829E+00 -1.085623E+00
  2.630627E+00  2.497235E+00 -1.087084E+00
  2.633032E+00  2.489842E+00 -1.092241E+00
  2.636962E+00  2.483807E+00 -1.100668E+00
  2.643296E+00  2.478215E+00 -1.114252E+00
  2.649630E+00  2.479667E+00 -1.127836E+00
  2.655964E+00  2.479626E+00 -1.141419E+00
  2.662298E+00  2.475663E+00 -1.155003E+00
  2.666903E+00  2.489842E+00 -1.164877E+00
  2.668632E+00  2.493117E+00 -1.168587E+00
  2.674967E+00  2.493561E+00 -1.182170E+00
  2.679572E+00  2.504829E+00 -1.192046E+00
  2.681301E+00  2.510195E+00 -1.195754E+00
  2.686765E+00  2.519817E+00 -1.207472E+00
  2.687635E+00  2.520800E+00 -1.209338E+00
  2.693969E+00  2.528630E+00 -1.222921E+00
  2.695731E+00  2.534805E+00 -1.226700E+00
  2.699481E+00  2.549793E+00 -1.234741E+00
  2.700303E+00  2.552403E+00 -1.236505E+00
  2.706638E+00  2.557761E+00 -1.250089E+00
  2.708679E+00  2.564781E+00 -1.254468E+00
  2.710308E+00  2.579769E+00 -1.257961E+00
  2.709896E+00  2.594757E+00 -1.257076E+00
  2.708906E+00  2.609745E+00 -1.254953E+00
  2.706638E+00  2.618301E+00 -1.250089E+00
Slice   =     93 , Freq(kT, average of all copies)              =   0.5358
Orbit # =      0 , Freq(kT, this largest copy used for outline) =   0.5472
Points  =     47
  kx            ky            kz
  7.025432E-01  1.397091E+00 -2.172598E+00
  6.962090E-01  1.405390E+00 -2.159014E+00
  6.911771E-01  1.409236E+00 -2.148223E+00
  6.898748E-01  1.409795E+00 -2.145430E+00
  6.835406E-01  1.417562E+00 -2.131847E+00
  6.772064E-01  1.409240E+00 -2.118263E+00
  6.708722E-01  1.409453E+00 -2.104679E+00
  6.707670E-01  1.409236E+00 -2.104454E+00
  6.708722E-01  1.407671E+00 -2.104679E+00
  6.727402E-01  1.394248E+00 -2.108685E+00
  6.708722E-01  1.391766E+00 -2.104679E+00
  6.645381E-01  1.383634E+00 -2.091096E+00
  6.630338E-01  1.379260E+00 -2.087870E+00
  6.601301E-01  1.364272E+00 -2.081643E+00
  6.582039E-01  1.353669E+00 -2.077512E+00
  6.577734E-01  1.349284E+00 -2.076589E+00
  6.518697E-01  1.337215E+00 -2.063928E+00
  6.505686E-01  1.334296E+00 -2.061138E+00
  6.516723E-01  1.319308E+00 -2.063505E+00
  6.455355E-01  1.308046E+00 -2.050345E+00
  6.442758E-01  1.304320E+00 -2.047643E+00
  6.450150E-01  1.289332E+00 -2.049228E+00
  6.413396E-01  1.274344E+00 -2.041346E+00
  6.455355E-01  1.261262E+00 -2.050345E+00
  6.486142E-01  1.259356E+00 -2.056947E+00
  6.518697E-01  1.258305E+00 -2.063928E+00
  6.582039E-01  1.258210E+00 -2.077512E+00
  6.620625E-01  1.259356E+00 -2.085787E+00
  6.645381E-01  1.260789E+00 -2.091096E+00
  6.708722E-01  1.266102E+00 -2.104679E+00
  6.772064E-01  1.270924E+00 -2.118263E+00
  6.786999E-01  1.274344E+00 -2.121466E+00
  6.835406E-01  1.280733E+00 -2.131847E+00
  6.898748E-01  1.286389E+00 -2.145430E+00
  6.919535E-01  1.289332E+00 -2.149888E+00
  6.899044E-01  1.304320E+00 -2.145494E+00
  6.962090E-01  1.315106E+00 -2.159014E+00
  6.975074E-01  1.319308E+00 -2.161799E+00
  7.004512E-01  1.334296E+00 -2.168112E+00
  7.012621E-01  1.349284E+00 -2.169851E+00
  7.025432E-01  1.352730E+00 -2.172598E+00
  7.068333E-01  1.364272E+00 -2.181798E+00
  7.025432E-01  1.377739E+00 -2.172598E+00
  7.018388E-01  1.379260E+00 -2.171087E+00
  7.025432E-01  1.384479E+00 -2.172598E+00
  7.046205E-01  1.394248E+00 -2.177053E+00
  7.025432E-01  1.397091E+00 -2.172598E+00
Slice   =     26 , Freq(kT, average of all copies)              =   0.5377
Orbit # =      0 , Freq(kT, this largest copy used for outline) =   0.5466
Points  =     43
  kx            ky            kz
 -9.043250E-01  2.159024E-01 -5.504765E-01
 -9.106427E-01  2.244512E-01 -5.369282E-01
 -9.106592E-01  2.244614E-01 -5.368928E-01
 -9.169934E-01  2.253962E-01 -5.233091E-01
 -9.187016E-01  2.244512E-01 -5.196458E-01
 -9.233276E-01  2.191466E-01 -5.097254E-01
 -9.296618E-01  2.161333E-01 -4.961417E-01
 -9.340702E-01  2.094632E-01 -4.866878E-01
 -9.359959E-01  2.070424E-01 -4.825580E-01
 -9.423301E-01  2.024329E-01 -4.689743E-01
 -9.465606E-01  1.944752E-01 -4.599021E-01
 -9.486643E-01  1.860188E-01 -4.553906E-01
 -9.523528E-01  1.794873E-01 -4.474806E-01
 -9.528416E-01  1.644993E-01 -4.464323E-01
 -9.549985E-01  1.591798E-01 -4.418069E-01
 -9.613110E-01  1.495114E-01 -4.282697E-01
 -9.590439E-01  1.345234E-01 -4.331315E-01
 -9.613327E-01  1.298566E-01 -4.282232E-01
 -9.651316E-01  1.195355E-01 -4.200764E-01
 -9.630449E-01  1.045475E-01 -4.245514E-01
 -9.636572E-01  8.955956E-02 -4.232383E-01
 -9.613327E-01  8.359631E-02 -4.282232E-01
 -9.549985E-01  7.885880E-02 -4.418069E-01
 -9.531041E-01  7.457160E-02 -4.458694E-01
 -9.486643E-01  6.846065E-02 -4.553906E-01
 -9.423301E-01  6.656710E-02 -4.689743E-01
 -9.359959E-01  6.806820E-02 -4.825580E-01
 -9.296618E-01  7.434012E-02 -4.961417E-01
 -9.295484E-01  7.457160E-02 -4.963848E-01
 -9.290867E-01  8.955956E-02 -4.973749E-01
 -9.233276E-01  9.897263E-02 -5.097254E-01
 -9.194283E-01  1.045475E-01 -5.180874E-01
 -9.206273E-01  1.195355E-01 -5.155161E-01
 -9.169934E-01  1.290423E-01 -5.233091E-01
 -9.138276E-01  1.345234E-01 -5.300982E-01
 -9.109574E-01  1.495114E-01 -5.362533E-01
 -9.106592E-01  1.507031E-01 -5.368928E-01
 -9.083359E-01  1.644993E-01 -5.418752E-01
 -9.048253E-01  1.794873E-01 -5.494036E-01
 -9.049920E-01  1.944752E-01 -5.490463E-01
 -9.043250E-01  1.979776E-01 -5.504765E-01
 -8.980974E-01  2.094632E-01 -5.638317E-01
 -9.043250E-01  2.159024E-01 -5.504765E-01
Theta(deg) =   0.000000 , Phi(deg) =  67.500000 , Number of orbits =     9 , (a.u.^-1) units
Slice   =    104 , Freq(kT, average of all copies)              =   0.2107
Orbit # =      0 , Freq(kT, this largest copy used for outline) =   0.2161
Points  =     33
  kx            ky            kz
  5.585592E-01  9.468361E-01 -1.657738E+00
  5.528236E-01  9.484524E-01 -1.643891E+00
  5.511170E-01  9.446094E-01 -1.639771E+00
  5.470879E-01  9.389540E-01 -1.630044E+00
  5.422234E-01  9.296214E-01 -1.618300E+00
  5.413523E-01  9.278617E-01 -1.616197E+00
  5.356167E-01  9.172971E-01 -1.602349E+00
  5.348436E-01  9.146335E-01 -1.600483E+00
  5.325011E-01  8.996455E-01 -1.594828E+00
  5.298810E-01  8.914083E-01 -1.588502E+00
  5.275719E-01  8.846576E-01 -1.582928E+00
  5.241454E-01  8.761211E-01 -1.574655E+00
  5.217866E-01  8.696696E-01 -1.568961E+00
  5.201732E-01  8.546817E-01 -1.565066E+00
  5.184097E-01  8.470595E-01 -1.560808E+00
  5.169977E-01  8.396937E-01 -1.557399E+00
  5.184097E-01  8.298232E-01 -1.560808E+00
  5.241454E-01  8.258032E-01 -1.574655E+00
  5.298810E-01  8.316503E-01 -1.588502E+00
  5.322405E-01  8.396937E-01 -1.594199E+00
  5.356167E-01  8.471636E-01 -1.602349E+00
  5.413523E-01  8.540360E-01 -1.616197E+00
  5.415245E-01  8.546817E-01 -1.616612E+00
  5.445778E-01  8.696696E-01 -1.623984E+00
  5.470879E-01  8.815183E-01 -1.630044E+00
  5.478694E-01  8.846576E-01 -1.631930E+00
  5.528236E-01  8.973074E-01 -1.643891E+00
  5.536261E-01  8.996455E-01 -1.645828E+00
  5.571177E-01  9.146335E-01 -1.654258E+00
  5.585592E-01  9.293175E-01 -1.657738E+00
  5.585951E-01  9.296214E-01 -1.657824E+00
  5.596357E-01  9.446094E-01 -1.660337E+00
  5.585592E-01  9.468361E-01 -1.657738E+00
Slice   =    120 , Freq(kT, average of all copies)              =   0.2987
Orbit # =      0 , Freq(kT, this largest copy used for outline) =   0.3011
Points  =     41
  kx            ky            kz
  2.212205E+00  3.121586E+00 -2.062884E+00
  2.206469E+00  3.131543E+00 -2.049037E+00
  2.200733E+00  3.119776E+00 -2.035190E+00
  2.200497E+00  3.118599E+00 -2.034619E+00
  2.194998E+00  3.109373E+00 -2.021343E+00
  2.192995E+00  3.103611E+00 -2.016509E+00
  2.189262E+00  3.095832E+00 -2.007496E+00
  2.186794E+00  3.088623E+00 -2.001537E+00
  2.183526E+00  3.075808E+00 -1.993648E+00
  2.182704E+00  3.073635E+00 -1.991662E+00
  2.178192E+00  3.058648E+00 -1.980770E+00
  2.177791E+00  3.057305E+00 -1.979801E+00
  2.172055E+00  3.045046E+00 -1.965954E+00
  2.171688E+00  3.043660E+00 -1.965068E+00
  2.169200E+00  3.028672E+00 -1.959060E+00
  2.166319E+00  3.015906E+00 -1.952107E+00
  2.165636E+00  3.013684E+00 -1.950457E+00
  2.160584E+00  3.001728E+00 -1.938260E+00
  2.159821E+00  2.998696E+00 -1.936418E+00
  2.160584E+00  2.989872E+00 -1.938260E+00
  2.164216E+00  2.983708E+00 -1.947030E+00
  2.166319E+00  2.980689E+00 -1.952107E+00
  2.172055E+00  2.980494E+00 -1.965954E+00
  2.177791E+00  2.982747E+00 -1.979801E+00
  2.178034E+00  2.983708E+00 -1.980388E+00
  2.182983E+00  2.998696E+00 -1.992336E+00
  2.183526E+00  3.000023E+00 -1.993648E+00
  2.186799E+00  3.013684E+00 -2.001549E+00
  2.189262E+00  3.018924E+00 -2.007496E+00
  2.193690E+00  3.028672E+00 -2.018185E+00
  2.194998E+00  3.032390E+00 -2.021343E+00
  2.197600E+00  3.043660E+00 -2.027626E+00
  2.200293E+00  3.058648E+00 -2.034125E+00
  2.200733E+00  3.060309E+00 -2.035190E+00
  2.206469E+00  3.071611E+00 -2.049037E+00
  2.206848E+00  3.073635E+00 -2.049952E+00
  2.209691E+00  3.088623E+00 -2.056814E+00
  2.211484E+00  3.103611E+00 -2.061144E+00
  2.212205E+00  3.113489E+00 -2.062884E+00
  2.213103E+00  3.118599E+00 -2.065053E+00
  2.212205E+00  3.121586E+00 -2.062884E+00
Slice   =    112 , Freq(kT, average of all copies)              =   0.3030
Orbit # =      0 , Freq(kT, this largest copy used for outline) =   0.3074
Points  =     41
  kx            ky            kz
  2.101428E+00  2.405556E+00 -2.384921E+00
  2.095692E+00  2.400035E+00 -2.371074E+00
  2.089957E+00  2.403807E+00 -2.357227E+00
  2.087440E+00  2.398441E+00 -2.351151E+00
  2.084221E+00  2.391997E+00 -2.343380E+00
  2.080042E+00  2.383453E+00 -2.333291E+00
  2.078486E+00  2.377200E+00 -2.329533E+00
  2.076843E+00  2.368465E+00 -2.325566E+00
  2.072750E+00  2.360125E+00 -2.315686E+00
  2.070956E+00  2.353477E+00 -2.311356E+00
  2.067014E+00  2.342661E+00 -2.301839E+00
  2.065935E+00  2.338489E+00 -2.299234E+00
  2.063625E+00  2.323501E+00 -2.293656E+00
  2.061279E+00  2.316496E+00 -2.287992E+00
  2.058413E+00  2.308513E+00 -2.281074E+00
  2.055543E+00  2.298619E+00 -2.274145E+00
  2.054128E+00  2.293525E+00 -2.270729E+00
  2.052894E+00  2.278537E+00 -2.267750E+00
  2.049807E+00  2.265989E+00 -2.260298E+00
  2.049118E+00  2.263549E+00 -2.258634E+00
  2.049807E+00  2.260287E+00 -2.260298E+00
  2.055543E+00  2.255241E+00 -2.274145E+00
  2.061279E+00  2.253356E+00 -2.287992E+00
  2.063908E+00  2.263549E+00 -2.294339E+00
  2.067014E+00  2.270898E+00 -2.301839E+00
  2.072083E+00  2.278537E+00 -2.314075E+00
  2.072750E+00  2.279569E+00 -2.315686E+00
  2.077246E+00  2.293525E+00 -2.326540E+00
  2.078486E+00  2.297825E+00 -2.329533E+00
  2.081110E+00  2.308513E+00 -2.335870E+00
  2.084221E+00  2.317122E+00 -2.343380E+00
  2.086502E+00  2.323501E+00 -2.348887E+00
  2.089957E+00  2.332457E+00 -2.357227E+00
  2.091939E+00  2.338489E+00 -2.362013E+00
  2.094587E+00  2.353477E+00 -2.368406E+00
  2.095692E+00  2.358924E+00 -2.371074E+00
  2.100267E+00  2.368465E+00 -2.382117E+00
  2.101428E+00  2.371664E+00 -2.384921E+00
  2.103498E+00  2.383453E+00 -2.389918E+00
  2.102194E+00  2.398441E+00 -2.386771E+00
  2.101428E+00  2.405556E+00 -2.384921E+00
Slice   =    100 , Freq(kT, average of all copies)              =   0.4288
Orbit # =      0 , Freq(kT, this largest copy used for outline) =   0.4387
Points  =     39
  kx            ky            kz
  1.873080E+00  3.169457E+00 -4.612313E+00
  1.867345E+00  3.176789E+00 -4.598466E+00
  1.866962E+00  3.177447E+00 -4.597542E+00
  1.861609E+00  3.189093E+00 -4.584619E+00
  1.856335E+00  3.192435E+00 -4.571887E+00
  1.855873E+00  3.192602E+00 -4.570772E+00
  1.855005E+00  3.192435E+00 -4.568675E+00
  1.850138E+00  3.185505E+00 -4.556925E+00
  1.848936E+00  3.177447E+00 -4.554023E+00
  1.844402E+00  3.166004E+00 -4.543078E+00
  1.843961E+00  3.162459E+00 -4.542012E+00
  1.838667E+00  3.153692E+00 -4.529231E+00
  1.836414E+00  3.147471E+00 -4.523794E+00
  1.837180E+00  3.132483E+00 -4.525643E+00
  1.832931E+00  3.123796E+00 -4.515384E+00
  1.830738E+00  3.117495E+00 -4.510090E+00
  1.828626E+00  3.102507E+00 -4.504990E+00
  1.828169E+00  3.087519E+00 -4.503888E+00
  1.827195E+00  3.077206E+00 -4.501537E+00
  1.825073E+00  3.072531E+00 -4.496414E+00
  1.827195E+00  3.071006E+00 -4.501537E+00
  1.832931E+00  3.065796E+00 -4.515384E+00
  1.838667E+00  3.060880E+00 -4.529231E+00
  1.844402E+00  3.059675E+00 -4.543078E+00
  1.850138E+00  3.060723E+00 -4.556925E+00
  1.855873E+00  3.057794E+00 -4.570772E+00
  1.861609E+00  3.065177E+00 -4.584619E+00
  1.865381E+00  3.072531E+00 -4.593724E+00
  1.864804E+00  3.087519E+00 -4.592332E+00
  1.867345E+00  3.091909E+00 -4.598466E+00
  1.873080E+00  3.099629E+00 -4.612313E+00
  1.873963E+00  3.102507E+00 -4.614444E+00
  1.873080E+00  3.108792E+00 -4.612313E+00
  1.871159E+00  3.117495E+00 -4.607675E+00
  1.873080E+00  3.124439E+00 -4.612313E+00
  1.875719E+00  3.132483E+00 -4.618682E+00
  1.876673E+00  3.147471E+00 -4.620985E+00
  1.874103E+00  3.162459E+00 -4.614782E+00
  1.873080E+00  3.169457E+00 -4.612313E+00
Slice   =     37 , Freq(kT, average of all copies)              =   0.4866
Orbit # =      0 , Freq(kT, this largest copy used for outline) =   0.5032
Points  =     43
  kx            ky            kz
 -9.189067E-01  7.963401E-01 -2.471285E+00
 -9.246424E-01  7.976698E-01 -2.457438E+00
 -9.303780E-01  8.002691E-01 -2.443591E+00
 -9.361136E-01  7.975330E-01 -2.429744E+00
 -9.418493E-01  8.034910E-01 -2.415897E+00
 -9.464552E-01  7.936253E-01 -2.404777E+00
 -9.475849E-01  7.924902E-01 -2.402049E+00
 -9.533206E-01  7.885095E-01 -2.388202E+00
 -9.590562E-01  7.858547E-01 -2.374355E+00
 -9.623729E-01  7.786373E-01 -2.366348E+00
 -9.647919E-01  7.680938E-01 -2.360508E+00
 -9.668491E-01  7.636494E-01 -2.355542E+00
 -9.705275E-01  7.604983E-01 -2.346661E+00
 -9.762631E-01  7.527431E-01 -2.332814E+00
 -9.773376E-01  7.486614E-01 -2.330220E+00
 -9.790692E-01  7.336735E-01 -2.326040E+00
 -9.819988E-01  7.275118E-01 -2.318967E+00
 -9.877344E-01  7.224048E-01 -2.305120E+00
 -9.888171E-01  7.186855E-01 -2.302506E+00
 -9.877344E-01  7.063808E-01 -2.305120E+00
 -9.864602E-01  7.036976E-01 -2.308196E+00
 -9.819988E-01  6.995174E-01 -2.318967E+00
 -9.762631E-01  6.900774E-01 -2.332814E+00
 -9.754001E-01  6.887096E-01 -2.334898E+00
 -9.705275E-01  6.838619E-01 -2.346661E+00
 -9.647919E-01  6.833233E-01 -2.360508E+00
 -9.590562E-01  6.797312E-01 -2.374355E+00
 -9.533206E-01  6.781877E-01 -2.388202E+00
 -9.505178E-01  6.887096E-01 -2.394969E+00
 -9.475849E-01  6.980830E-01 -2.402049E+00
 -9.418493E-01  6.980933E-01 -2.415897E+00
 -9.399137E-01  7.036976E-01 -2.420570E+00
 -9.369007E-01  7.186855E-01 -2.427844E+00
 -9.361136E-01  7.226551E-01 -2.429744E+00
 -9.303780E-01  7.313492E-01 -2.443591E+00
 -9.293329E-01  7.336735E-01 -2.446114E+00
 -9.246424E-01  7.480758E-01 -2.457438E+00
 -9.244866E-01  7.486614E-01 -2.457814E+00
 -9.216676E-01  7.636494E-01 -2.464620E+00
 -9.189067E-01  7.726293E-01 -2.471285E+00
 -9.146151E-01  7.786373E-01 -2.481646E+00
 -9.135641E-01  7.936253E-01 -2.484183E+00
 -9.189067E-01  7.963401E-01 -2.471285E+00
Slice   =     82 , Freq(kT, average of all copies)              =   0.5016
Orbit # =      0 , Freq(kT, this largest copy used for outline) =   0.5104
Points  =     49
  kx            ky            kz
  2.247200E+00  2.371810E+00 -1.879273E+00
  2.241464E+00  2.378660E+00 -1.865426E+00
  2.238986E+00  2.383085E+00 -1.859444E+00
  2.235729E+00  2.387583E+00 -1.851579E+00
  2.229993E+00  2.392235E+00 -1.837732E+00
  2.224257E+00  2.385538E+00 -1.823885E+00
  2.218522E+00  2.384840E+00 -1.810038E+00
  2.217836E+00  2.383085E+00 -1.808382E+00
  2.218522E+00  2.370952E+00 -1.810038E+00
  2.218890E+00  2.368097E+00 -1.810928E+00
  2.218522E+00  2.367511E+00 -1.810038E+00
  2.212786E+00  2.356302E+00 -1.796191E+00
  2.212004E+00  2.353109E+00 -1.794302E+00
  2.208727E+00  2.338121E+00 -1.786392E+00
  2.207779E+00  2.323133E+00 -1.784103E+00
  2.207050E+00  2.319438E+00 -1.782344E+00
  2.201315E+00  2.310567E+00 -1.768497E+00
  2.200501E+00  2.308145E+00 -1.766532E+00
  2.201315E+00  2.298994E+00 -1.768497E+00
  2.202173E+00  2.293157E+00 -1.770570E+00
  2.201315E+00  2.290426E+00 -1.768497E+00
  2.197306E+00  2.278169E+00 -1.758818E+00
  2.196551E+00  2.263181E+00 -1.756995E+00
  2.195579E+00  2.259863E+00 -1.754650E+00
  2.193036E+00  2.248193E+00 -1.748510E+00
  2.195579E+00  2.235387E+00 -1.754650E+00
  2.197960E+00  2.233205E+00 -1.760397E+00
  2.201315E+00  2.231526E+00 -1.768497E+00
  2.207050E+00  2.231509E+00 -1.782344E+00
  2.212519E+00  2.233205E+00 -1.795546E+00
  2.212786E+00  2.233358E+00 -1.796191E+00
  2.218522E+00  2.240512E+00 -1.810038E+00
  2.224257E+00  2.246615E+00 -1.823885E+00
  2.224794E+00  2.248193E+00 -1.825181E+00
  2.229993E+00  2.256415E+00 -1.837732E+00
  2.235478E+00  2.263181E+00 -1.850973E+00
  2.233548E+00  2.278169E+00 -1.846313E+00
  2.235729E+00  2.283546E+00 -1.851579E+00
  2.240119E+00  2.293157E+00 -1.862178E+00
  2.241442E+00  2.308145E+00 -1.865373E+00
  2.241464E+00  2.308301E+00 -1.865426E+00
  2.243242E+00  2.323133E+00 -1.869717E+00
  2.247200E+00  2.337877E+00 -1.879273E+00
  2.247263E+00  2.338121E+00 -1.879426E+00
  2.247200E+00  2.338690E+00 -1.879273E+00
  2.244392E+00  2.353109E+00 -1.872494E+00
  2.247200E+00  2.362911E+00 -1.879273E+00
  2.248854E+00  2.368097E+00 -1.883266E+00
  2.247200E+00  2.371810E+00 -1.879273E+00
Slice   =    198 , Freq(kT, average of all copies)              =   0.5024
Orbit # =      0 , Freq(kT, this largest copy used for outline) =   0.5122
Points  =     47
  kx            ky            kz
  4.071414E+00  4.538926E+00 -2.568584E+00
  4.067561E+00  4.543560E+00 -2.559283E+00
  4.065678E+00  4.544700E+00 -2.554737E+00
  4.059943E+00  4.546961E+00 -2.540890E+00
  4.055547E+00  4.543560E+00 -2.530278E+00
  4.054207E+00  4.541116E+00 -2.527043E+00
  4.048471E+00  4.536839E+00 -2.513196E+00
  4.044020E+00  4.528572E+00 -2.502450E+00
  4.042736E+00  4.526310E+00 -2.499349E+00
  4.037000E+00  4.519839E+00 -2.485502E+00
  4.034398E+00  4.513584E+00 -2.479219E+00
  4.031410E+00  4.498596E+00 -2.472007E+00
  4.031264E+00  4.497948E+00 -2.471655E+00
  4.029334E+00  4.483608E+00 -2.466994E+00
  4.025529E+00  4.474920E+00 -2.457808E+00
  4.023103E+00  4.468620E+00 -2.451952E+00
  4.025362E+00  4.453632E+00 -2.457404E+00
  4.019793E+00  4.439887E+00 -2.443960E+00
  4.019371E+00  4.438644E+00 -2.442941E+00
  4.019793E+00  4.434939E+00 -2.443960E+00
  4.022167E+00  4.423656E+00 -2.449692E+00
  4.019793E+00  4.411840E+00 -2.443960E+00
  4.019326E+00  4.408668E+00 -2.442833E+00
  4.019793E+00  4.406729E+00 -2.443960E+00
  4.025529E+00  4.401281E+00 -2.457808E+00
  4.030038E+00  4.393680E+00 -2.468694E+00
  4.031264E+00  4.392378E+00 -2.471655E+00
  4.037000E+00  4.387749E+00 -2.485502E+00
  4.042736E+00  4.389885E+00 -2.499349E+00
  4.048471E+00  4.392221E+00 -2.513196E+00
  4.049210E+00  4.393680E+00 -2.514979E+00
  4.048646E+00  4.408668E+00 -2.513617E+00
  4.054207E+00  4.418715E+00 -2.527043E+00
  4.056889E+00  4.423656E+00 -2.533519E+00
  4.057021E+00  4.438644E+00 -2.533837E+00
  4.059943E+00  4.448504E+00 -2.540890E+00
  4.061595E+00  4.453632E+00 -2.544880E+00
  4.065049E+00  4.468620E+00 -2.553217E+00
  4.065678E+00  4.474008E+00 -2.554737E+00
  4.066657E+00  4.483608E+00 -2.557100E+00
  4.071414E+00  4.497573E+00 -2.568584E+00
  4.071749E+00  4.498596E+00 -2.569392E+00
  4.071414E+00  4.508458E+00 -2.568584E+00
  4.071126E+00  4.513584E+00 -2.567889E+00
  4.071414E+00  4.514761E+00 -2.568584E+00
  4.075939E+00  4.528572E+00 -2.579508E+00
  4.071414E+00  4.538926E+00 -2.568584E+00
Slice   =    136 , Freq(kT, average of all copies)              =   0.5429
Orbit # =      0 , Freq(kT, this largest copy used for outline) =   0.5549
Points  =     47
  kx            ky            kz
  3.831436E+00  4.011263E+00 -2.661100E+00
  3.825701E+00  4.013338E+00 -2.647253E+00
  3.821263E+00  4.017877E+00 -2.636539E+00
  3.819965E+00  4.019271E+00 -2.633406E+00
  3.814229E+00  4.018308E+00 -2.619558E+00
  3.813846E+00  4.017877E+00 -2.618634E+00
  3.810452E+00  4.002889E+00 -2.610439E+00
  3.808494E+00  3.999554E+00 -2.605711E+00
  3.802758E+00  3.993629E+00 -2.591864E+00
  3.799977E+00  3.987901E+00 -2.585150E+00
  3.797022E+00  3.978289E+00 -2.578017E+00
  3.795634E+00  3.972913E+00 -2.574666E+00
  3.791287E+00  3.964641E+00 -2.564170E+00
  3.785551E+00  3.959000E+00 -2.550323E+00
  3.785140E+00  3.957925E+00 -2.549332E+00
  3.783699E+00  3.942937E+00 -2.545853E+00
  3.779815E+00  3.934496E+00 -2.536476E+00
  3.774080E+00  3.930267E+00 -2.522629E+00
  3.773125E+00  3.927949E+00 -2.520324E+00
  3.771681E+00  3.912961E+00 -2.516837E+00
  3.768344E+00  3.900756E+00 -2.508782E+00
  3.762608E+00  3.898185E+00 -2.494935E+00
  3.762479E+00  3.897973E+00 -2.494623E+00
  3.762608E+00  3.895077E+00 -2.494935E+00
  3.764471E+00  3.882985E+00 -2.499431E+00
  3.768344E+00  3.876568E+00 -2.508782E+00
  3.774080E+00  3.871804E+00 -2.522629E+00
  3.779815E+00  3.872989E+00 -2.536476E+00
  3.785551E+00  3.873114E+00 -2.550323E+00
  3.791287E+00  3.870133E+00 -2.564170E+00
  3.796877E+00  3.882985E+00 -2.577667E+00
  3.797022E+00  3.883277E+00 -2.578017E+00
  3.802758E+00  3.884411E+00 -2.591864E+00
  3.808308E+00  3.897973E+00 -2.605262E+00
  3.808494E+00  3.898437E+00 -2.605711E+00
  3.814229E+00  3.909416E+00 -2.619558E+00
  3.819965E+00  3.912215E+00 -2.633406E+00
  3.820269E+00  3.912961E+00 -2.634140E+00
  3.822979E+00  3.927949E+00 -2.640683E+00
  3.825701E+00  3.938643E+00 -2.647253E+00
  3.831436E+00  3.942709E+00 -2.661100E+00
  3.831555E+00  3.942937E+00 -2.661386E+00
  3.834843E+00  3.957925E+00 -2.669323E+00
  3.835734E+00  3.972913E+00 -2.671476E+00
  3.835543E+00  3.987901E+00 -2.671015E+00
  3.834577E+00  4.002889E+00 -2.668683E+00
  3.831436E+00  4.011263E+00 -2.661100E+00
Slice   =     47 , Freq(kT, average of all copies)              =   0.5433
Orbit # =      0 , Freq(kT, this largest copy used for outline) =   0.5574
Points  =     49
  kx            ky            kz
  6.688632E-01  2.198558E+00 -3.228538E+00
  6.648947E-01  2.202493E+00 -3.218957E+00
  6.631276E-01  2.203081E+00 -3.214691E+00
  6.573919E-01  2.205558E+00 -3.200844E+00
  6.516563E-01  2.205145E+00 -3.186997E+00
  6.459206E-01  2.206488E+00 -3.173150E+00
  6.401850E-01  2.206929E+00 -3.159303E+00
  6.383677E-01  2.202493E+00 -3.154915E+00
  6.344494E-01  2.196682E+00 -3.145456E+00
  6.287137E-01  2.193055E+00 -3.131609E+00
  6.229781E-01  2.189646E+00 -3.117762E+00
  6.219268E-01  2.187505E+00 -3.115224E+00
  6.189171E-01  2.172517E+00 -3.107957E+00
  6.172424E-01  2.168950E+00 -3.103915E+00
  6.115068E-01  2.165362E+00 -3.090068E+00
  6.072178E-01  2.157529E+00 -3.079713E+00
  6.057711E-01  2.148757E+00 -3.076220E+00
  6.046132E-01  2.142541E+00 -3.073425E+00
  6.000355E-01  2.133701E+00 -3.062373E+00
  5.942999E-01  2.128987E+00 -3.048526E+00
  5.938703E-01  2.127553E+00 -3.047489E+00
  5.938700E-01  2.112565E+00 -3.047488E+00
  5.935430E-01  2.097577E+00 -3.046699E+00
  5.942999E-01  2.086377E+00 -3.048526E+00
  5.947850E-01  2.082589E+00 -3.049698E+00
  5.999432E-01  2.067602E+00 -3.062150E+00
  6.000355E-01  2.067416E+00 -3.062373E+00
  6.057711E-01  2.062701E+00 -3.076220E+00
  6.115068E-01  2.058819E+00 -3.090068E+00
  6.172424E-01  2.066631E+00 -3.103915E+00
  6.175876E-01  2.067602E+00 -3.104748E+00
  6.229781E-01  2.079376E+00 -3.117762E+00
  6.279635E-01  2.082589E+00 -3.129798E+00
  6.287137E-01  2.082989E+00 -3.131609E+00
  6.320609E-01  2.097577E+00 -3.139690E+00
  6.344494E-01  2.108345E+00 -3.145456E+00
  6.401850E-01  2.111945E+00 -3.159303E+00
  6.403907E-01  2.112565E+00 -3.159799E+00
  6.440391E-01  2.127553E+00 -3.168607E+00
  6.459206E-01  2.135192E+00 -3.173150E+00
  6.504246E-01  2.142541E+00 -3.184023E+00
  6.516563E-01  2.144546E+00 -3.186997E+00
  6.571857E-01  2.157529E+00 -3.200346E+00
  6.573919E-01  2.158621E+00 -3.200844E+00
  6.599996E-01  2.172517E+00 -3.207140E+00
  6.631276E-01  2.186628E+00 -3.214691E+00
  6.688632E-01  2.183674E+00 -3.228538E+00
  6.694645E-01  2.187505E+00 -3.229990E+00
  6.688632E-01  2.198558E+00 -3.228538E+00
Theta(deg) =   0.000000 , Phi(deg) =  70.000000 , Number of orbits =    12 , (a.u.^-1) units
Slice   =    188 , Freq(kT, average of all copies)              =   0.2109
Orbit # =      0 , Freq(kT, this largest copy used for outline) =   0.2160
Points  =     33
  kx            ky            kz
  3.704174E+00  5.400352E+00 -4.778319E+00
  3.702918E+00  5.397505E+00 -4.774867E+00
  3.699048E+00  5.392547E+00 -4.764235E+00
  3.695848E+00  5.382517E+00 -4.755443E+00
  3.693922E+00  5.378325E+00 -4.750151E+00
  3.689657E+00  5.367529E+00 -4.738432E+00
  3.688796E+00  5.364909E+00 -4.736067E+00
  3.684428E+00  5.352541E+00 -4.724065E+00
  3.683670E+00  5.348813E+00 -4.721983E+00
  3.682215E+00  5.337553E+00 -4.717986E+00
  3.678544E+00  5.322984E+00 -4.707899E+00
  3.678395E+00  5.322565E+00 -4.707490E+00
  3.673417E+00  5.310650E+00 -4.693815E+00
  3.672657E+00  5.307577E+00 -4.691726E+00
  3.672422E+00  5.292589E+00 -4.691080E+00
  3.671939E+00  5.277601E+00 -4.689753E+00
  3.673417E+00  5.272889E+00 -4.693815E+00
  3.678544E+00  5.273167E+00 -4.707899E+00
  3.679981E+00  5.277601E+00 -4.711848E+00
  3.683670E+00  5.285696E+00 -4.721983E+00
  3.688244E+00  5.292589E+00 -4.734551E+00
  3.688796E+00  5.293730E+00 -4.736067E+00
  3.692648E+00  5.307577E+00 -4.746650E+00
  3.693922E+00  5.312110E+00 -4.750151E+00
  3.695757E+00  5.322565E+00 -4.755193E+00
  3.699048E+00  5.334393E+00 -4.764235E+00
  3.699922E+00  5.337553E+00 -4.766636E+00
  3.704174E+00  5.349609E+00 -4.778319E+00
  3.705081E+00  5.352541E+00 -4.780809E+00
  3.706836E+00  5.367529E+00 -4.785632E+00
  3.708558E+00  5.382517E+00 -4.790364E+00
  3.708361E+00  5.397505E+00 -4.789823E+00
  3.704174E+00  5.400352E+00 -4.778319E+00
Slice   =     18 , Freq(kT, average of all copies)              =   0.2713
Orbit # =      0 , Freq(kT, this largest copy used for outline) =   0.2713
Points  =     43
  kx            ky            kz
  1.872483E-01  8.847098E-01 -7.998811E-02
  1.851359E-01  8.839212E-01 -7.418436E-02
  1.821221E-01  8.819782E-01 -6.590404E-02
  1.809451E-01  8.839212E-01 -6.267031E-02
  1.769959E-01  8.868645E-01 -5.181997E-02
  1.718697E-01  8.847770E-01 -3.773590E-02
  1.716522E-01  8.839212E-01 -3.713828E-02
  1.687317E-01  8.689333E-01 -2.911417E-02
  1.667436E-01  8.643184E-01 -2.365183E-02
  1.645190E-01  8.539453E-01 -1.753997E-02
  1.616174E-01  8.480032E-01 -9.567756E-03
  1.585864E-01  8.389573E-01 -1.240195E-03
  1.564912E-01  8.306172E-01  4.516315E-03
  1.546560E-01  8.239694E-01  9.558443E-03
  1.521174E-01  8.089814E-01  1.653327E-02
  1.513650E-01  8.064861E-01  1.860039E-02
  1.472771E-01  7.939935E-01  2.983193E-02
  1.462388E-01  7.887864E-01  3.268446E-02
  1.429574E-01  7.790055E-01  4.170014E-02
  1.421125E-01  7.640176E-01  4.402145E-02
  1.411126E-01  7.519129E-01  4.676853E-02
  1.407648E-01  7.490296E-01  4.772410E-02
  1.411126E-01  7.475326E-01  4.676853E-02
  1.462388E-01  7.480064E-01  3.268446E-02
  1.513650E-01  7.434432E-01  1.860039E-02
  1.525484E-01  7.490296E-01  1.534900E-02
  1.564912E-01  7.576051E-01  4.516315E-03
  1.593241E-01  7.640176E-01 -3.267025E-03
  1.616174E-01  7.678837E-01 -9.567756E-03
  1.638962E-01  7.790055E-01 -1.582867E-02
  1.666284E-01  7.939935E-01 -2.333557E-02
  1.667436E-01  7.944268E-01 -2.365183E-02
  1.709563E-01  8.089814E-01 -3.522612E-02
  1.718697E-01  8.117147E-01 -3.773590E-02
  1.752555E-01  8.239694E-01 -4.703831E-02
  1.769959E-01  8.325772E-01 -5.181997E-02
  1.782634E-01  8.389573E-01 -5.530244E-02
  1.803880E-01  8.539453E-01 -6.113961E-02
  1.821221E-01  8.622261E-01 -6.590404E-02
  1.846701E-01  8.689333E-01 -7.290467E-02
  1.872483E-01  8.825194E-01 -7.998811E-02
  1.873898E-01  8.839212E-01 -8.037704E-02
  1.872483E-01  8.847098E-01 -7.998811E-02
Slice   =      3 , Freq(kT, average of all copies)              =   0.2950
Orbit # =      0 , Freq(kT, this largest copy used for outline) =   0.3007
Points  =     43
  kx            ky            kz
 -6.742370E-01  1.737754E+00 -3.472689E+00
 -6.793632E-01  1.741213E+00 -3.458605E+00
 -6.806766E-01  1.737498E+00 -3.454997E+00
 -6.844894E-01  1.732540E+00 -3.444521E+00
 -6.877950E-01  1.722510E+00 -3.435439E+00
 -6.896156E-01  1.719112E+00 -3.430437E+00
 -6.944979E-01  1.707522E+00 -3.417023E+00
 -6.947417E-01  1.706816E+00 -3.416353E+00
 -6.998679E-01  1.692617E+00 -3.402269E+00
 -6.998895E-01  1.692534E+00 -3.402210E+00
 -7.021945E-01  1.677547E+00 -3.395877E+00
 -7.049941E-01  1.669001E+00 -3.388185E+00
 -7.069491E-01  1.662559E+00 -3.382813E+00
 -7.101203E-01  1.653426E+00 -3.374101E+00
 -7.115585E-01  1.647571E+00 -3.370149E+00
 -7.134785E-01  1.632583E+00 -3.364874E+00
 -7.152465E-01  1.625168E+00 -3.360017E+00
 -7.175138E-01  1.617595E+00 -3.353787E+00
 -7.203727E-01  1.606670E+00 -3.345933E+00
 -7.213160E-01  1.602607E+00 -3.343341E+00
 -7.203727E-01  1.594177E+00 -3.345933E+00
 -7.156403E-01  1.587619E+00 -3.358934E+00
 -7.152465E-01  1.587161E+00 -3.360017E+00
 -7.101203E-01  1.587595E+00 -3.374101E+00
 -7.100953E-01  1.587619E+00 -3.374169E+00
 -7.049941E-01  1.592224E+00 -3.388185E+00
 -7.022545E-01  1.602607E+00 -3.395712E+00
 -6.998679E-01  1.613638E+00 -3.402269E+00
 -6.989149E-01  1.617595E+00 -3.404887E+00
 -6.947417E-01  1.627477E+00 -3.416353E+00
 -6.936519E-01  1.632583E+00 -3.419347E+00
 -6.896156E-01  1.645187E+00 -3.430437E+00
 -6.890289E-01  1.647571E+00 -3.432049E+00
 -6.865212E-01  1.662559E+00 -3.438939E+00
 -6.844894E-01  1.671268E+00 -3.444521E+00
 -6.828327E-01  1.677547E+00 -3.449073E+00
 -6.793632E-01  1.687373E+00 -3.458605E+00
 -6.781691E-01  1.692534E+00 -3.461886E+00
 -6.761241E-01  1.707522E+00 -3.467504E+00
 -6.752774E-01  1.722510E+00 -3.469831E+00
 -6.742370E-01  1.736367E+00 -3.472689E+00
 -6.740475E-01  1.737498E+00 -3.473210E+00
 -6.742370E-01  1.737754E+00 -3.472689E+00
Slice   =    167 , Freq(kT, average of all copies)              =   0.3001
Orbit # =      0 , Freq(kT, this largest copy used for outline) =   0.3053
Points  =     41
  kx            ky            kz
  3.070081E+00  3.519427E+00 -3.404116E+00
  3.064955E+00  3.519698E+00 -3.390032E+00
  3.059829E+00  3.515545E+00 -3.375948E+00
  3.054702E+00  3.510813E+00 -3.361864E+00
  3.054097E+00  3.508286E+00 -3.360202E+00
  3.049576E+00  3.494316E+00 -3.347779E+00
  3.049303E+00  3.493298E+00 -3.347029E+00
  3.046600E+00  3.478310E+00 -3.339602E+00
  3.044450E+00  3.473479E+00 -3.333695E+00
  3.041502E+00  3.463322E+00 -3.325595E+00
  3.039324E+00  3.455799E+00 -3.319611E+00
  3.037626E+00  3.448334E+00 -3.314946E+00
  3.035370E+00  3.433346E+00 -3.308749E+00
  3.034198E+00  3.429253E+00 -3.305527E+00
  3.030927E+00  3.418358E+00 -3.296542E+00
  3.029071E+00  3.410661E+00 -3.291443E+00
  3.027120E+00  3.403370E+00 -3.286081E+00
  3.025892E+00  3.388383E+00 -3.282709E+00
  3.023945E+00  3.374835E+00 -3.277359E+00
  3.023749E+00  3.373395E+00 -3.276820E+00
  3.023945E+00  3.372192E+00 -3.277359E+00
  3.029071E+00  3.367786E+00 -3.291443E+00
  3.034198E+00  3.368810E+00 -3.305527E+00
  3.035113E+00  3.373395E+00 -3.308041E+00
  3.039324E+00  3.383441E+00 -3.319611E+00
  3.041922E+00  3.388383E+00 -3.326748E+00
  3.044450E+00  3.393140E+00 -3.333695E+00
  3.046977E+00  3.403370E+00 -3.340638E+00
  3.049576E+00  3.418193E+00 -3.347779E+00
  3.049619E+00  3.418358E+00 -3.347897E+00
  3.054702E+00  3.432209E+00 -3.361864E+00
  3.054982E+00  3.433346E+00 -3.362633E+00
  3.059744E+00  3.448334E+00 -3.375716E+00
  3.059829E+00  3.448722E+00 -3.375948E+00
  3.062781E+00  3.463322E+00 -3.384060E+00
  3.064955E+00  3.475293E+00 -3.390032E+00
  3.065945E+00  3.478310E+00 -3.392752E+00
  3.070081E+00  3.488862E+00 -3.404116E+00
  3.070944E+00  3.493298E+00 -3.406487E+00
  3.071618E+00  3.508286E+00 -3.408340E+00
  3.070081E+00  3.519427E+00 -3.404116E+00
Slice   =    103 , Freq(kT, average of all copies)              =   0.3897
Orbit # =      0 , Freq(kT, this largest copy used for outline) =   0.3999
Points  =     35
  kx            ky            kz
  2.137943E+00  3.849131E+00 -3.923839E+00
  2.135550E+00  3.852273E+00 -3.917263E+00
  2.132817E+00  3.856772E+00 -3.909755E+00
  2.127691E+00  3.861965E+00 -3.895671E+00
  2.122565E+00  3.862013E+00 -3.881587E+00
  2.117438E+00  3.859209E+00 -3.867503E+00
  2.113006E+00  3.852273E+00 -3.855325E+00
  2.112312E+00  3.847487E+00 -3.853419E+00
  2.110590E+00  3.837285E+00 -3.848686E+00
  2.108108E+00  3.822297E+00 -3.841867E+00
  2.107186E+00  3.817944E+00 -3.839335E+00
  2.102837E+00  3.807309E+00 -3.827386E+00
  2.104554E+00  3.792321E+00 -3.832103E+00
  2.102060E+00  3.784493E+00 -3.825251E+00
  2.099486E+00  3.777333E+00 -3.818178E+00
  2.102060E+00  3.763102E+00 -3.825251E+00
  2.102230E+00  3.762345E+00 -3.825719E+00
  2.103716E+00  3.747357E+00 -3.829800E+00
  2.107186E+00  3.738147E+00 -3.839335E+00
  2.109811E+00  3.732369E+00 -3.846547E+00
  2.112312E+00  3.730405E+00 -3.853419E+00
  2.117438E+00  3.728082E+00 -3.867503E+00
  2.122565E+00  3.728731E+00 -3.881587E+00
  2.124204E+00  3.732369E+00 -3.886091E+00
  2.124172E+00  3.747357E+00 -3.886004E+00
  2.127691E+00  3.754498E+00 -3.895671E+00
  2.132466E+00  3.762345E+00 -3.908791E+00
  2.131728E+00  3.777333E+00 -3.906764E+00
  2.132817E+00  3.780602E+00 -3.909755E+00
  2.135751E+00  3.792321E+00 -3.917816E+00
  2.137943E+00  3.803434E+00 -3.923839E+00
  2.138756E+00  3.807309E+00 -3.926072E+00
  2.138537E+00  3.822297E+00 -3.925470E+00
  2.142671E+00  3.837285E+00 -3.936829E+00
  2.137943E+00  3.849131E+00 -3.923839E+00
Slice   =    110 , Freq(kT, average of all copies)              =   0.4560
Orbit # =      0 , Freq(kT, this largest copy used for outline) =   0.4560
Points  =     43
  kx            ky            kz
  1.176213E+00  3.570843E+00 -4.972430E+00
  1.171087E+00  3.573558E+00 -4.958345E+00
  1.165961E+00  3.573795E+00 -4.944261E+00
  1.160834E+00  3.573066E+00 -4.930177E+00
  1.156600E+00  3.567502E+00 -4.918543E+00
  1.155708E+00  3.565593E+00 -4.916093E+00
  1.150582E+00  3.559172E+00 -4.902009E+00
  1.148451E+00  3.552514E+00 -4.896155E+00
  1.145456E+00  3.545966E+00 -4.887925E+00
  1.142215E+00  3.537526E+00 -4.879021E+00
  1.141159E+00  3.522538E+00 -4.876121E+00
  1.140330E+00  3.520045E+00 -4.873841E+00
  1.137412E+00  3.507550E+00 -4.865824E+00
  1.135203E+00  3.496697E+00 -4.859757E+00
  1.134125E+00  3.492562E+00 -4.856794E+00
  1.135203E+00  3.481293E+00 -4.859757E+00
  1.135514E+00  3.477574E+00 -4.860611E+00
  1.135203E+00  3.475367E+00 -4.859757E+00
  1.130077E+00  3.462737E+00 -4.845673E+00
  1.130036E+00  3.462586E+00 -4.845561E+00
  1.130077E+00  3.462341E+00 -4.845673E+00
  1.133726E+00  3.447598E+00 -4.855699E+00
  1.135203E+00  3.436057E+00 -4.859757E+00
  1.140330E+00  3.433101E+00 -4.873841E+00
  1.140795E+00  3.432610E+00 -4.875120E+00
  1.145456E+00  3.422731E+00 -4.887925E+00
  1.150582E+00  3.422859E+00 -4.902009E+00
  1.152099E+00  3.432610E+00 -4.906177E+00
  1.155708E+00  3.440024E+00 -4.916093E+00
  1.159267E+00  3.447598E+00 -4.925872E+00
  1.160834E+00  3.456968E+00 -4.930177E+00
  1.161543E+00  3.462586E+00 -4.932123E+00
  1.164442E+00  3.477574E+00 -4.940090E+00
  1.165961E+00  3.481468E+00 -4.944261E+00
  1.169098E+00  3.492562E+00 -4.952881E+00
  1.168974E+00  3.507550E+00 -4.952542E+00
  1.171087E+00  3.514361E+00 -4.958345E+00
  1.174384E+00  3.522538E+00 -4.967406E+00
  1.174435E+00  3.537526E+00 -4.967545E+00
  1.176213E+00  3.545388E+00 -4.972430E+00
  1.177754E+00  3.552514E+00 -4.976662E+00
  1.177735E+00  3.567502E+00 -4.976611E+00
  1.176213E+00  3.570843E+00 -4.972430E+00
Slice   =     77 , Freq(kT, average of all copies)              =   0.4704
Orbit # =      0 , Freq(kT, this largest copy used for outline) =   0.4796
Points  =     43
  kx            ky            kz
 -3.851641E-01  7.118917E-01 -2.194474E+00
 -3.902903E-01  7.155444E-01 -2.180390E+00
 -3.930459E-01  7.194219E-01 -2.172819E+00
 -3.954165E-01  7.228786E-01 -2.166306E+00
 -4.005426E-01  7.218927E-01 -2.152222E+00
 -4.056688E-01  7.224813E-01 -2.138138E+00
 -4.065652E-01  7.194219E-01 -2.135675E+00
 -4.063110E-01  7.044339E-01 -2.136374E+00
 -4.107950E-01  6.916389E-01 -2.124054E+00
 -4.110393E-01  6.894460E-01 -2.123383E+00
 -4.159212E-01  6.767197E-01 -2.109970E+00
 -4.166182E-01  6.744580E-01 -2.108055E+00
 -4.159212E-01  6.626258E-01 -2.109970E+00
 -4.157005E-01  6.594701E-01 -2.110576E+00
 -4.159212E-01  6.585069E-01 -2.109970E+00
 -4.205090E-01  6.444821E-01 -2.097365E+00
 -4.210474E-01  6.316821E-01 -2.095886E+00
 -4.212308E-01  6.294941E-01 -2.095382E+00
 -4.245195E-01  6.145062E-01 -2.086347E+00
 -4.261736E-01  6.041252E-01 -2.081802E+00
 -4.274001E-01  5.995182E-01 -2.078432E+00
 -4.276721E-01  5.845303E-01 -2.077685E+00
 -4.309464E-01  5.695423E-01 -2.068689E+00
 -4.261736E-01  5.638247E-01 -2.081802E+00
 -4.210474E-01  5.628011E-01 -2.095886E+00
 -4.159212E-01  5.639649E-01 -2.109970E+00
 -4.107950E-01  5.674510E-01 -2.124054E+00
 -4.090928E-01  5.695423E-01 -2.128731E+00
 -4.056688E-01  5.750311E-01 -2.138138E+00
 -4.005426E-01  5.830380E-01 -2.152222E+00
 -4.000386E-01  5.845303E-01 -2.153607E+00
 -3.954165E-01  5.969785E-01 -2.166306E+00
 -3.944944E-01  5.995182E-01 -2.168840E+00
 -3.939866E-01  6.145062E-01 -2.170235E+00
 -3.902903E-01  6.237047E-01 -2.180390E+00
 -3.885189E-01  6.294941E-01 -2.185257E+00
 -3.901693E-01  6.444821E-01 -2.180723E+00
 -3.856599E-01  6.594701E-01 -2.193112E+00
 -3.854688E-01  6.744580E-01 -2.193637E+00
 -3.854200E-01  6.894460E-01 -2.193771E+00
 -3.851641E-01  6.903759E-01 -2.194474E+00
 -3.827343E-01  7.044339E-01 -2.201150E+00
 -3.851641E-01  7.118917E-01 -2.194474E+00
Slice   =     59 , Freq(kT, average of all copies)              =   0.4705
Orbit # =      0 , Freq(kT, this largest copy used for outline) =   0.4763
Points  =     45
  kx            ky            kz
 -1.986062E+00  3.657963E-01 -2.582511E+00
 -1.991189E+00  3.680937E-01 -2.568427E+00
 -1.996315E+00  3.647832E-01 -2.554343E+00
 -2.001441E+00  3.623254E-01 -2.540259E+00
 -2.002795E+00  3.597109E-01 -2.536539E+00
 -2.006567E+00  3.541575E-01 -2.526175E+00
 -2.011504E+00  3.447230E-01 -2.512611E+00
 -2.011693E+00  3.441986E-01 -2.512091E+00
 -2.016820E+00  3.341712E-01 -2.498007E+00
 -2.018273E+00  3.297350E-01 -2.494013E+00
 -2.018269E+00  3.147471E-01 -2.494025E+00
 -2.021946E+00  3.030693E-01 -2.483923E+00
 -2.022765E+00  2.997591E-01 -2.481671E+00
 -2.025142E+00  2.847712E-01 -2.475142E+00
 -2.025461E+00  2.697832E-01 -2.474266E+00
 -2.027072E+00  2.606857E-01 -2.469839E+00
 -2.028657E+00  2.547952E-01 -2.465485E+00
 -2.027072E+00  2.446358E-01 -2.469839E+00
 -2.026299E+00  2.398073E-01 -2.471963E+00
 -2.027072E+00  2.274127E-01 -2.469839E+00
 -2.028192E+00  2.248193E-01 -2.466762E+00
 -2.027072E+00  2.235346E-01 -2.469839E+00
 -2.021946E+00  2.099536E-01 -2.483923E+00
 -2.021873E+00  2.098314E-01 -2.484123E+00
 -2.016820E+00  2.068238E-01 -2.498007E+00
 -2.011693E+00  2.095141E-01 -2.512091E+00
 -2.011128E+00  2.098314E-01 -2.513643E+00
 -2.006567E+00  2.146559E-01 -2.526175E+00
 -2.005406E+00  2.248193E-01 -2.529365E+00
 -2.001441E+00  2.366059E-01 -2.540259E+00
 -2.000696E+00  2.398073E-01 -2.542306E+00
 -1.996952E+00  2.547952E-01 -2.552592E+00
 -1.996315E+00  2.691742E-01 -2.554343E+00
 -1.996288E+00  2.697832E-01 -2.554416E+00
 -1.991189E+00  2.827395E-01 -2.568427E+00
 -1.990565E+00  2.847712E-01 -2.570142E+00
 -1.991189E+00  2.971057E-01 -2.568427E+00
 -1.991419E+00  2.997591E-01 -2.567794E+00
 -1.991189E+00  3.005956E-01 -2.568427E+00
 -1.986982E+00  3.147471E-01 -2.579986E+00
 -1.986298E+00  3.297350E-01 -2.581864E+00
 -1.986062E+00  3.320373E-01 -2.582511E+00
 -1.984274E+00  3.447230E-01 -2.587425E+00
 -1.982548E+00  3.597109E-01 -2.592167E+00
 -1.986062E+00  3.657963E-01 -2.582511E+00
Slice   =     47 , Freq(kT, average of all copies)              =   0.5347
Orbit # =      0 , Freq(kT, this largest copy used for outline) =   0.5435
Points  =     49
  kx            ky            kz
  1.641027E+00  2.463948E+00 -2.185303E+00
  1.635901E+00  2.460076E+00 -2.171219E+00
  1.630775E+00  2.464877E+00 -2.157134E+00
  1.625649E+00  2.464315E+00 -2.143050E+00
  1.620522E+00  2.465744E+00 -2.128966E+00
  1.615396E+00  2.466488E+00 -2.114882E+00
  1.610270E+00  2.461123E+00 -2.100798E+00
  1.605144E+00  2.461827E+00 -2.086714E+00
  1.600018E+00  2.461112E+00 -2.072630E+00
  1.598148E+00  2.457288E+00 -2.067493E+00
  1.595705E+00  2.442300E+00 -2.060780E+00
  1.594892E+00  2.440665E+00 -2.058546E+00
  1.589765E+00  2.437958E+00 -2.044462E+00
  1.584639E+00  2.429314E+00 -2.030378E+00
  1.583979E+00  2.427312E+00 -2.028565E+00
  1.582271E+00  2.412325E+00 -2.023871E+00
  1.579513E+00  2.407204E+00 -2.016294E+00
  1.574387E+00  2.401964E+00 -2.002210E+00
  1.573141E+00  2.397337E+00 -1.998786E+00
  1.572943E+00  2.382349E+00 -1.998243E+00
  1.569261E+00  2.369247E+00 -1.988126E+00
  1.564134E+00  2.367630E+00 -1.974042E+00
  1.564032E+00  2.367361E+00 -1.973761E+00
  1.564134E+00  2.366708E+00 -1.974042E+00
  1.569261E+00  2.363712E+00 -1.988126E+00
  1.574387E+00  2.356781E+00 -2.002210E+00
  1.579513E+00  2.359612E+00 -2.016294E+00
  1.584639E+00  2.358584E+00 -2.030378E+00
  1.589765E+00  2.352431E+00 -2.044462E+00
  1.594892E+00  2.353586E+00 -2.058546E+00
  1.600018E+00  2.354200E+00 -2.072630E+00
  1.601232E+00  2.352373E+00 -2.075967E+00
  1.605144E+00  2.348404E+00 -2.086714E+00
  1.606709E+00  2.352373E+00 -2.091013E+00
  1.608637E+00  2.367361E+00 -2.096312E+00
  1.610270E+00  2.372503E+00 -2.100798E+00
  1.615396E+00  2.373332E+00 -2.114882E+00
  1.619813E+00  2.382349E+00 -2.127018E+00
  1.620522E+00  2.386485E+00 -2.128966E+00
  1.622516E+00  2.397337E+00 -2.134444E+00
  1.625649E+00  2.404503E+00 -2.143050E+00
  1.630775E+00  2.408089E+00 -2.157134E+00
  1.631954E+00  2.412325E+00 -2.160373E+00
  1.633578E+00  2.427312E+00 -2.164835E+00
  1.635901E+00  2.440890E+00 -2.171219E+00
  1.641027E+00  2.441390E+00 -2.185303E+00
  1.641243E+00  2.442300E+00 -2.185896E+00
  1.642696E+00  2.457288E+00 -2.189889E+00
  1.641027E+00  2.463948E+00 -2.185303E+00
Slice   =    225 , Freq(kT, average of all copies)              =   0.5400
Orbit # =      0 , Freq(kT, this largest copy used for outline) =   0.5400
Points  =     43
  kx            ky            kz
  5.213837E+00  5.105744E+00 -3.030848E+00
  5.208711E+00  5.107183E+00 -3.016764E+00
  5.205695E+00  5.113470E+00 -3.008477E+00
  5.203585E+00  5.118353E+00 -3.002679E+00
  5.198459E+00  5.119598E+00 -2.988595E+00
  5.193333E+00  5.123035E+00 -2.974511E+00
  5.188206E+00  5.124887E+00 -2.960427E+00
  5.183080E+00  5.118002E+00 -2.946343E+00
  5.181558E+00  5.113470E+00 -2.942161E+00
  5.177954E+00  5.104378E+00 -2.932259E+00
  5.172828E+00  5.098613E+00 -2.918175E+00
  5.172784E+00  5.098482E+00 -2.918053E+00
  5.169351E+00  5.083494E+00 -2.908621E+00
  5.167702E+00  5.075843E+00 -2.904091E+00
  5.162576E+00  5.069938E+00 -2.890007E+00
  5.161899E+00  5.068506E+00 -2.888147E+00
  5.158181E+00  5.053518E+00 -2.877932E+00
  5.157449E+00  5.048565E+00 -2.875923E+00
  5.154020E+00  5.038530E+00 -2.866500E+00
  5.152323E+00  5.035024E+00 -2.861839E+00
  5.148432E+00  5.023542E+00 -2.851148E+00
  5.150856E+00  5.008554E+00 -2.857807E+00
  5.152323E+00  5.006065E+00 -2.861839E+00
  5.157449E+00  5.001013E+00 -2.875923E+00
  5.162576E+00  4.996228E+00 -2.890007E+00
  5.167702E+00  4.999353E+00 -2.904091E+00
  5.172828E+00  5.002471E+00 -2.918175E+00
  5.177954E+00  4.999580E+00 -2.932259E+00
  5.180139E+00  5.008554E+00 -2.938263E+00
  5.183080E+00  5.014485E+00 -2.946343E+00
  5.188206E+00  5.014754E+00 -2.960427E+00
  5.192727E+00  5.023542E+00 -2.972846E+00
  5.193333E+00  5.025446E+00 -2.974511E+00
  5.197750E+00  5.038530E+00 -2.986648E+00
  5.198459E+00  5.039881E+00 -2.988595E+00
  5.203585E+00  5.039695E+00 -3.002679E+00
  5.206401E+00  5.053518E+00 -3.010416E+00
  5.208522E+00  5.068506E+00 -3.016243E+00
  5.208711E+00  5.069683E+00 -3.016764E+00
  5.213837E+00  5.071262E+00 -3.030848E+00
  5.216280E+00  5.083494E+00 -3.037559E+00
  5.216558E+00  5.098482E+00 -3.038323E+00
  5.213837E+00  5.105744E+00 -3.030848E+00
Slice   =     50 , Freq(kT, average of all copies)              =   0.5678
Orbit # =      0 , Freq(kT, this largest copy used for outline) =   0.5774
Points  =     47
  kx            ky            kz
  1.974873E-01  8.039391E-01 -9.808105E-01
  1.923612E-01  8.060012E-01 -9.667265E-01
  1.906580E-01  8.093496E-01 -9.620471E-01
  1.872350E-01  8.146672E-01 -9.526424E-01
  1.821088E-01  8.143898E-01 -9.385583E-01
  1.794116E-01  8.093496E-01 -9.311478E-01
  1.769826E-01  8.007493E-01 -9.244743E-01
  1.754325E-01  7.943617E-01 -9.202154E-01
  1.718564E-01  7.897307E-01 -9.103902E-01
  1.667303E-01  7.798014E-01 -8.963061E-01
  1.665956E-01  7.793737E-01 -8.959361E-01
  1.633964E-01  7.643857E-01 -8.871464E-01
  1.616041E-01  7.613780E-01 -8.822220E-01
  1.564779E-01  7.537952E-01 -8.681380E-01
  1.548419E-01  7.493978E-01 -8.636433E-01
  1.524332E-01  7.344098E-01 -8.570254E-01
  1.513517E-01  7.321212E-01 -8.540539E-01
  1.462255E-01  7.257273E-01 -8.399698E-01
  1.437655E-01  7.194219E-01 -8.332111E-01
  1.414053E-01  7.044339E-01 -8.267265E-01
  1.410993E-01  7.033798E-01 -8.258858E-01
  1.359732E-01  6.931920E-01 -8.118017E-01
  1.338403E-01  6.894460E-01 -8.059418E-01
  1.359732E-01  6.765578E-01 -8.118017E-01
  1.369586E-01  6.744580E-01 -8.145092E-01
  1.410993E-01  6.681070E-01 -8.258858E-01
  1.462255E-01  6.656338E-01 -8.399698E-01
  1.513517E-01  6.690793E-01 -8.540539E-01
  1.564779E-01  6.682317E-01 -8.681380E-01
  1.616041E-01  6.671942E-01 -8.822220E-01
  1.641583E-01  6.744580E-01 -8.892396E-01
  1.667303E-01  6.798361E-01 -8.963061E-01
  1.718564E-01  6.783035E-01 -9.103902E-01
  1.748517E-01  6.894460E-01 -9.186196E-01
  1.769826E-01  6.966420E-01 -9.244743E-01
  1.821088E-01  7.028650E-01 -9.385583E-01
  1.837298E-01  7.044339E-01 -9.430119E-01
  1.872350E-01  7.104552E-01 -9.526424E-01
  1.888339E-01  7.194219E-01 -9.570355E-01
  1.923612E-01  7.322137E-01 -9.667265E-01
  1.974873E-01  7.336364E-01 -9.808105E-01
  1.978392E-01  7.344098E-01 -9.817773E-01
  2.003397E-01  7.493978E-01 -9.886474E-01
  2.015335E-01  7.643857E-01 -9.919272E-01
  2.016987E-01  7.793737E-01 -9.923812E-01
  2.005603E-01  7.943617E-01 -9.892535E-01
  1.974873E-01  8.039391E-01 -9.808105E-01
Slice   =    210 , Freq(kT, average of all copies)              =   0.5705
Orbit # =      0 , Freq(kT, this largest copy used for outline) =   0.5794
Points  =     51
  kx            ky            kz
  5.064091E+00  5.408634E+00 -3.552902E+00
  5.058964E+00  5.407096E+00 -3.538817E+00
  5.053838E+00  5.409673E+00 -3.524733E+00
  5.048712E+00  5.411606E+00 -3.510649E+00
  5.047897E+00  5.412493E+00 -3.508411E+00
  5.043586E+00  5.415224E+00 -3.496565E+00
  5.038460E+00  5.413513E+00 -3.482481E+00
  5.037903E+00  5.412493E+00 -3.480953E+00
  5.033333E+00  5.402077E+00 -3.468397E+00
  5.030025E+00  5.397505E+00 -3.459309E+00
  5.028207E+00  5.396245E+00 -3.454313E+00
  5.023081E+00  5.392569E+00 -3.440229E+00
  5.020074E+00  5.382517E+00 -3.431967E+00
  5.017955E+00  5.376862E+00 -3.426145E+00
  5.012829E+00  5.371281E+00 -3.412061E+00
  5.009888E+00  5.367529E+00 -3.403982E+00
  5.007702E+00  5.360767E+00 -3.397977E+00
  5.006533E+00  5.352541E+00 -3.394762E+00
  5.002576E+00  5.340340E+00 -3.383893E+00
  4.997450E+00  5.339950E+00 -3.369809E+00
  4.996542E+00  5.337553E+00 -3.367313E+00
  4.996051E+00  5.322565E+00 -3.365965E+00
  4.995199E+00  5.307577E+00 -3.363623E+00
  4.995487E+00  5.292589E+00 -3.364414E+00
  4.997450E+00  5.284835E+00 -3.369809E+00
  5.000244E+00  5.277601E+00 -3.377486E+00
  5.002576E+00  5.272664E+00 -3.383893E+00
  5.007702E+00  5.267455E+00 -3.397977E+00
  5.012823E+00  5.262613E+00 -3.412046E+00
  5.012829E+00  5.262609E+00 -3.412061E+00
  5.012831E+00  5.262613E+00 -3.412067E+00
  5.017955E+00  5.274920E+00 -3.426145E+00
  5.018921E+00  5.277601E+00 -3.428801E+00
  5.023081E+00  5.285019E+00 -3.440229E+00
  5.028207E+00  5.289815E+00 -3.454313E+00
  5.028826E+00  5.292589E+00 -3.456012E+00
  5.031643E+00  5.307577E+00 -3.463752E+00
  5.033333E+00  5.313766E+00 -3.468397E+00
  5.038460E+00  5.317232E+00 -3.482481E+00
  5.039898E+00  5.322565E+00 -3.486434E+00
  5.042631E+00  5.337553E+00 -3.493943E+00
  5.043586E+00  5.341691E+00 -3.496565E+00
  5.048712E+00  5.348765E+00 -3.510649E+00
  5.050490E+00  5.352541E+00 -3.515535E+00
  5.053838E+00  5.364247E+00 -3.524733E+00
  5.054497E+00  5.367529E+00 -3.526543E+00
  5.058437E+00  5.382517E+00 -3.537369E+00
  5.058964E+00  5.385690E+00 -3.538817E+00
  5.064091E+00  5.382963E+00 -3.552902E+00
  5.065518E+00  5.397505E+00 -3.556824E+00
  5.064091E+00  5.408634E+00 -3.552902E+00
Theta(deg) =   0.000000 , Phi(deg) =  72.500000 , Number of orbits =     9 , (a.u.^-1) units
Slice   =     77 , Freq(kT, average of all copies)              =   0.2134
Orbit # =      0 , Freq(kT, this largest copy used for outline) =   0.2169
Points  =     35
  kx            ky            kz
  4.818717E-01  5.295542E-01 -6.809778E-01
  4.773647E-01  5.311058E-01 -6.666835E-01
  4.751359E-01  5.245785E-01 -6.596146E-01
  4.728578E-01  5.192927E-01 -6.523892E-01
  4.692467E-01  5.095905E-01 -6.409364E-01
  4.683508E-01  5.071723E-01 -6.380950E-01
  4.639855E-01  4.946025E-01 -6.242500E-01
  4.638438E-01  4.939607E-01 -6.238007E-01
  4.618072E-01  4.796146E-01 -6.173412E-01
  4.593369E-01  4.666233E-01 -6.095064E-01
  4.589066E-01  4.646266E-01 -6.081419E-01
  4.548299E-01  4.525756E-01 -5.952122E-01
  4.540643E-01  4.496387E-01 -5.927839E-01
  4.516530E-01  4.346507E-01 -5.851361E-01
  4.504298E-01  4.196628E-01 -5.812569E-01
  4.503229E-01  4.153438E-01 -5.809179E-01
  4.500155E-01  4.046748E-01 -5.799427E-01
  4.503229E-01  4.037089E-01 -5.809179E-01
  4.548299E-01  4.010728E-01 -5.952122E-01
  4.563642E-01  4.046748E-01 -6.000782E-01
  4.593369E-01  4.104980E-01 -6.095064E-01
  4.620079E-01  4.196628E-01 -6.179779E-01
  4.638438E-01  4.250835E-01 -6.238007E-01
  4.683508E-01  4.337051E-01 -6.380950E-01
  4.685389E-01  4.346507E-01 -6.386916E-01
  4.709772E-01  4.496387E-01 -6.464248E-01
  4.728578E-01  4.615656E-01 -6.523892E-01
  4.734210E-01  4.646266E-01 -6.541757E-01
  4.773647E-01  4.794488E-01 -6.666835E-01
  4.773993E-01  4.796146E-01 -6.667932E-01
  4.807819E-01  4.946025E-01 -6.775215E-01
  4.818717E-01  5.040337E-01 -6.809778E-01
  4.825247E-01  5.095905E-01 -6.830488E-01
  4.829897E-01  5.245785E-01 -6.845237E-01
  4.818717E-01  5.295542E-01 -6.809778E-01
Slice   =     57 , Freq(kT, average of all copies)              =   0.2929
Orbit # =      0 , Freq(kT, this largest copy used for outline) =   0.2995
Points  =     43
  kx            ky            kz
  1.709612E+00  2.713378E+00 -1.785399E+00
  1.705105E+00  2.716114E+00 -1.771105E+00
  1.703844E+00  2.712820E+00 -1.767105E+00
  1.700598E+00  2.707332E+00 -1.756811E+00
  1.697765E+00  2.697832E+00 -1.747827E+00
  1.696091E+00  2.694051E+00 -1.742517E+00
  1.692054E+00  2.682844E+00 -1.729714E+00
  1.691584E+00  2.680947E+00 -1.728222E+00
  1.688412E+00  2.667856E+00 -1.718162E+00
  1.687077E+00  2.661270E+00 -1.713928E+00
  1.685652E+00  2.652868E+00 -1.709407E+00
  1.682570E+00  2.642372E+00 -1.699634E+00
  1.681531E+00  2.637880E+00 -1.696340E+00
  1.678063E+00  2.626778E+00 -1.685340E+00
  1.677223E+00  2.622892E+00 -1.682674E+00
  1.675699E+00  2.607904E+00 -1.677841E+00
  1.673556E+00  2.596470E+00 -1.671045E+00
  1.672706E+00  2.592916E+00 -1.668348E+00
  1.669049E+00  2.581043E+00 -1.656751E+00
  1.668464E+00  2.577928E+00 -1.654895E+00
  1.669049E+00  2.569023E+00 -1.656751E+00
  1.672190E+00  2.562940E+00 -1.666713E+00
  1.673556E+00  2.560705E+00 -1.671045E+00
  1.678063E+00  2.561508E+00 -1.685340E+00
  1.679224E+00  2.562940E+00 -1.689021E+00
  1.682570E+00  2.566953E+00 -1.699634E+00
  1.685740E+00  2.577928E+00 -1.709689E+00
  1.687077E+00  2.583354E+00 -1.713928E+00
  1.688742E+00  2.592916E+00 -1.719208E+00
  1.691584E+00  2.602718E+00 -1.728222E+00
  1.692983E+00  2.607904E+00 -1.732659E+00
  1.696091E+00  2.615925E+00 -1.742517E+00
  1.697201E+00  2.622892E+00 -1.746039E+00
  1.699446E+00  2.637880E+00 -1.753159E+00
  1.700598E+00  2.646110E+00 -1.756811E+00
  1.701902E+00  2.652868E+00 -1.760947E+00
  1.705105E+00  2.664443E+00 -1.771105E+00
  1.705719E+00  2.667856E+00 -1.773054E+00
  1.708127E+00  2.682844E+00 -1.780691E+00
  1.709102E+00  2.697832E+00 -1.783782E+00
  1.709612E+00  2.708511E+00 -1.785399E+00
  1.709813E+00  2.712820E+00 -1.786038E+00
  1.709612E+00  2.713378E+00 -1.785399E+00
Slice   =    203 , Freq(kT, average of all copies)              =   0.2968
Orbit # =      0 , Freq(kT, this largest copy used for outline) =   0.3040
Points  =     39
  kx            ky            kz
  3.031106E+00  3.941084E+00 -4.419014E+00
  3.026599E+00  3.942276E+00 -4.404720E+00
  3.022092E+00  3.936193E+00 -4.390426E+00
  3.017649E+00  3.928317E+00 -4.376335E+00
  3.017585E+00  3.928156E+00 -4.376132E+00
  3.013083E+00  3.913329E+00 -4.361853E+00
  3.013078E+00  3.913310E+00 -4.361837E+00
  3.011138E+00  3.898341E+00 -4.355686E+00
  3.008571E+00  3.890253E+00 -4.347543E+00
  3.007071E+00  3.883353E+00 -4.342786E+00
  3.004064E+00  3.873929E+00 -4.333249E+00
  3.002996E+00  3.868365E+00 -4.329863E+00
  3.001336E+00  3.853377E+00 -4.324598E+00
  2.999557E+00  3.843732E+00 -4.318955E+00
  2.998364E+00  3.838389E+00 -4.315173E+00
  2.995050E+00  3.828448E+00 -4.304660E+00
  2.993952E+00  3.823401E+00 -4.301180E+00
  2.992718E+00  3.808413E+00 -4.297265E+00
  2.993012E+00  3.793426E+00 -4.298198E+00
  2.995050E+00  3.785411E+00 -4.304660E+00
  2.999557E+00  3.786610E+00 -4.318955E+00
  3.001030E+00  3.793426E+00 -4.323628E+00
  3.004064E+00  3.800676E+00 -4.333249E+00
  3.007995E+00  3.808413E+00 -4.345717E+00
  3.008571E+00  3.809637E+00 -4.347543E+00
  3.011362E+00  3.823401E+00 -4.356396E+00
  3.013078E+00  3.832455E+00 -4.361837E+00
  3.014281E+00  3.838389E+00 -4.365655E+00
  3.017585E+00  3.850135E+00 -4.376132E+00
  3.018329E+00  3.853377E+00 -4.378491E+00
  3.022092E+00  3.866305E+00 -4.390426E+00
  3.022547E+00  3.868365E+00 -4.391869E+00
  3.025118E+00  3.883353E+00 -4.400024E+00
  3.026599E+00  3.894301E+00 -4.404720E+00
  3.027695E+00  3.898341E+00 -4.408198E+00
  3.031106E+00  3.908647E+00 -4.419014E+00
  3.031871E+00  3.913329E+00 -4.421443E+00
  3.032733E+00  3.928317E+00 -4.424177E+00
  3.031106E+00  3.941084E+00 -4.419014E+00
Slice   =    106 , Freq(kT, average of all copies)              =   0.3586
Orbit # =      0 , Freq(kT, this largest copy used for outline) =   0.3694
Points  =     41
  kx            ky            kz
  2.802137E+00  3.449149E+00 -3.636616E+00
  2.797630E+00  3.454929E+00 -3.622322E+00
  2.795149E+00  3.462218E+00 -3.614454E+00
  2.793123E+00  3.465705E+00 -3.608028E+00
  2.789850E+00  3.462218E+00 -3.597646E+00
  2.788616E+00  3.460984E+00 -3.593733E+00
  2.785608E+00  3.462218E+00 -3.584195E+00
  2.784109E+00  3.462592E+00 -3.579439E+00
  2.784017E+00  3.462218E+00 -3.579147E+00
  2.784109E+00  3.455713E+00 -3.579439E+00
  2.784357E+00  3.447230E+00 -3.580227E+00
  2.784109E+00  3.446723E+00 -3.579439E+00
  2.779602E+00  3.434185E+00 -3.565145E+00
  2.779255E+00  3.432242E+00 -3.564045E+00
  2.775727E+00  3.417254E+00 -3.552856E+00
  2.775936E+00  3.402266E+00 -3.553519E+00
  2.775095E+00  3.398109E+00 -3.550851E+00
  2.772072E+00  3.387278E+00 -3.541262E+00
  2.773358E+00  3.372290E+00 -3.545341E+00
  2.770588E+00  3.362719E+00 -3.536556E+00
  2.769135E+00  3.357302E+00 -3.531948E+00
  2.770588E+00  3.349005E+00 -3.536556E+00
  2.772905E+00  3.342314E+00 -3.543903E+00
  2.775095E+00  3.336346E+00 -3.550851E+00
  2.779602E+00  3.333389E+00 -3.565145E+00
  2.784109E+00  3.332552E+00 -3.579439E+00
  2.788616E+00  3.333196E+00 -3.593733E+00
  2.793123E+00  3.339772E+00 -3.608028E+00
  2.794447E+00  3.342314E+00 -3.612227E+00
  2.793986E+00  3.357302E+00 -3.610764E+00
  2.797630E+00  3.368399E+00 -3.622322E+00
  2.798312E+00  3.372290E+00 -3.624486E+00
  2.800178E+00  3.387278E+00 -3.630403E+00
  2.800186E+00  3.402266E+00 -3.630428E+00
  2.802137E+00  3.409916E+00 -3.636616E+00
  2.803990E+00  3.417254E+00 -3.642494E+00
  2.802137E+00  3.428883E+00 -3.636616E+00
  2.801251E+00  3.432242E+00 -3.633805E+00
  2.802137E+00  3.442162E+00 -3.636616E+00
  2.802690E+00  3.447230E+00 -3.638371E+00
  2.802137E+00  3.449149E+00 -3.636616E+00
Slice   =    208 , Freq(kT, average of all copies)              =   0.4427
Orbit # =      0 , Freq(kT, this largest copy used for outline) =   0.4491
Points  =     45
  kx            ky            kz
  6.181301E+00  5.585303E+00 -2.900143E+00
  6.176794E+00  5.591940E+00 -2.885849E+00
  6.176411E+00  5.592348E+00 -2.884636E+00
  6.172287E+00  5.596857E+00 -2.871554E+00
  6.167780E+00  5.595104E+00 -2.857260E+00
  6.166244E+00  5.592348E+00 -2.852391E+00
  6.164372E+00  5.577360E+00 -2.846451E+00
  6.163273E+00  5.575674E+00 -2.842966E+00
  6.160601E+00  5.562372E+00 -2.834492E+00
  6.158766E+00  5.553587E+00 -2.828671E+00
  6.156892E+00  5.547385E+00 -2.822728E+00
  6.156404E+00  5.532397E+00 -2.821180E+00
  6.154259E+00  5.525651E+00 -2.814377E+00
  6.152256E+00  5.517409E+00 -2.808024E+00
  6.151464E+00  5.502421E+00 -2.805514E+00
  6.149752E+00  5.490702E+00 -2.800083E+00
  6.149396E+00  5.487433E+00 -2.798954E+00
  6.145245E+00  5.473064E+00 -2.785789E+00
  6.145127E+00  5.472445E+00 -2.785416E+00
  6.145245E+00  5.470561E+00 -2.785789E+00
  6.146632E+00  5.457457E+00 -2.790187E+00
  6.145245E+00  5.448393E+00 -2.785789E+00
  6.144115E+00  5.442469E+00 -2.782206E+00
  6.145245E+00  5.438299E+00 -2.785789E+00
  6.149752E+00  5.435254E+00 -2.800083E+00
  6.154259E+00  5.435576E+00 -2.814377E+00
  6.158766E+00  5.438589E+00 -2.828671E+00
  6.162089E+00  5.442469E+00 -2.839212E+00
  6.163273E+00  5.444486E+00 -2.842966E+00
  6.167780E+00  5.453815E+00 -2.857260E+00
  6.169035E+00  5.457457E+00 -2.861242E+00
  6.172287E+00  5.467073E+00 -2.871554E+00
  6.173867E+00  5.472445E+00 -2.876566E+00
  6.174134E+00  5.487433E+00 -2.877412E+00
  6.176794E+00  5.495692E+00 -2.885849E+00
  6.178578E+00  5.502421E+00 -2.891509E+00
  6.177753E+00  5.517409E+00 -2.888890E+00
  6.180935E+00  5.532397E+00 -2.898982E+00
  6.181301E+00  5.547275E+00 -2.900143E+00
  6.181303E+00  5.547385E+00 -2.900151E+00
  6.181301E+00  5.548092E+00 -2.900143E+00
  6.181216E+00  5.562372E+00 -2.899874E+00
  6.181301E+00  5.562763E+00 -2.900143E+00
  6.183583E+00  5.577360E+00 -2.907381E+00
  6.181301E+00  5.585303E+00 -2.900143E+00
Slice   =    191 , Freq(kT, average of all copies)              =   0.4439
Orbit # =      0 , Freq(kT, this largest copy used for outline) =   0.4524
Points  =     45
  kx            ky            kz
  4.582416E+00  5.239178E+00 -3.291235E+00
  4.577909E+00  5.241629E+00 -3.276941E+00
  4.573402E+00  5.237744E+00 -3.262647E+00
  4.568895E+00  5.233424E+00 -3.248352E+00
  4.568597E+00  5.232637E+00 -3.247407E+00
  4.564388E+00  5.226333E+00 -3.234058E+00
  4.561305E+00  5.217649E+00 -3.224277E+00
  4.559882E+00  5.212215E+00 -3.219764E+00
  4.556779E+00  5.202662E+00 -3.209925E+00
  4.555995E+00  5.187674E+00 -3.207437E+00
  4.555375E+00  5.185919E+00 -3.205469E+00
  4.552139E+00  5.172686E+00 -3.195209E+00
  4.550868E+00  5.158943E+00 -3.191175E+00
  4.550706E+00  5.157698E+00 -3.190664E+00
  4.550113E+00  5.142710E+00 -3.188783E+00
  4.546361E+00  5.128231E+00 -3.176881E+00
  4.546270E+00  5.127722E+00 -3.176595E+00
  4.546361E+00  5.127068E+00 -3.176881E+00
  4.548921E+00  5.112734E+00 -3.185001E+00
  4.546361E+00  5.098274E+00 -3.176881E+00
  4.546237E+00  5.097746E+00 -3.176489E+00
  4.546361E+00  5.097043E+00 -3.176881E+00
  4.550367E+00  5.082758E+00 -3.189586E+00
  4.550868E+00  5.081107E+00 -3.191175E+00
  4.555375E+00  5.078309E+00 -3.205469E+00
  4.559882E+00  5.079489E+00 -3.219764E+00
  4.564388E+00  5.082605E+00 -3.234058E+00
  4.564452E+00  5.082758E+00 -3.234259E+00
  4.566326E+00  5.097746E+00 -3.240203E+00
  4.568895E+00  5.107290E+00 -3.248352E+00
  4.569948E+00  5.112734E+00 -3.251691E+00
  4.573262E+00  5.127722E+00 -3.262202E+00
  4.573402E+00  5.132943E+00 -3.262647E+00
  4.573660E+00  5.142710E+00 -3.263462E+00
  4.577909E+00  5.155535E+00 -3.276941E+00
  4.578444E+00  5.157698E+00 -3.278637E+00
  4.577909E+00  5.169785E+00 -3.276941E+00
  4.577681E+00  5.172686E+00 -3.276216E+00
  4.577909E+00  5.173693E+00 -3.276941E+00
  4.581308E+00  5.187674E+00 -3.287721E+00
  4.582092E+00  5.202662E+00 -3.290207E+00
  4.582416E+00  5.206561E+00 -3.291235E+00
  4.583627E+00  5.217649E+00 -3.295074E+00
  4.585278E+00  5.232637E+00 -3.300311E+00
  4.582416E+00  5.239178E+00 -3.291235E+00
Slice   =     25 , Freq(kT, average of all copies)              =   0.5878
Orbit # =      0 , Freq(kT, this largest copy used for outline) =   0.5892
Points  =     49
  kx            ky            kz
 -1.576749E+00 -3.184054E-01 -8.061577E-01
 -1.581256E+00 -3.184199E-01 -7.918634E-01
 -1.582670E+00 -3.154834E-01 -7.873791E-01
 -1.585763E+00 -3.109833E-01 -7.775692E-01
 -1.589373E+00 -3.154834E-01 -7.661196E-01
 -1.590270E+00 -3.172851E-01 -7.632749E-01
 -1.594777E+00 -3.156119E-01 -7.489806E-01
 -1.599284E+00 -3.187504E-01 -7.346864E-01
 -1.603791E+00 -3.249330E-01 -7.203921E-01
 -1.608298E+00 -3.241851E-01 -7.060978E-01
 -1.612805E+00 -3.265914E-01 -6.918036E-01
 -1.614185E+00 -3.304714E-01 -6.874256E-01
 -1.616766E+00 -3.454593E-01 -6.792397E-01
 -1.617312E+00 -3.464095E-01 -6.775093E-01
 -1.621819E+00 -3.478161E-01 -6.632150E-01
 -1.626326E+00 -3.587743E-01 -6.489208E-01
 -1.626751E+00 -3.604473E-01 -6.475715E-01
 -1.629822E+00 -3.754352E-01 -6.378310E-01
 -1.630833E+00 -3.770793E-01 -6.346265E-01
 -1.635340E+00 -3.837394E-01 -6.203322E-01
 -1.636452E+00 -3.904232E-01 -6.168053E-01
 -1.637212E+00 -4.054112E-01 -6.143931E-01
 -1.639847E+00 -4.147363E-01 -6.060379E-01
 -1.644164E+00 -4.203991E-01 -5.923458E-01
 -1.639847E+00 -4.264158E-01 -6.060379E-01
 -1.635340E+00 -4.308547E-01 -6.203322E-01
 -1.630833E+00 -4.271162E-01 -6.346265E-01
 -1.626326E+00 -4.271943E-01 -6.489208E-01
 -1.621819E+00 -4.306505E-01 -6.632150E-01
 -1.617312E+00 -4.312215E-01 -6.775093E-01
 -1.612805E+00 -4.305868E-01 -6.918036E-01
 -1.609978E+00 -4.353871E-01 -7.007702E-01
 -1.608298E+00 -4.373302E-01 -7.060978E-01
 -1.607326E+00 -4.353871E-01 -7.091813E-01
 -1.604739E+00 -4.203991E-01 -7.173863E-01
 -1.603791E+00 -4.174123E-01 -7.203921E-01
 -1.599284E+00 -4.140936E-01 -7.346864E-01
 -1.594777E+00 -4.086008E-01 -7.489806E-01
 -1.593825E+00 -4.054112E-01 -7.520006E-01
 -1.591775E+00 -3.904232E-01 -7.585022E-01
 -1.590270E+00 -3.855795E-01 -7.632749E-01
 -1.585763E+00 -3.867448E-01 -7.775692E-01
 -1.583401E+00 -3.754352E-01 -7.850609E-01
 -1.581906E+00 -3.604473E-01 -7.898009E-01
 -1.581256E+00 -3.543157E-01 -7.918634E-01
 -1.576749E+00 -3.503167E-01 -8.061577E-01
 -1.575176E+00 -3.454593E-01 -8.111463E-01
 -1.573723E+00 -3.304714E-01 -8.157553E-01
 -1.576749E+00 -3.184054E-01 -8.061577E-01
Slice   =    191 , Freq(kT, average of all copies)              =   0.5968
Orbit # =      0 , Freq(kT, this largest copy used for outline) =   0.6127
Points  =     51
  kx            ky            kz
  2.172620E+00  3.424076E+00 -4.049442E+00
  2.170222E+00  3.434083E+00 -4.041836E+00
  2.168113E+00  3.436727E+00 -4.035148E+00
  2.163606E+00  3.442014E+00 -4.020853E+00
  2.160939E+00  3.449071E+00 -4.012395E+00
  2.159099E+00  3.453221E+00 -4.006559E+00
  2.154592E+00  3.456925E+00 -3.992265E+00
  2.150085E+00  3.463110E+00 -3.977971E+00
  2.145578E+00  3.461597E+00 -3.963676E+00
  2.141388E+00  3.449071E+00 -3.950387E+00
  2.141071E+00  3.448163E+00 -3.949382E+00
  2.136564E+00  3.439836E+00 -3.935088E+00
  2.132445E+00  3.434083E+00 -3.922025E+00
  2.132057E+00  3.432483E+00 -3.920794E+00
  2.130659E+00  3.419095E+00 -3.916359E+00
  2.127550E+00  3.411048E+00 -3.906499E+00
  2.123043E+00  3.405917E+00 -3.892205E+00
  2.122420E+00  3.404107E+00 -3.890228E+00
  2.120552E+00  3.389119E+00 -3.884304E+00
  2.118536E+00  3.382063E+00 -3.877911E+00
  2.114029E+00  3.378376E+00 -3.863616E+00
  2.112405E+00  3.374131E+00 -3.858467E+00
  2.111037E+00  3.359143E+00 -3.854126E+00
  2.109522E+00  3.351607E+00 -3.849322E+00
  2.105015E+00  3.347196E+00 -3.835028E+00
  2.103380E+00  3.344155E+00 -3.829842E+00
  2.105015E+00  3.330665E+00 -3.835028E+00
  2.105620E+00  3.329167E+00 -3.836947E+00
  2.109522E+00  3.322429E+00 -3.849322E+00
  2.114029E+00  3.320256E+00 -3.863616E+00
  2.118536E+00  3.325068E+00 -3.877911E+00
  2.123043E+00  3.322484E+00 -3.892205E+00
  2.127550E+00  3.319900E+00 -3.906499E+00
  2.131028E+00  3.329167E+00 -3.917530E+00
  2.132057E+00  3.331422E+00 -3.920794E+00
  2.136564E+00  3.329631E+00 -3.935088E+00
  2.140621E+00  3.344155E+00 -3.947956E+00
  2.141071E+00  3.345094E+00 -3.949382E+00
  2.145578E+00  3.352238E+00 -3.963676E+00
  2.150085E+00  3.350252E+00 -3.977971E+00
  2.152118E+00  3.359143E+00 -3.984420E+00
  2.154025E+00  3.374131E+00 -3.990468E+00
  2.154592E+00  3.376531E+00 -3.992265E+00
  2.159099E+00  3.379012E+00 -4.006559E+00
  2.162619E+00  3.389119E+00 -4.017724E+00
  2.163606E+00  3.396781E+00 -4.020853E+00
  2.165262E+00  3.404107E+00 -4.026106E+00
  2.168113E+00  3.416144E+00 -4.035148E+00
  2.172620E+00  3.416739E+00 -4.049442E+00
  2.173052E+00  3.419095E+00 -4.050814E+00
  2.172620E+00  3.424076E+00 -4.049442E+00
Slice   =     46 , Freq(kT, average of all copies)              =   0.6010
Orbit # =      0 , Freq(kT, this largest copy used for outline) =   0.6165
Points  =     53
  kx            ky            kz
  1.597445E+00  2.478298E+00 -2.254071E+00
  1.592938E+00  2.477294E+00 -2.239777E+00
  1.588431E+00  2.480200E+00 -2.225482E+00
  1.583924E+00  2.481999E+00 -2.211188E+00
  1.579417E+00  2.480642E+00 -2.196894E+00
  1.574910E+00  2.484818E+00 -2.182600E+00
  1.570594E+00  2.472276E+00 -2.168912E+00
  1.570403E+00  2.472021E+00 -2.168305E+00
  1.565896E+00  2.470180E+00 -2.154011E+00
  1.561389E+00  2.466916E+00 -2.139717E+00
  1.558168E+00  2.457288E+00 -2.129503E+00
  1.556882E+00  2.453896E+00 -2.125423E+00
  1.552375E+00  2.447879E+00 -2.111128E+00
  1.547868E+00  2.444565E+00 -2.096834E+00
  1.547218E+00  2.442300E+00 -2.094771E+00
  1.545750E+00  2.427312E+00 -2.090116E+00
  1.543361E+00  2.420429E+00 -2.082540E+00
  1.538854E+00  2.420383E+00 -2.068245E+00
  1.535600E+00  2.412325E+00 -2.057926E+00
  1.534818E+00  2.397337E+00 -2.055445E+00
  1.534347E+00  2.394018E+00 -2.053951E+00
  1.529840E+00  2.387405E+00 -2.039657E+00
  1.526503E+00  2.382349E+00 -2.029073E+00
  1.529840E+00  2.373768E+00 -2.039657E+00
  1.532683E+00  2.367361E+00 -2.048673E+00
  1.534347E+00  2.364437E+00 -2.053951E+00
  1.538700E+00  2.352373E+00 -2.067757E+00
  1.538854E+00  2.352028E+00 -2.068245E+00
  1.543361E+00  2.346560E+00 -2.082540E+00
  1.547868E+00  2.341463E+00 -2.096834E+00
  1.550185E+00  2.337385E+00 -2.104182E+00
  1.552375E+00  2.334102E+00 -2.111128E+00
  1.553535E+00  2.337385E+00 -2.114808E+00
  1.556853E+00  2.352373E+00 -2.125330E+00
  1.556882E+00  2.352459E+00 -2.125423E+00
  1.561389E+00  2.357824E+00 -2.139717E+00
  1.565896E+00  2.366174E+00 -2.154011E+00
  1.566196E+00  2.367361E+00 -2.154964E+00
  1.568825E+00  2.382349E+00 -2.163301E+00
  1.570403E+00  2.387448E+00 -2.168305E+00
  1.574910E+00  2.388637E+00 -2.182600E+00
  1.576679E+00  2.397337E+00 -2.188212E+00
  1.578832E+00  2.412325E+00 -2.195040E+00
  1.579417E+00  2.415578E+00 -2.196894E+00
  1.583924E+00  2.421355E+00 -2.211188E+00
  1.586028E+00  2.427312E+00 -2.217864E+00
  1.588431E+00  2.439832E+00 -2.225482E+00
  1.588925E+00  2.442300E+00 -2.227051E+00
  1.592938E+00  2.456500E+00 -2.239777E+00
  1.597445E+00  2.456778E+00 -2.254071E+00
  1.597526E+00  2.457288E+00 -2.254330E+00
  1.598150E+00  2.472276E+00 -2.256308E+00
  1.597445E+00  2.478298E+00 -2.254071E+00
Theta(deg) =   0.000000 , Phi(deg) =  75.000000 , Number of orbits =     8 , (a.u.^-1) units
Slice   =    100 , Freq(kT, average of all copies)              =   0.2156
Orbit # =      0 , Freq(kT, this largest copy used for outline) =   0.2197
Points  =     37
  kx            ky            kz
  1.457895E+00  2.056034E+00 -4.094462E-01
  1.456162E+00  2.054454E+00 -4.029776E-01
  1.454016E+00  2.052868E+00 -3.949689E-01
  1.450137E+00  2.041926E+00 -3.804916E-01
  1.449705E+00  2.039467E+00 -3.788785E-01
  1.446258E+00  2.028165E+00 -3.660144E-01
  1.445356E+00  2.024479E+00 -3.626480E-01
  1.442378E+00  2.014542E+00 -3.515371E-01
  1.441372E+00  2.009491E+00 -3.477807E-01
  1.439448E+00  1.994503E+00 -3.406004E-01
  1.438499E+00  1.989325E+00 -3.370599E-01
  1.436983E+00  1.979515E+00 -3.314022E-01
  1.434620E+00  1.969481E+00 -3.225826E-01
  1.433421E+00  1.964527E+00 -3.181073E-01
  1.430741E+00  1.950875E+00 -3.081054E-01
  1.430531E+00  1.949539E+00 -3.073200E-01
  1.430476E+00  1.934551E+00 -3.071172E-01
  1.430695E+00  1.919563E+00 -3.079319E-01
  1.430741E+00  1.919406E+00 -3.081054E-01
  1.431710E+00  1.919563E+00 -3.117209E-01
  1.434620E+00  1.920307E+00 -3.225826E-01
  1.438499E+00  1.931627E+00 -3.370599E-01
  1.439245E+00  1.934551E+00 -3.398424E-01
  1.442378E+00  1.944029E+00 -3.515371E-01
  1.444399E+00  1.949539E+00 -3.590763E-01
  1.446258E+00  1.956107E+00 -3.660144E-01
  1.447587E+00  1.964527E+00 -3.709739E-01
  1.449053E+00  1.979515E+00 -3.764484E-01
  1.450137E+00  1.985700E+00 -3.804916E-01
  1.452387E+00  1.994503E+00 -3.888876E-01
  1.454016E+00  2.001685E+00 -3.949689E-01
  1.455672E+00  2.009491E+00 -4.011509E-01
  1.457387E+00  2.024479E+00 -4.075493E-01
  1.457895E+00  2.031180E+00 -4.094462E-01
  1.458535E+00  2.039467E+00 -4.118325E-01
  1.458526E+00  2.054454E+00 -4.118010E-01
  1.457895E+00  2.056034E+00 -4.094462E-01
Slice   =     46 , Freq(kT, average of all copies)              =   0.2910
Orbit # =      0 , Freq(kT, this largest copy used for outline) =   0.2974
Points  =     39
  kx            ky            kz
  7.661857E-02  1.326501E+00 -1.096671E+00
  7.273941E-02  1.325159E+00 -1.082193E+00
  7.062137E-02  1.318940E+00 -1.074289E+00
  6.886024E-02  1.314270E+00 -1.067716E+00
  6.548460E-02  1.303952E+00 -1.055118E+00
  6.498107E-02  1.302516E+00 -1.053239E+00
  6.115744E-02  1.288964E+00 -1.038969E+00
  6.110190E-02  1.288641E+00 -1.038762E+00
  5.958723E-02  1.273976E+00 -1.033109E+00
  5.722273E-02  1.261858E+00 -1.024284E+00
  5.658356E-02  1.258988E+00 -1.021899E+00
  5.334356E-02  1.248053E+00 -1.009807E+00
  5.263450E-02  1.244000E+00 -1.007161E+00
  4.974118E-02  1.229012E+00 -9.963628E-01
  4.946440E-02  1.225782E+00 -9.953298E-01
  4.832857E-02  1.214024E+00 -9.910909E-01
  4.558523E-02  1.200573E+00 -9.808526E-01
  4.532881E-02  1.199036E+00 -9.798956E-01
  4.248560E-02  1.184049E+00 -9.692846E-01
  4.558523E-02  1.170772E+00 -9.808526E-01
  4.946440E-02  1.170277E+00 -9.953298E-01
  5.334356E-02  1.176499E+00 -1.009807E+00
  5.722273E-02  1.182436E+00 -1.024284E+00
  5.741921E-02  1.184049E+00 -1.025018E+00
  5.949550E-02  1.199036E+00 -1.032766E+00
  6.110190E-02  1.209633E+00 -1.038762E+00
  6.194529E-02  1.214024E+00 -1.041909E+00
  6.498107E-02  1.224950E+00 -1.053239E+00
  6.555761E-02  1.229012E+00 -1.055391E+00
  6.859713E-02  1.244000E+00 -1.066734E+00
  6.886024E-02  1.246033E+00 -1.067716E+00
  7.040507E-02  1.258988E+00 -1.073481E+00
  7.264132E-02  1.273976E+00 -1.081827E+00
  7.273941E-02  1.274616E+00 -1.082193E+00
  7.637754E-02  1.288964E+00 -1.095771E+00
  7.661857E-02  1.290266E+00 -1.096671E+00
  7.807528E-02  1.303952E+00 -1.102107E+00
  7.804484E-02  1.318940E+00 -1.101994E+00
  7.661857E-02  1.326501E+00 -1.096671E+00
Slice   =    187 , Freq(kT, average of all copies)              =   0.2948
Orbit # =      0 , Freq(kT, this largest copy used for outline) =   0.3042
Points  =     45
  kx            ky            kz
  1.987786E+00  3.245900E+00 -4.436119E+00
  1.983907E+00  3.244745E+00 -4.421641E+00
  1.980027E+00  3.242724E+00 -4.407164E+00
  1.977146E+00  3.238503E+00 -4.396412E+00
  1.976148E+00  3.237268E+00 -4.392687E+00
  1.972269E+00  3.225536E+00 -4.378210E+00
  1.971923E+00  3.223515E+00 -4.376918E+00
  1.970411E+00  3.208527E+00 -4.371275E+00
  1.968390E+00  3.200590E+00 -4.363732E+00
  1.967056E+00  3.193539E+00 -4.358753E+00
  1.964511E+00  3.184313E+00 -4.349255E+00
  1.963562E+00  3.178551E+00 -4.345714E+00
  1.961075E+00  3.163563E+00 -4.336431E+00
  1.960632E+00  3.160051E+00 -4.334778E+00
  1.959330E+00  3.148575E+00 -4.329922E+00
  1.956752E+00  3.135783E+00 -4.320301E+00
  1.956358E+00  3.133587E+00 -4.318829E+00
  1.952873E+00  3.119317E+00 -4.305823E+00
  1.952755E+00  3.118599E+00 -4.305381E+00
  1.952873E+00  3.111392E+00 -4.305823E+00
  1.953448E+00  3.103611E+00 -4.307967E+00
  1.952873E+00  3.088902E+00 -4.305823E+00
  1.952864E+00  3.088623E+00 -4.305790E+00
  1.952873E+00  3.088582E+00 -4.305823E+00
  1.956752E+00  3.086976E+00 -4.320301E+00
  1.957175E+00  3.088623E+00 -4.321878E+00
  1.960632E+00  3.096572E+00 -4.334778E+00
  1.962744E+00  3.103611E+00 -4.342662E+00
  1.964511E+00  3.108629E+00 -4.349255E+00
  1.968390E+00  3.117622E+00 -4.363732E+00
  1.968517E+00  3.118599E+00 -4.364206E+00
  1.970625E+00  3.133587E+00 -4.372073E+00
  1.972269E+00  3.145844E+00 -4.378210E+00
  1.972798E+00  3.148575E+00 -4.380184E+00
  1.976148E+00  3.161495E+00 -4.392687E+00
  1.976511E+00  3.163563E+00 -4.394040E+00
  1.979543E+00  3.178551E+00 -4.405356E+00
  1.980027E+00  3.182615E+00 -4.407164E+00
  1.981602E+00  3.193539E+00 -4.413042E+00
  1.983907E+00  3.208257E+00 -4.421641E+00
  1.983976E+00  3.208527E+00 -4.421902E+00
  1.987085E+00  3.223515E+00 -4.433503E+00
  1.987786E+00  3.229562E+00 -4.436119E+00
  1.988419E+00  3.238503E+00 -4.438481E+00
  1.987786E+00  3.245900E+00 -4.436119E+00
Slice   =    156 , Freq(kT, average of all copies)              =   0.3319
Orbit # =      0 , Freq(kT, this largest copy used for outline) =   0.3400
Points  =     35
  kx            ky            kz
  4.482207E+00  4.819651E+00 -2.241097E+00
  4.479997E+00  4.827594E+00 -2.232847E+00
  4.478328E+00  4.834015E+00 -2.226619E+00
  4.474449E+00  4.836347E+00 -2.212142E+00
  4.470570E+00  4.835653E+00 -2.197665E+00
  4.466690E+00  4.834518E+00 -2.183188E+00
  4.465280E+00  4.827594E+00 -2.177925E+00
  4.462864E+00  4.812607E+00 -2.168908E+00
  4.462811E+00  4.809770E+00 -2.168710E+00
  4.462703E+00  4.797619E+00 -2.168308E+00
  4.458932E+00  4.783397E+00 -2.154233E+00
  4.458792E+00  4.782631E+00 -2.153712E+00
  4.458932E+00  4.780004E+00 -2.154233E+00
  4.459625E+00  4.767643E+00 -2.156818E+00
  4.458932E+00  4.763906E+00 -2.154233E+00
  4.456899E+00  4.752655E+00 -2.146644E+00
  4.457261E+00  4.737667E+00 -2.147997E+00
  4.458299E+00  4.722679E+00 -2.151869E+00
  4.458932E+00  4.718741E+00 -2.154233E+00
  4.462035E+00  4.707691E+00 -2.165814E+00
  4.462811E+00  4.705469E+00 -2.168710E+00
  4.466690E+00  4.704516E+00 -2.183188E+00
  4.470570E+00  4.705894E+00 -2.197665E+00
  4.470957E+00  4.707691E+00 -2.199111E+00
  4.472479E+00  4.722679E+00 -2.204791E+00
  4.474449E+00  4.727578E+00 -2.212142E+00
  4.477402E+00  4.737667E+00 -2.223165E+00
  4.476766E+00  4.752655E+00 -2.220791E+00
  4.478328E+00  4.759041E+00 -2.226619E+00
  4.480226E+00  4.767643E+00 -2.233704E+00
  4.480837E+00  4.782631E+00 -2.235983E+00
  4.481606E+00  4.797619E+00 -2.238854E+00
  4.482207E+00  4.802340E+00 -2.241097E+00
  4.483369E+00  4.812607E+00 -2.245432E+00
  4.482207E+00  4.819651E+00 -2.241097E+00
Slice   =      6 , Freq(kT, average of all copies)              =   0.4173
Orbit # =      0 , Freq(kT, this largest copy used for outline) =   0.4223
Points  =     43
  kx            ky            kz
 -2.896612E+00 -6.793051E-01 -2.901160E+00
 -2.897728E+00 -6.759307E-01 -2.896996E+00
 -2.900491E+00 -6.659189E-01 -2.886683E+00
 -2.904370E+00 -6.653932E-01 -2.872205E+00
 -2.908250E+00 -6.728335E-01 -2.857728E+00
 -2.909010E+00 -6.759307E-01 -2.854891E+00
 -2.909862E+00 -6.909187E-01 -2.851709E+00
 -2.912129E+00 -6.972817E-01 -2.843251E+00
 -2.913416E+00 -7.059066E-01 -2.838447E+00
 -2.916008E+00 -7.203425E-01 -2.828774E+00
 -2.916109E+00 -7.208946E-01 -2.828397E+00
 -2.916008E+00 -7.260943E-01 -2.828774E+00
 -2.915776E+00 -7.358825E-01 -2.829638E+00
 -2.916008E+00 -7.373687E-01 -2.828774E+00
 -2.918921E+00 -7.508705E-01 -2.817902E+00
 -2.919266E+00 -7.658585E-01 -2.816613E+00
 -2.919887E+00 -7.686979E-01 -2.814296E+00
 -2.922025E+00 -7.808464E-01 -2.806317E+00
 -2.923766E+00 -7.952301E-01 -2.799819E+00
 -2.923855E+00 -7.958344E-01 -2.799486E+00
 -2.923766E+00 -8.097830E-01 -2.799819E+00
 -2.923754E+00 -8.108223E-01 -2.799863E+00
 -2.923766E+00 -8.110852E-01 -2.799819E+00
 -2.924999E+00 -8.258103E-01 -2.795219E+00
 -2.923766E+00 -8.284707E-01 -2.799819E+00
 -2.919887E+00 -8.300298E-01 -2.814296E+00
 -2.916008E+00 -8.294407E-01 -2.828774E+00
 -2.912291E+00 -8.258103E-01 -2.842643E+00
 -2.912129E+00 -8.255497E-01 -2.843251E+00
 -2.908250E+00 -8.155713E-01 -2.857728E+00
 -2.906763E+00 -8.108223E-01 -2.863275E+00
 -2.904370E+00 -8.044655E-01 -2.872205E+00
 -2.901825E+00 -7.958344E-01 -2.881705E+00
 -2.902063E+00 -7.808464E-01 -2.880815E+00
 -2.900491E+00 -7.749045E-01 -2.886683E+00
 -2.898370E+00 -7.658585E-01 -2.894600E+00
 -2.898223E+00 -7.508705E-01 -2.895149E+00
 -2.896692E+00 -7.358825E-01 -2.900860E+00
 -2.896612E+00 -7.349754E-01 -2.901160E+00
 -2.895431E+00 -7.208946E-01 -2.905567E+00
 -2.896134E+00 -7.059066E-01 -2.902943E+00
 -2.893231E+00 -6.909187E-01 -2.913777E+00
 -2.896612E+00 -6.793051E-01 -2.901160E+00
Slice   =    217 , Freq(kT, average of all copies)              =   0.4193
Orbit # =      0 , Freq(kT, this largest copy used for outline) =   0.4255
Points  =     41
  kx            ky            kz
  3.380605E+00  3.844326E+00 -1.914351E+00
  3.376726E+00  3.848807E+00 -1.899873E+00
  3.372846E+00  3.844704E+00 -1.885396E+00
  3.368967E+00  3.840429E+00 -1.870919E+00
  3.368697E+00  3.839494E+00 -1.869911E+00
  3.365088E+00  3.833036E+00 -1.856442E+00
  3.362574E+00  3.824506E+00 -1.847060E+00
  3.361209E+00  3.817883E+00 -1.841964E+00
  3.359371E+00  3.809518E+00 -1.835105E+00
  3.358622E+00  3.794530E+00 -1.832308E+00
  3.357330E+00  3.789596E+00 -1.827487E+00
  3.355374E+00  3.779542E+00 -1.820188E+00
  3.354335E+00  3.764554E+00 -1.816312E+00
  3.353885E+00  3.749566E+00 -1.814629E+00
  3.353451E+00  3.745176E+00 -1.813010E+00
  3.352070E+00  3.734578E+00 -1.807858E+00
  3.352829E+00  3.719590E+00 -1.810690E+00
  3.349571E+00  3.705036E+00 -1.798532E+00
  3.349499E+00  3.704602E+00 -1.798261E+00
  3.349571E+00  3.704028E+00 -1.798532E+00
  3.352649E+00  3.689614E+00 -1.810018E+00
  3.353451E+00  3.684530E+00 -1.813010E+00
  3.357330E+00  3.683804E+00 -1.827487E+00
  3.361209E+00  3.682282E+00 -1.841964E+00
  3.365088E+00  3.688591E+00 -1.856442E+00
  3.365365E+00  3.689614E+00 -1.857476E+00
  3.367077E+00  3.704602E+00 -1.863864E+00
  3.368967E+00  3.715762E+00 -1.870919E+00
  3.369455E+00  3.719590E+00 -1.872741E+00
  3.372399E+00  3.734578E+00 -1.883726E+00
  3.372463E+00  3.749566E+00 -1.883967E+00
  3.372846E+00  3.751505E+00 -1.885396E+00
  3.376711E+00  3.764554E+00 -1.899821E+00
  3.375809E+00  3.779542E+00 -1.896454E+00
  3.376726E+00  3.783934E+00 -1.899873E+00
  3.378636E+00  3.794530E+00 -1.907002E+00
  3.379389E+00  3.809518E+00 -1.909812E+00
  3.380272E+00  3.824506E+00 -1.913109E+00
  3.380605E+00  3.827359E+00 -1.914351E+00
  3.382143E+00  3.839494E+00 -1.920091E+00
  3.380605E+00  3.844326E+00 -1.914351E+00
Slice   =     14 , Freq(kT, average of all copies)              =   0.6571
Orbit # =      0 , Freq(kT, this largest copy used for outline) =   0.6648
Points  =     51
  kx            ky            kz
 -1.032708E+00  3.882996E-01 -1.524826E+00
 -1.036588E+00  3.810078E-01 -1.510349E+00
 -1.040467E+00  3.839444E-01 -1.495872E+00
 -1.044346E+00  3.829967E-01 -1.481395E+00
 -1.048225E+00  3.805406E-01 -1.466917E+00
 -1.052104E+00  3.857143E-01 -1.452440E+00
 -1.055983E+00  3.736067E-01 -1.437963E+00
 -1.055989E+00  3.735944E-01 -1.437942E+00
 -1.059863E+00  3.698313E-01 -1.423486E+00
 -1.063742E+00  3.697549E-01 -1.409008E+00
 -1.067621E+00  3.626663E-01 -1.394531E+00
 -1.068395E+00  3.586064E-01 -1.391642E+00
 -1.071500E+00  3.495828E-01 -1.380054E+00
 -1.075379E+00  3.499270E-01 -1.365577E+00
 -1.077806E+00  3.436185E-01 -1.356521E+00
 -1.079258E+00  3.291580E-01 -1.351099E+00
 -1.079341E+00  3.286305E-01 -1.350793E+00
 -1.083138E+00  3.226468E-01 -1.336622E+00
 -1.087017E+00  3.160126E-01 -1.322145E+00
 -1.087553E+00  3.136425E-01 -1.320142E+00
 -1.088028E+00  2.986546E-01 -1.318370E+00
 -1.090896E+00  2.890757E-01 -1.307668E+00
 -1.094775E+00  2.857152E-01 -1.293190E+00
 -1.095266E+00  2.836666E-01 -1.291360E+00
 -1.094775E+00  2.767251E-01 -1.293190E+00
 -1.092276E+00  2.686787E-01 -1.302517E+00
 -1.090896E+00  2.668129E-01 -1.307668E+00
 -1.087017E+00  2.634583E-01 -1.322145E+00
 -1.083138E+00  2.640416E-01 -1.336622E+00
 -1.079258E+00  2.686748E-01 -1.351099E+00
 -1.075379E+00  2.660572E-01 -1.365577E+00
 -1.071500E+00  2.617675E-01 -1.380054E+00
 -1.067621E+00  2.663699E-01 -1.394531E+00
 -1.063742E+00  2.611806E-01 -1.409008E+00
 -1.059863E+00  2.667543E-01 -1.423486E+00
 -1.059371E+00  2.686787E-01 -1.425320E+00
 -1.055983E+00  2.789867E-01 -1.437963E+00
 -1.052104E+00  2.765817E-01 -1.452440E+00
 -1.050374E+00  2.836666E-01 -1.458898E+00
 -1.048699E+00  2.986546E-01 -1.465148E+00
 -1.048225E+00  3.017790E-01 -1.466917E+00
 -1.044346E+00  3.077623E-01 -1.481395E+00
 -1.041793E+00  3.136425E-01 -1.490923E+00
 -1.040467E+00  3.204497E-01 -1.495872E+00
 -1.039360E+00  3.286305E-01 -1.500001E+00
 -1.036588E+00  3.403093E-01 -1.510349E+00
 -1.032708E+00  3.388684E-01 -1.524826E+00
 -1.031869E+00  3.436185E-01 -1.527960E+00
 -1.030617E+00  3.586064E-01 -1.532634E+00
 -1.030190E+00  3.735944E-01 -1.534225E+00
 -1.032708E+00  3.882996E-01 -1.524826E+00
Slice   =     36 , Freq(kT, average of all copies)              =   0.6587
Orbit # =      0 , Freq(kT, this largest copy used for outline) =   0.6641
Points  =     53
  kx            ky            kz
 -4.465463E-01  1.507046E+00 -3.266872E+00
 -4.504254E-01  1.501785E+00 -3.252395E+00
 -4.543046E-01  1.506185E+00 -3.237917E+00
 -4.581838E-01  1.511103E+00 -3.223440E+00
 -4.620629E-01  1.504678E+00 -3.208963E+00
 -4.659421E-01  1.509549E+00 -3.194486E+00
 -4.698213E-01  1.500036E+00 -3.180008E+00
 -4.737004E-01  1.500635E+00 -3.165531E+00
 -4.775796E-01  1.498375E+00 -3.151054E+00
 -4.778576E-01  1.497691E+00 -3.150017E+00
 -4.814588E-01  1.483216E+00 -3.136577E+00
 -4.817063E-01  1.482703E+00 -3.135653E+00
 -4.853379E-01  1.479406E+00 -3.122099E+00
 -4.892171E-01  1.476265E+00 -3.107622E+00
 -4.910495E-01  1.467715E+00 -3.100784E+00
 -4.930963E-01  1.459390E+00 -3.093145E+00
 -4.969755E-01  1.457893E+00 -3.078668E+00
 -5.008546E-01  1.454895E+00 -3.064190E+00
 -5.014438E-01  1.452727E+00 -3.061991E+00
 -5.021406E-01  1.437739E+00 -3.059391E+00
 -5.047338E-01  1.428877E+00 -3.049713E+00
 -5.086130E-01  1.428563E+00 -3.035236E+00
 -5.102612E-01  1.422751E+00 -3.029085E+00
 -5.100978E-01  1.407763E+00 -3.029694E+00
 -5.099710E-01  1.392775E+00 -3.030167E+00
 -5.086130E-01  1.391452E+00 -3.035236E+00
 -5.047338E-01  1.392335E+00 -3.049713E+00
 -5.008546E-01  1.387664E+00 -3.064190E+00
 -4.969755E-01  1.380790E+00 -3.078668E+00
 -4.939300E-01  1.377787E+00 -3.090034E+00
 -4.930963E-01  1.377143E+00 -3.093145E+00
 -4.892171E-01  1.373934E+00 -3.107622E+00
 -4.853379E-01  1.365595E+00 -3.122099E+00
 -4.826275E-01  1.377787E+00 -3.132215E+00
 -4.814588E-01  1.383995E+00 -3.136577E+00
 -4.775796E-01  1.387357E+00 -3.151054E+00
 -4.755731E-01  1.392775E+00 -3.158542E+00
 -4.737004E-01  1.398107E+00 -3.165531E+00
 -4.719975E-01  1.407763E+00 -3.171887E+00
 -4.698213E-01  1.416497E+00 -3.180008E+00
 -4.659421E-01  1.417249E+00 -3.194486E+00
 -4.648559E-01  1.422751E+00 -3.198540E+00
 -4.630710E-01  1.437739E+00 -3.205201E+00
 -4.620629E-01  1.444998E+00 -3.208963E+00
 -4.581838E-01  1.449808E+00 -3.223440E+00
 -4.570926E-01  1.452727E+00 -3.227512E+00
 -4.543046E-01  1.467179E+00 -3.237917E+00
 -4.542208E-01  1.467715E+00 -3.238230E+00
 -4.514965E-01  1.482703E+00 -3.248397E+00
 -4.504254E-01  1.489744E+00 -3.252395E+00
 -4.465463E-01  1.483396E+00 -3.266872E+00
 -4.456306E-01  1.497691E+00 -3.270289E+00
 -4.465463E-01  1.507046E+00 -3.266872E+00
Theta(deg) =   0.000000 , Phi(deg) =  77.500000 , Number of orbits =     7 , (a.u.^-1) units
Slice   =    150 , Freq(kT, average of all copies)              =   0.2187
Orbit # =      0 , Freq(kT, this largest copy used for outline) =   0.2238
Points  =     35
  kx            ky            kz
  2.586205E+00  4.287830E+00 -3.808613E+00
  2.586172E+00  4.287660E+00 -3.808464E+00
  2.582961E+00  4.278032E+00 -3.793980E+00
  2.582033E+00  4.272672E+00 -3.789794E+00
  2.579717E+00  4.263668E+00 -3.779347E+00
  2.578676E+00  4.257684E+00 -3.774653E+00
  2.576473E+00  4.249560E+00 -3.764715E+00
  2.575164E+00  4.242696E+00 -3.758813E+00
  2.573229E+00  4.229918E+00 -3.750082E+00
  2.572938E+00  4.227708E+00 -3.748772E+00
  2.571567E+00  4.212720E+00 -3.742588E+00
  2.569985E+00  4.201987E+00 -3.735449E+00
  2.569127E+00  4.197732E+00 -3.731580E+00
  2.566741E+00  4.187673E+00 -3.720817E+00
  2.565905E+00  4.182744E+00 -3.717047E+00
  2.564951E+00  4.167756E+00 -3.712745E+00
  2.565086E+00  4.152768E+00 -3.713351E+00
  2.566741E+00  4.146493E+00 -3.720817E+00
  2.569985E+00  4.150315E+00 -3.735449E+00
  2.570385E+00  4.152768E+00 -3.737253E+00
  2.573229E+00  4.164663E+00 -3.750082E+00
  2.574046E+00  4.167756E+00 -3.753768E+00
  2.576473E+00  4.176547E+00 -3.764715E+00
  2.577654E+00  4.182744E+00 -3.770041E+00
  2.579556E+00  4.197732E+00 -3.778621E+00
  2.579717E+00  4.198664E+00 -3.779347E+00
  2.581410E+00  4.212720E+00 -3.786984E+00
  2.582961E+00  4.222014E+00 -3.793980E+00
  2.584200E+00  4.227708E+00 -3.799569E+00
  2.586205E+00  4.237345E+00 -3.808613E+00
  2.587073E+00  4.242696E+00 -3.812529E+00
  2.588124E+00  4.257684E+00 -3.817271E+00
  2.588898E+00  4.272672E+00 -3.820761E+00
  2.588260E+00  4.287660E+00 -3.817883E+00
  2.586205E+00  4.287830E+00 -3.808613E+00
Slice   =    205 , Freq(kT, average of all copies)              =   0.2884
Orbit # =      0 , Freq(kT, this largest copy used for outline) =   0.2943
Points  =     41
  kx            ky            kz
  4.476223E+00  4.532378E+00 -1.409763E+00
  4.474611E+00  4.528940E+00 -1.402495E+00
  4.472979E+00  4.525073E+00 -1.395130E+00
  4.470215E+00  4.513952E+00 -1.382663E+00
  4.469735E+00  4.512779E+00 -1.380498E+00
  4.466491E+00  4.501566E+00 -1.365865E+00
  4.466096E+00  4.498964E+00 -1.364084E+00
  4.463247E+00  4.485513E+00 -1.351232E+00
  4.463041E+00  4.483976E+00 -1.350304E+00
  4.461666E+00  4.468988E+00 -1.344103E+00
  4.460003E+00  4.456944E+00 -1.336600E+00
  4.459461E+00  4.454000E+00 -1.334156E+00
  4.456759E+00  4.442725E+00 -1.321967E+00
  4.456218E+00  4.439012E+00 -1.319530E+00
  4.453515E+00  4.424362E+00 -1.307334E+00
  4.453456E+00  4.424024E+00 -1.307069E+00
  4.452655E+00  4.409036E+00 -1.303458E+00
  4.450839E+00  4.394048E+00 -1.295264E+00
  4.450271E+00  4.386480E+00 -1.292702E+00
  4.449482E+00  4.379060E+00 -1.289147E+00
  4.450271E+00  4.371965E+00 -1.292702E+00
  4.453515E+00  4.370011E+00 -1.307334E+00
  4.456759E+00  4.372485E+00 -1.321967E+00
  4.460003E+00  4.378055E+00 -1.336600E+00
  4.460093E+00  4.379060E+00 -1.337008E+00
  4.461775E+00  4.394048E+00 -1.344595E+00
  4.463247E+00  4.406716E+00 -1.351232E+00
  4.463599E+00  4.409036E+00 -1.352824E+00
  4.466491E+00  4.421070E+00 -1.365865E+00
  4.466856E+00  4.424024E+00 -1.367513E+00
  4.469145E+00  4.439012E+00 -1.377836E+00
  4.469735E+00  4.443811E+00 -1.380498E+00
  4.470901E+00  4.454000E+00 -1.385759E+00
  4.472437E+00  4.468988E+00 -1.392686E+00
  4.472979E+00  4.472870E+00 -1.395130E+00
  4.475426E+00  4.483976E+00 -1.406168E+00
  4.476223E+00  4.488811E+00 -1.409763E+00
  4.477262E+00  4.498964E+00 -1.414453E+00
  4.477854E+00  4.513952E+00 -1.417124E+00
  4.477199E+00  4.528940E+00 -1.414166E+00
  4.476223E+00  4.532378E+00 -1.409763E+00
Slice   =    209 , Freq(kT, average of all copies)              =   0.2916
Orbit # =      0 , Freq(kT, this largest copy used for outline) =   0.2974
Points  =     45
  kx            ky            kz
  3.791016E+00  3.106370E+00 -1.047471E+00
  3.789373E+00  3.104716E+00 -1.040061E+00
  3.787772E+00  3.101636E+00 -1.032839E+00
  3.785459E+00  3.104716E+00 -1.022405E+00
  3.784528E+00  3.105268E+00 -1.018206E+00
  3.784379E+00  3.104716E+00 -1.017534E+00
  3.781284E+00  3.096482E+00 -1.003573E+00
  3.780038E+00  3.089728E+00 -9.979551E-01
  3.778040E+00  3.078790E+00 -9.889407E-01
  3.777452E+00  3.074740E+00 -9.862890E-01
  3.775495E+00  3.059752E+00 -9.774636E-01
  3.774796E+00  3.057283E+00 -9.743080E-01
  3.772450E+00  3.044764E+00 -9.637279E-01
  3.771552E+00  3.039764E+00 -9.596753E-01
  3.770045E+00  3.029776E+00 -9.528759E-01
  3.768308E+00  3.015951E+00 -9.450427E-01
  3.768139E+00  3.014788E+00 -9.442807E-01
  3.766507E+00  2.999800E+00 -9.369182E-01
  3.765064E+00  2.991908E+00 -9.304100E-01
  3.763834E+00  2.984812E+00 -9.248628E-01
  3.761820E+00  2.971499E+00 -9.157773E-01
  3.761591E+00  2.969824E+00 -9.147457E-01
  3.761820E+00  2.955502E+00 -9.157773E-01
  3.761894E+00  2.954836E+00 -9.161124E-01
  3.765064E+00  2.942042E+00 -9.304100E-01
  3.768308E+00  2.952083E+00 -9.450427E-01
  3.768753E+00  2.954836E+00 -9.470516E-01
  3.771552E+00  2.964974E+00 -9.596753E-01
  3.772811E+00  2.969824E+00 -9.653544E-01
  3.774796E+00  2.977321E+00 -9.743080E-01
  3.775810E+00  2.984812E+00 -9.788831E-01
  3.777476E+00  2.999800E+00 -9.863977E-01
  3.778040E+00  3.003716E+00 -9.889407E-01
  3.779787E+00  3.014788E+00 -9.968223E-01
  3.781284E+00  3.022113E+00 -1.003573E+00
  3.782695E+00  3.029776E+00 -1.009940E+00
  3.784528E+00  3.042185E+00 -1.018206E+00
  3.784963E+00  3.044764E+00 -1.020168E+00
  3.786517E+00  3.059752E+00 -1.027177E+00
  3.787772E+00  3.069238E+00 -1.032839E+00
  3.788780E+00  3.074740E+00 -1.037385E+00
  3.791016E+00  3.089461E+00 -1.047471E+00
  3.791041E+00  3.089728E+00 -1.047583E+00
  3.791309E+00  3.104716E+00 -1.048796E+00
  3.791016E+00  3.106370E+00 -1.047471E+00
Slice   =    171 , Freq(kT, average of all copies)              =   0.3116
Orbit # =      0 , Freq(kT, this largest copy used for outline) =   0.3188
Points  =     33
  kx            ky            kz
  1.266525E+00  2.450122E+00 -1.860348E+00
  1.264675E+00  2.459866E+00 -1.852002E+00
  1.263281E+00  2.471713E+00 -1.845715E+00
  1.260037E+00  2.472115E+00 -1.831082E+00
  1.256793E+00  2.473655E+00 -1.816450E+00
  1.253549E+00  2.467354E+00 -1.801817E+00
  1.252257E+00  2.459866E+00 -1.795989E+00
  1.251146E+00  2.444878E+00 -1.790978E+00
  1.250305E+00  2.435295E+00 -1.787184E+00
  1.250020E+00  2.429890E+00 -1.785900E+00
  1.247442E+00  2.414902E+00 -1.774273E+00
  1.248208E+00  2.399914E+00 -1.777726E+00
  1.247061E+00  2.392285E+00 -1.772552E+00
  1.245719E+00  2.384926E+00 -1.766500E+00
  1.246961E+00  2.369938E+00 -1.772103E+00
  1.247028E+00  2.354950E+00 -1.772404E+00
  1.247061E+00  2.354723E+00 -1.772552E+00
  1.250305E+00  2.340412E+00 -1.787184E+00
  1.251012E+00  2.339962E+00 -1.790376E+00
  1.253549E+00  2.339331E+00 -1.801817E+00
  1.256793E+00  2.339048E+00 -1.816450E+00
  1.257009E+00  2.339962E+00 -1.817426E+00
  1.257462E+00  2.354950E+00 -1.819468E+00
  1.260037E+00  2.363813E+00 -1.831082E+00
  1.261588E+00  2.369938E+00 -1.838080E+00
  1.261609E+00  2.384926E+00 -1.838174E+00
  1.263281E+00  2.396171E+00 -1.845715E+00
  1.263728E+00  2.399914E+00 -1.847732E+00
  1.264827E+00  2.414902E+00 -1.852689E+00
  1.264720E+00  2.429890E+00 -1.852205E+00
  1.266525E+00  2.441241E+00 -1.860348E+00
  1.267042E+00  2.444878E+00 -1.862680E+00
  1.266525E+00  2.450122E+00 -1.860348E+00
Slice   =    203 , Freq(kT, average of all copies)              =   0.3945
Orbit # =      0 , Freq(kT, this largest copy used for outline) =   0.4021
Points  =     39
  kx            ky            kz
  4.089254E+00  4.614486E+00 -3.912834E+00
  4.088303E+00  4.617763E+00 -3.908544E+00
  4.086010E+00  4.627702E+00 -3.898201E+00
  4.082766E+00  4.628558E+00 -3.883568E+00
  4.079522E+00  4.620817E+00 -3.868935E+00
  4.079003E+00  4.617763E+00 -3.866595E+00
  4.078608E+00  4.602775E+00 -3.864812E+00
  4.076278E+00  4.590403E+00 -3.854303E+00
  4.076045E+00  4.587787E+00 -3.853250E+00
  4.073421E+00  4.572799E+00 -3.841413E+00
  4.073870E+00  4.557811E+00 -3.843439E+00
  4.073034E+00  4.551923E+00 -3.839670E+00
  4.071540E+00  4.542823E+00 -3.832930E+00
  4.070997E+00  4.527835E+00 -3.830480E+00
  4.069790E+00  4.518874E+00 -3.825037E+00
  4.069121E+00  4.512847E+00 -3.822017E+00
  4.066869E+00  4.497859E+00 -3.811859E+00
  4.067521E+00  4.482871E+00 -3.814802E+00
  4.066546E+00  4.472234E+00 -3.810405E+00
  4.066090E+00  4.467884E+00 -3.808345E+00
  4.066546E+00  4.465404E+00 -3.810405E+00
  4.069790E+00  4.462946E+00 -3.825037E+00
  4.073034E+00  4.463173E+00 -3.839670E+00
  4.076278E+00  4.466734E+00 -3.854303E+00
  4.076711E+00  4.467884E+00 -3.856256E+00
  4.079522E+00  4.476745E+00 -3.868935E+00
  4.081072E+00  4.482871E+00 -3.875925E+00
  4.082766E+00  4.488378E+00 -3.883568E+00
  4.084846E+00  4.497859E+00 -3.892948E+00
  4.084721E+00  4.512847E+00 -3.892387E+00
  4.086010E+00  4.518948E+00 -3.898201E+00
  4.087580E+00  4.527835E+00 -3.905281E+00
  4.087677E+00  4.542823E+00 -3.905720E+00
  4.088959E+00  4.557811E+00 -3.911502E+00
  4.089254E+00  4.562347E+00 -3.912834E+00
  4.089865E+00  4.572799E+00 -3.915588E+00
  4.089479E+00  4.587787E+00 -3.913846E+00
  4.091392E+00  4.602775E+00 -3.922478E+00
  4.089254E+00  4.614486E+00 -3.912834E+00
Slice   =    148 , Freq(kT, average of all copies)              =   0.3970
Orbit # =      0 , Freq(kT, this largest copy used for outline) =   0.4031
Points  =     41
  kx            ky            kz
  2.917886E+00  3.427484E+00 -1.609303E+00
  2.914642E+00  3.429320E+00 -1.594670E+00
  2.911398E+00  3.424601E+00 -1.580038E+00
  2.909149E+00  3.418727E+00 -1.569892E+00
  2.908154E+00  3.416097E+00 -1.565405E+00
  2.904910E+00  3.408251E+00 -1.550772E+00
  2.904049E+00  3.403739E+00 -1.546886E+00
  2.901666E+00  3.392510E+00 -1.536140E+00
  2.901068E+00  3.388751E+00 -1.533439E+00
  2.901163E+00  3.373763E+00 -1.533871E+00
  2.898833E+00  3.358775E+00 -1.523359E+00
  2.898422E+00  3.348710E+00 -1.521507E+00
  2.898207E+00  3.343787E+00 -1.520536E+00
  2.897118E+00  3.328799E+00 -1.515625E+00
  2.895178E+00  3.314572E+00 -1.506874E+00
  2.895100E+00  3.313811E+00 -1.506522E+00
  2.895178E+00  3.312790E+00 -1.506874E+00
  2.896564E+00  3.298823E+00 -1.513126E+00
  2.895178E+00  3.285795E+00 -1.506874E+00
  2.894918E+00  3.283835E+00 -1.505699E+00
  2.895178E+00  3.281006E+00 -1.506874E+00
  2.897260E+00  3.268847E+00 -1.516265E+00
  2.898422E+00  3.263002E+00 -1.521507E+00
  2.901666E+00  3.262531E+00 -1.536140E+00
  2.904910E+00  3.265888E+00 -1.550772E+00
  2.905639E+00  3.268847E+00 -1.554057E+00
  2.908007E+00  3.283835E+00 -1.564743E+00
  2.908154E+00  3.284796E+00 -1.565405E+00
  2.909413E+00  3.298823E+00 -1.571085E+00
  2.911398E+00  3.309265E+00 -1.580038E+00
  2.912073E+00  3.313811E+00 -1.583079E+00
  2.912045E+00  3.328799E+00 -1.582957E+00
  2.914642E+00  3.341839E+00 -1.594670E+00
  2.914945E+00  3.343787E+00 -1.596034E+00
  2.914685E+00  3.358775E+00 -1.594863E+00
  2.916918E+00  3.373763E+00 -1.604936E+00
  2.917886E+00  3.386705E+00 -1.609303E+00
  2.918011E+00  3.388751E+00 -1.609868E+00
  2.918681E+00  3.403739E+00 -1.612890E+00
  2.920063E+00  3.418727E+00 -1.619124E+00
  2.917886E+00  3.427484E+00 -1.609303E+00
Slice   =    204 , Freq(kT, average of all copies)              =   0.7322
Orbit # =      0 , Freq(kT, this largest copy used for outline) =   0.7430
Points  =     71
  kx            ky            kz
  2.090022E+00  3.453217E+00 -4.118184E+00
  2.087034E+00  3.449071E+00 -4.104709E+00
  2.086778E+00  3.448221E+00 -4.103552E+00
  2.086442E+00  3.449071E+00 -4.102038E+00
  2.083534E+00  3.452046E+00 -4.088919E+00
  2.081066E+00  3.449071E+00 -4.077789E+00
  2.080290E+00  3.447591E+00 -4.074286E+00
  2.077046E+00  3.445401E+00 -4.059654E+00
  2.075179E+00  3.449071E+00 -4.051233E+00
  2.073802E+00  3.452292E+00 -4.045021E+00
  2.072147E+00  3.449071E+00 -4.037557E+00
  2.070558E+00  3.447583E+00 -4.030388E+00
  2.067314E+00  3.448973E+00 -4.015756E+00
  2.067272E+00  3.449071E+00 -4.015565E+00
  2.064070E+00  3.455037E+00 -4.001123E+00
  2.060826E+00  3.453291E+00 -3.986490E+00
  2.059524E+00  3.449071E+00 -3.980617E+00
  2.057582E+00  3.436762E+00 -3.971858E+00
  2.055847E+00  3.434083E+00 -3.964033E+00
  2.054338E+00  3.433060E+00 -3.957225E+00
  2.051094E+00  3.421212E+00 -3.942592E+00
  2.050718E+00  3.419095E+00 -3.940898E+00
  2.047850E+00  3.408341E+00 -3.927960E+00
  2.045746E+00  3.404107E+00 -3.918469E+00
  2.044606E+00  3.400671E+00 -3.913327E+00
  2.043206E+00  3.389119E+00 -3.907013E+00
  2.041362E+00  3.379150E+00 -3.898694E+00
  2.038118E+00  3.377420E+00 -3.884062E+00
  2.037136E+00  3.374131E+00 -3.879631E+00
  2.036014E+00  3.359143E+00 -3.874570E+00
  2.034874E+00  3.351517E+00 -3.869429E+00
  2.031630E+00  3.347513E+00 -3.854796E+00
  2.030292E+00  3.344155E+00 -3.848763E+00
  2.031630E+00  3.329283E+00 -3.854796E+00
  2.031668E+00  3.329167E+00 -3.854967E+00
  2.034874E+00  3.322508E+00 -3.869429E+00
  2.038118E+00  3.321038E+00 -3.884062E+00
  2.041230E+00  3.329167E+00 -3.898096E+00
  2.041362E+00  3.329484E+00 -3.898694E+00
  2.041548E+00  3.329167E+00 -3.899531E+00
  2.044606E+00  3.324701E+00 -3.913327E+00
  2.047850E+00  3.324279E+00 -3.927960E+00
  2.050556E+00  3.329167E+00 -3.940166E+00
  2.051094E+00  3.330106E+00 -3.942592E+00
  2.054338E+00  3.332102E+00 -3.957225E+00
  2.057582E+00  3.333306E+00 -3.971858E+00
  2.060326E+00  3.344155E+00 -3.984235E+00
  2.060826E+00  3.345701E+00 -3.986490E+00
  2.062125E+00  3.344155E+00 -3.992348E+00
  2.064070E+00  3.342537E+00 -4.001123E+00
  2.065052E+00  3.344155E+00 -4.005555E+00
  2.067300E+00  3.359143E+00 -4.015692E+00
  2.067314E+00  3.359192E+00 -4.015756E+00
  2.070558E+00  3.364602E+00 -4.030388E+00
  2.073639E+00  3.359143E+00 -4.044284E+00
  2.073802E+00  3.358807E+00 -4.045021E+00
  2.073866E+00  3.359143E+00 -4.045309E+00
  2.076158E+00  3.374131E+00 -4.055649E+00
  2.077046E+00  3.383887E+00 -4.059654E+00
  2.080290E+00  3.386696E+00 -4.074286E+00
  2.081220E+00  3.389119E+00 -4.078481E+00
  2.083534E+00  3.399240E+00 -4.088919E+00
  2.084180E+00  3.404107E+00 -4.091834E+00
  2.086446E+00  3.419095E+00 -4.102057E+00
  2.086778E+00  3.421150E+00 -4.103552E+00
  2.087632E+00  3.419095E+00 -4.107406E+00
  2.090022E+00  3.417171E+00 -4.118184E+00
  2.090373E+00  3.419095E+00 -4.119769E+00
  2.091362E+00  3.434083E+00 -4.124227E+00
  2.091091E+00  3.449071E+00 -4.123009E+00
  2.090022E+00  3.453217E+00 -4.118184E+00
Theta(deg) =   0.000000 , Phi(deg) =  80.000000 , Number of orbits =     7 , (a.u.^-1) units
Slice   =     97 , Freq(kT, average of all copies)              =   0.2233
Orbit # =      0 , Freq(kT, this largest copy used for outline) =   0.2291
Points  =     37
  kx            ky            kz
  1.367342E+00  1.235519E+00 -7.112241E-01
  1.364739E+00  1.231717E+00 -6.964638E-01
  1.364334E+00  1.229381E+00 -6.941645E-01
  1.362136E+00  1.220479E+00 -6.817036E-01
  1.361197E+00  1.214393E+00 -6.763779E-01
  1.359534E+00  1.207069E+00 -6.669433E-01
  1.358309E+00  1.199405E+00 -6.599987E-01
  1.356931E+00  1.189030E+00 -6.521831E-01
  1.356358E+00  1.184417E+00 -6.489343E-01
  1.355030E+00  1.169429E+00 -6.413987E-01
  1.354328E+00  1.163841E+00 -6.374228E-01
  1.353274E+00  1.154441E+00 -6.314417E-01
  1.351726E+00  1.144187E+00 -6.226626E-01
  1.350980E+00  1.139453E+00 -6.184337E-01
  1.349123E+00  1.126133E+00 -6.079023E-01
  1.348935E+00  1.124465E+00 -6.068374E-01
  1.348742E+00  1.109477E+00 -6.057431E-01
  1.348664E+00  1.094489E+00 -6.052969E-01
  1.349123E+00  1.090860E+00 -6.079023E-01
  1.351726E+00  1.092962E+00 -6.226626E-01
  1.351957E+00  1.094489E+00 -6.239713E-01
  1.354328E+00  1.104460E+00 -6.374228E-01
  1.354969E+00  1.109477E+00 -6.410572E-01
  1.356931E+00  1.120400E+00 -6.521831E-01
  1.357719E+00  1.124465E+00 -6.566529E-01
  1.359534E+00  1.133180E+00 -6.669433E-01
  1.360337E+00  1.139453E+00 -6.715000E-01
  1.361538E+00  1.154441E+00 -6.783098E-01
  1.362136E+00  1.160487E+00 -6.817036E-01
  1.363096E+00  1.169429E+00 -6.871446E-01
  1.364739E+00  1.181510E+00 -6.964638E-01
  1.365128E+00  1.184417E+00 -6.986697E-01
  1.367214E+00  1.199405E+00 -7.105025E-01
  1.367342E+00  1.201146E+00 -7.112241E-01
  1.368112E+00  1.214393E+00 -7.155942E-01
  1.368174E+00  1.229381E+00 -7.159436E-01
  1.367342E+00  1.235519E+00 -7.112241E-01
Slice   =    140 , Freq(kT, average of all copies)              =   0.2865
Orbit # =      0 , Freq(kT, this largest copy used for outline) =   0.2906
Points  =     43
  kx            ky            kz
  1.420262E+00  2.442439E+00 -1.425885E+00
  1.418361E+00  2.444509E+00 -1.415099E+00
  1.417660E+00  2.445107E+00 -1.411125E+00
  1.417515E+00  2.444509E+00 -1.410305E+00
  1.415057E+00  2.437065E+00 -1.396365E+00
  1.413769E+00  2.429522E+00 -1.389057E+00
  1.412455E+00  2.423504E+00 -1.381604E+00
  1.411098E+00  2.414534E+00 -1.373911E+00
  1.409852E+00  2.405484E+00 -1.366844E+00
  1.409211E+00  2.399546E+00 -1.363209E+00
  1.407602E+00  2.384558E+00 -1.354083E+00
  1.407249E+00  2.382426E+00 -1.352084E+00
  1.405291E+00  2.369570E+00 -1.340980E+00
  1.404647E+00  2.364861E+00 -1.337324E+00
  1.403233E+00  2.354582E+00 -1.329308E+00
  1.402044E+00  2.343903E+00 -1.322563E+00
  1.401558E+00  2.339594E+00 -1.319805E+00
  1.400398E+00  2.324606E+00 -1.313229E+00
  1.399441E+00  2.316910E+00 -1.307803E+00
  1.398470E+00  2.309618E+00 -1.302292E+00
  1.396839E+00  2.296361E+00 -1.293043E+00
  1.396657E+00  2.294630E+00 -1.292013E+00
  1.396839E+00  2.290127E+00 -1.293043E+00
  1.399441E+00  2.283587E+00 -1.307803E+00
  1.402044E+00  2.285623E+00 -1.322563E+00
  1.404647E+00  2.291433E+00 -1.337324E+00
  1.405180E+00  2.294630E+00 -1.340348E+00
  1.407249E+00  2.305691E+00 -1.352084E+00
  1.407659E+00  2.309618E+00 -1.354406E+00
  1.409053E+00  2.324606E+00 -1.362312E+00
  1.409852E+00  2.330529E+00 -1.366844E+00
  1.411003E+00  2.339594E+00 -1.373373E+00
  1.412455E+00  2.347749E+00 -1.381604E+00
  1.413151E+00  2.354582E+00 -1.385552E+00
  1.414849E+00  2.369570E+00 -1.395181E+00
  1.415057E+00  2.372235E+00 -1.396365E+00
  1.416061E+00  2.384558E+00 -1.402057E+00
  1.417600E+00  2.399546E+00 -1.410784E+00
  1.417660E+00  2.400247E+00 -1.411125E+00
  1.419669E+00  2.414534E+00 -1.422522E+00
  1.420262E+00  2.418829E+00 -1.425885E+00
  1.421052E+00  2.429522E+00 -1.430365E+00
  1.420262E+00  2.442439E+00 -1.425885E+00
Slice   =     76 , Freq(kT, average of all copies)              =   0.2893
Orbit # =      0 , Freq(kT, this largest copy used for outline) =   0.2984
Points  =     47
  kx            ky            kz
 -2.106532E+00  4.582468E-02 -3.452246E+00
 -2.107875E+00  4.422751E-02 -3.444633E+00
 -2.109135E+00  4.083028E-02 -3.437486E+00
 -2.110540E+00  4.422751E-02 -3.429515E+00
 -2.111737E+00  4.532338E-02 -3.422725E+00
 -2.111984E+00  4.422751E-02 -3.421327E+00
 -2.114340E+00  3.615899E-02 -3.407965E+00
 -2.115339E+00  2.923956E-02 -3.402302E+00
 -2.116943E+00  1.872276E-02 -3.393205E+00
 -2.117454E+00  1.425160E-02 -3.390307E+00
 -2.119020E+00 -7.363535E-04 -3.381425E+00
 -2.119545E+00 -3.325178E-03 -3.378444E+00
 -2.121237E+00 -1.572431E-02 -3.368851E+00
 -2.122148E+00 -2.093125E-02 -3.363684E+00
 -2.123370E+00 -3.071226E-02 -3.356752E+00
 -2.124751E+00 -4.309618E-02 -3.348924E+00
 -2.125034E+00 -4.570022E-02 -3.347319E+00
 -2.125983E+00 -6.068818E-02 -3.341935E+00
 -2.127353E+00 -7.306187E-02 -3.334164E+00
 -2.127700E+00 -7.567613E-02 -3.332198E+00
 -2.129956E+00 -9.047226E-02 -3.319403E+00
 -2.129977E+00 -9.066409E-02 -3.319284E+00
 -2.130264E+00 -1.056520E-01 -3.317654E+00
 -2.129956E+00 -1.179973E-01 -3.319403E+00
 -2.129235E+00 -1.206400E-01 -3.323490E+00
 -2.127353E+00 -1.216836E-01 -3.334164E+00
 -2.127214E+00 -1.206400E-01 -3.334956E+00
 -2.124751E+00 -1.091930E-01 -3.348924E+00
 -2.124117E+00 -1.056520E-01 -3.352515E+00
 -2.122148E+00 -9.748777E-02 -3.363684E+00
 -2.120983E+00 -9.066409E-02 -3.370293E+00
 -2.119545E+00 -8.227946E-02 -3.378444E+00
 -2.118850E+00 -7.567613E-02 -3.382386E+00
 -2.117485E+00 -6.068818E-02 -3.390129E+00
 -2.116943E+00 -5.626755E-02 -3.393205E+00
 -2.115550E+00 -4.570022E-02 -3.401103E+00
 -2.114340E+00 -3.830809E-02 -3.407965E+00
 -2.113281E+00 -3.071226E-02 -3.413971E+00
 -2.111737E+00 -1.717297E-02 -3.422725E+00
 -2.111543E+00 -1.572431E-02 -3.423829E+00
 -2.110295E+00 -7.363535E-04 -3.430903E+00
 -2.109135E+00  1.066882E-02 -3.437486E+00
 -2.108613E+00  1.425160E-02 -3.440443E+00
 -2.107105E+00  2.923956E-02 -3.448999E+00
 -2.106532E+00  3.635266E-02 -3.452246E+00
 -2.106324E+00  4.422751E-02 -3.453426E+00
 -2.106532E+00  4.582468E-02 -3.452246E+00
Slice   =     80 , Freq(kT, average of all copies)              =   0.2938
Orbit # =      0 , Freq(kT, this largest copy used for outline) =   0.3009
Points  =     33
  kx            ky            kz
 -1.980756E-01  1.345225E+00 -1.552523E+00
 -1.986974E-01  1.349284E+00 -1.548996E+00
 -2.006782E-01  1.357674E+00 -1.537762E+00
 -2.032808E-01  1.356056E+00 -1.523002E+00
 -2.058834E-01  1.357433E+00 -1.508242E+00
 -2.069623E-01  1.349284E+00 -1.502123E+00
 -2.084861E-01  1.336316E+00 -1.493482E+00
 -2.086845E-01  1.334296E+00 -1.492357E+00
 -2.087152E-01  1.319308E+00 -1.492182E+00
 -2.106650E-01  1.304320E+00 -1.481124E+00
 -2.108012E-01  1.289332E+00 -1.480352E+00
 -2.110887E-01  1.286475E+00 -1.478721E+00
 -2.121439E-01  1.274344E+00 -1.472737E+00
 -2.128663E-01  1.259356E+00 -1.468640E+00
 -2.119675E-01  1.244369E+00 -1.473738E+00
 -2.110887E-01  1.231939E+00 -1.478721E+00
 -2.102886E-01  1.229381E+00 -1.483259E+00
 -2.084861E-01  1.223217E+00 -1.493482E+00
 -2.058834E-01  1.224111E+00 -1.508242E+00
 -2.048820E-01  1.229381E+00 -1.513922E+00
 -2.032808E-01  1.237408E+00 -1.523002E+00
 -2.027527E-01  1.244369E+00 -1.525997E+00
 -2.006782E-01  1.256526E+00 -1.537762E+00
 -2.003597E-01  1.259356E+00 -1.539568E+00
 -2.005520E-01  1.274344E+00 -1.538478E+00
 -1.980756E-01  1.288991E+00 -1.552523E+00
 -1.980409E-01  1.289332E+00 -1.552719E+00
 -1.980756E-01  1.290543E+00 -1.552523E+00
 -1.986480E-01  1.304320E+00 -1.549276E+00
 -1.980756E-01  1.312637E+00 -1.552523E+00
 -1.976234E-01  1.319308E+00 -1.555087E+00
 -1.972277E-01  1.334296E+00 -1.557331E+00
 -1.980756E-01  1.345225E+00 -1.552523E+00
Slice   =    171 , Freq(kT, average of all copies)              =   0.3746
Orbit # =      0 , Freq(kT, this largest copy used for outline) =   0.3833
Points  =     47
  kx            ky            kz
  6.050340E+00  5.188629E+00 -1.909858E+00
  6.049638E+00  5.187305E+00 -1.905877E+00
  6.047738E+00  5.182101E+00 -1.895098E+00
  6.045250E+00  5.187305E+00 -1.880987E+00
  6.045135E+00  5.187532E+00 -1.880338E+00
  6.045110E+00  5.187305E+00 -1.880196E+00
  6.042533E+00  5.177420E+00 -1.865578E+00
  6.041904E+00  5.172317E+00 -1.862011E+00
  6.041251E+00  5.157329E+00 -1.858307E+00
  6.039930E+00  5.145781E+00 -1.850817E+00
  6.039747E+00  5.142342E+00 -1.849778E+00
  6.037910E+00  5.127354E+00 -1.839359E+00
  6.038002E+00  5.112366E+00 -1.839884E+00
  6.037327E+00  5.106359E+00 -1.836057E+00
  6.036264E+00  5.097378E+00 -1.830028E+00
  6.035702E+00  5.082390E+00 -1.826841E+00
  6.034725E+00  5.069392E+00 -1.821297E+00
  6.034613E+00  5.067402E+00 -1.820662E+00
  6.033470E+00  5.052414E+00 -1.814180E+00
  6.033163E+00  5.037426E+00 -1.812439E+00
  6.032122E+00  5.026390E+00 -1.806537E+00
  6.031756E+00  5.022438E+00 -1.804463E+00
  6.032122E+00  5.019193E+00 -1.806537E+00
  6.034725E+00  5.015665E+00 -1.821297E+00
  6.037327E+00  5.017079E+00 -1.836057E+00
  6.039930E+00  5.021003E+00 -1.850817E+00
  6.040246E+00  5.022438E+00 -1.852608E+00
  6.042533E+00  5.032365E+00 -1.865578E+00
  6.043563E+00  5.037426E+00 -1.871422E+00
  6.045135E+00  5.046064E+00 -1.880338E+00
  6.045945E+00  5.052414E+00 -1.884932E+00
  6.046286E+00  5.067402E+00 -1.886862E+00
  6.047738E+00  5.075650E+00 -1.895098E+00
  6.048445E+00  5.082390E+00 -1.899107E+00
  6.047738E+00  5.096153E+00 -1.895098E+00
  6.047642E+00  5.097378E+00 -1.894554E+00
  6.047738E+00  5.098237E+00 -1.895098E+00
  6.049389E+00  5.112366E+00 -1.904460E+00
  6.049652E+00  5.127354E+00 -1.905955E+00
  6.049789E+00  5.142342E+00 -1.906731E+00
  6.050340E+00  5.147006E+00 -1.909858E+00
  6.051099E+00  5.157329E+00 -1.914160E+00
  6.050340E+00  5.166969E+00 -1.909858E+00
  6.049159E+00  5.172317E+00 -1.903158E+00
  6.050340E+00  5.184440E+00 -1.909858E+00
  6.050577E+00  5.187305E+00 -1.911202E+00
  6.050340E+00  5.188629E+00 -1.909858E+00
Slice   =    122 , Freq(kT, average of all copies)              =   0.3768
Orbit # =      0 , Freq(kT, this largest copy used for outline) =   0.3820
Points  =     41
  kx            ky            kz
  2.038253E+00  3.844828E+00 -4.015262E+00
  2.035651E+00  3.848233E+00 -4.000501E+00
  2.033048E+00  3.845027E+00 -3.985741E+00
  2.030445E+00  3.839375E+00 -3.970981E+00
  2.030100E+00  3.837285E+00 -3.969023E+00
  2.027843E+00  3.829955E+00 -3.956221E+00
  2.026605E+00  3.822297E+00 -3.949204E+00
  2.025240E+00  3.811336E+00 -3.941460E+00
  2.024780E+00  3.807309E+00 -3.938850E+00
  2.024630E+00  3.792321E+00 -3.937998E+00
  2.022883E+00  3.777333E+00 -3.928090E+00
  2.022666E+00  3.762345E+00 -3.926861E+00
  2.022637E+00  3.762063E+00 -3.926700E+00
  2.021511E+00  3.747357E+00 -3.920312E+00
  2.020496E+00  3.732369E+00 -3.914555E+00
  2.021204E+00  3.717381E+00 -3.918570E+00
  2.020035E+00  3.703006E+00 -3.911940E+00
  2.019980E+00  3.702393E+00 -3.911631E+00
  2.020035E+00  3.701551E+00 -3.911940E+00
  2.021842E+00  3.687405E+00 -3.922190E+00
  2.022637E+00  3.681989E+00 -3.926700E+00
  2.025240E+00  3.681027E+00 -3.941460E+00
  2.027843E+00  3.686265E+00 -3.956221E+00
  2.027999E+00  3.687405E+00 -3.957107E+00
  2.029946E+00  3.702393E+00 -3.968149E+00
  2.030445E+00  3.707719E+00 -3.970981E+00
  2.030905E+00  3.717381E+00 -3.973585E+00
  2.033048E+00  3.731524E+00 -3.985741E+00
  2.033149E+00  3.732369E+00 -3.986316E+00
  2.033048E+00  3.739197E+00 -3.985741E+00
  2.032860E+00  3.747357E+00 -3.984675E+00
  2.033048E+00  3.749014E+00 -3.985741E+00
  2.034940E+00  3.762345E+00 -3.996473E+00
  2.035073E+00  3.777333E+00 -3.997225E+00
  2.035651E+00  3.783357E+00 -4.000501E+00
  2.036448E+00  3.792321E+00 -4.005026E+00
  2.037515E+00  3.807309E+00 -4.011077E+00
  2.037867E+00  3.822297E+00 -4.013069E+00
  2.038253E+00  3.825236E+00 -4.015262E+00
  2.039304E+00  3.837285E+00 -4.021220E+00
  2.038253E+00  3.844828E+00 -4.015262E+00
Slice   =     63 , Freq(kT, average of all copies)              =   0.8235
Orbit # =      0 , Freq(kT, this largest copy used for outline) =   0.8413
Points  =     69
  kx            ky            kz
 -1.526653E+00  1.230611E+00 -4.289309E+00
 -1.529256E+00  1.229237E+00 -4.274549E+00
 -1.531859E+00  1.229122E+00 -4.259788E+00
 -1.534461E+00  1.229214E+00 -4.245028E+00
 -1.535368E+00  1.227908E+00 -4.239887E+00
 -1.537064E+00  1.224913E+00 -4.230268E+00
 -1.539666E+00  1.226589E+00 -4.215508E+00
 -1.542269E+00  1.223936E+00 -4.200747E+00
 -1.544872E+00  1.220983E+00 -4.185987E+00
 -1.547474E+00  1.226770E+00 -4.171227E+00
 -1.550077E+00  1.214086E+00 -4.156467E+00
 -1.550709E+00  1.212920E+00 -4.152884E+00
 -1.552680E+00  1.210881E+00 -4.141706E+00
 -1.554173E+00  1.212920E+00 -4.133235E+00
 -1.555282E+00  1.214675E+00 -4.126946E+00
 -1.557885E+00  1.215467E+00 -4.112186E+00
 -1.558589E+00  1.212920E+00 -4.108190E+00
 -1.560039E+00  1.197932E+00 -4.099967E+00
 -1.560487E+00  1.196902E+00 -4.097426E+00
 -1.563090E+00  1.197010E+00 -4.082665E+00
 -1.565693E+00  1.187333E+00 -4.067905E+00
 -1.566331E+00  1.182944E+00 -4.064288E+00
 -1.568295E+00  1.172088E+00 -4.053145E+00
 -1.570898E+00  1.170485E+00 -4.038385E+00
 -1.571446E+00  1.167956E+00 -4.035277E+00
 -1.572573E+00  1.152968E+00 -4.028883E+00
 -1.573501E+00  1.146498E+00 -4.023624E+00
 -1.576103E+00  1.143964E+00 -4.008864E+00
 -1.577773E+00  1.137980E+00 -3.999396E+00
 -1.578457E+00  1.122992E+00 -3.995513E+00
 -1.578706E+00  1.120461E+00 -3.994104E+00
 -1.581309E+00  1.111974E+00 -3.979344E+00
 -1.583098E+00  1.108004E+00 -3.969195E+00
 -1.581309E+00  1.097234E+00 -3.979344E+00
 -1.580062E+00  1.093016E+00 -3.986414E+00
 -1.578706E+00  1.089731E+00 -3.994104E+00
 -1.576932E+00  1.093016E+00 -4.004166E+00
 -1.576103E+00  1.095260E+00 -4.008864E+00
 -1.573501E+00  1.096808E+00 -4.023624E+00
 -1.570898E+00  1.095413E+00 -4.038385E+00
 -1.568295E+00  1.093604E+00 -4.053145E+00
 -1.565693E+00  1.101762E+00 -4.067905E+00
 -1.563090E+00  1.102094E+00 -4.082665E+00
 -1.560487E+00  1.102625E+00 -4.097426E+00
 -1.558145E+00  1.108004E+00 -4.110708E+00
 -1.557885E+00  1.108600E+00 -4.112186E+00
 -1.557639E+00  1.108004E+00 -4.113580E+00
 -1.555282E+00  1.104359E+00 -4.126946E+00
 -1.553236E+00  1.108004E+00 -4.138550E+00
 -1.552680E+00  1.110969E+00 -4.141706E+00
 -1.550077E+00  1.121517E+00 -4.156467E+00
 -1.547474E+00  1.116732E+00 -4.171227E+00
 -1.546327E+00  1.122992E+00 -4.177736E+00
 -1.544923E+00  1.137980E+00 -4.185697E+00
 -1.544872E+00  1.138448E+00 -4.185987E+00
 -1.542269E+00  1.146236E+00 -4.200747E+00
 -1.539666E+00  1.149817E+00 -4.215508E+00
 -1.539182E+00  1.152968E+00 -4.218253E+00
 -1.537919E+00  1.167956E+00 -4.225418E+00
 -1.537064E+00  1.174915E+00 -4.230268E+00
 -1.534461E+00  1.174938E+00 -4.245028E+00
 -1.533156E+00  1.182944E+00 -4.252433E+00
 -1.531947E+00  1.197932E+00 -4.259285E+00
 -1.531859E+00  1.200310E+00 -4.259788E+00
 -1.529256E+00  1.211741E+00 -4.274549E+00
 -1.526653E+00  1.207902E+00 -4.289309E+00
 -1.526263E+00  1.212920E+00 -4.291521E+00
 -1.526405E+00  1.227908E+00 -4.290714E+00
 -1.526653E+00  1.230611E+00 -4.289309E+00
Theta(deg) =   0.000000 , Phi(deg) =  82.500000 , Number of orbits =     9 , (a.u.^-1) units
Slice   =    117 , Freq(kT, average of all copies)              =   0.2282
Orbit # =      0 , Freq(kT, this largest copy used for outline) =   0.2356
Points  =     39
  kx            ky            kz
  4.931445E-01  2.912012E+00 -3.831308E+00
  4.925656E-01  2.908032E+00 -3.826910E+00
  4.911882E-01  2.900098E+00 -3.816448E+00
  4.903723E-01  2.893044E+00 -3.810250E+00
  4.892319E-01  2.886507E+00 -3.801588E+00
  4.882752E-01  2.878056E+00 -3.794322E+00
  4.872756E-01  2.870576E+00 -3.786728E+00
  4.864089E-01  2.863068E+00 -3.780146E+00
  4.853192E-01  2.851851E+00 -3.771869E+00
  4.850004E-01  2.848080E+00 -3.769446E+00
  4.840662E-01  2.833092E+00 -3.762351E+00
  4.833629E-01  2.824859E+00 -3.757009E+00
  4.827521E-01  2.818104E+00 -3.752369E+00
  4.814066E-01  2.805754E+00 -3.742149E+00
  4.811176E-01  2.803116E+00 -3.739954E+00
  4.795720E-01  2.788128E+00 -3.728214E+00
  4.794503E-01  2.779274E+00 -3.727289E+00
  4.794019E-01  2.773140E+00 -3.726922E+00
  4.793707E-01  2.758152E+00 -3.726685E+00
  4.794503E-01  2.757290E+00 -3.727289E+00
  4.814066E-01  2.758133E+00 -3.742149E+00
  4.814096E-01  2.758152E+00 -3.742172E+00
  4.833629E-01  2.770015E+00 -3.757009E+00
  4.836582E-01  2.773140E+00 -3.759252E+00
  4.853192E-01  2.784567E+00 -3.771869E+00
  4.857910E-01  2.788128E+00 -3.775452E+00
  4.872756E-01  2.798421E+00 -3.786728E+00
  4.877670E-01  2.803116E+00 -3.790461E+00
  4.889147E-01  2.818104E+00 -3.799179E+00
  4.892319E-01  2.822185E+00 -3.801588E+00
  4.899960E-01  2.833092E+00 -3.807392E+00
  4.911882E-01  2.845968E+00 -3.816448E+00
  4.914108E-01  2.848080E+00 -3.818139E+00
  4.931445E-01  2.862340E+00 -3.831308E+00
  4.932075E-01  2.863068E+00 -3.831786E+00
  4.941306E-01  2.878056E+00 -3.838798E+00
  4.944209E-01  2.893044E+00 -3.841003E+00
  4.941065E-01  2.908032E+00 -3.838614E+00
  4.931445E-01  2.912012E+00 -3.831308E+00
Slice   =    168 , Freq(kT, average of all copies)              =   0.2329
Orbit # =      0 , Freq(kT, this largest copy used for outline) =   0.2329
Points  =     37
  kx            ky            kz
  3.916521E+00  3.736613E+00 -2.426373E+00
  3.916026E+00  3.748093E+00 -2.422618E+00
  3.914564E+00  3.752045E+00 -2.411514E+00
  3.914032E+00  3.748093E+00 -2.407468E+00
  3.912608E+00  3.740259E+00 -2.396654E+00
  3.911713E+00  3.733106E+00 -2.389859E+00
  3.910652E+00  3.726454E+00 -2.381794E+00
  3.909632E+00  3.718118E+00 -2.374048E+00
  3.908695E+00  3.710236E+00 -2.366934E+00
  3.907960E+00  3.703130E+00 -2.361348E+00
  3.906739E+00  3.689063E+00 -2.352075E+00
  3.906671E+00  3.688142E+00 -2.351557E+00
  3.905770E+00  3.673154E+00 -2.344711E+00
  3.904783E+00  3.662677E+00 -2.337215E+00
  3.904222E+00  3.658166E+00 -2.332959E+00
  3.902826E+00  3.646782E+00 -2.322355E+00
  3.902455E+00  3.643178E+00 -2.319537E+00
  3.901519E+00  3.628190E+00 -2.312424E+00
  3.901370E+00  3.613202E+00 -2.311294E+00
  3.902826E+00  3.600670E+00 -2.322355E+00
  3.904783E+00  3.606065E+00 -2.337215E+00
  3.905431E+00  3.613202E+00 -2.342138E+00
  3.906739E+00  3.624429E+00 -2.352075E+00
  3.907128E+00  3.628190E+00 -2.355031E+00
  3.908695E+00  3.638943E+00 -2.366934E+00
  3.909186E+00  3.643178E+00 -2.370658E+00
  3.910652E+00  3.657029E+00 -2.381794E+00
  3.910758E+00  3.658166E+00 -2.382605E+00
  3.911739E+00  3.673154E+00 -2.390057E+00
  3.912608E+00  3.685156E+00 -2.396654E+00
  3.912879E+00  3.688142E+00 -2.398710E+00
  3.914564E+00  3.702735E+00 -2.411514E+00
  3.914601E+00  3.703130E+00 -2.411789E+00
  3.915703E+00  3.718118E+00 -2.420161E+00
  3.916521E+00  3.732574E+00 -2.426373E+00
  3.916557E+00  3.733106E+00 -2.426654E+00
  3.916521E+00  3.736613E+00 -2.426373E+00
Slice   =     49 , Freq(kT, average of all copies)              =   0.2783
Orbit # =      0 , Freq(kT, this largest copy used for outline) =   0.2861
Points  =     35
  kx            ky            kz
 -1.958658E+00 -2.431658E-02 -2.963746E+00
 -1.959785E+00 -1.609249E-02 -2.955185E+00
 -1.960614E+00 -1.098148E-02 -2.948887E+00
 -1.962571E+00 -1.422179E-02 -2.934027E+00
 -1.964527E+00 -1.505291E-02 -2.919167E+00
 -1.964622E+00 -1.609249E-02 -2.918448E+00
 -1.964563E+00 -3.108044E-02 -2.918891E+00
 -1.966021E+00 -4.606840E-02 -2.907821E+00
 -1.966483E+00 -5.227000E-02 -2.904307E+00
 -1.967017E+00 -6.105635E-02 -2.900256E+00
 -1.967408E+00 -7.604431E-02 -2.897282E+00
 -1.968440E+00 -8.633957E-02 -2.889448E+00
 -1.968837E+00 -9.103226E-02 -2.886428E+00
 -1.968440E+00 -1.035803E-01 -2.889448E+00
 -1.968353E+00 -1.060202E-01 -2.890104E+00
 -1.968440E+00 -1.074624E-01 -2.889448E+00
 -1.969410E+00 -1.210082E-01 -2.882080E+00
 -1.968987E+00 -1.359961E-01 -2.885293E+00
 -1.968440E+00 -1.430026E-01 -2.889448E+00
 -1.966483E+00 -1.480631E-01 -2.904307E+00
 -1.964527E+00 -1.480444E-01 -2.919167E+00
 -1.962571E+00 -1.428256E-01 -2.934027E+00
 -1.961602E+00 -1.359961E-01 -2.941381E+00
 -1.961683E+00 -1.210082E-01 -2.940772E+00
 -1.960614E+00 -1.115321E-01 -2.948887E+00
 -1.960122E+00 -1.060202E-01 -2.952625E+00
 -1.959902E+00 -9.103226E-02 -2.954297E+00
 -1.959434E+00 -7.604431E-02 -2.957851E+00
 -1.958658E+00 -6.494723E-02 -2.963746E+00
 -1.958399E+00 -6.105635E-02 -2.965713E+00
 -1.958658E+00 -5.184597E-02 -2.963746E+00
 -1.958904E+00 -4.606840E-02 -2.961881E+00
 -1.958658E+00 -4.139951E-02 -2.963746E+00
 -1.958062E+00 -3.108044E-02 -2.968271E+00
 -1.958658E+00 -2.431658E-02 -2.963746E+00
Slice   =     99 , Freq(kT, average of all copies)              =   0.2841
Orbit # =      0 , Freq(kT, this largest copy used for outline) =   0.2888
Points  =     41
  kx            ky            kz
  1.543762E+00  3.140672E+00 -2.826340E+00
  1.541805E+00  3.139533E+00 -2.811480E+00
  1.539849E+00  3.137235E+00 -2.796621E+00
  1.539320E+00  3.132851E+00 -2.792602E+00
  1.537893E+00  3.124416E+00 -2.781761E+00
  1.537210E+00  3.117863E+00 -2.776577E+00
  1.535937E+00  3.106779E+00 -2.766901E+00
  1.535606E+00  3.102875E+00 -2.764389E+00
  1.534513E+00  3.087887E+00 -2.756086E+00
  1.533980E+00  3.082755E+00 -2.752041E+00
  1.533100E+00  3.072899E+00 -2.745355E+00
  1.532024E+00  3.063234E+00 -2.737182E+00
  1.531499E+00  3.057911E+00 -2.733197E+00
  1.530068E+00  3.045197E+00 -2.722322E+00
  1.529886E+00  3.042923E+00 -2.720946E+00
  1.528928E+00  3.027935E+00 -2.713666E+00
  1.528289E+00  3.012947E+00 -2.708814E+00
  1.528111E+00  3.010560E+00 -2.707462E+00
  1.526985E+00  2.997959E+00 -2.698911E+00
  1.526692E+00  2.982971E+00 -2.696685E+00
  1.528111E+00  2.978344E+00 -2.707462E+00
  1.530068E+00  2.979884E+00 -2.722322E+00
  1.530794E+00  2.982971E+00 -2.727839E+00
  1.532024E+00  2.987488E+00 -2.737182E+00
  1.533151E+00  2.997959E+00 -2.745744E+00
  1.533980E+00  3.006097E+00 -2.752041E+00
  1.534456E+00  3.012947E+00 -2.755654E+00
  1.535491E+00  3.027935E+00 -2.763518E+00
  1.535937E+00  3.031805E+00 -2.766901E+00
  1.537253E+00  3.042923E+00 -2.776903E+00
  1.537893E+00  3.047731E+00 -2.781761E+00
  1.538779E+00  3.057911E+00 -2.788488E+00
  1.539827E+00  3.072899E+00 -2.796450E+00
  1.539849E+00  3.073251E+00 -2.796621E+00
  1.540804E+00  3.087887E+00 -2.803870E+00
  1.541805E+00  3.100636E+00 -2.811480E+00
  1.542025E+00  3.102875E+00 -2.813148E+00
  1.543714E+00  3.117863E+00 -2.825977E+00
  1.543762E+00  3.118736E+00 -2.826340E+00
  1.544183E+00  3.132851E+00 -2.829542E+00
  1.543762E+00  3.140672E+00 -2.826340E+00
Slice   =    162 , Freq(kT, average of all copies)              =   0.2843
Orbit # =      0 , Freq(kT, this largest copy used for outline) =   0.2884
Points  =     41
  kx            ky            kz
  2.384065E+00  3.139080E+00 -1.422661E+00
  2.382109E+00  3.138483E+00 -1.407801E+00
  2.381583E+00  3.134324E+00 -1.403806E+00
  2.380153E+00  3.126603E+00 -1.392941E+00
  2.379344E+00  3.119336E+00 -1.386798E+00
  2.378196E+00  3.110238E+00 -1.378081E+00
  2.377651E+00  3.104348E+00 -1.373940E+00
  2.376292E+00  3.089360E+00 -1.363616E+00
  2.376240E+00  3.088903E+00 -1.363222E+00
  2.375158E+00  3.074372E+00 -1.355004E+00
  2.374284E+00  3.065667E+00 -1.348362E+00
  2.373605E+00  3.059384E+00 -1.343208E+00
  2.372327E+00  3.048926E+00 -1.333502E+00
  2.371935E+00  3.044396E+00 -1.330521E+00
  2.370538E+00  3.029408E+00 -1.319915E+00
  2.370371E+00  3.023417E+00 -1.318642E+00
  2.370046E+00  3.014420E+00 -1.316172E+00
  2.369018E+00  2.999432E+00 -1.308363E+00
  2.368415E+00  2.987179E+00 -1.303783E+00
  2.368248E+00  2.984444E+00 -1.302516E+00
  2.368415E+00  2.980941E+00 -1.303783E+00
  2.370371E+00  2.977376E+00 -1.318642E+00
  2.372327E+00  2.979884E+00 -1.333502E+00
  2.373399E+00  2.984444E+00 -1.341645E+00
  2.374284E+00  2.987801E+00 -1.348362E+00
  2.375189E+00  2.999432E+00 -1.355243E+00
  2.376240E+00  3.013995E+00 -1.363222E+00
  2.376273E+00  3.014420E+00 -1.363474E+00
  2.377592E+00  3.029408E+00 -1.373491E+00
  2.378196E+00  3.034338E+00 -1.378081E+00
  2.379421E+00  3.044396E+00 -1.387381E+00
  2.380153E+00  3.049904E+00 -1.392941E+00
  2.380899E+00  3.059384E+00 -1.398610E+00
  2.381725E+00  3.074372E+00 -1.404888E+00
  2.382109E+00  3.080748E+00 -1.407801E+00
  2.382786E+00  3.089360E+00 -1.412946E+00
  2.384065E+00  3.103781E+00 -1.422661E+00
  2.384110E+00  3.104348E+00 -1.423000E+00
  2.385216E+00  3.119336E+00 -1.431403E+00
  2.385395E+00  3.134324E+00 -1.432760E+00
  2.384065E+00  3.139080E+00 -1.422661E+00
Slice   =     83 , Freq(kT, average of all copies)              =   0.2864
Orbit # =      0 , Freq(kT, this largest copy used for outline) =   0.2928
Points  =     45
  kx            ky            kz
 -2.143774E+00  4.528077E-02 -3.455719E+00
 -2.144525E+00  4.422751E-02 -3.450016E+00
 -2.145731E+00  4.050805E-02 -3.440859E+00
 -2.147687E+00  3.692984E-02 -3.425999E+00
 -2.149643E+00  3.305563E-02 -3.411139E+00
 -2.149983E+00  2.923956E-02 -3.408563E+00
 -2.151600E+00  1.660345E-02 -3.396280E+00
 -2.151794E+00  1.425160E-02 -3.394805E+00
 -2.152813E+00 -7.363535E-04 -3.387061E+00
 -2.153556E+00 -8.817858E-03 -3.381420E+00
 -2.154059E+00 -1.572431E-02 -3.377600E+00
 -2.155512E+00 -2.995660E-02 -3.366560E+00
 -2.155567E+00 -3.071226E-02 -3.366143E+00
 -2.156961E+00 -4.570022E-02 -3.355553E+00
 -2.157469E+00 -5.296699E-02 -3.351701E+00
 -2.157930E+00 -6.068818E-02 -3.348198E+00
 -2.158791E+00 -7.567613E-02 -3.341653E+00
 -2.159425E+00 -8.274333E-02 -3.336841E+00
 -2.160292E+00 -9.066409E-02 -3.330253E+00
 -2.161381E+00 -1.028519E-01 -3.321981E+00
 -2.161628E+00 -1.056520E-01 -3.320107E+00
 -2.161381E+00 -1.162790E-01 -3.321981E+00
 -2.160416E+00 -1.206400E-01 -3.329317E+00
 -2.159425E+00 -1.229968E-01 -3.336841E+00
 -2.158906E+00 -1.206400E-01 -3.340787E+00
 -2.157469E+00 -1.142430E-01 -3.351701E+00
 -2.155582E+00 -1.056520E-01 -3.366030E+00
 -2.155512E+00 -1.054286E-01 -3.366560E+00
 -2.153804E+00 -9.066409E-02 -3.379535E+00
 -2.153556E+00 -8.853910E-02 -3.381420E+00
 -2.152724E+00 -7.567613E-02 -3.387739E+00
 -2.151600E+00 -6.182609E-02 -3.396280E+00
 -2.151488E+00 -6.068818E-02 -3.397126E+00
 -2.149709E+00 -4.570022E-02 -3.410639E+00
 -2.149643E+00 -4.511729E-02 -3.411139E+00
 -2.148358E+00 -3.071226E-02 -3.420902E+00
 -2.147687E+00 -2.159641E-02 -3.425999E+00
 -2.147199E+00 -1.572431E-02 -3.429707E+00
 -2.146298E+00 -7.363535E-04 -3.436553E+00
 -2.145731E+00  6.182567E-03 -3.440859E+00
 -2.144872E+00  1.425160E-02 -3.447381E+00
 -2.143774E+00  2.819742E-02 -3.455719E+00
 -2.143718E+00  2.923956E-02 -3.456145E+00
 -2.143659E+00  4.422751E-02 -3.456592E+00
 -2.143774E+00  4.528077E-02 -3.455719E+00
Slice   =     97 , Freq(kT, average of all copies)              =   0.3572
Orbit # =      0 , Freq(kT, this largest copy used for outline) =   0.3624
Points  =     43
  kx            ky            kz
  1.580557E+00  2.819092E+00 -3.611636E+00
  1.580035E+00  2.817368E+00 -3.607669E+00
  1.578601E+00  2.814950E+00 -3.596776E+00
  1.576645E+00  2.812083E+00 -3.581916E+00
  1.574688E+00  2.803437E+00 -3.567057E+00
  1.574592E+00  2.802380E+00 -3.566325E+00
  1.574688E+00  2.796811E+00 -3.567057E+00
  1.575054E+00  2.787392E+00 -3.569837E+00
  1.574688E+00  2.784906E+00 -3.567057E+00
  1.573665E+00  2.772404E+00 -3.559282E+00
  1.572732E+00  2.757821E+00 -3.552197E+00
  1.572707E+00  2.757416E+00 -3.552005E+00
  1.572285E+00  2.742428E+00 -3.548803E+00
  1.571012E+00  2.727440E+00 -3.539134E+00
  1.571048E+00  2.712452E+00 -3.539409E+00
  1.570776E+00  2.709190E+00 -3.537337E+00
  1.569774E+00  2.697464E+00 -3.529731E+00
  1.569111E+00  2.682476E+00 -3.524691E+00
  1.569070E+00  2.667488E+00 -3.524381E+00
  1.568819E+00  2.657192E+00 -3.522478E+00
  1.568707E+00  2.652500E+00 -3.521622E+00
  1.568819E+00  2.651672E+00 -3.522478E+00
  1.570776E+00  2.649782E+00 -3.537337E+00
  1.572732E+00  2.650661E+00 -3.552197E+00
  1.573287E+00  2.652500E+00 -3.556414E+00
  1.574688E+00  2.659169E+00 -3.567057E+00
  1.575970E+00  2.667488E+00 -3.576794E+00
  1.576645E+00  2.671023E+00 -3.581916E+00
  1.578601E+00  2.682328E+00 -3.596776E+00
  1.578615E+00  2.682476E+00 -3.596879E+00
  1.578601E+00  2.683024E+00 -3.596776E+00
  1.578190E+00  2.697464E+00 -3.593655E+00
  1.578601E+00  2.701466E+00 -3.596776E+00
  1.579585E+00  2.712452E+00 -3.604250E+00
  1.580153E+00  2.727440E+00 -3.608562E+00
  1.580445E+00  2.742428E+00 -3.610786E+00
  1.580557E+00  2.743765E+00 -3.611636E+00
  1.581340E+00  2.757416E+00 -3.617582E+00
  1.580970E+00  2.772404E+00 -3.614770E+00
  1.582200E+00  2.787392E+00 -3.624116E+00
  1.580959E+00  2.802380E+00 -3.614685E+00
  1.580710E+00  2.817368E+00 -3.612798E+00
  1.580557E+00  2.819092E+00 -3.611636E+00
Slice   =    137 , Freq(kT, average of all copies)              =   0.3586
Orbit # =      0 , Freq(kT, this largest copy used for outline) =   0.3644
Points  =     39
  kx            ky            kz
  1.249841E+00  2.032070E+00 -9.279411E-01
  1.247884E+00  2.035725E+00 -9.130814E-01
  1.245928E+00  2.033202E+00 -8.982216E-01
  1.243972E+00  2.026772E+00 -8.833619E-01
  1.243744E+00  2.024847E+00 -8.816303E-01
  1.242015E+00  2.016604E+00 -8.685022E-01
  1.241254E+00  2.009859E+00 -8.627191E-01
  1.240059E+00  1.997801E+00 -8.536424E-01
  1.239819E+00  1.994871E+00 -8.518188E-01
  1.239929E+00  1.979883E+00 -8.526533E-01
  1.238675E+00  1.964895E+00 -8.431321E-01
  1.238438E+00  1.949907E+00 -8.413304E-01
  1.238103E+00  1.943658E+00 -8.387827E-01
  1.237706E+00  1.934919E+00 -8.357675E-01
  1.237413E+00  1.919931E+00 -8.335404E-01
  1.237267E+00  1.904943E+00 -8.324317E-01
  1.236327E+00  1.889955E+00 -8.252961E-01
  1.237655E+00  1.874967E+00 -8.353806E-01
  1.238103E+00  1.869100E+00 -8.387827E-01
  1.240059E+00  1.868426E+00 -8.536424E-01
  1.242015E+00  1.873375E+00 -8.685022E-01
  1.242167E+00  1.874967E+00 -8.696521E-01
  1.243620E+00  1.889955E+00 -8.806938E-01
  1.243972E+00  1.894955E+00 -8.833619E-01
  1.244304E+00  1.904943E+00 -8.858861E-01
  1.245928E+00  1.919527E+00 -8.982216E-01
  1.245962E+00  1.919931E+00 -8.984789E-01
  1.245928E+00  1.923380E+00 -8.982216E-01
  1.245738E+00  1.934919E+00 -8.967779E-01
  1.245928E+00  1.937065E+00 -8.982216E-01
  1.247200E+00  1.949907E+00 -9.078831E-01
  1.247362E+00  1.964895E+00 -9.091126E-01
  1.247884E+00  1.972788E+00 -9.130814E-01
  1.248368E+00  1.979883E+00 -9.167514E-01
  1.249104E+00  1.994871E+00 -9.223463E-01
  1.249359E+00  2.009859E+00 -9.242830E-01
  1.249841E+00  2.014753E+00 -9.279411E-01
  1.250431E+00  2.024847E+00 -9.324270E-01
  1.249841E+00  2.032070E+00 -9.279411E-01
Slice   =    174 , Freq(kT, average of all copies)              =   0.9190
Orbit # =      0 , Freq(kT, this largest copy used for outline) =   0.9356
Points  =     73
  kx            ky            kz
  3.284030E+00  3.602303E+00 -1.906910E+00
  3.282896E+00  3.598582E+00 -1.898290E+00
  3.282074E+00  3.596077E+00 -1.892050E+00
  3.280738E+00  3.598582E+00 -1.881903E+00
  3.280118E+00  3.599501E+00 -1.877191E+00
  3.278162E+00  3.599602E+00 -1.862331E+00
  3.276205E+00  3.599430E+00 -1.847471E+00
  3.275807E+00  3.598582E+00 -1.844443E+00
  3.274249E+00  3.593977E+00 -1.832611E+00
  3.272293E+00  3.594005E+00 -1.817752E+00
  3.270336E+00  3.588911E+00 -1.802892E+00
  3.268380E+00  3.587454E+00 -1.788032E+00
  3.266700E+00  3.583594E+00 -1.775270E+00
  3.266424E+00  3.582805E+00 -1.773172E+00
  3.264467E+00  3.576189E+00 -1.758313E+00
  3.262511E+00  3.578567E+00 -1.743453E+00
  3.260555E+00  3.578732E+00 -1.728593E+00
  3.258598E+00  3.569900E+00 -1.713734E+00
  3.258410E+00  3.568606E+00 -1.712305E+00
  3.256642E+00  3.564927E+00 -1.698874E+00
  3.254686E+00  3.562548E+00 -1.684014E+00
  3.253359E+00  3.553618E+00 -1.673936E+00
  3.252729E+00  3.544694E+00 -1.669154E+00
  3.250972E+00  3.538630E+00 -1.655809E+00
  3.250773E+00  3.538262E+00 -1.654295E+00
  3.248817E+00  3.529239E+00 -1.639435E+00
  3.248385E+00  3.523642E+00 -1.636155E+00
  3.246860E+00  3.512455E+00 -1.624575E+00
  3.244904E+00  3.511017E+00 -1.609715E+00
  3.244467E+00  3.508654E+00 -1.606395E+00
  3.243844E+00  3.493666E+00 -1.601665E+00
  3.242948E+00  3.486687E+00 -1.594856E+00
  3.240991E+00  3.481651E+00 -1.579996E+00
  3.240291E+00  3.478678E+00 -1.574677E+00
  3.240324E+00  3.463690E+00 -1.574925E+00
  3.239035E+00  3.450258E+00 -1.565136E+00
  3.238595E+00  3.448703E+00 -1.561794E+00
  3.239035E+00  3.447671E+00 -1.565136E+00
  3.239306E+00  3.448703E+00 -1.567197E+00
  3.240991E+00  3.457413E+00 -1.579996E+00
  3.242948E+00  3.451754E+00 -1.594856E+00
  3.244904E+00  3.450042E+00 -1.609715E+00
  3.246860E+00  3.454810E+00 -1.624575E+00
  3.248817E+00  3.457053E+00 -1.639435E+00
  3.250773E+00  3.455909E+00 -1.654295E+00
  3.252729E+00  3.461762E+00 -1.669154E+00
  3.253999E+00  3.463690E+00 -1.678797E+00
  3.254686E+00  3.465122E+00 -1.684014E+00
  3.256642E+00  3.465222E+00 -1.698874E+00
  3.258598E+00  3.474438E+00 -1.713734E+00
  3.260555E+00  3.473178E+00 -1.728593E+00
  3.262511E+00  3.464606E+00 -1.743453E+00
  3.263904E+00  3.478678E+00 -1.754035E+00
  3.264467E+00  3.483220E+00 -1.758313E+00
  3.266424E+00  3.484619E+00 -1.773172E+00
  3.268380E+00  3.484962E+00 -1.788032E+00
  3.269397E+00  3.493666E+00 -1.795756E+00
  3.270336E+00  3.505712E+00 -1.802892E+00
  3.272293E+00  3.507032E+00 -1.817752E+00
  3.272560E+00  3.508654E+00 -1.819780E+00
  3.274249E+00  3.521291E+00 -1.832611E+00
  3.274466E+00  3.523642E+00 -1.834261E+00
  3.276205E+00  3.536581E+00 -1.847471E+00
  3.278162E+00  3.536530E+00 -1.862331E+00
  3.278395E+00  3.538630E+00 -1.864105E+00
  3.279422E+00  3.553618E+00 -1.871904E+00
  3.280118E+00  3.564413E+00 -1.877191E+00
  3.281714E+00  3.568606E+00 -1.889316E+00
  3.282074E+00  3.570050E+00 -1.892050E+00
  3.284030E+00  3.577928E+00 -1.906910E+00
  3.284272E+00  3.583594E+00 -1.908746E+00
  3.284536E+00  3.598582E+00 -1.910748E+00
  3.284030E+00  3.602303E+00 -1.906910E+00
Theta(deg) =   0.000000 , Phi(deg) =  85.000000 , Number of orbits =     8 , (a.u.^-1) units
Slice   =    103 , Freq(kT, average of all copies)              =   0.2343
Orbit # =      0 , Freq(kT, this largest copy used for outline) =   0.2399
Points  =     39
  kx            ky            kz
 -5.452166E-01  2.210645E+00 -3.833126E+00
 -5.459391E-01  2.203229E+00 -3.824867E+00
 -5.465228E-01  2.198219E+00 -3.818195E+00
 -5.473421E-01  2.188242E+00 -3.808830E+00
 -5.478291E-01  2.183513E+00 -3.803264E+00
 -5.485482E-01  2.173254E+00 -3.795045E+00
 -5.491354E-01  2.166649E+00 -3.788333E+00
 -5.497957E-01  2.158266E+00 -3.780785E+00
 -5.504417E-01  2.148869E+00 -3.773402E+00
 -5.507782E-01  2.143278E+00 -3.769555E+00
 -5.515290E-01  2.128290E+00 -3.760974E+00
 -5.517480E-01  2.124141E+00 -3.758471E+00
 -5.522346E-01  2.113302E+00 -3.752908E+00
 -5.530543E-01  2.099670E+00 -3.743540E+00
 -5.531620E-01  2.098314E+00 -3.742309E+00
 -5.541864E-01  2.083326E+00 -3.730599E+00
 -5.543606E-01  2.078910E+00 -3.728609E+00
 -5.546770E-01  2.068338E+00 -3.724992E+00
 -5.545888E-01  2.053350E+00 -3.726000E+00
 -5.543606E-01  2.049886E+00 -3.728609E+00
 -5.530543E-01  2.053144E+00 -3.743540E+00
 -5.530382E-01  2.053350E+00 -3.743724E+00
 -5.517480E-01  2.065535E+00 -3.758471E+00
 -5.515495E-01  2.068338E+00 -3.760740E+00
 -5.504417E-01  2.080098E+00 -3.773402E+00
 -5.501591E-01  2.083326E+00 -3.776632E+00
 -5.491354E-01  2.093930E+00 -3.788333E+00
 -5.488534E-01  2.098314E+00 -3.791556E+00
 -5.481799E-01  2.113302E+00 -3.799254E+00
 -5.478291E-01  2.120964E+00 -3.803264E+00
 -5.474738E-01  2.128290E+00 -3.807325E+00
 -5.465785E-01  2.143278E+00 -3.817558E+00
 -5.465228E-01  2.144236E+00 -3.818195E+00
 -5.454889E-01  2.158266E+00 -3.830012E+00
 -5.452166E-01  2.162186E+00 -3.833126E+00
 -5.447056E-01  2.173254E+00 -3.838966E+00
 -5.444359E-01  2.188242E+00 -3.842048E+00
 -5.443128E-01  2.203229E+00 -3.843456E+00
 -5.452166E-01  2.210645E+00 -3.833126E+00
Slice   =     95 , Freq(kT, average of all copies)              =   0.2646
Orbit # =      0 , Freq(kT, this largest copy used for outline) =   0.2725
Points  =     33
  kx            ky            kz
  1.060207E-02  1.368516E+00 -2.970187E+00
  9.631775E-03  1.378524E+00 -2.959096E+00
  9.295784E-03  1.381938E+00 -2.955256E+00
  7.989497E-03  1.379020E+00 -2.940325E+00
  7.838458E-03  1.378524E+00 -2.938598E+00
  6.933430E-03  1.363536E+00 -2.928254E+00
  6.683211E-03  1.361756E+00 -2.925394E+00
  5.915319E-03  1.348548E+00 -2.916617E+00
  5.376925E-03  1.339965E+00 -2.910463E+00
  5.082793E-03  1.333560E+00 -2.907101E+00
  5.002325E-03  1.318572E+00 -2.906181E+00
  4.248702E-03  1.303584E+00 -2.897567E+00
  4.222324E-03  1.288596E+00 -2.897266E+00
  4.070638E-03  1.284721E+00 -2.895532E+00
  3.638227E-03  1.273608E+00 -2.890590E+00
  3.633595E-03  1.258620E+00 -2.890537E+00
  4.060683E-03  1.243632E+00 -2.895418E+00
  4.070638E-03  1.243397E+00 -2.895532E+00
  5.376925E-03  1.243378E+00 -2.910463E+00
  6.683211E-03  1.243452E+00 -2.925394E+00
  6.699441E-03  1.243632E+00 -2.925579E+00
  7.989497E-03  1.249531E+00 -2.940325E+00
  8.582898E-03  1.258620E+00 -2.947107E+00
  8.559721E-03  1.273608E+00 -2.946843E+00
  9.295784E-03  1.283019E+00 -2.955256E+00
  9.636004E-03  1.288596E+00 -2.959144E+00
  9.577679E-03  1.303584E+00 -2.958478E+00
  1.005304E-02  1.318572E+00 -2.963911E+00
  1.050986E-02  1.333560E+00 -2.969133E+00
  1.030098E-02  1.348548E+00 -2.966745E+00
  1.060207E-02  1.356172E+00 -2.970187E+00
  1.086230E-02  1.363536E+00 -2.973161E+00
  1.060207E-02  1.368516E+00 -2.970187E+00
Slice   =    216 , Freq(kT, average of all copies)              =   0.2823
Orbit # =      0 , Freq(kT, this largest copy used for outline) =   0.2910
Points  =     43
  kx            ky            kz
  3.931869E+00  4.952522E+00 -3.140327E+00
  3.930563E+00  4.951822E+00 -3.125396E+00
  3.929257E+00  4.950596E+00 -3.110465E+00
  3.929068E+00  4.948234E+00 -3.108306E+00
  3.927950E+00  4.938470E+00 -3.095534E+00
  3.927591E+00  4.933247E+00 -3.091434E+00
  3.926644E+00  4.922913E+00 -3.080603E+00
  3.926367E+00  4.918259E+00 -3.077443E+00
  3.925546E+00  4.903271E+00 -3.068055E+00
  3.925338E+00  4.899892E+00 -3.065673E+00
  3.924826E+00  4.888283E+00 -3.059819E+00
  3.924031E+00  4.873844E+00 -3.050742E+00
  3.923996E+00  4.873295E+00 -3.050336E+00
  3.922915E+00  4.858307E+00 -3.037982E+00
  3.922725E+00  4.854909E+00 -3.035811E+00
  3.922144E+00  4.843319E+00 -3.029172E+00
  3.921440E+00  4.828331E+00 -3.021125E+00
  3.921419E+00  4.827898E+00 -3.020880E+00
  3.920736E+00  4.813343E+00 -3.013075E+00
  3.920113E+00  4.800833E+00 -3.005949E+00
  3.919983E+00  4.798355E+00 -3.004472E+00
  3.920113E+00  4.792833E+00 -3.005949E+00
  3.921419E+00  4.788417E+00 -3.020880E+00
  3.922725E+00  4.790917E+00 -3.035811E+00
  3.924031E+00  4.797200E+00 -3.050742E+00
  3.924081E+00  4.798355E+00 -3.051313E+00
  3.924858E+00  4.813343E+00 -3.060186E+00
  3.925338E+00  4.822462E+00 -3.065673E+00
  3.925614E+00  4.828331E+00 -3.068830E+00
  3.926534E+00  4.843319E+00 -3.079344E+00
  3.926644E+00  4.844704E+00 -3.080603E+00
  3.927721E+00  4.858307E+00 -3.092916E+00
  3.927950E+00  4.860878E+00 -3.095534E+00
  3.928570E+00  4.873295E+00 -3.102622E+00
  3.929147E+00  4.888283E+00 -3.109212E+00
  3.929257E+00  4.890905E+00 -3.110465E+00
  3.929848E+00  4.903271E+00 -3.117223E+00
  3.930563E+00  4.916676E+00 -3.125396E+00
  3.930661E+00  4.918259E+00 -3.126524E+00
  3.931636E+00  4.933247E+00 -3.137658E+00
  3.931869E+00  4.941038E+00 -3.140327E+00
  3.932007E+00  4.948234E+00 -3.141908E+00
  3.931869E+00  4.952522E+00 -3.140327E+00
Slice   =     41 , Freq(kT, average of all copies)              =   0.2828
Orbit # =      0 , Freq(kT, this largest copy used for outline) =   0.2843
Points  =     45
  kx            ky            kz
 -1.516654E+00  1.064045E+00 -2.839228E+00
 -1.516840E+00  1.063409E+00 -2.837097E+00
 -1.517960E+00  1.057964E+00 -2.824298E+00
 -1.519266E+00  1.056944E+00 -2.809367E+00
 -1.520573E+00  1.051551E+00 -2.794436E+00
 -1.520783E+00  1.048421E+00 -2.792026E+00
 -1.521879E+00  1.034561E+00 -2.779505E+00
 -1.521940E+00  1.033433E+00 -2.778810E+00
 -1.522639E+00  1.018445E+00 -2.770817E+00
 -1.523185E+00  1.008813E+00 -2.764574E+00
 -1.523449E+00  1.003457E+00 -2.761562E+00
 -1.524489E+00  9.884687E-01 -2.749667E+00
 -1.524491E+00  9.884399E-01 -2.749643E+00
 -1.525498E+00  9.734808E-01 -2.738138E+00
 -1.525798E+00  9.683150E-01 -2.734712E+00
 -1.526288E+00  9.584928E-01 -2.729113E+00
 -1.526941E+00  9.435049E-01 -2.721642E+00
 -1.527104E+00  9.405716E-01 -2.719781E+00
 -1.527889E+00  9.285169E-01 -2.710810E+00
 -1.528410E+00  9.206081E-01 -2.704850E+00
 -1.528819E+00  9.135289E-01 -2.700178E+00
 -1.528896E+00  8.985410E-01 -2.699297E+00
 -1.528410E+00  8.943602E-01 -2.704850E+00
 -1.527104E+00  8.947001E-01 -2.719781E+00
 -1.526492E+00  8.985410E-01 -2.726774E+00
 -1.525798E+00  9.025449E-01 -2.734712E+00
 -1.524491E+00  9.121036E-01 -2.749643E+00
 -1.524415E+00  9.135289E-01 -2.750518E+00
 -1.523491E+00  9.285169E-01 -2.761078E+00
 -1.523185E+00  9.336655E-01 -2.764574E+00
 -1.522767E+00  9.435049E-01 -2.769358E+00
 -1.522036E+00  9.584928E-01 -2.777712E+00
 -1.521879E+00  9.606946E-01 -2.779505E+00
 -1.520905E+00  9.734808E-01 -2.790635E+00
 -1.520573E+00  9.779714E-01 -2.794436E+00
 -1.519990E+00  9.884687E-01 -2.801090E+00
 -1.519266E+00  1.003344E+00 -2.809367E+00
 -1.519260E+00  1.003457E+00 -2.809443E+00
 -1.518711E+00  1.018445E+00 -2.815717E+00
 -1.517960E+00  1.033175E+00 -2.824298E+00
 -1.517944E+00  1.033433E+00 -2.824481E+00
 -1.517318E+00  1.048421E+00 -2.831636E+00
 -1.516654E+00  1.062148E+00 -2.839228E+00
 -1.516616E+00  1.063409E+00 -2.839664E+00
 -1.516654E+00  1.064045E+00 -2.839228E+00
Slice   =     45 , Freq(kT, average of all copies)              =   0.2839
Orbit # =      0 , Freq(kT, this largest copy used for outline) =   0.2909
Points  =     43
  kx            ky            kz
 -9.732859E-03  1.711580E+00 -3.849027E+00
 -1.082099E-02  1.707154E+00 -3.836590E+00
 -1.103915E-02  1.706083E+00 -3.834096E+00
 -1.234543E-02  1.706324E+00 -3.819165E+00
 -1.365172E-02  1.700271E+00 -3.804234E+00
 -1.421429E-02  1.692166E+00 -3.797804E+00
 -1.495800E-02  1.682091E+00 -3.789303E+00
 -1.523869E-02  1.677178E+00 -3.786095E+00
 -1.608920E-02  1.662190E+00 -3.776374E+00
 -1.626429E-02  1.659174E+00 -3.774372E+00
 -1.677954E-02  1.647202E+00 -3.768483E+00
 -1.757058E-02  1.634877E+00 -3.759441E+00
 -1.772054E-02  1.632214E+00 -3.757727E+00
 -1.868683E-02  1.617227E+00 -3.746682E+00
 -1.887686E-02  1.613429E+00 -3.744510E+00
 -1.937584E-02  1.602239E+00 -3.738807E+00
 -1.997644E-02  1.587251E+00 -3.731942E+00
 -2.018315E-02  1.583224E+00 -3.729580E+00
 -2.076371E-02  1.572263E+00 -3.722944E+00
 -2.148944E-02  1.560911E+00 -3.714649E+00
 -2.172554E-02  1.557275E+00 -3.711950E+00
 -2.148944E-02  1.548346E+00 -3.714649E+00
 -2.018315E-02  1.544677E+00 -3.729580E+00
 -1.887686E-02  1.549850E+00 -3.744510E+00
 -1.788715E-02  1.557275E+00 -3.755823E+00
 -1.757058E-02  1.559049E+00 -3.759441E+00
 -1.683224E-02  1.572263E+00 -3.767881E+00
 -1.626429E-02  1.583266E+00 -3.774372E+00
 -1.608223E-02  1.587251E+00 -3.776453E+00
 -1.519578E-02  1.602239E+00 -3.786585E+00
 -1.495800E-02  1.605452E+00 -3.789303E+00
 -1.399729E-02  1.617227E+00 -3.800284E+00
 -1.365172E-02  1.621520E+00 -3.804234E+00
 -1.304179E-02  1.632214E+00 -3.811206E+00
 -1.234543E-02  1.645636E+00 -3.819165E+00
 -1.224719E-02  1.647202E+00 -3.820288E+00
 -1.162667E-02  1.662190E+00 -3.827381E+00
 -1.103915E-02  1.672374E+00 -3.834096E+00
 -1.066927E-02  1.677178E+00 -3.838324E+00
 -9.862972E-03  1.692166E+00 -3.847540E+00
 -9.732859E-03  1.695518E+00 -3.849027E+00
 -9.504314E-03  1.707154E+00 -3.851639E+00
 -9.732859E-03  1.711580E+00 -3.849027E+00
Slice   =    192 , Freq(kT, average of all copies)              =   0.3417
Orbit # =      0 , Freq(kT, this largest copy used for outline) =   0.3479
Points  =     47
  kx            ky            kz
  2.798983E+00  2.821487E+00 -1.529556E+00
  2.798540E+00  2.819577E+00 -1.524490E+00
  2.797677E+00  2.816214E+00 -1.514625E+00
  2.796783E+00  2.819577E+00 -1.504406E+00
  2.796371E+00  2.820918E+00 -1.499694E+00
  2.796310E+00  2.819577E+00 -1.499005E+00
  2.795064E+00  2.807171E+00 -1.484763E+00
  2.794918E+00  2.804589E+00 -1.483089E+00
  2.794997E+00  2.789601E+00 -1.483995E+00
  2.794299E+00  2.774613E+00 -1.476019E+00
  2.793758E+00  2.763411E+00 -1.469832E+00
  2.793592E+00  2.759625E+00 -1.467938E+00
  2.793327E+00  2.744637E+00 -1.464909E+00
  2.792452E+00  2.729651E+00 -1.454901E+00
  2.792452E+00  2.729649E+00 -1.454900E+00
  2.792452E+00  2.729605E+00 -1.454901E+00
  2.792489E+00  2.714661E+00 -1.455325E+00
  2.792452E+00  2.713956E+00 -1.454901E+00
  2.791729E+00  2.699673E+00 -1.446636E+00
  2.791146E+00  2.685700E+00 -1.439970E+00
  2.791107E+00  2.684685E+00 -1.439535E+00
  2.791146E+00  2.679268E+00 -1.439970E+00
  2.791304E+00  2.669697E+00 -1.441785E+00
  2.791146E+00  2.664021E+00 -1.439970E+00
  2.790905E+00  2.654709E+00 -1.437218E+00
  2.791146E+00  2.651494E+00 -1.439970E+00
  2.792452E+00  2.649856E+00 -1.454901E+00
  2.793758E+00  2.652205E+00 -1.469832E+00
  2.794169E+00  2.654709E+00 -1.474531E+00
  2.795064E+00  2.661859E+00 -1.484763E+00
  2.795726E+00  2.669697E+00 -1.492320E+00
  2.796371E+00  2.675250E+00 -1.499694E+00
  2.797064E+00  2.684685E+00 -1.507614E+00
  2.797153E+00  2.699673E+00 -1.508636E+00
  2.797677E+00  2.707057E+00 -1.514625E+00
  2.798102E+00  2.714661E+00 -1.519489E+00
  2.798013E+00  2.729649E+00 -1.518464E+00
  2.798439E+00  2.744637E+00 -1.523337E+00
  2.798954E+00  2.759625E+00 -1.529222E+00
  2.798717E+00  2.774613E+00 -1.526508E+00
  2.798983E+00  2.778521E+00 -1.529556E+00
  2.799465E+00  2.789601E+00 -1.535060E+00
  2.798983E+00  2.801759E+00 -1.529556E+00
  2.798652E+00  2.804589E+00 -1.525765E+00
  2.798983E+00  2.815022E+00 -1.529556E+00
  2.799093E+00  2.819577E+00 -1.530809E+00
  2.798983E+00  2.821487E+00 -1.529556E+00
Slice   =     36 , Freq(kT, average of all copies)              =   0.3420
Orbit # =      0 , Freq(kT, this largest copy used for outline) =   0.3493
Points  =     41
  kx            ky            kz
 -1.637028E+00  6.387503E-01 -2.323178E+00
 -1.638335E+00  6.435912E-01 -2.308247E+00
 -1.638605E+00  6.437457E-01 -2.305154E+00
 -1.639641E+00  6.440541E-01 -2.293316E+00
 -1.639695E+00  6.437457E-01 -2.292694E+00
 -1.640947E+00  6.329966E-01 -2.278385E+00
 -1.641280E+00  6.287578E-01 -2.274585E+00
 -1.642254E+00  6.203884E-01 -2.263454E+00
 -1.642719E+00  6.137698E-01 -2.258132E+00
 -1.643417E+00  5.987819E-01 -2.250160E+00
 -1.643446E+00  5.837939E-01 -2.249829E+00
 -1.643560E+00  5.816893E-01 -2.248523E+00
 -1.644205E+00  5.688060E-01 -2.241149E+00
 -1.644149E+00  5.538180E-01 -2.241792E+00
 -1.644815E+00  5.388301E-01 -2.234181E+00
 -1.644792E+00  5.238421E-01 -2.234443E+00
 -1.644866E+00  5.218834E-01 -2.233592E+00
 -1.645206E+00  5.088541E-01 -2.229701E+00
 -1.645004E+00  4.938662E-01 -2.232018E+00
 -1.644993E+00  4.788782E-01 -2.232147E+00
 -1.644866E+00  4.754757E-01 -2.233592E+00
 -1.643560E+00  4.744614E-01 -2.248523E+00
 -1.642254E+00  4.788290E-01 -2.263454E+00
 -1.642252E+00  4.788782E-01 -2.263470E+00
 -1.640947E+00  4.894265E-01 -2.278385E+00
 -1.640711E+00  4.938662E-01 -2.281083E+00
 -1.640731E+00  5.088541E-01 -2.280851E+00
 -1.639641E+00  5.230820E-01 -2.293316E+00
 -1.639600E+00  5.238421E-01 -2.293781E+00
 -1.639641E+00  5.306511E-01 -2.293316E+00
 -1.639723E+00  5.388301E-01 -2.292378E+00
 -1.639641E+00  5.405096E-01 -2.293316E+00
 -1.638995E+00  5.538180E-01 -2.300695E+00
 -1.638533E+00  5.688060E-01 -2.305976E+00
 -1.638335E+00  5.774919E-01 -2.308247E+00
 -1.638168E+00  5.837939E-01 -2.310150E+00
 -1.637452E+00  5.987819E-01 -2.318341E+00
 -1.637453E+00  6.137698E-01 -2.318320E+00
 -1.637028E+00  6.202370E-01 -2.323178E+00
 -1.636661E+00  6.287578E-01 -2.327374E+00
 -1.637028E+00  6.387503E-01 -2.323178E+00
Slice   =     10 , Freq(kT, average of all copies)              =   1.0036
Orbit # =      0 , Freq(kT, this largest copy used for outline) =   1.0246
Points  =     79
  kx            ky            kz
 -2.055277E+00 -5.661937E-01 -1.185273E+00
 -2.055970E+00 -5.702787E-01 -1.177347E+00
 -2.056583E+00 -5.757385E-01 -1.170342E+00
 -2.057890E+00 -5.752124E-01 -1.155411E+00
 -2.059196E+00 -5.746333E-01 -1.140480E+00
 -2.060502E+00 -5.800099E-01 -1.125549E+00
 -2.061808E+00 -5.779214E-01 -1.110618E+00
 -2.063095E+00 -5.852666E-01 -1.095907E+00
 -2.063115E+00 -5.853274E-01 -1.095688E+00
 -2.064421E+00 -5.895694E-01 -1.080757E+00
 -2.065727E+00 -5.894859E-01 -1.065826E+00
 -2.067034E+00 -5.944378E-01 -1.050895E+00
 -2.067925E+00 -6.002546E-01 -1.040711E+00
 -2.068340E+00 -6.013322E-01 -1.035964E+00
 -2.069021E+00 -6.002546E-01 -1.028175E+00
 -2.069646E+00 -5.990397E-01 -1.021033E+00
 -2.070952E+00 -5.946821E-01 -1.006102E+00
 -2.072259E+00 -5.993762E-01 -9.911710E-01
 -2.072379E+00 -6.002546E-01 -9.897992E-01
 -2.073565E+00 -6.098333E-01 -9.762401E-01
 -2.074871E+00 -6.107765E-01 -9.613092E-01
 -2.075642E+00 -6.152425E-01 -9.524941E-01
 -2.076178E+00 -6.229778E-01 -9.463783E-01
 -2.076568E+00 -6.302305E-01 -9.419165E-01
 -2.077484E+00 -6.345398E-01 -9.314474E-01
 -2.078790E+00 -6.421183E-01 -9.165164E-01
 -2.079060E+00 -6.452185E-01 -9.134304E-01
 -2.079973E+00 -6.602064E-01 -9.029969E-01
 -2.080096E+00 -6.611799E-01 -9.015855E-01
 -2.081403E+00 -6.655252E-01 -8.866546E-01
 -2.082236E+00 -6.751944E-01 -8.771241E-01
 -2.082709E+00 -6.827221E-01 -8.717237E-01
 -2.084015E+00 -6.873151E-01 -8.567928E-01
 -2.084425E+00 -6.901823E-01 -8.521046E-01
 -2.085081E+00 -7.051703E-01 -8.446101E-01
 -2.085322E+00 -7.120906E-01 -8.418618E-01
 -2.086628E+00 -7.185108E-01 -8.269309E-01
 -2.086836E+00 -7.201582E-01 -8.245521E-01
 -2.086628E+00 -7.274363E-01 -8.269309E-01
 -2.085605E+00 -7.351462E-01 -8.386239E-01
 -2.085322E+00 -7.363340E-01 -8.418618E-01
 -2.085108E+00 -7.351462E-01 -8.443023E-01
 -2.084015E+00 -7.276511E-01 -8.567928E-01
 -2.082709E+00 -7.295286E-01 -8.717237E-01
 -2.081403E+00 -7.312409E-01 -8.866546E-01
 -2.080096E+00 -7.251543E-01 -9.015855E-01
 -2.078790E+00 -7.229815E-01 -9.165164E-01
 -2.077484E+00 -7.236965E-01 -9.314474E-01
 -2.077003E+00 -7.201582E-01 -9.369424E-01
 -2.076178E+00 -7.153642E-01 -9.463783E-01
 -2.074871E+00 -7.124530E-01 -9.613092E-01
 -2.073565E+00 -7.134913E-01 -9.762401E-01
 -2.072800E+00 -7.051703E-01 -9.849888E-01
 -2.072259E+00 -7.018979E-01 -9.911710E-01
 -2.070952E+00 -7.044527E-01 -1.006102E+00
 -2.070843E+00 -7.051703E-01 -1.007351E+00
 -2.069646E+00 -7.110307E-01 -1.021033E+00
 -2.069017E+00 -7.051703E-01 -1.028222E+00
 -2.068340E+00 -6.922022E-01 -1.035964E+00
 -2.067034E+00 -6.949811E-01 -1.050895E+00
 -2.065727E+00 -6.937747E-01 -1.065826E+00
 -2.065399E+00 -6.901823E-01 -1.069575E+00
 -2.064725E+00 -6.751944E-01 -1.077277E+00
 -2.064421E+00 -6.713060E-01 -1.080757E+00
 -2.063115E+00 -6.705874E-01 -1.095688E+00
 -2.061846E+00 -6.602064E-01 -1.110188E+00
 -2.061808E+00 -6.597026E-01 -1.110618E+00
 -2.060777E+00 -6.452185E-01 -1.122407E+00
 -2.060502E+00 -6.423460E-01 -1.125549E+00
 -2.059196E+00 -6.411419E-01 -1.140480E+00
 -2.058515E+00 -6.302305E-01 -1.148260E+00
 -2.057890E+00 -6.183563E-01 -1.155411E+00
 -2.057414E+00 -6.152425E-01 -1.160852E+00
 -2.056583E+00 -6.085087E-01 -1.170342E+00
 -2.055277E+00 -6.058234E-01 -1.185273E+00
 -2.055000E+00 -6.002546E-01 -1.188443E+00
 -2.054619E+00 -5.852666E-01 -1.192790E+00
 -2.054515E+00 -5.702787E-01 -1.193979E+00
 -2.055277E+00 -5.661937E-01 -1.185273E+00
Theta(deg) =   0.000000 , Phi(deg) =  87.500000 , Number of orbits =    10 , (a.u.^-1) units
Slice   =    185 , Freq(kT, average of all copies)              =   0.2416
Orbit # =      0 , Freq(kT, this largest copy used for outline) =   0.2454
Points  =     39
  kx            ky            kz
 -1.624363E-01  2.629189E+00 -4.145764E+00
 -1.627677E-01  2.623997E+00 -4.138173E+00
 -1.630901E-01  2.619439E+00 -4.130790E+00
 -1.635307E-01  2.609009E+00 -4.120699E+00
 -1.637438E-01  2.604958E+00 -4.115817E+00
 -1.641173E-01  2.594021E+00 -4.107264E+00
 -1.643976E-01  2.587895E+00 -4.100843E+00
 -1.647387E-01  2.579033E+00 -4.093030E+00
 -1.650514E-01  2.570885E+00 -4.085869E+00
 -1.652836E-01  2.564045E+00 -4.080549E+00
 -1.657051E-01  2.550821E+00 -4.070895E+00
 -1.657506E-01  2.549057E+00 -4.069855E+00
 -1.659996E-01  2.534069E+00 -4.064151E+00
 -1.663311E-01  2.519081E+00 -4.056559E+00
 -1.663589E-01  2.517973E+00 -4.055922E+00
 -1.668436E-01  2.504093E+00 -4.044821E+00
 -1.670127E-01  2.498700E+00 -4.040948E+00
 -1.672886E-01  2.489105E+00 -4.034628E+00
 -1.676039E-01  2.474117E+00 -4.027407E+00
 -1.670127E-01  2.460477E+00 -4.040948E+00
 -1.663589E-01  2.470975E+00 -4.055922E+00
 -1.662400E-01  2.474117E+00 -4.058645E+00
 -1.657051E-01  2.484985E+00 -4.070895E+00
 -1.655361E-01  2.489105E+00 -4.074768E+00
 -1.650514E-01  2.499313E+00 -4.085869E+00
 -1.648641E-01  2.504093E+00 -4.090157E+00
 -1.643976E-01  2.516237E+00 -4.100843E+00
 -1.643143E-01  2.519081E+00 -4.102751E+00
 -1.639974E-01  2.534069E+00 -4.110010E+00
 -1.637438E-01  2.545020E+00 -4.115817E+00
 -1.636346E-01  2.549057E+00 -4.118318E+00
 -1.631636E-01  2.564045E+00 -4.129106E+00
 -1.630901E-01  2.566403E+00 -4.130790E+00
 -1.627016E-01  2.579033E+00 -4.139687E+00
 -1.624363E-01  2.588530E+00 -4.145764E+00
 -1.623030E-01  2.594021E+00 -4.148817E+00
 -1.621768E-01  2.609009E+00 -4.151708E+00
 -1.621206E-01  2.623997E+00 -4.152994E+00
 -1.624363E-01  2.629189E+00 -4.145764E+00
Slice   =    146 , Freq(kT, average of all copies)              =   0.2537
Orbit # =      0 , Freq(kT, this largest copy used for outline) =   0.2582
Points  =     35
  kx            ky            kz
 -2.739173E-02  1.788482E+00 -3.976603E+00
 -2.792368E-02  1.798555E+00 -3.964419E+00
 -2.804549E-02  1.800910E+00 -3.961629E+00
 -2.857498E-02  1.798555E+00 -3.949502E+00
 -2.869926E-02  1.797700E+00 -3.946655E+00
 -2.910471E-02  1.783567E+00 -3.937369E+00
 -2.935302E-02  1.779910E+00 -3.931682E+00
 -2.966565E-02  1.768579E+00 -3.924521E+00
 -3.000679E-02  1.757565E+00 -3.916708E+00
 -3.009532E-02  1.753591E+00 -3.914680E+00
 -3.000679E-02  1.739709E+00 -3.916708E+00
 -2.999521E-02  1.738603E+00 -3.916973E+00
 -3.000679E-02  1.738234E+00 -3.916708E+00
 -3.038200E-02  1.723615E+00 -3.908114E+00
 -3.042623E-02  1.708627E+00 -3.907101E+00
 -3.060061E-02  1.693639E+00 -3.903107E+00
 -3.066056E-02  1.683627E+00 -3.901734E+00
 -3.068352E-02  1.678651E+00 -3.901208E+00
 -3.066056E-02  1.675385E+00 -3.901734E+00
 -3.020774E-02  1.663663E+00 -3.912105E+00
 -3.000679E-02  1.661979E+00 -3.916708E+00
 -2.935302E-02  1.659639E+00 -3.931682E+00
 -2.916758E-02  1.663663E+00 -3.935929E+00
 -2.869926E-02  1.667619E+00 -3.946655E+00
 -2.834729E-02  1.678651E+00 -3.954717E+00
 -2.837531E-02  1.693639E+00 -3.954075E+00
 -2.804549E-02  1.702329E+00 -3.961629E+00
 -2.784948E-02  1.708627E+00 -3.966119E+00
 -2.783829E-02  1.723615E+00 -3.966375E+00
 -2.764369E-02  1.738603E+00 -3.970832E+00
 -2.742439E-02  1.753591E+00 -3.975855E+00
 -2.753120E-02  1.768579E+00 -3.973408E+00
 -2.739173E-02  1.775985E+00 -3.976603E+00
 -2.726696E-02  1.783567E+00 -3.979460E+00
 -2.739173E-02  1.788482E+00 -3.976603E+00
Slice   =    170 , Freq(kT, average of all copies)              =   0.2805
Orbit # =      0 , Freq(kT, this largest copy used for outline) =   0.2856
Points  =     45
  kx            ky            kz
  2.901359E-01  2.176701E+00 -2.450292E+00
  2.898812E-01  2.174726E+00 -2.444459E+00
  2.894821E-01  2.171368E+00 -2.435318E+00
  2.888283E-01  2.170131E+00 -2.420344E+00
  2.881746E-01  2.161983E+00 -2.405371E+00
  2.881016E-01  2.159738E+00 -2.403700E+00
  2.875494E-01  2.144750E+00 -2.391053E+00
  2.875208E-01  2.144070E+00 -2.390397E+00
  2.871555E-01  2.129762E+00 -2.382031E+00
  2.868670E-01  2.118303E+00 -2.375423E+00
  2.867805E-01  2.114774E+00 -2.373442E+00
  2.863186E-01  2.099787E+00 -2.362863E+00
  2.862133E-01  2.096712E+00 -2.360450E+00
  2.857903E-01  2.084799E+00 -2.350763E+00
  2.855595E-01  2.077853E+00 -2.345476E+00
  2.853314E-01  2.069811E+00 -2.340252E+00
  2.849369E-01  2.054823E+00 -2.331217E+00
  2.849057E-01  2.052948E+00 -2.330502E+00
  2.846484E-01  2.039835E+00 -2.324609E+00
  2.843068E-01  2.024847E+00 -2.316785E+00
  2.842520E-01  2.011699E+00 -2.315528E+00
  2.842428E-01  2.009859E+00 -2.315319E+00
  2.842520E-01  2.009410E+00 -2.315528E+00
  2.849057E-01  2.006050E+00 -2.330502E+00
  2.855418E-01  2.009859E+00 -2.345071E+00
  2.855595E-01  2.009942E+00 -2.345476E+00
  2.862133E-01  2.020594E+00 -2.360450E+00
  2.863242E-01  2.024847E+00 -2.362990E+00
  2.867725E-01  2.039835E+00 -2.373257E+00
  2.868670E-01  2.042825E+00 -2.375423E+00
  2.871522E-01  2.054823E+00 -2.381955E+00
  2.875208E-01  2.068550E+00 -2.390397E+00
  2.875581E-01  2.069811E+00 -2.391251E+00
  2.881279E-01  2.084799E+00 -2.404301E+00
  2.881746E-01  2.086059E+00 -2.405371E+00
  2.885034E-01  2.099787E+00 -2.412903E+00
  2.888283E-01  2.113702E+00 -2.420344E+00
  2.888579E-01  2.114774E+00 -2.421022E+00
  2.891410E-01  2.129762E+00 -2.427506E+00
  2.894821E-01  2.143298E+00 -2.435318E+00
  2.895273E-01  2.144750E+00 -2.436353E+00
  2.898663E-01  2.159738E+00 -2.444117E+00
  2.901359E-01  2.171609E+00 -2.450292E+00
  2.901859E-01  2.174726E+00 -2.451438E+00
  2.901359E-01  2.176701E+00 -2.450292E+00
Slice   =     12 , Freq(kT, average of all copies)              =   0.2821
Orbit # =      0 , Freq(kT, this largest copy used for outline) =   0.2889
Points  =     45
  kx            ky            kz
 -4.226225E+00 -1.768662E+00 -2.458841E+00
 -4.226565E+00 -1.770420E+00 -2.451055E+00
 -4.226879E+00 -1.773177E+00 -2.443867E+00
 -4.227533E+00 -1.778758E+00 -2.428893E+00
 -4.228186E+00 -1.784731E+00 -2.413920E+00
 -4.228205E+00 -1.785408E+00 -2.413496E+00
 -4.228694E+00 -1.800396E+00 -2.402305E+00
 -4.228840E+00 -1.803972E+00 -2.398946E+00
 -4.229158E+00 -1.815384E+00 -2.391667E+00
 -4.229494E+00 -1.827351E+00 -2.383972E+00
 -4.229566E+00 -1.830371E+00 -2.382325E+00
 -4.229976E+00 -1.845359E+00 -2.372942E+00
 -4.230148E+00 -1.849929E+00 -2.368998E+00
 -4.230522E+00 -1.860347E+00 -2.360416E+00
 -4.230801E+00 -1.868705E+00 -2.354025E+00
 -4.231005E+00 -1.875335E+00 -2.349356E+00
 -4.231368E+00 -1.890323E+00 -2.341041E+00
 -4.231455E+00 -1.897904E+00 -2.339051E+00
 -4.231527E+00 -1.905311E+00 -2.337416E+00
 -4.231823E+00 -1.920299E+00 -2.330623E+00
 -4.232109E+00 -1.934827E+00 -2.324077E+00
 -4.232122E+00 -1.935287E+00 -2.323791E+00
 -4.232109E+00 -1.935934E+00 -2.324077E+00
 -4.231455E+00 -1.939744E+00 -2.339051E+00
 -4.230801E+00 -1.936456E+00 -2.354025E+00
 -4.230739E+00 -1.935287E+00 -2.355462E+00
 -4.230148E+00 -1.925251E+00 -2.368998E+00
 -4.230030E+00 -1.920299E+00 -2.371693E+00
 -4.229622E+00 -1.905311E+00 -2.381035E+00
 -4.229494E+00 -1.900941E+00 -2.383972E+00
 -4.229209E+00 -1.890323E+00 -2.390492E+00
 -4.228840E+00 -1.880122E+00 -2.398946E+00
 -4.228664E+00 -1.875335E+00 -2.402990E+00
 -4.228186E+00 -1.863837E+00 -2.413920E+00
 -4.228094E+00 -1.860347E+00 -2.416042E+00
 -4.227747E+00 -1.845359E+00 -2.423974E+00
 -4.227533E+00 -1.834755E+00 -2.428893E+00
 -4.227415E+00 -1.830371E+00 -2.431599E+00
 -4.227093E+00 -1.815384E+00 -2.438955E+00
 -4.226879E+00 -1.808514E+00 -2.443867E+00
 -4.226574E+00 -1.800396E+00 -2.450852E+00
 -4.226225E+00 -1.786817E+00 -2.458841E+00
 -4.226201E+00 -1.785408E+00 -2.459387E+00
 -4.226170E+00 -1.770420E+00 -2.460095E+00
 -4.226225E+00 -1.768662E+00 -2.458841E+00
Slice   =     57 , Freq(kT, average of all copies)              =   0.2825
Orbit # =      0 , Freq(kT, this largest copy used for outline) =   0.2833
Points  =     43
  kx            ky            kz
  1.453916E+00  2.730188E+00 -1.833655E+00
  1.453543E+00  2.727808E+00 -1.825113E+00
  1.453262E+00  2.725768E+00 -1.818682E+00
  1.452609E+00  2.725566E+00 -1.803708E+00
  1.451955E+00  2.715164E+00 -1.788734E+00
  1.451882E+00  2.712820E+00 -1.787062E+00
  1.451385E+00  2.697832E+00 -1.775690E+00
  1.451301E+00  2.695645E+00 -1.773761E+00
  1.451011E+00  2.682844E+00 -1.767122E+00
  1.450665E+00  2.667856E+00 -1.759186E+00
  1.450647E+00  2.667416E+00 -1.758787E+00
  1.450111E+00  2.652868E+00 -1.746505E+00
  1.449994E+00  2.649529E+00 -1.743813E+00
  1.449615E+00  2.637880E+00 -1.735137E+00
  1.449340E+00  2.629071E+00 -1.728840E+00
  1.449179E+00  2.622892E+00 -1.725160E+00
  1.448869E+00  2.607904E+00 -1.718046E+00
  1.448686E+00  2.599635E+00 -1.713866E+00
  1.448478E+00  2.592916E+00 -1.709102E+00
  1.448075E+00  2.577928E+00 -1.699878E+00
  1.448141E+00  2.562940E+00 -1.701372E+00
  1.448686E+00  2.559769E+00 -1.713866E+00
  1.449068E+00  2.562940E+00 -1.722615E+00
  1.449340E+00  2.564788E+00 -1.728840E+00
  1.449994E+00  2.574869E+00 -1.743813E+00
  1.450094E+00  2.577928E+00 -1.746120E+00
  1.450647E+00  2.591655E+00 -1.758787E+00
  1.450677E+00  2.592916E+00 -1.759470E+00
  1.451001E+00  2.607904E+00 -1.766899E+00
  1.451301E+00  2.621232E+00 -1.773761E+00
  1.451345E+00  2.622892E+00 -1.774773E+00
  1.451862E+00  2.637880E+00 -1.786600E+00
  1.451955E+00  2.640508E+00 -1.788734E+00
  1.452314E+00  2.652868E+00 -1.796969E+00
  1.452609E+00  2.662677E+00 -1.803708E+00
  1.452747E+00  2.667856E+00 -1.806884E+00
  1.453001E+00  2.682844E+00 -1.812704E+00
  1.453262E+00  2.694899E+00 -1.818682E+00
  1.453342E+00  2.697832E+00 -1.820506E+00
  1.453648E+00  2.712820E+00 -1.827507E+00
  1.453916E+00  2.724346E+00 -1.833655E+00
  1.453986E+00  2.727808E+00 -1.835261E+00
  1.453916E+00  2.730188E+00 -1.833655E+00
Slice   =     75 , Freq(kT, average of all copies)              =   0.2863
Orbit # =      0 , Freq(kT, this largest copy used for outline) =   0.2863
Points  =     45
  kx            ky            kz
 -1.136287E+00  1.064570E+00 -2.146405E+00
 -1.136352E+00  1.064145E+00 -2.144918E+00
 -1.136941E+00  1.058355E+00 -2.131431E+00
 -1.137595E+00  1.056792E+00 -2.116458E+00
 -1.138249E+00  1.051362E+00 -2.101484E+00
 -1.138322E+00  1.049157E+00 -2.099793E+00
 -1.138902E+00  1.034433E+00 -2.086510E+00
 -1.138909E+00  1.034169E+00 -2.086348E+00
 -1.139308E+00  1.019181E+00 -2.077222E+00
 -1.139556E+00  1.009614E+00 -2.071537E+00
 -1.139670E+00  1.004193E+00 -2.068926E+00
 -1.140118E+00  9.892051E-01 -2.058661E+00
 -1.140210E+00  9.867040E-01 -2.056563E+00
 -1.140656E+00  9.742171E-01 -2.046342E+00
 -1.140864E+00  9.679659E-01 -2.041589E+00
 -1.141113E+00  9.592292E-01 -2.035879E+00
 -1.141517E+00  9.444943E-01 -2.026615E+00
 -1.141525E+00  9.442412E-01 -2.026438E+00
 -1.141840E+00  9.292533E-01 -2.019229E+00
 -1.142171E+00  9.165366E-01 -2.011642E+00
 -1.142231E+00  9.142653E-01 -2.010280E+00
 -1.142389E+00  8.992773E-01 -2.006658E+00
 -1.142171E+00  8.906764E-01 -2.011642E+00
 -1.141517E+00  8.924619E-01 -2.026615E+00
 -1.140864E+00  8.984846E-01 -2.041589E+00
 -1.140828E+00  8.992773E-01 -2.042400E+00
 -1.140210E+00  9.101479E-01 -2.056563E+00
 -1.140109E+00  9.142653E-01 -2.058882E+00
 -1.139689E+00  9.292533E-01 -2.068486E+00
 -1.139556E+00  9.340840E-01 -2.071537E+00
 -1.139323E+00  9.442412E-01 -2.076870E+00
 -1.138927E+00  9.592292E-01 -2.085938E+00
 -1.138902E+00  9.599233E-01 -2.086510E+00
 -1.138379E+00  9.742171E-01 -2.098508E+00
 -1.138249E+00  9.777700E-01 -2.101484E+00
 -1.137957E+00  9.892051E-01 -2.108170E+00
 -1.137617E+00  1.004193E+00 -2.115944E+00
 -1.137595E+00  1.005488E+00 -2.116458E+00
 -1.137334E+00  1.019181E+00 -2.122437E+00
 -1.136970E+00  1.034169E+00 -2.130770E+00
 -1.136941E+00  1.036095E+00 -2.131431E+00
 -1.136667E+00  1.049157E+00 -2.137711E+00
 -1.136287E+00  1.063430E+00 -2.146405E+00
 -1.136276E+00  1.064145E+00 -2.146676E+00
 -1.136287E+00  1.064570E+00 -2.146405E+00
Slice   =    201 , Freq(kT, average of all copies)              =   0.3279
Orbit # =      0 , Freq(kT, this largest copy used for outline) =   0.3366
Points  =     45
  kx            ky            kz
  4.334376E+00  4.217101E+00 -2.216949E+00
  4.333740E+00  4.228444E+00 -2.202384E+00
  4.333722E+00  4.228785E+00 -2.201976E+00
  4.333702E+00  4.228444E+00 -2.201503E+00
  4.333069E+00  4.218279E+00 -2.187002E+00
  4.332988E+00  4.213456E+00 -2.185163E+00
  4.332415E+00  4.200837E+00 -2.172028E+00
  4.332354E+00  4.198468E+00 -2.170629E+00
  4.332415E+00  4.187292E+00 -2.172028E+00
  4.332464E+00  4.183481E+00 -2.173144E+00
  4.332415E+00  4.182185E+00 -2.172028E+00
  4.332139E+00  4.168493E+00 -2.165708E+00
  4.331761E+00  4.154269E+00 -2.157055E+00
  4.331742E+00  4.153505E+00 -2.156626E+00
  4.331741E+00  4.138517E+00 -2.156586E+00
  4.331422E+00  4.123529E+00 -2.149287E+00
  4.331262E+00  4.108541E+00 -2.145630E+00
  4.331107E+00  4.103206E+00 -2.142081E+00
  4.330899E+00  4.093553E+00 -2.137307E+00
  4.330694E+00  4.078565E+00 -2.132609E+00
  4.330690E+00  4.063577E+00 -2.132518E+00
  4.330454E+00  4.051726E+00 -2.127107E+00
  4.330396E+00  4.048589E+00 -2.125782E+00
  4.330454E+00  4.046475E+00 -2.127107E+00
  4.331107E+00  4.043772E+00 -2.142081E+00
  4.331761E+00  4.046132E+00 -2.157055E+00
  4.331970E+00  4.048589E+00 -2.161836E+00
  4.332415E+00  4.054944E+00 -2.172028E+00
  4.332797E+00  4.063577E+00 -2.180787E+00
  4.333069E+00  4.068015E+00 -2.187002E+00
  4.333405E+00  4.078565E+00 -2.194698E+00
  4.333464E+00  4.093553E+00 -2.196050E+00
  4.333722E+00  4.100264E+00 -2.201976E+00
  4.333927E+00  4.108541E+00 -2.206652E+00
  4.333799E+00  4.123529E+00 -2.203735E+00
  4.334071E+00  4.138517E+00 -2.209958E+00
  4.334224E+00  4.153505E+00 -2.213469E+00
  4.334185E+00  4.168493E+00 -2.212566E+00
  4.334376E+00  4.174559E+00 -2.216949E+00
  4.334547E+00  4.183481E+00 -2.220861E+00
  4.334376E+00  4.193943E+00 -2.216949E+00
  4.334193E+00  4.198468E+00 -2.212761E+00
  4.334376E+00  4.208072E+00 -2.216949E+00
  4.334485E+00  4.213456E+00 -2.219445E+00
  4.334376E+00  4.217101E+00 -2.216949E+00
Slice   =    211 , Freq(kT, average of all copies)              =   0.3279
Orbit # =      0 , Freq(kT, this largest copy used for outline) =   0.3358
Points  =     41
  kx            ky            kz
  3.763133E+00  4.535944E+00 -2.636301E+00
  3.762528E+00  4.543560E+00 -2.622440E+00
  3.762480E+00  4.543798E+00 -2.621327E+00
  3.761826E+00  4.545702E+00 -2.606353E+00
  3.761654E+00  4.543560E+00 -2.602426E+00
  3.761172E+00  4.535176E+00 -2.591380E+00
  3.760908E+00  4.528572E+00 -2.585342E+00
  3.760518E+00  4.521391E+00 -2.576406E+00
  3.760243E+00  4.513584E+00 -2.570094E+00
  3.759955E+00  4.498596E+00 -2.563517E+00
  3.759904E+00  4.483608E+00 -2.562333E+00
  3.759864E+00  4.482015E+00 -2.561432E+00
  3.759581E+00  4.468620E+00 -2.554945E+00
  3.759587E+00  4.453632E+00 -2.555083E+00
  3.759294E+00  4.438644E+00 -2.548364E+00
  3.759319E+00  4.423656E+00 -2.548947E+00
  3.759211E+00  4.418100E+00 -2.546459E+00
  3.759073E+00  4.408668E+00 -2.543302E+00
  3.759211E+00  4.394414E+00 -2.546459E+00
  3.759229E+00  4.393680E+00 -2.546871E+00
  3.759211E+00  4.391435E+00 -2.546459E+00
  3.759158E+00  4.378692E+00 -2.545241E+00
  3.759211E+00  4.375584E+00 -2.546459E+00
  3.759864E+00  4.371350E+00 -2.561432E+00
  3.760518E+00  4.378692E+00 -2.576397E+00
  3.760518E+00  4.378694E+00 -2.576406E+00
  3.761172E+00  4.390559E+00 -2.591380E+00
  3.761252E+00  4.393680E+00 -2.593223E+00
  3.761241E+00  4.408668E+00 -2.592964E+00
  3.761694E+00  4.423656E+00 -2.603335E+00
  3.761687E+00  4.438644E+00 -2.603171E+00
  3.761826E+00  4.445029E+00 -2.606353E+00
  3.762014E+00  4.453632E+00 -2.610667E+00
  3.762279E+00  4.468620E+00 -2.616735E+00
  3.762397E+00  4.483608E+00 -2.619432E+00
  3.762480E+00  4.485982E+00 -2.621327E+00
  3.762786E+00  4.498596E+00 -2.628354E+00
  3.762804E+00  4.513584E+00 -2.628752E+00
  3.763133E+00  4.524828E+00 -2.636301E+00
  3.763209E+00  4.528572E+00 -2.638041E+00
  3.763133E+00  4.535944E+00 -2.636301E+00
Slice   =    213 , Freq(kT, average of all copies)              =   0.8341
Orbit # =      0 , Freq(kT, this largest copy used for outline) =   0.8341
Points  =     77
  kx            ky            kz
  5.943599E+00  5.408539E+00 -2.177435E+00
  5.942945E+00  5.403763E+00 -2.162461E+00
  5.942291E+00  5.406146E+00 -2.147487E+00
  5.941637E+00  5.402092E+00 -2.132514E+00
  5.941063E+00  5.398241E+00 -2.119356E+00
  5.940983E+00  5.397777E+00 -2.117540E+00
  5.940886E+00  5.398241E+00 -2.115311E+00
  5.940330E+00  5.400489E+00 -2.102566E+00
  5.940013E+00  5.398241E+00 -2.095302E+00
  5.939676E+00  5.395030E+00 -2.087593E+00
  5.939022E+00  5.390389E+00 -2.072619E+00
  5.938368E+00  5.394060E+00 -2.057645E+00
  5.937715E+00  5.394914E+00 -2.042671E+00
  5.937061E+00  5.397121E+00 -2.027698E+00
  5.937005E+00  5.398241E+00 -2.026418E+00
  5.936407E+00  5.407714E+00 -2.012724E+00
  5.935753E+00  5.407528E+00 -1.997750E+00
  5.935127E+00  5.398241E+00 -1.983414E+00
  5.935100E+00  5.397600E+00 -1.982777E+00
  5.934446E+00  5.387812E+00 -1.967803E+00
  5.934124E+00  5.383253E+00 -1.960436E+00
  5.933792E+00  5.376515E+00 -1.952829E+00
  5.933560E+00  5.368265E+00 -1.947515E+00
  5.933138E+00  5.360784E+00 -1.937856E+00
  5.932725E+00  5.353277E+00 -1.928390E+00
  5.932485E+00  5.346944E+00 -1.922882E+00
  5.932195E+00  5.338289E+00 -1.916248E+00
  5.931831E+00  5.330975E+00 -1.907908E+00
  5.931466E+00  5.323302E+00 -1.899564E+00
  5.931177E+00  5.315326E+00 -1.892935E+00
  5.930908E+00  5.308314E+00 -1.886772E+00
  5.930523E+00  5.300604E+00 -1.877961E+00
  5.930210E+00  5.293326E+00 -1.870791E+00
  5.929869E+00  5.282944E+00 -1.862987E+00
  5.929706E+00  5.278338E+00 -1.859247E+00
  5.929762E+00  5.263350E+00 -1.860531E+00
  5.929869E+00  5.262930E+00 -1.862987E+00
  5.930523E+00  5.253226E+00 -1.877961E+00
  5.930912E+00  5.263350E+00 -1.886854E+00
  5.931177E+00  5.268603E+00 -1.892935E+00
  5.931831E+00  5.267765E+00 -1.907908E+00
  5.932304E+00  5.263350E+00 -1.918752E+00
  5.932485E+00  5.261899E+00 -1.922882E+00
  5.932554E+00  5.263350E+00 -1.924473E+00
  5.933051E+00  5.278338E+00 -1.935858E+00
  5.933138E+00  5.280110E+00 -1.937856E+00
  5.933792E+00  5.279885E+00 -1.952829E+00
  5.934025E+00  5.278338E+00 -1.958175E+00
  5.934446E+00  5.275745E+00 -1.967803E+00
  5.934566E+00  5.278338E+00 -1.970565E+00
  5.934949E+00  5.293326E+00 -1.979334E+00
  5.935100E+00  5.296984E+00 -1.982777E+00
  5.935753E+00  5.297647E+00 -1.997750E+00
  5.936407E+00  5.294102E+00 -2.012724E+00
  5.936792E+00  5.308314E+00 -2.021537E+00
  5.937061E+00  5.315279E+00 -2.027698E+00
  5.937715E+00  5.314660E+00 -2.042671E+00
  5.938368E+00  5.308328E+00 -2.057645E+00
  5.938842E+00  5.323302E+00 -2.068497E+00
  5.939022E+00  5.329028E+00 -2.072619E+00
  5.939676E+00  5.330695E+00 -2.087593E+00
  5.940330E+00  5.331798E+00 -2.102566E+00
  5.940571E+00  5.338289E+00 -2.108099E+00
  5.940961E+00  5.353277E+00 -2.117013E+00
  5.940983E+00  5.354073E+00 -2.117540E+00
  5.941426E+00  5.353277E+00 -2.127680E+00
  5.941637E+00  5.353111E+00 -2.132514E+00
  5.941660E+00  5.353277E+00 -2.133025E+00
  5.942291E+00  5.362301E+00 -2.147487E+00
  5.942452E+00  5.368265E+00 -2.151177E+00
  5.942922E+00  5.383253E+00 -2.161945E+00
  5.942945E+00  5.384408E+00 -2.162461E+00
  5.943262E+00  5.383253E+00 -2.169721E+00
  5.943599E+00  5.383041E+00 -2.177435E+00
  5.943612E+00  5.383253E+00 -2.177731E+00
  5.943973E+00  5.398241E+00 -2.186009E+00
  5.943599E+00  5.408539E+00 -2.177435E+00
Slice   =    135 , Freq(kT, average of all copies)              =   1.0500
Orbit # =      0 , Freq(kT, this largest copy used for outline) =   1.0724
Points  =     77
  kx            ky            kz
  1.185135E+00  2.216360E+00 -1.925773E+00
  1.184946E+00  2.218954E+00 -1.921455E+00
  1.184481E+00  2.221102E+00 -1.910799E+00
  1.184076E+00  2.218954E+00 -1.901524E+00
  1.183827E+00  2.216161E+00 -1.895825E+00
  1.183173E+00  2.217199E+00 -1.880852E+00
  1.182519E+00  2.209666E+00 -1.865878E+00
  1.181866E+00  2.208377E+00 -1.850904E+00
  1.181212E+00  2.208457E+00 -1.835931E+00
  1.180924E+00  2.203966E+00 -1.829337E+00
  1.180558E+00  2.198676E+00 -1.820957E+00
  1.179904E+00  2.196049E+00 -1.805983E+00
  1.179251E+00  2.194765E+00 -1.791010E+00
  1.178804E+00  2.188978E+00 -1.780791E+00
  1.178597E+00  2.186010E+00 -1.776036E+00
  1.177943E+00  2.182742E+00 -1.761062E+00
  1.177289E+00  2.185423E+00 -1.746088E+00
  1.176655E+00  2.188978E+00 -1.731563E+00
  1.176636E+00  2.189096E+00 -1.731115E+00
  1.176612E+00  2.188978E+00 -1.730583E+00
  1.175982E+00  2.179072E+00 -1.716141E+00
  1.175328E+00  2.175356E+00 -1.701167E+00
  1.175143E+00  2.173990E+00 -1.696925E+00
  1.174674E+00  2.171737E+00 -1.686194E+00
  1.174165E+00  2.159002E+00 -1.674520E+00
  1.174020E+00  2.155677E+00 -1.671220E+00
  1.173367E+00  2.150752E+00 -1.656246E+00
  1.172817E+00  2.144014E+00 -1.643657E+00
  1.172713E+00  2.139982E+00 -1.641273E+00
  1.172405E+00  2.129026E+00 -1.634222E+00
  1.172059E+00  2.124650E+00 -1.626299E+00
  1.171405E+00  2.117697E+00 -1.611325E+00
  1.171259E+00  2.114038E+00 -1.607975E+00
  1.170752E+00  2.101773E+00 -1.596352E+00
  1.170545E+00  2.099050E+00 -1.591612E+00
  1.170098E+00  2.089707E+00 -1.581378E+00
  1.169929E+00  2.084062E+00 -1.577518E+00
  1.169444E+00  2.072024E+00 -1.566404E+00
  1.169296E+00  2.069074E+00 -1.563017E+00
  1.168939E+00  2.054086E+00 -1.554845E+00
  1.169444E+00  2.048217E+00 -1.566404E+00
  1.170098E+00  2.050371E+00 -1.581378E+00
  1.170752E+00  2.053854E+00 -1.596352E+00
  1.171405E+00  2.050380E+00 -1.611325E+00
  1.171794E+00  2.054086E+00 -1.620233E+00
  1.172059E+00  2.056731E+00 -1.626299E+00
  1.172713E+00  2.059929E+00 -1.641273E+00
  1.173367E+00  2.059678E+00 -1.656246E+00
  1.174020E+00  2.068016E+00 -1.671220E+00
  1.174299E+00  2.069074E+00 -1.677606E+00
  1.174674E+00  2.070845E+00 -1.686194E+00
  1.175328E+00  2.072250E+00 -1.701167E+00
  1.175982E+00  2.081342E+00 -1.716141E+00
  1.176636E+00  2.081901E+00 -1.731115E+00
  1.177289E+00  2.075331E+00 -1.746088E+00
  1.177943E+00  2.082880E+00 -1.761062E+00
  1.177996E+00  2.084062E+00 -1.762272E+00
  1.178597E+00  2.090309E+00 -1.776036E+00
  1.179251E+00  2.085408E+00 -1.791010E+00
  1.179897E+00  2.099050E+00 -1.805810E+00
  1.179904E+00  2.099305E+00 -1.805983E+00
  1.180558E+00  2.111345E+00 -1.820957E+00
  1.181212E+00  2.111977E+00 -1.835931E+00
  1.181287E+00  2.114038E+00 -1.837653E+00
  1.181693E+00  2.129026E+00 -1.846947E+00
  1.181866E+00  2.134994E+00 -1.850904E+00
  1.182519E+00  2.142712E+00 -1.865878E+00
  1.182717E+00  2.144014E+00 -1.870397E+00
  1.183173E+00  2.148140E+00 -1.880852E+00
  1.183459E+00  2.159002E+00 -1.887387E+00
  1.183827E+00  2.171328E+00 -1.895825E+00
  1.184030E+00  2.173990E+00 -1.900470E+00
  1.184481E+00  2.183615E+00 -1.910799E+00
  1.184746E+00  2.188978E+00 -1.916879E+00
  1.185135E+00  2.197145E+00 -1.925773E+00
  1.185338E+00  2.203966E+00 -1.930431E+00
  1.185135E+00  2.216360E+00 -1.925773E+00
Theta(deg) =   0.000000 , Phi(deg) =  90.000000 , Number of orbits =    13 , (a.u.^-1) units
Slice   =    113 , Freq(kT, average of all copies)              =   0.2443
Orbit # =      0 , Freq(kT, this largest copy used for outline) =   0.2485
Points  =     31
  kx            ky            kz
  1.521879E+00  2.769383E+00 -3.658931E+00
  1.521879E+00  2.769725E+00 -3.643943E+00
  1.521879E+00  2.757416E+00 -3.634870E+00
  1.521879E+00  2.753281E+00 -3.628955E+00
  1.521879E+00  2.742428E+00 -3.622366E+00
  1.521879E+00  2.731335E+00 -3.613967E+00
  1.521879E+00  2.727440E+00 -3.611935E+00
  1.521879E+00  2.713582E+00 -3.613967E+00
  1.521879E+00  2.712452E+00 -3.614241E+00
  1.521879E+00  2.712080E+00 -3.613967E+00
  1.521879E+00  2.697464E+00 -3.605731E+00
  1.521879E+00  2.682476E+00 -3.603574E+00
  1.521879E+00  2.667488E+00 -3.602176E+00
  1.521879E+00  2.657568E+00 -3.598979E+00
  1.521879E+00  2.652500E+00 -3.597611E+00
  1.521879E+00  2.646162E+00 -3.598979E+00
  1.521879E+00  2.637512E+00 -3.604345E+00
  1.521879E+00  2.629694E+00 -3.613967E+00
  1.521879E+00  2.627710E+00 -3.628955E+00
  1.521879E+00  2.637512E+00 -3.636504E+00
  1.521879E+00  2.641353E+00 -3.643943E+00
  1.521879E+00  2.652500E+00 -3.650276E+00
  1.521879E+00  2.667488E+00 -3.650466E+00
  1.521879E+00  2.676926E+00 -3.658931E+00
  1.521879E+00  2.682476E+00 -3.662454E+00
  1.521879E+00  2.697464E+00 -3.659657E+00
  1.521879E+00  2.712452E+00 -3.665793E+00
  1.521879E+00  2.727440E+00 -3.668916E+00
  1.521879E+00  2.742428E+00 -3.667379E+00
  1.521879E+00  2.757416E+00 -3.673721E+00
  1.521879E+00  2.769383E+00 -3.658931E+00
Slice   =    101 , Freq(kT, average of all copies)              =   0.2457
Orbit # =      0 , Freq(kT, this largest copy used for outline) =   0.2489
Points  =     39
  kx            ky            kz
  2.797059E+00  3.476291E+00 -1.143204E+00
  2.797059E+00  3.463322E+00 -1.128950E+00
  2.797059E+00  3.462737E+00 -1.128216E+00
  2.797059E+00  3.448334E+00 -1.113305E+00
  2.797059E+00  3.448275E+00 -1.113228E+00
  2.797059E+00  3.433346E+00 -1.100043E+00
  2.797059E+00  3.431879E+00 -1.098240E+00
  2.797059E+00  3.418358E+00 -1.087291E+00
  2.797059E+00  3.413241E+00 -1.083252E+00
  2.797059E+00  3.403370E+00 -1.076796E+00
  2.797059E+00  3.389604E+00 -1.068264E+00
  2.797059E+00  3.388383E+00 -1.067665E+00
  2.797059E+00  3.373395E+00 -1.059848E+00
  2.797059E+00  3.363168E+00 -1.053276E+00
  2.797059E+00  3.358407E+00 -1.048872E+00
  2.797059E+00  3.345863E+00 -1.038288E+00
  2.797059E+00  3.343419E+00 -1.036405E+00
  2.797059E+00  3.328431E+00 -1.029867E+00
  2.797059E+00  3.313443E+00 -1.026021E+00
  2.797059E+00  3.304451E+00 -1.038288E+00
  2.797059E+00  3.311393E+00 -1.053276E+00
  2.797059E+00  3.313443E+00 -1.054759E+00
  2.797059E+00  3.328382E+00 -1.068264E+00
  2.797059E+00  3.328431E+00 -1.068304E+00
  2.797059E+00  3.343419E+00 -1.083076E+00
  2.797059E+00  3.343588E+00 -1.083252E+00
  2.797059E+00  3.358103E+00 -1.098240E+00
  2.797059E+00  3.358407E+00 -1.098438E+00
  2.797059E+00  3.373395E+00 -1.105590E+00
  2.797059E+00  3.388383E+00 -1.111346E+00
  2.797059E+00  3.391610E+00 -1.113228E+00
  2.797059E+00  3.403370E+00 -1.120901E+00
  2.797059E+00  3.413431E+00 -1.128216E+00
  2.797059E+00  3.418358E+00 -1.132526E+00
  2.797059E+00  3.430268E+00 -1.143204E+00
  2.797059E+00  3.433346E+00 -1.145215E+00
  2.797059E+00  3.448334E+00 -1.151267E+00
  2.797059E+00  3.463322E+00 -1.153966E+00
  2.797059E+00  3.476291E+00 -1.143204E+00
Slice   =     92 , Freq(kT, average of all copies)              =   0.2488
Orbit # =      0 , Freq(kT, this largest copy used for outline) =   0.2575
Points  =     43
  kx            ky            kz
  3.389684E+00  4.159211E+00 -1.830400E+00
  3.389684E+00  4.152400E+00 -1.823277E+00
  3.389684E+00  4.145173E+00 -1.815412E+00
  3.389684E+00  4.137412E+00 -1.808610E+00
  3.389684E+00  4.129977E+00 -1.800424E+00
  3.389684E+00  4.122424E+00 -1.794974E+00
  3.389684E+00  4.112373E+00 -1.785436E+00
  3.389684E+00  4.107436E+00 -1.781028E+00
  3.389684E+00  4.094791E+00 -1.770448E+00
  3.389684E+00  4.092448E+00 -1.768745E+00
  3.389684E+00  4.077460E+00 -1.759743E+00
  3.389684E+00  4.070026E+00 -1.755460E+00
  3.389684E+00  4.062472E+00 -1.752409E+00
  3.389684E+00  4.047484E+00 -1.744757E+00
  3.389684E+00  4.041178E+00 -1.740472E+00
  3.389684E+00  4.032496E+00 -1.732524E+00
  3.389684E+00  4.024040E+00 -1.725484E+00
  3.389684E+00  4.017508E+00 -1.720579E+00
  3.389684E+00  4.002945E+00 -1.710496E+00
  3.389684E+00  4.002521E+00 -1.710256E+00
  3.389684E+00  3.999112E+00 -1.710496E+00
  3.389684E+00  3.987533E+00 -1.717433E+00
  3.389684E+00  3.984501E+00 -1.725484E+00
  3.389684E+00  3.987533E+00 -1.730055E+00
  3.389684E+00  3.994353E+00 -1.740472E+00
  3.389684E+00  4.002521E+00 -1.747917E+00
  3.389684E+00  4.009015E+00 -1.755460E+00
  3.389684E+00  4.017508E+00 -1.763218E+00
  3.389684E+00  4.024010E+00 -1.770448E+00
  3.389684E+00  4.032496E+00 -1.778963E+00
  3.389684E+00  4.038479E+00 -1.785436E+00
  3.389684E+00  4.047484E+00 -1.790544E+00
  3.389684E+00  4.062472E+00 -1.797400E+00
  3.389684E+00  4.068147E+00 -1.800424E+00
  3.389684E+00  4.077460E+00 -1.806017E+00
  3.389684E+00  4.090874E+00 -1.815412E+00
  3.389684E+00  4.092448E+00 -1.816722E+00
  3.389684E+00  4.107436E+00 -1.828769E+00
  3.389684E+00  4.109390E+00 -1.830400E+00
  3.389684E+00  4.122424E+00 -1.837098E+00
  3.389684E+00  4.137412E+00 -1.840757E+00
  3.389684E+00  4.152400E+00 -1.841263E+00
  3.389684E+00  4.159211E+00 -1.830400E+00
Slice   =    122 , Freq(kT, average of all copies)              =   0.2548
Orbit # =      0 , Freq(kT, this largest copy used for outline) =   0.2566
Points  =     41
  kx            ky            kz
  2.017358E-01  9.759874E-01 -1.729984E+00
  2.017358E-01  9.745853E-01 -1.728635E+00
  2.017358E-01  9.618506E-01 -1.714996E+00
  2.017358E-01  9.595973E-01 -1.712917E+00
  2.017358E-01  9.479204E-01 -1.700008E+00
  2.017358E-01  9.446094E-01 -1.697436E+00
  2.017358E-01  9.321586E-01 -1.685020E+00
  2.017358E-01  9.296214E-01 -1.682893E+00
  2.017358E-01  9.146335E-01 -1.671470E+00
  2.017358E-01  9.126707E-01 -1.670032E+00
  2.017358E-01  8.996455E-01 -1.662439E+00
  2.017358E-01  8.866022E-01 -1.655044E+00
  2.017358E-01  8.846576E-01 -1.654190E+00
  2.017358E-01  8.696696E-01 -1.645512E+00
  2.017358E-01  8.619167E-01 -1.640056E+00
  2.017358E-01  8.546817E-01 -1.633298E+00
  2.017358E-01  8.449593E-01 -1.625068E+00
  2.017358E-01  8.396937E-01 -1.620948E+00
  2.017358E-01  8.247057E-01 -1.612986E+00
  2.017358E-01  8.097178E-01 -1.614245E+00
  2.017358E-01  8.020533E-01 -1.625068E+00
  2.017358E-01  8.095359E-01 -1.640056E+00
  2.017358E-01  8.097178E-01 -1.640167E+00
  2.017358E-01  8.247057E-01 -1.652804E+00
  2.017358E-01  8.267743E-01 -1.655044E+00
  2.017358E-01  8.396937E-01 -1.666121E+00
  2.017358E-01  8.433385E-01 -1.670032E+00
  2.017358E-01  8.546817E-01 -1.681568E+00
  2.017358E-01  8.578056E-01 -1.685020E+00
  2.017358E-01  8.696696E-01 -1.691509E+00
  2.017358E-01  8.846576E-01 -1.698577E+00
  2.017358E-01  8.872730E-01 -1.700008E+00
  2.017358E-01  8.996455E-01 -1.707272E+00
  2.017358E-01  9.107320E-01 -1.714996E+00
  2.017358E-01  9.146335E-01 -1.718397E+00
  2.017358E-01  9.281592E-01 -1.729984E+00
  2.017358E-01  9.296214E-01 -1.730913E+00
  2.017358E-01  9.446094E-01 -1.738088E+00
  2.017358E-01  9.595973E-01 -1.742683E+00
  2.017358E-01  9.745853E-01 -1.733417E+00
  2.017358E-01  9.759874E-01 -1.729984E+00
Slice   =    208 , Freq(kT, average of all copies)              =   0.2781
Orbit # =      0 , Freq(kT, this largest copy used for outline) =   0.2782
Points  =     41
  kx            ky            kz
  3.673252E+00  3.840455E+00 -7.471480E-01
  3.673252E+00  3.849151E+00 -7.321600E-01
  3.673252E+00  3.843552E+00 -7.171721E-01
  3.673252E+00  3.839862E+00 -7.142278E-01
  3.673252E+00  3.828000E+00 -7.021841E-01
  3.673252E+00  3.824874E+00 -7.001044E-01
  3.673252E+00  3.809886E+00 -6.896981E-01
  3.673252E+00  3.807009E+00 -6.871962E-01
  3.673252E+00  3.794898E+00 -6.806886E-01
  3.673252E+00  3.782297E+00 -6.722082E-01
  3.673252E+00  3.779910E+00 -6.702041E-01
  3.673252E+00  3.764922E+00 -6.577623E-01
  3.673252E+00  3.764196E+00 -6.572202E-01
  3.673252E+00  3.749934E+00 -6.483359E-01
  3.673252E+00  3.740382E+00 -6.422323E-01
  3.673252E+00  3.734946E+00 -6.393886E-01
  3.673252E+00  3.719958E+00 -6.321576E-01
  3.673252E+00  3.711782E+00 -6.272443E-01
  3.673252E+00  3.704970E+00 -6.217534E-01
  3.673252E+00  3.689983E+00 -6.129165E-01
  3.673252E+00  3.675767E+00 -6.272443E-01
  3.673252E+00  3.681393E+00 -6.422323E-01
  3.673252E+00  3.689983E+00 -6.554533E-01
  3.673252E+00  3.691001E+00 -6.572202E-01
  3.673252E+00  3.703798E+00 -6.722082E-01
  3.673252E+00  3.704970E+00 -6.727708E-01
  3.673252E+00  3.719958E+00 -6.799866E-01
  3.673252E+00  3.734946E+00 -6.862573E-01
  3.673252E+00  3.736196E+00 -6.871962E-01
  3.673252E+00  3.749934E+00 -6.964704E-01
  3.673252E+00  3.757222E+00 -7.021841E-01
  3.673252E+00  3.764922E+00 -7.081689E-01
  3.673252E+00  3.775127E+00 -7.171721E-01
  3.673252E+00  3.779910E+00 -7.202752E-01
  3.673252E+00  3.794898E+00 -7.271594E-01
  3.673252E+00  3.808487E+00 -7.321600E-01
  3.673252E+00  3.809886E+00 -7.328613E-01
  3.673252E+00  3.824874E+00 -7.391613E-01
  3.673252E+00  3.839647E+00 -7.471480E-01
  3.673252E+00  3.839862E+00 -7.472929E-01
  3.673252E+00  3.840455E+00 -7.471480E-01
Slice   =    108 , Freq(kT, average of all copies)              =   0.2813
Orbit # =      0 , Freq(kT, this largest copy used for outline) =   0.2870
Points  =     45
  kx            ky            kz
 -8.095584E-03  2.877482E+00 -4.543220E+00
 -8.095584E-03  2.877319E+00 -4.542662E+00
 -8.095584E-03  2.871297E+00 -4.528232E+00
 -8.095584E-03  2.867860E+00 -4.513244E+00
 -8.095584E-03  2.862331E+00 -4.501913E+00
 -8.095584E-03  2.860972E+00 -4.498256E+00
 -8.095584E-03  2.847343E+00 -4.487760E+00
 -8.095584E-03  2.842484E+00 -4.483268E+00
 -8.095584E-03  2.832355E+00 -4.476997E+00
 -8.095584E-03  2.819593E+00 -4.468280E+00
 -8.095584E-03  2.817368E+00 -4.467154E+00
 -8.095584E-03  2.802380E+00 -4.457056E+00
 -8.095584E-03  2.797928E+00 -4.453292E+00
 -8.095584E-03  2.787392E+00 -4.444159E+00
 -8.095584E-03  2.780421E+00 -4.438304E+00
 -8.095584E-03  2.772404E+00 -4.432407E+00
 -8.095584E-03  2.759561E+00 -4.423316E+00
 -8.095584E-03  2.757416E+00 -4.421913E+00
 -8.095584E-03  2.742428E+00 -4.416955E+00
 -8.095584E-03  2.727440E+00 -4.412061E+00
 -8.095584E-03  2.720065E+00 -4.408328E+00
 -8.095584E-03  2.712452E+00 -4.403941E+00
 -8.095584E-03  2.701127E+00 -4.408328E+00
 -8.095584E-03  2.701793E+00 -4.423316E+00
 -8.095584E-03  2.707673E+00 -4.438304E+00
 -8.095584E-03  2.712452E+00 -4.443661E+00
 -8.095584E-03  2.719533E+00 -4.453292E+00
 -8.095584E-03  2.727440E+00 -4.457393E+00
 -8.095584E-03  2.742428E+00 -4.466273E+00
 -8.095584E-03  2.745439E+00 -4.468280E+00
 -8.095584E-03  2.757416E+00 -4.475341E+00
 -8.095584E-03  2.768564E+00 -4.483268E+00
 -8.095584E-03  2.772404E+00 -4.486168E+00
 -8.095584E-03  2.787384E+00 -4.498256E+00
 -8.095584E-03  2.787392E+00 -4.498260E+00
 -8.095584E-03  2.802380E+00 -4.505858E+00
 -8.095584E-03  2.817368E+00 -4.512854E+00
 -8.095584E-03  2.818349E+00 -4.513244E+00
 -8.095584E-03  2.832355E+00 -4.519593E+00
 -8.095584E-03  2.847321E+00 -4.528232E+00
 -8.095584E-03  2.847343E+00 -4.528248E+00
 -8.095584E-03  2.862331E+00 -4.534784E+00
 -8.095584E-03  2.877023E+00 -4.543220E+00
 -8.095584E-03  2.877319E+00 -4.543328E+00
 -8.095584E-03  2.877482E+00 -4.543220E+00
Slice   =    115 , Freq(kT, average of all copies)              =   0.2838
Orbit # =      0 , Freq(kT, this largest copy used for outline) =   0.2845
Points  =     45
  kx            ky            kz
  8.243376E-01  2.460381E+00 -2.141028E+00
  8.243376E-01  2.458761E+00 -2.132072E+00
  8.243376E-01  2.457440E+00 -2.126040E+00
  8.243376E-01  2.452368E+00 -2.111052E+00
  8.243376E-01  2.443773E+00 -2.103707E+00
  8.243376E-01  2.436331E+00 -2.096064E+00
  8.243376E-01  2.428785E+00 -2.091383E+00
  8.243376E-01  2.414723E+00 -2.081076E+00
  8.243376E-01  2.413797E+00 -2.080607E+00
  8.243376E-01  2.398809E+00 -2.070527E+00
  8.243376E-01  2.393782E+00 -2.066088E+00
  8.243376E-01  2.383821E+00 -2.057133E+00
  8.243376E-01  2.376959E+00 -2.051100E+00
  8.243376E-01  2.368833E+00 -2.045073E+00
  8.243376E-01  2.356659E+00 -2.036112E+00
  8.243376E-01  2.353845E+00 -2.034334E+00
  8.243376E-01  2.338857E+00 -2.028939E+00
  8.243376E-01  2.323869E+00 -2.023430E+00
  8.243376E-01  2.320126E+00 -2.021124E+00
  8.243376E-01  2.308882E+00 -2.012662E+00
  8.243376E-01  2.297479E+00 -2.006136E+00
  8.243376E-01  2.293894E+00 -2.004182E+00
  8.243376E-01  2.287169E+00 -2.006136E+00
  8.243376E-01  2.284754E+00 -2.021124E+00
  8.243376E-01  2.290746E+00 -2.036112E+00
  8.243376E-01  2.293894E+00 -2.039541E+00
  8.243376E-01  2.302545E+00 -2.051100E+00
  8.243376E-01  2.308882E+00 -2.057302E+00
  8.243376E-01  2.316144E+00 -2.066088E+00
  8.243376E-01  2.323869E+00 -2.070361E+00
  8.243376E-01  2.338857E+00 -2.078308E+00
  8.243376E-01  2.343483E+00 -2.081076E+00
  8.243376E-01  2.353845E+00 -2.087368E+00
  8.243376E-01  2.366819E+00 -2.096064E+00
  8.243376E-01  2.368833E+00 -2.097530E+00
  8.243376E-01  2.383821E+00 -2.109223E+00
  8.243376E-01  2.386026E+00 -2.111052E+00
  8.243376E-01  2.398809E+00 -2.117791E+00
  8.243376E-01  2.413797E+00 -2.123886E+00
  8.243376E-01  2.419113E+00 -2.126040E+00
  8.243376E-01  2.428785E+00 -2.130456E+00
  8.243376E-01  2.443773E+00 -2.136599E+00
  8.243376E-01  2.454939E+00 -2.141028E+00
  8.243376E-01  2.458761E+00 -2.142837E+00
  8.243376E-01  2.460381E+00 -2.141028E+00
Slice   =     90 , Freq(kT, average of all copies)              =   0.2840
Orbit # =      0 , Freq(kT, this largest copy used for outline) =   0.2910
Points  =     41
  kx            ky            kz
  1.177156E+00  1.288526E+00 -7.557669E-01
  1.177156E+00  1.288269E+00 -7.407789E-01
  1.177156E+00  1.280301E+00 -7.257909E-01
  1.177156E+00  1.274344E+00 -7.188600E-01
  1.177156E+00  1.268426E+00 -7.108030E-01
  1.177156E+00  1.259356E+00 -7.038151E-01
  1.177156E+00  1.250530E+00 -6.958150E-01
  1.177156E+00  1.244369E+00 -6.914633E-01
  1.177156E+00  1.229526E+00 -6.808271E-01
  1.177156E+00  1.229381E+00 -6.807369E-01
  1.177156E+00  1.214393E+00 -6.753272E-01
  1.177156E+00  1.199405E+00 -6.674867E-01
  1.177156E+00  1.197175E+00 -6.658391E-01
  1.177156E+00  1.184417E+00 -6.558469E-01
  1.177156E+00  1.178002E+00 -6.508512E-01
  1.177156E+00  1.169429E+00 -6.446962E-01
  1.177156E+00  1.155124E+00 -6.358632E-01
  1.177156E+00  1.154441E+00 -6.354673E-01
  1.177156E+00  1.139453E+00 -6.316585E-01
  1.177156E+00  1.124465E+00 -6.289193E-01
  1.177156E+00  1.113928E+00 -6.358632E-01
  1.177156E+00  1.117253E+00 -6.508512E-01
  1.177156E+00  1.124351E+00 -6.658391E-01
  1.177156E+00  1.124465E+00 -6.658965E-01
  1.177156E+00  1.139453E+00 -6.723861E-01
  1.177156E+00  1.154071E+00 -6.808271E-01
  1.177156E+00  1.154441E+00 -6.810561E-01
  1.177156E+00  1.169429E+00 -6.918892E-01
  1.177156E+00  1.173670E+00 -6.958150E-01
  1.177156E+00  1.184417E+00 -7.057006E-01
  1.177156E+00  1.189492E+00 -7.108030E-01
  1.177156E+00  1.199405E+00 -7.167722E-01
  1.177156E+00  1.214393E+00 -7.248498E-01
  1.177156E+00  1.216592E+00 -7.257909E-01
  1.177156E+00  1.229381E+00 -7.328666E-01
  1.177156E+00  1.242853E+00 -7.407789E-01
  1.177156E+00  1.244369E+00 -7.420800E-01
  1.177156E+00  1.259356E+00 -7.554075E-01
  1.177156E+00  1.260222E+00 -7.557669E-01
  1.177156E+00  1.274344E+00 -7.590062E-01
  1.177156E+00  1.288526E+00 -7.557669E-01
Slice   =      6 , Freq(kT, average of all copies)              =   0.3148
Orbit # =      0 , Freq(kT, this largest copy used for outline) =   0.3220
Points  =     39
  kx            ky            kz
 -3.719419E+00 -7.654056E-01 -2.331752E+00
 -3.719419E+00 -7.508705E-01 -2.321701E+00
 -3.719419E+00 -7.490849E-01 -2.316764E+00
 -3.719419E+00 -7.487613E-01 -2.301776E+00
 -3.719419E+00 -7.508705E-01 -2.298206E+00
 -3.719419E+00 -7.602273E-01 -2.286788E+00
 -3.719419E+00 -7.658585E-01 -2.281750E+00
 -3.719419E+00 -7.747874E-01 -2.271800E+00
 -3.719419E+00 -7.808464E-01 -2.267288E+00
 -3.719419E+00 -7.958344E-01 -2.263346E+00
 -3.719419E+00 -8.108223E-01 -2.259322E+00
 -3.719419E+00 -8.156291E-01 -2.256812E+00
 -3.719419E+00 -8.258103E-01 -2.252395E+00
 -3.719419E+00 -8.407982E-01 -2.253551E+00
 -3.719419E+00 -8.557862E-01 -2.247930E+00
 -3.719419E+00 -8.707741E-01 -2.248061E+00
 -3.719419E+00 -8.857621E-01 -2.243628E+00
 -3.719419E+00 -9.007501E-01 -2.245098E+00
 -3.719419E+00 -9.094117E-01 -2.241824E+00
 -3.719419E+00 -9.157380E-01 -2.240458E+00
 -3.719419E+00 -9.198347E-01 -2.241824E+00
 -3.719419E+00 -9.278834E-01 -2.256812E+00
 -3.719419E+00 -9.250498E-01 -2.271800E+00
 -3.719419E+00 -9.157380E-01 -2.272774E+00
 -3.719419E+00 -9.035646E-01 -2.286788E+00
 -3.719419E+00 -9.007501E-01 -2.288450E+00
 -3.719419E+00 -8.857621E-01 -2.288514E+00
 -3.719419E+00 -8.707741E-01 -2.297829E+00
 -3.719419E+00 -8.557862E-01 -2.299005E+00
 -3.719419E+00 -8.497080E-01 -2.301776E+00
 -3.719419E+00 -8.407982E-01 -2.305424E+00
 -3.719419E+00 -8.258103E-01 -2.312399E+00
 -3.719419E+00 -8.108223E-01 -2.314103E+00
 -3.719419E+00 -8.075844E-01 -2.316764E+00
 -3.719419E+00 -7.958344E-01 -2.323032E+00
 -3.719419E+00 -7.808464E-01 -2.323455E+00
 -3.719419E+00 -7.660147E-01 -2.331752E+00
 -3.719419E+00 -7.658585E-01 -2.331824E+00
 -3.719419E+00 -7.654056E-01 -2.331752E+00
Slice   =    152 , Freq(kT, average of all copies)              =   0.3154
Orbit # =      0 , Freq(kT, this largest copy used for outline) =   0.3210
Points  =     45
  kx            ky            kz
  4.288962E+00  3.798126E+00 -1.209525E+00
  4.288962E+00  3.808413E+00 -1.199716E+00
  4.288962E+00  3.813271E+00 -1.194537E+00
  4.288962E+00  3.808413E+00 -1.189048E+00
  4.288962E+00  3.799932E+00 -1.179549E+00
  4.288962E+00  3.793426E+00 -1.176971E+00
  4.288962E+00  3.780887E+00 -1.164561E+00
  4.288962E+00  3.778438E+00 -1.163155E+00
  4.288962E+00  3.768317E+00 -1.164561E+00
  4.288962E+00  3.763450E+00 -1.166261E+00
  4.288962E+00  3.761383E+00 -1.164561E+00
  4.288962E+00  3.748462E+00 -1.159054E+00
  4.288962E+00  3.733474E+00 -1.150033E+00
  4.288962E+00  3.718486E+00 -1.150829E+00
  4.288962E+00  3.716279E+00 -1.149573E+00
  4.288962E+00  3.703498E+00 -1.143738E+00
  4.288962E+00  3.688510E+00 -1.139987E+00
  4.288962E+00  3.678922E+00 -1.134585E+00
  4.288962E+00  3.673522E+00 -1.132202E+00
  4.288962E+00  3.658534E+00 -1.130057E+00
  4.288962E+00  3.643546E+00 -1.126407E+00
  4.288962E+00  3.629028E+00 -1.119597E+00
  4.288962E+00  3.628558E+00 -1.119399E+00
  4.288962E+00  3.628194E+00 -1.119597E+00
  4.288962E+00  3.624641E+00 -1.134585E+00
  4.288962E+00  3.626447E+00 -1.149573E+00
  4.288962E+00  3.628558E+00 -1.153431E+00
  4.288962E+00  3.635711E+00 -1.164561E+00
  4.288962E+00  3.643546E+00 -1.172177E+00
  4.288962E+00  3.648931E+00 -1.179549E+00
  4.288962E+00  3.658534E+00 -1.186038E+00
  4.288962E+00  3.673522E+00 -1.187735E+00
  4.288962E+00  3.681366E+00 -1.194537E+00
  4.288962E+00  3.688510E+00 -1.198293E+00
  4.288962E+00  3.703498E+00 -1.194898E+00
  4.288962E+00  3.718486E+00 -1.201286E+00
  4.288962E+00  3.733474E+00 -1.203623E+00
  4.288962E+00  3.748462E+00 -1.202720E+00
  4.288962E+00  3.758631E+00 -1.209525E+00
  4.288962E+00  3.763450E+00 -1.211473E+00
  4.288962E+00  3.770368E+00 -1.209525E+00
  4.288962E+00  3.778438E+00 -1.203822E+00
  4.288962E+00  3.788861E+00 -1.209525E+00
  4.288962E+00  3.793426E+00 -1.211809E+00
  4.288962E+00  3.798126E+00 -1.209525E+00
Slice   =    201 , Freq(kT, average of all copies)              =   0.3253
Orbit # =      0 , Freq(kT, this largest copy used for outline) =   0.3263
Points  =     45
  kx            ky            kz
  4.295854E+00  4.214673E+00 -2.220087E+00
  4.295854E+00  4.228444E+00 -2.205347E+00
  4.295854E+00  4.228663E+00 -2.205099E+00
  4.295854E+00  4.228444E+00 -2.204736E+00
  4.295854E+00  4.219998E+00 -2.190111E+00
  4.295854E+00  4.213456E+00 -2.187394E+00
  4.295854E+00  4.201196E+00 -2.175123E+00
  4.295854E+00  4.198468E+00 -2.173528E+00
  4.295854E+00  4.185447E+00 -2.175123E+00
  4.295854E+00  4.183481E+00 -2.175708E+00
  4.295854E+00  4.182817E+00 -2.175123E+00
  4.295854E+00  4.168493E+00 -2.168647E+00
  4.295854E+00  4.154771E+00 -2.160135E+00
  4.295854E+00  4.153505E+00 -2.159456E+00
  4.295854E+00  4.138517E+00 -2.159448E+00
  4.295854E+00  4.123529E+00 -2.152546E+00
  4.295854E+00  4.108541E+00 -2.148603E+00
  4.295854E+00  4.102004E+00 -2.145147E+00
  4.295854E+00  4.093553E+00 -2.141343E+00
  4.295854E+00  4.078565E+00 -2.138362E+00
  4.295854E+00  4.063577E+00 -2.135784E+00
  4.295854E+00  4.052423E+00 -2.130159E+00
  4.295854E+00  4.048589E+00 -2.128516E+00
  4.295854E+00  4.045791E+00 -2.130159E+00
  4.295854E+00  4.043193E+00 -2.145147E+00
  4.295854E+00  4.045513E+00 -2.160135E+00
  4.295854E+00  4.048589E+00 -2.165535E+00
  4.295854E+00  4.055002E+00 -2.175123E+00
  4.295854E+00  4.063577E+00 -2.183008E+00
  4.295854E+00  4.068934E+00 -2.190111E+00
  4.295854E+00  4.078565E+00 -2.196637E+00
  4.295854E+00  4.093553E+00 -2.198293E+00
  4.295854E+00  4.101932E+00 -2.205099E+00
  4.295854E+00  4.108541E+00 -2.208619E+00
  4.295854E+00  4.123529E+00 -2.205459E+00
  4.295854E+00  4.138517E+00 -2.211811E+00
  4.295854E+00  4.153505E+00 -2.214226E+00
  4.295854E+00  4.168493E+00 -2.213275E+00
  4.295854E+00  4.179155E+00 -2.220087E+00
  4.295854E+00  4.183481E+00 -2.221769E+00
  4.295854E+00  4.189385E+00 -2.220087E+00
  4.295854E+00  4.198468E+00 -2.213417E+00
  4.295854E+00  4.212009E+00 -2.220087E+00
  4.295854E+00  4.213456E+00 -2.220781E+00
  4.295854E+00  4.214673E+00 -2.220087E+00
Slice   =    107 , Freq(kT, average of all copies)              =   0.8658
Orbit # =      0 , Freq(kT, this largest copy used for outline) =   0.8658
Points  =     83
  kx            ky            kz
  2.886986E+00  2.913493E+00 -1.188168E+00
  2.886986E+00  2.908768E+00 -1.179975E+00
  2.886986E+00  2.903487E+00 -1.173180E+00
  2.886986E+00  2.902072E+00 -1.158192E+00
  2.886986E+00  2.903956E+00 -1.143204E+00
  2.886986E+00  2.896909E+00 -1.128216E+00
  2.886986E+00  2.893780E+00 -1.118354E+00
  2.886986E+00  2.892438E+00 -1.113228E+00
  2.886986E+00  2.893780E+00 -1.107025E+00
  2.886986E+00  2.895658E+00 -1.098240E+00
  2.886986E+00  2.893780E+00 -1.094841E+00
  2.886986E+00  2.887460E+00 -1.083252E+00
  2.886986E+00  2.883179E+00 -1.068264E+00
  2.886986E+00  2.888282E+00 -1.053276E+00
  2.886986E+00  2.885900E+00 -1.038288E+00
  2.886986E+00  2.889585E+00 -1.023300E+00
  2.886986E+00  2.893780E+00 -1.016567E+00
  2.886986E+00  2.900169E+00 -1.008312E+00
  2.886986E+00  2.901339E+00 -9.933243E-01
  2.886986E+00  2.893780E+00 -9.820349E-01
  2.886986E+00  2.889498E+00 -9.783364E-01
  2.886986E+00  2.878792E+00 -9.674716E-01
  2.886986E+00  2.876662E+00 -9.633484E-01
  2.886986E+00  2.863804E+00 -9.498691E-01
  2.886986E+00  2.862092E+00 -9.483605E-01
  2.886986E+00  2.848816E+00 -9.352290E-01
  2.886986E+00  2.847090E+00 -9.333725E-01
  2.886986E+00  2.833828E+00 -9.210418E-01
  2.886986E+00  2.831139E+00 -9.183846E-01
  2.886986E+00  2.818840E+00 -9.065379E-01
  2.886986E+00  2.815400E+00 -9.033966E-01
  2.886986E+00  2.803852E+00 -8.929904E-01
  2.886986E+00  2.797947E+00 -8.884087E-01
  2.886986E+00  2.788864E+00 -8.798861E-01
  2.886986E+00  2.782088E+00 -8.734207E-01
  2.886986E+00  2.773876E+00 -8.660584E-01
  2.886986E+00  2.760501E+00 -8.584327E-01
  2.886986E+00  2.758888E+00 -8.574762E-01
  2.886986E+00  2.757632E+00 -8.584327E-01
  2.886986E+00  2.752321E+00 -8.734207E-01
  2.886986E+00  2.758888E+00 -8.786856E-01
  2.886986E+00  2.767683E+00 -8.884087E-01
  2.886986E+00  2.761912E+00 -9.033966E-01
  2.886986E+00  2.758888E+00 -9.112957E-01
  2.886986E+00  2.756580E+00 -9.183846E-01
  2.886986E+00  2.758888E+00 -9.209101E-01
  2.886986E+00  2.773876E+00 -9.332472E-01
  2.886986E+00  2.773981E+00 -9.333725E-01
  2.886986E+00  2.773876E+00 -9.347428E-01
  2.886986E+00  2.773027E+00 -9.483605E-01
  2.886986E+00  2.768795E+00 -9.633484E-01
  2.886986E+00  2.773876E+00 -9.685955E-01
  2.886986E+00  2.788297E+00 -9.783364E-01
  2.886986E+00  2.788864E+00 -9.837208E-01
  2.886986E+00  2.789579E+00 -9.933243E-01
  2.886986E+00  2.788864E+00 -9.952172E-01
  2.886986E+00  2.784937E+00 -1.008312E+00
  2.886986E+00  2.788864E+00 -1.013866E+00
  2.886986E+00  2.803852E+00 -1.021093E+00
  2.886986E+00  2.806235E+00 -1.023300E+00
  2.886986E+00  2.804822E+00 -1.038288E+00
  2.886986E+00  2.803852E+00 -1.039670E+00
  2.886986E+00  2.797428E+00 -1.053276E+00
  2.886986E+00  2.803852E+00 -1.062979E+00
  2.886986E+00  2.816733E+00 -1.068264E+00
  2.886986E+00  2.818840E+00 -1.080526E+00
  2.886986E+00  2.819022E+00 -1.083252E+00
  2.886986E+00  2.818840E+00 -1.083626E+00
  2.886986E+00  2.814228E+00 -1.098240E+00
  2.886986E+00  2.818840E+00 -1.103724E+00
  2.886986E+00  2.833828E+00 -1.111675E+00
  2.886986E+00  2.836803E+00 -1.113228E+00
  2.886986E+00  2.842438E+00 -1.128216E+00
  2.886986E+00  2.840552E+00 -1.143204E+00
  2.886986E+00  2.848816E+00 -1.149001E+00
  2.886986E+00  2.863804E+00 -1.156791E+00
  2.886986E+00  2.866753E+00 -1.158192E+00
  2.886986E+00  2.873152E+00 -1.173180E+00
  2.886986E+00  2.873784E+00 -1.188168E+00
  2.886986E+00  2.878792E+00 -1.191224E+00
  2.886986E+00  2.893780E+00 -1.195187E+00
  2.886986E+00  2.908768E+00 -1.198881E+00
  2.886986E+00  2.913493E+00 -1.188168E+00
Slice   =    136 , Freq(kT, average of all copies)              =   1.0537
Orbit # =      0 , Freq(kT, this largest copy used for outline) =   1.0734
Points  =     77
  kx            ky            kz
  1.139085E+00  2.213454E+00 -1.916209E+00
  1.139085E+00  2.218954E+00 -1.909431E+00
  1.139085E+00  2.221434E+00 -1.901221E+00
  1.139085E+00  2.220282E+00 -1.886233E+00
  1.139085E+00  2.218954E+00 -1.883851E+00
  1.139085E+00  2.208962E+00 -1.871245E+00
  1.139085E+00  2.208774E+00 -1.856257E+00
  1.139085E+00  2.210173E+00 -1.841269E+00
  1.139085E+00  2.203966E+00 -1.830751E+00
  1.139085E+00  2.200177E+00 -1.826281E+00
  1.139085E+00  2.195622E+00 -1.811293E+00
  1.139085E+00  2.196367E+00 -1.796305E+00
  1.139085E+00  2.188978E+00 -1.782814E+00
  1.139085E+00  2.187764E+00 -1.781317E+00
  1.139085E+00  2.182358E+00 -1.766329E+00
  1.139085E+00  2.184912E+00 -1.751341E+00
  1.139085E+00  2.188978E+00 -1.736951E+00
  1.139085E+00  2.189199E+00 -1.736353E+00
  1.139085E+00  2.189853E+00 -1.721365E+00
  1.139085E+00  2.188978E+00 -1.719726E+00
  1.139085E+00  2.177087E+00 -1.706377E+00
  1.139085E+00  2.175980E+00 -1.691389E+00
  1.139085E+00  2.173990E+00 -1.684068E+00
  1.139085E+00  2.168505E+00 -1.676401E+00
  1.139085E+00  2.159002E+00 -1.672310E+00
  1.139085E+00  2.152950E+00 -1.661413E+00
  1.139085E+00  2.146768E+00 -1.646425E+00
  1.139085E+00  2.144014E+00 -1.643542E+00
  1.139085E+00  2.129026E+00 -1.631925E+00
  1.139085E+00  2.128695E+00 -1.631437E+00
  1.139085E+00  2.119148E+00 -1.616449E+00
  1.139085E+00  2.114038E+00 -1.611723E+00
  1.139085E+00  2.102566E+00 -1.601461E+00
  1.139085E+00  2.099050E+00 -1.597183E+00
  1.139085E+00  2.087326E+00 -1.586474E+00
  1.139085E+00  2.084062E+00 -1.583960E+00
  1.139085E+00  2.069410E+00 -1.571486E+00
  1.139085E+00  2.069074E+00 -1.571165E+00
  1.139085E+00  2.054086E+00 -1.564356E+00
  1.139085E+00  2.044154E+00 -1.571486E+00
  1.139085E+00  2.052183E+00 -1.586474E+00
  1.139085E+00  2.050197E+00 -1.601461E+00
  1.139085E+00  2.047923E+00 -1.616449E+00
  1.139085E+00  2.054086E+00 -1.624031E+00
  1.139085E+00  2.059192E+00 -1.631437E+00
  1.139085E+00  2.057798E+00 -1.646425E+00
  1.139085E+00  2.057837E+00 -1.661413E+00
  1.139085E+00  2.069074E+00 -1.673938E+00
  1.139085E+00  2.070962E+00 -1.676401E+00
  1.139085E+00  2.070181E+00 -1.691389E+00
  1.139085E+00  2.070714E+00 -1.706377E+00
  1.139085E+00  2.083634E+00 -1.721365E+00
  1.139085E+00  2.080991E+00 -1.736353E+00
  1.139085E+00  2.072026E+00 -1.751341E+00
  1.139085E+00  2.084062E+00 -1.763809E+00
  1.139085E+00  2.086426E+00 -1.766329E+00
  1.139085E+00  2.088717E+00 -1.781317E+00
  1.139085E+00  2.084062E+00 -1.793740E+00
  1.139085E+00  2.082519E+00 -1.796305E+00
  1.139085E+00  2.084062E+00 -1.797466E+00
  1.139085E+00  2.099050E+00 -1.808963E+00
  1.139085E+00  2.102623E+00 -1.811293E+00
  1.139085E+00  2.111944E+00 -1.826281E+00
  1.139085E+00  2.113089E+00 -1.841269E+00
  1.139085E+00  2.114038E+00 -1.841967E+00
  1.139085E+00  2.129026E+00 -1.851064E+00
  1.139085E+00  2.137100E+00 -1.856257E+00
  1.139085E+00  2.144014E+00 -1.869198E+00
  1.139085E+00  2.145389E+00 -1.871245E+00
  1.139085E+00  2.155455E+00 -1.886233E+00
  1.139085E+00  2.159002E+00 -1.888556E+00
  1.139085E+00  2.173990E+00 -1.899478E+00
  1.139085E+00  2.177564E+00 -1.901221E+00
  1.139085E+00  2.188978E+00 -1.910461E+00
  1.139085E+00  2.194987E+00 -1.916209E+00
  1.139085E+00  2.203966E+00 -1.925245E+00
  1.139085E+00  2.213454E+00 -1.916209E+00
