Theta(deg) =   0.000000 , Phi(deg) =   0.000000 , Number of orbits =     7 , (Angstrom^-1) units
Slice   =    186 , Freq(kT, average of all copies)              =   0.3115
Orbit # =      0 , Freq(kT, this largest copy used for outline) =   0.3142
Points  =     43
  kx            ky            kz
  1.344501E+01  8.164580E+00  2.003158E+00
  1.343346E+01  8.191647E+00  2.003158E+00
  1.342684E+01  8.219970E+00  2.003158E+00
  1.342813E+01  8.248293E+00  2.003158E+00
  1.341669E+01  8.266498E+00  2.003158E+00
  1.341038E+01  8.276616E+00  2.003158E+00
  1.340943E+01  8.304939E+00  2.003158E+00
  1.339860E+01  8.333262E+00  2.003158E+00
  1.338836E+01  8.355638E+00  2.003158E+00
  1.338414E+01  8.361586E+00  2.003158E+00
  1.337292E+01  8.389909E+00  2.003158E+00
  1.336004E+01  8.408215E+00  2.003158E+00
  1.334922E+01  8.418232E+00  2.003158E+00
  1.333652E+01  8.446555E+00  2.003158E+00
  1.333172E+01  8.452575E+00  2.003158E+00
  1.330339E+01  8.472273E+00  2.003158E+00
  1.328688E+01  8.446555E+00  2.003158E+00
  1.327507E+01  8.430282E+00  2.003158E+00
  1.327214E+01  8.418232E+00  2.003158E+00
  1.327507E+01  8.411650E+00  2.003158E+00
  1.328976E+01  8.389909E+00  2.003158E+00
  1.328256E+01  8.361586E+00  2.003158E+00
  1.329301E+01  8.333262E+00  2.003158E+00
  1.329802E+01  8.304939E+00  2.003158E+00
  1.330339E+01  8.280288E+00  2.003158E+00
  1.330453E+01  8.276616E+00  2.003158E+00
  1.331852E+01  8.248293E+00  2.003158E+00
  1.332371E+01  8.219970E+00  2.003158E+00
  1.333172E+01  8.209920E+00  2.003158E+00
  1.334960E+01  8.191647E+00  2.003158E+00
  1.336004E+01  8.164005E+00  2.003158E+00
  1.336058E+01  8.163324E+00  2.003158E+00
  1.338836E+01  8.142488E+00  2.003158E+00
  1.340143E+01  8.135001E+00  2.003158E+00
  1.341669E+01  8.119366E+00  2.003158E+00
  1.344194E+01  8.106677E+00  2.003158E+00
  1.344501E+01  8.103371E+00  2.003158E+00
  1.344597E+01  8.106677E+00  2.003158E+00
  1.344501E+01  8.109917E+00  2.003158E+00
  1.343274E+01  8.135001E+00  2.003158E+00
  1.344501E+01  8.160195E+00  2.003158E+00
  1.344546E+01  8.163324E+00  2.003158E+00
  1.344501E+01  8.164580E+00  2.003158E+00
Slice   =     17 , Freq(kT, average of all copies)              =   0.3210
Orbit # =      0 , Freq(kT, this largest copy used for outline) =   0.3311
Points  =     43
  kx            ky            kz
  4.647267E+00  4.111889E+00 -3.305303E+00
  4.632570E+00  4.133786E+00 -3.305303E+00
  4.643243E+00  4.162109E+00 -3.305303E+00
  4.629541E+00  4.190432E+00 -3.305303E+00
  4.627048E+00  4.218755E+00 -3.305303E+00
  4.618944E+00  4.243658E+00 -3.305303E+00
  4.617423E+00  4.247078E+00 -3.305303E+00
  4.608108E+00  4.275401E+00 -3.305303E+00
  4.603437E+00  4.303725E+00 -3.305303E+00
  4.590621E+00  4.325331E+00 -3.305303E+00
  4.586045E+00  4.332048E+00 -3.305303E+00
  4.587424E+00  4.360371E+00 -3.305303E+00
  4.573107E+00  4.388694E+00 -3.305303E+00
  4.562298E+00  4.406247E+00 -3.305303E+00
  4.551172E+00  4.417017E+00 -3.305303E+00
  4.535113E+00  4.445340E+00 -3.305303E+00
  4.533975E+00  4.446370E+00 -3.305303E+00
  4.505652E+00  4.468933E+00 -3.305303E+00
  4.500073E+00  4.473663E+00 -3.305303E+00
  4.477329E+00  4.493033E+00 -3.305303E+00
  4.457147E+00  4.473663E+00 -3.305303E+00
  4.473524E+00  4.445340E+00 -3.305303E+00
  4.466516E+00  4.417017E+00 -3.305303E+00
  4.477329E+00  4.389048E+00 -3.305303E+00
  4.477583E+00  4.388694E+00 -3.305303E+00
  4.481697E+00  4.360371E+00 -3.305303E+00
  4.490272E+00  4.332048E+00 -3.305303E+00
  4.504775E+00  4.303725E+00 -3.305303E+00
  4.500487E+00  4.275401E+00 -3.305303E+00
  4.505652E+00  4.267766E+00 -3.305303E+00
  4.523379E+00  4.247078E+00 -3.305303E+00
  4.524691E+00  4.218755E+00 -3.305303E+00
  4.533975E+00  4.201136E+00 -3.305303E+00
  4.546468E+00  4.190432E+00 -3.305303E+00
  4.560188E+00  4.162109E+00 -3.305303E+00
  4.562298E+00  4.158142E+00 -3.305303E+00
  4.585897E+00  4.133786E+00 -3.305303E+00
  4.590621E+00  4.130217E+00 -3.305303E+00
  4.618944E+00  4.109622E+00 -3.305303E+00
  4.628919E+00  4.105463E+00 -3.305303E+00
  4.647267E+00  4.097860E+00 -3.305303E+00
  4.650122E+00  4.105463E+00 -3.305303E+00
  4.647267E+00  4.111889E+00 -3.305303E+00
Slice   =     86 , Freq(kT, average of all copies)              =   0.3237
Orbit # =      0 , Freq(kT, this largest copy used for outline) =   0.3301
Points  =     45
  kx            ky            kz
  6.462221E+00  4.759969E+00 -1.351007E+00
  6.447025E+00  4.785218E+00 -1.351007E+00
  6.447690E+00  4.813541E+00 -1.351007E+00
  6.436287E+00  4.841864E+00 -1.351007E+00
  6.434077E+00  4.870187E+00 -1.351007E+00
  6.433898E+00  4.870705E+00 -1.351007E+00
  6.422095E+00  4.898510E+00 -1.351007E+00
  6.405861E+00  4.926833E+00 -1.351007E+00
  6.408169E+00  4.955157E+00 -1.351007E+00
  6.405575E+00  4.959437E+00 -1.351007E+00
  6.387055E+00  4.983480E+00 -1.351007E+00
  6.377252E+00  5.001171E+00 -1.351007E+00
  6.367676E+00  5.011803E+00 -1.351007E+00
  6.348929E+00  5.039150E+00 -1.351007E+00
  6.346834E+00  5.040126E+00 -1.351007E+00
  6.320606E+00  5.057698E+00 -1.351007E+00
  6.310296E+00  5.068449E+00 -1.351007E+00
  6.292283E+00  5.078977E+00 -1.351007E+00
  6.286541E+00  5.068449E+00 -1.351007E+00
  6.292283E+00  5.054485E+00 -1.351007E+00
  6.307114E+00  5.040126E+00 -1.351007E+00
  6.296472E+00  5.011803E+00 -1.351007E+00
  6.300584E+00  4.983480E+00 -1.351007E+00
  6.307869E+00  4.955157E+00 -1.351007E+00
  6.304491E+00  4.926833E+00 -1.351007E+00
  6.320333E+00  4.898510E+00 -1.351007E+00
  6.315650E+00  4.870187E+00 -1.351007E+00
  6.320606E+00  4.860281E+00 -1.351007E+00
  6.333066E+00  4.841864E+00 -1.351007E+00
  6.341322E+00  4.813541E+00 -1.351007E+00
  6.348929E+00  4.788749E+00 -1.351007E+00
  6.350722E+00  4.785218E+00 -1.351007E+00
  6.373851E+00  4.756895E+00 -1.351007E+00
  6.377252E+00  4.749235E+00 -1.351007E+00
  6.393951E+00  4.728571E+00 -1.351007E+00
  6.405575E+00  4.718732E+00 -1.351007E+00
  6.433898E+00  4.708022E+00 -1.351007E+00
  6.450132E+00  4.700248E+00 -1.351007E+00
  6.462221E+00  4.690330E+00 -1.351007E+00
  6.466011E+00  4.700248E+00 -1.351007E+00
  6.462221E+00  4.713089E+00 -1.351007E+00
  6.455040E+00  4.728571E+00 -1.351007E+00
  6.462221E+00  4.745704E+00 -1.351007E+00
  6.464421E+00  4.756895E+00 -1.351007E+00
  6.462221E+00  4.759969E+00 -1.351007E+00
Slice   =     48 , Freq(kT, average of all copies)              =   0.3302
Orbit # =      0 , Freq(kT, this largest copy used for outline) =   0.3415
Points  =     45
  kx            ky            kz
  9.874022E+00  9.578645E+00 -4.514695E+00
  9.858996E+00  9.605020E+00 -4.514695E+00
  9.867322E+00  9.633344E+00 -4.514695E+00
  9.857837E+00  9.661667E+00 -4.514695E+00
  9.855630E+00  9.689990E+00 -4.514695E+00
  9.851932E+00  9.718313E+00 -4.514695E+00
  9.847269E+00  9.746636E+00 -4.514695E+00
  9.845699E+00  9.755132E+00 -4.514695E+00
  9.841108E+00  9.774959E+00 -4.514695E+00
  9.830452E+00  9.803282E+00 -4.514695E+00
  9.825679E+00  9.831605E+00 -4.514695E+00
  9.817376E+00  9.844475E+00 -4.514695E+00
  9.804589E+00  9.859929E+00 -4.514695E+00
  9.789053E+00  9.877145E+00 -4.514695E+00
  9.776349E+00  9.888252E+00 -4.514695E+00
  9.760729E+00  9.904992E+00 -4.514695E+00
  9.738261E+00  9.916575E+00 -4.514695E+00
  9.732406E+00  9.919740E+00 -4.514695E+00
  9.726042E+00  9.916575E+00 -4.514695E+00
  9.704083E+00  9.899009E+00 -4.514695E+00
  9.700192E+00  9.888252E+00 -4.514695E+00
  9.704083E+00  9.875067E+00 -4.514695E+00
  9.709887E+00  9.859929E+00 -4.514695E+00
  9.711727E+00  9.831605E+00 -4.514695E+00
  9.716503E+00  9.803282E+00 -4.514695E+00
  9.732406E+00  9.775605E+00 -4.514695E+00
  9.732796E+00  9.774959E+00 -4.514695E+00
  9.732406E+00  9.773407E+00 -4.514695E+00
  9.727878E+00  9.746636E+00 -4.514695E+00
  9.732406E+00  9.738663E+00 -4.514695E+00
  9.749749E+00  9.718313E+00 -4.514695E+00
  9.754017E+00  9.689990E+00 -4.514695E+00
  9.760729E+00  9.674399E+00 -4.514695E+00
  9.770493E+00  9.661667E+00 -4.514695E+00
  9.782776E+00  9.633344E+00 -4.514695E+00
  9.789053E+00  9.609667E+00 -4.514695E+00
  9.792243E+00  9.605020E+00 -4.514695E+00
  9.817040E+00  9.576697E+00 -4.514695E+00
  9.817376E+00  9.575017E+00 -4.514695E+00
  9.840100E+00  9.548374E+00 -4.514695E+00
  9.845699E+00  9.545578E+00 -4.514695E+00
  9.848436E+00  9.548374E+00 -4.514695E+00
  9.874022E+00  9.573533E+00 -4.514695E+00
  9.874840E+00  9.576697E+00 -4.514695E+00
  9.874022E+00  9.578645E+00 -4.514695E+00
Slice   =    182 , Freq(kT, average of all copies)              =   0.3388
Orbit # =      0 , Freq(kT, this largest copy used for outline) =   0.3478
Points  =     47
  kx            ky            kz
  9.126870E+00  5.273389E+00  1.889866E+00
  9.113518E+00  5.296426E+00  1.889866E+00
  9.112103E+00  5.324749E+00  1.889866E+00
  9.108971E+00  5.353072E+00  1.889866E+00
  9.098546E+00  5.374697E+00  1.889866E+00
  9.095343E+00  5.381395E+00  1.889866E+00
  9.089863E+00  5.409718E+00  1.889866E+00
  9.076189E+00  5.438041E+00  1.889866E+00
  9.072516E+00  5.466364E+00  1.889866E+00
  9.070223E+00  5.470944E+00  1.889866E+00
  9.055394E+00  5.494688E+00  1.889866E+00
  9.041900E+00  5.518192E+00  1.889866E+00
  9.037155E+00  5.523011E+00  1.889866E+00
  9.041900E+00  5.547873E+00  1.889866E+00
  9.042238E+00  5.551334E+00  1.889866E+00
  9.041900E+00  5.551857E+00  1.889866E+00
  9.014963E+00  5.579657E+00  1.889866E+00
  9.013577E+00  5.582657E+00  1.889866E+00
  8.992732E+00  5.607980E+00  1.889866E+00
  8.985254E+00  5.617432E+00  1.889866E+00
  8.970564E+00  5.607980E+00  1.889866E+00
  8.956931E+00  5.595621E+00  1.889866E+00
  8.951507E+00  5.579657E+00  1.889866E+00
  8.956931E+00  5.568138E+00  1.889866E+00
  8.966533E+00  5.551334E+00  1.889866E+00
  8.956931E+00  5.539120E+00  1.889866E+00
  8.952094E+00  5.523011E+00  1.889866E+00
  8.956931E+00  5.511980E+00  1.889866E+00
  8.969641E+00  5.494688E+00  1.889866E+00
  8.966629E+00  5.466364E+00  1.889866E+00
  8.971931E+00  5.438041E+00  1.889866E+00
  8.982643E+00  5.409718E+00  1.889866E+00
  8.977265E+00  5.381395E+00  1.889866E+00
  8.985254E+00  5.367399E+00  1.889866E+00
  8.996446E+00  5.353072E+00  1.889866E+00
  9.000505E+00  5.324749E+00  1.889866E+00
  9.013577E+00  5.307012E+00  1.889866E+00
  9.026425E+00  5.296426E+00  1.889866E+00
  9.041900E+00  5.273291E+00  1.889866E+00
  9.047598E+00  5.268102E+00  1.889866E+00
  9.070223E+00  5.253221E+00  1.889866E+00
  9.093064E+00  5.239779E+00  1.889866E+00
  9.098546E+00  5.236303E+00  1.889866E+00
  9.102649E+00  5.239779E+00  1.889866E+00
  9.126870E+00  5.261403E+00  1.889866E+00
  9.129807E+00  5.268102E+00  1.889866E+00
  9.126870E+00  5.273389E+00  1.889866E+00
Slice   =    116 , Freq(kT, average of all copies)              =   0.3583
Orbit # =      0 , Freq(kT, this largest copy used for outline) =   0.3622
Points  =     37
  kx            ky            kz
  4.716938E+00  3.368413E+00  1.586095E+00
  4.688615E+00  3.364612E+00  1.586095E+00
  4.660292E+00  3.362324E+00  1.586095E+00
  4.631969E+00  3.351951E+00  1.586095E+00
  4.624333E+00  3.344217E+00  1.586095E+00
  4.603646E+00  3.328558E+00  1.586095E+00
  4.591867E+00  3.315894E+00  1.586095E+00
  4.577006E+00  3.287571E+00  1.586095E+00
  4.575323E+00  3.285029E+00  1.586095E+00
  4.565006E+00  3.259247E+00  1.586095E+00
  4.546999E+00  3.233362E+00  1.586095E+00
  4.543489E+00  3.230924E+00  1.586095E+00
  4.518676E+00  3.216029E+00  1.586095E+00
  4.505462E+00  3.202601E+00  1.586095E+00
  4.490353E+00  3.175025E+00  1.586095E+00
  4.489724E+00  3.174278E+00  1.586095E+00
  4.490353E+00  3.172092E+00  1.586095E+00
  4.503629E+00  3.145955E+00  1.586095E+00
  4.518676E+00  3.119570E+00  1.586095E+00
  4.521550E+00  3.117632E+00  1.586095E+00
  4.546999E+00  3.108694E+00  1.586095E+00
  4.575323E+00  3.112271E+00  1.586095E+00
  4.589096E+00  3.117632E+00  1.586095E+00
  4.603646E+00  3.123755E+00  1.586095E+00
  4.631969E+00  3.137471E+00  1.586095E+00
  4.638249E+00  3.145955E+00  1.586095E+00
  4.649447E+00  3.174278E+00  1.586095E+00
  4.659229E+00  3.202601E+00  1.586095E+00
  4.660292E+00  3.204345E+00  1.586095E+00
  4.687017E+00  3.230924E+00  1.586095E+00
  4.688615E+00  3.232957E+00  1.586095E+00
  4.716938E+00  3.252313E+00  1.586095E+00
  4.722278E+00  3.259247E+00  1.586095E+00
  4.735664E+00  3.287571E+00  1.586095E+00
  4.738520E+00  3.315894E+00  1.586095E+00
  4.726517E+00  3.344217E+00  1.586095E+00
  4.716938E+00  3.368413E+00  1.586095E+00
Slice   =    215 , Freq(kT, average of all copies)              =   0.8069
Orbit # =      0 , Freq(kT, this largest copy used for outline) =   0.8172
Points  =     81
  kx            ky            kz
  1.190254E+01  8.133141E+00  2.824529E+00
  1.190122E+01  8.132913E+00  2.824529E+00
  1.187421E+01  8.114286E+00  2.824529E+00
  1.185767E+01  8.132913E+00  2.824529E+00
  1.184589E+01  8.139913E+00  2.824529E+00
  1.182748E+01  8.161236E+00  2.824529E+00
  1.181757E+01  8.168224E+00  2.824529E+00
  1.178924E+01  8.181331E+00  2.824529E+00
  1.176092E+01  8.189069E+00  2.824529E+00
  1.176046E+01  8.189560E+00  2.824529E+00
  1.173260E+01  8.209330E+00  2.824529E+00
  1.171642E+01  8.217883E+00  2.824529E+00
  1.170427E+01  8.225625E+00  2.824529E+00
  1.167595E+01  8.238692E+00  2.824529E+00
  1.166484E+01  8.246206E+00  2.824529E+00
  1.164763E+01  8.255424E+00  2.824529E+00
  1.161931E+01  8.272495E+00  2.824529E+00
  1.160521E+01  8.274529E+00  2.824529E+00
  1.159098E+01  8.276219E+00  2.824529E+00
  1.156266E+01  8.291030E+00  2.824529E+00
  1.154700E+01  8.302852E+00  2.824529E+00
  1.153434E+01  8.313350E+00  2.824529E+00
  1.150601E+01  8.330092E+00  2.824529E+00
  1.149703E+01  8.331175E+00  2.824529E+00
  1.147769E+01  8.332920E+00  2.824529E+00
  1.144937E+01  8.355085E+00  2.824529E+00
  1.144067E+01  8.359498E+00  2.824529E+00
  1.142104E+01  8.370126E+00  2.824529E+00
  1.139272E+01  8.373703E+00  2.824529E+00
  1.136979E+01  8.387821E+00  2.824529E+00
  1.136440E+01  8.390979E+00  2.824529E+00
  1.133607E+01  8.392662E+00  2.824529E+00
  1.130775E+01  8.398348E+00  2.824529E+00
  1.128159E+01  8.416145E+00  2.824529E+00
  1.127943E+01  8.417449E+00  2.824529E+00
  1.127590E+01  8.416145E+00  2.824529E+00
  1.125110E+01  8.401494E+00  2.824529E+00
  1.122278E+01  8.397905E+00  2.824529E+00
  1.121046E+01  8.387821E+00  2.824529E+00
  1.120332E+01  8.359498E+00  2.824529E+00
  1.122278E+01  8.351656E+00  2.824529E+00
  1.125110E+01  8.332454E+00  2.824529E+00
  1.125173E+01  8.331175E+00  2.824529E+00
  1.127943E+01  8.304879E+00  2.824529E+00
  1.128247E+01  8.302852E+00  2.824529E+00
  1.130775E+01  8.288048E+00  2.824529E+00
  1.133607E+01  8.282553E+00  2.824529E+00
  1.134465E+01  8.274529E+00  2.824529E+00
  1.136440E+01  8.259244E+00  2.824529E+00
  1.138466E+01  8.246206E+00  2.824529E+00
  1.139272E+01  8.240190E+00  2.824529E+00
  1.142104E+01  8.236312E+00  2.824529E+00
  1.144521E+01  8.217883E+00  2.824529E+00
  1.144937E+01  8.214900E+00  2.824529E+00
  1.147769E+01  8.194544E+00  2.824529E+00
  1.150601E+01  8.199799E+00  2.824529E+00
  1.151877E+01  8.189560E+00  2.824529E+00
  1.153434E+01  8.179383E+00  2.824529E+00
  1.155425E+01  8.161236E+00  2.824529E+00
  1.156266E+01  8.153791E+00  2.824529E+00
  1.159098E+01  8.150970E+00  2.824529E+00
  1.161846E+01  8.132913E+00  2.824529E+00
  1.161931E+01  8.132437E+00  2.824529E+00
  1.164763E+01  8.107024E+00  2.824529E+00
  1.167595E+01  8.108074E+00  2.824529E+00
  1.168219E+01  8.104590E+00  2.824529E+00
  1.170427E+01  8.094347E+00  2.824529E+00
  1.172726E+01  8.076267E+00  2.824529E+00
  1.173260E+01  8.071907E+00  2.824529E+00
  1.174126E+01  8.076267E+00  2.824529E+00
  1.176092E+01  8.087298E+00  2.824529E+00
  1.178624E+01  8.076267E+00  2.824529E+00
  1.178924E+01  8.075155E+00  2.824529E+00
  1.181757E+01  8.056946E+00  2.824529E+00
  1.184491E+01  8.076267E+00  2.824529E+00
  1.184589E+01  8.078267E+00  2.824529E+00
  1.187421E+01  8.087686E+00  2.824529E+00
  1.188662E+01  8.104590E+00  2.824529E+00
  1.190254E+01  8.130987E+00  2.824529E+00
  1.190288E+01  8.132913E+00  2.824529E+00
  1.190254E+01  8.133141E+00  2.824529E+00
Theta(deg) =   0.000000 , Phi(deg) =   2.500000 , Number of orbits =     6 , (Angstrom^-1) units
Slice   =    104 , Freq(kT, average of all copies)              =   0.3432
Orbit # =      0 , Freq(kT, this largest copy used for outline) =   0.3525
Points  =     47
  kx            ky            kz
  1.114453E+01  8.047813E+00 -2.070162E+00
  1.112655E+01  8.074180E+00 -2.069376E+00
  1.112879E+01  8.102503E+00 -2.069474E+00
  1.112231E+01  8.130826E+00 -2.069191E+00
  1.111732E+01  8.159149E+00 -2.068973E+00
  1.111624E+01  8.163578E+00 -2.068926E+00
  1.110913E+01  8.187472E+00 -2.068616E+00
  1.109526E+01  8.215795E+00 -2.068010E+00
  1.109540E+01  8.244119E+00 -2.068016E+00
  1.108794E+01  8.255313E+00 -2.067691E+00
  1.107697E+01  8.272442E+00 -2.067212E+00
  1.106826E+01  8.300765E+00 -2.066831E+00
  1.106280E+01  8.329088E+00 -2.066593E+00
  1.105964E+01  8.334681E+00 -2.066455E+00
  1.103880E+01  8.357411E+00 -2.065545E+00
  1.103135E+01  8.376040E+00 -2.065220E+00
  1.102501E+01  8.385734E+00 -2.064943E+00
  1.100305E+01  8.402541E+00 -2.063984E+00
  1.098986E+01  8.414057E+00 -2.063409E+00
  1.097476E+01  8.439640E+00 -2.062749E+00
  1.094646E+01  8.426766E+00 -2.061514E+00
  1.094297E+01  8.414057E+00 -2.061361E+00
  1.094646E+01  8.406123E+00 -2.061514E+00
  1.095758E+01  8.385734E+00 -2.061999E+00
  1.094646E+01  8.366572E+00 -2.061514E+00
  1.094439E+01  8.357411E+00 -2.061423E+00
  1.094646E+01  8.352704E+00 -2.061514E+00
  1.096298E+01  8.329088E+00 -2.062235E+00
  1.096292E+01  8.300765E+00 -2.062232E+00
  1.097441E+01  8.272442E+00 -2.062734E+00
  1.097476E+01  8.271541E+00 -2.062749E+00
  1.098434E+01  8.244119E+00 -2.063167E+00
  1.099025E+01  8.215795E+00 -2.063425E+00
  1.100305E+01  8.197569E+00 -2.063984E+00
  1.101056E+01  8.187472E+00 -2.064312E+00
  1.100355E+01  8.159149E+00 -2.064006E+00
  1.103135E+01  8.131868E+00 -2.065220E+00
  1.103272E+01  8.130826E+00 -2.065280E+00
  1.104895E+01  8.102503E+00 -2.065988E+00
  1.105964E+01  8.092136E+00 -2.066455E+00
  1.107745E+01  8.074180E+00 -2.067233E+00
  1.108794E+01  8.063146E+00 -2.067691E+00
  1.111624E+01  8.047462E+00 -2.068926E+00
  1.112521E+01  8.045857E+00 -2.069318E+00
  1.114453E+01  8.043142E+00 -2.070162E+00
  1.114553E+01  8.045857E+00 -2.070205E+00
  1.114453E+01  8.047813E+00 -2.070162E+00
Slice   =     72 , Freq(kT, average of all copies)              =   0.3461
Orbit # =      0 , Freq(kT, this largest copy used for outline) =   0.3528
Points  =     35
  kx            ky            kz
  4.711990E+00  4.161917E+00 -3.873807E-01
  4.683694E+00  4.158051E+00 -3.861453E-01
  4.655398E+00  4.154984E+00 -3.849099E-01
  4.627102E+00  4.142514E+00 -3.836744E-01
  4.622802E+00  4.137960E+00 -3.834867E-01
  4.598805E+00  4.120135E+00 -3.824390E-01
  4.589663E+00  4.109637E+00 -3.820398E-01
  4.577895E+00  4.081314E+00 -3.815260E-01
  4.570509E+00  4.069176E+00 -3.812035E-01
  4.563181E+00  4.052991E+00 -3.808836E-01
  4.542213E+00  4.025409E+00 -3.799681E-01
  4.541200E+00  4.024668E+00 -3.799239E-01
  4.513917E+00  4.007395E+00 -3.787327E-01
  4.504139E+00  3.996345E+00 -3.783057E-01
  4.495813E+00  3.968021E+00 -3.779422E-01
  4.505765E+00  3.939698E+00 -3.783767E-01
  4.513917E+00  3.921290E+00 -3.787327E-01
  4.524988E+00  3.911375E+00 -3.792160E-01
  4.542213E+00  3.904036E+00 -3.799681E-01
  4.570509E+00  3.906177E+00 -3.812035E-01
  4.585505E+00  3.911375E+00 -3.818583E-01
  4.598805E+00  3.916463E+00 -3.824390E-01
  4.627102E+00  3.929737E+00 -3.836744E-01
  4.634558E+00  3.939698E+00 -3.840000E-01
  4.645913E+00  3.968021E+00 -3.844957E-01
  4.655398E+00  3.991499E+00 -3.849099E-01
  4.657629E+00  3.996345E+00 -3.850073E-01
  4.683694E+00  4.023931E+00 -3.861453E-01
  4.684795E+00  4.024668E+00 -3.861934E-01
  4.711990E+00  4.043744E+00 -3.873807E-01
  4.718632E+00  4.052991E+00 -3.876707E-01
  4.730980E+00  4.081314E+00 -3.882098E-01
  4.732572E+00  4.109637E+00 -3.882794E-01
  4.723227E+00  4.137960E+00 -3.878714E-01
  4.711990E+00  4.161917E+00 -3.873807E-01
Slice   =     51 , Freq(kT, average of all copies)              =   0.3480
Orbit # =      0 , Freq(kT, this largest copy used for outline) =   0.3598
Points  =     43
  kx            ky            kz
  3.850275E-01  1.471715E+00 -7.938139E-01
  3.698757E-01  1.499734E+00 -7.931523E-01
  3.705959E-01  1.528058E+00 -7.931838E-01
  3.640051E-01  1.556381E+00 -7.928960E-01
  3.615382E-01  1.584704E+00 -7.927883E-01
  3.567313E-01  1.602411E+00 -7.925784E-01
  3.532035E-01  1.613027E+00 -7.924244E-01
  3.430151E-01  1.641350E+00 -7.919796E-01
  3.376305E-01  1.669673E+00 -7.917445E-01
  3.284352E-01  1.682563E+00 -7.913430E-01
  3.139828E-01  1.697996E+00 -7.907120E-01
  3.001390E-01  1.713686E+00 -7.901076E-01
  2.860153E-01  1.726320E+00 -7.894909E-01
  2.718428E-01  1.741158E+00 -7.888721E-01
  2.435466E-01  1.754410E+00 -7.876367E-01
  2.152505E-01  1.741822E+00 -7.864012E-01
  2.092419E-01  1.726320E+00 -7.861389E-01
  2.138691E-01  1.697996E+00 -7.863409E-01
  2.152505E-01  1.692507E+00 -7.864012E-01
  2.209956E-01  1.669673E+00 -7.866521E-01
  2.196300E-01  1.641350E+00 -7.865925E-01
  2.373630E-01  1.613027E+00 -7.873667E-01
  2.373830E-01  1.584704E+00 -7.873676E-01
  2.435466E-01  1.574362E+00 -7.876367E-01
  2.585906E-01  1.556381E+00 -7.882935E-01
  2.652016E-01  1.528058E+00 -7.885822E-01
  2.718428E-01  1.506426E+00 -7.888721E-01
  2.755324E-01  1.499734E+00 -7.890332E-01
  2.940383E-01  1.471411E+00 -7.898412E-01
  2.997512E-01  1.443088E+00 -7.900906E-01
  3.001390E-01  1.442662E+00 -7.901076E-01
  3.284013E-01  1.414765E+00 -7.913415E-01
  3.284352E-01  1.414573E+00 -7.913430E-01
  3.470116E-01  1.386442E+00 -7.921541E-01
  3.567313E-01  1.381479E+00 -7.925784E-01
  3.624492E-01  1.386442E+00 -7.928281E-01
  3.850275E-01  1.405790E+00 -7.938139E-01
  3.874459E-01  1.414765E+00 -7.939195E-01
  3.850275E-01  1.421096E+00 -7.938139E-01
  3.734323E-01  1.443088E+00 -7.933076E-01
  3.850275E-01  1.470789E+00 -7.938139E-01
  3.851921E-01  1.471411E+00 -7.938211E-01
  3.850275E-01  1.471715E+00 -7.938139E-01
Slice   =    108 , Freq(kT, average of all copies)              =   0.3496
Orbit # =      0 , Freq(kT, this largest copy used for outline) =   0.3601
Points  =     45
  kx            ky            kz
  6.911864E+00  4.231019E+00  6.572257E-01
  6.901584E+00  4.251253E+00  6.576746E-01
  6.906078E+00  4.279576E+00  6.574783E-01
  6.899656E+00  4.307899E+00  6.577587E-01
  6.883584E+00  4.336222E+00  6.584604E-01
  6.883568E+00  4.336887E+00  6.584612E-01
  6.882638E+00  4.364545E+00  6.585017E-01
  6.865550E+00  4.392868E+00  6.592478E-01
  6.858454E+00  4.421192E+00  6.595576E-01
  6.855271E+00  4.427973E+00  6.596966E-01
  6.842924E+00  4.449515E+00  6.602357E-01
  6.826975E+00  4.475925E+00  6.609320E-01
  6.825241E+00  4.477838E+00  6.610077E-01
  6.826975E+00  4.493379E+00  6.609320E-01
  6.827754E+00  4.506161E+00  6.608980E-01
  6.826975E+00  4.507336E+00  6.609320E-01
  6.803058E+00  4.534484E+00  6.619763E-01
  6.798679E+00  4.544072E+00  6.621675E-01
  6.779043E+00  4.562807E+00  6.630248E-01
  6.770383E+00  4.572312E+00  6.634029E-01
  6.750915E+00  4.562807E+00  6.642529E-01
  6.742087E+00  4.555108E+00  6.646384E-01
  6.736295E+00  4.534484E+00  6.648912E-01
  6.742087E+00  4.521754E+00  6.646384E-01
  6.750467E+00  4.506161E+00  6.642725E-01
  6.742087E+00  4.496087E+00  6.646384E-01
  6.735997E+00  4.477838E+00  6.649043E-01
  6.742087E+00  4.465347E+00  6.646384E-01
  6.754421E+00  4.449515E+00  6.640998E-01
  6.750010E+00  4.421192E+00  6.642924E-01
  6.757255E+00  4.392868E+00  6.639761E-01
  6.766424E+00  4.364545E+00  6.635758E-01
  6.761920E+00  4.336222E+00  6.637724E-01
  6.770383E+00  4.322417E+00  6.634029E-01
  6.781555E+00  4.307899E+00  6.629151E-01
  6.785338E+00  4.279576E+00  6.627500E-01
  6.798679E+00  4.263315E+00  6.621675E-01
  6.813589E+00  4.251253E+00  6.615165E-01
  6.826975E+00  4.232622E+00  6.609320E-01
  6.837561E+00  4.222930E+00  6.604699E-01
  6.855271E+00  4.211148E+00  6.596966E-01
  6.883568E+00  4.197800E+00  6.584612E-01
  6.911864E+00  4.213276E+00  6.572257E-01
  6.915774E+00  4.222930E+00  6.570550E-01
  6.911864E+00  4.231019E+00  6.572257E-01
Slice   =    112 , Freq(kT, average of all copies)              =   0.7427
Orbit # =      0 , Freq(kT, this largest copy used for outline) =   0.7427
Points  =     77
  kx            ky            kz
  3.492968E+00  2.836723E+00  1.441751E+00
  3.477525E+00  2.860636E+00  1.442425E+00
  3.464672E+00  2.867629E+00  1.442986E+00
  3.444493E+00  2.888959E+00  1.443867E+00
  3.436376E+00  2.894544E+00  1.444221E+00
  3.408080E+00  2.906100E+00  1.445457E+00
  3.379784E+00  2.912767E+00  1.446692E+00
  3.374486E+00  2.917283E+00  1.446924E+00
  3.351488E+00  2.932813E+00  1.447928E+00
  3.328320E+00  2.945606E+00  1.448939E+00
  3.323191E+00  2.948527E+00  1.449163E+00
  3.294895E+00  2.956980E+00  1.450399E+00
  3.266599E+00  2.972349E+00  1.451634E+00
  3.262498E+00  2.973929E+00  1.451813E+00
  3.238303E+00  2.982886E+00  1.452869E+00
  3.210007E+00  2.990277E+00  1.454105E+00
  3.189002E+00  3.002252E+00  1.455022E+00
  3.181711E+00  3.006324E+00  1.455340E+00
  3.153414E+00  3.016175E+00  1.456576E+00
  3.125118E+00  3.022384E+00  1.457811E+00
  3.113847E+00  3.030575E+00  1.458303E+00
  3.096822E+00  3.042760E+00  1.459047E+00
  3.071607E+00  3.058898E+00  1.460148E+00
  3.068526E+00  3.061002E+00  1.460282E+00
  3.057404E+00  3.058898E+00  1.460768E+00
  3.040230E+00  3.055589E+00  1.461518E+00
  3.036331E+00  3.058898E+00  1.461688E+00
  3.011933E+00  3.075369E+00  1.462753E+00
  2.990161E+00  3.087221E+00  1.463704E+00
  2.983637E+00  3.090899E+00  1.463988E+00
  2.974237E+00  3.087221E+00  1.464399E+00
  2.955341E+00  3.077475E+00  1.465224E+00
  2.943068E+00  3.087221E+00  1.465760E+00
  2.927045E+00  3.097310E+00  1.466459E+00
  2.898749E+00  3.094002E+00  1.467695E+00
  2.870453E+00  3.094749E+00  1.468930E+00
  2.845790E+00  3.087221E+00  1.470007E+00
  2.842156E+00  3.072925E+00  1.470166E+00
  2.838802E+00  3.058898E+00  1.470312E+00
  2.842156E+00  3.055419E+00  1.470166E+00
  2.870453E+00  3.046565E+00  1.468930E+00
  2.892661E+00  3.030575E+00  1.467961E+00
  2.898749E+00  3.028247E+00  1.467695E+00
  2.925259E+00  3.002252E+00  1.466537E+00
  2.927045E+00  3.000822E+00  1.466459E+00
  2.955341E+00  2.990006E+00  1.465224E+00
  2.983637E+00  2.976117E+00  1.463988E+00
  2.986136E+00  2.973929E+00  1.463879E+00
  3.011933E+00  2.952713E+00  1.462753E+00
  3.038231E+00  2.945606E+00  1.461605E+00
  3.040230E+00  2.945006E+00  1.461518E+00
  3.068526E+00  2.935603E+00  1.460282E+00
  3.090124E+00  2.917283E+00  1.459339E+00
  3.096822E+00  2.912497E+00  1.459047E+00
  3.125118E+00  2.902903E+00  1.457811E+00
  3.153414E+00  2.893158E+00  1.456576E+00
  3.157541E+00  2.888959E+00  1.456396E+00
  3.181711E+00  2.869430E+00  1.455340E+00
  3.200060E+00  2.860636E+00  1.454539E+00
  3.210007E+00  2.855729E+00  1.454105E+00
  3.238303E+00  2.845436E+00  1.452869E+00
  3.254045E+00  2.832313E+00  1.452182E+00
  3.266599E+00  2.821922E+00  1.451634E+00
  3.294895E+00  2.817833E+00  1.450399E+00
  3.323191E+00  2.816325E+00  1.449163E+00
  3.342773E+00  2.803990E+00  1.448308E+00
  3.351488E+00  2.798156E+00  1.447928E+00
  3.368663E+00  2.803990E+00  1.447178E+00
  3.379784E+00  2.808744E+00  1.446692E+00
  3.403087E+00  2.803990E+00  1.445675E+00
  3.408080E+00  2.803186E+00  1.445457E+00
  3.436376E+00  2.791185E+00  1.444221E+00
  3.457072E+00  2.803990E+00  1.443318E+00
  3.464672E+00  2.815212E+00  1.442986E+00
  3.492968E+00  2.828124E+00  1.441751E+00
  3.496860E+00  2.832313E+00  1.441581E+00
  3.492968E+00  2.836723E+00  1.441751E+00
Slice   =    169 , Freq(kT, average of all copies)              =   0.7985
Orbit # =      0 , Freq(kT, this largest copy used for outline) =   0.8168
Points  =     77
  kx            ky            kz
  9.187512E+00  6.814510E+00  1.423598E+00
  9.172855E+00  6.827962E+00  1.424238E+00
  9.159216E+00  6.835575E+00  1.424833E+00
  9.138792E+00  6.856285E+00  1.425725E+00
  9.130920E+00  6.860851E+00  1.426069E+00
  9.102623E+00  6.884457E+00  1.427304E+00
  9.074327E+00  6.878994E+00  1.428540E+00
  9.068486E+00  6.884608E+00  1.428795E+00
  9.046031E+00  6.898342E+00  1.429775E+00
  9.026254E+00  6.912931E+00  1.430638E+00
  9.017735E+00  6.919345E+00  1.431010E+00
  8.989439E+00  6.926772E+00  1.432246E+00
  8.961143E+00  6.934543E+00  1.433481E+00
  8.949950E+00  6.941255E+00  1.433970E+00
  8.932846E+00  6.952720E+00  1.434717E+00
  8.904550E+00  6.963221E+00  1.435952E+00
  8.876254E+00  6.967913E+00  1.437188E+00
  8.873806E+00  6.969578E+00  1.437294E+00
  8.847958E+00  6.986592E+00  1.438423E+00
  8.823829E+00  6.997901E+00  1.439477E+00
  8.819662E+00  7.000051E+00  1.439658E+00
  8.791365E+00  7.009030E+00  1.440894E+00
  8.767233E+00  7.026224E+00  1.441948E+00
  8.763069E+00  7.029294E+00  1.442129E+00
  8.734773E+00  7.039273E+00  1.443365E+00
  8.706477E+00  7.041393E+00  1.444600E+00
  8.685917E+00  7.054547E+00  1.445498E+00
  8.678181E+00  7.059705E+00  1.445836E+00
  8.649885E+00  7.060402E+00  1.447071E+00
  8.621588E+00  7.064881E+00  1.448307E+00
  8.593292E+00  7.072684E+00  1.449542E+00
  8.564996E+00  7.068523E+00  1.450777E+00
  8.547030E+00  7.082870E+00  1.451562E+00
  8.536700E+00  7.087034E+00  1.452013E+00
  8.526245E+00  7.082870E+00  1.452469E+00
  8.508404E+00  7.061168E+00  1.453248E+00
  8.494471E+00  7.054547E+00  1.453857E+00
  8.508404E+00  7.039146E+00  1.453248E+00
  8.521724E+00  7.026224E+00  1.452667E+00
  8.536700E+00  7.004146E+00  1.452013E+00
  8.563901E+00  6.997901E+00  1.450825E+00
  8.564996E+00  6.997844E+00  1.450777E+00
  8.593292E+00  6.976998E+00  1.449542E+00
  8.602485E+00  6.969578E+00  1.449141E+00
  8.621588E+00  6.951448E+00  1.448307E+00
  8.649885E+00  6.951941E+00  1.447071E+00
  8.663427E+00  6.941255E+00  1.446480E+00
  8.678181E+00  6.931292E+00  1.445836E+00
  8.700051E+00  6.912931E+00  1.444881E+00
  8.706477E+00  6.907453E+00  1.444600E+00
  8.734773E+00  6.908328E+00  1.443365E+00
  8.763069E+00  6.891205E+00  1.442129E+00
  8.774112E+00  6.884608E+00  1.441647E+00
  8.791365E+00  6.873478E+00  1.440894E+00
  8.819662E+00  6.873891E+00  1.439658E+00
  8.844130E+00  6.856285E+00  1.438590E+00
  8.847958E+00  6.853730E+00  1.438423E+00
  8.876254E+00  6.835596E+00  1.437188E+00
  8.904550E+00  6.837242E+00  1.435952E+00
  8.915076E+00  6.827962E+00  1.435493E+00
  8.932846E+00  6.814185E+00  1.434717E+00
  8.955127E+00  6.799639E+00  1.433744E+00
  8.961143E+00  6.795369E+00  1.433481E+00
  8.977747E+00  6.799639E+00  1.432756E+00
  8.989439E+00  6.802956E+00  1.432246E+00
  8.993841E+00  6.799639E+00  1.432054E+00
  9.017735E+00  6.784565E+00  1.431010E+00
  9.046031E+00  6.771864E+00  1.429775E+00
  9.074327E+00  6.781547E+00  1.428540E+00
  9.090033E+00  6.771316E+00  1.427854E+00
  9.102623E+00  6.764362E+00  1.427304E+00
  9.130920E+00  6.770815E+00  1.426069E+00
  9.159216E+00  6.769898E+00  1.424833E+00
  9.187512E+00  6.767325E+00  1.423598E+00
  9.192813E+00  6.771316E+00  1.423366E+00
  9.203807E+00  6.799639E+00  1.422886E+00
  9.187512E+00  6.814510E+00  1.423598E+00
Theta(deg) =   0.000000 , Phi(deg) =   5.000000 , Number of orbits =     9 , (Angstrom^-1) units
Slice   =     42 , Freq(kT, average of all copies)              =   0.3375
Orbit # =      0 , Freq(kT, this largest copy used for outline) =   0.3426
Points  =     35
  kx            ky            kz
  7.707045E+00  7.580800E+00 -3.675024E+00
  7.678830E+00  7.582521E+00 -3.672555E+00
  7.650615E+00  7.580188E+00 -3.670087E+00
  7.622399E+00  7.567573E+00 -3.667618E+00
  7.620751E+00  7.565755E+00 -3.667474E+00
  7.594184E+00  7.546066E+00 -3.665149E+00
  7.586951E+00  7.537432E+00 -3.664517E+00
  7.575996E+00  7.509109E+00 -3.663558E+00
  7.565968E+00  7.491126E+00 -3.662681E+00
  7.561096E+00  7.480786E+00 -3.662255E+00
  7.538171E+00  7.452462E+00 -3.660249E+00
  7.537753E+00  7.451755E+00 -3.660212E+00
  7.509538E+00  7.432951E+00 -3.657744E+00
  7.502362E+00  7.424139E+00 -3.657116E+00
  7.498380E+00  7.395816E+00 -3.656768E+00
  7.504205E+00  7.367493E+00 -3.657277E+00
  7.509538E+00  7.351719E+00 -3.657744E+00
  7.519880E+00  7.339170E+00 -3.658649E+00
  7.537753E+00  7.330342E+00 -3.660212E+00
  7.565968E+00  7.333277E+00 -3.662681E+00
  7.584354E+00  7.339170E+00 -3.664289E+00
  7.594184E+00  7.342759E+00 -3.665149E+00
  7.622399E+00  7.355680E+00 -3.667618E+00
  7.630950E+00  7.367493E+00 -3.668366E+00
  7.641448E+00  7.395816E+00 -3.669285E+00
  7.650615E+00  7.415407E+00 -3.670087E+00
  7.654856E+00  7.424139E+00 -3.670458E+00
  7.678830E+00  7.449495E+00 -3.672555E+00
  7.683468E+00  7.452462E+00 -3.672961E+00
  7.707045E+00  7.471509E+00 -3.675024E+00
  7.713290E+00  7.480786E+00 -3.675570E+00
  7.724801E+00  7.509109E+00 -3.676577E+00
  7.722980E+00  7.537432E+00 -3.676418E+00
  7.715644E+00  7.565755E+00 -3.675776E+00
  7.707045E+00  7.580800E+00 -3.675024E+00
Slice   =    128 , Freq(kT, average of all copies)              =   0.3672
Orbit # =      0 , Freq(kT, this largest copy used for outline) =   0.3750
Points  =     51
  kx            ky            kz
  7.573010E+00  6.269029E+00 -5.421887E-02
  7.560655E+00  6.291910E+00 -5.313791E-02
  7.551299E+00  6.320233E+00 -5.231941E-02
  7.548791E+00  6.348556E+00 -5.209995E-02
  7.544795E+00  6.354614E+00 -5.175035E-02
  7.530240E+00  6.376879E+00 -5.047698E-02
  7.526376E+00  6.405202E+00 -5.013889E-02
  7.516580E+00  6.419983E+00 -4.928182E-02
  7.507615E+00  6.433525E+00 -4.849751E-02
  7.495838E+00  6.461849E+00 -4.746716E-02
  7.492026E+00  6.490172E+00 -4.713367E-02
  7.488364E+00  6.495153E+00 -4.681330E-02
  7.466037E+00  6.518495E+00 -4.485987E-02
  7.460149E+00  6.532146E+00 -4.434478E-02
  7.447074E+00  6.546818E+00 -4.320088E-02
  7.431934E+00  6.557129E+00 -4.187625E-02
  7.403718E+00  6.574175E+00 -3.940773E-02
  7.401802E+00  6.575141E+00 -3.924011E-02
  7.375503E+00  6.590316E+00 -3.693921E-02
  7.371423E+00  6.575141E+00 -3.658225E-02
  7.375503E+00  6.564852E+00 -3.693921E-02
  7.388464E+00  6.546818E+00 -3.807319E-02
  7.375503E+00  6.534898E+00 -3.693921E-02
  7.371318E+00  6.518495E+00 -3.657307E-02
  7.375503E+00  6.510051E+00 -3.693921E-02
  7.393648E+00  6.490172E+00 -3.852673E-02
  7.390816E+00  6.461849E+00 -3.827889E-02
  7.403718E+00  6.435717E+00 -3.940773E-02
  7.405109E+00  6.433525E+00 -3.952939E-02
  7.412215E+00  6.405202E+00 -4.015111E-02
  7.418895E+00  6.376879E+00 -4.073554E-02
  7.431934E+00  6.358423E+00 -4.187625E-02
  7.439053E+00  6.348556E+00 -4.249912E-02
  7.431934E+00  6.324506E+00 -4.187625E-02
  7.430958E+00  6.320233E+00 -4.179088E-02
  7.431934E+00  6.318697E+00 -4.187625E-02
  7.460149E+00  6.292141E+00 -4.434478E-02
  7.460334E+00  6.291910E+00 -4.436096E-02
  7.469419E+00  6.263587E+00 -4.515578E-02
  7.488364E+00  6.240351E+00 -4.681330E-02
  7.495687E+00  6.235263E+00 -4.745394E-02
  7.516580E+00  6.215424E+00 -4.928182E-02
  7.533337E+00  6.206940E+00 -5.074793E-02
  7.544795E+00  6.195288E+00 -5.175035E-02
  7.573010E+00  6.194833E+00 -5.421887E-02
  7.576797E+00  6.206940E+00 -5.455011E-02
  7.573010E+00  6.214440E+00 -5.421887E-02
  7.559723E+00  6.235263E+00 -5.305641E-02
  7.573010E+00  6.256523E+00 -5.421887E-02
  7.575245E+00  6.263587E+00 -5.441439E-02
  7.573010E+00  6.269029E+00 -5.421887E-02
Slice   =    149 , Freq(kT, average of all copies)              =   0.3691
Orbit # =      0 , Freq(kT, this largest copy used for outline) =   0.3766
Points  =     45
  kx            ky            kz
  9.858847E+00  8.049846E+00 -8.618619E-01
  9.845218E+00  8.074180E+00 -8.606695E-01
  9.845161E+00  8.102503E+00 -8.606645E-01
  9.839656E+00  8.130826E+00 -8.601829E-01
  9.833775E+00  8.159149E+00 -8.596684E-01
  9.830632E+00  8.174629E+00 -8.593934E-01
  9.827458E+00  8.187472E+00 -8.591157E-01
  9.813973E+00  8.215795E+00 -8.579359E-01
  9.810357E+00  8.244119E+00 -8.576196E-01
  9.802416E+00  8.255647E+00 -8.569248E-01
  9.788187E+00  8.272442E+00 -8.556799E-01
  9.774201E+00  8.288308E+00 -8.544563E-01
  9.759046E+00  8.300765E+00 -8.531304E-01
  9.745986E+00  8.316635E+00 -8.519878E-01
  9.722959E+00  8.329088E+00 -8.499732E-01
  9.717770E+00  8.331757E+00 -8.495193E-01
  9.689555E+00  8.335497E+00 -8.470508E-01
  9.687578E+00  8.329088E+00 -8.468778E-01
  9.673091E+00  8.300765E+00 -8.456104E-01
  9.683456E+00  8.272442E+00 -8.465171E-01
  9.688677E+00  8.244119E+00 -8.469739E-01
  9.688337E+00  8.215795E+00 -8.469442E-01
  9.689555E+00  8.213611E+00 -8.470508E-01
  9.705314E+00  8.187472E+00 -8.484295E-01
  9.705986E+00  8.159149E+00 -8.484883E-01
  9.717770E+00  8.142544E+00 -8.495193E-01
  9.728859E+00  8.130826E+00 -8.504894E-01
  9.731700E+00  8.102503E+00 -8.507380E-01
  9.745986E+00  8.075581E+00 -8.519878E-01
  9.747498E+00  8.074180E+00 -8.521201E-01
  9.765686E+00  8.045857E+00 -8.537114E-01
  9.774201E+00  8.021950E+00 -8.544563E-01
  9.777976E+00  8.017534E+00 -8.547866E-01
  9.802416E+00  7.991817E+00 -8.569248E-01
  9.808599E+00  7.989210E+00 -8.574657E-01
  9.827206E+00  7.960887E+00 -8.590937E-01
  9.830632E+00  7.958928E+00 -8.593934E-01
  9.833495E+00  7.960887E+00 -8.596439E-01
  9.858847E+00  7.982792E+00 -8.618619E-01
  9.860494E+00  7.989210E+00 -8.620060E-01
  9.858847E+00  7.993457E+00 -8.618619E-01
  9.847023E+00  8.017534E+00 -8.608274E-01
  9.858847E+00  8.039005E+00 -8.618619E-01
  9.860991E+00  8.045857E+00 -8.620494E-01
  9.858847E+00  8.049846E+00 -8.618619E-01
Slice   =    165 , Freq(kT, average of all copies)              =   0.3736
Orbit # =      0 , Freq(kT, this largest copy used for outline) =   0.3812
Points  =     45
  kx            ky            kz
  9.926559E+00  6.067607E+00  1.152672E+00
  9.909694E+00  6.091561E+00  1.154147E+00
  9.907475E+00  6.119884E+00  1.154341E+00
  9.901198E+00  6.148207E+00  1.154891E+00
  9.898343E+00  6.155440E+00  1.155140E+00
  9.890241E+00  6.176530E+00  1.155849E+00
  9.884640E+00  6.204853E+00  1.156339E+00
  9.870128E+00  6.227245E+00  1.157609E+00
  9.865775E+00  6.233176E+00  1.157990E+00
  9.869597E+00  6.261499E+00  1.157655E+00
  9.850134E+00  6.289822E+00  1.159358E+00
  9.841913E+00  6.304589E+00  1.160077E+00
  9.828045E+00  6.318146E+00  1.161291E+00
  9.818341E+00  6.346469E+00  1.162140E+00
  9.813697E+00  6.352546E+00  1.162546E+00
  9.792130E+00  6.374792E+00  1.164433E+00
  9.785482E+00  6.389093E+00  1.165014E+00
  9.766262E+00  6.403115E+00  1.166696E+00
  9.757267E+00  6.408867E+00  1.167483E+00
  9.752655E+00  6.403115E+00  1.167886E+00
  9.729051E+00  6.375609E+00  1.169951E+00
  9.728791E+00  6.374792E+00  1.169974E+00
  9.729051E+00  6.374341E+00  1.169951E+00
  9.749182E+00  6.346469E+00  1.168190E+00
  9.736158E+00  6.318146E+00  1.169330E+00
  9.750380E+00  6.289822E+00  1.168085E+00
  9.750381E+00  6.261499E+00  1.168085E+00
  9.751695E+00  6.233176E+00  1.167970E+00
  9.757267E+00  6.221022E+00  1.167483E+00
  9.764303E+00  6.204853E+00  1.166867E+00
  9.760564E+00  6.176530E+00  1.167194E+00
  9.783764E+00  6.148207E+00  1.165165E+00
  9.783391E+00  6.119884E+00  1.165197E+00
  9.785482E+00  6.116662E+00  1.165014E+00
  9.809842E+00  6.091561E+00  1.162883E+00
  9.813697E+00  6.086332E+00  1.162546E+00
  9.835516E+00  6.063237E+00  1.160637E+00
  9.841913E+00  6.056295E+00  1.160077E+00
  9.870128E+00  6.039681E+00  1.157609E+00
  9.879001E+00  6.034914E+00  1.156833E+00
  9.898343E+00  6.024449E+00  1.155140E+00
  9.906831E+00  6.034914E+00  1.154398E+00
  9.926559E+00  6.057165E+00  1.152672E+00
  9.929341E+00  6.063237E+00  1.152428E+00
  9.926559E+00  6.067607E+00  1.152672E+00
Slice   =    150 , Freq(kT, average of all copies)              =   0.6770
Orbit # =      0 , Freq(kT, this largest copy used for outline) =   0.6770
Points  =     69
  kx            ky            kz
  1.372682E+01  9.486380E+00 -1.693686E+00
  1.371607E+01  9.493119E+00 -1.692746E+00
  1.369860E+01  9.503820E+00 -1.691218E+00
  1.368504E+01  9.521443E+00 -1.690032E+00
  1.367039E+01  9.529800E+00 -1.688749E+00
  1.364400E+01  9.549766E+00 -1.686440E+00
  1.364217E+01  9.551185E+00 -1.686281E+00
  1.361396E+01  9.562458E+00 -1.683812E+00
  1.358743E+01  9.578089E+00 -1.681492E+00
  1.358574E+01  9.579364E+00 -1.681344E+00
  1.355753E+01  9.598430E+00 -1.678875E+00
  1.354268E+01  9.606412E+00 -1.677576E+00
  1.352931E+01  9.611190E+00 -1.676407E+00
  1.350110E+01  9.630340E+00 -1.673938E+00
  1.348336E+01  9.634735E+00 -1.672387E+00
  1.347288E+01  9.636767E+00 -1.671470E+00
  1.344467E+01  9.651592E+00 -1.669001E+00
  1.343071E+01  9.663058E+00 -1.667780E+00
  1.341645E+01  9.673368E+00 -1.666533E+00
  1.338827E+01  9.691381E+00 -1.664067E+00
  1.338823E+01  9.691406E+00 -1.664064E+00
  1.336002E+01  9.695345E+00 -1.661596E+00
  1.333180E+01  9.710817E+00 -1.659127E+00
  1.331351E+01  9.719704E+00 -1.657527E+00
  1.330359E+01  9.725495E+00 -1.656659E+00
  1.328164E+01  9.719704E+00 -1.654738E+00
  1.327537E+01  9.718408E+00 -1.654190E+00
  1.327182E+01  9.719704E+00 -1.653879E+00
  1.324716E+01  9.730304E+00 -1.651722E+00
  1.321894E+01  9.728090E+00 -1.649253E+00
  1.319073E+01  9.730981E+00 -1.646784E+00
  1.316251E+01  9.730540E+00 -1.644316E+00
  1.313430E+01  9.725530E+00 -1.641847E+00
  1.312276E+01  9.719704E+00 -1.640838E+00
  1.310608E+01  9.702600E+00 -1.639379E+00
  1.308897E+01  9.691381E+00 -1.637882E+00
  1.310608E+01  9.665200E+00 -1.639379E+00
  1.313430E+01  9.663062E+00 -1.641847E+00
  1.313430E+01  9.663058E+00 -1.641848E+00
  1.316079E+01  9.634735E+00 -1.644165E+00
  1.316251E+01  9.633612E+00 -1.644316E+00
  1.319073E+01  9.622014E+00 -1.646784E+00
  1.321894E+01  9.618245E+00 -1.649253E+00
  1.323222E+01  9.606412E+00 -1.650414E+00
  1.324716E+01  9.595543E+00 -1.651722E+00
  1.327537E+01  9.585981E+00 -1.654190E+00
  1.330359E+01  9.580695E+00 -1.656659E+00
  1.330698E+01  9.578089E+00 -1.656955E+00
  1.333180E+01  9.560414E+00 -1.659127E+00
  1.336002E+01  9.556345E+00 -1.661596E+00
  1.338823E+01  9.551102E+00 -1.664064E+00
  1.338999E+01  9.549766E+00 -1.664218E+00
  1.341645E+01  9.532112E+00 -1.666533E+00
  1.344467E+01  9.534221E+00 -1.669001E+00
  1.347288E+01  9.526550E+00 -1.671470E+00
  1.347893E+01  9.521443E+00 -1.671999E+00
  1.350110E+01  9.505658E+00 -1.673938E+00
  1.352931E+01  9.508155E+00 -1.676407E+00
  1.355753E+01  9.496935E+00 -1.678875E+00
  1.356424E+01  9.493119E+00 -1.679463E+00
  1.358574E+01  9.483188E+00 -1.681344E+00
  1.361396E+01  9.491159E+00 -1.683812E+00
  1.364217E+01  9.476287E+00 -1.686281E+00
  1.367039E+01  9.479213E+00 -1.688749E+00
  1.369860E+01  9.488569E+00 -1.691218E+00
  1.371909E+01  9.464796E+00 -1.693010E+00
  1.372682E+01  9.460151E+00 -1.693686E+00
  1.373591E+01  9.464796E+00 -1.694482E+00
  1.372682E+01  9.486380E+00 -1.693686E+00
Slice   =      6 , Freq(kT, average of all copies)              =   0.6940
Orbit # =      0 , Freq(kT, this largest copy used for outline) =   0.6940
Points  =     71
  kx            ky            kz
 -2.205749E+00 -2.938641E-01 -5.391693E-01
 -2.213484E+00 -2.846228E-01 -5.384926E-01
 -2.233965E+00 -2.742693E-01 -5.367008E-01
 -2.248439E+00 -2.562997E-01 -5.354344E-01
 -2.262180E+00 -2.479605E-01 -5.342323E-01
 -2.290395E+00 -2.365236E-01 -5.317637E-01
 -2.318611E+00 -2.289932E-01 -5.292952E-01
 -2.319704E+00 -2.279766E-01 -5.291996E-01
 -2.346826E+00 -2.114686E-01 -5.268267E-01
 -2.371064E+00 -1.996534E-01 -5.247061E-01
 -2.375041E+00 -1.976457E-01 -5.243582E-01
 -2.403257E+00 -1.910782E-01 -5.218896E-01
 -2.431472E+00 -1.782444E-01 -5.194211E-01
 -2.449226E+00 -1.713303E-01 -5.178678E-01
 -2.459687E+00 -1.671692E-01 -5.169526E-01
 -2.487903E+00 -1.637548E-01 -5.144841E-01
 -2.516118E+00 -1.506626E-01 -5.120155E-01
 -2.537033E+00 -1.430072E-01 -5.101858E-01
 -2.544334E+00 -1.402125E-01 -5.095470E-01
 -2.572549E+00 -1.379917E-01 -5.070785E-01
 -2.600764E+00 -1.208260E-01 -5.046100E-01
 -2.615285E+00 -1.146840E-01 -5.033396E-01
 -2.628980E+00 -1.092751E-01 -5.021415E-01
 -2.657195E+00 -1.099510E-01 -4.996729E-01
 -2.685410E+00 -9.487861E-02 -4.972044E-01
 -2.713626E+00 -8.975951E-02 -4.947359E-01
 -2.741841E+00 -9.318567E-02 -4.922674E-01
 -2.755276E+00 -8.636090E-02 -4.910919E-01
 -2.770056E+00 -8.123125E-02 -4.897988E-01
 -2.795006E+00 -8.636090E-02 -4.876160E-01
 -2.798272E+00 -9.010065E-02 -4.873303E-01
 -2.804324E+00 -8.636090E-02 -4.868008E-01
 -2.826487E+00 -8.313268E-02 -4.848618E-01
 -2.839126E+00 -8.636090E-02 -4.837560E-01
 -2.826487E+00 -9.917167E-02 -4.848618E-01
 -2.815121E+00 -1.146840E-01 -4.858562E-01
 -2.798272E+00 -1.242444E-01 -4.873303E-01
 -2.780598E+00 -1.430072E-01 -4.888766E-01
 -2.770056E+00 -1.519601E-01 -4.897988E-01
 -2.741841E+00 -1.657044E-01 -4.922674E-01
 -2.724429E+00 -1.713303E-01 -4.937907E-01
 -2.713626E+00 -1.749185E-01 -4.947359E-01
 -2.685410E+00 -1.984641E-01 -4.972044E-01
 -2.683451E+00 -1.996534E-01 -4.973758E-01
 -2.657195E+00 -2.181676E-01 -4.996729E-01
 -2.628980E+00 -2.225198E-01 -5.021415E-01
 -2.622034E+00 -2.279766E-01 -5.027491E-01
 -2.600764E+00 -2.389981E-01 -5.046100E-01
 -2.572549E+00 -2.537981E-01 -5.070785E-01
 -2.565467E+00 -2.562997E-01 -5.076981E-01
 -2.544334E+00 -2.622759E-01 -5.095470E-01
 -2.517222E+00 -2.846228E-01 -5.119189E-01
 -2.516118E+00 -2.854504E-01 -5.120155E-01
 -2.487903E+00 -2.987409E-01 -5.144841E-01
 -2.459687E+00 -3.029183E-01 -5.169526E-01
 -2.446785E+00 -3.129460E-01 -5.180814E-01
 -2.431472E+00 -3.254603E-01 -5.194211E-01
 -2.403257E+00 -3.300067E-01 -5.218896E-01
 -2.375041E+00 -3.294218E-01 -5.243582E-01
 -2.356374E+00 -3.412691E-01 -5.259913E-01
 -2.346826E+00 -3.476290E-01 -5.268267E-01
 -2.330351E+00 -3.412691E-01 -5.282681E-01
 -2.318611E+00 -3.355314E-01 -5.292952E-01
 -2.290395E+00 -3.394985E-01 -5.317637E-01
 -2.287791E+00 -3.412691E-01 -5.319916E-01
 -2.262180E+00 -3.561310E-01 -5.342323E-01
 -2.240898E+00 -3.412691E-01 -5.360942E-01
 -2.233965E+00 -3.315792E-01 -5.367008E-01
 -2.205749E+00 -3.358141E-01 -5.391693E-01
 -2.186032E+00 -3.129460E-01 -5.408943E-01
 -2.205749E+00 -2.938641E-01 -5.391693E-01
Slice   =      5 , Freq(kT, average of all copies)              =   0.7197
Orbit # =      0 , Freq(kT, this largest copy used for outline) =   0.7197
Points  =     77
  kx            ky            kz
  1.916208E+00  3.655969E+00 -3.176646E+00
  1.887993E+00  3.663981E+00 -3.174177E+00
  1.873710E+00  3.679920E+00 -3.172927E+00
  1.859778E+00  3.687578E+00 -3.171708E+00
  1.837004E+00  3.708243E+00 -3.169716E+00
  1.831562E+00  3.711772E+00 -3.169240E+00
  1.803347E+00  3.715897E+00 -3.166771E+00
  1.775132E+00  3.727447E+00 -3.164303E+00
  1.763937E+00  3.736566E+00 -3.163324E+00
  1.746916E+00  3.747435E+00 -3.161834E+00
  1.718701E+00  3.760583E+00 -3.159366E+00
  1.690486E+00  3.762749E+00 -3.156897E+00
  1.687452E+00  3.764889E+00 -3.156632E+00
  1.662270E+00  3.779730E+00 -3.154429E+00
  1.634055E+00  3.790413E+00 -3.151960E+00
  1.605840E+00  3.789700E+00 -3.149492E+00
  1.600451E+00  3.793212E+00 -3.149020E+00
  1.577624E+00  3.807523E+00 -3.147023E+00
  1.549409E+00  3.817674E+00 -3.144555E+00
  1.521193E+00  3.817213E+00 -3.142086E+00
  1.515729E+00  3.821536E+00 -3.141608E+00
  1.492978E+00  3.838551E+00 -3.139618E+00
  1.468251E+00  3.849859E+00 -3.137454E+00
  1.464763E+00  3.851326E+00 -3.137149E+00
  1.453476E+00  3.849859E+00 -3.136162E+00
  1.436547E+00  3.846986E+00 -3.134681E+00
  1.432606E+00  3.849859E+00 -3.134336E+00
  1.408332E+00  3.863667E+00 -3.132212E+00
  1.380117E+00  3.861917E+00 -3.129744E+00
  1.351901E+00  3.864885E+00 -3.127275E+00
  1.328157E+00  3.878182E+00 -3.125198E+00
  1.323686E+00  3.880139E+00 -3.124807E+00
  1.317556E+00  3.878182E+00 -3.124270E+00
  1.295471E+00  3.862942E+00 -3.122338E+00
  1.272948E+00  3.878182E+00 -3.120368E+00
  1.267255E+00  3.880205E+00 -3.119869E+00
  1.261024E+00  3.878182E+00 -3.119324E+00
  1.267255E+00  3.851337E+00 -3.119869E+00
  1.267705E+00  3.849859E+00 -3.119909E+00
  1.295471E+00  3.831666E+00 -3.122338E+00
  1.305671E+00  3.821536E+00 -3.123230E+00
  1.323686E+00  3.804112E+00 -3.124807E+00
  1.336881E+00  3.793212E+00 -3.125961E+00
  1.351901E+00  3.783405E+00 -3.127275E+00
  1.380117E+00  3.775392E+00 -3.129744E+00
  1.393266E+00  3.764889E+00 -3.130894E+00
  1.408332E+00  3.755134E+00 -3.132212E+00
  1.436547E+00  3.737752E+00 -3.134681E+00
  1.442910E+00  3.736566E+00 -3.135237E+00
  1.464763E+00  3.733014E+00 -3.137149E+00
  1.492978E+00  3.713583E+00 -3.139618E+00
  1.501017E+00  3.708243E+00 -3.140321E+00
  1.521193E+00  3.694489E+00 -3.142086E+00
  1.549409E+00  3.697584E+00 -3.144555E+00
  1.570275E+00  3.679920E+00 -3.146380E+00
  1.577624E+00  3.674816E+00 -3.147023E+00
  1.605629E+00  3.651597E+00 -3.149473E+00
  1.605840E+00  3.651414E+00 -3.149492E+00
  1.606483E+00  3.651597E+00 -3.149548E+00
  1.634055E+00  3.658743E+00 -3.151960E+00
  1.643068E+00  3.651597E+00 -3.152749E+00
  1.662270E+00  3.636648E+00 -3.154429E+00
  1.685761E+00  3.623274E+00 -3.156484E+00
  1.690486E+00  3.620450E+00 -3.156897E+00
  1.698907E+00  3.623274E+00 -3.157634E+00
  1.718701E+00  3.630253E+00 -3.159366E+00
  1.728530E+00  3.623274E+00 -3.160226E+00
  1.746916E+00  3.611351E+00 -3.161834E+00
  1.775132E+00  3.614658E+00 -3.164303E+00
  1.803347E+00  3.616219E+00 -3.166771E+00
  1.831562E+00  3.598361E+00 -3.169240E+00
  1.859778E+00  3.617919E+00 -3.171708E+00
  1.887993E+00  3.616193E+00 -3.174177E+00
  1.916208E+00  3.618109E+00 -3.176646E+00
  1.919484E+00  3.623274E+00 -3.176932E+00
  1.919545E+00  3.651597E+00 -3.176937E+00
  1.916208E+00  3.655969E+00 -3.176646E+00
Slice   =    119 , Freq(kT, average of all copies)              =   0.7661
Orbit # =      0 , Freq(kT, this largest copy used for outline) =   0.7885
Points  =     85
  kx            ky            kz
  6.491339E+00  5.509753E+00  2.509363E-02
  6.478133E+00  5.523011E+00  2.624892E-02
  6.463123E+00  5.530385E+00  2.756215E-02
  6.437461E+00  5.551334E+00  2.980733E-02
  6.434908E+00  5.552742E+00  3.003068E-02
  6.406692E+00  5.564513E+00  3.249920E-02
  6.378477E+00  5.571483E+00  3.496772E-02
  6.368729E+00  5.579657E+00  3.582060E-02
  6.350262E+00  5.590341E+00  3.743625E-02
  6.324750E+00  5.607980E+00  3.966822E-02
  6.322046E+00  5.609925E+00  3.990477E-02
  6.293831E+00  5.610223E+00  4.237329E-02
  6.265616E+00  5.624163E+00  4.484182E-02
  6.244041E+00  5.636303E+00  4.672938E-02
  6.237400E+00  5.640727E+00  4.731034E-02
  6.209185E+00  5.640540E+00  4.977886E-02
  6.180970E+00  5.652336E+00  5.224739E-02
  6.160966E+00  5.664626E+00  5.399749E-02
  6.152754E+00  5.670680E+00  5.471591E-02
  6.124539E+00  5.672834E+00  5.718444E-02
  6.096324E+00  5.683059E+00  5.965296E-02
  6.082526E+00  5.692949E+00  6.086011E-02
  6.068108E+00  5.704356E+00  6.212148E-02
  6.039893E+00  5.706423E+00  6.459001E-02
  6.011678E+00  5.711728E+00  6.705853E-02
  5.994513E+00  5.721273E+00  6.856020E-02
  5.983462E+00  5.728181E+00  6.952705E-02
  5.963407E+00  5.721273E+00  7.128168E-02
  5.955247E+00  5.717487E+00  7.199558E-02
  5.950306E+00  5.721273E+00  7.242780E-02
  5.927031E+00  5.732769E+00  7.446410E-02
  5.898816E+00  5.731141E+00  7.693262E-02
  5.870601E+00  5.730437E+00  7.940115E-02
  5.842856E+00  5.749596E+00  8.182849E-02
  5.842385E+00  5.749867E+00  8.186967E-02
  5.841607E+00  5.749596E+00  8.193781E-02
  5.814170E+00  5.723196E+00  8.433819E-02
  5.787429E+00  5.749596E+00  8.667773E-02
  5.785955E+00  5.750085E+00  8.680672E-02
  5.784721E+00  5.749596E+00  8.691465E-02
  5.785955E+00  5.746863E+00  8.680672E-02
  5.810681E+00  5.721273E+00  8.464348E-02
  5.814170E+00  5.716794E+00  8.433819E-02
  5.833150E+00  5.692949E+00  8.267762E-02
  5.842385E+00  5.683515E+00  8.186967E-02
  5.870601E+00  5.675421E+00  7.940115E-02
  5.881955E+00  5.664626E+00  7.840781E-02
  5.898816E+00  5.654453E+00  7.693262E-02
  5.918177E+00  5.636303E+00  7.523878E-02
  5.927031E+00  5.628966E+00  7.446410E-02
  5.955247E+00  5.624387E+00  7.199558E-02
  5.981415E+00  5.607980E+00  6.970620E-02
  5.983462E+00  5.606883E+00  6.952705E-02
  6.011678E+00  5.582443E+00  6.705853E-02
  6.039893E+00  5.584753E+00  6.459001E-02
  6.049758E+00  5.579657E+00  6.372691E-02
  6.068108E+00  5.570637E+00  6.212148E-02
  6.089221E+00  5.551334E+00  6.027432E-02
  6.096324E+00  5.545690E+00  5.965296E-02
  6.123441E+00  5.551334E+00  5.728049E-02
  6.124539E+00  5.551580E+00  5.718444E-02
  6.124912E+00  5.551334E+00  5.715177E-02
  6.152754E+00  5.536482E+00  5.471591E-02
  6.168431E+00  5.523011E+00  5.334436E-02
  6.180970E+00  5.513776E+00  5.224739E-02
  6.209185E+00  5.513801E+00  4.977886E-02
  6.237400E+00  5.498490E+00  4.731034E-02
  6.243846E+00  5.494688E+00  4.674643E-02
  6.265616E+00  5.483089E+00  4.484182E-02
  6.293831E+00  5.484758E+00  4.237329E-02
  6.322046E+00  5.471230E+00  3.990477E-02
  6.344263E+00  5.466364E+00  3.796104E-02
  6.350262E+00  5.465225E+00  3.743625E-02
  6.356297E+00  5.466364E+00  3.690822E-02
  6.378477E+00  5.472107E+00  3.496772E-02
  6.386804E+00  5.466364E+00  3.423923E-02
  6.406692E+00  5.455476E+00  3.249920E-02
  6.431189E+00  5.466364E+00  3.035602E-02
  6.434908E+00  5.470206E+00  3.003068E-02
  6.446373E+00  5.466364E+00  2.902764E-02
  6.463123E+00  5.463368E+00  2.756215E-02
  6.491339E+00  5.451802E+00  2.509363E-02
  6.505453E+00  5.466364E+00  2.385878E-02
  6.506527E+00  5.494688E+00  2.376480E-02
  6.491339E+00  5.509753E+00  2.509363E-02
Slice   =    189 , Freq(kT, average of all copies)              =   0.7974
Orbit # =      0 , Freq(kT, this largest copy used for outline) =   0.7974
Points  =     85
  kx            ky            kz
  1.107846E+01  8.141540E+00  1.332673E+00
  1.106454E+01  8.159845E+00  1.333891E+00
  1.105024E+01  8.167386E+00  1.335142E+00
  1.102203E+01  8.183447E+00  1.337610E+00
  1.101652E+01  8.188168E+00  1.338092E+00
  1.099495E+01  8.216491E+00  1.339979E+00
  1.099381E+01  8.217350E+00  1.340079E+00
  1.098940E+01  8.216491E+00  1.340465E+00
  1.096560E+01  8.208708E+00  1.342547E+00
  1.095470E+01  8.216491E+00  1.343500E+00
  1.093738E+01  8.226280E+00  1.345016E+00
  1.091817E+01  8.244814E+00  1.346696E+00
  1.090917E+01  8.251595E+00  1.347484E+00
  1.088095E+01  8.250325E+00  1.349953E+00
  1.085274E+01  8.261651E+00  1.352422E+00
  1.083770E+01  8.273137E+00  1.353737E+00
  1.082452E+01  8.282163E+00  1.354890E+00
  1.079631E+01  8.284837E+00  1.357359E+00
  1.076809E+01  8.291707E+00  1.359827E+00
  1.075506E+01  8.301461E+00  1.360967E+00
  1.073987E+01  8.312344E+00  1.362296E+00
  1.071166E+01  8.322825E+00  1.364764E+00
  1.068344E+01  8.324288E+00  1.367233E+00
  1.067686E+01  8.329784E+00  1.367808E+00
  1.065523E+01  8.346269E+00  1.369701E+00
  1.062936E+01  8.358107E+00  1.371964E+00
  1.062701E+01  8.359386E+00  1.372170E+00
  1.062334E+01  8.358107E+00  1.372491E+00
  1.059880E+01  8.350803E+00  1.374638E+00
  1.058866E+01  8.358107E+00  1.375525E+00
  1.057058E+01  8.371120E+00  1.377107E+00
  1.054237E+01  8.366443E+00  1.379575E+00
  1.051415E+01  8.371622E+00  1.382044E+00
  1.048664E+01  8.386430E+00  1.384451E+00
  1.048594E+01  8.386846E+00  1.384512E+00
  1.048494E+01  8.386430E+00  1.384599E+00
  1.045772E+01  8.369877E+00  1.386981E+00
  1.043472E+01  8.386430E+00  1.388993E+00
  1.042951E+01  8.388850E+00  1.389449E+00
  1.042129E+01  8.386430E+00  1.390168E+00
  1.040129E+01  8.362913E+00  1.391918E+00
  1.039476E+01  8.358107E+00  1.392489E+00
  1.040129E+01  8.350457E+00  1.391918E+00
  1.041783E+01  8.329784E+00  1.390471E+00
  1.042951E+01  8.316269E+00  1.389449E+00
  1.045772E+01  8.308652E+00  1.386981E+00
  1.046503E+01  8.301461E+00  1.386341E+00
  1.048594E+01  8.288536E+00  1.384512E+00
  1.050330E+01  8.273137E+00  1.382993E+00
  1.051415E+01  8.263480E+00  1.382044E+00
  1.054237E+01  8.262186E+00  1.379575E+00
  1.056829E+01  8.244814E+00  1.377307E+00
  1.057058E+01  8.243458E+00  1.377107E+00
  1.059880E+01  8.216939E+00  1.374638E+00
  1.062701E+01  8.224520E+00  1.372170E+00
  1.063927E+01  8.216491E+00  1.371097E+00
  1.065523E+01  8.207129E+00  1.369701E+00
  1.068291E+01  8.188168E+00  1.367279E+00
  1.068344E+01  8.187825E+00  1.367233E+00
  1.068523E+01  8.188168E+00  1.367076E+00
  1.071166E+01  8.193594E+00  1.364764E+00
  1.071871E+01  8.188168E+00  1.364147E+00
  1.073987E+01  8.175496E+00  1.362296E+00
  1.076669E+01  8.159845E+00  1.359950E+00
  1.076809E+01  8.159053E+00  1.359827E+00
  1.078195E+01  8.159845E+00  1.358614E+00
  1.079631E+01  8.160749E+00  1.357359E+00
  1.079737E+01  8.159845E+00  1.357265E+00
  1.082452E+01  8.139773E+00  1.354890E+00
  1.084548E+01  8.131522E+00  1.353056E+00
  1.085274E+01  8.128987E+00  1.352422E+00
  1.088095E+01  8.130391E+00  1.349953E+00
  1.090917E+01  8.111833E+00  1.347484E+00
  1.093738E+01  8.116069E+00  1.345016E+00
  1.096560E+01  8.113846E+00  1.342547E+00
  1.097877E+01  8.103199E+00  1.341395E+00
  1.099381E+01  8.093461E+00  1.340079E+00
  1.101089E+01  8.103199E+00  1.338585E+00
  1.102203E+01  8.116037E+00  1.337610E+00
  1.104539E+01  8.103199E+00  1.335566E+00
  1.105024E+01  8.101597E+00  1.335142E+00
  1.107846E+01  8.099150E+00  1.332673E+00
  1.108551E+01  8.103199E+00  1.332056E+00
  1.108725E+01  8.131522E+00  1.331904E+00
  1.107846E+01  8.141540E+00  1.332673E+00
Theta(deg) =   0.000000 , Phi(deg) =   7.500000 , Number of orbits =     5 , (Angstrom^-1) units
Slice   =     29 , Freq(kT, average of all copies)              =   0.3296
Orbit # =      0 , Freq(kT, this largest copy used for outline) =   0.3328
Points  =     35
  kx            ky            kz
  7.185258E+00  7.053427E+00 -4.259815E+00
  7.181586E+00  7.055939E+00 -4.259331E+00
  7.157177E+00  7.065959E+00 -4.256118E+00
  7.129097E+00  7.066292E+00 -4.252421E+00
  7.101016E+00  7.055987E+00 -4.248724E+00
  7.100979E+00  7.055939E+00 -4.248719E+00
  7.072935E+00  7.033996E+00 -4.245027E+00
  7.068101E+00  7.027615E+00 -4.244390E+00
  7.059494E+00  6.999292E+00 -4.243257E+00
  7.044854E+00  6.971413E+00 -4.241330E+00
  7.044605E+00  6.970969E+00 -4.241297E+00
  7.017721E+00  6.942646E+00 -4.237758E+00
  7.016773E+00  6.941059E+00 -4.237633E+00
  6.988692E+00  6.917754E+00 -4.233936E+00
  6.986344E+00  6.914323E+00 -4.233627E+00
  6.986690E+00  6.886000E+00 -4.233673E+00
  6.988209E+00  6.857677E+00 -4.233872E+00
  6.988692E+00  6.853374E+00 -4.233936E+00
  6.997257E+00  6.829353E+00 -4.235064E+00
  7.016773E+00  6.818403E+00 -4.237633E+00
  7.044854E+00  6.820627E+00 -4.241330E+00
  7.065984E+00  6.829353E+00 -4.244112E+00
  7.072935E+00  6.832672E+00 -4.245027E+00
  7.101016E+00  6.845067E+00 -4.248724E+00
  7.111060E+00  6.857677E+00 -4.250046E+00
  7.124087E+00  6.886000E+00 -4.251761E+00
  7.129097E+00  6.894441E+00 -4.252421E+00
  7.139757E+00  6.914323E+00 -4.253824E+00
  7.157177E+00  6.934879E+00 -4.256118E+00
  7.171147E+00  6.942646E+00 -4.257957E+00
  7.185258E+00  6.953668E+00 -4.259815E+00
  7.195460E+00  6.970969E+00 -4.261158E+00
  7.204466E+00  6.999292E+00 -4.262343E+00
  7.198399E+00  7.027615E+00 -4.261544E+00
  7.185258E+00  7.053427E+00 -4.259815E+00
Slice   =     99 , Freq(kT, average of all copies)              =   0.3948
Orbit # =      0 , Freq(kT, this largest copy used for outline) =   0.4039
Points  =     51
  kx            ky            kz
  6.853193E+00  6.205966E+00 -1.513521E+00
  6.836637E+00  6.233872E+00 -1.511341E+00
  6.834744E+00  6.262195E+00 -1.511092E+00
  6.829805E+00  6.290518E+00 -1.510442E+00
  6.825112E+00  6.312437E+00 -1.509824E+00
  6.823315E+00  6.318841E+00 -1.509587E+00
  6.817816E+00  6.347165E+00 -1.508864E+00
  6.800816E+00  6.375488E+00 -1.506625E+00
  6.799929E+00  6.403811E+00 -1.506509E+00
  6.797031E+00  6.408377E+00 -1.506127E+00
  6.777174E+00  6.432134E+00 -1.503513E+00
  6.768951E+00  6.441928E+00 -1.502430E+00
  6.746557E+00  6.460457E+00 -1.499482E+00
  6.740870E+00  6.470099E+00 -1.498733E+00
  6.716163E+00  6.488780E+00 -1.495481E+00
  6.712789E+00  6.490433E+00 -1.495036E+00
  6.684708E+00  6.506856E+00 -1.491340E+00
  6.664060E+00  6.517103E+00 -1.488621E+00
  6.656627E+00  6.520893E+00 -1.487643E+00
  6.652344E+00  6.517103E+00 -1.487079E+00
  6.656627E+00  6.509396E+00 -1.487643E+00
  6.666543E+00  6.488780E+00 -1.488948E+00
  6.656627E+00  6.476219E+00 -1.487643E+00
  6.651875E+00  6.460457E+00 -1.487017E+00
  6.656627E+00  6.451461E+00 -1.487643E+00
  6.668188E+00  6.432134E+00 -1.489165E+00
  6.669138E+00  6.403811E+00 -1.489290E+00
  6.675086E+00  6.375488E+00 -1.490073E+00
  6.684708E+00  6.358447E+00 -1.491340E+00
  6.691372E+00  6.347165E+00 -1.492217E+00
  6.686556E+00  6.318841E+00 -1.491583E+00
  6.712241E+00  6.290518E+00 -1.494964E+00
  6.712789E+00  6.278999E+00 -1.495036E+00
  6.713764E+00  6.262195E+00 -1.495165E+00
  6.736643E+00  6.233872E+00 -1.498177E+00
  6.740870E+00  6.225673E+00 -1.498733E+00
  6.753820E+00  6.205549E+00 -1.500438E+00
  6.768951E+00  6.179370E+00 -1.502430E+00
  6.771678E+00  6.177226E+00 -1.502789E+00
  6.797031E+00  6.149480E+00 -1.506127E+00
  6.798892E+00  6.148903E+00 -1.506372E+00
  6.823068E+00  6.120579E+00 -1.509555E+00
  6.825112E+00  6.119439E+00 -1.509824E+00
  6.826409E+00  6.120579E+00 -1.509995E+00
  6.853193E+00  6.148253E+00 -1.513521E+00
  6.853371E+00  6.148903E+00 -1.513544E+00
  6.853193E+00  6.149283E+00 -1.513521E+00
  6.838615E+00  6.177226E+00 -1.511602E+00
  6.853193E+00  6.204929E+00 -1.513521E+00
  6.853403E+00  6.205549E+00 -1.513549E+00
  6.853193E+00  6.205966E+00 -1.513521E+00
Slice   =     28 , Freq(kT, average of all copies)              =   0.3954
Orbit # =      0 , Freq(kT, this largest copy used for outline) =   0.4076
Points  =     51
  kx            ky            kz
  2.184326E+00  3.659041E+00 -2.767290E+00
  2.172811E+00  3.682007E+00 -2.765774E+00
  2.172397E+00  3.710330E+00 -2.765719E+00
  2.156246E+00  3.731515E+00 -2.763593E+00
  2.151440E+00  3.738653E+00 -2.762960E+00
  2.153329E+00  3.766977E+00 -2.763209E+00
  2.136090E+00  3.795300E+00 -2.760939E+00
  2.128165E+00  3.808405E+00 -2.759896E+00
  2.115371E+00  3.823623E+00 -2.758211E+00
  2.105472E+00  3.851946E+00 -2.756908E+00
  2.100084E+00  3.858702E+00 -2.756199E+00
  2.081156E+00  3.880269E+00 -2.753707E+00
  2.072003E+00  3.896095E+00 -2.752502E+00
  2.062109E+00  3.908592E+00 -2.751199E+00
  2.043922E+00  3.924327E+00 -2.748805E+00
  2.025758E+00  3.936915E+00 -2.746414E+00
  2.015841E+00  3.945747E+00 -2.745108E+00
  1.997770E+00  3.965238E+00 -2.742729E+00
  1.987761E+00  3.974509E+00 -2.741411E+00
  1.981384E+00  3.965238E+00 -2.740572E+00
  1.987449E+00  3.936915E+00 -2.741370E+00
  1.987761E+00  3.934470E+00 -2.741411E+00
  1.994870E+00  3.908592E+00 -2.742347E+00
  1.987761E+00  3.886369E+00 -2.741411E+00
  1.987130E+00  3.880269E+00 -2.741328E+00
  1.987761E+00  3.878991E+00 -2.741411E+00
  2.007716E+00  3.851946E+00 -2.744038E+00
  2.003766E+00  3.823623E+00 -2.743518E+00
  2.015841E+00  3.806925E+00 -2.745108E+00
  2.025634E+00  3.795300E+00 -2.746397E+00
  2.024453E+00  3.766977E+00 -2.746242E+00
  2.037950E+00  3.738653E+00 -2.748019E+00
  2.043922E+00  3.726238E+00 -2.748805E+00
  2.052778E+00  3.710330E+00 -2.749971E+00
  2.055101E+00  3.682007E+00 -2.750277E+00
  2.072003E+00  3.664593E+00 -2.752502E+00
  2.080665E+00  3.653684E+00 -2.753642E+00
  2.083331E+00  3.625361E+00 -2.753993E+00
  2.100084E+00  3.610291E+00 -2.756199E+00
  2.122175E+00  3.597038E+00 -2.759107E+00
  2.128165E+00  3.588902E+00 -2.759896E+00
  2.143210E+00  3.568715E+00 -2.761876E+00
  2.156246E+00  3.557445E+00 -2.763593E+00
  2.174949E+00  3.540391E+00 -2.766055E+00
  2.184326E+00  3.534114E+00 -2.767290E+00
  2.187594E+00  3.540391E+00 -2.767720E+00
  2.200232E+00  3.568715E+00 -2.769384E+00
  2.193574E+00  3.597038E+00 -2.768507E+00
  2.188517E+00  3.625361E+00 -2.767841E+00
  2.186553E+00  3.653684E+00 -2.767583E+00
  2.184326E+00  3.659041E+00 -2.767290E+00
Slice   =    198 , Freq(kT, average of all copies)              =   0.3973
Orbit # =      0 , Freq(kT, this largest copy used for outline) =   0.4069
Points  =     51
  kx            ky            kz
  6.936076E+00  2.639892E+00  4.275008E+00
  6.921005E+00  2.663766E+00  4.276992E+00
  6.915233E+00  2.692089E+00  4.277752E+00
  6.911572E+00  2.720412E+00  4.278234E+00
  6.907995E+00  2.727370E+00  4.278705E+00
  6.896290E+00  2.748735E+00  4.280246E+00
  6.892396E+00  2.777058E+00  4.280758E+00
  6.879914E+00  2.795760E+00  4.282402E+00
  6.873616E+00  2.805382E+00  4.283231E+00
  6.871729E+00  2.833705E+00  4.283479E+00
  6.857748E+00  2.862028E+00  4.285320E+00
  6.851833E+00  2.871692E+00  4.286098E+00
  6.832513E+00  2.890351E+00  4.288642E+00
  6.824701E+00  2.918674E+00  4.289671E+00
  6.823753E+00  2.919880E+00  4.289795E+00
  6.795672E+00  2.944275E+00  4.293492E+00
  6.792066E+00  2.946997E+00  4.293967E+00
  6.775266E+00  2.975320E+00  4.296179E+00
  6.767591E+00  2.985106E+00  4.297189E+00
  6.750395E+00  2.975320E+00  4.299453E+00
  6.739510E+00  2.965108E+00  4.300886E+00
  6.733284E+00  2.946997E+00  4.301706E+00
  6.739510E+00  2.935033E+00  4.300886E+00
  6.748776E+00  2.918674E+00  4.299666E+00
  6.739510E+00  2.908400E+00  4.300886E+00
  6.732747E+00  2.890351E+00  4.301776E+00
  6.739510E+00  2.878151E+00  4.300886E+00
  6.753166E+00  2.862028E+00  4.299088E+00
  6.748816E+00  2.833705E+00  4.299661E+00
  6.756168E+00  2.805382E+00  4.298693E+00
  6.766341E+00  2.777058E+00  4.297354E+00
  6.762638E+00  2.748735E+00  4.297841E+00
  6.767591E+00  2.740384E+00  4.297189E+00
  6.785997E+00  2.720412E+00  4.294766E+00
  6.787172E+00  2.692089E+00  4.294611E+00
  6.795672E+00  2.682653E+00  4.293492E+00
  6.818423E+00  2.663766E+00  4.290497E+00
  6.823753E+00  2.655605E+00  4.289795E+00
  6.842015E+00  2.635443E+00  4.287391E+00
  6.851833E+00  2.625579E+00  4.286098E+00
  6.878136E+00  2.607120E+00  4.282636E+00
  6.879914E+00  2.605497E+00  4.282402E+00
  6.907995E+00  2.594283E+00  4.278705E+00
  6.935929E+00  2.578796E+00  4.275027E+00
  6.936076E+00  2.578679E+00  4.275008E+00
  6.936140E+00  2.578796E+00  4.274999E+00
  6.936076E+00  2.578895E+00  4.275008E+00
  6.917984E+00  2.607120E+00  4.277390E+00
  6.936076E+00  2.628848E+00  4.275008E+00
  6.938836E+00  2.635443E+00  4.274644E+00
  6.936076E+00  2.639892E+00  4.275008E+00
Slice   =     76 , Freq(kT, average of all copies)              =   0.7059
Orbit # =      0 , Freq(kT, this largest copy used for outline) =   0.7263
Points  =     79
  kx            ky            kz
  2.361778E+00  2.388215E+00  6.679987E-01
  2.333697E+00  2.390616E+00  6.716956E-01
  2.305616E+00  2.408301E+00  6.753925E-01
  2.305210E+00  2.408858E+00  6.754460E-01
  2.277536E+00  2.430607E+00  6.790894E-01
  2.259136E+00  2.437181E+00  6.815118E-01
  2.249455E+00  2.440940E+00  6.827863E-01
  2.221374E+00  2.458392E+00  6.864832E-01
  2.206831E+00  2.465504E+00  6.883979E-01
  2.193293E+00  2.469901E+00  6.901801E-01
  2.165212E+00  2.476664E+00  6.938771E-01
  2.137131E+00  2.489193E+00  6.975740E-01
  2.127209E+00  2.493827E+00  6.988803E-01
  2.109051E+00  2.500900E+00  7.012709E-01
  2.080970E+00  2.504251E+00  7.049678E-01
  2.052889E+00  2.514530E+00  7.086647E-01
  2.038442E+00  2.522150E+00  7.105667E-01
  2.024808E+00  2.529520E+00  7.123616E-01
  1.996727E+00  2.532649E+00  7.160585E-01
  1.968647E+00  2.544571E+00  7.197554E-01
  1.958714E+00  2.550473E+00  7.210631E-01
  1.940566E+00  2.560138E+00  7.234523E-01
  1.913567E+00  2.550473E+00  7.270068E-01
  1.912485E+00  2.550008E+00  7.271493E-01
  1.911862E+00  2.550473E+00  7.272312E-01
  1.884404E+00  2.566752E+00  7.308462E-01
  1.856323E+00  2.578184E+00  7.345431E-01
  1.828242E+00  2.564790E+00  7.382400E-01
  1.808764E+00  2.578796E+00  7.408044E-01
  1.800162E+00  2.583933E+00  7.419369E-01
  1.789512E+00  2.578796E+00  7.433390E-01
  1.772081E+00  2.564323E+00  7.456338E-01
  1.750462E+00  2.578796E+00  7.484799E-01
  1.744000E+00  2.581473E+00  7.493307E-01
  1.736768E+00  2.578796E+00  7.502828E-01
  1.715919E+00  2.553645E+00  7.530276E-01
  1.711592E+00  2.550473E+00  7.535973E-01
  1.715919E+00  2.544925E+00  7.530276E-01
  1.744000E+00  2.522937E+00  7.493307E-01
  1.744476E+00  2.522150E+00  7.492680E-01
  1.772081E+00  2.514708E+00  7.456338E-01
  1.794784E+00  2.493827E+00  7.426449E-01
  1.800162E+00  2.489267E+00  7.419369E-01
  1.828242E+00  2.467721E+00  7.382400E-01
  1.845307E+00  2.465504E+00  7.359934E-01
  1.856323E+00  2.464648E+00  7.345431E-01
  1.884404E+00  2.443559E+00  7.308462E-01
  1.895917E+00  2.437181E+00  7.293305E-01
  1.912485E+00  2.429629E+00  7.271493E-01
  1.940566E+00  2.429153E+00  7.234523E-01
  1.967251E+00  2.408858E+00  7.199392E-01
  1.968647E+00  2.407812E+00  7.197554E-01
  1.984574E+00  2.408858E+00  7.176586E-01
  1.996727E+00  2.409758E+00  7.160585E-01
  1.998700E+00  2.408858E+00  7.157988E-01
  2.024808E+00  2.400359E+00  7.123616E-01
  2.049786E+00  2.380535E+00  7.090732E-01
  2.052889E+00  2.378050E+00  7.086647E-01
  2.064895E+00  2.380535E+00  7.070841E-01
  2.080970E+00  2.384029E+00  7.049678E-01
  2.087563E+00  2.380535E+00  7.040997E-01
  2.109051E+00  2.369583E+00  7.012709E-01
  2.129195E+00  2.352211E+00  6.986188E-01
  2.137131E+00  2.345499E+00  6.975740E-01
  2.154922E+00  2.352211E+00  6.952317E-01
  2.165212E+00  2.357027E+00  6.938771E-01
  2.175505E+00  2.352211E+00  6.925220E-01
  2.193293E+00  2.344882E+00  6.901801E-01
  2.221374E+00  2.338194E+00  6.864832E-01
  2.249455E+00  2.346958E+00  6.827863E-01
  2.277536E+00  2.333048E+00  6.790894E-01
  2.305616E+00  2.342561E+00  6.753925E-01
  2.333697E+00  2.343990E+00  6.716956E-01
  2.358152E+00  2.323888E+00  6.684761E-01
  2.361778E+00  2.321803E+00  6.679987E-01
  2.365211E+00  2.323888E+00  6.675467E-01
  2.378295E+00  2.352211E+00  6.658242E-01
  2.371590E+00  2.380535E+00  6.667069E-01
  2.361778E+00  2.388215E+00  6.679987E-01
Theta(deg) =   0.000000 , Phi(deg) =  10.000000 , Number of orbits =     6 , (Angstrom^-1) units
Slice   =    161 , Freq(kT, average of all copies)              =   0.3211
Orbit # =      0 , Freq(kT, this largest copy used for outline) =   0.3220
Points  =     33
  kx            ky            kz
  1.477045E+01  1.150665E+01 -2.419985E+00
  1.474256E+01  1.152749E+01 -2.415067E+00
  1.473777E+01  1.153308E+01 -2.414223E+00
  1.471466E+01  1.154314E+01 -2.410148E+00
  1.468677E+01  1.153845E+01 -2.405230E+00
  1.468223E+01  1.153308E+01 -2.404430E+00
  1.465888E+01  1.151205E+01 -2.400312E+00
  1.465356E+01  1.150476E+01 -2.399374E+00
  1.464677E+01  1.147643E+01 -2.398176E+00
  1.463099E+01  1.145079E+01 -2.395393E+00
  1.462887E+01  1.144811E+01 -2.395021E+00
  1.460309E+01  1.142741E+01 -2.390475E+00
  1.459665E+01  1.141979E+01 -2.389339E+00
  1.458316E+01  1.139146E+01 -2.386960E+00
  1.458180E+01  1.136314E+01 -2.386720E+00
  1.457769E+01  1.133482E+01 -2.385996E+00
  1.458900E+01  1.130650E+01 -2.387991E+00
  1.460309E+01  1.129748E+01 -2.390475E+00
  1.463099E+01  1.129313E+01 -2.395393E+00
  1.465223E+01  1.130650E+01 -2.399140E+00
  1.465888E+01  1.131082E+01 -2.400312E+00
  1.468677E+01  1.132511E+01 -2.405230E+00
  1.469778E+01  1.133482E+01 -2.407172E+00
  1.471466E+01  1.135646E+01 -2.410148E+00
  1.471883E+01  1.136314E+01 -2.410883E+00
  1.473126E+01  1.139146E+01 -2.413075E+00
  1.474256E+01  1.140883E+01 -2.415067E+00
  1.475838E+01  1.141979E+01 -2.417857E+00
  1.477045E+01  1.143115E+01 -2.419985E+00
  1.478000E+01  1.144811E+01 -2.421669E+00
  1.478676E+01  1.147643E+01 -2.422861E+00
  1.477189E+01  1.150476E+01 -2.420239E+00
  1.477045E+01  1.150665E+01 -2.419985E+00
Slice   =    118 , Freq(kT, average of all copies)              =   0.3213
Orbit # =      0 , Freq(kT, this largest copy used for outline) =   0.3257
Points  =     33
  kx            ky            kz
  1.097256E+01  8.889564E+00 -2.428125E+00
  1.095405E+01  8.897638E+00 -2.424861E+00
  1.094467E+01  8.899588E+00 -2.423206E+00
  1.091678E+01  8.910850E+00 -2.418288E+00
  1.088888E+01  8.901432E+00 -2.413370E+00
  1.088598E+01  8.897638E+00 -2.412858E+00
  1.086099E+01  8.876806E+00 -2.408452E+00
  1.085557E+01  8.869315E+00 -2.407497E+00
  1.084834E+01  8.840992E+00 -2.406221E+00
  1.083310E+01  8.813374E+00 -2.403533E+00
  1.083260E+01  8.812668E+00 -2.403445E+00
  1.080521E+01  8.789499E+00 -2.398615E+00
  1.080060E+01  8.784345E+00 -2.397802E+00
  1.078278E+01  8.756022E+00 -2.394660E+00
  1.078277E+01  8.727699E+00 -2.394659E+00
  1.077925E+01  8.699376E+00 -2.394038E+00
  1.079278E+01  8.671053E+00 -2.396424E+00
  1.080521E+01  8.662230E+00 -2.398615E+00
  1.083310E+01  8.662641E+00 -2.403533E+00
  1.085098E+01  8.671053E+00 -2.406687E+00
  1.086099E+01  8.676177E+00 -2.408452E+00
  1.088888E+01  8.688912E+00 -2.413370E+00
  1.089915E+01  8.699376E+00 -2.415179E+00
  1.091678E+01  8.726950E+00 -2.418288E+00
  1.091723E+01  8.727699E+00 -2.418367E+00
  1.093005E+01  8.756022E+00 -2.420629E+00
  1.094467E+01  8.775335E+00 -2.423206E+00
  1.096012E+01  8.784345E+00 -2.425931E+00
  1.097256E+01  8.794183E+00 -2.428125E+00
  1.098272E+01  8.812668E+00 -2.429917E+00
  1.099065E+01  8.840992E+00 -2.431314E+00
  1.098008E+01  8.869315E+00 -2.429450E+00
  1.097256E+01  8.889564E+00 -2.428125E+00
Slice   =     96 , Freq(kT, average of all copies)              =   0.4227
Orbit # =      0 , Freq(kT, this largest copy used for outline) =   0.4230
Points  =     49
  kx            ky            kz
  9.107112E+00  6.870191E+00 -2.210065E+00
  9.100646E+00  6.883912E+00 -2.208925E+00
  9.105065E+00  6.912236E+00 -2.209704E+00
  9.096438E+00  6.940559E+00 -2.208183E+00
  9.079219E+00  6.968734E+00 -2.205146E+00
  9.079118E+00  6.968882E+00 -2.205129E+00
  9.077731E+00  6.997205E+00 -2.204884E+00
  9.057730E+00  7.025528E+00 -2.201357E+00
  9.053784E+00  7.053851E+00 -2.200661E+00
  9.051326E+00  7.057879E+00 -2.200228E+00
  9.036851E+00  7.082174E+00 -2.197676E+00
  9.023433E+00  7.102018E+00 -2.195310E+00
  9.013941E+00  7.110498E+00 -2.193636E+00
  9.004638E+00  7.138821E+00 -2.191996E+00
  8.995540E+00  7.147725E+00 -2.190392E+00
  8.976649E+00  7.167144E+00 -2.187060E+00
  8.967647E+00  7.183449E+00 -2.185473E+00
  8.953371E+00  7.195467E+00 -2.182956E+00
  8.939755E+00  7.204670E+00 -2.180555E+00
  8.927515E+00  7.195467E+00 -2.178397E+00
  8.911862E+00  7.178242E+00 -2.175637E+00
  8.908017E+00  7.167144E+00 -2.174959E+00
  8.911862E+00  7.161434E+00 -2.175637E+00
  8.927586E+00  7.138821E+00 -2.178409E+00
  8.911862E+00  7.116748E+00 -2.175637E+00
  8.909710E+00  7.110498E+00 -2.175257E+00
  8.911862E+00  7.106496E+00 -2.175637E+00
  8.930395E+00  7.082174E+00 -2.178905E+00
  8.928004E+00  7.053851E+00 -2.178483E+00
  8.931903E+00  7.025528E+00 -2.179171E+00
  8.939755E+00  7.006858E+00 -2.180555E+00
  8.943902E+00  6.997205E+00 -2.181286E+00
  8.939755E+00  6.977761E+00 -2.180555E+00
  8.938049E+00  6.968882E+00 -2.180254E+00
  8.939755E+00  6.965880E+00 -2.180555E+00
  8.964627E+00  6.940559E+00 -2.184941E+00
  8.963782E+00  6.912236E+00 -2.184792E+00
  8.967647E+00  6.907330E+00 -2.185473E+00
  8.993994E+00  6.883912E+00 -2.190119E+00
  8.995540E+00  6.881821E+00 -2.190392E+00
  9.021051E+00  6.855589E+00 -2.194890E+00
  9.023433E+00  6.852978E+00 -2.195310E+00
  9.051326E+00  6.839213E+00 -2.200228E+00
  9.069696E+00  6.827266E+00 -2.203467E+00
  9.079219E+00  6.820624E+00 -2.205146E+00
  9.102652E+00  6.827266E+00 -2.209278E+00
  9.107112E+00  6.830292E+00 -2.210065E+00
  9.116360E+00  6.855589E+00 -2.211695E+00
  9.107112E+00  6.870191E+00 -2.210065E+00
Slice   =    225 , Freq(kT, average of all copies)              =   0.4255
Orbit # =      0 , Freq(kT, this largest copy used for outline) =   0.4310
Points  =     51
  kx            ky            kz
  1.059447E+01  7.261275E+00  2.244406E+00
  1.057805E+01  7.281828E+00  2.247302E+00
  1.058262E+01  7.310151E+00  2.246495E+00
  1.057091E+01  7.338474E+00  2.248560E+00
  1.056913E+01  7.366797E+00  2.248874E+00
  1.056658E+01  7.373976E+00  2.249324E+00
  1.055906E+01  7.395120E+00  2.250649E+00
  1.053971E+01  7.423444E+00  2.254061E+00
  1.053869E+01  7.443016E+00  2.254242E+00
  1.053816E+01  7.451767E+00  2.254335E+00
  1.051319E+01  7.480090E+00  2.258737E+00
  1.051079E+01  7.485016E+00  2.259160E+00
  1.049410E+01  7.508413E+00  2.262105E+00
  1.048532E+01  7.536736E+00  2.263653E+00
  1.048290E+01  7.539494E+00  2.264079E+00
  1.045501E+01  7.556467E+00  2.268997E+00
  1.044654E+01  7.565059E+00  2.270490E+00
  1.042799E+01  7.593382E+00  2.273762E+00
  1.042711E+01  7.594155E+00  2.273915E+00
  1.039922E+01  7.600390E+00  2.278833E+00
  1.039238E+01  7.593382E+00  2.280040E+00
  1.037133E+01  7.579847E+00  2.283752E+00
  1.036664E+01  7.565059E+00  2.284579E+00
  1.037133E+01  7.557349E+00  2.283752E+00
  1.039031E+01  7.536736E+00  2.280405E+00
  1.038678E+01  7.508413E+00  2.281026E+00
  1.039883E+01  7.480090E+00  2.278903E+00
  1.039922E+01  7.478992E+00  2.278833E+00
  1.040969E+01  7.451767E+00  2.276988E+00
  1.041113E+01  7.423444E+00  2.276733E+00
  1.042711E+01  7.405286E+00  2.273915E+00
  1.043439E+01  7.395120E+00  2.272632E+00
  1.042763E+01  7.366797E+00  2.273825E+00
  1.045266E+01  7.338474E+00  2.269411E+00
  1.045501E+01  7.330659E+00  2.268997E+00
  1.046282E+01  7.310151E+00  2.267620E+00
  1.048276E+01  7.281828E+00  2.264104E+00
  1.048290E+01  7.281665E+00  2.264079E+00
  1.050733E+01  7.253505E+00  2.259771E+00
  1.051079E+01  7.247746E+00  2.259160E+00
  1.053082E+01  7.225182E+00  2.255629E+00
  1.053869E+01  7.218666E+00  2.254242E+00
  1.056658E+01  7.207939E+00  2.249324E+00
  1.058836E+01  7.196858E+00  2.245484E+00
  1.059447E+01  7.192904E+00  2.244406E+00
  1.059601E+01  7.196858E+00  2.244134E+00
  1.059447E+01  7.200843E+00  2.244406E+00
  1.057985E+01  7.225182E+00  2.246984E+00
  1.059447E+01  7.240393E+00  2.244406E+00
  1.059938E+01  7.253505E+00  2.243540E+00
  1.059447E+01  7.261275E+00  2.244406E+00
Slice   =    111 , Freq(kT, average of all copies)              =   0.4300
Orbit # =      0 , Freq(kT, this largest copy used for outline) =   0.4400
Points  =     51
  kx            ky            kz
  5.993042E+00  5.413497E+00 -9.501330E-01
  5.976022E+00  5.438737E+00 -9.471319E-01
  5.976473E+00  5.467060E+00 -9.472114E-01
  5.969445E+00  5.495383E+00 -9.459721E-01
  5.965149E+00  5.510374E+00 -9.452147E-01
  5.959987E+00  5.523706E+00 -9.443045E-01
  5.955698E+00  5.552030E+00 -9.435481E-01
  5.937257E+00  5.575903E+00 -9.402964E-01
  5.934234E+00  5.580353E+00 -9.397635E-01
  5.935401E+00  5.608676E+00 -9.399692E-01
  5.914015E+00  5.636999E+00 -9.361983E-01
  5.909364E+00  5.646195E+00 -9.353782E-01
  5.895338E+00  5.665322E+00 -9.329050E-01
  5.886987E+00  5.693645E+00 -9.314326E-01
  5.881471E+00  5.700171E+00 -9.304599E-01
  5.862298E+00  5.721968E+00 -9.270792E-01
  5.853578E+00  5.738257E+00 -9.255417E-01
  5.842485E+00  5.750291E+00 -9.235857E-01
  5.825685E+00  5.763290E+00 -9.206234E-01
  5.799285E+00  5.778615E+00 -9.159683E-01
  5.797792E+00  5.780080E+00 -9.157051E-01
  5.772916E+00  5.806938E+00 -9.113187E-01
  5.769900E+00  5.810284E+00 -9.107869E-01
  5.767009E+00  5.806938E+00 -9.102772E-01
  5.760711E+00  5.778615E+00 -9.091666E-01
  5.768702E+00  5.750291E+00 -9.105757E-01
  5.761509E+00  5.721968E+00 -9.093075E-01
  5.769900E+00  5.709435E+00 -9.107869E-01
  5.784439E+00  5.693645E+00 -9.133506E-01
  5.777596E+00  5.665322E+00 -9.121440E-01
  5.796710E+00  5.636999E+00 -9.155143E-01
  5.797792E+00  5.631887E+00 -9.157051E-01
  5.802786E+00  5.608676E+00 -9.165857E-01
  5.812925E+00  5.580353E+00 -9.183735E-01
  5.825685E+00  5.563417E+00 -9.206234E-01
  5.833795E+00  5.552030E+00 -9.220535E-01
  5.826826E+00  5.523706E+00 -9.208245E-01
  5.853578E+00  5.500936E+00 -9.255417E-01
  5.858062E+00  5.495383E+00 -9.263323E-01
  5.863434E+00  5.467060E+00 -9.272795E-01
  5.881471E+00  5.447705E+00 -9.304599E-01
  5.896365E+00  5.438737E+00 -9.330862E-01
  5.909364E+00  5.424090E+00 -9.353782E-01
  5.922296E+00  5.410414E+00 -9.376585E-01
  5.937257E+00  5.395879E+00 -9.402964E-01
  5.950420E+00  5.382091E+00 -9.426175E-01
  5.965149E+00  5.372753E+00 -9.452147E-01
  5.971658E+00  5.382091E+00 -9.463624E-01
  5.993042E+00  5.406206E+00 -9.501330E-01
  5.994624E+00  5.410414E+00 -9.504119E-01
  5.993042E+00  5.413497E+00 -9.501330E-01
Slice   =     90 , Freq(kT, average of all copies)              =   0.6373
Orbit # =      0 , Freq(kT, this largest copy used for outline) =   0.6470
Points  =     69
  kx            ky            kz
  9.125328E+00  8.442888E+00 -2.628253E+00
  9.124122E+00  8.443772E+00 -2.628040E+00
  9.097435E+00  8.458860E+00 -2.623335E+00
  9.087433E+00  8.472095E+00 -2.621571E+00
  9.069542E+00  8.486011E+00 -2.618416E+00
  9.041650E+00  8.494504E+00 -2.613498E+00
  9.031724E+00  8.500418E+00 -2.611748E+00
  9.013757E+00  8.509118E+00 -2.608580E+00
  8.993491E+00  8.528741E+00 -2.605006E+00
  8.985864E+00  8.533755E+00 -2.603662E+00
  8.957971E+00  8.533647E+00 -2.598743E+00
  8.930078E+00  8.544897E+00 -2.593825E+00
  8.915050E+00  8.557065E+00 -2.591175E+00
  8.902185E+00  8.564922E+00 -2.588907E+00
  8.874293E+00  8.559525E+00 -2.583989E+00
  8.846400E+00  8.570233E+00 -2.579070E+00
  8.818507E+00  8.582676E+00 -2.574152E+00
  8.790614E+00  8.584753E+00 -2.569234E+00
  8.788082E+00  8.585388E+00 -2.568787E+00
  8.762721E+00  8.592064E+00 -2.564316E+00
  8.734828E+00  8.603971E+00 -2.559397E+00
  8.706936E+00  8.605506E+00 -2.554479E+00
  8.679043E+00  8.606655E+00 -2.549561E+00
  8.664345E+00  8.613711E+00 -2.546969E+00
  8.651150E+00  8.618905E+00 -2.544643E+00
  8.641744E+00  8.613711E+00 -2.542984E+00
  8.623257E+00  8.601209E+00 -2.539724E+00
  8.607122E+00  8.613711E+00 -2.536879E+00
  8.595364E+00  8.620769E+00 -2.534806E+00
  8.580421E+00  8.613711E+00 -2.532171E+00
  8.567471E+00  8.600685E+00 -2.529888E+00
  8.543936E+00  8.613711E+00 -2.525738E+00
  8.539579E+00  8.614912E+00 -2.524969E+00
  8.535012E+00  8.613711E+00 -2.524164E+00
  8.523395E+00  8.585388E+00 -2.522116E+00
  8.539579E+00  8.584711E+00 -2.524969E+00
  8.567471E+00  8.558329E+00 -2.529888E+00
  8.568831E+00  8.557065E+00 -2.530127E+00
  8.595364E+00  8.531434E+00 -2.534806E+00
  8.601035E+00  8.528741E+00 -2.535806E+00
  8.623257E+00  8.519090E+00 -2.539724E+00
  8.651150E+00  8.508527E+00 -2.544643E+00
  8.660771E+00  8.500418E+00 -2.546339E+00
  8.679043E+00  8.488106E+00 -2.549561E+00
  8.706936E+00  8.486003E+00 -2.554479E+00
  8.734828E+00  8.474343E+00 -2.559397E+00
  8.737865E+00  8.472095E+00 -2.559933E+00
  8.762721E+00  8.455273E+00 -2.564316E+00
  8.790614E+00  8.460695E+00 -2.569234E+00
  8.818507E+00  8.450164E+00 -2.574152E+00
  8.829558E+00  8.443772E+00 -2.576101E+00
  8.846400E+00  8.435306E+00 -2.579070E+00
  8.874293E+00  8.439794E+00 -2.583989E+00
  8.902185E+00  8.425880E+00 -2.588907E+00
  8.930078E+00  8.416917E+00 -2.593825E+00
  8.957971E+00  8.424755E+00 -2.598743E+00
  8.969411E+00  8.415449E+00 -2.600760E+00
  8.985864E+00  8.404237E+00 -2.603662E+00
  9.005527E+00  8.415449E+00 -2.607129E+00
  9.013757E+00  8.423484E+00 -2.608580E+00
  9.031747E+00  8.415449E+00 -2.611752E+00
  9.041650E+00  8.412361E+00 -2.613498E+00
  9.069542E+00  8.410531E+00 -2.618416E+00
  9.081036E+00  8.415449E+00 -2.620443E+00
  9.097435E+00  8.431149E+00 -2.623335E+00
  9.110544E+00  8.415449E+00 -2.625646E+00
  9.125328E+00  8.408140E+00 -2.628253E+00
  9.135722E+00  8.415449E+00 -2.630086E+00
  9.125328E+00  8.442888E+00 -2.628253E+00
Theta(deg) =   0.000000 , Phi(deg) =  12.500000 , Number of orbits =     8 , (Angstrom^-1) units
Slice   =    104 , Freq(kT, average of all copies)              =   0.3125
Orbit # =      0 , Freq(kT, this largest copy used for outline) =   0.3141
Points  =     35
  kx            ky            kz
  6.882816E+00  5.962389E+00 -1.422454E+00
  6.878492E+00  5.976877E+00 -1.421495E+00
  6.855164E+00  5.994068E+00 -1.416323E+00
  6.827512E+00  5.992862E+00 -1.410193E+00
  6.799860E+00  5.985727E+00 -1.404063E+00
  6.791083E+00  5.976877E+00 -1.402117E+00
  6.772209E+00  5.960631E+00 -1.397933E+00
  6.762497E+00  5.948553E+00 -1.395780E+00
  6.753297E+00  5.920230E+00 -1.393740E+00
  6.744557E+00  5.906298E+00 -1.391802E+00
  6.735575E+00  5.891907E+00 -1.389811E+00
  6.716905E+00  5.874192E+00 -1.385672E+00
  6.705130E+00  5.863584E+00 -1.383062E+00
  6.689253E+00  5.838816E+00 -1.379542E+00
  6.687256E+00  5.835261E+00 -1.379099E+00
  6.688098E+00  5.806938E+00 -1.379286E+00
  6.689253E+00  5.783859E+00 -1.379542E+00
  6.689928E+00  5.778615E+00 -1.379691E+00
  6.712670E+00  5.750291E+00 -1.384733E+00
  6.716905E+00  5.748186E+00 -1.385672E+00
  6.734772E+00  5.750291E+00 -1.389633E+00
  6.744557E+00  5.751653E+00 -1.391802E+00
  6.772209E+00  5.762103E+00 -1.397933E+00
  6.799860E+00  5.770933E+00 -1.404063E+00
  6.805508E+00  5.778615E+00 -1.405315E+00
  6.815537E+00  5.806938E+00 -1.407538E+00
  6.825858E+00  5.835261E+00 -1.409826E+00
  6.827512E+00  5.838117E+00 -1.410193E+00
  6.854649E+00  5.863584E+00 -1.416209E+00
  6.855164E+00  5.864220E+00 -1.416323E+00
  6.876920E+00  5.891907E+00 -1.421146E+00
  6.882816E+00  5.904260E+00 -1.422454E+00
  6.889754E+00  5.920230E+00 -1.423992E+00
  6.885465E+00  5.948553E+00 -1.423041E+00
  6.882816E+00  5.962389E+00 -1.422454E+00
Slice   =    114 , Freq(kT, average of all copies)              =   0.3135
Orbit # =      0 , Freq(kT, this largest copy used for outline) =   0.3160
Points  =     33
  kx            ky            kz
  5.735220E+00  4.664241E+00 -1.390131E-01
  5.707568E+00  4.658110E+00 -1.328828E-01
  5.686173E+00  4.646385E+00 -1.281396E-01
  5.679916E+00  4.644133E+00 -1.267526E-01
  5.652265E+00  4.628561E+00 -1.206223E-01
  5.640986E+00  4.618062E+00 -1.181219E-01
  5.624613E+00  4.600904E+00 -1.144921E-01
  5.616500E+00  4.589739E+00 -1.126936E-01
  5.607786E+00  4.561416E+00 -1.107618E-01
  5.596961E+00  4.542046E+00 -1.083618E-01
  5.587266E+00  4.533093E+00 -1.062125E-01
  5.569309E+00  4.520453E+00 -1.022316E-01
  5.555564E+00  4.504769E+00 -9.918432E-02
  5.553315E+00  4.476446E+00 -9.868582E-02
  5.569309E+00  4.448845E+00 -1.022316E-01
  5.570060E+00  4.448123E+00 -1.023981E-01
  5.596961E+00  4.426155E+00 -1.083618E-01
  5.609911E+00  4.419800E+00 -1.112329E-01
  5.624613E+00  4.415061E+00 -1.144921E-01
  5.652265E+00  4.414316E+00 -1.206223E-01
  5.656580E+00  4.419800E+00 -1.215790E-01
  5.676423E+00  4.448123E+00 -1.259780E-01
  5.679916E+00  4.456888E+00 -1.267526E-01
  5.685829E+00  4.476446E+00 -1.280635E-01
  5.707568E+00  4.500437E+00 -1.328828E-01
  5.711899E+00  4.504769E+00 -1.338429E-01
  5.735220E+00  4.525772E+00 -1.390131E-01
  5.740163E+00  4.533093E+00 -1.401090E-01
  5.749892E+00  4.561416E+00 -1.422658E-01
  5.754088E+00  4.589739E+00 -1.431960E-01
  5.756251E+00  4.618062E+00 -1.436756E-01
  5.754284E+00  4.646385E+00 -1.432396E-01
  5.735220E+00  4.664241E+00 -1.390131E-01
Slice   =     24 , Freq(kT, average of all copies)              =   0.3181
Orbit # =      0 , Freq(kT, this largest copy used for outline) =   0.3231
Points  =     33
  kx            ky            kz
  4.472331E+00  4.946687E+00 -3.818502E+00
  4.451463E+00  4.957244E+00 -3.813875E+00
  4.444679E+00  4.958228E+00 -3.812372E+00
  4.417028E+00  4.962364E+00 -3.806241E+00
  4.404490E+00  4.957244E+00 -3.803462E+00
  4.389376E+00  4.952621E+00 -3.800111E+00
  4.361724E+00  4.930533E+00 -3.793981E+00
  4.360638E+00  4.928921E+00 -3.793740E+00
  4.353293E+00  4.900598E+00 -3.792112E+00
  4.340633E+00  4.872274E+00 -3.789305E+00
  4.334072E+00  4.865555E+00 -3.787851E+00
  4.309223E+00  4.843951E+00 -3.782342E+00
  4.306421E+00  4.839364E+00 -3.781720E+00
  4.289059E+00  4.815628E+00 -3.777871E+00
  4.288832E+00  4.787305E+00 -3.777821E+00
  4.285503E+00  4.758982E+00 -3.777083E+00
  4.291871E+00  4.730659E+00 -3.778495E+00
  4.306421E+00  4.718989E+00 -3.781720E+00
  4.334072E+00  4.713563E+00 -3.787851E+00
  4.361724E+00  4.728348E+00 -3.793981E+00
  4.367140E+00  4.730659E+00 -3.795182E+00
  4.389376E+00  4.741899E+00 -3.800111E+00
  4.404901E+00  4.758982E+00 -3.803553E+00
  4.417028E+00  4.779673E+00 -3.806241E+00
  4.420919E+00  4.787305E+00 -3.807104E+00
  4.436306E+00  4.815628E+00 -3.810515E+00
  4.444679E+00  4.827686E+00 -3.812372E+00
  4.472331E+00  4.843209E+00 -3.818502E+00
  4.472851E+00  4.843951E+00 -3.818617E+00
  4.485553E+00  4.872274E+00 -3.821433E+00
  4.490629E+00  4.900598E+00 -3.822558E+00
  4.477288E+00  4.928921E+00 -3.819601E+00
  4.472331E+00  4.946687E+00 -3.818502E+00
Slice   =     22 , Freq(kT, average of all copies)              =   0.4576
Orbit # =      0 , Freq(kT, this largest copy used for outline) =   0.4576
Points  =     55
  kx            ky            kz
  4.384721E-01  2.287958E-01 -9.825530E-01
  4.140893E-01  2.542124E-01 -9.771475E-01
  4.248588E-01  2.825356E-01 -9.795350E-01
  4.108203E-01  2.979113E-01 -9.764228E-01
  4.039554E-01  3.108587E-01 -9.749009E-01
  4.108203E-01  3.305553E-01 -9.764228E-01
  4.135551E-01  3.391818E-01 -9.770291E-01
  4.108203E-01  3.444842E-01 -9.764228E-01
  3.986674E-01  3.675050E-01 -9.737286E-01
  3.849697E-01  3.958281E-01 -9.706919E-01
  3.831686E-01  4.026509E-01 -9.702926E-01
  3.784024E-01  4.241512E-01 -9.692359E-01
  3.571881E-01  4.524744E-01 -9.645328E-01
  3.580113E-01  4.807975E-01 -9.647153E-01
  3.555168E-01  4.843996E-01 -9.641623E-01
  3.363243E-01  5.091206E-01 -9.599074E-01
  3.278651E-01  5.243088E-01 -9.580321E-01
  3.121809E-01  5.374437E-01 -9.545550E-01
  3.048776E-01  5.657669E-01 -9.529359E-01
  3.002133E-01  5.709093E-01 -9.519018E-01
  2.777238E-01  5.940900E-01 -9.469160E-01
  2.725615E-01  6.048658E-01 -9.457716E-01
  2.484347E-01  6.224131E-01 -9.404228E-01
  2.449098E-01  6.251810E-01 -9.396413E-01
  2.375783E-01  6.224131E-01 -9.380160E-01
  2.172580E-01  6.146709E-01 -9.335111E-01
  1.998393E-01  5.940900E-01 -9.296494E-01
  2.172580E-01  5.729429E-01 -9.335111E-01
  2.218461E-01  5.657669E-01 -9.345282E-01
  2.172580E-01  5.601021E-01 -9.335111E-01
  2.093478E-01  5.374437E-01 -9.317574E-01
  2.172580E-01  5.187682E-01 -9.335111E-01
  2.233731E-01  5.091206E-01 -9.348667E-01
  2.271828E-01  4.807975E-01 -9.357113E-01
  2.257692E-01  4.524744E-01 -9.353980E-01
  2.449098E-01  4.257530E-01 -9.396413E-01
  2.459344E-01  4.241512E-01 -9.398685E-01
  2.449098E-01  4.221515E-01 -9.396413E-01
  2.355590E-01  3.958281E-01 -9.375683E-01
  2.449098E-01  3.804134E-01 -9.396413E-01
  2.588743E-01  3.675050E-01 -9.427372E-01
  2.641437E-01  3.391818E-01 -9.439054E-01
  2.725615E-01  3.285328E-01 -9.457716E-01
  2.902861E-01  3.108587E-01 -9.497010E-01
  3.002133E-01  3.023393E-01 -9.519018E-01
  3.216730E-01  2.825356E-01 -9.566593E-01
  3.278651E-01  2.750764E-01 -9.580321E-01
  3.555168E-01  2.551841E-01 -9.641623E-01
  3.571934E-01  2.542124E-01 -9.645340E-01
  3.831686E-01  2.411737E-01 -9.702926E-01
  4.108203E-01  2.431547E-01 -9.764228E-01
  4.287031E-01  2.258893E-01 -9.803873E-01
  4.384721E-01  2.207012E-01 -9.825530E-01
  4.402655E-01  2.258893E-01 -9.829506E-01
  4.384721E-01  2.287958E-01 -9.825530E-01
Slice   =    153 , Freq(kT, average of all copies)              =   0.4619
Orbit # =      0 , Freq(kT, this largest copy used for outline) =   0.4649
Points  =     55
  kx            ky            kz
  9.849860E+00  7.989249E+00 -1.092831E+00
  9.825554E+00  8.017534E+00 -1.087442E+00
  9.829228E+00  8.045857E+00 -1.088257E+00
  9.822208E+00  8.059097E+00 -1.086701E+00
  9.816546E+00  8.074180E+00 -1.085445E+00
  9.822208E+00  8.095740E+00 -1.086701E+00
  9.823831E+00  8.102503E+00 -1.087060E+00
  9.822208E+00  8.106641E+00 -1.086701E+00
  9.813644E+00  8.130826E+00 -1.084802E+00
  9.808802E+00  8.159149E+00 -1.083729E+00
  9.803567E+00  8.187472E+00 -1.082568E+00
  9.794556E+00  8.203348E+00 -1.080570E+00
  9.784847E+00  8.215795E+00 -1.078418E+00
  9.778170E+00  8.244119E+00 -1.076938E+00
  9.766905E+00  8.258072E+00 -1.074440E+00
  9.754282E+00  8.272442E+00 -1.071642E+00
  9.739253E+00  8.287942E+00 -1.068310E+00
  9.720612E+00  8.300765E+00 -1.064177E+00
  9.711601E+00  8.312759E+00 -1.062180E+00
  9.683949E+00  8.328095E+00 -1.056049E+00
  9.682250E+00  8.329088E+00 -1.055673E+00
  9.656298E+00  8.347441E+00 -1.049919E+00
  9.640934E+00  8.357411E+00 -1.046513E+00
  9.628646E+00  8.365130E+00 -1.043789E+00
  9.603349E+00  8.357411E+00 -1.038181E+00
  9.628646E+00  8.333152E+00 -1.043789E+00
  9.630522E+00  8.329088E+00 -1.044205E+00
  9.628646E+00  8.327068E+00 -1.043789E+00
  9.619037E+00  8.300765E+00 -1.041659E+00
  9.628646E+00  8.280275E+00 -1.043789E+00
  9.632699E+00  8.272442E+00 -1.044687E+00
  9.638269E+00  8.244119E+00 -1.045922E+00
  9.641262E+00  8.215795E+00 -1.046586E+00
  9.656298E+00  8.197814E+00 -1.049919E+00
  9.663658E+00  8.187472E+00 -1.051551E+00
  9.656298E+00  8.159625E+00 -1.049919E+00
  9.656196E+00  8.159149E+00 -1.049897E+00
  9.656298E+00  8.158971E+00 -1.049919E+00
  9.683184E+00  8.130826E+00 -1.055880E+00
  9.683949E+00  8.126750E+00 -1.056049E+00
  9.688578E+00  8.102503E+00 -1.057075E+00
  9.708371E+00  8.074180E+00 -1.061464E+00
  9.711601E+00  8.069525E+00 -1.062180E+00
  9.729852E+00  8.045857E+00 -1.066226E+00
  9.739253E+00  8.022703E+00 -1.068310E+00
  9.743982E+00  8.017534E+00 -1.069358E+00
  9.766905E+00  7.994919E+00 -1.074440E+00
  9.777017E+00  7.989210E+00 -1.076682E+00
  9.794556E+00  7.961202E+00 -1.080570E+00
  9.795103E+00  7.960887E+00 -1.080691E+00
  9.822208E+00  7.954506E+00 -1.086701E+00
  9.825727E+00  7.960887E+00 -1.087481E+00
  9.849860E+00  7.989145E+00 -1.092831E+00
  9.849882E+00  7.989210E+00 -1.092836E+00
  9.849860E+00  7.989249E+00 -1.092831E+00
Slice   =    205 , Freq(kT, average of all copies)              =   0.4666
Orbit # =      0 , Freq(kT, this largest copy used for outline) =   0.4678
Points  =     55
  kx            ky            kz
  9.939639E+00  5.273355E+00  2.788024E+00
  9.916834E+00  5.297817E+00  2.793080E+00
  9.913805E+00  5.326140E+00  2.793751E+00
  9.911988E+00  5.330957E+00  2.794154E+00
  9.904735E+00  5.354463E+00  2.795762E+00
  9.889856E+00  5.382787E+00  2.799060E+00
  9.890172E+00  5.411110E+00  2.798990E+00
  9.884336E+00  5.419634E+00  2.800284E+00
  9.865985E+00  5.439433E+00  2.804352E+00
  9.857642E+00  5.467756E+00  2.806202E+00
  9.856684E+00  5.469287E+00  2.806414E+00
  9.841368E+00  5.496079E+00  2.809810E+00
  9.829032E+00  5.511679E+00  2.812545E+00
  9.816647E+00  5.524402E+00  2.815291E+00
  9.806276E+00  5.552725E+00  2.817590E+00
  9.801381E+00  5.556821E+00  2.818675E+00
  9.773729E+00  5.572191E+00  2.824805E+00
  9.761049E+00  5.581048E+00  2.827616E+00
  9.746108E+00  5.609372E+00  2.830929E+00
  9.746077E+00  5.609403E+00  2.830935E+00
  9.745990E+00  5.609372E+00  2.830955E+00
  9.718425E+00  5.598315E+00  2.837066E+00
  9.707800E+00  5.581048E+00  2.839421E+00
  9.718425E+00  5.566100E+00  2.837066E+00
  9.728849E+00  5.552725E+00  2.834755E+00
  9.718425E+00  5.542594E+00  2.837066E+00
  9.711305E+00  5.524402E+00  2.838644E+00
  9.718425E+00  5.511420E+00  2.837066E+00
  9.731355E+00  5.496079E+00  2.834199E+00
  9.730132E+00  5.467756E+00  2.834470E+00
  9.735331E+00  5.439433E+00  2.833318E+00
  9.746077E+00  5.416425E+00  2.830935E+00
  9.748997E+00  5.411110E+00  2.830288E+00
  9.746077E+00  5.400595E+00  2.830935E+00
  9.742241E+00  5.382787E+00  2.831786E+00
  9.746077E+00  5.376298E+00  2.830935E+00
  9.773003E+00  5.354463E+00  2.824966E+00
  9.771326E+00  5.326140E+00  2.825338E+00
  9.773729E+00  5.323332E+00  2.824805E+00
  9.800617E+00  5.297817E+00  2.818844E+00
  9.801381E+00  5.296641E+00  2.818675E+00
  9.822707E+00  5.269494E+00  2.813947E+00
  9.829032E+00  5.259694E+00  2.812545E+00
  9.856684E+00  5.242733E+00  2.806414E+00
  9.859380E+00  5.241171E+00  2.805817E+00
  9.884336E+00  5.224446E+00  2.800284E+00
  9.902210E+00  5.212848E+00  2.796322E+00
  9.911988E+00  5.190435E+00  2.794154E+00
  9.939639E+00  5.194630E+00  2.788024E+00
  9.948080E+00  5.212848E+00  2.786152E+00
  9.939639E+00  5.224390E+00  2.788024E+00
  9.929005E+00  5.241171E+00  2.790381E+00
  9.939639E+00  5.261904E+00  2.788024E+00
  9.942520E+00  5.269494E+00  2.787385E+00
  9.939639E+00  5.273355E+00  2.788024E+00
Slice   =     97 , Freq(kT, average of all copies)              =   0.4701
Orbit # =      0 , Freq(kT, this largest copy used for outline) =   0.4794
Points  =     59
  kx            ky            kz
  3.766244E+00  3.574463E+00 -2.834087E-01
  3.752459E+00  3.599821E+00 -2.803525E-01
  3.758101E+00  3.628144E+00 -2.816033E-01
  3.746602E+00  3.656467E+00 -2.790541E-01
  3.738593E+00  3.676035E+00 -2.772785E-01
  3.733344E+00  3.684790E+00 -2.761148E-01
  3.730734E+00  3.713113E+00 -2.755362E-01
  3.710941E+00  3.736183E+00 -2.711483E-01
  3.707505E+00  3.741436E+00 -2.703866E-01
  3.710941E+00  3.768971E+00 -2.711483E-01
  3.711062E+00  3.769760E+00 -2.711750E-01
  3.710941E+00  3.769941E+00 -2.711483E-01
  3.688088E+00  3.798083E+00 -2.660819E-01
  3.683289E+00  3.807200E+00 -2.650180E-01
  3.669105E+00  3.826406E+00 -2.618735E-01
  3.662436E+00  3.854729E+00 -2.603950E-01
  3.655637E+00  3.863217E+00 -2.588878E-01
  3.638638E+00  3.883052E+00 -2.551191E-01
  3.627986E+00  3.903051E+00 -2.527575E-01
  3.618890E+00  3.911375E+00 -2.507410E-01
  3.600334E+00  3.926454E+00 -2.466273E-01
  3.582541E+00  3.939698E+00 -2.426826E-01
  3.572682E+00  3.952886E+00 -2.404970E-01
  3.557910E+00  3.968021E+00 -2.372221E-01
  3.545030E+00  3.978331E+00 -2.343668E-01
  3.517379E+00  3.972654E+00 -2.282365E-01
  3.515386E+00  3.968021E+00 -2.277948E-01
  3.517379E+00  3.952951E+00 -2.282365E-01
  3.520979E+00  3.939698E+00 -2.290347E-01
  3.531668E+00  3.911375E+00 -2.314044E-01
  3.521540E+00  3.883052E+00 -2.291591E-01
  3.545030E+00  3.857191E+00 -2.343668E-01
  3.546967E+00  3.854729E+00 -2.347962E-01
  3.545030E+00  3.848960E+00 -2.343668E-01
  3.540645E+00  3.826406E+00 -2.333945E-01
  3.545030E+00  3.820261E+00 -2.343668E-01
  3.563846E+00  3.798083E+00 -2.385382E-01
  3.570352E+00  3.769760E+00 -2.399804E-01
  3.572682E+00  3.763791E+00 -2.404970E-01
  3.581482E+00  3.741436E+00 -2.424480E-01
  3.600334E+00  3.715921E+00 -2.466273E-01
  3.602238E+00  3.713113E+00 -2.470493E-01
  3.600334E+00  3.693984E+00 -2.466273E-01
  3.599353E+00  3.684790E+00 -2.464099E-01
  3.600334E+00  3.683802E+00 -2.466273E-01
  3.627986E+00  3.661449E+00 -2.527575E-01
  3.631953E+00  3.656467E+00 -2.536371E-01
  3.639346E+00  3.628144E+00 -2.552760E-01
  3.655637E+00  3.613466E+00 -2.588878E-01
  3.675991E+00  3.599821E+00 -2.633999E-01
  3.683289E+00  3.590751E+00 -2.650180E-01
  3.708529E+00  3.571498E+00 -2.706135E-01
  3.710941E+00  3.569856E+00 -2.711483E-01
  3.732294E+00  3.543174E+00 -2.758821E-01
  3.738593E+00  3.538415E+00 -2.772785E-01
  3.743333E+00  3.543174E+00 -2.783295E-01
  3.766244E+00  3.567252E+00 -2.834087E-01
  3.767774E+00  3.571498E+00 -2.837477E-01
  3.766244E+00  3.574463E+00 -2.834087E-01
Slice   =    209 , Freq(kT, average of all copies)              =   0.5739
Orbit # =      0 , Freq(kT, this largest copy used for outline) =   0.5856
Points  =     69
  kx            ky            kz
  1.369715E+01  1.028055E+01  5.054908E-01
  1.368906E+01  1.028686E+01  5.072833E-01
  1.366950E+01  1.029849E+01  5.116210E-01
  1.365315E+01  1.031519E+01  5.152451E-01
  1.364184E+01  1.032208E+01  5.177513E-01
  1.361419E+01  1.033341E+01  5.238815E-01
  1.359954E+01  1.034351E+01  5.271291E-01
  1.358654E+01  1.034948E+01  5.300118E-01
  1.356330E+01  1.037183E+01  5.351635E-01
  1.355889E+01  1.037503E+01  5.361420E-01
  1.354221E+01  1.037183E+01  5.398391E-01
  1.353124E+01  1.036958E+01  5.422723E-01
  1.352692E+01  1.037183E+01  5.432296E-01
  1.350359E+01  1.038345E+01  5.484025E-01
  1.347593E+01  1.039183E+01  5.545328E-01
  1.344828E+01  1.039462E+01  5.606630E-01
  1.342063E+01  1.039618E+01  5.667933E-01
  1.341354E+01  1.040016E+01  5.683650E-01
  1.339298E+01  1.041061E+01  5.729235E-01
  1.336533E+01  1.041009E+01  5.790538E-01
  1.333768E+01  1.041743E+01  5.851840E-01
  1.331182E+01  1.042848E+01  5.909168E-01
  1.331002E+01  1.042944E+01  5.913143E-01
  1.330757E+01  1.042848E+01  5.918575E-01
  1.328237E+01  1.041741E+01  5.974445E-01
  1.325472E+01  1.042592E+01  6.035748E-01
  1.322707E+01  1.042733E+01  6.097050E-01
  1.319942E+01  1.041428E+01  6.158353E-01
  1.317584E+01  1.042848E+01  6.210612E-01
  1.317176E+01  1.043012E+01  6.219655E-01
  1.316895E+01  1.042848E+01  6.225905E-01
  1.314411E+01  1.040414E+01  6.280957E-01
  1.313609E+01  1.040016E+01  6.298748E-01
  1.314411E+01  1.039148E+01  6.280957E-01
  1.316394E+01  1.037183E+01  6.236995E-01
  1.317176E+01  1.036625E+01  6.219655E-01
  1.319942E+01  1.035640E+01  6.158353E-01
  1.322151E+01  1.034351E+01  6.109378E-01
  1.322707E+01  1.034135E+01  6.097050E-01
  1.325472E+01  1.032137E+01  6.035748E-01
  1.327344E+01  1.031519E+01  5.994242E-01
  1.328237E+01  1.031103E+01  5.974445E-01
  1.331002E+01  1.030469E+01  5.913143E-01
  1.333281E+01  1.028686E+01  5.862635E-01
  1.333768E+01  1.028402E+01  5.851840E-01
  1.334871E+01  1.028686E+01  5.827379E-01
  1.336533E+01  1.029086E+01  5.790538E-01
  1.337345E+01  1.028686E+01  5.772528E-01
  1.339298E+01  1.027987E+01  5.729235E-01
  1.342063E+01  1.025871E+01  5.667933E-01
  1.344828E+01  1.027053E+01  5.606630E-01
  1.347064E+01  1.025854E+01  5.557070E-01
  1.347593E+01  1.025538E+01  5.545328E-01
  1.350359E+01  1.025399E+01  5.484025E-01
  1.353017E+01  1.025854E+01  5.425086E-01
  1.353124E+01  1.025877E+01  5.422723E-01
  1.353153E+01  1.025854E+01  5.422085E-01
  1.355889E+01  1.024432E+01  5.361420E-01
  1.358097E+01  1.025854E+01  5.312478E-01
  1.358654E+01  1.026510E+01  5.300118E-01
  1.360080E+01  1.025854E+01  5.268501E-01
  1.361419E+01  1.025453E+01  5.238815E-01
  1.363792E+01  1.025854E+01  5.186222E-01
  1.364184E+01  1.026187E+01  5.177513E-01
  1.366950E+01  1.027926E+01  5.116210E-01
  1.368759E+01  1.025854E+01  5.076104E-01
  1.369715E+01  1.025364E+01  5.054908E-01
  1.370313E+01  1.025854E+01  5.041639E-01
  1.369715E+01  1.028055E+01  5.054908E-01
Theta(deg) =   0.000000 , Phi(deg) =  15.000000 , Number of orbits =     5 , (Angstrom^-1) units
Slice   =     26 , Freq(kT, average of all copies)              =   0.3070
Orbit # =      0 , Freq(kT, this largest copy used for outline) =   0.3076
Points  =     31
  kx            ky            kz
  5.222370E+00  5.746416E+00 -4.483695E+00
  5.195012E+00  5.743836E+00 -4.476365E+00
  5.167654E+00  5.744131E+00 -4.469034E+00
  5.141599E+00  5.724056E+00 -4.462053E+00
  5.140295E+00  5.722306E+00 -4.461704E+00
  5.123125E+00  5.695732E+00 -4.457103E+00
  5.112937E+00  5.668260E+00 -4.454373E+00
  5.112664E+00  5.667409E+00 -4.454300E+00
  5.091115E+00  5.639086E+00 -4.448526E+00
  5.085579E+00  5.632352E+00 -4.447043E+00
  5.058221E+00  5.610905E+00 -4.439712E+00
  5.058131E+00  5.610763E+00 -4.439688E+00
  5.056068E+00  5.582440E+00 -4.439135E+00
  5.055800E+00  5.554117E+00 -4.439063E+00
  5.058110E+00  5.525794E+00 -4.439682E+00
  5.058221E+00  5.525561E+00 -4.439712E+00
  5.085579E+00  5.504115E+00 -4.447043E+00
  5.112937E+00  5.509271E+00 -4.454373E+00
  5.140295E+00  5.519332E+00 -4.461704E+00
  5.155648E+00  5.525794E+00 -4.465817E+00
  5.167654E+00  5.532735E+00 -4.469034E+00
  5.178098E+00  5.554117E+00 -4.471833E+00
  5.185561E+00  5.582440E+00 -4.473833E+00
  5.195012E+00  5.597808E+00 -4.476365E+00
  5.210897E+00  5.610763E+00 -4.480621E+00
  5.222370E+00  5.622262E+00 -4.483695E+00
  5.235014E+00  5.639086E+00 -4.487084E+00
  5.247602E+00  5.667409E+00 -4.490456E+00
  5.245573E+00  5.695732E+00 -4.489913E+00
  5.238739E+00  5.724056E+00 -4.488082E+00
  5.222370E+00  5.746416E+00 -4.483695E+00
Slice   =    183 , Freq(kT, average of all copies)              =   0.3090
Orbit # =      0 , Freq(kT, this largest copy used for outline) =   0.3146
Points  =     33
  kx            ky            kz
  1.141432E+01  8.596235E+00 -2.191867E-01
  1.138697E+01  8.607203E+00 -2.118561E-01
  1.135961E+01  8.596363E+00 -2.045256E-01
  1.134750E+01  8.585388E+00 -2.012807E-01
  1.133225E+01  8.577624E+00 -1.971950E-01
  1.130489E+01  8.558990E+00 -1.898644E-01
  1.130349E+01  8.557065E+00 -1.894891E-01
  1.128585E+01  8.528741E+00 -1.847635E-01
  1.127753E+01  8.509338E+00 -1.825339E-01
  1.127294E+01  8.500418E+00 -1.813019E-01
  1.125018E+01  8.472288E+00 -1.752033E-01
  1.125001E+01  8.472095E+00 -1.751579E-01
  1.122282E+01  8.446963E+00 -1.678727E-01
  1.122038E+01  8.443772E+00 -1.672190E-01
  1.122282E+01  8.430414E+00 -1.678727E-01
  1.123003E+01  8.415449E+00 -1.698066E-01
  1.124957E+01  8.387126E+00 -1.750403E-01
  1.125018E+01  8.386385E+00 -1.752033E-01
  1.127753E+01  8.369962E+00 -1.825339E-01
  1.130489E+01  8.360133E+00 -1.898644E-01
  1.133225E+01  8.359180E+00 -1.971950E-01
  1.134608E+01  8.387126E+00 -2.009013E-01
  1.135297E+01  8.415449E+00 -2.027458E-01
  1.135961E+01  8.424613E+00 -2.045256E-01
  1.137910E+01  8.443772E+00 -2.097488E-01
  1.138697E+01  8.451706E+00 -2.118561E-01
  1.140258E+01  8.472095E+00 -2.160396E-01
  1.141432E+01  8.499768E+00 -2.191867E-01
  1.141464E+01  8.500418E+00 -2.192706E-01
  1.142095E+01  8.528741E+00 -2.209622E-01
  1.142646E+01  8.557065E+00 -2.224378E-01
  1.142599E+01  8.585388E+00 -2.223120E-01
  1.141432E+01  8.596235E+00 -2.191867E-01
Slice   =    141 , Freq(kT, average of all copies)              =   0.3176
Orbit # =      0 , Freq(kT, this largest copy used for outline) =   0.3214
Points  =     35
  kx            ky            kz
  8.261203E+00  5.974571E+00 -8.399352E-02
  8.243451E+00  5.976877E+00 -7.923696E-02
  8.233845E+00  5.978592E+00 -7.666295E-02
  8.212407E+00  6.005200E+00 -7.091867E-02
  8.206487E+00  6.007627E+00 -6.933239E-02
  8.183037E+00  6.005200E+00 -6.304906E-02
  8.179129E+00  6.004704E+00 -6.200182E-02
  8.151771E+00  5.983624E+00 -5.467126E-02
  8.146635E+00  5.976877E+00 -5.329523E-02
  8.138071E+00  5.948553E+00 -5.100035E-02
  8.124413E+00  5.930902E+00 -4.734069E-02
  8.115142E+00  5.920230E+00 -4.485649E-02
  8.097055E+00  5.906621E+00 -4.001012E-02
  8.085755E+00  5.891907E+00 -3.698234E-02
  8.080094E+00  5.863584E+00 -3.546563E-02
  8.075114E+00  5.835261E+00 -3.413119E-02
  8.069697E+00  5.822487E+00 -3.267956E-02
  8.062028E+00  5.806938E+00 -3.062477E-02
  8.069697E+00  5.793673E+00 -3.267956E-02
  8.081867E+00  5.778615E+00 -3.594065E-02
  8.097055E+00  5.766254E+00 -4.001012E-02
  8.124413E+00  5.757951E+00 -4.734069E-02
  8.148914E+00  5.778615E+00 -5.390587E-02
  8.151771E+00  5.780827E+00 -5.467126E-02
  8.179129E+00  5.796358E+00 -6.200182E-02
  8.190663E+00  5.806938E+00 -6.509240E-02
  8.206487E+00  5.828506E+00 -6.933239E-02
  8.210791E+00  5.835261E+00 -7.048579E-02
  8.222939E+00  5.863584E+00 -7.374066E-02
  8.233845E+00  5.880542E+00 -7.666295E-02
  8.251309E+00  5.891907E+00 -8.134243E-02
  8.261203E+00  5.901333E+00 -8.399352E-02
  8.270027E+00  5.920230E+00 -8.635780E-02
  8.272420E+00  5.948553E+00 -8.699908E-02
  8.261203E+00  5.974571E+00 -8.399352E-02
Slice   =    167 , Freq(kT, average of all copies)              =   0.5187
Orbit # =      0 , Freq(kT, this largest copy used for outline) =   0.5272
Points  =     61
  kx            ky            kz
  8.998959E+00  5.334292E+00  4.807043E-01
  8.971600E+00  5.342899E+00  4.880349E-01
  8.959168E+00  5.353768E+00  4.913662E-01
  8.944242E+00  5.367570E+00  4.953654E-01
  8.924491E+00  5.382091E+00  5.006578E-01
  8.916884E+00  5.386533E+00  5.026960E-01
  8.889526E+00  5.390378E+00  5.100266E-01
  8.867426E+00  5.410414E+00  5.159483E-01
  8.862168E+00  5.414273E+00  5.173571E-01
  8.834810E+00  5.411488E+00  5.246877E-01
  8.807452E+00  5.421383E+00  5.320183E-01
  8.780094E+00  5.430724E+00  5.393488E-01
  8.758399E+00  5.438737E+00  5.451620E-01
  8.752736E+00  5.440496E+00  5.466794E-01
  8.746701E+00  5.438737E+00  5.482966E-01
  8.725378E+00  5.433739E+00  5.540100E-01
  8.717026E+00  5.438737E+00  5.562478E-01
  8.698020E+00  5.450193E+00  5.613405E-01
  8.670662E+00  5.439032E+00  5.686711E-01
  8.643304E+00  5.441666E+00  5.760017E-01
  8.615946E+00  5.443212E+00  5.833322E-01
  8.608375E+00  5.438737E+00  5.853609E-01
  8.588588E+00  5.425622E+00  5.906628E-01
  8.569077E+00  5.438737E+00  5.958907E-01
  8.561230E+00  5.442669E+00  5.979934E-01
  8.554591E+00  5.438737E+00  5.997722E-01
  8.533872E+00  5.418737E+00  6.053239E-01
  8.511422E+00  5.410414E+00  6.113392E-01
  8.533872E+00  5.385787E+00  6.053239E-01
  8.536892E+00  5.382091E+00  6.045147E-01
  8.561230E+00  5.358168E+00  5.979934E-01
  8.569219E+00  5.353768E+00  5.958526E-01
  8.588588E+00  5.344015E+00  5.906628E-01
  8.615946E+00  5.337996E+00  5.833322E-01
  8.631441E+00  5.325445E+00  5.791804E-01
  8.643304E+00  5.318428E+00  5.760017E-01
  8.670662E+00  5.316052E+00  5.686711E-01
  8.698020E+00  5.311600E+00  5.613405E-01
  8.718005E+00  5.297121E+00  5.559855E-01
  8.725378E+00  5.292572E+00  5.540100E-01
  8.732458E+00  5.297121E+00  5.521129E-01
  8.752736E+00  5.309715E+00  5.466794E-01
  8.774709E+00  5.297121E+00  5.407919E-01
  8.780094E+00  5.294206E+00  5.393488E-01
  8.807452E+00  5.296852E+00  5.320183E-01
  8.808983E+00  5.297121E+00  5.316081E-01
  8.834810E+00  5.301036E+00  5.246877E-01
  8.840123E+00  5.297121E+00  5.232642E-01
  8.862168E+00  5.286360E+00  5.173571E-01
  8.882452E+00  5.297121E+00  5.119222E-01
  8.889526E+00  5.304228E+00  5.100266E-01
  8.901722E+00  5.297121E+00  5.067587E-01
  8.916884E+00  5.290924E+00  5.026960E-01
  8.944242E+00  5.296649E+00  4.953654E-01
  8.945800E+00  5.297121E+00  4.949482E-01
  8.971600E+00  5.310240E+00  4.880349E-01
  8.992023E+00  5.297121E+00  4.825627E-01
  8.998959E+00  5.294630E+00  4.807043E-01
  9.002426E+00  5.297121E+00  4.797753E-01
  9.006990E+00  5.325445E+00  4.785524E-01
  8.998959E+00  5.334292E+00  4.807043E-01
Slice   =    111 , Freq(kT, average of all copies)              =   0.5203
Orbit # =      0 , Freq(kT, this largest copy used for outline) =   0.5274
Points  =     59
  kx            ky            kz
  8.109547E+00  5.470789E+00 -1.137931E+00
  8.089705E+00  5.496775E+00 -1.132614E+00
  8.082189E+00  5.520527E+00 -1.130600E+00
  8.079967E+00  5.525098E+00 -1.130005E+00
  8.074410E+00  5.553421E+00 -1.128516E+00
  8.054831E+00  5.576248E+00 -1.123270E+00
  8.050515E+00  5.581744E+00 -1.122113E+00
  8.052430E+00  5.610067E+00 -1.122627E+00
  8.027637E+00  5.638390E+00 -1.115983E+00
  8.027473E+00  5.638891E+00 -1.115939E+00
  8.015843E+00  5.666714E+00 -1.112823E+00
  8.010650E+00  5.695037E+00 -1.111432E+00
  8.000115E+00  5.709527E+00 -1.108609E+00
  7.980587E+00  5.723360E+00 -1.103376E+00
  7.972757E+00  5.741536E+00 -1.101278E+00
  7.967218E+00  5.751683E+00 -1.099794E+00
  7.945399E+00  5.778226E+00 -1.093948E+00
  7.942237E+00  5.780006E+00 -1.093100E+00
  7.918041E+00  5.801574E+00 -1.086617E+00
  7.912225E+00  5.808329E+00 -1.085059E+00
  7.890683E+00  5.821251E+00 -1.079286E+00
  7.868217E+00  5.836652E+00 -1.073267E+00
  7.863325E+00  5.843548E+00 -1.071956E+00
  7.848311E+00  5.864976E+00 -1.067933E+00
  7.835967E+00  5.870524E+00 -1.064625E+00
  7.831137E+00  5.864976E+00 -1.063331E+00
  7.835967E+00  5.856656E+00 -1.064625E+00
  7.859495E+00  5.836652E+00 -1.070930E+00
  7.849443E+00  5.808329E+00 -1.068236E+00
  7.847024E+00  5.780006E+00 -1.067588E+00
  7.862216E+00  5.751683E+00 -1.071659E+00
  7.852646E+00  5.723360E+00 -1.069095E+00
  7.863325E+00  5.708323E+00 -1.071956E+00
  7.877177E+00  5.695037E+00 -1.075667E+00
  7.873000E+00  5.666714E+00 -1.074548E+00
  7.890683E+00  5.643187E+00 -1.079286E+00
  7.894739E+00  5.638390E+00 -1.080373E+00
  7.908673E+00  5.610067E+00 -1.084107E+00
  7.914827E+00  5.581744E+00 -1.085756E+00
  7.918041E+00  5.577652E+00 -1.086617E+00
  7.941578E+00  5.553421E+00 -1.092924E+00
  7.944468E+00  5.525098E+00 -1.093698E+00
  7.945399E+00  5.524365E+00 -1.093948E+00
  7.972757E+00  5.498493E+00 -1.101278E+00
  7.975447E+00  5.496775E+00 -1.101999E+00
  7.993584E+00  5.468452E+00 -1.106859E+00
  8.000115E+00  5.464143E+00 -1.108609E+00
  8.025959E+00  5.440129E+00 -1.115533E+00
  8.027473E+00  5.438222E+00 -1.115939E+00
  8.054831E+00  5.418060E+00 -1.123270E+00
  8.068673E+00  5.411805E+00 -1.126979E+00
  8.082189E+00  5.393520E+00 -1.130600E+00
  8.109547E+00  5.402777E+00 -1.137931E+00
  8.113366E+00  5.411805E+00 -1.138954E+00
  8.109547E+00  5.417637E+00 -1.137931E+00
  8.095798E+00  5.440129E+00 -1.134247E+00
  8.109547E+00  5.465347E+00 -1.137931E+00
  8.110625E+00  5.468452E+00 -1.138220E+00
  8.109547E+00  5.470789E+00 -1.137931E+00
Theta(deg) =   0.000000 , Phi(deg) =  17.500000 , Number of orbits =     7 , (Angstrom^-1) units
Slice   =    190 , Freq(kT, average of all copies)              =   0.3008
Orbit # =      0 , Freq(kT, this largest copy used for outline) =   0.3046
Points  =     31
  kx            ky            kz
  1.219797E+01  9.387363E+00 -8.606728E-01
  1.217096E+01  9.403353E+00 -8.521558E-01
  1.214395E+01  9.396172E+00 -8.436389E-01
  1.211694E+01  9.380750E+00 -8.351220E-01
  1.211668E+01  9.380523E+00 -8.350418E-01
  1.208992E+01  9.362079E+00 -8.266051E-01
  1.208257E+01  9.352199E+00 -8.242859E-01
  1.207359E+01  9.323876E+00 -8.214559E-01
  1.206291E+01  9.304459E+00 -8.180881E-01
  1.205613E+01  9.295553E+00 -8.159504E-01
  1.203590E+01  9.278381E+00 -8.095712E-01
  1.202523E+01  9.267230E+00 -8.062073E-01
  1.201216E+01  9.238907E+00 -8.020881E-01
  1.201771E+01  9.210584E+00 -8.038355E-01
  1.202800E+01  9.182261E+00 -8.070818E-01
  1.203590E+01  9.172934E+00 -8.095712E-01
  1.206291E+01  9.162577E+00 -8.180881E-01
  1.208992E+01  9.162444E+00 -8.266051E-01
  1.211694E+01  9.167216E+00 -8.351220E-01
  1.212594E+01  9.182261E+00 -8.379600E-01
  1.213462E+01  9.210584E+00 -8.406973E-01
  1.214395E+01  9.229688E+00 -8.436389E-01
  1.214917E+01  9.238907E+00 -8.452846E-01
  1.217096E+01  9.260239E+00 -8.521558E-01
  1.217753E+01  9.267230E+00 -8.542283E-01
  1.219308E+01  9.295553E+00 -8.591296E-01
  1.219797E+01  9.314932E+00 -8.606728E-01
  1.220035E+01  9.323876E+00 -8.614223E-01
  1.220345E+01  9.352199E+00 -8.623993E-01
  1.220322E+01  9.380523E+00 -8.623272E-01
  1.219797E+01  9.387363E+00 -8.606728E-01
Slice   =    206 , Freq(kT, average of all copies)              =   0.3117
Orbit # =      0 , Freq(kT, this largest copy used for outline) =   0.3146
Points  =     33
  kx            ky            kz
  8.390454E+00  5.163089E+00  2.902404E+00
  8.363442E+00  5.184306E+00  2.910921E+00
  8.336430E+00  5.176657E+00  2.919438E+00
  8.319238E+00  5.157593E+00  2.924858E+00
  8.309417E+00  5.152283E+00  2.927954E+00
  8.282405E+00  5.132248E+00  2.936471E+00
  8.279859E+00  5.129270E+00  2.937274E+00
  8.255393E+00  5.107031E+00  2.944988E+00
  8.250505E+00  5.100947E+00  2.946530E+00
  8.243520E+00  5.072624E+00  2.948732E+00
  8.229748E+00  5.044300E+00  2.953074E+00
  8.228381E+00  5.042139E+00  2.953505E+00
  8.201368E+00  5.018969E+00  2.962022E+00
  8.199301E+00  5.015977E+00  2.962674E+00
  8.201368E+00  5.005237E+00  2.962022E+00
  8.209394E+00  4.987654E+00  2.959492E+00
  8.228381E+00  4.966020E+00  2.953505E+00
  8.238423E+00  4.959331E+00  2.950339E+00
  8.255393E+00  4.948239E+00  2.944988E+00
  8.282405E+00  4.936320E+00  2.936471E+00
  8.309417E+00  4.950576E+00  2.927954E+00
  8.314953E+00  4.959331E+00  2.926209E+00
  8.328709E+00  4.987654E+00  2.921872E+00
  8.336430E+00  4.995226E+00  2.919438E+00
  8.363442E+00  5.009591E+00  2.910921E+00
  8.366957E+00  5.015977E+00  2.909812E+00
  8.378699E+00  5.044300E+00  2.906110E+00
  8.384069E+00  5.072624E+00  2.904417E+00
  8.390454E+00  5.092108E+00  2.902404E+00
  8.396219E+00  5.100947E+00  2.900586E+00
  8.405847E+00  5.129270E+00  2.897550E+00
  8.399747E+00  5.157593E+00  2.899474E+00
  8.390454E+00  5.163089E+00  2.902404E+00
Slice   =     15 , Freq(kT, average of all copies)              =   0.3177
Orbit # =      0 , Freq(kT, this largest copy used for outline) =   0.3220
Points  =     33
  kx            ky            kz
  6.432037E-01  1.518550E+00 -2.061047E+00
  6.168299E-01  1.528058E+00 -2.052731E+00
  6.161914E-01  1.528145E+00 -2.052530E+00
  5.891792E-01  1.540471E+00 -2.044013E+00
  5.621669E-01  1.533941E+00 -2.035496E+00
  5.572043E-01  1.528058E+00 -2.033931E+00
  5.351547E-01  1.504431E+00 -2.026979E+00
  5.314120E-01  1.499734E+00 -2.025799E+00
  5.240283E-01  1.471411E+00 -2.023471E+00
  5.081424E-01  1.451151E+00 -2.018462E+00
  5.010520E-01  1.443088E+00 -2.016227E+00
  4.811302E-01  1.427076E+00 -2.009945E+00
  4.721330E-01  1.414765E+00 -2.007108E+00
  4.699451E-01  1.386442E+00 -2.006419E+00
  4.656667E-01  1.358119E+00 -2.005070E+00
  4.563403E-01  1.329796E+00 -2.002129E+00
  4.811302E-01  1.302190E+00 -2.009945E+00
  4.822074E-01  1.301473E+00 -2.010285E+00
  5.081424E-01  1.288952E+00 -2.018462E+00
  5.265718E-01  1.301473E+00 -2.024273E+00
  5.351547E-01  1.307289E+00 -2.026979E+00
  5.621669E-01  1.321266E+00 -2.035496E+00
  5.723984E-01  1.329796E+00 -2.038722E+00
  5.891792E-01  1.350605E+00 -2.044013E+00
  5.934635E-01  1.358119E+00 -2.045364E+00
  6.045743E-01  1.386442E+00 -2.048867E+00
  6.161914E-01  1.404155E+00 -2.052530E+00
  6.347930E-01  1.414765E+00 -2.058395E+00
  6.432037E-01  1.421654E+00 -2.061047E+00
  6.536568E-01  1.443088E+00 -2.064343E+00
  6.608826E-01  1.471411E+00 -2.066621E+00
  6.490046E-01  1.499734E+00 -2.062876E+00
  6.432037E-01  1.518550E+00 -2.061047E+00
Slice   =    122 , Freq(kT, average of all copies)              =   0.4687
Orbit # =      0 , Freq(kT, this largest copy used for outline) =   0.4780
Points  =     55
  kx            ky            kz
  5.870843E+00  3.551773E+00 -1.865701E-01
  5.859056E+00  3.570106E+00 -1.828537E-01
  5.843831E+00  3.579382E+00 -1.780531E-01
  5.823133E+00  3.598429E+00 -1.715271E-01
  5.816819E+00  3.605376E+00 -1.695362E-01
  5.789806E+00  3.622012E+00 -1.610193E-01
  5.784759E+00  3.626752E+00 -1.594278E-01
  5.762794E+00  3.640189E+00 -1.525024E-01
  5.735782E+00  3.655010E+00 -1.439854E-01
  5.735615E+00  3.655075E+00 -1.439327E-01
  5.708770E+00  3.662820E+00 -1.354685E-01
  5.681757E+00  3.655857E+00 -1.269516E-01
  5.654745E+00  3.667980E+00 -1.184346E-01
  5.627733E+00  3.657450E+00 -1.099177E-01
  5.618688E+00  3.655075E+00 -1.070660E-01
  5.600721E+00  3.650934E+00 -1.014008E-01
  5.581427E+00  3.655075E+00 -9.531747E-02
  5.573708E+00  3.656475E+00 -9.288385E-02
  5.571807E+00  3.655075E+00 -9.228422E-02
  5.546696E+00  3.640228E+00 -8.436692E-02
  5.519684E+00  3.633655E+00 -7.584999E-02
  5.507195E+00  3.626752E+00 -7.191217E-02
  5.492672E+00  3.615940E+00 -6.733306E-02
  5.465825E+00  3.626752E+00 -5.886826E-02
  5.465659E+00  3.626784E+00 -5.881613E-02
  5.465600E+00  3.626752E+00 -5.879726E-02
  5.438647E+00  3.598770E+00 -5.029920E-02
  5.438022E+00  3.598429E+00 -5.010201E-02
  5.438647E+00  3.597601E+00 -5.029920E-02
  5.464716E+00  3.570106E+00 -5.851866E-02
  5.465659E+00  3.569404E+00 -5.881613E-02
  5.492672E+00  3.566095E+00 -6.733306E-02
  5.519684E+00  3.548518E+00 -7.584999E-02
  5.528519E+00  3.541783E+00 -7.863556E-02
  5.546696E+00  3.526454E+00 -8.436692E-02
  5.573708E+00  3.534648E+00 -9.288385E-02
  5.600721E+00  3.517984E+00 -1.014008E-01
  5.627733E+00  3.523044E+00 -1.099177E-01
  5.654745E+00  3.520201E+00 -1.184346E-01
  5.668290E+00  3.513460E+00 -1.227053E-01
  5.681757E+00  3.508395E+00 -1.269516E-01
  5.691368E+00  3.513460E+00 -1.299817E-01
  5.708770E+00  3.523729E+00 -1.354685E-01
  5.729960E+00  3.513460E+00 -1.421498E-01
  5.735782E+00  3.510467E+00 -1.439854E-01
  5.745436E+00  3.513460E+00 -1.470292E-01
  5.762794E+00  3.521753E+00 -1.525024E-01
  5.789806E+00  3.528526E+00 -1.610193E-01
  5.816819E+00  3.525806E+00 -1.695362E-01
  5.837604E+00  3.541783E+00 -1.760897E-01
  5.843831E+00  3.550500E+00 -1.780531E-01
  5.857692E+00  3.541783E+00 -1.824235E-01
  5.870843E+00  3.537272E+00 -1.865701E-01
  5.875521E+00  3.541783E+00 -1.880450E-01
  5.870843E+00  3.551773E+00 -1.865701E-01
Slice   =     35 , Freq(kT, average of all copies)              =   0.4694
Orbit # =      0 , Freq(kT, this largest copy used for outline) =   0.4822
Points  =     57
  kx            ky            kz
  3.379706E+00  4.491089E+00 -2.851762E+00
  3.372725E+00  4.504769E+00 -2.849561E+00
  3.352694E+00  4.514203E+00 -2.843245E+00
  3.334072E+00  4.533093E+00 -2.837374E+00
  3.325682E+00  4.538401E+00 -2.834728E+00
  3.298669E+00  4.548299E+00 -2.826212E+00
  3.282790E+00  4.561416E+00 -2.821205E+00
  3.271657E+00  4.567044E+00 -2.817695E+00
  3.244645E+00  4.577990E+00 -2.809178E+00
  3.217633E+00  4.579963E+00 -2.800661E+00
  3.190620E+00  4.581197E+00 -2.792144E+00
  3.175308E+00  4.589739E+00 -2.787316E+00
  3.163608E+00  4.595625E+00 -2.783627E+00
  3.148557E+00  4.589739E+00 -2.778881E+00
  3.136596E+00  4.584860E+00 -2.775110E+00
  3.109584E+00  4.587332E+00 -2.766593E+00
  3.098391E+00  4.589739E+00 -2.763064E+00
  3.082571E+00  4.592681E+00 -2.758076E+00
  3.077837E+00  4.589739E+00 -2.756583E+00
  3.055559E+00  4.578656E+00 -2.749559E+00
  3.034916E+00  4.589739E+00 -2.743050E+00
  3.028547E+00  4.593555E+00 -2.741042E+00
  3.016690E+00  4.589739E+00 -2.737304E+00
  3.001535E+00  4.579462E+00 -2.732525E+00
  2.974522E+00  4.575934E+00 -2.724008E+00
  2.951156E+00  4.589739E+00 -2.716641E+00
  2.947510E+00  4.590936E+00 -2.715491E+00
  2.945644E+00  4.589739E+00 -2.714903E+00
  2.920498E+00  4.564533E+00 -2.706974E+00
  2.911029E+00  4.561416E+00 -2.703989E+00
  2.920498E+00  4.555228E+00 -2.706974E+00
  2.943975E+00  4.533093E+00 -2.714377E+00
  2.947510E+00  4.529413E+00 -2.715491E+00
  2.974522E+00  4.512265E+00 -2.724008E+00
  3.001535E+00  4.506421E+00 -2.732525E+00
  3.003353E+00  4.504769E+00 -2.733099E+00
  3.028547E+00  4.485092E+00 -2.741042E+00
  3.041554E+00  4.476446E+00 -2.745143E+00
  3.055559E+00  4.466073E+00 -2.749559E+00
  3.082571E+00  4.468683E+00 -2.758076E+00
  3.109584E+00  4.450251E+00 -2.766593E+00
  3.136596E+00  4.453306E+00 -2.775110E+00
  3.163608E+00  4.454181E+00 -2.783627E+00
  3.176314E+00  4.448123E+00 -2.787633E+00
  3.190620E+00  4.441971E+00 -2.792144E+00
  3.202021E+00  4.448123E+00 -2.795739E+00
  3.217633E+00  4.458129E+00 -2.800661E+00
  3.244645E+00  4.448770E+00 -2.809178E+00
  3.271657E+00  4.467576E+00 -2.817695E+00
  3.298669E+00  4.469278E+00 -2.826212E+00
  3.325682E+00  4.473871E+00 -2.834728E+00
  3.329933E+00  4.476446E+00 -2.836069E+00
  3.352694E+00  4.499184E+00 -2.843245E+00
  3.377439E+00  4.476446E+00 -2.851047E+00
  3.379706E+00  4.475559E+00 -2.851762E+00
  3.380720E+00  4.476446E+00 -2.852082E+00
  3.379706E+00  4.491089E+00 -2.851762E+00
Slice   =    126 , Freq(kT, average of all copies)              =   0.4694
Orbit # =      0 , Freq(kT, this largest copy used for outline) =   0.4782
Points  =     51
  kx            ky            kz
  6.093997E+00  5.019553E+00  3.837126E-01
  6.066984E+00  5.018683E+00  3.922295E-01
  6.039972E+00  5.043550E+00  4.007464E-01
  6.031055E+00  5.044300E+00  4.035579E-01
  6.012960E+00  5.045169E+00  4.092634E-01
  5.985948E+00  5.053715E+00  4.177803E-01
  5.958935E+00  5.060051E+00  4.262972E-01
  5.931923E+00  5.070699E+00  4.348142E-01
  5.904911E+00  5.063848E+00  4.433311E-01
  5.877899E+00  5.071543E+00  4.518480E-01
  5.850886E+00  5.069231E+00  4.603650E-01
  5.823874E+00  5.064870E+00  4.688819E-01
  5.802573E+00  5.072624E+00  4.755983E-01
  5.796862E+00  5.074796E+00  4.773988E-01
  5.793840E+00  5.072624E+00  4.783515E-01
  5.769850E+00  5.055119E+00  4.859157E-01
  5.742837E+00  5.058686E+00  4.944327E-01
  5.719556E+00  5.044300E+00  5.017734E-01
  5.715825E+00  5.037133E+00  5.029496E-01
  5.708835E+00  5.044300E+00  5.051537E-01
  5.688813E+00  5.049531E+00  5.114665E-01
  5.676977E+00  5.044300E+00  5.151985E-01
  5.688813E+00  5.032827E+00  5.114665E-01
  5.704687E+00  5.015977E+00  5.064613E-01
  5.715825E+00  5.005427E+00  5.029496E-01
  5.729845E+00  4.987654E+00  4.985292E-01
  5.742837E+00  4.977800E+00  4.944327E-01
  5.766014E+00  4.959331E+00  4.871252E-01
  5.769850E+00  4.955140E+00  4.859157E-01
  5.796862E+00  4.946706E+00  4.773988E-01
  5.814124E+00  4.931008E+00  4.719561E-01
  5.823874E+00  4.924215E+00  4.688819E-01
  5.850886E+00  4.930093E+00  4.603650E-01
  5.877899E+00  4.921911E+00  4.518480E-01
  5.904911E+00  4.918629E+00  4.433311E-01
  5.923308E+00  4.931008E+00  4.375304E-01
  5.931923E+00  4.937000E+00  4.348142E-01
  5.943627E+00  4.931008E+00  4.311241E-01
  5.958935E+00  4.923014E+00  4.262972E-01
  5.970955E+00  4.931008E+00  4.225075E-01
  5.985948E+00  4.944323E+00  4.177803E-01
  6.012960E+00  4.945207E+00  4.092634E-01
  6.039972E+00  4.953606E+00  4.007464E-01
  6.053094E+00  4.959331E+00  3.966093E-01
  6.066984E+00  4.968493E+00  3.922295E-01
  6.077760E+00  4.959331E+00  3.888320E-01
  6.093997E+00  4.952789E+00  3.837126E-01
  6.100413E+00  4.959331E+00  3.816895E-01
  6.107841E+00  4.987654E+00  3.793475E-01
  6.098627E+00  5.015977E+00  3.822526E-01
  6.093997E+00  5.019553E+00  3.837126E-01
Slice   =     71 , Freq(kT, average of all copies)              =   0.5789
Orbit # =      0 , Freq(kT, this largest copy used for outline) =   0.5867
Points  =     61
  kx            ky            kz
  5.117965E+00  3.572563E+00 -1.808866E+00
  5.094625E+00  3.599821E+00 -1.801507E+00
  5.096974E+00  3.628144E+00 -1.802248E+00
  5.090953E+00  3.643537E+00 -1.800349E+00
  5.086971E+00  3.656467E+00 -1.799094E+00
  5.074015E+00  3.684790E+00 -1.795009E+00
  5.073824E+00  3.713113E+00 -1.794949E+00
  5.063940E+00  3.724320E+00 -1.791833E+00
  5.044713E+00  3.741436E+00 -1.785770E+00
  5.043220E+00  3.769760E+00 -1.785299E+00
  5.036928E+00  3.777417E+00 -1.783316E+00
  5.022801E+00  3.798083E+00 -1.778861E+00
  5.009916E+00  3.817819E+00 -1.774799E+00
  5.001763E+00  3.826406E+00 -1.772228E+00
  4.995026E+00  3.854729E+00 -1.770104E+00
  4.982904E+00  3.869217E+00 -1.766282E+00
  4.968496E+00  3.883052E+00 -1.761739E+00
  4.955891E+00  3.904212E+00 -1.757765E+00
  4.949496E+00  3.911375E+00 -1.755748E+00
  4.928879E+00  3.934588E+00 -1.749248E+00
  4.921690E+00  3.939698E+00 -1.746981E+00
  4.901867E+00  3.964664E+00 -1.740731E+00
  4.898238E+00  3.968021E+00 -1.739587E+00
  4.874855E+00  3.979567E+00 -1.732214E+00
  4.854726E+00  3.996345E+00 -1.725868E+00
  4.847842E+00  4.005251E+00 -1.723697E+00
  4.829100E+00  4.024668E+00 -1.717788E+00
  4.820830E+00  4.028637E+00 -1.715180E+00
  4.813349E+00  4.024668E+00 -1.712822E+00
  4.820830E+00  4.017117E+00 -1.715180E+00
  4.840434E+00  3.996345E+00 -1.721361E+00
  4.821167E+00  3.968021E+00 -1.715286E+00
  4.827283E+00  3.939698E+00 -1.717215E+00
  4.839601E+00  3.911375E+00 -1.721099E+00
  4.831316E+00  3.883052E+00 -1.718486E+00
  4.847842E+00  3.865685E+00 -1.723697E+00
  4.859181E+00  3.854729E+00 -1.727272E+00
  4.851035E+00  3.826406E+00 -1.724704E+00
  4.874855E+00  3.802111E+00 -1.732214E+00
  4.879136E+00  3.798083E+00 -1.733564E+00
  4.888774E+00  3.769760E+00 -1.736603E+00
  4.900591E+00  3.741436E+00 -1.740329E+00
  4.901867E+00  3.739607E+00 -1.740731E+00
  4.926232E+00  3.713113E+00 -1.748413E+00
  4.928530E+00  3.684790E+00 -1.749138E+00
  4.928879E+00  3.684548E+00 -1.749248E+00
  4.955891E+00  3.662458E+00 -1.757765E+00
  4.962169E+00  3.656467E+00 -1.759744E+00
  4.976450E+00  3.628144E+00 -1.764247E+00
  4.982904E+00  3.623784E+00 -1.766282E+00
  5.009916E+00  3.602119E+00 -1.774799E+00
  5.014018E+00  3.599821E+00 -1.776092E+00
  5.036928E+00  3.578392E+00 -1.783316E+00
  5.045832E+00  3.571498E+00 -1.786123E+00
  5.063940E+00  3.548428E+00 -1.791833E+00
  5.068458E+00  3.543174E+00 -1.793257E+00
  5.090953E+00  3.531511E+00 -1.800349E+00
  5.097509E+00  3.543174E+00 -1.802417E+00
  5.117965E+00  3.570097E+00 -1.808866E+00
  5.118575E+00  3.571498E+00 -1.809059E+00
  5.117965E+00  3.572563E+00 -1.808866E+00
Theta(deg) =   0.000000 , Phi(deg) =  20.000000 , Number of orbits =    10 , (Angstrom^-1) units
Slice   =     74 , Freq(kT, average of all copies)              =   0.2955
Orbit # =      0 , Freq(kT, this largest copy used for outline) =   0.2981
Points  =     29
  kx            ky            kz
  5.964312E+00  5.743063E+00 -3.314417E+00
  5.937697E+00  5.742550E+00 -3.304730E+00
  5.911082E+00  5.740027E+00 -3.295043E+00
  5.894894E+00  5.725447E+00 -3.289151E+00
  5.884467E+00  5.713674E+00 -3.285356E+00
  5.873251E+00  5.697124E+00 -3.281273E+00
  5.864627E+00  5.668801E+00 -3.278134E+00
  5.857852E+00  5.659937E+00 -3.275669E+00
  5.841124E+00  5.640478E+00 -3.269580E+00
  5.831237E+00  5.630473E+00 -3.265981E+00
  5.812437E+00  5.612155E+00 -3.259139E+00
  5.810642E+00  5.583831E+00 -3.258485E+00
  5.809645E+00  5.555508E+00 -3.258123E+00
  5.811198E+00  5.527185E+00 -3.258688E+00
  5.831237E+00  5.507819E+00 -3.265981E+00
  5.857852E+00  5.506575E+00 -3.275669E+00
  5.884467E+00  5.517061E+00 -3.285356E+00
  5.911082E+00  5.523396E+00 -3.295043E+00
  5.914046E+00  5.527185E+00 -3.296121E+00
  5.924838E+00  5.555508E+00 -3.300049E+00
  5.933190E+00  5.583831E+00 -3.303089E+00
  5.937697E+00  5.591805E+00 -3.304730E+00
  5.961638E+00  5.612155E+00 -3.313444E+00
  5.964312E+00  5.615231E+00 -3.314417E+00
  5.980192E+00  5.640478E+00 -3.320196E+00
  5.989732E+00  5.668801E+00 -3.323669E+00
  5.985863E+00  5.697124E+00 -3.322260E+00
  5.980745E+00  5.725447E+00 -3.320398E+00
  5.964312E+00  5.743063E+00 -3.314417E+00
Slice   =    143 , Freq(kT, average of all copies)              =   0.2958
Orbit # =      0 , Freq(kT, this largest copy used for outline) =   0.2996
Points  =     33
  kx            ky            kz
  7.589958E+00  5.993255E+00 -3.252165E-01
  7.563343E+00  5.988202E+00 -3.155295E-01
  7.536728E+00  5.981906E+00 -3.058424E-01
  7.532109E+00  5.978268E+00 -3.041614E-01
  7.510113E+00  5.965763E+00 -2.961553E-01
  7.495234E+00  5.949945E+00 -2.907398E-01
  7.485798E+00  5.921622E+00 -2.873055E-01
  7.483498E+00  5.918222E+00 -2.864682E-01
  7.469861E+00  5.893299E+00 -2.815047E-01
  7.456883E+00  5.880670E+00 -2.767811E-01
  7.438275E+00  5.864976E+00 -2.700084E-01
  7.430268E+00  5.844663E+00 -2.670941E-01
  7.427799E+00  5.836652E+00 -2.661955E-01
  7.428075E+00  5.808329E+00 -2.662958E-01
  7.429021E+00  5.780006E+00 -2.666403E-01
  7.430268E+00  5.776028E+00 -2.670941E-01
  7.453338E+00  5.751683E+00 -2.754909E-01
  7.456883E+00  5.750046E+00 -2.767811E-01
  7.470930E+00  5.751683E+00 -2.818940E-01
  7.483498E+00  5.753435E+00 -2.864682E-01
  7.510113E+00  5.762210E+00 -2.961553E-01
  7.532696E+00  5.780006E+00 -3.043750E-01
  7.536728E+00  5.786219E+00 -3.058424E-01
  7.543162E+00  5.808329E+00 -3.081842E-01
  7.558832E+00  5.836652E+00 -3.138876E-01
  7.563343E+00  5.843736E+00 -3.155295E-01
  7.589958E+00  5.862636E+00 -3.252165E-01
  7.591864E+00  5.864976E+00 -3.259105E-01
  7.603856E+00  5.893299E+00 -3.302751E-01
  7.607561E+00  5.921622E+00 -3.316238E-01
  7.605573E+00  5.949945E+00 -3.308999E-01
  7.603335E+00  5.978268E+00 -3.300855E-01
  7.589958E+00  5.993255E+00 -3.252165E-01
Slice   =     24 , Freq(kT, average of all copies)              =   0.2972
Orbit # =      0 , Freq(kT, this largest copy used for outline) =   0.2997
Points  =     31
  kx            ky            kz
 -1.900676E+00 -6.122302E-01 -3.503557E-01
 -1.927291E+00 -6.007883E-01 -3.406686E-01
 -1.953906E+00 -6.085864E-01 -3.309815E-01
 -1.980521E+00 -6.238660E-01 -3.212944E-01
 -1.981178E+00 -6.245004E-01 -3.210554E-01
 -2.007136E+00 -6.459933E-01 -3.116074E-01
 -2.011538E+00 -6.528235E-01 -3.100051E-01
 -2.019151E+00 -6.811467E-01 -3.072342E-01
 -2.033751E+00 -7.077894E-01 -3.019203E-01
 -2.035570E+00 -7.094698E-01 -3.012582E-01
 -2.060366E+00 -7.256883E-01 -2.922332E-01
 -2.070693E+00 -7.377929E-01 -2.884743E-01
 -2.075365E+00 -7.661161E-01 -2.867740E-01
 -2.071381E+00 -7.944392E-01 -2.882240E-01
 -2.062748E+00 -8.227623E-01 -2.913663E-01
 -2.060366E+00 -8.258220E-01 -2.922332E-01
 -2.033751E+00 -8.388855E-01 -3.019203E-01
 -2.007136E+00 -8.393454E-01 -3.116074E-01
 -1.980521E+00 -8.361175E-01 -3.212944E-01
 -1.971569E+00 -8.227623E-01 -3.245525E-01
 -1.961437E+00 -7.944392E-01 -3.282406E-01
 -1.953906E+00 -7.804941E-01 -3.309815E-01
 -1.946233E+00 -7.661161E-01 -3.337743E-01
 -1.927291E+00 -7.466793E-01 -3.406686E-01
 -1.918479E+00 -7.377929E-01 -3.438757E-01
 -1.901780E+00 -7.094698E-01 -3.499537E-01
 -1.900676E+00 -7.052017E-01 -3.503557E-01
 -1.895287E+00 -6.811467E-01 -3.523170E-01
 -1.891541E+00 -6.528235E-01 -3.536805E-01
 -1.891074E+00 -6.245004E-01 -3.538506E-01
 -1.900676E+00 -6.122302E-01 -3.503557E-01
Slice   =    134 , Freq(kT, average of all copies)              =   0.3150
Orbit # =      0 , Freq(kT, this largest copy used for outline) =   0.3186
Points  =     35
  kx            ky            kz
  6.774995E+00  5.165571E+00  2.005276E-01
  6.750266E+00  5.183133E+00  2.095282E-01
  6.748380E+00  5.185521E+00  2.102146E-01
  6.744459E+00  5.183133E+00  2.116419E-01
  6.721765E+00  5.173524E+00  2.199017E-01
  6.705725E+00  5.154810E+00  2.257397E-01
  6.695150E+00  5.148708E+00  2.295888E-01
  6.668535E+00  5.130882E+00  2.392759E-01
  6.665076E+00  5.126487E+00  2.405349E-01
  6.641920E+00  5.099396E+00  2.489630E-01
  6.640684E+00  5.098164E+00  2.494128E-01
  6.632723E+00  5.069841E+00  2.523102E-01
  6.615305E+00  5.042398E+00  2.586500E-01
  6.614567E+00  5.041517E+00  2.589185E-01
  6.588690E+00  5.016656E+00  2.683371E-01
  6.586090E+00  5.013194E+00  2.692831E-01
  6.588690E+00  5.003667E+00  2.683371E-01
  6.600600E+00  4.984871E+00  2.640023E-01
  6.615305E+00  4.966117E+00  2.586500E-01
  6.629456E+00  4.956548E+00  2.534994E-01
  6.641920E+00  4.948721E+00  2.489630E-01
  6.668535E+00  4.936497E+00  2.392759E-01
  6.695150E+00  4.942721E+00  2.295888E-01
  6.703645E+00  4.956548E+00  2.264969E-01
  6.714702E+00  4.984871E+00  2.224724E-01
  6.721765E+00  4.992417E+00  2.199017E-01
  6.748380E+00  5.006622E+00  2.102146E-01
  6.751895E+00  5.013194E+00  2.089351E-01
  6.764630E+00  5.041517E+00  2.042999E-01
  6.770310E+00  5.069841E+00  2.022327E-01
  6.774995E+00  5.084423E+00  2.005276E-01
  6.783584E+00  5.098164E+00  1.974013E-01
  6.794111E+00  5.126487E+00  1.935698E-01
  6.792954E+00  5.154810E+00  1.939911E-01
  6.774995E+00  5.165571E+00  2.005276E-01
Slice   =    145 , Freq(kT, average of all copies)              =   0.3197
Orbit # =      0 , Freq(kT, this largest copy used for outline) =   0.3240
Points  =     35
  kx            ky            kz
  9.010756E+00  6.770579E+00 -8.035257E-01
  8.984141E+00  6.771351E+00 -7.938386E-01
  8.982896E+00  6.772011E+00 -7.933855E-01
  8.961575E+00  6.800335E+00 -7.856253E-01
  8.957526E+00  6.802568E+00 -7.841516E-01
  8.943188E+00  6.800335E+00 -7.789330E-01
  8.930911E+00  6.797777E+00 -7.744645E-01
  8.904296E+00  6.774926E+00 -7.647774E-01
  8.901798E+00  6.772011E+00 -7.638682E-01
  8.889022E+00  6.743688E+00 -7.592184E-01
  8.877681E+00  6.732782E+00 -7.550903E-01
  8.863021E+00  6.715365E+00 -7.497546E-01
  8.851066E+00  6.702236E+00 -7.454032E-01
  8.841681E+00  6.687042E+00 -7.419875E-01
  8.838506E+00  6.658719E+00 -7.408319E-01
  8.829321E+00  6.630396E+00 -7.374888E-01
  8.824451E+00  6.614684E+00 -7.357162E-01
  8.811484E+00  6.602073E+00 -7.309967E-01
  8.824451E+00  6.591145E+00 -7.357162E-01
  8.837792E+00  6.573750E+00 -7.405720E-01
  8.851066E+00  6.563968E+00 -7.454032E-01
  8.877681E+00  6.549166E+00 -7.550903E-01
  8.903958E+00  6.573750E+00 -7.646545E-01
  8.904296E+00  6.574004E+00 -7.647774E-01
  8.930911E+00  6.592674E+00 -7.744645E-01
  8.943129E+00  6.602073E+00 -7.789116E-01
  8.957526E+00  6.618096E+00 -7.841516E-01
  8.965135E+00  6.630396E+00 -7.869211E-01
  8.975726E+00  6.658719E+00 -7.907760E-01
  8.984141E+00  6.673823E+00 -7.938386E-01
  9.004309E+00  6.687042E+00 -8.011794E-01
  9.010756E+00  6.693127E+00 -8.035257E-01
  9.020391E+00  6.715365E+00 -8.070328E-01
  9.022004E+00  6.743688E+00 -8.076196E-01
  9.010756E+00  6.770579E+00 -8.035257E-01
Slice   =    197 , Freq(kT, average of all copies)              =   0.4299
Orbit # =      0 , Freq(kT, this largest copy used for outline) =   0.4388
Points  =     47
  kx            ky            kz
  1.166113E+01  9.022141E+00  2.995309E-01
  1.163848E+01  9.039949E+00  3.077757E-01
  1.163451E+01  9.041393E+00  3.092180E-01
  1.160790E+01  9.048659E+00  3.189050E-01
  1.158128E+01  9.059728E+00  3.285921E-01
  1.155467E+01  9.058765E+00  3.382792E-01
  1.153387E+01  9.068272E+00  3.458507E-01
  1.152805E+01  9.070738E+00  3.479663E-01
  1.150144E+01  9.069098E+00  3.576534E-01
  1.149929E+01  9.068272E+00  3.584365E-01
  1.147482E+01  9.060703E+00  3.673404E-01
  1.145598E+01  9.068272E+00  3.741979E-01
  1.144821E+01  9.071601E+00  3.770275E-01
  1.144046E+01  9.068272E+00  3.798470E-01
  1.142159E+01  9.058794E+00  3.867146E-01
  1.139498E+01  9.057381E+00  3.964017E-01
  1.136836E+01  9.067868E+00  4.060888E-01
  1.134175E+01  9.046293E+00  4.157759E-01
  1.131513E+01  9.047069E+00  4.254629E-01
  1.130555E+01  9.039949E+00  4.289496E-01
  1.129216E+01  9.011626E+00  4.338256E-01
  1.131513E+01  8.992479E+00  4.254629E-01
  1.132355E+01  8.983303E+00  4.224004E-01
  1.134175E+01  8.978017E+00  4.157759E-01
  1.136836E+01  8.967521E+00  4.060888E-01
  1.139007E+01  8.954980E+00  3.981887E-01
  1.139498E+01  8.950715E+00  3.964017E-01
  1.142159E+01  8.944808E+00  3.867146E-01
  1.144821E+01  8.939052E+00  3.770275E-01
  1.146737E+01  8.926657E+00  3.700525E-01
  1.147482E+01  8.923301E+00  3.673404E-01
  1.148141E+01  8.926657E+00  3.649433E-01
  1.150144E+01  8.938243E+00  3.576534E-01
  1.152785E+01  8.926657E+00  3.480408E-01
  1.152805E+01  8.926547E+00  3.479663E-01
  1.152837E+01  8.926657E+00  3.478519E-01
  1.155467E+01  8.938932E+00  3.382792E-01
  1.158128E+01  8.942254E+00  3.285921E-01
  1.160790E+01  8.945759E+00  3.189050E-01
  1.162333E+01  8.954980E+00  3.132900E-01
  1.163451E+01  8.964822E+00  3.092180E-01
  1.165028E+01  8.954980E+00  3.034795E-01
  1.166113E+01  8.951413E+00  2.995309E-01
  1.166580E+01  8.954980E+00  2.978292E-01
  1.168142E+01  8.983303E+00  2.921439E-01
  1.167300E+01  9.011626E+00  2.952095E-01
  1.166113E+01  9.022141E+00  2.995309E-01
Slice   =    200 , Freq(kT, average of all copies)              =   0.4445
Orbit # =      0 , Freq(kT, this largest copy used for outline) =   0.4539
Points  =     49
  kx            ky            kz
  1.225828E+01  8.363822E+00 -8.496331E-01
  1.224575E+01  8.389213E+00 -8.450746E-01
  1.223166E+01  8.404455E+00 -8.399461E-01
  1.221375E+01  8.417536E+00 -8.334243E-01
  1.220505E+01  8.423562E+00 -8.302590E-01
  1.217843E+01  8.440567E+00 -8.205719E-01
  1.216901E+01  8.445859E+00 -8.171430E-01
  1.215182E+01  8.454088E+00 -8.108848E-01
  1.213096E+01  8.445859E+00 -8.032934E-01
  1.212520E+01  8.443126E+00 -8.011977E-01
  1.209859E+01  8.442086E+00 -7.915106E-01
  1.207197E+01  8.443013E+00 -7.818236E-01
  1.204536E+01  8.429148E+00 -7.721365E-01
  1.201874E+01  8.419041E+00 -7.624494E-01
  1.201608E+01  8.417536E+00 -7.614800E-01
  1.199213E+01  8.404357E+00 -7.527623E-01
  1.196551E+01  8.411239E+00 -7.430752E-01
  1.193890E+01  8.392829E+00 -7.333882E-01
  1.191297E+01  8.389213E+00 -7.239509E-01
  1.191228E+01  8.386691E+00 -7.237011E-01
  1.188567E+01  8.362000E+00 -7.140140E-01
  1.188366E+01  8.360890E+00 -7.132831E-01
  1.188567E+01  8.358645E+00 -7.140140E-01
  1.190840E+01  8.332567E+00 -7.222883E-01
  1.191228E+01  8.328545E+00 -7.237011E-01
  1.193890E+01  8.324759E+00 -7.333882E-01
  1.196551E+01  8.309567E+00 -7.430752E-01
  1.197500E+01  8.304244E+00 -7.465292E-01
  1.199213E+01  8.297371E+00 -7.527623E-01
  1.201344E+01  8.304244E+00 -7.605179E-01
  1.201874E+01  8.306004E+00 -7.624494E-01
  1.202116E+01  8.304244E+00 -7.633274E-01
  1.204536E+01  8.293760E+00 -7.721365E-01
  1.206919E+01  8.304244E+00 -7.808095E-01
  1.207197E+01  8.305720E+00 -7.818236E-01
  1.207529E+01  8.304244E+00 -7.830305E-01
  1.209859E+01  8.296687E+00 -7.915106E-01
  1.212520E+01  8.295537E+00 -8.011977E-01
  1.214599E+01  8.304244E+00 -8.087630E-01
  1.215182E+01  8.306808E+00 -8.108848E-01
  1.215642E+01  8.304244E+00 -8.125612E-01
  1.217843E+01  8.294281E+00 -8.205719E-01
  1.219603E+01  8.304244E+00 -8.269781E-01
  1.220505E+01  8.313473E+00 -8.302590E-01
  1.223166E+01  8.316551E+00 -8.399461E-01
  1.225583E+01  8.332567E+00 -8.487400E-01
  1.225828E+01  8.349079E+00 -8.496331E-01
  1.226220E+01  8.360890E+00 -8.510619E-01
  1.225828E+01  8.363822E+00 -8.496331E-01
Slice   =    222 , Freq(kT, average of all copies)              =   0.4499
Orbit # =      0 , Freq(kT, this largest copy used for outline) =   0.4521
Points  =     43
  kx            ky            kz
  1.365073E+01  1.028033E+01  3.074355E-01
  1.362411E+01  1.028341E+01  3.171226E-01
  1.361872E+01  1.028686E+01  3.190853E-01
  1.359750E+01  1.031217E+01  3.268097E-01
  1.357088E+01  1.031514E+01  3.364968E-01
  1.357073E+01  1.031519E+01  3.365509E-01
  1.354427E+01  1.032095E+01  3.461838E-01
  1.351765E+01  1.032751E+01  3.558709E-01
  1.349103E+01  1.033190E+01  3.655580E-01
  1.346442E+01  1.032851E+01  3.752451E-01
  1.343780E+01  1.033018E+01  3.849322E-01
  1.341119E+01  1.032548E+01  3.946192E-01
  1.338457E+01  1.032809E+01  4.043063E-01
  1.335796E+01  1.032068E+01  4.139934E-01
  1.334883E+01  1.031519E+01  4.173172E-01
  1.333134E+01  1.030477E+01  4.236805E-01
  1.331500E+01  1.031519E+01  4.296277E-01
  1.330473E+01  1.032022E+01  4.333676E-01
  1.329757E+01  1.031519E+01  4.359738E-01
  1.328051E+01  1.028686E+01  4.421821E-01
  1.328559E+01  1.025854E+01  4.403327E-01
  1.330473E+01  1.024020E+01  4.333676E-01
  1.331556E+01  1.023022E+01  4.294248E-01
  1.333134E+01  1.021681E+01  4.236805E-01
  1.335796E+01  1.020196E+01  4.139934E-01
  1.335803E+01  1.020189E+01  4.139684E-01
  1.338457E+01  1.018697E+01  4.043063E-01
  1.341119E+01  1.018332E+01  3.946192E-01
  1.343780E+01  1.018579E+01  3.849322E-01
  1.346442E+01  1.017768E+01  3.752451E-01
  1.349103E+01  1.019959E+01  3.655580E-01
  1.351765E+01  1.019127E+01  3.558709E-01
  1.353463E+01  1.020189E+01  3.496923E-01
  1.354427E+01  1.021095E+01  3.461838E-01
  1.357088E+01  1.021540E+01  3.364968E-01
  1.359750E+01  1.022321E+01  3.268097E-01
  1.360911E+01  1.023022E+01  3.225827E-01
  1.362411E+01  1.024111E+01  3.171226E-01
  1.364090E+01  1.023022E+01  3.110122E-01
  1.365073E+01  1.022683E+01  3.074355E-01
  1.365404E+01  1.023022E+01  3.062302E-01
  1.366271E+01  1.025854E+01  3.030733E-01
  1.365073E+01  1.028033E+01  3.074355E-01
Slice   =    128 , Freq(kT, average of all copies)              =   0.4503
Orbit # =      0 , Freq(kT, this largest copy used for outline) =   0.4569
Points  =     47
  kx            ky            kz
  6.069843E+00  5.016341E+00  3.192622E-01
  6.043228E+00  5.019414E+00  3.289493E-01
  6.018800E+00  5.044300E+00  3.378404E-01
  6.016613E+00  5.045527E+00  3.386364E-01
  6.008742E+00  5.044300E+00  3.415010E-01
  5.989998E+00  5.038540E+00  3.483235E-01
  5.963383E+00  5.037788E+00  3.580106E-01
  5.956394E+00  5.044300E+00  3.605543E-01
  5.936768E+00  5.054292E+00  3.676976E-01
  5.910153E+00  5.045885E+00  3.773847E-01
  5.885651E+00  5.044300E+00  3.863027E-01
  5.883538E+00  5.044194E+00  3.870718E-01
  5.883297E+00  5.044300E+00  3.871595E-01
  5.856923E+00  5.053556E+00  3.967589E-01
  5.838297E+00  5.044300E+00  4.035380E-01
  5.830307E+00  5.040574E+00  4.064460E-01
  5.803692E+00  5.043794E+00  4.161331E-01
  5.777077E+00  5.041644E+00  4.258201E-01
  5.750462E+00  5.029361E+00  4.355072E-01
  5.723847E+00  5.022018E+00  4.451943E-01
  5.718910E+00  5.015977E+00  4.469913E-01
  5.710978E+00  4.987654E+00  4.498783E-01
  5.723847E+00  4.967700E+00  4.451943E-01
  5.729672E+00  4.959331E+00  4.430745E-01
  5.750462E+00  4.939902E+00  4.355072E-01
  5.762772E+00  4.931008E+00  4.310267E-01
  5.777077E+00  4.925128E+00  4.258201E-01
  5.803692E+00  4.904964E+00  4.161331E-01
  5.809767E+00  4.902685E+00  4.139220E-01
  5.830307E+00  4.897281E+00  4.064460E-01
  5.841609E+00  4.902685E+00  4.023327E-01
  5.856923E+00  4.908683E+00  3.967589E-01
  5.867406E+00  4.902685E+00  3.929431E-01
  5.883538E+00  4.890813E+00  3.870718E-01
  5.896868E+00  4.902685E+00  3.822199E-01
  5.910153E+00  4.914740E+00  3.773847E-01
  5.936768E+00  4.914920E+00  3.676976E-01
  5.963383E+00  4.930921E+00  3.580106E-01
  5.963812E+00  4.931008E+00  3.578544E-01
  5.989998E+00  4.935688E+00  3.483235E-01
  6.016613E+00  4.933984E+00  3.386364E-01
  6.043228E+00  4.958614E+00  3.289493E-01
  6.069843E+00  4.950129E+00  3.192622E-01
  6.078445E+00  4.959331E+00  3.161315E-01
  6.084731E+00  4.987654E+00  3.138435E-01
  6.070357E+00  5.015977E+00  3.190752E-01
  6.069843E+00  5.016341E+00  3.192622E-01
Slice   =     45 , Freq(kT, average of all copies)              =   0.6522
Orbit # =      0 , Freq(kT, this largest copy used for outline) =   0.6607
Points  =     67
  kx            ky            kz
  6.507549E+00  5.410081E+00 -3.928759E+00
  6.481252E+00  5.437346E+00 -3.919188E+00
  6.485781E+00  5.465669E+00 -3.920836E+00
  6.480934E+00  5.475897E+00 -3.919072E+00
  6.474891E+00  5.493992E+00 -3.916873E+00
  6.459253E+00  5.522315E+00 -3.911181E+00
  6.458647E+00  5.550638E+00 -3.910960E+00
  6.454319E+00  5.555671E+00 -3.909385E+00
  6.427704E+00  5.577336E+00 -3.899698E+00
  6.426580E+00  5.578961E+00 -3.899289E+00
  6.427704E+00  5.587647E+00 -3.899698E+00
  6.430757E+00  5.607284E+00 -3.900809E+00
  6.427704E+00  5.611014E+00 -3.899698E+00
  6.403286E+00  5.635607E+00 -3.890811E+00
  6.401088E+00  5.640039E+00 -3.890011E+00
  6.385316E+00  5.663931E+00 -3.884270E+00
  6.382361E+00  5.692254E+00 -3.883195E+00
  6.374473E+00  5.702597E+00 -3.880324E+00
  6.347858E+00  5.720028E+00 -3.870637E+00
  6.347388E+00  5.720577E+00 -3.870466E+00
  6.335074E+00  5.748900E+00 -3.865983E+00
  6.321243E+00  5.766338E+00 -3.860950E+00
  6.310792E+00  5.777223E+00 -3.857145E+00
  6.294628E+00  5.789130E+00 -3.851263E+00
  6.279431E+00  5.805546E+00 -3.845731E+00
  6.268013E+00  5.816465E+00 -3.841575E+00
  6.246702E+00  5.833869E+00 -3.833819E+00
  6.241398E+00  5.840328E+00 -3.831888E+00
  6.214783E+00  5.851219E+00 -3.822201E+00
  6.208343E+00  5.862192E+00 -3.819857E+00
  6.188168E+00  5.875800E+00 -3.812514E+00
  6.166479E+00  5.862192E+00 -3.804620E+00
  6.188168E+00  5.842101E+00 -3.812514E+00
  6.200093E+00  5.833869E+00 -3.816855E+00
  6.188168E+00  5.814554E+00 -3.812514E+00
  6.186561E+00  5.805546E+00 -3.811929E+00
  6.188168E+00  5.795232E+00 -3.812514E+00
  6.192459E+00  5.777223E+00 -3.814076E+00
  6.208159E+00  5.748900E+00 -3.819790E+00
  6.197235E+00  5.720577E+00 -3.815814E+00
  6.214783E+00  5.703870E+00 -3.822201E+00
  6.225935E+00  5.692254E+00 -3.826260E+00
  6.219304E+00  5.663931E+00 -3.823847E+00
  6.241398E+00  5.640878E+00 -3.831888E+00
  6.247649E+00  5.635607E+00 -3.834163E+00
  6.259281E+00  5.607284E+00 -3.838397E+00
  6.268013E+00  5.590706E+00 -3.841575E+00
  6.274239E+00  5.578961E+00 -3.843841E+00
  6.294628E+00  5.563272E+00 -3.851263E+00
  6.305744E+00  5.550638E+00 -3.855308E+00
  6.314047E+00  5.522315E+00 -3.858331E+00
  6.321243E+00  5.517399E+00 -3.860950E+00
  6.344639E+00  5.493992E+00 -3.869465E+00
  6.347858E+00  5.487277E+00 -3.870637E+00
  6.364057E+00  5.465669E+00 -3.876533E+00
  6.374473E+00  5.458617E+00 -3.880324E+00
  6.399308E+00  5.437346E+00 -3.889363E+00
  6.401088E+00  5.434787E+00 -3.890011E+00
  6.427704E+00  5.415005E+00 -3.899698E+00
  6.436626E+00  5.409022E+00 -3.902945E+00
  6.454319E+00  5.383975E+00 -3.909385E+00
  6.457878E+00  5.380699E+00 -3.910681E+00
  6.480934E+00  5.371354E+00 -3.919072E+00
  6.485618E+00  5.380699E+00 -3.920777E+00
  6.507549E+00  5.407632E+00 -3.928759E+00
  6.508199E+00  5.409022E+00 -3.928996E+00
  6.507549E+00  5.410081E+00 -3.928759E+00
Theta(deg) =   0.000000 , Phi(deg) =  22.500000 , Number of orbits =    10 , (Angstrom^-1) units
Slice   =    131 , Freq(kT, average of all copies)              =   0.2925
Orbit # =      0 , Freq(kT, this largest copy used for outline) =   0.2965
Points  =     33
  kx            ky            kz
  7.836753E+00  6.264397E+00 -1.496089E+00
  7.833833E+00  6.263587E+00 -1.494879E+00
  7.810586E+00  6.257918E+00 -1.485250E+00
  7.784419E+00  6.256249E+00 -1.474411E+00
  7.758252E+00  6.243038E+00 -1.463573E+00
  7.751835E+00  6.235263E+00 -1.460915E+00
  7.739120E+00  6.206940E+00 -1.455648E+00
  7.732085E+00  6.193784E+00 -1.452734E+00
  7.725135E+00  6.178617E+00 -1.449855E+00
  7.705918E+00  6.157186E+00 -1.441895E+00
  7.698487E+00  6.150294E+00 -1.438817E+00
  7.679751E+00  6.124510E+00 -1.431056E+00
  7.678443E+00  6.121971E+00 -1.430515E+00
  7.678827E+00  6.093648E+00 -1.430674E+00
  7.676742E+00  6.065325E+00 -1.429810E+00
  7.679751E+00  6.053755E+00 -1.431056E+00
  7.690105E+00  6.037002E+00 -1.435345E+00
  7.705918E+00  6.025256E+00 -1.441895E+00
  7.732085E+00  6.029383E+00 -1.452734E+00
  7.758252E+00  6.035841E+00 -1.463573E+00
  7.760115E+00  6.037002E+00 -1.464344E+00
  7.784419E+00  6.060499E+00 -1.474411E+00
  7.786932E+00  6.065325E+00 -1.475452E+00
  7.794707E+00  6.093648E+00 -1.478673E+00
  7.810586E+00  6.116189E+00 -1.485250E+00
  7.819351E+00  6.121971E+00 -1.488881E+00
  7.836753E+00  6.136491E+00 -1.496089E+00
  7.844840E+00  6.150294E+00 -1.499438E+00
  7.852575E+00  6.178617E+00 -1.502642E+00
  7.852600E+00  6.206940E+00 -1.502653E+00
  7.850630E+00  6.235263E+00 -1.501837E+00
  7.837562E+00  6.263587E+00 -1.496424E+00
  7.836753E+00  6.264397E+00 -1.496089E+00
Slice   =    159 , Freq(kT, average of all copies)              =   0.2925
Orbit # =      0 , Freq(kT, this largest copy used for outline) =   0.2976
Points  =     33
  kx            ky            kz
  4.555339E+00  2.563082E+00  2.808915E+00
  4.529171E+00  2.555948E+00  2.819754E+00
  4.513651E+00  2.550473E+00  2.826182E+00
  4.503004E+00  2.547619E+00  2.830593E+00
  4.476837E+00  2.535310E+00  2.841431E+00
  4.465270E+00  2.522150E+00  2.846223E+00
  4.455514E+00  2.493827E+00  2.850264E+00
  4.450670E+00  2.485781E+00  2.852270E+00
  4.439940E+00  2.465504E+00  2.856715E+00
  4.424503E+00  2.449729E+00  2.863109E+00
  4.410175E+00  2.437181E+00  2.869044E+00
  4.398336E+00  2.411511E+00  2.873948E+00
  4.397398E+00  2.408858E+00  2.874336E+00
  4.397728E+00  2.380535E+00  2.874199E+00
  4.398336E+00  2.361098E+00  2.873948E+00
  4.399106E+00  2.352211E+00  2.873629E+00
  4.421470E+00  2.323888E+00  2.864365E+00
  4.424503E+00  2.322140E+00  2.863109E+00
  4.450670E+00  2.323390E+00  2.852270E+00
  4.453585E+00  2.323888E+00  2.851063E+00
  4.476837E+00  2.328769E+00  2.841431E+00
  4.503004E+00  2.351098E+00  2.830593E+00
  4.503704E+00  2.352211E+00  2.830303E+00
  4.510179E+00  2.380535E+00  2.827621E+00
  4.529171E+00  2.407994E+00  2.819754E+00
  4.530086E+00  2.408858E+00  2.819375E+00
  4.555339E+00  2.429060E+00  2.808915E+00
  4.560954E+00  2.437181E+00  2.806589E+00
  4.569826E+00  2.465504E+00  2.802914E+00
  4.572213E+00  2.493827E+00  2.801925E+00
  4.572013E+00  2.522150E+00  2.802008E+00
  4.568461E+00  2.550473E+00  2.803479E+00
  4.555339E+00  2.563082E+00  2.808915E+00
Slice   =    154 , Freq(kT, average of all copies)              =   0.2946
Orbit # =      0 , Freq(kT, this largest copy used for outline) =   0.2966
Points  =     31
  kx            ky            kz
  8.347717E+00  6.757634E+00 -1.002632E+00
  8.321550E+00  6.770458E+00 -9.917934E-01
  8.295383E+00  6.762266E+00 -9.809546E-01
  8.269216E+00  6.747929E+00 -9.701158E-01
  8.266268E+00  6.745080E+00 -9.688948E-01
  8.243049E+00  6.723186E+00 -9.592770E-01
  8.239181E+00  6.716757E+00 -9.576750E-01
  8.231668E+00  6.688434E+00 -9.545631E-01
  8.216882E+00  6.662663E+00 -9.484382E-01
  8.213668E+00  6.660110E+00 -9.471070E-01
  8.190714E+00  6.644723E+00 -9.375994E-01
  8.180119E+00  6.631787E+00 -9.332105E-01
  8.179366E+00  6.603464E+00 -9.328985E-01
  8.182558E+00  6.575141E+00 -9.342209E-01
  8.190714E+00  6.548331E+00 -9.375994E-01
  8.192062E+00  6.546818E+00 -9.381575E-01
  8.216882E+00  6.533613E+00 -9.484382E-01
  8.243049E+00  6.533079E+00 -9.592770E-01
  8.269216E+00  6.535217E+00 -9.701158E-01
  8.277243E+00  6.546818E+00 -9.734405E-01
  8.287959E+00  6.575141E+00 -9.778794E-01
  8.295383E+00  6.589313E+00 -9.809546E-01
  8.302690E+00  6.603464E+00 -9.839812E-01
  8.321550E+00  6.622419E+00 -9.917934E-01
  8.330647E+00  6.631787E+00 -9.955614E-01
  8.346394E+00  6.660110E+00 -1.002084E+00
  8.347717E+00  6.665508E+00 -1.002632E+00
  8.352584E+00  6.688434E+00 -1.004648E+00
  8.357584E+00  6.716757E+00 -1.006719E+00
  8.357942E+00  6.745080E+00 -1.006867E+00
  8.347717E+00  6.757634E+00 -1.002632E+00
Slice   =     53 , Freq(kT, average of all copies)              =   0.3198
Orbit # =      0 , Freq(kT, this largest copy used for outline) =   0.3243
Points  =     35
  kx            ky            kz
  6.767874E+00  7.534050E+00 -5.579591E+00
  6.766904E+00  7.536040E+00 -5.579189E+00
  6.741707E+00  7.546405E+00 -5.568752E+00
  6.723849E+00  7.564363E+00 -5.561355E+00
  6.715540E+00  7.572312E+00 -5.557913E+00
  6.702309E+00  7.564363E+00 -5.552433E+00
  6.689372E+00  7.557379E+00 -5.547075E+00
  6.674284E+00  7.536040E+00 -5.540825E+00
  6.663205E+00  7.527276E+00 -5.536236E+00
  6.639096E+00  7.507717E+00 -5.526249E+00
  6.637038E+00  7.506052E+00 -5.525397E+00
  6.610871E+00  7.481913E+00 -5.514558E+00
  6.608572E+00  7.479394E+00 -5.513606E+00
  6.601966E+00  7.451071E+00 -5.510870E+00
  6.587676E+00  7.422748E+00 -5.504951E+00
  6.584704E+00  7.418361E+00 -5.503719E+00
  6.559344E+00  7.394425E+00 -5.493215E+00
  6.573766E+00  7.366101E+00 -5.499189E+00
  6.584704E+00  7.352393E+00 -5.503719E+00
  6.610871E+00  7.338777E+00 -5.514558E+00
  6.612344E+00  7.337778E+00 -5.515168E+00
  6.637038E+00  7.320271E+00 -5.525397E+00
  6.663205E+00  7.327420E+00 -5.536236E+00
  6.670994E+00  7.337778E+00 -5.539462E+00
  6.689060E+00  7.366101E+00 -5.546945E+00
  6.689372E+00  7.366362E+00 -5.547075E+00
  6.715540E+00  7.379893E+00 -5.557913E+00
  6.723715E+00  7.394425E+00 -5.561300E+00
  6.734030E+00  7.422748E+00 -5.565572E+00
  6.739523E+00  7.451071E+00 -5.567847E+00
  6.741707E+00  7.457705E+00 -5.568752E+00
  6.759468E+00  7.479394E+00 -5.576109E+00
  6.767874E+00  7.498587E+00 -5.579591E+00
  6.770720E+00  7.507717E+00 -5.580770E+00
  6.767874E+00  7.534050E+00 -5.579591E+00
Slice   =     98 , Freq(kT, average of all copies)              =   0.3223
Orbit # =      0 , Freq(kT, this largest copy used for outline) =   0.3264
Points  =     33
  kx            ky            kz
  5.176363E+00  4.154053E+00 -8.839393E-01
  5.150196E+00  4.164532E+00 -8.731005E-01
  5.149327E+00  4.164892E+00 -8.727407E-01
  5.124029E+00  4.170989E+00 -8.622617E-01
  5.103569E+00  4.164892E+00 -8.537870E-01
  5.097862E+00  4.163112E+00 -8.514229E-01
  5.074113E+00  4.136569E+00 -8.415858E-01
  5.071694E+00  4.131471E+00 -8.405841E-01
  5.064515E+00  4.108246E+00 -8.376105E-01
  5.045527E+00  4.086837E+00 -8.297453E-01
  5.040438E+00  4.079922E+00 -8.276372E-01
  5.019360E+00  4.058771E+00 -8.189065E-01
  5.014777E+00  4.051599E+00 -8.170080E-01
  5.013306E+00  4.023276E+00 -8.163990E-01
  5.005923E+00  3.994953E+00 -8.133408E-01
  4.994945E+00  3.966630E+00 -8.087933E-01
  5.015407E+00  3.938307E+00 -8.172692E-01
  5.019360E+00  3.934604E+00 -8.189065E-01
  5.045527E+00  3.923364E+00 -8.297453E-01
  5.071694E+00  3.937100E+00 -8.405841E-01
  5.073075E+00  3.938307E+00 -8.411561E-01
  5.097862E+00  3.953544E+00 -8.514229E-01
  5.117614E+00  3.966630E+00 -8.596048E-01
  5.124029E+00  3.972686E+00 -8.622617E-01
  5.134361E+00  3.994953E+00 -8.665415E-01
  5.145470E+00  4.023276E+00 -8.711429E-01
  5.150196E+00  4.032177E+00 -8.731005E-01
  5.176363E+00  4.049126E+00 -8.839393E-01
  5.178135E+00  4.051599E+00 -8.846732E-01
  5.189837E+00  4.079922E+00 -8.895205E-01
  5.194248E+00  4.108246E+00 -8.913473E-01
  5.180740E+00  4.136569E+00 -8.857523E-01
  5.176363E+00  4.154053E+00 -8.839393E-01
Slice   =    213 , Freq(kT, average of all copies)              =   0.3956
Orbit # =      0 , Freq(kT, this largest copy used for outline) =   0.4091
Points  =     45
  kx            ky            kz
  1.272119E+01  9.555825E+00  7.981812E-01
  1.269502E+01  9.564879E+00  8.090200E-01
  1.267375E+01  9.576697E+00  8.178331E-01
  1.266886E+01  9.582972E+00  8.198588E-01
  1.264269E+01  9.596125E+00  8.306976E-01
  1.261652E+01  9.597323E+00  8.415364E-01
  1.260571E+01  9.605020E+00  8.460135E-01
  1.259035E+01  9.611568E+00  8.523752E-01
  1.257344E+01  9.605020E+00  8.593797E-01
  1.256419E+01  9.601307E+00  8.632140E-01
  1.253802E+01  9.598606E+00  8.740528E-01
  1.252271E+01  9.605020E+00  8.803946E-01
  1.251185E+01  9.609180E+00  8.848916E-01
  1.250527E+01  9.605020E+00  8.876181E-01
  1.248569E+01  9.591914E+00  8.957304E-01
  1.245952E+01  9.593344E+00  9.065692E-01
  1.243335E+01  9.583640E+00  9.174080E-01
  1.240718E+01  9.578405E+00  9.282467E-01
  1.238102E+01  9.578727E+00  9.390855E-01
  1.237836E+01  9.576697E+00  9.401877E-01
  1.235485E+01  9.552408E+00  9.499243E-01
  1.234515E+01  9.548374E+00  9.539437E-01
  1.235485E+01  9.541518E+00  9.499243E-01
  1.237968E+01  9.520051E+00  9.396397E-01
  1.238102E+01  9.518747E+00  9.390855E-01
  1.240718E+01  9.502691E+00  9.282467E-01
  1.243335E+01  9.495468E+00  9.174080E-01
  1.244053E+01  9.491728E+00  9.144344E-01
  1.245952E+01  9.482024E+00  9.065692E-01
  1.248569E+01  9.475025E+00  8.957304E-01
  1.251185E+01  9.478092E+00  8.848916E-01
  1.253241E+01  9.463405E+00  8.763768E-01
  1.253802E+01  9.460244E+00  8.740528E-01
  1.254378E+01  9.463405E+00  8.716680E-01
  1.256419E+01  9.477727E+00  8.632140E-01
  1.259035E+01  9.476498E+00  8.523752E-01
  1.261652E+01  9.486795E+00  8.415364E-01
  1.264269E+01  9.490750E+00  8.306976E-01
  1.266886E+01  9.490656E+00  8.198588E-01
  1.267083E+01  9.491728E+00  8.190417E-01
  1.269502E+01  9.517227E+00  8.090200E-01
  1.272119E+01  9.509722E+00  7.981812E-01
  1.272981E+01  9.520051E+00  7.946115E-01
  1.272837E+01  9.548374E+00  7.952055E-01
  1.272119E+01  9.555825E+00  7.981812E-01
Slice   =    230 , Freq(kT, average of all copies)              =   0.4348
Orbit # =      0 , Freq(kT, this largest copy used for outline) =   0.4441
Points  =     47
  kx            ky            kz
  1.410707E+01  9.724365E+00 -9.154870E-01
  1.408091E+01  9.735849E+00 -9.046482E-01
  1.406440E+01  9.749419E+00 -8.978113E-01
  1.405474E+01  9.757524E+00 -8.938094E-01
  1.402857E+01  9.764641E+00 -8.829706E-01
  1.400241E+01  9.761807E+00 -8.721318E-01
  1.397624E+01  9.759544E+00 -8.612930E-01
  1.395007E+01  9.754022E+00 -8.504542E-01
  1.394357E+01  9.749419E+00 -8.477612E-01
  1.392390E+01  9.738107E+00 -8.396154E-01
  1.389774E+01  9.730156E+00 -8.287766E-01
  1.388586E+01  9.721096E+00 -8.238571E-01
  1.387157E+01  9.712512E+00 -8.179378E-01
  1.384860E+01  9.721096E+00 -8.084224E-01
  1.384540E+01  9.721900E+00 -8.070990E-01
  1.384401E+01  9.721096E+00 -8.065210E-01
  1.381924E+01  9.694749E+00 -7.962603E-01
  1.379307E+01  9.694142E+00 -7.854215E-01
  1.379066E+01  9.692773E+00 -7.844222E-01
  1.376690E+01  9.666223E+00 -7.745827E-01
  1.376347E+01  9.664450E+00 -7.731601E-01
  1.376690E+01  9.659690E+00 -7.745827E-01
  1.378588E+01  9.636127E+00 -7.824436E-01
  1.379307E+01  9.630081E+00 -7.854215E-01
  1.381924E+01  9.630094E+00 -7.962603E-01
  1.384540E+01  9.613876E+00 -8.070990E-01
  1.387157E+01  9.613001E+00 -8.179378E-01
  1.389774E+01  9.614065E+00 -8.287766E-01
  1.390620E+01  9.607803E+00 -8.322830E-01
  1.392390E+01  9.600091E+00 -8.396154E-01
  1.393511E+01  9.607803E+00 -8.442561E-01
  1.395007E+01  9.618983E+00 -8.504542E-01
  1.397602E+01  9.607803E+00 -8.612029E-01
  1.397624E+01  9.607709E+00 -8.612930E-01
  1.397673E+01  9.607803E+00 -8.614959E-01
  1.400241E+01  9.614685E+00 -8.721318E-01
  1.402857E+01  9.621709E+00 -8.829706E-01
  1.405474E+01  9.620361E+00 -8.938094E-01
  1.407623E+01  9.636127E+00 -9.027114E-01
  1.408091E+01  9.640533E+00 -9.046482E-01
  1.409528E+01  9.636127E+00 -9.106036E-01
  1.410707E+01  9.633414E+00 -9.154870E-01
  1.411130E+01  9.636127E+00 -9.172377E-01
  1.412600E+01  9.664450E+00 -9.233249E-01
  1.412603E+01  9.692773E+00 -9.233370E-01
  1.410910E+01  9.721096E+00 -9.163246E-01
  1.410707E+01  9.724365E+00 -9.154870E-01
Slice   =     29 , Freq(kT, average of all copies)              =   0.4369
Orbit # =      0 , Freq(kT, this largest copy used for outline) =   0.4466
Points  =     51
  kx            ky            kz
  2.252481E+00  3.974768E+00 -3.544148E+00
  2.226314E+00  3.973766E+00 -3.533309E+00
  2.202800E+00  3.996345E+00 -3.523570E+00
  2.200147E+00  3.997727E+00 -3.522470E+00
  2.190415E+00  3.996345E+00 -3.518440E+00
  2.173979E+00  3.991821E+00 -3.511632E+00
  2.147812E+00  3.988370E+00 -3.500793E+00
  2.136681E+00  3.996345E+00 -3.496182E+00
  2.121645E+00  4.003203E+00 -3.489954E+00
  2.095478E+00  3.996758E+00 -3.479115E+00
  2.094312E+00  3.996345E+00 -3.478632E+00
  2.069311E+00  3.989289E+00 -3.468276E+00
  2.046994E+00  3.996345E+00 -3.459033E+00
  2.043144E+00  3.997709E+00 -3.457438E+00
  2.039903E+00  3.996345E+00 -3.456096E+00
  2.016976E+00  3.984313E+00 -3.446599E+00
  1.990809E+00  3.985283E+00 -3.435760E+00
  1.964642E+00  3.972898E+00 -3.424921E+00
  1.952575E+00  3.968021E+00 -3.419923E+00
  1.938475E+00  3.960982E+00 -3.414082E+00
  1.915160E+00  3.968021E+00 -3.404425E+00
  1.912308E+00  3.968539E+00 -3.403244E+00
  1.911740E+00  3.968021E+00 -3.403008E+00
  1.912308E+00  3.948965E+00 -3.403244E+00
  1.912813E+00  3.939698E+00 -3.403453E+00
  1.912308E+00  3.934374E+00 -3.403244E+00
  1.910602E+00  3.911375E+00 -3.402537E+00
  1.912308E+00  3.909264E+00 -3.403244E+00
  1.935430E+00  3.883052E+00 -3.412821E+00
  1.938475E+00  3.880338E+00 -3.414082E+00
  1.964642E+00  3.865191E+00 -3.424921E+00
  1.976074E+00  3.854729E+00 -3.429656E+00
  1.990809E+00  3.846475E+00 -3.435760E+00
  2.016976E+00  3.837835E+00 -3.446599E+00
  2.043144E+00  3.848006E+00 -3.457438E+00
  2.069311E+00  3.839029E+00 -3.468276E+00
  2.085827E+00  3.854729E+00 -3.475118E+00
  2.095478E+00  3.864352E+00 -3.479115E+00
  2.121645E+00  3.864161E+00 -3.489954E+00
  2.146662E+00  3.883052E+00 -3.500316E+00
  2.147812E+00  3.884165E+00 -3.500793E+00
  2.173979E+00  3.888454E+00 -3.511632E+00
  2.200147E+00  3.895483E+00 -3.522470E+00
  2.221766E+00  3.911375E+00 -3.531425E+00
  2.226314E+00  3.916955E+00 -3.533309E+00
  2.232643E+00  3.911375E+00 -3.535931E+00
  2.252481E+00  3.905196E+00 -3.544148E+00
  2.257794E+00  3.911375E+00 -3.546349E+00
  2.264620E+00  3.939698E+00 -3.549176E+00
  2.260428E+00  3.968021E+00 -3.547440E+00
  2.252481E+00  3.974768E+00 -3.544148E+00
Slice   =     19 , Freq(kT, average of all copies)              =   0.7242
Orbit # =      0 , Freq(kT, this largest copy used for outline) =   0.7242
Points  =     63
  kx            ky            kz
  5.143331E+00  7.054510E+00 -6.470865E+00
  5.138419E+00  7.081479E+00 -6.468830E+00
  5.125338E+00  7.109802E+00 -6.463411E+00
  5.124693E+00  7.138125E+00 -6.463144E+00
  5.117164E+00  7.148702E+00 -6.460026E+00
  5.095524E+00  7.166448E+00 -6.451062E+00
  5.096785E+00  7.194771E+00 -6.451584E+00
  5.090997E+00  7.201372E+00 -6.449187E+00
  5.064830E+00  7.217155E+00 -6.438348E+00
  5.060979E+00  7.223094E+00 -6.436753E+00
  5.038663E+00  7.242655E+00 -6.427509E+00
  5.024933E+00  7.251417E+00 -6.421822E+00
  5.012495E+00  7.278053E+00 -6.416671E+00
  5.010949E+00  7.279741E+00 -6.416030E+00
  4.986328E+00  7.295691E+00 -6.405832E+00
  4.968271E+00  7.308064E+00 -6.398352E+00
  4.960161E+00  7.316902E+00 -6.394993E+00
  4.948967E+00  7.336387E+00 -6.390356E+00
  4.933994E+00  7.349919E+00 -6.384154E+00
  4.907827E+00  7.360884E+00 -6.373315E+00
  4.904314E+00  7.364710E+00 -6.371861E+00
  4.884863E+00  7.393033E+00 -6.363804E+00
  4.881660E+00  7.396957E+00 -6.362477E+00
  4.855492E+00  7.404780E+00 -6.351638E+00
  4.829325E+00  7.393211E+00 -6.340799E+00
  4.829258E+00  7.393033E+00 -6.340771E+00
  4.829325E+00  7.392657E+00 -6.340799E+00
  4.838970E+00  7.364710E+00 -6.344794E+00
  4.854280E+00  7.336387E+00 -6.351136E+00
  4.841507E+00  7.308064E+00 -6.345845E+00
  4.855492E+00  7.296160E+00 -6.351638E+00
  4.873838E+00  7.279741E+00 -6.359237E+00
  4.866616E+00  7.251417E+00 -6.356245E+00
  4.881660E+00  7.238033E+00 -6.362477E+00
  4.898628E+00  7.223094E+00 -6.369505E+00
  4.905053E+00  7.194771E+00 -6.372166E+00
  4.907827E+00  7.189365E+00 -6.373315E+00
  4.918217E+00  7.166448E+00 -6.377619E+00
  4.933994E+00  7.151219E+00 -6.384154E+00
  4.944444E+00  7.138125E+00 -6.388483E+00
  4.938743E+00  7.109802E+00 -6.386121E+00
  4.960161E+00  7.096006E+00 -6.394993E+00
  4.975859E+00  7.081479E+00 -6.401495E+00
  4.977048E+00  7.053156E+00 -6.401988E+00
  4.986328E+00  7.044862E+00 -6.405832E+00
  5.012495E+00  7.026771E+00 -6.416671E+00
  5.014997E+00  7.024832E+00 -6.417707E+00
  5.030974E+00  6.996509E+00 -6.424325E+00
  5.038663E+00  6.985677E+00 -6.427509E+00
  5.064830E+00  6.972816E+00 -6.438348E+00
  5.070962E+00  6.968186E+00 -6.440888E+00
  5.090997E+00  6.945912E+00 -6.449187E+00
  5.101831E+00  6.939863E+00 -6.453675E+00
  5.117164E+00  6.923295E+00 -6.460026E+00
  5.137263E+00  6.911540E+00 -6.468351E+00
  5.143331E+00  6.909958E+00 -6.470865E+00
  5.145729E+00  6.911540E+00 -6.471858E+00
  5.150294E+00  6.939863E+00 -6.473749E+00
  5.155280E+00  6.968186E+00 -6.475814E+00
  5.157348E+00  6.996509E+00 -6.476670E+00
  5.146217E+00  7.024832E+00 -6.472060E+00
  5.143840E+00  7.053156E+00 -6.471075E+00
  5.143331E+00  7.054510E+00 -6.470865E+00
Slice   =    157 , Freq(kT, average of all copies)              =   0.7454
Orbit # =      0 , Freq(kT, this largest copy used for outline) =   0.7583
Points  =     75
  kx            ky            kz
  9.730941E+00  7.994025E+00 -1.340775E+00
  9.704774E+00  8.011577E+00 -1.329936E+00
  9.703340E+00  8.017534E+00 -1.329342E+00
  9.704774E+00  8.019231E+00 -1.329936E+00
  9.718221E+00  8.045857E+00 -1.335507E+00
  9.704774E+00  8.057867E+00 -1.329936E+00
  9.693115E+00  8.074180E+00 -1.325107E+00
  9.704774E+00  8.093850E+00 -1.329936E+00
  9.708881E+00  8.102503E+00 -1.331638E+00
  9.704774E+00  8.109591E+00 -1.329936E+00
  9.684584E+00  8.130826E+00 -1.321574E+00
  9.680802E+00  8.159149E+00 -1.320007E+00
  9.678607E+00  8.163607E+00 -1.319098E+00
  9.669075E+00  8.187472E+00 -1.315149E+00
  9.652439E+00  8.206516E+00 -1.308259E+00
  9.640152E+00  8.215795E+00 -1.303169E+00
  9.637181E+00  8.244119E+00 -1.301938E+00
  9.626272E+00  8.254399E+00 -1.297420E+00
  9.604474E+00  8.272442E+00 -1.288391E+00
  9.600105E+00  8.280946E+00 -1.286581E+00
  9.582583E+00  8.300765E+00 -1.279323E+00
  9.576293E+00  8.329088E+00 -1.276718E+00
  9.573938E+00  8.331637E+00 -1.275742E+00
  9.547771E+00  8.352539E+00 -1.264904E+00
  9.542530E+00  8.357411E+00 -1.262733E+00
  9.521604E+00  8.385695E+00 -1.254065E+00
  9.521569E+00  8.385734E+00 -1.254051E+00
  9.495436E+00  8.412410E+00 -1.243226E+00
  9.491826E+00  8.414057E+00 -1.241731E+00
  9.469269E+00  8.433979E+00 -1.232387E+00
  9.463528E+00  8.442380E+00 -1.230009E+00
  9.443102E+00  8.456020E+00 -1.221548E+00
  9.423776E+00  8.470704E+00 -1.213543E+00
  9.416935E+00  8.478982E+00 -1.210710E+00
  9.390768E+00  8.494351E+00 -1.199871E+00
  9.389482E+00  8.499027E+00 -1.199338E+00
  9.364601E+00  8.506583E+00 -1.189032E+00
  9.359699E+00  8.499027E+00 -1.187002E+00
  9.364601E+00  8.489212E+00 -1.189032E+00
  9.387582E+00  8.470704E+00 -1.198551E+00
  9.386777E+00  8.442380E+00 -1.198218E+00
  9.376584E+00  8.414057E+00 -1.193996E+00
  9.390768E+00  8.400763E+00 -1.199871E+00
  9.403431E+00  8.385734E+00 -1.205116E+00
  9.390768E+00  8.367274E+00 -1.199871E+00
  9.386730E+00  8.357411E+00 -1.198198E+00
  9.390768E+00  8.350953E+00 -1.199871E+00
  9.416030E+00  8.329088E+00 -1.210335E+00
  9.413719E+00  8.300765E+00 -1.209377E+00
  9.416935E+00  8.296855E+00 -1.210710E+00
  9.436950E+00  8.272442E+00 -1.219000E+00
  9.443102E+00  8.260557E+00 -1.221548E+00
  9.460157E+00  8.244119E+00 -1.228613E+00
  9.462539E+00  8.215795E+00 -1.229600E+00
  9.469269E+00  8.210467E+00 -1.232387E+00
  9.495436E+00  8.191384E+00 -1.243226E+00
  9.498860E+00  8.187472E+00 -1.244644E+00
  9.497131E+00  8.159149E+00 -1.243928E+00
  9.521604E+00  8.141372E+00 -1.254065E+00
  9.535713E+00  8.130826E+00 -1.259909E+00
  9.547771E+00  8.107371E+00 -1.264904E+00
  9.549606E+00  8.102503E+00 -1.265664E+00
  9.573938E+00  8.077737E+00 -1.275742E+00
  9.580241E+00  8.074180E+00 -1.278353E+00
  9.600105E+00  8.056412E+00 -1.286581E+00
  9.609979E+00  8.045857E+00 -1.290671E+00
  9.626272E+00  8.027478E+00 -1.297420E+00
  9.635996E+00  8.017534E+00 -1.301448E+00
  9.652439E+00  8.007869E+00 -1.308259E+00
  9.678607E+00  7.996384E+00 -1.319098E+00
  9.694544E+00  7.989210E+00 -1.325699E+00
  9.704774E+00  7.977616E+00 -1.329936E+00
  9.730941E+00  7.982254E+00 -1.340775E+00
  9.734002E+00  7.989210E+00 -1.342043E+00
  9.730941E+00  7.994025E+00 -1.340775E+00
Theta(deg) =   0.000000 , Phi(deg) =  25.000000 , Number of orbits =    11 , (Angstrom^-1) units
Slice   =    222 , Freq(kT, average of all copies)              =   0.2896
Orbit # =      0 , Freq(kT, this largest copy used for outline) =   0.2939
Points  =     29
  kx            ky            kz
  1.239256E+01  8.895745E+00 -2.391392E-01
  1.236689E+01  8.892871E+00 -2.271693E-01
  1.234122E+01  8.894127E+00 -2.151995E-01
  1.231555E+01  8.875351E+00 -2.032296E-01
  1.231330E+01  8.872098E+00 -2.021764E-01
  1.230311E+01  8.843775E+00 -1.974246E-01
  1.229047E+01  8.815451E+00 -1.915313E-01
  1.228989E+01  8.814872E+00 -1.912597E-01
  1.226422E+01  8.792755E+00 -1.792898E-01
  1.225965E+01  8.787128E+00 -1.771587E-01
  1.224730E+01  8.758805E+00 -1.714036E-01
  1.224567E+01  8.730482E+00 -1.706405E-01
  1.224140E+01  8.702159E+00 -1.686528E-01
  1.225246E+01  8.673836E+00 -1.738083E-01
  1.226422E+01  8.664475E+00 -1.792898E-01
  1.228989E+01  8.663161E+00 -1.912597E-01
  1.231555E+01  8.671926E+00 -2.032296E-01
  1.232472E+01  8.673836E+00 -2.075028E-01
  1.234122E+01  8.678728E+00 -2.151995E-01
  1.235219E+01  8.702159E+00 -2.203132E-01
  1.235796E+01  8.730482E+00 -2.230054E-01
  1.236689E+01  8.746029E+00 -2.271693E-01
  1.238320E+01  8.758805E+00 -2.347725E-01
  1.239256E+01  8.768669E+00 -2.391392E-01
  1.240434E+01  8.787128E+00 -2.446303E-01
  1.241297E+01  8.815451E+00 -2.486542E-01
  1.241154E+01  8.843775E+00 -2.479880E-01
  1.240797E+01  8.872098E+00 -2.463225E-01
  1.239256E+01  8.895745E+00 -2.391392E-01
Slice   =     61 , Freq(kT, average of all copies)              =   0.2928
Orbit # =      0 , Freq(kT, this largest copy used for outline) =   0.2943
Points  =     31
  kx            ky            kz
  6.726029E+00  7.558167E+00 -5.595177E+00
  6.700360E+00  7.563051E+00 -5.583207E+00
  6.674690E+00  7.554862E+00 -5.571237E+00
  6.649021E+00  7.541189E+00 -5.559267E+00
  6.644284E+00  7.536040E+00 -5.557058E+00
  6.624392E+00  7.507717E+00 -5.547783E+00
  6.623351E+00  7.505694E+00 -5.547298E+00
  6.614380E+00  7.479394E+00 -5.543114E+00
  6.597682E+00  7.455637E+00 -5.535328E+00
  6.591850E+00  7.451071E+00 -5.532608E+00
  6.572013E+00  7.431127E+00 -5.523358E+00
  6.567092E+00  7.422748E+00 -5.521063E+00
  6.568153E+00  7.394425E+00 -5.521558E+00
  6.569946E+00  7.366101E+00 -5.522394E+00
  6.572013E+00  7.358302E+00 -5.523358E+00
  6.586253E+00  7.337778E+00 -5.529998E+00
  6.597682E+00  7.330085E+00 -5.535328E+00
  6.623351E+00  7.329479E+00 -5.547298E+00
  6.649021E+00  7.330908E+00 -5.559267E+00
  6.655439E+00  7.337778E+00 -5.562260E+00
  6.671532E+00  7.366101E+00 -5.569764E+00
  6.674690E+00  7.371451E+00 -5.571237E+00
  6.683445E+00  7.394425E+00 -5.575320E+00
  6.700360E+00  7.413287E+00 -5.583207E+00
  6.711686E+00  7.422748E+00 -5.588489E+00
  6.726029E+00  7.442558E+00 -5.595177E+00
  6.730433E+00  7.451071E+00 -5.597230E+00
  6.735618E+00  7.479394E+00 -5.599648E+00
  6.740621E+00  7.507717E+00 -5.601981E+00
  6.741390E+00  7.536040E+00 -5.602340E+00
  6.726029E+00  7.558167E+00 -5.595177E+00
Slice   =    183 , Freq(kT, average of all copies)              =   0.3247
Orbit # =      0 , Freq(kT, this largest copy used for outline) =   0.3285
Points  =     33
  kx            ky            kz
  1.194305E+01  8.612670E+00 -3.687735E-01
  1.191738E+01  8.627069E+00 -3.568036E-01
  1.189171E+01  8.636963E+00 -3.448337E-01
  1.186604E+01  8.631137E+00 -3.328638E-01
  1.184300E+01  8.612319E+00 -3.221196E-01
  1.184037E+01  8.606782E+00 -3.208940E-01
  1.183307E+01  8.583996E+00 -3.174905E-01
  1.181470E+01  8.562702E+00 -3.089241E-01
  1.181009E+01  8.555673E+00 -3.067740E-01
  1.178903E+01  8.534562E+00 -2.969542E-01
  1.178438E+01  8.527350E+00 -2.947864E-01
  1.178156E+01  8.499027E+00 -2.934687E-01
  1.177368E+01  8.470704E+00 -2.897957E-01
  1.176336E+01  8.449184E+00 -2.849843E-01
  1.175563E+01  8.442380E+00 -2.813799E-01
  1.176336E+01  8.433184E+00 -2.849843E-01
  1.177775E+01  8.414057E+00 -2.916954E-01
  1.178903E+01  8.404850E+00 -2.969542E-01
  1.181470E+01  8.391098E+00 -3.089241E-01
  1.184037E+01  8.405131E+00 -3.208940E-01
  1.185105E+01  8.414057E+00 -3.258724E-01
  1.186604E+01  8.424737E+00 -3.328638E-01
  1.189006E+01  8.442380E+00 -3.440626E-01
  1.189171E+01  8.444316E+00 -3.448337E-01
  1.190310E+01  8.470704E+00 -3.501430E-01
  1.191500E+01  8.499027E+00 -3.556955E-01
  1.191738E+01  8.503789E+00 -3.568036E-01
  1.194305E+01  8.520569E+00 -3.687735E-01
  1.194730E+01  8.527350E+00 -3.707578E-01
  1.195690E+01  8.555673E+00 -3.752333E-01
  1.195756E+01  8.583996E+00 -3.755395E-01
  1.194319E+01  8.612319E+00 -3.688401E-01
  1.194305E+01  8.612670E+00 -3.687735E-01
Slice   =    216 , Freq(kT, average of all copies)              =   0.3249
Orbit # =      0 , Freq(kT, this largest copy used for outline) =   0.3313
Points  =     35
  kx            ky            kz
  1.132262E+01  7.782630E+00  1.354445E+00
  1.130878E+01  7.791644E+00  1.360899E+00
  1.129695E+01  7.797064E+00  1.366415E+00
  1.127708E+01  7.819967E+00  1.375679E+00
  1.127128E+01  7.824538E+00  1.378385E+00
  1.126225E+01  7.819967E+00  1.382593E+00
  1.124561E+01  7.809077E+00  1.390355E+00
  1.123528E+01  7.791644E+00  1.395173E+00
  1.121994E+01  7.776580E+00  1.402325E+00
  1.120506E+01  7.763321E+00  1.409263E+00
  1.119427E+01  7.756373E+00  1.414295E+00
  1.117102E+01  7.734998E+00  1.425137E+00
  1.116860E+01  7.725275E+00  1.426265E+00
  1.116336E+01  7.706675E+00  1.428710E+00
  1.114938E+01  7.678352E+00  1.435226E+00
  1.114293E+01  7.670558E+00  1.438234E+00
  1.112230E+01  7.650029E+00  1.447857E+00
  1.112757E+01  7.621705E+00  1.445397E+00
  1.114293E+01  7.601760E+00  1.438234E+00
  1.115684E+01  7.593382E+00  1.431749E+00
  1.116860E+01  7.585704E+00  1.426265E+00
  1.119427E+01  7.570882E+00  1.414295E+00
  1.121994E+01  7.577171E+00  1.402325E+00
  1.123084E+01  7.593382E+00  1.397244E+00
  1.124561E+01  7.610881E+00  1.390355E+00
  1.126116E+01  7.621705E+00  1.383102E+00
  1.127128E+01  7.626279E+00  1.378385E+00
  1.128292E+01  7.650029E+00  1.372957E+00
  1.129083E+01  7.678352E+00  1.369268E+00
  1.129695E+01  7.699933E+00  1.366415E+00
  1.130098E+01  7.706675E+00  1.364535E+00
  1.132262E+01  7.733994E+00  1.354445E+00
  1.132320E+01  7.734998E+00  1.354175E+00
  1.132898E+01  7.763321E+00  1.351477E+00
  1.132262E+01  7.782630E+00  1.354445E+00
Slice   =     15 , Freq(kT, average of all copies)              =   0.3268
Orbit # =      0 , Freq(kT, this largest copy used for outline) =   0.3312
Points  =     35
  kx            ky            kz
  4.364225E+00  5.723709E+00 -6.050633E+00
  4.338556E+00  5.736146E+00 -6.038663E+00
  4.326753E+00  5.750987E+00 -6.033159E+00
  4.312886E+00  5.754543E+00 -6.026693E+00
  4.287217E+00  5.756673E+00 -6.014723E+00
  4.280760E+00  5.750987E+00 -6.011712E+00
  4.261548E+00  5.724028E+00 -6.002753E+00
  4.260773E+00  5.722664E+00 -6.002392E+00
  4.241189E+00  5.694341E+00 -5.993260E+00
  4.235878E+00  5.690636E+00 -5.990784E+00
  4.213618E+00  5.666018E+00 -5.980404E+00
  4.210209E+00  5.657830E+00 -5.978814E+00
  4.203091E+00  5.637695E+00 -5.975494E+00
  4.196519E+00  5.609372E+00 -5.972430E+00
  4.184539E+00  5.588782E+00 -5.966844E+00
  4.176970E+00  5.581048E+00 -5.963315E+00
  4.175834E+00  5.552725E+00 -5.962785E+00
  4.184539E+00  5.543702E+00 -5.966844E+00
  4.208893E+00  5.524402E+00 -5.978200E+00
  4.210209E+00  5.523327E+00 -5.978814E+00
  4.235878E+00  5.503833E+00 -5.990784E+00
  4.254561E+00  5.524402E+00 -5.999496E+00
  4.261548E+00  5.529309E+00 -6.002753E+00
  4.287217E+00  5.547880E+00 -6.014723E+00
  4.293870E+00  5.552725E+00 -6.017826E+00
  4.312886E+00  5.570114E+00 -6.026693E+00
  4.319763E+00  5.581048E+00 -6.029900E+00
  4.329757E+00  5.609372E+00 -6.034560E+00
  4.338556E+00  5.626857E+00 -6.038663E+00
  4.354135E+00  5.637695E+00 -6.045928E+00
  4.364225E+00  5.646837E+00 -6.050633E+00
  4.372949E+00  5.666018E+00 -6.054701E+00
  4.378351E+00  5.694341E+00 -6.057220E+00
  4.365041E+00  5.722664E+00 -6.051013E+00
  4.364225E+00  5.723709E+00 -6.050633E+00
Slice   =     79 , Freq(kT, average of all copies)              =   0.3653
Orbit # =      0 , Freq(kT, this largest copy used for outline) =   0.3752
Points  =     43
  kx            ky            kz
  8.099597E+00  8.500801E+00 -4.390994E+00
  8.073928E+00  8.513407E+00 -4.379025E+00
  8.067452E+00  8.527350E+00 -4.376005E+00
  8.048258E+00  8.542407E+00 -4.367055E+00
  8.030911E+00  8.555673E+00 -4.358965E+00
  8.022589E+00  8.560128E+00 -4.355085E+00
  7.996919E+00  8.565050E+00 -4.343115E+00
  7.971250E+00  8.570670E+00 -4.331145E+00
  7.945580E+00  8.568210E+00 -4.319175E+00
  7.919911E+00  8.567104E+00 -4.307205E+00
  7.894241E+00  8.566166E+00 -4.295235E+00
  7.876879E+00  8.555673E+00 -4.287139E+00
  7.868572E+00  8.551568E+00 -4.283266E+00
  7.842902E+00  8.554610E+00 -4.271296E+00
  7.817233E+00  8.550807E+00 -4.259326E+00
  7.791563E+00  8.535615E+00 -4.247356E+00
  7.765894E+00  8.529236E+00 -4.235386E+00
  7.763658E+00  8.527350E+00 -4.234343E+00
  7.740225E+00  8.500880E+00 -4.223416E+00
  7.736075E+00  8.499027E+00 -4.221481E+00
  7.740225E+00  8.496011E+00 -4.223416E+00
  7.765894E+00  8.477388E+00 -4.235386E+00
  7.769236E+00  8.470704E+00 -4.236944E+00
  7.791563E+00  8.458702E+00 -4.247356E+00
  7.817233E+00  8.452067E+00 -4.259326E+00
  7.841381E+00  8.442380E+00 -4.270586E+00
  7.842902E+00  8.441772E+00 -4.271296E+00
  7.868572E+00  8.438296E+00 -4.283266E+00
  7.894241E+00  8.437440E+00 -4.295235E+00
  7.919911E+00  8.428365E+00 -4.307205E+00
  7.934061E+00  8.442380E+00 -4.313804E+00
  7.945580E+00  8.451511E+00 -4.319175E+00
  7.968889E+00  8.442380E+00 -4.330044E+00
  7.971250E+00  8.441243E+00 -4.331145E+00
  7.973689E+00  8.442380E+00 -4.332282E+00
  7.996919E+00  8.458958E+00 -4.343115E+00
  8.022589E+00  8.463299E+00 -4.355085E+00
  8.043514E+00  8.470704E+00 -4.364842E+00
  8.048258E+00  8.476430E+00 -4.367055E+00
  8.073928E+00  8.496323E+00 -4.379025E+00
  8.099597E+00  8.498119E+00 -4.390994E+00
  8.100429E+00  8.499027E+00 -4.391382E+00
  8.099597E+00  8.500801E+00 -4.390994E+00
Slice   =    103 , Freq(kT, average of all copies)              =   0.3704
Orbit # =      0 , Freq(kT, this largest copy used for outline) =   0.3725
Points  =     37
  kx            ky            kz
  5.791273E+00  4.349512E+00 -2.281190E+00
  5.773820E+00  4.363850E+00 -2.273051E+00
  5.765604E+00  4.369029E+00 -2.269220E+00
  5.741841E+00  4.392173E+00 -2.258139E+00
  5.739934E+00  4.394120E+00 -2.257250E+00
  5.714265E+00  4.399536E+00 -2.245280E+00
  5.688596E+00  4.407861E+00 -2.233310E+00
  5.662926E+00  4.411936E+00 -2.221340E+00
  5.637257E+00  4.411149E+00 -2.209371E+00
  5.611587E+00  4.406500E+00 -2.197401E+00
  5.585918E+00  4.401539E+00 -2.185431E+00
  5.574069E+00  4.392173E+00 -2.179906E+00
  5.560248E+00  4.383342E+00 -2.173461E+00
  5.534579E+00  4.379450E+00 -2.161491E+00
  5.518634E+00  4.363850E+00 -2.154056E+00
  5.508909E+00  4.353796E+00 -2.149521E+00
  5.483240E+00  4.349853E+00 -2.137551E+00
  5.474493E+00  4.335526E+00 -2.133473E+00
  5.481796E+00  4.307203E+00 -2.136878E+00
  5.483240E+00  4.306252E+00 -2.137551E+00
  5.508909E+00  4.297342E+00 -2.149521E+00
  5.531630E+00  4.278880E+00 -2.160116E+00
  5.534579E+00  4.277746E+00 -2.161491E+00
  5.560248E+00  4.260730E+00 -2.173461E+00
  5.585918E+00  4.271071E+00 -2.185431E+00
  5.611587E+00  4.263056E+00 -2.197401E+00
  5.637257E+00  4.276926E+00 -2.209371E+00
  5.662926E+00  4.275685E+00 -2.221340E+00
  5.688596E+00  4.276974E+00 -2.233310E+00
  5.691003E+00  4.278880E+00 -2.234433E+00
  5.714265E+00  4.296931E+00 -2.245280E+00
  5.739934E+00  4.292538E+00 -2.257250E+00
  5.755894E+00  4.307203E+00 -2.264692E+00
  5.765604E+00  4.325326E+00 -2.269220E+00
  5.791273E+00  4.322736E+00 -2.281190E+00
  5.799992E+00  4.335526E+00 -2.285255E+00
  5.791273E+00  4.349512E+00 -2.281190E+00
Slice   =     89 , Freq(kT, average of all copies)              =   0.4225
Orbit # =      0 , Freq(kT, this largest copy used for outline) =   0.4351
Points  =     45
  kx            ky            kz
  8.692689E+00  7.891947E+00 -5.517983E+00
  8.676783E+00  7.904937E+00 -5.510565E+00
  8.667020E+00  7.911358E+00 -5.506013E+00
  8.641350E+00  7.924053E+00 -5.494043E+00
  8.626575E+00  7.933260E+00 -5.487153E+00
  8.615681E+00  7.939591E+00 -5.482073E+00
  8.590011E+00  7.934077E+00 -5.470103E+00
  8.587841E+00  7.933260E+00 -5.469091E+00
  8.564342E+00  7.925426E+00 -5.458133E+00
  8.538672E+00  7.913051E+00 -5.446163E+00
  8.527743E+00  7.904937E+00 -5.441067E+00
  8.513003E+00  7.897255E+00 -5.434194E+00
  8.487334E+00  7.892812E+00 -5.422224E+00
  8.469456E+00  7.876614E+00 -5.413887E+00
  8.461664E+00  7.872173E+00 -5.410254E+00
  8.449415E+00  7.876614E+00 -5.404542E+00
  8.435995E+00  7.879386E+00 -5.398284E+00
  8.432140E+00  7.876614E+00 -5.396487E+00
  8.410325E+00  7.851171E+00 -5.386314E+00
  8.384656E+00  7.848548E+00 -5.374344E+00
  8.384258E+00  7.848290E+00 -5.374159E+00
  8.358986E+00  7.820966E+00 -5.362374E+00
  8.356894E+00  7.819967E+00 -5.361399E+00
  8.358986E+00  7.817012E+00 -5.362374E+00
  8.381817E+00  7.791644E+00 -5.373020E+00
  8.384656E+00  7.789535E+00 -5.374344E+00
  8.410325E+00  7.788313E+00 -5.386314E+00
  8.435995E+00  7.774459E+00 -5.398284E+00
  8.461664E+00  7.770631E+00 -5.410254E+00
  8.487334E+00  7.776529E+00 -5.422224E+00
  8.508111E+00  7.763321E+00 -5.431912E+00
  8.513003E+00  7.761230E+00 -5.434194E+00
  8.516564E+00  7.763321E+00 -5.435854E+00
  8.538672E+00  7.780172E+00 -5.446163E+00
  8.564342E+00  7.777307E+00 -5.458133E+00
  8.590011E+00  7.787653E+00 -5.470103E+00
  8.615681E+00  7.791252E+00 -5.482073E+00
  8.641350E+00  7.790592E+00 -5.494043E+00
  8.643411E+00  7.791644E+00 -5.495004E+00
  8.667020E+00  7.811888E+00 -5.506013E+00
  8.692689E+00  7.812460E+00 -5.517983E+00
  8.701648E+00  7.819967E+00 -5.522160E+00
  8.708241E+00  7.848290E+00 -5.525235E+00
  8.704554E+00  7.876614E+00 -5.523515E+00
  8.692689E+00  7.891947E+00 -5.517983E+00
Slice   =    131 , Freq(kT, average of all copies)              =   0.4253
Orbit # =      0 , Freq(kT, this largest copy used for outline) =   0.4327
Points  =     45
  kx            ky            kz
  6.012409E+00  5.018829E+00  1.755125E-01
  5.986740E+00  5.018659E+00  1.874824E-01
  5.961951E+00  5.044300E+00  1.990414E-01
  5.961070E+00  5.044713E+00  1.994522E-01
  5.957188E+00  5.044300E+00  2.012626E-01
  5.935401E+00  5.040386E+00  2.114221E-01
  5.909731E+00  5.036312E+00  2.233920E-01
  5.896273E+00  5.044300E+00  2.296675E-01
  5.884062E+00  5.049099E+00  2.353619E-01
  5.862804E+00  5.044300E+00  2.452746E-01
  5.858392E+00  5.042440E+00  2.473317E-01
  5.832723E+00  5.034484E+00  2.593016E-01
  5.807053E+00  5.033269E+00  2.712715E-01
  5.781384E+00  5.020107E+00  2.832414E-01
  5.755714E+00  5.025512E+00  2.952112E-01
  5.735677E+00  5.015977E+00  3.045549E-01
  5.730045E+00  5.010185E+00  3.071811E-01
  5.704375E+00  5.000476E+00  3.191510E-01
  5.683961E+00  4.987654E+00  3.286703E-01
  5.679474E+00  4.959331E+00  3.307625E-01
  5.693795E+00  4.931008E+00  3.240848E-01
  5.704375E+00  4.920078E+00  3.191510E-01
  5.725178E+00  4.902685E+00  3.094506E-01
  5.730045E+00  4.899864E+00  3.071811E-01
  5.755714E+00  4.885596E+00  2.952112E-01
  5.777269E+00  4.874362E+00  2.851603E-01
  5.781384E+00  4.872536E+00  2.832414E-01
  5.784904E+00  4.874362E+00  2.815996E-01
  5.807053E+00  4.887725E+00  2.712715E-01
  5.832723E+00  4.883455E+00  2.593016E-01
  5.851644E+00  4.902685E+00  2.504786E-01
  5.858392E+00  4.909650E+00  2.473317E-01
  5.884062E+00  4.910133E+00  2.353619E-01
  5.909317E+00  4.931008E+00  2.235850E-01
  5.909731E+00  4.931441E+00  2.233920E-01
  5.935401E+00  4.937407E+00  2.114221E-01
  5.961070E+00  4.947977E+00  1.994522E-01
  5.975281E+00  4.959331E+00  1.928259E-01
  5.986740E+00  4.970157E+00  1.874824E-01
  6.009159E+00  4.959331E+00  1.770280E-01
  6.012409E+00  4.958629E+00  1.755125E-01
  6.013025E+00  4.959331E+00  1.752252E-01
  6.021254E+00  4.987654E+00  1.713882E-01
  6.016687E+00  5.015977E+00  1.735177E-01
  6.012409E+00  5.018829E+00  1.755125E-01
Slice   =     70 , Freq(kT, average of all copies)              =   0.8068
Orbit # =      0 , Freq(kT, this largest copy used for outline) =   0.8093
Points  =     67
  kx            ky            kz
  5.142557E+00  5.414877E+00 -2.771512E+00
  5.138576E+00  5.437346E+00 -2.769655E+00
  5.130273E+00  5.465669E+00 -2.765784E+00
  5.130377E+00  5.493992E+00 -2.765832E+00
  5.116887E+00  5.517471E+00 -2.759542E+00
  5.113544E+00  5.522315E+00 -2.757983E+00
  5.115001E+00  5.550638E+00 -2.758662E+00
  5.091218E+00  5.577062E+00 -2.747572E+00
  5.088719E+00  5.578961E+00 -2.746407E+00
  5.086574E+00  5.607284E+00 -2.745407E+00
  5.065548E+00  5.621750E+00 -2.735602E+00
  5.052702E+00  5.635607E+00 -2.729612E+00
  5.039879E+00  5.646278E+00 -2.723632E+00
  5.014209E+00  5.657967E+00 -2.711662E+00
  5.005685E+00  5.663931E+00 -2.707688E+00
  4.988540E+00  5.687564E+00 -2.699692E+00
  4.983005E+00  5.692254E+00 -2.697111E+00
  4.962870E+00  5.708422E+00 -2.687723E+00
  4.937201E+00  5.719868E+00 -2.675753E+00
  4.936192E+00  5.720577E+00 -2.675282E+00
  4.922730E+00  5.748900E+00 -2.669005E+00
  4.911531E+00  5.760874E+00 -2.663783E+00
  4.885862E+00  5.768122E+00 -2.651813E+00
  4.877061E+00  5.777223E+00 -2.647709E+00
  4.860192E+00  5.800561E+00 -2.639843E+00
  4.852847E+00  5.805546E+00 -2.636418E+00
  4.834523E+00  5.817548E+00 -2.627873E+00
  4.808853E+00  5.818718E+00 -2.615903E+00
  4.798180E+00  5.805546E+00 -2.610926E+00
  4.804033E+00  5.777223E+00 -2.613655E+00
  4.808853E+00  5.768962E+00 -2.615903E+00
  4.822510E+00  5.748900E+00 -2.622272E+00
  4.808853E+00  5.728833E+00 -2.615903E+00
  4.806489E+00  5.720577E+00 -2.614801E+00
  4.808853E+00  5.717053E+00 -2.615903E+00
  4.834523E+00  5.703163E+00 -2.627873E+00
  4.846769E+00  5.692254E+00 -2.633584E+00
  4.835561E+00  5.663931E+00 -2.628357E+00
  4.860192E+00  5.644247E+00 -2.639843E+00
  4.871244E+00  5.635607E+00 -2.644996E+00
  4.878513E+00  5.607284E+00 -2.648386E+00
  4.885862E+00  5.592306E+00 -2.651813E+00
  4.891867E+00  5.578961E+00 -2.654613E+00
  4.911531E+00  5.562772E+00 -2.663783E+00
  4.921049E+00  5.550638E+00 -2.668221E+00
  4.914295E+00  5.522315E+00 -2.665072E+00
  4.937201E+00  5.507845E+00 -2.675753E+00
  4.953991E+00  5.493992E+00 -2.683582E+00
  4.953354E+00  5.465669E+00 -2.683285E+00
  4.962870E+00  5.457906E+00 -2.687723E+00
  4.988540E+00  5.439877E+00 -2.699692E+00
  4.991989E+00  5.437346E+00 -2.701301E+00
  5.009537E+00  5.409022E+00 -2.709484E+00
  5.014209E+00  5.402435E+00 -2.711662E+00
  5.039879E+00  5.384533E+00 -2.723632E+00
  5.045676E+00  5.380699E+00 -2.726336E+00
  5.065548E+00  5.358424E+00 -2.735602E+00
  5.073185E+00  5.352376E+00 -2.739163E+00
  5.091218E+00  5.335914E+00 -2.747572E+00
  5.116887E+00  5.328308E+00 -2.759542E+00
  5.119869E+00  5.324053E+00 -2.760932E+00
  5.142557E+00  5.314655E+00 -2.771512E+00
  5.146603E+00  5.324053E+00 -2.773398E+00
  5.144054E+00  5.352376E+00 -2.772210E+00
  5.149678E+00  5.380699E+00 -2.774832E+00
  5.143788E+00  5.409022E+00 -2.772086E+00
  5.142557E+00  5.414877E+00 -2.771512E+00
Slice   =    159 , Freq(kT, average of all copies)              =   0.8608
Orbit # =      0 , Freq(kT, this largest copy used for outline) =   0.8746
Points  =     79
  kx            ky            kz
  8.877501E+00  5.416344E+00 -1.662386E-01
  8.853070E+00  5.441520E+00 -1.548465E-01
  8.861460E+00  5.469843E+00 -1.587589E-01
  8.851831E+00  5.484732E+00 -1.542688E-01
  8.844230E+00  5.498166E+00 -1.507243E-01
  8.838292E+00  5.526489E+00 -1.479554E-01
  8.826162E+00  5.552780E+00 -1.422989E-01
  8.825807E+00  5.554813E+00 -1.421335E-01
  8.800492E+00  5.579256E+00 -1.303290E-01
  8.794416E+00  5.583136E+00 -1.274956E-01
  8.790523E+00  5.611459E+00 -1.256804E-01
  8.774823E+00  5.623519E+00 -1.183592E-01
  8.756042E+00  5.639782E+00 -1.096016E-01
  8.749153E+00  5.649809E+00 -1.063893E-01
  8.726888E+00  5.668105E+00 -9.600670E-02
  8.723484E+00  5.685235E+00 -9.441941E-02
  8.721331E+00  5.696428E+00 -9.341545E-02
  8.697814E+00  5.711750E+00 -8.244954E-02
  8.683718E+00  5.724751E+00 -7.587627E-02
  8.672145E+00  5.745468E+00 -7.047967E-02
  8.664579E+00  5.753074E+00 -6.695171E-02
  8.646475E+00  5.769503E+00 -5.850979E-02
  8.632393E+00  5.781398E+00 -5.194302E-02
  8.620806E+00  5.792331E+00 -4.653992E-02
  8.604946E+00  5.809721E+00 -3.914413E-02
  8.595136E+00  5.816777E+00 -3.457005E-02
  8.569467E+00  5.837590E+00 -2.260018E-02
  8.568301E+00  5.838044E+00 -2.205666E-02
  8.543797E+00  5.853205E+00 -1.063030E-02
  8.531389E+00  5.866367E+00 -4.843991E-03
  8.518128E+00  5.877863E+00  1.339569E-03
  8.492459E+00  5.877310E+00  1.330944E-02
  8.483768E+00  5.866367E+00  1.736170E-02
  8.492459E+00  5.853596E+00  1.330944E-02
  8.511423E+00  5.838044E+00  4.465986E-03
  8.511396E+00  5.809721E+00  4.478546E-03
  8.505611E+00  5.781398E+00  7.176488E-03
  8.518128E+00  5.768745E+00  1.339569E-03
  8.532502E+00  5.753074E+00 -5.363008E-03
  8.518128E+00  5.734281E+00  1.339569E-03
  8.513999E+00  5.724751E+00  3.264723E-03
  8.518128E+00  5.718304E+00  1.339569E-03
  8.543797E+00  5.701709E+00 -1.063030E-02
  8.549603E+00  5.696428E+00 -1.333750E-02
  8.543797E+00  5.668595E+00 -1.063030E-02
  8.543702E+00  5.668105E+00 -1.058596E-02
  8.543797E+00  5.667978E+00 -1.063030E-02
  8.569103E+00  5.639782E+00 -2.243035E-02
  8.569467E+00  5.639040E+00 -2.260018E-02
  8.595136E+00  5.612992E+00 -3.457005E-02
  8.596386E+00  5.611459E+00 -3.515292E-02
  8.600331E+00  5.583136E+00 -3.699249E-02
  8.620806E+00  5.572123E+00 -4.653992E-02
  8.639244E+00  5.554813E+00 -5.513777E-02
  8.637480E+00  5.526489E+00 -5.431529E-02
  8.646475E+00  5.521036E+00 -5.850979E-02
  8.672145E+00  5.502200E+00 -7.047967E-02
  8.676336E+00  5.498166E+00 -7.243395E-02
  8.688999E+00  5.469843E+00 -7.833873E-02
  8.697814E+00  5.460926E+00 -8.244954E-02
  8.722944E+00  5.441520E+00 -9.416793E-02
  8.723484E+00  5.440984E+00 -9.441941E-02
  8.749153E+00  5.416694E+00 -1.063893E-01
  8.751603E+00  5.413197E+00 -1.075315E-01
  8.774823E+00  5.387952E+00 -1.183592E-01
  8.779391E+00  5.384874E+00 -1.204894E-01
  8.800492E+00  5.374553E+00 -1.303290E-01
  8.826162E+00  5.358618E+00 -1.422989E-01
  8.832464E+00  5.356551E+00 -1.452375E-01
  8.846903E+00  5.328228E+00 -1.519709E-01
  8.851831E+00  5.325488E+00 -1.542688E-01
  8.855440E+00  5.328228E+00 -1.559514E-01
  8.877501E+00  5.351844E+00 -1.662386E-01
  8.881273E+00  5.356551E+00 -1.679977E-01
  8.877501E+00  5.359455E+00 -1.662386E-01
  8.864067E+00  5.384874E+00 -1.599743E-01
  8.877501E+00  5.407720E+00 -1.662386E-01
  8.880015E+00  5.413197E+00 -1.674110E-01
  8.877501E+00  5.416344E+00 -1.662386E-01
Theta(deg) =   0.000000 , Phi(deg) =  27.500000 , Number of orbits =    13 , (Angstrom^-1) units
Slice   =    180 , Freq(kT, average of all copies)              =   0.2878
Orbit # =      0 , Freq(kT, this largest copy used for outline) =   0.2940
Points  =     29
  kx            ky            kz
  1.187136E+01  8.622922E+00 -4.694726E-01
  1.184624E+01  8.617478E+00 -4.563944E-01
  1.182111E+01  8.613896E+00 -4.433163E-01
  1.181933E+01  8.612319E+00 -4.423858E-01
  1.179599E+01  8.597524E+00 -4.302381E-01
  1.178456E+01  8.583996E+00 -4.242861E-01
  1.177837E+01  8.555673E+00 -4.210669E-01
  1.177087E+01  8.544639E+00 -4.171599E-01
  1.175758E+01  8.527350E+00 -4.102416E-01
  1.174575E+01  8.516557E+00 -4.040818E-01
  1.172796E+01  8.499027E+00 -3.948216E-01
  1.172703E+01  8.470704E+00 -3.943410E-01
  1.172472E+01  8.442380E+00 -3.931347E-01
  1.172261E+01  8.414057E+00 -3.920380E-01
  1.174575E+01  8.388383E+00 -4.040818E-01
  1.177087E+01  8.387094E+00 -4.171599E-01
  1.179599E+01  8.396769E+00 -4.302381E-01
  1.182111E+01  8.408510E+00 -4.433163E-01
  1.182456E+01  8.414057E+00 -4.451111E-01
  1.183151E+01  8.442380E+00 -4.487280E-01
  1.184624E+01  8.469729E+00 -4.563944E-01
  1.184721E+01  8.470704E+00 -4.568988E-01
  1.187136E+01  8.490581E+00 -4.694726E-01
  1.187709E+01  8.499027E+00 -4.724578E-01
  1.188623E+01  8.527350E+00 -4.772157E-01
  1.188799E+01  8.555673E+00 -4.781283E-01
  1.188656E+01  8.583996E+00 -4.773838E-01
  1.188249E+01  8.612319E+00 -4.752650E-01
  1.187136E+01  8.622922E+00 -4.694726E-01
Slice   =    151 , Freq(kT, average of all copies)              =   0.2898
Orbit # =      0 , Freq(kT, this largest copy used for outline) =   0.2935
Points  =     29
  kx            ky            kz
  9.384453E+00  8.090194E+00 -2.441738E+00
  9.359330E+00  8.087531E+00 -2.428660E+00
  9.334207E+00  8.079264E+00 -2.415581E+00
  9.329065E+00  8.075571E+00 -2.412904E+00
  9.309084E+00  8.063960E+00 -2.402503E+00
  9.294317E+00  8.047248E+00 -2.394816E+00
  9.286020E+00  8.018925E+00 -2.390496E+00
  9.283962E+00  8.016035E+00 -2.389425E+00
  9.266540E+00  7.990602E+00 -2.380356E+00
  9.258839E+00  7.981712E+00 -2.376347E+00
  9.233881E+00  7.962279E+00 -2.363355E+00
  9.235649E+00  7.933956E+00 -2.364275E+00
  9.235135E+00  7.905632E+00 -2.364008E+00
  9.241769E+00  7.877309E+00 -2.367461E+00
  9.258839E+00  7.859259E+00 -2.376347E+00
  9.283962E+00  7.858047E+00 -2.389425E+00
  9.309084E+00  7.861040E+00 -2.402503E+00
  9.328654E+00  7.877309E+00 -2.412690E+00
  9.334207E+00  7.886374E+00 -2.415581E+00
  9.339742E+00  7.905632E+00 -2.418462E+00
  9.357433E+00  7.933956E+00 -2.427672E+00
  9.359330E+00  7.936874E+00 -2.428660E+00
  9.384453E+00  7.957854E+00 -2.441738E+00
  9.387451E+00  7.962279E+00 -2.443298E+00
  9.396034E+00  7.990602E+00 -2.447766E+00
  9.399954E+00  8.018925E+00 -2.449807E+00
  9.401255E+00  8.047248E+00 -2.450484E+00
  9.398597E+00  8.075571E+00 -2.449101E+00
  9.384453E+00  8.090194E+00 -2.441738E+00
Slice   =    136 , Freq(kT, average of all copies)              =   0.3267
Orbit # =      0 , Freq(kT, this largest copy used for outline) =   0.3286
Points  =     33
  kx            ky            kz
  1.000343E+01  8.101550E+00 -2.333415E+00
  1.000127E+01  8.102503E+00 -2.332287E+00
  9.978310E+00  8.109392E+00 -2.320337E+00
  9.953187E+00  8.121337E+00 -2.307259E+00
  9.928064E+00  8.108776E+00 -2.294180E+00
  9.922828E+00  8.102503E+00 -2.291455E+00
  9.910623E+00  8.074180E+00 -2.285101E+00
  9.902941E+00  8.062078E+00 -2.281102E+00
  9.893427E+00  8.045857E+00 -2.276149E+00
  9.877818E+00  8.034177E+00 -2.268024E+00
  9.865196E+00  8.017534E+00 -2.261453E+00
  9.854652E+00  7.989210E+00 -2.255965E+00
  9.852695E+00  7.980203E+00 -2.254946E+00
  9.848332E+00  7.960887E+00 -2.252674E+00
  9.829538E+00  7.932564E+00 -2.242891E+00
  9.838327E+00  7.904241E+00 -2.247466E+00
  9.852695E+00  7.890300E+00 -2.254946E+00
  9.869142E+00  7.875918E+00 -2.263507E+00
  9.877818E+00  7.870623E+00 -2.268024E+00
  9.892463E+00  7.875918E+00 -2.275648E+00
  9.902941E+00  7.878647E+00 -2.281102E+00
  9.928064E+00  7.898063E+00 -2.294180E+00
  9.945281E+00  7.904241E+00 -2.303143E+00
  9.953187E+00  7.907802E+00 -2.307259E+00
  9.965843E+00  7.932564E+00 -2.313847E+00
  9.973187E+00  7.960887E+00 -2.317670E+00
  9.978310E+00  7.971733E+00 -2.320337E+00
  1.000070E+01  7.989210E+00 -2.331994E+00
  1.000343E+01  7.992033E+00 -2.333415E+00
  1.001627E+01  8.017534E+00 -2.340099E+00
  1.002315E+01  8.045857E+00 -2.343678E+00
  1.001564E+01  8.074180E+00 -2.339771E+00
  1.000343E+01  8.101550E+00 -2.333415E+00
Slice   =    132 , Freq(kT, average of all copies)              =   0.3300
Orbit # =      0 , Freq(kT, this largest copy used for outline) =   0.3357
Points  =     35
  kx            ky            kz
  8.601435E+00  7.263028E+00 -1.925133E+00
  8.576312E+00  7.275836E+00 -1.912054E+00
  8.570433E+00  7.280436E+00 -1.908994E+00
  8.551189E+00  7.302248E+00 -1.898976E+00
  8.526066E+00  7.285377E+00 -1.885898E+00
  8.523841E+00  7.280436E+00 -1.884740E+00
  8.500943E+00  7.255394E+00 -1.872820E+00
  8.497907E+00  7.252113E+00 -1.871240E+00
  8.475820E+00  7.239810E+00 -1.859742E+00
  8.461424E+00  7.223790E+00 -1.852248E+00
  8.450697E+00  7.200434E+00 -1.846664E+00
  8.447750E+00  7.195467E+00 -1.845130E+00
  8.435577E+00  7.167144E+00 -1.838793E+00
  8.425574E+00  7.155778E+00 -1.833585E+00
  8.409716E+00  7.138821E+00 -1.825330E+00
  8.403350E+00  7.110498E+00 -1.822017E+00
  8.419104E+00  7.082174E+00 -1.830217E+00
  8.425574E+00  7.072544E+00 -1.833585E+00
  8.450697E+00  7.058751E+00 -1.846664E+00
  8.459450E+00  7.053851E+00 -1.851220E+00
  8.475820E+00  7.045601E+00 -1.859742E+00
  8.500118E+00  7.053851E+00 -1.872391E+00
  8.500943E+00  7.054194E+00 -1.872820E+00
  8.513435E+00  7.082174E+00 -1.879323E+00
  8.526066E+00  7.094305E+00 -1.885898E+00
  8.551189E+00  7.107373E+00 -1.898976E+00
  8.552523E+00  7.110498E+00 -1.899671E+00
  8.564852E+00  7.138821E+00 -1.906089E+00
  8.569762E+00  7.167144E+00 -1.908645E+00
  8.576312E+00  7.183690E+00 -1.912054E+00
  8.587628E+00  7.195467E+00 -1.917945E+00
  8.601435E+00  7.213805E+00 -1.925133E+00
  8.605867E+00  7.223790E+00 -1.927440E+00
  8.607212E+00  7.252113E+00 -1.928140E+00
  8.601435E+00  7.263028E+00 -1.925133E+00
Slice   =    129 , Freq(kT, average of all copies)              =   0.3321
Orbit # =      0 , Freq(kT, this largest copy used for outline) =   0.3384
Points  =     35
  kx            ky            kz
  8.920873E+00  7.563275E+00 -2.902895E+00
  8.895750E+00  7.565030E+00 -2.889817E+00
  8.894126E+00  7.565755E+00 -2.888971E+00
  8.874525E+00  7.594078E+00 -2.878768E+00
  8.870627E+00  7.596337E+00 -2.876739E+00
  8.847693E+00  7.594078E+00 -2.864800E+00
  8.845504E+00  7.593578E+00 -2.863660E+00
  8.820381E+00  7.565809E+00 -2.850582E+00
  8.820342E+00  7.565755E+00 -2.850562E+00
  8.802891E+00  7.537432E+00 -2.841478E+00
  8.795258E+00  7.533129E+00 -2.837504E+00
  8.774265E+00  7.509109E+00 -2.826575E+00
  8.770136E+00  7.499604E+00 -2.824426E+00
  8.762975E+00  7.480786E+00 -2.820698E+00
  8.755683E+00  7.452462E+00 -2.816902E+00
  8.745013E+00  7.437532E+00 -2.811348E+00
  8.732258E+00  7.424139E+00 -2.804708E+00
  8.726451E+00  7.395816E+00 -2.801685E+00
  8.745013E+00  7.377107E+00 -2.811348E+00
  8.754149E+00  7.367493E+00 -2.816104E+00
  8.770136E+00  7.353830E+00 -2.824426E+00
  8.795258E+00  7.343201E+00 -2.837504E+00
  8.819217E+00  7.367493E+00 -2.849976E+00
  8.820381E+00  7.368319E+00 -2.850582E+00
  8.845504E+00  7.388662E+00 -2.863660E+00
  8.855769E+00  7.395816E+00 -2.869004E+00
  8.870627E+00  7.409682E+00 -2.876739E+00
  8.879309E+00  7.424139E+00 -2.881258E+00
  8.888597E+00  7.452462E+00 -2.886093E+00
  8.895750E+00  7.466922E+00 -2.889817E+00
  8.915927E+00  7.480786E+00 -2.900320E+00
  8.920873E+00  7.485794E+00 -2.902895E+00
  8.930390E+00  7.509109E+00 -2.907849E+00
  8.932280E+00  7.537432E+00 -2.908833E+00
  8.920873E+00  7.563275E+00 -2.902895E+00
Slice   =    220 , Freq(kT, average of all copies)              =   0.3398
Orbit # =      0 , Freq(kT, this largest copy used for outline) =   0.3521
Points  =     39
  kx            ky            kz
  1.226461E+01  8.289479E+00 -1.022132E+00
  1.223948E+01  8.296624E+00 -1.009054E+00
  1.222862E+01  8.304244E+00 -1.003399E+00
  1.221436E+01  8.317366E+00 -9.959756E-01
  1.218924E+01  8.324915E+00 -9.828975E-01
  1.216411E+01  8.322107E+00 -9.698193E-01
  1.213899E+01  8.322332E+00 -9.567411E-01
  1.211387E+01  8.317990E+00 -9.436630E-01
  1.208875E+01  8.305935E+00 -9.305848E-01
  1.206362E+01  8.312209E+00 -9.175066E-01
  1.205416E+01  8.304244E+00 -9.125803E-01
  1.203850E+01  8.284081E+00 -9.044285E-01
  1.201338E+01  8.286002E+00 -8.913503E-01
  1.200017E+01  8.275920E+00 -8.844764E-01
  1.198825E+01  8.254555E+00 -8.782721E-01
  1.196313E+01  8.249826E+00 -8.651940E-01
  1.196004E+01  8.247597E+00 -8.635855E-01
  1.196313E+01  8.241761E+00 -8.651940E-01
  1.198825E+01  8.220452E+00 -8.782721E-01
  1.198877E+01  8.219274E+00 -8.785414E-01
  1.201338E+01  8.201200E+00 -8.913503E-01
  1.203190E+01  8.190951E+00 -9.009933E-01
  1.203850E+01  8.187725E+00 -9.044285E-01
  1.206362E+01  8.186683E+00 -9.175066E-01
  1.208875E+01  8.175640E+00 -9.305848E-01
  1.211124E+01  8.190951E+00 -9.422971E-01
  1.211387E+01  8.192302E+00 -9.436630E-01
  1.211811E+01  8.190951E+00 -9.458687E-01
  1.213899E+01  8.186583E+00 -9.567411E-01
  1.215009E+01  8.190951E+00 -9.625190E-01
  1.216411E+01  8.199597E+00 -9.698193E-01
  1.218924E+01  8.210483E+00 -9.828975E-01
  1.221436E+01  8.214395E+00 -9.959756E-01
  1.222001E+01  8.219274E+00 -9.989155E-01
  1.223948E+01  8.238579E+00 -1.009054E+00
  1.226461E+01  8.236230E+00 -1.022132E+00
  1.227442E+01  8.247597E+00 -1.027240E+00
  1.227885E+01  8.275920E+00 -1.029546E+00
  1.226461E+01  8.289479E+00 -1.022132E+00
Slice   =    219 , Freq(kT, average of all copies)              =   0.3467
Orbit # =      0 , Freq(kT, this largest copy used for outline) =   0.3467
Points  =     37
  kx            ky            kz
  1.222640E+01  8.310851E+00 -1.034177E+00
  1.220128E+01  8.328351E+00 -1.021099E+00
  1.219889E+01  8.332567E+00 -1.019854E+00
  1.217616E+01  8.352651E+00 -1.008020E+00
  1.215104E+01  8.354260E+00 -9.949422E-01
  1.213995E+01  8.360890E+00 -9.891730E-01
  1.212591E+01  8.367434E+00 -9.818640E-01
  1.210079E+01  8.367601E+00 -9.687859E-01
  1.209021E+01  8.360890E+00 -9.632767E-01
  1.207567E+01  8.353513E+00 -9.557077E-01
  1.205054E+01  8.352302E+00 -9.426295E-01
  1.202542E+01  8.335092E+00 -9.295514E-01
  1.201870E+01  8.332567E+00 -9.260533E-01
  1.200030E+01  8.327121E+00 -9.164732E-01
  1.197518E+01  8.312551E+00 -9.033950E-01
  1.196664E+01  8.304244E+00 -8.989500E-01
  1.195005E+01  8.291248E+00 -8.903169E-01
  1.193281E+01  8.275920E+00 -8.813418E-01
  1.195005E+01  8.251282E+00 -8.903169E-01
  1.195384E+01  8.247597E+00 -8.922864E-01
  1.197518E+01  8.229966E+00 -9.033950E-01
  1.199211E+01  8.219274E+00 -9.122124E-01
  1.200030E+01  8.215300E+00 -9.164732E-01
  1.202542E+01  8.215475E+00 -9.295514E-01
  1.205054E+01  8.214921E+00 -9.426295E-01
  1.207567E+01  8.211767E+00 -9.557077E-01
  1.208275E+01  8.219274E+00 -9.593946E-01
  1.210079E+01  8.232622E+00 -9.687859E-01
  1.212591E+01  8.225372E+00 -9.818640E-01
  1.214661E+01  8.247597E+00 -9.926399E-01
  1.215104E+01  8.252405E+00 -9.949422E-01
  1.217616E+01  8.252294E+00 -1.008020E+00
  1.220120E+01  8.275920E+00 -1.021058E+00
  1.220128E+01  8.276107E+00 -1.021099E+00
  1.222640E+01  8.295116E+00 -1.034177E+00
  1.223325E+01  8.304244E+00 -1.037742E+00
  1.222640E+01  8.310851E+00 -1.034177E+00
Slice   =     87 , Freq(kT, average of all copies)              =   0.4127
Orbit # =      0 , Freq(kT, this largest copy used for outline) =   0.4268
Points  =     43
  kx            ky            kz
  4.861333E+00  3.686368E+00 -1.802709E+00
  4.836210E+00  3.701834E+00 -1.789631E+00
  4.829969E+00  3.710330E+00 -1.786382E+00
  4.811087E+00  3.723681E+00 -1.776553E+00
  4.785964E+00  3.728701E+00 -1.763475E+00
  4.760841E+00  3.724670E+00 -1.750397E+00
  4.735718E+00  3.717457E+00 -1.737318E+00
  4.710595E+00  3.713697E+00 -1.724240E+00
  4.706770E+00  3.710330E+00 -1.722249E+00
  4.685472E+00  3.688224E+00 -1.711162E+00
  4.660349E+00  3.686212E+00 -1.698084E+00
  4.655247E+00  3.682007E+00 -1.695428E+00
  4.635226E+00  3.662265E+00 -1.685006E+00
  4.610103E+00  3.657318E+00 -1.671928E+00
  4.605567E+00  3.653684E+00 -1.669566E+00
  4.584981E+00  3.634753E+00 -1.658849E+00
  4.559858E+00  3.625467E+00 -1.645771E+00
  4.559712E+00  3.625361E+00 -1.645696E+00
  4.534735E+00  3.597724E+00 -1.632693E+00
  4.533388E+00  3.597038E+00 -1.631992E+00
  4.534735E+00  3.595225E+00 -1.632693E+00
  4.559858E+00  3.572041E+00 -1.645771E+00
  4.570801E+00  3.568715E+00 -1.651468E+00
  4.584981E+00  3.568232E+00 -1.658849E+00
  4.610103E+00  3.557656E+00 -1.671928E+00
  4.635226E+00  3.555279E+00 -1.685006E+00
  4.660349E+00  3.562319E+00 -1.698084E+00
  4.685472E+00  3.551447E+00 -1.711162E+00
  4.703679E+00  3.568715E+00 -1.720640E+00
  4.710595E+00  3.574675E+00 -1.724240E+00
  4.725797E+00  3.568715E+00 -1.732154E+00
  4.735718E+00  3.565446E+00 -1.737318E+00
  4.742907E+00  3.568715E+00 -1.741061E+00
  4.760841E+00  3.581625E+00 -1.750397E+00
  4.785964E+00  3.586250E+00 -1.763475E+00
  4.811087E+00  3.593749E+00 -1.776553E+00
  4.816783E+00  3.597038E+00 -1.779518E+00
  4.836210E+00  3.613253E+00 -1.789631E+00
  4.861333E+00  3.618986E+00 -1.802709E+00
  4.867947E+00  3.625361E+00 -1.806153E+00
  4.869900E+00  3.653684E+00 -1.807169E+00
  4.864924E+00  3.682007E+00 -1.804579E+00
  4.861333E+00  3.686368E+00 -1.802709E+00
Slice   =     83 , Freq(kT, average of all copies)              =   0.4150
Orbit # =      0 , Freq(kT, this largest copy used for outline) =   0.4229
Points  =     45
  kx            ky            kz
  2.185017E+00  2.388358E+00  1.188169E-01
  2.159894E+00  2.386536E+00  1.318951E-01
  2.134772E+00  2.408858E+00  1.449730E-01
  2.134771E+00  2.408858E+00  1.449733E-01
  2.134770E+00  2.408858E+00  1.449739E-01
  2.109648E+00  2.395491E+00  1.580514E-01
  2.084525E+00  2.394593E+00  1.711296E-01
  2.059403E+00  2.391749E+00  1.842078E-01
  2.035720E+00  2.380535E+00  1.965359E-01
  2.034280E+00  2.379922E+00  1.972859E-01
  2.019878E+00  2.380535E+00  2.047832E-01
  2.009157E+00  2.381049E+00  2.103641E-01
  1.984034E+00  2.383350E+00  2.234423E-01
  1.979193E+00  2.380535E+00  2.259625E-01
  1.958911E+00  2.364088E+00  2.365204E-01
  1.933788E+00  2.362912E+00  2.495986E-01
  1.921771E+00  2.352211E+00  2.558541E-01
  1.908665E+00  2.336360E+00  2.626768E-01
  1.883542E+00  2.333431E+00  2.757549E-01
  1.874887E+00  2.323888E+00  2.802603E-01
  1.876707E+00  2.295565E+00  2.793129E-01
  1.883542E+00  2.273197E+00  2.757549E-01
  1.886674E+00  2.267242E+00  2.741245E-01
  1.908665E+00  2.249339E+00  2.626768E-01
  1.921590E+00  2.238919E+00  2.559484E-01
  1.933788E+00  2.233357E+00  2.495986E-01
  1.958911E+00  2.217870E+00  2.365204E-01
  1.984034E+00  2.236183E+00  2.234423E-01
  2.009157E+00  2.233590E+00  2.103641E-01
  2.016989E+00  2.238919E+00  2.062871E-01
  2.034280E+00  2.253516E+00  1.972859E-01
  2.059403E+00  2.263896E+00  1.842078E-01
  2.074512E+00  2.267242E+00  1.763423E-01
  2.084525E+00  2.270368E+00  1.711296E-01
  2.109648E+00  2.293428E+00  1.580514E-01
  2.134771E+00  2.288076E+00  1.449733E-01
  2.140484E+00  2.295565E+00  1.419993E-01
  2.159523E+00  2.323888E+00  1.320885E-01
  2.159894E+00  2.324798E+00  1.318951E-01
  2.161875E+00  2.323888E+00  1.308639E-01
  2.185017E+00  2.320693E+00  1.188169E-01
  2.187968E+00  2.323888E+00  1.172807E-01
  2.195793E+00  2.352211E+00  1.132072E-01
  2.196105E+00  2.380535E+00  1.130449E-01
  2.185017E+00  2.388358E+00  1.188169E-01
Slice   =     68 , Freq(kT, average of all copies)              =   0.7156
Orbit # =      0 , Freq(kT, this largest copy used for outline) =   0.7156
Points  =     65
  kx            ky            kz
  5.108354E+00  5.608925E+00 -2.866013E+00
  5.083231E+00  5.625012E+00 -2.852935E+00
  5.074639E+00  5.635607E+00 -2.848463E+00
  5.058108E+00  5.646067E+00 -2.839857E+00
  5.032985E+00  5.654243E+00 -2.826779E+00
  5.011256E+00  5.663931E+00 -2.815467E+00
  5.007862E+00  5.667016E+00 -2.813701E+00
  4.982739E+00  5.686261E+00 -2.800622E+00
  4.965928E+00  5.692254E+00 -2.791871E+00
  4.957616E+00  5.695023E+00 -2.787544E+00
  4.932493E+00  5.709727E+00 -2.774466E+00
  4.907371E+00  5.717808E+00 -2.761388E+00
  4.903755E+00  5.720577E+00 -2.759506E+00
  4.882248E+00  5.745839E+00 -2.748310E+00
  4.875682E+00  5.748900E+00 -2.744892E+00
  4.857125E+00  5.768173E+00 -2.735232E+00
  4.842878E+00  5.777223E+00 -2.727815E+00
  4.832002E+00  5.781719E+00 -2.722153E+00
  4.811383E+00  5.805546E+00 -2.711420E+00
  4.806879E+00  5.808513E+00 -2.709075E+00
  4.801968E+00  5.805546E+00 -2.706519E+00
  4.804444E+00  5.777223E+00 -2.707808E+00
  4.806879E+00  5.773321E+00 -2.709075E+00
  4.828026E+00  5.748900E+00 -2.720084E+00
  4.806879E+00  5.729694E+00 -2.709075E+00
  4.803498E+00  5.720577E+00 -2.707316E+00
  4.806879E+00  5.717036E+00 -2.709075E+00
  4.832002E+00  5.706841E+00 -2.722153E+00
  4.850462E+00  5.692254E+00 -2.731763E+00
  4.835628E+00  5.663931E+00 -2.724041E+00
  4.857125E+00  5.648858E+00 -2.735232E+00
  4.873024E+00  5.635607E+00 -2.743508E+00
  4.875671E+00  5.607284E+00 -2.744886E+00
  4.882248E+00  5.595422E+00 -2.748310E+00
  4.889511E+00  5.578961E+00 -2.752091E+00
  4.907371E+00  5.560369E+00 -2.761388E+00
  4.916993E+00  5.550638E+00 -2.766397E+00
  4.909903E+00  5.522315E+00 -2.762707E+00
  4.932493E+00  5.510838E+00 -2.774466E+00
  4.955040E+00  5.493992E+00 -2.786203E+00
  4.951943E+00  5.465669E+00 -2.784591E+00
  4.957616E+00  5.461368E+00 -2.787544E+00
  4.982739E+00  5.445881E+00 -2.800622E+00
  4.995708E+00  5.437346E+00 -2.807374E+00
  5.007862E+00  5.419512E+00 -2.813701E+00
  5.013776E+00  5.409022E+00 -2.816779E+00
  5.032985E+00  5.385312E+00 -2.826779E+00
  5.046313E+00  5.380699E+00 -2.833717E+00
  5.058108E+00  5.375103E+00 -2.839857E+00
  5.082500E+00  5.352376E+00 -2.852554E+00
  5.083231E+00  5.350466E+00 -2.852935E+00
  5.084516E+00  5.352376E+00 -2.853604E+00
  5.100549E+00  5.380699E+00 -2.861950E+00
  5.108354E+00  5.392759E+00 -2.866013E+00
  5.113151E+00  5.409022E+00 -2.868510E+00
  5.114306E+00  5.437346E+00 -2.869112E+00
  5.113604E+00  5.465669E+00 -2.868746E+00
  5.120208E+00  5.493992E+00 -2.872184E+00
  5.109969E+00  5.522315E+00 -2.866854E+00
  5.118932E+00  5.550638E+00 -2.871520E+00
  5.108354E+00  5.568660E+00 -2.866013E+00
  5.102511E+00  5.578961E+00 -2.862972E+00
  5.108354E+00  5.601966E+00 -2.866013E+00
  5.109629E+00  5.607284E+00 -2.866677E+00
  5.108354E+00  5.608925E+00 -2.866013E+00
Slice   =     27 , Freq(kT, average of all copies)              =   0.8133
Orbit # =      0 , Freq(kT, this largest copy used for outline) =   0.8133
Points  =     69
  kx            ky            kz
  5.113635E+00  7.095874E+00 -6.652997E+00
  5.104806E+00  7.109802E+00 -6.648402E+00
  5.112842E+00  7.138125E+00 -6.652585E+00
  5.090339E+00  7.166448E+00 -6.640871E+00
  5.094901E+00  7.194771E+00 -6.643245E+00
  5.088512E+00  7.202134E+00 -6.639919E+00
  5.063389E+00  7.212816E+00 -6.626841E+00
  5.055553E+00  7.223094E+00 -6.622762E+00
  5.038266E+00  7.234902E+00 -6.613763E+00
  5.013143E+00  7.242580E+00 -6.600685E+00
  4.996365E+00  7.251417E+00 -6.591951E+00
  4.988020E+00  7.260920E+00 -6.587607E+00
  4.962897E+00  7.277610E+00 -6.574528E+00
  4.959344E+00  7.279741E+00 -6.572679E+00
  4.937774E+00  7.293223E+00 -6.561450E+00
  4.912651E+00  7.303431E+00 -6.548372E+00
  4.903438E+00  7.308064E+00 -6.543576E+00
  4.889716E+00  7.336387E+00 -6.536433E+00
  4.887528E+00  7.338152E+00 -6.535294E+00
  4.862405E+00  7.351024E+00 -6.522216E+00
  4.847480E+00  7.364710E+00 -6.514446E+00
  4.837283E+00  7.374242E+00 -6.509138E+00
  4.819645E+00  7.393033E+00 -6.499956E+00
  4.812160E+00  7.401953E+00 -6.496059E+00
  4.787037E+00  7.401940E+00 -6.482981E+00
  4.771924E+00  7.393033E+00 -6.475114E+00
  4.780003E+00  7.364710E+00 -6.479320E+00
  4.787037E+00  7.355707E+00 -6.482981E+00
  4.799386E+00  7.336387E+00 -6.489410E+00
  4.787037E+00  7.319814E+00 -6.482981E+00
  4.782209E+00  7.308064E+00 -6.480468E+00
  4.787037E+00  7.303142E+00 -6.482981E+00
  4.812160E+00  7.290528E+00 -6.496059E+00
  4.827197E+00  7.279741E+00 -6.503888E+00
  4.813224E+00  7.251417E+00 -6.496614E+00
  4.837283E+00  7.235300E+00 -6.509138E+00
  4.853254E+00  7.223094E+00 -6.517452E+00
  4.859331E+00  7.194771E+00 -6.520615E+00
  4.862405E+00  7.189847E+00 -6.522216E+00
  4.873302E+00  7.166448E+00 -6.527888E+00
  4.887528E+00  7.152226E+00 -6.535294E+00
  4.901282E+00  7.138125E+00 -6.542453E+00
  4.894608E+00  7.109802E+00 -6.538979E+00
  4.912651E+00  7.099979E+00 -6.548372E+00
  4.937774E+00  7.083130E+00 -6.561450E+00
  4.939557E+00  7.081479E+00 -6.562378E+00
  4.937774E+00  7.061328E+00 -6.561450E+00
  4.937060E+00  7.053156E+00 -6.561079E+00
  4.937774E+00  7.052600E+00 -6.561450E+00
  4.962897E+00  7.035546E+00 -6.574528E+00
  4.979690E+00  7.024832E+00 -6.583270E+00
  4.988020E+00  7.014388E+00 -6.587607E+00
  4.999003E+00  6.996509E+00 -6.593324E+00
  5.013143E+00  6.977820E+00 -6.600685E+00
  5.027672E+00  6.968186E+00 -6.608248E+00
  5.038266E+00  6.960150E+00 -6.613763E+00
  5.063389E+00  6.944163E+00 -6.626841E+00
  5.068185E+00  6.939863E+00 -6.629338E+00
  5.088512E+00  6.919562E+00 -6.639919E+00
  5.100882E+00  6.939863E+00 -6.646359E+00
  5.111509E+00  6.968186E+00 -6.651891E+00
  5.113215E+00  6.996509E+00 -6.652779E+00
  5.113635E+00  6.998211E+00 -6.652997E+00
  5.121161E+00  7.024832E+00 -6.656915E+00
  5.113635E+00  7.043481E+00 -6.652997E+00
  5.110719E+00  7.053156E+00 -6.651480E+00
  5.113635E+00  7.060624E+00 -6.652997E+00
  5.120446E+00  7.081479E+00 -6.656543E+00
  5.113635E+00  7.095874E+00 -6.652997E+00
Slice   =     48 , Freq(kT, average of all copies)              =   0.9153
Orbit # =      0 , Freq(kT, this largest copy used for outline) =   0.9153
Points  =     71
  kx            ky            kz
  5.104972E+00  6.304340E+00 -4.740405E+00
  5.093786E+00  6.316058E+00 -4.734582E+00
  5.099014E+00  6.344381E+00 -4.737303E+00
  5.079849E+00  6.365596E+00 -4.727327E+00
  5.070758E+00  6.372705E+00 -4.722594E+00
  5.068062E+00  6.401028E+00 -4.721191E+00
  5.054726E+00  6.411705E+00 -4.714248E+00
  5.029603E+00  6.429017E+00 -4.701170E+00
  5.029395E+00  6.429351E+00 -4.701062E+00
  5.004480E+00  6.446586E+00 -4.688092E+00
  4.979357E+00  6.455242E+00 -4.675014E+00
  4.976238E+00  6.457674E+00 -4.673390E+00
  4.954234E+00  6.484025E+00 -4.661936E+00
  4.951428E+00  6.485997E+00 -4.660475E+00
  4.929111E+00  6.503004E+00 -4.648858E+00
  4.904723E+00  6.514320E+00 -4.636162E+00
  4.903989E+00  6.514820E+00 -4.635779E+00
  4.888833E+00  6.542643E+00 -4.627890E+00
  4.878866E+00  6.553276E+00 -4.622701E+00
  4.853743E+00  6.562520E+00 -4.609623E+00
  4.844252E+00  6.570967E+00 -4.604683E+00
  4.828620E+00  6.596958E+00 -4.596545E+00
  4.824948E+00  6.599290E+00 -4.594634E+00
  4.803497E+00  6.610124E+00 -4.583467E+00
  4.778374E+00  6.626203E+00 -4.570389E+00
  4.753251E+00  6.617889E+00 -4.557310E+00
  4.742612E+00  6.599290E+00 -4.551772E+00
  4.749438E+00  6.570967E+00 -4.555326E+00
  4.753251E+00  6.564835E+00 -4.557310E+00
  4.770253E+00  6.542643E+00 -4.566161E+00
  4.753251E+00  6.516392E+00 -4.557310E+00
  4.752673E+00  6.514320E+00 -4.557009E+00
  4.753251E+00  6.513403E+00 -4.557310E+00
  4.778374E+00  6.498731E+00 -4.570389E+00
  4.797444E+00  6.485997E+00 -4.580316E+00
  4.786682E+00  6.457674E+00 -4.574713E+00
  4.803497E+00  6.446794E+00 -4.583467E+00
  4.825853E+00  6.429351E+00 -4.595105E+00
  4.828620E+00  6.418888E+00 -4.596545E+00
  4.837357E+00  6.401028E+00 -4.601094E+00
  4.851386E+00  6.372705E+00 -4.608397E+00
  4.853743E+00  6.369849E+00 -4.609623E+00
  4.878866E+00  6.352677E+00 -4.622701E+00
  4.885497E+00  6.344381E+00 -4.626153E+00
  4.878866E+00  6.318288E+00 -4.622701E+00
  4.877868E+00  6.316058E+00 -4.622182E+00
  4.878866E+00  6.315465E+00 -4.622701E+00
  4.903989E+00  6.300695E+00 -4.635779E+00
  4.920420E+00  6.287735E+00 -4.644333E+00
  4.919557E+00  6.259412E+00 -4.643884E+00
  4.929111E+00  6.252198E+00 -4.648858E+00
  4.954234E+00  6.236666E+00 -4.661936E+00
  4.961803E+00  6.231089E+00 -4.665876E+00
  4.979357E+00  6.204980E+00 -4.675014E+00
  4.980782E+00  6.202766E+00 -4.675755E+00
  5.004480E+00  6.181536E+00 -4.688092E+00
  5.016329E+00  6.174443E+00 -4.694260E+00
  5.029603E+00  6.161960E+00 -4.701170E+00
  5.046755E+00  6.146120E+00 -4.710099E+00
  5.054726E+00  6.137000E+00 -4.714248E+00
  5.079849E+00  6.126605E+00 -4.727327E+00
  5.092634E+00  6.117796E+00 -4.733982E+00
  5.104972E+00  6.111939E+00 -4.740405E+00
  5.108403E+00  6.117796E+00 -4.742191E+00
  5.110307E+00  6.146120E+00 -4.743182E+00
  5.120570E+00  6.174443E+00 -4.748525E+00
  5.113460E+00  6.202766E+00 -4.744824E+00
  5.117816E+00  6.231089E+00 -4.747091E+00
  5.107883E+00  6.259412E+00 -4.741920E+00
  5.111839E+00  6.287735E+00 -4.743980E+00
  5.104972E+00  6.304340E+00 -4.740405E+00
Slice   =    162 , Freq(kT, average of all copies)              =   1.0012
Orbit # =      0 , Freq(kT, this largest copy used for outline) =   1.0201
Points  =     79
  kx            ky            kz
  7.500308E+00  6.151833E+00 -7.816489E-01
  7.477346E+00  6.178617E+00 -7.696954E-01
  7.491983E+00  6.206940E+00 -7.773151E-01
  7.475185E+00  6.214079E+00 -7.685707E-01
  7.466563E+00  6.235263E+00 -7.640822E-01
  7.472488E+00  6.263587E+00 -7.671665E-01
  7.457948E+00  6.291910E+00 -7.595976E-01
  7.451185E+00  6.320233E+00 -7.560772E-01
  7.450062E+00  6.322427E+00 -7.554926E-01
  7.440933E+00  6.348556E+00 -7.507402E-01
  7.424939E+00  6.366110E+00 -7.424144E-01
  7.406966E+00  6.376879E+00 -7.330580E-01
  7.405493E+00  6.405202E+00 -7.322910E-01
  7.399817E+00  6.410259E+00 -7.293362E-01
  7.374694E+00  6.421258E+00 -7.162581E-01
  7.361374E+00  6.433525E+00 -7.093244E-01
  7.349571E+00  6.446181E+00 -7.031799E-01
  7.326232E+00  6.461849E+00 -6.910304E-01
  7.324448E+00  6.471828E+00 -6.901017E-01
  7.320095E+00  6.490172E+00 -6.878359E-01
  7.299325E+00  6.500458E+00 -6.770236E-01
  7.280177E+00  6.518495E+00 -6.670557E-01
  7.274202E+00  6.532546E+00 -6.639454E-01
  7.257815E+00  6.546818E+00 -6.554148E-01
  7.249079E+00  6.552417E+00 -6.508672E-01
  7.228702E+00  6.575141E+00 -6.402597E-01
  7.223956E+00  6.579852E+00 -6.377891E-01
  7.198833E+00  6.597268E+00 -6.247109E-01
  7.195278E+00  6.603464E+00 -6.228604E-01
  7.173710E+00  6.621356E+00 -6.116327E-01
  7.152961E+00  6.631787E+00 -6.008315E-01
  7.148587E+00  6.636127E+00 -5.985546E-01
  7.123464E+00  6.659112E+00 -5.854764E-01
  7.122524E+00  6.660110E+00 -5.849869E-01
  7.098341E+00  6.678328E+00 -5.723982E-01
  7.073219E+00  6.673327E+00 -5.593201E-01
  7.061122E+00  6.660110E+00 -5.530232E-01
  7.073219E+00  6.644949E+00 -5.593201E-01
  7.088140E+00  6.631787E+00 -5.670877E-01
  7.090210E+00  6.603464E+00 -5.681652E-01
  7.084035E+00  6.575141E+00 -5.649508E-01
  7.098341E+00  6.561882E+00 -5.723982E-01
  7.113046E+00  6.546818E+00 -5.800531E-01
  7.098341E+00  6.529580E+00 -5.723982E-01
  7.092419E+00  6.518495E+00 -5.693149E-01
  7.098341E+00  6.510486E+00 -5.723982E-01
  7.123464E+00  6.496638E+00 -5.854764E-01
  7.131613E+00  6.490172E+00 -5.897184E-01
  7.124826E+00  6.461849E+00 -5.861854E-01
  7.148587E+00  6.439091E+00 -5.985546E-01
  7.154432E+00  6.433525E+00 -6.015969E-01
  7.173710E+00  6.410753E+00 -6.116327E-01
  7.180691E+00  6.405202E+00 -6.152665E-01
  7.188582E+00  6.376879E+00 -6.193745E-01
  7.198833E+00  6.370756E+00 -6.247109E-01
  7.223956E+00  6.357009E+00 -6.377891E-01
  7.232160E+00  6.348556E+00 -6.420598E-01
  7.231864E+00  6.320233E+00 -6.419059E-01
  7.249079E+00  6.308675E+00 -6.508672E-01
  7.272944E+00  6.291910E+00 -6.632906E-01
  7.274202E+00  6.289336E+00 -6.639454E-01
  7.284375E+00  6.263587E+00 -6.692409E-01
  7.299325E+00  6.247458E+00 -6.770236E-01
  7.319682E+00  6.235263E+00 -6.876207E-01
  7.324448E+00  6.231393E+00 -6.901017E-01
  7.343563E+00  6.206940E+00 -7.000526E-01
  7.349571E+00  6.200034E+00 -7.031799E-01
  7.374694E+00  6.179663E+00 -7.162581E-01
  7.376259E+00  6.178617E+00 -7.170728E-01
  7.399817E+00  6.163691E+00 -7.293362E-01
  7.419811E+00  6.150294E+00 -7.397447E-01
  7.424939E+00  6.140846E+00 -7.424144E-01
  7.443613E+00  6.121971E+00 -7.521353E-01
  7.450062E+00  6.119483E+00 -7.554926E-01
  7.475185E+00  6.114718E+00 -7.685707E-01
  7.481626E+00  6.121971E+00 -7.719237E-01
  7.500308E+00  6.147068E+00 -7.816489E-01
  7.501437E+00  6.150294E+00 -7.822365E-01
  7.500308E+00  6.151833E+00 -7.816489E-01
Theta(deg) =   0.000000 , Phi(deg) =  30.000000 , Number of orbits =    14 , (Angstrom^-1) units
Slice   =    156 , Freq(kT, average of all copies)              =   0.2880
Orbit # =      0 , Freq(kT, this largest copy used for outline) =   0.2939
Points  =     31
  kx            ky            kz
  1.073426E+01  8.890591E+00 -3.013900E+00
  1.070973E+01  8.888195E+00 -2.999738E+00
  1.068520E+01  8.888003E+00 -2.985576E+00
  1.066067E+01  8.873950E+00 -2.971415E+00
  1.065721E+01  8.869315E+00 -2.969415E+00
  1.064518E+01  8.840992E+00 -2.962470E+00
  1.063614E+01  8.822091E+00 -2.957253E+00
  1.063110E+01  8.812668E+00 -2.954345E+00
  1.061161E+01  8.794542E+00 -2.943092E+00
  1.060236E+01  8.784345E+00 -2.937750E+00
  1.059204E+01  8.756022E+00 -2.931793E+00
  1.058937E+01  8.727699E+00 -2.930250E+00
  1.058709E+01  8.712393E+00 -2.928930E+00
  1.058509E+01  8.699376E+00 -2.927778E+00
  1.058709E+01  8.693698E+00 -2.928930E+00
  1.059932E+01  8.671053E+00 -2.935992E+00
  1.061161E+01  8.662158E+00 -2.943092E+00
  1.063614E+01  8.662935E+00 -2.957253E+00
  1.066067E+01  8.669174E+00 -2.971415E+00
  1.066471E+01  8.671053E+00 -2.973746E+00
  1.068520E+01  8.686773E+00 -2.985576E+00
  1.069059E+01  8.699376E+00 -2.988688E+00
  1.069864E+01  8.727699E+00 -2.993334E+00
  1.070973E+01  8.744953E+00 -2.999738E+00
  1.072897E+01  8.756022E+00 -3.010845E+00
  1.073426E+01  8.760772E+00 -3.013900E+00
  1.074442E+01  8.784345E+00 -3.019768E+00
  1.074887E+01  8.812668E+00 -3.022339E+00
  1.074923E+01  8.840992E+00 -3.022542E+00
  1.074780E+01  8.869315E+00 -3.021716E+00
  1.073426E+01  8.890591E+00 -3.013900E+00
Slice   =     47 , Freq(kT, average of all copies)              =   0.2894
Orbit # =      0 , Freq(kT, this largest copy used for outline) =   0.2931
Points  =     31
  kx            ky            kz
 -1.362531E-01  7.102251E-01 -6.183898E-01
 -1.607817E-01  7.129394E-01 -6.042282E-01
 -1.727049E-01  7.073825E-01 -5.973444E-01
 -1.853102E-01  7.035193E-01 -5.900667E-01
 -2.098388E-01  6.939906E-01 -5.759051E-01
 -2.241541E-01  6.790594E-01 -5.676401E-01
 -2.339063E-01  6.507363E-01 -5.620097E-01
 -2.343673E-01  6.500088E-01 -5.617435E-01
 -2.485311E-01  6.224131E-01 -5.535661E-01
 -2.588959E-01  6.114748E-01 -5.475820E-01
 -2.806518E-01  5.940900E-01 -5.350212E-01
 -2.834244E-01  5.762615E-01 -5.334204E-01
 -2.845669E-01  5.657669E-01 -5.327608E-01
 -2.845372E-01  5.374437E-01 -5.327780E-01
 -2.834244E-01  5.197607E-01 -5.334204E-01
 -2.814499E-01  5.091206E-01 -5.345604E-01
 -2.588959E-01  4.834444E-01 -5.475820E-01
 -2.343673E-01  4.828352E-01 -5.617435E-01
 -2.098388E-01  4.838797E-01 -5.759051E-01
 -1.908687E-01  5.091206E-01 -5.868575E-01
 -1.853102E-01  5.244813E-01 -5.900667E-01
 -1.821361E-01  5.374437E-01 -5.918993E-01
 -1.607817E-01  5.605355E-01 -6.042282E-01
 -1.550210E-01  5.657669E-01 -6.075542E-01
 -1.362531E-01  5.900418E-01 -6.183898E-01
 -1.339975E-01  5.940900E-01 -6.196921E-01
 -1.277557E-01  6.224131E-01 -6.232958E-01
 -1.215191E-01  6.507363E-01 -6.268965E-01
 -1.207838E-01  6.790594E-01 -6.273210E-01
 -1.331437E-01  7.073825E-01 -6.201850E-01
 -1.362531E-01  7.102251E-01 -6.183898E-01
Slice   =    180 , Freq(kT, average of all copies)              =   0.3002
Orbit # =      0 , Freq(kT, this largest copy used for outline) =   0.3002
Points  =     29
  kx            ky            kz
  1.156350E+01  9.632766E+00 -3.501493E+00
  1.156072E+01  9.636127E+00 -3.499890E+00
  1.153897E+01  9.644963E+00 -3.487332E+00
  1.151444E+01  9.658111E+00 -3.473170E+00
  1.148991E+01  9.654959E+00 -3.459009E+00
  1.146538E+01  9.646181E+00 -3.444847E+00
  1.145619E+01  9.636127E+00 -3.439543E+00
  1.144956E+01  9.607803E+00 -3.435715E+00
  1.144085E+01  9.596316E+00 -3.430685E+00
  1.142638E+01  9.579480E+00 -3.422327E+00
  1.141632E+01  9.570892E+00 -3.416524E+00
  1.140069E+01  9.551157E+00 -3.407498E+00
  1.140056E+01  9.522834E+00 -3.407420E+00
  1.139435E+01  9.494511E+00 -3.403839E+00
  1.139781E+01  9.466188E+00 -3.405832E+00
  1.141632E+01  9.450732E+00 -3.416524E+00
  1.144085E+01  9.439709E+00 -3.430685E+00
  1.146538E+01  9.449215E+00 -3.444847E+00
  1.148991E+01  9.451295E+00 -3.459009E+00
  1.149837E+01  9.466188E+00 -3.463894E+00
  1.150857E+01  9.494511E+00 -3.469779E+00
  1.151444E+01  9.504538E+00 -3.473170E+00
  1.153543E+01  9.522834E+00 -3.485289E+00
  1.153897E+01  9.525831E+00 -3.487332E+00
  1.155637E+01  9.551157E+00 -3.497380E+00
  1.156350E+01  9.575964E+00 -3.501493E+00
  1.156561E+01  9.579480E+00 -3.502716E+00
  1.157281E+01  9.607803E+00 -3.506874E+00
  1.156350E+01  9.632766E+00 -3.501493E+00
Slice   =    106 , Freq(kT, average of all copies)              =   0.3165
Orbit # =      0 , Freq(kT, this largest copy used for outline) =   0.3232
Points  =     35
  kx            ky            kz
  8.748274E+00  9.353321E+00 -5.090021E+00
  8.723745E+00  9.359999E+00 -5.075859E+00
  8.700346E+00  9.379131E+00 -5.062350E+00
  8.699217E+00  9.379663E+00 -5.061698E+00
  8.674688E+00  9.379658E+00 -5.047536E+00
  8.673287E+00  9.379131E+00 -5.046727E+00
  8.650160E+00  9.373534E+00 -5.033375E+00
  8.625631E+00  9.375265E+00 -5.019213E+00
  8.601102E+00  9.370225E+00 -5.005052E+00
  8.576574E+00  9.354841E+00 -4.990890E+00
  8.552045E+00  9.357527E+00 -4.976729E+00
  8.544875E+00  9.350808E+00 -4.972589E+00
  8.527517E+00  9.324455E+00 -4.962567E+00
  8.502988E+00  9.329493E+00 -4.948405E+00
  8.494288E+00  9.322485E+00 -4.943382E+00
  8.493779E+00  9.294162E+00 -4.943088E+00
  8.495510E+00  9.265839E+00 -4.944088E+00
  8.502988E+00  9.259676E+00 -4.948405E+00
  8.527517E+00  9.250108E+00 -4.962567E+00
  8.552045E+00  9.242210E+00 -4.976729E+00
  8.563637E+00  9.237515E+00 -4.983421E+00
  8.576574E+00  9.232050E+00 -4.990890E+00
  8.582716E+00  9.237515E+00 -4.994436E+00
  8.601102E+00  9.246421E+00 -5.005052E+00
  8.625631E+00  9.241078E+00 -5.019213E+00
  8.650160E+00  9.254598E+00 -5.033375E+00
  8.674688E+00  9.263459E+00 -5.047536E+00
  8.690689E+00  9.265839E+00 -5.056774E+00
  8.699217E+00  9.268267E+00 -5.061698E+00
  8.723745E+00  9.293988E+00 -5.075859E+00
  8.748274E+00  9.293666E+00 -5.090021E+00
  8.748935E+00  9.294162E+00 -5.090403E+00
  8.761165E+00  9.322485E+00 -5.097464E+00
  8.753222E+00  9.350808E+00 -5.092878E+00
  8.748274E+00  9.353321E+00 -5.090021E+00
Slice   =     48 , Freq(kT, average of all copies)              =   0.3270
Orbit # =      0 , Freq(kT, this largest copy used for outline) =   0.3275
Points  =     39
  kx            ky            kz
  3.043301E+00  3.028305E+00 -3.715064E+00
  3.037632E+00  3.030575E+00 -3.711791E+00
  3.018773E+00  3.042715E+00 -3.700903E+00
  3.003748E+00  3.058898E+00 -3.692228E+00
  2.994244E+00  3.063585E+00 -3.686741E+00
  2.975789E+00  3.058898E+00 -3.676086E+00
  2.969716E+00  3.057594E+00 -3.672580E+00
  2.945187E+00  3.055538E+00 -3.658418E+00
  2.932712E+00  3.058898E+00 -3.651216E+00
  2.920659E+00  3.061560E+00 -3.644256E+00
  2.916032E+00  3.058898E+00 -3.641585E+00
  2.896130E+00  3.043004E+00 -3.630095E+00
  2.871602E+00  3.041571E+00 -3.615933E+00
  2.847974E+00  3.030575E+00 -3.602292E+00
  2.847073E+00  3.029476E+00 -3.601772E+00
  2.822544E+00  3.012438E+00 -3.587610E+00
  2.798016E+00  3.003603E+00 -3.573449E+00
  2.796490E+00  3.002252E+00 -3.572568E+00
  2.778212E+00  2.973929E+00 -3.562015E+00
  2.796784E+00  2.945606E+00 -3.572737E+00
  2.798016E+00  2.944442E+00 -3.573449E+00
  2.822544E+00  2.926697E+00 -3.587610E+00
  2.847073E+00  2.922550E+00 -3.601772E+00
  2.857237E+00  2.917283E+00 -3.607640E+00
  2.871602E+00  2.913295E+00 -3.615933E+00
  2.881093E+00  2.917283E+00 -3.621413E+00
  2.896130E+00  2.922438E+00 -3.630095E+00
  2.920659E+00  2.927029E+00 -3.644256E+00
  2.945187E+00  2.922977E+00 -3.658418E+00
  2.965306E+00  2.945606E+00 -3.670034E+00
  2.969716E+00  2.948924E+00 -3.672580E+00
  2.983804E+00  2.945606E+00 -3.680713E+00
  2.994244E+00  2.943554E+00 -3.686741E+00
  2.997194E+00  2.945606E+00 -3.688444E+00
  3.017534E+00  2.973929E+00 -3.700188E+00
  3.018773E+00  2.976126E+00 -3.700903E+00
  3.043301E+00  2.977946E+00 -3.715064E+00
  3.060478E+00  3.002252E+00 -3.724981E+00
  3.043301E+00  3.028305E+00 -3.715064E+00
Slice   =    103 , Freq(kT, average of all copies)              =   0.3367
Orbit # =      0 , Freq(kT, this largest copy used for outline) =   0.3437
Points  =     35
  kx            ky            kz
  5.564925E+00  5.428748E+00 -2.578417E+00
  5.540396E+00  5.437515E+00 -2.564256E+00
  5.536424E+00  5.440129E+00 -2.561963E+00
  5.515868E+00  5.467622E+00 -2.550094E+00
  5.491339E+00  5.455453E+00 -2.535933E+00
  5.483368E+00  5.440129E+00 -2.531331E+00
  5.466810E+00  5.421636E+00 -2.521771E+00
  5.458348E+00  5.411805E+00 -2.516885E+00
  5.442282E+00  5.402702E+00 -2.507610E+00
  5.423268E+00  5.383482E+00 -2.496632E+00
  5.417753E+00  5.369030E+00 -2.493448E+00
  5.411881E+00  5.355159E+00 -2.490057E+00
  5.399474E+00  5.326836E+00 -2.482894E+00
  5.393225E+00  5.319668E+00 -2.479286E+00
  5.371391E+00  5.298513E+00 -2.466680E+00
  5.370378E+00  5.270190E+00 -2.466096E+00
  5.387083E+00  5.241867E+00 -2.475741E+00
  5.393225E+00  5.233198E+00 -2.479286E+00
  5.417753E+00  5.219857E+00 -2.493448E+00
  5.431529E+00  5.213543E+00 -2.501402E+00
  5.442282E+00  5.209007E+00 -2.507610E+00
  5.449907E+00  5.213543E+00 -2.512012E+00
  5.466810E+00  5.225016E+00 -2.521771E+00
  5.475953E+00  5.241867E+00 -2.527050E+00
  5.491339E+00  5.255139E+00 -2.535933E+00
  5.509860E+00  5.270190E+00 -2.546626E+00
  5.515868E+00  5.275657E+00 -2.550094E+00
  5.526140E+00  5.298513E+00 -2.556025E+00
  5.531932E+00  5.326836E+00 -2.559369E+00
  5.540396E+00  5.344828E+00 -2.564256E+00
  5.554679E+00  5.355159E+00 -2.572502E+00
  5.564925E+00  5.367828E+00 -2.578417E+00
  5.570250E+00  5.383482E+00 -2.581492E+00
  5.572683E+00  5.411805E+00 -2.582897E+00
  5.564925E+00  5.428748E+00 -2.578417E+00
Slice   =     77 , Freq(kT, average of all copies)              =   0.3375
Orbit # =      0 , Freq(kT, this largest copy used for outline) =   0.3442
Points  =     35
  kx            ky            kz
  8.092303E+00  8.352589E+00 -6.181586E+00
  8.067774E+00  8.358002E+00 -6.167424E+00
  8.067503E+00  8.358107E+00 -6.167267E+00
  8.046826E+00  8.386430E+00 -6.155329E+00
  8.043246E+00  8.388290E+00 -6.153262E+00
  8.018717E+00  8.388015E+00 -6.139101E+00
  8.016249E+00  8.386430E+00 -6.137676E+00
  7.994189E+00  8.360712E+00 -6.124939E+00
  7.992594E+00  8.358107E+00 -6.124019E+00
  7.972664E+00  8.329784E+00 -6.112512E+00
  7.969660E+00  8.328284E+00 -6.110778E+00
  7.945132E+00  8.303210E+00 -6.096616E+00
  7.944044E+00  8.301461E+00 -6.095988E+00
  7.936832E+00  8.273137E+00 -6.091824E+00
  7.927064E+00  8.244814E+00 -6.086185E+00
  7.920603E+00  8.236741E+00 -6.082455E+00
  7.898293E+00  8.216491E+00 -6.069574E+00
  7.901295E+00  8.188168E+00 -6.071307E+00
  7.920603E+00  8.162714E+00 -6.082455E+00
  7.923293E+00  8.159845E+00 -6.084007E+00
  7.945132E+00  8.145828E+00 -6.096616E+00
  7.969660E+00  8.133721E+00 -6.110778E+00
  7.988503E+00  8.159845E+00 -6.121657E+00
  7.994189E+00  8.164269E+00 -6.124939E+00
  8.018717E+00  8.182978E+00 -6.139101E+00
  8.025159E+00  8.188168E+00 -6.142820E+00
  8.043246E+00  8.206048E+00 -6.153262E+00
  8.049748E+00  8.216491E+00 -6.157017E+00
  8.059222E+00  8.244814E+00 -6.162486E+00
  8.067774E+00  8.261542E+00 -6.167424E+00
  8.082272E+00  8.273137E+00 -6.175794E+00
  8.092303E+00  8.284641E+00 -6.181586E+00
  8.099631E+00  8.301461E+00 -6.185816E+00
  8.102868E+00  8.329784E+00 -6.187685E+00
  8.092303E+00  8.352589E+00 -6.181586E+00
Slice   =    201 , Freq(kT, average of all copies)              =   0.4015
Orbit # =      0 , Freq(kT, this largest copy used for outline) =   0.4124
Points  =     39
  kx            ky            kz
  1.129915E+01  7.654745E+00 -5.527301E-01
  1.127462E+01  7.662000E+00 -5.385686E-01
  1.125009E+01  7.676074E+00 -5.244070E-01
  1.124391E+01  7.679047E+00 -5.208346E-01
  1.122557E+01  7.685349E+00 -5.102454E-01
  1.121322E+01  7.679047E+00 -5.031183E-01
  1.120104E+01  7.670255E+00 -4.960839E-01
  1.117651E+01  7.664924E+00 -4.819223E-01
  1.115258E+01  7.650724E+00 -4.681088E-01
  1.115198E+01  7.649886E+00 -4.677607E-01
  1.112745E+01  7.634620E+00 -4.535992E-01
  1.110603E+01  7.622401E+00 -4.412291E-01
  1.110292E+01  7.618327E+00 -4.394376E-01
  1.107839E+01  7.603306E+00 -4.252760E-01
  1.105834E+01  7.594078E+00 -4.137000E-01
  1.105387E+01  7.587197E+00 -4.111145E-01
  1.102934E+01  7.571219E+00 -3.969529E-01
  1.101555E+01  7.565755E+00 -3.889922E-01
  1.101171E+01  7.537432E+00 -3.867737E-01
  1.102934E+01  7.512883E+00 -3.969529E-01
  1.103461E+01  7.509109E+00 -3.999986E-01
  1.105387E+01  7.504061E+00 -4.111145E-01
  1.107839E+01  7.488155E+00 -4.252760E-01
  1.110292E+01  7.504937E+00 -4.394376E-01
  1.112745E+01  7.499614E+00 -4.535992E-01
  1.114185E+01  7.509109E+00 -4.619117E-01
  1.115198E+01  7.516853E+00 -4.677607E-01
  1.117651E+01  7.518973E+00 -4.819223E-01
  1.120104E+01  7.526472E+00 -4.960839E-01
  1.121930E+01  7.537432E+00 -5.066307E-01
  1.122557E+01  7.540488E+00 -5.102454E-01
  1.125009E+01  7.539621E+00 -5.244070E-01
  1.127462E+01  7.565678E+00 -5.385686E-01
  1.129915E+01  7.564406E+00 -5.527301E-01
  1.130063E+01  7.565755E+00 -5.535812E-01
  1.131494E+01  7.594078E+00 -5.618457E-01
  1.131135E+01  7.622401E+00 -5.597703E-01
  1.130153E+01  7.650724E+00 -5.541052E-01
  1.129915E+01  7.654745E+00 -5.527301E-01
Slice   =     98 , Freq(kT, average of all copies)              =   0.4037
Orbit # =      0 , Freq(kT, this largest copy used for outline) =   0.4100
Points  =     41
  kx            ky            kz
  5.934421E+00  6.605036E+00 -3.749016E+00
  5.909892E+00  6.611859E+00 -3.734854E+00
  5.894462E+00  6.631787E+00 -3.725946E+00
  5.885364E+00  6.634335E+00 -3.720693E+00
  5.877255E+00  6.631787E+00 -3.716011E+00
  5.860835E+00  6.625195E+00 -3.706531E+00
  5.836307E+00  6.620729E+00 -3.692370E+00
  5.811778E+00  6.621839E+00 -3.678208E+00
  5.787250E+00  6.609847E+00 -3.664047E+00
  5.762721E+00  6.608929E+00 -3.649885E+00
  5.738192E+00  6.605433E+00 -3.635724E+00
  5.734862E+00  6.603464E+00 -3.633801E+00
  5.713664E+00  6.586623E+00 -3.621562E+00
  5.689135E+00  6.583949E+00 -3.607400E+00
  5.679070E+00  6.575141E+00 -3.601589E+00
  5.664607E+00  6.554998E+00 -3.593239E+00
  5.640078E+00  6.553810E+00 -3.579077E+00
  5.633685E+00  6.546818E+00 -3.575386E+00
  5.635897E+00  6.518495E+00 -3.576663E+00
  5.640078E+00  6.493921E+00 -3.579077E+00
  5.641494E+00  6.490172E+00 -3.579895E+00
  5.664607E+00  6.468831E+00 -3.593239E+00
  5.673326E+00  6.461849E+00 -3.598273E+00
  5.689135E+00  6.455256E+00 -3.607400E+00
  5.713664E+00  6.440720E+00 -3.621562E+00
  5.738192E+00  6.459040E+00 -3.635724E+00
  5.762721E+00  6.459065E+00 -3.649885E+00
  5.766744E+00  6.461849E+00 -3.652208E+00
  5.787250E+00  6.477897E+00 -3.664047E+00
  5.806292E+00  6.490172E+00 -3.675041E+00
  5.811778E+00  6.492372E+00 -3.678208E+00
  5.836307E+00  6.499367E+00 -3.692370E+00
  5.854047E+00  6.518495E+00 -3.702612E+00
  5.860835E+00  6.524540E+00 -3.706531E+00
  5.885364E+00  6.519349E+00 -3.720693E+00
  5.901513E+00  6.546818E+00 -3.730017E+00
  5.909892E+00  6.561945E+00 -3.734854E+00
  5.934421E+00  6.560466E+00 -3.749016E+00
  5.942776E+00  6.575141E+00 -3.753840E+00
  5.936439E+00  6.603464E+00 -3.750181E+00
  5.934421E+00  6.605036E+00 -3.749016E+00
Slice   =     31 , Freq(kT, average of all copies)              =   0.7278
Orbit # =      0 , Freq(kT, this largest copy used for outline) =   0.7278
Points  =     61
  kx            ky            kz
  5.060391E+00  7.223952E+00 -6.729275E+00
  5.035863E+00  7.238013E+00 -6.715113E+00
  5.011334E+00  7.242142E+00 -6.700952E+00
  4.992765E+00  7.251417E+00 -6.690231E+00
  4.986806E+00  7.255872E+00 -6.686790E+00
  4.962277E+00  7.269548E+00 -6.672628E+00
  4.937749E+00  7.278577E+00 -6.658467E+00
  4.935771E+00  7.279741E+00 -6.657325E+00
  4.913220E+00  7.288703E+00 -6.644305E+00
  4.888692E+00  7.301201E+00 -6.630144E+00
  4.869965E+00  7.308064E+00 -6.619332E+00
  4.864163E+00  7.312813E+00 -6.615982E+00
  4.845159E+00  7.336387E+00 -6.605010E+00
  4.839634E+00  7.341762E+00 -6.601821E+00
  4.815782E+00  7.364710E+00 -6.588049E+00
  4.815106E+00  7.365222E+00 -6.587659E+00
  4.790577E+00  7.381959E+00 -6.573497E+00
  4.777708E+00  7.393033E+00 -6.566067E+00
  4.766049E+00  7.397992E+00 -6.559336E+00
  4.750613E+00  7.393033E+00 -6.550424E+00
  4.758187E+00  7.364710E+00 -6.554797E+00
  4.766049E+00  7.355718E+00 -6.559336E+00
  4.781755E+00  7.336387E+00 -6.568404E+00
  4.766049E+00  7.322123E+00 -6.559336E+00
  4.757945E+00  7.308064E+00 -6.554657E+00
  4.766049E+00  7.302332E+00 -6.559336E+00
  4.790577E+00  7.293241E+00 -6.573497E+00
  4.811400E+00  7.279741E+00 -6.585519E+00
  4.794625E+00  7.251417E+00 -6.575834E+00
  4.815106E+00  7.239681E+00 -6.587659E+00
  4.837443E+00  7.223094E+00 -6.600556E+00
  4.839634E+00  7.206453E+00 -6.601821E+00
  4.841714E+00  7.194771E+00 -6.603021E+00
  4.856316E+00  7.166448E+00 -6.611451E+00
  4.864163E+00  7.157005E+00 -6.615982E+00
  4.888692E+00  7.141410E+00 -6.630144E+00
  4.891478E+00  7.138125E+00 -6.631752E+00
  4.888692E+00  7.128982E+00 -6.630144E+00
  4.880047E+00  7.109802E+00 -6.625153E+00
  4.888692E+00  7.104682E+00 -6.630144E+00
  4.913220E+00  7.093605E+00 -6.644305E+00
  4.930623E+00  7.081479E+00 -6.654353E+00
  4.926503E+00  7.053156E+00 -6.651974E+00
  4.937749E+00  7.045825E+00 -6.658467E+00
  4.962277E+00  7.032767E+00 -6.672628E+00
  4.975189E+00  7.024832E+00 -6.680083E+00
  4.986806E+00  7.007947E+00 -6.686790E+00
  4.996226E+00  6.996509E+00 -6.692229E+00
  5.011334E+00  6.982255E+00 -6.700952E+00
  5.035863E+00  6.968956E+00 -6.715113E+00
  5.060391E+00  6.973702E+00 -6.729275E+00
  5.069837E+00  6.996509E+00 -6.734728E+00
  5.069778E+00  7.024832E+00 -6.734694E+00
  5.075551E+00  7.053156E+00 -6.738027E+00
  5.076383E+00  7.081479E+00 -6.738508E+00
  5.078571E+00  7.109802E+00 -6.739771E+00
  5.081017E+00  7.138125E+00 -6.741183E+00
  5.079212E+00  7.166448E+00 -6.740141E+00
  5.081988E+00  7.194771E+00 -6.741744E+00
  5.061666E+00  7.223094E+00 -6.730010E+00
  5.060391E+00  7.223952E+00 -6.729275E+00
Slice   =     16 , Freq(kT, average of all copies)              =   0.7858
Orbit # =      0 , Freq(kT, this largest copy used for outline) =   0.7858
Points  =     67
  kx            ky            kz
  6.368738E+00  6.999447E+00 -7.975220E+00
  6.344210E+00  7.006839E+00 -7.961058E+00
  6.336981E+00  7.024832E+00 -7.956885E+00
  6.344210E+00  7.043363E+00 -7.961058E+00
  6.352214E+00  7.053156E+00 -7.965680E+00
  6.344210E+00  7.057691E+00 -7.961058E+00
  6.326290E+00  7.081479E+00 -7.950712E+00
  6.319681E+00  7.091431E+00 -7.946897E+00
  6.299669E+00  7.109802E+00 -7.935343E+00
  6.302888E+00  7.138125E+00 -7.937201E+00
  6.295153E+00  7.143861E+00 -7.932735E+00
  6.270624E+00  7.154718E+00 -7.918574E+00
  6.254454E+00  7.166448E+00 -7.909238E+00
  6.264883E+00  7.194771E+00 -7.915259E+00
  6.246095E+00  7.206695E+00 -7.904412E+00
  6.228893E+00  7.223094E+00 -7.894480E+00
  6.221567E+00  7.249213E+00 -7.890251E+00
  6.220552E+00  7.251417E+00 -7.889665E+00
  6.201930E+00  7.279741E+00 -7.878913E+00
  6.197038E+00  7.285767E+00 -7.876089E+00
  6.172510E+00  7.304271E+00 -7.861928E+00
  6.165945E+00  7.308064E+00 -7.858138E+00
  6.164391E+00  7.336387E+00 -7.857240E+00
  6.147981E+00  7.347100E+00 -7.847766E+00
  6.123453E+00  7.359375E+00 -7.833604E+00
  6.119233E+00  7.364710E+00 -7.831168E+00
  6.098924E+00  7.392606E+00 -7.819443E+00
  6.097384E+00  7.393033E+00 -7.818554E+00
  6.083696E+00  7.421356E+00 -7.810651E+00
  6.074396E+00  7.430301E+00 -7.805281E+00
  6.049867E+00  7.432279E+00 -7.791120E+00
  6.026860E+00  7.421356E+00 -7.777836E+00
  6.025338E+00  7.419956E+00 -7.776958E+00
  6.013681E+00  7.393033E+00 -7.770228E+00
  6.015711E+00  7.364710E+00 -7.771400E+00
  6.010515E+00  7.336387E+00 -7.768400E+00
  6.007298E+00  7.308064E+00 -7.766543E+00
  6.011872E+00  7.279741E+00 -7.769183E+00
  6.000810E+00  7.255923E+00 -7.762797E+00
  5.997703E+00  7.251417E+00 -7.761003E+00
  6.000810E+00  7.245035E+00 -7.762797E+00
  6.010176E+00  7.223094E+00 -7.768204E+00
  6.014117E+00  7.194771E+00 -7.770480E+00
  6.025338E+00  7.172732E+00 -7.776958E+00
  6.029759E+00  7.166448E+00 -7.779510E+00
  6.049867E+00  7.159511E+00 -7.791120E+00
  6.074396E+00  7.150210E+00 -7.805281E+00
  6.098924E+00  7.138172E+00 -7.819443E+00
  6.099004E+00  7.138125E+00 -7.819489E+00
  6.123453E+00  7.127452E+00 -7.833604E+00
  6.147981E+00  7.116528E+00 -7.847766E+00
  6.158650E+00  7.109802E+00 -7.853926E+00
  6.172510E+00  7.102905E+00 -7.861928E+00
  6.197038E+00  7.093184E+00 -7.876089E+00
  6.221567E+00  7.082705E+00 -7.890251E+00
  6.224034E+00  7.081479E+00 -7.891675E+00
  6.239546E+00  7.053156E+00 -7.900631E+00
  6.246095E+00  7.046849E+00 -7.904412E+00
  6.270624E+00  7.035938E+00 -7.918574E+00
  6.278058E+00  7.024832E+00 -7.922866E+00
  6.295153E+00  7.008738E+00 -7.932735E+00
  6.319681E+00  7.000700E+00 -7.946897E+00
  6.329981E+00  6.996509E+00 -7.952843E+00
  6.344210E+00  6.979351E+00 -7.961058E+00
  6.368738E+00  6.992320E+00 -7.975220E+00
  6.373339E+00  6.996509E+00 -7.977877E+00
  6.368738E+00  6.999447E+00 -7.975220E+00
Slice   =     49 , Freq(kT, average of all copies)              =   0.8330
Orbit # =      0 , Freq(kT, this largest copy used for outline) =   0.8330
Points  =     69
  kx            ky            kz
  5.071224E+00  6.406718E+00 -4.831245E+00
  5.047255E+00  6.429351E+00 -4.817407E+00
  5.046695E+00  6.429726E+00 -4.817084E+00
  5.022167E+00  6.443147E+00 -4.802922E+00
  4.997638E+00  6.448778E+00 -4.788761E+00
  4.976771E+00  6.457674E+00 -4.776713E+00
  4.973110E+00  6.460705E+00 -4.774599E+00
  4.948581E+00  6.479084E+00 -4.760437E+00
  4.927401E+00  6.485997E+00 -4.748209E+00
  4.924053E+00  6.487136E+00 -4.746276E+00
  4.899524E+00  6.501814E+00 -4.732114E+00
  4.874996E+00  6.510382E+00 -4.717953E+00
  4.868066E+00  6.514320E+00 -4.713952E+00
  4.852513E+00  6.542643E+00 -4.704972E+00
  4.850467E+00  6.544154E+00 -4.703791E+00
  4.825938E+00  6.557684E+00 -4.689630E+00
  4.812433E+00  6.570967E+00 -4.681832E+00
  4.801410E+00  6.581336E+00 -4.675468E+00
  4.784734E+00  6.599290E+00 -4.665840E+00
  4.776881E+00  6.608882E+00 -4.661306E+00
  4.752353E+00  6.612308E+00 -4.647145E+00
  4.727824E+00  6.611173E+00 -4.632983E+00
  4.720769E+00  6.599290E+00 -4.628910E+00
  4.727824E+00  6.571339E+00 -4.632983E+00
  4.728033E+00  6.570967E+00 -4.633104E+00
  4.752353E+00  6.550339E+00 -4.647145E+00
  4.757699E+00  6.542643E+00 -4.650232E+00
  4.752353E+00  6.537163E+00 -4.647145E+00
  4.734063E+00  6.514320E+00 -4.636586E+00
  4.752353E+00  6.504503E+00 -4.647145E+00
  4.776881E+00  6.493444E+00 -4.661306E+00
  4.788526E+00  6.485997E+00 -4.668029E+00
  4.776881E+00  6.466333E+00 -4.661306E+00
  4.773470E+00  6.457674E+00 -4.659337E+00
  4.776881E+00  6.455110E+00 -4.661306E+00
  4.801410E+00  6.441228E+00 -4.675468E+00
  4.818932E+00  6.429351E+00 -4.685584E+00
  4.825789E+00  6.401028E+00 -4.689543E+00
  4.825938E+00  6.400834E+00 -4.689630E+00
  4.841133E+00  6.372705E+00 -4.698402E+00
  4.850467E+00  6.363169E+00 -4.703791E+00
  4.874996E+00  6.345028E+00 -4.717953E+00
  4.875578E+00  6.344381E+00 -4.718289E+00
  4.874996E+00  6.342419E+00 -4.717953E+00
  4.864390E+00  6.316058E+00 -4.711830E+00
  4.874996E+00  6.309994E+00 -4.717953E+00
  4.899524E+00  6.299145E+00 -4.732114E+00
  4.914676E+00  6.287735E+00 -4.740862E+00
  4.911061E+00  6.259412E+00 -4.738775E+00
  4.924053E+00  6.250519E+00 -4.746276E+00
  4.948581E+00  6.237612E+00 -4.760437E+00
  4.959192E+00  6.231089E+00 -4.766564E+00
  4.973110E+00  6.213159E+00 -4.774599E+00
  4.979472E+00  6.202766E+00 -4.778272E+00
  4.997638E+00  6.181535E+00 -4.788761E+00
  5.017918E+00  6.174443E+00 -4.800469E+00
  5.022167E+00  6.172751E+00 -4.802922E+00
  5.046695E+00  6.156578E+00 -4.817084E+00
  5.058990E+00  6.174443E+00 -4.824182E+00
  5.071224E+00  6.195494E+00 -4.831245E+00
  5.073847E+00  6.202766E+00 -4.832760E+00
  5.073727E+00  6.231089E+00 -4.832690E+00
  5.079109E+00  6.259412E+00 -4.835798E+00
  5.081172E+00  6.287735E+00 -4.836989E+00
  5.077858E+00  6.316058E+00 -4.835075E+00
  5.085857E+00  6.344381E+00 -4.839694E+00
  5.071690E+00  6.372705E+00 -4.831514E+00
  5.077564E+00  6.401028E+00 -4.834905E+00
  5.071224E+00  6.406718E+00 -4.831245E+00
Slice   =     67 , Freq(kT, average of all copies)              =   0.9412
Orbit # =      0 , Freq(kT, this largest copy used for outline) =   0.9412
Points  =     81
  kx            ky            kz
  5.082057E+00  5.555579E+00 -2.933216E+00
  5.066398E+00  5.578961E+00 -2.924175E+00
  5.068719E+00  5.607284E+00 -2.925515E+00
  5.057528E+00  5.618164E+00 -2.919054E+00
  5.032999E+00  5.630544E+00 -2.904893E+00
  5.029702E+00  5.635607E+00 -2.902989E+00
  5.008471E+00  5.648630E+00 -2.890731E+00
  4.983942E+00  5.654541E+00 -2.876570E+00
  4.962411E+00  5.663931E+00 -2.864139E+00
  4.959414E+00  5.667115E+00 -2.862408E+00
  4.934885E+00  5.686184E+00 -2.848246E+00
  4.922956E+00  5.692254E+00 -2.841359E+00
  4.910357E+00  5.699780E+00 -2.834085E+00
  4.885828E+00  5.712642E+00 -2.819923E+00
  4.868773E+00  5.720577E+00 -2.810077E+00
  4.861300E+00  5.730328E+00 -2.805762E+00
  4.852992E+00  5.748900E+00 -2.800965E+00
  4.836771E+00  5.762400E+00 -2.791600E+00
  4.812242E+00  5.772457E+00 -2.777439E+00
  4.808096E+00  5.777223E+00 -2.775045E+00
  4.789219E+00  5.805546E+00 -2.764146E+00
  4.787714E+00  5.807364E+00 -2.763277E+00
  4.763185E+00  5.821670E+00 -2.749115E+00
  4.741543E+00  5.833869E+00 -2.736620E+00
  4.738657E+00  5.836444E+00 -2.734954E+00
  4.715302E+00  5.862192E+00 -2.721470E+00
  4.714128E+00  5.862809E+00 -2.720792E+00
  4.689600E+00  5.872733E+00 -2.706631E+00
  4.665624E+00  5.862192E+00 -2.692789E+00
  4.689600E+00  5.849719E+00 -2.706631E+00
  4.714128E+00  5.859533E+00 -2.720792E+00
  4.734463E+00  5.833869E+00 -2.732533E+00
  4.714128E+00  5.824301E+00 -2.720792E+00
  4.702051E+00  5.805546E+00 -2.713819E+00
  4.710087E+00  5.777223E+00 -2.718459E+00
  4.714128E+00  5.771702E+00 -2.720792E+00
  4.733837E+00  5.748900E+00 -2.732171E+00
  4.714128E+00  5.721550E+00 -2.720792E+00
  4.713812E+00  5.720577E+00 -2.720610E+00
  4.714128E+00  5.720143E+00 -2.720792E+00
  4.738657E+00  5.705955E+00 -2.734954E+00
  4.763185E+00  5.694630E+00 -2.749115E+00
  4.766216E+00  5.692254E+00 -2.750865E+00
  4.763185E+00  5.686532E+00 -2.749115E+00
  4.752865E+00  5.663931E+00 -2.743157E+00
  4.763185E+00  5.657537E+00 -2.749115E+00
  4.787714E+00  5.642425E+00 -2.763277E+00
  4.798787E+00  5.635607E+00 -2.769670E+00
  4.808891E+00  5.607284E+00 -2.775504E+00
  4.812242E+00  5.602669E+00 -2.777439E+00
  4.825768E+00  5.578961E+00 -2.785248E+00
  4.836771E+00  5.569537E+00 -2.791600E+00
  4.860312E+00  5.550638E+00 -2.805191E+00
  4.850809E+00  5.522315E+00 -2.799705E+00
  4.861300E+00  5.516674E+00 -2.805762E+00
  4.885828E+00  5.504328E+00 -2.819923E+00
  4.899942E+00  5.493992E+00 -2.828072E+00
  4.896872E+00  5.465669E+00 -2.826299E+00
  4.910357E+00  5.456519E+00 -2.834085E+00
  4.934885E+00  5.442829E+00 -2.848246E+00
  4.944096E+00  5.437346E+00 -2.853564E+00
  4.959414E+00  5.420125E+00 -2.862408E+00
  4.966159E+00  5.409022E+00 -2.866302E+00
  4.983942E+00  5.387871E+00 -2.876570E+00
  4.996406E+00  5.380699E+00 -2.883765E+00
  5.008471E+00  5.372956E+00 -2.890731E+00
  5.032999E+00  5.362162E+00 -2.904893E+00
  5.042517E+00  5.352376E+00 -2.910388E+00
  5.057528E+00  5.332775E+00 -2.919054E+00
  5.064275E+00  5.352376E+00 -2.922950E+00
  5.069688E+00  5.380699E+00 -2.926075E+00
  5.076717E+00  5.409022E+00 -2.930133E+00
  5.078550E+00  5.437346E+00 -2.931192E+00
  5.077330E+00  5.465669E+00 -2.930487E+00
  5.082057E+00  5.490854E+00 -2.933216E+00
  5.083392E+00  5.493992E+00 -2.933987E+00
  5.082057E+00  5.496374E+00 -2.933216E+00
  5.074548E+00  5.522315E+00 -2.928881E+00
  5.082057E+00  5.544196E+00 -2.933216E+00
  5.085009E+00  5.550638E+00 -2.934920E+00
  5.082057E+00  5.555579E+00 -2.933216E+00
Slice   =     25 , Freq(kT, average of all copies)              =   1.1551
Orbit # =      0 , Freq(kT, this largest copy used for outline) =   1.1852
Points  =     89
  kx            ky            kz
  4.559647E+00  4.112865E+00 -4.277095E+00
  4.535118E+00  4.127571E+00 -4.262934E+00
  4.532468E+00  4.133786E+00 -4.261404E+00
  4.535118E+00  4.141533E+00 -4.262934E+00
  4.546331E+00  4.162109E+00 -4.269408E+00
  4.535118E+00  4.172449E+00 -4.262934E+00
  4.518968E+00  4.190432E+00 -4.253609E+00
  4.527582E+00  4.218755E+00 -4.258583E+00
  4.510589E+00  4.237258E+00 -4.248772E+00
  4.502947E+00  4.247078E+00 -4.244359E+00
  4.486061E+00  4.269677E+00 -4.234610E+00
  4.476632E+00  4.275401E+00 -4.229167E+00
  4.461532E+00  4.300341E+00 -4.220449E+00
  4.460537E+00  4.303725E+00 -4.219874E+00
  4.437004E+00  4.317607E+00 -4.206287E+00
  4.412475E+00  4.328358E+00 -4.192126E+00
  4.408212E+00  4.332048E+00 -4.189664E+00
  4.387947E+00  4.356560E+00 -4.177964E+00
  4.382496E+00  4.360371E+00 -4.174817E+00
  4.367268E+00  4.388694E+00 -4.166025E+00
  4.363418E+00  4.391962E+00 -4.163803E+00
  4.338890E+00  4.409725E+00 -4.149641E+00
  4.327578E+00  4.417017E+00 -4.143110E+00
  4.316312E+00  4.445340E+00 -4.136606E+00
  4.314361E+00  4.445832E+00 -4.135480E+00
  4.289832E+00  4.464392E+00 -4.121318E+00
  4.276866E+00  4.473663E+00 -4.113832E+00
  4.265304E+00  4.483885E+00 -4.107156E+00
  4.247208E+00  4.501986E+00 -4.096709E+00
  4.240775E+00  4.509377E+00 -4.092995E+00
  4.216247E+00  4.524480E+00 -4.078833E+00
  4.201710E+00  4.530310E+00 -4.070441E+00
  4.191718E+00  4.544869E+00 -4.064672E+00
  4.184158E+00  4.558633E+00 -4.060307E+00
  4.167190E+00  4.569189E+00 -4.050510E+00
  4.142661E+00  4.573064E+00 -4.036349E+00
  4.118133E+00  4.571269E+00 -4.022187E+00
  4.114619E+00  4.558633E+00 -4.020159E+00
  4.114347E+00  4.530310E+00 -4.020001E+00
  4.118133E+00  4.524569E+00 -4.022187E+00
  4.132912E+00  4.501986E+00 -4.030720E+00
  4.118133E+00  4.484131E+00 -4.022187E+00
  4.110003E+00  4.473663E+00 -4.017493E+00
  4.118133E+00  4.467954E+00 -4.022187E+00
  4.142661E+00  4.445911E+00 -4.036349E+00
  4.143173E+00  4.445340E+00 -4.036644E+00
  4.142661E+00  4.444424E+00 -4.036349E+00
  4.130800E+00  4.417017E+00 -4.029500E+00
  4.142661E+00  4.401005E+00 -4.036349E+00
  4.153099E+00  4.388694E+00 -4.042375E+00
  4.161154E+00  4.360371E+00 -4.047026E+00
  4.166728E+00  4.332048E+00 -4.050244E+00
  4.167190E+00  4.331552E+00 -4.050510E+00
  4.191718E+00  4.315079E+00 -4.064672E+00
  4.216247E+00  4.306770E+00 -4.078833E+00
  4.220215E+00  4.303725E+00 -4.081124E+00
  4.216247E+00  4.292819E+00 -4.078833E+00
  4.208096E+00  4.275401E+00 -4.074127E+00
  4.216247E+00  4.271213E+00 -4.078833E+00
  4.240775E+00  4.263794E+00 -4.092995E+00
  4.265304E+00  4.249963E+00 -4.107156E+00
  4.269788E+00  4.247078E+00 -4.109745E+00
  4.285372E+00  4.218755E+00 -4.118743E+00
  4.289832E+00  4.215364E+00 -4.121318E+00
  4.314361E+00  4.191135E+00 -4.135480E+00
  4.315699E+00  4.190432E+00 -4.136252E+00
  4.338890E+00  4.170680E+00 -4.149641E+00
  4.343478E+00  4.162109E+00 -4.152290E+00
  4.363418E+00  4.135752E+00 -4.163803E+00
  4.366906E+00  4.133786E+00 -4.165816E+00
  4.387947E+00  4.120180E+00 -4.177964E+00
  4.402591E+00  4.105463E+00 -4.186419E+00
  4.412475E+00  4.091977E+00 -4.192126E+00
  4.425360E+00  4.077139E+00 -4.199565E+00
  4.437004E+00  4.069188E+00 -4.206287E+00
  4.461532E+00  4.056982E+00 -4.220449E+00
  4.475604E+00  4.048816E+00 -4.228573E+00
  4.486061E+00  4.026508E+00 -4.234610E+00
  4.492405E+00  4.020493E+00 -4.238273E+00
  4.510589E+00  4.014201E+00 -4.248772E+00
  4.535118E+00  4.008864E+00 -4.262934E+00
  4.551521E+00  4.020493E+00 -4.272404E+00
  4.559647E+00  4.027206E+00 -4.277095E+00
  4.568113E+00  4.048816E+00 -4.281983E+00
  4.559647E+00  4.062391E+00 -4.277095E+00
  4.546739E+00  4.077139E+00 -4.269643E+00
  4.559647E+00  4.091260E+00 -4.277095E+00
  4.564711E+00  4.105463E+00 -4.280019E+00
  4.559647E+00  4.112865E+00 -4.277095E+00
Theta(deg) =   0.000000 , Phi(deg) =  32.500000 , Number of orbits =    10 , (Angstrom^-1) units
Slice   =    210 , Freq(kT, average of all copies)              =   0.2889
Orbit # =      0 , Freq(kT, this largest copy used for outline) =   0.2944
Points  =     29
  kx            ky            kz
  1.309818E+01  1.071202E+01 -2.580813E+00
  1.307429E+01  1.071354E+01 -2.565595E+00
  1.306970E+01  1.071101E+01 -2.562671E+00
  1.305041E+01  1.070516E+01 -2.550377E+00
  1.302652E+01  1.069511E+01 -2.535159E+00
  1.301536E+01  1.068269E+01 -2.528054E+00
  1.300560E+01  1.065437E+01 -2.521834E+00
  1.300263E+01  1.064925E+01 -2.519941E+00
  1.299027E+01  1.062604E+01 -2.512069E+00
  1.297874E+01  1.061445E+01 -2.504723E+00
  1.295928E+01  1.059772E+01 -2.492325E+00
  1.295596E+01  1.056940E+01 -2.490210E+00
  1.295546E+01  1.054108E+01 -2.489890E+00
  1.295974E+01  1.051275E+01 -2.492616E+00
  1.297874E+01  1.048778E+01 -2.504723E+00
  1.300263E+01  1.048522E+01 -2.519941E+00
  1.302652E+01  1.048511E+01 -2.535159E+00
  1.304843E+01  1.051275E+01 -2.549119E+00
  1.305041E+01  1.051658E+01 -2.550377E+00
  1.305711E+01  1.054108E+01 -2.554651E+00
  1.307429E+01  1.056077E+01 -2.565595E+00
  1.308565E+01  1.056940E+01 -2.572830E+00
  1.309818E+01  1.058653E+01 -2.580813E+00
  1.310320E+01  1.059772E+01 -2.584008E+00
  1.310859E+01  1.062604E+01 -2.587446E+00
  1.311571E+01  1.065437E+01 -2.591978E+00
  1.311645E+01  1.068269E+01 -2.592451E+00
  1.309924E+01  1.071101E+01 -2.581489E+00
  1.309818E+01  1.071202E+01 -2.580813E+00
Slice   =    210 , Freq(kT, average of all copies)              =   0.2964
Orbit # =      0 , Freq(kT, this largest copy used for outline) =   0.3040
Points  =     35
  kx            ky            kz
  8.426898E+00  5.643508E+00  3.172237E+00
  8.403011E+00  5.655357E+00  3.187455E+00
  8.379123E+00  5.657114E+00  3.202673E+00
  8.358374E+00  5.668801E+00  3.215892E+00
  8.355236E+00  5.670127E+00  3.217891E+00
  8.351290E+00  5.668801E+00  3.220405E+00
  8.331348E+00  5.660054E+00  3.233109E+00
  8.307461E+00  5.649371E+00  3.248327E+00
  8.283573E+00  5.648096E+00  3.263545E+00
  8.275111E+00  5.640478E+00  3.268936E+00
  8.259686E+00  5.622867E+00  3.278763E+00
  8.235798E+00  5.621991E+00  3.293981E+00
  8.221015E+00  5.612155E+00  3.303399E+00
  8.211911E+00  5.593078E+00  3.309199E+00
  8.188023E+00  5.585006E+00  3.324417E+00
  8.184665E+00  5.583831E+00  3.326556E+00
  8.188023E+00  5.565707E+00  3.324417E+00
  8.189613E+00  5.555508E+00  3.323404E+00
  8.211911E+00  5.538728E+00  3.309199E+00
  8.223913E+00  5.527185E+00  3.301553E+00
  8.235798E+00  5.515698E+00  3.293981E+00
  8.259686E+00  5.512833E+00  3.278763E+00
  8.283573E+00  5.517257E+00  3.263545E+00
  8.307461E+00  5.510804E+00  3.248327E+00
  8.319102E+00  5.527185E+00  3.240911E+00
  8.331348E+00  5.538624E+00  3.233109E+00
  8.355236E+00  5.535652E+00  3.217891E+00
  8.373586E+00  5.555508E+00  3.206201E+00
  8.379123E+00  5.563763E+00  3.202673E+00
  8.403011E+00  5.569729E+00  3.187455E+00
  8.419855E+00  5.583831E+00  3.176724E+00
  8.426898E+00  5.609263E+00  3.172237E+00
  8.430779E+00  5.612155E+00  3.169764E+00
  8.431868E+00  5.640478E+00  3.169071E+00
  8.426898E+00  5.643508E+00  3.172237E+00
Slice   =     78 , Freq(kT, average of all copies)              =   0.3436
Orbit # =      0 , Freq(kT, this largest copy used for outline) =   0.3516
Points  =     37
  kx            ky            kz
  6.617330E+00  7.553014E+00 -5.866484E+00
  6.593443E+00  7.560993E+00 -5.851266E+00
  6.589384E+00  7.564363E+00 -5.848680E+00
  6.569555E+00  7.574670E+00 -5.836048E+00
  6.545668E+00  7.568746E+00 -5.820830E+00
  6.541328E+00  7.564363E+00 -5.818065E+00
  6.531424E+00  7.536040E+00 -5.811756E+00
  6.521780E+00  7.525284E+00 -5.805612E+00
  6.505405E+00  7.507717E+00 -5.795180E+00
  6.497893E+00  7.502754E+00 -5.790394E+00
  6.474005E+00  7.481709E+00 -5.775176E+00
  6.471918E+00  7.479394E+00 -5.773846E+00
  6.466269E+00  7.451071E+00 -5.770247E+00
  6.452870E+00  7.422748E+00 -5.761711E+00
  6.450118E+00  7.418595E+00 -5.759958E+00
  6.426230E+00  7.395190E+00 -5.744740E+00
  6.425568E+00  7.394425E+00 -5.744318E+00
  6.426230E+00  7.391967E+00 -5.744740E+00
  6.439894E+00  7.366101E+00 -5.753445E+00
  6.450118E+00  7.351734E+00 -5.759958E+00
  6.474005E+00  7.340183E+00 -5.775176E+00
  6.479589E+00  7.337778E+00 -5.778733E+00
  6.497893E+00  7.328611E+00 -5.790394E+00
  6.521780E+00  7.337686E+00 -5.805612E+00
  6.521856E+00  7.337778E+00 -5.805660E+00
  6.545668E+00  7.357314E+00 -5.820830E+00
  6.555544E+00  7.366101E+00 -5.827122E+00
  6.569555E+00  7.375421E+00 -5.836048E+00
  6.579171E+00  7.394425E+00 -5.842174E+00
  6.585459E+00  7.422748E+00 -5.846180E+00
  6.593443E+00  7.437387E+00 -5.851266E+00
  6.613096E+00  7.451071E+00 -5.863787E+00
  6.617330E+00  7.455053E+00 -5.866484E+00
  6.626601E+00  7.479394E+00 -5.872390E+00
  6.630173E+00  7.507717E+00 -5.874665E+00
  6.628207E+00  7.536040E+00 -5.873413E+00
  6.617330E+00  7.553014E+00 -5.866484E+00
Slice   =    113 , Freq(kT, average of all copies)              =   0.3445
Orbit # =      0 , Freq(kT, this largest copy used for outline) =   0.3518
Points  =     35
  kx            ky            kz
  8.049576E+00  6.768544E+00 -2.454139E+00
  8.038261E+00  6.770620E+00 -2.446930E+00
  8.025688E+00  6.778386E+00 -2.438921E+00
  8.011501E+00  6.798943E+00 -2.429882E+00
  8.001801E+00  6.801719E+00 -2.423703E+00
  7.977914E+00  6.799785E+00 -2.408485E+00
  7.976797E+00  6.798943E+00 -2.407773E+00
  7.955001E+00  6.770620E+00 -2.393888E+00
  7.954026E+00  6.769610E+00 -2.393267E+00
  7.935085E+00  6.742297E+00 -2.381200E+00
  7.930139E+00  6.739740E+00 -2.378049E+00
  7.906565E+00  6.713974E+00 -2.363031E+00
  7.906251E+00  6.712764E+00 -2.362831E+00
  7.899667E+00  6.685651E+00 -2.358636E+00
  7.888315E+00  6.657327E+00 -2.351404E+00
  7.882364E+00  6.649924E+00 -2.347613E+00
  7.859155E+00  6.629004E+00 -2.332827E+00
  7.866200E+00  6.600681E+00 -2.337315E+00
  7.882242E+00  6.572358E+00 -2.347535E+00
  7.882364E+00  6.572246E+00 -2.347613E+00
  7.906251E+00  6.559118E+00 -2.362831E+00
  7.930139E+00  6.546985E+00 -2.378049E+00
  7.951993E+00  6.572358E+00 -2.391971E+00
  7.954026E+00  6.573733E+00 -2.393267E+00
  7.977914E+00  6.594061E+00 -2.408485E+00
  7.987553E+00  6.600681E+00 -2.414625E+00
  8.001801E+00  6.613812E+00 -2.423703E+00
  8.010293E+00  6.629004E+00 -2.429113E+00
  8.018507E+00  6.657327E+00 -2.434346E+00
  8.025688E+00  6.672011E+00 -2.438921E+00
  8.046696E+00  6.685651E+00 -2.452304E+00
  8.049576E+00  6.688857E+00 -2.454139E+00
  8.058936E+00  6.713974E+00 -2.460101E+00
  8.062764E+00  6.742297E+00 -2.462540E+00
  8.049576E+00  6.768544E+00 -2.454139E+00
Slice   =     35 , Freq(kT, average of all copies)              =   0.3922
Orbit # =      0 , Freq(kT, this largest copy used for outline) =   0.3980
Points  =     39
  kx            ky            kz
 -1.202443E-01  5.514090E-01 -2.514656E+00
 -1.430780E-01  5.664626E-01 -2.500110E+00
 -1.441318E-01  5.670256E-01 -2.499438E+00
 -1.680193E-01  5.817112E-01 -2.484220E+00
 -1.919068E-01  5.800705E-01 -2.469002E+00
 -2.148168E-01  5.664626E-01 -2.454407E+00
 -2.157943E-01  5.658797E-01 -2.453784E+00
 -2.396818E-01  5.567215E-01 -2.438566E+00
 -2.635693E-01  5.386751E-01 -2.423348E+00
 -2.642333E-01  5.381395E-01 -2.422925E+00
 -2.874568E-01  5.253023E-01 -2.408130E+00
 -3.094628E-01  5.098164E-01 -2.394111E+00
 -3.113442E-01  5.078028E-01 -2.392912E+00
 -3.352317E-01  4.930524E-01 -2.377694E+00
 -3.563026E-01  4.814932E-01 -2.364270E+00
 -3.591192E-01  4.761804E-01 -2.362476E+00
 -3.830067E-01  4.568432E-01 -2.347258E+00
 -3.947463E-01  4.531701E-01 -2.339779E+00
 -3.914514E-01  4.248470E-01 -2.341878E+00
 -3.830067E-01  4.145759E-01 -2.347258E+00
 -3.591192E-01  3.979649E-01 -2.362476E+00
 -3.570797E-01  3.965238E-01 -2.363775E+00
 -3.352317E-01  3.812300E-01 -2.377694E+00
 -3.113442E-01  3.960423E-01 -2.392912E+00
 -2.874568E-01  3.917157E-01 -2.408130E+00
 -2.784358E-01  3.965238E-01 -2.413877E+00
 -2.635693E-01  4.082047E-01 -2.423348E+00
 -2.396818E-01  4.143257E-01 -2.438566E+00
 -2.157943E-01  4.217391E-01 -2.453784E+00
 -2.111595E-01  4.248470E-01 -2.456737E+00
 -1.919068E-01  4.388859E-01 -2.469002E+00
 -1.680193E-01  4.436938E-01 -2.484220E+00
 -1.551170E-01  4.531701E-01 -2.492440E+00
 -1.441318E-01  4.677921E-01 -2.499438E+00
 -1.202443E-01  4.727472E-01 -2.514656E+00
 -1.113940E-01  4.814932E-01 -2.520294E+00
 -1.067010E-01  5.098164E-01 -2.523284E+00
 -1.111005E-01  5.381395E-01 -2.520481E+00
 -1.202443E-01  5.514090E-01 -2.514656E+00
Slice   =    147 , Freq(kT, average of all copies)              =   0.3944
Orbit # =      0 , Freq(kT, this largest copy used for outline) =   0.4025
Points  =     41
  kx            ky            kz
  8.901413E+00  7.649833E+00 -1.333164E+00
  8.899565E+00  7.650029E+00 -1.331987E+00
  8.877526E+00  7.651289E+00 -1.317946E+00
  8.853638E+00  7.672139E+00 -1.302728E+00
  8.829751E+00  7.662188E+00 -1.287510E+00
  8.805863E+00  7.657737E+00 -1.272292E+00
  8.781976E+00  7.657899E+00 -1.257074E+00
  8.768063E+00  7.650029E+00 -1.248211E+00
  8.758088E+00  7.641100E+00 -1.241856E+00
  8.734201E+00  7.636934E+00 -1.226638E+00
  8.710313E+00  7.625859E+00 -1.211420E+00
  8.704076E+00  7.621705E+00 -1.207446E+00
  8.686426E+00  7.610040E+00 -1.196202E+00
  8.662538E+00  7.603994E+00 -1.180984E+00
  8.650300E+00  7.593382E+00 -1.173187E+00
  8.638651E+00  7.576335E+00 -1.165766E+00
  8.614763E+00  7.572680E+00 -1.150548E+00
  8.608023E+00  7.565059E+00 -1.146254E+00
  8.611486E+00  7.536736E+00 -1.148460E+00
  8.614763E+00  7.522504E+00 -1.150548E+00
  8.622449E+00  7.508413E+00 -1.155444E+00
  8.638651E+00  7.493051E+00 -1.165766E+00
  8.656982E+00  7.480090E+00 -1.177444E+00
  8.662538E+00  7.477898E+00 -1.180984E+00
  8.686426E+00  7.466791E+00 -1.196202E+00
  8.701635E+00  7.480090E+00 -1.205892E+00
  8.710313E+00  7.487389E+00 -1.211420E+00
  8.734201E+00  7.490723E+00 -1.226638E+00
  8.754810E+00  7.508413E+00 -1.239768E+00
  8.758088E+00  7.512241E+00 -1.241856E+00
  8.781976E+00  7.526233E+00 -1.257074E+00
  8.804092E+00  7.536736E+00 -1.271164E+00
  8.805863E+00  7.537971E+00 -1.272292E+00
  8.829751E+00  7.559970E+00 -1.287510E+00
  8.853638E+00  7.562279E+00 -1.302728E+00
  8.855829E+00  7.565059E+00 -1.304124E+00
  8.873355E+00  7.593382E+00 -1.315289E+00
  8.877526E+00  7.600657E+00 -1.317946E+00
  8.901413E+00  7.595198E+00 -1.333164E+00
  8.909199E+00  7.621705E+00 -1.338124E+00
  8.901413E+00  7.649833E+00 -1.333164E+00
Slice   =     65 , Freq(kT, average of all copies)              =   0.6995
Orbit # =      0 , Freq(kT, this largest copy used for outline) =   0.6995
Points  =     65
  kx            ky            kz
  5.036578E+00  5.642163E+00 -3.022454E+00
  5.012691E+00  5.649933E+00 -3.007236E+00
  4.988803E+00  5.658199E+00 -2.992018E+00
  4.980506E+00  5.663931E+00 -2.986732E+00
  4.964916E+00  5.673306E+00 -2.976800E+00
  4.941028E+00  5.679882E+00 -2.961582E+00
  4.917141E+00  5.686340E+00 -2.946364E+00
  4.906763E+00  5.692254E+00 -2.939752E+00
  4.893253E+00  5.697392E+00 -2.931146E+00
  4.869366E+00  5.703607E+00 -2.915928E+00
  4.845478E+00  5.714998E+00 -2.900710E+00
  4.835474E+00  5.720577E+00 -2.894336E+00
  4.821591E+00  5.730729E+00 -2.885492E+00
  4.804859E+00  5.748900E+00 -2.874832E+00
  4.797703E+00  5.758785E+00 -2.870274E+00
  4.775289E+00  5.777223E+00 -2.855994E+00
  4.773816E+00  5.778021E+00 -2.855056E+00
  4.749929E+00  5.803065E+00 -2.839838E+00
  4.746540E+00  5.805546E+00 -2.837679E+00
  4.726041E+00  5.812422E+00 -2.824620E+00
  4.702154E+00  5.813050E+00 -2.809402E+00
  4.693710E+00  5.805546E+00 -2.804022E+00
  4.702154E+00  5.782296E+00 -2.809402E+00
  4.705570E+00  5.777223E+00 -2.811578E+00
  4.726041E+00  5.762068E+00 -2.824620E+00
  4.737210E+00  5.748900E+00 -2.831735E+00
  4.726041E+00  5.740027E+00 -2.824620E+00
  4.708597E+00  5.720577E+00 -2.813506E+00
  4.726041E+00  5.712564E+00 -2.824620E+00
  4.749929E+00  5.705135E+00 -2.839838E+00
  4.773816E+00  5.692541E+00 -2.855056E+00
  4.774210E+00  5.692254E+00 -2.855307E+00
  4.773816E+00  5.691869E+00 -2.855056E+00
  4.754430E+00  5.663931E+00 -2.842705E+00
  4.773816E+00  5.655099E+00 -2.855056E+00
  4.797703E+00  5.640796E+00 -2.870274E+00
  4.805408E+00  5.635607E+00 -2.875182E+00
  4.808274E+00  5.607284E+00 -2.877008E+00
  4.821591E+00  5.585235E+00 -2.885492E+00
  4.825070E+00  5.578961E+00 -2.887708E+00
  4.845478E+00  5.562220E+00 -2.900710E+00
  4.862279E+00  5.550638E+00 -2.911413E+00
  4.852203E+00  5.522315E+00 -2.904993E+00
  4.869366E+00  5.513853E+00 -2.915928E+00
  4.893253E+00  5.505099E+00 -2.931146E+00
  4.912646E+00  5.493992E+00 -2.943500E+00
  4.906943E+00  5.465669E+00 -2.939867E+00
  4.917141E+00  5.460316E+00 -2.946364E+00
  4.941028E+00  5.448415E+00 -2.961582E+00
  4.964916E+00  5.440092E+00 -2.976800E+00
  4.974766E+00  5.437346E+00 -2.983075E+00
  4.988803E+00  5.422343E+00 -2.992018E+00
  5.003655E+00  5.409022E+00 -3.001479E+00
  5.012691E+00  5.405354E+00 -3.007236E+00
  5.015873E+00  5.409022E+00 -3.009263E+00
  5.016913E+00  5.437346E+00 -3.009925E+00
  5.026671E+00  5.465669E+00 -3.016142E+00
  5.027860E+00  5.493992E+00 -3.016900E+00
  5.031861E+00  5.522315E+00 -3.019448E+00
  5.033510E+00  5.550638E+00 -3.020499E+00
  5.036578E+00  5.564357E+00 -3.022454E+00
  5.045872E+00  5.578961E+00 -3.028374E+00
  5.042524E+00  5.607284E+00 -3.026241E+00
  5.048892E+00  5.635607E+00 -3.030299E+00
  5.036578E+00  5.642163E+00 -3.022454E+00
Slice   =     53 , Freq(kT, average of all copies)              =   0.7812
Orbit # =      0 , Freq(kT, this largest copy used for outline) =   0.7812
Points  =     67
  kx            ky            kz
  6.358874E+00  5.410522E+00 -4.267838E+00
  6.334986E+00  5.415412E+00 -4.252620E+00
  6.313194E+00  5.437346E+00 -4.238737E+00
  6.334398E+00  5.465669E+00 -4.252245E+00
  6.311099E+00  5.476794E+00 -4.237402E+00
  6.299508E+00  5.493992E+00 -4.230018E+00
  6.287211E+00  5.508984E+00 -4.222184E+00
  6.267886E+00  5.522315E+00 -4.209873E+00
  6.270605E+00  5.550638E+00 -4.211605E+00
  6.263324E+00  5.555344E+00 -4.206966E+00
  6.239437E+00  5.565941E+00 -4.191748E+00
  6.215549E+00  5.576659E+00 -4.176530E+00
  6.213318E+00  5.578961E+00 -4.175109E+00
  6.215549E+00  5.584542E+00 -4.176530E+00
  6.226040E+00  5.607284E+00 -4.183214E+00
  6.215549E+00  5.614759E+00 -4.176530E+00
  6.191662E+00  5.627795E+00 -4.161312E+00
  6.184568E+00  5.635607E+00 -4.156793E+00
  6.177894E+00  5.663931E+00 -4.152541E+00
  6.167774E+00  5.671767E+00 -4.146094E+00
  6.154063E+00  5.692254E+00 -4.137359E+00
  6.143887E+00  5.702706E+00 -4.130876E+00
  6.119999E+00  5.718064E+00 -4.115658E+00
  6.113738E+00  5.720577E+00 -4.111669E+00
  6.112892E+00  5.748900E+00 -4.111130E+00
  6.096112E+00  5.758642E+00 -4.100440E+00
  6.072224E+00  5.767146E+00 -4.085222E+00
  6.055988E+00  5.777223E+00 -4.074878E+00
  6.048337E+00  5.792095E+00 -4.070004E+00
  6.024449E+00  5.802604E+00 -4.054786E+00
  6.000562E+00  5.799895E+00 -4.039568E+00
  5.986275E+00  5.777223E+00 -4.030466E+00
  5.981928E+00  5.748900E+00 -4.027697E+00
  5.979561E+00  5.720577E+00 -4.026189E+00
  5.977591E+00  5.692254E+00 -4.024934E+00
  5.976674E+00  5.687812E+00 -4.024350E+00
  5.969429E+00  5.663931E+00 -4.019734E+00
  5.970384E+00  5.635607E+00 -4.020343E+00
  5.963640E+00  5.607284E+00 -4.016046E+00
  5.975488E+00  5.578961E+00 -4.023595E+00
  5.976674E+00  5.578431E+00 -4.024350E+00
  6.000562E+00  5.566999E+00 -4.039568E+00
  6.024449E+00  5.556928E+00 -4.054786E+00
  6.037334E+00  5.550638E+00 -4.062995E+00
  6.048337E+00  5.546913E+00 -4.070004E+00
  6.072224E+00  5.541083E+00 -4.085222E+00
  6.096112E+00  5.529225E+00 -4.100440E+00
  6.115092E+00  5.522315E+00 -4.112532E+00
  6.119999E+00  5.521086E+00 -4.115658E+00
  6.143887E+00  5.510679E+00 -4.130876E+00
  6.167774E+00  5.502822E+00 -4.146094E+00
  6.185644E+00  5.493992E+00 -4.157479E+00
  6.191662E+00  5.483936E+00 -4.161312E+00
  6.203990E+00  5.465669E+00 -4.169166E+00
  6.215549E+00  5.456341E+00 -4.176530E+00
  6.237941E+00  5.437346E+00 -4.190795E+00
  6.239437E+00  5.436321E+00 -4.191748E+00
  6.263324E+00  5.417685E+00 -4.206966E+00
  6.286746E+00  5.409022E+00 -4.221887E+00
  6.287211E+00  5.408553E+00 -4.222184E+00
  6.300702E+00  5.380699E+00 -4.230779E+00
  6.311099E+00  5.373270E+00 -4.237402E+00
  6.319824E+00  5.380699E+00 -4.242961E+00
  6.334986E+00  5.398440E+00 -4.252620E+00
  6.358874E+00  5.406955E+00 -4.267838E+00
  6.360707E+00  5.409022E+00 -4.269006E+00
  6.358874E+00  5.410522E+00 -4.267838E+00
Slice   =     38 , Freq(kT, average of all copies)              =   0.8739
Orbit # =      0 , Freq(kT, this largest copy used for outline) =   0.8739
Points  =     75
  kx            ky            kz
  6.380144E+00  6.203180E+00 -6.182827E+00
  6.356257E+00  6.207693E+00 -6.167609E+00
  6.332369E+00  6.220910E+00 -6.152391E+00
  6.328040E+00  6.231089E+00 -6.149633E+00
  6.332369E+00  6.243691E+00 -6.152391E+00
  6.343925E+00  6.259412E+00 -6.159753E+00
  6.332369E+00  6.266417E+00 -6.152391E+00
  6.315121E+00  6.287735E+00 -6.141403E+00
  6.308482E+00  6.297965E+00 -6.137173E+00
  6.284594E+00  6.315751E+00 -6.121955E+00
  6.283962E+00  6.316058E+00 -6.121552E+00
  6.284433E+00  6.344381E+00 -6.121852E+00
  6.260707E+00  6.358821E+00 -6.106737E+00
  6.236819E+00  6.366227E+00 -6.091519E+00
  6.227717E+00  6.372705E+00 -6.085720E+00
  6.236819E+00  6.389975E+00 -6.091519E+00
  6.241765E+00  6.401028E+00 -6.094670E+00
  6.236819E+00  6.405184E+00 -6.091519E+00
  6.212932E+00  6.414349E+00 -6.076301E+00
  6.195853E+00  6.429351E+00 -6.065420E+00
  6.189044E+00  6.449047E+00 -6.061083E+00
  6.184707E+00  6.457674E+00 -6.058320E+00
  6.165157E+00  6.485945E+00 -6.045865E+00
  6.165139E+00  6.485997E+00 -6.045854E+00
  6.141269E+00  6.506640E+00 -6.030647E+00
  6.125377E+00  6.514320E+00 -6.020523E+00
  6.127470E+00  6.542643E+00 -6.021856E+00
  6.117382E+00  6.550631E+00 -6.015429E+00
  6.093494E+00  6.556185E+00 -6.000211E+00
  6.071146E+00  6.570967E+00 -5.985973E+00
  6.069607E+00  6.576373E+00 -5.984993E+00
  6.045719E+00  6.597117E+00 -5.969775E+00
  6.032792E+00  6.599290E+00 -5.961539E+00
  6.027286E+00  6.627613E+00 -5.958032E+00
  6.021832E+00  6.632822E+00 -5.954557E+00
  5.997944E+00  6.631346E+00 -5.939339E+00
  5.993307E+00  6.627613E+00 -5.936384E+00
  5.995100E+00  6.599290E+00 -5.937527E+00
  5.983928E+00  6.570967E+00 -5.930409E+00
  5.976779E+00  6.542643E+00 -5.925855E+00
  5.976448E+00  6.514320E+00 -5.925644E+00
  5.975705E+00  6.485997E+00 -5.925171E+00
  5.974057E+00  6.479737E+00 -5.924121E+00
  5.964422E+00  6.457674E+00 -5.917983E+00
  5.970101E+00  6.429351E+00 -5.921601E+00
  5.966625E+00  6.401028E+00 -5.919386E+00
  5.974057E+00  6.383295E+00 -5.924121E+00
  5.979134E+00  6.372705E+00 -5.927356E+00
  5.997944E+00  6.364896E+00 -5.939339E+00
  6.021832E+00  6.356059E+00 -5.954557E+00
  6.045719E+00  6.345107E+00 -5.969775E+00
  6.047441E+00  6.344381E+00 -5.970871E+00
  6.069607E+00  6.338530E+00 -5.984993E+00
  6.093494E+00  6.327411E+00 -6.000211E+00
  6.117382E+00  6.318331E+00 -6.015429E+00
  6.120682E+00  6.316058E+00 -6.017531E+00
  6.141269E+00  6.306135E+00 -6.030647E+00
  6.165157E+00  6.297965E+00 -6.045865E+00
  6.183971E+00  6.287735E+00 -6.057851E+00
  6.189044E+00  6.278462E+00 -6.061083E+00
  6.201071E+00  6.259412E+00 -6.068745E+00
  6.212932E+00  6.250319E+00 -6.076301E+00
  6.236819E+00  6.231817E+00 -6.091519E+00
  6.237527E+00  6.231089E+00 -6.091970E+00
  6.260707E+00  6.212126E+00 -6.106737E+00
  6.281824E+00  6.202766E+00 -6.120190E+00
  6.284594E+00  6.200053E+00 -6.121955E+00
  6.298153E+00  6.174443E+00 -6.130593E+00
  6.308482E+00  6.166953E+00 -6.137173E+00
  6.332369E+00  6.167252E+00 -6.152391E+00
  6.337637E+00  6.174443E+00 -6.155747E+00
  6.356257E+00  6.194039E+00 -6.167609E+00
  6.380144E+00  6.202234E+00 -6.182827E+00
  6.380488E+00  6.202766E+00 -6.183046E+00
  6.380144E+00  6.203180E+00 -6.182827E+00
Slice   =     50 , Freq(kT, average of all copies)              =   1.3026
Orbit # =      0 , Freq(kT, this largest copy used for outline) =   1.3432
Points  =     85
  kx            ky            kz
  5.307389E+00  5.019028E+00 -4.928563E+00
  5.283501E+00  5.034821E+00 -4.913345E+00
  5.279721E+00  5.042213E+00 -4.910937E+00
  5.259614E+00  5.070305E+00 -4.898127E+00
  5.259193E+00  5.070536E+00 -4.897859E+00
  5.236051E+00  5.098859E+00 -4.883115E+00
  5.235726E+00  5.099092E+00 -4.882909E+00
  5.211839E+00  5.112352E+00 -4.867691E+00
  5.187952E+00  5.118295E+00 -4.852473E+00
  5.171551E+00  5.127183E+00 -4.842025E+00
  5.164064E+00  5.136045E+00 -4.837255E+00
  5.140674E+00  5.155506E+00 -4.822354E+00
  5.140177E+00  5.156040E+00 -4.822037E+00
  5.123353E+00  5.183829E+00 -4.811319E+00
  5.116289E+00  5.189563E+00 -4.806819E+00
  5.092402E+00  5.205087E+00 -4.791601E+00
  5.080929E+00  5.212152E+00 -4.784292E+00
  5.073896E+00  5.240475E+00 -4.779811E+00
  5.068514E+00  5.241865E+00 -4.776383E+00
  5.044627E+00  5.257228E+00 -4.761165E+00
  5.027841E+00  5.268798E+00 -4.750471E+00
  5.020739E+00  5.276414E+00 -4.745947E+00
  5.001046E+00  5.297121E+00 -4.733401E+00
  4.996852E+00  5.302743E+00 -4.730729E+00
  4.972964E+00  5.318247E+00 -4.715511E+00
  4.961139E+00  5.325445E+00 -4.707977E+00
  4.949077E+00  5.333880E+00 -4.700293E+00
  4.930820E+00  5.353768E+00 -4.688662E+00
  4.925189E+00  5.359492E+00 -4.685075E+00
  4.901302E+00  5.366714E+00 -4.669857E+00
  4.877414E+00  5.365927E+00 -4.654639E+00
  4.868903E+00  5.353768E+00 -4.649217E+00
  4.867391E+00  5.325445E+00 -4.648253E+00
  4.872740E+00  5.297121E+00 -4.651661E+00
  4.856052E+00  5.268798E+00 -4.641030E+00
  4.877414E+00  5.244537E+00 -4.654639E+00
  4.880833E+00  5.240475E+00 -4.656817E+00
  4.877414E+00  5.233843E+00 -4.654639E+00
  4.868809E+00  5.212152E+00 -4.649157E+00
  4.877414E+00  5.196493E+00 -4.654639E+00
  4.886207E+00  5.183829E+00 -4.660240E+00
  4.898137E+00  5.155506E+00 -4.667841E+00
  4.893110E+00  5.127183E+00 -4.664638E+00
  4.901302E+00  5.120758E+00 -4.669857E+00
  4.925189E+00  5.108113E+00 -4.685075E+00
  4.949077E+00  5.100876E+00 -4.700293E+00
  4.952273E+00  5.098859E+00 -4.702329E+00
  4.949077E+00  5.092180E+00 -4.700293E+00
  4.937923E+00  5.070536E+00 -4.693187E+00
  4.949077E+00  5.065190E+00 -4.700293E+00
  4.972964E+00  5.060311E+00 -4.715511E+00
  4.996852E+00  5.051754E+00 -4.730729E+00
  5.013853E+00  5.042213E+00 -4.741560E+00
  5.020739E+00  5.032005E+00 -4.745947E+00
  5.039515E+00  5.013890E+00 -4.757908E+00
  5.044627E+00  5.010104E+00 -4.761165E+00
  5.068222E+00  4.985567E+00 -4.776196E+00
  5.068514E+00  4.985313E+00 -4.776383E+00
  5.092402E+00  4.967153E+00 -4.791601E+00
  5.098713E+00  4.957244E+00 -4.795622E+00
  5.116289E+00  4.932497E+00 -4.806819E+00
  5.121913E+00  4.928921E+00 -4.810402E+00
  5.140177E+00  4.918332E+00 -4.822037E+00
  5.159796E+00  4.900598E+00 -4.834536E+00
  5.164064E+00  4.894571E+00 -4.837255E+00
  5.181645E+00  4.872274E+00 -4.848455E+00
  5.187952E+00  4.867917E+00 -4.852473E+00
  5.211839E+00  4.855387E+00 -4.867691E+00
  5.230915E+00  4.843951E+00 -4.879844E+00
  5.235726E+00  4.832301E+00 -4.882909E+00
  5.249811E+00  4.815628E+00 -4.891881E+00
  5.259614E+00  4.812256E+00 -4.898127E+00
  5.283501E+00  4.807658E+00 -4.913345E+00
  5.307389E+00  4.797442E+00 -4.928563E+00
  5.313860E+00  4.815628E+00 -4.932685E+00
  5.315221E+00  4.843951E+00 -4.933553E+00
  5.317373E+00  4.872274E+00 -4.934923E+00
  5.319681E+00  4.900598E+00 -4.936393E+00
  5.310737E+00  4.928921E+00 -4.930696E+00
  5.317406E+00  4.957244E+00 -4.934944E+00
  5.307389E+00  4.971575E+00 -4.928563E+00
  5.294950E+00  4.985567E+00 -4.920638E+00
  5.307389E+00  5.006734E+00 -4.928563E+00
  5.310101E+00  5.013890E+00 -4.930290E+00
  5.307389E+00  5.019028E+00 -4.928563E+00
Theta(deg) =   0.000000 , Phi(deg) =  35.000000 , Number of orbits =     9 , (Angstrom^-1) units
Slice   =      3 , Freq(kT, average of all copies)              =   0.2786
Orbit # =      0 , Freq(kT, this largest copy used for outline) =   0.2867
Points  =     33
  kx            ky            kz
 -8.218929E-01  1.983621E+00 -3.320648E+00
 -8.450939E-01  1.992893E+00 -3.304403E+00
 -8.636233E-01  2.010942E+00 -3.291428E+00
 -8.682948E-01  2.013065E+00 -3.288157E+00
 -8.786405E-01  2.010942E+00 -3.280913E+00
 -8.914958E-01  2.008520E+00 -3.271912E+00
 -9.146967E-01  2.001031E+00 -3.255666E+00
 -9.378977E-01  1.996632E+00 -3.239421E+00
 -9.561452E-01  1.982619E+00 -3.226644E+00
 -9.610986E-01  1.979046E+00 -3.223175E+00
 -9.842996E-01  1.969728E+00 -3.206930E+00
 -1.007501E+00  1.956382E+00 -3.190685E+00
 -1.009511E+00  1.954296E+00 -3.189277E+00
 -1.030701E+00  1.931781E+00 -3.174439E+00
 -1.050334E+00  1.925973E+00 -3.160692E+00
 -1.045417E+00  1.897650E+00 -3.164135E+00
 -1.030701E+00  1.881457E+00 -3.174439E+00
 -1.007501E+00  1.870434E+00 -3.190685E+00
 -1.005798E+00  1.869327E+00 -3.191877E+00
 -9.842996E-01  1.852284E+00 -3.206930E+00
 -9.610986E-01  1.861671E+00 -3.223175E+00
 -9.378977E-01  1.864605E+00 -3.239421E+00
 -9.207551E-01  1.869327E+00 -3.251424E+00
 -9.146967E-01  1.871995E+00 -3.255666E+00
 -8.914958E-01  1.892693E+00 -3.271912E+00
 -8.682948E-01  1.896639E+00 -3.288157E+00
 -8.669600E-01  1.897650E+00 -3.289092E+00
 -8.498250E-01  1.925973E+00 -3.301090E+00
 -8.450939E-01  1.932947E+00 -3.304403E+00
 -8.218929E-01  1.934081E+00 -3.320648E+00
 -8.104106E-01  1.954296E+00 -3.328688E+00
 -8.210874E-01  1.982619E+00 -3.321212E+00
 -8.218929E-01  1.983621E+00 -3.320648E+00
Slice   =     99 , Freq(kT, average of all copies)              =   0.2899
Orbit # =      0 , Freq(kT, this largest copy used for outline) =   0.2964
Points  =     31
  kx            ky            kz
  4.960856E+00  4.150547E+00 -1.243560E+00
  4.937655E+00  4.147300E+00 -1.227314E+00
  4.914454E+00  4.146806E+00 -1.211069E+00
  4.899848E+00  4.136569E+00 -1.200842E+00
  4.891253E+00  4.128827E+00 -1.194824E+00
  4.879924E+00  4.108246E+00 -1.186891E+00
  4.870604E+00  4.079922E+00 -1.180365E+00
  4.868052E+00  4.077056E+00 -1.178578E+00
  4.844851E+00  4.057360E+00 -1.162333E+00
  4.840397E+00  4.051599E+00 -1.159214E+00
  4.829191E+00  4.023276E+00 -1.151367E+00
  4.827845E+00  3.994953E+00 -1.150425E+00
  4.821650E+00  3.978129E+00 -1.146087E+00
  4.816251E+00  3.966630E+00 -1.142306E+00
  4.821650E+00  3.955435E+00 -1.146087E+00
  4.832877E+00  3.938307E+00 -1.153948E+00
  4.844851E+00  3.925348E+00 -1.162333E+00
  4.868052E+00  3.922850E+00 -1.178578E+00
  4.891253E+00  3.930181E+00 -1.194824E+00
  4.914454E+00  3.937423E+00 -1.211069E+00
  4.915073E+00  3.938307E+00 -1.211502E+00
  4.923334E+00  3.966630E+00 -1.217287E+00
  4.935149E+00  3.994953E+00 -1.225560E+00
  4.937655E+00  3.999658E+00 -1.227314E+00
  4.960856E+00  4.016250E+00 -1.243560E+00
  4.965534E+00  4.023276E+00 -1.246836E+00
  4.973470E+00  4.051599E+00 -1.252392E+00
  4.976043E+00  4.079922E+00 -1.254194E+00
  4.976286E+00  4.108246E+00 -1.254364E+00
  4.973410E+00  4.136569E+00 -1.252351E+00
  4.960856E+00  4.150547E+00 -1.243560E+00
Slice   =      8 , Freq(kT, average of all copies)              =   0.2918
Orbit # =      0 , Freq(kT, this largest copy used for outline) =   0.2959
Points  =     31
  kx            ky            kz
  1.985751E+00  4.131111E+00 -5.275807E+00
  1.969196E+00  4.133786E+00 -5.264215E+00
  1.962550E+00  4.134953E+00 -5.259561E+00
  1.960552E+00  4.133786E+00 -5.258162E+00
  1.939349E+00  4.127437E+00 -5.243316E+00
  1.916148E+00  4.117830E+00 -5.227070E+00
  1.904935E+00  4.105463E+00 -5.219219E+00
  1.895067E+00  4.077139E+00 -5.212309E+00
  1.892947E+00  4.073467E+00 -5.210825E+00
  1.880012E+00  4.048816E+00 -5.201768E+00
  1.869746E+00  4.037907E+00 -5.194579E+00
  1.848494E+00  4.020493E+00 -5.179698E+00
  1.847374E+00  3.992170E+00 -5.178914E+00
  1.846545E+00  3.969019E+00 -5.178334E+00
  1.846415E+00  3.963847E+00 -5.178243E+00
  1.846545E+00  3.962286E+00 -5.178334E+00
  1.851581E+00  3.935524E+00 -5.181860E+00
  1.869746E+00  3.910740E+00 -5.194579E+00
  1.892947E+00  3.908382E+00 -5.210825E+00
  1.916148E+00  3.907239E+00 -5.227070E+00
  1.936622E+00  3.935524E+00 -5.241406E+00
  1.939349E+00  3.940836E+00 -5.243316E+00
  1.946613E+00  3.963847E+00 -5.248402E+00
  1.962550E+00  3.981719E+00 -5.259561E+00
  1.974903E+00  3.992170E+00 -5.268211E+00
  1.985751E+00  4.009399E+00 -5.275807E+00
  1.990337E+00  4.020493E+00 -5.279018E+00
  1.996278E+00  4.048816E+00 -5.283178E+00
  2.003525E+00  4.077139E+00 -5.288252E+00
  2.004763E+00  4.105463E+00 -5.289119E+00
  1.985751E+00  4.131111E+00 -5.275807E+00
Slice   =     19 , Freq(kT, average of all copies)              =   0.3509
Orbit # =      0 , Freq(kT, this largest copy used for outline) =   0.3585
Points  =     35
  kx            ky            kz
 -2.116429E+00 -6.099382E-01 -8.172816E-01
 -2.139630E+00 -6.015678E-01 -8.010361E-01
 -2.146264E+00 -5.961773E-01 -7.963910E-01
 -2.162831E+00 -5.877855E-01 -7.847906E-01
 -2.180545E+00 -5.961773E-01 -7.723874E-01
 -2.186032E+00 -6.019126E-01 -7.685451E-01
 -2.194096E+00 -6.245004E-01 -7.628987E-01
 -2.209233E+00 -6.440647E-01 -7.522997E-01
 -2.217936E+00 -6.528235E-01 -7.462053E-01
 -2.232434E+00 -6.616768E-01 -7.360542E-01
 -2.251146E+00 -6.811467E-01 -7.229517E-01
 -2.255635E+00 -7.061551E-01 -7.198087E-01
 -2.256480E+00 -7.094698E-01 -7.192170E-01
 -2.273502E+00 -7.377929E-01 -7.072977E-01
 -2.278836E+00 -7.446318E-01 -7.035632E-01
 -2.298641E+00 -7.661161E-01 -6.896952E-01
 -2.290257E+00 -7.944392E-01 -6.955659E-01
 -2.278836E+00 -8.136117E-01 -7.035632E-01
 -2.265041E+00 -8.227623E-01 -7.132221E-01
 -2.255635E+00 -8.295045E-01 -7.198087E-01
 -2.232434E+00 -8.417805E-01 -7.360542E-01
 -2.209233E+00 -8.371144E-01 -7.522997E-01
 -2.199957E+00 -8.227623E-01 -7.587948E-01
 -2.186032E+00 -8.085623E-01 -7.685451E-01
 -2.162831E+00 -7.996711E-01 -7.847906E-01
 -2.160786E+00 -7.944392E-01 -7.862225E-01
 -2.148766E+00 -7.661161E-01 -7.946390E-01
 -2.143739E+00 -7.377929E-01 -7.981588E-01
 -2.139630E+00 -7.291305E-01 -8.010361E-01
 -2.116429E+00 -7.128888E-01 -8.172816E-01
 -2.114572E+00 -7.094698E-01 -8.185820E-01
 -2.104588E+00 -6.811467E-01 -8.255727E-01
 -2.102588E+00 -6.528235E-01 -8.269734E-01
 -2.106113E+00 -6.245004E-01 -8.245048E-01
 -2.116429E+00 -6.099382E-01 -8.172816E-01
Slice   =     38 , Freq(kT, average of all copies)              =   0.3523
Orbit # =      0 , Freq(kT, this largest copy used for outline) =   0.3592
Points  =     35
  kx            ky            kz
  1.214311E+00  2.306571E+00 -3.095449E+00
  1.191111E+00  2.314806E+00 -3.079204E+00
  1.182242E+00  2.323193E+00 -3.072994E+00
  1.167910E+00  2.327115E+00 -3.062958E+00
  1.144709E+00  2.324370E+00 -3.046713E+00
  1.142890E+00  2.323193E+00 -3.045439E+00
  1.121508E+00  2.296181E+00 -3.030467E+00
  1.120887E+00  2.294869E+00 -3.030033E+00
  1.098307E+00  2.273640E+00 -3.014222E+00
  1.094408E+00  2.266546E+00 -3.011492E+00
  1.075106E+00  2.239335E+00 -2.997976E+00
  1.074334E+00  2.238223E+00 -2.997436E+00
  1.066737E+00  2.209900E+00 -2.992116E+00
  1.051905E+00  2.188020E+00 -2.981731E+00
  1.047280E+00  2.181577E+00 -2.978492E+00
  1.030903E+00  2.153254E+00 -2.967025E+00
  1.039017E+00  2.124931E+00 -2.972707E+00
  1.049778E+00  2.096607E+00 -2.980242E+00
  1.051905E+00  2.095100E+00 -2.981731E+00
  1.075106E+00  2.087921E+00 -2.997976E+00
  1.098307E+00  2.077908E+00 -3.014222E+00
  1.119260E+00  2.096607E+00 -3.028893E+00
  1.121508E+00  2.097921E+00 -3.030467E+00
  1.144235E+00  2.124931E+00 -3.046381E+00
  1.144709E+00  2.125437E+00 -3.046713E+00
  1.167910E+00  2.142135E+00 -3.062958E+00
  1.174734E+00  2.153254E+00 -3.067737E+00
  1.183724E+00  2.181577E+00 -3.074032E+00
  1.191111E+00  2.199596E+00 -3.079204E+00
  1.205953E+00  2.209900E+00 -3.089596E+00
  1.214311E+00  2.217196E+00 -3.095449E+00
  1.222946E+00  2.238223E+00 -3.101495E+00
  1.229665E+00  2.266546E+00 -3.106200E+00
  1.217406E+00  2.294869E+00 -3.097616E+00
  1.214311E+00  2.306571E+00 -3.095449E+00
Slice   =    142 , Freq(kT, average of all copies)              =   0.3838
Orbit # =      0 , Freq(kT, this largest copy used for outline) =   0.3894
Points  =     39
  kx            ky            kz
  6.320334E+00  5.300253E+00 -3.155857E+00
  6.320023E+00  5.300600E+00 -3.155639E+00
  6.297133E+00  5.310365E+00 -3.139611E+00
  6.273932E+00  5.318393E+00 -3.123366E+00
  6.250731E+00  5.314839E+00 -3.107120E+00
  6.228572E+00  5.300600E+00 -3.091605E+00
  6.227530E+00  5.300053E+00 -3.090875E+00
  6.204329E+00  5.290772E+00 -3.074630E+00
  6.184608E+00  5.272277E+00 -3.060821E+00
  6.181128E+00  5.268892E+00 -3.058384E+00
  6.157927E+00  5.257954E+00 -3.042139E+00
  6.139763E+00  5.243954E+00 -3.029420E+00
  6.134726E+00  5.237002E+00 -3.025893E+00
  6.111525E+00  5.220338E+00 -3.009648E+00
  6.098298E+00  5.215631E+00 -3.000385E+00
  6.088324E+00  5.194142E+00 -2.993402E+00
  6.086336E+00  5.187308E+00 -2.992010E+00
  6.065123E+00  5.162217E+00 -2.977157E+00
  6.061593E+00  5.158984E+00 -2.974685E+00
  6.065123E+00  5.153505E+00 -2.977157E+00
  6.088324E+00  5.131347E+00 -2.993402E+00
  6.089183E+00  5.130661E+00 -2.994003E+00
  6.111525E+00  5.113396E+00 -3.009648E+00
  6.134726E+00  5.125662E+00 -3.025893E+00
  6.157927E+00  5.123517E+00 -3.042139E+00
  6.171682E+00  5.130661E+00 -3.051770E+00
  6.181128E+00  5.137221E+00 -3.058384E+00
  6.204329E+00  5.147834E+00 -3.074630E+00
  6.227530E+00  5.153550E+00 -3.090875E+00
  6.234704E+00  5.158984E+00 -3.095898E+00
  6.250731E+00  5.174106E+00 -3.107120E+00
  6.273932E+00  5.178805E+00 -3.123366E+00
  6.285043E+00  5.187308E+00 -3.131146E+00
  6.297133E+00  5.206517E+00 -3.139611E+00
  6.320334E+00  5.211322E+00 -3.155857E+00
  6.324282E+00  5.215631E+00 -3.158622E+00
  6.335820E+00  5.243954E+00 -3.166700E+00
  6.330865E+00  5.272277E+00 -3.163231E+00
  6.320334E+00  5.300253E+00 -3.155857E+00
Slice   =    149 , Freq(kT, average of all copies)              =   0.3869
Orbit # =      0 , Freq(kT, this largest copy used for outline) =   0.3954
Points  =     43
  kx            ky            kz
  7.745211E+00  7.131241E+00 -1.986230E+00
  7.722010E+00  7.134841E+00 -1.969985E+00
  7.716263E+00  7.141604E+00 -1.965961E+00
  7.702616E+00  7.169927E+00 -1.956405E+00
  7.698809E+00  7.171234E+00 -1.953739E+00
  7.695221E+00  7.169927E+00 -1.951227E+00
  7.675608E+00  7.154942E+00 -1.937494E+00
  7.652407E+00  7.153126E+00 -1.921249E+00
  7.629206E+00  7.148853E+00 -1.905003E+00
  7.618003E+00  7.141604E+00 -1.897158E+00
  7.606005E+00  7.130749E+00 -1.888758E+00
  7.582804E+00  7.126468E+00 -1.872512E+00
  7.559603E+00  7.114397E+00 -1.856267E+00
  7.557848E+00  7.113281E+00 -1.855037E+00
  7.536402E+00  7.095698E+00 -1.840021E+00
  7.513201E+00  7.090670E+00 -1.823776E+00
  7.505966E+00  7.084957E+00 -1.818710E+00
  7.491115E+00  7.056634E+00 -1.808311E+00
  7.490000E+00  7.055202E+00 -1.807530E+00
  7.466799E+00  7.036006E+00 -1.791285E+00
  7.464852E+00  7.028311E+00 -1.789921E+00
  7.466799E+00  7.009350E+00 -1.791285E+00
  7.469527E+00  6.999988E+00 -1.793195E+00
  7.490000E+00  6.974236E+00 -1.807530E+00
  7.493069E+00  6.971665E+00 -1.809679E+00
  7.513201E+00  6.963840E+00 -1.823776E+00
  7.536402E+00  6.952701E+00 -1.840021E+00
  7.558722E+00  6.971665E+00 -1.855650E+00
  7.559603E+00  6.972398E+00 -1.856267E+00
  7.582804E+00  6.978301E+00 -1.872512E+00
  7.606005E+00  6.996281E+00 -1.888758E+00
  7.609173E+00  6.999988E+00 -1.890976E+00
  7.629206E+00  7.015493E+00 -1.905003E+00
  7.652407E+00  7.024376E+00 -1.921249E+00
  7.655678E+00  7.028311E+00 -1.923539E+00
  7.675608E+00  7.052015E+00 -1.937494E+00
  7.698809E+00  7.054266E+00 -1.953739E+00
  7.700995E+00  7.056634E+00 -1.955270E+00
  7.714550E+00  7.084957E+00 -1.964762E+00
  7.722010E+00  7.101616E+00 -1.969985E+00
  7.745211E+00  7.101070E+00 -1.986230E+00
  7.750783E+00  7.113281E+00 -1.990132E+00
  7.745211E+00  7.131241E+00 -1.986230E+00
Slice   =     66 , Freq(kT, average of all copies)              =   1.0657
Orbit # =      0 , Freq(kT, this largest copy used for outline) =   1.0657
Points  =     77
  kx            ky            kz
  6.362339E+00  4.538322E+00 -2.484304E+00
  6.350447E+00  4.558633E+00 -2.475977E+00
  6.354101E+00  4.586956E+00 -2.478535E+00
  6.357045E+00  4.615279E+00 -2.480597E+00
  6.339138E+00  4.641048E+00 -2.468058E+00
  6.338276E+00  4.643602E+00 -2.467455E+00
  6.339138E+00  4.657272E+00 -2.468058E+00
  6.340697E+00  4.671925E+00 -2.469150E+00
  6.339138E+00  4.673747E+00 -2.468058E+00
  6.322865E+00  4.700248E+00 -2.456664E+00
  6.315937E+00  4.711260E+00 -2.451813E+00
  6.294238E+00  4.728571E+00 -2.436619E+00
  6.292736E+00  4.735528E+00 -2.435567E+00
  6.290562E+00  4.756895E+00 -2.434045E+00
  6.269535E+00  4.769346E+00 -2.419322E+00
  6.246335E+00  4.776695E+00 -2.403076E+00
  6.223134E+00  4.783484E+00 -2.386831E+00
  6.220173E+00  4.785218E+00 -2.384758E+00
  6.223134E+00  4.794143E+00 -2.386831E+00
  6.229994E+00  4.813541E+00 -2.391634E+00
  6.223134E+00  4.817351E+00 -2.386831E+00
  6.199933E+00  4.824376E+00 -2.370585E+00
  6.176732E+00  4.838795E+00 -2.354340E+00
  6.174068E+00  4.841864E+00 -2.352475E+00
  6.153531E+00  4.869818E+00 -2.338095E+00
  6.153180E+00  4.870187E+00 -2.337849E+00
  6.138782E+00  4.898510E+00 -2.327767E+00
  6.130330E+00  4.907158E+00 -2.321849E+00
  6.107129E+00  4.919994E+00 -2.305604E+00
  6.090274E+00  4.926833E+00 -2.293802E+00
  6.093153E+00  4.955157E+00 -2.295818E+00
  6.083928E+00  4.961713E+00 -2.289358E+00
  6.060727E+00  4.966833E+00 -2.273113E+00
  6.037526E+00  4.975358E+00 -2.256867E+00
  6.025051E+00  4.983480E+00 -2.248132E+00
  6.014325E+00  5.001012E+00 -2.240622E+00
  5.991124E+00  5.008780E+00 -2.224376E+00
  5.967923E+00  5.008179E+00 -2.208131E+00
  5.944898E+00  4.983480E+00 -2.192008E+00
  5.944722E+00  4.982277E+00 -2.191885E+00
  5.941848E+00  4.955157E+00 -2.189873E+00
  5.938851E+00  4.926833E+00 -2.187774E+00
  5.936573E+00  4.898510E+00 -2.186179E+00
  5.931528E+00  4.870187E+00 -2.182646E+00
  5.930567E+00  4.841864E+00 -2.181973E+00
  5.924211E+00  4.813541E+00 -2.177523E+00
  5.932955E+00  4.785218E+00 -2.183646E+00
  5.944722E+00  4.779335E+00 -2.191885E+00
  5.967923E+00  4.769670E+00 -2.208131E+00
  5.991124E+00  4.760606E+00 -2.224376E+00
  6.000102E+00  4.756895E+00 -2.230663E+00
  6.014325E+00  4.752954E+00 -2.240622E+00
  6.037526E+00  4.746609E+00 -2.256867E+00
  6.060727E+00  4.737155E+00 -2.273113E+00
  6.082286E+00  4.728571E+00 -2.288208E+00
  6.083928E+00  4.728024E+00 -2.289358E+00
  6.107129E+00  4.716378E+00 -2.305604E+00
  6.130330E+00  4.710725E+00 -2.321849E+00
  6.144624E+00  4.700248E+00 -2.331858E+00
  6.153531E+00  4.676744E+00 -2.338095E+00
  6.157416E+00  4.671925E+00 -2.340815E+00
  6.176732E+00  4.662181E+00 -2.354340E+00
  6.196197E+00  4.643602E+00 -2.367970E+00
  6.199933E+00  4.639092E+00 -2.370585E+00
  6.223134E+00  4.622399E+00 -2.386831E+00
  6.230964E+00  4.615279E+00 -2.392314E+00
  6.246335E+00  4.596853E+00 -2.403076E+00
  6.256258E+00  4.586956E+00 -2.410025E+00
  6.269535E+00  4.579606E+00 -2.419322E+00
  6.292736E+00  4.568131E+00 -2.435567E+00
  6.312090E+00  4.558633E+00 -2.449119E+00
  6.315937E+00  4.549043E+00 -2.451813E+00
  6.331145E+00  4.530310E+00 -2.462461E+00
  6.339138E+00  4.528136E+00 -2.468058E+00
  6.362339E+00  4.528750E+00 -2.484304E+00
  6.363545E+00  4.530310E+00 -2.485148E+00
  6.362339E+00  4.538322E+00 -2.484304E+00
Slice   =    223 , Freq(kT, average of all copies)              =   1.4116
Orbit # =      0 , Freq(kT, this largest copy used for outline) =   1.4568
Points  =     79
  kx            ky            kz
  1.143583E+01  7.675146E+00 -1.049143E+00
  1.142423E+01  7.681830E+00 -1.041022E+00
  1.142967E+01  7.710154E+00 -1.044830E+00
  1.141263E+01  7.715451E+00 -1.032898E+00
  1.138943E+01  7.723854E+00 -1.016652E+00
  1.137125E+01  7.738477E+00 -1.003924E+00
  1.136623E+01  7.741170E+00 -1.000407E+00
  1.134303E+01  7.751675E+00 -9.841612E-01
  1.131983E+01  7.757261E+00 -9.679157E-01
  1.129663E+01  7.765216E+00 -9.516703E-01
  1.129370E+01  7.766800E+00 -9.496244E-01
  1.127409E+01  7.795123E+00 -9.358924E-01
  1.127342E+01  7.795483E+00 -9.354248E-01
  1.125022E+01  7.809375E+00 -9.191793E-01
  1.123838E+01  7.823446E+00 -9.108873E-01
  1.122702E+01  7.838362E+00 -9.029338E-01
  1.120382E+01  7.851194E+00 -8.866883E-01
  1.120320E+01  7.851769E+00 -8.862509E-01
  1.119380E+01  7.880092E+00 -8.796699E-01
  1.118062E+01  7.890163E+00 -8.704429E-01
  1.115742E+01  7.895065E+00 -8.541974E-01
  1.114068E+01  7.908416E+00 -8.424755E-01
  1.113730E+01  7.936739E+00 -8.401078E-01
  1.113422E+01  7.938093E+00 -8.379519E-01
  1.111102E+01  7.941844E+00 -8.217064E-01
  1.108782E+01  7.957153E+00 -8.054609E-01
  1.107943E+01  7.965062E+00 -7.995858E-01
  1.106462E+01  7.978097E+00 -7.892155E-01
  1.104141E+01  7.982752E+00 -7.729700E-01
  1.101821E+01  7.978672E+00 -7.567245E-01
  1.101281E+01  7.965062E+00 -7.529390E-01
  1.100669E+01  7.936739E+00 -7.486551E-01
  1.099721E+01  7.908416E+00 -7.420209E-01
  1.100136E+01  7.880092E+00 -7.449213E-01
  1.099894E+01  7.851769E+00 -7.432308E-01
  1.099733E+01  7.823446E+00 -7.421038E-01
  1.101232E+01  7.795123E+00 -7.525967E-01
  1.099501E+01  7.771453E+00 -7.404790E-01
  1.099127E+01  7.766800E+00 -7.378614E-01
  1.099501E+01  7.762687E+00 -7.404790E-01
  1.101821E+01  7.746521E+00 -7.567245E-01
  1.103165E+01  7.738477E+00 -7.661332E-01
  1.103218E+01  7.710154E+00 -7.665028E-01
  1.104141E+01  7.705791E+00 -7.729700E-01
  1.106462E+01  7.695718E+00 -7.892155E-01
  1.108782E+01  7.685745E+00 -8.054609E-01
  1.109832E+01  7.681830E+00 -8.128128E-01
  1.111102E+01  7.677463E+00 -8.217064E-01
  1.113422E+01  7.671324E+00 -8.379519E-01
  1.115742E+01  7.653680E+00 -8.541974E-01
  1.115764E+01  7.653507E+00 -8.543503E-01
  1.118062E+01  7.634379E+00 -8.704429E-01
  1.119166E+01  7.625184E+00 -8.781730E-01
  1.120382E+01  7.614444E+00 -8.866883E-01
  1.122624E+01  7.596861E+00 -9.023829E-01
  1.122702E+01  7.595672E+00 -9.029338E-01
  1.124509E+01  7.568538E+00 -9.155846E-01
  1.125022E+01  7.564807E+00 -9.191793E-01
  1.127342E+01  7.548692E+00 -9.354248E-01
  1.128621E+01  7.540215E+00 -9.443755E-01
  1.129663E+01  7.523429E+00 -9.516703E-01
  1.130368E+01  7.511892E+00 -9.566072E-01
  1.131983E+01  7.501555E+00 -9.679157E-01
  1.134303E+01  7.490919E+00 -9.841612E-01
  1.135705E+01  7.483569E+00 -9.939803E-01
  1.136623E+01  7.468323E+00 -1.000407E+00
  1.137702E+01  7.455245E+00 -1.007966E+00
  1.138943E+01  7.449029E+00 -1.016652E+00
  1.141263E+01  7.444183E+00 -1.032898E+00
  1.143583E+01  7.433300E+00 -1.049143E+00
  1.144300E+01  7.455245E+00 -1.054165E+00
  1.144482E+01  7.483569E+00 -1.055436E+00
  1.145011E+01  7.511892E+00 -1.059142E+00
  1.145167E+01  7.540215E+00 -1.060231E+00
  1.144802E+01  7.568538E+00 -1.057677E+00
  1.145284E+01  7.596861E+00 -1.061050E+00
  1.144182E+01  7.625184E+00 -1.053336E+00
  1.145176E+01  7.653507E+00 -1.060294E+00
  1.143583E+01  7.675146E+00 -1.049143E+00
Theta(deg) =   0.000000 , Phi(deg) =  37.500000 , Number of orbits =     7 , (Angstrom^-1) units
Slice   =    148 , Freq(kT, average of all copies)              =   0.2677
Orbit # =      0 , Freq(kT, this largest copy used for outline) =   0.2733
Points  =     33
  kx            ky            kz
  7.502632E+00  5.659660E+00 -2.592879E+00
  7.496493E+00  5.667409E+00 -2.588168E+00
  7.480162E+00  5.679094E+00 -2.575637E+00
  7.465768E+00  5.695732E+00 -2.564592E+00
  7.457692E+00  5.700517E+00 -2.558395E+00
  7.445833E+00  5.695732E+00 -2.549295E+00
  7.435222E+00  5.692416E+00 -2.541153E+00
  7.412751E+00  5.685479E+00 -2.523911E+00
  7.390281E+00  5.679782E+00 -2.506669E+00
  7.377774E+00  5.667409E+00 -2.497071E+00
  7.367811E+00  5.659432E+00 -2.489427E+00
  7.345341E+00  5.652797E+00 -2.472185E+00
  7.326612E+00  5.639086E+00 -2.457814E+00
  7.322870E+00  5.628764E+00 -2.454943E+00
  7.306222E+00  5.610763E+00 -2.442168E+00
  7.300400E+00  5.602702E+00 -2.437701E+00
  7.289167E+00  5.582440E+00 -2.429081E+00
  7.300400E+00  5.555039E+00 -2.437701E+00
  7.301668E+00  5.554117E+00 -2.438673E+00
  7.322870E+00  5.547166E+00 -2.454943E+00
  7.345341E+00  5.534178E+00 -2.472185E+00
  7.367811E+00  5.539320E+00 -2.489427E+00
  7.390281E+00  5.548737E+00 -2.506669E+00
  7.412751E+00  5.551929E+00 -2.523911E+00
  7.415255E+00  5.554117E+00 -2.525832E+00
  7.435220E+00  5.582440E+00 -2.541151E+00
  7.435222E+00  5.582442E+00 -2.541153E+00
  7.457692E+00  5.584642E+00 -2.558395E+00
  7.472426E+00  5.610763E+00 -2.569701E+00
  7.480162E+00  5.627786E+00 -2.575637E+00
  7.502632E+00  5.633629E+00 -2.592879E+00
  7.507181E+00  5.639086E+00 -2.596369E+00
  7.502632E+00  5.659660E+00 -2.592879E+00
Slice   =     60 , Freq(kT, average of all copies)              =   0.2926
Orbit # =      0 , Freq(kT, this largest copy used for outline) =   0.2988
Points  =     31
  kx            ky            kz
  4.120303E+00  4.149364E+00 -2.617320E+00
  4.097833E+00  4.146991E+00 -2.600078E+00
  4.075362E+00  4.147817E+00 -2.582836E+00
  4.059245E+00  4.135177E+00 -2.570469E+00
  4.052892E+00  4.127271E+00 -2.565594E+00
  4.044002E+00  4.106854E+00 -2.558773E+00
  4.034168E+00  4.078531E+00 -2.551226E+00
  4.030422E+00  4.074531E+00 -2.548352E+00
  4.007952E+00  4.059213E+00 -2.531110E+00
  4.001449E+00  4.050208E+00 -2.526121E+00
  3.995751E+00  4.021885E+00 -2.521748E+00
  3.992743E+00  3.993562E+00 -2.519440E+00
  3.985481E+00  3.975282E+00 -2.513868E+00
  3.976888E+00  3.965238E+00 -2.507274E+00
  3.985481E+00  3.956825E+00 -2.513868E+00
  4.001676E+00  3.936915E+00 -2.526295E+00
  4.007952E+00  3.929352E+00 -2.531110E+00
  4.030422E+00  3.921606E+00 -2.548352E+00
  4.052892E+00  3.930645E+00 -2.565594E+00
  4.075362E+00  3.932042E+00 -2.582836E+00
  4.078652E+00  3.936915E+00 -2.585361E+00
  4.086630E+00  3.965238E+00 -2.591482E+00
  4.096727E+00  3.993562E+00 -2.599230E+00
  4.097833E+00  3.995889E+00 -2.600078E+00
  4.120303E+00  4.013981E+00 -2.617320E+00
  4.125698E+00  4.021885E+00 -2.621461E+00
  4.133708E+00  4.050208E+00 -2.627606E+00
  4.136718E+00  4.078531E+00 -2.629916E+00
  4.137482E+00  4.106854E+00 -2.630502E+00
  4.133710E+00  4.135177E+00 -2.627608E+00
  4.120303E+00  4.149364E+00 -2.617320E+00
Slice   =    221 , Freq(kT, average of all copies)              =   0.3586
Orbit # =      0 , Freq(kT, this largest copy used for outline) =   0.3679
Points  =     35
  kx            ky            kz
  1.191126E+01  1.019001E+01 -3.358375E+00
  1.188879E+01  1.019602E+01 -3.341133E+00
  1.188005E+01  1.020259E+01 -3.334425E+00
  1.186632E+01  1.020904E+01 -3.323891E+00
  1.185247E+01  1.020259E+01 -3.313262E+00
  1.184385E+01  1.019525E+01 -3.306649E+00
  1.183464E+01  1.017427E+01 -3.299581E+00
  1.182138E+01  1.015730E+01 -3.289407E+00
  1.181091E+01  1.014594E+01 -3.281373E+00
  1.179891E+01  1.013800E+01 -3.272165E+00
  1.177893E+01  1.011762E+01 -3.256834E+00
  1.177644E+01  1.010500E+01 -3.254923E+00
  1.177285E+01  1.008930E+01 -3.252174E+00
  1.175625E+01  1.006097E+01 -3.239435E+00
  1.175397E+01  1.005768E+01 -3.237681E+00
  1.173365E+01  1.003265E+01 -3.222090E+00
  1.173971E+01  1.000433E+01 -3.226737E+00
  1.175372E+01  9.976004E+00 -3.237491E+00
  1.175397E+01  9.975622E+00 -3.237681E+00
  1.177644E+01  9.961519E+00 -3.254923E+00
  1.179891E+01  9.952640E+00 -3.272165E+00
  1.182138E+01  9.964033E+00 -3.289407E+00
  1.182921E+01  9.976004E+00 -3.295416E+00
  1.184385E+01  9.989759E+00 -3.306649E+00
  1.186579E+01  1.000433E+01 -3.323483E+00
  1.186632E+01  1.000468E+01 -3.323891E+00
  1.187831E+01  1.003265E+01 -3.333093E+00
  1.188482E+01  1.006097E+01 -3.338085E+00
  1.188879E+01  1.006869E+01 -3.341133E+00
  1.191126E+01  1.008252E+01 -3.358375E+00
  1.191477E+01  1.008930E+01 -3.361067E+00
  1.192293E+01  1.011762E+01 -3.367331E+00
  1.192436E+01  1.014594E+01 -3.368430E+00
  1.192271E+01  1.017427E+01 -3.367162E+00
  1.191126E+01  1.019001E+01 -3.358375E+00
Slice   =     32 , Freq(kT, average of all copies)              =   0.3615
Orbit # =      0 , Freq(kT, this largest copy used for outline) =   0.3694
Points  =     35
  kx            ky            kz
  1.171775E+00  3.096323E+00 -5.052309E+00
  1.149305E+00  3.107651E+00 -5.035067E+00
  1.139090E+00  3.116936E+00 -5.027229E+00
  1.126834E+00  3.119938E+00 -5.017825E+00
  1.104364E+00  3.117333E+00 -5.000583E+00
  1.103730E+00  3.116936E+00 -5.000096E+00
  1.081894E+00  3.092939E+00 -4.983341E+00
  1.079479E+00  3.088613E+00 -4.981488E+00
  1.059424E+00  3.070692E+00 -4.966099E+00
  1.053330E+00  3.060290E+00 -4.961423E+00
  1.036953E+00  3.034887E+00 -4.948857E+00
  1.035209E+00  3.031967E+00 -4.947519E+00
  1.025914E+00  3.003643E+00 -4.940386E+00
  1.014483E+00  2.989814E+00 -4.931615E+00
  1.002728E+00  2.975320E+00 -4.922595E+00
  9.927827E-01  2.946997E+00 -4.914964E+00
  9.958117E-01  2.918674E+00 -4.917288E+00
  9.965987E-01  2.890351E+00 -4.917892E+00
  1.014483E+00  2.882272E+00 -4.931615E+00
  1.036953E+00  2.876793E+00 -4.948857E+00
  1.059424E+00  2.869518E+00 -4.966099E+00
  1.077989E+00  2.890351E+00 -4.980345E+00
  1.081894E+00  2.893083E+00 -4.983341E+00
  1.101611E+00  2.918674E+00 -4.998471E+00
  1.104364E+00  2.921641E+00 -5.000583E+00
  1.126834E+00  2.938488E+00 -5.017825E+00
  1.132177E+00  2.946997E+00 -5.021925E+00
  1.141331E+00  2.975320E+00 -5.028949E+00
  1.149305E+00  2.994731E+00 -5.035067E+00
  1.160891E+00  3.003643E+00 -5.043958E+00
  1.171775E+00  3.014131E+00 -5.052309E+00
  1.179143E+00  3.031967E+00 -5.057963E+00
  1.185826E+00  3.060290E+00 -5.063091E+00
  1.173517E+00  3.088613E+00 -5.053646E+00
  1.171775E+00  3.096323E+00 -5.052309E+00
Slice   =    210 , Freq(kT, average of all copies)              =   0.3752
Orbit # =      0 , Freq(kT, this largest copy used for outline) =   0.3840
Points  =     43
  kx            ky            kz
  8.490004E+00  5.541608E+00  3.060181E+00
  8.467534E+00  5.549877E+00  3.077423E+00
  8.465353E+00  5.555508E+00  3.079096E+00
  8.446963E+00  5.583831E+00  3.093208E+00
  8.445064E+00  5.584456E+00  3.094665E+00
  8.443662E+00  5.583831E+00  3.095740E+00
  8.422593E+00  5.569992E+00  3.111907E+00
  8.400123E+00  5.568058E+00  3.129149E+00
  8.377653E+00  5.561596E+00  3.146391E+00
  8.369319E+00  5.555508E+00  3.152786E+00
  8.355183E+00  5.540211E+00  3.163633E+00
  8.332712E+00  5.534619E+00  3.180875E+00
  8.314912E+00  5.527185E+00  3.194534E+00
  8.310242E+00  5.521433E+00  3.198117E+00
  8.289794E+00  5.498862E+00  3.213807E+00
  8.287772E+00  5.497801E+00  3.215359E+00
  8.265302E+00  5.482456E+00  3.232601E+00
  8.254427E+00  5.470539E+00  3.240946E+00
  8.242831E+00  5.459416E+00  3.249843E+00
  8.220361E+00  5.443764E+00  3.267085E+00
  8.219212E+00  5.442216E+00  3.267967E+00
  8.220361E+00  5.432797E+00  3.267085E+00
  8.225355E+00  5.413893E+00  3.263253E+00
  8.238336E+00  5.385570E+00  3.253292E+00
  8.242831E+00  5.381506E+00  3.249843E+00
  8.265302E+00  5.371563E+00  3.232601E+00
  8.287772E+00  5.360598E+00  3.215359E+00
  8.310242E+00  5.376429E+00  3.198117E+00
  8.327357E+00  5.385570E+00  3.184985E+00
  8.332712E+00  5.387681E+00  3.180875E+00
  8.355183E+00  5.403868E+00  3.163633E+00
  8.361916E+00  5.413893E+00  3.158466E+00
  8.377653E+00  5.428300E+00  3.146391E+00
  8.400123E+00  5.434978E+00  3.129149E+00
  8.405571E+00  5.442216E+00  3.124969E+00
  8.422593E+00  5.467138E+00  3.111907E+00
  8.445064E+00  5.468087E+00  3.094665E+00
  8.446918E+00  5.470539E+00  3.093242E+00
  8.459014E+00  5.498862E+00  3.083960E+00
  8.467534E+00  5.521334E+00  3.077423E+00
  8.490004E+00  5.522800E+00  3.060181E+00
  8.492510E+00  5.527185E+00  3.058258E+00
  8.490004E+00  5.541608E+00  3.060181E+00
Slice   =    227 , Freq(kT, average of all copies)              =   0.3763
Orbit # =      0 , Freq(kT, this largest copy used for outline) =   0.3820
Points  =     39
  kx            ky            kz
  1.006805E+01  5.559829E+00  2.467439E+00
  1.004558E+01  5.564685E+00  2.484681E+00
  1.002311E+01  5.572237E+00  2.501923E+00
  1.000064E+01  5.570877E+00  2.519165E+00
  9.978165E+00  5.555682E+00  2.536407E+00
  9.977014E+00  5.554813E+00  2.537290E+00
  9.955695E+00  5.544544E+00  2.553649E+00
  9.934997E+00  5.526489E+00  2.569531E+00
  9.933225E+00  5.524174E+00  2.570891E+00
  9.910755E+00  5.506959E+00  2.588133E+00
  9.894297E+00  5.498166E+00  2.600762E+00
  9.888284E+00  5.491379E+00  2.605375E+00
  9.876313E+00  5.469843E+00  2.614561E+00
  9.865814E+00  5.459967E+00  2.622617E+00
  9.843853E+00  5.441520E+00  2.639468E+00
  9.843344E+00  5.440565E+00  2.639859E+00
  9.820874E+00  5.417393E+00  2.657101E+00
  9.813148E+00  5.413197E+00  2.663030E+00
  9.820874E+00  5.399414E+00  2.657101E+00
  9.834047E+00  5.384874E+00  2.646993E+00
  9.843344E+00  5.375527E+00  2.639859E+00
  9.865814E+00  5.360049E+00  2.622617E+00
  9.888284E+00  5.374979E+00  2.605375E+00
  9.910755E+00  5.372461E+00  2.588133E+00
  9.925293E+00  5.384874E+00  2.576978E+00
  9.933225E+00  5.391829E+00  2.570891E+00
  9.955695E+00  5.401284E+00  2.553649E+00
  9.978165E+00  5.410534E+00  2.536407E+00
  9.981726E+00  5.413197E+00  2.533675E+00
  1.000064E+01  5.430320E+00  2.519165E+00
  1.002311E+01  5.438164E+00  2.501923E+00
  1.002753E+01  5.441520E+00  2.498525E+00
  1.004558E+01  5.468368E+00  2.484681E+00
  1.004965E+01  5.469843E+00  2.481558E+00
  1.006805E+01  5.477305E+00  2.467439E+00
  1.007970E+01  5.498166E+00  2.458499E+00
  1.007587E+01  5.526489E+00  2.461439E+00
  1.007185E+01  5.554813E+00  2.464519E+00
  1.006805E+01  5.559829E+00  2.467439E+00
Slice   =    159 , Freq(kT, average of all copies)              =   1.4721
Orbit # =      0 , Freq(kT, this largest copy used for outline) =   1.5108
Points  =     81
  kx            ky            kz
  8.437936E+00  7.696695E+00 -2.384782E+00
  8.434550E+00  7.707371E+00 -2.382183E+00
  8.418317E+00  7.735694E+00 -2.369727E+00
  8.415466E+00  7.737511E+00 -2.367539E+00
  8.392996E+00  7.745796E+00 -2.350297E+00
  8.370526E+00  7.751604E+00 -2.333055E+00
  8.348055E+00  7.754109E+00 -2.315813E+00
  8.325585E+00  7.758833E+00 -2.298571E+00
  8.310062E+00  7.764017E+00 -2.286660E+00
  8.303115E+00  7.769213E+00 -2.281329E+00
  8.280645E+00  7.788486E+00 -2.264087E+00
  8.273336E+00  7.792340E+00 -2.258479E+00
  8.258174E+00  7.801065E+00 -2.246845E+00
  8.241375E+00  7.820663E+00 -2.233955E+00
  8.235704E+00  7.826437E+00 -2.229603E+00
  8.213234E+00  7.841466E+00 -2.212361E+00
  8.200004E+00  7.848986E+00 -2.202209E+00
  8.195840E+00  7.877309E+00 -2.199015E+00
  8.190764E+00  7.880446E+00 -2.195119E+00
  8.168293E+00  7.888694E+00 -2.177877E+00
  8.145823E+00  7.895178E+00 -2.160635E+00
  8.128209E+00  7.905632E+00 -2.147120E+00
  8.126263E+00  7.933956E+00 -2.145626E+00
  8.123353E+00  7.934968E+00 -2.143393E+00
  8.100883E+00  7.939044E+00 -2.126151E+00
  8.078412E+00  7.949629E+00 -2.108909E+00
  8.055942E+00  7.958554E+00 -2.091667E+00
  8.052300E+00  7.962279E+00 -2.088872E+00
  8.033472E+00  7.978504E+00 -2.074425E+00
  8.012347E+00  7.962279E+00 -2.058215E+00
  8.011002E+00  7.952497E+00 -2.057183E+00
  8.009759E+00  7.933956E+00 -2.056230E+00
  8.001827E+00  7.905632E+00 -2.050143E+00
  8.002433E+00  7.877309E+00 -2.050608E+00
  7.996029E+00  7.848986E+00 -2.045694E+00
  7.996759E+00  7.820663E+00 -2.046254E+00
  7.999025E+00  7.792340E+00 -2.047993E+00
  7.990201E+00  7.764017E+00 -2.041222E+00
  8.003859E+00  7.735694E+00 -2.051702E+00
  7.995436E+00  7.707371E+00 -2.045239E+00
  8.011002E+00  7.697641E+00 -2.057183E+00
  8.033472E+00  7.688951E+00 -2.074425E+00
  8.055942E+00  7.683439E+00 -2.091667E+00
  8.071125E+00  7.679047E+00 -2.103317E+00
  8.078412E+00  7.677093E+00 -2.108909E+00
  8.100883E+00  7.671836E+00 -2.126151E+00
  8.123353E+00  7.666219E+00 -2.143393E+00
  8.145435E+00  7.650724E+00 -2.160337E+00
  8.145823E+00  7.650239E+00 -2.160635E+00
  8.168293E+00  7.633633E+00 -2.177877E+00
  8.187812E+00  7.622401E+00 -2.192855E+00
  8.190764E+00  7.620451E+00 -2.195119E+00
  8.213234E+00  7.602176E+00 -2.212361E+00
  8.221566E+00  7.594078E+00 -2.218755E+00
  8.235704E+00  7.575568E+00 -2.229603E+00
  8.244041E+00  7.565755E+00 -2.236000E+00
  8.258174E+00  7.556668E+00 -2.246845E+00
  8.280645E+00  7.544913E+00 -2.264087E+00
  8.290279E+00  7.537432E+00 -2.271480E+00
  8.303115E+00  7.511996E+00 -2.281329E+00
  8.305720E+00  7.509109E+00 -2.283328E+00
  8.325585E+00  7.501673E+00 -2.298571E+00
  8.348055E+00  7.489036E+00 -2.315813E+00
  8.367932E+00  7.480786E+00 -2.331065E+00
  8.370526E+00  7.477343E+00 -2.333055E+00
  8.392089E+00  7.452462E+00 -2.349601E+00
  8.392996E+00  7.452073E+00 -2.350297E+00
  8.415466E+00  7.443923E+00 -2.367539E+00
  8.421523E+00  7.452462E+00 -2.372187E+00
  8.421501E+00  7.480786E+00 -2.372170E+00
  8.433387E+00  7.509109E+00 -2.381291E+00
  8.434126E+00  7.537432E+00 -2.381858E+00
  8.437936E+00  7.558353E+00 -2.384782E+00
  8.439891E+00  7.565755E+00 -2.386281E+00
  8.437936E+00  7.593542E+00 -2.384782E+00
  8.437912E+00  7.594078E+00 -2.384763E+00
  8.437936E+00  7.594193E+00 -2.384782E+00
  8.445916E+00  7.622401E+00 -2.390904E+00
  8.440720E+00  7.650724E+00 -2.386917E+00
  8.442338E+00  7.679047E+00 -2.388159E+00
  8.437936E+00  7.696695E+00 -2.384782E+00
Theta(deg) =   0.000000 , Phi(deg) =  40.000000 , Number of orbits =    11 , (Angstrom^-1) units
Slice   =    162 , Freq(kT, average of all copies)              =   0.0188
Orbit # =      0 , Freq(kT, this largest copy used for outline) =   0.0188
Points  =      9
  kx            ky            kz
  9.439113E+00  7.058830E+00 -1.622090E+00
  9.417416E+00  7.058992E+00 -1.603884E+00
  9.395719E+00  7.056791E+00 -1.585679E+00
  9.386374E+00  7.055243E+00 -1.577836E+00
  9.395719E+00  7.028031E+00 -1.585679E+00
  9.417416E+00  7.029398E+00 -1.603884E+00
  9.439113E+00  7.040704E+00 -1.622090E+00
  9.448673E+00  7.055243E+00 -1.630112E+00
  9.439113E+00  7.058830E+00 -1.622090E+00
Slice   =    144 , Freq(kT, average of all copies)              =   0.2473
Orbit # =      0 , Freq(kT, this largest copy used for outline) =   0.2473
Points  =     31
  kx            ky            kz
  8.547293E+00  7.779320E+00 -1.539282E+00
  8.532755E+00  7.791644E+00 -1.527083E+00
  8.525596E+00  7.797717E+00 -1.521077E+00
  8.503900E+00  7.807302E+00 -1.502871E+00
  8.482203E+00  7.794856E+00 -1.484665E+00
  8.471738E+00  7.791644E+00 -1.475884E+00
  8.460506E+00  7.788955E+00 -1.466459E+00
  8.438809E+00  7.772446E+00 -1.448254E+00
  8.432379E+00  7.763321E+00 -1.442858E+00
  8.417112E+00  7.752136E+00 -1.430048E+00
  8.395416E+00  7.742367E+00 -1.411842E+00
  8.389891E+00  7.734998E+00 -1.407207E+00
  8.376594E+00  7.706675E+00 -1.396049E+00
  8.373719E+00  7.699076E+00 -1.393636E+00
  8.355942E+00  7.678352E+00 -1.378720E+00
  8.373719E+00  7.664752E+00 -1.393636E+00
  8.394472E+00  7.650029E+00 -1.411050E+00
  8.395416E+00  7.649236E+00 -1.411842E+00
  8.417112E+00  7.632768E+00 -1.430048E+00
  8.434279E+00  7.650029E+00 -1.444452E+00
  8.438809E+00  7.652660E+00 -1.448254E+00
  8.460506E+00  7.653669E+00 -1.466459E+00
  8.477352E+00  7.678352E+00 -1.480595E+00
  8.482203E+00  7.683467E+00 -1.484665E+00
  8.503900E+00  7.695531E+00 -1.502871E+00
  8.520704E+00  7.706675E+00 -1.516971E+00
  8.525596E+00  7.715172E+00 -1.521077E+00
  8.541239E+00  7.734998E+00 -1.534203E+00
  8.547293E+00  7.745759E+00 -1.539282E+00
  8.560199E+00  7.763321E+00 -1.550112E+00
  8.547293E+00  7.779320E+00 -1.539282E+00
Slice   =    106 , Freq(kT, average of all copies)              =   0.2562
Orbit # =      0 , Freq(kT, this largest copy used for outline) =   0.2626
Points  =     33
  kx            ky            kz
  6.660113E+00  6.462156E+00 -5.865242E+00
  6.638416E+00  6.476360E+00 -5.847036E+00
  6.627169E+00  6.488084E+00 -5.837599E+00
  6.616719E+00  6.495555E+00 -5.828830E+00
  6.600671E+00  6.488084E+00 -5.815364E+00
  6.595023E+00  6.486143E+00 -5.810624E+00
  6.573326E+00  6.478221E+00 -5.792419E+00
  6.551629E+00  6.471205E+00 -5.774213E+00
  6.541102E+00  6.459761E+00 -5.765379E+00
  6.529932E+00  6.448696E+00 -5.756007E+00
  6.508236E+00  6.440675E+00 -5.737801E+00
  6.493827E+00  6.431438E+00 -5.725711E+00
  6.486539E+00  6.405614E+00 -5.719596E+00
  6.485603E+00  6.403115E+00 -5.718810E+00
  6.464842E+00  6.384036E+00 -5.701390E+00
  6.454958E+00  6.374792E+00 -5.693096E+00
  6.464842E+00  6.352376E+00 -5.701390E+00
  6.471192E+00  6.346469E+00 -5.706718E+00
  6.486539E+00  6.337980E+00 -5.719596E+00
  6.508236E+00  6.324963E+00 -5.737801E+00
  6.529932E+00  6.329919E+00 -5.756007E+00
  6.551629E+00  6.340576E+00 -5.774213E+00
  6.573326E+00  6.344316E+00 -5.792419E+00
  6.575602E+00  6.346469E+00 -5.794329E+00
  6.591967E+00  6.374792E+00 -5.808061E+00
  6.595023E+00  6.378374E+00 -5.810624E+00
  6.616719E+00  6.382966E+00 -5.828830E+00
  6.629283E+00  6.403115E+00 -5.839372E+00
  6.638416E+00  6.425015E+00 -5.847036E+00
  6.656481E+00  6.431438E+00 -5.862194E+00
  6.660113E+00  6.445841E+00 -5.865242E+00
  6.661217E+00  6.459761E+00 -5.866168E+00
  6.660113E+00  6.462156E+00 -5.865242E+00
Slice   =      2 , Freq(kT, average of all copies)              =   0.2971
Orbit # =      0 , Freq(kT, this largest copy used for outline) =   0.3042
Points  =     31
  kx            ky            kz
  2.813545E-01  2.309840E+00 -4.577837E+00
  2.596577E-01  2.307527E+00 -4.559631E+00
  2.379609E-01  2.307840E+00 -4.541426E+00
  2.162641E-01  2.295727E+00 -4.523220E+00
  2.146869E-01  2.293478E+00 -4.521897E+00
  2.035462E-01  2.265155E+00 -4.512548E+00
  1.945674E-01  2.244789E+00 -4.505014E+00
  1.896234E-01  2.236832E+00 -4.500866E+00
  1.728706E-01  2.225116E+00 -4.486808E+00
  1.588373E-01  2.208509E+00 -4.475033E+00
  1.567218E-01  2.180185E+00 -4.473258E+00
  1.524650E-01  2.151862E+00 -4.469686E+00
  1.511738E-01  2.147078E+00 -4.468603E+00
  1.407157E-01  2.123539E+00 -4.459827E+00
  1.511738E-01  2.112552E+00 -4.468603E+00
  1.667587E-01  2.095216E+00 -4.481680E+00
  1.728706E-01  2.089109E+00 -4.486808E+00
  1.945674E-01  2.087344E+00 -4.505014E+00
  2.162641E-01  2.092203E+00 -4.523220E+00
  2.253901E-01  2.095216E+00 -4.530878E+00
  2.379609E-01  2.102880E+00 -4.541426E+00
  2.447053E-01  2.123539E+00 -4.547085E+00
  2.550917E-01  2.151862E+00 -4.555800E+00
  2.596577E-01  2.160105E+00 -4.559631E+00
  2.813545E-01  2.173550E+00 -4.577837E+00
  2.854453E-01  2.180185E+00 -4.581270E+00
  2.925896E-01  2.208509E+00 -4.587265E+00
  2.959890E-01  2.236832E+00 -4.590117E+00
  2.969557E-01  2.265155E+00 -4.590928E+00
  2.942018E-01  2.293478E+00 -4.588617E+00
  2.813545E-01  2.309840E+00 -4.577837E+00
Slice   =    225 , Freq(kT, average of all copies)              =   0.3597
Orbit # =      0 , Freq(kT, this largest copy used for outline) =   0.3597
Points  =     35
  kx            ky            kz
  1.437714E+01  1.153437E+01 -3.216478E+00
  1.435544E+01  1.154013E+01 -3.198273E+00
  1.433375E+01  1.154484E+01 -3.180067E+00
  1.431714E+01  1.153308E+01 -3.166135E+00
  1.431205E+01  1.152493E+01 -3.161861E+00
  1.430454E+01  1.150476E+01 -3.155558E+00
  1.429035E+01  1.148789E+01 -3.143655E+00
  1.428247E+01  1.147643E+01 -3.137045E+00
  1.426865E+01  1.146349E+01 -3.125449E+00
  1.426031E+01  1.144811E+01 -3.118449E+00
  1.425597E+01  1.141979E+01 -3.114802E+00
  1.424696E+01  1.140001E+01 -3.107244E+00
  1.423840E+01  1.139146E+01 -3.100067E+00
  1.422526E+01  1.137590E+01 -3.089038E+00
  1.421935E+01  1.136314E+01 -3.084076E+00
  1.422412E+01  1.133482E+01 -3.088079E+00
  1.422526E+01  1.132894E+01 -3.089038E+00
  1.424348E+01  1.130650E+01 -3.104328E+00
  1.424696E+01  1.130489E+01 -3.107244E+00
  1.426865E+01  1.129497E+01 -3.125449E+00
  1.429035E+01  1.128548E+01 -3.143655E+00
  1.429975E+01  1.130650E+01 -3.151540E+00
  1.431205E+01  1.132166E+01 -3.161861E+00
  1.433375E+01  1.133202E+01 -3.180067E+00
  1.433623E+01  1.133482E+01 -3.182148E+00
  1.435086E+01  1.136314E+01 -3.194428E+00
  1.435544E+01  1.137591E+01 -3.198273E+00
  1.436241E+01  1.139146E+01 -3.204121E+00
  1.437714E+01  1.141132E+01 -3.216478E+00
  1.438394E+01  1.141979E+01 -3.222185E+00
  1.439700E+01  1.144811E+01 -3.233141E+00
  1.439747E+01  1.147643E+01 -3.233541E+00
  1.439135E+01  1.150476E+01 -3.228405E+00
  1.437857E+01  1.153308E+01 -3.217680E+00
  1.437714E+01  1.153437E+01 -3.216478E+00
Slice   =     30 , Freq(kT, average of all copies)              =   0.3637
Orbit # =      0 , Freq(kT, this largest copy used for outline) =   0.3637
Points  =     35
  kx            ky            kz
  2.209318E+00  3.632179E+00 -4.528591E+00
  2.187621E+00  3.639844E+00 -4.510385E+00
  2.165924E+00  3.647610E+00 -4.492180E+00
  2.144228E+00  3.630947E+00 -4.473974E+00
  2.139944E+00  3.625361E+00 -4.470380E+00
  2.125978E+00  3.597038E+00 -4.458661E+00
  2.122531E+00  3.595123E+00 -4.455768E+00
  2.100834E+00  3.578286E+00 -4.437562E+00
  2.095638E+00  3.568715E+00 -4.433202E+00
  2.089449E+00  3.540391E+00 -4.428009E+00
  2.079137E+00  3.512964E+00 -4.419357E+00
  2.078403E+00  3.512068E+00 -4.418740E+00
  2.057441E+00  3.495902E+00 -4.401151E+00
  2.049063E+00  3.483745E+00 -4.394121E+00
  2.050680E+00  3.455422E+00 -4.395478E+00
  2.054353E+00  3.427099E+00 -4.398560E+00
  2.057441E+00  3.420508E+00 -4.401151E+00
  2.079137E+00  3.405493E+00 -4.419357E+00
  2.092753E+00  3.398776E+00 -4.430781E+00
  2.100834E+00  3.396119E+00 -4.437562E+00
  2.122531E+00  3.387974E+00 -4.455768E+00
  2.127761E+00  3.398776E+00 -4.460156E+00
  2.139825E+00  3.427099E+00 -4.470279E+00
  2.144228E+00  3.432244E+00 -4.473974E+00
  2.165924E+00  3.443600E+00 -4.492180E+00
  2.174876E+00  3.455422E+00 -4.499691E+00
  2.186024E+00  3.483745E+00 -4.509045E+00
  2.187621E+00  3.488070E+00 -4.510385E+00
  2.201717E+00  3.512068E+00 -4.522213E+00
  2.209318E+00  3.522540E+00 -4.528591E+00
  2.220846E+00  3.540391E+00 -4.538264E+00
  2.229805E+00  3.568715E+00 -4.545782E+00
  2.225125E+00  3.597038E+00 -4.541855E+00
  2.212605E+00  3.625361E+00 -4.531349E+00
  2.209318E+00  3.632179E+00 -4.528591E+00
Slice   =    103 , Freq(kT, average of all copies)              =   0.3657
Orbit # =      0 , Freq(kT, this largest copy used for outline) =   0.3722
Points  =     39
  kx            ky            kz
  7.923126E+00  8.475299E+00 -4.728752E+00
  7.901429E+00  8.491250E+00 -4.710546E+00
  7.879732E+00  8.486532E+00 -4.692340E+00
  7.858036E+00  8.484207E+00 -4.674135E+00
  7.836339E+00  8.475209E+00 -4.655929E+00
  7.831286E+00  8.470704E+00 -4.651689E+00
  7.814642E+00  8.455182E+00 -4.637723E+00
  7.792945E+00  8.449097E+00 -4.619517E+00
  7.782659E+00  8.442380E+00 -4.610886E+00
  7.771249E+00  8.423538E+00 -4.601312E+00
  7.761939E+00  8.414057E+00 -4.593500E+00
  7.749552E+00  8.407969E+00 -4.583106E+00
  7.727855E+00  8.389485E+00 -4.564900E+00
  7.723373E+00  8.385734E+00 -4.561140E+00
  7.706158E+00  8.368988E+00 -4.546694E+00
  7.687621E+00  8.357411E+00 -4.531140E+00
  7.691805E+00  8.329088E+00 -4.534651E+00
  7.700159E+00  8.300765E+00 -4.541661E+00
  7.706158E+00  8.293478E+00 -4.546694E+00
  7.727855E+00  8.281581E+00 -4.564900E+00
  7.744939E+00  8.272442E+00 -4.579235E+00
  7.749552E+00  8.270779E+00 -4.583106E+00
  7.754102E+00  8.272442E+00 -4.586924E+00
  7.771249E+00  8.280644E+00 -4.601312E+00
  7.792945E+00  8.300595E+00 -4.619517E+00
  7.793268E+00  8.300765E+00 -4.619788E+00
  7.814642E+00  8.309469E+00 -4.637723E+00
  7.826003E+00  8.329088E+00 -4.647256E+00
  7.836339E+00  8.341818E+00 -4.655929E+00
  7.858036E+00  8.346272E+00 -4.674135E+00
  7.866103E+00  8.357411E+00 -4.680904E+00
  7.879056E+00  8.385734E+00 -4.691773E+00
  7.879732E+00  8.387123E+00 -4.692340E+00
  7.901429E+00  8.393770E+00 -4.710546E+00
  7.911873E+00  8.414057E+00 -4.719309E+00
  7.920743E+00  8.442380E+00 -4.726752E+00
  7.923126E+00  8.455182E+00 -4.728752E+00
  7.938383E+00  8.470704E+00 -4.741554E+00
  7.923126E+00  8.475299E+00 -4.728752E+00
Slice   =    148 , Freq(kT, average of all copies)              =   0.3681
Orbit # =      0 , Freq(kT, this largest copy used for outline) =   0.3745
Points  =     35
  kx            ky            kz
  7.267004E+00  5.988886E+00 -9.488489E-01
  7.245307E+00  5.988309E+00 -9.306432E-01
  7.223611E+00  5.988336E+00 -9.124374E-01
  7.205876E+00  5.978268E+00 -8.975560E-01
  7.201914E+00  5.974311E+00 -8.942316E-01
  7.190629E+00  5.949945E+00 -8.847622E-01
  7.180217E+00  5.932114E+00 -8.760259E-01
  7.171734E+00  5.921622E+00 -8.689077E-01
  7.158520E+00  5.913750E+00 -8.578201E-01
  7.138567E+00  5.893299E+00 -8.410773E-01
  7.136824E+00  5.881685E+00 -8.396144E-01
  7.133381E+00  5.864976E+00 -8.367255E-01
  7.118018E+00  5.836652E+00 -8.238348E-01
  7.115127E+00  5.832321E+00 -8.214086E-01
  7.096529E+00  5.808329E+00 -8.058032E-01
  7.105584E+00  5.780006E+00 -8.134009E-01
  7.115127E+00  5.763239E+00 -8.214086E-01
  7.136824E+00  5.753611E+00 -8.396144E-01
  7.144040E+00  5.751683E+00 -8.456700E-01
  7.158520E+00  5.746703E+00 -8.578201E-01
  7.174612E+00  5.751683E+00 -8.713229E-01
  7.180217E+00  5.752724E+00 -8.760259E-01
  7.201914E+00  5.768011E+00 -8.942316E-01
  7.223367E+00  5.780006E+00 -9.122329E-01
  7.223611E+00  5.780141E+00 -9.124374E-01
  7.235108E+00  5.808329E+00 -9.220848E-01
  7.245066E+00  5.836652E+00 -9.304405E-01
  7.245307E+00  5.837104E+00 -9.306432E-01
  7.267004E+00  5.849874E+00 -9.488489E-01
  7.273802E+00  5.864976E+00 -9.545531E-01
  7.280397E+00  5.893299E+00 -9.600865E-01
  7.285490E+00  5.921622E+00 -9.643608E-01
  7.286181E+00  5.949945E+00 -9.649400E-01
  7.282651E+00  5.978268E+00 -9.619779E-01
  7.267004E+00  5.988886E+00 -9.488489E-01
Slice   =     50 , Freq(kT, average of all copies)              =   0.3691
Orbit # =      0 , Freq(kT, this largest copy used for outline) =   0.3775
Points  =     39
  kx            ky            kz
  2.739096E+00  4.001243E+00 -5.909117E+00
  2.717399E+00  4.004297E+00 -5.890911E+00
  2.695702E+00  4.011599E+00 -5.872705E+00
  2.674005E+00  4.004103E+00 -5.854499E+00
  2.661383E+00  3.994257E+00 -5.843908E+00
  2.652309E+00  3.985744E+00 -5.836294E+00
  2.630612E+00  3.974342E+00 -5.818088E+00
  2.621357E+00  3.965934E+00 -5.810322E+00
  2.608915E+00  3.942689E+00 -5.799882E+00
  2.605490E+00  3.937611E+00 -5.797008E+00
  2.587218E+00  3.928229E+00 -5.781676E+00
  2.568413E+00  3.909288E+00 -5.765896E+00
  2.565521E+00  3.904704E+00 -5.763471E+00
  2.543825E+00  3.887698E+00 -5.745265E+00
  2.533086E+00  3.880965E+00 -5.736254E+00
  2.527432E+00  3.852642E+00 -5.731510E+00
  2.522128E+00  3.841891E+00 -5.727059E+00
  2.506318E+00  3.824319E+00 -5.713793E+00
  2.522128E+00  3.806307E+00 -5.727059E+00
  2.533527E+00  3.795995E+00 -5.736624E+00
  2.543825E+00  3.789301E+00 -5.745265E+00
  2.563959E+00  3.795995E+00 -5.762160E+00
  2.565521E+00  3.796581E+00 -5.763471E+00
  2.587218E+00  3.797517E+00 -5.781676E+00
  2.608915E+00  3.812048E+00 -5.799882E+00
  2.623018E+00  3.824319E+00 -5.811716E+00
  2.630612E+00  3.828957E+00 -5.818088E+00
  2.652309E+00  3.836281E+00 -5.836294E+00
  2.664488E+00  3.852642E+00 -5.846513E+00
  2.674005E+00  3.863751E+00 -5.854499E+00
  2.695702E+00  3.869589E+00 -5.872705E+00
  2.708028E+00  3.880965E+00 -5.883048E+00
  2.717399E+00  3.900185E+00 -5.890911E+00
  2.738544E+00  3.909288E+00 -5.908654E+00
  2.739096E+00  3.909567E+00 -5.909117E+00
  2.753181E+00  3.937611E+00 -5.920936E+00
  2.749042E+00  3.965934E+00 -5.917462E+00
  2.744572E+00  3.994257E+00 -5.913712E+00
  2.739096E+00  4.001243E+00 -5.909117E+00
Slice   =     38 , Freq(kT, average of all copies)              =   0.3720
Orbit # =      0 , Freq(kT, this largest copy used for outline) =   0.3808
Points  =     37
  kx            ky            kz
  1.124121E+00  3.103525E+00 -5.107568E+00
  1.102424E+00  3.107551E+00 -5.089362E+00
  1.093581E+00  3.116936E+00 -5.081942E+00
  1.080727E+00  3.120217E+00 -5.071156E+00
  1.065683E+00  3.116936E+00 -5.058532E+00
  1.059031E+00  3.113449E+00 -5.052951E+00
  1.042279E+00  3.088613E+00 -5.038894E+00
  1.037334E+00  3.085978E+00 -5.034745E+00
  1.015637E+00  3.070788E+00 -5.016539E+00
  1.009190E+00  3.060290E+00 -5.011129E+00
  9.946694E-01  3.031967E+00 -4.998945E+00
  9.939403E-01  3.029930E+00 -4.998333E+00
  9.824167E-01  3.003643E+00 -4.988664E+00
  9.722436E-01  2.994536E+00 -4.980127E+00
  9.561904E-01  2.975320E+00 -4.966657E+00
  9.538651E-01  2.946997E+00 -4.964706E+00
  9.505468E-01  2.923663E+00 -4.961922E+00
  9.496921E-01  2.918674E+00 -4.961205E+00
  9.498371E-01  2.890351E+00 -4.961326E+00
  9.505468E-01  2.889854E+00 -4.961922E+00
  9.722436E-01  2.875624E+00 -4.980127E+00
  9.939403E-01  2.872195E+00 -4.998333E+00
  1.015637E+00  2.869706E+00 -5.016539E+00
  1.037334E+00  2.885233E+00 -5.034745E+00
  1.039500E+00  2.890351E+00 -5.036562E+00
  1.055938E+00  2.918674E+00 -5.050355E+00
  1.059031E+00  2.922474E+00 -5.052951E+00
  1.080727E+00  2.935081E+00 -5.071156E+00
  1.087978E+00  2.946997E+00 -5.077240E+00
  1.096546E+00  2.975320E+00 -5.084430E+00
  1.102424E+00  2.992205E+00 -5.089362E+00
  1.117217E+00  3.003643E+00 -5.101775E+00
  1.124121E+00  3.010049E+00 -5.107568E+00
  1.132684E+00  3.031967E+00 -5.114753E+00
  1.139026E+00  3.060290E+00 -5.120074E+00
  1.127248E+00  3.088613E+00 -5.110192E+00
  1.124121E+00  3.103525E+00 -5.107568E+00
Slice   =     10 , Freq(kT, average of all copies)              =   1.4765
Orbit # =      0 , Freq(kT, this largest copy used for outline) =   1.5278
Points  =     77
  kx            ky            kz
  2.490233E+00  2.213473E+00 -2.674716E+00
  2.468536E+00  2.220921E+00 -2.656510E+00
  2.446839E+00  2.223951E+00 -2.638304E+00
  2.425143E+00  2.226870E+00 -2.620099E+00
  2.403446E+00  2.230705E+00 -2.601893E+00
  2.387292E+00  2.234744E+00 -2.588338E+00
  2.381749E+00  2.237269E+00 -2.583687E+00
  2.360052E+00  2.247751E+00 -2.565481E+00
  2.338355E+00  2.258361E+00 -2.547276E+00
  2.330106E+00  2.263068E+00 -2.540354E+00
  2.316659E+00  2.271782E+00 -2.529070E+00
  2.294962E+00  2.284847E+00 -2.510864E+00
  2.289820E+00  2.291391E+00 -2.506550E+00
  2.273265E+00  2.310344E+00 -2.492658E+00
  2.251568E+00  2.318649E+00 -2.474453E+00
  2.250399E+00  2.319714E+00 -2.473471E+00
  2.238397E+00  2.348037E+00 -2.463400E+00
  2.229872E+00  2.355297E+00 -2.456247E+00
  2.208175E+00  2.360348E+00 -2.438041E+00
  2.186478E+00  2.370131E+00 -2.419835E+00
  2.164781E+00  2.376018E+00 -2.401630E+00
  2.164032E+00  2.376360E+00 -2.401001E+00
  2.164781E+00  2.378238E+00 -2.401630E+00
  2.174128E+00  2.404683E+00 -2.409473E+00
  2.164781E+00  2.407804E+00 -2.401630E+00
  2.143084E+00  2.412586E+00 -2.383424E+00
  2.121388E+00  2.414958E+00 -2.365218E+00
  2.099691E+00  2.415184E+00 -2.347012E+00
  2.077994E+00  2.411881E+00 -2.328807E+00
  2.070642E+00  2.404683E+00 -2.322637E+00
  2.061037E+00  2.376360E+00 -2.314578E+00
  2.060279E+00  2.348037E+00 -2.313941E+00
  2.056297E+00  2.336760E+00 -2.310601E+00
  2.052196E+00  2.319714E+00 -2.307159E+00
  2.052652E+00  2.291391E+00 -2.307542E+00
  2.051417E+00  2.263068E+00 -2.306506E+00
  2.043359E+00  2.234744E+00 -2.299744E+00
  2.047968E+00  2.206421E+00 -2.303611E+00
  2.037834E+00  2.178098E+00 -2.295108E+00
  2.056297E+00  2.157342E+00 -2.310601E+00
  2.068030E+00  2.149775E+00 -2.320445E+00
  2.077994E+00  2.146962E+00 -2.328807E+00
  2.099691E+00  2.143631E+00 -2.347012E+00
  2.121388E+00  2.140699E+00 -2.365218E+00
  2.143084E+00  2.136896E+00 -2.383424E+00
  2.164781E+00  2.131529E+00 -2.401630E+00
  2.186478E+00  2.124676E+00 -2.419835E+00
  2.191260E+00  2.121452E+00 -2.423848E+00
  2.208175E+00  2.106802E+00 -2.438041E+00
  2.229872E+00  2.099341E+00 -2.456247E+00
  2.237277E+00  2.093129E+00 -2.462461E+00
  2.251568E+00  2.080290E+00 -2.474453E+00
  2.273265E+00  2.068764E+00 -2.492658E+00
  2.277057E+00  2.064806E+00 -2.495840E+00
  2.288795E+00  2.036482E+00 -2.505689E+00
  2.294962E+00  2.032642E+00 -2.510864E+00
  2.316659E+00  2.024316E+00 -2.529070E+00
  2.338355E+00  2.013452E+00 -2.547276E+00
  2.350028E+00  2.008159E+00 -2.557070E+00
  2.360052E+00  1.994874E+00 -2.565481E+00
  2.369782E+00  1.979836E+00 -2.573646E+00
  2.381749E+00  1.974199E+00 -2.583687E+00
  2.403446E+00  1.964662E+00 -2.601893E+00
  2.425143E+00  1.962075E+00 -2.620099E+00
  2.446839E+00  1.961078E+00 -2.638304E+00
  2.468536E+00  1.966378E+00 -2.656510E+00
  2.476356E+00  1.979836E+00 -2.663072E+00
  2.476024E+00  2.008159E+00 -2.662793E+00
  2.481666E+00  2.036482E+00 -2.667527E+00
  2.483266E+00  2.064806E+00 -2.668870E+00
  2.486180E+00  2.093129E+00 -2.671315E+00
  2.487075E+00  2.121452E+00 -2.672066E+00
  2.490233E+00  2.136669E+00 -2.674716E+00
  2.498027E+00  2.149775E+00 -2.681256E+00
  2.491884E+00  2.178098E+00 -2.676101E+00
  2.508323E+00  2.206421E+00 -2.689895E+00
  2.490233E+00  2.213473E+00 -2.674716E+00
Theta(deg) =   0.000000 , Phi(deg) =  42.500000 , Number of orbits =     7 , (Angstrom^-1) units
Slice   =     47 , Freq(kT, average of all copies)              =   0.2468
Orbit # =      0 , Freq(kT, this largest copy used for outline) =   0.2528
Points  =     33
  kx            ky            kz
  3.927648E+00  6.729604E+00 -6.707693E+00
  3.906766E+00  6.737921E+00 -6.688558E+00
  3.901606E+00  6.742297E+00 -6.683830E+00
  3.885884E+00  6.757471E+00 -6.669423E+00
  3.865002E+00  6.742588E+00 -6.650289E+00
  3.864758E+00  6.742297E+00 -6.650065E+00
  3.844120E+00  6.732199E+00 -6.631154E+00
  3.823238E+00  6.723925E+00 -6.612019E+00
  3.814698E+00  6.713974E+00 -6.604193E+00
  3.802356E+00  6.695472E+00 -6.592884E+00
  3.786583E+00  6.685651E+00 -6.578430E+00
  3.781474E+00  6.681376E+00 -6.573749E+00
  3.765996E+00  6.657327E+00 -6.559567E+00
  3.760592E+00  6.648909E+00 -6.554614E+00
  3.739710E+00  6.632581E+00 -6.535480E+00
  3.734507E+00  6.629004E+00 -6.530712E+00
  3.739710E+00  6.620176E+00 -6.535480E+00
  3.759147E+00  6.600681E+00 -6.553291E+00
  3.760592E+00  6.599458E+00 -6.554614E+00
  3.781474E+00  6.582301E+00 -6.573749E+00
  3.802356E+00  6.585173E+00 -6.592884E+00
  3.823238E+00  6.594103E+00 -6.612019E+00
  3.844120E+00  6.597774E+00 -6.631154E+00
  3.847055E+00  6.600681E+00 -6.633844E+00
  3.862707E+00  6.629004E+00 -6.648185E+00
  3.865002E+00  6.631866E+00 -6.650289E+00
  3.885884E+00  6.637881E+00 -6.669423E+00
  3.897880E+00  6.657327E+00 -6.680416E+00
  3.906766E+00  6.677992E+00 -6.688558E+00
  3.923640E+00  6.685651E+00 -6.704021E+00
  3.927648E+00  6.689983E+00 -6.707693E+00
  3.934916E+00  6.713974E+00 -6.714353E+00
  3.927648E+00  6.729604E+00 -6.707693E+00
Slice   =    109 , Freq(kT, average of all copies)              =   0.3020
Orbit # =      0 , Freq(kT, this largest copy used for outline) =   0.3096
Points  =     31
  kx            ky            kz
  7.818457E+00  7.571228E+00 -4.633693E+00
  7.797575E+00  7.568464E+00 -4.614558E+00
  7.776693E+00  7.569700E+00 -4.595423E+00
  7.768200E+00  7.564363E+00 -4.587641E+00
  7.755811E+00  7.555766E+00 -4.576288E+00
  7.745131E+00  7.536040E+00 -4.566501E+00
  7.735322E+00  7.507717E+00 -4.557513E+00
  7.734929E+00  7.507286E+00 -4.557153E+00
  7.714047E+00  7.491248E+00 -4.538018E+00
  7.704886E+00  7.479394E+00 -4.529623E+00
  7.699472E+00  7.451071E+00 -4.524663E+00
  7.693165E+00  7.423580E+00 -4.518884E+00
  7.692905E+00  7.422748E+00 -4.518645E+00
  7.676849E+00  7.394425E+00 -4.503933E+00
  7.693165E+00  7.374208E+00 -4.518884E+00
  7.698584E+00  7.366101E+00 -4.523849E+00
  7.714047E+00  7.350432E+00 -4.538018E+00
  7.734929E+00  7.349213E+00 -4.557153E+00
  7.755811E+00  7.356611E+00 -4.576288E+00
  7.776693E+00  7.363545E+00 -4.595423E+00
  7.778241E+00  7.366101E+00 -4.596841E+00
  7.784546E+00  7.394425E+00 -4.602618E+00
  7.797575E+00  7.419968E+00 -4.614558E+00
  7.801761E+00  7.422748E+00 -4.618393E+00
  7.818457E+00  7.434376E+00 -4.633693E+00
  7.826154E+00  7.451071E+00 -4.640745E+00
  7.830583E+00  7.479394E+00 -4.644804E+00
  7.833812E+00  7.507717E+00 -4.647762E+00
  7.834518E+00  7.536040E+00 -4.648409E+00
  7.822759E+00  7.564363E+00 -4.637634E+00
  7.818457E+00  7.571228E+00 -4.633693E+00
Slice   =     97 , Freq(kT, average of all copies)              =   0.3574
Orbit # =      0 , Freq(kT, this largest copy used for outline) =   0.3672
Points  =     41
  kx            ky            kz
  4.898464E+00  5.043645E+00 -1.591374E+00
  4.877582E+00  5.048287E+00 -1.572239E+00
  4.856700E+00  5.064849E+00 -1.553104E+00
  4.835818E+00  5.059367E+00 -1.533969E+00
  4.814936E+00  5.055885E+00 -1.514834E+00
  4.794054E+00  5.047845E+00 -1.495699E+00
  4.788400E+00  5.042909E+00 -1.490518E+00
  4.773172E+00  5.019470E+00 -1.476565E+00
  4.765761E+00  5.014586E+00 -1.469774E+00
  4.752290E+00  5.007991E+00 -1.457430E+00
  4.732098E+00  4.986263E+00 -1.438927E+00
  4.731408E+00  4.985545E+00 -1.438295E+00
  4.710526E+00  4.973420E+00 -1.419160E+00
  4.689644E+00  4.960861E+00 -1.400025E+00
  4.685403E+00  4.957940E+00 -1.396139E+00
  4.677455E+00  4.929616E+00 -1.388856E+00
  4.668762E+00  4.919752E+00 -1.380890E+00
  4.650526E+00  4.901293E+00 -1.364180E+00
  4.658566E+00  4.872970E+00 -1.371547E+00
  4.668762E+00  4.853225E+00 -1.380890E+00
  4.681860E+00  4.844647E+00 -1.392892E+00
  4.689644E+00  4.842135E+00 -1.400025E+00
  4.710526E+00  4.835330E+00 -1.419160E+00
  4.726512E+00  4.844647E+00 -1.433808E+00
  4.731408E+00  4.847895E+00 -1.438295E+00
  4.752290E+00  4.864543E+00 -1.457430E+00
  4.764516E+00  4.872970E+00 -1.468633E+00
  4.773172E+00  4.879652E+00 -1.476565E+00
  4.783648E+00  4.901293E+00 -1.486163E+00
  4.794054E+00  4.912690E+00 -1.495699E+00
  4.814936E+00  4.919323E+00 -1.514834E+00
  4.821882E+00  4.929616E+00 -1.521199E+00
  4.835391E+00  4.957940E+00 -1.533577E+00
  4.835818E+00  4.958755E+00 -1.533969E+00
  4.856700E+00  4.966011E+00 -1.553104E+00
  4.866139E+00  4.986263E+00 -1.561752E+00
  4.873812E+00  5.014586E+00 -1.568784E+00
  4.877582E+00  5.030634E+00 -1.572239E+00
  4.898464E+00  5.041630E+00 -1.591374E+00
  4.898825E+00  5.042909E+00 -1.591704E+00
  4.898464E+00  5.043645E+00 -1.591374E+00
Slice   =    218 , Freq(kT, average of all copies)              =   0.3616
Orbit # =      0 , Freq(kT, this largest copy used for outline) =   0.3694
Points  =     39
  kx            ky            kz
  1.406694E+01  1.031095E+01 -2.176629E+00
  1.406086E+01  1.031310E+01 -2.171054E+00
  1.404606E+01  1.031564E+01 -2.157495E+00
  1.402518E+01  1.032519E+01 -2.138360E+00
  1.400429E+01  1.031848E+01 -2.119225E+00
  1.399706E+01  1.031310E+01 -2.112596E+00
  1.398341E+01  1.029505E+01 -2.100090E+00
  1.397394E+01  1.028478E+01 -2.091411E+00
  1.396253E+01  1.027759E+01 -2.080955E+00
  1.394639E+01  1.025645E+01 -2.066163E+00
  1.394165E+01  1.025159E+01 -2.061820E+00
  1.392077E+01  1.023728E+01 -2.042686E+00
  1.391130E+01  1.022813E+01 -2.034013E+00
  1.389988E+01  1.020546E+01 -2.023551E+00
  1.389688E+01  1.019981E+01 -2.020800E+00
  1.387900E+01  1.018366E+01 -2.004416E+00
  1.386565E+01  1.017148E+01 -1.992181E+00
  1.385892E+01  1.014316E+01 -1.986014E+00
  1.385812E+01  1.013999E+01 -1.985281E+00
  1.384954E+01  1.011484E+01 -1.977422E+00
  1.385812E+01  1.010770E+01 -1.985281E+00
  1.387900E+01  1.009389E+01 -2.004416E+00
  1.389988E+01  1.010254E+01 -2.023551E+00
  1.392077E+01  1.010388E+01 -2.042686E+00
  1.393692E+01  1.011484E+01 -2.057488E+00
  1.394165E+01  1.011849E+01 -2.061820E+00
  1.396253E+01  1.013464E+01 -2.080955E+00
  1.398341E+01  1.014315E+01 -2.100090E+00
  1.398343E+01  1.014316E+01 -2.100104E+00
  1.399971E+01  1.017148E+01 -2.115028E+00
  1.400429E+01  1.017654E+01 -2.119225E+00
  1.402518E+01  1.018368E+01 -2.138360E+00
  1.403910E+01  1.019981E+01 -2.151114E+00
  1.404606E+01  1.021559E+01 -2.157495E+00
  1.406694E+01  1.022542E+01 -2.176629E+00
  1.406864E+01  1.022813E+01 -2.178187E+00
  1.408045E+01  1.025645E+01 -2.189005E+00
  1.407562E+01  1.028478E+01 -2.184579E+00
  1.406694E+01  1.031095E+01 -2.176629E+00
Slice   =    106 , Freq(kT, average of all copies)              =   0.3786
Orbit # =      0 , Freq(kT, this largest copy used for outline) =   0.3859
Points  =     35
  kx            ky            kz
  6.428008E+00  6.777836E+00 -4.212756E+00
  6.407126E+00  6.780005E+00 -4.193621E+00
  6.386244E+00  6.783669E+00 -4.174486E+00
  6.365362E+00  6.774567E+00 -4.155352E+00
  6.361851E+00  6.770620E+00 -4.152134E+00
  6.354626E+00  6.742297E+00 -4.145513E+00
  6.344480E+00  6.729458E+00 -4.136217E+00
  6.327533E+00  6.713974E+00 -4.120688E+00
  6.323598E+00  6.710955E+00 -4.117082E+00
  6.305668E+00  6.685651E+00 -4.100652E+00
  6.302716E+00  6.672588E+00 -4.097947E+00
  6.297937E+00  6.657327E+00 -4.093568E+00
  6.281834E+00  6.637111E+00 -4.078812E+00
  6.275337E+00  6.629004E+00 -4.072859E+00
  6.266657E+00  6.600681E+00 -4.064905E+00
  6.271852E+00  6.572358E+00 -4.069665E+00
  6.281834E+00  6.547380E+00 -4.078812E+00
  6.286392E+00  6.544035E+00 -4.082989E+00
  6.302716E+00  6.535331E+00 -4.097947E+00
  6.323598E+00  6.527210E+00 -4.117082E+00
  6.344480E+00  6.537200E+00 -4.136217E+00
  6.348805E+00  6.544035E+00 -4.140179E+00
  6.365362E+00  6.562375E+00 -4.155352E+00
  6.380764E+00  6.572358E+00 -4.169464E+00
  6.386244E+00  6.575289E+00 -4.174486E+00
  6.396876E+00  6.600681E+00 -4.184229E+00
  6.403725E+00  6.629004E+00 -4.190504E+00
  6.407126E+00  6.635632E+00 -4.193621E+00
  6.428008E+00  6.646865E+00 -4.212756E+00
  6.433060E+00  6.657327E+00 -4.217385E+00
  6.440041E+00  6.685651E+00 -4.223782E+00
  6.444823E+00  6.713974E+00 -4.228164E+00
  6.444801E+00  6.742297E+00 -4.228144E+00
  6.437947E+00  6.770620E+00 -4.221863E+00
  6.428008E+00  6.777836E+00 -4.212756E+00
Slice   =    102 , Freq(kT, average of all copies)              =   0.3818
Orbit # =      0 , Freq(kT, this largest copy used for outline) =   0.3952
Points  =     37
  kx            ky            kz
  4.868847E+00  4.144676E+00 -1.372155E+00
  4.847965E+00  4.152238E+00 -1.353020E+00
  4.838646E+00  4.164892E+00 -1.344480E+00
  4.827083E+00  4.167512E+00 -1.333885E+00
  4.812053E+00  4.164892E+00 -1.320113E+00
  4.806201E+00  4.160652E+00 -1.314750E+00
  4.796346E+00  4.136569E+00 -1.305720E+00
  4.785319E+00  4.130458E+00 -1.295615E+00
  4.764437E+00  4.116275E+00 -1.276480E+00
  4.759202E+00  4.108246E+00 -1.271684E+00
  4.743683E+00  4.079922E+00 -1.257464E+00
  4.743555E+00  4.079583E+00 -1.257346E+00
  4.731718E+00  4.051599E+00 -1.246499E+00
  4.722673E+00  4.043537E+00 -1.238211E+00
  4.705016E+00  4.023276E+00 -1.222032E+00
  4.702124E+00  3.994953E+00 -1.219381E+00
  4.701791E+00  3.992803E+00 -1.219076E+00
  4.696823E+00  3.966630E+00 -1.214524E+00
  4.690668E+00  3.938307E+00 -1.208884E+00
  4.701791E+00  3.927365E+00 -1.219076E+00
  4.722673E+00  3.910831E+00 -1.238211E+00
  4.743555E+00  3.911539E+00 -1.257346E+00
  4.764437E+00  3.912069E+00 -1.276480E+00
  4.785319E+00  3.931986E+00 -1.295615E+00
  4.787969E+00  3.938307E+00 -1.298044E+00
  4.805750E+00  3.966630E+00 -1.314337E+00
  4.806201E+00  3.967163E+00 -1.314750E+00
  4.827083E+00  3.981579E+00 -1.333885E+00
  4.834565E+00  3.994953E+00 -1.340741E+00
  4.842046E+00  4.023276E+00 -1.347596E+00
  4.847965E+00  4.038446E+00 -1.353020E+00
  4.868542E+00  4.051599E+00 -1.371876E+00
  4.868847E+00  4.051895E+00 -1.372155E+00
  4.877993E+00  4.079922E+00 -1.380536E+00
  4.881468E+00  4.108246E+00 -1.383720E+00
  4.870379E+00  4.136569E+00 -1.373558E+00
  4.868847E+00  4.144676E+00 -1.372155E+00
Slice   =    175 , Freq(kT, average of all copies)              =   1.4455
Orbit # =      0 , Freq(kT, this largest copy used for outline) =   1.4776
Points  =     77
  kx            ky            kz
  1.272550E+01  9.580004E+00 -3.337231E+00
  1.270461E+01  9.595190E+00 -3.318097E+00
  1.269948E+01  9.604325E+00 -3.313388E+00
  1.268373E+01  9.612470E+00 -3.298962E+00
  1.266285E+01  9.615414E+00 -3.279827E+00
  1.264197E+01  9.618290E+00 -3.260692E+00
  1.262109E+01  9.620537E+00 -3.241557E+00
  1.260020E+01  9.624936E+00 -3.222422E+00
  1.257932E+01  9.630289E+00 -3.203288E+00
  1.257399E+01  9.632648E+00 -3.198401E+00
  1.255844E+01  9.640983E+00 -3.184153E+00
  1.253756E+01  9.653749E+00 -3.165018E+00
  1.252600E+01  9.660971E+00 -3.154429E+00
  1.251668E+01  9.666635E+00 -3.145883E+00
  1.249579E+01  9.683735E+00 -3.126748E+00
  1.248455E+01  9.689294E+00 -3.116449E+00
  1.247491E+01  9.712088E+00 -3.107613E+00
  1.247352E+01  9.717617E+00 -3.106340E+00
  1.245403E+01  9.727749E+00 -3.088479E+00
  1.243315E+01  9.731503E+00 -3.069344E+00
  1.241227E+01  9.740320E+00 -3.050209E+00
  1.239138E+01  9.743126E+00 -3.031074E+00
  1.238321E+01  9.745940E+00 -3.023586E+00
  1.239138E+01  9.762175E+00 -3.031074E+00
  1.239731E+01  9.774263E+00 -3.036506E+00
  1.239138E+01  9.775798E+00 -3.031074E+00
  1.237050E+01  9.781567E+00 -3.011939E+00
  1.234962E+01  9.781644E+00 -2.992804E+00
  1.232874E+01  9.781255E+00 -2.973670E+00
  1.230786E+01  9.776904E+00 -2.954535E+00
  1.230391E+01  9.774263E+00 -2.950920E+00
  1.230786E+01  9.758255E+00 -2.954535E+00
  1.231760E+01  9.745940E+00 -2.963460E+00
  1.230786E+01  9.741044E+00 -2.954535E+00
  1.229562E+01  9.717617E+00 -2.943322E+00
  1.229230E+01  9.689294E+00 -2.940283E+00
  1.229004E+01  9.660971E+00 -2.938208E+00
  1.228697E+01  9.638905E+00 -2.935400E+00
  1.228601E+01  9.632648E+00 -2.934518E+00
  1.228233E+01  9.604325E+00 -2.931142E+00
  1.227935E+01  9.576002E+00 -2.928416E+00
  1.226889E+01  9.547678E+00 -2.918828E+00
  1.228682E+01  9.519355E+00 -2.935257E+00
  1.228697E+01  9.519291E+00 -2.935400E+00
  1.230786E+01  9.512039E+00 -2.954535E+00
  1.232874E+01  9.508638E+00 -2.973670E+00
  1.234962E+01  9.505677E+00 -2.992804E+00
  1.237050E+01  9.503293E+00 -3.011939E+00
  1.239138E+01  9.498043E+00 -3.031074E+00
  1.241227E+01  9.494212E+00 -3.050209E+00
  1.241718E+01  9.491032E+00 -3.054710E+00
  1.243315E+01  9.479190E+00 -3.069344E+00
  1.245403E+01  9.471514E+00 -3.088479E+00
  1.246589E+01  9.462709E+00 -3.099350E+00
  1.247491E+01  9.456449E+00 -3.107613E+00
  1.249579E+01  9.446878E+00 -3.126748E+00
  1.251538E+01  9.434386E+00 -3.144698E+00
  1.251668E+01  9.428944E+00 -3.145883E+00
  1.252375E+01  9.406063E+00 -3.152368E+00
  1.253756E+01  9.401752E+00 -3.165018E+00
  1.255844E+01  9.396274E+00 -3.184153E+00
  1.257932E+01  9.391099E+00 -3.203288E+00
  1.260020E+01  9.387640E+00 -3.222422E+00
  1.262109E+01  9.383602E+00 -3.241557E+00
  1.264197E+01  9.381536E+00 -3.260692E+00
  1.266285E+01  9.385675E+00 -3.279827E+00
  1.268373E+01  9.385448E+00 -3.298962E+00
  1.269780E+01  9.406063E+00 -3.311851E+00
  1.269766E+01  9.434386E+00 -3.311722E+00
  1.270202E+01  9.462709E+00 -3.315716E+00
  1.270426E+01  9.491032E+00 -3.317767E+00
  1.270461E+01  9.495218E+00 -3.318097E+00
  1.271247E+01  9.519355E+00 -3.325294E+00
  1.272392E+01  9.547678E+00 -3.335790E+00
  1.272550E+01  9.558162E+00 -3.337231E+00
  1.272654E+01  9.576002E+00 -3.338184E+00
  1.272550E+01  9.580004E+00 -3.337231E+00
Theta(deg) =   0.000000 , Phi(deg) =  45.000000 , Number of orbits =     9 , (Angstrom^-1) units
Slice   =    196 , Freq(kT, average of all copies)              =   0.2387
Orbit # =      0 , Freq(kT, this largest copy used for outline) =   0.2442
Points  =     33
  kx            ky            kz
  1.223432E+01  8.840235E+00 -2.190959E+00
  1.221429E+01  8.850339E+00 -2.170932E+00
  1.219427E+01  8.865699E+00 -2.150904E+00
  1.217424E+01  8.859581E+00 -2.130877E+00
  1.215421E+01  8.854342E+00 -2.110849E+00
  1.213418E+01  8.844810E+00 -2.090822E+00
  1.212993E+01  8.839600E+00 -2.086568E+00
  1.211704E+01  8.811277E+00 -2.073678E+00
  1.211416E+01  8.808218E+00 -2.070794E+00
  1.209413E+01  8.797346E+00 -2.050767E+00
  1.208262E+01  8.782954E+00 -2.039263E+00
  1.207410E+01  8.760389E+00 -2.030739E+00
  1.206940E+01  8.754631E+00 -2.026037E+00
  1.205407E+01  8.733241E+00 -2.010712E+00
  1.204996E+01  8.726308E+00 -2.006595E+00
  1.205407E+01  8.715982E+00 -2.010712E+00
  1.207410E+01  8.702737E+00 -2.030739E+00
  1.208195E+01  8.697984E+00 -2.038591E+00
  1.209413E+01  8.689913E+00 -2.050767E+00
  1.211416E+01  8.690386E+00 -2.070794E+00
  1.211816E+01  8.697984E+00 -2.074799E+00
  1.213418E+01  8.711899E+00 -2.090822E+00
  1.215421E+01  8.714471E+00 -2.110849E+00
  1.216282E+01  8.726308E+00 -2.119459E+00
  1.217424E+01  8.752212E+00 -2.130877E+00
  1.217725E+01  8.754631E+00 -2.133889E+00
  1.219427E+01  8.765176E+00 -2.150904E+00
  1.220580E+01  8.782954E+00 -2.162442E+00
  1.221429E+01  8.810775E+00 -2.170932E+00
  1.221475E+01  8.811277E+00 -2.171384E+00
  1.223432E+01  8.838525E+00 -2.190959E+00
  1.223483E+01  8.839600E+00 -2.191473E+00
  1.223432E+01  8.840235E+00 -2.190959E+00
Slice   =     33 , Freq(kT, average of all copies)              =   0.3086
Orbit # =      0 , Freq(kT, this largest copy used for outline) =   0.3153
Points  =     31
  kx            ky            kz
  7.009617E-01  2.007936E+00 -2.304298E+00
  7.002614E-01  2.009551E+00 -2.303597E+00
  6.809343E-01  2.030874E+00 -2.284270E+00
  6.609068E-01  2.023426E+00 -2.264243E+00
  6.408793E-01  2.016914E+00 -2.244215E+00
  6.304814E-01  2.009551E+00 -2.233817E+00
  6.208518E-01  1.998630E+00 -2.224188E+00
  6.146235E-01  1.981228E+00 -2.217960E+00
  6.049067E-01  1.952905E+00 -2.208243E+00
  6.008244E-01  1.947926E+00 -2.204160E+00
  5.807969E-01  1.936551E+00 -2.184133E+00
  5.720233E-01  1.924581E+00 -2.175359E+00
  5.725807E-01  1.896258E+00 -2.175917E+00
  5.686491E-01  1.867935E+00 -2.171985E+00
  5.689713E-01  1.839612E+00 -2.172307E+00
  5.807969E-01  1.815475E+00 -2.184133E+00
  5.862089E-01  1.811289E+00 -2.189545E+00
  6.008244E-01  1.804855E+00 -2.204160E+00
  6.208518E-01  1.805575E+00 -2.224188E+00
  6.408793E-01  1.801818E+00 -2.244215E+00
  6.460860E-01  1.811289E+00 -2.249422E+00
  6.526950E-01  1.839612E+00 -2.256031E+00
  6.609068E-01  1.858477E+00 -2.264243E+00
  6.750279E-01  1.867935E+00 -2.278364E+00
  6.809343E-01  1.871500E+00 -2.284270E+00
  6.920240E-01  1.896258E+00 -2.295360E+00
  6.958194E-01  1.924581E+00 -2.299155E+00
  7.009617E-01  1.942332E+00 -2.304298E+00
  7.107550E-01  1.952905E+00 -2.314091E+00
  7.201181E-01  1.981228E+00 -2.323454E+00
  7.009617E-01  2.007936E+00 -2.304298E+00
Slice   =     33 , Freq(kT, average of all copies)              =   0.3135
Orbit # =      0 , Freq(kT, this largest copy used for outline) =   0.3135
Points  =     33
  kx            ky            kz
  7.080490E-01  2.788849E+00 -4.208046E+00
  7.021141E-01  2.803294E+00 -4.202111E+00
  6.880215E-01  2.818969E+00 -4.188018E+00
  6.679940E-01  2.819907E+00 -4.167991E+00
  6.479666E-01  2.812640E+00 -4.147964E+00
  6.282213E-01  2.803294E+00 -4.128218E+00
  6.279391E-01  2.803109E+00 -4.127936E+00
  6.145749E-01  2.774971E+00 -4.114572E+00
  6.079116E-01  2.758822E+00 -4.107909E+00
  6.018399E-01  2.746648E+00 -4.101837E+00
  5.878841E-01  2.734509E+00 -4.087881E+00
  5.709845E-01  2.718325E+00 -4.070981E+00
  5.717328E-01  2.690002E+00 -4.071730E+00
  5.678567E-01  2.667458E+00 -4.067854E+00
  5.668361E-01  2.661679E+00 -4.066833E+00
  5.673128E-01  2.633355E+00 -4.067310E+00
  5.678567E-01  2.632374E+00 -4.067854E+00
  5.850962E-01  2.605032E+00 -4.085093E+00
  5.878841E-01  2.602336E+00 -4.087881E+00
  6.079116E-01  2.599844E+00 -4.107909E+00
  6.279391E-01  2.598189E+00 -4.127936E+00
  6.378050E-01  2.605032E+00 -4.137802E+00
  6.479666E-01  2.620315E+00 -4.147964E+00
  6.518533E-01  2.633355E+00 -4.151850E+00
  6.679940E-01  2.659428E+00 -4.167991E+00
  6.702239E-01  2.661679E+00 -4.170221E+00
  6.880215E-01  2.678873E+00 -4.188018E+00
  6.932809E-01  2.690002E+00 -4.193278E+00
  6.973349E-01  2.718325E+00 -4.197332E+00
  7.079338E-01  2.746648E+00 -4.207931E+00
  7.080490E-01  2.747572E+00 -4.208046E+00
  7.189215E-01  2.774971E+00 -4.218918E+00
  7.080490E-01  2.788849E+00 -4.208046E+00
Slice   =      5 , Freq(kT, average of all copies)              =   0.3492
Orbit # =      0 , Freq(kT, this largest copy used for outline) =   0.3546
Points  =     37
  kx            ky            kz
  2.073620E-01  3.236713E+00 -4.828898E+00
  1.873346E-01  3.235871E+00 -4.808870E+00
  1.673071E-01  3.236733E+00 -4.788843E+00
  1.476233E-01  3.228141E+00 -4.769159E+00
  1.472796E-01  3.227772E+00 -4.768815E+00
  1.331091E-01  3.199818E+00 -4.754645E+00
  1.272521E-01  3.195631E+00 -4.748788E+00
  1.072246E-01  3.185909E+00 -4.728760E+00
  9.195308E-02  3.171495E+00 -4.713489E+00
  8.719717E-02  3.162737E+00 -4.708733E+00
  6.853813E-02  3.143172E+00 -4.690074E+00
  6.716969E-02  3.142050E+00 -4.688705E+00
  4.714221E-02  3.119372E+00 -4.668678E+00
  4.256357E-02  3.114849E+00 -4.664099E+00
  2.711474E-02  3.094468E+00 -4.648650E+00
  1.959280E-02  3.086526E+00 -4.641129E+00
  1.298234E-02  3.058202E+00 -4.634518E+00
  2.086150E-02  3.029879E+00 -4.642397E+00
  2.711474E-02  3.021900E+00 -4.648650E+00
  4.714221E-02  3.012909E+00 -4.668678E+00
  6.716969E-02  3.005860E+00 -4.688705E+00
  8.719717E-02  3.020337E+00 -4.708733E+00
  9.409896E-02  3.029879E+00 -4.715635E+00
  1.072246E-01  3.041035E+00 -4.728760E+00
  1.272521E-01  3.053073E+00 -4.748788E+00
  1.308070E-01  3.058202E+00 -4.752343E+00
  1.448261E-01  3.086526E+00 -4.766362E+00
  1.472796E-01  3.089627E+00 -4.768815E+00
  1.673071E-01  3.098299E+00 -4.788843E+00
  1.768787E-01  3.114849E+00 -4.798414E+00
  1.873346E-01  3.141069E+00 -4.808870E+00
  1.911763E-01  3.143172E+00 -4.812712E+00
  2.073620E-01  3.152077E+00 -4.828898E+00
  2.159728E-01  3.171495E+00 -4.837509E+00
  2.220979E-01  3.199818E+00 -4.843634E+00
  2.167390E-01  3.228141E+00 -4.838275E+00
  2.073620E-01  3.236713E+00 -4.828898E+00
Slice   =    167 , Freq(kT, average of all copies)              =   0.3549
Orbit # =      0 , Freq(kT, this largest copy used for outline) =   0.3635
Points  =     41
  kx            ky            kz
  6.114234E+00  3.741533E+00  3.994118E-01
  6.094206E+00  3.743289E+00  4.194393E-01
  6.074179E+00  3.751972E+00  4.394668E-01
  6.054151E+00  3.741909E+00  4.594943E-01
  6.053600E+00  3.741436E+00  4.600461E-01
  6.034124E+00  3.713698E+00  4.795217E-01
  6.033723E+00  3.713113E+00  4.799228E-01
  6.014096E+00  3.699650E+00  4.995492E-01
  6.002571E+00  3.684790E+00  5.110743E-01
  5.994069E+00  3.669880E+00  5.195767E-01
  5.982954E+00  3.656467E+00  5.306922E-01
  5.974042E+00  3.649555E+00  5.396042E-01
  5.958530E+00  3.628144E+00  5.551153E-01
  5.954014E+00  3.620404E+00  5.596317E-01
  5.933987E+00  3.600621E+00  5.796591E-01
  5.933300E+00  3.599821E+00  5.803457E-01
  5.923488E+00  3.571498E+00  5.901575E-01
  5.913959E+00  3.554117E+00  5.996866E-01
  5.899501E+00  3.543174E+00  6.141443E-01
  5.913959E+00  3.528187E+00  5.996866E-01
  5.930538E+00  3.514851E+00  5.831076E-01
  5.933987E+00  3.512717E+00  5.796591E-01
  5.942038E+00  3.514851E+00  5.716080E-01
  5.954014E+00  3.518382E+00  5.596317E-01
  5.974042E+00  3.522748E+00  5.396042E-01
  5.994069E+00  3.537355E+00  5.195767E-01
  5.997433E+00  3.543174E+00  5.162124E-01
  6.014096E+00  3.558934E+00  4.995492E-01
  6.034124E+00  3.565630E+00  4.795217E-01
  6.039745E+00  3.571498E+00  4.739004E-01
  6.054151E+00  3.599603E+00  4.594943E-01
  6.054551E+00  3.599821E+00  4.590951E-01
  6.074179E+00  3.607271E+00  4.394668E-01
  6.089317E+00  3.628144E+00  4.243283E-01
  6.094206E+00  3.642739E+00  4.194393E-01
  6.114234E+00  3.656252E+00  3.994118E-01
  6.114362E+00  3.656467E+00  3.992834E-01
  6.127284E+00  3.684790E+00  3.863618E-01
  6.123569E+00  3.713113E+00  3.900770E-01
  6.114318E+00  3.741436E+00  3.993280E-01
  6.114234E+00  3.741533E+00  3.994118E-01
Slice   =     44 , Freq(kT, average of all copies)              =   0.3905
Orbit # =      0 , Freq(kT, this largest copy used for outline) =   0.4021
Points  =     39
  kx            ky            kz
 -3.863751E-01  1.501992E+00 -3.004122E+00
 -4.064025E-01  1.506962E+00 -2.984094E+00
 -4.264300E-01  1.527304E+00 -2.964067E+00
 -4.464575E-01  1.522559E+00 -2.944039E+00
 -4.664850E-01  1.517309E+00 -2.924012E+00
 -4.865124E-01  1.507181E+00 -2.903984E+00
 -4.914326E-01  1.501126E+00 -2.899064E+00
 -5.014595E-01  1.472803E+00 -2.889037E+00
 -5.065399E-01  1.464619E+00 -2.883957E+00
 -5.249257E-01  1.444480E+00 -2.865571E+00
 -5.265674E-01  1.443163E+00 -2.863929E+00
 -5.465949E-01  1.416967E+00 -2.843902E+00
 -5.472238E-01  1.416157E+00 -2.843273E+00
 -5.543720E-01  1.387833E+00 -2.836125E+00
 -5.666224E-01  1.369669E+00 -2.823874E+00
 -5.747019E-01  1.359510E+00 -2.815795E+00
 -5.828187E-01  1.331187E+00 -2.807678E+00
 -5.734312E-01  1.302864E+00 -2.817066E+00
 -5.666224E-01  1.290001E+00 -2.823874E+00
 -5.465949E-01  1.280028E+00 -2.843902E+00
 -5.280850E-01  1.274541E+00 -2.862412E+00
 -5.265674E-01  1.274206E+00 -2.863929E+00
 -5.259201E-01  1.274541E+00 -2.864577E+00
 -5.065399E-01  1.285030E+00 -2.883957E+00
 -4.865124E-01  1.300685E+00 -2.903984E+00
 -4.841059E-01  1.302864E+00 -2.906391E+00
 -4.664850E-01  1.316504E+00 -2.924012E+00
 -4.601087E-01  1.331187E+00 -2.930388E+00
 -4.490481E-01  1.359510E+00 -2.941449E+00
 -4.464575E-01  1.363777E+00 -2.944039E+00
 -4.264300E-01  1.375384E+00 -2.964067E+00
 -4.208537E-01  1.387833E+00 -2.969643E+00
 -4.143905E-01  1.416157E+00 -2.976106E+00
 -4.077847E-01  1.444480E+00 -2.982712E+00
 -4.064025E-01  1.450838E+00 -2.984094E+00
 -3.863751E-01  1.467598E+00 -3.004122E+00
 -3.847322E-01  1.472803E+00 -3.005765E+00
 -3.859750E-01  1.501126E+00 -3.004522E+00
 -3.863751E-01  1.501992E+00 -3.004122E+00
Slice   =    154 , Freq(kT, average of all copies)              =   0.3928
Orbit # =      0 , Freq(kT, this largest copy used for outline) =   0.4076
Points  =     39
  kx            ky            kz
  8.603494E+00  6.788265E+00 -1.426502E+00
  8.583467E+00  6.793363E+00 -1.406474E+00
  8.579123E+00  6.800335E+00 -1.402131E+00
  8.563439E+00  6.804905E+00 -1.386447E+00
  8.549631E+00  6.800335E+00 -1.372638E+00
  8.543412E+00  6.789950E+00 -1.366419E+00
  8.538538E+00  6.772011E+00 -1.361546E+00
  8.523384E+00  6.759859E+00 -1.346392E+00
  8.505070E+00  6.743688E+00 -1.328078E+00
  8.503357E+00  6.742333E+00 -1.326365E+00
  8.489162E+00  6.715365E+00 -1.312170E+00
  8.483329E+00  6.697405E+00 -1.306337E+00
  8.478569E+00  6.687042E+00 -1.301576E+00
  8.463302E+00  6.673553E+00 -1.286310E+00
  8.452819E+00  6.658719E+00 -1.275826E+00
  8.447899E+00  6.630396E+00 -1.270907E+00
  8.443274E+00  6.603970E+00 -1.266282E+00
  8.442744E+00  6.602073E+00 -1.265751E+00
  8.425714E+00  6.573750E+00 -1.248722E+00
  8.443274E+00  6.558504E+00 -1.266282E+00
  8.460585E+00  6.545426E+00 -1.283593E+00
  8.463302E+00  6.543811E+00 -1.286310E+00
  8.483329E+00  6.542396E+00 -1.306337E+00
  8.503357E+00  6.543968E+00 -1.326365E+00
  8.509168E+00  6.545426E+00 -1.332175E+00
  8.523384E+00  6.550301E+00 -1.346392E+00
  8.531167E+00  6.573750E+00 -1.354174E+00
  8.543412E+00  6.593700E+00 -1.366419E+00
  8.563439E+00  6.600997E+00 -1.386447E+00
  8.564085E+00  6.602073E+00 -1.387092E+00
  8.576079E+00  6.630396E+00 -1.399087E+00
  8.582246E+00  6.658719E+00 -1.405253E+00
  8.583467E+00  6.662599E+00 -1.406474E+00
  8.603494E+00  6.679812E+00 -1.426502E+00
  8.607823E+00  6.687042E+00 -1.430830E+00
  8.615879E+00  6.715365E+00 -1.438886E+00
  8.615388E+00  6.743688E+00 -1.438395E+00
  8.606384E+00  6.772011E+00 -1.429392E+00
  8.603494E+00  6.788265E+00 -1.426502E+00
Slice   =      7 , Freq(kT, average of all copies)              =   1.1418
Orbit # =      0 , Freq(kT, this largest copy used for outline) =   1.1495
Points  =     63
  kx            ky            kz
 -1.748244E+00 -9.041624E-01 -2.080582E+00
 -1.768271E+00 -8.928331E-01 -2.060555E+00
 -1.788299E+00 -8.909241E-01 -2.040527E+00
 -1.808326E+00 -8.877132E-01 -2.020500E+00
 -1.828354E+00 -8.853282E-01 -2.000472E+00
 -1.848381E+00 -8.808898E-01 -1.980445E+00
 -1.854271E+00 -8.794086E-01 -1.974555E+00
 -1.868408E+00 -8.767034E-01 -1.960417E+00
 -1.888436E+00 -8.698991E-01 -1.940390E+00
 -1.908463E+00 -8.598620E-01 -1.920362E+00
 -1.924858E+00 -8.510855E-01 -1.903968E+00
 -1.928491E+00 -8.465408E-01 -1.900335E+00
 -1.940157E+00 -8.227623E-01 -1.888668E+00
 -1.948518E+00 -8.153690E-01 -1.880308E+00
 -1.968546E+00 -8.062957E-01 -1.860280E+00
 -1.982078E+00 -7.944392E-01 -1.846748E+00
 -1.988573E+00 -7.845321E-01 -1.840253E+00
 -2.008601E+00 -7.740898E-01 -1.820225E+00
 -2.014336E+00 -7.661161E-01 -1.814490E+00
 -2.028628E+00 -7.451177E-01 -1.800198E+00
 -2.048656E+00 -7.384026E-01 -1.780170E+00
 -2.049200E+00 -7.377929E-01 -1.779626E+00
 -2.068683E+00 -7.272082E-01 -1.760143E+00
 -2.088711E+00 -7.263152E-01 -1.740115E+00
 -2.108738E+00 -7.258776E-01 -1.720088E+00
 -2.128766E+00 -7.334074E-01 -1.700060E+00
 -2.132308E+00 -7.377929E-01 -1.696518E+00
 -2.134601E+00 -7.661161E-01 -1.694225E+00
 -2.141369E+00 -7.944392E-01 -1.687457E+00
 -2.144387E+00 -8.227623E-01 -1.684439E+00
 -2.147427E+00 -8.510855E-01 -1.681399E+00
 -2.147908E+00 -8.794086E-01 -1.680918E+00
 -2.148793E+00 -8.833241E-01 -1.680033E+00
 -2.154831E+00 -9.077317E-01 -1.673995E+00
 -2.155022E+00 -9.360549E-01 -1.673804E+00
 -2.152790E+00 -9.643780E-01 -1.676036E+00
 -2.155619E+00 -9.927011E-01 -1.673206E+00
 -2.148793E+00 -9.954211E-01 -1.680033E+00
 -2.128766E+00 -1.000464E+00 -1.700060E+00
 -2.108738E+00 -1.001776E+00 -1.720088E+00
 -2.088711E+00 -1.002003E+00 -1.740115E+00
 -2.068683E+00 -1.002095E+00 -1.760143E+00
 -2.048656E+00 -1.001842E+00 -1.780170E+00
 -2.028628E+00 -1.001604E+00 -1.800198E+00
 -2.008601E+00 -1.002828E+00 -1.820225E+00
 -1.988573E+00 -1.003199E+00 -1.840253E+00
 -1.968546E+00 -1.006060E+00 -1.860280E+00
 -1.948518E+00 -1.007623E+00 -1.880308E+00
 -1.928491E+00 -1.010901E+00 -1.900335E+00
 -1.908463E+00 -1.013155E+00 -1.920362E+00
 -1.888436E+00 -1.015463E+00 -1.940390E+00
 -1.868408E+00 -1.017573E+00 -1.960417E+00
 -1.848381E+00 -1.018196E+00 -1.980445E+00
 -1.828354E+00 -1.018752E+00 -2.000472E+00
 -1.808326E+00 -1.017531E+00 -2.020500E+00
 -1.788299E+00 -1.012314E+00 -2.040527E+00
 -1.768271E+00 -1.008775E+00 -2.060555E+00
 -1.752734E+00 -9.927011E-01 -2.076092E+00
 -1.749623E+00 -9.643780E-01 -2.079203E+00
 -1.748244E+00 -9.578376E-01 -2.080582E+00
 -1.728951E+00 -9.360549E-01 -2.099875E+00
 -1.732018E+00 -9.077317E-01 -2.096808E+00
 -1.748244E+00 -9.041624E-01 -2.080582E+00
Slice   =     33 , Freq(kT, average of all copies)              =   1.3742
Orbit # =      0 , Freq(kT, this largest copy used for outline) =   1.4059
Points  =     71
  kx            ky            kz
  4.271706E+00  4.334760E+00 -4.690981E+00
  4.251678E+00  4.347010E+00 -4.670953E+00
  4.231651E+00  4.348968E+00 -4.650926E+00
  4.211623E+00  4.352094E+00 -4.630898E+00
  4.191596E+00  4.354227E+00 -4.610871E+00
  4.171568E+00  4.357830E+00 -4.590844E+00
  4.159150E+00  4.360371E+00 -4.578425E+00
  4.151541E+00  4.362468E+00 -4.570816E+00
  4.131514E+00  4.372643E+00 -4.550789E+00
  4.111486E+00  4.388442E+00 -4.530761E+00
  4.111171E+00  4.388694E+00 -4.530446E+00
  4.091459E+00  4.396864E+00 -4.510734E+00
  4.071431E+00  4.408264E+00 -4.490706E+00
  4.051404E+00  4.413345E+00 -4.470679E+00
  4.043670E+00  4.417017E+00 -4.462945E+00
  4.041786E+00  4.445340E+00 -4.461061E+00
  4.031376E+00  4.449794E+00 -4.450651E+00
  4.011349E+00  4.451892E+00 -4.430624E+00
  3.991321E+00  4.456786E+00 -4.410596E+00
  3.971294E+00  4.457206E+00 -4.390569E+00
  3.951266E+00  4.458931E+00 -4.370541E+00
  3.931239E+00  4.457609E+00 -4.350514E+00
  3.911211E+00  4.453687E+00 -4.330486E+00
  3.891184E+00  4.448192E+00 -4.310459E+00
  3.886960E+00  4.445340E+00 -4.306235E+00
  3.891184E+00  4.422670E+00 -4.310459E+00
  3.893350E+00  4.417017E+00 -4.312625E+00
  3.891184E+00  4.415866E+00 -4.310459E+00
  3.871156E+00  4.389184E+00 -4.290431E+00
  3.870827E+00  4.388694E+00 -4.290102E+00
  3.871156E+00  4.385561E+00 -4.290431E+00
  3.873607E+00  4.360371E+00 -4.292882E+00
  3.871156E+00  4.351375E+00 -4.290431E+00
  3.865515E+00  4.332048E+00 -4.284790E+00
  3.859659E+00  4.303725E+00 -4.278934E+00
  3.856608E+00  4.275401E+00 -4.275883E+00
  3.861363E+00  4.247078E+00 -4.280638E+00
  3.871156E+00  4.240020E+00 -4.290431E+00
  3.891184E+00  4.230282E+00 -4.310459E+00
  3.911211E+00  4.226315E+00 -4.330486E+00
  3.931239E+00  4.222570E+00 -4.350514E+00
  3.951266E+00  4.220471E+00 -4.370541E+00
  3.955853E+00  4.218755E+00 -4.375128E+00
  3.971294E+00  4.215325E+00 -4.390569E+00
  3.991321E+00  4.213973E+00 -4.410596E+00
  4.011349E+00  4.203963E+00 -4.430624E+00
  4.031376E+00  4.199501E+00 -4.450651E+00
  4.045576E+00  4.190432E+00 -4.464851E+00
  4.051404E+00  4.182302E+00 -4.470679E+00
  4.071431E+00  4.166023E+00 -4.490706E+00
  4.074425E+00  4.162109E+00 -4.493700E+00
  4.091459E+00  4.144239E+00 -4.510734E+00
  4.108697E+00  4.133786E+00 -4.527972E+00
  4.111486E+00  4.132911E+00 -4.530761E+00
  4.131514E+00  4.127426E+00 -4.550789E+00
  4.151541E+00  4.123350E+00 -4.570816E+00
  4.171568E+00  4.121589E+00 -4.590844E+00
  4.191596E+00  4.119715E+00 -4.610871E+00
  4.211623E+00  4.120833E+00 -4.630898E+00
  4.231651E+00  4.126596E+00 -4.650926E+00
  4.251678E+00  4.130522E+00 -4.670953E+00
  4.254534E+00  4.133786E+00 -4.673809E+00
  4.262739E+00  4.162109E+00 -4.682015E+00
  4.265324E+00  4.190432E+00 -4.684599E+00
  4.270135E+00  4.218755E+00 -4.689410E+00
  4.271112E+00  4.247078E+00 -4.690387E+00
  4.271706E+00  4.250757E+00 -4.690981E+00
  4.286133E+00  4.275401E+00 -4.705408E+00
  4.291180E+00  4.303725E+00 -4.710455E+00
  4.282869E+00  4.332048E+00 -4.702144E+00
  4.271706E+00  4.334760E+00 -4.690981E+00
Theta(deg) =   0.000000 , Phi(deg) =  47.500000 , Number of orbits =     8 , (Angstrom^-1) units
Slice   =     82 , Freq(kT, average of all copies)              =   0.2311
Orbit # =      0 , Freq(kT, this largest copy used for outline) =   0.2398
Points  =     33
  kx            ky            kz
  5.715684E+00  7.258658E+00 -4.923837E+00
  5.696550E+00  7.266951E+00 -4.902955E+00
  5.683170E+00  7.280436E+00 -4.888353E+00
  5.677415E+00  7.283854E+00 -4.882073E+00
  5.670529E+00  7.280436E+00 -4.874558E+00
  5.658280E+00  7.274043E+00 -4.861191E+00
  5.639145E+00  7.257734E+00 -4.840309E+00
  5.631368E+00  7.252113E+00 -4.831822E+00
  5.620010E+00  7.243456E+00 -4.819427E+00
  5.607832E+00  7.223790E+00 -4.806137E+00
  5.600875E+00  7.215072E+00 -4.798545E+00
  5.581741E+00  7.198371E+00 -4.777663E+00
  5.578938E+00  7.195467E+00 -4.774605E+00
  5.566000E+00  7.167144E+00 -4.760485E+00
  5.562606E+00  7.159141E+00 -4.756781E+00
  5.549521E+00  7.138821E+00 -4.742501E+00
  5.560927E+00  7.110498E+00 -4.754949E+00
  5.562606E+00  7.109228E+00 -4.756781E+00
  5.581741E+00  7.095922E+00 -4.777663E+00
  5.600875E+00  7.102130E+00 -4.798545E+00
  5.616041E+00  7.110498E+00 -4.815095E+00
  5.620010E+00  7.113035E+00 -4.819427E+00
  5.639145E+00  7.128740E+00 -4.840309E+00
  5.643896E+00  7.138821E+00 -4.845494E+00
  5.658280E+00  7.158220E+00 -4.861191E+00
  5.673065E+00  7.167144E+00 -4.877327E+00
  5.677415E+00  7.171183E+00 -4.882073E+00
  5.687418E+00  7.195467E+00 -4.892990E+00
  5.696550E+00  7.218496E+00 -4.902955E+00
  5.705402E+00  7.223790E+00 -4.912616E+00
  5.715684E+00  7.241798E+00 -4.923837E+00
  5.718110E+00  7.252113E+00 -4.926484E+00
  5.715684E+00  7.258658E+00 -4.923837E+00
Slice   =     85 , Freq(kT, average of all copies)              =   0.3176
Orbit # =      0 , Freq(kT, this largest copy used for outline) =   0.3272
Points  =     33
  kx            ky            kz
  4.458027E+00  4.624564E+00 -2.381870E+00
  4.438892E+00  4.638255E+00 -2.360988E+00
  4.434628E+00  4.644994E+00 -2.356334E+00
  4.419757E+00  4.662979E+00 -2.340106E+00
  4.400623E+00  4.653838E+00 -2.319224E+00
  4.381488E+00  4.645161E+00 -2.298342E+00
  4.381243E+00  4.644994E+00 -2.298075E+00
  4.362353E+00  4.631300E+00 -2.277460E+00
  4.355626E+00  4.616670E+00 -2.270119E+00
  4.347130E+00  4.588347E+00 -2.260847E+00
  4.343218E+00  4.582951E+00 -2.256578E+00
  4.324083E+00  4.569833E+00 -2.235696E+00
  4.316595E+00  4.560024E+00 -2.227524E+00
  4.314068E+00  4.531701E+00 -2.224766E+00
  4.310423E+00  4.503378E+00 -2.220788E+00
  4.309846E+00  4.475055E+00 -2.220159E+00
  4.321825E+00  4.446732E+00 -2.233232E+00
  4.324083E+00  4.444005E+00 -2.235696E+00
  4.343218E+00  4.436822E+00 -2.256578E+00
  4.362353E+00  4.436074E+00 -2.277460E+00
  4.381488E+00  4.436248E+00 -2.298342E+00
  4.386791E+00  4.446732E+00 -2.304130E+00
  4.391778E+00  4.475055E+00 -2.309572E+00
  4.400623E+00  4.490321E+00 -2.319224E+00
  4.419757E+00  4.497614E+00 -2.340106E+00
  4.422983E+00  4.503378E+00 -2.343626E+00
  4.431728E+00  4.531701E+00 -2.353170E+00
  4.436369E+00  4.560024E+00 -2.358234E+00
  4.438892E+00  4.568999E+00 -2.360988E+00
  4.458027E+00  4.586203E+00 -2.381870E+00
  4.459043E+00  4.588347E+00 -2.382979E+00
  4.460879E+00  4.616670E+00 -2.384982E+00
  4.458027E+00  4.624564E+00 -2.381870E+00
Slice   =    227 , Freq(kT, average of all copies)              =   0.3432
Orbit # =      0 , Freq(kT, this largest copy used for outline) =   0.3505
Points  =     39
  kx            ky            kz
  1.422078E+01  1.165355E+01 -1.668605E+00
  1.420164E+01  1.165392E+01 -1.647723E+00
  1.418251E+01  1.165441E+01 -1.626841E+00
  1.416915E+01  1.164568E+01 -1.612268E+00
  1.416337E+01  1.163735E+01 -1.605959E+00
  1.415368E+01  1.161735E+01 -1.595379E+00
  1.414424E+01  1.161017E+01 -1.585077E+00
  1.412510E+01  1.160085E+01 -1.564195E+00
  1.411268E+01  1.158903E+01 -1.550642E+00
  1.410597E+01  1.156976E+01 -1.543313E+00
  1.410077E+01  1.156071E+01 -1.537644E+00
  1.408683E+01  1.155096E+01 -1.522431E+00
  1.406770E+01  1.153347E+01 -1.501549E+00
  1.406622E+01  1.153238E+01 -1.499939E+00
  1.405670E+01  1.150406E+01 -1.489550E+00
  1.404856E+01  1.149320E+01 -1.480667E+00
  1.403360E+01  1.147574E+01 -1.464333E+00
  1.404138E+01  1.144742E+01 -1.472830E+00
  1.404856E+01  1.143190E+01 -1.480667E+00
  1.406770E+01  1.142099E+01 -1.501549E+00
  1.407286E+01  1.141909E+01 -1.507180E+00
  1.408683E+01  1.141603E+01 -1.522431E+00
  1.409253E+01  1.141909E+01 -1.528651E+00
  1.410597E+01  1.142803E+01 -1.543313E+00
  1.411817E+01  1.144742E+01 -1.556627E+00
  1.412510E+01  1.145400E+01 -1.564195E+00
  1.414424E+01  1.146517E+01 -1.585077E+00
  1.415047E+01  1.147574E+01 -1.591875E+00
  1.416331E+01  1.150406E+01 -1.605894E+00
  1.416337E+01  1.150415E+01 -1.605959E+00
  1.418251E+01  1.151273E+01 -1.626841E+00
  1.419264E+01  1.153238E+01 -1.637903E+00
  1.420164E+01  1.155952E+01 -1.647723E+00
  1.420298E+01  1.156071E+01 -1.649183E+00
  1.422078E+01  1.157399E+01 -1.668605E+00
  1.422817E+01  1.158903E+01 -1.676676E+00
  1.423276E+01  1.161735E+01 -1.681679E+00
  1.422844E+01  1.164568E+01 -1.676968E+00
  1.422078E+01  1.165355E+01 -1.668605E+00
Slice   =    170 , Freq(kT, average of all copies)              =   0.3460
Orbit # =      0 , Freq(kT, this largest copy used for outline) =   0.3527
Points  =     39
  kx            ky            kz
  6.063683E+00  4.533772E+00 -1.549123E+00
  6.044548E+00  4.532024E+00 -1.528241E+00
  6.037844E+00  4.535180E+00 -1.520925E+00
  6.025413E+00  4.539275E+00 -1.507359E+00
  6.019520E+00  4.535180E+00 -1.500928E+00
  6.006278E+00  4.526540E+00 -1.486477E+00
  5.990398E+00  4.506857E+00 -1.469147E+00
  5.987144E+00  4.504323E+00 -1.465595E+00
  5.968009E+00  4.489980E+00 -1.444713E+00
  5.960166E+00  4.478534E+00 -1.436154E+00
  5.948874E+00  4.454299E+00 -1.423831E+00
  5.946485E+00  4.450210E+00 -1.421225E+00
  5.929739E+00  4.437814E+00 -1.402949E+00
  5.914665E+00  4.421887E+00 -1.386499E+00
  5.910604E+00  4.404805E+00 -1.382067E+00
  5.907442E+00  4.393564E+00 -1.378617E+00
  5.891469E+00  4.376091E+00 -1.361185E+00
  5.879691E+00  4.365241E+00 -1.348331E+00
  5.879180E+00  4.336918E+00 -1.347774E+00
  5.880448E+00  4.308595E+00 -1.349157E+00
  5.891469E+00  4.302441E+00 -1.361185E+00
  5.910604E+00  4.304531E+00 -1.382067E+00
  5.929739E+00  4.304676E+00 -1.402949E+00
  5.934908E+00  4.308595E+00 -1.408591E+00
  5.948874E+00  4.322046E+00 -1.423831E+00
  5.960208E+00  4.336918E+00 -1.436201E+00
  5.968009E+00  4.343747E+00 -1.444713E+00
  5.987144E+00  4.356331E+00 -1.465595E+00
  5.994148E+00  4.365241E+00 -1.473240E+00
  6.006278E+00  4.386317E+00 -1.486477E+00
  6.016562E+00  4.393564E+00 -1.497700E+00
  6.025413E+00  4.399282E+00 -1.507359E+00
  6.039453E+00  4.421887E+00 -1.522681E+00
  6.044548E+00  4.436485E+00 -1.528241E+00
  6.063683E+00  4.449571E+00 -1.549123E+00
  6.064013E+00  4.450210E+00 -1.549484E+00
  6.075261E+00  4.478534E+00 -1.561758E+00
  6.072013E+00  4.506857E+00 -1.558214E+00
  6.063683E+00  4.533772E+00 -1.549123E+00
Slice   =    136 , Freq(kT, average of all copies)              =   0.4032
Orbit # =      0 , Freq(kT, this largest copy used for outline) =   0.4125
Points  =     39
  kx            ky            kz
  4.148200E+00  3.331579E+00  1.595629E-01
  4.129066E+00  3.341326E+00  1.804449E-01
  4.127350E+00  3.344217E+00  1.823170E-01
  4.109931E+00  3.358835E+00  2.013269E-01
  4.090796E+00  3.356415E+00  2.222089E-01
  4.071661E+00  3.356055E+00  2.430909E-01
  4.052526E+00  3.347083E+00  2.639729E-01
  4.050162E+00  3.344217E+00  2.665536E-01
  4.040990E+00  3.315894E+00  2.765626E-01
  4.033391E+00  3.304021E+00  2.848549E-01
  4.016717E+00  3.287571E+00  3.030519E-01
  4.014257E+00  3.285696E+00  3.057369E-01
  3.996598E+00  3.259247E+00  3.250082E-01
  3.995122E+00  3.252408E+00  3.266189E-01
  3.988772E+00  3.230924E+00  3.335481E-01
  3.975987E+00  3.214890E+00  3.475009E-01
  3.965043E+00  3.202601E+00  3.594447E-01
  3.961803E+00  3.174278E+00  3.629800E-01
  3.966298E+00  3.145955E+00  3.580751E-01
  3.975987E+00  3.118940E+00  3.475009E-01
  3.977869E+00  3.117632E+00  3.454466E-01
  3.995122E+00  3.109599E+00  3.266189E-01
  4.014257E+00  3.103414E+00  3.057369E-01
  4.033391E+00  3.117539E+00  2.848549E-01
  4.033451E+00  3.117632E+00  2.847901E-01
  4.052526E+00  3.136547E+00  2.639729E-01
  4.065492E+00  3.145955E+00  2.498233E-01
  4.071661E+00  3.150332E+00  2.430909E-01
  4.080684E+00  3.174278E+00  2.332440E-01
  4.090796E+00  3.202507E+00  2.222089E-01
  4.090911E+00  3.202601E+00  2.220836E-01
  4.109931E+00  3.212876E+00  2.013269E-01
  4.116956E+00  3.230924E+00  1.936603E-01
  4.122624E+00  3.259247E+00  1.874751E-01
  4.128743E+00  3.287571E+00  1.807967E-01
  4.129066E+00  3.289256E+00  1.804449E-01
  4.148200E+00  3.306826E+00  1.595629E-01
  4.150833E+00  3.315894E+00  1.566897E-01
  4.148200E+00  3.331579E+00  1.595629E-01
Slice   =    154 , Freq(kT, average of all copies)              =   0.4057
Orbit # =      0 , Freq(kT, this largest copy used for outline) =   0.4178
Points  =     41
  kx            ky            kz
  8.552829E+00  6.788786E+00 -1.479009E+00
  8.533694E+00  6.790354E+00 -1.458127E+00
  8.527516E+00  6.800335E+00 -1.451385E+00
  8.514559E+00  6.803680E+00 -1.437245E+00
  8.502685E+00  6.800335E+00 -1.424286E+00
  8.495424E+00  6.787457E+00 -1.416363E+00
  8.491704E+00  6.772011E+00 -1.412303E+00
  8.476289E+00  6.762091E+00 -1.395481E+00
  8.457154E+00  6.749075E+00 -1.374599E+00
  8.453665E+00  6.743688E+00 -1.370791E+00
  8.441904E+00  6.715365E+00 -1.357956E+00
  8.438020E+00  6.707192E+00 -1.353717E+00
  8.426444E+00  6.687042E+00 -1.341084E+00
  8.418885E+00  6.680352E+00 -1.332835E+00
  8.402649E+00  6.658719E+00 -1.315117E+00
  8.399750E+00  6.631954E+00 -1.311953E+00
  8.399565E+00  6.630396E+00 -1.311750E+00
  8.389240E+00  6.602073E+00 -1.300483E+00
  8.380615E+00  6.581728E+00 -1.291071E+00
  8.376970E+00  6.573750E+00 -1.287092E+00
  8.380615E+00  6.568313E+00 -1.291071E+00
  8.399750E+00  6.553675E+00 -1.311953E+00
  8.412997E+00  6.545426E+00 -1.326410E+00
  8.418885E+00  6.540780E+00 -1.332835E+00
  8.438020E+00  6.542845E+00 -1.353717E+00
  8.457154E+00  6.545163E+00 -1.374599E+00
  8.457611E+00  6.545426E+00 -1.375097E+00
  8.476289E+00  6.559144E+00 -1.395481E+00
  8.481725E+00  6.573750E+00 -1.401412E+00
  8.495424E+00  6.597152E+00 -1.416363E+00
  8.503978E+00  6.602073E+00 -1.425698E+00
  8.514559E+00  6.608175E+00 -1.437245E+00
  8.524534E+00  6.630396E+00 -1.448131E+00
  8.530834E+00  6.658719E+00 -1.455005E+00
  8.533694E+00  6.666898E+00 -1.458127E+00
  8.552829E+00  6.680221E+00 -1.479009E+00
  8.556574E+00  6.687042E+00 -1.483096E+00
  8.563808E+00  6.715365E+00 -1.490990E+00
  8.563332E+00  6.743688E+00 -1.490471E+00
  8.555507E+00  6.772011E+00 -1.481932E+00
  8.552829E+00  6.788786E+00 -1.479009E+00
Slice   =    103 , Freq(kT, average of all copies)              =   1.0413
Orbit # =      0 , Freq(kT, this largest copy used for outline) =   1.0465
Points  =     65
  kx            ky            kz
  2.756904E+00  2.527561E+00 -2.706261E+00
  2.737769E+00  2.530538E+00 -2.685379E+00
  2.718634E+00  2.531899E+00 -2.664497E+00
  2.699499E+00  2.533662E+00 -2.643615E+00
  2.680364E+00  2.535982E+00 -2.622733E+00
  2.661230E+00  2.540584E+00 -2.601851E+00
  2.642095E+00  2.549568E+00 -2.580969E+00
  2.640104E+00  2.551169E+00 -2.578796E+00
  2.622960E+00  2.566034E+00 -2.560087E+00
  2.603864E+00  2.579492E+00 -2.539248E+00
  2.603825E+00  2.579528E+00 -2.539205E+00
  2.588890E+00  2.607815E+00 -2.522906E+00
  2.584690E+00  2.611832E+00 -2.518323E+00
  2.565555E+00  2.618678E+00 -2.497441E+00
  2.549852E+00  2.636139E+00 -2.480304E+00
  2.546421E+00  2.642965E+00 -2.476559E+00
  2.527286E+00  2.651643E+00 -2.455677E+00
  2.517294E+00  2.664462E+00 -2.444773E+00
  2.508151E+00  2.676367E+00 -2.434795E+00
  2.489016E+00  2.686329E+00 -2.413913E+00
  2.484340E+00  2.692785E+00 -2.408809E+00
  2.469881E+00  2.700464E+00 -2.393031E+00
  2.450746E+00  2.700794E+00 -2.372149E+00
  2.431612E+00  2.695994E+00 -2.351267E+00
  2.426790E+00  2.692785E+00 -2.346005E+00
  2.412477E+00  2.672588E+00 -2.330385E+00
  2.409480E+00  2.664462E+00 -2.327114E+00
  2.395698E+00  2.636139E+00 -2.312074E+00
  2.397268E+00  2.607815E+00 -2.313787E+00
  2.393342E+00  2.592522E+00 -2.309503E+00
  2.390782E+00  2.579492E+00 -2.306709E+00
  2.391282E+00  2.551169E+00 -2.307254E+00
  2.386108E+00  2.522846E+00 -2.301608E+00
  2.383260E+00  2.494523E+00 -2.298500E+00
  2.382439E+00  2.466200E+00 -2.297605E+00
  2.374207E+00  2.440378E+00 -2.288621E+00
  2.373224E+00  2.437877E+00 -2.287547E+00
  2.374207E+00  2.436435E+00 -2.288621E+00
  2.393342E+00  2.422375E+00 -2.309503E+00
  2.412477E+00  2.417594E+00 -2.330385E+00
  2.431612E+00  2.417667E+00 -2.351267E+00
  2.450746E+00  2.418989E+00 -2.372149E+00
  2.469881E+00  2.420609E+00 -2.393031E+00
  2.489016E+00  2.422605E+00 -2.413913E+00
  2.508151E+00  2.424390E+00 -2.434795E+00
  2.527286E+00  2.425136E+00 -2.455677E+00
  2.546421E+00  2.426791E+00 -2.476559E+00
  2.565555E+00  2.426279E+00 -2.497441E+00
  2.584690E+00  2.427058E+00 -2.518323E+00
  2.603825E+00  2.425715E+00 -2.539205E+00
  2.622960E+00  2.425709E+00 -2.560087E+00
  2.642095E+00  2.425421E+00 -2.580969E+00
  2.661230E+00  2.425753E+00 -2.601851E+00
  2.680364E+00  2.427400E+00 -2.622733E+00
  2.699499E+00  2.429241E+00 -2.643615E+00
  2.718634E+00  2.434577E+00 -2.664497E+00
  2.727128E+00  2.437877E+00 -2.673767E+00
  2.718634E+00  2.461990E+00 -2.664497E+00
  2.713604E+00  2.466200E+00 -2.659008E+00
  2.718634E+00  2.467756E+00 -2.664497E+00
  2.737769E+00  2.475646E+00 -2.685379E+00
  2.756904E+00  2.485584E+00 -2.706261E+00
  2.765559E+00  2.494523E+00 -2.715706E+00
  2.766652E+00  2.522846E+00 -2.716899E+00
  2.756904E+00  2.527561E+00 -2.706261E+00
Slice   =     45 , Freq(kT, average of all copies)              =   1.2817
Orbit # =      0 , Freq(kT, this largest copy used for outline) =   1.3312
Points  =     73
  kx            ky            kz
  3.125241E+00  2.212066E+00 -1.560627E+00
  3.107037E+00  2.236136E+00 -1.540760E+00
  3.106107E+00  2.236395E+00 -1.539745E+00
  3.086972E+00  2.251041E+00 -1.518863E+00
  3.067837E+00  2.252863E+00 -1.497981E+00
  3.048702E+00  2.256043E+00 -1.477099E+00
  3.029567E+00  2.258107E+00 -1.456217E+00
  3.010432E+00  2.262221E+00 -1.435335E+00
  2.998337E+00  2.264459E+00 -1.422135E+00
  2.991298E+00  2.265446E+00 -1.414453E+00
  2.972163E+00  2.271438E+00 -1.393571E+00
  2.953028E+00  2.281114E+00 -1.372689E+00
  2.933893E+00  2.289634E+00 -1.351807E+00
  2.929610E+00  2.292782E+00 -1.347133E+00
  2.914758E+00  2.306449E+00 -1.330925E+00
  2.895623E+00  2.313716E+00 -1.310043E+00
  2.888639E+00  2.321105E+00 -1.302421E+00
  2.876489E+00  2.327851E+00 -1.289161E+00
  2.857354E+00  2.328831E+00 -1.268279E+00
  2.838219E+00  2.332262E+00 -1.247397E+00
  2.819084E+00  2.331111E+00 -1.226515E+00
  2.799949E+00  2.330920E+00 -1.205633E+00
  2.780814E+00  2.328838E+00 -1.184751E+00
  2.761680E+00  2.325309E+00 -1.163869E+00
  2.742545E+00  2.321398E+00 -1.142987E+00
  2.742028E+00  2.321105E+00 -1.142423E+00
  2.742545E+00  2.319958E+00 -1.142987E+00
  2.761680E+00  2.301652E+00 -1.163869E+00
  2.768235E+00  2.292782E+00 -1.171023E+00
  2.761680E+00  2.289313E+00 -1.163869E+00
  2.742545E+00  2.280383E+00 -1.142987E+00
  2.724324E+00  2.264459E+00 -1.123103E+00
  2.728913E+00  2.236136E+00 -1.128111E+00
  2.723410E+00  2.224541E+00 -1.122105E+00
  2.714683E+00  2.207813E+00 -1.112581E+00
  2.712764E+00  2.179490E+00 -1.110487E+00
  2.708643E+00  2.151166E+00 -1.105989E+00
  2.719660E+00  2.122843E+00 -1.118012E+00
  2.723410E+00  2.120979E+00 -1.122105E+00
  2.742545E+00  2.114557E+00 -1.142987E+00
  2.761680E+00  2.112114E+00 -1.163869E+00
  2.780814E+00  2.110080E+00 -1.184751E+00
  2.799949E+00  2.109269E+00 -1.205633E+00
  2.819084E+00  2.105029E+00 -1.226515E+00
  2.838219E+00  2.104761E+00 -1.247397E+00
  2.857354E+00  2.095084E+00 -1.268279E+00
  2.861250E+00  2.094520E+00 -1.272531E+00
  2.876489E+00  2.091247E+00 -1.289161E+00
  2.895623E+00  2.073599E+00 -1.310043E+00
  2.912599E+00  2.066197E+00 -1.328569E+00
  2.914758E+00  2.064267E+00 -1.330925E+00
  2.929505E+00  2.037874E+00 -1.347018E+00
  2.933893E+00  2.035328E+00 -1.351807E+00
  2.953028E+00  2.030078E+00 -1.372689E+00
  2.972163E+00  2.027056E+00 -1.393571E+00
  2.991298E+00  2.025969E+00 -1.414453E+00
  3.010432E+00  2.026886E+00 -1.435335E+00
  3.029567E+00  2.027947E+00 -1.456217E+00
  3.048702E+00  2.030754E+00 -1.477099E+00
  3.067837E+00  2.035997E+00 -1.497981E+00
  3.076904E+00  2.037874E+00 -1.507876E+00
  3.067837E+00  2.048309E+00 -1.497981E+00
  3.057721E+00  2.066197E+00 -1.486942E+00
  3.067837E+00  2.072630E+00 -1.497981E+00
  3.086972E+00  2.080822E+00 -1.518863E+00
  3.097161E+00  2.094520E+00 -1.529982E+00
  3.100027E+00  2.122843E+00 -1.533110E+00
  3.105626E+00  2.151166E+00 -1.539220E+00
  3.106107E+00  2.153719E+00 -1.539745E+00
  3.121277E+00  2.179490E+00 -1.556300E+00
  3.125241E+00  2.202140E+00 -1.560627E+00
  3.125522E+00  2.207813E+00 -1.560933E+00
  3.125241E+00  2.212066E+00 -1.560627E+00
Theta(deg) =   0.000000 , Phi(deg) =  50.000000 , Number of orbits =     8 , (Angstrom^-1) units
Slice   =     85 , Freq(kT, average of all copies)              =   0.2263
Orbit # =      0 , Freq(kT, this largest copy used for outline) =   0.2318
Points  =     33
  kx            ky            kz
  5.658786E+00  7.259389E+00 -4.974698E+00
  5.640580E+00  7.268856E+00 -4.953001E+00
  5.628179E+00  7.280436E+00 -4.938222E+00
  5.622374E+00  7.283992E+00 -4.931304E+00
  5.615572E+00  7.280436E+00 -4.923198E+00
  5.604168E+00  7.274229E+00 -4.909608E+00
  5.585962E+00  7.255190E+00 -4.887911E+00
  5.582798E+00  7.252113E+00 -4.884139E+00
  5.567757E+00  7.239951E+00 -4.866214E+00
  5.557111E+00  7.223790E+00 -4.853528E+00
  5.549551E+00  7.210958E+00 -4.844517E+00
  5.538149E+00  7.195467E+00 -4.830929E+00
  5.531345E+00  7.185921E+00 -4.822821E+00
  5.517137E+00  7.167144E+00 -4.805888E+00
  5.513139E+00  7.149475E+00 -4.801124E+00
  5.510465E+00  7.138821E+00 -4.797936E+00
  5.505532E+00  7.110498E+00 -4.792058E+00
  5.513139E+00  7.104508E+00 -4.801124E+00
  5.531345E+00  7.093780E+00 -4.822821E+00
  5.549551E+00  7.099653E+00 -4.844517E+00
  5.567757E+00  7.108353E+00 -4.866214E+00
  5.570783E+00  7.110498E+00 -4.869821E+00
  5.585962E+00  7.128577E+00 -4.887911E+00
  5.590085E+00  7.138821E+00 -4.892824E+00
  5.604168E+00  7.158279E+00 -4.909608E+00
  5.615765E+00  7.167144E+00 -4.923428E+00
  5.622374E+00  7.174610E+00 -4.931304E+00
  5.631098E+00  7.195467E+00 -4.941701E+00
  5.640580E+00  7.221823E+00 -4.953001E+00
  5.642955E+00  7.223790E+00 -4.955833E+00
  5.658786E+00  7.245452E+00 -4.974698E+00
  5.661005E+00  7.252113E+00 -4.977344E+00
  5.658786E+00  7.259389E+00 -4.974698E+00
Slice   =     72 , Freq(kT, average of all copies)              =   0.3285
Orbit # =      0 , Freq(kT, this largest copy used for outline) =   0.3375
Points  =     33
  kx            ky            kz
  3.865101E+00  5.729225E+00 -6.686754E+00
  3.846896E+00  5.731058E+00 -6.665057E+00
  3.828690E+00  5.734454E+00 -6.643360E+00
  3.810484E+00  5.728740E+00 -6.621663E+00
  3.805307E+00  5.722664E+00 -6.615494E+00
  3.796611E+00  5.694341E+00 -6.605130E+00
  3.792278E+00  5.686284E+00 -6.599967E+00
  3.775259E+00  5.666018E+00 -6.579684E+00
  3.774073E+00  5.665017E+00 -6.578270E+00
  3.757187E+00  5.637695E+00 -6.558146E+00
  3.755867E+00  5.628155E+00 -6.556573E+00
  3.752753E+00  5.609372E+00 -6.552862E+00
  3.737661E+00  5.585005E+00 -6.534876E+00
  3.733888E+00  5.581048E+00 -6.530379E+00
  3.734229E+00  5.552725E+00 -6.530786E+00
  3.737661E+00  5.547477E+00 -6.534876E+00
  3.755867E+00  5.526902E+00 -6.556573E+00
  3.757995E+00  5.524402E+00 -6.559109E+00
  3.774073E+00  5.513543E+00 -6.578270E+00
  3.792278E+00  5.516074E+00 -6.599967E+00
  3.810484E+00  5.521675E+00 -6.621663E+00
  3.817017E+00  5.524402E+00 -6.629449E+00
  3.828690E+00  5.535424E+00 -6.643360E+00
  3.833221E+00  5.552725E+00 -6.648760E+00
  3.845587E+00  5.581048E+00 -6.663497E+00
  3.846896E+00  5.583621E+00 -6.665057E+00
  3.865101E+00  5.596552E+00 -6.686754E+00
  3.870592E+00  5.609372E+00 -6.693297E+00
  3.874979E+00  5.637695E+00 -6.698526E+00
  3.880069E+00  5.666018E+00 -6.704591E+00
  3.879733E+00  5.694341E+00 -6.704191E+00
  3.869268E+00  5.722664E+00 -6.691719E+00
  3.865101E+00  5.729225E+00 -6.686754E+00
Slice   =    200 , Freq(kT, average of all copies)              =   0.3370
Orbit # =      0 , Freq(kT, this largest copy used for outline) =   0.3456
Points  =     39
  kx            ky            kz
  9.264466E+00  9.298001E+00 -4.204539E+00
  9.246260E+00  9.300937E+00 -4.182842E+00
  9.228055E+00  9.304405E+00 -4.161146E+00
  9.212212E+00  9.295553E+00 -4.142265E+00
  9.209849E+00  9.292217E+00 -4.139449E+00
  9.199834E+00  9.267230E+00 -4.127514E+00
  9.191643E+00  9.261216E+00 -4.117752E+00
  9.173437E+00  9.250979E+00 -4.096055E+00
  9.163366E+00  9.238907E+00 -4.084052E+00
  9.155232E+00  9.217538E+00 -4.074359E+00
  9.151030E+00  9.210584E+00 -4.069351E+00
  9.137026E+00  9.199772E+00 -4.052662E+00
  9.119947E+00  9.182261E+00 -4.032308E+00
  9.118820E+00  9.177566E+00 -4.030965E+00
  9.110861E+00  9.153938E+00 -4.021479E+00
  9.100614E+00  9.141214E+00 -4.009268E+00
  9.085639E+00  9.125614E+00 -3.991422E+00
  9.087754E+00  9.097291E+00 -3.993942E+00
  9.099117E+00  9.068968E+00 -4.007483E+00
  9.100614E+00  9.067573E+00 -4.009268E+00
  9.118820E+00  9.062653E+00 -4.030965E+00
  9.137026E+00  9.059023E+00 -4.052662E+00
  9.148003E+00  9.068968E+00 -4.065744E+00
  9.155232E+00  9.077340E+00 -4.074359E+00
  9.169061E+00  9.097291E+00 -4.090840E+00
  9.173437E+00  9.100901E+00 -4.096055E+00
  9.191643E+00  9.118985E+00 -4.117752E+00
  9.195728E+00  9.125614E+00 -4.122621E+00
  9.208241E+00  9.153938E+00 -4.137532E+00
  9.209849E+00  9.156307E+00 -4.139449E+00
  9.228055E+00  9.171271E+00 -4.161146E+00
  9.234284E+00  9.182261E+00 -4.168569E+00
  9.242740E+00  9.210584E+00 -4.178647E+00
  9.246260E+00  9.218742E+00 -4.182842E+00
  9.264466E+00  9.230197E+00 -4.204539E+00
  9.268840E+00  9.238907E+00 -4.209752E+00
  9.271689E+00  9.267230E+00 -4.213147E+00
  9.266161E+00  9.295553E+00 -4.206559E+00
  9.264466E+00  9.298001E+00 -4.204539E+00
Slice   =     49 , Freq(kT, average of all copies)              =   0.3380
Orbit # =      0 , Freq(kT, this largest copy used for outline) =   0.3472
Points  =     41
  kx            ky            kz
 -4.847163E-01 -2.006680E-01 -1.023611E+00
 -4.946718E-01 -1.989577E-01 -1.011747E+00
 -5.029221E-01 -1.981867E-01 -1.001915E+00
 -5.211278E-01 -1.893162E-01 -9.802178E-01
 -5.371428E-01 -1.989577E-01 -9.611320E-01
 -5.393336E-01 -2.011654E-01 -9.585210E-01
 -5.531989E-01 -2.272808E-01 -9.419970E-01
 -5.575393E-01 -2.303133E-01 -9.368243E-01
 -5.757451E-01 -2.431484E-01 -9.151275E-01
 -5.837236E-01 -2.556039E-01 -9.056191E-01
 -5.939509E-01 -2.836173E-01 -8.934307E-01
 -5.941088E-01 -2.839271E-01 -8.932425E-01
 -6.121566E-01 -2.972541E-01 -8.717339E-01
 -6.233536E-01 -3.122502E-01 -8.583899E-01
 -6.303624E-01 -3.386294E-01 -8.500372E-01
 -6.310794E-01 -3.405733E-01 -8.491827E-01
 -6.485681E-01 -3.591052E-01 -8.283404E-01
 -6.572305E-01 -3.688965E-01 -8.180170E-01
 -6.586356E-01 -3.972196E-01 -8.163424E-01
 -6.667739E-01 -4.230537E-01 -8.066436E-01
 -6.686676E-01 -4.255427E-01 -8.043868E-01
 -6.667739E-01 -4.270116E-01 -8.066436E-01
 -6.485681E-01 -4.369269E-01 -8.283404E-01
 -6.303624E-01 -4.336585E-01 -8.500372E-01
 -6.121566E-01 -4.313060E-01 -8.717339E-01
 -6.049662E-01 -4.255427E-01 -8.803031E-01
 -5.939509E-01 -4.141201E-01 -8.934307E-01
 -5.842154E-01 -3.972196E-01 -9.050329E-01
 -5.757451E-01 -3.880117E-01 -9.151275E-01
 -5.575393E-01 -3.758330E-01 -9.368243E-01
 -5.521055E-01 -3.688965E-01 -9.433001E-01
 -5.394208E-01 -3.405733E-01 -9.584170E-01
 -5.393336E-01 -3.404341E-01 -9.585210E-01
 -5.211278E-01 -3.281655E-01 -9.802178E-01
 -5.100973E-01 -3.122502E-01 -9.933635E-01
 -5.029221E-01 -2.876338E-01 -1.001915E+00
 -4.993022E-01 -2.839271E-01 -1.006229E+00
 -4.847163E-01 -2.712109E-01 -1.023611E+00
 -4.768061E-01 -2.556039E-01 -1.033038E+00
 -4.767424E-01 -2.272808E-01 -1.033114E+00
 -4.847163E-01 -2.006680E-01 -1.023611E+00
Slice   =    232 , Freq(kT, average of all copies)              =   0.4142
Orbit # =      0 , Freq(kT, this largest copy used for outline) =   0.4157
Points  =     39
  kx            ky            kz
  1.006855E+01  6.789055E+00  1.089634E+00
  1.005034E+01  6.791281E+00  1.111331E+00
  1.003213E+01  6.801157E+00  1.133028E+00
  1.001393E+01  6.791400E+00  1.154725E+00
  1.000243E+01  6.774794E+00  1.168431E+00
  9.995723E+00  6.759757E+00  1.176421E+00
  9.988088E+00  6.746471E+00  1.185520E+00
  9.977517E+00  6.740364E+00  1.198118E+00
  9.962734E+00  6.718148E+00  1.215736E+00
  9.959311E+00  6.697727E+00  1.219815E+00
  9.957361E+00  6.689825E+00  1.222139E+00
  9.941105E+00  6.670705E+00  1.241512E+00
  9.935224E+00  6.661502E+00  1.248521E+00
  9.926016E+00  6.633179E+00  1.259495E+00
  9.922900E+00  6.605853E+00  1.263208E+00
  9.922734E+00  6.604856E+00  1.263405E+00
  9.904694E+00  6.577812E+00  1.284905E+00
  9.903592E+00  6.576533E+00  1.286219E+00
  9.904694E+00  6.574621E+00  1.284905E+00
  9.922900E+00  6.558720E+00  1.263208E+00
  9.937427E+00  6.548209E+00  1.245895E+00
  9.941105E+00  6.546323E+00  1.241512E+00
  9.959311E+00  6.545949E+00  1.219815E+00
  9.977517E+00  6.544341E+00  1.198118E+00
  9.986639E+00  6.548209E+00  1.187247E+00
  9.995723E+00  6.553927E+00  1.176421E+00
  1.000359E+01  6.576533E+00  1.167048E+00
  1.001393E+01  6.589046E+00  1.154725E+00
  1.003213E+01  6.594769E+00  1.133028E+00
  1.003748E+01  6.604856E+00  1.126655E+00
  1.004369E+01  6.633179E+00  1.119252E+00
  1.005034E+01  6.651940E+00  1.111331E+00
  1.006253E+01  6.661502E+00  1.096801E+00
  1.006855E+01  6.667472E+00  1.089634E+00
  1.007662E+01  6.689825E+00  1.080012E+00
  1.008063E+01  6.718148E+00  1.075234E+00
  1.007831E+01  6.746471E+00  1.078003E+00
  1.007588E+01  6.774794E+00  1.080897E+00
  1.006855E+01  6.789055E+00  1.089634E+00
Slice   =    226 , Freq(kT, average of all copies)              =   0.4164
Orbit # =      0 , Freq(kT, this largest copy used for outline) =   0.4255
Points  =     41
  kx            ky            kz
  1.277901E+01  9.918650E+00 -1.215493E+00
  1.276081E+01  9.923745E+00 -1.193796E+00
  1.274260E+01  9.939424E+00 -1.172099E+00
  1.272439E+01  9.939201E+00 -1.150403E+00
  1.270619E+01  9.933228E+00 -1.128706E+00
  1.268798E+01  9.926490E+00 -1.107009E+00
  1.267984E+01  9.917271E+00 -1.097299E+00
  1.266993E+01  9.888947E+00 -1.085495E+00
  1.266978E+01  9.888708E+00 -1.085312E+00
  1.265157E+01  9.866675E+00 -1.063615E+00
  1.264676E+01  9.860624E+00 -1.057888E+00
  1.263337E+01  9.841777E+00 -1.041919E+00
  1.262885E+01  9.832301E+00 -1.036541E+00
  1.262185E+01  9.803978E+00 -1.028194E+00
  1.261516E+01  9.794786E+00 -1.020222E+00
  1.259695E+01  9.779010E+00 -9.985251E-01
  1.259505E+01  9.775655E+00 -9.962516E-01
  1.259695E+01  9.747594E+00 -9.985251E-01
  1.259699E+01  9.747332E+00 -9.985706E-01
  1.260272E+01  9.719009E+00 -1.005402E+00
  1.261516E+01  9.693882E+00 -1.020222E+00
  1.262326E+01  9.690686E+00 -1.029875E+00
  1.263337E+01  9.687715E+00 -1.041919E+00
  1.265157E+01  9.683987E+00 -1.063615E+00
  1.265686E+01  9.690686E+00 -1.069913E+00
  1.266978E+01  9.702751E+00 -1.085312E+00
  1.268798E+01  9.715627E+00 -1.107009E+00
  1.269011E+01  9.719009E+00 -1.109550E+00
  1.270619E+01  9.742501E+00 -1.128706E+00
  1.270839E+01  9.747332E+00 -1.131331E+00
  1.272113E+01  9.775655E+00 -1.146510E+00
  1.272439E+01  9.780379E+00 -1.150403E+00
  1.274260E+01  9.797524E+00 -1.172099E+00
  1.274553E+01  9.803978E+00 -1.175589E+00
  1.275131E+01  9.832301E+00 -1.182485E+00
  1.276081E+01  9.859790E+00 -1.193796E+00
  1.276212E+01  9.860624E+00 -1.195361E+00
  1.277901E+01  9.880418E+00 -1.215493E+00
  1.278100E+01  9.888947E+00 -1.217858E+00
  1.277966E+01  9.917271E+00 -1.216269E+00
  1.277901E+01  9.918650E+00 -1.215493E+00
Slice   =    141 , Freq(kT, average of all copies)              =   0.4192
Orbit # =      0 , Freq(kT, this largest copy used for outline) =   0.4291
Points  =     41
  kx            ky            kz
  5.490167E+00  4.161682E+00 -2.188118E-01
  5.471962E+00  4.165465E+00 -1.971150E-01
  5.470860E+00  4.166283E+00 -1.958024E-01
  5.453756E+00  4.172330E+00 -1.754182E-01
  5.437612E+00  4.166283E+00 -1.561788E-01
  5.435550E+00  4.164350E+00 -1.537214E-01
  5.425346E+00  4.137960E+00 -1.415601E-01
  5.417344E+00  4.129922E+00 -1.320247E-01
  5.399139E+00  4.114855E+00 -1.103279E-01
  5.396057E+00  4.109637E+00 -1.066551E-01
  5.383540E+00  4.081314E+00 -9.173848E-02
  5.380933E+00  4.074441E+00 -8.863109E-02
  5.369462E+00  4.052991E+00 -7.496047E-02
  5.362727E+00  4.046905E+00 -6.693432E-02
  5.347071E+00  4.024668E+00 -4.827644E-02
  5.344521E+00  3.999728E+00 -4.523754E-02
  5.344126E+00  3.996345E+00 -4.476605E-02
  5.332750E+00  3.968021E+00 -3.120923E-02
  5.326316E+00  3.947760E+00 -2.354076E-02
  5.323898E+00  3.939698E+00 -2.066012E-02
  5.326316E+00  3.936158E+00 -2.354076E-02
  5.344521E+00  3.921501E+00 -4.523754E-02
  5.359499E+00  3.911375E+00 -6.308768E-02
  5.362727E+00  3.909103E+00 -6.693432E-02
  5.380933E+00  3.910614E+00 -8.863109E-02
  5.389912E+00  3.911375E+00 -9.933150E-02
  5.399139E+00  3.912295E+00 -1.103279E-01
  5.417344E+00  3.926745E+00 -1.320247E-01
  5.421470E+00  3.939698E+00 -1.369413E-01
  5.435550E+00  3.961768E+00 -1.537214E-01
  5.449529E+00  3.968021E+00 -1.703807E-01
  5.453756E+00  3.970353E+00 -1.754182E-01
  5.463411E+00  3.996345E+00 -1.869246E-01
  5.470630E+00  4.024668E+00 -1.955283E-01
  5.471962E+00  4.028745E+00 -1.971150E-01
  5.490167E+00  4.043385E+00 -2.188118E-01
  5.494757E+00  4.052991E+00 -2.242816E-01
  5.501629E+00  4.081314E+00 -2.324709E-01
  5.500012E+00  4.109637E+00 -2.305438E-01
  5.497348E+00  4.137960E+00 -2.273696E-01
  5.490167E+00  4.161682E+00 -2.188118E-01
Slice   =     95 , Freq(kT, average of all copies)              =   1.1748
Orbit # =      0 , Freq(kT, this largest copy used for outline) =   1.2203
Points  =     71
  kx            ky            kz
  2.479557E+00  4.619939E+00 -4.616807E+00
  2.461352E+00  4.624844E+00 -4.595110E+00
  2.443146E+00  4.641732E+00 -4.573414E+00
  2.425954E+00  4.647081E+00 -4.552925E+00
  2.424940E+00  4.647184E+00 -4.551717E+00
  2.418715E+00  4.647081E+00 -4.544298E+00
  2.406734E+00  4.646513E+00 -4.530020E+00
  2.388529E+00  4.645397E+00 -4.508323E+00
  2.375395E+00  4.647081E+00 -4.492671E+00
  2.370323E+00  4.647432E+00 -4.486627E+00
  2.352117E+00  4.649476E+00 -4.464930E+00
  2.333911E+00  4.655045E+00 -4.443233E+00
  2.315706E+00  4.665157E+00 -4.421536E+00
  2.297500E+00  4.671197E+00 -4.399839E+00
  2.289860E+00  4.675404E+00 -4.390735E+00
  2.279294E+00  4.684998E+00 -4.378143E+00
  2.261088E+00  4.689231E+00 -4.356446E+00
  2.252592E+00  4.703727E+00 -4.346321E+00
  2.242882E+00  4.707998E+00 -4.334749E+00
  2.224677E+00  4.708369E+00 -4.313052E+00
  2.206471E+00  4.709798E+00 -4.291356E+00
  2.191352E+00  4.703727E+00 -4.273337E+00
  2.198024E+00  4.675404E+00 -4.281289E+00
  2.188265E+00  4.673255E+00 -4.269659E+00
  2.170059E+00  4.670407E+00 -4.247962E+00
  2.151854E+00  4.663878E+00 -4.226265E+00
  2.133648E+00  4.650228E+00 -4.204568E+00
  2.130203E+00  4.647081E+00 -4.200463E+00
  2.116065E+00  4.618758E+00 -4.183614E+00
  2.115442E+00  4.618275E+00 -4.182872E+00
  2.099298E+00  4.590435E+00 -4.163631E+00
  2.097236E+00  4.577430E+00 -4.161175E+00
  2.093473E+00  4.562111E+00 -4.156690E+00
  2.081693E+00  4.533788E+00 -4.142650E+00
  2.088645E+00  4.505465E+00 -4.150936E+00
  2.097236E+00  4.498266E+00 -4.161175E+00
  2.115442E+00  4.489508E+00 -4.182872E+00
  2.133648E+00  4.486599E+00 -4.204568E+00
  2.151854E+00  4.484506E+00 -4.226265E+00
  2.170059E+00  4.483869E+00 -4.247962E+00
  2.188265E+00  4.479275E+00 -4.269659E+00
  2.206471E+00  4.479850E+00 -4.291356E+00
  2.211431E+00  4.477142E+00 -4.297266E+00
  2.224677E+00  4.470503E+00 -4.313052E+00
  2.242882E+00  4.467638E+00 -4.334749E+00
  2.261088E+00  4.452342E+00 -4.356446E+00
  2.271002E+00  4.448819E+00 -4.368260E+00
  2.279294E+00  4.442679E+00 -4.378143E+00
  2.292267E+00  4.420496E+00 -4.393603E+00
  2.297500E+00  4.417357E+00 -4.399839E+00
  2.315706E+00  4.413319E+00 -4.421536E+00
  2.333911E+00  4.412121E+00 -4.443233E+00
  2.352117E+00  4.413115E+00 -4.464930E+00
  2.370323E+00  4.417253E+00 -4.486627E+00
  2.384065E+00  4.420496E+00 -4.503004E+00
  2.370323E+00  4.443300E+00 -4.486627E+00
  2.366696E+00  4.448819E+00 -4.482304E+00
  2.370323E+00  4.449983E+00 -4.486627E+00
  2.388529E+00  4.455981E+00 -4.508323E+00
  2.406734E+00  4.462784E+00 -4.530020E+00
  2.424940E+00  4.471486E+00 -4.551717E+00
  2.439373E+00  4.477142E+00 -4.568917E+00
  2.441330E+00  4.505465E+00 -4.571250E+00
  2.443146E+00  4.507085E+00 -4.573414E+00
  2.456066E+00  4.533788E+00 -4.588811E+00
  2.461352E+00  4.552923E+00 -4.595110E+00
  2.468032E+00  4.562111E+00 -4.603071E+00
  2.472403E+00  4.590435E+00 -4.608281E+00
  2.479557E+00  4.613151E+00 -4.616807E+00
  2.480047E+00  4.618758E+00 -4.617390E+00
  2.479557E+00  4.619939E+00 -4.616807E+00
Theta(deg) =   0.000000 , Phi(deg) =  52.500000 , Number of orbits =     8 , (Angstrom^-1) units
Slice   =    144 , Freq(kT, average of all copies)              =   0.2211
Orbit # =      0 , Freq(kT, this largest copy used for outline) =   0.2255
Points  =     31
  kx            ky            kz
  8.266080E+00  7.795878E+00 -1.785061E+00
  8.248838E+00  7.812758E+00 -1.762591E+00
  8.232010E+00  7.791644E+00 -1.740660E+00
  8.231596E+00  7.791353E+00 -1.740120E+00
  8.214354E+00  7.778570E+00 -1.717650E+00
  8.197215E+00  7.763321E+00 -1.695315E+00
  8.197112E+00  7.763113E+00 -1.695180E+00
  8.187761E+00  7.734998E+00 -1.682995E+00
  8.179869E+00  7.723991E+00 -1.672710E+00
  8.162627E+00  7.707003E+00 -1.650239E+00
  8.162415E+00  7.706675E+00 -1.649962E+00
  8.153365E+00  7.678352E+00 -1.638168E+00
  8.145385E+00  7.654962E+00 -1.627769E+00
  8.142988E+00  7.650029E+00 -1.624645E+00
  8.145385E+00  7.636350E+00 -1.627769E+00
  8.150036E+00  7.621705E+00 -1.633831E+00
  8.162627E+00  7.612751E+00 -1.650239E+00
  8.179869E+00  7.614350E+00 -1.672710E+00
  8.186121E+00  7.621705E+00 -1.680856E+00
  8.197112E+00  7.632717E+00 -1.695180E+00
  8.214354E+00  7.640743E+00 -1.717650E+00
  8.219856E+00  7.650029E+00 -1.724822E+00
  8.229394E+00  7.678352E+00 -1.737252E+00
  8.231596E+00  7.682816E+00 -1.740120E+00
  8.248838E+00  7.697624E+00 -1.762591E+00
  8.255164E+00  7.706675E+00 -1.770836E+00
  8.262335E+00  7.734998E+00 -1.780181E+00
  8.266080E+00  7.749435E+00 -1.785061E+00
  8.276566E+00  7.763321E+00 -1.798727E+00
  8.278009E+00  7.791644E+00 -1.800607E+00
  8.266080E+00  7.795878E+00 -1.785061E+00
Slice   =    192 , Freq(kT, average of all copies)              =   0.2283
Orbit # =      0 , Freq(kT, this largest copy used for outline) =   0.2285
Points  =     33
  kx            ky            kz
  9.073333E+00  8.588167E+00 -2.395540E+00
  9.056091E+00  8.595723E+00 -2.373069E+00
  9.038849E+00  8.610961E+00 -2.350599E+00
  9.021607E+00  8.597758E+00 -2.328129E+00
  9.013789E+00  8.586779E+00 -2.317941E+00
  9.004365E+00  8.579069E+00 -2.305659E+00
  8.987123E+00  8.567221E+00 -2.283188E+00
  8.981157E+00  8.558456E+00 -2.275414E+00
  8.971738E+00  8.530133E+00 -2.263138E+00
  8.969881E+00  8.527287E+00 -2.260718E+00
  8.952639E+00  8.513135E+00 -2.238248E+00
  8.943540E+00  8.501810E+00 -2.226390E+00
  8.939334E+00  8.473487E+00 -2.220908E+00
  8.935397E+00  8.462641E+00 -2.215778E+00
  8.922396E+00  8.445164E+00 -2.198834E+00
  8.935397E+00  8.426433E+00 -2.215778E+00
  8.945248E+00  8.416840E+00 -2.228616E+00
  8.952639E+00  8.411800E+00 -2.238248E+00
  8.961010E+00  8.416840E+00 -2.249157E+00
  8.969881E+00  8.421351E+00 -2.260718E+00
  8.987123E+00  8.437087E+00 -2.283188E+00
  9.004365E+00  8.444853E+00 -2.305659E+00
  9.004571E+00  8.445164E+00 -2.305927E+00
  9.012886E+00  8.473487E+00 -2.316763E+00
  9.021607E+00  8.488814E+00 -2.328129E+00
  9.038849E+00  8.499873E+00 -2.350599E+00
  9.040025E+00  8.501810E+00 -2.352132E+00
  9.049308E+00  8.530133E+00 -2.364230E+00
  9.056091E+00  8.556798E+00 -2.373069E+00
  9.057349E+00  8.558456E+00 -2.374710E+00
  9.073333E+00  8.584773E+00 -2.395540E+00
  9.074092E+00  8.586779E+00 -2.396529E+00
  9.073333E+00  8.588167E+00 -2.395540E+00
Slice   =    200 , Freq(kT, average of all copies)              =   0.3297
Orbit # =      0 , Freq(kT, this largest copy used for outline) =   0.3350
Points  =     37
  kx            ky            kz
  1.195099E+01  9.792683E+00 -4.277601E+00
  1.193374E+01  9.790204E+00 -4.255131E+00
  1.191650E+01  9.794871E+00 -4.232661E+00
  1.189926E+01  9.787277E+00 -4.210191E+00
  1.188660E+01  9.774959E+00 -4.193695E+00
  1.188202E+01  9.764696E+00 -4.187720E+00
  1.187475E+01  9.746636E+00 -4.178246E+00
  1.186478E+01  9.738665E+00 -4.165250E+00
  1.184802E+01  9.718313E+00 -4.143414E+00
  1.184753E+01  9.716909E+00 -4.142780E+00
  1.183925E+01  9.689990E+00 -4.131988E+00
  1.183029E+01  9.680017E+00 -4.120310E+00
  1.181504E+01  9.661667E+00 -4.100436E+00
  1.181305E+01  9.653000E+00 -4.097839E+00
  1.180880E+01  9.633344E+00 -4.092300E+00
  1.179581E+01  9.615406E+00 -4.075369E+00
  1.178726E+01  9.605020E+00 -4.064230E+00
  1.179026E+01  9.576697E+00 -4.068139E+00
  1.179581E+01  9.562674E+00 -4.075369E+00
  1.181305E+01  9.552669E+00 -4.097839E+00
  1.183029E+01  9.548851E+00 -4.120310E+00
  1.184688E+01  9.576697E+00 -4.141925E+00
  1.184753E+01  9.577362E+00 -4.142780E+00
  1.186478E+01  9.593632E+00 -4.165250E+00
  1.187756E+01  9.605020E+00 -4.181916E+00
  1.188202E+01  9.612361E+00 -4.187720E+00
  1.189067E+01  9.633344E+00 -4.199000E+00
  1.189926E+01  9.645876E+00 -4.210191E+00
  1.191650E+01  9.659814E+00 -4.232661E+00
  1.191763E+01  9.661667E+00 -4.234127E+00
  1.192956E+01  9.689990E+00 -4.249672E+00
  1.193374E+01  9.702393E+00 -4.255131E+00
  1.195099E+01  9.717251E+00 -4.277601E+00
  1.195145E+01  9.718313E+00 -4.278201E+00
  1.196066E+01  9.746636E+00 -4.290213E+00
  1.195643E+01  9.774959E+00 -4.284702E+00
  1.195099E+01  9.792683E+00 -4.277601E+00
Slice   =     75 , Freq(kT, average of all copies)              =   0.3321
Orbit # =      0 , Freq(kT, this largest copy used for outline) =   0.3385
Points  =     41
  kx            ky            kz
  3.819944E+00  6.672026E+00 -6.889621E+00
  3.802702E+00  6.677315E+00 -6.867151E+00
  3.785460E+00  6.678495E+00 -6.844681E+00
  3.768218E+00  6.662330E+00 -6.822210E+00
  3.764553E+00  6.657327E+00 -6.817434E+00
  3.750976E+00  6.640379E+00 -6.799740E+00
  3.742405E+00  6.629004E+00 -6.788570E+00
  3.733734E+00  6.620674E+00 -6.777270E+00
  3.717399E+00  6.600681E+00 -6.755982E+00
  3.716492E+00  6.598789E+00 -6.754800E+00
  3.703237E+00  6.572358E+00 -6.737526E+00
  3.699250E+00  6.567564E+00 -6.732329E+00
  3.682008E+00  6.549924E+00 -6.709859E+00
  3.676624E+00  6.544035E+00 -6.702843E+00
  3.670525E+00  6.515712E+00 -6.694895E+00
  3.664766E+00  6.505859E+00 -6.687389E+00
  3.647524E+00  6.489875E+00 -6.664919E+00
  3.645869E+00  6.487389E+00 -6.662763E+00
  3.647524E+00  6.474331E+00 -6.664919E+00
  3.652818E+00  6.459066E+00 -6.671819E+00
  3.664766E+00  6.435568E+00 -6.687389E+00
  3.680360E+00  6.430742E+00 -6.707712E+00
  3.682008E+00  6.430511E+00 -6.709859E+00
  3.699250E+00  6.428535E+00 -6.732329E+00
  3.700794E+00  6.430742E+00 -6.734342E+00
  3.716492E+00  6.455031E+00 -6.754800E+00
  3.719210E+00  6.459066E+00 -6.758343E+00
  3.733734E+00  6.473121E+00 -6.777270E+00
  3.743571E+00  6.487389E+00 -6.790090E+00
  3.750976E+00  6.498417E+00 -6.799740E+00
  3.758683E+00  6.515712E+00 -6.809784E+00
  3.768218E+00  6.532099E+00 -6.822210E+00
  3.778131E+00  6.544035E+00 -6.835129E+00
  3.785460E+00  6.553596E+00 -6.844681E+00
  3.793105E+00  6.572358E+00 -6.854644E+00
  3.802702E+00  6.599310E+00 -6.867151E+00
  3.804049E+00  6.600681E+00 -6.868907E+00
  3.819944E+00  6.617654E+00 -6.889621E+00
  3.824168E+00  6.629004E+00 -6.895127E+00
  3.823709E+00  6.657327E+00 -6.894527E+00
  3.819944E+00  6.672026E+00 -6.889621E+00
Slice   =     46 , Freq(kT, average of all copies)              =   0.3418
Orbit # =      0 , Freq(kT, this largest copy used for outline) =   0.3499
Points  =     37
  kx            ky            kz
  3.555766E+00  4.619026E+00 -3.789363E+00
  3.538524E+00  4.633035E+00 -3.766893E+00
  3.534133E+00  4.643602E+00 -3.761171E+00
  3.521282E+00  4.664020E+00 -3.744423E+00
  3.504040E+00  4.658033E+00 -3.721953E+00
  3.486798E+00  4.657017E+00 -3.699482E+00
  3.469556E+00  4.650222E+00 -3.677012E+00
  3.464609E+00  4.643602E+00 -3.670565E+00
  3.458215E+00  4.615279E+00 -3.662233E+00
  3.452314E+00  4.604049E+00 -3.654542E+00
  3.435130E+00  4.586956E+00 -3.632147E+00
  3.435072E+00  4.586898E+00 -3.632072E+00
  3.421318E+00  4.558633E+00 -3.614147E+00
  3.417830E+00  4.531198E+00 -3.609601E+00
  3.417670E+00  4.530310E+00 -3.609393E+00
  3.400588E+00  4.507478E+00 -3.587131E+00
  3.394990E+00  4.501986E+00 -3.579837E+00
  3.400588E+00  4.490451E+00 -3.587131E+00
  3.411315E+00  4.473663E+00 -3.601111E+00
  3.417830E+00  4.467788E+00 -3.609601E+00
  3.435072E+00  4.448164E+00 -3.632072E+00
  3.446797E+00  4.445340E+00 -3.647353E+00
  3.452314E+00  4.444278E+00 -3.654542E+00
  3.466050E+00  4.445340E+00 -3.672443E+00
  3.469556E+00  4.445713E+00 -3.677012E+00
  3.486798E+00  4.450605E+00 -3.699482E+00
  3.493487E+00  4.473663E+00 -3.708200E+00
  3.504040E+00  4.500514E+00 -3.721953E+00
  3.507523E+00  4.501986E+00 -3.726491E+00
  3.521282E+00  4.506772E+00 -3.744423E+00
  3.530056E+00  4.530310E+00 -3.755857E+00
  3.533591E+00  4.558633E+00 -3.760465E+00
  3.538524E+00  4.579129E+00 -3.766893E+00
  3.550402E+00  4.586956E+00 -3.782373E+00
  3.555766E+00  4.603414E+00 -3.789363E+00
  3.556911E+00  4.615279E+00 -3.790856E+00
  3.555766E+00  4.619026E+00 -3.789363E+00
Slice   =     75 , Freq(kT, average of all copies)              =   0.4283
Orbit # =      0 , Freq(kT, this largest copy used for outline) =   0.4366
Points  =     41
  kx            ky            kz
  2.445135E+00  4.929352E+00 -6.367769E+00
  2.427893E+00  4.931404E+00 -6.345299E+00
  2.410651E+00  4.947589E+00 -6.322828E+00
  2.393409E+00  4.945009E+00 -6.300358E+00
  2.376167E+00  4.943433E+00 -6.277888E+00
  2.358925E+00  4.936911E+00 -6.255418E+00
  2.352398E+00  4.928921E+00 -6.246912E+00
  2.343606E+00  4.900598E+00 -6.235454E+00
  2.341683E+00  4.898161E+00 -6.232947E+00
  2.324441E+00  4.882647E+00 -6.210477E+00
  2.315486E+00  4.872274E+00 -6.198807E+00
  2.307199E+00  4.852802E+00 -6.188007E+00
  2.304493E+00  4.843951E+00 -6.184481E+00
  2.293625E+00  4.815628E+00 -6.170317E+00
  2.289957E+00  4.809634E+00 -6.165537E+00
  2.272715E+00  4.788689E+00 -6.143066E+00
  2.272183E+00  4.787305E+00 -6.142374E+00
  2.272715E+00  4.770698E+00 -6.143066E+00
  2.273500E+00  4.758982E+00 -6.144089E+00
  2.276581E+00  4.730659E+00 -6.148105E+00
  2.286909E+00  4.702336E+00 -6.161564E+00
  2.289957E+00  4.698350E+00 -6.165537E+00
  2.307199E+00  4.690982E+00 -6.188007E+00
  2.324441E+00  4.684916E+00 -6.210477E+00
  2.337253E+00  4.702336E+00 -6.227174E+00
  2.341683E+00  4.708168E+00 -6.232947E+00
  2.358925E+00  4.725046E+00 -6.255418E+00
  2.362635E+00  4.730659E+00 -6.260252E+00
  2.376167E+00  4.749020E+00 -6.277888E+00
  2.380284E+00  4.758982E+00 -6.283253E+00
  2.390495E+00  4.787305E+00 -6.296560E+00
  2.393409E+00  4.792292E+00 -6.300358E+00
  2.410651E+00  4.807157E+00 -6.322828E+00
  2.414191E+00  4.815628E+00 -6.327442E+00
  2.419777E+00  4.843951E+00 -6.334722E+00
  2.427893E+00  4.871944E+00 -6.345299E+00
  2.428699E+00  4.872274E+00 -6.346350E+00
  2.445135E+00  4.884525E+00 -6.367769E+00
  2.448353E+00  4.900598E+00 -6.371963E+00
  2.445332E+00  4.928921E+00 -6.368026E+00
  2.445135E+00  4.929352E+00 -6.367769E+00
Slice   =    171 , Freq(kT, average of all copies)              =   0.4308
Orbit # =      0 , Freq(kT, this largest copy used for outline) =   0.4437
Points  =     41
  kx            ky            kz
  8.433591E+00  8.378877E+00 -5.374244E+00
  8.416349E+00  8.380820E+00 -5.351774E+00
  8.409346E+00  8.387821E+00 -5.342647E+00
  8.399107E+00  8.392043E+00 -5.329304E+00
  8.384540E+00  8.387821E+00 -5.310319E+00
  8.381865E+00  8.384258E+00 -5.306833E+00
  8.375726E+00  8.359498E+00 -5.298833E+00
  8.364623E+00  8.350125E+00 -5.284363E+00
  8.347381E+00  8.338280E+00 -5.261893E+00
  8.342713E+00  8.331175E+00 -5.255810E+00
  8.332482E+00  8.302852E+00 -5.242476E+00
  8.330139E+00  8.298240E+00 -5.239423E+00
  8.315209E+00  8.274529E+00 -5.219965E+00
  8.312897E+00  8.272122E+00 -5.216952E+00
  8.296542E+00  8.246206E+00 -5.195639E+00
  8.295655E+00  8.240179E+00 -5.194482E+00
  8.292241E+00  8.217883E+00 -5.190034E+00
  8.278413E+00  8.194831E+00 -5.172012E+00
  8.273364E+00  8.189560E+00 -5.165432E+00
  8.272894E+00  8.161236E+00 -5.164819E+00
  8.278413E+00  8.148988E+00 -5.172012E+00
  8.294513E+00  8.132913E+00 -5.192995E+00
  8.295655E+00  8.132223E+00 -5.194482E+00
  8.312897E+00  8.122278E+00 -5.216952E+00
  8.330139E+00  8.131165E+00 -5.239423E+00
  8.347276E+00  8.132913E+00 -5.261756E+00
  8.347381E+00  8.132923E+00 -5.261893E+00
  8.364623E+00  8.149762E+00 -5.284363E+00
  8.368492E+00  8.161236E+00 -5.289406E+00
  8.381865E+00  8.183213E+00 -5.306833E+00
  8.393896E+00  8.189560E+00 -5.322512E+00
  8.399107E+00  8.193001E+00 -5.329304E+00
  8.408079E+00  8.217883E+00 -5.340996E+00
  8.415434E+00  8.246206E+00 -5.350582E+00
  8.416349E+00  8.249057E+00 -5.351774E+00
  8.433591E+00  8.262320E+00 -5.374244E+00
  8.438739E+00  8.274529E+00 -5.380954E+00
  8.444599E+00  8.302852E+00 -5.388590E+00
  8.442336E+00  8.331175E+00 -5.385641E+00
  8.440125E+00  8.359498E+00 -5.382760E+00
  8.433591E+00  8.378877E+00 -5.374244E+00
Slice   =    133 , Freq(kT, average of all copies)              =   1.0363
Orbit # =      0 , Freq(kT, this largest copy used for outline) =   1.0592
Points  =     71
  kx            ky            kz
  7.570614E+00  4.877227E+00 -3.467924E-01
  7.553372E+00  4.886246E+00 -3.243222E-01
  7.536130E+00  4.891098E+00 -3.018519E-01
  7.518888E+00  4.892732E+00 -2.793817E-01
  7.501646E+00  4.897537E+00 -2.569114E-01
  7.490691E+00  4.901293E+00 -2.426345E-01
  7.484404E+00  4.902536E+00 -2.344412E-01
  7.467162E+00  4.903277E+00 -2.119709E-01
  7.449920E+00  4.903652E+00 -1.895007E-01
  7.432678E+00  4.913857E+00 -1.670304E-01
  7.415436E+00  4.920028E+00 -1.445602E-01
  7.401543E+00  4.929616E+00 -1.264547E-01
  7.398194E+00  4.932933E+00 -1.220899E-01
  7.380952E+00  4.935929E+00 -9.961967E-02
  7.367330E+00  4.957940E+00 -8.186718E-02
  7.363710E+00  4.959312E+00 -7.714942E-02
  7.346468E+00  4.961582E+00 -5.467917E-02
  7.339815E+00  4.957940E+00 -4.600896E-02
  7.343202E+00  4.929616E+00 -5.042302E-02
  7.329226E+00  4.927493E+00 -3.220892E-02
  7.311984E+00  4.923891E+00 -9.738664E-03
  7.294742E+00  4.913523E+00  1.273159E-02
  7.283901E+00  4.901293E+00  2.685890E-02
  7.277500E+00  4.894490E+00  3.520184E-02
  7.260258E+00  4.881805E+00  5.767209E-02
  7.243016E+00  4.872999E+00  8.014234E-02
  7.242963E+00  4.872970E+00  8.021119E-02
  7.243016E+00  4.872809E+00  8.014234E-02
  7.249759E+00  4.844647E+00  7.135378E-02
  7.243016E+00  4.837406E+00  8.014234E-02
  7.225774E+00  4.826656E+00  1.026126E-01
  7.215254E+00  4.816324E+00  1.163225E-01
  7.220466E+00  4.788001E+00  1.095299E-01
  7.208531E+00  4.763182E+00  1.250828E-01
  7.205028E+00  4.759678E+00  1.296487E-01
  7.208531E+00  4.756397E+00  1.250828E-01
  7.225774E+00  4.740632E+00  1.026126E-01
  7.243016E+00  4.735432E+00  8.014234E-02
  7.256770E+00  4.731354E+00  6.221770E-02
  7.260258E+00  4.730836E+00  5.767209E-02
  7.277500E+00  4.730380E+00  3.520184E-02
  7.294742E+00  4.727919E+00  1.273159E-02
  7.311984E+00  4.727320E+00 -9.738664E-03
  7.329226E+00  4.722828E+00 -3.220892E-02
  7.346468E+00  4.717597E+00 -5.467917E-02
  7.363710E+00  4.710235E+00 -7.714942E-02
  7.376556E+00  4.703031E+00 -9.389063E-02
  7.380952E+00  4.697276E+00 -9.961967E-02
  7.398194E+00  4.684770E+00 -1.220899E-01
  7.408043E+00  4.674708E+00 -1.349250E-01
  7.415436E+00  4.672987E+00 -1.445602E-01
  7.421880E+00  4.674708E+00 -1.529588E-01
  7.432678E+00  4.699045E+00 -1.670304E-01
  7.433685E+00  4.703031E+00 -1.683428E-01
  7.449920E+00  4.707920E+00 -1.895007E-01
  7.467162E+00  4.714415E+00 -2.119709E-01
  7.484404E+00  4.719989E+00 -2.344412E-01
  7.501646E+00  4.724505E+00 -2.569114E-01
  7.511398E+00  4.731354E+00 -2.696201E-01
  7.501646E+00  4.759350E+00 -2.569114E-01
  7.501458E+00  4.759678E+00 -2.566668E-01
  7.501646E+00  4.759800E+00 -2.569114E-01
  7.518888E+00  4.771062E+00 -2.793817E-01
  7.536130E+00  4.782647E+00 -3.018519E-01
  7.540618E+00  4.788001E+00 -3.077013E-01
  7.549389E+00  4.816324E+00 -3.191314E-01
  7.553372E+00  4.835484E+00 -3.243222E-01
  7.556689E+00  4.844647E+00 -3.286442E-01
  7.570614E+00  4.864497E+00 -3.467924E-01
  7.574302E+00  4.872970E+00 -3.515987E-01
  7.570614E+00  4.877227E+00 -3.467924E-01
Theta(deg) =   0.000000 , Phi(deg) =  55.000000 , Number of orbits =     8 , (Angstrom^-1) units
Slice   =    155 , Freq(kT, average of all copies)              =   0.2188
Orbit # =      0 , Freq(kT, this largest copy used for outline) =   0.2232
Points  =     33
  kx            ky            kz
  5.225750E+00  6.745826E+00 -4.337613E+00
  5.209504E+00  6.752937E+00 -4.314412E+00
  5.193259E+00  6.766981E+00 -4.291211E+00
  5.177013E+00  6.757370E+00 -4.268010E+00
  5.170706E+00  6.745080E+00 -4.259002E+00
  5.160768E+00  6.736395E+00 -4.244809E+00
  5.144522E+00  6.724538E+00 -4.221608E+00
  5.139843E+00  6.716757E+00 -4.214925E+00
  5.130308E+00  6.688434E+00 -4.201308E+00
  5.128277E+00  6.685624E+00 -4.198407E+00
  5.112031E+00  6.662197E+00 -4.175206E+00
  5.110572E+00  6.660110E+00 -4.173122E+00
  5.098108E+00  6.631787E+00 -4.155321E+00
  5.095786E+00  6.622851E+00 -4.152005E+00
  5.091700E+00  6.603464E+00 -4.146170E+00
  5.093146E+00  6.575141E+00 -4.148235E+00
  5.095786E+00  6.572964E+00 -4.152005E+00
  5.112031E+00  6.563871E+00 -4.175206E+00
  5.128277E+00  6.574311E+00 -4.198407E+00
  5.128961E+00  6.575141E+00 -4.199384E+00
  5.144522E+00  6.589800E+00 -4.221608E+00
  5.157838E+00  6.603464E+00 -4.240625E+00
  5.160768E+00  6.607829E+00 -4.244809E+00
  5.167948E+00  6.631787E+00 -4.255063E+00
  5.177013E+00  6.647371E+00 -4.268010E+00
  5.191376E+00  6.660110E+00 -4.288522E+00
  5.193259E+00  6.663621E+00 -4.291211E+00
  5.200778E+00  6.688434E+00 -4.301950E+00
  5.208718E+00  6.716757E+00 -4.313289E+00
  5.209504E+00  6.721754E+00 -4.314412E+00
  5.225750E+00  6.744218E+00 -4.337613E+00
  5.226047E+00  6.745080E+00 -4.338038E+00
  5.225750E+00  6.745826E+00 -4.337613E+00
Slice   =     86 , Freq(kT, average of all copies)              =   0.3236
Orbit # =      0 , Freq(kT, this largest copy used for outline) =   0.3304
Points  =     39
  kx            ky            kz
  2.412530E+00  4.003880E+00 -6.212413E+00
  2.396285E+00  4.004057E+00 -6.189212E+00
  2.380039E+00  4.008082E+00 -6.166011E+00
  2.365693E+00  3.994257E+00 -6.145522E+00
  2.363794E+00  3.990932E+00 -6.142810E+00
  2.350739E+00  3.965934E+00 -6.124166E+00
  2.347548E+00  3.962367E+00 -6.119609E+00
  2.331303E+00  3.937999E+00 -6.096408E+00
  2.331173E+00  3.937611E+00 -6.096223E+00
  2.315057E+00  3.910379E+00 -6.073207E+00
  2.314313E+00  3.909288E+00 -6.072143E+00
  2.304293E+00  3.880965E+00 -6.057834E+00
  2.298812E+00  3.873084E+00 -6.050006E+00
  2.282566E+00  3.854338E+00 -6.026805E+00
  2.281680E+00  3.852642E+00 -6.025540E+00
  2.278599E+00  3.824319E+00 -6.021139E+00
  2.266321E+00  3.803147E+00 -6.003604E+00
  2.261046E+00  3.795995E+00 -5.996071E+00
  2.266321E+00  3.770107E+00 -6.003604E+00
  2.268319E+00  3.767672E+00 -6.006458E+00
  2.282566E+00  3.756740E+00 -6.026805E+00
  2.298812E+00  3.750951E+00 -6.050006E+00
  2.307087E+00  3.767672E+00 -6.061824E+00
  2.315057E+00  3.777249E+00 -6.073207E+00
  2.331303E+00  3.790786E+00 -6.096408E+00
  2.335147E+00  3.795995E+00 -6.101899E+00
  2.347548E+00  3.814470E+00 -6.119609E+00
  2.352680E+00  3.824319E+00 -6.126938E+00
  2.363794E+00  3.844744E+00 -6.142810E+00
  2.369294E+00  3.852642E+00 -6.150665E+00
  2.380039E+00  3.866207E+00 -6.166011E+00
  2.388251E+00  3.880965E+00 -6.177738E+00
  2.396285E+00  3.906462E+00 -6.189212E+00
  2.398153E+00  3.909288E+00 -6.191880E+00
  2.412530E+00  3.926454E+00 -6.212413E+00
  2.417632E+00  3.937611E+00 -6.219699E+00
  2.422346E+00  3.965934E+00 -6.226431E+00
  2.417441E+00  3.994257E+00 -6.219427E+00
  2.412530E+00  4.003880E+00 -6.212413E+00
Slice   =     45 , Freq(kT, average of all copies)              =   0.3283
Orbit # =      0 , Freq(kT, this largest copy used for outline) =   0.3356
Points  =     41
  kx            ky            kz
  7.566784E-01  2.455875E+00 -1.821347E+00
  7.474722E-01  2.464112E+00 -1.808199E+00
  7.404330E-01  2.466521E+00 -1.798146E+00
  7.266785E-01  2.464112E+00 -1.778503E+00
  7.241875E-01  2.463388E+00 -1.774945E+00
  7.079420E-01  2.438427E+00 -1.751744E+00
  7.062865E-01  2.435789E+00 -1.749380E+00
  6.916965E-01  2.414109E+00 -1.728543E+00
  6.875254E-01  2.407466E+00 -1.722586E+00
  6.754510E-01  2.394667E+00 -1.705342E+00
  6.635282E-01  2.379143E+00 -1.688315E+00
  6.592055E-01  2.366274E+00 -1.682141E+00
  6.530356E-01  2.350820E+00 -1.673330E+00
  6.429601E-01  2.340495E+00 -1.658940E+00
  6.291546E-01  2.322497E+00 -1.639224E+00
  6.267146E-01  2.311104E+00 -1.635739E+00
  6.212148E-01  2.294174E+00 -1.627885E+00
  6.104691E-01  2.277326E+00 -1.612538E+00
  6.036038E-01  2.265851E+00 -1.602734E+00
  5.998894E-01  2.237527E+00 -1.597429E+00
  6.104691E-01  2.212481E+00 -1.612538E+00
  6.169757E-01  2.209204E+00 -1.621831E+00
  6.267146E-01  2.206522E+00 -1.635739E+00
  6.429601E-01  2.204300E+00 -1.658940E+00
  6.476569E-01  2.209204E+00 -1.665648E+00
  6.592055E-01  2.223436E+00 -1.682141E+00
  6.658996E-01  2.237527E+00 -1.691701E+00
  6.754510E-01  2.249377E+00 -1.705342E+00
  6.911169E-01  2.265851E+00 -1.727715E+00
  6.916965E-01  2.266507E+00 -1.728543E+00
  7.014041E-01  2.294174E+00 -1.742407E+00
  7.079420E-01  2.308312E+00 -1.751744E+00
  7.225451E-01  2.322497E+00 -1.772599E+00
  7.241875E-01  2.324086E+00 -1.774945E+00
  7.333858E-01  2.350820E+00 -1.788082E+00
  7.404330E-01  2.378003E+00 -1.798146E+00
  7.410984E-01  2.379143E+00 -1.799096E+00
  7.566784E-01  2.400392E+00 -1.821347E+00
  7.597280E-01  2.407466E+00 -1.825702E+00
  7.614633E-01  2.435789E+00 -1.828180E+00
  7.566784E-01  2.455875E+00 -1.821347E+00
Slice   =    213 , Freq(kT, average of all copies)              =   0.3562
Orbit # =      0 , Freq(kT, this largest copy used for outline) =   0.3649
Points  =     35
  kx            ky            kz
  1.077100E+01  9.368258E+00 -3.104855E+00
  1.075885E+01  9.379131E+00 -3.087502E+00
  1.075476E+01  9.380772E+00 -3.081654E+00
  1.073851E+01  9.400124E+00 -3.058453E+00
  1.072227E+01  9.397990E+00 -3.035252E+00
  1.070602E+01  9.395764E+00 -3.012051E+00
  1.068977E+01  9.391878E+00 -2.988851E+00
  1.068032E+01  9.379131E+00 -2.975346E+00
  1.067508E+01  9.350808E+00 -2.967862E+00
  1.067353E+01  9.348355E+00 -2.965650E+00
  1.065728E+01  9.332373E+00 -2.942449E+00
  1.064899E+01  9.322485E+00 -2.930611E+00
  1.064104E+01  9.296793E+00 -2.919248E+00
  1.064046E+01  9.294162E+00 -2.918428E+00
  1.063460E+01  9.265839E+00 -2.910050E+00
  1.062479E+01  9.246743E+00 -2.896047E+00
  1.061732E+01  9.237515E+00 -2.885370E+00
  1.062479E+01  9.225393E+00 -2.896047E+00
  1.063502E+01  9.209192E+00 -2.910650E+00
  1.064104E+01  9.203364E+00 -2.919248E+00
  1.065728E+01  9.186586E+00 -2.942449E+00
  1.067353E+01  9.186355E+00 -2.965650E+00
  1.068977E+01  9.186259E+00 -2.988851E+00
  1.070602E+01  9.198109E+00 -3.012051E+00
  1.070970E+01  9.209192E+00 -3.017313E+00
  1.072037E+01  9.237515E+00 -3.032541E+00
  1.072227E+01  9.240440E+00 -3.035252E+00
  1.073851E+01  9.248152E+00 -3.058453E+00
  1.074515E+01  9.265839E+00 -3.067938E+00
  1.074894E+01  9.294162E+00 -3.073351E+00
  1.075476E+01  9.314323E+00 -3.081654E+00
  1.076990E+01  9.322485E+00 -3.103278E+00
  1.077100E+01  9.324373E+00 -3.104855E+00
  1.077466E+01  9.350808E+00 -3.110087E+00
  1.077100E+01  9.368258E+00 -3.104855E+00
Slice   =     99 , Freq(kT, average of all copies)              =   0.4398
Orbit # =      0 , Freq(kT, this largest copy used for outline) =   0.4410
Points  =     39
  kx            ky            kz
  5.668894E+00  6.268979E+00 -4.852605E+00
  5.652649E+00  6.272528E+00 -4.829404E+00
  5.636403E+00  6.279675E+00 -4.806203E+00
  5.620158E+00  6.274582E+00 -4.783002E+00
  5.609400E+00  6.260804E+00 -4.767639E+00
  5.603912E+00  6.241093E+00 -4.759801E+00
  5.600429E+00  6.232480E+00 -4.754826E+00
  5.587667E+00  6.223755E+00 -4.736600E+00
  5.573315E+00  6.204157E+00 -4.716104E+00
  5.571421E+00  6.195396E+00 -4.713399E+00
  5.567384E+00  6.175834E+00 -4.707634E+00
  5.555176E+00  6.155432E+00 -4.690198E+00
  5.550091E+00  6.147511E+00 -4.682936E+00
  5.538930E+00  6.124301E+00 -4.666997E+00
  5.537296E+00  6.119188E+00 -4.664664E+00
  5.533587E+00  6.090865E+00 -4.659366E+00
  5.522685E+00  6.072125E+00 -4.643797E+00
  5.514130E+00  6.062542E+00 -4.631578E+00
  5.522685E+00  6.044555E+00 -4.643797E+00
  5.534610E+00  6.034219E+00 -4.660827E+00
  5.538930E+00  6.030959E+00 -4.666997E+00
  5.555176E+00  6.021676E+00 -4.690198E+00
  5.571421E+00  6.025080E+00 -4.713399E+00
  5.587667E+00  6.023043E+00 -4.736600E+00
  5.597879E+00  6.034219E+00 -4.751185E+00
  5.603912E+00  6.041032E+00 -4.759801E+00
  5.616788E+00  6.062542E+00 -4.778189E+00
  5.620158E+00  6.066303E+00 -4.783002E+00
  5.636403E+00  6.075820E+00 -4.806203E+00
  5.641880E+00  6.090865E+00 -4.814025E+00
  5.648001E+00  6.119188E+00 -4.822767E+00
  5.652649E+00  6.130618E+00 -4.829404E+00
  5.668894E+00  6.140213E+00 -4.852605E+00
  5.672398E+00  6.147511E+00 -4.857609E+00
  5.677979E+00  6.175834E+00 -4.865579E+00
  5.678632E+00  6.204157E+00 -4.866512E+00
  5.677562E+00  6.232480E+00 -4.864985E+00
  5.672768E+00  6.260804E+00 -4.858138E+00
  5.668894E+00  6.268979E+00 -4.852605E+00
Slice   =     57 , Freq(kT, average of all copies)              =   0.4436
Orbit # =      0 , Freq(kT, this largest copy used for outline) =   0.4534
Points  =     41
  kx            ky            kz
  2.377408E+00  3.349946E+00 -2.623704E+00
  2.361162E+00  3.351045E+00 -2.600503E+00
  2.344917E+00  3.365508E+00 -2.577302E+00
  2.328671E+00  3.360699E+00 -2.554101E+00
  2.312426E+00  3.354722E+00 -2.530900E+00
  2.296180E+00  3.348836E+00 -2.507699E+00
  2.290404E+00  3.341434E+00 -2.499449E+00
  2.282370E+00  3.313111E+00 -2.487976E+00
  2.279935E+00  3.309255E+00 -2.484498E+00
  2.263689E+00  3.293411E+00 -2.461297E+00
  2.256664E+00  3.284788E+00 -2.451264E+00
  2.247444E+00  3.263874E+00 -2.438096E+00
  2.245152E+00  3.256464E+00 -2.434823E+00
  2.234721E+00  3.228141E+00 -2.419926E+00
  2.231198E+00  3.222223E+00 -2.414895E+00
  2.214953E+00  3.200887E+00 -2.391694E+00
  2.214586E+00  3.199818E+00 -2.391170E+00
  2.214953E+00  3.186699E+00 -2.391694E+00
  2.215840E+00  3.171495E+00 -2.392961E+00
  2.218493E+00  3.143172E+00 -2.396750E+00
  2.228437E+00  3.114849E+00 -2.410952E+00
  2.231198E+00  3.110953E+00 -2.414895E+00
  2.247444E+00  3.103773E+00 -2.438096E+00
  2.263689E+00  3.098459E+00 -2.461297E+00
  2.275130E+00  3.114849E+00 -2.477635E+00
  2.279935E+00  3.120949E+00 -2.484498E+00
  2.296180E+00  3.136913E+00 -2.507699E+00
  2.300744E+00  3.143172E+00 -2.514216E+00
  2.312426E+00  3.159123E+00 -2.530900E+00
  2.316983E+00  3.171495E+00 -2.537408E+00
  2.328671E+00  3.199809E+00 -2.554101E+00
  2.328680E+00  3.199818E+00 -2.554114E+00
  2.344917E+00  3.211150E+00 -2.577302E+00
  2.350915E+00  3.228141E+00 -2.585869E+00
  2.355596E+00  3.256464E+00 -2.592553E+00
  2.361162E+00  3.274810E+00 -2.600503E+00
  2.377408E+00  3.281975E+00 -2.623704E+00
  2.378490E+00  3.284788E+00 -2.625250E+00
  2.382869E+00  3.313111E+00 -2.631504E+00
  2.381789E+00  3.341434E+00 -2.629961E+00
  2.377408E+00  3.349946E+00 -2.623704E+00
Slice   =     86 , Freq(kT, average of all copies)              =   0.4437
Orbit # =      0 , Freq(kT, this largest copy used for outline) =   0.4555
Points  =     41
  kx            ky            kz
  3.787339E+00  5.751774E+00 -6.734265E+00
  3.771094E+00  5.750998E+00 -6.711064E+00
  3.754848E+00  5.755467E+00 -6.687863E+00
  3.741174E+00  5.750987E+00 -6.668335E+00
  3.738603E+00  5.748489E+00 -6.664662E+00
  3.729959E+00  5.722664E+00 -6.652318E+00
  3.722357E+00  5.717274E+00 -6.641461E+00
  3.706112E+00  5.708927E+00 -6.618260E+00
  3.695091E+00  5.694341E+00 -6.602521E+00
  3.689866E+00  5.668409E+00 -6.595059E+00
  3.689285E+00  5.666018E+00 -6.594230E+00
  3.673621E+00  5.647012E+00 -6.571858E+00
  3.667374E+00  5.637695E+00 -6.562937E+00
  3.657375E+00  5.614192E+00 -6.548657E+00
  3.655906E+00  5.609372E+00 -6.546559E+00
  3.648433E+00  5.581048E+00 -6.535887E+00
  3.641130E+00  5.569889E+00 -6.525456E+00
  3.627550E+00  5.552725E+00 -6.506063E+00
  3.633500E+00  5.524402E+00 -6.514560E+00
  3.641130E+00  5.509866E+00 -6.525456E+00
  3.655402E+00  5.496079E+00 -6.545839E+00
  3.657375E+00  5.494904E+00 -6.548657E+00
  3.673621E+00  5.484913E+00 -6.571858E+00
  3.685991E+00  5.496079E+00 -6.589525E+00
  3.689866E+00  5.498786E+00 -6.595059E+00
  3.706112E+00  5.502775E+00 -6.618260E+00
  3.722357E+00  5.521432E+00 -6.641461E+00
  3.723508E+00  5.524402E+00 -6.643104E+00
  3.737312E+00  5.552725E+00 -6.662819E+00
  3.738603E+00  5.554410E+00 -6.664662E+00
  3.754848E+00  5.565330E+00 -6.687863E+00
  3.761144E+00  5.581048E+00 -6.696855E+00
  3.767563E+00  5.609372E+00 -6.706022E+00
  3.771094E+00  5.619747E+00 -6.711064E+00
  3.787339E+00  5.630344E+00 -6.734265E+00
  3.790561E+00  5.637695E+00 -6.738866E+00
  3.796951E+00  5.666018E+00 -6.747993E+00
  3.796111E+00  5.694341E+00 -6.746793E+00
  3.793654E+00  5.722664E+00 -6.743283E+00
  3.787717E+00  5.750987E+00 -6.734805E+00
  3.787339E+00  5.751774E+00 -6.734265E+00
Slice   =    232 , Freq(kT, average of all copies)              =   0.8865
Orbit # =      0 , Freq(kT, this largest copy used for outline) =   0.9009
Points  =     65
  kx            ky            kz
  1.181290E+01  1.119662E+01 -4.698331E+00
  1.179666E+01  1.121235E+01 -4.675130E+00
  1.178041E+01  1.121537E+01 -4.651929E+00
  1.176417E+01  1.122006E+01 -4.628728E+00
  1.175914E+01  1.122153E+01 -4.621550E+00
  1.174792E+01  1.122441E+01 -4.605527E+00
  1.173167E+01  1.122915E+01 -4.582326E+00
  1.171543E+01  1.123334E+01 -4.559125E+00
  1.169918E+01  1.123578E+01 -4.535924E+00
  1.168294E+01  1.124252E+01 -4.512723E+00
  1.166875E+01  1.124985E+01 -4.492461E+00
  1.166669E+01  1.125111E+01 -4.489522E+00
  1.165045E+01  1.125623E+01 -4.466321E+00
  1.164341E+01  1.124985E+01 -4.456269E+00
  1.163420E+01  1.124574E+01 -4.443120E+00
  1.161796E+01  1.124383E+01 -4.419919E+00
  1.160171E+01  1.123872E+01 -4.396718E+00
  1.158547E+01  1.122778E+01 -4.373517E+00
  1.157961E+01  1.122153E+01 -4.365152E+00
  1.156922E+01  1.120092E+01 -4.350316E+00
  1.155770E+01  1.119320E+01 -4.333867E+00
  1.155297E+01  1.118479E+01 -4.327115E+00
  1.154805E+01  1.116488E+01 -4.320078E+00
  1.153673E+01  1.115464E+01 -4.303915E+00
  1.152048E+01  1.114616E+01 -4.280714E+00
  1.151206E+01  1.113656E+01 -4.268676E+00
  1.152048E+01  1.111727E+01 -4.280714E+00
  1.152873E+01  1.110823E+01 -4.292492E+00
  1.152048E+01  1.109940E+01 -4.280714E+00
  1.150424E+01  1.109322E+01 -4.257513E+00
  1.149337E+01  1.107991E+01 -4.241987E+00
  1.150424E+01  1.106837E+01 -4.257513E+00
  1.152048E+01  1.106533E+01 -4.280714E+00
  1.153673E+01  1.106162E+01 -4.303915E+00
  1.155297E+01  1.105560E+01 -4.327115E+00
  1.156279E+01  1.105159E+01 -4.341129E+00
  1.156922E+01  1.105025E+01 -4.350316E+00
  1.158547E+01  1.104905E+01 -4.373517E+00
  1.160171E+01  1.104200E+01 -4.396718E+00
  1.161796E+01  1.103982E+01 -4.419919E+00
  1.163392E+01  1.102326E+01 -4.442712E+00
  1.163420E+01  1.102268E+01 -4.443120E+00
  1.165045E+01  1.101513E+01 -4.466321E+00
  1.166420E+01  1.099494E+01 -4.485960E+00
  1.166669E+01  1.099346E+01 -4.489522E+00
  1.168294E+01  1.099226E+01 -4.512723E+00
  1.169918E+01  1.099384E+01 -4.535924E+00
  1.170171E+01  1.099494E+01 -4.539529E+00
  1.169918E+01  1.100049E+01 -4.535924E+00
  1.168726E+01  1.102326E+01 -4.518891E+00
  1.169918E+01  1.102928E+01 -4.535924E+00
  1.171543E+01  1.103672E+01 -4.559125E+00
  1.173167E+01  1.104393E+01 -4.582326E+00
  1.174171E+01  1.105159E+01 -4.596660E+00
  1.174792E+01  1.106801E+01 -4.605527E+00
  1.175353E+01  1.107991E+01 -4.613540E+00
  1.176417E+01  1.109633E+01 -4.628728E+00
  1.176958E+01  1.110823E+01 -4.636461E+00
  1.178041E+01  1.112247E+01 -4.651929E+00
  1.179535E+01  1.113656E+01 -4.673259E+00
  1.179563E+01  1.116488E+01 -4.673664E+00
  1.179666E+01  1.116578E+01 -4.675130E+00
  1.181290E+01  1.119037E+01 -4.698331E+00
  1.181700E+01  1.119320E+01 -4.704189E+00
  1.181290E+01  1.119662E+01 -4.698331E+00
Theta(deg) =   0.000000 , Phi(deg) =  57.500000 , Number of orbits =     9 , (Angstrom^-1) units
Slice   =    142 , Freq(kT, average of all copies)              =   0.2152
Orbit # =      0 , Freq(kT, this largest copy used for outline) =   0.2191
Points  =     31
  kx            ky            kz
  8.127601E+00  6.232621E+00 -2.412434E+00
  8.112383E+00  6.248522E+00 -2.388546E+00
  8.097824E+00  6.232480E+00 -2.365692E+00
  8.097165E+00  6.231884E+00 -2.364659E+00
  8.081947E+00  6.220336E+00 -2.340771E+00
  8.067077E+00  6.204157E+00 -2.317429E+00
  8.066729E+00  6.203455E+00 -2.316884E+00
  8.057132E+00  6.175834E+00 -2.301819E+00
  8.051511E+00  6.165677E+00 -2.292996E+00
  8.041426E+00  6.147511E+00 -2.277166E+00
  8.036293E+00  6.137068E+00 -2.269109E+00
  8.024611E+00  6.119188E+00 -2.250771E+00
  8.021075E+00  6.098122E+00 -2.245221E+00
  8.019996E+00  6.090865E+00 -2.243528E+00
  8.008120E+00  6.062542E+00 -2.224885E+00
  8.021075E+00  6.047241E+00 -2.245221E+00
  8.036293E+00  6.040453E+00 -2.269109E+00
  8.051511E+00  6.050519E+00 -2.292996E+00
  8.059460E+00  6.062542E+00 -2.305473E+00
  8.066729E+00  6.071051E+00 -2.316884E+00
  8.081947E+00  6.086133E+00 -2.340771E+00
  8.084516E+00  6.090865E+00 -2.344804E+00
  8.090912E+00  6.119188E+00 -2.354843E+00
  8.097165E+00  6.133101E+00 -2.364659E+00
  8.112383E+00  6.146301E+00 -2.388546E+00
  8.112998E+00  6.147511E+00 -2.389511E+00
  8.120856E+00  6.175834E+00 -2.401846E+00
  8.125129E+00  6.204157E+00 -2.408554E+00
  8.127601E+00  6.231857E+00 -2.412434E+00
  8.127741E+00  6.232480E+00 -2.412652E+00
  8.127601E+00  6.232621E+00 -2.412434E+00
Slice   =     74 , Freq(kT, average of all copies)              =   0.3199
Orbit # =      0 , Freq(kT, this largest copy used for outline) =   0.3258
Points  =     39
  kx            ky            kz
  5.341496E+00  5.058540E+00 -3.781683E+00
  5.326278E+00  5.051847E+00 -3.757796E+00
  5.311060E+00  5.057406E+00 -3.733908E+00
  5.295841E+00  5.049717E+00 -3.710021E+00
  5.291037E+00  5.040822E+00 -3.702480E+00
  5.282121E+00  5.012499E+00 -3.688484E+00
  5.280623E+00  5.011079E+00 -3.686133E+00
  5.265405E+00  4.990847E+00 -3.662246E+00
  5.263053E+00  4.984175E+00 -3.658553E+00
  5.250187E+00  4.956729E+00 -3.638358E+00
  5.249654E+00  4.955852E+00 -3.637521E+00
  5.239066E+00  4.927529E+00 -3.620901E+00
  5.234969E+00  4.920569E+00 -3.614471E+00
  5.219751E+00  4.900514E+00 -3.590583E+00
  5.219147E+00  4.899206E+00 -3.589634E+00
  5.216255E+00  4.870883E+00 -3.585095E+00
  5.204533E+00  4.849127E+00 -3.566696E+00
  5.200691E+00  4.842560E+00 -3.560664E+00
  5.204448E+00  4.814237E+00 -3.566562E+00
  5.204533E+00  4.814106E+00 -3.566696E+00
  5.219751E+00  4.802023E+00 -3.590583E+00
  5.234969E+00  4.798275E+00 -3.614471E+00
  5.242619E+00  4.814237E+00 -3.626477E+00
  5.250187E+00  4.823752E+00 -3.638358E+00
  5.265405E+00  4.841962E+00 -3.662246E+00
  5.265725E+00  4.842560E+00 -3.662747E+00
  5.280623E+00  4.864244E+00 -3.686133E+00
  5.284229E+00  4.870883E+00 -3.691793E+00
  5.294164E+00  4.899206E+00 -3.707387E+00
  5.295841E+00  4.902733E+00 -3.710021E+00
  5.311060E+00  4.918810E+00 -3.733908E+00
  5.315631E+00  4.927529E+00 -3.741084E+00
  5.324207E+00  4.955852E+00 -3.754545E+00
  5.326278E+00  4.964311E+00 -3.757796E+00
  5.341496E+00  4.982874E+00 -3.781683E+00
  5.341947E+00  4.984175E+00 -3.782392E+00
  5.350307E+00  5.012499E+00 -3.795515E+00
  5.345714E+00  5.040822E+00 -3.788305E+00
  5.341496E+00  5.058540E+00 -3.781683E+00
Slice   =    226 , Freq(kT, average of all copies)              =   0.3222
Orbit # =      0 , Freq(kT, this largest copy used for outline) =   0.3286
Points  =     41
  kx            ky            kz
  1.097114E+01  9.828509E+00 -2.447933E+00
  1.096235E+01  9.833693E+00 -2.434132E+00
  1.095592E+01  9.835827E+00 -2.424045E+00
  1.094070E+01  9.841301E+00 -2.400158E+00
  1.093516E+01  9.833693E+00 -2.391456E+00
  1.092549E+01  9.812431E+00 -2.376270E+00
  1.092197E+01  9.805370E+00 -2.370751E+00
  1.091027E+01  9.788940E+00 -2.352383E+00
  1.090350E+01  9.777046E+00 -2.341762E+00
  1.089505E+01  9.766216E+00 -2.328495E+00
  1.088159E+01  9.748723E+00 -2.307371E+00
  1.087983E+01  9.742757E+00 -2.304608E+00
  1.087346E+01  9.720400E+00 -2.294599E+00
  1.086461E+01  9.710124E+00 -2.280720E+00
  1.085330E+01  9.692077E+00 -2.262960E+00
  1.084940E+01  9.676847E+00 -2.256833E+00
  1.084367E+01  9.663754E+00 -2.247840E+00
  1.083418E+01  9.640437E+00 -2.232945E+00
  1.083190E+01  9.635431E+00 -2.229369E+00
  1.081980E+01  9.607108E+00 -2.210383E+00
  1.083418E+01  9.580347E+00 -2.232945E+00
  1.083733E+01  9.578785E+00 -2.237897E+00
  1.084940E+01  9.574639E+00 -2.256833E+00
  1.086461E+01  9.572332E+00 -2.280720E+00
  1.086872E+01  9.578785E+00 -2.287163E+00
  1.087983E+01  9.597713E+00 -2.304608E+00
  1.088439E+01  9.607108E+00 -2.311766E+00
  1.089505E+01  9.620249E+00 -2.328495E+00
  1.090436E+01  9.635431E+00 -2.343110E+00
  1.091027E+01  9.645188E+00 -2.352383E+00
  1.091714E+01  9.663754E+00 -2.363165E+00
  1.092549E+01  9.683101E+00 -2.376270E+00
  1.093050E+01  9.692077E+00 -2.384133E+00
  1.094070E+01  9.706031E+00 -2.400158E+00
  1.094640E+01  9.720400E+00 -2.409102E+00
  1.095238E+01  9.748723E+00 -2.418487E+00
  1.095592E+01  9.761223E+00 -2.424045E+00
  1.097114E+01  9.777012E+00 -2.447933E+00
  1.097115E+01  9.777046E+00 -2.447953E+00
  1.097600E+01  9.805370E+00 -2.455556E+00
  1.097114E+01  9.828509E+00 -2.447933E+00
Slice   =    218 , Freq(kT, average of all copies)              =   0.3734
Orbit # =      0 , Freq(kT, this largest copy used for outline) =   0.3734
Points  =     37
  kx            ky            kz
  9.080466E+00  8.320566E+00 -4.217913E+00
  9.079648E+00  8.332567E+00 -4.216630E+00
  9.065248E+00  8.353757E+00 -4.194026E+00
  9.050030E+00  8.358059E+00 -4.170139E+00
  9.037205E+00  8.360890E+00 -4.150008E+00
  9.034812E+00  8.361434E+00 -4.146251E+00
  9.019594E+00  8.362530E+00 -4.122364E+00
  9.018156E+00  8.360890E+00 -4.120106E+00
  9.004376E+00  8.333410E+00 -4.098476E+00
  9.004064E+00  8.332567E+00 -4.097987E+00
  8.989158E+00  8.308086E+00 -4.074589E+00
  8.986669E+00  8.304244E+00 -4.070682E+00
  8.973940E+00  8.287652E+00 -4.050701E+00
  8.969687E+00  8.275920E+00 -4.044026E+00
  8.965358E+00  8.247597E+00 -4.037230E+00
  8.958722E+00  8.236932E+00 -4.026814E+00
  8.943504E+00  8.225755E+00 -4.002926E+00
  8.940530E+00  8.219274E+00 -3.998258E+00
  8.943375E+00  8.190951E+00 -4.002723E+00
  8.943504E+00  8.189228E+00 -4.002926E+00
  8.958722E+00  8.162794E+00 -4.026814E+00
  8.958869E+00  8.162628E+00 -4.027045E+00
  8.973940E+00  8.151970E+00 -4.050701E+00
  8.989158E+00  8.142445E+00 -4.074589E+00
  9.004376E+00  8.152623E+00 -4.098476E+00
  9.019594E+00  8.155148E+00 -4.122364E+00
  9.027890E+00  8.162628E+00 -4.135385E+00
  9.034812E+00  8.182538E+00 -4.146251E+00
  9.036173E+00  8.190951E+00 -4.148387E+00
  9.050030E+00  8.212971E+00 -4.170139E+00
  9.061079E+00  8.219274E+00 -4.187482E+00
  9.065248E+00  8.224677E+00 -4.194026E+00
  9.070752E+00  8.247597E+00 -4.202665E+00
  9.076313E+00  8.275920E+00 -4.211395E+00
  9.080466E+00  8.300172E+00 -4.217913E+00
  9.085149E+00  8.304244E+00 -4.225265E+00
  9.080466E+00  8.320566E+00 -4.217913E+00
Slice   =     51 , Freq(kT, average of all copies)              =   0.3738
Orbit # =      0 , Freq(kT, this largest copy used for outline) =   0.3815
Points  =     39
  kx            ky            kz
  2.919922E+00  5.694793E+00 -8.188897E+00
  2.904704E+00  5.697374E+00 -8.165010E+00
  2.890670E+00  5.721273E+00 -8.142981E+00
  2.889486E+00  5.723262E+00 -8.141122E+00
  2.874268E+00  5.728341E+00 -8.117235E+00
  2.859050E+00  5.731478E+00 -8.093347E+00
  2.843832E+00  5.731589E+00 -8.069460E+00
  2.832361E+00  5.721273E+00 -8.051454E+00
  2.828614E+00  5.703580E+00 -8.045573E+00
  2.826846E+00  5.692949E+00 -8.042797E+00
  2.813396E+00  5.677069E+00 -8.021685E+00
  2.802862E+00  5.664626E+00 -8.005151E+00
  2.798178E+00  5.654554E+00 -7.997798E+00
  2.793800E+00  5.636303E+00 -7.990926E+00
  2.786345E+00  5.607980E+00 -7.979224E+00
  2.782960E+00  5.602036E+00 -7.973910E+00
  2.767742E+00  5.585808E+00 -7.950023E+00
  2.765543E+00  5.579657E+00 -7.946571E+00
  2.767742E+00  5.557921E+00 -7.950023E+00
  2.770168E+00  5.551334E+00 -7.953831E+00
  2.782960E+00  5.536170E+00 -7.973910E+00
  2.798178E+00  5.523313E+00 -7.997798E+00
  2.798506E+00  5.523011E+00 -7.998312E+00
  2.813396E+00  5.509488E+00 -8.021685E+00
  2.828614E+00  5.519011E+00 -8.045573E+00
  2.843832E+00  5.521619E+00 -8.069460E+00
  2.845929E+00  5.523011E+00 -8.072752E+00
  2.859050E+00  5.545946E+00 -8.093347E+00
  2.860296E+00  5.551334E+00 -8.095303E+00
  2.874268E+00  5.578499E+00 -8.117235E+00
  2.876149E+00  5.579657E+00 -8.120188E+00
  2.889486E+00  5.591771E+00 -8.141122E+00
  2.894330E+00  5.607980E+00 -8.148726E+00
  2.899474E+00  5.636303E+00 -8.156801E+00
  2.904704E+00  5.664228E+00 -8.165010E+00
  2.905368E+00  5.664626E+00 -8.166052E+00
  2.919922E+00  5.684171E+00 -8.188897E+00
  2.920846E+00  5.692949E+00 -8.190347E+00
  2.919922E+00  5.694793E+00 -8.188897E+00
Slice   =    162 , Freq(kT, average of all copies)              =   0.3806
Orbit # =      0 , Freq(kT, this largest copy used for outline) =   0.3806
Points  =     35
  kx            ky            kz
  1.127888E+01  9.390203E+00 -3.032340E+00
  1.126366E+01  9.404138E+00 -3.008453E+00
  1.125727E+01  9.406063E+00 -2.998415E+00
  1.124844E+01  9.408619E+00 -2.984565E+00
  1.123322E+01  9.414329E+00 -2.960678E+00
  1.122379E+01  9.406063E+00 -2.945870E+00
  1.121801E+01  9.395411E+00 -2.936790E+00
  1.121290E+01  9.377740E+00 -2.928768E+00
  1.120279E+01  9.360272E+00 -2.912903E+00
  1.119303E+01  9.349416E+00 -2.897581E+00
  1.118757E+01  9.343658E+00 -2.889016E+00
  1.118086E+01  9.321093E+00 -2.878477E+00
  1.117573E+01  9.292770E+00 -2.870437E+00
  1.117235E+01  9.287261E+00 -2.865128E+00
  1.115713E+01  9.277135E+00 -2.841241E+00
  1.115113E+01  9.264447E+00 -2.831808E+00
  1.115246E+01  9.236124E+00 -2.833903E+00
  1.115504E+01  9.207801E+00 -2.837949E+00
  1.115713E+01  9.205054E+00 -2.841241E+00
  1.117235E+01  9.201008E+00 -2.865128E+00
  1.118757E+01  9.190312E+00 -2.889016E+00
  1.120279E+01  9.182754E+00 -2.912903E+00
  1.121801E+01  9.201356E+00 -2.936790E+00
  1.123322E+01  9.202040E+00 -2.960678E+00
  1.123755E+01  9.207801E+00 -2.967463E+00
  1.124534E+01  9.236124E+00 -2.979694E+00
  1.124844E+01  9.242960E+00 -2.984565E+00
  1.126366E+01  9.262705E+00 -3.008453E+00
  1.126546E+01  9.264447E+00 -3.011274E+00
  1.127888E+01  9.290733E+00 -3.032340E+00
  1.127952E+01  9.292770E+00 -3.033345E+00
  1.128458E+01  9.321093E+00 -3.041292E+00
  1.129114E+01  9.349416E+00 -3.051585E+00
  1.128879E+01  9.377740E+00 -3.047899E+00
  1.127888E+01  9.390203E+00 -3.032340E+00
Slice   =    121 , Freq(kT, average of all copies)              =   0.4576
Orbit # =      0 , Freq(kT, this largest copy used for outline) =   0.4646
Points  =     45
  kx            ky            kz
  4.998091E+00  4.676463E+00 -1.357555E+00
  4.986230E+00  4.674708E+00 -1.338937E+00
  4.982873E+00  4.673982E+00 -1.333668E+00
  4.981861E+00  4.674708E+00 -1.332079E+00
  4.967655E+00  4.688430E+00 -1.309780E+00
  4.954996E+00  4.674708E+00 -1.289910E+00
  4.952437E+00  4.673730E+00 -1.285893E+00
  4.937219E+00  4.667561E+00 -1.262005E+00
  4.922001E+00  4.659567E+00 -1.238118E+00
  4.913406E+00  4.646385E+00 -1.224627E+00
  4.906783E+00  4.626524E+00 -1.214230E+00
  4.902962E+00  4.618062E+00 -1.208234E+00
  4.891565E+00  4.607670E+00 -1.190343E+00
  4.876347E+00  4.591510E+00 -1.166455E+00
  4.875439E+00  4.589739E+00 -1.165031E+00
  4.870652E+00  4.561416E+00 -1.157517E+00
  4.861129E+00  4.538886E+00 -1.142568E+00
  4.854332E+00  4.533093E+00 -1.131899E+00
  4.845911E+00  4.512759E+00 -1.118680E+00
  4.844748E+00  4.504769E+00 -1.116855E+00
  4.845821E+00  4.476446E+00 -1.118540E+00
  4.845911E+00  4.474896E+00 -1.118680E+00
  4.850322E+00  4.448123E+00 -1.125604E+00
  4.861129E+00  4.426649E+00 -1.142568E+00
  4.876347E+00  4.420442E+00 -1.166455E+00
  4.883933E+00  4.419800E+00 -1.178364E+00
  4.891565E+00  4.419205E+00 -1.190343E+00
  4.891977E+00  4.419800E+00 -1.190991E+00
  4.906783E+00  4.439587E+00 -1.214230E+00
  4.913397E+00  4.448123E+00 -1.224612E+00
  4.922001E+00  4.455447E+00 -1.238118E+00
  4.937219E+00  4.475775E+00 -1.262005E+00
  4.937530E+00  4.476446E+00 -1.262494E+00
  4.947013E+00  4.504769E+00 -1.277379E+00
  4.952437E+00  4.513363E+00 -1.285893E+00
  4.967655E+00  4.523538E+00 -1.309780E+00
  4.971043E+00  4.533093E+00 -1.315099E+00
  4.976673E+00  4.561416E+00 -1.323937E+00
  4.982873E+00  4.582109E+00 -1.333668E+00
  4.998091E+00  4.586996E+00 -1.357555E+00
  4.999146E+00  4.589739E+00 -1.359212E+00
  5.004560E+00  4.618062E+00 -1.367710E+00
  5.005125E+00  4.646385E+00 -1.368597E+00
  4.999502E+00  4.674708E+00 -1.359771E+00
  4.998091E+00  4.676463E+00 -1.357555E+00
Slice   =    228 , Freq(kT, average of all copies)              =   0.4593
Orbit # =      0 , Freq(kT, this largest copy used for outline) =   0.4668
Points  =     43
  kx            ky            kz
  1.400199E+01  1.074050E+01 -1.669640E+00
  1.398677E+01  1.074113E+01 -1.645752E+00
  1.397156E+01  1.074450E+01 -1.621865E+00
  1.395640E+01  1.073934E+01 -1.598069E+00
  1.395634E+01  1.073929E+01 -1.597977E+00
  1.394570E+01  1.071101E+01 -1.581287E+00
  1.394112E+01  1.070759E+01 -1.574090E+00
  1.392590E+01  1.069912E+01 -1.550202E+00
  1.391465E+01  1.068269E+01 -1.532536E+00
  1.391068E+01  1.066559E+01 -1.526315E+00
  1.390732E+01  1.065437E+01 -1.521029E+00
  1.389547E+01  1.064088E+01 -1.502427E+00
  1.388304E+01  1.062604E+01 -1.482923E+00
  1.388025E+01  1.061763E+01 -1.478540E+00
  1.387643E+01  1.059772E+01 -1.472547E+00
  1.386555E+01  1.056940E+01 -1.455472E+00
  1.386503E+01  1.056832E+01 -1.454652E+00
  1.384981E+01  1.054237E+01 -1.430765E+00
  1.384952E+01  1.054108E+01 -1.430300E+00
  1.384981E+01  1.052658E+01 -1.430765E+00
  1.385104E+01  1.051275E+01 -1.432699E+00
  1.386503E+01  1.049308E+01 -1.454652E+00
  1.387507E+01  1.048443E+01 -1.470415E+00
  1.388025E+01  1.048130E+01 -1.478540E+00
  1.389547E+01  1.047159E+01 -1.502427E+00
  1.390496E+01  1.048443E+01 -1.517326E+00
  1.391068E+01  1.049026E+01 -1.526315E+00
  1.392590E+01  1.049369E+01 -1.550202E+00
  1.393890E+01  1.051275E+01 -1.570606E+00
  1.394112E+01  1.051724E+01 -1.574090E+00
  1.395233E+01  1.054108E+01 -1.591693E+00
  1.395634E+01  1.054592E+01 -1.597977E+00
  1.397156E+01  1.055866E+01 -1.621865E+00
  1.397577E+01  1.056940E+01 -1.628480E+00
  1.398229E+01  1.059772E+01 -1.638712E+00
  1.398677E+01  1.061030E+01 -1.645752E+00
  1.400199E+01  1.062125E+01 -1.669640E+00
  1.400408E+01  1.062604E+01 -1.672921E+00
  1.401021E+01  1.065437E+01 -1.682536E+00
  1.400981E+01  1.068269E+01 -1.681915E+00
  1.400724E+01  1.071101E+01 -1.677877E+00
  1.400254E+01  1.073934E+01 -1.670496E+00
  1.400199E+01  1.074050E+01 -1.669640E+00
Slice   =    116 , Freq(kT, average of all copies)              =   0.7444
Orbit # =      0 , Freq(kT, this largest copy used for outline) =   0.7515
Points  =     59
  kx            ky            kz
  7.141294E+00  6.994294E+00 -2.234802E+00
  7.126076E+00  6.996912E+00 -2.210915E+00
  7.125544E+00  6.997205E+00 -2.210079E+00
  7.110858E+00  7.004087E+00 -2.187027E+00
  7.095640E+00  7.006031E+00 -2.163140E+00
  7.080422E+00  7.010425E+00 -2.139252E+00
  7.065204E+00  7.012827E+00 -2.115365E+00
  7.049986E+00  7.015463E+00 -2.091477E+00
  7.034768E+00  7.021411E+00 -2.067590E+00
  7.019742E+00  7.025528E+00 -2.044004E+00
  7.019550E+00  7.025574E+00 -2.043702E+00
  7.019467E+00  7.025528E+00 -2.043571E+00
  7.004332E+00  7.017791E+00 -2.019815E+00
  6.989114E+00  7.010806E+00 -1.995927E+00
  6.973896E+00  7.006342E+00 -1.972040E+00
  6.966147E+00  6.997205E+00 -1.959876E+00
  6.965757E+00  6.968882E+00 -1.959263E+00
  6.958678E+00  6.964021E+00 -1.948152E+00
  6.943460E+00  6.948156E+00 -1.924265E+00
  6.939629E+00  6.940559E+00 -1.918250E+00
  6.928242E+00  6.922539E+00 -1.900377E+00
  6.913024E+00  6.915019E+00 -1.876490E+00
  6.911492E+00  6.912236E+00 -1.874084E+00
  6.913024E+00  6.905930E+00 -1.876490E+00
  6.928242E+00  6.886423E+00 -1.900377E+00
  6.928957E+00  6.883912E+00 -1.901500E+00
  6.928242E+00  6.881528E+00 -1.900377E+00
  6.913024E+00  6.867761E+00 -1.876490E+00
  6.897806E+00  6.859344E+00 -1.852602E+00
  6.895541E+00  6.855589E+00 -1.849046E+00
  6.897806E+00  6.852938E+00 -1.852602E+00
  6.913024E+00  6.847530E+00 -1.876490E+00
  6.928242E+00  6.841661E+00 -1.900377E+00
  6.943460E+00  6.832403E+00 -1.924265E+00
  6.947474E+00  6.827266E+00 -1.930564E+00
  6.958678E+00  6.819693E+00 -1.948152E+00
  6.973896E+00  6.816763E+00 -1.972040E+00
  6.989114E+00  6.799728E+00 -1.995927E+00
  6.990209E+00  6.798943E+00 -1.997645E+00
  7.004332E+00  6.787213E+00 -2.019815E+00
  7.019550E+00  6.773801E+00 -2.043702E+00
  7.025421E+00  6.770620E+00 -2.052918E+00
  7.034768E+00  6.768430E+00 -2.067590E+00
  7.048010E+00  6.770620E+00 -2.088374E+00
  7.049498E+00  6.798943E+00 -2.090711E+00
  7.049986E+00  6.799307E+00 -2.091477E+00
  7.065204E+00  6.809980E+00 -2.115365E+00
  7.080422E+00  6.822327E+00 -2.139252E+00
  7.083642E+00  6.827266E+00 -2.144306E+00
  7.095640E+00  6.846256E+00 -2.163140E+00
  7.103374E+00  6.855589E+00 -2.175278E+00
  7.108337E+00  6.883912E+00 -2.183069E+00
  7.110858E+00  6.886110E+00 -2.187027E+00
  7.126076E+00  6.903581E+00 -2.210915E+00
  7.134155E+00  6.912236E+00 -2.223595E+00
  7.131059E+00  6.940559E+00 -2.218736E+00
  7.141294E+00  6.951233E+00 -2.234802E+00
  7.152747E+00  6.968882E+00 -2.252779E+00
  7.141294E+00  6.994294E+00 -2.234802E+00
Theta(deg) =   0.000000 , Phi(deg) =  60.000000 , Number of orbits =     8 , (Angstrom^-1) units
Slice   =     20 , Freq(kT, average of all copies)              =   0.2126
Orbit # =      0 , Freq(kT, this largest copy used for outline) =   0.2165
Points  =     29
  kx            ky            kz
 -3.308469E-01  3.366013E+00 -5.117750E+00
 -3.450085E-01  3.354031E+00 -5.093221E+00
 -3.532422E-01  3.341434E+00 -5.078960E+00
 -3.591700E-01  3.334593E+00 -5.068693E+00
 -3.733316E-01  3.321640E+00 -5.044164E+00
 -3.773207E-01  3.313111E+00 -5.037255E+00
 -3.845264E-01  3.284788E+00 -5.024774E+00
 -3.874932E-01  3.279553E+00 -5.019636E+00
 -3.994107E-01  3.256464E+00 -4.998994E+00
 -4.016547E-01  3.249807E+00 -4.995107E+00
 -4.136795E-01  3.228141E+00 -4.974280E+00
 -4.158163E-01  3.210033E+00 -4.970579E+00
 -4.167632E-01  3.199818E+00 -4.968938E+00
 -4.268574E-01  3.171495E+00 -4.951455E+00
 -4.158163E-01  3.158942E+00 -4.970579E+00
 -4.016547E-01  3.152188E+00 -4.995107E+00
 -3.874932E-01  3.165175E+00 -5.019636E+00
 -3.847028E-01  3.171495E+00 -5.024469E+00
 -3.733316E-01  3.187181E+00 -5.044164E+00
 -3.610101E-01  3.199818E+00 -5.065506E+00
 -3.591700E-01  3.203315E+00 -5.068693E+00
 -3.533654E-01  3.228141E+00 -5.078747E+00
 -3.450085E-01  3.248104E+00 -5.093221E+00
 -3.395389E-01  3.256464E+00 -5.102695E+00
 -3.308469E-01  3.270070E+00 -5.117750E+00
 -3.250841E-01  3.284788E+00 -5.127731E+00
 -3.212591E-01  3.313111E+00 -5.134356E+00
 -3.178259E-01  3.341434E+00 -5.140303E+00
 -3.308469E-01  3.366013E+00 -5.117750E+00
Slice   =    215 , Freq(kT, average of all copies)              =   0.3159
Orbit # =      0 , Freq(kT, this largest copy used for outline) =   0.3221
Points  =     39
  kx            ky            kz
  7.896892E+00  7.202900E+00 -1.178874E+00
  7.882730E+00  7.205538E+00 -1.154345E+00
  7.868569E+00  7.214485E+00 -1.129817E+00
  7.854407E+00  7.200120E+00 -1.105288E+00
  7.854086E+00  7.199641E+00 -1.104733E+00
  7.844540E+00  7.171318E+00 -1.088198E+00
  7.840245E+00  7.166428E+00 -1.080760E+00
  7.826084E+00  7.152062E+00 -1.056231E+00
  7.822112E+00  7.142995E+00 -1.049352E+00
  7.811967E+00  7.114672E+00 -1.031781E+00
  7.811922E+00  7.114583E+00 -1.031703E+00
  7.798886E+00  7.086349E+00 -1.009122E+00
  7.797761E+00  7.083952E+00 -1.007174E+00
  7.783599E+00  7.063450E+00 -9.826456E-01
  7.780935E+00  7.058026E+00 -9.780304E-01
  7.776252E+00  7.029703E+00 -9.699193E-01
  7.769438E+00  7.016736E+00 -9.581171E-01
  7.761593E+00  7.001380E+00 -9.445305E-01
  7.757777E+00  6.973056E+00 -9.379199E-01
  7.769438E+00  6.950180E+00 -9.581171E-01
  7.783599E+00  6.946530E+00 -9.826456E-01
  7.797761E+00  6.947382E+00 -1.007174E+00
  7.811922E+00  6.972250E+00 -1.031703E+00
  7.812349E+00  6.973056E+00 -1.032442E+00
  7.825813E+00  7.001380E+00 -1.055763E+00
  7.826084E+00  7.001722E+00 -1.056231E+00
  7.840245E+00  7.023409E+00 -1.080760E+00
  7.842778E+00  7.029703E+00 -1.085146E+00
  7.849776E+00  7.058026E+00 -1.097267E+00
  7.854407E+00  7.069206E+00 -1.105288E+00
  7.867902E+00  7.086349E+00 -1.128663E+00
  7.868569E+00  7.087325E+00 -1.129817E+00
  7.876428E+00  7.114672E+00 -1.143430E+00
  7.881431E+00  7.142995E+00 -1.152096E+00
  7.882730E+00  7.149065E+00 -1.154345E+00
  7.896892E+00  7.170405E+00 -1.178874E+00
  7.897226E+00  7.171318E+00 -1.179453E+00
  7.898176E+00  7.199641E+00 -1.181099E+00
  7.896892E+00  7.202900E+00 -1.178874E+00
Slice   =     75 , Freq(kT, average of all copies)              =   0.3160
Orbit # =      0 , Freq(kT, this largest copy used for outline) =   0.3216
Points  =     41
  kx            ky            kz
  1.175138E+00  1.107790E+00 -1.185704E+00
  1.160976E+00  1.109823E+00 -1.161175E+00
  1.146814E+00  1.110681E+00 -1.136647E+00
  1.143801E+00  1.104602E+00 -1.131427E+00
  1.132653E+00  1.088096E+00 -1.112118E+00
  1.124566E+00  1.076279E+00 -1.098111E+00
  1.118491E+00  1.058682E+00 -1.087590E+00
  1.115570E+00  1.047956E+00 -1.082531E+00
  1.104330E+00  1.035910E+00 -1.063061E+00
  1.097545E+00  1.019633E+00 -1.051310E+00
  1.090168E+00  9.934455E-01 -1.038533E+00
  1.089213E+00  9.913096E-01 -1.036879E+00
  1.076875E+00  9.629865E-01 -1.015508E+00
  1.076007E+00  9.605704E-01 -1.014004E+00
  1.061845E+00  9.350938E-01 -9.894755E-01
  1.061658E+00  9.346633E-01 -9.891511E-01
  1.059085E+00  9.063402E-01 -9.846951E-01
  1.047683E+00  8.839597E-01 -9.649470E-01
  1.044639E+00  8.780171E-01 -9.596733E-01
  1.047683E+00  8.621754E-01 -9.649470E-01
  1.061551E+00  8.496939E-01 -9.889666E-01
  1.061845E+00  8.495015E-01 -9.894755E-01
  1.076007E+00  8.446131E-01 -1.014004E+00
  1.078913E+00  8.496939E-01 -1.019038E+00
  1.090168E+00  8.650744E-01 -1.038533E+00
  1.096354E+00  8.780171E-01 -1.049247E+00
  1.104330E+00  8.884604E-01 -1.063061E+00
  1.118491E+00  9.052408E-01 -1.087590E+00
  1.118987E+00  9.063402E-01 -1.088449E+00
  1.127255E+00  9.346633E-01 -1.102770E+00
  1.132653E+00  9.468122E-01 -1.112118E+00
  1.145898E+00  9.629865E-01 -1.135060E+00
  1.146814E+00  9.642643E-01 -1.136647E+00
  1.156729E+00  9.913096E-01 -1.153820E+00
  1.160976E+00  1.011057E+00 -1.161175E+00
  1.164907E+00  1.019633E+00 -1.167985E+00
  1.175138E+00  1.037274E+00 -1.185704E+00
  1.179255E+00  1.047956E+00 -1.192835E+00
  1.185236E+00  1.076279E+00 -1.203195E+00
  1.176629E+00  1.104602E+00 -1.188288E+00
  1.175138E+00  1.107790E+00 -1.185704E+00
Slice   =    129 , Freq(kT, average of all copies)              =   0.3951
Orbit # =      0 , Freq(kT, this largest copy used for outline) =   0.4021
Points  =     39
  kx            ky            kz
  3.335212E+00  3.584087E+00 -2.390016E+00
  3.321050E+00  3.586872E+00 -2.365488E+00
  3.315567E+00  3.599821E+00 -2.355991E+00
  3.306889E+00  3.613517E+00 -2.340959E+00
  3.292727E+00  3.616856E+00 -2.316430E+00
  3.278565E+00  3.618878E+00 -2.291902E+00
  3.264404E+00  3.617895E+00 -2.267373E+00
  3.251139E+00  3.599821E+00 -2.244398E+00
  3.250242E+00  3.596582E+00 -2.242845E+00
  3.242111E+00  3.571498E+00 -2.228762E+00
  3.236081E+00  3.566123E+00 -2.218316E+00
  3.221919E+00  3.553097E+00 -2.193788E+00
  3.217695E+00  3.543174E+00 -2.186471E+00
  3.215484E+00  3.514851E+00 -2.182642E+00
  3.207758E+00  3.497436E+00 -2.169259E+00
  3.193596E+00  3.488922E+00 -2.144731E+00
  3.192323E+00  3.486528E+00 -2.142526E+00
  3.191101E+00  3.458205E+00 -2.140409E+00
  3.193596E+00  3.433254E+00 -2.144731E+00
  3.195500E+00  3.429882E+00 -2.148029E+00
  3.207758E+00  3.422851E+00 -2.169259E+00
  3.221919E+00  3.410760E+00 -2.193788E+00
  3.232803E+00  3.401559E+00 -2.212638E+00
  3.236081E+00  3.398451E+00 -2.218316E+00
  3.239178E+00  3.401559E+00 -2.223681E+00
  3.250242E+00  3.410850E+00 -2.242845E+00
  3.264404E+00  3.411821E+00 -2.267373E+00
  3.277432E+00  3.429882E+00 -2.289939E+00
  3.278565E+00  3.432562E+00 -2.291902E+00
  3.287242E+00  3.458205E+00 -2.306930E+00
  3.292727E+00  3.466145E+00 -2.316430E+00
  3.306889E+00  3.476163E+00 -2.340959E+00
  3.310802E+00  3.486528E+00 -2.347737E+00
  3.314760E+00  3.514851E+00 -2.354593E+00
  3.321050E+00  3.536844E+00 -2.365488E+00
  3.335212E+00  3.540834E+00 -2.390016E+00
  3.336008E+00  3.543174E+00 -2.391396E+00
  3.337964E+00  3.571498E+00 -2.394784E+00
  3.335212E+00  3.584087E+00 -2.390016E+00
Slice   =    156 , Freq(kT, average of all copies)              =   0.4748
Orbit # =      0 , Freq(kT, this largest copy used for outline) =   0.4821
Points  =     43
  kx            ky            kz
  4.932146E+00  6.264620E+00 -5.192095E+00
  4.917984E+00  6.267422E+00 -5.167566E+00
  4.903823E+00  6.277663E+00 -5.143038E+00
  4.890824E+00  6.262195E+00 -5.120523E+00
  4.889661E+00  6.261630E+00 -5.118509E+00
  4.875500E+00  6.255232E+00 -5.093981E+00
  4.861338E+00  6.247821E+00 -5.069452E+00
  4.852711E+00  6.233872E+00 -5.054510E+00
  4.847177E+00  6.217935E+00 -5.044923E+00
  4.841705E+00  6.205549E+00 -5.035447E+00
  4.833015E+00  6.197454E+00 -5.020395E+00
  4.818853E+00  6.181423E+00 -4.995866E+00
  4.817081E+00  6.177226E+00 -4.992797E+00
  4.812581E+00  6.148903E+00 -4.985002E+00
  4.804692E+00  6.130962E+00 -4.971338E+00
  4.790530E+00  6.122485E+00 -4.946809E+00
  4.789732E+00  6.120579E+00 -4.945427E+00
  4.788700E+00  6.092256E+00 -4.943638E+00
  4.789398E+00  6.063933E+00 -4.944848E+00
  4.790530E+00  6.043556E+00 -4.946809E+00
  4.791886E+00  6.035610E+00 -4.949158E+00
  4.804692E+00  6.011648E+00 -4.971338E+00
  4.812264E+00  6.007287E+00 -4.984453E+00
  4.818853E+00  6.004921E+00 -4.995866E+00
  4.833015E+00  6.003035E+00 -5.020395E+00
  4.835296E+00  6.007287E+00 -5.024345E+00
  4.847177E+00  6.027824E+00 -5.044923E+00
  4.853235E+00  6.035610E+00 -5.055418E+00
  4.861338E+00  6.042676E+00 -5.069452E+00
  4.874695E+00  6.063933E+00 -5.092588E+00
  4.875500E+00  6.065672E+00 -5.093981E+00
  4.884397E+00  6.092256E+00 -5.109391E+00
  4.889661E+00  6.100676E+00 -5.118509E+00
  4.903823E+00  6.111522E+00 -5.143038E+00
  4.906787E+00  6.120579E+00 -5.148172E+00
  4.912566E+00  6.148903E+00 -5.158182E+00
  4.917984E+00  6.167187E+00 -5.167566E+00
  4.932146E+00  6.171051E+00 -5.192095E+00
  4.934305E+00  6.177226E+00 -5.195834E+00
  4.938683E+00  6.205549E+00 -5.203418E+00
  4.940613E+00  6.233872E+00 -5.206760E+00
  4.934000E+00  6.262195E+00 -5.195305E+00
  4.932146E+00  6.264620E+00 -5.192095E+00
Slice   =    136 , Freq(kT, average of all copies)              =   0.4774
Orbit # =      0 , Freq(kT, this largest copy used for outline) =   0.4891
Points  =     43
  kx            ky            kz
  4.455736E+00  5.747711E+00 -5.499855E+00
  4.442236E+00  5.752379E+00 -5.476471E+00
  4.441575E+00  5.752503E+00 -5.475326E+00
  4.427413E+00  5.755795E+00 -5.450798E+00
  4.415165E+00  5.752379E+00 -5.429583E+00
  4.413252E+00  5.749732E+00 -5.426269E+00
  4.407883E+00  5.724056E+00 -5.416970E+00
  4.399090E+00  5.718017E+00 -5.401740E+00
  4.384929E+00  5.705250E+00 -5.377212E+00
  4.379489E+00  5.695732E+00 -5.367789E+00
  4.370767E+00  5.674867E+00 -5.352683E+00
  4.367803E+00  5.667409E+00 -5.347550E+00
  4.356605E+00  5.653010E+00 -5.328155E+00
  4.344365E+00  5.639086E+00 -5.306954E+00
  4.342444E+00  5.632319E+00 -5.303626E+00
  4.339210E+00  5.610763E+00 -5.298024E+00
  4.328282E+00  5.588346E+00 -5.279098E+00
  4.320091E+00  5.582440E+00 -5.264910E+00
  4.314121E+00  5.565539E+00 -5.254569E+00
  4.312807E+00  5.554117E+00 -5.252293E+00
  4.311045E+00  5.525794E+00 -5.249241E+00
  4.303895E+00  5.497471E+00 -5.236858E+00
  4.314121E+00  5.489823E+00 -5.254569E+00
  4.328282E+00  5.496498E+00 -5.279098E+00
  4.342444E+00  5.487197E+00 -5.303626E+00
  4.356605E+00  5.478921E+00 -5.328155E+00
  4.368906E+00  5.497471E+00 -5.349460E+00
  4.370767E+00  5.500058E+00 -5.352683E+00
  4.384929E+00  5.504948E+00 -5.377212E+00
  4.398142E+00  5.525794E+00 -5.400099E+00
  4.399090E+00  5.527797E+00 -5.401740E+00
  4.410633E+00  5.554117E+00 -5.421733E+00
  4.413252E+00  5.557555E+00 -5.426269E+00
  4.427413E+00  5.568495E+00 -5.450798E+00
  4.432463E+00  5.582440E+00 -5.459545E+00
  4.438746E+00  5.610763E+00 -5.470426E+00
  4.441575E+00  5.619623E+00 -5.475326E+00
  4.455736E+00  5.629137E+00 -5.499855E+00
  4.459406E+00  5.639086E+00 -5.506211E+00
  4.464420E+00  5.667409E+00 -5.514896E+00
  4.463294E+00  5.695732E+00 -5.512945E+00
  4.461171E+00  5.724056E+00 -5.509267E+00
  4.455736E+00  5.747711E+00 -5.499855E+00
Slice   =    105 , Freq(kT, average of all copies)              =   0.6322
Orbit # =      0 , Freq(kT, this largest copy used for outline) =   0.6428
Points  =     49
  kx            ky            kz
  2.790034E-01  4.113540E+00 -6.643439E+00
  2.648418E-01  4.119831E+00 -6.618910E+00
  2.506803E-01  4.125555E+00 -6.594381E+00
  2.365187E-01  4.126953E+00 -6.569853E+00
  2.223571E-01  4.127176E+00 -6.545324E+00
  2.081956E-01  4.127859E+00 -6.520796E+00
  1.940340E-01  4.133531E+00 -6.496267E+00
  1.863950E-01  4.137264E+00 -6.483036E+00
  1.798724E-01  4.139950E+00 -6.471739E+00
  1.709116E-01  4.137264E+00 -6.456218E+00
  1.657109E-01  4.133136E+00 -6.447210E+00
  1.515493E-01  4.117224E+00 -6.422682E+00
  1.373877E-01  4.113430E+00 -6.398153E+00
  1.346252E-01  4.108941E+00 -6.393368E+00
  1.373877E-01  4.092964E+00 -6.398153E+00
  1.405271E-01  4.080618E+00 -6.403591E+00
  1.373877E-01  4.076995E+00 -6.398153E+00
  1.232262E-01  4.066302E+00 -6.373624E+00
  1.131030E-01  4.052295E+00 -6.356091E+00
  1.130913E-01  4.023972E+00 -6.356070E+00
  1.090646E-01  4.016872E+00 -6.349096E+00
  1.015719E-01  3.995649E+00 -6.336118E+00
  9.700641E-02  3.967326E+00 -6.328211E+00
  1.090646E-01  3.943695E+00 -6.349096E+00
  1.120468E-01  3.939003E+00 -6.354261E+00
  1.232262E-01  3.932816E+00 -6.373624E+00
  1.373877E-01  3.916597E+00 -6.398153E+00
  1.420760E-01  3.910679E+00 -6.406273E+00
  1.515493E-01  3.899742E+00 -6.422682E+00
  1.657109E-01  3.890815E+00 -6.447210E+00
  1.794537E-01  3.882356E+00 -6.471013E+00
  1.798724E-01  3.882139E+00 -6.471739E+00
  1.806092E-01  3.882356E+00 -6.473015E+00
  1.940340E-01  3.889757E+00 -6.496267E+00
  2.066238E-01  3.910679E+00 -6.518073E+00
  2.081956E-01  3.912415E+00 -6.520796E+00
  2.219346E-01  3.939003E+00 -6.544592E+00
  2.223571E-01  3.939383E+00 -6.545324E+00
  2.365187E-01  3.957448E+00 -6.569853E+00
  2.451710E-01  3.967326E+00 -6.584839E+00
  2.429509E-01  3.995649E+00 -6.580994E+00
  2.506803E-01  4.004631E+00 -6.594381E+00
  2.648418E-01  4.018759E+00 -6.618910E+00
  2.680742E-01  4.023972E+00 -6.624509E+00
  2.670211E-01  4.052295E+00 -6.622685E+00
  2.790034E-01  4.076028E+00 -6.643439E+00
  2.810233E-01  4.080618E+00 -6.646937E+00
  2.829352E-01  4.108941E+00 -6.650249E+00
  2.790034E-01  4.113540E+00 -6.643439E+00
Slice   =    111 , Freq(kT, average of all copies)              =   0.6370
Orbit # =      0 , Freq(kT, this largest copy used for outline) =   0.6484
Points  =     53
  kx            ky            kz
  3.445999E+00  3.834405E+00 -4.123390E+00
  3.432423E+00  3.853337E+00 -4.099877E+00
  3.435356E+00  3.881661E+00 -4.104955E+00
  3.431837E+00  3.887125E+00 -4.098861E+00
  3.417676E+00  3.892972E+00 -4.074333E+00
  3.411168E+00  3.909984E+00 -4.063061E+00
  3.403514E+00  3.921307E+00 -4.049804E+00
  3.389353E+00  3.923684E+00 -4.025276E+00
  3.378147E+00  3.938307E+00 -4.005867E+00
  3.375191E+00  3.941363E+00 -4.000747E+00
  3.369784E+00  3.938307E+00 -3.991383E+00
  3.361029E+00  3.931026E+00 -3.976219E+00
  3.346868E+00  3.920918E+00 -3.951690E+00
  3.332706E+00  3.917165E+00 -3.927162E+00
  3.327702E+00  3.909984E+00 -3.918494E+00
  3.329587E+00  3.881661E+00 -3.921760E+00
  3.318545E+00  3.872588E+00 -3.902633E+00
  3.307216E+00  3.853337E+00 -3.883012E+00
  3.304383E+00  3.843491E+00 -3.878104E+00
  3.290222E+00  3.825280E+00 -3.853576E+00
  3.290065E+00  3.825014E+00 -3.853304E+00
  3.290222E+00  3.819466E+00 -3.853576E+00
  3.290845E+00  3.796691E+00 -3.854655E+00
  3.290222E+00  3.795170E+00 -3.853576E+00
  3.276060E+00  3.779276E+00 -3.829047E+00
  3.269499E+00  3.768368E+00 -3.817684E+00
  3.275855E+00  3.740045E+00 -3.828693E+00
  3.261898E+00  3.723770E+00 -3.804519E+00
  3.256182E+00  3.711722E+00 -3.794617E+00
  3.261898E+00  3.699102E+00 -3.804519E+00
  3.276060E+00  3.693817E+00 -3.829047E+00
  3.290222E+00  3.687574E+00 -3.853576E+00
  3.304383E+00  3.686580E+00 -3.878104E+00
  3.318545E+00  3.683911E+00 -3.902633E+00
  3.332706E+00  3.687024E+00 -3.927162E+00
  3.346868E+00  3.688154E+00 -3.951690E+00
  3.361029E+00  3.688882E+00 -3.976219E+00
  3.375191E+00  3.684638E+00 -4.000747E+00
  3.378696E+00  3.683399E+00 -4.006818E+00
  3.389353E+00  3.682094E+00 -4.025276E+00
  3.391794E+00  3.683399E+00 -4.029504E+00
  3.389353E+00  3.706592E+00 -4.025276E+00
  3.388930E+00  3.711722E+00 -4.024544E+00
  3.389353E+00  3.712139E+00 -4.025276E+00
  3.403514E+00  3.726517E+00 -4.049804E+00
  3.416008E+00  3.740045E+00 -4.071444E+00
  3.417676E+00  3.743071E+00 -4.074333E+00
  3.430272E+00  3.768368E+00 -4.096150E+00
  3.427663E+00  3.796691E+00 -4.091632E+00
  3.431837E+00  3.802891E+00 -4.098861E+00
  3.445999E+00  3.819163E+00 -4.123390E+00
  3.450537E+00  3.825014E+00 -4.131251E+00
  3.445999E+00  3.834405E+00 -4.123390E+00
Theta(deg) =   0.000000 , Phi(deg) =  62.500000 , Number of orbits =    12 , (Angstrom^-1) units
Slice   =     99 , Freq(kT, average of all copies)              =   0.2109
Orbit # =      0 , Freq(kT, this largest copy used for outline) =   0.2159
Points  =     33
  kx            ky            kz
  5.324948E+00  7.280619E+00 -5.164209E+00
  5.311870E+00  7.294567E+00 -5.139086E+00
  5.302494E+00  7.280436E+00 -5.121076E+00
  5.298792E+00  7.276985E+00 -5.113963E+00
  5.286597E+00  7.252113E+00 -5.090537E+00
  5.285713E+00  7.250615E+00 -5.088840E+00
  5.272635E+00  7.234888E+00 -5.063717E+00
  5.267859E+00  7.223790E+00 -5.054542E+00
  5.260844E+00  7.195467E+00 -5.041067E+00
  5.259557E+00  7.192794E+00 -5.038595E+00
  5.249473E+00  7.167144E+00 -5.019224E+00
  5.246479E+00  7.157148E+00 -5.013472E+00
  5.233688E+00  7.138821E+00 -4.988901E+00
  5.233401E+00  7.130449E+00 -4.988349E+00
  5.233013E+00  7.110498E+00 -4.987603E+00
  5.231826E+00  7.082174E+00 -4.985324E+00
  5.233401E+00  7.078445E+00 -4.988349E+00
  5.246479E+00  7.072288E+00 -5.013472E+00
  5.258325E+00  7.082174E+00 -5.036228E+00
  5.259557E+00  7.083324E+00 -5.038595E+00
  5.272635E+00  7.100121E+00 -5.063717E+00
  5.280157E+00  7.110498E+00 -5.078167E+00
  5.285713E+00  7.127122E+00 -5.088840E+00
  5.288419E+00  7.138821E+00 -5.094037E+00
  5.298792E+00  7.162892E+00 -5.113963E+00
  5.300538E+00  7.167144E+00 -5.117318E+00
  5.311870E+00  7.187393E+00 -5.139086E+00
  5.315359E+00  7.195467E+00 -5.145788E+00
  5.319496E+00  7.223790E+00 -5.153737E+00
  5.324948E+00  7.249718E+00 -5.164209E+00
  5.326119E+00  7.252113E+00 -5.166458E+00
  5.325320E+00  7.280436E+00 -5.164925E+00
  5.324948E+00  7.280619E+00 -5.164209E+00
Slice   =     11 , Freq(kT, average of all copies)              =   0.3099
Orbit # =      0 , Freq(kT, this largest copy used for outline) =   0.3170
Points  =     43
  kx            ky            kz
 -1.038053E+00  4.052775E+00 -8.380897E+00
 -1.051131E+00  4.055015E+00 -8.355774E+00
 -1.064210E+00  4.073481E+00 -8.330651E+00
 -1.077288E+00  4.050897E+00 -8.305528E+00
 -1.078455E+00  4.048816E+00 -8.303287E+00
 -1.090366E+00  4.021152E+00 -8.280405E+00
 -1.090578E+00  4.020493E+00 -8.279997E+00
 -1.103444E+00  4.005649E+00 -8.255282E+00
 -1.109316E+00  3.992170E+00 -8.244003E+00
 -1.116522E+00  3.968028E+00 -8.230159E+00
 -1.118606E+00  3.963847E+00 -8.226156E+00
 -1.129181E+00  3.935524E+00 -8.205842E+00
 -1.129600E+00  3.934454E+00 -8.205036E+00
 -1.142679E+00  3.915074E+00 -8.179914E+00
 -1.145694E+00  3.907201E+00 -8.174120E+00
 -1.149897E+00  3.878878E+00 -8.166048E+00
 -1.155757E+00  3.863627E+00 -8.154791E+00
 -1.161623E+00  3.850554E+00 -8.143522E+00
 -1.168835E+00  3.825532E+00 -8.129668E+00
 -1.170289E+00  3.822231E+00 -8.126874E+00
 -1.168835E+00  3.815730E+00 -8.129668E+00
 -1.155757E+00  3.794698E+00 -8.154791E+00
 -1.152306E+00  3.793908E+00 -8.161420E+00
 -1.142679E+00  3.792675E+00 -8.179914E+00
 -1.134946E+00  3.793908E+00 -8.194767E+00
 -1.129600E+00  3.794837E+00 -8.205036E+00
 -1.118431E+00  3.822231E+00 -8.226493E+00
 -1.116522E+00  3.826086E+00 -8.230159E+00
 -1.106709E+00  3.850554E+00 -8.249010E+00
 -1.103444E+00  3.855231E+00 -8.255282E+00
 -1.090990E+00  3.878878E+00 -8.279206E+00
 -1.090366E+00  3.880713E+00 -8.280405E+00
 -1.083779E+00  3.907201E+00 -8.293058E+00
 -1.077288E+00  3.924315E+00 -8.305528E+00
 -1.072526E+00  3.935524E+00 -8.314676E+00
 -1.064210E+00  3.950583E+00 -8.330651E+00
 -1.059748E+00  3.963847E+00 -8.339223E+00
 -1.055937E+00  3.992170E+00 -8.346543E+00
 -1.051131E+00  4.012201E+00 -8.355774E+00
 -1.045814E+00  4.020493E+00 -8.365988E+00
 -1.038053E+00  4.043335E+00 -8.380897E+00
 -1.037087E+00  4.048816E+00 -8.382752E+00
 -1.038053E+00  4.052775E+00 -8.380897E+00
Slice   =    212 , Freq(kT, average of all copies)              =   0.3115
Orbit # =      0 , Freq(kT, this largest copy used for outline) =   0.3156
Points  =     39
  kx            ky            kz
  9.487936E+00  6.376295E+00  9.572680E-02
  9.474858E+00  6.370937E+00  1.208497E-01
  9.461779E+00  6.368820E+00  1.459727E-01
  9.448701E+00  6.355391E+00  1.710956E-01
  9.446081E+00  6.348556E+00  1.761297E-01
  9.439559E+00  6.320233E+00  1.886578E-01
  9.435623E+00  6.315075E+00  1.962185E-01
  9.424612E+00  6.291910E+00  2.173699E-01
  9.422545E+00  6.287313E+00  2.213414E-01
  9.412009E+00  6.263587E+00  2.415814E-01
  9.409467E+00  6.252229E+00  2.464644E-01
  9.405843E+00  6.235263E+00  2.534260E-01
  9.396389E+00  6.217432E+00  2.715873E-01
  9.392458E+00  6.206940E+00  2.791370E-01
  9.383674E+00  6.178617E+00  2.960116E-01
  9.383310E+00  6.176615E+00  2.967102E-01
  9.379535E+00  6.150294E+00  3.039634E-01
  9.370232E+00  6.123816E+00  3.218331E-01
  9.369271E+00  6.121971E+00  3.236795E-01
  9.370232E+00  6.119443E+00  3.218331E-01
  9.383310E+00  6.109873E+00  2.967102E-01
  9.396389E+00  6.101479E+00  2.715873E-01
  9.409244E+00  6.121971E+00  2.468927E-01
  9.409467E+00  6.122280E+00  2.464644E-01
  9.422545E+00  6.143539E+00  2.213414E-01
  9.426747E+00  6.150294E+00  2.132697E-01
  9.435623E+00  6.164270E+00  1.962185E-01
  9.440800E+00  6.178617E+00  1.862744E-01
  9.448606E+00  6.206940E+00  1.712792E-01
  9.448701E+00  6.207219E+00  1.710956E-01
  9.461779E+00  6.225024E+00  1.459727E-01
  9.465607E+00  6.235263E+00  1.386205E-01
  9.473689E+00  6.263587E+00  1.230938E-01
  9.474858E+00  6.270057E+00  1.208497E-01
  9.483185E+00  6.291910E+00  1.048530E-01
  9.487936E+00  6.302012E+00  9.572680E-02
  9.494032E+00  6.320233E+00  8.401602E-02
  9.496545E+00  6.348556E+00  7.918798E-02
  9.487936E+00  6.376295E+00  9.572680E-02
Slice   =    209 , Freq(kT, average of all copies)              =   0.4192
Orbit # =      0 , Freq(kT, this largest copy used for outline) =   0.4274
Points  =     41
  kx            ky            kz
  9.464880E+00  7.283695E+00 -4.399940E-02
  9.457232E+00  7.283219E+00 -2.930916E-02
  9.451801E+00  7.282797E+00 -1.887647E-02
  9.447913E+00  7.283219E+00 -1.140755E-02
  9.438723E+00  7.284586E+00  6.246453E-03
  9.425645E+00  7.296297E+00  3.136938E-02
  9.416231E+00  7.283219E+00  4.945338E-02
  9.412567E+00  7.280430E+00  5.649230E-02
  9.399489E+00  7.274131E+00  8.161523E-02
  9.386411E+00  7.264421E+00  1.067382E-01
  9.382416E+00  7.254896E+00  1.144117E-01
  9.376080E+00  7.226573E+00  1.265824E-01
  9.373332E+00  7.221933E+00  1.318611E-01
  9.360254E+00  7.215411E+00  1.569840E-01
  9.350307E+00  7.198250E+00  1.760926E-01
  9.349215E+00  7.169927E+00  1.781905E-01
  9.347176E+00  7.162564E+00  1.821069E-01
  9.334098E+00  7.146405E+00  2.072298E-01
  9.328567E+00  7.141604E+00  2.178540E-01
  9.334098E+00  7.126076E+00  2.072298E-01
  9.338491E+00  7.113281E+00  1.987908E-01
  9.347176E+00  7.100045E+00  1.821069E-01
  9.357035E+00  7.084957E+00  1.631690E-01
  9.360254E+00  7.080934E+00  1.569840E-01
  9.373332E+00  7.072566E+00  1.318611E-01
  9.386411E+00  7.069583E+00  1.067382E-01
  9.399489E+00  7.057136E+00  8.161523E-02
  9.407691E+00  7.084957E+00  6.585809E-02
  9.412567E+00  7.104184E+00  5.649230E-02
  9.425645E+00  7.108875E+00  3.136938E-02
  9.427293E+00  7.113281E+00  2.820307E-02
  9.436820E+00  7.141604E+00  9.902291E-03
  9.438723E+00  7.152982E+00  6.246453E-03
  9.446123E+00  7.169927E+00 -7.968193E-03
  9.451801E+00  7.177258E+00 -1.887647E-02
  9.461422E+00  7.198250E+00 -3.735725E-02
  9.464880E+00  7.214330E+00 -4.399940E-02
  9.467380E+00  7.226573E+00 -4.880164E-02
  9.470034E+00  7.254896E+00 -5.390010E-02
  9.465888E+00  7.283219E+00 -4.593590E-02
  9.464880E+00  7.283695E+00 -4.399940E-02
Slice   =    132 , Freq(kT, average of all copies)              =   0.4908
Orbit # =      0 , Freq(kT, this largest copy used for outline) =   0.4948
Points  =     49
  kx            ky            kz
  7.384953E+00  7.536037E+00 -4.978130E+00
  7.384953E+00  7.536040E+00 -4.978129E+00
  7.382842E+00  7.564363E+00 -4.974075E+00
  7.371875E+00  7.582280E+00 -4.953007E+00
  7.358797E+00  7.587871E+00 -4.927884E+00
  7.351758E+00  7.592687E+00 -4.914361E+00
  7.345719E+00  7.596255E+00 -4.902761E+00
  7.340543E+00  7.592687E+00 -4.892819E+00
  7.332641E+00  7.579224E+00 -4.877638E+00
  7.329558E+00  7.564363E+00 -4.871716E+00
  7.319563E+00  7.551816E+00 -4.852515E+00
  7.306484E+00  7.539103E+00 -4.827392E+00
  7.304884E+00  7.536040E+00 -4.824318E+00
  7.298599E+00  7.507717E+00 -4.812244E+00
  7.293406E+00  7.496166E+00 -4.802269E+00
  7.280328E+00  7.480574E+00 -4.777146E+00
  7.279743E+00  7.479394E+00 -4.776022E+00
  7.270385E+00  7.451071E+00 -4.758046E+00
  7.267250E+00  7.438071E+00 -4.752023E+00
  7.258980E+00  7.422748E+00 -4.736138E+00
  7.254172E+00  7.415400E+00 -4.726900E+00
  7.246071E+00  7.394425E+00 -4.711339E+00
  7.245209E+00  7.366101E+00 -4.709684E+00
  7.241094E+00  7.346214E+00 -4.701778E+00
  7.236264E+00  7.337778E+00 -4.692501E+00
  7.241094E+00  7.333490E+00 -4.701778E+00
  7.251024E+00  7.337778E+00 -4.720853E+00
  7.254172E+00  7.339426E+00 -4.726900E+00
  7.256517E+00  7.337778E+00 -4.731406E+00
  7.267250E+00  7.331983E+00 -4.752023E+00
  7.280328E+00  7.323006E+00 -4.777146E+00
  7.293406E+00  7.326641E+00 -4.802269E+00
  7.303646E+00  7.337778E+00 -4.821939E+00
  7.306484E+00  7.340575E+00 -4.827392E+00
  7.313534E+00  7.337778E+00 -4.840933E+00
  7.319563E+00  7.335702E+00 -4.852515E+00
  7.320328E+00  7.337778E+00 -4.853986E+00
  7.326867E+00  7.366101E+00 -4.866547E+00
  7.332641E+00  7.381906E+00 -4.877638E+00
  7.345719E+00  7.388199E+00 -4.902761E+00
  7.349633E+00  7.394425E+00 -4.910280E+00
  7.356920E+00  7.422748E+00 -4.924277E+00
  7.358797E+00  7.429526E+00 -4.927884E+00
  7.370696E+00  7.451071E+00 -4.950742E+00
  7.371875E+00  7.453286E+00 -4.953007E+00
  7.383129E+00  7.479394E+00 -4.974625E+00
  7.384953E+00  7.497427E+00 -4.978130E+00
  7.385998E+00  7.507717E+00 -4.980137E+00
  7.384953E+00  7.536037E+00 -4.978130E+00
Slice   =     85 , Freq(kT, average of all copies)              =   0.4946
Orbit # =      0 , Freq(kT, this largest copy used for outline) =   0.5017
Points  =     45
  kx            ky            kz
  3.296019E+00  6.266663E+00 -7.929235E+00
  3.282941E+00  6.264102E+00 -7.904113E+00
  3.269863E+00  6.276551E+00 -7.878990E+00
  3.256785E+00  6.278514E+00 -7.853867E+00
  3.243706E+00  6.285208E+00 -7.828744E+00
  3.230628E+00  6.280879E+00 -7.803621E+00
  3.221862E+00  6.259412E+00 -7.786781E+00
  3.217550E+00  6.254376E+00 -7.778498E+00
  3.204472E+00  6.247088E+00 -7.753375E+00
  3.191394E+00  6.234975E+00 -7.728252E+00
  3.189515E+00  6.231089E+00 -7.724644E+00
  3.184761E+00  6.202766E+00 -7.715510E+00
  3.178316E+00  6.192425E+00 -7.703129E+00
  3.165237E+00  6.185845E+00 -7.678006E+00
  3.160021E+00  6.174443E+00 -7.667985E+00
  3.155674E+00  6.146120E+00 -7.659635E+00
  3.152159E+00  6.134004E+00 -7.652883E+00
  3.139081E+00  6.122423E+00 -7.627760E+00
  3.136258E+00  6.117796E+00 -7.622338E+00
  3.132724E+00  6.089473E+00 -7.615549E+00
  3.133933E+00  6.061150E+00 -7.617871E+00
  3.137090E+00  6.032827E+00 -7.623936E+00
  3.139081E+00  6.025989E+00 -7.627760E+00
  3.152159E+00  6.012416E+00 -7.652883E+00
  3.165237E+00  6.009458E+00 -7.678006E+00
  3.178316E+00  6.010566E+00 -7.703129E+00
  3.185256E+00  6.032827E+00 -7.716462E+00
  3.191394E+00  6.043475E+00 -7.728252E+00
  3.204472E+00  6.050619E+00 -7.753375E+00
  3.207993E+00  6.061150E+00 -7.760139E+00
  3.217550E+00  6.086905E+00 -7.778498E+00
  3.219680E+00  6.089473E+00 -7.782589E+00
  3.230628E+00  6.101652E+00 -7.803621E+00
  3.238442E+00  6.117796E+00 -7.818631E+00
  3.243706E+00  6.131588E+00 -7.828744E+00
  3.248682E+00  6.146120E+00 -7.838303E+00
  3.256785E+00  6.161248E+00 -7.853867E+00
  3.269863E+00  6.173924E+00 -7.878990E+00
  3.270014E+00  6.174443E+00 -7.879280E+00
  3.275207E+00  6.202766E+00 -7.889255E+00
  3.280085E+00  6.231089E+00 -7.898625E+00
  3.282941E+00  6.248209E+00 -7.904113E+00
  3.296019E+00  6.242400E+00 -7.929235E+00
  3.297386E+00  6.259412E+00 -7.931861E+00
  3.296019E+00  6.266663E+00 -7.929235E+00
Slice   =    153 , Freq(kT, average of all copies)              =   0.4985
Orbit # =      0 , Freq(kT, this largest copy used for outline) =   0.5088
Points  =     45
  kx            ky            kz
  7.387807E+00  8.369224E+00 -6.858330E+00
  7.374729E+00  8.378359E+00 -6.833208E+00
  7.366287E+00  8.386430E+00 -6.816991E+00
  7.361651E+00  8.389203E+00 -6.808085E+00
  7.348572E+00  8.387504E+00 -6.782962E+00
  7.347787E+00  8.386430E+00 -6.781452E+00
  7.341583E+00  8.358107E+00 -6.769534E+00
  7.335494E+00  8.352673E+00 -6.757839E+00
  7.322416E+00  8.340673E+00 -6.732716E+00
  7.316067E+00  8.329784E+00 -6.720520E+00
  7.309338E+00  8.313728E+00 -6.707593E+00
  7.305458E+00  8.301461E+00 -6.700141E+00
  7.296260E+00  8.285832E+00 -6.682470E+00
  7.283182E+00  8.275124E+00 -6.657347E+00
  7.282244E+00  8.273137E+00 -6.655547E+00
  7.278843E+00  8.244814E+00 -6.649012E+00
  7.270103E+00  8.225508E+00 -6.632224E+00
  7.258954E+00  8.216491E+00 -6.610807E+00
  7.257025E+00  8.212140E+00 -6.607101E+00
  7.252932E+00  8.188168E+00 -6.599239E+00
  7.249787E+00  8.159845E+00 -6.593198E+00
  7.243947E+00  8.141083E+00 -6.581978E+00
  7.239277E+00  8.131522E+00 -6.573008E+00
  7.243947E+00  8.125175E+00 -6.581978E+00
  7.257025E+00  8.116079E+00 -6.607101E+00
  7.270103E+00  8.118535E+00 -6.632224E+00
  7.283182E+00  8.114541E+00 -6.657347E+00
  7.296260E+00  8.108047E+00 -6.682470E+00
  7.308261E+00  8.131522E+00 -6.705524E+00
  7.309338E+00  8.133369E+00 -6.707593E+00
  7.322416E+00  8.134838E+00 -6.732716E+00
  7.332630E+00  8.159845E+00 -6.752336E+00
  7.335494E+00  8.167433E+00 -6.757839E+00
  7.348572E+00  8.186645E+00 -6.782962E+00
  7.350066E+00  8.188168E+00 -6.785831E+00
  7.361651E+00  8.204351E+00 -6.808085E+00
  7.365168E+00  8.216491E+00 -6.814842E+00
  7.373343E+00  8.244814E+00 -6.830546E+00
  7.374729E+00  8.248854E+00 -6.833208E+00
  7.387807E+00  8.262268E+00 -6.858330E+00
  7.391157E+00  8.273137E+00 -6.864767E+00
  7.394620E+00  8.301461E+00 -6.871418E+00
  7.393527E+00  8.329784E+00 -6.869318E+00
  7.391360E+00  8.358107E+00 -6.865157E+00
  7.387807E+00  8.369224E+00 -6.858330E+00
Slice   =     41 , Freq(kT, average of all copies)              =   0.5333
Orbit # =      0 , Freq(kT, this largest copy used for outline) =   0.5333
Points  =     45
  kx            ky            kz
 -2.286926E+00 -1.007967E-01 -4.173391E+00
 -2.300004E+00 -8.585331E-02 -4.148268E+00
 -2.300146E+00 -8.566515E-02 -4.147995E+00
 -2.313083E+00 -6.726229E-02 -4.123145E+00
 -2.326161E+00 -6.297068E-02 -4.098022E+00
 -2.329542E+00 -5.734202E-02 -4.091527E+00
 -2.339239E+00 -3.647062E-02 -4.072899E+00
 -2.352317E+00 -4.655540E-02 -4.047776E+00
 -2.357728E+00 -5.734202E-02 -4.037382E+00
 -2.365395E+00 -5.983361E-02 -4.022653E+00
 -2.378473E+00 -7.166799E-02 -3.997530E+00
 -2.383535E+00 -8.566515E-02 -3.987807E+00
 -2.391552E+00 -1.004245E-01 -3.972407E+00
 -2.403712E+00 -1.139883E-01 -3.949047E+00
 -2.398877E+00 -1.423114E-01 -3.958336E+00
 -2.404630E+00 -1.500793E-01 -3.947284E+00
 -2.417708E+00 -1.661416E-01 -3.922161E+00
 -2.419841E+00 -1.706345E-01 -3.918064E+00
 -2.417708E+00 -1.967100E-01 -3.922161E+00
 -2.417394E+00 -1.989577E-01 -3.922765E+00
 -2.417708E+00 -1.994908E-01 -3.922161E+00
 -2.429351E+00 -2.272808E-01 -3.899796E+00
 -2.417972E+00 -2.556039E-01 -3.921655E+00
 -2.417708E+00 -2.557412E-01 -3.922161E+00
 -2.404630E+00 -2.638499E-01 -3.947284E+00
 -2.391552E+00 -2.726297E-01 -3.972407E+00
 -2.378473E+00 -2.752171E-01 -3.997530E+00
 -2.365395E+00 -2.784881E-01 -4.022653E+00
 -2.355558E+00 -2.839271E-01 -4.041550E+00
 -2.352317E+00 -2.878708E-01 -4.047776E+00
 -2.348953E+00 -2.839271E-01 -4.054239E+00
 -2.339239E+00 -2.779614E-01 -4.072899E+00
 -2.326161E+00 -2.705800E-01 -4.098022E+00
 -2.313083E+00 -2.586845E-01 -4.123145E+00
 -2.311414E+00 -2.556039E-01 -4.126350E+00
 -2.313083E+00 -2.471107E-01 -4.123145E+00
 -2.318233E+00 -2.272808E-01 -4.113251E+00
 -2.313083E+00 -2.194962E-01 -4.123145E+00
 -2.300004E+00 -2.085126E-01 -4.148268E+00
 -2.294718E+00 -1.989577E-01 -4.158423E+00
 -2.293615E+00 -1.706345E-01 -4.160541E+00
 -2.287885E+00 -1.423114E-01 -4.171548E+00
 -2.286926E+00 -1.392048E-01 -4.173391E+00
 -2.278783E+00 -1.139883E-01 -4.189034E+00
 -2.286926E+00 -1.007967E-01 -4.173391E+00
Slice   =     62 , Freq(kT, average of all copies)              =   0.5440
Orbit # =      0 , Freq(kT, this largest copy used for outline) =   0.5548
Points  =     45
  kx            ky            kz
  3.179130E+00  4.365417E+00 -2.267965E+00
  3.166052E+00  4.372655E+00 -2.242842E+00
  3.152974E+00  4.383908E+00 -2.217719E+00
  3.139896E+00  4.381559E+00 -2.192596E+00
  3.126818E+00  4.385269E+00 -2.167473E+00
  3.113739E+00  4.389603E+00 -2.142350E+00
  3.113144E+00  4.390085E+00 -2.141206E+00
  3.100661E+00  4.398305E+00 -2.117227E+00
  3.093005E+00  4.390085E+00 -2.102520E+00
  3.087583E+00  4.381248E+00 -2.092105E+00
  3.074505E+00  4.369818E+00 -2.066982E+00
  3.068787E+00  4.361762E+00 -2.055999E+00
  3.069809E+00  4.333439E+00 -2.057961E+00
  3.061427E+00  4.325800E+00 -2.041859E+00
  3.050019E+00  4.305116E+00 -2.019945E+00
  3.048349E+00  4.285932E+00 -2.016736E+00
  3.045010E+00  4.276793E+00 -2.010322E+00
  3.041121E+00  4.248470E+00 -2.002852E+00
  3.035270E+00  4.225956E+00 -1.991613E+00
  3.027420E+00  4.220147E+00 -1.976533E+00
  3.035270E+00  4.216461E+00 -1.991613E+00
  3.046149E+00  4.191823E+00 -2.012510E+00
  3.048349E+00  4.185999E+00 -2.016736E+00
  3.061427E+00  4.182388E+00 -2.041859E+00
  3.074048E+00  4.163500E+00 -2.066105E+00
  3.074505E+00  4.162392E+00 -2.066982E+00
  3.087583E+00  4.152210E+00 -2.092105E+00
  3.100661E+00  4.141825E+00 -2.117227E+00
  3.113739E+00  4.149322E+00 -2.142350E+00
  3.117343E+00  4.163500E+00 -2.149273E+00
  3.126818E+00  4.176034E+00 -2.167473E+00
  3.135178E+00  4.191823E+00 -2.183533E+00
  3.139896E+00  4.198141E+00 -2.192596E+00
  3.152974E+00  4.219346E+00 -2.217719E+00
  3.153398E+00  4.220147E+00 -2.218535E+00
  3.152974E+00  4.237622E+00 -2.217719E+00
  3.152632E+00  4.248470E+00 -2.217062E+00
  3.152974E+00  4.248984E+00 -2.217719E+00
  3.166052E+00  4.263345E+00 -2.242842E+00
  3.173941E+00  4.276793E+00 -2.257996E+00
  3.171152E+00  4.305116E+00 -2.252639E+00
  3.179130E+00  4.320717E+00 -2.267965E+00
  3.184362E+00  4.333439E+00 -2.278014E+00
  3.182120E+00  4.361762E+00 -2.273708E+00
  3.179130E+00  4.365417E+00 -2.267965E+00
Slice   =     44 , Freq(kT, average of all copies)              =   0.5465
Orbit # =      0 , Freq(kT, this largest copy used for outline) =   0.5552
Points  =     47
  kx            ky            kz
  3.694702E+00  4.380296E+00 -4.884321E+00
  3.690889E+00  4.388694E+00 -4.876995E+00
  3.681624E+00  4.404157E+00 -4.859198E+00
  3.668546E+00  4.410065E+00 -4.834075E+00
  3.665143E+00  4.417017E+00 -4.827538E+00
  3.655467E+00  4.438478E+00 -4.808952E+00
  3.642389E+00  4.440488E+00 -4.783829E+00
  3.634876E+00  4.445340E+00 -4.769395E+00
  3.629311E+00  4.445943E+00 -4.758706E+00
  3.628968E+00  4.445340E+00 -4.758046E+00
  3.624893E+00  4.417017E+00 -4.750220E+00
  3.616233E+00  4.410635E+00 -4.733583E+00
  3.609383E+00  4.388694E+00 -4.720425E+00
  3.603155E+00  4.378731E+00 -4.708460E+00
  3.590077E+00  4.366606E+00 -4.683337E+00
  3.587105E+00  4.360371E+00 -4.677628E+00
  3.589780E+00  4.332048E+00 -4.682768E+00
  3.576998E+00  4.314245E+00 -4.658214E+00
  3.571675E+00  4.303725E+00 -4.647988E+00
  3.563920E+00  4.277464E+00 -4.633091E+00
  3.562975E+00  4.275401E+00 -4.631276E+00
  3.563004E+00  4.247078E+00 -4.631332E+00
  3.550842E+00  4.219747E+00 -4.607968E+00
  3.550425E+00  4.218755E+00 -4.607168E+00
  3.550842E+00  4.218227E+00 -4.607968E+00
  3.563920E+00  4.214935E+00 -4.633091E+00
  3.576998E+00  4.208836E+00 -4.658214E+00
  3.590077E+00  4.203756E+00 -4.683337E+00
  3.603155E+00  4.198369E+00 -4.708460E+00
  3.616233E+00  4.196913E+00 -4.733583E+00
  3.629311E+00  4.195300E+00 -4.758706E+00
  3.639012E+00  4.190432E+00 -4.777341E+00
  3.642389E+00  4.188118E+00 -4.783829E+00
  3.645177E+00  4.190432E+00 -4.789184E+00
  3.655467E+00  4.197232E+00 -4.808952E+00
  3.668546E+00  4.209601E+00 -4.834075E+00
  3.674705E+00  4.218755E+00 -4.845907E+00
  3.672751E+00  4.247078E+00 -4.842153E+00
  3.681624E+00  4.258897E+00 -4.859198E+00
  3.694702E+00  4.268403E+00 -4.884321E+00
  3.698019E+00  4.275401E+00 -4.890692E+00
  3.694702E+00  4.292962E+00 -4.884321E+00
  3.690797E+00  4.303725E+00 -4.876819E+00
  3.694702E+00  4.312898E+00 -4.884321E+00
  3.703920E+00  4.332048E+00 -4.902028E+00
  3.704957E+00  4.360371E+00 -4.904020E+00
  3.694702E+00  4.380296E+00 -4.884321E+00
Slice   =    130 , Freq(kT, average of all copies)              =   0.5745
Orbit # =      0 , Freq(kT, this largest copy used for outline) =   0.5806
Points  =     47
  kx            ky            kz
  8.199468E+00  7.074969E+00 -3.502640E+00
  8.196382E+00  7.082174E+00 -3.496713E+00
  8.186390E+00  7.105981E+00 -3.477517E+00
  8.181160E+00  7.110498E+00 -3.467471E+00
  8.173311E+00  7.118350E+00 -3.452394E+00
  8.160233E+00  7.132540E+00 -3.427271E+00
  8.151246E+00  7.138821E+00 -3.410007E+00
  8.147155E+00  7.140228E+00 -3.402148E+00
  8.134077E+00  7.140403E+00 -3.377025E+00
  8.133202E+00  7.138821E+00 -3.375345E+00
  8.134077E+00  7.129092E+00 -3.377025E+00
  8.138743E+00  7.110498E+00 -3.385988E+00
  8.134077E+00  7.106507E+00 -3.377025E+00
  8.120999E+00  7.096568E+00 -3.351902E+00
  8.115980E+00  7.082174E+00 -3.342261E+00
  8.107921E+00  7.060747E+00 -3.326779E+00
  8.099702E+00  7.053851E+00 -3.310991E+00
  8.101915E+00  7.025528E+00 -3.315242E+00
  8.094842E+00  7.010605E+00 -3.301656E+00
  8.084894E+00  6.997205E+00 -3.282545E+00
  8.086047E+00  6.968882E+00 -3.284760E+00
  8.081764E+00  6.962009E+00 -3.276533E+00
  8.073662E+00  6.940559E+00 -3.260969E+00
  8.071928E+00  6.912236E+00 -3.257638E+00
  8.068686E+00  6.902011E+00 -3.251411E+00
  8.063709E+00  6.883912E+00 -3.241849E+00
  8.068686E+00  6.859843E+00 -3.251411E+00
  8.071868E+00  6.855589E+00 -3.257524E+00
  8.081764E+00  6.849690E+00 -3.276533E+00
  8.094842E+00  6.849121E+00 -3.301656E+00
  8.107921E+00  6.850169E+00 -3.326779E+00
  8.120999E+00  6.854574E+00 -3.351902E+00
  8.123658E+00  6.855589E+00 -3.357011E+00
  8.134077E+00  6.861906E+00 -3.377025E+00
  8.147155E+00  6.875402E+00 -3.402148E+00
  8.155175E+00  6.883912E+00 -3.417555E+00
  8.160233E+00  6.888950E+00 -3.427271E+00
  8.173311E+00  6.903128E+00 -3.452394E+00
  8.181010E+00  6.912236E+00 -3.467183E+00
  8.176411E+00  6.940559E+00 -3.458348E+00
  8.186390E+00  6.956296E+00 -3.477517E+00
  8.195792E+00  6.968882E+00 -3.495578E+00
  8.194151E+00  6.997205E+00 -3.492426E+00
  8.199468E+00  7.017682E+00 -3.502640E+00
  8.201644E+00  7.025528E+00 -3.506820E+00
  8.207958E+00  7.053851E+00 -3.518949E+00
  8.199468E+00  7.074969E+00 -3.502640E+00
Slice   =     68 , Freq(kT, average of all copies)              =   0.5780
Orbit # =      0 , Freq(kT, this largest copy used for outline) =   0.5867
Points  =     51
  kx            ky            kz
 -1.634764E+00  1.989799E+00 -4.813739E+00
 -1.647842E+00  2.001556E+00 -4.788616E+00
 -1.656301E+00  2.011638E+00 -4.772366E+00
 -1.660920E+00  2.013694E+00 -4.763493E+00
 -1.673308E+00  2.011638E+00 -4.739696E+00
 -1.673998E+00  2.011243E+00 -4.738370E+00
 -1.687076E+00  2.000883E+00 -4.713247E+00
 -1.700155E+00  1.994707E+00 -4.688124E+00
 -1.709224E+00  1.983315E+00 -4.670702E+00
 -1.713233E+00  1.979470E+00 -4.663001E+00
 -1.726311E+00  1.971913E+00 -4.637878E+00
 -1.737301E+00  1.954992E+00 -4.616767E+00
 -1.739389E+00  1.946368E+00 -4.612755E+00
 -1.750883E+00  1.926669E+00 -4.590675E+00
 -1.751046E+00  1.898346E+00 -4.590362E+00
 -1.752467E+00  1.894501E+00 -4.587632E+00
 -1.765545E+00  1.880939E+00 -4.562509E+00
 -1.772019E+00  1.870022E+00 -4.550073E+00
 -1.765545E+00  1.843414E+00 -4.562509E+00
 -1.765015E+00  1.841699E+00 -4.563528E+00
 -1.765545E+00  1.840040E+00 -4.562509E+00
 -1.778624E+00  1.815390E+00 -4.537386E+00
 -1.779461E+00  1.813376E+00 -4.535778E+00
 -1.778624E+00  1.808485E+00 -4.537386E+00
 -1.770581E+00  1.785053E+00 -4.552836E+00
 -1.765545E+00  1.760967E+00 -4.562509E+00
 -1.763619E+00  1.756730E+00 -4.566210E+00
 -1.752467E+00  1.743258E+00 -4.587632E+00
 -1.740198E+00  1.728407E+00 -4.611201E+00
 -1.739389E+00  1.727829E+00 -4.612755E+00
 -1.726311E+00  1.717401E+00 -4.637878E+00
 -1.713233E+00  1.720038E+00 -4.663001E+00
 -1.700155E+00  1.726679E+00 -4.688124E+00
 -1.698944E+00  1.728407E+00 -4.690450E+00
 -1.697502E+00  1.756730E+00 -4.693219E+00
 -1.687076E+00  1.768625E+00 -4.713247E+00
 -1.673998E+00  1.784685E+00 -4.738370E+00
 -1.673730E+00  1.785053E+00 -4.738885E+00
 -1.673998E+00  1.787525E+00 -4.738370E+00
 -1.676756E+00  1.813376E+00 -4.733072E+00
 -1.673998E+00  1.820381E+00 -4.738370E+00
 -1.660920E+00  1.841206E+00 -4.763493E+00
 -1.660696E+00  1.841699E+00 -4.763923E+00
 -1.656776E+00  1.870022E+00 -4.771454E+00
 -1.650769E+00  1.898346E+00 -4.782992E+00
 -1.647842E+00  1.907162E+00 -4.788616E+00
 -1.640830E+00  1.926669E+00 -4.802085E+00
 -1.641441E+00  1.954992E+00 -4.800912E+00
 -1.634764E+00  1.974044E+00 -4.813739E+00
 -1.631023E+00  1.983315E+00 -4.820924E+00
 -1.634764E+00  1.989799E+00 -4.813739E+00
Theta(deg) =   0.000000 , Phi(deg) =  65.000000 , Number of orbits =    10 , (Angstrom^-1) units
Slice   =    126 , Freq(kT, average of all copies)              =   0.2104
Orbit # =      0 , Freq(kT, this largest copy used for outline) =   0.2147
Points  =     33
  kx            ky            kz
  3.022841E+00  3.090610E+00 -3.103004E+00
  3.010871E+00  3.106832E+00 -3.077335E+00
  2.999760E+00  3.088613E+00 -3.053507E+00
  2.998901E+00  3.087049E+00 -3.051666E+00
  2.986932E+00  3.074348E+00 -3.025996E+00
  2.980105E+00  3.060290E+00 -3.011356E+00
  2.974962E+00  3.044066E+00 -3.000327E+00
  2.970844E+00  3.031967E+00 -2.991496E+00
  2.963829E+00  3.003643E+00 -2.976452E+00
  2.962992E+00  3.001039E+00 -2.974657E+00
  2.951022E+00  2.979800E+00 -2.948988E+00
  2.949320E+00  2.975320E+00 -2.945337E+00
  2.942927E+00  2.946997E+00 -2.931628E+00
  2.939052E+00  2.920233E+00 -2.923318E+00
  2.938846E+00  2.918674E+00 -2.922875E+00
  2.934209E+00  2.890351E+00 -2.912932E+00
  2.939052E+00  2.885936E+00 -2.923318E+00
  2.951022E+00  2.878053E+00 -2.948988E+00
  2.960384E+00  2.890351E+00 -2.969064E+00
  2.962992E+00  2.893399E+00 -2.974657E+00
  2.974962E+00  2.915407E+00 -3.000327E+00
  2.976786E+00  2.918674E+00 -3.004240E+00
  2.986932E+00  2.933655E+00 -3.025996E+00
  2.991521E+00  2.946997E+00 -3.035838E+00
  2.995666E+00  2.975320E+00 -3.044728E+00
  2.998901E+00  2.986334E+00 -3.051666E+00
  3.008169E+00  3.003643E+00 -3.071540E+00
  3.010871E+00  3.010638E+00 -3.077335E+00
  3.017550E+00  3.031967E+00 -3.091658E+00
  3.021038E+00  3.060290E+00 -3.099137E+00
  3.022841E+00  3.082314E+00 -3.103004E+00
  3.023533E+00  3.088613E+00 -3.104488E+00
  3.022841E+00  3.090610E+00 -3.103004E+00
Slice   =    202 , Freq(kT, average of all copies)              =   0.3036
Orbit # =      0 , Freq(kT, this largest copy used for outline) =   0.3091
Points  =     41
  kx            ky            kz
  5.047267E+00  7.489386E+00 -6.343005E+00
  5.035297E+00  7.504502E+00 -6.317335E+00
  5.025752E+00  7.482177E+00 -6.296867E+00
  5.023327E+00  7.480181E+00 -6.291666E+00
  5.011357E+00  7.456134E+00 -6.265997E+00
  5.010602E+00  7.453854E+00 -6.264377E+00
  4.999388E+00  7.437654E+00 -6.240327E+00
  4.994935E+00  7.425531E+00 -6.230778E+00
  4.987418E+00  7.398904E+00 -6.214658E+00
  4.986564E+00  7.397208E+00 -6.212826E+00
  4.977158E+00  7.368884E+00 -6.192656E+00
  4.975448E+00  7.364476E+00 -6.188988E+00
  4.963478E+00  7.342416E+00 -6.163319E+00
  4.962900E+00  7.340561E+00 -6.162080E+00
  4.957709E+00  7.312238E+00 -6.150946E+00
  4.951508E+00  7.289879E+00 -6.137649E+00
  4.949391E+00  7.283915E+00 -6.133109E+00
  4.939538E+00  7.260288E+00 -6.111980E+00
  4.938158E+00  7.255592E+00 -6.109020E+00
  4.939538E+00  7.241874E+00 -6.111980E+00
  4.947476E+00  7.227269E+00 -6.129003E+00
  4.951508E+00  7.221796E+00 -6.137649E+00
  4.963478E+00  7.220997E+00 -6.163319E+00
  4.975448E+00  7.224036E+00 -6.188988E+00
  4.976512E+00  7.227269E+00 -6.191270E+00
  4.987418E+00  7.255491E+00 -6.214658E+00
  4.987460E+00  7.255592E+00 -6.214749E+00
  4.996552E+00  7.283915E+00 -6.234246E+00
  4.999388E+00  7.289062E+00 -6.240327E+00
  5.011357E+00  7.311206E+00 -6.265997E+00
  5.011610E+00  7.312238E+00 -6.266538E+00
  5.017845E+00  7.340561E+00 -6.279908E+00
  5.023327E+00  7.360180E+00 -6.291666E+00
  5.026307E+00  7.368884E+00 -6.298057E+00
  5.035297E+00  7.386178E+00 -6.317335E+00
  5.038584E+00  7.397208E+00 -6.324385E+00
  5.043129E+00  7.425531E+00 -6.334131E+00
  5.047267E+00  7.449700E+00 -6.343005E+00
  5.048670E+00  7.453854E+00 -6.346014E+00
  5.052987E+00  7.482177E+00 -6.355272E+00
  5.047267E+00  7.489386E+00 -6.343005E+00
Slice   =     85 , Freq(kT, average of all copies)              =   0.3072
Orbit # =      0 , Freq(kT, this largest copy used for outline) =   0.3120
Points  =     41
  kx            ky            kz
  2.137971E+00  3.226134E+00 -4.474994E+00
  2.126723E+00  3.228837E+00 -4.450872E+00
  2.126001E+00  3.228955E+00 -4.449325E+00
  2.125349E+00  3.228837E+00 -4.447926E+00
  2.114031E+00  3.226775E+00 -4.423655E+00
  2.102061E+00  3.210615E+00 -4.397986E+00
  2.097715E+00  3.200514E+00 -4.388664E+00
  2.090257E+00  3.172191E+00 -4.372671E+00
  2.090091E+00  3.171977E+00 -4.372316E+00
  2.078122E+00  3.148056E+00 -4.346647E+00
  2.077135E+00  3.143868E+00 -4.344532E+00
  2.066152E+00  3.117349E+00 -4.320977E+00
  2.065554E+00  3.115544E+00 -4.319695E+00
  2.060693E+00  3.087221E+00 -4.309271E+00
  2.054182E+00  3.072843E+00 -4.295308E+00
  2.049043E+00  3.058898E+00 -4.284288E+00
  2.042212E+00  3.035864E+00 -4.269638E+00
  2.040527E+00  3.030575E+00 -4.266026E+00
  2.037853E+00  3.002252E+00 -4.260290E+00
  2.030242E+00  2.979021E+00 -4.243969E+00
  2.027965E+00  2.973929E+00 -4.239086E+00
  2.030242E+00  2.966093E+00 -4.243969E+00
  2.042212E+00  2.955780E+00 -4.269638E+00
  2.054182E+00  2.949162E+00 -4.295308E+00
  2.062455E+00  2.973929E+00 -4.313050E+00
  2.066152E+00  2.981049E+00 -4.320977E+00
  2.078122E+00  2.999003E+00 -4.346647E+00
  2.079262E+00  3.002252E+00 -4.349093E+00
  2.090091E+00  3.026106E+00 -4.372316E+00
  2.091833E+00  3.030575E+00 -4.376052E+00
  2.098282E+00  3.058898E+00 -4.389880E+00
  2.102061E+00  3.069602E+00 -4.397986E+00
  2.113696E+00  3.087221E+00 -4.422936E+00
  2.114031E+00  3.087855E+00 -4.423655E+00
  2.122028E+00  3.115544E+00 -4.440803E+00
  2.126001E+00  3.139920E+00 -4.449325E+00
  2.127651E+00  3.143868E+00 -4.452864E+00
  2.137971E+00  3.164413E+00 -4.474994E+00
  2.140001E+00  3.172191E+00 -4.479348E+00
  2.143518E+00  3.200514E+00 -4.486889E+00
  2.137971E+00  3.226134E+00 -4.474994E+00
Slice   =    194 , Freq(kT, average of all copies)              =   0.4474
Orbit # =      0 , Freq(kT, this largest copy used for outline) =   0.4578
Points  =     45
  kx            ky            kz
  9.992293E+00  8.848415E+00 -3.786064E+00
  9.980324E+00  8.856806E+00 -3.760394E+00
  9.968354E+00  8.867846E+00 -3.734725E+00
  9.966441E+00  8.869315E+00 -3.730623E+00
  9.956384E+00  8.878211E+00 -3.709055E+00
  9.944414E+00  8.878367E+00 -3.683386E+00
  9.932444E+00  8.884226E+00 -3.657717E+00
  9.920474E+00  8.875761E+00 -3.632047E+00
  9.917301E+00  8.869315E+00 -3.625242E+00
  9.912769E+00  8.840992E+00 -3.615523E+00
  9.908504E+00  8.834736E+00 -3.606378E+00
  9.896534E+00  8.830254E+00 -3.580708E+00
  9.888635E+00  8.812668E+00 -3.563767E+00
  9.885423E+00  8.784345E+00 -3.556880E+00
  9.884565E+00  8.781628E+00 -3.555039E+00
  9.872595E+00  8.768908E+00 -3.529369E+00
  9.863571E+00  8.756022E+00 -3.510017E+00
  9.862891E+00  8.727699E+00 -3.508560E+00
  9.860625E+00  8.708876E+00 -3.503700E+00
  9.857134E+00  8.699376E+00 -3.496214E+00
  9.860625E+00  8.679340E+00 -3.503700E+00
  9.864123E+00  8.671053E+00 -3.511201E+00
  9.872595E+00  8.667881E+00 -3.529369E+00
  9.878454E+00  8.671053E+00 -3.541934E+00
  9.884565E+00  8.675130E+00 -3.555039E+00
  9.895136E+00  8.671053E+00 -3.577708E+00
  9.896534E+00  8.670381E+00 -3.580708E+00
  9.908504E+00  8.658077E+00 -3.606378E+00
  9.917503E+00  8.671053E+00 -3.625675E+00
  9.920474E+00  8.675587E+00 -3.632047E+00
  9.929689E+00  8.671053E+00 -3.651809E+00
  9.932444E+00  8.670314E+00 -3.657717E+00
  9.932973E+00  8.671053E+00 -3.658850E+00
  9.940618E+00  8.699376E+00 -3.675247E+00
  9.944414E+00  8.710440E+00 -3.683386E+00
  9.956384E+00  8.723291E+00 -3.709055E+00
  9.960208E+00  8.727699E+00 -3.717257E+00
  9.968354E+00  8.745204E+00 -3.734725E+00
  9.970980E+00  8.756022E+00 -3.740357E+00
  9.978676E+00  8.784345E+00 -3.756861E+00
  9.980324E+00  8.789229E+00 -3.760394E+00
  9.992293E+00  8.801078E+00 -3.786064E+00
  9.994487E+00  8.812668E+00 -3.790768E+00
  9.994778E+00  8.840992E+00 -3.791391E+00
  9.992293E+00  8.848415E+00 -3.786064E+00
Slice   =     82 , Freq(kT, average of all copies)              =   0.4785
Orbit # =      0 , Freq(kT, this largest copy used for outline) =   0.4879
Points  =     43
  kx            ky            kz
  2.527788E+00  3.831990E+00 -5.512013E+00
  2.517480E+00  3.851946E+00 -5.489908E+00
  2.517656E+00  3.880269E+00 -5.490286E+00
  2.515818E+00  3.883827E+00 -5.486344E+00
  2.503848E+00  3.884069E+00 -5.460674E+00
  2.491878E+00  3.904161E+00 -5.435005E+00
  2.479908E+00  3.908204E+00 -5.409335E+00
  2.467938E+00  3.907435E+00 -5.383666E+00
  2.465372E+00  3.908592E+00 -5.378162E+00
  2.455968E+00  3.910679E+00 -5.357996E+00
  2.454996E+00  3.908592E+00 -5.355911E+00
  2.455433E+00  3.880269E+00 -5.356848E+00
  2.443998E+00  3.866849E+00 -5.332327E+00
  2.437662E+00  3.851946E+00 -5.318739E+00
  2.432029E+00  3.831127E+00 -5.306657E+00
  2.428490E+00  3.823623E+00 -5.299069E+00
  2.425416E+00  3.795300E+00 -5.292476E+00
  2.420059E+00  3.783855E+00 -5.280988E+00
  2.411845E+00  3.766977E+00 -5.263374E+00
  2.418582E+00  3.738653E+00 -5.277821E+00
  2.408089E+00  3.723618E+00 -5.255318E+00
  2.402141E+00  3.710330E+00 -5.242564E+00
  2.408089E+00  3.695423E+00 -5.255318E+00
  2.420059E+00  3.685667E+00 -5.280988E+00
  2.424257E+00  3.682007E+00 -5.289992E+00
  2.432029E+00  3.678151E+00 -5.306657E+00
  2.443998E+00  3.671931E+00 -5.332327E+00
  2.455968E+00  3.671388E+00 -5.357996E+00
  2.467938E+00  3.667786E+00 -5.383666E+00
  2.479908E+00  3.670918E+00 -5.409335E+00
  2.491878E+00  3.678196E+00 -5.435005E+00
  2.494788E+00  3.682007E+00 -5.441244E+00
  2.493531E+00  3.710330E+00 -5.438549E+00
  2.503848E+00  3.726720E+00 -5.460674E+00
  2.507124E+00  3.738653E+00 -5.467700E+00
  2.515818E+00  3.762368E+00 -5.486344E+00
  2.517831E+00  3.766977E+00 -5.490661E+00
  2.515818E+00  3.788240E+00 -5.486344E+00
  2.515100E+00  3.795300E+00 -5.484805E+00
  2.515818E+00  3.797034E+00 -5.486344E+00
  2.527788E+00  3.818111E+00 -5.512013E+00
  2.530171E+00  3.823623E+00 -5.517124E+00
  2.527788E+00  3.831990E+00 -5.512013E+00
Slice   =     33 , Freq(kT, average of all copies)              =   0.4851
Orbit # =      0 , Freq(kT, this largest copy used for outline) =   0.4863
Points  =     43
  kx            ky            kz
 -1.276146E+00  1.216131E+00 -5.491214E+00
 -1.276310E+00  1.216503E+00 -5.490863E+00
 -1.278898E+00  1.244826E+00 -5.485313E+00
 -1.288116E+00  1.255928E+00 -5.465544E+00
 -1.300086E+00  1.271398E+00 -5.439875E+00
 -1.301743E+00  1.273149E+00 -5.436321E+00
 -1.312056E+00  1.281014E+00 -5.414205E+00
 -1.323516E+00  1.273149E+00 -5.389630E+00
 -1.324026E+00  1.272954E+00 -5.388536E+00
 -1.324882E+00  1.273149E+00 -5.386699E+00
 -1.335996E+00  1.275396E+00 -5.362866E+00
 -1.337832E+00  1.273149E+00 -5.358928E+00
 -1.341892E+00  1.244826E+00 -5.350221E+00
 -1.347966E+00  1.236155E+00 -5.337197E+00
 -1.359758E+00  1.216503E+00 -5.311909E+00
 -1.359935E+00  1.215016E+00 -5.311527E+00
 -1.365144E+00  1.188180E+00 -5.300358E+00
 -1.371678E+00  1.159857E+00 -5.286345E+00
 -1.371905E+00  1.158784E+00 -5.285858E+00
 -1.383875E+00  1.139618E+00 -5.260188E+00
 -1.386579E+00  1.131534E+00 -5.254391E+00
 -1.383875E+00  1.117586E+00 -5.260188E+00
 -1.378408E+00  1.103211E+00 -5.271913E+00
 -1.383875E+00  1.089929E+00 -5.260188E+00
 -1.392751E+00  1.074887E+00 -5.241154E+00
 -1.383875E+00  1.061961E+00 -5.260188E+00
 -1.371905E+00  1.046581E+00 -5.285858E+00
 -1.371860E+00  1.046564E+00 -5.285956E+00
 -1.359935E+00  1.044763E+00 -5.311527E+00
 -1.347966E+00  1.039723E+00 -5.337197E+00
 -1.335996E+00  1.044239E+00 -5.362866E+00
 -1.324026E+00  1.036757E+00 -5.388536E+00
 -1.312056E+00  1.041770E+00 -5.414205E+00
 -1.306223E+00  1.046564E+00 -5.426713E+00
 -1.300086E+00  1.072925E+00 -5.439875E+00
 -1.299792E+00  1.074887E+00 -5.440505E+00
 -1.291016E+00  1.103211E+00 -5.459326E+00
 -1.288116E+00  1.108268E+00 -5.465544E+00
 -1.276163E+00  1.131534E+00 -5.491178E+00
 -1.281644E+00  1.159857E+00 -5.479424E+00
 -1.276146E+00  1.172374E+00 -5.491214E+00
 -1.264801E+00  1.188180E+00 -5.515544E+00
 -1.276146E+00  1.216131E+00 -5.491214E+00
Slice   =     55 , Freq(kT, average of all copies)              =   0.5178
Orbit # =      0 , Freq(kT, this largest copy used for outline) =   0.5295
Points  =     49
  kx            ky            kz
 -1.667281E+00  2.322685E+00 -6.648160E+00
 -1.679251E+00  2.325638E+00 -6.622491E+00
 -1.691221E+00  2.330417E+00 -6.596821E+00
 -1.703191E+00  2.328690E+00 -6.571152E+00
 -1.715161E+00  2.332182E+00 -6.545482E+00
 -1.727131E+00  2.332467E+00 -6.519813E+00
 -1.731433E+00  2.321801E+00 -6.510586E+00
 -1.739100E+00  2.310218E+00 -6.494143E+00
 -1.751070E+00  2.304170E+00 -6.468474E+00
 -1.763040E+00  2.294465E+00 -6.442804E+00
 -1.763504E+00  2.293478E+00 -6.441809E+00
 -1.768892E+00  2.265155E+00 -6.430255E+00
 -1.775010E+00  2.252436E+00 -6.417135E+00
 -1.786980E+00  2.246564E+00 -6.391466E+00
 -1.792065E+00  2.236832E+00 -6.380560E+00
 -1.796749E+00  2.208509E+00 -6.370516E+00
 -1.798950E+00  2.200885E+00 -6.365796E+00
 -1.810920E+00  2.185416E+00 -6.340127E+00
 -1.815328E+00  2.180185E+00 -6.330673E+00
 -1.819064E+00  2.151862E+00 -6.322660E+00
 -1.819075E+00  2.123539E+00 -6.322638E+00
 -1.817197E+00  2.095216E+00 -6.326665E+00
 -1.810920E+00  2.073801E+00 -6.340127E+00
 -1.805912E+00  2.066893E+00 -6.350866E+00
 -1.798950E+00  2.060767E+00 -6.365796E+00
 -1.786980E+00  2.055865E+00 -6.391466E+00
 -1.775010E+00  2.063123E+00 -6.417135E+00
 -1.773723E+00  2.066893E+00 -6.419895E+00
 -1.763040E+00  2.092607E+00 -6.442804E+00
 -1.760792E+00  2.095216E+00 -6.447626E+00
 -1.751070E+00  2.102534E+00 -6.468474E+00
 -1.744210E+00  2.123539E+00 -6.483187E+00
 -1.739100E+00  2.142697E+00 -6.494143E+00
 -1.728959E+00  2.151862E+00 -6.515893E+00
 -1.727131E+00  2.153257E+00 -6.519813E+00
 -1.718154E+00  2.180185E+00 -6.539062E+00
 -1.715161E+00  2.189811E+00 -6.545482E+00
 -1.706522E+00  2.208509E+00 -6.564007E+00
 -1.703191E+00  2.214770E+00 -6.571152E+00
 -1.691221E+00  2.231918E+00 -6.596821E+00
 -1.690052E+00  2.236832E+00 -6.599328E+00
 -1.685284E+00  2.265155E+00 -6.609552E+00
 -1.679990E+00  2.293478E+00 -6.620905E+00
 -1.679251E+00  2.299858E+00 -6.622491E+00
 -1.676350E+00  2.293478E+00 -6.628712E+00
 -1.667281E+00  2.289944E+00 -6.648160E+00
 -1.666594E+00  2.293478E+00 -6.649633E+00
 -1.667054E+00  2.321801E+00 -6.648648E+00
 -1.667281E+00  2.322685E+00 -6.648160E+00
Slice   =    160 , Freq(kT, average of all copies)              =   0.5200
Orbit # =      0 , Freq(kT, this largest copy used for outline) =   0.5323
Points  =     47
  kx            ky            kz
  5.114804E+00  4.947872E+00 -2.362326E+00
  5.102834E+00  4.954487E+00 -2.336656E+00
  5.097373E+00  4.960027E+00 -2.324946E+00
  5.090864E+00  4.963725E+00 -2.310987E+00
  5.078894E+00  4.960725E+00 -2.285317E+00
  5.078496E+00  4.960027E+00 -2.284462E+00
  5.073067E+00  4.931704E+00 -2.272821E+00
  5.066924E+00  4.925848E+00 -2.259648E+00
  5.054954E+00  4.911643E+00 -2.233978E+00
  5.051016E+00  4.903381E+00 -2.225532E+00
  5.042985E+00  4.885040E+00 -2.208309E+00
  5.039869E+00  4.875057E+00 -2.201627E+00
  5.031015E+00  4.862547E+00 -2.182639E+00
  5.019045E+00  4.848475E+00 -2.156970E+00
  5.018346E+00  4.846734E+00 -2.155470E+00
  5.014279E+00  4.818411E+00 -2.146749E+00
  5.007075E+00  4.806185E+00 -2.131300E+00
  4.995105E+00  4.795067E+00 -2.105631E+00
  4.992944E+00  4.790088E+00 -2.100996E+00
  4.989552E+00  4.761765E+00 -2.093722E+00
  4.983135E+00  4.741809E+00 -2.079961E+00
  4.971165E+00  4.735480E+00 -2.054292E+00
  4.969878E+00  4.733442E+00 -2.051531E+00
  4.971165E+00  4.719090E+00 -2.054292E+00
  4.975709E+00  4.705119E+00 -2.064036E+00
  4.983135E+00  4.693715E+00 -2.079961E+00
  4.995105E+00  4.683147E+00 -2.105631E+00
  5.007075E+00  4.685892E+00 -2.131300E+00
  5.019045E+00  4.685813E+00 -2.156970E+00
  5.031015E+00  4.678325E+00 -2.182639E+00
  5.039715E+00  4.705119E+00 -2.201298E+00
  5.042985E+00  4.711309E+00 -2.208309E+00
  5.054954E+00  4.712148E+00 -2.233978E+00
  5.063656E+00  4.733442E+00 -2.252640E+00
  5.066924E+00  4.743581E+00 -2.259648E+00
  5.077250E+00  4.761765E+00 -2.281791E+00
  5.078894E+00  4.763621E+00 -2.285317E+00
  5.090864E+00  4.778419E+00 -2.310987E+00
  5.094193E+00  4.790088E+00 -2.318127E+00
  5.101279E+00  4.818411E+00 -2.333322E+00
  5.102834E+00  4.823343E+00 -2.336656E+00
  5.114804E+00  4.833468E+00 -2.362326E+00
  5.118662E+00  4.846734E+00 -2.370600E+00
  5.121741E+00  4.875057E+00 -2.377202E+00
  5.120961E+00  4.903381E+00 -2.375529E+00
  5.119090E+00  4.931704E+00 -2.371517E+00
  5.114804E+00  4.947872E+00 -2.362326E+00
Slice   =     93 , Freq(kT, average of all copies)              =   0.5358
Orbit # =      0 , Freq(kT, this largest copy used for outline) =   0.5472
Points  =     47
  kx            ky            kz
  1.327614E+00  2.640119E+00 -4.105615E+00
  1.315644E+00  2.655802E+00 -4.079945E+00
  1.306135E+00  2.663070E+00 -4.059554E+00
  1.303674E+00  2.664127E+00 -4.054276E+00
  1.291705E+00  2.678804E+00 -4.028607E+00
  1.279735E+00  2.663078E+00 -4.002937E+00
  1.267765E+00  2.663480E+00 -3.977268E+00
  1.267566E+00  2.663070E+00 -3.976841E+00
  1.267765E+00  2.660113E+00 -3.977268E+00
  1.271295E+00  2.634747E+00 -3.984838E+00
  1.267765E+00  2.630057E+00 -3.977268E+00
  1.255795E+00  2.614690E+00 -3.951598E+00
  1.252952E+00  2.606424E+00 -3.945502E+00
  1.247465E+00  2.578101E+00 -3.933735E+00
  1.243825E+00  2.558064E+00 -3.925929E+00
  1.243012E+00  2.549778E+00 -3.924184E+00
  1.231855E+00  2.526971E+00 -3.900259E+00
  1.229396E+00  2.521454E+00 -3.894986E+00
  1.231482E+00  2.493131E+00 -3.899459E+00
  1.219885E+00  2.471848E+00 -3.874590E+00
  1.217505E+00  2.464808E+00 -3.869485E+00
  1.218902E+00  2.436485E+00 -3.872480E+00
  1.211956E+00  2.408162E+00 -3.857586E+00
  1.219885E+00  2.383440E+00 -3.874590E+00
  1.225703E+00  2.379839E+00 -3.887066E+00
  1.231855E+00  2.377851E+00 -3.900259E+00
  1.243825E+00  2.377673E+00 -3.925929E+00
  1.251117E+00  2.379839E+00 -3.941566E+00
  1.255795E+00  2.382546E+00 -3.951598E+00
  1.267765E+00  2.392587E+00 -3.977268E+00
  1.279735E+00  2.401698E+00 -4.002937E+00
  1.282557E+00  2.408162E+00 -4.008990E+00
  1.291705E+00  2.420234E+00 -4.028607E+00
  1.303674E+00  2.430923E+00 -4.054276E+00
  1.307603E+00  2.436485E+00 -4.062700E+00
  1.303730E+00  2.464808E+00 -4.054396E+00
  1.315644E+00  2.485191E+00 -4.079945E+00
  1.318098E+00  2.493131E+00 -4.085207E+00
  1.323661E+00  2.521454E+00 -4.097137E+00
  1.325193E+00  2.549778E+00 -4.100423E+00
  1.327614E+00  2.556288E+00 -4.105615E+00
  1.335721E+00  2.578101E+00 -4.123001E+00
  1.327614E+00  2.603550E+00 -4.105615E+00
  1.326283E+00  2.606424E+00 -4.102761E+00
  1.327614E+00  2.616286E+00 -4.105615E+00
  1.331540E+00  2.634747E+00 -4.114033E+00
  1.327614E+00  2.640119E+00 -4.105615E+00
Slice   =     26 , Freq(kT, average of all copies)              =   0.5377
Orbit # =      0 , Freq(kT, this largest copy used for outline) =   0.5466
Points  =     43
  kx            ky            kz
 -1.708927E+00  4.079964E-01 -1.040250E+00
 -1.720865E+00  4.241512E-01 -1.014647E+00
 -1.720897E+00  4.241707E-01 -1.014580E+00
 -1.732866E+00  4.259372E-01 -9.889109E-01
 -1.736095E+00  4.241512E-01 -9.819882E-01
 -1.744836E+00  4.141271E-01 -9.632414E-01
 -1.756806E+00  4.084327E-01 -9.375720E-01
 -1.765137E+00  3.958281E-01 -9.197067E-01
 -1.768776E+00  3.912534E-01 -9.119025E-01
 -1.780746E+00  3.825428E-01 -8.862330E-01
 -1.788740E+00  3.675050E-01 -8.690890E-01
 -1.792716E+00  3.515246E-01 -8.605635E-01
 -1.799686E+00  3.391818E-01 -8.456158E-01
 -1.800610E+00  3.108587E-01 -8.436348E-01
 -1.804686E+00  3.008063E-01 -8.348941E-01
 -1.816615E+00  2.825356E-01 -8.093125E-01
 -1.812330E+00  2.542124E-01 -8.184999E-01
 -1.816655E+00  2.453933E-01 -8.092246E-01
 -1.823834E+00  2.258893E-01 -7.938294E-01
 -1.819891E+00  1.975662E-01 -8.022859E-01
 -1.821048E+00  1.692430E-01 -7.998045E-01
 -1.816655E+00  1.579741E-01 -8.092246E-01
 -1.804686E+00  1.490215E-01 -8.348941E-01
 -1.801106E+00  1.409199E-01 -8.425711E-01
 -1.792716E+00  1.293719E-01 -8.605635E-01
 -1.780746E+00  1.257936E-01 -8.862330E-01
 -1.768776E+00  1.286303E-01 -9.119025E-01
 -1.756806E+00  1.404825E-01 -9.375720E-01
 -1.756592E+00  1.409199E-01 -9.380313E-01
 -1.755719E+00  1.692430E-01 -9.399024E-01
 -1.744836E+00  1.870312E-01 -9.632414E-01
 -1.737468E+00  1.975662E-01 -9.790433E-01
 -1.739734E+00  2.258893E-01 -9.741843E-01
 -1.732866E+00  2.438547E-01 -9.889109E-01
 -1.726884E+00  2.542124E-01 -1.001740E+00
 -1.721460E+00  2.825356E-01 -1.013372E+00
 -1.720897E+00  2.847877E-01 -1.014580E+00
 -1.716506E+00  3.108587E-01 -1.023996E+00
 -1.709872E+00  3.391818E-01 -1.038222E+00
 -1.710187E+00  3.675050E-01 -1.037547E+00
 -1.708927E+00  3.741235E-01 -1.040250E+00
 -1.697158E+00  3.958281E-01 -1.065488E+00
 -1.708927E+00  4.079964E-01 -1.040250E+00
Theta(deg) =   0.000000 , Phi(deg) =  67.500000 , Number of orbits =     9 , (Angstrom^-1) units
Slice   =    104 , Freq(kT, average of all copies)              =   0.2107
Orbit # =      0 , Freq(kT, this largest copy used for outline) =   0.2161
Points  =     33
  kx            ky            kz
  1.055524E+00  1.789261E+00 -3.132670E+00
  1.044685E+00  1.792315E+00 -3.106503E+00
  1.041460E+00  1.785053E+00 -3.098717E+00
  1.033846E+00  1.774366E+00 -3.080336E+00
  1.024654E+00  1.756730E+00 -3.058143E+00
  1.023008E+00  1.753404E+00 -3.054169E+00
  1.012169E+00  1.733440E+00 -3.028002E+00
  1.010708E+00  1.728407E+00 -3.024475E+00
  1.006281E+00  1.700084E+00 -3.013788E+00
  1.001330E+00  1.684518E+00 -3.001835E+00
  9.969663E-01  1.671761E+00 -2.991300E+00
  9.904912E-01  1.655629E+00 -2.975667E+00
  9.860337E-01  1.643437E+00 -2.964906E+00
  9.829848E-01  1.615114E+00 -2.957545E+00
  9.796524E-01  1.600710E+00 -2.949500E+00
  9.769841E-01  1.586791E+00 -2.943058E+00
  9.796524E-01  1.568139E+00 -2.949500E+00
  9.904912E-01  1.560542E+00 -2.975667E+00
  1.001330E+00  1.571591E+00 -3.001835E+00
  1.005789E+00  1.586791E+00 -3.012599E+00
  1.012169E+00  1.600907E+00 -3.028002E+00
  1.023008E+00  1.613894E+00 -3.054169E+00
  1.023333E+00  1.615114E+00 -3.054954E+00
  1.029103E+00  1.643437E+00 -3.068884E+00
  1.033846E+00  1.665828E+00 -3.080336E+00
  1.035323E+00  1.671761E+00 -3.083901E+00
  1.044685E+00  1.695665E+00 -3.106503E+00
  1.046202E+00  1.700084E+00 -3.110164E+00
  1.052800E+00  1.728407E+00 -3.126094E+00
  1.055524E+00  1.756156E+00 -3.132670E+00
  1.055592E+00  1.756730E+00 -3.132834E+00
  1.057558E+00  1.785053E+00 -3.137582E+00
  1.055524E+00  1.789261E+00 -3.132670E+00
Slice   =    120 , Freq(kT, average of all copies)              =   0.2987
Orbit # =      0 , Freq(kT, this largest copy used for outline) =   0.3011
Points  =     41
  kx            ky            kz
  4.180461E+00  5.898942E+00 -3.898285E+00
  4.169622E+00  5.917759E+00 -3.872118E+00
  4.158783E+00  5.895522E+00 -3.845951E+00
  4.158336E+00  5.893299E+00 -3.844872E+00
  4.147945E+00  5.875863E+00 -3.819784E+00
  4.144161E+00  5.864976E+00 -3.810649E+00
  4.137106E+00  5.850275E+00 -3.793617E+00
  4.132442E+00  5.836652E+00 -3.782357E+00
  4.126267E+00  5.812434E+00 -3.767450E+00
  4.124712E+00  5.808329E+00 -3.763695E+00
  4.116187E+00  5.780006E+00 -3.743114E+00
  4.115428E+00  5.777469E+00 -3.741282E+00
  4.104589E+00  5.754303E+00 -3.715115E+00
  4.103896E+00  5.751683E+00 -3.713441E+00
  4.099193E+00  5.723360E+00 -3.702088E+00
  4.093751E+00  5.699236E+00 -3.688948E+00
  4.092459E+00  5.695037E+00 -3.685829E+00
  4.082912E+00  5.672444E+00 -3.662781E+00
  4.081470E+00  5.666714E+00 -3.659299E+00
  4.082912E+00  5.650039E+00 -3.662781E+00
  4.089776E+00  5.638390E+00 -3.679353E+00
  4.093751E+00  5.632685E+00 -3.688948E+00
  4.104589E+00  5.632317E+00 -3.715115E+00
  4.115428E+00  5.636575E+00 -3.741282E+00
  4.115888E+00  5.638390E+00 -3.742392E+00
  4.125240E+00  5.666714E+00 -3.764970E+00
  4.126267E+00  5.669222E+00 -3.767450E+00
  4.132451E+00  5.695037E+00 -3.782380E+00
  4.137106E+00  5.704940E+00 -3.793617E+00
  4.145473E+00  5.723360E+00 -3.813818E+00
  4.147945E+00  5.730386E+00 -3.819784E+00
  4.152863E+00  5.751683E+00 -3.831658E+00
  4.157950E+00  5.780006E+00 -3.843940E+00
  4.158783E+00  5.783145E+00 -3.845951E+00
  4.169622E+00  5.804503E+00 -3.872118E+00
  4.170339E+00  5.808329E+00 -3.873848E+00
  4.175710E+00  5.836652E+00 -3.886816E+00
  4.179099E+00  5.864976E+00 -3.894997E+00
  4.180461E+00  5.883641E+00 -3.898285E+00
  4.182159E+00  5.893299E+00 -3.902385E+00
  4.180461E+00  5.898942E+00 -3.898285E+00
Slice   =    112 , Freq(kT, average of all copies)              =   0.3030
Orbit # =      0 , Freq(kT, this largest copy used for outline) =   0.3074
Points  =     41
  kx            ky            kz
  3.971124E+00  4.545841E+00 -4.506848E+00
  3.960285E+00  4.535408E+00 -4.480681E+00
  3.949446E+00  4.542537E+00 -4.454514E+00
  3.944690E+00  4.532397E+00 -4.443032E+00
  3.938607E+00  4.520219E+00 -4.428346E+00
  3.930710E+00  4.504074E+00 -4.409282E+00
  3.927768E+00  4.492256E+00 -4.402179E+00
  3.924664E+00  4.475751E+00 -4.394684E+00
  3.916930E+00  4.459990E+00 -4.376012E+00
  3.913540E+00  4.447427E+00 -4.367830E+00
  3.906091E+00  4.426988E+00 -4.349845E+00
  3.904052E+00  4.419104E+00 -4.344923E+00
  3.899686E+00  4.390781E+00 -4.334382E+00
  3.895252E+00  4.377543E+00 -4.323678E+00
  3.889837E+00  4.362458E+00 -4.310605E+00
  3.884413E+00  4.343761E+00 -4.297511E+00
  3.881740E+00  4.334135E+00 -4.291057E+00
  3.879408E+00  4.305812E+00 -4.285426E+00
  3.873574E+00  4.282099E+00 -4.271343E+00
  3.872272E+00  4.277489E+00 -4.268199E+00
  3.873574E+00  4.271323E+00 -4.271343E+00
  3.884413E+00  4.261789E+00 -4.297511E+00
  3.895252E+00  4.258226E+00 -4.323678E+00
  3.900221E+00  4.277489E+00 -4.335673E+00
  3.906091E+00  4.291376E+00 -4.349845E+00
  3.915669E+00  4.305812E+00 -4.372968E+00
  3.916930E+00  4.307761E+00 -4.376012E+00
  3.925426E+00  4.334135E+00 -4.396523E+00
  3.927768E+00  4.342260E+00 -4.402179E+00
  3.932729E+00  4.362458E+00 -4.414155E+00
  3.938607E+00  4.378726E+00 -4.428346E+00
  3.942918E+00  4.390781E+00 -4.438753E+00
  3.949446E+00  4.407705E+00 -4.454514E+00
  3.953192E+00  4.419104E+00 -4.463557E+00
  3.958196E+00  4.447427E+00 -4.475639E+00
  3.960285E+00  4.457721E+00 -4.480681E+00
  3.968929E+00  4.475751E+00 -4.501549E+00
  3.971124E+00  4.481795E+00 -4.506848E+00
  3.975035E+00  4.504074E+00 -4.516291E+00
  3.972571E+00  4.532397E+00 -4.510343E+00
  3.971124E+00  4.545841E+00 -4.506848E+00
Slice   =    100 , Freq(kT, average of all copies)              =   0.4288
Orbit # =      0 , Freq(kT, this largest copy used for outline) =   0.4387
Points  =     39
  kx            ky            kz
  3.539609E+00  5.989405E+00 -8.716008E+00
  3.528770E+00  6.003261E+00 -8.689841E+00
  3.528047E+00  6.004504E+00 -8.688095E+00
  3.517931E+00  6.026513E+00 -8.663674E+00
  3.507966E+00  6.032827E+00 -8.639615E+00
  3.507093E+00  6.033144E+00 -8.637507E+00
  3.505452E+00  6.032827E+00 -8.633545E+00
  3.496254E+00  6.019731E+00 -8.611340E+00
  3.493982E+00  6.004504E+00 -8.605856E+00
  3.485415E+00  5.982881E+00 -8.585173E+00
  3.484581E+00  5.976181E+00 -8.583159E+00
  3.474576E+00  5.959614E+00 -8.559006E+00
  3.470320E+00  5.947858E+00 -8.548731E+00
  3.471768E+00  5.919535E+00 -8.552225E+00
  3.463737E+00  5.903118E+00 -8.532838E+00
  3.459594E+00  5.891211E+00 -8.522835E+00
  3.455602E+00  5.862888E+00 -8.513197E+00
  3.454739E+00  5.834565E+00 -8.511114E+00
  3.452899E+00  5.815076E+00 -8.506671E+00
  3.448889E+00  5.806242E+00 -8.496991E+00
  3.452899E+00  5.803361E+00 -8.506671E+00
  3.463737E+00  5.793514E+00 -8.532838E+00
  3.474576E+00  5.784225E+00 -8.559006E+00
  3.485415E+00  5.781947E+00 -8.585173E+00
  3.496254E+00  5.783927E+00 -8.611340E+00
  3.507093E+00  5.778394E+00 -8.637507E+00
  3.517931E+00  5.792346E+00 -8.663674E+00
  3.525058E+00  5.806242E+00 -8.680880E+00
  3.523969E+00  5.834565E+00 -8.678251E+00
  3.528770E+00  5.842862E+00 -8.689841E+00
  3.539609E+00  5.857450E+00 -8.716008E+00
  3.541277E+00  5.862888E+00 -8.720035E+00
  3.539609E+00  5.874765E+00 -8.716008E+00
  3.535978E+00  5.891211E+00 -8.707243E+00
  3.539609E+00  5.904334E+00 -8.716008E+00
  3.544595E+00  5.919535E+00 -8.728045E+00
  3.546397E+00  5.947858E+00 -8.732397E+00
  3.541542E+00  5.976181E+00 -8.720675E+00
  3.539609E+00  5.989405E+00 -8.716008E+00
Slice   =     37 , Freq(kT, average of all copies)              =   0.4866
Orbit # =      0 , Freq(kT, this largest copy used for outline) =   0.5032
Points  =     43
  kx            ky            kz
 -1.736482E+00  1.504865E+00 -4.670052E+00
 -1.747321E+00  1.507377E+00 -4.643884E+00
 -1.758160E+00  1.512289E+00 -4.617717E+00
 -1.768998E+00  1.507119E+00 -4.591550E+00
 -1.779837E+00  1.518378E+00 -4.565383E+00
 -1.788541E+00  1.499734E+00 -4.544370E+00
 -1.790676E+00  1.497589E+00 -4.539216E+00
 -1.801515E+00  1.490067E+00 -4.513049E+00
 -1.812354E+00  1.485050E+00 -4.486881E+00
 -1.818621E+00  1.471411E+00 -4.471750E+00
 -1.823192E+00  1.451487E+00 -4.460714E+00
 -1.827080E+00  1.443088E+00 -4.451329E+00
 -1.834031E+00  1.437134E+00 -4.434547E+00
 -1.844870E+00  1.422478E+00 -4.408380E+00
 -1.846900E+00  1.414765E+00 -4.403478E+00
 -1.850173E+00  1.386442E+00 -4.395578E+00
 -1.855709E+00  1.374798E+00 -4.382213E+00
 -1.866548E+00  1.365147E+00 -4.356046E+00
 -1.868594E+00  1.358119E+00 -4.351106E+00
 -1.866548E+00  1.334866E+00 -4.356046E+00
 -1.864140E+00  1.329796E+00 -4.361859E+00
 -1.855709E+00  1.321896E+00 -4.382213E+00
 -1.844870E+00  1.304057E+00 -4.408380E+00
 -1.843239E+00  1.301473E+00 -4.412317E+00
 -1.834031E+00  1.292312E+00 -4.434547E+00
 -1.823192E+00  1.291294E+00 -4.460714E+00
 -1.812354E+00  1.284506E+00 -4.486881E+00
 -1.801515E+00  1.281589E+00 -4.513049E+00
 -1.796218E+00  1.301473E+00 -4.525835E+00
 -1.790676E+00  1.319186E+00 -4.539216E+00
 -1.779837E+00  1.319205E+00 -4.565383E+00
 -1.776179E+00  1.329796E+00 -4.574214E+00
 -1.770486E+00  1.358119E+00 -4.587959E+00
 -1.768998E+00  1.365620E+00 -4.591550E+00
 -1.758160E+00  1.382050E+00 -4.617717E+00
 -1.756185E+00  1.386442E+00 -4.622485E+00
 -1.747321E+00  1.413658E+00 -4.643884E+00
 -1.747026E+00  1.414765E+00 -4.644595E+00
 -1.741699E+00  1.443088E+00 -4.657456E+00
 -1.736482E+00  1.460058E+00 -4.670052E+00
 -1.728372E+00  1.471411E+00 -4.689631E+00
 -1.726386E+00  1.499734E+00 -4.694426E+00
 -1.736482E+00  1.504865E+00 -4.670052E+00
Slice   =     82 , Freq(kT, average of all copies)              =   0.5016
Orbit # =      0 , Freq(kT, this largest copy used for outline) =   0.5104
Points  =     49
  kx            ky            kz
  4.246592E+00  4.482072E+00 -3.551312E+00
  4.235754E+00  4.495015E+00 -3.525145E+00
  4.231071E+00  4.503378E+00 -3.513839E+00
  4.224915E+00  4.511878E+00 -3.498977E+00
  4.214076E+00  4.520669E+00 -3.472810E+00
  4.203237E+00  4.508013E+00 -3.446643E+00
  4.192399E+00  4.506695E+00 -3.420476E+00
  4.191102E+00  4.503378E+00 -3.417346E+00
  4.192399E+00  4.480449E+00 -3.420476E+00
  4.193095E+00  4.475055E+00 -3.422158E+00
  4.192399E+00  4.473947E+00 -3.420476E+00
  4.181560E+00  4.452766E+00 -3.394309E+00
  4.180081E+00  4.446732E+00 -3.390740E+00
  4.173889E+00  4.418409E+00 -3.375791E+00
  4.172098E+00  4.390085E+00 -3.371467E+00
  4.170721E+00  4.383102E+00 -3.368142E+00
  4.159882E+00  4.366339E+00 -3.341975E+00
  4.158344E+00  4.361762E+00 -3.338262E+00
  4.159882E+00  4.344469E+00 -3.341975E+00
  4.161505E+00  4.333439E+00 -3.345892E+00
  4.159882E+00  4.328278E+00 -3.341975E+00
  4.152306E+00  4.305116E+00 -3.323685E+00
  4.150880E+00  4.276793E+00 -3.320240E+00
  4.149043E+00  4.270522E+00 -3.315807E+00
  4.144238E+00  4.248470E+00 -3.304206E+00
  4.149043E+00  4.224268E+00 -3.315807E+00
  4.153542E+00  4.220147E+00 -3.326669E+00
  4.159882E+00  4.216972E+00 -3.341975E+00
  4.170721E+00  4.216941E+00 -3.368142E+00
  4.181055E+00  4.220147E+00 -3.393090E+00
  4.181560E+00  4.220434E+00 -3.394309E+00
  4.192399E+00  4.233954E+00 -3.420476E+00
  4.203237E+00  4.245488E+00 -3.446643E+00
  4.204252E+00  4.248470E+00 -3.449093E+00
  4.214076E+00  4.264006E+00 -3.472810E+00
  4.224441E+00  4.276793E+00 -3.497833E+00
  4.220793E+00  4.305116E+00 -3.489027E+00
  4.224915E+00  4.315276E+00 -3.498977E+00
  4.233211E+00  4.333439E+00 -3.519006E+00
  4.235712E+00  4.361762E+00 -3.525045E+00
  4.235754E+00  4.362057E+00 -3.525145E+00
  4.239112E+00  4.390085E+00 -3.533253E+00
  4.246592E+00  4.417947E+00 -3.551312E+00
  4.246712E+00  4.418409E+00 -3.551600E+00
  4.246592E+00  4.419484E+00 -3.551312E+00
  4.241286E+00  4.446732E+00 -3.538501E+00
  4.246592E+00  4.465255E+00 -3.551312E+00
  4.249718E+00  4.475055E+00 -3.558857E+00
  4.246592E+00  4.482072E+00 -3.551312E+00
Slice   =    198 , Freq(kT, average of all copies)              =   0.5024
Orbit # =      0 , Freq(kT, this largest copy used for outline) =   0.5122
Points  =     47
  kx            ky            kz
  7.693857E+00  8.577327E+00 -4.853920E+00
  7.686577E+00  8.586083E+00 -4.836344E+00
  7.683019E+00  8.588238E+00 -4.827753E+00
  7.672180E+00  8.592510E+00 -4.801586E+00
  7.663873E+00  8.586083E+00 -4.781532E+00
  7.661341E+00  8.581465E+00 -4.775419E+00
  7.650502E+00  8.573382E+00 -4.749252E+00
  7.642091E+00  8.557760E+00 -4.728944E+00
  7.639663E+00  8.553486E+00 -4.723085E+00
  7.628825E+00  8.541258E+00 -4.696917E+00
  7.623907E+00  8.529437E+00 -4.685044E+00
  7.618261E+00  8.501114E+00 -4.671416E+00
  7.617986E+00  8.499889E+00 -4.670750E+00
  7.614337E+00  8.472791E+00 -4.661942E+00
  7.607147E+00  8.456374E+00 -4.644583E+00
  7.602563E+00  8.444468E+00 -4.633517E+00
  7.606832E+00  8.416145E+00 -4.643821E+00
  7.596308E+00  8.390171E+00 -4.618416E+00
  7.595510E+00  8.387821E+00 -4.616489E+00
  7.596308E+00  8.380821E+00 -4.618416E+00
  7.600795E+00  8.359498E+00 -4.629247E+00
  7.596308E+00  8.337169E+00 -4.618416E+00
  7.595426E+00  8.331175E+00 -4.616286E+00
  7.596308E+00  8.327511E+00 -4.618416E+00
  7.607147E+00  8.317215E+00 -4.644583E+00
  7.615669E+00  8.302852E+00 -4.665156E+00
  7.617986E+00  8.300391E+00 -4.670750E+00
  7.628825E+00  8.291643E+00 -4.696917E+00
  7.639663E+00  8.295680E+00 -4.723085E+00
  7.650502E+00  8.300095E+00 -4.749252E+00
  7.651898E+00  8.302852E+00 -4.752621E+00
  7.650832E+00  8.331175E+00 -4.750048E+00
  7.661341E+00  8.350161E+00 -4.775419E+00
  7.666410E+00  8.359498E+00 -4.787657E+00
  7.666659E+00  8.387821E+00 -4.788257E+00
  7.672180E+00  8.406455E+00 -4.801586E+00
  7.675303E+00  8.416145E+00 -4.809127E+00
  7.681829E+00  8.444468E+00 -4.824881E+00
  7.683019E+00  8.454650E+00 -4.827753E+00
  7.684869E+00  8.472791E+00 -4.832219E+00
  7.693857E+00  8.499181E+00 -4.853920E+00
  7.694490E+00  8.501114E+00 -4.855448E+00
  7.693857E+00  8.519751E+00 -4.853920E+00
  7.693313E+00  8.529437E+00 -4.852606E+00
  7.693857E+00  8.531661E+00 -4.853920E+00
  7.702408E+00  8.557760E+00 -4.874564E+00
  7.693857E+00  8.577327E+00 -4.853920E+00
Slice   =    136 , Freq(kT, average of all copies)              =   0.5429
Orbit # =      0 , Freq(kT, this largest copy used for outline) =   0.5549
Points  =     47
  kx            ky            kz
  7.240365E+00  7.580188E+00 -5.028750E+00
  7.229526E+00  7.584110E+00 -5.002582E+00
  7.221140E+00  7.592687E+00 -4.982337E+00
  7.218687E+00  7.595321E+00 -4.976415E+00
  7.207849E+00  7.593501E+00 -4.950248E+00
  7.207125E+00  7.592687E+00 -4.948500E+00
  7.200710E+00  7.564363E+00 -4.933014E+00
  7.197010E+00  7.558062E+00 -4.924081E+00
  7.186171E+00  7.546865E+00 -4.897914E+00
  7.180915E+00  7.536040E+00 -4.885225E+00
  7.175332E+00  7.517876E+00 -4.871747E+00
  7.172709E+00  7.507717E+00 -4.865414E+00
  7.164493E+00  7.492086E+00 -4.845579E+00
  7.153655E+00  7.481425E+00 -4.819412E+00
  7.152879E+00  7.479394E+00 -4.817539E+00
  7.150156E+00  7.451071E+00 -4.810965E+00
  7.142816E+00  7.435120E+00 -4.793245E+00
  7.131977E+00  7.427128E+00 -4.767078E+00
  7.130173E+00  7.422748E+00 -4.762722E+00
  7.127444E+00  7.394425E+00 -4.756133E+00
  7.121138E+00  7.371361E+00 -4.740911E+00
  7.110300E+00  7.366502E+00 -4.714744E+00
  7.110055E+00  7.366101E+00 -4.714154E+00
  7.110300E+00  7.360630E+00 -4.714744E+00
  7.113819E+00  7.337778E+00 -4.723240E+00
  7.121138E+00  7.325652E+00 -4.740911E+00
  7.131977E+00  7.316649E+00 -4.767078E+00
  7.142816E+00  7.318889E+00 -4.793245E+00
  7.153655E+00  7.319125E+00 -4.819412E+00
  7.164493E+00  7.313492E+00 -4.845579E+00
  7.175058E+00  7.337778E+00 -4.871085E+00
  7.175332E+00  7.338330E+00 -4.871747E+00
  7.186171E+00  7.340474E+00 -4.897914E+00
  7.196658E+00  7.366101E+00 -4.923232E+00
  7.197010E+00  7.366978E+00 -4.924081E+00
  7.207849E+00  7.387726E+00 -4.950248E+00
  7.218687E+00  7.393016E+00 -4.976415E+00
  7.219263E+00  7.394425E+00 -4.977804E+00
  7.224384E+00  7.422748E+00 -4.990167E+00
  7.229526E+00  7.442957E+00 -5.002582E+00
  7.240365E+00  7.450641E+00 -5.028750E+00
  7.240590E+00  7.451071E+00 -5.029292E+00
  7.246802E+00  7.479394E+00 -5.044290E+00
  7.248487E+00  7.507717E+00 -5.048358E+00
  7.248126E+00  7.536040E+00 -5.047487E+00
  7.246301E+00  7.564363E+00 -5.043080E+00
  7.240365E+00  7.580188E+00 -5.028750E+00
Slice   =     47 , Freq(kT, average of all copies)              =   0.5433
Orbit # =      0 , Freq(kT, this largest copy used for outline) =   0.5574
Points  =     49
  kx            ky            kz
  1.263968E+00  4.154672E+00 -6.101053E+00
  1.256469E+00  4.162109E+00 -6.082948E+00
  1.253130E+00  4.163220E+00 -6.074886E+00
  1.242291E+00  4.167900E+00 -6.048719E+00
  1.231452E+00  4.167120E+00 -6.022551E+00
  1.220613E+00  4.169659E+00 -5.996384E+00
  1.209774E+00  4.170492E+00 -5.970217E+00
  1.206340E+00  4.162109E+00 -5.961926E+00
  1.198936E+00  4.151128E+00 -5.944050E+00
  1.188097E+00  4.144273E+00 -5.917883E+00
  1.177258E+00  4.137832E+00 -5.891716E+00
  1.175271E+00  4.133786E+00 -5.886920E+00
  1.169584E+00  4.105463E+00 -5.873188E+00
  1.166419E+00  4.098722E+00 -5.865548E+00
  1.155580E+00  4.091941E+00 -5.839381E+00
  1.147475E+00  4.077139E+00 -5.819814E+00
  1.144742E+00  4.060563E+00 -5.813214E+00
  1.142553E+00  4.048816E+00 -5.807931E+00
  1.133903E+00  4.032111E+00 -5.787047E+00
  1.123064E+00  4.023202E+00 -5.760880E+00
  1.122252E+00  4.020493E+00 -5.758920E+00
  1.122252E+00  3.992170E+00 -5.758919E+00
  1.121634E+00  3.963847E+00 -5.757427E+00
  1.123064E+00  3.942680E+00 -5.760880E+00
  1.123981E+00  3.935524E+00 -5.763093E+00
  1.133728E+00  3.907201E+00 -5.786626E+00
  1.133903E+00  3.906851E+00 -5.787047E+00
  1.144742E+00  3.897941E+00 -5.813214E+00
  1.155580E+00  3.890604E+00 -5.839381E+00
  1.166419E+00  3.905367E+00 -5.865548E+00
  1.167071E+00  3.907201E+00 -5.867123E+00
  1.177258E+00  3.929452E+00 -5.891716E+00
  1.186679E+00  3.935524E+00 -5.914460E+00
  1.188097E+00  3.936279E+00 -5.917883E+00
  1.194422E+00  3.963847E+00 -5.933153E+00
  1.198936E+00  3.984195E+00 -5.944050E+00
  1.209774E+00  3.990998E+00 -5.970217E+00
  1.210163E+00  3.992170E+00 -5.971156E+00
  1.217058E+00  4.020493E+00 -5.987800E+00
  1.220613E+00  4.034927E+00 -5.996384E+00
  1.229124E+00  4.048816E+00 -6.016932E+00
  1.231452E+00  4.052604E+00 -6.022551E+00
  1.241901E+00  4.077139E+00 -6.047778E+00
  1.242291E+00  4.079203E+00 -6.048719E+00
  1.247218E+00  4.105463E+00 -6.060615E+00
  1.253130E+00  4.132128E+00 -6.074886E+00
  1.263968E+00  4.126546E+00 -6.101053E+00
  1.265105E+00  4.133786E+00 -6.103796E+00
  1.263968E+00  4.154672E+00 -6.101053E+00
Theta(deg) =   0.000000 , Phi(deg) =  70.000000 , Number of orbits =    12 , (Angstrom^-1) units
Slice   =    188 , Freq(kT, average of all copies)              =   0.2109
Orbit # =      0 , Freq(kT, this largest copy used for outline) =   0.2160
Points  =     33
  kx            ky            kz
  6.999875E+00  1.020519E+01 -9.029715E+00
  6.997501E+00  1.019981E+01 -9.023192E+00
  6.990188E+00  1.019044E+01 -9.003100E+00
  6.984141E+00  1.017148E+01 -8.986485E+00
  6.980501E+00  1.016356E+01 -8.976485E+00
  6.972441E+00  1.014316E+01 -8.954338E+00
  6.970814E+00  1.013821E+01 -8.949870E+00
  6.962559E+00  1.011484E+01 -8.927189E+00
  6.961127E+00  1.010779E+01 -8.923254E+00
  6.958378E+00  1.008651E+01 -8.915701E+00
  6.951440E+00  1.005898E+01 -8.896639E+00
  6.951158E+00  1.005819E+01 -8.895866E+00
  6.941753E+00  1.003567E+01 -8.870024E+00
  6.940316E+00  1.002987E+01 -8.866077E+00
  6.939872E+00  1.000154E+01 -8.864857E+00
  6.938959E+00  9.973221E+00 -8.862348E+00
  6.941753E+00  9.964316E+00 -8.870024E+00
  6.951440E+00  9.964841E+00 -8.896639E+00
  6.954156E+00  9.973221E+00 -8.904103E+00
  6.961127E+00  9.988518E+00 -8.923254E+00
  6.969771E+00  1.000154E+01 -8.947004E+00
  6.970814E+00  1.000370E+01 -8.949870E+00
  6.978093E+00  1.002987E+01 -8.969868E+00
  6.980501E+00  1.003843E+01 -8.976485E+00
  6.983969E+00  1.005819E+01 -8.986012E+00
  6.990188E+00  1.008054E+01 -9.003100E+00
  6.991840E+00  1.008651E+01 -9.007637E+00
  6.999875E+00  1.010930E+01 -9.029715E+00
  7.001587E+00  1.011484E+01 -9.034419E+00
  7.004905E+00  1.014316E+01 -9.043535E+00
  7.008160E+00  1.017148E+01 -9.052476E+00
  7.007787E+00  1.019981E+01 -9.051453E+00
  6.999875E+00  1.020519E+01 -9.029715E+00
Slice   =     18 , Freq(kT, average of all copies)              =   0.2713
Orbit # =      0 , Freq(kT, this largest copy used for outline) =   0.2713
Points  =     43
  kx            ky            kz
  3.538480E-01  1.671859E+00 -1.511556E-01
  3.498561E-01  1.670369E+00 -1.401881E-01
  3.441609E-01  1.666697E+00 -1.245406E-01
  3.419367E-01  1.670369E+00 -1.184297E-01
  3.344738E-01  1.675931E+00 -9.792555E-02
  3.247867E-01  1.671986E+00 -7.131051E-02
  3.243757E-01  1.670369E+00 -7.018117E-02
  3.188567E-01  1.642046E+00 -5.501781E-02
  3.150997E-01  1.633325E+00 -4.469548E-02
  3.108959E-01  1.613723E+00 -3.314573E-02
  3.054126E-01  1.602494E+00 -1.808044E-02
  2.996848E-01  1.585400E+00 -2.343630E-03
  2.957255E-01  1.569639E+00  8.534599E-03
  2.922575E-01  1.557076E+00  1.806284E-02
  2.874602E-01  1.528753E+00  3.124335E-02
  2.860384E-01  1.524038E+00  3.514964E-02
  2.783133E-01  1.500430E+00  5.637418E-02
  2.763513E-01  1.490590E+00  6.176467E-02
  2.701503E-01  1.472107E+00  7.880185E-02
  2.685537E-01  1.443784E+00  8.318848E-02
  2.666642E-01  1.420909E+00  8.837971E-02
  2.660070E-01  1.415461E+00  9.018548E-02
  2.666642E-01  1.412632E+00  8.837971E-02
  2.763513E-01  1.413527E+00  6.176467E-02
  2.860384E-01  1.404904E+00  3.514964E-02
  2.882747E-01  1.415461E+00  2.900541E-02
  2.957255E-01  1.431666E+00  8.534599E-03
  3.010789E-01  1.443784E+00 -6.173782E-03
  3.054126E-01  1.451090E+00 -1.808044E-02
  3.097189E-01  1.472107E+00 -2.991185E-02
  3.148821E-01  1.500430E+00 -4.409783E-02
  3.150997E-01  1.501249E+00 -4.469548E-02
  3.230605E-01  1.528753E+00 -6.656772E-02
  3.247867E-01  1.533918E+00 -7.131051E-02
  3.311850E-01  1.557076E+00 -8.888952E-02
  3.344738E-01  1.573343E+00 -9.792555E-02
  3.368691E-01  1.585400E+00 -1.045065E-01
  3.408839E-01  1.613723E+00 -1.155371E-01
  3.441609E-01  1.629371E+00 -1.245406E-01
  3.489760E-01  1.642046E+00 -1.377699E-01
  3.538480E-01  1.667720E+00 -1.511556E-01
  3.541155E-01  1.670369E+00 -1.518906E-01
  3.538480E-01  1.671859E+00 -1.511556E-01
Slice   =      3 , Freq(kT, average of all copies)              =   0.2950
Orbit # =      0 , Freq(kT, this largest copy used for outline) =   0.3007
Points  =     43
  kx            ky            kz
 -1.274123E+00  3.283880E+00 -6.562431E+00
 -1.283810E+00  3.290416E+00 -6.535816E+00
 -1.286292E+00  3.283396E+00 -6.528997E+00
 -1.293497E+00  3.274026E+00 -6.509201E+00
 -1.299744E+00  3.255073E+00 -6.492039E+00
 -1.303185E+00  3.248651E+00 -6.482586E+00
 -1.312411E+00  3.226750E+00 -6.457238E+00
 -1.312872E+00  3.225414E+00 -6.455971E+00
 -1.322559E+00  3.198582E+00 -6.429356E+00
 -1.322599E+00  3.198427E+00 -6.429244E+00
 -1.326955E+00  3.170103E+00 -6.417277E+00
 -1.332246E+00  3.153954E+00 -6.402741E+00
 -1.335940E+00  3.141780E+00 -6.392591E+00
 -1.341933E+00  3.124523E+00 -6.376126E+00
 -1.344651E+00  3.113457E+00 -6.368659E+00
 -1.348279E+00  3.085134E+00 -6.358691E+00
 -1.351620E+00  3.071123E+00 -6.349511E+00
 -1.355905E+00  3.056811E+00 -6.337739E+00
 -1.361307E+00  3.036167E+00 -6.322896E+00
 -1.363090E+00  3.028488E+00 -6.317998E+00
 -1.361307E+00  3.012558E+00 -6.322896E+00
 -1.352364E+00  3.000165E+00 -6.347466E+00
 -1.351620E+00  2.999300E+00 -6.349511E+00
 -1.341933E+00  3.000119E+00 -6.376126E+00
 -1.341886E+00  3.000165E+00 -6.376256E+00
 -1.332246E+00  3.008868E+00 -6.402741E+00
 -1.327069E+00  3.028488E+00 -6.416965E+00
 -1.322559E+00  3.049334E+00 -6.429356E+00
 -1.320758E+00  3.056811E+00 -6.434304E+00
 -1.312872E+00  3.075486E+00 -6.455971E+00
 -1.310812E+00  3.085134E+00 -6.461630E+00
 -1.303185E+00  3.108953E+00 -6.482586E+00
 -1.302076E+00  3.113457E+00 -6.485632E+00
 -1.297337E+00  3.141780E+00 -6.498652E+00
 -1.293497E+00  3.158240E+00 -6.509201E+00
 -1.290367E+00  3.170103E+00 -6.517803E+00
 -1.283810E+00  3.188673E+00 -6.535816E+00
 -1.281554E+00  3.198427E+00 -6.542016E+00
 -1.277689E+00  3.226750E+00 -6.552634E+00
 -1.276089E+00  3.255073E+00 -6.557030E+00
 -1.274123E+00  3.281258E+00 -6.562431E+00
 -1.273765E+00  3.283396E+00 -6.563415E+00
 -1.274123E+00  3.283880E+00 -6.562431E+00
Slice   =    167 , Freq(kT, average of all copies)              =   0.3001
Orbit # =      0 , Freq(kT, this largest copy used for outline) =   0.3053
Points  =     41
  kx            ky            kz
  5.801612E+00  6.650753E+00 -6.432846E+00
  5.791925E+00  6.651266E+00 -6.406231E+00
  5.782238E+00  6.643418E+00 -6.379616E+00
  5.772551E+00  6.634474E+00 -6.353001E+00
  5.771408E+00  6.629700E+00 -6.349861E+00
  5.762864E+00  6.603300E+00 -6.326386E+00
  5.762348E+00  6.601377E+00 -6.324968E+00
  5.757239E+00  6.573054E+00 -6.310933E+00
  5.753177E+00  6.563924E+00 -6.299771E+00
  5.747606E+00  6.544731E+00 -6.284465E+00
  5.743490E+00  6.530514E+00 -6.273156E+00
  5.740281E+00  6.516408E+00 -6.264339E+00
  5.736019E+00  6.488084E+00 -6.252630E+00
  5.733803E+00  6.480350E+00 -6.246541E+00
  5.727622E+00  6.459761E+00 -6.229562E+00
  5.724115E+00  6.445215E+00 -6.219926E+00
  5.720428E+00  6.431438E+00 -6.209794E+00
  5.718108E+00  6.403115E+00 -6.203420E+00
  5.714428E+00  6.377513E+00 -6.193311E+00
  5.714058E+00  6.374792E+00 -6.192293E+00
  5.714428E+00  6.372519E+00 -6.193311E+00
  5.724115E+00  6.364194E+00 -6.219926E+00
  5.733803E+00  6.366128E+00 -6.246541E+00
  5.735531E+00  6.374792E+00 -6.251291E+00
  5.743490E+00  6.393777E+00 -6.273156E+00
  5.748399E+00  6.403115E+00 -6.286644E+00
  5.753177E+00  6.412105E+00 -6.299771E+00
  5.757952E+00  6.431438E+00 -6.312892E+00
  5.762864E+00  6.459448E+00 -6.326386E+00
  5.762945E+00  6.459761E+00 -6.326609E+00
  5.772551E+00  6.485935E+00 -6.353001E+00
  5.773080E+00  6.488084E+00 -6.354455E+00
  5.782079E+00  6.516408E+00 -6.379178E+00
  5.782238E+00  6.517140E+00 -6.379616E+00
  5.787818E+00  6.544731E+00 -6.394947E+00
  5.791925E+00  6.567353E+00 -6.406231E+00
  5.793796E+00  6.573054E+00 -6.411372E+00
  5.801612E+00  6.592994E+00 -6.432846E+00
  5.803243E+00  6.601377E+00 -6.437328E+00
  5.804517E+00  6.629700E+00 -6.440828E+00
  5.801612E+00  6.650753E+00 -6.432846E+00
Slice   =    103 , Freq(kT, average of all copies)              =   0.3897
Orbit # =      0 , Freq(kT, this largest copy used for outline) =   0.3999
Points  =     35
  kx            ky            kz
  4.040127E+00  7.273803E+00 -7.414982E+00
  4.035604E+00  7.279741E+00 -7.402555E+00
  4.030440E+00  7.288242E+00 -7.388367E+00
  4.020753E+00  7.298055E+00 -7.361752E+00
  4.011066E+00  7.298148E+00 -7.335137E+00
  4.001379E+00  7.292848E+00 -7.308522E+00
  3.993003E+00  7.279741E+00 -7.285509E+00
  3.991692E+00  7.270697E+00 -7.281906E+00
  3.988436E+00  7.251417E+00 -7.272962E+00
  3.983747E+00  7.223094E+00 -7.260077E+00
  3.982005E+00  7.214868E+00 -7.255291E+00
  3.973786E+00  7.194771E+00 -7.232710E+00
  3.977031E+00  7.166448E+00 -7.241626E+00
  3.972318E+00  7.151655E+00 -7.228676E+00
  3.967453E+00  7.138125E+00 -7.215310E+00
  3.972318E+00  7.111232E+00 -7.228676E+00
  3.972640E+00  7.109802E+00 -7.229561E+00
  3.975447E+00  7.081479E+00 -7.237273E+00
  3.982005E+00  7.064074E+00 -7.255291E+00
  3.986965E+00  7.053156E+00 -7.268919E+00
  3.991692E+00  7.049444E+00 -7.281906E+00
  4.001379E+00  7.045054E+00 -7.308522E+00
  4.011066E+00  7.046281E+00 -7.335137E+00
  4.014164E+00  7.053156E+00 -7.343649E+00
  4.014104E+00  7.081479E+00 -7.343484E+00
  4.020753E+00  7.094973E+00 -7.361752E+00
  4.029777E+00  7.109802E+00 -7.386545E+00
  4.028383E+00  7.138125E+00 -7.382714E+00
  4.030440E+00  7.144302E+00 -7.388367E+00
  4.035984E+00  7.166448E+00 -7.403599E+00
  4.040127E+00  7.187449E+00 -7.414982E+00
  4.041663E+00  7.194771E+00 -7.419201E+00
  4.041249E+00  7.223094E+00 -7.418063E+00
  4.049061E+00  7.251417E+00 -7.439528E+00
  4.040127E+00  7.273803E+00 -7.414982E+00
Slice   =    110 , Freq(kT, average of all copies)              =   0.4560
Orbit # =      0 , Freq(kT, this largest copy used for outline) =   0.4560
Points  =     43
  kx            ky            kz
  2.222720E+00  6.747915E+00 -9.396530E+00
  2.213033E+00  6.753046E+00 -9.369915E+00
  2.203346E+00  6.753495E+00 -9.343300E+00
  2.193659E+00  6.752117E+00 -9.316685E+00
  2.185657E+00  6.741601E+00 -9.294700E+00
  2.183972E+00  6.737995E+00 -9.290070E+00
  2.174285E+00  6.725860E+00 -9.263455E+00
  2.170258E+00  6.713278E+00 -9.252392E+00
  2.164598E+00  6.700905E+00 -9.236840E+00
  2.158474E+00  6.684955E+00 -9.220014E+00
  2.156479E+00  6.656632E+00 -9.214533E+00
  2.154911E+00  6.651921E+00 -9.210225E+00
  2.149397E+00  6.628309E+00 -9.195076E+00
  2.145224E+00  6.607800E+00 -9.183610E+00
  2.143185E+00  6.599985E+00 -9.178010E+00
  2.145224E+00  6.578691E+00 -9.183610E+00
  2.145811E+00  6.571662E+00 -9.185224E+00
  2.145224E+00  6.567492E+00 -9.183610E+00
  2.135536E+00  6.543625E+00 -9.156995E+00
  2.135459E+00  6.543339E+00 -9.156783E+00
  2.135536E+00  6.542877E+00 -9.156995E+00
  2.142432E+00  6.515016E+00 -9.175941E+00
  2.145224E+00  6.493206E+00 -9.183610E+00
  2.154911E+00  6.487621E+00 -9.210225E+00
  2.155790E+00  6.486693E+00 -9.212642E+00
  2.164598E+00  6.468025E+00 -9.236840E+00
  2.174285E+00  6.468266E+00 -9.263455E+00
  2.177151E+00  6.486693E+00 -9.271331E+00
  2.183972E+00  6.500704E+00 -9.290070E+00
  2.190698E+00  6.515016E+00 -9.308549E+00
  2.193659E+00  6.532723E+00 -9.316685E+00
  2.194997E+00  6.543339E+00 -9.320362E+00
  2.200477E+00  6.571662E+00 -9.335417E+00
  2.203346E+00  6.579021E+00 -9.343300E+00
  2.209274E+00  6.599985E+00 -9.359588E+00
  2.209041E+00  6.628309E+00 -9.358948E+00
  2.213033E+00  6.641180E+00 -9.369915E+00
  2.219265E+00  6.656632E+00 -9.387036E+00
  2.219361E+00  6.684955E+00 -9.387299E+00
  2.222720E+00  6.699812E+00 -9.396530E+00
  2.225632E+00  6.713278E+00 -9.404529E+00
  2.225596E+00  6.741601E+00 -9.404431E+00
  2.222720E+00  6.747915E+00 -9.396530E+00
Slice   =     77 , Freq(kT, average of all copies)              =   0.4704
Orbit # =      0 , Freq(kT, this largest copy used for outline) =   0.4796
Points  =     43
  kx            ky            kz
 -7.278547E-01  1.345280E+00 -4.146956E+00
 -7.375417E-01  1.352183E+00 -4.120341E+00
 -7.427491E-01  1.359510E+00 -4.106034E+00
 -7.472288E-01  1.366043E+00 -4.093726E+00
 -7.569159E-01  1.364180E+00 -4.067111E+00
 -7.666030E-01  1.365292E+00 -4.040496E+00
 -7.682969E-01  1.359510E+00 -4.035842E+00
 -7.678165E-01  1.331187E+00 -4.037161E+00
 -7.762901E-01  1.307008E+00 -4.013881E+00
 -7.767517E-01  1.302864E+00 -4.012612E+00
 -7.859771E-01  1.278815E+00 -3.987266E+00
 -7.872943E-01  1.274541E+00 -3.983647E+00
 -7.859771E-01  1.252181E+00 -3.987266E+00
 -7.855600E-01  1.246218E+00 -3.988412E+00
 -7.859771E-01  1.244398E+00 -3.987266E+00
 -7.946468E-01  1.217895E+00 -3.963446E+00
 -7.956642E-01  1.193706E+00 -3.960650E+00
 -7.960109E-01  1.189572E+00 -3.959698E+00
 -8.022255E-01  1.161248E+00 -3.942624E+00
 -8.053513E-01  1.141631E+00 -3.934035E+00
 -8.076691E-01  1.132925E+00 -3.927667E+00
 -8.081831E-01  1.104602E+00 -3.926255E+00
 -8.143707E-01  1.076279E+00 -3.909255E+00
 -8.053513E-01  1.065474E+00 -3.934035E+00
 -7.956642E-01  1.063540E+00 -3.960650E+00
 -7.859771E-01  1.065739E+00 -3.987266E+00
 -7.762901E-01  1.072327E+00 -4.013881E+00
 -7.730733E-01  1.076279E+00 -4.022718E+00
 -7.666030E-01  1.086651E+00 -4.040496E+00
 -7.569159E-01  1.101782E+00 -4.067111E+00
 -7.559635E-01  1.104602E+00 -4.069727E+00
 -7.472288E-01  1.128126E+00 -4.093726E+00
 -7.454865E-01  1.132925E+00 -4.098513E+00
 -7.445267E-01  1.161248E+00 -4.101150E+00
 -7.375417E-01  1.178631E+00 -4.120341E+00
 -7.341943E-01  1.189572E+00 -4.129538E+00
 -7.373131E-01  1.217895E+00 -4.120969E+00
 -7.287916E-01  1.246218E+00 -4.144382E+00
 -7.284305E-01  1.274541E+00 -4.145374E+00
 -7.283382E-01  1.302864E+00 -4.145627E+00
 -7.278547E-01  1.304621E+00 -4.146956E+00
 -7.232630E-01  1.331187E+00 -4.159571E+00
 -7.278547E-01  1.345280E+00 -4.146956E+00
Slice   =     59 , Freq(kT, average of all copies)              =   0.4705
Orbit # =      0 , Freq(kT, this largest copy used for outline) =   0.4763
Points  =     45
  kx            ky            kz
 -3.753114E+00  6.912549E-01 -4.880239E+00
 -3.762801E+00  6.955962E-01 -4.853624E+00
 -3.772488E+00  6.893403E-01 -4.827009E+00
 -3.782175E+00  6.846959E-01 -4.800394E+00
 -3.784734E+00  6.797552E-01 -4.793365E+00
 -3.791862E+00  6.692606E-01 -4.773779E+00
 -3.801192E+00  6.514320E-01 -4.748146E+00
 -3.801550E+00  6.504411E-01 -4.747164E+00
 -3.811237E+00  6.314920E-01 -4.720549E+00
 -3.813984E+00  6.231089E-01 -4.713001E+00
 -3.813975E+00  5.947858E-01 -4.713024E+00
 -3.820924E+00  5.727179E-01 -4.693934E+00
 -3.822473E+00  5.664626E-01 -4.689678E+00
 -3.826963E+00  5.381395E-01 -4.677341E+00
 -3.827566E+00  5.098164E-01 -4.675684E+00
 -3.830611E+00  4.926245E-01 -4.667319E+00
 -3.833605E+00  4.814932E-01 -4.659091E+00
 -3.830611E+00  4.622947E-01 -4.667319E+00
 -3.829150E+00  4.531701E-01 -4.671333E+00
 -3.830611E+00  4.297477E-01 -4.667319E+00
 -3.832727E+00  4.248470E-01 -4.661505E+00
 -3.830611E+00  4.224191E-01 -4.667319E+00
 -3.820924E+00  3.967547E-01 -4.693934E+00
 -3.820786E+00  3.965238E-01 -4.694312E+00
 -3.811237E+00  3.908404E-01 -4.720549E+00
 -3.801550E+00  3.959243E-01 -4.747164E+00
 -3.800482E+00  3.965238E-01 -4.750097E+00
 -3.791862E+00  4.056409E-01 -4.773779E+00
 -3.789669E+00  4.248470E-01 -4.779807E+00
 -3.782175E+00  4.471203E-01 -4.800394E+00
 -3.780767E+00  4.531701E-01 -4.804263E+00
 -3.773693E+00  4.814932E-01 -4.823699E+00
 -3.772488E+00  5.086656E-01 -4.827009E+00
 -3.772438E+00  5.098164E-01 -4.827147E+00
 -3.762801E+00  5.343002E-01 -4.853624E+00
 -3.761622E+00  5.381395E-01 -4.856864E+00
 -3.762801E+00  5.614485E-01 -4.853624E+00
 -3.763237E+00  5.664626E-01 -4.852427E+00
 -3.762801E+00  5.680433E-01 -4.853624E+00
 -3.754851E+00  5.947858E-01 -4.875467E+00
 -3.753559E+00  6.231089E-01 -4.879016E+00
 -3.753114E+00  6.274595E-01 -4.880239E+00
 -3.749735E+00  6.514320E-01 -4.889524E+00
 -3.746473E+00  6.797552E-01 -4.898486E+00
 -3.753114E+00  6.912549E-01 -4.880239E+00
Slice   =     47 , Freq(kT, average of all copies)              =   0.5347
Orbit # =      0 , Freq(kT, this largest copy used for outline) =   0.5435
Points  =     49
  kx            ky            kz
  3.101092E+00  4.656187E+00 -4.129623E+00
  3.091405E+00  4.648870E+00 -4.103008E+00
  3.081718E+00  4.657942E+00 -4.076393E+00
  3.072031E+00  4.656880E+00 -4.049778E+00
  3.062344E+00  4.659581E+00 -4.023163E+00
  3.052656E+00  4.660986E+00 -3.996548E+00
  3.042969E+00  4.650849E+00 -3.969933E+00
  3.033282E+00  4.652178E+00 -3.943318E+00
  3.023595E+00  4.650827E+00 -3.916703E+00
  3.020062E+00  4.643602E+00 -3.906995E+00
  3.015445E+00  4.615279E+00 -3.894310E+00
  3.013908E+00  4.612188E+00 -3.890088E+00
  3.004221E+00  4.607074E+00 -3.863473E+00
  2.994534E+00  4.590739E+00 -3.836858E+00
  2.993287E+00  4.586956E+00 -3.833432E+00
  2.990058E+00  4.558633E+00 -3.824562E+00
  2.984847E+00  4.548957E+00 -3.810243E+00
  2.975160E+00  4.539054E+00 -3.783628E+00
  2.972805E+00  4.530310E+00 -3.777159E+00
  2.972431E+00  4.501986E+00 -3.776131E+00
  2.965473E+00  4.477229E+00 -3.757013E+00
  2.955786E+00  4.474173E+00 -3.730398E+00
  2.955593E+00  4.473663E+00 -3.729868E+00
  2.955786E+00  4.472429E+00 -3.730398E+00
  2.965473E+00  4.466769E+00 -3.757013E+00
  2.975160E+00  4.453671E+00 -3.783628E+00
  2.984847E+00  4.459020E+00 -3.810243E+00
  2.994534E+00  4.457077E+00 -3.836858E+00
  3.004221E+00  4.445449E+00 -3.863473E+00
  3.013908E+00  4.447634E+00 -3.890088E+00
  3.023595E+00  4.448794E+00 -3.916703E+00
  3.025890E+00  4.445340E+00 -3.923009E+00
  3.033282E+00  4.437839E+00 -3.943318E+00
  3.036239E+00  4.445340E+00 -3.951442E+00
  3.039883E+00  4.473663E+00 -3.961455E+00
  3.042969E+00  4.483381E+00 -3.969933E+00
  3.052656E+00  4.484947E+00 -3.996548E+00
  3.061003E+00  4.501986E+00 -4.019481E+00
  3.062344E+00  4.509803E+00 -4.023163E+00
  3.066111E+00  4.530310E+00 -4.033515E+00
  3.072031E+00  4.543852E+00 -4.049778E+00
  3.081718E+00  4.550629E+00 -4.076393E+00
  3.083945E+00  4.558633E+00 -4.082514E+00
  3.087014E+00  4.586956E+00 -4.090945E+00
  3.091405E+00  4.612613E+00 -4.103008E+00
  3.101092E+00  4.613558E+00 -4.129623E+00
  3.101500E+00  4.615279E+00 -4.130744E+00
  3.104246E+00  4.643602E+00 -4.138290E+00
  3.101092E+00  4.656187E+00 -4.129623E+00
Slice   =    225 , Freq(kT, average of all copies)              =   0.5400
Orbit # =      0 , Freq(kT, this largest copy used for outline) =   0.5400
Points  =     43
  kx            ky            kz
  9.852725E+00  9.648458E+00 -5.727472E+00
  9.843038E+00  9.651176E+00 -5.700857E+00
  9.837338E+00  9.663058E+00 -5.685197E+00
  9.833351E+00  9.672285E+00 -5.674242E+00
  9.823664E+00  9.674638E+00 -5.647627E+00
  9.813976E+00  9.681132E+00 -5.621012E+00
  9.804289E+00  9.684633E+00 -5.594397E+00
  9.794602E+00  9.671623E+00 -5.567782E+00
  9.791726E+00  9.663058E+00 -5.559879E+00
  9.784915E+00  9.645876E+00 -5.541167E+00
  9.775228E+00  9.634982E+00 -5.514552E+00
  9.775144E+00  9.634735E+00 -5.514321E+00
  9.768657E+00  9.606412E+00 -5.496497E+00
  9.765541E+00  9.591954E+00 -5.487937E+00
  9.755854E+00  9.580794E+00 -5.461322E+00
  9.754575E+00  9.578089E+00 -5.457807E+00
  9.747549E+00  9.549766E+00 -5.438504E+00
  9.746167E+00  9.540405E+00 -5.434707E+00
  9.739686E+00  9.521443E+00 -5.416901E+00
  9.736480E+00  9.514816E+00 -5.408092E+00
  9.729126E+00  9.493119E+00 -5.387888E+00
  9.733707E+00  9.464796E+00 -5.400472E+00
  9.736480E+00  9.460092E+00 -5.408092E+00
  9.746167E+00  9.450544E+00 -5.434707E+00
  9.755854E+00  9.441503E+00 -5.461322E+00
  9.765541E+00  9.447408E+00 -5.487937E+00
  9.775228E+00  9.453300E+00 -5.514552E+00
  9.784915E+00  9.447836E+00 -5.541167E+00
  9.789045E+00  9.464796E+00 -5.552512E+00
  9.794602E+00  9.476003E+00 -5.567782E+00
  9.804289E+00  9.476511E+00 -5.594397E+00
  9.812831E+00  9.493119E+00 -5.617865E+00
  9.813976E+00  9.496717E+00 -5.621012E+00
  9.822324E+00  9.521443E+00 -5.643947E+00
  9.823664E+00  9.523995E+00 -5.647627E+00
  9.833351E+00  9.523644E+00 -5.674242E+00
  9.838672E+00  9.549766E+00 -5.688861E+00
  9.842680E+00  9.578089E+00 -5.699874E+00
  9.843038E+00  9.580313E+00 -5.700857E+00
  9.852725E+00  9.583296E+00 -5.727472E+00
  9.857341E+00  9.606412E+00 -5.740154E+00
  9.857867E+00  9.634735E+00 -5.741599E+00
  9.852725E+00  9.648458E+00 -5.727472E+00
Slice   =     50 , Freq(kT, average of all copies)              =   0.5678
Orbit # =      0 , Freq(kT, this largest copy used for outline) =   0.5774
Points  =     47
  kx            ky            kz
  3.731970E-01  1.519225E+00 -1.853463E+00
  3.635099E-01  1.523122E+00 -1.826848E+00
  3.602914E-01  1.529449E+00 -1.818006E+00
  3.538228E-01  1.539498E+00 -1.800233E+00
  3.441358E-01  1.538974E+00 -1.773618E+00
  3.390388E-01  1.529449E+00 -1.759614E+00
  3.344487E-01  1.513197E+00 -1.747003E+00
  3.315195E-01  1.501126E+00 -1.738955E+00
  3.247616E-01  1.492375E+00 -1.720388E+00
  3.150745E-01  1.473611E+00 -1.693773E+00
  3.148200E-01  1.472803E+00 -1.693074E+00
  3.087744E-01  1.444480E+00 -1.676464E+00
  3.053874E-01  1.438796E+00 -1.667158E+00
  2.957004E-01  1.424467E+00 -1.640543E+00
  2.926089E-01  1.416157E+00 -1.632049E+00
  2.880570E-01  1.387833E+00 -1.619543E+00
  2.860133E-01  1.383508E+00 -1.613928E+00
  2.763262E-01  1.371426E+00 -1.587313E+00
  2.716775E-01  1.359510E+00 -1.574541E+00
  2.672174E-01  1.331187E+00 -1.562287E+00
  2.666391E-01  1.329195E+00 -1.560698E+00
  2.569520E-01  1.309943E+00 -1.534083E+00
  2.529216E-01  1.302864E+00 -1.523009E+00
  2.569520E-01  1.278509E+00 -1.534083E+00
  2.588143E-01  1.274541E+00 -1.539199E+00
  2.666391E-01  1.262539E+00 -1.560698E+00
  2.763262E-01  1.257866E+00 -1.587313E+00
  2.860133E-01  1.264377E+00 -1.613928E+00
  2.957004E-01  1.262775E+00 -1.640543E+00
  3.053874E-01  1.260814E+00 -1.667158E+00
  3.102141E-01  1.274541E+00 -1.680419E+00
  3.150745E-01  1.284704E+00 -1.693773E+00
  3.247616E-01  1.281808E+00 -1.720388E+00
  3.304218E-01  1.302864E+00 -1.735939E+00
  3.344487E-01  1.316463E+00 -1.747003E+00
  3.441358E-01  1.328222E+00 -1.773618E+00
  3.471989E-01  1.331187E+00 -1.782034E+00
  3.538228E-01  1.342566E+00 -1.800233E+00
  3.568444E-01  1.359510E+00 -1.808535E+00
  3.635099E-01  1.383683E+00 -1.826848E+00
  3.731970E-01  1.386372E+00 -1.853463E+00
  3.738620E-01  1.387833E+00 -1.855290E+00
  3.785873E-01  1.416157E+00 -1.868273E+00
  3.808431E-01  1.444480E+00 -1.874471E+00
  3.811553E-01  1.472803E+00 -1.875329E+00
  3.790041E-01  1.501126E+00 -1.869418E+00
  3.731970E-01  1.519225E+00 -1.853463E+00
Slice   =    210 , Freq(kT, average of all copies)              =   0.5705
Orbit # =      0 , Freq(kT, this largest copy used for outline) =   0.5794
Points  =     51
  kx            ky            kz
  9.569744E+00  1.022084E+01 -6.714011E+00
  9.560057E+00  1.021793E+01 -6.687396E+00
  9.550370E+00  1.022280E+01 -6.660781E+00
  9.540683E+00  1.022645E+01 -6.634166E+00
  9.539143E+00  1.022813E+01 -6.629935E+00
  9.530996E+00  1.023329E+01 -6.607551E+00
  9.521309E+00  1.023006E+01 -6.580936E+00
  9.520258E+00  1.022813E+01 -6.578048E+00
  9.511622E+00  1.020845E+01 -6.554321E+00
  9.505371E+00  1.019981E+01 -6.537146E+00
  9.501935E+00  1.019743E+01 -6.527706E+00
  9.492248E+00  1.019048E+01 -6.501091E+00
  9.486565E+00  1.017148E+01 -6.485478E+00
  9.482560E+00  1.016080E+01 -6.474475E+00
  9.472873E+00  1.015025E+01 -6.447860E+00
  9.467317E+00  1.014316E+01 -6.432594E+00
  9.463186E+00  1.013038E+01 -6.421245E+00
  9.460975E+00  1.011484E+01 -6.415171E+00
  9.453499E+00  1.009178E+01 -6.394630E+00
  9.443812E+00  1.009104E+01 -6.368015E+00
  9.442095E+00  1.008651E+01 -6.363299E+00
  9.441168E+00  1.005819E+01 -6.360751E+00
  9.439557E+00  1.002987E+01 -6.356325E+00
  9.440102E+00  1.000154E+01 -6.357821E+00
  9.443812E+00  9.986891E+00 -6.368015E+00
  9.449093E+00  9.973221E+00 -6.382523E+00
  9.453499E+00  9.963891E+00 -6.394630E+00
  9.463186E+00  9.954047E+00 -6.421245E+00
  9.472863E+00  9.944898E+00 -6.447833E+00
  9.472873E+00  9.944889E+00 -6.447860E+00
  9.472877E+00  9.944898E+00 -6.447872E+00
  9.482560E+00  9.968153E+00 -6.474475E+00
  9.484387E+00  9.973221E+00 -6.479494E+00
  9.492248E+00  9.987238E+00 -6.501091E+00
  9.501935E+00  9.996301E+00 -6.527706E+00
  9.503103E+00  1.000154E+01 -6.530916E+00
  9.508427E+00  1.002987E+01 -6.545543E+00
  9.511622E+00  1.004156E+01 -6.554321E+00
  9.521309E+00  1.004811E+01 -6.580936E+00
  9.524028E+00  1.005819E+01 -6.588406E+00
  9.529192E+00  1.008651E+01 -6.602595E+00
  9.530996E+00  1.009433E+01 -6.607551E+00
  9.540683E+00  1.010770E+01 -6.634166E+00
  9.544044E+00  1.011484E+01 -6.643399E+00
  9.550370E+00  1.013696E+01 -6.660781E+00
  9.551615E+00  1.014316E+01 -6.664200E+00
  9.559061E+00  1.017148E+01 -6.684659E+00
  9.560057E+00  1.017748E+01 -6.687396E+00
  9.569744E+00  1.017233E+01 -6.714011E+00
  9.572442E+00  1.019981E+01 -6.721424E+00
  9.569744E+00  1.022084E+01 -6.714011E+00
Theta(deg) =   0.000000 , Phi(deg) =  72.500000 , Number of orbits =     9 , (Angstrom^-1) units
Slice   =     77 , Freq(kT, average of all copies)              =   0.2134
Orbit # =      0 , Freq(kT, this largest copy used for outline) =   0.2169
Points  =     35
  kx            ky            kz
  9.106055E-01  1.000712E+00 -1.286861E+00
  9.020886E-01  1.003645E+00 -1.259849E+00
  8.978768E-01  9.913096E-01 -1.246491E+00
  8.935717E-01  9.813210E-01 -1.232837E+00
  8.867478E-01  9.629865E-01 -1.211194E+00
  8.850548E-01  9.584168E-01 -1.205825E+00
  8.768056E-01  9.346633E-01 -1.179662E+00
  8.765378E-01  9.334504E-01 -1.178812E+00
  8.726891E-01  9.063402E-01 -1.166606E+00
  8.680209E-01  8.817902E-01 -1.151800E+00
  8.672079E-01  8.780171E-01 -1.149222E+00
  8.595040E-01  8.552440E-01 -1.124788E+00
  8.580572E-01  8.496939E-01 -1.120199E+00
  8.535004E-01  8.213708E-01 -1.105747E+00
  8.511891E-01  7.930477E-01 -1.098416E+00
  8.509870E-01  7.848861E-01 -1.097776E+00
  8.504060E-01  7.647246E-01 -1.095933E+00
  8.509870E-01  7.628993E-01 -1.097776E+00
  8.595040E-01  7.579178E-01 -1.124788E+00
  8.624033E-01  7.647246E-01 -1.133983E+00
  8.680209E-01  7.757289E-01 -1.151800E+00
  8.730685E-01  7.930477E-01 -1.167809E+00
  8.765378E-01  8.032914E-01 -1.178812E+00
  8.850548E-01  8.195838E-01 -1.205825E+00
  8.854103E-01  8.213708E-01 -1.206952E+00
  8.900179E-01  8.496939E-01 -1.221566E+00
  8.935717E-01  8.722325E-01 -1.232837E+00
  8.946361E-01  8.780171E-01 -1.236213E+00
  9.020886E-01  9.060268E-01 -1.259849E+00
  9.021540E-01  9.063402E-01 -1.260056E+00
  9.085462E-01  9.346633E-01 -1.280330E+00
  9.106055E-01  9.524856E-01 -1.286861E+00
  9.118395E-01  9.629865E-01 -1.290775E+00
  9.127183E-01  9.913096E-01 -1.293562E+00
  9.106055E-01  1.000712E+00 -1.286861E+00
Slice   =     57 , Freq(kT, average of all copies)              =   0.2929
Orbit # =      0 , Freq(kT, this largest copy used for outline) =   0.2995
Points  =     43
  kx            ky            kz
  3.230698E+00  5.127541E+00 -3.373916E+00
  3.222181E+00  5.132712E+00 -3.346904E+00
  3.219798E+00  5.126487E+00 -3.339345E+00
  3.213664E+00  5.116116E+00 -3.319891E+00
  3.208311E+00  5.098164E+00 -3.302914E+00
  3.205147E+00  5.091018E+00 -3.292879E+00
  3.197519E+00  5.069841E+00 -3.268685E+00
  3.196630E+00  5.066256E+00 -3.265867E+00
  3.190636E+00  5.041517E+00 -3.246855E+00
  3.188113E+00  5.029071E+00 -3.238855E+00
  3.185420E+00  5.013194E+00 -3.230312E+00
  3.179597E+00  4.993360E+00 -3.211842E+00
  3.177634E+00  4.984871E+00 -3.205618E+00
  3.171080E+00  4.963892E+00 -3.184830E+00
  3.169492E+00  4.956548E+00 -3.179794E+00
  3.166612E+00  4.928225E+00 -3.170659E+00
  3.162563E+00  4.906617E+00 -3.157818E+00
  3.160955E+00  4.899902E+00 -3.152720E+00
  3.154046E+00  4.877464E+00 -3.130806E+00
  3.152940E+00  4.871579E+00 -3.127298E+00
  3.154046E+00  4.854750E+00 -3.130806E+00
  3.159981E+00  4.843256E+00 -3.149630E+00
  3.162563E+00  4.839031E+00 -3.157818E+00
  3.171080E+00  4.840549E+00 -3.184830E+00
  3.173273E+00  4.843256E+00 -3.191787E+00
  3.179597E+00  4.850837E+00 -3.211842E+00
  3.185588E+00  4.871579E+00 -3.230843E+00
  3.188113E+00  4.881832E+00 -3.238855E+00
  3.191259E+00  4.899902E+00 -3.248832E+00
  3.196630E+00  4.918423E+00 -3.265867E+00
  3.199274E+00  4.928225E+00 -3.274252E+00
  3.205147E+00  4.943381E+00 -3.292879E+00
  3.207246E+00  4.956548E+00 -3.299535E+00
  3.211488E+00  4.984871E+00 -3.312990E+00
  3.213664E+00  5.000424E+00 -3.319891E+00
  3.216129E+00  5.013194E+00 -3.327708E+00
  3.222181E+00  5.035067E+00 -3.346904E+00
  3.223343E+00  5.041517E+00 -3.350587E+00
  3.227893E+00  5.069841E+00 -3.365018E+00
  3.229735E+00  5.098164E+00 -3.370860E+00
  3.230698E+00  5.118343E+00 -3.373916E+00
  3.231079E+00  5.126487E+00 -3.375123E+00
  3.230698E+00  5.127541E+00 -3.373916E+00
Slice   =    203 , Freq(kT, average of all copies)              =   0.2968
Orbit # =      0 , Freq(kT, this largest copy used for outline) =   0.3040
Points  =     39
  kx            ky            kz
  5.727960E+00  7.447570E+00 -8.350727E+00
  5.719443E+00  7.449823E+00 -8.323715E+00
  5.710926E+00  7.438328E+00 -8.296703E+00
  5.702530E+00  7.423444E+00 -8.270075E+00
  5.702409E+00  7.423139E+00 -8.269690E+00
  5.693901E+00  7.395120E+00 -8.242708E+00
  5.693892E+00  7.395084E+00 -8.242678E+00
  5.690227E+00  7.366797E+00 -8.231054E+00
  5.685375E+00  7.351513E+00 -8.215666E+00
  5.682541E+00  7.338474E+00 -8.206677E+00
  5.676858E+00  7.320665E+00 -8.188654E+00
  5.674840E+00  7.310151E+00 -8.182255E+00
  5.671704E+00  7.281828E+00 -8.172306E+00
  5.668341E+00  7.263601E+00 -8.161641E+00
  5.666088E+00  7.253505E+00 -8.154494E+00
  5.659824E+00  7.234717E+00 -8.134629E+00
  5.657750E+00  7.225182E+00 -8.128052E+00
  5.655418E+00  7.196858E+00 -8.120654E+00
  5.655973E+00  7.168535E+00 -8.122417E+00
  5.659824E+00  7.153390E+00 -8.134629E+00
  5.668341E+00  7.155655E+00 -8.161641E+00
  5.671126E+00  7.168535E+00 -8.170473E+00
  5.676858E+00  7.182236E+00 -8.188654E+00
  5.684287E+00  7.196858E+00 -8.212215E+00
  5.685375E+00  7.199171E+00 -8.215666E+00
  5.690650E+00  7.225182E+00 -8.232395E+00
  5.693892E+00  7.242291E+00 -8.242678E+00
  5.696166E+00  7.253505E+00 -8.249892E+00
  5.702409E+00  7.275701E+00 -8.269690E+00
  5.703815E+00  7.281828E+00 -8.274149E+00
  5.710926E+00  7.306257E+00 -8.296703E+00
  5.711786E+00  7.310151E+00 -8.299431E+00
  5.716644E+00  7.338474E+00 -8.314840E+00
  5.719443E+00  7.359162E+00 -8.323715E+00
  5.721515E+00  7.366797E+00 -8.330288E+00
  5.727960E+00  7.386272E+00 -8.350727E+00
  5.729406E+00  7.395120E+00 -8.355316E+00
  5.731036E+00  7.423444E+00 -8.360484E+00
  5.727960E+00  7.447570E+00 -8.350727E+00
Slice   =    106 , Freq(kT, average of all copies)              =   0.3586
Orbit # =      0 , Freq(kT, this largest copy used for outline) =   0.3694
Points  =     41
  kx            ky            kz
  5.295271E+00  6.517948E+00 -6.872209E+00
  5.286754E+00  6.528870E+00 -6.845196E+00
  5.282067E+00  6.542643E+00 -6.830328E+00
  5.278237E+00  6.549234E+00 -6.818184E+00
  5.272052E+00  6.542643E+00 -6.798565E+00
  5.269721E+00  6.540312E+00 -6.791172E+00
  5.264037E+00  6.542643E+00 -6.773146E+00
  5.261204E+00  6.543351E+00 -6.764160E+00
  5.261030E+00  6.542643E+00 -6.763608E+00
  5.261204E+00  6.530351E+00 -6.764160E+00
  5.261673E+00  6.514320E+00 -6.765648E+00
  5.261204E+00  6.513363E+00 -6.764160E+00
  5.252687E+00  6.489669E+00 -6.737147E+00
  5.252031E+00  6.485997E+00 -6.735069E+00
  5.245365E+00  6.457674E+00 -6.713925E+00
  5.245760E+00  6.429351E+00 -6.715177E+00
  5.244170E+00  6.421496E+00 -6.710135E+00
  5.238457E+00  6.401028E+00 -6.692016E+00
  5.240887E+00  6.372705E+00 -6.699723E+00
  5.235653E+00  6.354618E+00 -6.683123E+00
  5.232907E+00  6.344381E+00 -6.674415E+00
  5.235653E+00  6.328702E+00 -6.683123E+00
  5.240030E+00  6.316058E+00 -6.697006E+00
  5.244170E+00  6.304779E+00 -6.710135E+00
  5.252687E+00  6.299193E+00 -6.737147E+00
  5.261204E+00  6.297611E+00 -6.764160E+00
  5.269721E+00  6.298828E+00 -6.791172E+00
  5.278237E+00  6.311254E+00 -6.818184E+00
  5.280740E+00  6.316058E+00 -6.826120E+00
  5.279868E+00  6.344381E+00 -6.823354E+00
  5.286754E+00  6.365351E+00 -6.845196E+00
  5.288044E+00  6.372705E+00 -6.849286E+00
  5.291570E+00  6.401028E+00 -6.860468E+00
  5.291584E+00  6.429351E+00 -6.860515E+00
  5.295271E+00  6.443808E+00 -6.872209E+00
  5.298774E+00  6.457674E+00 -6.883317E+00
  5.295271E+00  6.479649E+00 -6.872209E+00
  5.293596E+00  6.485997E+00 -6.866896E+00
  5.295271E+00  6.504744E+00 -6.872209E+00
  5.296317E+00  6.514320E+00 -6.875525E+00
  5.295271E+00  6.517948E+00 -6.872209E+00
Slice   =    208 , Freq(kT, average of all copies)              =   0.4427
Orbit # =      0 , Freq(kT, this largest copy used for outline) =   0.4491
Points  =     45
  kx            ky            kz
  1.168097E+01  1.055469E+01 -5.480476E+00
  1.167245E+01  1.056723E+01 -5.453463E+00
  1.167173E+01  1.056801E+01 -5.451172E+00
  1.166393E+01  1.057653E+01 -5.426451E+00
  1.165541E+01  1.057321E+01 -5.399439E+00
  1.165251E+01  1.056801E+01 -5.390237E+00
  1.164897E+01  1.053968E+01 -5.379013E+00
  1.164690E+01  1.053650E+01 -5.372427E+00
  1.164185E+01  1.051136E+01 -5.356414E+00
  1.163838E+01  1.049476E+01 -5.345414E+00
  1.163484E+01  1.048304E+01 -5.334182E+00
  1.163392E+01  1.045471E+01 -5.331258E+00
  1.162986E+01  1.044197E+01 -5.318402E+00
  1.162608E+01  1.042639E+01 -5.306395E+00
  1.162458E+01  1.039807E+01 -5.301654E+00
  1.162135E+01  1.037592E+01 -5.291390E+00
  1.162067E+01  1.036974E+01 -5.289257E+00
  1.161283E+01  1.034259E+01 -5.264378E+00
  1.161261E+01  1.034142E+01 -5.263673E+00
  1.161283E+01  1.033786E+01 -5.264378E+00
  1.161545E+01  1.031310E+01 -5.272690E+00
  1.161283E+01  1.029597E+01 -5.264378E+00
  1.161070E+01  1.028478E+01 -5.257607E+00
  1.161283E+01  1.027690E+01 -5.264378E+00
  1.162135E+01  1.027114E+01 -5.291390E+00
  1.162986E+01  1.027175E+01 -5.318402E+00
  1.163838E+01  1.027744E+01 -5.345414E+00
  1.164466E+01  1.028478E+01 -5.365333E+00
  1.164690E+01  1.028859E+01 -5.372427E+00
  1.165541E+01  1.030622E+01 -5.399439E+00
  1.165779E+01  1.031310E+01 -5.406965E+00
  1.166393E+01  1.033127E+01 -5.426451E+00
  1.166692E+01  1.034142E+01 -5.435923E+00
  1.166742E+01  1.036974E+01 -5.437521E+00
  1.167245E+01  1.038535E+01 -5.453463E+00
  1.167582E+01  1.039807E+01 -5.464159E+00
  1.167426E+01  1.042639E+01 -5.459212E+00
  1.168027E+01  1.045471E+01 -5.478282E+00
  1.168097E+01  1.048283E+01 -5.480476E+00
  1.168097E+01  1.048304E+01 -5.480491E+00
  1.168097E+01  1.048437E+01 -5.480476E+00
  1.168080E+01  1.051136E+01 -5.479967E+00
  1.168097E+01  1.051210E+01 -5.480476E+00
  1.168528E+01  1.053968E+01 -5.494153E+00
  1.168097E+01  1.055469E+01 -5.480476E+00
Slice   =    191 , Freq(kT, average of all copies)              =   0.4439
Orbit # =      0 , Freq(kT, this largest copy used for outline) =   0.4524
Points  =     45
  kx            ky            kz
  8.659512E+00  9.900612E+00 -6.219533E+00
  8.650995E+00  9.905244E+00 -6.192521E+00
  8.642478E+00  9.897901E+00 -6.165508E+00
  8.633961E+00  9.889738E+00 -6.138496E+00
  8.633398E+00  9.888252E+00 -6.136709E+00
  8.625444E+00  9.876338E+00 -6.111484E+00
  8.619616E+00  9.859929E+00 -6.093001E+00
  8.616927E+00  9.849659E+00 -6.084472E+00
  8.611065E+00  9.831605E+00 -6.065879E+00
  8.609583E+00  9.803282E+00 -6.061178E+00
  8.608410E+00  9.799966E+00 -6.057459E+00
  8.602297E+00  9.774959E+00 -6.038070E+00
  8.599893E+00  9.748989E+00 -6.030447E+00
  8.599589E+00  9.746636E+00 -6.029481E+00
  8.598468E+00  9.718313E+00 -6.025927E+00
  8.591376E+00  9.690952E+00 -6.003435E+00
  8.591206E+00  9.689990E+00 -6.002894E+00
  8.591376E+00  9.688755E+00 -6.003435E+00
  8.596215E+00  9.661667E+00 -6.018780E+00
  8.591376E+00  9.634342E+00 -6.003435E+00
  8.591143E+00  9.633344E+00 -6.002693E+00
  8.591376E+00  9.632016E+00 -6.003435E+00
  8.598947E+00  9.605020E+00 -6.027444E+00
  8.599893E+00  9.601900E+00 -6.030447E+00
  8.608410E+00  9.596613E+00 -6.057459E+00
  8.616927E+00  9.598843E+00 -6.084472E+00
  8.625444E+00  9.604732E+00 -6.111484E+00
  8.625564E+00  9.605020E+00 -6.111864E+00
  8.629106E+00  9.633344E+00 -6.123097E+00
  8.633961E+00  9.651380E+00 -6.138496E+00
  8.635951E+00  9.661667E+00 -6.144806E+00
  8.642213E+00  9.689990E+00 -6.164669E+00
  8.642478E+00  9.699857E+00 -6.165508E+00
  8.642964E+00  9.718313E+00 -6.167050E+00
  8.650995E+00  9.742549E+00 -6.192521E+00
  8.652006E+00  9.746636E+00 -6.195726E+00
  8.650995E+00  9.769479E+00 -6.192521E+00
  8.650563E+00  9.774959E+00 -6.191150E+00
  8.650995E+00  9.776863E+00 -6.192521E+00
  8.657418E+00  9.803282E+00 -6.212892E+00
  8.658899E+00  9.831605E+00 -6.217589E+00
  8.659512E+00  9.838973E+00 -6.219533E+00
  8.661799E+00  9.859929E+00 -6.226787E+00
  8.664920E+00  9.888252E+00 -6.236684E+00
  8.659512E+00  9.900612E+00 -6.219533E+00
Slice   =     25 , Freq(kT, average of all copies)              =   0.5878
Orbit # =      0 , Freq(kT, this largest copy used for outline) =   0.5892
Points  =     49
  kx            ky            kz
 -2.979624E+00 -6.016990E-01 -1.523417E+00
 -2.988141E+00 -6.017264E-01 -1.496405E+00
 -2.990813E+00 -5.961773E-01 -1.487931E+00
 -2.996658E+00 -5.876732E-01 -1.469393E+00
 -3.003480E+00 -5.961773E-01 -1.447756E+00
 -3.005175E+00 -5.995820E-01 -1.442381E+00
 -3.013692E+00 -5.964200E-01 -1.415368E+00
 -3.022209E+00 -6.023510E-01 -1.388356E+00
 -3.030726E+00 -6.140344E-01 -1.361344E+00
 -3.039243E+00 -6.126210E-01 -1.334332E+00
 -3.047760E+00 -6.171683E-01 -1.307319E+00
 -3.050368E+00 -6.245004E-01 -1.299046E+00
 -3.055246E+00 -6.528235E-01 -1.283577E+00
 -3.056277E+00 -6.546191E-01 -1.280307E+00
 -3.064793E+00 -6.572773E-01 -1.253295E+00
 -3.073310E+00 -6.779851E-01 -1.226283E+00
 -3.074114E+00 -6.811467E-01 -1.223733E+00
 -3.079918E+00 -7.094698E-01 -1.205326E+00
 -3.081827E+00 -7.125766E-01 -1.199270E+00
 -3.090344E+00 -7.251624E-01 -1.172258E+00
 -3.092446E+00 -7.377929E-01 -1.165593E+00
 -3.093883E+00 -7.661161E-01 -1.161035E+00
 -3.098861E+00 -7.837381E-01 -1.145246E+00
 -3.107019E+00 -7.944392E-01 -1.119371E+00
 -3.098861E+00 -8.058091E-01 -1.145246E+00
 -3.090344E+00 -8.141973E-01 -1.172258E+00
 -3.081827E+00 -8.071326E-01 -1.199270E+00
 -3.073310E+00 -8.072802E-01 -1.226283E+00
 -3.064793E+00 -8.138115E-01 -1.253295E+00
 -3.056277E+00 -8.148906E-01 -1.280307E+00
 -3.047760E+00 -8.136912E-01 -1.307319E+00
 -3.042417E+00 -8.227623E-01 -1.324264E+00
 -3.039243E+00 -8.264342E-01 -1.334332E+00
 -3.037405E+00 -8.227623E-01 -1.340158E+00
 -3.032517E+00 -7.944392E-01 -1.355664E+00
 -3.030726E+00 -7.887949E-01 -1.361344E+00
 -3.022209E+00 -7.825235E-01 -1.388356E+00
 -3.013692E+00 -7.721436E-01 -1.415368E+00
 -3.011893E+00 -7.661161E-01 -1.421075E+00
 -3.008019E+00 -7.377929E-01 -1.433361E+00
 -3.005175E+00 -7.286396E-01 -1.442381E+00
 -2.996658E+00 -7.308418E-01 -1.469393E+00
 -2.992194E+00 -7.094698E-01 -1.483550E+00
 -2.989370E+00 -6.811467E-01 -1.492507E+00
 -2.988141E+00 -6.695596E-01 -1.496405E+00
 -2.979624E+00 -6.620027E-01 -1.523417E+00
 -2.976652E+00 -6.528235E-01 -1.532844E+00
 -2.973906E+00 -6.245004E-01 -1.541554E+00
 -2.979624E+00 -6.016990E-01 -1.523417E+00
Slice   =    191 , Freq(kT, average of all copies)              =   0.5968
Orbit # =      0 , Freq(kT, this largest copy used for outline) =   0.6127
Points  =     51
  kx            ky            kz
  4.105656E+00  6.470567E+00 -7.652336E+00
  4.101125E+00  6.489476E+00 -7.637964E+00
  4.097139E+00  6.494472E+00 -7.625324E+00
  4.088622E+00  6.504463E+00 -7.598312E+00
  4.083583E+00  6.517799E+00 -7.582328E+00
  4.080105E+00  6.525641E+00 -7.571299E+00
  4.071588E+00  6.532641E+00 -7.544287E+00
  4.063071E+00  6.544329E+00 -7.517275E+00
  4.054555E+00  6.541470E+00 -7.490263E+00
  4.046637E+00  6.517799E+00 -7.465150E+00
  4.046038E+00  6.516084E+00 -7.463250E+00
  4.037521E+00  6.500347E+00 -7.436238E+00
  4.029737E+00  6.489476E+00 -7.411553E+00
  4.029004E+00  6.486452E+00 -7.409226E+00
  4.026362E+00  6.461153E+00 -7.400847E+00
  4.020487E+00  6.445947E+00 -7.382214E+00
  4.011970E+00  6.436249E+00 -7.355201E+00
  4.010792E+00  6.432830E+00 -7.351466E+00
  4.007262E+00  6.404507E+00 -7.340271E+00
  4.003453E+00  6.391172E+00 -7.328189E+00
  3.994936E+00  6.384205E+00 -7.301177E+00
  3.991868E+00  6.376183E+00 -7.291445E+00
  3.989282E+00  6.347860E+00 -7.283243E+00
  3.986419E+00  6.333618E+00 -7.274165E+00
  3.977902E+00  6.325283E+00 -7.247152E+00
  3.974812E+00  6.319537E+00 -7.237353E+00
  3.977902E+00  6.294044E+00 -7.247152E+00
  3.979045E+00  6.291214E+00 -7.250778E+00
  3.986419E+00  6.278480E+00 -7.274165E+00
  3.994936E+00  6.274375E+00 -7.301177E+00
  4.003453E+00  6.283468E+00 -7.328189E+00
  4.011970E+00  6.278584E+00 -7.355201E+00
  4.020487E+00  6.273701E+00 -7.382214E+00
  4.027059E+00  6.291214E+00 -7.403058E+00
  4.029004E+00  6.295475E+00 -7.409226E+00
  4.037521E+00  6.292090E+00 -7.436238E+00
  4.045188E+00  6.319537E+00 -7.460555E+00
  4.046038E+00  6.321312E+00 -7.463250E+00
  4.054555E+00  6.334811E+00 -7.490263E+00
  4.063071E+00  6.331060E+00 -7.517275E+00
  4.066914E+00  6.347860E+00 -7.529463E+00
  4.070518E+00  6.376183E+00 -7.540891E+00
  4.071588E+00  6.380719E+00 -7.544287E+00
  4.080105E+00  6.385408E+00 -7.571299E+00
  4.086757E+00  6.404507E+00 -7.592397E+00
  4.088622E+00  6.418986E+00 -7.598312E+00
  4.091752E+00  6.432830E+00 -7.608237E+00
  4.097139E+00  6.455576E+00 -7.625324E+00
  4.105656E+00  6.456701E+00 -7.652336E+00
  4.106474E+00  6.461153E+00 -7.654929E+00
  4.105656E+00  6.470567E+00 -7.652336E+00
Slice   =     46 , Freq(kT, average of all copies)              =   0.6010
Orbit # =      0 , Freq(kT, this largest copy used for outline) =   0.6165
Points  =     53
  kx            ky            kz
  3.018733E+00  4.683305E+00 -4.259577E+00
  3.010216E+00  4.681407E+00 -4.232565E+00
  3.001699E+00  4.686899E+00 -4.205552E+00
  2.993182E+00  4.690298E+00 -4.178540E+00
  2.984665E+00  4.687734E+00 -4.151528E+00
  2.976148E+00  4.695626E+00 -4.124516E+00
  2.967993E+00  4.671925E+00 -4.098650E+00
  2.967631E+00  4.671442E+00 -4.097503E+00
  2.959114E+00  4.667964E+00 -4.070491E+00
  2.950597E+00  4.661796E+00 -4.043479E+00
  2.944511E+00  4.643602E+00 -4.024177E+00
  2.942080E+00  4.637192E+00 -4.016467E+00
  2.933563E+00  4.625821E+00 -3.989454E+00
  2.925046E+00  4.619558E+00 -3.962442E+00
  2.923817E+00  4.615279E+00 -3.958544E+00
  2.921044E+00  4.586956E+00 -3.949747E+00
  2.916530E+00  4.573948E+00 -3.935430E+00
  2.908013E+00  4.573860E+00 -3.908418E+00
  2.901864E+00  4.558633E+00 -3.888917E+00
  2.900386E+00  4.530310E+00 -3.884229E+00
  2.899496E+00  4.524038E+00 -3.881405E+00
  2.890979E+00  4.511542E+00 -3.854393E+00
  2.884672E+00  4.501986E+00 -3.834391E+00
  2.890979E+00  4.485772E+00 -3.854393E+00
  2.896351E+00  4.473663E+00 -3.871431E+00
  2.899496E+00  4.468139E+00 -3.881405E+00
  2.907722E+00  4.445340E+00 -3.907495E+00
  2.908013E+00  4.444689E+00 -3.908418E+00
  2.916530E+00  4.434355E+00 -3.935430E+00
  2.925046E+00  4.424723E+00 -3.962442E+00
  2.929425E+00  4.417017E+00 -3.976328E+00
  2.933563E+00  4.410813E+00 -3.989454E+00
  2.935756E+00  4.417017E+00 -3.996408E+00
  2.942025E+00  4.445340E+00 -4.016291E+00
  2.942080E+00  4.445504E+00 -4.016467E+00
  2.950597E+00  4.455641E+00 -4.043479E+00
  2.959114E+00  4.471420E+00 -4.070491E+00
  2.959682E+00  4.473663E+00 -4.072293E+00
  2.964649E+00  4.501986E+00 -4.088047E+00
  2.967631E+00  4.511623E+00 -4.097503E+00
  2.976148E+00  4.513870E+00 -4.124516E+00
  2.979492E+00  4.530310E+00 -4.135120E+00
  2.983560E+00  4.558633E+00 -4.148024E+00
  2.984665E+00  4.564780E+00 -4.151528E+00
  2.993182E+00  4.575698E+00 -4.178540E+00
  2.997159E+00  4.586956E+00 -4.191155E+00
  3.001699E+00  4.610614E+00 -4.205552E+00
  3.002634E+00  4.615279E+00 -4.208517E+00
  3.010216E+00  4.642111E+00 -4.232565E+00
  3.018733E+00  4.642637E+00 -4.259577E+00
  3.018887E+00  4.643602E+00 -4.260067E+00
  3.020066E+00  4.671925E+00 -4.263805E+00
  3.018733E+00  4.683305E+00 -4.259577E+00
Theta(deg) =   0.000000 , Phi(deg) =  75.000000 , Number of orbits =     8 , (Angstrom^-1) units
Slice   =    100 , Freq(kT, average of all copies)              =   0.2156
Orbit # =      0 , Freq(kT, this largest copy used for outline) =   0.2197
Points  =     37
  kx            ky            kz
  2.755023E+00  3.885341E+00 -7.737411E-01
  2.751747E+00  3.882356E+00 -7.615172E-01
  2.747692E+00  3.879359E+00 -7.463830E-01
  2.740361E+00  3.858682E+00 -7.190250E-01
  2.739545E+00  3.854033E+00 -7.159766E-01
  2.733031E+00  3.832676E+00 -6.916670E-01
  2.731326E+00  3.825710E+00 -6.853053E-01
  2.725700E+00  3.806933E+00 -6.643089E-01
  2.723798E+00  3.797387E+00 -6.572102E-01
  2.720162E+00  3.769064E+00 -6.436414E-01
  2.718370E+00  3.759280E+00 -6.369509E-01
  2.715505E+00  3.740741E+00 -6.262593E-01
  2.711039E+00  3.721780E+00 -6.095928E-01
  2.708773E+00  3.712418E+00 -6.011357E-01
  2.703709E+00  3.686620E+00 -5.822348E-01
  2.703311E+00  3.684094E+00 -5.807507E-01
  2.703208E+00  3.655771E+00 -5.803673E-01
  2.703621E+00  3.627448E+00 -5.819069E-01
  2.703709E+00  3.627152E+00 -5.822348E-01
  2.705539E+00  3.627448E+00 -5.890672E-01
  2.711039E+00  3.628854E+00 -6.095928E-01
  2.718370E+00  3.650245E+00 -6.369509E-01
  2.719779E+00  3.655771E+00 -6.422091E-01
  2.725700E+00  3.673683E+00 -6.643089E-01
  2.729518E+00  3.684094E+00 -6.785558E-01
  2.733031E+00  3.696506E+00 -6.916670E-01
  2.735542E+00  3.712418E+00 -7.010390E-01
  2.738314E+00  3.740741E+00 -7.113843E-01
  2.740361E+00  3.752429E+00 -7.190250E-01
  2.744613E+00  3.769064E+00 -7.348911E-01
  2.747692E+00  3.782637E+00 -7.463830E-01
  2.750822E+00  3.797387E+00 -7.580654E-01
  2.754062E+00  3.825710E+00 -7.701565E-01
  2.755023E+00  3.838374E+00 -7.737411E-01
  2.756231E+00  3.854033E+00 -7.782505E-01
  2.756215E+00  3.882356E+00 -7.781911E-01
  2.755023E+00  3.885341E+00 -7.737411E-01
Slice   =     46 , Freq(kT, average of all copies)              =   0.2910
Orbit # =      0 , Freq(kT, this largest copy used for outline) =   0.2974
Points  =     39
  kx            ky            kz
  1.447881E-01  2.506724E+00 -2.072407E+00
  1.374576E-01  2.504187E+00 -2.045049E+00
  1.334550E-01  2.492436E+00 -2.030112E+00
  1.301270E-01  2.483611E+00 -2.017691E+00
  1.237480E-01  2.464112E+00 -1.993884E+00
  1.227964E-01  2.461398E+00 -1.990333E+00
  1.155708E-01  2.435789E+00 -1.963367E+00
  1.154659E-01  2.435179E+00 -1.962975E+00
  1.126035E-01  2.407466E+00 -1.952293E+00
  1.081353E-01  2.384565E+00 -1.935617E+00
  1.069274E-01  2.379143E+00 -1.931109E+00
  1.008047E-01  2.358479E+00 -1.908259E+00
  9.946479E-02  2.350820E+00 -1.903258E+00
  9.399721E-02  2.322497E+00 -1.882853E+00
  9.347416E-02  2.316392E+00 -1.880901E+00
  9.132776E-02  2.294174E+00 -1.872890E+00
  8.614360E-02  2.268754E+00 -1.853543E+00
  8.565903E-02  2.265851E+00 -1.851734E+00
  8.028614E-02  2.237527E+00 -1.831682E+00
  8.614360E-02  2.212439E+00 -1.853543E+00
  9.347416E-02  2.211502E+00 -1.880901E+00
  1.008047E-01  2.223261E+00 -1.908259E+00
  1.081353E-01  2.234480E+00 -1.935617E+00
  1.085066E-01  2.237527E+00 -1.937003E+00
  1.124302E-01  2.265851E+00 -1.951646E+00
  1.154659E-01  2.285874E+00 -1.962975E+00
  1.170596E-01  2.294174E+00 -1.968923E+00
  1.227964E-01  2.314820E+00 -1.990333E+00
  1.238859E-01  2.322497E+00 -1.994399E+00
  1.296298E-01  2.350820E+00 -2.015835E+00
  1.301270E-01  2.354661E+00 -2.017691E+00
  1.330463E-01  2.379143E+00 -2.028586E+00
  1.372722E-01  2.407466E+00 -2.044357E+00
  1.374576E-01  2.408676E+00 -2.045049E+00
  1.443326E-01  2.435789E+00 -2.070707E+00
  1.447881E-01  2.438250E+00 -2.072407E+00
  1.475409E-01  2.464112E+00 -2.082681E+00
  1.474834E-01  2.492436E+00 -2.082466E+00
  1.447881E-01  2.506724E+00 -2.072407E+00
Slice   =    187 , Freq(kT, average of all copies)              =   0.2948
Orbit # =      0 , Freq(kT, this largest copy used for outline) =   0.3042
Points  =     45
  kx            ky            kz
  3.756371E+00  6.133861E+00 -8.383049E+00
  3.749040E+00  6.131680E+00 -8.355691E+00
  3.741710E+00  6.127860E+00 -8.328333E+00
  3.736265E+00  6.119884E+00 -8.308014E+00
  3.734379E+00  6.117550E+00 -8.300975E+00
  3.727049E+00  6.095379E+00 -8.273617E+00
  3.726394E+00  6.091561E+00 -8.271176E+00
  3.723537E+00  6.063237E+00 -8.260514E+00
  3.719718E+00  6.048239E+00 -8.246259E+00
  3.717196E+00  6.034914E+00 -8.236849E+00
  3.712387E+00  6.017479E+00 -8.218901E+00
  3.710594E+00  6.006591E+00 -8.212209E+00
  3.705894E+00  5.978268E+00 -8.194666E+00
  3.705057E+00  5.971630E+00 -8.191543E+00
  3.702598E+00  5.949945E+00 -8.182366E+00
  3.697726E+00  5.925771E+00 -8.164185E+00
  3.696981E+00  5.921622E+00 -8.161405E+00
  3.690396E+00  5.894655E+00 -8.136827E+00
  3.690172E+00  5.893299E+00 -8.135990E+00
  3.690396E+00  5.879678E+00 -8.136827E+00
  3.691481E+00  5.864976E+00 -8.140878E+00
  3.690396E+00  5.837179E+00 -8.136827E+00
  3.690379E+00  5.836652E+00 -8.136765E+00
  3.690396E+00  5.836575E+00 -8.136827E+00
  3.697726E+00  5.833538E+00 -8.164185E+00
  3.698525E+00  5.836652E+00 -8.167165E+00
  3.705057E+00  5.851673E+00 -8.191543E+00
  3.709049E+00  5.864976E+00 -8.206442E+00
  3.712387E+00  5.874457E+00 -8.218901E+00
  3.719718E+00  5.891452E+00 -8.246259E+00
  3.719958E+00  5.893299E+00 -8.247153E+00
  3.723941E+00  5.921622E+00 -8.262021E+00
  3.727049E+00  5.944783E+00 -8.273617E+00
  3.728048E+00  5.949945E+00 -8.277349E+00
  3.734379E+00  5.974360E+00 -8.300975E+00
  3.735064E+00  5.978268E+00 -8.303532E+00
  3.740794E+00  6.006591E+00 -8.324916E+00
  3.741710E+00  6.014271E+00 -8.328333E+00
  3.744686E+00  6.034914E+00 -8.339441E+00
  3.749040E+00  6.062728E+00 -8.355691E+00
  3.749172E+00  6.063237E+00 -8.356184E+00
  3.755046E+00  6.091561E+00 -8.378107E+00
  3.756371E+00  6.102988E+00 -8.383049E+00
  3.757567E+00  6.119884E+00 -8.387514E+00
  3.756371E+00  6.133861E+00 -8.383049E+00
Slice   =    156 , Freq(kT, average of all copies)              =   0.3319
Orbit # =      0 , Freq(kT, this largest copy used for outline) =   0.3400
Points  =     35
  kx            ky            kz
  8.470144E+00  9.107820E+00 -4.235059E+00
  8.465967E+00  9.122831E+00 -4.219469E+00
  8.462813E+00  9.134964E+00 -4.207701E+00
  8.455483E+00  9.139371E+00 -4.180343E+00
  8.448152E+00  9.138060E+00 -4.152985E+00
  8.440822E+00  9.135916E+00 -4.125627E+00
  8.438157E+00  9.122831E+00 -4.115682E+00
  8.433591E+00  9.094508E+00 -4.098643E+00
  8.433491E+00  9.089148E+00 -4.098269E+00
  8.433287E+00  9.066185E+00 -4.097508E+00
  8.426160E+00  9.039311E+00 -4.070911E+00
  8.425896E+00  9.037862E+00 -4.069925E+00
  8.426160E+00  9.032899E+00 -4.070911E+00
  8.427469E+00  9.009539E+00 -4.075795E+00
  8.426160E+00  9.002478E+00 -4.070911E+00
  8.422318E+00  8.981216E+00 -4.056569E+00
  8.423003E+00  8.952893E+00 -4.059127E+00
  8.424963E+00  8.924569E+00 -4.066443E+00
  8.426160E+00  8.917129E+00 -4.070911E+00
  8.432024E+00  8.896246E+00 -4.092795E+00
  8.433491E+00  8.892048E+00 -4.098269E+00
  8.440822E+00  8.890248E+00 -4.125627E+00
  8.448152E+00  8.892851E+00 -4.152985E+00
  8.448884E+00  8.896246E+00 -4.155717E+00
  8.451760E+00  8.924569E+00 -4.166450E+00
  8.455483E+00  8.933827E+00 -4.180343E+00
  8.461064E+00  8.952893E+00 -4.201173E+00
  8.459862E+00  8.981216E+00 -4.196686E+00
  8.462813E+00  8.993283E+00 -4.207701E+00
  8.466400E+00  9.009539E+00 -4.221088E+00
  8.467555E+00  9.037862E+00 -4.225396E+00
  8.469008E+00  9.066185E+00 -4.230820E+00
  8.470144E+00  9.075108E+00 -4.235059E+00
  8.472339E+00  9.094508E+00 -4.243251E+00
  8.470144E+00  9.107820E+00 -4.235059E+00
Slice   =      6 , Freq(kT, average of all copies)              =   0.4173
Orbit # =      0 , Freq(kT, this largest copy used for outline) =   0.4223
Points  =     43
  kx            ky            kz
 -5.473803E+00 -1.283701E+00 -5.482397E+00
 -5.475912E+00 -1.277324E+00 -5.474529E+00
 -5.481134E+00 -1.258404E+00 -5.455039E+00
 -5.488465E+00 -1.257411E+00 -5.427681E+00
 -5.495795E+00 -1.271471E+00 -5.400323E+00
 -5.497232E+00 -1.277324E+00 -5.394963E+00
 -5.498843E+00 -1.305647E+00 -5.388950E+00
 -5.503126E+00 -1.317671E+00 -5.372965E+00
 -5.505558E+00 -1.333970E+00 -5.363888E+00
 -5.510456E+00 -1.361250E+00 -5.345607E+00
 -5.510647E+00 -1.362293E+00 -5.344896E+00
 -5.510456E+00 -1.372119E+00 -5.345607E+00
 -5.510019E+00 -1.390616E+00 -5.347241E+00
 -5.510456E+00 -1.393425E+00 -5.345607E+00
 -5.515961E+00 -1.418940E+00 -5.325063E+00
 -5.516614E+00 -1.447263E+00 -5.322626E+00
 -5.517787E+00 -1.452628E+00 -5.318249E+00
 -5.521827E+00 -1.475586E+00 -5.303170E+00
 -5.525117E+00 -1.502767E+00 -5.290891E+00
 -5.525286E+00 -1.503909E+00 -5.290261E+00
 -5.525117E+00 -1.530268E+00 -5.290891E+00
 -5.525095E+00 -1.532232E+00 -5.290975E+00
 -5.525117E+00 -1.532729E+00 -5.290891E+00
 -5.527447E+00 -1.560555E+00 -5.282199E+00
 -5.525117E+00 -1.565583E+00 -5.290891E+00
 -5.517787E+00 -1.568529E+00 -5.318249E+00
 -5.510456E+00 -1.567416E+00 -5.345607E+00
 -5.503433E+00 -1.560555E+00 -5.371818E+00
 -5.503126E+00 -1.560063E+00 -5.372965E+00
 -5.495795E+00 -1.541206E+00 -5.400323E+00
 -5.492987E+00 -1.532232E+00 -5.410805E+00
 -5.488465E+00 -1.520220E+00 -5.427681E+00
 -5.483654E+00 -1.503909E+00 -5.445633E+00
 -5.484105E+00 -1.475586E+00 -5.443952E+00
 -5.481134E+00 -1.464357E+00 -5.455039E+00
 -5.477125E+00 -1.447263E+00 -5.470001E+00
 -5.476847E+00 -1.418940E+00 -5.471039E+00
 -5.473955E+00 -1.390616E+00 -5.481831E+00
 -5.473803E+00 -1.388902E+00 -5.482397E+00
 -5.471572E+00 -1.362293E+00 -5.490725E+00
 -5.472900E+00 -1.333970E+00 -5.485768E+00
 -5.467415E+00 -1.305647E+00 -5.506241E+00
 -5.473803E+00 -1.283701E+00 -5.482397E+00
Slice   =    217 , Freq(kT, average of all copies)              =   0.4193
Orbit # =      0 , Freq(kT, this largest copy used for outline) =   0.4255
Points  =     41
  kx            ky            kz
  6.388417E+00  7.264724E+00 -3.617598E+00
  6.381087E+00  7.273192E+00 -3.590240E+00
  6.373756E+00  7.265438E+00 -3.562882E+00
  6.366425E+00  7.257359E+00 -3.535524E+00
  6.365915E+00  7.255592E+00 -3.533619E+00
  6.359095E+00  7.243389E+00 -3.508166E+00
  6.354344E+00  7.227269E+00 -3.490437E+00
  6.351764E+00  7.214754E+00 -3.480808E+00
  6.348291E+00  7.198946E+00 -3.467846E+00
  6.346875E+00  7.170623E+00 -3.462560E+00
  6.344434E+00  7.161299E+00 -3.453450E+00
  6.340738E+00  7.142299E+00 -3.439657E+00
  6.338775E+00  7.113976E+00 -3.432333E+00
  6.337923E+00  7.085653E+00 -3.429153E+00
  6.337103E+00  7.077356E+00 -3.426092E+00
  6.334494E+00  7.057330E+00 -3.416356E+00
  6.335928E+00  7.029007E+00 -3.421707E+00
  6.329773E+00  7.001504E+00 -3.398734E+00
  6.329635E+00  7.000684E+00 -3.398221E+00
  6.329773E+00  6.999598E+00 -3.398734E+00
  6.335588E+00  6.972361E+00 -3.420439E+00
  6.337103E+00  6.962753E+00 -3.426092E+00
  6.344434E+00  6.961380E+00 -3.453450E+00
  6.351764E+00  6.958505E+00 -3.480808E+00
  6.359095E+00  6.970427E+00 -3.508166E+00
  6.359619E+00  6.972361E+00 -3.510121E+00
  6.362853E+00  7.000684E+00 -3.522192E+00
  6.366425E+00  7.021772E+00 -3.535524E+00
  6.367348E+00  7.029007E+00 -3.538967E+00
  6.372910E+00  7.057330E+00 -3.559726E+00
  6.373032E+00  7.085653E+00 -3.560181E+00
  6.373756E+00  7.089317E+00 -3.562882E+00
  6.381060E+00  7.113976E+00 -3.590141E+00
  6.379355E+00  7.142299E+00 -3.583778E+00
  6.381087E+00  7.150600E+00 -3.590240E+00
  6.384696E+00  7.170623E+00 -3.603712E+00
  6.386119E+00  7.198946E+00 -3.609021E+00
  6.387789E+00  7.227269E+00 -3.615252E+00
  6.388417E+00  7.232661E+00 -3.617598E+00
  6.391324E+00  7.255592E+00 -3.628446E+00
  6.388417E+00  7.264724E+00 -3.617598E+00
Slice   =     14 , Freq(kT, average of all copies)              =   0.6571
Orbit # =      0 , Freq(kT, this largest copy used for outline) =   0.6648
Points  =     51
  kx            ky            kz
 -1.951536E+00  7.337799E-01 -2.881504E+00
 -1.958867E+00  7.200005E-01 -2.854146E+00
 -1.966197E+00  7.255499E-01 -2.826788E+00
 -1.973528E+00  7.237589E-01 -2.799430E+00
 -1.980858E+00  7.191175E-01 -2.772072E+00
 -1.988189E+00  7.288943E-01 -2.744714E+00
 -1.995520E+00  7.060143E-01 -2.717356E+00
 -1.995530E+00  7.059910E-01 -2.717317E+00
 -2.002850E+00  6.988798E-01 -2.689998E+00
 -2.010181E+00  6.987355E-01 -2.662640E+00
 -2.017511E+00  6.853400E-01 -2.635282E+00
 -2.018974E+00  6.776679E-01 -2.629822E+00
 -2.024842E+00  6.606158E-01 -2.607924E+00
 -2.032172E+00  6.612663E-01 -2.580566E+00
 -2.036758E+00  6.493448E-01 -2.563454E+00
 -2.039503E+00  6.220184E-01 -2.553208E+00
 -2.039658E+00  6.210216E-01 -2.552629E+00
 -2.046834E+00  6.097140E-01 -2.525850E+00
 -2.054164E+00  5.971773E-01 -2.498492E+00
 -2.055178E+00  5.926985E-01 -2.494707E+00
 -2.056075E+00  5.643754E-01 -2.491358E+00
 -2.061495E+00  5.462738E-01 -2.471133E+00
 -2.068825E+00  5.399235E-01 -2.443775E+00
 -2.069752E+00  5.360522E-01 -2.440317E+00
 -2.068825E+00  5.229347E-01 -2.443775E+00
 -2.064102E+00  5.077291E-01 -2.461401E+00
 -2.061495E+00  5.042034E-01 -2.471133E+00
 -2.054164E+00  4.978641E-01 -2.498492E+00
 -2.046834E+00  4.989663E-01 -2.525850E+00
 -2.039503E+00  5.077219E-01 -2.553208E+00
 -2.032172E+00  5.027753E-01 -2.580566E+00
 -2.024842E+00  4.946688E-01 -2.607924E+00
 -2.017511E+00  5.033661E-01 -2.635282E+00
 -2.010181E+00  4.935599E-01 -2.662640E+00
 -2.002850E+00  5.040927E-01 -2.689998E+00
 -2.001921E+00  5.077291E-01 -2.693465E+00
 -1.995520E+00  5.272085E-01 -2.717356E+00
 -1.988189E+00  5.226637E-01 -2.744714E+00
 -1.984919E+00  5.360522E-01 -2.756918E+00
 -1.981754E+00  5.643754E-01 -2.768728E+00
 -1.980858E+00  5.702797E-01 -2.772072E+00
 -1.973528E+00  5.815865E-01 -2.799430E+00
 -1.968703E+00  5.926985E-01 -2.817437E+00
 -1.966197E+00  6.055622E-01 -2.826788E+00
 -1.964106E+00  6.210216E-01 -2.834592E+00
 -1.958867E+00  6.430914E-01 -2.854146E+00
 -1.951536E+00  6.403684E-01 -2.881504E+00
 -1.949949E+00  6.493448E-01 -2.887427E+00
 -1.947583E+00  6.776679E-01 -2.896258E+00
 -1.946777E+00  7.059910E-01 -2.899266E+00
 -1.951536E+00  7.337799E-01 -2.881504E+00
Slice   =     36 , Freq(kT, average of all copies)              =   0.6587
Orbit # =      0 , Freq(kT, this largest copy used for outline) =   0.6641
Points  =     53
  kx            ky            kz
 -8.438501E-01  2.847904E+00 -6.173493E+00
 -8.511807E-01  2.837962E+00 -6.146135E+00
 -8.585113E-01  2.846277E+00 -6.118777E+00
 -8.658418E-01  2.855570E+00 -6.091419E+00
 -8.731724E-01  2.843430E+00 -6.064061E+00
 -8.805030E-01  2.852634E+00 -6.036703E+00
 -8.878335E-01  2.834657E+00 -6.009345E+00
 -8.951641E-01  2.835790E+00 -5.981987E+00
 -9.024947E-01  2.831518E+00 -5.954629E+00
 -9.030199E-01  2.830226E+00 -5.952669E+00
 -9.098252E-01  2.802871E+00 -5.927271E+00
 -9.102929E-01  2.801903E+00 -5.925525E+00
 -9.171558E-01  2.795672E+00 -5.899913E+00
 -9.244864E-01  2.789736E+00 -5.872555E+00
 -9.279491E-01  2.773580E+00 -5.859632E+00
 -9.318169E-01  2.757848E+00 -5.845197E+00
 -9.391475E-01  2.755018E+00 -5.817839E+00
 -9.464781E-01  2.749353E+00 -5.790481E+00
 -9.475915E-01  2.745257E+00 -5.786325E+00
 -9.489083E-01  2.716933E+00 -5.781411E+00
 -9.538086E-01  2.700187E+00 -5.763123E+00
 -9.611392E-01  2.699593E+00 -5.735765E+00
 -9.642539E-01  2.688610E+00 -5.724140E+00
 -9.639452E-01  2.660287E+00 -5.725292E+00
 -9.637056E-01  2.631964E+00 -5.726187E+00
 -9.611392E-01  2.629463E+00 -5.735765E+00
 -9.538086E-01  2.631132E+00 -5.763123E+00
 -9.464781E-01  2.622306E+00 -5.790481E+00
 -9.391475E-01  2.609315E+00 -5.817839E+00
 -9.333924E-01  2.603641E+00 -5.839317E+00
 -9.318169E-01  2.602424E+00 -5.845197E+00
 -9.244864E-01  2.596358E+00 -5.872555E+00
 -9.171558E-01  2.580601E+00 -5.899913E+00
 -9.120338E-01  2.603641E+00 -5.919028E+00
 -9.098252E-01  2.615372E+00 -5.927271E+00
 -9.024947E-01  2.621726E+00 -5.954629E+00
 -8.987030E-01  2.631964E+00 -5.968780E+00
 -8.951641E-01  2.642040E+00 -5.981987E+00
 -8.919461E-01  2.660287E+00 -5.993997E+00
 -8.878335E-01  2.676792E+00 -6.009345E+00
 -8.805030E-01  2.678212E+00 -6.036703E+00
 -8.784503E-01  2.688610E+00 -6.044364E+00
 -8.750775E-01  2.716933E+00 -6.056951E+00
 -8.731724E-01  2.730651E+00 -6.064061E+00
 -8.658418E-01  2.739739E+00 -6.091419E+00
 -8.637799E-01  2.745257E+00 -6.099114E+00
 -8.585113E-01  2.772566E+00 -6.118777E+00
 -8.583530E-01  2.773580E+00 -6.119368E+00
 -8.532048E-01  2.801903E+00 -6.138581E+00
 -8.511807E-01  2.815209E+00 -6.146135E+00
 -8.438501E-01  2.803213E+00 -6.173493E+00
 -8.421198E-01  2.830226E+00 -6.179951E+00
 -8.438501E-01  2.847904E+00 -6.173493E+00
Theta(deg) =   0.000000 , Phi(deg) =  77.500000 , Number of orbits =     7 , (Angstrom^-1) units
Slice   =    150 , Freq(kT, average of all copies)              =   0.2187
Orbit # =      0 , Freq(kT, this largest copy used for outline) =   0.2238
Points  =     35
  kx            ky            kz
  4.887219E+00  8.102825E+00 -7.197235E+00
  4.887156E+00  8.102503E+00 -7.196955E+00
  4.881088E+00  8.084308E+00 -7.169583E+00
  4.879335E+00  8.074180E+00 -7.161673E+00
  4.874958E+00  8.057165E+00 -7.141931E+00
  4.872991E+00  8.045857E+00 -7.133060E+00
  4.868828E+00  8.030505E+00 -7.114279E+00
  4.866355E+00  8.017534E+00 -7.103127E+00
  4.862698E+00  7.993387E+00 -7.086628E+00
  4.862149E+00  7.989210E+00 -7.084151E+00
  4.859558E+00  7.960887E+00 -7.072466E+00
  4.856567E+00  7.940605E+00 -7.058976E+00
  4.854947E+00  7.932564E+00 -7.051665E+00
  4.850437E+00  7.913555E+00 -7.031324E+00
  4.848858E+00  7.904241E+00 -7.024201E+00
  4.847056E+00  7.875918E+00 -7.016071E+00
  4.847310E+00  7.847595E+00 -7.017217E+00
  4.850437E+00  7.835737E+00 -7.031324E+00
  4.856567E+00  7.842958E+00 -7.058976E+00
  4.857323E+00  7.847595E+00 -7.062384E+00
  4.862698E+00  7.870073E+00 -7.086628E+00
  4.864242E+00  7.875918E+00 -7.093593E+00
  4.868828E+00  7.892531E+00 -7.114279E+00
  4.871059E+00  7.904241E+00 -7.124345E+00
  4.874654E+00  7.932564E+00 -7.140560E+00
  4.874958E+00  7.934325E+00 -7.141931E+00
  4.878157E+00  7.960887E+00 -7.156363E+00
  4.881088E+00  7.978450E+00 -7.169583E+00
  4.883430E+00  7.989210E+00 -7.180146E+00
  4.887219E+00  8.007422E+00 -7.197235E+00
  4.888859E+00  8.017534E+00 -7.204636E+00
  4.890846E+00  8.045857E+00 -7.213597E+00
  4.892308E+00  8.074180E+00 -7.220191E+00
  4.891102E+00  8.102503E+00 -7.214753E+00
  4.887219E+00  8.102825E+00 -7.197235E+00
Slice   =    205 , Freq(kT, average of all copies)              =   0.2884
Orbit # =      0 , Freq(kT, this largest copy used for outline) =   0.2943
Points  =     41
  kx            ky            kz
  8.458835E+00  8.564953E+00 -2.664066E+00
  8.455790E+00  8.558456E+00 -2.650331E+00
  8.452704E+00  8.551149E+00 -2.636414E+00
  8.447481E+00  8.530133E+00 -2.612855E+00
  8.446574E+00  8.527917E+00 -2.608763E+00
  8.440444E+00  8.506727E+00 -2.581111E+00
  8.439698E+00  8.501810E+00 -2.577746E+00
  8.434314E+00  8.476391E+00 -2.553459E+00
  8.433925E+00  8.473487E+00 -2.551704E+00
  8.431327E+00  8.445164E+00 -2.539986E+00
  8.428183E+00  8.422403E+00 -2.525807E+00
  8.427160E+00  8.416840E+00 -2.521190E+00
  8.422053E+00  8.395534E+00 -2.498156E+00
  8.421032E+00  8.388517E+00 -2.493551E+00
  8.415923E+00  8.360832E+00 -2.470504E+00
  8.415812E+00  8.360194E+00 -2.470003E+00
  8.414299E+00  8.331871E+00 -2.463179E+00
  8.410866E+00  8.303548E+00 -2.447693E+00
  8.409793E+00  8.289246E+00 -2.442852E+00
  8.408303E+00  8.275225E+00 -2.436134E+00
  8.409793E+00  8.261817E+00 -2.442852E+00
  8.415923E+00  8.258125E+00 -2.470504E+00
  8.422053E+00  8.262800E+00 -2.498156E+00
  8.428183E+00  8.273325E+00 -2.525807E+00
  8.428354E+00  8.275225E+00 -2.526578E+00
  8.431533E+00  8.303548E+00 -2.540916E+00
  8.434314E+00  8.327486E+00 -2.553459E+00
  8.434980E+00  8.331871E+00 -2.556466E+00
  8.440444E+00  8.354611E+00 -2.581111E+00
  8.441134E+00  8.360194E+00 -2.584225E+00
  8.445459E+00  8.388517E+00 -2.603733E+00
  8.446574E+00  8.397586E+00 -2.608763E+00
  8.448778E+00  8.416840E+00 -2.618705E+00
  8.451680E+00  8.445164E+00 -2.631796E+00
  8.452704E+00  8.452500E+00 -2.636414E+00
  8.457329E+00  8.473487E+00 -2.657273E+00
  8.458835E+00  8.482623E+00 -2.664066E+00
  8.460799E+00  8.501810E+00 -2.672929E+00
  8.461919E+00  8.530133E+00 -2.677977E+00
  8.460679E+00  8.558456E+00 -2.672386E+00
  8.458835E+00  8.564953E+00 -2.664066E+00
Slice   =    209 , Freq(kT, average of all copies)              =   0.2916
Orbit # =      0 , Freq(kT, this largest copy used for outline) =   0.2974
Points  =     45
  kx            ky            kz
  7.163982E+00  5.870189E+00 -1.979434E+00
  7.160877E+00  5.867063E+00 -1.965431E+00
  7.157851E+00  5.861243E+00 -1.951782E+00
  7.153481E+00  5.867063E+00 -1.932066E+00
  7.151721E+00  5.868107E+00 -1.924131E+00
  7.151440E+00  5.867063E+00 -1.922861E+00
  7.145591E+00  5.851502E+00 -1.896479E+00
  7.143237E+00  5.838740E+00 -1.885862E+00
  7.139461E+00  5.818070E+00 -1.868827E+00
  7.138350E+00  5.810417E+00 -1.863816E+00
  7.134652E+00  5.782093E+00 -1.847139E+00
  7.133330E+00  5.777427E+00 -1.841175E+00
  7.128898E+00  5.753770E+00 -1.821182E+00
  7.127200E+00  5.744322E+00 -1.813524E+00
  7.124352E+00  5.725447E+00 -1.800674E+00
  7.121070E+00  5.699322E+00 -1.785872E+00
  7.120751E+00  5.697124E+00 -1.784432E+00
  7.117666E+00  5.668801E+00 -1.770519E+00
  7.114940E+00  5.653888E+00 -1.758220E+00
  7.112616E+00  5.640478E+00 -1.747737E+00
  7.108809E+00  5.615320E+00 -1.730568E+00
  7.108377E+00  5.612155E+00 -1.728619E+00
  7.108809E+00  5.585089E+00 -1.730568E+00
  7.108950E+00  5.583831E+00 -1.731202E+00
  7.114940E+00  5.559654E+00 -1.758220E+00
  7.121070E+00  5.578629E+00 -1.785872E+00
  7.121912E+00  5.583831E+00 -1.789668E+00
  7.127200E+00  5.602990E+00 -1.813524E+00
  7.129579E+00  5.612155E+00 -1.824256E+00
  7.133330E+00  5.626320E+00 -1.841175E+00
  7.135247E+00  5.640478E+00 -1.849821E+00
  7.138395E+00  5.668801E+00 -1.864021E+00
  7.139461E+00  5.676201E+00 -1.868827E+00
  7.142763E+00  5.697124E+00 -1.883721E+00
  7.145591E+00  5.710966E+00 -1.896479E+00
  7.148258E+00  5.725447E+00 -1.908510E+00
  7.151721E+00  5.748897E+00 -1.924131E+00
  7.152543E+00  5.753770E+00 -1.927839E+00
  7.155479E+00  5.782093E+00 -1.941083E+00
  7.157851E+00  5.800020E+00 -1.951782E+00
  7.159756E+00  5.810417E+00 -1.960374E+00
  7.163982E+00  5.838236E+00 -1.979434E+00
  7.164028E+00  5.838740E+00 -1.979645E+00
  7.164536E+00  5.867063E+00 -1.981937E+00
  7.163982E+00  5.870189E+00 -1.979434E+00
Slice   =    171 , Freq(kT, average of all copies)              =   0.3116
Orbit # =      0 , Freq(kT, this largest copy used for outline) =   0.3188
Points  =     33
  kx            ky            kz
  2.393385E+00  4.630060E+00 -3.515548E+00
  2.389889E+00  4.648472E+00 -3.499777E+00
  2.387255E+00  4.670861E+00 -3.487896E+00
  2.381124E+00  4.671620E+00 -3.460244E+00
  2.374994E+00  4.674531E+00 -3.432592E+00
  2.368864E+00  4.662624E+00 -3.404940E+00
  2.366422E+00  4.648472E+00 -3.393928E+00
  2.364323E+00  4.620149E+00 -3.384457E+00
  2.362734E+00  4.602040E+00 -3.377289E+00
  2.362195E+00  4.591826E+00 -3.374861E+00
  2.357325E+00  4.563503E+00 -3.352890E+00
  2.358771E+00  4.535180E+00 -3.359416E+00
  2.356603E+00  4.520763E+00 -3.349637E+00
  2.354068E+00  4.506857E+00 -3.338201E+00
  2.356416E+00  4.478534E+00 -3.348790E+00
  2.356542E+00  4.450210E+00 -3.349358E+00
  2.356603E+00  4.449782E+00 -3.349637E+00
  2.362734E+00  4.422737E+00 -3.377289E+00
  2.364071E+00  4.421887E+00 -3.383319E+00
  2.368864E+00  4.420695E+00 -3.404940E+00
  2.374994E+00  4.420160E+00 -3.432592E+00
  2.375403E+00  4.421887E+00 -3.434437E+00
  2.376258E+00  4.450210E+00 -3.438295E+00
  2.381124E+00  4.466959E+00 -3.460244E+00
  2.384056E+00  4.478534E+00 -3.473467E+00
  2.384095E+00  4.506857E+00 -3.473645E+00
  2.387255E+00  4.528107E+00 -3.487896E+00
  2.388100E+00  4.535180E+00 -3.491708E+00
  2.390176E+00  4.563503E+00 -3.501075E+00
  2.389974E+00  4.591826E+00 -3.500160E+00
  2.393385E+00  4.613277E+00 -3.515548E+00
  2.394362E+00  4.620149E+00 -3.519955E+00
  2.393385E+00  4.630060E+00 -3.515548E+00
Slice   =    203 , Freq(kT, average of all copies)              =   0.3945
Orbit # =      0 , Freq(kT, this largest copy used for outline) =   0.4021
Points  =     39
  kx            ky            kz
  7.727571E+00  8.720115E+00 -7.394184E+00
  7.725774E+00  8.726308E+00 -7.386078E+00
  7.721440E+00  8.745090E+00 -7.366532E+00
  7.715310E+00  8.746708E+00 -7.338880E+00
  7.709180E+00  8.732079E+00 -7.311229E+00
  7.708199E+00  8.726308E+00 -7.306805E+00
  7.707453E+00  8.697984E+00 -7.303437E+00
  7.703050E+00  8.674605E+00 -7.283577E+00
  7.702608E+00  8.669661E+00 -7.281587E+00
  7.697650E+00  8.641338E+00 -7.259219E+00
  7.698498E+00  8.613015E+00 -7.263047E+00
  7.696919E+00  8.601889E+00 -7.255925E+00
  7.694095E+00  8.584692E+00 -7.243187E+00
  7.693069E+00  8.556369E+00 -7.238558E+00
  7.690789E+00  8.539435E+00 -7.228273E+00
  7.689524E+00  8.528046E+00 -7.222565E+00
  7.685268E+00  8.499723E+00 -7.203369E+00
  7.686501E+00  8.471399E+00 -7.208932E+00
  7.684659E+00  8.451297E+00 -7.200621E+00
  7.683796E+00  8.443076E+00 -7.196729E+00
  7.684659E+00  8.438390E+00 -7.200621E+00
  7.690789E+00  8.433745E+00 -7.228273E+00
  7.696919E+00  8.434174E+00 -7.255925E+00
  7.703050E+00  8.440904E+00 -7.283577E+00
  7.703868E+00  8.443076E+00 -7.287268E+00
  7.709180E+00  8.459822E+00 -7.311229E+00
  7.712108E+00  8.471399E+00 -7.324436E+00
  7.715310E+00  8.481806E+00 -7.338880E+00
  7.719240E+00  8.499723E+00 -7.356606E+00
  7.719005E+00  8.528046E+00 -7.355545E+00
  7.721440E+00  8.539575E+00 -7.366532E+00
  7.724406E+00  8.556369E+00 -7.379911E+00
  7.724591E+00  8.584692E+00 -7.380742E+00
  7.727013E+00  8.613015E+00 -7.391668E+00
  7.727571E+00  8.621587E+00 -7.394184E+00
  7.728724E+00  8.641338E+00 -7.399388E+00
  7.727995E+00  8.669661E+00 -7.396098E+00
  7.731611E+00  8.697984E+00 -7.412410E+00
  7.727571E+00  8.720115E+00 -7.394184E+00
Slice   =    148 , Freq(kT, average of all copies)              =   0.3970
Orbit # =      0 , Freq(kT, this largest copy used for outline) =   0.4031
Points  =     41
  kx            ky            kz
  5.514006E+00  6.477005E+00 -3.041142E+00
  5.507876E+00  6.480475E+00 -3.013490E+00
  5.501745E+00  6.471558E+00 -2.985838E+00
  5.497495E+00  6.460457E+00 -2.966665E+00
  5.495615E+00  6.455487E+00 -2.958187E+00
  5.489485E+00  6.440661E+00 -2.930535E+00
  5.487857E+00  6.432134E+00 -2.923191E+00
  5.483355E+00  6.410915E+00 -2.902883E+00
  5.482223E+00  6.403811E+00 -2.897780E+00
  5.482404E+00  6.375488E+00 -2.898595E+00
  5.478000E+00  6.347165E+00 -2.878732E+00
  5.477224E+00  6.328145E+00 -2.875231E+00
  5.476818E+00  6.318841E+00 -2.873398E+00
  5.474760E+00  6.290518E+00 -2.864117E+00
  5.471094E+00  6.263634E+00 -2.847580E+00
  5.470946E+00  6.262195E+00 -2.846914E+00
  5.471094E+00  6.260266E+00 -2.847580E+00
  5.473713E+00  6.233872E+00 -2.859393E+00
  5.471094E+00  6.209253E+00 -2.847580E+00
  5.470601E+00  6.205549E+00 -2.845358E+00
  5.471094E+00  6.200203E+00 -2.847580E+00
  5.475028E+00  6.177226E+00 -2.865325E+00
  5.477224E+00  6.166179E+00 -2.875231E+00
  5.483355E+00  6.165289E+00 -2.902883E+00
  5.489485E+00  6.171633E+00 -2.930535E+00
  5.490861E+00  6.177226E+00 -2.936743E+00
  5.495338E+00  6.205549E+00 -2.956936E+00
  5.495615E+00  6.207364E+00 -2.958187E+00
  5.497995E+00  6.233872E+00 -2.968920E+00
  5.501745E+00  6.253605E+00 -2.985838E+00
  5.503020E+00  6.262195E+00 -2.991587E+00
  5.502968E+00  6.290518E+00 -2.991355E+00
  5.507876E+00  6.315161E+00 -3.013490E+00
  5.508447E+00  6.318841E+00 -3.016068E+00
  5.507956E+00  6.347165E+00 -3.013855E+00
  5.512176E+00  6.375488E+00 -3.032889E+00
  5.514006E+00  6.399945E+00 -3.041142E+00
  5.514242E+00  6.403811E+00 -3.042209E+00
  5.515509E+00  6.432134E+00 -3.047920E+00
  5.518120E+00  6.460457E+00 -3.059701E+00
  5.514006E+00  6.477005E+00 -3.041142E+00
Slice   =    204 , Freq(kT, average of all copies)              =   0.7322
Orbit # =      0 , Freq(kT, this largest copy used for outline) =   0.7430
Points  =     71
  kx            ky            kz
  3.949569E+00  6.525634E+00 -7.782241E+00
  3.943923E+00  6.517799E+00 -7.756775E+00
  3.943439E+00  6.516193E+00 -7.754589E+00
  3.942804E+00  6.517799E+00 -7.751728E+00
  3.937308E+00  6.523421E+00 -7.726937E+00
  3.932645E+00  6.517799E+00 -7.705904E+00
  3.931178E+00  6.515002E+00 -7.699285E+00
  3.925048E+00  6.510864E+00 -7.671634E+00
  3.921520E+00  6.517799E+00 -7.655721E+00
  3.918918E+00  6.523887E+00 -7.643982E+00
  3.915791E+00  6.517799E+00 -7.629877E+00
  3.912787E+00  6.514988E+00 -7.616330E+00
  3.906657E+00  6.517615E+00 -7.588678E+00
  3.906577E+00  6.517799E+00 -7.588318E+00
  3.900527E+00  6.529073E+00 -7.561027E+00
  3.894397E+00  6.525774E+00 -7.533375E+00
  3.891936E+00  6.517799E+00 -7.522277E+00
  3.888266E+00  6.494540E+00 -7.505723E+00
  3.884988E+00  6.489476E+00 -7.490936E+00
  3.882136E+00  6.487542E+00 -7.478071E+00
  3.876006E+00  6.465154E+00 -7.450420E+00
  3.875296E+00  6.461153E+00 -7.447218E+00
  3.869876E+00  6.440831E+00 -7.422768E+00
  3.865900E+00  6.432830E+00 -7.404834E+00
  3.863746E+00  6.426338E+00 -7.395116E+00
  3.861101E+00  6.404507E+00 -7.383185E+00
  3.857615E+00  6.385669E+00 -7.367464E+00
  3.851485E+00  6.382398E+00 -7.339813E+00
  3.849629E+00  6.376183E+00 -7.331439E+00
  3.847509E+00  6.347860E+00 -7.321876E+00
  3.845355E+00  6.333448E+00 -7.312161E+00
  3.839225E+00  6.325882E+00 -7.284509E+00
  3.836697E+00  6.319537E+00 -7.273107E+00
  3.839225E+00  6.291434E+00 -7.284509E+00
  3.839296E+00  6.291214E+00 -7.284831E+00
  3.845355E+00  6.278630E+00 -7.312161E+00
  3.851485E+00  6.275853E+00 -7.339813E+00
  3.857365E+00  6.291214E+00 -7.366334E+00
  3.857615E+00  6.291813E+00 -7.367464E+00
  3.857966E+00  6.291214E+00 -7.369046E+00
  3.863746E+00  6.282774E+00 -7.395116E+00
  3.869876E+00  6.281977E+00 -7.422768E+00
  3.874990E+00  6.291214E+00 -7.445835E+00
  3.876006E+00  6.292989E+00 -7.450420E+00
  3.882136E+00  6.296760E+00 -7.478071E+00
  3.888266E+00  6.299035E+00 -7.505723E+00
  3.893452E+00  6.319537E+00 -7.529114E+00
  3.894397E+00  6.322459E+00 -7.533375E+00
  3.896851E+00  6.319537E+00 -7.544444E+00
  3.900527E+00  6.316480E+00 -7.561027E+00
  3.902384E+00  6.319537E+00 -7.569401E+00
  3.906631E+00  6.347860E+00 -7.588558E+00
  3.906657E+00  6.347952E+00 -7.588678E+00
  3.912787E+00  6.358176E+00 -7.616330E+00
  3.918609E+00  6.347860E+00 -7.642590E+00
  3.918918E+00  6.347226E+00 -7.643982E+00
  3.919038E+00  6.347860E+00 -7.644526E+00
  3.923370E+00  6.376183E+00 -7.664066E+00
  3.925048E+00  6.394620E+00 -7.671634E+00
  3.931178E+00  6.399929E+00 -7.699285E+00
  3.932935E+00  6.404507E+00 -7.707212E+00
  3.937308E+00  6.423633E+00 -7.726937E+00
  3.938530E+00  6.432830E+00 -7.732445E+00
  3.942812E+00  6.461153E+00 -7.751764E+00
  3.943439E+00  6.465037E+00 -7.754589E+00
  3.945054E+00  6.461153E+00 -7.761873E+00
  3.949569E+00  6.457518E+00 -7.782241E+00
  3.950233E+00  6.461153E+00 -7.785236E+00
  3.952101E+00  6.489476E+00 -7.793660E+00
  3.951590E+00  6.517799E+00 -7.791358E+00
  3.949569E+00  6.525634E+00 -7.782241E+00
Theta(deg) =   0.000000 , Phi(deg) =  80.000000 , Number of orbits =     7 , (Angstrom^-1) units
Slice   =     97 , Freq(kT, average of all copies)              =   0.2233
Orbit # =      0 , Freq(kT, this largest copy used for outline) =   0.2291
Points  =     37
  kx            ky            kz
  2.583901E+00  2.334792E+00 -1.344019E+00
  2.578983E+00  2.327608E+00 -1.316126E+00
  2.578217E+00  2.323193E+00 -1.311781E+00
  2.574065E+00  2.306372E+00 -1.288233E+00
  2.572290E+00  2.294869E+00 -1.278169E+00
  2.569146E+00  2.281029E+00 -1.260340E+00
  2.566832E+00  2.266546E+00 -1.247217E+00
  2.564228E+00  2.246940E+00 -1.232447E+00
  2.563146E+00  2.238223E+00 -1.226308E+00
  2.560635E+00  2.209900E+00 -1.212068E+00
  2.559310E+00  2.199341E+00 -1.204555E+00
  2.557317E+00  2.181577E+00 -1.193252E+00
  2.554392E+00  2.162200E+00 -1.176662E+00
  2.552983E+00  2.153254E+00 -1.168670E+00
  2.549473E+00  2.128082E+00 -1.148769E+00
  2.549119E+00  2.124931E+00 -1.146756E+00
  2.548754E+00  2.096607E+00 -1.144689E+00
  2.548605E+00  2.068284E+00 -1.143845E+00
  2.549473E+00  2.061426E+00 -1.148769E+00
  2.554392E+00  2.065399E+00 -1.176662E+00
  2.554828E+00  2.068284E+00 -1.179135E+00
  2.559310E+00  2.087127E+00 -1.204555E+00
  2.560521E+00  2.096607E+00 -1.211423E+00
  2.564228E+00  2.117249E+00 -1.232447E+00
  2.565718E+00  2.124931E+00 -1.240894E+00
  2.569146E+00  2.141400E+00 -1.260340E+00
  2.570665E+00  2.153254E+00 -1.268951E+00
  2.572934E+00  2.181577E+00 -1.281820E+00
  2.574065E+00  2.193003E+00 -1.288233E+00
  2.575878E+00  2.209900E+00 -1.298515E+00
  2.578983E+00  2.232731E+00 -1.316126E+00
  2.579718E+00  2.238223E+00 -1.320294E+00
  2.583661E+00  2.266546E+00 -1.342655E+00
  2.583901E+00  2.269838E+00 -1.344019E+00
  2.585357E+00  2.294869E+00 -1.352277E+00
  2.585474E+00  2.323193E+00 -1.352937E+00
  2.583901E+00  2.334792E+00 -1.344019E+00
Slice   =    140 , Freq(kT, average of all copies)              =   0.2865
Orbit # =      0 , Freq(kT, this largest copy used for outline) =   0.2906
Points  =     43
  kx            ky            kz
  2.683907E+00  4.615541E+00 -2.694533E+00
  2.680313E+00  4.619453E+00 -2.674150E+00
  2.678989E+00  4.620582E+00 -2.666640E+00
  2.678716E+00  4.619453E+00 -2.665091E+00
  2.674071E+00  4.605386E+00 -2.638747E+00
  2.671636E+00  4.591130E+00 -2.624937E+00
  2.669152E+00  4.579759E+00 -2.610854E+00
  2.666589E+00  4.562807E+00 -2.596315E+00
  2.664234E+00  4.545706E+00 -2.582961E+00
  2.663023E+00  4.534484E+00 -2.576091E+00
  2.659982E+00  4.506161E+00 -2.558846E+00
  2.659316E+00  4.502132E+00 -2.555068E+00
  2.655616E+00  4.477838E+00 -2.534084E+00
  2.654398E+00  4.468940E+00 -2.527176E+00
  2.651727E+00  4.449515E+00 -2.512028E+00
  2.649479E+00  4.429336E+00 -2.499283E+00
  2.648560E+00  4.421192E+00 -2.494070E+00
  2.646369E+00  4.392868E+00 -2.481643E+00
  2.644561E+00  4.378326E+00 -2.471390E+00
  2.642725E+00  4.364545E+00 -2.460976E+00
  2.639643E+00  4.339494E+00 -2.443497E+00
  2.639300E+00  4.336222E+00 -2.441551E+00
  2.639643E+00  4.327713E+00 -2.443497E+00
  2.644561E+00  4.315353E+00 -2.471390E+00
  2.649479E+00  4.319201E+00 -2.499283E+00
  2.654398E+00  4.330181E+00 -2.527176E+00
  2.655405E+00  4.336222E+00 -2.532891E+00
  2.659316E+00  4.357125E+00 -2.555068E+00
  2.660090E+00  4.364545E+00 -2.559457E+00
  2.662724E+00  4.392868E+00 -2.574397E+00
  2.664234E+00  4.404061E+00 -2.582961E+00
  2.666410E+00  4.421192E+00 -2.595299E+00
  2.669152E+00  4.436603E+00 -2.610854E+00
  2.670468E+00  4.449515E+00 -2.618313E+00
  2.673676E+00  4.477838E+00 -2.636511E+00
  2.674071E+00  4.482875E+00 -2.638747E+00
  2.675967E+00  4.506161E+00 -2.649504E+00
  2.678875E+00  4.534484E+00 -2.665995E+00
  2.678989E+00  4.535810E+00 -2.666640E+00
  2.682787E+00  4.562807E+00 -2.688177E+00
  2.683907E+00  4.570924E+00 -2.694533E+00
  2.685400E+00  4.591130E+00 -2.702997E+00
  2.683907E+00  4.615541E+00 -2.694533E+00
Slice   =     76 , Freq(kT, average of all copies)              =   0.2893
Orbit # =      0 , Freq(kT, this largest copy used for outline) =   0.2984
Points  =     47
  kx            ky            kz
 -3.980769E+00  8.659609E-02 -6.523799E+00
 -3.983306E+00  8.357789E-02 -6.509413E+00
 -3.985687E+00  7.715804E-02 -6.495906E+00
 -3.988343E+00  8.357789E-02 -6.480844E+00
 -3.990605E+00  8.564878E-02 -6.468013E+00
 -3.991071E+00  8.357789E-02 -6.465371E+00
 -3.995524E+00  6.833059E-02 -6.440121E+00
 -3.997411E+00  5.525476E-02 -6.429418E+00
 -4.000442E+00  3.538090E-02 -6.412228E+00
 -4.001407E+00  2.693163E-02 -6.406752E+00
 -4.004367E+00 -1.391506E-03 -6.389967E+00
 -4.005360E+00 -6.283675E-03 -6.384335E+00
 -4.008557E+00 -2.971464E-02 -6.366206E+00
 -4.010278E+00 -3.955433E-02 -6.356442E+00
 -4.012588E+00 -5.803777E-02 -6.343342E+00
 -4.015197E+00 -8.143998E-02 -6.328549E+00
 -4.015732E+00 -8.636090E-02 -6.325516E+00
 -4.017526E+00 -1.146840E-01 -6.315342E+00
 -4.020115E+00 -1.380669E-01 -6.300656E+00
 -4.020770E+00 -1.430072E-01 -6.296942E+00
 -4.025033E+00 -1.709678E-01 -6.272763E+00
 -4.025073E+00 -1.713303E-01 -6.272537E+00
 -4.025616E+00 -1.996534E-01 -6.269457E+00
 -4.025033E+00 -2.229826E-01 -6.272763E+00
 -4.023672E+00 -2.279766E-01 -6.280485E+00
 -4.020115E+00 -2.299487E-01 -6.300656E+00
 -4.019851E+00 -2.279766E-01 -6.302153E+00
 -4.015197E+00 -2.063449E-01 -6.328549E+00
 -4.014000E+00 -1.996534E-01 -6.335336E+00
 -4.010278E+00 -1.842252E-01 -6.356442E+00
 -4.008076E+00 -1.713303E-01 -6.368931E+00
 -4.005360E+00 -1.554857E-01 -6.384335E+00
 -4.004047E+00 -1.430072E-01 -6.391783E+00
 -4.001467E+00 -1.146840E-01 -6.406415E+00
 -4.000442E+00 -1.063303E-01 -6.412228E+00
 -3.997810E+00 -8.636090E-02 -6.427154E+00
 -3.995524E+00 -7.239181E-02 -6.440121E+00
 -3.993523E+00 -5.803777E-02 -6.451469E+00
 -3.990605E+00 -3.245221E-02 -6.468013E+00
 -3.990238E+00 -2.971464E-02 -6.470099E+00
 -3.987880E+00 -1.391506E-03 -6.483468E+00
 -3.985687E+00  2.016115E-02 -6.495906E+00
 -3.984702E+00  2.693163E-02 -6.501495E+00
 -3.981851E+00  5.525476E-02 -6.517664E+00
 -3.980769E+00  6.869658E-02 -6.523799E+00
 -3.980376E+00  8.357789E-02 -6.526029E+00
 -3.980769E+00  8.659609E-02 -6.523799E+00
Slice   =     80 , Freq(kT, average of all copies)              =   0.2938
Orbit # =      0 , Freq(kT, this largest copy used for outline) =   0.3009
Points  =     33
  kx            ky            kz
 -3.743085E-01  2.542106E+00 -2.933843E+00
 -3.754837E-01  2.549778E+00 -2.927178E+00
 -3.792268E-01  2.565631E+00 -2.905950E+00
 -3.841451E-01  2.562574E+00 -2.878057E+00
 -3.890633E-01  2.565177E+00 -2.850164E+00
 -3.911021E-01  2.549778E+00 -2.838601E+00
 -3.939816E-01  2.525271E+00 -2.822271E+00
 -3.943565E-01  2.521454E+00 -2.820145E+00
 -3.944146E-01  2.493131E+00 -2.819815E+00
 -3.980992E-01  2.464808E+00 -2.798919E+00
 -3.983565E-01  2.436485E+00 -2.797460E+00
 -3.988998E-01  2.431085E+00 -2.794378E+00
 -4.008939E-01  2.408162E+00 -2.783070E+00
 -4.022590E-01  2.379839E+00 -2.775328E+00
 -4.005604E-01  2.351516E+00 -2.784961E+00
 -3.988998E-01  2.328028E+00 -2.794378E+00
 -3.973879E-01  2.323193E+00 -2.802953E+00
 -3.939816E-01  2.311544E+00 -2.822271E+00
 -3.890633E-01  2.313234E+00 -2.850164E+00
 -3.871708E-01  2.323193E+00 -2.860897E+00
 -3.841451E-01  2.338362E+00 -2.878057E+00
 -3.831471E-01  2.351516E+00 -2.883717E+00
 -3.792268E-01  2.374489E+00 -2.905950E+00
 -3.786250E-01  2.379839E+00 -2.909363E+00
 -3.789883E-01  2.408162E+00 -2.907302E+00
 -3.743085E-01  2.435841E+00 -2.933843E+00
 -3.742431E-01  2.436485E+00 -2.934214E+00
 -3.743085E-01  2.438773E+00 -2.933843E+00
 -3.753903E-01  2.464808E+00 -2.927708E+00
 -3.743085E-01  2.480525E+00 -2.933843E+00
 -3.734540E-01  2.493131E+00 -2.938689E+00
 -3.727063E-01  2.521454E+00 -2.942929E+00
 -3.743085E-01  2.542106E+00 -2.933843E+00
Slice   =    171 , Freq(kT, average of all copies)              =   0.3746
Orbit # =      0 , Freq(kT, this largest copy used for outline) =   0.3833
Points  =     47
  kx            ky            kz
  1.143349E+01  9.805088E+00 -3.609109E+00
  1.143216E+01  9.802587E+00 -3.601586E+00
  1.142857E+01  9.792752E+00 -3.581217E+00
  1.142387E+01  9.802587E+00 -3.554551E+00
  1.142365E+01  9.803015E+00 -3.553324E+00
  1.142360E+01  9.802587E+00 -3.553056E+00
  1.141873E+01  9.783905E+00 -3.525431E+00
  1.141754E+01  9.774263E+00 -3.518692E+00
  1.141631E+01  9.745940E+00 -3.511691E+00
  1.141381E+01  9.724117E+00 -3.497538E+00
  1.141347E+01  9.717617E+00 -3.495575E+00
  1.141000E+01  9.689294E+00 -3.475886E+00
  1.141017E+01  9.660971E+00 -3.476877E+00
  1.140890E+01  9.649620E+00 -3.469645E+00
  1.140689E+01  9.632648E+00 -3.458251E+00
  1.140582E+01  9.604325E+00 -3.452230E+00
  1.140398E+01  9.579763E+00 -3.441752E+00
  1.140377E+01  9.576002E+00 -3.440553E+00
  1.140161E+01  9.547678E+00 -3.428304E+00
  1.140103E+01  9.519355E+00 -3.425012E+00
  1.139906E+01  9.498500E+00 -3.413860E+00
  1.139837E+01  9.491032E+00 -3.409941E+00
  1.139906E+01  9.484900E+00 -3.413860E+00
  1.140398E+01  9.478232E+00 -3.441752E+00
  1.140890E+01  9.480906E+00 -3.469645E+00
  1.141381E+01  9.488321E+00 -3.497538E+00
  1.141441E+01  9.491032E+00 -3.500922E+00
  1.141873E+01  9.509791E+00 -3.525431E+00
  1.142068E+01  9.519355E+00 -3.536474E+00
  1.142365E+01  9.535680E+00 -3.553324E+00
  1.142518E+01  9.547678E+00 -3.562006E+00
  1.142582E+01  9.576002E+00 -3.565653E+00
  1.142857E+01  9.591589E+00 -3.581217E+00
  1.142990E+01  9.604325E+00 -3.588791E+00
  1.142857E+01  9.630334E+00 -3.581217E+00
  1.142839E+01  9.632648E+00 -3.580188E+00
  1.142857E+01  9.634271E+00 -3.581217E+00
  1.143169E+01  9.660971E+00 -3.598908E+00
  1.143219E+01  9.689294E+00 -3.601732E+00
  1.143244E+01  9.717617E+00 -3.603199E+00
  1.143349E+01  9.726433E+00 -3.609109E+00
  1.143492E+01  9.745940E+00 -3.617238E+00
  1.143349E+01  9.764157E+00 -3.609109E+00
  1.143125E+01  9.774263E+00 -3.596447E+00
  1.143349E+01  9.797173E+00 -3.609109E+00
  1.143393E+01  9.802587E+00 -3.611648E+00
  1.143349E+01  9.805088E+00 -3.609109E+00
Slice   =    122 , Freq(kT, average of all copies)              =   0.3768
Orbit # =      0 , Freq(kT, this largest copy used for outline) =   0.3820
Points  =     41
  kx            ky            kz
  3.851740E+00  7.265671E+00 -7.587745E+00
  3.846822E+00  7.272107E+00 -7.559852E+00
  3.841904E+00  7.266049E+00 -7.531959E+00
  3.836986E+00  7.255367E+00 -7.504066E+00
  3.836333E+00  7.251417E+00 -7.500367E+00
  3.832067E+00  7.237567E+00 -7.476173E+00
  3.829729E+00  7.223094E+00 -7.462914E+00
  3.827149E+00  7.202380E+00 -7.448281E+00
  3.826279E+00  7.194771E+00 -7.443348E+00
  3.825995E+00  7.166448E+00 -7.441738E+00
  3.822694E+00  7.138125E+00 -7.423015E+00
  3.822284E+00  7.109802E+00 -7.420691E+00
  3.822231E+00  7.109268E+00 -7.420388E+00
  3.820102E+00  7.081479E+00 -7.408316E+00
  3.818184E+00  7.053156E+00 -7.397438E+00
  3.819522E+00  7.024832E+00 -7.405025E+00
  3.817313E+00  6.997667E+00 -7.392495E+00
  3.817210E+00  6.996509E+00 -7.391912E+00
  3.817313E+00  6.994918E+00 -7.392495E+00
  3.820728E+00  6.968186E+00 -7.411864E+00
  3.822231E+00  6.957952E+00 -7.420388E+00
  3.827149E+00  6.956133E+00 -7.448281E+00
  3.832067E+00  6.966031E+00 -7.476173E+00
  3.832363E+00  6.968186E+00 -7.477848E+00
  3.836042E+00  6.996509E+00 -7.498715E+00
  3.836986E+00  7.006573E+00 -7.504066E+00
  3.837853E+00  7.024832E+00 -7.508988E+00
  3.841904E+00  7.051558E+00 -7.531959E+00
  3.842096E+00  7.053156E+00 -7.533046E+00
  3.841904E+00  7.066058E+00 -7.531959E+00
  3.841549E+00  7.081479E+00 -7.529944E+00
  3.841904E+00  7.084609E+00 -7.531959E+00
  3.845480E+00  7.109802E+00 -7.552240E+00
  3.845730E+00  7.138125E+00 -7.553661E+00
  3.846822E+00  7.149508E+00 -7.559852E+00
  3.848330E+00  7.166448E+00 -7.568403E+00
  3.850346E+00  7.194771E+00 -7.579837E+00
  3.851010E+00  7.223094E+00 -7.583601E+00
  3.851740E+00  7.228649E+00 -7.587745E+00
  3.853726E+00  7.251417E+00 -7.599005E+00
  3.851740E+00  7.265671E+00 -7.587745E+00
Slice   =     63 , Freq(kT, average of all copies)              =   0.8235
Orbit # =      0 , Freq(kT, this largest copy used for outline) =   0.8413
Points  =     69
  kx            ky            kz
 -2.884957E+00  2.325518E+00 -8.105619E+00
 -2.889875E+00  2.322920E+00 -8.077726E+00
 -2.894793E+00  2.322704E+00 -8.049833E+00
 -2.899711E+00  2.322877E+00 -8.021941E+00
 -2.901424E+00  2.320410E+00 -8.012226E+00
 -2.904630E+00  2.314749E+00 -7.994048E+00
 -2.909548E+00  2.317917E+00 -7.966155E+00
 -2.914466E+00  2.312904E+00 -7.938262E+00
 -2.919384E+00  2.307323E+00 -7.910369E+00
 -2.924303E+00  2.318259E+00 -7.882476E+00
 -2.929221E+00  2.294290E+00 -7.854584E+00
 -2.930415E+00  2.292086E+00 -7.847814E+00
 -2.934139E+00  2.288233E+00 -7.826691E+00
 -2.936962E+00  2.292086E+00 -7.810682E+00
 -2.939057E+00  2.295404E+00 -7.798798E+00
 -2.943976E+00  2.296900E+00 -7.770905E+00
 -2.945307E+00  2.292086E+00 -7.763355E+00
 -2.948047E+00  2.263763E+00 -7.747814E+00
 -2.948894E+00  2.261817E+00 -7.743012E+00
 -2.953812E+00  2.262021E+00 -7.715119E+00
 -2.958731E+00  2.243734E+00 -7.687226E+00
 -2.959936E+00  2.235440E+00 -7.680391E+00
 -2.963649E+00  2.214925E+00 -7.659334E+00
 -2.968567E+00  2.211896E+00 -7.631441E+00
 -2.969602E+00  2.207117E+00 -7.625569E+00
 -2.971733E+00  2.178794E+00 -7.613485E+00
 -2.973485E+00  2.166567E+00 -7.603548E+00
 -2.978404E+00  2.161779E+00 -7.575655E+00
 -2.981558E+00  2.150471E+00 -7.557764E+00
 -2.982852E+00  2.122148E+00 -7.550425E+00
 -2.983322E+00  2.117364E+00 -7.547762E+00
 -2.988240E+00  2.101326E+00 -7.519869E+00
 -2.991622E+00  2.093824E+00 -7.500691E+00
 -2.988240E+00  2.073472E+00 -7.519869E+00
 -2.985884E+00  2.065501E+00 -7.533231E+00
 -2.983322E+00  2.059292E+00 -7.547762E+00
 -2.979969E+00  2.065501E+00 -7.566777E+00
 -2.978404E+00  2.069742E+00 -7.575655E+00
 -2.973485E+00  2.072668E+00 -7.603548E+00
 -2.968567E+00  2.070030E+00 -7.631441E+00
 -2.963649E+00  2.066612E+00 -7.659334E+00
 -2.958731E+00  2.082029E+00 -7.687226E+00
 -2.953812E+00  2.082656E+00 -7.715119E+00
 -2.948894E+00  2.083659E+00 -7.743012E+00
 -2.944468E+00  2.093824E+00 -7.768112E+00
 -2.943976E+00  2.094950E+00 -7.770905E+00
 -2.943511E+00  2.093824E+00 -7.773540E+00
 -2.939057E+00  2.086935E+00 -7.798798E+00
 -2.935191E+00  2.093824E+00 -7.820726E+00
 -2.934139E+00  2.099426E+00 -7.826691E+00
 -2.929221E+00  2.119361E+00 -7.854584E+00
 -2.924303E+00  2.110319E+00 -7.882476E+00
 -2.922134E+00  2.122148E+00 -7.894776E+00
 -2.919481E+00  2.150471E+00 -7.909820E+00
 -2.919384E+00  2.151355E+00 -7.910369E+00
 -2.914466E+00  2.166072E+00 -7.938262E+00
 -2.909548E+00  2.172839E+00 -7.966155E+00
 -2.908633E+00  2.178794E+00 -7.971342E+00
 -2.906246E+00  2.207117E+00 -7.984882E+00
 -2.904630E+00  2.220268E+00 -7.994048E+00
 -2.899711E+00  2.220311E+00 -8.021941E+00
 -2.897244E+00  2.235440E+00 -8.035933E+00
 -2.894961E+00  2.263763E+00 -8.048881E+00
 -2.894793E+00  2.268257E+00 -8.049833E+00
 -2.889875E+00  2.289859E+00 -8.077726E+00
 -2.884957E+00  2.282603E+00 -8.105619E+00
 -2.884219E+00  2.292086E+00 -8.109799E+00
 -2.884488E+00  2.320410E+00 -8.108275E+00
 -2.884957E+00  2.325518E+00 -8.105619E+00
Theta(deg) =   0.000000 , Phi(deg) =  82.500000 , Number of orbits =     9 , (Angstrom^-1) units
Slice   =    117 , Freq(kT, average of all copies)              =   0.2282
Orbit # =      0 , Freq(kT, this largest copy used for outline) =   0.2356
Points  =     39
  kx            ky            kz
  9.319081E-01  5.502906E+00 -7.240122E+00
  9.308140E-01  5.495383E+00 -7.231812E+00
  9.282112E-01  5.480391E+00 -7.212041E+00
  9.266693E-01  5.467060E+00 -7.200329E+00
  9.245143E-01  5.454707E+00 -7.183960E+00
  9.227065E-01  5.438737E+00 -7.170229E+00
  9.208174E-01  5.424602E+00 -7.155880E+00
  9.191797E-01  5.410414E+00 -7.143440E+00
  9.171204E-01  5.389217E+00 -7.127799E+00
  9.165178E-01  5.382091E+00 -7.123222E+00
  9.147526E-01  5.353768E+00 -7.109814E+00
  9.134235E-01  5.338209E+00 -7.099718E+00
  9.122693E-01  5.325445E+00 -7.090951E+00
  9.097266E-01  5.302106E+00 -7.071637E+00
  9.091805E-01  5.297121E+00 -7.067489E+00
  9.062597E-01  5.268798E+00 -7.045303E+00
  9.060297E-01  5.252067E+00 -7.043556E+00
  9.059383E-01  5.240475E+00 -7.042862E+00
  9.058794E-01  5.212152E+00 -7.042414E+00
  9.060297E-01  5.210523E+00 -7.043556E+00
  9.097266E-01  5.212115E+00 -7.071637E+00
  9.097323E-01  5.212152E+00 -7.071680E+00
  9.134235E-01  5.234571E+00 -7.099718E+00
  9.139816E-01  5.240475E+00 -7.103957E+00
  9.171204E-01  5.262069E+00 -7.127799E+00
  9.180120E-01  5.268798E+00 -7.134571E+00
  9.208174E-01  5.288249E+00 -7.155880E+00
  9.217461E-01  5.297121E+00 -7.162934E+00
  9.239149E-01  5.325445E+00 -7.179408E+00
  9.245143E-01  5.333157E+00 -7.183960E+00
  9.259582E-01  5.353768E+00 -7.194928E+00
  9.282112E-01  5.378100E+00 -7.212041E+00
  9.286318E-01  5.382091E+00 -7.215236E+00
  9.319081E-01  5.409039E+00 -7.240122E+00
  9.320270E-01  5.410414E+00 -7.241025E+00
  9.337715E-01  5.438737E+00 -7.254276E+00
  9.343202E-01  5.467060E+00 -7.258444E+00
  9.337259E-01  5.495383E+00 -7.253930E+00
  9.319081E-01  5.502906E+00 -7.240122E+00
Slice   =    168 , Freq(kT, average of all copies)              =   0.2329
Orbit # =      0 , Freq(kT, this largest copy used for outline) =   0.2329
Points  =     37
  kx            ky            kz
  7.401151E+00  7.061176E+00 -4.585181E+00
  7.400217E+00  7.082870E+00 -4.578085E+00
  7.397454E+00  7.090337E+00 -4.557100E+00
  7.396448E+00  7.082870E+00 -4.549455E+00
  7.393757E+00  7.068065E+00 -4.529019E+00
  7.392067E+00  7.054547E+00 -4.516180E+00
  7.390061E+00  7.041977E+00 -4.500939E+00
  7.388133E+00  7.026224E+00 -4.486300E+00
  7.386364E+00  7.011329E+00 -4.472858E+00
  7.384974E+00  6.997901E+00 -4.462300E+00
  7.382667E+00  6.971319E+00 -4.444777E+00
  7.382538E+00  6.969578E+00 -4.443799E+00
  7.380835E+00  6.941255E+00 -4.430861E+00
  7.378970E+00  6.921457E+00 -4.416696E+00
  7.377911E+00  6.912931E+00 -4.408654E+00
  7.375273E+00  6.891419E+00 -4.388615E+00
  7.374572E+00  6.884608E+00 -4.383291E+00
  7.372802E+00  6.856285E+00 -4.369847E+00
  7.372521E+00  6.827962E+00 -4.367712E+00
  7.375273E+00  6.804280E+00 -4.388615E+00
  7.378970E+00  6.814476E+00 -4.416696E+00
  7.380195E+00  6.827962E+00 -4.426000E+00
  7.382667E+00  6.849179E+00 -4.444777E+00
  7.383402E+00  6.856285E+00 -4.450363E+00
  7.386364E+00  6.876606E+00 -4.472858E+00
  7.387290E+00  6.884608E+00 -4.479894E+00
  7.390061E+00  6.910784E+00 -4.500939E+00
  7.390262E+00  6.912931E+00 -4.502470E+00
  7.392116E+00  6.941255E+00 -4.516554E+00
  7.393757E+00  6.963936E+00 -4.529019E+00
  7.394269E+00  6.969578E+00 -4.532904E+00
  7.397454E+00  6.997155E+00 -4.557100E+00
  7.397523E+00  6.997901E+00 -4.557621E+00
  7.399606E+00  7.026224E+00 -4.573441E+00
  7.401151E+00  7.053543E+00 -4.585181E+00
  7.401221E+00  7.054547E+00 -4.585711E+00
  7.401151E+00  7.061176E+00 -4.585181E+00
Slice   =     49 , Freq(kT, average of all copies)              =   0.2783
Orbit # =      0 , Freq(kT, this largest copy used for outline) =   0.2861
Points  =     35
  kx            ky            kz
 -3.701327E+00 -4.595168E-02 -5.600669E+00
 -3.703457E+00 -3.041039E-02 -5.584490E+00
 -3.705024E+00 -2.075199E-02 -5.572588E+00
 -3.708721E+00 -2.687528E-02 -5.544507E+00
 -3.712418E+00 -2.844589E-02 -5.516427E+00
 -3.712597E+00 -3.041039E-02 -5.515067E+00
 -3.712487E+00 -5.873352E-02 -5.515904E+00
 -3.715241E+00 -8.705665E-02 -5.494985E+00
 -3.716115E+00 -9.877598E-02 -5.488346E+00
 -3.717123E+00 -1.153798E-01 -5.480690E+00
 -3.717862E+00 -1.437029E-01 -5.475070E+00
 -3.719812E+00 -1.631581E-01 -5.460265E+00
 -3.720563E+00 -1.720260E-01 -5.454558E+00
 -3.719812E+00 -1.957383E-01 -5.460265E+00
 -3.719648E+00 -2.003492E-01 -5.461504E+00
 -3.719812E+00 -2.030746E-01 -5.460265E+00
 -3.721645E+00 -2.286723E-01 -5.446342E+00
 -3.720845E+00 -2.569954E-01 -5.452414E+00
 -3.719812E+00 -2.702357E-01 -5.460265E+00
 -3.716115E+00 -2.797987E-01 -5.488346E+00
 -3.712418E+00 -2.797634E-01 -5.516427E+00
 -3.708721E+00 -2.699012E-01 -5.544507E+00
 -3.706891E+00 -2.569954E-01 -5.558404E+00
 -3.707043E+00 -2.286723E-01 -5.557253E+00
 -3.705024E+00 -2.107652E-01 -5.572588E+00
 -3.704094E+00 -2.003492E-01 -5.579652E+00
 -3.703678E+00 -1.720260E-01 -5.582812E+00
 -3.702794E+00 -1.437029E-01 -5.589529E+00
 -3.701327E+00 -1.227325E-01 -5.600669E+00
 -3.700838E+00 -1.153798E-01 -5.604385E+00
 -3.701327E+00 -9.797468E-02 -5.600669E+00
 -3.701791E+00 -8.705665E-02 -5.597143E+00
 -3.701327E+00 -7.823374E-02 -5.600669E+00
 -3.700201E+00 -5.873352E-02 -5.609220E+00
 -3.701327E+00 -4.595168E-02 -5.600669E+00
Slice   =     99 , Freq(kT, average of all copies)              =   0.2841
Orbit # =      0 , Freq(kT, this largest copy used for outline) =   0.2888
Points  =     41
  kx            ky            kz
  2.917287E+00  5.935010E+00 -5.341009E+00
  2.913590E+00  5.932858E+00 -5.312928E+00
  2.909893E+00  5.928515E+00 -5.284847E+00
  2.908893E+00  5.920230E+00 -5.277253E+00
  2.906196E+00  5.904291E+00 -5.256766E+00
  2.904907E+00  5.891907E+00 -5.246970E+00
  2.902499E+00  5.870962E+00 -5.228686E+00
  2.901874E+00  5.863584E+00 -5.223938E+00
  2.899809E+00  5.835261E+00 -5.208247E+00
  2.898802E+00  5.825562E+00 -5.200605E+00
  2.897139E+00  5.806938E+00 -5.187969E+00
  2.895106E+00  5.788673E+00 -5.172524E+00
  2.894114E+00  5.778615E+00 -5.164994E+00
  2.891409E+00  5.754588E+00 -5.144443E+00
  2.891066E+00  5.750291E+00 -5.141843E+00
  2.889255E+00  5.721968E+00 -5.128086E+00
  2.888048E+00  5.693645E+00 -5.118917E+00
  2.887712E+00  5.689135E+00 -5.116362E+00
  2.885584E+00  5.665322E+00 -5.100203E+00
  2.885030E+00  5.636999E+00 -5.095996E+00
  2.887712E+00  5.628255E+00 -5.116362E+00
  2.891409E+00  5.631164E+00 -5.144443E+00
  2.892781E+00  5.636999E+00 -5.154869E+00
  2.895106E+00  5.645534E+00 -5.172524E+00
  2.897236E+00  5.665322E+00 -5.188705E+00
  2.898802E+00  5.680700E+00 -5.200605E+00
  2.899701E+00  5.693645E+00 -5.207432E+00
  2.901658E+00  5.721968E+00 -5.222292E+00
  2.902499E+00  5.729281E+00 -5.228686E+00
  2.904988E+00  5.750291E+00 -5.247586E+00
  2.906196E+00  5.759378E+00 -5.256766E+00
  2.907870E+00  5.778615E+00 -5.269479E+00
  2.909851E+00  5.806938E+00 -5.284524E+00
  2.909893E+00  5.807602E+00 -5.284847E+00
  2.911697E+00  5.835261E+00 -5.298546E+00
  2.913590E+00  5.859353E+00 -5.312928E+00
  2.914005E+00  5.863584E+00 -5.316079E+00
  2.917197E+00  5.891907E+00 -5.340323E+00
  2.917287E+00  5.893557E+00 -5.341009E+00
  2.918084E+00  5.920230E+00 -5.347059E+00
  2.917287E+00  5.935010E+00 -5.341009E+00
Slice   =    162 , Freq(kT, average of all copies)              =   0.2843
Orbit # =      0 , Freq(kT, this largest copy used for outline) =   0.2884
Points  =     41
  kx            ky            kz
  4.505230E+00  5.932002E+00 -2.688439E+00
  4.501533E+00  5.930873E+00 -2.660358E+00
  4.500539E+00  5.923013E+00 -2.652809E+00
  4.497836E+00  5.908424E+00 -2.632277E+00
  4.496308E+00  5.894690E+00 -2.620669E+00
  4.494140E+00  5.877499E+00 -2.604196E+00
  4.493109E+00  5.866367E+00 -2.596370E+00
  4.490541E+00  5.838044E+00 -2.576860E+00
  4.490443E+00  5.837180E+00 -2.576115E+00
  4.488398E+00  5.809721E+00 -2.560587E+00
  4.486746E+00  5.793271E+00 -2.548035E+00
  4.485463E+00  5.781398E+00 -2.538295E+00
  4.483049E+00  5.761635E+00 -2.519954E+00
  4.482307E+00  5.753074E+00 -2.514321E+00
  4.479669E+00  5.724751E+00 -2.494278E+00
  4.479352E+00  5.713429E+00 -2.491873E+00
  4.478737E+00  5.696428E+00 -2.487204E+00
  4.476795E+00  5.668105E+00 -2.472448E+00
  4.475655E+00  5.644950E+00 -2.463792E+00
  4.475340E+00  5.639782E+00 -2.461399E+00
  4.475655E+00  5.633162E+00 -2.463792E+00
  4.479352E+00  5.626426E+00 -2.491873E+00
  4.483049E+00  5.631165E+00 -2.519954E+00
  4.485075E+00  5.639782E+00 -2.535342E+00
  4.486746E+00  5.646125E+00 -2.548035E+00
  4.488458E+00  5.668105E+00 -2.561038E+00
  4.490443E+00  5.695625E+00 -2.576115E+00
  4.490506E+00  5.696428E+00 -2.576593E+00
  4.492998E+00  5.724751E+00 -2.595522E+00
  4.494140E+00  5.734069E+00 -2.604196E+00
  4.496453E+00  5.753074E+00 -2.621771E+00
  4.497836E+00  5.763484E+00 -2.632277E+00
  4.499247E+00  5.781398E+00 -2.642989E+00
  4.500809E+00  5.809721E+00 -2.654854E+00
  4.501533E+00  5.821770E+00 -2.660358E+00
  4.502813E+00  5.838044E+00 -2.670080E+00
  4.505230E+00  5.865296E+00 -2.688439E+00
  4.505315E+00  5.866367E+00 -2.689081E+00
  4.507405E+00  5.894690E+00 -2.704959E+00
  4.507743E+00  5.923013E+00 -2.707525E+00
  4.505230E+00  5.932002E+00 -2.688439E+00
Slice   =     83 , Freq(kT, average of all copies)              =   0.2864
Orbit # =      0 , Freq(kT, this largest copy used for outline) =   0.2928
Points  =     45
  kx            ky            kz
 -4.051147E+00  8.556826E-02 -6.530362E+00
 -4.052565E+00  8.357789E-02 -6.519585E+00
 -4.054843E+00  7.654913E-02 -6.502281E+00
 -4.058540E+00  6.978728E-02 -6.474200E+00
 -4.062237E+00  6.246609E-02 -6.446119E+00
 -4.062878E+00  5.525476E-02 -6.441251E+00
 -4.065934E+00  3.137598E-02 -6.418039E+00
 -4.066301E+00  2.693163E-02 -6.415252E+00
 -4.068228E+00 -1.391506E-03 -6.400618E+00
 -4.069631E+00 -1.666334E-02 -6.389958E+00
 -4.070582E+00 -2.971464E-02 -6.382738E+00
 -4.073328E+00 -5.660976E-02 -6.361877E+00
 -4.073432E+00 -5.803777E-02 -6.361087E+00
 -4.076067E+00 -8.636090E-02 -6.341076E+00
 -4.077025E+00 -1.000931E-01 -6.333796E+00
 -4.077896E+00 -1.146840E-01 -6.327177E+00
 -4.079525E+00 -1.430072E-01 -6.314808E+00
 -4.080722E+00 -1.563622E-01 -6.305715E+00
 -4.082361E+00 -1.713303E-01 -6.293266E+00
 -4.084419E+00 -1.943619E-01 -6.277634E+00
 -4.084885E+00 -1.996534E-01 -6.274094E+00
 -4.084419E+00 -2.197355E-01 -6.277634E+00
 -4.082594E+00 -2.279766E-01 -6.291497E+00
 -4.080722E+00 -2.324303E-01 -6.305715E+00
 -4.079740E+00 -2.279766E-01 -6.313172E+00
 -4.077025E+00 -2.158880E-01 -6.333796E+00
 -4.073460E+00 -1.996534E-01 -6.360876E+00
 -4.073328E+00 -1.992312E-01 -6.361877E+00
 -4.070100E+00 -1.713303E-01 -6.386395E+00
 -4.069631E+00 -1.673146E-01 -6.389958E+00
 -4.068059E+00 -1.430072E-01 -6.401900E+00
 -4.065934E+00 -1.168344E-01 -6.418039E+00
 -4.065724E+00 -1.146840E-01 -6.419639E+00
 -4.062362E+00 -8.636090E-02 -6.445173E+00
 -4.062237E+00 -8.525933E-02 -6.446119E+00
 -4.059808E+00 -5.803777E-02 -6.464568E+00
 -4.058540E+00 -4.081130E-02 -6.474200E+00
 -4.057618E+00 -2.971464E-02 -6.481206E+00
 -4.055915E+00 -1.391506E-03 -6.494143E+00
 -4.054843E+00  1.168336E-02 -6.502281E+00
 -4.053221E+00  2.693163E-02 -6.514605E+00
 -4.051147E+00  5.328539E-02 -6.530362E+00
 -4.051041E+00  5.525476E-02 -6.531167E+00
 -4.050929E+00  8.357789E-02 -6.532013E+00
 -4.051147E+00  8.556826E-02 -6.530362E+00
Slice   =     97 , Freq(kT, average of all copies)              =   0.3572
Orbit # =      0 , Freq(kT, this largest copy used for outline) =   0.3624
Points  =     43
  kx            ky            kz
  2.986820E+00  5.327312E+00 -6.825003E+00
  2.985833E+00  5.324053E+00 -6.817506E+00
  2.983123E+00  5.319484E+00 -6.796922E+00
  2.979427E+00  5.314066E+00 -6.768841E+00
  2.975730E+00  5.297728E+00 -6.740760E+00
  2.975547E+00  5.295730E+00 -6.739377E+00
  2.975730E+00  5.285207E+00 -6.740760E+00
  2.976421E+00  5.267407E+00 -6.746014E+00
  2.975730E+00  5.262710E+00 -6.740760E+00
  2.973795E+00  5.239084E+00 -6.726069E+00
  2.972033E+00  5.211527E+00 -6.712680E+00
  2.971985E+00  5.210760E+00 -6.712317E+00
  2.971188E+00  5.182437E+00 -6.706265E+00
  2.968783E+00  5.154114E+00 -6.687994E+00
  2.968851E+00  5.125791E+00 -6.688513E+00
  2.968336E+00  5.119628E+00 -6.684599E+00
  2.966443E+00  5.097468E+00 -6.670224E+00
  2.965190E+00  5.069145E+00 -6.660702E+00
  2.965113E+00  5.040822E+00 -6.660116E+00
  2.964639E+00  5.021366E+00 -6.656518E+00
  2.964426E+00  5.012499E+00 -6.654901E+00
  2.964639E+00  5.010934E+00 -6.656518E+00
  2.968336E+00  5.007362E+00 -6.684599E+00
  2.972033E+00  5.009024E+00 -6.712680E+00
  2.973082E+00  5.012499E+00 -6.720648E+00
  2.975730E+00  5.025102E+00 -6.740760E+00
  2.978152E+00  5.040822E+00 -6.759161E+00
  2.979427E+00  5.047502E+00 -6.768841E+00
  2.983123E+00  5.068866E+00 -6.796922E+00
  2.983149E+00  5.069145E+00 -6.797117E+00
  2.983123E+00  5.070181E+00 -6.796922E+00
  2.982347E+00  5.097468E+00 -6.791023E+00
  2.983123E+00  5.105031E+00 -6.796922E+00
  2.984983E+00  5.125791E+00 -6.811046E+00
  2.986056E+00  5.154114E+00 -6.819193E+00
  2.986609E+00  5.182437E+00 -6.823397E+00
  2.986820E+00  5.184964E+00 -6.825003E+00
  2.988300E+00  5.210760E+00 -6.836239E+00
  2.987600E+00  5.239084E+00 -6.830925E+00
  2.989925E+00  5.267407E+00 -6.848586E+00
  2.987579E+00  5.295730E+00 -6.830765E+00
  2.987109E+00  5.324053E+00 -6.827198E+00
  2.986820E+00  5.327312E+00 -6.825003E+00
Slice   =    137 , Freq(kT, average of all copies)              =   0.3586
Orbit # =      0 , Freq(kT, this largest copy used for outline) =   0.3644
Points  =     39
  kx            ky            kz
  2.361857E+00  3.840056E+00 -1.753555E+00
  2.358160E+00  3.846963E+00 -1.725474E+00
  2.354463E+00  3.842195E+00 -1.697393E+00
  2.350766E+00  3.830044E+00 -1.669312E+00
  2.350335E+00  3.826406E+00 -1.666040E+00
  2.347069E+00  3.810830E+00 -1.641231E+00
  2.345630E+00  3.798083E+00 -1.630303E+00
  2.343372E+00  3.775297E+00 -1.613150E+00
  2.342918E+00  3.769760E+00 -1.609704E+00
  2.343126E+00  3.741436E+00 -1.611281E+00
  2.340757E+00  3.713113E+00 -1.593289E+00
  2.340309E+00  3.684790E+00 -1.589884E+00
  2.339675E+00  3.672981E+00 -1.585070E+00
  2.338925E+00  3.656467E+00 -1.579372E+00
  2.338371E+00  3.628144E+00 -1.575163E+00
  2.338095E+00  3.599821E+00 -1.573068E+00
  2.336320E+00  3.571498E+00 -1.559584E+00
  2.338829E+00  3.543174E+00 -1.578641E+00
  2.339675E+00  3.532088E+00 -1.585070E+00
  2.343372E+00  3.530813E+00 -1.613150E+00
  2.347069E+00  3.540165E+00 -1.641231E+00
  2.347355E+00  3.543174E+00 -1.643404E+00
  2.350102E+00  3.571498E+00 -1.664270E+00
  2.350766E+00  3.580945E+00 -1.669312E+00
  2.351394E+00  3.599821E+00 -1.674082E+00
  2.354463E+00  3.627380E+00 -1.697393E+00
  2.354527E+00  3.628144E+00 -1.697879E+00
  2.354463E+00  3.634661E+00 -1.697393E+00
  2.354104E+00  3.656467E+00 -1.694665E+00
  2.354463E+00  3.660522E+00 -1.697393E+00
  2.356866E+00  3.684790E+00 -1.715650E+00
  2.357172E+00  3.713113E+00 -1.717974E+00
  2.358160E+00  3.728030E+00 -1.725474E+00
  2.359073E+00  3.741436E+00 -1.732409E+00
  2.360465E+00  3.769760E+00 -1.742982E+00
  2.360946E+00  3.798083E+00 -1.746642E+00
  2.361857E+00  3.807331E+00 -1.753555E+00
  2.362973E+00  3.826406E+00 -1.762032E+00
  2.361857E+00  3.840056E+00 -1.753555E+00
Slice   =    174 , Freq(kT, average of all copies)              =   0.9190
Orbit # =      0 , Freq(kT, this largest copy used for outline) =   0.9356
Points  =     73
  kx            ky            kz
  6.205918E+00  6.807367E+00 -3.603538E+00
  6.203774E+00  6.800335E+00 -3.587249E+00
  6.202221E+00  6.795600E+00 -3.575457E+00
  6.199697E+00  6.800335E+00 -3.556281E+00
  6.198524E+00  6.802072E+00 -3.547376E+00
  6.194827E+00  6.802262E+00 -3.519295E+00
  6.191131E+00  6.801936E+00 -3.491214E+00
  6.190377E+00  6.800335E+00 -3.485493E+00
  6.187434E+00  6.791633E+00 -3.463134E+00
  6.183737E+00  6.791686E+00 -3.435053E+00
  6.180040E+00  6.782058E+00 -3.406972E+00
  6.176343E+00  6.779306E+00 -3.378891E+00
  6.173168E+00  6.772011E+00 -3.354774E+00
  6.172646E+00  6.770520E+00 -3.350810E+00
  6.168949E+00  6.758018E+00 -3.322729E+00
  6.165252E+00  6.762511E+00 -3.294649E+00
  6.161555E+00  6.762823E+00 -3.266568E+00
  6.157858E+00  6.746133E+00 -3.238487E+00
  6.157503E+00  6.743688E+00 -3.235788E+00
  6.154161E+00  6.736735E+00 -3.210406E+00
  6.150465E+00  6.732241E+00 -3.182325E+00
  6.147957E+00  6.715365E+00 -3.163281E+00
  6.146768E+00  6.698500E+00 -3.154245E+00
  6.143447E+00  6.687042E+00 -3.129025E+00
  6.143071E+00  6.686345E+00 -3.126164E+00
  6.139374E+00  6.669295E+00 -3.098083E+00
  6.138558E+00  6.658719E+00 -3.091884E+00
  6.135677E+00  6.637578E+00 -3.070002E+00
  6.131980E+00  6.634860E+00 -3.041921E+00
  6.131154E+00  6.630396E+00 -3.035647E+00
  6.129977E+00  6.602073E+00 -3.026709E+00
  6.128283E+00  6.588884E+00 -3.013840E+00
  6.124586E+00  6.579367E+00 -2.985760E+00
  6.123263E+00  6.573750E+00 -2.975709E+00
  6.123325E+00  6.545426E+00 -2.976177E+00
  6.120889E+00  6.520042E+00 -2.957679E+00
  6.120058E+00  6.517103E+00 -2.951364E+00
  6.120889E+00  6.515154E+00 -2.957679E+00
  6.121402E+00  6.517103E+00 -2.961574E+00
  6.124586E+00  6.533564E+00 -2.985760E+00
  6.128283E+00  6.522869E+00 -3.013840E+00
  6.131980E+00  6.519635E+00 -3.041921E+00
  6.135677E+00  6.528644E+00 -3.070002E+00
  6.139374E+00  6.532883E+00 -3.098083E+00
  6.143071E+00  6.530721E+00 -3.126164E+00
  6.146768E+00  6.541783E+00 -3.154245E+00
  6.149167E+00  6.545426E+00 -3.172467E+00
  6.150465E+00  6.548131E+00 -3.182325E+00
  6.154161E+00  6.548320E+00 -3.210406E+00
  6.157858E+00  6.565736E+00 -3.238487E+00
  6.161555E+00  6.563356E+00 -3.266568E+00
  6.165252E+00  6.547157E+00 -3.294649E+00
  6.167885E+00  6.573750E+00 -3.314647E+00
  6.168949E+00  6.582333E+00 -3.322729E+00
  6.172646E+00  6.584976E+00 -3.350810E+00
  6.176343E+00  6.585624E+00 -3.378891E+00
  6.178264E+00  6.602073E+00 -3.393486E+00
  6.180040E+00  6.624835E+00 -3.406972E+00
  6.183737E+00  6.627331E+00 -3.435053E+00
  6.184241E+00  6.630396E+00 -3.438886E+00
  6.187434E+00  6.654275E+00 -3.463134E+00
  6.187844E+00  6.658719E+00 -3.466251E+00
  6.191131E+00  6.683170E+00 -3.491214E+00
  6.194827E+00  6.683074E+00 -3.519295E+00
  6.195269E+00  6.687042E+00 -3.522647E+00
  6.197209E+00  6.715365E+00 -3.537386E+00
  6.198524E+00  6.735764E+00 -3.547376E+00
  6.201541E+00  6.743688E+00 -3.570290E+00
  6.202221E+00  6.746417E+00 -3.575457E+00
  6.205918E+00  6.761303E+00 -3.603538E+00
  6.206375E+00  6.772011E+00 -3.607008E+00
  6.206873E+00  6.800335E+00 -3.610791E+00
  6.205918E+00  6.807367E+00 -3.603538E+00
Theta(deg) =   0.000000 , Phi(deg) =  85.000000 , Number of orbits =     8 , (Angstrom^-1) units
Slice   =    103 , Freq(kT, average of all copies)              =   0.2343
Orbit # =      0 , Freq(kT, this largest copy used for outline) =   0.2399
Points  =     39
  kx            ky            kz
 -1.030310E+00  4.177514E+00 -7.243557E+00
 -1.031675E+00  4.163500E+00 -7.227950E+00
 -1.032778E+00  4.154032E+00 -7.215342E+00
 -1.034327E+00  4.135177E+00 -7.197646E+00
 -1.035247E+00  4.126241E+00 -7.187127E+00
 -1.036606E+00  4.106854E+00 -7.171596E+00
 -1.037716E+00  4.094373E+00 -7.158911E+00
 -1.038963E+00  4.078531E+00 -7.144649E+00
 -1.040184E+00  4.060773E+00 -7.130696E+00
 -1.040820E+00  4.050208E+00 -7.123427E+00
 -1.042239E+00  4.021885E+00 -7.107210E+00
 -1.042653E+00  4.014045E+00 -7.102481E+00
 -1.043572E+00  3.993562E+00 -7.091969E+00
 -1.045121E+00  3.967801E+00 -7.074265E+00
 -1.045325E+00  3.965238E+00 -7.071939E+00
 -1.047261E+00  3.936915E+00 -7.049811E+00
 -1.047590E+00  3.928571E+00 -7.046050E+00
 -1.048188E+00  3.908592E+00 -7.039214E+00
 -1.048021E+00  3.880269E+00 -7.041119E+00
 -1.047590E+00  3.873723E+00 -7.046050E+00
 -1.045121E+00  3.879879E+00 -7.074265E+00
 -1.045091E+00  3.880269E+00 -7.074612E+00
 -1.042653E+00  3.903296E+00 -7.102481E+00
 -1.042277E+00  3.908592E+00 -7.106769E+00
 -1.040184E+00  3.930815E+00 -7.130696E+00
 -1.039650E+00  3.936915E+00 -7.136800E+00
 -1.037716E+00  3.956955E+00 -7.158911E+00
 -1.037183E+00  3.965238E+00 -7.165003E+00
 -1.035910E+00  3.993562E+00 -7.179550E+00
 -1.035247E+00  4.008041E+00 -7.187127E+00
 -1.034576E+00  4.021885E+00 -7.194802E+00
 -1.032884E+00  4.050208E+00 -7.214139E+00
 -1.032778E+00  4.052018E+00 -7.215342E+00
 -1.030825E+00  4.078531E+00 -7.237674E+00
 -1.030310E+00  4.085939E+00 -7.243557E+00
 -1.029344E+00  4.106854E+00 -7.254595E+00
 -1.028835E+00  4.135177E+00 -7.260419E+00
 -1.028602E+00  4.163500E+00 -7.263079E+00
 -1.030310E+00  4.177514E+00 -7.243557E+00
Slice   =     95 , Freq(kT, average of all copies)              =   0.2646
Orbit # =      0 , Freq(kT, this largest copy used for outline) =   0.2725
Points  =     33
  kx            ky            kz
  2.003501E-02  2.586121E+00 -5.612839E+00
  1.820142E-02  2.605032E+00 -5.591881E+00
  1.756649E-02  2.611484E+00 -5.584624E+00
  1.509796E-02  2.605969E+00 -5.556409E+00
  1.481254E-02  2.605032E+00 -5.553146E+00
  1.310228E-02  2.576709E+00 -5.533598E+00
  1.262944E-02  2.573345E+00 -5.528193E+00
  1.117833E-02  2.548386E+00 -5.511607E+00
  1.016091E-02  2.532167E+00 -5.499978E+00
  9.605086E-03  2.520063E+00 -5.493625E+00
  9.453024E-03  2.491740E+00 -5.491887E+00
  8.028884E-03  2.463417E+00 -5.475609E+00
  7.979035E-03  2.435094E+00 -5.475039E+00
  7.692391E-03  2.427771E+00 -5.471763E+00
  6.875253E-03  2.406770E+00 -5.462423E+00
  6.866499E-03  2.378447E+00 -5.462323E+00
  7.673578E-03  2.350124E+00 -5.471548E+00
  7.692391E-03  2.349679E+00 -5.471763E+00
  1.016091E-02  2.349645E+00 -5.499978E+00
  1.262944E-02  2.349784E+00 -5.528193E+00
  1.266011E-02  2.350124E+00 -5.528544E+00
  1.509796E-02  2.361272E+00 -5.556409E+00
  1.621933E-02  2.378447E+00 -5.569226E+00
  1.617553E-02  2.406770E+00 -5.568725E+00
  1.756649E-02  2.424555E+00 -5.584624E+00
  1.820941E-02  2.435094E+00 -5.591973E+00
  1.809919E-02  2.463417E+00 -5.590713E+00
  1.899748E-02  2.491740E+00 -5.600980E+00
  1.986076E-02  2.520063E+00 -5.610848E+00
  1.946603E-02  2.548386E+00 -5.606336E+00
  2.003501E-02  2.562794E+00 -5.612839E+00
  2.052678E-02  2.576709E+00 -5.618460E+00
  2.003501E-02  2.586121E+00 -5.612839E+00
Slice   =    216 , Freq(kT, average of all copies)              =   0.2823
Orbit # =      0 , Freq(kT, this largest copy used for outline) =   0.2910
Points  =     43
  kx            ky            kz
  7.430156E+00  9.358911E+00 -5.934358E+00
  7.427687E+00  9.357587E+00 -5.906143E+00
  7.425219E+00  9.355270E+00 -5.877928E+00
  7.424862E+00  9.350808E+00 -5.873848E+00
  7.422750E+00  9.332356E+00 -5.849712E+00
  7.422072E+00  9.322485E+00 -5.841963E+00
  7.420282E+00  9.302958E+00 -5.821497E+00
  7.419759E+00  9.294162E+00 -5.815525E+00
  7.418207E+00  9.265839E+00 -5.797783E+00
  7.417813E+00  9.259454E+00 -5.793282E+00
  7.416845E+00  9.237515E+00 -5.782219E+00
  7.415345E+00  9.210231E+00 -5.765066E+00
  7.415278E+00  9.209192E+00 -5.764299E+00
  7.413235E+00  9.180869E+00 -5.740953E+00
  7.412876E+00  9.174449E+00 -5.736851E+00
  7.411779E+00  9.152546E+00 -5.724305E+00
  7.410448E+00  9.124223E+00 -5.709100E+00
  7.410408E+00  9.123404E+00 -5.708635E+00
  7.409117E+00  9.095900E+00 -5.693886E+00
  7.407939E+00  9.072259E+00 -5.680420E+00
  7.407695E+00  9.067577E+00 -5.677629E+00
  7.407939E+00  9.057141E+00 -5.680420E+00
  7.410408E+00  9.048796E+00 -5.708635E+00
  7.412876E+00  9.053521E+00 -5.736851E+00
  7.415345E+00  9.065394E+00 -5.765066E+00
  7.415439E+00  9.067577E+00 -5.766146E+00
  7.416906E+00  9.095900E+00 -5.782913E+00
  7.417813E+00  9.113132E+00 -5.793282E+00
  7.418335E+00  9.124223E+00 -5.799249E+00
  7.420073E+00  9.152546E+00 -5.819117E+00
  7.420282E+00  9.155164E+00 -5.821497E+00
  7.422317E+00  9.180869E+00 -5.844765E+00
  7.422750E+00  9.185729E+00 -5.849712E+00
  7.423922E+00  9.209192E+00 -5.863107E+00
  7.425012E+00  9.237515E+00 -5.875560E+00
  7.425219E+00  9.242470E+00 -5.877928E+00
  7.426336E+00  9.265839E+00 -5.890699E+00
  7.427687E+00  9.291172E+00 -5.906143E+00
  7.427874E+00  9.294162E+00 -5.908273E+00
  7.429714E+00  9.322485E+00 -5.929314E+00
  7.430156E+00  9.337210E+00 -5.934358E+00
  7.430417E+00  9.350808E+00 -5.937345E+00
  7.430156E+00  9.358911E+00 -5.934358E+00
Slice   =     41 , Freq(kT, average of all copies)              =   0.2828
Orbit # =      0 , Freq(kT, this largest copy used for outline) =   0.2843
Points  =     45
  kx            ky            kz
 -2.866060E+00  2.010754E+00 -5.365364E+00
 -2.866413E+00  2.009551E+00 -5.361336E+00
 -2.868529E+00  1.999263E+00 -5.337149E+00
 -2.870997E+00  1.997335E+00 -5.308934E+00
 -2.873466E+00  1.987144E+00 -5.280718E+00
 -2.873864E+00  1.981228E+00 -5.276164E+00
 -2.875934E+00  1.955037E+00 -5.252503E+00
 -2.876049E+00  1.952905E+00 -5.251189E+00
 -2.877371E+00  1.924581E+00 -5.236085E+00
 -2.878403E+00  1.906381E+00 -5.224287E+00
 -2.878901E+00  1.896258E+00 -5.218595E+00
 -2.880867E+00  1.867935E+00 -5.196117E+00
 -2.880871E+00  1.867881E+00 -5.196072E+00
 -2.882773E+00  1.839612E+00 -5.174332E+00
 -2.883340E+00  1.829850E+00 -5.167857E+00
 -2.884266E+00  1.811289E+00 -5.157277E+00
 -2.885501E+00  1.782966E+00 -5.143157E+00
 -2.885808E+00  1.777423E+00 -5.139641E+00
 -2.887292E+00  1.754643E+00 -5.122688E+00
 -2.888277E+00  1.739697E+00 -5.111426E+00
 -2.889049E+00  1.726320E+00 -5.102596E+00
 -2.889195E+00  1.697996E+00 -5.100933E+00
 -2.888277E+00  1.690096E+00 -5.111426E+00
 -2.885808E+00  1.690738E+00 -5.139641E+00
 -2.884652E+00  1.697996E+00 -5.152855E+00
 -2.883340E+00  1.705563E+00 -5.167857E+00
 -2.880871E+00  1.723626E+00 -5.196072E+00
 -2.880727E+00  1.726320E+00 -5.197725E+00
 -2.878981E+00  1.754643E+00 -5.217681E+00
 -2.878403E+00  1.764372E+00 -5.224287E+00
 -2.877612E+00  1.782966E+00 -5.233327E+00
 -2.876231E+00  1.811289E+00 -5.249115E+00
 -2.875934E+00  1.815450E+00 -5.252503E+00
 -2.874094E+00  1.839612E+00 -5.273536E+00
 -2.873466E+00  1.848098E+00 -5.280718E+00
 -2.872366E+00  1.867935E+00 -5.293293E+00
 -2.870997E+00  1.896044E+00 -5.308934E+00
 -2.870985E+00  1.896258E+00 -5.309078E+00
 -2.869947E+00  1.924581E+00 -5.320933E+00
 -2.868529E+00  1.952418E+00 -5.337149E+00
 -2.868498E+00  1.952905E+00 -5.337495E+00
 -2.867316E+00  1.981228E+00 -5.351016E+00
 -2.866060E+00  2.007169E+00 -5.365364E+00
 -2.865988E+00  2.009551E+00 -5.366187E+00
 -2.866060E+00  2.010754E+00 -5.365364E+00
Slice   =     45 , Freq(kT, average of all copies)              =   0.2839
Orbit # =      0 , Freq(kT, this largest copy used for outline) =   0.2909
Points  =     43
  kx            ky            kz
 -1.839244E-02  3.234417E+00 -7.273607E+00
 -2.044870E-02  3.226054E+00 -7.250104E+00
 -2.086096E-02  3.224029E+00 -7.245391E+00
 -2.332948E-02  3.224485E+00 -7.217176E+00
 -2.579801E-02  3.213047E+00 -7.188961E+00
 -2.686112E-02  3.197731E+00 -7.176809E+00
 -2.826653E-02  3.178691E+00 -7.160745E+00
 -2.879694E-02  3.169408E+00 -7.154683E+00
 -3.040419E-02  3.141085E+00 -7.136312E+00
 -3.073506E-02  3.135384E+00 -7.132530E+00
 -3.170873E-02  3.112761E+00 -7.121401E+00
 -3.320358E-02  3.089470E+00 -7.104315E+00
 -3.348697E-02  3.084438E+00 -7.101075E+00
 -3.531300E-02  3.056115E+00 -7.080204E+00
 -3.567210E-02  3.048940E+00 -7.076099E+00
 -3.661503E-02  3.027792E+00 -7.065322E+00
 -3.774999E-02  2.999469E+00 -7.052349E+00
 -3.814063E-02  2.991860E+00 -7.047884E+00
 -3.923773E-02  2.971146E+00 -7.035344E+00
 -4.060915E-02  2.949694E+00 -7.019669E+00
 -4.105533E-02  2.942823E+00 -7.014569E+00
 -4.060915E-02  2.925950E+00 -7.019669E+00
 -3.814063E-02  2.919017E+00 -7.047884E+00
 -3.567210E-02  2.928792E+00 -7.076099E+00
 -3.380182E-02  2.942823E+00 -7.097477E+00
 -3.320358E-02  2.946176E+00 -7.104315E+00
 -3.180832E-02  2.971146E+00 -7.120262E+00
 -3.073506E-02  2.991940E+00 -7.132530E+00
 -3.039100E-02  2.999469E+00 -7.136462E+00
 -2.871587E-02  3.027792E+00 -7.155609E+00
 -2.826653E-02  3.033864E+00 -7.160745E+00
 -2.645104E-02  3.056115E+00 -7.181496E+00
 -2.579801E-02  3.064230E+00 -7.188961E+00
 -2.464542E-02  3.084438E+00 -7.202135E+00
 -2.332948E-02  3.109802E+00 -7.217176E+00
 -2.314383E-02  3.112761E+00 -7.219298E+00
 -2.197122E-02  3.141085E+00 -7.232701E+00
 -2.086096E-02  3.160329E+00 -7.245391E+00
 -2.016200E-02  3.169408E+00 -7.253381E+00
 -1.863832E-02  3.197731E+00 -7.270796E+00
 -1.839244E-02  3.204064E+00 -7.273607E+00
 -1.796055E-02  3.226054E+00 -7.278543E+00
 -1.839244E-02  3.234417E+00 -7.273607E+00
Slice   =    192 , Freq(kT, average of all copies)              =   0.3417
Orbit # =      0 , Freq(kT, this largest copy used for outline) =   0.3479
Points  =     47
  kx            ky            kz
  5.289312E+00  5.331837E+00 -2.890441E+00
  5.288474E+00  5.328228E+00 -2.880870E+00
  5.286843E+00  5.321873E+00 -2.862226E+00
  5.285154E+00  5.328228E+00 -2.842915E+00
  5.284375E+00  5.330762E+00 -2.834011E+00
  5.284261E+00  5.328228E+00 -2.832709E+00
  5.281906E+00  5.304785E+00 -2.805795E+00
  5.281629E+00  5.299904E+00 -2.802632E+00
  5.281779E+00  5.271581E+00 -2.804345E+00
  5.280461E+00  5.243258E+00 -2.789271E+00
  5.279438E+00  5.222089E+00 -2.777580E+00
  5.279125E+00  5.214935E+00 -2.774001E+00
  5.278624E+00  5.186612E+00 -2.768277E+00
  5.276969E+00  5.158292E+00 -2.749365E+00
  5.276969E+00  5.158289E+00 -2.749363E+00
  5.276969E+00  5.158206E+00 -2.749365E+00
  5.277039E+00  5.129966E+00 -2.750167E+00
  5.276969E+00  5.128634E+00 -2.749365E+00
  5.275603E+00  5.101642E+00 -2.733746E+00
  5.274501E+00  5.075238E+00 -2.721149E+00
  5.274429E+00  5.073319E+00 -2.720326E+00
  5.274501E+00  5.063083E+00 -2.721149E+00
  5.274801E+00  5.044996E+00 -2.724579E+00
  5.274501E+00  5.034271E+00 -2.721149E+00
  5.274046E+00  5.016673E+00 -2.715949E+00
  5.274501E+00  5.010597E+00 -2.721149E+00
  5.276969E+00  5.007502E+00 -2.749365E+00
  5.279438E+00  5.011941E+00 -2.777580E+00
  5.280214E+00  5.016673E+00 -2.786459E+00
  5.281906E+00  5.030185E+00 -2.805795E+00
  5.283156E+00  5.044996E+00 -2.820077E+00
  5.284375E+00  5.055490E+00 -2.834011E+00
  5.285684E+00  5.073319E+00 -2.848978E+00
  5.285853E+00  5.101642E+00 -2.850908E+00
  5.286843E+00  5.115596E+00 -2.862226E+00
  5.287647E+00  5.129966E+00 -2.871417E+00
  5.287478E+00  5.158289E+00 -2.869480E+00
  5.288284E+00  5.186612E+00 -2.878690E+00
  5.289256E+00  5.214935E+00 -2.889810E+00
  5.288808E+00  5.243258E+00 -2.884681E+00
  5.289312E+00  5.250644E+00 -2.890441E+00
  5.290222E+00  5.271581E+00 -2.900842E+00
  5.289312E+00  5.294557E+00 -2.890441E+00
  5.288685E+00  5.299904E+00 -2.883279E+00
  5.289312E+00  5.319621E+00 -2.890441E+00
  5.289519E+00  5.328228E+00 -2.892810E+00
  5.289312E+00  5.331837E+00 -2.890441E+00
Slice   =     36 , Freq(kT, average of all copies)              =   0.3420
Orbit # =      0 , Freq(kT, this largest copy used for outline) =   0.3493
Points  =     41
  kx            ky            kz
 -3.093535E+00  1.207063E+00 -4.390169E+00
 -3.096004E+00  1.216211E+00 -4.361954E+00
 -3.096515E+00  1.216503E+00 -4.356109E+00
 -3.098472E+00  1.217086E+00 -4.333739E+00
 -3.098575E+00  1.216503E+00 -4.332563E+00
 -3.100941E+00  1.196190E+00 -4.305523E+00
 -3.101569E+00  1.188180E+00 -4.298343E+00
 -3.103409E+00  1.172364E+00 -4.277308E+00
 -3.104289E+00  1.159857E+00 -4.267251E+00
 -3.105607E+00  1.131534E+00 -4.252187E+00
 -3.105662E+00  1.103211E+00 -4.251562E+00
 -3.105878E+00  1.099233E+00 -4.249093E+00
 -3.107097E+00  1.074887E+00 -4.235157E+00
 -3.106991E+00  1.046564E+00 -4.236373E+00
 -3.108249E+00  1.018241E+00 -4.221990E+00
 -3.108206E+00  9.899181E-01 -4.222485E+00
 -3.108346E+00  9.862167E-01 -4.220877E+00
 -3.108990E+00  9.615950E-01 -4.213525E+00
 -3.108607E+00  9.332718E-01 -4.217902E+00
 -3.108585E+00  9.049487E-01 -4.218146E+00
 -3.108346E+00  8.985189E-01 -4.220877E+00
 -3.105878E+00  8.966021E-01 -4.249093E+00
 -3.103409E+00  9.048557E-01 -4.277308E+00
 -3.103407E+00  9.049487E-01 -4.277339E+00
 -3.100941E+00  9.248820E-01 -4.305523E+00
 -3.100495E+00  9.332718E-01 -4.310622E+00
 -3.100533E+00  9.615950E-01 -4.310184E+00
 -3.098472E+00  9.884818E-01 -4.333739E+00
 -3.098395E+00  9.899181E-01 -4.334618E+00
 -3.098472E+00  1.002785E+00 -4.333739E+00
 -3.098627E+00  1.018241E+00 -4.331966E+00
 -3.098472E+00  1.021415E+00 -4.333739E+00
 -3.097252E+00  1.046564E+00 -4.347684E+00
 -3.096379E+00  1.074887E+00 -4.357663E+00
 -3.096004E+00  1.091302E+00 -4.361954E+00
 -3.095689E+00  1.103211E+00 -4.365550E+00
 -3.094335E+00  1.131534E+00 -4.381029E+00
 -3.094338E+00  1.159857E+00 -4.380990E+00
 -3.093535E+00  1.172078E+00 -4.390169E+00
 -3.092841E+00  1.188180E+00 -4.398100E+00
 -3.093535E+00  1.207063E+00 -4.390169E+00
Slice   =     10 , Freq(kT, average of all copies)              =   1.0036
Orbit # =      0 , Freq(kT, this largest copy used for outline) =   1.0246
Points  =     79
  kx            ky            kz
 -3.883911E+00 -1.069951E+00 -2.239841E+00
 -3.885221E+00 -1.077671E+00 -2.224864E+00
 -3.886379E+00 -1.087988E+00 -2.211626E+00
 -3.888848E+00 -1.086994E+00 -2.183411E+00
 -3.891316E+00 -1.085900E+00 -2.155195E+00
 -3.893785E+00 -1.096060E+00 -2.126980E+00
 -3.896253E+00 -1.092113E+00 -2.098765E+00
 -3.898685E+00 -1.105994E+00 -2.070964E+00
 -3.898722E+00 -1.106108E+00 -2.070549E+00
 -3.901190E+00 -1.114125E+00 -2.042334E+00
 -3.903659E+00 -1.113967E+00 -2.014119E+00
 -3.906127E+00 -1.123325E+00 -1.985903E+00
 -3.907811E+00 -1.134317E+00 -1.966658E+00
 -3.908596E+00 -1.136353E+00 -1.957688E+00
 -3.909883E+00 -1.134317E+00 -1.942970E+00
 -3.911064E+00 -1.132021E+00 -1.929473E+00
 -3.913533E+00 -1.123786E+00 -1.901257E+00
 -3.916001E+00 -1.132657E+00 -1.873042E+00
 -3.916228E+00 -1.134317E+00 -1.870449E+00
 -3.918470E+00 -1.152418E+00 -1.844826E+00
 -3.920938E+00 -1.154200E+00 -1.816611E+00
 -3.922396E+00 -1.162640E+00 -1.799953E+00
 -3.923407E+00 -1.177257E+00 -1.788396E+00
 -3.924145E+00 -1.190963E+00 -1.779964E+00
 -3.925875E+00 -1.199106E+00 -1.760180E+00
 -3.928344E+00 -1.213428E+00 -1.731965E+00
 -3.928854E+00 -1.219286E+00 -1.726133E+00
 -3.930579E+00 -1.247609E+00 -1.706417E+00
 -3.930812E+00 -1.249449E+00 -1.703750E+00
 -3.933281E+00 -1.257660E+00 -1.675534E+00
 -3.934857E+00 -1.275932E+00 -1.657524E+00
 -3.935750E+00 -1.290158E+00 -1.647319E+00
 -3.938218E+00 -1.298837E+00 -1.619104E+00
 -3.938993E+00 -1.304256E+00 -1.610244E+00
 -3.940232E+00 -1.332579E+00 -1.596082E+00
 -3.940687E+00 -1.345656E+00 -1.590888E+00
 -3.943155E+00 -1.357789E+00 -1.562673E+00
 -3.943548E+00 -1.360902E+00 -1.558178E+00
 -3.943155E+00 -1.374655E+00 -1.562673E+00
 -3.941222E+00 -1.389225E+00 -1.584770E+00
 -3.940687E+00 -1.391470E+00 -1.590888E+00
 -3.940283E+00 -1.389225E+00 -1.595500E+00
 -3.938218E+00 -1.375061E+00 -1.619104E+00
 -3.935750E+00 -1.378609E+00 -1.647319E+00
 -3.933281E+00 -1.381845E+00 -1.675534E+00
 -3.930812E+00 -1.370343E+00 -1.703750E+00
 -3.928344E+00 -1.366237E+00 -1.731965E+00
 -3.925875E+00 -1.367588E+00 -1.760180E+00
 -3.924967E+00 -1.360902E+00 -1.770564E+00
 -3.923407E+00 -1.351842E+00 -1.788396E+00
 -3.920938E+00 -1.346341E+00 -1.816611E+00
 -3.918470E+00 -1.348303E+00 -1.844826E+00
 -3.917023E+00 -1.332579E+00 -1.861359E+00
 -3.916001E+00 -1.326395E+00 -1.873042E+00
 -3.913533E+00 -1.331223E+00 -1.901257E+00
 -3.913326E+00 -1.332579E+00 -1.903617E+00
 -3.911064E+00 -1.343653E+00 -1.929473E+00
 -3.909876E+00 -1.332579E+00 -1.943058E+00
 -3.908596E+00 -1.308073E+00 -1.957688E+00
 -3.906127E+00 -1.313324E+00 -1.985903E+00
 -3.903659E+00 -1.311044E+00 -2.014119E+00
 -3.903039E+00 -1.304256E+00 -2.021205E+00
 -3.901765E+00 -1.275932E+00 -2.035759E+00
 -3.901190E+00 -1.268584E+00 -2.042334E+00
 -3.898722E+00 -1.267226E+00 -2.070549E+00
 -3.896324E+00 -1.247609E+00 -2.097951E+00
 -3.896253E+00 -1.246657E+00 -2.098765E+00
 -3.894304E+00 -1.219286E+00 -2.121041E+00
 -3.893785E+00 -1.213858E+00 -2.126980E+00
 -3.891316E+00 -1.211583E+00 -2.155195E+00
 -3.890030E+00 -1.190963E+00 -2.169897E+00
 -3.888848E+00 -1.168524E+00 -2.183411E+00
 -3.887948E+00 -1.162640E+00 -2.193692E+00
 -3.886379E+00 -1.149915E+00 -2.211626E+00
 -3.883911E+00 -1.144840E+00 -2.239841E+00
 -3.883386E+00 -1.134317E+00 -2.245833E+00
 -3.882668E+00 -1.105994E+00 -2.254046E+00
 -3.882471E+00 -1.077671E+00 -2.256294E+00
 -3.883911E+00 -1.069951E+00 -2.239841E+00
Theta(deg) =   0.000000 , Phi(deg) =  87.500000 , Number of orbits =    10 , (Angstrom^-1) units
Slice   =    185 , Freq(kT, average of all copies)              =   0.2416
Orbit # =      0 , Freq(kT, this largest copy used for outline) =   0.2454
Points  =     39
  kx            ky            kz
 -3.069601E-01  4.968447E+00 -7.834358E+00
 -3.075864E-01  4.958635E+00 -7.820014E+00
 -3.081956E-01  4.950022E+00 -7.806062E+00
 -3.090282E-01  4.930312E+00 -7.786993E+00
 -3.094310E-01  4.922657E+00 -7.777766E+00
 -3.101367E-01  4.901989E+00 -7.761604E+00
 -3.106664E-01  4.890412E+00 -7.749470E+00
 -3.113111E-01  4.873666E+00 -7.734706E+00
 -3.119019E-01  4.858269E+00 -7.721174E+00
 -3.123408E-01  4.845343E+00 -7.711120E+00
 -3.131373E-01  4.820353E+00 -7.692878E+00
 -3.132232E-01  4.817020E+00 -7.690911E+00
 -3.136938E-01  4.788697E+00 -7.680132E+00
 -3.143202E-01  4.760373E+00 -7.665786E+00
 -3.143728E-01  4.758280E+00 -7.664581E+00
 -3.152887E-01  4.732050E+00 -7.643603E+00
 -3.156082E-01  4.721859E+00 -7.636285E+00
 -3.161296E-01  4.703727E+00 -7.624342E+00
 -3.167254E-01  4.675404E+00 -7.610696E+00
 -3.156082E-01  4.649628E+00 -7.636285E+00
 -3.143728E-01  4.669466E+00 -7.664581E+00
 -3.141481E-01  4.675404E+00 -7.669728E+00
 -3.131373E-01  4.695941E+00 -7.692878E+00
 -3.128178E-01  4.703727E+00 -7.700195E+00
 -3.119019E-01  4.723017E+00 -7.721174E+00
 -3.115481E-01  4.732050E+00 -7.729277E+00
 -3.106664E-01  4.754999E+00 -7.749470E+00
 -3.105090E-01  4.760373E+00 -7.753076E+00
 -3.099101E-01  4.788697E+00 -7.766793E+00
 -3.094310E-01  4.809392E+00 -7.777766E+00
 -3.092246E-01  4.817020E+00 -7.782494E+00
 -3.083346E-01  4.845343E+00 -7.802879E+00
 -3.081956E-01  4.849798E+00 -7.806062E+00
 -3.074615E-01  4.873666E+00 -7.822875E+00
 -3.069601E-01  4.891612E+00 -7.834358E+00
 -3.067082E-01  4.901989E+00 -7.840128E+00
 -3.064697E-01  4.930312E+00 -7.845592E+00
 -3.063636E-01  4.958635E+00 -7.848022E+00
 -3.069601E-01  4.968447E+00 -7.834358E+00
Slice   =    146 , Freq(kT, average of all copies)              =   0.2537
Orbit # =      0 , Freq(kT, this largest copy used for outline) =   0.2582
Points  =     35
  kx            ky            kz
 -5.176287E-02  3.379742E+00 -7.514690E+00
 -5.276810E-02  3.398776E+00 -7.491667E+00
 -5.299830E-02  3.403226E+00 -7.486394E+00
 -5.399889E-02  3.398776E+00 -7.463477E+00
 -5.423374E-02  3.397161E+00 -7.458098E+00
 -5.499993E-02  3.370453E+00 -7.440549E+00
 -5.546918E-02  3.363543E+00 -7.429802E+00
 -5.605995E-02  3.342130E+00 -7.416271E+00
 -5.670462E-02  3.321316E+00 -7.401505E+00
 -5.687192E-02  3.313806E+00 -7.397674E+00
 -5.670462E-02  3.287573E+00 -7.401505E+00
 -5.668274E-02  3.285483E+00 -7.402007E+00
 -5.670462E-02  3.284787E+00 -7.401505E+00
 -5.741366E-02  3.257160E+00 -7.385266E+00
 -5.749724E-02  3.228837E+00 -7.383351E+00
 -5.782678E-02  3.200514E+00 -7.375804E+00
 -5.794005E-02  3.181595E+00 -7.373209E+00
 -5.798346E-02  3.172191E+00 -7.372215E+00
 -5.794005E-02  3.166019E+00 -7.373209E+00
 -5.708436E-02  3.143868E+00 -7.392808E+00
 -5.670462E-02  3.140685E+00 -7.401505E+00
 -5.546918E-02  3.136263E+00 -7.429802E+00
 -5.511875E-02  3.143868E+00 -7.437828E+00
 -5.423374E-02  3.151343E+00 -7.458098E+00
 -5.356861E-02  3.172191E+00 -7.473332E+00
 -5.362157E-02  3.200514E+00 -7.472119E+00
 -5.299830E-02  3.216935E+00 -7.486394E+00
 -5.262789E-02  3.228837E+00 -7.494878E+00
 -5.260674E-02  3.257160E+00 -7.495362E+00
 -5.223901E-02  3.285483E+00 -7.503785E+00
 -5.182458E-02  3.313806E+00 -7.513277E+00
 -5.202643E-02  3.342130E+00 -7.508653E+00
 -5.176287E-02  3.356125E+00 -7.514690E+00
 -5.152710E-02  3.370453E+00 -7.520090E+00
 -5.176287E-02  3.379742E+00 -7.514690E+00
Slice   =    170 , Freq(kT, average of all copies)              =   0.2805
Orbit # =      0 , Freq(kT, this largest copy used for outline) =   0.2856
Points  =     45
  kx            ky            kz
  5.482773E-01  4.113369E+00 -4.630380E+00
  5.477961E-01  4.109637E+00 -4.619358E+00
  5.470419E-01  4.103290E+00 -4.602084E+00
  5.458064E-01  4.100953E+00 -4.573788E+00
  5.445710E-01  4.085555E+00 -4.545492E+00
  5.444332E-01  4.081314E+00 -4.542335E+00
  5.433897E-01  4.052991E+00 -4.518436E+00
  5.433356E-01  4.051705E+00 -4.517195E+00
  5.426453E-01  4.024668E+00 -4.501386E+00
  5.421001E-01  4.003013E+00 -4.488899E+00
  5.419367E-01  3.996345E+00 -4.485156E+00
  5.410638E-01  3.968021E+00 -4.465164E+00
  5.408647E-01  3.962211E+00 -4.460603E+00
  5.400654E-01  3.939698E+00 -4.442298E+00
  5.396292E-01  3.926573E+00 -4.432307E+00
  5.391983E-01  3.911375E+00 -4.422436E+00
  5.384528E-01  3.883052E+00 -4.405362E+00
  5.383938E-01  3.879509E+00 -4.404011E+00
  5.379076E-01  3.854729E+00 -4.392875E+00
  5.372621E-01  3.826406E+00 -4.378089E+00
  5.371584E-01  3.801559E+00 -4.375715E+00
  5.371411E-01  3.798083E+00 -4.375319E+00
  5.371584E-01  3.797234E+00 -4.375715E+00
  5.383938E-01  3.790886E+00 -4.404011E+00
  5.395958E-01  3.798083E+00 -4.431541E+00
  5.396292E-01  3.798240E+00 -4.432307E+00
  5.408647E-01  3.818369E+00 -4.460603E+00
  5.410743E-01  3.826406E+00 -4.465404E+00
  5.419214E-01  3.854729E+00 -4.484806E+00
  5.421001E-01  3.860380E+00 -4.488899E+00
  5.426390E-01  3.883052E+00 -4.501243E+00
  5.433356E-01  3.908994E+00 -4.517195E+00
  5.434060E-01  3.911375E+00 -4.518809E+00
  5.444828E-01  3.939698E+00 -4.543471E+00
  5.445710E-01  3.942079E+00 -4.545492E+00
  5.451924E-01  3.968021E+00 -4.559725E+00
  5.458064E-01  3.994317E+00 -4.573788E+00
  5.458624E-01  3.996345E+00 -4.575069E+00
  5.463974E-01  4.024668E+00 -4.587322E+00
  5.470419E-01  4.050247E+00 -4.602084E+00
  5.471272E-01  4.052991E+00 -4.604039E+00
  5.477678E-01  4.081314E+00 -4.618711E+00
  5.482773E-01  4.103746E+00 -4.630380E+00
  5.483719E-01  4.109637E+00 -4.632546E+00
  5.482773E-01  4.113369E+00 -4.630380E+00
Slice   =     12 , Freq(kT, average of all copies)              =   0.2821
Orbit # =      0 , Freq(kT, this largest copy used for outline) =   0.2889
Points  =     45
  kx            ky            kz
 -7.986408E+00 -3.342287E+00 -4.646535E+00
 -7.987050E+00 -3.345608E+00 -4.631822E+00
 -7.987643E+00 -3.350819E+00 -4.618239E+00
 -7.988879E+00 -3.361366E+00 -4.589943E+00
 -7.990114E+00 -3.372652E+00 -4.561647E+00
 -7.990149E+00 -3.373931E+00 -4.560847E+00
 -7.991073E+00 -3.402255E+00 -4.539698E+00
 -7.991350E+00 -3.409013E+00 -4.533351E+00
 -7.991950E+00 -3.430578E+00 -4.519595E+00
 -7.992585E+00 -3.453194E+00 -4.505054E+00
 -7.992721E+00 -3.458901E+00 -4.501942E+00
 -7.993495E+00 -3.487224E+00 -4.484211E+00
 -7.993821E+00 -3.495859E+00 -4.476758E+00
 -7.994529E+00 -3.515547E+00 -4.460540E+00
 -7.995056E+00 -3.531342E+00 -4.448462E+00
 -7.995441E+00 -3.543870E+00 -4.439639E+00
 -7.996127E+00 -3.572193E+00 -4.423927E+00
 -7.996292E+00 -3.586519E+00 -4.420166E+00
 -7.996426E+00 -3.600516E+00 -4.417076E+00
 -7.996987E+00 -3.628840E+00 -4.404238E+00
 -7.997527E+00 -3.656293E+00 -4.391870E+00
 -7.997551E+00 -3.657163E+00 -4.391328E+00
 -7.997527E+00 -3.658384E+00 -4.391870E+00
 -7.996292E+00 -3.665585E+00 -4.420166E+00
 -7.995056E+00 -3.659372E+00 -4.448462E+00
 -7.994938E+00 -3.657163E+00 -4.451177E+00
 -7.993821E+00 -3.638196E+00 -4.476758E+00
 -7.993598E+00 -3.628840E+00 -4.481851E+00
 -7.992828E+00 -3.600516E+00 -4.499504E+00
 -7.992585E+00 -3.592258E+00 -4.505054E+00
 -7.992047E+00 -3.572193E+00 -4.517375E+00
 -7.991350E+00 -3.552917E+00 -4.533351E+00
 -7.991016E+00 -3.543870E+00 -4.540994E+00
 -7.990114E+00 -3.522142E+00 -4.561647E+00
 -7.989939E+00 -3.515547E+00 -4.565658E+00
 -7.989285E+00 -3.487224E+00 -4.580648E+00
 -7.988879E+00 -3.467184E+00 -4.589943E+00
 -7.988656E+00 -3.458901E+00 -4.595056E+00
 -7.988049E+00 -3.430578E+00 -4.608958E+00
 -7.987643E+00 -3.417595E+00 -4.618239E+00
 -7.987067E+00 -3.402255E+00 -4.631438E+00
 -7.986408E+00 -3.376595E+00 -4.646535E+00
 -7.986363E+00 -3.373931E+00 -4.647568E+00
 -7.986305E+00 -3.345608E+00 -4.648906E+00
 -7.986408E+00 -3.342287E+00 -4.646535E+00
Slice   =     57 , Freq(kT, average of all copies)              =   0.2825
Orbit # =      0 , Freq(kT, this largest copy used for outline) =   0.2833
Points  =     43
  kx            ky            kz
  2.747503E+00  5.159308E+00 -3.465107E+00
  2.746799E+00  5.154810E+00 -3.448965E+00
  2.746268E+00  5.150955E+00 -3.436810E+00
  2.745032E+00  5.150574E+00 -3.408514E+00
  2.743797E+00  5.130916E+00 -3.380218E+00
  2.743659E+00  5.126487E+00 -3.377058E+00
  2.742721E+00  5.098164E+00 -3.355568E+00
  2.742562E+00  5.094030E+00 -3.351922E+00
  2.742014E+00  5.069841E+00 -3.339376E+00
  2.741359E+00  5.041517E+00 -3.324380E+00
  2.741326E+00  5.040686E+00 -3.323626E+00
  2.740313E+00  5.013194E+00 -3.300416E+00
  2.740091E+00  5.006884E+00 -3.295329E+00
  2.739375E+00  4.984871E+00 -3.278934E+00
  2.738855E+00  4.968225E+00 -3.267033E+00
  2.738552E+00  4.956548E+00 -3.260079E+00
  2.737965E+00  4.928225E+00 -3.246637E+00
  2.737620E+00  4.912598E+00 -3.238737E+00
  2.737227E+00  4.899902E+00 -3.229735E+00
  2.736466E+00  4.871579E+00 -3.212303E+00
  2.736589E+00  4.843256E+00 -3.215128E+00
  2.737620E+00  4.837262E+00 -3.238737E+00
  2.738342E+00  4.843256E+00 -3.255271E+00
  2.738855E+00  4.846748E+00 -3.267033E+00
  2.740091E+00  4.865797E+00 -3.295329E+00
  2.740281E+00  4.871579E+00 -3.299689E+00
  2.741326E+00  4.897517E+00 -3.323626E+00
  2.741382E+00  4.899902E+00 -3.324916E+00
  2.741995E+00  4.928225E+00 -3.338955E+00
  2.742562E+00  4.953410E+00 -3.351922E+00
  2.742645E+00  4.956548E+00 -3.353836E+00
  2.743621E+00  4.984871E+00 -3.376185E+00
  2.743797E+00  4.989836E+00 -3.380218E+00
  2.744476E+00  5.013194E+00 -3.395780E+00
  2.745032E+00  5.031730E+00 -3.408514E+00
  2.745294E+00  5.041517E+00 -3.414515E+00
  2.745775E+00  5.069841E+00 -3.425514E+00
  2.746268E+00  5.092622E+00 -3.436810E+00
  2.746418E+00  5.098164E+00 -3.440257E+00
  2.746996E+00  5.126487E+00 -3.453488E+00
  2.747503E+00  5.148267E+00 -3.465107E+00
  2.747636E+00  5.154810E+00 -3.468140E+00
  2.747503E+00  5.159308E+00 -3.465107E+00
Slice   =     75 , Freq(kT, average of all copies)              =   0.2863
Orbit # =      0 , Freq(kT, this largest copy used for outline) =   0.2863
Points  =     45
  kx            ky            kz
 -2.147272E+00  2.011747E+00 -4.056118E+00
 -2.147395E+00  2.010942E+00 -4.053308E+00
 -2.148507E+00  2.000001E+00 -4.027821E+00
 -2.149743E+00  1.997047E+00 -3.999525E+00
 -2.150978E+00  1.986787E+00 -3.971229E+00
 -2.151118E+00  1.982619E+00 -3.968034E+00
 -2.152214E+00  1.954795E+00 -3.942933E+00
 -2.152227E+00  1.954296E+00 -3.942627E+00
 -2.152980E+00  1.925973E+00 -3.925381E+00
 -2.153449E+00  1.907895E+00 -3.914637E+00
 -2.153664E+00  1.897650E+00 -3.909704E+00
 -2.154511E+00  1.869327E+00 -3.890306E+00
 -2.154685E+00  1.864600E+00 -3.886340E+00
 -2.155528E+00  1.841004E+00 -3.867026E+00
 -2.155920E+00  1.829190E+00 -3.858044E+00
 -2.156391E+00  1.812680E+00 -3.847254E+00
 -2.157155E+00  1.784836E+00 -3.829748E+00
 -2.157170E+00  1.784357E+00 -3.829414E+00
 -2.157765E+00  1.756034E+00 -3.815790E+00
 -2.158391E+00  1.732003E+00 -3.801452E+00
 -2.158503E+00  1.727711E+00 -3.798878E+00
 -2.158802E+00  1.699388E+00 -3.792034E+00
 -2.158391E+00  1.683134E+00 -3.801452E+00
 -2.157155E+00  1.686509E+00 -3.829748E+00
 -2.155920E+00  1.697890E+00 -3.858044E+00
 -2.155853E+00  1.699388E+00 -3.859576E+00
 -2.154685E+00  1.719930E+00 -3.886340E+00
 -2.154493E+00  1.727711E+00 -3.890722E+00
 -2.153701E+00  1.756034E+00 -3.908872E+00
 -2.153449E+00  1.765163E+00 -3.914637E+00
 -2.153009E+00  1.784357E+00 -3.924715E+00
 -2.152261E+00  1.812680E+00 -3.941852E+00
 -2.152214E+00  1.813992E+00 -3.942933E+00
 -2.151224E+00  1.841004E+00 -3.965606E+00
 -2.150978E+00  1.847717E+00 -3.971229E+00
 -2.150427E+00  1.869327E+00 -3.983864E+00
 -2.149785E+00  1.897650E+00 -3.998554E+00
 -2.149743E+00  1.900097E+00 -3.999525E+00
 -2.149249E+00  1.925973E+00 -4.010825E+00
 -2.148562E+00  1.954296E+00 -4.026571E+00
 -2.148507E+00  1.957935E+00 -4.027821E+00
 -2.147989E+00  1.982619E+00 -4.039688E+00
 -2.147272E+00  2.009591E+00 -4.056118E+00
 -2.147250E+00  2.010942E+00 -4.056630E+00
 -2.147272E+00  2.011747E+00 -4.056118E+00
Slice   =    201 , Freq(kT, average of all copies)              =   0.3279
Orbit # =      0 , Freq(kT, this largest copy used for outline) =   0.3366
Points  =     45
  kx            ky            kz
  8.190784E+00  7.969166E+00 -4.189427E+00
  8.189582E+00  7.990602E+00 -4.161902E+00
  8.189549E+00  7.991245E+00 -4.161131E+00
  8.189510E+00  7.990602E+00 -4.160237E+00
  8.188313E+00  7.971391E+00 -4.132835E+00
  8.188161E+00  7.962279E+00 -4.129359E+00
  8.187078E+00  7.938432E+00 -4.104538E+00
  8.186962E+00  7.933956E+00 -4.101895E+00
  8.187078E+00  7.912835E+00 -4.104538E+00
  8.187170E+00  7.905632E+00 -4.106647E+00
  8.187078E+00  7.903185E+00 -4.104538E+00
  8.186556E+00  7.877309E+00 -4.092596E+00
  8.185842E+00  7.850430E+00 -4.076242E+00
  8.185807E+00  7.848986E+00 -4.075433E+00
  8.185804E+00  7.820663E+00 -4.075358E+00
  8.185201E+00  7.792340E+00 -4.061564E+00
  8.184900E+00  7.764017E+00 -4.054654E+00
  8.184607E+00  7.753935E+00 -4.047946E+00
  8.184213E+00  7.735694E+00 -4.038926E+00
  8.183825E+00  7.707371E+00 -4.030048E+00
  8.183818E+00  7.679047E+00 -4.029876E+00
  8.183371E+00  7.656653E+00 -4.019650E+00
  8.183262E+00  7.650724E+00 -4.017146E+00
  8.183371E+00  7.646729E+00 -4.019650E+00
  8.184607E+00  7.641622E+00 -4.047946E+00
  8.185842E+00  7.646081E+00 -4.076242E+00
  8.186237E+00  7.650724E+00 -4.085277E+00
  8.187078E+00  7.662733E+00 -4.104538E+00
  8.187800E+00  7.679047E+00 -4.121090E+00
  8.188313E+00  7.687433E+00 -4.132835E+00
  8.188948E+00  7.707371E+00 -4.147379E+00
  8.189060E+00  7.735694E+00 -4.149933E+00
  8.189549E+00  7.748376E+00 -4.161131E+00
  8.189934E+00  7.764017E+00 -4.169968E+00
  8.189694E+00  7.792340E+00 -4.164456E+00
  8.190207E+00  7.820663E+00 -4.176216E+00
  8.190497E+00  7.848986E+00 -4.182851E+00
  8.190422E+00  7.877309E+00 -4.181145E+00
  8.190784E+00  7.888773E+00 -4.189427E+00
  8.191107E+00  7.905632E+00 -4.196818E+00
  8.190784E+00  7.925403E+00 -4.189427E+00
  8.190438E+00  7.933956E+00 -4.181512E+00
  8.190784E+00  7.952104E+00 -4.189427E+00
  8.190990E+00  7.962279E+00 -4.194142E+00
  8.190784E+00  7.969166E+00 -4.189427E+00
Slice   =    211 , Freq(kT, average of all copies)              =   0.3279
Orbit # =      0 , Freq(kT, this largest copy used for outline) =   0.3358
Points  =     41
  kx            ky            kz
  7.111291E+00  8.571691E+00 -4.981887E+00
  7.110148E+00  8.586083E+00 -4.955693E+00
  7.110056E+00  8.586534E+00 -4.953590E+00
  7.108820E+00  8.590131E+00 -4.925294E+00
  7.108496E+00  8.586083E+00 -4.917872E+00
  7.107585E+00  8.570241E+00 -4.896998E+00
  7.107087E+00  8.557760E+00 -4.885589E+00
  7.106350E+00  8.544190E+00 -4.868702E+00
  7.105829E+00  8.529437E+00 -4.856774E+00
  7.105286E+00  8.501114E+00 -4.844345E+00
  7.105188E+00  8.472791E+00 -4.842108E+00
  7.105114E+00  8.469782E+00 -4.840406E+00
  7.104579E+00  8.444468E+00 -4.828146E+00
  7.104590E+00  8.416145E+00 -4.828408E+00
  7.104036E+00  8.387821E+00 -4.815709E+00
  7.104084E+00  8.359498E+00 -4.816812E+00
  7.103879E+00  8.348998E+00 -4.812109E+00
  7.103618E+00  8.331175E+00 -4.806144E+00
  7.103879E+00  8.304239E+00 -4.812109E+00
  7.103913E+00  8.302852E+00 -4.812889E+00
  7.103879E+00  8.298609E+00 -4.812109E+00
  7.103778E+00  8.274529E+00 -4.809808E+00
  7.103879E+00  8.268655E+00 -4.812109E+00
  7.105114E+00  8.260655E+00 -4.840406E+00
  7.106349E+00  8.274529E+00 -4.868685E+00
  7.106350E+00  8.274533E+00 -4.868702E+00
  7.107585E+00  8.296953E+00 -4.896998E+00
  7.107737E+00  8.302852E+00 -4.900481E+00
  7.107716E+00  8.331175E+00 -4.899993E+00
  7.108571E+00  8.359498E+00 -4.919591E+00
  7.108558E+00  8.387821E+00 -4.919280E+00
  7.108820E+00  8.399888E+00 -4.925294E+00
  7.109176E+00  8.416145E+00 -4.933446E+00
  7.109677E+00  8.444468E+00 -4.944912E+00
  7.109900E+00  8.472791E+00 -4.950009E+00
  7.110056E+00  8.477278E+00 -4.953590E+00
  7.110636E+00  8.501114E+00 -4.966870E+00
  7.110668E+00  8.529437E+00 -4.967621E+00
  7.111291E+00  8.550686E+00 -4.981887E+00
  7.111435E+00  8.557760E+00 -4.985175E+00
  7.111291E+00  8.571691E+00 -4.981887E+00
Slice   =    213 , Freq(kT, average of all copies)              =   0.8341
Orbit # =      0 , Freq(kT, this largest copy used for outline) =   0.8341
Points  =     77
  kx            ky            kz
  1.123177E+01  1.022066E+01 -4.114755E+00
  1.123054E+01  1.021163E+01 -4.086459E+00
  1.122930E+01  1.021614E+01 -4.058163E+00
  1.122807E+01  1.020847E+01 -4.029867E+00
  1.122698E+01  1.020120E+01 -4.005002E+00
  1.122683E+01  1.020032E+01 -4.001571E+00
  1.122665E+01  1.020120E+01 -3.997359E+00
  1.122560E+01  1.020545E+01 -3.973274E+00
  1.122500E+01  1.020120E+01 -3.959547E+00
  1.122436E+01  1.019513E+01 -3.944978E+00
  1.122313E+01  1.018636E+01 -3.916682E+00
  1.122189E+01  1.019330E+01 -3.888386E+00
  1.122065E+01  1.019491E+01 -3.860090E+00
  1.121942E+01  1.019908E+01 -3.831794E+00
  1.121931E+01  1.020120E+01 -3.829376E+00
  1.121818E+01  1.021910E+01 -3.803497E+00
  1.121695E+01  1.021875E+01 -3.775201E+00
  1.121577E+01  1.020120E+01 -3.748109E+00
  1.121571E+01  1.019999E+01 -3.746905E+00
  1.121448E+01  1.018149E+01 -3.718609E+00
  1.121387E+01  1.017287E+01 -3.704688E+00
  1.121324E+01  1.016014E+01 -3.690313E+00
  1.121280E+01  1.014455E+01 -3.680271E+00
  1.121201E+01  1.013041E+01 -3.662016E+00
  1.121123E+01  1.011623E+01 -3.644130E+00
  1.121077E+01  1.010426E+01 -3.633720E+00
  1.121022E+01  1.008791E+01 -3.621184E+00
  1.120954E+01  1.007408E+01 -3.605424E+00
  1.120885E+01  1.005958E+01 -3.589655E+00
  1.120830E+01  1.004451E+01 -3.577128E+00
  1.120779E+01  1.003126E+01 -3.565483E+00
  1.120706E+01  1.001669E+01 -3.548832E+00
  1.120647E+01  1.000294E+01 -3.535282E+00
  1.120583E+01  9.983317E+00 -3.520536E+00
  1.120552E+01  9.974613E+00 -3.513468E+00
  1.120563E+01  9.946289E+00 -3.515893E+00
  1.120583E+01  9.945496E+00 -3.520536E+00
  1.120706E+01  9.927158E+00 -3.548832E+00
  1.120780E+01  9.946289E+00 -3.565638E+00
  1.120830E+01  9.956217E+00 -3.577128E+00
  1.120954E+01  9.954632E+00 -3.605424E+00
  1.121043E+01  9.946289E+00 -3.625916E+00
  1.121077E+01  9.943548E+00 -3.633720E+00
  1.121090E+01  9.946289E+00 -3.636728E+00
  1.121184E+01  9.974613E+00 -3.658241E+00
  1.121201E+01  9.977962E+00 -3.662016E+00
  1.121324E+01  9.977537E+00 -3.690313E+00
  1.121368E+01  9.974613E+00 -3.700415E+00
  1.121448E+01  9.969712E+00 -3.718609E+00
  1.121471E+01  9.974613E+00 -3.723829E+00
  1.121543E+01  1.000294E+01 -3.740399E+00
  1.121571E+01  1.000985E+01 -3.746905E+00
  1.121695E+01  1.001110E+01 -3.775201E+00
  1.121818E+01  1.000440E+01 -3.803497E+00
  1.121891E+01  1.003126E+01 -3.820151E+00
  1.121942E+01  1.004442E+01 -3.831794E+00
  1.122065E+01  1.004325E+01 -3.860090E+00
  1.122189E+01  1.003129E+01 -3.888386E+00
  1.122279E+01  1.005958E+01 -3.908893E+00
  1.122313E+01  1.007040E+01 -3.916682E+00
  1.122436E+01  1.007355E+01 -3.944978E+00
  1.122560E+01  1.007564E+01 -3.973274E+00
  1.122605E+01  1.008791E+01 -3.983730E+00
  1.122679E+01  1.011623E+01 -4.000575E+00
  1.122683E+01  1.011773E+01 -4.001571E+00
  1.122767E+01  1.011623E+01 -4.020732E+00
  1.122807E+01  1.011591E+01 -4.029867E+00
  1.122811E+01  1.011623E+01 -4.030833E+00
  1.122930E+01  1.013328E+01 -4.058163E+00
  1.122961E+01  1.014455E+01 -4.065135E+00
  1.123050E+01  1.017287E+01 -4.085483E+00
  1.123054E+01  1.017506E+01 -4.086459E+00
  1.123114E+01  1.017287E+01 -4.100178E+00
  1.123177E+01  1.017247E+01 -4.114755E+00
  1.123180E+01  1.017287E+01 -4.115315E+00
  1.123248E+01  1.020120E+01 -4.130959E+00
  1.123177E+01  1.022066E+01 -4.114755E+00
Slice   =    135 , Freq(kT, average of all copies)              =   1.0500
Orbit # =      0 , Freq(kT, this largest copy used for outline) =   1.0724
Points  =     77
  kx            ky            kz
  2.239580E+00  4.188313E+00 -3.639183E+00
  2.239223E+00  4.193215E+00 -3.631024E+00
  2.238344E+00  4.197274E+00 -3.610887E+00
  2.237579E+00  4.193215E+00 -3.593359E+00
  2.237109E+00  4.187937E+00 -3.582591E+00
  2.235873E+00  4.189899E+00 -3.554295E+00
  2.234638E+00  4.175663E+00 -3.525998E+00
  2.233402E+00  4.173228E+00 -3.497702E+00
  2.232167E+00  4.173379E+00 -3.469406E+00
  2.231623E+00  4.164892E+00 -3.456946E+00
  2.230932E+00  4.154896E+00 -3.441110E+00
  2.229696E+00  4.149931E+00 -3.412814E+00
  2.228461E+00  4.147504E+00 -3.384518E+00
  2.227618E+00  4.136569E+00 -3.365207E+00
  2.227225E+00  4.130960E+00 -3.356221E+00
  2.225990E+00  4.124784E+00 -3.327925E+00
  2.224754E+00  4.129851E+00 -3.299629E+00
  2.223556E+00  4.136569E+00 -3.272180E+00
  2.223519E+00  4.136793E+00 -3.271333E+00
  2.223475E+00  4.136569E+00 -3.270329E+00
  2.222284E+00  4.117850E+00 -3.243037E+00
  2.221048E+00  4.110827E+00 -3.214740E+00
  2.220698E+00  4.108246E+00 -3.206724E+00
  2.219813E+00  4.103989E+00 -3.186444E+00
  2.218849E+00  4.079922E+00 -3.164384E+00
  2.218577E+00  4.073639E+00 -3.158148E+00
  2.217342E+00  4.064333E+00 -3.129852E+00
  2.216303E+00  4.051599E+00 -3.106062E+00
  2.216106E+00  4.043981E+00 -3.101556E+00
  2.215525E+00  4.023276E+00 -3.088232E+00
  2.214871E+00  4.015006E+00 -3.073260E+00
  2.213635E+00  4.001868E+00 -3.044963E+00
  2.213359E+00  3.994953E+00 -3.038632E+00
  2.212400E+00  3.971776E+00 -3.016667E+00
  2.212009E+00  3.966630E+00 -3.007712E+00
  2.211165E+00  3.948974E+00 -2.988371E+00
  2.210846E+00  3.938307E+00 -2.981076E+00
  2.209929E+00  3.915558E+00 -2.960075E+00
  2.209650E+00  3.909984E+00 -2.953673E+00
  2.208975E+00  3.881661E+00 -2.938230E+00
  2.209929E+00  3.870568E+00 -2.960075E+00
  2.211165E+00  3.874639E+00 -2.988371E+00
  2.212400E+00  3.881221E+00 -3.016667E+00
  2.213635E+00  3.874656E+00 -3.044963E+00
  2.214370E+00  3.881661E+00 -3.061797E+00
  2.214871E+00  3.886658E+00 -3.073260E+00
  2.216106E+00  3.892702E+00 -3.101556E+00
  2.217342E+00  3.892227E+00 -3.129852E+00
  2.218577E+00  3.907984E+00 -3.158148E+00
  2.219104E+00  3.909984E+00 -3.170215E+00
  2.219813E+00  3.913330E+00 -3.186444E+00
  2.221048E+00  3.915985E+00 -3.214740E+00
  2.222284E+00  3.933167E+00 -3.243037E+00
  2.223519E+00  3.934222E+00 -3.271333E+00
  2.224754E+00  3.921806E+00 -3.299629E+00
  2.225990E+00  3.936073E+00 -3.327925E+00
  2.226090E+00  3.938307E+00 -3.330212E+00
  2.227225E+00  3.950112E+00 -3.356221E+00
  2.228461E+00  3.940851E+00 -3.384518E+00
  2.229682E+00  3.966630E+00 -3.412487E+00
  2.229696E+00  3.967112E+00 -3.412814E+00
  2.230932E+00  3.989864E+00 -3.441110E+00
  2.232167E+00  3.991057E+00 -3.469406E+00
  2.232309E+00  3.994953E+00 -3.472660E+00
  2.233076E+00  4.023276E+00 -3.490224E+00
  2.233402E+00  4.034554E+00 -3.497702E+00
  2.234638E+00  4.049139E+00 -3.525998E+00
  2.235011E+00  4.051599E+00 -3.534538E+00
  2.235873E+00  4.059396E+00 -3.554295E+00
  2.236413E+00  4.079922E+00 -3.566644E+00
  2.237109E+00  4.103216E+00 -3.582591E+00
  2.237492E+00  4.108246E+00 -3.591367E+00
  2.238344E+00  4.126434E+00 -3.610887E+00
  2.238846E+00  4.136569E+00 -3.622376E+00
  2.239580E+00  4.152002E+00 -3.639183E+00
  2.239964E+00  4.164892E+00 -3.647986E+00
  2.239580E+00  4.188313E+00 -3.639183E+00
Theta(deg) =   0.000000 , Phi(deg) =  90.000000 , Number of orbits =    13 , (Angstrom^-1) units
Slice   =    113 , Freq(kT, average of all copies)              =   0.2443
Orbit # =      0 , Freq(kT, this largest copy used for outline) =   0.2485
Points  =     31
  kx            ky            kz
  2.875935E+00  5.233375E+00 -6.914377E+00
  2.875935E+00  5.234023E+00 -6.886054E+00
  2.875935E+00  5.210760E+00 -6.868908E+00
  2.875935E+00  5.202946E+00 -6.857731E+00
  2.875935E+00  5.182437E+00 -6.845281E+00
  2.875935E+00  5.161474E+00 -6.829407E+00
  2.875935E+00  5.154114E+00 -6.825568E+00
  2.875935E+00  5.127927E+00 -6.829407E+00
  2.875935E+00  5.125791E+00 -6.829925E+00
  2.875935E+00  5.125088E+00 -6.829407E+00
  2.875935E+00  5.097468E+00 -6.813844E+00
  2.875935E+00  5.069145E+00 -6.809769E+00
  2.875935E+00  5.040822E+00 -6.807125E+00
  2.875935E+00  5.022075E+00 -6.801084E+00
  2.875935E+00  5.012499E+00 -6.798499E+00
  2.875935E+00  5.000521E+00 -6.801084E+00
  2.875935E+00  4.984175E+00 -6.811224E+00
  2.875935E+00  4.969401E+00 -6.829407E+00
  2.875935E+00  4.965653E+00 -6.857731E+00
  2.875935E+00  4.984175E+00 -6.871996E+00
  2.875935E+00  4.991433E+00 -6.886054E+00
  2.875935E+00  5.012499E+00 -6.898022E+00
  2.875935E+00  5.040822E+00 -6.898381E+00
  2.875935E+00  5.058657E+00 -6.914377E+00
  2.875935E+00  5.069145E+00 -6.921036E+00
  2.875935E+00  5.097468E+00 -6.915750E+00
  2.875935E+00  5.125791E+00 -6.927345E+00
  2.875935E+00  5.154114E+00 -6.933247E+00
  2.875935E+00  5.182437E+00 -6.930341E+00
  2.875935E+00  5.210760E+00 -6.942326E+00
  2.875935E+00  5.233375E+00 -6.914377E+00
Slice   =    101 , Freq(kT, average of all copies)              =   0.2457
Orbit # =      0 , Freq(kT, this largest copy used for outline) =   0.2489
Points  =     39
  kx            ky            kz
  5.285675E+00  6.569238E+00 -2.160342E+00
  5.285675E+00  6.544731E+00 -2.133407E+00
  5.285675E+00  6.543624E+00 -2.132019E+00
  5.285675E+00  6.516408E+00 -2.103842E+00
  5.285675E+00  6.516295E+00 -2.103696E+00
  5.285675E+00  6.488084E+00 -2.078781E+00
  5.285675E+00  6.485311E+00 -2.075373E+00
  5.285675E+00  6.459761E+00 -2.054682E+00
  5.285675E+00  6.450090E+00 -2.047050E+00
  5.285675E+00  6.431438E+00 -2.034850E+00
  5.285675E+00  6.405423E+00 -2.018727E+00
  5.285675E+00  6.403115E+00 -2.017595E+00
  5.285675E+00  6.374792E+00 -2.002822E+00
  5.285675E+00  6.355467E+00 -1.990403E+00
  5.285675E+00  6.346469E+00 -1.982081E+00
  5.285675E+00  6.322764E+00 -1.962080E+00
  5.285675E+00  6.318146E+00 -1.958522E+00
  5.285675E+00  6.289822E+00 -1.946167E+00
  5.285675E+00  6.261499E+00 -1.938898E+00
  5.285675E+00  6.244508E+00 -1.962080E+00
  5.285675E+00  6.257626E+00 -1.990403E+00
  5.285675E+00  6.261499E+00 -1.993205E+00
  5.285675E+00  6.289730E+00 -2.018727E+00
  5.285675E+00  6.289822E+00 -2.018802E+00
  5.285675E+00  6.318146E+00 -2.046716E+00
  5.285675E+00  6.318465E+00 -2.047050E+00
  5.285675E+00  6.345895E+00 -2.075373E+00
  5.285675E+00  6.346469E+00 -2.075748E+00
  5.285675E+00  6.374792E+00 -2.089263E+00
  5.285675E+00  6.403115E+00 -2.100140E+00
  5.285675E+00  6.409213E+00 -2.103696E+00
  5.285675E+00  6.431438E+00 -2.118196E+00
  5.285675E+00  6.450449E+00 -2.132019E+00
  5.285675E+00  6.459761E+00 -2.140165E+00
  5.285675E+00  6.482267E+00 -2.160342E+00
  5.285675E+00  6.488084E+00 -2.164143E+00
  5.285675E+00  6.516408E+00 -2.175580E+00
  5.285675E+00  6.544731E+00 -2.180680E+00
  5.285675E+00  6.569238E+00 -2.160342E+00
Slice   =     92 , Freq(kT, average of all copies)              =   0.2488
Orbit # =      0 , Freq(kT, this largest copy used for outline) =   0.2575
Points  =     43
  kx            ky            kz
  6.405575E+00  7.859770E+00 -3.458955E+00
  6.405575E+00  7.846899E+00 -3.445494E+00
  6.405575E+00  7.833241E+00 -3.430632E+00
  6.405575E+00  7.818576E+00 -3.417778E+00
  6.405575E+00  7.804526E+00 -3.402309E+00
  6.405575E+00  7.790253E+00 -3.392010E+00
  6.405575E+00  7.771259E+00 -3.373985E+00
  6.405575E+00  7.761930E+00 -3.365656E+00
  6.405575E+00  7.738033E+00 -3.345662E+00
  6.405575E+00  7.733606E+00 -3.342444E+00
  6.405575E+00  7.705283E+00 -3.325433E+00
  6.405575E+00  7.691234E+00 -3.317339E+00
  6.405575E+00  7.676960E+00 -3.311572E+00
  6.405575E+00  7.648637E+00 -3.297113E+00
  6.405575E+00  7.636720E+00 -3.289016E+00
  6.405575E+00  7.620314E+00 -3.273995E+00
  6.405575E+00  7.604333E+00 -3.260693E+00
  6.405575E+00  7.591991E+00 -3.251424E+00
  6.405575E+00  7.564470E+00 -3.232370E+00
  6.405575E+00  7.563668E+00 -3.231916E+00
  6.405575E+00  7.557227E+00 -3.232370E+00
  6.405575E+00  7.535345E+00 -3.245478E+00
  6.405575E+00  7.529616E+00 -3.260693E+00
  6.405575E+00  7.535345E+00 -3.269331E+00
  6.405575E+00  7.548234E+00 -3.289016E+00
  6.405575E+00  7.563668E+00 -3.303084E+00
  6.405575E+00  7.575940E+00 -3.317339E+00
  6.405575E+00  7.591991E+00 -3.332000E+00
  6.405575E+00  7.604277E+00 -3.345662E+00
  6.405575E+00  7.620314E+00 -3.361752E+00
  6.405575E+00  7.631619E+00 -3.373985E+00
  6.405575E+00  7.648637E+00 -3.383637E+00
  6.405575E+00  7.676960E+00 -3.396594E+00
  6.405575E+00  7.687684E+00 -3.402309E+00
  6.405575E+00  7.705283E+00 -3.412877E+00
  6.405575E+00  7.730632E+00 -3.430632E+00
  6.405575E+00  7.733606E+00 -3.433107E+00
  6.405575E+00  7.761930E+00 -3.455873E+00
  6.405575E+00  7.765621E+00 -3.458955E+00
  6.405575E+00  7.790253E+00 -3.471612E+00
  6.405575E+00  7.818576E+00 -3.478527E+00
  6.405575E+00  7.846899E+00 -3.479484E+00
  6.405575E+00  7.859770E+00 -3.458955E+00
Slice   =    122 , Freq(kT, average of all copies)              =   0.2548
Orbit # =      0 , Freq(kT, this largest copy used for outline) =   0.2566
Points  =     41
  kx            ky            kz
  3.812254E-01  1.844349E+00 -3.269196E+00
  3.812254E-01  1.841699E+00 -3.266648E+00
  3.812254E-01  1.817634E+00 -3.240873E+00
  3.812254E-01  1.813376E+00 -3.236945E+00
  3.812254E-01  1.791310E+00 -3.212550E+00
  3.812254E-01  1.785053E+00 -3.207689E+00
  3.812254E-01  1.761525E+00 -3.184227E+00
  3.812254E-01  1.756730E+00 -3.180206E+00
  3.812254E-01  1.728407E+00 -3.158620E+00
  3.812254E-01  1.724698E+00 -3.155903E+00
  3.812254E-01  1.700084E+00 -3.141554E+00
  3.812254E-01  1.675435E+00 -3.127580E+00
  3.812254E-01  1.671761E+00 -3.125966E+00
  3.812254E-01  1.643437E+00 -3.109567E+00
  3.812254E-01  1.628786E+00 -3.099257E+00
  3.812254E-01  1.615114E+00 -3.086486E+00
  3.812254E-01  1.596742E+00 -3.070934E+00
  3.812254E-01  1.586791E+00 -3.063148E+00
  3.812254E-01  1.558468E+00 -3.048102E+00
  3.812254E-01  1.530145E+00 -3.050482E+00
  3.812254E-01  1.515661E+00 -3.070934E+00
  3.812254E-01  1.529801E+00 -3.099257E+00
  3.812254E-01  1.530145E+00 -3.099467E+00
  3.812254E-01  1.558468E+00 -3.123347E+00
  3.812254E-01  1.562377E+00 -3.127580E+00
  3.812254E-01  1.586791E+00 -3.148513E+00
  3.812254E-01  1.593679E+00 -3.155903E+00
  3.812254E-01  1.615114E+00 -3.177702E+00
  3.812254E-01  1.621018E+00 -3.184227E+00
  3.812254E-01  1.643437E+00 -3.196489E+00
  3.812254E-01  1.671761E+00 -3.209846E+00
  3.812254E-01  1.676703E+00 -3.212550E+00
  3.812254E-01  1.700084E+00 -3.226276E+00
  3.812254E-01  1.721034E+00 -3.240873E+00
  3.812254E-01  1.728407E+00 -3.247300E+00
  3.812254E-01  1.753967E+00 -3.269196E+00
  3.812254E-01  1.756730E+00 -3.270952E+00
  3.812254E-01  1.785053E+00 -3.284511E+00
  3.812254E-01  1.813376E+00 -3.293193E+00
  3.812254E-01  1.841699E+00 -3.275684E+00
  3.812254E-01  1.844349E+00 -3.269196E+00
Slice   =    208 , Freq(kT, average of all copies)              =   0.2781
Orbit # =      0 , Freq(kT, this largest copy used for outline) =   0.2782
Points  =     41
  kx            ky            kz
  6.941441E+00  7.257409E+00 -1.411905E+00
  6.941441E+00  7.273842E+00 -1.383582E+00
  6.941441E+00  7.263261E+00 -1.355259E+00
  6.941441E+00  7.256288E+00 -1.349695E+00
  6.941441E+00  7.233872E+00 -1.326936E+00
  6.941441E+00  7.227965E+00 -1.323006E+00
  6.941441E+00  7.199641E+00 -1.303340E+00
  6.941441E+00  7.194204E+00 -1.298613E+00
  6.941441E+00  7.171318E+00 -1.286315E+00
  6.941441E+00  7.147506E+00 -1.270289E+00
  6.941441E+00  7.142995E+00 -1.266502E+00
  6.941441E+00  7.114672E+00 -1.242991E+00
  6.941441E+00  7.113300E+00 -1.241966E+00
  6.941441E+00  7.086349E+00 -1.225177E+00
  6.941441E+00  7.068298E+00 -1.213643E+00
  6.941441E+00  7.058026E+00 -1.208269E+00
  6.941441E+00  7.029703E+00 -1.194605E+00
  6.941441E+00  7.014251E+00 -1.185320E+00
  6.941441E+00  7.001380E+00 -1.174944E+00
  6.941441E+00  6.973056E+00 -1.158244E+00
  6.941441E+00  6.946192E+00 -1.185320E+00
  6.941441E+00  6.956825E+00 -1.213643E+00
  6.941441E+00  6.973056E+00 -1.238627E+00
  6.941441E+00  6.974982E+00 -1.241966E+00
  6.941441E+00  6.999163E+00 -1.270289E+00
  6.941441E+00  7.001380E+00 -1.271353E+00
  6.941441E+00  7.029703E+00 -1.284989E+00
  6.941441E+00  7.058026E+00 -1.296838E+00
  6.941441E+00  7.060386E+00 -1.298613E+00
  6.941441E+00  7.086349E+00 -1.316138E+00
  6.941441E+00  7.100120E+00 -1.326936E+00
  6.941441E+00  7.114672E+00 -1.338245E+00
  6.941441E+00  7.133957E+00 -1.355259E+00
  6.941441E+00  7.142995E+00 -1.361123E+00
  6.941441E+00  7.171318E+00 -1.374132E+00
  6.941441E+00  7.196998E+00 -1.383582E+00
  6.941441E+00  7.199641E+00 -1.384907E+00
  6.941441E+00  7.227965E+00 -1.396812E+00
  6.941441E+00  7.255882E+00 -1.411905E+00
  6.941441E+00  7.256288E+00 -1.412179E+00
  6.941441E+00  7.257409E+00 -1.411905E+00
Slice   =    108 , Freq(kT, average of all copies)              =   0.2813
Orbit # =      0 , Freq(kT, this largest copy used for outline) =   0.2870
Points  =     45
  kx            ky            kz
 -1.529844E-02  5.437653E+00 -8.585442E+00
 -1.529844E-02  5.437346E+00 -8.584388E+00
 -1.529844E-02  5.425965E+00 -8.557119E+00
 -1.529844E-02  5.419470E+00 -8.528795E+00
 -1.529844E-02  5.409022E+00 -8.507383E+00
 -1.529844E-02  5.406454E+00 -8.500472E+00
 -1.529844E-02  5.380699E+00 -8.480638E+00
 -1.529844E-02  5.371517E+00 -8.472149E+00
 -1.529844E-02  5.352376E+00 -8.460299E+00
 -1.529844E-02  5.328259E+00 -8.443826E+00
 -1.529844E-02  5.324053E+00 -8.441697E+00
 -1.529844E-02  5.295730E+00 -8.422614E+00
 -1.529844E-02  5.287318E+00 -8.415503E+00
 -1.529844E-02  5.267407E+00 -8.398243E+00
 -1.529844E-02  5.254234E+00 -8.387180E+00
 -1.529844E-02  5.239084E+00 -8.376036E+00
 -1.529844E-02  5.214814E+00 -8.358857E+00
 -1.529844E-02  5.210760E+00 -8.356205E+00
 -1.529844E-02  5.182437E+00 -8.346835E+00
 -1.529844E-02  5.154114E+00 -8.337588E+00
 -1.529844E-02  5.140179E+00 -8.330533E+00
 -1.529844E-02  5.125791E+00 -8.322242E+00
 -1.529844E-02  5.104390E+00 -8.330533E+00
 -1.529844E-02  5.105648E+00 -8.358857E+00
 -1.529844E-02  5.116760E+00 -8.387180E+00
 -1.529844E-02  5.125791E+00 -8.397303E+00
 -1.529844E-02  5.139172E+00 -8.415503E+00
 -1.529844E-02  5.154114E+00 -8.423252E+00
 -1.529844E-02  5.182437E+00 -8.440032E+00
 -1.529844E-02  5.188128E+00 -8.443826E+00
 -1.529844E-02  5.210760E+00 -8.457169E+00
 -1.529844E-02  5.231828E+00 -8.472149E+00
 -1.529844E-02  5.239084E+00 -8.477629E+00
 -1.529844E-02  5.267392E+00 -8.500472E+00
 -1.529844E-02  5.267407E+00 -8.500480E+00
 -1.529844E-02  5.295730E+00 -8.514839E+00
 -1.529844E-02  5.324053E+00 -8.528058E+00
 -1.529844E-02  5.325908E+00 -8.528795E+00
 -1.529844E-02  5.352376E+00 -8.540794E+00
 -1.529844E-02  5.380656E+00 -8.557119E+00
 -1.529844E-02  5.380699E+00 -8.557149E+00
 -1.529844E-02  5.409022E+00 -8.569500E+00
 -1.529844E-02  5.436786E+00 -8.585442E+00
 -1.529844E-02  5.437346E+00 -8.585645E+00
 -1.529844E-02  5.437653E+00 -8.585442E+00
Slice   =    115 , Freq(kT, average of all copies)              =   0.2838
Orbit # =      0 , Freq(kT, this largest copy used for outline) =   0.2845
Points  =     45
  kx            ky            kz
  1.557772E+00  4.649447E+00 -4.045956E+00
  1.557772E+00  4.646385E+00 -4.029032E+00
  1.557772E+00  4.643888E+00 -4.017633E+00
  1.557772E+00  4.634304E+00 -3.989310E+00
  1.557772E+00  4.618062E+00 -3.975430E+00
  1.557772E+00  4.603998E+00 -3.960987E+00
  1.557772E+00  4.589739E+00 -3.952141E+00
  1.557772E+00  4.563164E+00 -3.932664E+00
  1.557772E+00  4.561416E+00 -3.931777E+00
  1.557772E+00  4.533093E+00 -3.912729E+00
  1.557772E+00  4.523591E+00 -3.904341E+00
  1.557772E+00  4.504769E+00 -3.887419E+00
  1.557772E+00  4.491802E+00 -3.876018E+00
  1.557772E+00  4.476446E+00 -3.864628E+00
  1.557772E+00  4.453440E+00 -3.847694E+00
  1.557772E+00  4.448123E+00 -3.844335E+00
  1.557772E+00  4.419800E+00 -3.834140E+00
  1.557772E+00  4.391477E+00 -3.823729E+00
  1.557772E+00  4.384402E+00 -3.819371E+00
  1.557772E+00  4.363154E+00 -3.803381E+00
  1.557772E+00  4.341606E+00 -3.791048E+00
  1.557772E+00  4.334831E+00 -3.787355E+00
  1.557772E+00  4.322123E+00 -3.791048E+00
  1.557772E+00  4.317559E+00 -3.819371E+00
  1.557772E+00  4.328883E+00 -3.847694E+00
  1.557772E+00  4.334831E+00 -3.854174E+00
  1.557772E+00  4.351179E+00 -3.876018E+00
  1.557772E+00  4.363154E+00 -3.887737E+00
  1.557772E+00  4.376877E+00 -3.904341E+00
  1.557772E+00  4.391477E+00 -3.912414E+00
  1.557772E+00  4.419800E+00 -3.927433E+00
  1.557772E+00  4.428540E+00 -3.932664E+00
  1.557772E+00  4.448123E+00 -3.944554E+00
  1.557772E+00  4.472640E+00 -3.960987E+00
  1.557772E+00  4.476446E+00 -3.963757E+00
  1.557772E+00  4.504769E+00 -3.985853E+00
  1.557772E+00  4.508935E+00 -3.989310E+00
  1.557772E+00  4.533093E+00 -4.002044E+00
  1.557772E+00  4.561416E+00 -4.013562E+00
  1.557772E+00  4.571462E+00 -4.017633E+00
  1.557772E+00  4.589739E+00 -4.025978E+00
  1.557772E+00  4.618062E+00 -4.037587E+00
  1.557772E+00  4.639163E+00 -4.045956E+00
  1.557772E+00  4.646385E+00 -4.049376E+00
  1.557772E+00  4.649447E+00 -4.045956E+00
Slice   =     90 , Freq(kT, average of all copies)              =   0.2840
Orbit # =      0 , Freq(kT, this largest copy used for outline) =   0.2910
Points  =     41
  kx            ky            kz
  2.224503E+00  2.434962E+00 -1.428192E+00
  2.224503E+00  2.434475E+00 -1.399869E+00
  2.224503E+00  2.419418E+00 -1.371546E+00
  2.224503E+00  2.408162E+00 -1.358449E+00
  2.224503E+00  2.396978E+00 -1.343223E+00
  2.224503E+00  2.379839E+00 -1.330018E+00
  2.224503E+00  2.363159E+00 -1.314900E+00
  2.224503E+00  2.351516E+00 -1.306676E+00
  2.224503E+00  2.323468E+00 -1.286577E+00
  2.224503E+00  2.323193E+00 -1.286406E+00
  2.224503E+00  2.294869E+00 -1.276183E+00
  2.224503E+00  2.266546E+00 -1.261367E+00
  2.224503E+00  2.262333E+00 -1.258254E+00
  2.224503E+00  2.238223E+00 -1.239371E+00
  2.224503E+00  2.226101E+00 -1.229930E+00
  2.224503E+00  2.209900E+00 -1.218299E+00
  2.224503E+00  2.182869E+00 -1.201607E+00
  2.224503E+00  2.181577E+00 -1.200859E+00
  2.224503E+00  2.153254E+00 -1.193662E+00
  2.224503E+00  2.124931E+00 -1.188485E+00
  2.224503E+00  2.105018E+00 -1.201607E+00
  2.224503E+00  2.111303E+00 -1.229930E+00
  2.224503E+00  2.124715E+00 -1.258254E+00
  2.224503E+00  2.124931E+00 -1.258362E+00
  2.224503E+00  2.153254E+00 -1.270625E+00
  2.224503E+00  2.180877E+00 -1.286577E+00
  2.224503E+00  2.181577E+00 -1.287009E+00
  2.224503E+00  2.209900E+00 -1.307481E+00
  2.224503E+00  2.217914E+00 -1.314900E+00
  2.224503E+00  2.238223E+00 -1.333581E+00
  2.224503E+00  2.247814E+00 -1.343223E+00
  2.224503E+00  2.266546E+00 -1.354503E+00
  2.224503E+00  2.294869E+00 -1.369768E+00
  2.224503E+00  2.299025E+00 -1.371546E+00
  2.224503E+00  2.323193E+00 -1.384917E+00
  2.224503E+00  2.348651E+00 -1.399869E+00
  2.224503E+00  2.351516E+00 -1.402328E+00
  2.224503E+00  2.379839E+00 -1.427513E+00
  2.224503E+00  2.381474E+00 -1.428192E+00
  2.224503E+00  2.408162E+00 -1.434314E+00
  2.224503E+00  2.434962E+00 -1.428192E+00
Slice   =      6 , Freq(kT, average of all copies)              =   0.3148
Orbit # =      0 , Freq(kT, this largest copy used for outline) =   0.3220
Points  =     39
  kx            ky            kz
 -7.028684E+00 -1.446407E+00 -4.406373E+00
 -7.028684E+00 -1.418940E+00 -4.387379E+00
 -7.028684E+00 -1.415565E+00 -4.378050E+00
 -7.028684E+00 -1.414954E+00 -4.349726E+00
 -7.028684E+00 -1.418940E+00 -4.342981E+00
 -7.028684E+00 -1.436621E+00 -4.321403E+00
 -7.028684E+00 -1.447263E+00 -4.311883E+00
 -7.028684E+00 -1.464136E+00 -4.293080E+00
 -7.028684E+00 -1.475586E+00 -4.284554E+00
 -7.028684E+00 -1.503909E+00 -4.277105E+00
 -7.028684E+00 -1.532232E+00 -4.269501E+00
 -7.028684E+00 -1.541316E+00 -4.264757E+00
 -7.028684E+00 -1.560555E+00 -4.256409E+00
 -7.028684E+00 -1.588878E+00 -4.258595E+00
 -7.028684E+00 -1.617202E+00 -4.247973E+00
 -7.028684E+00 -1.645525E+00 -4.248219E+00
 -7.028684E+00 -1.673848E+00 -4.239842E+00
 -7.028684E+00 -1.702171E+00 -4.242621E+00
 -7.028684E+00 -1.718539E+00 -4.236434E+00
 -7.028684E+00 -1.730494E+00 -4.233851E+00
 -7.028684E+00 -1.738236E+00 -4.236434E+00
 -7.028684E+00 -1.753445E+00 -4.264757E+00
 -7.028684E+00 -1.748091E+00 -4.293080E+00
 -7.028684E+00 -1.730494E+00 -4.294920E+00
 -7.028684E+00 -1.707490E+00 -4.321403E+00
 -7.028684E+00 -1.702171E+00 -4.324544E+00
 -7.028684E+00 -1.673848E+00 -4.324664E+00
 -7.028684E+00 -1.645525E+00 -4.342268E+00
 -7.028684E+00 -1.617202E+00 -4.344490E+00
 -7.028684E+00 -1.605715E+00 -4.349726E+00
 -7.028684E+00 -1.588878E+00 -4.356619E+00
 -7.028684E+00 -1.560555E+00 -4.369800E+00
 -7.028684E+00 -1.532232E+00 -4.373022E+00
 -7.028684E+00 -1.526113E+00 -4.378050E+00
 -7.028684E+00 -1.503909E+00 -4.389894E+00
 -7.028684E+00 -1.475586E+00 -4.390694E+00
 -7.028684E+00 -1.447558E+00 -4.406373E+00
 -7.028684E+00 -1.447263E+00 -4.406509E+00
 -7.028684E+00 -1.446407E+00 -4.406373E+00
Slice   =    152 , Freq(kT, average of all copies)              =   0.3154
Orbit # =      0 , Freq(kT, this largest copy used for outline) =   0.3210
Points  =     45
  kx            ky            kz
  8.104963E+00  7.177418E+00 -2.285671E+00
  8.104963E+00  7.196858E+00 -2.267135E+00
  8.104963E+00  7.206038E+00 -2.257347E+00
  8.104963E+00  7.196858E+00 -2.246975E+00
  8.104963E+00  7.180832E+00 -2.229024E+00
  8.104963E+00  7.168535E+00 -2.224152E+00
  8.104963E+00  7.144841E+00 -2.200701E+00
  8.104963E+00  7.140212E+00 -2.198044E+00
  8.104963E+00  7.121087E+00 -2.200701E+00
  8.104963E+00  7.111889E+00 -2.203913E+00
  8.104963E+00  7.107983E+00 -2.200701E+00
  8.104963E+00  7.083566E+00 -2.190294E+00
  8.104963E+00  7.055243E+00 -2.173247E+00
  8.104963E+00  7.026920E+00 -2.174751E+00
  8.104963E+00  7.022750E+00 -2.172378E+00
  8.104963E+00  6.998597E+00 -2.161352E+00
  8.104963E+00  6.970273E+00 -2.154264E+00
  8.104963E+00  6.952156E+00 -2.144055E+00
  8.104963E+00  6.941950E+00 -2.139551E+00
  8.104963E+00  6.913627E+00 -2.135498E+00
  8.104963E+00  6.885304E+00 -2.128600E+00
  8.104963E+00  6.857870E+00 -2.115732E+00
  8.104963E+00  6.856981E+00 -2.115358E+00
  8.104963E+00  6.856293E+00 -2.115732E+00
  8.104963E+00  6.849578E+00 -2.144055E+00
  8.104963E+00  6.852992E+00 -2.172378E+00
  8.104963E+00  6.856981E+00 -2.179669E+00
  8.104963E+00  6.870498E+00 -2.200701E+00
  8.104963E+00  6.885304E+00 -2.215094E+00
  8.104963E+00  6.895480E+00 -2.229024E+00
  8.104963E+00  6.913627E+00 -2.241288E+00
  8.104963E+00  6.941950E+00 -2.244495E+00
  8.104963E+00  6.956774E+00 -2.257347E+00
  8.104963E+00  6.970273E+00 -2.264445E+00
  8.104963E+00  6.998597E+00 -2.258030E+00
  8.104963E+00  7.026920E+00 -2.270102E+00
  8.104963E+00  7.055243E+00 -2.274518E+00
  8.104963E+00  7.083566E+00 -2.272812E+00
  8.104963E+00  7.102783E+00 -2.285671E+00
  8.104963E+00  7.111889E+00 -2.289352E+00
  8.104963E+00  7.124962E+00 -2.285671E+00
  8.104963E+00  7.140212E+00 -2.274893E+00
  8.104963E+00  7.159910E+00 -2.285671E+00
  8.104963E+00  7.168535E+00 -2.289987E+00
  8.104963E+00  7.177418E+00 -2.285671E+00
Slice   =    201 , Freq(kT, average of all copies)              =   0.3253
Orbit # =      0 , Freq(kT, this largest copy used for outline) =   0.3263
Points  =     45
  kx            ky            kz
  8.117988E+00  7.964578E+00 -4.195356E+00
  8.117988E+00  7.990602E+00 -4.167502E+00
  8.117988E+00  7.991014E+00 -4.167033E+00
  8.117988E+00  7.990602E+00 -4.166347E+00
  8.117988E+00  7.974641E+00 -4.138710E+00
  8.117988E+00  7.962279E+00 -4.133575E+00
  8.117988E+00  7.939109E+00 -4.110387E+00
  8.117988E+00  7.933956E+00 -4.107372E+00
  8.117988E+00  7.909349E+00 -4.110387E+00
  8.117988E+00  7.905632E+00 -4.111493E+00
  8.117988E+00  7.904378E+00 -4.110387E+00
  8.117988E+00  7.877309E+00 -4.098148E+00
  8.117988E+00  7.851379E+00 -4.082064E+00
  8.117988E+00  7.848986E+00 -4.080781E+00
  8.117988E+00  7.820663E+00 -4.080766E+00
  8.117988E+00  7.792340E+00 -4.067723E+00
  8.117988E+00  7.764017E+00 -4.060270E+00
  8.117988E+00  7.751664E+00 -4.053741E+00
  8.117988E+00  7.735694E+00 -4.046551E+00
  8.117988E+00  7.707371E+00 -4.040919E+00
  8.117988E+00  7.679047E+00 -4.036047E+00
  8.117988E+00  7.657970E+00 -4.025417E+00
  8.117988E+00  7.650724E+00 -4.022312E+00
  8.117988E+00  7.645437E+00 -4.025417E+00
  8.117988E+00  7.640528E+00 -4.053741E+00
  8.117988E+00  7.644912E+00 -4.082064E+00
  8.117988E+00  7.650724E+00 -4.092269E+00
  8.117988E+00  7.662843E+00 -4.110387E+00
  8.117988E+00  7.679047E+00 -4.125287E+00
  8.117988E+00  7.689170E+00 -4.138710E+00
  8.117988E+00  7.707371E+00 -4.151043E+00
  8.117988E+00  7.735694E+00 -4.154172E+00
  8.117988E+00  7.751528E+00 -4.167033E+00
  8.117988E+00  7.764017E+00 -4.173685E+00
  8.117988E+00  7.792340E+00 -4.167713E+00
  8.117988E+00  7.820663E+00 -4.179717E+00
  8.117988E+00  7.848986E+00 -4.184281E+00
  8.117988E+00  7.877309E+00 -4.182484E+00
  8.117988E+00  7.897459E+00 -4.195356E+00
  8.117988E+00  7.905632E+00 -4.198534E+00
  8.117988E+00  7.916791E+00 -4.195356E+00
  8.117988E+00  7.933956E+00 -4.182752E+00
  8.117988E+00  7.959543E+00 -4.195356E+00
  8.117988E+00  7.962279E+00 -4.196668E+00
  8.117988E+00  7.964578E+00 -4.195356E+00
Slice   =    107 , Freq(kT, average of all copies)              =   0.8658
Orbit # =      0 , Freq(kT, this largest copy used for outline) =   0.8658
Points  =     83
  kx            ky            kz
  5.455613E+00  5.505703E+00 -2.245312E+00
  5.455613E+00  5.496775E+00 -2.229829E+00
  5.455613E+00  5.486794E+00 -2.216989E+00
  5.455613E+00  5.484122E+00 -2.188665E+00
  5.455613E+00  5.487682E+00 -2.160342E+00
  5.455613E+00  5.474365E+00 -2.132019E+00
  5.455613E+00  5.468452E+00 -2.113382E+00
  5.455613E+00  5.465916E+00 -2.103696E+00
  5.455613E+00  5.468452E+00 -2.091974E+00
  5.455613E+00  5.472000E+00 -2.075373E+00
  5.455613E+00  5.468452E+00 -2.068950E+00
  5.455613E+00  5.456509E+00 -2.047050E+00
  5.455613E+00  5.448419E+00 -2.018727E+00
  5.455613E+00  5.458061E+00 -1.990403E+00
  5.455613E+00  5.453560E+00 -1.962080E+00
  5.455613E+00  5.460524E+00 -1.933757E+00
  5.455613E+00  5.468452E+00 -1.921034E+00
  5.455613E+00  5.480524E+00 -1.905434E+00
  5.455613E+00  5.482737E+00 -1.877111E+00
  5.455613E+00  5.468452E+00 -1.855777E+00
  5.455613E+00  5.460361E+00 -1.848788E+00
  5.455613E+00  5.440129E+00 -1.828256E+00
  5.455613E+00  5.436103E+00 -1.820465E+00
  5.455613E+00  5.411805E+00 -1.794993E+00
  5.455613E+00  5.408570E+00 -1.792142E+00
  5.455613E+00  5.383482E+00 -1.767327E+00
  5.455613E+00  5.380220E+00 -1.763818E+00
  5.455613E+00  5.355159E+00 -1.740517E+00
  5.455613E+00  5.350077E+00 -1.735495E+00
  5.455613E+00  5.326836E+00 -1.713108E+00
  5.455613E+00  5.320336E+00 -1.707172E+00
  5.455613E+00  5.298513E+00 -1.687507E+00
  5.455613E+00  5.287353E+00 -1.678849E+00
  5.455613E+00  5.270190E+00 -1.662744E+00
  5.455613E+00  5.257384E+00 -1.650526E+00
  5.455613E+00  5.241867E+00 -1.636613E+00
  5.455613E+00  5.216591E+00 -1.622203E+00
  5.455613E+00  5.213543E+00 -1.620395E+00
  5.455613E+00  5.211169E+00 -1.622203E+00
  5.455613E+00  5.201134E+00 -1.650526E+00
  5.455613E+00  5.213543E+00 -1.660475E+00
  5.455613E+00  5.230162E+00 -1.678849E+00
  5.455613E+00  5.219257E+00 -1.707172E+00
  5.455613E+00  5.213543E+00 -1.722099E+00
  5.455613E+00  5.209182E+00 -1.735495E+00
  5.455613E+00  5.213543E+00 -1.740268E+00
  5.455613E+00  5.241867E+00 -1.763582E+00
  5.455613E+00  5.242064E+00 -1.763818E+00
  5.455613E+00  5.241867E+00 -1.766408E+00
  5.455613E+00  5.240261E+00 -1.792142E+00
  5.455613E+00  5.232264E+00 -1.820465E+00
  5.455613E+00  5.241867E+00 -1.830380E+00
  5.455613E+00  5.269118E+00 -1.848788E+00
  5.455613E+00  5.270190E+00 -1.858963E+00
  5.455613E+00  5.271540E+00 -1.877111E+00
  5.455613E+00  5.270190E+00 -1.880688E+00
  5.455613E+00  5.262768E+00 -1.905434E+00
  5.455613E+00  5.270190E+00 -1.915928E+00
  5.455613E+00  5.298513E+00 -1.929586E+00
  5.455613E+00  5.303016E+00 -1.933757E+00
  5.455613E+00  5.300346E+00 -1.962080E+00
  5.455613E+00  5.298513E+00 -1.964691E+00
  5.455613E+00  5.286373E+00 -1.990403E+00
  5.455613E+00  5.298513E+00 -2.008739E+00
  5.455613E+00  5.322853E+00 -2.018727E+00
  5.455613E+00  5.326836E+00 -2.041899E+00
  5.455613E+00  5.327179E+00 -2.047050E+00
  5.455613E+00  5.326836E+00 -2.047757E+00
  5.455613E+00  5.318120E+00 -2.075373E+00
  5.455613E+00  5.326836E+00 -2.085736E+00
  5.455613E+00  5.355159E+00 -2.100761E+00
  5.455613E+00  5.360781E+00 -2.103696E+00
  5.455613E+00  5.371430E+00 -2.132019E+00
  5.455613E+00  5.367866E+00 -2.160342E+00
  5.455613E+00  5.383482E+00 -2.171298E+00
  5.455613E+00  5.411805E+00 -2.186018E+00
  5.455613E+00  5.417378E+00 -2.188665E+00
  5.455613E+00  5.429470E+00 -2.216989E+00
  5.455613E+00  5.430664E+00 -2.245312E+00
  5.455613E+00  5.440129E+00 -2.251087E+00
  5.455613E+00  5.468452E+00 -2.258577E+00
  5.455613E+00  5.496775E+00 -2.265556E+00
  5.455613E+00  5.505703E+00 -2.245312E+00
Slice   =    136 , Freq(kT, average of all copies)              =   1.0537
Orbit # =      0 , Freq(kT, this largest copy used for outline) =   1.0734
Points  =     77
  kx            ky            kz
  2.152558E+00  4.182822E+00 -3.621109E+00
  2.152558E+00  4.193215E+00 -3.608301E+00
  2.152558E+00  4.197902E+00 -3.592786E+00
  2.152558E+00  4.195724E+00 -3.564463E+00
  2.152558E+00  4.193215E+00 -3.559963E+00
  2.152558E+00  4.174333E+00 -3.536140E+00
  2.152558E+00  4.173979E+00 -3.507817E+00
  2.152558E+00  4.176621E+00 -3.479494E+00
  2.152558E+00  4.164892E+00 -3.459617E+00
  2.152558E+00  4.157732E+00 -3.451171E+00
  2.152558E+00  4.149124E+00 -3.422847E+00
  2.152558E+00  4.150532E+00 -3.394524E+00
  2.152558E+00  4.136569E+00 -3.369030E+00
  2.152558E+00  4.134274E+00 -3.366201E+00
  2.152558E+00  4.124059E+00 -3.337878E+00
  2.152558E+00  4.128886E+00 -3.309555E+00
  2.152558E+00  4.136569E+00 -3.282361E+00
  2.152558E+00  4.136986E+00 -3.281232E+00
  2.152558E+00  4.138222E+00 -3.252909E+00
  2.152558E+00  4.136569E+00 -3.249811E+00
  2.152558E+00  4.114098E+00 -3.224585E+00
  2.152558E+00  4.112006E+00 -3.196262E+00
  2.152558E+00  4.108246E+00 -3.182427E+00
  2.152558E+00  4.097881E+00 -3.167939E+00
  2.152558E+00  4.079922E+00 -3.160208E+00
  2.152558E+00  4.068487E+00 -3.139616E+00
  2.152558E+00  4.056803E+00 -3.111293E+00
  2.152558E+00  4.051599E+00 -3.105844E+00
  2.152558E+00  4.023276E+00 -3.083892E+00
  2.152558E+00  4.022651E+00 -3.082970E+00
  2.152558E+00  4.004609E+00 -3.054647E+00
  2.152558E+00  3.994953E+00 -3.045715E+00
  2.152558E+00  3.973274E+00 -3.026324E+00
  2.152558E+00  3.966630E+00 -3.018238E+00
  2.152558E+00  3.944475E+00 -2.998000E+00
  2.152558E+00  3.938307E+00 -2.993250E+00
  2.152558E+00  3.910617E+00 -2.969677E+00
  2.152558E+00  3.909984E+00 -2.969072E+00
  2.152558E+00  3.881661E+00 -2.956205E+00
  2.152558E+00  3.862892E+00 -2.969677E+00
  2.152558E+00  3.878065E+00 -2.998000E+00
  2.152558E+00  3.874310E+00 -3.026324E+00
  2.152558E+00  3.870013E+00 -3.054647E+00
  2.152558E+00  3.881661E+00 -3.068973E+00
  2.152558E+00  3.891309E+00 -3.082970E+00
  2.152558E+00  3.888674E+00 -3.111293E+00
  2.152558E+00  3.888749E+00 -3.139616E+00
  2.152558E+00  3.909984E+00 -3.163285E+00
  2.152558E+00  3.913552E+00 -3.167939E+00
  2.152558E+00  3.912075E+00 -3.196262E+00
  2.152558E+00  3.913082E+00 -3.224585E+00
  2.152558E+00  3.937498E+00 -3.252909E+00
  2.152558E+00  3.932503E+00 -3.281232E+00
  2.152558E+00  3.915561E+00 -3.309555E+00
  2.152558E+00  3.938307E+00 -3.333116E+00
  2.152558E+00  3.942773E+00 -3.337878E+00
  2.152558E+00  3.947104E+00 -3.366201E+00
  2.152558E+00  3.938307E+00 -3.389677E+00
  2.152558E+00  3.935391E+00 -3.394524E+00
  2.152558E+00  3.938307E+00 -3.396718E+00
  2.152558E+00  3.966630E+00 -3.418445E+00
  2.152558E+00  3.973381E+00 -3.422847E+00
  2.152558E+00  3.990997E+00 -3.451171E+00
  2.152558E+00  3.993160E+00 -3.479494E+00
  2.152558E+00  3.994953E+00 -3.480814E+00
  2.152558E+00  4.023276E+00 -3.498003E+00
  2.152558E+00  4.038533E+00 -3.507817E+00
  2.152558E+00  4.051599E+00 -3.532271E+00
  2.152558E+00  4.054198E+00 -3.536140E+00
  2.152558E+00  4.073220E+00 -3.564463E+00
  2.152558E+00  4.079922E+00 -3.568854E+00
  2.152558E+00  4.108246E+00 -3.589494E+00
  2.152558E+00  4.115001E+00 -3.592786E+00
  2.152558E+00  4.136569E+00 -3.610247E+00
  2.152558E+00  4.147925E+00 -3.621109E+00
  2.152558E+00  4.164892E+00 -3.638185E+00
  2.152558E+00  4.182822E+00 -3.621109E+00
