0	-280.52357	-280.52354	 1892923.86049	-1209960.59289	-3789556.42574	 3106607.56161	-0.47214	-0.47214	 257992.25228	-280904.37249	 356540.99063	-333624.55788	
1	-279.58380	-279.62265	 0.09291	 0.09850	 0.38505	 0.37815	-0.47294	-0.46795	 0.27043	 0.26934	 0.31178	 0.31365	
2	-276.84705	-276.85609	 0.26028	 0.26310	 0.22682	 0.19247	-0.47028	-0.46030	 0.30124	 0.29837	 0.27228	 0.27528	
3	-272.29483	-272.29806	 0.26208	 0.26621	 0.20352	 0.19100	-0.46420	-0.44922	 0.30271	 0.29800	 0.25635	 0.26029	
4	-265.98393	-265.98392	 0.24536	 0.25152	 0.16720	 0.23114	-0.45476	-0.43479	 0.29290	 0.28656	 0.24583	 0.25082	
5	-257.97922	-257.97627	 0.22203	 0.23050	 0.18284	 0.22477	-0.44207	-0.41711	 0.27837	 0.27052	 0.23445	 0.24055	
6	-248.36178	-248.35555	 0.19414	 0.20518	 0.19457	 0.22394	-0.42624	-0.39629	 0.26103	 0.25169	 0.22073	 0.22795	
7	-237.22857	-237.21844	 0.16238	 0.17624	 0.20313	 0.22694	-0.40742	-0.37250	 0.24149	 0.23060	 0.20444	 0.21279	
8	-224.69151	-224.67670	 0.12715	 0.14409	 0.21028	 0.23158	-0.38577	-0.34592	 0.22006	 0.20751	 0.18577	 0.19521	
9	-210.87624	-210.85586	 0.08886	 0.10916	 0.21662	 0.23692	-0.36150	-0.31676	 0.19694	 0.18262	 0.16497	 0.17548	
10	-195.92065	-195.89377	 0.04795	 0.07185	 0.22233	 0.24248	-0.33480	-0.28525	 0.17234	 0.15613	 0.14239	 0.15391	
11	-179.97337	-179.93899	 0.00488	 0.03263	 0.22740	 0.24794	-0.30593	-0.25166	 0.14648	 0.12827	 0.11838	 0.13084	
12	-163.19198	-163.14909	-0.03982	-0.00804	 0.23173	 0.25304	-0.27515	-0.21628	 0.11957	 0.09929	 0.09329	 0.10658	
13	-145.74116	-145.68878	-0.08560	-0.04965	 0.23520	 0.25754	-0.24272	-0.17941	 0.09187	 0.06947	 0.06750	 0.08148	
14	-127.79078	-127.72791	-0.13185	-0.09169	 0.23764	 0.26123	-0.20894	-0.14141	 0.06365	 0.03908	 0.04139	 0.05587	
15	-109.51376	-109.43946	-0.17795	-0.13362	 0.23890	 0.26390	-0.17413	-0.10260	 0.03518	 0.00844	 0.01532	 0.03008	
16	-91.08406	-90.99745	-0.22326	-0.17492	 0.23880	 0.26535	-0.13862	-0.06338	 0.00675	-0.02216	-0.01031	 0.00442	
17	-72.67453	-72.57478	-0.26714	-0.21503	 0.23718	 0.26538	-0.10275	-0.02413	-0.02135	-0.05239	-0.03515	-0.02081	
18	-54.45479	-54.34113	-0.30892	-0.25342	 0.23391	 0.26382	-0.06686	 0.01476	-0.04881	-0.08194	-0.05883	-0.04532	
19	-36.58913	-36.46090	-0.34799	-0.28955	 0.22883	 0.26049	-0.03134	 0.05289	-0.07531	-0.11046	-0.08099	-0.06887	
20	-19.23458	-19.09120	-0.38372	-0.32287	 0.22184	 0.25524	 0.00346	 0.08983	-0.10056	-0.13765	-0.10131	-0.09123	
21	-2.53894	-2.37995	-0.41556	-0.35288	 0.21283	 0.24795	 0.03716	 0.12520	-0.12423	-0.16316	-0.11944	-0.11221	
22	 13.36091	 13.53584	-0.44296	-0.37908	 0.20174	 0.23850	 0.06939	 0.15859	-0.14603	-0.18669	-0.13509	-0.13169	
23	 28.34059	 28.53167	-0.46545	-0.40099	 0.18852	 0.22680	 0.09980	 0.18961	-0.16566	-0.20791	-0.14793	-0.14959	
24	 42.28959	 42.49683	-0.48260	-0.41818	 0.17315	 0.21281	 0.12802	 0.21791	-0.18283	-0.22653	-0.15766	-0.16588	
25	 55.11239	 55.33562	-0.49406	-0.43026	 0.15566	 0.19651	 0.15374	 0.24315	-0.19729	-0.24229	-0.16397	-0.18063	
26	 66.72931	 66.96812	-0.49953	-0.43689	 0.13608	 0.17789	 0.17663	 0.26503	-0.20880	-0.25493	-0.16653	-0.19399	
27	 77.07716	 77.33086	-0.49880	-0.43780	 0.11449	 0.15702	 0.19644	 0.28328	-0.21716	-0.26423	-0.16501	-0.20620	
28	 86.10955	 86.37709	-0.49174	-0.43275	 0.09101	 0.13397	 0.21291	 0.29769	-0.22220	-0.27004	-0.15909	-0.21754	
29	 93.79691	 94.07688	-0.47829	-0.42160	 0.06578	 0.10886	 0.22585	 0.30809	-0.22382	-0.27222	-0.14871	-0.22814	
30	 100.12634	 100.41684	-0.45845	-0.40427	 0.03897	 0.08186	 0.23513	 0.31440	-0.22194	-0.27071	-0.13458	-0.23741	
31	 105.10106	 105.39969	-0.43233	-0.38076	 0.01078	 0.05315	 0.24067	 0.31655	-0.21658	-0.26550	-0.12005	-0.24218	
32	 108.73977	 109.04353	-0.40011	-0.35113	-0.01855	 0.02297	 0.24243	 0.31458	-0.20778	-0.25663	-0.11588	-0.23196	
33	 111.07564	 111.38095	-0.36201	-0.31552	-0.04878	-0.00843	 0.24046	 0.30858	-0.19567	-0.24425	-0.14910	-0.18005	
34	 112.15528	 112.45790	-0.31836	-0.27415	-0.07962	-0.04077	 0.23486	 0.29872	-0.18045	-0.22852	-0.25710	-0.04943	
35	 112.03738	 112.33252	-0.26952	-0.22732	-0.11080	-0.07372	 0.22581	 0.28521	-0.16237	-0.20970	-0.40939	 0.12898	
36	 110.79134	 111.07374	-0.21591	-0.17537	-0.14200	-0.10695	 0.21354	 0.26837	-0.14174	-0.18811	-0.47256	 0.22131	
37	 108.49579	 108.75991	-0.15802	-0.11871	-0.17292	-0.14014	 0.19837	 0.24853	-0.11895	-0.16412	-0.41725	 0.19769	
38	 105.23702	 105.47731	-0.09634	-0.05783	-0.20324	-0.17291	 0.18064	 0.22612	-0.09441	-0.13816	-0.32390	 0.13805	
39	 101.10742	 101.31871	-0.03142	 0.00676	-0.23266	-0.20492	 0.16076	 0.20159	-0.06858	-0.11067	-0.24009	 0.08941	
40	 96.20392	 96.38183	 0.03619	 0.07449	-0.26086	-0.23582	 0.13918	 0.17544	-0.04197	-0.08217	-0.17419	 0.05960	
41	 90.62657	 90.76793	 0.10592	 0.14473	-0.28756	-0.26526	 0.11640	 0.14820	-0.01508	-0.05317	-0.12283	 0.04470	
42	 84.47708	 84.58032	 0.17721	 0.21685	-0.31247	-0.29292	 0.09292	 0.12043	 0.01154	-0.02420	-0.08170	 0.03986	
43	 77.85759	 77.92297	 0.24953	 0.29014	-0.33535	-0.31849	 0.06927	 0.09269	 0.03738	 0.00421	-0.04769	 0.04145	
44	 70.86947	 70.89915	 0.32238	 0.36387	-0.35595	-0.34169	 0.04598	 0.06553	 0.06191	 0.03154	-0.01879	 0.04698	
45	 63.61231	 63.61020	 0.39532	 0.43725	-0.37407	-0.36228	 0.02356	 0.03952	 0.08463	 0.05729	 0.00619	 0.05478	
46	 56.18298	 56.15436	 0.46797	 0.50946	-0.38953	-0.38005	 0.00252	 0.01518	 0.10510	 0.08101	 0.02800	 0.06368	
47	 48.67490	 48.62560	 0.54005	 0.57961	-0.40220	-0.39481	-0.01666	-0.00699	 0.12287	 0.10225	 0.04706	 0.07289	
48	 41.17823	 41.11186	 0.61132	 0.64682	-0.41195	-0.40645	-0.03356	-0.02654	 0.13758	 0.12065	 0.06364	 0.08180	
49	 33.79415	 33.67931	 0.68151	 0.71030	-0.41871	-0.41487	-0.04779	-0.04307	 0.14891	 0.13588	 0.07790	 0.08999	
50	 26.48744	 26.51863	 0.75008	 0.76955	-0.42243	-0.42004	-0.05901	-0.05624	 0.15659	 0.14768	 0.08993	 0.09713	
51	 19.51083	 19.51967	 0.81600	 0.82468	-0.42309	-0.42196	-0.06697	-0.06577	 0.16044	 0.15586	 0.09982	 0.10299	
52	 12.83788	 12.83785	 0.87705	 0.87704	-0.42070	-0.42070	-0.07146	-0.07146	 0.16030	 0.16030	 0.10751	 0.10751	
53	 6.54210	 6.51441	 0.93143	 0.92763	-0.41531	-0.41637	-0.07236	-0.07318	 0.15614	 0.16092	 0.11319	 0.11049	
54	 0.67146	 0.60161	 0.97839	 0.97647	-0.40698	-0.40912	-0.06962	-0.07087	 0.14799	 0.15772	 0.11699	 0.11179	
55	-4.73635	-4.85276	 1.01792	 1.02295	-0.39577	-0.39915	-0.06325	-0.06458	 0.13591	 0.15080	 0.11890	 0.11150	
56	-9.64562	-9.81373	 1.05159	 1.06490	-0.38180	-0.38672	-0.05337	-0.05441	 0.12007	 0.14029	 0.11905	 0.10963	
57	-14.02867	-14.25297	 1.08075	 1.10049	-0.36519	-0.37210	-0.04013	-0.04054	 0.10070	 0.12640	 0.11756	 0.10623	
58	-17.86512	-18.14923	 1.10589	 1.12879	-0.34606	-0.35559	-0.02380	-0.02324	 0.07811	 0.10936	 0.11458	 0.10138	
59	-21.14167	-21.48825	 1.12677	 1.14968	-0.32460	-0.33751	-0.00466	-0.00283	 0.05268	 0.08945	 0.11028	 0.09517	
60	-23.85178	-24.26254	 1.14286	 1.16337	-0.30101	-0.31817	 0.01691	 0.02031	 0.02495	 0.06693	 0.10482	 0.08774	
61	-25.99536	-26.47106	 1.15360	 1.17020	-0.27556	-0.29784	 0.04051	 0.04572	-0.00437	 0.04191	 0.09842	 0.07921	
62	-27.57844	-28.11892	 1.15851	 1.17043	-0.24857	-0.27675	 0.06566	 0.07292	-0.03409	 0.01416	 0.09127	 0.06973	
63	-28.61278	-29.21698	 1.15725	 1.16424	-0.22042	-0.25508	 0.09188	 0.10138	-0.06190	-0.01763	 0.08358	 0.05947	
64	-29.11540	-29.78142	 1.14958	 1.15178	-0.19156	-0.23295	 0.11866	 0.13055	-0.08340	-0.05682	 0.07556	 0.04858	
65	-29.10817	-29.83332	 1.13535	 1.13312	-0.16244	-0.21046	 0.14547	 0.15984	-0.09962	-0.10129	 0.06742	 0.03726	
66	-28.61731	-29.39819	 1.11448	 1.10832	-0.13348	-0.18773	 0.17179	 0.18867	-0.14549	-0.11501	 0.05928	 0.02573	
67	-27.67290	-28.50545	 1.08693	 1.07741	-0.10507	-0.16490	 0.19709	 0.21645	-0.18921	-0.12870	 0.05122	 0.01430	
68	-26.30835	-27.18794	 1.05271	 1.04045	-0.07752	-0.14215	 0.22092	 0.24256	-0.20542	-0.16662	 0.04318	 0.00336	
69	-24.55991	-25.48143	 1.01186	 0.99747	-0.05107	-0.11971	 0.24288	 0.26638	-0.21811	-0.20374	 0.03499	-0.00659	
70	-22.46613	-23.42406	 0.96444	 0.94853	-0.02588	-0.09784	 0.26278	 0.28712	-0.23192	-0.23443	 0.02653	-0.01515	
71	-20.06735	-21.05586	 0.91057	 0.89369	-0.00211	-0.07678	 0.28119	 0.30334	-0.24580	-0.25882	 0.01792	-0.02217	
72	-17.40519	-18.41820	 0.85039	 0.83303	 0.02011	-0.05675	 0.30254	 0.30981	-0.25850	-0.27730	 0.00952	-0.02781	
73	-14.52203	-15.55335	 0.78406	 0.76668	 0.04066	-0.03793	 0.33717	 0.29550	-0.26914	-0.29001	 0.00174	-0.03230	
74	-11.46059	-12.50393	 0.71178	 0.69477	 0.05940	-0.02044	 0.34654	 0.29839	-0.27711	-0.29692	-0.00512	-0.03580	
75	-8.26338	-9.31250	 0.63380	 0.61747	 0.07623	-0.00439	 0.34756	 0.30112	-0.28200	-0.29795	-0.01092	-0.03840	
76	-4.97235	-6.02106	 0.55039	 0.53499	 0.09104	 0.01018	 0.34505	 0.29855	-0.28349	-0.29303	-0.01560	-0.04013	
77	-1.62840	-2.67070	 0.46187	 0.44757	 0.10377	 0.02324	 0.33811	 0.29138	-0.28134	-0.28218	-0.01915	-0.04100	
78	 1.72892	 0.69882	 0.36861	 0.35551	 0.11436	 0.03478	 0.32647	 0.27981	-0.27535	-0.26552	-0.02162	-0.04104	
79	 5.06184	 4.04943	 0.27099	 0.25915	 0.12281	 0.04480	 0.31009	 0.26393	-0.26536	-0.24332	-0.02309	-0.04031	
80	 8.33459	 7.34507	 0.16948	 0.15886	 0.12915	 0.05333	 0.28902	 0.24388	-0.25122	-0.21597	-0.02365	-0.03888	
81	 11.51375	 10.55192	 0.06456	 0.05507	 0.13344	 0.06039	 0.26338	 0.21979	-0.23281	-0.18403	-0.02343	-0.03683	
82	 14.56846	 13.63872	-0.04326	-0.05172	 0.13578	 0.06605	 0.23339	 0.19185	-0.21007	-0.14815	-0.02257	-0.03428	
83	 17.47061	 16.57692	-0.15339	-0.16100	 0.13630	 0.07035	 0.19932	 0.16024	-0.18301	-0.10908	-0.02121	-0.03137	
84	 20.19500	 19.34087	-0.26525	-0.27220	 0.13515	 0.07338	 0.16150	 0.12520	-0.15173	-0.06763	-0.01954	-0.02826	
85	 22.71948	 21.90794	-0.37821	-0.38471	 0.13250	 0.07522	 0.12030	 0.08696	-0.11649	-0.02461	-0.01773	-0.02510	
86	 25.02500	 24.25862	-0.49160	-0.49788	 0.12855	 0.07597	 0.07611	 0.04581	-0.07773	 0.01918	-0.01596	-0.02209	
87	 27.09571	 26.37654	-0.60476	-0.61106	 0.12348	 0.07575	 0.02935	 0.00205	-0.03602	 0.06301	-0.01444	-0.01941	
88	 28.91891	 28.24854	-0.71701	-0.72354	 0.11752	 0.07468	-0.01958	-0.04400	 0.00787	 0.10617	-0.01336	-0.01726	
89	 30.48505	 29.86460	-0.82765	-0.83463	 0.11087	 0.07289	-0.07027	-0.09197	 0.05302	 0.14804	-0.01290	-0.01582	
90	 31.78769	 31.21780	-0.93601	-0.94361	 0.10374	 0.07052	-0.12233	-0.14149	 0.09843	 0.18800	-0.01327	-0.01528	
91	 32.82340	 32.30426	-1.04140	-1.04978	 0.09632	 0.06770	-0.17538	-0.19220	 0.14301	 0.22548	-0.01464	-0.01584	
92	 33.59163	 33.12302	-1.14318	-1.15244	 0.08881	 0.06456	-0.22903	-0.24372	 0.18565	 0.25987	-0.01718	-0.01765	
93	 34.09460	 33.67589	-1.24071	-1.25091	 0.08138	 0.06122	-0.28294	-0.29569	 0.22524	 0.29060	-0.02104	-0.02087	
94	 34.33714	 33.96729	-1.33339	-1.34455	 0.07417	 0.05781	-0.33677	-0.34774	 0.26073	 0.31702	-0.02636	-0.02565	
95	 34.32647	 34.00412	-1.42066	-1.43272	 0.06731	 0.05442	-0.39018	-0.39956	 0.29111	 0.33853	-0.03325	-0.03209	
96	 34.07205	 33.79550	-1.50201	-1.51484	 0.06091	 0.05111	-0.44289	-0.45082	 0.31546	 0.35449	-0.04179	-0.04030	
97	 33.58535	 33.35260	-1.57698	-1.59037	 0.05503	 0.04795	-0.49460	-0.50122	 0.33296	 0.36428	-0.05205	-0.05033	
98	 32.87961	 32.68842	-1.64514	-1.65881	 0.04969	 0.04495	-0.54506	-0.55049	 0.34290	 0.36730	-0.06406	-0.06222	
99	 31.96965	 31.81756	-1.70615	-1.71968	 0.04491	 0.04210	-0.59403	-0.59838	 0.34466	 0.36301	-0.07781	-0.07596	
100	 30.87162	 30.75596	-1.75972	-1.77257	 0.04065	 0.03935	-0.64129	-0.64465	 0.33775	 0.35092	-0.09327	-0.09155	
101	 29.60275	 29.52073	-1.80563	-1.81709	 0.03683	 0.03662	-0.68665	-0.68910	 0.32181	 0.33062	-0.11038	-0.10890	
102	 28.18110	 28.12989	-1.84373	-1.85287	 0.03335	 0.03376	-0.72993	-0.73153	 0.29661	 0.30183	-0.12903	-0.12791	
103	 26.62517	 26.60232	-1.87397	-1.87957	 0.03008	 0.03060	-0.77098	-0.77177	 0.26202	 0.26432	-0.14910	-0.14847	
104	 24.95560	 24.95560	-1.89661	-1.89661	 0.02688	 0.02688	-0.80965	-0.80965	 0.21805	 0.21805	-0.17041	-0.17041	
105	 23.19078	 23.21000	-1.91188	-1.90355	 0.02361	 0.02231	-0.84581	-0.84504	 0.16492	 0.16303	-0.19276	-0.19351	
106	 21.34844	 21.38642	-1.91925	-1.90077	 0.02020	 0.01643	-0.87934	-0.87780	 0.10291	 0.09947	-0.21593	-0.21756	
107	 19.44941	 19.50225	-1.91781	-1.88914	 0.01671	 0.00860	-0.91013	-0.90780	 0.03244	 0.02770	-0.23966	-0.24231	
108	 17.51223	 17.57645	-1.89595	-1.88028	 0.01361	-0.00226	-0.93808	-0.93492	-0.04589	-0.05181	-0.26368	-0.26746	
109	 15.55510	 15.62721	-1.84147	-1.88648	 0.01265	-0.01854	-0.96307	-0.95904	-0.13138	-0.13846	-0.28767	-0.29271	
110	 13.59562	 13.67188	-1.90992	-1.75236	 0.02109	-0.04817	-0.98501	-0.98004	-0.22319	-0.23149	-0.31133	-0.31775	
111	 11.65068	 11.72689	-1.88928	-1.69016	 0.10193	-0.15480	-1.00378	-0.99780	-0.32037	-0.33002	-0.33431	-0.34223	
112	 9.73646	 9.80743	-1.82684	-1.65286	 0.04098	-0.12488	-1.01927	-1.01219	-0.42183	-0.43305	-0.35629	-0.36581	
113	 7.86854	 7.92715	-1.75775	-1.60564	 0.00369	-0.12446	-1.03135	-1.02307	-0.52641	-0.53947	-0.37691	-0.38813	
114	 6.06212	 6.09784	-1.68391	-1.54704	-0.03376	-0.13023	-1.03988	-1.03028	-0.63286	-0.64805	-0.39583	-0.40884	
115	 4.33034	 4.33085	-1.60449	-1.47832	-0.06522	-0.14882	-1.04472	-1.03367	-0.73984	-0.75750	-0.41270	-0.42759	
116	 2.66287	 2.65849	-1.51897	-1.40056	-0.09677	-0.17449	-1.04569	-1.03304	-0.84595	-0.86645	-0.42721	-0.44404	
117	 0.96971	 1.19011	-1.42714	-1.31455	-0.13031	-0.20552	-1.04261	-1.02820	-0.94978	-0.97348	-0.43903	-0.45786	
118	-0.55410	-0.25259	-1.32902	-1.22095	-0.16661	-0.24122	-1.03526	-1.01893	-1.04988	-1.07712	-0.44787	-0.46875	
119	-1.85980	-1.70435	-1.22481	-1.12032	-0.20596	-0.28117	-1.02342	-1.00498	-1.14479	-1.17591	-0.45346	-0.47642	
120	-3.08610	-3.01503	-1.11480	-1.01321	-0.24842	-0.32501	-1.00684	-0.98609	-1.23309	-1.26841	-0.45556	-0.48061	
121	-4.22199	-4.18687	-0.99936	-0.90017	-0.29383	-0.37236	-0.98523	-0.96196	-1.31339	-1.35319	-0.45397	-0.48111	
122	-5.25122	-5.22984	-0.87895	-0.78176	-0.34192	-0.42274	-0.95829	-0.93228	-1.38437	-1.42888	-0.44850	-0.47773	
123	-6.16583	-6.14810	-0.75407	-0.65861	-0.39225	-0.47559	-0.92570	-0.89670	-1.44478	-1.49422	-0.43903	-0.47031	
124	-6.96226	-6.94374	-0.62531	-0.53134	-0.44425	-0.53024	-0.88708	-0.85484	-1.49350	-1.54802	-0.42548	-0.45876	
125	-7.63940	-7.61864	-0.49329	-0.40066	-0.49721	-0.58588	-0.84206	-0.80631	-1.52952	-1.58925	-0.40778	-0.44301	
126	-8.19785	-8.17504	-0.35870	-0.26728	-0.55031	-0.64160	-0.79020	-0.75067	-1.55199	-1.61700	-0.38596	-0.42305	
127	-8.63957	-8.61579	-0.22228	-0.13200	-0.60256	-0.69636	-0.73103	-0.68742	-1.56025	-1.63059	-0.36004	-0.39891	
128	-8.96771	-8.94436	-0.08483	 0.00436	-0.65289	-0.74903	-0.66405	-0.61605	-1.55382	-1.62950	-0.33014	-0.37067	
129	-9.18637	-9.16487	 0.05283	 0.14094	-0.70008	-0.79833	-0.58866	-0.53596	-1.53247	-1.61349	-0.29639	-0.33846	
130	-9.30053	-9.28206	 0.18982	 0.27682	-0.74284	-0.84291	-0.50419	-0.44648	-1.49623	-1.58259	-0.25898	-0.30244	
131	-9.31588	-9.30126	 0.32522	 0.41107	-0.77975	-0.88135	-0.40985	-0.34683	-1.44544	-1.53716	-0.21814	-0.26285	
132	-9.23870	-9.22839	 0.45811	 0.54273	-0.80936	-0.91213	-0.30467	-0.23604	-1.38082	-1.47797	-0.17414	-0.21994	
133	-9.07572	-9.06986	 0.58753	 0.67081	-0.83013	-0.93370	-0.18740	-0.11294	-1.30355	-1.40627	-0.12731	-0.17401	
134	-8.83409	-8.83251	 0.71250	 0.79433	-0.84050	-0.94448	-0.05635	 0.02407	-1.21543	-1.32399	-0.07799	-0.12540	
135	-8.52120	-8.52357	 0.83205	 0.91228	-0.83889	-0.94289	 0.09080	 0.17714	-1.11907	-1.23396	-0.02656	-0.07448	
136	-8.14471	-8.15057	 0.94523	 1.02368	-0.82376	-0.92735	 0.25751	 0.34943	-1.01832	-1.14035	 0.02656	-0.02165	
137	-7.71238	-7.72127	 1.05110	 1.12759	-0.79358	-0.89634	 0.44913	 0.54576	-0.91896	-1.04947	 0.08095	 0.03267	
138	-7.23207	-7.24354	 1.14874	 1.22307	-0.74690	-0.84841	 0.67442	 0.77398	-0.83003	-0.97125	 0.13615	 0.08803	
139	-6.71163	-6.72537	 1.23729	 1.30924	-0.68237	-0.78221	 0.94868	 1.04775	-0.76667	-0.92238	 0.19170	 0.14400	
140	-6.15890	-6.17470	 1.31594	 1.38527	-0.59878	-0.69649	 1.30082	 1.39289	-0.75647	-0.93332	 0.24713	 0.20009	
141	-5.58162	-5.59943	 1.38393	 1.45042	-0.49503	-0.59020	 1.79144	 1.86361	-0.85571	-1.06635	 0.30197	 0.25586	
142	-4.98742	-5.00725	 1.44059	 1.50400	-0.37026	-0.46244	 2.56715	 2.59181	-1.19872	-1.46983	 0.35574	 0.31082	
143	-4.38375	-4.40565	 1.48535	 1.54543	-0.22377	-0.31253	 4.06804	 3.97722	-2.18806	-2.58563	 0.40799	 0.36455	
144	-3.77786	-3.80184	 1.51771	 1.57422	-0.05514	-0.14001	 8.18642	 7.77729	-5.58449	-6.30769	 0.45828	 0.41658	
145	-3.17673	-3.20269	 1.53729	 1.59000	 0.13582	 0.05529	 29.62073	 29.40892	-26.80878	-27.33591	 0.50617	 0.46651	
146	-2.58699	-2.61470	 1.54382	 1.59249	 0.34902	 0.27328	-36.51383	-35.59343	 38.59997	 39.21355	 0.55127	 0.51393	
147	-2.01495	-2.04399	 1.53714	 1.58156	 0.58403	 0.51358	-3.11461	-2.47655	 5.88266	 6.23804	 0.59322	 0.55847	
148	-1.46644	-1.49623	 1.51723	 1.55720	 0.84015	 0.77546	 0.87612	 1.04017	 2.74963	 2.68277	 0.63167	 0.59980	
149	-0.94687	-0.97665	 1.48419	 1.51952	 1.11631	 1.05789	 2.05442	 2.00820	 2.12694	 1.96785	 0.66633	 0.63761	
150	-0.46112	-0.49000	 1.43825	 1.46877	 1.41113	 1.35948	 2.79107	 2.31020	 2.00768	 1.84032	 0.69694	 0.67164	
151	-0.01354	-0.04050	 1.37975	 1.40533	 1.72286	 1.67850	 5.44911	 0.33736	 2.03805	 1.89325	 0.72328	 0.70166	
152	 0.39208	 0.36815	 1.30919	 1.32972	 2.04942	 2.01287	 3.20425	 3.11803	 2.12231	 2.01179	 0.74519	 0.72748	
153	 0.75251	 0.73281	 1.22718	 1.24257	 2.38839	 2.36017	 3.37163	 3.40612	 2.22770	 2.15314	 0.76253	 0.74897	
154	 1.06515	 1.05091	 1.13445	 1.14465	 2.73700	 2.71765	 3.58540	 3.59370	 2.34079	 2.29807	 0.77524	 0.76602	
155	 1.32798	 1.32047	 1.03188	 1.03681	 3.09218	 3.08222	 3.76811	 3.76840	 2.45471	 2.43701	 0.78328	 0.77859	
156	 1.53987	 1.53986	 0.92023	 0.92023	 3.45053	 3.45053	 3.92673	 3.92673	 2.56494	 2.56494	 0.78666	 0.78666	
157	 1.69968	 1.70864	 0.80068	 0.79586	 3.80845	 3.81886	 4.06365	 4.06679	 2.66774	 2.67929	 0.78544	 0.79025	
158	 1.80719	 1.82671	 0.67456	 0.66471	 4.16201	 4.18337	 4.17920	 4.18736	 2.75997	 2.77860	 0.77973	 0.78944	
159	 1.86305	 1.89427	 0.54288	 0.52824	 4.50711	 4.53993	 4.27312	 4.28727	 2.83906	 2.86180	 0.76966	 0.78433	
160	 1.86827	 1.91233	 0.40697	 0.38774	 4.83949	 4.88425	 4.34476	 4.36553	 2.90282	 2.92806	 0.75542	 0.77507	
161	 1.82445	 1.88247	 0.26814	 0.24459	 5.15475	 5.21192	 4.39342	 4.42123	 2.94945	 2.97662	 0.73721	 0.76182	
162	 1.73376	 1.80678	 0.12780	 0.10020	 5.44843	 5.51847	 4.41844	 4.45361	 2.97755	 3.00674	 0.71529	 0.74478	
163	 1.59888	 1.68789	-0.01266	-0.04399	 5.71605	 5.79941	 4.41923	 4.46200	 2.98600	 3.01772	 0.68991	 0.72419	
164	 1.42301	 1.52888	-0.15182	-0.18654	 5.95317	 6.05026	 4.39537	 4.44591	 2.97397	 3.00899	 0.66137	 0.70028	
165	 1.20978	 1.33327	-0.28827	-0.32600	 6.15544	 6.26667	 4.34655	 4.40501	 2.94089	 2.98006	 0.62998	 0.67332	
166	 0.96327	 1.10500	-0.42060	-0.46096	 6.31869	 6.44444	 4.27265	 4.33910	 2.88643	 2.93062	 0.59605	 0.64358	
167	 0.68788	 0.84831	-0.54746	-0.59004	 6.43896	 6.57959	 4.17369	 4.24819	 2.81049	 2.86052	 0.55991	 0.61136	
168	 0.38837	 0.56779	-0.66753	-0.71191	 6.51258	 6.66844	 4.04987	 4.13245	 2.71319	 2.76979	 0.52190	 0.57694	
169	 0.06973	 0.26823	-0.77954	-0.82531	 6.53626	 6.70765	 3.90157	 3.99223	 2.59489	 2.65869	 0.48234	 0.54061	
170	-0.26282	-0.04536	-0.88230	-0.92904	 6.50710	 6.69430	 3.72932	 3.82805	 2.45617	 2.52766	 0.44157	 0.50267	
171	-0.60395	-0.36787	-0.97471	-1.02203	 6.42266	 6.62594	 3.53386	 3.64060	 2.29783	 2.37739	 0.39989	 0.46340	
172	-0.94821	-0.69409	-1.05577	-1.10327	 6.28107	 6.50063	 3.31608	 3.43076	 2.12087	 2.20876	 0.35761	 0.42308	
173	-1.29017	-1.01882	-1.12458	-1.17188	 6.08101	 6.31703	 3.07703	 3.19958	 1.92653	 2.02284	 0.31502	 0.38196	
174	-1.62443	-1.33691	-1.18036	-1.22712	 5.82179	 6.07439	 2.81794	 2.94825	 1.71622	 1.82094	 0.27238	 0.34031	
175	-1.94570	-1.64330	-1.22245	-1.26835	 5.50339	 5.77266	 2.54020	 2.67815	 1.49155	 1.60452	 0.22994	 0.29835	
176	-2.24889	-1.93311	-1.25032	-1.29508	 5.12649	 5.41243	 2.24534	 2.39080	 1.25428	 1.37524	 0.18792	 0.25630	
177	-2.52912	-2.20169	-1.26361	-1.30697	 4.69248	 4.99503	 1.93505	 2.08785	 1.00635	 1.13491	 0.14650	 0.21436	
178	-2.78182	-2.44466	-1.26207	-1.30380	 4.20351	 4.52253	 1.61114	 1.77112	 0.74982	 0.88548	 0.10587	 0.17270	
179	-3.00281	-2.65796	-1.24560	-1.28553	 3.66245	 3.99771	 1.27557	 1.44253	 0.48684	 0.62900	 0.06616	 0.13147	
180	-3.18827	-2.83792	-1.21427	-1.25224	 3.07292	 3.42409	 0.93040	 1.10410	 0.21968	 0.36763	 0.02747	 0.09080	
181	-3.33489	-2.98131	-1.16828	-1.20417	 2.43928	 2.80590	 0.57778	 0.75797	-0.04936	 0.10360	-0.01011	 0.05080	
182	-3.43985	-3.08534	-1.10798	-1.14172	 1.76660	 2.14809	 0.21999	 0.40636	-0.31792	-0.16082	-0.04653	 0.01156	
183	-3.50089	-3.14774	-1.03387	-1.06540	 1.06062	 1.45626	-0.14068	 0.05154	-0.58366	-0.42336	-0.08175	-0.02686	
184	-3.51633	-3.16678	-0.94659	-0.97589	 0.32772	 0.73663	-0.50183	-0.30416	-0.84424	-0.68172	-0.11576	-0.06441	
185	-3.48510	-3.14129	-0.84690	-0.87398	-0.42512	-0.00401	-0.86105	-0.65837	-1.09735	-0.93368	-0.14859	-0.10105	
186	-3.40677	-3.07071	-0.73571	-0.76058	-1.19041	-0.75833	-1.21592	-1.00875	-1.34080	-1.17705	-0.18026	-0.13677	
187	-3.28155	-2.95506	-0.61401	-0.63674	-1.96021	-1.51861	-1.56401	-1.35293	-1.57244	-1.40972	-0.21082	-0.17156	
188	-3.11028	-2.79499	-0.48295	-0.50359	-2.72618	-2.27671	-1.90291	-1.68859	-1.79029	-1.62971	-0.24032	-0.20542	
189	-2.89448	-2.59177	-0.34372	-0.36237	-3.47973	-3.02427	-2.23027	-2.01349	-1.99247	-1.83516	-0.26882	-0.23835	
190	-2.63625	-2.34729	-0.19763	-0.21438	-4.21206	-3.75270	-2.54381	-2.32542	-2.17730	-2.02436	-0.29638	-0.27035	
191	-2.33833	-2.06403	-0.04605	-0.06100	-4.91430	-4.45338	-2.84131	-2.62229	-2.34325	-2.19575	-0.32306	-0.30141	
192	-2.00398	-1.74506	 0.10959	 0.09632	-5.57763	-5.11771	-3.12070	-2.90213	-2.48902	-2.34800	-0.34889	-0.33153	
193	-1.63704	-1.39397	 0.26783	 0.25612	-6.19335	-5.73721	-3.37998	-3.16310	-2.61349	-2.47993	-0.37390	-0.36066	
194	-1.24178	-1.01489	 0.42716	 0.41690	-6.75307	-6.30371	-3.61734	-3.40350	-2.71580	-2.59061	-0.39810	-0.38876	
195	-0.82291	-0.61235	 0.58609	 0.57715	-7.24880	-6.80940	-3.83111	-3.62179	-2.79529	-2.67933	-0.42147	-0.41576	
196	-0.38548	-0.19132	 0.74310	 0.73537	-7.67305	-7.24699	-4.01978	-3.81661	-2.85158	-2.74560	-0.44396	-0.44155	
197	 0.06517	 0.24296	 0.89672	 0.89008	-8.01906	-7.60985	-4.18202	-3.98677	-2.88450	-2.78919	-0.46548	-0.46599	
198	 0.52351	 0.68498	 1.04550	 1.03984	-8.28079	-7.89205	-4.31670	-4.13127	-2.89416	-2.81012	-0.48591	-0.48893	
199	 0.98386	 1.12909	 1.18804	 1.18326	-8.45316	-8.08858	-4.42287	-4.24928	-2.88092	-2.80864	-0.50510	-0.51017	
200	 1.44051	 1.56956	 1.32300	 1.31901	-8.53210	-8.19538	-4.49978	-4.34013	-2.84538	-2.78528	-0.52284	-0.52946	
201	 1.88779	 2.00070	 1.44914	 1.44584	-8.51467	-8.20946	-4.54687	-4.40334	-2.78840	-2.74078	-0.53888	-0.54655	
202	 2.32015	 2.41693	 1.56530	 1.56262	-8.39916	-8.12901	-4.56380	-4.43855	-2.71111	-2.67615	-0.55297	-0.56115	
203	 2.73224	 2.81286	 1.67041	 1.66828	-8.18514	-7.95343	-4.55044	-4.44550	-2.61489	-2.59255	-0.56478	-0.57292	
204	 3.11899	 3.18342	 1.76353	 1.76189	-7.87355	-7.68342	-4.50689	-4.42402	-2.50144	-2.49131	-0.57398	-0.58155	
205	 3.47567	 3.52388	 1.84384	 1.84266	-7.46674	-7.32099	-4.43356	-4.37394	-2.37282	-2.37375	-0.58022	-0.58666	
206	 3.79801	 3.82997	 1.91065	 1.90991	-6.96845	-6.86953	-4.33130	-4.29500	-2.23167	-2.24093	-0.58314	-0.58792	
207	 4.08225	 4.09784	 1.96342	 1.96309	-6.38385	-6.33372	-4.20164	-4.18668	-2.08160	-2.09304	-0.58236	-0.58498	
208	 4.32470	 4.32470	 2.00177	 2.00177	-5.71955	-5.71952	-4.04770	-4.04768	-1.92810	-1.92810	-0.57753	-0.57753	
209	 4.52284	 4.50774	 2.02543	 2.02574	-4.98334	-5.03427	-3.87519	-3.87583	-1.78084	-1.73862	-0.56832	-0.56527	
210	 4.67514	 4.64441	 2.03420	 2.03494	-4.18429	-4.28648	-3.69716	-3.66626	-1.65895	-1.50342	-0.55445	-0.54797	
211	 4.77958	 4.73390	 2.02820	 2.02936	-3.33270	-3.48564	-3.54791	-3.40721	-1.60315	-1.16560	-0.53566	-0.52544	
212	 4.83541	 4.77545	 2.00758	 2.00918	-2.43980	-2.64229	-3.53592	-3.06663	-1.70022	-0.56850	-0.51177	-0.49758	
213	 4.84244	 4.76900	 1.97267	 1.97474	-1.51767	-1.76780	-4.13766	-2.50818	-2.13794	 0.80903	-0.48269	-0.46437	
214	 4.80113	 4.71512	 1.92391	 1.92648	-0.57906	-0.87421	-8.54966	 0.05912	-4.54936	 5.99875	-0.44840	-0.42589	
215	 4.71252	 4.61497	 1.86189	 1.86500	 0.36282	 0.02591	 22.50766	 10.65303	-14.35097	-24.88708	-0.40899	-0.38231	
216	 4.57824	 4.47030	 1.78729	 1.79098	 1.29448	 0.91971	 6.48290	 0.01404	-1.62677	-9.96046	-0.36462	-0.33392	
217	 4.40045	 4.28337	 1.70093	 1.70523	 2.20241	 1.79421	 3.02341	-0.32522	 2.57900	-9.36406	-0.31561	-0.28114	
218	 4.18182	 4.05690	 1.60371	 1.60865	 3.07327	 2.63654	 1.87925	-0.09162	 5.52669	-10.38839	-0.26235	-0.22449	
219	 3.92544	 3.79404	 1.49662	 1.50223	 3.89415	 3.43411	 1.37771	 0.15534	 3.77298	-7.36483	-0.20534	-0.16460	
220	 3.63482	 3.49831	 1.38071	 1.38701	 4.65280	 4.17488	 1.13702	 0.35909	 1.69418	-4.23831	-0.14521	-0.10223	
221	 3.31375	 3.17352	 1.25712	 1.26412	 5.33784	 4.84754	 1.01882	 0.52252	 0.89103	-2.48107	-0.08265	-0.03822	
222	 2.96631	 2.82373	 1.12701	 1.13471	 5.93895	 5.44170	 0.96092	 0.65343	 0.76768	-1.44987	-0.01844	 0.02650	
223	 2.59678	 2.45318	 0.99158	 0.99996	 6.44713	 5.94808	 0.93187	 0.75745	 0.93339	-0.73523	 0.04656	 0.09091	
224	 2.20956	 2.06621	 0.85205	 0.86110	 6.85480	 6.35869	 0.91452	 0.83807	 1.22414	-0.16660	 0.11146	 0.15397	
225	 1.80914	 1.66724	 0.70966	 0.71933	 7.15603	 6.66696	 0.89907	 0.89752	 1.56976	 0.32658	 0.17534	 0.21458	
226	 1.40002	 1.26069	 0.56561	 0.57585	 7.34664	 6.86784	 0.87973	 0.93733	 1.93684	 0.77470	 0.23726	 0.27163	
227	 0.98664	 0.85092	 0.42111	 0.43185	 7.42438	 6.95781	 0.85311	 0.95870	 2.30716	 1.19087	 0.29630	 0.32403	
228	 0.57337	 0.44220	 0.27733	 0.28850	 7.38913	 6.93483	 0.81732	 0.96275	 2.66920	 1.58007	 0.35159	 0.37072	
229	 0.16443	 0.03863	 0.13540	 0.14689	 7.24334	 6.79791	 0.77145	 0.95065	 3.01465	 1.94313	 0.40230	 0.41070	
230	-0.23617	-0.35585	-0.00362	 0.00810	 6.99317	 6.54603	 0.71526	 0.92363	 3.33683	 2.27865	 0.44768	 0.44307	
231	-0.62464	-0.73757	-0.13871	-0.12689	 6.65219	 6.17428	 0.64894	 0.88307	 3.62994	 2.58396	 0.48709	 0.46700	
232	-0.99744	-1.10309	-0.26893	-0.25714	 6.25612	 5.65902	 0.57302	 0.83055	 3.88878	 2.85569	 0.51996	 0.48180	
233	-1.35135	-1.44929	-0.39342	-0.38180	 5.92570	 4.89479	 0.48814	 0.76782	 4.10860	 3.09014	 0.54589	 0.48693	
234	-1.68347	-1.77336	-0.51141	-0.50010	 3.76127	 5.79947	 0.39497	 0.69695	 4.28507	 3.28352	 0.56457	 0.48201	
235	-1.99123	-2.07282	-0.62220	-0.61136	-0.03797	 8.19468	 0.29404	 0.62032	 4.41429	 3.43219	 0.57584	 0.46681	
236	-2.27243	-2.34556	-0.72521	-0.71499	 2.12557	 4.50594	 0.18560	 0.54073	 4.49286	 3.53282	 0.57968	 0.44129	
237	-2.52524	-2.58984	-0.81995	-0.81050	 1.83849	 3.17160	 0.06983	 0.46113	 4.51793	 3.58250	 0.57619	 0.40561	
238	-2.74821	-2.80428	-0.90601	-0.89748	 1.17049	 2.14833	-0.05181	 0.38319	 4.48731	 3.57891	 0.56559	 0.36011	
239	-2.94027	-2.98788	-0.98311	-0.97563	 0.38638	 1.19868	-0.17235	 0.30303	 4.39949	 3.52041	 0.54822	 0.30532	
240	-3.10071	-3.14004	-1.05106	-1.04476	-0.44151	 0.27817	-0.27348	 0.20535	 4.25378	 3.40614	 0.52454	 0.24196	
241	-3.22922	-3.26050	-1.10975	-1.10474	-1.27945	-0.61903	-0.33307	 0.07089	 4.05035	 3.23607	 0.49508	 0.17095	
242	-3.32584	-3.34938	-1.15922	-1.15555	-2.10520	-1.48773	-0.35415	-0.09465	 3.79027	 3.01110	 0.46043	 0.09336	
243	-3.39096	-3.40715	-1.19954	-1.19727	-2.90115	-2.31898	-0.36656	-0.25891	 3.47563	 2.73307	 0.42126	 0.01043	
244	-3.42530	-3.43462	-1.23092	-1.23003	-3.65230	-3.10262	-0.39186	-0.39813	 3.10952	 2.40477	 0.37824	-0.07642	
245	-3.42991	-3.43291	-1.25364	-1.25408	-4.34556	-3.82840	-0.43203	-0.50833	 2.69613	 2.02997	 0.33209	-0.16567	
246	-3.40611	-3.40342	-1.26804	-1.26972	-4.96966	-4.48648	-0.48090	-0.59400	 2.24074	 1.61333	 0.28349	-0.25565	
247	-3.35551	-3.34784	-1.27454	-1.27733	-5.51506	-5.06791	-0.53218	-0.66004	 1.74983	 1.16035	 0.23309	-0.34459	
248	-3.27996	-3.26807	-1.27363	-1.27734	-5.97408	-5.56485	-0.58144	-0.70980	 1.23106	 0.67730	 0.18151	-0.43064	
249	-3.18150	-3.16624	-1.26583	-1.27027	-6.34090	-5.97088	-0.62582	-0.74539	 0.69331	 0.17107	 0.12925	-0.51186	
250	-3.06239	-3.04463	-1.25170	-1.25666	-6.61163	-6.28120	-0.66354	-0.76813	 0.14661	-0.35088	 0.07676	-0.58624	
251	-2.92502	-2.90566	-1.23183	-1.23709	-6.78425	-6.49283	-0.69351	-0.77901	-0.39819	-0.88039	 0.02433	-0.65173	
252	-2.77191	-2.75186	-1.20686	-1.21221	-6.85864	-6.60469	-0.71503	-0.77893	-0.93002	-1.40821	-0.02786	-0.70624	
253	-2.60565	-2.58579	-1.17741	-1.18264	-6.83651	-6.61776	-0.72769	-0.76881	-1.43862	-1.92328	-0.07983	-0.74765	
254	-2.42889	-2.41008	-1.14412	-1.14904	-6.72126	-6.53503	-0.73125	-0.74973	-1.91567	-2.41190	-0.13174	-0.77382	
255	-2.24431	-2.22730	-1.10761	-1.11205	-6.51789	-6.36146	-0.72554	-0.72300	-2.35544	-2.85758	-0.18398	-0.78259	
256	-2.05454	-2.04001	-1.06853	-1.07233	-6.23275	-6.10395	-0.71043	-0.69024	-2.75413	-3.24205	-0.23717	-0.77173	
257	-1.86216	-1.85068	-1.02746	-1.03049	-5.87326	-5.77116	-0.68571	-0.65345	-3.10839	-3.54739	-0.29224	-0.73899	
258	-1.66964	-1.66167	-0.98500	-0.98713	-5.44750	-5.37338	-0.65106	-0.61521	-3.41380	-3.75801	-0.35046	-0.68193	
259	-1.47938	-1.47520	-0.94165	-0.94281	-4.96363	-4.92246	-0.60585	-0.57881	-3.66485	-3.86138	-0.41356	-0.59792	
260	-1.29345	-1.29345	-0.89799	-0.89799	-4.43042	-4.43042	-0.54884	-0.54884	-3.85177	-3.85177	-0.48389	-0.48389	
261	-1.11392	-1.11827	-0.85440	-0.85321	-3.85325	-3.91261	-0.47820	-0.53136	-3.97390	-3.71751	-0.56466	-0.33613	
262	-0.94274	-0.95118	-0.81130	-0.80886	-3.23504	-3.38547	-0.39074	-0.53518	-4.02905	-3.45225	-0.66019	-0.14998	
263	-0.78127	-0.79387	-0.76908	-0.76525	-2.57507	-2.86617	-0.28063	-0.57402	-4.01710	-3.05183	-0.77653	 0.08084	
264	-0.63091	-0.64754	-0.72799	-0.72271	-1.86263	-2.37661	-0.13794	-0.66977	-3.94569	-2.50916	-0.92207	 0.36496	
265	-0.49271	-0.51320	-0.68828	-0.68147	-1.07034	-1.94595	 0.05544	-0.86009	-3.82891	-1.81581	-1.10882	 0.71470	
266	-0.36752	-0.39160	-0.65012	-0.64169	-0.13747	-1.61896	 0.33431	-1.21480	-3.68962	-0.96004	-1.35420	 1.14819	
267	-0.25588	-0.28328	-0.61361	-0.60348	 1.07048	-1.47683	 0.77115	-1.87622	-3.56285	 0.07632	-1.68432	 1.69289	
268	-0.15813	-0.18848	-0.57883	-0.56690	 2.87478	-1.69585	 1.53488	-3.17195	-3.50190	 1.32359	-2.13952	 2.39178	
269	-0.07434	-0.10725	-0.54576	-0.53193	 6.16634	-2.74734	 3.09083	-5.99783	-3.58954	 2.83483	-2.78484	 3.31487	
270	-0.00436	-0.03937	-0.51437	-0.49851	 14.14276	-6.30734	 7.11050	-13.55495	-3.96042	 4.70673	-3.73059	 4.58176	
271	 0.05216	 0.01557	-0.48456	-0.46653	 45.58302	-22.25707	 23.47185	-44.62442	-4.84875	 7.12393	-5.17623	 6.40952	
272	 0.09579	 0.05821	-0.45621	-0.43583	 536.94703	-297.54081	 299.11713	-535.66707	-6.69986	 10.46225	-7.51296	 9.22437	
273	 0.12722	 0.08935	-0.42916	-0.40623	-202.04418	 111.26607	-109.37922	 203.59629	-10.46464	 15.56111	-11.59526	 13.95602	
274	 0.14735	 0.10998	-0.40322	-0.37747	-36.00663	 19.81682	-17.67046	 37.78279	-18.51752	 24.57414	-19.59029	 22.95527	
275	 0.15715	 0.12117	-0.37821	-0.34931	-14.48772	 8.33423	-5.97866	 16.44180	-38.31550	 44.37063	-38.37725	 43.65173	
276	 0.15777	 0.12413	-0.35392	-0.32146	-7.70490	 4.75559	-2.23975	 9.79333	-104.34255	 107.02897	-100.03791	 110.49614	
277	 0.15049	 0.12002	-0.33016	-0.29360	-4.67925	 3.17869	-0.54968	 6.86150	-598.45940	 572.05933	-564.07696	 605.30854	
278	 0.13687	 0.10985	-0.30673	-0.26542	-3.05142	 2.34071	 0.35655	 5.29028	 2502.32277	-2419.58639	 2428.54767	-2494.92697	
279	 0.11903	 0.09411	-0.28346	-0.23658	-2.06767	 1.83842	 0.88468	 4.32937	 217.70276	-208.06721	 217.73766	-209.68221	
280	 0.10027	 0.07212	-0.26017	-0.20678	-1.42546	 1.50991	 1.19941	 3.67965	 73.89754	-70.53179	 78.71605	-63.27569	
281	 0.08601	 0.04104	-0.23657	-0.17587	-0.98364	 1.27958	 1.37942	 3.20316	 20.76632	-18.69174	 26.91160	-9.30723	
282	 0.08399	-0.00441	-0.21185	-0.14424	-0.66881	 1.10816	 1.46730	 2.82939	 0.46287	 1.22117	 7.68569	 10.92034	
283	 0.10016	-0.06785	-0.18324	-0.11432	-0.43954	 0.97355	 1.48873	 2.51945	-2.15965	 3.70135	 5.95786	 13.12474	
284	 0.12796	-0.14055	-0.14014	-0.09641	-0.27088	 0.86257	 1.46068	 2.25048	-2.20104	 3.67751	 7.14543	 12.04906	
285	 0.14606	-0.19924	-0.04685	-0.12597	-0.14693	 0.76696	 1.39526	 2.00839	-1.76535	 3.19517	 8.68469	 10.30940	
286	 0.13966	-0.22739	 0.12797	-0.23420	-0.05710	 0.68138	 1.30166	 1.78414	-1.31686	 2.69509	 10.23267	 8.27070	
287	 0.11409	-0.22886	 0.18652	-0.22321	 0.00600	 0.60229	 1.18707	 1.57185	-0.95010	 2.26147	 9.53228	 8.20335	
288	 0.08263	-0.21575	 0.12419	-0.08840	 0.04769	 0.52731	 1.05721	 1.36771	-0.67256	 1.89720	-4.63766	 21.34050	
289	 0.05461	-0.19650	 0.10066	 0.01048	 0.07199	 0.45483	 0.91660	 1.16943	-0.47256	 1.58887	-7.24549	 22.66384	
290	 0.03402	-0.17446	 0.11305	 0.07613	 0.08201	 0.38376	 0.76874	 0.97583	-0.33619	 1.32238	 0.03784	 13.86005	
291	 0.02180	-0.15024	 0.14180	 0.12788	 0.08026	 0.31343	 0.61632	 0.78656	-0.25126	 1.08636	 2.88107	 9.27889	
292	 0.01754	-0.12341	 0.17799	 0.17433	 0.06877	 0.24346	 0.46139	 0.60185	-0.20782	 0.87235	 3.47987	 6.74587	
293	 0.02042	-0.09335	 0.21789	 0.21883	 0.04918	 0.17374	 0.30552	 0.42229	-0.19789	 0.67430	 3.15691	 4.96203	
294	 0.02958	-0.05970	 0.25976	 0.26263	 0.02275	 0.10452	 0.14998	 0.24868	-0.21493	 0.48802	 2.40371	 3.46181	
295	 0.04439	-0.02254	 0.30268	 0.30617	-0.00963	 0.03636	-0.00428	 0.08197	-0.25353	 0.31073	 1.42215	 2.07120	
296	 0.06468	 0.01736	 0.34597	 0.34952	-0.04743	-0.02990	-0.15668	-0.07663	-0.30905	 0.14062	 0.30916	 0.72267	
297	 0.09062	 0.05870	 0.38904	 0.39267	-0.09015	-0.09337	-0.30758	-0.22513	-0.37741	-0.02339	-0.88060	-0.60792	
298	 0.12206	 0.10035	 0.43103	 0.43581	-0.13703	-0.15348	-0.45894	-0.36006	-0.45485	-0.18193	-2.11117	-1.92523	
299	 0.15785	 0.14204	 0.46966	 0.48054	-0.18687	-0.21011	-0.55000	-0.54083	-0.53769	-0.33553	-3.35567	-3.22456	
300	 0.19624	 0.18400	 0.50185	 0.52923	-0.23820	-0.26346	-0.39477	-0.95220	-0.62183	-0.48508	-4.59206	-4.49645	
301	 0.23572	 0.22619	 0.54966	 0.55913	-0.28954	-0.31379	-0.73182	-0.85446	-0.70147	-0.63322	-5.80111	-5.72909	
302	 0.27520	 0.26806	 0.59297	 0.58963	-0.33959	-0.36121	-0.87560	-0.93221	-0.76383	-0.78968	-6.96551	-6.90965	
303	 0.31388	 0.30882	 0.62808	 0.62375	-0.38731	-0.40565	-0.98605	-1.02462	-0.75628	-1.00413	-8.06944	-8.02508	
304	 0.35100	 0.34767	 0.65973	 0.65610	-0.43187	-0.44687	-1.08169	-1.11243	-1.01564	-0.93694	-9.09839	-9.06257	
305	 0.38583	 0.38384	 0.68840	 0.68555	-0.47262	-0.48455	-1.16577	-1.19173	-1.29512	-0.83229	-10.03915	-10.01000	
306	 0.41767	 0.41662	 0.71390	 0.71171	-0.50904	-0.51831	-1.23904	-1.26122	-1.15116	-1.13138	-10.87982	-10.85615	
307	 0.44586	 0.44541	 0.73598	 0.73433	-0.54074	-0.54774	-1.30162	-1.32030	-1.19676	-1.21909	-11.60990	-11.59093	
308	 0.46981	 0.46966	 0.75438	 0.75318	-0.56736	-0.57249	-1.35346	-1.36865	-1.25043	-1.27505	-12.22032	-12.20557	
309	 0.48903	 0.48892	 0.76890	 0.76809	-0.58866	-0.59223	-1.39449	-1.40605	-1.29520	-1.31471	-12.70356	-12.69271	
310	 0.50317	 0.50278	 0.77936	 0.77893	-0.60443	-0.60667	-1.42458	-1.43239	-1.32750	-1.34041	-13.05369	-13.04655	
311	 0.51176	 0.51116	 0.78565	 0.78558	-0.61452	-0.61560	-1.44365	-1.44760	-1.34626	-1.35232	-13.26644	-13.26288	
312	 0.51425	 0.51425	 0.78784	 0.78784	-0.61886	-0.61886	-1.45165	-1.45165	-1.35070	-1.35070	-13.33922	-13.33922	
313	 0.51437	 0.51437	 0.78628	 0.78628	-0.61721	-0.61722	-1.45205	-1.45208	-1.43673	-1.43679	-13.19924	-13.19928	
314	 0.51457	 0.51456	 0.78179	 0.78179	-0.61418	-0.61420	-1.45393	-1.45399	-1.65373	-1.65410	-12.81782	-12.81814	
315	 0.51480	 0.51478	 0.77439	 0.77439	-0.61008	-0.61010	-1.45606	-1.45617	-1.93027	-1.93131	-12.26801	-12.26897	
316	 0.51500	 0.51498	 0.76412	 0.76412	-0.60542	-0.60543	-1.45639	-1.45655	-2.18897	-2.19100	-11.63014	-11.63205	
317	 0.51511	 0.51508	 0.75104	 0.75104	-0.60094	-0.60092	-1.45214	-1.45238	-2.37389	-2.37715	-10.96420	-10.96721	
318	 0.51502	 0.51499	 0.73524	 0.73524	-0.59764	-0.59756	-1.43994	-1.44027	-2.45879	-2.46347	-10.30139	-10.30552	
319	 0.51462	 0.51459	 0.71679	 0.71681	-0.59673	-0.59656	-1.41600	-1.41643	-2.44150	-2.44791	-9.64953	-9.65469	
320	 0.51378	 0.51374	 0.69582	 0.69585	-0.59962	-0.59931	-1.37630	-1.37686	-2.33404	-2.34307	-9.00258	-9.00864	
321	 0.51234	 0.51230	 0.67244	 0.67248	-0.60784	-0.60736	-1.31691	-1.31761	-2.15388	-2.16858	-8.34873	-8.35553	
322	 0.51015	 0.51010	 0.64678	 0.64683	-0.62293	-0.62220	-1.23426	-1.23510	-1.91405	-1.95059	-7.67533	-7.68273	
323	 0.50704	 0.50698	 0.61898	 0.61905	-0.64614	-0.64513	-1.12555	-1.12655	-1.44640	-1.89326	-6.97150	-6.97936	
324	 0.50283	 0.50276	 0.58918	 0.58927	-0.67813	-0.67679	-0.98926	-0.99041	-1.48858	-1.28951	-6.22905	-6.23725	
325	 0.49733	 0.49726	 0.55755	 0.55765	-0.71847	-0.71679	-0.82569	-0.82697	-1.12173	-1.08289	-5.44271	-5.45117	
326	 0.49036	 0.49028	 0.52423	 0.52436	-0.76510	-0.76311	-0.63750	-0.63885	-0.82939	-0.80897	-4.60996	-4.61860	
327	 0.48173	 0.48163	 0.48939	 0.48953	-0.81392	-0.81169	-0.43011	-0.43143	-0.55399	-0.53947	-3.73073	-3.73947	
328	 0.47125	 0.47114	 0.45319	 0.45335	-0.85872	-0.85636	-0.21170	-0.21287	-0.29577	-0.28406	-2.80710	-2.81588	
329	 0.45875	 0.45861	 0.41578	 0.41596	-0.89166	-0.88933	 0.00739	 0.00652	-0.05699	-0.04696	-1.84305	-1.85183	
330	 0.44404	 0.44388	 0.37732	 0.37751	-0.90449	-0.90235	 0.21602	 0.21561	 0.16083	 0.16967	-0.84423	-0.85297	
331	 0.42697	 0.42679	 0.33795	 0.33816	-0.89020	-0.88837	 0.40403	 0.40418	 0.35703	 0.36496	 0.18226	 0.17362	
332	 0.40739	 0.40718	 0.29782	 0.29804	-0.84457	-0.84311	 0.56396	 0.56471	 0.53171	 0.53888	 1.22805	 1.21954	
333	 0.38516	 0.38492	 0.25706	 0.25728	-0.76710	-0.76599	 0.69204	 0.69337	 0.68547	 0.69200	 2.28362	 2.27528	
334	 0.36015	 0.35989	 0.21579	 0.21601	-0.66089	-0.66008	 0.78829	 0.79011	 0.81930	 0.82526	 3.33849	 3.33035	
335	 0.33228	 0.33199	 0.17412	 0.17434	-0.53177	-0.53114	 0.85560	 0.85784	 0.93438	 0.93984	 4.38134	 4.37344	
336	 0.30147	 0.30115	 0.13214	 0.13237	-0.38692	-0.38638	 0.89853	 0.90113	 1.03197	 1.03700	 5.40014	 5.39252	
337	 0.26765	 0.26731	 0.08995	 0.09017	-0.23369	-0.23316	 0.92209	 0.92510	 1.11337	 1.11800	 6.38235	 6.37503	
338	 0.23080	 0.23043	 0.04761	 0.04783	-0.07870	-0.07814	 0.93088	 0.93453	 1.17977	 1.18405	 7.31499	 7.30801	
339	 0.19091	 0.19052	 0.00518	 0.00539	 0.07259	 0.07318	 0.92853	 0.93349	 1.23229	 1.23625	 8.18487	 8.17824	
340	 0.14800	 0.14759	-0.03731	-0.03711	 0.21604	 0.21661	 0.91736	 0.92554	 1.27192	 1.27560	 8.97868	 8.97244	
341	 0.10211	 0.10170	-0.07983	-0.07964	 0.34869	 0.34913	 0.89675	 0.91535	 1.29952	 1.30294	 9.68320	 9.67736	
342	 0.05333	 0.05291	-0.12236	-0.12218	 0.46864	 0.46871	 0.84330	 0.92900	 1.31581	 1.31899	 10.28545	 10.28003	
343	 0.00176	 0.00134	-0.16492	-0.16474	 0.57488	 0.57405	 2.93305	-1.20794	 1.32140	 1.32435	 10.77286	 10.76786	
344	-0.05249	-0.05290	-0.20750	-0.20734	 0.66745	 0.66401	 0.86427	 0.80716	 1.31677	 1.31950	 11.13343	 11.12886	
345	-0.10924	-0.10964	-0.25014	-0.24999	 0.75001	 0.73473	 0.81381	 0.79788	 1.30233	 1.30485	 11.35592	 11.35178	
346	-0.16831	-0.16870	-0.29287	-0.29273	 1.04818	 0.56106	 0.77655	 0.76952	 1.27837	 1.28069	 11.43000	 11.42628	
347	-0.22950	-0.22986	-0.33572	-0.33560	 0.83031	 0.87554	 0.73912	 0.73549	 1.24517	 1.24729	 11.34643	 11.34312	
348	-0.29256	-0.29289	-0.37875	-0.37865	 0.88396	 0.89183	 0.69963	 0.69771	 1.20294	 1.20487	 11.09718	 11.09427	
349	-0.35723	-0.35753	-0.42201	-0.42192	 0.90890	 0.91159	 0.65764	 0.65669	 1.15186	 1.15360	 10.67565	 10.67313	
350	-0.42323	-0.42350	-0.46552	-0.46545	 0.92021	 0.92129	 0.61303	 0.61269	 1.09213	 1.09368	 10.07674	 10.07460	
351	-0.49026	-0.49049	-0.50935	-0.50928	 0.92002	 0.92045	 0.56584	 0.56590	 1.02393	 1.02529	 9.29702	 9.29524	
352	-0.55798	-0.55817	-0.55351	-0.55346	 0.90946	 0.90960	 0.51620	 0.51652	 0.94748	 0.94866	 8.33483	 8.33340	
353	-0.62604	-0.62620	-0.59802	-0.59798	 0.88946	 0.88948	 0.46432	 0.46479	 0.86303	 0.86403	 7.19038	 7.18929	
354	-0.69410	-0.69422	-0.64290	-0.64287	 0.86091	 0.86090	 0.41045	 0.41099	 0.77087	 0.77170	 5.86583	 5.86508	
355	-0.76177	-0.76185	-0.68814	-0.68811	 0.82465	 0.82465	 0.35489	 0.35545	 0.67135	 0.67201	 4.36535	 4.36499	
356	-0.82865	-0.82871	-0.73368	-0.73367	 0.78152	 0.78156	 0.29800	 0.29854	 0.56489	 0.56540	 2.69509	 2.69537	
357	-0.89436	-0.89439	-0.77949	-0.77948	 0.73233	 0.73240	 0.24015	 0.24064	 0.45195	 0.45232	 0.01619	 1.71172	
358	-0.95849	-0.95849	-0.82547	-0.82546	 0.67788	 0.67799	 0.18177	 0.18219	 0.33311	 0.33335	-1.11834	-1.11812	
359	-1.02061	-1.02060	-0.87150	-0.87149	 0.61895	 0.61908	 0.12328	 0.12362	 0.20897	 0.20911	-3.23886	-3.23886	
360	-1.08033	-1.08031	-0.91744	-0.91743	 0.55631	 0.55646	 0.06515	 0.06540	 0.08026	 0.08032	-5.48337	-5.48353	
361	-1.13721	-1.13719	-0.96309	-0.96309	 0.49072	 0.49086	 0.00783	 0.00800	-0.05226	-0.05226	-7.83547	-7.83572	
362	-1.19085	-1.19083	-1.00825	-1.00825	 0.42293	 0.42305	-0.04821	-0.04811	-0.18772	-0.18775	-10.27689	-10.27715	
363	-1.24084	-1.24083	-1.05266	-1.05266	 0.35369	 0.35376	-0.10251	-0.10247	-0.32520	-0.32523	-12.78769	-12.78787	
364	-1.28678	-1.28678	-1.09603	-1.09603	 0.28364	 0.28377	-0.15461	-0.15461	-0.46372	-0.46372	-15.34631	-15.34631	
365	-1.32830	-1.32828	-1.13803	-1.13803	 0.21361	 0.21370	-0.20411	-0.20410	-0.60216	-0.60222	-17.92951	-17.92982	
366	-1.36500	-1.36496	-1.17831	-1.17831	 0.14418	 0.14438	-0.25053	-0.25053	-0.73945	-0.73962	-20.51332	-20.51405	
367	-1.39653	-1.39647	-1.21648	-1.21647	 0.07609	 0.07642	-0.29350	-0.29354	-0.87445	-0.87476	-23.07253	-23.07385	
368	-1.42253	-1.42245	-1.25212	-1.25211	 0.01002	 0.01048	-0.33265	-0.33275	-1.00600	-1.00649	-25.58120	-25.58325	
369	-1.44269	-1.44259	-1.28478	-1.28477	-0.05340	-0.05280	-0.36768	-0.36785	-1.13290	-1.13360	-28.01283	-28.01577	
370	-1.45672	-1.45661	-1.31400	-1.31400	-0.11355	-0.11280	-0.39828	-0.39855	-1.25394	-1.25490	-30.34066	-30.34465	
371	-1.46432	-1.46422	-1.33931	-1.33932	-0.16986	-0.16896	-0.42424	-0.42461	-1.36794	-1.36919	-32.53791	-32.54308	
372	-1.46525	-1.46522	-1.36021	-1.36024	-0.22178	-0.22074	-0.44536	-0.44582	-1.47371	-1.47527	-34.57809	-34.58456	
373	-1.45925	-1.45946	-1.37621	-1.37626	-0.26881	-0.26765	-0.46150	-0.46205	-1.57010	-1.57200	-36.43526	-36.44311	
374	-1.44562	-1.44727	-1.38681	-1.38691	-0.31052	-0.30925	-0.47255	-0.47319	-1.65600	-1.65827	-38.08434	-38.09357	
375	-1.42915	-1.42359	-1.39154	-1.39169	-0.34651	-0.34516	-0.47846	-0.47921	-1.73036	-1.73300	-39.50135	-39.51192	
376	-1.39867	-1.39943	-1.38991	-1.39014	-0.37647	-0.37506	-0.47923	-0.48012	-1.79218	-1.79521	-40.66377	-40.67551	
377	-1.36404	-1.36482	-1.38149	-1.38183	-0.40013	-0.39869	-0.47487	-0.47601	-1.84056	-1.84397	-41.55073	-41.56338	
378	-1.32211	-1.32287	-1.36587	-1.36633	-0.41731	-0.41587	-0.46542	-0.46704	-1.87468	-1.87848	-42.14334	-42.15650	
379	-1.27292	-1.27365	-1.34266	-1.34327	-0.42789	-0.42649	-0.45092	-0.45348	-1.89384	-1.89800	-42.42489	-42.43799	
380	-1.21653	-1.21723	-1.31153	-1.31233	-0.43185	-0.43050	-0.43135	-0.43576	-1.89744	-1.90194	-42.38110	-42.39342	
381	-1.15309	-1.15377	-1.27220	-1.27323	-0.42923	-0.42797	-0.40649	-0.41455	-1.88499	-1.88980	-42.00036	-42.01096	
382	-1.08279	-1.08343	-1.22447	-1.22574	-0.42015	-0.41900	-0.37574	-0.39104	-1.85617	-1.86125	-41.27384	-41.28160	
383	-1.00587	-1.00645	-1.16817	-1.16973	-0.40482	-0.40380	-0.33742	-0.36754	-1.81077	-1.81607	-40.19574	-40.19928	
384	-0.92260	-0.92312	-1.10322	-1.10511	-0.38352	-0.38265	-0.28711	-0.34920	-1.74872	-1.75419	-38.76332	-38.76107	
385	-0.83334	-0.83379	-1.02963	-1.03188	-0.35661	-0.35589	-0.21181	-0.34980	-1.67014	-1.67571	-36.97709	-36.96723	
386	-0.73848	-0.73884	-0.94748	-0.95011	-0.32452	-0.32397	-0.06616	-0.41552	-1.57525	-1.58087	-34.84082	-34.82129	
387	-0.63845	-0.63872	-0.85693	-0.85998	-0.28775	-0.28736	 0.35334	-0.75075	-1.46446	-1.47006	-32.36156	-32.33010	
388	-0.53376	-0.53392	-0.75825	-0.76173	-0.24687	-0.24662	 1.28571	-1.59544	-1.33833	-1.34383	-29.54967	-29.50381	
389	-0.42494	-0.42498	-0.65178	-0.65572	-0.20250	-0.20237	-1.63534	 1.41573	-1.19756	-1.20289	-26.41878	-26.35585	
390	-0.31258	-0.31250	-0.53797	-0.54237	-0.15529	-0.15528	-0.80240	 0.67441	-1.04300	-1.04810	-22.98567	-22.90286	
391	-0.19731	-0.19709	-0.41736	-0.42223	-0.10598	-0.10604	-0.41972	 0.38382	-0.87564	-0.88044	-19.27017	-19.16456	
392	-0.07980	-0.07945	-0.29059	-0.29592	-0.05529	-0.05540	-0.23551	 0.29118	-0.69661	-0.70105	-15.29505	-15.16363	
393	 0.03924	 0.03973	-0.15836	-0.16415	-0.00401	-0.00414	-0.12019	 0.26593	-0.50718	-0.51119	-11.08579	-10.92553	
394	 0.15906	 0.15970	-0.02149	-0.02772	 0.04708	 0.04697	-0.03488	 0.26822	-0.30870	-0.31224	-6.67038	-6.47830	
395	 0.27891	 0.27969	 0.11913	 0.11249	 0.09717	 0.09713	 0.03455	 0.28295	-0.10265	-0.10567	-2.07911	-1.85230	
396	 0.39800	 0.39891	 0.26254	 0.25552	 0.14547	 0.14553	 0.09406	 0.30324	 0.10941	 0.10694	 2.65576	 2.92002	
397	 0.51551	 0.51655	 0.40770	 0.40034	 0.19120	 0.19140	 0.14640	 0.32547	 0.32584	 0.32395	 7.50024	 7.80445	
398	 0.63063	 0.63179	 0.55353	 0.54587	 0.23358	 0.23396	 0.19286	 0.34752	 0.54495	 0.54364	 12.41894	 12.76530	
399	 0.74255	 0.74382	 0.69888	 0.69097	 0.27189	 0.27247	 0.23406	 0.36801	 0.76499	 0.76428	 17.37542	 17.76572	
400	 0.85044	 0.85181	 0.84257	 0.83446	 0.30542	 0.30625	 0.27023	 0.38602	 0.98421	 0.98410	 22.33249	 22.76810	
401	 0.95351	 0.95497	 0.98340	 0.97513	 0.33353	 0.33462	 0.30141	 0.40088	 1.20084	 1.20129	 27.25261	 27.73435	
402	 1.05097	 1.05250	 1.12015	 1.11176	 0.35562	 0.35701	 0.32753	 0.41214	 1.41310	 1.41411	 32.09823	 32.62632	
403	 1.14206	 1.14365	 1.25158	 1.24313	 0.37116	 0.37287	 0.34847	 0.41947	 1.61927	 1.62080	 36.83212	 37.40613	
404	 1.22606	 1.22770	 1.37649	 1.36803	 0.37971	 0.38175	 0.36409	 0.42266	 1.81766	 1.81967	 41.41777	 42.03654	
405	 1.30228	 1.30397	 1.49369	 1.48525	 0.38090	 0.38329	 0.37428	 0.42159	 2.00665	 2.00909	 45.81971	 46.48133	
406	 1.37011	 1.37183	 1.60205	 1.59366	 0.37444	 0.37719	 0.37893	 0.41623	 2.18468	 2.18751	 50.00387	 50.70559	
407	 1.42896	 1.43071	 1.70047	 1.69216	 0.36013	 0.36327	 0.37801	 0.40660	 2.35032	 2.35347	 53.93785	 54.67614	
408	 1.47834	 1.48010	 1.78793	 1.77971	 0.33791	 0.34143	 0.37153	 0.39275	 2.50221	 2.50564	 57.59128	 58.36176	
409	 1.51780	 1.51958	 1.86351	 1.85538	 0.30777	 0.31169	 0.35960	 0.37479	 2.63914	 2.64279	 60.93608	 61.73355	
410	 1.54700	 1.54879	 1.92639	 1.91827	 0.26983	 0.27417	 0.34237	 0.35288	 2.76004	 2.76384	 63.94668	 64.76520	
411	 1.56567	 1.56744	 1.97682	 1.96669	 0.22434	 0.22911	 0.32009	 0.32719	 2.86397	 2.86787	 66.60025	 67.43323	
412	 1.57362	 1.57537	 2.00295	 2.01123	 0.17163	 0.17684	 0.29308	 0.29791	 2.95015	 2.95409	 68.87681	 69.71730	
413	 1.57079	 1.57248	 2.02399	 2.03172	 0.11215	 0.11783	 0.26173	 0.26531	 3.01796	 3.02189	 70.75926	 71.60058	
414	 1.55717	 1.55877	 2.02988	 2.03752	 0.04645	 0.05262	 0.22650	 0.22965	 3.06696	 3.07083	 72.23270	 73.07062	
415	 1.53289	 1.53434	 2.02063	 2.02824	-0.02480	-0.01811	 0.18786	 0.19124	 3.09687	 3.10064	 73.27936	 74.12468	
416	 2.38001	 0.96603	 1.97872	 1.83226	 0.89767	 1.95719	 0.32167	 0.35254	 2.95332	 3.07573	-38839024989321.80469	 37408245084827.03906	
417	 1.61726	 1.56916	 1.93468	 1.90285	-0.12425	-0.12953	 0.21480	 0.07184	 2.83219	 2.96128	 22.70976	 8.53262	
418	 1.55416	 1.52111	 1.87430	 1.84451	-0.20920	-0.18797	 0.16113	 0.03555	 2.80042	 2.93925	 20.03954	 11.12743	
419	 1.48204	 1.46308	 1.79953	 1.77161	-0.29676	-0.25099	 0.10666	-0.00274	 2.75159	 2.89869	 18.89319	 11.98902	
420	 1.40154	 1.39548	 1.71097	 1.68475	-0.38582	-0.31771	 0.05192	-0.04250	 2.68635	 2.84013	 18.04604	 12.34154	
421	 1.31342	 1.31883	 1.60941	 1.58469	-0.47523	-0.38714	-0.00254	-0.08319	 2.60543	 2.76424	 17.25769	 12.42877	
422	 1.21854	 1.23374	 1.49575	 1.47233	-0.56388	-0.45817	-0.05617	-0.12426	 2.50959	 2.67180	 16.45275	 12.33346	
423	 1.11793	 1.14086	 1.37104	 1.34873	-0.65059	-0.52961	-0.10843	-0.16512	 2.39972	 2.56376	 15.60376	 12.09435	
424	 1.01286	 1.04076	 1.23646	 1.21505	-0.73425	-0.60021	-0.15877	-0.20518	 2.27674	 2.44115	 14.70176	 11.73509	
425	 0.90520	 0.93356	 1.09329	 1.07258	-0.81371	-0.66869	-0.20667	-0.24386	 2.14168	 2.30515	 13.74638	 11.27355	
426	 0.79883	 0.81748	 0.94293	 0.92271	-0.88787	-0.73377	-0.25164	-0.28059	 1.99566	 2.15701	 12.74181	 10.72527	
427	 0.70930	 0.67916	 0.78683	 0.76691	-0.95566	-0.79418	-0.29321	-0.31484	 1.83987	 1.99809	 11.69479	 10.10467	
428	 0.90127	 0.25621	 0.62654	 0.60673	-1.01605	-0.84871	-0.33094	-0.34610	 1.67559	 1.82979	 10.61365	 9.42551	
429	 0.41018	 0.51549	 0.46365	 0.44380	-1.06808	-0.89624	-0.36446	-0.37391	 1.50415	 1.65358	 9.50759	 8.70099	
430	 0.38301	 0.31231	 0.29978	 0.27975	-1.11084	-0.93572	-0.39341	-0.39787	 1.32692	 1.47096	 8.38630	 7.94365	
431	 0.27809	 0.19063	 0.13657	 0.11626	-1.14355	-0.96621	-0.41750	-0.41761	 1.14532	 1.28343	 7.25962	 7.16526	
432	 0.17001	 0.07807	-0.02431	-0.04499	-1.16549	-0.98691	-0.43651	-0.43285	 0.96076	 1.09251	 6.13733	 6.37671	
433	 0.06464	-0.02906	-0.18126	-0.20235	-1.17609	-0.99715	-0.45026	-0.44335	 0.77465	 0.89967	 5.02884	 5.58788	
434	-0.03617	-0.13058	-0.33268	-0.35419	-1.17489	-0.99640	-0.45863	-0.44894	 0.58838	 0.70636	 3.94311	 4.80749	
435	-0.13126	-0.22572	-0.47703	-0.49894	-1.16159	-0.98429	-0.46156	-0.44954	 0.40329	 0.51399	 2.88841	 4.04302	
436	-0.21967	-0.31366	-0.61286	-0.63510	-1.13602	-0.96062	-0.45906	-0.44509	 0.22067	 0.32388	 1.87217	 3.30064	
437	-0.30060	-0.39360	-0.73878	-0.76127	-1.09816	-0.92535	-0.45120	-0.43563	 0.04172	 0.13728	 0.90087	 2.58509	
438	-0.37334	-0.46486	-0.85354	-0.87615	-1.04817	-0.87860	-0.43810	-0.42124	-0.13241	-0.04464	-0.02013	 1.89965	
439	-0.43728	-0.52683	-0.95599	-0.97856	-0.98635	-0.82068	-0.41994	-0.40208	-0.30069	-0.22082	-0.88669	 1.24607	
440	-0.49197	-0.57903	-1.04512	-1.06745	-0.91315	-0.75204	-0.39695	-0.37836	-0.46221	-0.39031	-1.69599	 0.62459	
441	-0.53704	-0.62107	-1.12009	-1.14195	-0.82919	-0.67330	-0.36942	-0.35033	-0.61614	-0.55227	-2.44664	 0.03392	
442	-0.57226	-0.65273	-1.18019	-1.20132	-0.73523	-0.58521	-0.33766	-0.31829	-0.76180	-0.70599	-3.13878	-0.52878	
443	-0.59754	-0.67388	-1.22490	-1.24501	-0.63216	-0.48869	-0.30205	-0.28259	-0.89860	-0.85087	-3.77412	-1.06776	
444	-0.61291	-0.68454	-1.25388	-1.27264	-0.52101	-0.38476	-0.26298	-0.24362	-1.02611	-0.98643	-4.35609	-1.58862	
445	-0.61852	-0.68486	-1.26696	-1.28402	-0.40291	-0.27455	-0.22088	-0.20179	-1.14401	-1.11234	-4.88996	-2.09810	
446	-0.61467	-0.67512	-1.26418	-1.27914	-0.27910	-0.15928	-0.17618	-0.15753	-1.25212	-1.22837	-5.38320	-2.60363	
447	-0.60173	-0.65572	-1.24573	-1.25819	-0.15089	-0.04023	-0.12936	-0.11129	-1.35035	-1.33441	-5.84639	-3.11230	
448	-0.58023	-0.62720	-1.21203	-1.22154	-0.01968	 0.08125	-0.08088	-0.06352	-1.43877	-1.43047	-6.29601	-3.62782	
449	-0.55078	-0.59020	-1.16364	-1.16974	 0.11310	 0.20383	-0.03121	-0.01468	-1.51754	-1.51664	-6.76262	-4.14221	
450	-0.51407	-0.54549	-1.10133	-1.10354	 0.24600	 0.32616	 0.01917	 0.03476	-1.58694	-1.59314	-7.29361	-4.63270	
451	-0.47088	-0.49391	-1.02601	-1.02385	 0.37754	 0.44691	 0.06979	 0.08437	-1.64732	-1.66025	-7.66433	-5.35023	
452	-0.42203	-0.43643	-0.93878	-0.93176	 0.50626	 0.56484	 0.12020	 0.13372	-1.69915	-1.71835	-7.25240	-6.94480	
453	-0.36841	-0.37407	-0.84086	-0.82851	 0.63074	 0.67876	 0.16997	 0.18239	-1.74296	-1.76785	-7.29509	-8.20756	
454	-0.31093	-0.30794	-0.73364	-0.71553	 0.74964	 0.78761	 0.21867	 0.23000	-1.77935	-1.80926	-7.93684	-9.02270	
455	-0.25051	-0.23919	-0.61860	-0.59437	 0.86167	 0.89045	 0.26590	 0.27617	-1.80897	-1.84312	-8.83413	-9.76182	
456	-0.18812	-0.16903	-0.49741	-0.46677	 0.96571	 0.98647	 0.31128	 0.32057	-1.83250	-1.87001	-9.88302	-10.55567	
457	-0.12468	-0.09869	-0.37184	-0.33465	 1.06078	 1.07507	 0.35446	 0.36287	-1.85067	-1.89056	-11.05963	-11.45255	
458	-0.06118	-0.02941	-0.24386	-0.20011	 1.14618	 1.15582	 0.39511	 0.40276	-1.86418	-1.90540	-12.35916	-12.47814	
459	 0.00141	 0.03757	-0.11565	-0.06554	 1.22153	 1.22858	 0.43294	 0.43996	-1.87375	-1.91524	-13.78055	-13.64954	
460	 0.06211	 0.10107	 0.01029	 0.06634	 1.28691	 1.29354	 0.46766	 0.47419	-1.88007	-1.92076	-15.32199	-14.97828	
461	 0.11991	 0.15994	 0.13102	 0.19231	 1.34305	 1.35134	 0.49905	 0.50518	-1.88378	-1.92269	-16.97925	-16.47052	
462	 0.17377	 0.21314	 0.24299	 0.30854	 1.39152	 1.40327	 0.52687	 0.53271	-1.88550	-1.92175	-18.74485	-18.12650	
463	 0.22266	 0.25972	 0.34202	 0.41049	 1.43482	 1.45131	 0.55096	 0.55653	-1.88573	-1.91863	-20.60756	-19.94001	
464	 0.26557	 0.29888	 0.42356	 0.49320	 1.47614	 1.49791	 0.57114	 0.57647	-1.88496	-1.91400	-22.55175	-21.89837	
465	 0.30153	 0.32996	 0.48393	 0.55254	 1.51815	 1.54477	 0.58730	 0.59234	-1.88355	-1.90846	-24.55622	-23.98368	
466	 0.32969	 0.35248	 0.52307	 0.58797	 1.56023	 1.59022	 0.59933	 0.60404	-1.88179	-1.90253	-26.58922	-26.17849	
467	 0.34930	 0.36610	 0.54740	 0.60548	 1.59559	 1.62639	 0.60716	 0.61147	-1.87990	-1.89661	-28.57260	-28.50309	
468	 0.57007	 1.00406	 1.12960	 1.57543	 1.87786	 1.77612	 0.65415	 0.58519	-1.76861	-1.69458	 2036886007373.77661	-1986552792224.03394	
469	 4.62936	 4.66675	 7.10997	 7.31692	 1.66882	 1.72323	 1.17009	 1.09040	-1.46704	-1.38152	-28.19676	-27.01662	
470	 4.78939	 4.82208	 8.30859	 8.58437	-0.24312	-0.09347	 1.46303	 1.38406	-1.47170	-1.37712	-28.44334	-26.57976	
471	 4.94685	 4.96964	 8.81029	 9.13535	-1.48637	-1.27493	 1.74439	 1.66715	-1.46333	-1.36388	-28.12044	-26.14535	
472	 5.10159	 5.11390	 8.65197	 9.02562	-2.10543	-1.86197	 2.01341	 1.93885	-1.44130	-1.34153	-27.44987	-25.53869	
473	 5.25569	 5.25749	 7.98325	 8.39706	-2.24549	-1.99221	 2.26959	 2.19860	-1.40542	-1.30972	-26.49759	-24.74832	
474	 5.41164	 5.40292	 6.97457	 7.41437	-2.07243	-1.82505	 2.51271	 2.44616	-1.35593	-1.26805	-25.30685	-23.79143	
475	 5.57203	 5.55271	 5.76813	 6.22014	-1.72569	-1.49488	 2.74287	 2.68156	-1.29342	-1.21622	-23.92621	-22.68431	
476	 5.73932	 5.70930	 4.46478	 4.91841	-1.30394	-1.09628	 2.96046	 2.90520	-1.21878	-1.15414	-22.42699	-21.42348	
477	 5.91568	 5.87496	 3.12876	 3.57700	-0.86880	-0.68766	 3.16614	 3.11779	-1.13317	-1.08202	-20.90225	-19.98511	
478	 6.10270	 6.05160	 1.79747	 2.23622	-0.45442	-0.30079	 3.36089	 3.32040	-1.03797	-1.00042	-19.43664	-18.35369	
479	 6.30102	 6.24060	 0.49054	 0.91748	-0.07679	 0.05006	 3.54593	 3.51441	-0.93485	-0.91028	-18.07393	-16.55304	
480	 6.50990	 6.44261	-0.78367	-0.37036	 0.25929	 0.36124	 3.72273	 3.70153	-0.82572	-0.81292	-16.81720	-14.64470	
481	 6.72668	 6.65742	-2.02392	-1.62694	 0.55550	 0.63516	 3.89299	 3.88374	-0.71277	-0.71007	-15.65254	-12.70245	
482	 6.94647	 6.88394	-3.23359	-2.85789	 0.81702	 0.87747	 4.05866	 4.06323	-0.59844	-0.60382	-14.56627	-10.79267	
483	 7.16251	 7.12055	-4.41889	-4.07255	 1.05078	 1.09538	 4.22193	 4.24219	-0.48536	-0.49660	-13.54052	-8.97524	
484	 7.36791	 7.36584	-5.58680	-5.28058	 1.26446	 1.29664	 4.38521	 4.42254	-0.37626	-0.39106	-12.51617	-7.33587	
485	 7.55917	 7.61934	-6.74249	-6.48685	 1.46592	 1.48903	 4.55112	 4.60559	-0.27386	-0.29006	-11.28678	-6.08815	
486	 7.73973	 7.88124	-7.88727	-7.68680	 1.66292	 1.68002	 4.72238	 4.79184	-0.18076	-0.19654	-9.35426	-5.71763	
487	 7.92026	 8.14996	-9.01932	-8.86676	 1.86290	 1.87650	 4.90160	 4.98117	-0.09952	-0.11355	-6.65361	-6.26230	
488	 8.11411	 8.41858	-10.13762	-10.01078	 2.07271	 2.08463	 5.09126	 5.17350	-0.03290	-0.04427	-5.14224	-5.73146	
489	 8.33141	 8.67292	-11.24596	-11.10891	 2.29836	 2.30975	 5.29348	 5.36925	 0.01607	 0.00796	-4.91520	-3.99658	
490	 8.57574	 8.89299	-12.35351	-12.16120	 2.54490	 2.55633	 5.50986	 5.56963	 0.04408	 0.03967	-4.37125	-2.62760	
491	 8.84365	 9.05913	-13.46995	-13.17621	 2.81647	 2.82804	 5.74109	 5.77663	 0.04779	 0.04738	-3.30212	-1.80529	
492	 9.12525	 9.16324	-14.59523	-14.16567	 3.11620	 3.12775	 5.98647	 5.99261	 0.02424	 0.02773	-1.95461	-1.26670	
493	 9.40526	 9.22109	-15.70811	-15.13705	 3.44626	 3.45753	 6.24387	 6.21973	-0.02867	-0.02226	-0.55573	-0.80002	
494	 9.66601	 9.27117	-16.76704	-16.08871	 3.80779	 3.81860	 6.51057	 6.45922	-0.11207	-0.10490	 0.71746	-0.29716	
495	 9.89196	 9.35179	-17.73134	-17.01315	 4.20107	 4.21126	 6.78456	 6.71139	-0.22675	-0.22154	 1.75289	 0.23550	
496	 10.07275	 9.47743	-18.58293	-17.90497	 4.62567	 4.63502	 7.06502	 6.97628	-0.37382	-0.37271	 2.49776	 0.71719	
497	 10.20333	 9.63701	-19.32725	-18.76416	 5.08060	 5.08875	 7.35180	 7.25399	-0.55492	-0.55838	 2.92602	 1.05256	
498	 10.28300	 9.80617	-19.98079	-19.59344	 5.56431	 5.57081	 7.64473	 7.54454	-0.77169	-0.77813	 3.01639	 1.15696	
499	 10.31483	 9.95742	-20.56086	-20.39486	 6.07466	 6.07915	 7.94350	 7.84760	-1.02519	-1.03141	 2.75000	 0.95413	
500	 10.30542	 10.06403	-21.08186	-21.16803	 6.60899	 6.61134	 8.24765	 8.16220	-1.31562	-1.31760	 2.11427	 0.37319	
501	 10.26458	 10.10036	-21.55565	-21.90980	 7.16418	 7.16457	 8.55675	 8.48678	-1.64218	-1.63599	 1.10506	-0.64699	
502	 10.20207	 10.04405	-21.99428	-22.61359	 7.73678	 7.73568	 8.87038	 8.81925	-2.00330	-1.98559	-0.27354	-2.15105	
503	 10.11628	 9.88645	-22.41460	-23.26706	 8.32310	 8.32119	 9.18813	 9.15724	-2.39678	-2.36496	-2.01034	-4.16351	
504	 9.98537	 9.64111	-22.84189	-23.84986	 8.91935	 8.91736	 9.50955	 9.49832	-2.81992	-2.77206	-4.08735	-6.69113	
505	 9.78282	 9.32846	-23.30245	-24.34174	 9.52170	 9.52031	 9.83404	 9.84019	-3.26962	-3.20427	-6.47697	-9.73179	
506	 9.49501	 8.95850	-23.80143	-24.74469	 10.12633	 10.12606	 10.16084	 10.18085	-3.74233	-3.65842	-9.13254	-13.29112	
507	 9.11959	 8.53284	-24.31585	-25.08948	 10.72950	 10.73067	 10.48908	 10.51868	-4.23417	-4.13081	-11.96872	-17.40865	
508	 8.65920	 8.05130	-24.81785	-25.41179	 11.32763	 11.33027	 10.81774	 10.85245	-4.74083	-4.61730	-14.85027	-22.17435	
509	 8.11864	 7.51490	-25.29280	-25.73312	 11.91729	 11.92113	 11.14571	 11.18137	-5.25770	-5.11336	-17.75012	-27.57433	
510	 7.50439	 6.92654	-25.73767	-26.06081	 12.49523	 12.49966	 11.47173	 11.50495	-5.77985	-5.61408	-21.45544	-32.78699	
511	 6.82489	 6.29095	-26.15305	-26.39344	 13.05842	 13.06244	 11.79429	 11.82292	-6.30202	-6.11416	-27.52952	-36.22080	
512	 6.09108	 5.61447	-26.53664	-26.72325	 13.60393	 13.60617	 12.11143	 12.13478	-6.81864	-6.60790	-35.33315	-38.48802	
513	 5.31689	 4.90464	-26.87779	-27.03542	 14.12892	 14.12769	 12.42038	 12.43924	-7.32379	-7.08907	-42.85839	-41.55849	
514	 4.51928	 4.16978	-27.15237	-27.30579	 14.63060	 14.62404	 12.71710	 12.73312	-7.81107	-7.55088	-49.54731	-45.91734	
515	 3.71694	 3.41838	-27.31905	-27.49867	 15.10622	 15.09272	 12.99587	 13.01022	-8.27369	-7.98614	-55.61440	-51.20918	
516	 2.92694	 2.65827	-27.32090	-27.56729	 15.55340	 15.53209	 13.24917	 13.26051	-8.70450	-8.38773	-61.26119	-56.99191	
517	 2.15949	 1.89575	-27.09716	-27.45970	 15.97066	 15.94184	 13.46835	 13.47117	-9.09651	-8.74966	-66.55115	-62.85926	
518	 1.41383	 1.13454	-26.60404	-27.13057	 16.35815	 16.32336	 13.64512	 13.62984	-9.44362	-9.06827	-71.44114	-68.46000	
519	 0.67903	 0.37503	-25.83349	-26.55458	 16.71808	 16.67952	 13.77343	 13.72906	-9.74156	-9.34290	-75.83334	-73.53791	
520	-0.05995	-0.38564	-24.81644	-25.73391	 17.05447	 17.01416	 13.85088	 13.76879	-9.98860	-9.57545	-79.66230	-77.92357	
521	-0.81543	-1.15242	-23.60918	-24.69606	 17.37246	 17.33164	 13.87903	 13.75566	-10.18568	-9.76926	-82.98183	-81.46827	
522	-1.59351	-1.93023	-22.27412	-23.48461	 17.67749	 17.63644	 13.86278	 13.69985	-10.33604	-9.92816	-85.88082	-84.09568	
523	-2.39436	-2.72219	-20.86579	-22.14813	 17.97476	 17.93306	 13.80909	 13.61203	-10.44449	-10.05590	-88.27442	-85.95986	
524	-3.21440	-3.52883	-19.42519	-20.73169	 18.26899	 18.22588	 13.72566	 13.50155	-10.51678	-10.15619	-89.99426	-87.31354	
525	-4.04831	-4.34826	-17.97993	-19.27229	 18.56445	 18.51908	 13.61990	 13.37581	-10.55905	-10.23284	-91.00945	-88.26401	
526	-4.89048	-5.17694	-16.54705	-17.79767	 18.86502	 18.81663	 13.49834	 13.24038	-10.57761	-10.28987	-91.40001	-88.79160	
527	-5.73571	-6.01055	-15.13619	-16.32728	 19.17426	 19.12223	 13.36635	 13.09933	-10.57881	-10.33166	-91.25167	-88.85587	
528	-6.57951	-6.84467	-13.75232	-14.87403	 19.49549	 19.43934	 13.22825	 12.95567	-10.56903	-10.36290	-90.62008	-88.43622	
529	-7.41822	-7.67519	-12.39767	-13.44610	 19.83181	 19.77121	 13.08732	 12.81161	-10.55469	-10.38858	-89.53739	-87.53087	
530	-8.24893	-8.49859	-11.07302	-12.04848	 20.18612	 20.12081	 12.94607	 12.66881	-10.54213	-10.41388	-88.02508	-86.14897	
531	-9.06937	-9.31198	-9.77853	-10.68410	 20.56107	 20.49088	 12.80628	 12.52849	-10.53766	-10.44405	-86.10271	-84.30549	
532	-9.87789	-10.11311	-8.51413	-9.35464	 20.95909	 20.88388	 12.66921	 12.39153	-10.54739	-10.48433	-83.79268	-82.01885	
533	-10.67329	-10.90029	-7.27988	-8.06105	 21.38232	 21.30195	 12.53558	 12.25849	-10.57715	-10.53975	-81.12283	-79.30984	
534	-11.45478	-11.67235	-6.07599	-6.80392	 21.83258	 21.74693	 12.40576	 12.12963	-10.63240	-10.61510	-78.12801	-76.20054	
535	-12.22188	-12.42851	-4.90290	-5.58362	 22.31137	 22.22032	 12.27970	 12.00497	-10.71807	-10.71474	-74.85189	-72.71263	
536	-12.97432	-13.16835	-3.76128	-4.40045	 22.81983	 22.72324	 12.15707	 11.88422	-10.83845	-10.84259	-71.35011	-68.86362	
537	-13.71204	-13.89168	-2.65196	-3.25468	 23.35870	 23.25645	 12.03725	 11.76686	-10.99705	-11.00199	-67.69750	-64.65888	
538	-14.43508	-14.59852	-1.57589	-2.14656	 23.92833	 23.82031	 11.91935	 11.65209	-11.19652	-11.19570	-64.00686	-60.07180	
539	-15.14352	-15.28905	-0.53406	-1.07630	 24.52860	 24.41484	 11.80230	 11.53892	-11.43851	-11.42584	-60.48628	-54.98525	
540	-15.83747	-15.96356	 0.47255	-0.04406	 25.15889	 25.03978	 11.68481	 11.42610	-11.72367	-11.69384	-57.67058	-48.95870	
541	-16.51695	-16.62245	 1.44300	 0.95009	 25.81772	 25.69488	 11.56545	 11.31222	-12.05154	-12.00047	-58.04577	-39.60250	
542	-16.75720	-16.58033	 5.13206	 2.11873	 25.61892	 27.81481	 11.61625	 10.00583	-14.15574	-11.93783	-1370688919106888.00000	 1093271624460205.50000	
543	-18.10845	-18.09714	-0.71098	-1.98933	 27.76826	 27.60553	 12.79658	 12.18695	-14.25216	-14.55271	-42.79449	-30.83000	
544	-18.70479	-18.74155	-0.47509	-1.82462	 28.57445	 28.38847	 12.92020	 12.25436	-14.78365	-15.11188	-42.30764	-34.55046	
545	-19.28477	-19.37267	-0.29490	-1.71948	 29.39601	 29.20323	 13.04796	 12.32737	-15.34024	-15.69186	-43.46206	-36.79676	
546	-19.84980	-19.98962	-0.17397	-1.67636	 30.23181	 30.04706	 13.17834	 12.40574	-15.91922	-16.28895	-45.08189	-38.73161	
547	-20.40124	-20.59141	-0.11582	-1.69662	 31.08236	 30.91506	 13.30954	 12.48921	-16.51716	-16.89899	-46.92172	-40.58704	
548	-20.94032	-21.17714	-0.12398	-1.78025	 31.94703	 31.80298	 13.43951	 12.57756	-17.12997	-17.51745	-48.89055	-42.44138	
549	-21.46804	-21.74598	-0.20185	-1.92551	 32.82378	 32.70750	 13.56589	 12.67049	-17.75300	-18.13946	-50.94198	-44.32980	
550	-21.98520	-22.29731	-0.35256	-2.12862	 33.70976	 33.62572	 13.68597	 12.76758	-18.38116	-18.75990	-53.04786	-46.27132	
551	-22.49229	-22.83065	-0.57854	-2.38348	 34.60182	 34.55465	 13.79672	 12.86804	-19.00911	-19.37349	-55.19036	-48.27715	
552	-22.98958	-23.34566	-0.88096	-2.68154	 35.49682	 35.49092	 13.89480	 12.97058	-19.63129	-19.97484	-57.35915	-50.35358	
553	-23.47710	-23.84217	-1.25876	-3.01192	 36.39193	 36.43054	 13.97663	 13.07307	-20.24205	-20.55868	-59.54990	-52.50303	
554	-23.95456	-24.32004	-1.70757	-3.36187	 37.28477	 37.36868	 14.03853	 13.17231	-20.83571	-21.11998	-61.76280	-54.72470	
555	-24.42139	-24.77923	-2.21866	-3.71773	 38.17344	 38.29973	 14.07688	 13.26386	-21.40656	-21.65416	-64.00061	-57.01499	
556	-24.87672	-25.21968	-2.77811	-4.06627	 39.05621	 39.21766	 14.08840	 13.34213	-21.94903	-22.15728	-66.26645	-59.36776	
557	-25.31934	-25.64136	-3.36706	-4.39617	 39.93092	 40.11671	 14.07042	 13.40076	-22.45776	-22.62612	-68.56160	-61.77422	
558	-25.74786	-26.04421	-3.96283	-4.69937	 40.79451	 40.99214	 14.02112	 13.43329	-22.92796	-23.05830	-70.88387	-64.22264	
559	-26.16073	-26.42817	-4.54137	-4.97177	 41.64284	 41.84059	 13.93978	 13.43410	-23.35558	-23.45223	-73.22666	-66.69798	
560	-26.55647	-26.79318	-5.08012	-5.21306	 42.47113	 42.65990	 13.82684	 13.39922	-23.73771	-23.80709	-75.57889	-69.18192	
561	-26.93374	-27.13920	-5.56084	-5.42568	 43.27458	 43.44871	 13.68384	 13.32695	-24.07270	-24.12270	-77.92565	-71.65344	
562	-27.29146	-27.46620	-5.97144	-5.61340	 44.04889	 44.20598	 13.51324	 13.21803	-24.36027	-24.39954	-80.24925	-74.08994	
563	-27.62884	-27.77419	-6.30659	-5.78001	 44.79055	 44.93067	 13.31817	 13.07553	-24.60140	-24.63858	-82.53052	-76.46863	
564	-27.94540	-28.06321	-6.56713	-5.92840	 45.49681	 45.62169	 13.10208	 12.90446	-24.79825	-24.84134	-84.74994	-78.76781	
565	-28.24086	-28.33328	-6.75865	-6.06035	 46.16557	 46.27781	 12.86841	 12.71141	-24.95387	-25.00976	-86.88872	-80.96800	
566	-28.51517	-28.58447	-6.88978	-6.17669	 46.79519	 46.89771	 12.62024	 12.50419	-25.07206	-25.14624	-88.92951	-83.05245	
567	-28.76839	-28.81680	-6.97053	-6.27776	 47.38437	 47.47997	 12.36009	 12.29144	-25.15708	-25.25350	-90.85693	-85.00753	
568	-29.00069	-29.03028	-7.01110	-6.36382	 47.93193	 48.02315	 12.09059	 12.08157	-25.21354	-25.33454	-92.65782	-86.82256	
569	-29.21231	-29.22489	-7.02103	-6.43535	 48.43680	 48.52577	 11.81703	 11.87993	-25.24619	-25.39258	-94.32138	-88.48964	
570	-29.40352	-29.40054	-7.00879	-6.49322	 48.89795	 48.98633	 11.54965	 11.68624	-25.25977	-25.43094	-95.83908	-90.00321	
571	-29.57468	-29.55711	-6.98163	-6.53863	 49.31433	 49.40336	 11.29986	 11.49829	-25.25882	-25.45308	-97.20452	-91.35965	
572	-29.72619	-29.69436	-6.94560	-6.57313	 49.68489	 49.77542	 11.07408	 11.31802	-25.24744	-25.46259	-98.41321	-92.55684	
573	-29.85861	-29.81189	-6.90564	-6.59839	 50.00861	 50.10111	 10.87450	 11.15061	-25.22892	-25.46341	-99.46225	-93.59377	
574	-29.97276	-29.90903	-6.86577	-6.61615	 50.28449	 50.37915	 10.70232	 11.00136	-25.20488	-25.46049	-100.35004	-94.47016	
575	-30.07006	-29.98447	-6.82915	-6.62809	 50.51163	 50.60838	 10.55881	 10.87442	-25.17323	-25.46173	-101.07593	-95.18623	
576	-30.15343	-30.03535	-6.79826	-6.63569	 50.68921	 50.78778	 10.44540	 10.77285	-25.12148	-25.48456	-101.63992	-95.74241	
577	-30.23050	-30.05414	-6.77493	-6.64019	 50.81655	 50.91654	 10.36337	 10.69885	-25.00012	-25.58239	-102.04232	-96.13921	
578	-30.32442	-30.01771	-6.76044	-6.64251	 50.89317	 50.99405	 10.31373	 10.65388	-24.62920	-25.93804	-102.28354	-96.37708	
579	-29.83588	-30.52542	-6.75553	-6.64322	 50.91874	 51.01992	 10.29711	 10.63880	-24.09559	-26.46636	-102.36391	-96.45634	
580	-29.78635	-30.80667	-7.00458	-7.01686	 50.82272	 50.93867	 10.27198	 10.62062	-23.85118	-26.32757	-102.02492	-96.36885	
581	-29.12669	-31.70010	-7.25639	-7.35591	 50.72848	 50.85411	 10.24459	 10.59032	-23.61832	-26.19635	-101.68592	-96.31518	
582	-29.49313	-31.57098	-7.51153	-7.67185	 50.63600	 50.76771	 10.21305	 10.54993	-23.39405	-26.07358	-101.32951	-96.25731	
583	-30.32113	-30.98504	-7.76955	-7.97180	 50.54515	 50.68042	 10.17587	 10.50039	-23.17604	-25.95957	-100.93949	-96.16782	
584	-30.60419	-30.94978	-8.02962	-8.26021	 50.45583	 50.59280	 10.13189	 10.44203	-22.96240	-25.85446	-100.50169	-96.02648	
585	-30.79986	-31.00858	-8.29072	-8.53977	 50.36793	 50.50525	 10.08018	 10.37491	-22.75152	-25.75832	-100.00411	-95.81806	
586	-30.96844	-31.10195	-8.55182	-8.81204	 50.28138	 50.41804	 10.02003	 10.29887	-22.54198	-25.67134	-99.43680	-95.53093	
587	-31.12708	-31.21352	-8.81188	-9.07786	 50.19615	 50.33137	 9.95085	 10.21374	-22.33241	-25.59379	-98.79164	-95.15611	
588	-31.28267	-31.33716	-9.06985	-9.33755	 50.11223	 50.24539	 9.87216	 10.11927	-22.12147	-25.52618	-98.06211	-94.68669	
589	-31.43861	-31.47021	-9.32472	-9.59109	 50.02963	 50.16024	 9.78360	 10.01523	-21.90769	-25.46924	-97.24308	-94.11737	
590	-31.59688	-31.61142	-9.57549	-9.83822	 49.94840	 50.07605	 9.68484	 9.90141	-21.68943	-25.42400	-96.33065	-93.44422	
591	-31.75878	-31.76026	-9.82116	-10.07850	 49.86858	 49.99293	 9.57562	 9.77760	-21.46472	-25.39192	-95.32203	-92.66442	
592	-31.92523	-31.91652	-10.06075	-10.31135	 49.79026	 49.91099	 9.45574	 9.64361	-21.23113	-25.37501	-94.21537	-91.77616	
593	-32.09699	-32.08021	-10.29327	-10.53611	 49.71350	 49.83036	 9.32500	 9.49928	-20.98554	-25.37604	-93.00970	-90.77852	
594	-32.27468	-32.25148	-10.51773	-10.75203	 49.63842	 49.75115	 9.18327	 9.34447	-20.72377	-25.39887	-91.70488	-89.67138	
595	-32.45887	-32.43056	-10.73313	-10.95831	 49.56510	 49.67348	 9.03043	 9.17906	-20.44006	-25.44900	-90.30146	-88.45534	
596	-32.65006	-32.61771	-10.93848	-11.15408	 49.49366	 49.59747	 8.86636	 9.00294	-20.12613	-25.53446	-88.80071	-87.13172	
597	-32.84876	-32.81326	-11.13275	-11.33846	 49.42421	 49.52324	 8.69099	 8.81602	-19.76966	-25.66741	-87.20452	-85.70247	
598	-33.05543	-33.01755	-11.31495	-11.51050	 49.35686	 49.45092	 8.50427	 8.61824	-19.35127	-25.86701	-85.51537	-84.17016	
599	-33.27056	-33.23096	-11.48405	-11.66925	 49.29174	 49.38063	 8.30613	 8.40955	-18.83865	-26.16542	-83.73630	-82.53794	
600	-33.49459	-33.45389	-11.63902	-11.81374	 49.22897	 49.31250	 8.09656	 8.18989	-18.17354	-26.62076	-81.87087	-80.80950	
601	-33.72800	-33.68673	-11.77883	-11.94296	 49.16867	 49.24667	 7.87552	 7.95925	-17.23891	-27.34993	-79.92311	-78.98904	
602	-33.97124	-33.92991	-11.90246	-12.05591	 49.11096	 49.18327	 7.64301	 7.71762	-15.75992	-28.62763	-77.89752	-77.08123	
603	-34.22477	-34.18385	-12.00888	-12.15159	 49.05597	 49.12245	 7.39904	 7.46500	-12.90389	-31.28642	-75.79901	-75.09122	
604	-34.48905	-34.44898	-12.09706	-12.22897	 49.00382	 49.06433	 7.14361	 7.20140	-4.45073	-39.54629	-73.63288	-73.02455	
605	-34.76455	-34.72576	-12.16602	-12.28707	 48.95465	 49.00909	 6.87675	 6.92685	 66.52343	-110.33098	-71.40478	-70.88714	
606	-35.05171	-35.01462	-12.21475	-12.32490	 48.90858	 48.95688	 6.59850	 6.64138	-8.12928	-35.49252	-69.12067	-68.68528	
607	-35.35100	-35.31601	-12.24230	-12.34150	 48.86574	 48.90786	 6.30890	 6.34506	-15.23390	-28.20576	-66.78679	-66.42553	
608	-35.66288	-35.63037	-12.24773	-12.33592	 48.82627	 48.86223	 6.00799	 6.03792	-17.68112	-25.57990	-64.40967	-64.11476	
609	-35.98779	-35.95816	-12.23015	-12.30727	 48.79030	 48.82019	 5.69585	 5.72006	-18.89644	-24.18933	-61.99599	-61.76005	
610	-36.32617	-36.29980	-12.18872	-12.25470	 48.75798	 48.78195	 5.37254	 5.39155	-19.61014	-23.30366	-59.55265	-59.36867	
611	-36.67846	-36.65574	-12.12264	-12.17742	 48.72945	 48.74777	 5.03814	 5.05248	-20.07145	-22.67357	-57.08669	-56.94806	
612	-37.04508	-37.02639	-12.03119	-12.07469	 48.70486	 48.71791	 4.69273	 4.70297	-20.38852	-22.19077	-54.60523	-54.50577	
613	-37.42645	-37.41217	-11.91373	-11.94587	 48.68437	 48.69269	 4.33642	 4.34311	-20.61587	-21.80064	-52.11546	-52.04940	
614	-37.82297	-37.81349	-11.76970	-11.79037	 48.66812	 48.67247	 3.96931	 3.97305	-20.78395	-21.47261	-49.62461	-49.58661	
615	-38.23501	-38.23071	-11.59864	-11.60774	 48.65626	 48.65765	 3.59152	 3.59291	-20.91113	-21.18820	-47.13990	-47.12504	
616	-38.66421	-38.66294	-11.39759	-11.40020	 48.64872	 48.64894	 3.20284	 3.20316	-20.93558	-21.00913	-44.67226	-44.66848	
617	-39.11432	-39.10709	-11.15967	-11.17418	 48.64626	 48.64626	 2.80299	 2.80438	-20.70678	-21.08579	-42.23577	-42.21744	
618	-39.58136	-39.56779	-10.89387	-10.92050	 48.65099	 48.64827	 2.39354	 2.39532	-20.49622	-21.14658	-39.82295	-39.79374	
619	-40.06561	-40.04530	-10.60018	-10.63924	 48.66379	 48.65493	 1.97466	 1.97612	-20.29985	-21.19542	-37.44098	-37.40416	
620	-40.56732	-40.53989	-10.27876	-10.33066	 48.68585	 48.66600	 1.54653	 1.54696	-20.11466	-21.23520	-35.09687	-35.05533	
621	-41.08671	-41.05176	-9.92990	-9.99523	 48.71885	 48.68084	 1.10937	 1.10801	-19.93833	-21.26814	-32.79735	-32.75361	
622	-41.62394	-41.58110	-9.55403	-9.63361	 48.76533	 48.69807	 0.66337	 0.65946	-19.76901	-21.29595	-30.54891	-30.50513	
623	-42.17915	-42.12804	-9.15174	-9.24674	 48.82969	 48.71457	 0.20876	 0.20151	-19.60522	-21.31999	-28.35770	-28.31571	
624	-42.75242	-42.69266	-8.72372	-8.83584	 48.92080	 48.72288	-0.25424	-0.26563	-19.44572	-21.34139	-26.22956	-26.19087	
625	-43.34376	-43.27501	-8.27078	-8.40246	 49.06140	 48.70180	-0.72536	-0.74174	-19.28946	-21.36107	-24.16994	-24.13576	
626	-43.95314	-43.87506	-7.79370	-7.94859	 49.33880	 48.56573	-1.20437	-1.22657	-19.13552	-21.37986	-22.18391	-22.15517	
627	-44.58047	-44.49275	-7.29318	-7.47682	 50.80194	 47.26760	-1.69099	-1.71988	-18.98305	-21.39848	-20.27610	-20.25350	
628	-45.22559	-45.12794	-6.76951	-6.99061	 50.30072	 47.95953	-2.18494	-2.22140	-18.83129	-21.41759	-18.45073	-18.43472	
629	-45.88826	-45.78042	-6.22196	-6.49492	 49.77174	 48.70711	-2.68592	-2.73084	-18.67949	-21.43781	-16.71155	-16.70237	
630	-46.56818	-46.44993	-5.64724	-5.99777	 49.74269	 48.98506	-3.19364	-3.24790	-18.52692	-21.45979	-15.06183	-15.05954	
631	-47.26494	-47.13613	-5.03506	-5.51472	 49.81507	 49.19443	-3.70776	-3.77228	-18.37286	-21.48415	-13.50436	-13.50888	
632	-47.97809	-47.83858	-4.35078	-5.08612	 49.93491	 49.39193	-4.22796	-4.30364	-18.21652	-21.51156	-12.04145	-12.05254	
633	-48.70705	-48.55681	-3.42484	-4.88778	 50.08757	 49.59515	-4.75388	-4.84162	-18.05709	-21.54275	-10.67490	-10.69221	
634	-49.45117	-49.29021	 1.84244	-9.02609	 50.26816	 49.81206	-5.28517	-5.38587	-17.89367	-21.57852	-9.40600	-9.42909	
635	-50.20970	-50.03813	-2.03300	-4.02413	 50.47524	 50.04735	-5.82143	-5.93600	-17.72527	-21.61981	-8.23556	-8.26392	
636	-50.98180	-50.79980	-1.96569	-2.97494	 50.70887	 50.30437	-6.36229	-6.49160	-17.55073	-21.66766	-7.16389	-7.19695	
637	-51.76651	-51.57438	-1.56616	-2.27594	 50.96983	 50.58582	-6.90732	-7.05225	-17.36871	-21.72336	-6.19081	-6.22795	
638	-52.56278	-52.36092	-1.10031	-1.66950	 51.25932	 50.89406	-7.45611	-7.61751	-17.17763	-21.78841	-5.31565	-5.35625	
639	-53.36947	-53.15838	-0.62097	-1.11126	 51.57877	 51.23125	-8.00821	-8.18692	-16.97555	-21.86468	-4.53730	-4.58074	
640	-54.18530	-53.96563	-0.14823	-0.58979	 51.92971	 51.59936	-8.56318	-8.76001	-16.76012	-21.95447	-3.85420	-3.89985	
641	-55.00891	-54.78142	 0.30685	-0.10270	 52.31370	 52.00022	-9.12054	-9.33626	-16.52837	-22.06069	-3.26435	-3.31161	
642	-55.83886	-55.60444	 0.73658	 0.34912	 52.73222	 52.43545	-9.67980	-9.91518	-16.27653	-22.18706	-2.76536	-2.81367	
643	-56.67356	-56.43325	 1.13484	 0.76345	 53.18663	 52.90643	-10.24047	-10.49622	-15.99967	-22.33846	-2.35447	-2.40330	
644	-57.51136	-57.26632	 1.49644	 1.13759	 53.67806	 53.41422	-10.80203	-11.07884	-15.69128	-22.52136	-2.02854	-2.07742	
645	-58.35052	-58.10203	 1.81693	 1.46878	 54.20732	 53.95949	-11.36397	-11.66248	-15.34246	-22.74462	-1.78415	-1.83264	
646	-59.18920	-58.93869	 2.09251	 1.75450	 54.77474	 54.54243	-11.92573	-12.24654	-14.94082	-23.02060	-1.61756	-1.66528	
647	-60.02549	-59.77449	 2.32011	 1.99265	 55.38012	 55.16258	-12.48677	-12.83044	-14.46848	-23.36714	-1.52478	-1.57141	
648	-60.85743	-60.60756	 2.49751	 2.18181	 56.02254	 55.81879	-13.04654	-13.41358	-13.89873	-23.81094	-1.50160	-1.54688	
649	-61.68297	-61.43597	 2.62347	 2.32134	 56.70023	 56.50900	-13.60445	-13.99533	-13.18984	-24.39370	-1.54361	-1.58732	
650	-62.50005	-62.25769	 2.69785	 2.41165	 57.41038	 57.23015	-14.15993	-14.57507	-12.27310	-25.18411	-1.64625	-1.68824	
651	-63.30656	-63.07067	 2.72183	 2.45427	 58.14905	 57.97802	-14.71240	-15.15217	-11.02749	-26.30318	-1.80483	-1.84499	
652	-64.10037	-63.87280	 2.69804	 2.45206	 58.91096	 58.74714	-15.26126	-15.72599	-9.22173	-27.98218	-2.01459	-2.05285	
653	-64.87937	-64.66194	 2.63065	 2.40932	 59.68941	 59.53066	-15.80592	-16.29589	-6.36889	-30.70801	-2.27070	-2.30704	
654	-65.64143	-65.43595	 2.52555	 2.33186	 60.47620	 60.32029	-16.34577	-16.86122	-1.37134	-35.57831	-2.56831	-2.60274	
655	-66.38448	-66.19266	 2.39031	 2.22700	 61.26157	 61.10633	-16.88022	-17.42135	 7.30467	-44.12683	-2.90259	-2.93514	
656	-67.10649	-66.92994	 2.23417	 2.10359	 62.03428	 61.87772	-17.40867	-17.97563	 10.26612	-46.96052	-3.26875	-3.29947	
657	-67.80547	-67.64567	 2.06794	 1.97181	 62.78175	 62.62216	-17.93051	-18.52345	 0.67660	-37.24299	-3.66205	-3.69103	
658	-68.47955	-68.33780	 1.90371	 1.84299	 63.49027	 63.32641	-18.44514	-19.06417	-5.80347	-30.63464	-4.07787	-4.10520	
659	-69.12692	-69.00433	 1.75454	 1.72927	 64.14540	 63.97659	-18.95196	-19.59719	-9.28210	-27.02748	-4.51171	-4.53748	
660	-69.74590	-69.64337	 1.63401	 1.64320	 64.73238	 64.55864	-19.45039	-20.12193	-11.32990	-24.85088	-4.95920	-4.98351	
661	-70.33493	-70.25310	 1.55567	 1.59721	 65.23670	 65.05879	-19.93983	-20.63781	-12.64837	-23.40336	-5.41614	-5.43908	
662	-70.89260	-70.83185	 1.53242	 1.60314	 65.64469	 65.46414	-20.41969	-21.14428	-13.55494	-22.36748	-5.87851	-5.90017	
663	-71.41763	-71.37807	 1.57591	 1.67166	 65.94415	 65.76320	-20.88939	-21.64083	-14.20856	-21.58429	-6.34248	-6.36295	
664	-71.90890	-71.89037	 1.69595	 1.81173	 66.12492	 65.94643	-21.34835	-22.12696	-14.69641	-20.96661	-6.80446	-6.82380	
665	-72.36548	-72.36753	 1.90000	 2.03021	 66.17940	 66.00668	-21.79599	-22.60223	-15.06995	-20.46298	-7.26103	-7.27930	
666	-72.78659	-72.80850	 2.19277	 2.33148	 66.10291	 65.93950	-22.23172	-23.06623	-15.36138	-20.04121	-7.70903	-7.72629	
667	-73.17163	-73.21242	 2.57607	 2.71732	 65.89388	 65.74331	-22.65494	-23.51863	-15.59184	-19.68014	-8.14552	-8.16180	
668	-73.52017	-73.57861	 3.04874	 3.18687	 65.55387	 65.41943	-23.06503	-23.95914	-15.77576	-19.36535	-8.56780	-8.58312	
669	-73.83196	-73.90662	 3.60687	 3.73673	 65.08742	 64.97192	-23.46135	-24.38756	-15.92333	-19.08665	-8.97339	-8.98777	
670	-74.10694	-74.19616	 4.24408	 4.36132	 64.50164	 64.40724	-23.84317	-24.80380	-16.04191	-18.83667	-9.36005	-9.37349	
671	-74.34520	-74.44717	 4.95200	 5.05323	 63.80583	 63.73390	-24.20970	-25.20792	-16.13699	-18.60992	-9.72577	-9.73828	
672	-74.54699	-74.65976	 5.72083	 5.80367	 63.01087	 62.96190	-24.56000	-25.60018	-16.21271	-18.40226	-10.06875	-10.08032	
673	-74.71274	-74.83426	 6.53986	 6.60300	 62.12868	 62.10230	-24.89289	-25.98111	-16.27227	-18.21048	-10.38743	-10.39805	
674	-74.84301	-74.97115	 7.39804	 7.44118	 61.17163	 61.16665	-25.20682	-26.35169	-16.31817	-18.03207	-10.68043	-10.69010	
675	-74.93851	-75.07110	 8.28446	 8.30821	 60.15209	 60.16657	-25.49957	-26.71361	-16.35239	-17.86503	-10.94659	-10.95530	
676	-75.00006	-75.13494	 9.18875	 9.19449	 59.08196	 59.11340	-25.76778	-27.06980	-16.37653	-17.70776	-11.18492	-11.19267	
677	-75.02864	-75.16365	 10.10136	 10.09110	 57.97237	 58.01780	-26.00578	-27.42549	-16.39189	-17.55895	-11.39462	-11.40142	
678	-75.02530	-75.15835	 11.01381	 10.99001	 56.83349	 56.88966	-26.20312	-27.79081	-16.39952	-17.41752	-11.57504	-11.58091	
679	-74.99121	-75.12027	 11.91876	 11.88419	 55.67433	 55.73785	-26.33763	-28.18764	-16.40032	-17.28257	-11.72571	-11.73066	
680	-74.92763	-75.05078	 12.81008	 12.76764	 54.50274	 54.57025	-26.35197	-28.67309	-16.39501	-17.15335	-11.84628	-11.85036	
681	-74.83587	-74.95130	 13.68279	 13.63543	 53.32539	 53.39367	-26.03653	-29.45658	-16.38422	-17.02923	-11.93653	-11.93978	
682	-74.71735	-74.82337	 14.53303	 14.48359	 52.14785	 52.21393	-23.51787	-32.41145	-16.36845	-16.90965	-11.99637	-11.99886	
683	-74.57350	-74.66857	 15.35791	 15.30908	 50.97467	 51.03591	-24.34321	-31.99041	-16.34815	-16.79415	-12.02582	-12.02762	
684	-74.40583	-74.48857	 16.15543	 16.10966	 49.80947	 49.86366	-27.29605	-29.40994	-16.32371	-16.68232	-12.02498	-12.02619	
685	-74.21587	-74.28503	 16.92433	 16.88381	 48.65507	 48.70047	-28.01626	-29.03022	-16.29543	-16.57380	-11.99406	-11.99477	
686	-74.00517	-74.05968	 17.66398	 17.63058	 47.51362	 47.54899	-28.40389	-28.95128	-16.26361	-16.46827	-11.93333	-11.93365	
687	-73.77529	-73.81425	 18.37423	 18.34954	 46.38667	 46.41130	-28.66990	-28.96228	-16.22848	-16.36546	-11.84313	-11.84320	
688	-73.52782	-73.55047	 19.05538	 19.04066	 45.27530	 45.28904	-28.87191	-29.00580	-16.19024	-16.26511	-11.72389	-11.72383	
689	-73.26432	-73.27006	 19.70800	 19.70419	 44.18018	 44.18347	-29.03214	-29.05984	-16.14907	-16.16698	-11.57605	-11.57601	
690	-72.97473	-72.98633	 20.34068	 20.33289	 43.09553	 43.10168	-29.11418	-29.16105	-16.07086	-16.10513	-11.40026	-11.40013	
691	-72.66615	-72.69540	 20.95082	 20.93103	 42.02593	 42.03990	-29.16349	-29.26428	-15.97656	-16.05854	-11.19714	-11.19669	
692	-72.34598	-72.39302	 21.53543	 21.50350	 40.97518	 40.99470	-29.20476	-29.34519	-15.88389	-16.00942	-10.96725	-10.96632	
693	-72.01579	-72.08064	 22.09543	 22.05141	 39.94368	 39.96580	-29.23620	-29.40593	-15.79267	-15.95785	-10.71120	-10.70965	
694	-71.67712	-71.75967	 22.63178	 22.57593	 38.93172	 38.95274	-29.25671	-29.44802	-15.70273	-15.90392	-10.42967	-10.42733	
695	-71.33144	-71.43147	 23.14548	 23.07820	 37.93957	 37.95492	-29.26562	-29.47256	-15.61392	-15.84768	-10.12334	-10.12005	
696	-70.98014	-71.09731	 23.63750	 23.55937	 36.96749	 36.97159	-29.26253	-29.48043	-15.52607	-15.78918	-9.79291	-9.78853	
697	-70.62455	-70.75842	 24.10882	 24.02051	 36.01583	 36.00183	-29.24722	-29.47233	-15.43902	-15.72845	-9.43912	-9.43351	
698	-70.26589	-70.41593	 24.56039	 24.46266	 35.08506	 35.04449	-29.21961	-29.44890	-15.35261	-15.66552	-9.06271	-9.05575	
699	-69.90529	-70.07089	 24.99311	 24.88680	 34.17593	 34.09809	-29.17971	-29.41066	-15.26668	-15.60038	-8.66448	-8.65603	
700	-69.54379	-69.72429	 25.40786	 25.29386	 33.28963	 33.16066	-29.12759	-29.35814	-15.18107	-15.53304	-8.24521	-8.23517	
701	-69.18234	-69.37697	 25.80547	 25.68468	 32.42812	 32.22947	-29.06338	-29.29181	-15.09562	-15.46347	-7.80572	-7.79399	
702	-68.82176	-69.02974	 26.18670	 26.06007	 31.59471	 31.30035	-28.98727	-29.21212	-15.01013	-15.39163	-7.34685	-7.33337	
703	-68.46278	-68.68325	 26.55229	 26.42074	 30.79529	 30.36658	-28.89948	-29.11952	-14.92444	-15.31748	-6.86947	-6.85417	
704	-68.10601	-68.33810	 26.90292	 26.76738	 30.04112	 29.41604	-28.80025	-29.01446	-14.83836	-15.24095	-6.37446	-6.35730	
705	-67.75195	-67.99474	 27.23923	 27.10060	 29.35605	 28.42404	-28.68986	-28.89739	-14.75168	-15.16197	-5.86273	-5.84369	
706	-67.40099	-67.65356	 27.56180	 27.42095	 28.79985	 27.32992	-28.56863	-28.76876	-14.66419	-15.08042	-5.33520	-5.31429	
707	-67.05341	-67.31482	 27.87119	 27.72895	 28.57366	 25.93167	-28.43689	-28.62901	-14.57565	-14.99620	-4.79284	-4.77008	
708	-66.70940	-66.97868	 28.16790	 28.02505	 30.02108	 22.88484	-28.29501	-28.47864	-14.48583	-14.90916	-4.23662	-4.21207	
709	-66.36900	-66.64521	 28.45238	 28.30968	 34.79247	 16.53818	-28.14337	-28.31812	-14.39446	-14.81913	-3.66754	-3.64128	
710	-66.03220	-66.31438	 28.72509	 28.58322	 27.21501	 22.56366	-27.98240	-28.14795	-14.30125	-14.72594	-3.08662	-3.05876	
711	-65.69885	-65.98608	 28.98640	 28.84601	 25.54516	 22.70394	-27.81255	-27.96868	-14.20589	-14.62935	-2.49491	-2.46559	
712	-65.36875	-65.66010	 29.23670	 29.09836	 24.43116	 22.30995	-27.63433	-27.78086	-14.10803	-14.52911	-1.89348	-1.86286	
713	-65.04157	-65.33615	 29.47631	 29.34056	 23.49193	 21.76191	-27.44825	-27.58508	-14.00728	-14.42492	-1.28340	-1.25170	
714	-64.71696	-65.01387	 29.70554	 29.57286	 22.63364	 21.15280	-27.25489	-27.38198	-13.90324	-14.31646	-0.66578	-0.63325	
715	-64.39444	-64.69284	 29.92469	 29.79549	 21.82181	 20.51626	-27.05489	-27.17224	-13.79543	-14.20332	-0.04175	-0.00867	
716	-64.07352	-64.37259	 30.13401	 30.00868	 21.04067	 19.86727	-26.84893	-26.95660	-13.68333	-14.08507	 0.58757	 0.62087	
717	-63.75363	-64.05257	 30.33376	 30.21262	 20.28187	 19.21336	-26.63776	-26.73585	-13.56635	-13.96120	 1.22103	 1.25418	
718	-63.43419	-63.73224	 30.52416	 30.40748	 19.54053	 18.55861	-26.42223	-26.51089	-13.44382	-13.83110	 1.85749	 1.89005	
719	-63.11456	-63.41099	 30.70543	 30.59345	 18.81353	 17.90537	-26.20325	-26.28266	-13.31501	-13.69411	 2.49579	 2.52726	
720	-62.79411	-63.08823	 30.87776	 30.77066	 18.09875	 17.25500	-25.98187	-26.05227	-13.17906	-13.54942	 3.13478	 3.16459	
721	-62.47219	-62.76334	 31.04135	 30.93928	 17.39467	 16.60830	-25.75924	-25.82089	-13.03499	-13.39615	 3.77331	 3.80082	
722	-62.14816	-62.43572	 31.19637	 31.09945	 16.70013	 15.96569	-25.53668	-25.58988	-12.88170	-13.23322	 4.41025	 4.43471	
723	-61.82142	-62.10480	 31.34299	 31.25128	 16.01423	 15.32740	-25.31565	-25.36075	-12.71789	-13.05942	 5.04448	 5.06502	
724	-61.49136	-61.77001	 31.48136	 31.39492	 15.33624	 14.69349	-25.09786	-25.13522	-12.54210	-12.87333	 5.67493	 5.69052	
725	-61.15746	-61.43087	 31.61165	 31.53049	 14.66555	 14.06392	-24.88522	-24.91527	-12.35259	-12.67329	 6.30053	 6.30995	
726	-60.81924	-61.08693	 31.73399	 31.65811	 14.00163	 13.43862	-24.67994	-24.70313	-12.14739	-12.45735	 6.92030	 6.92207	
727	-60.47629	-60.73780	 31.84854	 31.77788	 13.34406	 12.81745	-24.48457	-24.50139	-11.92417	-12.22324	 7.53330	 7.52558	
728	-60.12827	-60.38320	 31.95542	 31.88994	 12.69242	 12.20027	-24.30207	-24.31303	-11.68021	-11.96831	 8.13873	 8.11916	
729	-59.77496	-60.02293	 32.05476	 31.99438	 12.04637	 11.58690	-24.13584	-24.14153	-11.41233	-11.68942	 8.73592	 8.70139	
730	-59.41622	-59.65688	 32.14670	 32.09131	 11.40562	 10.97719	-23.98990	-23.99090	-11.11677	-11.38287	 9.32445	 9.27069	
731	-59.05204	-59.28509	 32.23136	 32.18086	 10.76989	 10.37096	-23.86888	-23.86586	-10.78913	-11.04431	 9.90433	 9.82513	
732	-58.68254	-58.90769	 32.30886	 32.26312	 10.13894	 9.76807	-23.77827	-23.77192	-10.42420	-10.66859	 10.47636	 10.36210	
733	-58.30795	-58.52495	 32.37932	 32.33819	 9.51257	 9.16837	-23.72447	-23.71555	-10.01582	-10.24961	 11.04302	 10.87736	
734	-57.92866	-58.13729	 32.44285	 32.40618	 8.89059	 8.57173	-23.71505	-23.70436	-9.55671	-9.78015	 11.61111	 11.36251	
735	-57.54521	-57.74529	 32.49955	 32.46718	 8.27285	 7.97804	-23.75890	-23.74729	-9.03822	-9.25166	 12.20164	 11.79504	
736	-57.15827	-57.34965	 32.54954	 32.52130	 7.65922	 7.38722	-23.86649	-23.85491	-8.45016	-8.65401	 12.91076	 12.07740	
737	-56.76871	-56.95126	 32.59292	 32.56862	 7.04960	 6.79917	-24.05016	-24.03961	-7.78046	-7.97523	 15.81332	 10.13348	
738	-56.37751	-56.55114	 32.62978	 32.60924	 6.44390	 6.21387	-24.32440	-24.31595	-7.01489	-7.20121	 14.08636	 12.78511	
739	-55.98586	-56.15051	 32.66022	 32.64324	 5.84206	 5.63127	-24.70614	-24.70098	-6.13680	-6.31540	 14.19858	 13.56258	
740	-55.59509	-55.75072	 32.68431	 32.67070	 5.24407	 5.05138	-25.21507	-25.21444	-5.12676	-5.29853	 14.52397	 14.09103	
741	-55.20669	-55.35329	 32.70215	 32.69170	 4.64990	 4.47422	-25.87381	-25.87906	-3.96241	-4.12840	 14.88254	 14.54975	
742	-54.82231	-54.95992	 32.71382	 32.70631	 4.05958	 3.89983	-26.70798	-26.72053	-2.61840	-2.77982	 15.24213	 14.97027	
743	-54.44377	-54.57245	 32.71936	 32.71460	 3.47313	 3.32827	-27.74592	-27.76727	-1.06666	-1.22490	 15.59245	 15.36246	
744	-54.07303	-54.19286	 32.71886	 32.71661	 2.89061	 2.75964	-29.01795	-29.04961	 0.72282	 0.56616	 15.92913	 15.73036	
745	-53.71219	-53.82328	 32.71237	 32.71241	 2.31210	 2.19406	-30.55473	-30.59818	 2.78037	 2.62352	 16.25004	 16.07594	
746	-53.36348	-53.46599	 32.69993	 32.70204	 1.73770	 1.63165	-32.38444	-32.44102	 5.13376	 4.97480	 16.55403	 16.40028	
747	-53.02928	-53.12336	 32.68158	 32.68553	 1.16754	 1.07259	-34.52823	-34.59898	 7.80364	 7.64050	 16.84050	 16.70409	
748	-52.71205	-52.79791	 32.65737	 32.66291	 0.60174	 0.51705	-36.99346	-37.07892	 10.79674	 10.62727	 17.10914	 16.98788	
749	-52.41438	-52.49223	 32.62730	 32.63422	 0.04047	-0.03477	-39.76455	-39.86452	 14.09674	 13.91868	 17.35985	 17.25209	
750	-52.13891	-52.20900	 32.59141	 32.59945	-0.51610	-0.58265	-42.79183	-42.90509	 17.65326	 17.46395	 17.59267	 17.49713	
751	-51.88839	-51.95099	 32.54969	 32.55861	-1.06777	-1.12634	-45.98013	-46.10417	 21.37071	 21.16617	 17.80776	 17.72339	
752	-51.66560	-51.72099	 32.50214	 32.51171	-1.61435	-1.66559	-49.18031	-49.31127	 25.10107	 24.87292	 18.00536	 17.93128	
753	-51.47335	-51.52185	 32.44877	 32.45873	-2.15560	-2.20012	-52.18916	-52.32197	 28.64829	 28.37179	 18.18579	 18.12126	
754	-51.31449	-51.35643	 32.38955	 32.39965	-2.69130	-2.72966	-54.76309	-54.89191	 31.81807	 31.36833	 18.34943	 18.29376	
755	-51.19185	-51.22757	 32.32446	 32.33445	-3.22119	-3.25390	-56.64885	-56.76789	 34.71701	 33.24872	 18.49669	 18.44929	
756	-51.10826	-51.13811	 32.25348	 32.26309	-3.74502	-3.77254	-57.62804	-57.73246	 35.53196	 35.38950	 18.62804	 18.58835	
757	-51.06648	-51.09084	 32.17655	 32.18554	-4.26251	-4.28525	-57.56413	-57.65081	 35.91541	 35.86607	 18.74398	 18.71149	
758	-51.06924	-51.08849	 32.09364	 32.10175	-4.77341	-4.79170	-56.43539	-56.50325	 35.26349	 35.24025	 18.84505	 18.81923	
759	-51.11915	-51.13368	 32.00470	 32.01166	-5.27742	-5.29157	-54.34054	-54.39030	 33.65031	 33.63643	 18.93180	 18.91217	
760	-51.21874	-51.22895	 31.90967	 31.91522	-5.77425	-5.78452	-51.47447	-51.50807	 31.26519	 31.25569	 19.00478	 18.99087	
761	-51.37041	-51.37670	 31.80849	 31.81236	-6.26363	-6.27021	-48.08442	-48.10428	 28.35337	 28.34714	 19.06458	 19.05592	
762	-51.57641	-51.57919	 31.70110	 31.70304	-6.74525	-6.74830	-44.42283	-44.43131	 25.16644	 25.16349	 19.11179	 19.10791	
763	-51.83850	-51.83883	 31.58717	 31.58743	-7.21845	-7.21883	-40.70992	-40.71088	 21.92547	 21.92511	 19.14743	 19.14697	
764	-52.15653	-52.15955	 31.46469	 31.46741	-7.68034	-7.68408	-37.10978	-37.11872	 18.80262	 18.79920	 19.17504	 19.17071	
765	-52.53495	-52.54026	 31.33553	 31.34096	-8.13362	-8.14070	-33.74534	-33.76117	 15.90921	 15.90334	 19.19133	 19.18356	
766	-52.97522	-52.98243	 31.19963	 31.20803	-8.57798	-8.58843	-30.68190	-30.70384	 13.31045	 13.30290	 19.19683	 19.18608	
767	-53.47856	-53.48725	 31.05691	 31.06854	-9.01311	-9.02698	-27.94644	-27.97389	 11.03325	 11.02486	 19.19209	 19.17879	
768	-54.04592	-54.05570	 30.90732	 30.92242	-9.43870	-9.45608	-25.53913	-25.57155	 9.07775	 9.06928	 19.17761	 19.16220	
769	-54.67795	-54.68843	 30.75079	 30.76961	-9.85445	-9.87548	-23.44324	-23.48013	 7.42725	 7.41930	 19.15387	 19.13679	
770	-55.37504	-55.38583	 30.58728	 30.61004	-10.26010	-10.28493	-21.63271	-21.67358	 6.05579	 6.04876	 19.12132	 19.10298	
771	-56.13725	-56.14798	 30.41672	 30.44366	-10.65537	-10.68420	-20.07750	-20.12188	 4.93343	 4.92751	 19.08038	 19.06121	
772	-56.96434	-56.97463	 30.23909	 30.27042	-11.04001	-11.07306	-18.74695	-18.79437	 4.02967	 4.02484	 19.03141	 19.01182	
773	-57.85572	-57.86520	 30.05435	 30.09028	-11.41380	-11.45130	-17.61180	-17.66182	 3.31547	 3.31150	 18.97478	 18.95517	
774	-58.81049	-58.81880	 29.86248	 29.90322	-11.77652	-11.81875	-16.64526	-16.69748	 2.76425	 2.76073	 18.91076	 18.89152	
775	-59.82739	-59.83417	 29.66346	 29.70919	-12.12797	-12.17522	-15.82341	-15.87745	 2.35236	 2.34871	 18.83961	 18.82114	
776	-60.90482	-60.90970	 29.45731	 29.50820	-12.46799	-12.52056	-15.12525	-15.18079	 2.05912	 2.05457	 18.76154	 18.74421	
777	-62.04082	-62.04346	 29.24404	 29.30025	-12.79642	-12.85465	-14.53260	-14.58936	 1.86667	 1.86030	 18.67672	 18.66089	
778	-63.23310	-63.23312	 29.02367	 29.08534	-13.11312	-13.17736	-14.02976	-14.08751	 1.75971	 1.75044	 18.58525	 18.57129	
779	-64.47899	-64.47605	 28.79626	 28.86351	-13.41798	-13.48861	-13.60329	-13.66185	 1.72518	 1.71179	 18.48722	 18.47547	
780	-65.77550	-65.76924	 28.56185	 28.63480	-13.71092	-13.78832	-13.24168	-13.30092	 1.75202	 1.73310	 18.38265	 18.37343	
781	-67.11928	-67.10934	 28.32054	 28.39927	-13.99186	-14.07646	-12.93508	-12.99489	 1.83085	 1.80484	 18.27152	 18.26515	
782	-68.50667	-68.49267	 28.07241	 28.15700	-14.26076	-14.35299	-12.67503	-12.73537	 1.95373	 1.91889	 18.15376	 18.15056	
783	-69.93367	-69.91523	 27.81758	 27.90808	-14.51760	-14.61792	-12.45430	-12.51514	 2.11394	 2.06832	 18.02928	 18.02954	
784	-71.39596	-71.37271	 27.55619	 27.65262	-14.76237	-14.87128	-12.26662	-12.32798	 2.30581	 2.24726	 17.89793	 17.90192	
785	-72.88894	-72.86047	 27.28837	 27.39075	-14.99508	-15.11312	-12.10660	-12.16852	 2.52453	 2.45064	 17.75954	 17.76752	
786	-74.40771	-74.37363	 27.01432	 27.12263	-15.21578	-15.34351	-11.96956	-12.03210	 2.76603	 2.67415	 17.61390	 17.62612	
787	-75.94713	-75.90701	 26.73421	 26.84842	-15.42452	-15.56256	-11.85142	-11.91465	 3.02691	 2.91403	 17.46076	 17.47744	
788	-77.50180	-77.45521	 26.44826	 26.56830	-15.62135	-15.77040	-11.74859	-11.81262	 3.30426	 3.16704	 17.29987	 17.32122	
789	-79.06610	-79.01260	 26.15671	 26.28250	-15.80638	-15.96718	-11.65795	-11.72288	 3.59567	 3.43034	 17.13093	 17.15714	
790	-80.63420	-80.57335	 25.85980	 25.99124	-15.97969	-16.15308	-11.57672	-11.64267	 3.89914	 3.70140	 16.95364	 16.98488	
791	-82.20013	-82.13146	 25.55780	 25.69476	-16.14139	-16.32833	-11.50247	-11.56955	 4.21301	 3.97798	 16.76770	 16.80410	
792	-83.75776	-83.68080	 25.25101	 25.39333	-16.29158	-16.49315	-11.43302	-11.50133	 4.53597	 4.25801	 16.57277	 16.61446	
793	-85.30083	-85.21511	 24.93973	 25.08725	-16.43038	-16.64784	-11.36643	-11.43609	 4.86703	 4.53956	 16.36853	 16.41560	
794	-86.82303	-86.72807	 24.62430	 24.77681	-16.55789	-16.79270	-11.30101	-11.37210	 5.20548	 4.82079	 16.15467	 16.20718	
795	-88.31796	-88.21330	 24.30506	 24.46235	-16.67421	-16.92808	-11.23521	-11.30782	 5.55098	 5.09985	 15.93087	 15.98885	
796	-89.77923	-89.66443	 23.98236	 24.14419	-16.77939	-17.05440	-11.16768	-11.24188	 5.90353	 5.37481	 15.69683	 15.76028	
797	-91.20046	-91.07511	 23.65660	 23.82270	-16.87347	-17.17211	-11.09722	-11.17305	 6.26356	 5.64354	 15.45226	 15.52117	
798	-92.57526	-92.43909	 23.32816	 23.49825	-16.95641	-17.28178	-11.02276	-11.10024	 6.63210	 5.90355	 15.19691	 15.27121	
799	-93.89726	-93.75034	 22.99744	 23.17123	-17.02810	-17.38406	-10.94337	-11.02251	 7.01098	 6.15173	 14.93055	 15.01014	
800	-95.15923	-95.00391	 22.66488	 22.84204	-17.08827	-17.47976	-10.85824	-10.93900	 7.40318	 6.38394	 14.65298	 14.73772	
801	-96.17898	-96.37018	 22.33089	 22.51109	-17.13644	-17.56992	-10.76665	-10.84900	 7.81358	 6.59431	 14.36402	 14.45376	
802	-97.30158	-97.49271	 21.99592	 22.17880	-17.17180	-17.65592	-10.66803	-10.75187	 8.25026	 6.77389	 14.06355	 14.15808	
803	-98.34240	-98.54523	 21.66041	 21.84561	-17.19297	-17.73974	-10.56186	-10.64710	 8.72714	 6.90800	 13.75150	 13.85057	
804	-99.30153	-99.51733	 21.32482	 21.51195	-17.19758	-17.82431	-10.44775	-10.53424	 9.26994	 6.97023	 13.42780	 13.53114	
805	-100.17454	-100.40380	 20.98960	 21.17827	-17.18141	-17.91444	-10.32538	-10.41296	 9.93144	 6.90719	 13.09248	 13.19978	
806	-100.95707	-101.20007	 20.65523	 20.84501	-17.13651	-18.01869	-10.19452	-10.28300	 10.83868	 6.59135	 12.74558	 12.85649	
807	-101.64515	-101.90201	 20.32215	 20.51263	-17.04612	-18.15437	-10.05502	-10.14418	 12.39223	 5.62165	 12.38721	 12.50135	
808	-102.23519	-102.50592	 19.99084	 20.18158	-16.86898	-18.36332	-9.90680	-9.99640	 16.85237	 1.73742	 12.01752	 12.13448	
809	-102.72412	-103.00859	 19.66175	 19.85230	-16.47030	-18.78092	-9.74985	-9.83963	 55.33210	-36.17471	 11.63670	 11.75605	
810	-103.10933	-103.40732	 19.33534	 19.52525	-15.02001	-20.23777	-9.58424	-9.67392	 15.88071	 3.83570	 11.24502	 11.36628	
811	-103.38877	-103.69991	 19.01206	 19.20086	-8.68767	-26.56488	-9.41007	-9.49936	 13.41439	 6.85217	 10.84277	 10.96546	
812	-103.56095	-103.88475	 18.69234	 18.87957	-16.01215	-19.22392	-9.22754	-9.31612	 12.68162	 8.12599	 10.43029	 10.55390	
813	-103.62498	-103.96078	 18.37663	 18.56179	-16.73761	-18.47123	-9.03685	-9.12441	 12.42296	 8.91642	 10.00798	 10.13197	
814	-103.58056	-103.92757	 18.06534	 18.24796	-17.00055	-18.17085	-8.83829	-8.92451	 12.35864	 9.50304	 9.57627	 9.70011	
815	-103.42803	-103.78529	 17.75887	 17.93846	-17.12614	-17.99809	-8.63218	-8.71673	 12.39108	 9.98331	 9.13562	 9.25876	
816	-103.16840	-103.53477	 17.45761	 17.63368	-17.19070	-17.87709	-8.41887	-8.50142	 12.47734	 10.40005	 8.68656	 8.80844	
817	-102.80332	-103.17748	 17.16195	 17.33399	-17.22167	-17.78090	-8.19874	-8.27899	 12.59557	 10.77501	 8.22961	 8.34968	
818	-102.33510	-102.71557	 16.87222	 17.03975	-17.23138	-17.69762	-7.97222	-8.04984	 12.73348	 11.12041	 7.76536	 7.88306	
819	-101.76676	-102.15185	 16.58878	 16.75128	-17.22628	-17.62122	-7.73975	-7.81445	 12.88363	 11.44364	 7.29440	 7.40918	
820	-101.10197	-101.48981	 16.31192	 16.46890	-17.21011	-17.54838	-7.50178	-7.57328	 13.04127	 11.74942	 6.81734	 6.92867	
821	-100.34509	-100.73361	 16.04195	 16.19290	-17.18520	-17.47716	-7.25880	-7.32683	 13.20320	 12.04090	 6.33484	 6.44219	
822	-99.50115	-99.88807	 15.77911	 15.92356	-17.15314	-17.40635	-7.01130	-7.07561	 13.36722	 12.32028	 5.84754	 5.95041	
823	-98.57585	-98.95870	 15.52367	 15.66110	-17.11501	-17.33522	-6.75978	-6.82015	 13.53177	 12.58912	 5.35610	 5.45401	
824	-97.57550	-97.95162	 15.27582	 15.40576	-17.07166	-17.26328	-6.50475	-6.56099	 13.69570	 12.84859	 4.86119	 4.95368	
825	-96.50709	-96.87360	 15.03577	 15.15772	-17.02370	-17.19023	-6.24672	-6.29865	 13.85818	 13.09954	 4.36350	 4.45013	
826	-95.37818	-95.73204	 14.80366	 14.91716	-16.97163	-17.11589	-5.98620	-6.03368	 14.01858	 13.34264	 3.86367	 3.94406	
827	-94.19693	-94.53488	 14.57964	 14.68422	-16.91586	-17.04015	-5.72370	-5.76661	 14.17640	 13.57841	 3.36240	 3.43617	
828	-92.97203	-93.29067	 14.36381	 14.45901	-16.85673	-16.96296	-5.45973	-5.49799	 14.33130	 13.80725	 2.86033	 2.92715	
829	-91.71270	-92.00845	 14.15625	 14.24163	-16.79453	-16.88430	-5.19478	-5.22834	 14.48299	 14.02950	 2.35811	 2.41768	
830	-90.42865	-90.69777	 13.95700	 14.03214	-16.72950	-16.80418	-4.92935	-4.95819	 14.63127	 14.24543	 1.85638	 1.90845	
831	-89.13000	-89.36861	 13.76610	 13.83058	-16.66186	-16.72262	-4.66391	-4.68804	 14.77597	 14.45526	 1.35576	 1.40010	
832	-87.82729	-88.03140	 13.58355	 13.63696	-16.59182	-16.63967	-4.39895	-4.41841	 14.91699	 14.65918	 0.85685	 0.89327	
833	-86.53140	-86.69688	 13.40930	 13.45128	-16.51955	-16.55537	-4.13493	-4.14979	 15.05424	 14.85734	 0.36023	 0.38859	
834	-85.25349	-85.37615	 13.24332	 13.27351	-16.44519	-16.46979	-3.87229	-3.88266	 15.18767	 15.04987	-0.13355	-0.11336	
835	-84.00497	-84.08056	 13.08552	 13.10358	-16.36891	-16.38299	-3.61148	-3.61748	 15.31724	 15.23690	-0.62395	-0.61199	
836	-82.79744	-82.82166	 12.93580	 12.94142	-16.29082	-16.29502	-3.35291	-3.35472	 15.44293	 15.41853	-1.11045	-1.10677	
837	-81.61115	-81.64262	 12.78694	 12.79405	-16.20597	-16.21106	-3.09481	-3.09702	 15.59485	 15.56474	-1.59718	-1.59259	
838	-80.46085	-80.55231	 12.64003	 12.66012	-16.11588	-16.12974	-2.83819	-2.84419	 15.76592	 15.68269	-2.08273	-2.06990	
839	-79.38258	-79.53830	 12.50054	 12.53386	-16.02484	-16.04696	-2.58526	-2.59482	 15.93184	 15.79680	-2.56297	-2.54196	
840	-78.38817	-78.61233	 12.36834	 12.41508	-15.93291	-15.96282	-2.33644	-2.34929	 16.09266	 15.90709	-3.03745	-3.00837	
841	-77.48934	-77.78601	 12.24326	 12.30361	-15.84016	-15.87742	-2.09210	-2.10796	 16.24844	 16.01360	-3.50579	-3.46876	
842	-76.69764	-77.07076	 12.12514	 12.19923	-15.74666	-15.79084	-1.85263	-1.87119	 16.39924	 16.11637	-3.96762	-3.92280	
843	-76.02444	-76.47778	 12.01379	 12.10174	-15.65247	-15.70317	-1.61838	-1.63931	 16.54510	 16.21546	-4.42260	-4.37016	
844	-75.48080	-76.01790	 11.90901	 12.01091	-15.55766	-15.61449	-1.38971	-1.41267	 16.68608	 16.31090	-4.87042	-4.81056	
845	-75.07745	-75.70161	 11.81062	 11.92651	-15.46230	-15.52486	-1.16695	-1.19159	 16.82222	 16.40276	-5.31081	-5.24375	
846	-74.82470	-75.53894	 11.71840	 11.84829	-15.36645	-15.43438	-0.95043	-0.97636	 16.95355	 16.49110	-5.74351	-5.66950	
847	-74.73239	-75.53941	 11.63215	 11.77603	-15.27018	-15.34310	-0.74046	-0.76731	 17.08014	 16.57597	-6.16832	-6.08760	
848	-74.80983	-75.71196	 11.55166	 11.70947	-15.17355	-15.25109	-0.53735	-0.56471	 17.20200	 16.65744	-6.58502	-6.49787	
849	-75.06573	-76.06493	 11.47672	 11.64837	-15.07663	-15.15842	-0.34137	-0.36884	 17.31919	 16.73557	-6.99347	-6.90016	
850	-75.50818	-76.60595	 11.40711	 11.59249	-14.97948	-15.06515	-0.15281	-0.17997	 17.43173	 16.81043	-7.39351	-7.29434	
851	-76.14452	-77.34192	 11.34264	 11.54158	-14.88217	-14.97135	 0.02808	 0.00163	 17.53966	 16.88208	-7.78504	-7.68030	
852	-76.98136	-78.27897	 11.28308	 11.49540	-14.78476	-14.87707	 0.20104	 0.17573	 17.64303	 16.95058	-8.16795	-8.05795	
853	-78.02449	-79.42237	 11.22825	 11.45373	-14.68731	-14.78239	 0.36584	 0.34209	 17.74186	 17.01601	-8.54218	-8.42721	
854	-79.27887	-80.77652	 11.17794	 11.41632	-14.58989	-14.68735	 0.52226	 0.50048	 17.83620	 17.07842	-8.90767	-8.78806	
855	-80.74856	-82.34492	 11.13196	 11.38295	-14.49257	-14.59203	 0.67010	 0.65071	 17.92607	 17.13790	-9.26439	-9.14044	
856	-82.43666	-84.13012	 11.09013	 11.35341	-14.39540	-14.49649	 0.80917	 0.79257	 18.01152	 17.19450	-9.61233	-9.48434	
857	-84.34534	-86.13369	 11.05227	 11.32748	-14.29846	-14.40078	 0.93929	 0.92588	 18.09258	 17.24828	-9.95148	-9.81976	
858	-86.47579	-88.35620	 11.01820	 11.30497	-14.20181	-14.30498	 1.06032	 1.05049	 18.16929	 17.29933	-10.28187	-10.14672	
859	-88.82815	-90.79722	 10.98776	 11.28568	-14.10552	-14.20915	 1.17213	 1.16625	 18.24169	 17.34769	-10.60351	-10.46523	
860	-91.40156	-93.45528	 10.96080	 11.26942	-14.00966	-14.11336	 1.27461	 1.27303	 18.30981	 17.39344	-10.91645	-10.77534	
861	-94.19412	-96.32790	 10.93716	 11.25601	-13.91429	-14.01766	 1.36766	 1.37072	 18.37371	 17.43663	-11.22074	-11.07707	
862	-97.20288	-99.41157	 10.91670	 11.24528	-13.81949	-13.92215	 1.45124	 1.45925	 18.43343	 17.47734	-11.51644	-11.37050	
863	-100.42386	-102.70176	 10.89928	 11.23707	-13.72533	-13.82688	 1.52529	 1.53854	 18.48900	 17.51561	-11.80361	-11.65567	
864	-103.85203	-106.19292	 10.88477	 11.23122	-13.63187	-13.73193	 1.58981	 1.60856	 18.54048	 17.55152	-12.08233	-11.93265	
865	-107.48136	-109.87856	 10.87304	 11.22759	-13.53919	-13.63737	 1.64482	 1.66930	 18.58791	 17.58511	-12.35267	-12.20151	
866	-111.30482	-113.75118	 10.86399	 11.22602	-13.44737	-13.54329	 1.69036	 1.72077	 18.63134	 17.61644	-12.61472	-12.46233	
867	-115.31440	-117.80242	 10.85748	 11.22639	-13.35646	-13.44976	 1.72651	 1.76300	 18.67083	 17.64556	-12.86857	-12.71518	
868	-119.50118	-122.02299	 10.85342	 11.22856	-13.26656	-13.35686	 1.75337	 1.79608	 18.70642	 17.67253	-13.11429	-12.96013	
869	-123.85531	-126.40278	 10.85168	 11.23241	-13.17772	-13.26467	 1.77109	 1.82011	 18.73817	 17.69740	-13.35197	-13.19728	
870	-128.36611	-130.93091	 10.85217	 11.23782	-13.09002	-13.17327	 1.77983	 1.83520	 18.76614	 17.72020	-13.58170	-13.42668	
871	-133.02212	-135.59575	 10.85479	 11.24466	-13.00353	-13.08274	 1.77981	 1.84153	 18.79039	 17.74097	-13.80356	-13.64842	
872	-137.81110	-140.38500	 10.85942	 11.25283	-12.91832	-12.99317	 1.77124	 1.83928	 18.81096	 17.75976	-14.01764	-13.86258	
873	-142.72016	-145.28577	 10.86598	 11.26221	-12.83447	-12.90462	 1.75442	 1.82869	 18.82793	 17.77659	-14.22399	-14.06920	
874	-147.73579	-150.28461	 10.87435	 11.27269	-12.75203	-12.81720	 1.72963	 1.81000	 18.84134	 17.79148	-14.42269	-14.26837	
875	-152.84393	-155.36762	 10.88444	 11.28417	-12.67108	-12.73096	 1.69721	 1.78352	 18.85125	 17.80446	-14.61381	-14.46012	
876	-158.03005	-160.52048	 10.89615	 11.29654	-12.59168	-12.64600	 1.65752	 1.74955	 18.85772	 17.81552	-14.79740	-14.64451	
877	-163.27922	-165.72855	 10.90936	 11.30970	-12.51389	-12.56238	 1.61096	 1.70844	 18.86079	 17.82466	-14.97348	-14.82156	
878	-168.57620	-170.97696	 10.92398	 11.32354	-12.43778	-12.48017	 1.55795	 1.66059	 18.86052	 17.83186	-15.14211	-14.99131	
879	-173.90550	-176.25063	 10.93988	 11.33797	-12.36340	-12.39945	 1.49893	 1.60638	 18.85694	 17.83710	-15.30328	-15.15376	
880	-179.25148	-181.53440	 10.95698	 11.35288	-12.29081	-12.32029	 1.43438	 1.54626	 18.85009	 17.84032	-15.45699	-15.30889	
881	-184.59839	-186.81306	 10.97514	 11.36816	-12.22007	-12.24274	 1.36478	 1.48068	 18.83998	 17.84144	-15.60322	-15.45667	
882	-189.93049	-192.07145	 10.99425	 11.38373	-12.15122	-12.16686	 1.29066	 1.41012	 18.82661	 17.84036	-15.74192	-15.59705	
883	-195.23209	-197.29450	 11.01419	 11.39948	-12.08432	-12.09271	 1.21253	 1.33509	 18.80998	 17.83694	-15.87300	-15.72994	
884	-200.48767	-202.46732	 11.03484	 11.41530	-12.01941	-12.02034	 1.13096	 1.25610	 18.79006	 17.83100	-15.99635	-15.85520	
885	-205.68187	-207.57523	 11.05607	 11.43111	-11.95654	-11.94980	 1.04648	 1.17369	 18.76677	 17.82229	-16.11181	-15.97267	
886	-210.79966	-212.60387	 11.07774	 11.44679	-11.89575	-11.88112	 0.95966	 1.08840	 18.74003	 17.81052	-16.21915	-16.08213	
887	-215.82629	-217.53917	 11.09971	 11.46226	-11.83708	-11.81434	 0.87108	 1.00079	 18.70969	 17.79527	-16.31809	-16.18327	
888	-220.74743	-222.36748	 11.12186	 11.47739	-11.78056	-11.74950	 0.78131	 0.91142	 18.67559	 17.77603	-16.40825	-16.27571	
889	-225.54921	-227.07557	 11.14401	 11.49211	-11.72621	-11.68660	 0.69091	 0.82087	 18.63747	 17.75211	-16.48916	-16.35896	
890	-230.21821	-231.65066	 11.16603	 11.50629	-11.67406	-11.62568	 0.60046	 0.72970	 18.59504	 17.72263	-16.56018	-16.43238	
891	-234.74158	-236.08048	 11.18774	 11.51983	-11.62411	-11.56672	 0.51051	 0.63848	 18.54792	 17.68640	-16.62052	-16.49515	
892	-239.10701	-240.35329	 11.20897	 11.53261	-11.57638	-11.50973	 0.42162	 0.54778	 18.49568	 17.64182	-16.66912	-16.54621	
893	-243.30281	-244.45789	 11.22951	 11.54451	-11.53083	-11.45468	 0.33433	 0.45815	 18.43785	 17.58667	-16.70461	-16.58419	
894	-247.31791	-248.38365	 11.24917	 11.55540	-11.48743	-11.40154	 0.24916	 0.37014	 18.37393	 17.51789	-16.72518	-16.60725	
895	-251.14188	-252.12054	 11.26767	 11.56511	-11.44610	-11.35024	 0.16660	 0.28427	 18.30343	 17.43125	-16.72843	-16.61299	
896	-254.76495	-255.65909	 11.28475	 11.57347	-11.40671	-11.30069	 0.08715	 0.20108	 18.22498	 17.32165	-16.71109	-16.59814	
897	-258.17802	-258.99048	 11.30005	 11.58023	-11.36908	-11.25273	 0.01126	 0.12107	 18.13018	 17.18866	-16.66871	-16.55825	
898	-261.37268	-262.10646	 11.31312	 11.58509	-11.33290	-11.20615	-0.06063	 0.04472	 17.97219	 17.06680	-16.59509	-16.48713	
899	-264.34118	-264.99939	 11.32337	 11.58762	-11.29771	-11.16061	-0.12814	-0.02751	 17.65977	 17.02977	-16.48138	-16.37597	
900	-267.07648	-267.66228	 11.33001	 11.58718	-11.26281	-11.11560	-0.19090	-0.09515	 17.27177	 16.97326	-16.31481	-16.21206	
901	-269.57218	-270.08869	 11.33188	 11.58281	-11.22709	-11.07028	-0.24860	-0.15779	 16.88538	 16.78228	-16.07638	-15.97653	
902	-271.82259	-272.27282	 11.32722	 11.57290	-11.18879	-11.02325	-0.30095	-0.21500	 16.45267	 16.44729	-15.73721	-15.64071	
903	-273.82264	-274.20946	 11.31322	 11.55472	-11.14498	-10.97204	-0.34776	-0.26636	 15.90569	 15.94665	-15.25230	-15.15994	
904	-275.56796	-275.89399	 11.28509	 11.52320	-11.09053	-10.91208	-0.38890	-0.31143	 15.16165	 15.22072	-14.55013	-14.46329	
905	-277.05480	-277.32239	 11.23417	 11.46848	-11.01598	-10.83446	-0.42438	-0.34971	 14.10125	 14.16119	-13.51639	-13.43738	
906	-278.28006	-278.49121	 11.14400	 11.37012	-10.90274	-10.72094	-0.45444	-0.38056	 12.54616	 12.59534	-11.97496	-11.90726	
907	-279.24129	-279.39756	 10.98615	 11.18690	-10.71599	-10.53680	-0.47965	-0.40305	 10.26559	 10.29729	-9.69738	-9.64468	
908	-279.93671	-280.03908	 10.80187	 10.91228	-10.47262	-10.29995	-0.50083	-0.41610	 7.14431	 7.16082	-6.57572	-6.53611	
909	-280.36554	-280.41360	 14.03690	 13.72004	-13.51729	-13.28528	-0.51219	-0.42530	 3.77204	 3.76677	-3.20249	-3.15956	
910	-280.52357	-280.52354	 1892923.86049	-1209960.59289	-3789556.42574	 3106607.56161	-0.47214	-0.47214	 257992.25228	-280904.37249	 356540.99063	-333624.55788	
911	 455.72499	-1016.10340	-1.57523	-1.72682	 2.05807	 2.19894	-0.46508	-0.47365	 2.15616	 2.13453	-1.56896	-1.54872	
912	 5215.12888	-5773.50569	-0.24632	-0.30373	 0.73893	 0.75510	-0.45733	-0.46455	 3.69927	 3.68485	-3.10875	-3.09701	
913	 17563.10321	-18118.15849	 2.43226	 2.18228	-1.85839	-1.83044	-0.44466	-0.44918	 5.40242	 5.39146	-4.80654	-4.80007	
914	 40370.13328	-40920.56863	 4.03423	 3.80819	-3.48822	-3.45401	-0.42710	-0.42763	 6.96991	 6.95743	-6.36575	-6.36181	
915	 75153.31686	-75697.86398	 4.85169	 4.88370	-4.44936	-4.41848	-0.40473	-0.40000	 8.27764	 8.25796	-7.66063	-7.65904	
916	 121492.67469	-122030.10372	 5.52602	 5.35748	-5.03955	-5.01603	-0.37766	-0.36642	 9.31796	 9.28212	-8.68120	-8.68309	
917	 176760.48897	-177289.61647	 6.00597	 5.60432	-5.42191	-5.40693	-0.34606	-0.32702	 10.13378	 10.06778	-9.46773	-9.47437	
918	 236424.70540	-236944.40176	 6.34148	 5.74536	-5.68249	-5.67605	-0.31007	-0.28200	 10.77727	 10.66265	-10.07030	-10.08261	
919	 294939.80268	-295448.99896	 6.57808	 5.82892	-5.86831	-5.86998	-0.26990	-0.23155	 11.29303	 11.10999	-10.53295	-10.55149	
920	 346956.70894	-347454.40320	 6.74440	 5.88038	-6.00636	-6.01553	-0.22576	-0.17590	 11.71374	 11.44592	-10.89020	-10.91520	
921	 388462.63556	-388947.89880	 6.85869	 5.91412	-6.11283	-6.12886	-0.17791	-0.11530	 12.06109	 11.70025	-11.16785	-11.19930	
922	 417362.12978	-417834.11150	 6.93318	 5.93849	-6.19788	-6.22014	-0.12661	-0.05004	 12.34870	 11.89731	-11.38486	-11.42262	
923	 433534.01460	-433991.94810	 6.97653	 5.95835	-6.26812	-6.29598	-0.07214	 0.01960	 12.58546	 12.05607	-11.55514	-11.59896	
924	 438308.16753	-438751.37469	 6.99515	 5.97651	-6.32798	-6.36086	-0.01484	 0.09328	 12.77817	 12.19034	-11.68895	-11.73849	
925	 433831.97525	-434259.87079	 6.99392	 5.99457	-6.38052	-6.41784	 0.04499	 0.17065	 12.93301	 12.30926	-11.79390	-11.84877	
926	 422514.17815	-422926.27323	 6.97671	 6.01339	-6.42793	-6.46914	 0.10698	 0.25136	 13.05604	 12.41838	-11.87570	-11.93547	
927	 406615.36577	-407011.27070	 6.94661	 6.03341	-6.47178	-6.51635	 0.17078	 0.33503	 13.15307	 12.52071	-11.93868	-12.00290	
928	 387988.23609	-388367.66236	 6.90619	 6.05482	-6.51324	-6.56064	 0.23601	 0.42126	 13.22938	 12.61777	-11.98616	-12.05436	
929	 368107.95480	-368470.71614	 6.85760	 6.07764	-6.55319	-6.60292	 0.30230	 0.50964	 13.28960	 12.71030	-12.02071	-12.09239	
930	 348046.03106	-348392.04371	 6.80266	 6.10183	-6.59231	-6.64388	 0.36927	 0.59975	 13.33758	 12.79863	-12.04433	-12.11899	
931	 328541.38283	-328870.66485	 6.74296	 6.12732	-6.63111	-6.68403	 0.43651	 0.69117	 13.37648	 12.88301	-12.05861	-12.13572	
932	 310068.61485	-310381.28468	 6.67987	 6.15403	-6.67001	-6.72382	 0.50366	 0.78348	 13.40884	 12.96366	-12.06481	-12.14385	
933	 292921.02666	-293217.30073	 6.61462	 6.18187	-6.70932	-6.76357	 0.57034	 0.87623	 13.43664	 13.04080	-12.06393	-12.14437	
934	 277254.57611	-277534.76561	 6.54829	 6.21081	-6.74929	-6.80356	 0.63617	 0.96901	 13.46149	 13.11474	-12.05680	-12.13810	
935	 263144.98564	-263409.49256	 6.48187	 6.24081	-6.79014	-6.84401	 0.70080	 1.06139	 13.48465	 13.18578	-12.04407	-12.12570	
936	 250604.37111	-250853.68339	 6.41625	 6.27191	-6.83202	-6.88509	 0.76389	 1.15296	 13.50710	 13.25426	-12.02629	-12.10771	
937	 239621.31345	-239855.99950	 6.35223	 6.30414	-6.87505	-6.92696	 0.82510	 1.24331	 13.52964	 13.32053	-12.00389	-12.08458	
938	 230172.62962	-230393.33217	 6.29054	 6.33759	-6.91933	-6.96972	 0.88414	 1.33206	 13.55292	 13.38494	-11.97726	-12.05669	
939	 222224.97097	-222432.40026	 6.23188	 6.37241	-6.96494	-7.01350	 0.94071	 1.41884	 13.57745	 13.44787	-11.94668	-12.02436	
940	 215769.23648	-215964.16304	 6.17687	 6.40876	-7.01193	-7.05835	 0.99454	 1.50327	 13.60364	 13.50965	-11.91243	-11.98786	
941	 210801.01913	-210984.26607	 6.12611	 6.44685	-7.06033	-7.10436	 1.04539	 1.58502	 13.63183	 13.57066	-11.87471	-11.94741	
942	 207365.69948	-207538.13447	 6.08013	 6.48690	-7.11017	-7.15157	 1.09301	 1.66377	 13.66231	 13.63123	-11.83369	-11.90322	
943	 205523.19226	-205685.71929	 6.03947	 6.52918	-7.16147	-7.20003	 1.13720	 1.73920	 13.69528	 13.69172	-11.78954	-11.85546	
944	 205396.68122	-205550.23225	 6.00463	 6.57395	-7.21422	-7.24977	 1.17777	 1.81103	 13.73093	 13.75247	-11.74238	-11.80429	
945	 207194.03387	-207339.56039	 5.97614	 6.62150	-7.26842	-7.30082	 1.21452	 1.87899	 13.76940	 13.81381	-11.69233	-11.74984	
946	 211203.32665	-211341.79136	 5.95453	 6.67206	-7.32407	-7.35320	 1.24729	 1.94282	 13.81078	 13.87611	-11.63948	-11.69224	
947	 217884.97102	-218017.33957	 5.94042	 6.72579	-7.38113	-7.40693	 1.27592	 2.00228	 13.85512	 13.93974	-11.58391	-11.63162	
948	 227917.35470	-228044.58764	 5.93463	 6.78265	-7.43960	-7.46203	 1.30028	 2.05714	 13.90237	 14.00513	-11.52571	-11.56807	
949	 242362.36888	-242485.41372	 5.93838	 6.84219	-7.49946	-7.51849	 1.32023	 2.10716	 13.95236	 14.07284	-11.46495	-11.50172	
950	 262868.75515	-262988.53826	 5.95392	 6.90294	-7.56067	-7.57633	 1.33568	 2.15209	 14.00456	 14.14373	-11.40170	-11.43266	
951	 292098.71928	-292216.13652	 5.98627	 6.96063	-7.62322	-7.63554	 1.34669	 2.19155	 14.05760	 14.21952	-11.33602	-11.36100	
952	 334230.71566	-334346.61769	 6.04979	 7.00167	-7.68708	-7.69615	 1.35379	 2.22469	 14.10722	 14.30480	-11.26798	-11.28683	
953	 394121.15682	-394236.30828	 6.20278	 6.96848	-7.75222	-7.75814	 1.36022	 2.24794	 14.13614	 14.41715	-11.19764	-11.21026	
954	 450396.94793	-450511.82288	 6.92586	 6.38119	-7.81862	-7.82151	 1.39924	 2.22775	 14.02738	 14.67384	-11.12506	-11.13139	
955	-58.20101	-58.20112	 6.72978	 6.72978	-7.88627	-7.88627	 1.81732	 1.81732	 14.42805	 14.42805	-11.05033	-11.05033	
956	-753225.93871	 753103.59467	 7.15130	 6.47818	-7.95240	-7.95513	 1.45344	 2.17736	 14.10879	 14.90942	-10.96719	-10.97351	
957	-1039739.77437	 1039618.47732	 6.47007	 7.34743	-8.01992	-8.02519	 1.35260	 2.26256	 14.39790	 14.78992	-10.88207	-10.89468	
958	-568783.69483	 568660.41716	 6.40472	 7.61959	-8.08881	-8.09642	 1.30936	 2.27804	 14.53138	 14.83381	-10.79511	-10.81393	
959	-373233.74602	 373107.25547	 6.43997	 7.81060	-8.15907	-8.16882	 1.27105	 2.27616	 14.63868	 14.91191	-10.70642	-10.73134	
960	-271284.86755	 271154.58903	 6.51192	 7.98499	-8.23069	-8.24236	 1.23027	 2.26398	 14.74056	 15.00368	-10.61614	-10.64702	
961	-209831.70955	 209697.20441	 6.60475	 8.15920	-8.30365	-8.31704	 1.18491	 2.24330	 14.84265	 15.10377	-10.52438	-10.56106	
962	-169176.53929	 169037.44473	 6.71311	 8.33919	-8.37796	-8.39282	 1.13407	 2.21469	 14.94699	 15.21035	-10.43131	-10.47359	
963	-140483.20062	 140339.21739	 6.83484	 8.52769	-8.45359	-8.46970	 1.07726	 2.17830	 15.05454	 15.32273	-10.33705	-10.38471	
964	-119275.14191	 119126.03023	 6.96899	 8.72621	-8.53054	-8.54766	 1.01414	 2.13414	 15.16577	 15.44065	-10.24177	-10.29456	
965	-103035.73636	 102881.31355	 7.11513	 8.93568	-8.60877	-8.62669	 0.94446	 2.08212	 15.28100	 15.56403	-10.14562	-10.20328	
966	-90249.64158	 90089.78006	 7.27311	 9.15678	-8.68827	-8.70676	 0.86798	 2.02215	 15.40044	 15.69290	-10.04878	-10.11099	
967	-79953.93706	 79788.56216	 7.44288	 9.38999	-8.76901	-8.78786	 0.78449	 1.95408	 15.52425	 15.82731	-9.95140	-10.01787	
968	-71508.45394	 71337.54164	 7.62449	 9.63572	-8.85097	-8.86996	 0.69381	 1.87780	 15.65255	 15.96737	-9.85367	-9.92407	
969	-64472.21180	 64295.78620	 7.81800	 9.89428	-8.93410	-8.95305	 0.59574	 1.79313	 15.78547	 16.11319	-9.75578	-9.82975	
970	-58530.99074	 58349.12142	 8.02351	 10.16594	-9.01837	-9.03708	 0.49010	 1.69995	 15.92311	 16.26488	-9.65792	-9.73510	
971	-53456.27015	 53269.06933	 8.24110	 10.45091	-9.10374	-9.12204	 0.37672	 1.59808	 16.06556	 16.42257	-9.56028	-9.64030	
972	-49077.03436	 48884.65397	 8.47088	 10.74936	-9.19016	-9.20789	 0.25543	 1.48739	 16.21292	 16.58638	-9.46307	-9.54555	
973	-45264.32240	 45066.95108	 8.71293	 11.06142	-9.27757	-9.29458	 0.12606	 1.36772	 16.36527	 16.75646	-9.36649	-9.45103	
974	-41919.05433	 41716.91434	 8.96730	 11.38716	-9.36592	-9.38208	-0.01155	 1.23892	 16.52270	 16.93292	-9.27077	-9.35696	
975	-38963.02005	 38756.36420	 9.23407	 11.72662	-9.45514	-9.47034	-0.15756	 1.10085	 16.68529	 17.11591	-9.17612	-9.26355	
976	-36334.52709	 36123.63562	 9.51325	 12.07980	-9.54517	-9.55931	-0.31211	 0.95336	 16.85311	 17.30556	-9.08277	-9.17103	
977	-33984.54335	 33769.72088	 9.80486	 12.44665	-9.63592	-9.64892	-0.47534	 0.79631	 17.02623	 17.50201	-8.99093	-9.07960	
978	-31872.56134	 31654.13381	 10.10885	 12.82707	-9.72733	-9.73912	-0.64739	 0.62958	 17.20471	 17.70539	-8.90085	-8.98951	
979	-29966.36678	 29744.67845	 10.42517	 13.22091	-9.81930	-9.82984	-0.82838	 0.45304	 17.38860	 17.91583	-8.81275	-8.90099	
980	-28239.45808	 28014.86866	 10.75372	 13.62798	-9.91175	-9.92101	-1.01842	 0.26656	 17.57796	 18.13349	-8.72688	-8.81428	
981	-26669.52236	 26442.40415	 11.09436	 14.04801	-10.00458	-10.01254	-1.21763	 0.07004	 17.77281	 18.35849	-8.64347	-8.72961	
982	-25237.58546	 25008.32062	 11.44691	 14.48070	-10.09769	-10.10436	-1.42609	-0.13664	 17.97318	 18.59097	-8.56276	-8.64724	
983	-23928.82874	 23697.80665	 11.81113	 14.92567	-10.19096	-10.19636	-1.64387	-0.35355	 18.17906	 18.83107	-8.48498	-8.56740	
984	-22729.45875	 22497.07354	 12.18675	 15.38251	-10.28431	-10.28847	-1.87104	-0.58078	 18.39044	 19.07892	-8.41038	-8.49035	
985	-21628.67643	 21395.32448	 12.57343	 15.85070	-10.37759	-10.38058	-2.10764	-0.81840	 18.60729	 19.33467	-8.33919	-8.41633	
986	-20616.00017	 20382.07790	 12.97077	 16.32969	-10.47071	-10.47259	-2.35367	-1.06647	 18.82952	 19.59845	-8.27166	-8.34558	
987	-19682.83967	 19448.74135	 13.37831	 16.81885	-10.56353	-10.56438	-2.60912	-1.32502	 19.05704	 19.87041	-8.20800	-8.27836	
988	-18820.37364	 18586.48934	 13.79553	 17.31750	-10.65592	-10.65584	-2.87396	-1.59410	 19.28970	 20.15068	-8.14846	-8.21491	
989	-18018.93487	 17785.64854	 14.22181	 17.82490	-10.74777	-10.74687	-3.14808	-1.87373	 19.52731	 20.43941	-8.09325	-8.15547	
990	-17268.67368	 17036.36136	 14.65647	 18.34025	-10.83892	-10.83733	-3.43134	-2.16392	 19.76961	 20.73679	-8.04259	-8.10027	
991	-16553.64724	 16322.67538	 15.09868	 18.86276	-10.92926	-10.92710	-3.72351	-2.46472	 20.01626	 21.04299	-7.99671	-8.04955	
992	-15849.24748	 15619.97139	 15.54745	 19.39165	-11.01864	-11.01606	-4.02424	-2.77622	 20.26679	 21.35827	-7.95580	-8.00354	
993	-15110.81980	 14883.58220	 16.00148	 19.92633	-11.10693	-11.10408	-4.33300	-3.09862	 20.52059	 21.68296	-7.92007	-7.96245	
994	-14245.81977	 14020.94947	 16.45885	 20.46669	-11.19398	-11.19102	-4.64884	-3.43243	 20.77681	 22.01756	-7.88971	-7.92651	
995	-13042.20862	 12820.01933	 16.91624	 21.01391	-11.27965	-11.27675	-4.97005	-3.77885	 21.03420	 22.36286	-7.86490	-7.89592	
996	-10941.98823	 10722.77743	 17.36629	 21.57305	-11.36382	-11.36114	-5.29281	-4.14107	 21.29085	 22.72022	-7.84582	-7.87087	
997	-6165.72981	 5949.77792	 17.78791	 22.16285	-11.44633	-11.44405	-5.60665	-4.52884	 21.54378	 23.09197	-7.83262	-7.85156	
998	 8833.44148	-9045.87025	 18.09553	 22.86637	-11.52706	-11.52536	-5.87026	-4.98260	 21.79002	 23.48032	-7.82546	-7.83817	
999	 80143.46958	-80352.09022	 17.73462	 24.23559	-11.60586	-11.60493	-5.74586	-5.83915	 22.08033	 23.83360	-7.82447	-7.83086	
1000	-102.33888	-102.33899	 21.48652	 21.48652	-11.68262	-11.68262	-6.16540	-6.16540	 23.28275	 23.28275	-7.82979	-7.82979	
1001	 86025.44568	-86225.89061	 17.81041	 26.15730	-11.75831	-11.75720	-6.53536	-6.55359	 23.49402	 23.72986	-7.83511	-7.84153	
1002	 32744.96953	-32941.07679	 19.47800	 25.47347	-11.83188	-11.82948	-7.37082	-6.48722	 23.32920	 24.55854	-7.84694	-7.85979	
1003	 15256.64301	-15448.21796	 20.25050	 25.67111	-11.90320	-11.89934	-7.83327	-6.80320	 23.49258	 25.06302	-7.86540	-7.88466	
1004	 7836.85262	-8023.75208	 20.82816	 26.04722	-11.97215	-11.96668	-8.24565	-7.17682	 23.71499	 25.51081	-7.89061	-7.91622	
1005	 4032.21250	-4214.31749	 21.33646	 26.47364	-12.03863	-12.03138	-8.64531	-7.56880	 23.95469	 25.94183	-7.92264	-7.95451	
1006	 1842.56582	-2019.77963	 21.80946	 26.91367	-12.10252	-12.09335	-9.04046	-7.96879	 24.19849	 26.36729	-7.96158	-7.99958	
1007	 487.18677	-659.43475	 22.25908	 27.35286	-12.16373	-12.15251	-9.43311	-8.37251	 24.44018	 26.79122	-8.00748	-8.05147	
1008	-392.13364	 224.90418	 22.69005	 27.78405	-12.22217	-12.20876	-9.82333	-8.77742	 24.67592	 27.21512	-8.06039	-8.11019	
1009	-979.24593	 817.06578	 23.10429	 28.20306	-12.27775	-12.26205	-10.21042	-9.18157	 24.90273	 27.63946	-8.12033	-8.17573	
1010	-1377.55638	 1220.43461	 23.50247	 28.60710	-12.33040	-12.31232	-10.59332	-9.58324	 25.11801	 28.06419	-8.18734	-8.24809	
1011	-1648.49857	 1496.42279	 23.88471	 28.99417	-12.38007	-12.35952	-10.97074	-9.98076	 25.31925	 28.48897	-8.26139	-8.32722	
1012	-1830.86408	 1683.80078	 24.25086	 29.36276	-12.42669	-12.40361	-11.34128	-10.37247	 25.50399	 28.91333	-8.34248	-8.41308	
1013	-1950.06500	 1807.95994	 24.60070	 29.71168	-12.47024	-12.44457	-11.70343	-10.75669	 25.66969	 29.33674	-8.43056	-8.50562	
1014	-2023.29947	 1886.07821	 24.93401	 30.04005	-12.51068	-12.48241	-12.05561	-11.13172	 25.81377	 29.75864	-8.52561	-8.60476	
1015	-2062.62781	 1930.19625	 25.25062	 30.34722	-12.54801	-12.51712	-12.39620	-11.49584	 25.93352	 30.17853	-8.62754	-8.71040	
1016	-2076.55470	 1948.79974	 25.55048	 30.63277	-12.58224	-12.54873	-12.72356	-11.84733	 26.02612	 30.59595	-8.73629	-8.82244	
1017	-2071.27536	 1948.06565	 25.83367	 30.89650	-12.61338	-12.57730	-13.03605	-12.18445	 26.08864	 31.01062	-8.85177	-8.94076	
1018	-2051.28245	 1932.46920	 26.10037	 31.13845	-12.64149	-12.60287	-13.33206	-12.50553	 26.11801	 31.42239	-8.97388	-9.06523	
1019	-2019.99332	 1905.41118	 26.35098	 31.35886	-12.66661	-12.62553	-13.60999	-12.80889	 26.11099	 31.83138	-9.10252	-9.19569	
1020	-1979.87345	 1869.34148	 26.58603	 31.55820	-12.68884	-12.64537	-13.86833	-13.09295	 26.06418	 32.23797	-9.23758	-9.33195	
1021	-1932.79290	 1826.11556	 26.80623	 31.73716	-12.70829	-12.66251	-14.10564	-13.35620	 25.97395	 32.64296	-9.37901	-9.47378	
1022	-1880.10829	 1777.07660	 27.01248	 31.89663	-12.72513	-12.67705	-14.32058	-13.59725	 25.83641	 33.04759	-9.52687	-9.62078	
1023	-1822.77313	 1723.16576	 27.20585	 32.03774	-12.73967	-12.68901	-14.51196	-13.81479	 25.64732	 33.45370	-9.68210	-9.77167	
1024	-1761.37897	 1664.96350	 27.38760	 32.16181	-12.77181	-12.67886	-14.67869	-14.00771	 25.40199	 33.86385	-9.89683	-9.87395	
1025	-1696.31819	 1602.85233	 27.55915	 32.27039	-12.70895	-12.75965	-14.81989	-14.17501	 25.09516	 34.28151	-10.10410	-9.99421	
1026	-1627.59516	 1536.82806	 27.72211	 32.36519	-12.71512	-12.76783	-14.93480	-14.31590	 24.72070	 34.71134	-10.26934	-10.16663	
1027	-1555.08464	 1466.75827	 27.87827	 32.44814	-12.72019	-12.77411	-15.02289	-14.42976	 24.27132	 35.15950	-10.44126	-10.34209	
1028	-1478.27233	 1392.12278	 28.02954	 32.52134	-12.72430	-12.77900	-15.08381	-14.51616	 23.73812	 35.63419	-10.61808	-10.52196	
1029	-1396.33039	 1312.08932	 28.17803	 32.58705	-12.72777	-12.78289	-15.11739	-14.57489	 23.10973	 36.14645	-10.79929	-10.70632	
1030	-1307.98295	 1225.37895	 28.32595	 32.64771	-12.73101	-12.78619	-15.12370	-14.60592	 22.37106	 36.71143	-10.98460	-10.89505	
1031	-1211.42119	 1130.18119	 28.47567	 32.70590	-12.73449	-12.78935	-15.10298	-14.60943	 21.50118	 37.35051	-11.17375	-11.08796	
1032	-1103.90182	 1023.75251	 28.62966	 32.76432	-12.73872	-12.79288	-15.05568	-14.58581	 20.46942	 38.09521	-11.36651	-11.28485	
1033	-981.56416	 902.23337	 28.79053	 32.82582	-12.74429	-12.79735	-14.98242	-14.53560	 19.22795	 38.99456	-11.56266	-11.48552	
1034	-838.56459	 759.78262	 28.96096	 32.89336	-12.75186	-12.80340	-14.88401	-14.45954	 17.69685	 40.12999	-11.76199	-11.68972	
1035	-665.93887	 587.43987	 29.14372	 32.97004	-12.76218	-12.81175	-14.76143	-14.35852	 15.73044	 41.64905	-11.96430	-11.89726	
1036	-449.51255	 371.03578	 29.34169	 33.05902	-12.77608	-12.82323	-14.61580	-14.23354	 13.03847	 43.84411	-12.16937	-12.10791	
1037	-165.47053	 86.76162	 29.55785	 33.16358	-12.79453	-12.83877	-14.44839	-14.08573	 8.97685	 47.36160	-12.37702	-12.32145	
1038	 228.15224	-307.34010	 29.79531	 33.28703	-12.81863	-12.85944	-14.26062	-13.91625	 1.92787	 53.82178	-12.58704	-12.53766	
1039	 812.15036	-892.05529	 30.05752	 33.43258	-12.84961	-12.88647	-14.05407	-13.72628	-12.81827	 67.93717	-12.79926	-12.75634	
1040	 1758.38486	-1839.23521	 30.34876	 33.60280	-12.88894	-12.92128	-13.83062	-13.51683	-51.81526	 106.26428	-13.01349	-12.97729	
1041	 3492.10073	-3574.11411	 30.67598	 33.79792	-12.93829	-12.96553	-13.59275	-13.28838	-190.40982	 244.15269	-13.22957	-13.20029	
1042	 7331.10905	-7414.49131	 31.05677	 34.00789	-12.99966	-13.02115	-13.34483	-13.03955	-924.66320	 977.66645	-13.44733	-13.42517	
1043	 19288.87507	-19373.81881	 31.56835	 34.16346	-13.07539	-13.09046	-13.09972	-12.76050	-5357.83685	 5410.06600	-13.66662	-13.65173	
1044	 80116.24716	-80202.91486	 33.01674	 33.46725	-13.16828	-13.17621	-12.94796	-12.36364	 1877.19517	-1825.75630	-13.88729	-13.87980	
1045	-44.29841	-44.29841	 33.66533	 33.66533	-13.28172	-13.28172	-12.37074	-12.37073	 25.30709	 25.30709	-14.10919	-14.10925	
1046	 75407.33836	-75497.97848	 36.15703	 32.12543	-13.41106	-13.41987	-12.33448	-11.81815	 3989.99592	-3940.22175	-14.33982	-14.33227	
1047	 18259.97201	-18352.82665	 34.62384	 34.72775	-13.56927	-13.58786	-11.90438	-11.64341	 1522.67076	-1473.76368	-14.57145	-14.55634	
1048	 6713.12327	-6808.29832	 34.87423	 35.67829	-13.76269	-13.79216	-11.56664	-11.36288	 426.76257	-378.73622	-14.80399	-14.78132	
1049	 3120.92880	-3218.52943	 35.45904	 36.44378	-13.99938	-14.04101	-11.23827	-11.06197	 171.29109	-124.15978	-15.03729	-15.00712	
1050	 1569.10843	-1669.22460	 36.21117	 37.21339	-14.28986	-14.34514	-10.90998	-10.75222	 85.43778	-39.21400	-15.27125	-15.23366	
1051	 769.13338	-871.83911	 37.09793	 38.04833	-14.64806	-14.71880	-10.58025	-10.43724	 49.40675	-4.10102	-15.50577	-15.46087	
1052	 309.96260	-415.31587	 38.12094	 38.98514	-15.09287	-15.18129	-10.24915	-10.11884	 31.93471	 12.44421	-15.74074	-15.68870	
1053	 27.34474	-135.38748	 39.29851	 40.05827	-15.65065	-15.75955	-9.91717	-9.79824	 22.54028	 20.90466	-15.97609	-15.91710	
1054	-154.93301	 44.17483	 40.66414	 41.30987	-16.35931	-16.49238	-9.58489	-9.47639	 17.06464	 25.44058	-16.21175	-16.14603	
1055	-276.09484	 162.61105	 42.27180	 42.79910	-17.27552	-17.43770	-9.25287	-9.15405	 13.64818	 27.91282	-16.44766	-16.37548	
1056	-358.05308	 241.84905	 44.20859	 44.61629	-18.48797	-18.68626	-8.92163	-8.83186	 11.38087	 29.23247	-16.68377	-16.60543	
1057	-413.78174	 294.87811	 46.62130	 46.90994	-20.14386	-20.38863	-8.59159	-8.51033	 9.78530	 29.87785	-16.92007	-16.83588	
1058	-451.37358	 329.80593	 49.77520	 49.94494	-22.50671	-22.81437	-8.26312	-8.18988	 8.59646	 30.11471	-17.15651	-17.06685	
1059	-476.07935	 351.89772	 54.20021	 54.24638	-26.09976	-26.49872	-7.93648	-7.87083	 7.66124	 30.09675	-17.39311	-17.29836	
1060	-491.42554	 364.69406	 61.12489	 61.02410	-32.13039	-32.67661	-7.61188	-7.55340	 6.88714	 29.91693	-17.62985	-17.53043	
1061	-499.84339	 370.63969	 74.17659	 73.82525	-44.14786	-44.97763	-7.28939	-7.23772	 6.21713	 29.63260	-17.86675	-17.76311	
1062	-503.05686	 371.47155	 110.64032	 109.35591	-78.96431	-80.58560	-6.96906	-6.92381	 5.61504	 29.28013	-18.10384	-17.99645	
1063	-502.31276	 368.44885	-2632.80553	-2680.80744	 2711.15255	 2664.50710	-6.65078	-6.61163	 5.05749	 28.88300	-18.34115	-18.23051	
1064	-498.52961	 362.50181	 72.51265	 74.41906	-40.64655	-42.61343	-6.33441	-6.30100	 4.52895	 28.45672	-18.57873	-18.46536	
1065	-492.38817	 354.32226	 32.40917	 33.33905	 0.12251	-0.55537	-6.01968	-5.99167	 4.01957	 28.01106	-18.81664	-18.70107	
1066	-484.41760	 344.44968	 19.38784	 19.99917	 13.99447	 13.58964	-5.70620	-5.68324	 3.52241	 27.55276	-19.05494	-18.93773	
1067	-475.01367	 333.28944	 13.00051	 13.45245	 21.22752	 20.95162	-5.39350	-5.37521	 3.03304	 27.08601	-19.29372	-19.17542	
1068	-464.48917	 321.16309	 9.23801	 9.59324	 25.81720	 25.64265	-5.08095	-5.06695	 2.54844	 26.61351	-19.53305	-19.41424	
1069	-453.08967	 308.32418	 6.77882	 7.06843	 29.08217	 29.01108	-4.76775	-4.75765	 2.06665	 26.13686	-19.77302	-19.65430	
1070	-441.00546	 294.97013	 5.06052	 5.30223	 31.58242	 31.62712	-4.45294	-4.44632	 1.58655	 25.65676	-20.01375	-19.89570	
1071	-428.38972	 281.26032	 3.80325	 4.00814	 33.59491	 33.77177	-4.13532	-4.13173	 1.10740	 25.17347	-20.25534	-20.13854	
1072	-415.36717	 267.32482	 2.85208	 3.02756	 35.27128	 35.59807	-3.81340	-3.81242	 0.62900	 24.68674	-20.49790	-20.38295	
1073	-402.03371	 253.26394	 2.11427	 2.26557	 36.70062	 37.19513	-3.48536	-3.48653	 0.15136	 24.19601	-20.74155	-20.62904	
1074	-388.46881	 239.16059	 1.53092	 1.66191	 37.93789	 38.61706	-3.14893	-3.15183	-0.32516	 23.70038	-20.98642	-20.87693	
1075	-374.73867	 225.08349	 1.06283	 1.17644	 39.01806	 39.89725	-2.80126	-2.80550	-0.79987	 23.19862	-21.23265	-21.12674	
1076	-360.90229	 211.09317	 0.68288	 0.78142	 39.96356	 41.05597	-2.43882	-2.44402	-1.27172	 22.68909	-21.48037	-21.37859	
1077	-347.01089	 197.24143	 0.37174	 0.45707	 40.78848	 42.10455	-2.05708	-2.06292	-1.73922	 22.16972	-21.72971	-21.63260	
1078	-333.12379	 183.58719	 0.11523	 0.18888	 41.50090	 43.04775	-1.65031	-1.65651	-2.20035	 21.63792	-21.98083	-21.88891	
1079	-319.31240	 170.20052	-0.09728	-0.03403	 42.10409	 43.88495	-1.21106	-1.21738	-2.65195	 21.08991	-22.23386	-22.14762	
1080	-305.69345	 157.19589	-0.27389	-0.21993	 42.59704	 44.61060	-0.72961	-0.73588	-3.09000	 20.52111	-22.48896	-22.40887	
1081	-292.46092	 144.76410	-0.42091	-0.37530	 42.97432	 45.21403	-0.19311	-0.19916	-3.50860	 19.92501	-22.74627	-22.67278	
1082	-279.98816	 133.27444	-0.54332	-0.50521	 43.22540	 45.67861	 0.41572	 0.41000	-3.89934	 19.29262	-23.00594	-22.93945	
1083	-269.02110	 123.46799	-0.64507	-0.61372	 43.33322	 45.98010	 1.12042	 1.11512	-4.25025	 18.61140	-23.26813	-23.20902	
1084	-261.16453	 116.94384	-0.72938	-0.70411	 43.27184	 46.08394	 1.95356	 1.94878	-4.54407	 17.86350	-23.53297	-23.48159	
1085	-260.19675	 117.47393	-0.79886	-0.77906	 43.00266	 45.94080	 2.96105	 2.95689	-4.75751	 17.02509	-23.80063	-23.75729	
1086	-276.16588	 135.09930	-0.85566	-0.84077	 42.46816	 45.47972	 4.20883	 4.20542	-4.86597	 16.07100	-24.07125	-24.03621	
1087	-341.21492	 201.95528	-0.90156	-0.89107	 41.58037	 44.59846	 5.79347	 5.79102	-4.89171	 15.02295	-24.34498	-24.31846	
1088	-596.14482	 458.83460	-0.93806	-0.93149	 40.18623	 43.16347	 7.85963	 7.85850	-5.31917	 14.36483	-24.62195	-24.60415	
1089	-2200.00570	 2064.77848	-0.96639	-0.96332	 37.69642	 41.32311	 10.62910	 10.62973	-13.18106	 21.12884	-24.90233	-24.89338	
1090	-66.50947	-66.50948	-0.98763	-0.98763	 36.24714	 36.24714	 14.45165	 14.45164	 3.41853	 3.41853	-25.18624	-25.18624	
1091	-3913.45628	 3782.76012	-1.00535	-1.00266	 26.16684	 36.48956	 19.88678	 19.88492	-56.51803	 62.23104	-25.48283	-25.47383	
1092	-1381.73269	 1253.46603	-1.01728	-1.01225	 20.78242	 26.88728	 27.84779	 27.85509	-30.56056	 35.13570	-25.78324	-25.76524	
1093	-821.61338	 695.87159	-1.02408	-1.01705	 9.79406	 14.68920	 39.86651	 39.88389	-24.38812	 27.81105	-26.08756	-26.06060	
1094	-600.71184	 477.58076	-1.02634	-1.01762	-8.03384	-3.88046	 58.44685	 58.48149	-22.15724	 24.41318	-26.39586	-26.36004	
1095	-485.49514	 365.05063	-1.02455	-1.01444	-36.35526	-32.84595	 87.42510	 87.49255	-21.30690	 22.38056	-26.70825	-26.66370	
1096	-414.75017	 297.05806	-1.01915	-1.00792	-79.71641	-76.85345	 131.38994	 131.52356	-21.09414	 20.96979	-27.02479	-26.97170	
1097	-366.39446	 251.51063	-1.01051	-0.99841	-138.98522	-136.78859	 191.20046	 191.47179	-21.22873	 19.89018	-27.34556	-27.28417	
1098	-330.76018	 218.73068	-0.99895	-0.98623	-199.72467	-198.17735	 252.36572	 252.92003	-21.57586	 19.00648	-27.67065	-27.60125	
1099	-303.01115	 193.87233	-0.98477	-0.97163	-227.83549	-226.84345	 280.69554	 281.78585	-22.06440	 18.24710	-28.00014	-27.92305	
1100	-280.48756	 174.26630	-0.96819	-0.95484	-204.17479	-203.58087	 256.97032	 258.94291	-22.65334	 17.57062	-28.33410	-28.24969	
1101	-261.61501	 158.32892	-0.94943	-0.93606	-152.38287	-152.03337	 204.81923	 208.04917	-23.31753	 16.95146	-28.67261	-28.58131	
1102	-245.40662	 145.06435	-0.92869	-0.91546	-103.23237	-103.02129	 155.04612	 159.89691	-24.04099	 16.37321	-29.01575	-28.91802	
1103	-231.21428	 133.81575	-0.90611	-0.89319	-67.69907	-67.56562	 118.65309	 125.48406	-24.81286	 15.82459	-29.36361	-29.25996	
1104	-218.59624	 124.13302	-0.88184	-0.86936	-44.43075	-44.34216	 94.29458	 103.48311	-25.62597	 15.29803	-29.71628	-29.60724	
1105	-207.23951	 115.69512	-0.85601	-0.84408	-29.54634	-29.48489	 78.08190	 90.03916	-26.47547	 14.78825	-30.07386	-29.96000	
1106	-196.91823	 108.26848	-0.82871	-0.81745	-19.93478	-19.89055	 66.89200	 82.06459	-27.35825	 14.29174	-30.43643	-30.31836	
1107	-187.46407	 101.67745	-0.80005	-0.78954	-13.58551	-13.55269	 58.71367	 77.55739	-28.27252	 13.80628	-30.80411	-30.68247	
1108	-178.75001	 95.78805	-0.77010	-0.76042	-9.27548	-9.25053	 52.37107	 75.25359	-29.21762	 13.33079	-31.17701	-31.05244	
1109	-170.67757	 90.49520	-0.73894	-0.73014	-6.26703	-6.24770	 47.32434	 74.22322	-30.19367	 12.86497	-31.55526	-31.42844	
1110	-163.16937	 85.71531	-0.70662	-0.69877	-4.10983	-4.09463	 43.80152	 73.34275	-31.20168	 12.40936	-31.93898	-31.81060	
1111	-156.16463	 81.38179	-0.67321	-0.66632	-2.52334	-2.51126	 43.92278	 69.93607	-32.24337	 11.96527	-32.32831	-32.19907	
1112	-149.61390	 77.43977	-0.63875	-0.63285	-1.32873	-1.31906	 57.66286	 53.67603	-33.32103	 11.53447	-32.72342	-32.59402	
1113	-143.47792	 73.84492	-0.60328	-0.59839	-0.40934	-0.40157	 149.33263	-39.97619	-34.43774	 11.11956	-33.12446	-32.99561	
1114	-137.72419	 70.56009	-0.56685	-0.56295	 0.31266	 0.31892	 1676.04855	-1568.28707	-35.59709	 10.72358	-33.53163	-33.40402	
1115	-132.32689	 67.55518	-0.52949	-0.52656	 0.89030	 0.89533	-3436.03413	 3542.48782	-36.80328	 10.35015	-33.94511	-33.81942	
1116	-127.26548	 64.80575	-0.49124	-0.48924	 1.36040	 1.36443	-451.50967	 556.87550	-38.06116	 10.00351	-34.36511	-34.24202	
1117	-122.52362	 62.29195	-0.45211	-0.45102	 1.74903	 1.75222	-185.78644	 290.23844	-39.37618	 9.68843	-34.79186	-34.67201	
1118	-118.08932	 59.99864	-0.41215	-0.41190	 2.07489	 2.07739	-102.41397	 206.09551	-40.75459	 9.41039	-35.22559	-35.10960	
1119	-113.95509	 57.91556	-0.37137	-0.37191	 2.35168	 2.35361	-63.92673	 166.96089	-42.20334	 9.17554	-35.66657	-35.55502	
1120	-110.11727	 56.03662	-0.32981	-0.33107	 2.58951	 2.59097	-42.40885	 144.90578	-43.73045	 8.99098	-36.11507	-36.00851	
1121	-106.57733	 54.36126	-0.28749	-0.28939	 2.79598	 2.79705	-28.93705	 130.99935	-45.34522	 8.86499	-36.57137	-36.47031	
1122	-103.34274	 52.89522	-0.24444	-0.24688	 2.97686	 2.97762	-19.86696	 121.59366	-47.05873	 8.80753	-37.03578	-36.94068	
1123	-100.42840	 51.65208	-0.20068	-0.20358	 3.13658	 3.13708	-13.46311	 114.95261	-48.88457	 8.83091	-37.50862	-37.41990	
1124	-97.85886	 50.65535	-0.15624	-0.15950	 3.27858	 3.27888	-8.81221	 110.16454	-50.83983	 8.95082	-37.99022	-37.90824	
1125	-95.67441	 49.94463	-0.11114	-0.11466	 3.40554	 3.40571	-5.40224	 106.72082	-52.94725	 9.18843	-38.48093	-38.40600	
1126	-93.93718	 49.58172	-0.06542	-0.06909	 3.51962	 3.51970	-2.94451	 104.33753	-55.23782	 9.57297	-38.98112	-38.91349	
1127	-92.74459	 49.66394	-0.01911	-0.02281	 3.62253	 3.62256	-1.29085	 102.87238	-57.75617	 10.14713	-39.49116	-39.43102	
1128	-92.25390	 50.34884	 0.02777	 0.02414	 3.71563	 3.71566	-0.40474	 102.29559	-60.57005	 10.97646	-40.01144	-39.95893	
1129	-92.72901	 51.90084	 0.07518	 0.07174	 3.80006	 3.80012	-0.36740	 102.69583	-63.78664	 12.16572	-40.54234	-40.49755	
1130	-94.63605	 54.78692	 0.12309	 0.11995	 3.87674	 3.87688	-1.43034	 104.33268	-67.58805	 13.89434	-41.08428	-41.04722	
1131	-98.84928	 59.88243	 0.17146	 0.16873	 3.94643	 3.94668	-4.16812	 107.78925	-72.30594	 16.49099	-41.63765	-41.60829	
1132	-106.98969	 68.80973	 0.22025	 0.21805	 4.00980	 4.01019	-9.90168	 114.39543	-78.60059	 20.61264	-42.20286	-42.18111	
1133	-119.11821	 81.63135	 0.26943	 0.26786	 4.06735	 4.06795	-21.91614	 127.44561	-87.83693	 27.62060	-42.78032	-42.76604	
1134	 94.88685	-131.77253	 0.31895	 0.31811	 4.11947	 4.12054	-41.54139	 148.27923	-99.45890	 36.95477	-43.37044	-43.36342	
1135	-18.18721	-18.18721	 0.36877	 0.36877	 4.16746	 4.16746	 54.06436	 54.06436	-32.42786	-32.42785	-43.97360	-43.97360	
1136	 219.69299	-255.64368	 0.41977	 0.41884	 4.20944	 4.21129	 137.73669	-28.02466	 57.12046	-124.39643	-44.59691	-44.59018	
1137	 16.84427	-52.45640	 0.47106	 0.46911	 4.24820	 4.24987	 85.62422	 25.87369	-17.92086	-51.84936	-45.23367	-45.22055	
1138	-7.05967	-28.29632	 0.52259	 0.51955	 4.28283	 4.28467	 69.89357	 43.60311	-38.60827	-33.73596	-45.88417	-45.86505	
1139	-16.43675	-18.74272	 0.57430	 0.57008	 4.31372	 4.31580	 63.13037	 52.58833	-48.94826	-26.05610	-46.54869	-46.52397	
1140	-21.30500	-13.77456	 0.62612	 0.62067	 4.34112	 4.34348	 60.01192	 58.16252	-55.59441	-22.16308	-47.22747	-47.19761	
1141	-24.10679	-10.94633	 0.67799	 0.67126	 4.36526	 4.36790	 58.76645	 62.10800	-60.49585	-20.11531	-47.92071	-47.88617	
1142	-25.78536	-9.31150	 0.72985	 0.72179	 4.38634	 4.38927	 58.63928	 65.19006	-64.41258	-19.16091	-48.62855	-48.58985	
1143	-26.79456	-8.41283	 0.78162	 0.77220	 4.40454	 4.40777	 59.25734	 67.79241	-67.69773	-18.95558	-49.35110	-49.30875	
1144	-27.38146	-7.99972	 0.83324	 0.82243	 4.42004	 4.42357	 60.41665	 70.12974	-70.52667	-19.33349	-50.08838	-50.04293	
1145	-27.69259	-7.92203	 0.88462	 0.87242	 4.43302	 4.43684	 61.99745	 72.33253	-72.98789	-20.21645	-50.84033	-50.79233	
1146	-27.82006	-8.08393	 0.93570	 0.92211	 4.44364	 4.44774	 63.92563	 74.48565	-75.11690	-21.58002	-51.60684	-51.55684	
1147	-27.82438	-8.42114	 0.98640	 0.97144	 4.45206	 4.45643	 66.15343	 76.64764	-76.91252	-23.43726	-52.38766	-52.33621	
1148	-27.74675	-8.88859	 1.03665	 1.02034	 4.45842	 4.46306	 68.64923	 78.86090	-78.34078	-25.83485	-53.18244	-53.13010	
1149	-27.61575	-9.45380	 1.08636	 1.06873	 4.46289	 4.46777	 71.39138	 81.15785	-79.32930	-28.85875	-53.99071	-53.93802	
1150	-27.45175	-10.09241	 1.13545	 1.11657	 4.46560	 4.47071	 74.36489	 83.56419	-79.75661	-32.64482	-54.81186	-54.75935	
1151	-27.26930	-10.78587	 1.18385	 1.16377	 4.46670	 4.47201	 77.55909	 86.10123	-79.42815	-37.40287	-55.64513	-55.59330	
1152	-27.07904	-11.51952	 1.23147	 1.21027	 4.46632	 4.47181	 80.96617	 88.78727	-78.03515	-43.45767	-56.48959	-56.43891	
1153	-26.88862	-12.28164	 1.27824	 1.25600	 4.46460	 4.47025	 84.58033	 91.63834	-75.07812	-51.32542	-57.34412	-57.29503	
1154	-26.70357	-13.06265	 1.32407	 1.30089	 4.46167	 4.46745	 88.39692	 94.66893	-69.72609	-61.85436	-58.20741	-58.16033	
1155	-26.52785	-13.85451	 1.36889	 1.34488	 4.45767	 4.46355	 92.41205	 97.89225	-60.53584	-76.50540	-59.07795	-59.03324	
1156	-26.36420	-14.65043	 1.41261	 1.38789	 4.45272	 4.45867	 96.62210	 101.32033	-44.85638	-97.94732	-59.95401	-59.91198	
1157	-26.21440	-15.44459	 1.45516	 1.42985	 4.44694	 4.45293	 101.02339	 104.96415	-17.45112	-131.43426	-60.83361	-60.79452	
1158	-26.07962	-16.23181	 1.49646	 1.47070	 4.44045	 4.44646	 105.61190	 108.83336	 33.07389	-188.37699	-61.71455	-61.67862	
1159	-25.96041	-17.00758	 1.53644	 1.51037	 4.43338	 4.43936	 110.38282	 112.93610	 135.00436	-297.07665	-62.59438	-62.56176	
1160	-25.85688	-17.76786	 1.57502	 1.54878	 4.42582	 4.43176	 115.33027	 117.27852	 373.31859	-542.52474	-63.47040	-63.44118	
1161	-25.76887	-18.50898	 1.61213	 1.58588	 4.41791	 4.42376	 120.44686	 121.86409	 1092.52314	-1269.23761	-64.33965	-64.31388	
1162	-25.69590	-19.22762	 1.64770	 1.62160	 4.40973	 4.41547	 125.72330	 126.69270	 4701.38960	-4885.99182	-65.19895	-65.17660	
1163	-25.63735	-19.92073	 1.68167	 1.65587	 4.40140	 4.40699	 131.14785	 131.75947	 63870.28608	-64063.15164	-66.04487	-66.02587	
1164	-25.59242	-20.58551	 1.71397	 1.68864	 4.39301	 4.39842	 136.70594	 137.05304	 14162.12832	-14363.62935	-66.87378	-66.85800	
1165	-25.56023	-21.21937	 1.74454	 1.71983	 4.38466	 4.38986	 142.37987	 142.55346	 320.41669	-530.89752	-67.68184	-67.66911	
1166	-25.53982	-21.81991	 1.77332	 1.74940	 4.37642	 4.38139	 148.14879	 148.22920	-239.39031	 19.62008	-68.46506	-68.45515	
1167	-25.53019	-22.38490	 1.80026	 1.77729	 4.36840	 4.37311	 153.98962	 154.03321	-258.15200	 28.83604	-69.21930	-69.21196	
1168	-25.53032	-22.91231	 1.82531	 1.80343	 4.36065	 4.36509	 159.87949	 159.89724	-233.08635	-5.95710	-69.94035	-69.93528	
1169	-25.53923	-23.40023	 1.84842	 1.82779	 4.35327	 4.35740	 165.80140	 165.72338	-210.31065	-38.54347	-70.62393	-70.62083	
1170	-25.55594	-23.84690	 1.86955	 1.85030	 4.34632	 4.35012	 171.75630	 171.37027	-193.80473	-64.81885	-71.26580	-71.26435	
1171	-25.57952	-24.25070	 1.88866	 1.87093	 4.33985	 4.34331	 177.78804	 176.62827	-182.39115	-85.81040	-71.86176	-71.86163	
1172	-25.60909	-24.61017	 1.90572	 1.88963	 4.33393	 4.33704	 184.03579	 181.17026	-174.59742	-102.81741	-72.40776	-72.40863	
1173	-25.64387	-24.92398	 1.92069	 1.90635	 4.32861	 4.33135	 190.84801	 184.44471	-169.28402	-116.79020	-72.89993	-72.90147	
1174	-25.68312	-25.19095	 1.93355	 1.92107	 4.32393	 4.32629	 199.04133	 185.42806	-165.63579	-128.34981	-73.33466	-73.33659	
1175	-25.72616	-25.41008	 1.94429	 1.93374	 4.31994	 4.32190	 210.49248	 182.04754	-163.07732	-137.88709	-73.70865	-73.71070	
1176	-25.77230	-25.58063	 1.95287	 1.94435	 4.31666	 4.31823	 229.09730	 170.23761	-161.20451	-145.64647	-74.01900	-74.02094	
1177	-25.82054	-25.70238	 1.95930	 1.95286	 4.31413	 4.31528	 256.48722	 148.23574	-159.73651	-151.78619	-74.26323	-74.26486	
1178	-25.86823	-25.77705	 1.96357	 1.95924	 4.31237	 4.31310	 249.48387	 159.13267	-158.47226	-156.42637	-74.43935	-74.44052	
1179	-25.90049	-25.81885	 1.96566	 1.96349	 4.31144	 4.31164	 198.47012	 212.49675	-157.15326	-159.78175	-74.54590	-74.54650	
1180	-25.87233	-25.87234	 1.96559	 1.96559	 4.31113	 4.31113	 205.87653	 205.87660	-158.80689	-158.80689	-74.58195	-74.58195	
1181	-25.85542	-25.86065	 1.96930	 1.97001	 4.30619	 4.30585	 197.83066	 197.95614	-150.79806	-150.67453	-74.71692	-74.70866	
1182	-25.81064	-25.82110	 1.98132	 1.98276	 4.29086	 4.29020	 176.60629	 176.76546	-129.36464	-129.20978	-75.09371	-75.07679	
1183	-25.73821	-25.75392	 2.00167	 2.00384	 4.26516	 4.26416	 148.55902	 148.64884	-100.88759	-100.80521	-75.67445	-75.64820	
1184	-25.63852	-25.65949	 2.03031	 2.03323	 4.22908	 4.22776	 119.79153	 119.76253	-71.58297	-71.62346	-76.39741	-76.36100	
1185	-25.51209	-25.53834	 2.06725	 2.07094	 4.18261	 4.18097	 94.02808	 93.88761	-45.31226	-45.46916	-77.17952	-77.13216	
1186	-25.35960	-25.39115	 2.11247	 2.11695	 4.12577	 4.12381	 72.65438	 72.43846	-23.58647	-23.82433	-77.92081	-77.86190	
1187	-25.18186	-25.21873	 2.16594	 2.17125	 4.05857	 4.05629	 55.63643	 55.38491	-6.48180	-6.76032	-78.51120	-78.44037	
1188	-24.97982	-25.02203	 2.22763	 2.23381	 3.98100	 3.97842	 42.34124	 42.08601	 6.53000	 6.25593	-78.83951	-78.75666	
1189	-24.75455	-24.80211	 2.29752	 2.30459	 3.89311	 3.89022	 32.00691	 31.77041	 15.88508	 16.12951	-78.80423	-78.70949	
1190	-24.50723	-24.56017	 2.37557	 2.38357	 3.79491	 3.79172	 23.74851	 23.93867	 22.71345	 22.96528	-78.32460	-78.21830	
1191	-24.23915	-24.29748	 2.46170	 2.47068	 3.68646	 3.68298	 17.43542	 17.60417	 27.29126	 27.51637	-77.35030	-77.23257	
1192	-23.95170	-24.01541	 2.55587	 2.56587	 3.56783	 3.56406	 12.42388	 12.55536	 30.02308	 30.21921	-75.86764	-75.73788	
1193	-23.64632	-23.71542	 2.65799	 2.66906	 3.43910	 3.43505	 8.38682	 8.48094	 31.25660	 31.42603	-73.90064	-73.75722	
1194	-23.32455	-23.39902	 2.76797	 2.78015	 3.30039	 3.29605	 5.08770	 5.14627	 31.29108	 31.43842	-71.50697	-71.34735	
1195	-22.98796	-23.06777	 2.88569	 2.89902	 3.15184	 3.14722	 2.35274	 2.37834	 30.38999	 30.52087	-68.76965	-68.59073	
1196	-22.63817	-22.72327	 3.01102	 3.02555	 2.99363	 2.98872	 0.05405	 0.04955	 28.78695	 28.90674	-65.78643	-65.58500	
1197	-22.27683	-22.36717	 3.14381	 3.15957	 2.82596	 2.82077	-1.90289	-1.93459	 26.68789	 26.79872	-62.65884	-62.43198	
1198	-21.90560	-22.00108	 3.28388	 3.30091	 2.64911	 2.64362	-3.58825	-3.64436	 24.28105	 24.35777	-59.48270	-59.22820	
1199	-21.52612	-21.62666	 3.43102	 3.44936	 2.46338	 2.45759	-5.05444	-5.13235	 20.60333	 22.83586	-56.34134	-56.05793	
1200	-21.14005	-21.24550	 3.58499	 3.60469	 2.26912	 2.26302	-6.34075	-6.43808	 19.11861	 18.99897	-53.30174	-52.98920	
1201	-20.74899	-20.85922	 3.74550	 3.76669	 2.06675	 2.06033	-7.47686	-7.59145	 16.49947	 16.34953	-50.41328	-50.07240	
1202	-20.35451	-20.46934	 3.91164	 3.93565	 1.85675	 1.84998	-8.48526	-8.61514	 13.96307	 13.79682	-47.70856	-47.34107	
1203	-19.95815	-20.07738	 4.11223	 4.08215	 1.63965	 1.63253	-9.38306	-9.52649	 11.55788	 11.37790	-45.20552	-44.81385	
1204	-19.56136	-19.68476	 4.28907	 4.26364	 1.41608	 1.40856	-10.18341	-10.33883	 9.31059	 9.11857	-42.91009	-42.49718	
1205	-19.16553	-19.29285	 4.47399	 4.44753	 1.18670	 1.17876	-10.89644	-11.06243	 7.23463	 7.03236	-40.81903	-40.38813	
1206	-18.77196	-18.90292	 4.66382	 4.63614	 0.95229	 0.94387	-11.53004	-11.70536	 5.33394	 5.12341	-38.92251	-38.47696	
1207	-18.38187	-18.51616	 4.85802	 4.82912	 0.71367	 0.70473	-12.09045	-12.27396	 3.60583	 3.38910	-37.20633	-36.74946	
1208	-17.99638	-18.13367	 5.05608	 5.02598	 0.47176	 0.46223	-12.58267	-12.77338	 2.04314	 1.82231	-35.65374	-35.18872	
1209	-17.61649	-17.75644	 5.25748	 5.22624	 0.22755	 0.21735	-13.01083	-13.20783	 0.63602	 0.41309	-34.24683	-33.77658	
1210	-17.24311	-17.38536	 5.46166	 5.42934	-0.01789	-0.02884	-13.37846	-13.58092	-0.62691	-0.85006	-32.96751	-32.49469	
1211	-16.87702	-17.02119	 5.66804	 5.63473	-0.26341	-0.27522	-13.68864	-13.89582	-1.75763	-1.97928	-31.79828	-31.32520	
1212	-16.51891	-16.66460	 5.87602	 5.84180	-0.50778	-0.52056	-13.94425	-14.15545	-2.76810	-2.98675	-30.72264	-30.25131	
1213	-16.16932	-16.31613	 6.08497	 6.04995	-0.74968	-0.76359	-14.14800	-14.36258	-3.66990	-3.88422	-29.72545	-29.25753	
1214	-15.82870	-15.97621	 6.29424	 6.25853	-0.98774	-1.00294	-14.30260	-14.51994	-4.47396	-4.68284	-28.79305	-28.32989	
1215	-15.49734	-15.64515	 6.50318	 6.46690	-1.22051	-1.23719	-14.41080	-14.63030	-5.19042	-5.39292	-27.91332	-27.45600	
1216	-15.17546	-15.32316	 6.71110	 6.67438	-1.44647	-1.46484	-14.47545	-14.69652	-5.82858	-6.02396	-27.07574	-26.62506	
1217	-14.86312	-15.01031	 6.91733	 6.88031	-1.66403	-1.68434	-14.49955	-14.72160	-6.39690	-6.58457	-26.27129	-25.82781	
1218	-14.56031	-14.70659	 7.12119	 7.08401	-1.87154	-1.89406	-14.48627	-14.70868	-6.90302	-7.08255	-25.49240	-25.05651	
1219	-14.26687	-14.41187	 7.32199	 7.28480	-2.06730	-2.09233	-14.43898	-14.66113	-7.35380	-7.52488	-24.73290	-24.30478	
1220	-13.98256	-14.12591	 7.51906	 7.48202	-2.24956	-2.27742	-14.36127	-14.58248	-7.75539	-7.91784	-23.98788	-23.56760	
1221	-13.70704	-13.84839	 7.71174	 7.67499	-2.41648	-2.44754	-14.25691	-14.47648	-8.11329	-8.26701	-23.25364	-22.84114	
1222	-13.43987	-13.57888	 7.89938	 7.86308	-2.56620	-2.60087	-14.12994	-14.34709	-8.43240	-8.57740	-22.52755	-22.12270	
1223	-13.18052	-13.31689	 8.08136	 8.04566	-2.69681	-2.73550	-13.98455	-14.19848	-8.71707	-8.85343	-21.80802	-21.41063	
1224	-12.92840	-13.06183	 8.25706	 8.22212	-2.80631	-2.84949	-13.82520	-14.03501	-8.97119	-9.09907	-21.09434	-20.70421	
1225	-12.68282	-12.81305	 8.42593	 8.39188	-2.89267	-2.94084	-13.65651	-13.86126	-9.19824	-9.31782	-20.38665	-20.00355	
1226	-12.44305	-12.56983	 8.58741	 8.55440	-2.95379	-3.00747	-13.48330	-13.68199	-9.40128	-9.51283	-19.68585	-19.30957	
1227	-12.20830	-12.33140	 8.74100	 8.70917	-2.98749	-3.04722	-13.31061	-13.50215	-9.58307	-9.68688	-18.99346	-18.62383	
1228	-11.97772	-12.09693	 8.88623	 8.85570	-2.99149	-3.05787	-13.14361	-13.32686	-9.74606	-9.84243	-18.31165	-17.94854	
1229	-11.75044	-11.86557	 9.02268	 8.99357	-2.96343	-3.03705	-12.98769	-13.16143	-9.89243	-9.98172	-17.64307	-17.28641	
1230	-11.52555	-11.63641	 9.14995	 9.12235	-2.90082	-2.98231	-12.84839	-13.01137	-10.02414	-10.10670	-16.99081	-16.64062	
1231	-11.30211	-11.40853	 9.26769	 9.24171	-2.80103	-2.89103	-12.73143	-12.88232	-10.14292	-10.21913	-16.35838	-16.01472	
1232	-11.07919	-11.18101	 9.37559	 9.35131	-2.66127	-2.76043	-12.64269	-12.78014	-10.25033	-10.32059	-15.74954	-15.41258	
1233	-10.85584	-10.95290	 9.47339	 9.45087	-2.47854	-2.58751	-12.58827	-12.71088	-10.34777	-10.41245	-15.16835	-14.83834	
1234	-10.63111	-10.72325	 9.56086	 9.54014	-2.24961	-2.36904	-12.57442	-12.68080	-10.43647	-10.49598	-14.61901	-14.29627	
1235	-10.40406	-10.49113	 9.63781	 9.61892	-1.97099	-2.10152	-12.60763	-12.69636	-10.51755	-10.57228	-14.10586	-13.79080	
1236	-10.17379	-10.25561	 9.70409	 9.68702	-1.63888	-1.78112	-12.69461	-12.76429	-10.59200	-10.64234	-13.63328	-13.32638	
1237	-9.93939	-10.01581	 9.75961	 9.74426	-1.24911	-1.40365	-12.84231	-12.89160	-10.66071	-10.70704	-13.20564	-12.90747	
1238	-9.70002	-9.77084	 9.80432	 9.79048	-0.79713	-0.96449	-13.05797	-13.08556	-10.72446	-10.76717	-12.82728	-12.53846	
1239	-9.45483	-9.51988	 9.83835	 9.82538	-0.27793	-0.45857	-13.34914	-13.35383	-10.78396	-10.82342	-12.50240	-12.22359	
1240	-9.20305	-9.26212	 9.86251	 9.84807	 0.31398	 0.11969	-13.72369	-13.70439	-10.83983	-10.87639	-12.23502	-11.96694	
1241	-8.94394	-8.99681	 9.88479	 9.85044	 0.98463	 0.77646	-14.18986	-14.14564	-10.89263	-10.92664	-12.02896	-11.77235	
1242	-8.67680	-8.72326	 9.28693	 10.45073	 1.74060	 1.51845	-14.75624	-14.68636	-10.94284	-10.97462	-11.88775	-11.64337	
1243	-8.40100	-8.44081	 9.84932	 9.86853	 2.58905	 2.35303	-15.43182	-15.33579	-10.99088	-11.02075	-11.81462	-11.58323	
1244	-8.11595	-8.14887	 9.83529	 9.84051	 3.53770	 3.28813	-16.22595	-16.10356	-11.03712	-11.06539	-11.81241	-11.59478	
1245	-7.82111	-7.84690	 9.80536	 9.80619	 4.59477	 4.33228	-17.14825	-16.99964	-11.08189	-11.10883	-11.88359	-11.68045	
1246	-7.51601	-7.53442	 9.76350	 9.76163	 5.76890	 5.49444	-18.20857	-18.03428	-11.12546	-11.15132	-12.03016	-11.84222	
1247	-7.20023	-7.21102	 9.71029	 9.70630	 7.06898	 6.78391	-19.41675	-19.21780	-11.16806	-11.19309	-12.25368	-12.08159	
1248	-6.87339	-6.87633	 9.64590	 9.64008	 8.50386	 8.20998	-20.78240	-20.56036	-11.20989	-11.23430	-12.55518	-12.39954	
1249	-6.53519	-6.53003	 9.57041	 9.56297	 10.08198	 9.78162	-22.31452	-22.07152	-11.25109	-11.27509	-12.93517	-12.79652	
1250	-6.18535	-6.17189	 9.48388	 9.47499	 11.81080	 11.50685	-24.02090	-23.75974	-11.29178	-11.31555	-13.39364	-13.27241	
1251	-5.82365	-5.80170	 9.38635	 9.37619	 13.69609	 13.39203	-25.90744	-25.63158	-11.33207	-11.35575	-13.92997	-13.82653	
1252	-5.44991	-5.41931	 9.27789	 9.26663	 15.74091	 15.44083	-27.97716	-27.69075	-11.37200	-11.39574	-14.54301	-14.45761	
1253	-5.06400	-5.02461	 9.15855	 9.14637	 17.94445	 17.65298	-30.22900	-29.93681	-11.41162	-11.43554	-15.23099	-15.16379	
1254	-4.66581	-4.61753	 9.02842	 9.01550	 20.30049	 20.02270	-32.65636	-32.36368	-11.45093	-11.47513	-15.99158	-15.94262	
1255	-4.25526	-4.19803	 8.88759	 8.87413	 22.79574	 22.53696	-35.24539	-34.95784	-11.48993	-11.51449	-16.82187	-16.79106	
1256	-3.83232	-3.76612	 8.73617	 8.72239	 25.40798	 25.17353	-37.97320	-37.69646	-11.52858	-11.55356	-17.71836	-17.70551	
1257	-3.39694	-3.32180	 8.57431	 8.56043	 28.10427	 27.89906	-40.80607	-40.54547	-11.56683	-11.59229	-18.67700	-18.68179	
1258	-2.94912	-2.86512	 8.40218	 8.38844	 30.83944	 30.66753	-43.69794	-43.45801	-11.60462	-11.63060	-19.69319	-19.71518	
1259	-2.48887	-2.39613	 8.22001	 8.20665	 33.55522	 33.41931	-46.58960	-46.37357	-11.64187	-11.66839	-20.76181	-20.80044	
1260	-2.01619	-1.91489	 8.02805	 8.01532	 36.18047	 36.08141	-49.40891	-49.21818	-11.67849	-11.70555	-21.87725	-21.93183	
1261	-1.53109	-1.42146	 7.82661	 7.81479	 38.63292	 38.56932	-52.07258	-51.90636	-11.71439	-11.74198	-23.03343	-23.10315	
1262	-1.03360	-0.91592	 7.61607	 7.60543	 40.82275	 40.79079	-54.48974	-54.34485	-11.74944	-11.77755	-24.22381	-24.30778	
1263	-0.52372	-0.39833	 7.39685	 7.38769	 42.65806	 42.65163	-56.56748	-56.43847	-11.78353	-11.81213	-25.44150	-25.53869	
1264	-0.00148	 0.13126	 7.16944	 7.16210	 44.05261	 44.06250	-58.21794	-58.09758	-11.81654	-11.84559	-26.67922	-26.78852	
1265	 0.53312	 0.67277	 6.93437	 6.92933	 44.95031	 44.93059	-59.36623	-59.24630	-11.84834	-11.87780	-27.92938	-28.04960	
1266	 1.08005	 1.22616	 6.69184	 6.69050	 45.26000	 45.24020	-59.95809	-59.83039	-11.87880	-11.90862	-29.18413	-29.31399	
1267	 1.63930	 1.79136	 6.43268	 6.45635	 44.96609	 44.95409	-59.96578	-59.82326	-11.90779	-11.93790	-30.43539	-30.57356	
1268	 2.21086	 2.36834	 6.20863	 6.17685	 44.07331	 44.07481	-59.39130	-59.22891	-11.93518	-11.96550	-31.67491	-31.81999	
1269	 2.79467	 2.95701	 5.94158	 5.93205	 42.61616	 42.63428	-58.26606	-58.08134	-11.96084	-11.99131	-32.89431	-33.04488	
1270	 3.39070	 3.55732	 5.68300	 5.67263	 40.65487	 40.68994	-56.64715	-56.44038	-11.98464	-12.01517	-34.08514	-34.23975	
1271	 3.99887	 4.16917	 5.42347	 5.41039	 38.26856	 38.31845	-54.61101	-54.38495	-12.00645	-12.03696	-35.23892	-35.39612	
1272	 4.61907	 4.79243	 5.16366	 5.14729	 35.54713	 35.60783	-52.24557	-52.00488	-12.02615	-12.05655	-36.34720	-36.50553	
1273	 5.25114	 5.42694	 4.90485	 4.88488	 32.58319	 32.64952	-49.64239	-49.39287	-12.04362	-12.07384	-37.40159	-37.55963	
1274	 5.89486	 6.07249	 4.64854	 4.62476	 29.46510	 29.53153	-46.88971	-46.63754	-12.05876	-12.08870	-38.39384	-38.55021	
1275	 6.54996	 6.72878	 4.39634	 4.36863	 26.27190	 26.33314	-44.06725	-43.81836	-12.07146	-12.10104	-39.31585	-39.46921	
1276	 7.21606	 7.39546	 4.15002	 4.11830	 23.07025	 23.12174	-41.24297	-41.00254	-12.08162	-12.11076	-40.15973	-40.30883	
1277	 7.89269	 8.07207	 3.91144	 3.87568	 19.91316	 19.95135	-38.47162	-38.24381	-12.08916	-12.11778	-40.91787	-41.06154	
1278	 8.57927	 8.75802	 3.68259	 3.64278	 16.84027	 16.86270	-35.79481	-35.58265	-12.09399	-12.12201	-41.58292	-41.72008	
1279	 9.27508	 9.45263	 3.46553	 3.42173	 13.87900	 13.88429	-33.24200	-33.04744	-12.09604	-12.12339	-42.14789	-42.27759	
1280	 9.97926	 10.15503	 3.26243	 3.21473	 11.04635	 11.03406	-30.83222	-30.65623	-12.09524	-12.12186	-42.60616	-42.72756	
1281	 10.69078	 10.86421	 3.07552	 3.02404	 8.35079	 8.32130	-28.57589	-28.41864	-12.09155	-12.11737	-42.95151	-43.06391	
1282	 11.40844	 11.57899	 2.90709	 2.85201	 5.79423	 5.74852	-26.47671	-26.33774	-12.08493	-12.10989	-43.17816	-43.28101	
1283	 12.13083	 12.29799	 2.75945	 2.70098	 3.37369	 3.31321	-24.53334	-24.41174	-12.07533	-12.09938	-43.28081	-43.37369	
1284	 12.85636	 13.01962	 2.63495	 2.57332	 1.08283	 1.00931	-22.74088	-22.63544	-12.06274	-12.08584	-43.25464	-43.33732	
1285	 13.58322	 13.74210	 2.53588	 2.47138	-1.08693	-1.17156	-21.09205	-21.00138	-12.04714	-12.06926	-43.09540	-43.16776	
1286	 14.30937	 14.46340	 2.46450	 2.39744	-3.14537	-3.23911	-19.57810	-19.50075	-12.02854	-12.04963	-42.79936	-42.86146	
1287	 15.03258	 15.18131	 2.42299	 2.35370	-5.10279	-5.20364	-18.18956	-18.12406	-12.00694	-12.02697	-42.36340	-42.41545	
1288	 15.75038	 15.89337	 2.41337	 2.34221	-6.96947	-7.07546	-16.91670	-16.86164	-11.98235	-12.00132	-41.78500	-41.82736	
1289	 16.46009	 16.59694	 2.43749	 2.36485	-8.75528	-8.86452	-15.74994	-15.70399	-11.95481	-11.97269	-41.06230	-41.09546	
1290	 17.15883	 17.28917	 2.49700	 2.42328	-10.46935	-10.58008	-14.68006	-14.64199	-11.92436	-11.94114	-40.19409	-40.21867	
1291	 17.84354	 17.96703	 2.59324	 2.51888	-12.11995	-12.23053	-13.69836	-13.66705	-11.89103	-11.90672	-39.17989	-39.19660	
1292	 18.51099	 18.62735	 2.72724	 2.65268	-13.71432	-13.82324	-12.79673	-12.77120	-11.85490	-11.86949	-38.01990	-38.02958	
1293	 19.15782	 19.26684	 2.89965	 2.82535	-15.25860	-15.36450	-11.96771	-11.94708	-11.81601	-11.82951	-36.71513	-36.71868	
1294	 19.78055	 19.88216	 3.11068	 3.03713	-16.75779	-16.85945	-11.20449	-11.18799	-11.77445	-11.78687	-35.26735	-35.26574	
1295	 20.37559	 20.46996	 3.36005	 3.28777	-18.21575	-18.31210	-10.50086	-10.48785	-11.73029	-11.74164	-33.67916	-33.67338	
1296	 20.93916	 21.02708	 3.64697	 3.57649	-19.63517	-19.72531	-9.85121	-9.84114	-11.68362	-11.69391	-31.95399	-31.94506	
1297	 21.46694	 21.55100	 3.97008	 3.90199	-21.01766	-21.10081	-9.25045	-9.24293	-11.63452	-11.64379	-30.09616	-30.08510	
1298	 21.95119	 22.04281	 4.32744	 4.26233	-22.36373	-22.43929	-8.69384	-8.68894	-11.58309	-11.59135	-28.11090	-28.09865	
1299	 22.32920	 22.55889	 4.71649	 4.65503	-23.67289	-23.74038	-8.17445	-8.17797	-11.52943	-11.53671	-26.00433	-25.99180	
1300	 23.10600	 22.58829	 5.13408	 5.07697	-24.94368	-25.00279	-7.70145	-7.69357	-11.47363	-11.47995	-23.78351	-23.77150	
1301	 23.24776	 23.15946	 5.57645	 5.52445	-26.17381	-26.22436	-7.25124	-7.25278	-11.41580	-11.42119	-21.45644	-21.44563	
1302	 23.53624	 23.48589	 6.03930	 5.99324	-27.36022	-27.40216	-6.83607	-6.83747	-11.35602	-11.36051	-19.03205	-19.02295	
1303	 23.78485	 23.75015	 6.51743	 6.47894	-28.49922	-28.53264	-6.44865	-6.44963	-11.29441	-11.29801	-16.52018	-16.51312	
1304	 23.98335	 23.95928	 6.97521	 7.00673	-29.58661	-29.61170	-6.08643	-6.08704	-11.23104	-11.23378	-13.93157	-13.92668	
1305	 24.12906	 24.11363	 7.47737	 7.50069	-30.61780	-30.63487	-5.74724	-5.74758	-11.16600	-11.16791	-11.27782	-11.27497	
1306	 24.22086	 24.21290	 7.97953	 7.99346	-31.58799	-31.59742	-5.42914	-5.42929	-11.09938	-11.10046	-8.57133	-8.57014	
1307	 24.25851	 24.25691	 8.47553	 8.47916	-32.49228	-32.49455	-5.13039	-5.13042	-11.03124	-11.03151	-5.82524	-5.82508	
1308	 24.24530	 24.24286	 8.95177	 8.95931	-33.32151	-33.32587	-4.84936	-4.84940	-10.96111	-10.96164	-3.05334	-3.05337	
1309	 24.17337	 24.18009	 9.40535	 9.42485	-34.07376	-34.08416	-4.58466	-4.58474	-10.88932	-10.89064	-0.26907	-0.27013	
1310	 23.87459	 24.23912	 9.83421	 9.86636	-34.74710	-34.76291	-4.33499	-4.33510	-10.81617	-10.81827	 2.51307	 2.50958	
1311	 24.10347	 23.66869	 10.23301	 10.27836	-35.33782	-35.35837	-4.09915	-4.09928	-10.74169	-10.74456	 5.27799	 5.27047	
1312	 23.71417	 23.61869	 10.59688	 10.65583	-35.84278	-35.86740	-3.87604	-3.87620	-10.66589	-10.66953	 8.01026	 7.99696	
1313	 23.42607	 23.37451	 10.92154	 10.99426	-36.25953	-36.28751	-3.66465	-3.66487	-10.58878	-10.59317	 10.69424	 10.67330	
1314	 23.10949	 23.07120	 11.20336	 11.28980	-36.58638	-36.61702	-3.46405	-3.46436	-10.51035	-10.51548	 13.31413	 13.28370	
1315	 22.75677	 22.72233	 11.43948	 11.53932	-36.82244	-36.85500	-3.27339	-3.27383	-10.43058	-10.43644	 15.85412	 15.81240	
1316	 22.36871	 22.33339	 11.62779	 11.74045	-36.96763	-37.00138	-3.09188	-3.09251	-10.34943	-10.35600	 18.29850	 18.24383	
1317	 21.94791	 21.90837	 11.76701	 11.89159	-37.02270	-37.05691	-2.91880	-2.91967	-10.26687	-10.27411	 20.63173	 20.56273	
1318	 21.49762	 21.45082	 11.85665	 11.99198	-36.98917	-37.02312	-2.75348	-2.75464	-10.18283	-10.19071	 22.83858	 22.75421	
1319	 21.02143	 20.96403	 11.89703	 12.04164	-36.86934	-36.90229	-2.59529	-2.59680	-10.09725	-10.10572	 24.90423	 24.80390	
1320	 20.52323	 20.45094	 11.88923	 12.04136	-36.66614	-36.69740	-2.44367	-2.44558	-10.01005	-10.01906	 26.81438	 26.69803	
1321	 20.00738	 19.91398	 11.83498	 11.99262	-36.38313	-36.41201	-2.29806	-2.30045	-9.92114	-9.93062	 28.55535	 28.42354	
1322	 19.47909	 19.35449	 11.73667	 11.89758	-36.02437	-36.05022	-2.15799	-2.16089	-9.83042	-9.84029	 30.11418	 29.96815	
1323	 18.94574	 18.77146	 11.59722	 11.75894	-35.59432	-35.61651	-2.02298	-2.02645	-9.73779	-9.74795	 31.47874	 31.32044	
1324	 18.42063	 18.15764	 11.41998	 11.57989	-35.09772	-35.11571	-1.89261	-1.89670	-9.64312	-9.65348	 32.63784	 32.46995	
1325	 17.93751	 17.48495	 11.20866	 11.36402	-34.53954	-34.55284	-1.76650	-1.77125	-9.54629	-9.55673	 33.58126	 33.40721	
1326	 17.62949	 16.62564	 10.96722	 11.11519	-33.92486	-33.93305	-1.64427	-1.64971	-9.44715	-9.45754	 34.29994	 34.12382	
1327	 18.50335	 14.57787	 10.69978	 10.83751	-33.25874	-33.26150	-1.52560	-1.53178	-9.34557	-9.35578	 34.78594	 34.61253	
1328	 16.19856	 15.70669	 10.41052	 10.53514	-32.54621	-32.54330	-1.41019	-1.41713	-9.24139	-9.25127	 35.03261	 34.86721	
1329	 14.87538	 15.85597	 10.10363	 10.21232	-31.79215	-31.78346	-1.29778	-1.30550	-9.13444	-9.14384	 35.03461	 34.88298	
1330	 14.60473	 14.95849	 9.78319	 9.87320	-31.00126	-30.98678	-1.18813	-1.19665	-9.02456	-9.03331	 34.78796	 34.65620	
1331	 14.11571	 14.28851	 9.45312	 9.52186	-30.17797	-30.15782	-1.08104	-1.09037	-8.91157	-8.91952	 34.29008	 34.18455	
1332	 13.57720	 13.68004	 9.11714	 9.16216	-29.32648	-29.30089	-0.97633	-0.98649	-8.79530	-8.80227	 33.53976	 33.46711	
1333	 13.02728	 13.09760	 8.77872	 8.79775	-28.45066	-28.42000	-0.87387	-0.88486	-8.67555	-8.68138	 32.53683	 32.50476	
1334	 12.47804	 12.53132	 8.44102	 8.43203	-27.55410	-27.51886	-0.77355	-0.78537	-8.55213	-8.55665	 31.27898	 31.30339	
1335	 11.93452	 11.97807	 8.10688	 8.06809	-26.64008	-26.60087	-0.67529	-0.68795	-8.42485	-8.42790	 29.51745	 30.11826	
1336	 11.39933	 11.43685	 7.77881	 7.70869	-25.71158	-25.66913	-0.57906	-0.59255	-8.29351	-8.29494	 28.14392	 28.06713	
1337	 10.87400	 10.90748	 7.45896	 7.35630	-24.77130	-24.72644	-0.48484	-0.49917	-8.15790	-8.15758	 26.22928	 26.09149	
1338	 10.35955	 10.39003	 7.14913	 7.01301	-23.82168	-23.77534	-0.39267	-0.40782	-8.01784	-8.01563	 24.08717	 23.89305	
1339	 9.85667	 9.88467	 6.85075	 6.68060	-22.86493	-22.81814	-0.30259	-0.31855	-7.87312	-7.86890	 21.72824	 21.47939	
1340	 9.36589	 9.39156	 6.56496	 6.36050	-21.90307	-21.85692	-0.21471	-0.23147	-7.72353	-7.71721	 19.16277	 18.86140	
1341	 8.88757	 8.91080	 6.29251	 6.05385	-20.93792	-20.89356	-0.12915	-0.14669	-7.56889	-7.56040	 16.40217	 16.05170	
1342	 8.42202	 8.44243	 6.03389	 5.76146	-19.97121	-19.92983	-0.04605	-0.06436	-7.40899	-7.39829	 13.45914	 13.06439	
1343	 7.96954	 7.98634	 5.78927	 5.48384	-19.00451	-18.96734	 0.03440	 0.01534	-7.24366	-7.23073	 10.34770	 9.91498	
1344	 7.53054	 7.54216	 5.55859	 5.22126	-18.03939	-18.00760	 0.11200	 0.09221	-7.07270	-7.05757	 7.08323	 6.62024	
1345	 7.10598	 7.10890	 5.34151	 4.97371	-17.07821	-17.05122	 0.18649	 0.16601	-6.89595	-6.87866	 3.68235	 3.19818	
1346	 6.69861	 6.68365	 5.13754	 4.74097	-16.07985	-16.14222	 0.25764	 0.23648	-6.71324	-6.69389	 0.16296	-0.33209	
1347	 6.31944	 6.25518	 4.94611	 4.52246	-15.15633	-15.17148	 0.32515	 0.30336	-6.52440	-6.50315	-3.45593	-3.95044	
1348	 6.03128	 5.76036	 4.76851	 4.31544	-14.22299	-14.22659	 0.38873	 0.36635	-6.32928	-6.30636	-7.15419	-7.63582	
1349	 6.22508	 4.80786	 5.76846	 2.95445	-13.29877	-13.29164	 0.44807	 0.42515	-6.12773	-6.10347	-10.91074	-11.36641	
1350	 5.56804	 4.73007	 3.95218	 4.43129	-12.38570	-12.36764	 0.50285	 0.47945	-5.91955	-5.89448	-14.70363	-15.11970	
1351	 4.86310	 4.72355	 3.78204	 4.28147	-11.48543	-11.45615	 0.55274	 0.52891	-5.70449	-5.67952	-18.51022	-18.87266	
1352	 4.46689	 4.43115	 3.62423	 4.13652	-10.59951	-10.55886	 0.59740	 0.57322	-5.48200	-5.45900	-22.30726	-22.60186	
1353	 4.12103	 4.11068	 3.47589	 3.99695	-9.72955	-9.67754	 0.63650	 0.61205	-5.25035	-5.23460	-26.07109	-26.28364	
1354	 3.79359	 3.79347	 3.33570	 3.86172	-8.87713	-8.81398	 0.66972	 0.64508	-5.00012	-5.01567	-29.77783	-29.89424	
1355	 3.47862	 3.48483	 3.20248	 3.72962	-8.04388	-7.97003	 0.69673	 0.67201	-4.52838	-5.00516	-33.40348	-33.41000	
1356	 3.17431	 3.18595	 3.07510	 3.59947	-7.23140	-7.14752	 0.71723	 0.69255	-4.68535	-4.35287	-36.92419	-36.80748	
1357	 2.87971	 2.89707	 2.95246	 3.47015	-6.44128	-6.34827	 0.73093	 0.70641	-4.27570	-4.25421	-40.31639	-40.06366	
1358	 2.59403	 2.61830	 2.83350	 3.34060	-5.67505	-5.57407	 0.73756	 0.71334	-3.99989	-4.00881	-43.55697	-43.15609	
1359	 2.31632	 2.34990	 2.71726	 3.20985	-4.93417	-4.82661	 0.73688	 0.71312	-3.72887	-3.74584	-46.62351	-46.06305	
1360	 2.04505	 2.09270	 2.60283	 3.07703	-4.22000	-4.10749	 0.72869	 0.70553	-3.45438	-3.47375	-49.49442	-48.76372	
1361	 1.77698	 1.84919	 2.48944	 2.94139	-3.53376	-3.41820	 0.71280	 0.69043	-3.17484	-3.19431	-52.14910	-51.23833	
1362	 1.50300	 1.62779	 2.37640	 2.80233	-2.87650	-2.76004	 0.68907	 0.66768	-2.88982	-2.90815	-54.56814	-53.46829	
1363	 1.18447	 1.46645	 2.26320	 2.65935	-2.24909	-2.13412	 0.65739	 0.63719	-2.59924	-2.61559	-56.73342	-55.43634	
1364	 0.54134	 1.64449	 2.14945	 2.51214	-1.65213	-1.54135	 0.61771	 0.59892	-2.30313	-2.31687	-58.62827	-57.12660	
1365	 0.46273	 1.27214	 2.03497	 2.36054	-1.08599	-0.98236	 0.57000	 0.55288	-2.00157	-2.01217	-60.23756	-58.52473	
1366	 0.66932	 0.62805	 1.91979	 2.20457	-0.55069	-0.45754	 0.51430	 0.49911	-1.69468	-1.70167	-61.54772	-59.61790	
1367	 0.44871	 0.42400	 1.80417	 2.04443	-0.04592	 0.03304	 0.45068	 0.43773	-1.38256	-1.38552	-62.54685	-60.39481	
1368	 0.23548	 0.22482	 1.68868	 1.88055	 0.42905	 0.48960	 0.37926	 0.36889	-1.06536	-1.06389	-63.22456	-60.84564	
1369	 0.03179	 0.02781	 1.57424	 1.71359	 0.87541	 0.91271	 0.30022	 0.29283	-0.74319	-0.73691	-63.57194	-60.96182	
1370	-0.16477	-0.16508	 1.46220	 1.54445	 1.29488	 1.30328	 0.21379	 0.20982	-0.41618	-0.40470	-63.58121	-60.73577	
1371	-0.35538	-0.35310	 1.35453	 1.37440	 1.68986	 1.66257	 0.12023	 0.12022	-0.08444	-0.06736	-63.24531	-60.16032	
1372	-0.36298	-0.34860	 1.60034	 1.67707	 1.94143	 1.95747	 0.16220	 0.15745	-0.06681	-0.04390	-62.18891	-59.37462	
1373	-0.36513	-0.34726	 1.83289	 1.96492	 2.18107	 2.24094	 0.20185	 0.19880	-0.04041	-0.03038	-60.75793	-58.20658	
1374	-0.36490	-0.34617	 2.05327	 2.23750	 2.40910	 2.51217	 0.23844	 0.24488	-0.00973	-0.02187	-58.96181	-56.66191	
1375	-0.36331	-0.34438	 2.26286	 2.49459	 2.62627	 2.77063	 0.27097	 0.29685	 0.02117	-0.01345	-56.81302	-54.74973	
1376	-0.36055	-0.34174	 2.46331	 2.73615	 2.83371	 3.01613	 0.29801	 0.35650	 0.05274	-0.00428	-54.32700	-52.48243	
1377	-0.35665	-0.33815	 2.65652	 2.96229	 3.03298	 3.24875	 0.31769	 0.42623	 0.08606	 0.00625	-51.52206	-49.87561	
1378	-0.35157	-0.33355	 2.84461	 3.17325	 3.22602	 3.46890	 0.32840	 0.50829	 0.12231	 0.01904	-48.41933	-46.94798	
1379	-0.34522	-0.32782	 3.02984	 3.36939	 3.41511	 3.67722	 0.33138	 0.60213	 0.16273	 0.03521	-45.04269	-43.72139	
1380	-0.33748	-0.32086	 3.21449	 3.55112	 3.60282	 3.87459	 0.33503	 0.69999	 0.20873	 0.05599	-41.41865	-40.22087	
1381	-0.32819	-0.31252	 3.40070	 3.71894	 3.79189	 4.06210	 0.35314	 0.78863	 0.26184	 0.08265	-37.57629	-36.47479	
1382	-0.31714	-0.30265	 3.59028	 3.87344	 3.98512	 4.24102	 0.39248	 0.86164	 0.32371	 0.11643	-33.54714	-32.51504	
1383	-0.30411	-0.29107	 3.78433	 4.01534	 4.18513	 4.41282	 0.44873	 0.92340	 0.39598	 0.15850	-29.36497	-28.37737	
1384	-0.28883	-0.27762	 3.98299	 4.14559	 4.39412	 4.57918	 0.51511	 0.98044	 0.48015	 0.20997	-25.06554	-24.10163	
1385	-0.27103	-0.26213	 4.18497	 4.26537	 4.61345	 4.74203	 0.58729	 1.03638	 0.57745	 0.27183	-20.68626	-19.73208	
1386	-0.25038	-0.24442	 4.38729	 4.37612	 4.84324	 4.90365	 0.66304	 1.09231	 0.68863	 0.34496	-16.26561	-15.31733	
1387	-0.22658	-0.22433	 4.58508	 4.47945	 5.08180	 5.06664	 0.74100	 1.14789	 0.81376	 0.43009	-11.84247	-10.90983	
1388	-0.19931	-0.20168	 4.77173	 4.57684	 5.32527	 5.23398	 0.81998	 1.20213	 0.95212	 0.52776	-7.45524	-6.56442	
1389	-0.16827	-0.17628	 4.93942	 4.66927	 5.56738	 5.40874	 0.89860	 1.25374	 1.10209	 0.63829	-3.14072	-2.33574	
1390	-0.13321	-0.14792	 5.08010	 4.75677	 5.79992	 5.59356	 0.97520	 1.30134	 1.26121	 0.76171	 1.06706	 1.72582	
1391	-0.09395	-0.11637	 5.18670	 4.83812	 6.01396	 5.78968	 1.04790	 1.34362	 1.42640	 0.89771	 5.13805	 5.57892	
1392	-0.05039	-0.08140	 5.25430	 4.91081	 6.20182	 5.99568	 1.11470	 1.37942	 1.59436	 1.04550	 9.04735	 9.19609	
1393	-0.00254	-0.04278	 5.28100	 4.97142	 6.35919	 6.20648	 1.17370	 1.40783	 1.76196	 1.20386	 12.77606	 12.56692	
1394	 0.04948	-0.00036	 5.26810	 5.01629	 6.48636	 6.41339	 1.22329	 1.42817	 1.92666	 1.37102	 16.31181	 15.69838	
1395	 0.10546	 0.04591	 5.21956	 5.04224	 6.58763	 6.60573	 1.26232	 1.43997	 2.08671	 1.54477	 19.64878	 18.61198	
1396	 0.16510	 0.09589	 5.14112	 5.04717	 6.66928	 6.77359	 1.29017	 1.44294	 2.24111	 1.72249	 22.78730	 21.33839	
1397	 0.22805	 0.14933	 5.03916	 5.03031	 6.73731	 6.91007	 1.30670	 1.43692	 2.38948	 1.90131	 25.73292	 23.91138	
1398	 0.29389	 0.20577	 4.91980	 4.99219	 6.79606	 7.01244	 1.31220	 1.42190	 2.53167	 2.07822	 28.49518	 26.36251	
1399	 0.36217	 0.26464	 4.78838	 4.93438	 6.84798	 7.08174	 1.30729	 1.39798	 2.66755	 2.25022	 31.08611	 28.71766	
1400	 0.43241	 0.32524	 4.64915	 4.85918	 6.89409	 7.12177	 1.29278	 1.36540	 2.79675	 2.41442	 33.51868	 30.99547	
1401	 0.50408	 0.38684	 4.50540	 4.76924	 6.93452	 7.13797	 1.26965	 1.32462	 2.91858	 2.56816	 35.80544	 33.20731	
1402	 0.57659	 0.44872	 4.35952	 4.66734	 6.96896	 7.13660	 1.23896	 1.27627	 3.03194	 2.70904	 37.95744	 35.35817	
1403	 0.64936	 0.51016	 4.21330	 4.55622	 6.99669	 7.12439	 1.20182	 1.22118	 3.13545	 2.83503	 39.98349	 37.44794	
1404	 0.72171	 0.57055	 4.06806	 4.43846	 7.01635	 7.10857	 1.15940	 1.16041	 3.22747	 2.94445	 41.88986	 39.47276	
1405	 0.79300	 0.62935	 3.92490	 4.31647	 7.02668	 7.09593	 1.11289	 1.09520	 3.30628	 3.03596	 43.68021	 41.42628	
1406	 0.86255	 0.68611	 3.78477	 4.19244	 7.03139	 7.08792	 1.06352	 1.02694	 3.37018	 3.10860	 45.35531	 43.30117	
1407	 0.92974	 0.74049	 3.64857	 4.06843	 7.04365	 7.07596	 1.01255	 0.95718	 3.41768	 3.16166	 46.90968	 45.09387	
1408	 0.95930	 0.72175	-1.49038	-0.81690	 0.07987	 0.24201	-0.11318	-0.40834	 1.55128	 0.86724	-1364892595804.35107	 1304776981272.68579	
1409	-0.53038	-0.69302	-5.37582	-5.61606	-9.73474	-9.68414	-1.89490	-1.76169	-0.63469	-0.95755	-4.90762	-15.20414	
1410	-0.57678	-0.75525	-5.47915	-5.71561	-9.82373	-9.78448	-1.98214	-1.84297	-0.68103	-1.00918	-10.66968	-16.64216	
1411	-0.63030	-0.82335	-5.57050	-5.80376	-9.88236	-9.86440	-2.06243	-1.91924	-0.74315	-1.07740	-15.13844	-19.68476	
1412	-0.69080	-0.89705	-5.64795	-5.87888	-9.91326	-9.91788	-2.13403	-1.98910	-0.82031	-1.16078	-19.36335	-23.19557	
1413	-0.75791	-0.97587	-5.70952	-5.93922	-9.91705	-9.94126	-2.19526	-2.05124	-0.91127	-1.25742	-23.51902	-26.90886	
1414	-0.83104	-1.05917	-5.75328	-5.98290	-9.89323	-9.93216	-2.24454	-2.10438	-1.01431	-1.36501	-27.63309	-30.70258	
1415	-0.90940	-1.14608	-5.77735	-6.00795	-9.84092	-9.88883	-2.28039	-2.14736	-1.12722	-1.48091	-31.69033	-34.49488	
1416	-0.99195	-1.23549	-5.77995	-6.01233	-9.75903	-9.80973	-2.30153	-2.17909	-1.24732	-1.60217	-35.65862	-38.21877	
1417	-1.07743	-1.32602	-5.75944	-5.99398	-9.64636	-9.69338	-2.30682	-2.19861	-1.37151	-1.72561	-39.49735	-41.81391	
1418	-1.16434	-1.41602	-5.71434	-5.95081	-9.50156	-9.53819	-2.29538	-2.20503	-1.49633	-1.84786	-43.16024	-45.22372	
1419	-1.25093	-1.50351	-5.64336	-5.88068	-9.32296	-9.34239	-2.26649	-2.19758	-1.61797	-1.96543	-46.59588	-48.39436	
1420	-1.33521	-1.58616	-5.54532	-5.78142	-9.10847	-9.10394	-2.21970	-2.17553	-1.73238	-2.07470	-49.74689	-51.27439	
1421	-1.41491	-1.66127	-5.41912	-5.65074	-8.85536	-8.82042	-2.15475	-2.13814	-1.83527	-2.17206	-52.54809	-53.81490	
1422	-1.48749	-1.72574	-5.26364	-5.48621	-8.56008	-8.48901	-2.07162	-2.08465	-1.92225	-2.25386	-54.92388	-55.96960	
1423	-1.55008	-1.77608	-5.07757	-5.28519	-8.21810	-8.10645	-1.97047	-2.01416	-1.98885	-2.31646	-56.78568	-57.69428	
1424	-1.59948	-1.80846	-4.85918	-5.04479	-7.82386	-7.66926	-1.85165	-1.92557	-2.03066	-2.35628	-58.03178	-58.94396	
1425	-1.63208	-1.81888	-4.60610	-4.76190	-7.37095	-7.17401	-1.71562	-1.81761	-2.04355	-2.36973	-58.55572	-59.66262	
1426	-1.64389	-1.80349	-4.31517	-4.43350	-6.85293	-6.61803	-1.56294	-1.68898	-2.02394	-2.35328	-58.27410	-59.75733	
1427	-1.63057	-1.75914	-3.98245	-4.05714	-6.26483	-6.00048	-1.39416	-1.53864	-1.96936	-2.30351	-57.17492	-59.05986	
1428	-1.58775	-1.68418	-3.60379	-3.63196	-5.60589	-5.32389	-1.20983	-1.36652	-1.87908	-2.21739	-55.33007	-57.33759	
1429	-1.51182	-1.57931	-3.17620	-3.15997	-4.88321	-4.59618	-1.01073	-1.17426	-1.75486	-2.09291	-52.78784	-54.44289	
1430	-1.40122	-1.44810	-2.70026	-2.64755	-4.11534	-3.83282	-0.79846	-0.96592	-1.60129	-1.93018	-49.49667	-50.44876	
1431	-1.25829	-1.29670	-2.18313	-2.10657	-3.33336	-3.05842	-0.57661	-0.74801	-1.42554	-1.73286	-45.46103	-45.55332	
1432	-1.09026	-1.13272	-1.64043	-1.55433	-2.57702	-2.30593	-0.35176	-0.52856	-1.23610	-1.50905	-40.84657	-39.99881	
1433	-0.90835	-0.96349	-1.09502	-1.01167	-1.88553	-1.61149	-0.13333	-0.31559	-1.04100	-1.27027	-35.88890	-34.10972	
1434	-0.72457	-0.79489	-0.57191	-0.49933	-1.28745	-1.00585	 0.06853	-0.11584	-0.84628	-1.02859	-30.80046	-28.25893	
1435	-0.54825	-0.63088	-0.09223	-0.03408	-0.79566	-0.50721	 0.24571	 0.06577	-0.65544	-0.79333	-25.74186	-22.76391	
1436	-0.38459	-0.47383	 0.33029	 0.37340	-0.40913	-0.11967	 0.39366	 0.22591	-0.46991	-0.56966	-20.82277	-17.82214	
1437	-0.23527	-0.32509	 0.68931	 0.71828	-0.11847	 0.16333	 0.51129	 0.36254	-0.28985	-0.35913	-16.10999	-13.51904	
1438	-0.10005	-0.18549	 0.98370	 1.00009	 0.08889	 0.35384	 0.59973	 0.47453	-0.11495	-0.16131	-11.63916	-9.87046	
1439	 0.02196	-0.05567	 1.21534	 1.22109	 0.22552	 0.46555	 0.66124	 0.56149	 0.05503	 0.02484	-7.45763	-6.83196	
1440	 0.13148	 0.06375	 1.38750	 1.38492	 0.30262	 0.51155	 0.69840	 0.62362	 0.22004	 0.20013	-3.73928	-4.21748	
1441	 0.22875	 0.17216	 1.50397	 1.49597	 0.32985	 0.50363	 0.71373	 0.66158	 0.37964	 0.36477	-0.73390	-1.76619	
1442	 0.31353	 0.26894	 1.56872	 1.55888	 0.31549	 0.45205	 0.70961	 0.67648	 0.53296	 0.51834	 1.53883	 0.54698	
1443	 0.38517	 0.35355	 1.58602	 1.57820	 0.26683	 0.36579	 0.68821	 0.66981	 0.67873	 0.65990	 3.23124	 2.57115	
1444	 0.44273	 0.42558	 1.56097	 1.55775	 0.19044	 0.25276	 0.65157	 0.64339	 0.81523	 0.78814	 4.46661	 4.18549	
1445	 0.48519	 0.48472	 1.50010	 1.50008	 0.09244	 0.12001	 0.60163	 0.59934	 0.94031	 0.90163	 5.30837	 5.33670	
1446	 0.51178	 0.53058	 1.41009	 1.40771	-0.02139	-0.02613	 0.54026	 0.54004	 1.05136	 0.99895	 5.78634	 6.02015	
1447	 0.52286	 0.56197	 1.29569	 1.28520	-0.14552	-0.17988	 0.46930	 0.46808	 1.14530	 1.07891	 5.91571	 6.26763	
1448	 0.52063	 0.57628	 1.16038	 1.13843	-0.27473	-0.33596	 0.39060	 0.38620	 1.21882	 1.14066	 5.70754	 6.14107	
1449	 0.50705	 0.57180	 1.00779	 0.97313	-0.40413	-0.48948	 0.30603	 0.29723	 1.26865	 1.18367	 5.17654	 5.72429	
1450	 0.48169	 0.54999	 0.84184	 0.79456	-0.52920	-0.63588	 0.21753	 0.20405	 1.29215	 1.20756	 4.34913	 5.10834	
1451	 0.44366	 0.51370	 0.66658	 0.60761	-0.64592	-0.77098	 0.12711	 0.10949	 1.28782	 1.21183	 3.27249	 4.37157	
1452	 0.39341	 0.46547	 0.48604	 0.41675	-0.75065	-0.89093	 0.03686	 0.01621	 1.25568	 1.19561	 2.02228	 3.56050	
1453	 0.33269	 0.40748	 0.30413	 0.22609	-0.84015	-0.99233	-0.05107	-0.07329	 1.19723	 1.15761	 0.70461	 2.68062	
1454	 0.26426	 0.34175	 0.12449	 0.03932	-0.91147	-1.07217	-0.13450	-0.15684	 1.11486	 1.09653	-0.55391	 1.70573	
1455	 0.19159	 0.27022	-0.04965	-0.14013	-0.96179	-1.12793	-0.21129	-0.23255	 1.01120	 1.01161	-1.63032	 0.60948	
1456	 0.11888	 0.19456	-0.21565	-0.30909	-0.98828	-1.15762	-0.27938	-0.29890	 0.88866	 0.90304	-2.43873	-0.58666	
1457	 0.05096	 0.11596	-0.37153	-0.46443	-0.98787	-1.15999	-0.33688	-0.35467	 0.74961	 0.77227	-2.96167	-1.76374	
1458	-0.00718	 0.03509	-0.51583	-0.60289	-0.95730	-1.13508	-0.38233	-0.39886	 0.59708	 0.62229	-3.26332	-2.68835	
1459	-0.05183	-0.04704	-0.64695	-0.72117	-0.89397	-1.08471	-0.41500	-0.43045	 0.43526	 0.45787	-3.45578	-3.09589	
1460	-0.08258	-0.12762	-0.76235	-0.81658	-0.79768	-1.01204	-0.43522	-0.44825	 0.26880	 0.28487	-3.59135	-2.90491	
1461	-0.10231	-0.20170	-0.85866	-0.88781	-0.67158	-0.91994	-0.44390	-0.45122	 0.10102	 0.10845	-3.51637	-2.40911	
1462	-0.11470	-0.26417	-0.93285	-0.93510	-0.52110	-0.80995	-0.44185	-0.43899	-0.06653	-0.06809	-2.67484	-2.37246	
1463	-0.12220	-0.31158	-0.98286	-0.95948	-0.35263	-0.68289	-0.42927	-0.41223	-0.23264	-0.24254	 0.11817	-4.14304	
1464	-0.12586	-0.34232	-1.00722	-0.96214	-0.17333	-0.53971	-0.40595	-0.37238	-0.39517	-0.41263	 1.49719	-4.46849	
1465	-0.12541	-0.35587	-1.00445	-0.94388	 0.00877	-0.38190	-0.37145	-0.32139	-0.55096	-0.57553	-1.48684	-0.51840	
1466	-0.11898	-0.35225	-0.97323	-0.90446	 0.18583	-0.21174	-0.32550	-0.26123	-0.69705	-0.72842	-1.11812	-0.16616	
1467	-0.10333	-0.33200	-0.91325	-0.84265	 0.35232	-0.03244	-0.26848	-0.19362	-0.83217	-0.86952	-0.24581	-0.72514	
1468	-0.07548	-0.29629	-0.82613	-0.75742	 0.50609	 0.15186	-0.20177	-0.11999	-0.95710	-0.99870	 0.22670	-1.38641	
1469	-0.03445	-0.24698	-0.71507	-0.64926	 0.64710	 0.33668	-0.12754	-0.04184	-1.07341	-1.11696	 0.26365	-2.11058	
1470	 0.01837	-0.18646	-0.58403	-0.52066	 0.77537	 0.51767	-0.04822	 0.03908	-1.18217	-1.22541	-0.08898	-2.87600	
1471	 0.08005	-0.11739	-0.43708	-0.37563	 0.89018	 0.69096	 0.03378	 0.12083	-1.28359	-1.32476	-0.79202	-3.63776	
1472	 0.14697	-0.04259	-0.27837	-0.21925	 0.99027	 0.85336	 0.11624	 0.20135	-1.37735	-1.41522	-1.80814	-4.35795	
1473	 0.21531	 0.03507	-0.11235	-0.05735	 1.07450	 1.00247	 0.19712	 0.27864	-1.46298	-1.49676	-3.08198	-5.03084	
1474	 0.28132	 0.11271	 0.05599	 0.10357	 1.14231	 1.13693	 0.27453	 0.35080	-1.54008	-1.56920	-4.52512	-5.69497	
1475	 0.34136	 0.18755	 0.22068	 0.25656	 1.19409	 1.25666	 0.34675	 0.41615	-1.60845	-1.63235	-6.02609	-6.41900	
1476	 0.39198	 0.25705	 0.37432	 0.39474	 1.23118	 1.36312	 0.41226	 0.47324	-1.66806	-1.68604	-7.48871	-7.26053	
1477	 0.42984	 0.31903	 0.50717	 0.51266	 1.25554	 1.45939	 0.46972	 0.52087	-1.71910	-1.73019	-8.86514	-8.23143	
1478	 0.45155	 0.37208	 0.60561	 0.60910	 1.26888	 1.54999	 0.51802	 0.55813	-1.76185	-1.76485	-10.14956	-9.30371	
1479	 0.45290	 0.41635	 0.65080	 0.69052	 1.27195	 1.63966	 0.55628	 0.58439	-1.79665	-1.79022	-11.34306	-10.44474	
1480	 0.42634	 0.45628	 0.62540	 0.76688	 1.26593	 1.72954	 0.58390	 0.59930	-1.82378	-1.80673	-12.41253	-11.65898	
1481	 0.35051	 0.51111	 0.54284	 0.82351	 1.26009	 1.80841	 0.60051	 0.60284	-1.84342	-1.81501	-13.15597	-13.12319	
1482	 0.57007	 1.00406	 1.12960	 1.57543	 1.87786	 1.77612	 0.65415	 0.58519	-1.76861	-1.69458	 2036886007373.77661	-1986552792224.03394	
1483	 3.71703	 3.90234	 6.02710	 6.25494	 0.84778	 0.83438	 1.21344	 1.06169	-1.41090	-1.37180	-26.50097	-20.46034	
1484	 3.90634	 4.09773	 7.63592	 7.84988	-1.25288	-1.27757	 1.55423	 1.40731	-1.42450	-1.37242	-26.50601	-21.23410	
1485	 4.09867	 4.28951	 9.23505	 9.44024	-3.35010	-3.38055	 1.89461	 1.75252	-1.43613	-1.37095	-26.70360	-21.69517	
1486	 4.29320	 4.47874	 10.82200	 11.02336	-5.44077	-5.47150	 2.23423	 2.09694	-1.44602	-1.36762	-26.90126	-22.03735	
1487	 4.48915	 4.66648	 12.39394	 12.59621	-7.52142	-7.54701	 2.57273	 2.44023	-1.45436	-1.36265	-27.06095	-22.30014	
1488	 4.68591	 4.85354	 13.94760	 14.15528	-9.58811	-9.60327	 2.90975	 2.78203	-1.46138	-1.35627	-27.17051	-22.49742	
1489	 4.88315	 5.04050	 15.47915	 15.69653	-11.63634	-11.63595	 3.24495	 3.12198	-1.46731	-1.34872	-27.22519	-22.63583	
1490	 5.08071	 5.22773	 16.98418	 17.21527	-13.66100	-13.64015	 3.57797	 3.45972	-1.47237	-1.34028	-27.22310	-22.71934	
1491	 5.27854	 5.41548	 18.45763	 18.70613	-15.65627	-15.61036	 3.90848	 3.79492	-1.47680	-1.33119	-27.16364	-22.75081	
1492	 5.47667	 5.60394	 19.89375	 20.16301	-17.61564	-17.54041	 4.23616	 4.12723	-1.48085	-1.32173	-27.04694	-22.73260	
1493	 5.67518	 5.79324	 21.28607	 21.57908	-19.53184	-19.42349	 4.56066	 4.45632	-1.48476	-1.31216	-26.87349	-22.66682	
1494	 5.87416	 5.98349	 22.62751	 22.94680	-21.39693	-21.25215	 4.88169	 4.78187	-1.48877	-1.30277	-26.64409	-22.55549	
1495	 6.07371	 6.17480	 23.91038	 24.25801	-23.20233	-23.01842	 5.19893	 5.10357	-1.49312	-1.29382	-26.35967	-22.40063	
1496	 6.27394	 6.36726	 25.12652	 25.50403	-24.93894	-24.71388	 5.51210	 5.42111	-1.49804	-1.28559	-26.02132	-22.20430	
1497	 6.47497	 6.56097	 26.26746	 26.67581	-26.59734	-26.32985	 5.82089	 5.73420	-1.50376	-1.27834	-25.63017	-21.96861	
1498	 6.67693	 6.75605	 27.32463	 27.76417	-28.16799	-27.85759	 6.12505	 6.04256	-1.51052	-1.27233	-25.18741	-21.69580	
1499	 6.87994	 6.95258	 28.28961	 28.76005	-29.64146	-29.28854	 6.42431	 6.34593	-1.51851	-1.26781	-24.69424	-21.38822	
1500	 7.08413	 7.15070	 29.15439	 29.65478	-31.00878	-30.61459	 6.71842	 6.64406	-1.52795	-1.26503	-24.15180	-21.04838	
1501	 7.28965	 7.35053	 29.91168	 30.44044	-32.26173	-31.82838	 7.00714	 6.93669	-1.53902	-1.26421	-23.56116	-20.67900	
1502	 7.49665	 7.55219	 30.55516	 31.11008	-33.39311	-32.92357	 7.29024	 7.22361	-1.55192	-1.26557	-22.92325	-20.28301	
1503	 7.70528	 7.75584	 31.07978	 31.65809	-34.39712	-33.89510	 7.56752	 7.50460	-1.56679	-1.26930	-22.23885	-19.86360	
1504	 7.91571	 7.96164	 31.48197	 32.08037	-35.26952	-34.73939	 7.83876	 7.77946	-1.58380	-1.27559	-21.50849	-19.42428	
1505	 8.12814	 8.16974	 31.75977	 32.37455	-36.00785	-35.45452	 8.10379	 8.04800	-1.60306	-1.28461	-20.73251	-18.96881	
1506	 8.34275	 8.38036	 31.91293	 32.54008	-36.61153	-36.04031	 8.36242	 8.31005	-1.62471	-1.29649	-19.91116	-18.50111	
1507	 8.55978	 8.59368	 31.94293	 32.57822	-37.08187	-36.49830	 8.61448	 8.56543	-1.64883	-1.31137	-19.04488	-18.02491	
1508	 8.77945	 8.80995	 31.85286	 32.49197	-37.42199	-36.83167	 8.85982	 8.81400	-1.67550	-1.32934	-18.13506	-17.54305	
1509	 9.00203	 9.02940	 31.64730	 32.28594	-37.63667	-37.04512	 9.09830	 9.05561	-1.70477	-1.35049	-17.18539	-17.05607	
1510	 9.22780	 9.25233	 31.33210	 31.96610	-37.73212	-37.14465	 9.32978	 9.29014	-1.73667	-1.37486	-16.20400	-16.56006	
1511	 9.45707	 9.47903	 30.91412	 31.53953	-37.71576	-37.13733	 9.55413	 9.51746	-1.77123	-1.40250	-15.20564	-16.04447	
1512	 9.69021	 9.70984	 30.40100	 31.01415	-37.59588	-37.03101	 9.77124	 9.73746	-1.80842	-1.43343	-14.21204	-15.49179	
1513	 9.92758	 9.94515	 29.80083	 30.39843	-37.38137	-36.83408	 9.98101	 9.95004	-1.84822	-1.46762	-13.24747	-14.88185	
1514	 10.16962	 10.18536	 29.12194	 29.70105	-37.08144	-36.55521	 10.18332	 10.15510	-1.89057	-1.50504	-12.33014	-14.20056	
1515	 10.41679	 10.43094	 28.37263	 28.93076	-36.70537	-36.20310	 10.37810	 10.35256	-1.93540	-1.54564	-11.46525	-13.44674	
1516	 10.66961	 10.68240	 27.56097	 28.09604	-36.26231	-35.78635	 10.56525	 10.54234	-1.98260	-1.58934	-10.64596	-12.63121	
1517	 10.92867	 10.94033	 26.69467	 27.20501	-35.76105	-35.31321	 10.74470	 10.72435	-2.03206	-1.63605	-9.86002	-11.77007	
1518	 11.19461	 11.20535	 25.78091	 26.26523	-35.20995	-34.79152	 10.91637	 10.89854	-2.08364	-1.68564	-9.09583	-10.87872	
1519	 11.46815	 11.47818	 24.82626	 25.28367	-34.61680	-34.22861	 11.08020	 11.06484	-2.13716	-1.73797	-8.34496	-9.96928	
1520	 11.75010	 11.75962	 23.83661	 24.26654	-33.98878	-33.63123	 11.23613	 11.22319	-2.19247	-1.79290	-7.60219	-9.05055	
1521	 12.04136	 12.05057	 22.81714	 23.21933	-33.33242	-33.00556	 11.38409	 11.37353	-2.24935	-1.85024	-6.86471	-8.12881	
1522	 12.34293	 12.35202	 21.77231	 22.14678	-32.65361	-32.35715	 11.52404	 11.51583	-2.30760	-1.90980	-6.13130	-7.20863	
1523	 12.65595	 12.66509	 20.70583	 21.05284	-31.95757	-31.69096	 11.65594	 11.65002	-2.36700	-1.97138	-5.40173	-6.29348	
1524	 12.98171	 12.99107	 19.62072	 19.94071	-31.24895	-31.01141	 11.77973	 11.77608	-2.42731	-2.03475	-4.67637	-5.38609	
1525	 13.32164	 13.33136	 18.51926	 18.81287	-30.53181	-30.32238	 11.89538	 11.89396	-2.48829	-2.09968	-3.95596	-4.48871	
1526	 13.67737	 13.68758	 17.40306	 17.67104	-29.80966	-29.62723	 12.00285	 12.00363	-2.54971	-2.16591	-3.24141	-3.60325	
1527	 14.05077	 14.06156	 16.27305	 16.51628	-29.08556	-28.92891	 12.10212	 12.10507	-2.61132	-2.23317	-2.53374	-2.73141	
1528	 14.44392	 14.45536	 15.12952	 15.34894	-28.36210	-28.22993	 12.19316	 12.19825	-2.67287	-2.30120	-1.83405	-1.87467	
1529	 14.85924	 14.87132	 13.97206	 14.16868	-27.64151	-27.53245	 12.27595	 12.28315	-2.73413	-2.36970	-1.14339	-1.03439	
1530	 15.29945	 15.31211	 12.79965	 12.97451	-26.92565	-26.83831	 12.35048	 12.35976	-2.79486	-2.43838	-0.46285	-0.21181	
1531	 15.76767	 15.78076	 11.61058	 11.76472	-26.21607	-26.14904	 12.41674	 12.42807	-2.85485	-2.50694	 0.20653	 0.59198	
1532	 16.26750	 16.28073	 10.40246	 10.53690	-25.51407	-25.46595	 12.47474	 12.48809	-2.91389	-2.57507	 0.86377	 1.37595	
1533	 16.80302	 16.81597	 9.17216	 9.28791	-24.82071	-24.79010	 12.52449	 12.53983	-2.97176	-2.64249	 1.50791	 2.13918	
1534	 17.37892	 17.39098	 7.91583	 8.01381	-24.13683	-24.12237	 12.56600	 12.58330	-3.02830	-2.70889	 2.13805	 2.88086	
1535	 18.00058	 18.01087	 6.62878	 6.70986	-23.46313	-23.46348	 12.59930	 12.61854	-3.08331	-2.77399	 2.75334	 3.60025	
1536	 18.67410	 18.68145	 5.30550	 5.37043	-22.80013	-22.81402	 12.62444	 12.64558	-3.13664	-2.83753	 3.35302	 4.29672	
1537	 19.40636	 19.40929	 3.93959	 3.98899	-22.14823	-22.17443	 12.64145	 12.66448	-3.18813	-2.89925	 3.93635	 4.96972	
1538	 20.20505	 20.20170	 2.52377	 2.55813	-21.50773	-21.54508	 12.65041	 12.67529	-3.23765	-2.95893	 4.50268	 5.61882	
1539	 21.07857	 21.06673	 1.05000	 1.06960	-20.87883	-20.92623	 12.65139	 12.67810	-3.28509	-3.01636	 5.05143	 6.24368	
1540	 22.03582	 22.01293	-0.49033	-0.48539	-20.26166	-20.31808	 12.64448	 12.67300	-3.33033	-3.07136	 5.58211	 6.84409	
1541	 23.08566	 23.04892	-2.10591	-2.11580	-19.65626	-19.72079	 12.62979	 12.66009	-3.37329	-3.12378	 6.09430	 7.41998	
1542	 24.23602	 24.18249	-3.80451	-3.82971	-19.06265	-19.13446	 12.60743	 12.63949	-3.41390	-3.17350	 6.58768	 7.97145	
1543	 25.49226	 25.41890	-5.59139	-5.63279	-18.48079	-18.55917	 12.57753	 12.61134	-3.45211	-3.22045	 7.06209	 8.49878	
1544	 26.85448	 26.75812	-7.46645	-7.52547	-17.91061	-17.99500	 12.54025	 12.57580	-3.48789	-3.26455	 7.51752	 9.00256	
1545	 28.31314	 28.19036	-9.41980	-9.49869	-17.35200	-17.44202	 12.49574	 12.53302	-3.52124	-3.30578	 7.95416	 9.48376	
1546	 29.84294	 29.68966	-11.42541	-11.52755	-16.80485	-16.90036	 12.44418	 12.48320	-3.55217	-3.34415	 8.37257	 9.94394	
1547	 31.39473	 31.20574	-13.43289	-13.56332	-16.26902	-16.37028	 12.38575	 12.42652	-3.58071	-3.37969	 8.77380	 10.38559	
1548	 32.88772	 32.65614	-15.35969	-15.52555	-15.74441	-15.85221	 12.32063	 12.36319	-3.60691	-3.41245	 9.15981	 10.81284	
1549	 34.20632	 33.92350	-17.08829	-17.29890	-15.23095	-15.34709	 12.24897	 12.29342	-3.63084	-3.44251	 9.53422	 11.23288	
1550	 35.20929	 34.86578	-18.47634	-18.74224	-14.72873	-14.85693	 12.17090	 12.21740	-3.65255	-3.46993	 9.90410	 11.65940	
1551	 35.75692	 35.34518	-19.38532	-19.71569	-14.23840	-14.38679	 12.08631	 12.13526	-3.67204	-3.49479	 10.28484	 12.12200	
1552	 35.75138	 35.27018	-19.72214	-20.12074	-13.76300	-13.95250	 11.99447	 12.04686	-3.68910	-3.51704	 10.71583	 12.69983	
1553	 35.16595	 34.62704	-19.47117	-19.92963	-13.32441	-13.63205	 11.89089	 11.95027	-3.70268	-3.53648	 11.31883	 13.71375	
1554	 33.84083	 33.31901	-18.75461	-19.16932	-14.21290	-14.76261	 11.70150	 11.76865	-3.70248	-3.57426	 5.50768	 25.49128	
1555	 29.36782	 29.70741	-21.14024	-20.95306	-30.38664	-30.37737	 10.72523	 10.74372	-4.05822	-4.12540	-17.38270	 0.05839	
1556	 27.14291	 27.74784	-19.78936	-19.39610	-29.15131	-30.11839	 10.61214	 10.71206	-3.89952	-4.11873	-11.75613	-7.31252	
1557	 23.62635	 24.28848	-17.25245	-16.68522	-12.58793	-12.11747	 11.70457	 11.69713	-0.44836	-0.42676	 1.03112	 14.48090	
1558	 21.84967	 22.34549	-15.74712	-15.34585	-11.84725	-11.71905	 11.58661	 11.59301	-0.33056	-0.33049	 6.67414	 8.74161	
1559	 20.02156	 20.45121	-14.29757	-13.96060	-11.35407	-11.30030	 11.46436	 11.47363	-0.24996	-0.25223	 7.20730	 7.64484	
1560	 18.26531	 18.65184	-12.93650	-12.64257	-10.90466	-10.88441	 11.33868	 11.34964	-0.17294	-0.17604	 7.14029	 7.01109	
1561	 16.61065	 16.96348	-11.67855	-11.41919	-10.47511	-10.47501	 11.20995	 11.22232	-0.09607	-0.09964	 6.87733	 6.48077	
1562	 15.06470	 15.38925	-10.52656	-10.29692	-10.05901	-10.07312	 11.07856	 11.09219	-0.01866	-0.02254	 6.51389	 5.97164	
1563	 13.62530	 13.92543	-9.47681	-9.27338	-9.65391	-9.67904	 10.94482	 10.95965	 0.05937	 0.05527	 6.08358	 5.45598	
1564	 12.28610	 12.56483	-8.52223	-8.34220	-9.25860	-9.29285	 10.80907	 10.82505	 0.13794	 0.13367	 5.60132	 4.92233	
1565	 11.03907	 11.29893	-7.65441	-7.49536	-8.87238	-8.91451	 10.67164	 10.68872	 0.21688	 0.21246	 5.07494	 4.36540	
1566	 9.87578	 10.11891	-6.86469	-6.72452	-8.49478	-8.54395	 10.53282	 10.55098	 0.29602	 0.29141	 4.50915	 3.78266	
1567	 8.78810	 9.01633	-6.14476	-6.02161	-8.12547	-8.18108	 10.39293	 10.41212	 0.37517	 0.37028	 3.90710	 3.17297	
1568	 7.76846	 7.98338	-5.48695	-5.37920	-7.76418	-7.82579	 10.25224	 10.27243	 0.45412	 0.44883	 3.27114	 2.53596	
1569	 6.81005	 7.01301	-4.88436	-4.79054	-7.41070	-7.47797	 10.11104	 10.13220	 0.53271	 0.52684	 2.60317	 1.87174	
1570	 5.90676	 6.09894	-4.33083	-4.24963	-7.06482	-7.13750	 9.96960	 9.99169	 0.61073	 0.60407	 1.90482	 1.18073	
1571	 5.05320	 5.23559	-3.82093	-3.75118	-6.72640	-6.80430	 9.82817	 9.85117	 0.68803	 0.68031	 1.17759	 0.46353	
1572	 4.24460	 4.41806	-3.34987	-3.29053	-6.39526	-6.47824	 9.68699	 9.71087	 0.76443	 0.75537	 0.42289	-0.27909	
1573	 3.47678	 3.64205	-2.91347	-2.86358	-6.07129	-6.15924	 9.54629	 9.57103	 0.83979	 0.82907	-0.35792	-1.04624	
1574	 2.74604	 2.90376	-2.50806	-2.46676	-5.75435	-5.84719	 9.40631	 9.43187	 0.91397	 0.90122	-1.16350	-1.83694	
1575	 2.04916	 2.19986	-2.13041	-2.09690	-5.44434	-5.54199	 9.26724	 9.29361	 0.98682	 0.97170	-1.99251	-2.65014	
1576	 1.38326	 1.52741	-1.77769	-1.75124	-5.14114	-5.24357	 9.12930	 9.15645	 1.05824	 1.04036	-2.84362	-3.48473	
1577	 0.74582	 0.88381	-1.44742	-1.42736	-4.84466	-4.95183	 8.99268	 9.02059	 1.12810	 1.10710	-3.71548	-4.33956	
1578	 0.13460	 0.26678	-1.13741	-1.12311	-4.55483	-4.66670	 8.85757	 8.88621	 1.19632	 1.17182	-4.60675	-5.21341	
1579	-0.45239	-0.32574	-0.84570	-0.83658	-4.27155	-4.38808	 8.72415	 8.75351	 1.26279	 1.23444	-5.51606	-6.10504	
1580	-1.01692	-0.89554	-0.57060	-0.56611	-3.99478	-4.11592	 8.59259	 8.62265	 1.32745	 1.29492	-6.44203	-7.01317	
1581	-1.56058	-1.44426	-0.31058	-0.31021	-3.72445	-3.85014	 8.46307	 8.49382	 1.39022	 1.35320	-7.38330	-7.93652	
1582	-2.08478	-1.97332	-0.06428	-0.06755	-3.46051	-3.59067	 8.33577	 8.36718	 1.45105	 1.40926	-8.33848	-8.87376	
1583	-2.59080	-2.48405	 0.16949	 0.16305	-3.20294	-3.33745	 8.21085	 8.24291	 1.50989	 1.46310	-9.30617	-9.82356	
1584	-3.07979	-2.97760	 0.39181	 0.38263	-2.95172	-3.09042	 8.08849	 8.12119	 1.56670	 1.51470	-10.28497	-10.78457	
1585	-3.55279	-3.45503	 0.60366	 0.59213	-2.70683	-2.84953	 7.96886	 8.00218	 1.62146	 1.56409	-11.27351	-11.75545	
1586	-4.01074	-3.91730	 0.80588	 0.79240	-2.46828	-2.61471	 7.85215	 7.88607	 1.67416	 1.61129	-12.27039	-12.73484	
1587	-4.45451	-4.36527	 0.99926	 0.98419	-2.23609	-2.38595	 7.73855	 7.77305	 1.72478	 1.65634	-13.27422	-13.72139	
1588	-4.88487	-4.79974	 1.18450	 1.16816	-2.01029	-2.16319	 7.62825	 7.66332	 1.77334	 1.69927	-14.28364	-14.71375	
1589	-5.30254	-5.22143	 1.36221	 1.34494	-1.79092	-1.94641	 7.52147	 7.55708	 1.81984	 1.74015	-15.29730	-15.71060	
1590	-5.70818	-5.63100	 1.53298	 1.51506	-1.57804	-1.73560	 7.41842	 7.45455	 1.86430	 1.77903	-16.31383	-16.71059	
1591	-6.10240	-6.02907	 1.69730	 1.67900	-1.37173	-1.53077	 7.31934	 7.35598	 1.90676	 1.81597	-17.33194	-17.71243	
1592	-6.48575	-6.41618	 1.85564	 1.83721	-1.17206	-1.33193	 7.22451	 7.26161	 1.94725	 1.85106	-18.35030	-18.71483	
1593	-6.85876	-6.79286	 2.00841	 1.99008	-0.97913	-1.13913	 7.13418	 7.17172	 1.98580	 1.88437	-19.36765	-19.71653	
1594	-7.22190	-7.15959	 2.15599	 2.13796	-0.79306	-0.95244	 7.04867	 7.08661	 2.02246	 1.91598	-20.38274	-20.71628	
1595	-7.57562	-7.51682	 2.29871	 2.28116	-0.61396	-0.77195	 6.96829	 7.00659	 2.05729	 1.94598	-21.39436	-21.71288	
1596	-7.92035	-7.86497	 2.43689	 2.41996	-0.44196	-0.59779	 6.89341	 6.93201	 2.09033	 1.97447	-22.40131	-22.70515	
1597	-8.25647	-8.20441	 2.57078	 2.55462	-0.27722	-0.43012	 6.82441	 6.86326	 2.12165	 2.00152	-23.40246	-23.69196	
1598	-8.58435	-8.53552	 2.70064	 2.68536	-0.11990	-0.26914	 6.76171	 6.80074	 2.15129	 2.02724	-24.39669	-24.67219	
1599	-8.90434	-8.85865	 2.82667	 2.81236	 0.02984	-0.11508	 6.70575	 6.74489	 2.17933	 2.05173	-25.38294	-25.64479	
1600	-9.21675	-9.17411	 2.94908	 2.93581	 0.17177	 0.03181	 6.65701	 6.69619	 2.20583	 2.07508	-26.36018	-26.60873	
1601	-9.52192	-9.48221	 3.06804	 3.05586	 0.30570	 0.17123	 6.61602	 6.65514	 2.23085	 2.09738	-27.32743	-27.56303	
1602	-9.82011	-9.78324	 3.18368	 3.17263	 0.43138	 0.30287	 6.58331	 6.62228	 2.25446	 2.11874	-28.28377	-28.50678	
1603	-10.11163	-10.07749	 3.29615	 3.28624	 0.54855	 0.42639	 6.55946	 6.59819	 2.27673	 2.13925	-29.22831	-29.43907	
1604	-10.39672	-10.36521	 3.40554	 3.39678	 0.65697	 0.54144	 6.54505	 6.58345	 2.29772	 2.15900	-30.16022	-30.35910	
1605	-10.67565	-10.64665	 3.51196	 3.50433	 0.75634	 0.64767	 6.54070	 6.57867	 2.31750	 2.17807	-31.07871	-31.26606	
1606	-10.94866	-10.92207	 3.61547	 3.60895	 0.84642	 0.74473	 6.54701	 6.58445	 2.33614	 2.19656	-31.98307	-32.15924	
1607	-11.21599	-11.19169	 3.71614	 3.71069	 0.92697	 0.83233	 6.56456	 6.60137	 2.35371	 2.21455	-32.87262	-33.03797	
1608	-11.47785	-11.45573	 3.81401	 3.80959	 0.99779	 0.91019	 6.59391	 6.62999	 2.37027	 2.23212	-33.74674	-33.90162	
1609	-11.73447	-11.71442	 3.90912	 3.90567	 1.05876	 0.97814	 6.63554	 6.67079	 2.38590	 2.24934	-34.60488	-34.74962	
1610	-11.98606	-11.96797	 4.00149	 3.99894	 1.10985	 1.03608	 6.68985	 6.72416	 2.40065	 2.26628	-35.44652	-35.58149	
1611	-12.23283	-12.21658	 4.09112	 4.08941	 1.15115	 1.08407	 6.75712	 6.79038	 2.41459	 2.28300	-36.27123	-36.39675	
1612	-12.47496	-12.46044	 4.17801	 4.17706	 1.18292	 1.12230	 6.83750	 6.86959	 2.42779	 2.29956	-37.07861	-37.19502	
1613	-12.71266	-12.69975	 4.26215	 4.26187	 1.20556	 1.15116	 6.93096	 6.96174	 2.44030	 2.31602	-37.86834	-37.97596	
1614	-12.94611	-12.93471	 4.34350	 4.34383	 1.21969	 1.17122	 7.03731	 7.06663	 2.45219	 2.33241	-38.64013	-38.73930	
1615	-13.17549	-13.16549	 4.42205	 4.42288	 1.22607	 1.18321	 7.15616	 7.18386	 2.46351	 2.34879	-39.39379	-39.48481	
1616	-13.40098	-13.39227	 4.49774	 4.49900	 1.22566	 1.18808	 7.28699	 7.31288	 2.47432	 2.36517	-40.12915	-40.21232	
1617	-13.62275	-13.61524	 4.57053	 4.57213	 1.21953	 1.18688	 7.42913	 7.45304	 2.48466	 2.38160	-40.84611	-40.92173	
1618	-13.84098	-13.83455	 4.64036	 4.64221	 1.20883	 1.18076	 7.58185	 7.60357	 2.49460	 2.39809	-41.54464	-41.61298	
1619	-14.05583	-14.05039	 4.70716	 4.70919	 1.19476	 1.17089	 7.74437	 7.76373	 2.50417	 2.41466	-42.22474	-42.28608	
1620	-14.26746	-14.26292	 4.77088	 4.77299	 1.17847	 1.15843	 7.91595	 7.93278	 2.51342	 2.43131	-42.88649	-42.94107	
1621	-14.47603	-14.47229	 4.83143	 4.83356	 1.16106	 1.14448	 8.09588	 8.11010	 2.52239	 2.44805	-43.53001	-43.57808	
1622	-14.68170	-14.67868	 4.88874	 4.89080	 1.14348	 1.13001	 8.28361	 8.29518	 2.53110	 2.46488	-44.15549	-44.19726	
1623	-14.88461	-14.88223	 4.94273	 4.94467	 1.12658	 1.11586	 8.47868	 8.48768	 2.53959	 2.48178	-44.76316	-44.79883	
1624	-15.08492	-15.08310	 4.99332	 4.99506	 1.11103	 1.10275	 8.68078	 8.68740	 2.54788	 2.49875	-45.35331	-45.38305	
1625	-15.28278	-15.28143	 5.04042	 5.04192	 1.09738	 1.09122	 8.88976	 8.89430	 2.55599	 2.51577	-45.92627	-45.95024	
1626	-15.47832	-15.47738	 5.08395	 5.08516	 1.08605	 1.08172	 9.10560	 9.10843	 2.56394	 2.53280	-46.48244	-46.50076	
1627	-15.67167	-15.67109	 5.12383	 5.12470	 1.07735	 1.07457	 9.32843	 9.32995	 2.57173	 2.54983	-47.02226	-47.03503	
1628	-15.86299	-15.86269	 5.15997	 5.16048	 1.07148	 1.07004	 9.55846	 9.55908	 2.57937	 2.56681	-47.54622	-47.55349	
1629	-16.05238	-16.05232	 5.19229	 5.19242	 1.06861	 1.06828	 9.79602	 9.79612	 2.58685	 2.58370	-48.05484	-48.05666	
1630	-16.24011	-16.23999	 5.22046	 5.22072	 1.06944	 1.06884	 10.04139	 10.04148	 2.60046	 2.59416	-48.54508	-48.54873	
1631	-16.42619	-16.42594	 5.24453	 5.24517	 1.07359	 1.07222	 10.29525	 10.29525	 2.61704	 2.60129	-49.01934	-49.02850	
1632	-16.61067	-16.61033	 5.26458	 5.26560	 1.08080	 1.07881	 10.55810	 10.55778	 2.63337	 2.60821	-49.48006	-49.49484	
1633	-16.79369	-16.79329	 5.28057	 5.28193	 1.09112	 1.08862	 10.83034	 10.82954	 2.64940	 2.61489	-49.92791	-49.94845	
1634	-16.97535	-16.97492	 5.29244	 5.29411	 1.10457	 1.10167	 11.11241	 11.11100	 2.66506	 2.62129	-50.36361	-50.39011	
1635	-17.15575	-17.15533	 5.30017	 5.30211	 1.12117	 1.11795	 11.40476	 11.40266	 2.68027	 2.62737	-50.78790	-50.82062	
1636	-17.33501	-17.33461	 5.30372	 5.30587	 1.14093	 1.13747	 11.70785	 11.70501	 2.69496	 2.63308	-51.20156	-51.24082	
1637	-17.51321	-17.51286	 5.30308	 5.30540	 1.16386	 1.16021	 12.02217	 12.01855	 2.70903	 2.63835	-51.60541	-51.65160	
1638	-17.69045	-17.69017	 5.29824	 5.30066	 1.18994	 1.18614	 12.34820	 12.34380	 2.72239	 2.64312	-52.00029	-52.05388	
1639	-17.86682	-17.86661	 5.28921	 5.29167	 1.21916	 1.21525	 12.68648	 12.68130	 2.73495	 2.64729	-52.38710	-52.44864	
1640	-18.04239	-18.04227	 5.27600	 5.27843	 1.25149	 1.24750	 13.03752	 13.03158	 2.74658	 2.65078	-52.76675	-52.83688	
1641	-18.21723	-18.21721	 5.25863	 5.26099	 1.28689	 1.28285	 13.40189	 13.39521	 2.75717	 2.65349	-53.14020	-53.21962	
1642	-18.39142	-18.39149	 5.23714	 5.23937	 1.32531	 1.32123	 13.78016	 13.77278	 2.76658	 2.65530	-53.50842	-53.59796	
1643	-18.56500	-18.56518	 5.21158	 5.21364	 1.36670	 1.36260	 14.17294	 14.16488	 2.77468	 2.65608	-53.87245	-53.97298	
1644	-18.73803	-18.73831	 5.18201	 5.18386	 1.41098	 1.40687	 14.58086	 14.57217	 2.78131	 2.65569	-54.23334	-54.34583	
1645	-18.91055	-18.91094	 5.14850	 5.15012	 1.45806	 1.45396	 15.00460	 14.99530	 2.78629	 2.65396	-54.59220	-54.71767	
1646	-19.08260	-19.08310	 5.11116	 5.11251	 1.50786	 1.50376	 15.44485	 15.43498	 2.78944	 2.65071	-54.95016	-55.08965	
1647	-19.25421	-19.25481	 5.07007	 5.07115	 1.56026	 1.55619	 15.90235	 15.89195	 2.79054	 2.64575	-55.30845	-55.46297	
1648	-19.42539	-19.42609	 5.02535	 5.02615	 1.61515	 1.61110	 16.37791	 16.36700	 2.78937	 2.63883	-55.66832	-55.83881	
1649	-19.59615	-19.59696	 4.97713	 4.97765	 1.67240	 1.66838	 16.87235	 16.86096	 2.78567	 2.62971	-56.03113	-56.21831	
1650	-19.76651	-19.76741	 4.92556	 4.92580	 1.73187	 1.72789	 17.38656	 17.37472	 2.77915	 2.61810	-56.39829	-56.60264	
1651	-19.93646	-19.93745	 4.87077	 4.87075	 1.79340	 1.78948	 17.92149	 17.90923	 2.76948	 2.60368	-56.77131	-56.99290	
1652	-20.10597	-20.10706	 4.81293	 4.81267	 1.85685	 1.85299	 18.47817	 18.46550	 2.75631	 2.58606	-57.15177	-57.39019	
1653	-20.27504	-20.27622	 4.75222	 4.75173	 1.92204	 1.91826	 19.05768	 19.04461	 2.73921	 2.56485	-57.54133	-57.79560	
1654	-20.44364	-20.44490	 4.68881	 4.68812	 1.98882	 1.98513	 19.66118	 19.64773	 2.71773	 2.53956	-57.94165	-58.21024	
1655	-20.61171	-20.61307	 4.62290	 4.62202	 2.05699	 2.05341	 20.28993	 20.27611	 2.69133	 2.50964	-58.35439	-58.63529	
1656	-20.77923	-20.78067	 4.55467	 4.55364	 2.12639	 2.12292	 20.94530	 20.93111	 2.65941	 2.47449	-58.78115	-59.07199	
1657	-20.94612	-20.94765	 4.48432	 4.48317	 2.19682	 2.19349	 21.62873	 21.61418	 2.62127	 2.43338	-59.22349	-59.52170	
1658	-21.11234	-21.11396	 4.41206	 4.41082	 2.26811	 2.26493	 22.34181	 22.32691	 2.57611	 2.38551	-59.68285	-59.98588	
1659	-21.27781	-21.27951	 4.33811	 4.33680	 2.34006	 2.33706	 23.08626	 23.07100	 2.52302	 2.32992	-60.16064	-60.46607	
1660	-21.44245	-21.44424	 4.26266	 4.26132	 2.41250	 2.40970	 23.86394	 23.84831	 2.46092	 2.26552	-60.65817	-60.96386	
1661	-21.60617	-21.60805	 4.18593	 4.18459	 2.48525	 2.48265	 24.67687	 24.66088	 2.38860	 2.19106	-61.17675	-61.48084	
1662	-21.76889	-21.77086	 4.10813	 4.10682	 2.55811	 2.55575	 25.52725	 25.51090	 2.30460	 2.10506	-61.71763	-62.01859	
1663	-21.93050	-21.93255	 4.02948	 4.02822	 2.63093	 2.62882	 26.41751	 26.40079	 2.20728	 2.00582	-62.28204	-62.57862	
1664	-22.09088	-22.09303	 3.95017	 3.94900	 2.70352	 2.70167	 27.35029	 27.33319	 2.09468	 1.89133	-62.87118	-63.16238	
1665	-22.24994	-22.25218	 3.87042	 3.86937	 2.77571	 2.77416	 28.32847	 28.31099	 1.96453	 1.75928	-63.48615	-63.77117	
1666	-22.40755	-22.40987	 3.79043	 3.78951	 2.84736	 2.84611	 29.35523	 29.33736	 1.81416	 1.60692	-64.12799	-64.40619	
1667	-22.56357	-22.56599	 3.71040	 3.70964	 2.91831	 2.91738	 30.43409	 30.41583	 1.64043	 1.43104	-64.79758	-65.06842	
1668	-22.71788	-22.72039	 3.63052	 3.62994	 2.98841	 2.98781	 31.56890	 31.55025	 1.43966	 1.22788	-65.49561	-65.75865	
1669	-22.87035	-22.87294	 3.55097	 3.55059	 3.05753	 3.05727	 32.76394	 32.74489	 1.20752	 0.99299	-66.22251	-66.47736	
1670	-23.02082	-23.02349	 3.47195	 3.47178	 3.12552	 3.12561	 34.02395	 34.00450	 0.93888	 0.72115	-66.97841	-67.22471	
1671	-23.16914	-23.17190	 3.39363	 3.39368	 3.19229	 3.19273	 35.35420	 35.33435	 0.62770	 0.40616	-67.76298	-68.00042	
1672	-23.31518	-23.31801	 3.31617	 3.31646	 3.25770	 3.25850	 36.76055	 36.74031	 0.26685	 0.04073	-68.57542	-68.80368	
1673	-23.45877	-23.46168	 3.23974	 3.24028	 3.32166	 3.32281	 38.24955	 38.22893	-0.15213	-0.38377	-69.41425	-69.63305	
1674	-23.59976	-23.60273	 3.16450	 3.16529	 3.38407	 3.38557	 39.82853	 39.80754	-0.63919	-0.87752	-70.27724	-70.48631	
1675	-23.73799	-23.74102	 3.09060	 3.09163	 3.44483	 3.44668	 41.50574	 41.48440	-1.20611	-1.45255	-71.16122	-71.36029	
1676	-23.87329	-23.87637	 3.01818	 3.01945	 3.50388	 3.50605	 43.29044	 43.26878	-1.86678	-2.12304	-72.06188	-72.25074	
1677	-24.00550	-24.00862	 2.94736	 2.94888	 3.56115	 3.56361	 45.19311	 45.17117	-2.63752	-2.90567	-72.97364	-73.15208	
1678	-24.13446	-24.13762	 2.87829	 2.88004	 3.61655	 3.61930	 47.22562	 47.20344	-3.53753	-3.82002	-73.88942	-74.05729	
1679	-24.26001	-24.26318	 2.81108	 2.81305	 3.67004	 3.67304	 49.40143	 49.37909	-4.58922	-4.88897	-74.80046	-74.95766	
1680	-24.38197	-24.38516	 2.74585	 2.74802	 3.72158	 3.72478	 51.73593	 51.71351	-5.81865	-6.13910	-75.69619	-75.84269	
1681	-24.50019	-24.50338	 2.68270	 2.68506	 3.77111	 3.77448	 54.24669	 54.22430	-7.25595	-7.60113	-76.56414	-76.69999	
1682	-24.61451	-24.61768	 2.62174	 2.62426	 3.81859	 3.82207	 56.95388	 56.93168	-8.93567	-9.31026	-77.38997	-77.51527	
1683	-24.72476	-24.72791	 2.56306	 2.56572	 3.86401	 3.86754	 59.88073	 59.85892	-10.89707	-11.30644	-78.15762	-78.27261	
1684	-24.83080	-24.83390	 2.50675	 2.50952	 3.90733	 3.91084	 63.05403	 63.03288	-13.18429	-13.63451	-78.84975	-78.95472	
1685	-24.93245	-24.93551	 2.45288	 2.45575	 3.94854	 3.95193	 66.50485	 66.48469	-15.84640	-16.34420	-79.44833	-79.54367	
1686	-25.02959	-25.03257	 2.40155	 2.40448	 3.98762	 3.99080	 70.26920	 70.25050	-18.93723	-19.48986	-79.93561	-80.02180	
1687	-25.12205	-25.12495	 2.35281	 2.35577	 4.02455	 4.02742	 74.38898	 74.37231	-22.51519	-23.13004	-80.29535	-80.37290	
1688	-25.20971	-25.21251	 2.30673	 2.30970	 4.05932	 4.06179	 78.91285	 78.89899	-26.64286	-27.32687	-80.51422	-80.58368	
1689	-25.29241	-25.29511	 2.26339	 2.26633	 4.09192	 4.09389	 83.89731	 83.88726	-31.38674	-32.14528	-80.58334	-80.64527	
1690	-25.37005	-25.37262	 2.22282	 2.22571	 4.12232	 4.12373	 89.40761	 89.40264	-36.81706	-37.65226	-80.49977	-80.55471	
1691	-25.44249	-25.44492	 2.18508	 2.18788	 4.15049	 4.15135	 95.51834	 95.52008	-43.00759	-43.91595	-80.26755	-80.31601	
1692	-25.50961	-25.51189	 2.15022	 2.15291	 4.17640	 4.17674	 102.31319	 102.32369	-50.03507	-51.00464	-79.89830	-79.94075	
1693	-25.57132	-25.57343	 2.11828	 2.12082	 4.20003	 4.19994	 109.88296	 109.90472	-57.97708	-58.98514	-79.41104	-79.44791	
1694	-25.62750	-25.62944	 2.08929	 2.09167	 4.22138	 4.22094	 118.31986	 118.35581	-66.90625	-67.91902	-78.83132	-78.86301	
1695	-25.67806	-25.67982	 2.06330	 2.06547	 4.24043	 4.23976	 127.70525	 127.75859	-76.87768	-77.85349	-78.18962	-78.21651	
1696	-25.72293	-25.72449	 2.04032	 2.04228	 4.25719	 4.25639	 138.08535	 138.15911	-87.90487	-88.80066	-77.51944	-77.54189	
1697	-25.76203	-25.76338	 2.02038	 2.02210	 4.27167	 4.27083	 149.42738	 149.52343	-99.91730	-100.69591	-76.85509	-76.87347	
1698	-25.79528	-25.79642	 2.00351	 2.00497	 4.28388	 4.28307	 161.54697	 161.66435	-112.69040	-113.32620	-76.22972	-76.24438	
1699	-25.82264	-25.82356	 1.98972	 1.99091	 4.29383	 4.29311	 174.00369	 174.13609	-125.74364	-126.22557	-75.67356	-75.68485	
1700	-25.84406	-25.84476	 1.97902	 1.97992	 4.30152	 4.30094	 185.98570	 186.11897	-138.22767	-138.55999	-75.21265	-75.22085	
1701	-25.85950	-25.85996	 1.97143	 1.97204	 4.30696	 4.30656	 196.26026	 196.37202	-148.87818	-149.07839	-74.86790	-74.87325	
1702	-25.86893	-25.86916	 1.96695	 1.96726	 4.31016	 4.30996	 203.32802	 203.39277	-156.17611	-156.26767	-74.65455	-74.65723	
1703	-25.87233	-25.87234	 1.96559	 1.96559	 4.31113	 4.31113	 205.87653	 205.87660	-158.80689	-158.80689	-74.58195	-74.58195	
1704	-25.86946	-25.85775	 1.96365	 1.96461	 4.31149	 4.31143	 205.91529	 205.94106	-158.74630	-158.96589	-74.61026	-74.62670	
1705	-25.84940	-25.82610	 1.95874	 1.96065	 4.31250	 4.31237	 205.52167	 205.57919	-158.24054	-158.69461	-74.70740	-74.75317	
1706	-25.81229	-25.77762	 1.95090	 1.95374	 4.31415	 4.31396	 203.63898	 203.72318	-156.20106	-156.94373	-74.87178	-74.97449	
1707	-25.75832	-25.71261	 1.94016	 1.94391	 4.31643	 4.31617	 199.59874	 199.68531	-151.90541	-153.05820	-75.10344	-75.30881	
1708	-25.68783	-25.63152	 1.92658	 1.93120	 4.31931	 4.31897	 193.45265	 193.50573	-145.33014	-147.12586	-75.40312	-75.77861	
1709	-25.60124	-25.53487	 1.91023	 1.91568	 4.32275	 4.32235	 185.73155	 185.71310	-136.86074	-139.78991	-75.77301	-76.40711	
1710	-25.49908	-25.42328	 1.89120	 1.89742	 4.32673	 4.32625	 177.09323	 176.96101	-126.67763	-132.15111	-76.22264	-77.20848	
1711	-25.38197	-25.29745	 1.86959	 1.87653	 4.33119	 4.33065	 168.12024	 167.79584	-111.57997	-128.51478	-76.78121	-78.17042	
1712	-25.25062	-25.15818	 1.84552	 1.85309	 4.33608	 4.33547	 159.36948	 158.47004	-98.43673	-122.80806	-77.50336	-79.24301	
1713	-25.10584	-25.00634	 1.81913	 1.82725	 4.34133	 4.34067	 151.07367	 149.26239	-97.29715	-105.49624	-78.44050	-80.36242	
1714	-24.94848	-24.84285	 1.79056	 1.79912	 4.34687	 4.34618	 142.00426	 141.68807	-89.81316	-95.23658	-79.59157	-81.49686	
1715	-24.77950	-24.66871	 1.75998	 1.76886	 4.35262	 4.35190	 134.05980	 133.98312	-81.89153	-86.29956	-80.89766	-82.65162	
1716	-24.59990	-24.48497	 1.72759	 1.73663	 4.35848	 4.35776	 126.69477	 126.73228	-74.14158	-78.17506	-82.28031	-83.83358	
1717	-24.41075	-24.29271	 1.69358	 1.70261	 4.36436	 4.36366	 119.85926	 119.96858	-66.71945	-70.76164	-83.66970	-85.02880	
1718	-24.21314	-24.09305	 1.65819	 1.66697	 4.37014	 4.36947	 113.51902	 113.67886	-59.65096	-64.06163	-85.00990	-86.20510	
1719	-24.00822	-23.88714	 1.62170	 1.62989	 4.37570	 4.37509	 107.63896	 107.83624	-52.85891	-58.16170	-86.25620	-87.32277	
1720	-23.79716	-23.67616	 1.58440	 1.59155	 4.38090	 4.38036	 102.18351	 102.40924	-46.02055	-53.37811	-87.37335	-88.34343	
1721	-23.58114	-23.46126	 1.54670	 1.55207	 4.38560	 4.38515	 97.11816	 97.36575	-37.39931	-51.42565	-88.33514	-89.23522	
1722	-23.36136	-23.24363	 1.50913	 1.51145	 4.38963	 4.38930	 92.41056	 92.67498	-20.69755	-58.56574	-89.12444	-89.97512	
1723	-23.13903	-23.02442	 1.47271	 1.46927	 4.39283	 4.39261	 88.03099	 88.30830	-30.03984	-40.62478	-89.73265	-90.54935	
1724	-22.91533	-22.80480	 1.44013	 1.42345	 4.39500	 4.39491	 83.95256	 84.23964	-28.92074	-34.04884	-90.15869	-90.95256	
1725	-22.69143	-22.58589	 1.42891	 1.35715	 4.39594	 4.39599	 80.15120	 80.44553	-26.45675	-29.65482	-90.40756	-91.18630	
1726	-22.46850	-22.36879	 1.45016	 1.25993	 4.39543	 4.39563	 76.60544	 76.90496	-23.90692	-26.11295	-90.48868	-91.25738	
1727	-22.24764	-22.15456	 1.35051	 1.28592	 4.39325	 4.39359	 73.29620	 73.59923	-21.51280	-23.10979	-90.41440	-91.17610	
1728	-22.02995	-21.94423	 1.30596	 1.25985	 4.38914	 4.38962	 70.20655	 70.51169	-19.33366	-20.51534	-90.19860	-90.95486	
1729	-21.81646	-21.73876	 1.26898	 1.23010	 4.38283	 4.38344	 67.32143	 67.62752	-17.37656	-18.25493	-89.85569	-90.60695	
1730	-21.60816	-21.53909	 1.23610	 1.20096	 4.37404	 4.37477	 64.62743	 64.93347	-15.63029	-16.27645	-89.39978	-90.14571	
1731	-21.40600	-21.34608	 1.20681	 1.17382	 4.36246	 4.36329	 62.11256	 62.41771	-14.07703	-14.53945	-88.84420	-89.58390	
1732	-21.21086	-21.16054	 1.18120	 1.14949	 4.34777	 4.34869	 59.76606	 60.06958	-12.69709	-13.01077	-88.20117	-88.93338	
1733	-21.02355	-20.98323	 1.15959	 1.12861	 4.32961	 4.33060	 57.57821	 57.87942	-11.47104	-11.66246	-87.48169	-88.20488	
1734	-20.84484	-20.81482	 1.14239	 1.11172	 4.30762	 4.30867	 55.54016	 55.83848	-10.38062	-10.47065	-86.69546	-87.40797	
1735	-20.67541	-20.65596	 1.13006	 1.09936	 4.28140	 4.28250	 53.64382	 53.93871	-9.40915	-9.41486	-85.85100	-86.55111	
1736	-20.51590	-20.50718	 1.12307	 1.09207	 4.25055	 4.25167	 51.88175	 52.17270	-8.54169	-8.47742	-84.95572	-85.64167	
1737	-20.36686	-20.36899	 1.12195	 1.09034	 4.21461	 4.21574	 50.24702	 50.53354	-7.76497	-7.64313	-84.01606	-84.68611	
1738	-20.22880	-20.24182	 1.12720	 1.09470	 4.17313	 4.17425	 48.73315	 49.01479	-7.06730	-6.89889	-83.03763	-83.69012	
1739	-20.10213	-20.12604	 1.13935	 1.10567	 4.12560	 4.12671	 47.33404	 47.61036	-6.43848	-6.23340	-82.02537	-82.65870	
1740	-19.98723	-20.02194	 1.15893	 1.12374	 4.07152	 4.07261	 46.04389	 46.31447	-5.86962	-5.63692	-80.98366	-81.59635	
1741	-19.88439	-19.92978	 1.18646	 1.14941	 4.01032	 4.01138	 44.85721	 45.12163	-5.35298	-5.10107	-79.91648	-80.50715	
1742	-19.79386	-19.84974	 1.22244	 1.18316	 3.94144	 3.94247	 43.76871	 44.02658	-4.88189	-4.61861	-78.82747	-79.39490	
1743	-19.71582	-19.78197	 1.26739	 1.22546	 3.86426	 3.86527	 42.77331	 43.02425	-4.45057	-4.18331	-77.72006	-78.26318	
1744	-19.65041	-19.72654	 1.32178	 1.27674	 3.77814	 3.77913	 41.86611	 42.10976	-4.05405	-3.78977	-76.59757	-77.11547	
1745	-19.59770	-19.68349	 1.38608	 1.33742	 3.68241	 3.68340	 41.04241	 41.27842	-3.68807	-3.43332	-75.46324	-75.95519	
1746	-19.55773	-19.65282	 1.46071	 1.40787	 3.57636	 3.57736	 40.29765	 40.52569	-3.34897	-3.10992	-74.32028	-74.78576	
1747	-19.53049	-19.63448	 1.54610	 1.48844	 3.45923	 3.46027	 39.62742	 39.84720	-3.03364	-2.81604	-73.17197	-73.61064	
1748	-19.51593	-19.62840	 1.64260	 1.57941	 3.33023	 3.33135	 39.02752	 39.23875	-2.73942	-2.54863	-72.02164	-72.43337	
1749	-19.51397	-19.63446	 1.75056	 1.68102	 3.18853	 3.18976	 38.49387	 38.69631	-2.46408	-2.30498	-70.87271	-71.25758	
1750	-19.52450	-19.65253	 1.87028	 1.79346	 3.03325	 3.03463	 38.02262	 38.21604	-2.20572	-2.08275	-69.72871	-70.08701	
1751	-19.54739	-19.68246	 2.00201	 1.91684	 2.86343	 2.86502	 37.61009	 37.79428	-1.96277	-1.87984	-68.59328	-68.92553	
1752	-19.58248	-19.72406	 2.14599	 2.05118	 2.67809	 2.67994	 37.25282	 37.42762	-1.73395	-1.69441	-67.47019	-67.77711	
1753	-19.62961	-19.77715	 2.30242	 2.19644	 2.47614	 2.47832	 36.94759	 37.11285	-1.51817	-1.52481	-66.36330	-66.64583	
1754	-19.68859	-19.84155	 2.47149	 2.35244	 2.25643	 2.25902	 36.69144	 36.84704	-1.31458	-1.36956	-65.27660	-65.53588	
1755	-19.75925	-19.91706	 2.65339	 2.51891	 2.01774	 2.02079	 36.48167	 36.62750	-1.12251	-1.22733	-64.21414	-64.45150	
1756	-19.84139	-20.00348	 2.84836	 2.69536	 1.75873	 1.76231	 36.31587	 36.45187	-0.94141	-1.09692	-63.18007	-63.39703	
1757	-19.93485	-20.10063	 3.05677	 2.88108	 1.47793	 1.48213	 36.19200	 36.31811	-0.77089	-0.97724	-62.17857	-62.37681	
1758	-20.03945	-20.20833	 3.27922	 3.07499	 1.17379	 1.17865	 36.10831	 36.22452	-0.61064	-0.86728	-61.21385	-61.39521	
1759	-20.15501	-20.32641	 3.51682	 3.27537	 0.84459	 0.85016	 36.06346	 36.16976	-0.46045	-0.76616	-60.29013	-60.45658	
1760	-20.28141	-20.45474	 3.77179	 3.47929	 0.48845	 0.49477	 36.05650	 36.15291	-0.32017	-0.67304	-59.41160	-59.56523	
1761	-20.41852	-20.59318	 4.04885	 3.68117	 0.10334	 0.11040	 36.08688	 36.17345	-0.18970	-0.58719	-58.58239	-58.72539	
1762	-20.56622	-20.74165	 4.35966	 3.86841	-0.31296	-0.30520	 36.15450	 36.23131	-0.06897	-0.50794	-57.80655	-57.94117	
1763	-20.72444	-20.90005	 4.74041	 4.00378	-0.76286	-0.75448	 36.25969	 36.32687	 0.04207	-0.43469	-57.08802	-57.21656	
1764	-20.89312	-21.06836	 5.37807	 3.89915	-1.24895	-1.24013	 36.40324	 36.46097	 0.14346	-0.36692	-56.43058	-56.55537	
1765	-21.07223	-21.24656	 20.97821	-11.15226	-1.77402	-1.76500	 36.58640	 36.63490	 0.23529	-0.30418	-55.83787	-55.96123	
1766	-21.26179	-21.43466	 5.87123	 4.51782	-2.34102	-2.33216	 36.81082	 36.85040	 0.31762	-0.24610	-55.31327	-55.43750	
1767	-21.46181	-21.63273	 5.81730	 5.14785	-2.95303	-2.94482	 37.07855	 37.10962	 0.39059	-0.19238	-54.85999	-54.98732	
1768	-21.67238	-21.84085	 5.99405	 5.55878	-3.61317	-3.60627	 37.39196	 37.41502	 0.45434	-0.14279	-54.48093	-54.61353	
1769	-21.89358	-22.05913	 6.23335	 5.91726	-4.32454	-4.31980	 37.75361	 37.76931	 0.50910	-0.09716	-54.17872	-54.31866	
1770	-22.12553	-22.28774	 6.50020	 6.25674	-5.09005	-5.08853	 38.16612	 38.17527	 0.55510	-0.05542	-53.95569	-54.10490	
1771	-22.36840	-22.52686	 6.78234	 6.58796	-5.91216	-5.91520	 38.63196	 38.63554	 0.59267	-0.01755	-53.81383	-53.97408	
1772	-22.62236	-22.77671	 7.07403	 6.91506	-6.79270	-6.80189	 39.15310	 39.15228	 0.62217	 0.01641	-53.75476	-53.92767	
1773	-22.88763	-23.03753	 7.37200	 7.23972	-7.73235	-7.74960	 39.73068	 39.72684	 0.64401	 0.04638	-53.77975	-53.96674	
1774	-23.16443	-23.30960	 7.67410	 7.56251	-8.73025	-8.75776	 40.36444	 40.35914	 0.65864	 0.07219	-53.88966	-54.09196	
1775	-23.45302	-23.59321	 7.97871	 7.88342	-9.78329	-9.82359	 41.05215	 41.04709	 0.66656	 0.09369	-54.08498	-54.30356	
1776	-23.75366	-23.88868	 8.28451	 8.20218	-10.88541	-10.94128	 41.78876	 41.78575	 0.66827	 0.11065	-54.36577	-54.60138	
1777	-24.06665	-24.19633	 8.59040	 8.51830	-12.02669	-12.10112	 42.56558	 42.56639	 0.66431	 0.12287	-54.73166	-54.98481	
1778	-24.39226	-24.51650	 8.89535	 8.83121	-13.19237	-13.28850	 43.36929	 43.37552	 0.65522	 0.13013	-55.18187	-55.45280	
1779	-24.73080	-24.84954	 9.19843	 9.14026	-14.36190	-14.48292	 44.18097	 44.19383	 0.64152	 0.13220	-55.71521	-56.00390	
1780	-25.08256	-25.19578	 9.49878	 9.44475	-15.50805	-15.65715	 44.97525	 44.99531	 0.62373	 0.12891	-56.33003	-56.63620	
1781	-25.44782	-25.55557	 9.79559	 9.74393	-16.59632	-16.77679	 45.71978	 45.74668	 0.60232	 0.12010	-57.02428	-57.34738	
1782	-25.82688	-25.92923	 10.08809	 10.03701	-17.58473	-17.80037	 46.37518	 46.40737	 0.57773	 0.10566	-57.79551	-58.13472	
1783	-26.21998	-26.31708	 10.37558	 10.32315	-18.42424	-18.68070	 46.89588	 46.93036	 0.55035	 0.08550	-58.64083	-58.99509	
1784	-26.62737	-26.71938	 10.65745	 10.60139	-19.05930	-19.36792	 47.23183	 47.26406	 0.52052	 0.05963	-59.55697	-59.92498	
1785	-27.04925	-27.13640	 10.93327	 10.87061	-19.42634	-19.81708	 47.33145	 47.35542	 0.48851	 0.02809	-60.54030	-60.92050	
1786	-27.48579	-27.56834	 11.20293	 11.12935	-19.43156	-20.01862	 47.14559	 47.15413	 0.45453	-0.00903	-61.58679	-61.97742	
1787	-27.93713	-28.01538	 11.46714	 11.37529	-18.23598	-20.72290	 46.63225	 46.61758	 0.41873	-0.05157	-62.69208	-63.09119	
1788	-28.40334	-28.47764	 11.72910	 11.60360	-18.58039	-19.12530	 45.76141	 45.71592	 0.38120	-0.09932	-63.85147	-64.25692	
1789	-28.88446	-28.95516	 12.00266	 11.79875	-17.74181	-17.91814	 44.51918	 44.43635	 0.34196	-0.15203	-65.05996	-65.46946	
1790	-29.38043	-29.44793	 12.41511	 11.83170	-16.36962	-16.45995	 42.91050	 42.78576	 0.30099	-0.20939	-66.31224	-66.72338	
1791	-29.89116	-29.95588	 12.61416	 12.05296	-14.59911	-14.66300	 40.95974	 40.79120	 0.25820	-0.27110	-67.60273	-68.01303	
1792	-30.41645	-30.47884	 12.62081	 12.43962	-12.49099	-12.54997	 38.70890	 38.49780	 0.21350	-0.33679	-68.92562	-69.33252	
1793	-30.95604	-31.01656	 12.76317	 12.66157	-10.10749	-10.16997	 36.21387	 35.96464	 0.16671	-0.40610	-70.27483	-70.67577	
1794	-31.50957	-31.56869	 12.91209	 12.84589	-7.51603	-7.58423	 33.53935	 33.25921	 0.11765	-0.47868	-71.64411	-72.03654	
1795	-32.07657	-32.13477	 13.05173	 13.00616	-4.78551	-4.85831	 30.75318	 30.45141	 0.06612	-0.55415	-73.02698	-73.40844	
1796	-32.65648	-32.71426	 13.17690	 13.14521	-1.98161	-2.05617	 27.92128	 27.60819	 0.01190	-0.63218	-74.41679	-74.78493	
1797	-33.24863	-33.30648	 13.28483	 13.26329	 0.83706	 0.76423	 25.10344	 24.78926	-0.04526	-0.71244	-75.80674	-76.15937	
1798	-33.85221	-33.91063	 13.37347	 13.35976	 3.62153	 3.55388	 22.35057	 22.04449	-0.10559	-0.79464	-77.18989	-77.52502	
1799	-34.46632	-34.52580	 13.44105	 13.43355	 6.33360	 6.27408	 19.70323	 19.41274	-0.16934	-0.87852	-78.55913	-78.87505	
1800	-35.08989	-35.15092	 13.48584	 13.48332	 8.94579	 8.89664	 17.19145	 16.92199	-0.23675	-0.96387	-79.90728	-80.20257	
1801	-35.72173	-35.78481	 13.50612	 13.50759	 11.44039	 11.40307	 14.83536	 14.59036	-0.30805	-1.05052	-81.22702	-81.50058	
1802	-36.36052	-36.42613	 13.50013	 13.50470	 13.80810	 13.78331	 12.64646	 12.42755	-0.38349	-1.13835	-82.51095	-82.76206	
1803	-37.00479	-37.07341	 13.46605	 13.47293	 16.04631	 16.03414	 10.62913	 10.43650	-0.46329	-1.22729	-83.75159	-83.97991	
1804	-37.65290	-37.72502	 13.40198	 13.41042	 18.15757	 18.15757	 8.78227	 8.61504	-0.54768	-1.31734	-84.94136	-85.14696	
1805	-38.30308	-38.37919	 13.30597	 13.31526	 20.14803	 20.15941	 7.10073	 6.95730	-0.63687	-1.40854	-86.07265	-86.25599	
1806	-38.95341	-39.03402	 13.17603	 13.18548	 22.02625	 22.04798	 5.57663	 5.45490	-0.73107	-1.50098	-87.13778	-87.29971	
1807	-39.60181	-39.68745	 13.01012	 13.01907	 23.80218	 23.83308	 4.20036	 4.09801	-0.83049	-1.59482	-88.12905	-88.27078	
1808	-40.24606	-40.33730	 12.80621	 12.81400	 25.48635	 25.52520	 2.96143	 2.87604	-0.93533	-1.69026	-89.03873	-89.16181	
1809	-40.88378	-40.98127	 12.56227	 12.56827	 27.08931	 27.13491	 1.84907	 1.77819	-1.04578	-1.78754	-89.85912	-89.96535	
1810	-41.51246	-41.61695	 12.27633	 12.27993	 28.62122	 28.67244	 0.85264	 0.79389	-1.16205	-1.88697	-90.58251	-90.67392	
1811	-42.12947	-42.24185	 11.94651	 11.94712	 30.09158	 30.14735	-0.03808	-0.08699	-1.28431	-1.98888	-91.20131	-91.28007	
1812	-42.73203	-42.85342	 11.57108	 11.56815	 31.50900	 31.56838	-0.83267	-0.87396	-1.41276	-2.09364	-91.70800	-91.77636	
1813	-43.31723	-43.44910	 11.14848	 11.14147	 32.88117	 32.94328	-1.54000	-1.57583	-1.54758	-2.20165	-92.09526	-92.15543	
1814	-43.88204	-44.02637	 10.67740	 10.66580	 34.21475	 34.27883	-2.16818	-2.20069	-1.68895	-2.31335	-92.35596	-92.41008	
1815	-44.42323	-44.58281	 10.15682	 10.14014	 35.51538	 35.58072	-2.72451	-2.75591	-1.83703	-2.42918	-92.48330	-92.53334	
1816	-44.93737	-45.11629	 9.58612	 9.56386	 36.78769	 36.85364	-3.21550	-3.24825	-1.99199	-2.54959	-92.47090	-92.51855	
1817	-45.42058	-45.62514	 8.96506	 8.93671	 38.03533	 38.10127	-3.64687	-3.68388	-2.15397	-2.67506	-92.31283	-92.35950	
1818	-45.86814	-46.10871	 8.29393	 8.25890	 39.26098	 39.32631	-4.02339	-4.06865	-2.32310	-2.80603	-92.00381	-92.05053	
1819	-46.27347	-46.56844	 7.57354	 7.53111	 40.46642	 40.53054	-4.34861	-4.40849	-2.49950	-2.94295	-91.53930	-91.58670	
1820	-46.62506	-47.01095	 6.80538	 6.75454	 41.65258	 41.71486	-4.62362	-4.71077	-2.68326	-3.08625	-90.91562	-90.96394	
1821	-46.89905	-47.45564	 5.99163	 5.93086	 42.81956	 42.87935	-4.84080	-4.99059	-2.87446	-3.23633	-90.13012	-90.17919	
1822	-47.25298	-47.74093	 5.13539	 5.06211	 43.96671	 44.02333	-4.90954	-5.34524	-3.07312	-3.39356	-89.18130	-89.23056	
1823	-48.76472	-46.78540	 4.24105	 4.15031	 45.09270	 45.14540	-5.03265	-5.57785	-3.27926	-3.55827	-88.06894	-88.11751	
1824	-47.74186	-48.27853	 3.31567	 3.19610	 46.19556	 46.24358	-5.36808	-5.53575	-3.49286	-3.73073	-86.79426	-86.84096	
1825	-48.02519	-48.37719	 2.37616	 2.19151	 47.27274	 47.31528	-5.52204	-5.61743	-3.71388	-3.91118	-85.35998	-85.40344	
1826	-48.22424	-48.47022	 1.56643	 1.00271	 48.32125	 48.35747	-5.62960	-5.69201	-3.94222	-4.09980	-83.77045	-83.80914	
1827	-48.35809	-48.53760	 0.40923	 0.11811	 49.33765	 49.36676	-5.70603	-5.74796	-4.17779	-4.29671	-82.03169	-82.06401	
1828	-48.43826	-48.56760	-0.73217	-0.81355	 50.31825	 50.33944	-5.75657	-5.78339	-4.42045	-4.50197	-80.15139	-80.17576	
1829	-48.47168	-48.55383	-1.80362	-1.83363	 51.25911	 51.27166	-5.78405	-5.79846	-4.67005	-4.71560	-78.13896	-78.15384	
1830	-48.46551	-48.49037	-2.86417	-2.86982	 52.15623	 52.15947	-5.79044	-5.79389	-4.92643	-4.93755	-76.00542	-76.00937	
1831	-48.36601	-48.43292	-3.90656	-3.91579	 52.99897	 53.00560	-5.77055	-5.77725	-5.16773	-5.18941	-73.75507	-73.76337	
1832	-48.14432	-48.41296	-4.93451	-4.95424	 53.78642	 53.80334	-5.72933	-5.74576	-5.40599	-5.45879	-71.40510	-71.42683	
1833	-47.83014	-48.40403	-5.94594	-5.97380	 54.51833	 54.54579	-5.67108	-5.69703	-5.65217	-5.73442	-68.97491	-69.01110	
1834	-47.60640	-48.22703	-6.93389	-6.96847	 55.19156	 55.22963	-5.59658	-5.63200	-5.90602	-6.01611	-66.48101	-66.53256	
1835	-47.36257	-47.99677	-7.89197	-7.93236	 55.80342	 55.85199	-5.50655	-5.55148	-6.16731	-6.30370	-63.94082	-64.00853	
1836	-47.14494	-47.67168	-8.81431	-8.85990	 56.35176	 56.41047	-5.40164	-5.45618	-6.43576	-6.59705	-61.37241	-61.45696	
1837	-46.86624	-47.34413	-9.69567	-9.74598	 56.83498	 56.90331	-5.28245	-5.34674	-6.71105	-6.89604	-58.79425	-58.89628	
1838	-46.54430	-47.00160	-10.53145	-10.58609	 57.25217	 57.32933	-5.14949	-5.22368	-6.99288	-7.20058	-56.22508	-56.34514	
1839	-46.18790	-46.64084	-11.31773	-11.37631	 57.60304	 57.68806	-5.00323	-5.08750	-7.28091	-7.51058	-53.68359	-53.82219	
1840	-45.80231	-46.26224	-12.05132	-12.11345	 57.88799	 57.97971	-4.84411	-4.93859	-7.57481	-7.82600	-51.18828	-51.34590	
1841	-45.39121	-45.86775	-12.72975	-12.79500	 58.10808	 58.20515	-4.67250	-4.77730	-7.87422	-8.14683	-48.75729	-48.93430	
1842	-44.95741	-45.46023	-13.35130	-13.41915	 58.26502	 58.36595	-4.48874	-4.60396	-8.17879	-8.47306	-46.40815	-46.60487	
1843	-44.50294	-45.04317	-13.91491	-13.98479	 58.36110	 58.46427	-4.29316	-4.41879	-8.48817	-8.80472	-44.15774	-44.37435	
1844	-44.02889	-44.62088	-14.42022	-14.49149	 58.39914	 58.50287	-4.08603	-4.22203	-8.80199	-9.14186	-42.02204	-42.25860	
1845	-43.53498	-44.19883	-14.86745	-14.93938	 58.38248	 58.48500	-3.86762	-4.01386	-9.11989	-9.48456	-40.01612	-40.27250	
1846	-43.01852	-43.78465	-15.25739	-15.32920	 58.31480	 58.41435	-3.63820	-3.79444	-9.44151	-9.83289	-38.15396	-38.42984	
1847	-42.47234	-43.39020	-15.59130	-15.66215	 58.20016	 58.29497	-3.39801	-3.56390	-9.76646	-10.18696	-36.44843	-36.74329	
1848	-41.88078	-43.03552	-15.87086	-15.93986	 58.04284	 58.13120	-3.14729	-3.32236	-10.09438	-10.54688	-34.91117	-35.22428	
1849	-41.22194	-42.74658	-16.09807	-16.16430	 57.84729	 57.92755	-2.88630	-3.06994	-10.42488	-10.91277	-33.55256	-33.88302	
1850	-40.62513	-42.39781	-16.27524	-16.33776	 57.61805	 57.68867	-2.61528	-2.80675	-10.75756	-11.28476	-32.38170	-32.72844	
1851	-40.34170	-41.74126	-16.40483	-16.46272	 57.35971	 57.41924	-2.33451	-2.53291	-11.09200	-11.66297	-31.40629	-31.76823	
1852	-39.88241	-41.26926	-16.48949	-16.54182	 57.07679	 57.12392	-2.04425	-2.24856	-11.42778	-12.04755	-30.63267	-31.00881	
1853	-39.61192	-40.61992	-16.53194	-16.57781	 56.77374	 56.80729	-1.74482	-1.95383	-11.76445	-12.43863	-30.06574	-30.45538	
1854	-39.29264	-40.03327	-16.53492	-16.57348	 56.45486	 56.47379	-1.43652	-1.64890	-12.10152	-12.83636	-29.70889	-30.11201	
1855	-38.93417	-39.50183	-16.50120	-16.53165	 56.12429	 56.12764	-1.11970	-1.33399	-12.43848	-13.24089	-29.56376	-29.98187	
1856	-38.55699	-39.00699	-16.43349	-16.45511	 55.78593	 55.77288	-0.79472	-1.00932	-12.77477	-13.65239	-29.62951	-30.06804	
1857	-38.17301	-38.53841	-16.33447	-16.34658	 55.44348	 55.41327	-0.46199	-0.67519	-13.10977	-14.07103	-29.89899	-30.37728	
1858	-37.78902	-38.09064	-16.20669	-16.20874	 55.10040	 55.05227	-0.12193	-0.33195	-13.44281	-14.49702	-30.38717	-30.89172	
1859	-37.40908	-37.66070	-16.05265	-16.04417	 54.75988	 54.69303	 0.22500	 0.02002	-13.77311	-14.93061	-31.51258	-31.18739	
1860	-37.03576	-37.24688	-15.87470	-15.85534	 54.42491	 54.33837	 0.57832	 0.38027	-14.09980	-15.37213	-32.45878	-32.07289	
1861	-36.67077	-36.84816	-15.67511	-15.64465	 54.09824	 53.99071	 0.93749	 0.74826	-14.42186	-15.82196	-33.59007	-33.17360	
1862	-36.31533	-36.46382	-15.45601	-15.41437	 53.78251	 53.65207	 1.30195	 1.12342	-14.73806	-16.28063	-34.91337	-34.46996	
1863	-35.97032	-36.09331	-15.21942	-15.16670	 53.48032	 53.32386	 1.67111	 1.50509	-15.04698	-16.74888	-36.42430	-35.95139	
1864	-35.63653	-35.73604	-14.96722	-14.90375	 53.19453	 53.00670	 2.04431	 1.89253	-15.34682	-17.22768	-38.11569	-37.60786	
1865	-35.31492	-35.39110	-14.70117	-14.62756	 52.92904	 52.69964	 2.42088	 2.28495	-15.63535	-17.71840	-39.97882	-39.42869	
1866	-35.00727	-35.05669	-14.42286	-14.34015	 52.69112	 52.39777	 2.80010	 2.68147	-15.90971	-18.22298	-42.00376	-41.40233	
1867	-34.71800	-34.72822	-14.13365	-14.04359	 52.50251	 52.08126	 3.18117	 3.08117	-16.16615	-18.74419	-44.17943	-43.51634	
1868	-34.46089	-34.39171	-13.83453	-13.74016	 52.50895	 51.60577	 3.56330	 3.48305	-16.39956	-19.28607	-46.49370	-45.75739	
1869	-34.28920	-33.99362	-13.52552	-13.43295	 52.53295	 51.14974	 3.94559	 3.88604	-16.60281	-19.85464	-48.93345	-48.11133	
1870	-34.47742	-33.25908	-13.20354	-13.12802	 51.77494	 51.51325	 4.32713	 4.28902	-16.76550	-20.45909	-51.48463	-50.56326	
1871	-36.83460	-30.37866	-12.84503	-12.85177	 51.50982	 51.42150	 4.70694	 4.69084	-16.87181	-21.11400	-54.13229	-53.09759	
1872	-40.14560	-26.56706	-11.71842	-13.33847	 51.31363	 51.29819	 5.08399	 5.09029	-16.89619	-21.84360	-56.86067	-55.69810	
1873	-34.82486	-31.40936	-12.03984	-12.37459	 51.15159	 51.17749	 5.45722	 5.48611	-16.79446	-22.69071	-59.65328	-58.34811	
1874	-33.27371	-32.50374	-11.74789	-12.02399	 51.01454	 51.06763	 5.82548	 5.87703	-16.48258	-23.73795	-62.49298	-61.03049	
1875	-32.73806	-32.60379	-11.43561	-11.69598	 50.89867	 50.97122	 6.18762	 6.26173	-15.77819	-25.16619	-65.36210	-63.72780	
1876	-32.41915	-32.50773	-11.12016	-11.37563	 50.80176	 50.88901	 6.54244	 6.63889	-14.19702	-27.45821	-68.24251	-66.42241	
1877	-32.16746	-32.36453	-10.80609	-11.06048	 50.72220	 50.82093	 6.88868	 7.00717	-9.89444	-32.45712	-71.11580	-69.09658	
1878	-31.94451	-32.21216	-10.49565	-10.75024	 50.65864	 50.76652	 7.22510	 7.36520	 14.26446	-57.29624	-73.96335	-71.73260	
1879	-31.73711	-32.06326	-10.19036	-10.44525	 50.60978	 50.72505	 7.55040	 7.71162	 2.13911	-45.83344	-76.76649	-74.31294	
1880	-31.53923	-31.92329	-9.89138	-10.14599	 50.57441	 50.69564	 7.86330	 8.04508	-12.70692	-31.63073	-79.50667	-76.82030	
1881	-31.34696	-31.79564	-9.59974	-9.85300	 50.55133	 50.67734	 8.16253	 8.36421	-16.66191	-28.29824	-82.16554	-79.23785	
1882	-31.15649	-31.68355	-9.31632	-9.56674	 50.53937	 50.66914	 8.44679	 8.66768	-18.60053	-26.95980	-84.72518	-81.54924	
1883	-30.96276	-31.59156	-9.04190	-9.28763	 50.53738	 50.67000	 8.71485	 8.95417	-19.81418	-26.32247	-87.16820	-83.73887	
1884	-30.75751	-31.52737	-8.77718	-9.01595	 50.54427	 50.67887	 8.96549	 9.22238	-20.67929	-26.00839	-89.47790	-85.79191	
1885	-30.52521	-31.50595	-8.52277	-8.75189	 50.55899	 50.69476	 9.19754	 9.47104	-21.34511	-25.86693	-91.63846	-87.69455	
1886	-30.23409	-31.55855	-8.27921	-8.49546	 50.58059	 50.71670	 9.40989	 9.69893	-21.88245	-25.82597	-93.63504	-89.43406	
1887	-29.84892	-31.71981	-8.04694	-8.24652	 50.60819	 50.74380	 9.60151	 9.90484	-22.32920	-25.84644	-95.45396	-90.99900	
1888	-32.92760	-28.43129	-7.82633	-8.00472	 50.64101	 50.77523	 9.77144	 10.08764	-22.70757	-25.90506	-97.08284	-92.37937	
1889	-29.49741	-31.66513	-7.61767	-7.76946	 50.67837	 50.81026	 9.91884	 10.24622	-23.03154	-25.98694	-98.51071	-93.56679	
1890	-29.42837	-31.55071	-7.42114	-7.53982	 50.71974	 50.84824	 10.04297	 10.37951	-23.31056	-26.08186	-99.72815	-94.55467	
1891	-29.69998	-31.10792	-7.23683	-7.31452	 50.76469	 50.88863	 10.14323	 10.48647	-23.55150	-26.18242	-100.72739	-95.33845	
1892	-29.80332	-30.84503	-7.06466	-7.09177	 50.81294	 50.93096	 10.21917	 10.56606	-23.75970	-26.28295	-101.50235	-95.91589	
1893	-29.83599	-30.66374	-6.90440	-6.86912	 50.86431	 50.97484	 10.27049	 10.61723	-23.93969	-26.37889	-102.04873	-96.28737	
1894	-29.83588	-30.52542	-6.75553	-6.64322	 50.91874	 51.01992	 10.29711	 10.63880	-24.09559	-26.46636	-102.36391	-96.45634	
1895	-0.35538	-0.35310	 1.35453	 1.37440	 1.68986	 1.66257	 0.12023	 0.12022	-0.08444	-0.06736	-63.24531	-60.16032	
1896	-0.35461	-0.35165	 1.32080	 1.34244	 1.57002	 1.53433	 0.10162	 0.10183	-0.09646	-0.07887	-63.72882	-60.63656	
1897	-0.35279	-0.34904	 1.28715	 1.31066	 1.44544	 1.39777	 0.08325	 0.08391	-0.10864	-0.09061	-64.19819	-61.22522	
1898	-0.34979	-0.34513	 1.25410	 1.27933	 1.31430	 1.25013	 0.06500	 0.06644	-0.12113	-0.10286	-64.59261	-61.95637	
1899	-0.34533	-0.33980	 1.22252	 1.24873	 1.17136	 1.08681	 0.04665	 0.04922	-0.13411	-0.11616	-64.79028	-62.83381	
1900	-0.33883	-0.33293	 1.19394	 1.21893	 1.00255	 0.90101	 0.02785	 0.03164	-0.14774	-0.13149	-64.57415	-63.72406	
1901	-0.32923	-0.32447	 1.17057	 1.18960	 0.77265	 0.68494	 0.00815	 0.01193	-0.16213	-0.15052	-63.62000	-63.97550	
1902	-0.31560	-0.31467	 1.15271	 1.15965	 0.42215	 0.43437	-0.01274	-0.01329	-0.17708	-0.17434	-61.58107	-61.72603	
1903	-0.30021	-0.30415	 1.13160	 1.12730	-0.03867	 0.15590	-0.03452	-0.04434	-0.19199	-0.19876	-58.31933	-55.32056	
1904	-0.28773	-0.29369	 1.09711	 1.09097	-0.45652	-0.13106	-0.05623	-0.07345	-0.20606	-0.21691	-54.11346	-47.38663	
1905	-0.27858	-0.28389	 1.05245	 1.05024	-0.75614	-0.40390	-0.07663	-0.09595	-0.21871	-0.22911	-49.54253	-41.01955	
1906	-0.27103	-0.27488	 1.00384	 1.00591	-0.97032	-0.64863	-0.09491	-0.11312	-0.22983	-0.23836	-45.13746	-36.48699	
1907	-0.26398	-0.26648	 0.95430	 0.95929	-1.13667	-0.86231	-0.11085	-0.12686	-0.23965	-0.24630	-41.18255	-33.19609	
1908	-0.25695	-0.25845	 0.90497	 0.91154	-1.27641	-1.04843	-0.12457	-0.13828	-0.24844	-0.25359	-37.74816	-30.67651	
1909	-0.24976	-0.25057	 0.85880	 0.86104	-1.40034	-1.21236	-0.13635	-0.14800	-0.25648	-0.26047	-34.79465	-28.64569	
1910	-0.24235	-0.24270	 0.81580	 0.80855	-1.51411	-1.35906	-0.14642	-0.15633	-0.26394	-0.26706	-32.24684	-26.93882	
1911	-0.23470	-0.23475	 0.76875	 0.76180	-1.62076	-1.49245	-0.15501	-0.16348	-0.27093	-0.27338	-30.02906	-25.45723	
1912	-0.22679	-0.22667	 0.72262	 0.71617	-1.72204	-1.61539	-0.16228	-0.16955	-0.27754	-0.27946	-28.07697	-24.13960	
1913	-0.21866	-0.21843	 0.67759	 0.67173	-1.81895	-1.72994	-0.16835	-0.17462	-0.28381	-0.28532	-26.33938	-22.94631	
1914	-0.21031	-0.21003	 0.63378	 0.62855	-1.91207	-1.83753	-0.17332	-0.17876	-0.28978	-0.29095	-24.77672	-21.85091	
1915	-0.20175	-0.20146	 0.59131	 0.58670	-2.00176	-1.93917	-0.17728	-0.18200	-0.29546	-0.29635	-23.35861	-20.83516	
1916	-0.19302	-0.19273	 0.55026	 0.54624	-2.08822	-2.03559	-0.18029	-0.18440	-0.30088	-0.30154	-22.06177	-19.88620	
1917	-0.18413	-0.18386	 0.51069	 0.50723	-2.17155	-2.12727	-0.18240	-0.18599	-0.30604	-0.30650	-20.86822	-18.99473	
1918	-0.17509	-0.17485	 0.47268	 0.46974	-2.25180	-2.21457	-0.18368	-0.18680	-0.31095	-0.31125	-19.76403	-18.15390	
1919	-0.16593	-0.16573	 0.43628	 0.43381	-2.32898	-2.29774	-0.18417	-0.18688	-0.31562	-0.31578	-18.73823	-17.35856	
1920	-0.15666	-0.15650	 0.40154	 0.39948	-2.40308	-2.37694	-0.18392	-0.18627	-0.32005	-0.32009	-17.78217	-16.60480	
1921	-0.14730	-0.14717	 0.36850	 0.36682	-2.47408	-2.45231	-0.18297	-0.18501	-0.32424	-0.32420	-16.88891	-15.88959	
1922	-0.13785	-0.13777	 0.33720	 0.33584	-2.54194	-2.52392	-0.18139	-0.18313	-0.32820	-0.32809	-16.05286	-15.21055	
1923	-0.12834	-0.12829	 0.30767	 0.30660	-2.60663	-2.59184	-0.17920	-0.18069	-0.33194	-0.33177	-15.26944	-14.56580	
1924	-0.11877	-0.11876	 0.27995	 0.27911	-2.66812	-2.65611	-0.17647	-0.17773	-0.33546	-0.33526	-14.53488	-13.95381	
1925	-0.10916	-0.10917	 0.25404	 0.25341	-2.72639	-2.71678	-0.17325	-0.17428	-0.33876	-0.33854	-13.84603	-13.37333	
1926	-0.09951	-0.09955	 0.22997	 0.22951	-2.78141	-2.77388	-0.16957	-0.17042	-0.34185	-0.34162	-13.20022	-12.82332	
1927	-0.08983	-0.08988	 0.20775	 0.20742	-2.83318	-2.82743	-0.16550	-0.16617	-0.34474	-0.34452	-12.59517	-12.30288	
1928	-0.08013	-0.08019	 0.18738	 0.18716	-2.88169	-2.87748	-0.16109	-0.16160	-0.34743	-0.34724	-12.02892	-11.81125	
1929	-0.07041	-0.07046	 0.16886	 0.16872	-2.92694	-2.92405	-0.15639	-0.15675	-0.34994	-0.34978	-11.49973	-11.34773	
1930	-0.06067	-0.06071	 0.15219	 0.15211	-2.96896	-2.96719	-0.15145	-0.15167	-0.35227	-0.35216	-11.00606	-10.91171	
1931	-0.05091	-0.05094	 0.13735	 0.13732	-3.00775	-3.00694	-0.14632	-0.14643	-0.35444	-0.35438	-10.54652	-10.50260	
1932	-0.04114	-0.04114	 0.12432	 0.12432	-3.04336	-3.04336	-0.14106	-0.14106	-0.35646	-0.35646	-10.11986	-10.11986	
1933	-0.03132	-0.03136	 0.11311	 0.11310	-3.07651	-3.07583	-0.13563	-0.13573	-0.35841	-0.35834	-9.76294	-9.72489	
1934	-0.02147	-0.02155	 0.10366	 0.10364	-3.10646	-3.10521	-0.13018	-0.13037	-0.36025	-0.36010	-9.43133	-9.36051	
1935	-0.01158	-0.01172	 0.09594	 0.09592	-3.13327	-3.13156	-0.12478	-0.12504	-0.36199	-0.36175	-9.12450	-9.02570	
1936	-0.00166	-0.00187	 0.08991	 0.08990	-3.15704	-3.15494	-0.11945	-0.11978	-0.36367	-0.36333	-8.84192	-8.71944	
1937	 0.00822	 0.00809	 0.08554	 0.08553	-3.17785	-3.17545	-0.11427	-0.11466	-0.36528	-0.36485	-8.58304	-8.44077	
1938	 0.01794	 0.01830	 0.08278	 0.08278	-3.19580	-3.19316	-0.10927	-0.10971	-0.36687	-0.36634	-8.34732	-8.18875	
1939	 0.02790	 0.02835	 0.08158	 0.08160	-3.21098	-3.20817	-0.10451	-0.10499	-0.36847	-0.36782	-8.13419	-7.96247	
1940	 0.03791	 0.03846	 0.08190	 0.08192	-3.22352	-3.22058	-0.10004	-0.10054	-0.37008	-0.36933	-7.94304	-7.76101	
1941	 0.04798	 0.04863	 0.08367	 0.08370	-3.23352	-3.23049	-0.09588	-0.09642	-0.37177	-0.37089	-7.77329	-7.58346	
1942	 0.05811	 0.05886	 0.08684	 0.08687	-3.24110	-3.23803	-0.09210	-0.09265	-0.37354	-0.37256	-7.62430	-7.42893	
1943	 0.06830	 0.06917	 0.09134	 0.09138	-3.24638	-3.24330	-0.08873	-0.08929	-0.37546	-0.37435	-7.49542	-7.29653	
1944	 0.07858	 0.07955	 0.09712	 0.09715	-3.24950	-3.24643	-0.08637	-0.08581	-0.37755	-0.37632	-7.38599	-7.18534	
1945	 0.08893	 0.09002	 0.10409	 0.10412	-3.25059	-3.24754	-0.08393	-0.08338	-0.37987	-0.37852	-7.29532	-7.09449	
1946	 0.09936	 0.10056	 0.11220	 0.11222	-3.24976	-3.24676	-0.08201	-0.08147	-0.38245	-0.38098	-7.22271	-7.02306	
1947	 0.10988	 0.11119	 0.12138	 0.12138	-3.24716	-3.24422	-0.08064	-0.08012	-0.38536	-0.38377	-7.16742	-6.97015	
1948	 0.12049	 0.12191	 0.13154	 0.13153	-3.24292	-3.24004	-0.07985	-0.07936	-0.38864	-0.38693	-7.12873	-6.93487	
1949	 0.13118	 0.13271	 0.14263	 0.14260	-3.23717	-3.23436	-0.07968	-0.07923	-0.39236	-0.39054	-7.10587	-6.91630	
1950	 0.14197	 0.14359	 0.15457	 0.15452	-3.23003	-3.22730	-0.08015	-0.07974	-0.39658	-0.39464	-7.09808	-6.91355	
1951	 0.15284	 0.15455	 0.16728	 0.16721	-3.22163	-3.21897	-0.08129	-0.08093	-0.40136	-0.39930	-7.10457	-6.92571	
1952	 0.16380	 0.16559	 0.18070	 0.18061	-3.21209	-3.20950	-0.08313	-0.08283	-0.40678	-0.40461	-7.12457	-6.95187	
1953	 0.17483	 0.17669	 0.19476	 0.19464	-3.20152	-3.19899	-0.08570	-0.08546	-0.41290	-0.41062	-7.15727	-6.99114	
1954	 0.18593	 0.18785	 0.20938	 0.20925	-3.19002	-3.18755	-0.08901	-0.08884	-0.41980	-0.41741	-7.20187	-7.04262	
1955	 0.19709	 0.19906	 0.22450	 0.22435	-3.17770	-3.17527	-0.09310	-0.09301	-0.42757	-0.42508	-7.25757	-7.10543	
1956	 0.20830	 0.21031	 0.24005	 0.23989	-3.16462	-3.16223	-0.09799	-0.09799	-0.43629	-0.43369	-7.32356	-7.17868	
1957	 0.21954	 0.22158	 0.25598	 0.25580	-3.15088	-3.14850	-0.10372	-0.10381	-0.44604	-0.44335	-7.39905	-7.26151	
1958	 0.23081	 0.23286	 0.27221	 0.27203	-3.13651	-3.13414	-0.11030	-0.11050	-0.45692	-0.45414	-7.48323	-7.35305	
1959	 0.24208	 0.24414	 0.28869	 0.28850	-3.12156	-3.11918	-0.11778	-0.11809	-0.46903	-0.46615	-7.57531	-7.45247	
1960	 0.25333	 0.25538	 0.30536	 0.30518	-3.10604	-3.10365	-0.12620	-0.12663	-0.48245	-0.47949	-7.67452	-7.55894	
1961	 0.26455	 0.26659	 0.32218	 0.32200	-3.08997	-3.08753	-0.13559	-0.13615	-0.49731	-0.49427	-7.78007	-7.67164	
1962	 0.27572	 0.27772	 0.33908	 0.33891	-3.07330	-3.07080	-0.14601	-0.14672	-0.51370	-0.51058	-7.89123	-7.78979	
1963	 0.28682	 0.28878	 0.35603	 0.35587	-3.05600	-3.05341	-0.15753	-0.15840	-0.53173	-0.52853	-8.00724	-7.91261	
1964	 0.29782	 0.29972	 0.37298	 0.37283	-3.03796	-3.03527	-0.17020	-0.17125	-0.55152	-0.54825	-8.12738	-8.03936	
1965	 0.30870	 0.31054	 0.38988	 0.38975	-3.01909	-3.01627	-0.18413	-0.18537	-0.57318	-0.56985	-8.25096	-8.16933	
1966	 0.31944	 0.32121	 0.40669	 0.40659	-2.99922	-2.99624	-0.19941	-0.20085	-0.59684	-0.59344	-8.37730	-8.30181	
1967	 0.33001	 0.33171	 0.42339	 0.42331	-2.97817	-2.97501	-0.21616	-0.21784	-0.62261	-0.61915	-8.50575	-8.43615	
1968	 0.34040	 0.34201	 0.43993	 0.43988	-2.95568	-2.95231	-0.23453	-0.23646	-0.65061	-0.64710	-8.63570	-8.57172	
1969	 0.35058	 0.35210	 0.45629	 0.45626	-2.93148	-2.92786	-0.25470	-0.25692	-0.68097	-0.67741	-8.76654	-8.70792	
1970	 0.36053	 0.36196	 0.47243	 0.47244	-2.90521	-2.90132	-0.27687	-0.27940	-0.71382	-0.71021	-8.89772	-8.84418	
1971	 0.37024	 0.37156	 0.48833	 0.48837	-2.87648	-2.87227	-0.30130	-0.30416	-0.74927	-0.74562	-9.02872	-8.97999	
1972	 0.37967	 0.38089	 0.50396	 0.50404	-2.84480	-2.84024	-0.32826	-0.33150	-0.78744	-0.78375	-9.15906	-9.11485	
1973	 0.38882	 0.38993	 0.51931	 0.51942	-2.80964	-2.80469	-0.35811	-0.36175	-0.82844	-0.82473	-9.28828	-9.24833	
1974	 0.39766	 0.39868	 0.53435	 0.53449	-2.77039	-2.76501	-0.39121	-0.39531	-0.87239	-0.86865	-9.41598	-9.38002	
1975	 0.40619	 0.40710	 0.54906	 0.54924	-2.72636	-2.72052	-0.42802	-0.43260	-0.91937	-0.91560	-9.54182	-9.50958	
1976	 0.41439	 0.41520	 0.56343	 0.56364	-2.67682	-2.67047	-0.46902	-0.47411	-0.96945	-0.96567	-9.66546	-9.63670	
1977	 0.42225	 0.42295	 0.57744	 0.57768	-2.62097	-2.61409	-0.51472	-0.52035	-1.02269	-1.01891	-9.78667	-9.76112	
1978	 0.42976	 0.43037	 0.59108	 0.59134	-2.55801	-2.55059	-0.56564	-0.57182	-1.07912	-1.07533	-9.90522	-9.88265	
1979	 0.43692	 0.43743	 0.60433	 0.60462	-2.48718	-2.47922	-0.62226	-0.62899	-1.13873	-1.13494	-10.02097	-10.00115	
1980	 0.44371	 0.44413	 0.61718	 0.61749	-2.40782	-2.39936	-0.68495	-0.69220	-1.20145	-1.19767	-10.13384	-10.11654	
1981	 0.45014	 0.45048	 0.62963	 0.62995	-2.31950	-2.31061	-0.75386	-0.76156	-1.26717	-1.26341	-10.24380	-10.22881	
1982	 0.45621	 0.45646	 0.64165	 0.64200	-2.22212	-2.21290	-0.82883	-0.83687	-1.33570	-1.33197	-10.35091	-10.33802	
1983	 0.46192	 0.46210	 0.65324	 0.65360	-2.11608	-2.10669	-0.90922	-0.91746	-1.40677	-1.40308	-10.45529	-10.44432	
1984	 0.46727	 0.46737	 0.66440	 0.66477	-2.00239	-1.99302	-0.99384	-1.00209	-1.47999	-1.47635	-10.55717	-10.54792	
1985	 0.47226	 0.47230	 0.67511	 0.67549	-1.88270	-1.87358	-1.08086	-1.08890	-1.55485	-1.55127	-10.65684	-10.64915	
1986	 0.47691	 0.47689	 0.68537	 0.68576	-1.75933	-1.75069	-1.16790	-1.17550	-1.63070	-1.62720	-10.75474	-10.74843	
1987	 0.48122	 0.48115	 0.69517	 0.69556	-1.63504	-1.62708	-1.25217	-1.25914	-1.70670	-1.70329	-10.85138	-10.84631	
1988	 0.48520	 0.48509	 0.70450	 0.70489	-1.51279	-1.50566	-1.33080	-1.33699	-1.78184	-1.77853	-10.94742	-10.94344	
1989	 0.48886	 0.48871	 0.71336	 0.71375	-1.39536	-1.38917	-1.40115	-1.40647	-1.85484	-1.85165	-11.04368	-11.04065	
1990	 0.49221	 0.49203	 0.72175	 0.72213	-1.28512	-1.27988	-1.46116	-1.46560	-1.92422	-1.92116	-11.14111	-11.13890	
1991	 0.49527	 0.49506	 0.72965	 0.73002	-1.18376	-1.17943	-1.50952	-1.51311	-1.98820	-1.98529	-11.24084	-11.23934	
1992	 0.49804	 0.49782	 0.73743	 0.73707	-1.09228	-1.08879	-1.54573	-1.54856	-2.04473	-2.04199	-11.34421	-11.34328	
1993	 0.50055	 0.50031	 0.74434	 0.74399	-1.01101	-1.00825	-1.57008	-1.57226	-2.09147	-2.08891	-11.45270	-11.45226	
1994	 0.50280	 0.50256	 0.75075	 0.75042	-0.93978	-0.93763	-1.58345	-1.58509	-2.12582	-2.12346	-11.56801	-11.56795	
1995	 0.50481	 0.50457	 0.75666	 0.75635	-0.87642	-0.87805	-1.58718	-1.58841	-2.14498	-2.14284	-11.69195	-11.69218	
1996	 0.50659	 0.50635	 0.76207	 0.76178	-0.82386	-0.82509	-1.58291	-1.58381	-2.14606	-2.14414	-11.82638	-11.82681	
1997	 0.50816	 0.50793	 0.76696	 0.76670	-0.77915	-0.78006	-1.57240	-1.57306	-2.12626	-2.12458	-11.97299	-11.97354	
1998	 0.50952	 0.50930	 0.77135	 0.77111	-0.74145	-0.74213	-1.55742	-1.55790	-2.08328	-2.08185	-12.13302	-12.13361	
1999	 0.51069	 0.51049	 0.77523	 0.77501	-0.71000	-0.71050	-1.53972	-1.54007	-2.01465	-2.01582	-12.30669	-12.30727	
2000	 0.51168	 0.51150	 0.77858	 0.77840	-0.68411	-0.68446	-1.52089	-1.52116	-1.92350	-1.92442	-12.49246	-12.49297	
2001	 0.51250	 0.51234	 0.78143	 0.78127	-0.66318	-0.66343	-1.50241	-1.50260	-1.81188	-1.81255	-12.68591	-12.68633	
2002	 0.51315	 0.51303	 0.78375	 0.78362	-0.64671	-0.64688	-1.48552	-1.48566	-1.68730	-1.68775	-12.87867	-12.87897	
2003	 0.51365	 0.51355	 0.78555	 0.78546	-0.63430	-0.63441	-1.47128	-1.47138	-1.56212	-1.56239	-13.05766	-13.05784	
2004	 0.51400	 0.51393	 0.78684	 0.78677	-0.62565	-0.62571	-1.46053	-1.46060	-1.45291	-1.45305	-13.20571	-13.20581	
2005	 0.51420	 0.51416	 0.78760	 0.78757	-0.62054	-0.62058	-1.45387	-1.45390	-1.37765	-1.37771	-13.30443	-13.30447	
2006	 0.51425	 0.51425	 0.78784	 0.78784	-0.61886	-0.61886	-1.45165	-1.45165	-1.35070	-1.35070	-13.33922	-13.33922	
