     0    -0.00000001     0.00000001     0.00000000    -0.00000000     0.00000000    -0.00000000     0.00000000    -0.00000000     0.00000000     0.00000000    -0.00000000     0.00000000
     1    -0.76036581    -0.76041562     0.00055987     0.00056833     0.00081259     0.00079399    -0.00119564    -0.00118269     0.00064362     0.00064007     0.00094398     0.00094836
     2    -1.51476426    -1.51517566     0.00123967     0.00125466     0.00153152     0.00142000    -0.00239542    -0.00234360     0.00136496     0.00135096     0.00179343     0.00181095
     3    -2.25749033    -2.25847498     0.00190770     0.00193206     0.00227541     0.00199425    -0.00359035    -0.00347375     0.00212078     0.00208915     0.00257626     0.00261487
     4    -2.98288405    -2.98469095     0.00254657     0.00258392     0.00290261     0.00266908    -0.00477156    -0.00456427     0.00287584     0.00282004     0.00331200     0.00337947
     5    -3.68546067    -3.68836658     0.00314386     0.00319774     0.00348293     0.00337692    -0.00593038    -0.00560647     0.00361249     0.00352677     0.00400303     0.00410701
     6    -4.35995890    -4.36427255     0.00368829     0.00376188     0.00406400     0.00407125    -0.00705833    -0.00659195     0.00431975     0.00419900     0.00464595     0.00479385
     7    -5.00139386    -5.00746078     0.00416952     0.00426530     0.00463911     0.00475945    -0.00814718    -0.00751264     0.00498921     0.00482880     0.00523578     0.00543469
     8    -5.60510828    -5.61331479     0.00457816     0.00469763     0.00520451     0.00544561    -0.00918905    -0.00836090     0.00561380     0.00540941     0.00576738     0.00602405
     9    -6.16682081    -6.17759697     0.00490583     0.00504930     0.00575848     0.00613142    -0.01017639    -0.00912958     0.00618732     0.00593488     0.00623597     0.00655675
    10    -6.68267099    -6.69649198     0.00514521     0.00531176     0.00629999     0.00681746    -0.01110206    -0.00981215     0.00670434     0.00639993     0.00663738     0.00702821
    11    -7.14926012    -7.16664612     0.00529011     0.00547760     0.00682819     0.00750366    -0.01195936    -0.01040277     0.00716007     0.00679994     0.00696818     0.00743459
    12    -7.56368757    -7.58520173     0.00533550     0.00554071     0.00734220     0.00818949    -0.01274212    -0.01089635     0.00755042     0.00713099     0.00722576     0.00777285
    13    -7.92358183    -7.94982634     0.00527760     0.00549637     0.00784100     0.00887399    -0.01344470    -0.01128870     0.00787196     0.00738992     0.00740838     0.00804079
    14    -8.22712587    -8.25873582     0.00511388     0.00534137     0.00832338     0.00955583    -0.01406207    -0.01157654     0.00812196     0.00757429     0.00751519     0.00823715
    15    -8.47307604    -8.51071114     0.00484320     0.00507403     0.00878792     0.01023326    -0.01458984    -0.01175766     0.00829841     0.00768247     0.00754626     0.00836154
    16    -8.66077432    -8.70510823     0.00446579     0.00469425     0.00923301     0.01090413    -0.01502437    -0.01183094     0.00840005     0.00771365     0.00750255     0.00841450
    17    -8.79015323    -8.84186059     0.00398338     0.00420350     0.00965681     0.01156587    -0.01536276    -0.01179643     0.00842635     0.00766785     0.00738591     0.00839746
    18    -8.86173322    -8.92147435     0.00339916     0.00360482     0.01005728     0.01221551    -0.01560296    -0.01165542     0.00837760     0.00754596     0.00719902     0.00831272
    19    -8.87661226    -8.94501561     0.00271786     0.00290276     0.01043222     0.01284963    -0.01574379    -0.01141043     0.00825489     0.00734977     0.00694536     0.00816344
    20    -8.83644761    -8.91409006     0.00194568     0.00210338     0.01077925     0.01346444    -0.01578501    -0.01106530     0.00806013     0.00708195     0.00662917     0.00795357
    21    -8.74342985    -8.83081507     0.00109030     0.00121417     0.01109590     0.01405572    -0.01572734    -0.01062514     0.00779606     0.00674609     0.00625531     0.00768778
    22    -8.60024942    -8.69778450     0.00016078     0.00024399     0.01137959     0.01461892    -0.01557254    -0.01009632     0.00746631     0.00634667     0.00582923     0.00737148
    23    -8.41005611    -8.51802678    -0.00083248    -0.00079701     0.01162768     0.01514912    -0.01532336    -0.00948643     0.00707532     0.00588908     0.00535682     0.00701068
    24    -8.17641217    -8.29495699    -0.00187789    -0.00189746     0.01183754     0.01564116    -0.01498365    -0.00880423     0.00662838     0.00537957     0.00484434     0.00661199
    25    -7.90323985    -8.03232373    -0.00296275    -0.00304490     0.01200657     0.01608961    -0.01455824    -0.00805951     0.00613160     0.00482520     0.00429826     0.00618251
    26    -7.59476417    -7.73415185    -0.00407346    -0.00422586     0.01213227     0.01648890    -0.01405301    -0.00726304     0.00559183     0.00423380     0.00372514     0.00572982
    27    -7.25545222    -7.40468223    -0.00519565    -0.00542603     0.01221227     0.01683340    -0.01347479    -0.00642636     0.00501664     0.00361388     0.00313146     0.00526191
    28    -6.88994986    -7.04830993    -0.00631431    -0.00663035     0.01224437     0.01711744    -0.01283132    -0.00556165     0.00441418     0.00297451     0.00252355     0.00478706
    29    -6.50301708    -6.66952201    -0.00741408    -0.00782318     0.01222663     0.01733547    -0.01213113    -0.00468156     0.00379314     0.00232522     0.00190754     0.00431370
    30    -6.09946306    -6.27283662    -0.00847933    -0.00898843     0.01215739     0.01748215    -0.01138345    -0.00379897     0.00316256     0.00167584     0.00128976     0.00384979
    31    -5.68408175    -5.86274478    -0.00949441    -0.01010978     0.01203534     0.01755242    -0.01059808    -0.00292678     0.00253171     0.00103631     0.00067815     0.00340125
    32    -5.26158898    -5.44365642    -0.01044386    -0.01117078     0.01185952     0.01754166    -0.00978524    -0.00207773     0.00190995     0.00041657     0.00008671     0.00296731
    33    -4.83656133    -5.01985220    -0.01131254    -0.01215507     0.01162944     0.01744572    -0.00895536    -0.00126412     0.00130651    -0.00017373    -0.00045362     0.00252946
    34    -4.41337739    -4.59544250    -0.01208583    -0.01304651     0.01134504     0.01726110    -0.00811896    -0.00049761     0.00073037    -0.00072533    -0.00088006     0.00203639
    35    -3.99616171    -4.17433455    -0.01274986    -0.01382942     0.01100678     0.01698500    -0.00728645     0.00021098     0.00019003    -0.00122960    -0.00112101     0.00142691
    36    -3.58873192    -3.76020830    -0.01329158    -0.01448865     0.01061562     0.01661542    -0.00646790     0.00085195    -0.00030663    -0.00167876    -0.00119545     0.00072922
    37    -3.19455039    -3.35650036    -0.01369900    -0.01500984     0.01017310     0.01615123    -0.00567291     0.00141680    -0.00075252    -0.00206597    -0.00121570     0.00006350
    38    -2.81668245    -2.96639433    -0.01396127    -0.01537949     0.00968128     0.01559222    -0.00491038     0.00189852    -0.00114150    -0.00238560    -0.00125427    -0.00049119
    39    -2.45776450    -2.59281395    -0.01406885    -0.01558514     0.00914282     0.01493919    -0.00418839     0.00229162    -0.00146847    -0.00263328    -0.00131701    -0.00092391
    40    -2.11998613    -2.23841490    -0.01401363    -0.01561547     0.00856091     0.01419394    -0.00351400     0.00259233    -0.00172953    -0.00280604    -0.00138665    -0.00124830
    41    -1.80508970    -1.90557101    -0.01378900    -0.01546038     0.00793932     0.01335927    -0.00289317     0.00279864    -0.00192201    -0.00290243    -0.00144603    -0.00147938
    42    -1.51438868    -1.59635277    -0.01339003    -0.01511110     0.00728231     0.01243903    -0.00233061     0.00291035    -0.00204452    -0.00292253    -0.00148293    -0.00162865
    43    -1.24880250    -1.31249947    -0.01281352    -0.01456016     0.00659468     0.01143805    -0.00182973     0.00292909    -0.00209701    -0.00286798    -0.00148963    -0.00170456
    44    -1.00890161    -1.05539026    -0.01205809    -0.01380144     0.00588165     0.01036209    -0.00139260     0.00285830    -0.00208070    -0.00274197    -0.00146168    -0.00171366
    45    -0.79495428    -0.82602126    -0.01112434    -0.01283015     0.00514889     0.00921784    -0.00101987     0.00270315    -0.00199811    -0.00254921    -0.00139693    -0.00166147
    46    -0.60696703    -0.62499601    -0.01001485    -0.01164274     0.00440239     0.00801275    -0.00071087     0.00247048    -0.00185294    -0.00229587    -0.00129493    -0.00155303
    47    -0.44471026    -0.45253615    -0.00873420    -0.01023697     0.00364848     0.00675502    -0.00046358     0.00216865    -0.00165001    -0.00198943    -0.00115645    -0.00139325
    48    -0.30770582    -0.30853494    -0.00728878    -0.00861203     0.00289368     0.00545345    -0.00027472     0.00180740    -0.00139512    -0.00163861    -0.00098322    -0.00118706
    49    -0.19482704    -0.19300181    -0.00568617    -0.00676906     0.00214470     0.00411735    -0.00013988     0.00139766    -0.00109499    -0.00125321    -0.00077766    -0.00093950
    50    -0.10090575    -0.10950245    -0.00393379    -0.00471248     0.00140830     0.00275640    -0.00005357     0.00095135    -0.00075701    -0.00084393    -0.00054275    -0.00065578
    51    -0.03859084    -0.04334934    -0.00203633    -0.00245234     0.00069127     0.00138051    -0.00000951     0.00048124    -0.00038918    -0.00042223    -0.00028169    -0.00034142
    52    -0.00000003     0.00000003    -0.00000000     0.00000000    -0.00000000     0.00000000     0.00000000    -0.00000000     0.00000000    -0.00000000    -0.00000000    -0.00000000
    53     0.01557737     0.02259551     0.00218962     0.00260993    -0.00065897    -0.00137513    -0.00001783    -0.00047837     0.00040209     0.00041022     0.00030012     0.00036132
    54     0.00980157     0.02582304     0.00454196     0.00534539    -0.00127932    -0.00273507    -0.00005530    -0.00093992     0.00080849     0.00079585     0.00061571     0.00073608
    55    -0.01558361     0.01122095     0.00706046     0.00817803    -0.00185578    -0.00406957    -0.00010355    -0.00137179     0.00121066     0.00114438     0.00094121     0.00112046
    56    -0.05869297    -0.01962607     0.00974271     0.01108331    -0.00238343    -0.00536883    -0.00015434    -0.00176099     0.00160057     0.00144337     0.00127294     0.00150898
    57    -0.11757078    -0.06506309     0.01257523     0.01404590    -0.00285824    -0.00662319    -0.00019947    -0.00209524     0.00197081     0.00168062     0.00160724     0.00189652
    58    -0.19021712    -0.12338365     0.01553711     0.01705627    -0.00327721    -0.00782308    -0.00023110    -0.00236318     0.00231488     0.00184428     0.00194065     0.00227816
    59    -0.27461181    -0.19284892     0.01860423     0.02010667    -0.00363856    -0.00895903    -0.00024186    -0.00255449     0.00262754     0.00192281     0.00227005     0.00264928
    60    -0.36873632    -0.27170652     0.02175197     0.02318858    -0.00394193    -0.01002164    -0.00022502    -0.00266017     0.00290524     0.00190485     0.00259274     0.00300548
    61    -0.47059381    -0.35820889     0.02495643     0.02629177    -0.00418839    -0.01100159    -0.00017464    -0.00267261     0.00314668     0.00177893     0.00290651     0.00334265
    62    -0.57822763    -0.45063048     0.02819464     0.02940416    -0.00438034    -0.01188987    -0.00008564    -0.00258576     0.00335308     0.00153346     0.00320972     0.00365691
    63    -0.68973816    -0.54728398     0.03144452     0.03251217    -0.00452126    -0.01267812     0.00004607    -0.00239525     0.00352549     0.00115960     0.00350144     0.00394460
    64    -0.80329812    -0.64653518     0.03468463     0.03560103    -0.00461520    -0.01335912     0.00022360    -0.00209848     0.00364241     0.00067381     0.00378148     0.00420216
    65    -0.91716639    -0.74681651     0.03789405     0.03865513    -0.00466611    -0.01392751     0.00044900    -0.00169467     0.00353519     0.00024267     0.00405052     0.00442612
    66    -1.02970020    -0.84663918     0.04105231     0.04165823    -0.00467726    -0.01438033     0.00072338    -0.00118503     0.00271659     0.00035422     0.00430998     0.00461316
    67    -1.13936580    -0.94460385     0.04413927     0.04459372    -0.00465078    -0.01471747     0.00104709    -0.00057287     0.00134054     0.00085844     0.00456168     0.00476049
    68    -1.24474752    -1.03940990     0.04713521     0.04744472    -0.00458755    -0.01494169     0.00142008     0.00013603     0.00004898     0.00112027     0.00480654     0.00486702
    69    -1.34455538    -1.12986315     0.05002077     0.05019423    -0.00448754    -0.01505822     0.00184302     0.00093246    -0.00112001     0.00111153     0.00504235     0.00493561
    70    -1.43763102    -1.21488224     0.05277703     0.05282526    -0.00435028    -0.01507416     0.00232046     0.00180076    -0.00225191     0.00093042     0.00526141     0.00497534
    71    -1.52295216    -1.29350345     0.05538557     0.05532089    -0.00417555    -0.01499769     0.00287294     0.00270689    -0.00339003     0.00063577     0.00545151     0.00500044
    72    -1.59963555    -1.36488419     0.05782854     0.05766440    -0.00396393    -0.01483738     0.00359838     0.00353729    -0.00454839     0.00025961     0.00560176     0.00502436
    73    -1.66693845    -1.42830507     0.06008871     0.05983935    -0.00371714    -0.01460166     0.00484523     0.00392598    -0.00572621    -0.00017846     0.00570832     0.00505394
    74    -1.72425872    -1.48317072     0.06214954     0.06182968    -0.00343823    -0.01429853     0.00624004     0.00422724    -0.00691486    -0.00066469     0.00577430     0.00508940
    75    -1.77113346    -1.52900920     0.06399533     0.06361981    -0.00313146    -0.01393544     0.00744420     0.00475919    -0.00810111    -0.00118819     0.00580604     0.00512795
    76    -1.80723650    -1.56547037     0.06561122     0.06519476    -0.00280214    -0.01351928     0.00862622     0.00533185    -0.00926884    -0.00173957     0.00581002     0.00516671
    77    -1.83237456    -1.59232302     0.06698333     0.06654024    -0.00245634    -0.01305653     0.00980020     0.00590889    -0.01040013    -0.00231028     0.00579172     0.00520378
    78    -1.84648235    -1.60945099     0.06809887     0.06764281    -0.00210059    -0.01255331     0.01095155     0.00648230    -0.01147607    -0.00289218     0.00575549     0.00523824
    79    -1.84961660    -1.61684834     0.06894616     0.06848993    -0.00174156    -0.01201552     0.01206136     0.00704827    -0.01247750    -0.00347725     0.00570475     0.00526978
    80    -1.84194924    -1.61461364     0.06951480     0.06907016    -0.00138583    -0.01144896     0.01310978     0.00760412    -0.01338569    -0.00405736     0.00564224     0.00529838
    81    -1.82375966    -1.60294354     0.06979572     0.06937322    -0.00103961    -0.01085928     0.01407707     0.00814753    -0.01418307    -0.00462406     0.00557014     0.00532407
    82    -1.79542637    -1.58212560     0.06978123     0.06939014    -0.00070864    -0.01025213     0.01494446     0.00867593    -0.01485387    -0.00516836     0.00549013     0.00534674
    83    -1.75741796    -1.55253069     0.06946520     0.06911337    -0.00039796    -0.00963301     0.01569502     0.00918581    -0.01538472    -0.00568064     0.00540349     0.00536601
    84    -1.71028374    -1.51460482     0.06884300     0.06853689    -0.00011187    -0.00900734     0.01631466     0.00967198    -0.01576513    -0.00615064     0.00531103     0.00538114
    85    -1.65464386    -1.46886070     0.06791168     0.06765628     0.00014614    -0.00838033     0.01679285     0.01012703    -0.01598782    -0.00656758     0.00521317     0.00539100
    86    -1.59117934    -1.41586908     0.06666996     0.06646885     0.00037343    -0.00775696     0.01712293     0.01054109    -0.01604887    -0.00692045     0.00510987     0.00539397
    87    -1.52062189    -1.35624992     0.06511828     0.06497364     0.00056820    -0.00714185     0.01730200     0.01090214    -0.01594766    -0.00719842     0.00500065     0.00538799
    88    -1.44374381    -1.29066352     0.06325882     0.06317153     0.00072947    -0.00653924     0.01733029     0.01119673    -0.01568676    -0.00739142     0.00488460     0.00537048
    89    -1.36134788    -1.21980179     0.06109554     0.06106527     0.00085704    -0.00595291     0.01721025     0.01141086    -0.01527158    -0.00749067     0.00476036     0.00533838
    90    -1.27425759    -1.14437955     0.05863416     0.05865942     0.00095143    -0.00538609     0.01694564     0.01153103    -0.01471009    -0.00748932     0.00462615     0.00528818
    91    -1.18330757    -1.06512617     0.05588215     0.05596042     0.00101381    -0.00484146     0.01654071     0.01154505    -0.01401249    -0.00738291     0.00447979     0.00521591
    92    -1.08933444    -0.98277746     0.05284871     0.05297653     0.00104591    -0.00432110     0.01599963     0.01144258    -0.01319094    -0.00716985     0.00431871     0.00511719
    93    -0.99316811    -0.89806795     0.04954471     0.04971775     0.00104993    -0.00382647     0.01532620     0.01121539    -0.01225928    -0.00685168     0.00414000     0.00498730
    94    -0.89562369    -0.81172358     0.04598266     0.04619579     0.00102842    -0.00335846     0.01452374     0.01085747    -0.01123290    -0.00643326     0.00394046     0.00482119
    95    -0.79749384    -0.72445493     0.04217664     0.04242395     0.00098419    -0.00291734     0.01359515     0.01036491    -0.01012857    -0.00592280     0.00371663     0.00461361
    96    -0.69954195    -0.63695089     0.03814227     0.03841698     0.00092020    -0.00250286     0.01254302     0.00973569    -0.00896436    -0.00533182     0.00346487     0.00435912
    97    -0.60249584    -0.54987302     0.03389660     0.03419097     0.00083939    -0.00211432     0.01136979     0.00896948    -0.00775950    -0.00467500     0.00318140     0.00405221
    98    -0.50704229    -0.46385035     0.02945811     0.02976317     0.00074463    -0.00175057     0.01007790     0.00806740    -0.00653434    -0.00396994     0.00286240     0.00368740
    99    -0.41382217    -0.37947495     0.02484667     0.02515174     0.00063854    -0.00141019     0.00866993     0.00703184    -0.00531017    -0.00323691     0.00250405     0.00325929
   100    -0.32342646    -0.29729805     0.02008360     0.02037552     0.00052340    -0.00109149     0.00714868     0.00586621    -0.00410914    -0.00249848     0.00210263     0.00276269
   101    -0.23639282    -0.21782682     0.01519184     0.01545356     0.00040103    -0.00079274     0.00551731     0.00457485    -0.00295403    -0.00177921     0.00165461     0.00219272
   102    -0.15320281    -0.14152200     0.01019639     0.01040443     0.00027267    -0.00051218     0.00377934     0.00316281    -0.00186800    -0.00110526     0.00115666     0.00154490
   103    -0.07427853    -0.06879741     0.00512618     0.00524416     0.00013886    -0.00024818     0.00193874     0.00163580    -0.00087401    -0.00050438     0.00060578     0.00081532
   104     0.00000001    -0.00000003    -0.00000000     0.00000000    -0.00000000     0.00000000     0.00000000    -0.00000000     0.00000000    -0.00000001     0.00000001    -0.00000000
   105     0.06934131     0.06454492    -0.00512945    -0.00533380    -0.00014573     0.00023408    -0.00203235    -0.00173752     0.00073489     0.00037575    -0.00066353    -0.00090296
   106     0.13350809     0.12456832    -0.01019931    -0.01077250    -0.00029979     0.00045398    -0.00415244    -0.00357012     0.00131089     0.00059224    -0.00138629    -0.00189550
   107     0.19230147     0.17987203    -0.01511710    -0.01636056    -0.00046451     0.00065890    -0.00635461    -0.00549015     0.00170228     0.00062641    -0.00216886    -0.00297896
   108     0.24559658     0.23029114    -0.01965828    -0.02227420    -0.00064283     0.00084693    -0.00863248    -0.00748986     0.00188916     0.00045181    -0.00301152    -0.00415336
   109     0.29332564     0.27570795    -0.02364018    -0.02864778    -0.00083702     0.00101364    -0.01097918    -0.00956123     0.00185274     0.00004414    -0.00391378    -0.00541777
   110     0.33547955     0.31604643    -0.02861139    -0.03388453    -0.00104372     0.00114709    -0.01338736    -0.01169596     0.00157601    -0.00061871    -0.00487439    -0.00677019
   111     0.37210985     0.35126565    -0.03417588    -0.03833262    -0.00120501     0.00117885    -0.01584918    -0.01388554     0.00104413    -0.00155627    -0.00589127    -0.00820751
   112     0.40333398     0.38134916    -0.03940204    -0.04287634     0.00181611    -0.00204047    -0.01835630    -0.01612120     0.00024473    -0.00278508    -0.00696154    -0.00972550
   113     0.42934798     0.40628635    -0.04433025    -0.04742868     0.00163583    -0.00214124    -0.02089992    -0.01839393    -0.00083182    -0.00431833    -0.00808148    -0.01131876
   114     0.45045320     0.42603940    -0.04901116    -0.05189324     0.00163758    -0.00252278    -0.02347073    -0.02069447    -0.00219216    -0.00616552    -0.00924654    -0.01298074
   115     0.46708712     0.44050561    -0.05345796    -0.05621216     0.00161583    -0.00299686    -0.02605896    -0.02301330    -0.00383969    -0.00833216    -0.01045133    -0.01470377
   116     0.47959300     0.44974074    -0.05766669    -0.06034605     0.00154635    -0.00355782    -0.02865432    -0.02534060    -0.00577445    -0.01081950    -0.01168968    -0.01647902
   117     0.48614342     0.45602817    -0.06162607    -0.06426428     0.00141605    -0.00421199    -0.03124605    -0.02766623    -0.00799293    -0.01362438    -0.01295466    -0.01829664
   118     0.48421876     0.46239305    -0.06532175    -0.06794105     0.00121373    -0.00496813    -0.03382287    -0.02997974    -0.01048798    -0.01673905    -0.01423858    -0.02014574
   119     0.47905029     0.46415182    -0.06873829    -0.07135357     0.00092858    -0.00583548    -0.03637300    -0.03227026    -0.01324875    -0.02015111    -0.01553311    -0.02201451
   120     0.47220980     0.46031524    -0.07186019    -0.07448134     0.00054991    -0.00682298    -0.03888414    -0.03452654    -0.01626072    -0.02384351    -0.01682932    -0.02389029
   121     0.46308596     0.45210475    -0.07467249    -0.07730575     0.00006725    -0.00793883    -0.04134346    -0.03673688    -0.01950567    -0.02779459    -0.01811771    -0.02575965
   122     0.45142129     0.44040853    -0.07716118    -0.07981001    -0.00052945    -0.00919011    -0.04373760    -0.03888911    -0.02296185    -0.03197819    -0.01938836    -0.02760856
   123     0.43724673     0.42584006    -0.07931344    -0.08197911    -0.00124954    -0.01058242    -0.04605265    -0.04097053    -0.02660406    -0.03636388    -0.02063100    -0.02942246
   124     0.42073035     0.40888296    -0.08111793    -0.08379989    -0.00210134    -0.01211958    -0.04827415    -0.04296786    -0.03040388    -0.04091718    -0.02183506    -0.03118640
   125     0.40210955     0.38995254    -0.08256496    -0.08526111    -0.00309180    -0.01380327    -0.05038707    -0.04486725    -0.03432988    -0.04559993    -0.02298984    -0.03288520
   126     0.38166082     0.36942030    -0.08364664    -0.08635359    -0.00422615    -0.01563271    -0.05237580    -0.04665417    -0.03834796    -0.05037063    -0.02408457    -0.03450358
   127     0.35968342     0.34762477    -0.08435708    -0.08707030    -0.00550750    -0.01760437    -0.05422417    -0.04831339    -0.04242166    -0.05518494    -0.02510853    -0.03602629
   128     0.33648829     0.32487767    -0.08469253    -0.08740647    -0.00693650    -0.01971167    -0.05591538    -0.04982892    -0.04651257    -0.05999618    -0.02605121    -0.03743829
   129     0.31238907     0.30146822    -0.08465147    -0.08735977    -0.00851097    -0.02194472    -0.05743199    -0.05118387    -0.05058078    -0.06475592    -0.02690233    -0.03872489
   130     0.28769470     0.27766650    -0.08423478    -0.08693031    -0.01022558    -0.02429009    -0.05875584    -0.05236043    -0.05458539    -0.06941465    -0.02765203    -0.03987185
   131     0.26270344     0.25372569    -0.08344581    -0.08612082    -0.01207151    -0.02673057    -0.05986797    -0.05333962    -0.05848513    -0.07392256    -0.02829097    -0.04086560
   132     0.23769836     0.22988332    -0.08229044    -0.08493669    -0.01403617    -0.02924508    -0.06074840    -0.05410116    -0.06223902    -0.07823032    -0.02881041    -0.04169332
   133     0.21294420     0.20636162    -0.08077718    -0.08338601    -0.01610303    -0.03180848    -0.06137580    -0.05462305    -0.06580722    -0.08229016    -0.02920232    -0.04234306
   134     0.18868524     0.18336728    -0.07891716    -0.08147962    -0.01825133    -0.03439158    -0.06172697    -0.05488116    -0.06915203    -0.08605710    -0.02945951    -0.04280389
   135     0.16514387     0.16109082    -0.07672419    -0.07923111    -0.02045607    -0.03696108    -0.06177588    -0.05484831    -0.07223932    -0.08949055    -0.02957566    -0.04306601
   136     0.14251978     0.13970595    -0.07421466    -0.07665680    -0.02268788    -0.03947966    -0.06149212    -0.05449298    -0.07504046    -0.09255657    -0.02954547    -0.04312082
   137     0.12098938     0.11936886    -0.07140758    -0.07377568    -0.02491305    -0.04190607    -0.06083805    -0.05377694    -0.07753528    -0.09523132    -0.02936466    -0.04296101
   138     0.10070568     0.10021756    -0.06832441    -0.07060934    -0.02709364    -0.04419535    -0.05976374    -0.05265090    -0.07971714    -0.09750669    -0.02903009    -0.04258065
   139     0.08179847     0.08237126    -0.06498901    -0.06718184    -0.02918761    -0.04629906    -0.05819711    -0.05104615    -0.08160201    -0.09940062    -0.02853975    -0.04197522
   140     0.06437489     0.06592961    -0.06142750    -0.06351959    -0.03114909    -0.04816560    -0.05602372    -0.04885706    -0.08324685    -0.10097770    -0.02789284    -0.04114170
   141     0.04852026     0.05097211    -0.05766802    -0.05965119    -0.03292868    -0.04974065    -0.05304044    -0.04590045    -0.08479117    -0.10239570    -0.02708977    -0.04007855
   142     0.03429906     0.03755763    -0.05374060    -0.05560717    -0.03447389    -0.05096756    -0.04883403    -0.04180783    -0.08656587    -0.10402691    -0.02613216    -0.03878576
   143     0.02175585     0.02572420    -0.04967688    -0.05141983    -0.03572957    -0.05178795    -0.04239159    -0.03567480    -0.08944516    -0.10684753    -0.02502284    -0.03726485
   144     0.01091616     0.01548925    -0.04550988    -0.04712293    -0.03663850    -0.05214226    -0.03037732    -0.02447876    -0.09643029    -0.11416039    -0.02376583    -0.03551884
   145     0.00178718     0.00685014    -0.04127373    -0.04275146    -0.03714201    -0.05197044     0.00616695     0.01010799    -0.12583810    -0.14489359    -0.02236630    -0.03355226
   146    -0.00564161    -0.00021486    -0.03700333    -0.03834130    -0.03718065    -0.05121263    -0.00042412     0.00520871    -0.11479334    -0.13135361    -0.02083053    -0.03137109
   147    -0.01139787    -0.00574541    -0.03273405    -0.03392895    -0.03669497    -0.04980994    -0.04715640    -0.03857509    -0.06391362    -0.07650669    -0.01916584    -0.02898273
   148    -0.01552579    -0.00979770    -0.02850145    -0.02955113    -0.03562627    -0.04770524    -0.05377654    -0.04498162    -0.04949568    -0.06057492    -0.01738052    -0.02639595
   149    -0.01808537    -0.01244303    -0.02434087    -0.02524450    -0.03391750    -0.04484402    -0.05269101    -0.04469370    -0.04092604    -0.05110213    -0.01548377    -0.02362079
   150    -0.01915158    -0.01376621    -0.02028713    -0.02104530    -0.03151413    -0.04117521    -0.04834379    -0.04196449    -0.03415599    -0.04347583    -0.01348555    -0.02066855
   151    -0.01881335    -0.01386411    -0.01637422    -0.01698895    -0.02836502    -0.03665210    -0.04021312    -0.03972036    -0.02810285    -0.03642653    -0.01139657    -0.01755162
   152    -0.01717240    -0.01284409    -0.01263493    -0.01310971    -0.02442339    -0.03123319    -0.03039691    -0.03681185    -0.02236508    -0.02947637    -0.00922811    -0.01428350
   153    -0.01434186    -0.01082252    -0.00910065    -0.00944023    -0.01964773    -0.02488306    -0.02390235    -0.02870428    -0.01676114    -0.02241992    -0.00699196    -0.01087861
   154    -0.01044460    -0.00792352    -0.00580130    -0.00601099    -0.01400273    -0.01757322    -0.01661176    -0.01979918    -0.01119666    -0.01516967    -0.00470027    -0.00735222
   155    -0.00561014    -0.00427895    -0.00276702    -0.00284790    -0.00746027    -0.00928289    -0.00861320    -0.01020856    -0.00561872    -0.00769640    -0.00236550    -0.00372037
   156     0.00000002     0.00000003    -0.00000000    -0.00000001    -0.00000000     0.00000000     0.00000000    -0.00000001    -0.00000001     0.00000000     0.00000000    -0.00000000
   157     0.00627091     0.00474777     0.00245830     0.00252840     0.00839044     0.01027744     0.00915350     0.01075826     0.00567166     0.00790152     0.00238341     0.00379184
   158     0.01305461     0.00982680     0.00457209     0.00473325     0.01771108     0.02154427     0.01878256     0.02199613     0.01139426     0.01598247     0.00477200     0.00763762
   159     0.02018865     0.01511275     0.00634703     0.00657541     0.02795453     0.03378197     0.02882432     0.03364390     0.01715446     0.02421301     0.00715359     0.01151908
   160     0.02752564     0.02046805     0.00776748     0.00804376     0.03910147     0.04696218     0.03921630     0.04563075     0.02293178     0.03255893     0.00951602     0.01541797
   161     0.03491777     0.02576064     0.00882364     0.00912841     0.05112124     0.06104509     0.04989509     0.05788469     0.02869980     0.04098313     0.01184752     0.01931590
   162     0.04222015     0.03086384     0.00950964     0.00982279     0.06397150     0.07597927     0.06079577     0.07033246     0.03442788     0.04944581     0.01413672     0.02319445
   163     0.04929264     0.03565764     0.00982337     0.01012408     0.07759786     0.09170153     0.07185174     0.08289962     0.04008249     0.05790466     0.01637278     0.02703526
   164     0.05600154     0.04003001     0.00976640     0.01003334     0.09193391     0.10813688     0.08299474     0.09551084     0.04562828     0.06631505     0.01854544     0.03082014
   165     0.06222114     0.04387819     0.00934397     0.00955549     0.10690115     0.12519865     0.09415507     0.10809012     0.05102889     0.07463036     0.02064504     0.03453117
   166     0.06783517     0.04710986     0.00856494     0.00869939     0.12240930     0.14278878     0.10526184     0.12056126     0.05624766     0.08280237     0.02266260     0.03815075
   167     0.07273819     0.04964424     0.00744173     0.00747774     0.13835662     0.16079822     0.11624338     0.13284817     0.06124824     0.09078167     0.02458983     0.04166174
   168     0.07683689     0.05141303     0.00599017     0.00590697     0.15463053     0.17910751     0.12702761     0.14487539     0.06599503     0.09851814     0.02641914     0.04504749
   169     0.08005114     0.05236118     0.00422940     0.00400715     0.17110833     0.19758751     0.13754255     0.15656850     0.07045373     0.10596149     0.02814371     0.04829193
   170     0.08231511     0.05244757     0.00218167     0.00180178     0.18765815     0.21610028     0.14771680     0.16785459     0.07459171     0.11306175     0.02975741     0.05137965
   171     0.08357804     0.05164542    -0.00012785    -0.00068244     0.20414001     0.23450019     0.15748006     0.17866272     0.07837845     0.11976984     0.03125485     0.05429595
   172     0.08380496     0.04994262    -0.00267131    -0.00341581     0.22040719     0.25263504     0.16676367     0.18892438     0.08178592     0.12603807     0.03263135     0.05702692
   173     0.08297718     0.04734179    -0.00541844    -0.00636593     0.23630759     0.27034750     0.17550115     0.19857393     0.08478887     0.13182073     0.03388290     0.05955947
   174     0.08109258     0.04386026    -0.00833680    -0.00949802     0.25168539     0.28747658     0.18362880     0.20754903     0.08736521     0.13707456     0.03500616     0.06188138
   175     0.07816573     0.03952977    -0.01139213    -0.01277525     0.26638279     0.30385928     0.19108619     0.21579105     0.08949628     0.14175931     0.03599838     0.06398137
   176     0.07422776     0.03439602    -0.01454864    -0.01615910     0.28024189     0.31933234     0.19781670     0.22324546     0.09116707     0.14583818     0.03685740     0.06584914
   177     0.06932597     0.02851803    -0.01776937    -0.01960972     0.29310666     0.33373416     0.20376809     0.22986220     0.09236648     0.14927829     0.03758159     0.06747535
   178     0.06352331     0.02196739    -0.02101651    -0.02308634     0.30482505     0.34690669     0.20889293     0.23559598     0.09308747     0.15205113     0.03816978     0.06885173
   179     0.05689750     0.01482723    -0.02425179    -0.02654769     0.31525109     0.35869751     0.21314911     0.24040664     0.09332720     0.15413292     0.03862125     0.06997107
   180     0.04954004     0.00719117    -0.02743682    -0.02995238     0.32424708     0.36896187     0.21650021     0.24425935     0.09308709     0.15550498     0.03893566     0.07082721
   181     0.04155491    -0.00083798    -0.03053347    -0.03325931     0.33168576     0.37756482     0.21891594     0.24712488     0.09237291     0.15615401     0.03911302     0.07141513
   182     0.03305707    -0.00914957    -0.03350428    -0.03642813     0.33745247     0.38438326     0.22037244     0.24897976     0.09119473     0.15607234     0.03915363     0.07173093
   183     0.02417085    -0.01762660    -0.03631274    -0.03941960     0.34144725     0.38930800     0.22085255     0.24980646     0.08956688     0.15525814     0.03905805     0.07177183
   184     0.01502803    -0.02614729    -0.03892373    -0.04219601     0.34358682     0.39224576     0.22034608     0.24959344     0.08750784     0.15371558     0.03882708     0.07153621
   185     0.00576589    -0.03458669    -0.04130382    -0.04472155     0.34380647     0.39312098     0.21884990     0.24833527     0.08504009     0.15145487     0.03846172     0.07102362
   186    -0.00347492    -0.04281845    -0.04342162    -0.04696269     0.34206174     0.39187763     0.21636811     0.24603259     0.08218993     0.14849230     0.03796317     0.07023478
   187    -0.01255252    -0.05071648    -0.04524811    -0.04888850     0.33832994     0.38848072     0.21291203     0.24269210     0.07898719     0.14485021     0.03733281     0.06917157
   188    -0.02132608    -0.05815669    -0.04675689    -0.05047100     0.33261140     0.38291769     0.20850020     0.23832651     0.07546501     0.14055688     0.03657222     0.06783711
   189    -0.02965798    -0.06501881    -0.04792449    -0.05168541     0.32493046     0.37519952     0.20315825     0.23295439     0.07165944     0.13564638     0.03568316     0.06623569
   190    -0.03741599    -0.07118801    -0.04873062    -0.05251044     0.31533616     0.36536155     0.19691879     0.22660003     0.06760912     0.13015830     0.03466765     0.06437284
   191    -0.04447534    -0.07655660    -0.04915832    -0.05292846     0.30390256     0.35346409     0.18982113     0.21929329     0.06335488     0.12413752     0.03352796     0.06225531
   192    -0.05072064    -0.08102563    -0.04919422    -0.05292575     0.29072875     0.33959256     0.18191105     0.21106931     0.05893928     0.11763382     0.03226668     0.05989109
   193    -0.05604762    -0.08450636    -0.04882860    -0.05249258     0.27593846     0.32385743     0.17324040     0.20196836     0.05440617     0.11070148     0.03088678     0.05728946
   194    -0.06036472    -0.08692166    -0.04805557    -0.05162334     0.25967922     0.30639365     0.16386680     0.19203549     0.04980022     0.10339884     0.02939166     0.05446094
   195    -0.06359438    -0.08820720    -0.04687308    -0.05031660     0.24212125     0.28735986     0.15385308     0.18132029     0.04516639     0.09578776     0.02778525     0.05141737
   196    -0.06567408    -0.08831255    -0.04528296    -0.04857511     0.22345577     0.26693704     0.14326691     0.16987663     0.04054946     0.08793310     0.02607206     0.04817187
   197    -0.06655714    -0.08720200    -0.04329094    -0.04640576     0.20389307     0.24532691     0.13218017     0.15776231     0.03599346     0.07990213     0.02425731     0.04473889
   198    -0.06621324    -0.08485523    -0.04090654    -0.04381953     0.18366009     0.22274989     0.12066847     0.14503880     0.03154115     0.07176389     0.02234697     0.04113419
   199    -0.06462864    -0.08126770    -0.03814300    -0.04083136     0.16299772     0.19944272     0.10881045     0.13177099     0.02723347     0.06358865     0.02034789     0.03737483
   200    -0.06180615    -0.07645082    -0.03501714    -0.03745997     0.14215769     0.17565573     0.09668719     0.11802689     0.02310903     0.05544722     0.01826784     0.03347917
   201    -0.05776482    -0.07043186    -0.03154920    -0.03372770     0.12139923     0.15164981     0.08438148     0.10387740     0.01920346     0.04741049     0.01611560     0.02946684
   202    -0.05253944    -0.06325356    -0.02776260    -0.02966024     0.10098548     0.12769311     0.07197703     0.08939617     0.01554888     0.03954893     0.01390106     0.02535871
   203    -0.04617979    -0.05497349    -0.02368370    -0.02528636     0.08117974     0.10405750     0.05955759     0.07465940     0.01217311     0.03193237     0.01163519     0.02117679
   204    -0.03874974    -0.04566317    -0.01934152    -0.02063764     0.06224150     0.08101489     0.04720587     0.05974585     0.00909888     0.02463000     0.00933012     0.01694418
   205    -0.03032636    -0.03540672    -0.01476742    -0.01574813     0.04442256     0.05883341     0.03500220     0.04473688     0.00634257     0.01771109     0.00699914     0.01268496
   206    -0.02099940    -0.02429882    -0.00999464    -0.01065412     0.02796304     0.03777348     0.02302269     0.02971674     0.00391238     0.01124662     0.00465665     0.00842404
   207    -0.01087583    -0.01243734    -0.00505729    -0.00539443     0.01308760     0.01808394     0.01133648     0.01477318     0.00180504     0.00531309     0.00231812     0.00418702
   208    -0.00000003     0.00000001    -0.00000000    -0.00000000    -0.00000000     0.00000000     0.00000001    -0.00000001    -0.00000000    -0.00000000    -0.00000000     0.00000000
   209     0.01146484     0.01294025     0.00514648     0.00548245    -0.01111321    -0.01626767    -0.01095113    -0.01450043    -0.00155325    -0.00457328    -0.00228037    -0.00411068
   210     0.02334517     0.02631022     0.01035083     0.01100573    -0.02009815    -0.03052401    -0.02151550    -0.02861453    -0.00296056    -0.00822264    -0.00450494    -0.00811865
   211     0.03558173     0.03991516     0.01556667     0.01653739    -0.02682584    -0.04260337    -0.03177887    -0.04218859    -0.00443795    -0.01062148    -0.00665514    -0.01199777
   212     0.04804031     0.05363154     0.02075703     0.02203607    -0.03119883    -0.05236815    -0.04202832    -0.05497554    -0.00643371    -0.01111881    -0.00871207    -0.01572246
   213     0.06059308     0.06732904     0.02588465     0.02746192    -0.03315249    -0.05971181    -0.05320222    -0.06634064    -0.00994100    -0.00827176    -0.01065675    -0.01926802
   214     0.07311432     0.08087806     0.03091305     0.03277633    -0.03265629    -0.06456106    -0.06897043    -0.07221741    -0.01919496     0.00188661    -0.01247036    -0.02261096
   215     0.08548108     0.09415220     0.03580695     0.03794211    -0.02971460    -0.06687749    -0.05213630    -0.02820680    -0.07751882    -0.01880601    -0.01413459    -0.02572935
   216     0.09757442     0.10702990     0.04053266     0.04292388    -0.02436677    -0.06665866    -0.02030164    -0.02105630    -0.09532616    -0.05549562    -0.01563184    -0.02860314
   217     0.10928059     0.11939590     0.04505834     0.04768829    -0.01668673    -0.06393874    -0.01082867    -0.02311104    -0.09629626    -0.07472411    -0.01694558    -0.03121455
   218     0.12049230     0.13114249     0.04935433     0.05220433    -0.00678194    -0.05878857    -0.00547558    -0.02436044    -0.08807658    -0.09704516    -0.01806063    -0.03354839
   219     0.13110967     0.14217058     0.05339334     0.05644356     0.00520827    -0.05131509    -0.00157870    -0.02461733    -0.07814535    -0.11780096    -0.01896343    -0.03559234
   220     0.14104127     0.15239059     0.05715070     0.06038033     0.01911491    -0.04166035     0.00166487    -0.02406904    -0.07236431    -0.13173618    -0.01964230    -0.03733727
   221     0.15020486     0.16172326     0.06060455     0.06399193     0.03474213    -0.02999989     0.00457890    -0.02287507    -0.06889555    -0.14086567    -0.02008771    -0.03877748
   222     0.15852807     0.17010018     0.06373593     0.06725875     0.05187050    -0.01654064     0.00730527    -0.02115269    -0.06580967    -0.14717832    -0.02029244    -0.03991088
   223     0.16594891     0.17746428     0.06652895     0.07016435     0.07026079    -0.00151843     0.00990393    -0.01899256    -0.06227544    -0.15153208    -0.02025175    -0.04073916
   224     0.17241616     0.18377006     0.06897083     0.07269557     0.08965828     0.01480488     0.01239430    -0.01647027    -0.05797287    -0.15427107    -0.01996354    -0.04126785
   225     0.17788956     0.18898375     0.07105194     0.07484249     0.10979756     0.03214446     0.01477456    -0.01365275    -0.05278809    -0.15554371    -0.01942837    -0.04150636
   226     0.18233996     0.19308329     0.07276584     0.07659850     0.13040796     0.05019543     0.01703136    -0.01060138    -0.04669802    -0.15542473    -0.01864954    -0.04146791
   227     0.18574923     0.19605820     0.07410922     0.07796020     0.15122008     0.06863523     0.01914507    -0.00737335    -0.03972596    -0.15396330    -0.01763302    -0.04116942
   228     0.18811013     0.19790934     0.07508183     0.07892738     0.17197417     0.08712434     0.02109256    -0.00402188    -0.03192309    -0.15120369    -0.01638743    -0.04063128
   229     0.18942598     0.19864847     0.07568645     0.07950288     0.19243268     0.10530301     0.02284877    -0.00059594    -0.02336019    -0.14719490    -0.01492393    -0.03987710
   230     0.18971035     0.19829786     0.07592868     0.07969247     0.21240293     0.12277772     0.02438731     0.00286057    -0.01412344    -0.14199542    -0.01325612    -0.03893330
   231     0.18898648     0.19688967     0.07581689     0.07950476     0.23178819     0.13907921     0.02568048     0.00631000    -0.00431207    -0.13567548    -0.01139985    -0.03782869
   232     0.18728674     0.19446527     0.07536196     0.07895094     0.25073047     0.15352837     0.02669852     0.00972250     0.00596313    -0.12831806    -0.00937309    -0.03659393
   233     0.18465196     0.19107461     0.07457714     0.07804469     0.27006242     0.16479255     0.02740834     0.01307809     0.01658108    -0.12001903    -0.00719581    -0.03526095
   234     0.18113070     0.18677534     0.07347781     0.07680193     0.28673325     0.17546725     0.02777151     0.01636917     0.02741153    -0.11088663    -0.00488978    -0.03386224
   235     0.17677842     0.18163201     0.07208121     0.07524063     0.23000235     0.25588952     0.02774182     0.01960336     0.03831625    -0.10104064    -0.00247850    -0.03243014
   236     0.17165669     0.17571517     0.07040623     0.07338062     0.22168784     0.28389542     0.02726410     0.02280492     0.04915036    -0.09061106     0.00001291    -0.03099600
   237     0.16583224     0.16910048     0.06847308     0.07124336     0.22425226     0.29673958     0.02627926     0.02600979     0.05976376    -0.07973666     0.00255774    -0.02958937
   238     0.15937612     0.16186772     0.06630301     0.06885173     0.22718293     0.30471909     0.02474981     0.02924011     0.07000280    -0.06856312     0.00512771    -0.02823711
   239     0.15236270     0.15409987     0.06391803     0.06622985     0.22871090     0.30945774     0.02273192     0.03243195     0.07971199    -0.05724112     0.00769292    -0.02696248
   240     0.14486878     0.14588208     0.06134057     0.06340284     0.22832275     0.31139626     0.02049430     0.03531623     0.08873595    -0.04592413     0.01022183    -0.02578424
   241     0.13697266     0.13730076     0.05859323     0.06039660     0.22585359     0.31070038     0.01853289     0.03740370     0.09692139    -0.03476612     0.01268117    -0.02471588
   242     0.12875322     0.12844256     0.05569847     0.05723758     0.22128743     0.30746018     0.01725364     0.03830165     0.10411923    -0.02391909     0.01503592    -0.02376479
   243     0.12028905     0.11939344     0.05267842     0.05395249     0.21469428     0.30175165     0.01662785     0.03805818     0.11018673    -0.01353051     0.01724931    -0.02293170
   244     0.11165758     0.11023774     0.04955469     0.05056804     0.20620367     0.29366062     0.01633089     0.03702279     0.11498978    -0.00374078     0.01928298    -0.02221026
   245     0.10293435     0.10105723     0.04634825     0.04711059     0.19598976     0.28329387     0.01606041     0.03552764     0.11840525     0.00531932     0.02109724    -0.02158680
   246     0.09419223     0.09193031     0.04307937     0.04360575     0.18426071     0.27078488     0.01564761     0.03377557     0.12032367     0.01353090     0.02265152    -0.02104049
   247     0.08550081     0.08293114     0.03976757     0.04007808     0.17124988     0.25629655     0.01502729     0.03186931     0.12065240     0.02078866     0.02390506    -0.02054370
   248     0.07692574     0.07412888     0.03643164     0.03655070     0.15720815     0.24002184     0.01419114     0.02985754     0.11931973     0.02700164     0.02481784    -0.02006280
   249     0.06852832     0.06558700     0.03308958     0.03304500     0.14239716     0.22218236     0.01315844     0.02776338     0.11628056     0.03209221     0.02535160    -0.01955914
   250     0.06036497     0.05736269     0.02975857     0.02958044     0.12708349     0.20302531     0.01196135     0.02559836     0.11152406     0.03599287     0.02547110    -0.01899031
   251     0.05248692     0.04950629     0.02645484     0.02617439     0.11153355     0.18281881     0.01063804     0.02336856     0.10508360     0.03864042     0.02514532    -0.01831154
   252     0.04493988     0.04206094     0.02319358     0.02284208     0.09600927     0.16184612     0.00922944     0.02107709     0.09704749     0.03996896     0.02434860    -0.01747705
   253     0.03776381     0.03506229     0.01998875     0.01959660     0.08076417     0.14039891     0.00777769     0.01872484     0.08756651     0.03990545     0.02306150    -0.01644127
   254     0.03099273     0.02853834     0.01685299     0.01644898     0.06603993     0.11877018     0.00632539     0.01631048     0.07685179     0.03837425     0.02127135    -0.01515979
   255     0.02465455     0.02250947     0.01379744     0.01340824     0.05206324     0.09724708     0.00491520     0.01383012     0.06515702     0.03531633     0.01897226    -0.01358987
   256     0.01877100     0.01698859     0.01083168     0.01048153     0.03904310     0.07610386     0.00358975     0.01127653     0.05274630     0.03072189     0.01616462    -0.01169051
   257     0.01335756     0.01198141     0.00796369     0.00767421     0.02716865     0.05559526     0.00239163     0.00863821     0.03985884     0.02466463     0.01285407    -0.00942208
   258     0.00842350     0.00748682     0.00519987     0.00498994     0.01660776     0.03595043     0.00136375     0.00589809     0.02668637     0.01732206     0.00904989    -0.00674533
   259     0.00397183     0.00349749     0.00254513     0.00243071     0.00750637     0.01736782     0.00054952     0.00303203     0.01337221     0.00897235     0.00476322    -0.00362028
   260     0.00000000     0.00000000    -0.00000001     0.00000001    -0.00000000     0.00000001    -0.00000000    -0.00000000    -0.00000001     0.00000001    -0.00000000     0.00000000
   261    -0.00350085    -0.00302363    -0.00243094    -0.00230548    -0.00581471    -0.01601892    -0.00023531    -0.00324702    -0.01330489    -0.00921314    -0.00523560     0.00416541
   262    -0.00654517    -0.00559563    -0.00474543    -0.00448915    -0.00983077    -0.03062056    -0.00010503    -0.00677396    -0.02647173    -0.01820053    -0.01094106     0.00892797
   263    -0.00915098    -0.00774337    -0.00694672    -0.00655105    -0.01194012    -0.04378675     0.00047037    -0.01069353    -0.03941784    -0.02648836    -0.01714141     0.01436710
   264    -0.01134180    -0.00949626    -0.00903615    -0.00849496    -0.01201225    -0.05555905     0.00158738    -0.01516445    -0.05205677    -0.03359948    -0.02387699     0.02057694
   265    -0.01314470    -0.01088641    -0.01101607    -0.01032516    -0.00985185    -0.06605978     0.00338632    -0.02043543    -0.06431891    -0.03904606    -0.03121983     0.02768252
   266    -0.01458985    -0.01194785    -0.01288955    -0.01204639    -0.00512611    -0.07552598     0.00608768    -0.02691460    -0.07617062    -0.04232455    -0.03928731     0.03585337
   267    -0.01570988    -0.01271579    -0.01466014    -0.01366373     0.00278728    -0.08438429     0.01007019    -0.03531780    -0.08764359    -0.04290113    -0.04826316     0.04532518
   268    -0.01653917    -0.01322606    -0.01633170    -0.01518245     0.01515650    -0.09343290     0.01605630    -0.04702099    -0.09887798    -0.04018377    -0.05843112     0.05643485
   269    -0.01711314    -0.01351451    -0.01790823    -0.01660786     0.03488068    -0.10435385     0.02562854    -0.06504135    -0.11018954    -0.03347102    -0.07023121     0.06967981
   270    -0.01746758    -0.01361644    -0.01939373    -0.01794514     0.06995975    -0.12153426     0.04305485    -0.09750312    -0.12218266    -0.02185652    -0.08435965     0.08582371
   271    -0.01763802    -0.01356609    -0.02079204    -0.01919922     0.15204908    -0.16186066     0.08508696    -0.17618855    -0.13595794    -0.00404307    -0.10195824     0.10609750
   272    -0.01765911    -0.01339611    -0.02210675    -0.02037462     0.61922739    -0.40956671     0.33581207    -0.63930237    -0.15353185     0.02204454    -0.12500331     0.13261280
   273    -0.01756410    -0.01313719    -0.02334103    -0.02147536     0.37566201    -0.20637879     0.13680191    -0.39113412    -0.17878567     0.06014673    -0.15719189     0.16930376
   274    -0.01738429    -0.01281760    -0.02449764    -0.02250483     0.15658699    -0.08732912     0.02292921    -0.16703376    -0.21994225     0.11799663    -0.20626143     0.22439251
   275    -0.01714861    -0.01246293    -0.02557879    -0.02346569     0.09995580    -0.05590646    -0.00247889    -0.10506239    -0.29748837     0.21477831    -0.29142334     0.31828548
   276    -0.01688317    -0.01209592    -0.02658615    -0.02435983     0.07402921    -0.04063852    -0.01105589    -0.07357872    -0.47939651     0.41432011    -0.47648104     0.51872072
   277    -0.01661075    -0.01173645    -0.02752084    -0.02518826     0.05916191    -0.03109096    -0.01339483    -0.05302491    -1.19226060     1.11934339    -1.16383041     1.25165863
   278    -0.01635005    -0.01140190    -0.02838343    -0.02595105     0.04954058    -0.02420606    -0.01270766    -0.03766444    -2.76132579     2.63605726    -2.65812811     2.84039028
   279    -0.01611456    -0.01110818    -0.02917405    -0.02664732     0.04283350    -0.01877440    -0.01035163    -0.02523219    -0.75941027     0.73947168    -0.72770275     0.85056428
   280    -0.01591031    -0.01087176    -0.02989239    -0.02727516     0.03792183    -0.01422926    -0.00703302    -0.01466680    -0.44926997     0.45235135    -0.37060553     0.51965666
   281    -0.01573246    -0.01071322    -0.03053784    -0.02783169     0.03419968    -0.01027537    -0.00317632    -0.00541255    -0.24259800     0.25787511    -0.09279389     0.28150438
   282    -0.01556168    -0.01066104    -0.03110912    -0.02831342     0.03130839    -0.00674805     0.00093698     0.00284425    -0.00648427     0.03065599     0.10913747     0.12448679
   283    -0.01536732    -0.01074869    -0.03160260    -0.02871817     0.02902030    -0.00355145     0.00510864     0.01028911     0.06614945    -0.03453333     0.20057538     0.08062806
   284    -0.01512889    -0.01099361    -0.03200386    -0.02905366     0.02718222    -0.00062853     0.00919543     0.01703346     0.08143506    -0.04318555     0.24806930     0.08196782
   285    -0.01486688    -0.01136679    -0.03225152    -0.02937380     0.02568587     0.00205481     0.01309433     0.02314250     0.08292714    -0.03860252     0.28174448     0.09733532
   286    -0.01463796    -0.01179824    -0.03215879    -0.02985741     0.02445124     0.00451865     0.01673386     0.02865072     0.08072017    -0.03078032     0.31160430     0.11582757
   287    -0.01449041    -0.01222216    -0.03165648    -0.03056541     0.02341695     0.00677429     0.02006795     0.03357168     0.07759993    -0.02247719     0.33890198     0.13536665
   288    -0.01443804    -0.01260370    -0.03114812    -0.03108593     0.02253447     0.00882742     0.02307056     0.03790515     0.07442200    -0.01455646     0.34346200     0.17535504
   289    -0.01446822    -0.01293169    -0.03076893    -0.03127557     0.02176458     0.01067992     0.02573050     0.04164320     0.07143759    -0.00729520     0.31469838     0.24565177
   290    -0.01455737    -0.01320389    -0.03042678    -0.03121867     0.02107546     0.01233088     0.02804619     0.04477565     0.06868887    -0.00077024     0.30363919     0.29454976
   291    -0.01467995    -0.01341877    -0.03005211    -0.03097757     0.02044192     0.01377669     0.03002073     0.04729495     0.06614385     0.00501243     0.30790644     0.32380073
   292    -0.01481156    -0.01357312    -0.02960917    -0.03058170     0.01984533     0.01501071     0.03165763     0.04920020     0.06374668     0.01007090     0.31712821     0.34320893
   293    -0.01492928    -0.01366254    -0.02907921    -0.03004446     0.01927406     0.01602263     0.03295755     0.05049998     0.06143746     0.01442993     0.32692898     0.35664683
   294    -0.01501066    -0.01368306    -0.02845190    -0.02937212     0.01872327     0.01679861     0.03391609     0.05121418     0.05916014     0.01811478     0.33541143     0.36557885
   295    -0.01503233    -0.01363321    -0.02772173    -0.02856745     0.01819254     0.01732347     0.03452177     0.05137554     0.05686563     0.02114936     0.34162637     0.37059634
   296    -0.01496921    -0.01351543    -0.02688694    -0.02763108     0.01768042     0.01758621     0.03475232     0.05103290     0.05451293     0.02355603     0.34504305     0.37195119
   297    -0.01479662    -0.01333450    -0.02595022    -0.02656084     0.01717756     0.01758688     0.03456403     0.05026136     0.05206949     0.02535603     0.34534792     0.36976010
   298    -0.01449650    -0.01309174    -0.02492268    -0.02534790     0.01666300     0.01734027     0.03386431     0.04918929     0.04951141     0.02656964     0.34235909     0.36409210
   299    -0.01406360    -0.01277924    -0.02383760    -0.02396310     0.01610719     0.01687293     0.03280771     0.04770185     0.04682402     0.02721601     0.33598615     0.35500954
   300    -0.01350426    -0.01238136    -0.02275649    -0.02235098     0.01547944     0.01621571     0.03801067     0.03922584     0.04400360     0.02731151     0.32620943     0.34258872
   301    -0.01282904    -0.01188234    -0.02147895    -0.02071987     0.01475465     0.01539703     0.03902877     0.03425200     0.04106300     0.02686412     0.31306824     0.32693039
   302    -0.01204711    -0.01127198    -0.01987904    -0.01920554     0.01391649     0.01443965     0.03698580     0.03170556     0.03805208     0.02585287     0.29665335     0.30816509
   303    -0.01116524    -0.01054673    -0.01815598    -0.01762046     0.01295737     0.01336070     0.03415504     0.02936463     0.03516219     0.02412298     0.27710151     0.28645537
   304    -0.01018912    -0.00970831    -0.01635194    -0.01593596     0.01187681     0.01217315     0.03092652     0.02689253     0.03311468     0.02099709     0.25459111     0.26199613
   305    -0.00912480    -0.00876211    -0.01447474    -0.01415938     0.01067967     0.01088754     0.02743261     0.02421193     0.02349320     0.02494229     0.22933809     0.23501373
   306    -0.00797951    -0.00771614    -0.01253121    -0.01230068     0.00937455     0.00951341     0.02374511     0.02130744     0.01999581     0.02231752     0.20159214     0.20576412
   307    -0.00676206    -0.00658038    -0.01052953    -0.01036990     0.00797268     0.00806025     0.01991542     0.01818514     0.01698157     0.01882623     0.17163281     0.17453041
   308    -0.00548280    -0.00536641    -0.00847899    -0.00837721     0.00648703     0.00653822     0.01598621     0.01486072     0.01387295     0.01511317     0.13976553     0.14161983
   309    -0.00415350    -0.00408713    -0.00638964    -0.00633319     0.00493177     0.00495839     0.01199560     0.01135500     0.01060397     0.01131547     0.10631752     0.10736038
   310    -0.00278670    -0.00275691    -0.00427193    -0.00424886     0.00332184     0.00333300     0.00797897     0.00769198     0.00718286     0.00749902     0.07163364     0.07209705
   311    -0.00139489    -0.00139190    -0.00213741    -0.00213489     0.00167268     0.00167541     0.00396972     0.00389782     0.00363752     0.00371212     0.03607208     0.03618793
   312    -0.00000001     0.00000001     0.00000000     0.00000000    -0.00000001     0.00000001    -0.00000001     0.00000001    -0.00000000     0.00000000     0.00000000     0.00000000
   313     0.07447465     0.07446939     0.06099171     0.06099632    -0.18912020    -0.18912020    -0.48021605    -0.48025557    -1.15810411    -1.15821966     1.79102231     1.79093439
   314     0.14894387     0.14892297     0.12199429     0.12201267    -0.38042681    -0.38042572    -0.95705056    -0.95720941    -2.23690839    -2.23734648     3.50156783     3.50124015
   315     0.22339702     0.22335029     0.18302311     0.18306431    -0.57616723    -0.57616060    -1.42706162    -1.42742171    -3.17602247    -3.17693109     5.06979239     5.06913143
   316     0.29782357     0.29774119     0.24409333     0.24416622    -0.77870894    -0.77868675    -1.88661396    -1.88726050    -3.94326157    -3.94472337     6.46197893     6.46095510
   317     0.37221319     0.37208583     0.30521977     0.30533295    -0.99059661    -0.99054097    -2.33179737    -2.33281972    -4.53285073    -4.53489855     7.67073966     7.66937088
   318     0.44655586     0.44637481     0.36641676     0.36657848    -1.21460379    -1.21448684    -2.75836341    -2.75985559    -4.95722960    -4.95986803     8.70681624     8.70514498
   319     0.52084189     0.52059921     0.42769806     0.42791617    -1.45377353    -1.45355560    -3.16168860    -3.16374926    -5.23815319    -5.24137518     9.59018024     9.58825530
   320     0.59506205     0.59475065     0.48907671     0.48935855    -1.71143773    -1.71106603    -3.53677466    -3.53950631    -5.40012041    -5.40391595    10.34347426    10.34134034
   321     0.66920758     0.66882132     0.55056490     0.55091730    -1.99119919    -1.99060772    -3.87830019    -3.88180748    -5.46659365    -5.47095193    10.98826006    10.98595376
   322     0.74327027     0.74280405     0.61217392     0.61260307    -2.29685376    -2.29596505    -4.18074393    -4.18513032    -5.45830498    -5.46321176    11.54336722    11.54091674
   323     0.81724243     0.81669229     0.67391400     0.67442540    -2.63222309    -2.63095280    -4.43860454    -4.44396663    -5.39281502    -5.39819876    12.02447978    12.02190638
   324     0.89111700     0.89048012     0.73579424     0.73639265    -3.00086628    -2.99913158    -4.64674372    -4.65316243    -5.29045135    -5.28452072    12.44432666    12.44164665
   325     0.96488744     0.96416221     0.79782249     0.79851191    -3.40564720    -3.40337965    -4.80087090    -4.80839901    -5.15168454    -5.14524637    12.81310214    12.81032873
   326     1.03854779     1.03773384     0.86000531     0.86078888    -3.84816232    -3.84532454    -4.89816024    -4.90680664    -4.99137417    -4.98448785    13.13892715    13.13607200
   327     1.11209260     1.11119079     0.92234789     0.92322785    -4.32808762    -4.32469150    -4.93793781    -4.94765093    -4.81711217    -4.80982549    13.42826998    13.42534432
   328     1.18551689     1.18452929     0.98485396     0.98583164    -4.84257745    -4.83869908    -4.92230428    -4.93295914    -4.63491191    -4.62727784    13.68629977    13.68331511
   329     1.25881609     1.25774596     1.04752575     1.04860154    -5.38591307    -5.38169822    -4.85649460    -4.86788962    -4.44949109    -4.44156726    13.91717143    13.91414006
   330     1.33198593     1.33083767     1.11036397     1.11153727    -5.94960465    -5.94525960    -4.74877195    -4.76064040    -4.26449890    -4.25634583    14.12425037    14.12118552
   331     1.40502238     1.40380148     1.17336778     1.17463700    -6.52305305    -6.51881989    -4.60975118    -4.62178804    -4.08270397    -4.07438325    14.31028792    14.30720380
   332     1.47792153     1.47663447     1.23653474     1.23789731    -7.09468864    -7.09081038    -4.45123711    -4.46313583    -3.90615150    -3.89772403    14.47755765    14.47446927
   333     1.55067945     1.54933364     1.29986088     1.30131322    -7.65331245    -7.64999794    -4.28485480    -4.29634397    -3.73629575    -3.72782020    14.62796138    14.62488439
   334     1.62329209     1.62189574     1.36334063     1.36487819    -8.18928499    -8.18668335    -4.12082927    -4.13169939    -3.57411215    -3.56564387    14.76311187    14.76006220
   335     1.69575515     1.69431716     1.42696694     1.42858422    -8.69528902    -8.69347902    -3.96719047    -3.97730539    -3.42019252    -3.41178266    14.88439747    14.88139109
   336     1.76806389     1.76659374     1.49073126     1.49242183    -9.16657624    -9.16556987    -3.82949541    -3.83878929    -3.27482553    -3.26652058    14.99303307    14.99008561
   337     1.84021304     1.83872066     1.55462364     1.55638019    -9.60078201    -9.60053756    -3.71098461    -3.71944907    -3.13806438    -3.12990596    15.09010024    15.08722671
   338     1.91219664     1.91069225     1.61863277     1.62044718    -9.99748155    -9.99792050    -3.61300024    -3.62066757    -3.00978330    -3.00180816    15.17657908    15.17379357
   339     1.98400786     1.98250187     1.68274612     1.68460950   -10.35765988   -10.35868304    -3.53549421    -3.54242106    -2.88972415    -2.88196438    15.25337343    15.25068888
   340     2.05563893     2.05414177     1.74695000     1.74885278   -10.68321568   -10.68471626    -3.47750593    -3.48376007    -2.77753444    -2.77001777    15.32133088    15.31875882
   341     2.12708094     2.12560292     1.81122971     1.81316171   -10.97655895   -10.97843175    -3.43755010    -3.44320076    -2.67279805    -2.66554818    15.38125842    15.37880884
   342     2.19832375     2.19687495     1.87556966     1.87752019   -11.24031668   -11.24246379    -3.41390092    -3.41900990    -2.57505953    -2.56809655    15.43393469    15.43161592
   343     2.26935589     2.26794596     1.93995349     1.94191146   -11.47713539   -11.47946918    -3.40925409    -3.40492342    -2.48384319    -2.47718395    15.48011928    15.47793793
   344     2.34016440     2.33880250     2.00436427     2.00631827   -11.68955976   -11.69200392    -3.41265481    -3.40845110    -2.39866777    -2.39232622    15.52055959    15.51852053
   345     2.41073481     2.40942945     2.06878462     2.07072304   -11.87996572   -11.88245509    -3.42716052    -3.42334097    -2.31905742    -2.31304495    15.55599560    15.55410195
   346     2.48105101     2.47980996     2.13319689     2.13510805   -12.05053413   -12.05300562    -3.45147232    -3.44800492    -2.24454987    -2.23887553    15.58716275    15.58541598
   347     2.55109526     2.54992538     2.19758330     2.19945557   -12.20564782   -12.20322197    -3.48430483    -3.48116220    -2.17470213    -2.16937287    15.61479337    15.61319337
   348     2.62084807     2.61975530     2.26192617     2.26374806   -12.34214677   -12.33981086    -3.52452716    -3.52168691    -2.10909441    -2.10411523    15.63961661    15.63816179
   349     2.69028825     2.68927748     2.32620803     2.32796833   -12.46409492   -12.46187884    -3.57115124    -3.56859486    -2.04733252    -2.04270662    15.66235714    15.66104461
   350     2.75939288     2.75846787     2.39041181     2.39209972   -12.57290942   -12.57083617    -3.62331673    -3.62102857    -1.98904924    -1.98477809    15.68373286    15.68255851
   351     2.82813734     2.82730069     2.45452100     2.45612623   -12.66985261   -12.66793958    -3.68027533    -3.67824164    -1.93390478    -1.92998816    15.70445155    15.70341023
   352     2.89649534     2.89574842     2.51851981     2.52003269   -12.75604928   -12.75430897    -3.74137589    -3.73958399    -1.88158659    -1.87802270    15.72520672    15.72429241
   353     2.96443896     2.96378190     2.58239329     2.58380488   -12.83250256   -12.83094305    -3.80605067    -3.80448830    -1.83180882    -1.82859425    15.74667280    15.74587872
   354     3.03193876     3.03137045     2.64612748     2.64742968   -12.90010824   -12.89873366    -3.87380326    -3.87245808    -1.78431135    -1.78144113    15.76949963    15.76881840
   355     3.09896387     3.09848192     2.70970950     2.71089515   -12.95966754   -12.95847837    -3.94419804    -3.94305727    -1.73885865    -1.73632630    15.79430655    15.79373031
   356     3.16548205     3.16508283     2.77312770     2.77419064   -13.01189839   -13.01089170    -4.01685114    -4.01590128    -1.69523851    -1.69303608    15.82167603    15.82119656
   357     3.23145987     3.23113855     2.83637170     2.83730685   -13.05744526   -13.05661492    -4.09142263    -4.09064936    -1.65326068    -1.65137880    15.85213927    15.85176373
   358     3.29686279     3.29661336     2.89943247     2.90023591   -13.09688774   -13.09622461    -4.16761005    -4.16699816    -1.61275551    -1.61118346    15.88589710    15.88620843
   359     3.36165535     3.36147071     2.96230237     2.96297138   -13.13074801   -13.13024008    -4.24514279    -4.24467624    -1.57357256    -1.57229836    15.92405181    15.92429185
   360     3.42580130     3.42567331     3.02497518     3.02550828   -13.15949736   -13.15912993    -4.32377742    -4.32343944    -1.53557925    -1.53458977    15.96658816    15.96676528
   361     3.48926373     3.48918331     3.08744614     3.08784310   -13.18356182   -13.18331764    -4.40329372    -4.40306695    -1.49865954    -1.49794064    16.01380403    16.01392627
   362     3.55200528     3.55196253     3.14971186     3.14997375   -13.20332710   -13.20318663    -4.48349131    -4.48335803    -1.46271273    -1.46224939    16.06592085    16.06599576
   363     3.61398830     3.61397254     3.21177037     3.21189951   -13.21914298   -13.21908452    -4.56418685    -4.56412912    -1.42765221    -1.42742869    16.12307769    16.12311215
   364     3.67517495     3.67517495     3.27362100     3.27362100   -13.23132699   -13.23132701    -4.64521154    -4.64521153    -1.39340438    -1.39340438    16.18532596    16.18532593
   365     3.73553145     3.73552745     3.33514002     3.33526439   -13.24020121   -13.24016785    -4.72644931    -4.72640915    -1.36011437    -1.35990754    16.25259489    16.25262469
   366     3.79500408     3.79500815     3.39645956     3.39670231   -13.24596865   -13.24592833    -4.80769750    -4.80763419    -1.32750772    -1.32711091    16.32478012    16.32483642
   367     3.85355533     3.85357974     3.45758356     3.45793760   -13.24886785   -13.24884790    -4.88882065    -4.88875047    -1.29554357    -1.29497367    16.40164266    16.40172404
   368     3.91114827     3.91120535     3.51851687     3.51897410   -13.24911670   -13.24914503    -4.96969145    -4.96962971    -1.26419032    -1.26346408    16.48284116    16.48294843
   369     3.96774673     3.96784870     3.57926506     3.57981643   -13.24691454   -13.24701922    -5.05018960    -5.05015054    -1.23342477    -1.23255860    16.56793046    16.56806702
   370     4.02331536     4.02347421     3.63983428     3.64046992   -13.24244395   -13.24265282    -5.13020083    -5.13019743    -1.20323126    -1.20224111    16.65636118    16.65653343
   371     4.07781976     4.07804707     3.70023112     3.70094045   -13.23587243   -13.23621271    -5.20961603    -5.20965990    -1.17360093    -1.17250212    16.74748040    16.74769815
   372     4.13122655     4.13153338     3.76046241     3.76123427   -13.22735381   -13.22785168    -5.28833045    -5.28843181    -1.14453095    -1.14333808    16.84053344    16.84081035
   373     4.18350345     4.18390017     3.82053509     3.82135790   -13.21702959   -13.21770979    -5.36624308    -5.36641069    -1.11602379    -1.11475064    16.93466689    16.93502074
   374     4.23461947     4.23511531     3.88045602     3.88131790   -13.20503004   -13.20591546    -5.44325605    -5.44349721    -1.08808656    -1.08674599    17.02893266    17.02938572
   375     4.28514564     4.28454687     3.94023187     3.94112081   -13.19147523   -13.19258658    -5.51927415    -5.51959471    -1.06073029    -1.05933419    17.12229329    17.12287256
   376     4.33396914     4.33324898     3.99986890     4.00077290   -13.17647591   -13.17783135    -5.59420434    -5.59460880    -1.03396929    -1.03252857    17.21362847    17.21436578
   377     4.38154903     4.38070610     4.05937290     4.06028013   -13.16013428   -13.16174916    -5.66795544    -5.66844699    -1.00782051    -1.00634507    17.30174251    17.30267460
   378     4.42786014     4.42688913     4.11874900     4.11964796   -13.14254469   -13.14443124    -5.74043780    -5.74101840    -0.98230292    -0.98080165    17.38537309    17.38654150
   379     4.47287584     4.47177251     4.17800161     4.17888125   -13.12379421   -13.12596139    -5.81156302    -5.81223353    -0.95743686    -0.95591773    17.46320090    17.46465172
   380     4.51657043     4.51533179     4.23713430     4.23798416   -13.10396318   -13.10641644    -5.88124376    -5.88200403    -0.93324352    -0.93171356    17.53386027    17.53564375
   381     4.55891912     4.55754343     4.29614974     4.29696008   -13.08312558   -13.08586684    -5.94939357    -5.95024250    -0.90974427    -0.90820969    17.59595062    17.59812061
   382     4.59989798     4.59838480     4.35504966     4.35581155   -13.06134949   -13.06437700    -6.01592680    -6.01686241    -0.88696017    -0.88542639    17.64804875    17.65066196
   383     4.63948389     4.63783400     4.41383483     4.41454024   -13.03869735   -13.04200575    -6.08075856    -6.08177788    -0.86491137    -0.86338313    17.68872163    17.69183670
   384     4.67765438     4.67586984     4.47250503     4.47314691   -13.01522623   -13.01880657    -6.14380480    -6.14490349    -0.84361662    -0.84209808    17.71653980    17.72021624
   385     4.71438760     4.71247167     4.53105913     4.53163146   -12.99098811   -12.99482797    -6.20498286    -6.20615372    -0.82309275    -0.82158757    17.73009110    17.73438807
   386     4.74966219     4.74761929     4.58949511     4.58999290   -12.96603002   -12.97011364    -6.26421382    -6.26544048    -0.80335419    -0.80186561    17.72799462    17.73296950
   387     4.78345718     4.78129283     4.64781015     4.64822948   -12.94039423   -12.94470272    -6.32143852    -6.32265727    -0.78441252    -0.78294349    17.70891470    17.71462168
   388     4.81575189     4.81347269     4.70600072     4.70633873   -12.91411836   -12.91862994    -6.37679595    -6.37750075    -0.76627610    -0.76482932    17.67157492    17.67806334
   389     4.84652581     4.84413933     4.76406275     4.76431759   -12.88723553   -12.89192581    -6.43050733    -6.42958682    -0.74894961    -0.74752764    17.61477177    17.62208450
   390     4.87575849     4.87327328     4.82199171     4.82216252   -12.85977444   -12.86461670    -6.48133817    -6.47998871    -0.73243379    -0.73103909    17.53738796    17.54555971
   391     4.90342948     4.90085492     4.87978285     4.87986970   -12.83175950   -12.83672504    -6.52965855    -6.52817685    -0.71672512    -0.71536013    17.43840513    17.44746082
   392     4.92951816     4.92686449     4.93743131     4.93743514   -12.80321086   -12.80826934    -6.57550993    -6.57395227    -0.70181557    -0.70048272    17.31691596    17.32686904
   393     4.95400371     4.95128194     4.99493237     4.99485493   -12.77414457   -12.77926440    -6.61883244    -6.61721954    -0.68769242    -0.68639418    17.17213527    17.18298628
   394     4.97686498     4.97408686     5.05228162     5.05212539   -12.74457262   -12.74972131    -6.65955395    -6.65789785    -0.67433812    -0.67307703    17.00341030    17.01514538
   395     4.99808043     4.99525841     5.10947518     5.10924332   -12.71450309   -12.71964763    -6.69760070    -6.69591070    -0.66173022    -0.66050887    16.81022972    16.82281947
   396     5.01762805     5.01477526     5.16650989     5.16620618   -12.68394022   -12.68904749    -6.73289945    -6.73118392    -0.64984135    -0.64866237    16.59223151    16.60562997
   397     5.03548529     5.03261552     5.22338353     5.22301231   -12.65288455   -12.65792167    -6.76537814    -6.76364529    -0.63863926    -0.63750531    16.34920951    16.36335335
   398     5.05162902     5.04875666     5.28009499     5.27966114   -12.62133307   -12.62626781    -6.79496622    -6.79322444    -0.62808692    -0.62700067    16.08111844    16.09592657
   399     5.06603543     5.06317553     5.33664446     5.33615337   -12.58927940   -12.59408049    -6.82159486    -6.81985286    -0.61814272    -0.61710680    15.78807759    15.80345094
   400     5.07868005     5.07584823     5.39303360     5.39249117   -12.55671391   -12.56135142    -6.84519707    -6.84346402    -0.60876067    -0.60777763    15.47037282    15.48619452
   401     5.08953767     5.08675013     5.44926564     5.44867830   -12.52362400   -12.52806965    -6.86570784    -6.86399344    -0.59989069    -0.59896297    15.12845708    15.14459299
   402     5.09858228     5.09585580     5.50534555     5.50472024   -12.48999425   -12.49422173    -6.88306430    -6.88137877    -0.59147900    -0.59060886    14.76294926    14.77924886
   403     5.10578714     5.10313898     5.56128006     5.56062434   -12.45580675   -12.45979198    -6.89720575    -6.89555987    -0.58346847    -0.58265797    14.37463151    14.39092913
   404     5.11112462     5.10857253     5.61707777     5.61639979   -12.42104129   -12.42476271    -6.90807382    -6.90647892    -0.57579912    -0.57505006    13.96444492    13.98056137
   405     5.11456630     5.11212842     5.67274908     5.67205773   -12.38567575   -12.38911451    -6.91561253    -6.91408042    -0.56840863    -0.56772249    13.53348370    13.54922823
   406     5.11608285     5.11377764     5.72830627     5.72761116   -12.34968632   -12.35282652    -6.91976837    -6.91831132    -0.56123284    -0.56061080    13.08298789    13.09816048
   407     5.11564407     5.11349020     5.78376334     5.78307494   -12.31304792   -12.31587676    -6.92049037    -6.91912102    -0.55420638    -0.55364924    12.61433459    12.62872855
   408     5.11321883     5.11123504     5.83913597     5.83846562   -12.27573453   -12.27824244    -6.91773010    -6.91646141    -0.54726328    -0.54677145    12.12902798    12.14243284
   409     5.10877508     5.10698004     5.89444133     5.89380133   -12.23771957   -12.23990030    -6.91144180    -6.91028690    -0.54033757    -0.53991108    11.62868801    11.64089263
   410     5.10227976     5.10069189     5.94969789     5.94910158   -12.19897628   -12.20082698    -6.90158228    -6.90055440    -0.53336399    -0.53300247    11.11503810    11.12583399
   411     5.09369882     5.09233609     6.00492481     6.00438740   -12.15947811   -12.16099938    -6.88811102    -6.88722334    -0.52627859    -0.52598128    10.58989183    10.59907660
   412     5.08299719     5.08187688     6.05967879     6.06014391   -12.11919915   -12.12039499    -6.87099012    -6.87025565    -0.51901947    -0.51878522    10.05513881    10.06251971
   413     5.07013868     5.06927717     6.11499904     6.11537472   -12.07811452   -12.07899230    -6.85018425    -6.84961570    -0.51152737    -0.51135468     9.51272991     9.51812742
   414     5.05508600     5.05449849     6.17036983     6.17063868   -12.03620074   -12.03677110    -6.82566066    -6.82527026    -0.50374632    -0.50363339     8.96466200     8.96791334
   415     5.03780070     5.03750093     6.22581284     6.22595671   -11.99343612   -11.99371287    -6.79738908    -6.79718845    -0.49562431    -0.49556902     8.41296229     8.41392492
   416     5.01824309     5.01824309     6.28134909     6.28134909   -11.94980111   -11.94980110    -6.76534167    -6.76534167    -0.48711384    -0.48711383     1.54828836     1.07730121
   417     4.99668207     4.99637226     6.33683503     6.33699840   -11.90502147   -11.90527871    -6.72970345    -6.72949295    -0.47822519    -0.47817244    -0.85238525    -0.75307989
   418     4.97277336     4.97214597     6.39243227     6.39277891   -11.85936234   -11.85985459    -6.69024949    -6.68981968    -0.46886607    -0.46876325    -0.88056887    -0.78082016
   419     4.94647088     4.94552067     6.44815655     6.44870659   -11.81281472   -11.81351751    -6.64695743    -6.64630076    -0.45900552    -0.45885543    -0.90385568    -0.80480046
   420     4.91772696     4.91645145     6.50402119     6.50479471   -11.76537259   -11.76625944    -6.59980681    -6.59891719    -0.44861909    -0.44842456    -0.92192918    -0.82451058
   421     4.88649231     4.88489202     6.56003652     6.56105329   -11.71703298   -11.71807572    -6.54877895    -6.54765187    -0.43768911    -0.43745298    -0.93451589    -0.83947568
   422     4.85271610     4.85079471     6.61620944     6.61748865   -11.66779600   -11.66896512    -6.49385688    -6.49248955    -0.42620500    -0.42593005    -0.94138902    -0.84927761
   423     4.81634597     4.81411050     6.67254288     6.67410280   -11.61766481   -11.61892984    -6.43502519    -6.43341669    -0.41416342    -0.41385236    -0.94237183    -0.85357114
   424     4.77732810     4.77478911     6.72903527     6.73089294   -11.56664558   -11.56797543    -6.37226999    -6.37042140    -0.40156842    -0.40122382    -0.93734035    -0.85209405
   425     4.73560721     4.73277908     6.78568006     6.78785099   -11.51474722   -11.51611063    -6.30557880    -6.30349329    -0.38843143    -0.38805573    -0.92622562    -0.84467176
   426     4.69112632     4.68802838     6.84246518     6.84496298   -11.46198113   -11.46334703    -6.23494055    -6.23262344    -0.37477128    -0.37436672    -0.90901537    -0.83121755
   427     4.64382342     4.64048791     6.89937254     6.90220862   -11.40836083   -11.40969876    -6.16034545    -6.15780431    -0.36061398    -0.36018265    -0.88575496    -0.81172992
   428     4.59351318     4.59023032     6.95637748     6.95956075   -11.35390143   -11.35518194    -6.08178507    -6.07902970    -0.34599260    -0.34553637    -0.85654778    -0.78628815
   429     4.53686609     4.54047118     7.01344826     7.01698484   -11.29861903   -11.29981408    -5.99925228    -5.99629475    -0.33094693    -0.33046749    -0.82155490    -0.75504693
   430     4.48052914     4.48444901     7.07054549     7.07443841   -11.24252995   -11.24361328    -5.91274136    -5.90959594    -0.31552313    -0.31502199    -0.78099405    -0.71823068
   431     4.42123709     4.42531456     7.12762157     7.13187056   -11.18564983   -11.18659738    -5.82224803    -5.81893113    -0.29977331    -0.29925179    -0.73513786    -0.67612756
   432     4.35887777     4.36306625     7.18462001     7.18922126   -11.12799262   -11.12878284    -5.72776958    -5.72429964    -0.28375498    -0.28321427    -0.68431144    -0.62908342
   433     4.29339152     4.29765166     7.24147482     7.24642079   -11.06956928   -11.07018354    -5.62930504    -5.62570239    -0.26753053    -0.26697166    -0.62888925    -0.57749559
   434     4.22472320     4.22901637     7.29810962     7.30338889   -11.01038642   -11.01080929    -5.52685537    -5.52314201    -0.25116653    -0.25059048    -0.56929130    -0.52180646
   435     4.15281986     4.15710733     7.35443683     7.36003394   -10.95044461   -10.95066421    -5.42042368    -5.41662309    -0.23473313    -0.23414077    -0.50597864    -0.46249674
   436     4.07763087     4.08187396     7.41035649     7.41625185   -10.88973647   -10.88974478    -5.31001554    -5.30615241    -0.21830325    -0.21769545    -0.43944836    -0.40007845
   437     3.99910832     4.00326886     7.46575503     7.47192479   -10.82824442   -10.82803759    -5.19563931    -5.19173922    -0.20195186    -0.20132947    -0.37022792    -0.33508753
   438     3.91720768     3.92124850     7.52050359     7.52691954   -10.76593811   -10.76551675    -5.07730648    -5.07339560    -0.18575516    -0.18511907    -0.29886903    -0.26807605
   439     3.83188845     3.83577397     7.57445602     7.58108550   -10.70277129   -10.70214080    -4.95503209    -4.95113680    -0.16978976    -0.16914093    -0.22594110    -0.19960415
   440     3.74311488     3.74681167     7.62744635     7.63425212   -10.63867817   -10.63784909    -4.82883518    -4.82498172    -0.15413183    -0.15347134    -0.15202439    -0.13023153
   441     3.65085674     3.65433407     7.67928550     7.68622556   -10.57356903   -10.57255740    -4.69873926    -4.69495332    -0.13885630    -0.13818535    -0.07770288    -0.06050863
   442     3.55509010     3.55832046     7.72975721     7.73678458   -10.50732489   -10.50615265    -4.56477282    -4.56107915    -0.12403600    -0.12335593    -0.00355733     0.00903266
   443     3.45579809     3.45875774     7.77861259     7.78567499   -10.43979091   -10.43848644    -4.42696984    -4.42339187    -0.10974083    -0.10905317     0.06984142     0.07788897
   444     3.35297177     3.35564109     7.82556326     7.83260268   -10.37076825   -10.36936699    -4.28537035    -4.28192980    -0.09603698    -0.09534346     0.14193803     0.14559653
   445     3.24661091     3.24897483     7.87027226     7.87722436   -10.30000381   -10.29854895    -4.14002097    -4.13673748    -0.08298618    -0.08228873     0.21219575     0.21174473
   446     3.13672474     3.13877303     7.91234221     7.91913550   -10.22717709   -10.22572057    -3.99097545    -3.98786628    -0.07064495    -0.06994570     0.28009370     0.27599522
   447     3.02333280     3.02506025     7.95129955     7.95785436   -10.15188331   -10.15048697    -3.83829523    -3.83537494    -0.05906394    -0.05836525     0.34510955     0.33811532
   448     2.90646560     2.90787216     7.98657377     7.99280080   -10.07361129   -10.07234834    -3.68204992    -3.67933016    -0.04828734    -0.04759175     0.40666237     0.39805047
   449     2.78616532     2.78725614     8.01746930     8.02326780    -9.99171423    -9.99067119    -3.52231779    -3.51980714    -0.03835228    -0.03766257     0.46393932     0.45611222
   450     2.66248645     2.66327174     8.04312773     8.04838310    -9.90537058    -9.90464965    -3.35918626    -3.35689006    -0.02928841    -0.02860751     0.51544035     0.51344708
   451     2.53549627     2.53599117     8.06247599     8.06705671    -9.81353102    -9.81325317    -3.19275223    -3.19067259    -0.02111747    -0.02044847     0.55916942     0.57185751
   452     2.40527538     2.40549960     8.07415504     8.07790875    -9.71484577    -9.71515461    -3.02312243    -3.02125828    -0.01385295    -0.01319911     0.59909362     0.62735332
   453     2.27191796     2.27189545     8.07642028     8.07916879    -9.60756361    -9.60863032    -2.85041369    -2.84876087    -0.00749993    -0.00686458     0.64069560     0.67460775
   454     2.13553208     2.13529048     8.06700127     8.06853436    -9.48939011    -9.49141953    -2.67475312    -2.67330458    -0.00205487    -0.00144144     0.68166351     0.71627316
   455     1.99623976     1.99580983     8.04290155     8.04296939    -9.35728599    -9.36052409    -2.49627816    -2.49502424     0.00249441     0.00308246     0.72065384     0.75422045
   456     1.85417696     1.85359195     8.00011034     7.99841462    -9.20717753    -9.21192014    -2.31513662    -2.31406537     0.00616868     0.00672788     0.75763325     0.78919504
   457     1.70949345     1.70878833     7.93318318     7.92936750    -9.03353667    -9.04013888    -2.13148650    -2.13058413     0.00899716     0.00952411     0.79294057     0.82174714
   458     1.56235246     1.56156318     7.83462835     7.82826988    -8.82876889    -8.83765329    -1.94549584    -1.94474712     0.01101732     0.01150868     0.82704059     0.85246333
   459     1.41293026     1.41209294     7.69400908     7.68461590    -8.58232155    -8.59398065    -1.75734235    -1.75673115     0.01227452     0.01272708     0.86046051     0.88200777
   460     1.26141556     1.26056564     7.49664412     7.48366888    -8.27940134    -8.29438369    -1.56721299    -1.56672275     0.01282163     0.01323235     0.89376371     0.91111697
   461     1.10800874     1.10718020     7.22178932     7.20468146    -7.89919493    -7.91805281    -1.37530337    -1.37491769     0.01271853     0.01308459     0.92753097     0.94057840
   462     0.95292097     0.95214557     6.84029580     6.81863558    -7.41260985    -7.43576494    -1.18181718    -1.18152030     0.01203152     0.01235037     0.96234211     0.97120017
   463     0.79637324     0.79567970     6.31220040     6.28598924    -6.78002196    -6.80747489    -0.98696534    -0.98674268     0.01083275     0.01110210     0.99875714     1.00377508
   464     0.63859512     0.63800853     5.58601848     5.55621654    -5.95081647    -5.98160905    -0.79096522    -0.79080384     0.00919944     0.00941734     1.03729700     1.03904191
   465     0.47982360     0.47936476     4.60433795     4.57364384    -4.86922509    -4.90066048    -0.59403969    -0.59392868     0.00721315     0.00737801     1.07842456     1.07764730
   466     0.32030166     0.31998664     3.32382408     3.29726939    -3.49414675    -3.52119479    -0.39641608    -0.39634694     0.00495900     0.00506958     1.12252666     1.12011168
   467     0.16027690     0.16011663     1.75460700     1.73879304    -1.83717842    -1.85323879    -0.19832517    -0.19829207     0.00252475     0.00258024     1.16989808     1.16680231
   468    -0.00000000    -0.00000000    -0.00000003    -0.00000003     0.00000001     0.00000005    -0.00000000     0.00000000    -0.00000001     0.00000000    -0.84506559     0.14128812
   469    -0.11339559    -0.11344818    -1.24170692    -1.24197092     1.30759536     1.30732742     0.13789733     0.13781938     0.00177016     0.00168756    -0.84965465    -0.87487840
   470    -0.22692050    -0.22709623    -2.41954114    -2.41530468     2.54817531     2.55203738     0.27506638     0.27493068     0.00347075     0.00332314    -0.76926282    -0.79868949
   471    -0.34051701    -0.34081586    -3.47873896    -3.46861882     3.67050889     3.67966058     0.41145048     0.41127598     0.00510793     0.00491471    -0.69209547    -0.72640455
   472    -0.45410057    -0.45452026    -4.38954986    -4.37521583     4.64792985     4.66084839     0.54699710     0.54680155     0.00668674     0.00646726    -0.61891811    -0.65861475
   473    -0.56759562    -0.56813189    -5.14652826    -5.13056921     5.47605870     5.49042040     0.68165714     0.68145739     0.00821105     0.00798289    -0.55044013    -0.59577116
   474    -0.68093770    -0.68158330    -5.76059753    -5.74520440     6.16563513     6.17946913     0.81538408     0.81519660     0.00968342     0.00946120    -0.48732153    -0.53813468
   475    -0.79407441    -0.79481858    -6.25050877    -6.23711640     6.73486325     6.74688367     0.94813310     0.94797465     0.01110494     0.01089984    -0.43016014    -0.48575813
   476    -0.90696611    -0.90779430    -6.63681753    -6.62618693     7.20380419     7.21334423     1.07986020     1.07974861     0.01247534     0.01229504    -0.37942199    -0.43853991
   477    -1.01958620    -1.02048006    -6.93862760    -6.93104123     7.59122879     7.59806384     1.21052124     1.21047632     0.01379319     0.01364228    -0.33531412    -0.39635213
   478    -1.13192111    -1.13285858    -7.17228628    -7.16772693     7.91329687     7.91747811     1.34007110     1.34011551     0.01505628     0.01493673    -0.29768872    -0.35915676
   479    -1.24396975    -1.24492535    -7.35116803    -7.34944898     8.18329233     8.18502418     1.46846280     1.46862297     0.01626224     0.01617385    -0.26608311    -0.32700853
   480    -1.35574258    -1.35668788    -7.48595290    -7.48680243     8.41185591     8.41141596     1.59564687     1.59595367     0.01740905     0.01734989    -0.23987457    -0.29996891
   481    -1.46726031    -1.46816442    -7.58506859    -7.58818097     8.60739339     8.60508406     1.72157071     1.72205997     0.01849577     0.01846252    -0.21844165    -0.27804116
   482    -1.57855212    -1.57938235    -7.65513815    -7.66020247     8.77650097     8.77262237     1.84617817     1.84689091     0.01952318     0.01951136    -0.20128665    -0.26116504
   483    -1.68965353    -1.69037612    -7.70137146    -7.70808680     8.92434304     8.91917923     1.96940937     1.97039150     0.02049440     0.02049861    -0.18817491    -0.24918366
   484    -1.80060405    -1.80118490    -7.72788470    -7.73596712     9.05496395     9.04877709     2.09120065     2.09250222     0.02141557     0.02142965    -0.17942763    -0.24157551
   485    -1.91144436    -1.91184984    -7.73795186    -7.74713684     9.17153564     9.16456490     2.21148478     2.21315853     0.02229641     0.02231359    -0.17663206    -0.23661298
   486    -2.02221348    -2.02241118    -7.73419889    -7.74424142     9.27655058     9.26901358     2.33019137     2.33229058     0.02315079     0.02316384    -0.18399422    -0.22977835
   487    -2.13294564    -2.13290514    -7.71875234    -7.72942573     9.37197064     9.36406638     2.44724748     2.44982298     0.02399714     0.02399859    -0.20778282    -0.21426907
   488    -2.24366715    -2.24336072    -7.69335246    -7.70444682     9.45934165     9.45125410     2.56257835     2.56567492     0.02485887     0.02484125    -0.24596210    -0.19174617
   489    -2.35439323    -2.35379655    -7.65943946    -7.67076007     9.53988175     9.53178372     2.67610816     2.67976042     0.02576466     0.02572082    -0.28595735    -0.17521958
   490    -2.46512493    -2.46421776    -7.61821932    -7.62958511     9.61454983     9.60660676     2.78776068     2.79198905     0.02674861     0.02667216    -0.32301704    -0.17115993
   491    -2.57584617    -2.57461310    -7.57071416    -7.58195653     9.68409904     9.67647231     2.89745982     2.90226703     0.02785024     0.02773620    -0.35912102    -0.18050384
   492    -2.68652104    -2.68495238    -7.51780106    -7.52876281     9.74911904     9.74196847     3.00512988     3.01049876     0.02911444     0.02896003    -0.39625180    -0.20436455
   493    -2.79709131    -2.79518430    -7.46024196    -7.47077656     9.81006978     9.80355473     3.11069566     3.11658871     0.03059118     0.03039681    -0.43518962    -0.24315440
   494    -2.90747423    -2.90523495    -7.39870692    -7.40867786     9.86730911     9.86158746     3.21408251     3.22044345     0.03233518     0.03210561    -0.47575432    -0.29452777
   495    -3.01756059    -3.01500706    -7.33379215    -7.34307246     9.92111543     9.91633990     3.31521653     3.32197360     0.03440559     0.03415076    -0.51712749    -0.35391288
   496    -3.12721279    -3.12438039    -7.26603415    -7.27450590     9.97170666     9.96801802     3.41402506     3.42109551     0.03686579     0.03660090    -0.55816051    -0.41719118
   497    -3.23626256    -3.23321380    -7.19592055    -7.20347440    10.01925587    10.01677339     3.51043747     3.51773252     0.03978348     0.03952739    -0.59763868    -0.48213087
   498    -3.34450747    -3.34134985    -7.12389857    -7.13043332    10.06390367    10.06271430     3.60438635     3.61181585     0.04323075     0.04300241    -0.63445354    -0.54764018
   499    -3.45170479    -3.44862357    -7.05038129    -7.05580360    10.10576732    10.10591594     3.69580880     3.70328517     0.04728360     0.04709735    -0.66767155    -0.61250509
   500    -3.55756166    -3.55487616    -6.97575173    -6.97997722    10.14494686    10.14643040     3.78464774     3.79208894     0.05202038     0.05188204    -0.69652965    -0.67477343
   501    -3.66172966    -3.65996582    -6.90036422    -6.90332265    10.18152873    10.18429612     3.87085313     3.87818470     0.05751942     0.05742454    -0.72040105    -0.73184626
   502    -3.76384835    -3.76373080    -6.82454039    -6.82619353    10.21558819    10.21954627     3.95438300     3.96153925     0.06385662     0.06379084    -0.73876339    -0.78093403
   503    -3.86370322    -3.86583909    -6.74855510    -6.74894565    10.24719146    10.25221513     4.03520417     4.04212882     0.07110341     0.07104403    -0.75118411    -0.81954000
   504    -3.96130704    -3.96571570    -6.67261254    -6.67196239    10.27639834    10.28234231     4.11329281     4.11993916     0.07932526     0.07924298    -0.75732815    -0.84576331
   505    -4.05661742    -4.06283432    -6.59685113    -6.59565037    10.30326518    10.30997482     4.18863469     4.19496553     0.08858040     0.08844082    -0.75699038    -0.85836438
   506    -4.14936538    -4.15689835    -6.52144354    -6.52033919    10.32784785    10.33516779     4.26122524     4.26721263     0.09891861     0.09868341    -0.75016023    -0.85664104
   507    -4.23919684    -4.24770899    -6.44668931    -6.44618829    10.35020430    10.35798428     4.33106939     4.33669433     0.11038010     0.11000811    -0.73712870    -0.84019869
   508    -4.32578130    -4.33506604    -6.37293564    -6.37326534    10.37039631    10.37849464     4.39818126     4.40343328     0.12299450     0.12244263    -0.71860681    -0.80872079
   509    -4.40883111    -4.41875741    -6.30047083    -6.30165226    10.38849053    10.39677581     4.46258355     4.46746032     0.13677990     0.13600422    -0.69553710    -0.76209773
   510    -4.48809659    -4.49857194    -6.22950985    -6.23145935    10.40455870    10.41291029     4.52430696     4.52881381     0.15174227     0.15069913    -0.66747919    -0.70204252
   511    -4.56336141    -4.57431100    -6.16021606    -6.16280371    10.41867727    10.42698525     4.58338926     4.58753873     0.16787495     0.16652227    -0.62986823    -0.63488531
   512    -4.63444058    -4.64579609    -6.09271770    -6.09579363    10.43092652    10.43909127     4.63987442     4.64368566     0.18515864     0.18345722    -0.57733983    -0.56832845
   513    -4.70117999    -4.71287351    -6.02711586    -6.03052204    10.44138937    10.44932116     4.69381146     4.69730972     0.20356154     0.20147658    -0.51042594    -0.50480641
   514    -4.76345630    -4.77541725    -5.96348828    -5.96706480    10.45014992    10.45776849     4.74525338     4.74846927     0.22303994     0.22054248    -0.43340688    -0.44356965
   515    -4.82117680    -4.83333047    -5.90189168    -5.90548117    10.45729181    10.46452614     4.79425586     4.79722468     0.24353913     0.24060756    -0.35053649    -0.38413295
   516    -4.87427873    -4.88654599    -5.84236367    -5.84581520    10.46289664    10.46968473     4.84087609     4.84363702     0.26499455     0.26161607    -0.26531324    -0.32630337
   517    -4.92272830    -4.93502591    -5.78492464    -5.78809744    10.46704221    10.47333103     4.88517150     4.88776666     0.28733342     0.28350529    -0.18065675    -0.26904804
   518    -4.96651912    -4.97876063    -5.72957990    -5.73234687    10.46980092    10.47554639     4.92719851     4.92967203     0.31047645     0.30620718    -0.09900211    -0.20969447
   519    -5.00567026    -5.01776722    -5.67632183    -5.67857277    10.47123820    10.47640526     4.96701142     4.96940834     0.33433988     0.32965009    -0.02227781    -0.14409604
   520    -5.04022401    -5.05208741    -5.62513212    -5.62677650    10.47141107    10.47597373     5.00466131     5.00702641     0.35883771     0.35376069     0.04832792    -0.06789408
   521    -5.07024337    -5.08178526    -5.57598397    -5.57695310    10.47036687    10.47430825     5.04019508     5.04257165     0.38388399     0.37846592     0.11325960     0.02131839
   522    -5.09580941    -5.10694456    -5.52884423    -5.52909265    10.46814213    10.47145444     5.07365462     5.07608316     0.40939517     0.40369495     0.17590422     0.12182286
   523    -5.11701858    -5.12766618    -5.48367525    -5.48318142    10.46476158    10.46744614     5.10507617     5.10759299     0.43529253     0.42938107     0.24184924     0.22822847
   524    -5.13398009    -5.14406538    -5.44043661    -5.43920272    10.46023749    10.46230454     5.13448977     5.13712565     0.46150441     0.45546349     0.31529098     0.33518029
   525    -5.14681328    -5.15626909    -5.39908647    -5.39713748    10.45456905    10.45603759     5.16191899     5.16469776     0.48796842     0.48188902     0.39687366     0.43982392
   526    -5.15564525    -5.16441347    -5.35958260    -5.35696462    10.44774209    10.44863955     5.18738071     5.19031797     0.51463344     0.50861350     0.48469519     0.54114047
   527    -5.16060864    -5.16864145    -5.32188311    -5.31866118    10.43972889    10.44009074     5.21088524     5.21398714     0.54146132     0.53560302     0.57596519     0.63858891
   528    -5.16183964    -5.16910065    -5.28594685    -5.28220227    10.43048830    10.43035753     5.23243643     5.23569868     0.56842841     0.56283491     0.66788563     0.73145722
   529    -5.15947620    -5.16594136    -5.25173349    -5.24756086    10.41996598    10.41939251     5.25203211     5.25543919     0.59552666     0.59029835     0.75792155     0.81875676
   530    -5.15365654    -5.15931494    -5.21920335    -5.21470754    10.40809486    10.40713482     5.26966454     5.27318926     0.62276444     0.61799483     0.84383020     0.89930485
   531    -5.14451790    -5.14937228    -5.18831706    -5.18361007    10.39479575    10.39351072     5.28532108     5.28892457     0.65016695     0.64593818     0.92362865     0.97183155
   532    -5.13219547    -5.13626266    -5.15903501    -5.15423303    10.37997815    10.37843433     5.29898494     5.30261708     0.67777624     0.67415440     0.99555829     1.03506531
   533    -5.11682161    -5.12013270    -5.13131675    -5.12653744    10.36354120    10.36180853     5.31063605     5.31423642     0.70565079     0.70268121     1.05805975     1.08779324
   534    -5.09852524    -5.10112560    -5.10512036    -5.10048037    10.34537470    10.34352613     5.32025202     5.32375143     0.73386464     0.73156738     1.10975815     1.12890193
   535    -5.07743145    -5.07938052    -5.08040182    -5.07601465    10.32536037    10.32347107     5.32780919     5.33113170     0.76250613     0.76087186     1.14945611     1.15740476
   536    -5.05366131    -5.05503204    -5.05711447    -5.05308870    10.30337304    10.30151995     5.33328374     5.33634924     0.79167604     0.79066287     1.17613180     1.17246031
   537    -5.02733178    -5.02820981    -5.03520855    -5.03164639    10.27928201    10.27754363     5.33665292     5.33938007     0.82148542     0.82101681     1.18893975     1.17338458
   538    -4.99855595    -4.99903813    -5.01463095    -5.01162706    10.25295235    10.25140905     5.33789632     5.34020579     0.85205280     0.85201728     1.18721300     1.15965894
   539    -4.96744331    -4.96763564    -4.99532498    -4.99296567    10.22424650    10.22298093     5.33699719     5.33881502     0.88350107     0.88375403     1.17046521     1.13093470
   540    -4.93410026    -4.93411491    -4.97723049    -4.97559303    10.19302667    10.19212275     5.33394382     5.33520467     0.91595399     0.91632202     1.13839215     1.08703509
   541    -4.89863066    -4.89858209    -4.96028399    -4.95943621    10.15916084    10.15869421     5.32873095     5.32938113     0.94953253     0.94982036     1.09087180     1.02795471
   542    -4.86113650    -4.86113650    -4.94441902    -4.94441901    10.12253870    10.12253874     5.32136110     5.32136110     0.98435115     0.98435116    -2.08747794     0.61436374
   543    -4.82187049    -4.82171834    -4.93046254    -4.92956668    10.08346279    10.08309568     5.31117237     5.31184593     1.02001808     1.02051444    -1.68940496    -1.60928167
   544    -4.78086957    -4.78047546    -4.91748586    -4.91565622    10.04126146    10.04079067     5.29885422     5.30020745     1.05692455     1.05811408    -1.56359805    -1.47757081
   545    -4.73821288    -4.73750572    -4.90540670    -4.90261581     9.99580716     9.99552047     5.28445773     5.28647902     1.09517136     1.09722670    -1.42749591    -1.33455409
   546    -4.69397413    -4.69290482    -4.89414217    -4.89037332     9.94704762     9.94712456     5.26804577     5.27070621     1.13485383     1.13791232    -1.28149055    -1.18014168
   547    -4.64822286    -4.64676537    -4.88360947    -4.87885723     9.89493546     9.89545824     5.24969277     5.25294736     1.17605866     1.18021374    -1.12614605    -1.01431245
   548    -4.60102567    -4.59917578    -4.87372660    -4.86799747     9.83941012     9.84041293     5.22948438     5.23327386     1.21886065     1.22415637    -0.96221727    -0.83714476
   549    -4.55244729    -4.55021943    -4.86441295    -4.85772636     9.78040871     9.78190722     5.20751675     5.21177003     1.26331953     1.26974870    -0.79065938    -0.64886391
   550    -4.50255129    -4.49997411    -4.85558985    -4.84797943     9.71787503     9.71987945     5.18389578     5.18853272     1.30947736     1.31698285    -0.61262392    -0.44991134
   551    -4.45140031    -4.44851188    -4.84718102    -4.83869619     9.65176400     9.65428436     5.15873597     5.16367051     1.35735651     1.36583539    -0.42943747    -0.24103758
   552    -4.39905602    -4.39589933    -4.83911294    -4.82982083     9.58204401     9.58509150     5.13215925     5.13730260     1.40695846     1.41626804    -0.24256119    -0.02341373
   553    -4.34557883    -4.34219797    -4.83131509    -4.82130264     9.50869856     9.51228393     5.10429351     5.10955727     1.45826341     1.46822859    -0.05353240     0.20125621
   554    -4.29102755    -4.28746478    -4.82372027    -4.81309635     9.43172741     9.43585703     5.07527102     5.08057012     1.51123068     1.52165180     0.13610705     0.43065646
   555    -4.23545903    -4.23175274    -4.81626486    -4.80516196     9.35114701     9.35581767     5.04522665     5.05048208     1.56579976     1.57646047     0.32488762     0.66186186
   556    -4.17892792    -4.17511133    -4.80888936    -4.79746425     9.26698958     9.27218449     5.01429606     5.01943706     1.62189198     1.63256677     0.51148444     0.89146882
   557    -4.12148654    -4.11758701    -4.80153900    -4.78997176     9.17930067     9.18498939     4.98261372     4.98757968     1.67941266     1.68987373     0.69477571     1.11587556
   558    -4.06318481    -4.05922363    -4.79416475    -4.78265524     9.08813630     9.09427927     4.95031100     4.95505268     1.73825360     1.74827698     0.87388033     1.33167830
   559    -4.00407028    -4.00006279    -4.78672441    -4.77548569     8.99356121     9.00011656     4.91751419     4.92199452     1.79829589     1.80766673     1.04817162     1.53609180
   560    -3.94418833    -3.94014420    -4.77918357    -4.76843231     8.89564886     8.90257783     4.88434265     4.88853691     1.85941281     1.86792988     1.21726833     1.72727506
   561    -3.88358231    -3.87950605    -4.77151610    -4.76146084     8.79448261     8.80175132     4.85090705     4.85480250     1.92147289     1.92895220     1.38100722     1.90447116
   562    -3.82229380    -3.81818533    -4.76370372    -4.75453265     8.69015656     8.69773466     4.81730784     4.82090273     1.98434290     1.99062057     1.53940368     2.06794116
   563    -3.76036296    -3.75621814    -4.75573446    -4.74760474     8.58277581     8.59063341     4.78363396     4.78693577     2.04789072     2.05282513     1.69260680     2.21874318
   564    -3.69782881    -3.69364008    -4.74760026    -4.74063085     8.47245590     8.48056035     4.74996200     4.75298465     2.11198804     2.11546142     1.84085475     2.35844326
   565    -3.63472958    -3.63048656    -4.73929399    -4.73356285     8.35932186     8.36763525     4.71635604     4.71911524     2.17651280     2.17843219     1.98443433     2.48883748
   566    -3.57110313    -3.56679307    -4.73080672    -4.72635223     8.24350724     8.25198480     4.68286846     4.68537377     2.24135119     2.24164911     2.12364733     2.61173282
   567    -3.50698721    -3.50259555    -4.72212548    -4.71895107     8.12515309     8.13374262     4.64954217     4.65178372     2.30639933     2.30503425     2.25878414     2.72880140
   568    -3.44241993    -3.43793058    -4.71323188    -4.71131241     8.00440708     8.01304910     4.61641263     4.61834337     2.37156446     2.36852118     2.39010474     2.84150025
   569    -3.37744002    -3.37283566    -4.70410146    -4.70339003     7.88142269     7.89005124     4.58350220     4.58503172     2.43676551     2.43205593     2.51782576     2.95103961
   570    -3.31208724    -3.30734932    -4.69470368    -4.69513795     7.75635846     7.76490230     4.55079721     4.55183215     2.50193327     2.49559768     2.64211239     3.05838198
   571    -3.24640273    -3.24151120    -4.68500227    -4.68650973     7.62937726     7.63776144     4.51823322     4.51874846     2.56700975     2.55911933     2.76307377     3.16425794
   572    -3.18042943    -3.17536194    -4.67495582    -4.67745789     7.50064556     7.50879313     4.48572708     4.48577445     2.63194690     2.62260800     2.88076049     3.26918883
   573    -3.11421273    -3.10894279    -4.66451854    -4.66793343     7.37033265     7.37816650     4.45320950     4.45286347     2.69670410     2.68606609     2.99516312     3.37351074
   574    -3.04780160    -3.04229465    -4.65364098    -4.65788569     7.23860986     7.24605458     4.42061875     4.41993704     2.76124335     2.74951393     3.10621107     3.47739649
   575    -2.98125115    -2.97545545    -4.64227094    -4.64726231     7.10564969     7.11263338     4.38788632     4.38690187     2.82551820     2.81299811     3.21377132     3.58087418
   576    -2.91463001    -2.90845281    -4.63035422    -4.63600954     6.97162487     6.97808087     4.35493187     4.35365770     2.88944234     2.87661971     3.31764692     3.68384180
   577    -2.84804740    -2.84127670    -4.61783559    -4.62407268     6.83670750     6.84257593     4.32166410     4.32009945     2.95277792     2.94064232     3.41757560     3.78607772
   578    -2.78180508    -2.77372727    -4.60465963    -4.61139661     6.70106805     6.70629718     4.28798311     4.28611794     3.01470067     3.00592292     3.51322875     3.88724706
   579    -2.71552087    -2.70629092    -4.59077169    -4.59792658     6.56487442     6.56942183     4.25378290     4.25160068     3.07347560     3.07423202     3.60421140     3.98690408
   580    -2.72170435    -2.71230847    -4.58033296    -4.58718438     6.52046206     6.52506486     4.24760546     4.24541465     3.08765210     3.08839645     3.94299768     4.25113957
   581    -2.72754583    -2.71811348    -4.56789035    -4.57440146     6.47607898     6.48072255     4.24076379     4.23856894     3.10177526     3.10250560     4.25909262     4.50782639
   582    -2.72356133    -2.73315916    -4.55343186    -4.55956729     6.43173445     6.43640365     4.23326855     4.23107432     3.11584237     3.11655679     4.55862393     4.75968031
   583    -2.72867827    -2.73848624    -4.53694735    -4.54267354     6.38743580     6.39211498     4.22513026     4.22294141     3.12985060     3.13054725     4.84567719     5.00815613
   584    -2.73352367    -2.74343468    -4.51842859    -4.52371412     6.34318829     6.34786143     4.21635929     4.21418069     3.14379701     3.14447412     5.12297203     5.25399121
   585    -2.73804043    -2.74802737    -4.49786946    -4.50268530     6.29899506     6.30364586     4.20696585     4.20480245     3.15767857     3.15833445     5.39230571     5.49749558
   586    -2.74220880    -2.75224859    -4.47526596    -4.47958587     6.25485712     6.25946909     4.19695995     4.19481678     3.17149215     3.17212520     5.65484456     5.73871462
   587    -2.74601020    -2.75608019    -4.45061640    -4.45441720     6.21077328     6.21532983     4.18635142     4.18423355     3.18523453     3.18584324     5.91131720     5.97752436
   588    -2.74942563    -2.75950303    -4.42392147    -4.42718337     6.16674013     6.17122473     4.17514986     4.17306240     3.19890237     3.19948535     6.16214466     6.21368985
   589    -2.75243543    -2.76249723    -4.39518438    -4.39789129     6.12275204     6.12714830     4.16336466     4.16131272     3.21249225     3.21304825     6.40752932     6.44690215
   590    -2.75501926    -2.76504215    -4.36441095    -4.36655078     6.07880114     6.08309297     4.15100493     4.14899363     3.22600067     3.22652854     6.64751691     6.67680293
   591    -2.75715598    -2.76711639    -4.33160977    -4.33317472     6.03487734     6.03904906     4.13807957     4.13611398     3.23942402     3.23992277     6.88204047     6.90300135
   592    -2.75882366    -2.76869776    -4.29679224    -4.29777910     5.99096836     5.99500485     4.12459719     4.12268231     3.25275860     3.25322740     7.11095213     7.12508610
   593    -2.75999956    -2.76976324    -4.25997277    -4.26038316     5.94705977     5.95094660     4.11056612     4.10870686     3.26600066     3.26643883     7.33404662     7.34263452
   594    -2.76066005    -2.77028897    -4.22116883    -4.22100946     5.90313499     5.90685860     4.09599440     4.09419555     3.27914633     3.27955337     7.55107885     7.55521950
   595    -2.76078066    -2.77025022    -4.18040108    -4.17968399     5.85917543     5.86272323     4.08088980     4.07915597     3.29219171     3.29256728     7.76177749     7.76241521
   596    -2.76033597    -2.76962133    -4.13769350    -4.13643622     5.81516046     5.81852103     4.06525974     4.06359538     3.30513279     3.30547677     7.96585553     7.96380174
   597    -2.75929965    -2.76837572    -4.09307342    -4.09129920     5.77106760     5.77423079     4.04911138     4.04752069     3.31796551     3.31827796     8.16301871     8.15896913
   598    -2.75764441    -2.76648583    -4.04657171    -4.04430960     5.72687250     5.72982961     4.03245152     4.03093843     3.33068578     3.33096695     8.35297238     8.34752086
   599    -2.75534198    -2.76392311    -3.99822280    -3.99550778     5.68254913     5.68529303     4.01528667     4.01385480     3.34328942     3.34353976     8.53542706     8.52907699
   600    -2.75236308    -2.76065799    -3.94806478    -3.94493785     5.63806984     5.64059512     3.99762300     3.99627564     3.35577222     3.35599241     8.71010319     8.70327694
   601    -2.74867740    -2.75665987    -3.89613947    -3.89264764     5.59340547     5.59570855     3.97946637     3.97820639     3.36812995     3.36832084     8.87673508     8.86978198
   602    -2.74425363    -2.75189706    -3.84249249    -3.83868877     5.54852551     5.55060478     3.96082230     3.95965216     3.38035835     3.38052098     9.03507426     9.02827757
   603    -2.73905937    -2.74633683    -3.78717328    -3.78311659     5.50339820     5.50525410     3.94169599     3.94061767     3.39245319     3.39258865     9.18489234     9.17847533
   604    -2.73306118    -2.73994531    -3.73023515    -3.72599021     5.45799067     5.45962579     3.92209232     3.92110728     3.40441073     3.40451918     9.32598353     9.32011491
   605    -2.72622451    -2.73268754    -3.67173528    -3.66737243     5.41226908     5.41368824     3.90201586     3.90112502     3.41628360     3.41625151     9.45816669     9.45296560
   606    -2.71851378    -2.72452743    -3.61173475    -3.60732967     5.36619875     5.36740903     3.88147086     3.88067454     3.42795782     3.42789117     9.58128712     9.57682772
   607    -2.70989229    -2.71542778    -3.55029843    -3.54593187     5.31974431     5.32075510     3.86046128     3.85975915     3.43945537     3.43940777     9.69521809     9.69153382
   608    -2.70032227    -2.70535024    -3.48749501    -3.48325240     5.27286985     5.27369284     3.83899077     3.83838185     3.45079993     3.45076925     9.79986202     9.79694970
   609    -2.68976486    -2.69425535    -3.42339690    -3.41936791     5.22553903     5.22618820     3.81706270     3.81654531     3.46198755     3.46197120     9.89515147     9.89297513
   610    -2.67818015    -2.68210252    -3.35808010    -3.35435815     5.17771521     5.17820679     3.79468019     3.79425192     3.47301420     3.47300941     9.98104989     9.97954445
   611    -2.66552717    -2.66885004    -3.29162408    -3.28830575     5.12936163     5.12971399     3.77184607     3.77150375     3.48387587     3.48387970    10.05755211    10.05662694
   612    -2.65176390    -2.65445514    -3.22411163    -3.22129602     5.08044148     5.08067504     3.74856297     3.74830265     3.49456861     3.49457795    10.12468465    10.12422698
   613    -2.63684731    -2.63887396    -3.15562863    -3.15341668     5.03091801     5.03105512     3.72483326     3.72465020     3.50508849     3.50510011    10.18250579    10.18238396
   614    -2.62073339    -2.62206159    -3.08626385    -3.08475751     4.98075467     4.98081938     3.70065913     3.70054780     3.51543169     3.51544223    10.23110544    10.23117209
   615    -2.60337717    -2.60397215    -3.01610864    -3.01541010     4.92991515     4.92993305     3.67604258     3.67599663     3.52559443     3.52560041    10.27060485    10.27069988
   616    -2.58455876    -2.58473278    -2.94546740    -2.94525664     4.87836146     4.87836351     3.65099773     3.65098545     3.53557088     3.53557300    10.30110958    10.30115606
   617    -2.56377364    -2.56475347    -2.87502336    -2.87380342     4.82607004     4.82606419     3.62555200     3.62548943     3.54534996     3.54536382    10.32257629    10.32294125
   618    -2.54156818    -2.54339167    -2.80417249    -2.80184611     4.77302437     4.77298205     3.59966026     3.59955612     3.55493412     3.55496336    10.33530697    10.33617183
   619    -2.51789296    -2.52059908    -2.73300938    -2.72948291     4.71919014     4.71908241     3.57332323     3.57318699     3.56431990     3.56436822    10.33953927    10.34108742
   620    -2.49269783    -2.49632669    -2.66162820    -2.65681270     4.66453312     4.66433106     3.54654164     3.54638349     3.57350404     3.57357511    10.33554014    10.33795462
   621    -2.46593206    -2.47052486    -2.59012217    -2.58393443     4.60901913     4.60869417     3.51931619     3.51914698     3.58248339     3.58258085    10.32360437    10.32706571
   622    -2.43754433    -2.44314344    -2.51858298    -2.51094666     4.55261395     4.55213832     3.49164763     3.49147886     3.59125494     3.59138238    10.30405287    10.30873707
   623    -2.40748292    -2.41413182    -2.44710025    -2.43794687     4.49528326     4.49463037     3.46353677     3.46338048     3.59981587     3.59997680    10.27723090    10.28330759
   624    -2.37569580    -2.38343902    -2.37576085    -2.36503090     4.43699248     4.43613735     3.43498454     3.43485329     3.60816352     3.60836132    10.24350616    10.25113688
   625    -2.34213072    -2.35101382    -2.30464830    -2.29229224     4.37770669     4.37662636     3.40599197     3.40589874     3.61629539     3.61653333    10.20326668    10.21260342
   626    -2.30673540    -2.31680487    -2.23384215    -2.21982135     4.31739037     4.31606443     3.37656030     3.37651840     3.62420916     3.62449033    10.15691874    10.16810253
   627    -2.26945766    -2.28076079    -2.16341726    -2.14770491     4.25600625     4.25441940     3.34669094     3.34671394     3.63190270     3.63223001    10.10488454    10.11804431
   628    -2.23024555    -2.24283030    -2.09344317    -2.07602509     4.19165411     4.19352059     3.31638553     3.31648715     3.63937406     3.63975020    10.04759994    10.06285151
   629    -2.18904760    -2.20296238    -2.02398343    -2.00485874     4.12773660     4.12989262     3.28564596     3.28583997     3.64662148     3.64704891     9.98551204    10.00295727
   630    -2.14581292    -2.16110641    -1.95509489    -1.93427665     4.06263107     4.06508301     3.25447439     3.25477452     3.65364337     3.65412431     9.91907674     9.93880286
   631    -2.10049146    -2.11721233    -1.88682708    -1.86434275     3.99630028     3.99905102     3.22287328     3.22329307     3.66043836     3.66097473     9.84875625     9.87083535
   632    -2.05303423    -2.07123079    -1.81922135    -1.79511346     3.92870560     3.93175379     3.19084541     3.19139813     3.66700525     3.66759867     9.77501660     9.79950531
   633    -2.00339348    -2.02311335    -1.75230888    -1.72663841     3.85980649     3.86314638     3.15839386     3.15909237     3.67334301     3.67399482     9.69832518     9.72526444
   634    -1.95152298    -1.97281269    -1.68564035    -1.65942929     3.78956010     3.79318152     3.12552206     3.12637872     3.67945082     3.68016201     9.61914819     9.64856325
   635    -1.89737829    -1.92028276    -1.59208706    -1.62065760     3.71792098     3.72180941     3.09223379     3.09326031     3.68532803     3.68609925     9.53794823     9.56984873
   636    -1.84091698    -1.86547904    -1.52604980    -1.55594458     3.64484074     3.64897749     3.05853317     3.05974052     3.69097415     3.69180572     9.45518191     9.48956209
   637    -1.78209897    -1.80835877    -1.46086062    -1.49195846     3.57026778     3.57463027     3.02442466     3.02582296     3.69638886     3.69728074     9.37129748     9.40813656
   638    -1.72088676    -1.74888117    -1.39651026    -1.42868618     3.49414706     3.49870924     2.98991309     2.99151147     3.70157200     3.70252379     9.28673258     9.32599523
   639    -1.65724581    -1.68700770    -1.33298080    -1.36610021     3.41641990     3.42115280     2.95500360     2.95681014     3.70652357     3.70753449     9.20191213     9.24354902
   640    -1.59114478    -1.62270235    -1.27024215    -1.30416168     3.33702393     3.34189636     2.91970170     2.92172330     3.71124370     3.71231262     9.11724625     9.16119470
   641    -1.52255589    -1.55593189    -1.20825169    -1.24282080     3.25589310     3.26087245     2.88401317     2.88625550     3.71573264     3.71685807     9.03312838     9.07931308
   642    -1.45145526    -1.48666620    -1.14695425    -1.18201723     3.17295788     3.17801114     2.84794415     2.85041152     3.71999077     3.72117085     8.94993349     8.99826735
   643    -1.37782320    -1.41487857    -1.08628247    -1.12168070     3.08814568     3.09324048     2.81150104     2.81419639     3.72401858     3.72525107     8.86801653     8.91840144
   644    -1.30164457    -1.34054601    -1.02615739    -1.06173174     3.00138143     3.00648731     2.77469053     2.77761532     3.72781666     3.72909895     8.78771096     8.84003873
   645    -1.22290910    -1.26364958    -0.96648941    -1.00208288     2.91258850     2.91767826     2.73751956     2.74067375     3.73138568     3.73271476     8.70932754     8.76348076
   646    -1.14161169    -1.18417477    -0.90717963    -0.94264010     2.82168999     2.82674106     2.69999531     2.70337734     3.73472641     3.73609885     8.63315325     8.68900620
   647    -1.05775278    -1.10211181    -0.84812166    -0.88330466     2.72861030     2.73360627     2.66212519     2.66573193     3.73783970     3.73925157     8.55945043     8.61687003
   648    -0.97133858    -1.01745603    -0.78920383    -0.82397540     2.63327724     2.63820932     2.62391679     2.62774354     3.74072649     3.74217325     8.48845613     8.54730282
   649    -0.88238139    -0.93020821    -0.73031206    -0.76455142     2.53562461     2.54049300     2.58537790     2.58941841     3.74338790     3.74486411     8.42038170     8.48051031
   650    -0.79089985    -0.84037495    -0.67133315    -0.70493529     2.43559517     2.44041042     2.54651646     2.55076292     3.74582534     3.74732409     8.35541248     8.41667310
   651    -0.69691920    -0.74796901    -0.61215870    -0.64503666     2.33314432     2.33792835     2.50734056     2.51178367     3.74804090     3.74955244     8.29370781     8.35594661
   652    -0.60047141    -0.65300961    -0.55268959    -0.58477628     2.22824406     2.23303095     2.46785842     2.47248740     3.75003842     3.75154661     8.23540117     8.29846117
   653    -0.50159543    -0.55552277    -0.49284082    -0.52409041     2.12088750     2.12572387     2.42807837     2.43288103     3.75182732     3.75329840     8.18060054     8.24432238
   654    -0.40033727    -0.45554156    -0.43254677    -0.46293536     2.01109369     2.01603846     2.38800883     2.39297165     3.75343892     3.75477762     8.12938895     8.19361155
   655    -0.29675008    -0.35310642    -0.37176664    -0.40129214     1.89891244     1.90403613     2.34765833     2.35276652     3.75500526     3.75585319     8.08182518     8.14638640
   656    -0.19089423    -0.24826530    -0.31048971    -0.33917096     1.78442919     1.78981240     2.30703546     2.31227306     3.75674307     3.75630921     8.03794465     8.10268190
   657    -0.08283725    -0.14107386    -0.24874035    -0.27661523     1.66776939     1.67350057     2.26614888     2.27149888     3.75802079     3.75677788     7.99776041     8.06251122
   658     0.02734619    -0.03159561    -0.18658220    -0.21370484     1.54910216     1.55527463     2.22500732     2.23045175     3.75878244     3.75731556     7.96126438     8.02586689
   659     0.13957441     0.08009804    -0.12412128    -0.15055840     1.42864276     1.43535106     2.18361956     2.18913962     3.75924266     3.75770781     7.92842851     7.99272198
   660     0.25375888     0.19392778    -0.06150761    -0.08733408     1.30665365     1.31398924     2.14199443     2.14757062     3.75945531     3.75790066     7.89920623     7.96303148
   661     0.36980447     0.30980646     0.00106505    -0.02422885     1.18344362     1.19149029     2.10014082     2.10575307     3.75943400     3.75788013     7.87353387     7.93673369
   662     0.48760967     0.42763924     0.06336144     0.03852414     1.05936492     1.06819394     2.05806768     2.06369547     3.75918290     3.75764135     7.85133214     7.91375172
   663     0.60706693     0.54732374     0.12510933     0.10066000     0.93480815     0.94447371     2.01578400     2.02140652     3.75870334     3.75718199     7.83250771     7.89399499
   664     0.72806306     0.66875038     0.18600613     0.16188830     0.81019507     0.82073014     1.97329881     1.97889512     3.75799551     3.75650050     7.81695474     7.87736077
   665     0.85047960     0.79180268     0.24572728     0.22190087     0.68596959     0.69738260     1.93062124     1.93617036     3.75705906     3.75559555     7.80455643     7.86373578
   666     0.97419330     0.91635769     0.30393620     0.28038065     0.56258729     0.57485990     1.88776043     1.89324154     3.75589327     3.75446582     7.79518662     7.85299767
   667     1.09907661     1.04228648     0.36029499     0.33701120     0.44050421     0.45359034     1.84472561     1.85011815     3.75449713     3.75310986     7.78871125     7.84501655
   668     1.22499821     1.16945465     0.41447529     0.39148627     0.32016545     0.33399162     1.80152607     1.80680992     3.75286945     3.75152611     7.78498982     7.83965646
   669     1.35182356     1.29772297     0.46616861     0.44351878     0.20199438     0.21646145     1.75817118     1.76332672     3.75100879     3.74971283     7.78387684     7.83677676
   670     1.47941547     1.42694801     0.51509549     0.49284876     0.08638307     0.10136912     1.71467037     1.71967868     3.74891352     3.74766811     7.78522309     7.83623347
   671     1.60763471     1.55698278     0.56101293     0.53924980    -0.02631556    -0.01095138     1.67103314     1.67587608     3.74658184     3.74538986     7.78887694     7.83788048
   672     1.73634062     1.68767753     0.60371981     0.58253373    -0.13579349    -0.12020640     1.62726910     1.63192941     3.74401174     3.74287581     7.79468543     7.84157075
   673     1.86539171     1.81888043     0.64306011     0.62255338    -0.24179115    -0.22614583     1.58338789     1.58784934     3.74120105     3.74012353     7.80249536     7.84715731
   674     1.99464632     1.95043837     0.67892399     0.65920354    -0.34409878    -0.32856435     1.53939928     1.54364669     3.73814741     3.73713039     7.81215422     7.85449423
   675     2.12396320     2.08219768     0.71124698     0.69242024    -0.44255580    -0.42730105     1.49531311     1.49933248     3.73484830     3.73389363     7.82351108     7.86343744
   676     2.25320214     2.21400494     0.74000742     0.72217852    -0.53704852    -0.52223749     1.45113928     1.45491785     3.73130104     3.73041029     7.83641727     7.87384548
   677     2.38222459     2.34570773     0.76522281     0.74848928    -0.62750654    -0.61329472     1.40688782     1.41041410     3.72750278     3.72667731     7.85072704     7.88558008
   678     2.51089424     2.47715536     0.78694515     0.77139519    -0.71389831    -0.70042949     1.36256880     1.36583263     3.72345056     3.72269143     7.86629809     7.89850671
   679     2.63907757     2.60819957     0.80525593     0.79096630    -0.79622610    -0.78362991     1.31819241     1.32118498     3.71914124     3.71844931     7.88299200     7.91249494
   680     2.76664446     2.73869527     0.82026088     0.80729541    -0.87452086    -0.86291100     1.27376891     1.27648277     3.71457158     3.71394746     7.90067457     7.92741877
   681     2.89346864     2.86850118     0.83208487     0.82049354    -0.94883713    -0.93831027     1.22930872     1.23173767     3.70973820     3.70918227     7.91921605     7.94315685
   682     3.01942823     2.99748042     0.84086714     0.83068571    -1.01924826    -1.00988348     1.18482339     1.18696035     3.70463762     3.70415004     7.93849130     7.95959259
   683     3.14440620     3.12550113     0.84675699     0.83800699    -1.08584202    -1.07770080     1.14216559     1.14032052     3.69926626     3.69884698     7.95837993     7.97661423
   684     3.26829077     3.25243696     0.84990992     0.84259909    -1.14871678    -1.14184335     1.09736437     1.09581168     3.69362042     3.69326920     7.97876624     7.99411480
   685     3.39097580     3.37816760     0.85048441     0.84460742    -1.20797814    -1.20240020     1.05256690     1.05130930     3.68769634     3.68741273     7.99953925     8.01199205
   686     3.51236116     3.50257914     0.84863922     0.84417856    -1.26373620    -1.25946585     1.00778620     1.00682322     3.68149018     3.68127355     8.02059256     8.03014831
   687     3.63235296     3.62556452     0.84453121     0.84145823    -1.31610323    -1.31313815     0.96303438     0.96236425     3.67499800     3.67484756     8.04182425     8.04849033
   688     3.75086389     3.74702376     0.83831360     0.83658973    -1.36519188    -1.36351657     0.91832358     0.91794338     3.66821582     3.66813060     8.06313669     8.06692903
   689     3.86781330     3.86686431     0.83013474     0.82971265    -1.41111378    -1.41070089     0.87366595     0.87357169     3.66113957     3.66111847     8.08443635     8.08537932
   690     3.98500114     3.98312745     0.82096197     0.82013709    -1.45479014    -1.45397846     0.82926041     0.82907372     3.65380691     3.65376514     8.10375976     8.10563356
   691     4.10135695     4.09673954     0.81046738     0.80845667    -1.49588190    -1.49389260     0.78502089     0.78455916     3.64619161     3.64608836     8.12199237     8.12664232
   692     4.21586221     4.20858974     0.79835289     0.79522260    -1.53407166    -1.53095950     0.74086462     0.74013464     3.63826821     3.63810497     8.14000230     8.14738000
   693     4.32845516     4.31862521     0.78473657     0.78055699    -1.56945255    -1.56527879     0.69680328     0.69581258     3.63003228     3.62981067     8.15771757     8.16776716
   694     4.43908179     4.42679998     0.76973044     0.76457484    -1.60211502    -1.59694623     0.65284871     0.65160553     3.62147934     3.62120109     8.17506880     8.18772726
   695     4.54769566     4.53307486     0.75344049     0.74738416    -1.63214678    -1.62605367     0.60901299     0.60752616     3.61260485     3.61227177     8.19198899     8.20718645
   696     4.65425779     4.63741722     0.73596678     0.72908618    -1.65963274    -1.65268911     0.56530841     0.56358732     3.60340416     3.60301815     8.20841321     8.22607337
   697     4.75873637     4.73980079     0.71740357     0.70977553    -1.68465502    -1.67693681     0.52174753     0.51980201     3.59387254     3.59343559     8.22427842     8.24431891
   698     4.86110651     4.84020533     0.69783955     0.68954058    -1.70729304    -1.69887740     0.47834320     0.47618349     3.58400514     3.58351931     8.23952331     8.26185608
   699     4.96134987     4.93861634     0.67735807     0.66846373    -1.72762360    -1.71858811     0.43510861     0.43274526     3.57379698     3.57326440     8.25408803     8.27861979
   700     5.05945428     5.03502464     0.65603736     0.64662176    -1.74572101    -1.73614297     0.39205732     0.38950112     3.56324291     3.56266578     8.26791414     8.29454675
   701     5.15541330     5.12942601     0.63395080     0.62408613    -1.76165717    -1.75161296     0.34920330     0.34646524     3.55233758     3.55171815     8.28094444     8.30957537
   702     5.24922571     5.22182066     0.61116720     0.60092336    -1.77550176    -1.76506628     0.30656098     0.30365218     3.54107541     3.54041600     8.29312288     8.32364563
   703     5.34089506     5.31221282     0.58775100     0.57719530    -1.78732231    -1.77656851     0.26414532     0.26107697     3.52945056     3.52875353     8.30439450     8.33669905
   704     5.43042905     5.40061016     0.56376257     0.55295947    -1.79718434    -1.78618283     0.22197182     0.21875515     3.51745687     3.51672464     8.31470542     8.34867864
   705     5.51783901     5.48702328     0.53925844     0.52826936    -1.80515146    -1.79397019     0.18005664     0.17670288     3.50508779     3.50432283     8.32400280     8.35952888
   706     5.60313927     5.57146517     0.51429149     0.50317468    -1.81128539    -1.79998955     0.13841666     0.13493697     3.49233637     3.49154116     8.33223483     8.36919577
   707     5.68634657     5.65395061     0.48891119     0.47772163    -1.81564577    -1.80429834     0.09706952     0.09347497     3.47919511     3.47837222     8.33935085     8.37762679
   708     5.76747945     5.73449562     0.46316383     0.45195318    -1.81828440    -1.80695845     0.05603374     0.05233529     3.46565596     3.46480796     8.34530133     8.38477102
   709     5.84655764     5.81311687     0.43709265     0.42590920    -1.80805758    -1.81922402     0.01532881     0.01153729     3.45171018     3.45083970     8.35003799     8.39057921
   710     5.92360139     5.88983111     0.41073805     0.39962677    -1.80749928    -1.81866852    -0.02502470    -0.02889864     3.43734826     3.43645794     8.35351389     8.39500381
   711     5.99863096     5.96465463     0.38413775     0.37314029    -1.80549484    -1.81651117    -0.06500503    -0.06895092     3.42255978     3.42165231     8.35568354     8.39799914
   712     6.07166595     6.03760269     0.35732695     0.34648169    -1.80204081    -1.81285723    -0.10458909    -0.10859666     3.40733329     3.40641137     8.35650302     8.39952146
   713     6.14272480     6.10868901     0.33033844     0.31968058    -1.79718352    -1.80775954    -0.14375230    -0.14781148     3.39165616     3.39072252     8.35593013     8.39952913
   714     6.21182420     6.17792529     0.30320275     0.29276436    -1.79096920    -1.80126850    -0.18246842    -0.18656936     3.37551439     3.37457177     8.35392452     8.39798271
   715     6.27897863     6.24532071     0.27594828     0.26575841    -1.78344302    -1.79343307    -0.22070937    -0.22484243     3.35889242     3.35794359     8.35044784     8.39484514
   716     6.34419989     6.31088154     0.24860138     0.23868614    -1.77464905    -1.78430095    -0.25844495    -0.26260075     3.34177288     3.34082062     8.34546391     8.39008184
   717     6.40749664     6.37461073     0.22118646     0.21156914    -1.76463020    -1.77391863    -0.29564266    -0.29981201     3.32413636     3.32318344     8.33893881     8.38366088
   718     6.46887410     6.43650761     0.19372608     0.18442725    -1.75342830    -1.76233136    -0.33226732    -0.33644129     3.30596105     3.30501027     8.33084111     8.37555308
   719     6.52833365     6.49656756     0.16624106     0.15727868    -1.74108408    -1.74958322    -0.36828079    -0.37245065     3.28722243     3.28627657     8.32114195     8.36573220
   720     6.58587263     6.55478182     0.13875052     0.13014003    -1.72763722    -1.73571708    -0.40364150    -0.40779876     3.26789282     3.26695468     8.30981520     8.35417502
   721     6.64148411     6.61113727     0.11127199     0.10302643    -1.71312631    -1.72077467    -0.43830406    -0.44244043     3.24794094     3.24701330     8.29683759     8.34086146
   722     6.69515674     6.66561635     0.08382143     0.07595156    -1.69758892    -1.70479651    -0.47221865    -0.47632605     3.22733131     3.22641696     8.28218881     8.32577473
   723     6.74687469     6.71819701     0.05641335     0.04892773    -1.68106157    -1.68782198    -0.50533040    -0.50940096     3.20602361     3.20512534     8.26585161     8.30890135
   724     6.79661760     6.76885271     0.02906084     0.02196594    -1.66357976    -1.66988929    -0.53757864    -0.54160467     3.18397193     3.18309252     8.24781193     8.29023128
   725     6.84436069     6.81755248     0.00177561    -0.00492407    -1.64517795    -1.65103548    -0.56889604    -0.57287003     3.16112385     3.16026611     8.22805891     8.26975798
   726     6.89007483     6.86426110    -0.02543191    -0.03173379    -1.62588961    -1.63129646    -0.59920753    -0.60312212     3.13741940     3.13658614     8.20658500     8.24747841
   727     6.93372674     6.90893929    -0.05255256    -0.05845582    -1.60574718    -1.61070699    -0.62842910    -0.63227708     3.11278980     3.11198387     8.18338595     8.22339310
   728     6.97527926     6.95154398    -0.07957835    -0.08508392    -1.58478212    -1.58930069    -0.65646633    -0.66024062     3.08715599     3.08638030     8.15846088     8.19750612
   729     7.01469167     6.99202866    -0.10650245    -0.11161286    -1.56302492    -1.56711006    -0.68321271    -0.68690630     3.06042692     3.05968442     8.13181223     8.16982509
   730     7.05192003     7.03034380    -0.13331913    -0.13803844    -1.54050507    -1.54416651    -0.70854753    -0.71215348     3.03249745     3.03179121     8.10344578     8.14036113
   731     7.08691769     7.06643726    -0.16002369    -0.16435742    -1.51725114    -1.52050034    -0.73233352    -0.73584490     3.00324591     3.00257914     8.07337058     8.10912878
   732     7.11963574     7.10025487    -0.18661240    -0.19056745    -1.49329077    -1.49614081    -0.75441393    -0.75782380     2.97253123     2.97190731     8.04159893     8.07614597
   733     7.15002360     7.13174097    -0.21308248    -0.21666705    -1.46865068    -1.47111611    -0.77460913    -0.77791047     2.94018948     2.93961203     8.00814627     8.04143386
   734     7.17802961     7.16083903    -0.23943202    -0.24265552    -1.44335672    -1.44545343    -0.79271258    -0.79589819     2.90602981     2.90550274     7.97303111     8.00501672
   735     7.20360166     7.18749234    -0.26565991    -0.26853291    -1.41743391    -1.41917900    -0.80848598    -0.81154846     2.86982958     2.86935720     7.93627506     7.96692168
   736     7.22668796     7.21164471    -0.29176582    -0.29429996    -1.39090644    -1.39231806    -0.82165368    -0.82458530     2.83132879     2.83091586     7.89790372     7.92717753
   737     7.24723768     7.23324118    -0.31775008    -0.31995804    -1.36379772    -1.36489498    -0.83189602    -0.83468863     2.79022334     2.78987522     7.85811122     7.88564982
   738     7.26520176     7.25222885    -0.34361368    -0.34550905    -1.33613045    -1.33693326    -0.83884169    -0.84148659     2.74615738     2.74588012     7.84288299     7.81641779
   739     7.28053368     7.26855763    -0.36935815    -0.37095542    -1.30792663    -1.30845556    -0.84205893    -0.84454675     2.69871454     2.69851501     7.79840975     7.77335994
   740     7.29319025     7.28218103    -0.39498554    -0.39630000    -1.27920760    -1.27948380    -0.84104566    -0.84336624     2.64740798     2.64729401     7.75243102     7.72881018
   741     7.30313241     7.29305704    -0.42049829    -0.42154600    -1.24999412    -1.25003917    -0.83521880    -0.83736105     2.59166977     2.59165027     7.70499142     7.68280107
   742     7.31032607     7.30114886    -0.44589922    -0.44669692    -1.22030640    -1.22014218    -0.82390314    -0.82585494     2.53083973     2.53092479     7.65613436     7.63536962
   743     7.31474283     7.30642577    -0.47119143    -0.47175647    -1.19016418    -1.18981276    -0.80632081    -0.80806900     2.46415503     2.46435593     7.60590437     7.58655461
   744     7.31636088     7.30886387    -0.49637821    -0.49672853    -1.15958672    -1.15907028    -0.78158297    -0.78311340     2.39074188     2.39107105     7.55434706     7.53639611
   745     7.31516564     7.30844690    -0.52146297    -0.52161702    -1.12859294    -1.12793361    -0.74868627    -0.74998406     2.30961224     2.31008298     7.50150886     7.48493525
   746     7.31115062     7.30516694    -0.54644918    -0.54642585    -1.09720141    -1.09642121    -0.70651826    -0.70756833     2.21966949     2.22029547     7.44743682     7.43221397
   747     7.30431800     7.29902511    -0.57134030    -0.57115886    -1.06543044    -1.06455116    -0.65387748    -0.65466542     2.11972884     2.12052317     7.39217834     7.37827480
   748     7.29467938     7.29003223    -0.59613964    -0.59581972    -1.03329812    -1.03234123    -0.58951590    -0.59002942     2.00856033     2.00953414     7.33578094     7.32316061
   749     7.28225633     7.27820944    -0.62085036    -0.62041185    -1.00082237    -0.99980895    -0.51221279    -0.51244375     1.88496334     1.88612372     7.27829203     7.26691443
   750     7.26708098     7.26358872    -0.64547532    -0.64493835    -0.96802103    -0.96697165    -0.42088880    -0.42083590     1.74788119     1.74922854     7.21975866     7.20957922
   751     7.24919646     7.24621336    -0.67001707    -0.66940191    -0.93491187    -0.93384654    -0.31476496    -0.31443685     1.59656071     1.59808554     7.16022733     7.15119765
   752     7.22865733     7.22613841    -0.69447771    -0.69380476    -0.90151266    -0.90045076    -0.19356151    -0.19298000     1.43075101     1.43243081     7.09974374     7.09181192
   753     7.20552996     7.20343096    -0.71885885    -0.71814858    -0.86784122    -0.86680141    -0.05771460    -0.05691703     1.25091945     1.25271621     7.03835264     7.03146358
   754     7.17989274     7.17817041    -0.74316153    -0.74243441    -0.83391544    -0.83291564     0.09143305     0.09239334     1.05844043     1.06029996     6.97609762     6.97019335
   755     7.15183625     7.15044864    -0.76738616    -0.76666261    -0.79975337    -0.79881068     0.25152968     0.25258564     0.85754691     0.85569719     6.91302097     6.90804096
   756     7.12146340     7.12037007    -0.79153241    -0.79083275    -0.76537322    -0.76450386     0.41926303     0.42033957     0.64779286     0.64601712     6.84916349     6.84504500
   757     7.08888938     7.08805166    -0.81559918    -0.81494361    -0.73079341    -0.73001269     0.59059428     0.59161653     0.43508315     0.43346249     6.78456443     6.78124284
   758     7.05424159     7.05362276    -0.83958455    -0.83899304    -0.69603258    -0.69535489     0.76115512     0.76205757     0.22380393     0.22240422     6.71926130     6.71667045
   759     7.01765941     7.01722493    -0.86348568    -0.86297799    -0.66110965    -0.66054840     0.92672434     0.92745841     0.01819112     0.01706120     6.65328983     6.65136237
   760     6.97929395     6.97901163    -0.88729878    -0.88689436    -0.62604383    -0.62561142     1.08366722     1.08420550    -0.17810616    -0.17893867     6.58668392     6.58535158
   761     6.93930763     6.93914778    -0.91101906    -0.91073704    -0.59085464    -0.59056243     1.22923707     1.22957358    -0.36232713    -0.36285610     6.51947550     6.51866951
   762     6.89787371     6.89780932    -0.93464068    -0.93449981    -0.55556189    -0.55542024     1.36169275     1.36183983    -0.53271694    -0.53295460     6.45169460     6.45134594
   763     6.85518252     6.85517570    -0.95817533    -0.95815672    -0.52020394    -0.52018575     1.48023116     1.48024780    -0.68844785    -0.68847581     6.38340903     6.38336928
   764     6.81146338     6.81140670    -0.98175510    -0.98155914    -0.48493295    -0.48474671     1.58476046     1.58490703    -0.82933594    -0.82959571     6.31488529     6.31452564
   765     6.76685677     6.76676859    -1.00522944    -1.00483876    -0.44962704    -0.44926559     1.67601604     1.67625538    -0.95619494    -0.95664920     6.24579961     6.24518790
   766     6.72157559     6.72147122    -1.02858745    -1.02798523    -0.41430629    -0.41376353     1.75495531     1.75525034    -1.06997062    -1.07058201     6.17617529     6.17537836
   767     6.67583979     6.67573143    -1.05181704    -1.05098702    -0.37899107    -0.37826200     1.82273190     1.82304792    -1.17180557    -1.17253899     6.10603411     6.10511754
   768     6.62987534     6.62977204    -1.07490488    -1.07383141    -0.34370211    -0.34278276     1.88056649     1.88087242    -1.26291021    -1.26373399     6.03539638     6.03442425
   769     6.58391313     6.58382077    -1.09783644    -1.09650450    -0.30846038    -0.30734785     1.92965966     1.92992857    -1.34447561    -1.34536201     5.96428105     5.96331563
   770     6.53818774     6.53810900    -1.12059596    -1.11899123    -0.27328713    -0.27197957     1.97113896     1.97134813    -1.41762068    -1.41854593     5.89270579     5.89180735
   771     6.49293620     6.49287061    -1.14316650    -1.14127534    -0.23820387    -0.23670044     2.00603124     2.00616195    -1.48336460    -1.48430861     5.82068709     5.81991367
   772     6.44839673     6.44834066    -1.16552995    -1.16333946    -0.20323230    -0.20153320     2.03525217     2.03528933    -1.54261634    -1.54356233     5.74824044     5.74764761
   773     6.40480732     6.40475401    -1.18766706    -1.18516510    -0.16839431    -0.16650071     2.05960634     2.05953815    -1.59617492    -1.59710898     5.67538040     5.67502109
   774     6.36240434     6.36234399    -1.20955748    -1.20673268    -0.13371191    -0.13162599     2.07979367     2.07961122    -1.64473581    -1.64564651     5.60212081     5.60204509
   775     6.32142116     6.32134091    -1.23117981    -1.22802160    -0.09920723    -0.09693211     2.09641876     2.09611577    -1.68890045    -1.68977845     5.52847491     5.52872985
   776     6.28208661     6.28197068    -1.25251164    -1.24901030    -0.06490244    -0.06244219     2.11000147     2.10957397    -1.72918682    -1.73002455     5.45445549     5.45508498
   777     6.24462355     6.24445329    -1.27352964    -1.26967626    -0.03081973    -0.02817930     2.12098739     2.12043352    -1.76604001    -1.76683142     5.38007508     5.38111970
   778     6.20924738     6.20900133    -1.29420957    -1.28999615     0.00301875     0.00583352     2.12975767     2.12907753    -1.79984215    -1.80058246     5.30534614     5.30684300
   779     6.17616452     6.17581856    -1.31452643    -1.30994583     0.03659096     0.03957338     2.13663795     2.13583341    -1.83092134    -1.83160688     5.23028117     5.23226382
   780     6.14557098     6.14509837    -1.33445446    -1.32950045     0.06987497     0.07301756     2.14190612     2.14098078    -1.85955953    -1.86018758     5.15489293     5.15739126
   781     6.11765087     6.11702240    -1.35396728    -1.34863457     0.10284909     0.10614356     2.14579917     2.14475824    -1.88599938    -1.88656803     5.07919459     5.08223472
   782     6.09257496     6.09175907    -1.37303798    -1.36732221     0.13549183     0.13892918     2.14851899     2.14736922    -1.91045008    -1.91095816     5.00319990     5.00680411
   783     6.07049931     6.06946220    -1.39163917    -1.38553695     0.16778204     0.17135258     2.15023731     2.14898693    -1.93309242    -1.93353938     4.92692335     4.93111002
   784     6.05156392     6.05026970    -1.40974314    -1.40325206     0.19969890     0.20339229     2.15109995     2.14975865    -1.95408293    -1.95446883     4.85038030     4.85516390
   785     6.03589146     6.03430226    -1.42732191    -1.42044057     0.23122201     0.23502733     2.15123038     2.14980918    -1.97355758    -1.97388294     4.77358717     4.77897817
   786     6.02358601     6.02166216    -1.44434739    -1.43707541     0.26233144     0.26623719     2.15073271     2.14924399    -1.99163469    -1.99190053     4.69656151     4.70256643
   787     6.01473193     6.01243214    -1.46079145    -1.45312951     0.29300774     0.29700198     2.14969430     2.14815166    -2.00841757    -2.00862529     4.61932216     4.62594354
   788     6.00939285     6.00667435    -1.47662606    -1.46857590     0.32323206     0.32730237     2.14818788     2.14660611    -2.02399661    -2.02414799     4.54188936     4.54912580
   789     6.00761064     6.00442938    -1.49182341    -1.48338788     0.35298611     0.35711974     2.14627345     2.14466841    -2.03845116    -2.03854831     4.46428481     4.47213099
   790     6.00940459     6.00571544    -1.50635601    -1.49753907     0.38225227     0.38643616     2.14399983     2.14238837    -2.05185102    -2.05189634     4.38653178     4.39497853
   791     6.01477065     6.01052762    -1.52019681    -1.51100360     0.41101360     0.41523445     2.14140604     2.13980589    -2.06425774    -2.06425389     4.30865511     4.31768952
   792     6.02368081     6.01883728    -1.53331934    -1.52375617     0.43925390     0.44349824     2.13852247     2.13695208    -2.07572579    -2.07567563     4.23068134     4.24028680
   793     6.03608260     6.03059158    -1.54569782    -1.53577222     0.46695770     0.47121197     2.13537192     2.13385035    -2.08630343    -2.08621004     4.15263864     4.16279500
   794     6.05189873     6.04571313    -1.55730727    -1.54702803     0.49411034     0.49836097     2.13197046     2.13051722    -2.09603355    -2.09590015     4.07455689     4.08524057
   795     6.07102685     6.06409979    -1.56812362    -1.55750081     0.52069796     0.52493142     2.12832827     2.12696313    -2.10495434    -2.10478428     3.99646758     4.00765175
   796     6.09333952     6.08562461    -1.57812386    -1.56716888     0.54670754     0.55091043     2.12445031     2.12319314    -2.11309991    -2.11289663     3.91840386     3.93005859
   797     6.11868422     6.11013599    -1.58728612    -1.57601172     0.57212692     0.57628606     2.12033699     2.11920755    -2.12050076    -2.12026775     3.84040045     3.85249290
   798     6.14688365     6.13745787    -1.59558978    -1.58401010     0.59694479     0.60104729     2.11598471     2.11500244    -2.12718420    -2.12692502     3.76249354     3.77498820
   799     6.17773609     6.16739022    -1.60301556    -1.59114618     0.62115074     0.62518404     2.11138639     2.11057022    -2.13317480    -2.13289300     3.68472076     3.69757964
   800     6.21101588     6.19970970    -1.60954568    -1.59740363     0.64473521     0.64868722     2.10653195     2.10590008    -2.13849464    -2.13819373     3.60712103     3.62030391
   801     6.23416985     6.24647473    -1.61516386    -1.60276768     0.66768955     0.67154867     2.10140877     2.10097842    -2.14316361    -2.14284709     3.52973444     3.54319915
   802     6.27050304     6.28384155    -1.61985550    -1.60722521     0.69000598     0.69376120     2.09600205     2.09578927    -2.14719970    -2.14687097     3.45260215     3.46630480
   803     6.30842114     6.32282401    -1.62360766    -1.61076487     0.71167759     0.71531852     2.09029522     2.09031466    -2.15061915    -2.15028154     3.37576622     3.38966148
   804     6.34761617     6.36311031    -1.62640924    -1.61337708     0.73269832     0.73621532     2.08427031     2.08453500    -2.15343669    -2.15309339     3.29926944     3.31331086
   805     6.38776241     6.40436989    -1.62825096    -1.61505415     0.75306298     0.75644715     2.07790821     2.07842936    -2.15566567    -2.15531976     3.22315519     3.23729546
   806     6.42851780     6.44625516    -1.62912545    -1.61579028     0.77276717     0.77601047     2.07118907     2.07197585    -2.15731821    -2.15697261     3.14746725     3.16165849
   807     6.46952563     6.48840323    -1.62902729    -1.61558162     0.79180735     0.79490258     2.06409249     2.06515187    -2.15840534    -2.15806284     3.07224961     3.08644370
   808     6.51041643     6.53043773    -1.62795309    -1.61442633     0.81018071     0.81312162     2.05659784     2.05793441    -2.15893699    -2.15860046     2.99754631     3.01169516
   809     6.55081001     6.57197079    -1.62590143    -1.61232455     0.82788524     0.83066652     2.04868450     2.05030029    -2.15860049    -2.15891628     2.92340125     2.93745707
   810     6.59031752     6.61260517    -1.62287299    -1.60927842     0.84491969     0.84753689     2.04033205     2.04222643    -2.15805190    -2.15837083     2.84985797     2.86377362
   811     6.62854379     6.65193645    -1.61887047    -1.60529212     0.86373094     0.86128566     2.03152053     2.03369008    -2.15698171    -2.15728873     2.77695954     2.79068873
   812     6.66508962     6.68955541    -1.61389864    -1.60037180     0.87925671     0.87697627     2.02223057     2.02466898    -2.15539023    -2.15568354     2.70474829     2.71824589
   813     6.69955425     6.72505043    -1.60796435    -1.59452563     0.89410905     0.89199908     2.01244361     2.01514162    -2.15328363    -2.15356174     2.63326570     2.64648800
   814     6.73153786     6.75801002    -1.60107645    -1.58776368     0.90829246     0.90635321     2.00214200     2.00508737    -2.15066761    -2.15092928     2.56255223     2.57545712
   815     6.76064420     6.78802539    -1.59324581    -1.58009798     0.92180990     0.92004044     1.99130918     1.99448665    -2.14754740    -2.14779162     2.49264712     2.50519438
   816     6.78648313     6.81469308    -1.58448529    -1.57154237     0.93466477     0.93306313     1.97992977     1.98332109    -2.14392780    -2.14415380     2.42358827     2.43573973
   817     6.80867334     6.83761764    -1.57480966    -1.56211252     0.94686096     0.94542412     1.96798969     1.97157361    -2.13981323    -2.14002047     2.35541213     2.36713185
   818     6.82684498     6.85641427    -1.56423558    -1.55182584     0.95840280     0.95712672     1.95547622     1.95922861    -2.13520777    -2.13539593     2.28815350     2.29940794
   819     6.84064230     6.87071157    -1.55278152    -1.54070137     0.96929499     0.96817463     1.94237807     1.94627197    -2.13011519    -2.13028418     2.22184549     2.23260365
   820     6.84972625     6.88015410    -1.54046771    -1.52875974     0.97954258     0.97857196     1.92868547     1.93269120    -2.12453897    -2.12468892     2.15651936     2.16675290
   821     6.85377710     6.88440510    -1.52731601    -1.51602306     0.98915094     0.98832315     1.91439016     1.91847547    -2.11848235    -2.11861361     2.09220448     2.10188778
   822     6.85249687     6.88314896    -1.51334990    -1.50251485     0.99812572     0.99743296     1.89948547     1.90361566    -2.11194837    -2.11206146     2.02892823     2.03803850
   823     6.84561180     6.87609378    -1.49859435    -1.48825989     1.00647278     1.00590643     1.88396628     1.88810441    -2.10493984    -2.10503550     1.96671594     1.97523325
   824     6.83287459     6.86297369    -1.48307572    -1.47328417     1.01419820     1.01374886     1.86782907     1.87193614    -2.09745940    -2.09753854     1.90559083     1.91349814
   825     6.81406662     6.84355116    -1.46682166    -1.45761474     1.02130822     1.02096576     1.85107191     1.85510706    -2.08950956    -2.08957324     1.84557402     1.85285717
   826     6.78899993     6.81761912    -1.44986101    -1.44127962     1.02780924     1.02756285     1.83369442     1.83761517    -2.08109267    -2.08114211     1.78668445     1.79333218
   827     6.75751910     6.78500290    -1.43222370    -1.42430767     1.03370774     1.03354602     1.81569778     1.81946028    -2.07221095    -2.07224753     1.72893891     1.73494280
   828     6.71950292     6.74556211    -1.41394063    -1.40672850     1.03901029     1.03892130     1.79708470     1.80064396    -2.06286654    -2.06289174     1.67235203     1.67770645
   829     6.67486585     6.69919216    -1.39504354    -1.38857234     1.04372353     1.04369483     1.77785936     1.78116951    -2.05306147    -2.05307690     1.61693630     1.62163835
   830     6.62355925     6.64582575    -1.37556492    -1.36986991     1.04785412     1.04787287     1.75802741     1.76104200    -2.04279771    -2.04280506     1.56270207     1.56675152
   831     6.56557245     6.58543401    -1.35553786    -1.35065234     1.05140873     1.05146175     1.73759593     1.74026817    -2.03207714    -2.03207820     1.50965762     1.51305677
   832     6.50093345     6.51802742    -1.33499596    -1.33095104     1.05439403     1.05446787     1.71657333     1.71885642    -2.02090161    -2.02089822     1.45780916     1.46056277
   833     6.42970948     6.44365659    -1.31397323    -1.31079757     1.05681666     1.05689767     1.69496940     1.69681676    -2.00927292    -2.00926696     1.40716093     1.40927610
   834     6.35200719     6.36241260    -1.29250391    -1.29022358     1.05868321     1.05875761     1.67279518     1.67416078    -1.99719282    -1.99718622     1.35771521     1.35920124
   835     6.26797263     6.27442721    -1.27062243    -1.26926068     1.06000023     1.06005417     1.65006297     1.65090160    -1.98466307    -1.98465777     1.30947238     1.31034067
   836     6.17779089     6.17987275    -1.24836327    -1.24794034     1.06077417     1.06079383     1.62678624     1.62705383    -1.97168537    -1.97168332     1.26243106     1.26269493
   837     6.07896166     6.08168548    -1.22629382    -1.22576083     1.06098306     1.06101143     1.60263351     1.60297965    -1.95826459    -1.95826146     1.21626268     1.21658809
   838     5.97194580     5.97991737    -1.20435206    -1.20284938     1.06062831     1.06071829     1.57765808     1.57865892    -1.94440326    -1.94439305     1.17104079     1.17193867
   839     5.85911546     5.87278376    -1.18214562    -1.17966292     1.05973598     1.05990093     1.55214630     1.55384089    -1.93010103    -1.93008187     1.12702438     1.12847640
   840     5.74079804     5.76061654    -1.15970461    -1.15623512     1.05831244     1.05856542     1.52611827     1.52854337    -1.91535958    -1.91532965     1.08420694     1.08619340
   841     5.61735641     5.64378043    -1.13705858    -1.13259920     1.05636401     1.05671771     1.49959531     1.50278520    -1.90018061    -1.90013818     1.04258040     1.04508036
   842     5.48918702     5.52267081    -1.11423652    -1.10878787     1.05389697     1.05436362     1.47259997     1.47658616    -1.88456585    -1.88450925     1.00213523     1.00512665
   843     5.35671770     5.39771136    -1.09126677    -1.08483328     1.05091750     1.05150884     1.44515595     1.44996693    -1.86851702    -1.86844468     0.96286049     0.96632037
   844     5.22040514     5.26935125    -1.06817697    -1.06076688     1.04743175     1.04815894     1.41728809     1.42294910    -1.85203592    -1.85194637     0.92474396     0.92864849
   845     5.08073213     5.13806224    -1.04499404    -1.03661944     1.04344579     1.04431933     1.38902228     1.39555509    -1.83512435    -1.83501623     0.88777221     0.89209686
   846     4.93820451     5.00433541    -1.02174415    -1.01242094     1.03896562     1.03999530     1.36038548     1.36780817    -1.81778417    -1.81765624     0.85193068     0.85665037
   847     4.79334787     4.86867768    -0.99845266    -0.98820054     1.03399716     1.03519199     1.33140562     1.33973238    -1.80001730    -1.79986845     0.81720377     0.82229298
   848     4.64670401     4.73160818    -0.97514412    -0.96398654     1.02854627     1.02991443     1.30211156     1.31135255    -1.78182571    -1.78165496     0.78357495     0.78900780
   849     4.49882721     4.59365431    -0.95184229    -0.93980633     1.02261873     1.02416749     1.27253309     1.28269421    -1.76321144    -1.76301795     0.75102679     0.75677720
   850     4.35028029     4.45534781    -0.92857005    -0.91568637     1.01622026     1.01795593     1.24270082     1.25378365    -1.74417659    -1.74395969     0.71954110     0.72558286
   851     4.20163046     4.31722050    -0.90534946    -0.89165216     1.00935653     1.01128440     1.21264619     1.22464781    -1.72472335    -1.72448251     0.68909896     0.69540585
   852     4.05344511     4.17980010    -0.88220175    -0.86772821     1.00203313     1.00415741     1.18240135     1.19531429    -1.70485401    -1.70458884     0.65968082     0.66622668
   853     3.90628744     4.04360587    -0.85914729    -0.84393804     0.99425559     0.99657940     1.15199917     1.16581131    -1.68457092    -1.68428121     0.63126657     0.63802539
   854     3.76071199     3.90914425    -0.83620565    -0.82030416     0.98602943     0.98855471     1.12147314     1.13616768    -1.66387655    -1.66356223     0.60383559     0.61078161
   855     3.61726022     3.77690458    -0.81339556    -0.79684806     0.97736010     0.98008760     1.09085729     1.10641275    -1.64277346    -1.64243463     0.57736685     0.58447462
   856     3.47645601     3.64735478    -0.79073495    -0.77359020     0.96825304     0.97118227     1.06018618     1.07657639    -1.62126432    -1.62090124     0.55183892     0.55908338
   857     3.33880123     3.52093719    -0.76824096    -0.75055003     0.95871365     0.96184286     1.02949476     1.04668892    -1.59935193    -1.59896502     0.52723008     0.53458663
   858     3.20477137     3.39806452    -0.74592994    -0.72774596     0.94874734     0.95207352     0.99881832     1.01678108    -1.57703919    -1.57662901     0.50351836     0.51096289
   859     3.07481134     3.27911603    -0.72381750    -0.70519538     0.93835951     0.94187834     0.96819242     0.98688398    -1.55432913    -1.55389642     0.48068158     0.48819055
   860     2.94933143     3.16443393    -0.70191849    -0.68291468     0.92755557     0.93126146     0.93765275     0.95702902    -1.53122493    -1.53077054     0.45869739     0.46624788
   861     2.82870344     3.05432001    -0.68024703    -0.66091921     0.91634096     0.92022702     0.90723507     0.92724783    -1.50772987    -1.50725483     0.43754333     0.44511310
   862     2.71325715     2.94903269    -0.65881654    -0.63922335     0.90472115     0.90877922     0.87697510     0.89757221    -1.48384739    -1.48335286     0.41719691     0.42476440
   863     2.60327707     2.84878436    -0.63763972    -0.61784044     0.89270166     0.89692233     0.84690838     0.86803407    -1.45958109    -1.45906834     0.39763555     0.40517998
   864     2.49899954     2.75373917    -0.61672859    -0.59678286     0.88028803     0.88466072     0.81707021     0.83866529    -1.43493468    -1.43440513     0.37883671     0.38633808
   865     2.40061022     2.66401124    -0.59609448    -0.57606200     0.86748592     0.87199885     0.78749546     0.80949767    -1.40991207    -1.40936724     0.36077790     0.36821702
   866     2.30824206     2.57966338    -0.57574807    -0.55568826     0.85430101     0.85894132     0.75821848     0.78056284    -1.38451728    -1.38395882     0.34343666     0.35079521
   867     2.22197374     2.50070628    -0.55569936    -0.53567108     0.84073910     0.84549290     0.72927300     0.75189215    -1.35875454    -1.35818416     0.32679065     0.33405119
   868     2.14182859     2.42709829    -0.53595770    -0.51601896     0.82680604     0.83165850     0.70069191     0.72351653    -1.33262820    -1.33204773     0.31081765     0.31796366
   869     2.06777410     2.35874568    -0.51653175    -0.49673939     0.81250780     0.81744323     0.67250722     0.69546644    -1.30614280    -1.30555413     0.29549559     0.30251146
   870     1.99972194     2.29550351    -0.49742953    -0.47783896     0.79785045     0.80285240     0.64474984     0.66777168    -1.27930304    -1.27870814     0.28080254     0.28767365
   871     1.93752863     2.23717705    -0.47865840    -0.45932328     0.78284013     0.78789154     0.61744949     0.64046133    -1.25211380    -1.25151468     0.26671679     0.27342949
   872     1.88099677     2.18352378    -0.46022503    -0.44119705     0.76748313     0.77256640     0.59063456     0.61356360    -1.22458014    -1.22397885     0.25321682     0.25975844
   873     1.82987683     2.13425592    -0.44213542    -0.42346401     0.75178580     0.75688296     0.56433193     0.58710569    -1.19670727    -1.19610589     0.24028131     0.24664023
   874     1.78386960     2.08904349    -0.42439486    -0.40612697     0.73575463     0.74084744     0.53856689     0.56111368    -1.16850059    -1.16790122     0.22788920     0.23405480
   875     1.74262918     2.04751789    -0.40700796    -0.38918782     0.71939619     0.72446633     0.51336299     0.53561240    -1.13996567    -1.13937041     0.21601967     0.22198237
   876     1.70576648     2.00927599    -0.38997859    -0.37264755     0.70271716     0.70774634     0.48874189     0.51062529    -1.11110826    -1.11051918     0.20465214     0.21040342
   877     1.67285337     1.97388455    -0.37330990    -0.35650619     0.68572434     0.69069444     0.46472327     0.48617430    -1.08193427    -1.08135344     0.19376632     0.19929871
   878     1.64342714     1.94088512    -0.35700431    -0.34076290     0.66842459     0.67331787     0.44132473     0.46227971    -1.05244979    -1.05187920     0.18334217     0.18864925
   879     1.61699558     1.90979924    -0.34106344    -0.32541592     0.65082491     0.65562407     0.41856166     0.43896008    -1.02266105    -1.02210268     0.17335994     0.17843636
   880     1.59304225     1.88013388    -0.32548817    -0.31046259     0.63293235     0.63762076     0.39644716     0.41623211    -0.99257446    -0.99203019     0.16380017     0.16864161
   881     1.57103227     1.85138707    -0.31027856    -0.29589937     0.61475410     0.61931587     0.37499196     0.39411049    -0.96219658    -0.96166820     0.15464366     0.15924687
   882     1.55041816     1.82305376    -0.29543390    -0.28172185     0.59629741     0.60071756     0.35420436     0.37260788    -0.93153408    -0.93102330     0.14587150     0.15023426
   883     1.53064602     1.79463158    -0.28095264    -0.26792474     0.57756962     0.58183422     0.33409016     0.35173475    -0.90059378    -0.90010221     0.13746507     0.14158618
   884     1.51116172     1.76562675    -0.26683239    -0.25450191     0.55857817     0.56267443     0.31465263     0.33149935    -0.86938260    -0.86891173     0.12940599     0.13328526
   885     1.49141715     1.73555976    -0.25306996    -0.24144638     0.53933059     0.54324699     0.29589245     0.31190759    -0.83790757    -0.83745875     0.12167615     0.12531438
   886     1.47087639     1.70397102    -0.23966129    -0.22875034     0.51983450     0.52356085     0.27780772     0.29296302    -0.80617577    -0.80575023     0.11425767     0.11765662
   887     1.44902173     1.67042614    -0.22660147    -0.21640518     0.50009762     0.50362519     0.26039395     0.27466678    -0.77419430    -0.77379313     0.10713286     0.11029525
   888     1.42535955     1.63452104    -0.21388476    -0.20440149     0.48012775     0.48344932     0.24364408     0.25701753    -0.74197030    -0.74159445     0.10028423     0.10321366
   889     1.39942577     1.59588659    -0.20150456    -0.19272910     0.45993281     0.46304272     0.22754845     0.24001146    -0.70951084    -0.70916111     0.09369440     0.09639537
   890     1.37079107     1.55419294    -0.18945340    -0.18137706     0.43952083     0.44241503     0.21209489     0.22364228    -0.67682287    -0.67649996     0.08734606     0.08982393
   891     1.33906560     1.50915322    -0.17772301    -0.17033371     0.41889993     0.42157602     0.19726875     0.20790120    -0.64391316    -0.64361768     0.08122190     0.08348284
   892     1.30390321     1.46052689    -0.16630424    -0.15958666     0.39807837     0.40053560     0.18305295     0.19277696    -0.61078819    -0.61052069     0.07530453     0.07735548
   893     1.26500514     1.40812237    -0.15518714    -0.14912283     0.37706449     0.37930377     0.16942804     0.17825586    -0.57745400    -0.57721510     0.06957631     0.07142497
   894     1.22212315     1.35179922    -0.14436093    -0.13892846     0.35586677     0.35789066     0.15637231     0.16432179    -0.54391596    -0.54370657     0.06401923     0.06567401
   895     1.17506194     1.29146958    -0.13381402    -0.12898916     0.33449379     0.33630647     0.14386184     0.15095632    -0.51017842    -0.51000025     0.05861467     0.06008466
   896     1.12368103     1.22709903    -0.12353401    -0.11928985     0.31295421     0.31456146     0.13187062     0.13813870    -0.47624406    -0.47610093     0.05334313     0.05463808
   897     1.06789585     1.15870685    -0.11350771    -0.10981484     0.29125680     0.29266592     0.12037068     0.12584599    -0.44211244    -0.44201365     0.04818382     0.04931410
   898     1.00767825     1.08636554    -0.10372111    -0.10054778     0.26941034     0.27063013     0.10933213     0.11405313    -0.40777929    -0.40774348     0.04311418     0.04409077
   899     0.94305624     1.01019977    -0.09415935    -0.09147166     0.24742361     0.24846427     0.09872337     0.10273303    -0.37325065    -0.37327988     0.03810912     0.03894361
   900     0.87411313     0.93038471    -0.08480668    -0.08256872     0.22530530     0.22617833     0.08851116     0.09185668    -0.33854280    -0.33859504     0.03314011     0.03384471
   901     0.80098595     0.84714372    -0.07564634    -0.07382036     0.20306380     0.20378191     0.07866077     0.08139326    -0.30363874    -0.30368489     0.02817398     0.02876153
   902     0.72386330     0.76074552    -0.06666029    -0.06520684     0.18070698     0.18128400     0.06913612     0.07131029    -0.26851198    -0.26854264     0.02317146     0.02365551
   903     0.64298252     0.67150077    -0.05782878    -0.05670685     0.15824163     0.15869238     0.05989991     0.06157370    -0.23313537    -0.23314779     0.01808615     0.01848106
   904     0.55862639     0.57975819    -0.04912942    -0.04829654     0.13567250     0.13601266     0.05091379     0.05214803    -0.19747834    -0.19747174     0.01286590     0.01318695
   905     0.47111924     0.48590021    -0.04053509    -0.03994735     0.11300003     0.11324619     0.04213848     0.04299654    -0.16151606    -0.16149053     0.00746376     0.00772726
   906     0.38082261     0.39033824    -0.03200902    -0.03162096     0.09021523     0.09038511     0.03353395     0.03408135    -0.12527352    -0.12523087     0.00188336     0.00210608
   907     0.28813054     0.29350759    -0.02349124    -0.02325532     0.06728536     0.06739893     0.02505952     0.02536364    -0.08898381    -0.08893216    -0.00365971    -0.00346362
   908     0.19346442     0.19586202    -0.01485492    -0.01471919     0.04410766     0.04419171     0.01667397     0.01680385    -0.05359699    -0.05356267    -0.00822118    -0.00805158
   909     0.09726766     0.09786823    -0.00577618    -0.00567763     0.02036845     0.02047805     0.00833522     0.00836234    -0.02202881    -0.02204839    -0.00888376    -0.00877710
   910    -0.00000001     0.00000001     0.00000000    -0.00000000     0.00000000    -0.00000000     0.00000000    -0.00000000     0.00000000     0.00000000    -0.00000000     0.00000000
   911    -0.35960400    -0.35970373    -0.00944537    -0.00947901     0.02225160     0.02227302     0.00614644     0.00612252    -0.00775349    -0.00783568    -0.01655196    -0.01647224
   912    -0.71721271    -0.71789404    -0.01771579    -0.01773986     0.04331436     0.04328189     0.01234957     0.01225415    -0.02047747    -0.02063692    -0.02810730    -0.02795752
   913    -1.07151725    -1.07326249    -0.02326054    -0.02341160     0.06163214     0.06160880     0.01864423     0.01843050    -0.03719941    -0.03741276    -0.03562128    -0.03542905
   914    -1.42121359    -1.42452365    -0.02739093    -0.02777613     0.07849313     0.07850666     0.02506474     0.02468712    -0.05656421    -0.05681035    -0.04043212    -0.04022168
   915    -1.76500533    -1.77042172    -0.03095622    -0.03143868     0.09460925     0.09466624     0.03164472     0.03105935    -0.07748828    -0.07775406    -0.04360696    -0.04339261
   916    -2.10160970    -2.10973409    -0.03423876    -0.03478718     0.11029337     0.11039340     0.03841694     0.03758216    -0.09927989    -0.09955692    -0.04582157    -0.04560993
   917    -2.42976686    -2.44127154    -0.03736717    -0.03802811     0.12568863     0.12582900     0.04541323     0.04429001    -0.12153750    -0.12181794    -0.04746194    -0.04725539
   918    -2.74825302    -2.76387489    -0.04043518    -0.04125698     0.14086468     0.14104195     0.05266425     0.05121668    -0.14403467    -0.14430851    -0.04873912    -0.04853814
   919    -3.05589418    -3.07641102    -0.04350574    -0.04453139     0.15585680     0.15606728     0.06019944     0.05839507    -0.16664274    -0.16689677    -0.04976629    -0.04957065
   920    -3.35157752    -3.37777141    -0.04662417    -0.04789145     0.17068293     0.17092281     0.06804682     0.06585711    -0.18928607    -0.18950420    -0.05060315    -0.05041248
   921    -3.63426006    -3.66687345    -0.04982601    -0.05136779     0.18535163     0.18561705     0.07623291     0.07363356    -0.21191755    -0.21208196    -0.05128011    -0.05109412
   922    -3.90297106    -3.94266810    -0.05314106    -0.05498550     0.19986609     0.20015319     0.08478256     0.08175385    -0.23450535    -0.23459812    -0.05181141    -0.05162998
   923    -4.15681439    -4.20414759    -0.05659557    -0.05876611     0.21422629     0.21453120     0.09371891     0.09024598    -0.25702587    -0.25703044    -0.05220226    -0.05202544
   924    -4.39496619    -4.45035762    -0.06021347    -0.06272882     0.22843021     0.22874909     0.10306322     0.09913631    -0.27946007    -0.27936229    -0.05245272    -0.05228069
   925    -4.61667527    -4.68040678    -0.06401706    -0.06689115     0.24247453     0.24280362     0.11283483     0.10844948    -0.30179148    -0.30158016    -0.05255992    -0.05239300
   926    -4.82126438    -4.89347475    -0.06802743    -0.07126934     0.25635508     0.25669070     0.12305103     0.11820826    -0.32400518    -0.32367220    -0.05251930    -0.05235788
   927    -5.00813210    -5.08881951    -0.07226473    -0.07587857     0.27006712     0.27040569     0.13372707     0.12843344    -0.34608720    -0.34562733    -0.05232533    -0.05216986
   928    -5.17675447    -5.26578413    -0.07674825    -0.08073319     0.28360549     0.28394359     0.14487604     0.13914373    -0.36802415    -0.36743482    -0.05197192    -0.05182286
   929    -5.32669050    -5.42379920    -0.08149654    -0.08584671     0.29696471     0.29729914     0.15650887     0.15035568    -0.38980299    -0.38908398    -0.05145263    -0.05131046
   930    -5.45758423    -5.56238765    -0.08652739    -0.09123192     0.31013914     0.31046686     0.16863432     0.16208357    -0.41141088    -0.41056405    -0.05076083    -0.05062600
   931    -5.56916778    -5.68116765    -0.09185784    -0.09690087     0.32312292     0.32344117     0.18125897     0.17433941    -0.43283504    -0.43186412    -0.04988974    -0.04976267
   932    -5.66126365    -5.77985513    -0.09750410    -0.10286487     0.33591009     0.33621637     0.19438726     0.18713284    -0.45406269    -0.45297314    -0.04883251    -0.04871355
   933    -5.73378661    -5.85826529    -0.10348154    -0.10913449     0.34849458     0.34878668     0.20802149     0.20047117    -0.47508103    -0.47387989    -0.04758216    -0.04747161
   934    -5.78674441    -5.91631395    -0.10980456    -0.11571947     0.36087022     0.36114624     0.22216191     0.21435933    -0.49587718    -0.49457295    -0.04613165    -0.04602974
   935    -5.82023788    -5.95401783    -0.11648651    -0.12262874     0.37303078     0.37328914     0.23680676     0.22879988    -0.51643819    -0.51504076    -0.04447383    -0.04438070
   936    -5.83445985    -5.97149444    -0.12353959    -0.12987030     0.38496992     0.38520938     0.25195238     0.24379309    -0.53675102    -0.53527156    -0.04260144    -0.04251714
   937    -5.82969369    -5.96896060    -0.13097473    -0.13745118     0.39668128     0.39690092     0.26759327     0.25933693    -0.55680254    -0.55525343    -0.04050707    -0.04043159
   938    -5.80631061    -5.94673047    -0.13880147    -0.14537737     0.40815840     0.40835764     0.28372223     0.27542714    -0.57657954    -0.57497427    -0.03818320    -0.03811642
   939    -5.76476586    -5.90521290    -0.14702785    -0.15365371     0.41939477     0.41957336     0.30033045     0.29205733    -0.59606873    -0.59442179    -0.03562214    -0.03556386
   940    -5.70559502    -5.84490708    -0.15566023    -0.16228382     0.43038381     0.43054183     0.31740760     0.30921903    -0.61525675    -0.61358351    -0.03281603    -0.03276595
   941    -5.62940832    -5.76639851    -0.16470322    -0.17127001     0.44111889     0.44125670     0.33494199     0.32690178    -0.63413013    -0.63244679    -0.02975683    -0.02971459
   942    -5.53688563    -5.67035283    -0.17415955    -0.18061317     0.45159332     0.45171157     0.35292064     0.34509324    -0.65267534    -0.65099874    -0.02643630    -0.02640146
   943    -5.42876919    -5.55751060    -0.18402991    -0.19031270     0.46180032     0.46189993     0.37132940     0.36377927    -0.67087880    -0.66922631    -0.02284601    -0.02281806
   944    -5.30585753    -5.42867984    -0.19431288    -0.20036640     0.47173309     0.47181520     0.39015307     0.38294405    -0.68872680    -0.68711622    -0.01897733    -0.01895569
   945    -5.16899812    -5.28472871    -0.20500481    -0.21077039     0.48138474     0.48145069     0.40937547     0.40257014    -0.70620558    -0.70465497    -0.01482141    -0.01480545
   946    -5.01907924    -5.12657851    -0.21609973    -0.22151905     0.49074832     0.49079965     0.42897952     0.42263861    -0.72330128    -0.72182882    -0.01036920    -0.01035823
   947    -4.85702304    -4.95519492    -0.22758927    -0.23260487     0.49981685     0.49985520     0.44894731     0.44312910    -0.73999996    -0.73862382    -0.00561142    -0.00560473
   948    -4.68377706    -4.77158060    -0.23946261    -0.24401846     0.50858326     0.50861041     0.46926016     0.46401993    -0.75628756    -0.75502577    -0.00053861    -0.00053544
   949    -4.50030689    -4.57676663    -0.25170642    -0.25574843     0.51704046     0.51705823     0.48989867     0.48528816    -0.77214992    -0.77102022     0.00485893     0.00485934
   950    -4.30758766    -4.37180545    -0.26430480    -0.26778138     0.52518127     0.52519155     0.51084276     0.50690966    -0.78757277    -0.78659247     0.01059106     0.01058949
   951    -4.10659574    -4.15776407    -0.27723934    -0.28010177     0.53299850     0.53300316     0.53207165     0.52885919    -0.80254168    -0.80172755     0.01666784     0.01666508
   952    -3.89829741    -3.93572082    -0.29048905    -0.29269192     0.54048490     0.54048580     0.55356390     0.55111045    -0.81704206    -0.81641026     0.02309951     0.02309634
   953    -3.68362665    -3.70677400    -0.30403055    -0.30553185     0.54763321     0.54763213     0.57529741     0.57363614    -0.83105911    -0.83062518     0.02989647     0.02989364
   954    -3.46337110    -3.47214321    -0.31783892    -0.31859835     0.55443611     0.55443477     0.59724926     0.59640810    -0.84457733    -0.84435713     0.03706926     0.03706749
   955    -3.23566490    -3.23566485    -0.33187639    -0.33187639     0.56088630     0.56088630     0.61939655     0.61939656    -0.85758582    -0.85758583     0.04462854     0.04462853
   956    -3.00825005    -2.99152027    -0.34611875    -0.34533267     0.56697926     0.56697645     0.64171547     0.64257106    -0.87006566    -0.87029854     0.05258749     0.05258508
   957    -2.78096523    -2.74173768    -0.36054043    -0.35893067     0.57270620     0.57269925     0.66417926     0.66590245    -0.88199853    -0.88248137     0.06095517     0.06094974
   958    -2.54889130    -2.49303855    -0.37509597    -0.37264918     0.57805965     0.57804740     0.68676351     0.68935766    -0.89337263    -0.89411335     0.06974242     0.06973342
   959    -2.31563071    -2.24355123    -0.38974829    -0.38645417     0.58303219     0.58301365     0.70944163     0.71290418    -0.90417134    -0.90517774     0.07896012     0.07894708
   960    -2.08211449    -1.99399828    -0.40445708    -0.40031051     0.58761642     0.58759078     0.73218628     0.73650861    -0.91437830    -0.91565692     0.08861914     0.08860164
   961    -1.84909892    -1.74519520    -0.41917968    -0.41418114     0.59180502     0.59177164     0.75496928     0.76013679    -0.92397691    -0.92553284     0.09873032     0.09870802
   962    -1.61727941    -1.49793290    -0.43387131    -0.42802701     0.59559075     0.59554919     0.77776158     0.78375378    -0.93295027    -0.93478706     0.10930444     0.10927708
   963    -1.38730411    -1.25296159    -0.44848521    -0.44180711     0.59896648     0.59891647     0.80053320     0.80732393    -0.94128116    -0.94340075     0.12035217     0.12031956
   964    -1.15977758    -1.01098532    -0.46297273    -0.45547847     0.60192520     0.60186666     0.82325322     0.83081087    -0.94895198    -0.95135466     0.13188405     0.13184608
   965    -0.93526071    -0.77266126    -0.47728345    -0.46899628     0.60446009     0.60439309     0.84588979     0.85417756    -0.95594476    -0.95862913     0.14391045     0.14386710
   966    -0.71427156    -0.53859857    -0.49136525    -0.48231389     0.60656448     0.60648926     0.86841005     0.87738627    -0.96224111    -0.96520406     0.15644154     0.15639286
   967    -0.49728592    -0.30935831    -0.50516448    -0.49538293     0.60823193     0.60814886     0.89078018     0.90039864    -0.96782222    -0.97105892     0.16948723     0.16943334
   968    -0.28473797    -0.08545375    -0.51862605    -0.50815337     0.60945623     0.60936582     0.91296536     0.92317569    -0.97266879    -0.97617267     0.18305715     0.18299826
   969    -0.07702143     0.13264947    -0.53169354    -0.52057363     0.61023144     0.61013431     0.93492978     0.94567782    -0.97676108    -0.98052382     0.19716062     0.19709698
   970     0.12550964     0.34453235    -0.54430935    -0.53259068     0.61055190     0.61044876     0.95663662     0.96786488    -0.98007881    -0.98409036     0.21180655     0.21173851
   971     0.32253952     0.54982187    -0.55641483    -0.54415013     0.61041228     0.61030392     0.97804807     0.98969614    -0.98260119    -0.98684975     0.22700347     0.22693142
   972     0.51378969     0.74818988    -0.56795044    -0.55519635     0.60980758     0.60969488     0.99912537     1.01113034    -0.98430688    -0.98877895     0.24275944     0.24268382
   973     0.69901751     0.93935207    -0.57885586    -0.56567264     0.60873320     0.60861704     1.01982874     1.03212573    -0.98517395    -0.98985432     0.25908205     0.25900334
   974     0.87801485     1.12306683    -0.58907021    -0.57552133     0.60718490     0.60706623     1.04011749     1.05264006    -0.98517990    -0.99005169     0.27597830     0.27589703
   975     1.05060698     1.29913384    -0.59853217    -0.58468395     0.60515890     0.60503865     1.05994999     1.07263063    -0.98430162    -0.98934629     0.29345463     0.29337137
   976     1.21665118     1.46739290    -0.60718018    -0.59310141     0.60265186     0.60253097     1.07928370     1.09205429    -0.98251534    -0.98771278     0.31151688     0.31143218
   977     1.37603546     1.62772266    -0.61495265    -0.60071416     0.59966089     0.59954029     1.09807521     1.11086751    -0.97979669    -0.98512520     0.33017016     0.33008463
   978     1.52867750     1.78003917    -0.62178815    -0.60746238     0.59618364     0.59606422     1.11628026     1.12902637    -0.97612063    -0.98155701     0.34941891     0.34933314
   979     1.67452328     1.92429468    -0.62762561    -0.61328623     0.59221826     0.59210087     1.13385379     1.14648660    -0.97146147    -0.97698106     0.36926681     0.36918139
   980     1.81354612     2.06047632    -0.63240460    -0.61812603     0.58776344     0.58764888     1.15075001     1.16320363    -0.96579283    -0.97136960     0.38971673     0.38963224
   981     1.94574555     2.18860470    -0.63606551    -0.62192251     0.58281845     0.58270745     1.16692237     1.17913260    -0.95908770    -0.96469428     0.41077072     0.41068774
   982     2.07114633     2.30873268    -0.63854984    -0.62461708     0.57738313     0.57727636     1.18232370     1.19422840    -0.95131842    -0.95692621     0.43242997     0.43234903
   983     2.18979731     2.42094411    -0.63980047    -0.62615207     0.57145793     0.57135598     1.19690622     1.20844574    -0.94245667    -0.94803590     0.45469474     0.45461636
   984     2.30177068     2.52535243    -0.63976193    -0.62647102     0.56504391     0.56494732     1.21062164     1.22173917    -0.93247352    -0.93799336     0.47756438     0.47748903
   985     2.40716085     2.62209953    -0.63838068    -0.62551899     0.55814280     0.55805198     1.22342119     1.23406313    -0.92133946    -0.92676813     0.50103725     0.50096538
   986     2.50608372     2.71135424    -0.63560542    -0.62324282     0.55075692     0.55067224     1.23525576     1.24537202    -0.90902442    -0.91432927     0.52511075     0.52504274
   987     2.59867556     2.79331124    -0.63138737    -0.61959149     0.54288929     0.54281104     1.24607595     1.25562028    -0.89549783    -0.90064548     0.54978122     0.54971743
   988     2.68509228     2.86818954    -0.62568061    -0.61451639     0.53454360     0.53447196     1.25583218     1.26476243    -0.88072869    -0.88568514     0.57504399     0.57498471
   989     2.76550845     2.93623115    -0.61844239    -0.60797168     0.52572421     0.52565930     1.26447483     1.27275320    -0.86468562    -0.86941640     0.60089331     0.60083879
   990     2.84011626     2.99769977    -0.60963341    -0.59991460     0.51643614     0.51637802     1.27195436     1.27954758    -0.84733696    -0.85180728     0.62732237     0.62727280
   991     2.90912475     3.05287913    -0.59921813    -0.59030578     0.50668514     0.50663378     1.27822141     1.28510096    -0.82865088    -0.83282577     0.65432327     0.65427878
   992     2.97275865     3.10207153    -0.58716512    -0.57910960     0.49647762     0.49643294     1.28322703     1.28936923    -0.80859548    -0.81243995     0.68188701     0.68184771
   993     3.03125746     3.14559627    -0.57344727    -0.56629443     0.48582070     0.48578255     1.28692277     1.29230895    -0.78713894    -0.79061818     0.71000350     0.70996942
   994     3.08487444     3.18378769    -0.55804210    -0.55183299     0.47472216     0.47469035     1.28926096     1.29387747    -0.76424967    -0.76732922     0.73866155     0.73863268
   995     3.13387591     3.21699314    -0.54093200    -0.53570264     0.46319049     0.46316477     1.29019483     1.29403310    -0.73989647    -0.74254242     0.76784888     0.76782517
   996     3.17854112     3.24556995    -0.52210443    -0.51788558     0.45123483     0.45121494     1.28967881     1.29273533    -0.71404874    -0.71622795     0.79755211     0.79753348
   997     3.21916534     3.26987919    -0.50155202    -0.49836927     0.43886502     0.43885063     1.28766879     1.28994494    -0.68667670    -0.68835704     0.82775683     0.82774313
   998     3.25607986     3.29026235    -0.47927240    -0.47714685     0.42609153     0.42608230     1.28412244     1.28562421    -0.65775156    -0.65890222     0.85844753     0.85843860
   999     3.28983555     3.30685427    -0.45526581    -0.45421994     0.41292546     0.41292104     1.27900036     1.27973631    -0.62724561    -0.62783786     0.88960769     0.88960334
  1000     3.32039121     3.32039123    -0.42956691    -0.42956692     0.39937857     0.39937857     1.27225597     1.27225597    -0.59513644    -0.59513643     0.92121980     0.92121980
  1001     3.34669417     3.33262657    -0.40217104    -0.40321683     0.38546725     0.38546320     1.26386048     1.26314513    -0.56139530    -0.56078088     0.95326946     0.95326535
  1002     3.37152607     3.34148115    -0.37307832    -0.37520528     0.37119999     0.37119229     1.25378754     1.25236895    -0.52600151    -0.52475080     0.98573286     0.98572490
  1003     3.39411281     3.34842942    -0.34234069    -0.34552732     0.35659030     0.35657933     1.24199957     1.23991017    -0.48893745    -0.48702817     1.01858966     1.01857812
  1004     3.41477263     3.35384741    -0.30998660    -0.31421248     0.34165223     0.34163836     1.22847189     1.22574568    -0.45018674    -0.44759993     1.05181864     1.05180380
  1005     3.43381271     3.35811212    -0.27605282    -0.28129276     0.32640033     0.32638393     1.21318297     1.20985701    -0.40973662    -0.40645640     1.08539779     1.08537994
  1006     3.45153355     3.36159312    -0.24058167    -0.24680490     0.31084964     0.31083107     1.19611558     1.19222999    -0.36757810    -0.36359184     1.11930435     1.11928376
  1007     3.46822794     3.36464961    -0.20362036    -0.21079046     0.29501568     0.29499527     1.17725730     1.17285496    -0.32370637    -0.31900495     1.15351483     1.15349180
  1008     3.48417946     3.36762801    -0.16522061    -0.17329564     0.27891437     0.27889243     1.15660094     1.15172715    -0.27812118    -0.27269923     1.18800513     1.18797991
  1009     3.49966078     3.37085985    -0.12543819    -0.13437093     0.26256202     0.26253884     1.13414494     1.12884702    -0.23082726    -0.22468338     1.22275052     1.22272339
  1010     3.51493208     3.37465966    -0.08433245    -0.09407067     0.24597530     0.24595114     1.10989377     1.10422062    -0.18183473    -0.17497172     1.25772578     1.25769698
  1011     3.53023932     3.37932325    -0.04196587    -0.05245264     0.22917120     0.22914629     1.08385824     1.07785994    -0.13115945    -0.12358452     1.29290520     1.29287496
  1012     3.54581279     3.38512581     0.00159659    -0.00957755     0.21216695     0.21214153     1.05605585     1.04978321    -0.07882337    -0.07054837     1.32826269     1.32823124
  1013     3.56186571     3.39232035     0.04628794     0.03449153     0.19498008     0.19495431     1.02651110     1.02001520    -0.02485491    -0.01589644     1.36377183     1.36373936
  1014     3.57859285     3.40113627     0.09203990     0.07968973     0.17762825     0.17760230     0.99525568     0.98858742     0.03071082     0.04033122     1.39940594     1.39937263
  1015     3.59616946     3.41177803     0.13878345     0.12595098     0.16012933     0.16010333     0.96232865     0.95553835     0.08783177     0.09808755     1.43513813     1.43510415
  1016     3.61475020     3.42442407     0.18644950     0.17320866     0.14250127     0.14247533     0.92777660     0.92091354     0.14645875     0.15731827     1.47094143     1.47090693
  1017     3.63446833     3.43922596     0.23496960     0.22139624     0.12476210     0.12473630     0.89165366     0.88476566     0.20653539     0.21796187     1.50678878     1.50675388
  1018     3.65543501     3.45630764     0.28427654     0.27044792     0.10692989     0.10690428     0.85402147     0.84715452     0.26799806     0.27994963     1.54265317     1.54261799
  1019     3.67773885     3.47576497     0.33430509     0.32029930     0.08902267     0.08899731     0.81494904     0.80814692     0.33077594     0.34320568     1.57850766     1.57847229
  1020     3.70144558     3.49766548     0.38499259     0.37088802     0.07105844     0.07103336     0.77451256     0.76781652     0.39479118     0.40764724     1.61432548     1.61429000
  1021     3.72659796     3.52204829     0.43627962     0.42215440     0.05305511     0.05303030     0.73279505     0.72624353     0.45995914     0.47318490     1.65008007     1.65004457
  1022     3.75321581     3.54892427     0.48811059     0.47404204     0.03503043     0.03500590     0.68988603     0.68351436     0.52618869     0.53972298     1.68574518     1.68570971
  1023     3.78129631     3.57827645     0.54043438     0.52649847     0.01700199     0.01697772     0.64588095     0.63972115     0.59338265     0.60716001     1.72129490     1.72125951
  1024     3.81081438     3.61006060     0.59320481     0.57947562    -0.00101281    -0.00103690     0.60088065     0.59496129     0.66143828     0.67538931     1.75670394     1.75666826
  1025     3.84172332     3.64420592     0.64638120     0.63293041    -0.01902072    -0.01899695     0.55499070     0.54933675     0.73024790     0.74429962     1.79191165     1.79194657
  1026     3.87395550     3.68061610     0.69992884     0.68682522    -0.03695705    -0.03693349     0.50832066     0.50295340     0.79969952     0.81377579     1.82696440     1.82699906
  1027     3.90742337     3.71917032     0.75381937     0.74112831    -0.05482931    -0.05480596     0.46098328     0.45592029     0.86967760     0.88369961     1.86180288     1.86183719
  1028     3.94202036     3.75972461     0.80803117     0.79581422    -0.07262134    -0.07259818     0.41309366     0.40834885     0.94006381     0.95395058     1.89640380     1.89643768
  1029     3.97762208     3.80211322     0.86254964     0.85086412    -0.09031734    -0.09029439     0.36476841     0.36035204     1.01073785     1.02440680     1.93074451     1.93077787
  1030     4.01408756     3.84615010     0.91736751     0.90626605    -0.10790194    -0.10787922     0.31612472     0.31204354     1.08157831     1.09494585     1.96480312     1.96483585
  1031     4.05126059     3.89163058     0.97248497     0.96201520    -0.12536019    -0.12533773     0.26727947     0.26353685     1.15246352     1.16544564     1.99855844     1.99859043
  1032     4.08897102     3.93833306     1.02790984     1.01811404    -0.14267758    -0.14265544     0.21834840     0.21494448     1.22327239     1.23578532     2.03199007     2.03202118
  1033     4.12703629     3.98602073     1.08365766     1.07457243    -0.15984010    -0.15981835     0.16944520     0.16637715     1.29388524     1.30584609     2.06507842     2.06510849
  1034     4.16526279     4.03444346     1.13975165     1.13140769    -0.17683420    -0.17681295     0.12068077     0.11794296     1.36418457     1.37551200     2.09780470     2.09783357
  1035     4.20344732     4.08333970     1.19622270     1.18864459    -0.19364685    -0.19362623     0.07216243     0.06974673     1.43405582     1.44467075     2.13015098     2.13017845
  1036     4.24137851     4.13243831     1.25310928     1.24631523    -0.21026553    -0.21024570     0.02399327     0.02188930     1.50338802     1.51321428     2.16210016     2.16212602
  1037     4.27883809     4.18146073     1.31045719     1.30445898    -0.22667824    -0.22665938    -0.02372843    -0.02553304     1.57207436     1.58103951     2.19363601     2.19366003
  1038     4.31560205     4.23012296     1.36831942     1.36312222    -0.24287347    -0.24285582    -0.07090974    -0.07242905     1.64001265     1.64804888     2.22474315     2.22476510
  1039     4.35144123     4.27813828     1.42675578     1.42235814    -0.25884026    -0.25882406    -0.11746347    -0.11871295     1.70710550     1.71415103     2.25540706     2.25542669
  1040     4.38612105     4.32522065     1.48583257     1.48222637    -0.27456812    -0.27455366    -0.16330853    -0.16430479     1.77326008     1.77926180     2.28561409     2.28563112
  1041     4.41939772     4.37109152     1.54562214     1.54279267    -0.29004706    -0.29003467    -0.20837010    -0.20913064     1.83838626     1.84330660     2.31535140     2.31536556
  1042     4.45100179     4.41549923     1.60620239     1.60412846    -0.30526753    -0.30525759    -0.25257985    -0.25312280     1.90239018     1.90622716     2.34460699     2.34461802
  1043     4.48054291     4.45831709     1.66765618     1.66631040    -0.32022044    -0.32021334    -0.29587590    -0.29621986     1.96523589     1.96792015     2.37336967     2.37337729
  1044     4.50643039     4.50062551     1.73007016     1.72942031    -0.33489702    -0.33489322    -0.33820265    -0.33836693     2.02720820     2.02797433     2.40162904     2.40163297
  1045     4.53529381     4.53529399     1.79353934     1.79353934    -0.34928883    -0.34928883    -0.37951309    -0.37951309     2.08729158     2.08729158     2.42937543     2.42937543
  1046     4.56130835     4.56765823     1.85815738     1.85875613    -0.36339200    -0.36338765    -0.41976351    -0.41961643     2.14562165     2.14563515     2.45659576     2.45659994
  1047     4.57975041     4.60196689     1.92401213     1.92516967    -0.37719464    -0.37718532    -0.45891475    -0.45864235     2.20150323     2.20361132     2.48328575     2.48329433
  1048     4.59692527     4.63145616     1.99120774     1.99286532    -0.39068859    -0.39067362    -0.49693830    -0.49655694     2.25622934     2.25984995     2.50943787     2.50945104
  1049     4.61126705     4.65725189     2.05984074     2.06193668    -0.40386539    -0.40384399    -0.53380839    -0.53333431     2.30954363     2.31454155     2.53504520     2.53506314
  1050     4.62242456     4.67928581     2.13000721     2.13247598    -0.41671589    -0.41668717    -0.56950460    -0.56895332     2.36137412     2.36770295     2.56010142     2.56012425
  1051     4.63018190     4.69737687     2.20180078     2.20457329    -0.42922979    -0.42919271    -0.60401124    -0.60339742     2.41169088     2.41931902     2.58460075     2.58462857
  1052     4.63436052     4.71133104     2.27531078     2.27831491    -0.44139485    -0.44134816    -0.63731700    -0.63665433     2.46047593     2.46937215     2.60853791     2.60857078
  1053     4.63480173     4.72096051     2.35061998     2.35378115    -0.45319562    -0.45313779    -0.66941447    -0.66871564     2.50771777     2.51784699     2.63190809     2.63194600
  1054     4.63136240     4.72608982     2.42780147     2.43104329    -0.46461138    -0.46454048    -0.70029980    -0.69957644     2.55340971     2.56473151     2.65470687     2.65474980
  1055     4.62391385     4.72655857     2.50691401     2.51015885    -0.47561261    -0.47552608    -0.72997224    -0.72923492     2.59754901     2.61001714     2.67693022     2.67697805
  1056     4.61234173     4.72222308     2.58799420     2.59116384    -0.48615429    -0.48604858    -0.75843373    -0.75769194     2.64013636     2.65369863     2.69857438     2.69862700
  1057     4.59654639     4.71295763     2.67104215     2.67405814    -0.49616270    -0.49603263    -0.78568851    -0.78495069     2.68117549     2.69577384     2.71963592     2.71969311
  1058     4.57644333     4.69865547     2.75599102     2.75877487    -0.50550630    -0.50534371    -0.81174271    -0.81101626     2.72067276     2.73624347     2.74011157     2.74017309
  1059     4.55196371     4.67922963     2.84263298     2.84510544    -0.51392320    -0.51371400    -0.83660394    -0.83589525     2.75863682     2.77511084     2.75999828     2.76006384
  1060     4.52305495     4.65461376     2.93039952     2.93247790    -0.52080405    -0.52052032    -0.86028089    -0.85959539     2.79507836     2.81238156     2.77929310     2.77936236
  1061     4.48968127     4.62476276     3.01748910     3.01907832    -0.52432734    -0.52390019    -0.88278298    -0.88212516     2.83000977     2.84806336     2.79799319     2.79806575
  1062     4.45182418     4.58965344     3.09481838     3.09579136    -0.51547176    -0.51463330    -0.90411990    -0.90349339     2.86344491     2.88216581     2.81609573     2.81617116
  1063     4.40948298     4.54928499     2.10586855     2.11003168     0.55780346     0.56435882    -0.92430125    -0.92370887     2.89539885     2.91470013     2.83359791     2.83367574
  1064     4.36267521     4.50367948    -0.60683893    -0.60770285     3.36717423     3.36836617    -0.94333613    -0.94277994     2.92588769     2.94567894     2.85049687     2.85057661
  1065     4.31143703     4.45288209    -0.59659278    -0.59700501     3.45139094     3.45147330    -0.96123270    -0.96071406     2.95492832     2.97511612     2.86678970     2.86687081
  1066     4.25582344     4.39696141    -0.59847493    -0.59873651     3.55034581     3.54965143    -0.97799772    -0.97751735     2.98253823     3.00302663     2.88247335     2.88255529
  1067     4.19590858     4.33600945    -0.60315004    -0.60333495     3.65466919     3.65325681    -0.99363604    -0.99319410     3.00873541     3.02942633     2.89754464     2.89762685
  1068     4.13178573     4.27014162    -0.60875854    -0.60889626     3.76242232     3.76031185    -1.00815007    -1.00774621     3.03353812     3.05433184     2.91200022     2.91208213
  1069     4.06356732     4.19949644    -0.61468329    -0.61478861     3.87288739     3.87009413    -1.02153911    -1.02117253     3.05696485     3.07776041     2.92583654     2.92591757
  1070     3.99138476     4.12423524    -0.62066151    -0.62074301     3.98568048     3.98222442    -1.03379864    -1.03346813     3.07903409     3.09972982     2.93904981     2.93912942
  1071     3.91538812     4.04454151    -0.62656321    -0.62662636     4.10052960     4.09643880    -1.04491937    -1.04462339     3.09976434     3.12025825     2.95163604     2.95171368
  1072     3.83574566     3.96062018    -0.63231740    -0.63236597     4.21720021     4.21251227    -1.05488623    -1.05462295     3.11917394     3.13936419     2.96359093     2.96366608
  1073     3.75264321     3.87269667    -0.63788262    -0.63791936     4.33546499     4.33022769    -1.06367697    -1.06344434     3.13728099     3.15706636     2.97490994     2.97498211
  1074     3.66628338     3.78101577    -0.64323349    -0.64326050     4.45508949     4.44936094    -1.07126053    -1.07105628     3.15410334     3.17338360     2.98558825     2.98565698
  1075     3.57688457     3.68584028    -0.64835405    -0.64837303     4.57582422     4.56967270    -1.07759489    -1.07741663     3.16965846     3.18833485     2.99562072     2.99568562
  1076     3.48467984     3.58744958    -0.65323411    -0.65324645     4.69739936     4.69090298    -1.08262432    -1.08246954     3.18396340     3.20193905     3.00500195     3.00506264
  1077     3.38991565     3.48613785    -0.65786723    -0.65787412     4.81952036     4.81276645    -1.08627585    -1.08614197     3.19703477     3.21421509     3.01372622     3.01378242
  1078     3.29285039     3.38221236    -0.66224942    -0.66225187     4.94186336     4.93494770    -1.08845445    -1.08833887     3.20888866     3.22518175     3.02178755     3.02183900
  1079     3.19375284     3.27599142    -0.66637836    -0.66637730     5.06406957     5.05709544    -1.08903679    -1.08893694     3.21954061     3.23485769     3.02917964     3.02922617
  1080     3.09290043     3.16780239    -0.67025296    -0.67024919     5.18573777     5.17881490    -1.08786265    -1.08777602     3.22900558     3.24326136     3.03589595     3.03593744
  1081     2.99057747     3.05797946    -0.67387292    -0.67386719     5.30641394     5.29965722    -1.08472315    -1.08464734     3.23729794     3.25041098     3.04192965     3.04196607
  1082     2.88707327     2.94686151    -0.67723858    -0.67723154     5.42557631     5.41910447    -1.07934440    -1.07927721     3.24443139     3.25632451     3.04727369     3.04730506
  1083     2.78268016     2.83478991    -0.68035068    -0.68034295     5.54261383     5.53654794    -1.07136435    -1.07130383     3.25041899     3.26101964     3.05192078     3.05194720
  1084     2.67769145     2.72210637    -0.68321031    -0.68320243     5.65679446     5.65125636    -1.06029949    -1.06024409     3.25527311     3.26451369     3.05586343     3.05588506
  1085     2.57239926     2.60915101    -0.68581876    -0.68581123     5.76721816     5.76232878    -1.04549622    -1.04544492     3.25900538     3.26682366     3.05909395     3.05911104
  1086     2.46709191     2.49626086    -0.68817747    -0.68817075     5.87274590     5.86862342    -1.02605828    -1.02601085     3.26162671     3.26796618     3.06160453     3.06161738
  1087     2.36205011     2.38376986    -0.69028802    -0.69028250     5.97189085     5.96864873    -1.00073632    -1.00069366     3.26314723     3.26795751     3.06338720     3.06339616
  1088     2.25753740     2.27201463    -0.69215203    -0.69214806     6.06264836     6.06039291    -0.96775630    -0.96772104     3.26357612     3.26681365     3.06443392     3.06443941
  1089     2.15375423     2.16137694    -0.69377117    -0.69376905     6.14222545     6.14105124    -0.92454648    -0.92452379     3.26292077     3.26455115     3.06473656     3.06473905
  1090     2.05155919     2.05155928    -0.69514709    -0.69514711     6.20659053     6.20659051    -0.86729274    -0.86729274     3.26118694     3.26118694     3.06428699     3.06428696
  1091     1.95069456     1.94335642    -0.69628383    -0.69628151     6.24974248     6.25100537    -0.79020081    -0.79023999     3.25840766     3.25670934     3.06307507     3.06307703
  1092     1.85095426     1.83748487    -0.69718086    -0.69717603     6.26249208     6.26504105    -0.68424620    -0.68435169     3.25454978     3.25117153     3.06109527     3.06109860
  1093     1.75311699     1.73364752    -0.69783974    -0.69783230     6.23027740     6.23413361    -0.53504855    -0.53526817     3.24963728     3.24456817     3.05833955     3.05834368
  1094     1.65733658     1.63214133    -0.69826202    -0.69825188     6.12969722     6.13483188    -0.31934684    -0.31976325     3.24367410     3.23691255     3.05480001     3.05480435
  1095     1.56379648     1.53320142    -0.69844917    -0.69843630     5.92322096     5.92952946     0.00028653    -0.00047164     3.23666390     3.22821677     3.05046889     3.05047284
  1096     1.47267520     1.43703431    -0.69840264    -0.69838702     5.55385453     5.56111037     0.48079929     0.47944621     3.22860968     3.21849216     3.04533860     3.04534159
  1097     1.38413864     1.34382478    -0.69812379    -0.69810548     4.94982415     4.95761877     1.19398947     1.19162034     3.21951362     3.20774932     3.03940177     3.03940324
  1098     1.29833790     1.25373747    -0.69761394    -0.69759302     4.06630337     4.07402626     2.18473796     2.18074392     3.20937713     3.19599811     3.03265128     3.03265072
  1099     1.21540842     1.16691753    -0.69687437    -0.69685093     2.97550756     2.98249156     3.38074859     3.37447847     3.19820080     3.18324764     3.02508032     3.02507725
  1100     1.13546965     1.08349090    -0.69590626    -0.69588046     1.89102910     1.89685676     4.56805155     4.55911815     3.18598444     3.16950623     3.01668238     3.01667636
  1101     1.05862502     1.00356464    -0.69471076    -0.69468277     1.01032794     1.01497202     5.54867826     5.53709863     3.17272705     3.15478137     3.00745132     3.00744200
  1102     0.98496204     0.92722728    -0.69328897    -0.69325897     0.38416406     0.38782790     6.27152858     6.25756398     3.15842689     3.13907973     2.99738140     2.99736848
  1103     0.91455258     0.85454926    -0.69164191    -0.69161013    -0.03555980    -0.03263596     6.78456149     6.76852328     3.14308144     3.12240706     2.98646731     2.98645055
  1104     0.84745318     0.78558346    -0.68977058    -0.68973725    -0.31382935    -0.31144994     7.15271372     7.13488113     3.12668747     3.10476825     2.97470417     2.97468344
  1105     0.78370549     0.72036576    -0.68767590    -0.68764127    -0.50045076    -0.49847445     7.42575903     7.40636894     3.10924103     3.08616721     2.96208763     2.96206287
  1106     0.72333674     0.65891567    -0.68535878    -0.68532311    -0.62797680    -0.62630487     7.63621253     7.61547039     3.09073750     3.06660688     2.94861382     2.94858504
  1107     0.66636028     0.60123705    -0.68282007    -0.68278362    -0.71674094    -0.71530435     7.80436284     7.78245487     3.07117159     3.04608924     2.93427942     2.93424674
  1108     0.61277619     0.54731879    -0.68006058    -0.68002362    -0.77942778    -0.77817757     7.94284506     7.91994731     3.05053744     3.02461521     2.91908167     2.91904529
  1109     0.56257187     0.49713562    -0.67708111    -0.67704392    -0.82408205    -0.82298281     8.05965213     8.03593683     3.02882858     3.00218470     2.90301840     2.90297859
  1110     0.51572265     0.45064884    -0.67388241    -0.67384525    -0.85592551    -0.85495108     8.15995280     8.13559348     3.00603800     2.97879655     2.88608803     2.88604515
  1111     0.47219253     0.40780713    -0.67046525    -0.67042837    -0.87843310    -0.87756377     8.24716745     8.22234529     2.98215822     2.95444852     2.86828960     2.86824407
  1112     0.43193476     0.36854736    -0.66683033    -0.66679400    -0.89397476    -0.89319539     8.32360553     8.29852434     2.95718130     2.92913732     2.84962278     2.84957509
  1113     0.39489257     0.33279535    -0.66297839    -0.66294284    -0.90420479    -0.90350355     8.39083192     8.36577901     2.93109890     2.90285855     2.83008788     2.83003857
  1114     0.36099981     0.30046675    -0.65891015    -0.65887560    -0.91030324    -0.90967072     8.44962205     8.42560113     2.90390231     2.87560673     2.80968584     2.80963551
  1115     0.33018165     0.27146773    -0.65462633    -0.65459297    -0.91312888    -0.91255748     8.47611296     8.50348063     2.87558252     2.84737533     2.78841829     2.78836754
  1116     0.30235522     0.24569585    -0.65012765    -0.65009568    -0.91331836    -0.91280184     8.52252836     8.54837833     2.84613029     2.81815674     2.76628748     2.76623694
  1117     0.27743030     0.22304079    -0.64541487    -0.64538445    -0.91135180    -0.91088498     8.56242584     8.58760975     2.81553613     2.78794229     2.74329633     2.74324664
  1118     0.25530993     0.20338512    -0.64048874    -0.64046001    -0.90759714    -0.90717566     8.59656144     8.62106890     2.78379042     2.75672233     2.71944843     2.71940019
  1119     0.23589108     0.18660502    -0.63535007    -0.63532314    -0.90234056    -0.90196069     8.62522248     8.64895619     2.75088345     2.72448620     2.69474797     2.69470179
  1120     0.21906523     0.17257107    -0.62999967    -0.62997463    -0.89580780    -0.89546631     8.64860225     8.67144625     2.71680543     2.69122230     2.66919984     2.66915626
  1121     0.20471903     0.16114888    -0.62443840    -0.62441533    -0.88817932    -0.88787338     8.66684120     8.68867704     2.68154659     2.65691814     2.64280953     2.64276903
  1122     0.19273483     0.15219985    -0.61866717    -0.61864611    -0.87960118    -0.87932829     8.68004290     8.70075569     2.64509720     2.62156037     2.61558315     2.61554616
  1123     0.18299129     0.14558180    -0.61268694    -0.61266790    -0.87019308    -0.86995098     8.68828370     8.70776497     2.60744765     2.58513487     2.58752742     2.58749427
  1124     0.17536395     0.14114966    -0.60649870    -0.60648168    -0.86005421    -0.85984085     8.69161915     8.70976870     2.56858846     2.54762676     2.55864966     2.55862059
  1125     0.16972572     0.13875609    -0.60010353    -0.60008851    -0.84926769    -0.84908120     8.69008883     8.70681595     2.52851038     2.50902057     2.52895776     2.52893290
  1126     0.16594742     0.13825213    -0.59350255    -0.59348947    -0.83790393    -0.83774257     8.68371989     8.69894440     2.48720437     2.46930023     2.49846016     2.49843954
  1127     0.16389827     0.13948779    -0.58669696    -0.58668577    -0.82602318    -0.82588532     8.67252979     8.68618281     2.44466173     2.42844920     2.46716584     2.46714937
  1128     0.16344634     0.14231272    -0.57968803    -0.57967864    -0.81367749    -0.81356159     8.65652842     8.66855310     2.40087411     2.38645056     2.43508429     2.43507175
  1129     0.16445895     0.14657678    -0.57247711    -0.57246942    -0.80091226    -0.80081686     8.63571980     8.64607188     2.35583353     2.34328714     2.40222550     2.40221656
  1130     0.16680291     0.15213084    -0.56506562    -0.56505953    -0.78776740    -0.78769111     8.61010332     8.61875175     2.30953249     2.29894161     2.36859990     2.36859412
  1131     0.17034448     0.15882778    -0.55745508    -0.55745047    -0.77427834    -0.77421981     8.57967485     8.58660229     2.26196393     2.25339665     2.33421838     2.33421522
  1132     0.17494808     0.16652468    -0.54964710    -0.54964384    -0.76047673    -0.76043468     8.54442734     8.54963106     2.21312123     2.20663520     2.29909225     2.29909105
  1133     0.18046858     0.17509147    -0.54164336    -0.54164133    -0.74639107    -0.74636424     8.50435090     8.50784481     2.16299787     2.15864100     2.26323319     2.26323322
  1134     0.18665830     0.18450473    -0.53344567    -0.53344471    -0.73204718    -0.73203436     8.45943037     8.46125298     2.11158455     2.10940167     2.22665326     2.22665370
  1135     0.19400779     0.19400776    -0.52505590    -0.52505589    -0.71746859    -0.71746859     8.40975691     8.40975691     2.05888912     2.05888912     2.18936483     2.18936483
  1136     0.20187923     0.20397793    -0.51647685    -0.51647604    -0.70267686    -0.70268854     8.35513342     8.35354500     2.00494554     2.00705079     2.15137925     2.15138060
  1137     0.20979714     0.21463674    -0.50770969    -0.50770819    -0.68769182    -0.68771408     8.29563571     8.29253200     1.94965866     1.95396530     2.11270993     2.11271354
  1138     0.21813991     0.22535898    -0.49875661    -0.49875455    -0.67253182    -0.67256357     8.23126945     8.22670240     1.89308480     1.89956219     2.07337009     2.07337687
  1139     0.22670660     0.23610656    -0.48961992    -0.48961741    -0.65721387    -0.65725407     8.16201514     8.15606559     1.83521949     1.84383468     2.03337320     2.03338403
  1140     0.23537345     0.24677269    -0.48030205    -0.48029920    -0.64175377    -0.64180141     8.08786006     8.08062395     1.77606419     1.78677342     1.99273297     1.99274868
  1141     0.24402890     0.25724736    -0.47080552    -0.47080243    -0.62616626    -0.62622036     8.00879302     8.00037804     1.71562294     1.72837050     1.95146327     1.95148461
  1142     0.25256770     0.26742383    -0.46113298    -0.46112975    -0.61046510    -0.61052473     7.92480338     7.91532735     1.65390228     1.66862021     1.90957816     1.90960580
  1143     0.26088974     0.27720031    -0.45128719    -0.45128389    -0.59466314    -0.59472740     7.83588077     7.82547027     1.59091146     1.60751969     1.86709184     1.86712633
  1144     0.26889984     0.28648054    -0.44127101    -0.44126772    -0.57877241    -0.57884043     7.74201485     7.73080382     1.52666291     1.54506948     1.82401862     1.82406036
  1145     0.27650781     0.29517425    -0.43108744    -0.43108420    -0.56280415    -0.56287513     7.64319498     7.63132337     1.46117282     1.48127412     1.78037288     1.78042214
  1146     0.28362857     0.30319734    -0.42073957    -0.42073643    -0.54676887    -0.54684202     7.53940990     7.52702213     1.39446176     1.41614292     1.73616907     1.73622596
  1147     0.29018229     0.31047210    -0.41023060    -0.41022759    -0.53067639    -0.53075099     7.43064723     7.41789060     1.32655558     1.34969084     1.69142169     1.69148615
  1148     0.29609455     0.31692736    -0.39956385    -0.39956101    -0.51453587    -0.51461124     7.31689288     7.30391590     1.25748637     1.28193947     1.64614520     1.64621700
  1149     0.30129641     0.32249857    -0.38874276    -0.38874010    -0.49835583    -0.49843133     7.19813027     7.18508085     1.18729364     1.21291829     1.60035410     1.60043283
  1150     0.30572460     0.32712792    -0.37777087    -0.37776839    -0.48214418    -0.48221924     7.07433940     7.06136306     1.11602581     1.14266604     1.55406279     1.55414790
  1151     0.30932157     0.33076436    -0.36665183    -0.36664953    -0.46590826    -0.46598233     6.94549563     6.93273357     1.04374192     1.07123246     1.50728564     1.50737640
  1152     0.31203562     0.33336367    -0.35538940    -0.35538727    -0.44965483    -0.44972742     6.81156819     6.79915541     0.97051374     0.99868024     1.46003692     1.46013247
  1153     0.31382090     0.33488840    -0.34398743    -0.34398546    -0.43339009    -0.43346077     6.67251837     6.66058175     0.89642827     0.92508734     1.41233078     1.41243014
  1154     0.31463753     0.33530789    -0.33244990    -0.33244808    -0.41711972    -0.41718809     6.52829722     6.51695367     0.82159080     0.85054971     1.36418125     1.36428334
  1155     0.31445158     0.33459821    -0.32078088    -0.32077919    -0.40084886    -0.40091458     6.37884286     6.36819744     0.74612870     0.77518432     1.31560223     1.31570588
  1156     0.31323510     0.33274210    -0.30898454    -0.30898297    -0.38458216    -0.38464494     6.22407704     6.21422130     0.67019607     0.69913255     1.26660743     1.26671144
  1157     0.31096614     0.32972884    -0.29706514    -0.29706366    -0.36832376    -0.36838335     6.06390120     6.05491153     0.59397981     0.62256358     1.21721043     1.21731357
  1158     0.30762865     0.32555418    -0.28502706    -0.28502566    -0.35207732    -0.35213353     5.89819152     5.89012778     0.51770808     0.54567705     1.16742461     1.16752568
  1159     0.30321254     0.32022017    -0.27287474    -0.27287340    -0.33584606    -0.33589872     5.72679325     5.71969748     0.44166382     0.46870246     1.11726318     1.11736103
  1160     0.29771351     0.31373502    -0.26061274    -0.26061145    -0.31963269    -0.31968171     5.54951384     5.54340938     0.36621238     0.39188645     1.06673918     1.06683274
  1161     0.29113308     0.30611292    -0.24824569    -0.24824445    -0.30343954    -0.30348483     5.36611519     5.36100594     0.29188319     0.31542807     1.01586551     1.01595380
  1162     0.28347840     0.29737384    -0.23577832    -0.23577710    -0.28726847    -0.28731000     5.17630462     5.17217478     0.21977901     0.23908873     0.96465489     0.96473709
  1163     0.27476221     0.28754334    -0.22321541    -0.22321422    -0.27112095    -0.27115873     4.97972499     4.97653912     0.15644722     0.15734171     0.91311994     0.91319537
  1164     0.26500264     0.27665233    -0.21056186    -0.21056070    -0.25499804    -0.25503212     4.77594409     4.77364763     0.10217509     0.07109904     0.86127318     0.86134135
  1165     0.25422315     0.26473682    -0.19782261    -0.19782148    -0.23890045    -0.23893089     4.56444390     4.56296424     0.03264331     0.00608008     0.80912708     0.80918768
  1166     0.24245228     0.25183771    -0.18500268    -0.18500160    -0.22282849    -0.22285540     4.34461078     4.34385884    -0.03237831    -0.05586418     0.75669410     0.75674699
  1167     0.22972356     0.23800047    -0.17210718    -0.17210614    -0.20678215    -0.20680566     4.11572831     4.11560075    -0.09239859    -0.11336887     0.70398672     0.70403199
  1168     0.21607523     0.22327490    -0.15914125    -0.15914026    -0.19076109    -0.19078136     3.87697525     3.87735741    -0.14655432    -0.16520219     0.65101756     0.65105545
  1169     0.20155013     0.20771485    -0.14611010    -0.14610919    -0.17476466    -0.17478187     3.62743257     3.62820207    -0.19374465    -0.21014554     0.59779936     0.59783030
  1170     0.18619540     0.19137790    -0.13301900    -0.13301817    -0.15879192    -0.15880627     3.36610446     3.36713555    -0.23273634    -0.24693142     0.54434514     0.54436967
  1171     0.17006230     0.17432507    -0.11987328    -0.11987254    -0.14284167    -0.14285340     3.09196003     3.09312868    -0.26223024    -0.27426150     0.49066819     0.49068700
  1172     0.15320596     0.15662053    -0.10667829    -0.10667765    -0.12691248    -0.12692180     2.80400266     2.80519218    -0.28093980    -0.29086852     0.43678222     0.43679607
  1173     0.13568510     0.13833125    -0.09343944    -0.09343890    -0.11100265    -0.11100984     2.50137359     2.50248065    -0.28769902    -0.29561723     0.38270140     0.38271110
  1174     0.11756180     0.11952671    -0.08016217    -0.08016174    -0.09511034    -0.09511565     2.18349243     2.18443290    -0.28160553    -0.28764398     0.32844043     0.32844681
  1175     0.09890120     0.10027857    -0.06685196    -0.06685164    -0.07923348    -0.07923719     1.85022940     1.85094337    -0.26219478    -0.26652840     0.27401463     0.27401848
  1176     0.07977125     0.08066032    -0.05351431    -0.05351409    -0.06336988    -0.06337227     1.50209102     1.50254650    -0.22962770    -0.23247837     0.21944000     0.21944207
  1177     0.06024237     0.06074699    -0.04015474    -0.04015461    -0.04751721    -0.04751857     1.14038302     1.14058221    -0.18485792    -0.18649414     0.16473329     0.16473422
  1178     0.04038722     0.04061474    -0.02677879    -0.02677873    -0.03167302    -0.03167364     0.76729141     0.76730733    -0.12973155    -0.13046428     0.10991202     0.10991232
  1179     0.02028054     0.02034042    -0.01339203    -0.01339201    -0.01583481    -0.01583498     0.38587541     0.38586168    -0.06697069    -0.06714463     0.05499453     0.05499458
  1180     0.00000000    -0.00000000    -0.00000000    -0.00000000    -0.00000000     0.00000000    -0.00000001     0.00000001     0.00000000    -0.00000000     0.00000000    -0.00000000
  1181    -0.04405159    -0.04412450     0.00012556     0.00012715     0.00433812     0.00433455     0.76207478     0.76271093    -0.56614024    -0.56546294    -0.20988863    -0.20985992
  1182    -0.08797423    -0.08826514     0.00027779     0.00028417     0.00863969     0.00862546     1.47250540     1.47477274    -1.08107291    -1.07864083    -0.42058036    -0.42046622
  1183    -0.13172249    -0.13237465     0.00048533     0.00049970     0.01286410     0.01283213     2.09661838     2.10089346    -1.50903592    -1.50438929    -0.63274846    -0.63249432
  1184    -0.17525225    -0.17640578     0.00077677     0.00080237     0.01697076     0.01691405     2.62171808     2.62781025    -1.83645481    -1.82969920    -0.84690423    -0.84645951
  1185    -0.21852094    -0.22031166     0.00118062     0.00122073     0.02091918     0.02083079     3.05201261     3.05942333    -2.06714807    -2.05869326    -1.06332397    -1.06264464
  1186    -0.26148786    -0.26404606     0.00172532     0.00178326     0.02466900     0.02454207     3.40026414     3.40842370    -2.21401493    -2.20433535    -1.28198768    -1.28103915
  1187    -0.30411440    -0.30756371     0.00243916     0.00251833     0.02818000     0.02800780     3.68139236     3.68979035    -2.29257474    -2.28207453    -1.50253606    -1.50129633
  1188    -0.34636425    -0.35082058     0.00335031     0.00345416     0.03141222     0.03118815     3.90913294     3.91736398    -2.31756637    -2.30650928    -1.72425351    -1.72271595
  1189    -0.38820364    -0.39377414     0.00448677     0.00461879     0.03432595     0.03404355     4.09485321     4.10264171    -2.29034339    -2.30156993    -1.94608325    -1.94425922
  1190    -0.42960149    -0.43638361     0.00587630     0.00604009     0.03688186     0.03653481     4.25447593     4.24769376    -2.24380422    -2.25532577    -2.16667786    -2.16459900
  1191    -0.47052959    -0.47861020     0.00754644     0.00774562     0.03904102     0.03862318     4.38017571     4.37415911    -2.17557880    -2.18732064    -2.38448403    -2.38220249
  1192    -0.51096267    -0.52041731     0.00952443     0.00976268     0.04076501     0.04027042     4.48474523     4.47975077    -2.09263603    -2.10461753    -2.59785316    -2.59543810
  1193    -0.55087856    -0.56177074     0.01183715     0.01211821     0.04201603     0.04143890     4.57224742     4.56839183    -2.00067646    -2.01295235    -2.80516302    -2.80269391
  1194    -0.59025822    -0.60263880     0.01451111     0.01483872     0.04275700     0.04209173     4.64574673     4.64311794    -1.90431308    -1.91695496    -3.00493322    -3.00249241
  1195    -0.62908575    -0.64299251     0.01757235     0.01795026     0.04295164     0.04219282     4.70759991     4.70626936    -1.80721406    -1.82029839    -3.19591995    -3.19358577
  1196    -0.66734843    -0.68280564     0.02104640     0.02147835     0.04256466     0.04170707     4.75963899     4.75966697    -1.71221436    -1.72581704    -3.37717929    -3.37502062
  1197    -0.70503667    -0.72205486     0.02495819     0.02544787     0.04156186     0.04060048     4.80330438     4.80474311    -1.62141043    -1.63561740    -3.54809533    -3.54616804
  1198    -0.74214394    -0.76071975     0.02933197     0.02988301     0.03991031     0.03884028     4.83974227     4.84263785    -1.53621004    -1.55122948    -3.70837522    -3.70672065
  1199    -0.77866670    -0.79878280     0.03419124     0.03480719     0.03757850     0.03639515     4.86987625     4.87426977    -1.47125510    -1.45988656    -3.85801821    -3.85666356
  1200    -0.81460427    -0.83622949     0.03955862     0.04024298     0.03453650     0.03323535     4.89446010     4.90038837    -1.40218229    -1.38696428    -3.99726787    -3.99622808
  1201    -0.84995869    -0.87304819     0.04545567     0.04621210     0.03075622     0.02933294     4.91411711     4.92161301    -1.33885154    -1.32294094    -4.12655671    -4.12583730
  1202    -0.88473453    -0.90923010     0.05190169     0.05273643     0.02621152     0.02466195     4.92936937     4.93846207    -1.28267593    -1.26623800    -4.24645053    -4.24605098
  1203    -0.91893872    -0.94476923     0.05982046     0.05893108     0.02087849     0.01919861     4.94065997     4.95137490    -1.23343234    -1.21655587    -4.35759795    -4.35751499
  1204    -0.95258035    -0.97966224     0.06751124     0.06653310     0.01473565     0.01292156     4.94836965     4.96072849    -1.19074697    -1.17350916    -4.46068774    -4.46091840
  1205    -0.98567040    -1.01390835     0.07580492     0.07474521     0.00776415     0.00581208     4.95282965     4.96685017    -1.15417056    -1.13664665    -4.55641511    -4.55695935
  1206    -1.01822151    -1.04750915     0.08472054     0.08357900    -0.00005196    -0.00214569     4.95433139     4.97002729    -1.12321871    -1.10548324    -4.64545679    -4.64631945
  1207    -1.05024774    -1.08046850     0.09427187     0.09304816    -0.00872549    -0.01096451     4.95313395     4.97051468    -1.09739900    -1.07952534    -4.72845366    -4.72964598
  1208    -1.08176427    -1.11279228     0.10447074     0.10316492    -0.01826590    -0.02065378     4.94946982     4.96854037    -1.07622944    -1.05828889    -4.80599992    -4.80754045
  1209    -1.11278714    -1.14448825     0.11532705     0.11393981    -0.02867904    -0.03121932     4.94354927     4.96430994    -1.05925039    -1.04131142    -4.87863712    -4.88055223
  1210    -1.14333299    -1.17556579     0.12684878     0.12538150    -0.03996686    -0.04266312     4.93556367     4.95800991    -1.04603170    -1.02815935    -4.94685205    -4.94917601
  1211    -1.17341871    -1.20603573     0.13904189     0.13749667    -0.05212724    -0.05498311     4.92568803     4.94981023    -1.03617641    -1.01843184    -5.01107725    -5.01385206
  1212    -1.20306125    -1.23591009     0.15191018     0.15028993    -0.06515369    -0.06817289     4.91408288     4.93986623    -1.02932202    -1.01176228    -5.07169334    -5.07496827
  1213    -1.23227724    -1.26520186     0.16545531     0.16376375    -0.07903516    -0.08222154     4.90089566     4.92831997    -1.02514012    -1.00781799    -5.12903251    -5.13286352
  1214    -1.26108282    -1.29392476     0.17967664     0.17791838    -0.09375576    -0.09711335     4.88626165     4.91530132    -1.02333502    -1.00629896    -5.18338275    -5.18783171
  1215    -1.28949330    -1.32209297     0.19457124     0.19275175    -0.10929455    -0.11282762     4.87030466     4.90092855    -1.02364170    -1.00693590    -5.23499226    -5.24012617
  1216    -1.31752294    -1.34972095     0.21013382     0.20825948    -0.12562536    -0.12933846     4.85313744     4.88530889    -1.02582347    -1.00948793    -5.28407412    -5.28996416
  1217    -1.34518469    -1.37682313     0.22635671     0.22443481    -0.14271651    -0.14661452     4.83486184     4.86853868    -1.02966956    -1.01374014    -5.33081068    -5.33753136
  1218    -1.37249000    -1.40341373     0.24322987     0.24126855    -0.16053068    -0.16461885     4.81556890     4.85070353    -1.03499258    -1.01950120    -5.37535793    -5.38298610
  1219    -1.39944856    -1.42950648     0.26074085     0.25874915    -0.17902465    -0.18330869     4.79533874     4.83187823    -1.04162627    -1.02660100    -5.41784948    -5.42646342
  1220    -1.42606815    -1.45511444     0.27887489     0.27686263    -0.19814913    -0.20263522     4.77424038     4.81212668    -1.04942322    -1.03488843    -5.45840038    -5.46807888
  1221    -1.45235446    -1.48024973     0.29761486     0.29559268    -0.21784859    -0.22254343     4.75233150     4.79150163    -1.05825289    -1.04422942    -5.49711051    -5.50793198
  1222    -1.47831091    -1.50492338     0.31694143     0.31492067    -0.23806104    -0.24297190     4.72965809     4.77004443    -1.06799977    -1.05450502    -5.53406780    -5.54610940
  1223    -1.50393855    -1.52914506     0.33683308     0.33482569    -0.25871782    -0.26385257     4.70625411     4.74778471    -1.07856166    -1.06560980    -5.56935106    -5.58268784
  1224    -1.52923594    -1.55292296     0.35726618     0.35528470    -0.27974343    -0.28511057     4.68214107     4.72474002    -1.08984823    -1.07745030    -5.60303261    -5.61773674
  1225    -1.55419907    -1.57626358     0.37821518     0.37627258    -0.30105529    -0.30666392     4.65732761     4.70091542    -1.10177968    -1.08994374    -5.63518055    -5.65132054
  1226    -1.57882129    -1.59917157     0.39965265     0.39776224    -0.32256346    -0.32842335     4.63180899     4.67630303    -1.11428553    -1.10301682    -5.66586089    -5.68350087
  1227    -1.60309326    -1.62164961     0.42154946     0.41972476    -0.34417041    -0.35029191     4.60556662     4.65088161    -1.12730362    -1.11660466    -5.69513936    -5.71433841
  1228    -1.62700294    -1.64369824     0.44387492     0.44212956    -0.36577067    -0.37216470     4.57856756     4.62461601    -1.14077912    -1.13064986    -5.72308304    -5.74389454
  1229    -1.65053561    -1.66531580     0.46659695     0.46494449    -0.38725045    -0.39392846     4.55076391     4.59745661    -1.15466375    -1.14510170    -5.74976176    -5.77223279
  1230    -1.67367383    -1.68649828     0.48968219     0.48813603    -0.40848724    -0.41546108     4.52209225     4.56933881    -1.16891505    -1.15991540    -5.77524937    -5.79942014
  1231    -1.69639759    -1.70723927     0.51309625     0.51166945    -0.42934927    -0.43663112     4.49247301     4.54018228    -1.18349569    -1.17505148    -5.79962468    -5.82552805
  1232    -1.71868426    -1.72752990     0.53680379     0.53550895    -0.44969491    -0.45729711     4.46180974     4.50989034    -1.19837297    -1.19047515    -5.82297241    -5.85063339
  1233    -1.74050873    -1.74735880     0.56076873     0.55961788    -0.46937201    -0.47730690     4.42998841     4.47834912    -1.21351825    -1.20615585    -5.84538384    -5.87481917
  1234    -1.76184352    -1.76671205     0.58495440     0.58395887    -0.48821707    -0.49649672     4.39687654     4.44542673    -1.22890653    -1.22206676    -5.86695736    -5.89817514
  1235    -1.78265885    -1.78557319     0.60932368     0.60849405    -0.50605428    -0.51469030     4.36232234     4.41097231    -1.24451604    -1.23818443    -5.88779885    -5.92079820
  1236    -1.80292277    -1.80392324     0.63383908     0.63318521    -0.52269452    -0.53169765     4.32615369     4.37481493    -1.26032788    -1.25448839    -5.90802197    -5.94279273
  1237    -1.82260131    -1.82174068     0.65846284     0.65799405    -0.53793405    -0.54731386     4.28817703     4.33676246    -1.27632571    -1.27096082    -5.92774822    -5.96427077
  1238    -1.84165865    -1.83900157     0.68315684     0.68288252    -0.55155321    -0.56131761     4.24817619     4.29660023    -1.29249542    -1.28758631    -5.94710701    -5.98535201
  1239    -1.86005719    -1.85567951     0.70788203     0.70781362    -0.56331485    -0.57346957     4.20591103     4.25408961    -1.30882493    -1.30435156    -5.96623546    -6.00616380
  1240    -1.87775780    -1.87174579     0.73259581     0.73275428    -0.57296269    -0.58351067     4.16111604     4.20896651    -1.32530392    -1.32124514    -5.98527822    -6.02684091
  1241    -1.89471992    -1.88716943     0.75723032     0.75769721    -0.58021944    -0.59116017     4.11349879     4.16093965    -1.34192360    -1.33825731    -6.00438708    -6.04752529
  1242    -1.91090173    -1.90191726     0.78168935     0.78266423    -0.58478496    -0.59611365     4.06273841     4.10968889    -1.35867657    -1.35537981    -6.02372059    -6.06836567
  1243    -1.92626034    -1.91595408     0.80700991     0.80654478    -0.58633428    -0.59804092     4.00848392     4.05486343    -1.37555659    -1.37260569    -6.04344346    -6.08951710
  1244    -1.94075191    -1.92924272     0.83159372     0.83086463    -0.58451563    -0.59658401     3.95035272     3.99608013    -1.39255843    -1.38992915    -6.06372599    -6.11114040
  1245    -1.95433181    -1.94174418     0.85596481     0.85502832    -0.57894872    -0.59135525     3.88792927     3.93292199    -1.40967777    -1.40734540    -6.08474336    -6.13340154
  1246    -1.96695482    -1.95341773     0.88010536     0.87898342    -0.56922330    -0.58193572     3.82076401     3.86493690    -1.42691099    -1.42485052    -6.10667486    -6.15647094
  1247    -1.97857516    -1.96422108     0.90398396     0.90269239    -0.55489822    -0.56787421     3.74837299     3.79163711    -1.44425511    -1.44244137    -6.12970306    -6.18052273
  1248    -1.98914675    -1.97411046     0.92756727     0.92612094    -0.53550145    -0.54868720     3.67023823     3.71249949    -1.46170765    -1.46011544    -6.15401293    -6.20573390
  1249    -1.99862322    -1.98304078     0.95082187     0.94923621    -0.51053135    -0.52386003     3.58580953     3.62696722    -1.47926650    -1.47787076    -6.17979092    -6.23228348
  1250    -2.00695808    -1.99096573     0.97371481     0.97200636    -0.47945978    -0.49285007     3.49450797     3.53445324    -1.49692990    -1.49570584    -6.20722397    -6.26035164
  1251    -2.01410481    -1.99783795     0.99621381     0.99440036    -0.44173763    -0.45509244     3.39573190     3.43434647    -1.51469629    -1.51361954    -6.23649852    -6.29011871
  1252    -2.02001692    -2.00360906     1.01828735     1.01638797    -0.39680364    -0.41000909     3.28886622     3.32602118    -1.53256423    -1.53161101    -6.26779946    -6.32176426
  1253    -2.02464804    -2.00822990     1.03990477     1.03793975    -0.34409731    -0.35702225     3.17329563     3.20885091    -1.55053240    -1.54967963    -6.30130911    -6.35546612
  1254    -2.02795197    -2.01165051     1.06103635     1.05902709    -0.28307687    -0.29557318     3.04842300     3.08222744    -1.56859946    -1.56782492    -6.33720618    -6.39139937
  1255    -2.02988274    -2.01382033     1.08165335     1.07962220    -0.21324303    -0.22514710     2.91369354     2.94558610    -1.58676403    -1.58604648    -6.37566468    -6.42973536
  1256    -2.03039464    -2.01468823     1.10172816     1.09969824    -0.13416938    -0.14530487     2.76862533     2.79843772    -1.60502465    -1.60434396    -6.41685289    -6.47064072
  1257    -2.02944223    -2.01420264     1.12123435     1.11922935    -0.04553914    -0.05572173     2.61284655     2.64040760    -1.62337972    -1.62271697    -6.46093236    -6.51427636
  1258    -2.02698036    -2.01231161     1.14014678     1.13819077     0.05281205     0.04376804     2.44613834     2.47128038    -1.64182748    -1.64116505    -6.50805684    -6.56079651
  1259    -2.02296420    -2.00896290     1.15844179     1.15655894     0.16084945     0.15312225     2.26848170     2.29104907    -1.66036597    -1.65968764    -6.55837135    -6.61034778
  1260    -2.01734921    -2.00410402     1.17609733     1.17431165     0.27829193     0.27204163     2.08010497     2.09996435    -1.67899301    -1.67828400    -6.61201118    -6.66306825
  1261    -2.01009117    -1.99768237     1.19309312     1.19142820     0.40456890     0.39992554     1.88152684     1.89857894    -1.69770617    -1.69695323    -6.66910099    -6.71908653
  1262    -2.00114613    -1.98964523     1.20941091     1.20788956     0.53878797     0.53583942     1.67358880     1.68778021    -1.71650277    -1.71569419    -6.72975394    -6.77852095
  1263    -1.99047048    -1.97993988     1.22503472     1.22367853     0.67971980     0.67850155     1.45746987     1.46880379    -1.73537987    -1.73450551    -6.79407080    -6.84147869
  1264    -1.97802089    -1.96851367     1.23995123     1.23877987     0.82579894     0.82630349     1.23467735     1.24322136    -1.75433423    -1.75338555    -6.86213918    -6.90805504
  1265    -1.96375434    -1.95531409     1.25415045     1.25318015     0.97729485     0.97521847     1.00700921     1.01289863    -1.77336237    -1.77233238    -6.93403275    -6.97833255
  1266    -1.94762817    -1.94028887     1.26762826     1.26686584     1.12939199     1.12585935     0.77648777     0.77992339    -1.79246049    -1.79134380    -7.00981050    -7.05238036
  1267    -1.92960010    -1.92338608     1.28041545     1.27979479     1.28031494     1.27554092     0.54526871     0.54650863    -1.81162455    -1.81041728    -7.08951604    -7.13025345
  1268    -1.90962828    -1.90455427     1.29220664     1.29226815     1.42779377     1.42203283     0.31553431     0.31488050    -1.83085021    -1.82954999    -7.17317694    -7.21199194
  1269    -1.88767138    -1.88374262     1.30370218     1.30358909     1.56965805     1.56318970     0.08938303     0.08716428    -1.85013289    -1.84873879    -7.26080404    -7.29762039
  1270    -1.86368873    -1.86090106     1.31452303     1.31414871     1.70394021     1.69705102    -0.13127176    -0.13471839    -1.86946774    -1.86798025    -7.35239080    -7.38714709
  1271    -1.83764040    -1.83598057     1.32464567     1.32399196     1.82895538     1.82192164    -0.34478263    -0.34912943    -1.88884969    -1.88727060    -7.44791269    -7.48056333
  1272    -1.80948744    -1.80893329     1.33408073     1.33313983     1.94335156     1.93642467    -0.54982127    -0.55476486    -1.90827344    -1.90660580    -7.54732647    -7.57784263
  1273    -1.77919205    -1.77971292     1.34284702     1.34161619     2.04612869     2.03952453    -0.74540187    -0.75067414    -1.92773348    -1.92598153    -7.65056950    -7.67893993
  1274    -1.74671784    -1.74827493     1.35096989     1.34945029     2.13662958     2.13052235    -0.93087684    -0.93625144    -1.94722409    -1.94539319    -7.75755906    -7.78379072
  1275    -1.71203016    -1.71457695     1.35848128     1.35667759     2.21450918     2.20902933    -1.10591039    -1.11120512    -1.96673943    -1.96483592    -7.86819149    -7.89231003
  1276    -1.67509639    -1.67857920     1.36542005     1.36334031     2.27968957     2.27492529    -1.27043741    -1.27551310    -1.98627347    -1.98430462    -7.98234139    -8.00439138
  1277    -1.63588640    -1.64024488     1.37183236     1.36948788     2.33230846     2.32830945    -1.42461445    -1.42937138    -2.00582006    -2.00379398    -8.09986063    -8.11990560
  1278    -1.59437291    -1.59954068     1.37777212     1.37517733     2.37266689     2.36944972    -1.56876922    -1.57314201    -2.02537296    -2.02329847    -8.22057740    -8.23869950
  1279    -1.55053207    -1.55643735     1.38330131     1.38047363     2.40118091     2.39873491    -1.70335297    -1.70730477    -2.04492584    -2.04281239    -8.34429501    -8.36059441
  1280    -1.50434389    -1.51091021     1.38849043     1.38545006     2.41833948     2.41663267    -1.82889845    -1.83241515    -2.06447231    -2.06232986    -8.47079074    -8.48538460
  1281    -1.45579292    -1.46293985     1.39341872     1.39018841     2.42467001     2.42365457    -1.94598495    -1.94906981    -2.08400594    -2.08184486    -8.59981451    -8.61283553
  1282    -1.40486877    -1.41251272     1.39817445     1.39477921     2.42071141     2.42032845    -2.05521057    -2.05787946    -2.10352030    -2.10135127    -8.73108750    -8.74268207
  1283    -1.35156682    -1.35962184     1.40285506     1.39932182     2.40699415     2.40717771    -2.15717122    -2.15944868    -2.12300896    -2.12084285    -8.86430071    -8.87462655
  1284    -1.29588888    -1.30426752     1.40756724     1.40392448     2.38402627     2.38470661    -2.25244561    -2.25436163    -2.14246552    -2.14031327    -8.99911350    -9.00833681
  1285    -1.23784385    -1.24645803     1.41242688     1.40870421     2.35228447     2.35339055    -2.34158499    -2.34317255    -2.16188362    -2.15975616    -9.13515217    -9.14344431
  1286    -1.17744844    -1.18621036     1.41755887     1.41378660     2.31220897     2.31367041    -2.42510691    -2.42640010    -2.18125700    -2.17916510    -9.27200860    -9.27954234
  1287    -1.11472785    -1.12355087     1.42309681     1.41930545     2.26420145     2.26594991    -2.50349182    -2.50452448    -2.20057945    -2.19853366    -9.40923905    -9.41618441
  1288    -1.04971643    -1.05851597     1.42918247     1.42540228     2.20862521     2.21059539    -2.57718192    -2.57798669    -2.21984489    -2.21785538    -9.54636328    -9.55288303
  1289    -0.98245828    -0.99115275     1.43596511     1.43222562     2.14580685     2.14793719    -2.64658146    -2.64718919    -2.23904733    -2.23712385    -9.68286390    -9.68910899
  1290    -0.91300787    -0.92151949     1.44360063     1.43993016     2.07603913     2.07827222    -2.71205818    -2.71249752    -2.25818094    -2.25633266    -9.81818640    -9.82429119
  1291    -0.84143049    -0.84968611     1.45225043     1.44867571     1.99958448     2.00186741    -2.77394528    -2.77424253    -2.27724000    -2.27547547    -9.95173955    -9.95781743
  1292    -0.76780266    -0.77573457     1.46208010     1.45862585     1.91667909     1.91896355    -2.83254384    -2.83272290    -2.29621895    -2.29454599   -10.08289679   -10.08903598
  1293    -0.69221247    -0.69975902     1.47325788     1.46994652     1.82753708     1.82977953    -2.88812539    -2.88820782    -2.31511239    -2.31353799   -10.21099833   -10.21725847
  1294    -0.61475970    -0.62186591     1.48595288     1.48280432     1.73235492     1.73451664    -2.94093449    -2.94093962    -2.33391506    -2.33244535   -10.33535428   -10.34176386
  1295    -0.53555595    -0.54217383     1.50033308     1.49736458     1.63131578     1.63336296    -2.99119124    -2.99113639    -2.35262187    -2.35126203   -10.45524897   -10.46180389
  1296    -0.45472459    -0.46081317     1.51656316     1.51378931     1.52459380     1.52649762    -3.03909368    -3.03899443    -2.37122788    -2.36998209   -10.56994631   -10.57660981
  1297    -0.37240088    -0.37792524     1.53480215     1.53223496     1.41235819     1.41409498    -3.08481989    -3.08469060    -2.38972833    -2.38859970   -10.67869641   -10.68540049
  1298    -0.28873352    -0.29365963     1.55520091     1.55285005     1.29477719     1.29632854    -3.12852949    -3.12838497    -2.40811858    -2.40710916   -10.78074330   -10.78739183
  1299    -0.20390399    -0.20815340     1.57789960     1.57577270     1.17202172     1.17337468    -3.17035901    -3.17022920    -2.42639415    -2.42550487   -10.87533377   -10.88180708
  1300    -0.12184701    -0.11780877     1.60302505     1.60112815     1.04426875     1.04541604    -3.21028516    -3.21050672    -2.44455071    -2.44378136   -10.96172700   -10.96788808
  1301    -0.03440630    -0.03113520     1.63068822     1.62902620     0.91170437     0.91264455    -3.24879029    -3.24897023    -2.46258403    -2.46193329   -11.03920497   -11.04490680
  1302     0.05362928     0.05628930     1.66098199     1.65955858     0.77452643     0.77526418    -3.28577324    -3.28593366    -2.48049002    -2.47995543   -11.10708314   -11.11217701
  1303     0.14213099     0.14421567     1.69398259     1.69279303     0.63294680     0.63349307    -3.32134262    -3.32148123    -2.49826467    -2.49784270   -11.16472122   -11.16906551
  1304     0.23090837     0.23244868     1.72880549     1.72971320     0.48719320     0.48756536    -3.35558686    -3.35569965    -2.51590409    -2.51559011   -11.21153360   -11.21500250
  1305     0.31976455     0.32079482     1.76758323     1.76823753     0.33751050     0.33773239    -3.38858558    -3.38866854    -2.53340442    -2.53319281   -11.24699908   -11.24949076
  1306     0.40850133     0.40906054     1.80914887     1.80953299     0.18416149     0.18426342    -3.42041115    -3.42046066    -2.55076190    -2.55064604   -11.27066955   -11.27211322
  1307     0.49692153     0.49705332     1.85347520     1.85357412     0.02742724     0.02744584    -3.45112957    -3.45114243    -2.56797277    -2.56794516   -11.28217731   -11.28253875
  1308     0.58458343     0.58483056     1.90030630     1.90051061    -0.13241534    -0.13239326    -3.48077459    -3.48080116    -2.58508563    -2.58503332   -11.28052591   -11.28124074
  1309     0.67146680     0.67203680     1.94964787     1.95017716    -0.29499831    -0.29498380    -3.50941281    -3.50948114    -2.60206298    -2.60193983   -11.26592471   -11.26766828
  1310     0.75754594     0.75833387     2.00149102     2.00237101    -0.45996603    -0.46001231    -3.53710810    -3.53722013    -2.61887284    -2.61868855   -11.23867643   -11.24136040
  1311     0.84369162     0.84250176     2.05570310     2.05696344    -0.62696814    -0.62713264    -3.56390734    -3.56406460    -2.63551089    -2.63527572   -11.19881157   -11.20230987
  1312     0.92771792     0.92639447     2.11212844     2.11380242    -0.79564334    -0.79598674    -3.58985363    -3.59005727    -2.65197288    -2.65169750   -11.14644635   -11.15060016
  1313     1.01038288     1.00894166     2.17059065     2.17271468    -0.96562215    -0.96620729    -3.61498667    -3.61523745    -2.66825459    -2.66794999   -11.08177781   -11.08640231
  1314     1.09152685     1.09001228     2.23089528     2.23350817    -1.13652989    -1.13742053    -3.63934303    -3.63964131    -2.68435184    -2.68402920   -11.00507810   -11.00997045
  1315     1.17101507     1.16947350     2.29283285     2.29597492    -1.30798991    -1.30924942    -3.66295645    -3.66330220    -2.70026046    -2.69993101   -10.91668800   -10.92163611
  1316     1.24872670     1.24720300     2.35618216     2.35989414    -1.47962689    -1.48131681    -3.68585805    -3.68625085    -2.71597627    -2.71565119   -10.81701014   -10.82180184
  1317     1.32455406     1.32309042     2.42071367     2.42503554    -1.65107009    -1.65324874    -3.70807659    -3.70851559    -2.73149507    -2.73118536   -10.70650218   -10.71093416
  1318     1.39840266     1.39703789     2.48619298     2.49116270    -1.82195660    -1.82467764    -3.72963858    -3.73012253    -2.74681265    -2.74652899   -10.58567003   -10.58955629
  1319     1.47019111     1.46896008     2.55238426     2.55803648    -1.99193432    -1.99524538    -3.75056851    -3.75109574    -2.76192472    -2.76167736   -10.45506142   -10.45824067
  1320     1.53985101     1.53878411     2.61905352     2.62541834    -2.16066472    -2.16460621    -3.77088900    -3.77145736    -2.77682691    -2.77662555   -10.31525985   -10.31760173
  1321     1.60732676     1.60644921     2.68597173     2.69307344    -2.32782535    -2.33242926    -3.79062087    -3.79122782    -2.79151479    -2.79136847   -10.16687899   -10.16828881
  1322     1.67257530     1.67190608     2.75291754     2.76077361    -2.49311186    -2.49840087    -3.80978332    -3.81042585    -2.80598380    -2.80590079   -10.01055760   -10.01097949
  1323     1.73556617     1.73511587     2.81967981     2.82829990    -2.65623974    -2.66222648    -3.82839404    -3.82906870    -2.82022924    -2.82021696    -9.84695491    -9.84637329
  1324     1.79628227     1.79604815     2.88605965     2.89544486    -2.81694559    -2.82363211    -3.84646926    -3.84717218    -2.83424628    -2.83431119    -9.67674646    -9.67518590
  1325     1.85472373     1.85467567     2.95187214     2.96201443    -2.97498805    -2.98236552    -3.86402391    -3.86475078    -2.84802989    -2.84817745    -9.50062035    -9.49814384
  1326     1.91092639     1.91095446     3.01694762     3.02782946    -3.13014824    -3.13819691    -3.88107167    -3.88181776    -2.86157489    -2.86180945    -9.31927381    -9.31597968
  1327     1.96509915     1.96468486     3.08113260     3.09272683    -3.28222992    -3.29091930    -3.89762505    -3.89838525    -2.87487584    -2.87520066    -9.13341006    -9.12942758
  1328     2.01796362     2.01517042     3.14429029     3.15656018    -3.43105929    -3.44034854    -3.91369551    -3.91446433    -2.88792711    -2.88834425    -8.94373544    -8.93921941
  1329     2.06718424     2.06478612     3.20630078     3.21920032    -3.57648447    -3.58632302    -3.92929350    -3.93006511    -2.90072280    -2.90123314    -8.75095660    -8.74608118
  1330     2.11438694     2.11195820     3.26706092     3.28053528    -3.71837478    -3.72870309    -3.94442857    -3.94519681    -2.91325672    -2.91385997    -8.55577792    -8.55072984
  1331     2.15947554     2.15684630     3.32648393     3.34047006    -3.85661976    -3.86737033    -3.95910942    -3.95986788    -2.92552242    -2.92621709    -8.35889879    -8.35387048
  1332     2.20243076     2.19954293     3.38449872     3.39892617    -3.99112815    -4.00222652    -3.97334400    -3.97408603    -2.93751314    -2.93829658    -8.16101095    -8.15619394
  1333     2.24327661     2.24010584     3.44104911     3.45584092    -4.12182659    -4.13319260    -3.98713959    -3.98785833    -2.94922177    -2.95009022    -7.96279467    -7.95837566
  1334     2.28205067     2.27858633     3.49609282     3.51116648    -4.24865846    -4.26020746    -4.00050286    -4.00119131    -2.96064089    -2.96158952    -7.76490493    -7.76108490
  1335     2.31879695     2.31503530     3.54960034     3.56486893    -4.37158253    -4.38322673    -4.01343997    -4.01409105    -2.97176269    -2.97278569    -7.56522868    -7.56772278
  1336     2.35356341     2.34950461     3.60155383     3.61692707    -4.49057170    -4.50222151    -4.02595663    -4.02656322    -2.98257902    -2.98366967    -7.37042722    -7.37287555
  1337     2.38640068     2.38204736     3.65194583     3.66733125    -4.60561177    -4.61717713    -4.03805822    -4.03861319    -2.99308133    -2.99423210    -7.17834199    -7.17990430
  1338     2.41736132     2.41271773     3.70077803     3.71608213    -4.71670026    -4.72809200    -4.04974980    -4.05024613    -3.00326068    -3.00446335    -6.98914584    -6.98978937
  1339     2.44649925     2.44157075     3.74806006     3.76318943    -4.82384530    -4.83497645    -4.06103629    -4.06146708    -3.01310772    -3.01435351    -6.80336820    -6.80310072
  1340     2.47386926     2.46866202     3.79380829     3.80867067    -4.92706464    -4.93785169    -4.07192247    -4.07228101    -3.02261268    -3.02389241    -6.62150714    -6.62038153
  1341     2.49952666     2.49404746     3.83804461     3.85255000    -5.02638466    -5.03674895    -4.08241310    -4.08269296    -3.03176538    -3.03306961    -6.44402784    -6.44214533
  1342     2.52352695     2.51778308     3.88079539     3.89485699    -5.12183946    -5.13170871    -4.09251299    -4.09270807    -3.04055520    -3.04187441    -6.27136078    -6.26887331
  1343     2.54592537     2.53992487     3.92209043     3.93562556    -5.21346970    -5.22278037    -4.10222711    -4.10233169    -3.04897107    -3.05029591    -6.10389989    -6.10101186
  1344     2.56677651     2.56052881     3.96196195     3.97489292    -5.30131986    -5.31002382    -4.11156061    -4.11156943    -3.05700146    -3.05832297    -5.94200049    -5.93897011
  1345     2.58613322     2.57965153     4.00044380     4.01269861    -5.38541751    -5.39352900    -4.12051896    -4.12042726    -3.06463438    -3.06594429    -5.78597728    -5.78311774
  1346     2.60404358     2.59735306     4.03757062     4.04908361    -5.47301484    -5.46617357    -4.12910798    -4.12891160    -3.07185731    -3.07314842    -5.63610227    -5.63378275
  1347     2.62053723     2.61371020     4.07337728     4.08408936    -5.54929050    -5.54292025    -4.13733394    -4.13702931    -3.07865717    -3.07992389    -5.49260272    -5.49124949
  1348     2.63553756     2.62890401     4.10790046     4.11775495    -5.62189034    -5.61627557    -4.14520360    -4.14478785    -3.08502015    -3.08625929    -5.35565920    -5.35575681
  1349     2.64806480     2.64401666     4.14965526     4.14163921    -5.69101720    -5.68619951    -4.15272428    -4.15219523    -3.09093156    -3.09214358    -5.22540368    -5.22749638
  1350     2.65688521     2.66038193     4.18123532     4.17321967    -5.75677020    -5.75276586    -4.15990395    -4.15926016    -3.09637520    -3.09756662    -5.10191779    -5.10661130
  1351     2.66696543     2.67313077     4.21113585     4.20406862    -5.81924714    -5.81605947    -4.16675122    -4.16599202    -3.10133225    -3.10252042    -4.98523125    -4.99319483
  1352     2.67684525     2.68381837     4.23984924     4.23375690    -5.87854914    -5.87617127    -4.17327543    -4.17240092    -3.10577774    -3.10700255    -4.87532043    -4.88728947
  1353     2.68584375     2.69321798     4.26741175     4.26230654    -5.93478133    -5.93319737    -4.17948666    -4.17849771    -3.10966889    -3.11102802    -4.77210713    -4.78888629
  1354     2.69387236     2.70150769     4.29385443     4.28973951    -5.98805282    -5.98723865    -4.18539577    -4.18429404    -3.11288447    -3.11468975    -4.67545747    -4.69792449
  1355     2.70093896     2.70876628     4.31920515     4.31607541    -6.03847660    -6.03840061    -4.19101441    -4.18980231    -3.11438086    -3.11900273    -4.58518098    -4.61429132
  1356     2.70707360     2.71504751     4.34348865     4.34133122    -6.08616932    -6.08679315    -4.19635504    -4.19503572    -3.11746598    -3.12062995    -4.50102964    -4.53782221
  1357     2.71231290     2.72039557     4.36672661     4.36552120    -6.13125101    -6.13253033    -4.20143089    -4.20000823    -3.12030035    -3.12138148    -4.42269695    -4.46830123
  1358     2.71669608     2.72484917     4.38893763     4.38865699    -6.17384478    -6.17573015    -4.20625600    -4.20473455    -3.12170542    -3.12240616    -4.34981685    -4.40546169
  1359     2.72026432     2.72844202     4.41013725     4.41074768    -6.21407643    -6.21651418    -4.21084516    -4.20923012    -3.12238238    -3.12297274    -4.28196225    -4.34898696
  1360     2.72306257     2.73120115     4.43033809     4.43179994    -6.25207406    -6.25500718    -4.21521391    -4.21351106    -3.12240608    -3.12297608    -4.21864303    -4.29851144
  1361     2.72514568     2.73314071     4.44954997     4.45181822    -6.28796761    -6.29133669    -4.21937844    -4.21759416    -3.12178695    -3.12237519    -4.15930314    -4.25362135
  1362     2.72659973     2.73424072     4.46778004     4.47080496    -6.32188831    -6.32563243    -4.22335561    -4.22149675    -3.12051995    -3.12114434    -4.10331642    -4.21385548
  1363     2.72763933     2.73434978     4.48503302     4.48876077    -6.35396814    -6.35802580    -4.22716283    -4.22523670    -3.11859471    -3.11926291    -4.04998064    -4.17870532
  1364     2.72934289     2.73244990     4.50131144     4.50568475    -6.38433918    -6.38864917    -4.23081802    -4.22883233    -3.11599857    -3.11671242    -3.99850880    -4.14761442
  1365     2.73488836     2.72542079     4.51661585     4.52157469    -6.41313299    -6.41763520    -4.23433950    -4.23230230    -3.11271768    -3.11347539    -3.94801689    -4.11997616
  1366     2.73422235     2.72337081     4.53094511     4.53642741    -6.44047986    -6.44511608    -4.23774594    -4.23566554    -3.10873754    -3.10953485    -3.89750633    -4.09512922
  1367     2.73206793     2.72162928     4.54429671     4.55023899    -6.46650811    -6.47122269    -4.24105620    -4.23894115    -3.10404321    -3.10487419    -3.84583903    -4.07234898
  1368     2.72940794     2.71926330     4.55666704     4.56300514    -6.49134333    -6.49608385    -4.24428931    -4.24214826    -3.09861946    -3.09947698    -3.79170191    -4.05083256
  1369     2.72624629     2.71631650     4.56805171     4.57472140    -6.51510761    -6.51982538    -4.24746425    -4.24530596    -3.09245083    -3.09332697    -3.73355600    -4.02967324
  1370     2.72258365     2.71283353     4.57844590     4.58538351    -6.53791880    -6.54256931    -4.25059993    -4.24843314    -3.08552170    -3.08640802    -3.66956328    -4.00781724
  1371     2.71843000     2.70884763     4.58784464     4.59498767    -6.55988968    -6.56443298    -4.25371498    -4.25154838    -3.07781632    -3.07870415    -3.59748080    -3.98398980
  1372     2.78456745     2.77637981     4.60195844     4.60868530    -6.69657897    -6.70180481    -4.28818157    -4.28632859    -3.01847072    -3.00971295    -3.50664512    -3.88437267
  1373     2.85074033     2.84389594     4.61539520     4.62162426    -6.83275651    -6.83862248    -4.32213163    -4.32057612    -2.95590387    -2.94374755    -3.41104427    -3.78315906
  1374     2.91723396     2.91100953     4.62820699     4.63385645    -6.96824992    -6.97470431    -4.35566919    -4.35440163    -2.89187275    -2.87902696    -3.31107799    -3.68080793
  1375     2.98374865     2.97792223     4.64044610     4.64543352    -7.10288365    -7.10986657    -4.38889204    -4.38791239    -2.82722397    -2.81468477    -3.20707675    -3.57766214
  1376     3.05017525     3.04464851     4.65216414     4.65640619    -7.23647990    -7.24392469    -4.42188918    -4.42121153    -2.76220528    -2.75046162    -3.09930224    -3.47394546
  1377     3.11644665     3.11116444     4.66341116     4.66682380    -7.36885966    -7.37669440    -4.45473847    -4.45439740    -2.69691112    -2.68626355    -2.98794900    -3.36975523
  1378     3.18250998     3.17743551     4.67423479     4.67673387    -7.49984370    -7.50799294    -4.48750581    -4.48756136    -2.63139608    -2.62205191    -2.87314661    -3.26505062
  1379     3.24831903     3.24342422     4.68467940     4.68618197    -7.62925352    -7.63764010    -4.52025048    -4.52077976    -2.56570663    -2.55781473    -2.75496218    -3.15963631
  1380     3.31383141     3.30909277     4.69478539     4.69521180    -7.75691232    -7.76545924    -4.55304028    -4.55409623    -2.49989202    -2.49355817    -2.63340283    -3.05314186
  1381     3.37900733     3.37440401     4.70458843     4.70386541    -7.88264589    -7.89127812    -4.58595770    -4.58751319    -2.43400896    -2.42930373    -2.50841836    -2.94499767
  1382     3.44380890     3.43932180     4.71411884     4.71218379    -8.00628350    -8.01492971    -4.61906563    -4.62102420    -2.36812402    -2.36508705    -2.37990447    -2.83440914
  1383     3.50819961     3.50381106     4.72340113     4.72020746    -8.12765872    -8.13625285    -4.65237501    -4.65464474    -2.30231469    -2.30095726    -2.24770732    -2.72033337
  1384     3.57214389     3.56783765     4.73245371     4.72797726    -8.24661032    -8.25509277    -4.68586110    -4.68839469    -2.23666990    -2.23697622    -2.11163043    -2.60146518
  1385     3.63560670     3.63136815     4.74128918     4.73553486    -8.36298311    -8.37130152    -4.71948673    -4.72227440    -2.17128969    -2.17321772    -1.97144504    -2.47624434
  1386     3.69855309     3.69436957     4.74991503     4.74292304    -8.47662890    -8.48473835    -4.75320779    -4.75625907    -2.10628449    -2.10976638    -1.82690494    -2.34290039
  1387     3.76094781     3.75680903     4.75833525     4.75018535    -8.58740754    -8.59526991    -4.78697092    -4.79030138    -2.04177381    -2.04671634    -1.67776670    -2.19955493
  1388     3.82275485     3.81865338     4.76655262     4.75736523    -8.69518800    -8.70277045    -4.82071135    -4.82433467    -1.97788451    -1.98416975    -1.52381566    -2.04439826
  1389     3.88393702     3.87986884     4.77457156     4.76450474    -8.79984957    -8.80712197    -4.85435201    -4.85827541    -1.91474860    -1.92223496    -1.36489716    -1.87594416
  1390     3.94445556     3.94042060     4.78240106     4.77164321    -8.90128281    -8.90821459    -4.88780371    -4.89202514    -1.85250087    -1.86102456    -1.20095178    -1.69333741
  1391     4.00426974     4.00027246     4.79005711     4.77881648    -8.99939028    -9.00594732    -4.92096596    -4.92547240    -1.79127607    -1.80065328    -1.03205188    -1.49665069
  1392     4.06333649     4.05938640     4.79756429     4.78605687    -9.09408640    -9.10022962    -4.95372821    -4.95849470    -1.73120605    -1.74123579    -0.85843580    -1.28707740
  1393     4.12161013     4.11772225     4.80495625     4.79339426    -9.18529660    -9.19098371    -4.98597139    -4.99096065    -1.67241678    -1.68288446    -0.68053541    -1.06693184
  1394     4.17904209     4.17523732     4.81227529     4.80085776    -9.27295624    -9.27814708    -5.01756962    -5.02273225    -1.61502533    -1.62570717    -0.49899224    -0.83942236
  1395     4.23558080     4.23188602     4.81957152     4.80847776    -9.35701052    -9.36167396    -5.04839206    -5.05366730    -1.55913697    -1.56980529    -0.31465865    -0.60824820
  1396     4.29117158     4.28761950     4.82690173     4.81628789    -9.43741616    -9.44153480    -5.07830482    -5.08362186    -1.50484249    -1.51527175    -0.12858188    -0.37713756
  1397     4.34575676     4.34238528     4.83432853     4.82432648    -9.51414422    -9.51771456    -5.10717298    -5.11245272    -1.45221569    -1.46218939     0.05802872    -0.14945437
  1398     4.39927578     4.39612678     4.84191958     4.83263766    -9.58718250    -9.59021100    -5.13486242    -5.14001979    -1.40131138    -1.41062957     0.24384851     0.07204620
  1399     4.45166559     4.44878294     4.84974708     4.84127174    -9.65653643    -9.65903437    -5.16124178    -5.16618836    -1.35216377    -1.36065094     0.42749335     0.28530036
  1400     4.50286100     4.50028769     4.85788731     4.85028530    -9.72222860    -9.72420797    -5.18618415    -5.19083116    -1.30478549    -1.31229850     0.60757841     0.48889372
  1401     4.55279520     4.55056950     4.86642035     4.85974077    -9.78429737    -9.78576932    -5.20956875    -5.21383017    -1.25916731    -1.26560282     0.78277366     0.68194940
  1402     4.60140016     4.59955111     4.87542955     4.86970587    -9.84279517    -9.84377128    -5.23128233    -5.23507813    -1.21527867    -1.22057927     0.95185097     0.86399467
  1403     4.64860685     4.64714936     4.88500107     4.88025273    -9.89778591    -9.89828354    -5.25122050    -5.25447969    -1.17306898    -1.17722739     1.11371940     1.03483703
  1404     4.69434518     4.69327550     4.89522329     4.89145692    -9.94934032    -9.94939585    -5.26928875    -5.27195225    -1.13246977    -1.13553022     1.26744722     1.19446444
  1405     4.73854344     4.73783588     4.90618599     4.90339644    -9.99752697    -9.99722519    -5.28540334    -5.28742641    -1.09339754    -1.09545376     1.41227129     1.34297281
  1406     4.78112742     4.78073306     4.91797962     4.91615052   -10.04240191   -10.04192384    -5.29949194    -5.30084598    -1.05575697    -1.05694674     1.54759534     1.48051764
  1407     4.82201928     4.82186704     4.93069432     4.92979856   -10.08402710   -10.08365842    -5.31149403    -5.31216780    -1.01944441    -1.01994077     1.67297997     1.60728445
  1408     4.86113650     4.86113650     4.94441901     4.94441901   -10.12253870   -10.12253873    -5.32136110    -5.32136110    -0.98435115    -0.98435116    -0.39098243     0.15903381
  1409     4.89843962     4.89839113     4.96008832     4.95924050   -10.15861376   -10.15814794    -5.32840663    -5.32905661    -0.95007850    -0.95036643    -1.07305001    -1.00698721
  1410     4.93367448     4.93368940     4.97688003     4.97524246   -10.19195545   -10.19105404    -5.33329560    -5.33455571    -0.91701117    -0.91737972    -1.11986199    -1.06498223
  1411     4.96673902     4.96693182     4.99486394     4.99250467   -10.22268007   -10.22141942    -5.33602841    -5.33784471    -0.88502830    -0.88528280    -1.15140602    -1.10801406
  1412     4.99753062     4.99801345     5.01410547     5.01110223   -10.25092482   -10.24938952    -5.33661328    -5.33892033    -0.85400338    -0.85397115    -1.16783230    -1.13613038
  1413     5.02594563     5.02682436     5.03466520     5.03110492   -10.27683197   -10.27510521    -5.33506482    -5.33778870    -0.82380806    -0.82334526    -1.16947503    -1.14955272
  1414     5.05187877     5.05325009     5.05659864     5.05257675   -10.30054278   -10.29870524    -5.33140260    -5.33446418    -0.79431585    -0.79331165    -1.15685254    -1.14867672
  1415     5.07522272     5.07717198     5.07995616     5.07557564   -10.32219502   -10.32032539    -5.32564969    -5.32896799    -0.76540570    -0.76378398    -1.13066616    -1.13406984
  1416     5.09586768     5.09846750     5.10478318     5.10015328   -10.34192146   -10.34009668    -5.31783131    -5.32132669    -0.73696512    -0.73468409    -1.09179838    -1.10646620
  1417     5.11370114     5.11701053     5.13112054     5.12635518   -10.35984849   -10.35814357    -5.30797348    -5.31157057    -0.70889290    -0.70594308    -1.04131133    -1.06675788
  1418     5.12860778     5.13267162     5.15900508     5.15422094   -10.37609486   -10.37458243    -5.29610183    -5.29973199    -0.68110137    -0.67750233    -0.98044641    -1.01598137
  1419     5.14046946     5.14531826     5.18847035     5.18378461   -10.39077045   -10.38952002    -5.28224037    -5.28584372    -0.65351809    -0.64931447    -0.91062684    -0.95529712
  1420     5.14916533     5.15481529     5.21954744     5.21507526   -10.40397514   -10.40305232    -5.26641050    -5.26993735    -0.62608714    -0.62134415    -0.83346487    -0.88595865
  1421     5.15457216     5.16102541     5.25226590     5.24811766   -10.41579779   -10.41526347    -5.24862995    -5.25204174    -0.59876987    -0.59356869    -0.75077575    -0.80926616
  1422     5.15656482     5.16380982     5.28665461     5.28293300   -10.42631537   -10.42622485    -5.22891201    -5.23218171    -0.57154522    -0.56597839    -0.66459962    -0.72649762
  1423     5.15501687     5.16302910     5.32274263     5.31953972   -10.43559220   -10.43599449    -5.20726469    -5.21037677    -0.54440960    -0.53857664    -0.57722810    -0.63881151
  1424     5.14980153     5.15854429     5.36055995     5.35795427   -10.44367944   -10.44461656    -5.18369016    -5.18664014    -0.51737636    -0.51137967    -0.49121605    -0.54712713
  1425     5.14079276     5.15021814     5.40013801     5.39819182   -10.45061467   -10.45212105    -5.15818425    -5.16097796    -0.49047487    -0.48441604    -0.40931062    -0.45203338
  1426     5.12786661     5.13791671     5.44150996     5.44026686   -10.45642173   -10.45852375    -5.13073609    -5.13338869    -0.46374923    -0.45772581    -0.33411312    -0.35389481
  1427     5.11090291     5.12151112     5.48471071     5.48419364   -10.46111069   -10.46382630    -5.10132802    -5.10386281    -0.43725668    -0.43135944    -0.26713082    -0.25349383
  1428     5.08978714     5.10087959     5.52977649     5.52998630   -10.46467811   -10.46801654    -5.06993553    -5.07238269    -0.41106569    -0.40537642    -0.20712162    -0.15333188
  1429     5.06441258     5.07590969     5.57674421     5.57765880   -10.46710740   -10.47106903    -5.03652749    -5.03892272    -0.38525387    -0.37984365    -0.14916293    -0.05823546
  1430     5.03468269     5.04650075     5.62565027     5.62722452   -10.46836947   -10.47294571    -5.00106650    -5.00344967    -0.35990567    -0.35483371    -0.08690569     0.02704839
  1431     5.00051366     5.01256645     5.67652915     5.67869544   -10.46842353   -10.47359680    -4.96350942    -4.96592325    -0.33510997    -0.33042291    -0.01646740     0.10150856
  1432     4.96183707     4.97403745     5.72941151     5.73208109   -10.46721810   -10.47296188    -4.92380808    -4.92629680    -0.31095764    -0.30668929     0.06246453     0.16816217
  1433     4.91860265     4.93086402     5.78432211     5.78738698   -10.46469221   -10.47097112    -4.88191011    -4.88451829    -0.28753909    -0.28371062     0.14801133     0.23138572
  1434     4.87078092     4.88301858     5.84127745     5.84461288   -10.46077673   -10.46754658    -4.83775994    -4.84053128    -0.26494188    -0.26156237     0.23736532     0.29447711
  1435     4.81836580     4.83049803     5.90028322     5.90375072   -10.45539586   -10.46260375    -4.79129981    -4.79427616    -0.24324853    -0.24031579     0.32733789     0.35877454
  1436     4.76137694     4.77332574     5.96133178     5.96478234   -10.44846876   -10.45605305    -4.74247104    -4.74569135    -0.22253441    -0.22003610     0.41452686     0.42411697
  1437     4.69986172     4.71155307     6.02439955     6.02767714   -10.43991119   -10.44780146    -4.69121513    -4.69471461    -0.20286601    -0.20078094     0.49526036     0.48992321
  1438     4.63389686     4.64526031     6.08944451     6.09238987   -10.42963725   -10.43775410    -4.63747508    -4.64128439    -0.18429941    -0.18259890     0.56546460     0.55614734
  1439     4.56358963     4.57455680     6.15640367     6.15885869   -10.41756105   -10.42581586    -4.58119659    -4.58534111    -0.16687904    -0.16552847     0.62138020     0.62298619
  1440     4.48907863     4.49958002     6.22519003     6.22700428   -10.40359835   -10.41189283    -4.52232926    -4.52682845    -0.15063689    -0.14959714     0.66259005     0.68796976
  1441     4.41053446     4.42049338     6.29568803     6.29673118   -10.38766797   -10.39589374    -4.46082775    -4.46569457    -0.13559195    -0.13482088     0.69337164     0.74458013
  1442     4.32816077     4.33748196     6.36774466     6.36793424   -10.36969309   -10.37773123    -4.39665283    -4.40189317    -0.12175005    -0.12120386     0.71754233     0.78734521
  1443     4.24219668     4.25074529     6.44115187     6.44051453   -10.34960203   -10.35732298    -4.32977238    -4.33538456    -0.10910406    -0.10873856     0.73578614     0.81448197
  1444     4.15292194     4.16048602     6.51562487     6.51440032   -10.32732868   -10.33459265    -4.26016214    -4.26613646    -0.09763429    -0.09740610     0.74755366     0.82602735
  1445     4.06066188     4.06689727     6.59082014     6.58952899   -10.30281224   -10.30947084    -4.18780650    -4.19412476    -0.08730931    -0.08717686     0.75239659     0.82260250
  1446     3.96576760     3.97017373     6.66644558     6.66573742   -10.27599622   -10.28189573    -4.11269896    -4.11933404    -0.07808679    -0.07801139     0.75021862     0.80530934
  1447     3.86850507     3.87061308     6.74233357     6.74268994   -10.24682661   -10.25181375    -4.03484250    -4.04175799    -0.06991471    -0.06986156     0.74122341     0.77592093
  1448     3.76891276     3.76874817     6.81834328     6.81997696   -10.21524930   -10.21917964    -3.95424981    -3.96139969    -0.06273243    -0.06267192     0.72584041     0.73698738
  1449     3.66697850     3.66516005     6.89426440     6.89721215   -10.18120707   -10.18395579    -3.87094315    -3.87827167    -0.05647202    -0.05638122     0.70467506     0.69170767
  1450     3.56292330     3.56018412     6.96981506     6.97403478   -10.14463652   -10.14611012    -3.78495416    -3.79239596    -0.05105952    -0.05092401     0.67848373     0.64352904
  1451     3.45711581     3.45398626     7.04466617     7.05008466   -10.10546538   -10.10561192    -3.69632333    -3.70380399    -0.04641655    -0.04623200     0.64816848     0.59556313
  1452     3.34991251     3.34671405     7.11845563     7.12498596   -10.06361025   -10.06242544    -3.60509922    -3.61253649    -0.04246235    -0.04223491     0.61478136     0.55000917
  1453     3.24161413     3.23853297     7.19079251     7.19833915   -10.01897415   -10.01650147    -3.51133747    -3.51864325    -0.03911628    -0.03886077     0.57951751     0.50777266
  1454     3.13247099     3.12961492     7.26125611     7.26971594    -9.97144288    -9.96776787    -3.41509957    -3.42218300    -0.03630023    -0.03603613     0.54366691     0.46837501
  1455     3.02269265     3.02012403     7.32939209     7.33865426    -9.92087887    -9.91611947    -3.31645156    -3.32322297    -0.03394024    -0.03368687     0.50850082     0.43015873
  1456     2.91245390     2.91020762     7.39470648     7.40465195    -9.86711210    -9.86140781    -3.21546270    -3.22183843    -0.03196696    -0.03173982     0.47509933     0.39079813
  1457     2.80189804     2.79999138     7.45665746     7.46715853    -9.80992765    -9.80342998    -3.11220440    -3.11811179    -0.03031556    -0.03012473     0.44416405     0.34826154
  1458     2.69113912     2.68957725     7.51464450     7.52556438    -9.74905002    -9.74191567    -3.00674933    -3.01213136    -0.02892566    -0.02877589     0.41587083     0.30244091
  1459     2.58026385     2.57904296     7.56799434     7.57918660    -9.68412421    -9.67651133    -2.89917107    -2.90398969    -0.02774150    -0.02763309     0.38977912     0.25689340
  1460     2.46933352     2.46844283     7.61594289     7.62725080    -9.61469288    -9.60676004    -2.78954390    -2.79378161    -0.02671229    -0.02664225     0.36473425     0.21838040
  1461     2.35838638     2.35780935     7.65761188     7.66886756    -9.54016875    -9.53207608    -2.67794281    -2.68160219    -0.02579254    -0.02575565     0.33854398     0.19328585
  1462     2.24744016     2.24715546     7.69197873     7.70300208    -9.45980073    -9.45171237    -2.56444344    -2.56754491    -0.02494229    -0.02493193     0.30673452     0.18601260
  1463     2.13649494     2.13647723     7.71783761     7.72843499    -9.37263154    -9.36471901    -2.44912181    -2.45170013    -0.02412725    -0.02413601     0.25884078     0.20422402
  1464     2.02553628     2.02575694     7.73374873     7.74371141    -9.27744408    -9.26989011    -2.33205388    -2.33415400    -0.02331875    -0.02333892     0.18798317     0.25229795
  1465     1.91453843     1.91496625     7.73797222     7.74707467    -9.17269278    -9.16569520    -2.21331482    -2.21498782    -0.02249354    -0.02251744     0.14610022     0.27783710
  1466     1.80346762     1.80406955     7.72838153     7.73637978    -9.05641501    -9.05019042    -2.09297833    -2.09427773    -0.02163350    -0.02165376     0.14167905     0.27405269
  1467     1.69228534     1.69302728     7.70234973     7.70898020    -8.92611615    -8.92090286    -1.97111589    -1.97209472    -0.02072528    -0.02073498     0.15003711     0.26821120
  1468     1.58095155     1.58179907     7.65660035     7.66157979    -8.77862014    -8.77467983    -1.84779617    -1.84850475    -0.01975975    -0.01975266     0.16425768     0.26902701
  1469     1.46942761     1.47034677     7.58701235     7.59004026    -8.60987591    -8.60749253    -1.72308462    -1.72356913    -0.01873148    -0.01870216     0.18315785     0.27811404
  1470     1.35767910     1.35863717     7.48836758     7.48913317    -8.41470870    -8.41418288    -1.59704325    -1.59734493    -0.01763813    -0.01758211     0.20679838     0.29508008
  1471     1.24567826     1.24664442     7.35402997     7.35222725    -8.18650705    -8.18814243    -1.46973060    -1.46988556    -0.01647977    -0.01639376     0.23555475     0.31916851
  1472     1.13340608     1.13435204     7.17555242     7.17090905    -7.91684348    -7.92091978    -1.34120201    -1.34124133    -0.01525823    -0.01514037     0.26988325     0.34975811
  1473     1.02085408     1.02175459     6.94222727     6.93455565    -7.59504737    -7.60177223    -1.21150992    -1.21146021    -0.01397639    -0.01382659     0.31022559     0.38640635
  1474     0.90802556     0.90885882     6.64064290     6.62992504    -7.20779559    -7.21722452    -1.08070443    -1.08058854    -0.01263752    -0.01245785     0.35692295     0.42879358
  1475     0.79493651     0.79568443     6.25440553     6.24092376    -6.73888029    -6.75079404    -0.94883397    -0.94867182    -0.01124466    -0.01103982     0.41011418     0.47670058
  1476     0.68161603     0.68226434     5.76436000     5.74887702    -6.16947850    -6.18321633    -0.81594603    -0.81575554    -0.00980003    -0.00957785     0.46965546     0.53000635
  1477     0.56810635     0.56864454     5.14990698     5.13386260    -5.47948583    -5.49376793    -0.68208797    -0.68188593    -0.00830465    -0.00807640     0.53512091     0.58864266
  1478     0.45446244     0.45488347     4.39228386     4.37787829    -4.65068822    -4.66354893    -0.54730789    -0.54711075    -0.00675808    -0.00653847     0.60588703     0.65249386
  1479     0.34075122     0.34105098     3.48062392     3.47045740    -3.67240406    -3.68152244    -0.41165542    -0.41147996    -0.00515835    -0.00496502     0.68123307     0.72130276
  1480     0.22705055     0.22722684     2.42052844     2.41627488    -2.54916696    -2.55301742    -0.27518257    -0.27504643    -0.00350207    -0.00335440     0.76039859     0.79463685
  1481     0.11344704     0.11349982     1.24198877     1.24225184    -1.30787881    -1.30761007    -0.13794447    -0.13786639    -0.00178458    -0.00170196     0.84259637     0.87191307
  1482    -0.00000000    -0.00000000    -0.00000003    -0.00000003     0.00000001     0.00000005    -0.00000000     0.00000000    -0.00000001     0.00000000    -0.84506559     0.14128812
  1483     0.00003761     0.00003759     0.00002167     0.00002182    -0.00002171    -0.00002163    -0.00003568    -0.00003567    -0.00001317    -0.00001317     0.00303820     0.00402981
  1484     0.00007516     0.00007510     0.00004284     0.00004322    -0.00004303    -0.00004284    -0.00007124    -0.00007121    -0.00002636    -0.00002635     0.00275368     0.00343881
  1485     0.00011262     0.00011248     0.00006290     0.00006367    -0.00006349    -0.00006312    -0.00010656    -0.00010649    -0.00003959    -0.00003958     0.00246274     0.00287289
  1486     0.00014991     0.00014969     0.00008133     0.00008262    -0.00008263    -0.00008201    -0.00014151    -0.00014139    -0.00005288    -0.00005286     0.00216545     0.00233254
  1487     0.00018699     0.00018668     0.00009761     0.00009955    -0.00009999    -0.00009907    -0.00017597    -0.00017578    -0.00006625    -0.00006621     0.00186203     0.00181849
  1488     0.00022382     0.00022341     0.00011123     0.00011394    -0.00011515    -0.00011388    -0.00020981    -0.00020955    -0.00007970    -0.00007965     0.00155285     0.00133159
  1489     0.00026034     0.00025984     0.00012173     0.00012529    -0.00012770    -0.00012604    -0.00024293    -0.00024258    -0.00009326    -0.00009318     0.00123851     0.00087285
  1490     0.00029651     0.00029592     0.00012866     0.00013315    -0.00013724    -0.00013516    -0.00027520    -0.00027475    -0.00010692    -0.00010682     0.00091978     0.00044339
  1491     0.00033228     0.00033162     0.00013161     0.00013707    -0.00014344    -0.00014093    -0.00030650    -0.00030594    -0.00012069    -0.00012056     0.00059762     0.00004440
  1492     0.00036762     0.00036689     0.00013021     0.00013666    -0.00014599    -0.00014303    -0.00033674    -0.00033606    -0.00013458    -0.00013441     0.00027322    -0.00032290
  1493     0.00040250     0.00040171     0.00012414     0.00013159    -0.00014463    -0.00014124    -0.00036580    -0.00036500    -0.00014856    -0.00014836    -0.00005206    -0.00065722
  1494     0.00043687     0.00043603     0.00011315     0.00012158    -0.00013917    -0.00013537    -0.00039359    -0.00039267    -0.00016263    -0.00016239    -0.00037665    -0.00095729
  1495     0.00047071     0.00046984     0.00009705     0.00010641    -0.00012948    -0.00012530    -0.00042001    -0.00041896    -0.00017679    -0.00017650    -0.00069880    -0.00122184
  1496     0.00050399     0.00050309     0.00007573     0.00008594    -0.00011551    -0.00011098    -0.00044497    -0.00044379    -0.00019099    -0.00019065    -0.00101659    -0.00144964
  1497     0.00053668     0.00053577     0.00004914     0.00006012    -0.00009730    -0.00009248    -0.00046840    -0.00046709    -0.00020522    -0.00020483    -0.00132794    -0.00163950
  1498     0.00056877     0.00056785     0.00001734     0.00002900    -0.00007496    -0.00006990    -0.00049021    -0.00048877    -0.00021943    -0.00021899    -0.00163064    -0.00179029
  1499     0.00060023     0.00059932    -0.00001953    -0.00000729    -0.00004870    -0.00004346    -0.00051034    -0.00050877    -0.00023360    -0.00023310    -0.00192237    -0.00190095
  1500     0.00063105     0.00063016    -0.00006122    -0.00004853    -0.00001885    -0.00001348    -0.00052873    -0.00052704    -0.00024767    -0.00024711    -0.00220070    -0.00197052
  1501     0.00066122     0.00066037    -0.00010743    -0.00009440     0.00001423     0.00001965    -0.00054533    -0.00054353    -0.00026159    -0.00026097    -0.00246311    -0.00199817
  1502     0.00069074     0.00068993    -0.00015775    -0.00014448     0.00005003     0.00005547    -0.00056009    -0.00055818    -0.00027530    -0.00027461    -0.00270703    -0.00198322
  1503     0.00071959     0.00071885    -0.00021170    -0.00019831     0.00008803     0.00009343    -0.00057298    -0.00057098    -0.00028875    -0.00028799    -0.00292975    -0.00192521
  1504     0.00074779     0.00074712    -0.00026875    -0.00025533     0.00012761     0.00013294    -0.00058399    -0.00058189    -0.00030185    -0.00030102    -0.00312840    -0.00182402
  1505     0.00077533     0.00077475    -0.00032833    -0.00031495     0.00016813     0.00017335    -0.00059309    -0.00059091    -0.00031454    -0.00031364    -0.00329979    -0.00168004
  1506     0.00080222     0.00080174    -0.00038982    -0.00037655     0.00020891     0.00021400    -0.00060028    -0.00059803    -0.00032674    -0.00032577    -0.00344014    -0.00149447
  1507     0.00082848     0.00082811    -0.00045262    -0.00043952     0.00024930     0.00025425    -0.00060557    -0.00060325    -0.00033836    -0.00033733    -0.00354464    -0.00126981
  1508     0.00085411     0.00085387    -0.00051612    -0.00050324     0.00028863     0.00029344    -0.00060897    -0.00060660    -0.00034933    -0.00034823    -0.00360674    -0.00101061
  1509     0.00087914     0.00087904    -0.00057974    -0.00056711     0.00032629     0.00033095    -0.00061051    -0.00060810    -0.00035956    -0.00035839    -0.00361729    -0.00072435
  1510     0.00090360     0.00090364    -0.00064296    -0.00063059     0.00036170     0.00036624    -0.00061023    -0.00060780    -0.00036896    -0.00036772    -0.00356370    -0.00042232
  1511     0.00092749     0.00092769    -0.00070528    -0.00069319     0.00039436     0.00039878    -0.00060818    -0.00060573    -0.00037744    -0.00037613    -0.00343018    -0.00011935
  1512     0.00095086     0.00095123    -0.00076627    -0.00075447     0.00042384     0.00042815    -0.00060441    -0.00060195    -0.00038490    -0.00038353    -0.00320043     0.00016875
  1513     0.00097373     0.00097428    -0.00082558    -0.00081408     0.00044976     0.00045398    -0.00059899    -0.00059653    -0.00039128    -0.00038985    -0.00286343     0.00043108
  1514     0.00099614     0.00099688    -0.00088291    -0.00087170     0.00047185     0.00047599    -0.00059199    -0.00058955    -0.00039646    -0.00039498    -0.00242016     0.00066827
  1515     0.00101812     0.00101905    -0.00093802    -0.00092713     0.00048990     0.00049397    -0.00058351    -0.00058109    -0.00040039    -0.00039885    -0.00188566     0.00089460
  1516     0.00103972     0.00104085    -0.00099075    -0.00098018     0.00050378     0.00050777    -0.00057363    -0.00057125    -0.00040297    -0.00040139    -0.00128383     0.00113274
  1517     0.00106096     0.00106230    -0.00104099    -0.00103076     0.00051343     0.00051735    -0.00056245    -0.00056011    -0.00040414    -0.00040251    -0.00063893     0.00140528
  1518     0.00108190     0.00108345    -0.00108869    -0.00107881     0.00051885     0.00052269    -0.00055009    -0.00054780    -0.00040382    -0.00040216     0.00003028     0.00172887
  1519     0.00110258     0.00110433    -0.00113384    -0.00112432     0.00052011     0.00052386    -0.00053664    -0.00053442    -0.00040197    -0.00040028     0.00071175     0.00211300
  1520     0.00112303     0.00112500    -0.00117646    -0.00116733     0.00051732     0.00052096    -0.00052224    -0.00052008    -0.00039853    -0.00039682     0.00139875     0.00256145
  1521     0.00114331     0.00114549    -0.00121663    -0.00120790     0.00051064     0.00051415    -0.00050700    -0.00050491    -0.00039346    -0.00039173     0.00208782     0.00307430
  1522     0.00116346     0.00116585    -0.00125444    -0.00124613     0.00050027     0.00050363    -0.00049104    -0.00048903    -0.00038673    -0.00038499     0.00277720     0.00364952
  1523     0.00118352     0.00118612    -0.00129000    -0.00128213     0.00048644     0.00048963    -0.00047448    -0.00047256    -0.00037833    -0.00037659     0.00346586     0.00428402
  1524     0.00120353     0.00120633    -0.00132345    -0.00131602     0.00046941     0.00047241    -0.00045746    -0.00045563    -0.00036826    -0.00036652     0.00415295     0.00497418
  1525     0.00122353     0.00122653    -0.00135491    -0.00134794     0.00044946     0.00045225    -0.00044009    -0.00043836    -0.00035653    -0.00035480     0.00483751     0.00571611
  1526     0.00124357     0.00124676    -0.00138455    -0.00137803     0.00042688     0.00042944    -0.00042250    -0.00042087    -0.00034316    -0.00034145     0.00551845     0.00650583
  1527     0.00126367     0.00126704    -0.00141251    -0.00140643     0.00040199     0.00040431    -0.00040480    -0.00040326    -0.00032821    -0.00032653     0.00619446     0.00733928
  1528     0.00128386     0.00128739    -0.00143893    -0.00143327     0.00037511     0.00037717    -0.00038710    -0.00038567    -0.00031173    -0.00031008     0.00686404     0.00821233
  1529     0.00130415     0.00130785    -0.00146395    -0.00145869     0.00034657     0.00034837    -0.00036950    -0.00036817    -0.00029380    -0.00029219     0.00752555     0.00912082
  1530     0.00132457     0.00132842    -0.00148769    -0.00148281     0.00031670     0.00031824    -0.00035210    -0.00035088    -0.00027452    -0.00027297     0.00817721     0.01006051
  1531     0.00134510     0.00134910    -0.00151028    -0.00150571     0.00028583     0.00028711    -0.00033499    -0.00033387    -0.00025401    -0.00025252     0.00881719     0.01102711
  1532     0.00136573     0.00136986    -0.00153179    -0.00152749     0.00025431     0.00025534    -0.00031824    -0.00031723    -0.00023241    -0.00023098     0.00944357     0.01201625
  1533     0.00138641     0.00139068    -0.00155230    -0.00154820     0.00022246     0.00022324    -0.00030192    -0.00030101    -0.00020987    -0.00020851     0.01005442     0.01302350
  1534     0.00140707     0.00141147    -0.00157182    -0.00156785     0.00019061     0.00019117    -0.00028608    -0.00028526    -0.00018657    -0.00018528     0.01064782     0.01404438
  1535     0.00142760     0.00143214    -0.00159035    -0.00158642     0.00015909     0.00015943    -0.00027075    -0.00027003    -0.00016270    -0.00016150     0.01122185     0.01507435
  1536     0.00144782     0.00145254    -0.00160780    -0.00160383     0.00012820     0.00012835    -0.00025597    -0.00025534    -0.00013848    -0.00013736     0.01177465     0.01610880
  1537     0.00146751     0.00147242    -0.00162402    -0.00161991     0.00009826     0.00009824    -0.00024174    -0.00024120    -0.00011413    -0.00011310     0.01230442     0.01714312
  1538     0.00148633     0.00149148    -0.00163875    -0.00163439     0.00006955     0.00006939    -0.00022806    -0.00022759    -0.00008991    -0.00008896     0.01280943     0.01817261
  1539     0.00150380     0.00150925    -0.00165159    -0.00164688     0.00004236     0.00004208    -0.00021490    -0.00021451    -0.00006607    -0.00006522     0.01328806     0.01919260
  1540     0.00151928     0.00152510    -0.00166195    -0.00165677     0.00001697     0.00001659    -0.00020224    -0.00020192    -0.00004290    -0.00004214     0.01373879     0.02019835
  1541     0.00153185     0.00153812    -0.00166896    -0.00166322    -0.00000639    -0.00000682    -0.00019003    -0.00018977    -0.00002069    -0.00002001     0.01416025     0.02118510
  1542     0.00154026     0.00154707    -0.00167143    -0.00166503    -0.00002745    -0.00002793    -0.00017820    -0.00017799     0.00000027     0.00000086     0.01455119     0.02214806
  1543     0.00154281     0.00155022    -0.00166765    -0.00166053    -0.00004600    -0.00004650    -0.00016667    -0.00016652     0.00001967     0.00002017     0.01491056     0.02308236
  1544     0.00153717     0.00154522    -0.00165529    -0.00164744    -0.00006183    -0.00006232    -0.00015537    -0.00015525     0.00003718     0.00003761     0.01523752     0.02398305
  1545     0.00152028     0.00152893    -0.00163126    -0.00162271    -0.00007475    -0.00007522    -0.00014418    -0.00014410     0.00005251     0.00005286     0.01553146     0.02484494
  1546     0.00148818     0.00149731    -0.00159151    -0.00158243    -0.00008459    -0.00008503    -0.00013300    -0.00013296     0.00006531     0.00006560     0.01579212     0.02566251
  1547     0.00143612     0.00144545    -0.00153119    -0.00152185    -0.00009120    -0.00009159    -0.00012172    -0.00012169     0.00007529     0.00007552     0.01601971     0.02642955
  1548     0.00135891     0.00136801    -0.00144495    -0.00143581    -0.00009445    -0.00009478    -0.00011021    -0.00011020     0.00008212     0.00008230     0.01621518     0.02713856
  1549     0.00125188     0.00126019    -0.00132802    -0.00131964    -0.00009423    -0.00009450    -0.00009833    -0.00009833     0.00008551     0.00008564     0.01638077     0.02777933
  1550     0.00111245     0.00111941    -0.00117783    -0.00117079    -0.00009046    -0.00009066    -0.00008596    -0.00008596     0.00008515     0.00008524     0.01652140     0.02833552
  1551     0.00094200     0.00094719    -0.00099591    -0.00099064    -0.00008306    -0.00008320    -0.00007296    -0.00007296     0.00008077     0.00008083     0.01664865     0.02877478
  1552     0.00074691     0.00075022    -0.00078898    -0.00078558    -0.00007200    -0.00007208    -0.00005919    -0.00005919     0.00007211     0.00007214     0.01679538     0.02901149
  1553     0.00053782     0.00053952    -0.00056804    -0.00056626    -0.00005725    -0.00005729    -0.00004451    -0.00004452     0.00005892     0.00005894     0.01710197     0.02868240
  1554     0.00032705     0.00032764    -0.00034568    -0.00034501    -0.00003882    -0.00003883    -0.00002881    -0.00002881     0.00004098     0.00004099     0.01948901     0.02067438
  1555     0.00012546     0.00012552    -0.00013282    -0.00013269    -0.00001674    -0.00001672    -0.00001195    -0.00001194     0.00001809     0.00001809    -0.00217488    -0.00187465
  1556    -0.00005949    -0.00005948     0.00006320     0.00006315     0.00000897     0.00000895     0.00000620     0.00000619    -0.00000991    -0.00000991     0.00733870     0.00906680
  1557    -0.00022382    -0.00022404     0.00023894     0.00023865     0.00003817     0.00003817     0.00002573     0.00002572    -0.00004317    -0.00004317     0.01342381     0.01568275
  1558    -0.00036685    -0.00036744     0.00039375     0.00039306     0.00007079     0.00007083     0.00004675     0.00004675    -0.00008179    -0.00008180     0.01118703     0.01293485
  1559    -0.00048976    -0.00049077     0.00052867     0.00052755     0.00010670     0.00010680     0.00006934     0.00006935    -0.00012586    -0.00012587     0.01039868     0.01192368
  1560    -0.00059459    -0.00059598     0.00064568     0.00064414     0.00014577     0.00014595     0.00009360     0.00009363    -0.00017542    -0.00017543     0.00991393     0.01129170
  1561    -0.00068362    -0.00068534     0.00074701     0.00074509     0.00018783     0.00018811     0.00011959     0.00011964    -0.00023048    -0.00023049     0.00954098     0.01080262
  1562    -0.00075904    -0.00076101     0.00083480     0.00083258     0.00023269     0.00023310     0.00014736     0.00014744    -0.00029102    -0.00029101     0.00922070     0.01038293
  1563    -0.00082281    -0.00082496     0.00091101     0.00090853     0.00028015     0.00028071     0.00017696     0.00017708    -0.00035697    -0.00035694     0.00892913     0.01000268
  1564    -0.00087659    -0.00087885     0.00097729     0.00097461     0.00032999     0.00033072     0.00020843     0.00020859    -0.00042825    -0.00042818     0.00865492     0.00964758
  1565    -0.00092180    -0.00092411     0.00103503     0.00103219     0.00038197     0.00038288     0.00024178     0.00024200    -0.00050472    -0.00050458     0.00839216     0.00931011
  1566    -0.00095957    -0.00096190     0.00108537     0.00108239     0.00043582     0.00043694     0.00027702     0.00027730    -0.00058621    -0.00058599     0.00813757     0.00898602
  1567    -0.00099087    -0.00099318     0.00112923     0.00112616     0.00049126     0.00049261     0.00031414     0.00031449    -0.00067252    -0.00067219     0.00788927     0.00867279
  1568    -0.00101648    -0.00101874     0.00116740     0.00116423     0.00054801     0.00054959     0.00035313     0.00035355    -0.00076342    -0.00076295     0.00764617     0.00836891
  1569    -0.00103703    -0.00103924     0.00120048     0.00119722     0.00060576     0.00060759     0.00039395     0.00039447    -0.00085864    -0.00085799     0.00740763     0.00807342
  1570    -0.00105308    -0.00105523     0.00122899     0.00122565     0.00066418     0.00066627     0.00043658     0.00043719    -0.00095788    -0.00095700     0.00717332     0.00778574
  1571    -0.00106506    -0.00106714     0.00125334     0.00124992     0.00072294     0.00072530     0.00048096     0.00048167    -0.00106081    -0.00105967     0.00694308     0.00750550
  1572    -0.00107336    -0.00107537     0.00127389     0.00127037     0.00078169     0.00078434     0.00052703     0.00052785    -0.00116707    -0.00116562     0.00671684     0.00723247
  1573    -0.00107828    -0.00108024     0.00129091     0.00128729     0.00084010     0.00084303     0.00057474     0.00057567    -0.00127628    -0.00127448     0.00649464     0.00696651
  1574    -0.00108011    -0.00108203     0.00130464     0.00130092     0.00089778     0.00090102     0.00062400     0.00062505    -0.00138803    -0.00138582     0.00627651     0.00670753
  1575    -0.00107909    -0.00108097     0.00131530     0.00131147     0.00095439     0.00095793     0.00067474     0.00067591    -0.00150189    -0.00149923     0.00606255     0.00645547
  1576    -0.00107542    -0.00107729     0.00132304     0.00131909     0.00100954     0.00101340     0.00072687     0.00072817    -0.00161741    -0.00161425     0.00585284     0.00621030
  1577    -0.00106931    -0.00107118     0.00132803     0.00132395     0.00106286     0.00106705     0.00078031     0.00078174    -0.00173412    -0.00173043     0.00564748     0.00597197
  1578    -0.00106091    -0.00106280     0.00133039     0.00132618     0.00111399     0.00111851     0.00083495     0.00083652    -0.00185153    -0.00184727     0.00544654     0.00574046
  1579    -0.00105039    -0.00105232     0.00133023     0.00132590     0.00116254     0.00116741     0.00089072     0.00089242    -0.00196916    -0.00196429     0.00525011     0.00551573
  1580    -0.00103789    -0.00103988     0.00132767     0.00132320     0.00120815     0.00121337     0.00094749     0.00094933    -0.00208648    -0.00208098     0.00505826     0.00529773
  1581    -0.00102356    -0.00102561     0.00132280     0.00131821     0.00125046     0.00125605     0.00100518     0.00100716    -0.00220300    -0.00219685     0.00487105     0.00508641
  1582    -0.00100752    -0.00100966     0.00131571     0.00131100     0.00128910     0.00129508     0.00106368     0.00106580    -0.00231818    -0.00231137     0.00468851     0.00488170
  1583    -0.00098990    -0.00099214     0.00130649     0.00130167     0.00132373     0.00133011     0.00112289     0.00112515    -0.00243150    -0.00242404     0.00451069     0.00468353
  1584    -0.00097082    -0.00097317     0.00129522     0.00129030     0.00135402     0.00136081     0.00118269     0.00118510    -0.00254245    -0.00253434     0.00433759     0.00449180
  1585    -0.00095040    -0.00095287     0.00128198     0.00127698     0.00137964     0.00138686     0.00124299     0.00124554    -0.00265049    -0.00264175     0.00416922     0.00430643
  1586    -0.00092875    -0.00093135     0.00126685     0.00126179     0.00140028     0.00140795     0.00130368     0.00130636    -0.00275512    -0.00274577     0.00400558     0.00412730
  1587    -0.00090599    -0.00090872     0.00124990     0.00124480     0.00141567     0.00142378     0.00136464     0.00136746    -0.00285583    -0.00284590     0.00384663     0.00395430
  1588    -0.00088223    -0.00088509     0.00123123     0.00122611     0.00142552     0.00143410     0.00142577     0.00142873    -0.00295211    -0.00294164     0.00369235     0.00378729
  1589    -0.00085757    -0.00086057     0.00121091     0.00120579     0.00142960     0.00143864     0.00148695     0.00149004    -0.00304349    -0.00303252     0.00354269     0.00362615
  1590    -0.00083213    -0.00083526     0.00118902     0.00118393     0.00142770     0.00143719     0.00154807     0.00155129    -0.00312948    -0.00311806     0.00339758     0.00347072
  1591    -0.00080600    -0.00080926     0.00116564     0.00116060     0.00141963     0.00142955     0.00160900     0.00161235    -0.00320963    -0.00319783     0.00325697     0.00332086
  1592    -0.00077928    -0.00078267     0.00114086     0.00113589     0.00140523     0.00141556     0.00166962     0.00167309    -0.00328350    -0.00327137     0.00312078     0.00317641
  1593    -0.00075209    -0.00075559     0.00111475     0.00110989     0.00138439     0.00139509     0.00172979     0.00173336    -0.00335067    -0.00333827     0.00298892     0.00303720
  1594    -0.00072452    -0.00072811     0.00108742     0.00108267     0.00135702     0.00136804     0.00178935     0.00179303    -0.00341074    -0.00339815     0.00286129     0.00290307
  1595    -0.00069665    -0.00070033     0.00105893     0.00105433     0.00132310     0.00133438     0.00184815     0.00185191    -0.00346333    -0.00345062     0.00273780     0.00277384
  1596    -0.00066859    -0.00067234     0.00102939     0.00102495     0.00128263     0.00129410     0.00190600     0.00190983    -0.00350810    -0.00349533     0.00261833     0.00264934
  1597    -0.00064043    -0.00064423     0.00099888     0.00099462     0.00123569     0.00124726     0.00196269     0.00196656    -0.00354472    -0.00353197     0.00250277     0.00252938
  1598    -0.00061224    -0.00061608     0.00096748     0.00096342     0.00118239     0.00119398     0.00201798     0.00202188    -0.00357289    -0.00356023     0.00239100     0.00241379
  1599    -0.00058412    -0.00058798     0.00093530     0.00093144     0.00112293     0.00113445     0.00207160     0.00207549    -0.00359234    -0.00357985     0.00228288     0.00230238
  1600    -0.00055614    -0.00056000     0.00090242     0.00089877     0.00105759     0.00106892     0.00212324     0.00212708    -0.00360284    -0.00359057     0.00217829     0.00219496
  1601    -0.00052837    -0.00053221     0.00086893     0.00086550     0.00098670     0.00099774     0.00217251     0.00217627    -0.00360417    -0.00359220     0.00207710     0.00209134
  1602    -0.00050090    -0.00050470     0.00083492     0.00083172     0.00091070     0.00092136     0.00221898     0.00222262    -0.00359617    -0.00358455     0.00197915     0.00199134
  1603    -0.00047378    -0.00047751     0.00080048     0.00079750     0.00083014     0.00084032     0.00226215     0.00226562    -0.00357867    -0.00356746     0.00188431     0.00189477
  1604    -0.00044708    -0.00045073     0.00076570     0.00076295     0.00074567     0.00075528     0.00230143     0.00230469    -0.00355157    -0.00354083     0.00179243     0.00180145
  1605    -0.00042085    -0.00042440     0.00073067     0.00072814     0.00065806     0.00066701     0.00233614     0.00233914    -0.00351479    -0.00350456     0.00170336     0.00171117
  1606    -0.00039515    -0.00039859     0.00069547     0.00069316     0.00056821     0.00057644     0.00236549     0.00236820    -0.00346828    -0.00345860     0.00161695     0.00162377
  1607    -0.00037003    -0.00037333     0.00066020     0.00065809     0.00047713     0.00048459     0.00238860     0.00239100    -0.00341203    -0.00340293     0.00153306     0.00153905
  1608    -0.00034553    -0.00034868     0.00062493     0.00062302     0.00038598     0.00039263     0.00240450     0.00240656    -0.00334606    -0.00333757     0.00145151     0.00145683
  1609    -0.00032169    -0.00032467     0.00058974     0.00058802     0.00029601     0.00030184     0.00241211     0.00241382    -0.00327041    -0.00326255     0.00137217     0.00137693
  1610    -0.00029854    -0.00030134     0.00055472     0.00055318     0.00020860     0.00021359     0.00241028     0.00241165    -0.00318518    -0.00317796     0.00129488     0.00129917
  1611    -0.00027612    -0.00027873     0.00051995     0.00051858     0.00012514     0.00012934     0.00239783     0.00239889    -0.00309048    -0.00308390     0.00121947     0.00122338
  1612    -0.00025443    -0.00025685     0.00048549     0.00048428     0.00004708     0.00005052     0.00237360     0.00237437    -0.00298646    -0.00298052     0.00114581     0.00114939
  1613    -0.00023352    -0.00023573     0.00045143     0.00045036    -0.00002419    -0.00002145     0.00233648     0.00233702    -0.00287330    -0.00286799     0.00107373     0.00107702
  1614    -0.00021338    -0.00021539     0.00041783     0.00041689    -0.00008741    -0.00008528     0.00228550     0.00228585    -0.00275121    -0.00274651     0.00100309     0.00100612
  1615    -0.00019403    -0.00019584     0.00038475     0.00038394    -0.00014148    -0.00013989     0.00221990     0.00222013    -0.00262043    -0.00261632     0.00093373     0.00093652
  1616    -0.00017547    -0.00017708     0.00035227     0.00035157    -0.00018556    -0.00018442     0.00213920     0.00213937    -0.00248123    -0.00247768     0.00086551     0.00086807
  1617    -0.00015772    -0.00015912     0.00032044     0.00031984    -0.00021915    -0.00021836     0.00204326     0.00204341    -0.00233391    -0.00233088     0.00079828     0.00080061
  1618    -0.00014076    -0.00014197     0.00028932     0.00028881    -0.00024207    -0.00024155     0.00193230     0.00193248    -0.00217878    -0.00217624     0.00073190     0.00073400
  1619    -0.00012459    -0.00012561     0.00025896     0.00025854    -0.00025452    -0.00025420     0.00180693     0.00180716    -0.00201620    -0.00201411     0.00066624     0.00066811
  1620    -0.00010919    -0.00011005     0.00022942     0.00022907    -0.00025706    -0.00025687     0.00166811     0.00166839    -0.00184653    -0.00184485     0.00060115     0.00060278
  1621    -0.00009457    -0.00009526     0.00020074     0.00020046    -0.00025050    -0.00025040     0.00151711     0.00151743    -0.00167018    -0.00166886     0.00053651     0.00053791
  1622    -0.00008070    -0.00008124     0.00017296     0.00017274    -0.00023592    -0.00023587     0.00135541     0.00135575    -0.00148754    -0.00148654     0.00047220     0.00047336
  1623    -0.00006757    -0.00006797     0.00014612     0.00014596    -0.00021454    -0.00021451     0.00118468     0.00118500    -0.00129906    -0.00129833     0.00040809     0.00040901
  1624    -0.00005514    -0.00005544     0.00012026     0.00012014    -0.00018763    -0.00018762     0.00100662     0.00100690    -0.00110520    -0.00110468     0.00034407     0.00034477
  1625    -0.00004342    -0.00004361     0.00009542     0.00009534    -0.00015648    -0.00015647     0.00082295     0.00082317    -0.00090640    -0.00090606     0.00028003     0.00028052
  1626    -0.00003236    -0.00003248     0.00007161     0.00007156    -0.00012232    -0.00012231     0.00063531     0.00063546    -0.00070316    -0.00070296     0.00021587     0.00021619
  1627    -0.00002194    -0.00002200     0.00004885     0.00004883    -0.00008625    -0.00008624     0.00044526     0.00044534    -0.00049597    -0.00049587     0.00015150     0.00015167
  1628    -0.00001214    -0.00001217     0.00002719     0.00002718    -0.00004928    -0.00004927     0.00025418     0.00025421    -0.00028533    -0.00028529     0.00008683     0.00008689
  1629    -0.00000294    -0.00000294     0.00000661     0.00000661    -0.00001224    -0.00001223     0.00006335     0.00006336    -0.00007176    -0.00007174     0.00002178     0.00002179
  1630     0.00000570     0.00000571    -0.00001285    -0.00001285     0.00002417     0.00002416    -0.00012610    -0.00012612     0.00014425     0.00014422    -0.00004370    -0.00004373
  1631     0.00001379     0.00001382    -0.00003122    -0.00003120     0.00005936     0.00005935    -0.00031320    -0.00031326     0.00036215     0.00036210    -0.00010963    -0.00010975
  1632     0.00002135     0.00002142    -0.00004847    -0.00004843     0.00009290     0.00009290    -0.00049710    -0.00049724     0.00058143     0.00058133    -0.00017603    -0.00017633
  1633     0.00002841     0.00002854    -0.00006462    -0.00006454     0.00012447     0.00012446    -0.00067708    -0.00067734     0.00080156     0.00080139    -0.00024295    -0.00024353
  1634     0.00003501     0.00003521    -0.00007967    -0.00007954     0.00015382     0.00015382    -0.00085253    -0.00085295     0.00102200     0.00102175    -0.00031041    -0.00031138
  1635     0.00004116     0.00004145    -0.00009363    -0.00009343     0.00018080     0.00018080    -0.00102294    -0.00102356     0.00124222     0.00124188    -0.00037841    -0.00037991
  1636     0.00004689     0.00004729    -0.00010651    -0.00010622     0.00020532     0.00020533    -0.00118787    -0.00118872     0.00146170     0.00146127    -0.00044697    -0.00044913
  1637     0.00005224     0.00005276    -0.00011832    -0.00011793     0.00022734     0.00022735    -0.00134695    -0.00134807     0.00167990     0.00167938    -0.00051608    -0.00051905
  1638     0.00005722     0.00005786    -0.00012909    -0.00012858     0.00024687     0.00024689    -0.00149988    -0.00150130     0.00189632     0.00189571    -0.00058571    -0.00058967
  1639     0.00006186     0.00006264    -0.00013883    -0.00013820     0.00026394     0.00026399    -0.00164639    -0.00164815     0.00211045     0.00210977    -0.00065586    -0.00066097
  1640     0.00006618     0.00006710    -0.00014757    -0.00014680     0.00027863     0.00027870    -0.00178629    -0.00178841     0.00232180     0.00232105    -0.00072648    -0.00073294
  1641     0.00007020     0.00007127    -0.00015534    -0.00015441     0.00029101     0.00029112    -0.00191938    -0.00192189     0.00252988     0.00252909    -0.00079752    -0.00080554
  1642     0.00007393     0.00007516    -0.00016216    -0.00016108     0.00030120     0.00030134    -0.00204554    -0.00204846     0.00273423     0.00273342    -0.00086894    -0.00087872
  1643     0.00007741     0.00007878    -0.00016806    -0.00016682     0.00030929     0.00030948    -0.00216465    -0.00216801     0.00293440     0.00293359    -0.00094067    -0.00095243
  1644     0.00008063     0.00008216    -0.00017309    -0.00017168     0.00031541     0.00031566    -0.00227662    -0.00228044     0.00312996     0.00312917    -0.00101265    -0.00102660
  1645     0.00008362     0.00008530    -0.00017727    -0.00017570     0.00031969     0.00032000    -0.00238142    -0.00238570     0.00332049     0.00331975    -0.00108479    -0.00110116
  1646     0.00008638     0.00008820    -0.00018063    -0.00017890     0.00032224     0.00032262    -0.00247899    -0.00248376     0.00350559     0.00350494    -0.00115702    -0.00117601
  1647     0.00008893     0.00009089    -0.00018323    -0.00018134     0.00032320     0.00032366    -0.00256933    -0.00257460     0.00368488     0.00368435    -0.00122926    -0.00125104
  1648     0.00009127     0.00009336    -0.00018509    -0.00018305     0.00032269     0.00032323    -0.00265245    -0.00265822     0.00385802     0.00385764    -0.00130142    -0.00132614
  1649     0.00009340     0.00009563    -0.00018625    -0.00018408     0.00032083     0.00032147    -0.00272838    -0.00273466     0.00402467     0.00402447    -0.00137341    -0.00140116
  1650     0.00009535     0.00009769    -0.00018676    -0.00018446     0.00031776     0.00031849    -0.00279717    -0.00280395     0.00418452     0.00418453    -0.00144515    -0.00147595
  1651     0.00009709     0.00009954    -0.00018665    -0.00018423     0.00031357     0.00031440    -0.00285887    -0.00286616     0.00433727     0.00433754    -0.00151657    -0.00155033
  1652     0.00009865     0.00010119    -0.00018597    -0.00018345     0.00030840     0.00030933    -0.00291358    -0.00292136     0.00448268     0.00448323    -0.00158757    -0.00162410
  1653     0.00010001     0.00010264    -0.00018475    -0.00018214     0.00030235     0.00030338    -0.00296139    -0.00296966     0.00462049     0.00462136    -0.00165808    -0.00169708
  1654     0.00010118     0.00010388    -0.00018304    -0.00018035     0.00029553     0.00029665    -0.00300242    -0.00301115     0.00475049     0.00475171    -0.00172799    -0.00176906
  1655     0.00010216     0.00010492    -0.00018086    -0.00017811     0.00028803     0.00028925    -0.00303679    -0.00304597     0.00487247     0.00487408    -0.00179720    -0.00183983
  1656     0.00010295     0.00010575    -0.00017826    -0.00017547     0.00027995     0.00028127    -0.00306465    -0.00307426     0.00498628     0.00498830    -0.00186557    -0.00190920
  1657     0.00010353     0.00010637    -0.00017528    -0.00017246     0.00027139     0.00027279    -0.00308614    -0.00309616     0.00509174     0.00509421    -0.00193294    -0.00197700
  1658     0.00010391     0.00010677    -0.00017195    -0.00016911     0.00026242     0.00026390    -0.00310144    -0.00311184     0.00518874     0.00519167    -0.00199911    -0.00204305
  1659     0.00010409     0.00010696    -0.00016830    -0.00016546     0.00025312     0.00025468    -0.00311071    -0.00312147     0.00527715     0.00528058    -0.00206388    -0.00210720
  1660     0.00010406     0.00010693    -0.00016437    -0.00016154     0.00024356     0.00024520    -0.00311416    -0.00312523     0.00535687     0.00536082    -0.00212702    -0.00216929
  1661     0.00010382     0.00010667    -0.00016019    -0.00015738     0.00023383     0.00023552    -0.00311196    -0.00312332     0.00542783     0.00543232    -0.00218829    -0.00222915
  1662     0.00010336     0.00010619    -0.00015578    -0.00015301     0.00022396     0.00022572    -0.00310432    -0.00311593     0.00548995     0.00549500    -0.00224744    -0.00228662
  1663     0.00010269     0.00010547    -0.00015117    -0.00014845     0.00021404     0.00021584    -0.00309145    -0.00310327     0.00554318     0.00554879    -0.00230421    -0.00234151
  1664     0.00010180     0.00010453    -0.00014640    -0.00014374     0.00020409     0.00020593    -0.00307356    -0.00308556     0.00558745     0.00559365    -0.00235835    -0.00239361
  1665     0.00010069     0.00010336    -0.00014147    -0.00013889     0.00019418     0.00019605    -0.00305086    -0.00306299     0.00562272     0.00562950    -0.00240959    -0.00244272
  1666     0.00009936     0.00010196    -0.00013643    -0.00013393     0.00018435     0.00018624    -0.00302357    -0.00303579     0.00564893     0.00565630    -0.00245764    -0.00248859
  1667     0.00009781     0.00010034    -0.00013129    -0.00012888     0.00017462     0.00017653    -0.00299190    -0.00300418     0.00566603     0.00567399    -0.00250222    -0.00253096
  1668     0.00009605     0.00009849    -0.00012607    -0.00012375     0.00016505     0.00016696    -0.00295608    -0.00296836     0.00567395     0.00568248    -0.00254301    -0.00256954
  1669     0.00009407     0.00009641    -0.00012079    -0.00011857     0.00015564     0.00015755    -0.00291630    -0.00292856     0.00567260     0.00568170    -0.00257968    -0.00260403
  1670     0.00009188     0.00009413    -0.00011546    -0.00011335     0.00014644     0.00014834    -0.00287278    -0.00288497     0.00566187     0.00567152    -0.00261188    -0.00263407
  1671     0.00008950     0.00009164    -0.00011012    -0.00010812     0.00013747     0.00013935    -0.00282572    -0.00283781     0.00564163     0.00565181    -0.00263923    -0.00265931
  1672     0.00008692     0.00008895    -0.00010476    -0.00010287     0.00012873     0.00013059    -0.00277532    -0.00278727     0.00561170     0.00562239    -0.00266129    -0.00267933
  1673     0.00008415     0.00008607    -0.00009941    -0.00009764     0.00012025     0.00012209    -0.00272175    -0.00273352     0.00557187     0.00558302    -0.00267761    -0.00269367
  1674     0.00008121     0.00008301    -0.00009408    -0.00009243     0.00011205     0.00011384    -0.00266518    -0.00267675     0.00552187     0.00553344    -0.00268769    -0.00270184
  1675     0.00007811     0.00007979    -0.00008879    -0.00008725     0.00010412     0.00010588    -0.00260578    -0.00261710     0.00546138     0.00547332    -0.00269097    -0.00270329
  1676     0.00007485     0.00007641    -0.00008355    -0.00008212     0.00009649     0.00009820    -0.00254367    -0.00255473     0.00539000     0.00540225    -0.00268685    -0.00269743
  1677     0.00007147     0.00007291    -0.00007837    -0.00007706     0.00008915     0.00009081    -0.00247899    -0.00248976     0.00530729     0.00531978    -0.00267466    -0.00268360
  1678     0.00006796     0.00006928    -0.00007327    -0.00007206     0.00008211     0.00008372    -0.00241183    -0.00242228     0.00521273     0.00522538    -0.00265371    -0.00266110
  1679     0.00006435     0.00006555    -0.00006825    -0.00006715     0.00007537     0.00007692    -0.00234228    -0.00235238     0.00510572     0.00511845    -0.00262325    -0.00262920
  1680     0.00006066     0.00006175    -0.00006333    -0.00006233     0.00006894     0.00007043    -0.00227037    -0.00228012     0.00498564     0.00499835    -0.00258250    -0.00258713
  1681     0.00005690     0.00005788    -0.00005852    -0.00005762     0.00006282     0.00006424    -0.00219614    -0.00220551     0.00485183     0.00486441    -0.00253070    -0.00253411
  1682     0.00005310     0.00005397    -0.00005383    -0.00005303     0.00005700     0.00005835    -0.00211957    -0.00212854     0.00470362     0.00471596    -0.00246709    -0.00246942
  1683     0.00004928     0.00005005    -0.00004927    -0.00004856     0.00005149     0.00005277    -0.00204062    -0.00204919     0.00454039     0.00455237    -0.00239102    -0.00239238
  1684     0.00004545     0.00004612    -0.00004486    -0.00004423     0.00004628     0.00004748    -0.00195920    -0.00196736     0.00436163     0.00437311    -0.00230196    -0.00230249
  1685     0.00004165     0.00004223    -0.00004060    -0.00004004     0.00004137     0.00004248    -0.00187520    -0.00188293     0.00416699     0.00417785    -0.00219962    -0.00219944
  1686     0.00003789     0.00003838    -0.00003650    -0.00003602     0.00003676     0.00003778    -0.00178845    -0.00179574     0.00395639     0.00396649    -0.00208399    -0.00208323
  1687     0.00003419     0.00003460    -0.00003258    -0.00003216     0.00003245     0.00003336    -0.00169873    -0.00170558     0.00373009     0.00373930    -0.00195549    -0.00195427
  1688     0.00003058     0.00003092    -0.00002884    -0.00002848     0.00002843     0.00002923    -0.00160579    -0.00161218     0.00348877     0.00349696    -0.00181499    -0.00181341
  1689     0.00002708     0.00002735    -0.00002529    -0.00002499     0.00002470     0.00002537    -0.00150931    -0.00151525     0.00323360     0.00324066    -0.00166390    -0.00166205
  1690     0.00002371     0.00002393    -0.00002194    -0.00002169     0.00002124     0.00002180    -0.00140895    -0.00141443     0.00296626     0.00297209    -0.00150420    -0.00150218
  1691     0.00002050     0.00002066    -0.00001880    -0.00001860     0.00001807     0.00001851    -0.00130434    -0.00130933     0.00268893     0.00269348    -0.00133841    -0.00133630
  1692     0.00001745     0.00001757    -0.00001589    -0.00001572     0.00001516     0.00001550    -0.00119507    -0.00119958     0.00240423     0.00240749    -0.00116953    -0.00116738
  1693     0.00001460     0.00001468    -0.00001319    -0.00001306     0.00001252     0.00001276    -0.00108079    -0.00108480     0.00211515     0.00211719    -0.00100087    -0.00099874
  1694     0.00001196     0.00001200    -0.00001074    -0.00001063     0.00001013     0.00001030    -0.00096125    -0.00096475     0.00182495     0.00182592    -0.00083594    -0.00083388
  1695     0.00000955     0.00000957    -0.00000852    -0.00000843     0.00000800     0.00000811    -0.00083644    -0.00083941     0.00153711     0.00153725    -0.00067826    -0.00067631
  1696     0.00000738     0.00000738    -0.00000655    -0.00000648     0.00000612     0.00000619    -0.00070677    -0.00070920     0.00125544     0.00125503    -0.00053118    -0.00052936
  1697     0.00000547     0.00000545    -0.00000483    -0.00000477     0.00000450     0.00000453    -0.00057348    -0.00057536     0.00098423     0.00098356    -0.00039772    -0.00039609
  1698     0.00000383     0.00000380    -0.00000336    -0.00000332     0.00000312     0.00000314    -0.00043913    -0.00044047     0.00072876     0.00072808    -0.00028053    -0.00027912
  1699     0.00000247     0.00000243    -0.00000216    -0.00000213     0.00000200     0.00000200    -0.00030832    -0.00030916     0.00049589     0.00049537    -0.00018182    -0.00018065
  1700     0.00000141     0.00000136    -0.00000122    -0.00000120     0.00000113     0.00000112    -0.00018836    -0.00018879     0.00029478     0.00029449    -0.00010331    -0.00010241
  1701     0.00000064     0.00000059    -0.00000055    -0.00000053     0.00000050     0.00000049    -0.00008946    -0.00008961     0.00013702     0.00013691    -0.00004631    -0.00004570
  1702     0.00000018     0.00000013    -0.00000014    -0.00000013     0.00000013     0.00000012    -0.00002336    -0.00002338     0.00003528     0.00003527    -0.00001170    -0.00001139
  1703     0.00000000    -0.00000000    -0.00000000    -0.00000000    -0.00000000     0.00000000    -0.00000001     0.00000001     0.00000000    -0.00000000     0.00000000    -0.00000000
  1704     0.04405754     0.04413036    -0.00012642    -0.00012801    -0.00433573    -0.00433218    -0.76199658    -0.76263250     0.56608445     0.56540741     0.20988474     0.20985595
  1705     0.08799789     0.08828866    -0.00028122    -0.00028760    -0.00863016    -0.00861596    -1.47222246    -1.47448810     1.08087820     1.07844788     0.42056544     0.42045066
  1706     0.13177560     0.13242748    -0.00049303    -0.00050741    -0.01284275    -0.01281083    -2.09606949    -2.10033960     1.50868200     1.50404050     0.63271706     0.63246080
  1707     0.17534637     0.17649938    -0.00079046    -0.00081608    -0.01693300    -0.01687637    -2.62090022    -2.62698212     1.83597635     1.82923126     0.84685336     0.84640386
  1708     0.21866747     0.22045725    -0.00120201    -0.00124217    -0.02086057    -0.02077230    -3.05095232    -3.05834481     2.06660473     2.05816817     1.06325367     1.06256582
  1709     0.26169792     0.26425455    -0.00175613    -0.00181415    -0.02458527    -0.02445855    -3.39899256    -3.40712173     2.21346484     2.20381437     1.28190110     1.28094039
  1710     0.30439877     0.30784566    -0.00248112    -0.00256040    -0.02806713    -0.02789522    -3.67993327    -3.68828053     2.29206019     2.28160483     1.50243901     1.50118635
  1711     0.34673332     0.35118612    -0.00340516    -0.00350916    -0.03126642    -0.03104275    -3.90750365    -3.91564272     2.31710548     2.30612439     1.72415373     1.72261011
  1712     0.38866736     0.39423292    -0.00455625    -0.00468850    -0.03414373    -0.03386185    -4.09310277    -4.10065058     2.29002928     2.30119280     1.94599073     1.94417916
  1713     0.43016928     0.43694477    -0.00596218    -0.00612627    -0.03666004    -0.03631366    -4.25264279    -4.24536765     2.24357939     2.25500008     2.16660723     2.16456981
  1714     0.47121031     0.47928228    -0.00765053    -0.00785008    -0.03877678    -0.03835976    -4.37791958    -4.37180015     2.17542490     2.18702735     2.38445695     2.38224948
  1715     0.51176456     0.52120825    -0.00964854    -0.00988726    -0.04045590    -0.03996227    -4.48220691    -4.47717312     2.09252962     2.10432469     2.59789783     2.59558607
  1716     0.55180918     0.56268778    -0.01198316    -0.01226478    -0.04165998    -0.04108396    -4.56941811    -4.56555601     2.00058969     2.01261925     2.80531139     2.80296830
  1717     0.59132440     0.60368849    -0.01468094    -0.01500920    -0.04235234    -0.04168831    -4.64260630    -4.63999506     1.90421700     1.91653309     3.00521845     3.00291997
  1718     0.63029355     0.64418065    -0.01776798    -0.01814662    -0.04249712    -0.04173965    -4.70412614    -4.70283371     1.80708388     1.81972997     3.19637464     3.19419409
  1719     0.66870310     0.68413727    -0.02126989    -0.02170260    -0.04205945    -0.04120330    -4.75580990    -4.75589491     1.71204054     1.72502729     3.37783434     3.37583704
  1720     0.70654260     0.72353420    -0.02521167    -0.02570209    -0.04100555    -0.04004565    -4.79909923    -4.80061297     1.62123463     1.63448170     3.54897890     3.54721839
  1721     0.74380464     0.76235019    -0.02961770    -0.03016932    -0.03930291    -0.03823437    -4.83514207    -4.83812999     1.53635280     1.54934835     3.70951185     3.70802802
  1722     0.78048476     0.80056690    -0.03451163    -0.03512774    -0.03692043    -0.03573854    -4.86486408    -4.86936670     1.47559846     1.45330528     3.85942799     3.85824728
  1723     0.81658136     0.83816894    -0.03991635    -0.04059983    -0.03382860    -0.03252883    -4.88902131    -4.89507484     1.40152522     1.38481927     3.99896587     3.99810292
  1724     0.85209551     0.87514379    -0.04585408    -0.04660684    -0.02999971    -0.02857767    -4.90823938    -4.91587607     1.33750110     1.32086992     4.12855251     4.12801290
  1725     0.88703083     0.91148179    -0.05234842    -0.05316657    -0.02540801    -0.02385947    -4.92304287    -4.93229113     1.28084996     1.26397807     4.24874803     4.24853152
  1726     0.92139330     0.94717607    -0.06032681    -0.05939064    -0.02002995    -0.01835082    -4.93387732    -4.94476175     1.23117962     1.21402390     4.36019532     4.36029909
  1727     0.95519105     0.98222240    -0.06805019    -0.06705465    -0.01384437    -0.01203068    -4.94112599    -4.95366735     1.18808360     1.17066546     4.46357755     4.46399917
  1728     0.98843411     1.01661912    -0.07639212    -0.07531884    -0.00683275    -0.00488066    -4.94512262    -4.95933767     1.15110484     1.13346992     4.55958464     4.56032461
  1729     1.02113421     1.05036698    -0.08536030    -0.08420629     0.00102057     0.00311483    -4.94616111    -4.96206248     1.11975833     1.10196301     4.64888835     4.64995209
  1730     1.05330452     1.08346897    -0.09496768    -0.09373169     0.00972813     0.01196827    -4.94450303    -4.96209904     1.09355363     1.07565886     4.73212509     4.73352435
  1731     1.08495936     1.11593017    -0.10522589    -0.10390757     0.01929913     0.02168881    -4.94038329    -4.95967777     1.07201164     1.05407959     4.80988509     4.81163884
  1732     1.11611396     1.14775752    -0.11614479    -0.11474457     0.02973920     0.03228206    -4.93401455    -4.95500663     1.05467590     1.03676792     4.88270647     4.88484141
  1733     1.14678417     1.17895966    -0.12773235    -0.12625142     0.04105009     0.04374981    -4.92559053    -4.94827449     1.04111941     1.02329477     4.95107316     4.95362377
  1734     1.17698618     1.20954669    -0.13999448    -0.13843479     0.05322949     0.05608979    -4.91528853    -4.93965362     1.03094817     1.01326327     5.01541538     5.01842373
  1735     1.20673626     1.23952995    -0.15293493    -0.15129927     0.06627075     0.06929547    -4.90327132    -4.92930161     1.02380238     1.00631025     5.07611201     5.07962729
  1736     1.23605046     1.26892179    -0.16655525    -0.16484725     0.08016266     0.08335574    -4.88968846    -4.91736274     1.01935603     1.00210610     5.13349403     5.13757196
  1737     1.26494436     1.29773534    -0.18085469    -0.17907883     0.09488919     0.09825479    -4.87467733    -4.90396899     1.01731550     1.00035346     5.18784873     5.19255079
  1738     1.29343282     1.32598428    -0.19583014    -0.19399180     0.11042927     0.11397177    -4.85836371    -4.88924072     1.01741751     1.00078532     5.23942416     5.24481676
  1739     1.32152968     1.35368260    -0.21147609    -0.20958154     0.12675661     0.13048067    -4.84086222    -4.87328712     1.01942682     1.00316272     5.28843363     5.29458726
  1740     1.34924757     1.38084433    -0.22778459    -0.22584103     0.14383941     0.14775003    -4.82227650    -4.85620639     1.02313376     1.00727235     5.33506025     5.34204850
  1741     1.37659768     1.40748338    -0.24474528    -0.24276076     0.16164021     0.16574278    -4.80269924    -4.83808590     1.02835179     1.01292413     5.37946110     5.38735979
  1742     1.40358953     1.43361321    -0.26234534    -0.26032880     0.18011569     0.18441604    -4.78221209    -4.81900205     1.03491515     1.01994889     5.42177128     5.43065751
  1743     1.43023076     1.45924671    -0.28056956    -0.27853075     0.19921645     0.20372087    -4.76088545    -4.79902024     1.04267671     1.02819617     5.46210764     5.47205888
  1744     1.45652703     1.48439588    -0.29940034    -0.29734982     0.21888681     0.22360215    -4.73877824    -4.77819452     1.05150596     1.03753221     5.50057215     5.51166539
  1745     1.48248179     1.50907171    -0.31881782    -0.31676682     0.23906464     0.24399830    -4.71593756    -4.75656744     1.06128712     1.04783814     5.53725507     5.54956594
  1746     1.50809618     1.53328393    -0.33879987    -0.33676031     0.25968117     0.26484115    -4.69239827    -4.73416961     1.07191757     1.05900830     5.57223774     5.58583971
  1747     1.53336892     1.55704081    -0.35932226    -0.35730660     0.28066074     0.28605565    -4.66818264    -4.71101940     1.08330633     1.07094873     5.60559517     5.62055877
  1748     1.55829622     1.58034904    -0.38035875    -0.37837989     0.30192062     0.30755972    -4.64329989    -4.68712250     1.09537275     1.08357593     5.63739827     5.65379035
  1749     1.58287170     1.60321352    -0.40188120    -0.39995240     0.32337074     0.32926388    -4.61774566    -4.66247146     1.10804536     1.09681559     5.66771593     5.68559898
  1750     1.60708635     1.62563721    -0.42385976    -0.42199450     0.34491341     0.35107107    -4.59150160    -4.63704528     1.12126081     1.11060163     5.69661682     5.71604828
  1751     1.63092853     1.64762104    -0.44626298    -0.44447483     0.36644300     0.37287621    -4.56453475    -4.61080883     1.13496296     1.12487525     5.72417095     5.74520262
  1752     1.65438391     1.66916373    -0.46905799    -0.46736046     0.38784561     0.39456589    -4.53679706    -4.58371235     1.14910211     1.13958414     5.75045107     5.77312855
  1753     1.67743556     1.69026176    -0.49221067    -0.49061710     0.40899856     0.41601785    -4.50822475    -4.55569086     1.16363422     1.15468174     5.77553384     5.79989597
  1754     1.70006394     1.71090921    -0.51568585    -0.51420922     0.42976997     0.43710051    -4.47873769    -4.52666346     1.17852032     1.17012666     5.79950087     5.82557924
  1755     1.72224697     1.73109776    -0.53944743    -0.53810025     0.45001812     0.45767229    -4.44823872    -4.49653273     1.19372593     1.18588207     5.82243950     5.85025804
  1756     1.74396010     1.75081660    -0.56345862    -0.56225273     0.46959077     0.47758090    -4.41661289    -4.46518385     1.20922057     1.20191528     5.84444353     5.87401804
  1757     1.76517641     1.77005242    -0.58768204    -0.58662854     0.48832435     0.49666251    -4.38372665    -4.43248383     1.22497732     1.21819726     5.86561370     5.89695154
  1758     1.78586671     1.78878936    -0.61207996    -0.61118902     0.50604303     0.51474077    -4.34942697    -4.39828051     1.24097240     1.23470226     5.88605809     5.91915784
  1759     1.80599968     1.80700908    -0.63661437    -0.63589518     0.52255769     0.53162568    -4.31354033    -4.36240154     1.25718488     1.25140752     5.90589236     5.94074353
  1760     1.82554195     1.82469069    -0.66124715    -0.66070787     0.53766462     0.54711230    -4.27587167    -4.32465320     1.27359629     1.26829292     5.92523986     5.96182268
  1761     1.84445830     1.84181089    -0.68594015    -0.68558797     0.55114426     0.56097937    -4.23620314    -4.28481913     1.29019039     1.28534073     5.94423160     5.98251685
  1762     1.86271176     1.85834391    -0.71065508    -0.71049677     0.56275958     0.57298764    -4.19429286    -4.24265890     1.30695291     1.30253537     5.96300616     6.00295501
  1763     1.88026379     1.87426167    -0.73535289    -0.73539678     0.57225447     0.58287818    -4.14987346    -4.19790650     1.32387134     1.31986320     5.98170942     6.02327340
  1764     1.89707442     1.88953380    -0.75998841    -0.76025739     0.57935188     0.59037042    -4.10265061    -4.15026871     1.34093468     1.33731231     6.00049423     6.04361520
  1765     1.91310243     1.90412775    -0.78416223    -0.78540308     0.58375199     0.59516019    -4.05230145    -4.09942336     1.35813331     1.35487235     6.01952001     6.06413020
  1766     1.92830548     1.91800890    -0.80958101    -0.80905333     0.58513017     0.59691763    -3.99847300    -4.04501764     1.37545882     1.37253436     6.03895217     6.08497430
  1767     1.94264029     1.93114065    -0.83406183    -0.83331835     0.58313512     0.59528517    -3.94078068    -3.98666637     1.39290383     1.39029064     6.05896151     6.10630899
  1768     1.95606277     1.94348453    -0.85833242    -0.85739900     0.57738712     0.58987564    -3.87880696    -3.92395055     1.41046190     1.40813457     6.07972358     6.12830072
  1769     1.96852819     1.95500035    -0.88236416    -0.88125388     0.56747654     0.58027071    -3.81210039    -3.85641616     1.42812739     1.42606055     6.10141788     6.15112024
  1770     1.97999130     1.96564631    -0.90612331    -0.90484815     0.55296303     0.56601993    -3.74017517    -3.78357363     1.44589536     1.44406379     6.12422706     6.17494181
  1771     1.99040644     1.97537913    -0.92957592    -0.92814872     0.53337548     0.54664065    -3.66251166    -3.70489816     1.46376147     1.46214030     6.14833604     6.19994245
  1772     1.99972773     1.98415415    -0.95268855    -0.95112353     0.50821338     0.52161931    -3.57855814    -3.61983141     1.48172189     1.48028671     6.17393111     6.22630104
  1773     2.00790910     1.99192552    -0.97542853    -0.97374141     0.47694989     0.49041456    -3.48773438    -3.52778510     1.49977324     1.49850022     6.20119895     6.25419750
  1774     2.01490443     1.99864626    -0.99776402    -0.99597205     0.43903744     0.45246305    -3.38943773    -3.42814716     1.51791249     1.51677848     6.23032565     6.28381179
  1775     2.02066762     2.00426841    -1.01966408    -1.01778595     0.39391660     0.40718857    -3.28305236    -3.32029126     1.53613690     1.53511954     6.26149567     6.31532302
  1776     2.02515268     2.00874314    -1.04109874    -1.03915447     0.34102899     0.35401550    -3.16796262    -3.20359068     1.55444397     1.55352176     6.29489085     6.34890847
  1777     2.02831376     2.01202088    -1.06203906    -1.06004989     0.27983527     0.29238760    -3.04357143    -3.07743738     1.57283138     1.57198376     6.33068935     6.38474260
  1778     2.03010523     2.01405138    -1.08245717    -1.08044537     0.20983895     0.22179294    -2.90932443    -2.94126731     1.59129693     1.59050432     6.36906459     6.42299606
  1779     2.03048169     2.01478385    -1.10232638    -1.10031511     0.13061668     0.14179558    -2.76474058    -2.79459237     1.60983849     1.60908236     6.41018422     6.46383474
  1780     2.02939802     2.01416702    -1.12162127    -1.11963432     0.04185505     0.05207420    -2.60944923    -2.63703931     1.62845397     1.62771690     6.45420914     6.50741879
  1781     2.02680938     2.01214923    -1.14031776    -1.13837943    -0.05660680    -0.04753328    -2.44323299    -2.46839449     1.64714125     1.64640696     6.50129243     6.55390163
  1782     2.02267122     2.00867854    -1.15839327    -1.15652813    -0.16473062    -0.15698111    -2.26607442    -2.28865276     1.66589819     1.66515157     6.55157840     6.60342905
  1783     2.01693929     2.00370276    -1.17582684    -1.17405952    -0.28223197    -0.27596675    -2.07820325    -2.09806650     1.68472253     1.68394973     6.60520167     6.65613828
  1784     2.00956963     1.99716954    -1.19259927    -1.19095432    -0.40853734    -0.40388708    -1.88013916    -1.89718968     1.70361193     1.70280036     6.66228619     6.71215711
  1785     2.00051857     1.98902644    -1.20869330    -1.20719507    -0.54275176    -0.53980648    -1.67272388    -1.68691015     1.72256389     1.72170225     6.72294441     6.77160302
  1786     1.98974276     1.97922101    -1.22409370    -1.22276642    -0.68364178    -0.68244618    -1.45713561    -1.46846283     1.74157573     1.74065410     6.78727641     6.83458238
  1787     1.97719912     1.96770086    -1.23878732    -1.23765560    -0.82957677    -0.83026473    -1.23487951    -1.24341734     1.76064464     1.75965445     6.85536912     6.90118966
  1788     1.96284489     1.95441373    -1.25276250    -1.25185348    -0.98103793    -0.97902873    -1.00775000    -1.01363577     1.77976756     1.77870165     6.92729554     6.97150664
  1789     1.94663766     1.93930760    -1.26600543    -1.26535880    -1.13303389    -1.12953506    -0.77776448    -0.78120078     1.79894125     1.79779387     7.00311398     7.04560170
  1790     1.92853537     1.92233080    -1.27844947    -1.27822949    -1.28382418    -1.27907441    -0.54707257    -0.54831899     1.81816225     1.81692909     7.08286744     7.12352912
  1791     1.90849641     1.90343211    -1.29002391    -1.29053451    -1.43115462    -1.42541337    -0.31784981    -0.31720938     1.83742688     1.83610505     7.16658284     7.20532834
  1792     1.88647968     1.88256091    -1.30147222    -1.30153636    -1.57286300    -1.56641157    -0.09218776    -0.08998978     1.85673126     1.85531927     7.25427045     7.29102328
  1793     1.86244469     1.85966739    -1.31214728    -1.31189661    -1.70698872    -1.70011439     0.12800669     0.13142524     1.87607128     1.87456903     7.34592317     7.38062165
  1794     1.83635173     1.83470268    -1.32211984    -1.32156819    -1.83185274    -1.82483205     0.34109167     0.34540382     1.89544260     1.89385136     7.44151593     7.47411423
  1795     1.80816199     1.80761913    -1.33141222    -1.33056248    -1.94610766    -1.93919207     0.54574323     0.55064687     1.91484072     1.91316304     7.54100503     7.57147406
  1796     1.77783784     1.77837057    -1.34004716    -1.33890138    -2.04875660    -2.04216194     0.74097855     0.74620723     1.93426092     1.93250060     7.64432741     7.67265568
  1797     1.74534299     1.74691260    -1.34805201    -1.34661388    -2.13914413    -2.13304456     0.92615159     0.93148085     1.95369830     1.95186030     7.75139996     7.77759424
  1798     1.71064288     1.71320295    -1.35546005    -1.35373572    -2.21692570    -2.21145171     1.10092699     1.10617645     1.97314780     1.97123817     7.86211874     7.88620452
  1799     1.67370495     1.67720187    -1.36231108    -1.36030948    -2.28202287    -2.27726268     1.26523894     1.27027101     1.99260418     1.99062997     7.97635811     7.99837985
  1800     1.63449904     1.63887256    -1.36865200    -1.36638498    -2.33457201    -2.33057547     1.41924257     1.42395873     2.01206210     2.01003123     8.09396982     8.11399096
  1801     1.59299784     1.59818169    -1.37453724    -1.37201958    -2.37487236    -2.37165619     1.56326357     1.56759923     2.03151604     2.02943725     8.21478201     8.23288464
  1802     1.54917737     1.55509988    -1.38002918    -1.37727846    -2.40333786    -2.40089160     1.69775081     1.70166952     2.05096042     2.04884310     8.33859806     8.35488230
  1803     1.50301750     1.50960229    -1.38519849    -1.38223500    -2.42045530    -2.41874718     1.82323447     1.82672221     2.07038951     2.06824363     8.46519541     8.47977839
  1804     1.45450250     1.46166925    -1.39012446    -1.38697095    -2.42674999    -2.42573239     1.94029125     1.94335113     2.08979755     2.08763349     8.59432427     8.60733865
  1805     1.40362169     1.41128691    -1.39489523    -1.39157665    -2.42275886    -2.42237310     2.04951671     2.05216431     2.10917868     2.10700716     8.72570623     8.73729834
  1806     1.35037005     1.35844788    -1.39960798    -1.39615115    -2.40901065    -2.40919096     2.15150439     2.15376387     2.12852699     2.12635893     8.85903280     8.86936025
  1807     1.29474890     1.30315200    -1.40436894    -1.40080218    -2.38601189    -2.38668871     2.24683079     2.24873174     2.14783656     2.14568296     8.99396399     9.00319285
  1808     1.23676659     1.24540696    -1.40929340    -1.40564615    -2.35423804    -2.35534047     2.33604518     2.33762019     2.16710141     2.16497323     9.13012683     9.13842828
  1809     1.17643917     1.18522910    -1.41450548    -1.41080784    -2.31412828    -2.31558606     2.41966334     2.42094612     2.18631560     2.18422365     9.26711403     9.27466059
  1810     1.11379112     1.12264403    -1.42013787    -1.41642014    -2.26608350    -2.26782839     2.49816420     2.49918823     2.20547317     2.20342799     9.40448276     9.41144414
  1811     1.04885594     1.05768735    -1.42633128    -1.42262349    -2.21046636    -2.21243315     2.57198857     2.57278619     2.22456818     2.22257995     9.54175371     9.54829236
  1812     0.98167685     0.99040522    -1.43323380    -1.42956525    -2.14760302    -2.14973018     2.64153956     2.64214134     2.24359473     2.24167314     9.67841048     9.68467693
  1813     0.91230734     0.92085494    -1.44100002    -1.43739882    -2.07778588    -2.08001606     2.70718387     2.70761822     2.26254696     2.26070116     9.81389948     9.82002767
  1814     0.84081164     0.84910543    -1.44978995    -1.44628261    -2.00127715    -2.00355743     2.76925383     2.76954684     2.28141909     2.27965753     9.94763038     9.95373318
  1815     0.76726521     0.77523754    -1.45976770    -1.45637875    -1.91831282    -1.92059492     2.82804976     2.82822514     2.30020538     2.29853579    10.07897734    10.08514248
  1816     0.69175498     0.69934433    -1.47110000    -1.46785171    -1.82910689    -1.83134726     2.88384254     2.88392166     2.31890018     2.31732946    10.20728113    10.21356771
  1817     0.61437956     0.62153111    -1.48395439    -1.48086655    -1.73385575    -1.73601565     2.93687616     2.93687817     2.33749792     2.33603208    10.33185220    10.33828817
  1818     0.53524940     0.54191537    -1.49849730    -1.49558710    -1.63274244    -1.63478805     2.98737024     2.98731226     2.35599312     2.35463722    10.45197490    10.45855562
  1819     0.45448673     0.46062637    -1.51489190    -1.51217392    -1.52594099    -1.52784349     3.03552241     3.03541974     2.37438041     2.37313851    10.56691281    10.57360100
  1820     0.37222610     0.37780402    -1.53329572    -1.53078209    -1.41362048    -1.41535616     3.08151042     3.08137697     2.39265451     2.39152962    10.67591530    10.68264248
  1821     0.28861833     0.29359373    -1.55385823    -1.55155887    -1.29594898    -1.29749941     3.12549390     3.12534329     2.41081025     2.40980431    10.77822522    10.78489482
  1822     0.20390505     0.20807060    -1.57671821    -1.57464132    -1.17309716    -1.17444938     3.16761190     3.16746714     2.42884257     2.42795642    10.87308771    10.87957970
  1823     0.12135455     0.11830167    -1.60200116    -1.60015389    -1.04524176    -1.04638844     3.20783485     3.20803755     2.44674653     2.44597990    10.95975987    10.96593692
  1824     0.03438058     0.03122500    -1.62981640    -1.62820624    -0.91256852    -0.91350823     3.24663833     3.24681335     2.46451729     2.46386881    11.03752111    11.04323602
  1825    -0.05359481    -0.05621560    -1.66025327    -1.65889223    -0.77527494    -0.77601234     3.28393550     3.28409349     2.48215013     2.48161731    11.10568394    11.11078794
  1826    -0.14207306    -0.14414162    -1.69335519    -1.69231136    -0.63357251    -0.63411853     3.31982961     3.31996686     2.49964042     2.49921973    11.16360480    11.16795636
  1827    -0.23084398    -0.23237790    -1.72836205    -1.72932229    -0.48768850    -0.48806049     3.35440826     3.35452030     2.51698365     2.51667051    11.21069455    11.21416810
  1828    -0.31970664    -0.32073497    -1.76729287    -1.76795676    -0.33786734    -0.33808913     3.38775058     3.38783319     2.53417542     2.53396426    11.24642836    11.24892250
  1829    -0.40846132    -0.40902039    -1.80898832    -1.80937430    -0.18437139    -0.18447327     3.41992850     3.41997790     2.55121142     2.55109573    11.27035447    11.27179902
  1830    -0.49690981    -0.49704191    -1.85343612    -1.85353508    -0.02748126    -0.02749983     3.45100759     3.45102043     2.56808743     2.56805985    11.28210165    11.28246320
  1831    -0.58460981    -0.58485633    -1.90038295    -1.90058704     0.13252654     0.13250443     3.48102108     3.48104767     2.58485169     2.58479933    11.28067048    11.28138503
  1832    -0.67154168    -0.67210616    -1.94983624    -1.95036428     0.29528442     0.29526983     3.51003495     3.51010347     2.60146651     2.60134306    11.26626814    11.26801014
  1833    -0.75772606    -0.75840505    -2.00178758    -2.00266491     0.46043702     0.46048314     3.53811251     3.53822504     2.61789973     2.61771465    11.23919512    11.24187506
  1834    -0.84382136    -0.84274332    -2.05610494    -2.05736103     0.62763419     0.62779838     3.56529998     3.56545824     2.63414695     2.63391019    11.19948013    11.20297070
  1835    -0.92796156    -0.92665277    -2.11263337    -2.11430145     0.79651469     0.79685759     3.59163980     3.59184511     2.65020393     2.64992583    11.14723815    11.15137933
  1836    -1.01070353    -1.00926174    -2.17119720    -2.17331369     0.96670901     0.96729338     3.61717088     3.61742423     2.66606659     2.66575777    11.08266556    11.08727144
  1837    -1.09192336    -1.09040085    -2.23160268    -2.23420647     1.13784230     1.13873183     3.64192899     3.64223097     2.68173103     2.68140224    11.00603445    11.01090125
  1838    -1.17148793    -1.16993298    -2.29364101    -2.29677250     1.30953760     1.31079556     3.66594695     3.66629781     2.69719349     2.69685553    10.91768611    10.92260107
  1839    -1.24927568    -1.24773379    -2.35709153    -2.36079159     1.48141911     1.48310697     3.68925492     3.68965450     2.71245035     2.71211390    10.81802423    10.82277481
  1840    -1.32517788    -1.32369136    -2.42172517    -2.42603391     1.65311552     1.65529147     3.71188062     3.71232836     2.72749814     2.72717367    10.70750801    10.71189090
  1841    -1.39909888    -1.39770635    -2.48730787    -2.49226340     1.82426316     1.82698074     3.73384943     3.73434437     2.74233351     2.74203114    10.58664532    10.59047494
  1842    -1.47095623    -1.46969204    -2.55360400    -2.55924114     1.99450907     1.99781580     3.75518466     3.75572542     2.75695322     2.75668258    10.45598624    10.45910215
  1843    -1.54068062    -1.53957415    -2.62037967    -2.62672864     2.16351376     2.16744987     3.77590764     3.77649238     2.77135410     2.77112428    10.31611688    10.31839004
  1844    -1.60821576    -1.60729047    -2.68740575    -2.69449105     2.33095368     2.33555103     3.79603785     3.79666431     2.78553308     2.78535245    10.16765376    10.16899127
  1845    -1.67351832    -1.67279006    -2.75446074    -2.76229999     2.49652333     2.50180443     3.81559309     3.81625852     2.79948713     2.79936327    10.01123862    10.01158682
  1846    -1.73655829    -1.73603194    -2.82133320    -2.82993621     2.65993698     2.66591426     3.83458955     3.83529074     2.81321326     2.81315287     9.84753377     9.84687974
  1847    -1.79732054    -1.79698225    -2.88782386    -2.89719188     2.82093000     2.82760529     3.85304195     3.85377522     2.82670848     2.82671727     9.67721780     9.67558920
  1848    -1.85581085    -1.85560693    -2.95374734    -2.96387247     2.97925971     2.98662396     3.87096360     3.87172479     2.83996976     2.84005242     9.50098182     9.49844520
  1849    -1.91208004    -1.91184606    -3.01893347    -3.02979831     3.13470599     3.14273918     3.88836654     3.88915103     2.85299404     2.85315415     9.31952593     9.31618363
  1850    -1.96632089    -1.96551544    -3.08322820    -3.09480569     3.28707132     3.29574268     3.90526161     3.90606434     2.86577819     2.86601817     9.13355600     9.12954191
  1851    -2.01861888    -2.01655427    -3.14649417    -3.15874768     3.43618066     3.44544906     3.92165857     3.92247400     2.87831894     2.87864002     8.94378070     8.93925510
  1852    -2.06818166    -2.06579411    -3.20861092    -3.22149450     3.58188097     3.59169549     3.93756613     3.93838834     2.89061289     2.89101509     8.75090851     8.74605237
  1853    -2.11542086    -2.11287551    -3.26947473    -3.28293361     3.72404041     3.73434118     3.95299213     3.95381479     2.90265645     2.90313857     8.55564480     8.55065415
  1854    -2.16048384    -2.15771473    -3.32899832    -3.34296948     3.86254749     3.87326658     3.96794354     3.96875998     2.91444582     2.91500545     8.35868843     8.35377000
  1855    -2.20339524    -2.20036077    -3.38711012    -3.40152312     3.99730993     4.00837245     3.98242663     3.98322985     2.92597694     2.92661047     8.16072671     8.15609848
  1856    -2.24418614    -2.24086484    -3.44375351    -3.45853139     4.12825347     4.13957875     3.99644701     3.99722976     2.93724547     2.93794812     7.96242246     7.95833515
  1857    -2.28289574    -2.27927731    -3.49888586    -3.51394610     4.25532065     4.26682348     4.01000976     4.01076458     2.94824672     2.94901258     7.76433241     7.76124946
  1858    -2.31956861    -2.31564938    -3.55247735    -3.56773299     4.37846947     4.39006139     4.02311949     4.02383877     2.95897563     2.95979775     7.56232338     7.57026403
  1859    -2.35425297    -2.35003357    -3.60450991    -3.61987061     4.49767219     4.50926277     4.03578049     4.03645655     2.96942677     2.97029717     7.36998709     7.37303531
  1860    -2.38699967    -2.38248381    -3.65497588    -3.67034913     4.61291405     4.62441219     4.04799680     4.04862192     2.97959422     2.98050401     7.17813015     7.17995923
  1861    -2.41786140    -2.41305527    -3.70387686    -3.71916909     4.72419212     4.73550723     4.05977227     4.06033884     2.98947161     2.99041105     6.98908196     6.98985890
  1862    -2.44689210    -2.44180416    -3.75122243    -3.76634011     4.83151429     4.84255739     4.07111077     4.07161128     2.99905205     3.00001064     6.80344461     6.80323033
  1863    -2.47414642    -2.46878749    -3.79702892    -3.81187973     4.93489830     4.94558286     4.08201616     4.08244336     3.00832813     3.00929469     6.62173084     6.62060018
  1864    -2.49967916    -2.49406299    -3.84131829    -3.85581210     5.03437103     5.04461343     4.09249251     4.09283943     3.01729185     3.01825459     6.44440984     6.44247550
  1865    -2.52354459    -2.51768920    -3.88411701    -3.89816687     5.12996820     5.13968711     4.10254413     4.10280418     3.02593464     3.02688125     6.27191290     6.26933377
  1866    -2.54579550    -2.53972598    -3.92545496    -3.93897805     5.22173521     5.23084781     4.11217566     4.11234274     3.03424734     3.03516500     6.10463337     6.10161853
  1867    -2.56648106    -2.56023606    -3.96536457    -3.97828297     5.30973368     5.31813757     4.12139224     4.12146075     3.04222017     3.04309562     5.94292533     5.93973640
  1868    -2.58564178    -2.57928983    -4.00387986    -4.01612128     5.39411426     5.40152263     4.13019951     4.13016445     3.04984280     3.05066219     5.78710186     5.78405457
  1869    -2.60329264    -2.59698180    -4.04103574    -4.05253401     5.48205239     5.47395681     4.13860377     4.13846079     3.05710434     3.05785315     5.63743309     5.63489854
  1870    -2.61935085    -2.61350258    -4.07686745    -4.08756262     5.55789356     5.55123551     4.14661202     4.14635746     3.06399344     3.06465608     5.49414434     5.49255012
  1871    -2.63322943    -2.62954502    -4.11141136    -4.12124680     5.63045446     5.62469397     4.15423205     4.15386298     3.07049848     3.07105759     5.35741414     5.35724554
  1872    -2.64345828    -2.64668298    -4.15368247    -4.14464581     5.69956771     5.69466202     4.16147249     4.16098674     3.07660784     3.07704302     5.22737249     5.22917388
  1873    -2.65394069    -2.66111455    -4.18477252    -4.17673941     5.76530322     5.76124237     4.16834287     4.16773906     3.08231065     3.08259567     5.10409913     5.10847561
  1874    -2.66476431    -2.67285103    -4.21467313    -4.20760375     5.82775141     5.82452707     4.17485370     4.17413122     3.08759834     3.08769530     4.98762204     4.99524142
  1875    -2.67473536    -2.68318255    -4.24338818    -4.23729839     5.88701064     5.88460970     4.18101644     4.18017546     3.09246918     3.09231364     4.87791603     4.88951136
  1876    -2.68368901    -2.69236751    -4.27094989    -4.26584963     5.94318481     5.94158757     4.18684356     4.18588506     3.09694379     3.09639883     4.77490160     4.79127414
  1877    -2.69162839    -2.70049363    -4.29738868    -4.29328022     5.99638247     5.99556227     4.19234855     4.19127426     3.10114768     3.09979305     4.67844387     4.70046680
  1878    -2.69858597    -2.70761635    -4.32273222    -4.31961006     6.04671636     6.04663979     4.19754591     4.19635829     3.10658719     3.10095654     4.58835167     4.61697463
  1879    -2.70460042    -2.71378202    -4.34700522    -4.34485623     6.09430309     6.09493046     4.20245110     4.20115336     3.10848979     3.10462741     4.50437670     4.54063135
  1880    -2.70971117    -2.71903324    -4.37022931    -4.36903305     6.13926282     6.14054876     4.20708056     4.20567660     3.10954545     3.10808034     4.42621258     4.47121962
  1881    -2.71395692    -2.72341037    -4.39242305    -4.39215218     6.18171890     6.18361315     4.21145162     4.20994601     3.11092088     3.11011240     4.35349384     4.40847163
  1882    -2.71737495    -2.72695220    -4.41360197    -4.41422268     6.22179752     6.22424573     4.21558246     4.21398041     3.11188069     3.11142202     4.28579450     4.35207002
  1883    -2.72000070    -2.72969629    -4.43377863    -4.43525120     6.25962728     6.26257186     4.21949204     4.21779934     3.11230792     3.11208849     4.22262609     4.30164880
  1884    -2.72186730    -2.73167961    -4.45296277    -4.45524213     6.29533871     6.29871978     4.22320001     4.22142301     3.11215547     3.11212073     4.16343487     4.25679421
  1885    -2.72300434    -2.73293963    -4.47116150    -4.47419785     6.32906377     6.33282003     4.22672659     4.22487219     3.11139318     3.11151020     4.10759770     4.21704550
  1886    -2.72343502    -2.73351733    -4.48837947    -4.49211890     6.36093527     6.36500488     4.23009251     4.22816804     3.10999659     3.11024233     4.05441613     4.18189506
  1887    -2.72317101    -2.73346234    -4.50461913    -4.50900431     6.39108627     6.39540774     4.23331886     4.23133210     3.10794357     3.10829995     4.00310797     4.15078787
  1888    -2.72257353    -2.73247189    -4.51988095    -4.52485181     6.41964939     6.42416239     4.23642697     4.23438605     3.10521306     3.10566469     3.95279508     4.12311937
  1889    -2.72959693    -2.72264738    -4.53416375    -4.53965816     6.44675615     6.45140227     4.23943828     4.23735165     3.10178457     3.10231759     3.90248616     4.09823099
  1890    -2.72855409    -2.71972902    -4.54746496    -4.55341940     6.47253618     6.47725964     4.24237420     4.24025056     3.09763794     3.09823942     3.85105211     4.07540180
  1891    -2.72618951    -2.71702281    -4.55978094    -4.56613119     6.49711652     6.50186480     4.24525595     4.24310418     3.09275327     3.09341089     3.79719094     4.05383390
  1892    -2.72317306    -2.71390699    -4.57110730    -4.57778907     6.52062082     6.52534516     4.24810447     4.24593355     3.08711090     3.08781280     3.73937754     4.03262733
  1893    -2.71960307    -2.71032896    -4.58143919    -4.58838879     6.54316859     6.54782446     4.25094018     4.24875912     3.08069140     3.08142611     3.67579134     4.01073775
  1894    -2.71552087    -2.70629092    -4.59077169    -4.59792658     6.56487442     6.56942183     4.25378290     4.25160068     3.07347560     3.07423202     3.60421140     3.98690408
  1895     2.71843000     2.70884763     4.58784464     4.59498767    -6.55988968    -6.56443298    -4.25371498    -4.25154838    -3.07781632    -3.07870415    -3.59748080    -3.98398980
  1896     2.71193056     2.70263121     4.59627736     4.60368381    -6.60408307    -6.60855777    -4.25921032    -4.25705658    -3.06366481    -3.06455316    -3.22770931    -3.70817069
  1897     2.70518967     2.69615493     4.60276551     4.61039695    -6.64829162    -6.65268457    -4.26402801    -4.26189129    -3.04945647    -3.05034371    -2.81262894    -3.41009386
  1898     2.69821231     2.68944126     4.60732546     4.61514293    -6.69250071    -6.69679950    -4.26815717    -4.26604150    -3.03519376    -3.03607825    -2.33262665    -3.07067394
  1899     2.69100833     2.68250690     4.60997499     4.61793918    -6.73669413    -6.74088714    -4.27158692    -4.26949618    -3.02087908    -3.02175915    -1.76075110    -2.64979124
  1900     2.68358912     2.67536613     4.61073314     4.61880472    -6.78085420    -6.78493063    -4.27430631    -4.27224423    -3.00651473    -3.00738874    -1.06460773    -2.05951737
  1901     2.67596656     2.66803191     4.60962013     4.61776000    -6.82496186    -6.82891176    -4.27630442    -4.27427458    -2.99210299    -2.99296929    -0.21700587    -1.11690260
  1902     2.66815253     2.66051634     4.60665730     4.61482679    -6.86899678    -6.87281112    -4.27757032    -4.27557616    -2.97764606    -2.97850300     0.77982901     0.41729523
  1903     2.66015879     2.65283085     4.60186700     4.61002813    -6.91293754    -6.91660820    -4.27809313    -4.27613793    -2.96314609    -2.96399206     1.86876189     2.35625330
  1904     2.65199684     2.64498628     4.59527249     4.60338821    -6.95676171    -6.96028152    -4.27786207    -4.27594896    -2.94860518    -2.94943858     2.94764859     3.95952436
  1905     2.64367788     2.63699298     4.58689791     4.59493226    -7.00044600    -7.00380875    -4.27686640    -4.27499837    -2.93402539    -2.93484464     3.92353848     5.00075187
  1906     2.63521279     2.62886078     4.57676820     4.58468643    -7.04396639    -7.04716685    -4.27509555    -4.27327542    -2.91940873    -2.92021229     4.75546300     5.68976655
  1907     2.62661210     2.62059904     4.56490914     4.57267764    -7.08729828    -7.09033219    -4.27253905    -4.27076952    -2.90475720    -2.90554354     5.44935013     6.20022988
  1908     2.61788596     2.61221663     4.55134834     4.55893238    -7.13041660    -7.13328068    -4.26918665    -4.26747026    -2.89007275    -2.89084039     6.03153860     6.61882114
  1909     2.60904411     2.60372195     4.53851877     4.54107309    -7.17329595    -7.17598791    -4.26502827    -4.26336742    -2.87535732    -2.87610482     6.52996557     6.98626968
  1910     2.60009588     2.59512289     4.52635896     4.51921775    -7.21591074    -7.21842927    -4.26005408    -4.25845104    -2.86061283    -2.86133877     6.96713614     7.32245176
  1911     2.59105016     2.58642684     4.50758713     4.50070571    -7.25823530    -7.26058004    -4.25425451    -4.25271139    -2.84584121    -2.84654423     7.35933724     7.63761006
  1912     2.58191536     2.57764064     4.48719750     4.48060118    -7.30024403    -7.30241555    -4.24762027    -4.24613908    -2.83104439    -2.83172316     7.71784434     7.93728589
  1913     2.57269937     2.56877059     4.46522187     4.45893158    -7.34191147    -7.34391128    -4.24014242    -4.23872501    -2.81622433    -2.81687756     8.05034011     8.22458816
  1914     2.56340955     2.55982241     4.44169154     4.43572552    -7.38321243    -7.38504295    -4.23181236    -4.23046047    -2.80138299    -2.80200945     8.36204553     8.50129943
  1915     2.55405267     2.55080118     4.41663805     4.41101197    -7.42412210    -7.42578662    -4.22262189    -4.22133714    -2.78652240    -2.78712089     8.65652021     8.76844635
  1916     2.54463486     2.54171136     4.39009323     4.38482012    -7.46461613    -7.46611877    -4.21256325    -4.21134711    -2.77164464    -2.77221402     8.93620378     9.02660952
  1917     2.53516160     2.53255670     4.36208917     4.35717938    -7.50467069    -7.50601638    -4.20162912    -4.20048297    -2.75675186    -2.75729104     9.20277696     9.27609960
  1918     2.52563760     2.52334023     4.33265817     4.32811933    -7.54426255    -7.54545702    -4.18981270    -4.18873780    -2.74184629    -2.74235423     9.45740232     9.51706170
  1919     2.51606681     2.51406421     4.30183273     4.29766974    -7.58336916    -7.58441885    -4.17710773    -4.17610522    -2.72693029    -2.72740600     9.70088609     9.74953929
  1920     2.50645234     2.50473005     4.26964552     4.26586057    -7.62196864    -7.62288068    -4.16350851    -4.16257943    -2.71200633    -2.71244888     9.93378809     9.97351480
  1921     2.49679636     2.49533831     4.23612938     4.23272192    -7.66003983    -7.66082200    -4.14900998    -4.14815525    -2.69707703    -2.69748558    10.15649729    10.18893593
  1922     2.48710009     2.48588862     4.20131733     4.19828412    -7.69756232    -7.69822299    -4.13360772    -4.13282819    -2.68214520    -2.68251894    10.36928456    10.39573319
  1923     2.47736370     2.47637962     4.16524251     4.16257769    -7.73451640    -7.73506448    -4.11729804    -4.11659443    -2.66721387    -2.66755207    10.57233979    10.59383181
  1924     2.46758622     2.46680892     4.12793826     4.12563337    -7.77088304    -7.77132795    -4.10007796    -4.09945093    -2.65228626    -2.65258829    10.76579845    10.78315992
  1925     2.45776554     2.45717303     4.08943808     4.08748220    -7.80664388    -7.80699546    -4.08194533    -4.08139544    -2.63736591    -2.63763118    10.94976073    10.96365419
  1926     2.44789823     2.44746732     4.04977568     4.04815551    -7.84178112    -7.84204962    -4.06289883    -4.06242654    -2.62245663    -2.62268466    11.12430543    11.13526386
  1927     2.43797958     2.43768595     4.00898499     4.00768498    -7.87627746    -7.87647345    -4.04293801    -4.04254374    -2.60756260    -2.60775299    11.28950020    11.29795337
  1928     2.42800345     2.42782182     3.96710019     3.96610269    -7.91011597    -7.91025031    -4.02206338    -4.02174748    -2.59268839    -2.59284085    11.44540897    11.45170424
  1929     2.41796224     2.41786651     3.92415576     3.92344116    -7.94328000    -7.94336376    -4.00027646    -4.00003921    -2.57783900    -2.57795334    11.59209748    11.59651625
  1930     2.40784681     2.40781025     3.88018647     3.87973342    -7.97575296    -7.97579740    -3.97757980    -3.97742144    -2.56301995    -2.56309608    11.72963727    11.73240813
  1931     2.39764644     2.39764186     3.83522747     3.83501307    -8.00751819    -8.00753467    -3.95397707    -3.95389780    -2.54823730    -2.54827527    11.85810859    11.85941781
  1932     2.38734873     2.38734875     3.78931431     3.78931430    -8.03855870    -8.03855872    -3.92947314    -3.92947313    -2.53349773    -2.53349772    11.97760246    11.97760251
  1933     2.37691677     2.37693968     3.74267199     3.74248292    -8.06885200    -8.06885708    -3.90415353    -3.90407407    -2.51877094    -2.51880865    12.08703842    12.08822204
  1934     2.36633037     2.36640349     3.69512171     3.69476977    -8.09839631    -8.09839498    -3.87794639    -3.87778731    -2.50410325    -2.50417821    12.18782037    12.19008344
  1935     2.35557241     2.35572268     3.64669979     3.64621178    -8.12717220    -8.12715307    -3.85086058    -3.85062166    -2.48950383    -2.48961543    12.28006113    12.28331628
  1936     2.34462408     2.34487819     3.59744336     3.59684639    -8.15515882    -8.15511057    -3.82290641    -3.82258740    -2.47498283    -2.47513031    12.36389080    12.36806372
  1937     2.33338838     2.33392593     3.54739035     3.54671161    -8.18233350    -8.18224497    -3.79409583    -3.79369640    -2.46055148    -2.46073390    12.43945592    12.44448239
  1938     2.32260910     2.32207776     3.49657955     3.49584597    -8.20867144    -8.20853159    -3.76444247    -3.76396219    -2.44622219    -2.44643843    12.50691857    12.51274201
  1939     2.31113984     2.31043267     3.44505056     3.44428859    -8.23414523    -8.23394318    -3.73396178    -3.73340009    -2.43200869    -2.43225745    12.56645537    12.57302487
  1940     2.29941215     2.29850866     3.39284380     3.39207913    -8.25872440    -8.25844946    -3.70267115    -3.70202732    -2.41792617    -2.41820596    12.61825644    12.62552514
  1941     2.28739864     2.28627978     3.34000051     3.33925778    -8.28237495    -8.28201662    -3.67059008    -3.66986309    -2.40399145    -2.40430054    12.66252427    12.67044813
  1942     2.27507033     2.27371900     3.28656266     3.28586522    -8.30505879    -8.30460672    -3.63774037    -3.63692877    -2.39022310    -2.39055957    12.69947256    12.70800934
  1943     2.26239687     2.26079820     3.23257294     3.23194262    -8.32673316    -8.32617718    -3.60414692    -3.60324741    -2.37664165    -2.37700336    12.72932502    12.73843353
  1944     2.24934670     2.24748820     3.17807462     3.17753153    -8.34734998    -8.34668004    -3.56885625    -3.56982559    -2.36326983    -2.36365440    12.75231416    12.76195369
  1945     2.23588721     2.23375895     3.12311152     3.12267382    -8.36685516    -8.36606134    -3.53376113    -3.53482927    -2.35013272    -2.35053753    12.76868003    12.77880993
  1946     2.22198496     2.21957963     3.06772787     3.06741164    -8.38518785    -8.38426029    -3.49801210    -3.49917280    -2.33725802    -2.33768022    12.77866897    12.78924836
  1947     2.20760579     2.20491885     3.01196816     3.01178726    -8.40227960    -8.40120843    -3.46164070    -3.46289619    -2.32467635    -2.32511282    12.78253233    12.79351992
  1948     2.19271510     2.18974477     2.95587705     2.95584300    -8.41805346    -8.41682875    -3.42468591    -3.42603946    -2.31242148    -2.31286886    12.78052516    12.79187922
  1949     2.17727803     2.17402532     2.89949916     2.89962111    -8.43242297    -8.43103468    -3.38719092    -3.38864656    -2.30053068    -2.30098534    12.77290498    12.78458328
  1950     2.16125970     2.15772839     2.84287896     2.84316362    -8.44529110    -8.44372894    -3.34920346    -3.35076599    -2.28904506    -2.28950311    12.75993044    12.77189036
  1951     2.14462543     2.14082202     2.78606055     2.78651220    -8.45654903    -8.45480235    -3.31077629    -3.31245134    -2.27800993    -2.27846719    12.74186011    12.75405871
  1952     2.12734101     2.12327460     2.72908749     2.72970804    -8.46607480    -8.46413251    -3.27196778    -3.27376191    -2.26747522    -2.26792726    12.71895115    12.73134533
  1953     2.10937292     2.10505509     2.67200265     2.67279170    -8.47373184    -8.47158223    -3.23284263    -3.23476346    -2.25749594    -2.25793803    12.69145809    12.70400477
  1954     2.09068856     2.08613323     2.61484799     2.61580291    -8.47936734    -8.47699793    -3.19347270    -3.19552904    -2.24813263    -2.24855976    12.65963159    12.67228790
  1955     2.07125650     2.06647972     2.55766437     2.55878048    -8.48281037    -8.48020774    -3.15393799    -3.15613995    -2.23945190    -2.23985878    12.62371718    12.63644067
  1956     2.05104670     2.04606644     2.50049142     2.50176213    -8.48386982    -8.48101940    -3.11432775    -3.11668697    -2.23152699    -2.23190805    12.58395408    12.59670292
  1957     2.03003072     2.02486665     2.44336736     2.44478433    -8.48233207    -8.47921791    -3.07474187    -3.07727166    -2.22443838    -2.22478775    12.54057398    12.55330719
  1958     2.00818190     2.00285512     2.38632882     2.38788216    -8.47795833    -8.47456287    -3.03529247    -3.03800805    -2.21827443    -2.21858597    12.49379986    12.50647752
  1959     1.98547555     1.98000837     2.32941071     2.33108924    -8.47048167    -8.46678545    -2.99610576    -2.99902448    -2.21313212    -2.21339937    12.44384481    12.45642826
  1960     1.96188914     1.95630476     2.27264611     2.27443753    -8.45960357    -8.45558494    -2.95732433    -2.96046593    -2.20911771    -2.20933396    12.39091086    12.40336289
  1961     1.93740238     1.93172465     2.21606614     2.21795729    -8.44499006    -8.44062481    -2.91910971    -2.92249665    -2.20634760    -2.20650583    12.33518787    12.34747287
  1962     1.91199738     1.90625053     2.15969987     2.16167694    -8.42626725    -8.42152829    -2.88164557    -2.88530334    -2.20494906    -2.20504200    12.27685229    12.28893645
  1963     1.88565873     1.87986710     2.10357428     2.10562302    -8.40301627    -8.39787319    -2.84514143    -2.84909889    -2.20506116    -2.20508124    12.21606605    12.22791747
  1964     1.85837354     1.85256135     2.04771413     2.04982011    -8.37476740    -8.36918611    -2.80983694    -2.81412675    -2.20683552    -2.20677495    12.15297538    12.16456420
  1965     1.83013157     1.82432264     1.99214203     1.99429078    -8.34099350    -8.33493572    -2.77600711    -2.78066613    -2.21043724    -2.21028796    12.08770959    12.09900808
  1966     1.80092514     1.79514272     1.93687830     1.93905557    -8.30110240    -8.29452524    -2.74396825    -2.74903798    -2.21604567    -2.21579942    12.02037982    12.03136244
  1967     1.77074923     1.76501577     1.88194109     1.88413296    -8.25442838    -8.24728389    -2.71408497    -2.71961196    -2.22385516    -2.22350349    11.95107777    11.96172126
  1968     1.73960140     1.73393838     1.82734632     1.82953939    -8.20022259    -8.19245737    -2.68677808    -2.69281438    -2.23407576    -2.23361005    11.87987432    11.89015770
  1969     1.70748179     1.70190955     1.77310772     1.77528924    -8.13764258    -8.12919749    -2.66253360    -2.66913702    -2.24693364    -2.24634518    11.80681809    11.81672265
  1970     1.67439305     1.66893065     1.71923690     1.72139488    -8.06574101    -8.05655106    -2.64191247    -2.64914671    -2.26267137    -2.26195141    11.73193380    11.74144315
  1971     1.64034024     1.63500539     1.66574340     1.66786671    -7.98345415    -7.97344872    -2.62556074    -2.63349526    -2.28154786    -2.28068767    11.65522060    11.66432058
  1972     1.60533081     1.60013973     1.61263476     1.61471318    -7.88959089    -7.87869441    -2.61421935    -2.62292872    -2.30383780    -2.30282880    11.57665008    11.58532874
  1973     1.56937445     1.56434185     1.55991657     1.56194087    -7.78282399    -7.77095740    -2.60873212    -2.61829467    -2.32983054    -2.32866437    11.49616410    11.50441162
  1974     1.53248303     1.52762203     1.50759260     1.50955457    -7.66168586    -7.64876916    -2.61004945    -2.62054481    -2.35982820    -2.35849689    11.41367225    11.42148089
  1975     1.49467043     1.48999254     1.45566484     1.45755730    -7.52457295    -7.51052936    -2.61922412    -2.63072925    -2.39414270    -2.39263883    11.32904899    11.33641294
  1976     1.45595249     1.45146762     1.40413364     1.40595045    -7.36976470    -7.35452688    -2.63739325    -2.64997635    -2.43309159    -2.43140850    11.24213018    11.24904555
  1977     1.41634683     1.41206329     1.35299776     1.35473379    -7.19546523    -7.17898430    -2.66573846    -2.67945016    -2.47699224    -2.47512422    11.15270912    11.15917374
  1978     1.37587278     1.37179729     1.30225451     1.30390563    -6.99987901    -6.98213680    -2.70541321    -2.72027458    -2.52615396    -2.52409656    11.06053170    11.06654506
  1979     1.33455120     1.33068896     1.25189981     1.25346284    -6.78133340    -6.76235805    -2.75742477    -2.77341195    -2.58086775    -2.57861803    10.96529061    10.97085375
  1980     1.29240441     1.28875912     1.20192830     1.20340099    -6.53846071    -6.51834499    -2.82245835    -2.83948455    -2.64139303    -2.63894991    10.86661832    10.87173371
  1981     1.24945605     1.24602996     1.15233343     1.15371439    -6.27044651    -6.24936656    -2.90063694    -2.91853399    -2.70794077    -2.70530537    10.76407846    10.76874990
  1982     1.20573094     1.20252493     1.10310755     1.10439619    -5.97733596    -5.95556643    -2.99122539    -3.00972890    -2.78065242    -2.77782838    10.65715522    10.66138774
  1983     1.16125500     1.15826866     1.05424200     1.05543847    -5.66036360    -5.63828286    -3.09231337    -3.11105780    -2.85957383    -2.85656773    10.54524018    10.54903998
  1984     1.11605513     1.11328680     1.00572719     1.00683232    -5.32223672    -5.30031539    -3.20054723    -3.21907767    -2.94462347    -2.94144510    10.42761584    10.43099022
  1985     1.07015910     1.06760597     0.95755266     0.95856790    -4.96727172    -4.94603949    -3.31101129    -3.32881675    -3.03555389    -3.03221657    10.30343489    10.30639220
  1986     1.02359547     1.02125364     0.90970717     0.91063453    -4.60127953    -4.58127141    -3.41736210    -3.43392944    -3.13190573    -3.12842651    10.17169398    10.17424365
  1987     0.97639348     0.97425805     0.86217878     0.86302076    -4.23114322    -4.21283459    -3.51227216    -3.52715091    -3.23295278    -3.22935256    10.03120031    10.03335287
  1988     0.92858297     0.92664811     0.81495486     0.81571442    -3.86412810    -3.84787490    -3.58814177    -3.60100381    -3.33763714    -3.33394067     9.88052880     9.88229599
  1989     0.88019432     0.87845333     0.76802222     0.76870272    -3.50707259    -3.49307315    -3.63792982    -3.64860706    -3.44449240    -3.44072810     9.71796704     9.71936193
  1990     0.83125836     0.82970377     0.72136703     0.72197235    -3.16566492    -3.15395292    -3.65589677    -3.66438761    -3.55155265    -3.54775231     9.54144419     9.54248146
  1991     0.78180630     0.78042993     0.67497374     0.67551068    -2.84397879    -2.83444532    -3.63808538    -3.64453172    -3.65624420    -3.65244253     9.34843909     9.34913533
  1992     0.73186970     0.73066270     0.62929686     0.62883413    -2.54433788    -2.53677185    -3.58246738    -3.58711307    -3.75525556    -3.75148962     9.13586168     9.13623588
  1993     0.68148040     0.68043334     0.58332485     0.58292429    -2.26746711    -2.26160033    -3.48879690    -3.49194109    -3.84438051    -3.84068915     8.89990086     8.89997504
  1994     0.63067047     0.62977339     0.53757504     0.53723316    -2.01282247    -2.00836509    -3.35827936    -3.36023543    -3.91832840    -3.91475172     8.63583188     8.63563190
  1995     0.57947218     0.57871464     0.49203220     0.49174463    -1.77565794    -1.77896155    -3.19317372    -3.19423907    -3.97049731    -3.96707635     8.33777836     8.33733500
  1996     0.52791794     0.52728910     0.44668042     0.44644262    -1.56153355    -1.56394143    -2.99641534    -2.99685278    -3.99271251    -3.98948931     7.99843168     7.99778186
  1997     0.47604032     0.47552896     0.40150349     0.40131082    -1.36383399    -1.36555223    -2.77130555    -2.77133434    -3.97494957    -3.97196802     7.60874832     7.60793656
  1998     0.42387199     0.42346654     0.35648495     0.35633270    -1.18034976    -1.18154818    -2.52128055    -2.52107435    -3.90509836    -3.90240920     7.15768498     7.15676471
  1999     0.37144568     0.37113432     0.31160811     0.31149154    -1.00894904    -1.00976286    -2.24975325    -2.24944217    -3.76648034    -3.76899070     6.63210512     6.63113933
  2000     0.31879421     0.31856486     0.26685605     0.26677042    -0.84764134    -0.84817566    -1.96001388    -1.95968888    -3.54836451    -3.55039103     6.01711497     6.01617517
  2001     0.26595045     0.26579083     0.22221173     0.22215227    -0.69460208    -0.69493713    -1.65517502    -1.65489332    -3.23129390    -3.23290290     5.29725644     5.29641808
  2002     0.21294730     0.21284496     0.17765793     0.17761989    -0.54817172    -0.54836792    -1.33814940    -1.33794009    -2.80080668    -2.80197719     4.45911990     4.45845225
  2003     0.15981770     0.15976005     0.13317733     0.13315593    -0.40683938    -0.40694198    -1.01165158    -1.01152127    -2.24893297    -2.24967078     3.49580554     3.49535504
  2004     0.10659463     0.10656897     0.08875249     0.08874298    -0.26921790    -0.26926109    -0.67821760    -0.67815571    -1.58017330    -1.58053234     2.41285211     2.41262220
  2005     0.05331106     0.05330463     0.04436590     0.04436352    -0.13401461    -0.13402504    -0.34023791    -0.34022183    -0.81682844    -0.81692363     1.23356325     1.23350055
  2006    -0.00000001     0.00000001     0.00000000     0.00000000    -0.00000001     0.00000001    -0.00000001     0.00000001    -0.00000000     0.00000000     0.00000000     0.00000000
