     0   -35.02018702   -35.02018693   -35.02018671   -35.01226731   -35.01226724   -14.74911231   -14.74911228   -14.74911225   -14.68188467   -14.68188441   -12.67285874    -0.00000000    -0.00000000    -0.00000000     0.03830453     3.76411666     3.76411686     3.76411732     7.49532117     8.99485109     8.99485109     8.99485109     8.99485109     8.99485109     8.99485109     8.99485109     8.99485109     8.99485109     8.99485109     8.99485109     8.99485109     8.99485109     8.99485109     8.99485109     8.99485109     8.99485109
     1   -35.02022891   -35.02019281   -35.02014886   -35.01226596   -35.01225954   -14.74918589   -14.74912381   -14.74902626   -14.68189054   -14.68188100   -12.67255767    -0.05287045    -0.00162777     0.00006582     0.09123290     3.76321765     3.76510856     3.76528148     7.49782435     8.99216168     8.99277756     8.99334088     8.99347454     8.99426460     8.99446847     8.99456351     8.99477080     8.99479845     8.99490000     8.99494709     8.99524810     8.99525331     8.99553675     8.99617629     8.99670953     8.99743545
     2   -35.02027095   -35.02021035   -35.02011815   -35.01226232   -35.01223686   -14.74923852   -14.74916017   -14.74893651   -14.68190770   -14.68187050   -12.67166073    -0.12103413    -0.00474536    -0.00151028     0.15955642     3.76051436     3.76824717     3.76862935     7.50523565     8.98962258     8.99003489     8.99084073     8.99214787     8.99347659     8.99384619     8.99412790     8.99432827     8.99473438     8.99486914     8.99495383     8.99564721     8.99577402     8.99623734     8.99735651     8.99842334     8.99967916
     3   -35.02030906   -35.02023839   -35.02009722   -35.01225694   -35.01220095   -14.74926301   -14.74922635   -14.74885060   -14.68193393   -14.68185297   -12.67018501    -0.19012205    -0.00929475    -0.00480553     0.22886594     3.75599262     3.77356704     3.77417347     7.51726327     8.98566036     8.98747440     8.98797468     8.99097084     8.99227731     8.99322449     8.99380061     8.99384521     8.99466012     8.99487286     8.99501476     8.99600026     8.99622052     8.99720650     8.99831451     8.99994860     9.00139653
     4   -35.02033990   -35.02027533   -35.02008706   -35.01225074   -35.01215442   -14.74932984   -14.74925447   -14.74877386   -14.68196620   -14.68182862   -12.66815494    -0.25956560    -0.01523421    -0.00988098     0.29853197     3.74963390     3.78112372     3.78191441     7.53343218     8.97944134     8.98535656     8.98590857     8.99003400     8.99131440     8.99272452     8.99327365     8.99362916     8.99458733     8.99487699     8.99507823     8.99627832     8.99653467     8.99827803     8.99899621     9.00123221     9.00247311
     5   -35.02036112   -35.02031920   -35.02008708   -35.01224472   -35.01210053   -14.74947943   -14.74921092   -14.74870854   -14.68200122   -14.68179808   -12.66559725    -0.32926912    -0.02253708    -0.01676729     0.36838534     3.74142245     3.79094989     3.79185685     7.55310478     8.97206197     8.98344610     8.98503864     8.98941341     8.99070620     8.99222078     8.99295327     8.99348166     8.99453451     8.99486465     8.99513615     8.99645049     8.99673455     8.99917731     8.99937418     9.00224064     9.00287603
     6   -35.02037159   -35.02036791   -35.02009522   -35.01223983   -35.01204287   -14.74968391   -14.74913342   -14.74865349   -14.68203606   -14.68176258   -12.66253549    -0.39919356    -0.03118822    -0.02545314     0.43831043     3.73135239     3.80300680     3.80403002     7.57551612     8.96456307     8.98254264     8.98488234     8.98916763     8.99041407     8.99174956     8.99291484     8.99340017     8.99452021     8.99483591     8.99517986     8.99649549     8.99682873     8.99944693     8.99968859     9.00265287     9.00293590
     7   -35.02041940   -35.02037136   -35.02010828   -35.01223674   -35.01198501   -14.74995070   -14.74902571   -14.74860428   -14.68206878   -14.68172404   -12.65898531    -0.46929473    -0.04117944    -0.03587953     0.50819297     3.71943368     3.81717683     3.81847415     7.59982707     8.95815722     8.98273100     8.98535932     8.98933466     8.99040259     8.99144725     8.99307817     8.99338218     8.99455436     8.99480409     8.99520215     8.99640793     8.99682686     8.99923393     8.99972753     9.00192079     9.00323854
     8   -35.02047174   -35.02036137   -35.02012259   -35.01223575   -35.01193026   -14.75028477   -14.74889360   -14.74855388   -14.68209881   -14.68168494   -12.65495178    -0.53951225    -0.05250462    -0.04794228     0.57791731     3.70569579     3.83335779     3.83513841     7.62519641     8.95405372     8.98389205     8.98631311     8.98992042     8.99064805     8.99140168     8.99334524     8.99342850     8.99463208     8.99478913     8.99519839     8.99620244     8.99674255     8.99876746     8.99933969     9.00084862     9.00305508
     9   -35.02052316   -35.02034288   -35.02013481   -35.01223673   -35.01188139   -14.75068795   -14.74874401   -14.74849363   -14.68212708   -14.68164802   -12.65042895    -0.60977296    -0.06515506    -0.06150378     0.64737550     3.69018913     3.85150863     3.85384382     7.65086906     8.95325129     8.98575070     8.98756577     8.99086779     8.99112694     8.99164701     8.99354161     8.99362931     8.99473425     8.99480201     8.99516718     8.99591417     8.99658994     8.99808494     8.99864249     8.99963313     9.00234507
    10   -35.02057210   -35.02031684   -35.02014283   -35.01223913   -35.01184050   -14.75115874   -14.74858392   -14.74841460   -14.68215590   -14.68161590   -12.64540209    -0.67999968    -0.07911492    -0.07641264     0.71647862     3.67298417     3.87160199     3.87435464     7.67627239     8.95632589     8.98794867     8.98898485     8.99179616     8.99202256     8.99217290     8.99372138     8.99389113     8.99482689     8.99483353     8.99511053     8.99559490     8.99637369     8.99724072     8.99778072     8.99845536     9.00115471
    11   -35.02061717   -35.02028342   -35.02014625   -35.01224209   -35.01180898   -14.75169262   -14.74841866   -14.74830956   -14.68218859   -14.68159067   -12.63985179    -0.75012153    -0.09435644    -0.09252821     0.78516596     3.65416908     3.89360395     3.89643361     7.70110800     8.96324906     8.99013519     8.99049878     8.99257481     8.99292735     8.99315494     8.99396363     8.99414694     8.99483450     8.99489803     8.99503658     8.99530569     8.99607719     8.99635652     8.99690147     8.99740179     8.99961080
    12   -35.02065711   -35.02024225   -35.02014627   -35.01224453   -35.01178756   -14.75228284   -14.74824807   -14.74817717   -14.68222887   -14.68157346   -12.63375920    -0.82008316    -0.11083511    -0.10974520     0.85340972     3.63384645     3.91747465     3.91987994     7.72542320     8.97327121     8.99205444     8.99206811     8.99338800     8.99375577     8.99403058     8.99427357     8.99442516     8.99482540     8.99488358     8.99497685     8.99510044     8.99560674     8.99567402     8.99612288     8.99645506     8.99789367
    13   -35.02069082   -35.02019316   -35.02014476   -35.01224538   -35.01177635   -14.75292142   -14.74806374   -14.74802511   -14.68228011   -14.68156419   -12.62711104    -0.88985100    -0.12848910    -0.12800926     0.92121405     3.61212955     3.94317011     3.94456192     7.74964697     8.98489775     8.99358345     8.99367342     8.99418821     8.99443028     8.99451431     8.99465067     8.99469478     8.99483588     8.99484358     8.99491842     8.99497485     8.99510583     8.99521082     8.99545001     8.99558280     8.99619977
    14   -35.02071731   -35.02014338   -35.02013700   -35.01224371   -35.01177506   -14.75360027   -14.74786252   -14.74785679   -14.68234465   -14.68156140   -12.61990343    -0.95941563    -0.14731049    -0.14725240     0.98860870     3.58913881     3.97043915     3.97064265     7.77457970     8.99469728     8.99476124     8.99477324     8.99481196     8.99482277     8.99483458     8.99483959     8.99484204     8.99485706     8.99486909     8.99487022     8.99489452     8.99489561     8.99492929     8.99498351     8.99500012     8.99597666
    15   -35.02073575   -35.02014292   -35.02007596   -35.01223894   -35.01178312   -14.75431217   -14.74769282   -14.74762516   -14.68242327   -14.68156234   -12.61214357    -1.02878982    -0.16765390    -0.16708105     1.05563823     3.56499866     3.99756886     3.99984062     7.80133273     8.99346804     8.99394529     8.99402960     8.99447598     8.99450106     8.99457385     8.99470319     8.99475491     8.99493526     8.99505413     8.99509170     8.99523964     8.99531341     8.99557476     8.99604313     8.99621510     9.00391746
    16   -35.02074545   -35.02014325   -35.02001345   -35.01223094   -35.01179981   -14.75505150   -14.74751497   -14.74737234   -14.68251489   -14.68156313   -12.60384907    -1.09800296    -0.18903124    -0.18796881     1.12234886     3.53983497     4.02609425     4.03070801     7.83122162     8.99237427     8.99306794     8.99309885     8.99391597     8.99410895     8.99434871     8.99454510     8.99469302     8.99504175     8.99517910     8.99545503     8.99549852     8.99579029     8.99607774     8.99691443     8.99715238     9.00616344
    17   -35.02074593   -35.02014348   -35.01995355   -35.01222008   -35.01182437   -14.75581458   -14.74732607   -14.74710462   -14.68261675   -14.68155914   -12.59504496    -1.16709285    -0.21141311    -0.20993615     1.18877529     3.51377299     4.05621617     4.06318421     7.86562308     8.98935587     8.99187777     8.99212836     8.99331774     8.99377914     8.99422011     8.99434569     8.99466444     8.99498685     8.99515219     8.99563105     8.99590750     8.99630950     8.99635164     8.99768673     8.99776498     9.00218398
    18   -35.02073689   -35.02014240   -35.01990048   -35.01220722   -35.01185603   -14.75659959   -14.74712288   -14.74682919   -14.68272495   -14.68154555   -12.58575915    -1.23609675    -0.23475440    -0.23300394     1.25492965     3.48693548     4.08815330     4.09720445     7.90581049     8.97421213     8.99087677     8.99123890     8.99271875     8.99357368     8.99412563     8.99425025     8.99465578     8.99466042     8.99525392     8.99551380     8.99633930     8.99648057     8.99682572     8.99804795     8.99810920     8.99930502
    19   -35.02071827   -35.02013880   -35.01985792   -35.01219358   -35.01189397   -14.75740627   -14.74690287   -14.74655272   -14.68283512   -14.68151793   -12.57601722    -1.30504318    -0.25900169    -0.25716818     1.32079443     3.45944071     4.12209802     4.13270077     7.95278539     8.94270397     8.99005265     8.99055259     8.99226243     8.99348407     8.99391916     8.99419846     8.99461300     8.99467259     8.99534629     8.99543460     8.99661413     8.99663195     8.99727404     8.99781744     8.99804959     8.99968823
    20   -35.02069028   -35.02013184   -35.01982862   -35.01218058   -35.01193729   -14.75823529   -14.74666463   -14.74628045   -14.68294332   -14.68147291   -12.56583775    -1.37394621    -0.28409909    -0.28238353     1.38632021     3.43140005     4.15817607     4.16960379     8.00712196     8.89627768     8.98953615     8.99019380     8.99201018     8.99343140     8.99378096     8.99380968     8.99465519     8.99469160     8.99543066     8.99567607     8.99668114     8.99676150     8.99757069     8.99758666     8.99788532     9.00029607
    21   -35.02065341   -35.02012123   -35.01981408   -35.01216964   -35.01198487   -14.75908761   -14.74640815   -14.74601556   -14.68304678   -14.68140867   -12.55522917    -1.44280312    -0.30999279    -0.30855811     1.45142800     3.40291524     4.19641741     4.20784493     8.06883509     8.83575188     8.98942397     8.99022570     8.99192259     8.99324675     8.99332837     8.99387721     8.99470406     8.99470837     8.99550202     8.99587211     8.99644828     8.99688796     8.99747617     8.99753161     8.99778773     9.00067247
    22   -35.02060841   -35.02010730   -35.01981450   -35.01216197   -35.01203531   -14.75996394   -14.74613459   -14.74575895   -14.68314445   -14.68132522   -12.54418891    -1.51159566    -0.33663587    -0.33555814     1.51601532     3.37407580     4.23674329     4.24735892     8.13726147     8.76273704     8.98972710     8.99063958     8.99187667     8.99291121     8.99324309     8.99403362     8.99471626     8.99476358     8.99553963     8.99585862     8.99605003     8.99678331     8.99722860     8.99756637     8.99767192     9.00071058
    23   -35.02055639   -35.02009092   -35.01982885   -35.01215865   -35.01208660   -14.76086430   -14.74584594   -14.74550950   -14.68323726   -14.68122444   -12.53270487    -1.58029449    -0.36399367    -0.36322034     1.57996414     3.34495752     4.27897157     4.28808611     8.21086356     8.68004573     8.99038054     8.99135928     8.99177303     8.99299520     8.99324303     8.99417596     8.99471133     8.99481154     8.99546339     8.99572139     8.99573381     8.99654155     8.99682587     8.99736085     8.99756712     9.00037591
    24   -35.02049879   -35.02007334   -35.01985520   -35.01216295   -35.01213369   -14.76178798   -14.74554448   -14.74526452   -14.68332797   -14.68110977   -12.52075912    -1.64886540    -0.39202645    -0.39139092     1.64314889     3.31562289     4.32283865     4.32997430     8.28642743     8.59240365     8.99125659     8.99182665     8.99225740     8.99335856     8.99336011     8.99423653     8.99469716     8.99483499     8.99527336     8.99553366     8.99562017     8.99626228     8.99636579     8.99687869     8.99728928     8.99968302
    25   -35.02043751   -35.02005588   -35.01989097   -35.01219413   -35.01215467   -14.76273364   -14.74523221   -14.74502046   -14.68342080   -14.68098570   -12.50833289    -1.71727614    -0.42061968    -0.42001616     1.70544293     3.28612424     4.36803364     4.37297957     8.35294716     8.51239516     8.99204344     8.99239908     8.99317739     8.99361021     8.99381869     8.99424397     8.99469719     8.99483719     8.99515919     8.99533638     8.99549722     8.99590804     8.99595268     8.99629360     8.99674136     8.99867868
    26   -35.02037498   -35.02003972   -35.01993335   -35.01223577   -35.01216251   -14.76369970   -14.74491049   -14.74477350   -14.68352069   -14.68085712   -12.49541172    -1.78550216    -0.44962530    -0.44911640     1.76672216     3.25650980     4.41423851     4.41706609     8.35192659     8.49996769     8.99279654     8.99336147     8.99391107     8.99404783     8.99426708     8.99433019     8.99472313     8.99483324     8.99506084     8.99515044     8.99530562     8.99550410     8.99559781     8.99569433     8.99603426     8.99742828
    27   -35.02031427   -35.02002569   -35.01997953   -35.01227105   -35.01216999   -14.76468484   -14.74457988   -14.74452007   -14.68363250   -14.68072865   -12.48198975    -1.85353039    -0.47896380    -0.47869008     1.82686537     3.22683229     4.46116743     4.46220464     8.27722065     8.56240463     8.99384967     8.99425811     8.99442174     8.99453806     8.99461767     8.99463605     8.99477914     8.99483710     8.99493658     8.99498087     8.99506063     8.99513928     8.99517362     8.99518885     8.99532348     8.99601090
    28   -35.02025923   -35.02002693   -35.02001407   -35.01229580   -35.01217692   -14.76568840   -14.74425707   -14.74424021   -14.68376014   -14.68060405   -12.46807217    -1.92136037    -0.50871144    -0.50862258     1.88575133     3.19715936     4.50837011     4.50859902     8.19399782     8.63521182     8.99451773     8.99473014     8.99475926     8.99476034     8.99477486     8.99479349     8.99481172     8.99483154     8.99485788     8.99487747     8.99489104     8.99490177     8.99495382     8.99497984     8.99500148     8.99515977
    29   -35.02021445   -35.02007321   -35.02000461   -35.01230683   -35.01218210   -14.76671085   -14.74398178   -14.74389103   -14.68390577   -14.68048580   -12.45367542    -1.98900275    -0.53914448    -0.53862854     1.94325265     3.16758451     4.55553827     4.55639729     8.11542567     8.70533686     8.99304799     8.99421146     8.99430691     8.99442960     8.99446206     8.99460649     8.99461680     8.99473586     8.99491628     8.99497299     8.99504245     8.99508785     8.99547950     8.99557715     8.99558161     8.99663050
    30   -35.02018513   -35.02011629   -35.01999659   -35.01230140   -35.01218424   -14.76775386   -14.74369176   -14.74353193   -14.68406932   -14.68037489   -12.43882504    -2.05647576    -0.56994840    -0.56902329     1.99922720     3.13823785     4.60368183     4.60451942     8.04449296     8.76932322     8.99170476     8.99370183     8.99377688     8.99405999     8.99424577     8.99445361     8.99448807     8.99460417     8.99503428     8.99508032     8.99526484     8.99531112     8.99602104     8.99605875     8.99620229     8.99816134
    31   -35.02017676   -35.02015421   -35.01998898   -35.01227777   -35.01218181   -14.76882024   -14.74338466   -14.74316293   -14.68424837   -14.68027089   -12.42355186    -2.12380036    -0.60107955    -0.59983989     2.05350714     3.10929564     4.65275286     4.65302395     7.98185320     8.82551964     8.99059377     8.99316790     8.99320029     8.99369654     8.99389066     8.99415393     8.99448385     8.99464672     8.99515664     8.99526324     8.99555611     8.99573272     8.99642117     8.99661592     8.99682572     8.99967392
    32   -35.02019457   -35.02018503   -35.01998063   -35.01223794   -35.01217066   -14.76991361   -14.74305828   -14.74278453   -14.68443839   -14.68017221   -12.40788718    -2.19099510    -0.63249313    -0.63108329     2.10588597     3.08098876     4.70194606     4.70278805     7.92695044     8.87307879     8.98982280     8.99252433     8.99269322     8.99337729     8.99354335     8.99382444     8.99451027     8.99470827     8.99527428     8.99545588     8.99588999     8.99628368     8.99691234     8.99709489     8.99744048     9.00112723
    33   -35.02024289   -35.02020674   -35.01997052   -35.01220004   -35.01213199   -14.77103781   -14.74271067   -14.74239763   -14.68463354   -14.68007662   -12.39185805    -2.25807171    -0.66414524    -0.66271772     2.15610380     3.05361021     4.75153638     4.75364420     7.87844075     8.91171219     8.98949600     8.99194122     8.99218562     8.99313174     8.99330789     8.99357892     8.99448187     8.99475502     8.99543481     8.99560913     8.99609103     8.99682578     8.99745894     8.99751384     8.99806215     9.00250569
    34   -35.02032449   -35.02021727   -35.01995798   -35.01218041   -35.01205044   -14.77219624   -14.74234038   -14.74200329   -14.68482767   -14.67998168   -12.37548341    -2.32503213    -0.69599528    -0.69466385     2.20383095     3.02752267     4.80191766     4.80531446     7.83452022     8.94155479     8.98969407     8.99152361     8.99175380     8.99297947     8.99322633     8.99345375     8.99444340     8.99477597     8.99563244     8.99569613     8.99615845     8.99719224     8.99767603     8.99805666     8.99870738     9.00377001
    35   -35.02044004   -35.02021463   -35.01994277   -35.01216600   -35.01194164   -14.77339114   -14.74194659   -14.74160257   -14.68501554   -14.67988536   -12.35877197    -2.39186763    -0.72800576    -0.72680878     2.24865054     3.00316626     4.85324830     4.85774030     7.79323488     8.96301700     8.99036365     8.99134812     8.99157156     8.99293370     8.99332058     8.99345744     8.99450446     8.99476970     8.99570927     8.99584412     8.99617208     8.99731331     8.99773199     8.99842638     8.99929297     9.00480727
    36   -35.02058789   -35.02019710   -35.01992515   -35.01215210   -35.01181421   -14.77462303   -14.74152928   -14.74119634   -14.68519385   -14.67978638   -12.34172193    -2.45856006    -0.76013200    -0.75903457     2.29004245     2.98106565     4.90564961     4.91086543     7.75276220     8.97669670     8.99087382     8.99144555     8.99204039     8.99300197     8.99357213     8.99357514     8.99474301     8.99484660     8.99565618     8.99587995     8.99662694     8.99719755     8.99763545     8.99870945     8.99967481     9.00543765
    37   -35.02076412   -35.02016354   -35.01990580   -35.01213809   -35.01167354   -14.77589027   -14.74108922   -14.74078520   -14.68536198   -14.67968447   -12.32432271    -2.52508498    -0.79230257    -0.79126013     2.32737471     2.96183155     4.95919246     4.96463749     7.71164098     8.98401591     8.99111899     8.99179873     8.99266327     8.99318275     8.99377446     8.99378711     8.99471049     8.99516427     8.99555313     8.99572678     8.99688936     8.99739439     8.99750733     8.99973158     8.99973267     9.00546769
    38   -35.02096285   -35.02011368   -35.01988569   -35.01212400   -35.01152464   -14.77718900   -14.74062802   -14.74036943   -14.68552222   -14.67958032   -12.30655802    -2.59141612    -0.82442632    -0.82345598     2.35991489     2.94614514     5.01388981     5.01901130     7.66893095     8.98780434     8.99152271     8.99235125     8.99311398     8.99346315     8.99395421     8.99401505     8.99469179     8.99519028     8.99541842     8.99554116     8.99645593     8.99701480     8.99742269     8.99938867     9.00127800     9.00473766
    39   -35.02117680   -35.02004844   -35.01986585   -35.01210980   -35.01137233   -14.77851333   -14.74014807   -14.73994904   -14.68567945   -14.67947546   -12.28840982    -2.65753006    -0.85643394    -0.85561862     2.38688118     2.93470642     5.06969634     5.07395138     7.62429147     8.99023397     8.99215532     8.99302400     8.99354804     8.99381889     8.99415214     8.99425754     8.99470511     8.99510280     8.99526785     8.99535495     8.99596916     8.99651430     8.99691268     8.99862222     9.00131454     9.00313662
    40   -35.02139798   -35.01997002   -35.01984715   -35.01209534   -35.01122092   -14.77985583   -14.73965247   -14.73952370   -14.68584032   -14.67937177   -12.26986221    -2.72341035    -0.88830632    -0.88774887     2.40755196     2.92812819     5.12651457     5.12943300     7.57797713     8.99214345     8.99301081     8.99373589     8.99401181     8.99421536     8.99439759     8.99448075     8.99475439     8.99499905     8.99511192     8.99516830     8.99549425     8.99592380     8.99620931     8.99745878     8.99972762     9.00062272
    41   -35.02161833   -35.01988191   -35.01983020   -35.01208036   -35.01107404   -14.78120839   -14.73914499   -14.73909279   -14.68601207   -14.67927111   -12.25090457    -2.78905018    -0.92007484    -0.91984708     2.42142858     2.92678053     5.18420576     5.18544158     7.53075507     8.99381520     8.99406244     8.99442377     8.99450645     8.99461014     8.99466991     8.99469665     8.99481746     8.99490810     8.99495511     8.99497923     8.99508037     8.99528359     8.99540500     8.99597072     8.99702945     8.99732629
    42   -35.02183041   -35.01981516   -35.01978868   -35.01206460   -35.01093450   -14.78256304   -14.73865545   -14.73862986   -14.68620130   -14.67917479   -12.23153347    -2.85445309    -0.95191363    -0.95180619     2.42839640     2.93063995     5.24197054     5.24260397     7.48375849     8.99357267     8.99369443     8.99426721     8.99457694     8.99463807     8.99475040     8.99478577     8.99479998     8.99482210     8.99486321     8.99493350     8.99493904     8.99496121     8.99502703     8.99505376     8.99526435     8.99535026
    43   -35.02202792   -35.01980177   -35.01969561   -35.01204795   -35.01080431   -14.78391292   -14.73821064   -14.73811153   -14.68641268   -14.67908321   -12.21175308    -2.91963162    -0.98394939    -0.98357970     2.42879473     2.93923070     5.29901792     5.30153176     7.43830001     8.98972591     8.99013683     8.99248184     8.99379470     8.99403014     8.99449022     8.99458087     8.99465883     8.99473286     8.99488172     8.99518766     8.99519185     8.99525209     8.99556169     8.99561790     8.99653174     8.99678192
    44   -35.02220610   -35.01978943   -35.01960816   -35.01203050   -35.01068479   -14.78525307   -14.73775733   -14.73759432   -14.68664807   -14.67899558   -12.19157431    -2.98460422    -1.01595702    -1.01546114     2.42334539     2.95170685     5.35658257     5.36081595     7.39567572     8.98606675     8.98677298     8.99075826     8.99311406     8.99349572     8.99425809     8.99436230     8.99454934     8.99465150     8.99489082     8.99539768     8.99540906     8.99554301     8.99608422     8.99612122     8.99771443     8.99813840
    45   -35.02236194   -35.01977732   -35.01953138   -35.01201260   -35.01057670   -14.78658095   -14.73729462   -14.73708194   -14.68690612   -14.67890987   -12.17101292    -3.04939108    -1.04794944    -1.04747172     2.41298191     2.96703074     5.41466052     5.42030238     7.35699219     8.98282243     8.98396222     8.98923550     8.99257200     8.99305996     8.99403486     8.99415104     8.99445212     8.99459505     8.99492943     8.99553388     8.99559675     8.99584577     8.99655653     8.99657050     8.99865959     8.99941662
    46   -35.02249411   -35.01976455   -35.01946942   -35.01199489   -35.01048037   -14.78789664   -14.73682201   -14.73657719   -14.68718229   -14.67882302   -12.15008728    -3.11400962    -1.07999124    -1.07953157     2.39867261     2.98415328     5.47324232     5.47986860     7.32304275     8.98023116     8.98192045     8.98803445     8.99218680     8.99273606     8.99384056     8.99398581     8.99433137     8.99457248     8.99501905     8.99564797     8.99574364     8.99611617     8.99693760     8.99696554     8.99929731     9.00053424
    47   -35.02260281   -35.01975038   -35.01942506   -35.01197817   -35.01039582   -14.78920264   -14.73633946   -14.73608154   -14.68746953   -14.67873130   -12.12881620    -3.17847059    -1.11218674    -1.11146709     2.38130113     3.00213221     5.53231177     5.53943363     7.29424809     8.97850113     8.98074238     8.98724636     8.99196315     8.99252752     8.99370831     8.99389784     8.99419159     8.99458512     8.99512632     8.99578277     8.99584570     8.99632393     8.99719309     8.99729272     8.99960776     9.00139244
    48   -35.02268933   -35.01973431   -35.01939943   -35.01196333   -35.01032285   -14.79050329   -14.73584748   -14.73559500   -14.68775938   -14.67863081   -12.10721735    -3.24277555    -1.14444062    -1.14325748     2.36161290     3.02018043     5.59184621     5.59896374     7.27066308     8.97776203     8.98043821     8.98692458     8.99189852     8.99243276     8.99366379     8.99389277     8.99406406     8.99463000     8.99520224     8.99590391     8.99595569     8.99645425     8.99730274     8.99752629     8.99960271     9.00191243
    49   -35.02275565   -35.01971619   -35.01939201   -35.01195120   -35.01026114   -14.79180396   -14.73534709   -14.73511613   -14.68804333   -14.67851814   -12.08530630    -3.30691611    -1.17658372    -1.17492635     2.34020649     3.03766751     5.65181837     5.65847342     7.25203907     8.97804781     8.98095036     8.98708008     8.99198598     8.99244996     8.99371246     8.99395187     8.99398272     8.99469969     8.99523269     8.99592242     8.99613225     8.99650399     8.99726346     8.99763831     8.99932227     9.00204419
    50   -35.02280395   -35.01969624   -35.01940079   -35.01194236   -35.01021028   -14.79311009   -14.73483970   -14.73464231   -14.68831424   -14.67839088   -12.06309631    -3.37087516    -1.20847310    -1.20646559     2.31754678     3.05409959     5.71219908     5.71802078     7.23792278     8.97929698     8.98216782     8.98768134     8.99221265     8.99257877     8.99382321     8.99398678     8.99404987     8.99477937     8.99522954     8.99590308     8.99624467     8.99647894     8.99708873     8.99760798     8.99882691     9.00176957
    51   -35.02283624   -35.01967492   -35.01942256   -35.01193704   -35.01016979   -14.79442622   -14.73432685   -14.73417009   -14.68856758   -14.67824808   -12.04059859    -3.43462975    -1.23999651    -1.23785635     2.29398570     3.06909403     5.77296038     5.77769745     7.22776902     8.98136456     8.98394371     8.98865884     8.99255761     8.99281789     8.99392449     8.99412628     8.99417210     8.99484864     8.99520579     8.99583889     8.99622409     8.99639483     8.99680549     8.99742458     8.99818506     9.00110247
    52   -35.02285414   -35.01965292   -35.01945345   -35.01193500   -35.01013920   -14.79575527   -14.73380999   -14.73369575   -14.68880218   -14.67809050   -12.01782268    -3.49815509    -1.27108580    -1.26907698     2.26978410     3.08235665     5.83407824     5.83761372     7.22104647     8.98404306     8.98611564     8.98991349     8.99299247     8.99316022     8.99404165     8.99431513     8.99433611     8.99489213     8.99516795     8.99571437     8.99605656     8.99623877     8.99644758     8.99708570     8.99746043     9.00008667
    53   -35.02285878   -35.01963093   -35.01948933   -35.01193555   -35.01011804   -14.79709801   -14.73329018   -14.73321587   -14.68902042   -14.67792057   -11.99477676    -3.56142875    -1.30172712    -1.30010564     2.24513240     3.09366394     5.89553425     5.89788072     7.21732042     8.98708869     8.98852515     8.99132820     8.99348587     8.99358853     8.99420786     8.99447540     8.99454043     8.99490622     8.99511473     8.99552103     8.99578791     8.99597088     8.99604270     8.99659681     8.99670386     8.99879147
    54   -35.02285096   -35.01960958   -35.01952634   -35.01193759   -35.01010588   -14.79845299   -14.73276795   -14.73272791   -14.68922786   -14.67774214   -11.97146751    -3.62443431    -1.33196104    -1.33092137     2.22016967     3.10285030     5.95731581     5.95859240     7.21630365     8.99024909     8.99103154     8.99278075     8.99401077     8.99407399     8.99442488     8.99463969     8.99470445     8.99489564     8.99503807     8.99527444     8.99545081     8.99559292     8.99560075     8.99595246     8.99597677     8.99730538
    55   -35.02283130   -35.01958926   -35.01956117   -35.01193977   -35.01010235   -14.79981671   -14.73224311   -14.73223054   -14.68943222   -14.67756001   -11.94789962    -3.68716353    -1.36187160    -1.36150462     2.19500074     3.10979909     6.01941472     6.01981032     7.21787361     8.99328895     8.99351669     8.99415645     8.99454963     8.99457832     8.99468806     8.99478564     8.99481407     8.99486897     8.99492816     8.99500384     8.99507088     8.99512469     8.99513130     8.99523198     8.99526492     8.99572840
    56   -35.02280060   -35.01959128   -35.01957013   -35.01194066   -35.01010716   -14.80118424   -14.73172389   -14.73171483   -14.68964208   -14.67737935   -11.92407488    -3.74961676    -1.39183728    -1.39156607     2.16971081     3.11443647     6.08155401     6.08182424     7.22205963     8.99416364     8.99452062     8.99455751     8.99462049     8.99463163     8.99467476     8.99472979     8.99478190     8.99483657     8.99486932     8.99489407     8.99498820     8.99505937     8.99509184     8.99535909     8.99588129     8.99601134
    57   -35.02276007   -35.01961500   -35.01955203   -35.01193899   -35.01012007   -14.80254991   -14.73120913   -14.73118213   -14.68986540   -14.67720498   -11.89999141    -3.81180138    -1.42190257    -1.42114946     2.14437674     3.11672695     6.14379885     6.14453551     7.22900767     8.99270926     8.99381044     8.99393287     8.99410423     8.99415023     8.99428865     8.99447056     8.99460917     8.99480388     8.99487808     8.99496523     8.99530902     8.99547890     8.99562490     8.99631912     8.99803274     8.99827755
    58   -35.02271156   -35.01963144   -35.01953456   -35.01193384   -35.01014088   -14.80390814   -14.73068782   -14.73064453   -14.69010817   -14.67704085   -11.87564306    -3.87372862    -1.45168490    -1.45069914     2.11907453     3.11666978     6.20648130     6.20753486     7.23893248     8.99145129     8.99318525     8.99334967     8.99364299     8.99370915     8.99393623     8.99426207     8.99443212     8.99476395     8.99485211     8.99502281     8.99562379     8.99581262     8.99612797     8.99699856     8.99982236     9.00007271
    59   -35.02265763   -35.01964036   -35.01951706   -35.01192478   -35.01016939   -14.80525422   -14.73016121   -14.73010266   -14.69037347   -14.67688946   -11.85101970    -3.93540947    -1.48116992    -1.48024487     2.09388242     3.11429564     6.26950935     6.27080458     7.25206668     8.99045780     8.99266378     8.99278953     8.99330697     8.99334739     8.99363966     8.99414570     8.99428004     8.99470587     8.99480696     8.99509460     8.99588545     8.99606722     8.99657261     8.99739277     9.00097382     9.00157790
    60   -35.02260142   -35.01964198   -35.01949883   -35.01191195   -35.01020528   -14.80658484   -14.72963007   -14.72955823   -14.69066095   -14.67675163   -11.82610823    -3.99685047    -1.51034541    -1.50975801     2.06887998     3.10966306     6.33277675     6.33432701     7.26861559     8.98977443     8.99225049     8.99225221     8.99310821     8.99312135     8.99342846     8.99413682     8.99418708     8.99462909     8.99476396     8.99519086     8.99603017     8.99628244     8.99692847     8.99752983     9.00150502     9.00274614
    61   -35.02254642   -35.01963668   -35.01947922   -35.01189601   -35.01024812   -14.80789837   -14.72909497   -14.72901344   -14.69096696   -14.67662642   -11.80089465    -4.05805018    -1.53923907    -1.53911619     2.04414401     3.10285448     6.39618511     6.39808491     7.28872380     8.98942153     8.99177827     8.99196209     8.99300980     8.99301073     8.99334626     8.99419008     8.99421499     8.99454400     8.99475164     8.99530495     8.99606105     8.99644866     8.99716971     8.99747021     9.00151369     9.00350985
    62   -35.02249606   -35.01962477   -35.01945789   -35.01187810   -35.01029724   -14.80919483   -14.72855658   -14.72847048   -14.69128525   -14.67651129   -11.77536677    -4.11899727    -1.56833801    -1.56769843     2.01974251     3.09397179     6.45967425     6.46205343     7.31245682     8.98939353     8.99143016     8.99181795     8.99291141     8.99304891     8.99336994     8.99429068     8.99429928     8.99450518     8.99480115     8.99541948     8.99602398     8.99652224     8.99727979     8.99731333     9.00109844     9.00384753
    63   -35.02245325   -35.01960627   -35.01943503   -35.01185962   -35.01035168   -14.81047561   -14.72801582   -14.72793107   -14.69160804   -14.67640248   -11.74951719    -4.17967038    -1.59712303    -1.59587450     1.99572846     3.08313138     6.52324430     6.52619556     7.33979761     8.98966047     8.99126647     8.99182437     8.99285505     8.99320269     8.99343792     8.99424922     8.99441485     8.99462613     8.99490429     8.99550959     8.99594673     8.99646612     8.99720318     8.99725380     9.00037087     9.00375578
    64   -35.02241998   -35.01958088   -35.01941138   -35.01184204   -35.01041025   -14.81174287   -14.72747383   -14.72739628   -14.69192738   -14.67629559   -11.72334605    -4.24004009    -1.62540100    -1.62370042     1.97213510     3.07045870     6.58695742     6.59046869     7.37065524     8.99017163     8.99132907     8.99197137     8.99287932     8.99344284     8.99354482     8.99416065     8.99451463     8.99479433     8.99497102     8.99554963     8.99580695     8.99631237     8.99709829     8.99722782     8.99944681     9.00324261
    65   -35.02239700   -35.01954815   -35.01938813   -35.01182672   -35.01047147   -14.81299906   -14.72693187   -14.72686648   -14.69223645   -14.67618620   -11.69686284    -4.30007244    -1.65307508    -1.65117451     1.94897398     3.05608249     6.65092508     6.65483404     7.40488132     8.99086048     8.99163812     8.99224234     8.99301577     8.99369730     8.99373393     8.99410455     8.99459365     8.99493585     8.99496079     8.99552364     8.99559383     8.99612387     8.99682833     8.99729991     8.99843642     9.00232692
    66   -35.02238366   -35.01950784   -35.01936668   -35.01181472   -35.01053376   -14.81424625   -14.72639126   -14.72634137   -14.69253066   -14.67607052   -11.67008709    -4.35973345    -1.68010471    -1.67829626     1.92623667     3.04012851     6.71528652     6.71926290     7.44228891     8.99165521     8.99218751     8.99262955     8.99327507     8.99389529     8.99402194     8.99413452     8.99465270     8.99491935     8.99502018     8.99537177     8.99543356     8.99589253     8.99646287     8.99724617     8.99743619     9.00104322
    67   -35.02237794   -35.01946015   -35.01934830   -35.01180663   -35.01059554   -14.81548576   -14.72585322   -14.72582012   -14.69280831   -14.67594591   -11.64304748    -4.41899391    -1.70651263    -1.70506683     1.90389996     3.02271340     6.78018054     6.78373988     7.48266974     8.99251079     8.99292283     8.99313799     8.99364221     8.99413484     8.99418559     8.99436416     8.99469454     8.99488833     8.99503169     8.99518535     8.99529772     8.99561654     8.99602158     8.99652301     8.99692795     8.99944926
    68   -35.02237677   -35.01940607   -35.01933388   -35.01180251   -35.01065545   -14.81671799   -14.72531877   -14.72530155   -14.69307075   -14.67581129   -11.61577955    -4.47783331    -1.73237978    -1.73148830     1.88193391     3.00393905     6.84571404     6.84826408     7.52580672     8.99342773     8.99373541     8.99376869     8.99409282     8.99439274     8.99440977     8.99460944     8.99473922     8.99487276     8.99497684     8.99503580     8.99513429     8.99531060     8.99552952     8.99574672     8.99628728     8.99763181
    69   -35.02237639   -35.01934740   -35.01932368   -35.01180188   -35.01071253   -14.81794238   -14.72478867   -14.72478433   -14.69332194   -14.67566717   -11.58832232    -4.53624255    -1.75782817    -1.75756268     1.86031131     2.98388833     6.91193289     6.91284834     7.57148094     8.99440382     8.99450222     8.99452492     8.99460689     8.99469344     8.99471138     8.99479285     8.99480950     8.99485924     8.99488999     8.99490623     8.99494437     8.99499221     8.99504227     8.99510630     8.99534550     8.99570636
    70   -35.02237290   -35.01931732   -35.01928671   -35.01180370   -35.01076642   -14.81915766   -14.72426727   -14.72426331   -14.69356761   -14.67551561   -11.56071437    -4.59422459    -1.78329079    -1.78299476     1.83901677     2.96262309     6.97751667     6.97880071     7.61947389     8.99380881     8.99418953     8.99454937     8.99464544     8.99467798     8.99473001     8.99478303     8.99480532     8.99483817     8.99490485     8.99491118     8.99502805     8.99506089     8.99516595     8.99522972     8.99529750     8.99541681
    71   -35.02236282   -35.01931375   -35.01922708   -35.01180660   -35.01081739   -14.82036221   -14.72374949   -14.72374266   -14.69381412   -14.67535980   -11.53298994    -4.65179318    -1.80867155    -1.80800162     1.81805382     2.94018516     7.04230015     7.04619019     7.66956730     8.99208032     8.99295196     8.99405466     8.99436083     8.99438374     8.99452458     8.99466344     8.99472439     8.99480770     8.99496339     8.99503599     8.99534358     8.99544453     8.99574398     8.99581813     8.99610118     8.99644029
    72   -35.02234355   -35.01931145   -35.01917174   -35.01180897   -35.01086629   -14.82155443   -14.72323134   -14.72322557   -14.69406723   -14.67520358   -11.50517589    -4.70896978    -1.83370230    -1.83292773     1.79744857     2.91660062     7.10723171     7.11388992     7.72154285     8.99064864     8.99178615     8.99363642     8.99412528     8.99413425     8.99439048     8.99455214     8.99462480     8.99477299     8.99501069     8.99517018     8.99563541     8.99578358     8.99628064     8.99630191     8.99686119     8.99744831
    73   -35.02231374   -35.01930862   -35.01912369   -35.01180933   -35.01091436   -14.82273309   -14.72271726   -14.72270702   -14.69433111   -14.67505084   -11.47728976    -4.76577913    -1.85838456    -1.85778409     1.77724915     2.89188707     7.17234065     7.18162692     7.77518417     8.98960999     8.99083914     8.99330449     8.99391793     8.99394198     8.99432513     8.99445610     8.99452402     8.99474339     8.99507612     8.99529864     8.99587591     8.99602499     8.99662388     8.99678874     8.99753850     8.99840826
    74   -35.02227346   -35.01930346   -35.01908524   -35.01180648   -35.01096298   -14.82389749   -14.72220814   -14.72218585   -14.69460763   -14.67490491   -11.44933952    -4.82224428    -1.88279366    -1.88243779     1.75752107     2.86606318     7.23764733     7.24910271     7.83028180     8.98901524     8.99022661     8.99304077     8.99377427     8.99382217     8.99424819     8.99438269     8.99450692     8.99472696     8.99515501     8.99540500     8.99603741     8.99613857     8.99686297     8.99715235     8.99810950     8.99927351
    75   -35.02222409   -35.01929446   -35.01905778   -35.01179973   -35.01101334   -14.82504753   -14.72170150   -14.72166465   -14.69489612   -14.67476814   -11.42132467    -4.87838182    -1.90722305    -1.90647592     1.73833921     2.83915898     7.30315898     7.31603798     7.88664079     8.98886330     8.99001367     8.99280828     8.99370081     8.99382117     8.99419265     8.99433992     8.99456097     8.99472585     8.99522936     8.99547115     8.99609840     8.99612185     8.99701301     8.99735940     8.99855543     8.99998327
    76   -35.02216813   -35.01928058   -35.01904154   -35.01178898   -35.01106623   -14.82618356   -14.72119603   -14.72114521   -14.69519365   -14.67464152   -11.39323868    -4.93419794    -1.93140982    -1.93000132     1.71977789     2.81122533     7.36886693     7.38221885     7.94408887     8.98910301     8.99020447     8.99260561     8.99369543     8.99394073     8.99422603     8.99433514     8.99463435     8.99473611     8.99528693     8.99547930     8.99599655     8.99605041     8.99708290     8.99740767     8.99885143     9.00046987
    77   -35.02210874   -35.01926145   -35.01903558   -35.01177471   -35.01112185   -14.82730609   -14.72069082   -14.72062923   -14.69549569   -14.67452465   -11.36507209    -4.98968605    -1.95509922    -1.95309816     1.70190080     2.78234069     7.43474584     7.44753676     8.00248257     8.98964359     8.99074234     8.99248501     8.99374713     8.99410366     8.99437161     8.99437917     8.99471156     8.99475099     8.99532508     8.99541782     8.99580363     8.99590626     8.99707424     8.99731705     8.99896708     9.00066995
    78   -35.02204929   -35.01923734   -35.01903797   -35.01175785   -35.01117978   -14.82841548   -14.72018534   -14.72011829   -14.69579704   -14.67441582   -11.33681580    -5.04482593    -1.97814262    -1.97576699     1.68475248     2.75261379     7.50075469     7.51201434     8.06170820     8.99037260     8.99152012     8.99251267     8.99383855     8.99424372     8.99444541     8.99458772     8.99476454     8.99481608     8.99529024     8.99533306     8.99560662     8.99570454     8.99698624     8.99711077     8.99887337     9.00053653
    79   -35.02199285   -35.01920921   -35.01904606   -35.01173961   -35.01123904   -14.82951164   -14.71967955   -14.71961362   -14.69609280   -14.67431235   -11.30846398    -5.09958482    -2.00044818    -1.99800305     1.66835277     2.72218139     7.56683979     7.57581194     8.12167549     8.99118151     8.99239857     8.99273305     8.99395158     8.99436199     8.99454297     8.99470302     8.99477434     8.99497391     8.99512819     8.99527117     8.99549412     8.99549788     8.99680729     8.99682081     8.99854959     9.00004959
    80   -35.02194180   -35.01917844   -35.01905684   -35.01172129   -35.01129821   -14.83059385   -14.71917395   -14.71911593   -14.69637927   -14.67421109   -11.28001615    -5.15391978    -2.02199245    -2.01980405     1.65269502     2.69120105     7.63293930     7.63921255     8.18230292     8.99200131     8.99313971     8.99322881     8.99408034     8.99445956     8.99464339     8.99475876     8.99478554     8.99498857     8.99501016     8.99524760     8.99530667     8.99543978     8.99642610     8.99657814     8.99799023     8.99922296
    81   -35.02189762   -35.01914672   -35.01906737   -35.01170407   -35.01135566   -14.83166070   -14.71866957   -14.71862536   -14.69665455   -14.67410893   -11.25147830    -5.20778127    -2.04282472    -2.04117131     1.63774828     2.65984008     7.69898892     7.70258695     8.24349565     8.99282705     8.99365999     8.99387145     8.99426344     8.99454805     8.99472554     8.99479849     8.99481090     8.99490529     8.99494570     8.99515293     8.99524818     8.99532909     8.99599314     8.99623963     8.99721237     8.99810587
    82   -35.02186075   -35.01911573   -35.01907513   -35.01168885   -35.01140981   -14.83271029   -14.71816785   -14.71814155   -14.69691872   -14.67400335   -11.22286319    -5.26111710    -2.06305773    -2.06210941     1.62346281     2.62826238     7.76492849     7.76634377     8.30511866     8.99368158     8.99419845     8.99428177     8.99454498     8.99465318     8.99478739     8.99482537     8.99483867     8.99486897     8.99490117     8.99502452     8.99512642     8.99516956     8.99553188     8.99576195     8.99626112     8.99677795
    83   -35.02183069   -35.01908696   -35.01907826   -35.01167614   -35.01145937   -14.83374049   -14.71767050   -14.71766376   -14.69717368   -14.67389281   -11.19418980    -5.31387647    -2.08284554    -2.08262519     1.60977790     2.59661556     7.83071011     7.83087016     8.36696946     8.99455951     8.99468655     8.99469708     8.99478854     8.99479495     8.99483720     8.99484478     8.99484719     8.99485736     8.99486601     8.99489558     8.99491928     8.99494777     8.99503425     8.99510846     8.99520895     8.99533802
    84   -35.02180625   -35.01907580   -35.01906148   -35.01166603   -35.01150352   -14.83474928   -14.71719114   -14.71717927   -14.69742259   -14.67377698   -11.16548257    -5.36601342    -2.10272664    -2.10235212     1.59663071     2.56502066     7.89628225     7.89649571     8.42875515     8.99388861     8.99414487     8.99428498     8.99444343     8.99462782     8.99472792     8.99476770     8.99481307     8.99483145     8.99486370     8.99486438     8.99487421     8.99495957     8.99497486     8.99514094     8.99523490     8.99542113
    85   -35.02178576   -35.01906761   -35.01903985   -35.01165826   -35.01154201   -14.83573516   -14.71672304   -14.71669586   -14.69766909   -14.67365675   -11.13677056    -5.41748946    -2.12242343    -2.12171498     1.58396461     2.53356629     7.96166410     7.96337201     8.49007876     8.99251997     8.99314861     8.99334492     8.99371994     8.99424272     8.99459055     8.99467968     8.99474071     8.99479272     8.99487987     8.99488931     8.99490239     8.99511227     8.99518220     8.99553248     8.99594498     8.99621332
    86   -35.02176748   -35.01905437   -35.01902206   -35.01165233   -35.01157515   -14.83669738   -14.71625921   -14.71622165   -14.69791644   -14.67353402   -11.10808679    -5.46827504    -2.14173692    -2.14100303     1.57173598     2.50230814     8.02684645     8.03153678     8.55043848     8.99129934     8.99223616     8.99237348     8.99294612     8.99385012     8.99449686     8.99463144     8.99469132     8.99477157     8.99488697     8.99488791     8.99496060     8.99528752     8.99540653     8.99586940     8.99678999     8.99688850
    87   -35.02174981   -35.01903733   -35.01900755   -35.01164784   -35.01160350   -14.83763607   -14.71580006   -14.71575771   -14.69816672   -14.67341132   -11.07946785    -5.51834994    -2.16077159    -2.16012296     1.55991850     2.47127371     8.09186564     8.10081991     8.60924176     8.99027053     8.99131943     8.99146760     8.99234404     8.99351383     8.99439575     8.99458216     8.99473938     8.99478053     8.99487029     8.99488520     8.99506680     8.99550773     8.99564250     8.99613914     8.99741555     8.99772001
    88   -35.02173153   -35.01901820   -35.01899528   -35.01164670   -35.01162572   -14.83855214   -14.71534669   -14.71530474   -14.69842038   -14.67329134   -11.05095371    -5.56770251    -2.17980179    -2.17872472     1.54850472     2.44047107     8.15677281     8.17087061     8.66583387     8.98946321     8.99039085     8.99071988     8.99204620     8.99327896     8.99429436     8.99453381     8.99477075     8.99486642     8.99486733     8.99489453     8.99521328     8.99579106     8.99588292     8.99632997     8.99778317     8.99866878
    89   -35.02171190   -35.01899925   -35.01898348   -35.01166072   -35.01163085   -14.83944712   -14.71490084   -14.71486307   -14.69867607   -14.67317647   -11.02258739    -5.61632801    -2.19873008    -2.19675189     1.53750486     2.40989987     8.22162644     8.24117711     8.71953811     8.98890405     8.98958444     8.99020717     8.99200788     8.99315347     8.99422920     8.99450231     8.99473885     8.99485393     8.99487511     8.99510059     8.99535400     8.99609393     8.99614117     8.99645905     8.99799713     8.99955593
    90   -35.02169067   -35.01898352   -35.01896939   -35.01168388   -35.01162598   -14.84032271   -14.71446476   -14.71443268   -14.69893090   -14.67306839   -10.99441439    -5.66422633    -2.21727181    -2.21428065     1.52694347     2.37956214     8.28647713     8.31110638     8.76970345     8.98862245     8.98903212     8.98997983     8.99214581     8.99311435     8.99422497     8.99449515     8.99471258     8.99483695     8.99487858     8.99532388     8.99545517     8.99618121     8.99652738     8.99660307     8.99807461     9.00028867
    91   -35.02166797   -35.01897116   -35.01895298   -35.01170961   -35.01161883   -14.84118051   -14.71404084   -14.71401336   -14.69918100   -14.67296777   -10.96648151    -5.71139913    -2.23519256    -2.23131659     1.51685474     2.34947083     8.35134711     8.37995595     8.81575365     8.98864750     8.98882710     8.99005353     8.99238478     8.99313701     8.99428375     8.99451187     8.99470716     8.99482458     8.99487112     8.99550237     8.99551233     8.99612060     8.99676049     8.99689042     8.99803832     9.00076705
    92   -35.02164420   -35.01895927   -35.01893711   -35.01173789   -35.01161047   -14.84202158   -14.71363081   -14.71360519   -14.69942237   -14.67287422   -10.93883505    -5.75784690    -2.25229247    -2.24784892     1.50727731     2.31965437     8.41620541     8.44700998     8.85723195     8.98899698     8.98901861     8.99041057     8.99267478     8.99321799     8.99438324     8.99454633     8.99472857     8.99481831     8.99485424     8.99548966     8.99562047     8.99599009     8.99682491     8.99715401     8.99790646     9.00089508
    93   -35.02161990   -35.01894643   -35.01892307   -35.01176913   -35.01160142   -14.84284629   -14.71323478   -14.71320921   -14.69965171   -14.67278642   -10.91151851    -5.80356598    -2.26842578    -2.26386672     1.49824942     2.29015651     8.48094036     8.51159127     8.89383576     8.98960891     8.98966556     8.99100975     8.99299642     8.99337013     8.99449273     8.99459198     8.99477054     8.99481598     8.99483626     8.99541872     8.99560553     8.99585409     8.99673076     8.99723718     8.99767144     9.00059708
    94   -35.02159557   -35.01893234   -35.01891104   -35.01180345   -35.01159221   -14.84365424   -14.71285164   -14.71282672   -14.69986711   -14.67270235   -10.88456992    -5.84854579    -2.28352228    -2.27936399     1.48980504     2.26103158     8.54533215     8.57310208     8.92543697     8.99055416     8.99061983     8.99179676     8.99335292     8.99360565     8.99459100     8.99464503     8.99480227     8.99481457     8.99484209     8.99530056     8.99547135     8.99572211     8.99647296     8.99707421     8.99729051     8.99983604
    95   -35.02157166   -35.01891717   -35.01890076   -35.01184069   -35.01158330   -14.84444433   -14.71247998   -14.71245832   -14.70006859   -14.67261976   -10.85801956    -5.89276654    -2.29759797    -2.29434178     1.48197131     2.23233649     8.60902888     8.63104963     8.95208533     8.99177043     8.99180157     8.99271026     8.99375641     8.99392502     8.99467163     8.99470220     8.99480924     8.99481639     8.99487586     8.99515445     8.99528515     8.99553827     8.99607737     8.99663589     8.99672192     8.99862951
    96   -35.02154847   -35.01890134   -35.01889177   -35.01188042   -35.01157509   -14.84521504   -14.71211823   -14.71210362   -14.70025806   -14.67253658   -10.83188823    -5.93619761    -2.31075152    -2.30880868     1.47476710     2.20412134     8.67152980     8.68505565     8.97399438     8.99313568     8.99314447     8.99368367     8.99421610     8.99431465     8.99474212     8.99476254     8.99482542     8.99482841     8.99488880     8.99500446     8.99508544     8.99527625     8.99557199     8.99594199     8.99596465     8.99705807
    97   -35.02152619   -35.01888538   -35.01888361   -35.01192204   -35.01156783   -14.84596471   -14.71176468   -14.71176153   -14.70043910   -14.67245135   -10.80618685    -5.97879684    -2.32314735    -2.32277983     1.46820289     2.17642097     8.73217993     8.73485264     8.99151171     8.99453863     8.99454812     8.99464602     8.99473060     8.99475066     8.99482699     8.99483293     8.99484690     8.99484737     8.99486307     8.99487495     8.99489169     8.99493601     8.99498764     8.99506171     8.99506359     8.99526251
    98   -35.02150491   -35.01887591   -35.01886972   -35.01196485   -35.01156158   -14.84669185   -14.71143056   -14.71141748   -14.70061622   -14.67236346   -10.78091752    -6.02051091    -2.33627469    -2.33498841     1.46228123     2.14924941     8.78027119     8.79017932     8.99342739     8.99409442     8.99410303     8.99436745     8.99453408     8.99471960     8.99478363     8.99479134     8.99485905     8.99486190     8.99492441     8.99495707     8.99520587     8.99528424     8.99552577     8.99585490     8.99592444     9.00507733
    99   -35.02148461   -35.01886828   -35.01885485   -35.01200813   -35.01155623   -14.84739530   -14.71110902   -14.71107494   -14.70079405   -14.67227333   -10.75607629    -6.06127704    -2.34931393    -2.34648368     1.45699793     2.12259869     8.82122301     8.84460946     8.99175245     8.99314379     8.99319454     8.99376974     8.99410498     8.99458015     8.99465975     8.99474665     8.99485258     8.99486960     8.99504488     8.99514964     8.99565655     8.99584679     8.99625950     8.99695704     8.99720857     9.01517596
   100   -35.02146523   -35.01886055   -35.01884099   -35.01205116   -35.01155152   -14.84807432   -14.71079534   -14.71073589   -14.70097631   -14.67218226   -10.73165715    -6.10102571    -2.36191585    -2.35781606     1.45234350     2.09644236     8.85768271     8.89447656     8.99041689     8.99229264     8.99246318     8.99326112     8.99369801     8.99447651     8.99447786     8.99473295     8.99482443     8.99489770     8.99520011     8.99540328     8.99608549     8.99637533     8.99680369     8.99778209     8.99831234     9.02229018
   101   -35.02144655   -35.01885259   -35.01882825   -35.01209331   -35.01154715   -14.84872848   -14.71048822   -14.71040007   -14.70116503   -14.67209223   -10.70765697    -6.13968443    -2.37409296    -2.36911601     1.44830478     2.07074324     8.88966993     8.93876503     8.98954560     8.99160727     8.99201117     8.99289899     8.99337000     8.99424488     8.99441090     8.99470189     8.99477734     8.99499143     8.99540203     8.99570010     8.99647605     8.99681681     8.99714923     8.99830958     8.99916969     9.02686205
   102   -35.02142822   -35.01884429   -35.01881666   -35.01213403   -35.01154278   -14.84935744   -14.71018689   -14.71006845   -14.70135998   -14.67200552   -10.68408050    -6.17718195    -2.38584929    -2.38044513     1.44486666     2.04546373     8.91723173     8.97641360     8.98919152     8.99113751     8.99189940     8.99270837     8.99317814     8.99399837     8.99437259     8.99465485     8.99471875     8.99515195     8.99572185     8.99600930     8.99678132     8.99711355     8.99735169     8.99859436     8.99973575     9.02926911
   103   -35.02140968   -35.01883557   -35.01880619   -35.01217285   -35.01153814   -14.84996060   -14.70989123   -14.70974340   -14.70155842   -14.67192430   -10.66094459    -6.21345241    -2.39717892    -2.39179194     1.44201368     2.02057678     8.94042414     8.98929099     8.99091526     8.99205507     8.99267239     8.99316737     8.99357631     8.99435400     8.99455897     8.99465828     8.99520269     8.99571020     8.99628483     8.99688844     8.99713685     8.99756349     8.99866213     8.99999404     9.00771637     9.02981841
   104   -35.02139015   -35.01882638   -35.01879678   -35.01220945   -35.01153307   -14.85053692   -14.70960181   -14.70942863   -14.70175544   -14.67185023   -10.63828107    -6.24843880    -2.40806601    -2.40307960     1.43973150     1.99607529     8.95928873     8.98979821     8.99094941     8.99247717     8.99276257     8.99333614     8.99337308     8.99434820     8.99452055     8.99460464     8.99537863     8.99615954     8.99641124     8.99686487     8.99698937     8.99782804     8.99884836     8.99996013     9.02875759     9.03017587
   105   -35.02136868   -35.01881668   -35.01878843   -35.01224362   -35.01152754   -14.85108472   -14.70931989   -14.70912888   -14.70194455   -14.67178422   -10.61613761    -6.28209521    -2.41848645    -2.41418353     1.43800792     1.97197798     8.97381161     8.99055922     8.99122090     8.99281576     8.99296481     8.99339895     8.99362341     8.99435405     8.99448589     8.99456408     8.99546734     8.99623927     8.99639276     8.99680378     8.99694633     8.99803603     8.99918962     8.99968219     9.02629829     9.04481039
   106   -35.02134416   -35.01880654   -35.01878110   -35.01227530   -35.01152169   -14.85160174   -14.70904726   -14.70884940   -14.70211869   -14.67172624   -10.59457652    -6.31438748    -2.42841087    -2.42495494     1.43683339     1.94833074     8.98385078     8.99144618     8.99168360     8.99279532     8.99325950     8.99394876     8.99400100     8.99437696     8.99447527     8.99454279     8.99551107     8.99593475     8.99616650     8.99689868     8.99701646     8.99807277     8.99924436     8.99994538     9.02264450     9.05153312
   107   -35.02131554   -35.01879616   -35.01877477   -35.01230455   -35.01151575   -14.85208542   -14.70878595   -14.70859519   -14.70227134   -14.67167537   -10.57367161    -6.34529210    -2.43780883    -2.43524570     1.43620085     1.92520306     8.98931805     8.99227351     8.99235592     8.99282628     8.99360952     8.99423630     8.99443058     8.99447047     8.99455412     8.99479556     8.99558562     8.99562665     8.99593994     8.99687663     8.99696349     8.99781039     8.99875769     9.00123580     9.01801807     9.05084162
   108   -35.02128198   -35.01878581   -35.01876939   -35.01233161   -35.01151004   -14.85253336   -14.70853801   -14.70837025   -14.70239760   -14.67163004   -10.55350368    -6.37479354    -2.44665326    -2.44493016     1.43610464     1.90268049     8.99151002     8.99290806     8.99292386     8.99333835     8.99396654     8.99440553     8.99452739     8.99453740     8.99463277     8.99501095     8.99536449     8.99561684     8.99611379     8.99669862     8.99673974     8.99723351     8.99822013     9.00232186     9.01267542     9.04364148
   109   -35.02124307   -35.01877584   -35.01876486   -35.01235682   -35.01150487   -14.85294385   -14.70830515   -14.70817678   -14.70249510   -14.67158829   -10.53415535    -6.40288041    -2.45492483    -2.45392059     1.43653859     1.88085477     8.99261497     8.99331361     8.99357991     8.99399740     8.99428853     8.99450873     8.99462676     8.99464825     8.99476653     8.99493023     8.99516305     8.99545493     8.99604267     8.99632272     8.99645619     8.99649380     8.99747074     9.00191335     9.00691223     9.03119557
   110   -35.02119900   -35.01876665   -35.01876107   -35.01238066   -35.01150054   -14.85331646   -14.70808854   -14.70801465   -14.70256446   -14.67154817   -10.51570597    -6.42954104    -2.46261519    -2.46217435     1.43749319     1.85981365     8.99360250     8.99392496     8.99420707     8.99445640     8.99456598     8.99463951     8.99475376     8.99475432     8.99485516     8.99486038     8.99500848     8.99521541     8.99557336     8.99569053     8.99573228     8.99592031     8.99640662     8.99952181     9.00105552     9.01504695
   111   -35.02115070   -35.01875857   -35.01875781   -35.01240363   -35.01149720   -14.85365244   -14.70788870   -14.70788110   -14.70260941   -14.67150813   -10.49822740    -6.45475923    -2.46972873    -2.46969281     1.43895237     1.83963259     8.99471712     8.99474769     8.99478942     8.99481274     8.99482256     8.99482658     8.99484239     8.99484561     8.99484881     8.99485716     8.99486749     8.99489183     8.99493059     8.99493271     8.99494651     8.99497698     8.99502233     8.99539363     8.99544485     8.99691186
   112   -35.02109987   -35.01875508   -35.01875160   -35.01242627   -35.01149486   -14.85395488   -14.70777094   -14.70770542   -14.70263629   -14.67146727   -10.48178117    -6.47851092    -2.47651320    -2.47628226     1.44089015     1.82037003     8.97855017     8.99010750     8.99040619     8.99338548     8.99373508     8.99403968     8.99416692     8.99423413     8.99449968     8.99470430     8.99476012     8.99485736     8.99489390     8.99491359     8.99506422     8.99509270     8.99516829     8.99532184     8.99575134     8.99598747
   113   -35.02104886   -35.01875247   -35.01874596   -35.01244901   -35.01149338   -14.85422848   -14.70767697   -14.70753798   -14.70265330   -14.67142551   -10.46641718    -6.50076228    -2.48269585    -2.48230283     1.44326796     1.80206693     8.96162464     8.98437781     8.98622269     8.99162083     8.99234924     8.99306401     8.99332260     8.99364096     8.99407968     8.99447989     8.99460531     8.99481059     8.99496774     8.99497676     8.99530969     8.99541633     8.99555892     8.99580146     8.99687761     8.99735926
   114   -35.02100042   -35.01874993   -35.01874139   -35.01247217   -35.01149248   -14.85447911   -14.70759098   -14.70738527   -14.70266929   -14.67138353   -10.45217410    -6.52146969    -2.48830960    -2.48782378     1.44603292     1.78475084     8.94756309     8.97894078     8.98310695     8.98989246     8.99098050     8.99209263     8.99246147     8.99318406     8.99368539     8.99418976     8.99444981     8.99474623     8.99500059     8.99507791     8.99554046     8.99578623     8.99597877     8.99622460     8.99804075     8.99874485
   115   -35.02095738   -35.01874733   -35.01873753   -35.01249584   -35.01149181   -14.85471289   -14.70750489   -14.70724605   -14.70269255   -14.67134259   -10.43908100    -6.54058151    -2.49341831    -2.49287981     1.44911743     1.76844368     8.93743811     8.97446241     8.98117929     8.98838033     8.98977487     8.99120661     8.99167146     8.99287878     8.99336894     8.99389264     8.99431840     8.99470011     8.99501105     8.99517907     8.99574119     8.99616056     8.99640584     8.99659469     8.99913297     9.00005301
   116   -35.02092220   -35.01874464   -35.01873397   -35.01251993   -35.01149101   -14.85493526   -14.70741192   -14.70711920   -14.70272962   -14.67130429   -10.42715982    -6.55804143    -2.49807083    -2.49750133     1.45243984     1.75317188     8.93187834     8.97145941     8.98045513     8.98725310     8.98884712     8.99048575     8.99104906     8.99271778     8.99317161     8.99366720     8.99422820     8.99469108     8.99500458     8.99526772     8.99589578     8.99646680     8.99681515     8.99693731     9.00003850     9.00120575
   117   -35.02089666   -35.01874179   -35.01873035   -35.01254409   -35.01148981   -14.85515003   -14.70730775   -14.70700390   -14.70278426   -14.67127022   -10.41642810    -6.57379276    -2.50229584    -2.50170926     1.45590573     1.73897723     8.93102223     8.97023846     8.98084383     8.98664120     8.98827159     8.98999899     8.99067866     8.99267315     8.99311810     8.99358539     8.99419317     8.99471615     8.99499074     8.99534137     8.99599004     8.99664055     8.99718438     8.99727069     9.00065830     9.00214005
   118   -35.02088148   -35.01873869   -35.01872651   -35.01256779   -35.01148803   -14.85535857   -14.70719127   -14.70689975   -14.70285694   -14.67124161   -10.40690147    -6.58778280    -2.50610124    -2.50551135     1.45940942     1.72592663     8.93452163     8.97086225     8.98215922     8.98661445     8.98808128     8.98979552     8.99061373     8.99272404     8.99321196     8.99367258     8.99422358     8.99475112     8.99497899     8.99541075     8.99601384     8.99668501     8.99749282     8.99755430     9.00093431     9.00280285
   119   -35.02087621   -35.01873524   -35.01872253   -35.01259035   -35.01148565   -14.85555945   -14.70706488   -14.70680683   -14.70294467   -14.67121917   -10.39859541    -6.59996662    -2.50947676    -2.50890120     1.46283527     1.71411863     8.94159720     8.97314789     8.98414057     8.98716868     8.98827426     8.98989854     8.99086367     8.99287782     8.99343227     8.99388010     8.99432699     8.99476615     8.99497594     8.99549172     8.99596287     8.99663489     8.99771485     8.99772905     9.00085665     9.00315211
   120   -35.02087926   -35.01873136   -35.01871869   -35.01261105   -35.01148282   -14.85574843   -14.70693435   -14.70672566   -14.70304142   -14.67120291   -10.39152618    -6.61030946    -2.51239871    -2.51185992     1.46605926     1.70368534     8.95114272     8.97669984     8.98648041     8.98822541     8.98882317     8.99030266     8.99138886     8.99314166     8.99373391     8.99412079     8.99450250     8.99475561     8.99498554     8.99558222     8.99584225     8.99652394     8.99774715     8.99781345     9.00045407     9.00315951
   121   -35.02088807   -35.01872714   -35.01871533   -35.01262915   -35.01147980   -14.85591904   -14.70680799   -14.70665709   -14.70313896   -14.67119221   -10.38571072    -6.61878746    -2.51483574    -2.51435969     1.46895148     1.69478791     8.96187138     8.98097501     8.98884739     8.98965373     8.98968318     8.99097606     8.99210588     8.99349666     8.99405597     8.99433632     8.99470556     8.99474567     8.99501368     8.99565253     8.99567160     8.99637309     8.99757452     8.99774180     8.99977579     9.00280008
   122   -35.02089958   -35.01872280   -35.01871281   -35.01264398   -35.01147692   -14.85606343   -14.70669554   -14.70660217   -14.70322796   -14.67118596   -10.38116583    -6.62538676    -2.51675478    -2.51636820     1.47138096     1.68760508     8.97249422     8.98537446     8.99079592     8.99088129     8.99132969     8.99187144     8.99290318     8.99389927     8.99434275     8.99451821     8.99476783     8.99484413     8.99506635     8.99548539     8.99565431     8.99617949     8.99719202     8.99745509     8.99887090     9.00201708
   123   -35.02091061   -35.01871869   -35.01871144   -35.01265498   -35.01147454   -14.85617367   -14.70660670   -14.70656197   -14.70329935   -14.67118283   -10.37790684    -6.63010122    -2.51812629    -2.51785324     1.47322416     1.68231471     8.98191798     8.98935434     8.99209002     8.99246844     8.99282763     8.99303813     8.99366754     8.99429256     8.99457222     8.99466571     8.99482254     8.99489214     8.99508560     8.99532355     8.99553370     8.99590882     8.99659751     8.99691081     8.99777344     9.00066113
   124   -35.02091846   -35.01871518   -35.01871140   -35.01266176   -35.01147297   -14.85624290   -14.70654969   -14.70653745   -14.70334553   -14.67118154   -10.37594610    -6.63292947    -2.51892825    -2.51878686     1.47437718     1.67907019     8.98943624     8.99254474     8.99347891     8.99375593     8.99393463     8.99418186     8.99432212     8.99462037     8.99474804     8.99477640     8.99486692     8.99488992     8.99500248     8.99516603     8.99526123     8.99549386     8.99580690     8.99604568     8.99648261     8.99842748
   125   -35.02092130   -35.01871290   -35.01871245   -35.01266404   -35.01147243   -14.85626652   -14.70652965   -14.70652961   -14.70336151   -14.67118122   -10.37529162    -6.63387207    -2.51914868    -2.51914865     1.47476981     1.67797621     8.99485109     8.99485109     8.99485109     8.99485109     8.99485109     8.99485109     8.99485109     8.99485109     8.99485109     8.99485109     8.99485109     8.99485109     8.99485109     8.99485109     8.99485109     8.99485109     8.99485109     8.99485109     8.99485109     8.99485109
   126   -35.02093097   -35.01871843   -35.01869592   -35.01266350   -35.01147228   -14.85625209   -14.70655640   -14.70653799   -14.70332970   -14.67118601   -10.37527202    -6.63379076    -2.51967973    -2.51960720     1.47598807     1.67921509     8.99021345     8.99083041     8.99401822     8.99407868     8.99436898     8.99442518     8.99455837     8.99469747     8.99482478     8.99485292     8.99486808     8.99488891     8.99497512     8.99514189     8.99527214     8.99528964     8.99556213     8.99556410     8.99829918     8.99942353
   127   -35.02096098   -35.01873438   -35.01864635   -35.01266180   -35.01147178   -14.85621014   -14.70663426   -14.70656325   -14.70323661   -14.67120002   -10.37521226    -6.63354396    -2.52128590    -2.52098430     1.47963785     1.68292838     8.98576724     8.98635343     8.99313207     8.99330785     8.99389389     8.99402712     8.99428646     8.99451725     8.99479058     8.99485747     8.99491315     8.99495230     8.99507233     8.99540544     8.99564801     8.99565545     8.99612458     8.99617366     9.00116322     9.00370677
   128   -35.02101343   -35.01875835   -35.01856515   -35.01265879   -35.01147077   -14.85614449   -14.70675650   -14.70660588   -14.70308861   -14.67122225   -10.37510931    -6.63312386    -2.52400300    -2.52328410     1.48570523     1.68910622     8.98168702     8.98179095     8.99230005     8.99260154     8.99347731     8.99368313     8.99405699     8.99431961     8.99474405     8.99485589     8.99497781     8.99503158     8.99514913     8.99561352     8.99591202     8.99597646     8.99654154     8.99666350     9.00347440     9.00751560
   129   -35.02108955   -35.01878695   -35.01845614   -35.01265424   -35.01146898   -14.85606068   -14.70691378   -14.70666653   -14.70289477   -14.67125126   -10.37495842    -6.63251952    -2.52788126    -2.52651145     1.49416977     1.69773204     8.97724625     8.97856574     8.99164746     8.99201386     8.99315828     8.99340943     8.99388944     8.99412029     8.99468973     8.99484173     8.99504899     8.99510635     8.99521239     8.99574349     8.99608627     8.99622562     8.99682860     8.99704379     9.00526093     9.01070778
   130   -35.02118825   -35.01881643   -35.01832615   -35.01264791   -35.01146607   -14.85596509   -14.70709587   -14.70674587   -14.70266537   -14.67128550   -10.37475355    -6.63171962    -2.53297305    -2.53066924     1.50500782     1.70878242     8.97353635     8.97634541     8.99128220     8.99158642     8.99295465     8.99321327     8.99379471     8.99394127     8.99463869     8.99481842     8.99511179     8.99516038     8.99526659     8.99579614     8.99617740     8.99640839     8.99700186     8.99733692     9.00653183     9.01318699
   131   -35.02130616   -35.01884341   -35.01818396   -35.01263968   -35.01146166   -14.85586376   -14.70729305   -14.70684433   -14.70241088   -14.67132357   -10.37448807    -6.63071522    -2.53931908    -2.53575526     1.51819572     1.72222711     8.97105634     8.97531713     8.99125369     8.99134871     8.99286392     8.99310123     8.99376557     8.99380831     8.99461068     8.99480089     8.99515347     8.99519219     8.99531315     8.99579679     8.99618755     8.99653799     8.99707668     8.99755899     9.00728278     9.01490372
   132   -35.02143853   -35.01886552   -35.01803849   -35.01262954   -35.01145534   -14.85576147   -14.70749713   -14.70696191   -14.70214104   -14.67136453   -10.37415542    -6.62950206    -2.54693613    -2.54175904     1.53371188     1.73802924     8.97019229     8.97556104     8.99131786     8.99151552     8.99287204     8.99309612     8.99374352     8.99378032     8.99462386     8.99480547     8.99517338     8.99521663     8.99534769     8.99577579     8.99612280     8.99662387     8.99707780     8.99771002     9.00751060     9.01585182
   133   -35.02158036   -35.01888191   -35.01789695   -35.01261769   -35.01144668   -14.85566104   -14.70770208   -14.70709787   -14.70186428   -14.67140813   -10.37375005    -6.62808181    -2.55580872    -2.54865955     1.55153699     1.75614593     8.97112660     8.97702074     8.99149616     8.99191816     8.99296271     8.99324263     8.99375639     8.99383142     8.99466665     8.99483023     8.99519001     8.99524995     8.99536028     8.99575694     8.99599718     8.99664085     8.99707253     8.99777523     9.00722605     9.01605670
   134   -35.02172706   -35.01889338   -35.01776380   -35.01260452   -35.01143533   -14.85556301   -14.70790436   -14.70725070   -14.70158727   -14.67145482   -10.37326832    -6.62646202    -2.56588659    -2.55642417     1.57165237     1.77652936     8.97378216     8.97949693     8.99186750     8.99231434     8.99312431     8.99353566     8.99384396     8.99393353     8.99470626     8.99484518     8.99522225     8.99528150     8.99534338     8.99574289     8.99584168     8.99651848     8.99716463     8.99772972     9.00645856     9.01554698
   135   -35.02187487   -35.01890222   -35.01764053   -35.01259065   -35.01142092   -14.85546578   -14.70810260   -14.70741808   -14.70131465   -14.67150568   -10.37270935    -6.62465480    -2.57708865    -2.56500923     1.59403658     1.79912815     8.97781200     8.98267056     8.99239539     8.99270888     8.99335399     8.99385370     8.99400340     8.99409188     8.99473164     8.99483401     8.99523548     8.99527633     8.99530224     8.99561158     8.99578736     8.99627181     8.99729456     8.99754147     9.00524844     9.01429802
   136   -35.02202092   -35.01891174   -35.01752600   -35.01257679   -35.01140319   -14.85536608   -14.70829704   -14.70759711   -14.70104913   -14.67156226   -10.37207570    -6.62267454    -2.58931242    -2.57436230     1.61866126     1.82388903     8.98263809     8.98615298     8.99302476     8.99316952     8.99365253     8.99410624     8.99422949     8.99428790     8.99475211     8.99481552     8.99517622     8.99521304     8.99524853     8.99542723     8.99574283     8.99595107     8.99717516     8.99724782     9.00362010     9.01214180
   137   -35.02216342   -35.01892564   -35.01741707   -35.01256374   -35.01138191   -14.85525974   -14.70848861   -14.70778461   -14.70079177   -14.67162621   -10.37137375    -6.62053533    -2.60244688    -2.58442567     1.64548740     1.85075846     8.98753963     8.98955035     8.99368797     8.99371287     8.99401445     8.99433756     8.99446238     8.99449380     8.99477705     8.99480939     8.99507543     8.99509711     8.99515410     8.99525219     8.99558964     8.99559742     8.99660247     8.99682997     9.00152712     9.00867068
   138   -35.02230186   -35.01894724   -35.01730934   -35.01255221   -35.01135695   -14.85514250   -14.70867789   -14.70797761   -14.70054242   -14.67169896   -10.37061350    -6.61824859    -2.61638602    -2.59514035     1.67446316     1.87968410     8.99179175     8.99252621     8.99429975     8.99431421     8.99442466     8.99458395     8.99467142     8.99468661     8.99481030     8.99482265     8.99496249     8.99496629     8.99501717     8.99506549     8.99521500     8.99530711     8.99581902     8.99599686     8.99876293     9.00320284
   139   -35.02243707   -35.01897884   -35.01719794   -35.01254278   -35.01132822   -14.85501081   -14.70886433   -14.70817384   -14.70030030   -14.67178139   -10.36980792    -6.61582159    -2.63104021    -2.60645000     1.70552424     1.91061589     8.99485109     8.99485109     8.99485109     8.99485109     8.99485109     8.99485109     8.99485109     8.99485109     8.99485109     8.99485109     8.99485109     8.99485109     8.99485109     8.99485109     8.99485109     8.99485109     8.99485109     8.99485109     8.99485109     8.99485109
   140   -35.02257105   -35.01902127   -35.01707841   -35.01253576   -35.01129575   -14.85486232   -14.70904575   -14.70837228   -14.70006440   -14.67187359   -10.36897161    -6.61325711    -2.64634314    -2.61830371     1.73859703     1.94350662     8.98265143     8.98897388     8.99355895     8.99372282     8.99423876     8.99451480     8.99461768     8.99466694     8.99474847     8.99475482     8.99488284     8.99489493     8.99497824     8.99499361     8.99513081     8.99519839     8.99526868     8.99532518     8.99643672     8.99654484
   141   -35.02270622   -35.01907372   -35.01694777   -35.01253119   -35.01125964   -14.85469615   -14.70921838   -14.70857345   -14.69983382   -14.67197479   -10.36811903    -6.61055432    -2.66225314    -2.63065750     1.77360456     1.97831207     8.96567898     8.98003781     8.99227241     8.99238747     8.99353473     8.99420645     8.99437965     8.99447178     8.99465346     8.99466622     8.99490095     8.99493435     8.99506397     8.99508057     8.99534635     8.99538589     8.99553005     8.99577723     8.99713278     8.99734743
   142   -35.02284434   -35.01913391   -35.01680558   -35.01252881   -35.01122006   -14.85451270   -14.70937729   -14.70877964   -14.69960783   -14.67208350   -10.36726234    -6.60771061    -2.67874879    -2.64347387     1.81047397     2.01499047     8.94312167     8.96690521     8.99073658     8.99108006     8.99285865     8.99388110     8.99413984     8.99427351     8.99454806     8.99457454     8.99487819     8.99496275     8.99505885     8.99510582     8.99537182     8.99543219     8.99580210     8.99618504     8.99712468     8.99775537
   143   -35.02298538   -35.01919852   -35.01665463   -35.01252809   -35.01117724   -14.85431334   -14.70951732   -14.70899481   -14.69938588   -14.67219773   -10.36640926    -6.60472378    -2.69582005    -2.65671993     1.84914430     2.05350162     8.91431921     8.94863599     8.98877264     8.98997991     8.99230624     8.99342131     8.99388750     8.99410181     8.99440475     8.99448260     8.99479005     8.99497239     8.99497726     8.99510331     8.99538492     8.99541044     8.99606615     8.99646400     8.99700518     8.99783322
   144   -35.02312703   -35.01926386   -35.01650085   -35.01252834   -35.01113145   -14.85409984   -14.70963408   -14.70922420   -14.69916738   -14.67231540   -10.36556128    -6.60159401    -2.71345673    -2.67036424     1.88957281     2.09380556     8.87878214     8.92458948     8.98670838     8.98889729     8.99190166     8.99285973     8.99362264     8.99399423     8.99426954     8.99440316     8.99471494     8.99490914     8.99496819     8.99506722     8.99540264     8.99540685     8.99627051     8.99647726     8.99709242     8.99768988
   145   -35.02326481   -35.01932662   -35.01635226   -35.01252876   -35.01108296   -14.85387386   -14.70972498   -14.70947363   -14.69895158   -14.67243472   -10.36471254    -6.59832508    -2.73163713    -2.68437328     1.93173827     2.13586119     8.83620148     8.89441572     8.98487578     8.98781338     8.99162446     8.99246049     8.99337929     8.99395257     8.99419741     8.99434626     8.99466351     8.99485401     8.99493397     8.99500242     8.99541272     8.99546822     8.99638111     8.99639272     8.99724268     8.99739886
   146   -35.02339315   -35.01938448   -35.01621724   -35.01252858   -35.01103204   -14.85363664   -14.70978996   -14.70974861   -14.69873748   -14.67255454   -10.36384985    -6.59492439    -2.75031926    -2.69870824     1.97564012     2.17962490     8.78645379     8.85801625     8.98360380     8.98689318     8.99145130     8.99233899     8.99321246     8.99396544     8.99419551     8.99432218     8.99461085     8.99481657     8.99489140     8.99493425     8.99539293     8.99558995     8.99632112     8.99637060     8.99703764     8.99730357
   147   -35.02350656   -35.01943658   -35.01610271   -35.01252710   -35.01097895   -14.85338887   -14.71005336   -14.70983184   -14.69852379   -14.67267450   -10.36295394    -6.59140194    -2.76943683    -2.71332297     2.02129330     2.22504956     8.72960273     8.81550484     8.98313849     8.98639489     8.99139111     8.99242950     8.99316440     8.99400750     8.99426377     8.99433899     8.99457395     8.99479953     8.99483807     8.99490952     8.99534422     8.99570112     8.99621923     8.99625090     8.99669195     8.99724213
   148   -35.02360102   -35.01948369   -35.01601252   -35.01252376   -35.01092394   -14.85313089   -14.71038991   -14.70985608   -14.69830911   -14.67279506   -10.36200200    -6.58776842    -2.78890101    -2.72816371     2.06871913     2.27208391     8.66589561     8.76716851     8.98359776     8.98651496     8.99148969     8.99263420     8.99324459     8.99405196     8.99436698     8.99439261     8.99461355     8.99479918     8.99479969     8.99491581     8.99526920     8.99574300     8.99595483     8.99615342     8.99639916     8.99705981
   149   -35.02367482   -35.01952798   -35.01594672   -35.01251811   -35.01086733   -14.85286302   -14.71075741   -14.70987012   -14.69809207   -14.67291738   -10.36097134    -6.58403308    -2.80860781    -2.74317077     2.11793394     2.32067246     8.59575294     8.71342445     8.98495392     8.98732345     8.99179699     8.99290005     8.99343911     8.99411389     8.99444884     8.99446903     8.99471732     8.99478495     8.99484585     8.99493601     8.99517577     8.99566389     8.99569213     8.99599444     8.99612082     8.99677213
   150   -35.02372900   -35.01957262   -35.01590146   -35.01250983   -35.01080949   -14.85258601   -14.71115194   -14.70988231   -14.69787160   -14.67304302   -10.35984356    -6.58020197    -2.82844948    -2.75828192     2.16893716     2.37075573     8.51974942     8.65477230     8.98704331     8.98875991     8.99233222     8.99322948     8.99372548     8.99422521     8.99453677     8.99455580     8.99475216     8.99478837     8.99495385     8.99495835     8.99507760     8.99540235     8.99555877     8.99575371     8.99583233     8.99639420
   151   -35.02376731   -35.01962110   -35.01586979   -35.01249868   -35.01075088   -14.85230140   -14.71156677   -14.70990060   -14.69764710   -14.67317355   -10.35860870    -6.57627718    -2.84832755    -2.77343695     2.22170136     2.42227086     8.43858583     8.59174514     8.98960016     8.99065609     8.99306956     8.99365420     8.99407717     8.99439363     8.99464322     8.99464827     8.99476820     8.99480254     8.99494658     8.99495093     8.99503886     8.99519378     8.99536026     8.99545420     8.99552993     8.99593445
   152   -35.02379577   -35.01967652   -35.01584280   -35.01248441   -35.01069207   -14.85201173   -14.71199307   -14.70993136   -14.69741860   -14.67331019   -10.35726846    -6.57225752    -2.86816464    -2.78858232     2.27616618     2.47515233     8.35305290     8.52486480     8.99230706     8.99277385     8.99394130     8.99419752     8.99446354     8.99460578     8.99474636     8.99475494     8.99479570     8.99482336     8.99487575     8.99491540     8.99497006     8.99503277     8.99510823     8.99514982     8.99520731     8.99540822
   153   -35.02382191   -35.01974095   -35.01581109   -35.01246679   -35.01063374   -14.85172040   -14.71242104   -14.70997836   -14.69718677   -14.67345346   -10.35583795    -6.56814061    -2.88791235    -2.80367505     2.33223766     2.52933268     8.26398938     8.45460735     8.99485109     8.99485109     8.99485109     8.99485109     8.99485109     8.99485109     8.99485109     8.99485109     8.99485109     8.99485109     8.99485109     8.99485109     8.99485109     8.99485109     8.99485109     8.99485109     8.99485109     8.99485109
   154   -35.02385364   -35.01981502   -35.01576640   -35.01244554   -35.01057663   -14.85143126   -14.71284131   -14.71004231   -14.69695284   -14.67360292   -10.35434529    -6.56392608    -2.90755352    -2.81868475     2.38979341     2.58474296     8.17223716     8.38138343     8.99431193     8.99445312     8.99453625     8.99462072     8.99464823     8.99473246     8.99477943     8.99485636     8.99488910     8.99491242     8.99495428     8.99496551     8.99513826     8.99520697     8.99557415     8.99569310     8.99664801     8.99697436
   155   -35.02389784   -35.01989771   -35.01570312   -35.01242039   -35.01052155   -14.85114794   -14.71324627   -14.71012078   -14.69671847   -14.67375718   -10.35282898    -6.55961914    -2.92709808    -2.83359342     2.44869328     2.64131286     8.07859689     8.30553494     8.99382951     8.99402901     8.99422954     8.99436411     8.99449836     8.99462398     8.99473087     8.99482866     8.99494206     8.99497124     8.99507806     8.99509754     8.99549092     8.99550392     8.99630563     8.99637388     8.99798695     8.99850971
   156   -35.02395884   -35.01998653   -35.01561968   -35.01239104   -35.01046937   -14.85087309   -14.71363122   -14.71020880   -14.69648547   -14.67391404   -10.35133317    -6.55523362    -2.94657321    -2.84839280     2.50879397     2.69897015     7.98378750     8.22734666     8.99340674     8.99361652     8.99399628     8.99409952     8.99437619     8.99452145     8.99471810     8.99474051     8.99501403     8.99504528     8.99518381     8.99525498     8.99572615     8.99590918     8.99683512     8.99698078     8.99878116     8.99939675
   157   -35.02403703   -35.02007796   -35.01551938   -35.01235725   -35.01042105   -14.85060760   -14.71399505   -14.71029969   -14.69625559   -14.67407081   -10.34990154    -6.55079356    -2.96600961    -2.86307970     2.56996528     2.75763983     7.88841274     8.14706824     8.99302365     8.99325623     8.99383974     8.99390843     8.99426812     8.99439160     8.99463904     8.99472041     8.99510553     8.99511817     8.99525312     8.99541796     8.99587497     8.99633277     8.99707887     8.99754937     8.99905263     8.99967785
   158   -35.02412824   -35.02016807   -35.01541032   -35.01231884   -35.01037754   -14.85035014   -14.71434034   -14.71038635   -14.69603018   -14.67422479   -10.34857060    -6.54633263    -2.98542629    -2.87765004     2.63210551     2.81724293     7.79293729     8.06494032     8.99268730     8.99297064     8.99360326     8.99397130     8.99418117     8.99419917     8.99458414     8.99471107     8.99514850     8.99520527     8.99530854     8.99551618     8.99595147     8.99662607     8.99719892     8.99799139     8.99894534     8.99947807
   159   -35.02422418   -35.02025322   -35.01530410   -35.01227576   -35.01033983   -14.85009709   -14.71467282   -14.71046246   -14.69581005   -14.67437373   -10.34736365    -6.54189114    -3.00481712    -2.89209293     2.69515319     2.87769568     7.69767480     7.98121864     8.99243298     8.99274860     8.99342720     8.99397449     8.99401634     8.99422574     8.99456534     8.99467948     8.99511190     8.99525826     8.99537124     8.99552834     8.99590324     8.99660766     8.99735806     8.99826250     8.99875388     8.99897760
   160   -35.02431396   -35.02033074   -35.01521364   -35.01222814   -35.01030881   -14.84984299   -14.71500021   -14.71052356   -14.69559537   -14.67451623   -10.34628647    -6.53751106    -3.02414162    -2.90638571     2.75909316     2.93890941     7.60278884     7.89619109     8.99229776     8.99255707     8.99335588     8.99375718     8.99394557     8.99434807     8.99455119     8.99466876     8.99504360     8.99516437     8.99541262     8.99553025     8.99577290     8.99625556     8.99755942     8.99815208     8.99841533     8.99884720
   161   -35.02438624   -35.02039933   -35.01515053   -35.01217634   -35.01028523   -14.84958146   -14.71533072   -14.71056783   -14.69538568   -14.67465191   -10.34532573    -6.53322976    -3.04332215    -2.92049128     2.82395566     3.00079157     7.50830699     7.81018484     8.99230659     8.99239498     8.99336333     8.99360667     8.99386908     8.99423120     8.99452218     8.99477935     8.99497875     8.99502561     8.99538250     8.99539025     8.99577424     8.99583246     8.99739174     8.99782833     8.99825724     8.99897873
   162   -35.02443167   -35.02045928   -35.01512249   -35.01212099   -35.01026950   -14.84930643   -14.71567142   -14.71059627   -14.69518012   -14.67478142   -10.34445050    -6.52907385    -3.06224818    -2.93435833     2.88980841     3.06324814     7.41414679     7.72356273     8.99230929     8.99246707     8.99331263     8.99366493     8.99380130     8.99403402     8.99448904     8.99483056     8.99491190     8.99498514     8.99520586     8.99523530     8.99560844     8.99579190     8.99692285     8.99739847     8.99840653     8.99893001
   163   -35.02444478   -35.02051232   -35.01513170   -35.01206303   -35.01026161   -14.84901349   -14.71602675   -14.71061242   -14.69497772   -14.67490614   -10.34361695    -6.52505447    -3.08078722    -2.94792457     2.95674255     3.12618698     7.32015054     7.63670976     8.99236975     8.99276936     8.99331393     8.99374546     8.99384671     8.99397339     8.99448352     8.99478294     8.99482623     8.99499028     8.99508543     8.99512150     8.99549546     8.99571277     8.99650299     8.99689154     8.99842052     8.99863270
   164   -35.02442537   -35.02056117   -35.01517408   -35.01200371   -35.01026097   -14.84870099   -14.71639762   -14.71062157   -14.69477768   -14.67502789   -10.34277554    -6.52116511    -3.09880045    -2.96112260     3.02485469     3.18952188     7.22612501     7.55001158     8.99264755     8.99319070     8.99348022     8.99379602     8.99406025     8.99407073     8.99452511     8.99473492     8.99477368     8.99494687     8.99503418     8.99506536     8.99536977     8.99553547     8.99613606     8.99634702     8.99806076     8.99814206
   165   -35.02437884   -35.02060896   -35.01523967   -35.01194460   -35.01026631   -14.84837075   -14.71678109   -14.71062966   -14.69457965   -14.67514849   -10.34187958    -6.51738281    -3.11616021    -2.97388734     3.09422760     3.25317630     7.13188097     7.46382837     8.99317910     8.99370163     8.99381919     8.99401857     8.99427793     8.99429312     8.99461154     8.99472397     8.99477343     8.99490663     8.99497877     8.99501119     8.99521250     8.99530903     8.99575595     8.99580593     8.99721678     8.99747822
   166   -35.02431578   -35.02065855   -35.01531399   -35.01188755   -35.01027566   -14.84802815   -14.71717083   -14.71064211   -14.69438372   -14.67526942   -10.34089369    -6.51367263    -3.13276637    -2.98616378     3.16491257     3.31708616     7.03726789     7.37846801     8.99393989     8.99426850     8.99429477     8.99439128     8.99455379     8.99455491     8.99472627     8.99476394     8.99480503     8.99487450     8.99491412     8.99494024     8.99503294     8.99507345     8.99530097     8.99532653     8.99612916     8.99637986
   167   -35.02425069   -35.02071191   -35.01538010   -35.01183468   -35.01028629   -14.84768156   -14.71755822   -14.71066279   -14.69419043   -14.67539170   -10.33980060    -6.50999496    -3.14855843    -2.99791341     3.23691598     3.38120067     6.94220002     7.29416375     8.99485109     8.99485109     8.99485109     8.99485109     8.99485109     8.99485109     8.99485109     8.99485109     8.99485109     8.99485109     8.99485109     8.99485109     8.99485109     8.99485109     8.99485109     8.99485109     8.99485109     8.99485109
   168   -35.02419998   -35.02076968   -35.01542104   -35.01178826   -35.01029490   -14.84734114   -14.71793387   -14.71069329   -14.69400041   -14.67551579   -10.33860506    -6.50631431    -3.16352156    -3.00911828     3.31019219     3.44548041     6.84667137     7.21106122     8.99295833     8.99345875     8.99435064     8.99446179     8.99465962     8.99469077     8.99474883     8.99479228     8.99484558     8.99489939     8.99497247     8.99497867     8.99512856     8.99517302     8.99531959     8.99540237     8.99542452     8.99580363
   169   -35.02417940   -35.02083102   -35.01542264   -35.01175059   -35.01029790   -14.84701729   -14.71828932   -14.71073279   -14.69381407   -14.67564181   -10.33733396    -6.50260803    -3.17768541    -3.01978166     3.38464355     3.50989204     6.75075910     7.12921896     8.99083298     8.99204736     8.99384931     8.99413057     8.99451383     8.99457130     8.99464240     8.99473775     8.99486223     8.99492937     8.99511089     8.99511904     8.99535973     8.99549983     8.99572421     8.99587576     8.99595451     8.99668445
   170   -35.02420099   -35.02089370   -35.01537622   -35.01172362   -35.01029192   -14.84671892   -14.71861859   -14.71077830   -14.69363128   -14.67576977   -10.33603266    -6.49887327    -3.19111618    -3.02992524     3.46012756     3.57439949     6.65461620     7.04862422     8.98866321     8.99072390     8.99336828     8.99385332     8.99441687     8.99448681     8.99455712     8.99469078     8.99489115     8.99491888     8.99524807     8.99528401     8.99553113     8.99580034     8.99601828     8.99623842     8.99639613     8.99739859
   171   -35.02427002   -35.02095448   -35.01528104   -35.01170856   -35.01027453   -14.84645196   -14.71891919   -14.71082540   -14.69345113   -14.67589987   -10.33475792    -6.49513077    -3.20390354    -3.03958324     3.53646984     3.63895188     6.55845555     6.96922301     8.98667291     8.98959646     8.99292432     8.99362741     8.99434507     8.99438948     8.99454289     8.99465757     8.99486678     8.99491618     8.99536658     8.99546632     8.99563065     8.99603107     8.99619450     8.99648745     8.99673219     8.99788482
   172   -35.02438282   -35.02100969   -35.01514565   -35.01170545   -35.01024481   -14.84621834   -14.71919252   -14.71086925   -14.69327189   -14.67603279   -10.33356884    -6.49142450    -3.21614453    -3.04879435     3.61348094     3.70346921     6.46252814     6.89096023     8.98508915     8.98876142     8.99253089     8.99345163     8.99424190     8.99428109     8.99455741     8.99463604     8.99481949     8.99494089     8.99544913     8.99563891     8.99564133     8.99614000     8.99628237     8.99665790     8.99697345     8.99812431
   173   -35.02452614   -35.02105593   -35.01498758   -35.01171302   -35.01020374   -14.84601571   -14.71944342   -14.71090556   -14.69309124   -14.67616975   -10.33251718    -6.48781721    -3.22792726    -3.05759300     3.69097418     3.76782713     6.36709862     6.81382348     8.98410398     8.98829059     8.99220125     8.99332531     8.99405725     8.99416532     8.99450617     8.99460044     8.99487538     8.99498695     8.99544532     8.99559257     8.99577705     8.99609607     8.99632029     8.99679683     8.99712760     8.99814330
   174   -35.02467843   -35.02109069   -35.01483117   -35.01172887   -35.01015404   -14.84583791   -14.71967907   -14.71093155   -14.69290666   -14.67631256   -10.33163904    -6.48438246    -3.23931706    -3.06600141     3.76878169     3.83184262     6.27242152     6.73788346     8.98383861     8.98822079     8.99195287     8.99324779     8.99379935     8.99403995     8.99442426     8.99453415     8.99500895     8.99503184     8.99527756     8.99562421     8.99582207     8.99593990     8.99632841     8.99691377     8.99716457     8.99801023
   175   -35.02481278   -35.02111284   -35.01470418   -35.01174998   -35.01009966   -14.84567624   -14.71990737   -14.71094640   -14.69271594   -14.67646337   -10.33094920    -6.48119454    -3.25034687    -3.07402395     3.84676583     3.89526199     6.17872150     6.66332444     8.98431873     8.98854819     8.99181190     8.99321945     8.99353409     8.99392142     8.99437328     8.99443237     8.99501893     8.99510096     8.99514571     8.99561002     8.99567665     8.99587708     8.99631306     8.99697645     8.99703767     8.99780993
   176   -35.02490062   -35.02112281   -35.01463381   -35.01177325   -35.01004512   -14.84552111   -14.72013516   -14.71095144   -14.69251765   -14.67662438   -10.33043930    -6.47831823    -3.26101321    -3.08164471     3.92482368     3.95775252     6.08618040     6.59046083     8.98546740     8.98922885     8.99181564     8.99324478     8.99334521     8.99384626     8.99430833     8.99436753     8.99491207     8.99504374     8.99518666     8.99537435     8.99568322     8.99579043     8.99627558     8.99676184     8.99694264     8.99756791
   177   -35.02491564   -35.02112256   -35.01464311   -35.01179582   -35.00999489   -14.84536403   -14.72036663   -14.71094975   -14.69231155   -14.67679740   -10.33008013    -6.47580003    -3.27127757    -3.08882873     4.00288286     4.01889835     5.99493382     6.51973842     8.98711939     8.99018566     8.99200892     8.99330046     8.99333659     8.99385099     8.99422371     8.99440567     8.99484056     8.99498004     8.99500285     8.99534861     8.99560661     8.99564191     8.99619893     8.99641384     8.99678097     8.99724141
   178   -35.02483727   -35.02111522   -35.01474807   -35.01181540   -35.00995290   -14.84519923   -14.72060225   -14.71094552   -14.69209879   -14.67698345   -10.32982763    -6.47366255    -3.28107248    -3.09552668     4.07820087     4.08088729     5.90507932     6.45172134     8.98905736     8.99132089     8.99242918     8.99343869     8.99351862     8.99395878     8.99424160     8.99447986     8.99479466     8.99480989     8.99496041     8.99529627     8.99545799     8.99545996     8.99604211     8.99604525     8.99647838     8.99679806
   179   -35.02465320   -35.02110447   -35.01495604   -35.01183028   -35.00992213   -14.84502489   -14.72083851   -14.71094317   -14.69188186   -14.67718236   -10.32963144    -6.47190277    -3.29031062    -3.10168192     4.13508354     4.15877167     5.81669816     6.38706813     8.99106840     8.99253228     8.99308099     8.99376916     8.99382091     8.99417358     8.99437801     8.99457533     8.99472114     8.99480570     8.99491946     8.99516450     8.99526949     8.99527249     8.99566644     8.99576893     8.99604116     8.99623673
   180   -35.02436071   -35.02109397   -35.01526529   -35.01183939   -35.00990435   -14.84484357   -14.72106832   -14.71094643   -14.69166447   -14.67739234   -10.32944432    -6.47049435    -3.29889497    -3.10723875     4.18890105     4.23642263     5.72989316     6.32650063     8.99301084     8.99372998     8.99391549     8.99426547     8.99426602     8.99448068     8.99460111     8.99468703     8.99476211     8.99482062     8.99488198     8.99500131     8.99506622     8.99506969     8.99527028     8.99536725     8.99549060     8.99557718
   181   -35.02396644   -35.02108667   -35.01566613   -35.01184227   -35.00989994   -14.84466182   -14.72128232   -14.71095759   -14.69145133   -14.67760971   -10.32923073    -6.46939324    -3.30672823    -3.11215015     4.23895264     4.31362128     5.64484782     6.27077022     8.99485109     8.99485109     8.99485109     8.99485109     8.99485109     8.99485109     8.99485109     8.99485109     8.99485109     8.99485109     8.99485109     8.99485109     8.99485109     8.99485109     8.99485109     8.99485109     8.99485109     8.99485109
   182   -35.02348482   -35.02108440   -35.01614309   -35.01183906   -35.00990789   -14.84448905   -14.72147047   -14.71097706   -14.69124792   -14.67782861   -10.32897285    -6.46854546    -3.31372015    -3.11638361     4.28449972     4.38995579     5.56191810     6.22062479     8.99409638     8.99412860     8.99426147     8.99441482     8.99459945     8.99464246     8.99472608     8.99483203     8.99489828     8.99493173     8.99507181     8.99507595     8.99524578     8.99540530     8.99554610     8.99583286     8.99586780     8.99661582
   183   -35.02293520   -35.02108760   -35.01667796   -35.01183054   -35.00992579   -14.84433581   -14.72162392   -14.71100334   -14.69106032   -14.67804107   -10.32867293    -6.46789555    -3.31979183    -3.11992413     4.32478812     4.46467806     5.48178220     6.17677924     8.99330090     8.99335385     8.99365784     8.99398032     8.99428961     8.99447089     8.99462550     8.99482533     8.99497108     8.99498100     8.99523968     8.99532976     8.99562218     8.99584064     8.99629142     8.99678343     8.99683202     8.99830378
   184   -35.02233843   -35.02109534   -35.01725296   -35.01181811   -35.00995013   -14.84421194   -14.72173661   -14.71103326   -14.69089502   -14.67823719   -10.32835168    -6.46739414    -3.32487712    -3.12277377     4.35907515     4.53644990     5.40570214     6.13989017     8.99235402     8.99266540     8.99309410     8.99357368     8.99395361     8.99435276     8.99454717     8.99482321     8.99498935     8.99507567     8.99535771     8.99557098     8.99594642     8.99613708     8.99701230     8.99761236     8.99780349     8.99985643
   185   -35.02171381   -35.02110566   -35.01785323   -35.01180382   -35.00997650   -14.84412480   -14.72180633   -14.71106265   -14.69075860   -14.67840594   -10.32804298    -6.46700360    -3.32892166    -3.12494813     4.38666206     4.60287571     5.33599940     6.11053466     8.99134095     8.99207266     8.99261271     8.99322096     8.99366271     8.99428565     8.99449725     8.99481792     8.99495679     8.99518465     8.99543735     8.99576279     8.99620288     8.99631974     8.99763829     8.99835123     8.99868222     9.00118157
   186   -35.02111601   -35.02107809   -35.01846693   -35.01179021   -35.01000021   -14.84407802   -14.72183506   -14.71108715   -14.69065716   -14.67853629   -10.32778606    -6.46670108    -3.33188059    -3.12647053     4.40693140     4.65969850     5.27686687     6.08919143     8.99039920     8.99161463     8.99224961     8.99294365     8.99346933     8.99424312     8.99449704     8.99480291     8.99489208     8.99520477     8.99552502     8.99588564     8.99638745     8.99643703     8.99811731     8.99896736     8.99939789     9.00218395
   187   -35.02112389   -35.02045372   -35.01907600   -35.01177989   -35.01001687   -14.84407095   -14.72182847   -14.71110304   -14.69059561   -14.67861876   -10.32761684    -6.46647875    -3.33371637    -3.12736520     4.41938736     4.69991371     5.23526176     6.07622312     8.98970371     8.99132403     8.99203217     8.99275761     8.99338904     8.99420119     8.99455420     8.99476102     8.99481350     8.99509747     8.99563169     8.99594342     8.99649366     8.99653199     8.99841337     8.99941509     8.99988689     9.00278701
   188   -35.02112743   -35.02003977   -35.01948444   -35.01177504   -35.01002327   -14.84409898   -14.72179475   -14.71110790   -14.69057689   -14.67864696   -10.32756014    -6.46634187    -3.33439775    -3.12765084     4.42369521     4.71481449     5.21986499     6.07185972     8.98940157     8.99122320     8.99197477     8.99267420     8.99341225     8.99416563     8.99461232     8.99464198     8.99477001     8.99497517     8.99569866     8.99595291     8.99651226     8.99661353     8.99850289     8.99965517     9.00010090     9.00294615
   189   -35.02112526   -35.02033638   -35.01919393   -35.01177534   -35.01001874   -14.84416325   -14.72173485   -14.71110259   -14.69058799   -14.67863047   -10.32779907    -6.46596854    -3.33540693    -3.12592910     4.41952618     4.70928669     5.22733208     6.07485856     8.98907672     8.99141761     8.99213446     8.99275426     8.99351438     8.99405050     8.99415224     8.99466998     8.99488890     8.99502478     8.99558494     8.99606707     8.99645833     8.99678775     8.99828876     8.99969889     9.00008212     9.00269994
   190   -35.02112124   -35.02077320   -35.01876999   -35.01177789   -35.01000704   -14.84422675   -14.72168571   -14.71108648   -14.69061381   -14.67858299   -10.32841640    -6.46537695    -3.33804692    -3.12080044     4.40465571     4.69593112     5.24894237     6.08374121     8.98859940     8.99176123     8.99238526     8.99300491     8.99342197     8.99381827     8.99403317     8.99465281     8.99492308     8.99516656     8.99547506     8.99610165     8.99661518     8.99705860     8.99780872     8.99935457     8.99987524     9.00226513
   191   -35.02127799   -35.02106023   -35.01833879   -35.01178242   -35.00999032   -14.84428088   -14.72165312   -14.71106334   -14.69065572   -14.67850886   -10.32934619    -6.46466863    -3.34224900    -3.11233378     4.37679861     4.68041625     5.28198056     6.09813466     8.98811188     8.99208089     8.99268429     8.99316237     8.99341777     8.99385397     8.99404955     8.99464346     8.99490846     8.99512850     8.99550694     8.99593179     8.99659480     8.99711018     8.99742967     8.99882349     8.99942560     9.00211774
   192   -35.02171725   -35.02105257   -35.01792215   -35.01178846   -35.00997112   -14.84432150   -14.72163767   -14.71103849   -14.69071477   -14.67841401   -10.33050947    -6.46394639    -3.34787297    -3.10072497     4.33517840     4.66707808     5.32344799     6.11776641     8.98742907     8.99231354     8.99293945     8.99320527     8.99373502     8.99394254     8.99417346     8.99457850     8.99491054     8.99497616     8.99532683     8.99580239     8.99619428     8.99647235     8.99761040     8.99852477     8.99879734     9.00261156
   193   -35.02215116   -35.02102647   -35.01753041   -35.01179554   -35.00995175   -14.84434917   -14.72163472   -14.71101758   -14.69079120   -14.67830488   -10.33182986    -6.46329114    -3.35475954    -3.08623721     4.28112737     4.65746106     5.37093158     6.14238163     8.98624678     8.99238814     8.99298911     8.99345099     8.99381012     8.99401725     8.99419844     8.99446939     8.99472992     8.99493516     8.99496171     8.99553847     8.99608307     8.99623209     8.99769234     8.99788323     8.99882964     9.00363217
   194   -35.02255706   -35.02099815   -35.01716914   -35.01180322   -35.00993389   -14.84436826   -14.72163577   -14.71100530   -14.69088405   -14.67818738   -10.33324885    -6.46274588    -3.36275944    -3.06915624     4.21723693     4.65107256     5.42271957     6.17166509     8.98434491     8.99199853     8.99306611     8.99334350     8.99367958     8.99398258     8.99410776     8.99436180     8.99456535     8.99486360     8.99508355     8.99548922     8.99600777     8.99633287     8.99739238     8.99792186     8.99912373     9.00485307
   195   -35.02292957   -35.02097168   -35.01683918   -35.01181112   -35.00991837   -14.84438534   -14.72163051   -14.71100456   -14.69099095   -14.67806617   -10.33473733    -6.46231233    -3.37173686    -3.04976782     4.14617469     4.64675676     5.47763928     6.20518744     8.98174208     8.99144935     8.99288480     8.99307841     8.99345297     8.99381218     8.99405802     8.99430196     8.99455765     8.99501919     8.99519265     8.99551469     8.99589482     8.99669214     8.99718559     8.99831051     8.99952811     9.00591353
   196   -35.02326971   -35.02094950   -35.01653714   -35.01181875   -35.00990516   -14.84440735   -14.72160937   -14.71101601   -14.69110820   -14.67794439   -10.33630025    -6.46196063    -3.38155913    -3.02835114     4.07012154     4.64347062     5.53487690     6.24238885     8.97868393     8.99105882     8.99242607     8.99283297     8.99313596     8.99386255     8.99394815     8.99423120     8.99466493     8.99502660     8.99519433     8.99564107     8.99592781     8.99681749     8.99745219     8.99871948     8.99991385     9.00647524
   197   -35.02358265   -35.02093251   -35.01625750   -35.01182527   -35.00989377   -14.84443994   -14.72156566   -14.71103824   -14.69123113   -14.67782372   -10.33797311    -6.46164779    -3.39208504    -3.00517826     3.99071813     4.64049608     5.59384982     6.28260495     8.97553012     8.99075691     8.99212598     8.99255992     8.99296531     8.99369668     8.99386261     8.99428658     8.99473162     8.99497490     8.99524485     8.99586574     8.99594264     8.99670704     8.99792323     8.99901789     9.00012389     9.00629922
   198   -35.02387450   -35.02091955   -35.01599613   -35.01182944   -35.00988355   -14.84448644   -14.72149702   -14.71106832   -14.69135466   -14.67770476   -10.33981069    -6.46133742    -3.40315943    -2.98051263     3.90917834     4.63742413     5.65413145     6.32512974     8.97269405     8.99041024     8.99208782     8.99238228     8.99297327     8.99339824     8.99385618     8.99444647     8.99473411     8.99494590     8.99526305     8.99591379     8.99605999     8.99664144     8.99816235     8.99912873     9.00005248     9.00532914
   199   -35.02414862   -35.02090723   -35.01575393   -35.01182968   -35.00987406   -14.84454726   -14.72140591   -14.71110264   -14.69147408   -14.67758757   -10.34187029    -6.46101305    -3.41461523    -2.95460352     3.82640515     4.63408535     5.71541327     6.36930133     8.97061804     8.99006452     8.99204010     8.99249007     8.99312268     8.99321592     8.99392115     8.99449525     8.99476919     8.99495373     8.99524237     8.99587822     8.99608572     8.99663437     8.99808169     8.99897075     8.99970714     9.00374072
   200   -35.02440278   -35.02089076   -35.01553845   -35.01182443   -35.00986525   -14.84461999   -14.72129891   -14.71113769   -14.69158569   -14.67747216   -10.34419335    -6.46068053    -3.42628080    -2.92767610     3.74307160     4.63047808     5.77748872     6.41458983     8.96973677     8.98978135     8.99197654     8.99273895     8.99318052     8.99339125     8.99405375     8.99445450     8.99476985     8.99497784     8.99528010     8.99575850     8.99601140     8.99660434     8.99767147     8.99847348     8.99922421     9.00193386
   201   -35.02462871   -35.02086536   -35.01536263   -35.01181271   -35.00985743   -14.84469986   -14.72118518   -14.71117079   -14.69168736   -14.67735892   -10.34678984    -6.46035941    -3.43798901    -2.89991925     3.65967219     4.62670370     5.84024692     6.46066546     8.97041635     8.98957683     8.99196215     8.99296375     8.99333567     8.99364285     8.99422920     8.99445059     8.99469780     8.99490230     8.99538720     8.99559845     8.99585634     8.99645015     8.99705417     8.99769224     8.99873825     9.00042068
   202   -35.02481422   -35.02082765   -35.01524110   -35.01179458   -35.00985116   -14.84478052   -14.72107438   -14.71120054   -14.69177868   -14.67724881   -10.34962958    -6.46006805    -3.44958556    -2.87147427     3.57655790     4.62290986     5.90366762     6.50742824     8.97286677     8.98951765     8.99198913     8.99311946     8.99343648     8.99389046     8.99428142     8.99448652     8.99466630     8.99489908     8.99531632     8.99543280     8.99567270     8.99604453     8.99664612     8.99689571     8.99834641     8.99949485
   203   -35.02494702   -35.02077635   -35.01518577   -35.01177124   -35.00984709   -14.84485500   -14.72097447   -14.71122696   -14.69186092   -14.67714332   -10.35264300    -6.45980943    -3.46093535    -2.84242865     3.49396610     4.61924350     5.96781127     6.55498952     8.97700438     8.98980321     8.99204052     8.99309925     8.99334762     8.99403073     8.99423236     8.99442450     8.99479191     8.99495622     8.99505214     8.99526903     8.99552098     8.99574159     8.99637496     8.99660437     8.99818092     8.99905402
   204   -35.02501857   -35.02071249   -35.01520221   -35.01174476   -35.00984577   -14.84491685   -14.72089001   -14.71125149   -14.69193665   -14.67704426   -10.35573198    -6.45956446    -3.47192729    -2.81281814     3.41205129     4.61581572     6.03279994     6.60360760     8.98211281     8.99068887     8.99209829     8.99300424     8.99332831     8.99383870     8.99420974     8.99450775     8.99468829     8.99482591     8.99512478     8.99525771     8.99536646     8.99571677     8.99642914     8.99665392     8.99828920     8.99896924
   205   -35.02502694   -35.02063913   -35.01528768   -35.01171743   -35.00984751   -14.84496124   -14.72082125   -14.71127661   -14.69200910   -14.67695333   -10.35878844    -6.45929636    -3.48247844    -2.78263900     3.33091831     4.61268053     6.09878675     6.65359221     8.98620610     8.99144890     8.99214527     8.99311996     8.99344999     8.99401020     8.99411939     8.99450703     8.99466824     8.99489372     8.99516245     8.99532462     8.99582451     8.99638614     8.99664514     8.99744700     8.99874142     8.99925125
   206   -35.02497787   -35.02056085   -35.01543099   -35.01169130   -35.00985233   -14.84498593   -14.72076423   -14.71130546   -14.69208140   -14.67687180   -10.36171646    -6.45896512    -3.49253793    -2.75186931     3.25065538     4.60982788     6.16591370     6.70520167     8.98815953     8.99166196     8.99201972     8.99303176     8.99341703     8.99389962     8.99406437     8.99434127     8.99467533     8.99510195     8.99523447     8.99551547     8.99594843     8.99660526     8.99680022     8.99903375     8.99989478     9.00395599
   207   -35.02488408   -35.02048280   -35.01561401   -35.01166795   -35.00985994   -14.84499192   -14.72071180   -14.71134127   -14.69215588   -14.67680023   -10.36445248    -6.45854668    -3.50209000    -2.72049551     3.17136201     4.60718965     6.23426263     6.75855731     8.98911173     8.99185413     8.99197953     8.99279058     8.99339514     8.99382962     8.99399825     8.99428089     8.99476098     8.99506030     8.99526977     8.99566684     8.99600104     8.99667025     8.99708051     8.99939152     9.00092196     9.01187283
   208   -35.02476303   -35.02040954   -35.01581499   -35.01164851   -35.00986976   -14.84498357   -14.72065517   -14.71138678   -14.69223343   -14.67673848   -10.36697824    -6.45804926    -3.51115474    -2.68853833     3.09316689     4.60465555     6.30380877     6.81359257     8.98969909     8.99185810     8.99215514     8.99262022     8.99335442     8.99368423     8.99406209     8.99436162     8.99473848     8.99509120     8.99528164     8.99571289     8.99616096     8.99667580     8.99739603     8.99952790     9.00188364     9.01955714
   209   -35.02463330   -35.02034379   -35.01601314   -35.01163370   -35.00988086   -14.84496802   -14.72058581   -14.71144367   -14.69231327   -14.67668572   -10.36932293    -6.45751996    -3.51978433    -2.65607158     3.01623274     4.60209454     6.37439041     6.87004222     8.99009117     8.99182387     8.99225560     8.99254487     8.99332144     8.99375413     8.99413706     8.99436134     8.99466717     8.99527316     8.99543070     8.99569478     8.99630259     8.99665042     8.99766899     8.99944113     9.00238053     9.02616786
   210   -35.02451078   -35.02028580   -35.01619327   -35.01162381   -35.00989192   -14.84495394   -14.72049714   -14.71151201   -14.69239312   -14.67664072   -10.37155370    -6.45703796    -3.52805378    -2.62322912     2.94074869     4.59937690     6.44570634     6.92746678     8.99033601     8.99166745     8.99243531     8.99258643     8.99339270     8.99379955     8.99423003     8.99437505     8.99467746     8.99530791     8.99550304     8.99588627     8.99641380     8.99661456     8.99780913     8.99913242     9.00224905     9.03130425
   211   -35.02440552   -35.02023344   -35.01634876   -35.01161865   -35.00990137   -14.84494982   -14.72038581   -14.71158997   -14.69246976   -14.67660194   -10.37375706    -6.45669568    -3.53604618    -2.59019809     2.86691414     4.59639296     6.51734621     6.98530229     8.99045238     8.99155925     8.99256139     8.99272187     8.99355892     8.99383333     8.99429066     8.99444363     8.99466225     8.99527771     8.99554954     8.99602738     8.99645627     8.99660353     8.99770119     8.99857799     9.00172636     9.03488084
   212   -35.02432081   -35.02018300   -35.01648159   -35.01161758   -35.00990760   -14.84496217   -14.72025224   -14.71167381   -14.69253984   -14.67656782   -10.37601576    -6.45657348    -3.54383454    -2.55720006     2.79492022     4.59306607     6.58884919     7.04292546     8.99039429     8.99155671     8.99249281     8.99283871     8.99359524     8.99392017     8.99439489     8.99453430     8.99474888     8.99528550     8.99548400     8.99601732     8.99617177     8.99661903     8.99734000     8.99788960     9.00134963     9.03701044
   213   -35.02425470   -35.02013033   -35.01659951   -35.01161969   -35.00990929   -14.84499409   -14.72010049   -14.71175829   -14.69260070   -14.67653690   -10.37838750    -6.45671612    -3.55146413    -2.52446491     2.72493550     4.58935962     6.65977784     7.09972570     8.98996037     8.99147750     8.99213603     8.99290899     8.99354004     8.99390971     8.99439368     8.99471247     8.99479918     8.99514462     8.99530056     8.99569345     8.99607566     8.99639656     8.99711918     8.99771428     9.00126818     9.03782455
   214   -35.02420269   -35.02007184   -35.01671185   -35.01162399   -35.00990574   -14.84504458   -14.71993730   -14.71183757   -14.69265101   -14.67650801   -10.38089078    -6.45711876    -3.55893969    -2.49220418     2.65710067     4.58527911     6.72979036     7.15517593     8.98877842     8.99116314     8.99176058     8.99287646     8.99338427     8.99386239     8.99428997     8.99443623     8.99470335     8.99499307     8.99522305     8.99565897     8.99601972     8.99645950     8.99718610     8.99799678     9.00134020     9.03727974
   215   -35.02416034   -35.02000546   -35.01682576   -35.01162971   -35.00989705   -14.84510883   -14.71977068   -14.71190640   -14.69269105   -14.67648042   -10.38350137    -6.45772700    -3.56622155    -2.46059063     2.59153378     4.58087057     6.79869581     7.20889306     8.98723757     8.99065402     8.99143024     8.99284336     8.99312034     8.99369460     8.99407327     8.99427235     8.99461060     8.99484141     8.99527575     8.99576154     8.99596437     8.99649297     8.99766781     8.99830274     9.00154037     9.03504039
   216   -35.02412463   -35.01993136   -35.01694396   -35.01163638   -35.00988410   -14.84517950   -14.71960826   -14.71196141   -14.69272264   -14.67645390   -10.38615968    -6.45845104    -3.57323243    -2.42974901     2.52834381     4.57621631     6.86648140     7.26067855     8.98606715     8.99012427     8.99092831     8.99259806     8.99305665     8.99340992     8.99399871     8.99413130     8.99460907     8.99490291     8.99522657     8.99574245     8.99608351     8.99655716     8.99802576     8.99850818     9.00181890     9.03050205
   217   -35.02409432   -35.01985199   -35.01706449   -35.01164387   -35.00986847   -14.84524847   -14.71945595   -14.71200208   -14.69274873   -14.67642865   -10.38878636    -6.45918886    -3.57987382    -2.39976006     2.46764767     4.57142814     6.93330668     7.31053128     8.98555272     8.98962836     8.99037384     8.99227633     8.99306821     8.99326008     8.99399000     8.99412762     8.99466203     8.99496190     8.99511646     8.99566789     8.99615781     8.99668452     8.99801466     8.99861554     9.00197184     9.02297926
   218   -35.02406966   -35.01977115   -35.01718199   -35.01165232   -35.00985196   -14.84530877   -14.71931704   -14.71203104   -14.69277275   -14.67640524   -10.39130111    -6.45985113    -3.58604775    -2.37067592     2.40958420     4.56663869     6.99946439     7.35863042     8.98538194     8.98913676     8.99002871     8.99202191     8.99286565     8.99339953     8.99404619     8.99416198     8.99467841     8.99491299     8.99501913     8.99568993     8.99603596     8.99673471     8.99772343     8.99854671     9.00163867     9.01230009
   219   -35.02405168   -35.01969266   -35.01729031   -35.01166198   -35.00983628   -14.84535607   -14.71919219   -14.71205348   -14.69279794   -14.67638438   -10.39363935    -6.46037991    -3.59167813    -2.34254211     2.35432004     4.56199144     7.06531172     7.40529164     8.98232744     8.98885839     8.98981647     8.99166871     8.99268811     8.99359372     8.99391209     8.99427631     8.99456721     8.99481274     8.99488022     8.99569010     8.99579440     8.99655748     8.99715650     8.99822742     8.99887260     9.00325239
   220   -35.02404108   -35.01961901   -35.01738516   -35.01167302   -35.00982252   -14.84538938   -14.71907987   -14.71207591   -14.69282666   -14.67636679   -10.39576237    -6.46075587    -3.59672601    -2.31541983     2.30204486     4.55763051     7.13117998     7.45090477     8.96603395     8.98924345     8.98993299     8.99146831     8.99275921     8.99328510     8.99387161     8.99430711     8.99449837     8.99453909     8.99473547     8.99527837     8.99551104     8.99594831     8.99634948     8.99704163     8.99803774     9.00140927
   221   -35.02403712   -35.01955099   -35.01746600   -35.01168537   -35.00981093   -14.84541084   -14.71897735   -14.71210446   -14.69286001   -14.67635296   -10.39765907    -6.46099309    -3.60119504    -2.28940248     2.25295723     4.55369120     7.19727390     7.49586352     8.93966878     8.98961803     8.99055798     8.99184362     8.99285879     8.99317263     8.99400977     8.99414378     8.99431564     8.99438334     8.99471857     8.99506055     8.99517561     8.99566259     8.99618135     8.99670315     8.99771060     9.00013521
   222   -35.02403713   -35.01948803   -35.01753621   -35.01169849   -35.00980096   -14.84542470   -14.71888164   -14.71214323   -14.69289772   -14.67634309   -10.39934012    -6.46112437    -3.60512653    -2.26462270     2.20724569     4.55029102     7.26357445     7.54049728     8.90729862     8.98990664     8.99091972     8.99229791     8.99257981     8.99343235     8.99384225     8.99408413     8.99418535     8.99429640     8.99462586     8.99501999     8.99519133     8.99550417     8.99612449     8.99659595     8.99739918     8.99893626
   223   -35.02403707   -35.01942885   -35.01760184   -35.01171132   -35.00979157   -14.84543595   -14.71879039   -14.71219322   -14.69293836   -14.67633697   -10.40082768    -6.46118353    -3.60858630    -2.24124893     2.16507131     4.54752140     7.32975989     7.58501321     8.87029204     8.98981787     8.99095902     8.99187041     8.99251888     8.99346865     8.99373303     8.99408736     8.99417765     8.99449017     8.99453412     8.99502958     8.99522963     8.99568369     8.99619829     8.99678521     8.99692967     8.99827287
   224   -35.02403293   -35.01937177   -35.01766953   -35.01172234   -35.00978174   -14.84544892   -14.71870250   -14.71225202   -14.69297974   -14.67633405   -10.40214474    -6.46119104    -3.61164763    -2.21947344     2.12655745     4.54543954     7.39515950     7.62945127     8.82986174     8.98914613     8.99014794     8.99180508     8.99248739     8.99347741     8.99366923     8.99390731     8.99427307     8.99449580     8.99480435     8.99497608     8.99545987     8.99599063     8.99625259     8.99642300     8.99726546     8.99834374
   225   -35.02402210   -35.01931498   -35.01774448   -35.01172987   -35.00977086   -14.84546625   -14.71861828   -14.71231440   -14.69301950   -14.67633345   -10.40330751    -6.46114813    -3.61437501    -2.19949557     2.09179025     4.54406116     7.45875473     7.67364705     8.78736441     8.98787026     8.98942782     8.99195320     8.99248659     8.99329549     8.99348121     8.99394249     8.99426610     8.99450746     8.99493518     8.99523637     8.99568124     8.99604985     8.99637369     8.99672672     8.99759256     8.99884224
   226   -35.02400409   -35.01925715   -35.01782889   -35.01173250   -35.00975895   -14.84548856   -14.71853933   -14.71237365   -14.69305555   -14.67633419   -10.40432296    -6.46104083    -3.61681256    -2.18150454     2.06082943     4.54335528     7.51924246     7.71718833     8.74429037     8.98660923     8.98913659     8.99193781     8.99241344     8.99289913     8.99335796     8.99401375     8.99429895     8.99465958     8.99503395     8.99551753     8.99600147     8.99631481     8.99646850     8.99732552     8.99785689     8.99945995
   227   -35.02398050   -35.01919813   -35.01792118   -35.01172954   -35.00974658   -14.84551471   -14.71846798   -14.71242335   -14.69308642   -14.67633531   -10.40519117    -6.46085161    -3.61897912    -2.16566568     2.03372560     4.54324245     7.57516750     7.75935267     8.70221685     8.98591603     8.98912016     8.99182012     8.99207469     8.99265652     8.99335964     8.99393855     8.99450946     8.99482919     8.99518613     8.99578087     8.99620265     8.99672612     8.99684117     8.99767045     8.99824993     9.00009311
   228   -35.02395432   -35.01913930   -35.01801633   -35.01172133   -35.00973467   -14.84554244   -14.71840664   -14.71245903   -14.69311141   -14.67633613   -10.40591056    -6.46057376    -3.62087006    -2.15211231     2.01053786     4.54359833     7.62510044     7.79904281     8.66276641     8.98600364     8.98930798     8.99153420     8.99194049     8.99250711     8.99337399     8.99391114     8.99454883     8.99514821     8.99529745     8.99600963     8.99628556     8.99698364     8.99735694     8.99793380     8.99873983     9.00071192
   229   -35.02392910   -35.01908349   -35.01810712   -35.01170928   -35.00972419   -14.84556922   -14.71835714   -14.71247923   -14.69313055   -14.67633630   -10.40648304    -6.46022247    -3.62246394    -2.14094367     1.99134526     4.54426327     7.66778968     7.83478763     8.62756626     8.98686578     8.98965870     8.99125188     8.99205651     8.99250036     8.99334949     8.99394239     8.99448180     8.99516829     8.99559775     8.99608607     8.99634378     8.99689065     8.99763848     8.99842431     8.99935356     9.00123801
   230   -35.02390791   -35.01903427   -35.01818594   -35.01169566   -35.00971593   -14.84559286   -14.71832049   -14.71248557   -14.69314437   -14.67633583   -10.40691653    -6.45983806    -3.62373143    -2.13222768     1.97624761     4.54505831     7.70220886     7.86488941     8.59818786     8.98828566     8.99013090     8.99119594     8.99215524     8.99281181     8.99330333     8.99402397     8.99445094     8.99505944     8.99562076     8.99594002     8.99627876     8.99676368     8.99753949     8.99904828     8.99999742     9.00163646
   231   -35.02389267   -35.01899527   -35.01824650   -35.01168316   -35.00971029   -14.84561179   -14.71829681   -14.71248199   -14.69315369   -14.67633501   -10.40722368    -6.45947966    -3.62464374    -2.12600641     1.96535501     4.54580611     7.72750683     7.88770863     8.57604942     8.98968208     8.99064263     8.99160990     8.99236407     8.99306667     8.99351731     8.99411844     8.99450340     8.99491737     8.99534313     8.99554907     8.99610285     8.99662525     8.99720865     8.99946124     9.00053107     9.00196701
   232   -35.02388392   -35.01896972   -35.01828458   -35.01167438   -35.00970724   -14.84562501   -14.71828565   -14.71247332   -14.69315931   -14.67633423   -10.40741735    -6.45921109    -3.62517875    -2.12230207     1.95876903     4.54635408     7.74297129     7.90195322     8.56228822     8.99014040     8.99119707     8.99242002     8.99295779     8.99317761     8.99396616     8.99430225     8.99465038     8.99478754     8.99497487     8.99516964     8.99573595     8.99633865     8.99671443     8.99966023     9.00075964     9.00227948
   233   -35.02388127   -35.01896034   -35.01829777   -35.01167118   -35.00970648   -14.84563182   -14.71828624   -14.71246372   -14.69316173   -14.67633381   -10.40750501    -6.45908361    -3.62532437    -2.12112221     1.95656184     4.54659594     7.74810121     7.90682941     8.55763830     8.99009608     8.99145510     8.99256601     8.99300368     8.99377351     8.99450305     8.99460050     8.99477627     8.99485376     8.99491732     8.99494907     8.99506301     8.99595365     8.99655208     8.99975331     9.00069601     9.00243286
   234   -35.02385278   -35.01896197   -35.01831843   -35.01168591   -35.00969706   -14.84523081   -14.71862429   -14.71272003   -14.69284220   -14.67653392   -10.41289455    -6.45072667    -3.64159914    -2.10375983     1.97285276     4.64383883     7.70741443     7.84787311     8.49133888     8.98974985     8.99109250     8.99225871     8.99292615     8.99370607     8.99442673     8.99460680     8.99475829     8.99483198     8.99493067     8.99495456     8.99507862     8.99609008     8.99670197     9.00038461     9.00135803     9.00347291
   235   -35.02382158   -35.01896438   -35.01833681   -35.01170014   -35.00969297   -14.84482446   -14.71895779   -14.71298078   -14.69252390   -14.67673379   -10.41875735    -6.44220023    -3.65663524    -2.08611361     1.98933652     4.74002831     7.66790669     7.78910192     8.42222997     8.98963332     8.99087363     8.99203680     8.99294965     8.99371506     8.99435242     8.99462654     8.99471469     8.99481403     8.99493191     8.99497706     8.99509177     8.99617376     8.99677614     9.00080180     9.00177544     9.00425089
   236   -35.02378855   -35.01896774   -35.01835224   -35.01171392   -35.00969432   -14.84441326   -14.71928661   -14.71324636   -14.69220563   -14.67693240   -10.42511135    -6.43348909    -3.67041046    -2.06818422     2.00600405     4.83477063     7.62962691     7.73054356     8.35102860     8.98972696     8.99079989     8.99190922     8.99305016     8.99380885     8.99428025     8.99465137     8.99465471     8.99480135     8.99493014     8.99500303     8.99510196     8.99620416     8.99677462     9.00098191     9.00194752     9.00474781
   237   -35.02375455   -35.01897226   -35.01836405   -35.01172723   -35.00970117   -14.84399783   -14.71961068   -14.71351716   -14.69188617   -14.67712889   -10.43197116    -6.42456797    -3.68290359    -2.04997140     2.02284480     4.92765747     7.59266048     7.67221635     8.27849835     8.98999954     8.99086555     8.99187912     8.99320143     8.99398713     8.99420901     8.99459584     8.99467152     8.99479172     8.99492768     8.99502471     8.99510817     8.99618524     8.99670184     9.00091529     9.00188868     9.00495627
   238   -35.02372032   -35.01897813   -35.01837169   -35.01174000   -35.00971348   -14.84357887   -14.71992998   -14.71379349   -14.69156439   -14.67732260   -10.43934755    -6.41540233    -3.69409573    -2.03147434     2.03984615     5.01827431     7.55712036     7.61413210     8.20544037     8.99041048     8.99105873     8.99194403     8.99338424     8.99413885     8.99423320     8.99455319     8.99467719     8.99478515     8.99492422     8.99503800     8.99510939     8.99612330     8.99656860     9.00061017     9.00162472     9.00487912
   239   -35.02368646   -35.01898558   -35.01837480   -35.01175211   -35.00973107   -14.84315715   -14.72024457   -14.71407555   -14.69123939   -14.67751314   -10.44724741    -6.40594987    -3.70397152    -2.01269222     2.05699317     5.10620775     7.52313071     7.55629863     8.13269185     8.99091159     8.99136385     8.99209656     8.99358780     8.99407570     8.99451243     8.99453515     8.99466413     8.99478215     8.99491948     8.99504036     8.99510490     8.99602233     8.99639504     9.00009650     9.00118689     9.00452818
   240   -35.02365335   -35.01899479   -35.01837329   -35.01176333   -35.00975366   -14.84273337   -14.72055452   -14.71436343   -14.69091062   -14.67770042   -10.45567383    -6.39616272    -3.71251997    -1.99362464     2.07426851     5.19105055     7.49079966     7.49872170     8.06113636     8.99144763     8.99176559     8.99232532     8.99380374     8.99403200     8.99454233     8.99461165     8.99478297     8.99480686     8.99491342     8.99503075     8.99509426     8.99587750     8.99621363     8.99942481     9.00060831     9.00392345
   241   -35.02362108   -35.01900599   -35.01836737   -35.01177337   -35.00978082   -14.84230814   -14.72085997   -14.71465701   -14.69057794   -14.67788468   -10.46462671    -6.38599003    -3.71973489    -1.97427211     2.09165258     5.27240373     7.44140649     7.46017609     7.99173223     8.99196713     8.99224322     8.99261599     8.99402184     8.99402281     8.99455706     8.99457104     8.99478741     8.99490622     8.99500993     8.99505083     8.99507727     8.99568379     8.99605623     8.99865932     8.99992348     9.00309286
   242   -35.02358942   -35.01901938   -35.01835765   -35.01178185   -35.00981203   -14.84188185   -14.72116107   -14.71495601   -14.69024168   -14.67806646   -10.47410348    -6.37538064    -3.72561480    -1.95463637     2.10912404     5.34987570     7.38435862     7.43118283     7.92556649     8.99245479     8.99274441     8.99295178     8.99406049     8.99422872     8.99450296     8.99461527     8.99479481     8.99489818     8.99498048     8.99505365     8.99522990     8.99546394     8.99592345     8.99786983     8.99916777     9.00207208
   243   -35.02355781   -35.01903516   -35.01834515   -35.01178836   -35.00984669   -14.84145462   -14.72145800   -14.71525999   -14.68990259   -14.67824658   -10.48410009    -6.36428573    -3.73016246    -1.93472063     2.12666035     5.42307881     7.32758467     7.40352012     7.86394009     8.99291692     8.99320860     8.99331286     8.99415224     8.99438220     8.99450520     8.99466852     8.99480418     8.99488961     8.99494623     8.99502426     8.99523860     8.99533148     8.99579704     8.99712438     8.99837541     9.00090392
   244   -35.02352530   -35.01905352   -35.01833126   -35.01179244   -35.00988415   -14.84102629   -14.72175093   -14.71556833   -14.68956183   -14.67842605   -10.49461212    -6.35266110    -3.73338407    -1.91452979     2.14423857     5.49162534     7.27109246     7.37654406     7.80847745     8.99335383     8.99360645     8.99367574     8.99429569     8.99442647     8.99463127     8.99472397     8.99481438     8.99488074     8.99491202     8.99499030     8.99506619     8.99530495     8.99566477     8.99648014     8.99757689     8.99963701
   245   -35.02349064   -35.01907466   -35.01831773   -35.01179364   -35.00992375   -14.84059633   -14.72203999   -14.71588034   -14.68922085   -14.67860597   -10.50563575    -6.34046884    -3.73528825    -1.89407032     2.16183613     5.55512557     7.21489102     7.34916365     7.76121436     8.99376488     8.99394287     8.99401975     8.99447609     8.99448900     8.99474873     8.99477487     8.99482440     8.99487127     8.99488356     8.99494629     8.99495368     8.99517778     8.99551725     8.99596334     8.99679688     8.99832342
   246   -35.02345227   -35.01909874   -35.01830657   -35.01179151   -35.00996487   -14.84016391   -14.72232523   -14.71619526   -14.68888137   -14.67878745   -10.51716865    -6.32767840    -3.73588503    -1.87335025     2.17943151     5.61319167     7.15899034     7.31987179     7.72454466     8.99415291     8.99425366     8.99433565     8.99459690     8.99466269     8.99479481     8.99481463     8.99483441     8.99485956     8.99486732     8.99490354     8.99491660     8.99501552     8.99533143     8.99554298     8.99605322     8.99701546
   247   -35.02340844   -35.01912593   -35.01829997   -35.01178568   -35.01000697   -14.83972797   -14.72260662   -14.71651233   -14.68854515   -14.67897146   -10.52921055    -6.31426690    -3.73518493    -1.85237885     2.19700480     5.66545086     7.10340114     7.28706167     7.70087177     8.99453373     8.99458046     8.99462865     8.99473377     8.99480534     8.99480679     8.99483889     8.99484664     8.99485239     8.99485814     8.99488100     8.99488410     8.99490584     8.99508634     8.99515590     8.99535688     8.99576184
   248   -35.02335725   -35.01915637   -35.01830017   -35.01177583   -35.01004960   -14.83928726   -14.72288398   -14.71683089   -14.68821395   -14.67915873   -10.54176349    -6.30021870    -3.73319820    -1.83116634     2.21453810     5.71156946     7.04813446     7.24959297     7.69199871     8.99460373     8.99471235     8.99476219     8.99477720     8.99483109     8.99483700     8.99484372     8.99484772     8.99484976     8.99485051     8.99485158     8.99485839     8.99487321     8.99488603     8.99491514     8.99493047     8.99494824
   249   -35.02329677   -35.01919017   -35.01830932   -35.01176174   -35.01009249   -14.83884047   -14.72315701   -14.71715038   -14.68788938   -14.67934965   -10.55483168    -6.28552436    -3.72993444    -1.80972348     2.23201551     5.75128639     6.99320138     7.20721092     7.69865625     8.99357147     8.99411761     8.99435064     8.99441696     8.99464436     8.99470755     8.99481461     8.99482414     8.99483459     8.99484219     8.99485367     8.99489878     8.99503118     8.99505196     8.99521291     8.99529989     8.99542713
   250   -35.02322515   -35.01922742   -35.01832941   -35.01174332   -35.01013550   -14.83838640   -14.72342528   -14.71747045   -14.68757278   -14.67954418   -10.56842097    -6.27017920    -3.72540245    -1.78806117     2.24942294     5.78445015     6.93861269     7.16045602     7.72053804     8.99268259     8.99356259     8.99391964     8.99404150     8.99411692     8.99453610     8.99477698     8.99479662     8.99480406     8.99483483     8.99485742     8.99495943     8.99521884     8.99528397     8.99553880     8.99569480     8.99596866
   251   -35.02314070   -35.01926818   -35.01836209   -35.01172058   -35.01017866   -14.83792401   -14.72368823   -14.71779098   -14.68726517   -14.67974181   -10.58253811    -6.25418148    -3.71961040    -1.76619009     2.26674757     5.81105036     6.88437865     7.11023324     7.75668387     8.99194212     8.99302806     8.99310008     8.99348027     8.99369636     8.99433219     8.99472943     8.99474117     8.99478412     8.99483067     8.99486348     8.99504163     8.99538821     8.99558409     8.99590986     8.99611923     8.99655016
   252   -35.02304198   -35.01931248   -35.01840867   -35.01169363   -35.01022218   -14.83745262   -14.72394524   -14.71811208   -14.68696712   -14.67994156   -10.59718973    -6.23753058    -3.71256628    -1.74412028     2.28397707     5.83123490     6.83050884     7.05743792     7.80582417     8.99134524     8.99141699     8.99249362     8.99306576     8.99341109     8.99411478     8.99466918     8.99468418     8.99476421     8.99483220     8.99487280     8.99514329     8.99554416     8.99589576     8.99633163     8.99656847     8.99713772
   253   -35.02292786   -35.01936032   -35.01846999   -35.01166272   -35.01026636   -14.83697190   -14.72419564   -14.71843413   -14.68667878   -14.68014202   -10.61238122    -6.22022531    -3.70427846    -1.72186096     2.30109864     5.84530740     6.77701201     7.00279097     7.86653948     8.98886805     8.99088161     8.99195715     8.99270813     8.99319577     8.99390617     8.99458651     8.99465568     8.99474260     8.99483966     8.99488643     8.99526025     8.99568045     8.99619151     8.99678518     8.99702881     8.99769314
   254   -35.02279760   -35.01941165   -35.01854647   -35.01162815   -35.01031163   -14.83648202   -14.72443883   -14.71875771   -14.68639985   -14.68034140   -10.62811578    -6.20226244    -3.69475633    -1.69942031     2.31809797     5.85370610     6.72389611     6.94682060     7.93729823     8.98523522     8.99053884     8.99144124     8.99242488     8.99304282     8.99373223     8.99449951     8.99465366     8.99471996     8.99485101     8.99490524     8.99538666     8.99579358     8.99645481     8.99723658     8.99747869     8.99818069
   255   -35.02265084   -35.01946638   -35.01863808   -35.01159033   -35.01035843   -14.83598356   -14.72467427   -14.71908358   -14.68612964   -14.68053768   -10.64439358    -6.18363575    -3.68401093    -1.67680552     2.33495823     5.85696970     6.67116833     6.88990081     8.01645733     8.98028783     8.99030237     8.99098326     8.99222555     8.99293399     8.99361793     8.99441511     8.99468003     8.99469780     8.99486375     8.99492909     8.99551537     8.99588174     8.99667160     8.99764972     8.99788819     8.99857471
   256   -35.02248763   -35.01952439   -35.01874441   -35.01154969   -35.01040718   -14.83547750   -14.72490161   -14.71941265   -14.68586708   -14.68072870   -10.66121114    -6.16433547    -3.67205540    -1.65402277     2.35165915     5.85569868     6.61883516     6.83229835     8.10226684     8.97379005     8.99014609     8.99063434     8.99211635     8.99285642     8.99357483     8.99434020     8.99467781     8.99472928     8.99487627     8.99495621     8.99563845     8.99594415     8.99682935     8.99799094     8.99821531     8.99886899
   257   -35.02230841   -35.01958550   -35.01886474   -35.01150670   -35.01045824   -14.83496512   -14.72512070   -14.71974585   -14.68561087   -14.68091238   -10.67856120    -6.14434824    -3.65890538    -1.63107752     2.36817635     5.85051871     6.56690264     6.77421129     8.19288869     8.96550940     8.99002024     8.99046615     8.99210002     8.99281401     8.99359253     8.99428106     8.99466162     8.99479128     8.99488765     8.99498372     8.99574765     8.99598082     8.99691819     8.99822705     8.99840997     8.99908090
   258   -35.02211394   -35.01964951   -35.01899816   -35.01146184   -35.01051178   -14.83444788   -14.72533164   -14.72008405   -14.68535957   -14.68108685   -10.69643282    -6.12365752    -3.64457904    -1.60797474     2.38448100     5.84205064     6.51537647     6.71579655     8.28642774     8.95522618     8.98992173     8.99049740     8.99217474     8.99281977     8.99364794     8.99424277     8.99465058     8.99485513     8.99489721     8.99500843     8.99583503     8.99599232     8.99693184     8.99829931     8.99847169     8.99922447
   259   -35.02190530   -35.01971612   -35.01914363   -35.01141557   -35.01056781   -14.83392721   -14.72553478   -14.72042803   -14.68511170   -14.68125057   -10.71481189    -6.10224435    -3.62909702    -1.58471926     2.40053973     5.83088816     6.46426229     6.65718820     8.38097148     8.94274332     8.98991644     8.99066975     8.99233337     8.99288394     8.99371908     8.99422876     8.99464575     8.99490435     8.99491209     8.99502738     8.99589342     8.99597907     8.99686791     8.99814915     8.99845879     8.99927906
   260   -35.02168379   -35.01978501   -35.01930010   -35.01136834   -35.01062608   -14.83340440   -14.72573076   -14.72077835   -14.68486591   -14.68140252   -10.73368181    -6.08008833    -3.61248218    -1.56131617     2.41631497     5.81758269     6.41356587     6.59850878     8.47463533     8.92789616     8.99004264     8.99094369     8.99256317     8.99300988     8.99379195     8.99424056     8.99464779     8.99490852     8.99495624     8.99503812     8.99591690     8.99594029     8.99672799     8.99783893     8.99834686     8.99921237
   261   -35.02145095   -35.01985576   -35.01946654   -35.01132056   -35.01068613   -14.83288039   -14.72592041   -14.72113529   -14.68462106   -14.68154227   -10.75302448    -6.05716875    -3.59475917    -1.53777121     2.43176559     5.80263401     6.36329325     6.53987563     8.56561137     8.91056175     8.99031146     8.99129845     8.99284607     8.99319505     8.99386314     8.99427759     8.99465696     8.99490936     8.99498332     8.99503896     8.99587244     8.99590124     8.99651844     8.99743489     8.99812202     8.99900411
   262   -35.02120859   -35.01992792   -35.01964188   -35.01127263   -35.01074725   -14.83235565   -14.72610476   -14.72149886   -14.68437634   -14.68167000   -10.77282116    -6.03346573    -3.57595399    -1.51409102     2.44684777     5.78648513     6.31345089     6.48140376     8.65221834     8.89066711     8.99072117     8.99171907     8.99315976     8.99343254     8.99393957     8.99433735     8.99467314     8.99490675     8.99498955     8.99502911     8.99576701     8.99584388     8.99625459     8.99699001     8.99779043     8.99864875
   263   -35.02095916   -35.02000091   -35.01982462   -35.01122491   -35.01080851   -14.83183010   -14.72628496   -14.72186872   -14.68413134   -14.68178654   -10.79305340    -6.00896120    -3.55609352    -1.49028349     2.46151604     5.76952031     6.26404568     6.42320628     8.73295071     8.86819590     8.99126231     8.99219348     8.99348161     8.99371031     8.99403520     8.99441565     8.99469586     8.99490090     8.99497227     8.99500883     8.99560686     8.99574433     8.99597166     8.99654612     8.99736609     8.99815366
   264   -35.02070768   -35.02007414   -35.02001081   -35.01117776   -35.01086888   -14.83130303   -14.72646220   -14.72224422   -14.68388611   -14.68189331   -10.81370371    -5.98363972    -3.53520509    -1.46635786     2.47572443     5.75206510     6.21508487     6.36539335     8.80652415     8.84319322     8.99192005     8.99271300     8.99379664     8.99400587     8.99416598     8.99450712     8.99472438     8.99489227     8.99493159     8.99497953     8.99538407     8.99560390     8.99571599     8.99612451     8.99686737     8.99753678
   265   -35.02048148   -35.02017436   -35.02014690   -35.01113152   -35.01092721   -14.83077311   -14.72663765   -14.72262444   -14.68364120   -14.68199222   -10.83475600    -5.95748902    -3.51331615    -1.44232480     2.48942748     5.73438803     6.16657592     6.30807041     8.81576809     8.87191487     8.99267614     8.99327352     8.99410058     8.99428203     8.99434890     8.99460592     8.99475767     8.99487298     8.99488158     8.99494373     8.99515421     8.99542560     8.99548404     8.99572820     8.99631504     8.99682418
   266   -35.02049307   -35.02021849   -35.02010394   -35.01108655   -35.01098239   -14.83023848   -14.72681240   -14.72300825   -14.68339758   -14.68208553   -10.85619573    -5.93050028    -3.49045405    -1.41819636     2.50258114     5.71670317     6.11852631     6.25133638     8.78609331     8.92839020     8.99351077     8.99387564     8.99439697     8.99451542     8.99457664     8.99470659     8.99479438     8.99481836     8.99486963     8.99490495     8.99498567     8.99521389     8.99524403     8.99535558     8.99573072     8.99604734
   267   -35.02068602   -35.02028812   -35.01985717   -35.01104321   -35.01103336   -14.82969682   -14.72698734   -14.72339437   -14.68315666   -14.68217566   -10.87800972    -5.90266809    -3.46664585    -1.39398574     2.51514351     5.69917328     6.07094321     6.19528268     8.75440272     8.97552812     8.99440467     8.99452275     8.99469843     8.99474273     8.99477553     8.99480508     8.99481877     8.99483272     8.99485715     8.99486740     8.99488369     8.99497441     8.99498351     8.99500812     8.99513559     8.99524032
   268   -35.02090346   -35.02035504   -35.01959190   -35.01107922   -35.01100190   -14.82914555   -14.72716322   -14.72378150   -14.68292014   -14.68226505   -10.90018574    -5.87399019    -3.44191825    -1.36970709     2.52707524     5.68191284     6.02383320     6.13999359     8.72098571     8.99443713     8.99454943     8.99469047     8.99470471     8.99471367     8.99482522     8.99483557     8.99484455     8.99487036     8.99489962     8.99490565     8.99491865     8.99496681     8.99502532     8.99521668     8.99534098     9.01322426
   269   -35.02112930   -35.02041850   -35.01932507   -35.01111927   -35.01096301   -14.82858200   -14.72734050   -14.72416838   -14.68268996   -14.68235596   -10.92271183    -5.84446698    -3.41629755    -1.34537513     2.53833970     5.66499023     5.97720199     6.08554896     8.68617920     8.99366950     8.99399018     8.99440798     8.99441780     8.99443883     8.99479939     8.99481341     8.99483170     8.99490499     8.99498310     8.99499122     8.99506113     8.99519573     8.99540787     8.99595340     8.99630663     9.04168520
   270   -35.02135899   -35.02047780   -35.01906179   -35.01115304   -35.01092697   -14.82800361   -14.72751944   -14.72455390   -14.68246811   -14.68245023   -10.94557557    -5.81410084    -3.38980956    -1.32100482     2.54890291     5.64842816     5.93105421     6.03202977     8.65035732     8.99296521     8.99347375     8.99413094     8.99415748     8.99417164     8.99480198     8.99480257     8.99481851     8.99493603     8.99499099     8.99508291     8.99519652     8.99543997     8.99587871     8.99672183     8.99729196     9.06140826
   271   -35.02158914   -35.02053234   -35.01880576   -35.01118030   -35.01089422   -14.82740812   -14.72770003   -14.72493719   -14.68254925   -14.68225651   -10.96876334    -5.78289541    -3.36247950    -1.29661093     2.55873334     5.63220089     5.88539327     5.97952812     8.61391935     8.99234701     8.99301416     8.99386350     8.99387750     8.99398141     8.99478951     8.99481489     8.99482727     8.99494232     8.99496714     8.99517826     8.99529588     8.99568148     8.99643746     8.99750771     8.99828745     9.07314839
   272   -35.02181624   -35.02058161   -35.01856049   -35.01120108   -35.01086520   -14.82679375   -14.72788208   -14.72531764   -14.68265371   -14.68205688   -10.99225963    -5.75085482    -3.33433183    -1.27220772     2.56780160     5.61622591     5.84022138     5.92816312     8.57727618     8.99183206     8.99262363     8.99360684     8.99362626     8.99384313     8.99476059     8.99482844     8.99484227     8.99486973     8.99500663     8.99527998     8.99536853     8.99590072     8.99704111     8.99829971     8.99927862     9.07787386
   273   -35.02203654   -35.02062525   -35.01832951   -35.01121561   -35.01084032   -14.82615931   -14.72806519   -14.72569498   -14.68276366   -14.68187058   -11.01604663    -5.71798301    -3.30538995    -1.24780866     2.57608010     5.60034664     5.79553965     5.87810614     8.54083624     8.99143176     8.99231244     8.99335353     8.99343099     8.99375615     8.99471798     8.99473106     8.99484905     8.99488578     8.99506409     8.99538936     8.99543636     8.99608595     8.99762563     8.99908963     9.00024175     9.07671318
   274   -35.02224599   -35.02066303   -35.01811635   -35.01122428   -35.01082000   -14.82550435   -14.72824883   -14.72606927   -14.68287842   -14.68169850   -11.04010409    -5.68428312    -3.27567592    -1.22342617     2.58354293     5.58430037     5.75134838     5.82962033     8.50499139     8.99115191     8.99208849     8.99312538     8.99328695     8.99371449     8.99461123     8.99466352     8.99487179     8.99487495     8.99514361     8.99550630     8.99552056     8.99622884     8.99813071     8.99986228     9.00114287     9.07089637
   275   -35.02244044   -35.02069485   -35.01792450   -35.01122763   -35.01080459   -14.82482910   -14.72843239   -14.72644085   -14.68299665   -14.68154102   -11.06440942    -5.64975704    -3.24521004    -1.19907159     2.59016573     5.56766442     5.70764743     5.78312125     8.47010349     8.99099304     8.99195640     8.99292994     8.99320044     8.99370532     8.99451325     8.99460110     8.99482779     8.99489688     8.99524181     8.99562583     8.99562945     8.99632294     8.99851614     9.00058590     9.00193907     9.06169413
   276   -35.02261582   -35.02072077   -35.01775720   -35.01122625   -35.01079439   -14.82413452   -14.72861524   -14.72681034   -14.68311644   -14.68139789   -11.08893823    -5.61440518    -3.21401051    -1.17475511     2.59592593     5.54977868     5.66443654     5.73925991     8.43649242     8.99095085     8.99191639     8.99277426     8.99317454     8.99371040     8.99446252     8.99453643     8.99475905     8.99492316     8.99535027     8.99574051     8.99575636     8.99636417     8.99876179     9.00121600     9.00258022     9.05035928
   277   -35.02276829   -35.02074096   -35.01761741   -35.01122073   -35.01078964   -14.82342213   -14.72879675   -14.72717854   -14.68323546   -14.68126832   -11.11366506    -5.57822645    -3.18209312    -1.15048592     2.60080308     5.52967596     5.62171582     5.69899659     8.40442618     8.99101690     8.99196309     8.99266478     8.99320879     8.99371604     8.99447187     8.99447568     8.99468913     8.99495074     8.99545806     8.99584751     8.99588322     8.99635211     8.99885840     9.00170635     9.00300823     9.03807682
   278   -35.02289445   -35.02075566   -35.01750761   -35.01121164   -35.01079054   -14.82269395   -14.72897643   -14.72754636   -14.68335114   -14.68115101   -11.13856430    -5.54121836    -3.14947107    -1.12627239     2.60477941     5.50614778     5.57948601     5.66353762     8.37411344     8.99117934     8.99208455     8.99260710     8.99329787     8.99372628     8.99442475     8.99451514     8.99465362     8.99497850     8.99555358     8.99592822     8.99600417     8.99629274     8.99879834     9.00201532     9.00314480     9.02593747
   279   -35.02299152   -35.02076518   -35.01742973   -35.01119946   -35.01079717   -14.82195225   -14.72915388   -14.72791472   -14.68346081   -14.68104422   -11.16361125    -5.50337745    -3.11615497    -1.10212236     2.60784047     5.47815223     5.53774870     5.63392861     8.34569915     8.99142388     8.99226059     8.99260586     8.99342703     8.99376080     8.99438880     8.99451964     8.99471373     8.99500458     8.99562630     8.99595578     8.99611033     8.99620652     8.99855908     9.00209134     9.00282238     9.01500825
   280   -35.02305747   -35.02076985   -35.01738508   -35.01118456   -35.01080957   -14.82119935   -14.72932890   -14.72828448   -14.68356199   -14.68094598   -11.18878311    -5.46469978    -3.08215307    -1.07804344     2.60997578     5.44544944     5.49650639     5.61041865     8.31926320     8.99173475     8.99245171     8.99266458     8.99355855     8.99384611     8.99437181     8.99451265     8.99482260     8.99502659     8.99566802     8.99588743     8.99613178     8.99618969     8.99796899     9.00097703     9.00211191     9.00703758
   281   -35.02309112   -35.02076998   -35.01737425   -35.01116719   -35.01082772   -14.82043748   -14.72950151   -14.72865633   -14.68365250   -14.68085416   -11.21405981    -5.42518156    -3.04747173    -1.05404336     2.61117940     5.40876782     5.45576236     5.59229275     8.29482227     8.99209355     8.99239387     8.99278554     8.99356069     8.99398931     8.99437643     8.99450564     8.99486694     8.99504181     8.99524909     8.99567310     8.99574838     8.99615228     8.99622801     8.99852140     9.00171970     9.00406166
   282   -35.02309219   -35.02076581   -35.01739713   -35.01114747   -35.01085154   -14.81966851   -14.72967192   -14.72903077   -14.68373067   -14.68076674   -11.23942461    -5.38481991    -3.01211612    -1.03013024     2.61145022     5.36927595     5.41552045     5.57839775     8.27233471     8.98955659     8.99249571     8.99296962     8.99332089     8.99399950     8.99420471     8.99440386     8.99461854     8.99502828     8.99504752     8.99555657     8.99563824     8.99603355     8.99621054     8.99772279     9.00113253     9.00277105
   283   -35.02306132   -35.02075752   -35.01745289   -35.01112544   -35.01088092   -14.81889382   -14.72984059   -14.72940802   -14.68379544   -14.68068192   -11.26486435    -5.34361353    -2.97609110    -1.00631290     2.61079212     5.32803506     5.37578462     5.56768753     8.25170799     8.98688042     8.99291722     8.99321629     8.99353919     8.99410198     8.99436088     8.99445384     8.99470978     8.99504087     8.99506529     8.99537499     8.99556219     8.99591138     8.99612376     8.99708150     9.00032289     9.00156598
   284   -35.02300001   -35.02074517   -35.01754003   -35.01110104   -35.01091570   -14.81811420   -14.73000815   -14.72978802   -14.68384648   -14.68059827   -11.29036932    -5.30156342    -2.93940231    -0.98260100     2.60921363     5.28581373     5.33655856     5.55940580     8.23280843     8.98619122     8.99335559     8.99352343     8.99383169     8.99425861     8.99449769     8.99452472     8.99480449     8.99502011     8.99505213     8.99522177     8.99544580     8.99574322     8.99595692     8.99645705     8.99929848     9.00022824
   285   -35.02291054   -35.02072873   -35.01765647   -35.01107420   -35.01095572   -14.81732977   -14.73017545   -14.73017043   -14.68388415   -14.68051488   -11.31593278    -5.25867344    -2.90205721    -0.95900512     2.60672742     5.24312106     5.29784520     5.55305067     8.21547248     8.98739618     8.99380779     8.99388730     8.99414474     8.99443643     8.99461365     8.99461887     8.99486128     8.99498374     8.99498744     8.99510880     8.99529192     8.99552298     8.99570347     8.99586824     8.99807599     8.99872334
   286   -35.02279583   -35.02070806   -35.01779961   -35.01104483   -35.01100081   -14.81653999   -14.73055468   -14.73034341   -14.68390954   -14.68043140   -11.34155013    -5.21495069    -2.86406610    -0.93553678     2.60334934     5.20028595     5.25964634     5.54829372     8.19951890     8.99015904     8.99427487     8.99430249     8.99446563     8.99462401     8.99471680     8.99473061     8.99486779     8.99491376     8.99493182     8.99500094     8.99510537     8.99524765     8.99535075     8.99536218     8.99668050     8.99704943
   287   -35.02265932   -35.02068295   -35.01796644   -35.01105075   -35.01101290   -14.81574370   -14.73093995   -14.73051308   -14.68392432   -14.68034810   -11.36721793    -5.17040570    -2.82544296    -0.91220827     2.59909741     5.15752116     5.22196239     5.54491446     8.18476127     8.99404567     8.99475933     8.99476186     8.99479047     8.99481519     8.99482956     8.99483322     8.99485256     8.99485894     8.99486495     8.99487492     8.99489271     8.99491758     8.99492244     8.99493794     8.99514684     8.99520970
   288   -35.02250474   -35.02065313   -35.01815370   -35.01110534   -35.01097845   -14.81493929   -14.73132533   -14.73068551   -14.68393069   -14.68026577   -11.39293268    -5.12505237    -2.78620608    -0.88903247     2.59399059     5.11496585     5.18479217     5.54275703     8.17102001     8.99320820     8.99351961     8.99444223     8.99453479     8.99455740     8.99466200     8.99475357     8.99478536     8.99483320     8.99485600     8.99492525     8.99494684     8.99501587     8.99512057     8.99525654     8.99526236     8.99858317
   289   -35.02233596   -35.02061835   -35.01835796   -35.01116433   -35.01094162   -14.81412474   -14.73170982   -14.73086174   -14.68393112   -14.68018572   -11.41868970    -5.07890766    -2.74637823    -0.86602255     2.58804765     5.07271215     5.14813293     5.54170303     8.15813331     8.99105451     8.99185083     8.99389280     8.99411117     8.99419872     8.99442231     8.99465403     8.99469625     8.99486672     8.99488899     8.99500733     8.99506341     8.99526375     8.99546283     8.99577600     8.99578194     9.00330377
   290   -35.02215681   -35.02057839   -35.01857575   -35.01122745   -35.01090268   -14.81329789   -14.73209243   -14.73104272   -14.68392826   -14.68010959   -11.44448207    -5.03199099    -2.70598652    -0.84319163     2.58128610     5.03082208     5.11198050     5.54165430     8.14596637     8.98877107     8.99019677     8.99331301     8.99365851     8.99382532     8.99418339     8.99456671     8.99460165     8.99490671     8.99497250     8.99508681     8.99517414     8.99562023     8.99584913     8.99630809     8.99631184     9.00778087
   291   -35.02197096   -35.02053317   -35.01880368   -35.01129434   -35.01086202   -14.81245659   -14.73247226   -14.73122930   -14.68392468   -14.68003927   -11.47029982    -4.98432347    -2.66506184    -0.82055247     2.57372152     4.98933853     5.07632958     5.54252180     8.13441853     8.98639917     8.98861520     8.99273033     8.99319320     8.99344930     8.99395508     8.99448308     8.99450617     8.99491704     8.99505903     8.99518656     8.99527431     8.99601493     8.99642210     8.99683919     8.99684140     9.01165757
   292   -35.02178176   -35.02048276   -35.01903842   -35.01136458   -35.01082018   -14.81159883   -14.73284858   -14.73142217   -14.68392272   -14.67997665   -11.49612948    -4.93592691    -2.62363791    -0.79811711     2.56536710     4.94829281     5.04117409     5.54421785     8.12342775     8.98400161     8.98716337     8.99217451     8.99273376     8.99309561     8.99374694     8.99439679     8.99441456     8.99489363     8.99511886     8.99531871     8.99535986     8.99635336     8.99726560     8.99735465     8.99735649     9.01466689
   293   -35.02159226   -35.02042743   -35.01927675   -35.01143760   -35.01077779   -14.81072293   -14.73322083   -14.73162185   -14.68392432   -14.67992348   -11.52195390    -4.88682280    -2.58174998    -0.77589662     2.55623363     4.90770996     5.00650759     5.54665058     8.11297236     8.98166215     8.98589580     8.99167539     8.99230022     8.99278955     8.99356776     8.99430166     8.99433137     8.99483980     8.99516866     8.99542761     8.99546553     8.99665250     8.99783396     8.99783958     8.99830138     9.01664347
   294   -35.02140536   -35.02036773   -35.01951540   -35.01151275   -35.01073557   -14.80982767   -14.73358871   -14.73182866   -14.68393088   -14.67988124   -11.54775260    -4.83703116    -2.53943342    -0.75390093     2.54632984     4.86761267     4.97232377     5.54971973     8.10306993     8.97948179     8.98486179     8.99126056     8.99191320     8.99255157     8.99342513     8.99419430     8.99426061     8.99476624     8.99521865     8.99547540     8.99561051     8.99691241     8.99825871     8.99827653     8.99942941     9.01752694
   295   -35.02122418   -35.02030449   -35.01975055   -35.01158921   -35.01069434   -14.80891230   -14.73395217   -14.73204273   -14.68394321   -14.67985092   -11.57350234    -4.78656958    -2.49672213    -0.73213870     2.53566313     4.82802397     4.93861684     5.55331353     8.09377345     8.97757251     8.98410272     8.99095325     8.99159253     8.99239557     8.99332505     8.99407695     8.99420549     8.99468579     8.99526941     8.99550219     8.99573988     8.99712574     8.99860636     8.99865009     9.00054291     9.01735779
   296   -35.02105374   -35.02023879   -35.01997631   -35.01166601   -35.01065493   -14.80797661   -14.73431138   -14.73226401   -14.68396145   -14.67983299   -11.59917806    -4.73545230    -2.45364715    -0.71061736     2.52424052     4.78896909     4.90538194     5.55730649     8.08516515     8.97604906     8.98364937     8.99077051     8.99135576     8.99232853     8.99327164     8.99395797     8.99416829     8.99461016     8.99531606     8.99550805     8.99584080     8.99728510     8.99885657     8.99894459     9.00151825     9.01626800
   297   -35.02090672   -35.02017885   -35.02017198   -35.01174206   -35.01061817   -14.80702093   -14.73466674   -14.73249229   -14.68398514   -14.67982731   -11.62475397    -4.68368963    -2.41023534    -0.68934324     2.51206976     4.75047645     4.87261541     5.56155819     8.07734841     8.97501944     8.98351978     8.99072192     8.99121707     8.99235076     8.99326682     8.99385004     8.99415034     8.99454863     8.99535122     8.99549411     8.99590204     8.99738442     8.99899219     8.99914545     9.00221866     9.01446912
   298   -35.02082603   -35.02031397   -35.02010561   -35.01181617   -35.01058488   -14.80604602   -14.73501881   -14.73272720   -14.68401323   -14.67983315   -11.65020483    -4.63128757    -2.36650855    -0.66832175     2.49916047     4.71257782     4.84031501     5.56591302     8.07043850     8.97457503     8.98371770     8.99080896     8.99118633     8.99245645     8.99331024     8.99376744     8.99415207     8.99450782     8.99536753     8.99546240     8.99591539     8.99741858     8.99900128     8.99923983     9.00249382     9.01224087
   299   -35.02088699   -35.02030493   -35.02004137   -35.01188707   -35.01055583   -14.80505301   -14.73536822   -14.73296826   -14.68404423   -14.67984921   -11.67550704    -4.57824786    -2.32248316    -0.64755773     2.48552518     4.67530781     4.80848000     5.57020109     8.06455290     8.97478113     8.98423212     8.99102504     8.99126853     8.99263444     8.99339919     8.99372356     8.99417317     8.99449167     8.99535944     8.99541565     8.99587701     8.99738237     8.99887868     8.99921718     9.00218606     9.00991222
   300   -35.02104995   -35.02018989   -35.01998097   -35.01195349   -35.01053167   -14.80404332   -14.73571568   -14.73321493   -14.68407631   -14.67987376   -11.70063973    -4.52456829    -2.27817018    -0.62705574     2.47118013     4.63870271     4.77711113     5.57424018     8.05980188     8.97566874     8.98503783     8.99135617     8.99146332     8.99286912     8.99352873     8.99372931     8.99421274     8.99450125     8.99532449     8.99535703     8.99578740     8.99726946     8.99862680     8.99906990     9.00120021     9.00777957
   301   -35.02124244   -35.02003990   -35.01992606   -35.01201423   -35.01051298   -14.80301850   -14.73606183   -14.73346664   -14.68410750   -14.67990475   -11.72558554    -4.47024343    -2.23357582    -0.60682046     2.45614574     4.60279886     4.74621051     5.57783882     8.05628029     8.97722858     8.98609715     8.99176452     8.99178252     8.99314178     8.99369197     8.99379198     8.99426944     8.99453444     8.99526406     8.99528983     8.99564910     8.99707058     8.99825498     8.99879390     8.99968492     9.00591758
   302   -35.02144025   -35.01987812   -35.01987782   -35.01206824   -35.01050021   -14.80198017   -14.73640720   -14.73372284   -14.68413582   -14.67994001   -11.75033109    -4.41526560    -2.18870264    -0.58685700     2.44044673     4.56763065     4.71578142     5.58080016     8.05406109     8.97940812     8.98736273     8.99216136     8.99227882     8.99343291     8.99388045     8.99391388     8.99434168     8.99458518     8.99518342     8.99521723     8.99545964     8.99676210     8.99776062     8.99808257     8.99838913     9.00415433
   303   -35.02163605   -35.01983833   -35.01970986   -35.01211466   -35.01049369   -14.80092990   -14.73675217   -14.73398304   -14.68415949   -14.67997739   -11.77486716    -4.35962612    -2.14355102    -0.56717123     2.42411178     4.53322840     4.68582799     5.58292654     8.05319111     8.98211221     8.98878151     8.99263645     8.99281866     8.99372696     8.99408448     8.99408917     8.99442762     8.99463939     8.99508945     8.99514195     8.99519409     8.99623258     8.99682603     8.99726804     8.99785995     9.00231984
   304   -35.02182710   -35.01980757   -35.01953786   -35.01215289   -35.01049360   -14.79986920   -14.73709694   -14.73424680   -14.68417700   -14.68001494   -11.79918846    -4.30331653    -2.09812093    -0.54776994     2.40717286     4.49961634     4.65635494     5.58402437     8.05368947     8.98520819     8.99029950     8.99316868     8.99337447     8.99401829     8.99429474     8.99429813     8.99452527     8.99461395     8.99486119     8.99500571     8.99506604     8.99560949     8.99622372     8.99666773     8.99721540     9.00037164
   305   -35.02201220   -35.01978631   -35.01936243   -35.01218266   -35.01050006   -14.79879941   -14.73744145   -14.73451382   -14.68418729   -14.68005108   -11.82329312    -4.24633004    -2.05241385    -0.52866101     2.38966420     4.46681091     4.62736716     5.58390882     8.05554876     8.98853573     8.99186774     8.99373369     8.99392057     8.99430610     8.99439121     8.99450145     8.99451466     8.99463239     8.99482551     8.99492655     8.99499076     8.99526035     8.99573061     8.99604637     8.99646927     8.99836776
   306   -35.02219082   -35.01977460   -35.01918388   -35.01220397   -35.01051304   -14.79772177   -14.73778545   -14.73478387   -14.68418976   -14.68008466   -11.84718200    -4.18866263    -2.00643452    -0.50985335     2.37162108     4.43481941     4.59886944     5.58240811     8.05873876     8.99192242     8.99344931     8.99430853     8.99443479     8.99447361     8.99460305     8.99469532     8.99470863     8.99474642     8.99484854     8.99487317     8.99491651     8.99502637     8.99525030     8.99541442     8.99563994     8.99642198
   307   -35.02236278   -35.01977214   -35.01900248   -35.01221711   -35.01053244   -14.79663740   -14.73812845   -14.73505682   -14.68418434   -14.68011511   -11.87085771    -4.13031409    -1.96019258    -0.49135681     2.35307840     4.40363949     4.57086611     5.57936691     8.06321255     8.99467027     8.99475000     8.99478090     8.99480426     8.99483037     8.99484292     8.99484855     8.99485130     8.99486426     8.99486653     8.99486924     8.99488081     8.99489995     8.99490768     8.99492702     8.99502588     8.99520673
   308   -35.02252812   -35.01977829   -35.01881865   -35.01222261   -35.01055810   -14.79554736   -14.73846979   -14.73533263   -14.68417143   -14.68014236   -11.89432363    -4.07128863    -1.91370367    -0.47318197     2.33406939     4.37325917     4.54336084     5.57464859     8.06891436     8.99324239     8.99382555     8.99415587     8.99442455     8.99465162     8.99476912     8.99480520     8.99487264     8.99498178     8.99498220     8.99501789     8.99512637     8.99530473     8.99542470     8.99571003     8.99659331     8.99827228
   309   -35.02268702   -35.01979218   -35.01863297   -35.01222120   -35.01058980   -14.79445268   -14.73880869   -14.73561129   -14.68415185   -14.68016689   -11.91758295    -4.01159514    -1.86699016    -0.45533977     2.31462429     4.34365779     4.51635642     5.56813624     8.07578864     8.99223274     8.99289537     8.99355352     8.99413501     8.99448360     8.99469411     8.99471984     8.99492129     8.99507038     8.99509497     8.99513850     8.99531520     8.99564402     8.99591416     8.99656863     8.99812186     9.00109732
   310   -35.02283979   -35.01981278   -35.01844615   -35.01221368   -35.01062728   -14.79335439   -14.73914427   -14.73589281   -14.68412676   -14.68018959   -11.94063780    -3.95124706    -1.82008116    -0.43784117     2.29476930     4.31480762     4.48985466     5.55973239     8.08378949     8.99166810     8.99198981     8.99299118     8.99394313     8.99433112     8.99459611     8.99461732     8.99494209     8.99519508     8.99519655     8.99523260     8.99542791     8.99591847     8.99635170     8.99733426     8.99949431     9.00380378
   311   -35.02298679   -35.01983899   -35.01825901   -35.01220094   -35.01067025   -14.79225361   -14.73947563   -14.73617716   -14.68409750   -14.68021169   -11.96348846    -3.89026171    -1.77301203    -0.42069672     2.27452577     4.28667609     4.46385638     5.54935762     8.09288964     8.99113951     8.99147553     8.99248709     8.99382419     8.99422239     8.99444479     8.99453912     8.99490515     8.99526769     8.99531039     8.99539571     8.99546837     8.99613337     8.99670468     8.99787901     9.00054014     9.00663593
   312   -35.02312843   -35.01986972   -35.01807245   -35.01218385   -35.01071842   -14.79115153   -14.73980192   -14.73646425   -14.68406545   -14.68023459   -11.98613291    -3.82865939    -1.72582325    -0.40391610     2.25390969     4.25922857     4.43836141     5.53694834     8.10308819     8.99037415     8.99146897     8.99206459     8.99370944     8.99414610     8.99431501     8.99446135     8.99486624     8.99530477     8.99537698     8.99541445     8.99568281     8.99629683     8.99689209     8.99815567     9.00119752     9.00983776
   313   -35.02326511   -35.01990393   -35.01788740   -35.01216322   -35.01077145   -14.79004942   -14.74012240   -14.73675389   -14.68403191   -14.68025972   -12.00856652    -3.76646210    -1.67855895    -0.38750780     2.23293150     4.23243138     4.41336874     5.52245405     8.11441628     8.98972105     8.99137812     8.99179336     8.99354883     8.99387047     8.99429127     8.99438749     8.99491060     8.99531449     8.99540500     8.99542371     8.99587553     8.99641762     8.99682624     8.99828692     9.00156687     9.01356644
   314   -35.02339715   -35.01994069   -35.01770477   -35.01213982   -35.01082901   -14.78894859   -14.74043645   -14.73704580   -14.68399796   -14.68028837   -12.03078203    -3.70369211    -1.63126501    -0.37147872     2.21159614     4.20625477     4.38887661     5.50583453     8.12694008     8.98920390     8.99106376     8.99169797     8.99303016     8.99354411     8.99423936     8.99432249     8.99488304     8.99530318     8.99542539     8.99544656     8.99582174     8.99650295     8.99685381     8.99843438     9.00176983     9.01788634
   315   -35.02352479   -35.01997922   -35.01752546   -35.01211429   -35.01089073   -14.78785038   -14.74074366   -14.73733952   -14.68396433   -14.68032157   -12.05276968    -3.64037049    -1.58398714    -0.35583399     2.18990337     4.18067574     4.36488268     5.48705746     8.14076062     8.98884168     8.99060822     8.99155063     8.99179447     8.99340493     8.99417509     8.99427207     8.99471482     8.99501626     8.99527541     8.99544615     8.99620208     8.99655719     8.99706844     8.99857642     9.00184764     9.02275647
   316   -35.02364807   -35.02001885   -35.01735035   -35.01208723   -35.01095620   -14.78675608   -14.74104385   -14.73763447   -14.68393135   -14.68035995   -12.07451764    -3.57651574    -1.53676891    -0.34057679     2.16784823     4.15568040     4.34138422     5.46609666     8.15601027     8.98864766     8.98937729     8.99036724     8.99175215     8.99331335     8.99410755     8.99424173     8.99445225     8.99480379     8.99523490     8.99542634     8.99658162     8.99665017     8.99722501     8.99864869     9.00178469     9.02800898
   317   -35.02376681   -35.02005906   -35.01718032   -35.01205912   -35.01102501   -14.78566688   -14.74133702   -14.73792995   -14.68389892   -14.68040371   -12.09601242    -3.51214265    -1.48965021    -0.32570837     2.14542160     4.13126556     4.31837826     5.44293137     8.17284582     8.98713618     8.98862876     8.98985200     8.99188936     8.99326082     8.99404307     8.99421280     8.99423563     8.99473045     8.99518505     8.99539261     8.99657525     8.99701842     8.99726122     8.99862583     9.00155580     9.03334976
   318   -35.02388058   -35.02009943   -35.01701625   -35.01203042   -35.01109668   -14.78458377   -14.74162343   -14.73822511   -14.68386648   -14.68045256   -12.11723953    -3.44726148    -1.44266595    -0.31122811     2.12261079     4.10743961     4.29586172     5.41754671     8.19143852     8.98493576     8.98878516     8.98945215     8.99210327     8.99325724     8.99400050     8.99404373     8.99425561     8.99470814     8.99512902     8.99535070     8.99653605     8.99715944     8.99725464     8.99852459     9.00115461     9.03838022
   319   -35.02398864   -35.02013965   -35.01685910   -35.01200147   -35.01117069   -14.78350752   -14.74190347   -14.73851907   -14.68383310   -14.68050576   -12.13818402    -3.38187766    -1.39584546    -0.29713373     2.09940006     4.08422244     4.27383148     5.38993519     8.21196172     8.98311383     8.98911015     8.98917914     8.99236535     8.99331214     8.99395166     8.99400028     8.99430073     8.99470799     8.99507004     8.99530536     8.99646201     8.99698061     8.99726704     8.99837231     9.00060544     9.04262546
   320   -35.02408996   -35.02017946   -35.01670989   -35.01197261   -35.01124646   -14.78243861   -14.74217773   -14.73881090   -14.68379757   -14.68056219   -12.15883112    -3.31599193    -1.34921249    -0.28342155     2.07577102     4.06164442     4.25228451     5.36009920     8.23457668     8.98191121     8.98908381     8.98959045     8.99264369     8.99342633     8.99394754     8.99404969     8.99436708     8.99471812     8.99501160     8.99525955     8.99635190     8.99671846     8.99709726     8.99814586     8.99996229     9.04556152
   321   -35.02418327   -35.02021869   -35.01656980   -35.01194411   -35.01132335   -14.78137726   -14.74244683   -14.73909968   -14.68375851   -14.68062042   -12.17916671    -3.24960096    -1.30278581    -0.27008686     2.05170298     4.03974466     4.23121790     5.32805430     8.25941778     8.98150520     8.98921424     8.99020672     8.99291815     8.99358246     8.99402499     8.99416115     8.99444836     8.99473443     8.99495728     8.99521424     8.99620570     8.99640568     8.99680793     8.99777596     8.99929166     9.04664037
   322   -35.02426708   -35.02025718   -35.01644013   -35.01191619   -35.01140061   -14.78032340   -14.74271146   -14.73938460   -14.68371450   -14.68067890   -12.19917776    -3.18269851    -1.25658048    -0.25712424     2.02717305     4.01856845     4.21062882     5.29383261     8.28657789     8.98200351     8.98960786     8.99093442     8.99319241     8.99375781     8.99415497     8.99433782     8.99453682     8.99475555     8.99491046     8.99516846     8.99602477     8.99606913     8.99646346     8.99724458     8.99862569     9.04531365
   323   -35.02433977   -35.02029482   -35.01632236   -35.01188905   -35.01147746   -14.77927674   -14.74297226   -14.73966499   -14.68366427   -14.68073604   -12.21885264    -3.11527695    -1.21060955    -0.24452796     2.00215623     3.99816427     4.19051458     5.25748619     8.31609509     8.98343740     8.99028605     8.99174497     8.99348312     8.99395064     8.99430647     8.99454464     8.99462447     8.99477993     8.99487404     8.99511951     8.99573393     8.99581185     8.99609892     8.99663023     8.99793265     9.04105557
   324   -35.02439971   -35.02033151   -35.01621811   -35.01186281   -35.01155299   -14.77823685   -14.74322978   -14.73994041   -14.68360681   -14.68079043   -12.23818133    -3.04732898    -1.16488614    -0.23229234     1.97662532     3.97858052     4.17087263     5.21908978     8.34794169     8.98575922     8.99124972     8.99260706     8.99380473     8.99416912     8.99446487     8.99470445     8.99472442     8.99480533     8.99485016     8.99506333     8.99542195     8.99557086     8.99572265     8.99604482     8.99716835     9.03338431
   325   -35.02444536   -35.02036719   -35.01612909   -35.01183753   -35.01162625   -14.77720324   -14.74348443   -14.74021066   -14.68354149   -14.68084091   -12.25715546    -2.97884952    -1.11942559    -0.22041200     1.95055086     3.95986228     4.15170051     5.17874256     8.38201624     8.98884561     8.99247653     8.99348811     8.99416754     8.99441516     8.99462034     8.99477211     8.99482359     8.99484000     8.99484204     8.99499507     8.99515106     8.99530663     8.99534060     8.99555494     8.99632080     9.02188166
   326   -35.02447536   -35.02040185   -35.01605707   -35.01181321   -35.01169621   -14.77617546   -14.74373643   -14.74047584   -14.68346817   -14.68088668   -12.27576835    -2.90983758    -1.07424756    -0.20888213     1.92390107     3.94204826     4.13299588     5.13656863     8.41813939     8.99250691     8.99392024     8.99435580     8.99458021     8.99468378     8.99476750     8.99482558     8.99484346     8.99484379     8.99486925     8.99491029     8.99493960     8.99500772     8.99502450     8.99511892     8.99540825     9.00620962
   327   -35.02448864   -35.02043551   -35.01600381   -35.01178977   -35.01176186   -14.77515322   -14.74398582   -14.74073633   -14.68338728   -14.68092741   -12.29401486    -2.84029775    -1.02937786    -0.19769861     1.89664177     3.92516821     4.11475658     5.09271616     8.45605373     8.98612353     8.99446678     8.99465454     8.99472992     8.99475853     8.99480257     8.99480647     8.99483350     8.99485425     8.99485800     8.99486667     8.99490770     8.99496940     8.99504914     8.99517953     8.99551261     8.99650195
   328   -35.02448450   -35.02046825   -35.01597089   -35.01182222   -35.01176706   -14.77413646   -14.74423241   -14.74099284   -14.68329976   -14.68096320   -12.31189121    -2.77024147    -0.98484970    -0.18685809     1.86873652     3.90924105     4.09698063     5.04735513     8.49542803     8.96148091     8.99354065     8.99411227     8.99442817     8.99456415     8.99466134     8.99468462     8.99485241     8.99485496     8.99487540     8.99490326     8.99504661     8.99527519     8.99557490     8.99593175     8.99716797     9.00055747
   329   -35.02446260   -35.02050020   -35.01595965   -35.01187645   -35.01174488   -14.77312539   -14.74447585   -14.74124631   -14.68320710   -14.68099463   -12.32939476    -2.69968766    -0.94070446    -0.17635795     1.84014680     3.89427365     4.07966630     5.00067380     8.53586543     8.93224580     8.99267484     8.99347335     8.99412443     8.99438915     8.99445417     8.99454998     8.99484460     8.99488481     8.99494565     8.99498699     8.99519214     8.99562079     8.99614916     8.99658920     8.99879005     9.00439032
   330   -35.02442305   -35.02053156   -35.01597103   -35.01192390   -35.01172297   -14.77212057   -14.74471561   -14.74149791   -14.68311119   -14.68102262   -12.34652375    -2.62866280    -0.89699164    -0.16619621     1.81083237     3.88026054     4.06281217     4.95287429     8.57691554     8.89848837     8.99190681     8.99274840     8.99382426     8.99418473     8.99421354     8.99441157     8.99482234     8.99488312     8.99499580     8.99516446     8.99537439     8.99603817     8.99675323     8.99713373     9.00028062     9.00773083
   331   -35.02436631   -35.02056256   -35.01600548   -35.01196421   -35.01170106   -14.77112283   -14.74495105   -14.74174891   -14.68301427   -14.68104839   -12.36327691    -2.55720034    -0.85376819    -0.15637136     1.78075166     3.86718443     4.04641724     4.90416743     8.61808955     8.86038007     8.99125035     8.99198548     8.99353468     8.99386353     8.99402810     8.99428049     8.99478486     8.99487148     8.99505083     8.99528950     8.99563201     8.99654798     8.99735811     8.99755302     9.00154923     9.01034538
   332   -35.02429321   -35.02059347   -35.01606286   -35.01199733   -35.01167888   -14.77013329   -14.74518149   -14.74200067   -14.68291872   -14.68107331   -12.37965320    -2.48533950    -0.81109708    -0.14688219     1.74986234     3.85501747     4.03048093     4.85476746     8.65887773     8.81818468     8.99064572     8.99131111     8.99326506     8.99350048     8.99383697     8.99416765     8.99472904     8.99485148     8.99510709     8.99536481     8.99592400     8.99713542     8.99784083     8.99792584     9.00252337     9.01205615
   333   -35.02420481   -35.02062455   -35.01614247   -35.01202351   -35.01165621   -14.76915328   -14.74540621   -14.74225445   -14.68282695   -14.68109879   -12.39565144    -2.41312358    -0.76904544    -0.13772752     1.71812186     3.84372321     4.01500316     4.80488682     8.69876824     8.77224590     8.98996414     8.99091718     8.99302736     8.99311223     8.99364700     8.99408184     8.99465707     8.99482485     8.99516081     8.99541144     8.99620939     8.99775102     8.99799709     8.99841378     9.00315824     9.01275667
   334   -35.02410236   -35.02065604   -35.01624304   -35.01204329   -35.01163290   -14.76818420   -14.74562458   -14.74251141   -14.68274119   -14.68112611   -12.41126996    -2.34059777    -0.72768223    -0.12890604     1.68548791     3.83325904     3.99998438     4.75473149     8.72297227     8.73726632     8.98925977     8.99080064     8.99272074     8.99283527     8.99346554     8.99402869     8.99458005     8.99479359     8.99520840     8.99543914     8.99646391     8.99802752     8.99830889     8.99879512     9.00344531     9.01242169
   335   -35.02398721   -35.02068810   -35.01636281   -35.01205742   -35.01160890   -14.76722749   -14.74583607   -14.74277244   -14.68266335   -14.68115631   -12.42650631    -2.26780684    -0.68707582    -0.12041609     1.65191885     3.82357887     3.98542554     4.70449713     8.67082051     8.77391280     8.98864997     8.99087404     8.99235527     8.99270254     8.99329837     8.99401038     8.99451656     8.99476005     8.99524659     8.99545373     8.99666772     8.99794315     8.99861699     8.99914328     9.00341705     9.01111076
   336   -35.02386069   -35.02072081   -35.01649966   -35.01206675   -35.01158430   -14.76628446   -14.74604032   -14.74303814   -14.68259491   -14.68119010   -12.44135700    -2.19479268    -0.64729155    -0.11225550     1.61737401     3.81463599     3.97132803     4.65436632     8.61627810     8.80830083     8.98820550     8.99105853     8.99206146     8.99264090     8.99315158     8.99402582     8.99448647     8.99472709     8.99527268     8.99545967     8.99680358     8.99775944     8.99851760     8.99950861     9.00314162     9.00896550
   337   -35.02372406   -35.02075409   -35.01665123   -35.01207220   -35.01155933   -14.76535624   -14.74623714   -14.74330869   -14.68253676   -14.68122777   -12.45581733    -2.12159216    -0.60838967    -0.10442149     1.58181374     3.80638568     3.95769363     4.60450693     8.55984642     8.84009014     8.98797071     8.99121620     8.99194026     8.99265816     8.99303715     8.99407110     8.99450236     8.99469805     8.99528465     8.99545923     8.99685679     8.99749539     8.99807113     8.99976828     9.00269830     9.00620153
   338   -35.02357842   -35.02078771   -35.01681503   -35.01207463   -35.01153441   -14.76444368   -14.74642654   -14.74358391   -14.68248922   -14.68126917   -12.46988124    -2.04823521    -0.57042367    -0.09691065     1.54519940     3.79878751     3.94452432     4.55507185     8.50202514     8.86901786     8.98797051     8.99119690     8.99208104     8.99275669     8.99298251     8.99413981     8.99456149     8.99467684     8.99528133     8.99544347     8.99680557     8.99717232     8.99738063     8.99985967     9.00214007     9.00309877
   339   -35.02342472   -35.02082124   -35.01698856   -35.01207486   -35.01151009   -14.76354732   -14.74660870   -14.74386319   -14.68245198   -14.68131374   -12.48354131    -1.97474359    -0.53343923    -0.08971892     1.50749322     3.79180704     3.93182223     4.50619970     8.44329900     8.89490566     8.98821095     8.99108995     8.99229102     8.99293241     8.99303849     8.99422358     8.99463685     8.99466784     8.99526246     8.99534611     8.99646899     8.99681275     8.99682068     8.99974962     9.00000137     9.00148623
   340   -35.02326370   -35.02085406   -35.01716944   -35.01207355   -35.01148710   -14.76266737   -14.74678397   -14.74414554   -14.68242415   -14.68136051   -12.49678890    -1.90113026    -0.49747393    -0.08284166     1.46865806     3.78541696     3.91958935     4.45801669     8.38412727     8.91766266     8.98867986     8.99093165     8.99242308     8.99317454     8.99321419     8.99431278     8.99461572     8.99467550     8.99499098     8.99522874     8.99606085     8.99643929     8.99654120     8.99732721     8.99947711     9.00072444
   341   -35.02309594   -35.02088536   -35.01735543   -35.01207127   -35.01146630   -14.76180378   -14.74695279   -14.74442966   -14.68240434   -14.68140823   -12.50961430    -1.82739950    -0.46255763    -0.07627380     1.42865722     3.77959734     3.90782745     4.41063915     8.32493657     8.93728429     8.98934899     8.99060005     8.99253618     8.99334661     8.99346597     8.99413491     8.99439877     8.99468605     8.99470246     8.99518178     8.99554532     8.99598177     8.99607323     8.99639990     8.99901238     8.99986031
   342   -35.02292186   -35.02091414   -35.01754456   -35.01206849   -35.01144869   -14.76095627   -14.74711565   -14.74471401   -14.68239078   -14.68145548   -12.52200704    -1.75354790    -0.42871348    -0.07000994     1.38745446     3.77433524     3.89653786     4.36417648     8.26611686     8.95384717     8.99006376     8.99017790     8.99273507     8.99307167     8.99378430     8.99389289     8.99436091     8.99447798     8.99474582     8.99512405     8.99522301     8.99573370     8.99593410     8.99611859     8.99839718     8.99891229
   343   -35.02274182   -35.02093927   -35.01773512   -35.01206557   -35.01143528   -14.76012448   -14.74727305   -14.74499693   -14.68238149   -14.68150079   -12.53395630    -1.67956591    -0.39595953    -0.06404453     1.34501411     3.76962356     3.88572135     4.31873424     8.20802042     8.96750058     8.98976574     8.99111879     8.99282865     8.99307929     8.99395723     8.99410361     8.99438167     8.99455416     8.99479521     8.99505884     8.99518571     8.99543657     8.99572533     8.99594260     8.99766384     8.99791610
   344   -35.02255617   -35.02095957   -35.01792570   -35.01206280   -35.01142713   -14.75930814   -14.74742538   -14.74527672   -14.68237437   -14.68154278   -12.54545134    -1.60544020    -0.36431070    -0.05837205     1.30130157     3.76545940     3.87537798     4.27441689     8.15096328     8.97845501     8.99020748     8.99212439     8.99302047     8.99352669     8.99415795     8.99439685     8.99453156     8.99463416     8.99483724     8.99499023     8.99514507     8.99519332     8.99543157     8.99574922     8.99684348     8.99692261
   345   -35.02236539   -35.02097380   -35.01811516   -35.01206041   -35.01142523   -14.75850719   -14.74757294   -14.74555178   -14.68236742   -14.68158029   -12.55648193    -1.53115625    -0.33378087    -0.05298714     1.25628407     3.76184197     3.86550708     4.23133006     8.09522849     8.98696868     8.99160596     8.99318687     8.99364892     8.99406175     8.99444868     8.99463904     8.99468534     8.99472273     8.99486079     8.99492347     8.99500932     8.99505758     8.99515122     8.99543785     8.99594587     8.99600461
   346   -35.02217012   -35.02098085   -35.01830262   -35.01205865   -35.01143047   -14.75772204   -14.74771585   -14.74582067   -14.68235886   -14.68161250   -12.56703882    -1.45670135    -0.30438495    -0.04788473     1.20993180     3.75877033     3.85610723     4.18958194     8.04107020     8.99333291     8.99397600     8.99442701     8.99455935     8.99466256     8.99476205     8.99481286     8.99481685     8.99482087     8.99485798     8.99486557     8.99488066     8.99490818     8.99491152     8.99500191     8.99508576     8.99511543
   347   -35.02197131   -35.02097971   -35.01848739   -35.01205772   -35.01144353   -14.75695368   -14.74785406   -14.74608214   -14.68234723   -14.68163901   -12.57711406    -1.38206751    -0.27614066    -0.04306012     1.16221923     3.75624120     3.84717630     4.14928367     7.98871792     8.99422232     8.99433316     8.99445949     8.99469152     8.99473154     8.99479127     8.99482081     8.99482181     8.99491606     8.99492573     8.99493024     8.99504785     8.99531447     8.99555256     8.99597198     8.99720692     8.99785719
   348   -35.02177027   -35.02096966   -35.01866886   -35.01205786   -35.01146486   -14.75620387   -14.74798734   -14.74633523   -14.68233148   -14.68165986   -12.58670128    -1.30725418    -0.24906988    -0.03850907     1.11312672     3.75424687     3.83871158     4.11054867     7.93838024     8.99332813     8.99367457     8.99384187     8.99440927     8.99463209     8.99470656     8.99475124     8.99477540     8.99498941     8.99502694     8.99504378     8.99528882     8.99599855     8.99653263     8.99781167     9.00085494     9.00109905
   349   -35.02156870   -35.02095025   -35.01884650   -35.01205932   -35.01149459   -14.75547515   -14.74811529   -14.74657922   -14.68231105   -14.68167551   -12.59579580    -1.23227047    -0.22319945    -0.03422777     1.06264202     3.75277354     3.83070993     4.07349102     7.89024746     8.99243564     8.99303189     8.99319739     8.99406996     8.99453774     8.99464006     8.99469625     8.99470716     8.99508405     8.99515183     8.99516065     8.99550108     8.99668686     8.99745992     8.99985431     9.00263076     9.00538934
   350   -35.02136876   -35.02092142   -35.01901966   -35.01206237   -35.01153254   -14.75477086   -14.74823738   -14.74681359   -14.68228582   -14.68168683   -12.60439454    -1.15713676    -0.19856123    -0.03021282     1.01076175     3.75180007     3.82316800     4.03822290     7.84449282     8.99154600     8.99231343     8.99256645     8.99368569     8.99426131     8.99461373     8.99466273     8.99477243     8.99521192     8.99528384     8.99535081     8.99571786     8.99734316     8.99831611     9.00197334     9.00346969     9.00977621
   351   -35.02117298   -35.02088352   -35.01918757   -35.01206726   -35.01157814   -14.75409507   -14.74835299   -14.74703802   -14.68225612   -14.68169499   -12.61249583    -1.08188555    -0.17519166    -0.02646119     0.95749251     3.75129724     3.81608245     4.00485145     7.80127237     8.99064383     8.99154299     8.99192570     8.99326626     8.99389170     8.99450410     8.99464066     8.99499440     8.99533310     8.99544044     8.99569482     8.99596738     8.99792947     8.99909417     9.00362909     9.00402916     9.01394531
   352   -35.02098425   -35.02083730   -35.01934921   -35.01207425   -35.01163052   -14.75345230   -14.74846144   -14.74725227   -14.68222267   -14.68170132   -12.62009899    -1.00656137    -0.15313070    -0.02297013     0.90285162     3.75122756     3.80945023     3.97347536     7.76072370     8.98967858     8.99081467     8.99128447     8.99282010     8.99345178     8.99438330     8.99462724     8.99523329     8.99542182     8.99563653     8.99621794     8.99627099     8.99842008     8.99979080     9.00333294     9.00588423     9.01759561
   353   -35.02080569   -35.02078387   -35.01950331   -35.01208352   -35.01168846   -14.75284731   -14.74856209   -14.74745619   -14.68218644   -14.68170720   -12.62720391    -0.93121994    -0.13242026    -0.01973704     0.84686717     3.75154561     3.80326872     3.94418152     7.72296372     8.98861222     8.99023155     8.99068389     8.99236128     8.99297107     8.99425530     8.99461900     8.99545031     8.99548399     8.99584594     8.99656416     8.99691538     8.99882272     9.00039891     9.00276817     9.00741620     9.02046409
   354   -35.02072472   -35.02064050   -35.01964831   -35.01209517   -35.01175051   -14.75228474   -14.74865436   -14.74764956   -14.68214861   -14.68171392   -12.63381046    -0.85592652    -0.11310252    -0.01675944     0.78957753     3.75219881     3.79753603     3.91704210     7.68808609     8.98749141     8.98981130     8.99019163     8.99191233     8.99248321     8.99412229     8.99461320     8.99551978     8.99562617     8.99604951     8.99686240     8.99759186     8.99920270     9.00090629     9.00208233     9.00852917     9.02234722
   355   -35.02066155   -35.02049183   -35.01978236   -35.01210916   -35.01181503   -14.75176867   -14.74873777   -14.74783215   -14.68211042   -14.68172251   -12.63991798    -0.78075359    -0.09521808    -0.01403483     0.73103012     3.75312865     3.79225108     3.89211232     7.65615890     8.98641430     8.98946058     8.98993885     8.99150258     8.99202391     8.99398585     8.99460903     8.99552812     8.99573425     8.99623183     8.99709631     8.99808799     8.99966480     9.00130117     9.00138185     9.00916264     9.02311770
   356   -35.02059627   -35.02036260   -35.01990339   -35.01212529   -35.01188027   -14.75130235   -14.74881204   -14.74800364   -14.68207308   -14.68173370   -12.64552482    -0.70577821    -0.07880422    -0.01156065     0.67127970     3.75427219     3.78741369     3.86942928     7.62722293     8.98548508     8.98915149     8.98997239     8.99116589     8.99162885     8.99384967     8.99460826     8.99550920     8.99574349     8.99637949     8.99722748     8.99833907     9.00018598     9.00073123     9.00158001     9.00929768     9.02273493
   357   -35.02053083   -35.02025564   -35.02000889   -35.01214319   -35.01194448   -14.75088778   -14.74887704   -14.74816364   -14.68203769   -14.68174779   -12.65062800    -0.63107914    -0.06389356    -0.00933424     0.61038621     3.75556390     3.78302463     3.84901184     7.60129110     8.98479918     8.98895541     8.99021700     8.99094393     8.99133156     8.99372278     8.99461417     8.99546498     8.99563284     8.99648103     8.99724902     8.99841256     9.00015542     9.00057784     9.00174789     9.00895929     9.02124854
   358   -35.02046714   -35.02017686   -35.02009270   -35.01216231   -35.01200600   -14.75052555   -14.74893289   -14.74831176   -14.68200514   -14.68176464   -12.65522308    -0.55673420    -0.05051307    -0.00735284     0.54841249     3.75693749     3.77908554     3.83086165     7.57834942     8.98443675     8.98891363     8.99053987     8.99094572     8.99116103     8.99362034     8.99462947     8.99539920     8.99540917     8.99652709     8.99717723     8.99834521     8.99964712     9.00068791     9.00178449     9.00821368     9.01879455
   359   -35.02040700   -35.02018305   -35.02009722   -35.01218192   -35.01206333   -14.75021465   -14.74897988   -14.74844766   -14.68197611   -14.68178371   -12.65930420    -0.48281808    -0.03868361    -0.00561359     0.48542213     3.75832791     3.77559879     3.81496533     7.55835963     8.98445736     8.98904812     8.99070462     8.99113919     8.99137934     8.99356044     8.99465471     8.99511126     8.99531733     8.99651090     8.99702363     8.99813663     8.99917872     9.00048680     9.00160404     9.00715620     9.01558451
   360   -35.02035198   -35.02023116   -35.02006415   -35.01220124   -35.01211515   -14.74995254   -14.74901852   -14.74857119   -14.68195102   -14.68180408   -12.66286429    -0.40940111    -0.02841998    -0.00411364     0.42147804     3.75967324     3.77256735     3.80129744     7.54126353     8.98489562     8.98937103     8.99089902     8.99127851     8.99201422     8.99355892     8.99468806     8.99479575     8.99522562     8.99642894     8.99678883     8.99778891     8.99871476     9.00000354     9.00112737     9.00588361     9.01188828
   361   -35.02030344   -35.02026347   -35.02004949   -35.01221938   -35.01216041   -14.74973522   -14.74904943   -14.74868256   -14.68193008   -14.68182456   -12.66589550    -0.33654986    -0.01973153    -0.00285019     0.35664255     3.76091640     3.76999451     3.78982423     7.52698878     8.98575858     8.98988590     8.99122373     8.99158042     8.99269260     8.99362548     8.99452046     8.99472608     8.99513125     8.99628160     8.99647345     8.99731995     8.99822182     8.99926284     9.00036956     9.00445413     9.00801167
   362   -35.02027742   -35.02026244   -35.02005382   -35.01223553   -35.01219831   -14.74955748   -14.74907333   -14.74878249   -14.68191328   -14.68184383   -12.66838971    -0.26433161    -0.01262305    -0.00182059     0.29098117     3.76200667     3.76788366     3.78050770     7.51545590     8.98702491     8.99058709     8.99168588     8.99203485     8.99333784     8.99376239     8.99433895     8.99476461     8.99504149     8.99607341     8.99608864     8.99676252     8.99767458     8.99831167     8.99941941     9.00286855     9.00426982
   363   -35.02027399   -35.02022981   -35.02007415   -35.01224893   -35.01222827   -14.74941316   -14.74909097   -14.74887247   -14.68190053   -14.68186054   -12.67033916    -0.19282987    -0.00709599    -0.00102249     0.22457742     3.76290101     3.76623800     3.77330973     7.50658585     8.98864649     8.99145928     8.99227853     8.99262107     8.99386511     8.99396513     8.99431479     8.99479952     8.99496326     8.99566480     8.99581304     8.99615960     8.99705915     8.99726198     8.99835251     9.00093714     9.00111800
   364   -35.02025543   -35.02020613   -35.02010634   -35.01225895   -35.01224989   -14.74929552   -14.74910301   -14.74895490   -14.68189162   -14.68187347   -12.67173704    -0.12220648    -0.00314976    -0.00045393     0.15759408     3.76356499     3.76506034     3.76819602     7.50030755     8.99055206     8.99247804     8.99299543     8.99330965     8.99417484     8.99422375     8.99452324     8.99482722     8.99490261     8.99526084     8.99551239     8.99556318     8.99626273     8.99637421     8.99720516     8.99827260     8.99915542
   365   -35.02022500   -35.02019179   -35.02014561   -35.01226516   -35.01226294   -14.74919753   -14.74911000   -14.74903329   -14.68188636   -14.68188165   -12.67257802    -0.05311424    -0.00078291    -0.00011340     0.09068521     3.76397355     3.76435284     3.76513940     7.49656469     8.99265300     8.99361349     8.99384308     8.99406544     8.99444696     8.99452447     8.99476174     8.99484498     8.99486423     8.99496215     8.99506329     8.99518623     8.99544321     8.99563085     8.99601147     8.99630230     8.99704783
   366   -35.02018702   -35.02018693   -35.02018671   -35.01226731   -35.01226724   -14.74911231   -14.74911228   -14.74911225   -14.68188467   -14.68188441   -12.67285874    -0.00000000    -0.00000000    -0.00000000     0.03830453     3.76411666     3.76411686     3.76411732     7.49532117     8.99485109     8.99485109     8.99485109     8.99485109     8.99485109     8.99485109     8.99485109     8.99485109     8.99485109     8.99485109     8.99485109     8.99485109     8.99485109     8.99485109     8.99485109     8.99485109     8.99485109
   367   -35.02022806   -35.02018980   -35.02014786   -35.01226398   -35.01226268   -14.74919484   -14.74910991   -14.74903433   -14.68188477   -14.68188453   -12.67257394    -0.05298459    -0.00061648    -0.00005379     0.09038654     3.76421658     3.76461560     3.76467009     7.49696678     8.99206997     8.99357900     8.99417281     8.99436346     8.99450636     8.99462792     8.99470536     8.99477780     8.99485388     8.99492512     8.99499741     8.99507373     8.99519435     8.99535187     8.99554361     8.99612601     8.99758490
   368   -35.02026981   -35.02019843   -35.02011285   -35.01225399   -35.01224915   -14.74927967   -14.74910278   -14.74896446   -14.68188541   -14.68188464   -12.67172188    -0.12210272    -0.00189128    -0.00080394     0.15680482     3.76457565     3.76614553     3.76624966     7.50187733     8.98943051     8.99239588     8.99355270     8.99392027     8.99418352     8.99441930     8.99456995     8.99471028     8.99486181     8.99499475     8.99513455     8.99528084     8.99551308     8.99583280     8.99620466     8.99731722     9.00008862
   369   -35.02031071   -35.02021287   -35.02008367   -35.01223734   -35.01222717   -14.74936705   -14.74909085   -14.74890576   -14.68188658   -14.68188482   -12.67030910    -0.19292511    -0.00380187    -0.00226332     0.22310217     3.76523374     3.76870819     3.76885603     7.50997663     8.98711494     8.99138154     8.99303002     8.99354912     8.99390446     8.99423932     8.99445384     8.99465314     8.99487378     8.99505516     8.99525325     8.99545852     8.99578591     8.99626127     8.99678957     8.99834379     9.00219809
   370   -35.02034971   -35.02023320   -35.02006201   -35.01221402   -35.01219758   -14.74946131   -14.74907367   -14.74885938   -14.68188822   -14.68188530   -12.66834583    -0.26480636    -0.00632936    -0.00444344     0.28859700     3.76627376     3.77229566     3.77247832     7.52114569     8.98528604     8.99060400     8.99263703     8.99327236     8.99368816     8.99410019     8.99436468     8.99461023     8.99488810     8.99510219     8.99534548     8.99559492     8.99599468     8.99660715     8.99725767     8.99913593     9.00377869
   371   -35.02038614   -35.02025950   -35.02004918   -35.01218412   -35.01216144   -14.74957201   -14.74904993   -14.74882333   -14.68189035   -14.68188627   -12.66584503    -0.33759736    -0.00945688    -0.00735071     0.35309302     3.76780164     3.77689628     3.77710252     7.53523377     8.98407568     8.99011485     8.99239705     8.99310569     8.99354938     8.99401133     8.99430830     8.99458433     8.99490263     8.99513261     8.99540491     8.99568099     8.99612567     8.99684487     8.99757500     8.99963988     9.00473412
   372   -35.02041981   -35.02029176   -35.02004600   -35.01214784   -35.01211999   -14.74971353   -14.74901697   -14.74879258   -14.68189300   -14.68188795   -12.66282119    -0.41122984    -0.01317039    -0.01098569     0.41646688     3.76993739     3.78249511     3.78271196     7.55207197     8.98357538     8.98994576     8.99232311     8.99305746     8.99349769     8.99397877     8.99428832     8.99457695     8.99491507     8.99514431     8.99542740     8.99571117     8.99617053     8.99695519     8.99771668     8.99982162     9.00501224
   373   -35.02045095   -35.02032993   -35.02005255   -35.01210553   -35.01207456   -14.74990219   -14.74897107   -14.74876090   -14.68189621   -14.68189056   -12.65928896    -0.48565242    -0.01745914    -0.01534256     0.47860772     3.77280598     3.78907444     3.78928788     7.57148802     8.98382956     8.99010641     8.99241734     8.99312823     8.99353678     8.99400473     8.99430595     8.99458826     8.99492317     8.99513646     8.99541130     8.99568366     8.99612679     8.99692662     8.99766875     8.99966921     9.00460790
   374   -35.02048019   -35.02037380   -35.02006810   -35.01205779   -35.01202649   -14.75015171   -14.74890874   -14.74872331   -14.68190005   -14.68189431   -12.65526181    -0.56081327    -0.02231576    -0.02040892     0.53940354     3.77652894     3.79661419     3.79680993     7.59332063     8.98483195     8.99058392     8.99267097     8.99331099     8.99366419     8.99408747     8.99435992     8.99461705     8.99492503     8.99510951     8.99535753     8.99560059     8.99599805     8.99675641     8.99742929     8.99919363     9.00356234
   375   -35.02050853   -35.02042302   -35.02009101   -35.01200543   -35.01197702   -14.75047018   -14.74882808   -14.74867704   -14.68190459   -14.68189934   -12.65075075    -0.63665407    -0.02773613    -0.02616603     0.59873857     3.78121765     3.80509239     3.80525674     7.61743196     8.98652547     8.99134386     8.99306508     8.99359174     8.99387148     8.99422138     8.99444651     8.99466086     8.99491929     8.99506515     8.99526959     8.99546782     8.99579359     8.99645101     8.99700887     8.99842793     9.00195934
   376   -35.02053712   -35.02047702   -35.02011890   -35.01194952   -35.01192732   -14.75085978   -14.74872919   -14.74862103   -14.68190987   -14.68190572   -12.64576335    -0.71310807    -0.03371881    -0.03258927     0.65649417     3.78696899     3.81448559     3.81460634     7.64371715     8.98880554     8.99233281     8.99357198     8.99395060     8.99414473     8.99439740     8.99455987     8.99471618     8.99490534     8.99500617     8.99515328     8.99529452     8.99552778     8.99602587     8.99643016     8.99742489     8.99991852
   377   -35.02056702   -35.02053497   -35.02014899   -35.01189132   -35.01187834   -14.75131781   -14.74861377   -14.74855491   -14.68191591   -14.68191341   -12.64030303    -0.79010039    -0.04026430    -0.03964904     0.71255119     3.79386379     3.82476927     3.82483646     7.67210992     8.99152662     8.99348215     8.99415705     8.99436312     8.99446550     8.99460360     8.99469235     8.99477875     8.99488342     8.99493626     8.99501632     8.99509252     8.99521897     8.99550481     8.99572675     8.99625326     8.99758632
   378   -35.02059885   -35.02059559   -35.02017863   -35.01183229   -35.01183087   -14.75183790   -14.74848446   -14.74847851   -14.68192268   -14.68192229   -12.63436886    -0.86754963    -0.04737407    -0.04731185     0.76679255     3.80196798     3.83591803     3.83592479     7.70258377     8.99451159     8.99471294     8.99478113     8.99480195     8.99481202     8.99482603     8.99483502     8.99484390     8.99485464     8.99485979     8.99486787     8.99487550     8.99488823     8.99491870     8.99494133     8.99499291     8.99512522
   379   -35.02065709   -35.02063251   -35.02020584   -35.01178550   -35.01177395   -14.75241098   -14.74839161   -14.74834438   -14.68193213   -14.68193006   -12.62795574    -0.94537061    -0.05554163    -0.05504945     0.81910584     3.81133627     3.84784891     3.84790581     7.73514863     8.99270232     8.99372926     8.99412317     8.99430376     8.99455785     8.99465806     8.99471785     8.99478152     8.99482093     8.99490693     8.99497829     8.99504961     8.99516066     8.99523854     8.99540299     8.99594142     8.99756323
   380   -35.02071718   -35.02066713   -35.02022961   -35.01174264   -35.01171782   -14.75302617   -14.74829388   -14.74819671   -14.68194256   -14.68193792   -12.62105510    -1.02347765    -0.06430118    -0.06329049     0.86938545     3.82201767     3.86058619     3.86070589     7.76984320     8.99047788     8.99254728     8.99332518     8.99369949     8.99424988     8.99445472     8.99457631     8.99470635     8.99478490     8.99496345     8.99511250     8.99525923     8.99548763     8.99564492     8.99598204     8.99708487     9.00047721
   381   -35.02077320   -35.02070135   -35.02024970   -35.01170252   -35.01166532   -14.75367170   -14.74818498   -14.74804441   -14.68195318   -14.68194603   -12.61365594    -1.10178831    -0.07355359    -0.07209494     0.91753419     3.83406209     3.87411347     3.87429084     7.80672352     8.98859474     8.99152575     8.99260074     8.99314627     8.99398457     8.99427896     8.99445274     8.99463906     8.99474958     8.99500975     8.99522865     8.99544075     8.99577056     8.99599537     8.99648093     8.99806723     9.00305557
   382   -35.02082255   -35.02073371   -35.02026622   -35.01166525   -35.01161770   -14.75433580   -14.74806458   -14.74789006   -14.68196352   -14.68195414   -12.60574623    -1.18022698    -0.08326364    -0.08145723     0.96346437     3.84752707     3.88840656     3.88863231     7.84584862     8.98716934     8.99073187     8.99200031     8.99268294     8.99377913     8.99414231     8.99435542     8.99458406     8.99471818     8.99504303     8.99531896     8.99558196     8.99599021     8.99626789     8.99686782     8.99882428     9.00512000
   383   -35.02086301   -35.02076298   -35.02027916   -35.01163082   -35.01157591   -14.75500765   -14.74793241   -14.74773566   -14.68197315   -14.68196200   -12.59731452    -1.25872820    -0.09339902    -0.09136776     1.00709846     3.86248355     3.90343975     3.90370076     7.88726449     8.98628484     8.99021695     8.99156830     8.99234432     8.99364658     8.99405364     8.99429090     8.99454514     8.99469378     8.99506158     8.99537742     8.99567344     8.99613179     8.99644547     8.99711840     8.99930779     9.00652388
   384   -35.02089317   -35.02078843   -35.02028805   -35.01159917   -35.01154061   -14.75567817   -14.74778837   -14.74758258   -14.68198167   -14.68196939   -12.58835149    -1.33723917    -0.10393131    -0.10181240     1.04836946     3.87901978     3.91918512     3.91946518     7.93098762     8.98598669     8.99001316     8.99134012     8.99215901     8.99359504     8.99401856     8.99426354     8.99452527     8.99467904     8.99506489     8.99540025     8.99570922     8.99618608     8.99651706     8.99721732     8.99948861     9.00716253
   385   -35.02091265   -35.02080994   -35.02029173   -35.01157020   -35.01151210   -14.75634074   -14.74763253   -14.74743149   -14.68198876   -14.68197617   -12.57885150    -1.41572143    -0.11483664    -0.11277223     1.08722122     3.89724258     3.93561197     3.93589266     7.97698959     8.98628086     8.99013176     8.99133973     8.99214732     8.99362720     8.99403912     8.99427527     8.99452643     8.99467594     8.99505361     8.99538611     8.99568717     8.99615006     8.99647829     8.99715905     8.99935836     9.00698085
   386   -35.02092212   -35.02082803   -35.02028848   -35.01154383   -35.01149033   -14.75699165   -14.74746520   -14.74728234   -14.68199428   -14.68198225   -12.56881382    -1.49415144    -0.12609599    -0.12422359     1.12360889     3.91727537     3.95268623     3.95294812     8.02518412     8.98713461     8.99056274     8.99157776     8.99231974     8.99374031     8.99411365     8.99432548     8.99454941     8.99468558     8.99502941     8.99533620     8.99560917     8.99602708     8.99633171     8.99694819     8.99892955     9.00597785
   387   -35.02092309   -35.02084375   -35.02027627   -35.01151999   -35.01147497   -14.75763035   -14.74728696   -14.74713449   -14.68199820   -14.68198765   -12.55824344    -1.57251998    -0.13769519    -0.13613844     1.15749963     3.93925303     3.97037002     3.97059394     8.07541770     8.98847969     8.99127608     8.99205037     8.99267574     8.99392642     8.99423697     8.99441103     8.99459372     8.99470809     8.99499483     8.99525417     8.99548092     8.99582654     8.99608679     8.99659902     8.99823447     9.00420787
   388   -35.02091750   -35.02085838   -35.02025349   -35.01149870   -35.01146543   -14.75825944   -14.74709863   -14.74698672   -14.68200065   -14.68199249   -12.54715145    -1.65083051    -0.14962440    -0.14848492     1.18887366     3.96331375     3.98862135     3.98878979     8.12746480     8.99021767     8.99222430     8.99273874     8.99320314     8.99417299     8.99440071     8.99452651     8.99465752     8.99474256     8.99495298     8.99514586     8.99531157     8.99556308     8.99575943     8.99613462     8.99732256     9.00177814
   389   -35.02090726   -35.02087288   -35.02021970   -35.01148003   -35.01146092   -14.75888439   -14.74690131   -14.74683740   -14.68200193   -14.68199691   -12.53555486    -1.72909671    -0.16187748    -0.16122818     1.21772552     3.98958862     4.00739410     4.00749251     8.18102812     8.99222690     8.99334624     8.99360936     8.99387807     8.99446369     8.99459388     8.99466459     8.99473762     8.99478710     8.99490726     8.99501885     8.99511305     8.99525549     8.99537104     8.99558533     8.99625684     8.99884287
   390   -35.02089394   -35.02088749   -35.02017622   -35.01146414   -35.01146058   -14.75951312   -14.74669630   -14.74668464   -14.68200239   -14.68200108   -12.52347595    -1.80733925    -0.17445086    -0.17433133     1.24406537     4.01819008     4.02663827     4.02665629     8.23574394     8.99437074     8.99457198     8.99461503     8.99466530     8.99477953     8.99480362     8.99481644     8.99482958     8.99483892     8.99486109     8.99488193     8.99489921     8.99492527     8.99494726     8.99498688     8.99510948     8.99559406
   391   -35.02090153   -35.02087864   -35.02012609   -35.01146352   -35.01145125   -14.76015534   -14.74652640   -14.74648506   -14.68200523   -14.68200241   -12.51094107    -1.88558237    -0.18775652    -0.18734243     1.26792001     4.04623036     4.04629804     4.04920571     8.29119234     8.99224942     8.99395688     8.99437816     8.99451631     8.99459507     8.99468482     8.99474445     8.99481762     8.99489456     8.99492789     8.99497232     8.99501603     8.99510006     8.99551922     8.99569636     8.99582833     8.99650659
   392   -35.02091359   -35.02086210   -35.02007357   -35.01146892   -35.01144167   -14.76082187   -14.74636065   -14.74626913   -14.68200937   -14.68200244   -12.49797919    -1.96385025    -0.20146609    -0.20055022     1.28933347     4.06616891     4.06632164     4.08267005     8.34691140     8.98903813     8.99287461     8.99379886     8.99410714     8.99428712     8.99448452     8.99461569     8.99477955     8.99495008     8.99502626     8.99512213     8.99521709     8.99540458     8.99638521     8.99678416     8.99704461     8.99849496
   393   -35.02092191   -35.02084475   -35.02002340   -35.01147608   -35.01143576   -14.76152382   -14.74618552   -14.74604998   -14.68201353   -14.68200277   -12.48462013    -2.04216375    -0.21542370    -0.21407113     1.30836659     4.08641561     4.08664690     4.11858964     8.40241448     8.98618507     8.99193262     8.99328697     8.99374738     8.99402172     8.99431180     8.99450422     8.99474897     8.99500134     8.99511796     8.99525602     8.99539354     8.99567346     8.99720157     8.99780320     8.99815720     9.00020834
   394   -35.02092469   -35.02082682   -35.01998014   -35.01148446   -35.01143388   -14.76227182   -14.74599937   -14.74582895   -14.68201760   -14.68200360   -12.47089270    -2.12053751    -0.22959532    -0.22789978     1.32509577     4.10691792     4.10721536     4.15691386     8.45720920     8.98389458     8.99119083     8.99287640     8.99346146     8.99381589     8.99417805     8.99441731     8.99472726     8.99504434     8.99519628     8.99536502     8.99553377     8.99588930     8.99790249     8.99867942     8.99911016     9.00153909
   395   -35.02092029   -35.02080832   -35.01994773   -35.01149373   -35.01143641   -14.76307523   -14.74580096   -14.74560711   -14.68202132   -14.68200497   -12.45682297    -2.19897765    -0.24395020    -0.24202750     1.33961060     4.12762210     4.12796805     4.19754805     8.51081676     8.98233475     8.99069557     8.99259484     8.99326885     8.99368233     8.99409177     8.99436045     8.99471511     8.99507554     8.99525496     8.99544154     8.99562853     8.99603795     8.99842307     8.99934972     8.99985081     9.00240610
   396   -35.02090747   -35.02078912   -35.01992910   -35.01150379   -35.01144368   -14.76394140   -14.74558947   -14.74538521   -14.68202438   -14.68200675   -12.44243266    -2.27748023    -0.25846150    -0.25644169     1.35201062     4.14847486     4.14884745     4.24035843     8.56278996     8.98162352     8.99047694     8.99246187     8.99318264     8.99362867     8.99405801     8.99433703     8.99471254     8.99509215     8.99528873     8.99547992     8.99567156     8.99610933     8.99870754     8.99976745     9.00032574     9.00275960
   397   -35.02088542   -35.02076891   -35.01992600   -35.01151475   -35.01145596   -14.76487507   -14.74536463   -14.74516365   -14.68202635   -14.68200868   -12.42773785    -2.35603037    -0.27310683    -0.27112533     1.36240154     4.16942406     4.16979863     4.28518252     8.61272854     8.98181774     8.99054727     8.99248760     8.99320862     8.99365708     8.99407808     8.99434816     8.99471897     8.99509240     8.99529374     8.99547681     8.99565995     8.99609808     8.99871948     8.99989809     9.00048342     9.00258403
   398   -35.02085384   -35.02074725   -35.01993886   -35.01152692   -35.01147345   -14.76587779   -14.74512674   -14.74494249   -14.68202681   -14.68201034   -12.41274818    -2.43460211    -0.28786840    -0.28605696     1.37089114     4.19041944     4.19077012     4.33184261     8.66029030     8.98290658     8.99090072     8.99267181     8.99334486     8.99376423     8.99414949     8.99439258     8.99473336     8.99507573     8.99526798     8.99543146     8.99559439     8.99600388     8.99844917     8.99971249     9.00028042     9.00189865
   399   -35.02081298   -35.02072361   -35.01996677   -35.01154079   -35.01149621   -14.76694760   -14.74487671   -14.74472147   -14.68202535   -14.68201126   -12.39746644    -2.51315898    -0.30273294    -0.30121091     1.37758544     4.21141313     4.21171469     4.38016099     8.70519683     8.98481046     8.99151405     8.99300382     8.99358190     8.99394167     8.99426623     8.99446687     8.99475432     8.99504288     8.99521160     8.99534592     8.99547907     8.99583156     8.99791408     8.99918578     8.99968659     9.00075596
   400   -35.02076362   -35.02069742   -35.02000747   -35.01155701   -35.01152418   -14.76807890   -14.74461604   -14.74450012   -14.68202162   -14.68201090   -12.38188872    -2.59165514    -0.31769134    -0.31655779     1.38258538     4.23236005     4.23258973     4.42997532     8.74723312     8.98738618     8.99234852     8.99346297     8.99390340     8.99417649     8.99441926     8.99456568     8.99478026     8.99499589     8.99512708     8.99522501     8.99532147     8.99559090     8.99715447     8.99830118     8.99868813     8.99923805
   401   -35.02070709   -35.02066815   -35.02005747   -35.01157630   -35.01155717   -14.76926257   -14.74434676   -14.74427780   -14.68201537   -14.68200875   -12.36600511    -2.67003716    -0.33273799    -0.33206533     1.38598450     4.25321805     4.25335729     4.48115277     8.78624103     8.99043862     8.99335277     8.99401986     8.99428736     8.99445227     8.99459722     8.99468212     8.99480952     8.99493797     8.99501918     8.99507616     8.99513188     8.99529621     8.99622755     8.99705427     8.99728842     8.99745152
   402   -35.02064530   -35.02063548   -35.02011203   -35.01159939   -35.01159485   -14.77048638   -14.74407129   -14.74405376   -14.68200642   -14.68200433   -12.34980077    -2.74824615    -0.34786999    -0.34769933     1.38786756     4.27394798     4.27398391     4.53360133     8.82210735     8.99373825     8.99446659     8.99463825     8.99470774     8.99475025     8.99478733     8.99480831     8.99484057     8.99487331     8.99489478     8.99490898     8.99492277     8.99496566     8.99520200     8.99545637     8.99550323     8.99552504
   403   -35.02059952   -35.02058084   -35.02016507   -35.01163675   -35.01162695   -14.77173565   -14.74382725   -14.74379234   -14.68199727   -14.68199465   -12.33325752    -2.82622036    -0.36342478    -0.36308608     1.38831054     4.29443999     4.29451345     4.58727714     8.85474817     8.99340510     8.99352124     8.99357076     8.99415271     8.99462034     8.99470797     8.99473471     8.99476247     8.99480681     8.99487216     8.99493588     8.99497629     8.99505061     8.99513624     8.99527747     8.99562543     8.99704272
   404   -35.02056141   -35.02051719   -35.02020864   -35.01168222   -35.01165948   -14.77299417   -14.74359756   -14.74351270   -14.68198712   -14.68198012   -12.31635564    -2.90389794    -0.37920708    -0.37838561     1.38738162     4.31469900     4.31488042     4.64218702     8.88409201     8.99101057     8.99131596     8.99173632     8.99315581     8.99428315     8.99450184     8.99456543     8.99463203     8.99474377     8.99490353     8.99505664     8.99515135     8.99533383     8.99554439     8.99589524     8.99676538     9.00012024
   405   -35.02052472   -35.02045837   -35.02023224   -35.01173053   -35.01169725   -14.77424525   -14.74336404   -14.74323506   -14.68197363   -14.68196280   -12.29907589    -2.98121983    -0.39501315    -0.39376743     1.38514324     4.33473639     4.33501671     4.69838559     8.91006357     8.98840658     8.98887963     8.99014860     8.99228388     8.99397747     8.99431831     8.99441317     8.99451373     8.99468956     8.99493460     8.99516317     8.99530118     8.99558202     8.99590552     8.99645067     8.99782882     9.00277203
   406   -35.02049628   -35.02040514   -35.02022602   -35.01178081   -35.01174017   -14.77547293   -14.74312614   -14.74296181   -14.68195654   -14.68194270   -12.28140148    -3.05813242    -0.41081253    -0.40922888     1.38165480     4.35452842     4.35489136     4.75596706     8.93256894     8.98567452     8.98628474     8.98891724     8.99160183     8.99372575     8.99416995     8.99428899     8.99441763     8.99464933     8.99496628     8.99524943     8.99541671     8.99578012     8.99619665     8.99690725     8.99877047     9.00485203
   407   -35.02047887   -35.02035118   -35.02019224   -35.01183207   -35.01178774   -14.77666311   -14.74288350   -14.74269492   -14.68193566   -14.68191980   -12.26331997    -3.13459000    -0.42657838    -0.42476490     1.37697586     4.37405090     4.37447393     4.81505228     8.95147958     8.98290406     8.98361131     8.98813769     8.99116426     8.99354805     8.99406712     8.99420204     8.99435276     8.99462758     8.99500085     8.99531152     8.99549192     8.99591702     8.99640022     8.99723545     8.99956384     9.00628389
   408   -35.02046360   -35.02029184   -35.02014433   -35.01188327   -35.01183903   -14.77780465   -14.74263591   -14.74243579   -14.68191081   -14.68189407   -12.24482480    -3.21055665    -0.44228815    -0.44036744     1.37116916     4.39327805     4.39373377     4.87577191     8.96660780     8.98018947     8.98094707     8.98789305     8.99101585     8.99346061     8.99401714     8.99415871     8.99432609     8.99462761     8.99504187     8.99534866     8.99552468     8.99598655     8.99650544     8.99741492     9.00020513     9.00707923
   409   -35.02044022   -35.02022780   -35.02009308   -35.01193329   -35.01189265   -14.77889018   -14.74238341   -14.74218516   -14.68188189   -14.68186541   -12.22591642    -3.28600741    -0.45792413    -0.45602499     1.36430336     4.41218143     4.41263944     4.93824724     8.97749850     8.97775021     8.97843621     8.98827642     8.99119989     8.99347465     8.99402372     8.99416212     8.99434104     8.99465009     8.99509114     8.99536460     8.99551898     8.99598853     8.99650954     8.99743549     9.00069487     9.00736314
   410   -35.02040380   -35.02016119   -35.02004395   -35.01198102   -35.01194680   -14.77991677   -14.74212624   -14.74194313   -14.68184887   -14.68183376   -12.20660286    -3.36092875    -0.47347366    -0.47172246     1.35645492     4.43072922     4.43115819     5.00257031     8.97529612     8.97599481     8.98445191     8.98939306     8.99177734     8.99359494     8.99408649     8.99421190     8.99439516     8.99469026     8.99513311     8.99536082     8.99549480     8.99592981     8.99641825     8.99729622     9.00093122     9.00737175
   411   -35.02035366   -35.02009422   -35.01999942   -35.01202532   -35.01199938   -14.78088611   -14.74186491   -14.74170915   -14.68181184   -14.68179908   -12.18689976    -3.43531812    -0.48892902    -0.48744138     1.34770901     4.44888573     4.44925561     5.06878519     8.97329723     8.97389755     8.98776070     8.99086509     8.99270456     8.99381590     8.99420088     8.99430451     8.99447898     8.99473672     8.99512956     8.99530551     8.99547495     8.99581909     8.99624165     8.99700054     9.00058442     9.00716692
   412   -35.02029199   -35.02002894   -35.01996042   -35.01206512   -35.01204808   -14.78180442   -14.74160019   -14.74148212   -14.68177105   -14.68176144   -12.16682976    -3.50918278    -0.50428711    -0.50316023     1.33815912     4.46661138     4.46689561     5.13687220     8.97169700     8.97215778     8.98988144     8.99208793     8.99353630     8.99410934     8.99435849     8.99443390     8.99457999     8.99477853     8.99507598     8.99519713     8.99538172     8.99563706     8.99597254     8.99654870     8.99945373     9.00609162
   413   -35.02022323   -35.01996715   -35.01992691   -35.01209936   -35.01209064   -14.78268203   -14.74133308   -14.74126047   -14.68172693   -14.68172104   -12.14642139    -3.58253791    -0.51954876    -0.51885512     1.32790547     4.48386312     4.48404055     5.20673683     8.97055675     8.97084730     8.99188400     8.99321645     8.99413198     8.99442306     8.99454793     8.99459204     8.99468912     8.99481239     8.99499303     8.99506208     8.99519546     8.99535889     8.99558402     8.99594252     8.99774519     9.00319207
   414   -35.02015377   -35.01991000   -35.01989807   -35.01212709   -35.01212492   -14.78353254   -14.74106476   -14.74104235   -14.68168012   -14.68167822   -12.12570757    -3.65540419    -0.53471783    -0.53450058     1.31705242     4.50059525     4.50065179     5.27820443     8.96992176     8.97002348     8.99393467     8.99434946     8.99463683     8.99472364     8.99475613     8.99476915     8.99480130     8.99484011     8.99489592     8.99491621     8.99496136     8.99501426     8.99509056     8.99520663     8.99575852     8.99795693
   415   -35.02009148   -35.01987289   -35.01985753   -35.01214920   -35.01214741   -14.78437181   -14.74082572   -14.74079659   -14.68163359   -14.68163137   -12.10472376    -3.72780508    -0.55007044    -0.54980017     1.30570497     4.51669045     4.51676072     5.35102165     8.96972635     8.96982032     8.99031455     8.99373282     8.99439400     8.99454504     8.99464538     8.99471264     8.99477144     8.99479532     8.99486401     8.99491247     8.99495412     8.99496934     8.99500466     8.99511260     8.99546758     8.99598373
   416   -35.02004387   -35.01985142   -35.01980888   -35.01216223   -35.01215955   -14.78521680   -14.74060854   -14.74052999   -14.68158773   -14.68158174   -12.08350601    -3.79976402    -0.56553881    -0.56480242     1.29396494     4.53211846     4.53231272     5.42486476     8.96997823     8.97025980     8.98044162     8.99185001     8.99357160     8.99400282     8.99428674     8.99447267     8.99463797     8.99469988     8.99488547     8.99501802     8.99513495     8.99517388     8.99526204     8.99555964     8.99651716     8.99792910
   417   -35.02001436   -35.01983593   -35.01976426   -35.01216340   -35.01216282   -14.78608421   -14.74038895   -14.74026639   -14.68154148   -14.68153220   -12.06208908    -3.87130166    -0.58088104    -0.57973079     1.28192716     4.54689981     4.54720657     5.49935457     8.96862635     8.97079571     8.97123462     8.99024826     8.99280717     8.99351141     8.99396661     8.99426012     8.99452435     8.99461683     8.99490484     8.99511274     8.99529955     8.99535674     8.99548727     8.99595867     8.99743813     8.99965822
   418   -35.02000101   -35.01982964   -35.01972727   -35.01215670   -35.01215268   -14.78698931   -14.74016534   -14.74000710   -14.68149562   -14.68148374   -12.04050466    -3.94243345    -0.59607458    -0.59458992     1.26967613     4.56100189     4.56140171     5.57407719     8.95530032     8.97212050     8.97270201     8.98902743     8.99216204     8.99310950     8.99370802     8.99409004     8.99443720     8.99455196     8.99492174     8.99519135     8.99543657     8.99550620     8.99566968     8.99628614     8.99817511     9.00106526
   419   -35.01999969   -35.01983456   -35.01970343   -35.01214079   -35.01213065   -14.78794471   -14.73993650   -14.73975327   -14.68145085   -14.68143722   -12.01877999    -4.01316758    -0.61109973    -0.60938182     1.25728347     4.57439689     4.57486361     5.64860920     8.94083626     8.97394420     8.97462160     8.98825093     8.99168700     8.99282660     8.99352856     8.99397368     8.99438100     8.99450941     8.99493528     8.99524901     8.99553625     8.99561252     8.99579900     8.99652038     8.99868358     9.00206158
   420   -35.02000692   -35.01985126   -35.01969750   -35.01211490   -35.01209833   -14.78895947   -14.73970167   -14.73950579   -14.68140771   -14.68139327   -11.99693672    -4.08350343    -0.62594029    -0.62410513     1.24480640     4.58706296     4.58756554     5.72254564     8.92566431     8.97619662     8.97692332     8.98794711     8.99141965     8.99268231     8.99343974     8.99391818     8.99435800     8.99449148     8.99494438     8.99528178     8.99559115     8.99566864     8.99586714     8.99664483     8.99893363     9.00258293
   421   -35.02002043   -35.01987934   -35.01971221   -35.01207906   -35.01205700   -14.79003832   -14.73946064   -14.73926523   -14.68136643   -14.68135215   -11.97499037    -4.15343059    -0.64058385    -0.63875451     1.23228744     4.59898528     4.59948992     5.79552873     8.91018175     8.97879771     8.97952440     8.98811138     8.99138252     8.99268584     8.99344657     8.99392623     8.99436821     8.99449858     8.99494797     8.99528702     8.99559679     8.99567066     8.99586930     8.99664997     8.99891218     9.00259440
   422   -35.02003894   -35.01991787   -35.01974812   -35.01203355   -35.01200809   -14.79118126   -14.73921371   -14.73903181   -14.68132697   -14.68131378   -11.95295013    -4.22292849    -0.65502208    -0.65332044     1.21975509     4.61015665     4.61062916     5.86727521     8.89474137     8.98165257     8.98233029     8.98870947     8.99158207     8.99283588     8.99354749     8.99399608     8.99440958     8.99452923     8.99494519     8.99526366     8.99555201     8.99561813     8.99580461     8.99653438     8.99862359     9.00209313
   423   -35.02006198   -35.01996564   -35.01980363   -35.01197889   -35.01195300   -14.79238346   -14.73896172   -14.73880538   -14.68128891   -14.68127763   -11.93081918    -4.29196651    -0.66925060    -0.66778930     1.20722556     4.62057779     4.62098598     5.93760011     8.87963396     8.98465521     8.98523861     8.98968171     8.99200849     8.99312097     8.99373456     8.99412178     8.99447822     8.99458029     8.99493555     8.99521226     8.99545911     8.99551415     8.99567641     8.99630501     8.99808910     9.00110879
   424   -35.02009011   -35.02002137   -35.01987471   -35.01191585   -35.01189299   -14.79363549   -14.73870596   -14.73858551   -14.68125151   -14.68124285   -11.90859535    -4.36050481    -0.68326874    -0.68214372     1.19470511     4.63025706     4.63057301     6.00643480     8.86507587     8.98769337     8.98814358     8.99094819     8.99263634     8.99352049     8.99399413     8.99429369     8.99456869     8.99464722     8.99491906     8.99513510     8.99532376     8.99536515     8.99549211     8.99597671     8.99734501     8.99970200
   425   -35.02012556   -35.02008449   -35.01995382   -35.01184544   -35.01182910   -14.79492391   -14.73844814   -14.73837143   -14.68121377   -14.68120825   -11.88627226    -4.42849559    -0.69707903    -0.69636333     1.18219283     4.63920987     4.63941189     6.07383752     8.85120257     8.99065377     8.99094089     8.99241462     8.99342596     8.99400612     8.99430780     8.99449923     8.99467435     8.99472450     8.99489626     8.99503601     8.99515463     8.99518057     8.99526285     8.99557116     8.99644006     8.99796068
   426   -35.02017225   -35.02015727   -35.02002800   -35.01176887   -35.01176215   -14.79623213   -14.73819025   -14.73816218   -14.68117456   -14.68117246   -11.86384068    -4.49588494    -0.71068656    -0.71042553     1.16968349     4.64745761     4.64753173     6.13999476     8.83806868     8.99342762     8.99353262     8.99397856     8.99432572     8.99454372     8.99465372     8.99472381     8.99478770     8.99480612     8.99486829     8.99492026     8.99496281     8.99497221     8.99500284     8.99511518     8.99543218     8.99599471
   427   -35.02024408   -35.02023106   -35.02008485   -35.01169275   -35.01168748   -14.79754151   -14.73795668   -14.73793447   -14.68113412   -14.68113261   -11.84129016    -4.56261497    -0.72430666    -0.72409814     1.15717033     4.65496728     4.65502628     6.20521272     8.82565433     8.99392923     8.99438506     8.99463891     8.99472851     8.99475354     8.99476106     8.99479430     8.99483676     8.99488602     8.99490085     8.99495188     8.99500806     8.99509574     8.99527490     8.99553583     8.99583193     8.99591605
   428   -35.02034121   -35.02029697   -35.02012587   -35.01162130   -35.01160276   -14.79883269   -14.73775376   -14.73768301   -14.68109181   -14.68108690   -11.81861074    -4.62862641    -0.73798302    -0.73732140     1.14464745     4.66175674     4.66194500     6.26989828     8.81387760     8.99189703     8.99336447     8.99417369     8.99445753     8.99453883     8.99456293     8.99466554     8.99480371     8.99495863     8.99500604     8.99516801     8.99534669     8.99562381     8.99620752     8.99698676     8.99776725     8.99803503
   429   -35.02043976   -35.02036524   -35.02015784   -35.01154810   -35.01151622   -14.80008693   -14.73755230   -14.73743797   -14.68104445   -14.68103645   -11.79579475    -4.69386117    -0.75143206    -0.75036385     1.13211177     4.66793952     4.66824440     6.33453003     8.80261242     8.99003046     8.99243481     8.99375006     8.99420773     8.99434228     8.99438186     8.99454204     8.99477146     8.99501923     8.99509616     8.99535793     8.99564687     8.99609156     8.99705679     8.99824211     8.99928564     8.99971956
   430   -35.02053307   -35.02043338   -35.02018380   -35.01147342   -35.01142936   -14.80128743   -14.73735130   -14.73720122   -14.68099120   -14.68098065   -11.77283843    -4.75826498    -0.76463341    -0.76323191     1.11956459     4.67355420     4.67395513     6.39962017     8.79171122     8.98845339     8.99165563     8.99339593     8.99399602     8.99417711     8.99423024     8.99443221     8.99474243     8.99506429     8.99516535     8.99550953     8.99588879     8.99646735     8.99776021     8.99922826     9.00035521     9.00092678
   431   -35.02061723   -35.02050012   -35.02020386   -35.01139750   -35.01134364   -14.80242061   -14.73714995   -14.73697431   -14.68093161   -14.68091920   -11.74974333    -4.82178973    -0.77756980    -0.77593012     1.10701251     4.67863660     4.67910652     6.46566914     8.78103191     8.98727352     8.99107844     8.99313498     8.99383733     8.99405468     8.99411860     8.99434432     8.99471896     8.99509166     8.99520953     8.99561359     8.99605702     8.99672667     8.99826489     8.99989132     9.00096627     9.00163787
   432   -35.02069031   -35.02056490   -35.02021671   -35.01132068   -35.01126037   -14.80347696   -14.73694770   -14.73675831   -14.68086563   -14.68085217   -11.72651743    -4.88439533    -0.79022773    -0.78846037     1.09446799     4.68321835     4.68372557     6.53311505     8.77046860     8.98657566     8.99074359     8.99298521     8.99374356     8.99398377     8.99405487     8.99428598     8.99470319     8.99510066     8.99522668     8.99566434     8.99614148     8.99685397     8.99853259     9.00019996     9.00113129     9.00185853
   433   -35.02075199   -35.02062759   -35.02022044   -35.01124342   -35.01118074   -14.80445178   -14.73674427   -14.73655384   -14.68079359   -14.68077996   -11.70317566    -4.94605103    -0.80259797    -0.80082140     1.08194942     4.68732592     4.68783628     6.60228091     8.75998506     8.98641599     8.99067745     8.99295794     8.99372267     8.99396993     8.99404390     8.99426346     8.99469679     8.99509203     8.99521706     8.99565979     8.99613809     8.99684359     8.99854359     9.00014672     9.00088365     9.00161818
   434   -35.02080312   -35.02068834   -35.02021313   -35.01116630   -35.01110574   -14.80534538   -14.73653976   -14.73636097   -14.68071615   -14.68070327   -11.67974008    -5.00673591    -0.81467571    -0.81300846     1.06948075     4.69098013     4.69145939     6.67332259     8.74964941     8.98681794     8.99089001     8.99305689     8.99377796     8.99401508     8.99408705     8.99428098     8.99470090     8.99506778     8.99518306     8.99560171     8.99604893     8.99669993     8.99829889     8.99974758     9.00027517     9.00096776
   435   -35.02084518   -35.02074737   -35.02019353   -35.01109008   -35.01103613   -14.80616300   -14.73633455   -14.73617928   -14.68063425   -14.68062296   -11.65623943    -5.06643857    -0.82646048    -0.82501327     1.05709080     4.69419631     4.69461242     6.74618154     8.73966713     8.98776978     8.99137329     8.99327777     8.99390757     8.99411729     8.99418212     8.99434007     8.99471597     8.99503093     8.99512888     8.99549541     8.99588188     8.99643666     8.99782026     8.99904010     8.99937276     8.99997648
   436   -35.02087980   -35.02080467   -35.02016163   -35.01101567   -35.01097250   -14.80691422   -14.73612937   -14.73600788   -14.68054896   -14.68054003   -11.63270823    -5.12515610    -0.83795577    -0.83682420     1.04481216     4.69698487     4.69731015     6.82054647     8.73040823     8.98922420     8.99210079     8.99360814     8.99410433     8.99427079     8.99432341     8.99443908     8.99474166     8.99498524     8.99505997     8.99534924     8.99564988     8.99607527     8.99714798     8.99808002     8.99825434     8.99872759
   437   -35.02090841   -35.02085991   -35.02011894   -35.01094413   -35.01091521   -14.80761219   -14.73592525   -14.73584547   -14.68046147   -14.68045550   -11.60918551    -5.18289226    -0.84916846    -0.84842670     1.03267982     4.69935230     4.69956532     6.89582949     8.72242298     8.99110013     8.99302827     8.99402790     8.99435600     8.99446630     8.99450210     8.99457308     8.99477684     8.99493478     8.99498249     8.99517397     8.99536994     8.99564317     8.99633679     8.99693703     8.99700429     8.99731355
   438   -35.02093203   -35.02091236   -35.02006836   -35.01087663   -35.01086446   -14.80827247   -14.73572341   -14.73569051   -14.68037291   -14.68037032   -11.58571321    -5.23965521    -0.86010800    -0.85980397     1.02072965     4.70130251     4.70138952     6.97116350     8.71643899     8.99328664     8.99409609     8.99451027     8.99464605     8.99469154     8.99470675     8.99473402     8.99481961     8.99488366     8.99490268     8.99498195     8.99506179     8.99517146     8.99545052     8.99569087     8.99570764     8.99583074
   439   -35.02096094   -35.02095137   -35.02001381   -35.01082032   -35.01081440   -14.80891179   -14.73554123   -14.73552525   -14.68028536   -14.68028433   -11.56233458    -5.29545486    -0.87093772    -0.87078544     1.00899665     4.70279414     4.70283845     7.04542914     8.71333145     8.99437409     8.99442998     8.99444165     8.99455617     8.99469274     8.99474653     8.99478627     8.99482637     8.99483564     8.99486739     8.99491123     8.99492406     8.99493195     8.99495476     8.99502348     8.99523302     8.99564902
   440   -35.02100437   -35.02096683   -35.01995967   -35.01078270   -35.01075868   -14.80954672   -14.73539585   -14.73533226   -14.68020124   -14.68019669   -11.53909253    -5.35030017    -0.88180917    -0.88121247     0.99751330     4.70379158     4.70396349     7.11732019     8.71405783     8.99303189     8.99322231     8.99329549     8.99371823     8.99423887     8.99444521     8.99459993     8.99475856     8.99479388     8.99491706     8.99509226     8.99513968     8.99517167     8.99526071     8.99553284     8.99636119     8.99803648
   441   -35.02104125   -35.02097866   -35.01991032   -35.01075149   -35.01071066   -14.81019244   -14.73525265   -14.73514587   -14.68011851   -14.68011069   -11.51602823    -5.40419651    -0.89240001    -0.89140032     0.98630805     4.70439587     4.70468320     7.18545380     8.71955137     8.99188096     8.99215290     8.99232401     8.99299368     8.99383900     8.99417742     8.99443493     8.99470313     8.99476077     8.99496517     8.99526383     8.99533916     8.99539451     8.99554238     8.99600325     8.99740181     9.00029132
   442   -35.02107025   -35.02098696   -35.01986964   -35.01072650   -35.01067140   -14.81086160   -14.73511011   -14.73496743   -14.68003747   -14.68002688   -11.49318000    -5.45714336    -0.90269334    -0.90135882     0.97540402     4.70462368     4.70500657     7.24852348     8.73057604     8.99098256     8.99128651     8.99157782     8.99242801     8.99351783     8.99396014     8.99430157     8.99466273     8.99473775     8.99500816     8.99541290     8.99550892     8.99558505     8.99577987     8.99640174     8.99828109     9.00225873
   443   -35.02109018   -35.02099177   -35.01984069   -35.01070755   -35.01064178   -14.81156346   -14.73496699   -14.73479808   -14.67995826   -14.67994558   -11.47058258    -5.50913252    -0.91267463    -0.91109548     0.96481822     4.70449478     4.70494703     7.30547607     8.74756191     8.99037929     8.99067493     8.99109016     8.99205261     8.99329417     8.99380662     8.99420783     8.99463871     8.99472538     8.99504264     8.99552777     8.99563709     8.99572975     8.99595634     8.99669995     8.99893582     9.00379688
   444   -35.02110012   -35.02099306   -35.01982545   -35.01069447   -35.01062243   -14.81230329   -14.73482245   -14.73463869   -14.67988090   -14.67986696   -11.44826671    -5.56014680    -0.92233240    -0.92061483     0.95456120     4.70403229     4.70452324     7.35567451     8.77045923     8.99009297     8.99035374     8.99087644     8.99188343     8.99317990     8.99372566     8.99415892     8.99463113     8.99472331     8.99506566     8.99559897     8.99571439     8.99581784     8.99605926     8.99687622     8.99931825     9.00478655
   445   -35.02109950   -35.02099077   -35.01982472   -35.01068713   -35.01061371   -14.81308210   -14.73467606   -14.73448979   -14.67980528   -14.67979101   -11.42625926    -5.61015942    -0.93165877    -0.92991787     0.94463725     4.70326271     4.70375930     7.39899764     8.79865945     8.99012400     8.99034045     8.99093422     8.99192084     8.99317942     8.99372108     8.99415695     8.99463896     8.99473045     8.99507491     8.99562013     8.99573474     8.99584219     8.99608131     8.99691720     8.99939971     9.00513970
   446   -35.02108812   -35.02098482   -35.01983803   -35.01068543   -35.01061567   -14.81389665   -14.73452787   -14.73435154   -14.67973121   -14.67971756   -11.40458349    -5.65913395    -0.94064982    -0.93900187     0.93504510     4.70221565     4.70268465     7.43584053     8.83101892     8.99045286     8.99063290     8.99124423     8.99215076     8.99328948     8.99379156     8.99420094     8.99466016     8.99474511     8.99506897     8.99558848     8.99569576     8.99579985     8.99602072     8.99681883     8.99917279     9.00480644
   447   -35.02106619   -35.02097512   -35.01986372   -35.01068936   -35.01062804   -14.81473981   -14.73437835   -14.73422373   -14.67965846   -14.67964637   -11.38325969    -5.70702501    -0.94930555    -0.94786029     0.92577910     4.70092324     4.70133350     7.46701410     8.86598550     8.99104610     8.99120564     8.99177244     8.99254662     8.99349960     8.99393080     8.99428688     8.99469198     8.99476520     8.99504744     8.99550517     8.99559901     8.99569238     8.99588134     8.99658662     8.99865199     9.00377988
   448   -35.02103433   -35.02096156   -35.01989907   -35.01069894   -35.01065028   -14.81560118   -14.73422842   -14.73410578   -14.67958679   -14.67957709   -11.36230601    -5.75377935    -0.95762978    -0.95648312     0.91683058     4.69941941     4.69974392     7.49357947     8.90179131     8.99186298     8.99200779     8.99247281     8.99307214     8.99379291     8.99412800     8.99440806     8.99473118     8.99478840     8.99501105     8.99537517     8.99545004     8.99552583     8.99567220     8.99623529     8.99787262     9.00209849
   449   -35.02099350   -35.02094407   -35.01994056   -35.01071427   -35.01068158   -14.81646794   -14.73407933   -14.73399679   -14.67951597   -14.67950935   -11.34173937    -5.79933758    -0.96562958    -0.96485728     0.90818943     4.69773899     4.69795664     7.51666924     8.93665834     8.99285403     8.99297102     8.99329078     8.99368454     8.99414742     8.99436869     8.99455560     8.99477431     8.99481239     8.99496162     8.99520703     8.99525808     8.99531040     8.99540681     8.99578774     8.99688826     8.99984565
   450   -35.02094494   -35.02092257   -35.01998413   -35.01073549   -35.01072094   -14.81732583   -14.73393262   -14.73389558   -14.67944581   -14.67944278   -11.32157644    -5.84363616    -0.97331472    -0.97296736     0.89984558     4.69591667     4.69601362     7.53733799     8.96897217     8.99395789     8.99402077     8.99416714     8.99433813     8.99453771     8.99463574     8.99471909     8.99481800     8.99483502     8.99490201     8.99501219     8.99503560     8.99505980     8.99510218     8.99527358     8.99576690     8.99714673
   451   -35.02089692   -35.02089002   -35.02002565   -35.01076722   -35.01076276   -14.81816025   -14.73380082   -14.73378998   -14.67937703   -14.67937621   -11.30183471    -5.88660973    -0.98079647    -0.98069675     0.89179020     4.69395659     4.69398605     7.55646240     8.99414294     8.99458213     8.99472255     8.99477614     8.99478996     8.99479703     8.99480362     8.99483553     8.99485119     8.99485831     8.99488414     8.99490714     8.99493210     8.99498012     8.99504153     8.99507915     8.99510306     8.99746444
   452   -35.02086682   -35.02083023   -35.02006136   -35.01081919   -35.01079626   -14.81895735   -14.73371104   -14.73365317   -14.67931179   -14.67930713   -11.28253333    -5.92819345    -0.98832718    -0.98778810     0.88401667     4.69182558     4.69197867     7.57469153     8.99107106     8.99342514     8.99418298     8.99445363     8.99451961     8.99455979     8.99459745     8.99476772     8.99486839     8.99489473     8.99504764     8.99517306     8.99531507     8.99558619     8.99585838     8.99608287     8.99621820     9.02101507
   453   -35.02083178   -35.02076682   -35.02008835   -35.01087567   -35.01083609   -14.81970502   -14.73362481   -14.73352387   -14.67924687   -14.67923862   -11.26369404    -5.96832534    -0.99554253    -0.99460109     0.87652112     4.68965751     4.68992328     7.59243749     8.98808878     8.99236605     8.99368040     8.99415149     8.99426593     8.99433929     8.99440693     8.99470219     8.99487727     8.99492357     8.99519129     8.99540768     8.99565148     8.99610412     8.99656656     8.99696148     8.99722904     9.03916854
   454   -35.02079095   -35.02070086   -35.02010502   -35.01093551   -35.01088232   -14.82039375   -14.73354078   -14.73340358   -14.67918217   -14.67917083   -11.24534175    -6.00694835    -1.00242699    -1.00114695     0.86930266     4.68748514     4.68784523     7.60989417     8.98541518     8.99147924     8.99325198     8.99389059     8.99404639     8.99415125     8.99424597     8.99464402     8.99488015     8.99494414     8.99530812     8.99559818     8.99592313     8.99650967     8.99712579     8.99766436     8.99807108     9.05166249
   455   -35.02074314   -35.02063309   -35.02011128   -35.01099770   -35.01093487   -14.82101723   -14.73345777   -14.73329354   -14.67911771   -14.67910402   -11.22750507    -6.04401203    -1.00896740    -1.00743493     0.86236320     4.68533626     4.68576614     7.62707321     8.98324683     8.99082402     8.99292698     8.99368850     8.99387626     8.99400890     8.99412595     8.99459762     8.99487745     8.99495602     8.99539101     8.99573287     8.99611416     8.99678350     8.99750721     8.99815279     8.99869069     9.05860638
   456   -35.02068702   -35.02056393   -35.02010844   -35.01106138   -35.01099351   -14.82157270   -14.73337488   -14.73319463   -14.67905363   -14.67903849   -11.21021638    -6.07947361    -1.01515363    -1.01347159     0.85570722     4.68323316     4.68370382     7.64384864     8.98175704     8.99044318     8.99272796     8.99355956     8.99376788     8.99392229     8.99405527     8.99456677     8.99487025     8.99495949     8.99543531     8.99580426     8.99621471     8.99691578     8.99769494     8.99840365     8.99904917     9.06039423
   457   -35.02062145   -35.02049361   -35.02009880   -35.01112588   -35.01105782   -14.82206099   -14.73329151   -14.73310728   -14.67899020   -14.67897462   -11.19351176    -6.11329846    -1.02097917    -1.01926020     0.84934127     4.68119262     4.68167250     7.66000420     8.98108370     8.99036028     8.99266929     8.99351389     8.99372987     8.99389762     8.99403872     8.99455426     8.99486025     8.99495535     8.99543920     8.99580955     8.99622142     8.99690619     8.99768645     8.99841031     8.99912530     9.05764531
   458   -35.02054583   -35.02042233   -35.02008507   -35.01119073   -35.01112721   -14.82248624   -14.73320742   -14.73303153   -14.67892778   -14.67891282   -11.17743049    -6.14545975    -1.02644143    -1.02480044     0.84327348     4.67922612     4.67968324     7.67527859     8.98131863     8.99057835     8.99275618     8.99355666     8.99376650     8.99393689     8.99407717     8.99456173     8.99484956     8.99494484     8.99540370     8.99575069     8.99613733     8.99676324     8.99749210     8.99818233     8.99891667     9.05114123
   459   -35.02046040   -35.02035030   -35.02006983   -35.01125564   -35.01120085   -14.82285535   -14.73312277   -14.73296693   -14.67886679   -14.67885348   -11.16201429    -6.17593756    -1.03154179    -1.03008827     0.83751306     4.67734050     4.67774455     7.68940531     8.98249938     8.99107999     8.99298428     8.99368757     8.99387727     8.99403780     8.99416757     8.99458944     8.99484049     8.99492942     8.99533255     8.99563403     8.99597134     8.99650317     8.99713382     8.99774422     8.99843965     9.04176354
   460   -35.02036637   -35.02027786   -35.02005518   -35.01132047   -35.01127774   -14.82317721   -14.73303806   -14.73291264   -14.67880772   -14.67879699   -11.14730632    -6.20471733    -1.03628539    -1.03511617     0.83206985     4.67553881     4.67586315     7.70214469     8.98460386     8.99182890     8.99333990     8.99390062     8.99405676     8.99419396     8.99430327     8.99463629     8.99483515     8.99491063     8.99523184     8.99546964     8.99573733     8.99614849     8.99664313     8.99713320     8.99772817     9.03043529
   461   -35.02026590   -35.02020549   -35.02004248   -35.01138519   -35.01135675   -14.82346182   -14.73295412   -14.73286747   -14.67875107   -14.67874366   -11.13335004    -6.23178788    -1.04068068    -1.03987348     0.82695382     4.67382137     4.67404477     7.71330680     8.98754842     8.99277261     8.99380087     8.99418431     8.99429487     8.99439533     8.99447452     8.99469976     8.99483510     8.99489004     8.99510940     8.99527040     8.99545301     8.99572629     8.99605864     8.99639624     8.99683117     9.01806932
   462   -35.02016220   -35.02013388   -35.02003191   -35.01144980   -35.01143659   -14.82371927   -14.73287208   -14.73282993   -14.67869730   -14.67869376   -11.12018792    -6.25713937    -1.04473875    -1.04434702     0.82217466     4.67218692     4.67229494     7.72276510     8.99118941     8.99384630     8.99433784     8.99452208     8.99457724     8.99462884     8.99466924     8.99477615     8.99484105     8.99486905     8.99497425     8.99505090     8.99513858     8.99526648     8.99542315     8.99558662     8.99580929     9.00552503
   463   -35.02006560   -35.02006267   -35.02001746   -35.01151597   -35.01151432   -14.82395886   -14.73279838   -14.73279325   -14.67864747   -14.67864683   -11.10786038    -6.28076115    -1.04852193    -1.04847252     0.81774131     4.67061966     4.67063379     7.73046198     8.99357405     8.99473065     8.99476016     8.99478071     8.99479985     8.99481542     8.99482636     8.99483584     8.99484893     8.99485262     8.99486073     8.99487388     8.99487924     8.99488611     8.99489327     8.99491625     8.99497722     8.99532829
   464   -35.02003382   -35.01999103   -35.01994585   -35.01159353   -35.01157865   -14.82418828   -14.73277109   -14.73271909   -14.67860484   -14.67860007   -11.09640470    -6.30264009    -1.05238253    -1.05189578     0.81366158     4.66902601     4.66916083     7.73640813     8.98287426     8.99366640     8.99397149     8.99417370     8.99435628     8.99450471     8.99461163     8.99470342     8.99483070     8.99486845     8.99494805     8.99507440     8.99513008     8.99520136     8.99527422     8.99549841     8.99608962     8.99972030
   465   -35.02003026   -35.01992445   -35.01985123   -35.01166803   -35.01164255   -14.82441294   -14.73274640   -14.73265105   -14.67856593   -14.67855730   -11.08585438    -6.32275926    -1.05591333    -1.05502222     0.80994170     4.66752231     4.66776845     7.74067809     8.97395090     8.99268611     8.99327060     8.99364011     8.99396297     8.99422614     8.99442018     8.99458544     8.99481515     8.99488639     8.99503229     8.99525725     8.99536474     8.99550182     8.99563981     8.99604597     8.99710978     9.00408641
   466   -35.02003061   -35.01986011   -35.01976325   -35.01173826   -35.01170560   -14.82463570   -14.73272279   -14.73259050   -14.67853069   -14.67851874   -11.07623859    -6.34109729    -1.05910000    -1.05786446     0.80658601     4.66611837     4.66645908     7.74340425     8.96718352     8.99185340     8.99269976     8.99321134     8.99364296     8.99399674     8.99426345     8.99448909     8.99480283     8.99490388     8.99510760     8.99541033     8.99556750     8.99576666     8.99596494     8.99652233     8.99797077     9.00812826
   467   -35.02003202   -35.01979893   -35.01968567   -35.01180319   -35.01176709   -14.82485668   -14.73269900   -14.73253865   -14.67849904   -14.67848455   -11.06758213    -6.35762838    -1.06193024    -1.06043314     0.80359675     4.66482527     4.66523760     7.74477018     8.96279824     8.99122203     8.99229118     8.99291044     8.99341387     8.99382993     8.99415018     8.99441989     8.99479408     8.99491843     8.99516851     8.99552385     8.99572460     8.99597681     8.99622631     8.99689496     8.99861685     9.01154566
   468   -35.02003325   -35.01974156   -35.01962028   -35.01186195   -35.01182611   -14.82507345   -14.73267410   -14.73249644   -14.67847088   -14.67845482   -11.05990547    -6.37232298    -1.06439460    -1.06273621     0.80097395     4.66365502     4.66411133     7.74500336     8.96086553     8.99083261     8.99206537     8.99275105     8.99328701     8.99373474     8.99408605     8.99438145     8.99478905     8.99492805     8.99521024     8.99559095     8.99582509     8.99611639     8.99640392     8.99713750     8.99900695     9.01405594
   469   -35.02003354   -35.01968863   -35.01956790   -35.01191382   -35.01188147   -14.82528145   -14.73264754   -14.73246446   -14.67844615   -14.67842958   -11.05322512    -6.38514895    -1.06648705    -1.06477831     0.79871562     4.66261999     4.66308980     7.74436626     8.96130473     8.99071016     8.99203034     8.99273696     8.99326692     8.99371541     8.99407348     8.99437527     8.99478778     8.99493149     8.99522911     8.99560805     8.99586164     8.99617385     8.99648259     8.99723154     8.99911733     9.01541410
   470   -35.02003253   -35.01964073   -35.01952853   -35.01195827   -35.01193183   -14.82547454   -14.73261920   -14.73244295   -14.67842478   -14.67840881   -11.04755408    -6.39607323    -1.06820533    -1.06656050     0.79681801     4.66173227     4.66218428     7.74314436     8.96389629     8.99086263     8.99218158     8.99286238     8.99335127     8.99377122     8.99411169     8.99440074     8.99479021     8.99492842     8.99522281     8.99557501     8.99583098     8.99614291     8.99645309     8.99716785     8.99894294     9.01543263
   471   -35.02003029   -35.01959841   -35.01950148   -35.01199495   -35.01197572   -14.82564573   -14.73258938   -14.73243174   -14.67840675   -14.67839246   -11.04290233    -6.40506358    -1.06955111    -1.06808011     0.79527618     4.66100294     4.66140709     7.74163045     8.96830216     8.99128030     8.99250288     8.99311270     8.99353122     8.99389668     8.99419688     8.99445515     8.99479623     8.99491937     8.99519065     8.99549485     8.99573419     8.99602316     8.99631306     8.99694718     8.99849761     9.01399969
   472   -35.02002727   -35.01956211   -35.01948559   -35.01202362   -35.01201170   -14.82578793   -14.73255876   -14.73243027   -14.67839208   -14.67838044   -11.03927734    -6.41209050    -1.07052978    -1.06933090     0.79408463     4.66044131     4.66077078     7.74010547     8.97409368     8.99193640     8.99296777     8.99346594     8.99379211     8.99408199     8.99432266     8.99453396     8.99480566     8.99490551     8.99513370     8.99537343     8.99557669     8.99582020     8.99606739     8.99658042     8.99781294     9.01109388
   473   -35.02002422   -35.01953214   -35.01947948   -35.01204415   -35.01203847   -14.82589473   -14.73252839   -14.73243763   -14.67838085   -14.67837265   -11.03668449    -6.41712899    -1.07115015    -1.07030345     0.79323806     4.66005433     4.66028729     7.73881754     8.98078491     8.99278865     8.99354156     8.99389448     8.99411457     8.99431378     8.99448051     8.99463109     8.99481825     8.99488841     8.99505484     8.99521891     8.99536793     8.99554546     8.99572824     8.99608814     8.99693604     9.00679439
   474   -35.02002197   -35.01950867   -35.01948188   -35.01205648   -35.01205499   -14.82596101   -14.73249957   -14.73245260   -14.67837314   -14.67836895   -11.03512736    -6.42016002    -1.07142375    -1.07098577     0.79273206     4.65984607     4.65996712     7.73796149     8.98786851     8.99378181     8.99418383     8.99436709     8.99447579     8.99457603     8.99466036     8.99473937     8.99483360     8.99486976     8.99495863     8.99504113     8.99512085     8.99521551     8.99531455     8.99549960     8.99592625     9.00128502
   475   -35.02002113   -35.01949188   -35.01949176   -35.01206062   -35.01206054   -14.82598347   -14.73247396   -14.73247358   -14.67836927   -14.67836902   -11.03460805    -6.42117170    -1.07136410    -1.07136409     0.79256373     4.65981650     4.65981947     7.73766186     8.99485109     8.99485109     8.99485109     8.99485109     8.99485109     8.99485109     8.99485109     8.99485109     8.99485109     8.99485109     8.99485109     8.99485109     8.99485109     8.99485109     8.99485109     8.99485109     8.99485109     8.99485109
   476   -35.02003406   -35.01949315   -35.01947703   -35.01206336   -35.01205714   -14.82597604   -14.73247933   -14.73245951   -14.67838497   -14.67835920   -11.03444472    -6.42112305    -1.07440198    -1.07167278     0.79557378     4.65899752     4.66080481     7.73856882     8.99229074     8.99333338     8.99414784     8.99428621     8.99440905     8.99459079     8.99463508     8.99476665     8.99482858     8.99485602     8.99489814     8.99498645     8.99506497     8.99527206     8.99537908     8.99541275     8.99635179     8.99743471
   477   -35.02006854   -35.01949334   -35.01944089   -35.01206512   -35.01205338   -14.82595504   -14.73247820   -14.73243438   -14.67840616   -14.67835555   -11.03395267    -6.42097144    -1.08326900    -1.07278575     0.80454316     4.65670263     4.66359663     7.74127290     8.98990420     8.99191674     8.99332987     8.99363327     8.99397770     8.99423013     8.99442414     8.99461335     8.99478251     8.99485295     8.99493710     8.99505826     8.99525453     8.99564004     8.99582382     8.99589313     8.99772152     8.99989269
   478   -35.02011567   -35.01949349   -35.01939151   -35.01206563   -35.01204951   -14.82592420   -14.73247146   -14.73239700   -14.67843251   -14.67835810   -11.03312566    -6.42070061    -1.09784401    -1.07465082     0.81929527     4.65290109     4.66822005     7.74572524     8.98783089     8.99071323     8.99244034     8.99286220     8.99357992     8.99385117     8.99423373     8.99441179     8.99471243     8.99483108     8.99498294     8.99511871     8.99540842     8.99592875     8.99611123     8.99637072     8.99885987     9.00209118
   479   -35.02016754   -35.01949364   -35.01933728   -35.01206466   -35.01204567   -14.82588925   -14.73245920   -14.73234680   -14.67846417   -14.67836621   -11.03195410    -6.42028547    -1.11784503    -1.07727863     0.83955293     4.64762443     4.67463744     7.75184954     8.98618978     8.98981837     8.99148887     8.99208689     8.99323783     8.99352084     8.99406186     8.99422086     8.99461554     8.99479736     8.99503321     8.99518670     8.99552212     8.99611866     8.99629609     8.99679139     8.99968780     9.00392357
   480   -35.02021868   -35.01949375   -35.01928431   -35.01206214   -35.01204192   -14.82585729   -14.73244082   -14.73228375   -14.67850187   -14.67837860   -11.03042617    -6.41969492    -1.14291193    -1.08068243     0.86496018     4.64091895     4.68280068     7.75954876     8.98507349     8.98930019     8.99047133     8.99152766     8.99297852     8.99326095     8.99390541     8.99409331     8.99450580     8.99475860     8.99507322     8.99526461     8.99560153     8.99621363     8.99639626     8.99712342     9.00015351     9.00531947
   481   -35.02026551   -35.01949379   -35.01923688   -35.01205811   -35.01203813   -14.82583601   -14.73241539   -14.73220810   -14.67854664   -14.67839359   -11.02852923    -6.41889528    -1.17263398    -1.08487515     0.89510659     4.63284585     4.69265675     7.76871311     8.98454099     8.98916003     8.98953384     8.99130984     8.99282535     8.99308251     8.99378599     8.99402993     8.99440325     8.99472357     8.99509474     8.99533787     8.99566453     8.99625104     8.99641169     8.99733827     9.00023631     9.00624987
   482   -35.02030565   -35.01949371   -35.01919800   -35.01205282   -35.01203403   -14.82583283   -14.73238190   -14.73212019   -14.67859951   -14.67840955   -11.02625137    -6.41785415    -1.20657562    -1.08986672     0.92955039     4.62348219     4.70415334     7.77922724     8.98459142     8.98868245     8.98958070     8.99146436     8.99278301     8.99300539     8.99371061     8.99401110     8.99432691     8.99471425     8.99510185     8.99537318     8.99573222     8.99627557     8.99635719     8.99741892     8.99994905     9.00672900
   483   -35.02033749   -35.01949349   -35.01916983   -35.01204669   -35.01202916   -14.82585405   -14.73233937   -14.73202040   -14.67866106   -14.67842533   -11.02358294    -6.41654404    -1.24429788    -1.09566148     0.96783765     4.61292180     4.71724428     7.79097501     8.98507657     8.98842983     8.99029503     8.99194844     8.99281714     8.99306040     8.99366531     8.99401912     8.99431082     8.99474730     8.99510187     8.99535612     8.99579767     8.99618854     8.99640124     8.99737763     8.99934281     9.00681403
   484   -35.02035991   -35.01949310   -35.01915379   -35.01204023   -35.01202306   -14.82590423   -14.73228707   -14.73190907   -14.67873137   -14.67844039   -11.02051788    -6.41494566    -1.28537398    -1.10225586     1.00951674     4.60127591     4.73189430     7.80383972     8.98560287     8.98909796     8.99133350     8.99263594     8.99286846     8.99323898     8.99368468     8.99407260     8.99438675     8.99480069     8.99508546     8.99532331     8.99582166     8.99605139     8.99648205     8.99729872     8.99853772     9.00660517
   485   -35.02037220   -35.01949254   -35.01915073   -35.01203365   -35.01201554   -14.82598562   -14.73222460   -14.73178644   -14.67881019   -14.67845464   -11.01705475    -6.41305029    -1.32939916    -1.10963680     1.05414787     4.58867357     4.74808257     7.81769836     8.98597411     8.99077845     8.99247300     8.99284145     8.99330781     8.99355269     8.99392913     8.99425633     8.99453581     8.99483820     8.99503411     8.99531658     8.99570869     8.99603026     8.99637091     8.99712663     8.99799086     9.00624683
   486   -35.02037398   -35.01949177   -35.01916092   -35.01202673   -35.01200691   -14.82609804   -14.73215196   -14.73165264   -14.67889717   -14.67846818   -11.01319728    -6.41086120    -1.37599548    -1.11778100     1.10130873     4.57526128     4.76580451     7.83240982     8.98640494     8.99250499     8.99283502     8.99343381     8.99358414     8.99428305     8.99444834     8.99455858     8.99472928     8.99488673     8.99500858     8.99530612     8.99548867     8.99579118     8.99643297     8.99691731     8.99818367     9.00592164
   487   -35.02036519   -35.01949080   -35.01918410   -35.01201907   -35.01199771   -14.82623891   -14.73206960   -14.73150773   -14.67899203   -14.67848115   -11.00895442    -6.40839386    -1.42481290    -1.12665523     1.15059720     4.56120219     4.78507167     7.84779800     8.98701451     8.99244088     8.99323304     8.99372010     8.99400958     8.99433801     8.99460317     8.99468407     8.99492996     8.99510763     8.99523217     8.99535023     8.99568245     8.99611495     8.99695704     8.99800377     8.99860151     9.00580689
   488   -35.02034618   -35.01948961   -35.01921946   -35.01201044   -35.01198832   -14.82640359   -14.73197839   -14.73135159   -14.67909468   -14.67849356   -11.00433990    -6.40567489    -1.47552818    -1.13621783     1.20163232     4.54667449     4.80590954     7.86363255     8.98777652     8.99231296     8.99280844     8.99341624     8.99391268     8.99413198     8.99446070     8.99477588     8.99493448     8.99525503     8.99549289     8.99571382     8.99589164     8.99706621     8.99751081     8.99934484     9.00042474     9.00599422
   489   -35.02031780   -35.01948819   -35.01926556   -35.01200102   -35.01197872   -14.82658606   -14.73187954   -14.73118408   -14.67920517   -14.67850530   -10.99937121    -6.40274008    -1.52784263    -1.14642105     1.25405440     4.53186928     4.82835349     7.87961106     8.98857956     8.99182337     8.99236706     8.99327463     8.99351761     8.99407919     8.99442097     8.99476301     8.99490057     8.99544733     8.99567713     8.99602642     8.99620115     8.99723691     8.99825094     9.00066814     9.00266186     9.00653314
   490   -35.02028167   -35.01948659   -35.01932017   -35.01199159   -35.01196831   -14.82677956   -14.73177446   -14.73100499   -14.67932368   -14.67851616   -10.99406834    -6.39963146    -1.58148009    -1.15721422     1.30752455     4.51698792     4.85244326     7.89534665     8.98924957     8.99112286     8.99238568     8.99299564     8.99334528     8.99396201     8.99433821     8.99477029     8.99496832     8.99552933     8.99581285     8.99617488     8.99649558     8.99728218     8.99908117     9.00197401     9.00395064     9.00753874
   491   -35.02024062   -35.01948500   -35.01937972   -35.01198341   -35.01195597   -14.82697744   -14.73166459   -14.73081415   -14.67945036   -14.67852590   -10.98845217    -6.39639386    -1.63618543    -1.16854724     1.36172422     4.50223926     4.87821651     7.91036484     8.98958437     8.99081941     8.99233070     8.99276259     8.99341856     8.99384016     8.99422225     8.99482768     8.99499615     8.99554247     8.99594434     8.99622733     8.99673635     8.99749068     8.99976836     9.00304819     9.00425175     9.00865096
   492   -35.02019957   -35.01948473   -35.01943757   -35.01197731   -35.01194100   -14.82717395   -14.73155125   -14.73061153   -14.67958524   -14.67853431   -10.98254283    -6.39307123    -1.69172422    -1.18037391     1.41635448     4.48783684     4.90570216     7.92411209     8.98963290     8.99091989     8.99220625     8.99263620     8.99352311     8.99381383     8.99416966     8.99483137     8.99503033     8.99553801     8.99603944     8.99635165     8.99691294     8.99770037     9.00022557     9.00351828     9.00430992     9.00922689
   493   -35.02016684   -35.01950048   -35.01947046   -35.01197316   -35.01192364   -14.82736481   -14.73143540   -14.73039722   -14.67972821   -14.67854129   -10.97635814    -6.38970319    -1.74788337    -1.19265491     1.47113505     4.47399636     4.93491430     7.93597703     8.98974435     8.99113601     8.99210729     8.99264348     8.99355445     8.99385755     8.99422954     8.99479845     8.99508833     8.99551015     8.99604658     8.99647247     8.99701864     8.99785448     9.00038558     9.00296127     9.00480791     9.00897857
   494   -35.02015475   -35.01952675   -35.01947153   -35.01197046   -35.01190443   -14.82754767   -14.73131757   -14.73017154   -14.67987892   -14.67854688   -10.96991231    -6.38632200    -1.80447264    -1.20535987     1.52580286     4.46093359     4.96584729     7.94532321     8.99004383     8.99132365     8.99215115     8.99279880     8.99360392     8.99392598     8.99432730     8.99479553     8.99511750     8.99545579     8.99598055     8.99642011     8.99698332     8.99795525     9.00020540     9.00205232     9.00527143     9.00787831
   495   -35.02017550   -35.01952385   -35.01946838   -35.01196868   -35.01188393   -14.82772227   -14.73119779   -14.72993494   -14.68003685   -14.67855125   -10.96321500    -6.38295039    -1.86132640    -1.21846840     1.58011013     4.44886280     4.99847260     7.95153047     8.99044221     8.99151622     8.99244690     8.99302899     8.99368161     8.99403854     8.99444042     8.99482016     8.99510366     8.99538994     8.99584529     8.99619821     8.99673989     8.99788792     8.99968826     9.00105782     9.00559591     9.00610437
   496   -35.02023228   -35.01948710   -35.01946279   -35.01196737   -35.01186257   -14.82789038   -14.73107564   -14.72968802   -14.68020134   -14.67855468   -10.95627098    -6.37960037    -1.91830525    -1.23197001     1.63382184     4.43799565     5.03273785     7.95404016     8.99071740     8.99192875     8.99290722     8.99327732     8.99379258     8.99416361     8.99457153     8.99484404     8.99504421     8.99533907     8.99564400     8.99587012     8.99634951     8.99741900     8.99895640     9.00010590     9.00381770     9.00593797
   497   -35.02031821   -35.01946259   -35.01941594   -35.01196609   -35.01184073   -14.82805547   -14.73095025   -14.72943137   -14.68037171   -14.67855753   -10.94908018    -6.37627315    -1.97529682    -1.24586292     1.68671280     4.42854045     5.06856807     7.95239858     8.99082342     8.99245339     8.99339391     8.99351270     8.99397509     8.99427134     8.99459217     8.99486500     8.99493973     8.99521376     8.99537990     8.99559905     8.99592626     8.99651628     8.99821355     8.99907802     9.00179080     9.00609765
   498   -35.02042423   -35.01945704   -35.01933057   -35.01196443   -35.01181870   -14.82822220   -14.73082051   -14.72916556   -14.68054726   -14.67856018   -10.94163840    -6.37296024    -2.03221521    -1.26015200     1.73856468     4.42070152     5.10586921     7.94629238     8.99081919     8.99272165     8.99342370     8.99385544     8.99407483     8.99433251     8.99443753     8.99457802     8.99474587     8.99496446     8.99517648     8.99544858     8.99560875     8.99600584     8.99733352     8.99807019     9.00058329     9.00612640
   499   -35.02054363   -35.01945189   -35.01923240   -35.01196205   -35.01179670   -14.82839581   -14.73068513   -14.72889109   -14.68072743   -14.67856302   -10.93393841    -6.36964555    -2.08899888    -1.27484600     1.78916320     4.41467849     5.14453352     7.93557097     8.99061777     8.99202154     8.99294992     8.99372061     8.99391869     8.99400416     8.99424505     8.99450187     8.99469376     8.99493840     8.99510721     8.99536746     8.99563122     8.99599361     8.99666395     8.99774316     8.99996391     9.00600076
   500   -35.02067210   -35.01944670   -35.01912660   -35.01195865   -35.01177482   -14.82858146   -14.73054282   -14.72860830   -14.68091179   -14.67856640   -10.92597137    -6.36630836    -2.14560675    -1.28995448     1.83829610     4.41066515     5.18444631     7.92025218     8.98979370     8.99090190     8.99251762     8.99331413     8.99365340     8.99389129     8.99407303     8.99437537     8.99467749     8.99488388     8.99515854     8.99525585     8.99572592     8.99619058     8.99683193     8.99781232     8.99955468     9.00571002
   501   -35.02080674   -35.01944149   -35.01901638   -35.01195401   -35.01175306   -14.82878359   -14.73039241   -14.72831741   -14.68110012   -14.67857060   -10.91772848    -6.36292687    -2.20201257    -1.30548463     1.88575220     4.40884785     5.22549351     7.90051038     8.98859130     8.99033657     8.99206830     8.99295095     8.99337954     8.99377961     8.99407713     8.99428174     8.99452015     8.99484035     8.99518321     8.99537249     8.99578454     8.99651244     8.99711921     8.99795827     8.99927366     9.00525098
   502   -35.02094539   -35.01943638   -35.01890405   -35.01194797   -35.01173127   -14.82900546   -14.73023299   -14.72801856   -14.68129240   -14.67857575   -10.90920255    -6.35948185    -2.25819822    -1.32143843     1.93132202     4.40940323     5.26756921     7.87664857     8.98785343     8.98995494     8.99180647     8.99269574     8.99317259     8.99373103     8.99403642     8.99427050     8.99446769     8.99481523     8.99521476     8.99551453     8.99588030     8.99673421     8.99727328     8.99792166     8.99913845     9.00462279
   503   -35.02108618   -35.01943151   -35.01879155   -35.01194043   -35.01170919   -14.82924878   -14.73006391   -14.72771183   -14.68148881   -14.67858184   -10.90038938    -6.35596026    -2.31414616    -1.33781026     1.97479998     4.41249541     5.31058258     7.84905867     8.98773801     8.98983227     8.99175266     8.99259466     8.99308304     8.99374952     8.99397700     8.99436251     8.99447685     8.99482144     8.99522295     8.99557468     8.99601385     8.99679284     8.99727510     8.99768727     8.99903605     9.00382349
   504   -35.02122737   -35.01942704   -35.01868064   -35.01193137   -35.01168645   -14.82951361   -14.72988494   -14.72739730   -14.68168966   -14.67858866   -10.89128875    -6.35235818    -2.36983215    -1.35458530     2.01598827     4.41827283     5.35446343     7.81817554     8.98819427     8.99003197     8.99189985     8.99267936     8.99312402     8.99380225     8.99403144     8.99443107     8.99455368     8.99483734     8.99521223     8.99556452     8.99609892     8.99668297     8.99714153     8.99738195     8.99879811     9.00284882
   505   -35.02136723   -35.01942314   -35.01857303   -35.01192082   -35.01166256   -14.82979844   -14.72969615   -14.72707514   -14.68189537   -14.67859580   -10.88190495    -6.34868292    -2.42521877    -1.37173873     2.05470202     4.42686506     5.39916589     7.78443097     8.98909560     8.99054975     8.99223188     8.99294607     8.99329080     8.99389902     8.99415657     8.99450898     8.99465543     8.99484593     8.99519723     8.99551338     8.99604500     8.99646188     8.99688837     8.99706488     8.99836075     9.00169366
   506   -35.02150404   -35.01941997   -35.01847042   -35.01190889   -35.01163696   -14.83010045   -14.72949801   -14.72674564   -14.68210637   -14.67860267   -10.87224676    -6.34495400    -2.48025066    -1.38923591     2.09077533     4.43838002     5.44466983     7.74821336     8.99029575     8.99133827     8.99272030     8.99334662     8.99356798     8.99405603     8.99429948     8.99459929     8.99473874     8.99485726     8.99518319     8.99543435     8.99582831     8.99618377     8.99653651     8.99673460     8.99773418     9.00035474
   507   -35.02163624   -35.01941767   -35.01837443   -35.01189570   -35.01160906   -14.83041591   -14.72929121   -14.72640927   -14.68232298   -14.67860851   -10.86232692    -6.34120287    -2.53485201    -1.40703342     2.12406745     4.45290193     5.49097992     7.70983758     8.99166491     8.99232865     8.99332647     8.99380950     8.99393137     8.99426662     8.99445340     8.99467466     8.99477762     8.99488621     8.99514068     8.99532517     8.99553617     8.99582217     8.99610037     8.99635629     8.99696692     8.99883349
   508   -35.02176244   -35.01941635   -35.01828651   -35.01188144   -35.01157827   -14.83074068   -14.72907669   -14.72606669   -14.68254537   -14.67861249   -10.85216115    -6.33747135    -2.58892666    -1.42508097     2.15446836     4.47049025     5.53812231     7.66952799     8.99310345     8.99344288     8.99400325     8.99428220     8.99434477     8.99451568     8.99462364     8.99474374     8.99480244     8.99489582     8.99503775     8.99514720     8.99524254     8.99539675     8.99557716     8.99581544     8.99612351     8.99713787
   509   -35.02188161   -35.01941610   -35.01820786   -35.01186634   -35.01154404   -14.83107073   -14.72885548   -14.72571877   -14.68277347   -14.67861378   -10.84176691    -6.33380906    -2.64236086    -1.44332391     2.18190313     4.49117961     5.58613938     7.62741568     8.99453848     8.99459762     8.99469898     8.99474893     8.99476176     8.99478840     8.99480870     8.99482906     8.99484027     8.99486384     8.99488821     8.99490620     8.99492783     8.99495091     8.99498758     8.99503934     8.99512783     8.99528292
   510   -35.02199316   -35.01941694   -35.01813928   -35.01185061   -35.01150596   -14.83140256   -14.72862868   -14.72536654   -14.68300694   -14.67861160   -10.83116201    -6.33026999    -2.69502847    -1.46170616     2.20633450     4.51498062     5.63508290     7.58354950     8.99328925     8.99363695     8.99419017     8.99436915     8.99449887     8.99457325     8.99466212     8.99471495     8.99479214     8.99489518     8.99493437     8.99499979     8.99507447     8.99514827     8.99520020     8.99536482     8.99570758     8.99591416
   511   -35.02209698   -35.01941886   -35.01808109   -35.01183448   -35.01146379   -14.83173357   -14.72839736   -14.72501110   -14.68324519   -14.67860533   -10.82036332    -6.32690859    -2.74679781    -1.48017318     2.22776339     4.54188095     5.68500634     7.53791913     8.99116018     8.99141789     8.99337896     8.99377065     8.99404084     8.99423011     8.99443175     8.99453564     8.99468991     8.99496111     8.99504306     8.99518062     8.99536534     8.99548503     8.99561794     8.99596252     8.99669543     8.99718082
   512   -35.02219351   -35.01942179   -35.01803311   -35.01181809   -35.01141748   -14.83206227   -14.72816254   -14.72465361   -14.68348741   -14.67859457   -10.80938572    -6.32377595    -2.79753964    -1.49867491     2.24622748     4.57184604     5.73595705     7.49048701     8.98821482     8.98905923     8.99264438     8.99324500     8.99360095     8.99393302     8.99421988     8.99436643     8.99456884     8.99502621     8.99513287     8.99533049     8.99564225     8.99575764     8.99598250     8.99646835     8.99750347     8.99828768
   513   -35.02228359   -35.01942563   -35.01799466   -35.01180155   -35.01136722   -14.83238835   -14.72792514   -14.72429510   -14.68373270   -14.67857916   -10.79824143    -6.32091637    -2.84713505    -1.51716811     2.26179791     4.60481873     5.78796904     7.44122546     8.98415109     8.98685168     8.99200924     8.99282859     8.99322459     8.99368732     8.99403969     8.99422128     8.99443944     8.99507674     8.99518637     8.99543307     8.99586249     8.99596241     8.99628048     8.99686878     8.99809809     8.99918309
   514   -35.02236844   -35.01943025   -35.01796467   -35.01178490   -35.01131340   -14.83271254   -14.72768597   -14.72393643   -14.68398012   -14.67855923   -10.78693988    -6.31836481    -2.89548241    -1.53561812     2.27457471     4.64071694     5.84105698     7.39015470     8.97913551     8.98466698     8.99150208     8.99251867     8.99296756     8.99348895     8.99390951     8.99411076     8.99430892     8.99510029     8.99519408     8.99548268     8.99596983     8.99610683     8.99651251     8.99715087     8.99846677     8.99982010
   515   -35.02244945   -35.01943545   -35.01794179   -35.01176810   -35.01125657   -14.83303641   -14.72744571   -14.72357820   -14.68422883   -14.67853518   -10.77548802    -6.31614547    -2.94250264    -1.55399980     2.28468138     4.67942896     5.89521207     7.33737768     8.97318633     8.98254846     8.99115766     8.99228840     8.99287077     8.99334285     8.99383572     8.99404162     8.99418244     8.99508557     8.99516044     8.99548456     8.99596253     8.99616504     8.99668338     8.99730156     8.99861204     9.00016367
   516   -35.02252800   -35.01944104   -35.01792459   -35.01175106   -35.01119738   -14.83336205   -14.72720486   -14.72322070   -14.68447816   -14.67850769   -10.76389119    -6.31427177    -2.98814193    -1.57229757     2.29225916     4.72080601     5.95039988     7.28310781     8.96631266     8.98054779     8.99100492     8.99213176     8.99290873     8.99327723     8.99380768     8.99398810     8.99409183     8.99502527     8.99511035     8.99544841     8.99586747     8.99612163     8.99677565     8.99732062     8.99854857     9.00019905
   517   -35.02260528   -35.01944678   -35.01791171   -35.01173368   -35.01113651   -14.83369169   -14.72696377   -14.72286391   -14.68472768   -14.67847763   -10.75215430    -6.31274760    -3.03237181    -1.59050473     2.29746156     4.76465217     6.00656061     7.22768677     8.95850006     8.97871860     8.99104931     8.99205746     8.99298238     8.99334299     8.99381466     8.99387990     8.99411860     8.99494948     8.99505752     8.99537886     8.99571658     8.99598658     8.99674240     8.99722176     8.99831458     8.99994356
   518   -35.02268214   -35.01945241   -35.01790204   -35.01171586   -35.01107458   -14.83402739   -14.72672259   -14.72250753   -14.68497724   -14.67844603   -10.74028327    -6.31156975    -3.07518660    -1.60862191     2.30044934     4.81071221     6.06361141     7.17159064     8.94969784     8.97711358     8.99123818     8.99207516     8.99304608     8.99344650     8.99377859     8.99393921     8.99422293     8.99489754     8.99500651     8.99527144     8.99554724     8.99577968     8.99654976     8.99695387     8.99801900     8.99946211
   519   -35.02275903   -35.01945767   -35.01789477   -35.01169754   -35.01101211   -14.83437068   -14.72648122   -14.72215107   -14.68522698   -14.67841396   -10.72828636    -6.31073114    -3.11659842    -1.62665520     2.30138639     4.85865815     6.12145052     7.11542394     8.93981272     8.97578134     8.99138722     8.99222371     8.99315378     8.99344857     8.99378148     8.99418185     8.99441067     8.99485454     8.99497920     8.99512365     8.99537755     8.99553593     8.99623561     8.99638877     8.99782551     8.99887426
   520   -35.02283596   -35.01946226   -35.01788945   -35.01167871   -35.01094948   -14.83472239   -14.72623934   -14.72179398   -14.68547724   -14.67838246   -10.71617549    -6.31022441    -3.15663067    -1.64461378     2.30043640     4.90807581     6.17996290     7.05990274     8.92870922     8.97476337     8.99127603     8.99246370     8.99330102     8.99359032     8.99378984     8.99434371     8.99464625     8.99476689     8.99491770     8.99503360     8.99515722     8.99533971     8.99570956     8.99592467     8.99774104     8.99832749
   521   -35.02291255   -35.01946588   -35.01788597   -35.01165948   -35.01088688   -14.83508253   -14.72599644   -14.72143570   -14.68572856   -14.67835240   -10.70396702    -6.31004536    -3.19531067    -1.66250765     2.29776050     4.95845290     6.23902657     7.00582905     8.91621603     8.97409111     8.99090722     8.99259797     8.99319492     8.99374506     8.99388393     8.99411975     8.99444994     8.99477274     8.99486614     8.99506366     8.99519174     8.99526792     8.99550128     8.99576542     8.99768093     8.99798254
   522   -35.02298818   -35.01946824   -35.01788441   -35.01164002   -35.01082440   -14.83545030   -14.72575181   -14.72107587   -14.68598157   -14.67832440   -10.69168213    -6.31019570    -3.23266238    -1.68034531     2.29351564     5.00917027     6.29851913     6.95405981     8.90213781     8.97378373     8.99030918     8.99226562     8.99269155     8.99365767     8.99378975     8.99413317     8.99441364     8.99474729     8.99493488     8.99511710     8.99519148     8.99541108     8.99555515     8.99606682     8.99754924     8.99803663
   523   -35.02306209   -35.01946900   -35.01788500   -35.01162065   -35.01076196   -14.83582423   -14.72550467   -14.72071430   -14.68623685   -14.67829873   -10.67934664    -6.31068478    -3.26870020    -1.69813193     2.28785369     5.05949840     6.35832390     6.90547367     8.88627216     8.97384661     8.98945029     8.99142224     8.99262047     8.99339685     8.99369256     8.99404100     8.99443812     8.99476542     8.99489663     8.99510071     8.99541123     8.99558763     8.99579526     8.99649093     8.99752598     8.99840802
   524   -35.02313355   -35.01946785   -35.01788795   -35.01160177   -35.01069946   -14.83620236   -14.72525424   -14.72035114   -14.68649491   -14.67827528   -10.66699027    -6.31153000    -3.30342445    -1.71586779     2.28092099     5.10860104     6.41833495     6.86093863     8.86843157     8.97427086     8.98845999     8.99085406     8.99248548     8.99312204     8.99366791     8.99394738     8.99436664     8.99474002     8.99484694     8.99510382     8.99554940     8.99585010     8.99617049     8.99668709     8.99772388     8.99898497
   525   -35.02320196   -35.01946449   -35.01789339   -35.01158387   -35.01063675   -14.83658252   -14.72499983   -14.71998683   -14.68675603   -14.67825352   -10.65464544    -6.31275578    -3.33681906    -1.73354744     2.27285816     5.15554828     6.47846073     6.82128261     8.84846925     8.97503363     8.98761272     8.99051173     8.99228869     8.99297912     8.99365718     8.99390134     8.99432528     8.99466491     8.99480078     8.99512089     8.99563704     8.99603448     8.99648840     8.99680532     8.99800205     8.99961031
   526   -35.02326692   -35.01945863   -35.01790126   -35.01156752   -35.01057375   -14.83696259   -14.72474099   -14.71962213   -14.68702024   -14.67823256   -10.64234582    -6.31439134    -3.36885148    -1.75115928     2.26380010     5.19934110     6.53862594     6.78726734     8.82630629     8.97609936     8.98710150     8.99034484     8.99212519     8.99293827     8.99364963     8.99394356     8.99432047     8.99462383     8.99475623     8.99513582     8.99567654     8.99609867     8.99651955     8.99710815     8.99819629     9.00013194
   527   -35.02332831   -35.01945005   -35.01791134   -35.01155331   -35.01051046   -14.83734075   -14.72447752   -14.71925804   -14.68728727   -14.67821119   -10.63012462    -6.31646740    -3.39947486    -1.76868579     2.25387605     5.23894933     6.59877155     6.75956492     8.80195649     8.97742158     8.98701629     8.99034477     8.99207190     8.99296900     8.99368503     8.99404837     8.99431411     8.99464879     8.99473746     8.99514592     8.99565444     8.99606959     8.99647150     8.99733900     8.99823983     9.00044961
   528   -35.02338623   -35.01943856   -35.01792320   -35.01154179   -35.01044702   -14.83771565   -14.72420958   -14.71889574   -14.68755656   -14.67818801   -10.61801300    -6.31901235    -3.42863180    -1.78610424     2.24320947     5.27336323     6.65885301     6.73873566     8.77554447     8.97894542     8.98735645     8.99052516     8.99216060     8.99307615     8.99378588     8.99417102     8.99429421     8.99472179     8.99477207     8.99514499     8.99558327     8.99599703     8.99637137     8.99739841     8.99810640     9.00050653
   529   -35.02344096   -35.01942409   -35.01793631   -35.01153349   -35.01038373   -14.83808655   -14.72393764   -14.71853650   -14.68782728   -14.67816153   -10.60603864    -6.32204838    -3.45625903    -1.80338782     2.23191779     5.30165675     6.71883044     6.72521288     8.74731394     8.98061043     8.98801567     8.99092776     8.99239025     8.99327780     8.99393884     8.99424252     8.99433395     8.99474769     8.99490539     8.99511771     8.99549836     8.99590460     8.99622274     8.99725567     8.99781291     9.00027952
   530   -35.02349287   -35.01940665   -35.01795005   -35.01152879   -35.01032103   -14.83845330   -14.72366253   -14.71818159   -14.68809841   -14.67813031   -10.59422476    -6.32558809    -3.48229247    -1.82050699     2.22011193     5.32305587     6.71924733     6.77870051     8.71762440     8.98235358     8.98876926     8.99161086     8.99274459     8.99357655     8.99409166     8.99430106     8.99445163     8.99477123     8.99497723     8.99509914     8.99540278     8.99581601     8.99605560     8.99689273     8.99745775     8.99978003
   531   -35.02354236   -35.01938634   -35.01796388   -35.01152793   -35.01025949   -14.83881631   -14.72338528   -14.71783219   -14.68836881   -14.67809311   -10.58258953    -6.32963201    -3.50667172    -1.83743109     2.20789557     5.33700175     6.72097338     6.83841345     8.68693642     8.98411178     8.98938022     8.99244583     8.99325492     8.99390685     8.99418731     8.99446590     8.99460410     8.99478920     8.99491284     8.99514135     8.99528361     8.99566700     8.99588636     8.99644395     8.99720780     8.99906879
   532   -35.02358973   -35.01936339   -35.01797734   -35.01153096   -35.01019974   -14.83917638   -14.72310711   -14.71748929   -14.68863733   -14.67804898   -10.57114619    -6.33416748    -3.52934355    -1.85412987     2.19536422     5.34319580     6.73032835     6.89795046     8.65578730     8.98582416     8.98977439     8.99298341     8.99376173     8.99409851     8.99435118     8.99460876     8.99471131     8.99478365     8.99493109     8.99501848     8.99519100     8.99547321     8.99578738     8.99625067     8.99727224     8.99832842
   533   -35.02363509   -35.01933814   -35.01799018   -35.01153773   -35.01014248   -14.83953453   -14.72282927   -14.71715367   -14.68890286   -14.67799739   -10.55990364    -6.33916885    -3.55026411    -1.87057492     2.18260429     5.34161661     6.74711722     6.95727441     8.62475994     8.98743322     8.98998839     8.99314959     8.99355969     8.99404830     8.99425817     8.99450524     8.99472352     8.99481740     8.99491942     8.99495656     8.99530552     8.99557284     8.99582399     8.99644666     8.99725517     8.99844540
   534   -35.02367836   -35.01931098   -35.01800241   -35.01154789   -35.01008833   -14.83989180   -14.72255295   -14.71682587   -14.68916447   -14.67793822   -10.54886773    -6.34459913    -3.56939981    -1.88674090     2.16969211     5.33250545     6.77103928     7.01633541     8.59444841     8.98887642     8.99008300     8.99269513     8.99299427     8.99382185     8.99403735     8.99443516     8.99463764     8.99482604     8.99487022     8.99494570     8.99545347     8.99571391     8.99610904     8.99657458     8.99719558     8.99959245
   535   -35.02371920   -35.01928241   -35.01801424   -35.01156093   -35.01003786   -14.84024905   -14.72227918   -14.71650620   -14.68942140   -14.67787183   -10.53804289    -6.35041266    -3.58672713    -1.90260639     2.15669334     5.31632563     6.80173210     7.07506761     8.56542405     8.98983571     8.99037221     8.99179016     8.99251879     8.99331757     8.99395965     8.99438361     8.99453630     8.99483778     8.99490486     8.99496107     8.99549324     8.99581117     8.99625451     8.99685400     8.99748191     9.00077042
   536   -35.02375711   -35.01925294   -35.01802612   -35.01157616   -35.00999148   -14.84060681   -14.72200878   -14.71619479   -14.68967319   -14.67779894   -10.52743407    -6.35655837    -3.60223168    -1.91815447     2.14366273     5.29370615     6.83881030     7.13338740     8.53820543     8.98984435     8.99088443     8.99139641     8.99204884     8.99291566     8.99392086     8.99426647     8.99449608     8.99485912     8.99493096     8.99499194     8.99546372     8.99598876     8.99626476     8.99714614     8.99784255     9.00163731
   537   -35.02379142   -35.01922311   -35.01803862   -35.01159284   -35.00994940   -14.84096516   -14.72174227   -14.71589163   -14.68991961   -14.67772064   -10.51704878    -6.36298321    -3.61590715    -1.93337286     2.13064455     5.26538076     6.88188870     7.19119316     8.51323540     8.98968551     8.99035442     8.99175436     8.99212883     8.99279800     8.99391197     8.99418415     8.99446882     8.99486229     8.99495078     8.99502821     8.99540964     8.99614446     8.99623690     8.99727057     8.99814157     9.00204927
   538   -35.02382145   -35.01919344   -35.01805234   -35.01161014   -35.00991170   -14.84132368   -14.72147993   -14.71559667   -14.69016069   -14.67763817   -10.50689883    -6.36963504    -3.62775445    -1.94825370     2.11767374     5.23213057     6.93058439     7.24836646     8.49086766     8.98951357     8.99023407     8.99168273     8.99244858     8.99315384     8.99394435     8.99415643     8.99446882     8.99485581     8.99496826     8.99504959     8.99534393     8.99608361     8.99627945     8.99723368     8.99826755     9.00195096
   539   -35.02384660   -35.01916445   -35.01806783   -35.01162727   -35.00987825   -14.84168151   -14.72122177   -14.71530989   -14.69039670   -14.67755284   -10.49700174    -6.37646468    -3.63778139    -1.96279310     2.10477766     5.19473436     6.98449808     7.30477453     8.47136415     8.98959480     8.99048813     8.99181726     8.99270511     8.99359585     8.99403605     8.99419121     8.99450191     8.99484600     8.99498051     8.99504648     8.99527253     8.99590605     8.99626048     8.99704330     8.99816006     9.00134980
   540   -35.02386645   -35.01913656   -35.01808545   -35.01164349   -35.00984879   -14.84203735   -14.72096764   -14.71503135   -14.69062809   -14.67746588   -10.48738154    -6.38342677    -3.64600320    -1.97699037     2.09197847     5.15392796     7.04317926     7.36027379     8.45490430     8.99009069     8.99105592     8.99216688     8.99307584     8.99391755     8.99418423     8.99430155     8.99456300     8.99483719     8.99497208     8.99502850     8.99519611     8.99568097     8.99611605     8.99671106     8.99779574     9.00030396
   541   -35.02388085   -35.01911016   -35.01810533   -35.01165817   -35.00982296   -14.84238964   -14.72071728   -14.71476120   -14.69085540   -14.67737828   -10.47806880    -6.39047952    -3.65244351    -1.99084714     2.07929576     5.11037300     7.10608150     7.41471410     8.44160567     8.99103041     8.99190834     8.99273189     8.99353994     8.99417402     8.99434970     8.99447227     8.99464259     8.99483285     8.99493680     8.99500380     8.99511004     8.99543372     8.99584969     8.99625843     8.99717986     8.99891122
   542   -35.02388997   -35.01908555   -35.01812726   -35.01167081   -35.00980038   -14.84273665   -14.72047042   -14.71449975   -14.69107921   -14.67729072   -10.46910006    -6.39758343    -3.65713578    -2.00436642     2.06674922     5.06463513     7.17251468     7.46794338     8.43155491     8.99237545     8.99299865     8.99349243     8.99406112     8.99443697     8.99453766     8.99464040     8.99472997     8.99483505     8.99489528     8.99495849     8.99501111     8.99518528     8.99548346     8.99571627     8.99634264     8.99729633
   543   -35.02389436   -35.01906294   -35.01815073   -35.01168105   -35.00978066   -14.84307664   -14.72022685   -14.71424743   -14.69130005   -14.67720347   -10.46051658    -6.40469939    -3.66012470    -2.01755163     2.05436104     5.01717176     7.24160040     7.51981236     8.42484655     8.99403978     8.99425839     8.99440839     8.99460742     8.99472104     8.99475096     8.99478927     8.99481540     8.99484453     8.99486191     8.99488828     8.99490160     8.99494983     8.99505239     8.99512176     8.99533570     8.99559714
   544   -35.02389488   -35.01904250   -35.01817493   -35.01168870   -35.00976352   -14.84340799   -14.71998651   -14.71400472   -14.69151832   -14.67711642   -10.45236264    -6.41178662    -3.66146695    -2.03040572     2.04215754     4.96832939     7.31223666     7.57017893     8.42162542     8.99395066     8.99422733     8.99451446     8.99459955     8.99473290     8.99478770     8.99480206     8.99484105     8.99486130     8.99489338     8.99492590     8.99497812     8.99501331     8.99515183     8.99542339     8.99560377     8.99590148
   545   -35.02389266   -35.01902432   -35.01819882   -35.01169371   -35.00974873   -14.84372928   -14.71974952   -14.71377218   -14.69173425   -14.67702907   -10.44468364    -6.41880078    -3.66123108    -2.04293047     2.03017007     4.91835025     7.38307913     7.61891209     8.42212576     8.99247991     8.99309669     8.99393223     8.99417064     8.99453347     8.99467632     8.99471490     8.99483079     8.99488508     8.99496371     8.99505491     8.99520379     8.99529343     8.99566988     8.99647020     8.99694421     8.99781491
   546   -35.02388905   -35.01900846   -35.01822118   -35.01169614   -35.00973622   -14.84403942   -14.71951621   -14.71355031   -14.69194784   -14.67694062   -10.43752407    -6.42569275    -3.65949606    -2.05512592     2.01843480     4.86738716     7.45254864     7.66589515     8.42669569     8.99128223     8.99202807     8.99340761     8.99380783     8.99434932     8.99457343     8.99463973     8.99482569     8.99491406     8.99502905     8.99517539     8.99541259     8.99554285     8.99613674     8.99747742     8.99819119     8.99962443
   547   -35.02388543   -35.01899495   -35.01824077   -35.01169616   -35.00972601   -14.84433762   -14.71928708   -14.71333959   -14.69215886   -14.67685011   -10.43092577    -6.43240819    -3.65634842    -2.06699004     2.00699156     4.81552475     7.51887966     7.71102811     8.43579033     8.99041688     8.99110836     8.99296482     8.99354345     8.99418089     8.99448375     8.99458254     8.99482060     8.99494255     8.99509163     8.99528301     8.99559047     8.99575047     8.99652559     8.99837675     8.99926709     9.00117915
   548   -35.02388317   -35.01898379   -35.01825645   -35.01169403   -35.00971820   -14.84462338   -14.71906283   -14.71314039   -14.69236684   -14.67675647   -10.42492644    -6.43888779    -3.65187803    -2.07851856     1.99588182     4.76280483     7.58022741     7.75422919     8.44991266     8.98987893     8.99044192     8.99261689     8.99339401     8.99403116     8.99441011     8.99454450     8.99481335     8.99496170     8.99514983     8.99537228     8.99572438     8.99591654     8.99680790     8.99910980     9.00011320     9.00234762
   549   -35.02388346   -35.01897498   -35.01826726   -35.01169002   -35.00971297   -14.84489651   -14.71884427   -14.71295295   -14.69257112   -14.67665877   -10.41955865    -6.44506836    -3.64617296    -2.08970504     1.98514600     4.70925268     7.63484513     7.79543560     8.46948758     8.98955488     8.99018721     8.99236135     8.99335477     8.99390628     8.99435438     8.99452495     8.99480457     8.99496471     8.99519671     8.99543738     8.99580362     8.99605241     8.99695616     8.99963214     9.00069708     9.00303240
   550   -35.02388720   -35.01896853   -35.01827255   -35.01168441   -35.00971049   -14.84515697   -14.71863228   -14.71277739   -14.69277089   -14.67655626   -10.41484937    -6.45088422    -3.63931389    -2.10054112     1.97482060     4.65490151     7.68131569     7.83460354     8.49468182     8.98938506     8.99038918     8.99217387     8.99339314     8.99382544     8.99432054     8.99452072     8.99479633     8.99495191     8.99522273     8.99547189     8.99582692     8.99617086     8.99695006     8.99991233     9.00101634     9.00318606
   551   -35.02389494   -35.01896439   -35.01827205   -35.01167744   -35.00971090   -14.84540483   -14.71842774   -14.71261370   -14.69296529   -14.67644855   -10.41082001    -6.45626880    -3.63136880    -2.11101686     1.96493546     4.59981227     7.71877484     7.87170754     8.52522946     8.98942825     8.99090415     8.99200787     8.99345337     8.99382805     8.99431511     8.99452498     8.99479230     8.99493139     8.99522101     8.99547191     8.99580278     8.99627097     8.99679142     8.99992917     9.00108292     9.00284093
   552   -35.02390684   -35.01896251   -35.01826589   -35.01166932   -35.00971427   -14.84564015   -14.71823146   -14.71246179   -14.69315348   -14.67633566   -10.40748699    -6.46115611    -3.62238862    -2.12112123     1.95551153     4.54408663     7.74703235     7.90673918     8.56035372     8.98968327     8.99143900     8.99193795     8.99353270     8.99389470     8.99434420     8.99453595     8.99479713     8.99491362     8.99519189     8.99544237     8.99573961     8.99627690     8.99657105     8.99967664     9.00083012     9.00220621
   553   -35.02391876   -35.01896988   -35.01824927   -35.01167238   -35.00971169   -14.84564365   -14.71824161   -14.71245269   -14.69314898   -14.67633857   -10.40746329    -6.46116678    -3.62220413    -2.12246281     1.95774256     4.54402790     7.74174525     7.90189528     8.56499205     8.98967203     8.99091184     8.99205959     8.99328937     8.99379507     8.99392077     8.99460596     8.99478939     8.99501836     8.99526652     8.99544801     8.99604231     8.99620499     8.99698247     8.99961345     9.00061276     9.00206990
   554   -35.02395186   -35.01899707   -35.01819516   -35.01168072   -35.00970559   -14.84564589   -14.71825893   -14.71244460   -14.69314016   -14.67634145   -10.40730111    -6.46129389    -3.62177455    -2.12632151     1.96450943     4.54369345     7.72631049     7.88759432     8.57853372     8.98963963     8.99022877     8.99179053     8.99271649     8.99305200     8.99382675     8.99449215     8.99483757     8.99505125     8.99531951     8.99578479     8.99626764     8.99658835     8.99725121     8.99945452     9.00023934     9.00174602
   555   -35.02400091   -35.01904193   -35.01810937   -35.01169225   -35.00969814   -14.84564515   -14.71828331   -14.71243535   -14.69312708   -14.67634384   -10.40698685    -6.46150390    -3.62109093    -2.13267345     1.97571065     4.54316356     7.70121783     7.86464367     8.60028187     8.98878085     8.99018713     8.99098554     8.99232788     8.99286820     8.99378106     8.99433565     8.99472033     8.99508170     8.99542115     8.99594341     8.99647930     8.99695022     8.99723000     8.99922882     8.99965803     9.00133724
   556   -35.02405811   -35.01909948   -35.01800214   -35.01170433   -35.00969241   -14.84563964   -14.71831548   -14.71242146   -14.69310951   -14.67634532   -10.40651053    -6.46174589    -3.62013930    -2.14148249     1.99119342     4.54256931     7.66710535     7.83439285     8.62916273     8.98768509     8.98982895     8.99097259     8.99198341     8.99304443     8.99371417     8.99418173     8.99463272     8.99497955     8.99543839     8.99600435     8.99652816     8.99701060     8.99719536     8.99867518     8.99921223     9.00081667
   557   -35.02411413   -35.01916362   -35.01788591   -35.01171438   -35.00969149   -14.84562811   -14.71835673   -14.71239947   -14.69308717   -14.67634571   -10.40587066    -6.46196644    -3.61890453    -2.15269835     2.01078390     4.54207580     7.62472472     7.79855500     8.66383084     8.98695272     8.98933721     8.99126891     8.99206500     8.99313718     8.99365468     8.99409859     8.99461681     8.99484347     8.99529375     8.99591251     8.99631005     8.99693184     8.99719204     8.99784891     8.99898858     9.00015608
   558   -35.02415958   -35.01922884   -35.01777303   -35.01172048   -35.00969772   -14.84561021   -14.71840862   -14.71236713   -14.69306000   -14.67634517   -10.40507603    -6.46212339    -3.61737158    -2.16625360     2.03431774     4.54186168     7.57502315     7.75887947     8.70278258     8.98687786     8.98903696     8.99154815     8.99240302     8.99308855     8.99368604     8.99408719     8.99457558     8.99474154     8.99501251     8.99564657     8.99614477     8.99675976     8.99685874     8.99726623     8.99872232     8.99946358
   559   -35.02418680   -35.01929132   -35.01767353   -35.01172160   -35.00971202   -14.84558672   -14.71847239   -14.71232437   -14.69302842   -14.67634424   -10.40414306    -6.46219402    -3.61552316    -2.18205985     2.06166247     4.54209760     7.51922415     7.71684007     8.74444386     8.98751130     8.98905166     8.99183846     8.99262419     8.99308719     8.99370824     8.99401393     8.99438857     8.99471242     8.99487489     8.99536896     8.99594947     8.99617855     8.99664110     8.99692465     8.99834657     8.99893041
   560   -35.02419151   -35.01934961   -35.01759332   -35.01171770   -35.00973358   -14.84555925   -14.71854858   -14.71227334   -14.69299354   -14.67634377   -10.40308915    -6.46217532    -3.61333436    -2.20000423     2.09272606     4.54292595     7.45877898     7.67349070     8.78722469     8.98863184     8.98949256     8.99204764     8.99269535     8.99304833     8.99359692     8.99390221     8.99430968     8.99467150     8.99485729     8.99507684     8.99566239     8.99583132     8.99634286     8.99668801     8.99792625     8.99860558
   561   -35.02417395   -35.01940477   -35.01753287   -35.01170957   -35.00976009   -14.84552987   -14.71863664   -14.71221787   -14.69295713   -14.67634474   -10.40192429    -6.46207691    -3.61076721    -2.21994780     2.12745046     4.54444424     7.39518888     7.62949119     8.82955742     8.98966839     8.99044743     8.99223358     8.99242600     8.99310683     8.99351542     8.99390618     8.99430344     8.99446029     8.99469202     8.99499726     8.99527594     8.99551740     8.99633985     8.99663053     8.99749912     8.99847407
   562   -35.02413908   -35.01945999   -35.01748693   -35.01169858   -35.00978835   -14.84550059   -14.71873481   -14.71216235   -14.69292148   -14.67634810   -10.40064417    -6.46190992    -3.60776880    -2.24172749     2.16579364     4.54669416     7.32979949     7.58520026     8.86993964     8.99031310     8.99114329     8.99230602     8.99266000     8.99293999     8.99354706     8.99398148     8.99422226     8.99429168     8.99443684     8.99495640     8.99510690     8.99527261     8.99635090     8.99684568     8.99724116     8.99858006
   563   -35.02409595   -35.01951950   -35.01744546   -35.01168634   -35.00981507   -14.84547301   -14.71884031   -14.71211042   -14.69288891   -14.67635452   -10.39922798    -6.46167684    -3.60427578    -2.26516268     2.20770701     4.54965770     7.26365352     7.54075269     8.90698593     8.99029117     8.99118858     8.99225749     8.99278234     8.99304576     8.99342238     8.99398914     8.99420652     8.99434620     8.99454407     8.99478772     8.99516487     8.99545818     8.99627634     8.99679549     8.99753831     8.99910536
   564   -35.02405601   -35.01958712   -35.01739602   -35.01167434   -35.00983764   -14.84544806   -14.71894967   -14.71206400   -14.69286130   -14.67636435   -10.39764261    -6.46136667    -3.60022587    -2.29006605     2.25311592     4.55326111     7.19742529     7.49610418     8.93944387     8.98992675     8.99053492     8.99198925     8.99277977     8.99294302     8.99345404     8.99406295     8.99424563     8.99451570     8.99478436     8.99507308     8.99534976     8.99570746     8.99635694     8.99678606     8.99781071     9.00006911
   565   -35.02403081   -35.01966452   -35.01732731   -35.01166357   -35.00985465   -14.84542606   -14.71905948   -14.71202279   -14.69283955   -14.67637750   -10.39585279    -6.46095824    -3.59557416    -2.31625723     2.30190932     4.55738577     7.13142493     7.45106231     8.96587416     8.98944450     8.98985184     8.99168488     8.99273896     8.99307127     8.99353177     8.99405302     8.99444233     8.99474137     8.99491999     8.99522437     8.99570905     8.99602748     8.99668146     8.99697490     8.99808107     9.00114103
   566   -35.02402946   -35.01975015   -35.01723258   -35.01165436   -35.00986595   -14.84540683   -14.71916705   -14.71198459   -14.69282319   -14.67639359   -10.39383443    -6.46043092    -3.59030977    -2.34357611     2.35394119     4.56188386     7.06565259     7.40532325     8.98178852     8.98932497     8.98980471     8.99188192     8.99289258     8.99341569     8.99370873     8.99432605     8.99471355     8.99488272     8.99524969     8.99550608     8.99612130     8.99655479     8.99703299     8.99765620     8.99936745     9.00274080
   567   -35.02405634   -35.01983957   -35.01711168   -35.01164648   -35.00987239   -14.84538978   -14.71927126   -14.71194606   -14.69281027   -14.67641200   -10.39158708    -6.45977923    -3.58446687    -2.37189220     2.40904185     4.56659625     6.99988486     7.35852258     8.98455047     8.98927023     8.99024720     8.99227253     8.99299749     8.99359810     8.99383668     8.99437550     8.99481824     8.99497362     8.99527980     8.99573318     8.99644947     8.99691198     8.99726494     8.99822831     9.00154909     9.01208140
   568   -35.02411009   -35.01992688   -35.01697081   -35.01163932   -35.00987544   -14.84537390   -14.71937299   -14.71190385   -14.69279757   -14.67643209   -10.38914086    -6.45902540    -3.57812544    -2.40110685     2.46703415     4.57136982     6.93377727     7.31029830     8.98483428     8.98934337     8.99067519     8.99259927     8.99308057     8.99375540     8.99396040     8.99433849     8.99486419     8.99505329     8.99526425     8.99571499     8.99646719     8.99704185     8.99723919     8.99836827     9.00184420     9.02288429
   569   -35.02418413   -35.02000660   -35.01682041   -35.01163227   -35.00987666   -14.84535751   -14.71947529   -14.71185566   -14.69278110   -14.67645339   -10.38655502    -6.45822454    -3.57139927    -2.43114682     2.52774818     4.57607192     6.86696787     7.26035728     8.98542880     8.98967208     8.99120891     8.99282071     8.99322066     8.99383607     8.99423758     8.99435897     8.99494661     8.99504948     8.99522777     8.99566491     8.99633355     8.99700161     8.99710963     8.99825008     9.00179994     9.03042877
   570   -35.02426882   -35.02007517   -35.01667190   -35.01162508   -35.00987732   -14.84533802   -14.71958301   -14.71180090   -14.69275672   -14.67647574   -10.38390740    -6.45745903    -3.56441298    -2.46195012     2.59102897     4.58060021     6.79916814     7.20853429     8.98661538     8.99026594     8.99168640     8.99296824     8.99334047     8.99391631     8.99441491     8.99463505     8.99485936     8.99510232     8.99522545     8.99560449     8.99616369     8.99682040     8.99698067     8.99795055     9.00167297     9.03494870
   571   -35.02435411   -35.02013175   -35.01653442   -35.01161803   -35.00987814   -14.84531179   -14.71970190   -14.71174086   -14.69272087   -14.67649946   -10.38127732    -6.45682251    -3.55727359    -2.49344764     2.65673483     4.58488648     6.73023052     7.15483319     8.98818418     8.99100798     8.99188216     8.99322908     8.99347235     8.99389005     8.99436133     8.99478843     8.99483072     8.99519569     8.99542606     8.99547977     8.99607083     8.99667513     8.99688104     8.99762496     9.00158861     9.03714899
   572   -35.02443221   -35.02017829   -35.01641239   -35.01161199   -35.00987924   -14.84527434   -14.71983741   -14.71167829   -14.69267116   -14.67652529   -10.37872630    -6.45639789    -3.55004467    -2.52554549     2.72472796     4.58889498     6.66018490     7.09944310     8.98963509     8.99152649     8.99197220     8.99336228     8.99365650     8.99381511     8.99423066     8.99484637     8.99498969     8.99508730     8.99547770     8.99570607     8.99610254     8.99671937     8.99684521     8.99739793     9.00159034     9.03764021
   573   -35.02449904   -35.02021901   -35.01630463   -35.01160830   -35.00988031   -14.84522104   -14.71999322   -14.71161668   -14.69260690   -14.67655440   -10.37628260    -6.45623574    -3.54273078    -2.55811340     2.79486156     4.59261691     6.58924022     7.04272719     8.99036124     8.99173321     8.99213982     8.99306216     8.99372839     8.99392603     8.99424919     8.99484518     8.99500601     8.99529507     8.99551934     8.99598468     8.99635149     8.99665361     8.99695117     8.99742521     9.00170625     9.03675604
   574   -35.02455455   -35.02025925   -35.01620523   -35.01160844   -35.00988091   -14.84514825   -14.72016999   -14.71155941   -14.69252916   -14.67658819   -10.37393406    -6.45634027    -3.53527699    -2.59098278     2.86696977     4.59606469     6.51775214     6.98518693     8.99037763     8.99181745     8.99228683     8.99287659     8.99357013     8.99396534     8.99441767     8.99467424     8.99500687     8.99532363     8.99565630     8.99610156     8.99644314     8.99682644     8.99735630     8.99754567     9.00191952     9.03453672
   575   -35.02460159   -35.02030389   -35.01610607   -35.01161374   -35.00988074   -14.84505468   -14.72036457   -14.71150908   -14.69244059   -14.67662816   -10.37163188    -6.45666742    -3.52758400    -2.62395561     2.94086527     4.59926852     6.44616297     6.92740780     8.99028464     8.99169060     8.99236100     8.99272380     8.99343850     8.99401951     8.99429470     8.99458527     8.99504605     8.99537326     8.99563094     8.99603010     8.99640972     8.99690307     8.99752945     8.99810102     9.00200386     9.03085404
   576   -35.02464385   -35.02035603   -35.01600018   -35.01162507   -35.00987985   -14.84494246   -14.72056988   -14.71146709   -14.69234488   -14.67667574   -10.36930446    -6.45713616    -3.51953403    -2.65682240     3.01634684     4.60227627     6.37492660     6.86999450     8.99029262     8.99147787     8.99232699     8.99246807     8.99343522     8.99396673     8.99416353     8.99457703     8.99508794     8.99533764     8.99556423     8.99591954     8.99635224     8.99674235     8.99776908     8.99852338     9.00167144     9.02560858
   577   -35.02468353   -35.02041623   -35.01588479   -35.01164266   -35.00987858   -14.84481756   -14.72077586   -14.71143362   -14.69224597   -14.67673210   -10.36687780    -6.45764957    -3.51102033    -2.68938485     3.09321530     4.60515453     6.30443504     6.81350298     8.99023755     8.99124994     8.99217276     8.99246962     8.99343427     8.99383525     8.99415908     8.99447859     8.99506609     8.99520575     8.99551727     8.99585371     8.99626495     8.99668614     8.99782334     8.99871139     9.00088211     9.01890831
   578   -35.02471961   -35.02048260   -35.01576305   -35.01166590   -35.00987743   -14.84468929   -14.72097103   -14.71140769   -14.69214732   -14.67679804   -10.36429671    -6.45811933    -3.50197196    -2.72147753     3.17129250     4.60798710     6.23496380     6.75837658     8.98967508     8.99139357     8.99216140     8.99253978     8.99337121     8.99369182     8.99414579     8.99439501     8.99494309     8.99515284     8.99541763     8.99581039     8.99625891     8.99663561     8.99762193     8.99868608     8.99989119     9.01118907
   579   -35.02474734   -35.02055162   -35.01564388   -35.01169339   -35.00987692   -14.84456865   -14.72114465   -14.71138747   -14.69205134   -14.67687376   -10.36154119    -6.45848616    -3.49236787    -2.75298283     3.25043651     4.61086779     6.16664788     6.70489483     8.98850303     8.99176700     8.99220051     8.99268435     8.99319417     8.99371077     8.99416586     8.99438069     8.99479804     8.99508377     8.99531972     8.99575245     8.99612096     8.99656812     8.99724693     8.99846760     8.99906703     9.00338762
   580   -35.02475898   -35.02061901   -35.01554019   -35.01172307   -35.00987734   -14.84446614   -14.72128888   -14.71137053   -14.69195908   -14.67695879   -10.35863368    -6.45873051    -3.48223775    -2.78383532     3.33054625     4.61388611     6.09949141     6.65314545     8.98612449     8.99194933     8.99233414     8.99282188     8.99322967     8.99383381     8.99411958     8.99436600     8.99461055     8.99496789     8.99511062     8.99538590     8.99591045     8.99611417     8.99683442     8.99771766     8.99833725     8.99874894
   581   -35.02474554   -35.02068084   -35.01546620   -35.01175258   -35.00987869   -14.84438923   -14.72140034   -14.71135416   -14.69187016   -14.67705199   -10.35563539    -6.45887141    -3.47165159    -2.81401413     3.41155168     4.61710805     6.03340373     6.60303039     8.98160396     8.99104112     8.99217411     8.99292946     8.99338168     8.99391128     8.99419370     8.99435758     8.99456276     8.99475175     8.99496313     8.99510707     8.99535167     8.99583683     8.99645572     8.99715667     8.99804284     8.99862685
   582   -35.02469847   -35.02073444   -35.01543454   -35.01177958   -35.00988066   -14.84434048   -14.72148082   -14.71133565   -14.69178302   -14.67715171   -10.35263305    -6.45895527    -3.46070300    -2.84352520     3.49338981     4.62055638     5.96824862     6.55431210     8.97641954     8.99006681     8.99208580     8.99334138     8.99369387     8.99412494     8.99428026     8.99442903     8.99458346     8.99468952     8.99481142     8.99511061     8.99521540     8.99576562     8.99637653     8.99710003     8.99812844     8.99884085
   583   -35.02461114   -35.02077895   -35.01545405   -35.01180212   -35.00988277   -14.84431680   -14.72153675   -14.71131264   -14.69169530   -14.67725617   -10.34972000    -6.45903971    -3.44949279    -2.87237776     3.57597061     4.62419654     5.90389291     6.50669558     8.97238594     8.98980328     8.99200123     8.99329294     8.99364285     8.99409222     8.99415037     8.99438156     8.99465617     8.99483607     8.99507965     8.99540228     8.99544923     8.99603466     8.99657423     8.99710338     8.99838667     8.99944584
   584   -35.02447960   -35.02081535   -35.01552860   -35.01181887   -35.00988470   -14.84431003   -14.72157774   -14.71128356   -14.69160432   -14.67736383   -10.34697658    -6.45917823    -3.43811846    -2.90056064     3.65913936     4.62793442     5.84024491     6.45992976     8.97011411     8.98985178     8.99176240     8.99296394     8.99353233     8.99388016     8.99406908     8.99430856     8.99469101     8.99507872     8.99543728     8.99566454     8.99585741     8.99647259     8.99691387     8.99734371     8.99877801     9.00050934
   585   -35.02430278   -35.02084574   -35.01565736   -35.01182931   -35.00988660   -14.84430902   -14.72161426   -14.71124802   -14.69150777   -14.67747373   -10.34445492    -6.45941037    -3.42667219    -2.92802348     3.74264197     4.63163085     5.77727912     6.41390354     8.96964292     8.99000327     8.99145984     8.99280825     8.99336387     8.99375414     8.99391113     8.99432991     8.99482634     8.99523324     8.99549302     8.99577072     8.99606323     8.99689033     8.99718658     8.99798217     8.99922696     9.00201420
   586   -35.02408199   -35.02087244   -35.01583613   -35.01183372   -35.00988915   -14.84430239   -14.72165520   -14.71120714   -14.69140432   -14.67758561   -10.34217164    -6.45975895    -3.41524655    -2.95466609     3.82609648     4.63513483     5.71504850     6.36871213     8.97072719     8.99023587     8.99127474     8.99280589     8.99317785     8.99359508     8.99397947     8.99437139     8.99495546     8.99520165     8.99544147     8.99574638     8.99613851     8.99690863     8.99759675     8.99857038     8.99960628     9.00369003
   587   -35.02382009   -35.02089728   -35.01605914   -35.01183300   -35.00989336   -14.84428146   -14.72170580   -14.71116360   -14.69129416   -14.67769978   -10.34010983    -6.46023274    -3.40394435    -2.98033669     3.90896935     4.63833482     5.65368795     6.32467769     8.97297208     8.99055488     8.99130258     8.99278886     8.99312800     8.99360531     8.99403075     8.99446534     8.99486082     8.99512506     8.99542035     8.99571820     8.99609942     8.99683908     8.99771218     8.99893761     8.99984221     9.00510735
   588   -35.02352049   -35.02092157   -35.01632051   -35.01182844   -35.00990022   -14.84424241   -14.72176649   -14.71112136   -14.69117921   -14.67781673   -10.33822912    -6.46083096    -3.39288793    -3.00483715     3.99054908     4.64122424     5.59341471     6.28232079     8.97592740     8.99088318     8.99159267     8.99275929     8.99324061     8.99367787     8.99409056     8.99450814     8.99466853     8.99517631     8.99536158     8.99573806     8.99593238     8.99674664     8.99754034     8.99901569     8.99990562     9.00593841
   589   -35.02318664   -35.02094632   -35.01661498   -35.01182149   -35.00991032   -14.84418721   -14.72183290   -14.71108493   -14.69106304   -14.67793666   -10.33648102    -6.46154574    -3.38222456    -3.02793202     4.06990419     4.64397667     5.53453239     6.24229200     8.97915150     8.99121076     8.99201289     8.99290431     8.99339018     8.99369697     8.99415858     8.99449231     8.99462104     8.99510814     8.99538175     8.99569273     8.99583651     8.99659618     8.99725908     8.99886244     8.99975525     9.00606582
   590   -35.02282208   -35.02097222   -35.01693804   -35.01181344   -35.00992372   -14.84412297   -14.72189702   -14.71105842   -14.69095042   -14.67805890   -10.33482538    -6.46236030    -3.37212684    -3.04935729     4.14581055     4.64702468     5.47744786     6.20528234     8.98224091     8.99159589     8.99236155     8.99319708     8.99342256     8.99396355     8.99414604     8.99451904     8.99463089     8.99494015     8.99527431     8.99562138     8.99587591     8.99637785     8.99718728     8.99858374     8.99939615     9.00557234
   591   -35.02243099   -35.02099926   -35.01728576   -35.01180534   -35.00993992   -14.84406003   -14.72194929   -14.71104448   -14.69084658   -14.67818148   -10.33324414    -6.46324377    -3.36278972    -3.06882640     4.21664176     4.65112799     5.42271268     6.17193635     8.98484352     8.99198870     8.99256306     8.99335872     8.99361033     8.99404681     8.99431464     8.99451661     8.99473685     8.99487516     8.99513191     8.99548320     8.99597971     8.99629903     8.99737956     8.99826777     8.99891928     9.00467320
   592   -35.02201876   -35.02102614   -35.01765469   -35.01179781   -35.00995798   -14.84400932   -14.72198097   -14.71104357   -14.69075636   -14.67830079   -10.33174900    -6.46414589    -3.35442613    -3.08603314     4.28026133     4.65737529     5.37110345     6.14278972     8.98672561     8.99217505     8.99250836     8.99349875     8.99374971     8.99381582     8.99434181     8.99476567     8.99482559     8.99498660     8.99535432     8.99549289     8.99615608     8.99657369     8.99755497     8.99805180     8.99847927     9.00363380
   593   -35.02159318   -35.02104904   -35.01804181   -35.01179112   -35.00997667   -14.84397971   -14.72198639   -14.71105363   -14.69068347   -14.67841169   -10.33038174    -6.46499627    -3.34726122    -3.10065563     4.33408169     4.66694555     5.32375538     6.11824739     8.98789839     8.99204646     8.99237533     8.99310548     8.99357193     8.99403494     8.99429235     8.99480733     8.99508834     8.99530560     8.99552255     8.99589973     8.99647735     8.99703540     8.99755563     8.99807195     8.99839247     9.00273290
   594   -35.02119282   -35.02103352   -35.01844403   -35.01178534   -35.00999445   -14.84397605   -14.72196446   -14.71107042   -14.69062990   -14.67850790   -10.32920719    -6.46571129    -3.34152021    -3.11236991     4.37562097     4.68030990     5.28234816     6.09860643     8.98856700     8.99180567     8.99231106     8.99265023     8.99335633     8.99421251     8.99433516     8.99469657     8.99522614     8.99543231     8.99565033     8.99623214     8.99689801     8.99725328     8.99744463     8.99837974     8.99889124     9.00228181
   595   -35.02111674   -35.02068678   -35.01885624   -35.01178052   -35.01000948   -14.84399828   -14.72191917   -14.71108846   -14.69059564   -14.67858283   -10.32830087    -6.46620892    -3.33740120    -3.12088364     4.40364139     4.69587397     5.24927442     6.08411720     8.98896598     8.99157916     8.99210127     8.99260159     8.99325953     8.99425328     8.99445392     8.99453612     8.99515306     8.99540555     8.99572343     8.99632275     8.99677285     8.99700036     8.99789195     8.99895935     8.99942218     9.00242484
   596   -35.02112335   -35.02027084   -35.01925903   -35.01177693   -35.01001975   -14.84404184   -14.72185891   -14.71110229   -14.69057895   -14.67863057   -10.32773409    -6.46642751    -3.33502831    -3.12599359     4.41893149     4.70926904     5.22753225     6.07506638     8.98927132     8.99134500     8.99195778     8.99266946     8.99334190     8.99417711     8.99445743     8.99465337     8.99495561     8.99526214     8.99575006     8.99609511     8.99655225     8.99672417     8.99836730     8.99940077     8.99985012     9.00279863
   597   -35.02112743   -35.02003977   -35.01948444   -35.01177504   -35.01002327   -14.84409898   -14.72179475   -14.71110790   -14.69057689   -14.67864696   -10.32756014    -6.46634187    -3.33439775    -3.12765084     4.42369521     4.71481449     5.21986499     6.07185972     8.98940157     8.99122320     8.99197477     8.99267420     8.99341225     8.99416563     8.99461232     8.99464198     8.99477001     8.99497517     8.99569866     8.99595291     8.99651226     8.99661353     8.99850289     8.99965517     9.00010090     9.00294615
   598   -35.02112432   -35.02003760   -35.01949169   -35.01177407   -35.01002267   -14.84409496   -14.72180390   -14.71110834   -14.69057113   -14.67864485   -10.32785937    -6.46606043    -3.33661123    -3.12458292     4.41954080     4.71750997     5.21962751     6.07434725     8.98888720     8.99130026     8.99200836     8.99279568     8.99343759     8.99417585     8.99458317     8.99471321     8.99476016     8.99498861     8.99566676     8.99598634     8.99643150     8.99674461     8.99847611     8.99965614     9.00001913     9.00286097
   599   -35.02111529   -35.02003276   -35.01951129   -35.01177127   -35.01002088   -14.84408268   -14.72183113   -14.71110991   -14.69055394   -14.67863873   -10.32875409    -6.46521847    -3.34287760    -3.11575464     4.40762752     4.72496610     5.21906060     6.08175332     8.98777347     8.99146934     8.99211727     8.99300698     8.99351055     8.99420285     8.99457204     8.99473407     8.99478891     8.99501625     8.99559793     8.99601482     8.99633152     8.99692024     8.99838473     8.99965429     8.99979618     9.00261496
   600   -35.02110126   -35.02003054   -35.01953665   -35.01176695   -35.01001796   -14.84406151   -14.72187569   -14.71111339   -14.69052555   -14.67862920   -10.33023570    -6.46382281    -3.35229477    -3.10207231     4.38928946     4.73561063     5.21858932     6.09391608     8.98660946     8.99170904     8.99230135     8.99320747     8.99362358     8.99424340     8.99457031     8.99471022     8.99482159     8.99502985     8.99551082     8.99598096     8.99622313     8.99695857     8.99819330     8.99935457     8.99971317     9.00223486
   601   -35.02108370   -35.02003957   -35.01955708   -35.01176161   -35.01001399   -14.84403052   -14.72193645   -14.71111996   -14.69048636   -14.67861720   -10.33229067    -6.46188479    -3.36384523    -3.08456034     4.36604642     4.74754151     5.21888196     6.11058876     8.98574133     8.99202214     8.99255351     8.99340822     8.99376727     8.99429678     8.99457003     8.99469788     8.99482963     8.99501786     8.99541140     8.99589092     8.99609436     8.99681038     8.99787849     8.99883572     8.99956759     9.00174870
   602   -35.02106456   -35.02006868   -35.01956107   -35.01175587   -35.01000906   -14.84398848   -14.72201195   -14.71113116   -14.69043686   -14.67860389   -10.33490173    -6.45942025    -3.37666071    -3.06409637     4.33921086     4.75895548     5.22078346     6.13146746     8.98540916     8.99240425     8.99286492     8.99362364     8.99393236     8.99436251     8.99457196     8.99470239     8.99482719     8.99498584     8.99530605     8.99576079     8.99593764     8.99653168     8.99745695     8.99821290     8.99914388     9.00114047
   603   -35.02104608   -35.02012051   -35.01954289   -35.01175045   -35.01000324   -14.84393404   -14.72210055   -14.71114870   -14.69037769   -14.67859061   -10.33804928    -6.45644948    -3.39008833    -3.04134480     4.30978007     4.76832669     5.22521157     6.15621975     8.98578415     8.99284572     8.99322498     8.99385707     8.99411092     8.99444006     8.99458415     8.99472051     8.99482260     8.99494371     8.99520088     8.99560202     8.99575136     8.99618359     8.99696048     8.99752272     8.99845364     9.00033323
   604   -35.02103059   -35.02018989   -35.01950456   -35.01174608   -35.00999658   -14.84386586   -14.72220055   -14.71117438   -14.69030957   -14.67857868   -10.34171295    -6.45299715    -3.40365966    -3.01678747     4.27847294     4.77447881     5.23301865     6.18450902     8.98697090     8.99333347     8.99362145     8.99410540     8.99429700     8.99452903     8.99461548     8.99474667     8.99482088     8.99490235     8.99509999     8.99542252     8.99553886     8.99581102     8.99641993     8.99680131     8.99758873     8.99925969
   605   -35.02102005   -35.02026909   -35.01945111   -35.01174348   -35.00998909   -14.84378267   -14.72231028   -14.71120994   -14.69023327   -14.67856931   -10.34587313    -6.44909221    -3.41703958    -2.99077446     4.24580055     4.77663821     5.24484526     6.21601192     8.98899888     8.99385179     8.99404115     8.99436282     8.99448690     8.99462892     8.99467221     8.99477724     8.99482459     8.99487149     8.99500561     8.99522901     8.99530684     8.99544664     8.99586291     8.99608421     8.99663849     8.99791580
   606   -35.02101553   -35.02035243   -35.01938644   -35.01174333   -35.00998070   -14.84368350   -14.72242819   -14.71125696   -14.69014962   -14.67856349   -10.35051223    -6.44476771    -3.42998341    -2.96356672     4.21212771     4.77446149     5.26101577     6.25042853     8.99181179     8.99438306     8.99447080     8.99462277     8.99467893     8.99473971     8.99475690     8.99481234     8.99483491     8.99485569     8.99491934     8.99502847     8.99506454     8.99511307     8.99531409     8.99540376     8.99567391     8.99635373
   607   -35.02101688   -35.02043761   -35.01931251   -35.01174620   -35.00997133   -14.84356765   -14.72255292   -14.71131677   -14.69005948   -14.67856191   -10.35561573    -6.44006064    -3.44230707    -2.93536558     4.17771749     4.76800113     5.28151959     6.28748636     8.99465939     8.99475237     8.99478620     8.99479563     8.99482055     8.99482521     8.99482937     8.99484321     8.99485082     8.99485364     8.99485669     8.99486362     8.99486621     8.99487271     8.99487926     8.99489812     8.99490862     8.99525839
   608   -35.02102267   -35.02052522   -35.01922974   -35.01175256   -35.00996086   -14.84343490   -14.72268335   -14.71139038   -14.68996369   -14.67856486   -10.36117264    -6.43501150    -3.45386778    -2.90633186     4.14276119     4.75760496     5.30607829     6.32693994     8.99293410     8.99392103     8.99424846     8.99432795     8.99456264     8.99460742     8.99464415     8.99477995     8.99484890     8.99488182     8.99491677     8.99497914     8.99501600     8.99506797     8.99512763     8.99531283     8.99540996     8.99908684
   609   -35.02103084   -35.02061741   -35.01913779   -35.01176274   -35.00994917   -14.84328542   -14.72281859   -14.71147844   -14.68986312   -14.67857223   -10.36717561    -6.42966394    -3.46455203    -2.87659762     4.10739844     4.74378731     5.33425489     6.36856771     8.99128104     8.99321711     8.99379546     8.99393015     8.99432878     8.99441946     8.99449265     8.99473237     8.99484616     8.99491824     8.99499555     8.99509361     8.99518803     8.99526305     8.99536573     8.99570710     8.99587034     9.00294362
   610   -35.02103989   -35.02071603   -35.01903618   -35.01177690   -35.00993617   -14.84311985   -14.72295800   -14.71158124   -14.68975858   -14.67858355   -10.37362048    -6.42406404    -3.47426814    -2.84627331     4.07173055     4.72711658     5.36555579     6.41216769     8.98979477     8.99266667     8.99342168     8.99361647     8.99412141     8.99425559     8.99439030     8.99470231     8.99484437     8.99496111     8.99509096     8.99520058     8.99537238     8.99545249     8.99559565     8.99607453     8.99627738     9.00637839
   611   -35.02105126   -35.02081974   -35.01892477   -35.01179504   -35.00992188   -14.84293924   -14.72310119   -14.71169867   -14.68965084   -14.67859799   -10.38050547    -6.41825964    -3.48294171    -2.81545206     4.03582980     4.70814171     5.39949942     6.45755299     8.98855307     8.99228261     8.99311886     8.99338716     8.99395208     8.99411613     8.99433458     8.99468922     8.99484882     8.99500882     8.99519780     8.99529544     8.99555387     8.99562591     8.99582371     8.99640583     8.99662771     9.00885538
   612   -35.02107751   -35.02091543   -35.01880407   -35.01181699   -35.00990642   -14.84274498   -14.72324799   -14.71183031   -14.68954062   -14.67861446   -10.38783000    -6.41229938    -3.49051256    -2.78421219     3.99974602     4.68735636     5.43565062     6.50454809     8.98761017     8.99206195     8.99287920     8.99322624     8.99383369     8.99400551     8.99431489     8.99469000     8.99486527     8.99505959     8.99530943     8.99537580     8.99571444     8.99577567     8.99605254     8.99668141     8.99693357     9.00977430
   613   -35.02115381   -35.02096668   -35.01867533   -35.01184245   -35.00989006   -14.84253869   -14.72339840   -14.71197543   -14.68942853   -14.67863173   -10.39559336    -6.40623176    -3.49693249    -2.75261891     3.96351165     4.66518848     5.47363120     6.55298611     8.98698914     8.99198074     8.99268684     8.99311598     8.99376018     8.99393392     8.99431968     8.99470107     8.99489528     8.99511080     8.99541568     8.99544455     8.99583155     8.99591041     8.99627162     8.99687888     8.99721445     9.00851077
   614   -35.02127764   -35.02097407   -35.01854044   -35.01187097   -35.00987323   -14.84232213   -14.72355252   -14.71213313   -14.68931511   -14.67864851   -10.40379336    -6.40010404    -3.50216327    -2.72072554     3.92714563     4.64200363     5.51311776     6.60270741     8.98666019     8.99196916     8.99248723     8.99305529     8.99366596     8.99392436     8.99433696     8.99471824     8.99493404     8.99515762     8.99548146     8.99552966     8.99589858     8.99603494     8.99645568     8.99700465     8.99746532     9.00454405
   615   -35.02141981   -35.02096429   -35.01840176   -35.01190206   -35.00985650   -14.84209706   -14.72371053   -14.71230240   -14.68920074   -14.67866358   -10.41242502    -6.39396128    -3.50617464    -2.68857462     3.89065676     4.61811341     5.55383427     6.65355941     8.98634027     8.99123398     8.99226164     8.99301283     8.99343479     8.99396182     8.99435217     8.99472530     8.99497373     8.99518878     8.99551150     8.99560352     8.99592349     8.99613959     8.99656470     8.99709330     8.99752983     8.99855488
   616   -35.02156836   -35.02094657   -35.01826183   -35.01193517   -35.00984055   -14.84186513   -14.72387261   -14.71248229   -14.68908569   -14.67867588   -10.42147956    -6.38784541    -3.50894203    -2.65619909     3.85404642     4.59378493     5.59554349     6.70539741     8.98083015     8.98825207     8.99230206     8.99284795     8.99339127     8.99399208     8.99436841     8.99467977     8.99499852     8.99512507     8.99533885     8.99556851     8.99579286     8.99595948     8.99628227     8.99658091     8.99719331     8.99790732
   617   -35.02171757   -35.02092390   -35.01812315   -35.01196975   -35.00982611   -14.84162776   -14.72403886   -14.71267195   -14.68897007   -14.67868462   -10.43094374    -6.38179450    -3.51044415    -2.62362366     3.81731105     4.56924894     5.63803907     6.75808588     8.96454113     8.98839393     8.99239711     8.99277275     8.99356741     8.99403019     8.99443184     8.99465775     8.99496874     8.99508178     8.99528802     8.99556388     8.99578555     8.99594834     8.99635551     8.99653374     8.99727881     8.99797931
   618   -35.02186357   -35.02089772   -35.01798787   -35.01200529   -35.00981387   -14.84138610   -14.72420924   -14.71287082   -14.68885382   -14.67868931   -10.44079951    -6.37584230    -3.51066046    -2.59086627     3.78044418     4.54470629     5.68113872     6.81149984     8.94193052     8.98910173     8.99250857     8.99278883     8.99374652     8.99411506     8.99452394     8.99469432     8.99496290     8.99510217     8.99528607     8.99555316     8.99575407     8.99596434     8.99631010     8.99657913     8.99733000     8.99797745
   619   -35.02200345   -35.02086904   -35.01785772   -35.01204134   -35.00980446   -14.84114092   -14.72438358   -14.71307861   -14.68873672   -14.67868981   -10.45102420    -6.37001805    -3.50956864    -2.55793977     3.74343807     4.52033256     5.72467851     6.86552552     8.91324157     8.98997306     8.99263517     8.99287937     8.99387958     8.99423062     8.99461486     8.99474872     8.99497214     8.99510884     8.99527276     8.99553309     8.99567276     8.99596801     8.99619057     8.99669009     8.99732725     8.99789019
   620   -35.02213509   -35.02083873   -35.01773383   -35.01207749   -35.00979833   -14.84089263   -14.72456154   -14.71329537   -14.68861839   -14.67868634   -10.46159097    -6.36434660    -3.50714240    -2.52485367     3.70628496     4.49628127     5.76850771     6.92005956     8.87832620     8.99088867     8.99278584     8.99303534     8.99398724     8.99433369     8.99469092     8.99479987     8.99498569     8.99510275     8.99524263     8.99550296     8.99556299     8.99590776     8.99609555     8.99677000     8.99726056     8.99772301
   621   -35.02225715   -35.02080757   -35.01761682   -35.01211341   -35.00979577   -14.84064127   -14.72474264   -14.71352148   -14.68849830   -14.67867941   -10.47246971    -6.35884885    -3.50334963    -2.49161592     3.66897789     4.47268613     5.81248406     6.97500581     8.83713332     8.99176566     8.99297893     8.99324193     8.99408926     8.99441629     8.99474555     8.99483837     8.99498397     8.99509507     8.99519978     8.99542777     8.99547420     8.99578666     8.99602260     8.99675603     8.99712339     8.99749581
   622   -35.02236891   -35.02077634   -35.01750687   -35.01214882   -35.00979682   -14.84038657   -14.72492625   -14.71375762   -14.68837577   -14.67866985   -10.48362807    -6.35354242    -3.49815144    -2.45823455     3.63151102     4.44966263     5.85646874     7.03026866     8.78978634     8.99253732     8.99323483     8.99348591     8.99419144     8.99449499     8.99477960     8.99486284     8.99496060     8.99508129     8.99514871     8.99530757     8.99541776     8.99564359     8.99592690     8.99660524     8.99689858     8.99723727
   623   -35.02247018   -35.02074576   -35.01740388   -35.01218348   -35.00980134   -14.84012798   -14.72511170   -14.71400463   -14.68825004   -14.67865865   -10.49503266    -6.34844247    -3.49150183    -2.42471919     3.59387960     4.42730932     5.90032092     7.08574149     8.73661489     8.99315415     8.99357360     8.99375755     8.99429910     8.99457997     8.99479858     8.99487371     8.99493074     8.99504635     8.99509203     8.99519503     8.99534594     8.99548994     8.99579069     8.99632592     8.99657528     8.99693804
   624   -35.02256113   -35.02071644   -35.01730762   -35.01221720   -35.00980904   -14.83986480   -14.72529826   -14.71426347   -14.68812025   -14.67864696   -10.50665029    -6.34356262    -3.48334853    -2.39108240     3.55607944     4.40570918     5.94389132     7.14128836     8.67817675     8.99363389     8.99396805     8.99405047     8.99442230     8.99466572     8.99480895     8.99487305     8.99490515     8.99499074     8.99503259     8.99509387     8.99525016     8.99532672     8.99560748     8.99595964     8.99617502     8.99654314
   625   -35.02264213   -35.02068890   -35.01721792   -35.01224981   -35.00981950   -14.83959625   -14.72548522   -14.71453510   -14.68798552   -14.67863593   -10.51844904    -6.33891591    -3.47363463    -2.35734055     3.51810623     4.38493102     5.98701451     7.19671626     8.61527921     8.99407518     8.99432523     8.99436506     8.99456870     8.99474197     8.99481754     8.99486590     8.99488454     8.99492987     8.99496951     8.99500016     8.99512452     8.99515457     8.99537163     8.99554913     8.99571596     8.99601780
   626   -35.02271360   -35.02066352   -35.01713473   -35.01228120   -35.00983225   -14.83932153   -14.72567192   -14.71482035   -14.68784500   -14.67862669   -10.53039920    -6.33451547    -3.46230123    -2.32351446     3.47995455     4.36503119     6.02949971     7.25173349     8.54900652     8.99453270     8.99464202     8.99466915     8.99473530     8.99480797     8.99483278     8.99485670     8.99486468     8.99487798     8.99490073     8.99491009     8.99496801     8.99497532     8.99507800     8.99512762     8.99520920     8.99535821
   627   -35.02277593   -35.02064053   -35.01705815   -35.01231127   -35.00984683   -14.83903996   -14.72585779   -14.71511981   -14.68769791   -14.67862022   -10.54247394    -6.33037518    -3.44929067    -2.28962957     3.44161690     4.34605555     6.07111955     7.30588806     8.48076151     8.99458011     8.99466768     8.99471465     8.99473055     8.99478654     8.99479123     8.99482176     8.99482508     8.99483971     8.99484452     8.99484920     8.99486354     8.99487378     8.99490855     8.99493681     8.99495600     8.99501355
   628   -35.02282948   -35.02061999   -35.01698842   -35.01233999   -35.00986283   -14.83875102   -14.72604238   -14.71543377   -14.68754360   -14.67861728   -10.55464965    -6.32650990    -3.43455028    -2.25571585     3.40308288     4.32804153     6.11159692     7.35847670     8.41233238     8.99371220     8.99410831     8.99429875     8.99436747     8.99458302     8.99461287     8.99473343     8.99474349     8.99481044     8.99482817     8.99485156     8.99491616     8.99495072     8.99507364     8.99517749     8.99527229     8.99550788
   629   -35.02287461   -35.02060182   -35.01692580   -35.01236736   -35.00987992   -14.83845441   -14.72622536   -14.71576211   -14.68738158   -14.67861838   -10.56690607    -6.32293549    -3.41803615    -2.22180721     3.36433850     4.31102039     6.15058945     7.40841514     8.34599626     8.99279260     8.99355208     8.99385772     8.99404378     8.99437057     8.99444314     8.99464216     8.99466221     8.99478384     8.99481981     8.99487133     8.99499176     8.99504494     8.99522429     8.99539737     8.99558739     8.99599916
   630   -35.02291173   -35.02058575   -35.01687051   -35.01239342   -35.00989789   -14.83815009   -14.72640659   -14.71610425   -14.68721163   -14.67862372   -10.57922603    -6.31966855    -3.39971667    -2.18794075     3.32536585     4.29501932     6.18767222     7.45407197     8.28465883     8.99186613     8.99302325     8.99341037     8.99377643     8.99415831     8.99428926     8.99454906     8.99458770     8.99475725     8.99482098     8.99490920     8.99508201     8.99515699     8.99536355     8.99560019     8.99589231     8.99646790
   631   -35.02294131   -35.02057137   -35.01682262   -35.01241828   -35.00991667   -14.83783826   -14.72658611   -14.71645910   -14.68703374   -14.67863318   -10.59159511    -6.31672581    -3.37957542    -2.15415579     3.28614320     4.28006329     6.22231962     7.49312438     8.23197328     8.99098137     8.99254721     8.99298657     8.99356940     8.99395564     8.99415749     8.99446044     8.99452353     8.99472985     8.99483148     8.99496078     8.99516884     8.99528202     8.99549790     8.99579394     8.99617487     8.99689393
   632   -35.02296395   -35.02055809   -35.01678203   -35.01244206   -35.00993630   -14.83751939   -14.72676414   -14.71682514   -14.68684820   -14.67864631   -10.60400098    -6.31412344    -3.35761312    -2.12049268     3.24664536     4.26617658     6.25388891     7.52264529     8.19222864     8.99018724     8.99214660     8.99261532     8.99342199     8.99377244     8.99405270     8.99438323     8.99447286     8.99470184     8.99484965     8.99501909     8.99523618     8.99540720     8.99562820     8.99599083     8.99642293     8.99725844
   633   -35.02298026   -35.02054522   -35.01674852   -35.01246492   -35.00995695   -14.83719416   -14.72694108   -14.71720036   -14.68665554   -14.67866241   -10.61643279    -6.31187623    -3.33384838    -2.08699168     3.20684453     4.25338371     6.28161030     7.53983426     8.16959276     8.98952913     8.99183669     8.99232388     8.99332729     8.99362087     8.99397803     8.99432333     8.99443849     8.99467422     8.99487299     8.99507575     8.99528012     8.99551404     8.99574906     8.99619569     8.99662785     8.99754574
   634   -35.02299077   -35.02053198   -35.01672178   -35.01248706   -35.00997889   -14.83686345   -14.72711750   -14.71758247   -14.68645657   -14.67868051   -10.62888047    -6.30999671    -3.30831717    -2.05369191     3.16671119     4.24170982     6.30459184     7.54355922     8.16653646     8.98904511     8.99162233     8.99213711     8.99326850     8.99351923     8.99393489     8.99428476     8.99442255     8.99464878     8.99489870     8.99512182     8.99530573     8.99558808     8.99585529     8.99639240     8.99678859     8.99774494
   635   -35.02299583   -35.02051752   -35.01670162   -35.01250864   -35.01000245   -14.83652821   -14.72729402   -14.71796898   -14.68625227   -14.67869947   -10.64133413    -6.30849445    -3.28107095    -2.02063035     3.12621529     4.23118034     6.32185097     7.53566869     8.18246907     8.98876253     8.99150053     8.99207282     8.99322284     8.99348861     8.99392310     8.99426886     8.99442608     8.99462820     8.99492404     8.99515007     8.99531991     8.99562699     8.99593872     8.99654403     8.99691538     8.99785157
   636   -35.02299545   -35.02050102   -35.01668799   -35.01252982   -35.01002800   -14.83618951   -14.72747127   -14.71835741   -14.68604381   -14.67871808   -10.65378353    -6.30737545    -3.25217361    -1.98784117     3.08532721     4.22182016     6.33238544     7.52052578     8.21412242     8.98869559     8.99146816     8.99213313     8.99318945     8.99352617     8.99394099     8.99427401     8.99444842     8.99461639     8.99494649     8.99515931     8.99532551     8.99563669     8.99598779     8.99661284     8.99701821     8.99786913
   637   -35.02298931   -35.02048168   -35.01668118   -35.01255071   -35.01005592   -14.83584838   -14.72764978   -14.71874547   -14.68583241   -14.67873507   -10.66621775    -6.30664177    -3.22169748    -1.95535520     3.04401860     4.21365224     6.33528937     7.50317121     8.25727078     8.98884402     8.99152556     8.99230059     8.99318802     8.99360873     8.99398505     8.99429588     8.99448633     8.99461895     8.99496392     8.99515573     8.99531996     8.99562342     8.99599340     8.99659335     8.99707716     8.99781092
   638   -35.02297668   -35.02045881   -35.01668180   -35.01257130   -35.01008652   -14.83550582   -14.72782990   -14.71913123   -14.68561934   -14.67874928   -10.67862497    -6.30629135    -3.18971875    -1.92319980     3.00226293     4.20669600     6.32990088     7.48782417     8.30809156     8.98919301     8.99167291     8.99254149     8.99323742     8.99371789     8.99404949     8.99432850     8.99453367     8.99464232     8.99497545     8.99514772     8.99529969     8.99559056     8.99595257     8.99650466     8.99705187     8.99769930
   639   -35.02295659   -35.02043183   -35.01669076   -35.01259146   -35.01012009   -14.83516274   -14.72801169   -14.71951334   -14.68540581   -14.67875968   -10.69099246    -6.30631814    -3.15631276    -1.89139889     2.96003561     4.20096552     6.31594129     7.47733000     8.36359685     8.98971443     8.99190666     8.99280965     8.99335680     8.99384300     8.99412690     8.99436630     8.99458449     8.99468752     8.99498351     8.99513998     8.99526349     8.99553886     8.99586969     8.99636675     8.99691707     8.99755313
   640   -35.02292793   -35.02040036   -35.01670917   -35.01261087   -35.01015684   -14.83481993   -14.72819497   -14.71989103   -14.68519288   -14.67876547   -10.70330669    -6.30671240    -3.12154945    -1.85997333     2.91731378     4.19646795     6.29359070     7.47319562     8.42154913     8.99036931     8.99221835     8.99306087     8.99355824     8.99397869     8.99421092     8.99440731     8.99463525     8.99474287     8.99499504     8.99513101     8.99521276     8.99546840     8.99575583     8.99619625     8.99668464     8.99736825
   641   -35.02288967   -35.02036427   -35.01673817   -35.01262901   -35.01019686   -14.83447805   -14.72837923   -14.72026420   -14.68498146   -14.67876611   -10.71555351    -6.30746110    -3.08548962    -1.82894139     2.87407578     4.19320215     6.26346302     7.47585039     8.48025832     8.99111127     8.99259490     8.99329055     8.99381373     8.99412296     8.99429893     8.99445376     8.99468077     8.99478980     8.99501612     8.99511322     8.99515350     8.99538141     8.99562493     8.99600762     8.99639099     8.99712684
   642   -35.02284100   -35.02032373   -35.01677871   -35.01264521   -35.01024022   -14.83413763   -14.72856377   -14.72063333   -14.68477220   -14.67876141   -10.72771850    -6.30854858    -3.04818213    -1.79831950     2.83030041     4.19115795     6.22649001     7.48496854     8.53841244     8.99189116     8.99301888     8.99352541     8.99406707     8.99427526     8.99439270     8.99450899     8.99471662     8.99481614     8.99503621     8.99506840     8.99510823     8.99528461     8.99548743     8.99581305     8.99607266     8.99681898
   643   -35.02278148   -35.02027923   -35.01683134   -35.01265867   -35.01028686   -14.83379909   -14.72874770   -14.72099939   -14.68456549   -14.67875148   -10.73978720    -6.30995706    -3.00966250    -1.76812293     2.78596623     4.19031593     6.18376429     7.49977697     8.59496585     8.99266250     8.99346855     8.99378351     8.99428213     8.99442792     8.99449863     8.99457505     8.99474290     8.99482264     8.99500053     8.99503445     8.99507847     8.99518747     8.99534598     8.99561980     8.99575914     8.99644683
   644   -35.02271111   -35.02023167   -35.01689608   -35.01266858   -35.01033670   -14.83346277   -14.72893009   -14.72136369   -14.68436147   -14.67873676   -10.75174545    -6.31166732    -2.96995282    -1.73836659     2.74105084     4.19064796     6.13639650     7.51930287     8.64907287     8.99338770     8.99391757     8.99406979     8.99446091     8.99455926     8.99461771     8.99465467     8.99476256     8.99482023     8.99494920     8.99498867     8.99503694     8.99509727     8.99519858     8.99542191     8.99547419     8.99602097
   645   -35.02263031   -35.02018228   -35.01697227   -35.01267421   -35.01038959   -14.83312895   -14.72910998   -14.72172776   -14.68415997   -14.67871802   -10.76357964    -6.31365915    -2.92906327    -1.70906564     2.69553061     4.19211827     6.08541837     7.54254303     8.70005090     8.99404314     8.99433527     8.99438313     8.99462320     8.99467682     8.99471844     8.99474725     8.99478424     8.99482562     8.99490689     8.99493120     8.99496595     8.99500877     8.99504914     8.99519283     8.99523365     8.99555666
   646   -35.02253991   -35.02013261   -35.01705858   -35.01267503   -35.01044537   -14.83279789   -14.72928643   -14.72209315   -14.68396060   -14.67869625   -10.77527683    -6.31591186    -2.88699476    -1.68023607     2.64938065     4.19468517     6.03173524     7.56856131     8.74736084     8.99461996     8.99469839     8.99471382     8.99478109     8.99479591     8.99481000     8.99481949     8.99482825     8.99484251     8.99486758     8.99487470     8.99488569     8.99490256     8.99491054     8.99495604     8.99497993     8.99507039
   647   -35.02244100   -35.02008439   -35.01715314   -35.01267080   -35.01050382   -14.83246989   -14.72945855   -14.72246139   -14.68376278   -14.67867264   -10.78682487    -6.31840452    -2.84374279    -1.65189498     2.60257535     4.19830316     5.97611579     7.59653292     8.79059690     8.99457612     8.99467508     8.99471704     8.99477220     8.99478903     8.99480950     8.99482250     8.99483289     8.99485883     8.99487911     8.99489904     8.99490321     8.99492284     8.99493891     8.99500577     8.99504110     8.99511882
   648   -35.02233479   -35.02003943   -35.01725377   -35.01266154   -35.01056468   -14.83214530   -14.72962545   -14.72283385   -14.68356576   -14.67864848   -10.79821239    -6.32111619    -2.79930187    -1.62406070     2.55508932     4.20292525     5.91920295     7.62575532     8.82948042     8.99408011     8.99432361     8.99445589     8.99461416     8.99468494     8.99473732     8.99477141     8.99480986     8.99485820     8.99494127     8.99499116     8.99501614     8.99505799     8.99510138     8.99524199     8.99537899     8.99554373
   649   -35.02222251   -35.01999936   -35.01735824   -35.01264756   -35.01062768   -14.83182457   -14.72978625   -14.72321170   -14.68336878   -14.67862506   -10.80942875    -6.32402595    -2.75367025    -1.59675265     2.50689875     4.20850526     5.86153351     7.65564100     8.86385451     8.99357649     8.99395097     8.99414944     8.99444489     8.99458522     8.99466456     8.99471925     8.99478809     8.99485287     8.99502566     8.99507822     8.99515662     8.99519309     8.99527781     8.99544813     8.99570295     8.99590054
   650   -35.02210527   -35.01996550   -35.01746458   -35.01262941   -35.01069250   -14.83150826   -14.72994005   -14.72359580   -14.68317104   -14.67860359   -10.82046386    -6.32711293    -2.70685450    -1.56999106     2.45798313     4.21500003     5.80355871     7.68570184     8.89367727     8.99305170     8.99358264     8.99379428     8.99427990     8.99448811     8.99458976     8.99466634     8.99475184     8.99486303     8.99510805     8.99517681     8.99527748     8.99535926     8.99546364     8.99565438     8.99600192     8.99620056
   651   -35.02198401   -35.01993867   -35.01757133   -35.01260775   -35.01075878   -14.83119705   -14.73008600   -14.72398666   -14.68297187   -14.67858511   -10.83130805    -6.33035624    -2.65887341    -1.54379636     2.40832702     4.22237117     5.74566160     7.71553059     8.91901200     8.99249882     8.99319550     8.99345208     8.99413048     8.99439839     8.99451358     8.99461429     8.99471190     8.99488215     8.99516450     8.99528629     8.99537161     8.99555655     8.99565211     8.99586584     8.99626872     8.99646644
   652   -35.02185945   -35.01991908   -35.01767771   -35.01258332   -35.01082615   -14.83089176   -14.73022333   -14.72438434   -14.68277074   -14.67857041   -10.84195192    -6.33373487    -2.60976101    -1.51818864     2.35792185     4.23058626     5.68817021     7.74478265     8.94001294     8.99192289     8.99275330     8.99320654     8.99400253     8.99432387     8.99443770     8.99456592     8.99467990     8.99490195     8.99520283     8.99536521     8.99546663     8.99573917     8.99586026     8.99605067     8.99650991     8.99673208
   653   -35.02173212   -35.01990636   -35.01778355   -35.01255686   -35.01089421   -14.83059329   -14.73035146   -14.72478839   -14.68256736   -14.67855995   -10.85238615    -6.33722765    -2.55956821    -1.49318695     2.30676750     4.23961939     5.63136627     7.77315945     8.95690433     8.99133798     8.99231009     8.99305289     8.99389855     8.99427080     8.99436746     8.99452423     8.99466020     8.99491947     8.99522827     8.99540359     8.99555630     8.99588539     8.99607662     8.99618010     8.99675129     8.99702966
   654   -35.02160241   -35.01989968   -35.01788923   -35.01252904   -35.01096252   -14.83030264   -14.73047011   -14.72519779   -14.68236170   -14.67855385   -10.86260142    -6.34081328    -2.50836319    -1.46880868     2.25487347     4.24945100     5.57549052     7.80039428     8.96994922     8.99076941     8.99192389     8.99297288     8.99381859     8.99423916     8.99431460     8.99449116     8.99465241     8.99493552     8.99524214     8.99541323     8.99562262     8.99598173     8.99625852     8.99626649     8.99703341     8.99739017
   655   -35.02147060   -35.01989781   -35.01799544   -35.01250044   -35.01103066   -14.83002084   -14.73057937   -14.72561092   -14.68215404   -14.67855186   -10.87258837    -6.34447038    -2.45623032    -1.44506900     2.20225953     4.26006685     5.52074570     7.82624106     8.97940931     8.99025512     8.99162929     8.99295451     8.99376029     8.99422020     8.99429489     8.99446937     8.99465329     8.99495296     8.99524308     8.99540199     8.99566086     8.99601372     8.99631680     8.99639672     8.99734966     8.99792854
   656   -35.02133702   -35.01989938   -35.01810295   -35.01247153   -35.01109821   -14.82974892   -14.73067979   -14.72602558   -14.68194493   -14.67855339   -10.88233757    -6.34817770    -2.40326781    -1.42198061     2.14895579     4.27145642     5.46729829     7.85046613     8.98555243     8.98984181     8.99144455     8.99298701     8.99371907     8.99421432     8.99429943     8.99446857     8.99465798     8.99497331     8.99522766     8.99537901     8.99567149     8.99600264     8.99630970     8.99651025     8.99760429     8.99886288
   657   -35.02120206   -35.01990291   -35.01821246   -35.01244265   -35.01116475   -14.82948784   -14.73077236   -14.72643909   -14.68173524   -14.67855753   -10.89183959    -6.35191432    -2.34958432    -1.39955354     2.09500220     4.28361063     5.41527993     7.87284339     8.98884444     8.98962962     8.99137822     8.99305950     8.99369045     8.99422772     8.99429958     8.99449868     8.99466150     8.99499147     8.99519441     8.99535522     8.99565646     8.99597378     8.99624912     8.99659635     8.99775910     9.00014186
   658   -35.02106631   -35.01990691   -35.01832444   -35.01241403   -35.01122989   -14.82923845   -14.73085846   -14.72684843   -14.68152606   -14.67856316   -10.90108515    -6.35565997    -2.29529500    -1.37779529     2.04044760     4.29651921     5.36478948     7.89315277     8.98935785     8.99055997     8.99143330     8.99315960     8.99367450     8.99424839     8.99430776     8.99454210     8.99466056     8.99499308     8.99515308     8.99533730     8.99561843     8.99593098     8.99615410     8.99664236     8.99780888     9.00126106
   659   -35.02093061   -35.01990988   -35.01843907   -35.01238583   -35.01129330   -14.82900144   -14.73093980   -14.72725045   -14.68131867   -14.67856900   -10.91006523    -6.35939537    -2.24051714    -1.35671128     1.98534846     4.31016777     5.31589585     7.91118200     8.98943515     8.99123631     8.99160832     8.99327389     8.99367837     8.99426766     8.99434701     8.99457841     8.99465800     8.99496358     8.99511998     8.99532519     8.99555979     8.99586438     8.99604339     8.99663775     8.99774974     9.00176321
   660   -35.02079617   -35.01991037   -35.01855613   -35.01235813   -35.01135466   -14.82877726   -14.73101818   -14.72764202   -14.68111446   -14.67857374   -10.91877126    -6.36310259    -2.18536610    -1.33630534     1.92976751     4.32453494     5.26864214     7.92673143     8.98968588     8.99158615     8.99188192     8.99339598     8.99371323     8.99430250     8.99440171     8.99460088     8.99466788     8.99491144     8.99509259     8.99531347     8.99548364     8.99576548     8.99592933     8.99657499     8.99758213     9.00156529
   661   -35.02066467   -35.01990696   -35.01867492   -35.01233096   -35.01141372   -14.82856613   -14.73109541   -14.72802032   -14.68091483   -14.67857613   -10.92719526    -6.36676532    -2.12995185    -1.31658055     1.87377261     4.33958969     5.22305066     7.93962150     8.99011950     8.99185175     8.99223441     8.99353324     8.99378716     8.99434824     8.99446278     8.99461693     8.99469962     8.99485652     8.99506082     8.99529059     8.99539568     8.99564094     8.99580831     8.99644936     8.99731257     9.00080945
   662   -35.02053850   -35.01989828   -35.01879399   -35.01230435   -35.01147029   -14.82836800   -14.73117314   -14.72838290   -14.68072115   -14.67857509   -10.93533002    -6.37036914    -2.07437646    -1.29754007     1.81743599     4.35528912     5.17912878     7.94970196     8.99072596     8.99215141     8.99266203     8.99369997     8.99390321     8.99439376     8.99452861     8.99464359     8.99474375     8.99481139     8.99502472     8.99523707     8.99530897     8.99550524     8.99566870     8.99625874     8.99695330     8.99970272
   663   -35.02042111   -35.01988297   -35.01891095   -35.01227834   -35.01152422   -14.82818253   -14.73125277   -14.72872784   -14.68053463   -14.67856980   -10.94316919    -6.37390168    -2.01873291    -1.27918802     1.76083414     4.37157676     5.13687512     7.95686209     8.99148889     8.99256120     8.99314699     8.99390661     8.99406255     8.99444650     8.99459576     8.99468341     8.99477529     8.99479654     8.99498831     8.99514453     8.99523043     8.99536526     8.99550494     8.99600421     8.99652096     8.99844205
   664   -35.02031766   -35.01985935   -35.01902204   -35.01225299   -35.01157541   -14.82800914   -14.73133545   -14.72905365   -14.68035628   -14.67855976   -10.95070731    -6.37735264    -1.96310541    -1.26153028     1.70404839     4.38838172     5.09628543     7.96104034     8.99239203     8.99312008     8.99366784     8.99415641     8.99426520     8.99452415     8.99466508     8.99472994     8.99477200     8.99482859     8.99495227     8.99504131     8.99513763     8.99521930     8.99531850     8.99569115     8.99603439     8.99718412
   665   -35.02023566   -35.01982510   -35.01912194   -35.01222839   -35.01162382   -14.82784700   -14.73142213   -14.72935922   -14.68018682   -14.67854484   -10.95793986    -6.38071373    -1.90757118    -1.24457513     1.64716645     4.40561850     5.05735787     7.96223251     8.99342442     8.99382894     8.99420366     8.99444727     8.99450848     8.99464148     8.99474168     8.99477942     8.99479162     8.99484790     8.99491125     8.99494754     8.99502121     8.99506247     8.99511475     8.99533060     8.99551236     8.99603460
   666   -35.02018396   -35.01977800   -35.01920397   -35.01220468   -35.01166943   -14.82769513   -14.73151363   -14.72964370   -14.68002670   -14.67852530   -10.96486316    -6.38397846    -1.85220380    -1.22833360     1.59028459     4.42318765     5.02009710     7.96049703     8.99457901     8.99465608     8.99473524     8.99477417     8.99478581     8.99480731     8.99482969     8.99483598     8.99483811     8.99485189     8.99486192     8.99486802     8.99488389     8.99489116     8.99489987     8.99493986     8.99497202     8.99504709
   667   -35.02016816   -35.01971881   -35.01926183   -35.01218203   -35.01171224   -14.82755241   -14.73161059   -14.72990642   -14.67987606   -14.67850175   -10.97147431    -6.38714186    -1.79707779    -1.21281962     1.53351058     4.44097713     4.98451686     7.95595690     8.99422773     8.99443005     8.99454078     8.99467795     8.99470604     8.99473104     8.99478972     8.99481896     8.99484499     8.99490184     8.99491413     8.99493220     8.99502335     8.99508712     8.99513075     8.99524652     8.99555208     8.99584193
   668   -35.02018606   -35.01965266   -35.01929277   -35.01216063   -35.01175232   -14.82741769   -14.73171331   -14.73014706   -14.67973474   -14.67847513   -10.97777100    -6.39020010    -1.74227437    -1.19804971     1.47696713     4.45886433     4.95064106     7.94879781     8.99354477     8.99390705     8.99415486     8.99444951     8.99451087     8.99456866     8.99470657     8.99479373     8.99483499     8.99497882     8.99501534     8.99505550     8.99528091     8.99540191     8.99550926     8.99572691     8.99646637     8.99718102
   669   -35.02022855   -35.01958598   -35.01929969   -35.01214068   -35.01178969   -14.82728983   -14.73182140   -14.73036594   -14.67960234   -14.67844664   -10.98375134    -6.39315003    -1.68788772    -1.18404245     1.42079556     4.47671854     4.91850313     7.93926282     8.99294638     8.99342898     8.99379730     8.99421374     8.99430396     8.99441012     8.99462697     8.99477773     8.99483660     8.99506776     8.99512824     8.99520994     8.99555593     8.99572367     8.99589995     8.99617454     8.99735559     8.99854381
   670   -35.02028392   -35.01952371   -35.01928969   -35.01212239   -35.01182443   -14.82716780   -14.73193339   -14.73056435   -14.67947824   -14.67841761   -10.98941369    -6.39598876    -1.63403180    -1.17081754     1.36515962     4.49440377     4.88814400     7.92764433     8.99238975     8.99301639     8.99347411     8.99397017     8.99408176     8.99427371     8.99455828     8.99476128     8.99486007     8.99516410     8.99524410     8.99539816     8.99581190     8.99604411     8.99629368     8.99659816     8.99818450     8.99986409
   671   -35.02034148   -35.01946886   -35.01927073   -35.01210594   -35.01185658   -14.82705073   -14.73204649   -14.73074483   -14.67936173   -14.67838947   -10.99475646    -6.39871318    -1.58084684    -1.15839472     1.31024898     4.51178171     4.85960893     7.91427405     8.99186208     8.99267362     8.99318421     8.99371565     8.99385520     8.99416865     8.99450258     8.99474764     8.99489884     8.99525964     8.99535877     8.99561174     8.99601964     8.99633482     8.99668964     8.99700997     8.99892430     9.00107138
   672   -35.02039307   -35.01942312   -35.01924965   -35.01209149   -35.01188622   -14.82693796   -14.73215676   -14.73091093   -14.67925203   -14.67836355   -10.99977790    -6.40131961    -1.52850555    -1.14679244     1.25628244     4.52871466     4.83294364     7.89951205     8.99137304     8.99239616     8.99292441     8.99344877     8.99364292     8.99409555     8.99445975     8.99473992     8.99494272     8.99534423     8.99546819     8.99583408     8.99616622     8.99656359     8.99708745     8.99741092     8.99955131     9.00209988
   673   -35.02043308   -35.01938727   -35.01923159   -35.01207914   -35.01191337   -14.82682908   -14.73225973   -14.73106668   -14.67914843   -14.67834108   -11.00447601    -6.40380346    -1.47721839    -1.13602664     1.20351048     4.54506832     4.80819012     7.88373559     8.99093958     8.99218016     8.99269185     8.99318194     8.99345539     8.99405101     8.99443022     8.99473687     8.99498304     8.99540864     8.99556642     8.99603798     8.99625484     8.99672243     8.99746753     8.99779011     9.00004638     9.00289550
   674   -35.02045804   -35.01936148   -35.01922014   -35.01206897   -35.01193807   -14.82672398   -14.73235110   -14.73121591   -14.67905032   -14.67832299   -11.00884839    -6.40615902    -1.42723771    -1.12610949     1.15221718     4.56071419     4.78538268     7.86732848     8.99057904     8.99202313     8.99248271     8.99294010     8.99329755     8.99402996     8.99441509     8.99473447     8.99501338     8.99544605     8.99564615     8.99615705     8.99633446     8.99681749     8.99779413     8.99813642     9.00039512     9.00342057
   675   -35.02046622   -35.01934547   -35.01921746   -35.01206099   -35.01196034   -14.82662279   -14.73242741   -14.73136159   -14.67895732   -14.67830992   -11.01289222    -6.40837937    -1.37886046    -1.11704842     1.10272115     4.57553167     4.76454462     7.85067135     8.99030731     8.99192119     8.99229266     8.99275251     8.99317596     8.99402696     8.99441508     8.99472809     8.99503025     8.99545210     8.99570069     8.99613953     8.99644713     8.99685589     8.99803098     8.99843965     9.00058834     9.00365615
   676   -35.02045739   -35.01933862   -35.01922455   -35.01205515   -35.01198018   -14.82652593   -14.73248644   -14.73150550   -14.67886923   -14.67830216   -11.01660421    -6.41045634    -1.33242910    -1.10884552     1.05537553     4.58940960     4.74568587     7.83413312     8.99013831     8.99186595     8.99212741     8.99264034     8.99309997     8.99403711     8.99442954     8.99471452     8.99503317     8.99542526     8.99572529     8.99605326     8.99652125     8.99684457     8.99815802     8.99868012     9.00062262     9.00360205
   677   -35.02043252   -35.01934006   -35.01924130   -35.01205139   -35.01199757   -14.82643403   -14.73252744   -14.73164804   -14.67878617   -14.67829958   -11.01998065    -6.41238072    -1.28833046    -1.10149725     1.01056657     4.60224740     4.72880182     7.81806387     8.99008366     8.99184226     8.99201183     8.99260962     8.99307905     8.99405655     8.99445599     8.99469381     8.99502365     8.99536787     8.99571732     8.99593532     8.99652041     8.99679231     8.99817161     8.99883031     9.00050078     9.00327510
   678   -35.02039365   -35.01934873   -35.01926665   -35.01204957   -35.01201248   -14.82634792   -14.73255105   -14.73178831   -14.67870849   -14.67830170   -11.02301753    -6.41414240    -1.24699204    -1.09499467     0.96871054     4.61395564     4.71387347     7.80278906     8.99015226     8.99183662     8.99197667     8.99265868     8.99311820     8.99408277     8.99449026     8.99467046     8.99500332     8.99528727     8.99567475     8.99580598     8.99643589     8.99670524     8.99807551     8.99886429     9.00023207     9.00270608
   679   -35.02034362   -35.01936346   -35.01929873   -35.01204957   -35.01202483   -14.82626855   -14.73255921   -14.73192424   -14.67863678   -14.67830774   -11.02571059    -6.41573074    -1.20887526    -1.08932406     0.93024830     4.62445629     4.70086887     7.78860517     8.99034968     8.99187245     8.99202165     8.99278166     8.99321514     8.99411519     8.99452668     8.99465303     8.99497268     8.99519573     8.99559315     8.99568363     8.99628112     8.99658017     8.99787643     8.99876216     8.99983213     9.00193600
   680   -35.02028590   -35.01938298   -35.01933511   -35.01205122   -35.01203458   -14.82619697   -14.73255488   -14.73205288   -14.67857184   -14.67831663   -11.02805555    -6.41713493    -1.17446496    -1.08446800     0.89563688     4.63368250     4.68974576     7.77577649     8.99067751     8.99198597     8.99213954     8.99296696     8.99336164     8.99415637     8.99455868     8.99465133     8.99493199     8.99510775     8.99547782     8.99557442     8.99607967     8.99641342     8.99758348     8.99851202     8.99932179     9.00101216
   681   -35.02022444   -35.01940581   -35.01937300   -35.01205413   -35.01204184   -14.82613421   -14.73254172   -14.73217067   -14.67851457   -14.67832717   -11.03004820    -6.41834440    -1.14425471    -1.08040671     0.86533722     4.64157825     4.68045505     7.76453314     8.99113272     8.99219153     8.99234509     8.99319983     8.99354759     8.99421269     8.99458444     8.99466827     8.99488588     8.99503364     8.99535329     8.99546330     8.99585408     8.99620799     8.99720904     8.99811283     8.99872366     8.99998445
   682   -35.02016351   -35.01943019   -35.01940955   -35.01205743   -35.01204726   -14.82608129   -14.73252371   -14.73227381   -14.67846594   -14.67833810   -11.03168461    -6.41934927    -1.11872746    -1.07711964     0.83979779     4.64809769     4.67294498     7.75506990     8.99170704     8.99249405     8.99265606     8.99346685     8.99376487     8.99429246     8.99461189     8.99469392     8.99484697     8.99497456     8.99523358     8.99534345     8.99562384     8.99597091     8.99677010     8.99757977     8.99805505     8.99890229
   683   -35.02010775   -35.01945381   -35.01944210   -35.01206012   -35.01205163   -14.82603910   -14.73250479   -14.73235860   -14.67842683   -14.67834824   -11.03296132    -6.42014078    -1.09833205    -1.07458708     0.81943405     4.65320451     4.66716547     7.74754572     8.99238670     8.99290282     8.99307592     8.99376046     8.99400881     8.99440075     8.99464857     8.99471912     8.99482818     8.99492757     8.99512253     8.99521592     8.99540419     8.99570999     8.99628888     8.99694673     8.99732300     8.99781205
   684   -35.02006214   -35.01947377   -35.01946829   -35.01206160   -35.01205533   -14.82600839   -14.73248845   -14.73242177   -14.67839790   -14.67835666   -11.03387543    -6.42071164    -1.08345695    -1.07279177     0.80460501     4.65687129     4.66307237     7.74208378     8.99315262     8.99343003     8.99359375     8.99408265     8.99427566     8.99453530     8.99469826     8.99474715     8.99482946     8.99489164     8.99502089     8.99508514     8.99520365     8.99543237     8.99579158     8.99625655     8.99653147     8.99675508
   685   -35.02003182   -35.01948713   -35.01948566   -35.01206174   -35.01205836   -14.82598973   -14.73247747   -14.73246077   -14.67837924   -14.67836310   -11.03442478    -6.42105641    -1.07440376    -1.07172028     0.79558924     4.65907889     4.66063117     7.73877169     8.99398149     8.99408186     8.99419223     8.99444331     8.99455912     8.99468809     8.99476438     8.99478946     8.99483942     8.99486681     8.99492956     8.99495993     8.99502154     8.99514420     8.99530488     8.99554773     8.99569399     8.99576503
   686   -35.02002113   -35.01949188   -35.01949176   -35.01206062   -35.01206054   -14.82598347   -14.73247396   -14.73247358   -14.67836927   -14.67836902   -11.03460805    -6.42117170    -1.07136410    -1.07136409     0.79256373     4.65981650     4.65981947     7.73766186     8.99485109     8.99485109     8.99485109     8.99485109     8.99485109     8.99485109     8.99485109     8.99485109     8.99485109     8.99485109     8.99485109     8.99485109     8.99485109     8.99485109     8.99485109     8.99485109     8.99485109     8.99485109
   687   -35.02002800   -35.01949390   -35.01948209   -35.01206059   -35.01206009   -14.82597887   -14.73247831   -14.73245792   -14.67837401   -14.67836979   -11.03444037    -6.42112202    -1.07439380    -1.07167311     0.79557877     4.65897478     4.66078822     7.73857977     8.99227672     8.99345622     8.99406887     8.99431388     8.99449607     8.99455848     8.99463468     8.99473760     8.99482798     8.99485054     8.99488420     8.99503250     8.99510302     8.99516758     8.99530001     8.99555564     8.99622298     8.99746726
   688   -35.02004728   -35.01949403   -35.01946049   -35.01206041   -35.01205878   -14.82596602   -14.73247130   -14.73243115   -14.67838865   -14.67837162   -11.03393618    -6.42096734    -1.08323814    -1.07278649     0.80456212     4.65656704     4.66358017     7.74131409     8.98989348     8.99214402     8.99317923     8.99371809     8.99412987     8.99422923     8.99440332     8.99454648     8.99475102     8.99482804     8.99489360     8.99517042     8.99531348     8.99542885     8.99567661     8.99617518     8.99747054     8.99997474
   689   -35.02007565   -35.01949373   -35.01942922   -35.01205996   -35.01205662   -14.82594776   -14.73245302   -14.73239370   -14.67841276   -14.67837479   -11.03309245    -6.42069132    -1.09777950    -1.07465215     0.81933410     4.65259344     4.66820481     7.74580854     8.98783720     8.99101609     8.99216344     8.99314166     8.99377665     8.99387673     8.99416917     8.99433193     8.99461782     8.99478549     8.99491394     8.99527989     8.99548182     8.99563090     8.99598703     8.99668247     8.99850437     9.00223528
   690   -35.02010944   -35.01949322   -35.01939239   -35.01205907   -35.01205364   -14.82592848   -14.73242432   -14.73234551   -14.67844599   -14.67837943   -11.03190437    -6.42026878    -1.11774151    -1.07728063     0.83961275     4.64710965     4.67462377     7.75197597     8.98622095     8.99016158     8.99108307     8.99264313     8.99345846     8.99353683     8.99394284     8.99415570     8.99446442     8.99474042     8.99493860     8.99537994     8.99560785     8.99577478     8.99622121     8.99705045     8.99925358     9.00413528
   691   -35.02014542   -35.01949254   -35.01935393   -35.01205755   -35.01204985   -14.82591356   -14.73238674   -14.73228606   -14.67848787   -14.67838568   -11.03036578    -6.41966846    -1.14277085    -1.08068507     0.86503630     4.64019070     4.68278863     7.75970734     8.98512996     8.98964578     8.99006006     8.99226293     8.99318952     8.99328016     8.99374802     8.99404827     8.99433184     8.99470473     8.99495929     8.99547396     8.99569591     8.99587120     8.99636612     8.99726298     8.99967087     9.00559569
   692   -35.02018097   -35.01949174   -35.01931726   -35.01205515   -35.01204529   -14.82590883   -14.73234217   -14.73221453   -14.67853794   -14.67839366   -11.02846967    -6.41885654    -1.17246387    -1.08487825     0.89518824     4.63192795     4.69264629     7.76888194     8.98461713     8.98917150     8.98955897     8.99205272     8.99298944     8.99317653     8.99360207     8.99401293     8.99425208     8.99468533     8.99496898     8.99553378     8.99576164     8.99595289     8.99641622     8.99732100     8.99973568     9.00657870
   693   -35.02021388   -35.01949084   -35.01928531   -35.01205168   -35.01204003   -14.82591990   -14.73229240   -14.73213019   -14.67859575   -14.67840344   -11.02620882    -6.41780043    -1.20639149    -1.08986998     0.92962124     4.62242634     4.70414452     7.77937704     8.98468410     8.98861300     8.98983885     8.99206784     8.99291621     8.99323201     8.99350642     8.99402026     8.99426155     8.99468240     8.99496513     8.99550855     8.99582785     8.99605359     8.99639438     8.99724995     8.99945591     9.00709129
   694   -35.02024219   -35.01948988   -35.01926062   -35.01204694   -35.01203416   -14.82595149   -14.73223869   -14.73203270   -14.67866098   -14.67841499   -11.02357656    -6.41647258    -1.24411964    -1.09566451     0.96787722     4.61180190     4.71723741     7.79107426     8.98521116     8.98851254     8.99051624     8.99232537     8.99298773     8.99343539     8.99346823     8.99403941     8.99437391     8.99469474     8.99495062     8.99540096     8.99589187     8.99605780     8.99643054     8.99712803     8.99886964     9.00718638
   695   -35.02026412   -35.01948889   -35.01924534   -35.01204079   -35.01202779   -14.82600696   -14.73218167   -14.73192216   -14.67873338   -14.67842814   -11.02056749    -6.41485379    -1.28522427    -1.10225823     1.00950255     4.60017989     4.73189009     7.80386047     8.98585228     8.98921267     8.99151880     8.99277233     8.99310731     8.99353833     8.99376781     8.99411757     8.99453118     8.99473882     8.99491999     8.99526456     8.99586725     8.99593379     8.99649026     8.99717625     8.99805691     9.00696287
   696   -35.02027801   -35.01948790   -35.01924125   -35.01203313   -35.01202105   -14.82608793   -14.73212142   -14.73179896   -14.67881287   -14.67844260   -11.01717822    -6.41293579    -1.32930064    -1.10963808     1.05405807     4.58769356     4.74808217     7.81762165     8.98634096     8.99084886     8.99265120     8.99310267     8.99334919     8.99383759     8.99407740     8.99439618     8.99464763     8.99482880     8.99487465     8.99520564     8.99559284     8.99585376     8.99651766     8.99709699     8.99758285     9.00656462
   697   -35.02028239   -35.01948692   -35.01924964   -35.01202395   -35.01201409   -14.82619416   -14.73205766   -14.73166352   -14.67889949   -14.67845796   -11.01340797    -6.41072275    -1.37596801    -1.11778080     1.10112498     4.57448364     4.76580939     7.83222951     8.98681719     8.99253617     8.99313015     8.99346973     8.99409616     8.99439219     8.99447771     8.99453961     8.99476315     8.99488274     8.99500787     8.99524744     8.99532903     8.99557991     8.99649618     8.99702037     8.99794463     9.00617169
   698   -35.02027613   -35.01948599   -35.01927125   -35.01201328   -35.01200706   -14.82632365   -14.73198987   -14.73151625   -14.67899341   -14.67847367   -11.00925901    -6.40823163    -1.42487089    -1.12665329     1.15030745     4.56069833     4.78508338     7.84752213     8.98741788     8.99258653     8.99326676     8.99394601     8.99407576     8.99451006     8.99456841     8.99482402     8.99498202     8.99513323     8.99523393     8.99540338     8.99547997     8.99617178     8.99711562     8.99809492     8.99831666     9.00596349
   699   -35.02025857   -35.01948513   -35.01930611   -35.01200124   -35.01200009   -14.82647292   -14.73191739   -14.73135745   -14.67909485   -14.67848913   -11.00473689    -6.40549126    -1.47567837    -1.13621399     1.20123316     4.54649366     4.80592935     7.86328203     8.98815211     8.99235205     8.99296255     8.99335485     8.99389989     8.99437591     8.99452025     8.99481349     8.99509176     8.99520776     8.99557861     8.99576598     8.99600243     8.99702326     8.99832337     8.99859405     9.00042302     9.00606027
   700   -35.02022992   -35.01948445   -35.01935324   -35.01199350   -35.01198775   -14.82663750   -14.73183948   -14.73118733   -14.67920408   -14.67850372   -10.99985038    -6.40254029    -1.52808269    -1.14641534     1.25355257     4.53203399     4.82838192     7.87921567     8.98893581     8.99187601     8.99245412     8.99306661     8.99375800     8.99425536     8.99445430     8.99477490     8.99508992     8.99532204     8.99572874     8.99614174     8.99644601     8.99745803     8.99880275     8.99993996     9.00258351     9.00656848
   701   -35.02019171   -35.01948443   -35.01940991   -35.01198719   -35.01197319   -14.82681247   -14.73175537   -14.73100600   -14.67932133   -14.67851683   -10.99461118    -6.39942409    -1.58179804    -1.15720683     1.30693752     4.51749243     4.85247961     7.89493913     8.98958896     8.99129628     8.99233235     8.99280157     8.99363661     8.99421385     8.99440329     8.99471085     8.99506601     8.99541593     8.99584013     8.99632173     8.99679191     8.99781972     8.99921876     9.00125728     9.00376302     9.00760998
   702   -35.02014795   -35.01949146   -35.01946506   -35.01198134   -35.01195759   -14.82699315   -14.73166431   -14.73081359   -14.67944675   -14.67852800   -10.98903331    -6.39619108    -1.63656022    -1.16853850     1.36107952     4.50305105     4.87825848     7.90997400     8.98987676     8.99106097     8.99234445     8.99264750     8.99353785     8.99421539     8.99431794     8.99471388     8.99505692     8.99547082     8.99597473     8.99641429     8.99706425     8.99812607     8.99951349     9.00235220     9.00396838     9.00874463
   703   -35.02010735   -35.01953800   -35.01947701   -35.01197599   -35.01194112   -14.82717554   -14.73156558   -14.73061026   -14.67958035   -14.67853690   -10.98313233    -6.39288856    -1.69212723    -1.18036430     1.41568786     4.48890085     4.90574561     7.92375633     8.98990995     8.99111815     8.99225834     8.99279989     8.99344860     8.99417594     8.99430453     8.99474550     8.99508988     8.99550662     8.99612173     8.99653307     8.99723144     8.99831841     8.99961790     9.00314133     9.00366282     9.00932930
   704   -35.02008669   -35.01957577   -35.01947694   -35.01197113   -35.01192389   -14.82735687   -14.73145858   -14.73039622   -14.67972201   -14.67854341   -10.97692436    -6.38955874    -1.74828088    -1.19264500     1.47048756     4.47524126     4.93495323     7.93565953     8.99003685     8.99124977     8.99218686     8.99307328     8.99339414     8.99414047     8.99437427     8.99474310     8.99512608     8.99552157     8.99615861     8.99666915     8.99726302     8.99844253     8.99950769     9.00281988     9.00389199     9.00909639
   705   -35.02010681   -35.01957301   -35.01947565   -35.01196674   -35.01190603   -14.82753578   -14.73134289   -14.73017175   -14.67987145   -14.67854762   -10.97042505    -6.38623524    -1.80482890    -1.20535028     1.52521717     4.46227949     4.96587407     7.94502989     8.99036815     8.99141701     8.99222430     8.99331975     8.99343608     8.99418058     8.99445800     8.99471725     8.99511728     8.99550211     8.99604796     8.99663090     8.99713429     8.99852407     8.99921145     9.00193893     9.00431094     9.00803731
   706   -35.02017301   -35.01952455   -35.01947314   -35.01196272   -35.01188761   -14.82771243   -14.73121826   -14.72993718   -14.68002823   -14.67854986   -10.96364852    -6.38294036    -1.86160717    -1.21845975     1.57962628     4.45022932     4.99847848     7.95123160     8.99087038     8.99161520     8.99239433     8.99341468     8.99367037     8.99429246     8.99452916     8.99468621     8.99504556     8.99544825     8.99579646     8.99640804     8.99684429     8.99824172     8.99889841     9.00103380     9.00459265     9.00635385
   707   -35.02027190   -35.01947572   -35.01943773   -35.01195896   -35.01186870   -14.82788836   -14.73108478   -14.72969286   -14.68019181   -14.67855063   -10.95660651    -6.37968358    -1.91848129    -1.23196286     1.63347304     4.43930962     5.03271368     7.95369564     8.99136332     8.99186651     8.99269216     8.99346111     8.99394058     8.99441967     8.99456649     8.99468288     8.99492327     8.99534046     8.99551732     8.99611786     8.99643690     8.99746240     8.99849663     9.00018831     9.00401562     9.00518529
   708   -35.02038950   -35.01947142   -35.01933894   -35.01195530   -35.01184932   -14.82806619   -14.73094277   -14.72943909   -14.68036159   -14.67855058   -10.94930770    -6.37646139    -1.97534701    -1.24585777     1.68652176     4.42974239     5.06850520     7.95196614     8.99140752     8.99227368     8.99311801     8.99346244     8.99414786     8.99448523     8.99462753     8.99472391     8.99484715     8.99517207     8.99532818     8.99579121     8.99599216     8.99648708     8.99786217     8.99905991     9.00247316     9.00532277
   709   -35.02051721   -35.01946824   -35.01922927   -35.01195158   -35.01182949   -14.82824919   -14.73079290   -14.72917610   -14.68053696   -14.67855045   -10.94175738    -6.37325855    -2.03212901    -1.26014920     1.73854078     4.42175016     5.10576052     7.94573724     8.99093930     8.99261892     8.99343391     8.99354855     8.99414487     8.99450955     8.99464011     8.99473188     8.99491296     8.99501122     8.99505763     8.99526389     8.99567417     8.99588069     8.99681396     8.99804115     9.00152565     9.00551594
   710   -35.02065003   -35.01946468   -35.01911573   -35.01194763   -35.01180917   -14.82844079   -14.73063604   -14.72890404   -14.68071740   -14.67855095   -10.93395747    -6.37005059    -2.08877775    -1.27484578     1.78930111     4.41555297     5.14437447     7.93487468     8.99021597     8.99255363     8.99314989     8.99345629     8.99366774     8.99408823     8.99444354     8.99468043     8.99484403     8.99495945     8.99514023     8.99519167     8.99559717     8.99578823     8.99614418     8.99771933     9.00083744     9.00563863
   711   -35.02078485   -35.01946058   -35.01900209   -35.01194326   -35.01178830   -14.82864414   -14.73047325   -14.72862296   -14.68090249   -14.67855271   -10.92590701    -6.36680757    -2.14526435    -1.28995685     1.83857595     4.41136459     5.18423587     7.91941863     8.98945709     8.99130730     8.99247939     8.99315413     8.99357875     8.99376929     8.99424489     8.99466860     8.99482051     8.99496037     8.99517699     8.99542795     8.99557948     8.99606204     8.99629641     8.99769655     9.00015122     9.00563519
   712   -35.02091957   -35.01945591   -35.01889087   -35.01193832   -35.01176679   -14.82886164   -14.73030562   -14.72833289   -14.68109198   -14.67855619   -10.91760286    -6.36349852    -2.20157370    -1.30548945     1.88614153     4.40938846     5.22523490     7.89956743     8.98876765     8.99021944     8.99192393     8.99275401     8.99335538     8.99381390     8.99418430     8.99464870     8.99476208     8.99497206     8.99524051     8.99543194     8.99580696     8.99625451     8.99674848     8.99777766     8.99942897     9.00545753
   713   -35.02105277   -35.01945072   -35.01878378   -35.01193266   -35.01174449   -14.82909472   -14.73013416   -14.72803385   -14.68128577   -14.67856160   -10.90904071    -6.36009619    -2.25769651    -1.32144537     1.93177924     4.40981325     5.26727042     7.87564491     8.98830685     8.98975800     8.99153032     8.99248702     8.99316491     8.99387894     8.99420895     8.99462099     8.99470479     8.99494613     8.99535107     8.99543836     8.99594384     8.99646330     8.99706736     8.99780666     8.99873824     9.00506556
   714   -35.02118345   -35.01944512   -35.01868194   -35.01192615   -35.01172120   -14.82934365   -14.72995968   -14.72772594   -14.68148393   -14.67856887   -10.90021630    -6.35658170    -2.31362082    -1.33781881     1.97527907     4.41280867     5.31025652     7.84805676     8.98828192     8.98979140     8.99139543     8.99239677     8.99309014     8.99392154     8.99425490     8.99460045     8.99470035     8.99491132     8.99538927     8.99551392     8.99598107     8.99659113     8.99714692     8.99760740     8.99826361     9.00442973
   715   -35.02131086   -35.01943930   -35.01858606   -35.01191869   -35.01169669   -14.82960758   -14.72978267   -14.72740940   -14.68168661   -14.67857763   -10.89112646    -6.35294840    -2.36932397    -1.35459479     2.01644416     4.41852179     5.35412764     7.81724213     8.98873198     8.99019155     8.99153593     8.99249931     8.99313880     8.99397745     8.99429049     8.99458449     8.99477319     8.99487992     8.99539044     8.99557227     8.99594306     8.99653524     8.99689552     8.99732991     8.99799432     9.00353247
   716   -35.02143448   -35.01943351   -35.01849652   -35.01191022   -35.01167064   -14.82988476   -14.72960323   -14.72708463   -14.68189405   -14.67858722   -10.88177014    -6.34920464    -2.42476592    -1.37174835     2.05509596     4.42707440     5.39884186     7.78362716     8.98956805     8.99086714     8.99192303     8.99278239     8.99330759     8.99406505     8.99433451     8.99457284     8.99485255     8.99489200     8.99537195     8.99556324     8.99584495     8.99620770     8.99658610     8.99708786     8.99766953     9.00236855
   717   -35.02155390   -35.01942804   -35.01841356   -35.01190070   -35.01164273   -14.83017278   -14.72942106   -14.72675228   -14.68210644   -14.67859672   -10.87214916    -6.34537499    -2.47988472    -1.38924476     2.09107952     4.43856175     5.44438193     7.74758587     8.99066615     8.99172867     8.99249921     8.99320369     8.99358542     8.99419264     8.99440582     8.99457412     8.99484870     8.99497034     8.99532707     8.99548146     8.99569216     8.99582820     8.99627301     8.99675426     8.99722437     9.00094463
   718   -35.02166881   -35.01942319   -35.01833725   -35.01189012   -35.01161259   -14.83046897   -14.72923547   -14.72641316   -14.68232390   -14.67860505   -10.86226851    -6.34149970    -2.53459468    -1.40704055     2.12426828     4.45305281     5.49075396     7.70941256     8.99191686     8.99268912     8.99319510     8.99370085     8.99394912     8.99436183     8.99450896     8.99460760     8.99484168     8.99498302     8.99523814     8.99532751     8.99547195     8.99554247     8.99590018     8.99629580     8.99667746     8.99927809
   719   -35.02177899   -35.01941928   -35.01826766   -35.01187849   -35.01157987   -14.83077081   -14.72904546   -14.72606834   -14.68254641   -14.67861106   -10.85213645    -6.33763253    -2.58878760    -1.42508543     2.15456784     4.47059202     5.53798385     7.66930792     8.99323715     8.99367721     8.99394439     8.99422161     8.99435729     8.99456756     8.99464344     8.99468977     8.99483759     8.99494127     8.99509027     8.99511736     8.99521330     8.99525987     8.99547504     8.99570391     8.99602224     8.99739547
   720   -35.02188432   -35.01941660   -35.01820479   -35.01186584   -35.01154426   -14.83107622   -14.72884987   -14.72571896   -14.68277376   -14.67861362   -10.84176413    -6.33383693    -2.64233694    -1.44332482     2.18191825     4.49120210     5.58611189     7.62737970     8.99456188     8.99464305     8.99469045     8.99473886     8.99476390     8.99479815     8.99480999     8.99481830     8.99484688     8.99486981     8.99489633     8.99489991     8.99492060     8.99492703     8.99497313     8.99501316     8.99511269     8.99533075
   721   -35.02198480   -35.01941537   -35.01814862   -35.01185220   -35.01150550   -14.83138387   -14.72864749   -14.72536630   -14.68300559   -14.67861176   -10.83116495    -6.33018114    -2.69510456    -1.46170272     2.20629470     4.51488728     5.63518598     7.58365686     8.99312332     8.99370165     8.99426755     8.99440825     8.99458916     8.99460186     8.99467195     8.99470067     8.99478041     8.99487005     8.99497101     8.99500221     8.99503639     8.99514358     8.99522891     8.99538915     8.99555337     8.99583488
   722   -35.02208056   -35.01941576   -35.01809905   -35.01183761   -35.01146346   -14.83169329   -14.72843726   -14.72501155   -14.68324137   -14.67860475   -10.82035376    -6.32673272    -2.74694906    -1.48016481     2.22770659     4.54163608     5.68525410     7.53811511     8.99081308     8.99158248     8.99349250     8.99384577     8.99425185     8.99429916     8.99443109     8.99453387     8.99468743     8.99489622     8.99512090     8.99519617     8.99526674     8.99547728     8.99566764     8.99600825     8.99638306     8.99700662
   723   -35.02217188   -35.01941782   -35.01805595   -35.01182214   -35.01141816   -14.83200487   -14.72821844   -14.72465581   -14.68348046   -14.67859219   -10.80934596    -6.32355303    -2.79773509    -1.49866124     2.24619517     4.57142264     5.73635683     7.49071046     8.98835523     8.98871784     8.99271473     8.99334520     8.99391338     8.99402676     8.99421044     8.99440305     8.99460733     8.99491096     8.99524248     8.99536412     8.99547994     8.99572600     8.99604973     8.99652070     8.99710593     8.99803509
   724   -35.02225914   -35.01942150   -35.01801910   -35.01180582   -35.01136971   -14.83231973   -14.72799072   -14.72429995   -14.68372221   -14.67857410   -10.79815662    -6.32069249    -2.84734205    -1.51714904     2.26183021     4.60420586     5.78852058     7.44141681     8.98465822     8.98618425     8.99197671     8.99293955     8.99358465     8.99377229     8.99405226     8.99431205     8.99454833     8.99490169     8.99532053     8.99548582     8.99565376     8.99586777     8.99637643     8.99690354     8.99768760     8.99888473
   725   -35.02234280   -35.01942663   -35.01798823   -35.01178870   -35.01131842   -14.83263948   -14.72775433   -14.72394454   -14.68396597   -14.67855086   -10.78679992    -6.31818711    -2.89567143    -1.53559384     2.27470600     4.63992550     5.84175218     7.39026321     8.97984060     8.98388901     8.99133322     8.99263958     8.99327293     8.99355178     8.99397106     8.99426158     8.99450553     8.99486154     8.99535506     8.99554450     8.99571803     8.99596160     8.99663738     8.99714670     8.99808872     8.99952160
   726   -35.02242331   -35.01943294   -35.01796305   -35.01177084   -35.01126465   -14.83296591   -14.72751004   -14.72358980   -14.68421123   -14.67852324   -10.77528874    -6.31605681    -2.94265176    -1.55397078     2.28493702     4.67849497     5.89603526     7.33736682     8.97406005     8.98171646     8.99084151     8.99244192     8.99299136     8.99338615     8.99395991     8.99424678     8.99446682     8.99479298     8.99535261     8.99551990     8.99566012     8.99603973     8.99682629     8.99725930     8.99827858     8.99991008
   727   -35.02250111   -35.01944008   -35.01794327   -35.01175230   -35.01120885   -14.83330067   -14.72725914   -14.72323560   -14.68445766   -14.67849237   -10.76363470    -6.31430565    -2.98824043    -1.57226458     2.29265385     4.71979092     5.95132875     7.28295799     8.96730807     8.97971128     8.99054876     8.99233453     8.99276354     8.99327256     8.99400154     8.99425119     8.99443611     8.99470770     8.99530966     8.99540638     8.99557735     8.99603657     8.99693949     8.99727802     8.99824481     9.00001989
   728   -35.02257649   -35.01944764   -35.01792863   -35.01173315   -35.01115148   -14.83364494   -14.72700327   -14.72288149   -14.68470511   -14.67845954   -10.75184852    -6.31292415    -3.03242233    -1.59046873     2.29799909     4.76363990     6.00756760     7.22739515     8.95954925     8.97792170     8.99047554     8.99228697     8.99263245     8.99318624     8.99406955     8.99422819     8.99446773     8.99462341     8.99519422     8.99528722     8.99549706     8.99592296     8.99690690     8.99730820     8.99798932     8.99984615
   729   -35.02264966   -35.01945514   -35.01791894   -35.01171349   -35.01109290   -14.83399923   -14.72674430   -14.72252680   -14.68495366   -14.67842620   -10.73994072    -6.31189325    -3.07520545    -1.60858405     2.30112387     4.80980313     6.06466548     7.17116812     8.95071621     8.97639237     8.99059019     8.99223855     8.99266427     8.99312265     8.99411273     8.99419724     8.99446665     8.99467139     8.99504330     8.99517888     8.99541872     8.99572754     8.99667779     8.99738398     8.99754422     8.99943597
   730   -35.02272067   -35.01946212   -35.01791404   -35.01169344   -35.01103343   -14.83436320   -14.72648408   -14.72217078   -14.68520360   -14.67839371   -10.72792248    -6.31118942    -3.11661391    -1.62661668     2.30218456     4.85796052     6.12251922     7.11489025     8.94070638     8.97516187     8.99076927     8.99218609     8.99284668     8.99316539     8.99406573     8.99418406     8.99442666     8.99486098     8.99491305     8.99507272     8.99531029     8.99553287     8.99629327     8.99682524     8.99756548     8.99890019
   731   -35.02278949   -35.01946812   -35.01791379   -35.01167317   -35.01097321   -14.83473567   -14.72622427   -14.72181267   -14.68545532   -14.67836328   -10.71580660    -6.31079037    -3.15667953    -1.64457584     2.30134005     4.90769532     6.18101443     7.05928067     8.92938419     8.97426058     8.99080826     8.99216160     8.99309688     8.99342282     8.99398261     8.99409025     8.99443561     8.99476729     8.99493364     8.99506814     8.99517297     8.99544922     8.99572850     8.99621783     8.99768264     8.99837138
   732   -35.02285607   -35.01947270   -35.01791800   -35.01165289   -35.01091228   -14.83511470   -14.72596611   -14.72145191   -14.68570930   -14.67833583   -10.70360837    -6.31068037    -3.19543284    -1.66247142     2.29874920     4.95848130     6.24003178     7.00513921     8.91658828     8.97370910     8.99060479     8.99217093     8.99315713     8.99346832     8.99387306     8.99406926     8.99436724     8.99470817     8.99484967     8.99499272     8.99517586     8.99536746     8.99557920     8.99591461     8.99776364     8.99795209
   733   -35.02292037   -35.01947548   -35.01792639   -35.01163287   -35.01085055   -14.83549777   -14.72571031   -14.72108820   -14.68596600   -14.67831184   -10.69134617    -6.31085469    -3.23289485    -1.68031177     2.29456884     5.00967392     6.29945321     6.95331706     8.90214322     8.97351691     8.99018549     8.99202436     8.99238253     8.99340530     8.99372898     8.99418300     8.99446780     8.99459297     8.99480806     8.99492921     8.99540962     8.99546324     8.99575522     8.99604929     8.99765354     8.99785744
   734   -35.02298246   -35.01947611   -35.01793850   -35.01161345   -35.01078787   -14.83588211   -14.72545700   -14.72072162   -14.68622577   -14.67829133   -10.67904179    -6.31132227    -3.26907053    -1.69810184     2.28895204     5.06050780     6.35916768     6.90468616     8.88587528     8.97368161     8.98949506     8.99106835     8.99239536     8.99337245     8.99362412     8.99405887     8.99433575     8.99456849     8.99467541     8.99495209     8.99551861     8.99571196     8.99629440     8.99647999     8.99767984     8.99788213
   735   -35.02304252   -35.01947434   -35.01795371   -35.01159501   -35.01072408   -14.83626497   -14.72520576   -14.72035265   -14.68648879   -14.67827383   -10.66672029    -6.31210642    -3.30394487    -1.71584168     2.28204672     5.11010225     6.41907562     6.86010979     8.86763189     8.97418882     8.98852982     8.99044780     8.99254011     8.99321562     8.99358121     8.99393838     8.99423357     8.99449926     8.99461478     8.99492276     8.99557069     8.99587627     8.99674318     8.99699831     8.99777909     8.99822023
   736   -35.02310088   -35.01946995   -35.01797117   -35.01157796   -35.01065908   -14.83664395   -14.72495567   -14.71998215   -14.68675498   -14.67825839   -10.65440951    -6.31324328    -3.33748186    -1.73352555     2.27399478     5.15747726     6.47909205     6.82041577     8.84730405     8.97501270     8.98762486     8.99013524     8.99272513     8.99297661     8.99358424     8.99386751     8.99418464     8.99446841     8.99467876     8.99485198     8.99559115     8.99592841     8.99694002     8.99752329     8.99774425     8.99887930
   737   -35.02315801   -35.01946282   -35.01798989   -35.01156276   -35.01059290   -14.83701727   -14.72470549   -14.71961130   -14.68702402   -14.67824369   -10.64213917    -6.31477818    -3.36962659    -1.75114160     2.26493149     5.20158223     6.53914787     6.78637184     8.82484919     8.97611705     8.98705256     8.99001634     8.99276247     8.99293851     8.99360837     8.99381093     8.99422471     8.99447373     8.99473527     8.99488083     8.99558022     8.99591984     8.99699933     8.99752841     8.99808558     8.99945297
   738   -35.02321443   -35.01945287   -35.01800876   -35.01154986   -35.01052574   -14.83738393   -14.72445387   -14.71924153   -14.68729530   -14.67822808   -10.62993972    -6.31676042    -3.40030994    -1.76867209     2.25498530     5.24133933     6.59918944     6.75866190     8.80031164     8.97745704     8.98693325     8.99006198     8.99264146     8.99315940     8.99359633     8.99384941     8.99433084     8.99451417     8.99470007     8.99504598     8.99554600     8.99587568     8.99693443     8.99737971     8.99836999     8.99981781
   739   -35.02327070   -35.01944007   -35.01802665   -35.01153968   -35.01045799   -14.83774383   -14.72419950   -14.71887440   -14.68756798   -14.67820979   -10.61784104    -6.31923695    -3.42945522    -1.78609410     2.24427792     5.27570184     6.65917626     6.73786124     8.77383706     8.97898129     8.98729178     8.99026345     8.99262942     8.99336952     8.99361402     8.99397656     8.99440247     8.99458230     8.99476528     8.99514463     8.99549401     8.99582658     8.99676149     8.99718922     8.99844320     8.99992723
   740   -35.02332728   -35.01942449   -35.01804251   -35.01153259   -35.01039024   -14.83809774   -14.72394132   -14.71851144   -14.68784105   -14.67818706   -10.60587107    -6.32224597    -3.45698564    -1.80338067     2.23292448     5.30372469     6.71906434     6.72442337     8.74567824     8.98063435     8.98806031     8.99061290     8.99272593     8.99356118     8.99373301     8.99413778     8.99443957     8.99462768     8.99493521     8.99513977     8.99541742     8.99579695     8.99653055     8.99692451     8.99833163     8.99976688
   741   -35.02338446   -35.01940621   -35.01805551   -35.01152886   -35.01032326   -14.83844710   -14.72367867   -14.71815410   -14.68811339   -14.67815829   -10.59405466    -6.32581115    -3.48283167    -1.82050221     2.22103376     5.32463925     6.71858258     6.77887432     8.71619078     8.98235916     8.98904408     8.99111296     8.99293457     8.99377243     8.99390428     8.99431005     8.99449904     8.99467983     8.99495686     8.99517926     8.99534717     8.99572783     8.99628212     8.99657626     8.99814726     8.99934966
   742   -35.02344229   -35.01938541   -35.01806511   -35.01152867   -35.01025790   -14.83879385   -14.72341139   -14.71780358   -14.68838385   -14.67812218   -10.58241269    -6.32993734    -3.50693712    -1.83742805     2.20870828     5.33791978     6.72049197     6.83853240     8.68581877     8.98409946     8.98989356     8.99176761     8.99328056     8.99392628     8.99410894     8.99448113     8.99460678     8.99474058     8.99487757     8.99517388     8.99534759     8.99556025     8.99603523     8.99619724     8.99808858     8.99873133
   743   -35.02350051   -35.01936230   -35.01807114   -35.01153204   -35.01019508   -14.83914011   -14.72313981   -14.71746084   -14.68865137   -14.67807786   -10.57096162    -6.33460834    -3.52926320    -1.85412798     2.19604422     5.34332677     6.73006255     6.89802743     8.65507224     8.98580188     8.99034970     8.99236109     8.99369938     8.99394574     8.99423153     8.99465351     8.99472396     8.99479671     8.99495473     8.99507650     8.99521316     8.99534372     8.99580486     8.99608436     8.99792920     8.99845735
   744   -35.02355856   -35.01933715   -35.01807387   -35.01153883   -35.01013563   -14.83948788   -14.72286476   -14.71712650   -14.68891501   -14.67802493   -10.55971363    -6.33978709    -3.54979016    -1.87057367     2.18313103     5.34091647     6.74707272     6.95732036     8.62449876     8.98741783     8.99047642     8.99259759     8.99345409     8.99416112     8.99427121     8.99457173     8.99472604     8.99486034     8.99486826     8.99499675     8.99513173     8.99551076     8.99567417     8.99638944     8.99729432     8.99919520
   745   -35.02361552   -35.01931032   -35.01807398   -35.01154876   -35.01008029   -14.83983880   -14.72258748   -14.71680088   -14.68917408   -14.67796352   -10.54867727    -6.34541816    -3.56851642    -1.88673990     2.17005095     5.33101478     6.77119255     7.01635911     8.59465252     8.98890392     8.99041312     8.99235123     8.99307435     8.99380568     8.99425001     8.99431311     8.99456669     8.99485029     8.99490652     8.99500093     8.99533916     8.99555289     8.99592592     8.99674186     8.99706942     9.00028398
   746   -35.02367026   -35.01928218   -35.01807250   -35.01156139   -35.01002958   -14.84019386   -14.72230949   -14.71648403   -14.68942812   -14.67789422   -10.53785878    -6.35143230    -3.58545555    -1.90260539     2.15687830     5.31416409     6.80203484     7.07507562     8.56606416     8.99012757     8.99036274     8.99171565     8.99276767     8.99317735     8.99401489     8.99430007     8.99452052     8.99484770     8.99492645     8.99499251     8.99543937     8.99563637     8.99602077     8.99696152     8.99746025     9.00138354
   747   -35.02372147   -35.01925317   -35.01807073   -35.01157615   -35.00998381   -14.84055332   -14.72203241   -14.71617583   -14.68967695   -14.67781806   -10.52726375    -6.35775222    -3.60063187    -1.91815334     2.14367895     5.29105638     6.83919933     7.13338437     8.53921446     8.99005436     8.99104540     8.99140049     8.99238492     8.99271015     8.99387452     8.99430936     8.99447645     8.99482930     8.99489930     8.99501939     8.99540944     8.99576253     8.99606745     8.99713564     8.99794800     9.00220833
   748   -35.02376777   -35.01922375   -35.01807013   -35.01159237   -35.00994301   -14.84091665   -14.72175788   -14.71587603   -14.68992065   -14.67773634   -10.51689906    -6.36429893    -3.61407544    -1.93337156     2.13050985     5.26246587     6.88229793     7.19118232     8.51451459     8.98987480     8.99058851     8.99196235     8.99240604     8.99252214     8.99380689     8.99431166     8.99447202     8.99481175     8.99486974     8.99503724     8.99535630     8.99575089     8.99618431     8.99720497     8.99830564     9.00258940
   749   -35.02380793   -35.01919438   -35.01807211   -35.01160933   -35.00990696   -14.84128257   -14.72148735   -14.71558437   -14.69015953   -14.67765052   -10.50677488    -6.37099768    -3.62581738    -1.94825229     2.11741904     5.22918944     6.93095601     7.24835022     8.49229509     8.98973849     8.99049317     8.99182688     8.99252406     8.99316857     8.99377893     8.99433514     8.99450890     8.99480264     8.99484731     8.99503483     8.99528418     8.99565373     8.99628037     8.99714357     8.99844306     9.00245149
   750   -35.02384093   -35.01916554   -35.01807790   -35.01162627   -35.00987528   -14.84164920   -14.72122200   -14.71530067   -14.69039405   -14.67756208   -10.49690631    -6.37778265    -3.63588617    -1.96279169     2.10444600     5.19199829     6.98479096     7.30475502     8.47280471     8.98983909     8.99072585     8.99191482     8.99273595     8.99374607     8.99381662     8.99439223     8.99456823     8.99480098     8.99483408     8.99501277     8.99519918     8.99551916     8.99628491     8.99694347     8.99831681     9.00179185
   751   -35.02386612   -35.01913764   -35.01808837   -35.01164249   -35.00984741   -14.84201422   -14.72096269   -14.71502488   -14.69062475   -14.67747234   -10.48731461    -6.38460001    -3.64430564    -1.97698909     2.09162250     5.15160112     7.04337366     7.36025335     8.45622013     8.99031582     8.99124201     8.99225069     8.99309624     8.99390968     8.99418377     8.99447931     8.99463769     8.99480305     8.99483236     8.99497622     8.99510961     8.99537071     8.99616723     8.99661211     8.99791513     9.00066607
   752   -35.02388333   -35.01911106   -35.01810394   -35.01165733   -35.00982276   -14.84237512   -14.72070991   -14.71475710   -14.69085221   -14.67738236   -10.47802775    -6.39140882    -3.65109470    -1.99084613     2.07897390     5.10861785     7.10618036     7.41469549     8.44266605     8.99120538     8.99202700     8.99281093     8.99356064     8.99410164     8.99446430     8.99459252     8.99470852     8.99480880     8.99483990     8.99493424     8.99502337     8.99521984     8.99591876     8.99617106     8.99725415     8.99917519
   753   -35.02389289   -35.01908614   -35.01812450   -35.01167025   -35.00980076   -14.84272943   -14.72046379   -14.71449761   -14.69107692   -14.67729284   -10.46908017    -6.39818004    -3.65626867    -2.00436579     2.06652072     5.06356315     7.17254199     7.46792986     8.43224496     8.99248139     8.99305336     8.99355495     8.99408278     8.99437062     8.99464344     8.99471597     8.99477387     8.99482105     8.99484971     8.99489595     8.99494562     8.99506950     8.99554858     8.99565318     8.99637518     8.99745147
   754   -35.02389564   -35.01906314   -35.01814934   -35.01168087   -35.00978094   -14.84307488   -14.72022416   -14.71424685   -14.69129925   -14.67720404   -10.46051186    -6.40489380    -3.65984206    -2.01755143     2.05428037     5.01683934     7.24159735     7.51980742     8.42507430     8.99407119     8.99426897     8.99443254     8.99461863     8.99469627     8.99478827     8.99481547     8.99482963     8.99484060     8.99485309     8.99486425     8.99487817     8.99491867     8.99508087     8.99509853     8.99534073     8.99564297
   755   -35.02389289   -35.01904225   -35.01817725   -35.01168893   -35.00976299   -14.84340961   -14.71999060   -14.71400534   -14.69151939   -14.67711581   -10.45236685    -6.41153554    -3.66183188    -2.03040597     2.04226881     4.96873843     7.31225622     7.57018599     8.42132717     8.99389777     8.99422890     8.99454601     8.99455545     8.99476597     8.99481867     8.99483399     8.99484640     8.99486494     8.99487504     8.99489086     8.99492984     8.99504615     8.99513093     8.99538842     8.99559905     8.99586599
   756   -35.02388631   -35.01902361   -35.01820657   -35.01169434   -35.00974680   -14.84373226   -14.71976257   -14.71377367   -14.69173731   -14.67702761   -10.44469123    -6.41809166    -3.66226105    -2.04293115     2.03050198     4.91945268     7.38317911     7.61893396     8.42127002     8.99234910     8.99312651     8.99399733     8.99405500     8.99461072     8.99475907     8.99480101     8.99483696     8.99488951     8.99490963     8.99495401     8.99507115     8.99537864     8.99559286     8.99636592     8.99695332     8.99773152
   757   -35.02387781   -35.01900732   -35.01823535   -35.01169713   -35.00973247   -14.84404199   -14.71953948   -14.71355239   -14.69195279   -14.67693861   -10.43753102    -6.42454527    -3.66116102    -2.05512697     2.01899679     4.86909282     7.45278350     7.66593357     8.42528625     8.99110214     8.99212161     8.99347329     8.99363937     8.99445233     8.99469168     8.99477100     8.99483104     8.99491070     8.99493296     8.99500762     8.99520333     8.99565067     8.99598787     8.99731038     8.99823520     8.99952034
   758   -35.02386934   -35.01899345   -35.01826156   -35.01169745   -35.00972027   -14.84433846   -14.71932078   -14.71334201   -14.69216539   -14.67684777   -10.43093003    -6.43087261    -3.65857328    -2.06699137     2.00777166     4.81771179     7.51929113     7.71108332     8.43386866     8.99022271     8.99129710     8.99301835     8.99333178     8.99428937     8.99461916     8.99474925     8.99482930     8.99492688     8.99494613     8.99504860     8.99530440     8.99583399     8.99630403     8.99817192     8.99935209     9.00108557
   759   -35.02386277   -35.01898200   -35.01828321   -35.01169555   -35.00971062   -14.84462176   -14.71910604   -14.71314295   -14.69237452   -14.67675400   -10.42492810    -6.43704054    -3.65454914    -2.07852006     1.99684650     4.76533173     7.58083518     7.75429975     8.44755917     8.98972596     8.99072788     8.99266903     8.99314153     8.99412045     8.99455131     8.99473816     8.99482973     8.99493743     8.99495171     8.99507350     8.99533461     8.99593332     8.99652996     8.99890694     9.00022569     9.00229535
   760   -35.02385973   -35.01897299   -35.01829861   -35.01169170   -35.00970401   -14.84489226   -14.71889505   -14.71295550   -14.69257948   -14.67665631   -10.41955962    -6.44300517    -3.64914799    -2.08970659     1.98624227     4.71197105     7.63564030     7.79551844     8.46681953     8.98956284     8.99048360     8.99244990     8.99305830     8.99394994     8.99449914     8.99473878     8.99483027     8.99494060     8.99495338     8.99507933     8.99524790     8.99598455     8.99665846     8.99947755     9.00080185     9.00304767
   761   -35.02386141   -35.01896641   -35.01830652   -35.01168619   -35.00970088   -14.84515046   -14.71868784   -14.71277980   -14.69277949   -14.67655393   -10.41485277    -6.44871174    -3.64243411    -2.10054259     1.97598014     4.65766842     7.68226075     7.83469423     8.49184475     8.98962729     8.99061050     8.99236937     8.99304133     8.99380274     8.99447152     8.99474966     8.99482941     8.99493430     8.99495044     8.99500862     8.99510284     8.99601309     8.99669233     8.99984693     9.00105928     9.00328722
   762   -35.02386854   -35.01896222   -35.01830625   -35.01167928   -35.00970163   -14.84539687   -14.71848472   -14.71261590   -14.69297381   -14.67644644   -10.41082929    -6.45409554    -3.63447247    -2.11101814     1.96608048     4.60250120     7.71981255     7.87180079     8.52238024     8.98982808     8.99103374     8.99241616     8.99301483     8.99373912     8.99447297     8.99473176     8.99476622     8.99484728     8.99492868     8.99495227     8.99507693     8.99601055     8.99664727     8.99996638     9.00101347     9.00303198
   763   -35.02388127   -35.01896034   -35.01829777   -35.01167118   -35.00970648   -14.84563182   -14.71828624   -14.71246372   -14.69316173   -14.67633381   -10.40750501    -6.45908361    -3.62532437    -2.12112221     1.95656184     4.54659594     7.74810121     7.90682941     8.55763830     8.99009608     8.99145510     8.99256601     8.99300368     8.99377351     8.99450305     8.99460050     8.99477627     8.99485376     8.99491732     8.99494907     8.99506301     8.99595365     8.99655208     8.99975331     9.00069601     9.00243286
   764   -35.02390684   -35.01896251   -35.01826589   -35.01166932   -35.00971427   -14.84564015   -14.71823146   -14.71246179   -14.69315348   -14.67633566   -10.40748699    -6.46115611    -3.62238862    -2.12112123     1.95551153     4.54408663     7.74703235     7.90673918     8.56035372     8.98968327     8.99143900     8.99193795     8.99353270     8.99389470     8.99434420     8.99453595     8.99479713     8.99491362     8.99519189     8.99544237     8.99573961     8.99627690     8.99657105     8.99967664     9.00083012     9.00220621
   765   -35.02392813   -35.01896137   -35.01825040   -35.01165432   -35.00972532   -14.84602875   -14.71790235   -14.71221374   -14.69347128   -14.67613883   -10.40260735    -6.46893334    -3.60562317    -2.13794736     1.93989250     4.44803004     7.78829940     7.96497596     8.62189366     8.99038325     8.99187723     8.99239535     8.99373381     8.99402732     8.99443408     8.99457015     8.99480986     8.99489345     8.99511930     8.99536256     8.99558697     8.99603216     8.99628926     8.99892878     8.99989245     9.00102629
   766   -35.02394394   -35.01896048   -35.01823423   -35.01163890   -35.00974192   -14.84641084   -14.71757154   -14.71196940   -14.69379249   -14.67594377   -10.39815394    -6.47646932    -3.58778699    -2.15449236     1.92447712     4.35169907     7.83082121     8.02330354     8.67941586     8.99128642     8.99245844     8.99294372     8.99396282     8.99420551     8.99453414     8.99461615     8.99481555     8.99488138     8.99504449     8.99526151     8.99541290     8.99575074     8.99597256     8.99802998     8.99877511     8.99965617
   767   -35.02395385   -35.01895972   -35.01821738   -35.01162305   -35.00976406   -14.84678682   -14.71723865   -14.71172859   -14.69411717   -14.67575138   -10.39410437    -6.48376984    -3.56887266    -2.17075104     1.90926010     4.25536478     7.87465676     8.08164893     8.73246147     8.99236113     8.99316749     8.99355482     8.99422510     8.99441287     8.99463955     8.99467725     8.99481895     8.99487485     8.99497175     8.99513998     8.99522743     8.99544849     8.99562454     8.99702001     8.99752410     8.99813875
   768   -35.02395758   -35.01895896   -35.01819975   -35.01160676   -35.00979176   -14.84715722   -14.71690337   -14.71149128   -14.69444491   -14.67556240   -10.39043516    -6.49083938    -3.54886758    -2.18671645     1.89423900     4.15925854     7.91988188     8.13991768     8.78066894     8.99356561     8.99397707     8.99420003     8.99452265     8.99463240     8.99474538     8.99475644     8.99482850     8.99486678     8.99490574     8.99500080     8.99503904     8.99514302     8.99524879     8.99594384     8.99619550     8.99652089
   769   -35.02395501   -35.01895812   -35.01818117   -35.01159007   -35.00982500   -14.84752259   -14.71656550   -14.71125758   -14.69477486   -14.67537737   -10.38712250    -6.49768206    -3.52775638    -2.20238005     1.87941545     4.06357150     7.96657918     8.19799139     8.82378057     8.99485109     8.99485109     8.99485109     8.99485109     8.99485109     8.99485109     8.99485109     8.99485109     8.99485109     8.99485109     8.99485109     8.99485109     8.99485109     8.99485109     8.99485109     8.99485109     8.99485109
   770   -35.02394615   -35.01895715   -35.01816142   -35.01157307   -35.00986377   -14.84788346   -14.71622505   -14.71102772   -14.69510579   -14.67519661   -10.38414289    -6.50430236    -3.50552414    -2.21773184     1.86479582     3.96845625     8.01482625     8.25572606     8.86164374     8.99317801     8.99355284     8.99379646     8.99444033     8.99458687     8.99466040     8.99470332     8.99480890     8.99482661     8.99489108     8.99494490     8.99496841     8.99506016     8.99520102     8.99548137     8.99574820     8.99616603
   771   -35.02393114   -35.01895602   -35.01814025   -35.01155590   -35.00990811   -14.84824021   -14.71588225   -14.71080204   -14.69543612   -14.67502022   -10.38147364    -6.51070589    -3.48215993    -2.23276069     1.85039134     3.87403059     8.06468276     8.31295116     8.89420467     8.99154931     8.99235762     8.99284221     8.99402842     8.99435966     8.99446459     8.99456958     8.99476271     8.99480967     8.99495071     8.99502968     8.99510006     8.99525443     8.99556034     8.99606744     8.99662552     8.99746233
   772   -35.02391025   -35.01895471   -35.01811742   -35.01153874   -35.00995807   -14.84859307   -14.71553765   -14.71058097   -14.69576413   -14.67484812   -10.37909326    -6.51689970    -3.45766044    -2.24745469     1.83621769     3.78038272     8.11617725     8.36946991     8.92148967     8.99001050     8.99131363     8.99206443     8.99362970     8.99416497     8.99427572     8.99445726     8.99469519     8.99481691     8.99503022     8.99510425     8.99524179     8.99543216     8.99591634     8.99659061     8.99744218     8.99870477
   773   -35.02388381   -35.01895324   -35.01809271   -35.01152179   -35.01001374   -14.84894210   -14.71519208   -14.71036498   -14.69608800   -14.67468002   -10.37698164    -6.52289247    -3.43203346    -2.26180159     1.82229399     3.68757783     8.16929431     8.42506076     8.94356357     8.98860366     8.99045924     8.99156695     8.99326001     8.99396588     8.99413729     8.99437047     8.99460908     8.99484701     8.99512705     8.99517101     8.99538721     8.99559642     8.99625744     8.99703849     8.99816252     8.99988760
   774   -35.02385224   -35.01895161   -35.01806596   -35.01150530   -35.01007524   -14.84928716   -14.71484665   -14.71015455   -14.69640595   -14.67451553   -10.37512013    -6.52869434    -3.40530073    -2.27578923     1.80864141     3.59566512     8.22396306     8.47948009     8.96044843     8.98736639     8.98982312     8.99150449     8.99293582     8.99374254     8.99407035     8.99430725     8.99452551     8.99489786     8.99521763     8.99525445     8.99552685     8.99576126     8.99657469     8.99740708     8.99875813     9.00106874
   775   -35.02381598   -35.01894983   -35.01803707   -35.01148951   -35.01014269   -14.84962795   -14.71450269   -14.70995013   -14.69671640   -14.67435417   -10.37349146    -6.53431651    -3.37749997    -2.28940602     1.79528142     3.50468504     8.28004785     8.53246639     8.97205055     8.98633142     8.98942188     8.99203672     8.99267862     8.99351003     8.99404546     8.99423419     8.99452794     8.99497822     8.99527623     8.99538509     8.99564562     8.99597025     8.99686311     8.99770441     8.99920751     9.00243435
   776   -35.02377550   -35.01894788   -35.01800605   -35.01147468   -35.01021624   -14.84996410   -14.71416169   -14.70975210   -14.69701795   -14.67419546   -10.37207961    -6.53977063    -3.34868593    -2.30264132     1.78223403     3.41467601     8.33734168     8.58374562     8.97857372     8.98552717     8.98925502     8.99243938     8.99295685     8.99329859     8.99399909     8.99414695     8.99467468     8.99513165     8.99533268     8.99554835     8.99572919     8.99632214     8.99712132     8.99795534     8.99949174     9.00429176
   777   -35.02373125   -35.01894576   -35.01797299   -35.01146103   -35.01029598   -14.85029514   -14.71382525   -14.70956072   -14.69730955   -14.67403897   -10.37086962    -6.54506807    -3.31893019    -2.31548578     1.76951596     3.32568038     8.39556317     8.63303782     8.98151754     8.98498004     8.98930459     8.99232675     8.99302149     8.99356369     8.99387825     8.99412268     8.99479003     8.99530866     8.99540186     8.99573283     8.99577679     8.99678680     8.99733522     8.99817940     8.99959016     9.00656172
   778   -35.02368366   -35.01894340   -35.01793811   -35.01144874   -35.01038195   -14.85062065   -14.71349492   -14.70937616   -14.69759043   -14.67388433   -10.36984744    -6.55021913    -3.28831990    -2.32793169     1.75713915     3.23774904     8.45435738     8.68006472     8.98279981     8.98471713     8.98954116     8.99227536     8.99282138     8.99365935     8.99389098     8.99413721     8.99483144     8.99538965     8.99547772     8.99579373     8.99589038     8.99708413     8.99745449     8.99830708     8.99948941     9.00843166
   779   -35.02363307   -35.01894074   -35.01790173   -35.01143796   -35.01047414   -14.85094027   -14.71317216   -14.70919842   -14.69786015   -14.67373135   -10.36899970    -6.55523234    -3.25695548    -2.33997312     1.74510965     3.15094472     8.51330061     8.72455802     8.98346268     8.98475709     8.98992905     8.99228522     8.99264816     8.99352239     8.99404094     8.99417554     8.99484612     8.99543319     8.99550343     8.99580123     8.99600478     8.99720096     8.99747047     8.99825537     8.99920077     9.00925718
   780   -35.02357978   -35.01893769   -35.01786426   -35.01142877   -35.01057239   -14.85125373   -14.71285822   -14.70902740   -14.69811856   -14.67357997   -10.36831367    -6.56011389    -3.22494753    -2.35160605     1.73342692     3.06534370     8.57190921     8.76626825     8.98395379     8.98507283     8.99042895     8.99233070     8.99253356     8.99340638     8.99414400     8.99423828     8.99485768     8.99543855     8.99548648     8.99580964     8.99608182     8.99718115     8.99742562     8.99804076     8.99876241     9.00894692
   781   -35.02352398   -35.01893413   -35.01782624   -35.01142122   -35.01067646   -14.85156093   -14.71255411   -14.70886285   -14.69836578   -14.67343032   -10.36777712    -6.56486727    -3.19241321    -2.36282835     1.72208382     2.98103613     8.62965203     8.80497355     8.98450032     8.98560159     8.99099918     8.99234480     8.99254502     8.99334431     8.99421732     8.99430731     8.99487409     8.99535398     8.99549493     8.99581439     8.99611969     8.99705111     8.99731812     8.99773069     8.99823010     9.00770834
   782   -35.02346577   -35.01892994   -35.01778828   -35.01141525   -35.01078591   -14.85186186   -14.71226050   -14.70870446   -14.69860212   -14.67328269   -10.36737833    -6.56949314    -3.15947255    -2.37363977     1.71106704     2.89812510     8.68596597     8.84048831     8.98520418     8.98630544     8.99159524     8.99235310     8.99266459     8.99335221     8.99428697     8.99436585     8.99488549     8.99523746     8.99549560     8.99580499     8.99611418     8.99684593     8.99706481     8.99742761     8.99767541     9.00584594
   783   -35.02340513   -35.01892501   -35.01775111   -35.01141080   -35.01090019   -14.85215665   -14.71197773   -14.70855184   -14.69882807   -14.67313753   -10.36710608    -6.57398945    -3.12624493    -2.38404169     1.70035803     2.81672477     8.74027398     8.87267108     8.98609699     8.98717100     8.99214986     8.99245809     8.99283407     8.99343405     8.99436051     8.99441835     8.99486779     8.99512930     8.99547739     8.99577388     8.99606040     8.99658122     8.99665838     8.99706896     8.99726031     9.00366850
   784   -35.02334195   -35.01891922   -35.01771550   -35.01140773   -35.01101853   -14.85244548   -14.71170578   -14.70840458   -14.69904425   -14.67299538   -10.36694969    -6.57835185    -3.09284623    -2.39403698     1.68993433     2.73695800     8.79200457     8.90143141     8.98718062     8.98818917     8.99248823     8.99281891     8.99306145     8.99358355     8.99443614     8.99447109     8.99480993     8.99505312     8.99543626     8.99571494     8.99594931     8.99621335     8.99626848     8.99662551     8.99698261     9.00144755
   785   -35.02327603   -35.01891248   -35.01768232   -35.01140588   -35.01114004   -14.85272853   -14.71144426   -14.70826228   -14.69925138   -14.67285687   -10.36689901    -6.58257424    -3.05938673    -2.40362966     1.67977105     2.65895373     8.84061191     8.92673542     8.98844406     8.98934639     8.99276829     8.99322648     8.99339604     8.99379237     8.99449651     8.99453455     8.99475075     8.99499350     8.99536911     8.99562012     8.99572798     8.99587798     8.99591519     8.99623687     8.99666787     8.99939834
   786   -35.02320708   -35.01890475   -35.01765249   -35.01140507   -35.01126364   -14.85300591   -14.71119246   -14.70812462   -14.69945032   -14.67272264   -10.36694445    -6.58664946    -3.02597019    -2.41282459     1.66984238     2.58284472     8.88559558     8.94860960     8.98986919     8.99062222     8.99314019     8.99358136     8.99378690     8.99405012     8.99453199     8.99461303     8.99473571     8.99493250     8.99527394     8.99540990     8.99549966     8.99557990     8.99565635     8.99587545     8.99629335     8.99767227
   787   -35.02313474   -35.01889600   -35.01762697   -35.01140513   -35.01138812   -14.85327757   -14.71094932   -14.70799135   -14.69964203   -14.67259331   -10.36707694    -6.59057003    -2.99269393    -2.42162715     1.66012292     2.50876587     8.92651894     8.96714284     8.99143248     8.99198892     8.99361790     8.99396892     8.99414835     8.99432817     8.99458295     8.99469295     8.99476283     8.99487652     8.99514934     8.99516887     8.99527911     8.99533266     8.99541880     8.99551647     8.99585438     8.99635590
   788   -35.02305864   -35.01888625   -35.01760676   -35.01151215   -35.01140587   -14.85354329   -14.71071353   -14.70786236   -14.69982767   -14.67246943   -10.36728782    -6.59432888    -2.95965008    -2.43004292     1.65058860     2.43685332     8.96302531     8.98248631     8.99310493     8.99341197     8.99419433     8.99439688     8.99449654     8.99459317     8.99468889     8.99477082     8.99480553     8.99484650     8.99498381     8.99500786     8.99504112     8.99511045     8.99514918     8.99516339     8.99534796     8.99546852
   789   -35.02297836   -35.01887558   -35.01759286   -35.01163434   -35.01140715   -14.85380255   -14.71048349   -14.70773764   -14.70000855   -14.67235144   -10.36756877    -6.59792000    -2.92692770    -2.43807729     1.64121708     2.36724456     8.99485109     8.99485109     8.99485109     8.99485109     8.99485109     8.99485109     8.99485109     8.99485109     8.99485109     8.99485109     8.99485109     8.99485109     8.99485109     8.99485109     8.99485109     8.99485109     8.99485109     8.99485109     8.99485109     8.99485109
   790   -35.02289350   -35.01886410   -35.01758628   -35.01175326   -35.01140885   -14.85405457   -14.71025743   -14.70761733   -14.70018619   -14.67223962   -10.36791169    -6.60133887    -2.89461555    -2.44573522     1.63198741     2.30007961     8.99425144     8.99443893     8.99451344     8.99456167     8.99462634     8.99469103     8.99475662     8.99476055     8.99486026     8.99490286     8.99496062     8.99505314     8.99511905     8.99523158     8.99531066     8.99556099     8.99626180     8.99662802     9.00450322     9.02183539
   791   -35.02280370   -35.01885197   -35.01758794   -35.01186752   -35.01141087   -14.85429830   -14.71003349   -14.70750169   -14.70036229   -14.67213415   -10.36830852    -6.60458273    -2.86280513    -2.45302094     1.62287897     2.23550299     8.99363229     8.99402086     8.99416342     8.99426765     8.99442639     8.99454213     8.99469301     8.99476973     8.99485915     8.99495337     8.99512646     8.99531061     8.99537200     8.99566367     8.99575641     8.99629107     8.99759726     8.99838457     9.01175558     9.04392564
   792   -35.02270865   -35.01883939   -35.01759869   -35.01197582   -35.01141316   -14.85453241   -14.70980977   -14.70739109   -14.70053864   -14.67203503   -10.36875111    -6.60765069    -2.83159370    -2.45993776     1.61386958     2.17366649     8.99300875     8.99351230     8.99385441     8.99398273     8.99423361     8.99440591     8.99464406     8.99476230     8.99489140     8.99499994     8.99531883     8.99553796     8.99568813     8.99610055     8.99622424     8.99700671     8.99881042     9.00006204     9.01695571     9.06117901
   793   -35.02260813   -35.01882657   -35.01761924   -35.01207701   -35.01141571   -14.85475544   -14.70958454   -14.70728595   -14.70071706   -14.67194213   -10.36923117    -6.61054351    -2.80108677    -2.46648785     1.60493295     2.11473220     8.99240338     8.99287582     8.99359961     8.99371822     8.99405266     8.99428342     8.99457969     8.99473549     8.99492485     8.99505363     8.99547487     8.99566276     8.99610691     8.99644082     8.99678134     8.99767585     8.99985632     9.00159670     9.02046828     9.07375968
   794   -35.02250204   -35.01881372   -35.01765012   -35.01217014   -35.01141853   -14.85496582   -14.70935634   -14.70718676   -14.70089921   -14.67185524   -10.36974015    -6.61326331    -2.77139996    -2.47267218     1.59603573     2.05887551     8.99183752     8.99207590     8.99339873     8.99348517     8.99389094     8.99417506     8.99448724     8.99472707     8.99490959     8.99511660     8.99550499     8.99579454     8.99649124     8.99673378     8.99735754     8.99827169     9.00069457     9.00292421     9.02265161     9.08193217
   795   -35.02239041   -35.01880110   -35.01769162   -35.01225451   -35.01142163   -14.85516200   -14.70912417   -14.70709401   -14.70108642   -14.67177407   -10.37026930    -6.61581311    -2.74265976    -2.47849045     1.58713465     2.00628734     8.99103815     8.99136234     8.99323143     8.99331085     8.99375528     8.99407953     8.99438806     8.99472017     8.99484337     8.99517227     8.99544012     8.99592607     8.99669765     8.99707494     8.99788596     8.99877315     9.00129197     9.00398564     9.02382994     9.08605112
   796   -35.02227346   -35.01878889   -35.01774376   -35.01232971   -35.01142505   -14.85534258   -14.70888761   -14.70700814   -14.70127956   -14.67169831   -10.37080966    -6.61819623    -2.71500320    -2.48394109     1.57817472     1.95717455     8.98977902     8.99095338     8.99306466     8.99322871     8.99365111     8.99399470     8.99430600     8.99464628     8.99479062     8.99520776     8.99536181     8.99600943     8.99675166     8.99740740     8.99831065     8.99916368     9.00162533     9.00473369     9.02426707     9.08654802
   797   -35.02215157   -35.01877731   -35.01780626   -35.01239562   -35.01142880   -14.85550640   -14.70864696   -14.70692952   -14.70147882   -14.67162764   -10.37135220    -6.62041577    -2.68857639    -2.48902128     1.56909014     1.91175704     8.98829707     8.99065185     8.99291362     8.99321776     8.99358186     8.99392334     8.99425685     8.99450534     8.99478548     8.99521349     8.99529852     8.99602083     8.99670853     8.99765875     8.99859173     8.99943006     9.00168471     9.00513822     9.02415010     9.08391568
   798   -35.02202539   -35.01876652   -35.01787850   -35.01245239   -35.01143289   -14.85565267   -14.70840331   -14.70685842   -14.70168362   -14.67156182   -10.37188796    -6.62247408    -2.66353209    -2.49372713     1.55981012     1.87025924     8.98669066     8.99046045     8.99278492     8.99326247     8.99354851     8.99387868     8.99424505     8.99438334     8.99478384     8.99517811     8.99524923     8.99595148     8.99659291     8.99779610     8.99870852     8.99956269     9.00147677     9.00518973     9.02358941     9.07869097
   799   -35.02189581   -35.01875664   -35.01795951   -35.01250042   -35.01143729   -14.85578101   -14.70815859   -14.70679499   -14.70189253   -14.67150070   -10.37240823    -6.62437231    -2.64002640    -2.49805376     1.55027283     1.83289327     8.98510847     8.99037561     8.99268333     8.99334983     8.99355050     8.99387825     8.99426664     8.99431013     8.99477498     8.99509578     8.99520378     8.99581198     8.99642140     8.99779565     8.99865986     8.99955746     9.00102847     9.00490053     9.02263385     9.07143683
   800   -35.02176405   -35.01874776   -35.01804794   -35.01254033   -35.01144195   -14.85589151   -14.70791551   -14.70673922   -14.70210322   -14.67144421   -10.37290471    -6.62611013    -2.61821500    -2.50199555     1.54044939     1.79983180     8.98372094     8.99038353     8.99261815     8.99346122     8.99359150     8.99393075     8.99428630     8.99431650     8.99475383     8.99496593     8.99515371     8.99563358     8.99620440     8.99763582     8.99846441     8.99941685     9.00039003     9.00430322     9.02129365     9.06272392
   801   -35.02163170   -35.01873994   -35.01814204   -35.01257287   -35.01144676   -14.85598472   -14.70767753   -14.70669097   -14.70231251   -14.67139242   -10.37336965    -6.62768563    -2.59824917    -2.50554629     1.53037688     1.77117202     8.98269077     8.99045969     8.99260065     8.99356876     8.99368480     8.99403060     8.99430658     8.99438256     8.99469922     8.99481276     8.99509967     8.99545053     8.99595249     8.99730306     8.99815683     8.99914801     8.99963514     9.00344721     9.01956301     9.05311283
   802   -35.02150080   -35.01873319   -35.01823959   -35.01259887   -35.01145160   -14.85606161   -14.70744876   -14.70664997   -14.70251646   -14.67134551   -10.37379605    -6.62909537    -2.58027197    -2.50869952     1.52019200     1.74689955     8.98215235     8.99056992     8.99264037     8.99366935     8.99381555     8.99416216     8.99435349     8.99445260     8.99455184     8.99473355     8.99504363     8.99527612     8.99568691     8.99682032     8.99777057     8.99873071     8.99887939     9.00239379     9.01743759     9.04313689
   803   -35.02137395   -35.01872750   -35.01833784   -35.01261922   -35.01145632   -14.85612352   -14.70723385   -14.70661584   -14.70271046   -14.67130374   -10.37417771    -6.63033461    -2.56441487    -2.51144867     1.51014999     1.72686742     8.98220041     8.99067609     8.99274382     8.99378197     8.99392701     8.99430015     8.99436994     8.99444295     8.99451259     8.99470833     8.99498551     8.99511260     8.99544497     8.99627280     8.99732410     8.99803174     8.99834061     9.00121075     9.01492610     9.03328595
   804   -35.02125437   -35.01872283   -35.01843342   -35.01263476   -35.01146073   -14.85617198   -14.70703787   -14.70658810   -14.70288932   -14.67126746   -10.37450931    -6.63139770    -2.55079497    -2.51378743     1.50061437     1.71080518     8.98288554     8.99075457     8.99291577     8.99390684     8.99393514     8.99432566     8.99442537     8.99447413     8.99457380     8.99473776     8.99491855     8.99499154     8.99525759     8.99577387     8.99683285     8.99732541     8.99780145     8.99996717     9.01205691     9.02399076
   805   -35.02114602   -35.01871912   -35.01852225   -35.01264629   -35.01146466   -14.85620867   -14.70686622   -14.70656628   -14.70304746   -14.67123707   -10.37478641    -6.63227854    -2.53951298    -2.51570992     1.49201517     1.69836006     8.98421475     8.99083610     8.99316053     8.99384427     8.99405227     8.99435132     8.99449306     8.99459597     8.99465598     8.99478983     8.99485386     8.99492910     8.99512123     8.99539216     8.99632504     8.99668654     8.99722047     8.99872888     9.00888073     9.01560747
   806   -35.02105359   -35.01871632   -35.01859957   -35.01265450   -35.01146793   -14.85623520   -14.70672450   -14.70654990   -14.70317906   -14.67121294   -10.37500548    -6.63297115    -2.53065195    -2.51721100     1.48478983     1.68915629     8.98615520     8.99104805     8.99348044     8.99382551     8.99420257     8.99442226     8.99460423     8.99470122     8.99473307     8.99480326     8.99484434     8.99489325     8.99502204     8.99513498     8.99584284     8.99611752     8.99661580     8.99755473     9.00547056     9.00840182
   807   -35.02098222   -35.01871436   -35.01866018   -35.01265994   -35.01147038   -14.85625300   -14.70661816   -14.70653853   -14.70327840   -14.67119542   -10.37516382    -6.63347016    -2.52427657    -2.51828639     1.47932678     1.68285205     8.98864015     8.99161032     8.99387327     8.99397124     8.99437299     8.99453635     8.99470751     8.99477780     8.99478168     8.99481192     8.99485109     8.99488125     8.99495120     8.99498137     8.99542580     8.99561843     8.99600734     8.99649381     9.00191848     9.00253458
   808   -35.02093688   -35.01871321   -35.01869908   -35.01266304   -35.01147191   -14.85626320   -14.70655206   -14.70653185   -14.70334040   -14.67118479   -10.37525957    -6.63377137    -2.52043294    -2.51893293     1.47592478     1.67918101     8.99157615     8.99278832     8.99431038     8.99433466     8.99458233     8.99467478     8.99478787     8.99481482     8.99482427     8.99484120     8.99484759     8.99487351     8.99489186     8.99490499     8.99509517     8.99519482     8.99541359     8.99558390     8.99803823     8.99834332
   809   -35.02092130   -35.01871290   -35.01871245   -35.01266404   -35.01147243   -14.85626652   -14.70652965   -14.70652961   -14.70336151   -14.67118122   -10.37529162    -6.63387207    -2.51914868    -2.51914865     1.47476981     1.67797621     8.99485109     8.99485109     8.99485109     8.99485109     8.99485109     8.99485109     8.99485109     8.99485109     8.99485109     8.99485109     8.99485109     8.99485109     8.99485109     8.99485109     8.99485109     8.99485109     8.99485109     8.99485109     8.99485109     8.99485109
